SEASON_ID,Player_ID,Game_ID,GAME_DATE,MATCHUP,WL,MIN,FGM,FGA,FG_PCT,FG3M,FG3A,FG3_PCT,FTM,FTA,FT_PCT,OREB,DREB,REB,AST,STL,BLK,TOV,PF,PTS,PLUS_MINUS,VIDEO_AVAILABLE,SEASON,SEASON_TYPE,PLAYER_ID,PLAYER_NAME
22018,1627734,0021800005,2018-10-17,IND vs. MEM,W,29,7,11,0.636,0,0,0.0,0,2,0.0,6,9,15,2,0,0,3,3,14,26,1,2018-19,Regular Season,1627734,Domantas Sabonis
22018,1627734,0021800023,2018-10-19,IND @ MIL,L,22,4,6,0.667,0,0,0.0,4,4,1.0,6,7,13,2,1,0,3,3,12,-16,1,2018-19,Regular Season,1627734,Domantas Sabonis
22018,1627734,0021800043,2018-10-22,IND @ MIN,L,17,3,8,0.375,0,0,0.0,2,3,0.667,4,3,7,1,0,1,1,2,8,-9,1,2018-19,Regular Season,1627734,Domantas Sabonis
22018,1627734,0021800058,2018-10-24,IND @ SAS,W,21,7,9,0.778,1,1,1.0,1,1,1.0,3,7,10,4,2,1,0,4,16,32,1,2018-19,Regular Season,1627734,Domantas Sabonis
22018,1627734,0021800077,2018-10-27,IND @ CLE,W,21,6,9,0.667,0,0,0.0,3,3,1.0,1,4,5,1,0,0,2,0,15,3,1,2018-19,Regular Season,1627734,Domantas Sabonis
22018,1627734,0021800087,2018-10-29,IND vs. POR,L,24,2,3,0.667,0,0,0.0,2,3,0.667,0,8,8,2,2,1,2,2,6,-18,1,2018-19,Regular Season,1627734,Domantas Sabonis
22018,1627734,0021800105,2018-10-31,IND @ NYK,W,21,12,12,1.0,0,0,0.0,6,7,0.857,3,6,9,3,0,2,6,6,30,6,1,2018-19,Regular Season,1627734,Domantas Sabonis
22018,1627734,0021800120,2018-11-02,IND @ CHI,W,21,1,4,0.25,0,0,0.0,7,8,0.875,1,2,3,1,1,1,1,3,9,-4,1,2018-19,Regular Season,1627734,Domantas Sabonis
22018,1627734,0021800127,2018-11-03,IND vs. BOS,W,27,5,8,0.625,0,0,0.0,2,2,1.0,2,7,9,5,0,0,1,5,12,-2,1,2018-19,Regular Season,1627734,Domantas Sabonis
22018,1627734,0021800141,2018-11-05,IND vs. HOU,L,30,7,9,0.778,0,0,0.0,3,4,0.75,1,7,8,5,0,0,1,0,17,3,1,2018-19,Regular Season,1627734,Domantas Sabonis
22018,1627734,0021800157,2018-11-07,IND vs. PHI,L,32,7,14,0.5,0,1,0.0,2,2,1.0,3,8,11,3,0,1,1,2,16,9,1,2018-19,Regular Season,1627734,Domantas Sabonis
22018,1627734,0021800170,2018-11-09,IND @ MIA,W,24,6,7,0.857,0,0,0.0,5,8,0.625,2,9,11,1,0,1,2,4,17,-12,1,2018-19,Regular Season,1627734,Domantas Sabonis
22018,1627734,0021800185,2018-11-11,IND @ HOU,L,22,4,4,1.0,0,0,0.0,3,6,0.5,1,5,6,2,0,1,4,3,11,0,1,2018-19,Regular Season,1627734,Domantas Sabonis
22018,1627734,0021800217,2018-11-16,IND vs. MIA,W,25,7,10,0.7,0,0,0.0,1,1,1.0,0,12,12,3,0,0,3,4,15,21,1,2018-19,Regular Season,1627734,Domantas Sabonis
22018,1627734,0021800226,2018-11-17,IND vs. ATL,W,28,4,7,0.571,0,0,0.0,1,1,1.0,4,12,16,6,1,1,1,4,9,9,1,2018-19,Regular Season,1627734,Domantas Sabonis
22018,1627734,0021800241,2018-11-19,IND vs. UTA,W,26,7,9,0.778,2,2,1.0,3,6,0.5,1,8,9,9,2,0,4,2,19,16,1,2018-19,Regular Season,1627734,Domantas Sabonis
22018,1627734,0021800252,2018-11-21,IND @ CHA,L,19,7,8,0.875,1,1,1.0,0,0,0.0,0,6,6,2,0,0,2,6,15,4,1,2018-19,Regular Season,1627734,Domantas Sabonis
22018,1627734,0021800272,2018-11-23,IND vs. SAS,L,34,8,12,0.667,0,0,0.0,3,6,0.5,1,15,16,4,0,0,3,4,19,-17,1,2018-19,Regular Season,1627734,Domantas Sabonis
22018,1627734,0021800299,2018-11-26,IND @ UTA,W,23,5,10,0.5,0,0,0.0,3,3,1.0,2,8,10,6,1,1,4,4,13,19,1,2018-19,Regular Season,1627734,Domantas Sabonis
22018,1627734,0021800305,2018-11-27,IND @ PHX,W,23,7,14,0.5,0,0,0.0,7,8,0.875,7,9,16,3,1,0,2,1,21,-3,1,2018-19,Regular Season,1627734,Domantas Sabonis
22018,1627734,0021800317,2018-11-29,IND @ LAL,L,29,6,13,0.462,1,1,1.0,7,8,0.875,3,12,15,3,0,1,2,3,20,3,1,2018-19,Regular Season,1627734,Domantas Sabonis
22018,1627734,0021800336,2018-12-01,IND @ SAC,L,24,3,7,0.429,0,0,0.0,0,0,0.0,1,6,7,5,0,2,7,5,6,-6,1,2018-19,Regular Season,1627734,Domantas Sabonis
22018,1627734,0021800350,2018-12-04,IND vs. CHI,W,28,4,8,0.5,0,0,0.0,1,2,0.5,2,9,11,2,2,1,4,2,9,6,1,2018-19,Regular Season,1627734,Domantas Sabonis
22018,1627734,0021800379,2018-12-08,IND vs. SAC,W,24,6,10,0.6,0,0,0.0,2,2,1.0,2,4,6,1,1,1,2,3,14,8,1,2018-19,Regular Season,1627734,Domantas Sabonis
22018,1627734,0021800391,2018-12-10,IND vs. WAS,W,18,3,4,0.75,0,0,0.0,5,6,0.833,1,0,1,1,0,0,3,5,11,-16,1,2018-19,Regular Season,1627734,Domantas Sabonis
22018,1627734,0021800407,2018-12-12,IND vs. MIL,W,24,5,11,0.455,0,0,0.0,2,3,0.667,3,7,10,3,0,0,3,3,12,4,1,2018-19,Regular Season,1627734,Domantas Sabonis
22018,1627734,0021800424,2018-12-14,IND @ PHI,W,31,7,14,0.5,0,0,0.0,0,0,0.0,5,11,16,2,0,0,0,3,14,21,1,2018-19,Regular Season,1627734,Domantas Sabonis
22018,1627734,0021800438,2018-12-16,IND vs. NYK,W,21,6,10,0.6,0,0,0.0,1,2,0.5,5,7,12,4,1,0,2,4,13,11,1,2018-19,Regular Season,1627734,Domantas Sabonis
22018,1627734,0021800451,2018-12-18,IND vs. CLE,L,24,7,9,0.778,0,0,0.0,3,3,1.0,7,1,8,3,2,0,1,2,17,-8,1,2018-19,Regular Season,1627734,Domantas Sabonis
22018,1627734,0021800459,2018-12-19,IND @ TOR,L,25,5,10,0.5,0,0,0.0,2,4,0.5,3,7,10,2,0,0,3,2,12,-14,1,2018-19,Regular Season,1627734,Domantas Sabonis
22018,1627734,0021800471,2018-12-21,IND @ BKN,W,19,7,11,0.636,0,0,0.0,3,4,0.75,0,2,2,0,3,0,5,5,17,-9,1,2018-19,Regular Season,1627734,Domantas Sabonis
22018,1627734,0021800487,2018-12-23,IND vs. WAS,W,25,6,7,0.857,0,0,0.0,3,4,0.75,2,8,10,3,0,2,2,5,15,12,1,2018-19,Regular Season,1627734,Domantas Sabonis
22018,1627734,0021800504,2018-12-26,IND @ ATL,W,29,7,12,0.583,0,0,0.0,5,8,0.625,3,5,8,2,1,1,3,2,19,24,1,2018-19,Regular Season,1627734,Domantas Sabonis
22018,1627734,0021800518,2018-12-28,IND vs. DET,W,26,8,11,0.727,0,0,0.0,3,4,0.75,2,9,11,3,0,1,4,5,19,26,1,2018-19,Regular Season,1627734,Domantas Sabonis
22018,1627734,0021800542,2018-12-31,IND vs. ATL,W,27,7,12,0.583,0,0,0.0,6,8,0.75,4,3,7,0,1,0,1,2,20,1,1,2018-19,Regular Season,1627734,Domantas Sabonis
22018,1627734,0021800569,2019-01-04,IND @ CHI,W,31,9,13,0.692,0,0,0.0,5,5,1.0,4,8,12,3,1,0,2,1,23,14,1,2018-19,Regular Season,1627734,Domantas Sabonis
22018,1627734,0021800589,2019-01-06,IND @ TOR,L,31,6,14,0.429,0,0,0.0,4,4,1.0,2,9,11,6,0,0,2,2,16,-10,1,2018-19,Regular Season,1627734,Domantas Sabonis
22018,1627734,0021800599,2019-01-08,IND @ CLE,W,34,7,13,0.538,0,1,0.0,1,2,0.5,2,7,9,4,3,0,0,1,15,11,1,2018-19,Regular Season,1627734,Domantas Sabonis
22018,1627734,0021800607,2019-01-09,IND @ BOS,L,27,6,9,0.667,0,0,0.0,8,8,1.0,3,4,7,5,0,0,1,3,20,-22,1,2018-19,Regular Season,1627734,Domantas Sabonis
22018,1627734,0021800623,2019-01-11,IND @ NYK,W,32,9,14,0.643,0,0,0.0,4,4,1.0,4,11,15,3,0,0,0,2,22,14,1,2018-19,Regular Season,1627734,Domantas Sabonis
22018,1627734,0021800651,2019-01-15,IND vs. PHX,W,20,5,9,0.556,0,0,0.0,4,7,0.571,2,6,8,0,1,1,2,4,14,10,1,2018-19,Regular Season,1627734,Domantas Sabonis
22018,1627734,0021800667,2019-01-17,IND vs. PHI,L,22,3,7,0.429,0,0,0.0,0,2,0.0,2,6,8,2,1,0,0,1,6,-11,1,2018-19,Regular Season,1627734,Domantas Sabonis
22018,1627734,0021800681,2019-01-19,IND vs. DAL,W,27,7,8,0.875,1,1,1.0,1,1,1.0,3,8,11,2,0,0,2,5,16,22,1,2018-19,Regular Season,1627734,Domantas Sabonis
22018,1627734,0021800688,2019-01-20,IND vs. CHA,W,23,6,13,0.462,0,0,0.0,4,4,1.0,5,3,8,3,1,0,0,4,16,18,1,2018-19,Regular Season,1627734,Domantas Sabonis
22018,1627734,0021800706,2019-01-23,IND vs. TOR,W,14,4,5,0.8,1,1,1.0,3,5,0.6,1,5,6,1,0,1,0,5,12,6,1,2018-19,Regular Season,1627734,Domantas Sabonis
22018,1627734,0021800731,2019-01-26,IND @ MEM,L,31,3,7,0.429,0,0,0.0,5,8,0.625,3,5,8,1,1,0,3,2,11,-5,1,2018-19,Regular Season,1627734,Domantas Sabonis
22018,1627734,0021800745,2019-01-28,IND vs. GSW,L,20,3,8,0.375,0,0,0.0,0,0,0.0,3,2,5,3,0,0,2,5,6,-10,1,2018-19,Regular Season,1627734,Domantas Sabonis
22018,1627734,0021800759,2019-01-30,IND @ WAS,L,23,5,8,0.625,0,0,0.0,0,0,0.0,4,4,8,3,1,0,2,5,10,-9,1,2018-19,Regular Season,1627734,Domantas Sabonis
22018,1627734,0021800765,2019-01-31,IND @ ORL,L,20,1,9,0.111,0,0,0.0,2,4,0.5,0,4,4,1,0,1,2,3,4,-17,1,2018-19,Regular Season,1627734,Domantas Sabonis
22018,1627734,0021800781,2019-02-02,IND @ MIA,W,24,1,7,0.143,0,2,0.0,5,8,0.625,3,7,10,2,3,1,2,2,7,-3,1,2018-19,Regular Season,1627734,Domantas Sabonis
22018,1627734,0021800793,2019-02-04,IND @ NOP,W,23,7,9,0.778,0,0,0.0,2,2,1.0,2,11,13,1,0,0,0,3,16,-3,1,2018-19,Regular Season,1627734,Domantas Sabonis
22018,1627734,0021800798,2019-02-05,IND vs. LAL,W,22,7,10,0.7,0,1,0.0,3,4,0.75,0,4,4,4,0,0,2,3,17,29,1,2018-19,Regular Season,1627734,Domantas Sabonis
22018,1627734,0021800811,2019-02-07,IND vs. LAC,W,22,4,6,0.667,0,0,0.0,0,0,0.0,1,6,7,2,1,0,3,2,8,9,1,2018-19,Regular Season,1627734,Domantas Sabonis
22018,1627734,0021800826,2019-02-09,IND vs. CLE,W,30,5,6,0.833,1,1,1.0,2,2,1.0,2,8,10,3,1,0,5,4,13,6,1,2018-19,Regular Season,1627734,Domantas Sabonis
22018,1627734,0021800841,2019-02-11,IND vs. CHA,W,21,4,5,0.8,0,0,0.0,1,2,0.5,0,9,9,2,0,0,2,3,9,9,1,2018-19,Regular Season,1627734,Domantas Sabonis
22018,1627734,0021800854,2019-02-13,IND vs. MIL,L,26,7,12,0.583,0,1,0.0,0,0,0.0,1,8,9,3,2,0,2,4,14,-9,1,2018-19,Regular Season,1627734,Domantas Sabonis
22018,1627734,0021800874,2019-02-22,IND vs. NOP,W,28,7,9,0.778,0,0,0.0,4,7,0.571,3,10,13,4,0,1,1,4,18,15,1,2018-19,Regular Season,1627734,Domantas Sabonis
22018,1627734,0021800886,2019-02-23,IND @ WAS,W,27,5,9,0.556,0,0,0.0,3,7,0.429,5,7,12,3,4,0,3,4,13,11,1,2018-19,Regular Season,1627734,Domantas Sabonis
22018,1627734,0021800899,2019-02-25,IND @ DET,L,26,9,13,0.692,0,0,0.0,5,7,0.714,4,3,7,2,0,1,0,5,23,-1,1,2018-19,Regular Season,1627734,Domantas Sabonis
22018,1627734,0021800994,2019-03-10,IND @ PHI,L,20,1,7,0.143,0,0,0.0,7,12,0.583,2,4,6,6,1,0,5,4,9,-15,1,2018-19,Regular Season,1627734,Domantas Sabonis
22018,1627734,0021801007,2019-03-12,IND vs. NYK,W,18,4,12,0.333,0,1,0.0,2,4,0.5,1,6,7,2,1,0,3,5,10,-1,1,2018-19,Regular Season,1627734,Domantas Sabonis
22018,1627734,0021801020,2019-03-14,IND vs. OKC,W,28,7,12,0.583,0,0,0.0,12,13,0.923,0,7,7,4,0,1,0,3,26,14,1,2018-19,Regular Season,1627734,Domantas Sabonis
22018,1627734,0021801040,2019-03-16,IND @ DEN,L,25,6,10,0.6,0,0,0.0,4,8,0.5,2,5,7,2,1,0,1,4,16,1,1,2018-19,Regular Season,1627734,Domantas Sabonis
22018,1627734,0021801058,2019-03-18,IND @ POR,L,26,3,7,0.429,0,0,0.0,1,2,0.5,1,6,7,1,0,1,4,4,7,-10,1,2018-19,Regular Season,1627734,Domantas Sabonis
22018,1627734,0021801064,2019-03-19,IND @ LAC,L,28,5,11,0.455,0,0,0.0,3,3,1.0,5,11,16,6,0,0,2,3,13,3,1,2018-19,Regular Season,1627734,Domantas Sabonis
22018,1627734,0021801079,2019-03-21,IND @ GSW,L,23,2,9,0.222,0,0,0.0,1,2,0.5,3,9,12,3,0,0,0,4,5,-19,1,2018-19,Regular Season,1627734,Domantas Sabonis
22018,1627734,0021801097,2019-03-24,IND vs. DEN,W,23,7,13,0.538,0,0,0.0,1,2,0.5,3,10,13,4,0,0,3,4,15,26,1,2018-19,Regular Season,1627734,Domantas Sabonis
22018,1627734,0021801119,2019-03-27,IND @ OKC,L,31,8,13,0.615,0,0,0.0,2,5,0.4,2,8,10,2,0,1,0,0,18,5,1,2018-19,Regular Season,1627734,Domantas Sabonis
22018,1627734,0021801130,2019-03-29,IND @ BOS,L,21,4,8,0.5,1,1,1.0,2,4,0.5,3,5,8,3,0,1,2,5,11,4,1,2018-19,Regular Season,1627734,Domantas Sabonis
22018,1627734,0021801140,2019-03-30,IND vs. ORL,L,26,4,8,0.5,0,0,0.0,2,2,1.0,3,3,6,6,0,0,4,2,10,-13,1,2018-19,Regular Season,1627734,Domantas Sabonis
22018,1627734,0021801152,2019-04-01,IND vs. DET,W,23,8,10,0.8,0,0,0.0,2,2,1.0,4,8,12,3,0,0,3,6,18,14,1,2018-19,Regular Season,1627734,Domantas Sabonis
22018,1627734,0021801165,2019-04-03,IND @ DET,W,27,7,12,0.583,0,1,0.0,1,1,1.0,4,9,13,2,1,0,2,1,15,14,1,2018-19,Regular Season,1627734,Domantas Sabonis
22018,1627734,0021801183,2019-04-05,IND vs. BOS,L,23,6,10,0.6,0,0,0.0,0,0,0.0,2,4,6,3,2,0,2,1,12,-16,1,2018-19,Regular Season,1627734,Domantas Sabonis
22018,1627734,0021801199,2019-04-07,IND vs. BKN,L,31,8,12,0.667,0,0,0.0,1,2,0.5,1,11,12,3,0,0,3,3,17,-15,1,2018-19,Regular Season,1627734,Domantas Sabonis
42018,1627734,0041800131,2019-04-14,IND @ BOS,L,28,3,9,0.333,0,0,0.0,1,2,0.5,2,7,9,3,0,0,2,3,7,-13,1,2018-19,Playoffs,1627734,Domantas Sabonis
42018,1627734,0041800132,2019-04-17,IND @ BOS,L,22,0,1,0.0,0,0,0.0,1,2,0.5,0,5,5,5,2,0,0,1,1,-13,1,2018-19,Playoffs,1627734,Domantas Sabonis
42018,1627734,0041800133,2019-04-19,IND vs. BOS,L,25,3,10,0.3,1,3,0.333,5,6,0.833,2,5,7,6,1,1,1,2,12,3,1,2018-19,Playoffs,1627734,Domantas Sabonis
42018,1627734,0041800134,2019-04-21,IND vs. BOS,L,22,6,9,0.667,0,1,0.0,2,4,0.5,3,5,8,2,0,0,2,6,14,-10,1,2018-19,Playoffs,1627734,Domantas Sabonis
22018,1628973,0021800013,2018-10-17,DAL @ PHX,L,19,1,3,0.333,1,3,0.333,0,0,0.0,0,1,1,1,0,0,0,1,3,-3,1,2018-19,Regular Season,1628973,Jalen Brunson
22018,1628973,0021800032,2018-10-20,DAL vs. MIN,W,20,3,7,0.429,1,4,0.25,0,0,0.0,0,0,0,1,1,0,1,0,7,2,1,2018-19,Regular Season,1628973,Jalen Brunson
22018,1628973,0021800044,2018-10-22,DAL vs. CHI,W,15,2,7,0.286,2,4,0.5,0,0,0.0,0,1,1,2,1,0,0,0,6,4,1,2018-19,Regular Season,1628973,Jalen Brunson
22018,1628973,0021800052,2018-10-24,DAL @ ATL,L,19,3,9,0.333,0,3,0.0,0,0,0.0,0,5,5,1,0,0,1,2,6,5,1,2018-19,Regular Season,1628973,Jalen Brunson
22018,1628973,0021800069,2018-10-26,DAL @ TOR,L,30,3,11,0.273,2,4,0.5,0,0,0.0,0,3,3,4,1,0,2,2,8,-3,1,2018-19,Regular Season,1628973,Jalen Brunson
22018,1628973,0021800084,2018-10-28,DAL vs. UTA,L,12,1,5,0.2,0,2,0.0,0,0,0.0,0,0,0,1,0,0,0,1,2,-14,1,2018-19,Regular Season,1628973,Jalen Brunson
22018,1628973,0021800094,2018-10-29,DAL @ SAS,L,14,2,5,0.4,0,2,0.0,2,2,1.0,0,0,0,1,0,0,1,1,6,-19,1,2018-19,Regular Season,1628973,Jalen Brunson
22018,1628973,0021800109,2018-10-31,DAL @ LAL,L,11,1,1,1.0,0,0,0.0,2,2,1.0,0,1,1,1,0,0,0,2,4,12,1,2018-19,Regular Season,1628973,Jalen Brunson
22018,1628973,0021800121,2018-11-02,DAL vs. NYK,L,3,0,0,0.0,0,0,0.0,0,0,0.0,0,1,1,0,0,0,0,0,0,5,1,2018-19,Regular Season,1628973,Jalen Brunson
22018,1628973,0021800150,2018-11-06,DAL vs. WAS,W,1,0,0,0.0,0,0,0.0,0,0,0.0,0,0,0,0,0,0,0,0,0,0,1,2018-19,Regular Season,1628973,Jalen Brunson
22018,1628973,0021800160,2018-11-07,DAL @ UTA,L,16,5,7,0.714,1,2,0.5,0,0,0.0,1,1,2,2,1,0,2,0,11,9,1,2018-19,Regular Season,1628973,Jalen Brunson
22018,1628973,0021800181,2018-11-10,DAL vs. OKC,W,2,0,0,0.0,0,0,0.0,0,0,0.0,0,0,0,1,1,0,1,0,0,2,1,2018-19,Regular Season,1628973,Jalen Brunson
22018,1628973,0021800193,2018-11-12,DAL @ CHI,W,13,1,3,0.333,0,0,0.0,0,2,0.0,1,2,3,0,1,0,1,1,2,12,1,2018-19,Regular Season,1628973,Jalen Brunson
22018,1628973,0021800210,2018-11-14,DAL vs. UTA,W,9,4,4,1.0,0,0,0.0,1,1,1.0,0,2,2,4,0,0,1,1,9,19,1,2018-19,Regular Season,1628973,Jalen Brunson
22018,1628973,0021800244,2018-11-19,DAL @ MEM,L,25,3,9,0.333,0,1,0.0,2,2,1.0,1,3,4,4,1,0,0,4,8,-5,1,2018-19,Regular Season,1628973,Jalen Brunson
22018,1628973,0021800283,2018-11-24,DAL vs. BOS,W,9,1,1,1.0,0,0,0.0,0,1,0.0,0,0,0,0,0,0,0,2,2,-2,1,2018-19,Regular Season,1628973,Jalen Brunson
22018,1628973,0021800309,2018-11-28,DAL @ HOU,W,5,0,1,0.0,0,1,0.0,0,0,0.0,0,0,0,0,0,0,1,0,0,0,1,2018-19,Regular Season,1628973,Jalen Brunson
22018,1628973,0021800328,2018-11-30,DAL @ LAL,L,3,0,1,0.0,0,0,0.0,2,4,0.5,1,0,1,1,0,0,0,0,2,7,1,2018-19,Regular Season,1628973,Jalen Brunson
22018,1628973,0021800341,2018-12-02,DAL vs. LAC,W,5,0,2,0.0,0,1,0.0,0,0,0.0,0,0,0,0,0,0,0,0,0,-4,1,2018-19,Regular Season,1628973,Jalen Brunson
22018,1628973,0021800363,2018-12-05,DAL @ NOP,L,25,5,9,0.556,1,3,0.333,0,2,0.0,0,2,2,7,2,0,0,4,11,-9,1,2018-19,Regular Season,1628973,Jalen Brunson
22018,1628973,0021800378,2018-12-08,DAL vs. HOU,W,30,7,9,0.778,0,1,0.0,0,0,0.0,0,0,0,3,3,0,2,1,14,11,1,2018-19,Regular Season,1628973,Jalen Brunson
22018,1628973,0021800397,2018-12-10,DAL vs. ORL,W,32,7,9,0.778,1,2,0.5,2,4,0.5,1,2,3,4,1,0,1,3,17,16,1,2018-19,Regular Season,1628973,Jalen Brunson
22018,1628973,0021800412,2018-12-12,DAL vs. ATL,W,23,1,3,0.333,0,2,0.0,3,4,0.75,0,0,0,2,1,0,0,1,5,-4,1,2018-19,Regular Season,1628973,Jalen Brunson
22018,1628973,0021800419,2018-12-13,DAL @ PHX,L,21,4,10,0.4,1,3,0.333,4,6,0.667,0,1,1,1,0,0,0,3,13,-8,1,2018-19,Regular Season,1628973,Jalen Brunson
22018,1628973,0021800440,2018-12-16,DAL vs. SAC,L,30,5,13,0.385,0,4,0.0,2,2,1.0,2,2,4,3,0,0,2,2,12,-7,1,2018-19,Regular Season,1628973,Jalen Brunson
22018,1628973,0021800454,2018-12-18,DAL @ DEN,L,25,4,7,0.571,0,1,0.0,0,0,0.0,0,0,0,1,0,0,0,1,8,3,1,2018-19,Regular Season,1628973,Jalen Brunson
22018,1628973,0021800468,2018-12-20,DAL @ LAC,L,21,2,9,0.222,1,2,0.5,2,2,1.0,1,2,3,2,0,0,1,3,7,4,1,2018-19,Regular Season,1628973,Jalen Brunson
22018,1628973,0021800484,2018-12-22,DAL @ GSW,L,24,4,10,0.4,2,3,0.667,0,0,0.0,1,1,2,3,3,0,3,2,10,4,1,2018-19,Regular Season,1628973,Jalen Brunson
22018,1628973,0021800495,2018-12-23,DAL @ POR,L,33,5,8,0.625,1,3,0.333,0,2,0.0,0,6,6,3,1,0,2,3,11,-2,1,2018-19,Regular Season,1628973,Jalen Brunson
22018,1628973,0021800547,2018-12-31,DAL @ OKC,L,10,1,4,0.25,0,0,0.0,0,0,0.0,0,0,0,3,0,0,1,2,2,-1,1,2018-19,Regular Season,1628973,Jalen Brunson
22018,1628973,0021800554,2019-01-02,DAL @ CHA,W,12,1,6,0.167,0,2,0.0,0,0,0.0,0,0,0,4,0,0,0,1,2,9,1,2018-19,Regular Season,1628973,Jalen Brunson
22018,1628973,0021800566,2019-01-04,DAL @ BOS,L,2,0,0,0.0,0,0,0.0,0,0,0.0,0,0,0,1,0,0,0,0,0,-6,1,2018-19,Regular Season,1628973,Jalen Brunson
22018,1628973,0021800578,2019-01-05,DAL @ PHI,L,26,4,14,0.286,1,3,0.333,4,4,1.0,1,10,11,8,1,0,2,0,13,9,1,2018-19,Regular Season,1628973,Jalen Brunson
22018,1628973,0021800613,2019-01-09,DAL vs. PHX,W,15,3,6,0.5,1,2,0.5,0,0,0.0,0,0,0,1,0,0,1,1,7,-3,1,2018-19,Regular Season,1628973,Jalen Brunson
22018,1628973,0021800626,2019-01-11,DAL @ MIN,W,16,3,4,0.75,3,3,1.0,0,0,0.0,0,0,0,2,1,0,0,2,9,-4,1,2018-19,Regular Season,1628973,Jalen Brunson
22018,1628973,0021800642,2019-01-13,DAL vs. GSW,L,30,3,10,0.3,2,3,0.667,4,4,1.0,1,3,4,1,0,1,2,4,12,0,1,2018-19,Regular Season,1628973,Jalen Brunson
22018,1628973,0021800661,2019-01-16,DAL vs. SAS,L,20,3,6,0.5,0,2,0.0,0,0,0.0,0,1,1,3,0,0,2,1,6,-10,1,2018-19,Regular Season,1628973,Jalen Brunson
22018,1628973,0021800681,2019-01-19,DAL @ IND,L,22,5,9,0.556,1,3,0.333,1,1,1.0,0,3,3,4,0,0,2,1,12,-10,1,2018-19,Regular Season,1628973,Jalen Brunson
22018,1628973,0021800694,2019-01-21,DAL @ MIL,L,30,6,15,0.4,2,3,0.667,2,2,1.0,0,3,3,5,0,0,1,3,16,-12,1,2018-19,Regular Season,1628973,Jalen Brunson
22018,1628973,0021800704,2019-01-22,DAL vs. LAC,W,4,0,0,0.0,0,0,0.0,0,0,0.0,0,0,0,0,0,0,0,0,0,-1,1,2018-19,Regular Season,1628973,Jalen Brunson
22018,1628973,0021800739,2019-01-27,DAL vs. TOR,L,6,2,2,1.0,0,0,0.0,0,0,0.0,0,1,1,1,0,0,0,0,4,0,1,2018-19,Regular Season,1628973,Jalen Brunson
22018,1628973,0021800758,2019-01-30,DAL @ NYK,W,10,1,2,0.5,1,1,1.0,0,0,0.0,0,3,3,3,0,0,0,1,3,-1,1,2018-19,Regular Season,1628973,Jalen Brunson
22018,1628973,0021800764,2019-01-31,DAL @ DET,L,33,4,14,0.286,0,0,0.0,1,2,0.5,0,2,2,6,0,0,2,3,9,-17,1,2018-19,Regular Season,1628973,Jalen Brunson
22018,1628973,0021800780,2019-02-02,DAL @ CLE,W,33,5,10,0.5,1,4,0.25,4,6,0.667,1,5,6,4,0,0,2,4,15,14,1,2018-19,Regular Season,1628973,Jalen Brunson
22018,1628973,0021800807,2019-02-06,DAL vs. CHA,W,30,4,11,0.364,0,2,0.0,0,3,0.0,0,7,7,5,2,0,1,1,8,-2,1,2018-19,Regular Season,1628973,Jalen Brunson
22018,1628973,0021800821,2019-02-08,DAL vs. MIL,L,24,2,6,0.333,1,3,0.333,0,0,0.0,0,3,3,3,0,0,1,0,5,-18,1,2018-19,Regular Season,1628973,Jalen Brunson
22018,1628973,0021800834,2019-02-10,DAL vs. POR,W,24,2,8,0.25,1,3,0.333,0,0,0.0,1,1,2,7,1,1,4,2,5,9,1,2018-19,Regular Season,1628973,Jalen Brunson
22018,1628973,0021800844,2019-02-11,DAL @ HOU,L,26,4,4,1.0,3,3,1.0,2,2,1.0,0,5,5,1,0,0,4,2,13,-11,1,2018-19,Regular Season,1628973,Jalen Brunson
22018,1628973,0021800859,2019-02-13,DAL vs. MIA,L,23,3,7,0.429,0,2,0.0,0,0,0.0,1,3,4,4,0,0,0,1,6,2,1,2018-19,Regular Season,1628973,Jalen Brunson
22018,1628973,0021800880,2019-02-22,DAL vs. DEN,L,30,8,12,0.667,3,5,0.6,3,3,1.0,0,2,2,5,1,1,6,1,22,-2,1,2018-19,Regular Season,1628973,Jalen Brunson
22018,1628973,0021800893,2019-02-23,DAL @ UTA,L,25,5,14,0.357,3,5,0.6,0,0,0.0,0,5,5,2,0,0,1,5,13,-3,1,2018-19,Regular Season,1628973,Jalen Brunson
22018,1628973,0021800907,2019-02-25,DAL @ LAC,L,21,3,7,0.429,0,2,0.0,2,2,1.0,1,0,1,3,0,0,0,2,8,-15,1,2018-19,Regular Season,1628973,Jalen Brunson
22018,1628973,0021800918,2019-02-27,DAL vs. IND,W,34,9,14,0.643,3,6,0.5,3,5,0.6,0,3,3,5,3,0,2,2,24,17,1,2018-19,Regular Season,1628973,Jalen Brunson
22018,1628973,0021800939,2019-03-02,DAL vs. MEM,L,28,1,10,0.1,0,5,0.0,0,0,0.0,2,2,4,2,1,0,0,2,2,-11,1,2018-19,Regular Season,1628973,Jalen Brunson
22018,1628973,0021800952,2019-03-04,DAL @ BKN,L,20,4,5,0.8,0,1,0.0,2,2,1.0,1,2,3,1,0,0,2,1,10,-11,1,2018-19,Regular Season,1628973,Jalen Brunson
22018,1628973,0021800967,2019-03-06,DAL @ WAS,L,36,4,11,0.364,2,7,0.286,1,1,1.0,0,1,1,8,1,0,1,3,11,-5,1,2018-19,Regular Season,1628973,Jalen Brunson
22018,1628973,0021800978,2019-03-08,DAL @ ORL,L,30,8,11,0.727,1,3,0.333,1,1,1.0,0,2,2,9,0,0,2,3,18,-1,1,2018-19,Regular Season,1628973,Jalen Brunson
22018,1628973,0021800997,2019-03-10,DAL vs. HOU,L,34,6,13,0.462,1,3,0.333,5,5,1.0,1,6,7,4,0,0,5,4,18,13,1,2018-19,Regular Season,1628973,Jalen Brunson
22018,1628973,0021801011,2019-03-12,DAL vs. SAS,L,37,12,16,0.75,3,6,0.5,7,7,1.0,0,5,5,4,1,0,1,1,34,5,1,2018-19,Regular Season,1628973,Jalen Brunson
22018,1628973,0021801025,2019-03-14,DAL @ DEN,L,39,8,15,0.533,3,7,0.429,1,1,1.0,2,3,5,4,1,0,2,3,20,13,1,2018-19,Regular Season,1628973,Jalen Brunson
22018,1628973,0021801037,2019-03-16,DAL vs. CLE,W,26,6,10,0.6,2,2,1.0,2,2,1.0,2,0,2,7,0,0,1,2,16,-4,1,2018-19,Regular Season,1628973,Jalen Brunson
22018,1628973,0021801056,2019-03-18,DAL vs. NOP,L,39,6,13,0.462,1,3,0.333,1,1,1.0,0,3,3,4,1,1,3,4,14,-8,1,2018-19,Regular Season,1628973,Jalen Brunson
22018,1628973,0021801073,2019-03-20,DAL @ POR,L,26,6,10,0.6,0,1,0.0,4,4,1.0,0,2,2,3,2,0,0,3,16,-19,1,2018-19,Regular Season,1628973,Jalen Brunson
22018,1628973,0021801078,2019-03-21,DAL @ SAC,L,28,5,12,0.417,0,4,0.0,0,2,0.0,2,1,3,2,0,0,1,3,10,-29,1,2018-19,Regular Season,1628973,Jalen Brunson
22018,1628973,0021801092,2019-03-23,DAL @ GSW,W,24,5,9,0.556,1,4,0.25,0,0,0.0,0,4,4,5,0,0,0,1,11,31,1,2018-19,Regular Season,1628973,Jalen Brunson
22018,1628973,0021801114,2019-03-26,DAL vs. SAC,L,30,6,8,0.75,3,4,0.75,0,0,0.0,0,0,0,3,0,0,2,5,15,-5,1,2018-19,Regular Season,1628973,Jalen Brunson
22018,1628973,0021801124,2019-03-28,DAL @ MIA,L,32,5,11,0.455,2,5,0.4,1,4,0.25,0,3,3,4,1,0,2,1,13,-6,1,2018-19,Regular Season,1628973,Jalen Brunson
22018,1628973,0021801146,2019-03-31,DAL @ OKC,W,30,5,11,0.455,1,4,0.25,7,10,0.7,0,2,2,4,1,0,3,1,18,-8,1,2018-19,Regular Season,1628973,Jalen Brunson
22018,1628973,0021801158,2019-04-01,DAL vs. PHI,W,19,6,11,0.545,1,2,0.5,0,0,0.0,0,0,0,7,0,0,0,0,13,9,1,2018-19,Regular Season,1628973,Jalen Brunson
22018,1628973,0021801172,2019-04-03,DAL vs. MIN,L,32,4,12,0.333,1,4,0.25,0,0,0.0,0,3,3,3,0,0,2,4,9,-15,1,2018-19,Regular Season,1628973,Jalen Brunson
22018,1628973,0021801201,2019-04-07,DAL @ MEM,W,24,4,8,0.5,0,2,0.0,4,4,1.0,0,2,2,10,1,0,1,3,12,-1,1,2018-19,Regular Season,1628973,Jalen Brunson
22018,1628973,0021801216,2019-04-09,DAL vs. PHX,W,29,3,8,0.375,0,2,0.0,3,4,0.75,0,4,4,2,0,0,0,4,9,0,1,2018-19,Regular Season,1628973,Jalen Brunson
22018,1628973,0021801227,2019-04-10,DAL @ SAS,L,30,5,13,0.385,1,4,0.25,0,2,0.0,0,3,3,10,0,0,4,0,11,-11,1,2018-19,Regular Season,1628973,Jalen Brunson
22018,1627783,0021800008,2018-10-17,TOR vs. CLE,W,20,6,8,0.75,1,1,1.0,0,0,0.0,0,2,2,2,0,1,0,2,13,11,1,2018-19,Regular Season,1627783,Pascal Siakam
22018,1627783,0021800019,2018-10-19,TOR vs. BOS,W,18,2,6,0.333,0,2,0.0,0,0,0.0,0,5,5,2,0,0,2,1,4,0,1,2018-19,Regular Season,1627783,Pascal Siakam
22018,1627783,0021800027,2018-10-20,TOR @ WAS,W,26,4,8,0.5,1,1,1.0,1,3,0.333,4,6,10,2,1,1,2,6,10,9,1,2018-19,Regular Season,1627783,Pascal Siakam
22018,1627783,0021800041,2018-10-22,TOR vs. CHA,W,20,2,4,0.5,0,1,0.0,0,0,0.0,1,4,5,2,0,0,2,3,4,16,1,2018-19,Regular Season,1627783,Pascal Siakam
22018,1627783,0021800055,2018-10-24,TOR vs. MIN,W,20,4,6,0.667,1,1,1.0,0,1,0.0,2,2,4,3,1,2,0,3,9,7,1,2018-19,Regular Season,1627783,Pascal Siakam
22018,1627783,0021800069,2018-10-26,TOR vs. DAL,W,37,4,8,0.5,0,2,0.0,2,2,1.0,1,6,7,3,1,0,3,3,10,11,1,2018-19,Regular Season,1627783,Pascal Siakam
22018,1627783,0021800092,2018-10-29,TOR @ MIL,L,33,10,16,0.625,0,4,0.0,2,3,0.667,2,6,8,2,4,1,2,2,22,-11,1,2018-19,Regular Season,1627783,Pascal Siakam
22018,1627783,0021800100,2018-10-30,TOR vs. PHI,W,33,6,8,0.75,0,1,0.0,3,4,0.75,1,14,15,2,3,0,3,3,15,24,1,2018-19,Regular Season,1627783,Pascal Siakam
22018,1627783,0021800123,2018-11-02,TOR @ PHX,W,27,4,5,0.8,0,0,0.0,2,4,0.5,1,4,5,1,1,0,0,2,10,7,1,2018-19,Regular Season,1627783,Pascal Siakam
22018,1627783,0021800139,2018-11-04,TOR @ LAL,W,35,8,14,0.571,0,1,0.0,0,0,0.0,5,8,13,3,1,0,2,2,16,25,1,2018-19,Regular Season,1627783,Pascal Siakam
22018,1627783,0021800146,2018-11-05,TOR @ UTA,W,31,7,11,0.636,0,2,0.0,2,2,1.0,1,6,7,2,1,0,2,2,16,25,1,2018-19,Regular Season,1627783,Pascal Siakam
22018,1627783,0021800161,2018-11-07,TOR @ SAC,W,35,8,11,0.727,0,2,0.0,5,5,1.0,1,2,3,1,2,0,1,3,21,0,1,2018-19,Regular Season,1627783,Pascal Siakam
22018,1627783,0021800174,2018-11-10,TOR vs. NYK,W,28,6,7,0.857,3,4,0.75,8,9,0.889,1,2,3,2,0,0,2,3,23,8,1,2018-19,Regular Season,1627783,Pascal Siakam
22018,1627783,0021800192,2018-11-12,TOR vs. NOP,L,28,8,12,0.667,2,4,0.5,4,4,1.0,0,3,3,1,1,3,0,5,22,-10,1,2018-19,Regular Season,1627783,Pascal Siakam
22018,1627783,0021800206,2018-11-14,TOR vs. DET,L,29,8,12,0.667,1,1,1.0,0,1,0.0,2,5,7,2,1,1,1,4,17,0,1,2018-19,Regular Season,1627783,Pascal Siakam
22018,1627783,0021800216,2018-11-16,TOR @ BOS,L,39,6,11,0.545,0,0,0.0,4,6,0.667,3,6,9,4,2,0,2,6,16,-2,1,2018-19,Regular Season,1627783,Pascal Siakam
22018,1627783,0021800230,2018-11-17,TOR @ CHI,W,29,4,10,0.4,0,2,0.0,4,4,1.0,1,7,8,5,1,1,1,2,12,30,1,2018-19,Regular Season,1627783,Pascal Siakam
22018,1627783,0021800248,2018-11-20,TOR @ ORL,W,34,7,11,0.636,0,2,0.0,1,1,1.0,1,8,9,1,1,1,2,5,15,1,1,2018-19,Regular Season,1627783,Pascal Siakam
22018,1627783,0021800254,2018-11-21,TOR @ ATL,W,32,9,13,0.692,1,3,0.333,3,5,0.6,1,3,4,2,2,0,1,2,22,19,1,2018-19,Regular Season,1627783,Pascal Siakam
22018,1627783,0021800271,2018-11-23,TOR vs. WAS,W,26,2,5,0.4,1,1,1.0,2,2,1.0,0,8,8,3,0,1,1,4,7,4,1,2018-19,Regular Season,1627783,Pascal Siakam
22018,1627783,0021800290,2018-11-25,TOR vs. MIA,W,31,8,9,0.889,1,1,1.0,4,4,1.0,1,5,6,3,2,2,1,1,21,25,1,2018-19,Regular Season,1627783,Pascal Siakam
22018,1627783,0021800303,2018-11-27,TOR @ MEM,W,31,3,5,0.6,0,1,0.0,4,6,0.667,1,5,6,4,0,1,1,4,10,10,1,2018-19,Regular Season,1627783,Pascal Siakam
22018,1627783,0021800316,2018-11-29,TOR vs. GSW,W,42,8,10,0.8,3,4,0.75,7,8,0.875,0,2,2,1,0,1,1,3,26,7,1,2018-19,Regular Season,1627783,Pascal Siakam
22018,1627783,0021800332,2018-12-01,TOR @ CLE,W,33,6,11,0.545,0,2,0.0,3,4,0.75,0,5,5,5,0,0,3,4,15,14,1,2018-19,Regular Season,1627783,Pascal Siakam
22018,1627783,0021800347,2018-12-03,TOR vs. DEN,L,29,7,10,0.7,0,2,0.0,0,0,0.0,1,5,6,7,2,0,3,2,14,-1,1,2018-19,Regular Season,1627783,Pascal Siakam
22018,1627783,0021800359,2018-12-05,TOR vs. PHI,W,31,3,8,0.375,0,0,0.0,0,0,0.0,5,3,8,6,1,0,0,4,6,2,1,2018-19,Regular Season,1627783,Pascal Siakam
22018,1627783,0021800371,2018-12-07,TOR @ BKN,L,37,6,15,0.4,1,3,0.333,3,4,0.75,1,5,6,2,1,2,1,2,16,2,1,2018-19,Regular Season,1627783,Pascal Siakam
22018,1627783,0021800388,2018-12-09,TOR vs. MIL,L,25,7,12,0.583,2,4,0.5,1,2,0.5,2,5,7,2,0,3,1,1,17,-5,1,2018-19,Regular Season,1627783,Pascal Siakam
22018,1627783,0021800404,2018-12-11,TOR @ LAC,W,27,6,9,0.667,1,2,0.5,0,0,0.0,0,3,3,5,1,0,1,3,13,29,1,2018-19,Regular Season,1627783,Pascal Siakam
22018,1627783,0021800415,2018-12-12,TOR @ GSW,W,35,5,10,0.5,1,2,0.5,2,2,1.0,0,3,3,3,2,1,5,2,13,15,1,2018-19,Regular Season,1627783,Pascal Siakam
22018,1627783,0021800427,2018-12-14,TOR @ POR,L,25,3,8,0.375,2,4,0.5,2,2,1.0,1,3,4,1,0,0,3,2,10,3,1,2018-19,Regular Season,1627783,Pascal Siakam
22018,1627783,0021800459,2018-12-19,TOR vs. IND,W,35,6,10,0.6,0,0,0.0,5,6,0.833,1,6,7,4,3,1,2,4,17,4,1,2018-19,Regular Season,1627783,Pascal Siakam
22018,1627783,0021800470,2018-12-21,TOR vs. CLE,W,37,6,17,0.353,2,5,0.4,1,3,0.333,5,5,10,3,1,1,1,1,15,17,1,2018-19,Regular Season,1627783,Pascal Siakam
22018,1627783,0021800481,2018-12-22,TOR @ PHI,L,37,11,21,0.524,0,6,0.0,4,4,1.0,2,4,6,2,1,0,0,1,26,-21,1,2018-19,Regular Season,1627783,Pascal Siakam
22018,1627783,0021800506,2018-12-26,TOR @ MIA,W,34,4,7,0.571,0,1,0.0,2,3,0.667,0,9,9,2,1,1,6,5,10,0,1,2018-19,Regular Season,1627783,Pascal Siakam
22018,1627783,0021800519,2018-12-28,TOR @ ORL,L,29,1,8,0.125,0,2,0.0,2,3,0.667,1,3,4,2,0,0,2,4,4,-20,1,2018-19,Regular Season,1627783,Pascal Siakam
22018,1627783,0021800538,2018-12-30,TOR vs. CHI,W,34,7,12,0.583,1,1,1.0,5,6,0.833,6,6,12,4,0,0,3,3,20,2,1,2018-19,Regular Season,1627783,Pascal Siakam
22018,1627783,0021800549,2019-01-01,TOR vs. UTA,W,32,9,15,0.6,3,4,0.75,7,7,1.0,1,9,10,1,0,0,1,3,28,12,1,2018-19,Regular Season,1627783,Pascal Siakam
22018,1627783,0021800563,2019-01-03,TOR @ SAS,L,27,4,8,0.5,0,2,0.0,2,2,1.0,0,6,6,7,1,1,4,4,10,-17,1,2018-19,Regular Season,1627783,Pascal Siakam
22018,1627783,0021800580,2019-01-05,TOR @ MIL,W,39,11,15,0.733,3,5,0.6,5,7,0.714,2,2,4,3,0,2,0,4,30,16,1,2018-19,Regular Season,1627783,Pascal Siakam
22018,1627783,0021800589,2019-01-06,TOR vs. IND,W,26,4,8,0.5,0,1,0.0,4,4,1.0,2,8,10,4,0,0,3,1,12,5,1,2018-19,Regular Season,1627783,Pascal Siakam
22018,1627783,0021800602,2019-01-08,TOR vs. ATL,W,35,6,13,0.462,0,3,0.0,1,4,0.25,1,9,10,3,1,1,4,5,13,5,1,2018-19,Regular Season,1627783,Pascal Siakam
22018,1627783,0021800624,2019-01-11,TOR vs. BKN,W,26,6,13,0.462,0,2,0.0,4,7,0.571,2,4,6,2,1,0,1,3,16,20,1,2018-19,Regular Season,1627783,Pascal Siakam
22018,1627783,0021800639,2019-01-13,TOR @ WAS,W,44,9,16,0.563,0,2,0.0,6,6,1.0,5,14,19,2,3,2,5,6,24,-5,1,2018-19,Regular Season,1627783,Pascal Siakam
22018,1627783,0021800658,2019-01-16,TOR @ BOS,L,36,3,6,0.5,0,0,0.0,0,0,0.0,1,3,4,7,1,0,3,4,6,1,1,2018-19,Regular Season,1627783,Pascal Siakam
22018,1627783,0021800668,2019-01-17,TOR vs. PHX,W,33,4,8,0.5,0,3,0.0,2,2,1.0,2,10,12,5,1,2,1,1,10,-3,1,2018-19,Regular Season,1627783,Pascal Siakam
22018,1627783,0021800684,2019-01-19,TOR vs. MEM,W,29,7,12,0.583,0,1,0.0,3,4,0.75,2,6,8,2,1,0,0,2,17,40,1,2018-19,Regular Season,1627783,Pascal Siakam
22018,1627783,0021800702,2019-01-22,TOR vs. SAC,W,31,8,14,0.571,1,4,0.25,1,1,1.0,1,3,4,1,1,1,2,3,18,11,1,2018-19,Regular Season,1627783,Pascal Siakam
22018,1627783,0021800706,2019-01-23,TOR @ IND,L,37,5,16,0.313,1,4,0.25,5,5,1.0,3,6,9,4,0,0,0,4,16,-12,1,2018-19,Regular Season,1627783,Pascal Siakam
22018,1627783,0021800724,2019-01-25,TOR @ HOU,L,34,9,15,0.6,2,2,1.0,2,2,1.0,4,8,12,3,0,0,2,3,22,6,1,2018-19,Regular Season,1627783,Pascal Siakam
22018,1627783,0021800739,2019-01-27,TOR @ DAL,W,37,4,11,0.364,1,3,0.333,5,5,1.0,1,4,5,2,1,0,1,4,14,9,1,2018-19,Regular Season,1627783,Pascal Siakam
22018,1627783,0021800766,2019-01-31,TOR vs. MIL,L,38,12,19,0.632,2,3,0.667,2,3,0.667,1,2,3,3,1,0,3,4,28,-15,1,2018-19,Regular Season,1627783,Pascal Siakam
22018,1627783,0021800789,2019-02-03,TOR vs. LAC,W,22,4,10,0.4,1,4,0.25,6,7,0.857,1,3,4,0,0,1,1,2,15,13,1,2018-19,Regular Season,1627783,Pascal Siakam
22018,1627783,0021800800,2019-02-05,TOR @ PHI,W,30,7,15,0.467,2,6,0.333,0,3,0.0,2,4,6,2,1,0,2,2,16,8,1,2018-19,Regular Season,1627783,Pascal Siakam
22018,1627783,0021800813,2019-02-07,TOR @ ATL,W,40,12,20,0.6,2,5,0.4,7,9,0.778,4,10,14,4,2,1,2,3,33,23,1,2018-19,Regular Season,1627783,Pascal Siakam
22018,1627783,0021800828,2019-02-09,TOR @ NYK,W,33,3,13,0.231,0,3,0.0,4,5,0.8,2,6,8,2,1,0,0,2,10,13,1,2018-19,Regular Season,1627783,Pascal Siakam
22018,1627783,0021800842,2019-02-11,TOR vs. BKN,W,35,6,13,0.462,0,1,0.0,5,6,0.833,0,4,4,4,2,0,3,2,17,-1,1,2018-19,Regular Season,1627783,Pascal Siakam
22018,1627783,0021800857,2019-02-13,TOR vs. WAS,W,33,15,25,0.6,4,5,0.8,10,12,0.833,3,7,10,2,0,3,4,5,44,23,1,2018-19,Regular Season,1627783,Pascal Siakam
22018,1627783,0021800876,2019-02-22,TOR vs. SAS,W,33,7,10,0.7,2,2,1.0,6,9,0.667,1,2,3,6,2,0,2,4,22,-8,1,2018-19,Regular Season,1627783,Pascal Siakam
22018,1627783,0021800894,2019-02-24,TOR vs. ORL,L,37,3,10,0.3,2,4,0.5,2,2,1.0,0,11,11,3,0,2,0,1,10,-5,1,2018-19,Regular Season,1627783,Pascal Siakam
22018,1627783,0021800909,2019-02-26,TOR vs. BOS,W,30,10,16,0.625,4,5,0.8,1,1,1.0,1,7,8,2,2,1,0,1,25,22,1,2018-19,Regular Season,1627783,Pascal Siakam
22018,1627783,0021800930,2019-03-01,TOR vs. POR,W,35,4,8,0.5,2,4,0.5,6,8,0.75,0,4,4,4,0,0,3,4,16,19,1,2018-19,Regular Season,1627783,Pascal Siakam
22018,1627783,0021800949,2019-03-03,TOR @ DET,L,44,10,20,0.5,1,4,0.25,0,2,0.0,1,8,9,5,0,0,3,5,21,2,1,2018-19,Regular Season,1627783,Pascal Siakam
22018,1627783,0021800961,2019-03-05,TOR vs. HOU,L,38,7,12,0.583,2,4,0.5,1,4,0.25,4,6,10,3,0,0,2,1,17,11,1,2018-19,Regular Season,1627783,Pascal Siakam
22018,1627783,0021800983,2019-03-08,TOR @ NOP,W,29,7,15,0.467,1,4,0.25,4,4,1.0,1,4,5,4,1,2,2,1,19,10,1,2018-19,Regular Season,1627783,Pascal Siakam
22018,1627783,0021800993,2019-03-10,TOR @ MIA,W,29,8,12,0.667,1,2,0.5,3,5,0.6,1,4,5,5,1,1,1,2,20,12,1,2018-19,Regular Season,1627783,Pascal Siakam
22018,1627783,0021801001,2019-03-11,TOR @ CLE,L,29,6,13,0.462,0,4,0.0,3,3,1.0,1,3,4,3,1,0,2,5,15,-15,1,2018-19,Regular Season,1627783,Pascal Siakam
22018,1627783,0021801023,2019-03-14,TOR vs. LAL,W,39,3,16,0.188,0,4,0.0,10,12,0.833,3,2,5,6,2,2,3,0,16,14,1,2018-19,Regular Season,1627783,Pascal Siakam
22018,1627783,0021801044,2019-03-17,TOR @ DET,L,32,6,13,0.462,0,2,0.0,0,0,0.0,0,3,3,3,1,0,1,6,12,-7,2,2018-19,Regular Season,1627783,Pascal Siakam
22018,1627783,0021801053,2019-03-18,TOR vs. NYK,W,30,9,14,0.643,1,3,0.333,0,2,0.0,2,6,8,5,0,1,1,3,19,37,1,2018-19,Regular Season,1627783,Pascal Siakam
22018,1627783,0021801072,2019-03-20,TOR @ OKC,W,43,14,21,0.667,1,4,0.25,4,4,1.0,2,11,13,6,2,1,5,5,33,9,1,2018-19,Regular Season,1627783,Pascal Siakam
22018,1627783,0021801083,2019-03-22,TOR vs. OKC,L,36,9,14,0.643,2,3,0.667,5,5,1.0,2,3,5,2,2,1,7,5,25,-4,1,2018-19,Regular Season,1627783,Pascal Siakam
22018,1627783,0021801098,2019-03-24,TOR vs. CHA,L,36,9,14,0.643,1,1,1.0,4,4,1.0,0,7,7,5,1,1,5,3,23,8,1,2018-19,Regular Season,1627783,Pascal Siakam
22018,1627783,0021801110,2019-03-26,TOR vs. CHI,W,21,6,10,0.6,0,0,0.0,1,1,1.0,1,4,5,2,0,0,2,1,13,2,1,2018-19,Regular Season,1627783,Pascal Siakam
22018,1627783,0021801125,2019-03-28,TOR @ NYK,W,31,11,19,0.579,2,6,0.333,7,8,0.875,2,3,5,5,1,1,0,4,31,31,1,2018-19,Regular Season,1627783,Pascal Siakam
22018,1627783,0021801156,2019-04-01,TOR vs. ORL,W,28,2,9,0.222,1,3,0.333,1,2,0.5,1,2,3,4,0,0,2,2,6,3,1,2018-19,Regular Season,1627783,Pascal Siakam
22018,1627783,0021801169,2019-04-03,TOR @ BKN,W,36,11,21,0.524,3,7,0.429,3,4,0.75,5,5,10,5,0,0,1,2,28,21,1,2018-19,Regular Season,1627783,Pascal Siakam
22018,1627783,0021801180,2019-04-05,TOR @ CHA,L,29,5,9,0.556,2,3,0.667,2,2,1.0,0,5,5,3,0,0,2,4,14,6,1,2018-19,Regular Season,1627783,Pascal Siakam
22018,1627783,0021801195,2019-04-07,TOR vs. MIA,W,37,8,10,0.8,3,5,0.6,4,4,1.0,1,9,10,1,0,0,3,2,23,19,1,2018-19,Regular Season,1627783,Pascal Siakam
22018,1627783,0021801214,2019-04-09,TOR @ MIN,W,18,4,6,0.667,1,2,0.5,1,2,0.5,0,4,4,2,1,0,2,4,10,-2,1,2018-19,Regular Season,1627783,Pascal Siakam
42018,1627783,0041800111,2019-04-13,TOR vs. ORL,L,42,12,24,0.5,0,4,0.0,0,0,0.0,3,6,9,4,1,2,1,3,24,-4,1,2018-19,Playoffs,1627783,Pascal Siakam
42018,1627783,0041800112,2019-04-16,TOR vs. ORL,W,37,8,16,0.5,0,3,0.0,3,3,1.0,2,8,10,1,0,0,0,2,19,21,1,2018-19,Playoffs,1627783,Pascal Siakam
42018,1627783,0041800113,2019-04-19,TOR @ ORL,W,42,13,20,0.65,3,4,0.75,1,1,1.0,3,8,11,4,0,0,0,3,30,13,1,2018-19,Playoffs,1627783,Pascal Siakam
42018,1627783,0041800114,2019-04-21,TOR @ ORL,W,36,7,14,0.5,2,6,0.333,0,0,0.0,0,6,6,2,0,1,2,0,16,11,1,2018-19,Playoffs,1627783,Pascal Siakam
42018,1627783,0041800115,2019-04-23,TOR vs. ORL,W,32,8,16,0.5,3,5,0.6,5,6,0.833,0,6,6,4,0,1,2,2,24,22,1,2018-19,Playoffs,1627783,Pascal Siakam
42018,1627783,0041800211,2019-04-27,TOR vs. PHI,W,35,12,15,0.8,3,4,0.75,2,4,0.5,0,7,7,1,0,0,3,3,29,15,1,2018-19,Playoffs,1627783,Pascal Siakam
42018,1627783,0041800212,2019-04-29,TOR vs. PHI,L,40,9,25,0.36,2,7,0.286,1,2,0.5,2,5,7,3,4,1,2,5,21,0,1,2018-19,Playoffs,1627783,Pascal Siakam
42018,1627783,0041800213,2019-05-02,TOR @ PHI,L,34,7,15,0.467,0,3,0.0,6,8,0.75,2,1,3,1,1,1,0,3,20,-18,1,2018-19,Playoffs,1627783,Pascal Siakam
42018,1627783,0041800214,2019-05-05,TOR @ PHI,W,29,2,10,0.2,0,4,0.0,5,6,0.833,0,3,3,2,3,0,0,4,9,-5,1,2018-19,Playoffs,1627783,Pascal Siakam
42018,1627783,0041800215,2019-05-07,TOR vs. PHI,W,34,7,19,0.368,2,7,0.286,9,10,0.9,0,8,8,3,2,1,1,1,25,35,1,2018-19,Playoffs,1627783,Pascal Siakam
42018,1627783,0041800216,2019-05-09,TOR @ PHI,L,33,8,16,0.5,2,6,0.333,3,4,0.75,4,2,6,3,2,0,3,3,21,-21,1,2018-19,Playoffs,1627783,Pascal Siakam
42018,1627783,0041800217,2019-05-12,TOR vs. PHI,W,38,4,11,0.364,0,2,0.0,3,4,0.75,2,9,11,2,2,0,1,3,11,-6,1,2018-19,Playoffs,1627783,Pascal Siakam
42018,1627783,0041800301,2019-05-15,TOR @ MIL,L,42,6,20,0.3,2,9,0.222,1,2,0.5,2,4,6,3,0,1,1,3,15,1,1,2018-19,Playoffs,1627783,Pascal Siakam
42018,1627783,0041800302,2019-05-17,TOR @ MIL,L,26,4,9,0.444,0,2,0.0,0,0,0.0,1,0,1,2,1,0,0,6,8,-21,1,2018-19,Playoffs,1627783,Pascal Siakam
42018,1627783,0041800303,2019-05-19,TOR vs. MIL,W,51,9,18,0.5,2,5,0.4,5,9,0.556,1,10,11,1,3,1,3,4,25,12,1,2018-19,Playoffs,1627783,Pascal Siakam
42018,1627783,0041800304,2019-05-21,TOR vs. MIL,W,23,3,6,0.5,0,2,0.0,1,1,1.0,1,3,4,6,0,0,2,5,7,2,1,2018-19,Playoffs,1627783,Pascal Siakam
42018,1627783,0041800305,2019-05-23,TOR @ MIL,W,36,5,15,0.333,2,7,0.286,2,2,1.0,3,10,13,2,1,3,1,4,14,8,1,2018-19,Playoffs,1627783,Pascal Siakam
42018,1627783,0041800306,2019-05-25,TOR vs. MIL,W,41,7,17,0.412,1,3,0.333,3,4,0.75,2,2,4,0,1,1,2,2,18,8,1,2018-19,Playoffs,1627783,Pascal Siakam
42018,1627783,0041800401,2019-05-30,TOR vs. GSW,W,40,14,17,0.824,2,3,0.667,2,2,1.0,3,5,8,5,1,2,2,3,32,4,1,2018-19,Playoffs,1627783,Pascal Siakam
42018,1627783,0041800402,2019-06-02,TOR vs. GSW,L,41,5,18,0.278,0,3,0.0,2,4,0.5,3,5,8,5,0,0,0,4,12,-4,1,2018-19,Playoffs,1627783,Pascal Siakam
42018,1627783,0041800403,2019-06-05,TOR @ GSW,W,39,8,16,0.5,0,3,0.0,2,2,1.0,1,8,9,6,0,0,2,0,18,22,1,2018-19,Playoffs,1627783,Pascal Siakam
42018,1627783,0041800404,2019-06-07,TOR @ GSW,W,41,6,14,0.429,0,2,0.0,7,8,0.875,2,4,6,1,0,1,1,0,19,5,1,2018-19,Playoffs,1627783,Pascal Siakam
42018,1627783,0041800405,2019-06-10,TOR vs. GSW,L,34,6,15,0.4,0,4,0.0,0,1,0.0,1,3,4,2,1,0,2,2,12,-5,1,2018-19,Playoffs,1627783,Pascal Siakam
42018,1627783,0041800406,2019-06-13,TOR @ GSW,W,46,10,17,0.588,3,6,0.5,3,4,0.75,2,8,10,3,1,1,2,2,26,2,1,2018-19,Playoffs,1627783,Pascal Siakam
22018,1628378,0021800011,2018-10-17,UTA @ SAC,W,36,8,21,0.381,3,10,0.3,5,6,0.833,0,3,3,2,2,0,4,5,24,-12,1,2018-19,Regular Season,1628378,Donovan Mitchell
22018,1628378,0021800024,2018-10-19,UTA vs. GSW,L,35,7,23,0.304,4,12,0.333,1,2,0.5,1,1,2,3,2,0,0,2,19,5,1,2018-19,Regular Season,1628378,Donovan Mitchell
22018,1628378,0021800045,2018-10-22,UTA vs. MEM,L,37,6,17,0.353,1,7,0.143,1,2,0.5,0,3,3,4,2,0,6,2,14,-3,1,2018-19,Regular Season,1628378,Donovan Mitchell
22018,1628378,0021800057,2018-10-24,UTA @ HOU,W,39,14,25,0.56,4,9,0.444,6,8,0.75,0,5,5,7,0,0,3,1,38,12,1,2018-19,Regular Season,1628378,Donovan Mitchell
22018,1628378,0021800075,2018-10-27,UTA @ NOP,W,33,7,10,0.7,3,4,0.75,5,6,0.833,0,2,2,6,1,0,1,2,22,25,1,2018-19,Regular Season,1628378,Donovan Mitchell
22018,1628378,0021800084,2018-10-28,UTA @ DAL,W,35,10,19,0.526,0,3,0.0,0,0,0.0,1,0,1,4,1,1,5,5,20,-8,1,2018-19,Regular Season,1628378,Donovan Mitchell
22018,1628378,0021800107,2018-10-31,UTA @ MIN,L,31,10,24,0.417,3,5,0.6,3,3,1.0,1,0,1,5,1,1,1,2,26,-6,1,2018-19,Regular Season,1628378,Donovan Mitchell
22018,1628378,0021800131,2018-11-03,UTA @ DEN,L,32,7,22,0.318,0,7,0.0,2,2,1.0,0,5,5,2,5,0,0,2,16,-12,1,2018-19,Regular Season,1628378,Donovan Mitchell
22018,1628378,0021800160,2018-11-07,UTA vs. DAL,W,33,9,17,0.529,3,8,0.375,2,2,1.0,1,4,5,7,2,0,1,2,23,9,1,2018-19,Regular Season,1628378,Donovan Mitchell
22018,1628378,0021800172,2018-11-09,UTA vs. BOS,W,34,5,14,0.357,1,6,0.167,10,13,0.769,0,2,2,5,2,0,5,1,21,-2,1,2018-19,Regular Season,1628378,Donovan Mitchell
22018,1628378,0021800194,2018-11-12,UTA @ MEM,W,36,3,14,0.214,0,2,0.0,6,6,1.0,0,1,1,4,1,0,1,3,12,15,1,2018-19,Regular Season,1628378,Donovan Mitchell
22018,1628378,0021800210,2018-11-14,UTA @ DAL,L,25,3,9,0.333,1,3,0.333,3,3,1.0,2,1,3,3,0,1,5,1,10,-12,1,2018-19,Regular Season,1628378,Donovan Mitchell
22018,1628378,0021800218,2018-11-16,UTA @ PHI,L,34,13,35,0.371,1,11,0.091,4,7,0.571,0,2,2,0,4,1,1,3,31,1,1,2018-19,Regular Season,1628378,Donovan Mitchell
22018,1628378,0021800229,2018-11-17,UTA @ BOS,W,36,10,21,0.476,5,12,0.417,3,4,0.75,0,3,3,6,3,1,3,2,28,15,1,2018-19,Regular Season,1628378,Donovan Mitchell
22018,1628378,0021800241,2018-11-19,UTA @ IND,L,32,3,8,0.375,0,1,0.0,1,2,0.5,0,1,1,1,0,1,3,2,7,-19,1,2018-19,Regular Season,1628378,Donovan Mitchell
22018,1628378,0021800263,2018-11-21,UTA vs. SAC,L,32,13,23,0.565,4,9,0.444,5,5,1.0,0,2,2,3,0,1,1,5,35,-8,1,2018-19,Regular Season,1628378,Donovan Mitchell
22018,1628378,0021800278,2018-11-23,UTA @ LAL,L,12,2,9,0.222,0,4,0.0,0,0,0.0,0,3,3,1,2,0,2,1,4,-2,1,2018-19,Regular Season,1628378,Donovan Mitchell
22018,1628378,0021800308,2018-11-28,UTA @ BKN,W,36,12,24,0.5,2,8,0.25,3,4,0.75,0,5,5,1,4,0,4,4,29,5,1,2018-19,Regular Season,1628378,Donovan Mitchell
22018,1628378,0021800320,2018-11-30,UTA @ CHA,W,34,12,22,0.545,2,7,0.286,4,5,0.8,1,5,6,6,1,0,3,0,30,6,1,2018-19,Regular Season,1628378,Donovan Mitchell
22018,1628378,0021800339,2018-12-02,UTA @ MIA,L,38,8,24,0.333,1,7,0.143,1,1,1.0,0,5,5,3,1,0,2,2,18,-5,1,2018-19,Regular Season,1628378,Donovan Mitchell
22018,1628378,0021800354,2018-12-04,UTA vs. SAS,W,25,7,13,0.538,4,6,0.667,2,2,1.0,1,0,1,2,2,0,1,3,20,18,1,2018-19,Regular Season,1628378,Donovan Mitchell
22018,1628378,0021800367,2018-12-06,UTA vs. HOU,W,26,3,9,0.333,0,3,0.0,0,0,0.0,0,1,1,2,2,0,2,4,6,16,1,2018-19,Regular Season,1628378,Donovan Mitchell
22018,1628378,0021800390,2018-12-09,UTA @ SAS,L,35,8,21,0.381,3,8,0.375,8,10,0.8,1,4,5,1,2,1,2,3,27,-22,1,2018-19,Regular Season,1628378,Donovan Mitchell
22018,1628378,0021800396,2018-12-10,UTA @ OKC,L,27,6,15,0.4,3,8,0.375,4,4,1.0,0,4,4,0,1,0,6,5,19,-21,1,2018-19,Regular Season,1628378,Donovan Mitchell
22018,1628378,0021800413,2018-12-12,UTA vs. MIA,W,26,9,17,0.529,2,5,0.4,1,1,1.0,2,3,5,3,2,0,3,2,21,25,1,2018-19,Regular Season,1628378,Donovan Mitchell
22018,1628378,0021800429,2018-12-15,UTA @ ORL,L,34,8,21,0.381,2,5,0.4,6,6,1.0,0,1,1,1,1,0,0,5,24,0,1,2018-19,Regular Season,1628378,Donovan Mitchell
22018,1628378,0021800445,2018-12-17,UTA @ HOU,L,39,8,22,0.364,2,8,0.25,5,7,0.714,1,7,8,5,3,0,4,2,23,-3,1,2018-19,Regular Season,1628378,Donovan Mitchell
22018,1628378,0021800464,2018-12-19,UTA vs. GSW,W,36,5,26,0.192,2,11,0.182,5,7,0.714,1,4,5,6,2,1,6,3,17,5,1,2018-19,Regular Season,1628378,Donovan Mitchell
22018,1628378,0021800476,2018-12-21,UTA @ POR,W,28,1,10,0.1,0,4,0.0,1,2,0.5,1,6,7,4,1,1,4,2,3,17,1,2018-19,Regular Season,1628378,Donovan Mitchell
22018,1628378,0021800485,2018-12-22,UTA vs. OKC,L,37,7,17,0.412,2,8,0.25,4,6,0.667,2,7,9,6,1,0,4,3,20,3,1,2018-19,Regular Season,1628378,Donovan Mitchell
22018,1628378,0021800501,2018-12-25,UTA vs. POR,W,31,8,18,0.444,2,5,0.4,1,4,0.25,0,2,2,2,1,0,2,4,19,8,1,2018-19,Regular Season,1628378,Donovan Mitchell
22018,1628378,0021800515,2018-12-27,UTA vs. PHI,L,33,10,20,0.5,3,10,0.3,0,0,0.0,1,3,4,3,3,0,4,4,23,-10,1,2018-19,Regular Season,1628378,Donovan Mitchell
22018,1628378,0021800532,2018-12-29,UTA vs. NYK,W,27,6,14,0.429,2,6,0.333,1,1,1.0,2,3,5,3,1,0,2,2,15,22,1,2018-19,Regular Season,1628378,Donovan Mitchell
22018,1628378,0021800549,2019-01-01,UTA @ TOR,L,35,7,23,0.304,2,8,0.25,3,3,1.0,1,3,4,3,1,0,0,2,19,-10,1,2018-19,Regular Season,1628378,Donovan Mitchell
22018,1628378,0021800567,2019-01-04,UTA @ CLE,W,32,7,12,0.583,3,4,0.75,1,2,0.5,1,2,3,5,0,0,1,2,18,28,1,2018-19,Regular Season,1628378,Donovan Mitchell
22018,1628378,0021800577,2019-01-05,UTA @ DET,W,38,10,21,0.476,1,3,0.333,5,6,0.833,0,5,5,5,3,1,2,3,26,-1,1,2018-19,Regular Season,1628378,Donovan Mitchell
22018,1628378,0021800594,2019-01-07,UTA @ MIL,L,40,8,24,0.333,6,12,0.5,4,4,1.0,2,1,3,1,1,0,7,4,26,-16,1,2018-19,Regular Season,1628378,Donovan Mitchell
22018,1628378,0021800614,2019-01-09,UTA vs. ORL,W,37,12,21,0.571,4,7,0.571,5,6,0.833,0,4,4,7,1,0,2,4,33,0,1,2018-19,Regular Season,1628378,Donovan Mitchell
22018,1628378,0021800627,2019-01-11,UTA vs. LAL,W,33,14,24,0.583,4,5,0.8,1,2,0.5,0,4,4,9,1,2,3,3,33,18,1,2018-19,Regular Season,1628378,Donovan Mitchell
22018,1628378,0021800637,2019-01-12,UTA vs. CHI,W,38,11,24,0.458,4,13,0.308,8,10,0.8,0,6,6,6,0,2,2,2,34,20,1,2018-19,Regular Season,1628378,Donovan Mitchell
22018,1628378,0021800648,2019-01-14,UTA vs. DET,W,36,9,21,0.429,3,7,0.429,7,9,0.778,0,5,5,2,2,0,4,2,28,20,1,2018-19,Regular Season,1628378,Donovan Mitchell
22018,1628378,0021800664,2019-01-16,UTA @ LAC,W,35,10,22,0.455,0,5,0.0,8,8,1.0,0,2,2,6,3,0,5,0,28,23,1,2018-19,Regular Season,1628378,Donovan Mitchell
22018,1628378,0021800675,2019-01-18,UTA vs. CLE,W,26,9,15,0.6,2,5,0.4,4,5,0.8,0,2,2,4,2,0,2,4,24,18,1,2018-19,Regular Season,1628378,Donovan Mitchell
22018,1628378,0021800700,2019-01-21,UTA vs. POR,L,34,12,28,0.429,2,8,0.25,10,12,0.833,2,5,7,5,1,0,4,4,36,-7,1,2018-19,Regular Season,1628378,Donovan Mitchell
22018,1628378,0021800715,2019-01-23,UTA vs. DEN,W,38,12,25,0.48,6,10,0.6,5,9,0.556,2,4,6,6,2,2,2,3,35,21,1,2018-19,Regular Season,1628378,Donovan Mitchell
22018,1628378,0021800729,2019-01-25,UTA vs. MIN,W,38,7,24,0.292,2,6,0.333,8,10,0.8,2,5,7,11,1,1,3,4,24,7,1,2018-19,Regular Season,1628378,Donovan Mitchell
22018,1628378,0021800740,2019-01-27,UTA @ MIN,W,36,10,22,0.455,2,6,0.333,7,10,0.7,1,3,4,5,0,0,1,1,29,7,1,2018-19,Regular Season,1628378,Donovan Mitchell
22018,1628378,0021800763,2019-01-30,UTA @ POR,L,27,8,16,0.5,1,3,0.333,5,6,0.833,2,2,4,2,1,0,2,2,22,-28,1,2018-19,Regular Season,1628378,Donovan Mitchell
22018,1628378,0021800773,2019-02-01,UTA vs. ATL,W,33,7,18,0.389,0,2,0.0,1,1,1.0,0,3,3,5,1,0,3,3,15,17,1,2018-19,Regular Season,1628378,Donovan Mitchell
22018,1628378,0021800786,2019-02-02,UTA vs. HOU,L,36,7,24,0.292,2,10,0.2,10,11,0.909,2,4,6,9,1,0,5,2,26,-8,1,2018-19,Regular Season,1628378,Donovan Mitchell
22018,1628378,0021800808,2019-02-06,UTA vs. PHX,W,32,8,21,0.381,1,4,0.25,4,5,0.8,0,3,3,2,1,0,1,3,21,8,1,2018-19,Regular Season,1628378,Donovan Mitchell
22018,1628378,0021800825,2019-02-09,UTA vs. SAS,W,39,9,22,0.409,2,9,0.222,3,4,0.75,1,4,5,5,3,0,2,2,23,21,1,2018-19,Regular Season,1628378,Donovan Mitchell
22018,1628378,0021800852,2019-02-12,UTA @ GSW,L,36,10,29,0.345,3,8,0.375,2,3,0.667,2,5,7,2,0,0,3,4,25,-13,1,2018-19,Regular Season,1628378,Donovan Mitchell
22018,1628378,0021800881,2019-02-22,UTA @ OKC,L,46,14,35,0.4,4,10,0.4,6,6,1.0,1,3,4,5,0,1,3,2,38,-16,1,2018-19,Regular Season,1628378,Donovan Mitchell
22018,1628378,0021800893,2019-02-23,UTA vs. DAL,W,33,8,14,0.571,2,4,0.5,7,7,1.0,0,8,8,6,0,1,2,4,25,11,1,2018-19,Regular Season,1628378,Donovan Mitchell
22018,1628378,0021800919,2019-02-27,UTA vs. LAC,W,36,10,22,0.455,3,9,0.333,9,12,0.75,0,4,4,4,0,1,6,2,32,8,1,2018-19,Regular Season,1628378,Donovan Mitchell
22018,1628378,0021800926,2019-02-28,UTA @ DEN,W,36,9,19,0.474,4,8,0.5,2,4,0.5,1,7,8,5,0,0,4,4,24,-14,1,2018-19,Regular Season,1628378,Donovan Mitchell
22018,1628378,0021800943,2019-03-02,UTA vs. MIL,W,39,15,32,0.469,5,10,0.5,11,14,0.786,2,1,3,6,2,1,3,3,46,10,1,2018-19,Regular Season,1628378,Donovan Mitchell
22018,1628378,0021800956,2019-03-04,UTA vs. NOP,L,35,8,24,0.333,1,9,0.111,2,2,1.0,1,1,2,9,0,1,6,3,19,-7,1,2018-19,Regular Season,1628378,Donovan Mitchell
22018,1628378,0021800971,2019-03-06,UTA @ NOP,W,33,10,18,0.556,2,4,0.5,0,0,0.0,4,3,7,1,2,1,8,4,22,8,1,2018-19,Regular Season,1628378,Donovan Mitchell
22018,1628378,0021800982,2019-03-08,UTA @ MEM,L,39,12,24,0.5,5,9,0.556,9,12,0.75,2,2,4,5,0,1,3,3,38,4,1,2018-19,Regular Season,1628378,Donovan Mitchell
22018,1628378,0021801005,2019-03-11,UTA vs. OKC,L,37,8,22,0.364,3,8,0.375,6,8,0.75,0,4,4,5,5,1,3,1,25,-10,1,2018-19,Regular Season,1628378,Donovan Mitchell
22018,1628378,0021801019,2019-03-13,UTA @ PHX,W,34,10,18,0.556,4,6,0.667,2,2,1.0,0,5,5,2,1,0,2,2,26,21,1,2018-19,Regular Season,1628378,Donovan Mitchell
22018,1628378,0021801024,2019-03-14,UTA vs. MIN,W,32,8,17,0.471,1,6,0.167,7,9,0.778,1,2,3,6,0,1,1,2,24,11,1,2018-19,Regular Season,1628378,Donovan Mitchell
22018,1628378,0021801041,2019-03-16,UTA vs. BKN,W,35,9,21,0.429,4,7,0.571,2,2,1.0,2,4,6,4,1,0,4,2,24,8,1,2018-19,Regular Season,1628378,Donovan Mitchell
22018,1628378,0021801051,2019-03-18,UTA @ WAS,W,32,8,18,0.444,3,7,0.429,0,0,0.0,0,1,1,2,1,1,3,3,19,14,1,2018-19,Regular Season,1628378,Donovan Mitchell
22018,1628378,0021801068,2019-03-20,UTA @ NYK,W,29,12,20,0.6,5,9,0.556,1,2,0.5,1,2,3,5,1,0,3,4,30,16,1,2018-19,Regular Season,1628378,Donovan Mitchell
22018,1628378,0021801076,2019-03-21,UTA @ ATL,L,36,15,32,0.469,2,6,0.333,2,3,0.667,3,1,4,2,1,2,3,2,34,0,1,2018-19,Regular Season,1628378,Donovan Mitchell
22018,1628378,0021801090,2019-03-23,UTA @ CHI,W,26,5,8,0.625,2,2,1.0,4,4,1.0,0,8,8,3,0,0,1,3,16,19,1,2018-19,Regular Season,1628378,Donovan Mitchell
22018,1628378,0021801105,2019-03-25,UTA vs. PHX,W,27,4,14,0.286,2,4,0.5,0,0,0.0,0,4,4,3,2,0,3,5,10,1,1,2018-19,Regular Season,1628378,Donovan Mitchell
22018,1628378,0021801121,2019-03-27,UTA vs. LAL,W,35,3,11,0.273,1,5,0.2,4,6,0.667,0,4,4,4,0,0,2,1,11,24,1,2018-19,Regular Season,1628378,Donovan Mitchell
22018,1628378,0021801134,2019-03-29,UTA vs. WAS,W,38,13,23,0.565,3,5,0.6,6,6,1.0,1,4,5,5,0,1,5,2,35,-4,1,2018-19,Regular Season,1628378,Donovan Mitchell
22018,1628378,0021801159,2019-04-01,UTA vs. CHA,W,37,8,17,0.471,4,7,0.571,5,6,0.833,0,3,3,5,4,0,2,3,25,22,1,2018-19,Regular Season,1628378,Donovan Mitchell
22018,1628378,0021801174,2019-04-03,UTA @ PHX,W,35,9,19,0.474,4,7,0.571,7,7,1.0,1,4,5,6,0,0,1,2,29,11,1,2018-19,Regular Season,1628378,Donovan Mitchell
22018,1628378,0021801188,2019-04-05,UTA vs. SAC,W,32,9,19,0.474,2,5,0.4,3,3,1.0,0,5,5,9,1,0,0,0,23,17,1,2018-19,Regular Season,1628378,Donovan Mitchell
22018,1628378,0021801208,2019-04-07,UTA @ LAL,L,37,5,17,0.294,2,7,0.286,7,8,0.875,0,2,2,5,2,0,1,4,19,3,1,2018-19,Regular Season,1628378,Donovan Mitchell
22018,1628378,0021801217,2019-04-09,UTA vs. DEN,W,36,14,26,0.538,5,8,0.625,13,16,0.813,2,5,7,4,2,0,4,4,46,24,1,2018-19,Regular Season,1628378,Donovan Mitchell
42018,1628378,0041800171,2019-04-14,UTA @ HOU,L,35,7,18,0.389,3,7,0.429,2,3,0.667,1,4,5,0,1,0,5,1,19,-20,1,2018-19,Playoffs,1628378,Donovan Mitchell
42018,1628378,0041800172,2019-04-17,UTA @ HOU,L,37,5,19,0.263,1,8,0.125,0,2,0.0,0,1,1,6,2,0,4,5,11,-13,1,2018-19,Playoffs,1628378,Donovan Mitchell
42018,1628378,0041800173,2019-04-20,UTA vs. HOU,L,42,9,27,0.333,4,12,0.333,12,17,0.706,2,4,6,5,3,1,3,3,34,0,1,2018-19,Playoffs,1628378,Donovan Mitchell
42018,1628378,0041800174,2019-04-22,UTA vs. HOU,W,40,11,26,0.423,3,7,0.429,6,6,1.0,3,4,7,4,1,0,4,2,31,8,1,2018-19,Playoffs,1628378,Donovan Mitchell
42018,1628378,0041800175,2019-04-24,UTA @ HOU,L,39,4,22,0.182,0,9,0.0,4,5,0.8,1,5,6,1,1,0,5,4,12,-13,1,2018-19,Playoffs,1628378,Donovan Mitchell
22018,203944,0021800009,2018-10-17,NOP @ HOU,W,24,9,15,0.6,2,4,0.5,5,6,0.833,2,6,8,3,0,0,0,4,25,5,1,2018-19,Regular Season,203944,Julius Randle
22018,203944,0021800022,2018-10-19,NOP vs. SAC,W,24,6,12,0.5,1,2,0.5,0,4,0.0,0,14,14,0,0,0,1,4,13,14,1,2018-19,Regular Season,203944,Julius Randle
22018,203944,0021800050,2018-10-23,NOP vs. LAC,W,22,5,9,0.556,1,2,0.5,7,7,1.0,2,3,5,0,2,0,2,6,18,-6,1,2018-19,Regular Season,203944,Julius Randle
22018,203944,0021800072,2018-10-26,NOP vs. BKN,W,23,7,14,0.5,0,1,0.0,0,1,0.0,3,4,7,3,1,2,2,1,14,-12,1,2018-19,Regular Season,203944,Julius Randle
22018,203944,0021800075,2018-10-27,NOP vs. UTA,L,19,5,11,0.455,0,3,0.0,2,2,1.0,1,2,3,0,1,1,3,4,12,-17,1,2018-19,Regular Season,203944,Julius Randle
22018,203944,0021800095,2018-10-29,NOP @ DEN,L,27,8,13,0.615,0,0,0.0,8,11,0.727,1,7,8,6,1,1,5,4,24,-2,1,2018-19,Regular Season,203944,Julius Randle
22018,203944,0021800108,2018-10-31,NOP @ GSW,L,23,3,6,0.5,0,0,0.0,5,6,0.833,3,7,10,2,0,0,4,3,11,-20,1,2018-19,Regular Season,203944,Julius Randle
22018,203944,0021800116,2018-11-01,NOP @ POR,L,26,9,16,0.563,0,2,0.0,11,12,0.917,1,5,6,3,1,0,3,5,29,-13,1,2018-19,Regular Season,203944,Julius Randle
22018,203944,0021800130,2018-11-03,NOP @ SAS,L,26,3,9,0.333,0,2,0.0,4,12,0.333,2,4,6,2,1,1,2,2,10,-14,1,2018-19,Regular Season,203944,Julius Randle
22018,203944,0021800144,2018-11-05,NOP @ OKC,L,28,10,10,1.0,2,2,1.0,4,4,1.0,1,7,8,1,1,2,1,3,26,2,1,2018-19,Regular Season,203944,Julius Randle
22018,203944,0021800159,2018-11-07,NOP vs. CHI,W,24,5,8,0.625,1,2,0.5,1,2,0.5,1,4,5,5,0,0,2,2,12,4,1,2018-19,Regular Season,203944,Julius Randle
22018,203944,0021800176,2018-11-10,NOP vs. PHX,W,38,9,19,0.474,1,4,0.25,3,4,0.75,7,8,15,3,0,2,5,1,22,25,1,2018-19,Regular Season,203944,Julius Randle
22018,203944,0021800192,2018-11-12,NOP @ TOR,W,35,7,12,0.583,0,1,0.0,3,5,0.6,2,10,12,4,0,0,2,2,17,15,1,2018-19,Regular Season,203944,Julius Randle
22018,203944,0021800208,2018-11-14,NOP @ MIN,L,14,1,4,0.25,0,1,0.0,1,4,0.25,1,2,3,0,0,0,5,4,3,-7,1,2018-19,Regular Season,203944,Julius Randle
22018,203944,0021800222,2018-11-16,NOP vs. NYK,W,30,7,10,0.7,0,2,0.0,5,8,0.625,3,8,11,2,1,0,3,4,19,4,1,2018-19,Regular Season,203944,Julius Randle
22018,203944,0021800228,2018-11-17,NOP vs. DEN,W,27,8,13,0.615,0,1,0.0,5,7,0.714,4,6,10,3,3,1,1,3,21,-1,1,2018-19,Regular Season,203944,Julius Randle
22018,203944,0021800246,2018-11-19,NOP vs. SAS,W,25,9,13,0.692,0,1,0.0,3,3,1.0,6,8,14,10,1,0,0,2,21,12,1,2018-19,Regular Season,203944,Julius Randle
22018,203944,0021800253,2018-11-21,NOP @ PHI,L,28,6,13,0.462,2,2,1.0,8,9,0.889,4,6,10,3,0,1,2,5,22,-10,1,2018-19,Regular Season,203944,Julius Randle
22018,203944,0021800269,2018-11-23,NOP @ NYK,L,29,5,15,0.333,0,1,0.0,3,4,0.75,5,5,10,2,0,0,1,1,13,-3,1,2018-19,Regular Season,203944,Julius Randle
22018,203944,0021800280,2018-11-24,NOP @ WAS,L,39,10,16,0.625,1,3,0.333,8,10,0.8,2,13,15,7,1,0,2,4,29,-4,1,2018-19,Regular Season,203944,Julius Randle
22018,203944,0021800298,2018-11-26,NOP vs. BOS,L,21,3,8,0.375,0,1,0.0,9,10,0.9,2,3,5,2,1,1,3,2,15,-2,1,2018-19,Regular Season,203944,Julius Randle
22018,203944,0021800312,2018-11-28,NOP vs. WAS,W,26,10,15,0.667,0,1,0.0,3,3,1.0,4,8,12,0,1,1,7,3,23,18,1,2018-19,Regular Season,203944,Julius Randle
22018,203944,0021800324,2018-11-30,NOP @ MIA,L,26,2,6,0.333,0,1,0.0,4,6,0.667,2,8,10,2,0,1,4,2,8,-14,1,2018-19,Regular Season,203944,Julius Randle
22018,203944,0021800338,2018-12-02,NOP @ CHA,W,21,5,13,0.385,0,1,0.0,3,4,0.75,3,6,9,0,0,0,4,5,13,2,1,2018-19,Regular Season,203944,Julius Randle
22018,203944,0021800349,2018-12-03,NOP vs. LAC,L,39,15,24,0.625,3,4,0.75,4,7,0.571,1,7,8,4,0,0,0,6,37,7,1,2018-19,Regular Season,203944,Julius Randle
22018,203944,0021800363,2018-12-05,NOP vs. DAL,W,35,11,16,0.688,2,3,0.667,3,7,0.429,2,16,18,1,0,0,1,2,27,20,1,2018-19,Regular Season,203944,Julius Randle
22018,203944,0021800374,2018-12-07,NOP vs. MEM,L,35,10,19,0.526,1,3,0.333,5,8,0.625,3,10,13,3,2,0,2,3,26,7,1,2018-19,Regular Season,203944,Julius Randle
22018,203944,0021800387,2018-12-09,NOP @ DET,W,34,11,19,0.579,0,2,0.0,6,7,0.857,2,4,6,5,0,2,1,5,28,18,1,2018-19,Regular Season,203944,Julius Randle
22018,203944,0021800393,2018-12-10,NOP @ BOS,L,28,7,13,0.538,0,0,0.0,6,8,0.75,2,9,11,4,0,0,5,4,20,-4,1,2018-19,Regular Season,203944,Julius Randle
22018,203944,0021800411,2018-12-12,NOP vs. OKC,W,32,9,16,0.563,0,2,0.0,4,8,0.5,2,10,12,3,0,1,3,4,22,15,1,2018-19,Regular Season,203944,Julius Randle
22018,203944,0021800441,2018-12-16,NOP vs. MIA,L,30,6,13,0.462,1,1,1.0,4,5,0.8,2,8,10,2,1,1,1,4,17,-9,1,2018-19,Regular Season,203944,Julius Randle
22018,203944,0021800478,2018-12-21,NOP @ LAL,L,34,9,15,0.6,0,1,0.0,3,5,0.6,0,8,8,2,0,1,3,3,21,-16,1,2018-19,Regular Season,203944,Julius Randle
22018,203944,0021800492,2018-12-23,NOP @ SAC,L,31,8,16,0.5,0,1,0.0,2,4,0.5,0,9,9,2,0,0,4,6,18,-3,1,2018-19,Regular Season,203944,Julius Randle
22018,203944,0021800509,2018-12-26,NOP @ DAL,L,37,5,16,0.313,2,4,0.5,11,13,0.846,0,4,4,3,1,0,2,5,23,14,1,2018-19,Regular Season,203944,Julius Randle
22018,203944,0021800523,2018-12-28,NOP vs. DAL,W,38,9,19,0.474,0,2,0.0,4,5,0.8,5,7,12,2,0,0,1,4,22,12,1,2018-19,Regular Season,203944,Julius Randle
22018,203944,0021800528,2018-12-29,NOP vs. HOU,L,40,10,19,0.526,1,2,0.5,2,4,0.5,4,7,11,4,2,1,4,2,23,-2,1,2018-19,Regular Season,203944,Julius Randle
22018,203944,0021800546,2018-12-31,NOP vs. MIN,W,38,13,23,0.565,2,4,0.5,5,6,0.833,3,7,10,3,0,0,0,5,33,-6,1,2018-19,Regular Season,203944,Julius Randle
22018,203944,0021800557,2019-01-02,NOP @ BKN,L,34,8,13,0.615,0,1,0.0,5,9,0.556,2,2,4,2,1,2,2,4,21,5,1,2018-19,Regular Season,203944,Julius Randle
22018,203944,0021800579,2019-01-05,NOP @ CLE,W,33,8,14,0.571,1,3,0.333,5,5,1.0,2,10,12,8,1,0,2,1,22,28,1,2018-19,Regular Season,203944,Julius Randle
22018,203944,0021800595,2019-01-07,NOP vs. MEM,W,33,5,9,0.556,0,1,0.0,5,6,0.833,1,8,9,2,0,0,4,3,15,0,1,2018-19,Regular Season,203944,Julius Randle
22018,203944,0021800612,2019-01-09,NOP vs. CLE,W,27,4,8,0.5,0,2,0.0,9,9,1.0,1,7,8,4,0,2,2,2,17,14,1,2018-19,Regular Season,203944,Julius Randle
22018,203944,0021800633,2019-01-12,NOP @ MIN,L,34,7,13,0.538,0,1,0.0,8,10,0.8,2,9,11,3,0,0,2,3,22,-10,1,2018-19,Regular Season,203944,Julius Randle
22018,203944,0021800650,2019-01-14,NOP @ LAC,W,33,10,19,0.526,0,3,0.0,7,9,0.778,1,5,6,5,1,0,3,2,27,21,2,2018-19,Regular Season,203944,Julius Randle
22018,203944,0021800663,2019-01-16,NOP @ GSW,L,22,6,8,0.75,3,3,1.0,8,8,1.0,0,7,7,3,0,0,1,4,23,-5,1,2018-19,Regular Season,203944,Julius Randle
22018,203944,0021800677,2019-01-18,NOP @ POR,L,37,8,16,0.5,1,3,0.333,2,2,1.0,1,8,9,4,1,2,4,5,19,-16,1,2018-19,Regular Season,203944,Julius Randle
22018,203944,0021800697,2019-01-21,NOP @ MEM,W,27,6,9,0.667,0,1,0.0,8,11,0.727,1,11,12,5,2,0,7,4,20,10,1,2018-19,Regular Season,203944,Julius Randle
22018,203944,0021800714,2019-01-23,NOP vs. DET,L,34,6,14,0.429,0,1,0.0,1,1,1.0,1,12,13,2,0,2,3,5,13,-1,1,2018-19,Regular Season,203944,Julius Randle
22018,203944,0021800805,2019-02-06,NOP @ CHI,W,31,10,18,0.556,4,6,0.667,7,9,0.778,3,4,7,3,0,0,2,2,31,12,1,2018-19,Regular Season,203944,Julius Randle
22018,203944,0021800823,2019-02-08,NOP vs. MIN,W,24,4,11,0.364,0,3,0.0,4,4,1.0,1,7,8,1,3,1,3,4,12,-15,1,2018-19,Regular Season,203944,Julius Randle
22018,203944,0021800831,2019-02-09,NOP @ MEM,L,31,7,13,0.538,0,3,0.0,7,11,0.636,3,3,6,2,1,1,4,4,21,-18,1,2018-19,Regular Season,203944,Julius Randle
22018,203944,0021800851,2019-02-12,NOP vs. ORL,L,22,6,11,0.545,3,5,0.6,0,0,0.0,0,4,4,4,0,2,3,2,15,-21,1,2018-19,Regular Season,203944,Julius Randle
22018,203944,0021800866,2019-02-14,NOP vs. OKC,W,39,11,21,0.524,2,3,0.667,9,12,0.75,4,7,11,6,1,1,4,3,33,19,1,2018-19,Regular Season,203944,Julius Randle
22018,203944,0021800874,2019-02-22,NOP @ IND,L,25,5,11,0.455,3,5,0.6,2,3,0.667,0,4,4,2,1,0,5,4,15,-11,1,2018-19,Regular Season,203944,Julius Randle
22018,203944,0021800887,2019-02-23,NOP vs. LAL,W,38,9,17,0.529,2,7,0.286,4,6,0.667,1,2,3,5,1,0,4,2,24,2,1,2018-19,Regular Season,203944,Julius Randle
22018,203944,0021800906,2019-02-25,NOP vs. PHI,L,34,6,18,0.333,0,1,0.0,7,9,0.778,6,8,14,1,3,2,0,4,19,1,1,2018-19,Regular Season,203944,Julius Randle
22018,203944,0021800921,2019-02-27,NOP @ LAL,L,40,11,22,0.5,2,7,0.286,11,12,0.917,1,5,6,3,1,1,2,4,35,-10,1,2018-19,Regular Season,203944,Julius Randle
22018,203944,0021800932,2019-03-01,NOP @ PHX,W,28,8,14,0.571,1,3,0.333,5,7,0.714,1,2,3,3,0,0,2,2,22,7,1,2018-19,Regular Season,203944,Julius Randle
22018,203944,0021800941,2019-03-02,NOP @ DEN,W,38,10,20,0.5,3,6,0.5,5,10,0.5,4,6,10,4,1,1,2,4,28,10,1,2018-19,Regular Season,203944,Julius Randle
22018,203944,0021800956,2019-03-04,NOP @ UTA,W,39,10,23,0.435,0,2,0.0,10,12,0.833,1,7,8,5,2,1,0,4,30,17,1,2018-19,Regular Season,203944,Julius Randle
22018,203944,0021800971,2019-03-06,NOP vs. UTA,L,35,9,18,0.5,1,3,0.333,4,6,0.667,0,6,6,3,0,1,5,5,23,-4,1,2018-19,Regular Season,203944,Julius Randle
22018,203944,0021800983,2019-03-08,NOP vs. TOR,L,32,6,15,0.4,0,4,0.0,6,7,0.857,3,6,9,7,0,0,4,2,18,-19,1,2018-19,Regular Season,203944,Julius Randle
22018,203944,0021800995,2019-03-10,NOP @ ATL,L,35,8,18,0.444,4,6,0.667,3,3,1.0,0,3,3,1,1,1,0,3,23,2,1,2018-19,Regular Season,203944,Julius Randle
22018,203944,0021801010,2019-03-12,NOP vs. MIL,L,36,10,19,0.526,1,6,0.167,2,4,0.5,3,3,6,4,1,0,4,4,23,-11,1,2018-19,Regular Season,203944,Julius Randle
22018,203944,0021801031,2019-03-15,NOP vs. POR,L,42,20,34,0.588,2,7,0.286,3,11,0.273,5,6,11,6,2,3,7,3,45,-9,2,2018-19,Regular Season,203944,Julius Randle
22018,203944,0021801036,2019-03-16,NOP vs. PHX,L,32,8,20,0.4,0,3,0.0,5,8,0.625,5,6,11,5,1,0,5,4,21,-5,1,2018-19,Regular Season,203944,Julius Randle
22018,203944,0021801056,2019-03-18,NOP @ DAL,W,34,14,24,0.583,2,4,0.5,0,1,0.0,3,6,9,4,1,1,1,3,30,5,1,2018-19,Regular Season,203944,Julius Randle
22018,203944,0021801066,2019-03-20,NOP @ ORL,L,22,1,9,0.111,0,2,0.0,4,5,0.8,1,2,3,2,0,0,6,3,6,-25,1,2018-19,Regular Season,203944,Julius Randle
22018,203944,0021801099,2019-03-24,NOP vs. HOU,L,26,6,13,0.462,0,1,0.0,3,3,1.0,2,1,3,2,0,0,1,3,15,-2,1,2018-19,Regular Season,203944,Julius Randle
22018,203944,0021801113,2019-03-26,NOP vs. ATL,L,34,7,13,0.538,1,4,0.25,9,11,0.818,4,5,9,5,1,0,6,3,24,-2,1,2018-19,Regular Season,203944,Julius Randle
22018,203944,0021801128,2019-03-28,NOP vs. SAC,W,31,12,25,0.48,3,5,0.6,7,7,1.0,4,7,11,3,0,0,3,3,34,10,1,2018-19,Regular Season,203944,Julius Randle
22018,203944,0021801147,2019-03-31,NOP vs. LAL,L,23,5,8,0.625,2,4,0.5,5,6,0.833,0,5,5,3,1,0,5,3,17,-4,1,2018-19,Regular Season,203944,Julius Randle
22018,203944,0021801171,2019-04-03,NOP vs. CHA,L,34,12,19,0.632,3,5,0.6,7,8,0.875,1,10,11,3,2,1,4,4,34,0,1,2018-19,Regular Season,203944,Julius Randle
22018,203944,0021801189,2019-04-05,NOP @ PHX,L,38,13,24,0.542,0,2,0.0,5,11,0.455,6,8,14,3,0,0,5,2,31,-14,1,2018-19,Regular Season,203944,Julius Randle
22018,1628389,0021800006,2018-10-17,MIA @ ORL,L,22,4,9,0.444,0,1,0.0,1,2,0.5,2,6,8,2,1,0,1,3,9,-6,1,2018-19,Regular Season,1628389,Bam Adebayo
22018,1628389,0021800015,2018-10-18,MIA @ WAS,W,17,1,4,0.25,0,0,0.0,2,4,0.5,3,6,9,0,0,0,3,2,4,4,1,2018-19,Regular Season,1628389,Bam Adebayo
22018,1628389,0021800030,2018-10-20,MIA vs. CHA,L,15,3,6,0.5,0,0,0.0,6,6,1.0,2,4,6,0,0,2,1,3,12,-6,1,2018-19,Regular Season,1628389,Bam Adebayo
22018,1628389,0021800054,2018-10-24,MIA vs. NYK,W,21,1,3,0.333,0,1,0.0,2,4,0.5,1,3,4,3,1,0,1,3,4,-7,1,2018-19,Regular Season,1628389,Bam Adebayo
22018,1628389,0021800079,2018-10-27,MIA vs. POR,W,14,3,6,0.5,0,0,0.0,1,1,1.0,4,2,6,0,0,0,2,2,7,5,1,2018-19,Regular Season,1628389,Bam Adebayo
22018,1628389,0021800089,2018-10-29,MIA vs. SAC,L,19,2,4,0.5,0,0,0.0,4,6,0.667,1,7,8,0,1,0,2,0,8,-6,1,2018-19,Regular Season,1628389,Bam Adebayo
22018,1628389,0021800096,2018-10-30,MIA @ CHA,L,15,4,5,0.8,0,0,0.0,0,0,0.0,2,4,6,2,0,0,0,3,8,0,1,2018-19,Regular Season,1628389,Bam Adebayo
22018,1628389,0021800128,2018-11-03,MIA @ ATL,L,31,1,2,0.5,0,0,0.0,0,0,0.0,3,4,7,2,1,2,2,4,2,11,1,2018-19,Regular Season,1628389,Bam Adebayo
22018,1628389,0021800140,2018-11-05,MIA @ DET,W,29,4,5,0.8,0,0,0.0,3,4,0.75,3,5,8,1,3,1,0,3,11,0,1,2018-19,Regular Season,1628389,Bam Adebayo
22018,1628389,0021800156,2018-11-07,MIA vs. SAS,W,12,0,1,0.0,0,0,0.0,2,2,1.0,1,2,3,1,0,1,0,3,2,8,1,2018-19,Regular Season,1628389,Bam Adebayo
22018,1628389,0021800170,2018-11-09,MIA vs. IND,L,7,1,1,1.0,0,0,0.0,1,1,1.0,0,1,1,0,0,0,1,2,3,2,1,2018-19,Regular Season,1628389,Bam Adebayo
22018,1628389,0021800177,2018-11-10,MIA vs. WAS,L,13,3,4,0.75,0,0,0.0,2,3,0.667,2,3,5,0,0,0,0,4,8,6,1,2018-19,Regular Season,1628389,Bam Adebayo
22018,1628389,0021800191,2018-11-12,MIA vs. PHI,L,19,3,6,0.5,0,0,0.0,2,4,0.5,1,3,4,2,0,1,2,3,8,1,1,2018-19,Regular Season,1628389,Bam Adebayo
22018,1628389,0021800205,2018-11-14,MIA @ BKN,W,10,6,6,1.0,0,0,0.0,0,0,0.0,0,3,3,1,0,1,0,5,12,3,1,2018-19,Regular Season,1628389,Bam Adebayo
22018,1628389,0021800217,2018-11-16,MIA @ IND,L,19,3,7,0.429,0,0,0.0,2,3,0.667,0,6,6,3,2,2,1,1,8,-11,1,2018-19,Regular Season,1628389,Bam Adebayo
22018,1628389,0021800235,2018-11-18,MIA vs. LAL,L,17,1,4,0.25,0,0,0.0,1,2,0.5,2,6,8,3,0,1,2,0,3,-3,1,2018-19,Regular Season,1628389,Bam Adebayo
22018,1628389,0021800250,2018-11-20,MIA vs. BKN,L,16,3,6,0.5,0,0,0.0,0,0,0.0,2,6,8,0,1,1,1,2,6,-2,1,2018-19,Regular Season,1628389,Bam Adebayo
22018,1628389,0021800273,2018-11-23,MIA @ CHI,W,26,3,8,0.375,0,0,0.0,8,10,0.8,5,8,13,2,0,1,2,4,14,1,1,2018-19,Regular Season,1628389,Bam Adebayo
22018,1628389,0021800290,2018-11-25,MIA @ TOR,L,36,4,10,0.4,0,1,0.0,8,12,0.667,4,17,21,1,1,2,1,0,16,1,1,2018-19,Regular Season,1628389,Bam Adebayo
22018,1628389,0021800302,2018-11-27,MIA vs. ATL,L,14,4,4,1.0,0,0,0.0,4,6,0.667,3,1,4,1,2,0,3,5,12,-8,1,2018-19,Regular Season,1628389,Bam Adebayo
22018,1628389,0021800324,2018-11-30,MIA vs. NOP,W,28,4,5,0.8,0,0,0.0,0,0,0.0,4,7,11,3,0,1,1,2,8,13,1,2018-19,Regular Season,1628389,Bam Adebayo
22018,1628389,0021800339,2018-12-02,MIA vs. UTA,W,14,1,2,0.5,0,0,0.0,0,0,0.0,1,1,2,1,1,1,0,1,2,10,1,2018-19,Regular Season,1628389,Bam Adebayo
22018,1628389,0021800351,2018-12-04,MIA vs. ORL,L,23,3,7,0.429,0,0,0.0,0,0,0.0,3,4,7,1,1,3,2,1,6,-6,1,2018-19,Regular Season,1628389,Bam Adebayo
22018,1628389,0021800376,2018-12-07,MIA @ PHX,W,32,6,9,0.667,0,0,0.0,10,11,0.909,3,7,10,2,1,1,0,1,22,20,1,2018-19,Regular Season,1628389,Bam Adebayo
22018,1628389,0021800386,2018-12-08,MIA @ LAC,W,29,7,10,0.7,0,0,0.0,0,0,0.0,2,6,8,4,1,1,0,4,14,25,1,2018-19,Regular Season,1628389,Bam Adebayo
22018,1628389,0021800401,2018-12-10,MIA @ LAL,L,29,6,11,0.545,0,0,0.0,0,2,0.0,4,6,10,5,2,2,4,2,12,-10,1,2018-19,Regular Season,1628389,Bam Adebayo
22018,1628389,0021800413,2018-12-12,MIA @ UTA,L,27,1,5,0.2,0,0,0.0,1,2,0.5,0,5,5,3,1,2,1,3,3,-14,1,2018-19,Regular Season,1628389,Bam Adebayo
22018,1628389,0021800425,2018-12-14,MIA @ MEM,W,26,2,2,1.0,0,0,0.0,0,0,0.0,3,6,9,5,0,2,2,1,4,5,1,2018-19,Regular Season,1628389,Bam Adebayo
22018,1628389,0021800441,2018-12-16,MIA @ NOP,W,25,1,2,0.5,1,1,1.0,2,2,1.0,2,6,8,5,0,1,4,5,5,1,1,2018-19,Regular Season,1628389,Bam Adebayo
22018,1628389,0021800467,2018-12-20,MIA vs. HOU,W,24,1,5,0.2,0,0,0.0,1,2,0.5,2,7,9,4,0,0,1,3,3,3,1,2018-19,Regular Season,1628389,Bam Adebayo
22018,1628389,0021800482,2018-12-22,MIA vs. MIL,W,18,2,5,0.4,0,0,0.0,0,0,0.0,2,2,4,1,1,0,0,4,4,-1,1,2018-19,Regular Season,1628389,Bam Adebayo
22018,1628389,0021800491,2018-12-23,MIA @ ORL,W,20,1,6,0.167,0,1,0.0,1,2,0.5,3,3,6,5,1,0,2,4,3,-3,1,2018-19,Regular Season,1628389,Bam Adebayo
22018,1628389,0021800506,2018-12-26,MIA vs. TOR,L,17,1,3,0.333,0,0,0.0,0,0,0.0,0,3,3,0,0,0,0,3,2,-24,1,2018-19,Regular Season,1628389,Bam Adebayo
22018,1628389,0021800521,2018-12-28,MIA vs. CLE,W,30,8,8,1.0,0,0,0.0,2,2,1.0,4,5,9,5,0,0,1,4,18,15,1,2018-19,Regular Season,1628389,Bam Adebayo
22018,1628389,0021800537,2018-12-30,MIA vs. MIN,L,18,1,3,0.333,0,0,0.0,2,2,1.0,2,2,4,0,0,0,2,4,4,-12,1,2018-19,Regular Season,1628389,Bam Adebayo
22018,1628389,0021800555,2019-01-02,MIA @ CLE,W,25,4,5,0.8,0,1,0.0,0,0,0.0,0,5,5,5,1,0,3,3,8,15,1,2018-19,Regular Season,1628389,Bam Adebayo
22018,1628389,0021800568,2019-01-04,MIA vs. WAS,W,18,4,7,0.571,0,0,0.0,3,4,0.75,3,4,7,5,1,1,1,3,11,1,1,2018-19,Regular Season,1628389,Bam Adebayo
22018,1628389,0021800587,2019-01-06,MIA @ ATL,L,27,5,9,0.556,0,0,0.0,2,2,1.0,4,2,6,2,2,2,1,3,12,1,1,2018-19,Regular Season,1628389,Bam Adebayo
22018,1628389,0021800601,2019-01-08,MIA vs. DEN,L,24,6,7,0.857,0,0,0.0,1,2,0.5,1,3,4,1,1,0,0,0,13,4,1,2018-19,Regular Season,1628389,Bam Adebayo
22018,1628389,0021800617,2019-01-10,MIA vs. BOS,W,27,3,5,0.6,0,0,0.0,2,2,1.0,1,6,7,5,2,2,0,1,8,9,1,2018-19,Regular Season,1628389,Bam Adebayo
22018,1628389,0021800631,2019-01-12,MIA vs. MEM,W,38,3,6,0.5,0,0,0.0,5,7,0.714,4,6,10,2,2,1,3,1,11,18,1,2018-19,Regular Season,1628389,Bam Adebayo
22018,1628389,0021800654,2019-01-15,MIA @ MIL,L,23,0,6,0.0,0,2,0.0,2,2,1.0,2,3,5,2,0,0,2,2,2,-32,1,2018-19,Regular Season,1628389,Bam Adebayo
22018,1628389,0021800672,2019-01-18,MIA @ DET,L,26,4,4,1.0,0,0,0.0,1,1,1.0,1,5,6,1,0,1,2,2,9,-4,1,2018-19,Regular Season,1628389,Bam Adebayo
22018,1628389,0021800685,2019-01-19,MIA @ CHI,W,23,2,3,0.667,0,0,0.0,1,2,0.5,0,1,1,3,1,2,2,1,5,1,1,2018-19,Regular Season,1628389,Bam Adebayo
22018,1628389,0021800698,2019-01-21,MIA @ BOS,L,28,4,6,0.667,0,0,0.0,5,6,0.833,1,6,7,2,1,2,3,3,13,0,1,2018-19,Regular Season,1628389,Bam Adebayo
22018,1628389,0021800709,2019-01-23,MIA vs. LAC,L,16,4,5,0.8,0,0,0.0,0,0,0.0,3,4,7,0,0,0,1,5,8,-5,1,2018-19,Regular Season,1628389,Bam Adebayo
22018,1628389,0021800722,2019-01-25,MIA @ CLE,W,26,2,4,0.5,0,0,0.0,4,6,0.667,3,5,8,1,2,0,2,3,8,-13,1,2018-19,Regular Season,1628389,Bam Adebayo
22018,1628389,0021800741,2019-01-27,MIA @ NYK,W,19,3,7,0.429,0,1,0.0,3,3,1.0,2,4,6,1,1,0,1,1,9,-15,1,2018-19,Regular Season,1628389,Bam Adebayo
22018,1628389,0021800757,2019-01-30,MIA vs. CHI,L,33,5,7,0.714,0,0,0.0,3,5,0.6,1,6,7,2,0,0,4,2,13,-4,1,2018-19,Regular Season,1628389,Bam Adebayo
22018,1628389,0021800772,2019-02-01,MIA vs. OKC,L,25,4,5,0.8,0,0,0.0,2,3,0.667,2,7,9,2,0,0,0,2,10,0,1,2018-19,Regular Season,1628389,Bam Adebayo
22018,1628389,0021800781,2019-02-02,MIA vs. IND,L,17,1,2,0.5,0,0,0.0,3,4,0.75,0,4,4,0,1,0,1,5,5,11,1,2018-19,Regular Season,1628389,Bam Adebayo
22018,1628389,0021800803,2019-02-05,MIA @ POR,W,18,2,3,0.667,0,0,0.0,1,2,0.5,1,3,4,0,1,0,0,0,5,-6,1,2018-19,Regular Season,1628389,Bam Adebayo
22018,1628389,0021800824,2019-02-08,MIA @ SAC,L,20,1,3,0.333,0,0,0.0,0,3,0.0,2,4,6,1,1,0,2,4,2,-8,1,2018-19,Regular Season,1628389,Bam Adebayo
22018,1628389,0021800838,2019-02-10,MIA @ GSW,L,25,4,6,0.667,0,0,0.0,0,0,0.0,4,7,11,3,1,2,2,4,8,-10,1,2018-19,Regular Season,1628389,Bam Adebayo
22018,1628389,0021800847,2019-02-11,MIA @ DEN,L,19,1,4,0.25,0,0,0.0,0,0,0.0,1,4,5,1,1,0,1,1,2,-6,1,2018-19,Regular Season,1628389,Bam Adebayo
22018,1628389,0021800859,2019-02-13,MIA @ DAL,W,26,3,4,0.75,0,0,0.0,4,4,1.0,3,3,6,3,1,0,4,0,10,7,1,2018-19,Regular Season,1628389,Bam Adebayo
22018,1628389,0021800868,2019-02-21,MIA @ PHI,L,17,3,4,0.75,0,0,0.0,0,0,0.0,0,2,2,2,2,0,0,4,6,10,1,2018-19,Regular Season,1628389,Bam Adebayo
22018,1628389,0021800888,2019-02-23,MIA vs. DET,L,14,1,2,0.5,0,0,0.0,2,2,1.0,0,3,3,2,0,0,2,3,4,-10,1,2018-19,Regular Season,1628389,Bam Adebayo
22018,1628389,0021800901,2019-02-25,MIA vs. PHX,L,21,4,7,0.571,0,0,0.0,6,7,0.857,3,6,9,1,2,1,0,1,14,-3,1,2018-19,Regular Season,1628389,Bam Adebayo
22018,1628389,0021800915,2019-02-27,MIA vs. GSW,W,32,3,5,0.6,0,0,0.0,5,9,0.556,0,10,10,4,0,2,1,3,11,-6,1,2018-19,Regular Season,1628389,Bam Adebayo
22018,1628389,0021800925,2019-02-28,MIA @ HOU,L,29,3,6,0.5,0,0,0.0,4,4,1.0,2,1,3,5,1,2,1,4,10,-13,1,2018-19,Regular Season,1628389,Bam Adebayo
22018,1628389,0021800937,2019-03-02,MIA vs. BKN,W,28,3,8,0.375,0,0,0.0,3,4,0.75,4,12,16,6,0,2,0,3,9,23,1,2018-19,Regular Season,1628389,Bam Adebayo
22018,1628389,0021800953,2019-03-04,MIA vs. ATL,W,20,3,6,0.5,0,1,0.0,3,3,1.0,1,5,6,3,0,0,2,5,9,-2,1,2018-19,Regular Season,1628389,Bam Adebayo
22018,1628389,0021800965,2019-03-06,MIA @ CHA,W,25,5,6,0.833,0,0,0.0,0,0,0.0,1,4,5,0,2,2,5,2,10,2,1,2018-19,Regular Season,1628389,Bam Adebayo
22018,1628389,0021800979,2019-03-08,MIA vs. CLE,W,25,7,8,0.875,0,0,0.0,3,4,0.75,3,4,7,2,0,1,1,1,17,9,1,2018-19,Regular Season,1628389,Bam Adebayo
22018,1628389,0021800993,2019-03-10,MIA vs. TOR,L,27,8,11,0.727,0,0,0.0,3,3,1.0,3,3,6,5,2,0,1,2,19,-12,1,2018-19,Regular Season,1628389,Bam Adebayo
22018,1628389,0021801014,2019-03-13,MIA vs. DET,W,17,3,3,1.0,0,0,0.0,4,4,1.0,1,4,5,1,0,0,1,4,10,22,1,2018-19,Regular Season,1628389,Bam Adebayo
22018,1628389,0021801029,2019-03-15,MIA vs. MIL,L,29,4,8,0.5,0,0,0.0,2,3,0.667,2,9,11,5,1,1,3,3,10,-10,2,2018-19,Regular Season,1628389,Bam Adebayo
22018,1628389,0021801045,2019-03-17,MIA vs. CHA,W,31,7,10,0.7,0,0,0.0,2,4,0.5,2,7,9,1,2,1,2,3,16,18,2,2018-19,Regular Season,1628389,Bam Adebayo
22018,1628389,0021801054,2019-03-18,MIA @ OKC,W,30,4,9,0.444,0,0,0.0,0,0,0.0,2,5,7,4,2,1,4,3,8,-11,1,2018-19,Regular Season,1628389,Bam Adebayo
22018,1628389,0021801071,2019-03-20,MIA @ SAS,W,29,3,4,0.75,0,0,0.0,0,0,0.0,2,13,15,5,2,0,2,1,6,13,1,2018-19,Regular Season,1628389,Bam Adebayo
22018,1628389,0021801085,2019-03-22,MIA @ MIL,L,18,5,10,0.5,0,0,0.0,2,4,0.5,2,5,7,2,1,0,0,1,12,0,1,2018-19,Regular Season,1628389,Bam Adebayo
22018,1628389,0021801089,2019-03-23,MIA @ WAS,W,35,6,11,0.545,0,1,0.0,4,4,1.0,1,10,11,8,0,4,5,1,16,16,1,2018-19,Regular Season,1628389,Bam Adebayo
22018,1628389,0021801109,2019-03-26,MIA vs. ORL,L,30,4,9,0.444,0,0,0.0,1,2,0.5,3,8,11,3,2,0,1,3,9,2,1,2018-19,Regular Season,1628389,Bam Adebayo
22018,1628389,0021801124,2019-03-28,MIA vs. DAL,W,29,5,9,0.556,0,0,0.0,1,2,0.5,3,13,16,3,0,0,2,2,11,9,1,2018-19,Regular Season,1628389,Bam Adebayo
22018,1628389,0021801141,2019-03-30,MIA @ NYK,W,27,4,6,0.667,0,0,0.0,0,0,0.0,1,5,6,2,2,0,1,2,8,6,1,2018-19,Regular Season,1628389,Bam Adebayo
22018,1628389,0021801153,2019-04-01,MIA @ BOS,L,31,8,12,0.667,1,1,1.0,2,2,1.0,4,10,14,2,0,2,0,3,19,-2,1,2018-19,Regular Season,1628389,Bam Adebayo
22018,1628389,0021801170,2019-04-03,MIA vs. BOS,L,26,5,9,0.556,0,1,0.0,2,2,1.0,5,7,12,4,1,2,1,3,12,-5,1,2018-19,Regular Season,1628389,Bam Adebayo
22018,1628389,0021801185,2019-04-05,MIA @ MIN,L,32,4,6,0.667,0,0,0.0,0,0,0.0,1,3,4,0,4,0,1,3,8,-7,1,2018-19,Regular Season,1628389,Bam Adebayo
22018,1628389,0021801195,2019-04-07,MIA @ TOR,L,31,2,7,0.286,0,0,0.0,3,4,0.75,3,10,13,2,1,0,3,3,7,-13,1,2018-19,Regular Season,1628389,Bam Adebayo
22018,1628389,0021801212,2019-04-09,MIA vs. PHI,W,22,8,11,0.727,0,0,0.0,3,5,0.6,1,8,9,2,1,2,0,0,19,16,1,2018-19,Regular Season,1628389,Bam Adebayo
22018,1628389,0021801221,2019-04-10,MIA @ BKN,L,18,4,7,0.571,1,2,0.5,1,1,1.0,0,6,6,0,1,0,2,0,10,-10,1,2018-19,Regular Season,1628389,Bam Adebayo
22018,1627759,0021800001,2018-10-16,BOS vs. PHI,W,28,5,13,0.385,1,3,0.333,1,2,0.5,3,2,5,2,0,0,2,4,12,11,1,2018-19,Regular Season,1627759,Jaylen Brown
22018,1627759,0021800019,2018-10-19,BOS @ TOR,L,24,5,10,0.5,3,6,0.5,0,2,0.0,1,3,4,0,0,0,1,4,13,0,1,2018-19,Regular Season,1627759,Jaylen Brown
22018,1627759,0021800028,2018-10-20,BOS @ NYK,W,38,2,9,0.222,0,2,0.0,3,3,1.0,2,3,5,2,1,0,2,3,7,1,1,2018-19,Regular Season,1627759,Jaylen Brown
22018,1627759,0021800040,2018-10-22,BOS vs. ORL,L,31,2,9,0.222,1,4,0.25,0,0,0.0,0,5,5,3,0,1,1,3,5,-15,1,2018-19,Regular Season,1627759,Jaylen Brown
22018,1627759,0021800065,2018-10-25,BOS @ OKC,W,24,1,8,0.125,0,2,0.0,4,6,0.667,3,0,3,2,1,0,1,2,6,-11,1,2018-19,Regular Season,1627759,Jaylen Brown
22018,1627759,0021800074,2018-10-27,BOS @ DET,W,25,6,13,0.462,3,7,0.429,4,6,0.667,0,2,2,1,1,1,2,4,19,24,1,2018-19,Regular Season,1627759,Jaylen Brown
22018,1627759,0021800099,2018-10-30,BOS vs. DET,W,32,6,13,0.462,1,4,0.25,1,2,0.5,1,4,5,3,1,1,0,2,14,1,1,2018-19,Regular Season,1627759,Jaylen Brown
22018,1627759,0021800127,2018-11-03,BOS @ IND,L,31,5,14,0.357,1,5,0.2,1,2,0.5,2,5,7,0,0,2,2,1,12,-12,1,2018-19,Regular Season,1627759,Jaylen Brown
22018,1627759,0021800145,2018-11-05,BOS @ DEN,L,29,7,14,0.5,1,4,0.25,0,0,0.0,1,3,4,0,1,0,0,1,15,8,1,2018-19,Regular Season,1627759,Jaylen Brown
22018,1627759,0021800164,2018-11-08,BOS @ PHX,W,39,6,13,0.462,1,3,0.333,4,6,0.667,1,5,6,1,0,0,2,2,17,8,1,2018-19,Regular Season,1627759,Jaylen Brown
22018,1627759,0021800172,2018-11-09,BOS @ UTA,L,30,4,17,0.235,1,7,0.143,0,0,0.0,1,3,4,1,0,1,0,4,9,-17,1,2018-19,Regular Season,1627759,Jaylen Brown
22018,1627759,0021800188,2018-11-11,BOS @ POR,L,29,2,7,0.286,1,4,0.25,2,2,1.0,0,1,1,0,1,0,2,3,7,-10,1,2018-19,Regular Season,1627759,Jaylen Brown
22018,1627759,0021800204,2018-11-14,BOS vs. CHI,W,25,8,14,0.571,2,4,0.5,0,0,0.0,0,6,6,3,1,0,3,1,18,12,1,2018-19,Regular Season,1627759,Jaylen Brown
22018,1627759,0021800216,2018-11-16,BOS vs. TOR,W,25,3,11,0.273,1,5,0.2,0,0,0.0,3,1,4,0,0,1,2,2,7,3,1,2018-19,Regular Season,1627759,Jaylen Brown
22018,1627759,0021800229,2018-11-17,BOS vs. UTA,L,25,1,9,0.111,1,6,0.167,0,0,0.0,2,1,3,1,0,0,0,2,3,-7,1,2018-19,Regular Season,1627759,Jaylen Brown
22018,1627759,0021800239,2018-11-19,BOS @ CHA,L,19,4,6,0.667,1,3,0.333,1,2,0.5,0,2,2,2,0,1,0,2,10,5,1,2018-19,Regular Season,1627759,Jaylen Brown
22018,1627759,0021800255,2018-11-21,BOS vs. NYK,L,26,4,10,0.4,0,3,0.0,3,6,0.5,1,4,5,0,2,2,2,2,11,-15,1,2018-19,Regular Season,1627759,Jaylen Brown
22018,1627759,0021800268,2018-11-23,BOS @ ATL,W,21,4,7,0.571,0,3,0.0,2,4,0.5,1,1,2,3,2,0,2,2,10,2,1,2018-19,Regular Season,1627759,Jaylen Brown
22018,1627759,0021800283,2018-11-24,BOS @ DAL,L,30,7,9,0.778,0,0,0.0,2,2,1.0,0,5,5,0,1,1,2,3,16,-11,1,2018-19,Regular Season,1627759,Jaylen Brown
22018,1627759,0021800365,2018-12-06,BOS vs. NYK,W,25,7,10,0.7,0,2,0.0,7,9,0.778,0,3,3,2,0,0,2,5,21,16,1,2018-19,Regular Season,1627759,Jaylen Brown
22018,1627759,0021800383,2018-12-08,BOS @ CHI,W,28,8,11,0.727,3,3,1.0,4,4,1.0,1,4,5,3,2,0,1,1,23,26,1,2018-19,Regular Season,1627759,Jaylen Brown
22018,1627759,0021800393,2018-12-10,BOS vs. NOP,W,25,6,16,0.375,4,7,0.571,3,4,0.75,3,4,7,3,0,1,3,5,19,11,1,2018-19,Regular Season,1627759,Jaylen Brown
22018,1627759,0021800420,2018-12-14,BOS vs. ATL,W,22,2,12,0.167,0,5,0.0,0,0,0.0,2,4,6,2,0,1,2,3,4,1,1,2018-19,Regular Season,1627759,Jaylen Brown
22018,1627759,0021800431,2018-12-15,BOS @ DET,L,23,1,4,0.25,0,1,0.0,0,0,0.0,0,2,2,2,2,1,3,3,2,-9,1,2018-19,Regular Season,1627759,Jaylen Brown
22018,1627759,0021800458,2018-12-19,BOS vs. PHX,L,24,3,9,0.333,0,3,0.0,0,0,0.0,0,1,1,0,0,1,1,1,6,0,1,2018-19,Regular Season,1627759,Jaylen Brown
22018,1627759,0021800473,2018-12-21,BOS vs. MIL,L,30,8,14,0.571,3,6,0.5,2,7,0.286,2,5,7,2,4,0,0,2,21,-3,1,2018-19,Regular Season,1627759,Jaylen Brown
22018,1627759,0021800488,2018-12-23,BOS vs. CHA,W,16,3,9,0.333,0,4,0.0,2,2,1.0,0,1,1,2,3,0,2,4,8,6,1,2018-19,Regular Season,1627759,Jaylen Brown
22018,1627759,0021800499,2018-12-25,BOS vs. PHI,W,20,2,7,0.286,0,1,0.0,0,0,0.0,1,2,3,2,1,1,0,3,4,-14,1,2018-19,Regular Season,1627759,Jaylen Brown
22018,1627759,0021800512,2018-12-27,BOS @ HOU,L,24,7,12,0.583,1,4,0.25,3,5,0.6,0,5,5,0,0,0,0,2,18,-22,1,2018-19,Regular Season,1627759,Jaylen Brown
22018,1627759,0021800531,2018-12-29,BOS @ MEM,W,19,3,3,1.0,0,0,0.0,0,1,0.0,1,3,4,0,0,0,3,3,6,-2,1,2018-19,Regular Season,1627759,Jaylen Brown
22018,1627759,0021800545,2018-12-31,BOS @ SAS,L,31,10,15,0.667,3,5,0.6,7,8,0.875,1,3,4,2,0,2,0,0,30,-2,1,2018-19,Regular Season,1627759,Jaylen Brown
22018,1627759,0021800558,2019-01-02,BOS vs. MIN,W,29,4,7,0.571,1,2,0.5,1,2,0.5,0,5,5,2,1,1,5,5,10,13,1,2018-19,Regular Season,1627759,Jaylen Brown
22018,1627759,0021800566,2019-01-04,BOS vs. DAL,W,27,9,15,0.6,2,4,0.5,1,1,1.0,0,2,2,2,3,0,1,4,21,20,1,2018-19,Regular Season,1627759,Jaylen Brown
22018,1627759,0021800592,2019-01-07,BOS vs. BKN,W,24,2,6,0.333,0,1,0.0,0,0,0.0,1,4,5,4,0,0,4,5,4,15,1,2018-19,Regular Season,1627759,Jaylen Brown
22018,1627759,0021800607,2019-01-09,BOS vs. IND,W,29,7,12,0.583,2,5,0.4,6,8,0.75,0,7,7,3,1,1,0,4,22,14,1,2018-19,Regular Season,1627759,Jaylen Brown
22018,1627759,0021800617,2019-01-10,BOS @ MIA,L,14,1,5,0.2,0,1,0.0,0,1,0.0,1,1,2,1,0,1,0,0,2,-5,1,2018-19,Regular Season,1627759,Jaylen Brown
22018,1627759,0021800632,2019-01-12,BOS @ ORL,L,24,5,9,0.556,2,3,0.667,1,2,0.5,2,2,4,0,0,0,2,4,13,-18,1,2018-19,Regular Season,1627759,Jaylen Brown
22018,1627759,0021800645,2019-01-14,BOS @ BKN,L,32,9,18,0.5,2,6,0.333,2,3,0.667,2,4,6,0,2,1,0,4,22,14,1,2018-19,Regular Season,1627759,Jaylen Brown
22018,1627759,0021800658,2019-01-16,BOS vs. TOR,W,23,2,9,0.222,1,3,0.333,2,4,0.5,1,5,6,0,1,1,1,2,7,10,1,2018-19,Regular Season,1627759,Jaylen Brown
22018,1627759,0021800671,2019-01-18,BOS vs. MEM,W,21,4,7,0.571,2,4,0.5,2,2,1.0,0,6,6,1,0,2,3,1,12,8,1,2018-19,Regular Season,1627759,Jaylen Brown
22018,1627759,0021800683,2019-01-19,BOS @ ATL,W,28,3,10,0.3,2,5,0.4,6,8,0.75,0,4,4,2,3,0,2,1,14,16,1,2018-19,Regular Season,1627759,Jaylen Brown
22018,1627759,0021800698,2019-01-21,BOS vs. MIA,W,20,3,9,0.333,0,0,0.0,0,0,0.0,0,4,4,0,2,0,1,2,6,-17,1,2018-19,Regular Season,1627759,Jaylen Brown
22018,1627759,0021800707,2019-01-23,BOS vs. CLE,W,25,8,12,0.667,2,3,0.667,5,6,0.833,0,6,6,0,1,0,1,2,23,15,1,2018-19,Regular Season,1627759,Jaylen Brown
22018,1627759,0021800732,2019-01-26,BOS vs. GSW,L,22,3,8,0.375,2,5,0.4,2,2,1.0,1,1,2,0,0,0,1,4,10,-8,1,2018-19,Regular Season,1627759,Jaylen Brown
22018,1627759,0021800746,2019-01-28,BOS vs. BKN,W,32,9,16,0.563,3,5,0.6,0,0,0.0,3,3,6,2,0,0,0,3,21,13,1,2018-19,Regular Season,1627759,Jaylen Brown
22018,1627759,0021800756,2019-01-30,BOS vs. CHA,W,30,10,18,0.556,2,8,0.25,2,2,1.0,1,9,10,2,1,0,2,1,24,19,1,2018-19,Regular Season,1627759,Jaylen Brown
22018,1627759,0021800771,2019-02-01,BOS @ NYK,W,21,5,12,0.417,0,4,0.0,1,1,1.0,0,2,2,1,4,0,1,2,11,1,1,2018-19,Regular Season,1627759,Jaylen Brown
22018,1627759,0021800788,2019-02-03,BOS vs. OKC,W,23,4,6,0.667,2,2,1.0,2,4,0.5,0,2,2,2,0,0,1,2,12,-5,1,2018-19,Regular Season,1627759,Jaylen Brown
22018,1627759,0021800797,2019-02-05,BOS @ CLE,W,29,6,19,0.316,1,4,0.25,0,0,0.0,4,3,7,0,2,0,2,2,13,-3,1,2018-19,Regular Season,1627759,Jaylen Brown
22018,1627759,0021800814,2019-02-07,BOS vs. LAL,L,25,7,10,0.7,2,4,0.5,2,2,1.0,2,0,2,1,1,1,1,2,18,11,1,2018-19,Regular Season,1627759,Jaylen Brown
22018,1627759,0021800829,2019-02-09,BOS vs. LAC,L,24,4,14,0.286,0,5,0.0,4,6,0.667,2,3,5,2,1,0,0,3,12,5,1,2018-19,Regular Season,1627759,Jaylen Brown
22018,1627759,0021800849,2019-02-12,BOS @ PHI,W,24,3,8,0.375,0,2,0.0,1,2,0.5,0,1,1,2,0,0,0,3,7,3,1,2018-19,Regular Season,1627759,Jaylen Brown
22018,1627759,0021800855,2019-02-13,BOS vs. DET,W,30,8,15,0.533,1,4,0.25,0,0,0.0,0,7,7,0,2,0,1,3,17,7,1,2018-19,Regular Season,1627759,Jaylen Brown
22018,1627759,0021800870,2019-02-21,BOS @ MIL,L,24,6,9,0.667,3,4,0.75,0,0,0.0,0,5,5,3,1,1,3,3,15,-14,1,2018-19,Regular Season,1627759,Jaylen Brown
22018,1627759,0021800889,2019-02-23,BOS @ CHI,L,23,5,12,0.417,2,5,0.4,2,4,0.5,0,3,3,0,2,0,0,3,14,-7,1,2018-19,Regular Season,1627759,Jaylen Brown
22018,1627759,0021800909,2019-02-26,BOS @ TOR,L,22,3,8,0.375,0,2,0.0,4,5,0.8,0,8,8,4,4,0,3,5,10,-13,1,2018-19,Regular Season,1627759,Jaylen Brown
22018,1627759,0021800913,2019-02-27,BOS vs. POR,L,30,5,9,0.556,0,3,0.0,0,1,0.0,1,9,10,1,1,0,1,2,10,8,1,2018-19,Regular Season,1627759,Jaylen Brown
22018,1627759,0021800931,2019-03-01,BOS vs. WAS,W,27,4,13,0.308,1,6,0.167,4,4,1.0,0,3,3,1,0,0,1,0,13,1,1,2018-19,Regular Season,1627759,Jaylen Brown
22018,1627759,0021800945,2019-03-03,BOS vs. HOU,L,28,7,13,0.538,0,4,0.0,1,1,1.0,2,4,6,0,1,0,1,5,15,5,1,2018-19,Regular Season,1627759,Jaylen Brown
22018,1627759,0021800964,2019-03-05,BOS @ GSW,W,27,8,16,0.5,2,4,0.5,0,0,0.0,1,3,4,1,0,0,1,3,18,23,1,2018-19,Regular Season,1627759,Jaylen Brown
22018,1627759,0021800973,2019-03-06,BOS @ SAC,W,23,3,6,0.5,2,3,0.667,2,3,0.667,0,1,1,0,0,0,2,2,10,-8,1,2018-19,Regular Season,1627759,Jaylen Brown
22018,1627759,0021800989,2019-03-09,BOS @ LAL,W,21,3,12,0.25,1,6,0.167,1,1,1.0,0,3,3,3,0,2,1,2,8,4,1,2018-19,Regular Season,1627759,Jaylen Brown
22018,1627759,0021801006,2019-03-11,BOS @ LAC,L,31,9,13,0.692,3,5,0.6,1,2,0.5,1,6,7,0,3,0,0,1,22,-12,1,2018-19,Regular Season,1627759,Jaylen Brown
22018,1627759,0021801022,2019-03-14,BOS vs. SAC,W,32,9,16,0.563,3,4,0.75,1,3,0.333,0,1,1,0,0,0,0,3,22,19,1,2018-19,Regular Season,1627759,Jaylen Brown
22018,1627759,0021801034,2019-03-16,BOS vs. ATL,W,26,8,14,0.571,3,5,0.6,4,6,0.667,0,3,3,2,0,0,0,3,23,3,2,2018-19,Regular Season,1627759,Jaylen Brown
22018,1627759,0021801052,2019-03-18,BOS vs. DEN,L,20,2,6,0.333,1,4,0.25,1,2,0.5,3,1,4,1,2,0,3,2,6,-4,1,2018-19,Regular Season,1627759,Jaylen Brown
22018,1627759,0021801067,2019-03-20,BOS @ PHI,L,28,3,3,1.0,0,0,0.0,0,1,0.0,1,2,3,1,0,0,1,3,6,10,1,2018-19,Regular Season,1627759,Jaylen Brown
22018,1627759,0021801087,2019-03-23,BOS @ CHA,L,30,10,13,0.769,5,6,0.833,4,7,0.571,0,4,4,4,1,2,1,2,29,3,1,2018-19,Regular Season,1627759,Jaylen Brown
22018,1627759,0021801100,2019-03-24,BOS vs. SAS,L,25,1,8,0.125,0,5,0.0,5,6,0.833,0,1,1,0,0,0,0,1,7,-26,1,2018-19,Regular Season,1627759,Jaylen Brown
22018,1627759,0021801108,2019-03-26,BOS @ CLE,W,18,3,7,0.429,2,3,0.667,1,3,0.333,1,5,6,1,0,0,0,1,9,-6,1,2018-19,Regular Season,1627759,Jaylen Brown
22018,1627759,0021801130,2019-03-29,BOS vs. IND,W,27,7,10,0.7,1,1,1.0,1,2,0.5,1,3,4,1,0,0,2,2,16,-7,1,2018-19,Regular Season,1627759,Jaylen Brown
22018,1627759,0021801137,2019-03-30,BOS @ BKN,L,32,3,10,0.3,1,3,0.333,2,4,0.5,0,6,6,3,1,1,4,1,9,-10,1,2018-19,Regular Season,1627759,Jaylen Brown
22018,1627759,0021801203,2019-04-07,BOS vs. ORL,L,26,5,8,0.625,2,3,0.667,1,2,0.5,0,1,1,1,1,0,0,3,13,1,1,2018-19,Regular Season,1627759,Jaylen Brown
22018,1627759,0021801211,2019-04-09,BOS @ WAS,W,18,6,13,0.462,1,4,0.25,2,4,0.5,1,2,3,2,3,0,3,1,15,-14,1,2018-19,Regular Season,1627759,Jaylen Brown
42018,1627759,0041800131,2019-04-14,BOS vs. IND,W,28,1,5,0.2,0,3,0.0,0,0,0.0,1,4,5,0,1,0,3,2,2,-3,1,2018-19,Playoffs,1627759,Jaylen Brown
42018,1627759,0041800132,2019-04-17,BOS vs. IND,W,27,3,6,0.5,0,2,0.0,0,0,0.0,2,7,9,1,0,0,1,4,6,-1,1,2018-19,Playoffs,1627759,Jaylen Brown
42018,1627759,0041800133,2019-04-19,BOS @ IND,W,35,8,9,0.889,4,5,0.8,3,7,0.429,0,7,7,1,0,1,2,4,23,13,1,2018-19,Playoffs,1627759,Jaylen Brown
42018,1627759,0041800134,2019-04-21,BOS @ IND,W,27,5,9,0.556,2,4,0.5,1,2,0.5,0,6,6,1,0,0,1,3,13,-16,1,2018-19,Playoffs,1627759,Jaylen Brown
42018,1627759,0041800201,2019-04-28,BOS @ MIL,W,36,8,14,0.571,3,7,0.429,0,0,0.0,1,3,4,0,1,0,2,4,19,16,1,2018-19,Playoffs,1627759,Jaylen Brown
42018,1627759,0041800202,2019-04-30,BOS @ MIL,L,33,5,12,0.417,0,2,0.0,6,7,0.857,2,4,6,3,0,0,2,2,16,-29,1,2018-19,Playoffs,1627759,Jaylen Brown
42018,1627759,0041800203,2019-05-03,BOS vs. MIL,L,31,6,12,0.5,3,7,0.429,3,4,0.75,0,5,5,2,2,1,1,6,18,10,1,2018-19,Playoffs,1627759,Jaylen Brown
42018,1627759,0041800204,2019-05-06,BOS vs. MIL,L,30,5,11,0.455,2,5,0.4,4,4,1.0,0,7,7,2,0,0,1,5,16,-13,1,2018-19,Playoffs,1627759,Jaylen Brown
42018,1627759,0041800205,2019-05-08,BOS @ MIL,L,28,3,9,0.333,0,5,0.0,6,6,1.0,0,3,3,0,2,0,3,0,12,-21,2,2018-19,Playoffs,1627759,Jaylen Brown
22018,1626157,0021800010,2018-10-17,MIN @ SAS,L,22,2,6,0.333,1,2,0.5,3,3,1.0,2,7,9,3,0,0,3,6,8,-4,1,2018-19,Regular Season,1626157,Karl-Anthony Towns
22018,1626157,0021800021,2018-10-19,MIN vs. CLE,W,35,4,10,0.4,2,2,1.0,2,2,1.0,1,8,9,2,0,4,4,4,12,2,1,2018-19,Regular Season,1626157,Karl-Anthony Towns
22018,1626157,0021800032,2018-10-20,MIN @ DAL,L,34,9,16,0.563,4,6,0.667,9,10,0.9,1,4,5,2,1,1,0,5,31,-5,1,2018-19,Regular Season,1626157,Karl-Anthony Towns
22018,1626157,0021800043,2018-10-22,MIN vs. IND,W,33,6,12,0.5,1,5,0.2,4,4,1.0,2,13,15,0,0,2,3,4,17,3,1,2018-19,Regular Season,1626157,Karl-Anthony Towns
22018,1626157,0021800055,2018-10-24,MIN @ TOR,L,35,5,17,0.294,1,5,0.2,3,3,1.0,2,6,8,1,1,3,4,1,14,-4,1,2018-19,Regular Season,1626157,Karl-Anthony Towns
22018,1626157,0021800071,2018-10-26,MIN vs. MIL,L,27,7,16,0.438,2,5,0.4,0,0,0.0,3,4,7,1,1,2,1,3,16,-23,1,2018-19,Regular Season,1626157,Karl-Anthony Towns
22018,1626157,0021800093,2018-10-29,MIN vs. LAL,W,32,7,18,0.389,3,6,0.5,8,8,1.0,9,7,16,6,1,4,5,4,25,5,1,2018-19,Regular Season,1626157,Karl-Anthony Towns
22018,1626157,0021800107,2018-10-31,MIN vs. UTA,W,40,9,17,0.529,4,9,0.444,6,8,0.75,3,13,16,4,2,2,3,4,28,10,1,2018-19,Regular Season,1626157,Karl-Anthony Towns
22018,1626157,0021800124,2018-11-02,MIN @ GSW,L,35,5,13,0.385,2,6,0.333,1,2,0.5,1,10,11,1,2,1,2,0,13,-15,1,2018-19,Regular Season,1626157,Karl-Anthony Towns
22018,1626157,0021800138,2018-11-04,MIN @ POR,L,25,7,13,0.538,2,4,0.5,7,8,0.875,0,5,5,3,0,0,1,3,23,-16,1,2018-19,Regular Season,1626157,Karl-Anthony Towns
22018,1626157,0021800148,2018-11-05,MIN @ LAC,L,36,8,13,0.615,1,3,0.333,3,3,1.0,3,9,12,2,3,4,3,3,20,-5,1,2018-19,Regular Season,1626157,Karl-Anthony Towns
22018,1626157,0021800162,2018-11-07,MIN @ LAL,L,39,5,16,0.313,1,6,0.167,2,2,1.0,2,7,9,1,1,3,6,3,13,1,1,2018-19,Regular Season,1626157,Karl-Anthony Towns
22018,1626157,0021800173,2018-11-09,MIN @ SAC,L,40,15,27,0.556,2,5,0.4,7,7,1.0,9,10,19,1,0,1,4,4,39,-5,1,2018-19,Regular Season,1626157,Karl-Anthony Towns
22018,1626157,0021800195,2018-11-12,MIN vs. BKN,W,37,9,11,0.818,2,2,1.0,5,6,0.833,2,19,21,3,1,2,10,5,25,7,1,2018-19,Regular Season,1626157,Karl-Anthony Towns
22018,1626157,0021800208,2018-11-14,MIN vs. NOP,W,35,9,17,0.529,2,4,0.5,5,5,1.0,5,11,16,3,0,2,5,5,25,9,1,2018-19,Regular Season,1626157,Karl-Anthony Towns
22018,1626157,0021800221,2018-11-16,MIN vs. POR,W,34,6,15,0.4,2,4,0.5,0,0,0.0,3,6,9,1,1,1,3,2,14,8,1,2018-19,Regular Season,1626157,Karl-Anthony Towns
22018,1626157,0021800234,2018-11-18,MIN vs. MEM,L,38,6,10,0.6,1,1,1.0,2,2,1.0,3,17,20,2,0,1,4,5,15,-11,1,2018-19,Regular Season,1626157,Karl-Anthony Towns
22018,1626157,0021800260,2018-11-21,MIN vs. DEN,L,28,7,14,0.5,1,5,0.2,7,9,0.778,1,6,7,2,0,0,6,4,22,-10,1,2018-19,Regular Season,1626157,Karl-Anthony Towns
22018,1626157,0021800265,2018-11-23,MIN @ BKN,W,28,9,18,0.5,1,4,0.25,2,2,1.0,4,5,9,1,1,1,2,5,21,19,1,2018-19,Regular Season,1626157,Karl-Anthony Towns
22018,1626157,0021800281,2018-11-24,MIN vs. CHI,W,37,13,23,0.565,1,5,0.2,8,10,0.8,9,14,23,6,0,0,3,6,35,17,1,2018-19,Regular Season,1626157,Karl-Anthony Towns
22018,1626157,0021800295,2018-11-26,MIN @ CLE,W,38,9,19,0.474,2,7,0.286,1,2,0.5,2,8,10,1,1,0,2,0,21,-7,1,2018-19,Regular Season,1626157,Karl-Anthony Towns
22018,1626157,0021800311,2018-11-28,MIN vs. SAS,W,28,6,11,0.545,2,4,0.5,2,2,1.0,5,6,11,5,2,1,4,3,16,18,1,2018-19,Regular Season,1626157,Karl-Anthony Towns
22018,1626157,0021800335,2018-12-01,MIN vs. BOS,L,38,6,15,0.4,2,6,0.333,6,6,1.0,2,7,9,1,1,1,2,4,20,-12,1,2018-19,Regular Season,1626157,Karl-Anthony Towns
22018,1626157,0021800348,2018-12-03,MIN vs. HOU,W,33,10,24,0.417,1,3,0.333,3,4,0.75,4,7,11,3,3,1,3,5,24,16,1,2018-19,Regular Season,1626157,Karl-Anthony Towns
22018,1626157,0021800362,2018-12-05,MIN vs. CHA,W,36,13,20,0.65,4,5,0.8,5,7,0.714,4,8,12,3,2,6,2,4,35,26,1,2018-19,Regular Season,1626157,Karl-Anthony Towns
22018,1626157,0021800385,2018-12-08,MIN @ POR,L,30,6,16,0.375,2,6,0.333,5,6,0.833,3,7,10,2,1,1,2,5,19,-2,1,2018-19,Regular Season,1626157,Karl-Anthony Towns
22018,1626157,0021800400,2018-12-10,MIN @ GSW,L,34,11,15,0.733,1,4,0.25,8,12,0.667,4,7,11,4,0,1,4,2,31,-7,1,2018-19,Regular Season,1626157,Karl-Anthony Towns
22018,1626157,0021800414,2018-12-12,MIN @ SAC,L,35,8,15,0.533,2,5,0.4,1,1,1.0,1,10,11,4,0,3,2,4,19,-1,1,2018-19,Regular Season,1626157,Karl-Anthony Towns
22018,1626157,0021800435,2018-12-15,MIN @ PHX,L,38,11,26,0.423,1,7,0.143,5,6,0.833,4,8,12,4,2,2,0,4,28,-7,1,2018-19,Regular Season,1626157,Karl-Anthony Towns
22018,1626157,0021800446,2018-12-17,MIN vs. SAC,W,21,5,11,0.455,2,3,0.667,2,2,1.0,2,12,14,3,0,3,1,0,14,0,1,2018-19,Regular Season,1626157,Karl-Anthony Towns
22018,1626157,0021800463,2018-12-19,MIN vs. DET,L,41,6,15,0.4,0,7,0.0,4,6,0.667,1,7,8,2,1,3,2,6,16,-9,1,2018-19,Regular Season,1626157,Karl-Anthony Towns
22018,1626157,0021800475,2018-12-21,MIN @ SAS,L,29,4,15,0.267,1,5,0.2,4,5,0.8,0,6,6,4,1,0,1,3,13,-10,1,2018-19,Regular Season,1626157,Karl-Anthony Towns
22018,1626157,0021800493,2018-12-23,MIN @ OKC,W,27,5,9,0.556,2,2,1.0,6,6,1.0,0,4,4,6,0,1,4,5,18,-6,1,2018-19,Regular Season,1626157,Karl-Anthony Towns
22018,1626157,0021800507,2018-12-26,MIN @ CHI,W,35,8,13,0.615,2,2,1.0,2,3,0.667,4,16,20,4,0,0,3,3,20,30,1,2018-19,Regular Season,1626157,Karl-Anthony Towns
22018,1626157,0021800522,2018-12-28,MIN vs. ATL,L,43,10,17,0.588,1,4,0.25,10,15,0.667,7,12,19,5,1,3,4,3,31,1,1,2018-19,Regular Season,1626157,Karl-Anthony Towns
22018,1626157,0021800537,2018-12-30,MIN @ MIA,W,37,12,24,0.5,3,6,0.5,7,9,0.778,10,8,18,7,3,6,3,6,34,15,1,2018-19,Regular Season,1626157,Karl-Anthony Towns
22018,1626157,0021800546,2018-12-31,MIN @ NOP,L,37,10,23,0.435,2,5,0.4,6,8,0.75,3,14,17,6,0,5,2,6,28,6,1,2018-19,Regular Season,1626157,Karl-Anthony Towns
22018,1626157,0021800558,2019-01-02,MIN @ BOS,L,37,12,21,0.571,1,2,0.5,3,3,1.0,4,8,12,7,0,1,4,3,28,-5,1,2018-19,Regular Season,1626157,Karl-Anthony Towns
22018,1626157,0021800571,2019-01-04,MIN vs. ORL,W,32,11,20,0.55,1,6,0.167,6,8,0.75,4,11,15,2,1,1,0,4,29,21,1,2018-19,Regular Season,1626157,Karl-Anthony Towns
22018,1626157,0021800585,2019-01-06,MIN vs. LAL,W,35,11,20,0.55,1,4,0.25,5,5,1.0,3,15,18,3,2,4,3,5,28,26,1,2018-19,Regular Season,1626157,Karl-Anthony Towns
22018,1626157,0021800603,2019-01-08,MIN @ OKC,W,24,8,14,0.571,2,5,0.4,2,3,0.667,4,5,9,1,0,0,2,5,20,4,1,2018-19,Regular Season,1626157,Karl-Anthony Towns
22018,1626157,0021800626,2019-01-11,MIN vs. DAL,L,30,12,21,0.571,1,3,0.333,5,5,1.0,3,8,11,2,0,4,0,5,30,14,1,2018-19,Regular Season,1626157,Karl-Anthony Towns
22018,1626157,0021800633,2019-01-12,MIN vs. NOP,W,37,10,23,0.435,3,8,0.375,4,6,0.667,9,18,27,3,2,4,3,4,27,7,1,2018-19,Regular Season,1626157,Karl-Anthony Towns
22018,1626157,0021800652,2019-01-15,MIN @ PHI,L,28,4,10,0.4,2,4,0.5,3,3,1.0,0,3,3,2,2,0,1,2,13,-42,1,2018-19,Regular Season,1626157,Karl-Anthony Towns
22018,1626157,0021800674,2019-01-18,MIN vs. SAS,L,21,8,17,0.471,1,6,0.167,6,6,1.0,0,6,6,1,0,0,3,6,23,-10,1,2018-19,Regular Season,1626157,Karl-Anthony Towns
22018,1626157,0021800689,2019-01-20,MIN vs. PHX,W,39,8,22,0.364,1,5,0.2,13,13,1.0,7,5,12,4,4,1,4,2,30,1,1,2018-19,Regular Season,1626157,Karl-Anthony Towns
22018,1626157,0021800705,2019-01-22,MIN @ PHX,W,32,10,15,0.667,2,4,0.5,3,5,0.6,7,11,18,7,2,1,2,2,25,20,1,2018-19,Regular Season,1626157,Karl-Anthony Towns
22018,1626157,0021800719,2019-01-24,MIN @ LAL,W,31,10,18,0.556,3,5,0.6,4,4,1.0,4,8,12,5,1,2,2,3,27,12,1,2018-19,Regular Season,1626157,Karl-Anthony Towns
22018,1626157,0021800729,2019-01-25,MIN @ UTA,L,29,12,19,0.632,2,5,0.4,7,7,1.0,4,6,10,4,1,3,3,5,33,11,1,2018-19,Regular Season,1626157,Karl-Anthony Towns
22018,1626157,0021800740,2019-01-27,MIN vs. UTA,L,36,6,10,0.6,3,4,0.75,7,8,0.875,1,5,6,7,0,3,2,2,22,-2,1,2018-19,Regular Season,1626157,Karl-Anthony Towns
22018,1626157,0021800760,2019-01-30,MIN vs. MEM,W,26,7,17,0.412,0,6,0.0,2,2,1.0,2,8,10,2,0,0,2,5,16,4,1,2018-19,Regular Season,1626157,Karl-Anthony Towns
22018,1626157,0021800783,2019-02-02,MIN vs. DEN,L,37,12,19,0.632,2,5,0.4,5,9,0.556,3,9,12,7,2,1,3,3,31,2,1,2018-19,Regular Season,1626157,Karl-Anthony Towns
22018,1626157,0021800801,2019-02-05,MIN @ MEM,L,35,8,14,0.571,0,2,0.0,10,10,1.0,5,13,18,3,0,1,4,4,26,-4,1,2018-19,Regular Season,1626157,Karl-Anthony Towns
22018,1626157,0021800812,2019-02-07,MIN @ ORL,L,36,12,16,0.75,2,3,0.667,1,1,1.0,4,7,11,5,0,0,3,3,27,-9,1,2018-19,Regular Season,1626157,Karl-Anthony Towns
22018,1626157,0021800823,2019-02-08,MIN @ NOP,L,33,12,20,0.6,4,5,0.8,4,4,1.0,1,7,8,3,1,2,4,2,32,-16,1,2018-19,Regular Season,1626157,Karl-Anthony Towns
22018,1626157,0021800845,2019-02-11,MIN vs. LAC,W,27,7,11,0.636,0,1,0.0,10,12,0.833,5,5,10,2,2,0,5,5,24,20,1,2018-19,Regular Season,1626157,Karl-Anthony Towns
22018,1626157,0021800861,2019-02-13,MIN vs. HOU,W,34,11,18,0.611,3,4,0.75,0,0,0.0,1,8,9,5,0,2,2,2,25,20,1,2018-19,Regular Season,1626157,Karl-Anthony Towns
22018,1626157,0021800905,2019-02-25,MIN vs. SAC,W,31,13,18,0.722,3,6,0.5,5,7,0.714,2,19,21,5,0,2,4,5,34,12,1,2018-19,Regular Season,1626157,Karl-Anthony Towns
22018,1626157,0021800912,2019-02-27,MIN @ ATL,L,41,12,19,0.632,5,9,0.556,8,13,0.615,5,13,18,3,0,2,1,6,37,2,1,2018-19,Regular Season,1626157,Karl-Anthony Towns
22018,1626157,0021800922,2019-02-28,MIN @ IND,L,34,15,29,0.517,3,8,0.375,9,13,0.692,6,11,17,4,0,0,4,5,42,-4,1,2018-19,Regular Season,1626157,Karl-Anthony Towns
22018,1626157,0021800950,2019-03-03,MIN @ WAS,L,36,12,18,0.667,2,6,0.333,2,2,1.0,3,7,10,7,1,1,4,4,28,-13,1,2018-19,Regular Season,1626157,Karl-Anthony Towns
22018,1626157,0021800963,2019-03-05,MIN vs. OKC,W,30,15,27,0.556,3,5,0.6,8,10,0.8,6,8,14,1,2,0,0,4,41,9,1,2018-19,Regular Season,1626157,Karl-Anthony Towns
22018,1626157,0021800966,2019-03-06,MIN @ DET,L,29,7,14,0.5,3,6,0.5,7,7,1.0,1,3,4,2,0,2,6,6,24,-12,1,2018-19,Regular Season,1626157,Karl-Anthony Towns
22018,1626157,0021800988,2019-03-09,MIN vs. WAS,W,37,15,24,0.625,4,7,0.571,6,6,1.0,4,11,15,2,2,1,1,2,40,1,1,2018-19,Regular Season,1626157,Karl-Anthony Towns
22018,1626157,0021801012,2019-03-12,MIN @ DEN,L,32,14,25,0.56,2,6,0.333,4,4,1.0,3,7,10,3,0,3,4,3,34,-15,1,2018-19,Regular Season,1626157,Karl-Anthony Towns
22018,1626157,0021801024,2019-03-14,MIN @ UTA,L,27,9,15,0.6,3,4,0.75,5,7,0.714,4,8,12,4,1,0,3,6,26,2,1,2018-19,Regular Season,1626157,Karl-Anthony Towns
22018,1626157,0021801048,2019-03-17,MIN @ HOU,L,29,8,22,0.364,2,5,0.4,4,5,0.8,4,6,10,6,0,2,4,4,22,-18,2,2018-19,Regular Season,1626157,Karl-Anthony Towns
22018,1626157,0021801062,2019-03-19,MIN vs. GSW,L,35,10,16,0.625,2,3,0.667,4,6,0.667,8,13,21,4,1,0,7,5,26,3,1,2018-19,Regular Season,1626157,Karl-Anthony Towns
22018,1626157,0021801074,2019-03-21,MIN @ CHA,L,34,7,17,0.412,2,4,0.5,5,6,0.833,3,13,16,6,1,2,4,3,21,-7,1,2018-19,Regular Season,1626157,Karl-Anthony Towns
22018,1626157,0021801091,2019-03-23,MIN @ MEM,W,33,12,20,0.6,4,7,0.571,5,5,1.0,4,19,23,3,1,1,5,5,33,12,1,2018-19,Regular Season,1626157,Karl-Anthony Towns
22018,1626157,0021801112,2019-03-26,MIN vs. LAC,L,35,6,17,0.353,2,7,0.286,10,11,0.909,2,11,13,3,2,0,3,3,24,-12,1,2018-19,Regular Season,1626157,Karl-Anthony Towns
22018,1626157,0021801132,2019-03-29,MIN vs. GSW,W,30,5,17,0.294,0,5,0.0,5,6,0.833,5,8,13,7,0,1,5,5,15,-9,1,2018-19,Regular Season,1626157,Karl-Anthony Towns
22018,1626157,0021801143,2019-03-30,MIN vs. PHI,L,32,8,17,0.471,0,3,0.0,5,8,0.625,1,6,7,2,0,1,2,1,21,-16,1,2018-19,Regular Season,1626157,Karl-Anthony Towns
22018,1626157,0021801157,2019-04-01,MIN vs. POR,L,32,6,21,0.286,1,4,0.25,4,4,1.0,3,9,12,4,0,2,1,4,17,-6,1,2018-19,Regular Season,1626157,Karl-Anthony Towns
22018,1626157,0021801172,2019-04-03,MIN @ DAL,W,37,12,15,0.8,0,0,0.0,4,6,0.667,3,10,13,3,0,3,1,2,28,7,1,2018-19,Regular Season,1626157,Karl-Anthony Towns
22018,1626157,0021801185,2019-04-05,MIN vs. MIA,W,29,5,10,0.5,1,2,0.5,2,2,1.0,2,10,12,4,1,0,11,4,13,6,1,2018-19,Regular Season,1626157,Karl-Anthony Towns
22018,1626157,0021801197,2019-04-07,MIN vs. OKC,L,33,11,18,0.611,0,1,0.0,13,14,0.929,2,5,7,2,2,1,5,4,35,3,1,2018-19,Regular Season,1626157,Karl-Anthony Towns
22018,1627742,0021800016,2018-10-18,LAL @ POR,L,28,7,15,0.467,0,4,0.0,2,4,0.5,1,3,4,1,2,1,1,0,16,4,1,2018-19,Regular Season,1627742,Brandon Ingram
22018,1627742,0021800035,2018-10-20,LAL vs. HOU,L,29,5,8,0.625,0,1,0.0,2,2,1.0,2,2,4,0,1,1,3,4,12,-1,1,2018-19,Regular Season,1627742,Brandon Ingram
22018,1627742,0021800093,2018-10-29,LAL @ MIN,L,25,9,18,0.5,3,5,0.6,3,4,0.75,3,2,5,2,0,3,4,5,24,3,1,2018-19,Regular Season,1627742,Brandon Ingram
22018,1627742,0021800109,2018-10-31,LAL vs. DAL,W,31,6,16,0.375,1,1,1.0,4,6,0.667,0,3,3,1,1,0,3,5,17,9,1,2018-19,Regular Season,1627742,Brandon Ingram
22018,1627742,0021800132,2018-11-03,LAL @ POR,W,33,3,10,0.3,0,0,0.0,2,4,0.5,0,6,6,0,1,0,3,2,8,-13,1,2018-19,Regular Season,1627742,Brandon Ingram
22018,1627742,0021800139,2018-11-04,LAL vs. TOR,L,34,7,11,0.636,0,1,0.0,2,3,0.667,0,1,1,3,0,1,1,2,16,1,1,2018-19,Regular Season,1627742,Brandon Ingram
22018,1627742,0021800162,2018-11-07,LAL vs. MIN,W,35,8,14,0.571,2,3,0.667,2,2,1.0,1,4,5,6,1,2,3,2,20,-2,1,2018-19,Regular Season,1627742,Brandon Ingram
22018,1627742,0021800183,2018-11-10,LAL @ SAC,W,30,5,17,0.294,0,2,0.0,2,2,1.0,2,6,8,2,0,0,0,4,12,2,1,2018-19,Regular Season,1627742,Brandon Ingram
22018,1627742,0021800189,2018-11-11,LAL vs. ATL,W,29,3,8,0.375,0,0,0.0,4,6,0.667,0,3,3,1,0,1,6,3,10,12,1,2018-19,Regular Season,1627742,Brandon Ingram
22018,1627742,0021800212,2018-11-14,LAL vs. POR,W,32,6,15,0.4,1,3,0.333,4,5,0.8,0,2,2,4,1,0,0,2,17,0,1,2018-19,Regular Season,1627742,Brandon Ingram
22018,1627742,0021800227,2018-11-17,LAL @ ORL,L,34,7,13,0.538,0,2,0.0,3,4,0.75,0,6,6,7,0,0,0,1,17,-7,1,2018-19,Regular Season,1627742,Brandon Ingram
22018,1627742,0021800235,2018-11-18,LAL @ MIA,W,36,6,15,0.4,0,1,0.0,1,1,1.0,1,6,7,1,0,1,1,2,13,7,1,2018-19,Regular Season,1627742,Brandon Ingram
22018,1627742,0021800256,2018-11-21,LAL @ CLE,W,36,5,10,0.5,1,1,1.0,3,6,0.5,1,2,3,3,0,0,2,3,14,15,1,2018-19,Regular Season,1627742,Brandon Ingram
22018,1627742,0021800278,2018-11-23,LAL vs. UTA,W,37,8,14,0.571,2,3,0.667,6,10,0.6,0,6,6,0,2,0,6,3,24,10,1,2018-19,Regular Season,1627742,Brandon Ingram
22018,1627742,0021800286,2018-11-25,LAL vs. ORL,L,31,7,14,0.5,0,2,0.0,3,5,0.6,1,5,6,1,2,0,5,4,17,8,1,2018-19,Regular Season,1627742,Brandon Ingram
22018,1627742,0021800304,2018-11-27,LAL @ DEN,L,30,6,10,0.6,0,1,0.0,2,4,0.5,0,2,2,2,1,0,1,4,14,-19,1,2018-19,Regular Season,1627742,Brandon Ingram
22018,1627742,0021800317,2018-11-29,LAL vs. IND,W,31,6,15,0.4,0,2,0.0,2,5,0.4,0,1,1,3,1,3,1,2,14,-12,1,2018-19,Regular Season,1627742,Brandon Ingram
22018,1627742,0021800328,2018-11-30,LAL vs. DAL,W,40,7,16,0.438,0,1,0.0,5,8,0.625,0,4,4,4,1,0,2,5,19,9,1,2018-19,Regular Season,1627742,Brandon Ingram
22018,1627742,0021800337,2018-12-02,LAL vs. PHX,W,28,5,10,0.5,1,1,1.0,4,7,0.571,2,2,4,2,0,0,3,2,15,8,1,2018-19,Regular Season,1627742,Brandon Ingram
22018,1627742,0021800364,2018-12-05,LAL vs. SAS,W,5,2,2,1.0,0,0,0.0,1,3,0.333,0,0,0,0,0,1,0,1,5,4,1,2018-19,Regular Season,1627742,Brandon Ingram
22018,1627742,0021800478,2018-12-21,LAL vs. NOP,W,33,6,14,0.429,0,2,0.0,6,8,0.75,2,5,7,2,1,0,2,1,18,16,1,2018-19,Regular Season,1627742,Brandon Ingram
22018,1627742,0021800496,2018-12-23,LAL vs. MEM,L,37,8,15,0.533,1,3,0.333,3,6,0.5,0,4,4,3,0,0,2,2,20,-2,1,2018-19,Regular Season,1627742,Brandon Ingram
22018,1627742,0021800500,2018-12-25,LAL @ GSW,W,24,4,9,0.444,1,3,0.333,5,6,0.833,0,2,2,2,0,0,2,4,14,13,1,2018-19,Regular Season,1627742,Brandon Ingram
22018,1627742,0021800514,2018-12-27,LAL @ SAC,L,38,8,19,0.421,1,4,0.25,5,8,0.625,2,1,3,2,1,2,5,1,22,7,1,2018-19,Regular Season,1627742,Brandon Ingram
22018,1627742,0021800526,2018-12-28,LAL vs. LAC,L,33,5,12,0.417,1,2,0.5,6,12,0.5,0,7,7,0,0,0,1,5,17,1,1,2018-19,Regular Season,1627742,Brandon Ingram
22018,1627742,0021800541,2018-12-30,LAL vs. SAC,W,39,9,13,0.692,1,3,0.333,2,4,0.5,1,6,7,9,1,2,3,1,21,16,1,2018-19,Regular Season,1627742,Brandon Ingram
22018,1627742,0021800562,2019-01-02,LAL vs. OKC,L,41,8,21,0.381,0,2,0.0,1,2,0.5,1,10,11,5,0,1,4,3,17,-15,1,2018-19,Regular Season,1627742,Brandon Ingram
22018,1627742,0021800574,2019-01-04,LAL vs. NYK,L,37,8,21,0.381,0,2,0.0,5,5,1.0,0,9,9,3,1,0,5,3,21,-2,1,2018-19,Regular Season,1627742,Brandon Ingram
22018,1627742,0021800585,2019-01-06,LAL @ MIN,L,25,5,16,0.313,0,0,0.0,3,5,0.6,2,3,5,1,0,2,3,2,13,-21,1,2018-19,Regular Season,1627742,Brandon Ingram
22018,1627742,0021800596,2019-01-07,LAL @ DAL,W,37,12,21,0.571,0,0,0.0,5,7,0.714,1,2,3,6,2,0,2,4,29,14,1,2018-19,Regular Season,1627742,Brandon Ingram
22018,1627742,0021800616,2019-01-09,LAL vs. DET,W,30,4,10,0.4,0,0,0.0,2,4,0.5,3,6,9,6,0,0,3,1,10,-1,1,2018-19,Regular Season,1627742,Brandon Ingram
22018,1627742,0021800627,2019-01-11,LAL @ UTA,L,35,6,11,0.545,1,1,1.0,2,6,0.333,0,5,5,0,0,1,3,0,15,-19,1,2018-19,Regular Season,1627742,Brandon Ingram
22018,1627742,0021800644,2019-01-13,LAL vs. CLE,L,40,8,14,0.571,1,2,0.5,5,8,0.625,3,4,7,2,0,0,2,2,22,-13,1,2018-19,Regular Season,1627742,Brandon Ingram
22018,1627742,0021800656,2019-01-15,LAL vs. CHI,W,40,7,13,0.538,0,2,0.0,2,4,0.5,0,9,9,7,1,0,3,4,16,9,1,2018-19,Regular Season,1627742,Brandon Ingram
22018,1627742,0021800670,2019-01-17,LAL @ OKC,W,38,1,9,0.111,0,2,0.0,6,6,1.0,1,4,5,11,0,1,4,1,8,-9,1,2018-19,Regular Season,1627742,Brandon Ingram
22018,1627742,0021800686,2019-01-19,LAL @ HOU,L,36,7,12,0.583,1,2,0.5,6,8,0.75,1,4,5,4,0,0,6,4,21,-12,1,2018-19,Regular Season,1627742,Brandon Ingram
22018,1627742,0021800701,2019-01-21,LAL vs. GSW,L,34,7,16,0.438,1,1,1.0,2,3,0.667,0,5,5,3,0,0,2,3,17,-25,1,2018-19,Regular Season,1627742,Brandon Ingram
22018,1627742,0021800719,2019-01-24,LAL vs. MIN,L,36,8,14,0.571,0,2,0.0,4,6,0.667,0,6,6,1,2,0,2,3,20,-10,1,2018-19,Regular Season,1627742,Brandon Ingram
22018,1627742,0021800743,2019-01-27,LAL vs. PHX,W,32,9,11,0.818,1,1,1.0,3,6,0.5,0,2,2,4,2,2,1,6,22,7,1,2018-19,Regular Season,1627742,Brandon Ingram
22018,1627742,0021800755,2019-01-29,LAL vs. PHI,L,39,16,20,0.8,0,0,0.0,4,5,0.8,1,4,5,5,0,0,3,1,36,-14,1,2018-19,Regular Season,1627742,Brandon Ingram
22018,1627742,0021800769,2019-01-31,LAL @ LAC,W,44,7,12,0.583,0,2,0.0,5,5,1.0,0,4,4,4,0,0,2,4,19,8,1,2018-19,Regular Season,1627742,Brandon Ingram
22018,1627742,0021800782,2019-02-02,LAL @ GSW,L,39,9,21,0.429,0,2,0.0,2,2,1.0,0,4,4,3,0,1,1,3,20,-15,1,2018-19,Regular Season,1627742,Brandon Ingram
22018,1627742,0021800798,2019-02-05,LAL @ IND,L,29,4,8,0.5,0,0,0.0,4,5,0.8,0,6,6,1,0,0,1,0,12,-31,1,2018-19,Regular Season,1627742,Brandon Ingram
22018,1627742,0021800814,2019-02-07,LAL @ BOS,W,40,4,14,0.286,1,4,0.25,2,6,0.333,1,1,2,7,2,1,1,3,11,18,1,2018-19,Regular Season,1627742,Brandon Ingram
22018,1627742,0021800835,2019-02-10,LAL @ PHI,L,34,6,11,0.545,0,0,0.0,7,7,1.0,1,3,4,4,0,0,3,3,19,-8,1,2018-19,Regular Season,1627742,Brandon Ingram
22018,1627742,0021800848,2019-02-12,LAL @ ATL,L,34,7,14,0.5,0,1,0.0,5,6,0.833,1,5,6,1,0,1,4,4,19,1,1,2018-19,Regular Season,1627742,Brandon Ingram
22018,1627742,0021800872,2019-02-21,LAL vs. HOU,W,41,8,17,0.471,0,3,0.0,11,14,0.786,2,11,13,1,0,0,3,3,27,8,1,2018-19,Regular Season,1627742,Brandon Ingram
22018,1627742,0021800887,2019-02-23,LAL @ NOP,L,26,10,18,0.556,3,4,0.75,6,9,0.667,2,3,5,3,0,0,5,5,29,-5,1,2018-19,Regular Season,1627742,Brandon Ingram
22018,1627742,0021800904,2019-02-25,LAL @ MEM,L,38,12,18,0.667,3,3,1.0,5,6,0.833,0,6,6,4,1,1,3,5,32,2,1,2018-19,Regular Season,1627742,Brandon Ingram
22018,1627742,0021800921,2019-02-27,LAL vs. NOP,W,40,8,14,0.571,0,1,0.0,7,10,0.7,0,6,6,4,0,1,0,5,23,1,1,2018-19,Regular Season,1627742,Brandon Ingram
22018,1627742,0021800934,2019-03-01,LAL vs. MIL,L,39,13,21,0.619,1,4,0.25,4,5,0.8,1,7,8,2,0,1,0,3,31,-11,1,2018-19,Regular Season,1627742,Brandon Ingram
22018,1627742,0021800942,2019-03-02,LAL @ PHX,L,39,10,19,0.526,2,2,1.0,3,4,0.75,1,6,7,1,0,0,3,4,25,-5,1,2018-19,Regular Season,1627742,Brandon Ingram
22018,1629014,0021800101,2018-10-30,POR @ HOU,W,1,0,0,0.0,0,0,0.0,0,0,0.0,0,0,0,0,0,0,0,0,0,2,1,2018-19,Regular Season,1629014,Anfernee Simons
22018,1629014,0021800116,2018-11-01,POR vs. NOP,W,2,1,2,0.5,0,1,0.0,0,0,0.0,0,0,0,0,0,0,0,1,2,-2,1,2018-19,Regular Season,1629014,Anfernee Simons
22018,1629014,0021800221,2018-11-16,POR @ MIN,L,13,3,7,0.429,0,2,0.0,1,2,0.5,0,3,3,1,0,0,0,0,7,9,1,2018-19,Regular Season,1629014,Anfernee Simons
22018,1629014,0021800237,2018-11-18,POR @ WAS,W,5,0,2,0.0,0,1,0.0,0,0,0.0,0,2,2,0,0,0,1,0,0,-6,1,2018-19,Regular Season,1629014,Anfernee Simons
22018,1629014,0021800259,2018-11-21,POR @ MIL,L,12,1,4,0.25,0,1,0.0,0,2,0.0,0,0,0,0,0,0,2,0,2,-13,1,2018-19,Regular Season,1629014,Anfernee Simons
22018,1629014,0021800540,2018-12-30,POR vs. PHI,W,10,0,3,0.0,0,1,0.0,0,0,0.0,0,2,2,1,0,0,0,2,0,-7,1,2018-19,Regular Season,1629014,Anfernee Simons
22018,1629014,0021800615,2019-01-09,POR vs. CHI,W,3,2,3,0.667,0,1,0.0,0,0,0.0,0,0,0,0,0,0,2,0,4,-4,1,2018-19,Regular Season,1629014,Anfernee Simons
22018,1629014,0021800628,2019-01-11,POR vs. CHA,W,7,0,0,0.0,0,0,0.0,0,0,0.0,0,0,0,2,0,0,1,0,0,0,1,2018-19,Regular Season,1629014,Anfernee Simons
22018,1629014,0021800662,2019-01-16,POR vs. CLE,W,2,0,2,0.0,0,1,0.0,0,0,0.0,0,0,0,0,0,0,0,0,0,-4,1,2018-19,Regular Season,1629014,Anfernee Simons
22018,1629014,0021800677,2019-01-18,POR vs. NOP,W,1,0,1,0.0,0,0,0.0,0,0,0.0,0,0,0,0,0,0,0,0,0,0,1,2018-19,Regular Season,1629014,Anfernee Simons
22018,1629014,0021800816,2019-02-07,POR vs. SAS,W,1,0,0,0.0,0,0,0.0,0,0,0.0,0,0,0,0,0,0,1,0,0,-6,1,2018-19,Regular Season,1629014,Anfernee Simons
22018,1629014,0021800862,2019-02-13,POR vs. GSW,W,1,0,1,0.0,0,1,0.0,0,0,0.0,0,0,0,0,0,0,0,0,0,1,1,2018-19,Regular Season,1629014,Anfernee Simons
22018,1629014,0021800991,2019-03-09,POR vs. PHX,W,9,2,5,0.4,1,3,0.333,0,0,0.0,0,0,0,0,0,0,1,3,5,-11,1,2018-19,Regular Season,1629014,Anfernee Simons
22018,1629014,0021801073,2019-03-20,POR vs. DAL,W,4,0,0,0.0,0,0,0.0,2,4,0.5,0,0,0,0,0,0,0,0,2,-8,1,2018-19,Regular Season,1629014,Anfernee Simons
22018,1629014,0021801106,2019-03-25,POR vs. BKN,W,1,0,0,0.0,0,0,0.0,2,2,1.0,0,0,0,0,0,0,0,0,2,0,1,2018-19,Regular Season,1629014,Anfernee Simons
22018,1629014,0021801117,2019-03-27,POR @ CHI,W,6,4,5,0.8,1,1,1.0,0,0,0.0,0,0,0,0,0,0,0,0,9,-4,1,2018-19,Regular Season,1629014,Anfernee Simons
22018,1629014,0021801131,2019-03-29,POR @ ATL,W,3,1,2,0.5,0,1,0.0,0,0,0.0,0,0,0,0,0,0,0,0,2,0,1,2018-19,Regular Season,1629014,Anfernee Simons
22018,1629014,0021801175,2019-04-03,POR vs. MEM,W,5,1,3,0.333,1,3,0.333,0,0,0.0,0,0,0,0,0,0,0,1,3,1,1,2018-19,Regular Season,1629014,Anfernee Simons
22018,1629014,0021801190,2019-04-05,POR @ DEN,L,5,0,2,0.0,0,1,0.0,0,0,0.0,0,0,0,0,0,0,1,0,0,-7,1,2018-19,Regular Season,1629014,Anfernee Simons
22018,1629014,0021801230,2019-04-10,POR vs. SAC,W,48,13,21,0.619,7,11,0.636,4,6,0.667,3,3,6,9,1,0,2,2,37,5,1,2018-19,Regular Season,1629014,Anfernee Simons
42018,1629014,0041800162,2019-04-16,POR vs. OKC,W,3,0,1,0.0,0,0,0.0,0,0,0.0,0,0,0,0,0,0,0,1,0,-1,1,2018-19,Playoffs,1629014,Anfernee Simons
42018,1629014,0041800163,2019-04-19,POR @ OKC,L,1,0,1,0.0,0,0,0.0,2,3,0.667,0,0,0,0,0,0,0,0,2,0,1,2018-19,Playoffs,1629014,Anfernee Simons
42018,1629014,0041800164,2019-04-21,POR @ OKC,W,1,0,0,0.0,0,0,0.0,0,0,0.0,0,0,0,0,0,0,0,0,0,0,1,2018-19,Playoffs,1629014,Anfernee Simons
42018,1629014,0041800235,2019-05-07,POR @ DEN,L,5,0,2,0.0,0,2,0.0,2,2,1.0,0,0,0,0,1,0,0,0,2,-4,1,2018-19,Playoffs,1629014,Anfernee Simons
42018,1629014,0041800311,2019-05-14,POR @ GSW,L,3,0,3,0.0,0,0,0.0,0,0,0.0,0,0,0,0,0,0,0,1,0,-5,1,2018-19,Playoffs,1629014,Anfernee Simons
22018,1628991,0021800005,2018-10-17,MEM @ IND,L,25,2,6,0.333,0,1,0.0,6,6,1.0,2,3,5,1,3,1,0,2,10,-21,1,2018-19,Regular Season,1628991,Jaren Jackson Jr.
22018,1628991,0021800020,2018-10-19,MEM vs. ATL,W,28,8,12,0.667,2,4,0.5,6,9,0.667,1,6,7,2,1,2,2,5,24,-8,1,2018-19,Regular Season,1628991,Jaren Jackson Jr.
22018,1628991,0021800045,2018-10-22,MEM @ UTA,W,27,5,12,0.417,0,4,0.0,1,2,0.5,1,6,7,1,1,0,0,4,11,2,1,2018-19,Regular Season,1628991,Jaren Jackson Jr.
22018,1628991,0021800061,2018-10-24,MEM @ SAC,L,30,6,16,0.375,0,3,0.0,2,2,1.0,4,3,7,2,1,2,2,6,14,-5,1,2018-19,Regular Season,1628991,Jaren Jackson Jr.
22018,1628991,0021800080,2018-10-27,MEM vs. PHX,W,15,2,5,0.4,0,1,0.0,2,2,1.0,0,2,2,1,1,1,1,5,6,-1,1,2018-19,Regular Season,1628991,Jaren Jackson Jr.
22018,1628991,0021800102,2018-10-30,MEM vs. WAS,W,10,2,3,0.667,0,0,0.0,0,0,0.0,0,3,3,1,0,0,2,4,4,3,1,2018-19,Regular Season,1628991,Jaren Jackson Jr.
22018,1628991,0021800122,2018-11-02,MEM @ UTA,W,20,6,9,0.667,1,2,0.5,0,0,0.0,1,0,1,1,1,1,3,5,13,2,1,2018-19,Regular Season,1628991,Jaren Jackson Jr.
22018,1628991,0021800136,2018-11-04,MEM @ PHX,L,23,1,2,0.5,0,1,0.0,2,2,1.0,2,1,3,1,0,1,0,3,4,6,1,2018-19,Regular Season,1628991,Jaren Jackson Jr.
22018,1628991,0021800147,2018-11-05,MEM @ GSW,L,32,6,16,0.375,0,3,0.0,3,6,0.5,2,4,6,2,0,5,2,3,15,-9,1,2018-19,Regular Season,1628991,Jaren Jackson Jr.
22018,1628991,0021800158,2018-11-07,MEM vs. DEN,W,33,7,15,0.467,2,5,0.4,4,6,0.667,3,4,7,0,3,3,3,2,20,0,1,2018-19,Regular Season,1628991,Jaren Jackson Jr.
22018,1628991,0021800179,2018-11-10,MEM vs. PHI,W,31,2,8,0.25,0,2,0.0,3,4,0.75,0,1,1,1,0,1,0,2,7,7,1,2018-19,Regular Season,1628991,Jaren Jackson Jr.
22018,1628991,0021800194,2018-11-12,MEM vs. UTA,L,27,4,9,0.444,0,1,0.0,2,2,1.0,5,6,11,3,1,5,4,3,10,-6,1,2018-19,Regular Season,1628991,Jaren Jackson Jr.
22018,1628991,0021800207,2018-11-14,MEM @ MIL,W,16,5,8,0.625,1,1,1.0,2,3,0.667,0,2,2,1,2,0,0,5,13,-1,1,2018-19,Regular Season,1628991,Jaren Jackson Jr.
22018,1628991,0021800220,2018-11-16,MEM vs. SAC,W,31,11,16,0.688,1,1,1.0,4,6,0.667,2,4,6,0,4,2,1,5,27,5,1,2018-19,Regular Season,1628991,Jaren Jackson Jr.
22018,1628991,0021800234,2018-11-18,MEM @ MIN,W,19,6,10,0.6,1,2,0.5,0,0,0.0,1,1,2,1,0,3,3,3,13,7,1,2018-19,Regular Season,1628991,Jaren Jackson Jr.
22018,1628991,0021800244,2018-11-19,MEM vs. DAL,W,36,6,13,0.462,0,3,0.0,1,1,1.0,0,3,3,2,2,4,2,3,13,-1,1,2018-19,Regular Season,1628991,Jaren Jackson Jr.
22018,1628991,0021800262,2018-11-21,MEM @ SAS,W,12,3,4,0.75,2,2,1.0,1,2,0.5,0,1,1,1,0,0,1,5,9,1,1,2018-19,Regular Season,1628991,Jaren Jackson Jr.
22018,1628991,0021800266,2018-11-23,MEM @ LAC,L,35,8,15,0.533,1,3,0.333,3,5,0.6,1,6,7,3,0,3,3,4,20,-2,1,2018-19,Regular Season,1628991,Jaren Jackson Jr.
22018,1628991,0021800291,2018-11-25,MEM vs. NYK,L,30,6,6,1.0,4,4,1.0,0,0,0.0,0,6,6,3,0,7,1,5,16,-1,1,2018-19,Regular Season,1628991,Jaren Jackson Jr.
22018,1628991,0021800303,2018-11-27,MEM vs. TOR,L,19,1,4,0.25,0,0,0.0,2,2,1.0,0,2,2,0,0,1,3,5,4,-5,1,2018-19,Regular Season,1628991,Jaren Jackson Jr.
22018,1628991,0021800323,2018-11-30,MEM @ BKN,W,43,13,22,0.591,3,7,0.429,7,7,1.0,3,5,8,2,0,0,1,4,36,13,1,2018-19,Regular Season,1628991,Jaren Jackson Jr.
22018,1628991,0021800340,2018-12-02,MEM @ PHI,L,23,5,10,0.5,1,4,0.25,6,6,1.0,1,2,3,0,1,3,2,5,17,-6,1,2018-19,Regular Season,1628991,Jaren Jackson Jr.
22018,1628991,0021800360,2018-12-05,MEM vs. LAC,W,21,5,10,0.5,1,4,0.25,2,2,1.0,1,5,6,0,1,1,0,6,13,2,1,2018-19,Regular Season,1628991,Jaren Jackson Jr.
22018,1628991,0021800374,2018-12-07,MEM @ NOP,W,15,1,4,0.25,0,1,0.0,1,2,0.5,0,0,0,0,0,1,2,4,3,0,1,2018-19,Regular Season,1628991,Jaren Jackson Jr.
22018,1628991,0021800384,2018-12-08,MEM vs. LAL,L,27,4,9,0.444,1,4,0.25,2,2,1.0,0,8,8,0,2,0,2,1,11,-3,1,2018-19,Regular Season,1628991,Jaren Jackson Jr.
22018,1628991,0021800398,2018-12-10,MEM @ DEN,L,20,3,7,0.429,0,2,0.0,0,0,0.0,0,3,3,1,2,0,1,1,6,1,1,2018-19,Regular Season,1628991,Jaren Jackson Jr.
22018,1628991,0021800410,2018-12-12,MEM vs. POR,W,31,4,8,0.5,2,3,0.667,4,4,1.0,2,4,6,2,1,2,2,3,14,12,1,2018-19,Regular Season,1628991,Jaren Jackson Jr.
22018,1628991,0021800425,2018-12-14,MEM vs. MIA,L,22,6,9,0.667,0,2,0.0,3,5,0.6,1,3,4,0,2,1,2,2,15,6,1,2018-19,Regular Season,1628991,Jaren Jackson Jr.
22018,1628991,0021800432,2018-12-15,MEM vs. HOU,L,31,4,7,0.571,1,2,0.5,0,2,0.0,1,6,7,3,1,3,1,4,9,-6,1,2018-19,Regular Season,1628991,Jaren Jackson Jr.
22018,1628991,0021800449,2018-12-17,MEM @ GSW,L,22,1,6,0.167,0,1,0.0,1,2,0.5,0,4,4,2,0,0,0,2,3,-11,1,2018-19,Regular Season,1628991,Jaren Jackson Jr.
22018,1628991,0021800465,2018-12-19,MEM @ POR,L,29,6,12,0.5,2,4,0.5,2,2,1.0,2,3,5,2,0,3,1,4,16,13,1,2018-19,Regular Season,1628991,Jaren Jackson Jr.
22018,1628991,0021800477,2018-12-21,MEM @ SAC,L,24,5,8,0.625,1,2,0.5,1,1,1.0,1,5,6,2,1,3,2,6,12,-4,1,2018-19,Regular Season,1628991,Jaren Jackson Jr.
22018,1628991,0021800496,2018-12-23,MEM @ LAL,W,31,11,21,0.524,1,2,0.5,4,5,0.8,4,5,9,1,0,0,3,4,27,4,1,2018-19,Regular Season,1628991,Jaren Jackson Jr.
22018,1628991,0021800508,2018-12-26,MEM vs. CLE,W,28,5,10,0.5,0,1,0.0,1,2,0.5,0,2,2,1,1,1,3,2,11,7,1,2018-19,Regular Season,1628991,Jaren Jackson Jr.
22018,1628991,0021800531,2018-12-29,MEM vs. BOS,L,22,5,7,0.714,1,3,0.333,4,6,0.667,0,4,4,0,1,0,1,4,15,4,1,2018-19,Regular Season,1628991,Jaren Jackson Jr.
22018,1628991,0021800544,2018-12-31,MEM @ HOU,L,13,2,8,0.25,0,2,0.0,0,0,0.0,0,2,2,0,1,0,0,5,4,-3,1,2018-19,Regular Season,1628991,Jaren Jackson Jr.
22018,1628991,0021800560,2019-01-02,MEM vs. DET,L,35,8,11,0.727,2,2,1.0,8,8,1.0,3,7,10,2,0,0,2,6,26,0,1,2018-19,Regular Season,1628991,Jaren Jackson Jr.
22018,1628991,0021800570,2019-01-04,MEM vs. BKN,L,31,9,15,0.6,0,3,0.0,1,1,1.0,2,2,4,2,0,2,3,5,19,-7,1,2018-19,Regular Season,1628991,Jaren Jackson Jr.
22018,1628991,0021800581,2019-01-05,MEM @ SAS,L,34,5,8,0.625,1,3,0.333,4,5,0.8,2,5,7,1,4,0,2,3,15,1,1,2018-19,Regular Season,1628991,Jaren Jackson Jr.
22018,1628991,0021800595,2019-01-07,MEM @ NOP,L,22,6,11,0.545,0,1,0.0,0,0,0.0,0,1,1,0,0,0,1,5,12,-12,1,2018-19,Regular Season,1628991,Jaren Jackson Jr.
22018,1628991,0021800611,2019-01-09,MEM vs. SAS,W,18,5,9,0.556,2,5,0.4,0,0,0.0,0,2,2,0,0,1,3,4,12,4,1,2018-19,Regular Season,1628991,Jaren Jackson Jr.
22018,1628991,0021800631,2019-01-12,MEM @ MIA,L,28,5,8,0.625,1,2,0.5,2,2,1.0,0,5,5,2,3,2,1,2,13,-9,1,2018-19,Regular Season,1628991,Jaren Jackson Jr.
22018,1628991,0021800646,2019-01-14,MEM @ HOU,L,31,5,11,0.455,0,2,0.0,2,3,0.667,0,6,6,1,0,3,2,3,12,-15,1,2018-19,Regular Season,1628991,Jaren Jackson Jr.
22018,1628991,0021800660,2019-01-16,MEM vs. MIL,L,21,2,7,0.286,0,1,0.0,3,3,1.0,1,4,5,0,2,1,1,4,7,-5,1,2018-19,Regular Season,1628991,Jaren Jackson Jr.
22018,1628991,0021800671,2019-01-18,MEM @ BOS,L,27,8,16,0.5,2,3,0.667,5,7,0.714,3,1,4,1,0,1,3,4,23,-21,1,2018-19,Regular Season,1628991,Jaren Jackson Jr.
22018,1628991,0021800684,2019-01-19,MEM @ TOR,L,29,6,11,0.545,1,3,0.333,3,5,0.6,2,6,8,1,0,0,3,2,16,-11,1,2018-19,Regular Season,1628991,Jaren Jackson Jr.
22018,1628991,0021800697,2019-01-21,MEM vs. NOP,L,31,6,14,0.429,0,1,0.0,2,4,0.5,2,0,2,1,0,1,1,2,14,-1,1,2018-19,Regular Season,1628991,Jaren Jackson Jr.
22018,1628991,0021800713,2019-01-23,MEM vs. CHA,L,26,4,9,0.444,1,2,0.5,6,6,1.0,0,1,1,1,1,1,0,4,15,-7,1,2018-19,Regular Season,1628991,Jaren Jackson Jr.
22018,1628991,0021800725,2019-01-25,MEM vs. SAC,L,27,3,8,0.375,0,0,0.0,5,6,0.833,2,1,3,1,0,1,0,4,11,5,1,2018-19,Regular Season,1628991,Jaren Jackson Jr.
22018,1628991,0021800731,2019-01-26,MEM vs. IND,W,31,8,14,0.571,0,2,0.0,4,5,0.8,2,4,6,2,1,0,1,3,20,7,1,2018-19,Regular Season,1628991,Jaren Jackson Jr.
22018,1628991,0021800747,2019-01-28,MEM vs. DEN,L,25,4,10,0.4,0,2,0.0,0,0,0.0,3,4,7,0,2,3,2,6,8,9,1,2018-19,Regular Season,1628991,Jaren Jackson Jr.
22018,1628991,0021800760,2019-01-30,MEM @ MIN,L,22,3,7,0.429,1,2,0.5,2,2,1.0,1,4,5,0,0,1,5,6,9,-9,1,2018-19,Regular Season,1628991,Jaren Jackson Jr.
22018,1628991,0021800787,2019-02-03,MEM @ NYK,W,26,5,11,0.455,1,2,0.5,5,8,0.625,5,2,7,2,0,0,0,5,16,18,1,2018-19,Regular Season,1628991,Jaren Jackson Jr.
22018,1628991,0021800801,2019-02-05,MEM vs. MIN,W,38,6,14,0.429,4,7,0.571,7,10,0.7,0,6,6,3,1,2,3,4,23,-2,1,2018-19,Regular Season,1628991,Jaren Jackson Jr.
22018,1628991,0021800815,2019-02-07,MEM @ OKC,L,34,12,18,0.667,1,2,0.5,2,3,0.667,3,4,7,0,2,0,5,4,27,-25,1,2018-19,Regular Season,1628991,Jaren Jackson Jr.
22018,1628991,0021800831,2019-02-09,MEM vs. NOP,W,27,4,13,0.308,2,4,0.5,4,5,0.8,0,3,3,1,2,1,0,2,14,5,1,2018-19,Regular Season,1628991,Jaren Jackson Jr.
22018,1628991,0021800850,2019-02-12,MEM vs. SAS,L,24,2,7,0.286,1,2,0.5,4,6,0.667,1,4,5,0,0,1,3,4,9,-7,1,2018-19,Regular Season,1628991,Jaren Jackson Jr.
22018,1628991,0021800858,2019-02-13,MEM @ CHI,L,28,5,10,0.5,2,4,0.5,0,0,0.0,0,2,2,0,0,1,1,2,12,-22,1,2018-19,Regular Season,1628991,Jaren Jackson Jr.
22018,1628401,0021800156,2018-11-07,SAS @ MIA,L,16,0,3,0.0,0,0,0.0,0,0,0.0,0,1,1,3,1,0,2,1,0,-9,1,2018-19,Regular Season,1628401,Derrick White
22018,1628401,0021800180,2018-11-10,SAS vs. HOU,W,30,4,9,0.444,1,2,0.5,5,6,0.833,0,4,4,8,2,0,2,2,14,20,1,2018-19,Regular Season,1628401,Derrick White
22018,1628401,0021800197,2018-11-12,SAS @ SAC,L,26,4,10,0.4,1,3,0.333,2,2,1.0,0,0,0,5,1,0,1,0,11,-15,1,2018-19,Regular Season,1628401,Derrick White
22018,1628401,0021800211,2018-11-14,SAS @ PHX,L,29,6,12,0.5,1,5,0.2,3,4,0.75,1,3,4,3,0,0,5,0,16,-20,1,2018-19,Regular Season,1628401,Derrick White
22018,1628401,0021800215,2018-11-15,SAS @ LAC,L,17,0,5,0.0,0,1,0.0,0,0,0.0,0,2,2,1,0,0,1,2,0,-28,1,2018-19,Regular Season,1628401,Derrick White
22018,1628401,0021800238,2018-11-18,SAS vs. GSW,W,18,1,5,0.2,0,2,0.0,0,0,0.0,0,1,1,1,1,0,0,2,2,-8,1,2018-19,Regular Season,1628401,Derrick White
22018,1628401,0021800246,2018-11-19,SAS @ NOP,L,13,1,4,0.25,0,1,0.0,0,0,0.0,0,2,2,3,0,0,1,1,2,7,1,2018-19,Regular Season,1628401,Derrick White
22018,1628401,0021800262,2018-11-21,SAS vs. MEM,L,10,0,0,0.0,0,0,0.0,0,0,0.0,0,2,2,2,1,0,0,2,0,5,1,2018-19,Regular Season,1628401,Derrick White
22018,1628401,0021800272,2018-11-23,SAS @ IND,W,7,0,0,0.0,0,0,0.0,1,2,0.5,0,2,2,0,0,0,0,2,1,-5,1,2018-19,Regular Season,1628401,Derrick White
22018,1628401,0021800284,2018-11-24,SAS @ MIL,L,5,1,3,0.333,0,0,0.0,0,0,0.0,0,1,1,2,0,0,0,1,2,14,1,2018-19,Regular Season,1628401,Derrick White
22018,1628401,0021800297,2018-11-26,SAS @ CHI,W,24,3,8,0.375,2,4,0.5,0,0,0.0,0,6,6,1,2,0,1,2,8,6,1,2018-19,Regular Season,1628401,Derrick White
22018,1628401,0021800311,2018-11-28,SAS @ MIN,L,23,3,6,0.5,0,0,0.0,0,0,0.0,0,2,2,4,0,0,2,1,6,-22,1,2018-19,Regular Season,1628401,Derrick White
22018,1628401,0021800326,2018-11-30,SAS vs. HOU,L,33,5,8,0.625,1,3,0.333,0,0,0.0,1,4,5,9,0,0,2,1,11,-10,1,2018-19,Regular Season,1628401,Derrick White
22018,1628401,0021800342,2018-12-02,SAS vs. POR,W,33,4,7,0.571,1,1,1.0,1,2,0.5,1,4,5,6,0,0,1,5,10,21,1,2018-19,Regular Season,1628401,Derrick White
22018,1628401,0021800354,2018-12-04,SAS @ UTA,L,21,5,11,0.455,0,1,0.0,0,0,0.0,2,3,5,2,1,0,3,3,10,-7,1,2018-19,Regular Season,1628401,Derrick White
22018,1628401,0021800364,2018-12-05,SAS @ LAL,L,19,1,5,0.2,0,3,0.0,0,0,0.0,0,4,4,5,0,0,1,2,2,4,1,2018-19,Regular Season,1628401,Derrick White
22018,1628401,0021800375,2018-12-07,SAS vs. LAL,W,8,1,1,1.0,0,0,0.0,0,0,0.0,0,2,2,0,0,0,1,0,2,-9,1,2018-19,Regular Season,1628401,Derrick White
22018,1628401,0021800390,2018-12-09,SAS vs. UTA,W,30,3,6,0.5,0,0,0.0,0,0,0.0,0,2,2,4,3,0,2,1,6,7,1,2018-19,Regular Season,1628401,Derrick White
22018,1628401,0021800403,2018-12-11,SAS vs. PHX,W,27,1,8,0.125,0,3,0.0,2,2,1.0,0,3,3,7,3,0,1,1,4,12,1,2018-19,Regular Season,1628401,Derrick White
22018,1628401,0021800417,2018-12-13,SAS vs. LAC,W,25,5,9,0.556,1,2,0.5,0,0,0.0,0,4,4,2,1,0,2,0,11,20,1,2018-19,Regular Season,1628401,Derrick White
22018,1628401,0021800433,2018-12-15,SAS vs. CHI,L,18,0,3,0.0,0,1,0.0,0,0,0.0,0,0,0,1,1,0,1,1,0,5,1,2018-19,Regular Season,1628401,Derrick White
22018,1628401,0021800448,2018-12-17,SAS vs. PHI,W,17,4,9,0.444,0,1,0.0,0,0,0.0,0,3,3,4,0,3,2,1,8,7,1,2018-19,Regular Season,1628401,Derrick White
22018,1628401,0021800456,2018-12-19,SAS @ ORL,W,34,4,6,0.667,1,2,0.5,0,0,0.0,0,1,1,6,0,1,3,1,9,29,1,2018-19,Regular Season,1628401,Derrick White
22018,1628401,0021800475,2018-12-21,SAS vs. MIN,W,25,3,6,0.5,0,3,0.0,1,1,1.0,0,3,3,4,1,0,2,3,7,15,1,2018-19,Regular Season,1628401,Derrick White
22018,1628401,0021800483,2018-12-22,SAS @ HOU,L,28,2,6,0.333,1,2,0.5,0,0,0.0,1,4,5,5,1,3,3,3,5,3,1,2018-19,Regular Season,1628401,Derrick White
22018,1628401,0021800510,2018-12-26,SAS vs. DEN,W,28,2,7,0.286,1,3,0.333,2,2,1.0,1,0,1,4,1,2,1,3,7,3,1,2018-19,Regular Season,1628401,Derrick White
22018,1628401,0021800524,2018-12-28,SAS @ DEN,L,28,4,9,0.444,1,4,0.25,1,2,0.5,3,3,6,3,6,0,1,3,10,2,1,2018-19,Regular Season,1628401,Derrick White
22018,1628401,0021800535,2018-12-29,SAS @ LAC,W,29,4,6,0.667,1,1,1.0,3,3,1.0,1,6,7,4,2,0,0,2,12,26,1,2018-19,Regular Season,1628401,Derrick White
22018,1628401,0021800545,2018-12-31,SAS vs. BOS,W,29,8,9,0.889,2,2,1.0,4,5,0.8,0,3,3,3,1,2,1,2,22,8,1,2018-19,Regular Season,1628401,Derrick White
22018,1628401,0021800563,2019-01-03,SAS vs. TOR,W,33,8,11,0.727,2,3,0.667,1,2,0.5,0,0,0,4,1,0,0,2,19,20,1,2018-19,Regular Season,1628401,Derrick White
22018,1628401,0021800581,2019-01-05,SAS vs. MEM,W,27,8,9,0.889,1,1,1.0,2,2,1.0,1,3,4,0,1,1,2,3,19,-7,1,2018-19,Regular Season,1628401,Derrick White
22018,1628401,0021800591,2019-01-07,SAS @ DET,W,35,4,7,0.571,0,1,0.0,9,9,1.0,1,4,5,2,0,0,1,0,17,6,1,2018-19,Regular Season,1628401,Derrick White
22018,1628401,0021800611,2019-01-09,SAS @ MEM,L,16,4,7,0.571,1,2,0.5,3,5,0.6,0,2,2,2,0,0,3,5,12,-6,1,2018-19,Regular Season,1628401,Derrick White
22018,1628401,0021800619,2019-01-10,SAS vs. OKC,W,48,10,17,0.588,1,3,0.333,2,2,1.0,0,5,5,8,2,1,2,4,23,2,1,2018-19,Regular Season,1628401,Derrick White
22018,1628401,0021800634,2019-01-12,SAS @ OKC,L,31,3,8,0.375,1,4,0.25,1,4,0.25,2,5,7,4,0,3,4,3,8,-10,1,2018-19,Regular Season,1628401,Derrick White
22018,1628401,0021800647,2019-01-14,SAS vs. CHA,L,34,7,12,0.583,2,3,0.667,2,3,0.667,0,4,4,7,0,1,0,3,18,-7,1,2018-19,Regular Season,1628401,Derrick White
22018,1628401,0021800661,2019-01-16,SAS @ DAL,W,24,2,4,0.5,0,2,0.0,2,4,0.5,0,3,3,2,2,0,0,4,6,-14,1,2018-19,Regular Season,1628401,Derrick White
22018,1628401,0021800674,2019-01-18,SAS @ MIN,W,31,6,8,0.75,2,2,1.0,1,1,1.0,1,5,6,3,0,0,2,3,15,0,1,2018-19,Regular Season,1628401,Derrick White
22018,1628401,0021800690,2019-01-20,SAS vs. LAC,L,35,3,8,0.375,1,2,0.5,2,4,0.5,1,4,5,4,2,1,4,5,9,-3,1,2018-19,Regular Season,1628401,Derrick White
22018,1628401,0021800711,2019-01-23,SAS @ PHI,L,36,6,9,0.667,1,3,0.333,2,2,1.0,0,4,4,5,2,1,1,2,15,-11,1,2018-19,Regular Season,1628401,Derrick White
22018,1628401,0021800730,2019-01-26,SAS @ NOP,W,27,5,9,0.556,1,3,0.333,1,1,1.0,2,1,3,4,2,2,2,4,12,16,1,2018-19,Regular Season,1628401,Derrick White
22018,1628401,0021800742,2019-01-27,SAS vs. WAS,W,31,6,7,0.857,0,0,0.0,4,4,1.0,0,5,5,4,1,0,2,0,16,10,1,2018-19,Regular Season,1628401,Derrick White
22018,1628401,0021800754,2019-01-29,SAS vs. PHX,W,29,6,15,0.4,0,1,0.0,3,4,0.75,2,5,7,3,2,0,0,2,15,7,1,2018-19,Regular Season,1628401,Derrick White
22018,1628401,0021800767,2019-01-31,SAS vs. BKN,W,25,8,13,0.615,3,4,0.75,7,9,0.778,1,2,3,6,1,2,1,4,26,12,1,2018-19,Regular Season,1628401,Derrick White
22018,1628401,0021800779,2019-02-02,SAS vs. NOP,W,25,2,9,0.222,0,3,0.0,0,0,0.0,0,5,5,3,0,0,1,3,4,17,1,2018-19,Regular Season,1628401,Derrick White
22018,1628401,0021800876,2019-02-22,SAS @ TOR,L,20,3,9,0.333,0,3,0.0,1,2,0.5,0,4,4,3,1,0,1,3,7,-13,1,2018-19,Regular Season,1628401,Derrick White
22018,1628401,0021800900,2019-02-25,SAS @ BKN,L,25,3,10,0.3,1,3,0.333,0,0,0.0,0,6,6,4,3,1,3,1,7,-4,1,2018-19,Regular Season,1628401,Derrick White
22018,1628401,0021800917,2019-02-27,SAS vs. DET,W,29,7,12,0.583,1,2,0.5,0,0,0.0,2,4,6,4,1,2,0,1,15,4,1,2018-19,Regular Season,1628401,Derrick White
22018,1628401,0021800940,2019-03-02,SAS vs. OKC,W,30,6,10,0.6,1,2,0.5,1,1,1.0,0,8,8,2,3,1,2,3,14,16,1,2018-19,Regular Season,1628401,Derrick White
22018,1628401,0021800954,2019-03-04,SAS vs. DEN,W,36,4,13,0.308,1,6,0.167,2,2,1.0,1,3,4,9,1,3,0,0,11,-13,1,2018-19,Regular Season,1628401,Derrick White
22018,1628401,0021800968,2019-03-06,SAS @ ATL,W,29,8,11,0.727,1,1,1.0,1,2,0.5,0,6,6,9,0,6,2,4,18,12,1,2018-19,Regular Season,1628401,Derrick White
22018,1628401,0021800999,2019-03-10,SAS vs. MIL,W,29,3,10,0.3,0,2,0.0,1,2,0.5,0,3,3,4,0,0,2,3,7,-9,1,2018-19,Regular Season,1628401,Derrick White
22018,1628401,0021801011,2019-03-12,SAS @ DAL,W,33,10,16,0.625,3,5,0.6,0,0,0.0,1,2,3,7,3,0,2,5,23,-2,1,2018-19,Regular Season,1628401,Derrick White
22018,1628401,0021801032,2019-03-15,SAS vs. NYK,W,21,1,5,0.2,0,0,0.0,1,2,0.5,1,3,4,7,0,1,2,0,3,3,2,2018-19,Regular Season,1628401,Derrick White
22018,1628401,0021801039,2019-03-16,SAS vs. POR,W,26,5,7,0.714,0,1,0.0,3,4,0.75,0,2,2,3,0,0,0,4,13,-7,1,2018-19,Regular Season,1628401,Derrick White
22018,1628401,0021801055,2019-03-18,SAS vs. GSW,W,28,5,12,0.417,2,4,0.5,0,1,0.0,0,2,2,4,2,1,1,1,12,3,1,2018-19,Regular Season,1628401,Derrick White
22018,1628401,0021801071,2019-03-20,SAS vs. MIA,L,19,1,8,0.125,0,2,0.0,1,1,1.0,1,1,2,4,1,0,0,2,3,-17,1,2018-19,Regular Season,1628401,Derrick White
22018,1628401,0021801084,2019-03-22,SAS @ HOU,L,32,5,12,0.417,1,4,0.25,7,7,1.0,2,6,8,3,2,0,1,1,18,-3,1,2018-19,Regular Season,1628401,Derrick White
22018,1628401,0021801100,2019-03-24,SAS @ BOS,W,28,2,7,0.286,0,2,0.0,0,0,0.0,0,4,4,5,0,0,0,2,4,13,1,2018-19,Regular Season,1628401,Derrick White
22018,1628401,0021801107,2019-03-26,SAS @ CHA,L,29,0,10,0.0,0,4,0.0,4,4,1.0,1,4,5,7,2,2,3,5,4,-6,1,2018-19,Regular Season,1628401,Derrick White
22018,1628401,0021801129,2019-03-28,SAS vs. CLE,W,20,2,3,0.667,1,1,1.0,1,2,0.5,0,1,1,4,1,1,1,3,6,17,1,2018-19,Regular Season,1628401,Derrick White
22018,1628401,0021801149,2019-03-31,SAS vs. SAC,L,29,3,10,0.3,0,2,0.0,0,0,0.0,0,3,3,3,0,1,3,3,6,-3,1,2018-19,Regular Season,1628401,Derrick White
22018,1628401,0021801162,2019-04-02,SAS vs. ATL,W,31,10,12,0.833,3,3,1.0,0,0,0.0,1,3,4,3,0,2,4,2,23,20,1,2018-19,Regular Season,1628401,Derrick White
22018,1628401,0021801173,2019-04-03,SAS @ DEN,L,18,2,7,0.286,0,3,0.0,1,2,0.5,2,0,2,1,1,0,0,1,5,-11,1,2018-19,Regular Season,1628401,Derrick White
22018,1628401,0021801182,2019-04-05,SAS @ WAS,W,30,4,9,0.444,0,1,0.0,2,2,1.0,0,6,6,8,0,1,1,1,10,17,1,2018-19,Regular Season,1628401,Derrick White
22018,1628401,0021801196,2019-04-07,SAS @ CLE,W,22,3,8,0.375,0,2,0.0,2,2,1.0,1,3,4,3,0,2,2,2,8,9,1,2018-19,Regular Season,1628401,Derrick White
22018,1628401,0021801227,2019-04-10,SAS vs. DAL,W,28,6,8,0.75,2,2,1.0,0,0,0.0,0,6,6,3,1,0,0,3,14,12,1,2018-19,Regular Season,1628401,Derrick White
42018,1628401,0041800151,2019-04-13,SAS @ DEN,W,28,7,10,0.7,0,0,0.0,2,3,0.667,0,3,3,5,1,0,4,3,16,2,1,2018-19,Playoffs,1628401,Derrick White
42018,1628401,0041800152,2019-04-16,SAS @ DEN,L,32,7,11,0.636,1,2,0.5,2,2,1.0,1,3,4,0,0,1,3,1,17,-9,1,2018-19,Playoffs,1628401,Derrick White
42018,1628401,0041800153,2019-04-18,SAS vs. DEN,W,33,15,21,0.714,1,4,0.25,5,6,0.833,0,5,5,5,3,1,1,2,36,30,1,2018-19,Playoffs,1628401,Derrick White
42018,1628401,0041800154,2019-04-20,SAS vs. DEN,L,28,3,8,0.375,0,2,0.0,2,4,0.5,0,4,4,5,0,1,4,1,8,-19,1,2018-19,Playoffs,1628401,Derrick White
42018,1628401,0041800155,2019-04-23,SAS @ DEN,L,22,5,11,0.455,1,2,0.5,1,3,0.333,0,2,2,2,1,0,1,4,12,-20,1,2018-19,Playoffs,1628401,Derrick White
42018,1628401,0041800156,2019-04-25,SAS vs. DEN,W,28,4,7,0.571,2,3,0.667,3,4,0.75,0,1,1,2,0,2,1,4,13,17,1,2018-19,Playoffs,1628401,Derrick White
42018,1628401,0041800157,2019-04-27,SAS @ DEN,L,21,0,7,0.0,0,4,0.0,4,4,1.0,0,2,2,2,0,0,1,2,4,-9,1,2018-19,Playoffs,1628401,Derrick White
22018,203468,0021800016,2018-10-18,POR vs. LAL,W,31,6,17,0.353,3,6,0.5,6,6,1.0,1,4,5,1,0,0,2,4,21,-9,1,2018-19,Regular Season,203468,CJ McCollum
22018,203468,0021800034,2018-10-20,POR vs. SAS,W,30,9,15,0.6,4,7,0.571,2,3,0.667,0,2,2,2,0,0,2,1,24,18,1,2018-19,Regular Season,203468,CJ McCollum
22018,203468,0021800046,2018-10-22,POR vs. WAS,L,38,5,25,0.2,1,9,0.111,2,2,1.0,2,2,4,4,1,0,2,2,13,4,1,2018-19,Regular Season,203468,CJ McCollum
22018,203468,0021800064,2018-10-25,POR @ ORL,W,29,7,12,0.583,2,3,0.667,6,6,1.0,1,1,2,2,1,0,1,3,22,18,1,2018-19,Regular Season,203468,CJ McCollum
22018,203468,0021800079,2018-10-27,POR @ MIA,L,36,7,20,0.35,3,7,0.429,2,5,0.4,2,5,7,2,0,1,0,4,19,-1,1,2018-19,Regular Season,203468,CJ McCollum
22018,203468,0021800087,2018-10-29,POR @ IND,W,33,7,15,0.467,1,5,0.2,2,2,1.0,2,4,6,1,0,1,1,0,17,-7,1,2018-19,Regular Season,203468,CJ McCollum
22018,203468,0021800101,2018-10-30,POR @ HOU,W,28,7,13,0.538,3,6,0.5,2,2,1.0,0,4,4,2,0,1,1,1,19,20,1,2018-19,Regular Season,203468,CJ McCollum
22018,203468,0021800116,2018-11-01,POR vs. NOP,W,30,2,8,0.25,0,3,0.0,4,6,0.667,0,2,2,4,1,0,4,3,8,12,1,2018-19,Regular Season,203468,CJ McCollum
22018,203468,0021800132,2018-11-03,POR vs. LAL,L,36,13,24,0.542,2,8,0.25,2,2,1.0,2,3,5,4,0,0,3,3,30,16,1,2018-19,Regular Season,203468,CJ McCollum
22018,203468,0021800138,2018-11-04,POR vs. MIN,W,28,7,14,0.5,1,4,0.25,1,1,1.0,1,2,3,1,2,0,2,0,16,19,1,2018-19,Regular Season,203468,CJ McCollum
22018,203468,0021800152,2018-11-06,POR vs. MIL,W,36,17,26,0.654,5,10,0.5,1,2,0.5,2,2,4,6,4,0,2,4,40,10,1,2018-19,Regular Season,203468,CJ McCollum
22018,203468,0021800165,2018-11-08,POR vs. LAC,W,35,8,20,0.4,2,6,0.333,5,5,1.0,2,5,7,2,0,0,0,0,23,5,1,2018-19,Regular Season,203468,CJ McCollum
22018,203468,0021800188,2018-11-11,POR vs. BOS,W,35,6,15,0.4,1,6,0.167,1,1,1.0,0,2,2,1,0,1,1,2,14,13,1,2018-19,Regular Season,203468,CJ McCollum
22018,203468,0021800212,2018-11-14,POR @ LAL,L,35,9,20,0.45,3,8,0.375,2,2,1.0,0,1,1,4,2,0,2,4,23,-11,1,2018-19,Regular Season,203468,CJ McCollum
22018,203468,0021800221,2018-11-16,POR @ MIN,L,31,8,16,0.5,1,4,0.25,1,2,0.5,0,1,1,2,1,0,3,2,18,-13,1,2018-19,Regular Season,203468,CJ McCollum
22018,203468,0021800237,2018-11-18,POR @ WAS,W,39,9,16,0.563,3,5,0.6,4,4,1.0,3,4,7,0,0,0,0,4,25,22,1,2018-19,Regular Season,203468,CJ McCollum
22018,203468,0021800251,2018-11-20,POR @ NYK,W,38,13,23,0.565,5,9,0.556,0,0,0.0,1,3,4,2,0,1,1,3,31,3,1,2018-19,Regular Season,203468,CJ McCollum
22018,203468,0021800259,2018-11-21,POR @ MIL,L,33,7,15,0.467,2,4,0.5,6,6,1.0,1,0,1,1,2,0,2,4,22,-30,1,2018-19,Regular Season,203468,CJ McCollum
22018,203468,0021800277,2018-11-23,POR @ GSW,L,36,8,19,0.421,3,8,0.375,0,2,0.0,0,1,1,5,1,0,2,2,19,-18,1,2018-19,Regular Season,203468,CJ McCollum
22018,203468,0021800293,2018-11-25,POR vs. LAC,L,36,8,21,0.381,2,4,0.5,0,0,0.0,3,6,9,1,0,0,1,3,18,-8,1,2018-19,Regular Season,203468,CJ McCollum
22018,203468,0021800314,2018-11-28,POR vs. ORL,W,35,6,17,0.353,1,5,0.2,2,4,0.5,1,5,6,2,1,0,1,1,15,0,1,2018-19,Regular Season,203468,CJ McCollum
22018,203468,0021800329,2018-11-30,POR vs. DEN,L,38,14,21,0.667,0,4,0.0,5,5,1.0,1,3,4,1,1,1,3,5,33,4,1,2018-19,Regular Season,203468,CJ McCollum
22018,203468,0021800342,2018-12-02,POR @ SAS,L,39,11,22,0.5,2,6,0.333,0,0,0.0,0,2,2,3,0,1,4,2,24,-1,1,2018-19,Regular Season,203468,CJ McCollum
22018,203468,0021800352,2018-12-04,POR @ DAL,L,40,7,19,0.368,2,7,0.286,2,2,1.0,1,2,3,4,2,0,2,5,18,9,1,2018-19,Regular Season,203468,CJ McCollum
22018,203468,0021800385,2018-12-08,POR vs. MIN,W,33,7,15,0.467,3,7,0.429,2,2,1.0,0,5,5,4,1,2,1,1,19,15,1,2018-19,Regular Season,203468,CJ McCollum
22018,203468,0021800402,2018-12-11,POR @ HOU,L,39,10,21,0.476,0,5,0.0,3,4,0.75,0,3,3,4,0,0,1,3,23,10,1,2018-19,Regular Season,203468,CJ McCollum
22018,203468,0021800410,2018-12-12,POR @ MEM,L,39,16,27,0.593,2,5,0.4,6,7,0.857,0,5,5,2,1,1,4,5,40,-2,1,2018-19,Regular Season,203468,CJ McCollum
22018,203468,0021800427,2018-12-14,POR vs. TOR,W,28,5,14,0.357,2,5,0.4,2,2,1.0,0,1,1,4,3,1,1,1,14,-9,1,2018-19,Regular Season,203468,CJ McCollum
22018,203468,0021800450,2018-12-17,POR @ LAC,W,34,11,19,0.579,2,4,0.5,3,3,1.0,1,2,3,3,0,1,1,5,27,18,1,2018-19,Regular Season,203468,CJ McCollum
22018,203468,0021800465,2018-12-19,POR vs. MEM,W,30,5,16,0.313,0,3,0.0,1,2,0.5,1,3,4,1,1,0,2,3,11,-14,1,2018-19,Regular Season,203468,CJ McCollum
22018,203468,0021800476,2018-12-21,POR vs. UTA,L,30,5,15,0.333,0,3,0.0,2,2,1.0,0,4,4,2,3,0,2,3,12,-3,1,2018-19,Regular Season,203468,CJ McCollum
22018,203468,0021800495,2018-12-23,POR vs. DAL,W,34,10,20,0.5,1,8,0.125,1,2,0.5,0,5,5,5,1,0,0,2,22,2,1,2018-19,Regular Season,203468,CJ McCollum
22018,203468,0021800501,2018-12-25,POR @ UTA,L,34,4,14,0.286,1,3,0.333,2,4,0.5,1,2,3,3,1,1,4,2,11,-14,1,2018-19,Regular Season,203468,CJ McCollum
22018,203468,0021800516,2018-12-27,POR @ GSW,W,39,7,22,0.318,3,9,0.333,7,7,1.0,2,2,4,3,1,1,2,2,24,1,1,2018-19,Regular Season,203468,CJ McCollum
22018,203468,0021800534,2018-12-29,POR vs. GSW,L,35,6,17,0.353,0,5,0.0,2,2,1.0,1,4,5,1,0,0,0,3,14,-2,1,2018-19,Regular Season,203468,CJ McCollum
22018,203468,0021800540,2018-12-30,POR vs. PHI,W,28,13,18,0.722,4,7,0.571,5,5,1.0,1,2,3,3,0,0,0,3,35,25,1,2018-19,Regular Season,203468,CJ McCollum
22018,203468,0021800552,2019-01-01,POR @ SAC,W,39,8,19,0.421,0,5,0.0,0,2,0.0,0,1,1,2,0,1,1,3,16,11,1,2018-19,Regular Season,203468,CJ McCollum
22018,203468,0021800575,2019-01-04,POR vs. OKC,L,32,4,15,0.267,2,6,0.333,0,0,0.0,1,1,2,5,0,0,1,3,10,5,1,2018-19,Regular Season,203468,CJ McCollum
22018,203468,0021800582,2019-01-05,POR vs. HOU,W,40,9,21,0.429,3,8,0.375,3,4,0.75,0,4,4,4,1,0,0,0,24,4,1,2018-19,Regular Season,203468,CJ McCollum
22018,203468,0021800597,2019-01-07,POR vs. NYK,W,37,7,17,0.412,2,7,0.286,1,1,1.0,0,3,3,2,1,1,1,2,17,12,1,2018-19,Regular Season,203468,CJ McCollum
22018,203468,0021800615,2019-01-09,POR vs. CHI,W,31,10,14,0.714,2,4,0.5,2,2,1.0,1,2,3,4,0,0,1,1,24,0,1,2018-19,Regular Season,203468,CJ McCollum
22018,203468,0021800628,2019-01-11,POR vs. CHA,W,29,12,20,0.6,5,11,0.455,1,1,1.0,1,5,6,2,1,0,1,3,30,26,1,2018-19,Regular Season,203468,CJ McCollum
22018,203468,0021800643,2019-01-13,POR @ DEN,L,37,7,19,0.368,4,10,0.4,0,0,0.0,0,3,3,3,0,0,2,2,18,-3,1,2018-19,Regular Season,203468,CJ McCollum
22018,203468,0021800649,2019-01-14,POR @ SAC,L,30,2,14,0.143,0,1,0.0,2,2,1.0,2,4,6,1,1,0,3,2,6,-4,2,2018-19,Regular Season,203468,CJ McCollum
22018,203468,0021800662,2019-01-16,POR vs. CLE,W,29,7,13,0.538,2,4,0.5,3,4,0.75,1,2,3,1,0,0,0,1,19,24,1,2018-19,Regular Season,203468,CJ McCollum
22018,203468,0021800677,2019-01-18,POR vs. NOP,W,32,8,12,0.667,1,3,0.333,3,3,1.0,2,4,6,3,2,0,0,1,20,13,1,2018-19,Regular Season,203468,CJ McCollum
22018,203468,0021800700,2019-01-21,POR @ UTA,W,38,6,17,0.353,2,4,0.5,0,1,0.0,0,4,4,4,1,0,0,3,14,-3,1,2018-19,Regular Season,203468,CJ McCollum
22018,203468,0021800703,2019-01-22,POR @ OKC,L,38,11,23,0.478,7,12,0.583,2,2,1.0,1,2,3,3,0,1,4,0,31,-7,1,2018-19,Regular Season,203468,CJ McCollum
22018,203468,0021800718,2019-01-24,POR @ PHX,W,25,8,15,0.533,4,8,0.5,0,0,0.0,0,3,3,2,1,0,1,3,20,14,1,2018-19,Regular Season,203468,CJ McCollum
22018,203468,0021800734,2019-01-26,POR vs. ATL,W,37,10,23,0.435,2,8,0.25,6,7,0.857,2,8,10,10,1,0,3,2,28,23,1,2018-19,Regular Season,203468,CJ McCollum
22018,203468,0021800763,2019-01-30,POR vs. UTA,W,30,12,17,0.706,3,5,0.6,3,4,0.75,0,3,3,1,2,1,3,2,30,19,1,2018-19,Regular Season,203468,CJ McCollum
22018,203468,0021800803,2019-02-05,POR vs. MIA,L,40,13,25,0.52,7,14,0.5,0,0,0.0,1,4,5,2,1,0,2,3,33,-6,1,2018-19,Regular Season,203468,CJ McCollum
22018,203468,0021800816,2019-02-07,POR vs. SAS,W,34,10,21,0.476,7,13,0.538,3,3,1.0,0,9,9,2,2,2,0,1,30,16,1,2018-19,Regular Season,203468,CJ McCollum
22018,203468,0021800834,2019-02-10,POR @ DAL,L,34,6,17,0.353,0,5,0.0,2,2,1.0,2,4,6,5,0,0,2,2,14,-19,1,2018-19,Regular Season,203468,CJ McCollum
22018,203468,0021800846,2019-02-11,POR @ OKC,L,37,5,20,0.25,1,7,0.143,2,3,0.667,0,4,4,4,1,0,1,3,13,-11,1,2018-19,Regular Season,203468,CJ McCollum
22018,203468,0021800862,2019-02-13,POR vs. GSW,W,26,5,13,0.385,3,8,0.375,2,2,1.0,2,1,3,2,0,0,1,1,15,0,1,2018-19,Regular Season,203468,CJ McCollum
22018,203468,0021800869,2019-02-21,POR @ BKN,W,31,9,19,0.474,1,6,0.167,2,2,1.0,2,4,6,5,0,2,1,5,21,12,1,2018-19,Regular Season,203468,CJ McCollum
22018,203468,0021800882,2019-02-23,POR @ PHI,W,34,6,17,0.353,1,5,0.2,2,2,1.0,2,3,5,4,2,0,2,2,15,20,1,2018-19,Regular Season,203468,CJ McCollum
22018,203468,0021800898,2019-02-25,POR @ CLE,W,36,12,18,0.667,7,8,0.875,4,6,0.667,1,6,7,2,1,0,3,5,35,19,1,2018-19,Regular Season,203468,CJ McCollum
22018,203468,0021800913,2019-02-27,POR @ BOS,W,37,6,19,0.316,1,8,0.125,1,2,0.5,1,4,5,3,0,0,2,3,14,8,1,2018-19,Regular Season,203468,CJ McCollum
22018,203468,0021800930,2019-03-01,POR @ TOR,L,40,12,20,0.6,7,11,0.636,4,4,1.0,0,4,4,5,1,0,3,3,35,-5,1,2018-19,Regular Season,203468,CJ McCollum
22018,203468,0021800944,2019-03-03,POR @ CHA,W,34,2,13,0.154,2,4,0.5,0,0,0.0,1,1,2,6,0,1,3,1,6,20,1,2018-19,Regular Season,203468,CJ McCollum
22018,203468,0021800962,2019-03-05,POR @ MEM,L,35,9,13,0.692,3,5,0.6,6,6,1.0,0,2,2,2,0,1,1,3,27,-5,1,2018-19,Regular Season,203468,CJ McCollum
22018,203468,0021800976,2019-03-07,POR vs. OKC,L,45,9,24,0.375,3,11,0.273,4,4,1.0,0,5,5,0,1,1,1,4,25,-4,1,2018-19,Regular Season,203468,CJ McCollum
22018,203468,0021800991,2019-03-09,POR vs. PHX,W,30,11,14,0.786,4,7,0.571,0,0,0.0,1,2,3,4,1,1,1,3,26,13,1,2018-19,Regular Season,203468,CJ McCollum
22018,203468,0021801013,2019-03-12,POR @ LAC,W,35,12,21,0.571,6,11,0.545,5,6,0.833,2,2,4,4,2,0,0,4,35,20,1,2018-19,Regular Season,203468,CJ McCollum
22018,203468,0021801031,2019-03-15,POR @ NOP,W,38,10,20,0.5,3,4,0.75,0,2,0.0,0,5,5,4,0,1,0,0,23,9,2,2018-19,Regular Season,203468,CJ McCollum
22018,203468,0021801039,2019-03-16,POR @ SAS,L,23,5,13,0.385,0,3,0.0,0,0,0.0,1,2,3,5,0,0,0,0,10,0,1,2018-19,Regular Season,203468,CJ McCollum
22018,203468,0021801206,2019-04-07,POR vs. DEN,W,25,3,13,0.231,1,5,0.2,2,2,1.0,2,4,6,6,1,0,0,3,9,9,1,2018-19,Regular Season,203468,CJ McCollum
22018,203468,0021801219,2019-04-09,POR @ LAL,W,29,5,13,0.385,1,6,0.167,0,1,0.0,0,1,1,3,0,1,2,3,11,17,1,2018-19,Regular Season,203468,CJ McCollum
42018,203468,0041800161,2019-04-14,POR vs. OKC,W,37,9,24,0.375,3,7,0.429,3,5,0.6,1,5,6,3,0,0,3,1,24,3,1,2018-19,Playoffs,203468,CJ McCollum
42018,203468,0041800162,2019-04-16,POR vs. OKC,W,36,12,22,0.545,3,7,0.429,6,6,1.0,1,7,8,5,1,0,3,0,33,23,1,2018-19,Playoffs,203468,CJ McCollum
42018,203468,0041800163,2019-04-19,POR @ OKC,L,36,7,16,0.438,5,8,0.625,2,4,0.5,0,7,7,7,1,0,3,2,21,-20,1,2018-19,Playoffs,203468,CJ McCollum
42018,203468,0041800164,2019-04-21,POR @ OKC,W,42,10,20,0.5,5,9,0.556,2,2,1.0,0,4,4,3,1,2,2,4,27,25,1,2018-19,Playoffs,203468,CJ McCollum
42018,203468,0041800165,2019-04-23,POR vs. OKC,W,32,8,19,0.421,1,7,0.143,0,0,0.0,1,1,2,2,0,2,1,3,17,-3,1,2018-19,Playoffs,203468,CJ McCollum
42018,203468,0041800231,2019-04-29,POR @ DEN,L,38,7,17,0.412,2,7,0.286,0,2,0.0,0,4,4,3,0,1,2,2,16,-6,1,2018-19,Playoffs,203468,CJ McCollum
42018,203468,0041800232,2019-05-01,POR @ DEN,W,41,8,20,0.4,3,7,0.429,1,2,0.5,1,5,6,6,0,0,3,3,20,11,1,2018-19,Playoffs,203468,CJ McCollum
42018,203468,0041800233,2019-05-03,POR vs. DEN,W,60,16,39,0.41,4,11,0.364,5,6,0.833,2,6,8,4,4,1,1,4,41,6,1,2018-19,Playoffs,203468,CJ McCollum
42018,203468,0041800234,2019-05-05,POR vs. DEN,L,39,10,20,0.5,4,8,0.5,5,6,0.833,1,4,5,1,1,0,1,1,29,-10,1,2018-19,Playoffs,203468,CJ McCollum
42018,203468,0041800235,2019-05-07,POR @ DEN,L,29,5,16,0.313,2,5,0.4,0,0,0.0,1,3,4,3,0,1,2,2,12,-25,1,2018-19,Playoffs,203468,CJ McCollum
42018,203468,0041800236,2019-05-09,POR vs. DEN,W,42,12,24,0.5,2,7,0.286,4,4,1.0,0,6,6,3,0,0,0,1,30,10,1,2018-19,Playoffs,203468,CJ McCollum
42018,203468,0041800237,2019-05-12,POR @ DEN,W,45,17,29,0.586,1,3,0.333,2,2,1.0,1,8,9,1,1,1,0,1,37,6,1,2018-19,Playoffs,203468,CJ McCollum
42018,203468,0041800311,2019-05-14,POR @ GSW,L,38,7,19,0.368,1,5,0.2,2,3,0.667,2,1,3,1,0,0,3,2,17,-20,1,2018-19,Playoffs,203468,CJ McCollum
42018,203468,0041800312,2019-05-16,POR @ GSW,L,39,9,23,0.391,3,7,0.429,1,1,1.0,2,1,3,5,1,0,4,2,22,-9,1,2018-19,Playoffs,203468,CJ McCollum
42018,203468,0041800313,2019-05-18,POR vs. GSW,L,38,7,20,0.35,2,10,0.2,7,12,0.583,1,2,3,5,2,0,1,4,23,-6,1,2018-19,Playoffs,203468,CJ McCollum
42018,203468,0041800314,2019-05-20,POR vs. GSW,L,44,10,22,0.455,5,9,0.556,1,1,1.0,0,2,2,7,1,2,1,2,26,0,1,2018-19,Playoffs,203468,CJ McCollum
