SEASON_ID,Player_ID,Game_ID,GAME_DATE,MATCHUP,WL,MIN,FGM,FGA,FG_PCT,FG3M,FG3A,FG3_PCT,FTM,FTA,FT_PCT,OREB,DREB,REB,AST,STL,BLK,TOV,PF,PTS,PLUS_MINUS,VIDEO_AVAILABLE,SEASON,SEASON_TYPE,PLAYER_ID,PLAYER_NAME
22017,1627734,0021700004,2017-10-18,IND vs. BKN,W,19,7,7,1.0,0,0,0.0,2,3,0.667,4,3,7,1,0,0,1,3,16,-4,1,2017-18,Regular Season,1627734,Domantas Sabonis
22017,1627734,0021700018,2017-10-20,IND vs. POR,L,29,1,5,0.2,0,1,0.0,1,4,0.25,2,6,8,1,0,1,3,4,3,-18,1,2017-18,Regular Season,1627734,Domantas Sabonis
22017,1627734,0021700029,2017-10-21,IND @ MIA,L,30,6,10,0.6,0,1,0.0,6,8,0.75,3,9,12,2,1,1,2,4,18,2,1,2017-18,Regular Season,1627734,Domantas Sabonis
22017,1627734,0021700052,2017-10-24,IND @ MIN,W,25,7,7,1.0,0,0,0.0,1,2,0.5,3,8,11,5,0,0,3,3,15,9,2,2017-18,Regular Season,1627734,Domantas Sabonis
22017,1627734,0021700060,2017-10-25,IND @ OKC,L,19,1,9,0.111,0,0,0.0,2,2,1.0,8,3,11,2,0,0,1,5,4,-11,1,2017-18,Regular Season,1627734,Domantas Sabonis
22017,1627734,0021700086,2017-10-29,IND vs. SAS,W,33,9,9,1.0,1,1,1.0,3,4,0.75,2,10,12,2,1,1,1,3,22,22,1,2017-18,Regular Season,1627734,Domantas Sabonis
22017,1627734,0021700101,2017-10-31,IND vs. SAC,W,25,5,6,0.833,0,0,0.0,2,3,0.667,2,14,16,5,0,0,4,2,12,27,2,2017-18,Regular Season,1627734,Domantas Sabonis
22017,1627734,0021700106,2017-11-01,IND @ CLE,W,35,6,15,0.4,0,0,0.0,3,4,0.75,1,11,12,6,0,1,3,3,15,20,2,2017-18,Regular Season,1627734,Domantas Sabonis
22017,1627734,0021700121,2017-11-03,IND @ PHI,L,24,6,9,0.667,0,0,0.0,2,4,0.5,1,5,6,3,0,0,2,6,14,-17,1,2017-18,Regular Season,1627734,Domantas Sabonis
22017,1627734,0021700142,2017-11-05,IND @ NYK,L,29,6,9,0.667,0,0,0.0,4,4,1.0,2,6,8,3,0,0,3,2,16,4,1,2017-18,Regular Season,1627734,Domantas Sabonis
22017,1627734,0021700171,2017-11-10,IND @ CHI,W,26,2,4,0.5,0,1,0.0,4,6,0.667,3,6,9,1,0,0,3,3,8,8,1,2017-18,Regular Season,1627734,Domantas Sabonis
22017,1627734,0021700190,2017-11-12,IND vs. HOU,L,23,7,10,0.7,1,1,1.0,2,2,1.0,3,2,5,2,1,0,2,1,17,-4,1,2017-18,Regular Season,1627734,Domantas Sabonis
22017,1627734,0021700208,2017-11-15,IND @ MEM,W,24,6,10,0.6,0,0,0.0,1,1,1.0,0,6,6,4,0,0,3,5,13,0,1,2017-18,Regular Season,1627734,Domantas Sabonis
22017,1627734,0021700217,2017-11-17,IND vs. DET,W,24,4,11,0.364,0,1,0.0,4,4,1.0,4,6,10,0,1,0,1,2,12,17,1,2017-18,Regular Season,1627734,Domantas Sabonis
22017,1627734,0021700235,2017-11-19,IND @ MIA,W,19,4,7,0.571,0,0,0.0,0,0,0.0,3,7,10,2,0,1,0,0,8,-2,1,2017-18,Regular Season,1627734,Domantas Sabonis
22017,1627734,0021700243,2017-11-20,IND @ ORL,W,20,3,7,0.429,1,1,1.0,3,4,0.75,2,2,4,1,0,0,3,5,10,2,1,2017-18,Regular Season,1627734,Domantas Sabonis
22017,1627734,0021700271,2017-11-24,IND vs. TOR,W,26,2,10,0.2,0,1,0.0,9,12,0.75,3,3,6,1,1,1,2,2,13,-13,1,2017-18,Regular Season,1627734,Domantas Sabonis
22017,1627734,0021700281,2017-11-25,IND vs. BOS,L,30,5,13,0.385,1,2,0.5,6,6,1.0,4,3,7,1,1,0,1,3,17,-15,1,2017-18,Regular Season,1627734,Domantas Sabonis
22017,1627734,0021700290,2017-11-27,IND vs. ORL,W,27,5,7,0.714,1,1,1.0,8,9,0.889,3,5,8,5,0,0,2,2,19,10,1,2017-18,Regular Season,1627734,Domantas Sabonis
22017,1627734,0021700308,2017-11-29,IND @ HOU,L,20,2,4,0.5,0,0,0.0,0,0,0.0,1,6,7,0,0,1,1,4,4,-13,1,2017-18,Regular Season,1627734,Domantas Sabonis
22017,1627734,0021700319,2017-12-01,IND @ TOR,L,20,2,10,0.2,0,0,0.0,2,4,0.5,5,3,8,0,1,0,2,2,6,-4,1,2017-18,Regular Season,1627734,Domantas Sabonis
22017,1627734,0021700340,2017-12-04,IND vs. NYK,W,24,5,11,0.455,0,0,0.0,2,2,1.0,3,9,12,2,0,0,5,5,12,-12,1,2017-18,Regular Season,1627734,Domantas Sabonis
22017,1627734,0021700354,2017-12-06,IND vs. CHI,W,21,3,5,0.6,0,0,0.0,0,0,0.0,1,4,5,1,0,0,1,1,6,-9,1,2017-18,Regular Season,1627734,Domantas Sabonis
22017,1627734,0021700369,2017-12-08,IND vs. CLE,W,20,4,6,0.667,0,0,0.0,1,3,0.333,2,7,9,1,0,0,0,2,9,8,1,2017-18,Regular Season,1627734,Domantas Sabonis
22017,1627734,0021700387,2017-12-10,IND vs. DEN,W,20,6,10,0.6,0,0,0.0,2,2,1.0,2,2,4,2,1,0,1,4,14,-4,1,2017-18,Regular Season,1627734,Domantas Sabonis
22017,1627734,0021700404,2017-12-13,IND vs. OKC,L,19,4,6,0.667,0,0,0.0,0,0,0.0,1,5,6,1,0,0,3,1,8,-9,1,2017-18,Regular Season,1627734,Domantas Sabonis
22017,1627734,0021700419,2017-12-15,IND vs. DET,L,17,4,6,0.667,0,1,0.0,3,6,0.5,4,3,7,0,0,0,2,1,11,-10,1,2017-18,Regular Season,1627734,Domantas Sabonis
22017,1627734,0021700439,2017-12-17,IND @ BKN,W,21,7,13,0.538,0,0,0.0,3,4,0.75,3,5,8,1,0,3,3,4,17,10,1,2017-18,Regular Season,1627734,Domantas Sabonis
22017,1627734,0021700442,2017-12-18,IND vs. BOS,L,29,7,14,0.5,0,1,0.0,4,4,1.0,3,4,7,2,1,0,4,2,18,12,1,2017-18,Regular Season,1627734,Domantas Sabonis
22017,1627734,0021700455,2017-12-20,IND @ ATL,W,22,2,5,0.4,0,0,0.0,0,0,0.0,1,3,4,3,0,1,0,3,4,16,1,2017-18,Regular Season,1627734,Domantas Sabonis
22017,1627734,0021700482,2017-12-23,IND vs. BKN,W,29,4,11,0.364,0,0,0.0,1,2,0.5,0,9,9,5,3,1,1,5,9,-5,1,2017-18,Regular Season,1627734,Domantas Sabonis
22017,1627734,0021700498,2017-12-26,IND @ DET,L,17,5,9,0.556,0,0,0.0,0,0,0.0,3,2,5,3,0,0,1,4,10,-6,1,2017-18,Regular Season,1627734,Domantas Sabonis
22017,1627734,0021700507,2017-12-27,IND vs. DAL,L,19,3,7,0.429,0,0,0.0,0,0,0.0,2,6,8,4,1,1,1,2,6,-5,1,2017-18,Regular Season,1627734,Domantas Sabonis
22017,1627734,0021700524,2017-12-29,IND @ CHI,L,28,6,13,0.462,0,0,0.0,2,2,1.0,3,6,9,2,0,3,0,1,14,-9,1,2017-18,Regular Season,1627734,Domantas Sabonis
22017,1627734,0021700538,2017-12-31,IND vs. MIN,L,29,3,10,0.3,0,2,0.0,2,3,0.667,2,9,11,2,1,1,2,2,8,-11,1,2017-18,Regular Season,1627734,Domantas Sabonis
22017,1627734,0021700561,2018-01-03,IND @ MIL,L,33,10,13,0.769,0,0,0.0,4,5,0.8,1,1,2,1,1,0,4,1,24,-9,1,2017-18,Regular Season,1627734,Domantas Sabonis
22017,1627734,0021700581,2018-01-06,IND vs. CHI,W,27,9,12,0.75,1,2,0.5,3,6,0.5,2,3,5,0,0,1,2,3,22,21,1,2017-18,Regular Season,1627734,Domantas Sabonis
22017,1627734,0021700591,2018-01-08,IND vs. MIL,W,24,8,12,0.667,1,1,1.0,0,1,0.0,2,8,10,3,1,0,3,2,17,12,1,2017-18,Regular Season,1627734,Domantas Sabonis
22017,1627734,0021700604,2018-01-10,IND vs. MIA,L,31,8,15,0.533,0,0,0.0,2,3,0.667,3,5,8,0,0,0,4,5,18,-3,1,2017-18,Regular Season,1627734,Domantas Sabonis
22017,1627734,0021700619,2018-01-12,IND vs. CLE,W,28,4,11,0.364,0,0,0.0,4,4,1.0,2,13,15,3,0,1,2,4,12,-1,1,2017-18,Regular Season,1627734,Domantas Sabonis
22017,1627734,0021700636,2018-01-14,IND @ PHX,W,24,2,5,0.4,0,0,0.0,0,0,0.0,4,10,14,1,0,0,1,2,4,20,1,2017-18,Regular Season,1627734,Domantas Sabonis
22017,1627734,0021700647,2018-01-15,IND @ UTA,W,30,6,13,0.462,0,0,0.0,3,3,1.0,6,2,8,4,0,0,4,2,15,12,1,2017-18,Regular Season,1627734,Domantas Sabonis
22017,1627734,0021700666,2018-01-18,IND @ POR,L,33,4,9,0.444,0,0,0.0,1,1,1.0,2,8,10,3,1,1,3,5,9,0,1,2017-18,Regular Season,1627734,Domantas Sabonis
22017,1627734,0021700673,2018-01-19,IND @ LAL,L,35,6,10,0.6,0,1,0.0,3,5,0.6,3,11,14,1,0,2,0,2,15,-9,1,2017-18,Regular Season,1627734,Domantas Sabonis
22017,1627734,0021700686,2018-01-21,IND @ SAS,W,28,2,8,0.25,0,2,0.0,5,6,0.833,1,2,3,1,1,0,0,5,9,9,2,2017-18,Regular Season,1627734,Domantas Sabonis
22017,1627734,0021700703,2018-01-24,IND vs. PHX,W,24,8,12,0.667,1,2,0.5,2,4,0.5,1,7,8,3,1,1,4,3,19,23,1,2017-18,Regular Season,1627734,Domantas Sabonis
22017,1627734,0021700715,2018-01-26,IND @ CLE,L,36,7,10,0.7,1,1,1.0,2,2,1.0,2,9,11,2,1,0,4,1,17,-4,1,2017-18,Regular Season,1627734,Domantas Sabonis
22017,1627734,0021700725,2018-01-27,IND vs. ORL,W,28,8,13,0.615,0,1,0.0,1,3,0.333,4,5,9,2,1,0,0,5,17,4,1,2017-18,Regular Season,1627734,Domantas Sabonis
22017,1627734,0021700738,2018-01-29,IND vs. CHA,W,28,5,11,0.455,0,0,0.0,1,3,0.333,3,7,10,3,2,0,1,4,11,7,1,2017-18,Regular Season,1627734,Domantas Sabonis
22017,1627734,0021700753,2018-01-31,IND vs. MEM,W,21,4,5,0.8,0,0,0.0,2,3,0.667,3,4,7,2,2,0,2,3,10,-6,1,2017-18,Regular Season,1627734,Domantas Sabonis
22017,1627734,0021700766,2018-02-02,IND @ CHA,L,17,2,4,0.5,0,0,0.0,4,4,1.0,0,3,3,2,1,1,1,5,8,-8,1,2017-18,Regular Season,1627734,Domantas Sabonis
22017,1627734,0021700777,2018-02-03,IND vs. PHI,W,32,2,5,0.4,0,0,0.0,6,7,0.857,3,5,8,6,1,1,2,4,10,15,1,2017-18,Regular Season,1627734,Domantas Sabonis
22017,1627734,0021700791,2018-02-05,IND vs. WAS,L,27,7,12,0.583,0,2,0.0,1,3,0.333,1,3,4,2,0,0,3,2,15,2,1,2017-18,Regular Season,1627734,Domantas Sabonis
22017,1627734,0021700820,2018-02-09,IND @ BOS,W,20,2,7,0.286,0,0,0.0,1,2,0.5,1,4,5,1,0,1,2,4,5,5,1,2017-18,Regular Season,1627734,Domantas Sabonis
22017,1627734,0021700836,2018-02-11,IND vs. NYK,W,25,2,11,0.182,0,0,0.0,2,2,1.0,2,8,10,3,0,0,1,2,6,5,1,2017-18,Regular Season,1627734,Domantas Sabonis
22017,1627734,0021700856,2018-02-14,IND @ BKN,W,23,3,7,0.429,0,0,0.0,2,2,1.0,1,6,7,2,0,1,1,2,8,-8,1,2017-18,Regular Season,1627734,Domantas Sabonis
22017,1627734,0021700874,2018-02-23,IND vs. ATL,W,30,9,13,0.692,1,2,0.5,2,3,0.667,5,8,13,3,0,0,1,1,21,15,1,2017-18,Regular Season,1627734,Domantas Sabonis
22017,1627734,0021700904,2018-02-26,IND @ DAL,L,16,1,4,0.25,0,0,0.0,3,4,0.75,0,1,1,1,1,0,2,3,5,-20,1,2017-18,Regular Season,1627734,Domantas Sabonis
22017,1627734,0021700915,2018-02-28,IND @ ATL,L,34,4,7,0.571,0,1,0.0,6,8,0.75,4,8,12,3,0,0,5,3,14,-2,2,2017-18,Regular Season,1627734,Domantas Sabonis
22017,1627734,0021700932,2018-03-02,IND @ MIL,W,20,3,8,0.375,0,0,0.0,0,0,0.0,3,6,9,2,0,1,0,6,6,2,1,2017-18,Regular Season,1627734,Domantas Sabonis
22017,1627734,0021700945,2018-03-04,IND @ WAS,W,18,2,6,0.333,0,0,0.0,4,4,1.0,2,3,5,1,0,0,4,2,8,-7,1,2017-18,Regular Season,1627734,Domantas Sabonis
22017,1627734,0021700951,2018-03-05,IND vs. MIL,W,20,5,9,0.556,0,0,0.0,1,1,1.0,0,5,5,0,0,0,1,0,11,-11,1,2017-18,Regular Season,1627734,Domantas Sabonis
22017,1627734,0021700965,2018-03-07,IND vs. UTA,L,18,4,10,0.4,0,0,0.0,0,0,0.0,2,7,9,1,0,0,0,4,8,-26,1,2017-18,Regular Season,1627734,Domantas Sabonis
22017,1627734,0021700978,2018-03-09,IND vs. ATL,W,25,1,5,0.2,1,2,0.5,1,2,0.5,0,3,3,2,1,0,1,4,4,-1,1,2017-18,Regular Season,1627734,Domantas Sabonis
22017,1627734,0021700998,2018-03-11,IND @ BOS,W,19,5,9,0.556,0,0,0.0,0,0,0.0,0,6,6,0,2,0,1,1,10,9,1,2017-18,Regular Season,1627734,Domantas Sabonis
22017,1627734,0021701005,2018-03-13,IND @ PHI,W,11,1,4,0.25,1,1,1.0,0,0,0.0,0,0,0,1,2,0,0,3,3,0,1,2017-18,Regular Season,1627734,Domantas Sabonis
22017,1627734,0021701114,2018-03-27,IND @ GSW,W,24,3,3,1.0,0,0,0.0,1,2,0.5,1,5,6,3,0,0,2,2,7,5,1,2017-18,Regular Season,1627734,Domantas Sabonis
22017,1627734,0021701127,2018-03-29,IND @ SAC,W,24,4,6,0.667,0,0,0.0,0,0,0.0,1,7,8,3,0,0,1,4,8,-7,1,2017-18,Regular Season,1627734,Domantas Sabonis
22017,1627734,0021701146,2018-04-01,IND @ LAC,W,19,1,5,0.2,0,0,0.0,0,0,0.0,3,1,4,1,1,0,1,2,2,-10,1,2017-18,Regular Season,1627734,Domantas Sabonis
22017,1627734,0021701165,2018-04-03,IND @ DEN,L,14,5,10,0.5,0,0,0.0,4,4,1.0,0,3,3,1,1,0,1,4,14,13,1,2017-18,Regular Season,1627734,Domantas Sabonis
22017,1627734,0021701175,2018-04-05,IND vs. GSW,W,24,4,11,0.364,1,2,0.5,4,5,0.8,1,8,9,2,1,1,2,5,13,1,1,2017-18,Regular Season,1627734,Domantas Sabonis
22017,1627734,0021701187,2018-04-06,IND @ TOR,L,21,2,11,0.182,0,2,0.0,4,4,1.0,1,2,3,2,1,2,2,2,8,-1,1,2017-18,Regular Season,1627734,Domantas Sabonis
22017,1627734,0021701197,2018-04-08,IND @ CHA,W,38,13,21,0.619,0,0,0.0,4,4,1.0,3,5,8,3,3,0,2,5,30,3,1,2017-18,Regular Season,1627734,Domantas Sabonis
22017,1627734,0021701213,2018-04-10,IND vs. CHA,L,16,5,9,0.556,0,0,0.0,0,0,0.0,3,7,10,1,0,1,0,2,10,-1,1,2017-18,Regular Season,1627734,Domantas Sabonis
42017,1627734,0041700131,2018-04-15,IND @ CLE,W,19,2,4,0.5,0,2,0.0,0,0,0.0,2,2,4,2,0,1,0,5,4,-8,1,2017-18,Playoffs,1627734,Domantas Sabonis
42017,1627734,0041700132,2018-04-18,IND @ CLE,L,16,2,8,0.25,0,2,0.0,2,2,1.0,1,4,5,0,0,0,0,1,6,1,1,2017-18,Playoffs,1627734,Domantas Sabonis
42017,1627734,0041700133,2018-04-20,IND vs. CLE,W,24,3,5,0.6,0,1,0.0,1,1,1.0,0,1,1,1,0,1,2,3,7,-4,1,2017-18,Playoffs,1627734,Domantas Sabonis
42017,1627734,0041700134,2018-04-22,IND vs. CLE,L,25,9,12,0.75,1,1,1.0,0,1,0.0,3,3,6,0,0,0,2,1,19,0,1,2017-18,Playoffs,1627734,Domantas Sabonis
42017,1627734,0041700135,2018-04-25,IND @ CLE,L,33,8,12,0.667,0,0,0.0,6,8,0.75,1,4,5,2,1,0,1,2,22,2,1,2017-18,Playoffs,1627734,Domantas Sabonis
42017,1627734,0041700136,2018-04-27,IND vs. CLE,W,23,9,11,0.818,0,0,0.0,1,2,0.5,4,2,6,0,0,0,1,4,19,28,1,2017-18,Playoffs,1627734,Domantas Sabonis
42017,1627734,0041700137,2018-04-29,IND @ CLE,L,26,3,10,0.3,0,1,0.0,4,4,1.0,3,2,5,0,0,0,1,6,10,-6,1,2017-18,Playoffs,1627734,Domantas Sabonis
22017,1627783,0021700014,2017-10-19,TOR vs. CHI,W,5,0,0,0.0,0,0,0.0,0,0,0.0,0,0,0,0,1,0,0,0,0,-7,1,2017-18,Regular Season,1627783,Pascal Siakam
22017,1627783,0021700027,2017-10-21,TOR vs. PHI,W,8,1,5,0.2,0,2,0.0,2,2,1.0,2,4,6,2,0,0,0,1,4,4,1,2017-18,Regular Season,1627783,Pascal Siakam
22017,1627783,0021700063,2017-10-25,TOR @ GSW,L,21,9,12,0.75,2,3,0.667,0,0,0.0,0,2,2,2,0,0,1,1,20,-3,1,2017-18,Regular Season,1627783,Pascal Siakam
22017,1627783,0021700076,2017-10-27,TOR @ LAL,W,25,8,10,0.8,1,3,0.333,1,2,0.5,2,3,5,1,2,0,0,4,18,13,1,2017-18,Regular Season,1627783,Pascal Siakam
22017,1627783,0021700099,2017-10-30,TOR @ POR,W,26,3,6,0.5,0,2,0.0,0,0,0.0,0,5,5,1,2,1,0,1,6,9,2,2017-18,Regular Season,1627783,Pascal Siakam
22017,1627783,0021700114,2017-11-01,TOR @ DEN,L,20,4,10,0.4,1,2,0.5,1,2,0.5,2,6,8,1,1,0,1,4,10,4,2,2017-18,Regular Season,1627783,Pascal Siakam
22017,1627783,0021700128,2017-11-03,TOR @ UTA,W,21,4,9,0.444,0,3,0.0,0,1,0.0,0,4,4,1,3,0,0,0,8,10,1,2017-18,Regular Season,1627783,Pascal Siakam
22017,1627783,0021700139,2017-11-05,TOR vs. WAS,L,16,3,4,0.75,1,1,1.0,0,2,0.0,1,4,5,0,0,0,1,3,7,-1,1,2017-18,Regular Season,1627783,Pascal Siakam
22017,1627783,0021700153,2017-11-07,TOR vs. CHI,W,12,2,4,0.5,0,1,0.0,0,1,0.0,0,2,2,0,0,0,1,2,4,2,1,2017-18,Regular Season,1627783,Pascal Siakam
22017,1627783,0021700165,2017-11-09,TOR vs. NOP,W,13,1,2,0.5,0,0,0.0,0,3,0.0,1,4,5,3,0,0,1,1,2,-11,1,2017-18,Regular Season,1627783,Pascal Siakam
22017,1627783,0021700188,2017-11-12,TOR @ BOS,L,19,3,5,0.6,2,3,0.667,0,1,0.0,1,5,6,1,0,0,1,0,8,7,1,2017-18,Regular Season,1627783,Pascal Siakam
22017,1627783,0021700202,2017-11-14,TOR @ HOU,W,19,1,2,0.5,0,1,0.0,0,0,0.0,0,1,1,2,2,0,0,4,2,-7,1,2017-18,Regular Season,1627783,Pascal Siakam
22017,1627783,0021700211,2017-11-15,TOR @ NOP,W,25,5,9,0.556,0,3,0.0,0,0,0.0,0,1,1,2,0,1,2,1,10,14,1,2017-18,Regular Season,1627783,Pascal Siakam
22017,1627783,0021700221,2017-11-17,TOR vs. NYK,W,34,6,11,0.545,0,5,0.0,1,2,0.5,2,2,4,5,1,3,2,4,13,9,2,2017-18,Regular Season,1627783,Pascal Siakam
22017,1627783,0021700237,2017-11-19,TOR vs. WAS,W,31,2,5,0.4,0,1,0.0,0,0,0.0,2,7,9,2,1,2,0,1,4,18,1,2017-18,Regular Season,1627783,Pascal Siakam
22017,1627783,0021700258,2017-11-22,TOR @ NYK,L,29,4,8,0.5,0,1,0.0,0,0,0.0,2,6,8,4,0,0,1,2,8,-1,2,2017-18,Regular Season,1627783,Pascal Siakam
22017,1627783,0021700271,2017-11-24,TOR @ IND,L,22,2,6,0.333,1,4,0.25,0,0,0.0,2,4,6,0,2,1,2,2,5,-1,1,2017-18,Regular Season,1627783,Pascal Siakam
22017,1627783,0021700280,2017-11-25,TOR @ ATL,W,31,6,9,0.667,1,4,0.25,0,0,0.0,0,4,4,4,2,1,1,0,13,26,1,2017-18,Regular Season,1627783,Pascal Siakam
22017,1627783,0021700307,2017-11-29,TOR vs. CHA,W,18,2,4,0.5,0,1,0.0,0,0,0.0,0,6,6,1,0,1,0,2,4,1,1,2017-18,Regular Season,1627783,Pascal Siakam
22017,1627783,0021700319,2017-12-01,TOR vs. IND,W,24,2,7,0.286,0,3,0.0,0,2,0.0,2,1,3,3,0,0,3,1,4,5,1,2017-18,Regular Season,1627783,Pascal Siakam
22017,1627783,0021700350,2017-12-05,TOR vs. PHX,W,15,1,4,0.25,0,1,0.0,0,0,0.0,1,5,6,3,3,0,1,3,2,3,1,2017-18,Regular Season,1627783,Pascal Siakam
22017,1627783,0021700371,2017-12-08,TOR @ MEM,W,20,4,6,0.667,0,1,0.0,0,2,0.0,2,2,4,0,1,0,0,2,8,4,1,2017-18,Regular Season,1627783,Pascal Siakam
22017,1627783,0021700385,2017-12-10,TOR @ SAC,W,19,1,7,0.143,0,2,0.0,0,0,0.0,4,1,5,3,0,0,2,3,2,-7,1,2017-18,Regular Season,1627783,Pascal Siakam
22017,1627783,0021700396,2017-12-11,TOR @ LAC,L,13,0,1,0.0,0,1,0.0,0,0,0.0,0,2,2,2,1,0,0,3,0,3,1,2017-18,Regular Season,1627783,Pascal Siakam
22017,1627783,0021700411,2017-12-13,TOR @ PHX,W,14,1,2,0.5,0,1,0.0,0,0,0.0,0,4,4,0,1,1,0,0,2,-12,1,2017-18,Regular Season,1627783,Pascal Siakam
22017,1627783,0021700424,2017-12-15,TOR vs. BKN,W,20,3,9,0.333,0,5,0.0,0,0,0.0,1,5,6,1,1,0,0,2,6,0,2,2017-18,Regular Season,1627783,Pascal Siakam
22017,1627783,0021700437,2017-12-17,TOR vs. SAC,W,19,1,9,0.111,0,2,0.0,0,0,0.0,2,6,8,1,0,3,0,0,2,2,1,2017-18,Regular Season,1627783,Pascal Siakam
22017,1627783,0021700454,2017-12-20,TOR @ CHA,W,18,4,8,0.5,0,1,0.0,6,6,1.0,1,5,6,4,1,0,0,5,14,-3,1,2017-18,Regular Season,1627783,Pascal Siakam
22017,1627783,0021700467,2017-12-21,TOR @ PHI,W,19,1,4,0.25,0,3,0.0,2,2,1.0,1,5,6,3,1,2,2,4,4,7,1,2017-18,Regular Season,1627783,Pascal Siakam
22017,1627783,0021700480,2017-12-23,TOR vs. PHI,W,23,2,8,0.25,0,2,0.0,0,0,0.0,1,4,5,4,3,0,2,1,4,14,1,2017-18,Regular Season,1627783,Pascal Siakam
22017,1627783,0021700499,2017-12-26,TOR @ DAL,L,20,2,6,0.333,0,1,0.0,2,2,1.0,2,1,3,1,1,0,0,1,6,-13,1,2017-18,Regular Season,1627783,Pascal Siakam
22017,1627783,0021700512,2017-12-27,TOR @ OKC,L,16,1,3,0.333,0,1,0.0,3,3,1.0,0,4,4,1,2,1,1,3,5,11,1,2017-18,Regular Season,1627783,Pascal Siakam
22017,1627783,0021700522,2017-12-29,TOR vs. ATL,W,23,2,7,0.286,1,3,0.333,0,0,0.0,1,6,7,1,0,3,0,2,5,13,1,2017-18,Regular Season,1627783,Pascal Siakam
22017,1627783,0021700546,2018-01-01,TOR vs. MIL,W,16,2,3,0.667,0,0,0.0,0,0,0.0,1,0,1,0,0,0,1,1,4,-8,1,2017-18,Regular Season,1627783,Pascal Siakam
22017,1627783,0021700560,2018-01-03,TOR @ CHI,W,19,2,4,0.5,0,1,0.0,0,0,0.0,2,4,6,4,0,0,0,2,4,10,1,2017-18,Regular Season,1627783,Pascal Siakam
22017,1627783,0021700571,2018-01-05,TOR @ MIL,W,19,3,4,0.75,0,1,0.0,2,2,1.0,1,2,3,2,1,0,1,3,8,-11,1,2017-18,Regular Season,1627783,Pascal Siakam
22017,1627783,0021700592,2018-01-08,TOR @ BKN,W,17,2,7,0.286,1,6,0.167,0,0,0.0,1,2,3,0,0,1,0,2,5,-6,1,2017-18,Regular Season,1627783,Pascal Siakam
22017,1627783,0021700599,2018-01-09,TOR vs. MIA,L,15,1,4,0.25,0,0,0.0,0,0,0.0,1,0,1,0,0,1,1,2,2,2,1,2017-18,Regular Season,1627783,Pascal Siakam
22017,1627783,0021700615,2018-01-11,TOR vs. CLE,W,24,7,10,0.7,0,3,0.0,2,3,0.667,2,6,8,4,1,0,0,3,16,24,1,2017-18,Regular Season,1627783,Pascal Siakam
22017,1627783,0021700631,2018-01-13,TOR vs. GSW,L,21,3,4,0.75,0,0,0.0,0,0,0.0,4,2,6,3,1,1,1,4,6,-8,1,2017-18,Regular Season,1627783,Pascal Siakam
22017,1627783,0021700639,2018-01-15,TOR @ PHI,L,29,5,8,0.625,1,3,0.333,0,1,0.0,2,4,6,1,1,0,1,4,11,3,1,2017-18,Regular Season,1627783,Pascal Siakam
22017,1627783,0021700656,2018-01-17,TOR vs. DET,W,18,2,2,1.0,0,0,0.0,0,0,0.0,0,2,2,1,2,1,1,0,4,-2,1,2017-18,Regular Season,1627783,Pascal Siakam
22017,1627783,0021700667,2018-01-19,TOR vs. SAS,W,18,2,6,0.333,2,4,0.5,0,0,0.0,1,5,6,1,1,0,1,0,6,-6,1,2017-18,Regular Season,1627783,Pascal Siakam
22017,1627783,0021700680,2018-01-20,TOR @ MIN,L,18,0,3,0.0,0,2,0.0,0,0,0.0,1,2,3,2,1,0,2,4,0,-5,2,2017-18,Regular Season,1627783,Pascal Siakam
22017,1627783,0021700705,2018-01-24,TOR @ ATL,W,20,3,5,0.6,0,2,0.0,0,2,0.0,1,3,4,1,1,1,1,2,6,6,1,2017-18,Regular Season,1627783,Pascal Siakam
22017,1627783,0021700716,2018-01-26,TOR vs. UTA,L,18,2,4,0.5,0,1,0.0,0,0,0.0,1,2,3,1,1,0,1,2,4,5,1,2017-18,Regular Season,1627783,Pascal Siakam
22017,1627783,0021700735,2018-01-28,TOR vs. LAL,W,24,3,5,0.6,1,1,1.0,0,1,0.0,1,7,8,4,1,0,1,3,7,2,1,2017-18,Regular Season,1627783,Pascal Siakam
22017,1627783,0021700746,2018-01-30,TOR vs. MIN,W,14,1,3,0.333,0,0,0.0,1,3,0.333,0,2,2,2,0,0,1,1,3,-2,1,2017-18,Regular Season,1627783,Pascal Siakam
22017,1627783,0021700762,2018-02-01,TOR @ WAS,L,13,2,4,0.5,0,0,0.0,1,1,1.0,0,1,1,0,0,0,2,2,5,-7,1,2017-18,Regular Season,1627783,Pascal Siakam
22017,1627783,0021700769,2018-02-02,TOR vs. POR,W,19,4,8,0.5,1,3,0.333,4,4,1.0,4,1,5,1,0,0,0,5,13,19,1,2017-18,Regular Season,1627783,Pascal Siakam
22017,1627783,0021700787,2018-02-04,TOR vs. MEM,W,25,4,9,0.444,0,3,0.0,2,2,1.0,0,3,3,3,1,3,1,1,10,26,1,2017-18,Regular Season,1627783,Pascal Siakam
22017,1627783,0021700798,2018-02-06,TOR vs. BOS,W,25,3,4,0.75,0,1,0.0,0,0,0.0,0,1,1,2,1,1,2,1,6,13,1,2017-18,Regular Season,1627783,Pascal Siakam
22017,1627783,0021700812,2018-02-08,TOR vs. NYK,W,23,6,9,0.667,1,2,0.5,1,1,1.0,0,5,5,6,1,0,1,1,14,20,1,2017-18,Regular Season,1627783,Pascal Siakam
22017,1627783,0021700833,2018-02-11,TOR @ CHA,W,22,4,5,0.8,1,1,1.0,0,0,0.0,1,4,5,2,1,0,2,1,9,12,1,2017-18,Regular Season,1627783,Pascal Siakam
22017,1627783,0021700847,2018-02-13,TOR vs. MIA,W,19,2,8,0.25,0,1,0.0,1,1,1.0,0,4,4,1,0,0,0,2,5,0,1,2017-18,Regular Season,1627783,Pascal Siakam
22017,1627783,0021700859,2018-02-14,TOR @ CHI,W,22,7,9,0.778,2,2,1.0,1,2,0.5,1,5,6,2,1,0,0,3,17,11,1,2017-18,Regular Season,1627783,Pascal Siakam
22017,1627783,0021700876,2018-02-23,TOR vs. MIL,L,22,7,10,0.7,0,1,0.0,3,4,0.75,1,6,7,0,0,0,0,1,17,-2,1,2017-18,Regular Season,1627783,Pascal Siakam
22017,1627783,0021700901,2018-02-26,TOR vs. DET,W,24,5,7,0.714,0,1,0.0,1,1,1.0,1,4,5,6,0,2,3,4,11,15,1,2017-18,Regular Season,1627783,Pascal Siakam
22017,1627783,0021700914,2018-02-28,TOR @ ORL,W,25,7,9,0.778,0,1,0.0,0,0,0.0,1,5,6,4,2,1,0,2,14,7,2,2017-18,Regular Season,1627783,Pascal Siakam
22017,1627783,0021700929,2018-03-02,TOR @ WAS,W,24,2,9,0.222,0,2,0.0,1,1,1.0,0,3,3,1,2,0,0,1,5,13,1,2017-18,Regular Season,1627783,Pascal Siakam
22017,1627783,0021700944,2018-03-04,TOR vs. CHA,W,18,2,3,0.667,0,1,0.0,3,3,1.0,0,2,2,0,1,1,0,3,7,-6,1,2017-18,Regular Season,1627783,Pascal Siakam
22017,1627783,0021700958,2018-03-06,TOR vs. ATL,W,18,4,7,0.571,0,1,0.0,0,0,0.0,0,2,2,1,0,0,1,1,8,10,1,2017-18,Regular Season,1627783,Pascal Siakam
22017,1627783,0021700966,2018-03-07,TOR @ DET,W,28,3,5,0.6,1,2,0.5,1,1,1.0,1,5,6,4,1,1,0,2,8,1,1,2017-18,Regular Season,1627783,Pascal Siakam
22017,1627783,0021700979,2018-03-09,TOR vs. HOU,W,16,1,3,0.333,0,0,0.0,0,0,0.0,0,5,5,1,0,0,1,2,2,3,1,2017-18,Regular Season,1627783,Pascal Siakam
22017,1627783,0021700992,2018-03-11,TOR @ NYK,W,18,4,8,0.5,0,0,0.0,1,2,0.5,1,6,7,6,1,1,0,2,9,23,1,2017-18,Regular Season,1627783,Pascal Siakam
22017,1627783,0021701008,2018-03-13,TOR @ BKN,W,19,2,5,0.4,0,0,0.0,1,1,1.0,1,4,5,2,0,0,1,2,5,7,1,2017-18,Regular Season,1627783,Pascal Siakam
22017,1627783,0021701020,2018-03-15,TOR @ IND,W,20,5,7,0.714,0,1,0.0,2,2,1.0,4,4,8,2,0,0,0,0,12,-2,1,2017-18,Regular Season,1627783,Pascal Siakam
22017,1627783,0021701031,2018-03-16,TOR vs. DAL,W,30,5,6,0.833,0,0,0.0,2,3,0.667,2,1,3,1,0,1,1,1,12,8,1,2017-18,Regular Season,1627783,Pascal Siakam
22017,1627783,0021701046,2018-03-18,TOR vs. OKC,L,23,5,5,1.0,0,0,0.0,0,0,0.0,0,2,2,0,1,0,3,2,10,10,1,2017-18,Regular Season,1627783,Pascal Siakam
22017,1627783,0021701058,2018-03-20,TOR @ ORL,W,20,3,9,0.333,1,2,0.5,1,2,0.5,1,6,7,1,1,1,3,0,8,14,1,2017-18,Regular Season,1627783,Pascal Siakam
22017,1627783,0021701065,2018-03-21,TOR @ CLE,L,26,4,9,0.444,1,3,0.333,0,0,0.0,0,2,2,4,0,1,0,3,9,-3,1,2017-18,Regular Season,1627783,Pascal Siakam
22017,1627783,0021701082,2018-03-23,TOR vs. BKN,W,27,4,8,0.5,2,2,1.0,1,2,0.5,1,7,8,1,0,0,0,3,11,9,1,2017-18,Regular Season,1627783,Pascal Siakam
22017,1627783,0021701097,2018-03-25,TOR vs. LAC,L,19,6,8,0.75,2,2,1.0,1,2,0.5,2,4,6,1,0,0,1,3,15,-7,1,2017-18,Regular Season,1627783,Pascal Siakam
22017,1627783,0021701109,2018-03-27,TOR vs. DEN,W,23,5,10,0.5,0,2,0.0,2,2,1.0,0,3,3,6,0,0,1,5,12,-7,1,2017-18,Regular Season,1627783,Pascal Siakam
22017,1627783,0021701140,2018-03-31,TOR @ BOS,L,16,1,3,0.333,0,1,0.0,0,0,0.0,0,2,2,0,0,1,1,1,2,-11,1,2017-18,Regular Season,1627783,Pascal Siakam
22017,1627783,0021701156,2018-04-03,TOR @ CLE,L,23,5,10,0.5,0,1,0.0,0,0,0.0,0,5,5,4,1,0,1,3,10,0,1,2017-18,Regular Season,1627783,Pascal Siakam
22017,1627783,0021701171,2018-04-04,TOR vs. BOS,W,16,1,2,0.5,0,0,0.0,1,2,0.5,0,2,2,0,2,0,0,2,3,-3,1,2017-18,Regular Season,1627783,Pascal Siakam
22017,1627783,0021701187,2018-04-06,TOR vs. IND,W,21,3,8,0.375,0,1,0.0,0,1,0.0,1,2,3,3,0,2,1,1,6,-6,1,2017-18,Regular Season,1627783,Pascal Siakam
22017,1627783,0021701200,2018-04-08,TOR vs. ORL,W,29,2,7,0.286,0,0,0.0,0,2,0.0,2,7,9,4,0,0,1,3,4,5,1,2017-18,Regular Season,1627783,Pascal Siakam
22017,1627783,0021701204,2018-04-09,TOR @ DET,W,29,4,6,0.667,2,3,0.667,0,0,0.0,0,6,6,2,1,0,1,3,10,24,1,2017-18,Regular Season,1627783,Pascal Siakam
22017,1627783,0021701221,2018-04-11,TOR @ MIA,L,23,2,4,0.5,0,1,0.0,0,0,0.0,0,2,2,3,1,1,1,4,4,-10,1,2017-18,Regular Season,1627783,Pascal Siakam
42017,1627783,0041700101,2018-04-14,TOR vs. WAS,W,16,2,5,0.4,1,2,0.5,4,4,1.0,0,5,5,1,0,0,1,2,9,8,1,2017-18,Playoffs,1627783,Pascal Siakam
42017,1627783,0041700102,2018-04-17,TOR vs. WAS,W,11,3,5,0.6,0,0,0.0,0,1,0.0,2,1,3,1,0,0,2,5,6,-9,1,2017-18,Playoffs,1627783,Pascal Siakam
42017,1627783,0041700103,2018-04-20,TOR @ WAS,L,16,2,3,0.667,1,1,1.0,0,0,0.0,1,3,4,1,0,1,0,0,5,-7,1,2017-18,Playoffs,1627783,Pascal Siakam
42017,1627783,0041700104,2018-04-22,TOR @ WAS,L,18,1,4,0.25,0,0,0.0,1,2,0.5,0,3,3,0,0,3,0,0,3,-3,1,2017-18,Playoffs,1627783,Pascal Siakam
42017,1627783,0041700105,2018-04-25,TOR vs. WAS,W,12,1,2,0.5,0,0,0.0,2,2,1.0,0,1,1,2,0,0,0,3,4,-4,1,2017-18,Playoffs,1627783,Pascal Siakam
42017,1627783,0041700106,2018-04-27,TOR @ WAS,W,22,5,6,0.833,0,0,0.0,1,3,0.333,3,5,8,0,1,2,0,3,11,18,1,2017-18,Playoffs,1627783,Pascal Siakam
42017,1627783,0041700201,2018-05-01,TOR vs. CLE,L,22,4,5,0.8,1,1,1.0,2,5,0.4,0,1,1,1,0,0,2,4,11,-5,1,2017-18,Playoffs,1627783,Pascal Siakam
42017,1627783,0041700202,2018-05-03,TOR vs. CLE,L,18,1,1,1.0,0,0,0.0,0,0,0.0,0,6,6,0,0,0,1,4,2,-1,2,2017-18,Playoffs,1627783,Pascal Siakam
42017,1627783,0041700203,2018-05-05,TOR @ CLE,L,14,3,6,0.5,0,0,0.0,0,0,0.0,3,0,3,0,0,0,1,4,6,-2,1,2017-18,Playoffs,1627783,Pascal Siakam
42017,1627783,0041700204,2018-05-07,TOR @ CLE,L,28,3,4,0.75,0,0,0.0,3,3,1.0,0,2,2,2,0,0,0,2,9,-14,1,2017-18,Playoffs,1627783,Pascal Siakam
22017,1628378,0021700010,2017-10-18,UTA vs. DEN,W,26,3,11,0.273,0,2,0.0,4,4,1.0,0,1,1,4,0,1,3,1,10,22,1,2017-18,Regular Season,1628378,Donovan Mitchell
22017,1628378,0021700023,2017-10-20,UTA @ MIN,L,20,1,7,0.143,0,2,0.0,0,1,0.0,0,0,0,2,0,2,1,2,2,3,1,2017-18,Regular Season,1628378,Donovan Mitchell
22017,1628378,0021700036,2017-10-21,UTA vs. OKC,W,22,1,7,0.143,0,3,0.0,0,0,0.0,0,2,2,6,1,0,0,4,2,3,1,2017-18,Regular Season,1628378,Donovan Mitchell
22017,1628378,0021700054,2017-10-24,UTA @ LAC,L,30,7,20,0.35,3,9,0.333,2,2,1.0,1,1,2,1,1,0,4,4,19,-5,1,2017-18,Regular Season,1628378,Donovan Mitchell
22017,1628378,0021700062,2017-10-25,UTA @ PHX,L,13,1,7,0.143,0,2,0.0,0,0,0.0,0,1,1,1,1,1,3,3,2,-2,1,2017-18,Regular Season,1628378,Donovan Mitchell
22017,1628378,0021700082,2017-10-28,UTA vs. LAL,W,27,9,16,0.563,3,6,0.5,1,1,1.0,2,1,3,2,3,0,5,5,22,17,1,2017-18,Regular Season,1628378,Donovan Mitchell
22017,1628378,0021700098,2017-10-30,UTA vs. DAL,W,17,3,8,0.375,2,4,0.5,0,0,0.0,0,1,1,1,2,0,0,2,8,-10,2,2017-18,Regular Season,1628378,Donovan Mitchell
22017,1628378,0021700115,2017-11-01,UTA vs. POR,W,35,9,21,0.429,4,10,0.4,6,7,0.857,2,4,6,3,0,0,2,4,28,14,2,2017-18,Regular Season,1628378,Donovan Mitchell
22017,1628378,0021700128,2017-11-03,UTA vs. TOR,L,32,9,20,0.45,3,7,0.429,4,4,1.0,0,3,3,0,2,2,0,4,25,6,1,2017-18,Regular Season,1628378,Donovan Mitchell
22017,1628378,0021700140,2017-11-05,UTA @ HOU,L,25,6,13,0.462,3,7,0.429,2,2,1.0,1,3,4,4,1,0,4,4,17,-14,1,2017-18,Regular Season,1628378,Donovan Mitchell
22017,1628378,0021700156,2017-11-07,UTA vs. PHI,L,31,3,21,0.143,2,11,0.182,0,1,0.0,1,2,3,1,1,1,1,3,8,-11,1,2017-18,Regular Season,1628378,Donovan Mitchell
22017,1628378,0021700175,2017-11-10,UTA vs. MIA,L,36,5,14,0.357,2,6,0.333,0,1,0.0,0,2,2,1,2,0,1,4,12,-14,1,2017-18,Regular Season,1628378,Donovan Mitchell
22017,1628378,0021700187,2017-11-11,UTA vs. BKN,W,26,10,18,0.556,1,5,0.2,5,5,1.0,2,1,3,3,1,0,3,5,26,9,1,2017-18,Regular Season,1628378,Donovan Mitchell
22017,1628378,0021700197,2017-11-13,UTA vs. MIN,L,35,10,19,0.526,3,9,0.333,1,2,0.5,1,3,4,4,4,1,2,2,24,-11,2,2017-18,Regular Season,1628378,Donovan Mitchell
22017,1628378,0021700206,2017-11-15,UTA @ NYK,L,36,8,17,0.471,3,6,0.5,0,0,0.0,0,4,4,3,0,0,4,4,19,-9,1,2017-18,Regular Season,1628378,Donovan Mitchell
22017,1628378,0021700219,2017-11-17,UTA @ BKN,L,35,5,15,0.333,1,4,0.25,4,4,1.0,2,5,7,8,1,1,3,1,15,-7,1,2017-18,Regular Season,1628378,Donovan Mitchell
22017,1628378,0021700229,2017-11-18,UTA @ ORL,W,26,4,9,0.444,3,4,0.75,1,1,1.0,1,5,6,3,3,0,2,3,12,15,1,2017-18,Regular Season,1628378,Donovan Mitchell
22017,1628378,0021700244,2017-11-20,UTA @ PHI,L,37,6,19,0.316,1,7,0.143,4,5,0.8,0,4,4,5,1,1,3,2,17,-13,1,2017-18,Regular Season,1628378,Donovan Mitchell
22017,1628378,0021700265,2017-11-22,UTA vs. CHI,W,26,1,10,0.1,0,3,0.0,2,2,1.0,1,4,5,7,1,1,2,2,4,18,2,2017-18,Regular Season,1628378,Donovan Mitchell
22017,1628378,0021700285,2017-11-25,UTA vs. MIL,W,29,9,16,0.563,6,10,0.6,0,3,0.0,0,4,4,4,2,0,1,2,24,8,1,2017-18,Regular Season,1628378,Donovan Mitchell
22017,1628378,0021700301,2017-11-28,UTA vs. DEN,W,30,5,12,0.417,2,5,0.4,4,4,1.0,0,3,3,2,2,0,2,4,16,20,1,2017-18,Regular Season,1628378,Donovan Mitchell
22017,1628378,0021700317,2017-11-30,UTA @ LAC,W,36,9,16,0.563,5,10,0.5,1,1,1.0,0,0,0,6,1,0,2,2,24,13,1,2017-18,Regular Season,1628378,Donovan Mitchell
22017,1628378,0021700325,2017-12-01,UTA vs. NOP,W,37,13,25,0.52,6,12,0.5,9,11,0.818,0,4,4,4,0,0,2,3,41,11,2,2017-18,Regular Season,1628378,Donovan Mitchell
22017,1628378,0021700349,2017-12-04,UTA vs. WAS,W,26,8,13,0.615,3,6,0.5,2,2,1.0,2,1,3,2,0,0,3,2,21,13,1,2017-18,Regular Season,1628378,Donovan Mitchell
22017,1628378,0021700351,2017-12-05,UTA @ OKC,L,36,11,22,0.5,5,12,0.417,4,5,0.8,0,1,1,4,5,0,5,3,31,2,1,2017-18,Regular Season,1628378,Donovan Mitchell
22017,1628378,0021700366,2017-12-07,UTA vs. HOU,L,35,9,19,0.474,2,6,0.333,6,6,1.0,0,4,4,4,1,0,2,5,26,-18,1,2017-18,Regular Season,1628378,Donovan Mitchell
22017,1628378,0021700381,2017-12-09,UTA @ MIL,L,37,4,17,0.235,2,6,0.333,2,2,1.0,0,1,1,2,3,1,4,3,12,-17,1,2017-18,Regular Season,1628378,Donovan Mitchell
22017,1628378,0021700409,2017-12-13,UTA @ CHI,L,37,15,26,0.577,1,7,0.143,1,1,1.0,0,3,3,6,2,1,3,2,32,-5,1,2017-18,Regular Season,1628378,Donovan Mitchell
22017,1628378,0021700423,2017-12-15,UTA @ BOS,W,37,6,18,0.333,2,5,0.4,3,3,1.0,0,5,5,9,0,0,3,3,17,12,1,2017-18,Regular Season,1628378,Donovan Mitchell
22017,1628378,0021700430,2017-12-16,UTA @ CLE,L,36,11,16,0.688,3,6,0.5,1,2,0.5,1,1,2,1,1,0,4,4,26,2,1,2017-18,Regular Season,1628378,Donovan Mitchell
22017,1628378,0021700445,2017-12-18,UTA @ HOU,L,21,3,7,0.429,0,2,0.0,0,0,0.0,0,2,2,1,4,0,1,4,6,-15,1,2017-18,Regular Season,1628378,Donovan Mitchell
22017,1628378,0021700488,2017-12-23,UTA vs. OKC,L,37,12,16,0.75,1,3,0.333,4,4,1.0,0,5,5,1,1,1,3,3,29,-12,1,2017-18,Regular Season,1628378,Donovan Mitchell
22017,1628378,0021700503,2017-12-26,UTA @ DEN,L,33,5,10,0.5,1,4,0.25,2,2,1.0,0,3,3,6,1,0,2,5,13,-16,1,2017-18,Regular Season,1628378,Donovan Mitchell
22017,1628378,0021700514,2017-12-27,UTA @ GSW,L,35,6,17,0.353,1,6,0.167,4,5,0.8,0,7,7,3,2,1,3,4,17,-11,1,2017-18,Regular Season,1628378,Donovan Mitchell
22017,1628378,0021700534,2017-12-30,UTA vs. CLE,W,39,10,17,0.588,2,6,0.333,7,8,0.875,0,4,4,6,3,1,4,4,29,6,1,2017-18,Regular Season,1628378,Donovan Mitchell
22017,1628378,0021700564,2018-01-03,UTA vs. NOP,L,38,6,17,0.353,3,11,0.273,9,10,0.9,0,3,3,2,1,0,3,3,24,1,1,2017-18,Regular Season,1628378,Donovan Mitchell
22017,1628378,0021700574,2018-01-05,UTA @ DEN,L,36,6,13,0.462,3,6,0.5,0,1,0.0,0,7,7,5,1,1,1,1,15,1,1,2017-18,Regular Season,1628378,Donovan Mitchell
22017,1628378,0021700586,2018-01-07,UTA @ MIA,L,36,12,25,0.48,3,10,0.3,0,0,0.0,0,2,2,3,1,0,1,5,27,5,1,2017-18,Regular Season,1628378,Donovan Mitchell
22017,1628378,0021700605,2018-01-10,UTA @ WAS,W,31,7,20,0.35,2,10,0.2,0,0,0.0,1,4,5,4,1,1,2,4,16,-8,1,2017-18,Regular Season,1628378,Donovan Mitchell
22017,1628378,0021700618,2018-01-12,UTA @ CHA,L,37,10,20,0.5,5,11,0.455,10,11,0.909,1,4,5,0,2,0,5,2,35,-18,1,2017-18,Regular Season,1628378,Donovan Mitchell
22017,1628378,0021700647,2018-01-15,UTA vs. IND,L,33,8,16,0.5,2,8,0.25,5,5,1.0,1,1,2,2,2,0,1,0,23,-18,1,2017-18,Regular Season,1628378,Donovan Mitchell
22017,1628378,0021700661,2018-01-17,UTA @ SAC,W,34,14,19,0.737,1,4,0.25,5,7,0.714,0,1,1,3,3,0,3,3,34,6,1,2017-18,Regular Season,1628378,Donovan Mitchell
22017,1628378,0021700672,2018-01-19,UTA vs. NYK,L,37,7,21,0.333,3,11,0.273,0,0,0.0,1,3,4,7,1,1,5,5,17,-8,1,2017-18,Regular Season,1628378,Donovan Mitchell
22017,1628378,0021700681,2018-01-20,UTA vs. LAC,W,36,9,16,0.563,1,6,0.167,4,7,0.571,1,4,5,7,2,0,4,3,23,8,2,2017-18,Regular Season,1628378,Donovan Mitchell
22017,1628378,0021700688,2018-01-22,UTA @ ATL,L,32,5,13,0.385,2,5,0.4,1,2,0.5,0,6,6,0,0,0,6,1,13,-6,1,2017-18,Regular Season,1628378,Donovan Mitchell
22017,1628378,0021700702,2018-01-24,UTA @ DET,W,43,6,21,0.286,1,6,0.167,2,2,1.0,1,3,4,5,2,1,4,2,15,2,1,2017-18,Regular Season,1628378,Donovan Mitchell
22017,1628378,0021700716,2018-01-26,UTA @ TOR,W,37,9,20,0.45,4,7,0.571,4,6,0.667,0,2,2,2,0,0,1,0,26,11,1,2017-18,Regular Season,1628378,Donovan Mitchell
22017,1628378,0021700751,2018-01-30,UTA vs. GSW,W,26,8,17,0.471,2,5,0.4,2,2,1.0,0,3,3,4,4,0,1,3,20,17,1,2017-18,Regular Season,1628378,Donovan Mitchell
22017,1628378,0021700773,2018-02-02,UTA @ PHX,W,33,14,19,0.737,7,9,0.778,5,5,1.0,1,4,5,6,2,0,2,0,40,36,1,2017-18,Regular Season,1628378,Donovan Mitchell
22017,1628378,0021700793,2018-02-05,UTA @ NOP,W,19,1,6,0.167,0,2,0.0,0,0,0.0,0,0,0,3,1,0,3,0,2,10,1,2017-18,Regular Season,1628378,Donovan Mitchell
22017,1628378,0021700808,2018-02-07,UTA @ MEM,W,31,4,12,0.333,1,3,0.333,0,0,0.0,2,1,3,1,0,1,3,3,9,-4,1,2017-18,Regular Season,1628378,Donovan Mitchell
22017,1628378,0021700824,2018-02-09,UTA vs. CHA,W,39,8,21,0.381,3,10,0.3,6,7,0.857,1,5,6,4,0,1,2,2,25,14,1,2017-18,Regular Season,1628378,Donovan Mitchell
22017,1628378,0021700840,2018-02-11,UTA @ POR,W,37,10,24,0.417,2,5,0.4,5,5,1.0,5,1,6,2,1,0,3,2,27,8,1,2017-18,Regular Season,1628378,Donovan Mitchell
22017,1628378,0021700845,2018-02-12,UTA vs. SAS,W,38,9,28,0.321,3,9,0.333,4,6,0.667,0,7,7,5,3,0,1,4,25,6,1,2017-18,Regular Season,1628378,Donovan Mitchell
22017,1628378,0021700863,2018-02-14,UTA vs. PHX,W,38,10,24,0.417,4,11,0.364,0,0,0.0,2,2,4,7,0,0,3,0,24,14,1,2017-18,Regular Season,1628378,Donovan Mitchell
22017,1628378,0021700882,2018-02-23,UTA vs. POR,L,36,8,20,0.4,4,10,0.4,1,1,1.0,1,2,3,1,1,0,2,1,21,-12,1,2017-18,Regular Season,1628378,Donovan Mitchell
22017,1628378,0021700890,2018-02-24,UTA vs. DAL,W,37,8,20,0.4,4,8,0.5,5,6,0.833,0,6,6,5,2,0,2,2,25,16,1,2017-18,Regular Season,1628378,Donovan Mitchell
22017,1628378,0021700905,2018-02-26,UTA vs. HOU,L,37,6,15,0.4,1,9,0.111,3,4,0.75,1,1,2,4,3,0,8,3,16,-7,1,2017-18,Regular Season,1628378,Donovan Mitchell
22017,1628378,0021700934,2018-03-02,UTA vs. MIN,W,39,10,18,0.556,2,8,0.25,4,5,0.8,0,4,4,2,1,0,3,3,26,10,1,2017-18,Regular Season,1628378,Donovan Mitchell
22017,1628378,0021700942,2018-03-03,UTA @ SAC,W,38,7,15,0.467,3,8,0.375,10,10,1.0,1,4,5,5,0,0,3,2,27,8,1,2017-18,Regular Season,1628378,Donovan Mitchell
22017,1628378,0021700955,2018-03-05,UTA vs. ORL,W,41,6,16,0.375,1,7,0.143,6,8,0.75,0,5,5,4,1,1,1,4,19,17,1,2017-18,Regular Season,1628378,Donovan Mitchell
22017,1628378,0021700965,2018-03-07,UTA @ IND,W,36,6,15,0.4,4,10,0.4,4,5,0.8,1,2,3,6,1,0,6,3,20,3,1,2017-18,Regular Season,1628378,Donovan Mitchell
22017,1628378,0021700980,2018-03-09,UTA @ MEM,W,35,4,15,0.267,3,8,0.375,1,1,1.0,0,5,5,6,2,1,5,5,12,15,1,2017-18,Regular Season,1628378,Donovan Mitchell
22017,1628378,0021700995,2018-03-11,UTA @ NOP,W,41,10,21,0.476,3,10,0.3,4,4,1.0,0,3,3,4,1,0,2,2,27,25,1,2017-18,Regular Season,1628378,Donovan Mitchell
22017,1628378,0021701013,2018-03-13,UTA vs. DET,W,33,4,10,0.4,3,8,0.375,2,4,0.5,1,8,9,3,2,0,4,3,13,35,1,2017-18,Regular Season,1628378,Donovan Mitchell
22017,1628378,0021701027,2018-03-15,UTA vs. PHX,W,36,10,21,0.476,2,7,0.286,1,4,0.25,1,5,6,4,1,1,1,4,23,26,1,2017-18,Regular Season,1628378,Donovan Mitchell
22017,1628378,0021701043,2018-03-17,UTA vs. SAC,W,39,11,21,0.524,1,8,0.125,5,6,0.833,0,2,2,3,2,0,3,2,28,20,1,2017-18,Regular Season,1628378,Donovan Mitchell
22017,1628378,0021701062,2018-03-20,UTA vs. ATL,L,41,9,28,0.321,1,10,0.1,5,5,1.0,2,4,6,4,1,0,3,2,24,2,1,2017-18,Regular Season,1628378,Donovan Mitchell
22017,1628378,0021701076,2018-03-22,UTA @ DAL,W,36,11,22,0.5,1,6,0.167,3,4,0.75,1,4,5,4,3,0,1,1,26,5,1,2017-18,Regular Season,1628378,Donovan Mitchell
22017,1628378,0021701085,2018-03-23,UTA @ SAS,L,44,14,36,0.389,4,13,0.308,3,5,0.6,0,3,3,3,4,0,4,2,35,-11,1,2017-18,Regular Season,1628378,Donovan Mitchell
22017,1628378,0021701102,2018-03-25,UTA @ GSW,W,31,8,19,0.421,4,8,0.5,1,2,0.5,1,1,2,6,2,1,2,2,21,15,1,2017-18,Regular Season,1628378,Donovan Mitchell
22017,1628378,0021701121,2018-03-28,UTA vs. BOS,L,40,7,20,0.35,3,8,0.375,5,6,0.833,0,0,0,6,1,0,4,3,22,0,1,2017-18,Regular Season,1628378,Donovan Mitchell
22017,1628378,0021701135,2018-03-30,UTA vs. MEM,W,38,7,15,0.467,2,8,0.25,6,10,0.6,0,3,3,4,1,0,3,3,22,16,2,2017-18,Regular Season,1628378,Donovan Mitchell
22017,1628378,0021701151,2018-04-01,UTA @ MIN,W,32,10,15,0.667,1,3,0.333,0,0,0.0,1,2,3,4,2,0,5,1,21,11,1,2017-18,Regular Season,1628378,Donovan Mitchell
22017,1628378,0021701166,2018-04-03,UTA vs. LAL,W,36,10,21,0.476,4,8,0.5,2,4,0.5,3,3,6,2,1,0,2,2,26,17,1,2017-18,Regular Season,1628378,Donovan Mitchell
22017,1628378,0021701179,2018-04-05,UTA vs. LAC,W,28,6,15,0.4,0,3,0.0,7,8,0.875,2,3,5,5,1,0,2,3,19,23,1,2017-18,Regular Season,1628378,Donovan Mitchell
22017,1628378,0021701201,2018-04-08,UTA @ LAL,W,38,9,18,0.5,3,7,0.429,7,10,0.7,0,9,9,8,1,1,4,1,28,9,1,2017-18,Regular Season,1628378,Donovan Mitchell
22017,1628378,0021701217,2018-04-10,UTA vs. GSW,W,26,8,12,0.667,4,5,0.8,2,2,1.0,1,2,3,1,2,0,2,2,22,37,1,2017-18,Regular Season,1628378,Donovan Mitchell
22017,1628378,0021701229,2018-04-11,UTA @ POR,L,34,6,23,0.261,1,8,0.125,4,6,0.667,1,5,6,5,2,0,2,2,17,-2,1,2017-18,Regular Season,1628378,Donovan Mitchell
42017,1628378,0041700171,2018-04-15,UTA @ OKC,L,35,11,22,0.5,3,7,0.429,2,2,1.0,1,9,10,3,2,1,1,1,27,-9,1,2017-18,Playoffs,1628378,Donovan Mitchell
42017,1628378,0041700172,2018-04-18,UTA @ OKC,W,43,10,25,0.4,0,7,0.0,8,9,0.889,0,6,6,2,1,0,4,1,28,4,1,2017-18,Playoffs,1628378,Donovan Mitchell
42017,1628378,0041700173,2018-04-21,UTA vs. OKC,W,35,9,20,0.45,4,7,0.571,0,0,0.0,2,9,11,2,2,1,5,4,22,15,1,2017-18,Playoffs,1628378,Donovan Mitchell
42017,1628378,0041700174,2018-04-23,UTA vs. OKC,W,39,13,28,0.464,3,8,0.375,4,5,0.8,0,7,7,4,0,1,0,3,33,22,1,2017-18,Playoffs,1628378,Donovan Mitchell
42017,1628378,0041700175,2018-04-25,UTA @ OKC,L,40,9,22,0.409,1,7,0.143,4,4,1.0,0,5,5,3,3,1,1,2,23,-9,1,2017-18,Playoffs,1628378,Donovan Mitchell
42017,1628378,0041700176,2018-04-27,UTA vs. OKC,W,40,14,26,0.538,5,8,0.625,5,5,1.0,1,3,4,2,1,0,5,5,38,-6,1,2017-18,Playoffs,1628378,Donovan Mitchell
42017,1628378,0041700221,2018-04-29,UTA @ HOU,L,39,9,22,0.409,1,7,0.143,2,2,1.0,1,2,3,5,0,0,4,1,21,-15,1,2017-18,Playoffs,1628378,Donovan Mitchell
42017,1628378,0041700222,2018-05-02,UTA @ HOU,W,38,6,21,0.286,2,8,0.25,3,4,0.75,2,3,5,11,2,0,3,5,17,13,1,2017-18,Playoffs,1628378,Donovan Mitchell
42017,1628378,0041700223,2018-05-04,UTA vs. HOU,L,31,4,16,0.25,2,7,0.286,0,0,0.0,0,1,1,3,0,0,3,4,10,-31,1,2017-18,Playoffs,1628378,Donovan Mitchell
42017,1628378,0041700224,2018-05-06,UTA vs. HOU,L,38,8,24,0.333,2,7,0.286,7,7,1.0,1,8,9,2,4,0,3,6,25,-6,1,2017-18,Playoffs,1628378,Donovan Mitchell
42017,1628378,0041700225,2018-05-08,UTA @ HOU,L,34,9,17,0.529,2,7,0.286,4,5,0.8,1,3,4,9,1,0,3,3,24,-3,1,2017-18,Playoffs,1628378,Donovan Mitchell
22017,203944,0021700016,2017-10-19,LAL vs. LAC,L,18,4,8,0.5,0,1,0.0,1,2,0.5,2,4,6,1,0,1,2,2,9,-25,1,2017-18,Regular Season,203944,Julius Randle
22017,203944,0021700026,2017-10-20,LAL @ PHX,W,13,2,4,0.5,0,0,0.0,4,6,0.667,0,1,1,1,0,0,3,3,8,-2,2,2017-18,Regular Season,203944,Julius Randle
22017,203944,0021700040,2017-10-22,LAL vs. NOP,L,24,5,6,0.833,0,0,0.0,1,3,0.333,1,1,2,1,1,2,2,4,11,2,1,2017-18,Regular Season,203944,Julius Randle
22017,203944,0021700064,2017-10-25,LAL vs. WAS,W,19,5,7,0.714,1,1,1.0,0,0,0.0,0,9,9,1,0,3,2,3,11,5,1,2017-18,Regular Season,203944,Julius Randle
22017,203944,0021700076,2017-10-27,LAL vs. TOR,L,24,6,8,0.75,0,1,0.0,6,8,0.75,1,4,5,3,1,1,1,3,18,14,1,2017-18,Regular Season,203944,Julius Randle
22017,203944,0021700082,2017-10-28,LAL @ UTA,L,19,2,7,0.286,0,0,0.0,2,2,1.0,3,4,7,2,0,0,0,4,6,3,1,2017-18,Regular Season,203944,Julius Randle
22017,203944,0021700104,2017-10-31,LAL vs. DET,W,17,7,9,0.778,0,1,0.0,3,5,0.6,0,7,7,3,1,0,3,3,17,10,2,2017-18,Regular Season,203944,Julius Randle
22017,203944,0021700118,2017-11-02,LAL @ POR,L,19,4,6,0.667,0,0,0.0,0,0,0.0,0,6,6,0,0,1,2,2,8,-12,2,2017-18,Regular Season,203944,Julius Randle
22017,203944,0021700130,2017-11-03,LAL vs. BKN,W,16,5,9,0.556,0,0,0.0,0,2,0.0,0,6,6,2,0,1,3,6,10,1,1,2017-18,Regular Season,203944,Julius Randle
22017,203944,0021700145,2017-11-05,LAL vs. MEM,W,17,6,10,0.6,0,2,0.0,0,1,0.0,2,6,8,3,1,1,3,3,12,-6,1,2017-18,Regular Season,203944,Julius Randle
22017,203944,0021700161,2017-11-08,LAL @ BOS,L,21,5,9,0.556,0,0,0.0,6,6,1.0,3,9,12,2,1,0,1,4,16,5,1,2017-18,Regular Season,203944,Julius Randle
22017,203944,0021700164,2017-11-09,LAL @ WAS,L,23,3,6,0.5,0,0,0.0,5,7,0.714,3,6,9,1,1,0,4,4,11,-12,1,2017-18,Regular Season,203944,Julius Randle
22017,203944,0021700182,2017-11-11,LAL @ MIL,L,27,4,7,0.571,0,1,0.0,9,12,0.75,2,7,9,1,0,1,4,5,17,-16,1,2017-18,Regular Season,203944,Julius Randle
22017,203944,0021700196,2017-11-13,LAL @ PHX,W,19,3,9,0.333,1,1,1.0,1,2,0.5,2,6,8,0,0,2,3,1,8,9,2,2017-18,Regular Season,203944,Julius Randle
22017,203944,0021700214,2017-11-15,LAL vs. PHI,L,30,2,12,0.167,0,1,0.0,4,6,0.667,3,5,8,1,1,0,3,6,8,5,1,2017-18,Regular Season,203944,Julius Randle
22017,203944,0021700227,2017-11-17,LAL vs. PHX,L,16,6,10,0.6,1,2,0.5,0,0,0.0,1,3,4,2,0,0,0,0,13,-7,1,2017-18,Regular Season,203944,Julius Randle
22017,203944,0021700240,2017-11-19,LAL vs. DEN,W,32,11,18,0.611,1,3,0.333,1,2,0.5,0,7,7,5,0,0,2,4,24,27,1,2017-18,Regular Season,203944,Julius Randle
22017,203944,0021700252,2017-11-21,LAL vs. CHI,W,28,4,10,0.4,0,2,0.0,2,2,1.0,2,8,10,2,0,2,2,3,10,8,1,2017-18,Regular Season,203944,Julius Randle
22017,203944,0021700266,2017-11-22,LAL @ SAC,L,29,6,9,0.667,0,0,0.0,2,3,0.667,2,6,8,2,2,1,4,2,14,6,2,2017-18,Regular Season,203944,Julius Randle
22017,203944,0021700297,2017-11-27,LAL @ LAC,L,24,2,5,0.4,0,2,0.0,7,10,0.7,0,3,3,1,0,1,3,5,11,11,1,2017-18,Regular Season,203944,Julius Randle
22017,203944,0021700312,2017-11-29,LAL vs. GSW,L,31,9,13,0.692,0,0,0.0,2,4,0.5,1,3,4,2,0,1,1,4,20,11,1,2017-18,Regular Season,203944,Julius Randle
22017,203944,0021700332,2017-12-02,LAL @ DEN,L,22,5,6,0.833,1,2,0.5,4,9,0.444,0,6,6,3,0,0,2,4,15,-4,1,2017-18,Regular Season,203944,Julius Randle
22017,203944,0021700338,2017-12-03,LAL vs. HOU,L,16,1,4,0.25,0,0,0.0,3,4,0.75,0,5,5,0,1,0,1,5,5,-21,1,2017-18,Regular Season,203944,Julius Randle
22017,203944,0021700363,2017-12-07,LAL @ PHI,W,30,7,15,0.467,0,3,0.0,2,3,0.667,1,2,3,4,1,1,2,5,16,-5,1,2017-18,Regular Season,203944,Julius Randle
22017,203944,0021700377,2017-12-09,LAL @ CHA,W,26,4,7,0.571,0,1,0.0,4,5,0.8,1,5,6,3,1,2,3,3,12,16,1,2017-18,Regular Season,203944,Julius Randle
22017,203944,0021700399,2017-12-12,LAL @ NYK,L,27,6,11,0.545,0,0,0.0,1,3,0.333,2,2,4,2,0,1,3,5,13,-2,1,2017-18,Regular Season,203944,Julius Randle
22017,203944,0021700415,2017-12-14,LAL @ CLE,L,22,6,9,0.667,0,0,0.0,1,1,1.0,1,3,4,3,0,1,2,1,13,-1,1,2017-18,Regular Season,203944,Julius Randle
22017,203944,0021700450,2017-12-18,LAL vs. GSW,L,31,5,11,0.455,0,0,0.0,5,8,0.625,3,8,11,2,0,1,2,2,15,-12,1,2017-18,Regular Season,203944,Julius Randle
22017,203944,0021700459,2017-12-20,LAL @ HOU,W,8,2,3,0.667,0,0,0.0,0,0,0.0,0,1,1,1,0,0,1,2,4,-12,2,2017-18,Regular Season,203944,Julius Randle
22017,203944,0021700479,2017-12-22,LAL @ GSW,L,24,7,16,0.438,2,3,0.667,5,6,0.833,5,5,10,1,2,1,2,4,21,8,1,2017-18,Regular Season,203944,Julius Randle
22017,203944,0021700491,2017-12-23,LAL vs. POR,L,23,6,9,0.667,0,0,0.0,4,7,0.571,3,6,9,1,0,0,1,4,16,-12,1,2017-18,Regular Season,203944,Julius Randle
22017,203944,0021700497,2017-12-25,LAL vs. MIN,L,19,7,10,0.7,0,0,0.0,2,2,1.0,4,3,7,2,0,0,2,4,16,-11,1,2017-18,Regular Season,203944,Julius Randle
22017,203944,0021700515,2017-12-27,LAL vs. MEM,L,11,2,5,0.4,0,0,0.0,2,6,0.333,1,2,3,0,0,0,1,2,6,-9,1,2017-18,Regular Season,203944,Julius Randle
22017,203944,0021700529,2017-12-29,LAL vs. LAC,L,29,8,16,0.5,0,0,0.0,2,4,0.5,5,2,7,2,1,1,1,4,18,-16,1,2017-18,Regular Season,203944,Julius Randle
22017,203944,0021700540,2017-12-31,LAL @ HOU,L,33,13,19,0.684,0,0,0.0,3,6,0.5,4,11,15,6,0,1,4,6,29,8,1,2017-18,Regular Season,203944,Julius Randle
22017,203944,0021700548,2018-01-01,LAL @ MIN,L,28,6,10,0.6,0,0,0.0,3,4,0.75,5,7,12,0,1,1,4,2,15,-15,1,2017-18,Regular Season,203944,Julius Randle
22017,203944,0021700565,2018-01-03,LAL vs. OKC,L,21,3,6,0.5,0,0,0.0,3,4,0.75,1,4,5,2,1,0,3,2,9,-8,1,2017-18,Regular Season,203944,Julius Randle
22017,203944,0021700577,2018-01-05,LAL vs. CHA,L,28,5,9,0.556,0,0,0.0,5,5,1.0,4,6,10,2,0,0,3,2,15,-2,1,2017-18,Regular Season,203944,Julius Randle
22017,203944,0021700590,2018-01-07,LAL vs. ATL,W,23,4,11,0.364,0,2,0.0,7,8,0.875,3,6,9,4,1,0,2,4,15,-1,1,2017-18,Regular Season,203944,Julius Randle
22017,203944,0021700602,2018-01-09,LAL vs. SAC,W,30,8,13,0.615,1,1,1.0,5,6,0.833,3,11,14,6,1,0,6,1,22,33,1,2017-18,Regular Season,203944,Julius Randle
22017,203944,0021700617,2018-01-11,LAL vs. SAS,W,18,0,6,0.0,0,0,0.0,0,0,0.0,1,5,6,1,0,0,2,3,0,-17,1,2017-18,Regular Season,203944,Julius Randle
22017,203944,0021700627,2018-01-13,LAL @ DAL,W,34,9,15,0.6,0,0,0.0,5,6,0.833,3,12,15,2,0,0,7,5,23,12,1,2017-18,Regular Season,203944,Julius Randle
22017,203944,0021700645,2018-01-15,LAL @ MEM,L,22,2,7,0.286,0,2,0.0,5,5,1.0,4,4,8,1,1,1,1,2,9,-7,1,2017-18,Regular Season,203944,Julius Randle
22017,203944,0021700660,2018-01-17,LAL @ OKC,L,23,8,11,0.727,0,2,0.0,0,0,0.0,0,1,1,3,0,1,3,3,16,-24,1,2017-18,Regular Season,203944,Julius Randle
22017,203944,0021700673,2018-01-19,LAL vs. IND,W,20,7,12,0.583,0,0,0.0,0,2,0.0,1,3,4,2,1,1,0,3,14,-9,1,2017-18,Regular Season,203944,Julius Randle
22017,203944,0021700684,2018-01-21,LAL vs. NYK,W,37,11,17,0.647,0,1,0.0,5,6,0.833,4,8,12,5,1,0,2,4,27,18,2,2017-18,Regular Season,203944,Julius Randle
22017,203944,0021700700,2018-01-23,LAL vs. BOS,W,26,6,12,0.5,0,0,0.0,2,3,0.667,5,9,14,1,1,0,2,3,14,-3,1,2017-18,Regular Season,203944,Julius Randle
22017,203944,0021700717,2018-01-26,LAL @ CHI,W,28,5,9,0.556,0,1,0.0,4,5,0.8,2,4,6,3,1,0,1,3,14,8,1,2017-18,Regular Season,203944,Julius Randle
22017,203944,0021700735,2018-01-28,LAL @ TOR,L,25,5,11,0.455,0,0,0.0,7,8,0.875,4,6,10,5,0,0,1,3,17,-12,1,2017-18,Regular Season,203944,Julius Randle
22017,203944,0021700754,2018-01-31,LAL @ ORL,L,27,7,9,0.778,0,0,0.0,6,7,0.857,3,6,9,1,0,0,3,3,20,-21,1,2017-18,Regular Season,203944,Julius Randle
22017,203944,0021700768,2018-02-02,LAL @ BKN,W,32,9,16,0.563,0,0,0.0,1,2,0.5,4,8,12,2,0,0,5,1,19,0,1,2017-18,Regular Season,203944,Julius Randle
22017,203944,0021700788,2018-02-04,LAL @ OKC,W,33,7,15,0.467,1,2,0.5,4,8,0.5,1,5,6,4,1,1,4,3,19,7,1,2017-18,Regular Season,203944,Julius Randle
22017,203944,0021700804,2018-02-06,LAL vs. PHX,W,27,9,13,0.692,0,0,0.0,3,5,0.6,1,7,8,5,0,1,3,1,21,12,1,2017-18,Regular Season,203944,Julius Randle
22017,203944,0021700816,2018-02-08,LAL vs. OKC,W,28,8,16,0.5,0,1,0.0,1,1,1.0,3,3,6,2,0,1,2,1,17,10,1,2017-18,Regular Season,203944,Julius Randle
22017,203944,0021700830,2018-02-10,LAL @ DAL,L,37,10,14,0.714,0,0,0.0,6,8,0.75,2,6,8,7,0,0,5,6,26,-8,1,2017-18,Regular Season,203944,Julius Randle
22017,203944,0021700862,2018-02-14,LAL @ NOP,L,31,9,13,0.692,0,0,0.0,2,2,1.0,1,4,5,3,0,1,4,3,20,-24,1,2017-18,Regular Season,203944,Julius Randle
22017,203944,0021700866,2018-02-15,LAL @ MIN,L,31,8,15,0.533,0,1,0.0,7,9,0.778,2,7,9,2,2,1,3,6,23,-17,1,2017-18,Regular Season,203944,Julius Randle
22017,203944,0021700883,2018-02-23,LAL vs. DAL,W,30,9,14,0.643,0,0,0.0,0,1,0.0,3,10,13,10,0,0,3,2,18,27,1,2017-18,Regular Season,203944,Julius Randle
22017,203944,0021700891,2018-02-24,LAL @ SAC,W,38,6,12,0.5,0,0,0.0,0,5,0.0,5,8,13,6,2,1,4,5,12,20,1,2017-18,Regular Season,203944,Julius Randle
22017,203944,0021700897,2018-02-26,LAL @ ATL,W,30,8,13,0.615,0,0,0.0,3,3,1.0,4,6,10,2,1,1,3,2,19,15,1,2017-18,Regular Season,203944,Julius Randle
22017,203944,0021700922,2018-03-01,LAL @ MIA,W,34,8,13,0.615,0,1,0.0,9,9,1.0,1,5,6,2,1,1,2,2,25,15,1,2017-18,Regular Season,203944,Julius Randle
22017,203944,0021700940,2018-03-03,LAL @ SAS,W,33,8,15,0.533,0,0,0.0,9,11,0.818,2,4,6,3,1,1,1,4,25,5,1,2017-18,Regular Season,203944,Julius Randle
22017,203944,0021700956,2018-03-05,LAL vs. POR,L,34,7,14,0.5,0,0,0.0,7,8,0.875,0,9,9,2,2,0,3,4,21,7,1,2017-18,Regular Season,203944,Julius Randle
22017,203944,0021700971,2018-03-07,LAL vs. ORL,W,30,6,11,0.545,0,0,0.0,0,1,0.0,2,9,11,3,0,0,2,3,12,3,1,2017-18,Regular Season,203944,Julius Randle
22017,203944,0021700983,2018-03-09,LAL @ DEN,L,29,6,12,0.5,0,0,0.0,6,9,0.667,1,5,6,4,1,0,4,4,18,-6,1,2017-18,Regular Season,203944,Julius Randle
22017,203944,0021701000,2018-03-11,LAL vs. CLE,W,38,14,18,0.778,0,0,0.0,8,10,0.8,6,8,14,7,1,2,4,3,36,19,1,2017-18,Regular Season,203944,Julius Randle
22017,203944,0021701015,2018-03-13,LAL vs. DEN,W,39,11,17,0.647,0,0,0.0,4,7,0.571,7,6,13,2,0,0,4,4,26,13,1,2017-18,Regular Season,203944,Julius Randle
22017,203944,0021701019,2018-03-14,LAL @ GSW,L,34,8,10,0.8,0,1,0.0,6,9,0.667,2,8,10,2,0,0,2,6,22,-9,1,2017-18,Regular Season,203944,Julius Randle
22017,203944,0021701034,2018-03-16,LAL vs. MIA,L,38,9,17,0.529,0,0,0.0,7,9,0.778,1,11,12,2,1,0,1,4,25,6,1,2017-18,Regular Season,203944,Julius Randle
22017,203944,0021701051,2018-03-19,LAL @ IND,L,34,9,19,0.474,0,0,0.0,3,5,0.6,6,3,9,3,1,0,1,4,21,-12,1,2017-18,Regular Season,203944,Julius Randle
22017,203944,0021701075,2018-03-22,LAL @ NOP,L,35,9,16,0.563,0,0,0.0,5,8,0.625,3,7,10,2,0,1,2,4,23,7,1,2017-18,Regular Season,203944,Julius Randle
22017,203944,0021701092,2018-03-24,LAL @ MEM,W,38,7,15,0.467,0,0,0.0,6,8,0.75,3,8,11,1,0,0,3,5,20,-8,1,2017-18,Regular Season,203944,Julius Randle
22017,203944,0021701104,2018-03-26,LAL @ DET,L,32,7,13,0.538,0,0,0.0,9,10,0.9,1,10,11,1,1,0,5,5,23,-7,1,2017-18,Regular Season,203944,Julius Randle
22017,203944,0021701123,2018-03-28,LAL vs. DAL,W,33,7,10,0.7,0,0,0.0,6,9,0.667,3,7,10,2,1,0,3,2,20,0,1,2017-18,Regular Season,203944,Julius Randle
22017,203944,0021701136,2018-03-30,LAL vs. MIL,L,40,5,13,0.385,1,1,1.0,7,8,0.875,4,6,10,3,1,1,4,3,18,-19,1,2017-18,Regular Season,203944,Julius Randle
22017,203944,0021701155,2018-04-01,LAL vs. SAC,L,24,5,8,0.625,0,0,0.0,9,14,0.643,0,5,5,0,0,1,1,4,19,-4,1,2017-18,Regular Season,203944,Julius Randle
22017,203944,0021701166,2018-04-03,LAL @ UTA,L,36,3,9,0.333,0,0,0.0,6,10,0.6,2,10,12,9,0,0,5,4,12,-16,1,2017-18,Regular Season,203944,Julius Randle
22017,203944,0021701174,2018-04-04,LAL vs. SAS,W,23,6,14,0.429,0,0,0.0,0,0,0.0,1,3,4,5,0,0,2,3,12,-10,1,2017-18,Regular Season,203944,Julius Randle
22017,203944,0021701190,2018-04-06,LAL vs. MIN,L,33,5,11,0.455,0,0,0.0,10,10,1.0,1,9,10,2,0,0,5,3,20,-14,1,2017-18,Regular Season,203944,Julius Randle
22017,203944,0021701201,2018-04-08,LAL vs. UTA,L,25,6,12,0.5,0,0,0.0,5,5,1.0,3,4,7,4,0,0,2,2,17,-13,1,2017-18,Regular Season,203944,Julius Randle
22017,203944,0021701218,2018-04-10,LAL vs. HOU,L,18,7,12,0.583,0,1,0.0,3,3,1.0,5,3,8,1,2,0,3,2,17,-3,1,2017-18,Regular Season,203944,Julius Randle
22017,203944,0021701228,2018-04-11,LAL @ LAC,W,17,2,3,0.667,0,1,0.0,2,2,1.0,0,5,5,3,0,0,3,4,6,8,1,2017-18,Regular Season,203944,Julius Randle
22017,1628389,0021700005,2017-10-18,MIA @ ORL,L,6,0,1,0.0,0,0,0.0,0,0,0.0,0,0,0,0,0,0,0,2,0,3,1,2017-18,Regular Season,1628389,Bam Adebayo
22017,1628389,0021700059,2017-10-25,MIA vs. SAS,L,20,2,6,0.333,0,0,0.0,0,0,0.0,1,7,8,0,0,1,0,3,4,-12,1,2017-18,Regular Season,1628389,Bam Adebayo
22017,1628389,0021700078,2017-10-28,MIA vs. BOS,L,24,2,4,0.5,0,0,0.0,2,2,1.0,1,2,3,0,1,1,1,3,6,-9,1,2017-18,Regular Season,1628389,Bam Adebayo
22017,1628389,0021700093,2017-10-30,MIA vs. MIN,L,31,5,9,0.556,0,0,0.0,3,6,0.5,10,3,13,0,0,0,1,3,13,-16,1,2017-18,Regular Season,1628389,Bam Adebayo
22017,1628389,0021700110,2017-11-01,MIA vs. CHI,W,13,1,2,0.5,0,0,0.0,2,2,1.0,0,4,4,0,2,0,0,0,4,8,2,2017-18,Regular Season,1628389,Bam Adebayo
22017,1628389,0021700127,2017-11-03,MIA @ DEN,L,4,0,0,0.0,0,0,0.0,0,0,0.0,0,1,1,0,0,0,0,0,0,6,1,2017-18,Regular Season,1628389,Bam Adebayo
22017,1628389,0021700137,2017-11-05,MIA @ LAC,W,1,0,0,0.0,0,0,0.0,0,0,0.0,0,0,0,0,0,0,0,1,0,-5,1,2017-18,Regular Season,1628389,Bam Adebayo
22017,1628389,0021700148,2017-11-06,MIA @ GSW,L,13,1,1,1.0,0,0,0.0,1,1,1.0,2,4,6,0,1,2,1,0,3,-3,1,2017-18,Regular Season,1628389,Bam Adebayo
22017,1628389,0021700218,2017-11-17,MIA @ WAS,W,4,0,0,0.0,0,0,0.0,1,2,0.5,0,1,1,0,0,0,1,0,1,-7,1,2017-18,Regular Season,1628389,Bam Adebayo
22017,1628389,0021700235,2017-11-19,MIA vs. IND,L,8,2,3,0.667,0,0,0.0,0,0,0.0,0,0,0,0,0,0,0,1,4,-14,1,2017-18,Regular Season,1628389,Bam Adebayo
22017,1628389,0021700298,2017-11-28,MIA @ CLE,L,18,7,7,1.0,0,0,0.0,5,5,1.0,1,5,6,2,0,1,0,0,19,13,1,2017-18,Regular Season,1628389,Bam Adebayo
22017,1628389,0021700306,2017-11-29,MIA @ NYK,L,31,4,5,0.8,0,0,0.0,1,2,0.5,1,4,5,0,2,0,1,3,9,-20,1,2017-18,Regular Season,1628389,Bam Adebayo
22017,1628389,0021700321,2017-12-01,MIA vs. CHA,W,18,0,3,0.0,0,0,0.0,1,2,0.5,3,2,5,0,4,2,3,3,1,-13,1,2017-18,Regular Season,1628389,Bam Adebayo
22017,1628389,0021700335,2017-12-03,MIA vs. GSW,L,20,3,5,0.6,0,0,0.0,3,4,0.75,1,1,2,0,1,0,0,2,9,-16,1,2017-18,Regular Season,1628389,Bam Adebayo
22017,1628389,0021700361,2017-12-06,MIA @ SAS,L,18,3,4,0.75,0,0,0.0,0,0,0.0,2,1,3,0,1,2,2,2,6,-12,1,2017-18,Regular Season,1628389,Bam Adebayo
22017,1628389,0021700376,2017-12-09,MIA @ BKN,W,20,1,3,0.333,0,0,0.0,0,0,0.0,2,3,5,2,0,1,0,3,2,20,1,2017-18,Regular Season,1628389,Bam Adebayo
22017,1628389,0021700393,2017-12-11,MIA @ MEM,W,23,5,6,0.833,0,0,0.0,4,5,0.8,0,4,4,2,2,2,0,5,14,10,1,2017-18,Regular Season,1628389,Bam Adebayo
22017,1628389,0021700408,2017-12-13,MIA vs. POR,L,30,3,3,1.0,0,0,0.0,6,8,0.75,3,4,7,2,0,0,3,3,12,-10,1,2017-18,Regular Season,1628389,Bam Adebayo
22017,1628389,0021700418,2017-12-15,MIA @ CHA,W,22,5,6,0.833,0,0,0.0,1,1,1.0,1,4,5,1,0,0,2,4,11,0,1,2017-18,Regular Season,1628389,Bam Adebayo
22017,1628389,0021700432,2017-12-16,MIA vs. LAC,W,28,2,7,0.286,0,0,0.0,3,4,0.75,4,1,5,3,0,0,0,3,7,-5,1,2017-18,Regular Season,1628389,Bam Adebayo
22017,1628389,0021700443,2017-12-18,MIA @ ATL,L,30,3,6,0.5,0,0,0.0,5,7,0.714,4,6,10,1,1,2,3,4,11,-1,1,2017-18,Regular Season,1628389,Bam Adebayo
22017,1628389,0021700456,2017-12-20,MIA @ BOS,W,20,3,6,0.5,0,0,0.0,0,1,0.0,0,5,5,0,0,0,1,1,6,5,1,2017-18,Regular Season,1628389,Bam Adebayo
22017,1628389,0021700474,2017-12-22,MIA vs. DAL,W,37,6,9,0.667,0,0,0.0,2,2,1.0,1,7,8,5,1,0,1,3,14,28,1,2017-18,Regular Season,1628389,Bam Adebayo
22017,1628389,0021700486,2017-12-23,MIA vs. NOP,L,30,4,7,0.571,0,1,0.0,1,2,0.5,3,4,7,4,0,1,1,2,9,-17,1,2017-18,Regular Season,1628389,Bam Adebayo
22017,1628389,0021700500,2017-12-26,MIA vs. ORL,W,25,3,4,0.75,0,0,0.0,2,2,1.0,3,6,9,4,1,1,1,2,8,24,1,2017-18,Regular Season,1628389,Bam Adebayo
22017,1628389,0021700523,2017-12-29,MIA vs. BKN,L,28,2,5,0.4,0,0,0.0,3,5,0.6,2,3,5,1,1,0,2,2,7,-21,1,2017-18,Regular Season,1628389,Bam Adebayo
22017,1628389,0021700531,2017-12-30,MIA @ ORL,W,16,3,5,0.6,0,0,0.0,0,0,0.0,1,2,3,0,0,0,1,4,6,-7,1,2017-18,Regular Season,1628389,Bam Adebayo
22017,1628389,0021700558,2018-01-03,MIA vs. DET,W,10,0,4,0.0,0,0,0.0,0,0,0.0,1,2,3,1,0,0,1,0,0,-5,1,2017-18,Regular Season,1628389,Bam Adebayo
22017,1628389,0021700568,2018-01-05,MIA vs. NYK,W,15,0,0,0.0,0,0,0.0,2,2,1.0,1,6,7,2,0,0,1,0,2,-5,1,2017-18,Regular Season,1628389,Bam Adebayo
22017,1628389,0021700586,2018-01-07,MIA vs. UTA,W,7,1,1,1.0,0,0,0.0,2,3,0.667,1,1,2,0,0,0,1,1,4,-2,1,2017-18,Regular Season,1628389,Bam Adebayo
22017,1628389,0021700599,2018-01-09,MIA @ TOR,W,33,8,14,0.571,0,1,0.0,0,0,0.0,5,10,15,3,0,5,0,3,16,9,1,2017-18,Regular Season,1628389,Bam Adebayo
22017,1628389,0021700604,2018-01-10,MIA @ IND,W,31,4,9,0.444,0,1,0.0,7,9,0.778,0,2,2,5,1,0,1,2,15,-9,1,2017-18,Regular Season,1628389,Bam Adebayo
22017,1628389,0021700634,2018-01-14,MIA vs. MIL,W,28,2,6,0.333,0,0,0.0,2,2,1.0,0,4,4,6,0,0,1,4,6,10,1,2017-18,Regular Season,1628389,Bam Adebayo
22017,1628389,0021700644,2018-01-15,MIA @ CHI,L,19,2,5,0.4,0,1,0.0,2,2,1.0,2,3,5,0,1,0,1,1,6,10,1,2017-18,Regular Season,1628389,Bam Adebayo
22017,1628389,0021700659,2018-01-17,MIA @ MIL,W,19,2,6,0.333,0,0,0.0,0,0,0.0,3,3,6,5,1,0,2,4,4,-2,1,2017-18,Regular Season,1628389,Bam Adebayo
22017,1628389,0021700668,2018-01-19,MIA @ BKN,L,14,3,5,0.6,0,0,0.0,3,4,0.75,1,2,3,2,0,0,1,3,9,0,1,2017-18,Regular Season,1628389,Bam Adebayo
22017,1628389,0021700676,2018-01-20,MIA @ CHA,W,24,3,4,0.75,0,0,0.0,0,0,0.0,2,3,5,5,2,1,1,1,6,8,1,2017-18,Regular Season,1628389,Bam Adebayo
22017,1628389,0021700689,2018-01-22,MIA @ HOU,L,17,3,4,0.75,0,0,0.0,1,2,0.5,1,4,5,2,0,0,0,1,7,-1,1,2017-18,Regular Season,1628389,Bam Adebayo
22017,1628389,0021700710,2018-01-25,MIA vs. SAC,L,21,2,4,0.5,0,0,0.0,2,2,1.0,0,1,1,2,1,1,0,3,6,10,1,2017-18,Regular Season,1628389,Bam Adebayo
22017,1628389,0021700727,2018-01-27,MIA vs. CHA,W,26,4,6,0.667,0,0,0.0,0,0,0.0,2,10,12,0,1,1,1,1,8,13,1,2017-18,Regular Season,1628389,Bam Adebayo
22017,1628389,0021700742,2018-01-29,MIA @ DAL,W,19,1,3,0.333,0,0,0.0,0,0,0.0,2,3,5,4,1,1,2,1,2,0,1,2017-18,Regular Season,1628389,Bam Adebayo
22017,1628389,0021700757,2018-01-31,MIA @ CLE,L,19,3,5,0.6,0,0,0.0,3,5,0.6,1,4,5,1,0,0,3,0,9,-2,1,2017-18,Regular Season,1628389,Bam Adebayo
22017,1628389,0021700770,2018-02-02,MIA @ PHI,L,29,5,9,0.556,0,0,0.0,5,10,0.5,5,8,13,6,0,0,0,4,15,9,1,2017-18,Regular Season,1628389,Bam Adebayo
22017,1628389,0021700776,2018-02-03,MIA @ DET,L,24,2,5,0.4,0,0,0.0,0,2,0.0,1,4,5,0,0,1,0,2,4,-11,1,2017-18,Regular Season,1628389,Bam Adebayo
22017,1628389,0021700792,2018-02-05,MIA vs. ORL,L,26,6,13,0.462,0,2,0.0,6,8,0.75,2,8,10,1,1,2,0,2,18,-7,1,2017-18,Regular Season,1628389,Bam Adebayo
22017,1628389,0021700806,2018-02-07,MIA vs. HOU,L,15,2,2,1.0,0,0,0.0,1,1,1.0,2,3,5,2,0,2,1,2,5,-11,1,2017-18,Regular Season,1628389,Bam Adebayo
22017,1628389,0021700821,2018-02-09,MIA vs. MIL,W,32,3,7,0.429,0,0,0.0,9,10,0.9,1,9,10,3,0,2,2,4,15,-4,1,2017-18,Regular Season,1628389,Bam Adebayo
22017,1628389,0021700847,2018-02-13,MIA @ TOR,L,25,3,6,0.5,0,0,0.0,5,5,1.0,1,4,5,3,0,1,2,3,11,7,1,2017-18,Regular Season,1628389,Bam Adebayo
22017,1628389,0021700855,2018-02-14,MIA @ PHI,L,19,0,3,0.0,0,0,0.0,3,4,0.75,0,2,2,1,0,0,0,0,3,-12,1,2017-18,Regular Season,1628389,Bam Adebayo
22017,1628389,0021700879,2018-02-23,MIA @ NOP,L,19,2,2,1.0,0,0,0.0,2,4,0.5,0,8,8,2,0,0,1,4,6,2,1,2017-18,Regular Season,1628389,Bam Adebayo
22017,1628389,0021700885,2018-02-24,MIA vs. MEM,W,18,5,7,0.714,0,0,0.0,3,4,0.75,2,5,7,1,1,0,0,1,13,24,1,2017-18,Regular Season,1628389,Bam Adebayo
22017,1628389,0021700909,2018-02-27,MIA vs. PHI,W,7,0,2,0.0,0,0,0.0,1,2,0.5,1,3,4,0,0,2,1,0,1,-17,1,2017-18,Regular Season,1628389,Bam Adebayo
22017,1628389,0021700922,2018-03-01,MIA vs. LAL,L,30,6,7,0.857,0,0,0.0,3,4,0.75,4,6,10,1,0,2,1,1,15,5,1,2017-18,Regular Season,1628389,Bam Adebayo
22017,1628389,0021700952,2018-03-05,MIA vs. PHX,W,5,0,0,0.0,0,0,0.0,2,2,1.0,0,1,1,0,0,0,0,0,2,-6,1,2017-18,Regular Season,1628389,Bam Adebayo
22017,1628389,0021700959,2018-03-06,MIA @ WAS,L,4,0,1,0.0,0,0,0.0,0,0,0.0,0,2,2,0,0,0,0,0,0,-1,1,2017-18,Regular Season,1628389,Bam Adebayo
22017,1628389,0021700973,2018-03-08,MIA vs. PHI,W,14,1,5,0.2,0,1,0.0,0,0,0.0,1,3,4,0,0,0,0,2,2,9,1,2017-18,Regular Season,1628389,Bam Adebayo
22017,1628389,0021700988,2018-03-10,MIA vs. WAS,W,18,3,5,0.6,0,0,0.0,0,2,0.0,2,6,8,1,0,0,2,4,6,19,1,2017-18,Regular Season,1628389,Bam Adebayo
22017,1628389,0021701004,2018-03-12,MIA @ POR,L,25,1,10,0.1,0,0,0.0,2,2,1.0,4,5,9,3,1,1,3,4,4,-8,1,2017-18,Regular Season,1628389,Bam Adebayo
22017,1628389,0021701018,2018-03-14,MIA @ SAC,L,27,2,9,0.222,0,0,0.0,2,2,1.0,4,12,16,3,0,0,0,3,6,-9,1,2017-18,Regular Season,1628389,Bam Adebayo
22017,1628389,0021701034,2018-03-16,MIA @ LAL,W,35,5,10,0.5,0,0,0.0,1,3,0.333,5,3,8,2,0,0,0,3,11,0,1,2017-18,Regular Season,1628389,Bam Adebayo
22017,1628389,0021701054,2018-03-19,MIA vs. DEN,W,27,3,9,0.333,0,0,0.0,1,6,0.167,4,4,8,3,0,0,2,2,7,-17,1,2017-18,Regular Season,1628389,Bam Adebayo
22017,1628389,0021701068,2018-03-21,MIA vs. NYK,W,13,3,4,0.75,0,0,0.0,0,0,0.0,1,1,2,0,0,0,1,2,6,-8,1,2017-18,Regular Season,1628389,Bam Adebayo
22017,1628389,0021701084,2018-03-23,MIA @ OKC,L,21,0,5,0.0,0,0,0.0,0,0,0.0,2,5,7,1,0,0,1,1,0,-6,1,2017-18,Regular Season,1628389,Bam Adebayo
22017,1628389,0021701096,2018-03-25,MIA @ IND,L,21,5,7,0.714,0,0,0.0,4,4,1.0,2,3,5,0,0,1,3,5,14,-2,1,2017-18,Regular Season,1628389,Bam Adebayo
22017,1628389,0021701125,2018-03-29,MIA vs. CHI,W,12,1,2,0.5,0,0,0.0,1,2,0.5,0,0,0,0,0,0,0,1,3,10,1,2017-18,Regular Season,1628389,Bam Adebayo
22017,1628389,0021701172,2018-04-04,MIA @ ATL,W,20,1,6,0.167,0,0,0.0,2,2,1.0,2,8,10,2,3,1,3,1,4,26,1,2017-18,Regular Season,1628389,Bam Adebayo
22017,1628389,0021701186,2018-04-06,MIA @ NYK,L,12,2,4,0.5,0,0,0.0,0,0,0.0,1,3,4,0,0,0,2,1,4,-2,1,2017-18,Regular Season,1628389,Bam Adebayo
22017,1628389,0021701206,2018-04-09,MIA vs. OKC,L,13,1,3,0.333,0,0,0.0,4,4,1.0,1,3,4,0,0,0,0,1,6,0,1,2017-18,Regular Season,1628389,Bam Adebayo
22017,1628389,0021701221,2018-04-11,MIA vs. TOR,W,18,4,4,1.0,0,0,0.0,2,2,1.0,2,2,4,1,0,1,0,1,10,16,1,2017-18,Regular Season,1628389,Bam Adebayo
42017,1628389,0041700121,2018-04-14,MIA @ PHI,L,21,2,3,0.667,0,0,0.0,2,4,0.5,0,1,1,0,0,1,1,1,6,-15,1,2017-18,Playoffs,1628389,Bam Adebayo
42017,1628389,0041700122,2018-04-16,MIA @ PHI,W,10,0,4,0.0,0,1,0.0,0,2,0.0,3,2,5,0,0,0,0,0,0,3,1,2017-18,Playoffs,1628389,Bam Adebayo
42017,1628389,0041700123,2018-04-19,MIA vs. PHI,L,15,2,3,0.667,0,0,0.0,1,4,0.25,1,4,5,0,0,0,0,2,5,1,1,2017-18,Playoffs,1628389,Bam Adebayo
42017,1628389,0041700124,2018-04-21,MIA vs. PHI,L,16,1,3,0.333,0,0,0.0,0,2,0.0,3,2,5,0,0,1,1,3,2,-6,1,2017-18,Playoffs,1628389,Bam Adebayo
42017,1628389,0041700125,2018-04-24,MIA @ PHI,L,16,2,2,1.0,0,0,0.0,0,2,0.0,2,2,4,0,0,0,0,2,4,-11,1,2017-18,Playoffs,1628389,Bam Adebayo
22017,1627759,0021700001,2017-10-17,BOS @ CLE,L,40,11,23,0.478,2,9,0.222,1,2,0.5,1,5,6,0,2,0,3,5,25,-5,1,2017-18,Regular Season,1627759,Jaylen Brown
22017,1627759,0021700007,2017-10-18,BOS vs. MIL,L,28,6,11,0.545,2,3,0.667,4,5,0.8,1,4,5,3,0,0,0,6,18,0,1,2017-18,Regular Season,1627759,Jaylen Brown
22017,1627759,0021700019,2017-10-20,BOS @ PHI,W,37,4,13,0.308,1,4,0.25,0,3,0.0,0,8,8,0,2,0,0,2,9,15,1,2017-18,Regular Season,1627759,Jaylen Brown
22017,1627759,0021700051,2017-10-24,BOS vs. NYK,W,32,9,16,0.563,3,6,0.5,2,3,0.667,0,4,4,0,1,1,0,4,23,11,2,2017-18,Regular Season,1627759,Jaylen Brown
22017,1627759,0021700067,2017-10-26,BOS @ MIL,W,34,2,10,0.2,2,6,0.333,3,6,0.5,3,6,9,0,1,1,1,1,9,5,1,2017-18,Regular Season,1627759,Jaylen Brown
22017,1627759,0021700078,2017-10-28,BOS @ MIA,W,32,1,7,0.143,0,2,0.0,4,6,0.667,1,4,5,1,0,0,4,2,6,18,1,2017-18,Regular Season,1627759,Jaylen Brown
22017,1627759,0021700092,2017-10-30,BOS vs. SAS,W,30,6,11,0.545,1,3,0.333,5,5,1.0,0,4,4,2,1,0,2,2,18,19,1,2017-18,Regular Season,1627759,Jaylen Brown
22017,1627759,0021700109,2017-11-01,BOS vs. SAC,W,25,7,8,0.875,5,6,0.833,3,5,0.6,0,6,6,1,0,0,1,2,22,16,2,2017-18,Regular Season,1627759,Jaylen Brown
22017,1627759,0021700129,2017-11-03,BOS @ OKC,W,31,3,8,0.375,1,3,0.333,3,8,0.375,3,9,12,1,1,0,0,1,10,4,1,2017-18,Regular Season,1627759,Jaylen Brown
22017,1627759,0021700138,2017-11-05,BOS @ ORL,W,28,7,13,0.538,3,5,0.6,1,3,0.333,2,5,7,1,2,0,3,2,18,1,1,2017-18,Regular Season,1627759,Jaylen Brown
22017,1627759,0021700146,2017-11-06,BOS @ ATL,W,31,4,10,0.4,1,5,0.2,2,2,1.0,1,3,4,1,0,0,2,4,11,-2,1,2017-18,Regular Season,1627759,Jaylen Brown
22017,1627759,0021700161,2017-11-08,BOS vs. LAL,W,33,3,11,0.273,0,3,0.0,3,4,0.75,2,9,11,2,1,0,2,1,9,11,1,2017-18,Regular Season,1627759,Jaylen Brown
22017,1627759,0021700170,2017-11-10,BOS vs. CHA,W,36,3,14,0.214,1,5,0.2,3,4,0.75,2,11,13,0,1,1,2,3,10,9,1,2017-18,Regular Season,1627759,Jaylen Brown
22017,1627759,0021700188,2017-11-12,BOS vs. TOR,W,33,8,15,0.533,2,3,0.667,0,0,0.0,3,0,3,3,2,0,2,3,18,6,1,2017-18,Regular Season,1627759,Jaylen Brown
22017,1627759,0021700201,2017-11-14,BOS @ BKN,W,31,5,9,0.556,1,4,0.25,3,4,0.75,0,4,4,3,3,0,2,2,14,24,1,2017-18,Regular Season,1627759,Jaylen Brown
22017,1627759,0021700215,2017-11-16,BOS vs. GSW,W,34,7,18,0.389,3,8,0.375,5,6,0.833,3,4,7,0,2,2,0,3,22,8,1,2017-18,Regular Season,1627759,Jaylen Brown
22017,1627759,0021700230,2017-11-18,BOS @ ATL,W,35,10,13,0.769,4,6,0.667,3,7,0.429,0,4,4,0,1,0,1,4,27,8,1,2017-18,Regular Season,1627759,Jaylen Brown
22017,1627759,0021700249,2017-11-20,BOS @ DAL,W,37,8,13,0.615,3,6,0.5,3,6,0.5,0,9,9,0,1,0,3,2,22,6,1,2017-18,Regular Season,1627759,Jaylen Brown
22017,1627759,0021700257,2017-11-22,BOS @ MIA,L,31,6,10,0.6,2,3,0.667,0,0,0.0,0,3,3,1,1,0,3,6,14,2,2,2017-18,Regular Season,1627759,Jaylen Brown
22017,1627759,0021700269,2017-11-24,BOS vs. ORL,W,28,5,14,0.357,2,4,0.5,1,2,0.5,0,2,2,4,2,1,0,2,13,20,1,2017-18,Regular Season,1627759,Jaylen Brown
22017,1627759,0021700292,2017-11-27,BOS vs. DET,L,33,4,10,0.4,1,3,0.333,0,2,0.0,0,6,6,1,0,0,0,2,9,-14,1,2017-18,Regular Season,1627759,Jaylen Brown
22017,1627759,0021700314,2017-11-30,BOS vs. PHI,W,22,1,6,0.167,0,3,0.0,0,0,0.0,2,1,3,2,1,0,4,4,2,-9,1,2017-18,Regular Season,1627759,Jaylen Brown
22017,1627759,0021700326,2017-12-02,BOS vs. PHX,W,32,4,8,0.5,3,5,0.6,6,8,0.75,0,0,0,2,2,1,1,3,17,-8,1,2017-18,Regular Season,1627759,Jaylen Brown
22017,1627759,0021700343,2017-12-04,BOS vs. MIL,W,23,4,9,0.444,0,2,0.0,0,0,0.0,3,4,7,2,0,0,1,3,8,6,1,2017-18,Regular Season,1627759,Jaylen Brown
22017,1627759,0021700374,2017-12-08,BOS @ SAS,L,31,7,10,0.7,1,3,0.333,0,2,0.0,1,4,5,2,1,0,3,1,15,14,1,2017-18,Regular Season,1627759,Jaylen Brown
22017,1627759,0021700386,2017-12-10,BOS @ DET,W,31,5,11,0.455,0,2,0.0,2,3,0.667,0,3,3,1,0,0,2,2,12,16,1,2017-18,Regular Season,1627759,Jaylen Brown
22017,1627759,0021700391,2017-12-11,BOS @ CHI,L,29,5,12,0.417,3,7,0.429,0,0,0.0,1,7,8,1,0,0,3,2,13,-8,1,2017-18,Regular Season,1627759,Jaylen Brown
22017,1627759,0021700407,2017-12-13,BOS vs. DEN,W,33,9,12,0.75,3,4,0.75,5,6,0.833,2,3,5,1,3,1,3,2,26,-5,1,2017-18,Regular Season,1627759,Jaylen Brown
22017,1627759,0021700423,2017-12-15,BOS vs. UTA,L,32,3,8,0.375,0,3,0.0,0,1,0.0,0,6,6,0,4,2,2,4,6,1,1,2017-18,Regular Season,1627759,Jaylen Brown
22017,1627759,0021700436,2017-12-16,BOS @ MEM,W,33,3,9,0.333,2,6,0.333,1,1,1.0,2,4,6,0,1,1,3,3,9,4,1,2017-18,Regular Season,1627759,Jaylen Brown
22017,1627759,0021700442,2017-12-18,BOS @ IND,W,27,5,9,0.556,2,4,0.5,1,5,0.2,2,1,3,1,1,0,1,6,13,5,1,2017-18,Regular Season,1627759,Jaylen Brown
22017,1627759,0021700456,2017-12-20,BOS vs. MIA,L,32,6,10,0.6,3,5,0.6,1,2,0.5,0,4,4,1,1,2,2,3,16,9,1,2017-18,Regular Season,1627759,Jaylen Brown
22017,1627759,0021700485,2017-12-23,BOS vs. CHI,W,27,7,10,0.7,4,6,0.667,2,4,0.5,0,5,5,3,1,0,1,3,20,28,1,2017-18,Regular Season,1627759,Jaylen Brown
22017,1627759,0021700495,2017-12-25,BOS vs. WAS,L,32,3,9,0.333,0,5,0.0,2,5,0.4,0,9,9,0,0,0,1,4,8,-11,1,2017-18,Regular Season,1627759,Jaylen Brown
22017,1627759,0021700539,2017-12-31,BOS vs. BKN,W,35,5,10,0.5,3,5,0.6,0,2,0.0,1,2,3,2,1,2,2,2,13,0,1,2017-18,Regular Season,1627759,Jaylen Brown
22017,1627759,0021700559,2018-01-03,BOS vs. CLE,W,29,5,13,0.385,1,6,0.167,3,3,1.0,1,7,8,4,2,0,1,2,14,12,1,2017-18,Regular Season,1627759,Jaylen Brown
22017,1627759,0021700570,2018-01-05,BOS vs. MIN,W,33,4,15,0.267,1,6,0.167,2,2,1.0,2,3,5,1,0,2,1,5,11,3,1,2017-18,Regular Season,1627759,Jaylen Brown
22017,1627759,0021700579,2018-01-06,BOS @ BKN,W,35,2,8,0.25,0,1,0.0,0,4,0.0,1,4,5,1,0,0,0,0,4,1,1,2017-18,Regular Season,1627759,Jaylen Brown
22017,1627759,0021700614,2018-01-11,BOS @ PHI,W,32,8,15,0.533,2,4,0.5,3,5,0.6,3,1,4,2,3,0,2,2,21,34,1,2017-18,Regular Season,1627759,Jaylen Brown
22017,1627759,0021700650,2018-01-16,BOS vs. NOP,L,32,7,14,0.5,2,7,0.286,0,1,0.0,1,3,4,5,1,0,3,2,16,7,1,2017-18,Regular Season,1627759,Jaylen Brown
22017,1627759,0021700663,2018-01-18,BOS vs. PHI,L,34,4,12,0.333,2,7,0.286,2,3,0.667,0,3,3,4,1,0,1,4,12,-9,1,2017-18,Regular Season,1627759,Jaylen Brown
22017,1627759,0021700683,2018-01-21,BOS vs. ORL,L,37,7,12,0.583,1,3,0.333,2,2,1.0,1,6,7,1,0,1,4,3,17,2,2,2017-18,Regular Season,1627759,Jaylen Brown
22017,1627759,0021700700,2018-01-23,BOS @ LAL,L,26,4,11,0.364,1,5,0.2,0,0,0.0,0,2,2,2,1,0,0,2,9,-1,1,2017-18,Regular Season,1627759,Jaylen Brown
22017,1627759,0021700709,2018-01-24,BOS @ LAC,W,28,2,10,0.2,0,3,0.0,5,6,0.833,2,6,8,2,2,0,4,4,9,6,1,2017-18,Regular Season,1627759,Jaylen Brown
22017,1627759,0021700728,2018-01-27,BOS @ GSW,L,35,6,9,0.667,3,4,0.75,5,6,0.833,0,2,2,0,0,0,2,3,20,-8,1,2017-18,Regular Season,1627759,Jaylen Brown
22017,1627759,0021700743,2018-01-29,BOS @ DEN,W,34,4,11,0.364,1,5,0.2,0,0,0.0,1,5,6,2,0,0,1,3,9,-13,1,2017-18,Regular Season,1627759,Jaylen Brown
22017,1627759,0021700758,2018-01-31,BOS vs. NYK,W,28,6,14,0.429,1,3,0.333,1,2,0.5,0,4,4,3,0,0,0,1,14,10,1,2017-18,Regular Season,1627759,Jaylen Brown
22017,1627759,0021700767,2018-02-02,BOS vs. ATL,W,33,7,14,0.5,3,5,0.6,2,2,1.0,1,2,3,4,0,0,3,6,19,3,1,2017-18,Regular Season,1627759,Jaylen Brown
22017,1627759,0021700784,2018-02-04,BOS vs. POR,W,34,6,15,0.4,4,7,0.571,0,0,0.0,0,6,6,4,1,0,1,2,16,4,1,2017-18,Regular Season,1627759,Jaylen Brown
22017,1627759,0021700798,2018-02-06,BOS @ TOR,L,27,4,5,0.8,1,1,1.0,2,4,0.5,0,6,6,2,0,1,4,4,11,-14,1,2017-18,Regular Season,1627759,Jaylen Brown
22017,1627759,0021700813,2018-02-08,BOS @ WAS,W,38,7,16,0.438,3,8,0.375,1,2,0.5,0,4,4,3,1,1,2,3,18,6,1,2017-18,Regular Season,1627759,Jaylen Brown
22017,1627759,0021700820,2018-02-09,BOS vs. IND,L,28,7,13,0.538,2,7,0.286,0,2,0.0,0,1,1,1,1,0,2,2,16,4,1,2017-18,Regular Season,1627759,Jaylen Brown
22017,1627759,0021700835,2018-02-11,BOS vs. CLE,L,32,2,9,0.222,0,5,0.0,1,2,0.5,1,6,7,1,0,0,1,2,5,-15,1,2017-18,Regular Season,1627759,Jaylen Brown
22017,1627759,0021700858,2018-02-14,BOS vs. LAC,L,36,4,12,0.333,2,5,0.4,2,2,1.0,3,5,8,1,1,0,2,4,12,4,1,2017-18,Regular Season,1627759,Jaylen Brown
22017,1627759,0021700873,2018-02-23,BOS @ DET,W,24,2,8,0.25,0,2,0.0,4,4,1.0,1,2,3,2,1,1,0,1,8,2,1,2017-18,Regular Season,1627759,Jaylen Brown
22017,1627759,0021700886,2018-02-24,BOS @ NYK,W,29,10,18,0.556,2,5,0.4,2,3,0.667,0,3,3,1,0,0,0,0,24,12,1,2017-18,Regular Season,1627759,Jaylen Brown
22017,1627759,0021700898,2018-02-26,BOS vs. MEM,W,26,4,11,0.364,2,6,0.333,3,4,0.75,3,1,4,3,0,1,0,1,13,-5,1,2017-18,Regular Season,1627759,Jaylen Brown
22017,1627759,0021700916,2018-02-28,BOS vs. CHA,W,23,4,7,0.571,0,1,0.0,7,7,1.0,0,5,5,4,1,0,0,2,15,28,2,2017-18,Regular Season,1627759,Jaylen Brown
22017,1627759,0021700939,2018-03-03,BOS @ HOU,L,24,4,8,0.5,1,2,0.5,0,0,0.0,1,1,2,1,1,0,2,4,9,-10,1,2017-18,Regular Season,1627759,Jaylen Brown
22017,1627759,0021700953,2018-03-05,BOS @ CHI,W,28,9,13,0.692,1,4,0.25,2,2,1.0,0,4,4,3,0,0,3,0,21,29,1,2017-18,Regular Season,1627759,Jaylen Brown
22017,1627759,0021700974,2018-03-08,BOS @ MIN,W,28,4,10,0.4,1,2,0.5,5,5,1.0,3,2,5,0,0,0,0,0,14,12,1,2017-18,Regular Season,1627759,Jaylen Brown
22017,1627759,0021701099,2018-03-25,BOS @ SAC,W,25,6,10,0.6,1,3,0.333,6,6,1.0,0,2,2,1,1,1,4,3,19,24,1,2017-18,Regular Season,1627759,Jaylen Brown
22017,1627759,0021701107,2018-03-26,BOS @ PHX,W,25,3,11,0.273,1,1,1.0,0,0,0.0,1,4,5,3,2,0,4,1,7,5,1,2017-18,Regular Season,1627759,Jaylen Brown
22017,1627759,0021701121,2018-03-28,BOS @ UTA,W,30,6,10,0.6,3,3,1.0,6,8,0.75,3,2,5,3,2,0,4,3,21,5,1,2017-18,Regular Season,1627759,Jaylen Brown
22017,1627759,0021701140,2018-03-31,BOS vs. TOR,W,30,2,8,0.25,0,1,0.0,0,0,0.0,0,3,3,0,2,1,0,3,4,0,1,2017-18,Regular Season,1627759,Jaylen Brown
22017,1627759,0021701162,2018-04-03,BOS @ MIL,L,36,9,15,0.6,1,3,0.333,5,7,0.714,1,3,4,2,2,1,3,2,24,0,1,2017-18,Regular Season,1627759,Jaylen Brown
22017,1627759,0021701171,2018-04-04,BOS @ TOR,L,28,4,9,0.444,1,2,0.5,0,1,0.0,0,2,2,0,1,0,2,4,9,-9,1,2017-18,Regular Season,1627759,Jaylen Brown
22017,1627759,0021701185,2018-04-06,BOS vs. CHI,W,30,11,19,0.579,7,10,0.7,3,5,0.6,0,4,4,2,0,0,4,1,32,9,1,2017-18,Regular Season,1627759,Jaylen Brown
22017,1627759,0021701202,2018-04-08,BOS vs. ATL,L,28,5,10,0.5,0,2,0.0,2,5,0.4,0,2,2,2,1,1,1,0,12,7,1,2017-18,Regular Season,1627759,Jaylen Brown
22017,1627759,0021701215,2018-04-10,BOS @ WAS,L,32,8,18,0.444,6,10,0.6,5,6,0.833,0,1,1,2,2,0,3,1,27,-8,1,2017-18,Regular Season,1627759,Jaylen Brown
42017,1627759,0041700111,2018-04-15,BOS vs. MIL,W,46,9,19,0.474,2,5,0.4,0,0,0.0,1,3,4,4,1,1,3,4,20,18,1,2017-18,Playoffs,1627759,Jaylen Brown
42017,1627759,0041700112,2018-04-17,BOS vs. MIL,W,33,12,22,0.545,5,12,0.417,1,2,0.5,2,3,5,1,0,0,1,2,30,17,1,2017-18,Playoffs,1627759,Jaylen Brown
42017,1627759,0041700113,2018-04-20,BOS @ MIL,L,29,4,9,0.444,1,3,0.333,2,2,1.0,1,3,4,1,0,0,0,2,11,-11,1,2017-18,Playoffs,1627759,Jaylen Brown
42017,1627759,0041700114,2018-04-22,BOS @ MIL,L,41,13,24,0.542,5,8,0.625,3,4,0.75,2,6,8,1,3,0,1,2,34,10,1,2017-18,Playoffs,1627759,Jaylen Brown
42017,1627759,0041700115,2018-04-24,BOS vs. MIL,W,38,5,13,0.385,3,8,0.375,1,2,0.5,0,6,6,2,2,1,0,4,14,10,1,2017-18,Playoffs,1627759,Jaylen Brown
42017,1627759,0041700116,2018-04-26,BOS @ MIL,L,40,6,15,0.4,1,6,0.167,1,3,0.333,0,5,5,0,0,1,2,5,14,-7,1,2017-18,Playoffs,1627759,Jaylen Brown
42017,1627759,0041700117,2018-04-28,BOS vs. MIL,W,16,1,5,0.2,0,3,0.0,0,2,0.0,0,1,1,1,1,0,1,2,2,-1,1,2017-18,Playoffs,1627759,Jaylen Brown
42017,1627759,0041700212,2018-05-03,BOS vs. PHI,W,25,5,12,0.417,2,5,0.4,1,2,0.5,0,4,4,1,1,0,1,2,13,9,2,2017-18,Playoffs,1627759,Jaylen Brown
42017,1627759,0041700213,2018-05-05,BOS @ PHI,W,29,6,12,0.5,3,6,0.5,1,2,0.5,2,7,9,0,1,2,2,4,16,3,1,2017-18,Playoffs,1627759,Jaylen Brown
42017,1627759,0041700214,2018-05-07,BOS @ PHI,L,23,2,6,0.333,2,5,0.4,2,2,1.0,0,3,3,2,0,0,1,5,8,-5,1,2017-18,Playoffs,1627759,Jaylen Brown
42017,1627759,0041700215,2018-05-09,BOS vs. PHI,W,31,10,13,0.769,3,4,0.75,1,4,0.25,1,3,4,2,0,2,2,3,24,0,1,2017-18,Playoffs,1627759,Jaylen Brown
42017,1627759,0041700301,2018-05-13,BOS vs. CLE,W,28,9,16,0.563,3,5,0.6,2,2,1.0,1,7,8,1,1,1,2,2,23,14,1,2017-18,Playoffs,1627759,Jaylen Brown
42017,1627759,0041700302,2018-05-15,BOS vs. CLE,W,35,9,18,0.5,3,8,0.375,2,4,0.5,2,4,6,3,1,0,1,2,23,10,1,2017-18,Playoffs,1627759,Jaylen Brown
42017,1627759,0041700303,2018-05-19,BOS @ CLE,L,21,3,8,0.375,2,3,0.667,2,2,1.0,0,2,2,1,0,1,3,5,10,-21,1,2017-18,Playoffs,1627759,Jaylen Brown
42017,1627759,0041700304,2018-05-21,BOS @ CLE,L,40,10,23,0.435,2,6,0.333,3,3,1.0,1,5,6,2,2,0,0,5,25,-8,1,2017-18,Playoffs,1627759,Jaylen Brown
42017,1627759,0041700305,2018-05-23,BOS vs. CLE,W,35,4,15,0.267,2,8,0.25,7,8,0.875,1,2,3,2,0,1,2,4,17,7,1,2017-18,Playoffs,1627759,Jaylen Brown
42017,1627759,0041700306,2018-05-25,BOS @ CLE,L,34,11,18,0.611,2,5,0.4,3,6,0.5,1,2,3,1,0,0,0,3,27,-11,1,2017-18,Playoffs,1627759,Jaylen Brown
42017,1627759,0041700307,2018-05-27,BOS vs. CLE,L,39,5,18,0.278,3,12,0.25,0,0,0.0,1,5,6,1,1,0,1,2,13,-11,1,2017-18,Playoffs,1627759,Jaylen Brown
22017,1626157,0021700011,2017-10-18,MIN @ SAS,L,35,8,15,0.533,0,1,0.0,2,2,1.0,2,11,13,1,2,1,2,4,18,0,1,2017-18,Regular Season,1626157,Karl-Anthony Towns
22017,1626157,0021700023,2017-10-20,MIN vs. UTA,W,32,7,12,0.583,0,1,0.0,6,8,0.75,0,10,10,1,1,2,1,3,20,-8,1,2017-18,Regular Season,1626157,Karl-Anthony Towns
22017,1626157,0021700039,2017-10-22,MIN @ OKC,W,36,11,17,0.647,2,7,0.286,3,3,1.0,4,8,12,1,0,1,4,5,27,2,1,2017-18,Regular Season,1626157,Karl-Anthony Towns
22017,1626157,0021700052,2017-10-24,MIN vs. IND,L,31,12,17,0.706,0,1,0.0,4,4,1.0,2,5,7,2,0,2,3,4,28,-16,2,2017-18,Regular Season,1626157,Karl-Anthony Towns
22017,1626157,0021700056,2017-10-25,MIN @ DET,L,36,8,16,0.5,3,6,0.5,4,4,1.0,1,9,10,1,0,1,3,2,23,-14,1,2017-18,Regular Season,1626157,Karl-Anthony Towns
22017,1626157,0021700074,2017-10-27,MIN vs. OKC,W,36,12,24,0.5,1,4,0.25,8,9,0.889,7,12,19,0,0,4,1,4,33,17,1,2017-18,Regular Season,1626157,Karl-Anthony Towns
22017,1626157,0021700093,2017-10-30,MIN @ MIA,W,39,7,11,0.636,3,4,0.75,3,4,0.75,3,9,12,1,1,3,0,4,20,12,1,2017-18,Regular Season,1626157,Karl-Anthony Towns
22017,1626157,0021700113,2017-11-01,MIN @ NOP,W,23,1,7,0.143,0,0,0.0,0,0,0.0,1,4,5,0,1,2,4,5,2,-1,2,2017-18,Regular Season,1626157,Karl-Anthony Towns
22017,1626157,0021700134,2017-11-04,MIN vs. DAL,W,32,11,18,0.611,2,5,0.4,7,8,0.875,3,9,12,2,0,2,2,2,31,10,1,2017-18,Regular Season,1626157,Karl-Anthony Towns
22017,1626157,0021700143,2017-11-05,MIN vs. CHA,W,29,5,11,0.455,0,4,0.0,6,6,1.0,2,7,9,2,0,2,4,5,16,10,1,2017-18,Regular Season,1626157,Karl-Anthony Towns
22017,1626157,0021700163,2017-11-08,MIN @ GSW,L,27,5,11,0.455,1,4,0.25,5,7,0.714,3,9,12,1,1,0,1,1,16,-5,1,2017-18,Regular Season,1626157,Karl-Anthony Towns
22017,1626157,0021700186,2017-11-11,MIN @ PHX,L,39,8,19,0.421,1,5,0.2,0,0,0.0,5,7,12,2,1,2,0,5,17,-27,1,2017-18,Regular Season,1626157,Karl-Anthony Towns
22017,1626157,0021700197,2017-11-13,MIN @ UTA,W,41,10,15,0.667,4,6,0.667,0,0,0.0,1,12,13,1,1,1,0,2,24,3,2,2017-18,Regular Season,1626157,Karl-Anthony Towns
22017,1626157,0021700210,2017-11-15,MIN vs. SAS,W,40,10,18,0.556,2,2,1.0,4,6,0.667,6,10,16,2,1,2,2,4,26,0,1,2017-18,Regular Season,1626157,Karl-Anthony Towns
22017,1626157,0021700224,2017-11-17,MIN @ DAL,W,37,5,10,0.5,1,4,0.25,4,5,0.8,2,9,11,2,1,0,2,4,15,23,2,2017-18,Regular Season,1626157,Karl-Anthony Towns
22017,1626157,0021700238,2017-11-19,MIN vs. DET,L,38,6,13,0.462,2,4,0.5,2,2,1.0,1,8,9,3,0,0,1,1,16,4,1,2017-18,Regular Season,1626157,Karl-Anthony Towns
22017,1626157,0021700241,2017-11-20,MIN @ CHA,L,30,5,10,0.5,0,3,0.0,8,9,0.889,2,10,12,2,0,1,1,4,18,-11,1,2017-18,Regular Season,1626157,Karl-Anthony Towns
22017,1626157,0021700261,2017-11-22,MIN vs. ORL,W,36,7,11,0.636,2,3,0.667,2,3,0.667,3,10,13,2,0,0,2,2,18,7,2,2017-18,Regular Season,1626157,Karl-Anthony Towns
22017,1626157,0021700272,2017-11-24,MIN vs. MIA,L,39,6,14,0.429,0,3,0.0,6,7,0.857,3,8,11,3,0,1,2,4,18,-18,2,2017-18,Regular Season,1626157,Karl-Anthony Towns
22017,1626157,0021700288,2017-11-26,MIN vs. PHX,W,39,12,26,0.462,2,6,0.333,6,6,1.0,5,7,12,2,0,1,1,2,32,13,1,2017-18,Regular Season,1626157,Karl-Anthony Towns
22017,1626157,0021700300,2017-11-28,MIN vs. WAS,L,40,9,19,0.474,2,5,0.4,0,0,0.0,3,14,17,0,1,0,4,4,20,3,1,2017-18,Regular Season,1626157,Karl-Anthony Towns
22017,1626157,0021700309,2017-11-29,MIN @ NOP,W,21,4,7,0.571,1,2,0.5,2,2,1.0,2,8,10,3,0,0,6,5,11,4,1,2017-18,Regular Season,1626157,Karl-Anthony Towns
22017,1626157,0021700324,2017-12-01,MIN @ OKC,L,35,9,17,0.529,1,3,0.333,4,4,1.0,3,6,9,0,2,1,2,5,23,5,2,2017-18,Regular Season,1626157,Karl-Anthony Towns
22017,1626157,0021700336,2017-12-03,MIN vs. LAC,W,37,6,13,0.462,2,3,0.667,1,2,0.5,3,9,12,1,1,0,3,4,15,12,1,2017-18,Regular Season,1626157,Karl-Anthony Towns
22017,1626157,0021700345,2017-12-04,MIN @ MEM,L,38,2,6,0.333,1,2,0.5,2,2,1.0,1,10,11,3,0,1,0,4,7,5,1,2017-18,Regular Season,1626157,Karl-Anthony Towns
22017,1626157,0021700362,2017-12-06,MIN @ LAC,W,39,9,14,0.643,0,2,0.0,3,5,0.6,1,11,12,4,2,4,4,3,21,9,1,2017-18,Regular Season,1626157,Karl-Anthony Towns
22017,1626157,0021700388,2017-12-10,MIN vs. DAL,W,38,10,15,0.667,2,4,0.5,6,6,1.0,4,8,12,4,3,0,7,4,28,9,1,2017-18,Regular Season,1626157,Karl-Anthony Towns
22017,1626157,0021700401,2017-12-12,MIN vs. PHI,L,48,6,16,0.375,0,4,0.0,7,10,0.7,4,12,16,2,4,3,1,4,19,-10,1,2017-18,Regular Season,1626157,Karl-Anthony Towns
22017,1626157,0021700416,2017-12-14,MIN vs. SAC,W,35,11,16,0.688,2,4,0.5,6,9,0.667,5,9,14,5,1,5,0,4,30,22,1,2017-18,Regular Season,1626157,Karl-Anthony Towns
22017,1626157,0021700434,2017-12-16,MIN vs. PHX,L,40,7,17,0.412,4,7,0.571,10,12,0.833,4,7,11,4,2,1,1,5,28,10,1,2017-18,Regular Season,1626157,Karl-Anthony Towns
22017,1626157,0021700446,2017-12-18,MIN vs. POR,W,41,5,15,0.333,3,6,0.5,3,4,0.75,3,4,7,4,1,0,4,3,16,8,1,2017-18,Regular Season,1626157,Karl-Anthony Towns
22017,1626157,0021700462,2017-12-20,MIN @ DEN,W,38,11,16,0.688,2,2,1.0,1,1,1.0,4,6,10,2,3,0,1,2,25,0,2,2017-18,Regular Season,1626157,Karl-Anthony Towns
22017,1626157,0021700490,2017-12-23,MIN @ PHX,W,38,6,10,0.6,1,2,0.5,3,4,0.75,4,10,14,1,1,2,3,4,16,14,1,2017-18,Regular Season,1626157,Karl-Anthony Towns
22017,1626157,0021700497,2017-12-25,MIN @ LAL,W,40,7,12,0.583,2,6,0.333,5,6,0.833,0,10,10,2,1,4,3,2,21,18,1,2017-18,Regular Season,1626157,Karl-Anthony Towns
22017,1626157,0021700510,2017-12-27,MIN vs. DEN,W,30,6,12,0.5,2,3,0.667,0,0,0.0,4,9,13,6,0,4,3,6,14,11,1,2017-18,Regular Season,1626157,Karl-Anthony Towns
22017,1626157,0021700518,2017-12-28,MIN @ MIL,L,36,8,12,0.667,4,8,0.5,2,3,0.667,1,4,5,4,1,1,2,2,22,2,1,2017-18,Regular Season,1626157,Karl-Anthony Towns
22017,1626157,0021700538,2017-12-31,MIN @ IND,W,38,6,11,0.545,1,3,0.333,5,6,0.833,1,13,14,4,2,6,1,4,18,26,1,2017-18,Regular Season,1626157,Karl-Anthony Towns
22017,1626157,0021700548,2018-01-01,MIN vs. LAL,W,27,7,13,0.538,2,4,0.5,0,0,0.0,2,11,13,1,2,1,4,4,16,17,1,2017-18,Regular Season,1626157,Karl-Anthony Towns
22017,1626157,0021700557,2018-01-03,MIN @ BKN,L,40,8,16,0.5,0,4,0.0,0,1,0.0,2,8,10,0,0,0,0,1,16,-3,1,2017-18,Regular Season,1626157,Karl-Anthony Towns
22017,1626157,0021700570,2018-01-05,MIN @ BOS,L,42,9,16,0.563,1,4,0.25,6,6,1.0,2,21,23,1,0,2,0,2,25,0,1,2017-18,Regular Season,1626157,Karl-Anthony Towns
22017,1626157,0021700584,2018-01-06,MIN vs. NOP,W,35,7,11,0.636,3,3,1.0,4,4,1.0,3,13,16,3,1,1,2,4,21,21,1,2017-18,Regular Season,1626157,Karl-Anthony Towns
22017,1626157,0021700594,2018-01-08,MIN vs. CLE,W,30,8,11,0.727,1,2,0.5,2,2,1.0,3,9,12,4,0,1,2,3,19,31,1,2017-18,Regular Season,1626157,Karl-Anthony Towns
22017,1626157,0021700611,2018-01-10,MIN vs. OKC,W,30,7,12,0.583,2,3,0.667,2,2,1.0,3,9,12,3,0,0,1,3,18,18,1,2017-18,Regular Season,1626157,Karl-Anthony Towns
22017,1626157,0021700623,2018-01-12,MIN vs. NYK,W,40,9,15,0.6,2,4,0.5,3,4,0.75,4,11,15,9,0,1,3,2,23,9,1,2017-18,Regular Season,1626157,Karl-Anthony Towns
22017,1626157,0021700637,2018-01-14,MIN vs. POR,W,36,6,11,0.545,2,3,0.667,6,7,0.857,0,11,11,2,1,0,2,4,20,27,1,2017-18,Regular Season,1626157,Karl-Anthony Towns
22017,1626157,0021700649,2018-01-16,MIN @ ORL,L,40,6,13,0.462,1,1,1.0,2,2,1.0,2,10,12,1,0,3,1,3,15,-2,1,2017-18,Regular Season,1626157,Karl-Anthony Towns
22017,1626157,0021700665,2018-01-18,MIN @ HOU,L,37,10,19,0.526,1,7,0.143,1,2,0.5,3,13,16,3,2,5,0,3,22,2,1,2017-18,Regular Season,1626157,Karl-Anthony Towns
22017,1626157,0021700680,2018-01-20,MIN vs. TOR,W,28,6,7,0.857,2,2,1.0,8,9,0.889,3,7,10,2,0,1,1,5,22,0,2,2017-18,Regular Season,1626157,Karl-Anthony Towns
22017,1626157,0021700695,2018-01-22,MIN @ LAC,W,33,1,7,0.143,0,1,0.0,9,10,0.9,6,11,17,3,0,1,2,1,11,8,1,2017-18,Regular Season,1626157,Karl-Anthony Towns
22017,1626157,0021700708,2018-01-24,MIN @ POR,L,31,6,9,0.667,2,4,0.5,2,2,1.0,2,7,9,1,0,0,1,3,16,-14,1,2017-18,Regular Season,1626157,Karl-Anthony Towns
22017,1626157,0021700713,2018-01-25,MIN @ GSW,L,36,13,24,0.542,1,5,0.2,4,6,0.667,5,6,11,5,0,0,2,2,31,-12,1,2017-18,Regular Season,1626157,Karl-Anthony Towns
22017,1626157,0021700729,2018-01-27,MIN vs. BKN,W,34,7,17,0.412,0,4,0.0,2,2,1.0,10,9,19,1,1,3,1,1,16,8,1,2017-18,Regular Season,1626157,Karl-Anthony Towns
22017,1626157,0021700739,2018-01-29,MIN @ ATL,L,32,6,8,0.75,1,2,0.5,2,2,1.0,1,12,13,3,2,1,3,3,15,-2,1,2017-18,Regular Season,1626157,Karl-Anthony Towns
22017,1626157,0021700746,2018-01-30,MIN @ TOR,L,29,4,7,0.571,0,0,0.0,3,3,1.0,2,8,10,3,0,0,0,3,11,-4,1,2017-18,Regular Season,1626157,Karl-Anthony Towns
22017,1626157,0021700763,2018-02-01,MIN vs. MIL,W,33,10,13,0.769,1,2,0.5,3,3,1.0,3,8,11,3,0,0,2,5,24,21,1,2017-18,Regular Season,1626157,Karl-Anthony Towns
22017,1626157,0021700780,2018-02-03,MIN vs. NOP,W,33,8,16,0.5,3,3,1.0,3,4,0.75,6,10,16,1,1,0,1,3,22,14,1,2017-18,Regular Season,1626157,Karl-Anthony Towns
22017,1626157,0021700807,2018-02-07,MIN @ CLE,L,37,10,12,0.833,6,6,1.0,4,4,1.0,1,9,10,1,1,2,3,2,30,1,1,2017-18,Regular Season,1626157,Karl-Anthony Towns
22017,1626157,0021700822,2018-02-09,MIN @ CHI,L,33,3,8,0.375,0,1,0.0,8,9,0.889,3,7,10,2,0,0,0,5,14,5,1,2017-18,Regular Season,1626157,Karl-Anthony Towns
22017,1626157,0021700838,2018-02-11,MIN vs. SAC,W,37,10,17,0.588,2,7,0.286,7,7,1.0,2,6,8,6,1,3,1,1,29,12,1,2017-18,Regular Season,1626157,Karl-Anthony Towns
22017,1626157,0021700849,2018-02-13,MIN vs. HOU,L,35,12,16,0.75,2,3,0.667,9,9,1.0,5,7,12,3,1,3,1,6,35,-4,1,2017-18,Regular Season,1626157,Karl-Anthony Towns
22017,1626157,0021700866,2018-02-15,MIN vs. LAL,W,32,2,9,0.222,0,2,0.0,6,6,1.0,2,16,18,4,0,2,3,4,10,7,1,2017-18,Regular Season,1626157,Karl-Anthony Towns
22017,1626157,0021700877,2018-02-23,MIN @ HOU,L,32,6,15,0.4,1,2,0.5,5,5,1.0,4,9,13,3,0,1,2,3,18,-6,1,2017-18,Regular Season,1626157,Karl-Anthony Towns
22017,1626157,0021700888,2018-02-24,MIN vs. CHI,W,38,9,20,0.45,0,5,0.0,4,6,0.667,3,10,13,2,0,1,4,4,22,23,1,2017-18,Regular Season,1626157,Karl-Anthony Towns
22017,1626157,0021700906,2018-02-26,MIN @ SAC,W,39,9,10,0.9,0,0,0.0,8,8,1.0,3,14,17,4,2,2,5,3,26,21,1,2017-18,Regular Season,1626157,Karl-Anthony Towns
22017,1626157,0021700925,2018-03-01,MIN @ POR,L,41,11,19,0.579,1,3,0.333,11,12,0.917,2,15,17,2,2,3,1,5,34,-6,1,2017-18,Regular Season,1626157,Karl-Anthony Towns
22017,1626157,0021700934,2018-03-02,MIN @ UTA,L,20,4,6,0.667,1,1,1.0,4,4,1.0,0,4,4,0,1,0,1,1,13,-10,1,2017-18,Regular Season,1626157,Karl-Anthony Towns
22017,1626157,0021700974,2018-03-08,MIN vs. BOS,L,38,5,12,0.417,0,0,0.0,5,8,0.625,3,8,11,3,0,1,1,4,15,-11,1,2017-18,Regular Season,1626157,Karl-Anthony Towns
22017,1626157,0021700994,2018-03-11,MIN vs. GSW,W,39,13,24,0.542,2,5,0.4,3,5,0.6,5,11,16,2,1,0,1,4,31,15,1,2017-18,Regular Season,1626157,Karl-Anthony Towns
22017,1626157,0021701006,2018-03-13,MIN @ WAS,W,41,13,17,0.765,3,3,1.0,8,8,1.0,3,7,10,3,1,2,1,5,37,0,1,2017-18,Regular Season,1626157,Karl-Anthony Towns
22017,1626157,0021701042,2018-03-17,MIN @ SAS,L,39,8,15,0.533,2,2,1.0,5,6,0.833,3,6,9,2,0,1,5,3,23,-8,1,2017-18,Regular Season,1626157,Karl-Anthony Towns
22017,1626157,0021701048,2018-03-18,MIN vs. HOU,L,35,9,15,0.6,0,0,0.0,2,3,0.667,5,13,18,1,1,1,3,3,20,2,1,2017-18,Regular Season,1626157,Karl-Anthony Towns
22017,1626157,0021701060,2018-03-20,MIN vs. LAC,W,41,10,19,0.526,3,7,0.429,7,8,0.875,2,7,9,3,2,1,0,5,30,22,1,2017-18,Regular Season,1626157,Karl-Anthony Towns
22017,1626157,0021701081,2018-03-23,MIN @ NYK,W,41,9,14,0.643,2,3,0.667,4,5,0.8,2,11,13,3,1,3,1,5,24,-5,1,2017-18,Regular Season,1626157,Karl-Anthony Towns
22017,1626157,0021701088,2018-03-24,MIN @ PHI,L,23,3,15,0.2,2,6,0.333,7,8,0.875,2,9,11,1,1,1,5,4,15,-18,1,2017-18,Regular Season,1626157,Karl-Anthony Towns
22017,1626157,0021701106,2018-03-26,MIN vs. MEM,L,39,5,13,0.385,2,4,0.5,3,4,0.75,1,11,12,6,0,3,3,4,15,-9,1,2017-18,Regular Season,1626157,Karl-Anthony Towns
22017,1626157,0021701120,2018-03-28,MIN vs. ATL,W,41,19,32,0.594,6,8,0.75,12,15,0.8,4,11,15,4,0,1,2,4,56,7,1,2017-18,Regular Season,1626157,Karl-Anthony Towns
22017,1626157,0021701134,2018-03-30,MIN @ DAL,W,44,8,21,0.381,1,7,0.143,4,4,1.0,4,16,20,1,1,0,0,3,21,2,2,2017-18,Regular Season,1626157,Karl-Anthony Towns
22017,1626157,0021701151,2018-04-01,MIN vs. UTA,L,36,7,13,0.538,0,4,0.0,6,6,1.0,1,6,7,2,0,0,3,2,20,-21,1,2017-18,Regular Season,1626157,Karl-Anthony Towns
22017,1626157,0021701180,2018-04-05,MIN @ DEN,L,38,10,16,0.625,2,5,0.4,4,4,1.0,1,12,13,4,0,0,3,6,26,10,1,2017-18,Regular Season,1626157,Karl-Anthony Towns
22017,1626157,0021701190,2018-04-06,MIN @ LAL,W,33,5,13,0.385,1,4,0.25,3,3,1.0,3,8,11,4,2,3,0,4,14,30,1,2017-18,Regular Season,1626157,Karl-Anthony Towns
22017,1626157,0021701209,2018-04-09,MIN vs. MEM,W,30,11,14,0.786,0,0,0.0,2,3,0.667,5,13,18,2,0,1,1,4,24,27,1,2017-18,Regular Season,1626157,Karl-Anthony Towns
22017,1626157,0021701225,2018-04-11,MIN vs. DEN,W,47,12,19,0.632,0,0,0.0,2,2,1.0,4,10,14,2,1,0,0,4,26,1,1,2017-18,Regular Season,1626157,Karl-Anthony Towns
42017,1626157,0041700141,2018-04-15,MIN @ HOU,L,40,3,9,0.333,0,2,0.0,2,4,0.5,4,8,12,2,0,1,2,2,8,-1,1,2017-18,Playoffs,1626157,Karl-Anthony Towns
42017,1626157,0041700142,2018-04-18,MIN @ HOU,L,24,2,9,0.222,1,3,0.333,0,2,0.0,2,8,10,0,1,1,0,1,5,-21,1,2017-18,Playoffs,1626157,Karl-Anthony Towns
42017,1626157,0041700143,2018-04-21,MIN vs. HOU,W,39,5,13,0.385,1,2,0.5,7,7,1.0,3,13,16,3,1,2,3,4,18,6,1,2017-18,Playoffs,1626157,Karl-Anthony Towns
42017,1626157,0041700144,2018-04-23,MIN vs. HOU,L,32,9,15,0.6,0,2,0.0,4,6,0.667,5,10,15,2,0,0,5,3,22,-13,1,2017-18,Playoffs,1626157,Karl-Anthony Towns
42017,1626157,0041700145,2018-04-25,MIN @ HOU,L,36,9,14,0.643,1,2,0.5,4,4,1.0,1,13,14,4,0,1,2,4,23,-14,1,2017-18,Playoffs,1626157,Karl-Anthony Towns
22017,1627742,0021700016,2017-10-19,LAL vs. LAC,L,31,3,15,0.2,0,1,0.0,6,7,0.857,0,5,5,4,0,0,1,1,12,-2,1,2017-18,Regular Season,1627742,Brandon Ingram
22017,1627742,0021700026,2017-10-20,LAL @ PHX,W,37,9,14,0.643,3,4,0.75,4,6,0.667,0,2,2,1,1,1,2,6,25,8,2,2017-18,Regular Season,1627742,Brandon Ingram
22017,1627742,0021700040,2017-10-22,LAL vs. NOP,L,24,3,9,0.333,0,1,0.0,1,2,0.5,0,2,2,4,0,0,1,5,7,16,1,2017-18,Regular Season,1627742,Brandon Ingram
22017,1627742,0021700064,2017-10-25,LAL vs. WAS,W,39,8,16,0.5,0,3,0.0,3,3,1.0,2,8,10,3,1,1,4,4,19,9,1,2017-18,Regular Season,1627742,Brandon Ingram
22017,1627742,0021700076,2017-10-27,LAL vs. TOR,L,23,3,9,0.333,0,2,0.0,3,4,0.75,1,1,2,1,0,0,3,1,9,-15,1,2017-18,Regular Season,1627742,Brandon Ingram
22017,1627742,0021700082,2017-10-28,LAL @ UTA,L,34,7,14,0.5,1,2,0.5,1,4,0.25,0,1,1,2,4,1,4,2,16,-24,1,2017-18,Regular Season,1627742,Brandon Ingram
22017,1627742,0021700104,2017-10-31,LAL vs. DET,W,34,6,12,0.5,1,2,0.5,0,0,0.0,0,5,5,6,4,1,5,1,13,17,2,2017-18,Regular Season,1627742,Brandon Ingram
22017,1627742,0021700118,2017-11-02,LAL @ POR,L,32,5,11,0.455,0,1,0.0,4,6,0.667,0,3,3,3,2,0,1,2,14,-8,2,2017-18,Regular Season,1627742,Brandon Ingram
22017,1627742,0021700130,2017-11-03,LAL vs. BKN,W,36,7,13,0.538,2,2,1.0,2,6,0.333,1,9,10,2,1,2,2,3,18,17,1,2017-18,Regular Season,1627742,Brandon Ingram
22017,1627742,0021700145,2017-11-05,LAL vs. MEM,W,38,7,14,0.5,0,0,0.0,6,6,1.0,1,6,7,1,0,0,1,3,20,6,1,2017-18,Regular Season,1627742,Brandon Ingram
22017,1627742,0021700161,2017-11-08,LAL @ BOS,L,37,7,11,0.636,0,1,0.0,4,7,0.571,1,6,7,1,2,0,1,3,18,-12,1,2017-18,Regular Season,1627742,Brandon Ingram
22017,1627742,0021700164,2017-11-09,LAL @ WAS,L,35,3,8,0.375,0,1,0.0,4,6,0.667,1,3,4,1,0,0,1,2,10,-20,1,2017-18,Regular Season,1627742,Brandon Ingram
22017,1627742,0021700182,2017-11-11,LAL @ MIL,L,36,2,10,0.2,0,2,0.0,4,8,0.5,0,6,6,2,0,1,3,3,8,-20,1,2017-18,Regular Season,1627742,Brandon Ingram
22017,1627742,0021700196,2017-11-13,LAL @ PHX,W,32,2,9,0.222,0,0,0.0,2,4,0.5,1,2,3,2,0,1,1,5,6,2,2,2017-18,Regular Season,1627742,Brandon Ingram
22017,1627742,0021700214,2017-11-15,LAL vs. PHI,L,40,11,18,0.611,0,0,0.0,4,5,0.8,4,7,11,3,0,2,2,4,26,-2,1,2017-18,Regular Season,1627742,Brandon Ingram
22017,1627742,0021700227,2017-11-17,LAL vs. PHX,L,35,7,17,0.412,0,1,0.0,3,5,0.6,3,5,8,4,0,2,4,5,17,-3,1,2017-18,Regular Season,1627742,Brandon Ingram
22017,1627742,0021700240,2017-11-19,LAL vs. DEN,W,29,5,13,0.385,1,3,0.333,2,2,1.0,1,4,5,6,0,0,2,5,13,0,1,2017-18,Regular Season,1627742,Brandon Ingram
22017,1627742,0021700252,2017-11-21,LAL vs. CHI,W,39,7,15,0.467,1,4,0.25,2,3,0.667,1,4,5,5,1,2,1,1,17,7,1,2017-18,Regular Season,1627742,Brandon Ingram
22017,1627742,0021700266,2017-11-22,LAL @ SAC,L,33,4,7,0.571,0,0,0.0,4,6,0.667,1,5,6,6,0,1,0,2,12,-16,2,2017-18,Regular Season,1627742,Brandon Ingram
22017,1627742,0021700297,2017-11-27,LAL @ LAC,L,22,6,10,0.6,0,1,0.0,5,9,0.556,0,5,5,1,0,1,4,5,17,-18,1,2017-18,Regular Season,1627742,Brandon Ingram
22017,1627742,0021700312,2017-11-29,LAL vs. GSW,L,44,12,21,0.571,2,2,1.0,6,7,0.857,0,5,5,3,3,2,7,5,32,-8,1,2017-18,Regular Season,1627742,Brandon Ingram
22017,1627742,0021700332,2017-12-02,LAL @ DEN,L,28,6,14,0.429,0,2,0.0,8,8,1.0,1,3,4,0,1,0,5,4,20,-26,1,2017-18,Regular Season,1627742,Brandon Ingram
22017,1627742,0021700338,2017-12-03,LAL vs. HOU,L,37,7,16,0.438,0,1,0.0,4,6,0.667,1,8,9,5,1,0,1,2,18,-7,1,2017-18,Regular Season,1627742,Brandon Ingram
22017,1627742,0021700363,2017-12-07,LAL @ PHI,W,38,7,21,0.333,2,3,0.667,5,10,0.5,3,4,7,6,0,1,2,3,21,5,1,2017-18,Regular Season,1627742,Brandon Ingram
22017,1627742,0021700377,2017-12-09,LAL @ CHA,W,36,7,16,0.438,0,2,0.0,4,6,0.667,2,4,6,1,1,0,4,5,18,6,1,2017-18,Regular Season,1627742,Brandon Ingram
22017,1627742,0021700399,2017-12-12,LAL @ NYK,L,41,2,12,0.167,0,1,0.0,1,1,1.0,3,4,7,5,1,1,5,2,5,-8,1,2017-18,Regular Season,1627742,Brandon Ingram
22017,1627742,0021700415,2017-12-14,LAL @ CLE,L,40,10,15,0.667,3,4,0.75,3,4,0.75,1,5,6,6,1,0,2,4,26,-14,1,2017-18,Regular Season,1627742,Brandon Ingram
22017,1627742,0021700450,2017-12-18,LAL vs. GSW,L,39,6,12,0.5,0,0,0.0,7,12,0.583,1,5,6,5,2,2,1,5,19,11,1,2017-18,Regular Season,1627742,Brandon Ingram
22017,1627742,0021700459,2017-12-20,LAL @ HOU,W,40,4,15,0.267,1,3,0.333,4,6,0.667,2,4,6,6,2,0,2,2,13,-5,2,2017-18,Regular Season,1627742,Brandon Ingram
22017,1627742,0021700479,2017-12-22,LAL @ GSW,L,36,5,11,0.455,0,1,0.0,2,2,1.0,1,2,3,4,0,0,1,3,12,-9,1,2017-18,Regular Season,1627742,Brandon Ingram
22017,1627742,0021700515,2017-12-27,LAL vs. MEM,L,44,9,20,0.45,0,0,0.0,5,11,0.455,1,3,4,4,1,2,5,3,23,-4,1,2017-18,Regular Season,1627742,Brandon Ingram
22017,1627742,0021700529,2017-12-29,LAL vs. LAC,L,37,8,20,0.4,0,2,0.0,2,2,1.0,0,1,1,3,1,1,2,2,18,-18,1,2017-18,Regular Season,1627742,Brandon Ingram
22017,1627742,0021700540,2017-12-31,LAL @ HOU,L,44,3,6,0.5,0,0,0.0,6,6,1.0,1,5,6,4,1,0,4,1,12,-6,1,2017-18,Regular Season,1627742,Brandon Ingram
22017,1627742,0021700548,2018-01-01,LAL @ MIN,L,29,4,11,0.364,0,2,0.0,6,7,0.857,0,5,5,1,0,1,2,2,14,-20,1,2017-18,Regular Season,1627742,Brandon Ingram
22017,1627742,0021700565,2018-01-03,LAL vs. OKC,L,30,3,9,0.333,0,2,0.0,1,2,0.5,2,3,5,2,1,1,2,0,7,-24,1,2017-18,Regular Season,1627742,Brandon Ingram
22017,1627742,0021700577,2018-01-05,LAL vs. CHA,L,36,10,18,0.556,1,1,1.0,1,2,0.5,4,10,14,4,0,0,3,3,22,-5,1,2017-18,Regular Season,1627742,Brandon Ingram
22017,1627742,0021700590,2018-01-07,LAL vs. ATL,W,30,6,7,0.857,2,2,1.0,6,7,0.857,0,1,1,7,0,1,5,2,20,0,1,2017-18,Regular Season,1627742,Brandon Ingram
22017,1627742,0021700602,2018-01-09,LAL vs. SAC,W,24,6,9,0.667,2,3,0.667,1,2,0.5,0,5,5,3,0,1,7,4,15,19,1,2017-18,Regular Season,1627742,Brandon Ingram
22017,1627742,0021700617,2018-01-11,LAL vs. SAS,W,37,11,21,0.524,2,5,0.4,2,5,0.4,0,3,3,3,1,0,1,0,26,9,1,2017-18,Regular Season,1627742,Brandon Ingram
22017,1627742,0021700627,2018-01-13,LAL @ DAL,W,14,2,2,1.0,0,0,0.0,0,0,0.0,0,6,6,5,0,0,0,1,4,2,1,2017-18,Regular Season,1627742,Brandon Ingram
22017,1627742,0021700660,2018-01-17,LAL @ OKC,L,26,3,7,0.429,0,0,0.0,2,2,1.0,0,1,1,3,0,0,2,1,8,-13,1,2017-18,Regular Season,1627742,Brandon Ingram
22017,1627742,0021700684,2018-01-21,LAL vs. NYK,W,24,4,13,0.308,0,2,0.0,2,3,0.667,0,2,2,3,0,0,1,2,10,3,2,2017-18,Regular Season,1627742,Brandon Ingram
22017,1627742,0021700700,2018-01-23,LAL vs. BOS,W,33,2,11,0.182,0,1,0.0,3,4,0.75,2,7,9,4,1,1,3,1,7,-2,1,2017-18,Regular Season,1627742,Brandon Ingram
22017,1627742,0021700717,2018-01-26,LAL @ CHI,W,33,10,18,0.556,0,3,0.0,5,8,0.625,2,7,9,5,1,0,3,5,25,22,1,2017-18,Regular Season,1627742,Brandon Ingram
22017,1627742,0021700735,2018-01-28,LAL @ TOR,L,35,4,14,0.286,1,1,1.0,5,9,0.556,2,4,6,4,2,1,1,3,14,-6,1,2017-18,Regular Season,1627742,Brandon Ingram
22017,1627742,0021700754,2018-01-31,LAL @ ORL,L,35,5,12,0.417,0,0,0.0,3,4,0.75,0,5,5,5,0,0,2,2,13,-7,1,2017-18,Regular Season,1627742,Brandon Ingram
22017,1627742,0021700768,2018-02-02,LAL @ BKN,W,37,5,14,0.357,0,1,0.0,6,8,0.75,1,7,8,10,0,0,2,3,16,1,1,2017-18,Regular Season,1627742,Brandon Ingram
22017,1627742,0021700788,2018-02-04,LAL @ OKC,W,36,7,13,0.538,1,3,0.333,1,3,0.333,0,5,5,5,0,2,3,3,16,5,1,2017-18,Regular Season,1627742,Brandon Ingram
22017,1627742,0021700804,2018-02-06,LAL vs. PHX,W,34,9,12,0.75,2,2,1.0,6,6,1.0,0,4,4,5,0,2,2,1,26,20,1,2017-18,Regular Season,1627742,Brandon Ingram
22017,1627742,0021700816,2018-02-08,LAL vs. OKC,W,33,7,11,0.636,3,4,0.75,2,2,1.0,0,2,2,6,1,0,1,1,19,19,1,2017-18,Regular Season,1627742,Brandon Ingram
22017,1627742,0021700830,2018-02-10,LAL @ DAL,L,36,9,16,0.563,4,5,0.8,0,0,0.0,0,1,1,3,1,0,2,3,22,-6,1,2017-18,Regular Season,1627742,Brandon Ingram
22017,1627742,0021700862,2018-02-14,LAL @ NOP,L,31,9,17,0.529,0,1,0.0,3,4,0.75,1,1,2,5,1,0,5,5,21,-5,1,2017-18,Regular Season,1627742,Brandon Ingram
22017,1627742,0021700866,2018-02-15,LAL @ MIN,L,34,6,14,0.429,0,2,0.0,5,7,0.714,2,2,4,5,0,0,2,2,17,-22,1,2017-18,Regular Season,1627742,Brandon Ingram
22017,1627742,0021700883,2018-02-23,LAL vs. DAL,W,29,6,9,0.667,1,1,1.0,2,2,1.0,1,8,9,3,2,3,3,4,15,27,1,2017-18,Regular Season,1627742,Brandon Ingram
22017,1627742,0021700891,2018-02-24,LAL @ SAC,W,38,5,12,0.417,1,3,0.333,2,2,1.0,2,5,7,8,0,1,1,2,13,6,1,2017-18,Regular Season,1627742,Brandon Ingram
22017,1627742,0021700897,2018-02-26,LAL @ ATL,W,29,10,16,0.625,0,1,0.0,1,2,0.5,2,8,10,6,1,3,3,0,21,19,1,2017-18,Regular Season,1627742,Brandon Ingram
22017,1627742,0021700922,2018-03-01,LAL @ MIA,W,35,8,14,0.571,1,3,0.333,2,2,1.0,0,5,5,5,1,1,1,4,19,-10,1,2017-18,Regular Season,1627742,Brandon Ingram
22017,1627742,0021701123,2018-03-28,LAL vs. DAL,W,23,4,10,0.4,1,3,0.333,4,6,0.667,1,5,6,4,1,0,3,2,13,-7,1,2017-18,Regular Season,1627742,Brandon Ingram
22017,1627742,0021701136,2018-03-30,LAL vs. MIL,L,27,5,7,0.714,2,2,1.0,0,3,0.0,0,3,3,6,0,0,5,3,12,-11,1,2017-18,Regular Season,1627742,Brandon Ingram
22017,1628401,0021700011,2017-10-18,SAS vs. MIN,W,0,0,0,0.0,0,0,0.0,0,0,0.0,0,0,0,0,0,0,0,0,0,-2,1,2017-18,Regular Season,1628401,Derrick White
22017,1628401,0021700071,2017-10-27,SAS @ ORL,L,12,0,2,0.0,0,0,0.0,1,2,0.5,1,2,3,2,0,0,0,1,1,4,1,2017-18,Regular Season,1628401,Derrick White
22017,1628401,0021700092,2017-10-30,SAS @ BOS,L,5,0,0,0.0,0,0,0.0,0,0,0.0,1,1,2,0,1,1,0,0,0,3,1,2017-18,Regular Season,1628401,Derrick White
22017,1628401,0021700117,2017-11-02,SAS vs. GSW,L,3,0,0,0.0,0,0,0.0,0,2,0.0,0,1,1,0,0,0,0,0,0,-3,2,2017-18,Regular Season,1628401,Derrick White
22017,1628401,0021700337,2017-12-03,SAS @ OKC,L,17,1,3,0.333,0,0,0.0,2,2,1.0,0,2,2,1,2,1,1,3,4,14,1,2017-18,Regular Season,1628401,Derrick White
22017,1628401,0021700383,2017-12-09,SAS @ PHX,W,9,2,2,1.0,0,0,0.0,0,0,0.0,0,1,1,0,0,0,2,1,4,-1,1,2017-18,Regular Season,1628401,Derrick White
22017,1628401,0021700435,2017-12-16,SAS vs. DAL,W,0,0,0,0.0,0,0,0.0,0,0,0.0,0,0,0,0,0,0,0,0,0,0,1,2017-18,Regular Season,1628401,Derrick White
22017,1628401,0021700555,2018-01-03,SAS @ PHI,L,8,1,2,0.5,0,1,0.0,2,2,1.0,2,0,2,1,0,0,0,0,4,6,1,2017-18,Regular Season,1628401,Derrick White
22017,1628401,0021700573,2018-01-05,SAS vs. PHX,W,3,0,0,0.0,0,0,0.0,0,0,0.0,0,2,2,0,0,0,1,1,0,0,1,2017-18,Regular Season,1628401,Derrick White
22017,1628401,0021700596,2018-01-08,SAS @ SAC,W,6,0,0,0.0,0,0,0.0,0,0,0.0,0,1,1,1,0,0,0,0,0,-1,1,2017-18,Regular Season,1628401,Derrick White
22017,1628401,0021700617,2018-01-11,SAS @ LAL,L,7,1,1,1.0,1,1,1.0,1,2,0.5,0,0,0,0,0,0,0,0,4,7,1,2017-18,Regular Season,1628401,Derrick White
22017,1628401,0021700633,2018-01-13,SAS vs. DEN,W,6,0,1,0.0,0,1,0.0,0,0,0.0,0,1,1,0,0,0,1,0,0,5,1,2017-18,Regular Season,1628401,Derrick White
22017,1628401,0021700686,2018-01-21,SAS vs. IND,L,1,0,0,0.0,0,0,0.0,0,0,0.0,0,0,0,0,0,0,0,0,0,3,2,2017-18,Regular Season,1628401,Derrick White
22017,1628401,0021700810,2018-02-07,SAS @ PHX,W,12,3,5,0.6,3,3,1.0,1,2,0.5,0,0,0,1,0,0,1,0,10,1,1,2017-18,Regular Season,1628401,Derrick White
22017,1628401,0021700831,2018-02-10,SAS @ GSW,L,28,3,8,0.375,0,2,0.0,5,6,0.833,1,6,7,2,1,0,0,1,11,-7,1,2017-18,Regular Season,1628401,Derrick White
22017,1628401,0021700852,2018-02-13,SAS @ DEN,L,2,1,1,1.0,0,0,0.0,0,0,0.0,0,0,0,0,0,0,0,1,2,-2,1,2017-18,Regular Season,1628401,Derrick White
22017,1628401,0021701001,2018-03-12,SAS @ HOU,L,19,4,8,0.5,4,5,0.8,2,2,1.0,0,4,4,1,0,1,0,0,14,4,1,2017-18,Regular Season,1628401,Derrick White
42017,1628401,0041700151,2018-04-14,SAS @ GSW,L,13,3,6,0.5,1,2,0.5,0,0,0.0,0,0,0,1,1,1,0,0,7,-1,1,2017-18,Playoffs,1628401,Derrick White
42017,1628401,0041700152,2018-04-16,SAS @ GSW,L,3,0,0,0.0,0,0,0.0,0,0,0.0,0,0,0,0,0,0,0,0,0,-2,1,2017-18,Playoffs,1628401,Derrick White
42017,1628401,0041700153,2018-04-19,SAS vs. GSW,L,3,0,0,0.0,0,0,0.0,0,0,0.0,0,0,0,0,0,1,0,0,0,5,1,2017-18,Playoffs,1628401,Derrick White
22017,203468,0021700018,2017-10-20,POR @ IND,W,32,12,18,0.667,3,4,0.75,1,2,0.5,0,7,7,1,1,1,0,2,28,3,1,2017-18,Regular Season,203468,CJ McCollum
22017,203468,0021700034,2017-10-21,POR @ MIL,L,37,9,18,0.5,3,6,0.5,5,5,1.0,0,3,3,1,2,0,2,2,26,6,1,2017-18,Regular Season,203468,CJ McCollum
22017,203468,0021700053,2017-10-24,POR vs. NOP,W,36,7,15,0.467,4,5,0.8,5,5,1.0,0,4,4,2,0,0,1,3,23,17,1,2017-18,Regular Season,203468,CJ McCollum
22017,203468,0021700068,2017-10-26,POR vs. LAC,L,39,8,18,0.444,2,3,0.667,5,7,0.714,3,2,5,4,0,0,0,2,23,3,1,2017-18,Regular Season,203468,CJ McCollum
22017,203468,0021700083,2017-10-28,POR vs. PHX,W,34,9,20,0.45,1,5,0.2,4,5,0.8,2,3,5,6,2,1,1,5,23,6,1,2017-18,Regular Season,203468,CJ McCollum
22017,203468,0021700099,2017-10-30,POR vs. TOR,L,32,5,16,0.313,3,5,0.6,3,3,1.0,0,3,3,2,0,1,1,1,16,-10,2,2017-18,Regular Season,203468,CJ McCollum
22017,203468,0021700115,2017-11-01,POR @ UTA,L,42,6,20,0.3,2,8,0.25,2,3,0.667,0,10,10,2,0,0,6,2,16,2,2,2017-18,Regular Season,203468,CJ McCollum
22017,203468,0021700118,2017-11-02,POR vs. LAL,W,38,8,18,0.444,5,8,0.625,1,1,1.0,0,2,2,5,1,0,2,2,22,-6,2,2017-18,Regular Season,203468,CJ McCollum
22017,203468,0021700144,2017-11-05,POR vs. OKC,W,36,8,17,0.471,6,9,0.667,0,0,0.0,0,3,3,1,0,0,3,2,22,8,1,2017-18,Regular Season,203468,CJ McCollum
22017,203468,0021700157,2017-11-07,POR vs. MEM,L,38,14,26,0.538,4,10,0.4,4,5,0.8,1,1,2,1,3,0,1,1,36,0,1,2017-18,Regular Season,203468,CJ McCollum
22017,203468,0021700176,2017-11-10,POR vs. BKN,L,34,6,16,0.375,3,6,0.5,2,2,1.0,1,2,3,4,1,1,2,3,17,5,1,2017-18,Regular Season,203468,CJ McCollum
22017,203468,0021700198,2017-11-13,POR vs. DEN,W,31,7,11,0.636,3,5,0.6,0,0,0.0,1,1,2,1,2,0,1,0,17,1,1,2017-18,Regular Season,203468,CJ McCollum
22017,203468,0021700213,2017-11-15,POR vs. ORL,W,38,8,16,0.5,4,7,0.571,4,4,1.0,1,3,4,3,3,0,3,2,24,11,2,2017-18,Regular Season,203468,CJ McCollum
22017,203468,0021700225,2017-11-17,POR @ SAC,L,38,8,16,0.5,0,4,0.0,3,4,0.75,0,3,3,3,3,0,4,2,19,8,1,2017-18,Regular Season,203468,CJ McCollum
22017,203468,0021700234,2017-11-18,POR vs. SAC,W,35,9,16,0.563,4,7,0.571,3,3,1.0,0,3,3,4,2,0,2,3,25,-1,1,2017-18,Regular Season,203468,CJ McCollum
22017,203468,0021700246,2017-11-20,POR @ MEM,W,37,8,17,0.471,3,6,0.5,5,5,1.0,1,7,8,0,0,0,3,3,24,4,1,2017-18,Regular Season,203468,CJ McCollum
22017,203468,0021700255,2017-11-22,POR @ PHI,L,36,1,14,0.071,0,3,0.0,3,3,1.0,0,5,5,0,0,1,3,4,5,-21,1,2017-18,Regular Season,203468,CJ McCollum
22017,203468,0021700267,2017-11-24,POR @ BKN,W,39,10,19,0.526,1,4,0.25,5,6,0.833,0,2,2,5,1,1,0,2,26,5,1,2017-18,Regular Season,203468,CJ McCollum
22017,203468,0021700279,2017-11-25,POR @ WAS,W,33,11,20,0.55,4,7,0.571,0,0,0.0,1,3,4,3,1,0,5,5,26,10,1,2017-18,Regular Season,203468,CJ McCollum
22017,203468,0021700293,2017-11-27,POR @ NYK,W,40,4,15,0.267,2,5,0.4,2,2,1.0,0,7,7,2,0,1,2,4,12,2,1,2017-18,Regular Season,203468,CJ McCollum
22017,203468,0021700316,2017-11-30,POR vs. MIL,L,41,7,20,0.35,1,6,0.167,0,0,0.0,1,5,6,5,0,1,2,1,15,-15,1,2017-18,Regular Season,203468,CJ McCollum
22017,203468,0021700333,2017-12-02,POR vs. NOP,L,34,8,22,0.364,1,6,0.167,0,0,0.0,2,2,4,3,0,0,0,3,17,-11,1,2017-18,Regular Season,203468,CJ McCollum
22017,203468,0021700352,2017-12-05,POR vs. WAS,L,37,6,16,0.375,1,3,0.333,1,2,0.5,1,5,6,3,1,0,1,5,14,3,1,2017-18,Regular Season,203468,CJ McCollum
22017,203468,0021700384,2017-12-09,POR vs. HOU,L,39,11,21,0.524,2,8,0.25,4,5,0.8,0,2,2,4,1,0,5,4,28,-16,1,2017-18,Regular Season,203468,CJ McCollum
22017,203468,0021700395,2017-12-11,POR @ GSW,L,34,8,14,0.571,1,3,0.333,4,4,1.0,0,3,3,2,0,1,3,1,21,-21,1,2017-18,Regular Season,203468,CJ McCollum
22017,203468,0021700408,2017-12-13,POR @ MIA,W,41,9,16,0.563,3,7,0.429,7,7,1.0,0,3,3,3,2,0,1,3,28,15,1,2017-18,Regular Season,203468,CJ McCollum
22017,203468,0021700420,2017-12-15,POR @ ORL,W,37,8,20,0.4,0,2,0.0,4,4,1.0,0,2,2,4,0,1,1,0,20,21,1,2017-18,Regular Season,203468,CJ McCollum
22017,203468,0021700429,2017-12-16,POR @ CHA,W,39,10,17,0.588,4,6,0.667,1,2,0.5,0,2,2,3,0,0,2,3,25,-1,1,2017-18,Regular Season,203468,CJ McCollum
22017,203468,0021700446,2017-12-18,POR @ MIN,L,37,9,17,0.529,2,6,0.333,0,0,0.0,0,2,2,4,2,1,2,3,20,-3,1,2017-18,Regular Season,203468,CJ McCollum
22017,203468,0021700463,2017-12-20,POR vs. SAS,L,38,5,22,0.227,0,7,0.0,3,3,1.0,3,2,5,6,1,0,0,0,13,-4,1,2017-18,Regular Season,203468,CJ McCollum
22017,203468,0021700478,2017-12-22,POR vs. DEN,L,34,7,18,0.389,1,5,0.2,0,0,0.0,1,2,3,3,0,0,2,0,15,-20,1,2017-18,Regular Season,203468,CJ McCollum
22017,203468,0021700491,2017-12-23,POR @ LAL,W,36,7,23,0.304,2,6,0.333,1,2,0.5,1,4,5,3,2,1,3,1,17,-3,1,2017-18,Regular Season,203468,CJ McCollum
22017,203468,0021700520,2017-12-28,POR vs. PHI,W,38,9,20,0.45,2,5,0.4,14,14,1.0,1,6,7,4,1,0,3,0,34,-5,1,2017-18,Regular Season,203468,CJ McCollum
22017,203468,0021700533,2017-12-30,POR @ ATL,L,35,8,21,0.381,1,4,0.25,1,3,0.333,1,3,4,2,1,1,2,2,18,-25,1,2017-18,Regular Season,203468,CJ McCollum
22017,203468,0021700547,2018-01-01,POR @ CHI,W,45,11,30,0.367,5,11,0.455,5,6,0.833,1,5,6,8,0,0,2,2,32,17,1,2017-18,Regular Season,203468,CJ McCollum
22017,203468,0021700549,2018-01-02,POR @ CLE,L,36,8,17,0.471,3,6,0.5,0,0,0.0,1,4,5,4,0,0,3,3,19,-20,1,2017-18,Regular Season,203468,CJ McCollum
22017,203468,0021700576,2018-01-05,POR vs. ATL,W,32,8,13,0.615,4,6,0.667,0,0,0.0,1,3,4,6,3,0,1,1,20,25,1,2017-18,Regular Season,203468,CJ McCollum
22017,203468,0021700589,2018-01-07,POR vs. SAS,W,38,11,24,0.458,1,3,0.333,2,3,0.667,3,2,5,7,2,0,0,2,25,-7,1,2017-18,Regular Season,203468,CJ McCollum
22017,203468,0021700600,2018-01-09,POR @ OKC,W,33,11,19,0.579,1,5,0.2,4,4,1.0,0,3,3,7,1,0,1,1,27,14,1,2017-18,Regular Season,203468,CJ McCollum
22017,203468,0021700608,2018-01-10,POR @ HOU,L,37,9,16,0.563,2,5,0.4,4,4,1.0,1,5,6,4,1,1,2,2,24,-3,1,2017-18,Regular Season,203468,CJ McCollum
22017,203468,0021700624,2018-01-12,POR @ NOP,L,36,9,21,0.429,4,10,0.4,1,2,0.5,0,4,4,4,1,1,1,2,23,-3,1,2017-18,Regular Season,203468,CJ McCollum
22017,203468,0021700637,2018-01-14,POR @ MIN,L,26,7,15,0.467,3,4,0.75,1,1,1.0,0,0,0,0,1,0,2,4,18,-8,1,2017-18,Regular Season,203468,CJ McCollum
22017,203468,0021700652,2018-01-16,POR vs. PHX,W,36,9,18,0.5,6,10,0.6,3,3,1.0,0,3,3,2,3,2,3,3,27,11,2,2017-18,Regular Season,203468,CJ McCollum
22017,203468,0021700666,2018-01-18,POR vs. IND,W,36,6,18,0.333,4,10,0.4,0,0,0.0,0,3,3,2,1,0,0,4,16,12,1,2017-18,Regular Season,203468,CJ McCollum
22017,203468,0021700682,2018-01-20,POR vs. DAL,W,38,11,23,0.478,2,6,0.333,2,2,1.0,0,4,4,2,1,0,0,3,26,-11,2,2017-18,Regular Season,203468,CJ McCollum
22017,203468,0021700694,2018-01-22,POR @ DEN,L,35,3,14,0.214,0,3,0.0,6,6,1.0,0,2,2,4,2,0,2,3,12,-7,1,2017-18,Regular Season,203468,CJ McCollum
22017,203468,0021700708,2018-01-24,POR vs. MIN,W,35,12,20,0.6,4,5,0.8,0,2,0.0,0,3,3,5,0,0,0,0,28,19,1,2017-18,Regular Season,203468,CJ McCollum
22017,203468,0021700721,2018-01-26,POR @ DAL,W,33,9,14,0.643,1,4,0.25,1,1,1.0,0,4,4,5,0,0,1,2,20,14,1,2017-18,Regular Season,203468,CJ McCollum
22017,203468,0021700752,2018-01-30,POR @ LAC,W,36,5,18,0.278,3,7,0.429,3,3,1.0,1,4,5,2,3,0,2,1,16,11,1,2017-18,Regular Season,203468,CJ McCollum
22017,203468,0021700759,2018-01-31,POR vs. CHI,W,29,18,25,0.72,6,9,0.667,8,8,1.0,1,4,5,2,1,0,3,1,50,29,1,2017-18,Regular Season,203468,CJ McCollum
22017,203468,0021700769,2018-02-02,POR @ TOR,L,34,9,16,0.563,1,6,0.167,2,4,0.5,1,1,2,2,0,1,1,1,21,-10,1,2017-18,Regular Season,203468,CJ McCollum
22017,203468,0021700784,2018-02-04,POR @ BOS,L,36,9,22,0.409,3,6,0.5,1,2,0.5,1,2,3,3,0,0,2,2,22,-16,1,2017-18,Regular Season,203468,CJ McCollum
22017,203468,0021700790,2018-02-05,POR @ DET,L,30,6,15,0.4,2,6,0.333,0,0,0.0,1,1,2,1,1,1,1,3,14,-28,1,2017-18,Regular Season,203468,CJ McCollum
22017,203468,0021700814,2018-02-08,POR vs. CHA,W,41,7,18,0.389,2,5,0.4,6,7,0.857,1,3,4,3,0,0,4,2,22,14,1,2017-18,Regular Season,203468,CJ McCollum
22017,203468,0021700825,2018-02-09,POR @ SAC,W,31,5,13,0.385,1,4,0.25,0,0,0.0,0,2,2,2,1,2,3,2,11,6,1,2017-18,Regular Season,203468,CJ McCollum
22017,203468,0021700840,2018-02-11,POR vs. UTA,L,37,8,22,0.364,2,5,0.4,4,6,0.667,0,3,3,4,2,0,5,3,22,-19,1,2017-18,Regular Season,203468,CJ McCollum
22017,203468,0021700864,2018-02-14,POR vs. GSW,W,40,12,26,0.462,3,8,0.375,2,2,1.0,1,4,5,2,0,0,2,3,29,7,1,2017-18,Regular Season,203468,CJ McCollum
22017,203468,0021700882,2018-02-23,POR @ UTA,W,36,11,21,0.524,4,7,0.571,0,0,0.0,0,3,3,2,0,0,1,3,26,25,1,2017-18,Regular Season,203468,CJ McCollum
22017,203468,0021700889,2018-02-24,POR @ PHX,W,36,8,24,0.333,1,5,0.2,4,4,1.0,1,2,3,4,0,0,0,4,21,-2,1,2017-18,Regular Season,203468,CJ McCollum
22017,203468,0021700911,2018-02-27,POR vs. SAC,W,34,5,18,0.278,0,5,0.0,1,1,1.0,0,2,2,2,0,1,4,2,11,16,1,2017-18,Regular Season,203468,CJ McCollum
22017,203468,0021700925,2018-03-01,POR vs. MIN,W,38,7,18,0.389,3,6,0.5,2,3,0.667,0,4,4,2,1,1,1,1,19,6,1,2017-18,Regular Season,203468,CJ McCollum
22017,203468,0021700941,2018-03-03,POR vs. OKC,W,38,10,20,0.5,2,8,0.25,6,6,1.0,1,7,8,6,1,2,2,1,28,3,1,2017-18,Regular Season,203468,CJ McCollum
22017,203468,0021700956,2018-03-05,POR @ LAL,W,38,6,15,0.4,2,3,0.667,8,13,0.615,0,5,5,5,1,0,0,2,22,3,1,2017-18,Regular Season,203468,CJ McCollum
22017,203468,0021700962,2018-03-06,POR vs. NYK,W,35,7,18,0.389,5,7,0.714,0,0,0.0,3,3,6,4,1,0,2,1,19,19,1,2017-18,Regular Season,203468,CJ McCollum
22017,203468,0021700984,2018-03-09,POR vs. GSW,W,38,10,19,0.526,5,9,0.556,5,7,0.714,0,4,4,1,0,1,1,1,30,17,1,2017-18,Regular Season,203468,CJ McCollum
22017,203468,0021701004,2018-03-12,POR vs. MIA,W,32,5,11,0.455,2,5,0.4,5,6,0.833,0,2,2,5,1,1,1,3,17,-1,1,2017-18,Regular Season,203468,CJ McCollum
22017,203468,0021701028,2018-03-15,POR vs. CLE,W,38,12,24,0.5,3,10,0.3,2,2,1.0,0,1,1,3,1,0,1,1,29,10,1,2017-18,Regular Season,203468,CJ McCollum
22017,203468,0021701045,2018-03-17,POR vs. DET,W,37,8,16,0.5,0,4,0.0,0,0,0.0,1,5,6,4,0,2,4,2,16,0,1,2017-18,Regular Season,203468,CJ McCollum
22017,203468,0021701049,2018-03-18,POR @ LAC,W,32,9,17,0.529,2,4,0.5,1,2,0.5,0,5,5,3,1,1,0,0,21,13,1,2017-18,Regular Season,203468,CJ McCollum
22017,203468,0021701064,2018-03-20,POR vs. HOU,L,34,4,15,0.267,0,5,0.0,0,0,0.0,0,2,2,3,0,0,0,1,8,-6,1,2017-18,Regular Season,203468,CJ McCollum
22017,203468,0021701086,2018-03-23,POR vs. BOS,L,37,12,22,0.545,1,4,0.25,1,1,1.0,1,6,7,4,2,0,1,1,26,4,1,2017-18,Regular Season,203468,CJ McCollum
22017,203468,0021701100,2018-03-25,POR @ OKC,W,38,14,24,0.583,5,9,0.556,1,2,0.5,1,3,4,4,1,0,1,2,34,17,1,2017-18,Regular Season,203468,CJ McCollum
22017,203468,0021701112,2018-03-27,POR @ NOP,W,37,3,19,0.158,1,6,0.167,0,0,0.0,2,2,4,5,1,2,3,0,7,-7,1,2017-18,Regular Season,203468,CJ McCollum
22017,203468,0021701119,2018-03-28,POR @ MEM,L,37,16,25,0.64,3,7,0.429,7,9,0.778,0,3,3,5,1,0,2,2,42,1,1,2017-18,Regular Season,203468,CJ McCollum
22017,203468,0021701137,2018-03-30,POR vs. LAC,W,37,6,15,0.4,1,4,0.25,0,0,0.0,0,3,3,1,0,1,2,4,13,5,1,2017-18,Regular Season,203468,CJ McCollum
22017,203468,0021701154,2018-04-01,POR vs. MEM,W,37,7,16,0.438,2,7,0.286,4,4,1.0,1,3,4,9,4,0,3,4,20,30,1,2017-18,Regular Season,203468,CJ McCollum
22017,203468,0021701164,2018-04-03,POR @ DAL,L,38,7,18,0.389,0,5,0.0,2,3,0.667,0,4,4,8,1,0,3,2,16,-8,1,2017-18,Regular Season,203468,CJ McCollum
22017,203468,0021701177,2018-04-05,POR @ HOU,L,33,7,25,0.28,2,9,0.222,0,0,0.0,1,4,5,4,0,1,6,0,16,-21,1,2017-18,Regular Season,203468,CJ McCollum
22017,203468,0021701196,2018-04-07,POR @ SAS,L,37,7,19,0.368,0,3,0.0,3,4,0.75,0,3,3,2,0,1,0,0,17,-11,1,2017-18,Regular Season,203468,CJ McCollum
22017,203468,0021701211,2018-04-09,POR @ DEN,L,38,5,18,0.278,2,5,0.4,4,4,1.0,4,3,7,3,2,0,2,2,16,-12,2,2017-18,Regular Season,203468,CJ McCollum
22017,203468,0021701229,2018-04-11,POR vs. UTA,W,35,8,18,0.444,2,4,0.5,1,2,0.5,1,3,4,3,1,0,1,3,19,4,1,2017-18,Regular Season,203468,CJ McCollum
42017,203468,0041700161,2018-04-14,POR vs. NOP,L,38,7,18,0.389,4,10,0.4,1,1,1.0,0,2,2,2,3,0,1,1,19,4,1,2017-18,Playoffs,203468,CJ McCollum
42017,203468,0041700162,2018-04-17,POR vs. NOP,L,39,9,21,0.429,3,8,0.375,1,2,0.5,0,3,3,6,1,1,2,2,22,-16,1,2017-18,Playoffs,203468,CJ McCollum
42017,203468,0041700163,2018-04-19,POR @ NOP,L,33,9,16,0.563,2,5,0.4,2,3,0.667,0,1,1,3,1,0,4,3,22,-15,1,2017-18,Playoffs,203468,CJ McCollum
42017,203468,0041700164,2018-04-21,POR @ NOP,L,45,15,22,0.682,2,3,0.667,6,7,0.857,0,2,2,3,0,0,2,5,38,-9,1,2017-18,Playoffs,203468,CJ McCollum
