SEASON_ID,Player_ID,Game_ID,GAME_DATE,MATCHUP,WL,MIN,FGM,FGA,FG_PCT,FG3M,FG3A,FG3_PCT,FTM,FTA,FT_PCT,OREB,DREB,REB,AST,STL,BLK,TOV,PF,PTS,PLUS_MINUS,VIDEO_AVAILABLE,SEASON,SEASON_TYPE,PLAYER_ID,PLAYER_NAME
22003,2544,0020300014,2003-10-29,CLE @ SAC,L,42,12,20,0.6,0,2,0.0,1,3,0.333,2,4,6,9,4,0,2,3,25,-9,0,2003-04,Regular Season,2544,LeBron James
22003,2544,0020300018,2003-10-30,CLE @ PHX,L,41,8,17,0.471,1,5,0.2,4,7,0.571,2,10,12,8,1,0,7,1,21,-3,0,2003-04,Regular Season,2544,LeBron James
22003,2544,0020300038,2003-11-01,CLE @ POR,L,39,3,12,0.25,0,1,0.0,2,2,1.0,0,4,4,6,2,0,2,3,8,-21,0,2003-04,Regular Season,2544,LeBron James
22003,2544,0020300057,2003-11-05,CLE vs. DEN,L,41,3,11,0.273,0,2,0.0,1,1,1.0,2,9,11,7,2,3,2,1,7,-3,0,2003-04,Regular Season,2544,LeBron James
22003,2544,0020300068,2003-11-07,CLE @ IND,L,44,8,18,0.444,1,2,0.5,6,7,0.857,0,5,5,3,0,0,7,2,23,-7,0,2003-04,Regular Season,2544,LeBron James
22003,2544,0020300078,2003-11-08,CLE vs. WAS,W,45,8,19,0.421,0,0,0.0,1,4,0.25,5,3,8,9,1,1,2,1,17,14,0,2003-04,Regular Season,2544,LeBron James
22003,2544,0020300090,2003-11-10,CLE vs. NYK,W,34,7,12,0.583,3,3,1.0,0,0,0.0,1,4,5,4,1,1,2,0,17,20,0,2003-04,Regular Season,2544,LeBron James
22003,2544,0020300106,2003-11-12,CLE @ MIA,L,42,6,15,0.4,2,5,0.4,4,6,0.667,1,2,3,7,2,1,4,3,18,-4,0,2003-04,Regular Season,2544,LeBron James
22003,2544,0020300115,2003-11-14,CLE @ BOS,L,35,3,12,0.25,2,4,0.5,2,4,0.5,1,4,5,3,0,0,4,3,10,-1,0,2003-04,Regular Season,2544,LeBron James
22003,2544,0020300130,2003-11-15,CLE vs. PHI,W,47,10,19,0.526,0,1,0.0,2,4,0.5,0,5,5,8,1,2,5,2,22,8,0,2003-04,Regular Season,2544,LeBron James
22003,2544,0020300144,2003-11-18,CLE vs. LAC,W,39,6,16,0.375,0,2,0.0,2,4,0.5,2,5,7,8,0,1,3,2,14,1,0,2003-04,Regular Season,2544,LeBron James
22003,2544,0020300153,2003-11-19,CLE @ WAS,L,39,10,18,0.556,2,4,0.5,6,8,0.75,2,5,7,8,2,1,4,2,28,-5,0,2003-04,Regular Season,2544,LeBron James
22003,2544,0020300166,2003-11-21,CLE vs. MIN,L,35,8,19,0.421,0,2,0.0,3,3,1.0,2,7,9,2,1,0,1,4,19,-3,0,2003-04,Regular Season,2544,LeBron James
22003,2544,0020300177,2003-11-22,CLE @ ATL,L,42,3,16,0.188,0,1,0.0,9,10,0.9,2,4,6,4,2,1,3,1,15,-6,0,2003-04,Regular Season,2544,LeBron James
22003,2544,0020300203,2003-11-26,CLE @ NOH,L,39,5,17,0.294,1,4,0.25,4,4,1.0,2,6,8,9,0,0,4,1,15,-13,0,2003-04,Regular Season,2544,LeBron James
22003,2544,0020300214,2003-11-28,CLE @ DET,L,36,2,8,0.25,0,2,0.0,2,3,0.667,0,2,2,7,0,0,4,3,6,-10,0,2003-04,Regular Season,2544,LeBron James
22003,2544,0020300227,2003-11-29,CLE vs. MEM,L,55,14,28,0.5,3,6,0.5,2,3,0.667,2,14,16,7,1,1,8,1,33,-10,0,2003-04,Regular Season,2544,LeBron James
22003,2544,0020300245,2003-12-02,CLE @ DEN,L,33,6,19,0.316,2,3,0.667,5,7,0.714,3,3,6,5,2,0,2,4,19,-12,0,2003-04,Regular Season,2544,LeBron James
22003,2544,0020300255,2003-12-03,CLE @ LAC,L,34,2,13,0.154,0,3,0.0,0,0,0.0,4,2,6,8,2,0,5,2,4,3,0,2003-04,Regular Season,2544,LeBron James
22003,2544,0020300273,2003-12-06,CLE vs. ATL,W,36,4,12,0.333,0,2,0.0,0,0,0.0,1,5,6,5,2,1,3,2,8,-5,0,2003-04,Regular Season,2544,LeBron James
22003,2544,0020300289,2003-12-09,CLE vs. TOR,L,37,7,16,0.438,0,0,0.0,4,4,1.0,0,5,5,3,1,0,2,2,18,-2,0,2003-04,Regular Season,2544,LeBron James
22003,2544,0020300306,2003-12-11,CLE vs. DET,W,43,8,21,0.381,1,3,0.333,6,8,0.75,1,2,3,9,1,1,4,3,23,9,0,2003-04,Regular Season,2544,LeBron James
22003,2544,0020300322,2003-12-13,CLE vs. BOS,L,45,10,20,0.5,1,5,0.2,16,18,0.889,1,2,3,4,0,0,2,2,37,-2,0,2003-04,Regular Season,2544,LeBron James
22003,2544,0020300334,2003-12-15,CLE @ IND,L,44,10,16,0.625,0,3,0.0,7,8,0.875,1,3,4,6,3,3,6,1,27,-12,0,2003-04,Regular Season,2544,LeBron James
22003,2544,0020300348,2003-12-17,CLE vs. HOU,L,36,7,19,0.368,2,4,0.5,1,2,0.5,0,1,1,3,0,0,2,2,17,-9,0,2003-04,Regular Season,2544,LeBron James
22003,2544,0020300360,2003-12-19,CLE @ PHI,W,42,14,24,0.583,5,7,0.714,3,3,1.0,1,3,4,5,4,0,4,1,36,9,0,2003-04,Regular Season,2544,LeBron James
22003,2544,0020300374,2003-12-20,CLE @ CHI,W,42,11,22,0.5,0,5,0.0,10,12,0.833,1,5,6,10,2,2,4,2,32,9,0,2003-04,Regular Season,2544,LeBron James
22003,2544,0020300389,2003-12-23,CLE vs. NOH,W,39,7,22,0.318,1,6,0.167,7,8,0.875,2,4,6,2,6,1,5,1,22,9,0,2003-04,Regular Season,2544,LeBron James
22003,2544,0020300401,2003-12-25,CLE @ ORL,L,47,13,28,0.464,4,10,0.4,4,5,0.8,1,1,2,6,2,1,8,0,34,-9,0,2003-04,Regular Season,2544,LeBron James
22003,2544,0020300405,2003-12-26,CLE vs. CHI,L,34,7,24,0.292,1,4,0.25,3,4,0.75,1,2,3,4,1,2,5,0,18,-12,0,2003-04,Regular Season,2544,LeBron James
22003,2544,0020300424,2003-12-28,CLE vs. POR,W,39,15,23,0.652,0,2,0.0,2,2,1.0,3,7,10,9,3,0,5,1,32,11,0,2003-04,Regular Season,2544,LeBron James
22003,2544,0020300440,2003-12-30,CLE vs. IND,L,38,9,20,0.45,0,4,0.0,4,6,0.667,2,8,10,4,0,0,4,2,22,-2,0,2003-04,Regular Season,2544,LeBron James
22003,2544,0020300455,2004-01-02,CLE @ NJN,L,37,6,19,0.316,0,4,0.0,2,4,0.5,1,3,4,9,1,0,3,2,14,-14,0,2003-04,Regular Season,2544,LeBron James
22003,2544,0020300485,2004-01-06,CLE vs. NYK,W,41,6,17,0.353,0,2,0.0,2,2,1.0,0,4,4,10,1,1,4,1,14,10,0,2003-04,Regular Season,2544,LeBron James
22003,2544,0020300494,2004-01-07,CLE @ TOR,L,38,10,23,0.435,0,3,0.0,1,2,0.5,0,2,2,5,0,0,2,3,21,-2,0,2003-04,Regular Season,2544,LeBron James
22003,2544,0020300508,2004-01-09,CLE @ BOS,L,43,7,19,0.368,0,3,0.0,5,7,0.714,0,3,3,6,3,0,5,1,19,-30,0,2003-04,Regular Season,2544,LeBron James
22003,2544,0020300531,2004-01-12,CLE @ LAL,L,37,6,20,0.3,0,3,0.0,4,5,0.8,1,4,5,7,1,1,6,3,16,3,0,2003-04,Regular Season,2544,LeBron James
22003,2544,0020300541,2004-01-13,CLE @ SEA,W,44,11,26,0.423,0,1,0.0,5,6,0.833,4,5,9,9,2,0,4,2,27,11,0,2003-04,Regular Season,2544,LeBron James
22003,2544,0020300556,2004-01-15,CLE @ GSW,L,43,8,21,0.381,2,5,0.4,11,13,0.846,2,4,6,6,3,0,2,0,29,-14,0,2003-04,Regular Season,2544,LeBron James
22003,2544,0020300573,2004-01-17,CLE @ UTA,W,45,12,28,0.429,2,4,0.5,3,5,0.6,1,6,7,2,2,1,4,2,29,8,0,2003-04,Regular Season,2544,LeBron James
22003,2544,0020300635,2004-01-26,CLE vs. ORL,W,30,7,19,0.368,1,2,0.5,1,2,0.5,0,5,5,3,0,2,3,4,16,-10,0,2003-04,Regular Season,2544,LeBron James
22003,2544,0020300647,2004-01-28,CLE vs. MIA,W,44,10,25,0.4,0,1,0.0,7,10,0.7,0,5,5,4,2,1,1,1,27,2,0,2003-04,Regular Season,2544,LeBron James
22003,2544,0020300666,2004-01-30,CLE @ MIL,L,37,7,25,0.28,1,6,0.167,5,8,0.625,2,6,8,3,1,0,5,5,20,3,0,2003-04,Regular Season,2544,LeBron James
22003,2544,0020300680,2004-02-01,CLE @ WAS,W,43,14,27,0.519,1,2,0.5,9,11,0.818,3,3,6,4,0,2,6,4,38,0,0,2003-04,Regular Season,2544,LeBron James
22003,2544,0020300694,2004-02-03,CLE @ DET,W,38,5,19,0.263,0,1,0.0,2,2,1.0,1,3,4,6,2,0,1,2,12,-1,0,2003-04,Regular Season,2544,LeBron James
22003,2544,0020300703,2004-02-04,CLE vs. LAL,L,43,12,26,0.462,4,4,1.0,4,5,0.8,0,4,4,4,0,0,0,0,32,-2,0,2003-04,Regular Season,2544,LeBron James
22003,2544,0020300715,2004-02-06,CLE @ MIN,L,44,6,18,0.333,1,3,0.333,1,4,0.25,1,8,9,5,0,0,3,2,14,-16,0,2003-04,Regular Season,2544,LeBron James
22003,2544,0020300725,2004-02-07,CLE vs. WAS,L,34,6,16,0.375,0,0,0.0,2,2,1.0,0,0,0,6,4,1,3,2,14,-24,0,2003-04,Regular Season,2544,LeBron James
22003,2544,0020300737,2004-02-09,CLE vs. BOS,W,43,9,25,0.36,1,6,0.167,5,6,0.833,0,6,6,3,2,1,1,3,24,19,0,2003-04,Regular Season,2544,LeBron James
22003,2544,0020300752,2004-02-11,CLE vs. NJN,L,29,2,13,0.154,0,1,0.0,5,5,1.0,1,1,2,5,1,0,5,0,9,-12,0,2003-04,Regular Season,2544,LeBron James
22003,2544,0020300775,2004-02-18,CLE vs. DAL,L,34,6,12,0.5,0,0,0.0,4,4,1.0,2,2,4,9,0,1,5,2,16,-15,0,2003-04,Regular Season,2544,LeBron James
22003,2544,0020300789,2004-02-20,CLE vs. SAS,W,39,14,23,0.609,0,0,0.0,4,4,1.0,2,9,11,2,2,1,2,0,32,3,0,2003-04,Regular Season,2544,LeBron James
22003,2544,0020300802,2004-02-22,CLE @ NYK,W,44,7,20,0.35,0,0,0.0,8,12,0.667,1,4,5,3,1,0,1,2,22,11,0,2003-04,Regular Season,2544,LeBron James
22003,2544,0020300812,2004-02-23,CLE vs. NOH,W,36,7,16,0.438,1,5,0.2,6,6,1.0,0,4,4,6,2,5,1,3,21,4,0,2003-04,Regular Season,2544,LeBron James
22003,2544,0020300830,2004-02-25,CLE @ HOU,L,39,5,18,0.278,0,2,0.0,1,3,0.333,2,5,7,5,2,1,2,1,11,-5,0,2003-04,Regular Season,2544,LeBron James
22003,2544,0020300838,2004-02-27,CLE @ ORL,W,49,11,19,0.579,1,1,1.0,7,8,0.875,1,10,11,3,3,1,5,1,30,7,0,2003-04,Regular Season,2544,LeBron James
22003,2544,0020300865,2004-03-01,CLE @ CHI,L,41,7,17,0.412,0,2,0.0,4,6,0.667,0,3,3,3,4,1,3,2,18,-4,0,2003-04,Regular Season,2544,LeBron James
22003,2544,0020300876,2004-03-03,CLE vs. ATL,W,28,9,17,0.529,1,2,0.5,5,6,0.833,1,6,7,3,1,1,1,0,24,22,0,2003-04,Regular Season,2544,LeBron James
22003,2544,0020300890,2004-03-05,CLE @ NOH,W,37,7,17,0.412,2,2,1.0,3,4,0.75,2,4,6,4,2,0,4,5,19,1,0,2003-04,Regular Season,2544,LeBron James
22003,2544,0020300899,2004-03-06,CLE vs. MIL,W,43,11,24,0.458,0,3,0.0,2,3,0.667,2,5,7,10,4,1,2,3,24,9,0,2003-04,Regular Season,2544,LeBron James
22003,2544,0020300914,2004-03-08,CLE @ ATL,W,45,11,23,0.478,1,4,0.25,11,13,0.846,2,4,6,7,1,0,2,1,34,11,0,2003-04,Regular Season,2544,LeBron James
22003,2544,0020300928,2004-03-10,CLE @ TOR,W,34,4,13,0.308,0,0,0.0,6,7,0.857,1,2,3,4,1,0,2,2,14,16,0,2003-04,Regular Season,2544,LeBron James
22003,2544,0020300957,2004-03-14,CLE vs. IND,W,44,12,22,0.545,0,2,0.0,2,4,0.5,0,3,3,4,3,1,4,3,26,5,0,2003-04,Regular Season,2544,LeBron James
22003,2544,0020300967,2004-03-16,CLE vs. CHI,W,32,5,16,0.313,2,3,0.667,5,8,0.625,3,2,5,8,0,5,4,1,17,24,0,2003-04,Regular Season,2544,LeBron James
22003,2544,0020300989,2004-03-19,CLE vs. UTA,L,33,4,14,0.286,0,2,0.0,6,10,0.6,0,0,0,7,2,1,2,3,14,-2,0,2003-04,Regular Season,2544,LeBron James
22003,2544,0020301008,2004-03-21,CLE vs. DET,L,36,5,17,0.294,1,4,0.25,4,5,0.8,2,5,7,3,0,2,4,4,15,-21,0,2003-04,Regular Season,2544,LeBron James
22003,2544,0020301018,2004-03-23,CLE vs. PHX,L,42,8,21,0.381,2,5,0.4,7,9,0.778,1,1,2,6,3,1,5,0,25,-12,0,2003-04,Regular Season,2544,LeBron James
22003,2544,0020301038,2004-03-26,CLE @ PHI,L,33,5,13,0.385,1,2,0.5,5,9,0.556,2,1,3,7,0,1,5,1,16,-24,0,2003-04,Regular Season,2544,LeBron James
22003,2544,0020301050,2004-03-27,CLE vs. NJN,W,43,15,29,0.517,1,2,0.5,10,10,1.0,2,4,6,13,3,0,2,1,41,10,0,2003-04,Regular Season,2544,LeBron James
22003,2544,0020301069,2004-03-29,CLE @ SAS,L,32,9,20,0.45,0,1,0.0,0,0,0.0,0,2,2,4,0,1,2,0,18,-14,0,2003-04,Regular Season,2544,LeBron James
22003,2544,0020301073,2004-03-30,CLE @ DAL,L,42,13,22,0.591,0,2,0.0,2,4,0.5,1,4,5,6,4,0,3,2,28,-10,0,2003-04,Regular Season,2544,LeBron James
22003,2544,0020301097,2004-04-02,CLE @ MIL,L,36,9,19,0.474,0,0,0.0,2,2,1.0,0,7,7,7,5,0,5,3,20,-13,0,2003-04,Regular Season,2544,LeBron James
22003,2544,0020301102,2004-04-03,CLE vs. GSW,L,46,12,28,0.429,3,5,0.6,7,11,0.636,3,5,8,10,1,1,3,1,34,-3,0,2003-04,Regular Season,2544,LeBron James
22003,2544,0020301115,2004-04-06,CLE vs. TOR,L,46,5,17,0.294,0,0,0.0,11,14,0.786,1,5,6,4,3,0,3,2,21,2,0,2003-04,Regular Season,2544,LeBron James
22003,2544,0020301128,2004-04-07,CLE @ MEM,L,36,4,11,0.364,0,0,0.0,6,7,0.857,0,3,3,5,3,0,2,4,14,-11,0,2003-04,Regular Season,2544,LeBron James
22003,2544,0020301137,2004-04-09,CLE @ MIA,L,42,6,14,0.429,1,1,1.0,11,15,0.733,1,6,7,8,1,0,8,2,24,-16,0,2003-04,Regular Season,2544,LeBron James
22003,2544,0020301151,2004-04-10,CLE vs. MIA,W,32,4,11,0.364,0,2,0.0,2,5,0.4,1,2,3,11,0,0,2,3,10,14,0,2003-04,Regular Season,2544,LeBron James
22003,2544,0020301162,2004-04-12,CLE vs. MIL,W,45,9,20,0.45,1,4,0.25,8,11,0.727,1,6,7,9,2,0,1,1,27,11,0,2003-04,Regular Season,2544,LeBron James
22003,2544,0020301179,2004-04-14,CLE @ NYK,W,35,8,17,0.471,0,3,0.0,1,1,1.0,0,1,1,5,3,0,5,1,17,-6,0,2003-04,Regular Season,2544,LeBron James
22003,977,0020300037,2003-11-01,LAL @ PHX,W,37,4,12,0.333,0,1,0.0,7,10,0.7,0,6,6,4,0,1,2,4,15,-3,0,2003-04,Regular Season,977,Kobe Bryant
22003,977,0020300040,2003-11-02,LAL vs. GSW,W,35,7,12,0.583,2,3,0.667,5,5,1.0,1,3,4,2,5,1,4,4,21,13,0,2003-04,Regular Season,977,Kobe Bryant
22003,977,0020300050,2003-11-04,LAL @ MIL,W,40,10,22,0.455,2,4,0.5,9,10,0.9,5,2,7,8,1,2,0,3,31,7,0,2003-04,Regular Season,977,Kobe Bryant
22003,977,0020300064,2003-11-06,LAL @ SAS,W,49,16,29,0.552,1,4,0.25,4,5,0.8,2,3,5,2,4,0,2,4,37,4,0,2003-04,Regular Season,977,Kobe Bryant
22003,977,0020300070,2003-11-07,LAL @ NOH,L,37,4,14,0.286,0,4,0.0,3,4,0.75,1,3,4,3,1,0,3,3,11,-24,0,2003-04,Regular Season,977,Kobe Bryant
22003,977,0020300091,2003-11-10,LAL @ MEM,L,33,5,15,0.333,0,2,0.0,9,10,0.9,1,3,4,5,2,0,6,4,19,-3,0,2003-04,Regular Season,977,Kobe Bryant
22003,977,0020300111,2003-11-12,LAL vs. TOR,W,37,5,11,0.455,1,1,1.0,8,10,0.8,1,2,3,4,1,0,3,4,19,1,0,2003-04,Regular Season,977,Kobe Bryant
22003,977,0020300124,2003-11-14,LAL vs. DET,W,37,6,11,0.545,0,0,0.0,4,4,1.0,0,3,3,1,3,2,1,5,16,12,0,2003-04,Regular Season,977,Kobe Bryant
22003,977,0020300138,2003-11-16,LAL vs. MIA,W,34,6,10,0.6,0,1,0.0,15,16,0.938,1,3,4,6,2,0,3,2,27,21,0,2003-04,Regular Season,977,Kobe Bryant
22003,977,0020300146,2003-11-18,LAL @ DET,L,41,4,14,0.286,0,2,0.0,11,11,1.0,1,1,2,3,0,0,0,3,19,-9,0,2003-04,Regular Season,977,Kobe Bryant
22003,977,0020300156,2003-11-19,LAL @ NYK,W,34,7,13,0.538,0,0,0.0,7,9,0.778,1,1,2,4,1,0,1,5,21,17,0,2003-04,Regular Season,977,Kobe Bryant
22003,977,0020300172,2003-11-21,LAL vs. CHI,W,37,10,19,0.526,0,1,0.0,8,11,0.727,1,4,5,4,3,1,3,4,28,16,0,2003-04,Regular Season,977,Kobe Bryant
22003,977,0020300187,2003-11-23,LAL vs. MEM,W,32,8,16,0.5,1,2,0.5,11,12,0.917,1,2,3,3,4,0,1,2,28,20,0,2003-04,Regular Season,977,Kobe Bryant
22003,977,0020300208,2003-11-26,LAL vs. WAS,W,25,7,13,0.538,1,3,0.333,7,7,1.0,0,4,4,4,2,0,3,3,22,15,0,2003-04,Regular Season,977,Kobe Bryant
22003,977,0020300222,2003-11-28,LAL vs. SAS,W,31,6,13,0.462,1,2,0.5,4,6,0.667,0,2,2,2,1,0,0,0,17,24,0,2003-04,Regular Season,977,Kobe Bryant
22003,977,0020300234,2003-11-30,LAL vs. IND,W,36,4,10,0.4,1,2,0.5,3,4,0.75,1,1,2,7,1,0,2,3,12,24,0,2003-04,Regular Season,977,Kobe Bryant
22003,977,0020300251,2003-12-03,LAL @ SAS,W,46,6,20,0.3,1,4,0.25,8,9,0.889,1,5,6,3,2,0,4,4,21,8,0,2003-04,Regular Season,977,Kobe Bryant
22003,977,0020300258,2003-12-04,LAL @ DAL,W,38,9,23,0.391,2,5,0.4,12,12,1.0,4,2,6,3,1,0,3,3,32,10,0,2003-04,Regular Season,977,Kobe Bryant
22003,977,0020300284,2003-12-07,LAL vs. UTA,W,40,4,17,0.235,2,4,0.5,9,10,0.9,2,4,6,3,1,0,2,4,19,3,0,2003-04,Regular Season,977,Kobe Bryant
22003,977,0020300298,2003-12-09,LAL vs. NYK,W,41,7,16,0.438,0,0,0.0,7,8,0.875,3,3,6,9,1,0,3,1,21,10,0,2003-04,Regular Season,977,Kobe Bryant
22003,977,0020300318,2003-12-12,LAL vs. DAL,L,41,4,18,0.222,0,3,0.0,7,7,1.0,1,6,7,6,1,1,1,5,15,-19,0,2003-04,Regular Season,977,Kobe Bryant
22003,977,0020300326,2003-12-13,LAL @ POR,L,42,10,18,0.556,1,3,0.333,14,15,0.933,3,2,5,6,0,1,2,2,35,0,0,2003-04,Regular Season,977,Kobe Bryant
22003,977,0020300369,2003-12-19,LAL vs. DEN,W,31,5,14,0.357,0,2,0.0,3,4,0.75,1,2,3,5,0,0,4,1,13,-4,0,2003-04,Regular Season,977,Kobe Bryant
22003,977,0020300385,2003-12-21,LAL vs. PHX,W,39,4,12,0.333,0,2,0.0,2,3,0.667,3,3,6,4,0,0,4,0,10,5,0,2003-04,Regular Season,977,Kobe Bryant
22003,977,0020300400,2003-12-23,LAL @ GSW,L,38,8,16,0.5,3,5,0.6,4,5,0.8,1,4,5,2,1,1,4,5,23,-7,0,2003-04,Regular Season,977,Kobe Bryant
22003,977,0020300403,2003-12-25,LAL vs. HOU,L,43,9,26,0.346,1,2,0.5,4,6,0.667,3,5,8,6,2,0,3,4,23,-7,0,2003-04,Regular Season,977,Kobe Bryant
22003,977,0020300429,2003-12-28,LAL vs. BOS,W,36,5,18,0.278,1,6,0.167,0,0,0.0,2,3,5,6,2,0,6,2,11,15,0,2003-04,Regular Season,977,Kobe Bryant
22003,977,0020300462,2004-01-02,LAL @ SEA,L,36,11,25,0.44,3,4,0.75,7,8,0.875,2,4,6,6,4,0,3,4,32,4,0,2003-04,Regular Season,977,Kobe Bryant
22003,977,0020300476,2004-01-04,LAL @ LAC,L,40,14,27,0.519,4,7,0.571,12,15,0.8,4,6,10,3,4,0,2,2,44,-7,0,2003-04,Regular Season,977,Kobe Bryant
22003,977,0020300488,2004-01-06,LAL @ MIN,L,38,8,17,0.471,0,1,0.0,4,6,0.667,2,8,10,4,0,0,1,4,20,-17,0,2003-04,Regular Season,977,Kobe Bryant
22003,977,0020300500,2004-01-07,LAL @ DEN,L,38,8,23,0.348,1,4,0.25,10,11,0.909,1,2,3,6,6,0,5,3,27,-15,0,2003-04,Regular Season,977,Kobe Bryant
22003,977,0020300515,2004-01-09,LAL vs. ATL,W,31,9,19,0.474,2,5,0.4,6,6,1.0,0,5,5,6,3,0,1,2,26,33,0,2003-04,Regular Season,977,Kobe Bryant
22003,977,0020300531,2004-01-12,LAL vs. CLE,W,17,3,8,0.375,0,0,0.0,4,5,0.8,1,4,5,2,1,0,0,1,10,2,0,2003-04,Regular Season,977,Kobe Bryant
22003,977,0020300625,2004-01-24,LAL @ UTA,W,38,6,15,0.4,1,4,0.25,8,13,0.615,2,2,4,6,0,0,0,0,21,15,0,2003-04,Regular Season,977,Kobe Bryant
22003,977,0020300655,2004-01-28,LAL vs. SEA,W,29,6,15,0.4,0,3,0.0,2,3,0.667,0,2,2,3,0,0,3,0,14,2,0,2003-04,Regular Season,977,Kobe Bryant
22003,977,0020300756,2004-02-11,LAL @ HOU,L,36,4,7,0.571,4,5,0.8,2,2,1.0,0,1,1,3,0,0,1,3,14,-7,0,2003-04,Regular Season,977,Kobe Bryant
22003,977,0020300772,2004-02-17,LAL vs. POR,W,42,13,23,0.565,0,1,0.0,5,9,0.556,4,4,8,10,2,0,4,1,31,11,0,2003-04,Regular Season,977,Kobe Bryant
22003,977,0020300780,2004-02-18,LAL @ GSW,W,44,11,16,0.688,0,1,0.0,13,15,0.867,2,4,6,8,2,1,5,1,35,-1,0,2003-04,Regular Season,977,Kobe Bryant
22003,977,0020300793,2004-02-20,LAL vs. PHI,W,30,10,18,0.556,1,2,0.5,7,8,0.875,4,1,5,7,3,2,2,4,28,15,0,2003-04,Regular Season,977,Kobe Bryant
22003,977,0020300808,2004-02-22,LAL @ PHX,W,42,15,25,0.6,2,5,0.4,8,8,1.0,4,3,7,5,3,0,2,0,40,9,0,2003-04,Regular Season,977,Kobe Bryant
22003,977,0020300831,2004-02-25,LAL @ DEN,W,41,14,26,0.538,2,4,0.5,5,5,1.0,2,5,7,10,3,0,3,2,35,5,0,2003-04,Regular Season,977,Kobe Bryant
22003,977,0020300836,2004-02-26,LAL vs. SAC,L,41,12,28,0.429,2,6,0.333,9,10,0.9,3,8,11,6,1,0,4,2,35,-6,0,2003-04,Regular Season,977,Kobe Bryant
22003,977,0020300848,2004-02-28,LAL @ WAS,W,38,8,16,0.5,2,4,0.5,7,8,0.875,3,11,14,10,2,0,2,3,25,11,0,2003-04,Regular Season,977,Kobe Bryant
22003,977,0020300858,2004-02-29,LAL @ NJN,W,33,4,12,0.333,2,6,0.333,1,2,0.5,1,5,6,10,1,0,4,3,11,19,0,2003-04,Regular Season,977,Kobe Bryant
22003,977,0020300881,2004-03-03,LAL @ HOU,W,46,7,19,0.368,0,5,0.0,4,4,1.0,0,8,8,13,0,0,4,2,18,9,0,2003-04,Regular Season,977,Kobe Bryant
22003,977,0020300894,2004-03-05,LAL vs. SEA,W,1,0,0,0.0,0,0,0.0,0,0,0.0,0,0,0,0,0,0,0,1,0,3,0,2003-04,Regular Season,977,Kobe Bryant
22003,977,0020300926,2004-03-10,LAL @ BOS,W,40,4,16,0.25,0,2,0.0,10,14,0.714,3,2,5,10,3,0,3,2,18,13,0,2003-04,Regular Season,977,Kobe Bryant
22003,977,0020300943,2004-03-12,LAL @ MIN,L,38,6,20,0.3,1,3,0.333,3,3,1.0,2,9,11,5,0,0,2,2,16,0,0,2003-04,Regular Season,977,Kobe Bryant
22003,977,0020300952,2004-03-13,LAL @ CHI,W,38,12,25,0.48,1,4,0.25,10,11,0.909,2,6,8,3,2,1,5,2,35,4,0,2003-04,Regular Season,977,Kobe Bryant
22003,977,0020300966,2004-03-15,LAL vs. ORL,W,44,13,26,0.5,2,5,0.4,10,13,0.769,1,2,3,4,1,1,1,5,38,3,0,2003-04,Regular Season,977,Kobe Bryant
22003,977,0020300981,2004-03-17,LAL @ LAC,W,40,11,17,0.647,1,3,0.333,4,4,1.0,1,8,9,6,1,1,3,2,27,4,0,2003-04,Regular Season,977,Kobe Bryant
22003,977,0020300995,2004-03-19,LAL vs. LAC,W,39,10,20,0.5,0,2,0.0,7,8,0.875,2,5,7,3,5,0,3,4,27,1,0,2003-04,Regular Season,977,Kobe Bryant
22003,977,0020301012,2004-03-21,LAL vs. MIL,W,39,7,17,0.412,0,1,0.0,8,8,1.0,3,2,5,4,1,1,5,2,22,4,0,2003-04,Regular Season,977,Kobe Bryant
22003,977,0020301033,2004-03-24,LAL vs. SAC,W,37,11,23,0.478,2,5,0.4,12,12,1.0,2,4,6,6,1,0,0,3,36,25,0,2003-04,Regular Season,977,Kobe Bryant
22003,977,0020301046,2004-03-26,LAL vs. MIN,W,37,13,21,0.619,2,4,0.5,7,7,1.0,2,7,9,5,2,2,4,2,35,17,0,2003-04,Regular Season,977,Kobe Bryant
22003,977,0020301063,2004-03-28,LAL vs. UTA,W,40,8,23,0.348,1,3,0.333,17,21,0.81,1,5,6,4,1,1,1,5,34,12,0,2003-04,Regular Season,977,Kobe Bryant
22003,977,0020301075,2004-03-30,LAL vs. NOH,W,34,7,17,0.412,3,7,0.429,6,6,1.0,1,2,3,6,1,0,4,3,23,12,0,2003-04,Regular Season,977,Kobe Bryant
22003,977,0020301088,2004-04-01,LAL vs. HOU,W,45,8,19,0.421,1,2,0.5,9,12,0.75,2,5,7,4,5,1,6,2,26,6,0,2003-04,Regular Season,977,Kobe Bryant
22003,977,0020301100,2004-04-02,LAL @ SEA,W,40,9,18,0.5,3,5,0.6,4,6,0.667,0,1,1,2,2,0,3,4,25,-5,0,2003-04,Regular Season,977,Kobe Bryant
22003,977,0020301110,2004-04-04,LAL vs. SAS,L,44,9,26,0.346,2,7,0.286,8,10,0.8,1,5,6,3,0,2,3,2,28,0,0,2003-04,Regular Season,977,Kobe Bryant
22003,977,0020301121,2004-04-06,LAL vs. POR,L,43,5,23,0.217,0,6,0.0,2,2,1.0,2,4,6,8,1,1,3,2,12,-14,0,2003-04,Regular Season,977,Kobe Bryant
22003,977,0020301145,2004-04-09,LAL vs. MEM,W,45,9,23,0.391,1,4,0.25,14,15,0.933,1,5,6,7,4,1,3,2,33,12,0,2003-04,Regular Season,977,Kobe Bryant
22003,977,0020301157,2004-04-11,LAL @ SAC,L,42,3,13,0.231,0,3,0.0,2,3,0.667,1,4,5,4,2,0,3,4,8,-26,0,2003-04,Regular Season,977,Kobe Bryant
22003,977,0020301175,2004-04-13,LAL vs. GSW,W,43,14,29,0.483,0,6,0.0,17,18,0.944,0,7,7,8,2,2,1,2,45,9,0,2003-04,Regular Season,977,Kobe Bryant
22003,977,0020301187,2004-04-14,LAL @ POR,W,53,14,31,0.452,4,10,0.4,5,9,0.556,0,8,8,5,1,1,2,4,37,-1,0,2003-04,Regular Season,977,Kobe Bryant
42003,977,0040300151,2004-04-17,LAL vs. HOU,W,43,4,19,0.211,1,4,0.25,7,8,0.875,1,4,5,6,5,0,0,2,16,2,0,2003-04,Playoffs,977,Kobe Bryant
42003,977,0040300152,2004-04-19,LAL vs. HOU,W,45,9,20,0.45,2,6,0.333,16,17,0.941,0,4,4,4,1,0,1,3,36,17,0,2003-04,Playoffs,977,Kobe Bryant
42003,977,0040300153,2004-04-23,LAL @ HOU,L,43,7,20,0.35,0,3,0.0,7,8,0.875,3,4,7,6,3,1,1,4,21,-12,0,2003-04,Playoffs,977,Kobe Bryant
42003,977,0040300154,2004-04-25,LAL @ HOU,W,50,7,21,0.333,0,2,0.0,4,5,0.8,2,4,6,5,2,0,3,4,18,-1,0,2003-04,Playoffs,977,Kobe Bryant
42003,977,0040300155,2004-04-28,LAL vs. HOU,W,41,12,21,0.571,1,4,0.25,6,6,1.0,1,5,6,10,3,0,1,3,31,23,0,2003-04,Playoffs,977,Kobe Bryant
42003,977,0040300231,2004-05-02,LAL @ SAS,L,45,10,26,0.385,2,6,0.333,9,10,0.9,2,8,10,4,2,0,4,1,31,-7,0,2003-04,Playoffs,977,Kobe Bryant
42003,977,0040300232,2004-05-05,LAL @ SAS,L,42,7,17,0.412,0,1,0.0,1,2,0.5,2,3,5,8,1,0,2,4,15,-7,0,2003-04,Playoffs,977,Kobe Bryant
42003,977,0040300233,2004-05-09,LAL vs. SAS,W,42,7,13,0.538,4,7,0.571,4,8,0.5,0,6,6,6,2,0,5,3,22,31,0,2003-04,Playoffs,977,Kobe Bryant
42003,977,0040300234,2004-05-11,LAL vs. SAS,W,45,15,27,0.556,2,4,0.5,10,13,0.769,0,6,6,5,3,1,0,2,42,10,0,2003-04,Playoffs,977,Kobe Bryant
42003,977,0040300235,2004-05-13,LAL @ SAS,W,47,11,27,0.407,0,4,0.0,0,0,0.0,0,4,4,5,1,0,5,1,22,0,0,2003-04,Playoffs,977,Kobe Bryant
42003,977,0040300236,2004-05-15,LAL vs. SAS,W,44,10,20,0.5,0,3,0.0,6,8,0.75,0,7,7,7,1,0,4,2,26,11,0,2003-04,Playoffs,977,Kobe Bryant
42003,977,0040300311,2004-05-21,LAL @ MIN,W,45,9,20,0.45,0,1,0.0,5,8,0.625,0,3,3,6,3,0,3,2,23,8,0,2003-04,Playoffs,977,Kobe Bryant
42003,977,0040300312,2004-05-23,LAL @ MIN,L,41,10,24,0.417,0,4,0.0,7,10,0.7,2,3,5,6,2,0,2,1,27,-16,0,2003-04,Playoffs,977,Kobe Bryant
42003,977,0040300313,2004-05-25,LAL vs. MIN,W,45,5,12,0.417,2,6,0.333,10,11,0.909,0,2,2,6,0,0,4,3,22,11,0,2003-04,Playoffs,977,Kobe Bryant
42003,977,0040300314,2004-05-27,LAL vs. MIN,W,41,10,24,0.417,2,8,0.25,9,10,0.9,2,6,8,4,1,1,4,3,31,4,0,2003-04,Playoffs,977,Kobe Bryant
42003,977,0040300315,2004-05-29,LAL @ MIN,L,44,8,19,0.421,3,8,0.375,4,6,0.667,1,5,6,7,1,0,4,3,23,-1,0,2003-04,Playoffs,977,Kobe Bryant
42003,977,0040300316,2004-05-31,LAL vs. MIN,W,39,6,17,0.353,1,3,0.333,7,11,0.636,0,0,0,4,2,1,0,3,20,10,0,2003-04,Playoffs,977,Kobe Bryant
42003,977,0040300401,2004-06-06,LAL vs. DET,L,47,10,27,0.37,1,6,0.167,4,4,1.0,1,3,4,4,4,2,3,2,25,-12,0,2003-04,Playoffs,977,Kobe Bryant
42003,977,0040300402,2004-06-08,LAL vs. DET,W,49,14,27,0.519,1,5,0.2,4,5,0.8,0,4,4,7,2,0,5,5,33,7,0,2003-04,Playoffs,977,Kobe Bryant
42003,977,0040300403,2004-06-10,LAL @ DET,L,45,4,13,0.308,0,4,0.0,3,3,1.0,0,3,3,5,1,1,4,3,11,-20,0,2003-04,Playoffs,977,Kobe Bryant
42003,977,0040300404,2004-06-13,LAL @ DET,L,45,8,25,0.32,2,6,0.333,2,2,1.0,0,0,0,2,1,0,3,3,20,-8,0,2003-04,Playoffs,977,Kobe Bryant
42003,977,0040300405,2004-06-15,LAL @ DET,L,45,7,21,0.333,0,2,0.0,10,11,0.909,1,2,3,4,1,0,3,2,24,-19,0,2003-04,Playoffs,977,Kobe Bryant
22003,1495,0020300002,2003-10-28,SAS vs. PHX,W,40,8,13,0.615,0,0,0.0,8,9,0.889,4,8,12,4,1,6,3,3,24,-4,0,2003-04,Regular Season,1495,Tim Duncan
22003,1495,0020300011,2003-10-29,SAS @ DEN,L,34,7,22,0.318,0,0,0.0,3,4,0.75,5,16,21,1,2,8,5,4,17,-19,0,2003-04,Regular Season,1495,Tim Duncan
22003,1495,0020300035,2003-11-01,SAS vs. NYK,W,40,5,9,0.556,0,0,0.0,5,10,0.5,4,11,15,1,0,0,5,3,15,15,0,2003-04,Regular Season,1495,Tim Duncan
22003,1495,0020300043,2003-11-03,SAS @ MEM,L,7,5,6,0.833,0,0,0.0,0,0,0.0,0,3,3,1,0,0,0,0,10,10,0,2003-04,Regular Season,1495,Tim Duncan
22003,1495,0020300093,2003-11-10,SAS vs. UTA,W,33,7,14,0.5,0,0,0.0,2,7,0.286,2,8,10,5,1,4,2,2,16,16,0,2003-04,Regular Season,1495,Tim Duncan
22003,1495,0020300104,2003-11-12,SAS @ NJN,W,39,12,19,0.632,0,0,0.0,7,8,0.875,3,9,12,1,1,3,4,1,31,16,0,2003-04,Regular Season,1495,Tim Duncan
22003,1495,0020300119,2003-11-14,SAS @ PHI,L,41,14,27,0.519,0,1,0.0,7,11,0.636,6,9,15,5,0,2,4,5,35,-3,0,2003-04,Regular Season,1495,Tim Duncan
22003,1495,0020300127,2003-11-15,SAS @ WAS,W,30,5,10,0.5,1,1,1.0,6,8,0.75,1,12,13,2,0,3,7,2,17,13,0,2003-04,Regular Season,1495,Tim Duncan
22003,1495,0020300149,2003-11-18,SAS vs. GSW,W,35,10,19,0.526,0,0,0.0,1,3,0.333,5,5,10,3,1,3,1,2,21,0,0,2003-04,Regular Season,1495,Tim Duncan
22003,1495,0020300162,2003-11-20,SAS @ DAL,L,41,11,17,0.647,0,1,0.0,8,11,0.727,3,14,17,5,2,0,4,5,30,6,0,2003-04,Regular Season,1495,Tim Duncan
22003,1495,0020300168,2003-11-21,SAS vs. ATL,W,23,9,13,0.692,0,0,0.0,7,10,0.7,2,8,10,3,0,4,3,3,25,35,0,2003-04,Regular Season,1495,Tim Duncan
22003,1495,0020300205,2003-11-26,SAS vs. CHI,W,34,6,13,0.462,0,0,0.0,4,7,0.571,3,7,10,1,1,2,3,2,16,11,0,2003-04,Regular Season,1495,Tim Duncan
22003,1495,0020300222,2003-11-28,SAS @ LAL,L,26,3,10,0.3,0,0,0.0,5,8,0.625,5,6,11,2,2,0,1,4,11,-29,0,2003-04,Regular Season,1495,Tim Duncan
22003,1495,0020300232,2003-11-29,SAS @ GSW,L,39,10,20,0.5,0,0,0.0,7,13,0.538,3,12,15,2,0,3,5,4,27,5,0,2003-04,Regular Season,1495,Tim Duncan
22003,1495,0020300251,2003-12-03,SAS vs. LAL,L,45,11,20,0.55,0,1,0.0,8,11,0.727,3,12,15,3,0,1,3,2,30,-4,0,2003-04,Regular Season,1495,Tim Duncan
22003,1495,0020300263,2003-12-05,SAS @ ORL,W,40,19,34,0.559,0,2,0.0,9,13,0.692,3,9,12,2,0,1,2,3,47,7,0,2003-04,Regular Season,1495,Tim Duncan
22003,1495,0020300272,2003-12-06,SAS @ MIA,W,40,8,18,0.444,1,1,1.0,4,7,0.571,5,14,19,2,0,5,0,2,21,15,0,2003-04,Regular Season,1495,Tim Duncan
22003,1495,0020300287,2003-12-08,SAS @ CHI,W,43,8,14,0.571,0,1,0.0,1,2,0.5,1,13,14,4,0,2,2,1,17,17,0,2003-04,Regular Season,1495,Tim Duncan
22003,1495,0020300303,2003-12-10,SAS vs. POR,W,31,6,14,0.429,0,0,0.0,6,6,1.0,2,12,14,3,0,2,1,3,18,18,0,2003-04,Regular Season,1495,Tim Duncan
22003,1495,0020300307,2003-12-11,SAS @ HOU,W,42,8,21,0.381,0,0,0.0,6,12,0.5,5,5,10,2,2,4,4,3,22,4,0,2003-04,Regular Season,1495,Tim Duncan
22003,1495,0020300325,2003-12-13,SAS vs. HOU,W,31,2,10,0.2,0,0,0.0,4,4,1.0,3,9,12,6,0,1,2,3,8,22,0,2003-04,Regular Season,1495,Tim Duncan
22003,1495,0020300336,2003-12-15,SAS vs. MEM,W,34,8,15,0.533,0,0,0.0,5,10,0.5,6,7,13,0,3,1,6,6,21,4,0,2003-04,Regular Season,1495,Tim Duncan
22003,1495,0020300354,2003-12-17,SAS vs. TOR,W,43,12,22,0.545,0,1,0.0,6,14,0.429,4,9,13,5,0,4,3,1,30,5,0,2003-04,Regular Season,1495,Tim Duncan
22003,1495,0020300370,2003-12-19,SAS @ SEA,W,40,11,18,0.611,0,0,0.0,5,7,0.714,5,15,20,2,2,4,2,1,27,18,0,2003-04,Regular Season,1495,Tim Duncan
22003,1495,0020300379,2003-12-20,SAS @ POR,W,40,10,23,0.435,0,0,0.0,6,9,0.667,1,9,10,3,0,3,1,2,26,11,0,2003-04,Regular Season,1495,Tim Duncan
22003,1495,0020300396,2003-12-23,SAS vs. LAC,W,40,9,16,0.563,0,0,0.0,4,6,0.667,1,9,10,2,0,3,3,3,22,16,0,2003-04,Regular Season,1495,Tim Duncan
22003,1495,0020300410,2003-12-26,SAS vs. ORL,W,41,10,16,0.625,0,0,0.0,7,11,0.636,3,13,16,4,3,5,2,1,27,15,0,2003-04,Regular Season,1495,Tim Duncan
22003,1495,0020300425,2003-12-28,SAS vs. MIL,W,38,3,15,0.2,0,0,0.0,6,16,0.375,5,10,15,3,1,4,4,2,12,-6,0,2003-04,Regular Season,1495,Tim Duncan
22003,1495,0020300463,2004-01-03,SAS vs. PHI,L,40,4,12,0.333,0,0,0.0,3,13,0.231,1,11,12,1,2,2,3,1,11,-1,0,2003-04,Regular Season,1495,Tim Duncan
22003,1495,0020300482,2004-01-05,SAS @ DEN,W,32,10,15,0.667,0,0,0.0,10,14,0.714,1,11,12,7,2,3,3,3,30,20,0,2003-04,Regular Season,1495,Tim Duncan
22003,1495,0020300489,2004-01-06,SAS vs. WAS,W,37,8,17,0.471,0,0,0.0,0,0,0.0,1,10,11,6,2,3,2,3,16,26,0,2003-04,Regular Season,1495,Tim Duncan
22003,1495,0020300509,2004-01-09,SAS @ NOH,W,40,6,11,0.545,0,0,0.0,3,8,0.375,1,6,7,6,1,2,5,4,15,12,0,2003-04,Regular Season,1495,Tim Duncan
22003,1495,0020300521,2004-01-10,SAS vs. IND,W,47,9,23,0.391,0,0,0.0,12,17,0.706,2,13,15,2,1,2,4,3,30,0,0,2003-04,Regular Season,1495,Tim Duncan
22003,1495,0020300534,2004-01-13,SAS @ ATL,L,40,11,22,0.5,0,0,0.0,6,8,0.75,4,5,9,0,1,3,5,3,28,-5,0,2003-04,Regular Season,1495,Tim Duncan
22003,1495,0020300548,2004-01-14,SAS vs. MIN,L,45,14,26,0.538,0,1,0.0,8,15,0.533,11,9,20,7,1,1,1,1,36,-10,0,2003-04,Regular Season,1495,Tim Duncan
22003,1495,0020300558,2004-01-16,SAS @ IND,L,43,4,18,0.222,0,0,0.0,8,12,0.667,3,6,9,7,2,6,2,1,16,-11,0,2003-04,Regular Season,1495,Tim Duncan
22003,1495,0020300576,2004-01-18,SAS @ BOS,W,36,6,15,0.4,0,0,0.0,3,6,0.5,2,5,7,2,1,2,1,0,15,24,0,2003-04,Regular Season,1495,Tim Duncan
22003,1495,0020300584,2004-01-19,SAS @ DET,L,40,7,13,0.538,0,0,0.0,3,6,0.5,2,8,10,6,1,1,6,3,17,0,0,2003-04,Regular Season,1495,Tim Duncan
22003,1495,0020300601,2004-01-21,SAS vs. NJN,W,38,9,21,0.429,0,0,0.0,3,7,0.429,5,12,17,5,1,1,2,3,21,13,0,2003-04,Regular Season,1495,Tim Duncan
22003,1495,0020300618,2004-01-23,SAS @ PHX,W,40,11,24,0.458,0,0,0.0,3,5,0.6,6,6,12,5,0,3,3,1,25,-4,0,2003-04,Regular Season,1495,Tim Duncan
22003,1495,0020300624,2004-01-24,SAS vs. NOH,L,38,8,15,0.533,0,0,0.0,1,4,0.25,4,9,13,4,1,1,3,3,17,1,0,2003-04,Regular Season,1495,Tim Duncan
22003,1495,0020300637,2004-01-26,SAS @ MIL,L,42,10,21,0.476,0,0,0.0,2,9,0.222,1,7,8,5,0,2,1,2,22,-11,0,2003-04,Regular Season,1495,Tim Duncan
22003,1495,0020300641,2004-01-27,SAS @ NYK,W,43,12,24,0.5,0,0,0.0,6,9,0.667,5,14,19,1,1,1,6,2,30,7,0,2003-04,Regular Season,1495,Tim Duncan
22003,1495,0020300659,2004-01-29,SAS vs. SAC,L,45,17,27,0.63,0,0,0.0,1,3,0.333,6,12,18,3,1,3,3,3,35,-7,0,2003-04,Regular Season,1495,Tim Duncan
22003,1495,0020300677,2004-01-31,SAS vs. UTA,W,43,11,18,0.611,0,0,0.0,11,17,0.647,6,8,14,3,0,3,3,3,33,5,0,2003-04,Regular Season,1495,Tim Duncan
22003,1495,0020300689,2004-02-02,SAS @ UTA,W,42,13,20,0.65,0,0,0.0,5,12,0.417,2,9,11,3,3,5,0,1,31,27,0,2003-04,Regular Season,1495,Tim Duncan
22003,1495,0020300709,2004-02-05,SAS @ SEA,W,42,10,19,0.526,0,0,0.0,3,5,0.6,3,11,14,2,3,2,3,2,23,14,0,2003-04,Regular Season,1495,Tim Duncan
22003,1495,0020300721,2004-02-06,SAS @ SAC,W,45,12,24,0.5,0,1,0.0,4,8,0.5,5,9,14,4,1,4,2,5,28,10,0,2003-04,Regular Season,1495,Tim Duncan
22003,1495,0020300740,2004-02-09,SAS @ HOU,W,44,10,23,0.435,0,0,0.0,8,11,0.727,3,7,10,3,2,4,4,4,28,12,0,2003-04,Regular Season,1495,Tim Duncan
22003,1495,0020300774,2004-02-18,SAS @ TOR,W,41,10,22,0.455,0,0,0.0,6,13,0.462,8,13,21,2,0,4,4,0,26,4,0,2003-04,Regular Season,1495,Tim Duncan
22003,1495,0020300789,2004-02-20,SAS @ CLE,L,44,9,28,0.321,0,0,0.0,3,4,0.75,4,8,12,2,0,3,2,1,21,3,0,2003-04,Regular Season,1495,Tim Duncan
22003,1495,0020300805,2004-02-22,SAS @ MIN,W,40,8,24,0.333,0,0,0.0,9,14,0.643,2,6,8,2,0,1,2,3,25,0,0,2003-04,Regular Season,1495,Tim Duncan
22003,1495,0020300821,2004-02-24,SAS vs. HOU,W,41,10,20,0.5,0,0,0.0,7,10,0.7,4,9,13,4,0,5,1,3,27,11,0,2003-04,Regular Season,1495,Tim Duncan
22003,1495,0020300835,2004-02-26,SAS @ DAL,L,25,8,15,0.533,0,0,0.0,6,7,0.857,3,14,17,0,0,1,2,0,22,-6,0,2003-04,Regular Season,1495,Tim Duncan
22003,1495,0020300933,2004-03-10,SAS vs. LAC,W,15,4,10,0.4,0,0,0.0,1,1,1.0,1,1,2,3,2,0,1,1,9,18,0,2003-04,Regular Season,1495,Tim Duncan
22003,1495,0020300985,2004-03-18,SAS vs. MIN,W,27,6,15,0.4,0,0,0.0,10,15,0.667,1,9,10,1,0,1,1,0,22,16,0,2003-04,Regular Season,1495,Tim Duncan
22003,1495,0020301001,2004-03-20,SAS vs. BOS,W,32,10,13,0.769,0,0,0.0,6,6,1.0,3,12,15,2,1,2,3,1,26,15,0,2003-04,Regular Season,1495,Tim Duncan
22003,1495,0020301020,2004-03-23,SAS @ MIN,L,37,12,23,0.522,0,1,0.0,2,6,0.333,3,5,8,5,1,3,4,3,26,0,0,2003-04,Regular Season,1495,Tim Duncan
22003,1495,0020301036,2004-03-25,SAS vs. DET,W,35,3,8,0.375,0,0,0.0,6,10,0.6,3,10,13,5,1,3,3,2,12,3,0,2003-04,Regular Season,1495,Tim Duncan
22003,1495,0020301052,2004-03-27,SAS vs. PHX,W,18,6,10,0.6,0,0,0.0,2,2,1.0,3,7,10,4,0,1,1,2,14,27,0,2003-04,Regular Season,1495,Tim Duncan
22003,1495,0020301069,2004-03-29,SAS vs. CLE,W,28,9,14,0.643,0,0,0.0,0,2,0.0,2,5,7,3,1,2,2,2,18,7,0,2003-04,Regular Season,1495,Tim Duncan
22003,1495,0020301084,2004-03-31,SAS vs. SAC,W,36,7,11,0.636,0,0,0.0,5,8,0.625,1,6,7,1,1,3,4,3,19,7,0,2003-04,Regular Season,1495,Tim Duncan
22003,1495,0020301099,2004-04-02,SAS @ UTA,W,33,5,10,0.5,0,0,0.0,8,12,0.667,4,6,10,1,1,2,0,1,18,6,0,2003-04,Regular Season,1495,Tim Duncan
22003,1495,0020301110,2004-04-04,SAS @ LAL,W,41,7,14,0.5,0,0,0.0,4,7,0.571,1,12,13,6,0,2,3,4,18,10,0,2003-04,Regular Season,1495,Tim Duncan
22003,1495,0020301129,2004-04-07,SAS vs. SEA,W,27,9,16,0.563,0,0,0.0,3,3,1.0,1,9,10,3,0,6,1,4,21,16,0,2003-04,Regular Season,1495,Tim Duncan
22003,1495,0020301140,2004-04-09,SAS vs. POR,W,37,8,12,0.667,0,0,0.0,5,9,0.556,5,9,14,3,2,3,2,1,21,14,0,2003-04,Regular Season,1495,Tim Duncan
22003,1495,0020301160,2004-04-11,SAS @ LAC,W,35,10,17,0.588,0,0,0.0,6,10,0.6,5,4,9,2,1,3,1,3,26,21,0,2003-04,Regular Season,1495,Tim Duncan
22003,1495,0020301170,2004-04-12,SAS @ POR,W,31,5,13,0.385,0,0,0.0,4,8,0.5,3,12,15,1,0,5,1,4,14,13,0,2003-04,Regular Season,1495,Tim Duncan
22003,1495,0020301184,2004-04-14,SAS vs. DEN,W,32,7,10,0.7,0,0,0.0,9,15,0.6,3,13,16,4,2,3,1,2,23,22,0,2003-04,Regular Season,1495,Tim Duncan
42003,1495,0040300161,2004-04-17,SAS vs. MEM,W,36,12,18,0.667,0,0,0.0,2,4,0.5,2,7,9,3,1,2,1,3,26,23,0,2003-04,Playoffs,1495,Tim Duncan
42003,1495,0040300162,2004-04-19,SAS vs. MEM,W,39,8,14,0.571,0,0,0.0,7,14,0.5,2,10,12,3,0,5,6,3,23,11,0,2003-04,Playoffs,1495,Tim Duncan
42003,1495,0040300163,2004-04-22,SAS @ MEM,W,41,10,18,0.556,0,0,0.0,2,6,0.333,5,8,13,3,1,1,5,3,22,-1,0,2003-04,Playoffs,1495,Tim Duncan
42003,1495,0040300164,2004-04-25,SAS @ MEM,W,38,10,18,0.556,0,0,0.0,6,6,1.0,1,5,6,3,0,2,2,4,26,10,0,2003-04,Playoffs,1495,Tim Duncan
42003,1495,0040300231,2004-05-02,SAS vs. LAL,W,39,13,18,0.722,0,0,0.0,4,11,0.364,3,8,11,3,3,2,7,4,30,7,0,2003-04,Playoffs,1495,Tim Duncan
42003,1495,0040300232,2004-05-05,SAS vs. LAL,W,42,7,13,0.538,0,0,0.0,10,14,0.714,1,6,7,3,0,1,4,4,24,6,0,2003-04,Playoffs,1495,Tim Duncan
42003,1495,0040300233,2004-05-09,SAS @ LAL,L,35,4,14,0.286,0,0,0.0,2,2,1.0,5,8,13,2,0,1,6,3,10,-16,0,2003-04,Playoffs,1495,Tim Duncan
42003,1495,0040300234,2004-05-11,SAS @ LAL,L,45,5,13,0.385,0,0,0.0,9,12,0.75,4,6,10,8,1,1,2,3,19,-5,0,2003-04,Playoffs,1495,Tim Duncan
42003,1495,0040300235,2004-05-13,SAS vs. LAL,L,46,7,15,0.467,0,0,0.0,7,10,0.7,6,15,21,2,0,4,7,3,21,3,0,2003-04,Playoffs,1495,Tim Duncan
42003,1495,0040300236,2004-05-15,SAS @ LAL,L,44,7,18,0.389,0,1,0.0,6,8,0.75,4,7,11,2,2,1,2,4,20,-15,0,2003-04,Playoffs,1495,Tim Duncan
22003,406,0020300003,2003-10-28,LAL vs. DAL,W,32,8,15,0.533,0,0,0.0,0,4,0.0,2,7,9,5,0,1,3,4,16,17,0,2003-04,Regular Season,406,Shaquille O'Neal
22003,406,0020300037,2003-11-01,LAL @ PHX,W,39,11,19,0.579,0,0,0.0,2,5,0.4,5,7,12,3,1,4,4,5,24,8,0,2003-04,Regular Season,406,Shaquille O'Neal
22003,406,0020300040,2003-11-02,LAL vs. GSW,W,40,8,19,0.421,0,0,0.0,1,3,0.333,4,10,14,2,0,3,4,1,17,17,0,2003-04,Regular Season,406,Shaquille O'Neal
22003,406,0020300050,2003-11-04,LAL @ MIL,W,39,9,15,0.6,0,0,0.0,5,13,0.385,4,10,14,1,0,3,1,3,23,22,0,2003-04,Regular Season,406,Shaquille O'Neal
22003,406,0020300064,2003-11-06,LAL @ SAS,W,50,12,23,0.522,0,0,0.0,11,16,0.688,9,11,20,6,0,4,4,3,35,13,0,2003-04,Regular Season,406,Shaquille O'Neal
22003,406,0020300070,2003-11-07,LAL @ NOH,L,30,8,11,0.727,0,0,0.0,5,8,0.625,0,6,6,0,0,0,1,3,21,-18,0,2003-04,Regular Season,406,Shaquille O'Neal
22003,406,0020300091,2003-11-10,LAL @ MEM,L,40,8,14,0.571,0,0,0.0,4,8,0.5,1,11,12,2,2,3,3,4,20,-1,0,2003-04,Regular Season,406,Shaquille O'Neal
22003,406,0020300111,2003-11-12,LAL vs. TOR,W,40,9,12,0.75,0,0,0.0,5,15,0.333,2,12,14,0,0,2,2,2,23,18,0,2003-04,Regular Season,406,Shaquille O'Neal
22003,406,0020300124,2003-11-14,LAL vs. DET,W,42,7,17,0.412,0,0,0.0,7,11,0.636,5,10,15,8,0,3,5,2,21,8,0,2003-04,Regular Season,406,Shaquille O'Neal
22003,406,0020300138,2003-11-16,LAL vs. MIA,W,24,6,8,0.75,0,0,0.0,2,8,0.25,1,5,6,1,1,1,4,5,14,16,0,2003-04,Regular Season,406,Shaquille O'Neal
22003,406,0020300146,2003-11-18,LAL @ DET,L,31,8,16,0.5,0,0,0.0,4,6,0.667,2,8,10,5,0,0,4,5,20,2,0,2003-04,Regular Season,406,Shaquille O'Neal
22003,406,0020300156,2003-11-19,LAL @ NYK,W,31,6,15,0.4,0,0,0.0,11,16,0.688,2,4,6,2,1,1,2,2,23,13,0,2003-04,Regular Season,406,Shaquille O'Neal
22003,406,0020300172,2003-11-21,LAL vs. CHI,W,25,7,11,0.636,0,0,0.0,1,2,0.5,3,4,7,2,0,3,0,1,15,3,0,2003-04,Regular Season,406,Shaquille O'Neal
22003,406,0020300222,2003-11-28,LAL vs. SAS,W,24,2,6,0.333,0,0,0.0,3,9,0.333,2,6,8,2,0,2,3,3,7,23,0,2003-04,Regular Season,406,Shaquille O'Neal
22003,406,0020300234,2003-11-30,LAL vs. IND,W,22,8,13,0.615,0,0,0.0,7,12,0.583,2,3,5,1,0,4,1,3,23,16,0,2003-04,Regular Season,406,Shaquille O'Neal
22003,406,0020300251,2003-12-03,LAL @ SAS,W,39,5,12,0.417,0,0,0.0,5,8,0.625,2,14,16,0,1,9,5,4,15,11,0,2003-04,Regular Season,406,Shaquille O'Neal
22003,406,0020300258,2003-12-04,LAL @ DAL,W,38,8,14,0.571,0,0,0.0,9,14,0.643,3,16,19,5,0,3,4,3,25,24,0,2003-04,Regular Season,406,Shaquille O'Neal
22003,406,0020300284,2003-12-07,LAL vs. UTA,W,41,7,13,0.538,0,0,0.0,5,9,0.556,2,13,15,8,1,2,3,4,19,6,0,2003-04,Regular Season,406,Shaquille O'Neal
22003,406,0020300298,2003-12-09,LAL vs. NYK,W,39,5,15,0.333,0,0,0.0,8,15,0.533,6,9,15,3,0,4,2,3,18,6,0,2003-04,Regular Season,406,Shaquille O'Neal
22003,406,0020300318,2003-12-12,LAL vs. DAL,L,34,7,7,1.0,0,0,0.0,11,24,0.458,7,7,14,1,0,2,5,5,25,-6,0,2003-04,Regular Season,406,Shaquille O'Neal
22003,406,0020300326,2003-12-13,LAL @ POR,L,41,10,16,0.625,0,0,0.0,2,3,0.667,2,8,10,4,0,0,1,3,22,-2,0,2003-04,Regular Season,406,Shaquille O'Neal
22003,406,0020300369,2003-12-19,LAL vs. DEN,W,36,8,11,0.727,0,0,0.0,10,17,0.588,2,9,11,6,0,4,2,3,26,12,0,2003-04,Regular Season,406,Shaquille O'Neal
22003,406,0020300385,2003-12-21,LAL vs. PHX,W,36,5,10,0.5,0,0,0.0,8,14,0.571,6,12,18,4,1,1,5,4,18,4,0,2003-04,Regular Season,406,Shaquille O'Neal
22003,406,0020300400,2003-12-23,LAL @ GSW,L,39,9,15,0.6,0,0,0.0,3,10,0.3,2,3,5,4,1,2,3,2,21,-3,0,2003-04,Regular Season,406,Shaquille O'Neal
22003,406,0020300403,2003-12-25,LAL vs. HOU,L,41,5,12,0.417,0,0,0.0,12,18,0.667,5,5,10,2,0,3,2,3,22,-15,0,2003-04,Regular Season,406,Shaquille O'Neal
22003,406,0020300429,2003-12-28,LAL vs. BOS,W,35,6,10,0.6,0,0,0.0,10,20,0.5,10,6,16,3,1,2,3,2,22,18,0,2003-04,Regular Season,406,Shaquille O'Neal
22003,406,0020300462,2004-01-02,LAL @ SEA,L,14,2,2,1.0,0,0,0.0,2,4,0.5,0,5,5,3,0,0,4,1,6,7,0,2003-04,Regular Season,406,Shaquille O'Neal
22003,406,0020300655,2004-01-28,LAL vs. SEA,W,18,1,4,0.25,0,0,0.0,5,9,0.556,1,4,5,0,0,1,0,1,7,-13,0,2003-04,Regular Season,406,Shaquille O'Neal
22003,406,0020300667,2004-01-30,LAL vs. MIN,L,37,8,14,0.571,0,0,0.0,6,11,0.545,3,6,9,3,0,1,2,2,22,-15,0,2003-04,Regular Season,406,Shaquille O'Neal
22003,406,0020300681,2004-02-01,LAL @ TOR,W,39,13,20,0.65,0,0,0.0,10,15,0.667,2,6,8,5,1,1,6,3,36,2,0,2003-04,Regular Season,406,Shaquille O'Neal
22003,406,0020300703,2004-02-04,LAL @ CLE,W,48,14,21,0.667,0,0,0.0,9,20,0.45,3,9,12,6,0,2,1,2,37,2,0,2003-04,Regular Season,406,Shaquille O'Neal
22003,406,0020300708,2004-02-05,LAL @ PHI,L,31,7,14,0.5,0,0,0.0,3,15,0.2,4,4,8,1,0,1,0,2,17,-19,0,2003-04,Regular Season,406,Shaquille O'Neal
22003,406,0020300729,2004-02-08,LAL @ ORL,W,35,8,11,0.727,0,0,0.0,4,10,0.4,4,6,10,5,0,1,3,1,20,-3,0,2003-04,Regular Season,406,Shaquille O'Neal
22003,406,0020300742,2004-02-10,LAL @ MIA,W,33,12,18,0.667,0,0,0.0,1,5,0.2,3,7,10,1,1,2,2,3,25,11,0,2003-04,Regular Season,406,Shaquille O'Neal
22003,406,0020300756,2004-02-11,LAL @ HOU,L,41,5,12,0.417,0,0,0.0,14,19,0.737,3,6,9,4,1,4,3,6,24,-11,0,2003-04,Regular Season,406,Shaquille O'Neal
22003,406,0020300772,2004-02-17,LAL vs. POR,W,40,9,13,0.692,0,0,0.0,3,7,0.429,3,8,11,1,0,1,4,3,21,-5,0,2003-04,Regular Season,406,Shaquille O'Neal
22003,406,0020300780,2004-02-18,LAL @ GSW,W,40,15,23,0.652,0,0,0.0,1,9,0.111,6,10,16,7,1,5,7,5,31,5,0,2003-04,Regular Season,406,Shaquille O'Neal
22003,406,0020300793,2004-02-20,LAL vs. PHI,W,32,12,18,0.667,0,0,0.0,5,14,0.357,7,6,13,3,1,1,3,2,29,14,0,2003-04,Regular Season,406,Shaquille O'Neal
22003,406,0020300808,2004-02-22,LAL @ PHX,W,34,8,12,0.667,0,0,0.0,3,4,0.75,1,4,5,1,2,4,4,5,19,14,0,2003-04,Regular Season,406,Shaquille O'Neal
22003,406,0020300831,2004-02-25,LAL @ DEN,W,37,5,10,0.5,0,0,0.0,6,9,0.667,3,5,8,4,2,4,4,4,16,3,0,2003-04,Regular Season,406,Shaquille O'Neal
22003,406,0020300836,2004-02-26,LAL vs. SAC,L,41,9,12,0.75,0,0,0.0,6,13,0.462,4,6,10,3,0,2,2,3,24,6,0,2003-04,Regular Season,406,Shaquille O'Neal
22003,406,0020300848,2004-02-28,LAL @ WAS,W,34,13,17,0.765,0,0,0.0,3,5,0.6,0,2,2,2,1,4,3,4,29,18,0,2003-04,Regular Season,406,Shaquille O'Neal
22003,406,0020300858,2004-02-29,LAL @ NJN,W,31,8,15,0.533,0,0,0.0,3,5,0.6,5,9,14,2,0,0,2,3,19,26,0,2003-04,Regular Season,406,Shaquille O'Neal
22003,406,0020300869,2004-03-02,LAL @ ATL,L,37,11,20,0.55,0,0,0.0,1,4,0.25,7,7,14,2,0,2,4,1,23,4,0,2003-04,Regular Season,406,Shaquille O'Neal
22003,406,0020300881,2004-03-03,LAL @ HOU,W,39,13,18,0.722,0,0,0.0,2,13,0.154,3,4,7,1,1,5,2,5,28,1,0,2003-04,Regular Season,406,Shaquille O'Neal
22003,406,0020300894,2004-03-05,LAL vs. SEA,W,39,10,16,0.625,0,0,0.0,12,18,0.667,4,4,8,6,0,4,3,3,32,14,0,2003-04,Regular Season,406,Shaquille O'Neal
22003,406,0020300906,2004-03-07,LAL vs. NJN,W,40,11,19,0.579,0,0,0.0,10,14,0.714,6,3,9,2,0,0,2,4,32,5,0,2003-04,Regular Season,406,Shaquille O'Neal
22003,406,0020300916,2004-03-08,LAL @ UTA,L,28,5,12,0.417,0,0,0.0,6,11,0.545,5,5,10,4,0,2,4,4,16,9,0,2003-04,Regular Season,406,Shaquille O'Neal
22003,406,0020300926,2004-03-10,LAL @ BOS,W,38,11,15,0.733,0,0,0.0,6,13,0.462,5,12,17,4,2,1,3,4,28,22,0,2003-04,Regular Season,406,Shaquille O'Neal
22003,406,0020300943,2004-03-12,LAL @ MIN,L,42,8,15,0.533,0,0,0.0,8,14,0.571,2,11,13,1,0,1,3,3,24,-2,0,2003-04,Regular Season,406,Shaquille O'Neal
22003,406,0020300952,2004-03-13,LAL @ CHI,W,39,7,18,0.389,0,0,0.0,2,8,0.25,3,12,15,1,0,5,6,5,16,5,0,2003-04,Regular Season,406,Shaquille O'Neal
22003,406,0020300966,2004-03-15,LAL vs. ORL,W,47,9,17,0.529,0,0,0.0,9,18,0.5,12,11,23,3,0,5,1,4,27,2,0,2003-04,Regular Season,406,Shaquille O'Neal
22003,406,0020300981,2004-03-17,LAL @ LAC,W,39,9,13,0.692,0,0,0.0,3,8,0.375,4,7,11,2,1,3,6,6,21,8,0,2003-04,Regular Season,406,Shaquille O'Neal
22003,406,0020300995,2004-03-19,LAL vs. LAC,W,40,5,8,0.625,0,0,0.0,8,16,0.5,4,6,10,6,0,3,4,4,18,7,0,2003-04,Regular Season,406,Shaquille O'Neal
22003,406,0020301012,2004-03-21,LAL vs. MIL,W,47,14,16,0.875,0,0,0.0,3,5,0.6,1,25,26,2,0,7,2,3,31,14,0,2003-04,Regular Season,406,Shaquille O'Neal
22003,406,0020301033,2004-03-24,LAL vs. SAC,W,35,8,13,0.615,0,0,0.0,1,3,0.333,2,14,16,6,1,1,1,5,17,29,0,2003-04,Regular Season,406,Shaquille O'Neal
22003,406,0020301046,2004-03-26,LAL vs. MIN,W,42,9,20,0.45,0,0,0.0,4,6,0.667,7,11,18,4,1,0,1,2,22,17,0,2003-04,Regular Season,406,Shaquille O'Neal
22003,406,0020301063,2004-03-28,LAL vs. UTA,W,42,4,11,0.364,0,0,0.0,3,10,0.3,3,11,14,0,0,2,1,2,11,17,0,2003-04,Regular Season,406,Shaquille O'Neal
22003,406,0020301075,2004-03-30,LAL vs. NOH,W,39,7,15,0.467,0,0,0.0,1,3,0.333,1,8,9,3,0,3,2,4,15,11,0,2003-04,Regular Season,406,Shaquille O'Neal
22003,406,0020301088,2004-04-01,LAL vs. HOU,W,43,7,17,0.412,0,0,0.0,4,10,0.4,3,5,8,0,1,1,4,4,18,13,0,2003-04,Regular Season,406,Shaquille O'Neal
22003,406,0020301100,2004-04-02,LAL @ SEA,W,35,11,18,0.611,0,0,0.0,1,1,1.0,5,9,14,5,1,2,2,3,23,27,0,2003-04,Regular Season,406,Shaquille O'Neal
22003,406,0020301110,2004-04-04,LAL vs. SAS,L,36,8,15,0.533,0,0,0.0,1,1,1.0,2,7,9,4,0,3,2,3,17,0,0,2003-04,Regular Season,406,Shaquille O'Neal
22003,406,0020301121,2004-04-06,LAL vs. POR,L,41,7,11,0.636,0,0,0.0,3,10,0.3,7,5,12,1,1,3,5,5,17,-18,0,2003-04,Regular Season,406,Shaquille O'Neal
22003,406,0020301145,2004-04-09,LAL vs. MEM,W,42,12,14,0.857,0,0,0.0,4,11,0.364,3,9,12,0,1,4,2,4,28,8,0,2003-04,Regular Season,406,Shaquille O'Neal
22003,406,0020301157,2004-04-11,LAL @ SAC,L,31,4,6,0.667,0,0,0.0,2,6,0.333,3,2,5,0,0,3,5,5,10,-14,0,2003-04,Regular Season,406,Shaquille O'Neal
22003,406,0020301175,2004-04-13,LAL vs. GSW,W,39,11,16,0.688,0,0,0.0,1,3,0.333,6,7,13,3,0,2,2,4,23,7,0,2003-04,Regular Season,406,Shaquille O'Neal
22003,406,0020301187,2004-04-14,LAL @ POR,W,48,12,20,0.6,0,0,0.0,1,8,0.125,5,9,14,5,4,4,2,6,25,-2,0,2003-04,Regular Season,406,Shaquille O'Neal
42003,406,0040300151,2004-04-17,LAL vs. HOU,W,45,8,17,0.471,0,0,0.0,4,14,0.286,8,9,17,3,0,2,5,4,20,4,0,2003-04,Playoffs,406,Shaquille O'Neal
42003,406,0040300152,2004-04-19,LAL vs. HOU,W,33,3,9,0.333,0,0,0.0,1,3,0.333,2,5,7,4,0,4,0,4,7,25,0,2003-04,Playoffs,406,Shaquille O'Neal
42003,406,0040300153,2004-04-23,LAL @ HOU,L,44,10,16,0.625,0,0,0.0,5,14,0.357,4,7,11,3,2,2,0,5,25,-11,0,2003-04,Playoffs,406,Shaquille O'Neal
42003,406,0040300154,2004-04-25,LAL @ HOU,W,47,7,11,0.636,0,0,0.0,3,11,0.273,2,10,12,3,1,2,2,5,17,7,0,2003-04,Playoffs,406,Shaquille O'Neal
42003,406,0040300155,2004-04-28,LAL vs. HOU,W,40,6,13,0.462,0,0,0.0,0,2,0.0,2,7,9,5,0,4,4,4,12,11,0,2003-04,Playoffs,406,Shaquille O'Neal
42003,406,0040300231,2004-05-02,LAL @ SAS,L,43,8,14,0.571,0,0,0.0,3,13,0.231,6,7,13,2,0,5,4,4,19,0,0,2003-04,Playoffs,406,Shaquille O'Neal
42003,406,0040300232,2004-05-05,LAL @ SAS,L,44,15,21,0.714,0,0,0.0,2,7,0.286,6,9,15,1,0,1,3,4,32,-3,0,2003-04,Playoffs,406,Shaquille O'Neal
42003,406,0040300233,2004-05-09,LAL vs. SAS,W,36,11,13,0.846,0,0,0.0,6,11,0.545,3,12,15,5,0,8,2,3,28,32,0,2003-04,Playoffs,406,Shaquille O'Neal
42003,406,0040300234,2004-05-11,LAL vs. SAS,W,46,10,18,0.556,0,0,0.0,8,11,0.727,4,10,14,2,0,4,2,4,28,9,0,2003-04,Playoffs,406,Shaquille O'Neal
42003,406,0040300235,2004-05-13,LAL @ SAS,W,38,5,9,0.556,0,0,0.0,1,5,0.2,2,9,11,0,1,3,2,4,11,6,0,2003-04,Playoffs,406,Shaquille O'Neal
42003,406,0040300236,2004-05-15,LAL vs. SAS,W,43,5,10,0.5,0,0,0.0,7,15,0.467,5,14,19,2,0,5,4,5,17,17,0,2003-04,Playoffs,406,Shaquille O'Neal
42003,406,0040300311,2004-05-21,LAL @ MIN,W,41,9,16,0.563,0,0,0.0,9,11,0.818,5,13,18,5,0,4,2,3,27,8,0,2003-04,Playoffs,406,Shaquille O'Neal
42003,406,0040300312,2004-05-23,LAL @ MIN,L,40,4,10,0.4,0,0,0.0,6,14,0.429,6,10,16,3,1,2,2,1,14,-16,0,2003-04,Playoffs,406,Shaquille O'Neal
42003,406,0040300313,2004-05-25,LAL vs. MIN,W,44,7,10,0.7,0,0,0.0,8,22,0.364,7,10,17,4,0,4,1,3,22,12,0,2003-04,Playoffs,406,Shaquille O'Neal
42003,406,0040300314,2004-05-27,LAL vs. MIN,W,40,6,10,0.6,0,0,0.0,7,15,0.467,4,15,19,1,0,3,1,4,19,9,0,2003-04,Playoffs,406,Shaquille O'Neal
42003,406,0040300315,2004-05-29,LAL @ MIN,L,42,6,11,0.545,0,0,0.0,5,11,0.455,5,8,13,3,0,4,3,6,17,2,0,2003-04,Playoffs,406,Shaquille O'Neal
42003,406,0040300316,2004-05-31,LAL vs. MIN,W,38,9,15,0.6,0,0,0.0,7,20,0.35,5,6,11,1,0,1,4,5,25,10,0,2003-04,Playoffs,406,Shaquille O'Neal
42003,406,0040300401,2004-06-06,LAL vs. DET,L,45,13,16,0.813,0,0,,8,12,0.667,5,6,11,1,0,1,6,4,34,-8,0,2003-04,Playoffs,406,Shaquille O'Neal
42003,406,0040300402,2004-06-08,LAL vs. DET,W,48,10,20,0.5,0,0,,9,14,0.643,3,4,7,3,0,1,3,5,29,16,0,2003-04,Playoffs,406,Shaquille O'Neal
42003,406,0040300403,2004-06-10,LAL @ DET,L,38,7,14,0.5,0,0,,0,2,0.0,2,6,8,1,1,0,2,5,14,-19,0,2003-04,Playoffs,406,Shaquille O'Neal
42003,406,0040300404,2004-06-13,LAL @ DET,L,47,16,21,0.762,0,0,,4,11,0.364,3,17,20,2,0,1,2,4,36,-8,0,2003-04,Playoffs,406,Shaquille O'Neal
42003,406,0040300405,2004-06-15,LAL @ DET,L,35,7,13,0.538,0,0,,6,16,0.375,2,6,8,1,1,0,1,4,20,-12,0,2003-04,Playoffs,406,Shaquille O'Neal
22003,959,0020300003,2003-10-28,DAL @ LAL,L,28,4,10,0.4,0,4,0.0,0,0,0.0,0,0,0,7,0,0,4,4,8,-24,0,2003-04,Regular Season,959,Steve Nash
22003,959,0020300013,2003-10-29,DAL @ GSW,W,38,3,9,0.333,1,4,0.25,9,10,0.9,0,5,5,11,0,0,2,0,16,14,0,2003-04,Regular Season,959,Steve Nash
22003,959,0020300033,2003-11-01,DAL vs. UTA,W,23,4,10,0.4,0,4,0.0,4,4,1.0,1,3,4,7,0,0,1,4,12,11,0,2003-04,Regular Season,959,Steve Nash
22003,959,0020300045,2003-11-03,DAL vs. MIA,W,35,4,8,0.5,2,2,1.0,8,9,0.889,0,3,3,11,2,0,4,1,18,9,0,2003-04,Regular Season,959,Steve Nash
22003,959,0020300053,2003-11-05,DAL @ WAS,L,7,1,3,0.333,0,0,0.0,0,0,0.0,0,2,2,2,1,0,2,2,2,-4,0,2003-04,Regular Season,959,Steve Nash
22003,959,0020300082,2003-11-08,DAL @ SAS,W,38,6,12,0.5,2,3,0.667,1,2,0.5,0,3,3,6,0,0,3,4,15,2,0,2003-04,Regular Season,959,Steve Nash
22003,959,0020300098,2003-11-11,DAL vs. NOH,W,32,6,7,0.857,5,5,1.0,0,1,0.0,1,0,1,11,2,0,2,3,17,31,0,2003-04,Regular Season,959,Steve Nash
22003,959,0020300112,2003-11-13,DAL vs. HOU,W,35,4,7,0.571,1,2,0.5,7,8,0.875,0,5,5,7,0,0,4,3,16,23,0,2003-04,Regular Season,959,Steve Nash
22003,959,0020300131,2003-11-15,DAL @ MEM,L,39,5,13,0.385,1,4,0.25,5,5,1.0,2,3,5,8,1,0,8,1,16,-12,0,2003-04,Regular Season,959,Steve Nash
22003,959,0020300142,2003-11-17,DAL vs. POR,W,40,5,11,0.455,2,4,0.5,2,2,1.0,4,6,10,12,0,0,3,1,14,21,0,2003-04,Regular Season,959,Steve Nash
22003,959,0020300162,2003-11-20,DAL vs. SAS,W,35,3,9,0.333,1,2,0.5,5,6,0.833,2,6,8,7,1,0,3,1,12,-3,0,2003-04,Regular Season,959,Steve Nash
22003,959,0020300180,2003-11-22,DAL vs. DEN,W,35,5,10,0.5,4,4,1.0,4,4,1.0,2,1,3,8,2,0,3,2,18,8,0,2003-04,Regular Season,959,Steve Nash
22003,959,0020300195,2003-11-25,DAL vs. CHI,W,20,5,6,0.833,1,1,1.0,0,0,0.0,0,2,2,7,0,0,1,1,11,15,0,2003-04,Regular Season,959,Steve Nash
22003,959,0020300207,2003-11-26,DAL @ PHX,L,24,1,8,0.125,0,4,0.0,0,0,0.0,0,0,0,4,0,0,2,1,2,-24,0,2003-04,Regular Season,959,Steve Nash
22003,959,0020300217,2003-11-28,DAL @ DEN,L,35,4,11,0.364,2,4,0.5,0,0,0.0,1,0,1,9,1,0,6,5,10,-10,0,2003-04,Regular Season,959,Steve Nash
22003,959,0020300228,2003-11-29,DAL vs. MIN,W,33,4,18,0.222,0,5,0.0,9,9,1.0,1,1,2,3,0,0,3,3,17,-10,0,2003-04,Regular Season,959,Steve Nash
22003,959,0020300244,2003-12-02,DAL vs. WAS,W,28,6,13,0.462,0,3,0.0,2,2,1.0,1,2,3,3,1,0,2,1,14,16,0,2003-04,Regular Season,959,Steve Nash
22003,959,0020300258,2003-12-04,DAL vs. LAL,L,37,10,18,0.556,4,4,1.0,6,6,1.0,0,2,2,8,1,0,2,2,30,-8,0,2003-04,Regular Season,959,Steve Nash
22003,959,0020300276,2003-12-06,DAL vs. ORL,W,34,4,9,0.444,0,2,0.0,1,1,1.0,0,3,3,9,1,0,4,2,9,10,0,2003-04,Regular Season,959,Steve Nash
22003,959,0020300305,2003-12-10,DAL @ LAC,L,34,2,12,0.167,1,4,0.25,1,3,0.333,1,2,3,5,1,0,2,2,6,3,0,2003-04,Regular Season,959,Steve Nash
22003,959,0020300318,2003-12-12,DAL @ LAL,W,39,6,16,0.375,0,3,0.0,11,12,0.917,2,3,5,7,0,0,1,1,23,7,0,2003-04,Regular Season,959,Steve Nash
22003,959,0020300335,2003-12-15,DAL vs. TOR,W,40,9,20,0.45,2,4,0.5,3,3,1.0,2,3,5,11,1,1,2,1,23,20,0,2003-04,Regular Season,959,Steve Nash
22003,959,0020300353,2003-12-17,DAL @ BOS,L,38,3,9,0.333,3,6,0.5,5,6,0.833,0,1,1,9,1,0,6,2,14,6,0,2003-04,Regular Season,959,Steve Nash
22003,959,0020300357,2003-12-18,DAL @ MIN,L,37,9,16,0.563,4,7,0.571,5,5,1.0,0,1,1,9,1,0,3,3,27,-1,0,2003-04,Regular Season,959,Steve Nash
22003,959,0020300376,2003-12-20,DAL vs. LAC,L,39,8,18,0.444,3,7,0.429,1,1,1.0,1,1,2,11,0,0,2,0,20,-8,0,2003-04,Regular Season,959,Steve Nash
22003,959,0020300398,2003-12-23,DAL @ POR,L,37,0,5,0.0,0,4,0.0,4,4,1.0,1,1,2,6,1,0,2,0,4,-13,0,2003-04,Regular Season,959,Steve Nash
22003,959,0020300402,2003-12-25,DAL @ SAC,W,35,5,9,0.556,3,4,0.75,1,1,1.0,0,2,2,11,0,0,3,3,14,7,0,2003-04,Regular Season,959,Steve Nash
22003,959,0020300421,2003-12-27,DAL vs. MEM,W,41,6,14,0.429,3,6,0.5,1,1,1.0,1,3,4,10,2,0,2,1,16,20,0,2003-04,Regular Season,959,Steve Nash
22003,959,0020300444,2003-12-30,DAL vs. MIL,W,33,6,13,0.462,0,4,0.0,2,2,1.0,2,2,4,12,1,0,0,3,14,9,0,2003-04,Regular Season,959,Steve Nash
22003,959,0020300460,2004-01-02,DAL @ MIL,L,36,5,13,0.385,4,5,0.8,3,4,0.75,1,3,4,10,1,0,3,3,17,-5,0,2003-04,Regular Season,959,Steve Nash
22003,959,0020300469,2004-01-03,DAL vs. MIN,W,39,7,16,0.438,1,5,0.2,5,5,1.0,2,3,5,13,0,0,1,1,20,0,0,2003-04,Regular Season,959,Steve Nash
22003,959,0020300483,2004-01-05,DAL @ UTA,L,29,4,9,0.444,0,1,0.0,0,0,0.0,1,1,2,3,1,0,4,1,8,-13,0,2003-04,Regular Season,959,Steve Nash
22003,959,0020300499,2004-01-07,DAL vs. GSW,W,37,1,9,0.111,0,1,0.0,5,6,0.833,0,3,3,12,1,0,1,0,7,10,0,2003-04,Regular Season,959,Steve Nash
22003,959,0020300510,2004-01-09,DAL vs. IND,L,29,3,11,0.273,1,5,0.2,3,3,1.0,0,6,6,7,2,0,5,2,10,-14,0,2003-04,Regular Season,959,Steve Nash
22003,959,0020300525,2004-01-11,DAL @ DET,L,35,8,14,0.571,2,5,0.4,0,0,0.0,2,2,4,10,1,0,3,2,18,-9,0,2003-04,Regular Season,959,Steve Nash
22003,959,0020300529,2004-01-12,DAL @ NYK,W,45,12,16,0.75,3,5,0.6,1,1,1.0,0,3,3,8,3,0,2,5,28,17,0,2003-04,Regular Season,959,Steve Nash
22003,959,0020300549,2004-01-14,DAL vs. PHI,W,41,2,8,0.25,1,4,0.25,4,5,0.8,0,4,4,12,0,0,1,2,9,1,0,2003-04,Regular Season,959,Steve Nash
22003,959,0020300561,2004-01-16,DAL @ DEN,W,10,3,4,0.75,0,1,0.0,0,0,0.0,0,1,1,4,0,0,1,0,6,-3,0,2003-04,Regular Season,959,Steve Nash
22003,959,0020300593,2004-01-20,DAL vs. NJN,W,36,6,12,0.5,1,3,0.333,5,5,1.0,0,3,3,5,2,0,2,0,18,9,0,2003-04,Regular Season,959,Steve Nash
22003,959,0020300606,2004-01-22,DAL vs. LAL,W,23,1,6,0.167,0,3,0.0,0,0,0.0,1,2,3,8,1,0,3,2,2,11,0,2003-04,Regular Season,959,Steve Nash
22003,959,0020300616,2004-01-23,DAL @ CHI,W,32,4,6,0.667,0,1,0.0,2,2,1.0,0,1,1,7,1,0,3,1,10,-1,0,2003-04,Regular Season,959,Steve Nash
22003,959,0020300628,2004-01-25,DAL vs. SAC,W,36,7,13,0.538,1,3,0.333,6,6,1.0,0,1,1,13,3,0,1,3,21,-6,0,2003-04,Regular Season,959,Steve Nash
22003,959,0020300643,2004-01-27,DAL @ SEA,W,37,6,16,0.375,2,5,0.4,5,6,0.833,2,3,5,8,1,0,2,4,19,-1,0,2003-04,Regular Season,959,Steve Nash
22003,959,0020300654,2004-01-28,DAL @ UTA,L,31,2,4,0.5,1,3,0.333,2,2,1.0,1,0,1,5,1,0,4,2,7,-14,0,2003-04,Regular Season,959,Steve Nash
22003,959,0020300669,2004-01-31,DAL vs. DEN,L,34,6,13,0.462,2,4,0.5,0,0,0.0,0,0,0,4,1,1,2,1,14,-10,0,2003-04,Regular Season,959,Steve Nash
22003,959,0020300696,2004-02-03,DAL vs. GSW,W,30,6,11,0.545,2,4,0.5,3,3,1.0,1,3,4,8,1,0,2,4,17,17,0,2003-04,Regular Season,959,Steve Nash
22003,959,0020300704,2004-02-04,DAL @ NOH,W,34,7,15,0.467,0,2,0.0,4,4,1.0,1,2,3,12,1,0,1,0,18,-5,0,2003-04,Regular Season,959,Steve Nash
22003,959,0020300727,2004-02-07,DAL vs. DET,W,37,9,11,0.818,2,3,0.667,9,9,1.0,0,3,3,11,0,1,4,2,29,3,0,2003-04,Regular Season,959,Steve Nash
22003,959,0020300738,2004-02-09,DAL @ ATL,L,38,6,15,0.4,0,5,0.0,2,2,1.0,2,1,3,11,2,0,5,5,14,-10,0,2003-04,Regular Season,959,Steve Nash
22003,959,0020300746,2004-02-10,DAL vs. NYK,W,35,5,13,0.385,1,4,0.25,1,2,0.5,1,2,3,8,0,0,0,1,12,9,0,2003-04,Regular Season,959,Steve Nash
22003,959,0020300767,2004-02-17,DAL @ MEM,L,31,4,11,0.364,0,3,0.0,0,0,0.0,0,3,3,10,1,0,3,0,8,-11,0,2003-04,Regular Season,959,Steve Nash
22003,959,0020300775,2004-02-18,DAL @ CLE,W,36,8,11,0.727,2,3,0.667,2,2,1.0,1,5,6,10,1,0,1,0,20,26,0,2003-04,Regular Season,959,Steve Nash
22003,959,0020300799,2004-02-21,DAL vs. HOU,W,34,4,7,0.571,2,3,0.667,0,0,0.0,0,2,2,9,1,0,3,0,10,1,0,2003-04,Regular Season,959,Steve Nash
22003,959,0020300820,2004-02-24,DAL vs. LAC,W,24,3,6,0.5,1,2,0.5,5,5,1.0,0,3,3,8,1,1,2,3,12,12,0,2003-04,Regular Season,959,Steve Nash
22003,959,0020300835,2004-02-26,DAL vs. SAS,W,31,4,7,0.571,1,2,0.5,6,6,1.0,0,3,3,9,0,0,6,2,15,18,0,2003-04,Regular Season,959,Steve Nash
22003,959,0020300853,2004-02-28,DAL vs. POR,W,36,9,13,0.692,0,2,0.0,4,4,1.0,0,3,3,11,0,0,1,2,22,18,0,2003-04,Regular Season,959,Steve Nash
22003,959,0020300892,2004-03-05,DAL @ SAS,L,34,3,9,0.333,0,1,0.0,7,8,0.875,1,2,3,12,2,0,4,1,13,0,0,2003-04,Regular Season,959,Steve Nash
22003,959,0020300904,2004-03-07,DAL @ HOU,L,39,7,9,0.778,1,2,0.5,7,9,0.778,1,3,4,9,0,0,4,3,22,-4,0,2003-04,Regular Season,959,Steve Nash
22003,959,0020300915,2004-03-08,DAL vs. PHX,W,25,4,9,0.444,2,5,0.4,2,2,1.0,0,0,0,3,1,0,0,0,12,19,0,2003-04,Regular Season,959,Steve Nash
22003,959,0020300937,2004-03-11,DAL @ SAC,L,32,6,12,0.5,1,3,0.333,0,0,0.0,1,1,2,7,2,0,2,1,13,-10,0,2003-04,Regular Season,959,Steve Nash
22003,959,0020300954,2004-03-13,DAL @ PHX,W,26,2,6,0.333,0,1,0.0,3,3,1.0,0,1,1,7,0,0,2,0,7,14,0,2003-04,Regular Season,959,Steve Nash
22003,959,0020300963,2004-03-14,DAL @ LAC,W,38,5,10,0.5,2,3,0.667,4,4,1.0,0,1,1,11,1,0,1,2,16,5,0,2003-04,Regular Season,959,Steve Nash
22003,959,0020300980,2004-03-17,DAL vs. ATL,L,40,12,19,0.632,4,7,0.571,2,2,1.0,3,0,3,9,1,0,5,2,30,-7,0,2003-04,Regular Season,959,Steve Nash
22003,959,0020300993,2004-03-19,DAL vs. BOS,W,34,4,6,0.667,2,2,1.0,3,3,1.0,0,5,5,10,2,1,4,3,13,26,0,2003-04,Regular Season,959,Steve Nash
22003,959,0020301004,2004-03-21,DAL @ NJN,W,41,5,12,0.417,3,4,0.75,2,2,1.0,2,3,5,16,2,0,4,3,15,5,0,2003-04,Regular Season,959,Steve Nash
22003,959,0020301013,2004-03-22,DAL @ PHI,L,35,4,10,0.4,1,3,0.333,1,1,1.0,0,2,2,8,1,0,4,2,10,-8,0,2003-04,Regular Season,959,Steve Nash
22003,959,0020301028,2004-03-24,DAL @ IND,L,39,6,13,0.462,0,1,0.0,1,2,0.5,1,5,6,14,1,0,6,1,13,-6,0,2003-04,Regular Season,959,Steve Nash
22003,959,0020301041,2004-03-26,DAL @ MIA,L,44,7,16,0.438,1,4,0.25,3,3,1.0,1,5,6,7,1,0,5,1,18,-5,0,2003-04,Regular Season,959,Steve Nash
22003,959,0020301057,2004-03-28,DAL @ ORL,W,28,4,8,0.5,0,1,0.0,4,4,1.0,0,2,2,11,0,0,2,0,12,8,0,2003-04,Regular Season,959,Steve Nash
22003,959,0020301073,2004-03-30,DAL vs. CLE,W,36,11,17,0.647,3,4,0.75,6,7,0.857,2,0,2,10,1,0,2,1,31,12,0,2003-04,Regular Season,959,Steve Nash
22003,959,0020301087,2004-04-01,DAL vs. SAC,W,40,8,13,0.615,3,5,0.6,1,1,1.0,2,2,4,19,0,0,2,3,20,11,0,2003-04,Regular Season,959,Steve Nash
22003,959,0020301104,2004-04-03,DAL vs. PHX,W,30,4,9,0.444,1,3,0.333,0,0,0.0,0,0,0,14,0,0,3,2,9,10,0,2003-04,Regular Season,959,Steve Nash
22003,959,0020301120,2004-04-06,DAL vs. SEA,W,34,5,8,0.625,0,2,0.0,4,4,1.0,0,1,1,14,0,1,1,1,14,5,0,2003-04,Regular Season,959,Steve Nash
22003,959,0020301134,2004-04-08,DAL vs. UTA,W,29,2,5,0.4,0,0,0.0,2,2,1.0,1,2,3,8,0,1,0,0,6,12,0,2003-04,Regular Season,959,Steve Nash
22003,959,0020301147,2004-04-10,DAL @ SEA,L,28,2,10,0.2,0,2,0.0,0,0,0.0,1,0,1,7,0,1,3,2,4,-28,0,2003-04,Regular Season,959,Steve Nash
22003,959,0020301159,2004-04-11,DAL @ GSW,L,37,5,12,0.417,0,0,0.0,1,1,1.0,1,0,1,12,4,0,2,4,11,0,0,2003-04,Regular Season,959,Steve Nash
22003,959,0020301173,2004-04-13,DAL vs. MEM,W,37,9,14,0.643,4,6,0.667,3,4,0.75,1,3,4,4,0,0,5,1,25,13,0,2003-04,Regular Season,959,Steve Nash
22003,959,0020301186,2004-04-14,DAL @ HOU,W,21,2,4,0.5,1,1,1.0,0,0,0.0,0,3,3,8,0,0,0,1,5,9,0,2003-04,Regular Season,959,Steve Nash
42003,959,0040300171,2004-04-18,DAL @ SAC,L,38,5,14,0.357,1,1,1.0,2,2,1.0,2,0,2,8,2,0,3,1,13,-14,0,2003-04,Playoffs,959,Steve Nash
42003,959,0040300172,2004-04-20,DAL @ SAC,L,46,6,20,0.3,0,4,0.0,1,2,0.5,1,4,5,9,0,0,3,3,13,-4,0,2003-04,Playoffs,959,Steve Nash
42003,959,0040300173,2004-04-24,DAL vs. SAC,W,28,3,6,0.5,1,1,1.0,0,0,0.0,1,4,5,5,0,0,2,4,7,18,0,2003-04,Playoffs,959,Steve Nash
42003,959,0040300174,2004-04-26,DAL vs. SAC,L,44,4,11,0.364,2,6,0.333,1,1,1.0,1,6,7,9,1,0,1,5,11,-3,0,2003-04,Playoffs,959,Steve Nash
42003,959,0040300175,2004-04-29,DAL @ SAC,L,41,9,19,0.474,2,4,0.5,4,4,1.0,1,6,7,14,1,0,3,1,24,2,0,2003-04,Playoffs,959,Steve Nash
22003,1717,0020300003,2003-10-28,DAL @ LAL,L,33,5,17,0.294,0,6,0.0,9,12,0.75,3,10,13,1,1,1,3,2,19,-20,0,2003-04,Regular Season,1717,Dirk Nowitzki
22003,1717,0020300013,2003-10-29,DAL @ GSW,W,45,11,18,0.611,0,1,0.0,7,7,1.0,2,13,15,1,3,4,3,3,29,19,0,2003-04,Regular Season,1717,Dirk Nowitzki
22003,1717,0020300033,2003-11-01,DAL vs. UTA,W,25,6,8,0.75,2,3,0.667,1,1,1.0,0,3,3,3,1,2,1,4,15,16,0,2003-04,Regular Season,1717,Dirk Nowitzki
22003,1717,0020300045,2003-11-03,DAL vs. MIA,W,43,12,22,0.545,2,6,0.333,4,4,1.0,1,5,6,3,0,0,2,3,30,17,0,2003-04,Regular Season,1717,Dirk Nowitzki
22003,1717,0020300053,2003-11-05,DAL @ WAS,L,33,1,9,0.111,0,1,0.0,7,8,0.875,0,2,2,3,2,0,2,2,9,-16,0,2003-04,Regular Season,1717,Dirk Nowitzki
22003,1717,0020300063,2003-11-06,DAL @ TOR,L,42,11,20,0.55,1,2,0.5,4,4,1.0,0,5,5,3,0,3,4,4,27,-6,0,2003-04,Regular Season,1717,Dirk Nowitzki
22003,1717,0020300082,2003-11-08,DAL @ SAS,W,40,7,18,0.389,1,7,0.143,0,2,0.0,0,11,11,3,3,0,5,2,15,3,0,2003-04,Regular Season,1717,Dirk Nowitzki
22003,1717,0020300098,2003-11-11,DAL vs. NOH,W,30,8,12,0.667,1,3,0.333,1,1,1.0,0,5,5,4,1,1,2,2,18,27,0,2003-04,Regular Season,1717,Dirk Nowitzki
22003,1717,0020300112,2003-11-13,DAL vs. HOU,W,38,9,16,0.563,0,4,0.0,5,6,0.833,0,5,5,1,0,1,1,1,23,13,0,2003-04,Regular Season,1717,Dirk Nowitzki
22003,1717,0020300131,2003-11-15,DAL @ MEM,L,39,7,14,0.5,0,1,0.0,5,8,0.625,3,8,11,2,2,1,6,6,19,-6,0,2003-04,Regular Season,1717,Dirk Nowitzki
22003,1717,0020300142,2003-11-17,DAL vs. POR,W,38,8,19,0.421,2,5,0.4,2,2,1.0,2,6,8,5,0,3,1,4,20,9,0,2003-04,Regular Season,1717,Dirk Nowitzki
22003,1717,0020300162,2003-11-20,DAL vs. SAS,W,43,7,19,0.368,2,5,0.4,10,10,1.0,2,4,6,1,1,0,1,2,26,3,0,2003-04,Regular Season,1717,Dirk Nowitzki
22003,1717,0020300180,2003-11-22,DAL vs. DEN,W,39,5,15,0.333,1,2,0.5,8,9,0.889,2,9,11,1,0,2,0,3,19,18,0,2003-04,Regular Season,1717,Dirk Nowitzki
22003,1717,0020300195,2003-11-25,DAL vs. CHI,W,28,4,9,0.444,1,2,0.5,10,10,1.0,1,8,9,1,0,1,0,2,19,13,0,2003-04,Regular Season,1717,Dirk Nowitzki
22003,1717,0020300207,2003-11-26,DAL @ PHX,L,7,0,2,0.0,0,0,0.0,0,0,0.0,0,0,0,0,0,0,2,1,0,-2,0,2003-04,Regular Season,1717,Dirk Nowitzki
22003,1717,0020300305,2003-12-10,DAL @ LAC,L,27,4,12,0.333,1,2,0.5,0,0,0.0,0,3,3,2,0,0,0,5,9,8,0,2003-04,Regular Season,1717,Dirk Nowitzki
22003,1717,0020300318,2003-12-12,DAL @ LAL,W,46,10,22,0.455,1,2,0.5,6,6,1.0,1,11,12,5,1,1,1,3,27,17,0,2003-04,Regular Season,1717,Dirk Nowitzki
22003,1717,0020300335,2003-12-15,DAL vs. TOR,W,33,4,13,0.308,1,4,0.25,5,6,0.833,0,5,5,2,2,1,1,2,14,18,0,2003-04,Regular Season,1717,Dirk Nowitzki
22003,1717,0020300353,2003-12-17,DAL @ BOS,L,41,11,28,0.393,3,7,0.429,5,8,0.625,5,8,13,1,2,1,1,5,30,10,0,2003-04,Regular Season,1717,Dirk Nowitzki
22003,1717,0020300357,2003-12-18,DAL @ MIN,L,41,4,13,0.308,1,6,0.167,6,7,0.857,1,6,7,1,0,0,2,4,15,-5,0,2003-04,Regular Season,1717,Dirk Nowitzki
22003,1717,0020300376,2003-12-20,DAL vs. LAC,L,45,6,23,0.261,0,7,0.0,11,14,0.786,4,5,9,1,1,1,5,1,23,-10,0,2003-04,Regular Season,1717,Dirk Nowitzki
22003,1717,0020300398,2003-12-23,DAL @ POR,L,42,3,12,0.25,0,3,0.0,0,0,0.0,1,8,9,2,0,1,5,3,6,-5,0,2003-04,Regular Season,1717,Dirk Nowitzki
22003,1717,0020300402,2003-12-25,DAL @ SAC,W,47,9,22,0.409,3,6,0.5,10,10,1.0,1,13,14,5,3,3,0,4,31,9,0,2003-04,Regular Season,1717,Dirk Nowitzki
22003,1717,0020300421,2003-12-27,DAL vs. MEM,W,42,6,10,0.6,2,3,0.667,4,4,1.0,2,15,17,4,0,0,4,3,18,11,0,2003-04,Regular Season,1717,Dirk Nowitzki
22003,1717,0020300444,2003-12-30,DAL vs. MIL,W,35,8,19,0.421,2,5,0.4,2,3,0.667,1,10,11,1,0,0,1,2,20,8,0,2003-04,Regular Season,1717,Dirk Nowitzki
22003,1717,0020300460,2004-01-02,DAL @ MIL,L,43,9,17,0.529,2,5,0.4,3,3,1.0,2,12,14,5,1,2,2,4,23,1,0,2003-04,Regular Season,1717,Dirk Nowitzki
22003,1717,0020300469,2004-01-03,DAL vs. MIN,W,41,10,15,0.667,3,3,1.0,8,10,0.8,1,8,9,4,1,0,1,3,31,-4,0,2003-04,Regular Season,1717,Dirk Nowitzki
22003,1717,0020300483,2004-01-05,DAL @ UTA,L,38,8,15,0.533,2,3,0.667,6,7,0.857,2,7,9,1,1,4,0,2,24,-20,0,2003-04,Regular Season,1717,Dirk Nowitzki
22003,1717,0020300499,2004-01-07,DAL vs. GSW,W,40,8,19,0.421,2,6,0.333,5,5,1.0,3,8,11,1,1,1,2,4,23,-2,0,2003-04,Regular Season,1717,Dirk Nowitzki
22003,1717,0020300510,2004-01-09,DAL vs. IND,L,41,7,20,0.35,1,5,0.2,5,6,0.833,1,6,7,3,1,3,2,4,20,-2,0,2003-04,Regular Season,1717,Dirk Nowitzki
22003,1717,0020300525,2004-01-11,DAL @ DET,L,33,6,11,0.545,1,3,0.333,1,2,0.5,2,13,15,3,1,0,1,3,14,-7,0,2003-04,Regular Season,1717,Dirk Nowitzki
22003,1717,0020300529,2004-01-12,DAL @ NYK,W,47,12,24,0.5,3,9,0.333,4,4,1.0,1,9,10,1,1,0,2,2,31,12,0,2003-04,Regular Season,1717,Dirk Nowitzki
22003,1717,0020300549,2004-01-14,DAL vs. PHI,W,48,9,22,0.409,1,3,0.333,6,10,0.6,1,13,14,4,1,3,2,2,25,1,0,2003-04,Regular Season,1717,Dirk Nowitzki
22003,1717,0020300561,2004-01-16,DAL @ DEN,W,38,8,18,0.444,1,4,0.25,5,5,1.0,0,7,7,2,1,2,4,3,22,9,0,2003-04,Regular Season,1717,Dirk Nowitzki
22003,1717,0020300574,2004-01-17,DAL @ POR,W,41,10,18,0.556,2,5,0.4,10,10,1.0,1,6,7,6,1,1,2,2,32,7,0,2003-04,Regular Season,1717,Dirk Nowitzki
22003,1717,0020300593,2004-01-20,DAL vs. NJN,W,38,7,14,0.5,3,6,0.5,2,2,1.0,0,10,10,6,0,1,1,4,19,9,0,2003-04,Regular Season,1717,Dirk Nowitzki
22003,1717,0020300606,2004-01-22,DAL vs. LAL,W,42,6,16,0.375,1,2,0.5,3,3,1.0,0,9,9,6,0,2,2,2,16,21,0,2003-04,Regular Season,1717,Dirk Nowitzki
22003,1717,0020300616,2004-01-23,DAL @ CHI,W,40,10,23,0.435,2,8,0.25,4,4,1.0,2,9,11,5,1,2,0,1,26,13,0,2003-04,Regular Season,1717,Dirk Nowitzki
22003,1717,0020300628,2004-01-25,DAL vs. SAC,W,38,8,17,0.471,1,4,0.25,3,3,1.0,1,11,12,3,2,2,1,1,20,4,0,2003-04,Regular Season,1717,Dirk Nowitzki
22003,1717,0020300643,2004-01-27,DAL @ SEA,W,41,16,22,0.727,8,11,0.727,3,5,0.6,1,3,4,2,2,1,5,1,43,-1,0,2003-04,Regular Season,1717,Dirk Nowitzki
22003,1717,0020300654,2004-01-28,DAL @ UTA,L,40,6,14,0.429,1,6,0.167,4,4,1.0,0,2,2,4,0,0,1,4,17,-4,0,2003-04,Regular Season,1717,Dirk Nowitzki
22003,1717,0020300669,2004-01-31,DAL vs. DEN,L,43,8,23,0.348,0,6,0.0,0,0,0.0,0,6,6,4,1,2,3,2,16,-7,0,2003-04,Regular Season,1717,Dirk Nowitzki
22003,1717,0020300696,2004-02-03,DAL vs. GSW,W,34,4,14,0.286,1,5,0.2,0,0,0.0,0,4,4,2,3,2,0,0,9,17,0,2003-04,Regular Season,1717,Dirk Nowitzki
22003,1717,0020300704,2004-02-04,DAL @ NOH,W,38,10,19,0.526,1,2,0.5,7,7,1.0,1,10,11,4,3,1,2,3,28,9,0,2003-04,Regular Season,1717,Dirk Nowitzki
22003,1717,0020300727,2004-02-07,DAL vs. DET,W,42,15,24,0.625,3,4,0.75,7,8,0.875,0,8,8,3,4,1,2,3,40,10,0,2003-04,Regular Season,1717,Dirk Nowitzki
22003,1717,0020300738,2004-02-09,DAL @ ATL,L,42,10,20,0.5,0,4,0.0,3,5,0.6,1,9,10,2,1,1,3,4,23,-5,0,2003-04,Regular Season,1717,Dirk Nowitzki
22003,1717,0020300746,2004-02-10,DAL vs. NYK,W,37,9,19,0.474,2,4,0.5,7,9,0.778,2,10,12,3,1,1,1,2,27,9,0,2003-04,Regular Season,1717,Dirk Nowitzki
22003,1717,0020300767,2004-02-17,DAL @ MEM,L,36,9,19,0.474,0,2,0.0,6,6,1.0,2,7,9,0,1,3,1,2,24,-15,0,2003-04,Regular Season,1717,Dirk Nowitzki
22003,1717,0020300775,2004-02-18,DAL @ CLE,W,39,5,15,0.333,0,3,0.0,8,8,1.0,2,8,10,4,2,1,0,1,18,15,0,2003-04,Regular Season,1717,Dirk Nowitzki
22003,1717,0020300799,2004-02-21,DAL vs. HOU,W,41,9,17,0.529,3,4,0.75,4,5,0.8,3,9,12,3,1,2,2,3,25,4,0,2003-04,Regular Season,1717,Dirk Nowitzki
22003,1717,0020300820,2004-02-24,DAL vs. LAC,W,37,6,18,0.333,0,4,0.0,4,4,1.0,2,7,9,5,2,5,2,3,16,27,0,2003-04,Regular Season,1717,Dirk Nowitzki
22003,1717,0020300835,2004-02-26,DAL vs. SAS,W,34,8,15,0.533,3,5,0.6,4,4,1.0,0,6,6,5,1,0,0,2,23,23,0,2003-04,Regular Season,1717,Dirk Nowitzki
22003,1717,0020300853,2004-02-28,DAL vs. POR,W,38,7,16,0.438,1,4,0.25,6,6,1.0,2,5,7,3,0,3,1,2,21,19,0,2003-04,Regular Season,1717,Dirk Nowitzki
22003,1717,0020300870,2004-03-02,DAL vs. SEA,W,42,7,19,0.368,0,3,0.0,5,6,0.833,3,9,12,3,0,2,1,2,19,11,0,2003-04,Regular Season,1717,Dirk Nowitzki
22003,1717,0020300879,2004-03-03,DAL @ MIN,L,28,5,13,0.385,0,3,0.0,5,5,1.0,0,3,3,4,2,0,0,3,15,-15,0,2003-04,Regular Season,1717,Dirk Nowitzki
22003,1717,0020300892,2004-03-05,DAL @ SAS,L,39,8,19,0.421,1,2,0.5,4,4,1.0,1,8,9,1,4,0,2,4,21,-11,0,2003-04,Regular Season,1717,Dirk Nowitzki
22003,1717,0020300904,2004-03-07,DAL @ HOU,L,45,7,19,0.368,2,4,0.5,2,2,1.0,1,0,1,1,9,2,2,2,18,-3,0,2003-04,Regular Season,1717,Dirk Nowitzki
22003,1717,0020300915,2004-03-08,DAL vs. PHX,W,28,11,13,0.846,0,0,0.0,4,4,1.0,1,5,6,1,0,0,1,4,26,15,0,2003-04,Regular Season,1717,Dirk Nowitzki
22003,1717,0020300937,2004-03-11,DAL @ SAC,L,37,8,19,0.421,1,6,0.167,4,4,1.0,1,7,8,4,1,0,2,1,21,-20,0,2003-04,Regular Season,1717,Dirk Nowitzki
22003,1717,0020300954,2004-03-13,DAL @ PHX,W,29,3,12,0.25,0,3,0.0,2,2,1.0,2,10,12,4,0,0,1,3,8,23,0,2003-04,Regular Season,1717,Dirk Nowitzki
22003,1717,0020300963,2004-03-14,DAL @ LAC,W,45,12,23,0.522,0,2,0.0,10,12,0.833,1,14,15,3,2,1,1,1,34,13,0,2003-04,Regular Season,1717,Dirk Nowitzki
22003,1717,0020300980,2004-03-17,DAL vs. ATL,L,43,11,22,0.5,1,3,0.333,5,6,0.833,1,9,10,1,0,0,1,4,28,4,0,2003-04,Regular Season,1717,Dirk Nowitzki
22003,1717,0020300993,2004-03-19,DAL vs. BOS,W,41,9,19,0.474,0,0,0.0,6,6,1.0,2,5,7,5,1,0,3,4,24,23,0,2003-04,Regular Season,1717,Dirk Nowitzki
22003,1717,0020301004,2004-03-21,DAL @ NJN,W,34,7,19,0.368,1,2,0.5,6,6,1.0,0,5,5,1,0,2,2,2,21,-2,0,2003-04,Regular Season,1717,Dirk Nowitzki
22003,1717,0020301013,2004-03-22,DAL @ PHI,L,44,11,20,0.55,3,4,0.75,5,7,0.714,0,6,6,2,2,0,0,4,30,-8,0,2003-04,Regular Season,1717,Dirk Nowitzki
22003,1717,0020301028,2004-03-24,DAL @ IND,L,39,8,19,0.421,1,4,0.25,5,6,0.833,0,7,7,2,2,5,2,6,22,-8,0,2003-04,Regular Season,1717,Dirk Nowitzki
22003,1717,0020301041,2004-03-26,DAL @ MIA,L,43,9,20,0.45,0,2,0.0,7,8,0.875,1,11,12,1,0,1,4,6,25,7,0,2003-04,Regular Season,1717,Dirk Nowitzki
22003,1717,0020301057,2004-03-28,DAL @ ORL,W,34,11,19,0.579,3,3,1.0,0,1,0.0,1,8,9,2,3,2,0,2,25,33,0,2003-04,Regular Season,1717,Dirk Nowitzki
22003,1717,0020301073,2004-03-30,DAL vs. CLE,W,42,14,23,0.609,1,2,0.5,6,6,1.0,2,16,18,4,1,1,1,3,35,19,0,2003-04,Regular Season,1717,Dirk Nowitzki
22003,1717,0020301087,2004-04-01,DAL vs. SAC,W,40,8,18,0.444,1,2,0.5,10,12,0.833,1,9,10,4,2,1,3,5,27,1,0,2003-04,Regular Season,1717,Dirk Nowitzki
22003,1717,0020301104,2004-04-03,DAL vs. PHX,W,34,14,22,0.636,3,7,0.429,3,3,1.0,0,7,7,4,1,1,1,2,34,13,0,2003-04,Regular Season,1717,Dirk Nowitzki
22003,1717,0020301120,2004-04-06,DAL vs. SEA,W,36,9,17,0.529,1,2,0.5,4,4,1.0,2,6,8,2,0,4,2,2,23,11,0,2003-04,Regular Season,1717,Dirk Nowitzki
22003,1717,0020301134,2004-04-08,DAL vs. UTA,W,34,7,10,0.7,2,4,0.5,11,11,1.0,1,3,4,3,1,2,0,3,27,31,0,2003-04,Regular Season,1717,Dirk Nowitzki
22003,1717,0020301147,2004-04-10,DAL @ SEA,L,27,3,15,0.2,2,4,0.5,2,2,1.0,0,6,6,1,0,2,1,1,10,-31,0,2003-04,Regular Season,1717,Dirk Nowitzki
22003,1717,0020301159,2004-04-11,DAL @ GSW,L,46,10,15,0.667,1,2,0.5,8,9,0.889,1,13,14,3,2,1,6,3,29,0,0,2003-04,Regular Season,1717,Dirk Nowitzki
22003,1717,0020301173,2004-04-13,DAL vs. MEM,W,27,4,9,0.444,0,0,0.0,3,4,0.75,2,8,10,0,1,3,0,4,11,4,0,2003-04,Regular Season,1717,Dirk Nowitzki
22003,1717,0020301186,2004-04-14,DAL @ HOU,W,23,3,10,0.3,0,3,0.0,4,6,0.667,1,5,6,1,0,1,1,3,10,5,0,2003-04,Regular Season,1717,Dirk Nowitzki
42003,1717,0040300171,2004-04-18,DAL @ SAC,L,43,12,19,0.632,4,6,0.667,4,4,1.0,0,13,13,3,3,5,1,5,32,-14,0,2003-04,Playoffs,1717,Dirk Nowitzki
42003,1717,0040300172,2004-04-20,DAL @ SAC,L,46,10,22,0.455,0,5,0.0,8,9,0.889,1,9,10,2,1,2,1,3,28,-4,0,2003-04,Playoffs,1717,Dirk Nowitzki
42003,1717,0040300173,2004-04-24,DAL vs. SAC,W,32,7,14,0.5,1,1,1.0,6,8,0.75,0,8,8,0,2,0,1,3,21,29,0,2003-04,Playoffs,1717,Dirk Nowitzki
42003,1717,0040300174,2004-04-26,DAL vs. SAC,L,43,5,22,0.227,0,1,0.0,11,14,0.786,7,7,14,2,0,2,0,1,21,-5,0,2003-04,Playoffs,1717,Dirk Nowitzki
42003,1717,0040300175,2004-04-29,DAL @ SAC,L,48,11,23,0.478,2,2,1.0,7,7,1.0,5,9,14,0,1,4,3,4,31,-1,0,2003-04,Playoffs,1717,Dirk Nowitzki
22003,708,0020300009,2003-10-29,MIN vs. MIL,W,41,11,23,0.478,0,0,0.0,3,6,0.5,5,16,21,6,1,3,1,2,25,6,0,2003-04,Regular Season,708,Kevin Garnett
22003,708,0020300022,2003-10-31,MIN @ NJN,L,41,10,21,0.476,0,0,0.0,3,3,1.0,2,4,6,3,2,1,3,5,23,-17,0,2003-04,Regular Season,708,Kevin Garnett
22003,708,0020300031,2003-11-01,MIN vs. TOR,W,39,9,20,0.45,0,0,0.0,2,2,1.0,2,5,7,5,1,4,2,2,20,17,0,2003-04,Regular Season,708,Kevin Garnett
22003,708,0020300046,2003-11-03,MIN @ UTA,L,16,5,8,0.625,0,0,0.0,0,0,0.0,2,2,4,0,0,1,1,2,10,-7,0,2003-04,Regular Season,708,Kevin Garnett
22003,708,0020300058,2003-11-05,MIN vs. SAC,L,48,11,26,0.423,0,2,0.0,6,6,1.0,3,8,11,3,3,4,3,2,28,-7,0,2003-04,Regular Season,708,Kevin Garnett
22003,708,0020300069,2003-11-07,MIN @ ORL,W,39,10,25,0.4,0,0,0.0,1,2,0.5,3,14,17,5,1,1,2,1,21,22,0,2003-04,Regular Season,708,Kevin Garnett
22003,708,0020300077,2003-11-08,MIN @ MIA,W,36,10,19,0.526,0,0,0.0,5,7,0.714,1,16,17,4,0,5,0,2,25,1,0,2003-04,Regular Season,708,Kevin Garnett
22003,708,0020300097,2003-11-11,MIN vs. SEA,L,45,10,17,0.588,0,0,0.0,6,8,0.75,2,11,13,4,0,1,0,3,26,5,0,2003-04,Regular Season,708,Kevin Garnett
22003,708,0020300113,2003-11-13,MIN @ CHI,W,44,9,19,0.474,0,0,0.0,1,4,0.25,5,12,17,4,1,0,4,4,19,4,0,2003-04,Regular Season,708,Kevin Garnett
22003,708,0020300120,2003-11-14,MIN vs. UTA,L,42,9,24,0.375,0,0,0.0,5,6,0.833,7,7,14,7,2,5,4,4,23,-15,0,2003-04,Regular Season,708,Kevin Garnett
22003,708,0020300148,2003-11-18,MIN vs. DEN,W,36,9,25,0.36,0,2,0.0,8,8,1.0,2,9,11,8,0,4,6,2,26,13,0,2003-04,Regular Season,708,Kevin Garnett
22003,708,0020300166,2003-11-21,MIN @ CLE,W,41,9,22,0.409,0,0,0.0,2,2,1.0,4,11,15,5,0,3,1,0,20,22,0,2003-04,Regular Season,708,Kevin Garnett
22003,708,0020300179,2003-11-22,MIN vs. LAC,W,37,14,19,0.737,0,0,0.0,2,2,1.0,3,16,19,5,3,2,1,2,30,13,0,2003-04,Regular Season,708,Kevin Garnett
22003,708,0020300192,2003-11-25,MIN @ IND,L,39,11,18,0.611,0,0,0.0,3,7,0.429,3,13,16,3,0,4,2,1,25,-5,0,2003-04,Regular Season,708,Kevin Garnett
22003,708,0020300204,2003-11-26,MIN vs. NYK,L,42,12,21,0.571,0,2,0.0,1,1,1.0,1,13,14,5,1,1,2,4,25,-1,0,2003-04,Regular Season,708,Kevin Garnett
22003,708,0020300216,2003-11-28,MIN @ MEM,W,40,8,15,0.533,0,0,0.0,5,9,0.556,2,16,18,7,1,2,2,3,21,8,0,2003-04,Regular Season,708,Kevin Garnett
22003,708,0020300228,2003-11-29,MIN @ DAL,L,40,11,20,0.55,1,1,1.0,5,6,0.833,9,11,20,4,0,2,6,4,28,-3,0,2003-04,Regular Season,708,Kevin Garnett
22003,708,0020300252,2003-12-03,MIN @ PHX,W,38,7,18,0.389,0,1,0.0,2,2,1.0,2,10,12,4,0,2,5,1,16,9,0,2003-04,Regular Season,708,Kevin Garnett
22003,708,0020300269,2003-12-05,MIN @ SAC,W,50,13,29,0.448,3,3,1.0,4,7,0.571,2,23,25,6,1,3,1,5,33,8,0,2003-04,Regular Season,708,Kevin Garnett
22003,708,0020300279,2003-12-07,MIN @ LAC,W,39,9,17,0.529,0,0,0.0,6,6,1.0,3,5,8,5,3,4,4,5,24,11,0,2003-04,Regular Season,708,Kevin Garnett
22003,708,0020300295,2003-12-09,MIN vs. GSW,L,42,11,23,0.478,0,0,0.0,11,12,0.917,4,10,14,3,2,1,1,2,33,3,0,2003-04,Regular Season,708,Kevin Garnett
22003,708,0020300310,2003-12-12,MIN @ WAS,W,40,10,15,0.667,0,0,0.0,3,5,0.6,4,12,16,5,1,2,3,4,23,27,0,2003-04,Regular Season,708,Kevin Garnett
22003,708,0020300333,2003-12-15,MIN @ BOS,W,42,10,17,0.588,0,0,0.0,7,8,0.875,0,12,12,7,1,1,1,0,27,24,0,2003-04,Regular Season,708,Kevin Garnett
22003,708,0020300341,2003-12-16,MIN vs. HOU,W,36,8,19,0.421,0,0,0.0,3,7,0.429,1,12,13,6,3,6,1,0,19,29,0,2003-04,Regular Season,708,Kevin Garnett
22003,708,0020300357,2003-12-18,MIN vs. DAL,W,41,13,26,0.5,1,1,1.0,8,9,0.889,2,8,10,10,2,2,2,3,35,3,0,2003-04,Regular Season,708,Kevin Garnett
22003,708,0020300373,2003-12-20,MIN vs. IND,W,36,11,18,0.611,0,0,0.0,6,8,0.75,1,8,9,6,3,7,1,2,28,25,0,2003-04,Regular Season,708,Kevin Garnett
22003,708,0020300390,2003-12-23,MIN @ NYK,W,39,9,19,0.474,0,0,0.0,4,4,1.0,2,11,13,3,4,1,2,2,22,9,0,2003-04,Regular Season,708,Kevin Garnett
22003,708,0020300416,2003-12-26,MIN @ POR,L,43,12,22,0.545,1,2,0.5,2,2,1.0,3,7,10,9,2,2,2,1,27,-3,0,2003-04,Regular Season,708,Kevin Garnett
22003,708,0020300422,2003-12-27,MIN @ SEA,W,39,10,18,0.556,0,0,0.0,8,11,0.727,1,13,14,5,1,1,5,4,28,14,0,2003-04,Regular Season,708,Kevin Garnett
22003,708,0020300442,2003-12-30,MIN vs. CHI,W,40,11,14,0.786,0,0,0.0,6,11,0.545,3,12,15,7,1,1,3,3,28,3,0,2003-04,Regular Season,708,Kevin Garnett
22003,708,0020300458,2004-01-02,MIN vs. ATL,W,33,7,21,0.333,0,0,0.0,4,5,0.8,5,10,15,4,1,1,4,3,18,11,0,2003-04,Regular Season,708,Kevin Garnett
22003,708,0020300469,2004-01-03,MIN @ DAL,L,46,11,28,0.393,0,1,0.0,5,6,0.833,9,13,22,7,1,0,2,3,27,-2,0,2003-04,Regular Season,708,Kevin Garnett
22003,708,0020300488,2004-01-06,MIN vs. LAL,W,42,12,20,0.6,0,0,0.0,2,3,0.667,4,14,18,6,0,2,5,4,26,25,0,2003-04,Regular Season,708,Kevin Garnett
22003,708,0020300504,2004-01-08,MIN vs. POR,W,31,13,21,0.619,0,1,0.0,0,0,0.0,4,10,14,2,3,1,3,2,26,17,0,2003-04,Regular Season,708,Kevin Garnett
22003,708,0020300519,2004-01-10,MIN vs. MIA,W,41,13,24,0.542,0,1,0.0,2,4,0.5,5,12,17,6,0,2,4,4,28,8,0,2003-04,Regular Season,708,Kevin Garnett
22003,708,0020300535,2004-01-13,MIN @ NOH,W,43,9,24,0.375,0,0,0.0,4,4,1.0,4,10,14,4,2,2,4,1,22,2,0,2003-04,Regular Season,708,Kevin Garnett
22003,708,0020300548,2004-01-14,MIN @ SAS,W,36,9,19,0.474,0,0,0.0,4,5,0.8,2,8,10,3,1,3,2,5,22,9,0,2003-04,Regular Season,708,Kevin Garnett
22003,708,0020300566,2004-01-17,MIN @ HOU,L,43,7,20,0.35,0,3,0.0,5,8,0.625,4,3,7,6,1,0,2,4,19,-10,0,2003-04,Regular Season,708,Kevin Garnett
22003,708,0020300586,2004-01-19,MIN vs. NOH,W,41,13,22,0.591,0,0,0.0,3,5,0.6,3,12,15,7,2,1,2,1,29,9,0,2003-04,Regular Season,708,Kevin Garnett
22003,708,0020300596,2004-01-21,MIN @ TOR,W,42,12,23,0.522,0,0,0.0,4,6,0.667,4,7,11,2,0,2,3,0,28,23,0,2003-04,Regular Season,708,Kevin Garnett
22003,708,0020300614,2004-01-23,MIN vs. DET,W,40,8,23,0.348,0,1,0.0,6,6,1.0,4,13,17,6,0,2,3,2,22,3,0,2003-04,Regular Season,708,Kevin Garnett
22003,708,0020300630,2004-01-25,MIN vs. PHX,W,42,8,20,0.4,0,1,0.0,3,6,0.5,5,12,17,8,1,3,1,3,19,7,0,2003-04,Regular Season,708,Kevin Garnett
22003,708,0020300638,2004-01-26,MIN @ DEN,W,40,13,26,0.5,0,1,0.0,5,7,0.714,5,8,13,2,4,1,5,1,31,15,0,2003-04,Regular Season,708,Kevin Garnett
22003,708,0020300656,2004-01-28,MIN @ GSW,L,41,8,17,0.471,0,2,0.0,4,6,0.667,2,18,20,10,1,3,3,3,20,-7,0,2003-04,Regular Season,708,Kevin Garnett
22003,708,0020300667,2004-01-30,MIN @ LAL,W,44,10,19,0.526,0,0,0.0,0,0,0.0,1,10,11,3,2,2,4,2,20,17,0,2003-04,Regular Season,708,Kevin Garnett
22003,708,0020300682,2004-02-01,MIN vs. PHI,W,40,13,23,0.565,0,0,0.0,6,6,1.0,3,10,13,9,1,3,3,3,32,4,0,2003-04,Regular Season,708,Kevin Garnett
22003,708,0020300695,2004-02-03,MIN vs. ORL,W,38,12,21,0.571,0,0,0.0,6,6,1.0,2,12,14,7,0,4,2,3,30,20,0,2003-04,Regular Season,708,Kevin Garnett
22003,708,0020300702,2004-02-04,MIN @ ATL,L,38,7,24,0.292,0,2,0.0,3,4,0.75,5,7,12,6,2,1,2,5,17,-7,0,2003-04,Regular Season,708,Kevin Garnett
22003,708,0020300715,2004-02-06,MIN vs. CLE,W,41,16,29,0.552,0,0,0.0,3,4,0.75,2,10,12,1,3,2,0,1,35,10,0,2003-04,Regular Season,708,Kevin Garnett
22003,708,0020300731,2004-02-08,MIN vs. MEM,L,39,11,22,0.5,0,0,0.0,8,9,0.889,4,12,16,5,2,2,4,3,30,-3,0,2003-04,Regular Season,708,Kevin Garnett
22003,708,0020300744,2004-02-10,MIN vs. LAC,W,39,15,21,0.714,0,0,0.0,1,2,0.5,3,13,16,3,2,4,2,2,31,17,0,2003-04,Regular Season,708,Kevin Garnett
22003,708,0020300757,2004-02-11,MIN @ UTA,W,38,7,18,0.389,0,0,0.0,3,6,0.5,2,10,12,1,2,3,5,2,17,9,0,2003-04,Regular Season,708,Kevin Garnett
22003,708,0020300766,2004-02-17,MIN vs. PHX,W,41,10,18,0.556,0,0,0.0,12,12,1.0,2,12,14,1,2,2,1,2,32,23,0,2003-04,Regular Season,708,Kevin Garnett
22003,708,0020300781,2004-02-19,MIN vs. SAC,W,34,8,19,0.421,0,0,0.0,6,7,0.857,2,22,24,4,0,1,5,2,22,14,0,2003-04,Regular Season,708,Kevin Garnett
22003,708,0020300790,2004-02-20,MIN @ DET,W,40,11,24,0.458,0,1,0.0,3,3,1.0,2,11,13,5,2,4,3,2,25,3,0,2003-04,Regular Season,708,Kevin Garnett
22003,708,0020300805,2004-02-22,MIN vs. SAS,L,42,12,27,0.444,0,1,0.0,4,5,0.8,1,9,10,7,2,3,4,5,28,6,0,2003-04,Regular Season,708,Kevin Garnett
22003,708,0020300819,2004-02-24,MIN @ MIL,W,40,7,15,0.467,0,0,0.0,2,6,0.333,2,16,18,6,2,0,2,4,16,14,0,2003-04,Regular Season,708,Kevin Garnett
22003,708,0020300827,2004-02-25,MIN vs. NJN,W,39,8,14,0.571,0,0,0.0,2,2,1.0,1,8,9,6,0,1,1,0,18,11,0,2003-04,Regular Season,708,Kevin Garnett
22003,708,0020300841,2004-02-27,MIN vs. GSW,W,40,10,17,0.588,0,1,0.0,4,5,0.8,4,5,9,9,2,1,3,2,24,14,0,2003-04,Regular Season,708,Kevin Garnett
22003,708,0020300859,2004-02-29,MIN @ PHI,L,42,8,19,0.421,0,1,0.0,11,11,1.0,0,13,13,5,2,2,4,1,27,0,0,2003-04,Regular Season,708,Kevin Garnett
22003,708,0020300879,2004-03-03,MIN vs. DAL,W,36,11,15,0.733,2,2,1.0,4,4,1.0,1,18,19,4,1,1,3,0,28,28,0,2003-04,Regular Season,708,Kevin Garnett
22003,708,0020300891,2004-03-05,MIN vs. HOU,L,41,13,24,0.542,1,3,0.333,5,7,0.714,5,13,18,3,2,0,1,2,32,-6,0,2003-04,Regular Season,708,Kevin Garnett
22003,708,0020300908,2004-03-07,MIN vs. BOS,L,41,9,19,0.474,0,0,0.0,2,2,1.0,4,10,14,6,2,2,0,2,20,5,0,2003-04,Regular Season,708,Kevin Garnett
22003,708,0020300925,2004-03-09,MIN @ SEA,W,38,11,20,0.55,0,0,0.0,7,8,0.875,4,6,10,5,1,2,2,4,29,20,0,2003-04,Regular Season,708,Kevin Garnett
22003,708,0020300935,2004-03-10,MIN @ POR,L,38,8,17,0.471,0,1,0.0,4,4,1.0,4,3,7,3,3,0,2,2,20,-13,0,2003-04,Regular Season,708,Kevin Garnett
22003,708,0020300943,2004-03-12,MIN vs. LAL,W,39,9,20,0.45,0,1,0.0,2,2,1.0,2,11,13,2,3,1,2,3,20,5,0,2003-04,Regular Season,708,Kevin Garnett
22003,708,0020300959,2004-03-14,MIN vs. POR,L,40,10,20,0.5,0,2,0.0,0,3,0.0,5,9,14,7,2,1,0,6,20,-9,0,2003-04,Regular Season,708,Kevin Garnett
22003,708,0020300985,2004-03-18,MIN @ SAS,L,39,9,15,0.6,0,0,0.0,10,11,0.909,1,11,12,3,0,0,4,4,28,-13,0,2003-04,Regular Season,708,Kevin Garnett
22003,708,0020300994,2004-03-19,MIN @ PHX,W,41,8,17,0.471,0,1,0.0,1,4,0.25,4,16,20,6,0,5,5,1,17,7,0,2003-04,Regular Season,708,Kevin Garnett
22003,708,0020301005,2004-03-21,MIN vs. DEN,W,31,8,14,0.571,0,0,0.0,4,4,1.0,1,12,13,7,0,1,1,1,20,18,0,2003-04,Regular Season,708,Kevin Garnett
22003,708,0020301020,2004-03-23,MIN vs. SAS,W,39,10,20,0.5,0,0,0.0,7,9,0.778,2,8,10,4,1,3,3,1,27,8,0,2003-04,Regular Season,708,Kevin Garnett
22003,708,0020301030,2004-03-24,MIN @ DEN,L,39,6,12,0.5,1,1,1.0,11,12,0.917,3,11,14,3,0,3,3,5,24,-9,0,2003-04,Regular Season,708,Kevin Garnett
22003,708,0020301046,2004-03-26,MIN @ LAL,L,40,6,18,0.333,1,1,1.0,3,4,0.75,3,13,16,7,4,1,5,2,16,-11,0,2003-04,Regular Season,708,Kevin Garnett
22003,708,0020301055,2004-03-27,MIN @ LAC,W,38,7,14,0.5,0,0,0.0,3,3,1.0,0,15,15,5,3,3,2,4,17,10,0,2003-04,Regular Season,708,Kevin Garnett
22003,708,0020301068,2004-03-29,MIN @ HOU,W,39,9,18,0.5,0,0,0.0,9,9,1.0,4,7,11,9,2,3,3,2,27,6,0,2003-04,Regular Season,708,Kevin Garnett
22003,708,0020301083,2004-03-31,MIN vs. SEA,W,41,9,15,0.6,0,0,0.0,9,9,1.0,2,8,10,7,1,2,4,1,27,2,0,2003-04,Regular Season,708,Kevin Garnett
22003,708,0020301094,2004-04-02,MIN vs. WAS,W,32,9,19,0.474,0,0,0.0,4,4,1.0,2,4,6,4,3,2,1,1,22,12,0,2003-04,Regular Season,708,Kevin Garnett
22003,708,0020301109,2004-04-04,MIN vs. MEM,W,39,5,20,0.25,0,0,0.0,4,5,0.8,7,15,22,5,1,4,4,3,14,5,0,2003-04,Regular Season,708,Kevin Garnett
22003,708,0020301135,2004-04-08,MIN @ SAC,W,46,10,18,0.556,0,0,0.0,4,6,0.667,2,15,17,5,3,2,1,2,24,8,0,2003-04,Regular Season,708,Kevin Garnett
22003,708,0020301146,2004-04-09,MIN @ GSW,W,36,12,15,0.8,0,0,0.0,5,6,0.833,3,12,15,4,3,2,2,4,29,18,0,2003-04,Regular Season,708,Kevin Garnett
22003,708,0020301167,2004-04-12,MIN vs. UTA,W,40,6,13,0.462,0,0,0.0,9,11,0.818,4,13,17,3,1,4,5,1,21,12,0,2003-04,Regular Season,708,Kevin Garnett
22003,708,0020301183,2004-04-14,MIN @ MEM,W,31,9,13,0.692,0,0,0.0,8,8,1.0,2,7,9,2,1,2,0,1,26,28,0,2003-04,Regular Season,708,Kevin Garnett
42003,708,0040300141,2004-04-18,MIN vs. DEN,W,37,13,30,0.433,0,0,0.0,4,6,0.667,4,16,20,4,1,2,5,5,30,32,0,2003-04,Playoffs,708,Kevin Garnett
42003,708,0040300142,2004-04-21,MIN vs. DEN,W,44,9,27,0.333,0,1,0.0,2,2,1.0,2,20,22,10,1,3,2,1,20,12,0,2003-04,Playoffs,708,Kevin Garnett
42003,708,0040300143,2004-04-24,MIN @ DEN,L,44,10,18,0.556,0,0,0.0,4,7,0.571,2,9,11,8,0,1,4,4,24,-15,0,2003-04,Playoffs,708,Kevin Garnett
42003,708,0040300144,2004-04-27,MIN @ DEN,W,44,8,17,0.471,0,0,0.0,11,15,0.733,0,14,14,5,1,2,5,4,27,12,0,2003-04,Playoffs,708,Kevin Garnett
42003,708,0040300145,2004-04-30,MIN vs. DEN,W,39,9,16,0.563,0,0,0.0,10,13,0.769,0,7,7,8,2,2,6,3,28,17,0,2003-04,Playoffs,708,Kevin Garnett
42003,708,0040300221,2004-05-04,MIN vs. SAC,L,45,6,21,0.286,0,2,0.0,4,4,1.0,4,14,18,7,1,1,6,3,16,-12,0,2003-04,Playoffs,708,Kevin Garnett
42003,708,0040300222,2004-05-08,MIN vs. SAC,W,43,8,16,0.5,0,1,0.0,12,14,0.857,0,11,11,4,1,6,4,1,28,13,0,2003-04,Playoffs,708,Kevin Garnett
42003,708,0040300223,2004-05-10,MIN @ SAC,W,44,11,23,0.478,0,1,0.0,8,9,0.889,2,13,15,3,3,5,1,4,30,-6,0,2003-04,Playoffs,708,Kevin Garnett
42003,708,0040300224,2004-05-12,MIN @ SAC,L,45,8,18,0.444,1,3,0.333,2,2,1.0,6,15,21,6,1,2,5,4,19,-2,0,2003-04,Playoffs,708,Kevin Garnett
42003,708,0040300225,2004-05-14,MIN vs. SAC,W,43,9,21,0.429,0,0,0.0,5,6,0.833,3,9,12,3,2,3,8,2,23,8,0,2003-04,Playoffs,708,Kevin Garnett
42003,708,0040300226,2004-05-16,MIN @ SAC,L,45,8,19,0.421,0,0,0.0,3,4,0.75,2,8,10,5,0,2,5,5,19,-11,0,2003-04,Playoffs,708,Kevin Garnett
42003,708,0040300227,2004-05-19,MIN vs. SAC,W,46,12,23,0.522,1,1,1.0,7,11,0.636,1,20,21,2,4,5,2,1,32,1,0,2003-04,Playoffs,708,Kevin Garnett
42003,708,0040300311,2004-05-21,MIN vs. LAL,L,45,7,15,0.467,0,1,0.0,2,2,1.0,0,10,10,2,2,2,4,2,16,-9,0,2003-04,Playoffs,708,Kevin Garnett
42003,708,0040300312,2004-05-23,MIN vs. LAL,W,42,10,20,0.5,1,1,1.0,3,5,0.6,1,10,11,3,2,1,2,0,24,16,0,2003-04,Playoffs,708,Kevin Garnett
42003,708,0040300313,2004-05-25,MIN @ LAL,L,42,9,21,0.429,1,2,0.5,3,4,0.75,3,8,11,7,0,0,4,6,22,-7,0,2003-04,Playoffs,708,Kevin Garnett
42003,708,0040300314,2004-05-27,MIN @ LAL,L,47,12,24,0.5,1,2,0.5,3,4,0.75,2,11,13,9,1,1,4,3,28,-5,0,2003-04,Playoffs,708,Kevin Garnett
42003,708,0040300315,2004-05-29,MIN vs. LAL,W,46,10,23,0.435,0,0,0.0,10,11,0.909,3,16,19,4,1,1,0,3,30,0,0,2003-04,Playoffs,708,Kevin Garnett
42003,708,0040300316,2004-05-31,MIN @ LAL,L,43,9,20,0.45,0,1,0.0,4,6,0.667,4,13,17,2,1,2,8,6,22,-4,0,2003-04,Playoffs,708,Kevin Garnett
22003,1718,0020300004,2003-10-29,BOS vs. MIA,W,35,8,15,0.533,1,3,0.333,6,7,0.857,1,6,7,4,0,0,3,2,23,12,0,2003-04,Regular Season,1718,Paul Pierce
22003,1718,0020300023,2003-10-31,BOS @ MEM,W,36,7,15,0.467,0,2,0.0,9,11,0.818,1,7,8,3,2,2,9,6,23,-12,0,2003-04,Regular Season,1718,Paul Pierce
22003,1718,0020300030,2003-11-01,BOS @ NOH,L,45,9,25,0.36,3,6,0.5,4,4,1.0,0,10,10,5,3,1,4,2,25,-13,0,2003-04,Regular Season,1718,Paul Pierce
22003,1718,0020300056,2003-11-05,BOS @ DET,L,40,8,19,0.421,0,1,0.0,4,4,1.0,1,6,7,10,1,1,5,3,20,-12,0,2003-04,Regular Season,1718,Paul Pierce
22003,1718,0020300066,2003-11-07,BOS vs. NJN,L,43,12,32,0.375,1,6,0.167,2,2,1.0,2,8,10,4,2,0,8,2,27,-12,0,2003-04,Regular Season,1718,Paul Pierce
22003,1718,0020300086,2003-11-09,BOS vs. SAC,W,35,7,19,0.368,0,4,0.0,3,4,0.75,1,4,5,1,1,1,4,4,17,-3,0,2003-04,Regular Season,1718,Paul Pierce
22003,1718,0020300096,2003-11-11,BOS @ IND,W,38,7,18,0.389,3,4,0.75,2,3,0.667,2,4,6,9,1,1,4,2,19,5,0,2003-04,Regular Season,1718,Paul Pierce
22003,1718,0020300103,2003-11-12,BOS vs. CHI,L,39,4,15,0.267,2,6,0.333,4,4,1.0,1,6,7,8,1,0,7,2,14,-4,0,2003-04,Regular Season,1718,Paul Pierce
22003,1718,0020300115,2003-11-14,BOS vs. CLE,W,36,6,16,0.375,1,1,1.0,6,8,0.75,0,5,5,6,0,2,1,3,19,-3,0,2003-04,Regular Season,1718,Paul Pierce
22003,1718,0020300140,2003-11-17,BOS @ NYK,L,35,6,20,0.3,0,4,0.0,5,5,1.0,2,2,4,5,3,1,1,3,17,-17,0,2003-04,Regular Season,1718,Paul Pierce
22003,1718,0020300152,2003-11-19,BOS vs. NOH,L,37,6,14,0.429,3,7,0.429,8,9,0.889,1,3,4,5,2,2,5,2,23,-6,0,2003-04,Regular Season,1718,Paul Pierce
22003,1718,0020300164,2003-11-21,BOS @ PHI,L,41,13,29,0.448,2,7,0.286,5,6,0.833,2,5,7,6,3,0,5,0,33,7,0,2003-04,Regular Season,1718,Paul Pierce
22003,1718,0020300188,2003-11-24,BOS vs. NYK,L,32,4,15,0.267,0,2,0.0,8,8,1.0,0,10,10,4,0,2,3,4,16,3,0,2003-04,Regular Season,1718,Paul Pierce
22003,1718,0020300201,2003-11-26,BOS @ ORL,W,37,12,22,0.545,0,1,0.0,6,7,0.857,1,7,8,6,2,0,1,3,30,6,0,2003-04,Regular Season,1718,Paul Pierce
22003,1718,0020300211,2003-11-28,BOS vs. MIL,W,39,9,22,0.409,1,4,0.25,7,7,1.0,0,10,10,10,1,0,5,3,26,7,0,2003-04,Regular Season,1718,Paul Pierce
22003,1718,0020300229,2003-11-29,BOS @ MIL,L,37,7,14,0.5,4,7,0.571,3,8,0.375,1,6,7,7,1,1,6,5,21,-13,0,2003-04,Regular Season,1718,Paul Pierce
22003,1718,0020300235,2003-12-01,BOS vs. MEM,L,37,8,18,0.444,4,5,0.8,6,7,0.857,0,5,5,0,0,0,5,6,26,-2,0,2003-04,Regular Season,1718,Paul Pierce
22003,1718,0020300246,2003-12-03,BOS @ TOR,L,41,7,20,0.35,1,5,0.2,8,9,0.889,1,8,9,9,2,0,5,2,23,-16,0,2003-04,Regular Season,1718,Paul Pierce
22003,1718,0020300260,2003-12-05,BOS vs. PHX,L,40,8,16,0.5,3,5,0.6,5,5,1.0,0,6,6,4,1,1,4,3,24,-2,0,2003-04,Regular Season,1718,Paul Pierce
22003,1718,0020300282,2003-12-07,BOS @ DEN,W,41,12,22,0.545,3,7,0.429,6,8,0.75,1,6,7,10,1,0,3,1,33,4,0,2003-04,Regular Season,1718,Paul Pierce
22003,1718,0020300288,2003-12-08,BOS @ UTA,W,30,5,15,0.333,0,4,0.0,4,4,1.0,0,4,4,2,2,0,3,1,14,19,0,2003-04,Regular Season,1718,Paul Pierce
22003,1718,0020300299,2003-12-10,BOS vs. SEA,W,35,13,23,0.565,2,5,0.4,8,8,1.0,1,13,14,3,2,4,5,1,36,27,0,2003-04,Regular Season,1718,Paul Pierce
22003,1718,0020300311,2003-12-12,BOS vs. TOR,W,40,13,27,0.481,0,2,0.0,7,9,0.778,3,8,11,5,1,0,2,2,33,7,0,2003-04,Regular Season,1718,Paul Pierce
22003,1718,0020300322,2003-12-13,BOS @ CLE,W,44,12,25,0.48,1,5,0.2,16,18,0.889,2,7,9,6,4,2,4,1,41,4,0,2003-04,Regular Season,1718,Paul Pierce
22003,1718,0020300333,2003-12-15,BOS vs. MIN,L,37,6,18,0.333,1,5,0.2,2,4,0.5,3,6,9,11,3,1,1,1,15,-15,0,2003-04,Regular Season,1718,Paul Pierce
22003,1718,0020300353,2003-12-17,BOS vs. DAL,W,44,7,19,0.368,4,7,0.571,7,8,0.875,2,9,11,7,2,2,5,4,25,5,0,2003-04,Regular Season,1718,Paul Pierce
22003,1718,0020300363,2003-12-19,BOS vs. UTA,L,44,6,15,0.4,1,2,0.5,6,7,0.857,2,3,5,8,0,0,4,2,19,1,0,2003-04,Regular Season,1718,Paul Pierce
22003,1718,0020300381,2003-12-21,BOS vs. PHI,W,45,6,15,0.4,3,7,0.429,16,18,0.889,1,9,10,7,2,1,5,2,31,6,0,2003-04,Regular Season,1718,Paul Pierce
22003,1718,0020300393,2003-12-23,BOS @ ATL,L,41,4,16,0.25,0,7,0.0,7,7,1.0,1,4,5,5,1,1,6,3,15,-5,0,2003-04,Regular Season,1718,Paul Pierce
22003,1718,0020300413,2003-12-26,BOS @ PHX,W,43,9,15,0.6,3,5,0.6,6,10,0.6,0,7,7,11,4,0,8,5,27,1,0,2003-04,Regular Season,1718,Paul Pierce
22003,1718,0020300429,2003-12-28,BOS @ LAL,L,37,8,18,0.444,2,5,0.4,6,6,1.0,0,2,2,5,3,0,7,2,24,-12,0,2003-04,Regular Season,1718,Paul Pierce
22003,1718,0020300438,2003-12-29,BOS @ GSW,W,40,6,17,0.353,0,4,0.0,9,11,0.818,0,7,7,6,4,0,3,3,21,8,0,2003-04,Regular Season,1718,Paul Pierce
22003,1718,0020300446,2003-12-31,BOS vs. NOH,L,41,4,16,0.25,2,6,0.333,4,8,0.5,0,3,3,6,0,0,3,2,14,2,0,2003-04,Regular Season,1718,Paul Pierce
22003,1718,0020300453,2004-01-02,BOS vs. IND,L,29,8,19,0.421,2,6,0.333,0,3,0.0,0,9,9,0,0,1,3,4,18,-14,0,2003-04,Regular Season,1718,Paul Pierce
22003,1718,0020300468,2004-01-03,BOS @ CHI,W,41,9,23,0.391,3,8,0.375,12,16,0.75,0,3,3,2,0,1,2,3,33,17,0,2003-04,Regular Season,1718,Paul Pierce
22003,1718,0020300477,2004-01-05,BOS vs. DET,L,42,10,25,0.4,4,12,0.333,3,4,0.75,0,6,6,5,0,0,2,3,27,-9,0,2003-04,Regular Season,1718,Paul Pierce
22003,1718,0020300492,2004-01-07,BOS vs. ORL,W,42,6,17,0.353,0,4,0.0,7,7,1.0,0,10,10,9,0,0,9,3,19,9,0,2003-04,Regular Season,1718,Paul Pierce
22003,1718,0020300508,2004-01-09,BOS vs. CLE,W,34,8,15,0.533,2,4,0.5,12,13,0.923,1,11,12,8,1,2,1,3,30,27,0,2003-04,Regular Season,1718,Paul Pierce
22003,1718,0020300526,2004-01-11,BOS @ HOU,W,39,7,15,0.467,2,4,0.5,11,12,0.917,1,7,8,1,1,0,3,3,27,-6,0,2003-04,Regular Season,1718,Paul Pierce
22003,1718,0020300536,2004-01-13,BOS @ MIL,L,43,6,17,0.353,3,7,0.429,7,8,0.875,1,5,6,8,3,1,3,5,22,-1,0,2003-04,Regular Season,1718,Paul Pierce
22003,1718,0020300543,2004-01-14,BOS vs. HOU,L,37,1,10,0.1,0,4,0.0,2,2,1.0,0,2,2,4,0,1,2,2,4,-18,0,2003-04,Regular Season,1718,Paul Pierce
22003,1718,0020300557,2004-01-16,BOS @ ORL,L,46,7,26,0.269,2,10,0.2,4,6,0.667,4,3,7,7,3,0,5,5,20,-7,0,2003-04,Regular Season,1718,Paul Pierce
22003,1718,0020300576,2004-01-18,BOS vs. SAS,L,34,6,18,0.333,2,5,0.4,5,6,0.833,1,3,4,1,0,2,1,3,19,-17,0,2003-04,Regular Season,1718,Paul Pierce
22003,1718,0020300592,2004-01-20,BOS @ MIA,W,41,12,24,0.5,2,3,0.667,3,6,0.5,1,7,8,3,3,0,2,4,29,8,0,2003-04,Regular Season,1718,Paul Pierce
22003,1718,0020300609,2004-01-23,BOS vs. WAS,W,39,8,23,0.348,3,5,0.6,5,6,0.833,0,4,4,4,4,0,5,0,24,25,0,2003-04,Regular Season,1718,Paul Pierce
22003,1718,0020300627,2004-01-25,BOS @ NJN,L,33,3,15,0.2,0,7,0.0,7,8,0.875,0,2,2,5,2,0,7,4,13,-7,0,2003-04,Regular Season,1718,Paul Pierce
22003,1718,0020300645,2004-01-28,BOS vs. DET,L,35,7,17,0.412,2,3,0.667,10,11,0.909,0,5,5,7,1,2,5,5,26,-4,0,2003-04,Regular Season,1718,Paul Pierce
22003,1718,0020300663,2004-01-30,BOS vs. NYK,L,36,3,16,0.188,1,7,0.143,5,6,0.833,2,2,4,3,4,0,4,4,12,-17,0,2003-04,Regular Season,1718,Paul Pierce
22003,1718,0020300676,2004-01-31,BOS @ IND,L,33,11,18,0.611,2,5,0.4,0,0,0.0,0,6,6,3,3,0,2,3,24,-2,0,2003-04,Regular Season,1718,Paul Pierce
22003,1718,0020300698,2004-02-04,BOS vs. LAC,L,36,8,20,0.4,1,5,0.2,5,5,1.0,0,1,1,1,2,1,3,5,22,-9,0,2003-04,Regular Season,1718,Paul Pierce
22003,1718,0020300711,2004-02-06,BOS vs. ATL,L,38,9,21,0.429,0,6,0.0,10,10,1.0,0,4,4,3,4,0,2,5,28,4,0,2003-04,Regular Season,1718,Paul Pierce
22003,1718,0020300723,2004-02-07,BOS @ PHI,W,38,10,18,0.556,2,4,0.5,13,15,0.867,0,2,2,3,2,1,7,2,35,23,0,2003-04,Regular Season,1718,Paul Pierce
22003,1718,0020300737,2004-02-09,BOS @ CLE,L,44,12,30,0.4,1,5,0.2,7,9,0.778,2,5,7,6,2,0,2,3,32,-12,0,2003-04,Regular Season,1718,Paul Pierce
22003,1718,0020300759,2004-02-12,BOS @ CHI,L,32,1,6,0.167,0,1,0.0,2,3,0.667,1,5,6,1,2,0,6,2,4,-20,0,2003-04,Regular Season,1718,Paul Pierce
22003,1718,0020300771,2004-02-17,BOS @ SAC,L,38,9,20,0.45,1,3,0.333,8,9,0.889,0,5,5,3,2,0,2,3,27,-14,0,2003-04,Regular Season,1718,Paul Pierce
22003,1718,0020300783,2004-02-19,BOS @ LAC,L,44,5,19,0.263,2,9,0.222,6,7,0.857,2,4,6,3,1,1,4,3,18,0,0,2003-04,Regular Season,1718,Paul Pierce
22003,1718,0020300800,2004-02-21,BOS @ POR,L,34,3,13,0.231,1,6,0.167,4,4,1.0,0,2,2,3,2,0,4,2,11,-29,0,2003-04,Regular Season,1718,Paul Pierce
22003,1718,0020300810,2004-02-22,BOS @ SEA,L,42,9,20,0.45,3,7,0.429,13,16,0.813,1,6,7,6,0,1,5,1,34,-12,0,2003-04,Regular Season,1718,Paul Pierce
22003,1718,0020300824,2004-02-25,BOS vs. MIL,L,29,7,11,0.636,2,3,0.667,5,7,0.714,0,6,6,4,2,0,4,6,21,10,0,2003-04,Regular Season,1718,Paul Pierce
22003,1718,0020300837,2004-02-27,BOS vs. TOR,W,39,5,16,0.313,0,1,0.0,11,12,0.917,0,7,7,5,1,1,4,2,21,18,0,2003-04,Regular Season,1718,Paul Pierce
22003,1718,0020300855,2004-02-29,BOS @ TOR,W,29,7,17,0.412,0,2,0.0,8,9,0.889,0,4,4,2,0,0,4,4,22,18,0,2003-04,Regular Season,1718,Paul Pierce
22003,1718,0020300863,2004-03-01,BOS vs. ORL,W,38,8,17,0.471,2,5,0.4,7,8,0.875,1,6,7,9,0,0,0,2,25,24,0,2003-04,Regular Season,1718,Paul Pierce
22003,1718,0020300889,2004-03-05,BOS vs. WAS,W,44,7,23,0.304,0,5,0.0,10,12,0.833,0,10,10,8,5,1,2,3,24,9,0,2003-04,Regular Season,1718,Paul Pierce
22003,1718,0020300908,2004-03-07,BOS @ MIN,W,43,4,21,0.19,0,3,0.0,5,5,1.0,1,9,10,6,1,0,2,4,13,4,0,2003-04,Regular Season,1718,Paul Pierce
22003,1718,0020300919,2004-03-09,BOS @ NYK,W,42,9,22,0.409,1,6,0.167,4,8,0.5,4,4,8,8,3,0,5,3,23,12,0,2003-04,Regular Season,1718,Paul Pierce
22003,1718,0020300926,2004-03-10,BOS vs. LAL,L,45,9,22,0.409,3,7,0.429,9,11,0.818,1,3,4,2,1,0,4,3,30,-2,0,2003-04,Regular Season,1718,Paul Pierce
22003,1718,0020300939,2004-03-12,BOS vs. IND,L,38,7,19,0.368,1,6,0.167,6,7,0.857,1,4,5,3,1,1,3,3,21,-23,0,2003-04,Regular Season,1718,Paul Pierce
22003,1718,0020300949,2004-03-13,BOS @ WAS,W,44,13,28,0.464,3,9,0.333,8,9,0.889,1,11,12,4,3,0,1,2,37,18,0,2003-04,Regular Season,1718,Paul Pierce
22003,1718,0020300975,2004-03-17,BOS vs. DEN,W,43,10,21,0.476,1,3,0.333,7,10,0.7,2,9,11,7,2,3,3,4,28,10,0,2003-04,Regular Season,1718,Paul Pierce
22003,1718,0020300993,2004-03-19,BOS @ DAL,L,39,7,16,0.438,0,3,0.0,3,7,0.429,1,3,4,5,2,0,4,3,17,-22,0,2003-04,Regular Season,1718,Paul Pierce
22003,1718,0020301001,2004-03-20,BOS @ SAS,L,37,6,24,0.25,0,1,0.0,6,6,1.0,1,2,3,6,1,0,4,3,18,-17,0,2003-04,Regular Season,1718,Paul Pierce
22003,1718,0020301042,2004-03-26,BOS vs. NJN,W,39,10,20,0.5,1,2,0.5,13,15,0.867,0,8,8,2,2,1,0,2,34,-1,0,2003-04,Regular Season,1718,Paul Pierce
22003,1718,0020301060,2004-03-28,BOS vs. PHI,W,27,5,13,0.385,0,2,0.0,1,1,1.0,0,6,6,2,0,1,4,3,11,14,0,2003-04,Regular Season,1718,Paul Pierce
22003,1718,0020301065,2004-03-29,BOS @ NJN,W,33,8,19,0.421,2,7,0.286,3,4,0.75,0,2,2,2,0,0,3,5,21,4,0,2003-04,Regular Season,1718,Paul Pierce
22003,1718,0020301076,2004-03-31,BOS vs. POR,L,43,8,17,0.471,2,7,0.286,5,7,0.714,3,6,9,5,4,0,6,1,23,-8,0,2003-04,Regular Season,1718,Paul Pierce
22003,1718,0020301090,2004-04-02,BOS vs. GSW,W,39,8,16,0.5,0,1,0.0,16,23,0.696,1,8,9,5,1,2,2,4,32,-1,0,2003-04,Regular Season,1718,Paul Pierce
22003,1718,0020301108,2004-04-04,BOS @ WAS,L,44,7,18,0.389,0,5,0.0,3,6,0.5,0,7,7,13,3,0,5,3,17,-10,0,2003-04,Regular Season,1718,Paul Pierce
22003,1718,0020301125,2004-04-07,BOS @ MIA,L,45,10,18,0.556,1,4,0.25,10,12,0.833,1,4,5,5,0,0,2,3,31,-2,0,2003-04,Regular Season,1718,Paul Pierce
22003,1718,0020301138,2004-04-09,BOS @ NOH,L,43,5,16,0.313,1,6,0.167,5,7,0.714,0,4,4,5,0,1,5,3,16,-11,0,2003-04,Regular Season,1718,Paul Pierce
22003,1718,0020301150,2004-04-10,BOS @ ATL,L,44,5,13,0.385,3,5,0.6,6,9,0.667,1,5,6,5,2,1,1,1,19,-5,0,2003-04,Regular Season,1718,Paul Pierce
42003,1718,0040300101,2004-04-17,BOS @ IND,L,43,5,18,0.278,2,5,0.4,8,10,0.8,3,7,10,4,3,1,8,3,20,-8,0,2003-04,Playoffs,1718,Paul Pierce
42003,1718,0040300102,2004-04-20,BOS @ IND,L,35,7,18,0.389,0,2,0.0,13,16,0.813,2,5,7,1,0,1,7,4,27,-12,0,2003-04,Playoffs,1718,Paul Pierce
42003,1718,0040300103,2004-04-23,BOS vs. IND,L,37,4,17,0.235,0,2,0.0,1,1,1.0,0,7,7,4,0,0,4,3,9,-22,0,2003-04,Playoffs,1718,Paul Pierce
42003,1718,0040300104,2004-04-25,BOS vs. IND,L,47,10,23,0.435,3,8,0.375,4,4,1.0,1,10,11,1,2,2,6,2,27,-14,0,2003-04,Playoffs,1718,Paul Pierce
22003,947,0020300001,2003-10-28,PHI vs. MIA,W,45,9,25,0.36,3,11,0.273,5,8,0.625,1,4,5,11,5,0,3,2,26,11,0,2003-04,Regular Season,947,Allen Iverson
22003,947,0020300026,2003-10-31,PHI @ SAC,L,46,10,23,0.435,0,3,0.0,7,8,0.875,0,6,6,7,1,0,6,2,27,-11,0,2003-04,Regular Season,947,Allen Iverson
22003,947,0020300039,2003-11-01,PHI @ GSW,L,42,7,17,0.412,2,5,0.4,3,4,0.75,0,2,2,7,1,0,1,1,19,-7,0,2003-04,Regular Season,947,Allen Iverson
22003,947,0020300047,2003-11-03,PHI @ POR,W,43,11,20,0.55,2,5,0.4,7,10,0.7,1,2,3,4,4,0,6,0,31,8,0,2003-04,Regular Season,947,Allen Iverson
22003,947,0020300052,2003-11-05,PHI vs. NOH,L,50,9,24,0.375,1,9,0.111,10,11,0.909,1,1,2,7,4,0,4,3,29,-3,0,2003-04,Regular Season,947,Allen Iverson
22003,947,0020300072,2003-11-07,PHI @ CHI,W,35,11,21,0.524,0,1,0.0,11,12,0.917,1,1,2,11,8,0,1,2,33,29,0,2003-04,Regular Season,947,Allen Iverson
22003,947,0020300087,2003-11-09,PHI vs. IND,L,45,15,30,0.5,2,4,0.5,5,9,0.556,1,3,4,4,2,0,3,2,37,-11,0,2003-04,Regular Season,947,Allen Iverson
22003,947,0020300095,2003-11-11,PHI @ WAS,W,46,12,29,0.414,2,3,0.667,14,18,0.778,0,3,3,4,4,0,4,0,40,1,0,2003-04,Regular Season,947,Allen Iverson
22003,947,0020300119,2003-11-14,PHI vs. SAS,W,45,12,27,0.444,0,3,0.0,12,18,0.667,0,4,4,12,3,0,6,2,36,6,0,2003-04,Regular Season,947,Allen Iverson
22003,947,0020300130,2003-11-15,PHI @ CLE,L,47,8,29,0.276,0,2,0.0,3,6,0.5,3,2,5,7,4,1,5,3,19,2,0,2003-04,Regular Season,947,Allen Iverson
22003,947,0020300139,2003-11-17,PHI vs. HOU,L,45,4,19,0.211,0,3,0.0,7,9,0.778,2,5,7,6,1,0,5,3,15,-8,0,2003-04,Regular Season,947,Allen Iverson
22003,947,0020300164,2003-11-21,PHI vs. BOS,W,45,8,25,0.32,1,3,0.333,7,7,1.0,0,3,3,8,3,0,5,2,24,11,0,2003-04,Regular Season,947,Allen Iverson
22003,947,0020300178,2003-11-22,PHI @ NYK,L,40,9,23,0.391,1,3,0.333,8,10,0.8,0,0,0,1,3,0,6,1,27,-21,0,2003-04,Regular Season,947,Allen Iverson
22003,947,0020300194,2003-11-25,PHI @ MIL,L,43,12,30,0.4,2,7,0.286,2,5,0.4,0,2,2,6,2,0,6,3,28,-1,0,2003-04,Regular Season,947,Allen Iverson
22003,947,0020300200,2003-11-26,PHI vs. DET,W,46,12,23,0.522,2,4,0.5,4,6,0.667,0,2,2,7,3,0,6,4,30,4,0,2003-04,Regular Season,947,Allen Iverson
22003,947,0020300215,2003-11-28,PHI @ IND,L,36,4,19,0.211,0,0,0.0,4,6,0.667,0,2,2,2,2,0,1,0,12,-12,0,2003-04,Regular Season,947,Allen Iverson
22003,947,0020300224,2003-11-29,PHI vs. ATL,W,43,20,34,0.588,4,7,0.571,6,8,0.75,2,3,5,6,2,0,2,3,50,11,0,2003-04,Regular Season,947,Allen Iverson
22003,947,0020300241,2003-12-02,PHI vs. TOR,L,46,8,32,0.25,1,6,0.167,18,23,0.783,1,6,7,7,2,0,4,1,35,-2,0,2003-04,Regular Season,947,Allen Iverson
22003,947,0020300257,2003-12-04,PHI vs. CHI,W,42,14,29,0.483,0,4,0.0,7,10,0.7,2,7,9,2,4,0,4,2,35,-1,0,2003-04,Regular Season,947,Allen Iverson
22003,947,0020300262,2003-12-05,PHI @ MIA,W,44,7,23,0.304,5,9,0.556,16,17,0.941,1,3,4,2,1,0,5,3,35,1,0,2003-04,Regular Season,947,Allen Iverson
22003,947,0020300309,2003-12-12,PHI vs. DEN,L,44,6,22,0.273,2,5,0.4,4,6,0.667,1,2,3,8,2,1,7,2,18,-14,0,2003-04,Regular Season,947,Allen Iverson
22003,947,0020300478,2004-01-05,PHI vs. MIL,L,37,6,18,0.333,0,3,0.0,6,7,0.857,2,3,5,3,2,0,7,2,18,-21,0,2003-04,Regular Season,947,Allen Iverson
22003,947,0020300493,2004-01-07,PHI vs. LAC,W,34,8,18,0.444,0,1,0.0,4,7,0.571,1,4,5,5,2,0,6,0,20,17,0,2003-04,Regular Season,947,Allen Iverson
22003,947,0020300505,2004-01-09,PHI vs. NJN,W,43,4,16,0.25,2,3,0.667,7,10,0.7,0,5,5,11,1,0,4,1,17,22,0,2003-04,Regular Season,947,Allen Iverson
22003,947,0020300517,2004-01-10,PHI @ WAS,L,37,7,21,0.333,1,4,0.25,0,0,0.0,0,2,2,6,2,0,9,0,15,-7,0,2003-04,Regular Season,947,Allen Iverson
22003,947,0020300530,2004-01-12,PHI @ ORL,W,43,9,29,0.31,1,4,0.25,7,9,0.778,0,0,0,7,2,0,6,2,26,7,0,2003-04,Regular Season,947,Allen Iverson
22003,947,0020300549,2004-01-14,PHI @ DAL,L,50,10,27,0.37,5,10,0.5,6,6,1.0,1,7,8,7,1,0,6,2,31,-8,0,2003-04,Regular Season,947,Allen Iverson
22003,947,0020300565,2004-01-17,PHI vs. MEM,L,41,12,27,0.444,2,5,0.4,8,13,0.615,0,5,5,5,0,1,4,0,34,-7,0,2003-04,Regular Season,947,Allen Iverson
22003,947,0020300581,2004-01-19,PHI vs. SEA,L,43,7,22,0.318,0,5,0.0,4,6,0.667,0,3,3,3,2,0,3,2,18,-5,0,2003-04,Regular Season,947,Allen Iverson
22003,947,0020300598,2004-01-21,PHI @ NOH,W,45,9,23,0.391,0,5,0.0,4,4,1.0,0,4,4,5,2,0,3,3,22,7,0,2003-04,Regular Season,947,Allen Iverson
22003,947,0020300608,2004-01-23,PHI vs. ORL,L,48,14,29,0.483,1,5,0.2,1,2,0.5,0,3,3,7,3,0,6,3,30,-5,0,2003-04,Regular Season,947,Allen Iverson
22003,947,0020300623,2004-01-24,PHI @ CLE,L,39,12,29,0.414,1,3,0.333,7,9,0.778,2,3,5,4,2,0,3,1,32,-1,0,2003-04,Regular Season,947,Allen Iverson
22003,947,0020300660,2004-01-30,PHI vs. NOH,W,46,10,23,0.435,2,5,0.4,9,14,0.643,1,6,7,8,4,0,5,2,31,2,0,2003-04,Regular Season,947,Allen Iverson
22003,947,0020300682,2004-02-01,PHI @ MIN,L,45,8,21,0.381,1,6,0.167,11,11,1.0,1,5,6,9,1,0,5,3,28,-4,0,2003-04,Regular Season,947,Allen Iverson
22003,947,0020300692,2004-02-03,PHI vs. TOR,L,43,12,27,0.444,1,4,0.25,11,18,0.611,0,6,6,8,2,0,3,3,36,-8,0,2003-04,Regular Season,947,Allen Iverson
22003,947,0020300708,2004-02-05,PHI vs. LAL,W,41,15,29,0.517,1,4,0.25,8,12,0.667,0,3,3,6,2,0,2,2,39,24,0,2003-04,Regular Season,947,Allen Iverson
22003,947,0020300723,2004-02-07,PHI vs. BOS,L,34,5,20,0.25,1,5,0.2,4,6,0.667,1,2,3,6,1,0,5,0,15,-26,0,2003-04,Regular Season,947,Allen Iverson
22003,947,0020300733,2004-02-08,PHI @ NJN,L,45,6,21,0.286,3,7,0.429,12,14,0.857,1,0,1,8,1,0,4,4,27,-16,0,2003-04,Regular Season,947,Allen Iverson
22003,947,0020300750,2004-02-11,PHI vs. WAS,W,33,11,21,0.524,0,2,0.0,3,3,1.0,1,2,3,7,3,0,2,1,25,18,0,2003-04,Regular Season,947,Allen Iverson
22003,947,0020300770,2004-02-17,PHI @ DEN,L,36,8,17,0.471,0,1,0.0,11,14,0.786,0,3,3,14,2,0,3,2,27,-8,0,2003-04,Regular Season,947,Allen Iverson
22003,947,0020300782,2004-02-19,PHI @ SEA,W,48,10,24,0.417,3,4,0.75,17,21,0.81,1,1,2,11,5,0,4,0,40,11,0,2003-04,Regular Season,947,Allen Iverson
22003,947,0020300793,2004-02-20,PHI @ LAL,L,38,3,18,0.167,0,2,0.0,7,10,0.7,1,1,2,9,3,1,6,1,13,-26,0,2003-04,Regular Season,947,Allen Iverson
22003,947,0020300877,2004-03-03,PHI @ NYK,L,37,2,21,0.095,0,2,0.0,7,10,0.7,1,4,5,6,1,0,2,2,11,-6,0,2003-04,Regular Season,947,Allen Iverson
22003,947,0020300884,2004-03-04,PHI vs. SAC,L,48,13,22,0.591,0,0,0.0,6,9,0.667,0,2,2,10,2,0,5,2,32,-7,0,2003-04,Regular Season,947,Allen Iverson
22003,947,0020300898,2004-03-06,PHI vs. CHI,W,41,6,18,0.333,0,2,0.0,8,13,0.615,1,1,2,11,2,0,2,3,20,15,0,2003-04,Regular Season,947,Allen Iverson
22003,947,0020300973,2004-03-16,PHI @ MEM,L,42,4,15,0.267,0,2,0.0,2,2,1.0,0,4,4,8,1,0,5,0,10,-4,0,2003-04,Regular Season,947,Allen Iverson
22003,947,0020300979,2004-03-17,PHI @ NOH,L,43,8,23,0.348,0,3,0.0,4,6,0.667,1,1,2,7,2,1,4,3,20,-23,0,2003-04,Regular Season,947,Allen Iverson
22003,947,0020300997,2004-03-20,PHI @ MIA,L,44,8,22,0.364,2,5,0.4,5,8,0.625,1,1,2,4,3,0,5,2,23,-24,0,2003-04,Regular Season,947,Allen Iverson
22003,1503,0020300005,2003-10-29,ORL @ NYK,W,49,9,23,0.391,2,7,0.286,6,8,0.75,2,2,4,6,1,3,6,1,26,3,0,2003-04,Regular Season,1503,Tracy McGrady
22003,1503,0020300016,2003-10-30,ORL vs. NOH,L,39,11,27,0.407,3,7,0.429,8,8,1.0,2,5,7,6,0,1,2,3,33,0,0,2003-04,Regular Season,1503,Tracy McGrady
22003,1503,0020300028,2003-11-01,ORL vs. DET,L,42,10,24,0.417,1,4,0.25,10,11,0.909,0,5,5,9,1,0,1,0,31,-10,0,2003-04,Regular Season,1503,Tracy McGrady
22003,1503,0020300041,2003-11-03,ORL vs. NYK,L,41,5,20,0.25,0,5,0.0,9,10,0.9,1,7,8,3,1,0,1,1,19,1,0,2003-04,Regular Season,1503,Tracy McGrady
22003,1503,0020300054,2003-11-05,ORL vs. CHI,L,43,9,20,0.45,2,5,0.4,3,5,0.6,0,6,6,5,1,0,2,3,23,-12,0,2003-04,Regular Season,1503,Tracy McGrady
22003,1503,0020300069,2003-11-07,ORL vs. MIN,L,27,2,10,0.2,0,3,0.0,0,0,0.0,3,3,6,3,0,0,3,3,4,-20,0,2003-04,Regular Season,1503,Tracy McGrady
22003,1503,0020300081,2003-11-08,ORL @ HOU,L,42,5,21,0.238,2,4,0.5,2,3,0.667,1,5,6,5,1,1,5,2,14,2,0,2003-04,Regular Season,1503,Tracy McGrady
22003,1503,0020300105,2003-11-12,ORL vs. MEM,L,39,14,26,0.538,3,7,0.429,5,6,0.833,0,5,5,7,2,1,4,4,36,-5,0,2003-04,Regular Season,1503,Tracy McGrady
22003,1503,0020300123,2003-11-14,ORL @ DEN,L,41,20,30,0.667,8,11,0.727,3,3,1.0,2,4,6,5,2,2,4,2,51,-1,0,2003-04,Regular Season,1503,Tracy McGrady
22003,1503,0020300135,2003-11-15,ORL @ LAC,L,38,7,16,0.438,3,5,0.6,2,3,0.667,0,4,4,6,1,2,5,2,19,-1,0,2003-04,Regular Season,1503,Tracy McGrady
22003,1503,0020300143,2003-11-17,ORL @ UTA,L,36,9,18,0.5,1,3,0.333,10,14,0.714,1,2,3,4,1,0,2,1,29,-11,0,2003-04,Regular Season,1503,Tracy McGrady
22003,1503,0020300163,2003-11-20,ORL @ PHX,L,38,8,14,0.571,1,4,0.25,3,3,1.0,2,3,5,7,0,0,1,1,20,-9,0,2003-04,Regular Season,1503,Tracy McGrady
22003,1503,0020300171,2003-11-21,ORL @ SAC,L,30,6,17,0.353,0,6,0.0,0,0,0.0,1,8,9,7,0,1,2,1,12,-23,0,2003-04,Regular Season,1503,Tracy McGrady
22003,1503,0020300201,2003-11-26,ORL vs. BOS,L,34,9,19,0.474,1,5,0.2,5,5,1.0,0,3,3,6,2,0,4,6,24,-6,0,2003-04,Regular Season,1503,Tracy McGrady
22003,1503,0020300213,2003-11-28,ORL vs. TOR,L,44,11,22,0.5,1,2,0.5,8,10,0.8,2,6,8,4,3,2,1,1,31,2,0,2003-04,Regular Season,1503,Tracy McGrady
22003,1503,0020300242,2003-12-02,ORL vs. NOH,L,43,6,19,0.316,1,6,0.167,3,6,0.5,6,9,15,5,0,1,4,2,16,-6,0,2003-04,Regular Season,1503,Tracy McGrady
22003,1503,0020300249,2003-12-03,ORL @ NOH,L,44,12,31,0.387,4,12,0.333,1,3,0.333,0,8,8,2,1,0,3,2,29,-7,0,2003-04,Regular Season,1503,Tracy McGrady
22003,1503,0020300263,2003-12-05,ORL vs. SAS,L,45,7,27,0.259,1,7,0.143,13,13,1.0,1,6,7,5,3,1,6,2,28,-1,0,2003-04,Regular Season,1503,Tracy McGrady
22003,1503,0020300276,2003-12-06,ORL @ DAL,L,39,9,24,0.375,4,8,0.5,5,6,0.833,3,2,5,6,0,0,3,3,27,-10,0,2003-04,Regular Season,1503,Tracy McGrady
22003,1503,0020300285,2003-12-08,ORL vs. PHX,W,44,5,17,0.294,1,6,0.167,5,7,0.714,4,7,11,9,1,0,2,2,16,1,0,2003-04,Regular Season,1503,Tracy McGrady
22003,1503,0020300300,2003-12-10,ORL @ WAS,W,36,9,25,0.36,2,5,0.4,7,7,1.0,1,6,7,4,5,1,5,4,27,-1,0,2003-04,Regular Season,1503,Tracy McGrady
22003,1503,0020300314,2003-12-12,ORL vs. NJN,L,37,6,14,0.429,4,7,0.571,4,4,1.0,0,9,9,4,0,1,1,0,20,-2,0,2003-04,Regular Season,1503,Tracy McGrady
22003,1503,0020300321,2003-12-13,ORL @ ATL,W,41,12,27,0.444,2,9,0.222,4,5,0.8,1,5,6,7,4,0,1,4,30,7,0,2003-04,Regular Season,1503,Tracy McGrady
22003,1503,0020300343,2003-12-16,ORL @ CHI,L,39,9,25,0.36,1,4,0.25,7,8,0.875,2,6,8,4,1,0,1,1,26,-13,0,2003-04,Regular Season,1503,Tracy McGrady
22003,1503,0020300349,2003-12-17,ORL @ IND,W,45,8,19,0.421,4,9,0.444,1,3,0.333,2,4,6,11,2,1,5,3,21,0,0,2003-04,Regular Season,1503,Tracy McGrady
22003,1503,0020300361,2003-12-19,ORL vs. GSW,W,37,12,23,0.522,2,7,0.286,3,4,0.75,1,6,7,12,0,1,2,2,29,37,0,2003-04,Regular Season,1503,Tracy McGrady
22003,1503,0020300380,2003-12-21,ORL @ TOR,W,39,12,27,0.444,1,8,0.125,4,4,1.0,1,4,5,5,0,1,2,1,29,10,0,2003-04,Regular Season,1503,Tracy McGrady
22003,1503,0020300386,2003-12-22,ORL @ PHI,L,41,6,19,0.316,2,6,0.333,6,8,0.75,1,6,7,6,1,2,5,2,20,-24,0,2003-04,Regular Season,1503,Tracy McGrady
22003,1503,0020300401,2003-12-25,ORL vs. CLE,W,50,15,29,0.517,5,9,0.556,6,9,0.667,2,6,8,11,3,1,2,1,41,10,0,2003-04,Regular Season,1503,Tracy McGrady
22003,1503,0020300410,2003-12-26,ORL @ SAS,L,43,8,21,0.381,0,6,0.0,8,8,1.0,0,8,8,4,0,2,4,2,24,-13,0,2003-04,Regular Season,1503,Tracy McGrady
22003,1503,0020300430,2003-12-29,ORL vs. NYK,L,11,0,2,0.0,0,2,0.0,0,0,0.0,0,1,1,1,0,0,2,0,0,-11,0,2003-04,Regular Season,1503,Tracy McGrady
22003,1503,0020300456,2004-01-02,ORL @ MIA,L,47,5,18,0.278,4,12,0.333,8,12,0.667,1,4,5,10,1,2,6,1,22,-12,0,2003-04,Regular Season,1503,Tracy McGrady
22003,1503,0020300467,2004-01-03,ORL @ MEM,L,38,11,21,0.524,3,5,0.6,9,13,0.692,2,4,6,6,3,1,1,2,34,-4,0,2003-04,Regular Season,1503,Tracy McGrady
22003,1503,0020300486,2004-01-06,ORL @ IND,L,40,14,27,0.519,8,11,0.727,7,10,0.7,0,0,0,4,2,2,4,2,43,-7,0,2003-04,Regular Season,1503,Tracy McGrady
22003,1503,0020300492,2004-01-07,ORL @ BOS,L,41,11,29,0.379,4,11,0.364,2,5,0.4,2,1,3,4,2,0,2,1,28,-8,0,2003-04,Regular Season,1503,Tracy McGrady
22003,1503,0020300506,2004-01-09,ORL vs. WAS,W,41,12,29,0.414,3,8,0.375,8,8,1.0,3,3,6,7,1,1,5,2,35,4,0,2003-04,Regular Season,1503,Tracy McGrady
22003,1503,0020300530,2004-01-12,ORL vs. PHI,L,42,13,30,0.433,0,9,0.0,6,7,0.857,1,9,10,3,2,0,4,1,32,-3,0,2003-04,Regular Season,1503,Tracy McGrady
22003,1503,0020300545,2004-01-14,ORL @ NYK,L,42,10,27,0.37,2,7,0.286,6,8,0.75,2,5,7,9,1,0,4,0,28,-4,0,2003-04,Regular Season,1503,Tracy McGrady
22003,1503,0020300557,2004-01-16,ORL vs. BOS,W,45,16,31,0.516,5,13,0.385,7,8,0.875,1,5,6,6,3,0,2,1,44,0,0,2003-04,Regular Season,1503,Tracy McGrady
22003,1503,0020300570,2004-01-17,ORL @ NOH,L,41,10,21,0.476,4,11,0.364,9,10,0.9,1,3,4,6,1,2,2,0,33,5,0,2003-04,Regular Season,1503,Tracy McGrady
22003,1503,0020300583,2004-01-19,ORL vs. MIL,W,42,10,25,0.4,3,9,0.333,11,13,0.846,0,3,3,4,3,0,2,4,34,0,0,2003-04,Regular Season,1503,Tracy McGrady
22003,1503,0020300599,2004-01-21,ORL @ MIL,L,42,8,22,0.364,1,7,0.143,3,3,1.0,0,3,3,6,2,1,2,2,20,-5,0,2003-04,Regular Season,1503,Tracy McGrady
22003,1503,0020300608,2004-01-23,ORL @ PHI,W,41,13,29,0.448,3,11,0.273,4,4,1.0,1,9,10,6,3,1,2,1,33,7,0,2003-04,Regular Season,1503,Tracy McGrady
22003,1503,0020300631,2004-01-25,ORL vs. HOU,L,38,10,22,0.455,5,9,0.556,6,7,0.857,1,1,2,2,0,0,0,0,31,-3,0,2003-04,Regular Season,1503,Tracy McGrady
22003,1503,0020300635,2004-01-26,ORL @ CLE,L,25,11,19,0.579,8,10,0.8,6,8,0.75,0,1,1,2,0,0,1,2,36,11,0,2003-04,Regular Season,1503,Tracy McGrady
22003,1503,0020300646,2004-01-28,ORL @ WAS,W,44,15,31,0.484,2,8,0.25,7,8,0.875,2,7,9,5,1,0,1,2,39,-3,0,2003-04,Regular Season,1503,Tracy McGrady
22003,1503,0020300657,2004-01-29,ORL vs. NJN,L,42,6,20,0.3,1,6,0.167,9,10,0.9,2,4,6,4,1,1,4,2,22,-15,0,2003-04,Regular Season,1503,Tracy McGrady
22003,1503,0020300695,2004-02-03,ORL @ MIN,L,39,12,31,0.387,3,9,0.333,7,7,1.0,2,3,5,6,0,0,3,3,34,-19,0,2003-04,Regular Season,1503,Tracy McGrady
22003,1503,0020300729,2004-02-08,ORL vs. LAL,L,45,13,25,0.52,5,9,0.556,4,7,0.571,2,4,6,6,1,1,4,2,35,-2,0,2003-04,Regular Season,1503,Tracy McGrady
22003,1503,0020300751,2004-02-11,ORL vs. MIA,L,46,10,25,0.4,0,5,0.0,4,6,0.667,1,1,2,6,1,0,3,1,24,-9,0,2003-04,Regular Season,1503,Tracy McGrady
22003,1503,0020300765,2004-02-17,ORL @ MIL,L,36,15,31,0.484,3,9,0.333,8,11,0.727,2,6,8,3,1,1,5,1,41,-36,0,2003-04,Regular Season,1503,Tracy McGrady
22003,1503,0020300773,2004-02-18,ORL vs. UTA,W,44,13,31,0.419,3,7,0.429,14,15,0.933,2,6,8,5,0,0,1,2,43,17,0,2003-04,Regular Season,1503,Tracy McGrady
22003,1503,0020300785,2004-02-20,ORL vs. DEN,W,20,5,14,0.357,2,5,0.4,3,4,0.75,2,2,4,2,1,0,0,2,15,-6,0,2003-04,Regular Season,1503,Tracy McGrady
22003,1503,0020300807,2004-02-22,ORL @ DET,W,46,3,20,0.15,1,7,0.143,12,13,0.923,0,5,5,8,3,0,5,1,19,5,0,2003-04,Regular Season,1503,Tracy McGrady
22003,1503,0020300815,2004-02-24,ORL vs. POR,L,49,11,32,0.344,2,14,0.143,7,8,0.875,1,4,5,2,1,0,1,4,31,1,0,2003-04,Regular Season,1503,Tracy McGrady
22003,1503,0020300838,2004-02-27,ORL vs. CLE,L,46,11,32,0.344,3,12,0.25,10,13,0.769,1,3,4,8,3,0,1,3,35,-3,0,2003-04,Regular Season,1503,Tracy McGrady
22003,1503,0020300849,2004-02-28,ORL @ ATL,W,41,11,25,0.44,3,12,0.25,5,6,0.833,4,8,12,4,4,0,2,3,30,-2,0,2003-04,Regular Season,1503,Tracy McGrady
22003,1503,0020300863,2004-03-01,ORL @ BOS,L,33,11,28,0.393,2,8,0.25,5,8,0.625,4,4,8,4,2,0,2,2,29,-28,0,2003-04,Regular Season,1503,Tracy McGrady
22003,1503,0020300875,2004-03-03,ORL vs. MIL,L,37,11,27,0.407,5,15,0.333,4,5,0.8,2,6,8,4,1,0,2,1,31,-7,0,2003-04,Regular Season,1503,Tracy McGrady
22003,1503,0020300887,2004-03-05,ORL vs. ATL,W,43,10,23,0.435,4,8,0.5,4,7,0.571,1,0,1,7,2,1,1,2,28,2,0,2003-04,Regular Season,1503,Tracy McGrady
22003,1503,0020300907,2004-03-07,ORL vs. SAC,L,35,4,15,0.267,1,3,0.333,4,6,0.667,3,3,6,2,2,0,1,3,13,-27,0,2003-04,Regular Season,1503,Tracy McGrady
22003,1503,0020300920,2004-03-09,ORL @ MIA,L,39,10,21,0.476,2,7,0.286,4,6,0.667,0,5,5,8,2,0,4,3,26,-15,0,2003-04,Regular Season,1503,Tracy McGrady
22003,1503,0020300927,2004-03-10,ORL vs. WAS,W,46,20,37,0.541,5,14,0.357,17,26,0.654,3,7,10,5,1,0,6,1,62,10,0,2003-04,Regular Season,1503,Tracy McGrady
22003,1503,0020300950,2004-03-13,ORL vs. SEA,L,41,12,29,0.414,3,10,0.3,13,13,1.0,2,4,6,3,5,1,1,1,40,-10,0,2003-04,Regular Season,1503,Tracy McGrady
22003,1503,0020300966,2004-03-15,ORL @ LAL,L,48,13,32,0.406,4,13,0.308,7,12,0.583,2,5,7,10,0,2,2,5,37,1,0,2003-04,Regular Season,1503,Tracy McGrady
22003,1503,0020300982,2004-03-17,ORL @ GSW,L,39,5,14,0.357,2,5,0.4,6,8,0.75,0,7,7,10,0,0,1,1,18,-23,0,2003-04,Regular Season,1503,Tracy McGrady
22003,1503,0020301026,2004-03-24,ORL vs. MIA,L,40,7,17,0.412,3,5,0.6,1,1,1.0,0,1,1,4,0,0,1,3,18,-12,0,2003-04,Regular Season,1503,Tracy McGrady
22003,1713,0020300007,2003-10-29,TOR vs. NJN,W,39,15,30,0.5,0,3,0.0,9,10,0.9,4,1,5,1,0,0,2,2,39,4,0,2003-04,Regular Season,1713,Vince Carter
22003,1713,0020300019,2003-10-31,TOR vs. WAS,W,34,9,22,0.409,2,2,1.0,6,6,1.0,4,3,7,5,0,1,4,4,26,-6,0,2003-04,Regular Season,1713,Vince Carter
22003,1713,0020300031,2003-11-01,TOR @ MIN,L,35,5,15,0.333,0,0,0.0,5,5,1.0,1,1,2,3,1,0,2,2,15,-16,0,2003-04,Regular Season,1713,Vince Carter
22003,1713,0020300063,2003-11-06,TOR vs. DAL,W,31,7,16,0.438,0,1,0.0,5,8,0.625,1,4,5,6,2,1,2,3,19,-4,0,2003-04,Regular Season,1713,Vince Carter
22003,1713,0020300065,2003-11-07,TOR @ WAS,L,37,8,21,0.381,0,2,0.0,2,3,0.667,1,1,2,1,2,0,3,5,18,-27,0,2003-04,Regular Season,1713,Vince Carter
22003,1713,0020300085,2003-11-09,TOR vs. DEN,W,39,14,22,0.636,2,3,0.667,4,5,0.8,4,6,10,6,0,1,2,3,34,22,0,2003-04,Regular Season,1713,Vince Carter
22003,1713,0020300101,2003-11-11,TOR @ POR,L,39,11,23,0.478,4,6,0.667,7,7,1.0,1,1,2,3,2,1,0,2,33,2,0,2003-04,Regular Season,1713,Vince Carter
22003,1713,0020300111,2003-11-12,TOR @ LAL,L,37,7,22,0.318,1,6,0.167,8,9,0.889,0,2,2,4,3,2,3,1,23,-16,0,2003-04,Regular Season,1713,Vince Carter
22003,1713,0020300122,2003-11-14,TOR @ SAC,L,30,5,21,0.238,1,4,0.25,2,2,1.0,0,3,3,1,0,2,3,1,13,-22,0,2003-04,Regular Season,1713,Vince Carter
22003,1713,0020300136,2003-11-16,TOR vs. HOU,W,50,4,20,0.2,0,3,0.0,10,13,0.769,0,5,5,9,0,1,9,5,18,10,0,2003-04,Regular Season,1713,Vince Carter
22003,1713,0020300154,2003-11-19,TOR vs. PHI,L,38,8,20,0.4,1,8,0.125,3,3,1.0,0,5,5,7,1,0,1,2,20,-8,0,2003-04,Regular Season,1713,Vince Carter
22003,1713,0020300176,2003-11-22,TOR @ NJN,W,42,7,20,0.35,1,3,0.333,6,8,0.75,3,3,6,9,1,0,2,1,21,7,0,2003-04,Regular Season,1713,Vince Carter
22003,1713,0020300182,2003-11-23,TOR vs. MIL,L,35,7,16,0.438,0,1,0.0,1,2,0.5,0,2,2,0,2,0,7,4,15,-10,0,2003-04,Regular Season,1713,Vince Carter
22003,1713,0020300202,2003-11-26,TOR @ ATL,W,46,18,28,0.643,2,2,1.0,5,6,0.833,0,7,7,3,2,2,6,2,43,4,0,2003-04,Regular Season,1713,Vince Carter
22003,1713,0020300213,2003-11-28,TOR @ ORL,W,44,5,18,0.278,0,2,0.0,10,11,0.909,1,5,6,8,0,0,5,4,20,1,0,2003-04,Regular Season,1713,Vince Carter
22003,1713,0020300226,2003-11-29,TOR @ MIA,L,26,4,12,0.333,0,1,0.0,0,0,0.0,2,3,5,0,0,0,4,4,8,-5,0,2003-04,Regular Season,1713,Vince Carter
22003,1713,0020300241,2003-12-02,TOR @ PHI,W,37,6,19,0.316,0,3,0.0,9,9,1.0,0,5,5,12,1,2,2,1,21,4,0,2003-04,Regular Season,1713,Vince Carter
22003,1713,0020300246,2003-12-03,TOR vs. BOS,W,39,8,18,0.444,3,6,0.5,2,2,1.0,1,4,5,10,2,1,1,3,21,12,0,2003-04,Regular Season,1713,Vince Carter
22003,1713,0020300259,2003-12-05,TOR vs. ATL,W,26,8,10,0.8,0,2,0.0,6,7,0.857,0,2,2,3,1,1,2,5,22,8,0,2003-04,Regular Season,1713,Vince Carter
22003,1713,0020300280,2003-12-07,TOR vs. SEA,W,45,13,28,0.464,3,5,0.6,1,1,1.0,3,1,4,6,1,0,2,5,30,13,0,2003-04,Regular Season,1713,Vince Carter
22003,1713,0020300289,2003-12-09,TOR @ CLE,W,37,9,20,0.45,1,2,0.5,3,5,0.6,1,7,8,7,0,0,3,1,22,0,0,2003-04,Regular Season,1713,Vince Carter
22003,1713,0020300311,2003-12-12,TOR @ BOS,L,40,13,25,0.52,5,7,0.714,4,4,1.0,1,3,4,4,0,2,2,4,35,-2,0,2003-04,Regular Season,1713,Vince Carter
22003,1713,0020300328,2003-12-14,TOR vs. MIA,L,23,3,12,0.25,0,2,0.0,6,6,1.0,0,3,3,2,0,0,1,4,12,3,0,2003-04,Regular Season,1713,Vince Carter
22003,1713,0020300335,2003-12-15,TOR @ DAL,L,34,8,19,0.421,2,4,0.5,3,4,0.75,1,1,2,5,1,1,3,2,21,-29,0,2003-04,Regular Season,1713,Vince Carter
22003,1713,0020300354,2003-12-17,TOR @ SAS,L,39,7,20,0.35,0,0,0.0,2,4,0.5,3,1,4,5,1,0,2,4,16,5,0,2003-04,Regular Season,1713,Vince Carter
22003,1713,0020300362,2003-12-19,TOR vs. NYK,W,33,5,13,0.385,0,1,0.0,8,8,1.0,0,6,6,8,1,0,3,3,18,15,0,2003-04,Regular Season,1713,Vince Carter
22003,1713,0020300380,2003-12-21,TOR vs. ORL,L,36,7,12,0.583,2,4,0.5,1,2,0.5,0,1,1,3,0,2,5,5,17,-7,0,2003-04,Regular Season,1713,Vince Carter
22003,1713,0020300412,2003-12-26,TOR @ UTA,L,47,11,25,0.44,3,4,0.75,5,6,0.833,1,6,7,5,2,3,5,3,30,0,0,2003-04,Regular Season,1713,Vince Carter
22003,1713,0020300423,2003-12-28,TOR @ LAC,W,41,7,16,0.438,0,1,0.0,8,10,0.8,1,3,4,5,0,2,3,5,22,11,0,2003-04,Regular Season,1713,Vince Carter
22003,1713,0020300445,2003-12-30,TOR @ DEN,W,40,5,16,0.313,2,3,0.667,3,3,1.0,0,4,4,5,3,2,5,2,15,6,0,2003-04,Regular Season,1713,Vince Carter
22003,1713,0020300452,2004-01-02,TOR vs. NOH,L,34,7,15,0.467,2,2,1.0,6,6,1.0,0,4,4,4,1,1,3,4,22,0,0,2003-04,Regular Season,1713,Vince Carter
22003,1713,0020300472,2004-01-04,TOR vs. PHX,W,40,8,17,0.471,1,2,0.5,6,7,0.857,2,3,5,1,0,2,0,0,23,5,0,2003-04,Regular Season,1713,Vince Carter
22003,1713,0020300494,2004-01-07,TOR vs. CLE,W,34,6,19,0.316,1,3,0.333,1,2,0.5,1,3,4,5,1,1,4,4,14,3,0,2003-04,Regular Season,1713,Vince Carter
22003,1713,0020300507,2004-01-09,TOR vs. LAC,L,41,5,18,0.278,0,3,0.0,2,2,1.0,3,7,10,3,1,0,2,4,12,-15,0,2003-04,Regular Season,1713,Vince Carter
22003,1713,0020300524,2004-01-11,TOR vs. POR,W,40,8,18,0.444,1,2,0.5,3,5,0.6,3,3,6,7,3,4,6,4,20,9,0,2003-04,Regular Season,1713,Vince Carter
22003,1713,0020300547,2004-01-14,TOR @ DET,L,42,7,20,0.35,0,0,0.0,13,16,0.813,0,4,4,3,0,1,3,2,27,-6,0,2003-04,Regular Season,1713,Vince Carter
22003,1713,0020300551,2004-01-15,TOR @ NOH,W,7,1,2,0.5,0,0,0.0,0,2,0.0,0,1,1,1,1,0,0,0,2,6,0,2003-04,Regular Season,1713,Vince Carter
22003,1713,0020300617,2004-01-23,TOR @ MIL,L,39,4,12,0.333,0,2,0.0,0,2,0.0,0,2,2,8,2,1,2,2,8,-3,0,2003-04,Regular Season,1713,Vince Carter
22003,1713,0020300629,2004-01-25,TOR @ CHI,L,42,6,23,0.261,0,5,0.0,2,2,1.0,3,4,7,8,4,0,6,5,14,-8,0,2003-04,Regular Season,1713,Vince Carter
22003,1713,0020300649,2004-01-28,TOR vs. PHI,W,39,6,16,0.375,1,3,0.333,4,6,0.667,4,2,6,5,0,0,2,2,17,9,0,2003-04,Regular Season,1713,Vince Carter
22003,1713,0020300662,2004-01-30,TOR vs. DET,L,44,13,26,0.5,3,4,0.75,2,6,0.333,3,3,6,1,1,4,2,4,31,0,0,2003-04,Regular Season,1713,Vince Carter
22003,1713,0020300681,2004-02-01,TOR vs. LAL,L,43,8,20,0.4,1,3,0.333,10,14,0.714,5,5,10,3,1,0,5,2,27,7,0,2003-04,Regular Season,1713,Vince Carter
22003,1713,0020300692,2004-02-03,TOR @ PHI,W,43,14,31,0.452,2,3,0.667,3,5,0.6,2,4,6,2,1,2,3,2,33,5,0,2003-04,Regular Season,1713,Vince Carter
22003,1713,0020300700,2004-02-04,TOR vs. ORL,W,28,5,12,0.417,1,1,1.0,0,2,0.0,1,3,4,9,1,0,1,2,11,9,0,2003-04,Regular Season,1713,Vince Carter
22003,1713,0020300712,2004-02-06,TOR vs. IND,L,36,7,17,0.412,1,4,0.25,3,4,0.75,2,1,3,6,1,0,5,5,18,2,0,2003-04,Regular Season,1713,Vince Carter
22003,1713,0020300735,2004-02-08,TOR @ GSW,W,40,7,22,0.318,0,0,0.0,8,9,0.889,0,4,4,4,5,0,0,4,22,2,0,2003-04,Regular Season,1713,Vince Carter
22003,1713,0020300747,2004-02-10,TOR @ PHX,W,42,12,25,0.48,0,1,0.0,5,6,0.833,1,7,8,6,1,1,6,3,29,17,0,2003-04,Regular Season,1713,Vince Carter
22003,1713,0020300761,2004-02-12,TOR @ SEA,L,35,8,21,0.381,1,3,0.333,2,2,1.0,2,1,3,7,0,1,3,4,19,-17,0,2003-04,Regular Season,1713,Vince Carter
22003,1713,0020300768,2004-02-17,TOR @ CHI,L,42,7,20,0.35,0,2,0.0,7,8,0.875,0,4,4,2,0,0,4,1,21,4,0,2003-04,Regular Season,1713,Vince Carter
22003,1713,0020300774,2004-02-18,TOR vs. SAS,L,30,8,20,0.4,2,5,0.4,4,6,0.667,1,2,3,6,1,1,3,4,22,6,0,2003-04,Regular Season,1713,Vince Carter
22003,1713,0020300868,2004-03-02,TOR @ MIA,W,41,10,24,0.417,1,4,0.25,6,6,1.0,2,3,5,8,2,1,4,3,27,8,0,2003-04,Regular Season,1713,Vince Carter
22003,1713,0020300874,2004-03-03,TOR @ WAS,L,34,7,18,0.389,1,4,0.25,1,1,1.0,0,4,4,5,1,0,1,2,16,-14,0,2003-04,Regular Season,1713,Vince Carter
22003,1713,0020300888,2004-03-05,TOR vs. NYK,L,43,12,25,0.48,1,4,0.25,7,10,0.7,1,1,2,9,1,2,0,1,32,0,0,2003-04,Regular Season,1713,Vince Carter
22003,1713,0020300903,2004-03-07,TOR vs. NOH,W,42,10,24,0.417,3,5,0.6,3,3,1.0,2,6,8,8,3,1,4,5,26,12,0,2003-04,Regular Season,1713,Vince Carter
22003,1713,0020300918,2004-03-09,TOR @ IND,L,43,12,24,0.5,3,5,0.6,1,2,0.5,0,5,5,2,2,0,6,2,28,-17,0,2003-04,Regular Season,1713,Vince Carter
22003,1713,0020300928,2004-03-10,TOR vs. CLE,L,33,6,16,0.375,2,5,0.4,5,6,0.833,1,1,2,3,0,0,1,1,19,-13,0,2003-04,Regular Season,1713,Vince Carter
22003,1713,0020300955,2004-03-14,TOR vs. ATL,W,42,13,19,0.684,3,4,0.75,3,5,0.6,2,3,5,7,2,1,2,2,32,24,0,2003-04,Regular Season,1713,Vince Carter
22003,1713,0020300978,2004-03-17,TOR vs. UTA,W,33,9,20,0.45,1,4,0.25,5,7,0.714,3,6,9,1,2,2,3,4,24,10,0,2003-04,Regular Season,1713,Vince Carter
22003,1713,0020300987,2004-03-19,TOR vs. CHI,L,41,11,24,0.458,2,6,0.333,6,6,1.0,1,1,2,3,1,1,3,1,30,9,0,2003-04,Regular Season,1713,Vince Carter
22003,1713,0020301009,2004-03-21,TOR @ NOH,W,46,13,20,0.65,4,5,0.8,12,13,0.923,0,6,6,12,2,1,4,4,42,4,0,2003-04,Regular Season,1713,Vince Carter
22003,1713,0020301021,2004-03-23,TOR @ MEM,L,43,9,28,0.321,3,8,0.375,9,10,0.9,2,2,4,3,1,0,2,3,30,-6,0,2003-04,Regular Season,1713,Vince Carter
22003,1713,0020301029,2004-03-24,TOR @ HOU,L,50,10,20,0.5,1,2,0.5,5,6,0.833,0,13,13,5,3,2,3,2,26,1,0,2003-04,Regular Season,1713,Vince Carter
22003,1713,0020301040,2004-03-26,TOR @ NYK,L,44,13,28,0.464,5,9,0.556,9,13,0.692,4,4,8,5,1,2,4,3,40,-6,0,2003-04,Regular Season,1713,Vince Carter
22003,1713,0020301056,2004-03-28,TOR vs. MEM,L,43,6,22,0.273,0,1,0.0,4,6,0.667,2,2,4,9,1,2,3,3,16,3,0,2003-04,Regular Season,1713,Vince Carter
22003,1713,0020301081,2004-03-31,TOR vs. GSW,L,40,9,19,0.474,0,0,0.0,4,5,0.8,1,1,2,1,2,0,4,2,22,-4,0,2003-04,Regular Season,1713,Vince Carter
22003,1713,0020301091,2004-04-02,TOR @ IND,L,38,8,19,0.421,1,3,0.333,4,5,0.8,2,4,6,2,1,0,3,3,21,-16,0,2003-04,Regular Season,1713,Vince Carter
22003,1713,0020301106,2004-04-04,TOR vs. MIL,L,37,7,21,0.333,1,6,0.167,3,4,0.75,1,4,5,6,1,1,2,3,18,-13,0,2003-04,Regular Season,1713,Vince Carter
22003,1713,0020301115,2004-04-06,TOR @ CLE,W,39,13,28,0.464,4,10,0.4,2,3,0.667,1,7,8,5,2,0,4,0,32,-2,0,2003-04,Regular Season,1713,Vince Carter
22003,1713,0020301126,2004-04-07,TOR vs. IND,L,33,6,19,0.316,0,1,0.0,3,3,1.0,0,6,6,3,1,0,0,4,15,-5,0,2003-04,Regular Season,1713,Vince Carter
22003,1713,0020301139,2004-04-09,TOR @ DET,L,45,6,21,0.286,1,6,0.167,5,7,0.714,1,3,4,5,1,0,4,2,18,-9,0,2003-04,Regular Season,1713,Vince Carter
22003,1713,0020301156,2004-04-11,TOR vs. CHI,L,41,11,27,0.407,0,4,0.0,8,9,0.889,1,2,3,4,0,3,5,6,30,9,0,2003-04,Regular Season,1713,Vince Carter
22003,1713,0020301172,2004-04-13,TOR vs. DET,W,37,8,15,0.533,1,2,0.5,2,2,1.0,0,0,0,2,3,0,3,2,19,7,0,2003-04,Regular Season,1713,Vince Carter
22003,1713,0020301182,2004-04-14,TOR @ MIL,W,40,8,23,0.348,3,6,0.5,4,4,1.0,1,4,5,3,1,0,4,4,23,1,0,2003-04,Regular Season,1713,Vince Carter
22003,951,0020300399,2003-12-23,SEA vs. PHX,W,23,8,13,0.615,4,7,0.571,4,6,0.667,1,1,2,7,0,0,0,0,24,22,0,2003-04,Regular Season,951,Ray Allen
22003,951,0020300422,2003-12-27,SEA vs. MIN,L,35,5,22,0.227,1,8,0.125,4,4,1.0,0,7,7,3,0,1,4,1,15,-19,0,2003-04,Regular Season,951,Ray Allen
22003,951,0020300435,2003-12-29,SEA @ HOU,W,38,9,21,0.429,4,11,0.364,6,7,0.857,2,6,8,3,1,0,2,0,28,8,0,2003-04,Regular Season,951,Ray Allen
22003,951,0020300443,2003-12-30,SEA @ MEM,W,30,9,19,0.474,1,4,0.25,3,4,0.75,3,3,6,4,2,0,5,3,22,2,0,2003-04,Regular Season,951,Ray Allen
22003,951,0020300462,2004-01-02,SEA vs. LAL,W,39,13,22,0.591,5,11,0.455,4,4,1.0,0,0,0,9,3,0,3,3,35,1,0,2003-04,Regular Season,951,Ray Allen
22003,951,0020300475,2004-01-04,SEA @ SAC,L,25,4,12,0.333,0,4,0.0,0,0,0.0,0,2,2,3,1,0,3,0,8,-26,0,2003-04,Regular Season,951,Ray Allen
22003,951,0020300484,2004-01-05,SEA vs. POR,W,44,16,27,0.593,5,12,0.417,5,6,0.833,1,5,6,8,1,0,3,1,42,13,0,2003-04,Regular Season,951,Ray Allen
22003,951,0020300502,2004-01-07,SEA vs. SAC,W,34,9,17,0.529,3,7,0.429,1,1,1.0,2,5,7,9,1,0,1,1,22,15,0,2003-04,Regular Season,951,Ray Allen
22003,951,0020300516,2004-01-09,SEA vs. MEM,W,40,5,14,0.357,1,3,0.333,4,4,1.0,1,2,3,7,0,1,3,1,15,-1,0,2003-04,Regular Season,951,Ray Allen
22003,951,0020300523,2004-01-10,SEA @ GSW,L,44,11,27,0.407,4,11,0.364,2,3,0.667,2,6,8,5,1,0,3,4,28,-10,0,2003-04,Regular Season,951,Ray Allen
22003,951,0020300541,2004-01-13,SEA vs. CLE,L,38,9,20,0.45,6,11,0.545,1,1,1.0,1,5,6,3,2,0,3,3,25,-15,0,2003-04,Regular Season,951,Ray Allen
22003,951,0020300559,2004-01-16,SEA @ NYK,L,25,7,12,0.583,3,7,0.429,6,7,0.857,0,3,3,3,4,0,2,2,23,-16,0,2003-04,Regular Season,951,Ray Allen
22003,951,0020300567,2004-01-17,SEA @ WAS,L,42,6,20,0.3,2,9,0.222,5,5,1.0,3,3,6,5,2,1,4,3,19,-10,0,2003-04,Regular Season,951,Ray Allen
22003,951,0020300581,2004-01-19,SEA @ PHI,W,40,9,23,0.391,3,9,0.333,7,9,0.778,4,3,7,3,1,0,2,0,28,15,0,2003-04,Regular Season,951,Ray Allen
22003,951,0020300590,2004-01-20,SEA @ CLE,L,43,9,25,0.36,1,7,0.143,1,1,1.0,1,0,1,3,1,1,1,3,20,-1,0,2003-04,Regular Season,951,Ray Allen
22003,951,0020300607,2004-01-22,SEA vs. GSW,W,38,4,14,0.286,1,3,0.333,4,4,1.0,3,6,9,5,1,0,2,2,13,11,0,2003-04,Regular Season,951,Ray Allen
22003,951,0020300626,2004-01-24,SEA vs. LAC,W,40,14,23,0.609,6,10,0.6,7,8,0.875,0,2,2,5,3,0,0,2,41,10,0,2003-04,Regular Season,951,Ray Allen
22003,951,0020300643,2004-01-27,SEA vs. DAL,L,38,8,20,0.4,3,6,0.5,1,2,0.5,0,2,2,4,2,0,4,3,20,7,0,2003-04,Regular Season,951,Ray Allen
22003,951,0020300655,2004-01-28,SEA @ LAL,L,38,6,14,0.429,2,6,0.333,4,4,1.0,2,8,10,10,1,0,6,2,18,-6,0,2003-04,Regular Season,951,Ray Allen
22003,951,0020300679,2004-01-31,SEA vs. SAC,L,38,5,21,0.238,2,11,0.182,8,10,0.8,3,5,8,7,1,0,1,2,20,2,0,2003-04,Regular Season,951,Ray Allen
22003,951,0020300691,2004-02-02,SEA vs. CHI,W,41,11,16,0.688,4,6,0.667,1,1,1.0,0,2,2,6,0,0,1,1,27,11,0,2003-04,Regular Season,951,Ray Allen
22003,951,0020300697,2004-02-03,SEA @ SAC,L,39,7,18,0.389,3,9,0.333,6,6,1.0,1,4,5,5,1,1,5,4,23,-24,0,2003-04,Regular Season,951,Ray Allen
22003,951,0020300709,2004-02-05,SEA vs. SAS,L,41,8,20,0.4,2,5,0.4,4,4,1.0,0,3,3,4,1,0,3,2,22,-9,0,2003-04,Regular Season,951,Ray Allen
22003,951,0020300719,2004-02-06,SEA @ PHX,W,39,6,15,0.4,3,6,0.5,3,3,1.0,2,6,8,8,0,0,1,1,18,-2,0,2003-04,Regular Season,951,Ray Allen
22003,951,0020300734,2004-02-08,SEA @ POR,L,41,8,17,0.471,2,7,0.286,4,4,1.0,1,3,4,3,1,0,4,3,22,-16,0,2003-04,Regular Season,951,Ray Allen
22003,951,0020300749,2004-02-10,SEA vs. GSW,L,42,6,19,0.316,3,7,0.429,0,0,0.0,0,5,5,5,1,1,1,1,15,-9,0,2003-04,Regular Season,951,Ray Allen
22003,951,0020300761,2004-02-12,SEA vs. TOR,W,39,7,14,0.5,2,4,0.5,7,8,0.875,1,3,4,4,2,0,5,1,23,23,0,2003-04,Regular Season,951,Ray Allen
22003,951,0020300782,2004-02-19,SEA vs. PHI,L,43,10,26,0.385,2,7,0.286,9,9,1.0,4,7,11,4,2,0,5,0,31,-7,0,2003-04,Regular Season,951,Ray Allen
22003,951,0020300801,2004-02-21,SEA @ GSW,L,26,2,10,0.2,0,2,0.0,4,4,1.0,0,4,4,4,1,0,2,6,8,13,0,2003-04,Regular Season,951,Ray Allen
22003,951,0020300810,2004-02-22,SEA vs. BOS,W,42,7,17,0.412,5,10,0.5,1,1,1.0,3,4,7,10,2,0,1,1,20,19,0,2003-04,Regular Season,951,Ray Allen
22003,951,0020300822,2004-02-24,SEA @ UTA,L,33,6,13,0.462,2,5,0.4,12,13,0.923,1,2,3,0,0,0,4,6,26,-17,0,2003-04,Regular Season,951,Ray Allen
22003,951,0020300833,2004-02-25,SEA vs. UTA,L,48,13,25,0.52,6,11,0.545,8,9,0.889,0,7,7,4,0,0,5,5,40,4,0,2003-04,Regular Season,951,Ray Allen
22003,951,0020300844,2004-02-27,SEA vs. PHX,L,42,6,22,0.273,3,8,0.375,8,8,1.0,4,5,9,5,1,1,4,3,23,1,0,2003-04,Regular Season,951,Ray Allen
22003,951,0020300857,2004-02-29,SEA @ HOU,W,43,6,15,0.4,2,5,0.4,0,0,0.0,0,5,5,7,0,1,2,1,14,18,0,2003-04,Regular Season,951,Ray Allen
22003,951,0020300870,2004-03-02,SEA @ DAL,L,40,7,19,0.368,2,8,0.25,9,10,0.9,0,2,2,3,3,1,2,4,25,-10,0,2003-04,Regular Season,951,Ray Allen
22003,951,0020300880,2004-03-03,SEA @ SAS,L,42,9,19,0.474,1,4,0.25,2,2,1.0,0,3,3,4,2,1,5,4,21,-1,0,2003-04,Regular Season,951,Ray Allen
22003,951,0020300894,2004-03-05,SEA @ LAL,L,42,7,18,0.389,2,7,0.286,3,3,1.0,3,5,8,6,2,0,2,0,19,-12,0,2003-04,Regular Season,951,Ray Allen
22003,951,0020300925,2004-03-09,SEA vs. MIN,L,41,13,24,0.542,2,4,0.5,9,11,0.818,3,4,7,2,1,0,0,1,37,-4,0,2003-04,Regular Season,951,Ray Allen
22003,951,0020300941,2004-03-12,SEA @ MIA,L,32,5,17,0.294,2,7,0.286,4,5,0.8,1,3,4,2,1,0,2,3,16,-5,0,2003-04,Regular Season,951,Ray Allen
22003,951,0020300950,2004-03-13,SEA @ ORL,W,38,11,21,0.524,4,8,0.5,0,0,0.0,2,4,6,6,3,0,1,1,26,6,0,2003-04,Regular Season,951,Ray Allen
22003,951,0020300971,2004-03-16,SEA @ ATL,W,41,7,15,0.467,2,6,0.333,11,12,0.917,1,9,10,4,1,0,0,4,27,7,0,2003-04,Regular Season,951,Ray Allen
22003,951,0020300984,2004-03-18,SEA @ MEM,W,42,8,19,0.421,1,5,0.2,2,2,1.0,0,4,4,4,1,0,5,4,19,8,0,2003-04,Regular Season,951,Ray Allen
22003,951,0020300991,2004-03-19,SEA @ NOH,W,43,6,14,0.429,2,5,0.4,5,5,1.0,1,4,5,2,0,0,4,2,19,16,0,2003-04,Regular Season,951,Ray Allen
22003,951,0020301011,2004-03-21,SEA vs. ORL,W,40,7,19,0.368,1,5,0.2,7,7,1.0,3,4,7,3,0,1,1,2,22,15,0,2003-04,Regular Season,951,Ray Allen
22003,951,0020301032,2004-03-24,SEA vs. UTA,W,35,10,15,0.667,2,3,0.667,4,4,1.0,0,2,2,2,1,0,2,5,26,8,0,2003-04,Regular Season,951,Ray Allen
22003,951,0020301048,2004-03-26,SEA vs. DEN,W,40,10,22,0.455,2,5,0.4,5,5,1.0,2,1,3,3,2,0,5,2,27,20,0,2003-04,Regular Season,951,Ray Allen
22003,951,0020301054,2004-03-27,SEA @ POR,L,44,13,20,0.65,6,8,0.75,0,0,0.0,2,7,9,2,0,0,5,3,32,7,0,2003-04,Regular Season,951,Ray Allen
22003,951,0020301074,2004-03-30,SEA @ DEN,L,41,9,22,0.409,3,8,0.375,3,5,0.6,2,2,4,4,2,0,3,3,24,-5,0,2003-04,Regular Season,951,Ray Allen
22003,951,0020301083,2004-03-31,SEA @ MIN,L,42,4,15,0.267,0,4,0.0,5,5,1.0,0,5,5,11,1,0,3,4,13,-11,0,2003-04,Regular Season,951,Ray Allen
22003,951,0020301100,2004-04-02,SEA vs. LAL,L,41,10,19,0.526,4,7,0.571,6,7,0.857,0,3,3,7,1,0,4,3,30,1,0,2003-04,Regular Season,951,Ray Allen
22003,951,0020301113,2004-04-04,SEA vs. NOH,W,33,8,14,0.571,4,6,0.667,5,5,1.0,0,2,2,4,0,0,5,4,25,17,0,2003-04,Regular Season,951,Ray Allen
22003,951,0020301120,2004-04-06,SEA @ DAL,L,35,8,15,0.533,3,6,0.5,1,2,0.5,0,3,3,4,2,0,3,0,20,-12,0,2003-04,Regular Season,951,Ray Allen
22003,951,0020301129,2004-04-07,SEA @ SAS,L,34,6,16,0.375,1,4,0.25,4,4,1.0,2,4,6,3,3,0,1,5,17,-10,0,2003-04,Regular Season,951,Ray Allen
22003,951,0020301147,2004-04-10,SEA vs. DAL,W,38,6,14,0.429,3,7,0.429,2,2,1.0,0,5,5,3,1,0,1,3,17,28,0,2003-04,Regular Season,951,Ray Allen
22003,951,0020301171,2004-04-12,SEA vs. HOU,L,41,6,13,0.462,2,4,0.5,7,8,0.875,0,5,5,3,0,0,3,3,21,-12,0,2003-04,Regular Season,951,Ray Allen
22003,951,0020301188,2004-04-14,SEA @ LAC,W,36,8,14,0.571,3,8,0.375,7,7,1.0,1,2,3,11,4,0,4,1,26,31,0,2003-04,Regular Season,951,Ray Allen
22003,1497,0020300008,2003-10-29,DET vs. IND,L,36,3,17,0.176,0,2,0.0,2,2,1.0,2,2,4,7,1,0,0,2,8,1,0,2003-04,Regular Season,1497,Chauncey Billups
22003,1497,0020300020,2003-10-31,DET @ MIA,W,37,6,13,0.462,3,6,0.5,12,14,0.857,0,4,4,4,1,0,2,1,27,14,0,2003-04,Regular Season,1497,Chauncey Billups
22003,1497,0020300028,2003-11-01,DET @ ORL,W,34,5,10,0.5,0,2,0.0,7,7,1.0,1,0,1,4,0,0,5,3,17,6,0,2003-04,Regular Season,1497,Chauncey Billups
22003,1497,0020300056,2003-11-05,DET vs. BOS,W,36,7,18,0.389,4,8,0.5,9,10,0.9,1,1,2,6,3,0,2,2,27,5,0,2003-04,Regular Season,1497,Chauncey Billups
22003,1497,0020300071,2003-11-07,DET vs. MIL,W,42,8,16,0.5,3,4,0.75,8,9,0.889,1,2,3,7,2,0,4,4,27,12,0,2003-04,Regular Season,1497,Chauncey Billups
22003,1497,0020300088,2003-11-09,DET vs. NJN,W,36,3,14,0.214,1,5,0.2,4,4,1.0,0,2,2,7,3,0,2,2,11,6,0,2003-04,Regular Season,1497,Chauncey Billups
22003,1497,0020300100,2003-11-11,DET @ SAC,L,40,5,15,0.333,1,5,0.2,6,6,1.0,0,4,4,3,1,0,3,5,17,-13,0,2003-04,Regular Season,1497,Chauncey Billups
22003,1497,0020300110,2003-11-12,DET @ GSW,L,42,4,13,0.308,2,4,0.5,9,9,1.0,1,6,7,12,3,0,4,5,19,-5,0,2003-04,Regular Season,1497,Chauncey Billups
22003,1497,0020300124,2003-11-14,DET @ LAL,L,38,9,17,0.529,1,3,0.333,10,10,1.0,1,2,3,5,0,1,4,1,29,-3,0,2003-04,Regular Season,1497,Chauncey Billups
22003,1497,0020300134,2003-11-15,DET @ PHX,W,39,8,13,0.615,3,4,0.75,5,6,0.833,0,2,2,4,0,0,1,2,24,8,0,2003-04,Regular Season,1497,Chauncey Billups
22003,1497,0020300146,2003-11-18,DET vs. LAL,W,35,8,15,0.533,2,4,0.5,6,7,0.857,0,4,4,8,0,0,3,2,24,4,0,2003-04,Regular Season,1497,Chauncey Billups
22003,1497,0020300158,2003-11-19,DET @ MEM,W,39,11,21,0.524,4,5,0.8,7,8,0.875,1,6,7,5,3,0,2,3,33,8,0,2003-04,Regular Season,1497,Chauncey Billups
22003,1497,0020300167,2003-11-21,DET vs. NYK,W,38,6,14,0.429,2,3,0.667,9,10,0.9,1,4,5,9,3,0,3,2,23,12,0,2003-04,Regular Season,1497,Chauncey Billups
22003,1497,0020300183,2003-11-23,DET vs. NOH,L,40,4,18,0.222,2,7,0.286,2,4,0.5,0,4,4,9,0,0,1,3,12,6,0,2003-04,Regular Season,1497,Chauncey Billups
22003,1497,0020300190,2003-11-24,DET @ ATL,W,41,7,23,0.304,1,5,0.2,9,10,0.9,0,3,3,4,3,0,1,3,24,0,0,2003-04,Regular Season,1497,Chauncey Billups
22003,1497,0020300200,2003-11-26,DET @ PHI,L,29,3,9,0.333,1,5,0.2,8,11,0.727,0,3,3,5,0,0,3,6,15,0,0,2003-04,Regular Season,1497,Chauncey Billups
22003,1497,0020300214,2003-11-28,DET vs. CLE,W,42,3,16,0.188,2,3,0.667,0,0,0.0,2,2,4,2,0,0,4,2,8,10,0,2003-04,Regular Season,1497,Chauncey Billups
22003,1497,0020300225,2003-11-29,DET @ WAS,W,41,6,15,0.4,3,4,0.75,7,8,0.875,1,6,7,6,1,0,4,2,22,12,0,2003-04,Regular Season,1497,Chauncey Billups
22003,1497,0020300236,2003-12-01,DET @ NYK,W,40,8,21,0.381,2,6,0.333,6,7,0.857,0,2,2,2,2,0,3,4,24,7,0,2003-04,Regular Season,1497,Chauncey Billups
22003,1497,0020300248,2003-12-03,DET vs. MIA,W,38,4,12,0.333,1,2,0.5,7,7,1.0,0,2,2,3,0,0,1,3,16,5,0,2003-04,Regular Season,1497,Chauncey Billups
22003,1497,0020300277,2003-12-06,DET @ HOU,L,35,2,6,0.333,0,0,0.0,7,8,0.875,0,4,4,4,0,0,5,2,11,-15,0,2003-04,Regular Season,1497,Chauncey Billups
22003,1497,0020300294,2003-12-09,DET vs. PHI,L,42,11,21,0.524,5,9,0.556,2,2,1.0,0,5,5,3,1,0,3,3,29,0,0,2003-04,Regular Season,1497,Chauncey Billups
22003,1497,0020300306,2003-12-11,DET @ CLE,L,35,5,14,0.357,0,3,0.0,1,2,0.5,2,1,3,7,3,0,1,3,11,5,0,2003-04,Regular Season,1497,Chauncey Billups
22003,1497,0020300315,2003-12-12,DET vs. SEA,L,33,3,10,0.3,0,4,0.0,6,6,1.0,2,1,3,6,0,0,6,2,12,-9,0,2003-04,Regular Season,1497,Chauncey Billups
22003,1497,0020300352,2003-12-17,DET vs. CHI,W,36,6,11,0.545,0,1,0.0,2,5,0.4,0,4,4,2,2,0,4,3,14,6,0,2003-04,Regular Season,1497,Chauncey Billups
22003,1497,0020300366,2003-12-19,DET @ IND,L,37,4,11,0.364,1,4,0.25,4,4,1.0,0,4,4,3,1,0,1,3,13,-5,0,2003-04,Regular Season,1497,Chauncey Billups
22003,1497,0020300383,2003-12-21,DET vs. UTA,W,34,7,11,0.636,2,2,1.0,3,3,1.0,0,2,2,6,0,0,4,5,19,16,0,2003-04,Regular Season,1497,Chauncey Billups
22003,1497,0020300394,2003-12-23,DET @ MIL,L,28,3,14,0.214,1,3,0.333,0,0,0.0,0,3,3,4,1,0,4,3,7,-8,0,2003-04,Regular Season,1497,Chauncey Billups
22003,1497,0020300407,2003-12-26,DET vs. NJN,L,37,5,15,0.333,2,7,0.286,3,4,0.75,1,1,2,4,1,0,4,3,15,2,0,2003-04,Regular Season,1497,Chauncey Billups
22003,1497,0020300417,2003-12-27,DET @ ATL,W,35,7,19,0.368,4,10,0.4,1,2,0.5,1,5,6,4,2,0,1,0,19,1,0,2003-04,Regular Season,1497,Chauncey Billups
22003,1497,0020300433,2003-12-29,DET vs. NOH,W,36,10,16,0.625,4,7,0.571,7,7,1.0,1,2,3,3,1,0,3,4,31,10,0,2003-04,Regular Season,1497,Chauncey Billups
22003,1497,0020300447,2003-12-31,DET vs. POR,W,38,7,18,0.389,3,5,0.6,5,5,1.0,0,2,2,7,1,0,0,1,22,11,0,2003-04,Regular Season,1497,Chauncey Billups
22003,1497,0020300457,2004-01-02,DET vs. PHX,W,42,4,15,0.267,1,5,0.2,4,5,0.8,0,3,3,6,1,1,2,1,13,10,0,2003-04,Regular Season,1497,Chauncey Billups
22003,1497,0020300465,2004-01-03,DET vs. GSW,W,36,4,10,0.4,1,1,1.0,6,8,0.75,1,3,4,10,0,1,1,4,15,7,0,2003-04,Regular Season,1497,Chauncey Billups
22003,1497,0020300477,2004-01-05,DET @ BOS,W,39,3,11,0.273,1,5,0.2,1,1,1.0,0,6,6,3,1,0,4,3,8,3,0,2003-04,Regular Season,1497,Chauncey Billups
22003,1497,0020300496,2004-01-07,DET vs. HOU,W,22,2,7,0.286,1,3,0.333,4,4,1.0,1,1,2,5,2,0,2,2,9,13,0,2003-04,Regular Season,1497,Chauncey Billups
22003,1497,0020300525,2004-01-11,DET vs. DAL,W,31,9,20,0.45,7,10,0.7,2,2,1.0,0,3,3,5,0,0,1,2,27,17,0,2003-04,Regular Season,1497,Chauncey Billups
22003,1497,0020300537,2004-01-13,DET @ CHI,W,34,4,12,0.333,2,3,0.667,7,7,1.0,1,4,5,7,0,0,1,2,17,7,0,2003-04,Regular Season,1497,Chauncey Billups
22003,1497,0020300547,2004-01-14,DET vs. TOR,W,44,5,14,0.357,2,5,0.4,1,3,0.333,0,8,8,6,0,0,2,2,13,2,0,2003-04,Regular Season,1497,Chauncey Billups
22003,1497,0020300560,2004-01-16,DET vs. WAS,W,31,4,8,0.5,2,4,0.5,2,2,1.0,0,4,4,10,3,0,4,0,12,25,0,2003-04,Regular Season,1497,Chauncey Billups
22003,1497,0020300572,2004-01-17,DET @ MIL,W,38,7,14,0.5,1,2,0.5,11,11,1.0,1,3,4,6,1,0,1,3,26,7,0,2003-04,Regular Season,1497,Chauncey Billups
22003,1497,0020300584,2004-01-19,DET vs. SAS,W,31,4,12,0.333,2,4,0.5,8,8,1.0,0,1,1,4,1,0,3,0,18,8,0,2003-04,Regular Season,1497,Chauncey Billups
22003,1497,0020300591,2004-01-20,DET @ IND,L,36,2,13,0.154,1,3,0.333,6,7,0.857,2,3,5,3,0,1,4,0,11,-12,0,2003-04,Regular Season,1497,Chauncey Billups
22003,1497,0020300614,2004-01-23,DET @ MIN,L,35,5,19,0.263,3,6,0.5,5,5,1.0,0,2,2,4,0,0,4,3,18,-1,0,2003-04,Regular Season,1497,Chauncey Billups
22003,1497,0020300632,2004-01-25,DET vs. ATL,L,38,1,9,0.111,0,4,0.0,8,8,1.0,0,4,4,4,1,0,2,2,10,-10,0,2003-04,Regular Season,1497,Chauncey Billups
22003,1497,0020300645,2004-01-28,DET @ BOS,W,33,5,7,0.714,2,3,0.667,9,10,0.9,0,3,3,3,1,0,3,4,21,1,0,2003-04,Regular Season,1497,Chauncey Billups
22003,1497,0020300662,2004-01-30,DET @ TOR,W,43,6,15,0.4,1,3,0.333,6,7,0.857,0,5,5,4,3,0,4,1,19,0,0,2003-04,Regular Season,1497,Chauncey Billups
22003,1497,0020300674,2004-01-31,DET vs. MEM,W,35,2,11,0.182,1,3,0.333,4,4,1.0,1,2,3,5,2,0,2,2,9,-12,0,2003-04,Regular Season,1497,Chauncey Billups
22003,1497,0020300684,2004-02-02,DET @ MIA,W,34,6,13,0.462,4,7,0.571,7,7,1.0,0,2,2,5,1,0,1,3,23,1,0,2003-04,Regular Season,1497,Chauncey Billups
22003,1497,0020300694,2004-02-03,DET vs. CLE,L,34,8,15,0.533,2,6,0.333,1,1,1.0,0,1,1,5,0,1,4,1,19,2,0,2003-04,Regular Season,1497,Chauncey Billups
22003,1497,0020300714,2004-02-06,DET @ NOH,L,25,3,10,0.3,1,5,0.2,2,2,1.0,0,1,1,2,0,0,3,3,9,-14,0,2003-04,Regular Season,1497,Chauncey Billups
22003,1497,0020300727,2004-02-07,DET @ DAL,L,30,5,10,0.5,1,4,0.25,6,7,0.857,0,1,1,4,0,0,1,2,17,-12,0,2003-04,Regular Season,1497,Chauncey Billups
22003,1497,0020300741,2004-02-10,DET @ NJN,L,36,7,15,0.467,2,4,0.5,7,9,0.778,0,4,4,5,0,0,2,1,23,-2,0,2003-04,Regular Season,1497,Chauncey Billups
22003,1497,0020300753,2004-02-11,DET vs. SAC,L,26,1,8,0.125,1,3,0.333,0,0,0.0,0,0,0,7,1,0,3,0,3,-5,0,2003-04,Regular Season,1497,Chauncey Billups
22003,1497,0020300763,2004-02-17,DET @ NYK,L,28,9,18,0.5,3,7,0.429,5,5,1.0,1,2,3,2,0,0,0,3,26,0,0,2003-04,Regular Season,1497,Chauncey Billups
22003,1497,0020300777,2004-02-18,DET vs. MIL,W,39,6,14,0.429,2,7,0.286,6,8,0.75,2,2,4,7,1,0,2,3,20,3,0,2003-04,Regular Season,1497,Chauncey Billups
22003,1497,0020300790,2004-02-20,DET vs. MIN,L,44,7,13,0.538,2,4,0.5,4,6,0.667,0,10,10,11,0,0,1,6,20,6,0,2003-04,Regular Season,1497,Chauncey Billups
22003,1497,0020300807,2004-02-22,DET vs. ORL,L,43,5,12,0.417,2,5,0.4,3,4,0.75,0,5,5,8,4,0,4,2,15,5,0,2003-04,Regular Season,1497,Chauncey Billups
22003,1497,0020300811,2004-02-23,DET @ PHI,W,40,2,9,0.222,0,2,0.0,6,6,1.0,0,5,5,4,2,0,4,3,10,6,0,2003-04,Regular Season,1497,Chauncey Billups
22003,1497,0020300829,2004-02-25,DET @ CHI,W,35,5,10,0.5,0,1,0.0,4,4,1.0,0,2,2,6,0,0,2,1,14,21,0,2003-04,Regular Season,1497,Chauncey Billups
22003,1497,0020300840,2004-02-27,DET vs. ATL,W,34,5,11,0.455,3,5,0.6,7,9,0.778,1,6,7,8,3,0,0,0,20,21,0,2003-04,Regular Season,1497,Chauncey Billups
22003,1497,0020300862,2004-02-29,DET @ LAC,W,38,7,11,0.636,2,3,0.667,12,14,0.857,1,3,4,7,1,0,1,2,28,12,0,2003-04,Regular Season,1497,Chauncey Billups
22003,1497,0020300867,2004-03-01,DET @ UTA,L,36,4,11,0.364,1,5,0.2,8,9,0.889,0,3,3,3,0,1,3,1,17,-9,0,2003-04,Regular Season,1497,Chauncey Billups
22003,1497,0020300886,2004-03-04,DET @ POR,W,32,4,9,0.444,1,6,0.167,7,9,0.778,0,2,2,5,2,0,1,1,16,20,0,2003-04,Regular Season,1497,Chauncey Billups
22003,1497,0020300900,2004-03-06,DET @ DEN,W,35,1,5,0.2,0,3,0.0,0,0,0.0,2,4,6,13,1,1,4,1,2,39,0,2003-04,Regular Season,1497,Chauncey Billups
22003,1497,0020300910,2004-03-07,DET @ SEA,W,38,2,9,0.222,1,6,0.167,4,4,1.0,0,3,3,4,0,0,3,3,9,18,0,2003-04,Regular Season,1497,Chauncey Billups
22003,1497,0020300930,2004-03-10,DET vs. CHI,W,28,7,13,0.538,0,1,0.0,5,5,1.0,0,3,3,6,0,0,1,1,19,23,0,2003-04,Regular Season,1497,Chauncey Billups
22003,1497,0020300956,2004-03-14,DET vs. PHI,W,38,4,8,0.5,1,5,0.2,4,6,0.667,0,2,2,9,1,0,4,1,13,19,0,2003-04,Regular Season,1497,Chauncey Billups
22003,1497,0020300983,2004-03-18,DET @ NJN,W,35,7,12,0.583,2,4,0.5,4,5,0.8,1,4,5,8,1,0,1,3,20,13,0,2003-04,Regular Season,1497,Chauncey Billups
22003,1497,0020300992,2004-03-19,DET vs. DEN,W,31,3,7,0.429,0,3,0.0,0,0,0.0,0,6,6,12,0,1,2,2,6,17,0,2003-04,Regular Season,1497,Chauncey Billups
22003,1497,0020301008,2004-03-21,DET @ CLE,W,25,5,9,0.556,2,3,0.667,6,7,0.857,0,2,2,6,1,0,0,1,18,17,0,2003-04,Regular Season,1497,Chauncey Billups
22003,1497,0020301019,2004-03-23,DET @ NOH,L,33,2,10,0.2,2,7,0.286,5,5,1.0,1,3,4,7,2,0,2,0,11,4,0,2003-04,Regular Season,1497,Chauncey Billups
22003,1497,0020301036,2004-03-25,DET @ SAS,L,35,1,7,0.143,0,2,0.0,2,3,0.667,0,1,1,3,2,0,5,3,4,-13,0,2003-04,Regular Season,1497,Chauncey Billups
22003,1497,0020301051,2004-03-27,DET vs. NYK,W,31,4,11,0.364,0,4,0.0,3,3,1.0,0,3,3,13,2,0,2,0,11,23,0,2003-04,Regular Season,1497,Chauncey Billups
22003,1497,0020301082,2004-03-31,DET vs. LAC,W,32,4,12,0.333,2,6,0.333,11,12,0.917,0,2,2,5,3,0,1,4,21,-1,0,2003-04,Regular Season,1497,Chauncey Billups
22003,1497,0020301093,2004-04-02,DET vs. MIA,W,39,8,17,0.471,4,7,0.571,11,12,0.917,0,7,7,7,1,0,2,3,31,4,0,2003-04,Regular Season,1497,Chauncey Billups
22003,1497,0020301111,2004-04-04,DET vs. IND,W,30,2,8,0.25,1,3,0.333,5,8,0.625,0,2,2,7,0,0,0,3,10,10,0,2003-04,Regular Season,1497,Chauncey Billups
22003,1497,0020301118,2004-04-06,DET vs. ORL,W,18,3,6,0.5,0,1,0.0,1,1,1.0,0,0,0,7,0,0,2,0,7,6,0,2003-04,Regular Season,1497,Chauncey Billups
42003,1497,0040300121,2004-04-18,DET vs. MIL,W,34,4,15,0.267,1,6,0.167,3,4,0.75,1,1,2,6,2,0,0,3,12,26,0,2003-04,Playoffs,1497,Chauncey Billups
42003,1497,0040300122,2004-04-21,DET vs. MIL,L,40,6,18,0.333,3,9,0.333,5,6,0.833,1,0,1,8,1,0,3,6,20,5,0,2003-04,Playoffs,1497,Chauncey Billups
42003,1497,0040300123,2004-04-24,DET @ MIL,W,39,5,14,0.357,2,4,0.5,9,9,1.0,0,2,2,7,1,0,3,1,21,10,0,2003-04,Playoffs,1497,Chauncey Billups
42003,1497,0040300124,2004-04-26,DET @ MIL,W,37,6,10,0.6,1,3,0.333,6,6,1.0,0,3,3,9,3,0,3,1,19,12,0,2003-04,Playoffs,1497,Chauncey Billups
42003,1497,0040300125,2004-04-29,DET vs. MIL,W,38,8,16,0.5,2,5,0.4,1,1,1.0,0,1,1,6,1,0,0,1,19,16,0,2003-04,Playoffs,1497,Chauncey Billups
42003,1497,0040300211,2004-05-03,DET vs. NJN,W,38,2,7,0.286,1,3,0.333,1,2,0.5,0,2,2,2,0,0,2,4,6,17,0,2003-04,Playoffs,1497,Chauncey Billups
42003,1497,0040300212,2004-05-07,DET vs. NJN,W,40,9,16,0.563,3,4,0.75,7,7,1.0,1,3,4,13,2,0,2,5,28,17,0,2003-04,Playoffs,1497,Chauncey Billups
42003,1497,0040300213,2004-05-09,DET @ NJN,L,37,1,10,0.1,0,1,0.0,0,1,0.0,1,3,4,2,1,0,4,2,2,-14,0,2003-04,Playoffs,1497,Chauncey Billups
42003,1497,0040300214,2004-05-11,DET @ NJN,L,27,2,7,0.286,0,2,0.0,2,2,1.0,0,0,0,5,0,0,1,3,6,-14,0,2003-04,Playoffs,1497,Chauncey Billups
42003,1497,0040300215,2004-05-14,DET vs. NJN,L,55,9,29,0.31,3,11,0.273,10,12,0.833,3,7,10,8,3,0,3,4,31,-9,0,2003-04,Playoffs,1497,Chauncey Billups
42003,1497,0040300216,2004-05-16,DET @ NJN,W,38,3,6,0.5,2,5,0.4,3,4,0.75,0,3,3,3,2,0,3,4,11,-1,0,2003-04,Playoffs,1497,Chauncey Billups
42003,1497,0040300217,2004-05-20,DET vs. NJN,W,40,6,16,0.375,4,10,0.4,6,6,1.0,0,2,2,7,1,0,1,2,22,19,0,2003-04,Playoffs,1497,Chauncey Billups
42003,1497,0040300301,2004-05-22,DET @ IND,L,37,6,13,0.462,1,5,0.2,5,6,0.833,0,0,0,4,1,0,4,1,18,-10,0,2003-04,Playoffs,1497,Chauncey Billups
42003,1497,0040300302,2004-05-24,DET @ IND,W,38,1,7,0.143,0,1,0.0,4,4,1.0,1,4,5,6,5,1,5,3,6,1,0,2003-04,Playoffs,1497,Chauncey Billups
42003,1497,0040300303,2004-05-26,DET vs. IND,W,39,4,11,0.364,1,4,0.25,5,6,0.833,1,4,5,8,0,1,1,2,14,11,0,2003-04,Playoffs,1497,Chauncey Billups
42003,1497,0040300304,2004-05-28,DET vs. IND,L,39,5,14,0.357,3,9,0.333,8,9,0.889,1,1,2,5,1,0,5,3,21,-7,0,2003-04,Playoffs,1497,Chauncey Billups
42003,1497,0040300305,2004-05-30,DET @ IND,W,32,2,7,0.286,0,2,0.0,3,3,1.0,1,3,4,7,1,0,5,2,7,18,0,2003-04,Playoffs,1497,Chauncey Billups
42003,1497,0040300306,2004-06-01,DET vs. IND,W,40,2,13,0.154,2,6,0.333,4,6,0.667,0,4,4,4,0,0,2,2,10,-3,0,2003-04,Playoffs,1497,Chauncey Billups
42003,1497,0040300401,2004-06-06,DET @ LAL,W,39,8,14,0.571,2,4,0.5,4,4,1.0,1,2,3,4,3,0,2,1,22,11,0,2003-04,Playoffs,1497,Chauncey Billups
42003,1497,0040300402,2004-06-08,DET @ LAL,L,47,6,15,0.4,2,2,1.0,13,14,0.929,2,2,4,9,0,0,3,1,27,-1,0,2003-04,Playoffs,1497,Chauncey Billups
42003,1497,0040300403,2004-06-10,DET vs. LAL,W,36,5,11,0.455,2,5,0.4,7,7,1.0,0,2,2,3,1,0,2,1,19,14,0,2003-04,Playoffs,1497,Chauncey Billups
42003,1497,0040300404,2004-06-13,DET vs. LAL,W,37,7,12,0.583,2,5,0.4,7,9,0.778,0,4,4,4,2,0,3,3,23,5,0,2003-04,Playoffs,1497,Chauncey Billups
42003,1497,0040300405,2004-06-15,DET vs. LAL,W,33,3,5,0.6,0,1,0.0,8,8,1.0,0,3,3,6,0,0,3,2,14,16,0,2003-04,Playoffs,1497,Chauncey Billups
22003,739,0020300012,2003-10-29,POR @ UTA,L,40,8,13,0.615,2,4,0.5,3,4,0.75,1,5,6,3,2,2,2,2,21,5,0,2003-04,Regular Season,739,Rasheed Wallace
22003,739,0020300038,2003-11-01,POR vs. CLE,W,30,4,11,0.364,1,4,0.25,2,4,0.5,2,2,4,2,0,2,3,4,11,15,0,2003-04,Regular Season,739,Rasheed Wallace
22003,739,0020300047,2003-11-03,POR vs. PHI,L,41,7,14,0.5,2,2,1.0,6,8,0.75,2,5,7,6,1,2,3,2,22,-11,0,2003-04,Regular Season,739,Rasheed Wallace
22003,739,0020300061,2003-11-05,POR vs. MEM,W,40,4,10,0.4,1,2,0.5,0,1,0.0,0,10,10,3,1,2,1,2,9,3,0,2003-04,Regular Season,739,Rasheed Wallace
22003,739,0020300076,2003-11-07,POR @ SEA,L,44,11,19,0.579,2,5,0.4,1,2,0.5,2,9,11,4,0,2,4,3,25,-19,0,2003-04,Regular Season,739,Rasheed Wallace
22003,739,0020300084,2003-11-08,POR vs. ATL,W,39,4,13,0.308,3,6,0.5,0,0,0.0,0,7,7,1,1,1,1,1,11,4,0,2003-04,Regular Season,739,Rasheed Wallace
22003,739,0020300101,2003-11-11,POR vs. TOR,W,40,4,15,0.267,2,4,0.5,1,4,0.25,2,6,8,3,1,0,2,2,11,-4,0,2003-04,Regular Season,739,Rasheed Wallace
22003,739,0020300114,2003-11-13,POR vs. SAC,W,45,11,20,0.55,1,1,1.0,3,5,0.6,3,3,6,4,2,0,5,2,26,6,0,2003-04,Regular Season,739,Rasheed Wallace
22003,739,0020300126,2003-11-15,POR @ NOH,L,41,7,17,0.412,1,6,0.167,4,4,1.0,2,6,8,3,0,1,1,0,19,-19,0,2003-04,Regular Season,739,Rasheed Wallace
22003,739,0020300142,2003-11-17,POR @ DAL,L,45,12,25,0.48,3,5,0.6,4,5,0.8,4,4,8,3,1,2,1,3,31,-3,0,2003-04,Regular Season,739,Rasheed Wallace
22003,739,0020300161,2003-11-19,POR vs. MIA,W,42,6,15,0.4,2,5,0.4,7,8,0.875,2,9,11,1,1,2,2,3,21,15,0,2003-04,Regular Season,739,Rasheed Wallace
22003,739,0020300174,2003-11-21,POR vs. HOU,W,39,4,14,0.286,1,6,0.167,5,6,0.833,0,6,6,3,4,0,0,5,14,11,0,2003-04,Regular Season,739,Rasheed Wallace
22003,739,0020300184,2003-11-23,POR @ GSW,L,41,5,14,0.357,0,5,0.0,1,3,0.333,0,8,8,3,1,0,4,3,11,-7,0,2003-04,Regular Season,739,Rasheed Wallace
22003,739,0020300198,2003-11-25,POR vs. WAS,L,41,1,6,0.167,0,4,0.0,1,2,0.5,0,1,1,7,1,0,3,3,3,10,0,2003-04,Regular Season,739,Rasheed Wallace
22003,739,0020300221,2003-11-28,POR vs. NJN,W,29,5,14,0.357,1,3,0.333,0,0,0.0,0,10,10,2,0,1,0,2,11,2,0,2003-04,Regular Season,739,Rasheed Wallace
22003,739,0020300253,2003-12-03,POR vs. IND,W,47,7,19,0.368,1,8,0.125,2,2,1.0,4,4,8,2,2,4,0,2,17,2,0,2003-04,Regular Season,739,Rasheed Wallace
22003,739,0020300268,2003-12-05,POR vs. NYK,W,38,7,18,0.389,2,4,0.5,1,1,1.0,1,6,7,1,0,1,1,2,17,2,0,2003-04,Regular Season,739,Rasheed Wallace
22003,739,0020300281,2003-12-07,POR @ MEM,L,41,5,12,0.417,2,6,0.333,1,1,1.0,3,6,9,2,0,5,3,3,13,-9,0,2003-04,Regular Season,739,Rasheed Wallace
22003,739,0020300296,2003-12-09,POR @ HOU,L,37,3,12,0.25,0,2,0.0,6,6,1.0,1,4,5,2,0,1,1,5,12,2,0,2003-04,Regular Season,739,Rasheed Wallace
22003,739,0020300303,2003-12-10,POR @ SAS,L,31,8,20,0.4,3,7,0.429,4,5,0.8,3,3,6,1,0,5,1,1,23,-25,0,2003-04,Regular Season,739,Rasheed Wallace
22003,739,0020300326,2003-12-13,POR vs. LAL,W,41,11,21,0.524,2,4,0.5,4,5,0.8,3,4,7,5,1,0,4,4,28,-2,0,2003-04,Regular Season,739,Rasheed Wallace
22003,739,0020300346,2003-12-16,POR vs. MIL,L,43,7,13,0.538,0,2,0.0,1,4,0.25,2,3,5,2,1,1,3,4,15,-8,0,2003-04,Regular Season,739,Rasheed Wallace
22003,739,0020300359,2003-12-18,POR vs. PHX,W,45,7,14,0.5,0,3,0.0,1,2,0.5,1,6,7,8,0,3,2,1,15,12,0,2003-04,Regular Season,739,Rasheed Wallace
22003,739,0020300379,2003-12-20,POR vs. SAS,L,38,8,20,0.4,0,4,0.0,2,2,1.0,1,5,6,3,0,2,3,4,18,-13,0,2003-04,Regular Season,739,Rasheed Wallace
22003,739,0020300384,2003-12-21,POR @ SAC,L,39,12,18,0.667,0,1,0.0,3,4,0.75,2,2,4,2,0,2,2,2,27,-14,0,2003-04,Regular Season,739,Rasheed Wallace
22003,739,0020300398,2003-12-23,POR vs. DAL,W,21,3,9,0.333,0,3,0.0,1,2,0.5,1,4,5,3,0,0,1,5,7,6,0,2003-04,Regular Season,739,Rasheed Wallace
22003,739,0020300416,2003-12-26,POR vs. MIN,W,36,4,12,0.333,0,1,0.0,6,6,1.0,4,5,9,2,0,2,2,2,14,10,0,2003-04,Regular Season,739,Rasheed Wallace
22003,739,0020300424,2003-12-28,POR @ CLE,L,38,5,19,0.263,3,10,0.3,4,4,1.0,0,9,9,2,1,2,0,1,17,-11,0,2003-04,Regular Season,739,Rasheed Wallace
22003,739,0020300432,2003-12-29,POR @ NJN,W,31,7,14,0.5,0,3,0.0,2,2,1.0,1,3,4,0,0,1,2,4,16,-5,0,2003-04,Regular Season,739,Rasheed Wallace
22003,739,0020300447,2003-12-31,POR @ DET,L,40,7,16,0.438,2,5,0.4,1,2,0.5,1,4,5,2,1,0,0,3,17,0,0,2003-04,Regular Season,739,Rasheed Wallace
22003,739,0020300461,2004-01-02,POR vs. DEN,L,41,12,20,0.6,4,5,0.8,2,4,0.5,2,5,7,4,0,1,4,2,30,-2,0,2003-04,Regular Season,739,Rasheed Wallace
22003,739,0020300484,2004-01-05,POR @ SEA,L,45,5,15,0.333,0,3,0.0,3,5,0.6,2,1,3,0,1,1,0,1,13,-16,0,2003-04,Regular Season,739,Rasheed Wallace
22003,739,0020300504,2004-01-08,POR @ MIN,L,26,4,8,0.5,0,0,0.0,0,0,0.0,1,1,2,0,1,0,0,3,8,-15,0,2003-04,Regular Season,739,Rasheed Wallace
22003,739,0020300574,2004-01-17,POR vs. DAL,L,37,8,20,0.4,0,3,0.0,8,11,0.727,1,3,4,5,1,3,5,5,24,-9,0,2003-04,Regular Season,739,Rasheed Wallace
22003,739,0020300577,2004-01-18,POR @ PHX,L,37,6,17,0.353,4,5,0.8,3,3,1.0,3,4,7,2,2,2,2,3,19,-10,0,2003-04,Regular Season,739,Rasheed Wallace
22003,739,0020300595,2004-01-20,POR @ SAC,W,33,9,15,0.6,0,2,0.0,8,9,0.889,1,14,15,2,0,3,2,6,26,2,0,2003-04,Regular Season,739,Rasheed Wallace
22003,739,0020300620,2004-01-24,POR vs. GSW,L,36,6,16,0.375,1,2,0.5,0,0,0.0,5,4,9,3,1,1,1,3,13,-14,0,2003-04,Regular Season,739,Rasheed Wallace
22003,739,0020300634,2004-01-26,POR @ WAS,W,32,7,15,0.467,1,4,0.25,1,2,0.5,0,4,4,1,0,2,4,4,16,11,0,2003-04,Regular Season,739,Rasheed Wallace
22003,739,0020300651,2004-01-28,POR @ MEM,W,35,6,12,0.5,2,4,0.5,2,4,0.5,2,8,10,1,2,2,0,2,16,7,0,2003-04,Regular Season,739,Rasheed Wallace
22003,739,0020300658,2004-01-29,POR @ ATL,W,37,9,18,0.5,2,7,0.286,0,0,0.0,2,4,6,1,1,0,3,5,20,13,0,2003-04,Regular Season,739,Rasheed Wallace
22003,739,0020300678,2004-01-31,POR vs. CHI,W,37,13,18,0.722,3,5,0.6,0,0,0.0,0,7,7,0,2,2,1,5,29,13,0,2003-04,Regular Season,739,Rasheed Wallace
22003,739,0020300688,2004-02-02,POR @ DEN,L,34,5,10,0.5,0,1,0.0,2,2,1.0,0,4,4,1,2,1,4,1,12,-9,0,2003-04,Regular Season,739,Rasheed Wallace
22003,739,0020300707,2004-02-04,POR @ PHX,W,12,3,5,0.6,2,2,1.0,0,0,0.0,1,1,2,3,1,1,1,3,8,15,0,2003-04,Regular Season,739,Rasheed Wallace
22003,739,0020300718,2004-02-06,POR @ UTA,W,34,4,12,0.333,1,1,1.0,7,9,0.778,0,6,6,3,0,4,0,3,16,11,0,2003-04,Regular Season,739,Rasheed Wallace
22003,739,0020300734,2004-02-08,POR vs. SEA,W,39,5,11,0.455,2,4,0.5,2,2,1.0,1,4,5,3,0,3,3,5,14,20,0,2003-04,Regular Season,739,Rasheed Wallace
22003,739,0020300776,2004-02-18,ATL @ NJN,L,42,8,24,0.333,1,6,0.167,3,3,1.0,1,5,6,2,1,5,3,0,20,-1,0,2003-04,Regular Season,739,Rasheed Wallace
22003,739,0020300790,2004-02-20,DET vs. MIN,L,12,2,6,0.333,0,1,0.0,0,0,0.0,1,1,2,0,0,0,0,0,4,-11,0,2003-04,Regular Season,739,Rasheed Wallace
22003,739,0020300807,2004-02-22,DET vs. ORL,L,39,5,17,0.294,2,5,0.4,2,6,0.333,0,7,7,4,0,2,1,3,14,1,0,2003-04,Regular Season,739,Rasheed Wallace
22003,739,0020300811,2004-02-23,DET @ PHI,W,34,4,13,0.308,0,1,0.0,2,2,1.0,1,10,11,2,1,4,3,5,10,18,0,2003-04,Regular Season,739,Rasheed Wallace
22003,739,0020300829,2004-02-25,DET @ CHI,W,24,6,13,0.462,1,1,1.0,2,2,1.0,3,4,7,2,0,3,0,4,15,11,0,2003-04,Regular Season,739,Rasheed Wallace
22003,739,0020300840,2004-02-27,DET vs. ATL,W,21,2,10,0.2,0,0,0.0,2,4,0.5,2,4,6,3,1,1,3,2,6,17,0,2003-04,Regular Season,739,Rasheed Wallace
22003,739,0020300862,2004-02-29,DET @ LAC,W,42,5,17,0.294,1,5,0.2,4,4,1.0,1,9,10,5,1,2,1,2,15,14,0,2003-04,Regular Season,739,Rasheed Wallace
22003,739,0020300867,2004-03-01,DET @ UTA,L,40,9,21,0.429,1,6,0.167,8,9,0.889,1,5,6,0,1,4,2,4,27,-7,0,2003-04,Regular Season,739,Rasheed Wallace
22003,739,0020300886,2004-03-04,DET @ POR,W,34,6,12,0.5,0,3,0.0,1,2,0.5,1,8,9,3,1,3,2,3,13,17,0,2003-04,Regular Season,739,Rasheed Wallace
22003,739,0020300900,2004-03-06,DET @ DEN,W,31,8,17,0.471,2,7,0.286,2,2,1.0,2,8,10,3,3,0,1,1,20,39,0,2003-04,Regular Season,739,Rasheed Wallace
22003,739,0020300910,2004-03-07,DET @ SEA,W,35,8,16,0.5,2,6,0.333,0,0,0.0,1,3,4,2,1,2,3,4,18,19,0,2003-04,Regular Season,739,Rasheed Wallace
22003,739,0020300930,2004-03-10,DET vs. CHI,W,31,9,13,0.692,0,3,0.0,0,0,0.0,0,6,6,1,1,2,3,2,18,15,0,2003-04,Regular Season,739,Rasheed Wallace
22003,739,0020300956,2004-03-14,DET vs. PHI,W,30,5,7,0.714,3,4,0.75,1,2,0.5,3,5,8,1,0,2,0,3,14,20,0,2003-04,Regular Season,739,Rasheed Wallace
22003,739,0020300983,2004-03-18,DET @ NJN,W,35,6,12,0.5,3,3,1.0,1,1,1.0,3,5,8,2,1,2,1,3,16,19,0,2003-04,Regular Season,739,Rasheed Wallace
22003,739,0020300992,2004-03-19,DET vs. DEN,W,36,9,14,0.643,0,2,0.0,2,4,0.5,0,3,3,0,2,1,3,2,20,15,0,2003-04,Regular Season,739,Rasheed Wallace
22003,739,0020301008,2004-03-21,DET @ CLE,W,15,4,8,0.5,0,1,0.0,2,2,1.0,0,1,1,0,2,1,0,4,10,-4,0,2003-04,Regular Season,739,Rasheed Wallace
22003,739,0020301019,2004-03-23,DET @ NOH,L,36,5,17,0.294,0,3,0.0,0,0,0.0,0,4,4,1,2,3,1,4,10,3,0,2003-04,Regular Season,739,Rasheed Wallace
22003,739,0020301036,2004-03-25,DET @ SAS,L,34,8,18,0.444,1,3,0.333,0,0,0.0,1,13,14,2,1,2,1,4,17,-9,0,2003-04,Regular Season,739,Rasheed Wallace
22003,739,0020301093,2004-04-02,DET vs. MIA,W,39,5,14,0.357,1,3,0.333,6,6,1.0,2,5,7,1,2,2,0,3,17,10,0,2003-04,Regular Season,739,Rasheed Wallace
22003,739,0020301111,2004-04-04,DET vs. IND,W,30,3,11,0.273,1,4,0.25,0,0,0.0,2,6,8,1,2,3,1,3,7,4,0,2003-04,Regular Season,739,Rasheed Wallace
22003,739,0020301118,2004-04-06,DET vs. ORL,W,26,6,9,0.667,3,4,0.75,2,4,0.5,4,7,11,2,0,4,0,1,17,6,0,2003-04,Regular Season,739,Rasheed Wallace
22003,739,0020301139,2004-04-09,DET vs. TOR,W,37,3,11,0.273,1,3,0.333,1,2,0.5,4,8,12,1,0,1,2,1,8,10,0,2003-04,Regular Season,739,Rasheed Wallace
22003,739,0020301149,2004-04-10,DET @ ORL,W,12,3,5,0.6,0,1,0.0,0,2,0.0,0,1,1,4,2,1,1,1,6,11,0,2003-04,Regular Season,739,Rasheed Wallace
42003,739,0040300121,2004-04-18,DET vs. MIL,W,28,7,12,0.583,3,4,0.75,0,0,0.0,3,7,10,2,1,3,2,3,17,27,0,2003-04,Playoffs,739,Rasheed Wallace
42003,739,0040300122,2004-04-21,DET vs. MIL,L,41,7,12,0.583,1,5,0.2,1,2,0.5,5,7,12,5,0,2,4,0,16,0,0,2003-04,Playoffs,739,Rasheed Wallace
42003,739,0040300123,2004-04-24,DET @ MIL,W,39,4,14,0.286,1,3,0.333,1,2,0.5,1,10,11,3,0,2,5,5,10,17,0,2003-04,Playoffs,739,Rasheed Wallace
42003,739,0040300124,2004-04-26,DET @ MIL,W,37,7,14,0.5,1,4,0.25,5,5,1.0,1,8,9,3,0,3,0,2,20,16,0,2003-04,Playoffs,739,Rasheed Wallace
42003,739,0040300125,2004-04-29,DET vs. MIL,W,41,4,16,0.25,0,3,0.0,3,4,0.75,3,8,11,0,0,1,3,1,11,12,0,2003-04,Playoffs,739,Rasheed Wallace
42003,739,0040300211,2004-05-03,DET vs. NJN,W,24,4,8,0.5,0,2,0.0,0,0,0.0,0,3,3,0,0,1,1,3,8,8,0,2003-04,Playoffs,739,Rasheed Wallace
42003,739,0040300212,2004-05-07,DET vs. NJN,W,40,6,14,0.429,3,6,0.5,0,0,0.0,2,4,6,1,0,3,0,3,15,13,0,2003-04,Playoffs,739,Rasheed Wallace
42003,739,0040300213,2004-05-09,DET @ NJN,L,22,4,10,0.4,0,5,0.0,2,2,1.0,1,1,2,0,0,1,3,5,10,-12,0,2003-04,Playoffs,739,Rasheed Wallace
42003,739,0040300214,2004-05-11,DET @ NJN,L,25,1,5,0.2,0,1,0.0,4,4,1.0,2,4,6,0,0,0,1,2,6,-14,0,2003-04,Playoffs,739,Rasheed Wallace
42003,739,0040300215,2004-05-14,DET vs. NJN,L,48,7,14,0.5,1,3,0.333,3,3,1.0,6,4,10,3,1,2,1,6,18,-2,0,2003-04,Playoffs,739,Rasheed Wallace
42003,739,0040300216,2004-05-16,DET @ NJN,W,40,6,11,0.545,1,2,0.5,1,3,0.333,0,5,5,2,1,4,4,2,14,5,0,2003-04,Playoffs,739,Rasheed Wallace
42003,739,0040300217,2004-05-20,DET vs. NJN,W,31,6,16,0.375,0,5,0.0,0,1,0.0,2,5,7,2,0,1,1,5,12,23,0,2003-04,Playoffs,739,Rasheed Wallace
42003,739,0040300301,2004-05-22,DET @ IND,L,36,1,7,0.143,0,3,0.0,2,2,1.0,3,4,7,1,0,2,3,5,4,-3,0,2003-04,Playoffs,739,Rasheed Wallace
42003,739,0040300302,2004-05-24,DET @ IND,W,37,4,19,0.211,0,2,0.0,2,2,1.0,0,8,8,1,1,5,1,4,10,-2,0,2003-04,Playoffs,739,Rasheed Wallace
42003,739,0040300303,2004-05-26,DET vs. IND,W,41,8,15,0.533,0,1,0.0,4,6,0.667,1,3,4,3,2,1,2,5,20,12,0,2003-04,Playoffs,739,Rasheed Wallace
42003,739,0040300304,2004-05-28,DET vs. IND,L,41,5,17,0.294,0,3,0.0,0,2,0.0,5,5,10,0,2,2,2,2,10,-18,0,2003-04,Playoffs,739,Rasheed Wallace
42003,739,0040300305,2004-05-30,DET @ IND,W,38,8,17,0.471,2,4,0.5,4,4,1.0,2,6,8,2,2,3,3,3,22,19,0,2003-04,Playoffs,739,Rasheed Wallace
42003,739,0040300306,2004-06-01,DET vs. IND,W,43,5,12,0.417,1,2,0.5,0,0,0.0,3,8,11,2,1,1,3,3,11,4,0,2003-04,Playoffs,739,Rasheed Wallace
42003,739,0040300401,2004-06-06,DET @ LAL,W,29,3,4,0.75,2,2,1.0,6,6,1.0,1,7,8,1,0,1,1,3,14,13,0,2003-04,Playoffs,739,Rasheed Wallace
42003,739,0040300402,2004-06-08,DET @ LAL,L,34,5,14,0.357,0,3,0.0,1,2,0.5,1,6,7,3,0,2,0,4,11,-2,0,2003-04,Playoffs,739,Rasheed Wallace
42003,739,0040300403,2004-06-10,DET vs. LAL,W,26,1,4,0.25,0,0,,1,4,0.25,2,8,10,1,0,2,1,3,3,8,0,2003-04,Playoffs,739,Rasheed Wallace
42003,739,0040300404,2004-06-13,DET vs. LAL,W,41,10,23,0.435,0,5,0.0,6,6,1.0,2,11,13,2,2,2,2,4,26,7,0,2003-04,Playoffs,739,Rasheed Wallace
42003,739,0040300405,2004-06-15,DET vs. LAL,W,21,5,8,0.625,1,2,0.5,0,0,,1,0,1,0,0,1,0,5,11,4,0,2003-04,Playoffs,739,Rasheed Wallace
22003,1112,0020300008,2003-10-29,DET vs. IND,L,41,6,16,0.375,0,0,0.0,4,6,0.667,6,11,17,1,5,6,1,3,16,1,0,2003-04,Regular Season,1112,Ben Wallace
22003,1112,0020300020,2003-10-31,DET @ MIA,W,34,3,7,0.429,0,0,0.0,0,0,0.0,4,11,15,1,1,4,1,4,6,17,0,2003-04,Regular Season,1112,Ben Wallace
22003,1112,0020300028,2003-11-01,DET @ ORL,W,41,6,14,0.429,0,0,0.0,1,2,0.5,8,9,17,3,1,1,2,2,13,10,0,2003-04,Regular Season,1112,Ben Wallace
22003,1112,0020300056,2003-11-05,DET vs. BOS,W,45,3,9,0.333,0,0,0.0,3,6,0.5,7,6,13,4,4,4,0,3,9,5,0,2003-04,Regular Season,1112,Ben Wallace
22003,1112,0020300071,2003-11-07,DET vs. MIL,W,42,4,12,0.333,0,1,0.0,2,4,0.5,2,13,15,2,1,5,1,1,10,13,0,2003-04,Regular Season,1112,Ben Wallace
22003,1112,0020300088,2003-11-09,DET vs. NJN,W,38,3,8,0.375,0,0,0.0,6,8,0.75,4,7,11,1,4,1,2,3,12,9,0,2003-04,Regular Season,1112,Ben Wallace
22003,1112,0020300110,2003-11-12,DET @ GSW,L,38,4,10,0.4,0,0,0.0,1,3,0.333,2,9,11,1,0,3,3,2,9,-6,0,2003-04,Regular Season,1112,Ben Wallace
22003,1112,0020300124,2003-11-14,DET @ LAL,L,39,4,10,0.4,0,0,0.0,0,0,0.0,0,5,5,1,6,3,1,2,8,6,0,2003-04,Regular Season,1112,Ben Wallace
22003,1112,0020300134,2003-11-15,DET @ PHX,W,41,4,6,0.667,0,0,0.0,5,8,0.625,3,13,16,0,1,0,1,4,13,8,0,2003-04,Regular Season,1112,Ben Wallace
22003,1112,0020300146,2003-11-18,DET vs. LAL,W,34,6,11,0.545,0,0,0.0,0,0,0.0,5,10,15,2,2,5,2,3,12,7,0,2003-04,Regular Season,1112,Ben Wallace
22003,1112,0020300158,2003-11-19,DET @ MEM,W,37,4,11,0.364,0,0,0.0,1,4,0.25,3,5,8,3,2,4,0,4,9,5,0,2003-04,Regular Season,1112,Ben Wallace
22003,1112,0020300167,2003-11-21,DET vs. NYK,W,42,4,11,0.364,0,1,0.0,2,2,1.0,2,7,9,0,2,9,0,2,10,16,0,2003-04,Regular Season,1112,Ben Wallace
22003,1112,0020300183,2003-11-23,DET vs. NOH,L,40,2,8,0.25,0,0,0.0,2,4,0.5,4,7,11,1,2,1,2,2,6,1,0,2003-04,Regular Season,1112,Ben Wallace
22003,1112,0020300190,2003-11-24,DET @ ATL,W,41,2,8,0.25,0,0,0.0,4,4,1.0,6,9,15,3,2,2,0,2,8,14,0,2003-04,Regular Season,1112,Ben Wallace
22003,1112,0020300200,2003-11-26,DET @ PHI,L,40,4,7,0.571,0,0,0.0,1,2,0.5,3,5,8,1,2,5,4,2,9,-3,0,2003-04,Regular Season,1112,Ben Wallace
22003,1112,0020300214,2003-11-28,DET vs. CLE,W,41,2,8,0.25,0,0,0.0,2,4,0.5,3,12,15,4,1,3,1,4,6,17,0,2003-04,Regular Season,1112,Ben Wallace
22003,1112,0020300225,2003-11-29,DET @ WAS,W,37,3,6,0.5,0,0,0.0,0,0,0.0,1,10,11,0,1,1,2,3,6,13,0,2003-04,Regular Season,1112,Ben Wallace
22003,1112,0020300236,2003-12-01,DET @ NYK,W,50,2,5,0.4,0,0,0.0,2,6,0.333,5,9,14,2,5,2,2,2,6,-2,0,2003-04,Regular Season,1112,Ben Wallace
22003,1112,0020300248,2003-12-03,DET vs. MIA,W,43,4,12,0.333,0,0,0.0,2,4,0.5,8,13,21,3,0,6,3,5,10,8,0,2003-04,Regular Season,1112,Ben Wallace
22003,1112,0020300277,2003-12-06,DET @ HOU,L,40,3,9,0.333,0,0,0.0,1,2,0.5,0,10,10,2,0,1,0,1,7,-6,0,2003-04,Regular Season,1112,Ben Wallace
22003,1112,0020300294,2003-12-09,DET vs. PHI,L,39,2,7,0.286,0,0,0.0,2,4,0.5,3,6,9,1,1,4,0,3,6,-4,0,2003-04,Regular Season,1112,Ben Wallace
22003,1112,0020300306,2003-12-11,DET @ CLE,L,39,3,7,0.429,0,0,0.0,4,6,0.667,5,4,9,0,1,1,2,4,10,-4,0,2003-04,Regular Season,1112,Ben Wallace
22003,1112,0020300315,2003-12-12,DET vs. SEA,L,36,7,12,0.583,0,0,0.0,0,1,0.0,7,4,11,2,0,2,1,1,14,-15,0,2003-04,Regular Season,1112,Ben Wallace
22003,1112,0020300352,2003-12-17,DET vs. CHI,W,46,3,9,0.333,0,0,0.0,1,2,0.5,5,10,15,2,2,8,2,2,7,2,0,2003-04,Regular Season,1112,Ben Wallace
22003,1112,0020300366,2003-12-19,DET @ IND,L,38,4,9,0.444,0,0,0.0,4,7,0.571,3,8,11,1,1,3,2,2,12,-6,0,2003-04,Regular Season,1112,Ben Wallace
22003,1112,0020300383,2003-12-21,DET vs. UTA,W,38,3,9,0.333,0,0,0.0,1,4,0.25,6,7,13,2,2,2,2,3,7,22,0,2003-04,Regular Season,1112,Ben Wallace
22003,1112,0020300394,2003-12-23,DET @ MIL,L,42,5,10,0.5,1,1,1.0,5,10,0.5,10,10,20,3,2,3,0,3,16,-12,0,2003-04,Regular Season,1112,Ben Wallace
22003,1112,0020300407,2003-12-26,DET vs. NJN,L,41,5,12,0.417,0,1,0.0,2,6,0.333,6,12,18,5,2,3,0,2,12,-4,0,2003-04,Regular Season,1112,Ben Wallace
22003,1112,0020300417,2003-12-27,DET @ ATL,W,41,0,3,0.0,0,0,0.0,3,4,0.75,1,9,10,1,0,3,1,4,3,-11,0,2003-04,Regular Season,1112,Ben Wallace
22003,1112,0020300433,2003-12-29,DET vs. NOH,W,37,7,14,0.5,0,0,0.0,2,3,0.667,7,11,18,2,1,2,2,2,16,7,0,2003-04,Regular Season,1112,Ben Wallace
22003,1112,0020300447,2003-12-31,DET vs. POR,W,45,5,10,0.5,0,0,0.0,0,0,0.0,5,10,15,2,3,6,1,0,10,9,0,2003-04,Regular Season,1112,Ben Wallace
22003,1112,0020300457,2004-01-02,DET vs. PHX,W,43,4,12,0.333,0,0,0.0,2,2,1.0,7,15,22,3,0,3,2,1,10,10,0,2003-04,Regular Season,1112,Ben Wallace
22003,1112,0020300465,2004-01-03,DET vs. GSW,W,41,5,8,0.625,0,0,0.0,0,0,0.0,0,8,8,2,2,1,0,3,10,3,0,2003-04,Regular Season,1112,Ben Wallace
22003,1112,0020300477,2004-01-05,DET @ BOS,W,41,6,13,0.462,0,0,0.0,0,0,0.0,4,12,16,5,2,2,0,2,12,4,0,2003-04,Regular Season,1112,Ben Wallace
22003,1112,0020300496,2004-01-07,DET vs. HOU,W,38,4,8,0.5,0,0,0.0,1,2,0.5,4,11,15,2,1,3,2,2,9,17,0,2003-04,Regular Season,1112,Ben Wallace
22003,1112,0020300525,2004-01-11,DET vs. DAL,W,37,7,8,0.875,0,0,0.0,3,6,0.5,7,6,13,4,1,2,1,1,17,9,0,2003-04,Regular Season,1112,Ben Wallace
22003,1112,0020300537,2004-01-13,DET @ CHI,W,40,6,10,0.6,0,0,0.0,0,2,0.0,6,11,17,2,1,0,1,0,12,19,0,2003-04,Regular Season,1112,Ben Wallace
22003,1112,0020300547,2004-01-14,DET vs. TOR,W,21,2,7,0.286,0,0,0.0,1,2,0.5,1,4,5,0,0,2,2,1,5,-10,0,2003-04,Regular Season,1112,Ben Wallace
22003,1112,0020300560,2004-01-16,DET vs. WAS,W,28,2,10,0.2,0,0,0.0,0,0,0.0,4,4,8,3,1,4,3,1,4,18,0,2003-04,Regular Season,1112,Ben Wallace
22003,1112,0020300572,2004-01-17,DET @ MIL,W,40,5,11,0.455,0,0,0.0,3,5,0.6,3,8,11,4,4,3,1,1,13,7,0,2003-04,Regular Season,1112,Ben Wallace
22003,1112,0020300584,2004-01-19,DET vs. SAS,W,39,3,8,0.375,0,0,0.0,1,4,0.25,5,11,16,2,4,3,3,4,7,9,0,2003-04,Regular Season,1112,Ben Wallace
22003,1112,0020300591,2004-01-20,DET @ IND,L,42,4,10,0.4,0,0,0.0,1,6,0.167,3,7,10,1,0,0,2,2,9,-8,0,2003-04,Regular Season,1112,Ben Wallace
22003,1112,0020300614,2004-01-23,DET @ MIN,L,40,2,6,0.333,0,0,0.0,1,4,0.25,3,7,10,0,3,6,2,1,5,1,0,2003-04,Regular Season,1112,Ben Wallace
22003,1112,0020300632,2004-01-25,DET vs. ATL,L,42,6,13,0.462,0,0,0.0,2,4,0.5,5,10,15,5,4,5,1,1,14,-4,0,2003-04,Regular Season,1112,Ben Wallace
22003,1112,0020300645,2004-01-28,DET @ BOS,W,39,4,9,0.444,0,0,0.0,6,8,0.75,2,13,15,4,2,3,0,2,14,3,0,2003-04,Regular Season,1112,Ben Wallace
22003,1112,0020300662,2004-01-30,DET @ TOR,W,50,2,9,0.222,0,0,0.0,1,2,0.5,5,13,18,0,2,3,1,1,5,4,0,2003-04,Regular Season,1112,Ben Wallace
22003,1112,0020300674,2004-01-31,DET vs. MEM,W,35,3,8,0.375,0,0,0.0,0,2,0.0,5,8,13,0,4,4,2,3,6,1,0,2003-04,Regular Season,1112,Ben Wallace
22003,1112,0020300684,2004-02-02,DET @ MIA,W,40,2,8,0.25,0,0,0.0,2,4,0.5,5,7,12,3,1,1,2,3,6,0,0,2003-04,Regular Season,1112,Ben Wallace
22003,1112,0020300694,2004-02-03,DET vs. CLE,L,38,2,8,0.25,0,0,0.0,1,4,0.25,7,10,17,2,1,5,0,0,5,-6,0,2003-04,Regular Season,1112,Ben Wallace
22003,1112,0020300714,2004-02-06,DET @ NOH,L,37,6,11,0.545,0,1,0.0,2,3,0.667,3,10,13,0,0,2,3,2,14,-16,0,2003-04,Regular Season,1112,Ben Wallace
22003,1112,0020300727,2004-02-07,DET @ DAL,L,36,4,6,0.667,0,0,0.0,2,2,1.0,2,6,8,2,3,0,4,3,10,-1,0,2003-04,Regular Season,1112,Ben Wallace
22003,1112,0020300741,2004-02-10,DET @ NJN,L,41,6,11,0.545,0,0,0.0,1,5,0.2,3,9,12,1,1,3,2,2,13,-11,0,2003-04,Regular Season,1112,Ben Wallace
22003,1112,0020300753,2004-02-11,DET vs. SAC,L,45,7,15,0.467,0,0,0.0,3,4,0.75,9,10,19,2,2,0,3,2,17,-1,0,2003-04,Regular Season,1112,Ben Wallace
22003,1112,0020300763,2004-02-17,DET @ NYK,L,41,4,9,0.444,0,0,0.0,2,4,0.5,3,10,13,2,2,2,1,2,10,-3,0,2003-04,Regular Season,1112,Ben Wallace
22003,1112,0020300777,2004-02-18,DET vs. MIL,W,43,4,10,0.4,0,0,0.0,3,8,0.375,4,11,15,0,3,8,1,1,11,4,0,2003-04,Regular Season,1112,Ben Wallace
22003,1112,0020300790,2004-02-20,DET vs. MIN,L,40,8,14,0.571,0,0,0.0,1,5,0.2,6,6,12,0,1,4,1,1,17,6,0,2003-04,Regular Season,1112,Ben Wallace
22003,1112,0020300807,2004-02-22,DET vs. ORL,L,37,4,7,0.571,0,1,0.0,3,6,0.5,4,9,13,2,0,5,0,2,11,-3,0,2003-04,Regular Season,1112,Ben Wallace
22003,1112,0020300811,2004-02-23,DET @ PHI,W,40,5,11,0.455,0,0,0.0,2,6,0.333,3,10,13,0,2,6,3,0,12,9,0,2003-04,Regular Season,1112,Ben Wallace
22003,1112,0020300829,2004-02-25,DET @ CHI,W,35,4,9,0.444,0,0,0.0,5,7,0.714,4,4,8,3,3,3,2,2,13,12,0,2003-04,Regular Season,1112,Ben Wallace
22003,1112,0020300840,2004-02-27,DET vs. ATL,W,31,5,10,0.5,0,0,0.0,1,3,0.333,3,12,15,1,2,5,2,3,11,29,0,2003-04,Regular Season,1112,Ben Wallace
22003,1112,0020300862,2004-02-29,DET @ LAC,W,37,5,7,0.714,0,0,0.0,3,7,0.429,2,11,13,2,1,1,2,2,13,8,0,2003-04,Regular Season,1112,Ben Wallace
22003,1112,0020300867,2004-03-01,DET @ UTA,L,41,2,6,0.333,0,1,0.0,5,6,0.833,4,12,16,2,4,5,2,2,9,-10,0,2003-04,Regular Season,1112,Ben Wallace
22003,1112,0020300886,2004-03-04,DET @ POR,W,35,6,15,0.4,0,0,0.0,0,0,0.0,9,10,19,1,4,4,2,2,12,18,0,2003-04,Regular Season,1112,Ben Wallace
22003,1112,0020300900,2004-03-06,DET @ DEN,W,27,3,6,0.5,0,0,0.0,1,3,0.333,5,4,9,2,0,2,2,2,7,20,0,2003-04,Regular Season,1112,Ben Wallace
22003,1112,0020300910,2004-03-07,DET @ SEA,W,36,6,11,0.545,0,0,0.0,0,0,0.0,6,7,13,0,2,1,2,2,12,30,0,2003-04,Regular Season,1112,Ben Wallace
22003,1112,0020300930,2004-03-10,DET vs. CHI,W,30,2,5,0.4,0,0,0.0,0,0,0.0,2,7,9,1,2,2,5,1,4,23,0,2003-04,Regular Season,1112,Ben Wallace
22003,1112,0020300956,2004-03-14,DET vs. PHI,W,34,3,5,0.6,0,0,0.0,2,3,0.667,0,6,6,0,2,4,2,0,8,16,0,2003-04,Regular Season,1112,Ben Wallace
22003,1112,0020300983,2004-03-18,DET @ NJN,W,37,4,8,0.5,0,0,0.0,5,5,1.0,5,3,8,4,3,2,2,2,13,15,0,2003-04,Regular Season,1112,Ben Wallace
22003,1112,0020300992,2004-03-19,DET vs. DEN,W,32,4,7,0.571,0,0,0.0,2,2,1.0,2,7,9,1,0,4,2,1,10,11,0,2003-04,Regular Season,1112,Ben Wallace
22003,1112,0020301008,2004-03-21,DET @ CLE,W,30,1,7,0.143,0,0,0.0,0,0,0.0,3,7,10,1,0,3,1,3,2,12,0,2003-04,Regular Season,1112,Ben Wallace
22003,1112,0020301019,2004-03-23,DET @ NOH,L,39,6,10,0.6,0,0,0.0,1,2,0.5,3,12,15,0,0,5,1,3,13,0,0,2003-04,Regular Season,1112,Ben Wallace
22003,1112,0020301036,2004-03-25,DET @ SAS,L,34,1,7,0.143,0,0,0.0,0,0,0.0,3,5,8,4,1,2,1,2,2,4,0,2003-04,Regular Season,1112,Ben Wallace
22003,1112,0020301051,2004-03-27,DET vs. NYK,W,35,6,14,0.429,0,1,0.0,0,2,0.0,4,8,12,1,1,3,0,3,12,23,0,2003-04,Regular Season,1112,Ben Wallace
22003,1112,0020301082,2004-03-31,DET vs. LAC,W,35,1,8,0.125,0,0,0.0,3,10,0.3,3,5,8,0,3,3,3,1,5,2,0,2003-04,Regular Season,1112,Ben Wallace
22003,1112,0020301093,2004-04-02,DET vs. MIA,W,35,3,10,0.3,0,0,0.0,0,4,0.0,3,5,8,0,1,7,1,0,6,10,0,2003-04,Regular Season,1112,Ben Wallace
22003,1112,0020301111,2004-04-04,DET vs. IND,W,33,0,8,0.0,0,0,0.0,2,5,0.4,3,8,11,0,2,3,1,2,2,3,0,2003-04,Regular Season,1112,Ben Wallace
22003,1112,0020301118,2004-04-06,DET vs. ORL,W,22,6,10,0.6,0,0,0.0,0,2,0.0,2,4,6,2,2,1,0,1,12,7,0,2003-04,Regular Season,1112,Ben Wallace
22003,1112,0020301139,2004-04-09,DET vs. TOR,W,40,2,9,0.222,0,0,0.0,2,8,0.25,6,10,16,3,0,1,2,1,6,13,0,2003-04,Regular Season,1112,Ben Wallace
22003,1112,0020301149,2004-04-10,DET @ ORL,W,24,3,8,0.375,0,0,0.0,0,0,0.0,1,2,3,1,3,1,0,1,6,11,0,2003-04,Regular Season,1112,Ben Wallace
22003,1112,0020301165,2004-04-12,DET vs. WAS,W,27,1,6,0.167,0,0,0.0,2,2,1.0,2,10,12,1,1,0,3,2,4,7,0,2003-04,Regular Season,1112,Ben Wallace
22003,1112,0020301172,2004-04-13,DET @ TOR,L,26,7,12,0.583,0,0,0.0,1,3,0.333,2,5,7,1,2,1,1,0,15,-7,0,2003-04,Regular Season,1112,Ben Wallace
42003,1112,0040300121,2004-04-18,DET vs. MIL,W,38,8,15,0.533,0,0,0.0,1,2,0.5,5,9,14,0,3,1,1,1,17,26,0,2003-04,Playoffs,1112,Ben Wallace
42003,1112,0040300122,2004-04-21,DET vs. MIL,L,41,3,7,0.429,0,0,0.0,1,2,0.5,3,8,11,3,1,3,0,2,7,3,0,2003-04,Playoffs,1112,Ben Wallace
42003,1112,0040300123,2004-04-24,DET @ MIL,W,32,5,8,0.625,0,0,0.0,3,9,0.333,4,17,21,1,1,3,0,2,13,12,0,2003-04,Playoffs,1112,Ben Wallace
42003,1112,0040300124,2004-04-26,DET @ MIL,W,44,1,7,0.143,0,0,0.0,5,6,0.833,3,6,9,5,4,4,2,0,7,14,0,2003-04,Playoffs,1112,Ben Wallace
42003,1112,0040300125,2004-04-29,DET vs. MIL,W,38,4,7,0.571,0,0,0.0,1,2,0.5,4,8,12,3,4,4,3,4,9,15,0,2003-04,Playoffs,1112,Ben Wallace
42003,1112,0040300211,2004-05-03,DET vs. NJN,W,35,4,6,0.667,0,0,0.0,5,10,0.5,3,8,11,3,4,3,3,1,13,26,0,2003-04,Playoffs,1112,Ben Wallace
42003,1112,0040300212,2004-05-07,DET vs. NJN,W,38,4,9,0.444,0,0,0.0,0,0,0.0,3,8,11,0,2,4,2,2,8,18,0,2003-04,Playoffs,1112,Ben Wallace
42003,1112,0040300213,2004-05-09,DET @ NJN,L,44,6,14,0.429,0,0,0.0,3,4,0.75,11,13,24,4,2,2,4,4,15,-23,0,2003-04,Playoffs,1112,Ben Wallace
42003,1112,0040300214,2004-05-11,DET @ NJN,L,43,1,5,0.2,0,0,0.0,4,8,0.5,4,11,15,2,3,1,0,2,6,-6,0,2003-04,Playoffs,1112,Ben Wallace
42003,1112,0040300215,2004-05-14,DET vs. NJN,L,48,6,13,0.462,0,1,0.0,4,12,0.333,1,10,11,2,3,3,3,6,16,-3,0,2003-04,Playoffs,1112,Ben Wallace
42003,1112,0040300216,2004-05-16,DET @ NJN,W,41,2,11,0.182,0,0,0.0,2,6,0.333,9,11,20,3,1,2,5,2,6,-5,0,2003-04,Playoffs,1112,Ben Wallace
42003,1112,0040300217,2004-05-20,DET vs. NJN,W,42,8,10,0.8,0,0,0.0,2,3,0.667,3,5,8,2,1,2,0,3,18,19,0,2003-04,Playoffs,1112,Ben Wallace
42003,1112,0040300301,2004-05-22,DET @ IND,L,39,5,11,0.455,0,0,0.0,1,2,0.5,3,19,22,5,1,5,1,5,11,0,0,2003-04,Playoffs,1112,Ben Wallace
42003,1112,0040300302,2004-05-24,DET @ IND,W,29,1,5,0.2,0,0,0.0,3,6,0.5,2,6,8,1,1,4,1,2,5,6,0,2003-04,Playoffs,1112,Ben Wallace
42003,1112,0040300303,2004-05-26,DET vs. IND,W,43,7,8,0.875,0,0,0.0,3,4,0.75,4,12,16,0,1,3,3,3,17,18,0,2003-04,Playoffs,1112,Ben Wallace
42003,1112,0040300304,2004-05-28,DET vs. IND,L,40,0,5,0.0,0,0,0.0,1,4,0.25,7,12,19,0,0,1,1,3,1,-6,0,2003-04,Playoffs,1112,Ben Wallace
42003,1112,0040300305,2004-05-30,DET @ IND,W,41,0,2,0.0,0,0,0.0,1,2,0.5,3,9,12,3,1,5,0,1,1,22,0,2003-04,Playoffs,1112,Ben Wallace
42003,1112,0040300306,2004-06-01,DET vs. IND,W,45,6,16,0.375,0,0,0.0,0,1,0.0,4,12,16,0,2,1,2,0,12,1,0,2003-04,Playoffs,1112,Ben Wallace
42003,1112,0040300401,2004-06-06,DET @ LAL,W,41,4,8,0.5,0,0,,1,2,0.5,1,7,8,0,1,1,2,1,9,18,0,2003-04,Playoffs,1112,Ben Wallace
42003,1112,0040300402,2004-06-08,DET @ LAL,L,43,5,11,0.455,0,0,,2,8,0.25,4,10,14,1,2,2,0,5,12,-1,0,2003-04,Playoffs,1112,Ben Wallace
42003,1112,0040300403,2004-06-10,DET vs. LAL,W,38,3,9,0.333,0,1,0.0,1,4,0.25,2,9,11,3,2,0,3,3,7,8,0,2003-04,Playoffs,1112,Ben Wallace
42003,1112,0040300404,2004-06-13,DET vs. LAL,W,39,2,5,0.4,0,0,,4,14,0.286,2,11,13,2,1,1,1,3,8,16,0,2003-04,Playoffs,1112,Ben Wallace
42003,1112,0040300405,2004-06-15,DET vs. LAL,W,42,8,13,0.615,0,1,0.0,2,6,0.333,10,12,22,1,3,1,0,3,18,23,0,2003-04,Playoffs,1112,Ben Wallace
22003,185,0020300872,2004-03-02,SAC vs. LAC,W,30,12,18,0.667,0,0,0.0,2,4,0.5,4,8,12,4,1,0,2,3,26,17,0,2003-04,Regular Season,185,Chris Webber
22003,185,0020300884,2004-03-04,SAC @ PHI,W,31,8,16,0.5,0,0,0.0,8,9,0.889,2,4,6,10,0,0,4,5,24,17,0,2003-04,Regular Season,185,Chris Webber
22003,185,0020300896,2004-03-06,SAC @ MIA,L,32,8,21,0.381,0,1,0.0,6,7,0.857,1,8,9,3,4,1,3,5,22,-9,0,2003-04,Regular Season,185,Chris Webber
22003,185,0020300924,2004-03-09,SAC vs. GSW,W,33,2,21,0.095,0,0,0.0,1,2,0.5,7,4,11,1,3,0,2,3,5,-3,0,2003-04,Regular Season,185,Chris Webber
22003,185,0020300937,2004-03-11,SAC vs. DAL,W,27,8,15,0.533,0,0,0.0,0,0,0.0,0,8,8,5,1,1,0,3,16,13,0,2003-04,Regular Season,185,Chris Webber
22003,185,0020300948,2004-03-12,SAC @ POR,L,33,8,16,0.5,0,0,0.0,0,0,0.0,0,4,4,2,1,1,2,2,16,-7,0,2003-04,Regular Season,185,Chris Webber
22003,185,0020300960,2004-03-14,SAC vs. SAS,W,34,11,19,0.579,0,1,0.0,1,1,1.0,2,6,8,5,1,1,3,3,23,12,0,2003-04,Regular Season,185,Chris Webber
22003,185,0020300969,2004-03-16,SAC @ NJN,L,27,5,17,0.294,0,0,0.0,5,8,0.625,1,8,9,2,0,0,0,2,15,-14,0,2003-04,Regular Season,185,Chris Webber
22003,185,0020300976,2004-03-17,SAC @ WAS,L,34,7,14,0.5,0,0,0.0,2,4,0.5,1,6,7,5,2,0,5,4,16,-13,0,2003-04,Regular Season,185,Chris Webber
22003,185,0020300990,2004-03-19,SAC @ IND,W,42,8,17,0.471,0,0,0.0,8,12,0.667,2,14,16,8,1,4,3,6,24,2,0,2003-04,Regular Season,185,Chris Webber
22003,185,0020301010,2004-03-21,SAC vs. HOU,W,42,4,18,0.222,0,0,0.0,5,8,0.625,3,12,15,6,3,0,4,3,13,10,0,2003-04,Regular Season,185,Chris Webber
22003,185,0020301024,2004-03-23,SAC vs. MIL,L,38,7,23,0.304,0,0,0.0,3,3,1.0,4,6,10,8,0,1,2,5,17,-4,0,2003-04,Regular Season,185,Chris Webber
22003,185,0020301033,2004-03-24,SAC @ LAL,L,35,7,15,0.467,0,0,0.0,4,8,0.5,3,1,4,2,2,0,3,3,18,-32,0,2003-04,Regular Season,185,Chris Webber
22003,185,0020301062,2004-03-28,SAC vs. WAS,W,39,8,18,0.444,0,0,0.0,7,8,0.875,2,7,9,7,0,3,3,5,23,5,0,2003-04,Regular Season,185,Chris Webber
22003,185,0020301084,2004-03-31,SAC @ SAS,L,40,6,16,0.375,0,1,0.0,2,2,1.0,2,3,5,6,2,1,4,4,14,-12,0,2003-04,Regular Season,185,Chris Webber
22003,185,0020301087,2004-04-01,SAC @ DAL,L,41,9,19,0.474,0,0,0.0,4,6,0.667,3,8,11,5,1,1,3,0,22,-6,0,2003-04,Regular Season,185,Chris Webber
22003,185,0020301107,2004-04-04,SAC @ HOU,W,43,8,19,0.421,0,0,0.0,3,6,0.5,0,8,8,6,2,2,4,2,19,2,0,2003-04,Regular Season,185,Chris Webber
22003,185,0020301122,2004-04-06,SAC vs. NOH,W,37,9,17,0.529,0,0,0.0,6,7,0.857,2,5,7,6,0,0,1,4,24,17,0,2003-04,Regular Season,185,Chris Webber
22003,185,0020301135,2004-04-08,SAC vs. MIN,L,44,9,21,0.429,1,1,1.0,2,4,0.5,2,9,11,4,1,0,5,2,21,-10,0,2003-04,Regular Season,185,Chris Webber
22003,185,0020301144,2004-04-09,SAC @ PHX,L,37,5,18,0.278,0,0,0.0,5,6,0.833,0,4,4,4,1,3,3,4,15,-13,0,2003-04,Regular Season,185,Chris Webber
22003,185,0020301157,2004-04-11,SAC vs. LAL,W,40,9,19,0.474,0,0,0.0,7,9,0.778,2,10,12,5,2,1,2,3,25,27,0,2003-04,Regular Season,185,Chris Webber
22003,185,0020301169,2004-04-12,SAC @ DEN,L,35,9,25,0.36,0,0,0.0,0,0,0.0,2,5,7,0,0,0,1,2,18,-13,0,2003-04,Regular Season,185,Chris Webber
22003,185,0020301189,2004-04-14,SAC @ GSW,L,37,7,19,0.368,0,1,0.0,0,0,0.0,3,4,7,1,3,0,1,3,14,3,0,2003-04,Regular Season,185,Chris Webber
42003,185,0040300171,2004-04-18,SAC vs. DAL,W,40,12,19,0.632,0,0,0.0,2,4,0.5,4,8,12,3,1,2,1,3,26,17,0,2003-04,Playoffs,185,Chris Webber
42003,185,0040300172,2004-04-20,SAC vs. DAL,W,44,6,19,0.316,0,0,0.0,7,12,0.583,5,8,13,12,1,2,2,3,19,10,0,2003-04,Playoffs,185,Chris Webber
42003,185,0040300173,2004-04-24,SAC @ DAL,L,31,9,17,0.529,0,0,0.0,4,8,0.5,2,3,5,1,0,0,7,1,22,-28,0,2003-04,Playoffs,185,Chris Webber
42003,185,0040300174,2004-04-26,SAC @ DAL,W,35,6,15,0.4,0,0,0.0,5,8,0.625,3,6,9,0,2,3,7,5,17,5,0,2003-04,Playoffs,185,Chris Webber
42003,185,0040300175,2004-04-29,SAC vs. DAL,W,35,5,15,0.333,0,0,0.0,3,5,0.6,1,6,7,4,2,1,5,1,13,-9,0,2003-04,Playoffs,185,Chris Webber
42003,185,0040300221,2004-05-04,SAC @ MIN,W,38,6,16,0.375,0,0,0.0,3,4,0.75,0,8,8,5,2,1,0,4,15,10,0,2003-04,Playoffs,185,Chris Webber
42003,185,0040300222,2004-05-08,SAC @ MIN,L,37,7,17,0.412,0,0,0.0,7,9,0.778,3,4,7,4,2,0,2,3,21,-15,0,2003-04,Playoffs,185,Chris Webber
42003,185,0040300223,2004-05-10,SAC vs. MIN,L,47,6,16,0.375,0,1,0.0,5,6,0.833,0,9,9,3,0,0,2,5,17,-5,0,2003-04,Playoffs,185,Chris Webber
42003,185,0040300224,2004-05-12,SAC vs. MIN,W,36,13,21,0.619,0,0,0.0,2,2,1.0,1,7,8,1,3,1,3,2,28,4,0,2003-04,Playoffs,185,Chris Webber
42003,185,0040300225,2004-05-14,SAC @ MIN,L,29,5,16,0.313,1,2,0.5,2,2,1.0,1,5,6,4,1,0,2,4,13,-6,0,2003-04,Playoffs,185,Chris Webber
42003,185,0040300226,2004-05-16,SAC vs. MIN,W,34,7,11,0.636,0,0,0.0,0,2,0.0,3,4,7,3,1,0,6,2,14,7,0,2003-04,Playoffs,185,Chris Webber
42003,185,0040300227,2004-05-19,SAC @ MIN,L,39,8,17,0.471,0,1,0.0,0,3,0.0,1,7,8,4,1,0,1,1,16,4,0,2003-04,Playoffs,185,Chris Webber
22003,2546,0020300011,2003-10-29,DEN vs. SAS,W,29,4,15,0.267,0,1,0.0,4,8,0.5,3,4,7,3,1,0,3,3,12,11,0,2003-04,Regular Season,2546,Carmelo Anthony
22003,2546,0020300017,2003-10-30,DEN @ HOU,L,37,5,14,0.357,1,3,0.333,7,10,0.7,3,6,9,2,0,0,8,3,18,-15,0,2003-04,Regular Season,2546,Carmelo Anthony
22003,2546,0020300036,2003-11-01,DEN vs. SAC,W,38,9,14,0.643,0,1,0.0,5,7,0.714,2,4,6,5,0,1,3,1,23,19,0,2003-04,Regular Season,2546,Carmelo Anthony
22003,2546,0020300048,2003-11-04,DEN @ IND,L,19,1,13,0.077,0,2,0.0,0,0,0.0,0,0,0,0,1,0,1,1,2,-20,0,2003-04,Regular Season,2546,Carmelo Anthony
22003,2546,0020300057,2003-11-05,DEN @ CLE,W,39,6,17,0.353,1,2,0.5,1,3,0.333,2,4,6,2,0,1,1,2,14,-3,0,2003-04,Regular Season,2546,Carmelo Anthony
22003,2546,0020300073,2003-11-07,DEN vs. LAC,L,41,10,24,0.417,4,7,0.571,6,7,0.857,2,3,5,4,0,0,4,5,30,0,0,2003-04,Regular Season,2546,Carmelo Anthony
22003,2546,0020300085,2003-11-09,DEN @ TOR,L,42,6,16,0.375,1,3,0.333,6,7,0.857,0,2,2,1,1,0,1,4,19,-17,0,2003-04,Regular Season,2546,Carmelo Anthony
22003,2546,0020300092,2003-11-10,DEN @ CHI,W,43,9,21,0.429,1,4,0.25,7,8,0.875,4,4,8,3,5,1,3,1,26,10,0,2003-04,Regular Season,2546,Carmelo Anthony
22003,2546,0020300123,2003-11-14,DEN vs. ORL,W,41,6,23,0.261,1,5,0.2,4,6,0.667,6,8,14,7,3,1,4,3,17,-7,0,2003-04,Regular Season,2546,Carmelo Anthony
22003,2546,0020300148,2003-11-18,DEN @ MIN,L,28,3,12,0.25,1,4,0.25,3,4,0.75,2,7,9,0,0,0,2,2,10,-14,0,2003-04,Regular Season,2546,Carmelo Anthony
22003,2546,0020300159,2003-11-19,DEN vs. MIL,W,20,2,11,0.182,1,2,0.5,8,10,0.8,6,5,11,1,0,1,2,5,13,-11,0,2003-04,Regular Season,2546,Carmelo Anthony
22003,2546,0020300169,2003-11-21,DEN vs. WAS,W,35,10,18,0.556,1,2,0.5,2,4,0.5,1,3,4,7,2,1,4,3,23,26,0,2003-04,Regular Season,2546,Carmelo Anthony
22003,2546,0020300180,2003-11-22,DEN @ DAL,L,40,7,18,0.389,0,6,0.0,2,3,0.667,2,8,10,3,1,0,3,3,16,-17,0,2003-04,Regular Season,2546,Carmelo Anthony
22003,2546,0020300196,2003-11-25,DEN vs. PHX,W,35,6,13,0.462,1,2,0.5,4,5,0.8,3,4,7,5,1,1,1,0,17,16,0,2003-04,Regular Season,2546,Carmelo Anthony
22003,2546,0020300217,2003-11-28,DEN vs. DAL,W,41,9,16,0.563,2,6,0.333,6,6,1.0,1,2,3,4,1,3,5,5,26,21,0,2003-04,Regular Season,2546,Carmelo Anthony
22003,2546,0020300231,2003-11-29,DEN @ LAC,W,33,5,14,0.357,1,3,0.333,1,2,0.5,3,7,10,3,1,1,3,5,12,12,0,2003-04,Regular Season,2546,Carmelo Anthony
22003,2546,0020300245,2003-12-02,DEN vs. CLE,W,35,8,16,0.5,1,1,1.0,9,12,0.75,2,3,5,2,3,4,5,4,26,7,0,2003-04,Regular Season,2546,Carmelo Anthony
22003,2546,0020300256,2003-12-03,DEN @ GSW,W,34,8,15,0.533,2,3,0.667,8,9,0.889,1,3,4,4,2,2,1,4,26,11,0,2003-04,Regular Season,2546,Carmelo Anthony
22003,2546,0020300266,2003-12-05,DEN vs. GSW,W,40,8,15,0.533,4,6,0.667,8,9,0.889,0,7,7,4,0,1,2,3,28,14,0,2003-04,Regular Season,2546,Carmelo Anthony
22003,2546,0020300282,2003-12-07,DEN vs. BOS,L,33,6,17,0.353,0,5,0.0,5,7,0.714,3,7,10,2,3,2,3,4,17,-5,0,2003-04,Regular Season,2546,Carmelo Anthony
22003,2546,0020300293,2003-12-09,DEN @ ATL,L,39,5,20,0.25,1,4,0.25,2,2,1.0,5,5,10,0,1,0,6,5,13,-21,0,2003-04,Regular Season,2546,Carmelo Anthony
22003,2546,0020300309,2003-12-12,DEN @ PHI,W,33,5,16,0.313,1,3,0.333,4,4,1.0,1,2,3,3,1,1,4,0,15,11,0,2003-04,Regular Season,2546,Carmelo Anthony
22003,2546,0020300320,2003-12-13,DEN @ NYK,L,39,9,24,0.375,1,4,0.25,6,8,0.75,4,3,7,2,3,1,1,2,25,-4,0,2003-04,Regular Season,2546,Carmelo Anthony
22003,2546,0020300344,2003-12-16,DEN vs. NOH,W,30,7,15,0.467,0,2,0.0,7,8,0.875,1,1,2,3,1,0,0,1,21,11,0,2003-04,Regular Season,2546,Carmelo Anthony
22003,2546,0020300355,2003-12-17,DEN @ SEA,W,38,6,18,0.333,0,3,0.0,2,2,1.0,2,4,6,6,3,0,4,0,14,9,0,2003-04,Regular Season,2546,Carmelo Anthony
22003,2546,0020300369,2003-12-19,DEN @ LAL,L,40,8,17,0.471,1,2,0.5,7,7,1.0,2,3,5,2,0,0,2,2,24,-4,0,2003-04,Regular Season,2546,Carmelo Anthony
22003,2546,0020300377,2003-12-20,DEN vs. SEA,L,34,4,15,0.267,0,5,0.0,4,6,0.667,1,3,4,1,0,1,1,6,12,-8,0,2003-04,Regular Season,2546,Carmelo Anthony
22003,2546,0020300388,2003-12-22,DEN vs. MEM,W,38,5,17,0.294,0,0,0.0,5,9,0.556,3,5,8,1,1,1,2,2,15,-2,0,2003-04,Regular Season,2546,Carmelo Anthony
22003,2546,0020300411,2003-12-26,DEN vs. HOU,W,41,13,22,0.591,5,8,0.625,6,11,0.545,1,6,7,2,1,0,1,4,37,6,0,2003-04,Regular Season,2546,Carmelo Anthony
22003,2546,0020300427,2003-12-28,DEN vs. GSW,W,30,4,12,0.333,1,4,0.25,1,2,0.5,0,2,2,4,1,1,1,2,10,10,0,2003-04,Regular Season,2546,Carmelo Anthony
22003,2546,0020300445,2003-12-30,DEN vs. TOR,L,40,7,16,0.438,3,5,0.6,2,4,0.5,1,6,7,1,2,0,2,4,19,5,0,2003-04,Regular Season,2546,Carmelo Anthony
22003,2546,0020300449,2003-12-31,DEN @ LAC,L,22,5,13,0.385,0,2,0.0,2,2,1.0,1,2,3,2,0,2,4,5,12,-16,0,2003-04,Regular Season,2546,Carmelo Anthony
22003,2546,0020300461,2004-01-02,DEN @ POR,W,28,3,9,0.333,1,1,1.0,1,2,0.5,0,1,1,3,1,1,2,2,8,-1,0,2003-04,Regular Season,2546,Carmelo Anthony
22003,2546,0020300471,2004-01-03,DEN vs. ATL,L,40,10,21,0.476,0,2,0.0,6,8,0.75,5,3,8,0,2,0,2,1,26,-9,0,2003-04,Regular Season,2546,Carmelo Anthony
22003,2546,0020300482,2004-01-05,DEN vs. SAS,L,24,3,10,0.3,1,1,1.0,2,2,1.0,1,1,2,3,0,0,1,0,9,-7,0,2003-04,Regular Season,2546,Carmelo Anthony
22003,2546,0020300500,2004-01-07,DEN vs. LAL,W,30,8,17,0.471,0,1,0.0,4,5,0.8,5,3,8,6,1,0,2,4,20,10,0,2003-04,Regular Season,2546,Carmelo Anthony
22003,2546,0020300513,2004-01-09,DEN vs. UTA,W,41,11,22,0.5,0,1,0.0,5,7,0.714,3,4,7,3,1,0,4,4,27,6,0,2003-04,Regular Season,2546,Carmelo Anthony
22003,2546,0020300527,2004-01-11,DEN @ SAC,L,42,10,17,0.588,0,1,0.0,2,4,0.5,5,7,12,2,2,0,7,3,22,-6,0,2003-04,Regular Season,2546,Carmelo Anthony
22003,2546,0020300539,2004-01-13,DEN @ PHX,W,34,5,11,0.455,0,1,0.0,3,4,0.75,1,3,4,4,1,1,3,2,13,23,0,2003-04,Regular Season,2546,Carmelo Anthony
22003,2546,0020300550,2004-01-14,DEN @ LAL,L,35,4,17,0.235,0,3,0.0,6,6,1.0,1,3,4,1,0,0,1,3,14,-11,0,2003-04,Regular Season,2546,Carmelo Anthony
22003,2546,0020300561,2004-01-16,DEN vs. DAL,L,35,5,18,0.278,0,0,0.0,1,4,0.25,5,7,12,5,5,0,1,1,11,-6,0,2003-04,Regular Season,2546,Carmelo Anthony
22003,2546,0020300578,2004-01-18,DEN vs. MIA,W,41,12,17,0.706,1,1,1.0,6,6,1.0,0,7,7,2,1,1,5,4,31,3,0,2003-04,Regular Season,2546,Carmelo Anthony
22003,2546,0020300594,2004-01-20,DEN @ UTA,W,38,5,12,0.417,0,0,0.0,4,5,0.8,3,2,5,2,2,0,4,3,14,20,0,2003-04,Regular Season,2546,Carmelo Anthony
22003,2546,0020300603,2004-01-21,DEN vs. PHX,W,42,7,13,0.538,0,0,0.0,0,2,0.0,0,6,6,4,1,0,7,2,14,6,0,2003-04,Regular Season,2546,Carmelo Anthony
22003,2546,0020300612,2004-01-23,DEN @ NOH,L,41,8,22,0.364,0,4,0.0,8,10,0.8,0,1,1,1,0,0,4,2,24,-8,0,2003-04,Regular Season,2546,Carmelo Anthony
22003,2546,0020300633,2004-01-25,DEN @ MEM,L,40,10,17,0.588,1,1,1.0,4,5,0.8,1,3,4,1,0,1,5,4,25,-26,0,2003-04,Regular Season,2546,Carmelo Anthony
22003,2546,0020300638,2004-01-26,DEN vs. MIN,L,41,6,15,0.4,1,2,0.5,1,2,0.5,1,4,5,4,1,0,6,1,14,1,0,2003-04,Regular Season,2546,Carmelo Anthony
22003,2546,0020300653,2004-01-28,DEN vs. CHI,W,39,7,16,0.438,1,2,0.5,6,8,0.75,2,5,7,3,0,0,0,3,21,7,0,2003-04,Regular Season,2546,Carmelo Anthony
22003,2546,0020300669,2004-01-31,DEN @ DAL,W,34,9,20,0.45,1,3,0.333,7,8,0.875,2,6,8,1,1,1,4,4,26,1,0,2003-04,Regular Season,2546,Carmelo Anthony
22003,2546,0020300688,2004-02-02,DEN vs. POR,W,34,14,22,0.636,1,2,0.5,10,14,0.714,1,2,3,0,3,0,2,3,39,14,0,2003-04,Regular Season,2546,Carmelo Anthony
22003,2546,0020300720,2004-02-06,DEN @ GSW,L,38,7,16,0.438,1,2,0.5,9,9,1.0,0,6,6,3,1,1,3,1,24,-3,0,2003-04,Regular Season,2546,Carmelo Anthony
22003,2546,0020300736,2004-02-08,DEN @ SAC,L,38,10,16,0.625,1,2,0.5,3,6,0.5,4,4,8,3,3,0,1,2,24,-20,0,2003-04,Regular Season,2546,Carmelo Anthony
22003,2546,0020300739,2004-02-09,DEN vs. MEM,W,38,7,21,0.333,1,3,0.333,5,6,0.833,3,8,11,5,2,1,5,1,20,1,0,2003-04,Regular Season,2546,Carmelo Anthony
22003,2546,0020300760,2004-02-12,DEN @ POR,W,39,11,20,0.55,0,2,0.0,5,7,0.714,1,5,6,3,2,1,2,4,27,14,0,2003-04,Regular Season,2546,Carmelo Anthony
22003,2546,0020300770,2004-02-17,DEN vs. PHI,W,40,11,21,0.524,0,2,0.0,6,8,0.75,4,2,6,6,2,1,2,1,28,14,0,2003-04,Regular Season,2546,Carmelo Anthony
22003,2546,0020300785,2004-02-20,DEN @ ORL,L,42,12,19,0.632,1,2,0.5,10,12,0.833,2,2,4,5,1,0,6,4,35,3,0,2003-04,Regular Season,2546,Carmelo Anthony
22003,2546,0020300796,2004-02-21,DEN @ MIA,L,36,3,20,0.15,1,5,0.2,9,11,0.818,2,5,7,2,1,0,0,1,16,-2,0,2003-04,Regular Season,2546,Carmelo Anthony
22003,2546,0020300814,2004-02-23,DEN @ MEM,L,35,9,25,0.36,0,1,0.0,8,11,0.727,11,3,14,0,1,0,5,4,26,0,0,2003-04,Regular Season,2546,Carmelo Anthony
22003,2546,0020300831,2004-02-25,DEN vs. LAL,L,39,14,25,0.56,2,3,0.667,5,5,1.0,3,1,4,1,0,1,7,5,35,-7,0,2003-04,Regular Season,2546,Carmelo Anthony
22003,2546,0020300854,2004-02-28,DEN @ SAS,L,34,10,16,0.625,1,1,1.0,5,6,0.833,0,4,4,1,0,0,2,1,26,-12,0,2003-04,Regular Season,2546,Carmelo Anthony
22003,2546,0020300860,2004-02-29,DEN vs. NYK,W,30,8,15,0.533,3,3,1.0,6,6,1.0,1,2,3,2,0,0,3,1,25,9,0,2003-04,Regular Season,2546,Carmelo Anthony
22003,2546,0020300871,2004-03-02,DEN vs. NJN,L,42,9,22,0.409,1,4,0.25,7,9,0.778,3,3,6,5,0,0,2,5,26,-4,0,2003-04,Regular Season,2546,Carmelo Anthony
22003,2546,0020300900,2004-03-06,DEN vs. DET,L,28,3,17,0.176,1,1,1.0,1,2,0.5,4,0,4,2,1,0,3,2,8,-32,0,2003-04,Regular Season,2546,Carmelo Anthony
22003,2546,0020300912,2004-03-07,DEN vs. IND,L,44,13,26,0.5,0,4,0.0,3,4,0.75,2,6,8,1,1,0,3,5,29,-14,0,2003-04,Regular Season,2546,Carmelo Anthony
22003,2546,0020300917,2004-03-09,DEN @ WAS,W,37,10,21,0.476,0,2,0.0,6,8,0.75,4,2,6,7,1,0,2,2,26,35,0,2003-04,Regular Season,2546,Carmelo Anthony
22003,2546,0020300929,2004-03-10,DEN @ NJN,L,43,10,25,0.4,0,2,0.0,4,6,0.667,3,0,3,3,4,0,4,2,24,2,0,2003-04,Regular Season,2546,Carmelo Anthony
22003,2546,0020300945,2004-03-12,DEN @ MIL,W,42,11,20,0.55,1,2,0.5,8,9,0.889,1,5,6,9,1,1,1,3,31,8,0,2003-04,Regular Season,2546,Carmelo Anthony
22003,2546,0020300962,2004-03-14,DEN vs. UTA,W,35,8,20,0.4,1,3,0.333,6,8,0.75,2,3,5,4,0,0,3,4,23,24,0,2003-04,Regular Season,2546,Carmelo Anthony
22003,2546,0020300975,2004-03-17,DEN @ BOS,L,40,7,20,0.35,1,3,0.333,5,5,1.0,4,5,9,6,2,0,6,4,20,-7,0,2003-04,Regular Season,2546,Carmelo Anthony
22003,2546,0020300992,2004-03-19,DEN @ DET,L,34,9,20,0.45,0,3,0.0,2,3,0.667,1,2,3,1,0,0,3,3,20,-8,0,2003-04,Regular Season,2546,Carmelo Anthony
22003,2546,0020301005,2004-03-21,DEN @ MIN,L,33,6,22,0.273,1,4,0.25,0,2,0.0,1,3,4,4,0,0,3,1,13,-22,0,2003-04,Regular Season,2546,Carmelo Anthony
22003,2546,0020301016,2004-03-22,DEN vs. LAC,W,35,6,15,0.4,0,1,0.0,10,12,0.833,1,2,3,1,0,0,4,1,22,14,0,2003-04,Regular Season,2546,Carmelo Anthony
22003,2546,0020301030,2004-03-24,DEN vs. MIN,W,43,6,18,0.333,0,2,0.0,13,15,0.867,2,4,6,2,1,0,1,1,25,6,0,2003-04,Regular Season,2546,Carmelo Anthony
22003,2546,0020301048,2004-03-26,DEN @ SEA,L,42,6,21,0.286,0,1,0.0,9,10,0.9,4,1,5,3,1,0,7,2,21,-14,0,2003-04,Regular Season,2546,Carmelo Anthony
22003,2546,0020301053,2004-03-27,DEN @ UTA,L,30,10,20,0.5,2,3,0.667,3,4,0.75,2,6,8,1,2,0,4,4,25,12,0,2003-04,Regular Season,2546,Carmelo Anthony
22003,2546,0020301074,2004-03-30,DEN vs. SEA,W,44,19,29,0.655,2,3,0.667,1,1,1.0,0,5,5,0,2,1,4,5,41,3,0,2003-04,Regular Season,2546,Carmelo Anthony
22003,2546,0020301098,2004-04-02,DEN vs. HOU,W,39,5,17,0.294,2,5,0.4,8,10,0.8,2,4,6,3,1,1,4,3,20,5,0,2003-04,Regular Season,2546,Carmelo Anthony
22003,2546,0020301130,2004-04-07,DEN @ PHX,W,38,12,20,0.6,1,2,0.5,11,12,0.917,4,7,11,1,1,0,3,3,36,11,0,2003-04,Regular Season,2546,Carmelo Anthony
22003,2546,0020301143,2004-04-09,DEN @ HOU,L,43,5,11,0.455,0,1,0.0,10,12,0.833,2,6,8,3,1,1,2,4,20,-2,0,2003-04,Regular Season,2546,Carmelo Anthony
22003,2546,0020301153,2004-04-10,DEN vs. POR,W,42,12,24,0.5,0,3,0.0,6,7,0.857,2,3,5,4,3,0,2,2,30,7,0,2003-04,Regular Season,2546,Carmelo Anthony
22003,2546,0020301169,2004-04-12,DEN vs. SAC,W,38,7,25,0.28,0,1,0.0,3,4,0.75,3,2,5,2,1,0,2,3,17,2,0,2003-04,Regular Season,2546,Carmelo Anthony
22003,2546,0020301184,2004-04-14,DEN @ SAS,L,26,5,15,0.333,1,2,0.5,1,1,1.0,1,3,4,0,0,0,1,1,12,-9,0,2003-04,Regular Season,2546,Carmelo Anthony
42003,2546,0040300141,2004-04-18,DEN @ MIN,L,36,6,17,0.353,0,5,0.0,7,10,0.7,2,4,6,3,2,0,3,6,19,-13,0,2003-04,Playoffs,2546,Carmelo Anthony
42003,2546,0040300142,2004-04-21,DEN @ MIN,L,37,5,11,0.455,0,1,0.0,5,6,0.833,1,8,9,3,1,0,7,2,15,-18,0,2003-04,Playoffs,2546,Carmelo Anthony
42003,2546,0040300143,2004-04-24,DEN vs. MIN,W,38,9,20,0.45,2,3,0.667,4,4,1.0,2,8,10,4,1,0,3,1,24,14,0,2003-04,Playoffs,2546,Carmelo Anthony
42003,2546,0040300144,2004-04-27,DEN vs. MIN,L,32,1,16,0.063,0,2,0.0,0,0,0.0,2,6,8,1,1,0,4,2,2,-14,0,2003-04,Playoffs,2546,Carmelo Anthony
22003,2548,0020300001,2003-10-28,MIA @ PHI,L,41,8,18,0.444,0,1,0.0,2,3,0.667,1,3,4,4,0,0,5,3,18,-5,0,2003-04,Regular Season,2548,Dwyane Wade
22003,2548,0020300004,2003-10-29,MIA @ BOS,L,34,2,12,0.167,1,2,0.5,0,0,0.0,1,1,2,4,1,0,0,5,5,-17,0,2003-04,Regular Season,2548,Dwyane Wade
22003,2548,0020300020,2003-10-31,MIA vs. DET,L,23,1,9,0.111,0,0,0.0,2,2,1.0,2,1,3,2,0,1,2,1,4,-17,0,2003-04,Regular Season,2548,Dwyane Wade
22003,2548,0020300077,2003-11-08,MIA vs. MIN,L,42,8,21,0.381,1,2,0.5,2,4,0.5,0,3,3,5,1,1,3,3,19,-6,0,2003-04,Regular Season,2548,Dwyane Wade
22003,2548,0020300099,2003-11-11,MIA @ HOU,L,38,4,9,0.444,0,1,0.0,3,4,0.75,0,5,5,5,3,0,3,3,11,-15,0,2003-04,Regular Season,2548,Dwyane Wade
22003,2548,0020300106,2003-11-12,MIA vs. CLE,W,35,5,17,0.294,0,1,0.0,4,5,0.8,3,4,7,5,0,1,3,3,14,8,0,2003-04,Regular Season,2548,Dwyane Wade
22003,2548,0020300117,2003-11-14,MIA vs. WAS,W,33,3,10,0.3,0,1,0.0,1,2,0.5,3,2,5,6,3,0,3,1,7,-2,0,2003-04,Regular Season,2548,Dwyane Wade
22003,2548,0020300138,2003-11-16,MIA @ LAL,L,26,4,10,0.4,0,0,0.0,2,4,0.5,0,1,1,1,1,1,5,4,10,-17,0,2003-04,Regular Season,2548,Dwyane Wade
22003,2548,0020300151,2003-11-18,MIA @ SEA,W,34,8,15,0.533,0,0,0.0,2,3,0.667,2,3,5,5,4,0,5,2,18,1,0,2003-04,Regular Season,2548,Dwyane Wade
22003,2548,0020300161,2003-11-19,MIA @ POR,L,36,9,16,0.563,0,2,0.0,6,9,0.667,4,2,6,4,0,2,5,2,24,-9,0,2003-04,Regular Season,2548,Dwyane Wade
22003,2548,0020300173,2003-11-21,MIA @ GSW,L,33,5,17,0.294,0,2,0.0,3,4,0.75,4,2,6,3,2,0,4,3,13,-11,0,2003-04,Regular Season,2548,Dwyane Wade
22003,2548,0020300181,2003-11-22,MIA @ PHX,L,37,9,18,0.5,2,3,0.667,7,7,1.0,2,2,4,5,1,0,4,1,27,1,0,2003-04,Regular Season,2548,Dwyane Wade
22003,2548,0020300193,2003-11-25,MIA vs. NOH,W,32,3,11,0.273,0,2,0.0,0,0,0.0,1,3,4,4,0,1,4,2,6,-10,0,2003-04,Regular Season,2548,Dwyane Wade
22003,2548,0020300212,2003-11-28,MIA @ ATL,L,40,5,15,0.333,0,1,0.0,1,2,0.5,3,2,5,8,2,0,4,2,11,2,0,2003-04,Regular Season,2548,Dwyane Wade
22003,2548,0020300226,2003-11-29,MIA vs. TOR,W,40,6,15,0.4,0,1,0.0,4,4,1.0,2,3,5,5,2,1,0,3,16,12,0,2003-04,Regular Season,2548,Dwyane Wade
22003,2548,0020300248,2003-12-03,MIA @ DET,L,41,6,9,0.667,0,1,0.0,3,3,1.0,4,3,7,4,1,0,4,3,15,-11,0,2003-04,Regular Season,2548,Dwyane Wade
22003,2548,0020300262,2003-12-05,MIA vs. PHI,L,44,9,17,0.529,0,0,0.0,3,3,1.0,2,1,3,4,3,2,1,2,21,-6,0,2003-04,Regular Season,2548,Dwyane Wade
22003,2548,0020300272,2003-12-06,MIA vs. SAS,L,35,7,15,0.467,0,0,0.0,0,0,0.0,2,1,3,1,1,0,2,4,14,-10,0,2003-04,Regular Season,2548,Dwyane Wade
22003,2548,0020300292,2003-12-09,MIA vs. PHX,W,33,7,13,0.538,0,0,0.0,4,5,0.8,1,6,7,5,3,2,2,2,18,10,0,2003-04,Regular Season,2548,Dwyane Wade
22003,2548,0020300312,2003-12-12,MIA vs. MEM,W,35,6,11,0.545,0,0,0.0,2,5,0.4,2,2,4,2,0,1,3,4,14,-7,0,2003-04,Regular Season,2548,Dwyane Wade
22003,2548,0020300328,2003-12-14,MIA @ TOR,W,39,9,17,0.529,0,1,0.0,5,8,0.625,1,2,3,4,1,1,4,2,23,6,0,2003-04,Regular Season,2548,Dwyane Wade
22003,2548,0020300340,2003-12-16,MIA vs. ATL,W,38,15,22,0.682,0,1,0.0,2,3,0.667,4,2,6,8,1,1,1,3,32,18,0,2003-04,Regular Season,2548,Dwyane Wade
22003,2548,0020300347,2003-12-17,MIA @ PHI,L,44,9,17,0.529,1,1,1.0,3,3,1.0,0,3,3,3,4,0,4,1,22,-11,0,2003-04,Regular Season,2548,Dwyane Wade
22003,2548,0020300367,2003-12-19,MIA @ MEM,L,35,7,18,0.389,1,1,1.0,6,7,0.857,3,1,4,3,0,1,2,2,21,-16,0,2003-04,Regular Season,2548,Dwyane Wade
22003,2548,0020300382,2003-12-21,MIA vs. GSW,W,39,10,16,0.625,3,3,1.0,10,12,0.833,0,3,3,8,1,1,1,2,33,13,0,2003-04,Regular Season,2548,Dwyane Wade
22003,2548,0020300392,2003-12-23,MIA vs. WAS,W,41,8,16,0.5,0,2,0.0,4,5,0.8,1,4,5,4,0,1,2,1,20,9,0,2003-04,Regular Season,2548,Dwyane Wade
22003,2548,0020300404,2003-12-26,MIA @ WAS,W,37,6,11,0.545,0,0,0.0,5,6,0.833,0,3,3,3,2,1,5,2,17,0,0,2003-04,Regular Season,2548,Dwyane Wade
22003,2548,0020300434,2003-12-29,MIA @ CHI,W,36,4,10,0.4,0,0,0.0,2,6,0.333,1,3,4,8,0,0,3,1,10,10,0,2003-04,Regular Season,2548,Dwyane Wade
22003,2548,0020300441,2003-12-30,MIA @ NYK,L,39,3,6,0.5,0,0,0.0,0,2,0.0,0,2,2,6,0,2,6,3,6,-24,0,2003-04,Regular Season,2548,Dwyane Wade
22003,2548,0020300647,2004-01-28,MIA @ CLE,L,24,6,12,0.5,0,0,0.0,3,5,0.6,1,2,3,5,1,1,1,0,15,12,0,2003-04,Regular Season,2548,Dwyane Wade
22003,2548,0020300664,2004-01-30,MIA vs. LAC,W,40,5,7,0.714,0,0,0.0,4,6,0.667,0,3,3,4,4,1,3,3,14,1,0,2003-04,Regular Season,2548,Dwyane Wade
22003,2548,0020300675,2004-01-31,MIA @ NOH,W,29,5,10,0.5,0,0,0.0,0,1,0.0,2,3,5,3,3,0,2,2,10,1,0,2003-04,Regular Season,2548,Dwyane Wade
22003,2548,0020300684,2004-02-02,MIA vs. DET,L,38,7,14,0.5,0,0,0.0,3,4,0.75,2,2,4,6,1,1,4,2,17,-2,0,2003-04,Regular Season,2548,Dwyane Wade
22003,2548,0020300730,2004-02-08,MIA @ IND,L,26,5,7,0.714,0,0,0.0,5,10,0.5,0,4,4,2,1,0,2,2,15,1,0,2003-04,Regular Season,2548,Dwyane Wade
22003,2548,0020300742,2004-02-10,MIA vs. LAL,L,42,7,12,0.583,0,0,0.0,5,7,0.714,1,2,3,3,1,0,1,3,19,-6,0,2003-04,Regular Season,2548,Dwyane Wade
22003,2548,0020300751,2004-02-11,MIA @ ORL,W,40,10,16,0.625,0,0,0.0,7,9,0.778,6,4,10,5,0,0,5,4,27,11,0,2003-04,Regular Season,2548,Dwyane Wade
22003,2548,0020300764,2004-02-17,MIA vs. UTA,W,38,8,13,0.615,1,3,0.333,14,17,0.824,0,4,4,2,1,1,5,3,31,4,0,2003-04,Regular Season,2548,Dwyane Wade
22003,2548,0020300787,2004-02-20,MIA vs. ATL,W,30,8,12,0.667,2,2,1.0,4,5,0.8,2,0,2,7,0,1,1,1,22,35,0,2003-04,Regular Season,2548,Dwyane Wade
22003,2548,0020300796,2004-02-21,MIA vs. DEN,W,38,13,24,0.542,0,1,0.0,2,2,1.0,4,3,7,0,1,1,2,1,28,6,0,2003-04,Regular Season,2548,Dwyane Wade
22003,2548,0020300813,2004-02-23,MIA vs. POR,L,41,5,15,0.333,0,1,0.0,2,4,0.5,2,2,4,5,5,1,4,1,12,-2,0,2003-04,Regular Season,2548,Dwyane Wade
22003,2548,0020300847,2004-02-28,MIA @ NJN,L,43,5,17,0.294,0,1,0.0,7,8,0.875,1,8,9,7,3,0,10,5,17,-4,0,2003-04,Regular Season,2548,Dwyane Wade
22003,2548,0020300856,2004-02-29,MIA @ MIL,L,25,0,7,0.0,0,1,0.0,6,6,1.0,0,5,5,5,0,0,5,0,6,-11,0,2003-04,Regular Season,2548,Dwyane Wade
22003,2548,0020300920,2004-03-09,MIA vs. ORL,W,22,3,8,0.375,0,0,0.0,3,4,0.75,1,1,2,2,2,0,4,1,9,15,0,2003-04,Regular Season,2548,Dwyane Wade
22003,2548,0020300931,2004-03-10,MIA @ NOH,L,30,5,14,0.357,0,1,0.0,1,1,1.0,1,1,2,4,0,0,1,3,11,0,0,2003-04,Regular Season,2548,Dwyane Wade
22003,2548,0020300941,2004-03-12,MIA vs. SEA,W,23,3,9,0.333,0,0,0.0,0,0,0.0,0,2,2,6,0,0,3,1,6,11,0,2003-04,Regular Season,2548,Dwyane Wade
22003,2548,0020300961,2004-03-14,MIA vs. NJN,W,29,6,9,0.667,0,0,0.0,4,4,1.0,0,2,2,4,2,0,4,4,16,-1,0,2003-04,Regular Season,2548,Dwyane Wade
22003,2548,0020300970,2004-03-16,MIA vs. NOH,W,37,8,16,0.5,0,0,0.0,7,7,1.0,2,5,7,2,6,0,5,5,23,15,0,2003-04,Regular Season,2548,Dwyane Wade
22003,2548,0020300997,2004-03-20,MIA vs. PHI,W,33,7,13,0.538,0,0,0.0,3,4,0.75,1,4,5,8,0,0,3,2,17,16,0,2003-04,Regular Season,2548,Dwyane Wade
22003,2548,0020301007,2004-03-21,MIA @ WAS,W,37,10,19,0.526,0,0,0.0,2,4,0.5,1,3,4,6,2,1,4,0,22,40,0,2003-04,Regular Season,2548,Dwyane Wade
22003,2548,0020301026,2004-03-24,MIA @ ORL,W,36,8,10,0.8,0,0,0.0,8,8,1.0,0,3,3,7,1,2,5,4,24,16,0,2003-04,Regular Season,2548,Dwyane Wade
22003,2548,0020301041,2004-03-26,MIA vs. DAL,W,40,8,17,0.471,2,4,0.5,6,8,0.75,0,2,2,7,4,0,4,3,24,3,0,2003-04,Regular Season,2548,Dwyane Wade
22003,2548,0020301059,2004-03-28,MIA @ IND,L,36,4,12,0.333,0,0,0.0,6,8,0.75,0,4,4,7,1,1,5,1,14,2,0,2003-04,Regular Season,2548,Dwyane Wade
22003,2548,0020301066,2004-03-29,MIA vs. CHI,W,40,6,15,0.4,0,2,0.0,9,12,0.75,0,2,2,7,0,0,1,4,21,18,0,2003-04,Regular Season,2548,Dwyane Wade
22003,2548,0020301080,2004-03-31,MIA @ ATL,W,33,4,10,0.4,0,1,0.0,2,4,0.5,0,0,0,2,0,0,2,3,10,-4,0,2003-04,Regular Season,2548,Dwyane Wade
22003,2548,0020301093,2004-04-02,MIA @ DET,L,30,3,6,0.5,0,1,0.0,1,2,0.5,3,3,6,4,1,0,2,3,7,-14,0,2003-04,Regular Season,2548,Dwyane Wade
22003,2548,0020301103,2004-04-03,MIA @ CHI,W,19,4,10,0.4,0,1,0.0,0,0,0.0,0,1,1,3,1,0,1,0,8,5,0,2003-04,Regular Season,2548,Dwyane Wade
22003,2548,0020301125,2004-04-07,MIA vs. BOS,W,40,5,12,0.417,0,0,0.0,6,8,0.75,0,8,8,4,0,0,6,3,16,8,0,2003-04,Regular Season,2548,Dwyane Wade
22003,2548,0020301137,2004-04-09,MIA vs. CLE,W,41,5,10,0.5,0,0,0.0,10,12,0.833,2,0,2,7,5,0,2,2,20,17,0,2003-04,Regular Season,2548,Dwyane Wade
22003,2548,0020301151,2004-04-10,MIA @ CLE,L,29,4,11,0.364,0,0,0.0,9,12,0.75,2,2,4,3,0,0,2,0,17,-15,0,2003-04,Regular Season,2548,Dwyane Wade
22003,2548,0020301161,2004-04-12,MIA @ BOS,W,32,4,11,0.364,2,4,0.5,1,2,0.5,2,2,4,5,0,0,5,3,11,0,0,2003-04,Regular Season,2548,Dwyane Wade
22003,2548,0020301180,2004-04-14,MIA vs. NJN,W,27,4,9,0.444,0,1,0.0,5,7,0.714,0,2,2,4,3,2,2,1,13,13,0,2003-04,Regular Season,2548,Dwyane Wade
42003,2548,0040300131,2004-04-18,MIA vs. NOH,W,41,8,19,0.421,1,2,0.5,4,6,0.667,3,2,5,5,1,0,2,4,21,-1,0,2003-04,Playoffs,2548,Dwyane Wade
42003,2548,0040300132,2004-04-21,MIA vs. NOH,W,32,5,8,0.625,0,0,0.0,4,4,1.0,0,2,2,6,1,0,5,2,14,22,0,2003-04,Playoffs,2548,Dwyane Wade
42003,2548,0040300133,2004-04-24,MIA @ NOH,L,31,1,8,0.125,0,1,0.0,0,0,0.0,0,3,3,0,1,0,6,2,2,-7,0,2003-04,Playoffs,2548,Dwyane Wade
42003,2548,0040300134,2004-04-27,MIA @ NOH,L,41,4,12,0.333,0,0,0.0,3,3,1.0,1,1,2,10,2,0,2,3,11,-4,0,2003-04,Playoffs,2548,Dwyane Wade
42003,2548,0040300135,2004-04-30,MIA vs. NOH,W,36,9,17,0.529,1,1,1.0,2,4,0.5,1,4,5,5,2,0,4,3,21,8,0,2003-04,Playoffs,2548,Dwyane Wade
42003,2548,0040300136,2004-05-02,MIA @ NOK,L,47,10,17,0.588,1,1,1.0,6,8,0.75,2,5,7,6,0,1,4,3,27,-6,0,2003-04,Playoffs,2548,Dwyane Wade
42003,2548,0040300137,2004-05-04,MIA vs. NOH,W,39,5,18,0.278,0,1,0.0,2,2,1.0,1,3,4,7,2,0,4,5,12,6,0,2003-04,Playoffs,2548,Dwyane Wade
42003,2548,0040300201,2004-05-06,MIA @ IND,L,40,10,21,0.476,0,1,0.0,2,3,0.667,3,4,7,4,1,0,6,5,22,-13,0,2003-04,Playoffs,2548,Dwyane Wade
42003,2548,0040300202,2004-05-08,MIA @ IND,L,36,7,14,0.5,0,0,0.0,5,6,0.833,2,2,4,5,2,0,6,5,19,-6,0,2003-04,Playoffs,2548,Dwyane Wade
42003,2548,0040300203,2004-05-10,MIA vs. IND,W,42,7,15,0.467,0,1,0.0,11,12,0.917,1,4,5,6,0,0,4,4,25,9,0,2003-04,Playoffs,2548,Dwyane Wade
42003,2548,0040300204,2004-05-12,MIA vs. IND,W,44,4,11,0.364,0,0,0.0,12,17,0.706,1,2,3,7,0,1,4,2,20,10,0,2003-04,Playoffs,2548,Dwyane Wade
42003,2548,0040300205,2004-05-15,MIA @ IND,L,42,6,13,0.462,0,0,0.0,4,6,0.667,1,2,3,10,2,0,3,2,16,-14,0,2003-04,Playoffs,2548,Dwyane Wade
42003,2548,0040300206,2004-05-18,MIA vs. IND,L,39,10,16,0.625,0,0,0.0,4,4,1.0,0,2,2,2,3,2,4,5,24,2,0,2003-04,Playoffs,2548,Dwyane Wade
