SEASON_ID,Player_ID,Game_ID,GAME_DATE,MATCHUP,WL,MIN,FGM,FGA,FG_PCT,FG3M,FG3A,FG3_PCT,FTM,FTA,FT_PCT,OREB,DREB,REB,AST,STL,BLK,TOV,PF,PTS,PLUS_MINUS,VIDEO_AVAILABLE,SEASON,SEASON_TYPE,PLAYER_ID,PLAYER_NAME
22022,1627734,22200014,2022-10-19,SAC vs. POR,L,33,5,10,0.5,0,1,0.0,3,6,0.5,1,3,4,5,1,1,3,6,13,7,1,2022-23,Regular Season,1627734,Domantas Sabonis
22022,1627734,22200036,2022-10-22,SAC vs. LAC,L,35,4,12,0.333,0,3,0.0,3,6,0.5,3,7,10,7,2,2,1,4,11,7,1,2022-23,Regular Season,1627734,Domantas Sabonis
22022,1627734,22200042,2022-10-23,SAC @ GSW,L,22,6,10,0.6,0,1,0.0,7,8,0.875,3,11,14,4,0,1,1,2,19,-25,1,2022-23,Regular Season,1627734,Domantas Sabonis
22022,1627734,22200069,2022-10-27,SAC vs. MEM,L,31,4,6,0.667,0,1,0.0,3,4,0.75,3,8,11,9,1,0,4,4,11,7,1,2022-23,Regular Season,1627734,Domantas Sabonis
22022,1627734,22200081,2022-10-29,SAC vs. MIA,W,23,8,9,0.889,0,0,0.0,2,2,1.0,2,5,7,3,0,1,2,6,18,6,1,2022-23,Regular Season,1627734,Domantas Sabonis
22022,1627734,22200096,2022-10-31,SAC @ CHA,W,31,3,9,0.333,0,1,0.0,3,5,0.6,4,12,16,7,1,0,3,6,9,12,1,2022-23,Regular Season,1627734,Domantas Sabonis
22022,1627734,22200109,2022-11-02,SAC @ MIA,L,37,8,15,0.533,1,1,1.0,5,7,0.714,0,12,12,8,1,0,2,2,22,-5,1,2022-23,Regular Season,1627734,Domantas Sabonis
22022,1627734,22200132,2022-11-05,SAC @ ORL,W,38,10,14,0.714,0,1,0.0,5,12,0.417,2,9,11,6,1,1,2,4,25,4,1,2022-23,Regular Season,1627734,Domantas Sabonis
22022,1627734,22200156,2022-11-07,SAC @ GSW,L,33,6,15,0.4,0,2,0.0,7,8,0.875,4,10,14,6,0,0,3,4,19,-16,1,2022-23,Regular Season,1627734,Domantas Sabonis
22022,1627734,22200171,2022-11-09,SAC vs. CLE,W,35,5,8,0.625,0,1,0.0,11,12,0.917,1,4,5,6,3,0,1,3,21,15,1,2022-23,Regular Season,1627734,Domantas Sabonis
22022,1627734,22200183,2022-11-11,SAC @ LAL,W,32,9,15,0.6,0,0,0.0,3,3,1.0,2,8,10,6,1,0,2,5,21,10,1,2022-23,Regular Season,1627734,Domantas Sabonis
22022,1627734,22200197,2022-11-13,SAC vs. GSW,W,34,10,17,0.588,2,2,1.0,4,6,0.667,6,16,22,8,0,0,3,1,26,5,1,2022-23,Regular Season,1627734,Domantas Sabonis
22022,1627734,22200210,2022-11-15,SAC vs. BKN,W,28,6,6,1.0,0,0,0.0,5,5,1.0,1,6,7,7,1,1,3,4,17,44,1,2022-23,Regular Season,1627734,Domantas Sabonis
22022,1627734,22200222,2022-11-17,SAC vs. SAS,W,32,4,5,0.8,1,1,1.0,7,7,1.0,0,8,8,1,0,0,2,4,16,-1,1,2022-23,Regular Season,1627734,Domantas Sabonis
22022,1627734,22200242,2022-11-20,SAC vs. DET,W,34,4,5,0.8,1,1,1.0,6,8,0.75,3,10,13,7,1,0,3,5,15,12,1,2022-23,Regular Season,1627734,Domantas Sabonis
22022,1627734,22200257,2022-11-22,SAC @ MEM,W,37,3,8,0.375,0,1,0.0,3,6,0.5,2,11,13,8,0,0,2,5,9,1,1,2022-23,Regular Season,1627734,Domantas Sabonis
22022,1627734,22200263,2022-11-23,SAC @ ATL,L,34,6,11,0.545,0,1,0.0,3,4,0.75,1,12,13,7,1,0,3,1,15,-4,1,2022-23,Regular Season,1627734,Domantas Sabonis
22022,1627734,22200275,2022-11-25,SAC @ BOS,L,33,7,13,0.538,0,2,0.0,4,4,1.0,2,8,10,6,0,0,3,5,18,-14,1,2022-23,Regular Season,1627734,Domantas Sabonis
22022,1627734,22200307,2022-11-28,SAC vs. PHX,L,37,8,10,0.8,1,2,0.5,0,0,0.0,2,7,9,10,1,2,5,1,17,-5,1,2022-23,Regular Season,1627734,Domantas Sabonis
22022,1627734,22200323,2022-11-30,SAC vs. IND,W,23,5,9,0.556,1,2,0.5,0,0,0.0,1,9,10,7,1,0,3,4,11,11,1,2022-23,Regular Season,1627734,Domantas Sabonis
22022,1627734,22200338,2022-12-03,SAC @ LAC,W,26,10,11,0.909,2,2,1.0,2,3,0.667,2,3,5,6,0,2,2,5,24,32,1,2022-23,Regular Season,1627734,Domantas Sabonis
22022,1627734,22200350,2022-12-04,SAC vs. CHI,W,36,2,4,0.5,1,1,1.0,6,6,1.0,3,14,17,10,0,0,2,3,11,6,1,2022-23,Regular Season,1627734,Domantas Sabonis
22022,1627734,22200369,2022-12-07,SAC @ MIL,L,36,9,11,0.818,1,1,1.0,4,4,1.0,4,8,12,7,1,0,2,3,23,-16,1,2022-23,Regular Season,1627734,Domantas Sabonis
22022,1627734,22200381,2022-12-09,SAC @ CLE,W,37,5,12,0.417,0,1,0.0,8,14,0.571,5,13,18,6,3,2,2,4,18,11,1,2022-23,Regular Season,1627734,Domantas Sabonis
22022,1627734,22200397,2022-12-11,SAC @ NYK,L,39,7,10,0.7,0,0,0.0,6,11,0.545,3,9,12,4,0,0,2,2,20,-6,1,2022-23,Regular Season,1627734,Domantas Sabonis
22022,1627734,22200409,2022-12-13,SAC @ PHI,L,30,8,10,0.8,0,0,0.0,6,7,0.857,4,6,10,5,0,0,1,4,22,-13,1,2022-23,Regular Season,1627734,Domantas Sabonis
22022,1627734,22200417,2022-12-14,SAC @ TOR,W,40,10,13,0.769,0,0,0.0,1,1,1.0,5,15,20,7,1,1,5,3,21,13,1,2022-23,Regular Season,1627734,Domantas Sabonis
22022,1627734,22200429,2022-12-16,SAC @ DET,W,41,9,11,0.818,0,1,0.0,5,7,0.714,2,11,13,7,2,1,3,2,23,11,1,2022-23,Regular Season,1627734,Domantas Sabonis
22022,1627734,22200460,2022-12-19,SAC vs. CHA,L,41,12,19,0.632,2,2,1.0,2,5,0.4,5,18,23,7,1,0,1,4,28,6,1,2022-23,Regular Season,1627734,Domantas Sabonis
22022,1627734,22200475,2022-12-21,SAC vs. LAL,W,37,4,8,0.5,1,2,0.5,4,4,1.0,7,14,21,12,1,0,4,4,13,20,1,2022-23,Regular Season,1627734,Domantas Sabonis
22022,1627734,22200491,2022-12-23,SAC vs. WAS,L,34,5,14,0.357,0,2,0.0,10,10,1.0,7,8,15,10,0,0,1,2,20,-6,1,2022-23,Regular Season,1627734,Domantas Sabonis
22022,1627734,22200522,2022-12-28,SAC vs. DEN,W,38,12,18,0.667,2,2,1.0,5,8,0.625,3,7,10,5,1,1,2,5,31,-4,1,2022-23,Regular Season,1627734,Domantas Sabonis
22022,1627734,22200537,2022-12-30,SAC vs. UTA,W,37,12,12,1.0,2,2,1.0,2,3,0.667,3,8,11,8,0,0,7,3,28,3,1,2022-23,Regular Season,1627734,Domantas Sabonis
22022,1627734,22200547,2023-01-01,SAC @ MEM,L,33,8,14,0.571,0,2,0.0,2,2,1.0,6,8,14,4,1,0,0,4,18,-1,1,2022-23,Regular Season,1627734,Domantas Sabonis
22022,1627734,22200563,2023-01-03,SAC @ UTA,W,39,8,13,0.615,0,1,0.0,5,5,1.0,3,11,14,8,0,0,2,5,21,20,1,2022-23,Regular Season,1627734,Domantas Sabonis
22022,1627734,22200575,2023-01-04,SAC vs. ATL,L,40,7,13,0.538,0,0,0.0,6,8,0.75,4,10,14,8,2,1,4,4,20,-5,1,2022-23,Regular Season,1627734,Domantas Sabonis
22022,1627734,22200595,2023-01-07,SAC vs. LAL,L,36,10,17,0.588,0,2,0.0,5,7,0.714,2,10,12,7,0,1,4,6,25,4,1,2022-23,Regular Season,1627734,Domantas Sabonis
22022,1627734,22200610,2023-01-09,SAC vs. ORL,W,32,5,12,0.417,1,1,1.0,1,2,0.5,2,8,10,8,0,0,3,0,12,14,1,2022-23,Regular Season,1627734,Domantas Sabonis
22022,1627734,22200625,2023-01-11,SAC vs. HOU,W,38,9,12,0.75,0,0,0.0,7,9,0.778,2,12,14,9,0,0,4,3,25,13,1,2022-23,Regular Season,1627734,Domantas Sabonis
22022,1627734,22200640,2023-01-13,SAC vs. HOU,W,37,6,14,0.429,0,3,0.0,7,10,0.7,5,10,15,16,2,2,2,3,19,26,1,2022-23,Regular Season,1627734,Domantas Sabonis
22022,1627734,22200652,2023-01-15,SAC @ SAS,W,35,7,14,0.5,0,1,0.0,4,4,1.0,4,14,18,8,0,0,2,4,18,10,1,2022-23,Regular Season,1627734,Domantas Sabonis
22022,1627734,22200691,2023-01-20,SAC vs. OKC,W,38,5,9,0.556,0,1,0.0,8,8,1.0,4,10,14,14,0,0,6,3,18,4,1,2022-23,Regular Season,1627734,Domantas Sabonis
22022,1627734,22200698,2023-01-21,SAC vs. PHI,L,38,7,10,0.7,0,1,0.0,2,4,0.5,1,8,9,10,0,0,4,3,16,-2,1,2022-23,Regular Season,1627734,Domantas Sabonis
22022,1627734,22200712,2023-01-23,SAC vs. MEM,W,30,7,13,0.538,0,1,0.0,0,0,0.0,2,8,10,11,0,0,8,3,14,20,1,2022-23,Regular Season,1627734,Domantas Sabonis
22022,1627734,22200728,2023-01-25,SAC vs. TOR,L,35,4,9,0.444,1,1,1.0,0,0,0.0,2,6,8,4,3,0,9,3,9,-11,1,2022-23,Regular Season,1627734,Domantas Sabonis
22022,1627734,22200746,2023-01-28,SAC @ MIN,L,39,9,13,0.692,0,1,0.0,5,8,0.625,4,6,10,5,0,0,3,4,23,-5,1,2022-23,Regular Season,1627734,Domantas Sabonis
22022,1627734,22200758,2023-01-30,SAC @ MIN,W,36,7,10,0.7,0,0,0.0,3,4,0.75,2,11,13,1,1,2,3,6,17,3,1,2022-23,Regular Season,1627734,Domantas Sabonis
22022,1627734,22200775,2023-02-01,SAC @ SAS,W,37,15,20,0.75,1,2,0.5,3,5,0.6,2,9,11,4,2,2,3,3,34,4,1,2022-23,Regular Season,1627734,Domantas Sabonis
22022,1627734,22200786,2023-02-03,SAC @ IND,L,38,6,13,0.462,0,2,0.0,3,4,0.75,4,12,16,6,1,1,4,3,15,-3,1,2022-23,Regular Season,1627734,Domantas Sabonis
22022,1627734,22200807,2023-02-05,SAC @ NOP,L,27,5,10,0.5,1,1,1.0,1,1,1.0,2,9,11,3,0,0,2,2,12,-32,1,2022-23,Regular Season,1627734,Domantas Sabonis
22022,1627734,22200812,2023-02-06,SAC @ HOU,W,32,7,10,0.7,1,2,0.5,2,2,1.0,1,6,7,10,2,0,2,5,17,5,1,2022-23,Regular Season,1627734,Domantas Sabonis
22022,1627734,22200827,2023-02-08,SAC @ HOU,W,32,8,15,0.533,0,2,0.0,6,7,0.857,3,6,9,5,1,0,1,5,22,4,1,2022-23,Regular Season,1627734,Domantas Sabonis
22022,1627734,22200844,2023-02-10,SAC vs. DAL,L,37,6,12,0.5,0,1,0.0,6,7,0.857,3,8,11,7,2,0,2,6,18,-15,1,2022-23,Regular Season,1627734,Domantas Sabonis
22022,1627734,22200854,2023-02-11,SAC vs. DAL,W,41,10,12,0.833,0,0,0.0,2,2,1.0,4,10,14,2,1,0,1,6,22,1,1,2022-23,Regular Season,1627734,Domantas Sabonis
22022,1627734,22200870,2023-02-14,SAC @ PHX,L,38,7,12,0.583,0,1,0.0,10,10,1.0,6,9,15,7,2,0,4,3,24,-19,1,2022-23,Regular Season,1627734,Domantas Sabonis
22022,1627734,22200894,2023-02-23,SAC vs. POR,W,32,6,10,0.6,0,1,0.0,6,6,1.0,3,14,17,10,3,0,5,0,18,2,1,2022-23,Regular Season,1627734,Domantas Sabonis
22022,1627734,22200902,2023-02-24,SAC @ LAC,W,31,8,14,0.571,0,1,0.0,4,4,1.0,4,6,10,4,1,1,5,6,20,-2,1,2022-23,Regular Season,1627734,Domantas Sabonis
22022,1627734,22200915,2023-02-26,SAC @ OKC,W,36,6,8,0.75,1,1,1.0,1,3,0.333,2,13,15,8,0,0,4,3,14,12,1,2022-23,Regular Season,1627734,Domantas Sabonis
22022,1627734,22200928,2023-02-28,SAC @ OKC,W,34,8,10,0.8,0,0,0.0,6,8,0.75,2,11,13,9,0,1,4,4,22,23,1,2022-23,Regular Season,1627734,Domantas Sabonis
22022,1627734,22200954,2023-03-03,SAC vs. LAC,W,35,10,13,0.769,0,0,0.0,3,3,1.0,2,8,10,7,1,1,3,2,23,-6,1,2022-23,Regular Season,1627734,Domantas Sabonis
22022,1627734,22200961,2023-03-04,SAC vs. MIN,L,33,10,18,0.556,1,1,1.0,3,5,0.6,6,8,14,5,0,0,0,5,24,-9,1,2022-23,Regular Season,1627734,Domantas Sabonis
22022,1627734,22200976,2023-03-06,SAC vs. NOP,W,34,8,13,0.615,1,1,1.0,2,3,0.667,5,6,11,11,1,1,6,5,19,0,1,2022-23,Regular Season,1627734,Domantas Sabonis
22022,1627734,22200997,2023-03-09,SAC vs. NYK,W,37,9,15,0.6,0,0,0.0,6,8,0.75,3,10,13,10,0,1,3,4,24,-2,1,2022-23,Regular Season,1627734,Domantas Sabonis
22022,1627734,22201013,2023-03-11,SAC @ PHX,W,35,5,10,0.5,0,0,0.0,7,10,0.7,3,5,8,4,2,0,3,1,17,3,1,2022-23,Regular Season,1627734,Domantas Sabonis
22022,1627734,22201026,2023-03-13,SAC vs. MIL,L,39,11,23,0.478,1,2,0.5,0,0,0.0,10,7,17,15,0,0,1,3,23,-19,1,2022-23,Regular Season,1627734,Domantas Sabonis
22022,1627734,22201037,2023-03-15,SAC @ CHI,W,40,6,10,0.6,0,0,0.0,2,3,0.667,3,14,17,10,1,1,3,5,14,10,1,2022-23,Regular Season,1627734,Domantas Sabonis
22022,1627734,22201043,2023-03-16,SAC @ BKN,W,39,8,14,0.571,0,2,0.0,8,9,0.889,7,14,21,5,0,4,4,3,24,6,1,2022-23,Regular Season,1627734,Domantas Sabonis
22022,1627734,22201059,2023-03-18,SAC @ WAS,W,33,10,12,0.833,0,1,0.0,10,12,0.833,2,7,9,10,1,1,1,2,30,27,1,2022-23,Regular Season,1627734,Domantas Sabonis
22022,1627734,22201076,2023-03-20,SAC @ UTA,L,38,4,11,0.364,0,0,0.0,3,4,0.75,2,10,12,9,1,0,1,3,11,-7,1,2022-23,Regular Season,1627734,Domantas Sabonis
22022,1627734,22201081,2023-03-21,SAC vs. BOS,L,37,7,12,0.583,0,1,0.0,2,6,0.333,4,9,13,12,1,0,6,2,16,-15,1,2022-23,Regular Season,1627734,Domantas Sabonis
22022,1627734,22201105,2023-03-24,SAC vs. PHX,W,38,10,15,0.667,0,1,0.0,7,8,0.875,2,7,9,9,1,0,1,4,27,11,1,2022-23,Regular Season,1627734,Domantas Sabonis
22022,1627734,22201111,2023-03-25,SAC vs. UTA,W,38,7,14,0.5,1,1,1.0,1,2,0.5,6,9,15,7,0,0,2,1,16,13,1,2022-23,Regular Season,1627734,Domantas Sabonis
22022,1627734,22201128,2023-03-27,SAC vs. MIN,L,40,11,14,0.786,0,0,0.0,2,3,0.667,3,7,10,4,1,0,3,6,24,-7,1,2022-23,Regular Season,1627734,Domantas Sabonis
22022,1627734,22201145,2023-03-29,SAC @ POR,W,27,5,7,0.714,0,0,0.0,5,8,0.625,2,10,12,4,1,0,2,1,15,6,1,2022-23,Regular Season,1627734,Domantas Sabonis
22022,1627734,22201159,2023-03-31,SAC @ POR,W,33,9,14,0.643,0,0,0.0,2,5,0.4,3,9,12,8,2,0,5,2,20,21,1,2022-23,Regular Season,1627734,Domantas Sabonis
22022,1627734,22201170,2023-04-02,SAC vs. SAS,L,39,9,12,0.75,1,1,1.0,7,12,0.583,2,6,8,6,1,1,3,4,26,-18,1,2022-23,Regular Season,1627734,Domantas Sabonis
22022,1627734,22201185,2023-04-04,SAC @ NOP,W,32,7,12,0.583,1,2,0.5,1,2,0.5,3,9,12,11,0,0,2,3,16,6,1,2022-23,Regular Season,1627734,Domantas Sabonis
22022,1627734,22201195,2023-04-05,SAC @ DAL,L,35,8,11,0.727,1,1,1.0,2,6,0.333,3,8,11,11,1,0,3,4,19,-14,1,2022-23,Regular Season,1627734,Domantas Sabonis
22022,1627734,22201227,2023-04-09,SAC @ DEN,L,19,6,9,0.667,0,0,0.0,2,3,0.667,5,4,9,5,0,2,2,2,14,6,1,2022-23,Regular Season,1627734,Domantas Sabonis
42022,1627734,42200161,2023-04-15,SAC vs. GSW,W,35,5,17,0.294,0,1,0.0,2,4,0.5,5,11,16,2,3,0,4,3,12,-9,1,2022-23,Playoffs,1627734,Domantas Sabonis
42022,1627734,42200162,2023-04-17,SAC vs. GSW,W,40,8,12,0.667,0,0,0.0,8,12,0.667,4,5,9,4,0,0,3,5,24,1,1,2022-23,Playoffs,1627734,Domantas Sabonis
42022,1627734,42200163,2023-04-20,SAC @ GSW,L,35,7,14,0.5,0,1,0.0,1,2,0.5,3,13,16,4,2,0,6,1,15,-20,1,2022-23,Playoffs,1627734,Domantas Sabonis
42022,1627734,42200164,2023-04-23,SAC @ GSW,L,37,7,13,0.538,0,0,0.0,0,0,0.0,2,5,7,8,1,2,2,4,14,-9,1,2022-23,Playoffs,1627734,Domantas Sabonis
42022,1627734,42200165,2023-04-26,SAC vs. GSW,L,36,9,15,0.6,0,1,0.0,3,4,0.75,5,5,10,4,3,1,5,5,21,-1,1,2022-23,Playoffs,1627734,Domantas Sabonis
42022,1627734,42200166,2023-04-28,SAC @ GSW,W,23,3,12,0.25,1,1,1.0,0,0,0.0,9,2,11,4,1,1,5,6,7,11,1,2022-23,Playoffs,1627734,Domantas Sabonis
42022,1627734,42200167,2023-04-30,SAC vs. GSW,L,37,10,16,0.625,0,1,0.0,2,6,0.333,3,5,8,7,0,2,1,4,22,-22,1,2022-23,Playoffs,1627734,Domantas Sabonis
22022,1628973,22200009,2022-10-19,NYK @ MEM,L,36,7,18,0.389,1,4,0.25,0,0,0.0,2,4,6,9,0,0,0,3,15,3,1,2022-23,Regular Season,1628973,Jalen Brunson
22022,1628973,22200023,2022-10-21,NYK vs. DET,W,28,6,11,0.545,2,4,0.5,3,5,0.6,0,2,2,6,1,0,0,2,17,3,1,2022-23,Regular Season,1628973,Jalen Brunson
22022,1628973,22200046,2022-10-24,NYK vs. ORL,W,33,8,16,0.5,2,4,0.5,3,3,1.0,0,3,3,6,2,0,3,5,21,17,1,2022-23,Regular Season,1628973,Jalen Brunson
22022,1628973,22200058,2022-10-26,NYK vs. CHA,W,41,10,15,0.667,2,5,0.4,5,5,1.0,0,7,7,13,1,1,3,2,27,7,1,2022-23,Regular Season,1628973,Jalen Brunson
22022,1628973,22200075,2022-10-28,NYK @ MIL,L,33,3,10,0.3,1,4,0.25,6,9,0.667,0,3,3,2,1,0,3,3,13,-19,1,2022-23,Regular Season,1628973,Jalen Brunson
22022,1628973,22200090,2022-10-30,NYK @ CLE,L,34,8,19,0.421,0,3,0.0,0,1,0.0,0,4,4,7,3,0,1,2,16,2,1,2022-23,Regular Season,1628973,Jalen Brunson
22022,1628973,22200110,2022-11-02,NYK vs. ATL,L,31,8,15,0.533,1,4,0.25,3,4,0.75,0,1,1,5,0,1,3,2,20,-4,1,2022-23,Regular Season,1628973,Jalen Brunson
22022,1628973,22200122,2022-11-04,NYK @ PHI,W,36,7,15,0.467,1,4,0.25,8,9,0.889,1,5,6,7,0,0,1,3,23,11,1,2022-23,Regular Season,1628973,Jalen Brunson
22022,1628973,22200135,2022-11-05,NYK vs. BOS,L,33,10,17,0.588,0,2,0.0,2,2,1.0,0,3,3,10,0,0,0,1,22,-3,1,2022-23,Regular Season,1628973,Jalen Brunson
22022,1628973,22200153,2022-11-07,NYK @ MIN,W,34,9,14,0.643,2,5,0.4,3,3,1.0,1,4,5,8,0,0,3,3,23,5,1,2022-23,Regular Season,1628973,Jalen Brunson
22022,1628973,22200164,2022-11-09,NYK @ BKN,L,31,4,14,0.286,1,5,0.2,5,5,1.0,1,3,4,2,0,0,3,0,14,-22,1,2022-23,Regular Season,1628973,Jalen Brunson
22022,1628973,22200178,2022-11-11,NYK vs. DET,W,33,8,16,0.5,2,5,0.4,8,8,1.0,0,1,1,7,4,0,0,3,26,8,1,2022-23,Regular Season,1628973,Jalen Brunson
22022,1628973,22200192,2022-11-13,NYK vs. OKC,L,24,5,9,0.556,0,2,0.0,7,7,1.0,0,1,1,7,3,0,1,2,17,-20,1,2022-23,Regular Season,1628973,Jalen Brunson
22022,1628973,22200208,2022-11-15,NYK @ UTA,W,34,10,20,0.5,1,4,0.25,4,4,1.0,1,2,3,8,3,0,4,5,25,9,1,2022-23,Regular Season,1628973,Jalen Brunson
22022,1628973,22200219,2022-11-16,NYK @ DEN,W,31,7,13,0.538,2,4,0.5,5,5,1.0,0,5,5,7,0,0,1,2,21,1,1,2022-23,Regular Season,1628973,Jalen Brunson
22022,1628973,22200233,2022-11-18,NYK @ GSW,L,32,2,13,0.154,1,5,0.2,8,8,1.0,0,5,5,4,2,0,2,1,13,-5,1,2022-23,Regular Season,1628973,Jalen Brunson
22022,1628973,22200240,2022-11-20,NYK @ PHX,L,29,11,21,0.524,2,4,0.5,3,4,0.75,1,2,3,3,0,1,1,1,27,-22,1,2022-23,Regular Season,1628973,Jalen Brunson
22022,1628973,22200254,2022-11-21,NYK @ OKC,W,34,14,20,0.7,1,6,0.167,5,6,0.833,0,0,0,9,1,0,2,1,34,5,1,2022-23,Regular Season,1628973,Jalen Brunson
22022,1628973,22200274,2022-11-25,NYK vs. POR,L,41,10,22,0.455,3,8,0.375,9,9,1.0,1,4,5,4,0,0,1,5,32,-6,1,2022-23,Regular Season,1628973,Jalen Brunson
22022,1628973,22200296,2022-11-27,NYK vs. MEM,L,36,8,20,0.4,3,5,0.6,11,12,0.917,1,4,5,9,1,0,2,5,30,-1,1,2022-23,Regular Season,1628973,Jalen Brunson
22022,1628973,22200309,2022-11-29,NYK @ DET,W,18,6,8,0.75,2,2,1.0,2,2,1.0,1,0,1,5,1,0,1,4,16,15,1,2022-23,Regular Season,1628973,Jalen Brunson
22022,1628973,22200316,2022-11-30,NYK vs. MIL,L,34,8,22,0.364,0,4,0.0,1,4,0.25,1,4,5,5,1,1,1,1,17,-2,1,2022-23,Regular Season,1628973,Jalen Brunson
22022,1628973,22200337,2022-12-03,NYK vs. DAL,L,27,5,11,0.455,2,3,0.667,1,2,0.5,0,2,2,3,0,0,3,2,13,-26,1,2022-23,Regular Season,1628973,Jalen Brunson
22022,1628973,22200348,2022-12-04,NYK vs. CLE,W,32,7,16,0.438,2,4,0.5,7,8,0.875,0,2,2,4,0,1,3,1,23,3,1,2022-23,Regular Season,1628973,Jalen Brunson
22022,1628973,22200365,2022-12-07,NYK vs. ATL,W,26,2,14,0.143,0,2,0.0,4,4,1.0,1,3,4,6,2,0,4,3,8,9,1,2022-23,Regular Season,1628973,Jalen Brunson
22022,1628973,22200377,2022-12-09,NYK @ CHA,W,27,3,13,0.231,1,4,0.25,4,4,1.0,0,1,1,11,1,0,2,3,11,13,1,2022-23,Regular Season,1628973,Jalen Brunson
22022,1628973,22200397,2022-12-11,NYK vs. SAC,W,27,7,14,0.5,0,2,0.0,4,4,1.0,1,2,3,3,2,0,5,1,18,17,1,2022-23,Regular Season,1628973,Jalen Brunson
22022,1628973,22200418,2022-12-14,NYK @ CHI,W,39,11,21,0.524,3,6,0.5,5,5,1.0,0,2,2,7,1,0,2,2,30,1,1,2022-23,Regular Season,1628973,Jalen Brunson
22022,1628973,22200434,2022-12-16,NYK @ CHI,W,31,7,14,0.5,6,9,0.667,2,2,1.0,0,2,2,6,3,0,3,1,22,16,1,2022-23,Regular Season,1628973,Jalen Brunson
22022,1628973,22200446,2022-12-18,NYK @ IND,W,35,11,22,0.5,3,3,1.0,5,5,1.0,0,2,2,3,2,0,4,5,30,3,1,2022-23,Regular Season,1628973,Jalen Brunson
22022,1628973,22200463,2022-12-20,NYK vs. GSW,W,30,7,16,0.438,2,5,0.4,5,6,0.833,0,3,3,5,1,0,0,1,21,22,1,2022-23,Regular Season,1628973,Jalen Brunson
22022,1628973,22200471,2022-12-21,NYK vs. TOR,L,39,3,14,0.214,0,3,0.0,1,1,1.0,0,3,3,12,0,0,5,3,7,-1,1,2022-23,Regular Season,1628973,Jalen Brunson
22022,1628973,22200485,2022-12-23,NYK vs. CHI,L,38,5,15,0.333,1,3,0.333,1,4,0.25,1,3,4,9,0,0,1,0,12,-7,1,2022-23,Regular Season,1628973,Jalen Brunson
22022,1628973,22200493,2022-12-25,NYK vs. PHI,L,35,10,19,0.526,2,5,0.4,1,2,0.5,0,3,3,11,0,0,1,2,23,-7,1,2022-23,Regular Season,1628973,Jalen Brunson
22022,1628973,22200550,2023-01-02,NYK vs. PHX,W,39,8,18,0.444,2,3,0.667,6,11,0.545,0,4,4,6,0,0,2,3,24,20,1,2022-23,Regular Season,1628973,Jalen Brunson
22022,1628973,22200568,2023-01-04,NYK vs. SAS,W,40,17,27,0.63,3,7,0.429,1,3,0.333,2,5,7,6,0,0,4,1,38,14,1,2022-23,Regular Season,1628973,Jalen Brunson
22022,1628973,22200582,2023-01-06,NYK @ TOR,W,38,9,19,0.474,3,6,0.5,5,7,0.714,1,4,5,8,1,0,5,2,26,-15,1,2022-23,Regular Season,1628973,Jalen Brunson
22022,1628973,22200607,2023-01-09,NYK vs. MIL,L,39,15,30,0.5,4,10,0.4,10,10,1.0,2,5,7,4,0,0,3,0,44,-2,1,2022-23,Regular Season,1628973,Jalen Brunson
22022,1628973,22200622,2023-01-11,NYK vs. IND,W,42,11,20,0.55,3,4,0.75,9,9,1.0,0,3,3,4,0,0,1,3,34,7,1,2022-23,Regular Season,1628973,Jalen Brunson
22022,1628973,22200634,2023-01-13,NYK @ WAS,W,40,12,24,0.5,3,6,0.5,7,7,1.0,0,8,8,8,1,1,1,1,34,19,1,2022-23,Regular Season,1628973,Jalen Brunson
22022,1628973,22200648,2023-01-15,NYK @ DET,W,42,9,17,0.529,2,4,0.5,7,8,0.875,3,2,5,4,1,1,1,2,27,20,1,2022-23,Regular Season,1628973,Jalen Brunson
22022,1628973,22200659,2023-01-16,NYK vs. TOR,L,43,11,29,0.379,2,6,0.333,2,4,0.5,4,3,7,2,0,1,4,5,26,2,1,2022-23,Regular Season,1628973,Jalen Brunson
22022,1628973,22200669,2023-01-18,NYK vs. WAS,L,38,11,24,0.458,2,3,0.667,8,8,1.0,1,2,3,4,2,0,1,1,32,-12,1,2022-23,Regular Season,1628973,Jalen Brunson
22022,1628973,22200684,2023-01-20,NYK @ ATL,L,36,7,14,0.5,1,2,0.5,4,6,0.667,0,0,0,9,2,3,3,3,19,-19,1,2022-23,Regular Season,1628973,Jalen Brunson
22022,1628973,22200700,2023-01-22,NYK @ TOR,L,38,6,15,0.4,4,7,0.571,5,7,0.714,0,1,1,5,1,0,3,4,21,-6,1,2022-23,Regular Season,1628973,Jalen Brunson
22022,1628973,22200715,2023-01-24,NYK vs. CLE,W,36,5,13,0.385,1,3,0.333,3,4,0.75,0,2,2,4,1,0,1,3,14,-11,1,2022-23,Regular Season,1628973,Jalen Brunson
22022,1628973,22200730,2023-01-26,NYK @ BOS,W,40,12,25,0.48,2,6,0.333,3,4,0.75,1,3,4,7,0,2,1,3,29,-8,1,2022-23,Regular Season,1628973,Jalen Brunson
22022,1628973,22200742,2023-01-28,NYK @ BKN,L,37,10,19,0.526,0,2,0.0,6,6,1.0,2,1,3,4,1,0,1,2,26,8,1,2022-23,Regular Season,1628973,Jalen Brunson
22022,1628973,22200765,2023-01-31,NYK vs. LAL,L,44,13,29,0.448,2,7,0.286,9,9,1.0,1,1,2,6,1,1,2,2,37,-7,1,2022-23,Regular Season,1628973,Jalen Brunson
22022,1628973,22200795,2023-02-04,NYK vs. LAC,L,38,14,19,0.737,5,7,0.714,8,10,0.8,0,5,5,7,0,0,1,3,41,-5,1,2022-23,Regular Season,1628973,Jalen Brunson
22022,1628973,22200804,2023-02-05,NYK vs. PHI,W,39,6,16,0.375,1,3,0.333,8,12,0.667,1,4,5,7,1,0,2,1,21,-6,1,2022-23,Regular Season,1628973,Jalen Brunson
22022,1628973,22200816,2023-02-07,NYK @ ORL,W,39,9,13,0.692,3,6,0.5,4,5,0.8,1,1,2,5,2,0,1,5,25,13,1,2022-23,Regular Season,1628973,Jalen Brunson
22022,1628973,22200837,2023-02-10,NYK @ PHI,L,39,12,19,0.632,2,4,0.5,4,5,0.8,1,6,7,9,0,0,2,0,30,-3,1,2022-23,Regular Season,1628973,Jalen Brunson
22022,1628973,22200851,2023-02-11,NYK vs. UTA,W,39,11,22,0.5,2,5,0.4,14,15,0.933,0,3,3,5,1,0,1,2,38,4,1,2022-23,Regular Season,1628973,Jalen Brunson
22022,1628973,22200862,2023-02-13,NYK vs. BKN,W,36,15,21,0.714,6,9,0.667,4,8,0.5,1,1,2,5,0,1,0,3,40,23,1,2022-23,Regular Season,1628973,Jalen Brunson
22022,1628973,22200876,2023-02-15,NYK @ ATL,W,38,10,19,0.526,1,6,0.167,7,8,0.875,1,8,9,5,0,0,5,1,28,22,1,2022-23,Regular Season,1628973,Jalen Brunson
22022,1628973,22200895,2023-02-24,NYK @ WAS,W,39,6,20,0.3,0,3,0.0,1,1,1.0,1,3,4,9,1,0,1,2,13,7,1,2022-23,Regular Season,1628973,Jalen Brunson
22022,1628973,22200906,2023-02-25,NYK vs. NOP,W,32,5,13,0.385,3,7,0.429,7,9,0.778,0,2,2,5,0,0,3,2,20,17,1,2022-23,Regular Season,1628973,Jalen Brunson
22022,1628973,22200921,2023-02-27,NYK vs. BOS,W,40,4,12,0.333,0,4,0.0,9,12,0.75,0,4,4,3,1,0,1,0,17,21,1,2022-23,Regular Season,1628973,Jalen Brunson
22022,1628973,22200937,2023-03-01,NYK vs. BKN,W,36,15,18,0.833,5,6,0.833,4,4,1.0,0,5,5,6,0,0,3,2,39,23,1,2022-23,Regular Season,1628973,Jalen Brunson
22022,1628973,22200949,2023-03-03,NYK @ MIA,W,35,9,14,0.643,3,7,0.429,4,6,0.667,0,2,2,8,2,0,1,2,25,-1,1,2022-23,Regular Season,1628973,Jalen Brunson
22022,1628973,22200997,2023-03-09,NYK @ SAC,L,19,6,12,0.5,3,5,0.6,4,5,0.8,0,2,2,2,0,0,1,0,19,-12,1,2022-23,Regular Season,1628973,Jalen Brunson
22022,1628973,22201055,2023-03-18,NYK vs. DEN,W,32,9,20,0.45,2,5,0.4,4,4,1.0,0,2,2,5,0,0,1,2,24,-5,1,2022-23,Regular Season,1628973,Jalen Brunson
22022,1628973,22201073,2023-03-20,NYK vs. MIN,L,37,9,18,0.5,1,3,0.333,4,4,1.0,0,2,2,10,2,0,2,4,23,-8,1,2022-23,Regular Season,1628973,Jalen Brunson
22022,1628973,22201084,2023-03-22,NYK @ MIA,L,37,10,16,0.625,2,6,0.333,3,5,0.6,1,5,6,6,1,0,5,3,25,-4,1,2022-23,Regular Season,1628973,Jalen Brunson
22022,1628973,22201138,2023-03-29,NYK vs. MIA,W,30,5,11,0.455,1,3,0.333,1,1,1.0,0,2,2,3,0,0,3,2,12,9,1,2022-23,Regular Season,1628973,Jalen Brunson
22022,1628973,22201154,2023-03-31,NYK @ CLE,W,38,18,32,0.563,7,12,0.583,5,8,0.625,2,2,4,9,0,0,2,1,48,3,1,2022-23,Regular Season,1628973,Jalen Brunson
22022,1628973,22201168,2023-04-02,NYK vs. WAS,W,39,11,20,0.55,1,3,0.333,4,5,0.8,0,3,3,8,3,0,5,2,27,19,1,2022-23,Regular Season,1628973,Jalen Brunson
42022,1628973,42200131,2023-04-15,NYK @ CLE,W,29,11,24,0.458,1,4,0.25,4,4,1.0,1,1,2,2,2,0,1,3,27,2,1,2022-23,Playoffs,1628973,Jalen Brunson
42022,1628973,42200132,2023-04-18,NYK @ CLE,L,36,5,17,0.294,1,8,0.125,9,10,0.9,1,4,5,6,4,0,2,1,20,-10,1,2022-23,Playoffs,1628973,Jalen Brunson
42022,1628973,42200133,2023-04-21,NYK vs. CLE,W,38,10,18,0.556,0,4,0.0,1,1,1.0,0,4,4,6,2,0,3,2,21,20,1,2022-23,Playoffs,1628973,Jalen Brunson
42022,1628973,42200134,2023-04-23,NYK vs. CLE,W,43,11,22,0.5,5,9,0.556,2,2,1.0,2,4,6,6,1,1,4,1,29,9,1,2022-23,Playoffs,1628973,Jalen Brunson
42022,1628973,42200135,2023-04-26,NYK @ CLE,W,42,8,22,0.364,2,6,0.333,5,5,1.0,1,3,4,4,2,0,2,2,23,11,1,2022-23,Playoffs,1628973,Jalen Brunson
42022,1628973,42200201,2023-04-30,NYK vs. MIA,L,40,11,23,0.478,0,7,0.0,3,4,0.75,1,4,5,7,1,0,5,2,25,-8,1,2022-23,Playoffs,1628973,Jalen Brunson
42022,1628973,42200202,2023-05-02,NYK vs. MIA,W,39,10,19,0.526,6,10,0.6,4,4,1.0,1,4,5,2,2,0,1,1,30,12,1,2022-23,Playoffs,1628973,Jalen Brunson
42022,1628973,42200203,2023-05-06,NYK @ MIA,L,38,7,20,0.35,0,5,0.0,6,6,1.0,1,5,6,8,0,0,0,3,20,-6,1,2022-23,Playoffs,1628973,Jalen Brunson
42022,1628973,42200204,2023-05-08,NYK @ MIA,L,44,10,21,0.476,2,7,0.286,10,11,0.909,0,4,4,11,1,0,1,5,32,-5,1,2022-23,Playoffs,1628973,Jalen Brunson
42022,1628973,42200205,2023-05-10,NYK vs. MIA,W,48,12,22,0.545,4,10,0.4,10,12,0.833,1,8,9,7,1,0,1,2,38,9,1,2022-23,Playoffs,1628973,Jalen Brunson
42022,1628973,42200206,2023-05-12,NYK @ MIA,L,45,14,22,0.636,5,10,0.5,8,9,0.889,0,4,4,3,0,0,3,4,41,3,1,2022-23,Playoffs,1628973,Jalen Brunson
22022,1627783,22200008,2022-10-19,TOR vs. CLE,W,34,9,20,0.45,1,3,0.333,4,8,0.5,3,8,11,1,3,0,4,6,23,-1,1,2022-23,Regular Season,1627783,Pascal Siakam
22022,1627783,22200021,2022-10-21,TOR @ BKN,L,37,15,21,0.714,2,6,0.333,5,9,0.556,2,10,12,11,0,0,3,4,37,2,1,2022-23,Regular Season,1627783,Pascal Siakam
22022,1627783,22200031,2022-10-22,TOR @ MIA,L,40,8,19,0.421,0,2,0.0,7,8,0.875,1,7,8,9,1,1,1,4,23,-5,1,2022-23,Regular Season,1627783,Pascal Siakam
22022,1627783,22200045,2022-10-24,TOR @ MIA,W,42,7,22,0.318,2,6,0.333,7,8,0.875,0,9,9,6,2,2,5,1,23,10,1,2022-23,Regular Season,1627783,Pascal Siakam
22022,1627783,22200059,2022-10-26,TOR vs. PHI,W,38,7,16,0.438,4,8,0.5,2,4,0.5,0,5,5,13,0,0,1,1,20,7,1,2022-23,Regular Season,1627783,Pascal Siakam
22022,1627783,22200073,2022-10-28,TOR vs. PHI,L,36,9,15,0.6,1,3,0.333,7,9,0.778,2,8,10,6,0,0,5,3,26,-7,1,2022-23,Regular Season,1627783,Pascal Siakam
22022,1627783,22200099,2022-10-31,TOR vs. ATL,W,35,8,21,0.381,2,3,0.667,13,16,0.813,3,9,12,6,0,2,0,3,31,30,1,2022-23,Regular Season,1627783,Pascal Siakam
22022,1627783,22200114,2022-11-02,TOR @ SAS,W,28,10,19,0.526,1,5,0.2,1,1,1.0,1,9,10,11,1,0,3,3,22,26,1,2022-23,Regular Season,1627783,Pascal Siakam
22022,1627783,22200127,2022-11-04,TOR @ DAL,L,31,7,14,0.5,0,2,0.0,4,6,0.667,4,3,7,6,1,0,2,3,18,-7,1,2022-23,Regular Season,1627783,Pascal Siakam
22022,1627783,22200303,2022-11-28,TOR vs. CLE,W,30,7,14,0.5,1,3,0.333,3,4,0.75,1,10,11,5,0,0,2,4,18,5,1,2022-23,Regular Season,1627783,Pascal Siakam
22022,1627783,22200318,2022-11-30,TOR @ NOP,L,34,9,16,0.563,1,2,0.5,4,5,0.8,2,4,6,4,2,2,5,3,23,-12,1,2022-23,Regular Season,1627783,Pascal Siakam
22022,1627783,22200329,2022-12-02,TOR @ BKN,L,32,7,15,0.467,1,2,0.5,9,11,0.818,1,6,7,4,1,0,0,5,24,-5,1,2022-23,Regular Season,1627783,Pascal Siakam
22022,1627783,22200340,2022-12-03,TOR vs. ORL,W,31,9,15,0.6,1,4,0.25,7,7,1.0,2,6,8,10,3,0,1,1,26,25,1,2022-23,Regular Season,1627783,Pascal Siakam
22022,1627783,22200355,2022-12-05,TOR vs. BOS,L,39,9,20,0.45,2,4,0.5,9,13,0.692,2,6,8,7,0,0,2,4,29,-9,1,2022-23,Regular Season,1627783,Pascal Siakam
22022,1627783,22200366,2022-12-07,TOR vs. LAL,W,32,10,20,0.5,1,4,0.25,4,5,0.8,2,8,10,7,2,0,2,4,25,22,1,2022-23,Regular Season,1627783,Pascal Siakam
22022,1627783,22200379,2022-12-09,TOR @ ORL,L,38,13,27,0.481,2,9,0.222,8,9,0.889,3,6,9,7,1,1,1,2,36,12,1,2022-23,Regular Season,1627783,Pascal Siakam
22022,1627783,22200398,2022-12-11,TOR @ ORL,L,38,6,16,0.375,0,4,0.0,7,9,0.778,1,5,6,7,1,1,4,4,19,-4,1,2022-23,Regular Season,1627783,Pascal Siakam
22022,1627783,22200417,2022-12-14,TOR vs. SAC,L,43,7,19,0.368,1,1,1.0,4,6,0.667,1,3,4,6,0,0,1,4,19,-5,1,2022-23,Regular Season,1627783,Pascal Siakam
22022,1627783,22200433,2022-12-16,TOR vs. BKN,L,37,7,15,0.467,1,2,0.5,2,2,1.0,3,4,7,5,1,0,3,4,17,-9,1,2022-23,Regular Season,1627783,Pascal Siakam
22022,1627783,22200448,2022-12-18,TOR vs. GSW,L,37,9,20,0.45,3,5,0.6,6,7,0.857,2,3,5,5,0,0,1,2,27,-17,1,2022-23,Regular Season,1627783,Pascal Siakam
22022,1627783,22200453,2022-12-19,TOR @ PHI,L,48,13,27,0.481,3,8,0.375,9,11,0.818,0,15,15,6,1,0,5,2,38,3,1,2022-23,Regular Season,1627783,Pascal Siakam
22022,1627783,22200471,2022-12-21,TOR @ NYK,W,41,17,25,0.68,2,6,0.333,16,18,0.889,3,6,9,7,1,0,1,2,52,8,1,2022-23,Regular Season,1627783,Pascal Siakam
22022,1627783,22200484,2022-12-23,TOR @ CLE,W,42,9,22,0.409,2,5,0.4,6,8,0.75,2,5,7,9,2,1,5,4,26,1,1,2022-23,Regular Season,1627783,Pascal Siakam
22022,1627783,22200509,2022-12-27,TOR vs. LAC,L,41,13,24,0.542,0,4,0.0,10,15,0.667,2,7,9,5,1,1,2,2,36,-1,1,2022-23,Regular Season,1627783,Pascal Siakam
22022,1627783,22200526,2022-12-29,TOR vs. MEM,L,38,8,19,0.421,0,1,0.0,9,11,0.818,2,8,10,4,2,1,1,6,25,-24,1,2022-23,Regular Season,1627783,Pascal Siakam
22022,1627783,22200531,2022-12-30,TOR vs. PHX,W,41,8,17,0.471,2,5,0.4,8,10,0.8,2,0,2,6,0,0,2,5,26,23,1,2022-23,Regular Season,1627783,Pascal Siakam
22022,1627783,22200553,2023-01-02,TOR @ IND,L,39,9,17,0.529,2,4,0.5,6,7,0.857,1,6,7,7,0,0,3,3,26,-6,1,2022-23,Regular Season,1627783,Pascal Siakam
22022,1627783,22200569,2023-01-04,TOR vs. MIL,L,40,4,18,0.222,0,2,0.0,3,4,0.75,4,4,8,4,0,1,3,5,11,1,1,2022-23,Regular Season,1627783,Pascal Siakam
22022,1627783,22200582,2023-01-06,TOR vs. NYK,L,40,4,14,0.286,1,4,0.25,9,11,0.818,4,9,13,5,0,0,5,4,18,1,1,2022-23,Regular Season,1627783,Pascal Siakam
22022,1627783,22200597,2023-01-08,TOR vs. POR,W,38,8,19,0.421,2,4,0.5,9,11,0.818,2,2,4,6,2,1,4,3,27,11,1,2022-23,Regular Season,1627783,Pascal Siakam
22022,1627783,22200613,2023-01-10,TOR vs. CHA,W,36,10,16,0.625,2,6,0.333,6,9,0.667,3,5,8,7,0,0,3,1,28,3,1,2022-23,Regular Season,1627783,Pascal Siakam
22022,1627783,22200629,2023-01-12,TOR vs. CHA,W,38,11,13,0.846,3,3,1.0,10,12,0.833,1,6,7,3,0,1,4,2,35,6,1,2022-23,Regular Season,1627783,Pascal Siakam
22022,1627783,22200644,2023-01-14,TOR vs. ATL,L,34,5,16,0.313,0,4,0.0,5,7,0.714,1,6,7,6,0,1,3,6,15,-13,1,2022-23,Regular Season,1627783,Pascal Siakam
22022,1627783,22200659,2023-01-16,TOR @ NYK,W,46,7,19,0.368,0,7,0.0,6,7,0.857,2,6,8,9,0,3,1,6,20,9,1,2022-23,Regular Season,1627783,Pascal Siakam
22022,1627783,22200665,2023-01-17,TOR @ MIL,L,40,8,13,0.615,1,4,0.25,6,11,0.545,3,6,9,3,0,1,4,1,23,-17,1,2022-23,Regular Season,1627783,Pascal Siakam
22022,1627783,22200680,2023-01-19,TOR @ MIN,L,41,6,16,0.375,0,0,0.0,1,2,0.5,1,6,7,9,0,1,4,2,13,0,1,2022-23,Regular Season,1627783,Pascal Siakam
22022,1627783,22200692,2023-01-21,TOR vs. BOS,L,43,14,23,0.609,0,4,0.0,1,2,0.5,1,8,9,10,0,1,6,4,29,10,1,2022-23,Regular Season,1627783,Pascal Siakam
22022,1627783,22200700,2023-01-22,TOR vs. NYK,W,34,9,21,0.429,3,6,0.5,3,6,0.5,3,4,7,6,1,1,1,4,24,-8,1,2022-23,Regular Season,1627783,Pascal Siakam
22022,1627783,22200728,2023-01-25,TOR @ SAC,W,35,11,24,0.458,2,8,0.25,2,2,1.0,4,7,11,7,2,2,1,1,26,15,1,2022-23,Regular Season,1627783,Pascal Siakam
22022,1627783,22200740,2023-01-27,TOR @ GSW,L,40,8,26,0.308,1,6,0.167,4,5,0.8,2,5,7,3,0,0,0,4,21,-7,1,2022-23,Regular Season,1627783,Pascal Siakam
22022,1627783,22200751,2023-01-28,TOR @ POR,W,39,9,17,0.529,1,2,0.5,5,5,1.0,0,3,3,4,0,0,1,4,24,17,1,2022-23,Regular Season,1627783,Pascal Siakam
22022,1627783,22200762,2023-01-30,TOR @ PHX,L,38,7,17,0.412,1,4,0.25,4,4,1.0,1,2,3,1,0,0,3,4,19,1,1,2022-23,Regular Season,1627783,Pascal Siakam
22022,1627783,22200776,2023-02-01,TOR @ UTA,L,39,9,22,0.409,0,0,0.0,3,6,0.5,5,5,10,5,0,0,3,6,21,-8,1,2022-23,Regular Season,1627783,Pascal Siakam
22022,1627783,22200789,2023-02-03,TOR @ HOU,W,36,10,20,0.5,1,3,0.333,2,3,0.667,2,4,6,4,2,0,3,5,23,-2,1,2022-23,Regular Season,1627783,Pascal Siakam
22022,1627783,22200805,2023-02-05,TOR @ MEM,W,28,7,17,0.412,2,6,0.333,3,4,0.75,2,4,6,5,1,0,2,5,19,-13,1,2022-23,Regular Season,1627783,Pascal Siakam
22022,1627783,22200826,2023-02-08,TOR vs. SAS,W,40,15,21,0.714,3,3,1.0,4,5,0.8,1,9,10,7,1,0,2,3,37,22,1,2022-23,Regular Season,1627783,Pascal Siakam
22022,1627783,22200839,2023-02-10,TOR vs. UTA,L,39,12,21,0.571,5,7,0.714,6,7,0.857,1,5,6,4,3,0,3,4,35,-6,1,2022-23,Regular Season,1627783,Pascal Siakam
22022,1627783,22200856,2023-02-12,TOR vs. DET,W,38,10,19,0.526,1,3,0.333,7,10,0.7,1,3,4,6,0,2,2,2,28,6,1,2022-23,Regular Season,1627783,Pascal Siakam
22022,1627783,22200868,2023-02-14,TOR vs. ORL,W,41,10,15,0.667,2,4,0.5,4,6,0.667,0,4,4,6,2,0,3,1,26,8,1,2022-23,Regular Season,1627783,Pascal Siakam
22022,1627783,22200890,2023-02-23,TOR vs. NOP,W,38,9,21,0.429,1,5,0.2,7,8,0.875,1,3,4,5,0,0,1,2,26,8,1,2022-23,Regular Season,1627783,Pascal Siakam
22022,1627783,22200903,2023-02-25,TOR @ DET,W,35,9,19,0.474,1,2,0.5,10,13,0.769,0,8,8,5,3,2,0,1,29,8,1,2022-23,Regular Season,1627783,Pascal Siakam
22022,1627783,22200914,2023-02-26,TOR @ CLE,L,33,10,24,0.417,4,7,0.571,1,1,1.0,2,6,8,5,0,0,4,2,25,-18,1,2022-23,Regular Season,1627783,Pascal Siakam
22022,1627783,22200925,2023-02-28,TOR vs. CHI,W,34,7,18,0.389,1,5,0.2,5,6,0.833,3,5,8,3,1,0,1,3,20,3,1,2022-23,Regular Season,1627783,Pascal Siakam
22022,1627783,22200942,2023-03-02,TOR @ WAS,L,39,6,16,0.375,1,5,0.2,0,0,0.0,3,8,11,6,0,1,4,5,13,-10,1,2022-23,Regular Season,1627783,Pascal Siakam
22022,1627783,22200956,2023-03-04,TOR @ WAS,W,37,5,10,0.5,0,1,0.0,5,5,1.0,1,3,4,8,4,0,4,5,15,-4,1,2022-23,Regular Season,1627783,Pascal Siakam
22022,1627783,22200975,2023-03-06,TOR @ DEN,L,37,8,18,0.444,1,2,0.5,2,2,1.0,2,2,4,4,0,1,3,1,19,-2,1,2022-23,Regular Season,1627783,Pascal Siakam
22022,1627783,22200991,2023-03-08,TOR @ LAC,L,41,9,21,0.429,1,3,0.333,1,2,0.5,2,4,6,5,2,0,3,3,20,-12,1,2022-23,Regular Season,1627783,Pascal Siakam
22022,1627783,22201003,2023-03-10,TOR @ LAL,L,37,5,13,0.385,2,5,0.4,0,0,0.0,0,4,4,2,0,1,1,3,12,9,1,2022-23,Regular Season,1627783,Pascal Siakam
22022,1627783,22201029,2023-03-14,TOR vs. DEN,W,39,6,16,0.375,0,3,0.0,0,1,0.0,1,7,8,4,1,0,3,4,12,17,1,2022-23,Regular Season,1627783,Pascal Siakam
22022,1627783,22201044,2023-03-16,TOR vs. OKC,W,34,9,19,0.474,3,5,0.6,4,8,0.5,5,9,14,8,0,0,0,2,25,4,1,2022-23,Regular Season,1627783,Pascal Siakam
22022,1627783,22201058,2023-03-18,TOR vs. MIN,W,35,11,22,0.5,1,6,0.167,4,6,0.667,2,8,10,6,0,0,3,4,27,18,1,2022-23,Regular Season,1627783,Pascal Siakam
22022,1627783,22201068,2023-03-19,TOR @ MIL,L,38,5,14,0.357,1,5,0.2,2,2,1.0,1,11,12,7,2,0,1,1,13,-12,1,2022-23,Regular Season,1627783,Pascal Siakam
22022,1627783,22201085,2023-03-22,TOR vs. IND,L,40,11,17,0.647,0,2,0.0,9,11,0.818,3,7,10,7,0,1,1,5,31,0,1,2022-23,Regular Season,1627783,Pascal Siakam
22022,1627783,22201099,2023-03-24,TOR vs. DET,W,38,12,19,0.632,2,6,0.333,6,10,0.6,0,5,5,9,1,0,2,3,32,26,1,2022-23,Regular Season,1627783,Pascal Siakam
22022,1627783,22201119,2023-03-26,TOR vs. WAS,W,34,7,17,0.412,1,3,0.333,4,4,1.0,2,9,11,2,1,0,3,3,19,-3,1,2022-23,Regular Season,1627783,Pascal Siakam
22022,1627783,22201132,2023-03-28,TOR vs. MIA,W,37,10,20,0.5,0,5,0.0,6,6,1.0,3,6,9,5,0,1,3,2,26,6,1,2022-23,Regular Season,1627783,Pascal Siakam
22022,1627783,22201150,2023-03-31,TOR @ PHI,L,42,5,15,0.333,1,3,0.333,3,4,0.75,0,4,4,7,0,0,2,2,14,-15,1,2022-23,Regular Season,1627783,Pascal Siakam
22022,1627783,22201163,2023-04-02,TOR @ CHA,W,38,16,24,0.667,2,7,0.286,2,2,1.0,2,5,7,7,2,0,0,1,36,16,1,2022-23,Regular Season,1627783,Pascal Siakam
22022,1627783,22201176,2023-04-04,TOR @ CHA,W,35,8,16,0.5,0,2,0.0,6,7,0.857,3,11,14,4,2,2,2,4,22,5,1,2022-23,Regular Season,1627783,Pascal Siakam
22022,1627783,22201192,2023-04-05,TOR @ BOS,L,35,10,17,0.588,0,1,0.0,8,8,1.0,2,9,11,4,2,0,1,3,28,1,1,2022-23,Regular Season,1627783,Pascal Siakam
22022,1627783,22201206,2023-04-07,TOR @ BOS,L,30,8,15,0.533,1,3,0.333,2,2,1.0,1,2,3,2,4,0,1,3,19,-17,1,2022-23,Regular Season,1627783,Pascal Siakam
22022,1628378,22200008,2022-10-19,CLE @ TOR,L,35,12,21,0.571,2,8,0.25,5,6,0.833,0,2,2,9,2,0,3,4,31,10,1,2022-23,Regular Season,1628378,Donovan Mitchell
22022,1628378,22200032,2022-10-22,CLE @ CHI,W,35,10,19,0.526,4,6,0.667,8,9,0.889,3,6,9,8,1,0,4,3,32,19,1,2022-23,Regular Season,1628378,Donovan Mitchell
22022,1628378,22200039,2022-10-23,CLE vs. WAS,W,45,12,29,0.414,5,12,0.417,8,9,0.889,2,3,5,4,3,1,6,2,37,4,1,2022-23,Regular Season,1628378,Donovan Mitchell
22022,1628378,22200056,2022-10-26,CLE vs. ORL,W,37,5,19,0.263,1,7,0.143,3,4,0.75,2,2,4,8,2,0,1,3,14,9,1,2022-23,Regular Season,1628378,Donovan Mitchell
22022,1628378,22200072,2022-10-28,CLE @ BOS,W,46,15,25,0.6,5,9,0.556,6,6,1.0,0,4,4,3,1,0,7,4,41,18,1,2022-23,Regular Season,1628378,Donovan Mitchell
22022,1628378,22200090,2022-10-30,CLE vs. NYK,W,37,12,20,0.6,8,13,0.615,6,8,0.75,0,3,3,12,1,2,4,4,38,18,1,2022-23,Regular Season,1628378,Donovan Mitchell
22022,1628378,22200107,2022-11-02,CLE vs. BOS,W,44,11,27,0.407,3,9,0.333,0,0,0.0,0,4,4,6,1,2,0,3,25,-3,1,2022-23,Regular Season,1628378,Donovan Mitchell
22022,1628378,22200140,2022-11-06,CLE @ LAL,W,37,10,17,0.588,1,7,0.143,12,13,0.923,1,4,5,2,1,1,3,1,33,6,1,2022-23,Regular Season,1628378,Donovan Mitchell
22022,1628378,22200158,2022-11-07,CLE @ LAC,L,39,10,15,0.667,8,11,0.727,2,3,0.667,0,1,1,2,0,0,3,5,30,-2,1,2022-23,Regular Season,1628378,Donovan Mitchell
22022,1628378,22200171,2022-11-09,CLE @ SAC,L,39,16,28,0.571,6,14,0.429,0,0,0.0,3,2,5,4,1,0,3,3,38,-8,1,2022-23,Regular Season,1628378,Donovan Mitchell
22022,1628378,22200182,2022-11-11,CLE @ GSW,L,37,10,20,0.5,3,10,0.3,6,6,1.0,0,10,10,9,2,1,3,0,29,7,1,2022-23,Regular Season,1628378,Donovan Mitchell
22022,1628378,22200216,2022-11-16,CLE @ MIL,L,34,7,19,0.368,3,9,0.333,6,6,1.0,0,2,2,3,2,0,2,1,23,-17,1,2022-23,Regular Season,1628378,Donovan Mitchell
22022,1628378,22200225,2022-11-18,CLE vs. CHA,W,44,11,22,0.5,2,9,0.222,10,11,0.909,1,3,4,6,1,0,6,2,34,10,1,2022-23,Regular Season,1628378,Donovan Mitchell
22022,1628378,22200244,2022-11-20,CLE vs. MIA,W,27,5,12,0.417,2,7,0.286,1,2,0.5,1,2,3,5,2,0,1,4,13,15,1,2022-23,Regular Season,1628378,Donovan Mitchell
22022,1628378,22200248,2022-11-21,CLE vs. ATL,W,39,11,22,0.5,4,8,0.5,3,4,0.75,0,4,4,9,3,0,3,2,29,8,1,2022-23,Regular Season,1628378,Donovan Mitchell
22022,1628378,22200261,2022-11-23,CLE vs. POR,W,31,11,18,0.611,6,10,0.6,6,7,0.857,0,2,2,1,2,0,4,1,34,-5,1,2022-23,Regular Season,1628378,Donovan Mitchell
22022,1628378,22200280,2022-11-25,CLE @ MIL,L,32,11,24,0.458,5,11,0.455,2,2,1.0,2,1,3,1,1,0,2,2,29,-20,1,2022-23,Regular Season,1628378,Donovan Mitchell
22022,1628378,22200295,2022-11-27,CLE @ DET,W,39,9,23,0.391,2,8,0.25,12,13,0.923,1,4,5,1,1,0,3,2,32,11,1,2022-23,Regular Season,1628378,Donovan Mitchell
22022,1628378,22200303,2022-11-28,CLE @ TOR,L,25,3,11,0.273,1,5,0.2,1,1,1.0,0,1,1,2,0,0,0,1,8,-21,1,2022-23,Regular Season,1628378,Donovan Mitchell
22022,1628378,22200312,2022-11-30,CLE vs. PHI,W,26,5,9,0.556,5,7,0.714,3,3,1.0,0,3,3,6,2,1,2,0,18,20,1,2022-23,Regular Season,1628378,Donovan Mitchell
22022,1628378,22200330,2022-12-02,CLE vs. ORL,W,37,12,21,0.571,7,11,0.636,3,3,1.0,1,1,2,1,1,1,5,4,34,7,1,2022-23,Regular Season,1628378,Donovan Mitchell
22022,1628378,22200348,2022-12-04,CLE @ NYK,L,40,8,22,0.364,2,11,0.182,5,6,0.833,1,3,4,5,0,1,3,3,23,2,1,2022-23,Regular Season,1628378,Donovan Mitchell
22022,1628378,22200360,2022-12-06,CLE vs. LAL,W,40,17,27,0.63,4,8,0.5,5,5,1.0,2,4,6,5,4,0,2,1,43,21,1,2022-23,Regular Season,1628378,Donovan Mitchell
22022,1628378,22200406,2022-12-12,CLE @ SAS,L,37,12,24,0.5,2,7,0.286,2,2,1.0,4,1,5,1,0,0,3,3,28,-9,1,2022-23,Regular Season,1628378,Donovan Mitchell
22022,1628378,22200421,2022-12-14,CLE @ DAL,W,38,13,20,0.65,6,9,0.667,2,2,1.0,1,2,3,4,1,0,3,5,34,21,1,2022-23,Regular Season,1628378,Donovan Mitchell
22022,1628378,22200431,2022-12-16,CLE vs. IND,W,37,14,24,0.583,8,15,0.533,5,5,1.0,0,1,1,3,1,0,2,2,41,7,1,2022-23,Regular Season,1628378,Donovan Mitchell
22022,1628378,22200440,2022-12-17,CLE vs. DAL,W,42,9,21,0.429,1,9,0.111,6,8,0.75,0,4,4,3,1,0,4,4,25,-4,1,2022-23,Regular Season,1628378,Donovan Mitchell
22022,1628378,22200452,2022-12-19,CLE vs. UTA,W,23,8,12,0.667,4,5,0.8,3,3,1.0,0,2,2,1,0,0,1,4,23,8,1,2022-23,Regular Season,1628378,Donovan Mitchell
22022,1628378,22200466,2022-12-21,CLE vs. MIL,W,37,9,21,0.429,3,9,0.333,15,16,0.938,1,3,4,6,2,0,2,4,36,15,1,2022-23,Regular Season,1628378,Donovan Mitchell
22022,1628378,22200484,2022-12-23,CLE vs. TOR,L,35,4,16,0.25,3,12,0.25,1,4,0.25,0,5,5,4,3,0,3,1,12,-12,1,2022-23,Regular Season,1628378,Donovan Mitchell
22022,1628378,22200498,2022-12-26,CLE vs. BKN,L,34,5,16,0.313,3,9,0.333,2,2,1.0,1,2,3,5,1,1,1,2,15,-13,1,2022-23,Regular Season,1628378,Donovan Mitchell
22022,1628378,22200524,2022-12-29,CLE @ IND,L,37,10,25,0.4,5,11,0.455,3,4,0.75,2,2,4,6,2,0,2,2,28,-14,1,2022-23,Regular Season,1628378,Donovan Mitchell
22022,1628378,22200540,2022-12-31,CLE @ CHI,W,37,5,16,0.313,0,6,0.0,5,6,0.833,1,2,3,6,4,0,7,3,15,-9,1,2022-23,Regular Season,1628378,Donovan Mitchell
22022,1628378,22200552,2023-01-02,CLE vs. CHI,W,50,22,34,0.647,7,15,0.467,20,25,0.8,3,5,8,11,0,1,4,3,71,19,1,2022-23,Regular Season,1628378,Donovan Mitchell
22022,1628378,22200565,2023-01-04,CLE vs. PHX,W,36,6,20,0.3,3,12,0.25,5,5,1.0,1,5,6,9,2,0,4,4,20,9,1,2022-23,Regular Season,1628378,Donovan Mitchell
22022,1628378,22200603,2023-01-08,CLE @ PHX,W,30,7,12,0.583,2,7,0.286,6,6,1.0,0,2,2,2,1,1,4,4,22,3,1,2022-23,Regular Season,1628378,Donovan Mitchell
22022,1628378,22200614,2023-01-10,CLE @ UTA,L,36,14,27,0.519,7,18,0.389,11,11,1.0,1,4,5,6,3,0,0,0,46,-4,1,2022-23,Regular Season,1628378,Donovan Mitchell
22022,1628378,22200631,2023-01-12,CLE @ POR,W,36,11,23,0.478,2,8,0.25,2,4,0.5,1,4,5,5,2,0,3,2,26,10,1,2022-23,Regular Season,1628378,Donovan Mitchell
22022,1628378,22200645,2023-01-14,CLE @ MIN,L,37,5,16,0.313,2,9,0.222,2,4,0.5,1,2,3,6,0,0,2,1,14,-5,1,2022-23,Regular Season,1628378,Donovan Mitchell
22022,1628378,22200658,2023-01-16,CLE vs. NOP,W,22,3,9,0.333,2,6,0.333,3,3,1.0,0,1,1,0,0,1,4,1,11,2,1,2022-23,Regular Season,1628378,Donovan Mitchell
22022,1628378,22200715,2023-01-24,CLE @ NYK,L,38,9,24,0.375,6,14,0.429,0,0,0.0,2,6,8,8,4,1,0,4,24,12,1,2022-23,Regular Season,1628378,Donovan Mitchell
22022,1628378,22200754,2023-01-29,CLE vs. LAC,W,20,5,9,0.556,1,3,0.333,0,0,0.0,0,0,0,3,1,0,0,2,11,36,1,2022-23,Regular Season,1628378,Donovan Mitchell
22022,1628378,22200764,2023-01-31,CLE vs. MIA,L,37,6,17,0.353,3,13,0.231,1,2,0.5,1,2,3,9,4,0,2,3,16,2,1,2022-23,Regular Season,1628378,Donovan Mitchell
22022,1628378,22200779,2023-02-02,CLE vs. MEM,W,22,2,11,0.182,2,4,0.5,0,0,0.0,0,4,4,3,1,1,0,1,6,-3,1,2022-23,Regular Season,1628378,Donovan Mitchell
22022,1628378,22200803,2023-02-05,CLE @ IND,W,35,6,18,0.333,2,10,0.2,5,5,1.0,0,3,3,6,1,0,4,1,19,14,1,2022-23,Regular Season,1628378,Donovan Mitchell
22022,1628378,22200809,2023-02-06,CLE @ WAS,W,28,8,16,0.5,3,9,0.333,2,2,1.0,0,6,6,5,1,0,3,1,21,25,1,2022-23,Regular Season,1628378,Donovan Mitchell
22022,1628378,22200842,2023-02-10,CLE @ NOP,W,33,12,21,0.571,3,9,0.333,3,3,1.0,0,5,5,3,1,0,3,0,30,17,1,2022-23,Regular Season,1628378,Donovan Mitchell
22022,1628378,22200852,2023-02-11,CLE vs. CHI,W,39,10,18,0.556,3,7,0.429,6,6,1.0,3,7,10,6,1,2,2,1,29,9,1,2022-23,Regular Season,1628378,Donovan Mitchell
22022,1628378,22200858,2023-02-13,CLE vs. SAS,W,37,16,26,0.615,6,13,0.462,3,4,0.75,1,3,4,5,1,1,2,2,41,17,1,2022-23,Regular Season,1628378,Donovan Mitchell
22022,1628378,22200875,2023-02-15,CLE @ PHI,L,42,11,24,0.458,4,11,0.364,7,8,0.875,3,2,5,5,2,1,2,1,33,-1,1,2022-23,Regular Season,1628378,Donovan Mitchell
22022,1628378,22200886,2023-02-23,CLE vs. DEN,L,35,9,22,0.409,2,7,0.286,2,2,1.0,1,2,3,3,4,0,2,3,22,-1,1,2022-23,Regular Season,1628378,Donovan Mitchell
22022,1628378,22200896,2023-02-24,CLE @ ATL,L,32,6,17,0.353,2,10,0.2,5,5,1.0,0,1,1,3,1,0,1,4,19,-15,1,2022-23,Regular Season,1628378,Donovan Mitchell
22022,1628378,22200914,2023-02-26,CLE vs. TOR,W,31,13,21,0.619,8,12,0.667,1,1,1.0,1,5,6,4,3,1,3,4,35,12,1,2022-23,Regular Season,1628378,Donovan Mitchell
22022,1628378,22200935,2023-03-01,CLE @ BOS,L,44,17,32,0.531,4,12,0.333,6,7,0.857,1,3,4,5,0,0,2,4,44,-5,1,2022-23,Regular Season,1628378,Donovan Mitchell
22022,1628378,22200957,2023-03-04,CLE vs. DET,W,24,8,17,0.471,2,6,0.333,2,3,0.667,0,3,3,4,2,1,1,0,20,22,1,2022-23,Regular Season,1628378,Donovan Mitchell
22022,1628378,22200971,2023-03-06,CLE vs. BOS,W,47,14,34,0.412,4,11,0.364,8,8,1.0,4,7,11,4,0,1,3,2,40,3,1,2022-23,Regular Season,1628378,Donovan Mitchell
22022,1628378,22200987,2023-03-08,CLE @ MIA,W,34,7,18,0.389,1,7,0.143,3,3,1.0,0,4,4,4,2,0,3,3,18,7,1,2022-23,Regular Season,1628378,Donovan Mitchell
22022,1628378,22201000,2023-03-10,CLE @ MIA,L,43,15,30,0.5,8,15,0.533,4,6,0.667,0,3,3,4,1,0,4,4,42,1,1,2022-23,Regular Season,1628378,Donovan Mitchell
22022,1628378,22201015,2023-03-12,CLE @ CHA,W,33,10,19,0.526,0,6,0.0,3,3,1.0,1,2,3,3,2,0,2,5,23,-13,1,2022-23,Regular Season,1628378,Donovan Mitchell
22022,1628378,22201035,2023-03-15,CLE vs. PHI,L,40,9,19,0.474,1,7,0.143,2,3,0.667,1,5,6,3,3,0,1,1,21,-13,1,2022-23,Regular Season,1628378,Donovan Mitchell
22022,1628378,22201049,2023-03-17,CLE vs. WAS,W,26,7,17,0.412,0,6,0.0,6,6,1.0,2,4,6,1,1,0,2,2,20,8,1,2022-23,Regular Season,1628378,Donovan Mitchell
22022,1628378,22201079,2023-03-21,CLE @ BKN,W,37,10,22,0.455,5,9,0.556,6,8,0.75,0,5,5,3,0,0,3,1,31,20,1,2022-23,Regular Season,1628378,Donovan Mitchell
22022,1628378,22201094,2023-03-23,CLE @ BKN,W,33,11,24,0.458,3,9,0.333,6,9,0.667,2,4,6,1,0,1,1,3,31,0,1,2022-23,Regular Season,1628378,Donovan Mitchell
22022,1628378,22201117,2023-03-26,CLE vs. HOU,W,36,8,16,0.5,4,9,0.444,2,2,1.0,2,3,5,1,1,1,1,2,22,24,1,2022-23,Regular Season,1628378,Donovan Mitchell
22022,1628378,22201131,2023-03-28,CLE @ ATL,L,40,15,33,0.455,5,12,0.417,9,9,1.0,1,4,5,5,2,0,2,3,44,4,1,2022-23,Regular Season,1628378,Donovan Mitchell
22022,1628378,22201154,2023-03-31,CLE vs. NYK,L,40,16,23,0.696,6,9,0.667,4,5,0.8,0,4,4,5,0,1,4,5,42,-8,1,2022-23,Regular Season,1628378,Donovan Mitchell
22022,1628378,22201173,2023-04-02,CLE vs. IND,W,40,14,25,0.56,3,9,0.333,9,12,0.75,0,6,6,1,3,0,5,4,40,16,1,2022-23,Regular Season,1628378,Donovan Mitchell
22022,1628378,22201178,2023-04-04,CLE @ ORL,W,41,15,23,0.652,5,9,0.556,8,9,0.889,0,5,5,4,0,1,3,2,43,10,1,2022-23,Regular Season,1628378,Donovan Mitchell
42022,1628378,42200131,2023-04-15,CLE vs. NYK,L,44,14,30,0.467,6,16,0.375,4,6,0.667,1,4,5,8,3,1,2,1,38,2,1,2022-23,Playoffs,1628378,Donovan Mitchell
42022,1628378,42200132,2023-04-18,CLE vs. NYK,W,39,6,11,0.545,2,5,0.4,3,4,0.75,1,1,2,13,2,1,2,4,17,24,1,2022-23,Playoffs,1628378,Donovan Mitchell
42022,1628378,42200133,2023-04-21,CLE @ NYK,L,38,9,19,0.474,2,8,0.25,2,3,0.667,1,6,7,5,2,0,6,3,22,-19,1,2022-23,Playoffs,1628378,Donovan Mitchell
42022,1628378,42200134,2023-04-23,CLE @ NYK,L,42,5,18,0.278,0,4,0.0,1,2,0.5,0,4,4,5,1,0,6,4,11,-8,1,2022-23,Playoffs,1628378,Donovan Mitchell
42022,1628378,42200135,2023-04-26,CLE vs. NYK,L,44,11,26,0.423,3,12,0.25,3,3,1.0,0,7,7,5,2,1,3,2,28,-8,1,2022-23,Playoffs,1628378,Donovan Mitchell
22022,203944,22200009,2022-10-19,NYK @ MEM,L,35,9,16,0.563,2,6,0.333,4,5,0.8,2,9,11,6,2,0,3,6,24,7,1,2022-23,Regular Season,203944,Julius Randle
22022,203944,22200023,2022-10-21,NYK vs. DET,W,25,5,12,0.417,2,3,0.667,3,4,0.75,1,5,6,0,0,0,0,2,15,-1,1,2022-23,Regular Season,203944,Julius Randle
22022,203944,22200046,2022-10-24,NYK vs. ORL,W,34,10,19,0.526,2,9,0.222,3,5,0.6,4,8,12,4,1,0,2,5,25,4,1,2022-23,Regular Season,203944,Julius Randle
22022,203944,22200058,2022-10-26,NYK vs. CHA,W,40,7,19,0.368,0,2,0.0,3,4,0.75,2,4,6,2,2,1,1,5,17,6,1,2022-23,Regular Season,203944,Julius Randle
22022,203944,22200075,2022-10-28,NYK @ MIL,L,31,3,10,0.3,0,2,0.0,8,9,0.889,4,8,12,2,1,0,3,4,14,-14,1,2022-23,Regular Season,203944,Julius Randle
22022,203944,22200090,2022-10-30,NYK @ CLE,L,33,5,13,0.385,0,3,0.0,5,10,0.5,0,9,9,7,2,0,4,5,15,-8,1,2022-23,Regular Season,203944,Julius Randle
22022,203944,22200110,2022-11-02,NYK vs. ATL,L,30,4,12,0.333,0,4,0.0,6,9,0.667,2,4,6,2,0,1,4,2,14,-10,1,2022-23,Regular Season,203944,Julius Randle
22022,203944,22200122,2022-11-04,NYK @ PHI,W,37,6,13,0.462,1,5,0.2,4,5,0.8,3,7,10,5,0,1,6,1,17,7,1,2022-23,Regular Season,203944,Julius Randle
22022,203944,22200135,2022-11-05,NYK vs. BOS,L,40,10,19,0.526,3,7,0.429,6,6,1.0,5,4,9,2,0,0,3,3,29,-8,1,2022-23,Regular Season,203944,Julius Randle
22022,203944,22200153,2022-11-07,NYK @ MIN,W,33,9,16,0.563,8,13,0.615,5,6,0.833,2,6,8,3,0,0,5,5,31,4,1,2022-23,Regular Season,203944,Julius Randle
22022,203944,22200164,2022-11-09,NYK @ BKN,L,31,7,15,0.467,4,8,0.5,6,9,0.667,1,10,11,3,0,0,4,1,24,-29,1,2022-23,Regular Season,203944,Julius Randle
22022,203944,22200178,2022-11-11,NYK vs. DET,W,33,8,18,0.444,0,7,0.0,5,5,1.0,4,4,8,5,0,0,2,5,21,13,1,2022-23,Regular Season,203944,Julius Randle
22022,203944,22200192,2022-11-13,NYK vs. OKC,L,33,7,14,0.5,3,6,0.5,8,10,0.8,3,7,10,3,0,0,2,3,25,-10,1,2022-23,Regular Season,203944,Julius Randle
22022,203944,22200208,2022-11-15,NYK @ UTA,W,31,5,11,0.455,2,6,0.333,3,3,1.0,1,4,5,1,0,1,4,2,15,-12,1,2022-23,Regular Season,203944,Julius Randle
22022,203944,22200219,2022-11-16,NYK @ DEN,W,32,11,21,0.524,3,10,0.3,9,13,0.692,3,8,11,4,4,0,3,3,34,7,1,2022-23,Regular Season,203944,Julius Randle
22022,203944,22200233,2022-11-18,NYK @ GSW,L,30,7,15,0.467,3,7,0.429,3,4,0.75,4,3,7,2,0,0,4,3,20,-17,1,2022-23,Regular Season,203944,Julius Randle
22022,203944,22200240,2022-11-20,NYK @ PHX,L,27,4,11,0.364,1,4,0.25,0,0,0.0,1,5,6,2,1,0,3,1,9,-6,1,2022-23,Regular Season,203944,Julius Randle
22022,203944,22200254,2022-11-21,NYK @ OKC,W,33,9,16,0.563,2,6,0.333,5,6,0.833,1,10,11,1,0,0,2,5,25,8,1,2022-23,Regular Season,203944,Julius Randle
22022,203944,22200274,2022-11-25,NYK vs. POR,L,39,8,19,0.421,3,8,0.375,4,4,1.0,0,6,6,3,3,0,2,4,23,-17,1,2022-23,Regular Season,203944,Julius Randle
22022,203944,22200296,2022-11-27,NYK vs. MEM,L,35,4,9,0.444,1,5,0.2,5,6,0.833,2,8,10,9,0,0,1,4,14,-2,1,2022-23,Regular Season,203944,Julius Randle
22022,203944,22200309,2022-11-29,NYK @ DET,W,31,14,24,0.583,6,13,0.462,2,4,0.5,1,6,7,5,1,0,3,3,36,36,1,2022-23,Regular Season,203944,Julius Randle
22022,203944,22200316,2022-11-30,NYK vs. MIL,L,39,8,24,0.333,1,8,0.125,1,1,1.0,3,5,8,5,0,0,1,3,18,-7,1,2022-23,Regular Season,203944,Julius Randle
22022,203944,22200337,2022-12-03,NYK vs. DAL,L,30,8,15,0.533,3,8,0.375,5,5,1.0,1,4,5,3,0,0,3,2,24,-11,1,2022-23,Regular Season,203944,Julius Randle
22022,203944,22200348,2022-12-04,NYK vs. CLE,W,35,7,19,0.368,1,7,0.143,3,3,1.0,1,8,9,4,0,0,1,0,18,0,1,2022-23,Regular Season,203944,Julius Randle
22022,203944,22200365,2022-12-07,NYK vs. ATL,W,33,10,19,0.526,6,12,0.5,8,8,1.0,1,16,17,5,1,0,0,3,34,29,1,2022-23,Regular Season,203944,Julius Randle
22022,203944,22200377,2022-12-09,NYK @ CHA,W,36,9,21,0.429,4,10,0.4,11,14,0.786,1,6,7,2,1,1,2,3,33,17,1,2022-23,Regular Season,203944,Julius Randle
22022,203944,22200397,2022-12-11,NYK vs. SAC,W,27,9,20,0.45,3,11,0.273,6,6,1.0,1,7,8,3,0,0,2,3,27,12,1,2022-23,Regular Season,203944,Julius Randle
22022,203944,22200418,2022-12-14,NYK @ CHI,W,46,8,19,0.421,3,7,0.429,12,15,0.8,1,12,13,7,0,0,6,2,31,1,1,2022-23,Regular Season,203944,Julius Randle
22022,203944,22200434,2022-12-16,NYK @ CHI,W,36,6,16,0.375,2,8,0.25,5,7,0.714,2,10,12,4,3,1,2,1,19,21,1,2022-23,Regular Season,203944,Julius Randle
22022,203944,22200446,2022-12-18,NYK @ IND,W,39,7,17,0.412,2,8,0.25,9,12,0.75,3,11,14,3,0,0,3,4,25,5,1,2022-23,Regular Season,203944,Julius Randle
22022,203944,22200463,2022-12-20,NYK vs. GSW,W,30,5,12,0.417,1,6,0.167,4,7,0.571,2,10,12,5,0,0,3,2,15,17,1,2022-23,Regular Season,203944,Julius Randle
22022,203944,22200471,2022-12-21,NYK vs. TOR,L,40,13,17,0.765,0,3,0.0,4,9,0.444,2,11,13,4,0,0,2,5,30,7,1,2022-23,Regular Season,203944,Julius Randle
22022,203944,22200485,2022-12-23,NYK vs. CHI,L,38,11,22,0.5,5,10,0.5,2,5,0.4,2,10,12,3,1,2,1,2,29,-9,1,2022-23,Regular Season,203944,Julius Randle
22022,203944,22200493,2022-12-25,NYK vs. PHI,L,40,12,24,0.5,4,9,0.444,7,7,1.0,1,7,8,4,2,1,1,1,35,5,1,2022-23,Regular Season,203944,Julius Randle
22022,203944,22200512,2022-12-27,NYK @ DAL,L,45,11,23,0.478,5,11,0.455,2,4,0.5,2,16,18,4,0,0,2,5,29,2,1,2022-23,Regular Season,203944,Julius Randle
22022,203944,22200527,2022-12-29,NYK @ SAS,L,43,14,27,0.519,6,13,0.462,7,11,0.636,3,8,11,7,1,0,4,3,41,-2,1,2022-23,Regular Season,203944,Julius Randle
22022,203944,22200541,2022-12-31,NYK @ HOU,W,39,9,20,0.45,5,13,0.385,12,16,0.75,4,8,12,6,0,1,1,3,35,25,1,2022-23,Regular Season,203944,Julius Randle
22022,203944,22200550,2023-01-02,NYK vs. PHX,W,40,7,18,0.389,4,12,0.333,10,12,0.833,0,16,16,6,1,0,1,3,28,12,1,2022-23,Regular Season,203944,Julius Randle
22022,203944,22200568,2023-01-04,NYK vs. SAS,W,41,9,26,0.346,1,8,0.125,6,11,0.545,2,11,13,3,3,4,5,4,25,9,1,2022-23,Regular Season,203944,Julius Randle
22022,203944,22200582,2023-01-06,NYK @ TOR,W,40,10,22,0.455,6,11,0.545,6,9,0.667,1,10,11,3,0,0,3,3,32,2,1,2022-23,Regular Season,203944,Julius Randle
22022,203944,22200607,2023-01-09,NYK vs. MIL,L,40,9,29,0.31,1,12,0.083,6,7,0.857,7,9,16,5,2,0,3,3,25,2,1,2022-23,Regular Season,203944,Julius Randle
22022,203944,22200622,2023-01-11,NYK vs. IND,W,39,5,12,0.417,2,7,0.286,2,4,0.5,3,13,16,4,0,1,6,2,14,9,1,2022-23,Regular Season,203944,Julius Randle
22022,203944,22200634,2023-01-13,NYK @ WAS,W,36,8,19,0.421,2,6,0.333,5,8,0.625,3,13,16,1,0,1,3,2,23,12,1,2022-23,Regular Season,203944,Julius Randle
22022,203944,22200648,2023-01-15,NYK @ DET,W,40,15,24,0.625,4,7,0.571,8,8,1.0,3,12,15,4,0,1,1,4,42,14,1,2022-23,Regular Season,203944,Julius Randle
22022,203944,22200659,2023-01-16,NYK vs. TOR,L,42,7,20,0.35,1,6,0.167,6,9,0.667,3,12,15,8,1,0,3,3,21,1,1,2022-23,Regular Season,203944,Julius Randle
22022,203944,22200669,2023-01-18,NYK vs. WAS,L,34,6,17,0.353,0,5,0.0,2,5,0.4,7,8,15,4,1,0,2,5,14,-11,1,2022-23,Regular Season,203944,Julius Randle
22022,203944,22200684,2023-01-20,NYK @ ATL,L,33,11,22,0.5,3,10,0.3,7,9,0.778,1,8,9,6,0,0,3,1,32,-12,1,2022-23,Regular Season,203944,Julius Randle
22022,203944,22200700,2023-01-22,NYK @ TOR,L,37,8,14,0.571,2,6,0.333,5,8,0.625,5,14,19,8,0,0,4,5,23,-4,1,2022-23,Regular Season,203944,Julius Randle
22022,203944,22200715,2023-01-24,NYK vs. CLE,W,38,11,21,0.524,8,12,0.667,6,7,0.857,4,9,13,4,0,0,5,3,36,-10,1,2022-23,Regular Season,203944,Julius Randle
22022,203944,22200730,2023-01-26,NYK @ BOS,W,37,13,25,0.52,5,13,0.385,6,7,0.857,1,8,9,2,0,0,2,5,37,-16,1,2022-23,Regular Season,203944,Julius Randle
22022,203944,22200742,2023-01-28,NYK @ BKN,L,38,7,16,0.438,1,6,0.167,4,6,0.667,2,8,10,8,1,0,3,2,19,6,1,2022-23,Regular Season,203944,Julius Randle
22022,203944,22200765,2023-01-31,NYK vs. LAL,L,43,6,19,0.316,2,9,0.222,9,11,0.818,2,10,12,5,0,0,4,4,23,-9,1,2022-23,Regular Season,203944,Julius Randle
22022,203944,22200780,2023-02-02,NYK vs. MIA,W,34,8,19,0.421,3,9,0.333,4,5,0.8,1,9,10,6,3,0,7,4,23,14,1,2022-23,Regular Season,203944,Julius Randle
22022,203944,22200795,2023-02-04,NYK vs. LAC,L,41,10,18,0.556,2,6,0.333,6,8,0.75,0,11,11,7,1,0,5,5,28,-11,1,2022-23,Regular Season,203944,Julius Randle
22022,203944,22200804,2023-02-05,NYK vs. PHI,W,34,8,19,0.421,1,8,0.125,7,8,0.875,4,5,9,7,0,0,3,2,24,-6,1,2022-23,Regular Season,203944,Julius Randle
22022,203944,22200816,2023-02-07,NYK @ ORL,W,34,7,15,0.467,4,10,0.4,4,6,0.667,1,13,14,6,0,0,4,2,22,9,1,2022-23,Regular Season,203944,Julius Randle
22022,203944,22200837,2023-02-10,NYK @ PHI,L,37,11,20,0.55,5,11,0.455,3,3,1.0,0,10,10,3,0,0,3,1,30,-6,1,2022-23,Regular Season,203944,Julius Randle
22022,203944,22200851,2023-02-11,NYK vs. UTA,W,39,12,26,0.462,3,11,0.273,4,5,0.8,1,5,6,2,0,0,1,2,31,4,1,2022-23,Regular Season,203944,Julius Randle
22022,203944,22200862,2023-02-13,NYK vs. BKN,W,32,7,17,0.412,1,6,0.167,3,3,1.0,0,10,10,4,1,1,1,1,18,14,1,2022-23,Regular Season,203944,Julius Randle
22022,203944,22200876,2023-02-15,NYK @ ATL,W,35,9,19,0.474,3,8,0.375,4,5,0.8,3,8,11,2,0,0,3,4,25,20,1,2022-23,Regular Season,203944,Julius Randle
22022,203944,22200895,2023-02-24,NYK @ WAS,W,36,16,29,0.552,7,14,0.5,7,7,1.0,0,2,2,2,2,0,1,1,46,8,1,2022-23,Regular Season,203944,Julius Randle
22022,203944,22200906,2023-02-25,NYK vs. NOP,W,33,11,20,0.55,5,10,0.5,1,1,1.0,1,6,7,5,0,0,2,1,28,26,1,2022-23,Regular Season,203944,Julius Randle
22022,203944,22200921,2023-02-27,NYK vs. BOS,W,36,7,16,0.438,3,9,0.333,6,9,0.667,1,6,7,4,0,0,1,2,23,8,1,2022-23,Regular Season,203944,Julius Randle
22022,203944,22200937,2023-03-01,NYK vs. BKN,W,35,7,15,0.467,4,8,0.5,3,5,0.6,0,8,8,8,0,0,4,3,21,27,1,2022-23,Regular Season,203944,Julius Randle
22022,203944,22200949,2023-03-03,NYK @ MIA,W,36,16,25,0.64,8,13,0.615,3,4,0.75,0,9,9,3,0,1,3,2,43,1,1,2022-23,Regular Season,203944,Julius Randle
22022,203944,22200969,2023-03-05,NYK @ BOS,W,47,11,22,0.5,5,13,0.385,4,4,1.0,2,7,9,4,1,0,7,5,31,-8,1,2022-23,Regular Season,203944,Julius Randle
22022,203944,22200979,2023-03-07,NYK vs. CHA,L,35,5,17,0.294,2,9,0.222,4,6,0.667,1,7,8,3,0,0,2,4,16,-20,1,2022-23,Regular Season,203944,Julius Randle
22022,203944,22200997,2023-03-09,NYK @ SAC,L,36,8,22,0.364,2,12,0.167,5,9,0.556,1,9,10,5,2,0,4,5,23,-4,1,2022-23,Regular Season,203944,Julius Randle
22022,203944,22201004,2023-03-11,NYK @ LAC,L,35,5,24,0.208,3,10,0.3,6,8,0.75,1,7,8,3,0,0,2,5,19,-8,1,2022-23,Regular Season,203944,Julius Randle
22022,203944,22201019,2023-03-12,NYK @ LAL,W,36,11,24,0.458,3,12,0.25,8,11,0.727,1,7,8,5,1,0,3,2,33,-1,1,2022-23,Regular Season,203944,Julius Randle
22022,203944,22201034,2023-03-14,NYK @ POR,W,34,8,20,0.4,0,5,0.0,8,10,0.8,1,9,10,4,0,0,2,3,24,8,1,2022-23,Regular Season,203944,Julius Randle
22022,203944,22201055,2023-03-18,NYK vs. DEN,W,36,6,15,0.4,1,6,0.167,7,7,1.0,0,7,7,4,1,0,3,2,20,5,1,2022-23,Regular Season,203944,Julius Randle
22022,203944,22201073,2023-03-20,NYK vs. MIN,L,37,19,29,0.655,8,14,0.571,11,13,0.846,0,4,4,1,0,0,4,4,57,-6,1,2022-23,Regular Season,203944,Julius Randle
22022,203944,22201084,2023-03-22,NYK @ MIA,L,36,7,16,0.438,1,5,0.2,0,1,0.0,0,6,6,9,1,0,4,5,15,-6,1,2022-23,Regular Season,203944,Julius Randle
22022,203944,22201093,2023-03-23,NYK @ ORL,L,36,7,20,0.35,2,9,0.222,7,10,0.7,0,9,9,4,0,2,1,4,23,20,1,2022-23,Regular Season,203944,Julius Randle
22022,203944,22201124,2023-03-27,NYK vs. HOU,W,28,10,19,0.526,3,8,0.375,3,3,1.0,0,4,4,3,1,0,1,0,26,11,1,2022-23,Regular Season,203944,Julius Randle
22022,203944,22201138,2023-03-29,NYK vs. MIA,W,15,1,5,0.2,0,2,0.0,1,2,0.5,2,3,5,1,0,0,2,1,3,-3,1,2022-23,Regular Season,203944,Julius Randle
42022,203944,42200131,2023-04-15,NYK @ CLE,W,34,7,20,0.35,3,10,0.3,2,4,0.5,2,8,10,4,2,0,5,4,19,-8,1,2022-23,Playoffs,203944,Julius Randle
42022,203944,42200132,2023-04-18,NYK @ CLE,L,33,8,20,0.4,3,7,0.429,3,3,1.0,4,4,8,1,1,0,6,2,22,-7,1,2022-23,Playoffs,203944,Julius Randle
42022,203944,42200133,2023-04-21,NYK vs. CLE,W,33,3,15,0.2,2,10,0.2,3,4,0.75,0,8,8,3,1,0,2,2,11,19,1,2022-23,Playoffs,203944,Julius Randle
42022,203944,42200134,2023-04-23,NYK vs. CLE,W,27,3,10,0.3,0,4,0.0,1,3,0.333,0,2,2,1,0,1,1,1,7,-2,1,2022-23,Playoffs,203944,Julius Randle
42022,203944,42200135,2023-04-26,NYK @ CLE,W,16,4,9,0.444,0,3,0.0,5,6,0.833,1,3,4,6,0,0,1,1,13,3,1,2022-23,Playoffs,203944,Julius Randle
42022,203944,42200202,2023-05-02,NYK vs. MIA,W,38,8,18,0.444,3,9,0.333,6,6,1.0,1,11,12,8,0,0,3,1,25,14,1,2022-23,Playoffs,203944,Julius Randle
42022,203944,42200203,2023-05-06,NYK @ MIA,L,38,4,15,0.267,0,5,0.0,2,5,0.4,4,10,14,2,0,0,4,4,10,-6,1,2022-23,Playoffs,203944,Julius Randle
42022,203944,42200204,2023-05-08,NYK @ MIA,L,39,8,13,0.615,1,4,0.25,3,5,0.6,1,8,9,3,0,0,6,6,20,-1,1,2022-23,Playoffs,203944,Julius Randle
42022,203944,42200205,2023-05-10,NYK vs. MIA,W,36,7,13,0.538,4,7,0.571,6,10,0.6,2,3,5,5,1,0,4,1,24,0,1,2022-23,Playoffs,203944,Julius Randle
42022,203944,42200206,2023-05-12,NYK @ MIA,L,36,3,14,0.214,1,7,0.143,8,9,0.889,2,9,11,3,0,2,3,2,15,3,1,2022-23,Playoffs,203944,Julius Randle
22022,1628389,22200007,2022-10-19,MIA vs. CHI,L,34,5,15,0.333,0,0,0.0,2,3,0.667,1,8,9,2,0,1,5,4,12,-15,1,2022-23,Regular Season,1628389,Bam Adebayo
22022,1628389,22200022,2022-10-21,MIA vs. BOS,L,35,8,11,0.727,0,0,0.0,3,4,0.75,3,5,8,5,2,0,5,4,19,20,1,2022-23,Regular Season,1628389,Bam Adebayo
22022,1628389,22200031,2022-10-22,MIA vs. TOR,W,36,4,6,0.667,0,1,0.0,2,2,1.0,0,7,7,1,0,0,3,3,10,5,1,2022-23,Regular Season,1628389,Bam Adebayo
22022,1628389,22200045,2022-10-24,MIA vs. TOR,L,38,4,14,0.286,0,0,0.0,6,6,1.0,4,6,10,3,1,2,3,1,14,5,1,2022-23,Regular Season,1628389,Bam Adebayo
22022,1628389,22200065,2022-10-26,MIA @ POR,W,28,6,11,0.545,0,1,0.0,6,7,0.857,3,5,8,3,1,0,3,3,18,17,1,2022-23,Regular Season,1628389,Bam Adebayo
22022,1628389,22200068,2022-10-27,MIA @ GSW,L,38,10,13,0.769,0,0,0.0,6,8,0.75,4,4,8,1,4,3,5,2,26,-12,1,2022-23,Regular Season,1628389,Bam Adebayo
22022,1628389,22200081,2022-10-29,MIA @ SAC,L,38,9,16,0.563,0,0,0.0,5,6,0.833,2,4,6,4,0,2,1,6,23,6,1,2022-23,Regular Season,1628389,Bam Adebayo
22022,1628389,22200104,2022-11-01,MIA vs. GSW,W,37,8,15,0.533,0,0,0.0,3,3,1.0,1,6,7,6,3,1,2,4,19,0,1,2022-23,Regular Season,1628389,Bam Adebayo
22022,1628389,22200109,2022-11-02,MIA vs. SAC,W,32,9,16,0.563,0,0,0.0,2,2,1.0,2,9,11,6,0,0,4,5,20,2,1,2022-23,Regular Season,1628389,Bam Adebayo
22022,1628389,22200121,2022-11-04,MIA @ IND,L,34,7,14,0.5,0,1,0.0,4,4,1.0,3,7,10,4,1,0,5,4,18,3,1,2022-23,Regular Season,1628389,Bam Adebayo
22022,1628389,22200150,2022-11-07,MIA vs. POR,L,33,8,14,0.571,0,0,0.0,0,1,0.0,2,3,5,3,1,1,1,1,16,2,1,2022-23,Regular Season,1628389,Bam Adebayo
22022,1628389,22200174,2022-11-10,MIA vs. CHA,W,39,6,15,0.4,0,1,0.0,6,6,1.0,2,12,14,4,2,0,5,5,18,9,1,2022-23,Regular Season,1628389,Bam Adebayo
22022,1628389,22200189,2022-11-12,MIA vs. CHA,W,33,11,18,0.611,0,0,0.0,2,3,0.667,1,14,15,4,1,1,5,4,24,19,1,2022-23,Regular Season,1628389,Bam Adebayo
22022,1628389,22200202,2022-11-14,MIA vs. PHX,W,36,9,18,0.5,0,1,0.0,12,14,0.857,6,4,10,1,1,0,3,2,30,12,1,2022-23,Regular Season,1628389,Bam Adebayo
22022,1628389,22200244,2022-11-20,MIA @ CLE,L,27,7,14,0.5,0,0,0.0,7,7,1.0,2,4,6,3,0,1,3,2,21,-20,1,2022-23,Regular Season,1628389,Bam Adebayo
22022,1628389,22200252,2022-11-21,MIA @ MIN,L,35,7,18,0.389,0,2,0.0,3,6,0.5,4,10,14,5,0,2,1,5,17,-11,1,2022-23,Regular Season,1628389,Bam Adebayo
22022,1628389,22200265,2022-11-23,MIA vs. WAS,W,35,5,15,0.333,0,0,0.0,5,6,0.833,4,7,11,2,2,1,2,4,15,6,1,2022-23,Regular Season,1628389,Bam Adebayo
22022,1628389,22200277,2022-11-25,MIA vs. WAS,W,35,15,22,0.682,0,1,0.0,8,8,1.0,3,9,12,3,0,0,0,4,38,1,1,2022-23,Regular Season,1628389,Bam Adebayo
22022,1628389,22200293,2022-11-27,MIA @ ATL,W,34,13,20,0.65,0,0,0.0,6,6,1.0,1,7,8,1,0,1,3,2,32,1,1,2022-23,Regular Season,1628389,Bam Adebayo
22022,1628389,22200314,2022-11-30,MIA @ BOS,L,38,10,19,0.526,1,1,1.0,2,2,1.0,1,5,6,5,2,0,5,5,23,-6,1,2022-23,Regular Season,1628389,Bam Adebayo
22022,1628389,22200328,2022-12-02,MIA @ BOS,W,38,10,18,0.556,0,0,0.0,8,9,0.889,1,6,7,3,1,1,2,3,28,7,1,2022-23,Regular Season,1628389,Bam Adebayo
22022,1628389,22200357,2022-12-05,MIA @ MEM,L,39,5,13,0.385,0,0,0.0,5,5,1.0,1,4,5,4,0,0,1,0,15,9,1,2022-23,Regular Season,1628389,Bam Adebayo
22022,1628389,22200361,2022-12-06,MIA vs. DET,L,34,9,16,0.563,0,0,0.0,3,6,0.5,1,14,15,2,0,1,5,3,21,-12,1,2022-23,Regular Season,1628389,Bam Adebayo
22022,1628389,22200374,2022-12-08,MIA vs. LAC,W,36,14,21,0.667,0,0,0.0,3,3,1.0,4,6,10,4,1,0,2,0,31,13,1,2022-23,Regular Season,1628389,Bam Adebayo
22022,1628389,22200387,2022-12-10,MIA vs. SAS,L,32,5,11,0.455,0,1,0.0,2,5,0.4,2,7,9,4,0,0,0,3,12,4,1,2022-23,Regular Season,1628389,Bam Adebayo
22022,1628389,22200402,2022-12-12,MIA @ IND,W,35,8,18,0.444,0,0,0.0,6,7,0.857,2,15,17,3,2,1,4,2,22,1,1,2022-23,Regular Season,1628389,Bam Adebayo
22022,1628389,22200419,2022-12-14,MIA @ OKC,W,33,5,13,0.385,0,0,0.0,5,6,0.833,2,11,13,3,2,0,5,6,15,-14,1,2022-23,Regular Season,1628389,Bam Adebayo
22022,1628389,22200439,2022-12-17,MIA @ SAS,W,36,11,18,0.611,0,0,0.0,0,0,0.0,4,9,13,3,1,0,4,4,22,29,1,2022-23,Regular Season,1628389,Bam Adebayo
22022,1628389,22200462,2022-12-20,MIA vs. CHI,L,37,12,15,0.8,0,0,0.0,3,4,0.75,3,9,12,6,0,0,3,1,27,-18,1,2022-23,Regular Season,1628389,Bam Adebayo
22022,1628389,22200486,2022-12-23,MIA vs. IND,L,38,8,19,0.421,0,0,0.0,2,2,1.0,5,2,7,3,0,0,3,2,18,1,1,2022-23,Regular Season,1628389,Bam Adebayo
22022,1628389,22200518,2022-12-28,MIA vs. LAL,W,39,10,16,0.625,0,0,0.0,3,6,0.5,5,9,14,0,1,2,1,4,23,24,1,2022-23,Regular Season,1628389,Bam Adebayo
22022,1628389,22200535,2022-12-30,MIA @ DEN,L,30,6,14,0.429,0,0,0.0,10,11,0.909,4,3,7,2,4,2,4,3,22,-4,1,2022-23,Regular Season,1628389,Bam Adebayo
22022,1628389,22200546,2022-12-31,MIA @ UTA,W,36,11,17,0.647,0,0,0.0,10,13,0.769,5,3,8,5,1,0,2,5,32,6,1,2022-23,Regular Season,1628389,Bam Adebayo
22022,1628389,22200560,2023-01-02,MIA @ LAC,W,37,12,19,0.632,0,0,0.0,7,8,0.875,5,8,13,1,1,1,3,2,31,11,1,2022-23,Regular Season,1628389,Bam Adebayo
22022,1628389,22200574,2023-01-04,MIA @ LAL,L,38,13,23,0.565,0,0,0.0,4,5,0.8,6,7,13,3,2,3,2,2,30,2,1,2022-23,Regular Season,1628389,Bam Adebayo
22022,1628389,22200589,2023-01-06,MIA @ PHX,W,38,10,15,0.667,0,0,0.0,1,4,0.25,1,10,11,2,2,1,1,1,21,17,1,2022-23,Regular Season,1628389,Bam Adebayo
22022,1628389,22200599,2023-01-08,MIA vs. BKN,L,28,5,15,0.333,0,0,0.0,0,3,0.0,4,4,8,2,0,1,0,1,10,-25,1,2022-23,Regular Season,1628389,Bam Adebayo
22022,1628389,22200628,2023-01-12,MIA vs. MIL,W,34,11,19,0.579,0,0,0.0,2,2,1.0,2,10,12,1,2,1,0,2,24,8,1,2022-23,Regular Season,1628389,Bam Adebayo
22022,1628389,22200641,2023-01-14,MIA vs. MIL,W,31,9,19,0.474,0,0,0.0,2,4,0.5,3,10,13,2,0,2,1,3,20,18,1,2022-23,Regular Season,1628389,Bam Adebayo
22022,1628389,22200661,2023-01-16,MIA @ ATL,L,36,9,19,0.474,0,0,0.0,2,2,1.0,6,7,13,5,3,3,3,3,20,6,1,2022-23,Regular Season,1628389,Bam Adebayo
22022,1628389,22200673,2023-01-18,MIA @ NOP,W,31,11,15,0.733,0,0,0.0,4,6,0.667,3,5,8,1,2,1,2,2,26,16,1,2022-23,Regular Season,1628389,Bam Adebayo
22022,1628389,22200686,2023-01-20,MIA @ DAL,L,35,7,14,0.5,0,0,0.0,4,6,0.667,2,9,11,4,0,0,2,2,18,-18,1,2022-23,Regular Season,1628389,Bam Adebayo
22022,1628389,22200699,2023-01-22,MIA vs. NOP,W,35,7,12,0.583,0,0,0.0,4,4,1.0,3,6,9,2,2,0,2,1,18,-2,1,2022-23,Regular Season,1628389,Bam Adebayo
22022,1628389,22200714,2023-01-24,MIA vs. BOS,W,37,12,22,0.545,0,0,0.0,6,8,0.75,4,11,15,1,2,1,3,2,30,3,1,2022-23,Regular Season,1628389,Bam Adebayo
22022,1628389,22200738,2023-01-27,MIA vs. ORL,W,37,7,14,0.5,0,0,0.0,6,7,0.857,0,6,6,7,1,1,2,5,20,4,1,2022-23,Regular Season,1628389,Bam Adebayo
22022,1628389,22200752,2023-01-29,MIA @ CHA,L,36,8,15,0.533,0,0,0.0,1,4,0.25,2,2,4,6,3,0,2,0,17,5,1,2022-23,Regular Season,1628389,Bam Adebayo
22022,1628389,22200764,2023-01-31,MIA @ CLE,W,37,7,13,0.538,0,0,0.0,4,6,0.667,4,7,11,1,0,0,0,3,18,-6,1,2022-23,Regular Season,1628389,Bam Adebayo
22022,1628389,22200780,2023-02-02,MIA @ NYK,L,38,11,16,0.688,0,0,0.0,10,11,0.909,1,8,9,3,2,1,0,1,32,5,1,2022-23,Regular Season,1628389,Bam Adebayo
22022,1628389,22200797,2023-02-04,MIA @ MIL,L,36,7,15,0.467,0,0,0.0,2,2,1.0,4,7,11,8,2,0,1,3,16,0,1,2022-23,Regular Season,1628389,Bam Adebayo
22022,1628389,22200825,2023-02-08,MIA vs. IND,W,37,12,16,0.75,0,0,0.0,14,14,1.0,2,7,9,3,1,0,2,2,38,2,1,2022-23,Regular Season,1628389,Bam Adebayo
22022,1628389,22200840,2023-02-10,MIA vs. HOU,W,34,7,11,0.636,0,0,0.0,6,7,0.857,1,8,9,3,2,1,3,5,20,21,1,2022-23,Regular Season,1628389,Bam Adebayo
22022,1628389,22200848,2023-02-11,MIA @ ORL,W,43,5,10,0.5,0,1,0.0,3,4,0.75,1,16,17,6,2,1,4,2,13,13,1,2022-23,Regular Season,1628389,Bam Adebayo
22022,1628389,22200861,2023-02-13,MIA vs. DEN,L,34,6,14,0.429,0,0,0.0,7,7,1.0,0,2,2,2,2,1,1,2,19,-6,1,2022-23,Regular Season,1628389,Bam Adebayo
22022,1628389,22200878,2023-02-15,MIA @ BKN,L,38,10,19,0.526,0,0,0.0,4,7,0.571,2,11,13,6,0,2,2,2,24,-17,1,2022-23,Regular Season,1628389,Bam Adebayo
22022,1628389,22200897,2023-02-24,MIA @ MIL,L,25,8,17,0.471,0,1,0.0,2,4,0.5,1,6,7,1,1,0,2,1,18,-18,1,2022-23,Regular Season,1628389,Bam Adebayo
22022,1628389,22200904,2023-02-25,MIA @ CHA,L,31,6,14,0.429,0,0,0.0,2,3,0.667,2,4,6,4,2,0,2,5,14,-15,1,2022-23,Regular Season,1628389,Bam Adebayo
22022,1628389,22200920,2023-02-27,MIA @ PHI,W,32,4,14,0.286,0,0,0.0,5,6,0.833,2,5,7,2,1,1,5,3,13,-7,1,2022-23,Regular Season,1628389,Bam Adebayo
22022,1628389,22200936,2023-03-01,MIA vs. PHI,L,30,8,13,0.615,0,0,0.0,4,4,1.0,2,6,8,2,1,0,2,0,20,-17,1,2022-23,Regular Season,1628389,Bam Adebayo
22022,1628389,22200949,2023-03-03,MIA vs. NYK,L,39,7,16,0.438,0,0,0.0,4,4,1.0,0,4,4,4,1,2,2,4,18,4,1,2022-23,Regular Season,1628389,Bam Adebayo
22022,1628389,22200958,2023-03-04,MIA vs. ATL,W,36,10,12,0.833,0,0,0.0,10,12,0.833,3,8,11,5,1,2,2,3,30,16,1,2022-23,Regular Season,1628389,Bam Adebayo
22022,1628389,22200974,2023-03-06,MIA vs. ATL,W,36,5,9,0.556,0,0,0.0,6,6,1.0,0,6,6,5,3,1,2,4,16,-1,1,2022-23,Regular Season,1628389,Bam Adebayo
22022,1628389,22200987,2023-03-08,MIA vs. CLE,L,29,8,11,0.727,0,0,0.0,1,2,0.5,1,0,1,1,0,2,3,5,17,-4,1,2022-23,Regular Season,1628389,Bam Adebayo
22022,1628389,22201000,2023-03-10,MIA vs. CLE,W,37,8,12,0.667,0,0,0.0,3,4,0.75,0,6,6,4,3,0,4,5,19,4,1,2022-23,Regular Season,1628389,Bam Adebayo
22022,1628389,22201007,2023-03-11,MIA @ ORL,L,42,7,17,0.412,0,0,0.0,0,0,0.0,1,6,7,3,0,0,4,3,14,-10,1,2022-23,Regular Season,1628389,Bam Adebayo
22022,1628389,22201022,2023-03-13,MIA vs. UTA,W,37,5,10,0.5,0,0,0.0,6,8,0.75,2,7,9,3,1,1,3,2,16,5,1,2022-23,Regular Season,1628389,Bam Adebayo
22022,1628389,22201036,2023-03-15,MIA vs. MEM,W,33,10,15,0.667,0,0,0.0,6,8,0.75,2,6,8,3,0,3,3,3,26,20,1,2022-23,Regular Season,1628389,Bam Adebayo
22022,1628389,22201060,2023-03-18,MIA @ CHI,L,34,9,17,0.529,0,0,0.0,5,8,0.625,4,3,7,4,2,0,3,3,23,3,1,2022-23,Regular Season,1628389,Bam Adebayo
22022,1628389,22201066,2023-03-19,MIA @ DET,W,39,7,12,0.583,0,0,0.0,8,9,0.889,1,9,10,5,0,3,3,2,22,12,1,2022-23,Regular Season,1628389,Bam Adebayo
22022,1628389,22201084,2023-03-22,MIA vs. NYK,W,40,5,11,0.455,0,0,0.0,5,6,0.833,2,5,7,3,1,1,3,3,15,0,1,2022-23,Regular Season,1628389,Bam Adebayo
22022,1628389,22201108,2023-03-25,MIA vs. BKN,L,35,8,14,0.571,0,0,0.0,0,0,0.0,4,3,7,2,1,1,4,3,16,-24,1,2022-23,Regular Season,1628389,Bam Adebayo
22022,1628389,22201132,2023-03-28,MIA @ TOR,L,37,7,18,0.389,0,0,0.0,7,8,0.875,5,7,12,4,1,0,0,2,21,-6,1,2022-23,Regular Season,1628389,Bam Adebayo
22022,1628389,22201138,2023-03-29,MIA @ NYK,L,35,4,10,0.4,0,0,0.0,1,2,0.5,0,11,11,4,1,0,3,2,9,-6,1,2022-23,Regular Season,1628389,Bam Adebayo
22022,1628389,22201177,2023-04-04,MIA @ DET,W,31,6,10,0.6,0,0,0.0,6,6,1.0,2,2,4,2,2,0,1,3,18,6,1,2022-23,Regular Season,1628389,Bam Adebayo
22022,1628389,22201198,2023-04-06,MIA @ PHI,W,24,7,11,0.636,0,0,0.0,0,0,0.0,4,4,8,1,0,0,0,0,14,7,1,2022-23,Regular Season,1628389,Bam Adebayo
22022,1628389,22201219,2023-04-09,MIA vs. ORL,W,8,2,3,0.667,0,0,0.0,0,0,0.0,2,1,3,1,1,0,0,0,4,1,1,2022-23,Regular Season,1628389,Bam Adebayo
42022,1628389,42200101,2023-04-16,MIA @ MIL,W,33,10,18,0.556,0,0,0.0,2,3,0.667,1,8,9,7,2,0,5,4,22,4,1,2022-23,Playoffs,1628389,Bam Adebayo
42022,1628389,42200102,2023-04-19,MIA @ MIL,L,25,9,16,0.563,0,0,0.0,0,1,0.0,1,4,5,1,1,0,3,1,18,-20,1,2022-23,Playoffs,1628389,Bam Adebayo
42022,1628389,42200103,2023-04-22,MIA vs. MIL,W,30,4,10,0.4,0,0,0.0,4,4,1.0,2,9,11,5,2,1,3,4,12,23,1,2022-23,Playoffs,1628389,Bam Adebayo
42022,1628389,42200104,2023-04-24,MIA vs. MIL,W,30,6,16,0.375,0,0,0.0,3,3,1.0,2,6,8,2,1,1,3,3,15,-1,1,2022-23,Playoffs,1628389,Bam Adebayo
42022,1628389,42200105,2023-04-26,MIA @ MIL,W,40,8,20,0.4,0,1,0.0,4,5,0.8,5,5,10,10,2,1,3,6,20,17,1,2022-23,Playoffs,1628389,Bam Adebayo
42022,1628389,42200201,2023-04-30,MIA @ NYK,W,37,7,13,0.538,0,0,0.0,2,2,1.0,3,5,8,2,0,0,2,1,16,3,1,2022-23,Playoffs,1628389,Bam Adebayo
42022,1628389,42200202,2023-05-02,MIA @ NYK,L,38,5,10,0.5,0,0,0.0,5,7,0.714,2,6,8,6,0,1,1,5,15,-9,1,2022-23,Playoffs,1628389,Bam Adebayo
42022,1628389,42200203,2023-05-06,MIA vs. NYK,W,36,7,14,0.5,0,0,0.0,3,4,0.75,4,8,12,0,0,1,1,4,17,11,1,2022-23,Playoffs,1628389,Bam Adebayo
42022,1628389,42200204,2023-05-08,MIA vs. NYK,W,38,10,17,0.588,0,0,0.0,3,5,0.6,3,10,13,2,1,0,4,2,23,7,1,2022-23,Playoffs,1628389,Bam Adebayo
42022,1628389,42200205,2023-05-10,MIA @ NYK,L,39,7,11,0.636,0,1,0.0,4,4,1.0,5,3,8,2,1,1,2,5,18,-11,1,2022-23,Playoffs,1628389,Bam Adebayo
42022,1628389,42200206,2023-05-12,MIA vs. NYK,W,39,9,20,0.45,0,0,0.0,5,5,1.0,3,6,9,1,2,1,2,3,23,-6,1,2022-23,Playoffs,1628389,Bam Adebayo
42022,1628389,42200301,2023-05-17,MIA @ BOS,W,37,9,13,0.692,0,0,0.0,2,5,0.4,2,6,8,5,1,0,3,3,20,18,1,2022-23,Playoffs,1628389,Bam Adebayo
42022,1628389,42200302,2023-05-19,MIA @ BOS,W,38,7,17,0.412,0,0,0.0,8,8,1.0,2,15,17,9,0,0,1,5,22,14,1,2022-23,Playoffs,1628389,Bam Adebayo
42022,1628389,42200303,2023-05-21,MIA vs. BOS,W,26,4,5,0.8,0,0,0.0,5,6,0.833,0,3,3,2,1,1,3,3,13,30,1,2022-23,Playoffs,1628389,Bam Adebayo
42022,1628389,42200304,2023-05-23,MIA vs. BOS,L,35,4,7,0.571,0,0,0.0,2,4,0.5,1,4,5,0,1,0,4,4,10,-21,1,2022-23,Playoffs,1628389,Bam Adebayo
42022,1628389,42200305,2023-05-25,MIA @ BOS,L,32,8,15,0.533,0,0,0.0,0,0,0.0,2,6,8,3,2,1,6,2,16,-15,1,2022-23,Playoffs,1628389,Bam Adebayo
42022,1628389,42200306,2023-05-27,MIA vs. BOS,L,46,4,16,0.25,0,0,0.0,3,4,0.75,7,6,13,5,1,1,0,0,11,6,1,2022-23,Playoffs,1628389,Bam Adebayo
42022,1628389,42200307,2023-05-29,MIA @ BOS,W,43,4,10,0.4,0,0,0.0,4,4,1.0,1,9,10,7,0,1,4,3,12,22,1,2022-23,Playoffs,1628389,Bam Adebayo
42022,1628389,42200401,2023-06-01,MIA @ DEN,L,40,13,25,0.52,0,1,0.0,0,0,0.0,4,9,13,5,0,0,1,4,26,-6,1,2022-23,Playoffs,1628389,Bam Adebayo
42022,1628389,42200402,2023-06-04,MIA @ DEN,W,40,8,14,0.571,0,0,0.0,5,5,1.0,0,9,9,4,0,2,3,4,21,17,1,2022-23,Playoffs,1628389,Bam Adebayo
42022,1628389,42200403,2023-06-07,MIA vs. DEN,L,41,7,21,0.333,0,0,0.0,8,10,0.8,6,11,17,3,0,1,0,2,22,-20,1,2022-23,Playoffs,1628389,Bam Adebayo
42022,1628389,42200404,2023-06-09,MIA vs. DEN,L,44,8,19,0.421,0,0,0.0,4,4,1.0,2,9,11,3,0,1,7,1,20,-18,1,2022-23,Playoffs,1628389,Bam Adebayo
42022,1628389,42200405,2023-06-12,MIA @ DEN,L,44,9,20,0.45,0,0,0.0,2,2,1.0,5,7,12,1,1,0,1,2,20,-3,1,2022-23,Playoffs,1628389,Bam Adebayo
22022,1627759,22200001,2022-10-18,BOS vs. PHI,W,39,14,24,0.583,4,12,0.333,3,3,1.0,0,3,3,2,2,1,4,1,35,7,1,2022-23,Regular Season,1627759,Jaylen Brown
22022,1627759,22200022,2022-10-21,BOS @ MIA,W,34,12,18,0.667,2,3,0.667,2,2,1.0,1,3,4,3,2,2,3,5,28,-4,1,2022-23,Regular Season,1627759,Jaylen Brown
22022,1627759,22200030,2022-10-22,BOS @ ORL,W,38,4,16,0.25,1,6,0.167,3,4,0.75,1,8,9,4,1,1,2,1,12,14,1,2022-23,Regular Season,1627759,Jaylen Brown
22022,1627759,22200047,2022-10-24,BOS @ CHI,L,35,8,23,0.348,2,7,0.286,3,4,0.75,3,3,6,2,0,2,1,4,21,-10,1,2022-23,Regular Season,1627759,Jaylen Brown
22022,1627759,22200072,2022-10-28,BOS vs. CLE,L,43,11,22,0.5,2,7,0.286,8,12,0.667,0,8,8,4,2,0,6,3,32,-21,1,2022-23,Regular Season,1627759,Jaylen Brown
22022,1627759,22200089,2022-10-30,BOS vs. WAS,W,30,7,18,0.389,4,9,0.444,6,6,1.0,0,10,10,2,0,0,2,1,24,13,1,2022-23,Regular Season,1627759,Jaylen Brown
22022,1627759,22200107,2022-11-02,BOS @ CLE,L,45,10,26,0.385,3,10,0.3,7,7,1.0,2,6,8,4,1,0,3,5,30,7,1,2022-23,Regular Season,1627759,Jaylen Brown
22022,1627759,22200124,2022-11-04,BOS vs. CHI,W,34,6,14,0.429,0,3,0.0,4,5,0.8,1,4,5,2,0,0,3,2,16,-13,1,2022-23,Regular Season,1627759,Jaylen Brown
22022,1627759,22200135,2022-11-05,BOS @ NYK,W,37,10,19,0.526,6,11,0.545,4,4,1.0,2,3,5,3,0,0,1,5,30,-5,1,2022-23,Regular Season,1627759,Jaylen Brown
22022,1627759,22200152,2022-11-07,BOS @ MEM,W,38,8,20,0.4,1,6,0.167,4,5,0.8,0,9,9,2,1,0,7,4,21,-6,1,2022-23,Regular Season,1627759,Jaylen Brown
22022,1627759,22200163,2022-11-09,BOS vs. DET,W,30,11,19,0.579,2,6,0.333,6,7,0.857,2,5,7,3,1,0,0,0,30,25,1,2022-23,Regular Season,1627759,Jaylen Brown
22022,1627759,22200176,2022-11-11,BOS vs. DEN,W,35,11,15,0.733,3,4,0.75,0,0,0.0,0,8,8,8,0,0,3,3,25,8,1,2022-23,Regular Season,1627759,Jaylen Brown
22022,1627759,22200201,2022-11-14,BOS vs. OKC,W,41,11,21,0.524,0,5,0.0,4,6,0.667,0,6,6,6,2,0,5,4,26,6,1,2022-23,Regular Season,1627759,Jaylen Brown
22022,1627759,22200214,2022-11-16,BOS @ ATL,W,23,10,17,0.588,1,6,0.167,1,2,0.5,0,5,5,0,2,0,3,4,22,10,1,2022-23,Regular Season,1627759,Jaylen Brown
22022,1627759,22200231,2022-11-18,BOS @ NOP,W,37,10,20,0.5,3,6,0.5,4,5,0.8,3,7,10,7,2,0,7,2,27,5,1,2022-23,Regular Season,1627759,Jaylen Brown
22022,1627759,22200250,2022-11-21,BOS @ CHI,L,38,9,20,0.45,4,10,0.4,3,5,0.6,0,7,7,2,0,0,5,1,25,-8,1,2022-23,Regular Season,1627759,Jaylen Brown
22022,1627759,22200264,2022-11-23,BOS vs. DAL,W,36,13,18,0.722,2,3,0.667,3,4,0.75,0,4,4,4,2,0,2,2,31,14,1,2022-23,Regular Season,1627759,Jaylen Brown
22022,1627759,22200275,2022-11-25,BOS vs. SAC,W,27,9,16,0.563,1,4,0.25,6,6,1.0,0,5,5,4,2,0,1,4,25,5,1,2022-23,Regular Season,1627759,Jaylen Brown
22022,1627759,22200294,2022-11-27,BOS vs. WAS,W,34,13,23,0.565,2,7,0.286,8,8,1.0,2,3,5,2,0,0,2,3,36,26,1,2022-23,Regular Season,1627759,Jaylen Brown
22022,1627759,22200314,2022-11-30,BOS vs. MIA,W,28,10,18,0.556,1,6,0.167,5,6,0.833,3,4,7,5,0,0,6,4,26,8,1,2022-23,Regular Season,1627759,Jaylen Brown
22022,1627759,22200328,2022-12-02,BOS vs. MIA,L,46,12,23,0.522,5,11,0.455,8,9,0.889,0,14,14,5,0,0,5,2,37,7,1,2022-23,Regular Season,1627759,Jaylen Brown
22022,1627759,22200346,2022-12-04,BOS @ BKN,W,40,10,20,0.5,5,9,0.556,9,11,0.818,2,8,10,2,2,4,0,2,34,16,1,2022-23,Regular Season,1627759,Jaylen Brown
22022,1627759,22200355,2022-12-05,BOS @ TOR,W,39,9,22,0.409,1,6,0.167,3,4,0.75,0,8,8,8,0,0,0,1,22,6,1,2022-23,Regular Season,1627759,Jaylen Brown
22022,1627759,22200373,2022-12-07,BOS @ PHX,W,28,9,24,0.375,2,8,0.25,5,5,1.0,3,4,7,3,2,0,1,0,25,27,1,2022-23,Regular Season,1627759,Jaylen Brown
22022,1627759,22200392,2022-12-10,BOS @ GSW,L,37,13,23,0.565,3,9,0.333,2,2,1.0,1,8,9,3,1,0,2,3,31,-9,1,2022-23,Regular Season,1627759,Jaylen Brown
22022,1627759,22200408,2022-12-12,BOS @ LAC,L,30,9,15,0.6,1,6,0.167,2,6,0.333,0,4,4,2,2,0,2,4,21,-26,1,2022-23,Regular Season,1627759,Jaylen Brown
22022,1627759,22200413,2022-12-13,BOS @ LAL,W,43,10,21,0.476,3,7,0.429,2,4,0.5,2,13,15,5,3,0,4,4,25,10,1,2022-23,Regular Season,1627759,Jaylen Brown
22022,1627759,22200430,2022-12-16,BOS vs. ORL,L,37,7,17,0.412,4,10,0.4,8,10,0.8,0,4,4,3,1,2,7,3,26,0,1,2022-23,Regular Season,1627759,Jaylen Brown
22022,1627759,22200445,2022-12-18,BOS vs. ORL,L,39,10,25,0.4,2,10,0.2,2,2,1.0,3,11,14,2,3,2,5,3,24,2,1,2022-23,Regular Season,1627759,Jaylen Brown
22022,1627759,22200469,2022-12-21,BOS vs. IND,L,36,8,23,0.348,1,5,0.2,2,2,1.0,4,6,10,2,1,0,4,1,19,-6,1,2022-23,Regular Season,1627759,Jaylen Brown
22022,1627759,22200482,2022-12-23,BOS vs. MIN,W,37,13,29,0.448,3,13,0.231,7,10,0.7,3,4,7,3,1,1,2,3,36,8,1,2022-23,Regular Season,1627759,Jaylen Brown
22022,1627759,22200495,2022-12-25,BOS vs. MIL,W,37,11,19,0.579,5,9,0.556,2,6,0.333,0,5,5,4,1,0,4,3,29,11,1,2022-23,Regular Season,1627759,Jaylen Brown
22022,1627759,22200507,2022-12-27,BOS vs. HOU,W,35,14,26,0.538,6,15,0.4,5,5,1.0,0,1,1,2,3,0,2,1,39,21,1,2022-23,Regular Season,1627759,Jaylen Brown
22022,1627759,22200525,2022-12-29,BOS vs. LAC,W,33,12,25,0.48,0,8,0.0,5,5,1.0,2,5,7,2,0,0,3,5,29,5,1,2022-23,Regular Season,1627759,Jaylen Brown
22022,1627759,22200549,2023-01-01,BOS @ DEN,L,34,12,20,0.6,4,8,0.5,2,2,1.0,2,6,8,3,1,0,0,3,30,-7,1,2022-23,Regular Season,1627759,Jaylen Brown
22022,1627759,22200562,2023-01-03,BOS @ OKC,L,25,11,18,0.611,2,7,0.286,5,9,0.556,0,1,1,2,0,0,1,3,29,-28,1,2022-23,Regular Season,1627759,Jaylen Brown
22022,1627759,22200577,2023-01-05,BOS @ DAL,W,30,6,12,0.5,2,5,0.4,5,6,0.833,1,6,7,3,0,2,2,4,19,12,1,2022-23,Regular Season,1627759,Jaylen Brown
22022,1627759,22200591,2023-01-07,BOS @ SAS,W,39,12,26,0.462,2,7,0.286,3,6,0.5,1,3,4,2,2,2,6,4,29,3,1,2022-23,Regular Season,1627759,Jaylen Brown
22022,1627759,22200606,2023-01-09,BOS vs. CHI,W,39,7,21,0.333,0,8,0.0,5,5,1.0,1,4,5,3,0,1,4,0,19,20,1,2022-23,Regular Season,1627759,Jaylen Brown
22022,1627759,22200621,2023-01-11,BOS vs. NOP,W,35,15,21,0.714,3,6,0.5,8,9,0.889,4,8,12,0,0,1,2,3,41,18,1,2022-23,Regular Season,1627759,Jaylen Brown
22022,1627759,22200679,2023-01-19,BOS vs. GSW,W,41,6,18,0.333,1,4,0.25,3,6,0.5,1,8,9,3,1,0,2,5,16,-6,1,2022-23,Regular Season,1627759,Jaylen Brown
22022,1627759,22200692,2023-01-21,BOS @ TOR,W,42,10,23,0.435,4,8,0.5,3,3,1.0,2,6,8,6,3,0,5,0,27,-4,1,2022-23,Regular Season,1627759,Jaylen Brown
22022,1627759,22200707,2023-01-23,BOS @ ORL,L,37,10,22,0.455,5,11,0.455,1,2,0.5,2,3,5,3,1,0,5,1,26,-20,1,2022-23,Regular Season,1627759,Jaylen Brown
22022,1627759,22200730,2023-01-26,BOS vs. NYK,L,42,8,22,0.364,1,8,0.125,5,7,0.714,2,7,9,2,1,0,3,2,22,3,1,2022-23,Regular Season,1627759,Jaylen Brown
22022,1627759,22200749,2023-01-28,BOS vs. LAL,W,39,13,23,0.565,2,9,0.222,9,11,0.818,1,8,9,3,1,1,3,5,37,1,1,2022-23,Regular Season,1627759,Jaylen Brown
22022,1627759,22200772,2023-02-01,BOS vs. BKN,W,32,8,16,0.5,7,12,0.583,3,5,0.6,0,3,3,3,0,0,2,0,26,35,1,2022-23,Regular Season,1627759,Jaylen Brown
22022,1627759,22200788,2023-02-03,BOS vs. PHX,L,39,9,21,0.429,3,12,0.25,6,9,0.667,0,8,8,4,3,0,2,3,27,-5,1,2022-23,Regular Season,1627759,Jaylen Brown
22022,1627759,22200824,2023-02-08,BOS vs. PHI,W,18,2,9,0.222,0,4,0.0,0,0,0.0,0,2,2,3,0,0,2,2,4,-2,1,2022-23,Regular Season,1627759,Jaylen Brown
22022,1627759,22200887,2023-02-23,BOS @ IND,W,43,11,24,0.458,3,5,0.6,5,7,0.714,5,6,11,3,1,0,3,5,30,10,1,2022-23,Regular Season,1627759,Jaylen Brown
22022,1627759,22200908,2023-02-25,BOS @ PHI,W,37,10,21,0.476,2,4,0.5,4,5,0.8,1,3,4,3,3,0,4,3,26,-6,1,2022-23,Regular Season,1627759,Jaylen Brown
22022,1627759,22200935,2023-03-01,BOS vs. CLE,W,37,6,15,0.4,2,5,0.4,2,2,1.0,0,3,3,4,0,0,2,3,16,2,1,2022-23,Regular Season,1627759,Jaylen Brown
22022,1627759,22200948,2023-03-03,BOS vs. BKN,L,43,15,27,0.556,3,8,0.375,2,5,0.4,0,5,5,4,3,1,3,0,35,-11,1,2022-23,Regular Season,1627759,Jaylen Brown
22022,1627759,22200969,2023-03-05,BOS vs. NYK,L,47,12,25,0.48,2,5,0.4,3,3,1.0,2,6,8,1,4,1,3,2,29,8,1,2022-23,Regular Season,1627759,Jaylen Brown
22022,1627759,22200971,2023-03-06,BOS @ CLE,L,45,12,26,0.462,1,7,0.143,7,10,0.7,2,11,13,9,0,1,4,5,32,-1,1,2022-23,Regular Season,1627759,Jaylen Brown
22022,1627759,22200986,2023-03-08,BOS vs. POR,W,25,4,10,0.4,0,3,0.0,3,3,1.0,0,3,3,3,1,0,2,2,11,7,1,2022-23,Regular Season,1627759,Jaylen Brown
22022,1627759,22201008,2023-03-11,BOS @ ATL,W,38,10,18,0.556,1,5,0.2,3,4,0.75,0,5,5,7,2,0,1,3,24,3,1,2022-23,Regular Season,1627759,Jaylen Brown
22022,1627759,22201024,2023-03-13,BOS @ HOU,L,39,16,25,0.64,4,10,0.4,7,8,0.875,1,4,5,2,1,1,2,1,43,3,1,2022-23,Regular Season,1627759,Jaylen Brown
22022,1627759,22201039,2023-03-15,BOS @ MIN,W,37,12,24,0.5,5,8,0.625,6,8,0.75,3,7,10,1,1,0,2,2,35,3,1,2022-23,Regular Season,1627759,Jaylen Brown
22022,1627759,22201053,2023-03-17,BOS @ POR,W,37,12,23,0.522,2,6,0.333,1,3,0.333,3,3,6,5,2,0,4,5,27,9,1,2022-23,Regular Season,1627759,Jaylen Brown
22022,1627759,22201062,2023-03-18,BOS @ UTA,L,35,9,19,0.474,4,9,0.444,3,4,0.75,0,4,4,6,0,0,0,2,25,-8,1,2022-23,Regular Season,1627759,Jaylen Brown
22022,1627759,22201081,2023-03-21,BOS @ SAC,W,34,10,16,0.625,4,7,0.571,3,3,1.0,0,5,5,4,0,0,1,2,27,20,1,2022-23,Regular Season,1627759,Jaylen Brown
22022,1627759,22201097,2023-03-24,BOS vs. IND,W,33,10,23,0.435,3,6,0.5,4,6,0.667,1,6,7,4,0,0,3,2,27,11,1,2022-23,Regular Season,1627759,Jaylen Brown
22022,1627759,22201116,2023-03-26,BOS vs. SAS,W,36,18,29,0.621,2,10,0.2,3,5,0.6,1,12,13,3,1,0,5,1,41,28,1,2022-23,Regular Season,1627759,Jaylen Brown
22022,1627759,22201130,2023-03-28,BOS @ WAS,L,27,9,19,0.474,0,4,0.0,0,0,0.0,1,2,3,4,1,0,4,1,18,-24,1,2022-23,Regular Season,1627759,Jaylen Brown
22022,1627759,22201146,2023-03-30,BOS @ MIL,W,32,13,20,0.65,3,5,0.6,1,2,0.5,0,5,5,5,1,0,1,2,30,29,1,2022-23,Regular Season,1627759,Jaylen Brown
22022,1627759,22201152,2023-03-31,BOS vs. UTA,W,34,5,19,0.263,0,5,0.0,2,2,1.0,0,2,2,4,1,0,3,3,12,-5,1,2022-23,Regular Season,1627759,Jaylen Brown
22022,1627759,22201192,2023-04-05,BOS vs. TOR,W,39,12,29,0.414,1,9,0.111,0,2,0.0,1,10,11,5,0,0,4,0,25,4,1,2022-23,Regular Season,1627759,Jaylen Brown
42022,1627759,42200111,2023-04-15,BOS vs. ATL,W,37,12,23,0.522,2,6,0.333,3,3,1.0,4,8,12,3,1,0,6,3,29,11,1,2022-23,Playoffs,1627759,Jaylen Brown
42022,1627759,42200112,2023-04-18,BOS vs. ATL,W,36,7,14,0.5,2,4,0.5,2,4,0.5,1,2,3,2,3,2,4,0,18,5,1,2022-23,Playoffs,1627759,Jaylen Brown
42022,1627759,42200113,2023-04-21,BOS @ ATL,L,33,7,15,0.467,0,4,0.0,1,2,0.5,0,1,1,3,3,0,3,5,15,-4,1,2022-23,Playoffs,1627759,Jaylen Brown
42022,1627759,42200114,2023-04-23,BOS @ ATL,W,42,12,22,0.545,3,4,0.75,4,5,0.8,1,3,4,3,0,0,2,4,31,6,1,2022-23,Playoffs,1627759,Jaylen Brown
42022,1627759,42200115,2023-04-25,BOS vs. ATL,L,38,15,23,0.652,4,7,0.571,1,5,0.2,1,6,7,5,0,0,4,3,35,1,1,2022-23,Playoffs,1627759,Jaylen Brown
42022,1627759,42200116,2023-04-27,BOS @ ATL,W,40,13,25,0.52,6,8,0.75,0,0,0.0,0,5,5,2,0,1,2,3,32,7,1,2022-23,Playoffs,1627759,Jaylen Brown
42022,1627759,42200211,2023-05-01,BOS vs. PHI,L,42,8,10,0.8,3,4,0.75,4,4,1.0,1,5,6,4,1,0,4,1,23,-2,1,2022-23,Playoffs,1627759,Jaylen Brown
42022,1627759,42200212,2023-05-03,BOS vs. PHI,W,30,9,17,0.529,3,6,0.5,4,4,1.0,0,3,3,4,2,0,1,1,25,18,1,2022-23,Playoffs,1627759,Jaylen Brown
42022,1627759,42200213,2023-05-05,BOS @ PHI,W,34,8,18,0.444,0,4,0.0,7,7,1.0,2,5,7,5,1,1,4,5,23,11,1,2022-23,Playoffs,1627759,Jaylen Brown
42022,1627759,42200214,2023-05-07,BOS @ PHI,L,44,10,16,0.625,3,8,0.375,0,2,0.0,1,2,3,5,0,0,1,3,23,5,1,2022-23,Playoffs,1627759,Jaylen Brown
42022,1627759,42200215,2023-05-09,BOS vs. PHI,L,34,9,16,0.563,3,6,0.5,3,8,0.375,0,6,6,2,0,0,3,5,24,-15,1,2022-23,Playoffs,1627759,Jaylen Brown
42022,1627759,42200216,2023-05-11,BOS @ PHI,W,39,6,13,0.462,1,3,0.333,4,5,0.8,0,6,6,4,0,0,4,4,17,8,1,2022-23,Playoffs,1627759,Jaylen Brown
42022,1627759,42200217,2023-05-14,BOS vs. PHI,W,41,9,19,0.474,3,6,0.5,4,4,1.0,1,5,6,2,2,2,3,1,25,25,1,2022-23,Playoffs,1627759,Jaylen Brown
42022,1627759,42200301,2023-05-17,BOS vs. MIA,L,39,10,21,0.476,1,6,0.167,1,2,0.5,1,8,9,5,0,0,6,2,22,3,1,2022-23,Playoffs,1627759,Jaylen Brown
42022,1627759,42200302,2023-05-19,BOS vs. MIA,L,38,7,23,0.304,1,7,0.143,1,2,0.5,3,1,4,3,0,0,2,3,16,-24,1,2022-23,Playoffs,1627759,Jaylen Brown
42022,1627759,42200303,2023-05-21,BOS @ MIA,L,28,6,17,0.353,0,7,0.0,0,0,0.0,2,4,6,2,0,0,3,3,12,-28,1,2022-23,Playoffs,1627759,Jaylen Brown
42022,1627759,42200304,2023-05-23,BOS @ MIA,W,37,7,16,0.438,1,5,0.2,2,5,0.4,0,4,4,4,2,0,1,5,17,9,1,2022-23,Playoffs,1627759,Jaylen Brown
42022,1627759,42200305,2023-05-25,BOS vs. MIA,W,37,9,18,0.5,3,5,0.6,0,0,0.0,2,0,2,2,3,0,1,1,21,16,1,2022-23,Playoffs,1627759,Jaylen Brown
42022,1627759,42200306,2023-05-27,BOS @ MIA,W,39,9,16,0.563,0,4,0.0,8,10,0.8,5,5,10,3,2,0,4,4,26,7,1,2022-23,Playoffs,1627759,Jaylen Brown
42022,1627759,42200307,2023-05-29,BOS vs. MIA,L,43,8,23,0.348,1,9,0.111,2,2,1.0,0,8,8,5,1,2,8,5,19,-17,1,2022-23,Playoffs,1627759,Jaylen Brown
22022,1626157,22200010,2022-10-19,MIN vs. OKC,W,36,2,10,0.2,2,7,0.286,6,6,1.0,0,6,6,7,0,0,3,4,12,-4,1,2022-23,Regular Season,1626157,Karl-Anthony Towns
22022,1626157,22200025,2022-10-21,MIN vs. UTA,L,33,9,25,0.36,2,6,0.333,7,8,0.875,4,4,8,2,0,0,5,5,27,-3,1,2022-23,Regular Season,1626157,Karl-Anthony Towns
22022,1626157,22200041,2022-10-23,MIN @ OKC,W,30,5,9,0.556,1,3,0.333,4,4,1.0,1,7,8,5,1,0,3,2,15,14,1,2022-23,Regular Season,1626157,Karl-Anthony Towns
22022,1626157,22200050,2022-10-24,MIN vs. SAS,L,39,9,17,0.529,2,6,0.333,7,7,1.0,1,10,11,5,0,0,4,5,27,-4,1,2022-23,Regular Season,1626157,Karl-Anthony Towns
22022,1626157,22200062,2022-10-26,MIN vs. SAS,W,38,9,14,0.643,3,5,0.6,0,0,0.0,0,4,4,7,2,1,3,3,21,5,1,2022-23,Regular Season,1626157,Karl-Anthony Towns
22022,1626157,22200076,2022-10-28,MIN vs. LAL,W,37,8,17,0.471,3,7,0.429,2,2,1.0,2,6,8,7,1,0,2,1,21,11,1,2022-23,Regular Season,1626157,Karl-Anthony Towns
22022,1626157,22200092,2022-10-30,MIN @ SAS,L,34,10,19,0.526,1,7,0.143,5,8,0.625,3,8,11,4,1,2,3,3,26,-22,1,2022-23,Regular Season,1626157,Karl-Anthony Towns
22022,1626157,22200106,2022-11-01,MIN @ PHX,L,37,9,18,0.5,3,7,0.429,3,3,1.0,5,5,10,7,0,1,4,4,24,-12,1,2022-23,Regular Season,1626157,Karl-Anthony Towns
22022,1626157,22200129,2022-11-04,MIN vs. MIL,L,37,9,19,0.474,3,9,0.333,1,1,1.0,2,9,11,5,0,0,2,6,22,-17,1,2022-23,Regular Season,1626157,Karl-Anthony Towns
22022,1626157,22200137,2022-11-05,MIN vs. HOU,W,30,9,14,0.643,3,6,0.5,4,5,0.8,3,6,9,6,1,2,3,5,25,-1,1,2022-23,Regular Season,1626157,Karl-Anthony Towns
22022,1626157,22200153,2022-11-07,MIN vs. NYK,L,38,9,12,0.75,1,3,0.333,6,6,1.0,0,13,13,7,2,1,3,1,25,-9,1,2022-23,Regular Season,1626157,Karl-Anthony Towns
22022,1626157,22200167,2022-11-09,MIN vs. PHX,L,28,3,7,0.429,1,3,0.333,4,4,1.0,0,8,8,4,0,1,3,4,11,3,1,2022-23,Regular Season,1626157,Karl-Anthony Towns
22022,1626157,22200181,2022-11-11,MIN @ MEM,L,26,4,9,0.444,1,4,0.25,4,4,1.0,4,6,10,4,0,0,1,6,13,-5,1,2022-23,Regular Season,1626157,Karl-Anthony Towns
22022,1626157,22200193,2022-11-13,MIN @ CLE,W,37,11,16,0.688,3,6,0.5,4,6,0.667,2,11,13,3,1,1,2,5,29,15,1,2022-23,Regular Season,1626157,Karl-Anthony Towns
22022,1626157,22200212,2022-11-16,MIN @ ORL,W,36,10,15,0.667,2,5,0.4,8,8,1.0,1,4,5,5,1,0,2,3,30,12,1,2022-23,Regular Season,1626157,Karl-Anthony Towns
22022,1626157,22200237,2022-11-19,MIN @ PHI,W,32,5,14,0.357,2,7,0.286,0,0,0.0,0,8,8,3,1,0,3,4,12,2,1,2022-23,Regular Season,1626157,Karl-Anthony Towns
22022,1626157,22200252,2022-11-21,MIN vs. MIA,W,34,8,15,0.533,2,8,0.25,7,8,0.875,1,7,8,9,1,1,3,6,25,14,1,2022-23,Regular Season,1626157,Karl-Anthony Towns
22022,1626157,22200262,2022-11-23,MIN @ IND,W,37,8,11,0.727,1,1,1.0,6,7,0.857,3,8,11,8,2,2,5,3,23,19,1,2022-23,Regular Season,1626157,Karl-Anthony Towns
22022,1626157,22200272,2022-11-25,MIN @ CHA,L,37,6,22,0.273,1,11,0.091,6,7,0.857,2,2,4,5,0,2,2,5,19,-4,1,2022-23,Regular Season,1626157,Karl-Anthony Towns
22022,1626157,22200291,2022-11-27,MIN vs. GSW,L,31,8,14,0.571,1,5,0.2,4,4,1.0,0,4,4,4,2,0,6,4,21,-26,1,2022-23,Regular Season,1626157,Karl-Anthony Towns
22022,1626157,22200300,2022-11-28,MIN @ WAS,L,22,2,6,0.333,0,1,0.0,4,6,0.667,1,1,2,4,0,0,3,3,8,-6,1,2022-23,Regular Season,1626157,Karl-Anthony Towns
22022,1626157,22201090,2023-03-22,MIN vs. ATL,W,26,8,18,0.444,2,3,0.667,4,4,1.0,1,3,4,3,2,0,3,4,22,13,1,2022-23,Regular Season,1626157,Karl-Anthony Towns
22022,1626157,22201121,2023-03-26,MIN @ GSW,W,32,5,16,0.313,4,9,0.444,0,0,0.0,0,5,5,3,2,0,3,2,14,7,1,2022-23,Regular Season,1626157,Karl-Anthony Towns
22022,1626157,22201144,2023-03-29,MIN @ PHX,L,34,9,17,0.529,5,10,0.5,2,2,1.0,3,5,8,2,0,0,6,3,25,2,1,2022-23,Regular Season,1626157,Karl-Anthony Towns
22022,1626157,22201157,2023-03-31,MIN vs. LAL,L,36,8,18,0.444,2,7,0.286,5,5,1.0,4,4,8,3,0,0,1,5,23,-6,1,2022-23,Regular Season,1626157,Karl-Anthony Towns
22022,1626157,22201166,2023-04-02,MIN vs. POR,L,25,1,3,0.333,1,1,1.0,5,8,0.625,2,7,9,3,0,0,3,5,8,2,1,2022-23,Regular Season,1626157,Karl-Anthony Towns
22022,1626157,22201180,2023-04-04,MIN @ BKN,W,31,8,15,0.533,1,3,0.333,5,6,0.833,1,13,14,5,0,0,1,3,22,4,1,2022-23,Regular Season,1626157,Karl-Anthony Towns
22022,1626157,22201214,2023-04-08,MIN @ SAS,W,28,10,19,0.526,2,6,0.333,0,0,0.0,0,8,8,8,0,2,2,2,22,30,1,2022-23,Regular Season,1626157,Karl-Anthony Towns
22022,1626157,22201225,2023-04-09,MIN vs. NOP,W,36,10,19,0.526,5,8,0.625,5,6,0.833,2,6,8,2,0,1,2,5,30,4,1,2022-23,Regular Season,1626157,Karl-Anthony Towns
42022,1626157,42200141,2023-04-16,MIN @ DEN,L,30,5,15,0.333,1,7,0.143,0,2,0.0,1,9,10,2,0,0,4,2,11,-11,1,2022-23,Playoffs,1626157,Karl-Anthony Towns
42022,1626157,42200142,2023-04-19,MIN @ DEN,L,34,3,12,0.25,2,5,0.4,2,2,1.0,1,11,12,2,0,1,5,5,10,-9,1,2022-23,Playoffs,1626157,Karl-Anthony Towns
42022,1626157,42200143,2023-04-21,MIN vs. DEN,L,42,10,17,0.588,2,4,0.5,5,5,1.0,1,6,7,1,1,1,4,2,27,-10,1,2022-23,Playoffs,1626157,Karl-Anthony Towns
42022,1626157,42200144,2023-04-23,MIN vs. DEN,W,36,5,9,0.556,0,2,0.0,7,10,0.7,2,9,11,2,1,1,2,6,17,-7,1,2022-23,Playoffs,1626157,Karl-Anthony Towns
42022,1626157,42200145,2023-04-25,MIN @ DEN,L,38,9,17,0.529,1,6,0.167,7,9,0.778,1,10,11,3,1,1,3,6,26,-9,1,2022-23,Playoffs,1626157,Karl-Anthony Towns
22022,1627742,22200006,2022-10-19,NOP @ BKN,W,31,10,17,0.588,2,4,0.5,6,9,0.667,0,7,7,5,1,0,4,3,28,24,1,2022-23,Regular Season,1627742,Brandon Ingram
22022,1627742,22200017,2022-10-21,NOP @ CHA,W,37,8,16,0.5,1,1,1.0,11,11,1.0,0,9,9,7,2,1,5,0,28,23,1,2022-23,Regular Season,1627742,Brandon Ingram
22022,1627742,22200040,2022-10-23,NOP vs. UTA,L,11,4,5,0.8,1,2,0.5,1,2,0.5,0,1,1,0,1,0,1,0,10,0,1,2022-23,Regular Season,1627742,Brandon Ingram
22022,1627742,22200128,2022-11-04,NOP vs. GSW,W,36,8,17,0.471,3,7,0.429,7,10,0.7,0,5,5,5,0,2,4,2,26,8,1,2022-23,Regular Season,1627742,Brandon Ingram
22022,1627742,22200134,2022-11-05,NOP @ ATL,L,38,7,23,0.304,2,4,0.5,0,0,0.0,1,4,5,7,0,2,1,4,16,-3,1,2022-23,Regular Season,1627742,Brandon Ingram
22022,1627742,22200147,2022-11-07,NOP @ IND,L,37,12,24,0.5,3,4,0.75,2,2,1.0,2,4,6,2,0,2,2,2,29,-5,1,2022-23,Regular Season,1627742,Brandon Ingram
22022,1627742,22200166,2022-11-09,NOP @ CHI,W,33,8,14,0.571,1,2,0.5,5,6,0.833,1,8,9,3,1,0,4,4,22,19,1,2022-23,Regular Season,1627742,Brandon Ingram
22022,1627742,22200175,2022-11-10,NOP vs. POR,L,31,6,12,0.5,2,4,0.5,0,0,0.0,0,5,5,2,0,0,5,6,14,-17,1,2022-23,Regular Season,1627742,Brandon Ingram
22022,1627742,22200191,2022-11-12,NOP vs. HOU,W,38,8,19,0.421,0,4,0.0,4,4,1.0,1,4,5,5,3,1,2,4,20,21,1,2022-23,Regular Season,1627742,Brandon Ingram
22022,1627742,22200206,2022-11-15,NOP vs. MEM,W,38,7,15,0.467,2,2,1.0,3,3,1.0,1,3,4,2,0,1,1,2,19,-1,1,2022-23,Regular Season,1627742,Brandon Ingram
22022,1627742,22200217,2022-11-16,NOP vs. CHI,W,32,4,15,0.267,2,4,0.5,6,8,0.75,0,6,6,9,0,1,2,2,16,19,1,2022-23,Regular Season,1627742,Brandon Ingram
22022,1627742,22200231,2022-11-18,NOP vs. BOS,L,38,9,20,0.45,5,11,0.455,2,2,1.0,0,2,2,7,2,0,2,1,25,-12,1,2022-23,Regular Season,1627742,Brandon Ingram
22022,1627742,22200253,2022-11-21,NOP vs. GSW,W,31,12,19,0.632,3,7,0.429,7,7,1.0,1,5,6,3,3,0,2,1,34,33,1,2022-23,Regular Season,1627742,Brandon Ingram
22022,1627742,22200269,2022-11-23,NOP @ SAS,W,32,4,9,0.444,1,3,0.333,8,8,1.0,0,3,3,10,0,0,5,2,17,13,1,2022-23,Regular Season,1627742,Brandon Ingram
22022,1627742,22200279,2022-11-25,NOP @ MEM,L,18,2,6,0.333,0,1,0.0,4,4,1.0,0,3,3,3,0,0,2,0,8,-11,1,2022-23,Regular Season,1627742,Brandon Ingram
22022,1627742,22200724,2023-01-25,NOP vs. MIN,L,26,4,18,0.222,0,6,0.0,5,5,1.0,1,4,5,5,1,0,4,2,13,-19,1,2022-23,Regular Season,1627742,Brandon Ingram
22022,1627742,22200747,2023-01-28,NOP vs. WAS,L,29,8,22,0.364,1,5,0.2,5,5,1.0,0,6,6,4,1,0,6,3,22,0,1,2022-23,Regular Season,1627742,Brandon Ingram
22022,1627742,22200768,2023-01-31,NOP @ DEN,L,33,5,17,0.294,1,4,0.25,5,6,0.833,0,4,4,9,1,1,4,3,16,-21,1,2022-23,Regular Season,1627742,Brandon Ingram
22022,1627742,22200782,2023-02-02,NOP @ DAL,L,36,10,20,0.5,1,2,0.5,5,6,0.833,1,8,9,7,0,1,3,4,26,-14,1,2022-23,Regular Season,1627742,Brandon Ingram
22022,1627742,22200798,2023-02-04,NOP vs. LAL,W,32,15,28,0.536,0,3,0.0,5,6,0.833,1,4,5,4,0,0,3,4,35,3,1,2022-23,Regular Season,1627742,Brandon Ingram
22022,1627742,22200818,2023-02-07,NOP vs. ATL,W,36,11,18,0.611,0,1,0.0,8,9,0.889,0,3,3,8,1,0,5,1,30,13,1,2022-23,Regular Season,1627742,Brandon Ingram
22022,1627742,22200842,2023-02-10,NOP vs. CLE,L,33,8,15,0.533,2,2,1.0,7,8,0.875,0,3,3,8,1,0,3,2,25,-9,1,2022-23,Regular Season,1627742,Brandon Ingram
22022,1627742,22200864,2023-02-13,NOP @ OKC,W,32,14,24,0.583,3,5,0.6,3,3,1.0,1,3,4,1,0,0,6,4,34,-11,1,2022-23,Regular Season,1627742,Brandon Ingram
22022,1627742,22200882,2023-02-15,NOP @ LAL,L,34,10,21,0.476,1,3,0.333,4,5,0.8,0,4,4,1,0,0,3,5,25,-15,1,2022-23,Regular Season,1627742,Brandon Ingram
22022,1627742,22200890,2023-02-23,NOP @ TOR,L,37,12,27,0.444,5,7,0.714,7,8,0.875,0,7,7,3,0,0,6,2,36,0,1,2022-23,Regular Season,1627742,Brandon Ingram
22022,1627742,22200906,2023-02-25,NOP @ NYK,L,36,7,22,0.318,1,6,0.167,4,4,1.0,0,4,4,3,0,0,0,3,19,-23,1,2022-23,Regular Season,1627742,Brandon Ingram
22022,1627742,22200922,2023-02-27,NOP vs. ORL,L,38,8,19,0.421,2,7,0.286,7,8,0.875,1,5,6,5,0,0,3,5,25,-13,1,2022-23,Regular Season,1627742,Brandon Ingram
22022,1627742,22200941,2023-03-01,NOP @ POR,W,38,18,29,0.621,1,5,0.2,3,3,1.0,0,6,6,5,2,0,0,1,40,5,1,2022-23,Regular Season,1627742,Brandon Ingram
22022,1627742,22200953,2023-03-03,NOP @ GSW,L,38,6,16,0.375,0,2,0.0,5,8,0.625,0,5,5,4,1,0,4,6,17,-8,1,2022-23,Regular Season,1627742,Brandon Ingram
22022,1627742,22200976,2023-03-06,NOP @ SAC,L,38,9,16,0.563,2,4,0.5,4,5,0.8,0,3,3,7,0,0,6,4,24,-1,1,2022-23,Regular Season,1627742,Brandon Ingram
22022,1627742,22200988,2023-03-08,NOP vs. DAL,W,18,5,8,0.625,0,0,0.0,2,2,1.0,0,4,4,5,0,0,1,1,12,2,1,2022-23,Regular Season,1627742,Brandon Ingram
22022,1627742,22201030,2023-03-14,NOP vs. LAL,L,38,9,17,0.529,1,5,0.2,3,4,0.75,1,5,6,6,2,1,4,4,22,-25,1,2022-23,Regular Season,1627742,Brandon Ingram
22022,1627742,22201051,2023-03-17,NOP @ HOU,L,38,9,20,0.45,3,5,0.6,10,11,0.909,1,3,4,6,0,1,4,2,31,1,1,2022-23,Regular Season,1627742,Brandon Ingram
22022,1627742,22201067,2023-03-19,NOP @ HOU,W,39,12,24,0.5,1,3,0.333,1,2,0.5,0,2,2,9,0,0,3,1,26,8,1,2022-23,Regular Season,1627742,Brandon Ingram
22022,1627742,22201080,2023-03-21,NOP vs. SAS,W,31,10,16,0.625,2,2,1.0,10,10,1.0,0,4,4,7,0,1,5,2,32,25,1,2022-23,Regular Season,1627742,Brandon Ingram
22022,1627742,22201095,2023-03-23,NOP vs. CHA,W,34,10,23,0.435,1,6,0.167,9,9,1.0,0,11,11,10,1,0,0,3,30,17,1,2022-23,Regular Season,1627742,Brandon Ingram
22022,1627742,22201112,2023-03-25,NOP @ LAC,W,34,12,22,0.545,3,5,0.6,5,5,1.0,0,4,4,13,0,0,1,3,32,17,1,2022-23,Regular Season,1627742,Brandon Ingram
22022,1627742,22201127,2023-03-27,NOP @ POR,W,31,12,19,0.632,1,2,0.5,4,5,0.8,1,5,6,4,1,0,4,0,29,34,1,2022-23,Regular Season,1627742,Brandon Ingram
22022,1627742,22201135,2023-03-28,NOP @ GSW,L,38,9,22,0.409,1,1,1.0,7,7,1.0,2,6,8,7,0,1,6,2,26,-9,1,2022-23,Regular Season,1627742,Brandon Ingram
22022,1627742,22201147,2023-03-30,NOP @ DEN,W,37,13,22,0.591,0,1,0.0,5,6,0.833,0,11,11,10,0,0,1,4,31,18,1,2022-23,Regular Season,1627742,Brandon Ingram
22022,1627742,22201162,2023-04-01,NOP vs. LAC,W,39,13,23,0.565,0,0,0.0,10,11,0.909,0,4,4,8,0,0,1,1,36,1,1,2022-23,Regular Season,1627742,Brandon Ingram
22022,1627742,22201185,2023-04-04,NOP vs. SAC,L,37,7,15,0.467,1,2,0.5,7,8,0.875,2,5,7,6,2,1,7,2,22,-18,1,2022-23,Regular Season,1627742,Brandon Ingram
22022,1627742,22201194,2023-04-05,NOP vs. MEM,W,46,7,18,0.389,1,4,0.25,9,12,0.75,0,6,6,13,2,1,4,3,24,22,1,2022-23,Regular Season,1627742,Brandon Ingram
22022,1627742,22201209,2023-04-07,NOP vs. NYK,W,40,6,15,0.4,0,3,0.0,6,6,1.0,1,6,7,7,1,0,5,4,18,-2,1,2022-23,Regular Season,1627742,Brandon Ingram
22022,1627742,22201225,2023-04-09,NOP @ MIN,L,42,16,28,0.571,1,3,0.333,9,9,1.0,3,9,12,7,2,1,4,2,42,7,1,2022-23,Regular Season,1627742,Brandon Ingram
22022,1629632,22200007,2022-10-19,CHI @ MIA,W,25,4,11,0.364,2,7,0.286,0,0,0.0,0,2,2,0,1,0,1,3,10,0,1,2022-23,Regular Season,1629632,Coby White
22022,1629632,22200019,2022-10-21,CHI @ WAS,L,31,3,6,0.5,2,4,0.5,2,4,0.5,0,2,2,1,1,0,1,1,10,17,1,2022-23,Regular Season,1629632,Coby White
22022,1629632,22200032,2022-10-22,CHI vs. CLE,L,24,2,8,0.25,0,5,0.0,1,1,1.0,1,0,1,1,0,0,0,3,5,-30,1,2022-23,Regular Season,1629632,Coby White
22022,1629632,22200047,2022-10-24,CHI vs. BOS,W,9,0,1,0.0,0,1,0.0,0,0,0.0,0,0,0,4,0,0,0,1,0,5,1,2022-23,Regular Season,1629632,Coby White
22022,1629632,22200061,2022-10-26,CHI vs. IND,W,12,2,6,0.333,2,6,0.333,0,0,0.0,0,3,3,0,1,0,0,1,6,3,1,2022-23,Regular Season,1629632,Coby White
22022,1629632,22200077,2022-10-28,CHI @ SAS,L,31,7,14,0.5,3,7,0.429,2,4,0.5,0,4,4,4,1,0,1,5,19,18,1,2022-23,Regular Season,1629632,Coby White
22022,1629632,22200084,2022-10-29,CHI vs. PHI,L,22,3,9,0.333,1,4,0.25,0,0,0.0,0,0,0,2,1,0,3,0,7,-2,1,2022-23,Regular Season,1629632,Coby White
22022,1629632,22200227,2022-11-18,CHI vs. ORL,L,4,0,1,0.0,0,1,0.0,0,0,0.0,0,1,1,2,0,0,1,1,0,0,1,2022-23,Regular Season,1629632,Coby White
22022,1629632,22200250,2022-11-21,CHI vs. BOS,W,14,2,8,0.25,1,6,0.167,4,4,1.0,0,2,2,3,1,1,1,0,9,-3,1,2022-23,Regular Season,1629632,Coby White
22022,1629632,22200267,2022-11-23,CHI @ MIL,W,25,5,10,0.5,4,7,0.571,0,0,0.0,0,3,3,2,3,1,1,1,14,7,1,2022-23,Regular Season,1629632,Coby White
22022,1629632,22200281,2022-11-25,CHI @ OKC,L,18,2,5,0.4,2,5,0.4,0,0,0.0,1,2,3,1,0,0,1,2,6,-5,1,2022-23,Regular Season,1629632,Coby White
22022,1629632,22200306,2022-11-28,CHI @ UTA,W,23,6,9,0.667,3,5,0.6,0,0,0.0,0,2,2,0,0,0,0,1,15,3,1,2022-23,Regular Season,1629632,Coby White
22022,1629632,22200321,2022-11-30,CHI @ PHX,L,19,2,5,0.4,0,2,0.0,0,0,0.0,0,1,1,2,0,0,1,2,4,-5,1,2022-23,Regular Season,1629632,Coby White
22022,1629632,22200336,2022-12-02,CHI @ GSW,L,7,0,1,0.0,0,1,0.0,0,0,0.0,0,2,2,1,0,0,0,2,0,-3,1,2022-23,Regular Season,1629632,Coby White
22022,1629632,22200350,2022-12-04,CHI @ SAC,L,16,3,6,0.5,1,3,0.333,0,0,0.0,0,4,4,1,0,0,2,1,7,1,1,2022-23,Regular Season,1629632,Coby White
22022,1629632,22200367,2022-12-07,CHI vs. WAS,W,17,2,4,0.5,1,3,0.333,1,1,1.0,0,1,1,0,1,0,1,0,6,4,1,2022-23,Regular Season,1629632,Coby White
22022,1629632,22200391,2022-12-10,CHI vs. DAL,W,26,1,7,0.143,0,5,0.0,0,0,0.0,0,4,4,7,1,2,1,4,2,-4,1,2022-23,Regular Season,1629632,Coby White
22022,1629632,22200400,2022-12-11,CHI @ ATL,L,31,4,12,0.333,4,9,0.444,0,0,0.0,1,5,6,4,1,0,0,3,12,8,1,2022-23,Regular Season,1629632,Coby White
22022,1629632,22200418,2022-12-14,CHI vs. NYK,L,28,5,8,0.625,2,4,0.5,0,0,0.0,0,4,4,2,0,0,1,0,12,3,1,2022-23,Regular Season,1629632,Coby White
22022,1629632,22200434,2022-12-16,CHI vs. NYK,L,22,3,7,0.429,1,4,0.25,0,0,0.0,0,5,5,1,0,0,2,3,7,0,1,2022-23,Regular Season,1629632,Coby White
22022,1629632,22200449,2022-12-18,CHI @ MIN,L,19,3,5,0.6,2,4,0.5,2,3,0.667,0,2,2,0,1,0,0,2,10,-4,1,2022-23,Regular Season,1629632,Coby White
22022,1629632,22200462,2022-12-20,CHI @ MIA,W,24,3,10,0.3,3,8,0.375,5,5,1.0,0,2,2,1,0,0,1,0,14,3,1,2022-23,Regular Season,1629632,Coby White
22022,1629632,22200468,2022-12-21,CHI @ ATL,W,30,2,8,0.25,1,5,0.2,5,6,0.833,0,4,4,5,2,0,3,2,10,-9,1,2022-23,Regular Season,1629632,Coby White
22022,1629632,22200485,2022-12-23,CHI @ NYK,W,19,3,5,0.6,2,4,0.5,0,0,0.0,0,0,0,0,0,0,1,3,8,-11,1,2022-23,Regular Season,1629632,Coby White
22022,1629632,22200501,2022-12-26,CHI vs. HOU,L,29,5,9,0.556,4,8,0.5,0,0,0.0,1,2,3,4,2,0,0,3,14,17,1,2022-23,Regular Season,1629632,Coby White
22022,1629632,22200519,2022-12-28,CHI vs. MIL,W,6,0,0,0.0,0,0,0.0,0,0,0.0,0,0,0,0,0,0,0,0,0,-3,1,2022-23,Regular Season,1629632,Coby White
22022,1629632,22200532,2022-12-30,CHI vs. DET,W,14,2,3,0.667,1,2,0.5,0,0,0.0,0,0,0,1,0,0,0,2,5,10,1,2022-23,Regular Season,1629632,Coby White
22022,1629632,22200540,2022-12-31,CHI vs. CLE,L,21,4,9,0.444,1,4,0.25,0,0,0.0,1,5,6,2,3,0,2,0,9,-9,1,2022-23,Regular Season,1629632,Coby White
22022,1629632,22200552,2023-01-02,CHI @ CLE,L,10,1,2,0.5,1,1,1.0,2,2,1.0,0,0,0,1,1,0,0,1,5,-4,1,2022-23,Regular Season,1629632,Coby White
22022,1629632,22200570,2023-01-04,CHI vs. BKN,W,28,3,6,0.5,2,4,0.5,2,2,1.0,0,2,2,1,1,0,0,2,10,-3,1,2022-23,Regular Season,1629632,Coby White
22022,1629632,22200581,2023-01-06,CHI @ PHI,W,25,3,7,0.429,3,7,0.429,0,2,0.0,0,4,4,3,0,0,1,3,9,6,1,2022-23,Regular Season,1629632,Coby White
22022,1629632,22200592,2023-01-07,CHI vs. UTA,W,29,2,6,0.333,1,4,0.25,0,0,0.0,1,5,6,3,1,0,0,3,5,3,1,2022-23,Regular Season,1629632,Coby White
22022,1629632,22200606,2023-01-09,CHI @ BOS,L,20,1,7,0.143,0,5,0.0,2,2,1.0,0,3,3,1,0,0,0,2,4,0,1,2022-23,Regular Season,1629632,Coby White
22022,1629632,22200619,2023-01-11,CHI @ WAS,L,29,5,11,0.455,3,5,0.6,0,0,0.0,0,4,4,1,2,0,1,2,13,6,1,2022-23,Regular Season,1629632,Coby White
22022,1629632,22200636,2023-01-13,CHI vs. OKC,L,33,7,15,0.467,4,9,0.444,1,1,1.0,0,6,6,6,0,0,1,0,19,4,1,2022-23,Regular Season,1629632,Coby White
22022,1629632,22200650,2023-01-15,CHI vs. GSW,W,26,6,7,0.857,2,2,1.0,1,1,1.0,0,3,3,1,2,0,2,2,15,-7,1,2022-23,Regular Season,1629632,Coby White
22022,1629632,22200678,2023-01-19,CHI @ DET,W,17,4,5,0.8,2,2,1.0,0,0,0.0,1,0,1,0,1,0,0,1,10,0,1,2022-23,Regular Season,1629632,Coby White
22022,1629632,22200708,2023-01-23,CHI vs. ATL,W,22,4,12,0.333,2,9,0.222,0,0,0.0,0,3,3,3,2,0,2,3,10,-1,1,2022-23,Regular Season,1629632,Coby White
22022,1629632,22200713,2023-01-24,CHI @ IND,L,23,3,11,0.273,2,7,0.286,0,0,0.0,0,3,3,3,2,0,0,3,8,-8,1,2022-23,Regular Season,1629632,Coby White
22022,1629632,22200732,2023-01-26,CHI @ CHA,L,26,2,9,0.222,2,5,0.4,0,0,0.0,0,3,3,2,0,0,1,2,6,7,1,2022-23,Regular Season,1629632,Coby White
22022,1629632,22200744,2023-01-28,CHI @ ORL,W,19,0,5,0.0,0,3,0.0,0,0,0.0,0,3,3,3,1,0,2,0,0,-4,1,2022-23,Regular Season,1629632,Coby White
22022,1629632,22200766,2023-01-31,CHI vs. LAC,L,18,3,8,0.375,2,4,0.5,0,0,0.0,1,3,4,0,0,0,1,2,8,-2,1,2022-23,Regular Season,1629632,Coby White
22022,1629632,22200781,2023-02-02,CHI vs. CHA,W,27,7,13,0.538,3,5,0.6,3,4,0.75,1,3,4,1,0,0,0,2,20,19,1,2022-23,Regular Season,1629632,Coby White
22022,1629632,22200796,2023-02-04,CHI vs. POR,W,21,4,5,0.8,2,3,0.667,0,0,0.0,0,0,0,3,0,0,0,2,10,-4,1,2022-23,Regular Season,1629632,Coby White
22022,1629632,22200811,2023-02-06,CHI vs. SAS,W,33,4,8,0.5,1,4,0.25,3,3,1.0,0,1,1,4,2,0,0,1,12,20,1,2022-23,Regular Season,1629632,Coby White
22022,1629632,22200819,2023-02-07,CHI @ MEM,L,25,1,8,0.125,0,5,0.0,2,2,1.0,0,2,2,2,0,0,0,1,4,-13,1,2022-23,Regular Season,1629632,Coby White
22022,1629632,22200833,2023-02-09,CHI @ BKN,L,26,4,11,0.364,1,5,0.2,2,2,1.0,1,3,4,3,0,0,1,1,11,4,1,2022-23,Regular Season,1629632,Coby White
22022,1629632,22200852,2023-02-11,CHI @ CLE,L,20,1,9,0.111,0,4,0.0,2,2,1.0,1,3,4,3,0,0,3,2,4,-9,1,2022-23,Regular Season,1629632,Coby White
22022,1629632,22200863,2023-02-13,CHI vs. ORL,L,23,5,8,0.625,2,5,0.4,0,0,0.0,0,2,2,1,1,1,0,2,12,-3,1,2022-23,Regular Season,1629632,Coby White
22022,1629632,22200874,2023-02-15,CHI @ IND,L,34,9,12,0.75,5,8,0.625,2,2,1.0,0,3,3,2,2,0,1,1,25,-5,1,2022-23,Regular Season,1629632,Coby White
22022,1629632,22200883,2023-02-16,CHI vs. MIL,L,37,4,14,0.286,0,5,0.0,0,0,0.0,0,5,5,3,0,0,0,2,8,-14,1,2022-23,Regular Season,1629632,Coby White
22022,1629632,22200900,2023-02-24,CHI vs. BKN,W,25,2,6,0.333,1,5,0.2,0,0,0.0,0,4,4,4,0,0,0,1,5,19,1,2022-23,Regular Season,1629632,Coby White
22022,1629632,22200912,2023-02-26,CHI vs. WAS,W,26,6,8,0.75,3,5,0.6,2,2,1.0,0,4,4,3,1,0,2,1,17,8,1,2022-23,Regular Season,1629632,Coby White
22022,1629632,22200925,2023-02-28,CHI @ TOR,L,23,2,7,0.286,1,3,0.333,2,2,1.0,0,0,0,5,0,0,1,1,7,-6,1,2022-23,Regular Season,1629632,Coby White
22022,1629632,22200934,2023-03-01,CHI @ DET,W,22,5,11,0.455,3,6,0.5,1,1,1.0,0,2,2,5,3,0,2,2,14,-10,1,2022-23,Regular Season,1629632,Coby White
22022,1629632,22200950,2023-03-03,CHI vs. PHX,L,21,1,3,0.333,1,2,0.5,2,2,1.0,0,1,1,3,0,0,1,0,5,-5,1,2022-23,Regular Season,1629632,Coby White
22022,1629632,22200963,2023-03-05,CHI vs. IND,L,21,3,7,0.429,1,3,0.333,0,0,0.0,0,2,2,2,1,1,1,2,7,1,1,2022-23,Regular Season,1629632,Coby White
22022,1629632,22200989,2023-03-08,CHI @ DEN,W,26,3,10,0.3,1,6,0.167,0,0,0.0,0,4,4,4,0,0,1,1,7,22,1,2022-23,Regular Season,1629632,Coby White
22022,1629632,22201009,2023-03-11,CHI @ HOU,W,16,0,3,0.0,0,2,0.0,0,0,0.0,0,0,0,3,0,0,0,2,0,-2,1,2022-23,Regular Season,1629632,Coby White
22022,1629632,22201037,2023-03-15,CHI vs. SAC,L,28,4,7,0.571,4,6,0.667,0,0,0.0,1,5,6,5,2,0,3,2,12,5,1,2022-23,Regular Season,1629632,Coby White
22022,1629632,22201050,2023-03-17,CHI vs. MIN,W,27,3,6,0.5,2,4,0.5,0,0,0.0,0,3,3,2,0,0,1,2,8,0,1,2022-23,Regular Season,1629632,Coby White
22022,1629632,22201060,2023-03-18,CHI vs. MIA,W,27,7,12,0.583,4,8,0.5,0,0,0.0,0,1,1,6,2,0,2,2,18,12,1,2022-23,Regular Season,1629632,Coby White
22022,1629632,22201072,2023-03-20,CHI @ PHI,W,27,4,9,0.444,1,4,0.25,2,2,1.0,0,3,3,2,0,0,1,1,11,0,1,2022-23,Regular Season,1629632,Coby White
22022,1629632,22201087,2023-03-22,CHI vs. PHI,L,33,8,13,0.615,3,6,0.5,0,0,0.0,0,3,3,3,0,0,1,3,19,-2,1,2022-23,Regular Season,1629632,Coby White
22022,1629632,22201104,2023-03-24,CHI @ POR,W,32,7,9,0.778,4,5,0.8,1,1,1.0,1,3,4,9,2,0,2,3,19,24,1,2022-23,Regular Season,1629632,Coby White
22022,1629632,22201114,2023-03-26,CHI @ LAL,W,26,5,17,0.294,3,8,0.375,0,0,0.0,2,5,7,6,1,0,1,1,13,19,1,2022-23,Regular Season,1629632,Coby White
22022,1629632,22201129,2023-03-27,CHI @ LAC,L,28,3,8,0.375,0,3,0.0,1,1,1.0,0,1,1,5,0,0,1,2,7,-9,1,2022-23,Regular Season,1629632,Coby White
22022,1629632,22201140,2023-03-29,CHI vs. LAL,L,26,6,11,0.545,3,7,0.429,2,2,1.0,0,2,2,9,1,0,1,4,17,18,1,2022-23,Regular Season,1629632,Coby White
22022,1629632,22201148,2023-03-31,CHI @ CHA,W,26,4,7,0.571,3,5,0.6,0,0,0.0,1,4,5,7,1,0,2,1,11,13,1,2022-23,Regular Season,1629632,Coby White
22022,1629632,22201165,2023-04-02,CHI vs. MEM,W,31,8,13,0.615,2,5,0.4,1,1,1.0,0,6,6,4,1,0,0,1,19,18,1,2022-23,Regular Season,1629632,Coby White
22022,1629632,22201182,2023-04-04,CHI vs. ATL,L,22,3,10,0.3,0,4,0.0,1,1,1.0,0,1,1,3,1,0,2,2,7,5,1,2022-23,Regular Season,1629632,Coby White
22022,1629632,22201193,2023-04-05,CHI @ MIL,L,25,6,10,0.6,2,4,0.5,0,0,0.0,0,6,6,1,0,0,4,0,14,-2,1,2022-23,Regular Season,1629632,Coby White
22022,1629632,22201210,2023-04-07,CHI @ DAL,W,42,10,17,0.588,2,6,0.333,2,2,1.0,0,7,7,11,0,0,3,2,24,16,1,2022-23,Regular Season,1629632,Coby White
22022,1629632,22201223,2023-04-09,CHI vs. DET,W,15,2,4,0.5,1,2,0.5,0,0,0.0,0,3,3,1,0,0,1,0,5,-4,1,2022-23,Regular Season,1629632,Coby White
22022,1629014,22200014,2022-10-19,POR @ SAC,W,36,9,22,0.409,3,10,0.3,1,2,0.5,0,3,3,2,2,0,0,2,22,-1,1,2022-23,Regular Season,1629014,Anfernee Simons
22022,1629014,22200027,2022-10-21,POR vs. PHX,W,42,5,17,0.294,2,8,0.25,4,4,1.0,2,1,3,3,1,0,4,2,16,2,1,2022-23,Regular Season,1629014,Anfernee Simons
22022,1629014,22200037,2022-10-23,POR @ LAL,W,36,5,17,0.294,0,6,0.0,2,2,1.0,0,1,1,2,1,0,5,5,12,2,1,2022-23,Regular Season,1629014,Anfernee Simons
22022,1629014,22200051,2022-10-24,POR vs. DEN,W,36,11,17,0.647,7,12,0.583,0,0,0.0,0,3,3,5,1,1,1,0,29,14,1,2022-23,Regular Season,1629014,Anfernee Simons
22022,1629014,22200065,2022-10-26,POR vs. MIA,L,30,5,12,0.417,3,8,0.375,1,1,1.0,0,2,2,0,0,0,3,4,14,-15,1,2022-23,Regular Season,1629014,Anfernee Simons
22022,1629014,22200080,2022-10-28,POR vs. HOU,W,38,10,20,0.5,7,15,0.467,3,3,1.0,1,4,5,7,1,1,3,3,30,18,1,2022-23,Regular Season,1629014,Anfernee Simons
22022,1629014,22200116,2022-11-02,POR vs. MEM,L,40,10,21,0.476,4,11,0.364,7,8,0.875,0,3,3,8,0,0,4,3,31,5,1,2022-23,Regular Season,1629014,Anfernee Simons
22022,1629014,22200150,2022-11-07,POR @ MIA,W,32,9,20,0.45,4,12,0.333,3,3,1.0,0,0,0,4,1,0,3,1,25,-1,1,2022-23,Regular Season,1629014,Anfernee Simons
22022,1629014,22200159,2022-11-09,POR @ CHA,W,33,7,18,0.389,2,9,0.222,3,6,0.5,0,3,3,6,2,0,0,1,19,-7,1,2022-23,Regular Season,1629014,Anfernee Simons
22022,1629014,22200175,2022-11-10,POR @ NOP,W,37,5,18,0.278,5,13,0.385,8,8,1.0,1,2,3,6,0,0,1,0,23,13,1,2022-23,Regular Season,1629014,Anfernee Simons
22022,1629014,22200190,2022-11-12,POR @ DAL,L,39,9,20,0.45,5,11,0.455,1,2,0.5,0,7,7,2,0,0,2,3,24,5,1,2022-23,Regular Season,1629014,Anfernee Simons
22022,1629014,22200209,2022-11-15,POR vs. SAS,W,34,7,16,0.438,5,10,0.5,4,4,1.0,1,2,3,2,0,0,1,2,23,-1,1,2022-23,Regular Season,1629014,Anfernee Simons
22022,1629014,22200221,2022-11-17,POR vs. BKN,L,29,8,20,0.4,4,9,0.444,4,4,1.0,0,1,1,2,2,0,0,2,24,-19,1,2022-23,Regular Season,1629014,Anfernee Simons
22022,1629014,22200238,2022-11-19,POR vs. UTA,L,36,7,19,0.368,4,13,0.308,5,6,0.833,1,7,8,7,4,1,3,3,23,7,1,2022-23,Regular Season,1629014,Anfernee Simons
22022,1629014,22200251,2022-11-21,POR @ MIL,L,37,12,23,0.522,3,11,0.273,2,2,1.0,0,4,4,5,1,0,1,2,29,-10,1,2022-23,Regular Season,1629014,Anfernee Simons
22022,1629014,22200261,2022-11-23,POR @ CLE,L,38,6,18,0.333,4,9,0.444,4,4,1.0,0,2,2,6,0,0,5,3,20,1,1,2022-23,Regular Season,1629014,Anfernee Simons
22022,1629014,22200274,2022-11-25,POR @ NYK,W,47,13,25,0.52,4,13,0.308,8,8,1.0,0,4,4,5,1,0,1,1,38,16,1,2022-23,Regular Season,1629014,Anfernee Simons
22022,1629014,22200290,2022-11-27,POR @ BKN,L,40,4,14,0.286,4,10,0.4,3,4,0.75,0,1,1,6,1,0,2,1,15,-16,1,2022-23,Regular Season,1629014,Anfernee Simons
22022,1629014,22200311,2022-11-29,POR vs. LAC,L,43,13,24,0.542,9,16,0.563,2,3,0.667,0,2,2,4,1,1,1,4,37,-4,1,2022-23,Regular Season,1629014,Anfernee Simons
22022,1629014,22200324,2022-11-30,POR @ LAL,L,39,9,22,0.409,2,7,0.286,2,2,1.0,1,3,4,8,1,0,0,2,22,-10,1,2022-23,Regular Season,1629014,Anfernee Simons
22022,1629014,22200343,2022-12-03,POR @ UTA,W,41,15,25,0.6,7,12,0.583,8,8,1.0,0,2,2,4,1,2,7,3,45,5,1,2022-23,Regular Season,1629014,Anfernee Simons
22022,1629014,22200351,2022-12-04,POR vs. IND,W,36,8,14,0.571,5,9,0.556,1,1,1.0,0,3,3,6,1,0,1,2,22,-8,1,2022-23,Regular Season,1629014,Anfernee Simons
22022,1629014,22200376,2022-12-08,POR vs. DEN,L,34,3,12,0.25,0,6,0.0,0,0,0.0,0,3,3,5,0,0,4,4,6,-1,1,2022-23,Regular Season,1629014,Anfernee Simons
22022,1629014,22200394,2022-12-10,POR vs. MIN,W,35,13,22,0.591,5,10,0.5,0,0,0.0,1,2,3,1,0,0,2,3,31,-10,1,2022-23,Regular Season,1629014,Anfernee Simons
22022,1629014,22200407,2022-12-12,POR vs. MIN,W,33,5,13,0.385,2,8,0.25,0,0,0.0,0,4,4,6,0,0,2,3,12,8,1,2022-23,Regular Season,1629014,Anfernee Simons
22022,1629014,22200420,2022-12-14,POR @ SAS,W,33,9,15,0.6,5,9,0.556,0,0,0.0,0,3,3,4,0,0,4,3,23,17,1,2022-23,Regular Season,1629014,Anfernee Simons
22022,1629014,22200436,2022-12-16,POR @ DAL,L,24,3,10,0.3,1,6,0.167,0,0,0.0,0,2,2,3,0,0,2,2,7,-21,1,2022-23,Regular Season,1629014,Anfernee Simons
22022,1629014,22200441,2022-12-17,POR @ HOU,W,33,11,21,0.524,5,14,0.357,5,5,1.0,0,1,1,2,1,0,0,2,32,12,1,2022-23,Regular Season,1629014,Anfernee Simons
22022,1629014,22200458,2022-12-19,POR @ OKC,L,35,7,16,0.438,5,10,0.5,0,0,0.0,0,4,4,1,1,0,2,5,19,11,1,2022-23,Regular Season,1629014,Anfernee Simons
22022,1629014,22200474,2022-12-21,POR @ OKC,L,30,4,11,0.364,4,9,0.444,0,0,0.0,0,1,1,4,1,1,3,5,12,2,1,2022-23,Regular Season,1629014,Anfernee Simons
22022,1629014,22200489,2022-12-23,POR @ DEN,L,39,6,22,0.273,1,10,0.1,1,2,0.5,1,0,1,3,0,0,2,4,14,-11,1,2022-23,Regular Season,1629014,Anfernee Simons
22022,1629014,22200504,2022-12-26,POR vs. CHA,W,39,6,15,0.4,3,8,0.375,3,3,1.0,0,2,2,2,1,0,1,1,18,4,1,2022-23,Regular Season,1629014,Anfernee Simons
22022,1629014,22200536,2022-12-30,POR @ GSW,L,35,8,21,0.381,4,11,0.364,2,2,1.0,1,6,7,2,0,1,3,1,22,-9,1,2022-23,Regular Season,1629014,Anfernee Simons
22022,1629014,22200559,2023-01-02,POR vs. DET,W,33,11,18,0.611,4,10,0.4,4,5,0.8,0,5,5,3,2,0,2,1,30,17,1,2022-23,Regular Season,1629014,Anfernee Simons
22022,1629014,22200571,2023-01-04,POR @ MIN,L,30,6,12,0.5,1,5,0.2,3,3,1.0,1,1,2,3,1,0,2,5,16,-15,1,2022-23,Regular Season,1629014,Anfernee Simons
22022,1629014,22200580,2023-01-06,POR @ IND,L,41,7,20,0.35,4,11,0.364,2,2,1.0,1,2,3,4,1,0,4,0,20,-11,1,2022-23,Regular Season,1629014,Anfernee Simons
22022,1629014,22200597,2023-01-08,POR @ TOR,L,42,6,14,0.429,3,9,0.333,7,8,0.875,0,0,0,2,0,0,4,5,22,-13,1,2022-23,Regular Season,1629014,Anfernee Simons
22022,1629014,22200616,2023-01-10,POR vs. ORL,L,43,6,16,0.375,2,9,0.222,1,1,1.0,0,1,1,7,1,1,1,0,15,-1,1,2022-23,Regular Season,1629014,Anfernee Simons
22022,1629014,22200631,2023-01-12,POR vs. CLE,L,32,6,10,0.6,3,6,0.5,0,0,0.0,0,2,2,5,0,0,1,5,15,-10,1,2022-23,Regular Season,1629014,Anfernee Simons
22022,1629014,22200647,2023-01-14,POR vs. DAL,W,29,6,12,0.5,3,8,0.375,6,6,1.0,0,4,4,5,0,2,0,2,21,18,1,2022-23,Regular Season,1629014,Anfernee Simons
22022,1629014,22200654,2023-01-15,POR vs. DAL,W,33,7,16,0.438,2,8,0.25,4,5,0.8,0,4,4,4,0,0,1,2,20,22,1,2022-23,Regular Season,1629014,Anfernee Simons
22022,1629014,22200667,2023-01-17,POR @ DEN,L,37,5,15,0.333,2,10,0.2,2,2,1.0,0,2,2,2,0,0,4,3,14,-6,1,2022-23,Regular Season,1629014,Anfernee Simons
22022,1629014,22200682,2023-01-19,POR vs. PHI,L,36,6,15,0.4,2,7,0.286,2,2,1.0,0,1,1,3,0,0,5,1,16,-11,1,2022-23,Regular Season,1629014,Anfernee Simons
22022,1629014,22200705,2023-01-22,POR vs. LAL,L,39,12,20,0.6,7,13,0.538,0,0,0.0,0,0,0,2,0,0,3,4,31,-1,1,2022-23,Regular Season,1629014,Anfernee Simons
22022,1629014,22200711,2023-01-23,POR vs. SAS,W,29,9,15,0.6,4,7,0.571,4,4,1.0,0,1,1,1,1,0,0,1,26,8,1,2022-23,Regular Season,1629014,Anfernee Simons
22022,1629014,22200727,2023-01-25,POR vs. UTA,W,39,5,15,0.333,2,8,0.25,4,5,0.8,0,4,4,9,1,0,3,3,16,8,1,2022-23,Regular Season,1629014,Anfernee Simons
22022,1629014,22200751,2023-01-28,POR vs. TOR,L,40,7,12,0.583,0,2,0.0,0,0,0.0,1,4,5,4,0,0,3,4,14,-15,1,2022-23,Regular Season,1629014,Anfernee Simons
22022,1629014,22200763,2023-01-30,POR vs. ATL,W,33,8,12,0.667,5,8,0.625,0,0,0.0,0,1,1,7,0,1,1,1,21,-2,1,2022-23,Regular Season,1629014,Anfernee Simons
22022,1629014,22200771,2023-02-01,POR @ MEM,W,33,10,18,0.556,3,7,0.429,3,3,1.0,0,2,2,4,0,0,3,4,26,11,1,2022-23,Regular Season,1629014,Anfernee Simons
22022,1629014,22200787,2023-02-03,POR @ WAS,W,37,11,19,0.579,9,12,0.75,2,2,1.0,1,4,5,6,1,0,1,1,33,11,1,2022-23,Regular Season,1629014,Anfernee Simons
22022,1629014,22200796,2023-02-04,POR @ CHI,L,38,10,18,0.556,5,12,0.417,2,2,1.0,0,0,0,5,0,0,1,1,27,-6,1,2022-23,Regular Season,1629014,Anfernee Simons
22022,1629014,22200815,2023-02-06,POR vs. MIL,L,35,8,16,0.5,1,5,0.2,4,4,1.0,0,0,0,5,1,0,2,3,21,-16,1,2022-23,Regular Season,1629014,Anfernee Simons
22022,1629014,22200830,2023-02-08,POR vs. GSW,W,36,4,12,0.333,2,7,0.286,1,1,1.0,0,2,2,6,3,1,4,2,11,-8,1,2022-23,Regular Season,1629014,Anfernee Simons
22022,1629014,22200843,2023-02-10,POR vs. OKC,L,37,3,14,0.214,1,8,0.125,4,4,1.0,1,2,3,6,1,0,2,2,11,-14,1,2022-23,Regular Season,1629014,Anfernee Simons
22022,1629014,22200867,2023-02-13,POR vs. LAL,W,28,6,15,0.4,2,5,0.4,0,0,0.0,0,3,3,6,0,0,0,0,14,11,1,2022-23,Regular Season,1629014,Anfernee Simons
22022,1629014,22200872,2023-02-14,POR vs. WAS,L,27,6,15,0.4,1,3,0.333,4,4,1.0,0,2,2,3,1,0,1,1,17,-14,1,2022-23,Regular Season,1629014,Anfernee Simons
22022,1629014,22200941,2023-03-01,POR vs. NOP,L,20,2,9,0.222,0,3,0.0,0,0,0.0,1,2,3,1,0,0,1,0,4,-4,1,2022-23,Regular Season,1629014,Anfernee Simons
22022,1629014,22200998,2023-03-10,POR @ PHI,L,29,13,22,0.591,8,12,0.667,0,1,0.0,0,1,1,2,0,0,0,1,34,-3,1,2022-23,Regular Season,1629014,Anfernee Simons
22022,1629014,22201017,2023-03-12,POR @ NOP,L,25,7,15,0.467,2,7,0.286,1,1,1.0,0,2,2,4,0,0,1,2,17,-17,1,2022-23,Regular Season,1629014,Anfernee Simons
22022,1629014,22201034,2023-03-14,POR vs. NYK,L,34,7,20,0.35,3,11,0.273,5,6,0.833,1,0,1,1,0,0,2,2,22,4,1,2022-23,Regular Season,1629014,Anfernee Simons
22022,1629014,22201053,2023-03-17,POR vs. BOS,L,39,5,15,0.333,2,7,0.286,5,8,0.625,0,1,1,4,1,0,1,4,17,-6,1,2022-23,Regular Season,1629014,Anfernee Simons
22022,1629014,22201069,2023-03-19,POR vs. LAC,L,33,6,15,0.4,1,7,0.143,3,3,1.0,1,2,3,6,1,1,2,0,16,-10,1,2022-23,Regular Season,1629014,Anfernee Simons
22022,1628991,22200206,2022-11-15,MEM @ NOP,L,25,3,14,0.214,0,7,0.0,1,2,0.5,2,4,6,0,0,5,2,1,7,-6,1,2022-23,Regular Season,1628991,Jaren Jackson Jr.
22022,1628991,22200229,2022-11-18,MEM vs. OKC,W,25,7,16,0.438,3,6,0.5,8,11,0.727,5,7,12,0,2,3,2,2,25,9,1,2022-23,Regular Season,1628991,Jaren Jackson Jr.
22022,1628991,22200257,2022-11-22,MEM vs. SAC,L,27,8,14,0.571,1,5,0.2,5,7,0.714,0,3,3,1,2,5,0,4,22,15,1,2022-23,Regular Season,1628991,Jaren Jackson Jr.
22022,1628991,22200279,2022-11-25,MEM vs. NOP,W,22,6,7,0.857,2,3,0.667,6,7,0.857,0,4,4,0,1,3,1,4,20,18,1,2022-23,Regular Season,1628991,Jaren Jackson Jr.
22022,1628991,22200296,2022-11-27,MEM @ NYK,W,30,8,19,0.421,3,8,0.375,2,2,1.0,2,3,5,0,1,0,0,2,21,0,1,2022-23,Regular Season,1628991,Jaren Jackson Jr.
22022,1628991,22200317,2022-11-30,MEM @ MIN,L,25,5,10,0.5,1,4,0.25,5,6,0.833,4,7,11,0,0,2,4,5,16,-4,1,2022-23,Regular Season,1628991,Jaren Jackson Jr.
22022,1628991,22200332,2022-12-02,MEM vs. PHI,W,26,7,12,0.583,2,5,0.4,6,7,0.857,3,6,9,0,1,4,3,5,22,-2,1,2022-23,Regular Season,1628991,Jaren Jackson Jr.
22022,1628991,22200347,2022-12-04,MEM @ DET,W,30,7,13,0.538,2,4,0.5,6,7,0.857,3,0,3,0,0,1,2,2,22,5,1,2022-23,Regular Season,1628991,Jaren Jackson Jr.
22022,1628991,22200368,2022-12-07,MEM vs. OKC,W,26,5,9,0.556,2,4,0.5,0,0,0.0,0,3,3,1,2,5,1,2,12,12,1,2022-23,Regular Season,1628991,Jaren Jackson Jr.
22022,1628991,22200383,2022-12-09,MEM vs. DET,W,30,8,12,0.667,3,5,0.6,1,4,0.25,1,4,5,0,2,4,2,3,20,7,1,2022-23,Regular Season,1628991,Jaren Jackson Jr.
22022,1628991,22200404,2022-12-12,MEM vs. ATL,W,24,6,11,0.545,1,4,0.25,2,2,1.0,0,7,7,2,0,8,2,2,15,25,1,2022-23,Regular Season,1628991,Jaren Jackson Jr.
22022,1628991,22200425,2022-12-15,MEM vs. MIL,W,13,1,2,0.5,1,1,1.0,1,2,0.5,1,5,6,2,0,0,0,4,4,16,1,2022-23,Regular Season,1628991,Jaren Jackson Jr.
22022,1628991,22200443,2022-12-17,MEM @ OKC,L,28,3,8,0.375,2,6,0.333,8,10,0.8,3,5,8,1,0,0,1,1,16,-3,1,2022-23,Regular Season,1628991,Jaren Jackson Jr.
22022,1628991,22200465,2022-12-20,MEM @ DEN,L,22,3,6,0.5,1,3,0.333,1,2,0.5,0,2,2,1,3,5,1,5,8,-13,1,2022-23,Regular Season,1628991,Jaren Jackson Jr.
22022,1628991,22200490,2022-12-23,MEM @ PHX,W,28,9,17,0.529,1,4,0.25,5,6,0.833,3,7,10,1,1,2,0,1,24,22,1,2022-23,Regular Season,1628991,Jaren Jackson Jr.
22022,1628991,22200496,2022-12-25,MEM @ GSW,L,21,5,7,0.714,1,2,0.5,0,0,0.0,1,1,2,0,1,2,1,5,11,-3,1,2022-23,Regular Season,1628991,Jaren Jackson Jr.
22022,1628991,22200510,2022-12-27,MEM vs. PHX,L,26,2,12,0.167,0,4,0.0,2,2,1.0,4,4,8,1,2,3,3,2,6,0,1,2022-23,Regular Season,1628991,Jaren Jackson Jr.
22022,1628991,22200526,2022-12-29,MEM @ TOR,W,29,7,15,0.467,1,3,0.333,0,0,0.0,3,2,5,3,0,2,2,1,15,6,1,2022-23,Regular Season,1628991,Jaren Jackson Jr.
22022,1628991,22200543,2022-12-31,MEM vs. NOP,W,30,7,13,0.538,1,4,0.25,2,2,1.0,2,4,6,2,3,6,4,4,17,22,1,2022-23,Regular Season,1628991,Jaren Jackson Jr.
22022,1628991,22200547,2023-01-01,MEM vs. SAC,W,29,5,11,0.455,2,4,0.5,2,3,0.667,2,5,7,2,0,3,0,3,14,7,1,2022-23,Regular Season,1628991,Jaren Jackson Jr.
22022,1628991,22200564,2023-01-04,MEM @ CHA,W,24,6,10,0.6,1,3,0.333,4,5,0.8,1,7,8,1,0,3,1,3,17,12,1,2022-23,Regular Season,1628991,Jaren Jackson Jr.
22022,1628991,22200576,2023-01-05,MEM @ ORL,W,32,12,14,0.857,2,3,0.667,5,7,0.714,2,8,10,1,1,3,2,3,31,20,1,2022-23,Regular Season,1628991,Jaren Jackson Jr.
22022,1628991,22200600,2023-01-08,MEM vs. UTA,W,29,8,17,0.471,2,5,0.4,1,2,0.5,3,5,8,0,3,5,2,6,19,-5,1,2022-23,Regular Season,1628991,Jaren Jackson Jr.
22022,1628991,22200608,2023-01-09,MEM vs. SAS,W,30,5,10,0.5,2,4,0.5,4,6,0.667,2,4,6,2,0,5,2,2,16,-4,1,2022-23,Regular Season,1628991,Jaren Jackson Jr.
22022,1628991,22200623,2023-01-11,MEM vs. SAS,W,27,6,10,0.6,1,2,0.5,8,9,0.889,2,10,12,1,0,2,0,5,21,-4,1,2022-23,Regular Season,1628991,Jaren Jackson Jr.
22022,1628991,22200643,2023-01-14,MEM @ IND,W,22,4,5,0.8,1,1,1.0,0,0,0.0,0,10,10,3,1,2,2,3,9,32,1,2022-23,Regular Season,1628991,Jaren Jackson Jr.
22022,1628991,22200663,2023-01-16,MEM vs. PHX,W,26,5,11,0.455,1,4,0.25,7,8,0.875,2,6,8,1,2,6,1,0,18,30,1,2022-23,Regular Season,1628991,Jaren Jackson Jr.
22022,1628991,22200672,2023-01-18,MEM vs. CLE,W,28,5,13,0.385,2,6,0.333,3,4,0.75,2,5,7,1,2,4,0,5,15,9,1,2022-23,Regular Season,1628991,Jaren Jackson Jr.
22022,1628991,22200690,2023-01-20,MEM @ LAL,L,33,3,8,0.375,1,4,0.25,5,6,0.833,1,5,6,0,1,4,3,5,12,-4,1,2022-23,Regular Season,1628991,Jaren Jackson Jr.
22022,1628991,22200703,2023-01-22,MEM @ PHX,L,23,3,6,0.5,2,3,0.667,0,0,0.0,1,3,4,0,0,3,4,4,8,1,1,2022-23,Regular Season,1628991,Jaren Jackson Jr.
22022,1628991,22200712,2023-01-23,MEM @ SAC,L,28,7,18,0.389,3,6,0.5,2,2,1.0,2,3,5,2,1,1,1,4,19,-7,1,2022-23,Regular Season,1628991,Jaren Jackson Jr.
22022,1628991,22200726,2023-01-25,MEM @ GSW,L,28,4,11,0.364,2,3,0.667,7,8,0.875,3,3,6,0,0,0,1,6,17,7,1,2022-23,Regular Season,1628991,Jaren Jackson Jr.
22022,1628991,22200737,2023-01-27,MEM @ MIN,L,28,5,17,0.294,0,5,0.0,4,5,0.8,3,4,7,0,2,2,2,4,14,-3,1,2022-23,Regular Season,1628991,Jaren Jackson Jr.
22022,1628991,22200753,2023-01-29,MEM vs. IND,W,38,12,19,0.632,3,8,0.375,1,2,0.5,2,6,8,1,1,5,1,4,28,19,1,2022-23,Regular Season,1628991,Jaren Jackson Jr.
22022,1628991,22200771,2023-02-01,MEM vs. POR,L,34,9,14,0.643,0,3,0.0,0,0,0.0,0,7,7,0,0,6,0,3,18,1,1,2022-23,Regular Season,1628991,Jaren Jackson Jr.
22022,1628991,22200805,2023-02-05,MEM vs. TOR,L,32,7,17,0.412,0,6,0.0,4,7,0.571,1,7,8,0,0,4,3,3,18,1,1,2022-23,Regular Season,1628991,Jaren Jackson Jr.
22022,1628991,22200819,2023-02-07,MEM vs. CHI,W,32,9,13,0.692,2,5,0.4,4,5,0.8,0,3,3,1,2,5,1,5,24,15,1,2022-23,Regular Season,1628991,Jaren Jackson Jr.
22022,1628991,22200841,2023-02-10,MEM vs. MIN,W,28,6,13,0.462,1,5,0.2,2,2,1.0,0,6,6,1,1,4,2,2,15,24,1,2022-23,Regular Season,1628991,Jaren Jackson Jr.
22022,1628991,22200855,2023-02-12,MEM @ BOS,L,20,6,9,0.667,2,2,1.0,1,2,0.5,1,6,7,3,1,0,3,6,15,7,1,2022-23,Regular Season,1628991,Jaren Jackson Jr.
22022,1628991,22200879,2023-02-15,MEM vs. UTA,W,31,8,19,0.421,4,10,0.4,6,7,0.857,2,7,9,0,5,4,1,4,26,2,1,2022-23,Regular Season,1628991,Jaren Jackson Jr.
22022,1628991,22200889,2023-02-23,MEM @ PHI,L,33,5,16,0.313,1,7,0.143,7,7,1.0,2,7,9,1,1,4,0,3,18,-9,1,2022-23,Regular Season,1628991,Jaren Jackson Jr.
22022,1628991,22200907,2023-02-25,MEM vs. DEN,W,21,2,7,0.286,1,3,0.333,2,2,1.0,0,3,3,0,1,1,2,4,7,14,1,2022-23,Regular Season,1628991,Jaren Jackson Jr.
22022,1628991,22200927,2023-02-28,MEM vs. LAL,W,32,7,14,0.5,1,4,0.25,1,1,1.0,3,4,7,0,1,4,2,5,16,-2,1,2022-23,Regular Season,1628991,Jaren Jackson Jr.
22022,1628991,22200938,2023-03-01,MEM @ HOU,W,29,6,12,0.5,2,7,0.286,3,3,1.0,1,3,4,0,0,5,1,4,17,25,1,2022-23,Regular Season,1628991,Jaren Jackson Jr.
22022,1628991,22200952,2023-03-03,MEM @ DEN,L,31,6,13,0.462,0,3,0.0,3,5,0.6,1,5,6,1,0,3,1,4,15,3,1,2022-23,Regular Season,1628991,Jaren Jackson Jr.
22022,1628991,22200970,2023-03-05,MEM @ LAC,L,35,8,18,0.444,2,5,0.4,6,7,0.857,1,4,5,2,2,2,2,5,24,-5,1,2022-23,Regular Season,1628991,Jaren Jackson Jr.
22022,1628991,22200984,2023-03-07,MEM @ LAL,L,31,8,15,0.533,2,6,0.333,8,11,0.727,0,8,8,0,1,2,0,5,26,-5,1,2022-23,Regular Season,1628991,Jaren Jackson Jr.
22022,1628991,22200996,2023-03-09,MEM vs. GSW,W,32,6,13,0.462,3,4,0.75,6,7,0.857,2,7,9,3,1,1,2,4,21,27,1,2022-23,Regular Season,1628991,Jaren Jackson Jr.
22022,1628991,22201010,2023-03-11,MEM vs. DAL,W,33,3,12,0.25,0,5,0.0,8,9,0.889,1,6,7,0,0,2,1,3,14,3,1,2022-23,Regular Season,1628991,Jaren Jackson Jr.
22022,1628991,22201023,2023-03-13,MEM @ DAL,W,24,2,8,0.25,1,4,0.25,2,2,1.0,0,5,5,0,1,0,3,4,7,8,1,2022-23,Regular Season,1628991,Jaren Jackson Jr.
22022,1628991,22201036,2023-03-15,MEM @ MIA,L,28,10,15,0.667,4,7,0.571,1,3,0.333,3,6,9,1,2,1,1,2,25,-23,1,2022-23,Regular Season,1628991,Jaren Jackson Jr.
22022,1628991,22201052,2023-03-17,MEM @ SAS,W,43,12,20,0.6,0,3,0.0,4,7,0.571,3,2,5,1,1,4,5,5,28,10,1,2022-23,Regular Season,1628991,Jaren Jackson Jr.
22022,1628991,22201061,2023-03-18,MEM vs. GSW,W,29,12,22,0.545,3,9,0.333,4,5,0.8,1,6,7,3,0,4,0,3,31,13,1,2022-23,Regular Season,1628991,Jaren Jackson Jr.
22022,1628991,22201075,2023-03-20,MEM vs. DAL,W,23,10,16,0.625,1,2,0.5,7,10,0.7,3,1,4,1,0,1,0,5,28,-2,1,2022-23,Regular Season,1628991,Jaren Jackson Jr.
22022,1628991,22201088,2023-03-22,MEM vs. HOU,W,35,14,20,0.7,1,5,0.2,8,11,0.727,3,7,10,2,1,2,4,4,37,4,1,2022-23,Regular Season,1628991,Jaren Jackson Jr.
22022,1628991,22201100,2023-03-24,MEM vs. HOU,W,26,5,13,0.385,0,4,0.0,8,9,0.889,1,6,7,2,2,2,2,3,18,20,1,2022-23,Regular Season,1628991,Jaren Jackson Jr.
22022,1628991,22201115,2023-03-26,MEM @ ATL,W,34,6,10,0.6,1,2,0.5,2,2,1.0,1,7,8,0,3,5,4,3,15,-3,1,2022-23,Regular Season,1628991,Jaren Jackson Jr.
22022,1628991,22201133,2023-03-28,MEM vs. ORL,W,26,7,11,0.636,2,2,1.0,0,1,0.0,2,8,10,0,0,3,3,6,16,3,1,2022-23,Regular Season,1628991,Jaren Jackson Jr.
22022,1628991,22201156,2023-03-31,MEM vs. LAC,W,26,4,10,0.4,0,2,0.0,1,2,0.5,2,6,8,0,2,3,2,4,9,-21,1,2022-23,Regular Season,1628991,Jaren Jackson Jr.
22022,1628991,22201165,2023-04-02,MEM @ CHI,L,29,11,20,0.55,5,8,0.625,4,4,1.0,3,5,8,1,0,1,1,5,31,-1,1,2022-23,Regular Season,1628991,Jaren Jackson Jr.
22022,1628991,22201184,2023-04-04,MEM vs. POR,W,33,5,9,0.556,0,1,0.0,7,9,0.778,0,7,7,2,0,1,2,4,17,28,1,2022-23,Regular Season,1628991,Jaren Jackson Jr.
22022,1628991,22201194,2023-04-05,MEM @ NOP,L,41,13,28,0.464,3,9,0.333,11,12,0.917,4,5,9,3,1,4,3,4,40,-17,1,2022-23,Regular Season,1628991,Jaren Jackson Jr.
22022,1628991,22201208,2023-04-07,MEM @ MIL,W,27,12,18,0.667,5,6,0.833,7,8,0.875,2,2,4,2,1,3,3,3,36,8,1,2022-23,Regular Season,1628991,Jaren Jackson Jr.
42022,1628991,42200151,2023-04-16,MEM vs. LAL,L,37,13,21,0.619,2,4,0.5,3,3,1.0,2,3,5,4,1,2,1,3,31,-15,1,2022-23,Playoffs,1628991,Jaren Jackson Jr.
42022,1628991,42200152,2023-04-19,MEM vs. LAL,W,40,5,12,0.417,1,3,0.333,7,10,0.7,3,6,9,3,1,3,2,3,18,9,1,2022-23,Playoffs,1628991,Jaren Jackson Jr.
42022,1628991,42200153,2023-04-22,MEM @ LAL,L,32,4,12,0.333,1,3,0.333,4,4,1.0,2,3,5,0,2,0,6,4,13,-5,1,2022-23,Playoffs,1628991,Jaren Jackson Jr.
42022,1628991,42200154,2023-04-24,MEM @ LAL,L,42,5,15,0.333,0,4,0.0,4,5,0.8,6,8,14,1,0,5,4,4,14,1,1,2022-23,Playoffs,1628991,Jaren Jackson Jr.
42022,1628991,42200155,2023-04-26,MEM vs. LAL,W,38,5,11,0.455,2,5,0.4,6,6,1.0,4,6,10,0,1,2,2,5,18,1,1,2022-23,Playoffs,1628991,Jaren Jackson Jr.
42022,1628991,42200156,2023-04-28,MEM @ LAL,L,32,3,12,0.25,1,6,0.167,7,8,0.875,3,1,4,1,1,0,3,5,14,-28,1,2022-23,Playoffs,1628991,Jaren Jackson Jr.
22022,1629636,22200008,2022-10-19,CLE @ TOR,L,13,2,8,0.25,0,1,0.0,0,0,0.0,0,1,1,3,2,1,5,1,4,-10,1,2022-23,Regular Season,1629636,Darius Garland
22022,1629636,22200107,2022-11-02,CLE vs. BOS,W,42,9,20,0.45,5,11,0.455,6,7,0.857,0,5,5,12,3,0,1,3,29,10,1,2022-23,Regular Season,1629636,Darius Garland
22022,1629636,22200140,2022-11-06,CLE @ LAL,W,39,7,18,0.389,3,9,0.333,7,7,1.0,1,3,4,7,0,0,5,4,24,6,1,2022-23,Regular Season,1629636,Darius Garland
22022,1629636,22200158,2022-11-07,CLE @ LAC,L,38,8,17,0.471,2,9,0.222,1,3,0.333,1,0,1,12,1,0,5,1,19,-2,1,2022-23,Regular Season,1629636,Darius Garland
22022,1629636,22200171,2022-11-09,CLE @ SAC,L,34,1,9,0.111,1,4,0.25,3,4,0.75,0,0,0,8,0,0,4,3,6,-6,1,2022-23,Regular Season,1629636,Darius Garland
22022,1629636,22200182,2022-11-11,CLE @ GSW,L,36,5,19,0.263,1,5,0.2,4,4,1.0,1,2,3,8,2,0,0,3,15,-3,1,2022-23,Regular Season,1629636,Darius Garland
22022,1629636,22200193,2022-11-13,CLE vs. MIN,L,40,16,31,0.516,10,15,0.667,9,13,0.692,1,1,2,6,2,0,2,3,51,6,1,2022-23,Regular Season,1629636,Darius Garland
22022,1629636,22200216,2022-11-16,CLE @ MIL,L,35,8,20,0.4,5,9,0.556,2,3,0.667,0,4,4,8,1,1,1,1,23,-1,1,2022-23,Regular Season,1629636,Darius Garland
22022,1629636,22200225,2022-11-18,CLE vs. CHA,W,48,16,26,0.615,3,8,0.375,6,8,0.75,0,1,1,6,5,1,8,5,41,23,1,2022-23,Regular Season,1629636,Darius Garland
22022,1629636,22200244,2022-11-20,CLE vs. MIA,W,28,7,12,0.583,4,7,0.571,7,7,1.0,0,2,2,7,0,0,5,2,25,12,1,2022-23,Regular Season,1629636,Darius Garland
22022,1629636,22200248,2022-11-21,CLE vs. ATL,W,38,9,14,0.643,2,4,0.5,6,6,1.0,0,0,0,9,1,0,8,1,26,4,1,2022-23,Regular Season,1629636,Darius Garland
22022,1629636,22200261,2022-11-23,CLE vs. POR,W,36,9,19,0.474,4,9,0.444,2,2,1.0,0,0,0,12,0,0,2,1,24,26,1,2022-23,Regular Season,1629636,Darius Garland
22022,1629636,22200280,2022-11-25,CLE @ MIL,L,38,7,18,0.389,1,5,0.2,5,5,1.0,0,4,4,3,0,0,2,3,20,-26,1,2022-23,Regular Season,1629636,Darius Garland
22022,1629636,22200295,2022-11-27,CLE @ DET,W,40,4,19,0.211,0,5,0.0,11,12,0.917,0,3,3,10,0,0,2,1,19,1,1,2022-23,Regular Season,1629636,Darius Garland
22022,1629636,22200303,2022-11-28,CLE @ TOR,L,33,7,11,0.636,2,5,0.4,2,2,1.0,1,3,4,10,3,1,2,3,18,-8,1,2022-23,Regular Season,1629636,Darius Garland
22022,1629636,22200312,2022-11-30,CLE vs. PHI,W,32,9,16,0.563,3,4,0.75,0,0,0.0,0,2,2,9,0,0,2,1,21,24,1,2022-23,Regular Season,1629636,Darius Garland
22022,1629636,22200330,2022-12-02,CLE vs. ORL,W,37,6,15,0.4,2,6,0.333,4,4,1.0,0,1,1,6,1,0,1,0,18,-5,1,2022-23,Regular Season,1629636,Darius Garland
22022,1629636,22200348,2022-12-04,CLE @ NYK,L,39,5,19,0.263,3,9,0.333,4,5,0.8,0,2,2,3,1,0,4,0,17,-17,1,2022-23,Regular Season,1629636,Darius Garland
22022,1629636,22200360,2022-12-06,CLE vs. LAL,W,38,8,18,0.444,1,6,0.167,4,4,1.0,1,2,3,11,1,0,1,2,21,22,1,2022-23,Regular Season,1629636,Darius Garland
22022,1629636,22200381,2022-12-09,CLE vs. SAC,L,35,7,17,0.412,3,7,0.429,1,1,1.0,0,2,2,6,2,0,6,2,18,-13,1,2022-23,Regular Season,1629636,Darius Garland
22022,1629636,22200390,2022-12-10,CLE vs. OKC,W,34,3,9,0.333,1,4,0.25,6,6,1.0,0,3,3,8,2,0,6,1,13,9,1,2022-23,Regular Season,1629636,Darius Garland
22022,1629636,22200406,2022-12-12,CLE @ SAS,L,39,7,22,0.318,1,6,0.167,3,3,1.0,2,5,7,9,1,0,4,2,18,10,1,2022-23,Regular Season,1629636,Darius Garland
22022,1629636,22200421,2022-12-14,CLE @ DAL,W,34,4,11,0.364,1,3,0.333,3,3,1.0,0,2,2,6,2,0,0,2,12,5,1,2022-23,Regular Season,1629636,Darius Garland
22022,1629636,22200431,2022-12-16,CLE vs. IND,W,36,5,11,0.455,2,4,0.5,8,8,1.0,2,4,6,10,2,0,3,2,20,11,1,2022-23,Regular Season,1629636,Darius Garland
22022,1629636,22200440,2022-12-17,CLE vs. DAL,W,44,8,18,0.444,1,6,0.167,1,2,0.5,0,7,7,12,4,1,0,3,18,14,1,2022-23,Regular Season,1629636,Darius Garland
22022,1629636,22200452,2022-12-19,CLE vs. UTA,W,30,7,11,0.636,2,4,0.5,1,1,1.0,0,1,1,8,0,0,6,2,17,25,1,2022-23,Regular Season,1629636,Darius Garland
22022,1629636,22200466,2022-12-21,CLE vs. MIL,W,37,9,19,0.474,2,5,0.4,3,4,0.75,1,3,4,2,1,0,4,4,23,4,1,2022-23,Regular Season,1629636,Darius Garland
22022,1629636,22200484,2022-12-23,CLE vs. TOR,L,31,6,13,0.462,2,5,0.4,3,3,1.0,0,1,1,8,1,0,5,3,17,-12,1,2022-23,Regular Season,1629636,Darius Garland
22022,1629636,22200498,2022-12-26,CLE vs. BKN,L,40,14,20,0.7,5,7,0.714,13,15,0.867,1,2,3,8,1,0,1,1,46,6,1,2022-23,Regular Season,1629636,Darius Garland
22022,1629636,22200524,2022-12-29,CLE @ IND,L,35,8,11,0.727,2,3,0.667,0,2,0.0,1,0,1,8,0,0,1,1,18,-12,1,2022-23,Regular Season,1629636,Darius Garland
22022,1629636,22200588,2023-01-06,CLE @ DEN,L,33,8,20,0.4,1,6,0.167,4,6,0.667,1,3,4,8,0,0,1,3,21,-15,1,2022-23,Regular Season,1629636,Darius Garland
22022,1629636,22200603,2023-01-08,CLE @ PHX,W,35,8,17,0.471,2,5,0.4,4,5,0.8,0,2,2,7,2,0,2,1,22,22,1,2022-23,Regular Season,1629636,Darius Garland
22022,1629636,22200614,2023-01-10,CLE @ UTA,L,38,8,18,0.444,1,4,0.25,4,4,1.0,0,5,5,6,0,0,4,3,21,5,1,2022-23,Regular Season,1629636,Darius Garland
22022,1629636,22200631,2023-01-12,CLE @ POR,W,33,5,12,0.417,2,3,0.667,8,10,0.8,0,2,2,10,0,0,4,4,20,7,1,2022-23,Regular Season,1629636,Darius Garland
22022,1629636,22200645,2023-01-14,CLE @ MIN,L,35,6,11,0.545,1,3,0.333,2,2,1.0,0,3,3,4,0,0,4,2,15,-4,1,2022-23,Regular Season,1629636,Darius Garland
22022,1629636,22200658,2023-01-16,CLE vs. NOP,W,40,9,22,0.409,5,10,0.5,7,7,1.0,2,4,6,11,1,0,2,2,30,16,1,2022-23,Regular Season,1629636,Darius Garland
22022,1629636,22200672,2023-01-18,CLE @ MEM,L,39,7,17,0.412,5,11,0.455,5,6,0.833,0,5,5,14,2,0,2,3,24,10,1,2022-23,Regular Season,1629636,Darius Garland
22022,1629636,22200685,2023-01-20,CLE vs. GSW,L,40,10,25,0.4,3,11,0.273,8,8,1.0,0,2,2,9,2,0,4,0,31,-1,1,2022-23,Regular Season,1629636,Darius Garland
22022,1629636,22200695,2023-01-21,CLE vs. MIL,W,36,9,16,0.563,1,3,0.333,2,2,1.0,1,2,3,10,2,0,1,2,21,19,1,2022-23,Regular Season,1629636,Darius Garland
22022,1629636,22200715,2023-01-24,CLE @ NYK,L,35,6,17,0.353,2,6,0.333,8,10,0.8,1,3,4,6,2,0,1,0,22,20,1,2022-23,Regular Season,1629636,Darius Garland
22022,1629636,22200733,2023-01-26,CLE @ HOU,W,33,9,16,0.563,5,8,0.625,3,3,1.0,2,2,4,9,3,0,1,1,26,17,1,2022-23,Regular Season,1629636,Darius Garland
22022,1629636,22200739,2023-01-27,CLE @ OKC,L,37,10,23,0.435,3,8,0.375,8,10,0.8,0,2,2,13,4,0,2,2,31,-10,1,2022-23,Regular Season,1629636,Darius Garland
22022,1629636,22200754,2023-01-29,CLE vs. LAC,W,23,5,7,0.714,2,3,0.667,4,4,1.0,0,2,2,10,0,0,1,0,16,27,1,2022-23,Regular Season,1629636,Darius Garland
22022,1629636,22200764,2023-01-31,CLE vs. MIA,L,31,7,13,0.538,2,7,0.286,0,0,0.0,0,1,1,5,1,0,3,5,16,6,1,2022-23,Regular Season,1629636,Darius Garland
22022,1629636,22200779,2023-02-02,CLE vs. MEM,W,33,11,19,0.579,4,6,0.667,6,6,1.0,0,2,2,11,0,0,4,2,32,15,1,2022-23,Regular Season,1629636,Darius Garland
22022,1629636,22200803,2023-02-05,CLE @ IND,W,35,8,13,0.615,4,6,0.667,4,4,1.0,1,2,3,6,0,0,1,3,24,25,1,2022-23,Regular Season,1629636,Darius Garland
22022,1629636,22200809,2023-02-06,CLE @ WAS,W,28,9,15,0.6,5,9,0.556,0,2,0.0,0,2,2,5,3,0,3,1,23,18,1,2022-23,Regular Season,1629636,Darius Garland
22022,1629636,22200842,2023-02-10,CLE @ NOP,W,23,4,6,0.667,2,3,0.667,1,2,0.5,1,1,2,7,0,0,3,3,11,15,1,2022-23,Regular Season,1629636,Darius Garland
22022,1629636,22200852,2023-02-11,CLE vs. CHI,W,37,6,14,0.429,3,6,0.5,4,4,1.0,0,2,2,7,0,0,5,4,19,1,1,2022-23,Regular Season,1629636,Darius Garland
22022,1629636,22200858,2023-02-13,CLE vs. SAS,W,30,7,13,0.538,0,4,0.0,2,2,1.0,0,2,2,7,0,0,6,4,16,-8,1,2022-23,Regular Season,1629636,Darius Garland
22022,1629636,22200875,2023-02-15,CLE @ PHI,L,43,10,14,0.714,3,3,1.0,4,6,0.667,0,2,2,6,3,0,1,4,27,-10,1,2022-23,Regular Season,1629636,Darius Garland
22022,1629636,22200886,2023-02-23,CLE vs. DEN,L,37,7,20,0.35,1,6,0.167,7,8,0.875,0,1,1,5,2,0,2,2,22,-12,1,2022-23,Regular Season,1629636,Darius Garland
22022,1629636,22200896,2023-02-24,CLE @ ATL,L,31,11,19,0.579,4,8,0.5,7,7,1.0,0,0,0,2,2,0,3,1,33,-10,1,2022-23,Regular Season,1629636,Darius Garland
22022,1629636,22200914,2023-02-26,CLE vs. TOR,W,34,6,12,0.5,3,4,0.75,3,3,1.0,1,2,3,11,0,2,0,1,18,39,1,2022-23,Regular Season,1629636,Darius Garland
22022,1629636,22200935,2023-03-01,CLE @ BOS,L,41,12,21,0.571,5,9,0.556,0,3,0.0,0,3,3,9,4,0,4,2,29,1,1,2022-23,Regular Season,1629636,Darius Garland
22022,1629636,22200957,2023-03-04,CLE vs. DET,W,24,8,11,0.727,5,6,0.833,0,0,0.0,1,2,3,7,2,0,2,4,21,20,1,2022-23,Regular Season,1629636,Darius Garland
22022,1629636,22200971,2023-03-06,CLE vs. BOS,W,42,6,18,0.333,2,7,0.286,3,4,0.75,0,5,5,12,1,0,3,2,17,17,1,2022-23,Regular Season,1629636,Darius Garland
22022,1629636,22200987,2023-03-08,CLE @ MIA,W,39,8,16,0.5,3,6,0.5,6,6,1.0,0,0,0,7,2,0,3,5,25,7,1,2022-23,Regular Season,1629636,Darius Garland
22022,1629636,22201015,2023-03-12,CLE @ CHA,W,39,8,20,0.4,2,10,0.2,10,13,0.769,0,6,6,6,1,0,4,1,28,22,1,2022-23,Regular Season,1629636,Darius Garland
22022,1629636,22201027,2023-03-14,CLE @ CHA,W,28,7,15,0.467,2,4,0.5,3,5,0.6,0,3,3,7,1,0,2,1,19,14,1,2022-23,Regular Season,1629636,Darius Garland
22022,1629636,22201035,2023-03-15,CLE vs. PHI,L,36,6,17,0.353,1,7,0.143,2,2,1.0,0,2,2,5,0,0,4,3,15,-11,1,2022-23,Regular Season,1629636,Darius Garland
22022,1629636,22201049,2023-03-17,CLE vs. WAS,W,37,11,19,0.579,1,5,0.2,1,1,1.0,2,2,4,9,0,0,1,0,24,21,1,2022-23,Regular Season,1629636,Darius Garland
22022,1629636,22201079,2023-03-21,CLE @ BKN,W,32,7,13,0.538,1,3,0.333,2,2,1.0,0,1,1,6,1,0,5,1,17,-5,1,2022-23,Regular Season,1629636,Darius Garland
22022,1629636,22201094,2023-03-23,CLE @ BKN,W,39,4,16,0.25,2,6,0.333,3,3,1.0,0,1,1,8,3,0,3,2,13,15,1,2022-23,Regular Season,1629636,Darius Garland
22022,1629636,22201117,2023-03-26,CLE vs. HOU,W,38,6,16,0.375,1,4,0.25,4,4,1.0,1,3,4,8,0,0,1,4,17,21,1,2022-23,Regular Season,1629636,Darius Garland
22022,1629636,22201131,2023-03-28,CLE @ ATL,L,41,10,22,0.455,1,6,0.167,6,6,1.0,0,2,2,5,0,1,4,4,27,8,1,2022-23,Regular Season,1629636,Darius Garland
22022,1629636,22201154,2023-03-31,CLE vs. NYK,L,38,8,19,0.421,2,4,0.5,2,2,1.0,0,3,3,9,0,0,2,2,20,-10,1,2022-23,Regular Season,1629636,Darius Garland
22022,1629636,22201173,2023-04-02,CLE vs. IND,W,39,8,20,0.4,2,3,0.667,2,2,1.0,1,2,3,6,2,0,2,2,20,3,1,2022-23,Regular Season,1629636,Darius Garland
22022,1629636,22201178,2023-04-04,CLE @ ORL,W,38,6,16,0.375,1,4,0.25,3,3,1.0,0,2,2,10,0,1,3,1,16,14,1,2022-23,Regular Season,1629636,Darius Garland
42022,1629636,42200131,2023-04-15,CLE vs. NYK,L,43,7,13,0.538,2,4,0.5,1,3,0.333,0,0,0,1,4,1,5,3,17,-3,1,2022-23,Playoffs,1629636,Darius Garland
42022,1629636,42200132,2023-04-18,CLE vs. NYK,W,36,8,17,0.471,6,10,0.6,10,11,0.909,0,3,3,7,0,0,4,2,32,29,1,2022-23,Playoffs,1629636,Darius Garland
42022,1629636,42200133,2023-04-21,CLE @ NYK,L,33,4,21,0.19,1,7,0.143,1,2,0.5,0,2,2,3,4,0,3,2,10,-21,1,2022-23,Playoffs,1629636,Darius Garland
42022,1629636,42200134,2023-04-23,CLE @ NYK,L,36,9,16,0.563,2,4,0.5,3,3,1.0,0,2,2,10,0,0,0,4,23,-7,1,2022-23,Playoffs,1629636,Darius Garland
42022,1629636,42200135,2023-04-26,CLE vs. NYK,L,40,7,13,0.538,1,6,0.167,6,6,1.0,0,2,2,4,0,0,6,6,21,-16,1,2022-23,Playoffs,1629636,Darius Garland
22022,1628401,22200001,2022-10-18,BOS vs. PHI,W,24,1,3,0.333,0,1,0.0,0,1,0.0,1,2,3,4,1,0,1,2,2,9,1,2022-23,Regular Season,1628401,Derrick White
22022,1628401,22200022,2022-10-21,BOS @ MIA,W,25,2,5,0.4,2,4,0.5,4,4,1.0,0,7,7,1,0,3,1,4,10,1,1,2022-23,Regular Season,1628401,Derrick White
22022,1628401,22200030,2022-10-22,BOS @ ORL,W,37,10,17,0.588,5,9,0.556,2,3,0.667,2,2,4,4,1,0,0,2,27,7,1,2022-23,Regular Season,1628401,Derrick White
22022,1628401,22200047,2022-10-24,BOS @ CHI,L,26,2,8,0.25,1,5,0.2,0,0,0.0,0,1,1,4,0,0,1,4,5,5,1,2022-23,Regular Season,1628401,Derrick White
22022,1628401,22200072,2022-10-28,BOS vs. CLE,L,22,3,5,0.6,1,2,0.5,2,2,1.0,0,1,1,1,2,0,2,4,9,-1,1,2022-23,Regular Season,1628401,Derrick White
22022,1628401,22200089,2022-10-30,BOS vs. WAS,W,24,2,6,0.333,1,2,0.5,0,0,0.0,1,4,5,2,0,0,0,3,5,15,1,2022-23,Regular Season,1628401,Derrick White
22022,1628401,22200107,2022-11-02,BOS @ CLE,L,32,1,4,0.25,1,3,0.333,0,0,0.0,0,3,3,6,0,2,0,4,3,7,1,2022-23,Regular Season,1628401,Derrick White
22022,1628401,22200124,2022-11-04,BOS vs. CHI,W,26,3,6,0.5,1,3,0.333,0,0,0.0,0,3,3,2,1,2,0,4,7,-10,1,2022-23,Regular Season,1628401,Derrick White
22022,1628401,22200135,2022-11-05,BOS @ NYK,W,22,3,5,0.6,1,2,0.5,0,0,0.0,1,2,3,1,0,0,1,1,7,-5,1,2022-23,Regular Season,1628401,Derrick White
22022,1628401,22200152,2022-11-07,BOS @ MEM,W,18,2,5,0.4,0,2,0.0,0,0,0.0,1,1,2,1,1,1,0,2,4,-3,1,2022-23,Regular Season,1628401,Derrick White
22022,1628401,22200163,2022-11-09,BOS vs. DET,W,20,2,4,0.5,2,2,1.0,2,2,1.0,1,7,8,4,0,1,1,2,8,4,1,2022-23,Regular Season,1628401,Derrick White
22022,1628401,22200176,2022-11-11,BOS vs. DEN,W,24,3,9,0.333,2,6,0.333,2,2,1.0,1,0,1,4,0,1,0,1,10,6,1,2022-23,Regular Season,1628401,Derrick White
22022,1628401,22200186,2022-11-12,BOS @ DET,W,25,3,12,0.25,1,5,0.2,5,6,0.833,0,3,3,4,0,2,0,4,12,4,1,2022-23,Regular Season,1628401,Derrick White
22022,1628401,22200201,2022-11-14,BOS vs. OKC,W,33,5,9,0.556,2,4,0.5,4,4,1.0,0,1,1,5,4,0,1,3,16,21,1,2022-23,Regular Season,1628401,Derrick White
22022,1628401,22200214,2022-11-16,BOS @ ATL,W,31,6,11,0.545,2,4,0.5,2,2,1.0,1,4,5,10,0,1,2,0,16,17,1,2022-23,Regular Season,1628401,Derrick White
22022,1628401,22200231,2022-11-18,BOS @ NOP,W,35,9,12,0.75,6,8,0.75,2,2,1.0,0,3,3,1,2,2,1,2,26,21,1,2022-23,Regular Season,1628401,Derrick White
22022,1628401,22200250,2022-11-21,BOS @ CHI,L,18,2,5,0.4,0,3,0.0,0,0,0.0,0,2,2,2,0,0,1,3,4,1,1,2022-23,Regular Season,1628401,Derrick White
22022,1628401,22200264,2022-11-23,BOS vs. DAL,W,29,4,9,0.444,3,6,0.5,1,1,1.0,0,2,2,1,0,0,2,3,12,-4,1,2022-23,Regular Season,1628401,Derrick White
22022,1628401,22200275,2022-11-25,BOS vs. SAC,W,26,6,11,0.545,3,7,0.429,1,2,0.5,0,3,3,2,3,0,0,2,16,-2,1,2022-23,Regular Season,1628401,Derrick White
22022,1628401,22200294,2022-11-27,BOS vs. WAS,W,31,4,7,0.571,2,4,0.5,5,5,1.0,1,1,2,3,2,0,1,3,15,20,1,2022-23,Regular Season,1628401,Derrick White
22022,1628401,22200301,2022-11-28,BOS vs. CHA,W,25,5,8,0.625,3,4,0.75,2,2,1.0,1,1,2,6,1,0,1,1,15,25,1,2022-23,Regular Season,1628401,Derrick White
22022,1628401,22200314,2022-11-30,BOS vs. MIA,W,25,6,10,0.6,3,7,0.429,0,1,0.0,0,1,1,5,1,0,3,1,15,9,1,2022-23,Regular Season,1628401,Derrick White
22022,1628401,22200328,2022-12-02,BOS vs. MIA,L,28,3,8,0.375,2,5,0.4,5,5,1.0,1,3,4,3,1,0,2,4,13,7,1,2022-23,Regular Season,1628401,Derrick White
22022,1628401,22200346,2022-12-04,BOS @ BKN,W,22,1,7,0.143,1,5,0.2,0,0,0.0,0,2,2,2,0,1,3,2,3,2,1,2022-23,Regular Season,1628401,Derrick White
22022,1628401,22200355,2022-12-05,BOS @ TOR,W,27,2,6,0.333,1,3,0.333,4,4,1.0,2,2,4,5,1,1,0,3,9,9,1,2022-23,Regular Season,1628401,Derrick White
22022,1628401,22200373,2022-12-07,BOS @ PHX,W,18,3,9,0.333,1,4,0.25,0,0,0.0,1,1,2,6,3,0,0,2,7,23,1,2022-23,Regular Season,1628401,Derrick White
22022,1628401,22200392,2022-12-10,BOS @ GSW,L,22,1,7,0.143,0,4,0.0,4,6,0.667,0,2,2,0,0,3,1,3,6,-14,1,2022-23,Regular Season,1628401,Derrick White
22022,1628401,22200408,2022-12-12,BOS @ LAC,L,15,1,3,0.333,1,3,0.333,0,0,0.0,0,0,0,1,0,0,0,0,3,-16,1,2022-23,Regular Season,1628401,Derrick White
22022,1628401,22200413,2022-12-13,BOS @ LAL,W,26,4,7,0.571,2,4,0.5,0,0,0.0,0,1,1,0,0,0,0,1,10,2,1,2022-23,Regular Season,1628401,Derrick White
22022,1628401,22200430,2022-12-16,BOS vs. ORL,L,26,1,5,0.2,0,3,0.0,1,2,0.5,1,2,3,1,1,3,1,2,3,-1,1,2022-23,Regular Season,1628401,Derrick White
22022,1628401,22200445,2022-12-18,BOS vs. ORL,L,30,1,7,0.143,0,3,0.0,6,6,1.0,1,4,5,4,1,0,2,1,8,-4,1,2022-23,Regular Season,1628401,Derrick White
22022,1628401,22200469,2022-12-21,BOS vs. IND,L,26,0,7,0.0,0,3,0.0,2,2,1.0,1,5,6,3,1,1,3,3,2,-4,1,2022-23,Regular Season,1628401,Derrick White
22022,1628401,22200482,2022-12-23,BOS vs. MIN,W,33,8,13,0.615,0,3,0.0,2,3,0.667,2,3,5,3,0,2,1,3,18,23,1,2022-23,Regular Season,1628401,Derrick White
22022,1628401,22200495,2022-12-25,BOS vs. MIL,W,30,4,6,0.667,2,3,0.667,2,3,0.667,0,3,3,5,1,0,1,2,12,20,1,2022-23,Regular Season,1628401,Derrick White
22022,1628401,22200507,2022-12-27,BOS vs. HOU,W,30,2,6,0.333,0,4,0.0,2,2,1.0,2,5,7,3,1,2,1,1,6,22,1,2022-23,Regular Season,1628401,Derrick White
22022,1628401,22200525,2022-12-29,BOS vs. LAC,W,37,6,8,0.75,2,4,0.5,1,1,1.0,0,2,2,4,0,2,1,3,15,4,1,2022-23,Regular Season,1628401,Derrick White
22022,1628401,22200549,2023-01-01,BOS @ DEN,L,23,5,9,0.556,2,5,0.4,1,2,0.5,0,1,1,3,1,1,1,1,13,-14,1,2022-23,Regular Season,1628401,Derrick White
22022,1628401,22200562,2023-01-03,BOS @ OKC,L,22,2,8,0.25,1,6,0.167,3,3,1.0,1,3,4,6,0,2,2,3,8,-3,1,2022-23,Regular Season,1628401,Derrick White
22022,1628401,22200577,2023-01-05,BOS @ DAL,W,21,4,7,0.571,2,5,0.4,0,0,0.0,0,0,0,1,0,2,2,4,10,14,1,2022-23,Regular Season,1628401,Derrick White
22022,1628401,22200591,2023-01-07,BOS @ SAS,W,32,3,7,0.429,1,2,0.5,1,1,1.0,0,5,5,11,0,3,0,0,8,-2,1,2022-23,Regular Season,1628401,Derrick White
22022,1628401,22200606,2023-01-09,BOS vs. CHI,W,30,3,9,0.333,0,3,0.0,2,2,1.0,1,4,5,4,0,1,1,4,8,21,1,2022-23,Regular Season,1628401,Derrick White
22022,1628401,22200621,2023-01-11,BOS vs. NOP,W,30,2,6,0.333,1,4,0.25,0,0,0.0,0,4,4,6,2,1,2,3,5,2,1,2022-23,Regular Season,1628401,Derrick White
22022,1628401,22200627,2023-01-12,BOS @ BKN,W,37,5,10,0.5,4,7,0.571,1,2,0.5,2,5,7,1,1,1,2,1,15,12,1,2022-23,Regular Season,1628401,Derrick White
22022,1628401,22200642,2023-01-14,BOS @ CHA,W,4,3,3,1.0,2,2,1.0,0,0,0.0,0,0,0,0,0,0,1,0,8,1,1,2022-23,Regular Season,1628401,Derrick White
22022,1628401,22200656,2023-01-16,BOS @ CHA,W,30,5,11,0.455,3,7,0.429,6,6,1.0,1,2,3,8,0,0,1,2,19,9,1,2022-23,Regular Season,1628401,Derrick White
22022,1628401,22200679,2023-01-19,BOS vs. GSW,W,17,0,6,0.0,0,3,0.0,1,2,0.5,0,0,0,3,1,0,0,3,1,4,1,2022-23,Regular Season,1628401,Derrick White
22022,1628401,22200692,2023-01-21,BOS @ TOR,W,29,4,12,0.333,0,3,0.0,0,0,0.0,0,1,1,3,1,1,0,2,8,5,1,2022-23,Regular Season,1628401,Derrick White
22022,1628401,22200707,2023-01-23,BOS @ ORL,L,27,4,8,0.5,2,4,0.5,1,1,1.0,0,4,4,4,1,2,3,2,11,-19,1,2022-23,Regular Season,1628401,Derrick White
22022,1628401,22200714,2023-01-24,BOS @ MIA,L,34,7,17,0.412,2,7,0.286,7,8,0.875,1,2,3,6,2,1,1,4,23,-7,1,2022-23,Regular Season,1628401,Derrick White
22022,1628401,22200730,2023-01-26,BOS vs. NYK,L,28,4,10,0.4,4,7,0.571,3,4,0.75,0,3,3,4,0,2,1,1,15,-10,1,2022-23,Regular Season,1628401,Derrick White
22022,1628401,22200749,2023-01-28,BOS vs. LAL,W,36,5,8,0.625,2,5,0.4,2,2,1.0,1,4,5,2,0,1,0,0,14,-7,1,2022-23,Regular Season,1628401,Derrick White
22022,1628401,22200772,2023-02-01,BOS vs. BKN,W,32,6,11,0.545,2,6,0.333,0,0,0.0,0,10,10,5,0,0,0,0,14,34,1,2022-23,Regular Season,1628401,Derrick White
22022,1628401,22200788,2023-02-03,BOS vs. PHX,L,35,6,12,0.5,2,4,0.5,5,6,0.833,1,4,5,1,0,0,2,2,19,-6,1,2022-23,Regular Season,1628401,Derrick White
22022,1628401,22200808,2023-02-06,BOS @ DET,W,37,8,17,0.471,2,4,0.5,5,5,1.0,0,7,7,7,0,0,1,3,23,18,1,2022-23,Regular Season,1628401,Derrick White
22022,1628401,22200824,2023-02-08,BOS vs. PHI,W,38,8,13,0.615,3,6,0.5,0,0,0.0,0,6,6,3,0,2,1,3,19,2,1,2022-23,Regular Season,1628401,Derrick White
22022,1628401,22200838,2023-02-10,BOS vs. CHA,W,37,12,19,0.632,8,14,0.571,1,1,1.0,0,3,3,10,1,3,1,2,33,21,1,2022-23,Regular Season,1628401,Derrick White
22022,1628401,22200855,2023-02-12,BOS vs. MEM,W,40,8,20,0.4,4,9,0.444,3,4,0.75,1,2,3,10,0,0,3,0,23,8,1,2022-23,Regular Season,1628401,Derrick White
22022,1628401,22200869,2023-02-14,BOS @ MIL,L,43,10,24,0.417,3,12,0.25,4,4,1.0,0,2,2,12,3,0,3,4,27,-5,1,2022-23,Regular Season,1628401,Derrick White
22022,1628401,22200877,2023-02-15,BOS vs. DET,W,27,3,11,0.273,2,6,0.333,3,4,0.75,1,3,4,6,2,1,0,1,11,12,1,2022-23,Regular Season,1628401,Derrick White
22022,1628401,22200887,2023-02-23,BOS @ IND,W,25,6,12,0.5,3,6,0.5,2,2,1.0,1,2,3,2,0,0,2,1,17,8,1,2022-23,Regular Season,1628401,Derrick White
22022,1628401,22200908,2023-02-25,BOS @ PHI,W,25,7,9,0.778,2,3,0.667,2,3,0.667,1,0,1,2,0,1,0,1,18,25,1,2022-23,Regular Season,1628401,Derrick White
22022,1628401,22200921,2023-02-27,BOS @ NYK,L,32,4,11,0.364,0,5,0.0,5,5,1.0,1,5,6,4,0,1,2,2,13,0,1,2022-23,Regular Season,1628401,Derrick White
22022,1628401,22200935,2023-03-01,BOS vs. CLE,W,25,2,5,0.4,0,2,0.0,0,0,0.0,1,1,2,5,0,1,0,4,4,-1,1,2022-23,Regular Season,1628401,Derrick White
22022,1628401,22200948,2023-03-03,BOS vs. BKN,L,24,6,10,0.6,0,4,0.0,4,4,1.0,0,4,4,3,0,1,3,3,16,4,1,2022-23,Regular Season,1628401,Derrick White
22022,1628401,22200969,2023-03-05,BOS vs. NYK,L,32,4,12,0.333,1,4,0.25,3,4,0.75,3,3,6,4,1,1,1,3,12,3,1,2022-23,Regular Season,1628401,Derrick White
22022,1628401,22200971,2023-03-06,BOS @ CLE,L,36,5,14,0.357,2,5,0.4,0,0,0.0,2,1,3,2,0,0,1,4,12,-9,1,2022-23,Regular Season,1628401,Derrick White
22022,1628401,22200986,2023-03-08,BOS vs. POR,W,36,8,12,0.667,1,5,0.2,4,4,1.0,1,4,5,7,0,0,2,3,21,7,1,2022-23,Regular Season,1628401,Derrick White
22022,1628401,22201008,2023-03-11,BOS @ ATL,W,36,7,10,0.7,2,4,0.5,2,2,1.0,1,3,4,7,1,1,0,3,18,9,1,2022-23,Regular Season,1628401,Derrick White
22022,1628401,22201024,2023-03-13,BOS @ HOU,L,27,4,8,0.5,1,3,0.333,0,0,0.0,2,3,5,3,0,0,1,5,9,-2,1,2022-23,Regular Season,1628401,Derrick White
22022,1628401,22201039,2023-03-15,BOS @ MIN,W,25,3,8,0.375,3,6,0.5,0,0,0.0,0,3,3,4,1,2,0,2,9,11,1,2022-23,Regular Season,1628401,Derrick White
22022,1628401,22201053,2023-03-17,BOS @ POR,W,36,2,5,0.4,1,3,0.333,8,8,1.0,0,4,4,2,1,1,3,1,13,14,1,2022-23,Regular Season,1628401,Derrick White
22022,1628401,22201062,2023-03-18,BOS @ UTA,L,25,4,7,0.571,1,4,0.25,1,1,1.0,0,5,5,4,1,1,0,2,10,-1,1,2022-23,Regular Season,1628401,Derrick White
22022,1628401,22201081,2023-03-21,BOS @ SAC,W,38,6,11,0.545,5,10,0.5,3,4,0.75,3,4,7,12,0,2,1,2,20,18,1,2022-23,Regular Season,1628401,Derrick White
22022,1628401,22201097,2023-03-24,BOS vs. IND,W,38,7,17,0.412,5,9,0.556,3,3,1.0,0,4,4,9,1,1,0,2,22,20,1,2022-23,Regular Season,1628401,Derrick White
22022,1628401,22201116,2023-03-26,BOS vs. SAS,W,33,7,11,0.636,4,6,0.667,1,2,0.5,1,7,8,2,1,2,1,0,19,41,1,2022-23,Regular Season,1628401,Derrick White
22022,1628401,22201130,2023-03-28,BOS @ WAS,L,24,2,5,0.4,1,3,0.333,2,2,1.0,0,3,3,1,0,2,1,0,7,-20,1,2022-23,Regular Season,1628401,Derrick White
22022,1628401,22201146,2023-03-30,BOS @ MIL,W,26,2,6,0.333,2,4,0.5,2,2,1.0,0,5,5,0,0,1,1,1,8,17,1,2022-23,Regular Season,1628401,Derrick White
22022,1628401,22201152,2023-03-31,BOS vs. UTA,W,29,6,15,0.4,2,9,0.222,3,3,1.0,1,1,2,2,0,1,1,0,17,16,1,2022-23,Regular Season,1628401,Derrick White
22022,1628401,22201181,2023-04-04,BOS @ PHI,L,40,9,18,0.5,4,10,0.4,4,4,1.0,1,6,7,4,0,2,2,3,26,4,1,2022-23,Regular Season,1628401,Derrick White
22022,1628401,22201192,2023-04-05,BOS vs. TOR,W,40,6,15,0.4,2,7,0.286,3,4,0.75,0,4,4,2,2,1,3,4,17,-2,1,2022-23,Regular Season,1628401,Derrick White
22022,1628401,22201206,2023-04-07,BOS vs. TOR,W,28,4,7,0.571,0,2,0.0,4,5,0.8,1,5,6,10,1,0,6,1,12,11,1,2022-23,Regular Season,1628401,Derrick White
22022,1628401,22201216,2023-04-09,BOS vs. ATL,W,5,1,2,0.5,1,2,0.5,0,0,0.0,0,0,0,1,0,0,1,0,3,5,1,2022-23,Regular Season,1628401,Derrick White
42022,1628401,42200111,2023-04-15,BOS vs. ATL,W,39,7,13,0.538,4,7,0.571,6,7,0.857,1,4,5,7,0,2,2,1,24,13,1,2022-23,Playoffs,1628401,Derrick White
42022,1628401,42200112,2023-04-18,BOS vs. ATL,W,34,11,16,0.688,2,5,0.4,2,2,1.0,0,7,7,2,1,3,3,1,26,2,1,2022-23,Playoffs,1628401,Derrick White
42022,1628401,42200113,2023-04-21,BOS @ ATL,L,30,4,7,0.571,3,4,0.75,0,0,0.0,0,2,2,4,1,0,0,5,11,-14,1,2022-23,Playoffs,1628401,Derrick White
42022,1628401,42200114,2023-04-23,BOS @ ATL,W,32,7,14,0.5,4,9,0.444,0,0,0.0,0,2,2,2,0,0,2,3,18,7,1,2022-23,Playoffs,1628401,Derrick White
42022,1628401,42200115,2023-04-25,BOS vs. ATL,L,31,7,11,0.636,2,5,0.4,2,2,1.0,0,5,5,4,0,2,0,1,18,9,1,2022-23,Playoffs,1628401,Derrick White
42022,1628401,42200116,2023-04-27,BOS @ ATL,W,30,3,9,0.333,1,5,0.2,0,0,0.0,1,1,2,2,0,1,1,3,7,-1,1,2022-23,Playoffs,1628401,Derrick White
42022,1628401,42200211,2023-05-01,BOS vs. PHI,L,27,1,5,0.2,0,4,0.0,2,2,1.0,0,2,2,3,1,0,2,2,4,-15,1,2022-23,Playoffs,1628401,Derrick White
42022,1628401,42200212,2023-05-03,BOS vs. PHI,W,30,5,9,0.556,3,6,0.5,2,2,1.0,1,0,1,1,0,0,0,1,15,23,1,2022-23,Playoffs,1628401,Derrick White
42022,1628401,42200213,2023-05-05,BOS @ PHI,W,32,4,9,0.444,2,5,0.4,3,3,1.0,1,5,6,2,0,0,1,1,13,5,1,2022-23,Playoffs,1628401,Derrick White
42022,1628401,42200214,2023-05-07,BOS @ PHI,L,31,5,11,0.455,2,4,0.5,0,0,0.0,1,1,2,0,0,1,0,1,12,-8,1,2022-23,Playoffs,1628401,Derrick White
42022,1628401,42200215,2023-05-09,BOS vs. PHI,L,34,2,6,0.333,0,2,0.0,3,3,1.0,2,3,5,0,0,0,0,1,7,-15,1,2022-23,Playoffs,1628401,Derrick White
42022,1628401,42200216,2023-05-11,BOS @ PHI,W,19,3,6,0.5,3,5,0.6,0,0,0.0,0,2,2,1,1,1,1,0,9,-7,1,2022-23,Playoffs,1628401,Derrick White
42022,1628401,42200217,2023-05-14,BOS vs. PHI,W,12,1,4,0.25,1,2,0.5,0,0,0.0,0,0,0,0,0,1,0,3,3,-8,1,2022-23,Playoffs,1628401,Derrick White
42022,1628401,42200301,2023-05-17,BOS vs. MIA,L,21,4,6,0.667,3,5,0.6,0,0,0.0,1,1,2,1,1,0,0,4,11,-5,1,2022-23,Playoffs,1628401,Derrick White
42022,1628401,42200302,2023-05-19,BOS vs. MIA,L,23,4,6,0.667,3,5,0.6,0,0,0.0,0,1,1,1,0,2,1,1,11,8,1,2022-23,Playoffs,1628401,Derrick White
42022,1628401,42200303,2023-05-21,BOS @ MIA,L,26,3,9,0.333,3,6,0.5,0,0,0.0,1,3,4,2,1,2,1,3,9,-12,1,2022-23,Playoffs,1628401,Derrick White
42022,1628401,42200304,2023-05-23,BOS @ MIA,W,27,5,10,0.5,3,7,0.429,3,3,1.0,1,1,2,2,2,2,1,3,16,7,1,2022-23,Playoffs,1628401,Derrick White
42022,1628401,42200305,2023-05-25,BOS vs. MIA,W,37,8,11,0.727,6,8,0.75,2,3,0.667,1,2,3,1,2,0,1,3,24,18,1,2022-23,Playoffs,1628401,Derrick White
42022,1628401,42200306,2023-05-27,BOS @ MIA,W,42,4,10,0.4,3,7,0.429,0,0,0.0,1,3,4,6,1,3,0,1,11,3,1,2022-23,Playoffs,1628401,Derrick White
42022,1628401,42200307,2023-05-29,BOS vs. MIA,L,36,5,12,0.417,2,9,0.222,6,7,0.857,1,1,2,1,1,0,2,0,18,-7,1,2022-23,Playoffs,1628401,Derrick White
22022,203468,22200006,2022-10-19,NOP @ BKN,W,31,7,16,0.438,3,9,0.333,4,5,0.8,1,3,4,6,3,0,1,2,21,23,1,2022-23,Regular Season,203468,CJ McCollum
22022,203468,22200017,2022-10-21,NOP @ CHA,W,32,9,17,0.529,2,6,0.333,1,1,1.0,2,4,6,2,1,0,3,3,21,15,1,2022-23,Regular Season,203468,CJ McCollum
22022,203468,22200040,2022-10-23,NOP vs. UTA,L,41,12,25,0.48,2,8,0.25,2,2,1.0,0,4,4,12,1,0,2,2,28,6,1,2022-23,Regular Season,203468,CJ McCollum
22022,203468,22200053,2022-10-25,NOP vs. DAL,W,36,6,20,0.3,1,5,0.2,1,1,1.0,0,0,0,11,1,1,3,1,14,10,1,2022-23,Regular Season,203468,CJ McCollum
22022,203468,22200079,2022-10-28,NOP @ PHX,L,35,6,19,0.316,0,5,0.0,5,6,0.833,0,2,2,9,1,0,1,2,17,0,1,2022-23,Regular Season,203468,CJ McCollum
22022,203468,22200088,2022-10-30,NOP @ LAC,W,32,9,19,0.474,4,8,0.5,0,0,0.0,0,5,5,3,1,0,0,2,22,13,1,2022-23,Regular Season,203468,CJ McCollum
22022,203468,22200117,2022-11-02,NOP @ LAL,L,41,10,27,0.37,1,6,0.167,1,1,1.0,1,8,9,8,1,2,1,2,22,-3,1,2022-23,Regular Season,203468,CJ McCollum
22022,203468,22200128,2022-11-04,NOP vs. GSW,W,34,7,17,0.412,3,6,0.5,3,4,0.75,2,6,8,5,2,0,3,1,20,-5,1,2022-23,Regular Season,203468,CJ McCollum
22022,203468,22200134,2022-11-05,NOP @ ATL,L,41,12,23,0.522,4,9,0.444,1,1,1.0,2,8,10,0,1,1,2,4,29,0,1,2022-23,Regular Season,203468,CJ McCollum
22022,203468,22200147,2022-11-07,NOP @ IND,L,36,3,11,0.273,2,5,0.4,1,2,0.5,2,3,5,7,1,0,3,3,9,-11,1,2022-23,Regular Season,203468,CJ McCollum
22022,203468,22200166,2022-11-09,NOP @ CHI,W,34,3,13,0.231,0,5,0.0,1,3,0.333,1,3,4,5,1,2,2,0,7,-5,1,2022-23,Regular Season,203468,CJ McCollum
22022,203468,22200175,2022-11-10,NOP vs. POR,L,38,6,17,0.353,1,7,0.143,0,0,0.0,1,6,7,7,2,2,5,2,13,-1,1,2022-23,Regular Season,203468,CJ McCollum
22022,203468,22200191,2022-11-12,NOP vs. HOU,W,37,3,14,0.214,1,7,0.143,2,2,1.0,1,6,7,7,2,0,2,1,9,20,1,2022-23,Regular Season,203468,CJ McCollum
22022,203468,22200206,2022-11-15,NOP vs. MEM,W,37,11,23,0.478,7,13,0.538,1,2,0.5,1,2,3,9,0,1,2,2,30,7,1,2022-23,Regular Season,203468,CJ McCollum
22022,203468,22200217,2022-11-16,NOP vs. CHI,W,37,8,16,0.5,3,8,0.375,4,4,1.0,1,3,4,8,0,1,3,0,23,10,1,2022-23,Regular Season,203468,CJ McCollum
22022,203468,22200231,2022-11-18,NOP vs. BOS,L,34,7,18,0.389,4,8,0.5,0,0,0.0,0,5,5,3,3,0,1,4,18,-1,1,2022-23,Regular Season,203468,CJ McCollum
22022,203468,22200253,2022-11-21,NOP vs. GSW,W,22,6,10,0.6,3,5,0.6,0,0,0.0,3,0,3,2,0,0,2,0,15,21,1,2022-23,Regular Season,203468,CJ McCollum
22022,203468,22200333,2022-12-02,NOP @ SAS,W,32,2,11,0.182,1,5,0.2,0,0,0.0,0,4,4,4,0,0,1,1,5,14,1,2022-23,Regular Season,203468,CJ McCollum
22022,203468,22200344,2022-12-04,NOP vs. DEN,W,34,3,11,0.273,0,2,0.0,1,1,1.0,0,3,3,6,0,0,1,1,7,0,1,2022-23,Regular Season,203468,CJ McCollum
22022,203468,22200371,2022-12-07,NOP vs. DET,W,27,3,11,0.273,0,1,0.0,2,2,1.0,0,3,3,4,0,2,4,4,8,-3,1,2022-23,Regular Season,203468,CJ McCollum
22022,203468,22200384,2022-12-09,NOP vs. PHX,W,33,7,16,0.438,1,6,0.167,3,3,1.0,1,6,7,5,1,0,1,1,18,8,1,2022-23,Regular Season,203468,CJ McCollum
22022,203468,22200395,2022-12-11,NOP vs. PHX,W,45,13,24,0.542,3,10,0.3,0,0,0.0,2,2,4,7,2,0,2,1,29,4,1,2022-23,Regular Season,203468,CJ McCollum
22022,203468,22200412,2022-12-13,NOP @ UTA,L,30,6,17,0.353,1,2,0.5,1,3,0.333,2,4,6,0,2,0,3,1,14,-22,1,2022-23,Regular Season,203468,CJ McCollum
22022,203468,22200426,2022-12-15,NOP @ UTA,L,42,11,25,0.44,3,8,0.375,3,3,1.0,0,6,6,4,0,2,4,5,28,-3,1,2022-23,Regular Season,203468,CJ McCollum
22022,203468,22200444,2022-12-17,NOP @ PHX,L,36,11,19,0.579,4,7,0.571,1,1,1.0,0,2,2,8,0,1,3,2,27,1,1,2022-23,Regular Season,203468,CJ McCollum
22022,203468,22200457,2022-12-19,NOP vs. MIL,L,41,11,24,0.458,6,10,0.6,3,4,0.75,2,6,8,9,0,0,3,1,31,-3,1,2022-23,Regular Season,203468,CJ McCollum
22022,203468,22200477,2022-12-22,NOP vs. SAS,W,37,14,27,0.519,7,14,0.5,5,5,1.0,1,7,8,9,1,2,5,1,40,23,1,2022-23,Regular Season,203468,CJ McCollum
22022,203468,22200488,2022-12-23,NOP @ OKC,W,36,5,18,0.278,3,8,0.375,4,4,1.0,0,6,6,11,1,2,4,2,17,3,1,2022-23,Regular Season,203468,CJ McCollum
22022,203468,22200502,2022-12-26,NOP vs. IND,W,30,5,14,0.357,3,7,0.429,6,7,0.857,1,6,7,6,2,0,5,1,19,1,1,2022-23,Regular Season,203468,CJ McCollum
22022,203468,22200520,2022-12-28,NOP vs. MIN,W,37,7,16,0.438,3,6,0.5,3,5,0.6,1,2,3,6,2,0,4,2,20,3,1,2022-23,Regular Season,203468,CJ McCollum
22022,203468,22200534,2022-12-30,NOP vs. PHI,W,35,13,20,0.65,11,16,0.688,5,6,0.833,1,3,4,5,2,0,2,2,42,6,1,2022-23,Regular Season,203468,CJ McCollum
22022,203468,22200543,2022-12-31,NOP @ MEM,L,31,4,16,0.25,1,7,0.143,1,1,1.0,0,1,1,3,0,0,6,1,10,-27,1,2022-23,Regular Season,203468,CJ McCollum
22022,203468,22200554,2023-01-02,NOP @ PHI,L,39,9,16,0.563,5,8,0.625,3,4,0.75,0,2,2,6,1,0,5,0,26,-8,1,2022-23,Regular Season,203468,CJ McCollum
22022,203468,22200572,2023-01-04,NOP vs. HOU,W,35,10,21,0.476,5,11,0.455,3,4,0.75,1,0,1,6,0,1,0,2,28,-3,1,2022-23,Regular Season,203468,CJ McCollum
22022,203468,22200586,2023-01-06,NOP vs. BKN,L,37,10,24,0.417,4,8,0.5,4,7,0.571,1,5,6,6,0,2,3,1,28,-16,1,2022-23,Regular Season,203468,CJ McCollum
22022,203468,22200605,2023-01-09,NOP @ WAS,W,31,12,21,0.571,4,8,0.5,6,6,1.0,1,4,5,1,2,1,2,3,34,9,1,2022-23,Regular Season,203468,CJ McCollum
22022,203468,22200621,2023-01-11,NOP @ BOS,L,34,15,24,0.625,6,12,0.5,2,5,0.4,0,4,4,4,1,1,1,2,38,-14,1,2022-23,Regular Season,203468,CJ McCollum
22022,203468,22200632,2023-01-13,NOP @ DET,W,37,8,19,0.421,2,7,0.286,1,2,0.5,0,4,4,9,1,0,2,0,19,11,1,2022-23,Regular Season,203468,CJ McCollum
22022,203468,22200658,2023-01-16,NOP @ CLE,L,36,8,20,0.4,3,9,0.333,6,8,0.75,0,0,0,4,0,0,4,1,25,-8,1,2022-23,Regular Season,203468,CJ McCollum
22022,203468,22200673,2023-01-18,NOP vs. MIA,L,31,8,17,0.471,5,9,0.556,0,0,0.0,0,2,2,4,1,1,3,5,21,-18,1,2022-23,Regular Season,203468,CJ McCollum
22022,203468,22200683,2023-01-20,NOP @ ORL,L,36,6,21,0.286,2,11,0.182,9,10,0.9,2,3,5,7,3,0,3,3,23,6,1,2022-23,Regular Season,203468,CJ McCollum
22022,203468,22200699,2023-01-22,NOP @ MIA,L,37,5,16,0.313,2,8,0.25,1,2,0.5,0,1,1,5,0,0,7,2,13,-16,1,2022-23,Regular Season,203468,CJ McCollum
22022,203468,22200716,2023-01-24,NOP vs. DEN,L,36,9,22,0.409,0,8,0.0,2,2,1.0,0,4,4,4,0,0,6,0,20,6,1,2022-23,Regular Season,203468,CJ McCollum
22022,203468,22200724,2023-01-25,NOP vs. MIN,L,34,9,17,0.529,5,9,0.556,2,4,0.5,1,4,5,8,1,2,0,1,25,-16,1,2022-23,Regular Season,203468,CJ McCollum
22022,203468,22200747,2023-01-28,NOP vs. WAS,L,36,9,19,0.474,2,6,0.333,4,5,0.8,1,4,5,5,1,1,0,2,24,-7,1,2022-23,Regular Season,203468,CJ McCollum
22022,203468,22200768,2023-01-31,NOP @ DEN,L,39,7,19,0.368,2,6,0.333,5,5,1.0,0,2,2,7,1,0,3,2,21,-5,1,2022-23,Regular Season,203468,CJ McCollum
22022,203468,22200782,2023-02-02,NOP @ DAL,L,37,9,14,0.643,1,2,0.5,0,0,0.0,0,4,4,8,0,1,3,3,19,6,1,2022-23,Regular Season,203468,CJ McCollum
22022,203468,22200798,2023-02-04,NOP vs. LAL,W,39,8,16,0.5,2,5,0.4,5,5,1.0,0,2,2,7,2,0,2,3,23,-1,1,2022-23,Regular Season,203468,CJ McCollum
22022,203468,22200807,2023-02-05,NOP vs. SAC,W,23,9,11,0.818,3,4,0.75,3,3,1.0,0,2,2,4,1,0,1,5,24,25,1,2022-23,Regular Season,203468,CJ McCollum
22022,203468,22200818,2023-02-07,NOP vs. ATL,W,35,8,23,0.348,4,12,0.333,1,2,0.5,0,6,6,7,0,0,1,2,21,-3,1,2022-23,Regular Season,203468,CJ McCollum
22022,203468,22200842,2023-02-10,NOP vs. CLE,L,33,4,14,0.286,0,5,0.0,4,5,0.8,1,1,2,5,2,0,4,2,12,-24,1,2022-23,Regular Season,203468,CJ McCollum
22022,203468,22200882,2023-02-15,NOP @ LAL,L,34,8,16,0.5,3,7,0.429,3,4,0.75,2,4,6,9,0,2,3,4,22,-17,1,2022-23,Regular Season,203468,CJ McCollum
22022,203468,22200890,2023-02-23,NOP @ TOR,L,36,8,16,0.5,3,5,0.6,4,6,0.667,1,3,4,5,0,0,2,2,23,-8,1,2022-23,Regular Season,203468,CJ McCollum
22022,203468,22200906,2023-02-25,NOP @ NYK,L,34,6,19,0.316,1,9,0.111,0,0,0.0,1,1,2,4,0,0,1,1,13,-32,1,2022-23,Regular Season,203468,CJ McCollum
22022,203468,22200922,2023-02-27,NOP vs. ORL,L,36,8,18,0.444,1,8,0.125,1,2,0.5,2,0,2,6,1,0,3,5,18,-2,1,2022-23,Regular Season,203468,CJ McCollum
22022,203468,22200941,2023-03-01,NOP @ POR,W,36,9,19,0.474,2,5,0.4,4,4,1.0,2,5,7,7,0,0,2,1,24,4,1,2022-23,Regular Season,203468,CJ McCollum
22022,203468,22200953,2023-03-03,NOP @ GSW,L,40,8,21,0.381,3,10,0.3,6,6,1.0,1,5,6,5,0,1,2,4,25,-8,1,2022-23,Regular Season,203468,CJ McCollum
22022,203468,22200976,2023-03-06,NOP @ SAC,L,31,6,14,0.429,1,5,0.2,1,2,0.5,2,2,4,3,1,0,5,2,14,-27,1,2022-23,Regular Season,203468,CJ McCollum
22022,203468,22200988,2023-03-08,NOP vs. DAL,W,35,12,22,0.545,6,8,0.75,2,3,0.667,0,5,5,5,0,0,2,1,32,-1,1,2022-23,Regular Season,203468,CJ McCollum
22022,203468,22201011,2023-03-11,NOP vs. OKC,L,39,8,20,0.4,4,7,0.571,6,6,1.0,1,6,7,8,0,0,5,3,26,-13,1,2022-23,Regular Season,203468,CJ McCollum
22022,203468,22201017,2023-03-12,NOP vs. POR,W,30,8,17,0.471,4,8,0.5,2,4,0.5,1,4,5,11,1,0,3,0,22,25,1,2022-23,Regular Season,203468,CJ McCollum
22022,203468,22201030,2023-03-14,NOP vs. LAL,L,37,5,17,0.294,1,10,0.1,2,4,0.5,1,2,3,9,0,0,1,5,13,-13,1,2022-23,Regular Season,203468,CJ McCollum
22022,203468,22201051,2023-03-17,NOP @ HOU,L,39,5,12,0.417,3,6,0.5,1,2,0.5,1,4,5,6,1,0,1,2,14,18,1,2022-23,Regular Season,203468,CJ McCollum
22022,203468,22201067,2023-03-19,NOP @ HOU,W,39,9,18,0.5,4,7,0.571,4,6,0.667,0,6,6,5,2,2,1,2,26,10,1,2022-23,Regular Season,203468,CJ McCollum
22022,203468,22201080,2023-03-21,NOP vs. SAS,W,30,6,14,0.429,1,3,0.333,2,2,1.0,0,8,8,4,2,0,1,3,15,14,1,2022-23,Regular Season,203468,CJ McCollum
22022,203468,22201095,2023-03-23,NOP vs. CHA,W,36,8,19,0.421,3,8,0.375,1,1,1.0,0,2,2,3,1,0,0,2,20,20,1,2022-23,Regular Season,203468,CJ McCollum
22022,203468,22201112,2023-03-25,NOP @ LAC,W,35,8,15,0.533,3,6,0.5,2,2,1.0,2,6,8,8,2,1,3,2,21,21,1,2022-23,Regular Season,203468,CJ McCollum
22022,203468,22201127,2023-03-27,NOP @ POR,W,25,7,15,0.467,3,7,0.429,0,0,0.0,0,1,1,8,2,2,1,1,17,23,1,2022-23,Regular Season,203468,CJ McCollum
22022,203468,22201135,2023-03-28,NOP @ GSW,L,38,6,17,0.353,3,7,0.429,0,0,0.0,0,1,1,3,0,0,3,2,15,-20,1,2022-23,Regular Season,203468,CJ McCollum
22022,203468,22201147,2023-03-30,NOP @ DEN,W,38,8,15,0.533,6,8,0.75,1,2,0.5,0,0,0,3,0,0,2,5,23,27,1,2022-23,Regular Season,203468,CJ McCollum
22022,203468,22201162,2023-04-01,NOP vs. LAC,W,38,8,18,0.444,1,5,0.2,2,2,1.0,0,1,1,3,3,0,1,1,19,4,1,2022-23,Regular Season,203468,CJ McCollum
22022,203468,22201185,2023-04-04,NOP vs. SAC,L,35,6,19,0.316,0,4,0.0,0,0,0.0,0,5,5,3,0,1,1,2,12,-22,1,2022-23,Regular Season,203468,CJ McCollum
22022,203468,22201194,2023-04-05,NOP vs. MEM,W,44,10,16,0.625,6,9,0.667,5,10,0.5,1,9,10,6,1,0,4,0,31,11,1,2022-23,Regular Season,203468,CJ McCollum
22022,203468,22201209,2023-04-07,NOP vs. NYK,W,39,8,15,0.533,4,9,0.444,3,4,0.75,0,5,5,4,0,0,0,2,23,29,1,2022-23,Regular Season,203468,CJ McCollum
22022,203468,22201225,2023-04-09,NOP @ MIN,L,39,9,24,0.375,0,5,0.0,5,8,0.625,0,5,5,3,2,0,2,5,23,-15,1,2022-23,Regular Season,203468,CJ McCollum
22022,1627832,0022200008,2022-10-19 00:00:00,TOR vs. CLE,W,39,4,9,0.444,3,6,0.5,4,4,1.0,1,1,2,5,4,0,1,3,15,7,1,2022-23,Regular Season,1627832,Fred VanVleet
22022,1627832,0022200021,2022-10-21 00:00:00,TOR @ BKN,L,38,7,11,0.636,4,6,0.667,0,0,0.0,1,6,7,9,4,1,0,3,18,3,1,2022-23,Regular Season,1627832,Fred VanVleet
22022,1627832,0022200031,2022-10-22 00:00:00,TOR @ MIA,L,39,2,9,0.222,1,6,0.167,2,2,1.0,1,1,2,10,3,0,1,5,7,6,1,2022-23,Regular Season,1627832,Fred VanVleet
22022,1627832,0022200045,2022-10-24 00:00:00,TOR @ MIA,W,39,6,16,0.375,4,6,0.667,8,9,0.889,2,2,4,9,1,0,2,1,24,13,1,2022-23,Regular Season,1627832,Fred VanVleet
22022,1627832,0022200059,2022-10-26 00:00:00,TOR vs. PHI,W,39,5,12,0.417,2,5,0.4,3,3,1.0,0,6,6,8,2,3,2,1,15,8,1,2022-23,Regular Season,1627832,Fred VanVleet
22022,1627832,0022200073,2022-10-28 00:00:00,TOR vs. PHI,L,34,0,11,0.0,0,8,0.0,1,3,0.333,1,2,3,5,1,0,1,3,1,-19,1,2022-23,Regular Season,1627832,Fred VanVleet
22022,1627832,0022200141,2022-11-06 00:00:00,TOR vs. CHI,W,39,9,22,0.409,5,13,0.385,7,7,1.0,0,5,5,11,0,0,1,1,30,27,1,2022-23,Regular Season,1627832,Fred VanVleet
22022,1627832,0022200151,2022-11-07 00:00:00,TOR @ CHI,L,34,10,19,0.526,6,10,0.6,1,1,1.0,0,3,3,4,2,2,2,1,27,-8,1,2022-23,Regular Season,1627832,Fred VanVleet
22022,1627832,0022200165,2022-11-09 00:00:00,TOR vs. HOU,W,35,12,26,0.462,7,16,0.438,1,1,1.0,0,3,3,4,4,1,1,3,32,-1,1,2022-23,Regular Season,1627832,Fred VanVleet
22022,1627832,0022200179,2022-11-11 00:00:00,TOR @ OKC,L,29,5,12,0.417,3,7,0.429,2,5,0.4,0,2,2,3,2,0,3,3,15,-22,1,2022-23,Regular Season,1627832,Fred VanVleet
22022,1627832,0022200215,2022-11-16 00:00:00,TOR vs. MIA,W,39,7,21,0.333,3,10,0.3,6,7,0.857,0,1,1,8,0,0,3,5,23,10,1,2022-23,Regular Season,1627832,Fred VanVleet
22022,1627832,0022200235,2022-11-19 00:00:00,TOR @ ATL,L,44,4,18,0.222,1,11,0.091,6,6,1.0,1,1,2,5,0,0,2,3,15,-16,1,2022-23,Regular Season,1627832,Fred VanVleet
22022,1627832,0022200286,2022-11-26 00:00:00,TOR vs. DAL,W,41,7,18,0.389,3,9,0.333,9,10,0.9,1,5,6,7,1,0,3,2,26,12,1,2022-23,Regular Season,1627832,Fred VanVleet
22022,1627832,0022200303,2022-11-28 00:00:00,TOR vs. CLE,W,32,5,15,0.333,3,6,0.5,0,0,0.0,0,2,2,5,1,0,2,2,13,24,1,2022-23,Regular Season,1627832,Fred VanVleet
22022,1627832,0022200318,2022-11-30 00:00:00,TOR @ NOP,L,20,1,8,0.125,0,7,0.0,0,0,0.0,0,6,6,6,1,0,2,2,2,-23,1,2022-23,Regular Season,1627832,Fred VanVleet
22022,1627832,0022200329,2022-12-02 00:00:00,TOR @ BKN,L,41,4,14,0.286,1,7,0.143,1,2,0.5,0,1,1,6,1,0,2,5,10,-6,1,2022-23,Regular Season,1627832,Fred VanVleet
22022,1627832,0022200340,2022-12-03 00:00:00,TOR vs. ORL,W,37,4,11,0.364,3,8,0.375,2,3,0.667,0,2,2,7,3,0,4,4,13,20,1,2022-23,Regular Season,1627832,Fred VanVleet
22022,1627832,0022200355,2022-12-05 00:00:00,TOR vs. BOS,L,38,3,14,0.214,1,6,0.167,1,1,1.0,1,6,7,3,0,2,1,3,8,-11,1,2022-23,Regular Season,1627832,Fred VanVleet
22022,1627832,0022200366,2022-12-07 00:00:00,TOR vs. LAL,W,30,8,20,0.4,3,12,0.25,6,6,1.0,1,3,4,7,0,0,3,1,25,19,1,2022-23,Regular Season,1627832,Fred VanVleet
22022,1627832,0022200379,2022-12-09 00:00:00,TOR @ ORL,L,37,5,14,0.357,2,9,0.222,7,9,0.778,0,2,2,6,1,1,2,0,19,-15,1,2022-23,Regular Season,1627832,Fred VanVleet
22022,1627832,0022200398,2022-12-11 00:00:00,TOR @ ORL,L,42,4,11,0.364,2,7,0.286,10,12,0.833,1,3,4,7,4,0,1,4,20,-5,1,2022-23,Regular Season,1627832,Fred VanVleet
22022,1627832,0022200417,2022-12-14 00:00:00,TOR vs. SAC,L,38,13,25,0.52,2,8,0.25,11,11,1.0,0,8,8,5,4,1,2,4,39,8,1,2022-23,Regular Season,1627832,Fred VanVleet
22022,1627832,0022200433,2022-12-16 00:00:00,TOR vs. BKN,L,43,14,24,0.583,4,9,0.444,7,8,0.875,0,5,5,4,1,1,2,4,39,-1,1,2022-23,Regular Season,1627832,Fred VanVleet
22022,1627832,0022200448,2022-12-18 00:00:00,TOR vs. GSW,L,35,7,18,0.389,4,10,0.4,4,4,1.0,0,4,4,8,1,0,2,4,22,-27,1,2022-23,Regular Season,1627832,Fred VanVleet
22022,1627832,0022200453,2022-12-19 00:00:00,TOR @ PHI,L,41,3,15,0.2,2,11,0.182,1,1,1.0,1,5,6,3,0,1,2,2,9,6,1,2022-23,Regular Season,1627832,Fred VanVleet
22022,1627832,0022200471,2022-12-21 00:00:00,TOR @ NYK,W,40,10,24,0.417,4,10,0.4,4,4,1.0,0,1,1,4,3,1,2,3,28,-5,1,2022-23,Regular Season,1627832,Fred VanVleet
22022,1627832,0022200484,2022-12-23 00:00:00,TOR @ CLE,W,39,5,12,0.417,5,10,0.5,3,3,1.0,1,7,8,4,1,1,2,2,18,15,1,2022-23,Regular Season,1627832,Fred VanVleet
22022,1627832,0022200509,2022-12-27 00:00:00,TOR vs. LAC,L,23,2,6,0.333,0,3,0.0,0,0,0.0,0,2,2,7,1,0,1,1,4,-11,1,2022-23,Regular Season,1627832,Fred VanVleet
22022,1627832,0022200553,2023-01-02 00:00:00,TOR @ IND,L,36,3,15,0.2,3,12,0.25,0,0,0.0,0,2,2,3,0,2,1,4,9,1,1,2022-23,Regular Season,1627832,Fred VanVleet
22022,1627832,0022200569,2023-01-04 00:00:00,TOR vs. MIL,L,47,8,23,0.348,4,14,0.286,8,8,1.0,2,6,8,12,3,0,1,4,28,6,1,2022-23,Regular Season,1627832,Fred VanVleet
22022,1627832,0022200582,2023-01-06 00:00:00,TOR vs. NYK,L,41,9,21,0.429,3,9,0.333,7,9,0.778,0,8,8,7,2,1,1,3,28,10,1,2022-23,Regular Season,1627832,Fred VanVleet
22022,1627832,0022200597,2023-01-08 00:00:00,TOR vs. POR,W,35,5,12,0.417,4,9,0.444,0,0,0.0,0,6,6,7,0,0,0,4,14,12,1,2022-23,Regular Season,1627832,Fred VanVleet
22022,1627832,0022200613,2023-01-10 00:00:00,TOR vs. CHA,W,33,3,10,0.3,2,7,0.286,3,3,1.0,1,6,7,8,0,0,3,2,11,6,1,2022-23,Regular Season,1627832,Fred VanVleet
22022,1627832,0022200629,2023-01-12 00:00:00,TOR vs. CHA,W,35,4,8,0.5,1,2,0.5,2,2,1.0,0,5,5,8,2,0,1,4,11,5,1,2022-23,Regular Season,1627832,Fred VanVleet
22022,1627832,0022200644,2023-01-14 00:00:00,TOR vs. ATL,L,26,1,9,0.111,1,6,0.167,0,0,0.0,0,6,6,4,0,0,1,2,3,-16,1,2022-23,Regular Season,1627832,Fred VanVleet
22022,1627832,0022200659,2023-01-16 00:00:00,TOR @ NYK,W,45,10,23,0.435,5,13,0.385,8,8,1.0,1,4,5,8,2,2,1,5,33,3,1,2022-23,Regular Season,1627832,Fred VanVleet
22022,1627832,0022200665,2023-01-17 00:00:00,TOR @ MIL,L,37,15,28,0.536,6,12,0.5,3,3,1.0,1,8,9,7,0,0,1,4,39,-23,1,2022-23,Regular Season,1627832,Fred VanVleet
22022,1627832,0022200680,2023-01-19 00:00:00,TOR @ MIN,L,36,7,13,0.538,4,6,0.667,7,7,1.0,0,1,1,10,2,1,2,3,25,-12,1,2022-23,Regular Season,1627832,Fred VanVleet
22022,1627832,0022200700,2023-01-22 00:00:00,TOR vs. NYK,W,34,8,19,0.421,4,8,0.5,8,8,1.0,0,2,2,3,2,0,1,1,28,6,1,2022-23,Regular Season,1627832,Fred VanVleet
22022,1627832,0022200728,2023-01-25 00:00:00,TOR @ SAC,W,38,7,16,0.438,2,9,0.222,1,1,1.0,0,4,4,5,4,2,2,2,17,20,1,2022-23,Regular Season,1627832,Fred VanVleet
22022,1627832,0022200740,2023-01-27 00:00:00,TOR @ GSW,L,40,11,20,0.55,5,10,0.5,1,1,1.0,0,4,4,10,1,1,5,4,28,-10,1,2022-23,Regular Season,1627832,Fred VanVleet
22022,1627832,0022200751,2023-01-28 00:00:00,TOR @ POR,W,41,4,13,0.308,2,8,0.25,1,1,1.0,3,3,6,9,4,1,2,4,11,19,1,2022-23,Regular Season,1627832,Fred VanVleet
22022,1627832,0022200762,2023-01-30 00:00:00,TOR @ PHX,L,39,9,19,0.474,2,8,0.25,4,5,0.8,0,4,4,9,1,1,3,6,24,0,1,2022-23,Regular Season,1627832,Fred VanVleet
22022,1627832,0022200776,2023-02-01 00:00:00,TOR @ UTA,L,38,12,25,0.48,4,9,0.444,6,6,1.0,2,10,12,10,1,1,3,1,34,2,1,2022-23,Regular Season,1627832,Fred VanVleet
22022,1627832,0022200789,2023-02-03 00:00:00,TOR @ HOU,W,37,10,22,0.455,5,11,0.455,7,9,0.778,0,5,5,4,1,0,0,1,32,9,1,2022-23,Regular Season,1627832,Fred VanVleet
22022,1627832,0022200805,2023-02-05 00:00:00,TOR @ MEM,W,39,6,19,0.316,2,9,0.222,1,1,1.0,1,4,5,7,0,1,2,1,15,4,1,2022-23,Regular Season,1627832,Fred VanVleet
22022,1627832,0022200826,2023-02-08 00:00:00,TOR vs. SAS,W,37,5,16,0.313,1,7,0.143,5,5,1.0,0,2,2,4,3,1,4,2,16,20,1,2022-23,Regular Season,1627832,Fred VanVleet
22022,1627832,0022200839,2023-02-10 00:00:00,TOR vs. UTA,L,35,4,13,0.308,3,9,0.333,6,7,0.857,1,3,4,4,2,0,3,5,17,-18,1,2022-23,Regular Season,1627832,Fred VanVleet
22022,1627832,0022200856,2023-02-12 00:00:00,TOR vs. DET,W,37,12,26,0.462,6,13,0.462,5,7,0.714,0,3,3,8,0,1,1,3,35,-4,1,2022-23,Regular Season,1627832,Fred VanVleet
22022,1627832,0022200868,2023-02-14 00:00:00,TOR vs. ORL,W,35,3,12,0.25,3,9,0.333,1,1,1.0,0,0,0,15,3,1,5,3,10,14,1,2022-23,Regular Season,1627832,Fred VanVleet
22022,1627832,0022200925,2023-02-28 00:00:00,TOR vs. CHI,W,35,1,11,0.091,1,9,0.111,0,0,0.0,1,5,6,9,1,0,0,2,3,-4,1,2022-23,Regular Season,1627832,Fred VanVleet
22022,1627832,0022200942,2023-03-02 00:00:00,TOR @ WAS,L,40,5,17,0.294,2,11,0.182,2,2,1.0,0,3,3,8,2,0,2,3,14,15,1,2022-23,Regular Season,1627832,Fred VanVleet
22022,1627832,0022200956,2023-03-04 00:00:00,TOR @ WAS,W,40,9,16,0.563,6,11,0.545,1,1,1.0,1,3,4,9,3,2,0,1,25,10,1,2022-23,Regular Season,1627832,Fred VanVleet
22022,1627832,0022200975,2023-03-06 00:00:00,TOR @ DEN,L,35,5,12,0.417,3,9,0.333,8,8,1.0,0,1,1,14,2,0,5,4,21,-7,1,2022-23,Regular Season,1627832,Fred VanVleet
22022,1627832,0022200991,2023-03-08 00:00:00,TOR @ LAC,L,39,4,12,0.333,3,8,0.375,2,2,1.0,0,4,4,9,3,0,0,4,13,-2,1,2022-23,Regular Season,1627832,Fred VanVleet
22022,1627832,0022201003,2023-03-10 00:00:00,TOR @ LAL,L,36,3,9,0.333,2,6,0.333,0,0,0.0,0,4,4,10,3,0,4,3,8,5,1,2022-23,Regular Season,1627832,Fred VanVleet
22022,1627832,0022201029,2023-03-14 00:00:00,TOR vs. DEN,W,38,13,22,0.591,8,12,0.667,2,3,0.667,0,3,3,7,3,0,2,2,36,21,1,2022-23,Regular Season,1627832,Fred VanVleet
22022,1627832,0022201044,2023-03-16 00:00:00,TOR vs. OKC,W,34,8,17,0.471,3,8,0.375,0,0,0.0,0,5,5,6,4,1,3,0,19,11,1,2022-23,Regular Season,1627832,Fred VanVleet
22022,1627832,0022201058,2023-03-18 00:00:00,TOR vs. MIN,W,36,10,18,0.556,3,7,0.429,5,6,0.833,0,3,3,7,2,0,3,3,28,17,1,2022-23,Regular Season,1627832,Fred VanVleet
22022,1627832,0022201068,2023-03-19 00:00:00,TOR @ MIL,L,38,9,21,0.429,3,8,0.375,2,3,0.667,0,4,4,11,1,0,4,4,23,3,1,2022-23,Regular Season,1627832,Fred VanVleet
22022,1627832,0022201085,2023-03-22 00:00:00,TOR vs. IND,L,43,7,22,0.318,3,12,0.25,11,12,0.917,0,2,2,11,2,0,5,3,28,-9,1,2022-23,Regular Season,1627832,Fred VanVleet
22022,1627832,0022201099,2023-03-24 00:00:00,TOR vs. DET,W,29,5,16,0.313,3,10,0.3,5,5,1.0,1,2,3,4,2,0,4,3,18,19,1,2022-23,Regular Season,1627832,Fred VanVleet
22022,1627832,0022201119,2023-03-26 00:00:00,TOR vs. WAS,W,36,10,21,0.476,5,9,0.556,3,3,1.0,0,4,4,7,3,1,1,1,28,11,1,2022-23,Regular Season,1627832,Fred VanVleet
22022,1627832,0022201132,2023-03-28 00:00:00,TOR vs. MIA,W,35,5,13,0.385,2,9,0.222,0,0,0.0,0,3,3,6,2,1,1,0,12,14,1,2022-23,Regular Season,1627832,Fred VanVleet
22022,1627832,0022201150,2023-03-31 00:00:00,TOR @ PHI,L,42,5,17,0.294,3,10,0.3,6,7,0.857,0,5,5,6,1,0,6,5,19,8,1,2022-23,Regular Season,1627832,Fred VanVleet
22022,1627832,0022201163,2023-04-02 00:00:00,TOR @ CHA,W,38,7,17,0.412,1,8,0.125,5,5,1.0,1,4,5,20,3,0,2,4,20,18,1,2022-23,Regular Season,1627832,Fred VanVleet
22022,1627832,0022201176,2023-04-04 00:00:00,TOR @ CHA,W,27,4,9,0.444,3,5,0.6,5,6,0.833,0,1,1,6,4,1,0,2,16,12,1,2022-23,Regular Season,1627832,Fred VanVleet
22022,1627832,0022201192,2023-04-05 00:00:00,TOR @ BOS,L,37,2,14,0.143,1,12,0.083,2,2,1.0,1,3,4,5,1,1,1,3,7,4,1,2022-23,Regular Season,1627832,Fred VanVleet
22022,1627832,0022201206,2023-04-07 00:00:00,TOR @ BOS,L,31,3,11,0.273,2,6,0.333,4,4,1.0,0,0,0,8,2,0,2,3,12,-12,1,2022-23,Regular Season,1627832,Fred VanVleet
22022,202696,0022200007,2022-10-19 00:00:00,CHI @ MIA,W,33,5,13,0.385,1,5,0.2,4,4,1.0,5,12,17,2,0,3,1,1,15,16,1,2022-23,Regular Season,202696,Nikola Vučević
22022,202696,0022200019,2022-10-21 00:00:00,CHI @ WAS,L,30,5,14,0.357,2,7,0.286,12,12,1.0,2,6,8,1,0,0,1,0,24,-10,1,2022-23,Regular Season,202696,Nikola Vučević
22022,202696,0022200032,2022-10-22 00:00:00,CHI vs. CLE,L,31,7,12,0.583,2,3,0.667,0,0,0.0,1,3,4,3,0,3,2,3,16,-10,1,2022-23,Regular Season,202696,Nikola Vučević
22022,202696,0022200047,2022-10-24 00:00:00,CHI vs. BOS,W,31,7,19,0.368,0,3,0.0,4,5,0.8,10,13,23,5,0,0,2,3,18,1,1,2022-23,Regular Season,202696,Nikola Vučević
22022,202696,0022200061,2022-10-26 00:00:00,CHI vs. IND,W,31,5,10,0.5,1,3,0.333,3,3,1.0,1,6,7,4,0,0,2,4,14,-1,1,2022-23,Regular Season,202696,Nikola Vučević
22022,202696,0022200077,2022-10-28 00:00:00,CHI @ SAS,L,25,4,13,0.308,1,5,0.2,0,0,0.0,3,2,5,2,0,1,2,3,9,-15,1,2022-23,Regular Season,202696,Nikola Vučević
22022,202696,0022200084,2022-10-29 00:00:00,CHI vs. PHI,L,36,8,14,0.571,5,7,0.714,2,2,1.0,3,16,19,3,1,0,4,4,23,-2,1,2022-23,Regular Season,202696,Nikola Vučević
22022,202696,0022200103,2022-11-01 00:00:00,CHI @ BKN,W,32,3,8,0.375,0,1,0.0,1,2,0.5,3,12,15,2,1,0,1,2,7,5,1,2022-23,Regular Season,202696,Nikola Vučević
22022,202696,0022200111,2022-11-02 00:00:00,CHI vs. CHA,W,32,5,16,0.313,2,6,0.333,2,2,1.0,2,11,13,3,0,1,4,2,14,-4,1,2022-23,Regular Season,202696,Nikola Vučević
22022,202696,0022200124,2022-11-04 00:00:00,CHI @ BOS,L,35,10,14,0.714,4,5,0.8,0,0,0.0,3,9,12,3,1,0,1,4,24,10,1,2022-23,Regular Season,202696,Nikola Vučević
22022,202696,0022200141,2022-11-06 00:00:00,CHI @ TOR,L,35,8,13,0.615,2,5,0.4,0,0,0.0,4,8,12,6,0,1,4,2,18,-10,1,2022-23,Regular Season,202696,Nikola Vučević
22022,202696,0022200151,2022-11-07 00:00:00,CHI vs. TOR,W,35,7,14,0.5,1,4,0.25,0,0,0.0,0,13,13,4,0,2,5,3,15,7,1,2022-23,Regular Season,202696,Nikola Vučević
22022,202696,0022200166,2022-11-09 00:00:00,CHI vs. NOP,L,27,6,9,0.667,2,4,0.5,4,5,0.8,0,7,7,2,0,0,2,2,18,-13,1,2022-23,Regular Season,202696,Nikola Vučević
22022,202696,0022200196,2022-11-13 00:00:00,CHI vs. DEN,L,23,4,10,0.4,1,3,0.333,0,0,0.0,0,6,6,0,0,0,3,1,9,-16,1,2022-23,Regular Season,202696,Nikola Vučević
22022,202696,0022200217,2022-11-16 00:00:00,CHI @ NOP,L,30,6,13,0.462,2,5,0.4,0,0,0.0,2,8,10,0,1,0,2,1,14,-10,1,2022-23,Regular Season,202696,Nikola Vučević
22022,202696,0022200227,2022-11-18 00:00:00,CHI vs. ORL,L,33,5,13,0.385,0,2,0.0,4,6,0.667,3,13,16,7,1,3,1,3,14,9,1,2022-23,Regular Season,202696,Nikola Vučević
22022,202696,0022200250,2022-11-21 00:00:00,CHI vs. BOS,W,35,6,7,0.857,0,1,0.0,0,1,0.0,1,12,13,6,0,0,0,0,12,20,1,2022-23,Regular Season,202696,Nikola Vučević
22022,202696,0022200267,2022-11-23 00:00:00,CHI @ MIL,W,30,7,14,0.5,4,10,0.4,0,0,0.0,1,4,5,4,0,1,2,1,18,13,1,2022-23,Regular Season,202696,Nikola Vučević
22022,202696,0022200281,2022-11-25 00:00:00,CHI @ OKC,L,40,6,14,0.429,1,7,0.143,0,0,0.0,3,10,13,3,0,0,2,1,13,5,1,2022-23,Regular Season,202696,Nikola Vučević
22022,202696,0022200306,2022-11-28 00:00:00,CHI @ UTA,W,34,8,17,0.471,0,4,0.0,0,0,0.0,3,6,9,2,1,0,1,1,16,3,1,2022-23,Regular Season,202696,Nikola Vučević
22022,202696,0022200321,2022-11-30 00:00:00,CHI @ PHX,L,29,5,9,0.556,1,3,0.333,6,7,0.857,1,7,8,1,2,1,2,5,17,-10,1,2022-23,Regular Season,202696,Nikola Vučević
22022,202696,0022200336,2022-12-02 00:00:00,CHI @ GSW,L,32,9,17,0.529,2,7,0.286,3,4,0.75,0,11,11,1,3,0,1,1,23,-8,1,2022-23,Regular Season,202696,Nikola Vučević
22022,202696,0022200350,2022-12-04 00:00:00,CHI @ SAC,L,37,4,10,0.4,2,4,0.5,2,2,1.0,0,6,6,1,0,1,2,0,12,-5,1,2022-23,Regular Season,202696,Nikola Vučević
22022,202696,0022200367,2022-12-07 00:00:00,CHI vs. WAS,W,36,10,16,0.625,3,5,0.6,2,3,0.667,2,9,11,3,2,2,1,1,25,13,1,2022-23,Regular Season,202696,Nikola Vučević
22022,202696,0022200391,2022-12-10 00:00:00,CHI vs. DAL,W,26,8,11,0.727,2,3,0.667,2,2,1.0,2,6,8,4,1,1,0,3,20,10,1,2022-23,Regular Season,202696,Nikola Vučević
22022,202696,0022200400,2022-12-11 00:00:00,CHI @ ATL,L,37,6,11,0.545,1,2,0.5,0,0,0.0,2,6,8,1,2,0,0,0,13,-5,1,2022-23,Regular Season,202696,Nikola Vučević
22022,202696,0022200418,2022-12-14 00:00:00,CHI vs. NYK,L,41,9,16,0.563,1,5,0.2,0,0,0.0,0,7,7,5,0,2,1,1,19,-3,1,2022-23,Regular Season,202696,Nikola Vučević
22022,202696,0022200434,2022-12-16 00:00:00,CHI vs. NYK,L,29,4,8,0.5,1,3,0.333,0,0,0.0,1,7,8,4,0,0,2,2,9,-23,1,2022-23,Regular Season,202696,Nikola Vučević
22022,202696,0022200449,2022-12-18 00:00:00,CHI @ MIN,L,32,10,15,0.667,3,6,0.5,0,0,0.0,1,8,9,5,2,1,4,3,23,-18,1,2022-23,Regular Season,202696,Nikola Vučević
22022,202696,0022200462,2022-12-20 00:00:00,CHI @ MIA,W,37,13,17,0.765,3,5,0.6,0,0,0.0,2,10,12,2,1,0,3,2,29,4,1,2022-23,Regular Season,202696,Nikola Vučević
22022,202696,0022200468,2022-12-21 00:00:00,CHI @ ATL,W,33,8,17,0.471,2,7,0.286,2,2,1.0,2,5,7,2,1,1,0,1,20,-13,1,2022-23,Regular Season,202696,Nikola Vučević
22022,202696,0022200485,2022-12-23 00:00:00,CHI @ NYK,W,39,8,16,0.5,3,7,0.429,2,2,1.0,3,9,12,2,1,0,1,3,21,9,1,2022-23,Regular Season,202696,Nikola Vučević
22022,202696,0022200501,2022-12-26 00:00:00,CHI vs. HOU,L,30,4,13,0.308,1,5,0.2,1,2,0.5,0,3,3,4,0,0,2,3,10,-13,1,2022-23,Regular Season,202696,Nikola Vučević
22022,202696,0022200519,2022-12-28 00:00:00,CHI vs. MIL,W,36,5,12,0.417,3,5,0.6,2,2,1.0,2,12,14,5,0,3,4,5,15,-4,1,2022-23,Regular Season,202696,Nikola Vučević
22022,202696,0022200532,2022-12-30 00:00:00,CHI vs. DET,W,33,9,16,0.563,1,3,0.333,0,0,0.0,3,6,9,2,1,3,1,1,19,16,1,2022-23,Regular Season,202696,Nikola Vučević
22022,202696,0022200540,2022-12-31 00:00:00,CHI vs. CLE,L,35,5,13,0.385,0,4,0.0,1,2,0.5,3,11,14,1,2,1,0,2,11,7,1,2022-23,Regular Season,202696,Nikola Vučević
22022,202696,0022200552,2023-01-02 00:00:00,CHI @ CLE,L,44,6,8,0.75,2,4,0.5,6,7,0.857,1,12,13,2,0,0,1,3,20,-19,1,2022-23,Regular Season,202696,Nikola Vučević
22022,202696,0022200570,2023-01-04 00:00:00,CHI vs. BKN,W,36,8,12,0.667,1,3,0.333,4,4,1.0,2,11,13,3,0,2,3,2,21,6,1,2022-23,Regular Season,202696,Nikola Vučević
22022,202696,0022200581,2023-01-06 00:00:00,CHI @ PHI,W,36,8,14,0.571,2,3,0.667,1,1,1.0,2,16,18,10,0,2,1,1,19,16,1,2022-23,Regular Season,202696,Nikola Vučević
22022,202696,0022200592,2023-01-07 00:00:00,CHI vs. UTA,W,34,5,8,0.625,2,3,0.667,3,4,0.75,2,14,16,4,0,2,1,4,15,1,1,2022-23,Regular Season,202696,Nikola Vučević
22022,202696,0022200606,2023-01-09 00:00:00,CHI @ BOS,L,34,9,15,0.6,3,6,0.5,0,2,0.0,1,12,13,1,0,0,0,1,21,-18,1,2022-23,Regular Season,202696,Nikola Vučević
22022,202696,0022200619,2023-01-11 00:00:00,CHI @ WAS,L,39,7,14,0.5,1,4,0.25,0,0,0.0,3,7,10,5,0,2,2,2,15,-2,1,2022-23,Regular Season,202696,Nikola Vučević
22022,202696,0022200636,2023-01-13 00:00:00,CHI vs. OKC,L,39,9,14,0.643,1,4,0.25,0,0,0.0,3,8,11,4,1,0,4,2,19,-13,1,2022-23,Regular Season,202696,Nikola Vučević
22022,202696,0022200650,2023-01-15 00:00:00,CHI vs. GSW,W,39,18,31,0.581,5,10,0.5,2,2,1.0,4,9,13,4,4,0,1,1,43,12,1,2022-23,Regular Season,202696,Nikola Vučević
22022,202696,0022200678,2023-01-19 00:00:00,CHI @ DET,W,35,8,19,0.421,0,5,0.0,0,0,0.0,4,11,15,6,1,0,2,4,16,16,1,2022-23,Regular Season,202696,Nikola Vučević
22022,202696,0022200708,2023-01-23 00:00:00,CHI vs. ATL,W,39,6,14,0.429,1,5,0.2,1,2,0.5,6,11,17,7,1,0,1,1,14,19,1,2022-23,Regular Season,202696,Nikola Vučević
22022,202696,0022200713,2023-01-24 00:00:00,CHI @ IND,L,33,9,14,0.643,2,2,1.0,0,0,0.0,0,8,8,5,0,2,3,2,20,2,1,2022-23,Regular Season,202696,Nikola Vučević
22022,202696,0022200732,2023-01-26 00:00:00,CHI @ CHA,L,35,5,16,0.313,0,6,0.0,2,2,1.0,0,9,9,1,1,0,2,4,12,-23,1,2022-23,Regular Season,202696,Nikola Vučević
22022,202696,0022200744,2023-01-28 00:00:00,CHI @ ORL,W,39,11,18,0.611,2,5,0.4,2,2,1.0,4,9,13,5,0,2,3,4,26,23,1,2022-23,Regular Season,202696,Nikola Vučević
22022,202696,0022200766,2023-01-31 00:00:00,CHI vs. LAC,L,39,10,15,0.667,3,6,0.5,0,0,0.0,0,14,14,4,2,0,0,3,23,10,1,2022-23,Regular Season,202696,Nikola Vučević
22022,202696,0022200781,2023-02-02 00:00:00,CHI vs. CHA,W,33,7,14,0.5,1,5,0.2,2,2,1.0,0,12,12,6,1,0,0,2,17,4,1,2022-23,Regular Season,202696,Nikola Vučević
22022,202696,0022200796,2023-02-04 00:00:00,CHI vs. POR,W,35,10,17,0.588,0,4,0.0,3,4,0.75,3,8,11,4,0,0,1,3,23,-1,1,2022-23,Regular Season,202696,Nikola Vučević
22022,202696,0022200811,2023-02-06 00:00:00,CHI vs. SAS,W,24,10,18,0.556,2,6,0.333,0,0,0.0,1,11,12,4,1,2,3,2,22,-3,1,2022-23,Regular Season,202696,Nikola Vučević
22022,202696,0022200819,2023-02-07 00:00:00,CHI @ MEM,L,37,12,26,0.462,3,7,0.429,1,2,0.5,4,13,17,6,3,0,1,1,28,-9,1,2022-23,Regular Season,202696,Nikola Vučević
22022,202696,0022200833,2023-02-09 00:00:00,CHI @ BKN,L,37,7,15,0.467,1,6,0.167,0,0,0.0,2,15,17,1,0,0,0,4,15,-3,1,2022-23,Regular Season,202696,Nikola Vučević
22022,202696,0022200852,2023-02-11 00:00:00,CHI @ CLE,L,36,7,13,0.538,0,4,0.0,0,0,0.0,0,14,14,4,0,1,0,2,14,-3,1,2022-23,Regular Season,202696,Nikola Vučević
22022,202696,0022200863,2023-02-13 00:00:00,CHI vs. ORL,L,34,5,11,0.455,1,2,0.5,2,2,1.0,2,11,13,1,2,0,1,4,13,-13,1,2022-23,Regular Season,202696,Nikola Vučević
22022,202696,0022200874,2023-02-15 00:00:00,CHI @ IND,L,37,8,18,0.444,3,5,0.6,0,2,0.0,1,6,7,3,0,2,4,3,19,-8,1,2022-23,Regular Season,202696,Nikola Vučević
22022,202696,0022200883,2023-02-16 00:00:00,CHI vs. MIL,L,31,8,20,0.4,2,6,0.333,4,4,1.0,4,12,16,3,0,0,2,4,22,-23,1,2022-23,Regular Season,202696,Nikola Vučević
22022,202696,0022200900,2023-02-24 00:00:00,CHI vs. BKN,W,29,5,9,0.556,0,0,0.0,3,4,0.75,1,9,10,2,0,2,0,1,13,35,1,2022-23,Regular Season,202696,Nikola Vučević
22022,202696,0022200912,2023-02-26 00:00:00,CHI vs. WAS,W,32,7,16,0.438,0,6,0.0,2,2,1.0,2,11,13,1,0,0,0,2,16,0,1,2022-23,Regular Season,202696,Nikola Vučević
22022,202696,0022200925,2023-02-28 00:00:00,CHI @ TOR,L,31,9,14,0.643,4,6,0.667,1,1,1.0,1,4,5,4,0,0,6,2,23,1,1,2022-23,Regular Season,202696,Nikola Vučević
22022,202696,0022200934,2023-03-01 00:00:00,CHI @ DET,W,35,5,15,0.333,0,5,0.0,2,4,0.5,1,8,9,2,1,0,1,1,12,11,1,2022-23,Regular Season,202696,Nikola Vučević
22022,202696,0022200950,2023-03-03 00:00:00,CHI vs. PHX,L,31,6,15,0.4,1,3,0.333,0,0,0.0,2,7,9,2,1,0,2,3,13,-14,1,2022-23,Regular Season,202696,Nikola Vučević
22022,202696,0022200963,2023-03-05 00:00:00,CHI vs. IND,L,36,6,10,0.6,0,2,0.0,0,0,0.0,0,9,9,5,3,2,1,3,12,0,1,2022-23,Regular Season,202696,Nikola Vučević
22022,202696,0022200989,2023-03-08 00:00:00,CHI @ DEN,W,35,9,17,0.529,2,4,0.5,5,5,1.0,2,13,15,3,0,0,1,3,25,17,1,2022-23,Regular Season,202696,Nikola Vučević
22022,202696,0022201009,2023-03-11 00:00:00,CHI @ HOU,W,33,7,15,0.467,4,7,0.571,0,0,0.0,2,10,12,6,1,0,2,1,18,8,1,2022-23,Regular Season,202696,Nikola Vučević
22022,202696,0022201037,2023-03-15 00:00:00,CHI vs. SAC,L,35,8,22,0.364,0,7,0.0,4,5,0.8,6,8,14,3,0,0,2,4,20,-8,1,2022-23,Regular Season,202696,Nikola Vučević
22022,202696,0022201050,2023-03-17 00:00:00,CHI vs. MIN,W,46,9,20,0.45,2,3,0.667,1,1,1.0,2,9,11,4,2,3,4,5,21,17,1,2022-23,Regular Season,202696,Nikola Vučević
22022,202696,0022201060,2023-03-18 00:00:00,CHI vs. MIA,W,39,6,8,0.75,0,0,0.0,1,1,1.0,1,9,10,2,0,1,1,3,13,9,1,2022-23,Regular Season,202696,Nikola Vučević
22022,202696,0022201072,2023-03-20 00:00:00,CHI @ PHI,W,46,8,12,0.667,1,2,0.5,4,4,1.0,1,11,12,2,4,0,1,2,21,5,1,2022-23,Regular Season,202696,Nikola Vučević
22022,202696,0022201087,2023-03-22 00:00:00,CHI vs. PHI,L,25,4,10,0.4,0,2,0.0,0,0,0.0,2,3,5,2,1,0,1,0,8,-31,1,2022-23,Regular Season,202696,Nikola Vučević
22022,202696,0022201104,2023-03-24 00:00:00,CHI @ POR,W,30,10,13,0.769,1,1,1.0,2,2,1.0,2,13,15,4,1,0,5,3,23,34,1,2022-23,Regular Season,202696,Nikola Vučević
22022,202696,0022201114,2023-03-26 00:00:00,CHI @ LAL,W,15,2,5,0.4,0,1,0.0,0,0,0.0,0,2,2,1,1,0,0,1,4,-5,1,2022-23,Regular Season,202696,Nikola Vučević
22022,202696,0022201129,2023-03-27 00:00:00,CHI @ LAC,L,30,9,13,0.692,2,3,0.667,0,0,0.0,1,7,8,5,0,0,3,3,20,-17,1,2022-23,Regular Season,202696,Nikola Vučević
22022,202696,0022201140,2023-03-29 00:00:00,CHI vs. LAL,L,36,12,16,0.75,3,4,0.75,2,2,1.0,3,9,12,6,0,0,2,4,29,-22,1,2022-23,Regular Season,202696,Nikola Vučević
22022,202696,0022201148,2023-03-31 00:00:00,CHI @ CHA,W,30,9,14,0.643,0,3,0.0,3,4,0.75,2,6,8,0,0,0,0,0,21,25,1,2022-23,Regular Season,202696,Nikola Vučević
22022,202696,0022201165,2023-04-02 00:00:00,CHI vs. MEM,W,32,6,10,0.6,1,2,0.5,0,1,0.0,0,10,10,2,1,1,0,0,13,15,1,2022-23,Regular Season,202696,Nikola Vučević
22022,202696,0022201182,2023-04-04 00:00:00,CHI vs. ATL,L,34,8,15,0.533,0,2,0.0,3,3,1.0,2,8,10,3,0,0,1,1,19,-19,1,2022-23,Regular Season,202696,Nikola Vučević
22022,202696,0022201193,2023-04-05 00:00:00,CHI @ MIL,L,34,9,21,0.429,1,6,0.167,2,2,1.0,2,9,11,4,0,0,3,2,21,-11,1,2022-23,Regular Season,202696,Nikola Vučević
22022,202696,0022201210,2023-04-07 00:00:00,CHI @ DAL,W,28,7,11,0.636,1,3,0.333,5,5,1.0,1,9,10,4,0,0,1,1,20,-5,1,2022-23,Regular Season,202696,Nikola Vučević
22022,202696,0022201223,2023-04-09 00:00:00,CHI vs. DET,W,17,4,9,0.444,0,0,0.0,0,0,0.0,0,7,7,0,3,0,0,1,8,9,1,2022-23,Regular Season,202696,Nikola Vučević
22022,204001,0022200004,2022-10-19 00:00:00,WAS @ IND,W,32,5,14,0.357,1,5,0.2,4,6,0.667,2,8,10,3,0,2,2,2,15,7,1,2022-23,Regular Season,204001,Kristaps Porziņģis
22022,204001,0022200019,2022-10-21 00:00:00,WAS vs. CHI,W,29,6,13,0.462,2,5,0.4,0,0,0.0,0,3,3,2,1,2,1,6,14,17,1,2022-23,Regular Season,204001,Kristaps Porziņģis
22022,204001,0022200039,2022-10-23 00:00:00,WAS @ CLE,L,38,7,16,0.438,4,8,0.5,0,1,0.0,1,10,11,3,1,1,2,4,18,1,1,2022-23,Regular Season,204001,Kristaps Porziņģis
22022,204001,0022200052,2022-10-25 00:00:00,WAS vs. DET,W,25,8,13,0.615,2,4,0.5,2,2,1.0,4,3,7,2,0,0,3,5,20,1,1,2022-23,Regular Season,204001,Kristaps Porziņģis
22022,204001,0022200074,2022-10-28 00:00:00,WAS vs. IND,L,31,7,13,0.538,2,4,0.5,6,7,0.857,2,4,6,1,1,0,2,4,22,-13,1,2022-23,Regular Season,204001,Kristaps Porziņģis
22022,204001,0022200089,2022-10-30 00:00:00,WAS @ BOS,L,28,8,16,0.5,0,4,0.0,1,2,0.5,7,6,13,1,0,2,3,3,17,-4,1,2022-23,Regular Season,204001,Kristaps Porziņģis
22022,204001,0022200097,2022-10-31 00:00:00,WAS vs. PHI,L,35,10,17,0.588,3,7,0.429,9,9,1.0,4,5,9,3,2,0,0,3,32,8,1,2022-23,Regular Season,204001,Kristaps Porziņģis
22022,204001,0022200108,2022-11-02 00:00:00,WAS @ PHI,W,34,9,13,0.692,1,4,0.25,11,11,1.0,0,9,9,3,1,3,1,1,30,7,1,2022-23,Regular Season,204001,Kristaps Porziņģis
22022,204001,0022200123,2022-11-04 00:00:00,WAS vs. BKN,L,26,4,11,0.364,2,4,0.5,4,6,0.667,3,7,10,1,0,0,1,2,14,-17,1,2022-23,Regular Season,204001,Kristaps Porziņģis
22022,204001,0022200142,2022-11-06 00:00:00,WAS @ MEM,L,31,3,13,0.231,1,6,0.167,3,4,0.75,1,3,4,3,1,3,4,5,10,2,1,2022-23,Regular Season,204001,Kristaps Porziņģis
22022,204001,0022200144,2022-11-07 00:00:00,WAS @ CHA,W,31,6,14,0.429,1,6,0.167,6,8,0.75,1,7,8,5,0,1,1,4,19,3,1,2022-23,Regular Season,204001,Kristaps Porziņģis
22022,204001,0022200185,2022-11-12 00:00:00,WAS vs. UTA,W,33,12,20,0.6,4,8,0.5,3,5,0.6,1,9,10,2,1,2,1,0,31,24,1,2022-23,Regular Season,204001,Kristaps Porziņģis
22022,204001,0022200194,2022-11-13 00:00:00,WAS vs. MEM,W,31,7,15,0.467,6,10,0.6,5,6,0.833,3,3,6,2,2,2,2,4,25,10,1,2022-23,Regular Season,204001,Kristaps Porziņģis
22022,204001,0022200213,2022-11-16 00:00:00,WAS vs. OKC,L,36,8,15,0.533,4,7,0.571,7,9,0.778,2,7,9,4,1,1,2,1,27,16,1,2022-23,Regular Season,204001,Kristaps Porziņģis
22022,204001,0022200224,2022-11-18 00:00:00,WAS vs. MIA,W,39,7,20,0.35,1,6,0.167,5,7,0.714,2,15,17,5,1,2,1,5,20,-2,1,2022-23,Regular Season,204001,Kristaps Porziņģis
22022,204001,0022200241,2022-11-20 00:00:00,WAS vs. CHA,W,34,4,19,0.211,2,8,0.25,2,2,1.0,4,4,8,2,1,5,4,5,12,5,1,2022-23,Regular Season,204001,Kristaps Porziņģis
22022,204001,0022200265,2022-11-23 00:00:00,WAS @ MIA,L,33,8,19,0.421,2,9,0.222,3,6,0.5,1,8,9,4,0,0,3,5,21,-3,1,2022-23,Regular Season,204001,Kristaps Porziņģis
22022,204001,0022200277,2022-11-25 00:00:00,WAS @ MIA,L,36,7,18,0.389,1,4,0.25,3,3,1.0,2,5,7,1,0,2,1,3,18,-6,1,2022-23,Regular Season,204001,Kristaps Porziņģis
22022,204001,0022200294,2022-11-27 00:00:00,WAS @ BOS,L,26,7,11,0.636,0,1,0.0,7,8,0.875,0,4,4,2,0,0,1,2,21,-23,1,2022-23,Regular Season,204001,Kristaps Porziņģis
22022,204001,0022200300,2022-11-28 00:00:00,WAS vs. MIN,W,31,12,18,0.667,6,10,0.6,11,11,1.0,2,2,4,3,2,3,1,3,41,13,1,2022-23,Regular Season,204001,Kristaps Porziņģis
22022,204001,0022200315,2022-11-30 00:00:00,WAS @ BKN,L,38,8,14,0.571,2,3,0.667,9,14,0.643,4,15,19,0,1,2,2,2,27,-3,1,2022-23,Regular Season,204001,Kristaps Porziņģis
22022,204001,0022200326,2022-12-02 00:00:00,WAS @ CHA,L,36,5,14,0.357,0,6,0.0,11,13,0.846,4,7,11,3,1,1,4,3,21,0,1,2022-23,Regular Season,204001,Kristaps Porziņģis
22022,204001,0022200349,2022-12-04 00:00:00,WAS vs. LAL,L,34,11,25,0.44,1,6,0.167,4,6,0.667,1,8,9,3,2,1,0,2,27,-7,1,2022-23,Regular Season,204001,Kristaps Porziņģis
22022,204001,0022200367,2022-12-07 00:00:00,WAS @ CHI,L,35,8,17,0.471,0,6,0.0,12,16,0.75,1,8,9,4,2,2,5,4,28,-14,1,2022-23,Regular Season,204001,Kristaps Porziņģis
22022,204001,0022200378,2022-12-09 00:00:00,WAS @ IND,L,35,11,13,0.846,1,2,0.5,6,8,0.75,2,7,9,2,0,2,4,1,29,-7,1,2022-23,Regular Season,204001,Kristaps Porziņģis
22022,204001,0022200389,2022-12-10 00:00:00,WAS vs. LAC,L,37,8,20,0.4,2,4,0.5,12,13,0.923,0,15,15,5,0,2,3,3,30,6,1,2022-23,Regular Season,204001,Kristaps Porziņģis
22022,204001,0022200403,2022-12-12 00:00:00,WAS vs. BKN,L,24,7,11,0.636,0,1,0.0,6,6,1.0,0,3,3,1,2,1,5,2,20,-22,1,2022-23,Regular Season,204001,Kristaps Porziņģis
22022,204001,0022200438,2022-12-17 00:00:00,WAS @ LAC,L,35,8,19,0.421,0,3,0.0,3,4,0.75,1,6,7,2,4,0,2,2,19,-9,1,2022-23,Regular Season,204001,Kristaps Porziņģis
22022,204001,0022200451,2022-12-18 00:00:00,WAS @ LAL,L,38,7,18,0.389,2,9,0.222,5,7,0.714,4,7,11,5,2,1,2,2,21,5,1,2022-23,Regular Season,204001,Kristaps Porziņģis
22022,204001,0022200491,2022-12-23 00:00:00,WAS @ SAC,W,34,2,11,0.182,0,3,0.0,3,5,0.6,2,11,13,1,1,2,0,3,7,9,1,2022-23,Regular Season,204001,Kristaps Porziņģis
22022,204001,0022200506,2022-12-27 00:00:00,WAS vs. PHI,W,35,7,15,0.467,3,5,0.6,7,9,0.778,3,7,10,1,2,3,2,2,24,14,1,2022-23,Regular Season,204001,Kristaps Porziņģis
22022,204001,0022200516,2022-12-28 00:00:00,WAS vs. PHX,W,34,8,15,0.533,2,6,0.333,4,4,1.0,1,5,6,2,1,1,3,2,22,23,1,2022-23,Regular Season,204001,Kristaps Porziņģis
22022,204001,0022200529,2022-12-30 00:00:00,WAS @ ORL,W,35,9,13,0.692,3,6,0.5,9,11,0.818,2,11,13,2,1,4,5,4,30,32,1,2022-23,Regular Season,204001,Kristaps Porziņģis
22022,204001,0022200548,2023-01-01 00:00:00,WAS @ MIL,W,29,9,16,0.563,0,5,0.0,4,4,1.0,1,4,5,0,2,2,2,3,22,13,1,2022-23,Regular Season,204001,Kristaps Porziņģis
22022,204001,0022200561,2023-01-03 00:00:00,WAS @ MIL,L,35,7,13,0.538,2,5,0.4,6,6,1.0,1,8,9,4,1,1,3,5,22,-15,1,2022-23,Regular Season,204001,Kristaps Porziņģis
22022,204001,0022200584,2023-01-06 00:00:00,WAS @ OKC,L,25,3,11,0.273,0,2,0.0,8,10,0.8,3,7,10,0,0,0,3,0,14,-17,1,2022-23,Regular Season,204001,Kristaps Porziņģis
22022,204001,0022200605,2023-01-09 00:00:00,WAS vs. NOP,L,34,8,16,0.5,3,5,0.6,4,4,1.0,3,7,10,1,0,0,1,0,23,-2,1,2022-23,Regular Season,204001,Kristaps Porziņģis
22022,204001,0022200634,2023-01-13 00:00:00,WAS vs. NYK,L,35,6,19,0.316,4,8,0.5,5,6,0.833,1,3,4,1,0,0,2,4,21,-4,1,2022-23,Regular Season,204001,Kristaps Porziņģis
22022,204001,0022200660,2023-01-16 00:00:00,WAS vs. GSW,L,37,9,15,0.6,3,7,0.429,11,12,0.917,0,5,5,3,1,2,1,3,32,-17,1,2022-23,Regular Season,204001,Kristaps Porziņģis
22022,204001,0022200669,2023-01-18 00:00:00,WAS @ NYK,W,33,6,17,0.353,4,9,0.444,6,6,1.0,5,6,11,5,0,2,3,6,22,8,1,2022-23,Regular Season,204001,Kristaps Porziņģis
22022,204001,0022200693,2023-01-21 00:00:00,WAS vs. ORL,W,23,3,10,0.3,1,3,0.333,10,10,1.0,1,5,6,0,0,1,2,2,17,5,1,2022-23,Regular Season,204001,Kristaps Porziņģis
22022,204001,0022200760,2023-01-30 00:00:00,WAS @ SAS,W,30,7,13,0.538,1,3,0.333,2,2,1.0,1,8,9,7,3,5,2,5,17,9,1,2022-23,Regular Season,204001,Kristaps Porziņģis
22022,204001,0022200787,2023-02-03 00:00:00,WAS vs. POR,L,35,9,15,0.6,3,6,0.5,11,12,0.917,0,8,8,4,0,1,1,5,32,1,1,2022-23,Regular Season,204001,Kristaps Porziņģis
22022,204001,0022200793,2023-02-04 00:00:00,WAS @ BKN,L,33,11,20,0.55,4,5,0.8,12,13,0.923,1,4,5,2,0,2,5,6,38,3,1,2022-23,Regular Season,204001,Kristaps Porziņģis
22022,204001,0022200809,2023-02-06 00:00:00,WAS vs. CLE,L,26,7,13,0.538,1,6,0.167,3,3,1.0,1,6,7,1,0,1,2,3,18,-21,1,2022-23,Regular Season,204001,Kristaps Porziņģis
22022,204001,0022200823,2023-02-08 00:00:00,WAS vs. CHA,W,35,13,22,0.591,8,14,0.571,2,3,0.667,2,7,9,2,0,2,1,2,36,12,1,2022-23,Regular Season,204001,Kristaps Porziņģis
22022,204001,0022200849,2023-02-11 00:00:00,WAS vs. IND,W,32,4,8,0.5,1,3,0.333,8,8,1.0,4,6,10,5,0,1,0,2,17,14,1,2022-23,Regular Season,204001,Kristaps Porziņģis
22022,204001,0022200866,2023-02-13 00:00:00,WAS @ GSW,L,36,12,16,0.75,2,3,0.667,8,8,1.0,1,6,7,2,1,0,4,1,34,-14,1,2022-23,Regular Season,204001,Kristaps Porziņģis
22022,204001,0022200872,2023-02-14 00:00:00,WAS @ POR,W,30,10,15,0.667,1,3,0.333,7,7,1.0,3,9,12,5,0,1,4,5,28,14,1,2022-23,Regular Season,204001,Kristaps Porziņģis
22022,204001,0022200884,2023-02-16 00:00:00,WAS @ MIN,W,32,4,12,0.333,1,3,0.333,5,7,0.714,0,5,5,2,2,2,0,3,14,-2,1,2022-23,Regular Season,204001,Kristaps Porziņģis
22022,204001,0022200895,2023-02-24 00:00:00,WAS vs. NYK,L,35,5,10,0.5,5,9,0.556,8,8,1.0,1,5,6,3,0,2,3,2,23,-16,1,2022-23,Regular Season,204001,Kristaps Porziņģis
22022,204001,0022200942,2023-03-02 00:00:00,WAS vs. TOR,W,36,8,12,0.667,2,4,0.5,7,7,1.0,1,4,5,2,1,2,4,4,25,7,1,2022-23,Regular Season,204001,Kristaps Porziņģis
22022,204001,0022200956,2023-03-04 00:00:00,WAS vs. TOR,L,40,9,14,0.643,2,2,1.0,2,3,0.667,1,10,11,4,2,2,3,1,22,4,1,2022-23,Regular Season,204001,Kristaps Porziņģis
22022,204001,0022200973,2023-03-05 00:00:00,WAS vs. MIL,L,36,11,29,0.379,1,8,0.125,1,1,1.0,5,8,13,5,0,2,1,4,24,11,1,2022-23,Regular Season,204001,Kristaps Porziņģis
22022,204001,0022200769,2023-03-07 00:00:00,WAS @ DET,W,32,8,15,0.533,3,7,0.429,5,6,0.833,4,3,7,2,0,0,1,6,24,4,1,2022-23,Regular Season,204001,Kristaps Porziņģis
22022,204001,0022200985,2023-03-08 00:00:00,WAS vs. ATL,L,38,17,22,0.773,7,10,0.7,2,3,0.667,0,5,5,5,0,0,1,5,43,8,1,2022-23,Regular Season,204001,Kristaps Porziņģis
22022,204001,0022200999,2023-03-10 00:00:00,WAS vs. ATL,L,32,8,18,0.444,3,7,0.429,3,5,0.6,0,9,9,0,1,2,2,4,22,2,1,2022-23,Regular Season,204001,Kristaps Porziņģis
22022,204001,0022201016,2023-03-12 00:00:00,WAS @ PHI,L,25,4,15,0.267,0,3,0.0,1,2,0.5,1,5,6,1,1,2,1,4,9,-23,1,2022-23,Regular Season,204001,Kristaps Porziņģis
22022,204001,0022201028,2023-03-14 00:00:00,WAS vs. DET,W,31,5,15,0.333,0,6,0.0,8,8,1.0,1,6,7,4,3,4,1,2,18,6,1,2022-23,Regular Season,204001,Kristaps Porziņģis
22022,204001,0022201049,2023-03-17 00:00:00,WAS @ CLE,L,32,7,16,0.438,1,5,0.2,5,5,1.0,0,9,9,3,2,2,4,1,20,-8,1,2022-23,Regular Season,204001,Kristaps Porziņģis
22022,204001,0022201077,2023-03-21 00:00:00,WAS @ ORL,L,38,12,22,0.545,3,7,0.429,3,3,1.0,1,5,6,3,1,2,2,3,30,6,1,2022-23,Regular Season,204001,Kristaps Porziņģis
22022,204001,0022201083,2023-03-22 00:00:00,WAS vs. DEN,L,22,11,17,0.647,1,3,0.333,2,2,1.0,0,3,3,2,0,0,1,3,25,-18,1,2022-23,Regular Season,204001,Kristaps Porziņģis
22022,204001,0022201098,2023-03-24 00:00:00,WAS vs. SAS,W,28,7,11,0.636,2,3,0.667,7,7,1.0,1,8,9,5,0,3,1,0,23,10,1,2022-23,Regular Season,204001,Kristaps Porziņģis
22022,204001,0022201119,2023-03-26 00:00:00,WAS @ TOR,L,34,9,17,0.529,4,7,0.571,4,5,0.8,1,5,6,2,2,0,3,2,26,1,1,2022-23,Regular Season,204001,Kristaps Porziņģis
22022,204001,0022201130,2023-03-28 00:00:00,WAS vs. BOS,W,34,14,21,0.667,3,5,0.6,1,1,1.0,2,11,13,6,1,1,0,1,32,26,1,2022-23,Regular Season,204001,Kristaps Porziņģis
22022,1631114,0022200010,2022-10-19 00:00:00,OKC @ MIN,L,6,2,2,1.0,1,1,1.0,0,0,0.0,0,0,0,1,0,0,2,3,5,-6,1,2022-23,Regular Season,1631114,Jalen Williams
22022,1631114,0022200086,2022-10-29 00:00:00,OKC @ DAL,W,27,5,8,0.625,0,2,0.0,3,3,1.0,0,3,3,3,4,1,3,3,13,-9,1,2022-23,Regular Season,1631114,Jalen Williams
22022,1631114,0022200105,2022-11-01 00:00:00,OKC vs. ORL,W,22,3,7,0.429,0,1,0.0,0,0,0.0,0,1,1,0,2,0,2,1,6,-9,1,2022-23,Regular Season,1631114,Jalen Williams
22022,1631114,0022200119,2022-11-03 00:00:00,OKC vs. DEN,L,14,4,7,0.571,0,1,0.0,0,0,0.0,0,0,0,2,0,0,0,0,8,-11,1,2022-23,Regular Season,1631114,Jalen Williams
22022,1631114,0022200136,2022-11-05 00:00:00,OKC @ MIL,L,20,2,6,0.333,1,3,0.333,0,0,0.0,0,5,5,1,0,0,0,2,5,-16,1,2022-23,Regular Season,1631114,Jalen Williams
22022,1631114,0022200146,2022-11-07 00:00:00,OKC @ DET,L,31,3,6,0.5,0,0,0.0,0,0,0.0,1,1,2,2,1,1,1,4,6,-22,1,2022-23,Regular Season,1631114,Jalen Williams
22022,1631114,0022200168,2022-11-09 00:00:00,OKC vs. MIL,L,23,3,6,0.5,1,2,0.5,2,2,1.0,1,4,5,2,1,1,0,2,9,-4,1,2022-23,Regular Season,1631114,Jalen Williams
22022,1631114,0022200179,2022-11-11 00:00:00,OKC vs. TOR,W,30,5,10,0.5,0,5,0.0,0,0,0.0,1,2,3,11,1,0,2,5,10,15,1,2022-23,Regular Season,1631114,Jalen Williams
22022,1631114,0022200192,2022-11-13 00:00:00,OKC @ NYK,W,20,4,6,0.667,0,1,0.0,0,0,0.0,0,0,0,0,0,0,2,3,8,-3,1,2022-23,Regular Season,1631114,Jalen Williams
22022,1631114,0022200201,2022-11-14 00:00:00,OKC @ BOS,L,36,6,9,0.667,2,5,0.4,0,1,0.0,0,6,6,2,0,1,1,3,14,-3,1,2022-23,Regular Season,1631114,Jalen Williams
22022,1631114,0022200213,2022-11-16 00:00:00,OKC @ WAS,W,28,4,11,0.364,2,4,0.5,0,0,0.0,2,2,4,6,0,0,3,2,10,0,1,2022-23,Regular Season,1631114,Jalen Williams
22022,1631114,0022200229,2022-11-18 00:00:00,OKC @ MEM,L,34,6,12,0.5,2,5,0.4,2,2,1.0,0,6,6,7,2,0,1,4,16,-15,1,2022-23,Regular Season,1631114,Jalen Williams
22022,1631114,0022200254,2022-11-21 00:00:00,OKC vs. NYK,L,26,5,11,0.455,0,3,0.0,3,4,0.75,0,4,4,0,1,0,2,1,13,-14,1,2022-23,Regular Season,1631114,Jalen Williams
22022,1631114,0022200268,2022-11-23 00:00:00,OKC vs. DEN,L,30,4,9,0.444,2,3,0.667,6,6,1.0,0,0,0,1,0,1,2,6,16,-2,1,2022-23,Regular Season,1631114,Jalen Williams
22022,1631114,0022200281,2022-11-25 00:00:00,OKC vs. CHI,W,20,3,4,0.75,0,1,0.0,2,3,0.667,0,2,2,1,0,0,0,3,8,-8,1,2022-23,Regular Season,1631114,Jalen Williams
22022,1631114,0022200287,2022-11-26 00:00:00,OKC @ HOU,L,29,4,12,0.333,0,2,0.0,3,3,1.0,3,2,5,4,0,0,3,1,11,-16,1,2022-23,Regular Season,1631114,Jalen Williams
22022,1631114,0022200304,2022-11-28 00:00:00,OKC @ NOP,L,25,3,6,0.5,0,2,0.0,2,2,1.0,2,4,6,1,0,1,2,2,8,4,1,2022-23,Regular Season,1631114,Jalen Williams
22022,1631114,0022200319,2022-11-30 00:00:00,OKC vs. SAS,W,33,11,15,0.733,2,3,0.667,3,5,0.6,1,5,6,2,0,0,3,3,27,12,1,2022-23,Regular Season,1631114,Jalen Williams
22022,1631114,0022200341,2022-12-03 00:00:00,OKC @ MIN,W,27,4,6,0.667,1,1,1.0,2,4,0.5,0,1,1,3,0,0,2,3,11,18,1,2022-23,Regular Season,1631114,Jalen Williams
22022,1631114,0022200354,2022-12-05 00:00:00,OKC @ ATL,W,31,6,10,0.6,0,1,0.0,0,0,0.0,1,6,7,1,0,1,0,2,12,-7,1,2022-23,Regular Season,1631114,Jalen Williams
22022,1631114,0022200368,2022-12-07 00:00:00,OKC @ MEM,L,26,3,11,0.273,1,4,0.25,0,0,0.0,1,2,3,3,1,0,1,4,7,-16,1,2022-23,Regular Season,1631114,Jalen Williams
22022,1631114,0022200390,2022-12-10 00:00:00,OKC @ CLE,L,29,4,6,0.667,0,2,0.0,3,6,0.5,0,0,0,3,2,0,1,3,11,4,1,2022-23,Regular Season,1631114,Jalen Williams
22022,1631114,0022200405,2022-12-12 00:00:00,OKC @ DAL,L,38,8,13,0.615,1,4,0.25,0,0,0.0,0,2,2,4,0,1,2,2,17,-21,1,2022-23,Regular Season,1631114,Jalen Williams
22022,1631114,0022200419,2022-12-14 00:00:00,OKC vs. MIA,L,31,6,10,0.6,2,4,0.5,0,0,0.0,0,5,5,2,0,2,1,2,14,-1,1,2022-23,Regular Season,1631114,Jalen Williams
22022,1631114,0022200435,2022-12-16 00:00:00,OKC vs. MIN,L,33,5,8,0.625,0,3,0.0,3,5,0.6,1,3,4,3,0,0,4,2,13,-7,1,2022-23,Regular Season,1631114,Jalen Williams
22022,1631114,0022200443,2022-12-17 00:00:00,OKC vs. MEM,W,30,0,8,0.0,0,2,0.0,1,2,0.5,0,2,2,6,1,0,2,1,1,-7,1,2022-23,Regular Season,1631114,Jalen Williams
22022,1631114,0022200458,2022-12-19 00:00:00,OKC vs. POR,W,33,5,12,0.417,1,2,0.5,2,3,0.667,2,5,7,4,1,1,1,2,13,-6,1,2022-23,Regular Season,1631114,Jalen Williams
22022,1631114,0022200474,2022-12-21 00:00:00,OKC vs. POR,W,30,5,8,0.625,1,3,0.333,4,4,1.0,0,4,4,1,0,0,3,2,15,4,1,2022-23,Regular Season,1631114,Jalen Williams
22022,1631114,0022200488,2022-12-23 00:00:00,OKC vs. NOP,L,30,4,12,0.333,0,3,0.0,3,4,0.75,3,4,7,3,0,0,3,4,11,-9,1,2022-23,Regular Season,1631114,Jalen Williams
22022,1631114,0022200511,2022-12-27 00:00:00,OKC vs. SAS,W,31,7,12,0.583,0,1,0.0,1,1,1.0,2,7,9,3,1,2,0,2,15,14,1,2022-23,Regular Season,1631114,Jalen Williams
22022,1631114,0022200523,2022-12-29 00:00:00,OKC @ CHA,L,27,5,9,0.556,2,4,0.5,3,4,0.75,2,3,5,1,1,0,0,2,15,-4,1,2022-23,Regular Season,1631114,Jalen Williams
22022,1631114,0022200545,2022-12-31 00:00:00,OKC vs. PHI,L,28,6,10,0.6,3,4,0.75,2,2,1.0,0,3,3,1,2,1,4,2,17,-5,1,2022-23,Regular Season,1631114,Jalen Williams
22022,1631114,0022200562,2023-01-03 00:00:00,OKC vs. BOS,W,33,10,18,0.556,0,4,0.0,1,3,0.333,0,3,3,6,4,0,0,3,21,22,1,2022-23,Regular Season,1631114,Jalen Williams
22022,1631114,0022200566,2023-01-04 00:00:00,OKC @ ORL,L,28,2,8,0.25,0,2,0.0,0,0,0.0,0,3,3,4,5,1,1,2,4,-9,1,2022-23,Regular Season,1631114,Jalen Williams
22022,1631114,0022200584,2023-01-06 00:00:00,OKC vs. WAS,W,34,7,13,0.538,2,4,0.5,2,2,1.0,2,6,8,3,2,0,3,4,18,12,1,2022-23,Regular Season,1631114,Jalen Williams
22022,1631114,0022200602,2023-01-08 00:00:00,OKC vs. DAL,W,25,5,11,0.455,0,2,0.0,0,0,0.0,2,2,4,2,0,3,1,1,10,-14,1,2022-23,Regular Season,1631114,Jalen Williams
22022,1631114,0022200611,2023-01-10 00:00:00,OKC @ MIA,L,32,5,9,0.556,1,2,0.5,1,2,0.5,0,0,0,5,2,1,1,4,12,-3,1,2022-23,Regular Season,1631114,Jalen Williams
22022,1631114,0022200626,2023-01-12 00:00:00,OKC @ PHI,W,27,6,11,0.545,2,3,0.667,0,0,0.0,1,4,5,4,1,1,2,2,14,-1,1,2022-23,Regular Season,1631114,Jalen Williams
22022,1631114,0022200636,2023-01-13 00:00:00,OKC @ CHI,W,34,10,12,0.833,1,3,0.333,1,1,1.0,1,7,8,3,2,0,0,2,22,23,1,2022-23,Regular Season,1631114,Jalen Williams
22022,1631114,0022200651,2023-01-15 00:00:00,OKC @ BKN,W,35,0,9,0.0,0,4,0.0,1,2,0.5,0,6,6,3,1,1,1,2,1,5,1,2022-23,Regular Season,1631114,Jalen Williams
22022,1631114,0022200674,2023-01-18 00:00:00,OKC vs. IND,W,34,4,10,0.4,1,4,0.25,2,2,1.0,2,5,7,6,4,1,1,4,11,33,1,2022-23,Regular Season,1631114,Jalen Williams
22022,1631114,0022200691,2023-01-20 00:00:00,OKC @ SAC,L,32,5,9,0.556,1,3,0.333,2,2,1.0,0,1,1,2,1,0,3,5,13,-3,1,2022-23,Regular Season,1631114,Jalen Williams
22022,1631114,0022200702,2023-01-22 00:00:00,OKC @ DEN,W,29,1,6,0.167,0,2,0.0,2,2,1.0,1,5,6,2,1,1,0,3,4,3,1,2022-23,Regular Season,1631114,Jalen Williams
22022,1631114,0022200725,2023-01-25 00:00:00,OKC vs. ATL,L,38,11,16,0.688,1,1,1.0,1,2,0.5,1,4,5,2,4,0,1,5,24,4,1,2022-23,Regular Season,1631114,Jalen Williams
22022,1631114,0022200739,2023-01-27 00:00:00,OKC vs. CLE,W,33,7,12,0.583,3,3,1.0,0,1,0.0,1,2,3,0,0,0,3,1,17,3,1,2022-23,Regular Season,1631114,Jalen Williams
22022,1631114,0022200759,2023-01-30 00:00:00,OKC vs. GSW,L,31,8,14,0.571,1,3,0.333,2,2,1.0,1,3,4,2,1,1,1,1,19,-5,1,2022-23,Regular Season,1631114,Jalen Williams
22022,1631114,0022200773,2023-02-01 00:00:00,OKC @ HOU,L,29,2,9,0.222,2,4,0.5,2,2,1.0,2,4,6,3,2,2,3,2,8,-5,1,2022-23,Regular Season,1631114,Jalen Williams
22022,1631114,0022200799,2023-02-04 00:00:00,OKC vs. HOU,W,30,0,3,0.0,0,2,0.0,2,2,1.0,2,4,6,7,0,0,1,1,2,23,1,2022-23,Regular Season,1631114,Jalen Williams
22022,1631114,0022200814,2023-02-06 00:00:00,OKC @ GSW,L,25,3,7,0.429,0,2,0.0,2,6,0.333,0,5,5,1,3,1,1,1,8,-19,1,2022-23,Regular Season,1631114,Jalen Williams
22022,1631114,0022200821,2023-02-07 00:00:00,OKC @ LAL,W,40,10,19,0.526,3,6,0.5,2,2,1.0,3,4,7,2,6,1,3,3,25,11,1,2022-23,Regular Season,1631114,Jalen Williams
22022,1631114,0022200843,2023-02-10 00:00:00,OKC @ POR,W,33,4,10,0.4,0,1,0.0,5,5,1.0,1,3,4,6,3,0,1,3,13,-1,1,2022-23,Regular Season,1631114,Jalen Williams
22022,1631114,0022200864,2023-02-13 00:00:00,OKC vs. NOP,L,39,9,15,0.6,2,3,0.667,2,2,1.0,2,5,7,4,2,1,1,1,22,10,1,2022-23,Regular Season,1631114,Jalen Williams
22022,1631114,0022200880,2023-02-15 00:00:00,OKC vs. HOU,W,22,5,7,0.714,1,2,0.5,2,2,1.0,3,1,4,2,1,0,2,4,13,30,1,2022-23,Regular Season,1631114,Jalen Williams
22022,1631114,0022200892,2023-02-23 00:00:00,OKC @ UTA,L,38,4,10,0.4,1,4,0.25,0,0,0.0,3,3,6,2,1,0,1,4,9,-11,1,2022-23,Regular Season,1631114,Jalen Williams
22022,1631114,0022200899,2023-02-24 00:00:00,OKC @ PHX,L,28,8,14,0.571,1,3,0.333,5,6,0.833,4,2,6,4,1,0,2,4,22,-12,1,2022-23,Regular Season,1631114,Jalen Williams
22022,1631114,0022200915,2023-02-26 00:00:00,OKC vs. SAC,L,31,7,12,0.583,1,2,0.5,0,0,0.0,0,2,2,4,3,0,1,2,15,-15,1,2022-23,Regular Season,1631114,Jalen Williams
22022,1631114,0022200928,2023-02-28 00:00:00,OKC vs. SAC,L,33,9,16,0.563,1,3,0.333,8,9,0.889,1,4,5,8,2,0,1,3,27,5,1,2022-23,Regular Season,1631114,Jalen Williams
22022,1631114,0022200940,2023-03-01 00:00:00,OKC vs. LAL,L,34,9,17,0.529,3,5,0.6,3,4,0.75,1,3,4,7,2,0,2,2,24,0,1,2022-23,Regular Season,1631114,Jalen Williams
22022,1631114,0022200951,2023-03-03 00:00:00,OKC vs. UTA,W,33,8,13,0.615,1,2,0.5,3,4,0.75,1,5,6,4,4,1,1,3,20,20,1,2022-23,Regular Season,1631114,Jalen Williams
22022,1631114,0022200968,2023-03-05 00:00:00,OKC vs. UTA,W,34,12,15,0.8,4,5,0.8,4,6,0.667,1,4,5,5,2,2,1,2,32,0,1,2022-23,Regular Season,1631114,Jalen Williams
22022,1631114,0022201011,2023-03-11 00:00:00,OKC @ NOP,W,37,7,10,0.7,0,0,0.0,3,3,1.0,1,3,4,2,3,0,3,0,17,16,1,2022-23,Regular Season,1631114,Jalen Williams
22022,1631114,0022201018,2023-03-12 00:00:00,OKC @ SAS,W,35,7,18,0.389,1,4,0.25,6,7,0.857,4,3,7,10,0,0,4,2,21,15,1,2022-23,Regular Season,1631114,Jalen Williams
22022,1631114,0022201031,2023-03-14 00:00:00,OKC vs. BKN,W,36,8,10,0.8,1,2,0.5,6,6,1.0,2,8,10,3,2,0,0,3,23,11,1,2022-23,Regular Season,1631114,Jalen Williams
22022,1631114,0022201044,2023-03-16 00:00:00,OKC @ TOR,L,29,4,11,0.364,1,3,0.333,6,7,0.857,2,5,7,3,1,0,2,2,15,-14,1,2022-23,Regular Season,1631114,Jalen Williams
22022,1631114,0022201064,2023-03-19 00:00:00,OKC vs. PHX,W,28,1,6,0.167,0,2,0.0,3,4,0.75,1,9,10,5,2,1,3,3,5,-4,1,2022-23,Regular Season,1631114,Jalen Williams
22022,1631114,0022201082,2023-03-21 00:00:00,OKC @ LAC,W,37,8,15,0.533,2,4,0.5,2,2,1.0,3,5,8,3,1,1,2,2,20,-4,1,2022-23,Regular Season,1631114,Jalen Williams
22022,1631114,0022201096,2023-03-23 00:00:00,OKC @ LAC,L,32,7,12,0.583,2,4,0.5,0,0,0.0,1,2,3,4,0,0,2,4,16,-26,1,2022-23,Regular Season,1631114,Jalen Williams
22022,1631114,0022201106,2023-03-24 00:00:00,OKC @ LAL,L,38,3,10,0.3,0,2,0.0,3,3,1.0,2,3,5,2,1,0,1,0,9,-1,1,2022-23,Regular Season,1631114,Jalen Williams
22022,1631114,0022201120,2023-03-26 00:00:00,OKC @ POR,W,37,9,14,0.643,2,2,1.0,3,3,1.0,1,4,5,4,2,0,1,1,23,10,1,2022-23,Regular Season,1631114,Jalen Williams
22022,1631114,0022201134,2023-03-28 00:00:00,OKC vs. CHA,L,34,11,16,0.688,1,2,0.5,8,9,0.889,1,2,3,4,4,0,1,4,31,9,1,2022-23,Regular Season,1631114,Jalen Williams
22022,1631114,0022201142,2023-03-29 00:00:00,OKC vs. DET,W,37,11,19,0.579,1,1,1.0,4,4,1.0,3,5,8,6,0,1,4,3,27,-4,1,2022-23,Regular Season,1631114,Jalen Williams
22022,1631114,0022201149,2023-03-31 00:00:00,OKC @ IND,L,30,6,10,0.6,0,3,0.0,2,2,1.0,0,6,6,6,2,0,2,5,14,-12,1,2022-23,Regular Season,1631114,Jalen Williams
22022,1631114,0022201172,2023-04-02 00:00:00,OKC vs. PHX,L,35,5,12,0.417,1,3,0.333,1,1,1.0,2,1,3,2,3,0,3,3,12,-4,1,2022-23,Regular Season,1631114,Jalen Williams
22022,1631114,0022201187,2023-04-04 00:00:00,OKC @ GSW,L,33,7,14,0.5,2,3,0.667,3,3,1.0,2,2,4,2,1,0,1,1,19,-8,1,2022-23,Regular Season,1631114,Jalen Williams
22022,1631114,0022201200,2023-04-06 00:00:00,OKC @ UTA,W,28,4,10,0.4,1,4,0.25,0,0,0.0,0,1,1,5,0,0,2,3,9,11,1,2022-23,Regular Season,1631114,Jalen Williams
22022,202699,0022200001,2022-10-18 00:00:00,PHI @ BOS,L,34,7,14,0.5,3,6,0.5,1,2,0.5,1,1,2,0,3,0,0,3,18,-1,1,2022-23,Regular Season,202699,Tobias Harris
22022,202699,0022200015,2022-10-20 00:00:00,PHI vs. MIL,L,33,4,10,0.4,1,4,0.25,0,0,0.0,1,9,10,2,1,2,1,2,9,2,1,2022-23,Regular Season,202699,Tobias Harris
22022,202699,0022200028,2022-10-22 00:00:00,PHI vs. SAS,L,36,6,11,0.545,3,6,0.5,0,0,0.0,0,4,4,2,0,0,1,2,15,-6,1,2022-23,Regular Season,202699,Tobias Harris
22022,202699,0022200044,2022-10-24 00:00:00,PHI vs. IND,W,29,7,14,0.5,4,10,0.4,0,0,0.0,2,6,8,2,1,1,0,3,18,14,1,2022-23,Regular Season,202699,Tobias Harris
22022,202699,0022200059,2022-10-26 00:00:00,PHI @ TOR,L,34,1,5,0.2,1,3,0.333,0,0,0.0,2,6,8,6,1,0,1,3,3,0,1,2022-23,Regular Season,202699,Tobias Harris
22022,202699,0022200073,2022-10-28 00:00:00,PHI @ TOR,W,28,5,14,0.357,2,8,0.25,1,1,1.0,1,4,5,3,2,0,1,2,13,12,1,2022-23,Regular Season,202699,Tobias Harris
22022,202699,0022200084,2022-10-29 00:00:00,PHI @ CHI,W,31,4,6,0.667,3,4,0.75,2,2,1.0,2,3,5,3,1,2,1,1,13,-2,1,2022-23,Regular Season,202699,Tobias Harris
22022,202699,0022200097,2022-10-31 00:00:00,PHI @ WAS,W,34,6,10,0.6,1,3,0.333,3,7,0.429,0,5,5,1,4,1,0,3,16,0,1,2022-23,Regular Season,202699,Tobias Harris
22022,202699,0022200108,2022-11-02 00:00:00,PHI vs. WAS,L,34,6,12,0.5,4,5,0.8,0,0,0.0,2,7,9,4,0,0,1,1,16,-7,1,2022-23,Regular Season,202699,Tobias Harris
22022,202699,0022200122,2022-11-04 00:00:00,PHI vs. NYK,L,37,9,15,0.6,3,7,0.429,2,2,1.0,2,7,9,4,1,2,2,2,23,-2,1,2022-23,Regular Season,202699,Tobias Harris
22022,202699,0022200148,2022-11-07 00:00:00,PHI vs. PHX,W,38,7,18,0.389,3,7,0.429,4,5,0.8,0,8,8,6,1,0,2,1,21,5,1,2022-23,Regular Season,202699,Tobias Harris
22022,202699,0022200173,2022-11-10 00:00:00,PHI @ ATL,L,34,5,15,0.333,0,4,0.0,2,2,1.0,0,2,2,3,5,0,1,1,12,-13,1,2022-23,Regular Season,202699,Tobias Harris
22022,202699,0022200188,2022-11-12 00:00:00,PHI vs. ATL,W,39,7,13,0.538,1,3,0.333,6,6,1.0,1,5,6,2,2,0,2,2,21,5,1,2022-23,Regular Season,202699,Tobias Harris
22022,202699,0022200195,2022-11-13 00:00:00,PHI vs. UTA,W,32,4,12,0.333,0,3,0.0,0,0,0.0,1,5,6,2,0,0,2,4,8,14,1,2022-23,Regular Season,202699,Tobias Harris
22022,202699,0022200256,2022-11-22 00:00:00,PHI vs. BKN,W,34,10,21,0.476,1,3,0.333,3,4,0.75,1,5,6,3,0,0,3,2,24,8,1,2022-23,Regular Season,202699,Tobias Harris
22022,202699,0022200260,2022-11-23 00:00:00,PHI @ CHA,L,37,9,20,0.45,1,9,0.111,0,0,0.0,0,5,5,0,0,0,2,3,19,-6,1,2022-23,Regular Season,202699,Tobias Harris
22022,202699,0022200273,2022-11-25 00:00:00,PHI @ ORL,W,35,10,21,0.476,1,7,0.143,2,2,1.0,0,10,10,5,1,0,2,2,23,5,1,2022-23,Regular Season,202699,Tobias Harris
22022,202699,0022200297,2022-11-27 00:00:00,PHI @ ORL,W,30,10,14,0.714,2,2,1.0,3,3,1.0,0,5,5,5,2,1,1,2,25,20,1,2022-23,Regular Season,202699,Tobias Harris
22022,202699,0022200299,2022-11-28 00:00:00,PHI vs. ATL,W,36,10,18,0.556,3,7,0.429,1,1,1.0,2,8,10,1,0,0,2,2,24,0,1,2022-23,Regular Season,202699,Tobias Harris
22022,202699,0022200312,2022-11-30 00:00:00,PHI @ CLE,L,23,0,7,0.0,0,3,0.0,3,3,1.0,0,1,1,3,0,0,1,1,3,-26,1,2022-23,Regular Season,202699,Tobias Harris
22022,202699,0022200332,2022-12-02 00:00:00,PHI @ MEM,L,38,7,14,0.5,5,6,0.833,2,2,1.0,1,10,11,1,1,0,1,2,21,1,1,2022-23,Regular Season,202699,Tobias Harris
22022,202699,0022200356,2022-12-05 00:00:00,PHI @ HOU,L,46,9,15,0.6,7,8,0.875,2,2,1.0,0,4,4,1,3,1,2,3,27,-7,1,2022-23,Regular Season,202699,Tobias Harris
22022,202699,0022200382,2022-12-09 00:00:00,PHI vs. LAL,W,41,5,11,0.455,2,6,0.333,2,2,1.0,1,8,9,4,0,1,3,5,14,15,1,2022-23,Regular Season,202699,Tobias Harris
22022,202699,0022200399,2022-12-11 00:00:00,PHI vs. CHA,W,33,7,12,0.583,2,5,0.4,1,1,1.0,1,3,4,2,3,1,3,3,17,17,1,2022-23,Regular Season,202699,Tobias Harris
22022,202699,0022200409,2022-12-13 00:00:00,PHI vs. SAC,W,34,9,17,0.529,2,7,0.286,1,1,1.0,2,5,7,9,1,1,0,1,21,21,1,2022-23,Regular Season,202699,Tobias Harris
22022,202699,0022200453,2022-12-19 00:00:00,PHI vs. TOR,W,42,7,9,0.778,5,7,0.714,2,2,1.0,0,4,4,1,1,0,2,2,21,7,1,2022-23,Regular Season,202699,Tobias Harris
22022,202699,0022200467,2022-12-21 00:00:00,PHI vs. DET,W,21,6,9,0.667,2,4,0.5,3,3,1.0,2,2,4,1,1,0,1,3,17,0,1,2022-23,Regular Season,202699,Tobias Harris
22022,202699,0022200480,2022-12-23 00:00:00,PHI vs. LAC,W,39,6,12,0.5,2,6,0.333,0,0,0.0,2,6,8,2,0,0,4,3,14,12,1,2022-23,Regular Season,202699,Tobias Harris
22022,202699,0022200493,2022-12-25 00:00:00,PHI @ NYK,W,37,4,10,0.4,0,5,0.0,0,0,0.0,0,6,6,2,0,0,0,1,8,-5,1,2022-23,Regular Season,202699,Tobias Harris
22022,202699,0022200506,2022-12-27 00:00:00,PHI @ WAS,L,39,7,14,0.5,0,4,0.0,1,1,1.0,1,3,4,2,1,2,2,2,15,-7,1,2022-23,Regular Season,202699,Tobias Harris
22022,202699,0022200534,2022-12-30 00:00:00,PHI @ NOP,L,33,5,10,0.5,2,5,0.4,2,2,1.0,0,5,5,3,0,1,0,1,14,3,1,2022-23,Regular Season,202699,Tobias Harris
22022,202699,0022200545,2022-12-31 00:00:00,PHI @ OKC,W,31,10,17,0.588,1,3,0.333,2,2,1.0,5,4,9,4,0,0,0,2,23,21,1,2022-23,Regular Season,202699,Tobias Harris
22022,202699,0022200554,2023-01-02 00:00:00,PHI vs. NOP,W,31,2,5,0.4,0,1,0.0,1,2,0.5,0,6,6,1,1,0,0,2,5,-1,1,2022-23,Regular Season,202699,Tobias Harris
22022,202699,0022200567,2023-01-04 00:00:00,PHI vs. IND,W,39,8,18,0.444,1,5,0.2,2,2,1.0,4,6,10,3,0,1,1,0,19,-2,1,2022-23,Regular Season,202699,Tobias Harris
22022,202699,0022200581,2023-01-06 00:00:00,PHI vs. CHI,L,38,9,20,0.45,2,7,0.286,2,2,1.0,2,9,11,1,1,1,0,2,22,-12,1,2022-23,Regular Season,202699,Tobias Harris
22022,202699,0022200596,2023-01-08 00:00:00,PHI @ DET,W,27,5,11,0.455,0,2,0.0,2,2,1.0,1,3,4,0,2,2,1,2,12,16,1,2022-23,Regular Season,202699,Tobias Harris
22022,202699,0022200612,2023-01-10 00:00:00,PHI vs. DET,W,27,6,6,1.0,2,2,1.0,0,0,0.0,0,6,6,3,0,0,2,0,14,40,1,2022-23,Regular Season,202699,Tobias Harris
22022,202699,0022200626,2023-01-12 00:00:00,PHI vs. OKC,L,33,5,13,0.385,2,7,0.286,1,2,0.5,1,2,3,1,0,1,0,2,13,-9,1,2022-23,Regular Season,202699,Tobias Harris
22022,202699,0022200655,2023-01-15 00:00:00,PHI @ LAL,W,31,7,13,0.538,0,4,0.0,1,1,1.0,0,5,5,3,0,3,3,3,15,11,1,2022-23,Regular Season,202699,Tobias Harris
22022,202699,0022200668,2023-01-17 00:00:00,PHI @ LAC,W,35,8,12,0.667,2,4,0.5,2,4,0.5,1,5,6,6,5,0,1,4,20,10,1,2022-23,Regular Season,202699,Tobias Harris
22022,202699,0022200682,2023-01-19 00:00:00,PHI @ POR,W,33,5,11,0.455,1,3,0.333,0,0,0.0,1,6,7,1,1,0,1,2,11,7,1,2022-23,Regular Season,202699,Tobias Harris
22022,202699,0022200698,2023-01-21 00:00:00,PHI @ SAC,W,25,7,13,0.538,2,6,0.333,1,1,1.0,0,5,5,6,0,0,5,6,17,-3,1,2022-23,Regular Season,202699,Tobias Harris
22022,202699,0022200721,2023-01-25 00:00:00,PHI vs. BKN,W,33,7,11,0.636,1,2,0.5,3,3,1.0,1,3,4,2,0,0,0,0,18,8,1,2022-23,Regular Season,202699,Tobias Harris
22022,202699,0022200741,2023-01-28 00:00:00,PHI vs. DEN,W,32,6,10,0.6,2,4,0.5,0,0,0.0,0,6,6,2,1,0,1,2,14,3,1,2022-23,Regular Season,202699,Tobias Harris
22022,202699,0022200756,2023-01-30 00:00:00,PHI vs. ORL,L,33,7,15,0.467,1,2,0.5,2,2,1.0,2,4,6,1,0,0,2,2,17,-11,1,2022-23,Regular Season,202699,Tobias Harris
22022,202699,0022200770,2023-02-01 00:00:00,PHI vs. ORL,W,37,7,10,0.7,2,4,0.5,0,0,0.0,0,5,5,5,0,2,2,3,16,3,1,2022-23,Regular Season,202699,Tobias Harris
22022,202699,0022200791,2023-02-03 00:00:00,PHI @ SAS,W,26,4,7,0.571,0,0,0.0,0,0,0.0,1,1,2,3,0,0,1,0,8,9,1,2022-23,Regular Season,202699,Tobias Harris
22022,202699,0022200804,2023-02-05 00:00:00,PHI @ NYK,L,38,5,12,0.417,1,3,0.333,3,3,1.0,2,8,10,3,0,1,1,1,14,4,1,2022-23,Regular Season,202699,Tobias Harris
22022,202699,0022200824,2023-02-08 00:00:00,PHI @ BOS,L,32,2,10,0.2,0,4,0.0,0,0,0.0,1,3,4,1,1,0,0,0,4,-11,1,2022-23,Regular Season,202699,Tobias Harris
22022,202699,0022200837,2023-02-10 00:00:00,PHI vs. NYK,W,35,5,13,0.385,2,8,0.25,0,0,0.0,0,4,4,4,1,0,1,2,12,8,1,2022-23,Regular Season,202699,Tobias Harris
22022,202699,0022200846,2023-02-11 00:00:00,PHI @ BKN,W,29,1,9,0.111,1,3,0.333,0,0,0.0,0,5,5,2,1,1,1,0,3,2,1,2022-23,Regular Season,202699,Tobias Harris
22022,202699,0022200860,2023-02-13 00:00:00,PHI vs. HOU,W,27,5,8,0.625,1,4,0.25,0,0,0.0,1,5,6,0,2,1,0,2,11,20,1,2022-23,Regular Season,202699,Tobias Harris
22022,202699,0022200875,2023-02-15 00:00:00,PHI vs. CLE,W,35,5,8,0.625,3,4,0.75,0,0,0.0,0,2,2,0,2,0,0,0,13,8,1,2022-23,Regular Season,202699,Tobias Harris
22022,202699,0022200889,2023-02-23 00:00:00,PHI vs. MEM,W,34,5,10,0.5,4,7,0.571,6,6,1.0,1,3,4,2,0,1,1,2,20,12,1,2022-23,Regular Season,202699,Tobias Harris
22022,202699,0022200908,2023-02-25 00:00:00,PHI vs. BOS,L,38,8,12,0.667,3,5,0.6,0,2,0.0,0,0,0,1,1,0,1,3,19,17,1,2022-23,Regular Season,202699,Tobias Harris
22022,202699,0022200920,2023-02-27 00:00:00,PHI vs. MIA,L,34,1,4,0.25,0,2,0.0,0,0,0.0,0,5,5,1,1,0,2,3,2,6,1,2022-23,Regular Season,202699,Tobias Harris
22022,202699,0022200936,2023-03-01 00:00:00,PHI @ MIA,W,35,7,11,0.636,2,4,0.5,2,2,1.0,0,6,6,5,1,1,0,2,18,16,1,2022-23,Regular Season,202699,Tobias Harris
22022,202699,0022200943,2023-03-02 00:00:00,PHI @ DAL,L,35,4,6,0.667,1,2,0.5,1,1,1.0,0,5,5,3,0,0,2,3,10,-22,1,2022-23,Regular Season,202699,Tobias Harris
22022,202699,0022200960,2023-03-04 00:00:00,PHI @ MIL,W,13,1,2,0.5,1,2,0.5,0,0,0.0,0,2,2,0,0,0,0,0,3,1,1,2022-23,Regular Season,202699,Tobias Harris
22022,202699,0022200980,2023-03-07 00:00:00,PHI @ MIN,W,34,2,8,0.25,0,1,0.0,6,6,1.0,3,11,14,4,4,1,0,2,10,26,1,2022-23,Regular Season,202699,Tobias Harris
22022,202699,0022200998,2023-03-10 00:00:00,PHI vs. POR,W,25,3,11,0.273,0,3,0.0,2,2,1.0,2,3,5,2,1,0,1,1,8,-22,1,2022-23,Regular Season,202699,Tobias Harris
22022,202699,0022201016,2023-03-12 00:00:00,PHI vs. WAS,W,25,4,11,0.364,1,2,0.5,2,2,1.0,0,3,3,0,1,2,0,3,11,10,1,2022-23,Regular Season,202699,Tobias Harris
22022,202699,0022201035,2023-03-15 00:00:00,PHI @ CLE,W,31,2,7,0.286,1,4,0.25,2,2,1.0,2,3,5,1,0,1,2,4,7,17,1,2022-23,Regular Season,202699,Tobias Harris
22022,202699,0022201047,2023-03-17 00:00:00,PHI @ CHA,W,23,7,11,0.636,3,5,0.6,1,2,0.5,1,4,5,0,1,0,1,2,18,12,1,2022-23,Regular Season,202699,Tobias Harris
22022,202699,0022201057,2023-03-18 00:00:00,PHI @ IND,W,32,9,12,0.75,4,6,0.667,2,2,1.0,0,5,5,4,0,2,1,1,24,19,1,2022-23,Regular Season,202699,Tobias Harris
22022,202699,0022201072,2023-03-20 00:00:00,PHI vs. CHI,L,47,6,11,0.545,2,4,0.5,0,0,0.0,3,6,9,1,1,1,3,3,14,2,1,2022-23,Regular Season,202699,Tobias Harris
22022,202699,0022201087,2023-03-22 00:00:00,PHI @ CHI,W,34,5,9,0.556,3,5,0.6,7,8,0.875,1,8,9,8,0,0,3,3,20,40,1,2022-23,Regular Season,202699,Tobias Harris
22022,202699,0022201103,2023-03-24 00:00:00,PHI @ GSW,L,38,10,12,0.833,1,1,1.0,2,3,0.667,0,6,6,3,0,0,0,0,23,1,1,2022-23,Regular Season,202699,Tobias Harris
22022,202699,0022201110,2023-03-25 00:00:00,PHI @ PHX,L,34,4,12,0.333,3,6,0.5,2,2,1.0,0,2,2,3,0,0,0,0,13,-10,1,2022-23,Regular Season,202699,Tobias Harris
22022,202699,0022201126,2023-03-27 00:00:00,PHI @ DEN,L,28,6,12,0.5,2,4,0.5,2,2,1.0,0,5,5,2,0,0,2,3,16,-16,1,2022-23,Regular Season,202699,Tobias Harris
22022,202699,0022201139,2023-03-29 00:00:00,PHI vs. DAL,W,33,5,7,0.714,0,2,0.0,3,3,1.0,0,4,4,2,1,0,0,2,13,-7,1,2022-23,Regular Season,202699,Tobias Harris
22022,202699,0022201174,2023-04-02 00:00:00,PHI @ MIL,L,28,3,6,0.5,0,3,0.0,0,0,0.0,1,2,3,3,1,2,1,1,6,-12,1,2022-23,Regular Season,202699,Tobias Harris
22022,202699,0022201181,2023-04-04 00:00:00,PHI vs. BOS,W,34,2,8,0.25,1,4,0.25,0,0,0.0,0,6,6,2,0,0,1,4,5,9,1,2022-23,Regular Season,202699,Tobias Harris
22022,202699,0022201198,2023-04-06 00:00:00,PHI vs. MIA,L,24,4,8,0.5,1,3,0.333,2,2,1.0,2,3,5,2,1,0,1,2,11,-4,1,2022-23,Regular Season,202699,Tobias Harris
42022,202699,0042200121,2023-04-15 00:00:00,PHI vs. BKN,W,29,9,14,0.643,3,3,1.0,0,0,0.0,2,2,4,4,0,1,1,1,21,12,1,2022-23,Playoffs,202699,Tobias Harris
42022,202699,0042200122,2023-04-17 00:00:00,PHI vs. BKN,W,33,8,14,0.571,1,3,0.333,3,3,1.0,5,7,12,2,1,0,0,4,20,9,1,2022-23,Playoffs,202699,Tobias Harris
42022,202699,0042200123,2023-04-20 00:00:00,PHI @ BKN,W,36,6,13,0.462,2,4,0.5,1,1,1.0,0,7,7,1,0,0,1,1,15,-1,1,2022-23,Playoffs,202699,Tobias Harris
42022,202699,0042200124,2023-04-22 00:00:00,PHI @ BKN,W,37,11,19,0.579,2,4,0.5,1,1,1.0,2,10,12,1,1,1,0,2,25,15,1,2022-23,Playoffs,202699,Tobias Harris
42022,202699,0042200211,2023-05-01 00:00:00,PHI @ BOS,W,42,8,16,0.5,2,5,0.4,0,0,0.0,0,5,5,3,1,1,0,1,18,0,1,2022-23,Playoffs,202699,Tobias Harris
42022,202699,0042200212,2023-05-03 00:00:00,PHI @ BOS,L,33,7,12,0.583,2,5,0.4,0,0,0.0,2,5,7,0,0,0,0,0,16,-21,1,2022-23,Playoffs,202699,Tobias Harris
42022,202699,0042200213,2023-05-05 00:00:00,PHI vs. BOS,L,25,3,6,0.5,0,1,0.0,1,2,0.5,1,3,4,1,0,1,2,5,7,-18,1,2022-23,Playoffs,202699,Tobias Harris
42022,202699,0042200214,2023-05-07 00:00:00,PHI vs. BOS,W,45,3,10,0.3,1,5,0.2,2,2,1.0,2,5,7,2,1,0,2,4,9,14,1,2022-23,Playoffs,202699,Tobias Harris
42022,202699,0042200215,2023-05-09 00:00:00,PHI @ BOS,W,31,7,10,0.7,1,3,0.333,1,2,0.5,2,9,11,1,0,0,1,5,16,12,1,2022-23,Playoffs,202699,Tobias Harris
42022,202699,0042200216,2023-05-11 00:00:00,PHI vs. BOS,L,42,1,7,0.143,0,1,0.0,0,0,0.0,1,5,6,3,2,2,0,2,2,-10,1,2022-23,Playoffs,202699,Tobias Harris
42022,202699,0042200217,2023-05-14 00:00:00,PHI @ BOS,L,40,7,13,0.538,1,7,0.143,4,4,1.0,0,5,5,0,1,0,1,3,19,-21,1,2022-23,Playoffs,202699,Tobias Harris
22022,1630560,0022200006,2022-10-19 00:00:00,BKN vs. NOP,L,13,1,4,0.25,0,1,0.0,0,0,0.0,0,0,0,1,0,0,0,0,2,3,1,2022-23,Regular Season,1630560,Cam Thomas
22022,1630560,0022200060,2022-10-26 00:00:00,BKN @ MIL,L,1,0,0,0.0,0,0,0.0,0,0,0.0,0,0,0,0,0,0,0,0,0,1,1,2022-23,Regular Season,1630560,Cam Thomas
22022,1630560,0022200103,2022-11-01 00:00:00,BKN vs. CHI,L,1,0,0,0.0,0,0,0.0,0,0,0.0,0,0,0,0,0,0,0,0,0,2,1,2022-23,Regular Season,1630560,Cam Thomas
22022,1630560,0022200123,2022-11-04 00:00:00,BKN @ WAS,W,32,6,13,0.462,2,4,0.5,3,3,1.0,0,4,4,6,1,0,0,2,17,36,1,2022-23,Regular Season,1630560,Cam Thomas
22022,1630560,0022200133,2022-11-05 00:00:00,BKN @ CHA,W,29,5,11,0.455,1,2,0.5,10,11,0.909,0,4,4,4,1,1,1,2,21,13,1,2022-23,Regular Season,1630560,Cam Thomas
22022,1630560,0022200155,2022-11-07 00:00:00,BKN @ DAL,L,30,5,13,0.385,2,4,0.5,7,9,0.778,1,0,1,2,2,0,1,2,19,-7,1,2022-23,Regular Season,1630560,Cam Thomas
22022,1630560,0022200164,2022-11-09 00:00:00,BKN vs. NYK,W,22,3,8,0.375,0,1,0.0,0,0,0.0,0,2,2,2,1,1,3,1,6,-8,1,2022-23,Regular Season,1630560,Cam Thomas
22022,1630560,0022200184,2022-11-12 00:00:00,BKN @ LAC,W,25,1,6,0.167,0,1,0.0,2,2,1.0,0,2,2,3,1,0,2,2,4,2,1,2022-23,Regular Season,1630560,Cam Thomas
22022,1630560,0022200198,2022-11-13 00:00:00,BKN @ LAL,L,23,4,9,0.444,0,2,0.0,7,9,0.778,0,3,3,2,1,0,1,1,15,8,1,2022-23,Regular Season,1630560,Cam Thomas
22022,1630560,0022200210,2022-11-15 00:00:00,BKN @ SAC,L,21,4,8,0.5,1,2,0.5,3,4,0.75,0,2,2,3,1,0,2,0,12,14,1,2022-23,Regular Season,1630560,Cam Thomas
22022,1630560,0022200221,2022-11-17 00:00:00,BKN @ POR,W,7,0,3,0.0,0,0,0.0,0,0,0.0,0,0,0,0,0,0,1,0,0,-7,1,2022-23,Regular Season,1630560,Cam Thomas
22022,1630560,0022200243,2022-11-20 00:00:00,BKN vs. MEM,W,4,0,1,0.0,0,0,0.0,0,2,0.0,0,1,1,0,0,0,0,1,0,-9,1,2022-23,Regular Season,1630560,Cam Thomas
22022,1630560,0022200256,2022-11-22 00:00:00,BKN @ PHI,L,3,0,0,0.0,0,0,0.0,0,0,0.0,0,1,1,1,0,0,0,0,0,5,1,2022-23,Regular Season,1630560,Cam Thomas
22022,1630560,0022200266,2022-11-23 00:00:00,BKN @ TOR,W,17,2,5,0.4,0,1,0.0,1,2,0.5,0,3,3,2,0,0,1,2,5,-3,1,2022-23,Regular Season,1630560,Cam Thomas
22022,1630560,0022200290,2022-11-27 00:00:00,BKN vs. POR,W,6,1,4,0.25,0,1,0.0,0,0,0.0,0,1,1,0,0,0,0,1,2,0,1,2022-23,Regular Season,1630560,Cam Thomas
22022,1630560,0022200302,2022-11-28 00:00:00,BKN vs. ORL,W,10,1,3,0.333,0,1,0.0,0,0,0.0,0,0,0,1,1,0,0,2,2,5,1,2022-23,Regular Season,1630560,Cam Thomas
22022,1630560,0022200315,2022-11-30 00:00:00,BKN vs. WAS,W,19,2,5,0.4,0,1,0.0,2,2,1.0,0,1,1,1,0,1,1,1,6,5,1,2022-23,Regular Season,1630560,Cam Thomas
22022,1630560,0022200329,2022-12-02 00:00:00,BKN vs. TOR,W,11,1,3,0.333,0,2,0.0,0,0,0.0,0,0,0,0,0,0,2,2,2,-18,1,2022-23,Regular Season,1630560,Cam Thomas
22022,1630560,0022200346,2022-12-04 00:00:00,BKN vs. BOS,L,9,1,5,0.2,1,2,0.5,5,6,0.833,0,0,0,1,0,0,0,0,8,-5,1,2022-23,Regular Season,1630560,Cam Thomas
22022,1630560,0022200364,2022-12-07 00:00:00,BKN vs. CHA,W,5,0,2,0.0,0,0,0.0,0,0,0.0,0,1,1,1,0,0,0,0,0,0,1,2022-23,Regular Season,1630560,Cam Thomas
22022,1630560,0022200388,2022-12-10 00:00:00,BKN @ IND,W,29,13,20,0.65,3,3,1.0,4,6,0.667,2,1,3,0,0,0,2,3,33,-8,1,2022-23,Regular Season,1630560,Cam Thomas
22022,1630560,0022200403,2022-12-12 00:00:00,BKN @ WAS,W,19,1,4,0.25,0,0,0.0,3,4,0.75,0,0,0,2,0,0,0,0,5,-5,1,2022-23,Regular Season,1630560,Cam Thomas
22022,1630560,0022200433,2022-12-16 00:00:00,BKN @ TOR,W,5,0,2,0.0,0,1,0.0,0,0,0.0,0,1,1,1,0,0,0,0,0,4,1,2022-23,Regular Season,1630560,Cam Thomas
22022,1630560,0022200470,2022-12-21 00:00:00,BKN vs. GSW,W,9,2,3,0.667,1,1,1.0,0,0,0.0,0,2,2,2,0,0,2,0,5,6,1,2022-23,Regular Season,1630560,Cam Thomas
22022,1630560,0022200483,2022-12-23 00:00:00,BKN vs. MIL,W,3,0,0,0.0,0,0,0.0,0,0,0.0,0,0,0,0,0,0,0,0,0,-3,1,2022-23,Regular Season,1630560,Cam Thomas
22022,1630560,0022200539,2022-12-31 00:00:00,BKN @ CHA,W,3,0,1,0.0,0,0,0.0,0,0,0.0,0,1,1,1,0,0,1,0,0,-3,1,2022-23,Regular Season,1630560,Cam Thomas
22022,1630560,0022200555,2023-01-02 00:00:00,BKN vs. SAS,W,12,4,5,0.8,1,1,1.0,0,0,0.0,0,2,2,2,0,0,0,1,9,7,1,2022-23,Regular Season,1630560,Cam Thomas
22022,1630560,0022200666,2023-01-17 00:00:00,BKN @ SAS,L,30,6,12,0.5,0,4,0.0,3,4,0.75,0,2,2,1,1,1,1,3,15,12,1,2022-23,Regular Season,1630560,Cam Thomas
22022,1630560,0022200681,2023-01-19 00:00:00,BKN @ PHX,L,13,6,11,0.545,0,2,0.0,3,4,0.75,0,0,0,0,0,0,0,2,15,-3,1,2022-23,Regular Season,1630560,Cam Thomas
22022,1630560,0022200689,2023-01-20 00:00:00,BKN @ UTA,W,6,1,3,0.333,0,0,0.0,0,0,0.0,0,2,2,0,0,0,0,0,2,-3,1,2022-23,Regular Season,1630560,Cam Thomas
22022,1630560,0022200731,2023-01-26 00:00:00,BKN vs. DET,L,2,0,1,0.0,0,0,0.0,0,0,0.0,0,0,0,0,0,0,1,0,0,-2,1,2022-23,Regular Season,1630560,Cam Thomas
22022,1630560,0022200742,2023-01-28 00:00:00,BKN vs. NYK,W,13,2,5,0.4,1,1,1.0,0,0,0.0,0,1,1,1,2,0,1,0,5,7,1,2022-23,Regular Season,1630560,Cam Thomas
22022,1630560,0022200757,2023-01-30 00:00:00,BKN vs. LAL,W,23,8,13,0.615,4,6,0.667,1,1,1.0,0,4,4,1,0,0,3,1,21,25,1,2022-23,Regular Season,1630560,Cam Thomas
22022,1630560,0022200772,2023-02-01 00:00:00,BKN @ BOS,L,24,7,16,0.438,1,6,0.167,4,5,0.8,0,1,1,2,1,0,0,0,19,-20,1,2022-23,Regular Season,1630560,Cam Thomas
22022,1630560,0022200793,2023-02-04 00:00:00,BKN vs. WAS,W,29,16,23,0.696,4,5,0.8,8,9,0.889,2,3,5,5,0,0,4,2,44,6,1,2022-23,Regular Season,1630560,Cam Thomas
22022,1630560,0022200810,2023-02-06 00:00:00,BKN vs. LAC,L,39,15,29,0.517,7,11,0.636,10,11,0.909,1,3,4,3,0,0,4,3,47,3,1,2022-23,Regular Season,1630560,Cam Thomas
22022,1630560,0022200817,2023-02-07 00:00:00,BKN vs. PHX,L,39,11,23,0.478,3,9,0.333,18,20,0.9,0,5,5,3,1,1,3,2,43,-4,1,2022-23,Regular Season,1630560,Cam Thomas
22022,1630560,0022200833,2023-02-09 00:00:00,BKN vs. CHI,W,33,3,16,0.188,1,6,0.167,13,13,1.0,0,6,6,4,0,0,4,3,20,18,1,2022-23,Regular Season,1630560,Cam Thomas
22022,1630560,0022200846,2023-02-11 00:00:00,BKN vs. PHI,L,18,7,12,0.583,0,2,0.0,0,0,0.0,0,1,1,2,0,0,0,1,14,-3,1,2022-23,Regular Season,1630560,Cam Thomas
22022,1630560,0022200862,2023-02-13 00:00:00,BKN @ NYK,L,20,2,8,0.25,0,0,0.0,3,4,0.75,0,1,1,0,0,0,0,1,7,-10,1,2022-23,Regular Season,1630560,Cam Thomas
22022,1630560,0022200878,2023-02-15 00:00:00,BKN vs. MIA,W,21,6,11,0.545,3,5,0.6,4,4,1.0,0,2,2,4,1,0,2,3,19,0,1,2022-23,Regular Season,1630560,Cam Thomas
22022,1630560,0022200900,2023-02-24 00:00:00,BKN @ CHI,L,30,6,15,0.4,3,6,0.5,7,9,0.778,0,1,1,2,0,0,0,0,22,-20,1,2022-23,Regular Season,1630560,Cam Thomas
22022,1630560,0022200911,2023-02-26 00:00:00,BKN @ ATL,L,29,6,14,0.429,1,3,0.333,9,9,1.0,1,1,2,3,2,0,2,1,22,-5,1,2022-23,Regular Season,1630560,Cam Thomas
22022,1630560,0022200924,2023-02-28 00:00:00,BKN vs. MIL,L,23,0,7,0.0,0,3,0.0,2,2,1.0,0,5,5,2,0,0,2,0,2,0,1,2022-23,Regular Season,1630560,Cam Thomas
22022,1630560,0022200937,2023-03-01 00:00:00,BKN @ NYK,L,24,6,13,0.462,1,4,0.25,2,2,1.0,0,1,1,1,1,1,2,4,15,-9,1,2022-23,Regular Season,1630560,Cam Thomas
22022,1630560,0022200948,2023-03-03 00:00:00,BKN @ BOS,W,7,0,4,0.0,0,3,0.0,0,0,0.0,0,2,2,1,0,0,0,0,0,-14,1,2022-23,Regular Season,1630560,Cam Thomas
22022,1630560,0022200965,2023-03-05 00:00:00,BKN vs. CHA,W,7,2,4,0.5,0,0,0.0,0,0,0.0,0,2,2,0,0,0,0,0,4,8,1,2022-23,Regular Season,1630560,Cam Thomas
22022,1630560,0022200995,2023-03-09 00:00:00,BKN @ MIL,L,26,7,13,0.538,3,6,0.5,4,4,1.0,1,3,4,0,0,0,2,2,21,-9,1,2022-23,Regular Season,1630560,Cam Thomas
22022,1630560,0022201001,2023-03-10 00:00:00,BKN @ MIN,W,5,0,1,0.0,0,0,0.0,1,1,1.0,0,0,0,0,0,0,1,0,1,-1,1,2022-23,Regular Season,1630560,Cam Thomas
22022,1630560,0022201031,2023-03-14 00:00:00,BKN @ OKC,L,3,0,1,0.0,0,1,0.0,0,0,0.0,0,0,0,0,0,0,1,0,0,4,1,2022-23,Regular Season,1630560,Cam Thomas
22022,1630560,0022201043,2023-03-16 00:00:00,BKN vs. SAC,L,6,0,3,0.0,0,2,0.0,0,0,0.0,0,2,2,0,0,0,1,0,0,-7,1,2022-23,Regular Season,1630560,Cam Thomas
22022,1630560,0022201063,2023-03-19 00:00:00,BKN vs. DEN,L,22,3,9,0.333,1,4,0.25,0,0,0.0,0,1,1,2,1,0,1,0,7,16,1,2022-23,Regular Season,1630560,Cam Thomas
22022,1630560,0022201118,2023-03-26 00:00:00,BKN @ ORL,L,28,7,16,0.438,0,4,0.0,4,4,1.0,0,2,2,2,0,0,3,2,18,-2,1,2022-23,Regular Season,1630560,Cam Thomas
22022,1630560,0022201153,2023-03-31 00:00:00,BKN vs. ATL,W,3,0,1,0.0,0,0,0.0,0,0,0.0,0,0,0,0,0,0,0,0,0,-6,1,2022-23,Regular Season,1630560,Cam Thomas
22022,1630560,0022201164,2023-04-02 00:00:00,BKN vs. UTA,W,9,1,3,0.333,0,0,0.0,0,0,0.0,0,2,2,0,0,0,0,1,2,-4,1,2022-23,Regular Season,1630560,Cam Thomas
22022,1630560,0022201180,2023-04-04 00:00:00,BKN vs. MIN,L,5,0,2,0.0,0,1,0.0,0,0,0.0,0,0,0,0,0,0,1,0,0,4,1,2022-23,Regular Season,1630560,Cam Thomas
22022,1630560,0022201217,2023-04-09 00:00:00,BKN vs. PHI,L,43,16,29,0.552,6,8,0.75,8,8,1.0,0,2,2,1,1,1,4,1,46,-20,1,2022-23,Regular Season,1630560,Cam Thomas
42022,1630560,0042200121,2023-04-15 00:00:00,BKN @ PHI,L,4,0,1,0.0,0,0,0.0,0,0,0.0,0,0,0,0,0,0,0,0,0,-4,1,2022-23,Playoffs,1630560,Cam Thomas
42022,1630560,0042200123,2023-04-20 00:00:00,BKN vs. PHI,L,11,3,6,0.5,0,2,0.0,0,0,0.0,0,1,1,1,0,0,1,2,6,-9,1,2022-23,Playoffs,1630560,Cam Thomas
22022,1630193,0022200009,2022-10-19 00:00:00,NYK @ MEM,L,17,0,6,0.0,0,3,0.0,0,0,0.0,0,3,3,0,0,0,0,0,0,-6,1,2022-23,Regular Season,1630193,Immanuel Quickley
22022,1630193,0022200023,2022-10-21 00:00:00,NYK vs. DET,W,27,8,14,0.571,3,8,0.375,1,1,1.0,1,6,7,7,0,0,3,2,20,27,1,2022-23,Regular Season,1630193,Immanuel Quickley
22022,1630193,0022200046,2022-10-24 00:00:00,NYK vs. ORL,W,23,0,5,0.0,0,4,0.0,0,0,0.0,1,5,6,8,1,0,2,2,0,0,1,2022-23,Regular Season,1630193,Immanuel Quickley
22022,1630193,0022200058,2022-10-26 00:00:00,NYK vs. CHA,W,19,3,6,0.5,2,3,0.667,3,4,0.75,1,2,3,3,0,0,3,1,11,-5,1,2022-23,Regular Season,1630193,Immanuel Quickley
22022,1630193,0022200075,2022-10-28 00:00:00,NYK @ MIL,L,28,5,11,0.455,2,4,0.5,2,4,0.5,1,3,4,3,3,1,1,1,14,11,1,2022-23,Regular Season,1630193,Immanuel Quickley
22022,1630193,0022200090,2022-10-30 00:00:00,NYK @ CLE,L,19,2,7,0.286,1,4,0.25,2,3,0.667,0,3,3,3,0,0,1,1,7,-6,1,2022-23,Regular Season,1630193,Immanuel Quickley
22022,1630193,0022200110,2022-11-02 00:00:00,NYK vs. ATL,L,29,3,7,0.429,1,3,0.333,4,4,1.0,2,14,16,4,0,0,2,2,11,7,1,2022-23,Regular Season,1630193,Immanuel Quickley
22022,1630193,0022200122,2022-11-04 00:00:00,NYK @ PHI,W,21,1,7,0.143,1,4,0.25,1,1,1.0,0,6,6,2,2,0,4,2,4,-5,1,2022-23,Regular Season,1630193,Immanuel Quickley
22022,1630193,0022200135,2022-11-05 00:00:00,NYK vs. BOS,L,13,2,6,0.333,0,2,0.0,0,0,0.0,0,2,2,1,1,0,0,0,4,-16,1,2022-23,Regular Season,1630193,Immanuel Quickley
22022,1630193,0022200153,2022-11-07 00:00:00,NYK @ MIN,W,17,3,6,0.5,1,2,0.5,2,2,1.0,1,3,4,1,2,0,1,2,9,15,1,2022-23,Regular Season,1630193,Immanuel Quickley
22022,1630193,0022200164,2022-11-09 00:00:00,NYK @ BKN,L,20,1,8,0.125,0,6,0.0,0,0,0.0,0,4,4,4,1,0,1,3,2,-17,1,2022-23,Regular Season,1630193,Immanuel Quickley
22022,1630193,0022200178,2022-11-11 00:00:00,NYK vs. DET,W,21,3,6,0.5,2,3,0.667,0,0,0.0,1,4,5,1,2,0,0,4,8,2,1,2022-23,Regular Season,1630193,Immanuel Quickley
22022,1630193,0022200192,2022-11-13 00:00:00,NYK vs. OKC,L,23,8,17,0.471,1,4,0.25,7,8,0.875,0,1,1,5,3,1,0,3,24,5,1,2022-23,Regular Season,1630193,Immanuel Quickley
22022,1630193,0022200208,2022-11-15 00:00:00,NYK @ UTA,W,26,5,10,0.5,3,6,0.5,0,0,0.0,0,3,3,2,4,0,0,5,13,18,1,2022-23,Regular Season,1630193,Immanuel Quickley
22022,1630193,0022200219,2022-11-16 00:00:00,NYK @ DEN,W,28,2,5,0.4,0,2,0.0,2,3,0.667,0,5,5,6,1,0,1,1,6,11,1,2022-23,Regular Season,1630193,Immanuel Quickley
22022,1630193,0022200233,2022-11-18 00:00:00,NYK @ GSW,L,27,0,5,0.0,0,3,0.0,6,6,1.0,0,6,6,1,2,0,3,0,6,-8,1,2022-23,Regular Season,1630193,Immanuel Quickley
22022,1630193,0022200240,2022-11-20 00:00:00,NYK @ PHX,L,28,1,6,0.167,0,2,0.0,4,4,1.0,0,1,1,2,0,1,2,0,6,-1,1,2022-23,Regular Season,1630193,Immanuel Quickley
22022,1630193,0022200254,2022-11-21 00:00:00,NYK @ OKC,W,25,6,8,0.75,4,5,0.8,2,2,1.0,1,2,3,4,1,0,0,3,18,11,1,2022-23,Regular Season,1630193,Immanuel Quickley
22022,1630193,0022200274,2022-11-25 00:00:00,NYK vs. POR,L,32,6,17,0.353,4,10,0.4,2,2,1.0,1,3,4,5,1,0,1,4,18,7,1,2022-23,Regular Season,1630193,Immanuel Quickley
22022,1630193,0022200296,2022-11-27 00:00:00,NYK vs. MEM,L,10,2,3,0.667,1,1,1.0,1,1,1.0,1,2,3,2,0,0,0,0,6,-1,1,2022-23,Regular Season,1630193,Immanuel Quickley
22022,1630193,0022200309,2022-11-29 00:00:00,NYK @ DET,W,22,7,12,0.583,0,2,0.0,1,1,1.0,0,1,1,4,0,0,3,3,15,-3,1,2022-23,Regular Season,1630193,Immanuel Quickley
22022,1630193,0022200316,2022-11-30 00:00:00,NYK vs. MIL,L,18,2,9,0.222,0,5,0.0,0,0,0.0,2,4,6,2,0,0,0,1,4,-3,1,2022-23,Regular Season,1630193,Immanuel Quickley
22022,1630193,0022200337,2022-12-03 00:00:00,NYK vs. DAL,L,30,7,11,0.636,2,5,0.4,7,10,0.7,2,4,6,0,0,0,4,1,23,-13,1,2022-23,Regular Season,1630193,Immanuel Quickley
22022,1630193,0022200348,2022-12-04 00:00:00,NYK vs. CLE,W,24,6,8,0.75,0,0,0.0,0,0,0.0,1,4,5,2,0,0,3,2,12,13,1,2022-23,Regular Season,1630193,Immanuel Quickley
22022,1630193,0022200365,2022-12-07 00:00:00,NYK vs. ATL,W,25,2,8,0.25,1,2,0.5,3,3,1.0,0,3,3,3,0,0,1,4,8,7,1,2022-23,Regular Season,1630193,Immanuel Quickley
22022,1630193,0022200377,2022-12-09 00:00:00,NYK @ CHA,W,28,4,11,0.364,3,7,0.429,0,0,0.0,1,1,2,4,0,0,2,2,11,11,1,2022-23,Regular Season,1630193,Immanuel Quickley
22022,1630193,0022200397,2022-12-11 00:00:00,NYK vs. SAC,W,25,4,11,0.364,1,5,0.2,3,4,0.75,0,4,4,2,1,0,0,2,12,9,1,2022-23,Regular Season,1630193,Immanuel Quickley
22022,1630193,0022200418,2022-12-14 00:00:00,NYK @ CHI,W,35,4,10,0.4,1,4,0.25,0,0,0.0,0,3,3,4,4,0,1,3,9,6,1,2022-23,Regular Season,1630193,Immanuel Quickley
22022,1630193,0022200434,2022-12-16 00:00:00,NYK @ CHI,W,26,1,12,0.083,0,7,0.0,1,1,1.0,0,1,1,2,1,0,0,2,3,6,1,2022-23,Regular Season,1630193,Immanuel Quickley
22022,1630193,0022200446,2022-12-18 00:00:00,NYK @ IND,W,22,2,8,0.25,1,2,0.5,0,0,0.0,0,1,1,2,1,0,0,1,5,-5,1,2022-23,Regular Season,1630193,Immanuel Quickley
22022,1630193,0022200463,2022-12-20 00:00:00,NYK vs. GSW,W,23,6,10,0.6,5,6,0.833,5,5,1.0,0,4,4,2,2,1,4,3,22,15,1,2022-23,Regular Season,1630193,Immanuel Quickley
22022,1630193,0022200471,2022-12-21 00:00:00,NYK vs. TOR,L,35,7,10,0.7,6,9,0.667,0,0,0.0,0,2,2,1,0,0,1,2,20,2,1,2022-23,Regular Season,1630193,Immanuel Quickley
22022,1630193,0022200485,2022-12-23 00:00:00,NYK vs. CHI,L,21,6,10,0.6,1,5,0.2,2,2,1.0,1,2,3,3,0,0,0,0,15,11,1,2022-23,Regular Season,1630193,Immanuel Quickley
22022,1630193,0022200493,2022-12-25 00:00:00,NYK vs. PHI,L,22,4,7,0.571,2,5,0.4,1,2,0.5,0,1,1,1,0,1,1,1,11,0,1,2022-23,Regular Season,1630193,Immanuel Quickley
22022,1630193,0022200512,2022-12-27 00:00:00,NYK @ DAL,L,51,5,21,0.238,1,10,0.1,2,3,0.667,0,3,3,15,1,0,1,5,13,0,1,2022-23,Regular Season,1630193,Immanuel Quickley
22022,1630193,0022200527,2022-12-29 00:00:00,NYK @ SAS,L,43,12,27,0.444,5,12,0.417,7,8,0.875,3,4,7,7,1,0,1,3,36,-12,1,2022-23,Regular Season,1630193,Immanuel Quickley
22022,1630193,0022200541,2022-12-31 00:00:00,NYK @ HOU,W,40,9,25,0.36,4,13,0.308,5,6,0.833,2,3,5,7,3,0,2,4,27,25,1,2022-23,Regular Season,1630193,Immanuel Quickley
22022,1630193,0022200550,2023-01-02 00:00:00,NYK vs. PHX,W,36,6,12,0.5,3,6,0.5,0,0,0.0,1,4,5,3,0,0,1,3,15,12,1,2022-23,Regular Season,1630193,Immanuel Quickley
22022,1630193,0022200568,2023-01-04 00:00:00,NYK vs. SAS,W,46,6,13,0.462,1,5,0.2,2,2,1.0,2,6,8,5,1,0,1,1,15,2,1,2022-23,Regular Season,1630193,Immanuel Quickley
22022,1630193,0022200582,2023-01-06 00:00:00,NYK @ TOR,W,37,4,8,0.5,0,3,0.0,5,6,0.833,0,5,5,4,0,0,0,3,13,9,1,2022-23,Regular Season,1630193,Immanuel Quickley
22022,1630193,0022200607,2023-01-09 00:00:00,NYK vs. MIL,L,43,9,14,0.643,3,6,0.5,2,3,0.667,0,4,4,0,0,0,0,3,23,5,1,2022-23,Regular Season,1630193,Immanuel Quickley
22022,1630193,0022200622,2023-01-11 00:00:00,NYK vs. IND,W,26,3,9,0.333,1,7,0.143,4,4,1.0,1,4,5,4,0,0,1,2,11,-2,1,2022-23,Regular Season,1630193,Immanuel Quickley
22022,1630193,0022200634,2023-01-13 00:00:00,NYK @ WAS,W,32,7,13,0.538,1,4,0.25,3,4,0.75,0,4,4,2,0,0,0,1,18,3,1,2022-23,Regular Season,1630193,Immanuel Quickley
22022,1630193,0022200648,2023-01-15 00:00:00,NYK @ DET,W,34,6,13,0.462,3,6,0.5,2,2,1.0,1,2,3,3,0,0,1,1,17,6,1,2022-23,Regular Season,1630193,Immanuel Quickley
22022,1630193,0022200659,2023-01-16 00:00:00,NYK vs. TOR,L,21,3,7,0.429,1,4,0.25,7,7,1.0,0,1,1,0,0,1,0,5,14,5,1,2022-23,Regular Season,1630193,Immanuel Quickley
22022,1630193,0022200669,2023-01-18 00:00:00,NYK vs. WAS,L,32,6,13,0.462,2,6,0.333,4,4,1.0,1,4,5,0,1,0,1,4,18,9,1,2022-23,Regular Season,1630193,Immanuel Quickley
22022,1630193,0022200684,2023-01-20 00:00:00,NYK @ ATL,L,36,5,5,1.0,1,1,1.0,0,0,0.0,1,1,2,1,0,0,1,3,11,2,1,2022-23,Regular Season,1630193,Immanuel Quickley
22022,1630193,0022200715,2023-01-24 00:00:00,NYK vs. CLE,W,27,4,8,0.5,1,2,0.5,0,1,0.0,0,5,5,6,1,0,2,2,9,14,1,2022-23,Regular Season,1630193,Immanuel Quickley
22022,1630193,0022200730,2023-01-26 00:00:00,NYK @ BOS,W,28,7,12,0.583,2,3,0.667,1,2,0.5,3,2,5,1,1,0,0,2,17,1,1,2022-23,Regular Season,1630193,Immanuel Quickley
22022,1630193,0022200742,2023-01-28 00:00:00,NYK @ BKN,L,28,6,11,0.545,4,7,0.571,0,1,0.0,1,5,6,3,1,0,2,2,16,2,1,2022-23,Regular Season,1630193,Immanuel Quickley
22022,1630193,0022200765,2023-01-31 00:00:00,NYK vs. LAL,L,39,6,12,0.5,2,6,0.333,5,6,0.833,1,2,3,8,1,0,1,2,19,3,1,2022-23,Regular Season,1630193,Immanuel Quickley
22022,1630193,0022200780,2023-02-02 00:00:00,NYK vs. MIA,W,37,3,8,0.375,2,5,0.4,0,0,0.0,0,6,6,4,0,0,1,0,8,0,1,2022-23,Regular Season,1630193,Immanuel Quickley
22022,1630193,0022200795,2023-02-04 00:00:00,NYK vs. LAC,L,27,3,12,0.25,3,7,0.429,2,2,1.0,0,4,4,2,1,0,0,2,11,0,1,2022-23,Regular Season,1630193,Immanuel Quickley
22022,1630193,0022200804,2023-02-05 00:00:00,NYK vs. PHI,W,28,2,8,0.25,0,3,0.0,1,2,0.5,0,3,3,1,1,0,0,2,5,-19,1,2022-23,Regular Season,1630193,Immanuel Quickley
22022,1630193,0022200816,2023-02-07 00:00:00,NYK @ ORL,W,32,7,15,0.467,4,9,0.444,0,0,0.0,0,3,3,4,1,0,0,0,18,9,1,2022-23,Regular Season,1630193,Immanuel Quickley
22022,1630193,0022200837,2023-02-10 00:00:00,NYK @ PHI,L,29,5,8,0.625,1,4,0.25,2,3,0.667,1,0,1,3,1,1,1,1,13,-11,1,2022-23,Regular Season,1630193,Immanuel Quickley
22022,1630193,0022200851,2023-02-11 00:00:00,NYK vs. UTA,W,23,6,9,0.667,3,6,0.5,0,2,0.0,3,2,5,1,1,1,1,3,15,2,1,2022-23,Regular Season,1630193,Immanuel Quickley
22022,1630193,0022200862,2023-02-13 00:00:00,NYK vs. BKN,W,28,4,8,0.5,2,3,0.667,4,5,0.8,1,4,5,5,0,0,0,2,14,22,1,2022-23,Regular Season,1630193,Immanuel Quickley
22022,1630193,0022200876,2023-02-15 00:00:00,NYK @ ATL,W,24,5,11,0.455,2,6,0.333,2,2,1.0,0,4,4,2,1,0,0,4,14,10,1,2022-23,Regular Season,1630193,Immanuel Quickley
22022,1630193,0022200895,2023-02-24 00:00:00,NYK @ WAS,W,30,6,11,0.545,3,6,0.5,1,2,0.5,1,2,3,1,0,0,3,1,16,0,1,2022-23,Regular Season,1630193,Immanuel Quickley
22022,1630193,0022200906,2023-02-25 00:00:00,NYK vs. NOP,W,27,5,10,0.5,2,7,0.286,1,1,1.0,1,6,7,2,1,2,2,2,13,18,1,2022-23,Regular Season,1630193,Immanuel Quickley
22022,1630193,0022200921,2023-02-27 00:00:00,NYK vs. BOS,W,31,7,13,0.538,4,7,0.571,5,6,0.833,0,3,3,2,1,0,0,1,23,15,1,2022-23,Regular Season,1630193,Immanuel Quickley
22022,1630193,0022200937,2023-03-01 00:00:00,NYK vs. BKN,W,22,6,12,0.5,2,5,0.4,1,2,0.5,0,3,3,2,1,0,1,1,15,14,1,2022-23,Regular Season,1630193,Immanuel Quickley
22022,1630193,0022200949,2023-03-03 00:00:00,NYK @ MIA,W,22,7,11,0.636,5,9,0.556,2,2,1.0,1,1,2,3,1,0,2,3,21,-4,1,2022-23,Regular Season,1630193,Immanuel Quickley
22022,1630193,0022200969,2023-03-05 00:00:00,NYK @ BOS,W,55,15,28,0.536,5,12,0.417,3,4,0.75,0,8,8,7,4,2,1,2,38,8,1,2022-23,Regular Season,1630193,Immanuel Quickley
22022,1630193,0022200979,2023-03-07 00:00:00,NYK vs. CHA,L,35,5,16,0.313,3,10,0.3,1,1,1.0,2,1,3,5,0,0,2,2,14,-15,1,2022-23,Regular Season,1630193,Immanuel Quickley
22022,1630193,0022200997,2023-03-09 00:00:00,NYK @ SAC,L,27,1,11,0.091,1,8,0.125,0,0,0.0,0,2,2,5,0,0,1,3,3,3,1,2022-23,Regular Season,1630193,Immanuel Quickley
22022,1630193,0022201004,2023-03-11 00:00:00,NYK @ LAC,L,42,8,18,0.444,3,8,0.375,7,8,0.875,4,6,10,4,1,0,0,2,26,-9,1,2022-23,Regular Season,1630193,Immanuel Quickley
22022,1630193,0022201019,2023-03-12 00:00:00,NYK @ LAL,W,31,6,12,0.5,1,3,0.333,2,2,1.0,0,2,2,3,1,0,1,3,15,-11,1,2022-23,Regular Season,1630193,Immanuel Quickley
22022,1630193,0022201034,2023-03-14 00:00:00,NYK @ POR,W,34,8,14,0.571,4,8,0.5,6,7,0.857,2,8,10,3,1,0,1,1,26,8,1,2022-23,Regular Season,1630193,Immanuel Quickley
22022,1630193,0022201055,2023-03-18 00:00:00,NYK vs. DEN,W,26,3,9,0.333,1,7,0.143,3,5,0.6,1,2,3,2,1,0,3,0,10,0,1,2022-23,Regular Season,1630193,Immanuel Quickley
22022,1630193,0022201073,2023-03-20 00:00:00,NYK vs. MIN,L,28,6,16,0.375,2,7,0.286,5,5,1.0,0,1,1,3,1,0,2,3,19,-1,1,2022-23,Regular Season,1630193,Immanuel Quickley
22022,1630193,0022201084,2023-03-22 00:00:00,NYK @ MIA,L,19,1,8,0.125,1,5,0.2,2,2,1.0,1,3,4,3,2,0,0,2,5,0,1,2022-23,Regular Season,1630193,Immanuel Quickley
22022,1630193,0022201093,2023-03-23 00:00:00,NYK @ ORL,L,42,7,17,0.412,2,7,0.286,9,10,0.9,2,3,5,7,2,1,3,0,25,7,1,2022-23,Regular Season,1630193,Immanuel Quickley
22022,1630193,0022201124,2023-03-27 00:00:00,NYK vs. HOU,W,30,14,18,0.778,5,7,0.714,7,9,0.778,0,2,2,9,1,1,1,3,40,18,1,2022-23,Regular Season,1630193,Immanuel Quickley
22022,1630193,0022201138,2023-03-29 00:00:00,NYK vs. MIA,W,32,8,14,0.571,2,5,0.4,6,11,0.545,0,1,1,4,3,0,1,0,24,14,1,2022-23,Regular Season,1630193,Immanuel Quickley
22022,1630193,0022201154,2023-03-31 00:00:00,NYK @ CLE,W,30,5,16,0.313,2,6,0.333,2,3,0.667,1,3,4,4,1,0,2,1,14,18,1,2022-23,Regular Season,1630193,Immanuel Quickley
22022,1630193,0022201168,2023-04-02 00:00:00,NYK vs. WAS,W,37,8,18,0.444,3,6,0.5,3,4,0.75,0,6,6,5,3,0,1,5,22,-2,1,2022-23,Regular Season,1630193,Immanuel Quickley
22022,1630193,0022201190,2023-04-05 00:00:00,NYK @ IND,W,40,14,26,0.538,7,13,0.538,4,5,0.8,2,4,6,9,2,0,2,2,39,27,1,2022-23,Regular Season,1630193,Immanuel Quickley
22022,1630193,0022201209,2023-04-07 00:00:00,NYK @ NOP,L,30,8,17,0.471,6,10,0.6,2,2,1.0,0,5,5,2,1,0,3,3,24,0,1,2022-23,Regular Season,1630193,Immanuel Quickley
22022,1630193,0022201220,2023-04-09 00:00:00,NYK vs. IND,L,37,9,22,0.409,3,11,0.273,9,9,1.0,0,9,9,7,2,0,5,3,30,9,1,2022-23,Regular Season,1630193,Immanuel Quickley
42022,1630193,0042200131,2023-04-15 00:00:00,NYK @ CLE,W,24,0,5,0.0,0,2,0.0,3,4,0.75,0,3,3,2,0,0,3,0,3,8,1,2022-23,Playoffs,1630193,Immanuel Quickley
42022,1630193,0042200132,2023-04-18 00:00:00,NYK @ CLE,L,23,4,8,0.5,1,4,0.25,3,4,0.75,0,1,1,1,2,0,1,3,12,-5,1,2022-23,Playoffs,1630193,Immanuel Quickley
42022,1630193,0042200133,2023-04-21 00:00:00,NYK vs. CLE,W,23,4,6,0.667,2,3,0.667,1,2,0.5,0,1,1,2,0,0,1,0,11,27,1,2022-23,Playoffs,1630193,Immanuel Quickley
42022,1630193,0042200134,2023-04-23 00:00:00,NYK vs. CLE,W,19,0,4,0.0,0,2,0.0,0,0,0.0,0,2,2,1,0,0,0,1,0,11,1,2022-23,Playoffs,1630193,Immanuel Quickley
42022,1630193,0042200135,2023-04-26 00:00:00,NYK @ CLE,W,29,5,15,0.333,3,10,0.3,6,6,1.0,0,2,2,1,0,0,0,3,19,-3,1,2022-23,Playoffs,1630193,Immanuel Quickley
42022,1630193,0042200201,2023-04-30 00:00:00,NYK vs. MIA,L,27,3,9,0.333,1,4,0.25,2,2,1.0,1,1,2,1,1,0,1,2,9,-4,1,2022-23,Playoffs,1630193,Immanuel Quickley
42022,1630193,0042200202,2023-05-02 00:00:00,NYK vs. MIA,W,9,3,7,0.429,0,4,0.0,0,0,0.0,0,1,1,0,0,0,2,2,6,-6,1,2022-23,Playoffs,1630193,Immanuel Quickley
42022,1630193,0042200203,2023-05-06 00:00:00,NYK @ MIA,L,20,4,12,0.333,2,8,0.25,2,2,1.0,1,0,1,0,1,0,1,0,12,-8,1,2022-23,Playoffs,1630193,Immanuel Quickley
22022,1626167,0022200061,2022-10-26 00:00:00,IND @ CHI,L,24,1,7,0.143,0,4,0.0,3,3,1.0,2,4,6,2,1,4,2,2,5,-8,1,2022-23,Regular Season,1626167,Myles Turner
22022,1626167,0022200074,2022-10-28 00:00:00,IND @ WAS,W,32,7,14,0.5,3,4,0.75,10,10,1.0,1,9,10,2,0,5,2,4,27,20,1,2022-23,Regular Season,1626167,Myles Turner
22022,1626167,0022200098,2022-10-31 00:00:00,IND @ BKN,L,20,2,8,0.25,0,3,0.0,3,6,0.5,0,5,5,2,0,2,4,3,7,-21,1,2022-23,Regular Season,1626167,Myles Turner
22022,1626167,0022200121,2022-11-04 00:00:00,IND vs. MIA,W,31,7,9,0.778,1,2,0.5,1,3,0.333,2,5,7,1,0,3,3,4,16,-4,1,2022-23,Regular Season,1626167,Myles Turner
22022,1626167,0022200147,2022-11-07 00:00:00,IND vs. NOP,W,37,11,18,0.611,4,7,0.571,11,11,1.0,2,10,12,1,0,3,1,4,37,10,1,2022-23,Regular Season,1626167,Myles Turner
22022,1626167,0022200160,2022-11-09 00:00:00,IND vs. DEN,L,26,5,11,0.455,0,4,0.0,4,5,0.8,2,9,11,2,1,3,0,5,14,-4,1,2022-23,Regular Season,1626167,Myles Turner
22022,1626167,0022200187,2022-11-12 00:00:00,IND vs. TOR,W,27,5,8,0.625,2,3,0.667,7,8,0.875,2,8,10,0,0,2,1,4,19,14,1,2022-23,Regular Season,1626167,Myles Turner
22022,1626167,0022200211,2022-11-16 00:00:00,IND @ CHA,W,31,7,10,0.7,1,2,0.5,5,6,0.833,1,9,10,3,1,3,2,3,20,11,1,2022-23,Regular Season,1626167,Myles Turner
22022,1626167,0022200228,2022-11-18 00:00:00,IND @ HOU,W,26,5,8,0.625,0,0,0.0,7,9,0.778,3,4,7,1,0,4,2,4,17,3,1,2022-23,Regular Season,1626167,Myles Turner
22022,1626167,0022200236,2022-11-19 00:00:00,IND vs. ORL,W,34,8,13,0.615,1,1,1.0,3,4,0.75,4,7,11,0,1,1,2,4,20,6,1,2022-23,Regular Season,1626167,Myles Turner
22022,1626167,0022200249,2022-11-21 00:00:00,IND vs. ORL,W,26,3,9,0.333,0,3,0.0,4,4,1.0,0,5,5,1,1,3,1,3,10,18,1,2022-23,Regular Season,1626167,Myles Turner
22022,1626167,0022200262,2022-11-23 00:00:00,IND vs. MIN,L,33,12,17,0.706,7,9,0.778,0,0,0.0,0,7,7,2,4,1,1,4,31,-15,1,2022-23,Regular Season,1626167,Myles Turner
22022,1626167,0022200276,2022-11-25 00:00:00,IND vs. BKN,W,34,9,11,0.818,2,3,0.667,3,4,0.75,0,8,8,3,0,2,1,0,23,26,1,2022-23,Regular Season,1626167,Myles Turner
22022,1626167,0022200292,2022-11-27 00:00:00,IND @ LAC,L,20,3,9,0.333,1,6,0.167,2,3,0.667,0,5,5,0,0,0,3,4,9,-17,1,2022-23,Regular Season,1626167,Myles Turner
22022,1626167,0022200308,2022-11-28 00:00:00,IND @ LAL,W,35,7,17,0.412,1,7,0.143,0,0,0.0,3,10,13,4,0,3,0,2,15,3,1,2022-23,Regular Season,1626167,Myles Turner
22022,1626167,0022200323,2022-11-30 00:00:00,IND @ SAC,L,28,2,9,0.222,0,3,0.0,0,2,0.0,2,4,6,0,0,3,1,2,4,-33,1,2022-23,Regular Season,1626167,Myles Turner
22022,1626167,0022200335,2022-12-02 00:00:00,IND @ UTA,L,26,7,9,0.778,2,4,0.5,2,2,1.0,0,4,4,1,1,1,3,3,18,-12,1,2022-23,Regular Season,1626167,Myles Turner
22022,1626167,0022200351,2022-12-04 00:00:00,IND @ POR,L,28,10,17,0.588,3,6,0.5,1,1,1.0,3,6,9,2,0,0,4,5,24,2,1,2022-23,Regular Season,1626167,Myles Turner
22022,1626167,0022200370,2022-12-07 00:00:00,IND @ MIN,L,34,8,11,0.727,4,6,0.667,3,4,0.75,1,6,7,0,0,4,2,2,23,13,1,2022-23,Regular Season,1626167,Myles Turner
22022,1626167,0022200378,2022-12-09 00:00:00,IND vs. WAS,W,30,4,8,0.5,1,2,0.5,5,6,0.833,3,3,6,0,1,0,2,3,14,7,1,2022-23,Regular Season,1626167,Myles Turner
22022,1626167,0022200388,2022-12-10 00:00:00,IND vs. BKN,L,30,6,11,0.545,1,3,0.333,3,5,0.6,1,2,3,2,0,1,1,5,16,-7,1,2022-23,Regular Season,1626167,Myles Turner
22022,1626167,0022200402,2022-12-12 00:00:00,IND vs. MIA,L,35,4,9,0.444,2,3,0.667,5,6,0.833,2,11,13,2,1,4,1,5,15,1,1,2022-23,Regular Season,1626167,Myles Turner
22022,1626167,0022200415,2022-12-14 00:00:00,IND vs. GSW,W,31,8,11,0.727,2,3,0.667,3,5,0.6,0,2,2,3,2,1,2,5,21,3,1,2022-23,Regular Season,1626167,Myles Turner
22022,1626167,0022200431,2022-12-16 00:00:00,IND @ CLE,L,30,5,9,0.556,2,5,0.4,0,0,0.0,0,11,11,0,0,0,0,4,12,1,1,2022-23,Regular Season,1626167,Myles Turner
22022,1626167,0022200446,2022-12-18 00:00:00,IND vs. NYK,L,33,2,10,0.2,2,8,0.25,0,4,0.0,3,5,8,1,1,1,0,3,6,-8,1,2022-23,Regular Season,1626167,Myles Turner
22022,1626167,0022200469,2022-12-21 00:00:00,IND @ BOS,W,27,4,8,0.5,1,2,0.5,1,1,1.0,0,6,6,3,1,0,2,4,10,2,1,2022-23,Regular Season,1626167,Myles Turner
22022,1626167,0022200486,2022-12-23 00:00:00,IND @ MIA,W,25,2,4,0.5,0,1,0.0,1,1,1.0,1,10,11,2,1,2,4,5,5,3,1,2022-23,Regular Season,1626167,Myles Turner
22022,1626167,0022200502,2022-12-26 00:00:00,IND @ NOP,L,25,5,8,0.625,2,5,0.4,2,4,0.5,0,8,8,0,1,2,1,2,14,-4,1,2022-23,Regular Season,1626167,Myles Turner
22022,1626167,0022200508,2022-12-27 00:00:00,IND vs. ATL,W,25,6,11,0.545,0,2,0.0,6,8,0.75,2,4,6,1,0,1,1,2,18,10,1,2022-23,Regular Season,1626167,Myles Turner
22022,1626167,0022200524,2022-12-29 00:00:00,IND vs. CLE,W,35,6,11,0.545,2,4,0.5,0,0,0.0,2,10,12,3,0,6,0,2,14,16,1,2022-23,Regular Season,1626167,Myles Turner
22022,1626167,0022200538,2022-12-31 00:00:00,IND vs. LAC,W,34,11,17,0.647,2,5,0.4,10,10,1.0,1,2,3,3,2,1,2,3,34,8,1,2022-23,Regular Season,1626167,Myles Turner
22022,1626167,0022200553,2023-01-02 00:00:00,IND vs. TOR,W,31,9,14,0.643,0,2,0.0,0,0,0.0,2,8,10,1,0,2,0,3,18,-1,1,2022-23,Regular Season,1626167,Myles Turner
22022,1626167,0022200567,2023-01-04 00:00:00,IND @ PHI,L,38,6,8,0.75,0,1,0.0,2,2,1.0,2,6,8,1,1,5,5,2,14,4,1,2022-23,Regular Season,1626167,Myles Turner
22022,1626167,0022200580,2023-01-06 00:00:00,IND vs. POR,W,28,6,16,0.375,0,6,0.0,5,6,0.833,0,7,7,2,0,2,0,3,17,14,1,2022-23,Regular Season,1626167,Myles Turner
22022,1626167,0022200598,2023-01-08 00:00:00,IND vs. CHA,W,34,10,16,0.625,1,3,0.333,8,10,0.8,2,7,9,0,1,4,2,3,29,20,1,2022-23,Regular Season,1626167,Myles Turner
22022,1626167,0022200657,2023-01-16 00:00:00,IND @ MIL,L,36,11,17,0.647,5,9,0.556,3,3,1.0,0,8,8,2,0,4,1,2,30,-11,1,2022-23,Regular Season,1626167,Myles Turner
22022,1626167,0022200674,2023-01-18 00:00:00,IND @ OKC,L,20,3,4,0.75,1,1,1.0,0,0,0.0,1,2,3,0,1,6,4,2,7,-23,1,2022-23,Regular Season,1626167,Myles Turner
22022,1626167,0022200688,2023-01-20 00:00:00,IND @ DEN,L,23,6,11,0.545,0,2,0.0,3,5,0.6,4,3,7,0,1,2,2,1,15,-3,1,2022-23,Regular Season,1626167,Myles Turner
22022,1626167,0022200697,2023-01-21 00:00:00,IND @ PHX,L,36,5,14,0.357,3,5,0.6,3,6,0.5,2,10,12,3,0,4,1,4,16,9,1,2022-23,Regular Season,1626167,Myles Turner
22022,1626167,0022200713,2023-01-24 00:00:00,IND vs. CHI,W,32,11,21,0.524,2,7,0.286,2,4,0.5,2,5,7,0,0,1,0,3,26,5,1,2022-23,Regular Season,1626167,Myles Turner
22022,1626167,0022200720,2023-01-25 00:00:00,IND @ ORL,L,33,7,16,0.438,3,6,0.5,5,6,0.833,5,8,13,1,1,1,1,1,22,0,1,2022-23,Regular Season,1626167,Myles Turner
22022,1626167,0022200736,2023-01-27 00:00:00,IND vs. MIL,L,36,10,20,0.5,2,7,0.286,2,4,0.5,1,4,5,0,0,4,0,4,24,0,1,2022-23,Regular Season,1626167,Myles Turner
22022,1626167,0022200753,2023-01-29 00:00:00,IND @ MEM,L,27,5,9,0.556,2,4,0.5,3,4,0.75,0,4,4,1,0,1,2,5,15,-18,1,2022-23,Regular Season,1626167,Myles Turner
22022,1626167,0022200778,2023-02-02 00:00:00,IND vs. LAL,L,31,8,11,0.727,2,4,0.5,2,2,1.0,2,11,13,3,1,2,1,5,20,18,1,2022-23,Regular Season,1626167,Myles Turner
22022,1626167,0022200786,2023-02-03 00:00:00,IND vs. SAC,W,33,5,13,0.385,1,4,0.25,3,4,0.75,2,11,13,1,2,4,4,4,14,-9,1,2022-23,Regular Season,1626167,Myles Turner
22022,1626167,0022200803,2023-02-05 00:00:00,IND vs. CLE,L,24,9,18,0.5,2,6,0.333,7,7,1.0,4,6,10,0,1,3,2,4,27,-12,1,2022-23,Regular Season,1626167,Myles Turner
22022,1626167,0022200825,2023-02-08 00:00:00,IND @ MIA,L,30,4,9,0.444,3,5,0.6,10,11,0.909,2,8,10,0,0,2,0,6,21,-2,1,2022-23,Regular Season,1626167,Myles Turner
22022,1626167,0022200836,2023-02-10 00:00:00,IND vs. PHX,L,21,2,9,0.222,1,5,0.2,2,2,1.0,1,4,5,1,0,1,2,2,7,-24,1,2022-23,Regular Season,1626167,Myles Turner
22022,1626167,0022200849,2023-02-11 00:00:00,IND @ WAS,L,26,7,10,0.7,0,2,0.0,6,8,0.75,2,1,3,2,1,0,0,3,20,-7,1,2022-23,Regular Season,1626167,Myles Turner
22022,1626167,0022200874,2023-02-15 00:00:00,IND vs. CHI,W,36,6,15,0.4,1,6,0.167,4,4,1.0,1,8,9,1,0,3,3,3,17,15,1,2022-23,Regular Season,1626167,Myles Turner
22022,1626167,0022200887,2023-02-23 00:00:00,IND vs. BOS,L,37,13,15,0.867,8,10,0.8,6,7,0.857,3,7,10,2,0,1,5,5,40,9,1,2022-23,Regular Season,1626167,Myles Turner
22022,1626167,0022200905,2023-02-25 00:00:00,IND @ ORL,W,28,11,19,0.579,2,4,0.5,0,0,0.0,1,7,8,1,1,1,0,4,24,1,1,2022-23,Regular Season,1626167,Myles Turner
22022,1626167,0022200929,2023-02-28 00:00:00,IND @ DAL,W,32,10,13,0.769,1,2,0.5,3,4,0.75,0,7,7,1,1,4,1,5,24,-8,1,2022-23,Regular Season,1626167,Myles Turner
22022,1626167,0022200944,2023-03-02 00:00:00,IND @ SAS,L,31,5,12,0.417,1,4,0.25,3,4,0.75,0,2,2,4,2,3,4,3,14,-8,1,2022-23,Regular Season,1626167,Myles Turner
22022,1626167,0022200963,2023-03-05 00:00:00,IND @ CHI,W,28,8,13,0.615,0,4,0.0,0,1,0.0,0,3,3,1,0,3,0,2,16,-6,1,2022-23,Regular Season,1626167,Myles Turner
22022,1626167,0022200972,2023-03-06 00:00:00,IND vs. PHI,L,17,4,9,0.444,0,3,0.0,2,4,0.5,0,0,0,0,1,1,3,6,10,0,1,2022-23,Regular Season,1626167,Myles Turner
22022,1626167,0022200993,2023-03-09 00:00:00,IND vs. HOU,W,27,8,15,0.533,0,2,0.0,5,5,1.0,0,5,5,1,1,7,1,6,21,7,1,2022-23,Regular Season,1626167,Myles Turner
22022,1626167,0022201045,2023-03-16 00:00:00,IND @ MIL,W,25,4,11,0.364,2,7,0.286,1,2,0.5,2,6,8,3,0,0,1,4,11,-8,1,2022-23,Regular Season,1626167,Myles Turner
22022,1626167,0022201057,2023-03-18 00:00:00,IND vs. PHI,L,30,7,12,0.583,0,2,0.0,6,6,1.0,1,4,5,2,0,1,1,5,20,-11,1,2022-23,Regular Season,1626167,Myles Turner
22022,1626167,0022201071,2023-03-20 00:00:00,IND @ CHA,L,28,5,9,0.556,0,2,0.0,10,11,0.909,1,6,7,5,0,0,3,2,20,-21,1,2022-23,Regular Season,1626167,Myles Turner
22022,1626167,0022201085,2023-03-22 00:00:00,IND @ TOR,W,29,6,9,0.667,0,0,0.0,4,6,0.667,2,5,7,3,0,1,2,6,16,1,1,2022-23,Regular Season,1626167,Myles Turner
22022,1626167,0022201097,2023-03-24 00:00:00,IND @ BOS,L,24,9,13,0.692,1,4,0.25,1,3,0.333,0,6,6,0,0,1,1,2,20,-18,1,2022-23,Regular Season,1626167,Myles Turner
22022,203991,0022200005,2022-10-19 00:00:00,ATL vs. HOU,W,26,1,3,0.333,0,0,0.0,0,0,0.0,2,6,8,0,0,2,1,2,2,-1,1,2022-23,Regular Season,203991,Clint Capela
22022,203991,0022200020,2022-10-21 00:00:00,ATL vs. ORL,W,32,4,6,0.667,0,0,0.0,0,0,0.0,0,7,7,0,2,1,0,1,8,6,1,2022-23,Regular Season,203991,Clint Capela
22022,203991,0022200038,2022-10-23 00:00:00,ATL vs. CHA,L,23,6,8,0.75,0,0,0.0,2,2,1.0,5,5,10,1,1,1,1,4,14,-19,1,2022-23,Regular Season,203991,Clint Capela
22022,203991,0022200057,2022-10-26 00:00:00,ATL @ DET,W,26,3,8,0.375,0,0,0.0,0,0,0.0,5,5,10,2,1,4,1,0,6,22,1,2022-23,Regular Season,203991,Clint Capela
22022,203991,0022200070,2022-10-28 00:00:00,ATL @ DET,W,23,2,6,0.333,0,0,0.0,1,3,0.333,3,8,11,1,0,2,1,2,5,14,1,2022-23,Regular Season,203991,Clint Capela
22022,203991,0022200085,2022-10-29 00:00:00,ATL @ MIL,L,29,5,8,0.625,0,0,0.0,1,2,0.5,5,5,10,1,2,1,2,1,11,-11,1,2022-23,Regular Season,203991,Clint Capela
22022,203991,0022200099,2022-10-31 00:00:00,ATL @ TOR,L,25,6,7,0.857,0,0,0.0,1,4,0.25,2,3,5,0,0,1,1,2,13,-24,1,2022-23,Regular Season,203991,Clint Capela
22022,203991,0022200110,2022-11-02 00:00:00,ATL @ NYK,W,25,3,8,0.375,0,0,0.0,2,2,1.0,4,6,10,1,1,0,0,1,8,15,1,2022-23,Regular Season,203991,Clint Capela
22022,203991,0022200134,2022-11-05 00:00:00,ATL vs. NOP,W,35,10,15,0.667,0,0,0.0,1,2,0.5,5,14,19,1,1,4,1,3,21,8,1,2022-23,Regular Season,203991,Clint Capela
22022,203991,0022200149,2022-11-07 00:00:00,ATL vs. MIL,W,22,2,7,0.286,0,0,0.0,1,1,1.0,3,9,12,0,1,1,1,3,5,1,1,2022-23,Regular Season,203991,Clint Capela
22022,203991,0022200162,2022-11-09 00:00:00,ATL vs. UTA,L,26,7,13,0.538,0,0,0.0,1,2,0.5,10,9,19,1,0,2,1,1,15,7,1,2022-23,Regular Season,203991,Clint Capela
22022,203991,0022200173,2022-11-10 00:00:00,ATL vs. PHI,W,26,7,10,0.7,0,0,0.0,4,6,0.667,5,15,20,0,0,0,1,2,18,24,1,2022-23,Regular Season,203991,Clint Capela
22022,203991,0022200188,2022-11-12 00:00:00,ATL @ PHI,L,33,7,9,0.778,0,0,0.0,0,0,0.0,6,9,15,0,0,0,4,3,14,-20,1,2022-23,Regular Season,203991,Clint Capela
22022,203991,0022200204,2022-11-14 00:00:00,ATL @ MIL,W,30,9,11,0.818,0,0,0.0,1,4,0.25,7,3,10,2,0,2,1,2,19,14,1,2022-23,Regular Season,203991,Clint Capela
22022,203991,0022200214,2022-11-16 00:00:00,ATL vs. BOS,L,18,3,3,1.0,0,0,0.0,1,2,0.5,2,6,8,0,0,0,0,0,7,-9,1,2022-23,Regular Season,203991,Clint Capela
22022,203991,0022200235,2022-11-19 00:00:00,ATL vs. TOR,W,34,9,13,0.692,0,0,0.0,0,0,0.0,6,8,14,1,0,3,0,4,18,10,1,2022-23,Regular Season,203991,Clint Capela
22022,203991,0022200248,2022-11-21 00:00:00,ATL @ CLE,L,27,2,5,0.4,0,0,0.0,0,0,0.0,2,10,12,3,2,2,1,4,4,-14,1,2022-23,Regular Season,203991,Clint Capela
22022,203991,0022200263,2022-11-23 00:00:00,ATL vs. SAC,W,28,5,10,0.5,0,0,0.0,1,1,1.0,4,10,14,1,0,3,0,3,11,6,1,2022-23,Regular Season,203991,Clint Capela
22022,203991,0022200299,2022-11-28 00:00:00,ATL @ PHI,L,33,4,9,0.444,0,0,0.0,2,4,0.5,4,12,16,0,1,0,1,3,10,-4,1,2022-23,Regular Season,203991,Clint Capela
22022,203991,0022200313,2022-11-30 00:00:00,ATL @ ORL,W,29,9,10,0.9,0,0,0.0,2,2,1.0,5,7,12,1,1,0,0,4,20,21,1,2022-23,Regular Season,203991,Clint Capela
22022,203991,0022200327,2022-12-02 00:00:00,ATL vs. DEN,W,31,5,10,0.5,0,0,0.0,2,4,0.5,6,5,11,0,1,0,0,4,12,-2,1,2022-23,Regular Season,203991,Clint Capela
22022,203991,0022200354,2022-12-05 00:00:00,ATL vs. OKC,L,30,7,10,0.7,0,0,0.0,0,0,0.0,7,9,16,0,0,2,4,4,14,-2,1,2022-23,Regular Season,203991,Clint Capela
22022,203991,0022200365,2022-12-07 00:00:00,ATL @ NYK,L,22,6,7,0.857,0,0,0.0,1,2,0.5,7,5,12,0,0,1,0,3,13,-25,1,2022-23,Regular Season,203991,Clint Capela
22022,203991,0022200380,2022-12-09 00:00:00,ATL @ BKN,L,29,6,11,0.545,0,0,0.0,3,4,0.75,4,7,11,1,1,1,1,2,15,-7,1,2022-23,Regular Season,203991,Clint Capela
22022,203991,0022200400,2022-12-11 00:00:00,ATL vs. CHI,W,31,7,9,0.778,0,0,0.0,1,1,1.0,3,11,14,1,1,1,0,1,15,-2,1,2022-23,Regular Season,203991,Clint Capela
22022,203991,0022200416,2022-12-14 00:00:00,ATL @ ORL,L,22,8,10,0.8,0,0,0.0,0,0,0.0,2,4,6,2,0,0,0,2,16,-5,1,2022-23,Regular Season,203991,Clint Capela
22022,203991,0022200481,2022-12-23 00:00:00,ATL vs. DET,W,25,4,5,0.8,0,0,0.0,2,2,1.0,3,7,10,0,1,2,3,3,10,13,1,2022-23,Regular Season,203991,Clint Capela
22022,203991,0022200661,2023-01-16 00:00:00,ATL vs. MIA,W,21,6,7,0.857,0,0,0.0,0,1,0.0,0,6,6,0,0,3,0,1,12,-3,1,2022-23,Regular Season,203991,Clint Capela
22022,203991,0022200670,2023-01-18 00:00:00,ATL @ DAL,W,23,7,10,0.7,0,0,0.0,2,2,1.0,3,3,6,0,1,1,0,1,16,10,1,2022-23,Regular Season,203991,Clint Capela
22022,203991,0022200684,2023-01-20 00:00:00,ATL vs. NYK,W,20,3,6,0.5,0,0,0.0,1,1,1.0,4,5,9,1,0,0,0,1,7,15,1,2022-23,Regular Season,203991,Clint Capela
22022,203991,0022200694,2023-01-21 00:00:00,ATL vs. CHA,L,24,5,5,1.0,0,0,0.0,2,2,1.0,3,6,9,0,2,1,1,2,12,8,1,2022-23,Regular Season,203991,Clint Capela
22022,203991,0022200708,2023-01-23 00:00:00,ATL @ CHI,L,36,7,12,0.583,0,1,0.0,2,3,0.667,3,9,12,1,2,2,2,2,16,-9,1,2022-23,Regular Season,203991,Clint Capela
22022,203991,0022200725,2023-01-25 00:00:00,ATL @ OKC,W,28,8,8,1.0,0,0,0.0,2,6,0.333,5,5,10,0,1,1,0,2,18,-18,1,2022-23,Regular Season,203991,Clint Capela
22022,203991,0022200745,2023-01-28 00:00:00,ATL vs. LAC,L,28,6,10,0.6,0,0,0.0,0,0,0.0,7,6,13,2,2,1,0,2,12,0,1,2022-23,Regular Season,203991,Clint Capela
22022,203991,0022200763,2023-01-30 00:00:00,ATL @ POR,L,29,4,11,0.364,0,0,0.0,2,2,1.0,10,5,15,3,0,0,0,1,10,-2,1,2022-23,Regular Season,203991,Clint Capela
22022,203991,0022200777,2023-02-01 00:00:00,ATL @ PHX,W,22,4,9,0.444,0,0,0.0,1,1,1.0,3,7,10,1,1,0,0,1,9,17,1,2022-23,Regular Season,203991,Clint Capela
22022,203991,0022200792,2023-02-03 00:00:00,ATL @ UTA,W,26,4,7,0.571,0,0,0.0,1,2,0.5,2,11,13,1,0,1,2,3,9,3,1,2022-23,Regular Season,203991,Clint Capela
22022,203991,0022200801,2023-02-04 00:00:00,ATL @ DEN,L,26,5,10,0.5,0,0,0.0,2,3,0.667,3,8,11,0,0,0,1,3,12,-18,1,2022-23,Regular Season,203991,Clint Capela
22022,203991,0022200818,2023-02-07 00:00:00,ATL @ NOP,L,23,5,7,0.714,0,0,0.0,3,5,0.6,2,6,8,0,0,0,0,2,13,-19,1,2022-23,Regular Season,203991,Clint Capela
22022,203991,0022200832,2023-02-09 00:00:00,ATL vs. PHX,W,25,3,8,0.375,0,0,0.0,1,2,0.5,8,9,17,1,2,1,2,4,7,11,1,2022-23,Regular Season,203991,Clint Capela
22022,203991,0022200850,2023-02-11 00:00:00,ATL vs. SAS,W,29,7,12,0.583,0,0,0.0,0,0,0.0,6,6,12,1,0,3,0,1,14,27,1,2022-23,Regular Season,203991,Clint Capela
22022,203991,0022200857,2023-02-13 00:00:00,ATL @ CHA,L,29,11,17,0.647,0,0,0.0,0,0,0.0,5,2,7,3,1,0,1,2,22,2,1,2022-23,Regular Season,203991,Clint Capela
22022,203991,0022200876,2023-02-15 00:00:00,ATL vs. NYK,L,26,5,8,0.625,0,0,0.0,0,0,0.0,2,6,8,1,1,1,0,3,10,-15,1,2022-23,Regular Season,203991,Clint Capela
22022,203991,0022200896,2023-02-24 00:00:00,ATL vs. CLE,W,21,5,7,0.714,0,0,0.0,0,0,0.0,0,4,4,2,0,3,1,4,10,8,1,2022-23,Regular Season,203991,Clint Capela
22022,203991,0022200911,2023-02-26 00:00:00,ATL vs. BKN,W,19,2,6,0.333,0,0,0.0,2,6,0.333,6,6,12,0,0,1,1,0,6,-16,1,2022-23,Regular Season,203991,Clint Capela
22022,203991,0022200923,2023-02-28 00:00:00,ATL vs. WAS,L,35,6,8,0.75,0,0,0.0,1,2,0.5,6,9,15,3,2,3,0,2,13,2,1,2022-23,Regular Season,203991,Clint Capela
22022,203991,0022200947,2023-03-03 00:00:00,ATL vs. POR,W,25,5,7,0.714,0,0,0.0,1,2,0.5,4,8,12,3,1,1,1,0,11,-3,1,2022-23,Regular Season,203991,Clint Capela
22022,203991,0022200958,2023-03-04 00:00:00,ATL @ MIA,L,25,8,10,0.8,0,0,0.0,0,0,0.0,5,8,13,0,1,1,0,3,16,-14,1,2022-23,Regular Season,203991,Clint Capela
22022,203991,0022200974,2023-03-06 00:00:00,ATL @ MIA,L,34,6,6,1.0,0,0,0.0,0,2,0.0,3,7,10,1,0,0,2,3,12,-6,1,2022-23,Regular Season,203991,Clint Capela
22022,203991,0022200985,2023-03-08 00:00:00,ATL @ WAS,W,25,4,7,0.571,0,0,0.0,5,6,0.833,1,2,3,1,1,1,0,4,13,-2,1,2022-23,Regular Season,203991,Clint Capela
22022,203991,0022200999,2023-03-10 00:00:00,ATL @ WAS,W,29,4,10,0.4,0,0,0.0,0,0,0.0,5,5,10,0,0,1,3,2,8,-5,1,2022-23,Regular Season,203991,Clint Capela
22022,203991,0022201008,2023-03-11 00:00:00,ATL vs. BOS,L,21,6,6,1.0,0,0,0.0,0,0,0.0,4,5,9,0,0,0,1,2,12,-20,1,2022-23,Regular Season,203991,Clint Capela
22022,203991,0022201021,2023-03-13 00:00:00,ATL vs. MIN,L,22,5,7,0.714,0,0,0.0,0,0,0.0,5,5,10,0,1,2,0,0,10,-11,1,2022-23,Regular Season,203991,Clint Capela
22022,203991,0022201048,2023-03-17 00:00:00,ATL vs. GSW,W,22,3,4,0.75,0,0,0.0,0,2,0.0,4,5,9,2,0,2,0,0,6,11,1,2022-23,Regular Season,203991,Clint Capela
22022,203991,0022201065,2023-03-19 00:00:00,ATL @ SAS,L,28,7,9,0.778,0,0,0.0,1,1,1.0,3,9,12,1,1,1,1,2,15,-6,1,2022-23,Regular Season,203991,Clint Capela
22022,203991,0022201078,2023-03-21 00:00:00,ATL vs. DET,W,25,6,7,0.857,0,0,0.0,0,2,0.0,4,12,16,0,2,2,0,2,12,23,1,2022-23,Regular Season,203991,Clint Capela
22022,203991,0022201090,2023-03-22 00:00:00,ATL @ MIN,L,29,5,6,0.833,0,0,0.0,1,1,1.0,3,5,8,3,0,0,0,2,11,-6,1,2022-23,Regular Season,203991,Clint Capela
22022,203991,0022201107,2023-03-25 00:00:00,ATL vs. IND,W,30,5,5,1.0,0,0,0.0,7,8,0.875,5,12,17,2,0,1,2,0,17,-2,1,2022-23,Regular Season,203991,Clint Capela
22022,203991,0022201115,2023-03-26 00:00:00,ATL vs. MEM,L,29,8,11,0.727,0,0,0.0,2,2,1.0,6,10,16,1,1,4,1,2,18,3,1,2022-23,Regular Season,203991,Clint Capela
22022,203991,0022201131,2023-03-28 00:00:00,ATL vs. CLE,W,27,6,10,0.6,0,0,0.0,0,1,0.0,3,7,10,2,0,0,2,3,12,-14,1,2022-23,Regular Season,203991,Clint Capela
22022,203991,0022201153,2023-03-31 00:00:00,ATL @ BKN,L,20,3,6,0.5,0,0,0.0,0,0,0.0,2,4,6,0,1,0,0,2,6,-12,1,2022-23,Regular Season,203991,Clint Capela
22022,203991,0022201167,2023-04-02 00:00:00,ATL vs. DAL,W,32,6,9,0.667,0,0,0.0,2,2,1.0,1,10,11,1,2,0,1,4,14,0,1,2022-23,Regular Season,203991,Clint Capela
22022,203991,0022201182,2023-04-04 00:00:00,ATL @ CHI,W,26,5,6,0.833,0,0,0.0,3,4,0.75,1,13,14,0,0,0,2,2,13,15,1,2022-23,Regular Season,203991,Clint Capela
22022,203991,0022201191,2023-04-05 00:00:00,ATL vs. WAS,W,15,3,5,0.6,0,0,0.0,3,4,0.75,4,4,8,0,1,3,1,4,9,16,1,2022-23,Regular Season,203991,Clint Capela
22022,203991,0022201205,2023-04-07 00:00:00,ATL vs. PHI,L,32,5,6,0.833,0,0,0.0,2,6,0.333,0,4,4,1,1,2,0,1,12,-13,1,2022-23,Regular Season,203991,Clint Capela
42022,203991,0042200111,2023-04-15 00:00:00,ATL @ BOS,L,27,6,8,0.75,0,0,0.0,0,0,0.0,0,8,8,0,1,0,0,0,12,-8,1,2022-23,Playoffs,203991,Clint Capela
42022,203991,0042200112,2023-04-18 00:00:00,ATL @ BOS,L,22,2,4,0.5,0,0,0.0,0,2,0.0,2,5,7,0,2,1,0,0,4,-5,1,2022-23,Playoffs,203991,Clint Capela
42022,203991,0042200113,2023-04-21 00:00:00,ATL vs. BOS,W,25,5,8,0.625,0,0,0.0,0,0,0.0,4,7,11,0,1,0,1,2,10,4,1,2022-23,Playoffs,203991,Clint Capela
42022,203991,0042200114,2023-04-23 00:00:00,ATL vs. BOS,L,30,3,6,0.5,0,0,0.0,4,4,1.0,3,4,7,0,2,1,3,2,10,0,1,2022-23,Playoffs,203991,Clint Capela
42022,203991,0042200115,2023-04-25 00:00:00,ATL @ BOS,W,21,2,5,0.4,0,0,0.0,0,0,0.0,1,6,7,1,0,1,0,0,4,-6,1,2022-23,Playoffs,203991,Clint Capela
42022,203991,0042200116,2023-04-27 00:00:00,ATL vs. BOS,L,28,5,7,0.714,0,0,0.0,0,0,0.0,5,5,10,2,0,0,0,1,10,-13,1,2022-23,Playoffs,203991,Clint Capela
22022,1626179,0022200011,2022-10-19 00:00:00,CHA @ SAS,W,30,10,19,0.526,4,7,0.571,0,0,0.0,0,6,6,6,0,1,4,1,24,18,1,2022-23,Regular Season,1626179,Terry Rozier
22022,1626179,0022200017,2022-10-21 00:00:00,CHA vs. NOP,L,36,7,24,0.292,2,8,0.25,7,8,0.875,4,4,8,11,1,2,2,1,23,-5,1,2022-23,Regular Season,1626179,Terry Rozier
22022,1626179,0022200133,2022-11-05 00:00:00,CHA vs. BKN,L,36,9,24,0.375,6,14,0.429,1,1,1.0,1,6,7,3,0,0,4,1,25,6,1,2022-23,Regular Season,1626179,Terry Rozier
22022,1626179,0022200144,2022-11-07 00:00:00,CHA vs. WAS,L,38,9,23,0.391,1,9,0.111,0,0,0.0,1,2,3,5,0,0,2,1,19,-12,1,2022-23,Regular Season,1626179,Terry Rozier
22022,1626179,0022200159,2022-11-09 00:00:00,CHA vs. POR,L,35,6,20,0.3,5,13,0.385,1,1,1.0,2,3,5,5,0,0,2,3,18,9,1,2022-23,Regular Season,1626179,Terry Rozier
22022,1626179,0022200174,2022-11-10 00:00:00,CHA @ MIA,L,43,8,25,0.32,3,10,0.3,3,4,0.75,3,5,8,3,0,0,1,2,22,1,1,2022-23,Regular Season,1626179,Terry Rozier
22022,1626179,0022200189,2022-11-12 00:00:00,CHA @ MIA,L,34,8,17,0.471,4,9,0.444,2,3,0.667,0,1,1,6,2,0,2,0,22,-19,1,2022-23,Regular Season,1626179,Terry Rozier
22022,1626179,0022200200,2022-11-14 00:00:00,CHA @ ORL,W,34,7,15,0.467,1,8,0.125,2,2,1.0,1,2,3,2,2,0,1,2,17,17,1,2022-23,Regular Season,1626179,Terry Rozier
22022,1626179,0022200211,2022-11-16 00:00:00,CHA vs. IND,L,33,7,17,0.412,1,4,0.25,2,2,1.0,0,2,2,8,0,0,5,3,17,-22,1,2022-23,Regular Season,1626179,Terry Rozier
22022,1626179,0022200225,2022-11-18 00:00:00,CHA @ CLE,L,49,11,32,0.344,5,16,0.313,1,1,1.0,3,2,5,5,1,0,3,4,28,-12,1,2022-23,Regular Season,1626179,Terry Rozier
22022,1626179,0022200241,2022-11-20 00:00:00,CHA @ WAS,L,38,3,14,0.214,0,6,0.0,2,3,0.667,3,4,7,5,1,0,2,3,8,-17,1,2022-23,Regular Season,1626179,Terry Rozier
22022,1626179,0022200260,2022-11-23 00:00:00,CHA vs. PHI,W,40,9,18,0.5,1,3,0.333,3,5,0.6,0,2,2,6,1,0,2,2,22,13,1,2022-23,Regular Season,1626179,Terry Rozier
22022,1626179,0022200272,2022-11-25 00:00:00,CHA vs. MIN,W,38,9,23,0.391,1,6,0.167,3,4,0.75,1,3,4,8,0,0,6,2,22,-5,1,2022-23,Regular Season,1626179,Terry Rozier
22022,1626179,0022200326,2022-12-02 00:00:00,CHA vs. WAS,W,41,8,21,0.381,2,5,0.4,7,7,1.0,1,4,5,8,2,0,0,1,25,-9,1,2022-23,Regular Season,1626179,Terry Rozier
22022,1626179,0022200339,2022-12-03 00:00:00,CHA vs. MIL,L,36,10,21,0.476,1,7,0.143,5,5,1.0,0,5,5,4,0,0,4,4,26,-2,1,2022-23,Regular Season,1626179,Terry Rozier
22022,1626179,0022200352,2022-12-05 00:00:00,CHA vs. LAC,L,38,8,22,0.364,3,8,0.375,3,4,0.75,1,4,5,8,2,0,2,1,22,7,1,2022-23,Regular Season,1626179,Terry Rozier
22022,1626179,0022200364,2022-12-07 00:00:00,CHA @ BKN,L,40,13,24,0.542,3,6,0.5,0,1,0.0,1,1,2,5,1,0,1,2,29,-6,1,2022-23,Regular Season,1626179,Terry Rozier
22022,1626179,0022200377,2022-12-09 00:00:00,CHA vs. NYK,L,32,10,19,0.526,3,7,0.429,1,2,0.5,1,5,6,4,0,0,4,3,24,-9,1,2022-23,Regular Season,1626179,Terry Rozier
22022,1626179,0022200399,2022-12-11 00:00:00,CHA @ PHI,L,34,10,20,0.5,5,8,0.625,4,4,1.0,2,6,8,6,0,0,5,5,29,-9,1,2022-23,Regular Season,1626179,Terry Rozier
22022,1626179,0022200414,2022-12-14 00:00:00,CHA vs. DET,L,42,8,28,0.286,2,13,0.154,7,8,0.875,0,5,5,2,1,1,0,4,25,-15,1,2022-23,Regular Season,1626179,Terry Rozier
22022,1626179,0022200428,2022-12-16 00:00:00,CHA vs. ATL,L,32,4,11,0.364,2,6,0.333,0,0,0.0,0,0,0,9,1,0,3,1,10,-13,1,2022-23,Regular Season,1626179,Terry Rozier
22022,1626179,0022200450,2022-12-18 00:00:00,CHA @ DEN,L,14,1,5,0.2,0,2,0.0,0,0,0.0,0,2,2,2,0,0,0,0,2,-5,1,2022-23,Regular Season,1626179,Terry Rozier
22022,1626179,0022200492,2022-12-23 00:00:00,CHA @ LAL,W,38,9,15,0.6,5,8,0.625,0,0,0.0,0,4,4,6,2,1,3,2,23,-7,1,2022-23,Regular Season,1626179,Terry Rozier
22022,1626179,0022200504,2022-12-26 00:00:00,CHA @ POR,L,37,2,17,0.118,1,7,0.143,2,2,1.0,1,3,4,6,0,0,2,1,7,-26,1,2022-23,Regular Season,1626179,Terry Rozier
22022,1626179,0022200513,2022-12-27 00:00:00,CHA @ GSW,L,34,7,18,0.389,1,6,0.167,4,4,1.0,0,3,3,4,1,0,4,2,19,3,1,2022-23,Regular Season,1626179,Terry Rozier
22022,1626179,0022200523,2022-12-29 00:00:00,CHA vs. OKC,W,34,3,11,0.273,0,5,0.0,4,6,0.667,2,2,4,7,0,0,3,1,10,2,1,2022-23,Regular Season,1626179,Terry Rozier
22022,1626179,0022200539,2022-12-31 00:00:00,CHA vs. BKN,L,32,5,14,0.357,1,4,0.25,5,5,1.0,2,3,5,2,0,0,0,0,16,-14,1,2022-23,Regular Season,1626179,Terry Rozier
22022,1626179,0022200551,2023-01-02 00:00:00,CHA vs. LAL,L,35,11,20,0.55,3,6,0.5,2,3,0.667,0,2,2,4,0,0,3,3,27,4,1,2022-23,Regular Season,1626179,Terry Rozier
22022,1626179,0022200564,2023-01-04 00:00:00,CHA vs. MEM,L,29,7,18,0.389,3,9,0.333,4,4,1.0,2,1,3,4,2,0,1,4,21,-8,1,2022-23,Regular Season,1626179,Terry Rozier
22022,1626179,0022200583,2023-01-06 00:00:00,CHA @ MIL,W,34,15,29,0.517,6,15,0.4,3,4,0.75,0,2,2,4,1,0,1,0,39,27,1,2022-23,Regular Season,1626179,Terry Rozier
22022,1626179,0022200598,2023-01-08 00:00:00,CHA @ IND,L,36,5,15,0.333,2,9,0.222,7,8,0.875,2,4,6,6,2,0,7,1,19,-12,1,2022-23,Regular Season,1626179,Terry Rozier
22022,1626179,0022200613,2023-01-10 00:00:00,CHA @ TOR,L,35,14,19,0.737,5,9,0.556,0,0,0.0,1,4,5,5,1,0,1,2,33,-2,1,2022-23,Regular Season,1626179,Terry Rozier
22022,1626179,0022200629,2023-01-12 00:00:00,CHA @ TOR,L,38,8,16,0.5,3,7,0.429,2,2,1.0,0,3,3,5,1,0,3,1,21,-3,1,2022-23,Regular Season,1626179,Terry Rozier
22022,1626179,0022200642,2023-01-14 00:00:00,CHA vs. BOS,L,36,8,17,0.471,2,8,0.25,3,4,0.75,1,3,4,3,0,1,2,0,21,-21,1,2022-23,Regular Season,1626179,Terry Rozier
22022,1626179,0022200656,2023-01-16 00:00:00,CHA vs. BOS,L,36,6,17,0.353,1,4,0.25,1,2,0.5,1,2,3,7,3,0,0,1,14,-8,1,2022-23,Regular Season,1626179,Terry Rozier
22022,1626179,0022200671,2023-01-18 00:00:00,CHA @ HOU,W,38,11,24,0.458,3,12,0.25,1,1,1.0,0,2,2,6,2,1,2,3,26,0,1,2022-23,Regular Season,1626179,Terry Rozier
22022,1626179,0022200694,2023-01-21 00:00:00,CHA @ ATL,W,39,11,25,0.44,7,13,0.538,5,5,1.0,0,3,3,5,4,0,3,3,34,1,1,2022-23,Regular Season,1626179,Terry Rozier
22022,1626179,0022200710,2023-01-23 00:00:00,CHA @ UTA,L,35,9,23,0.391,2,8,0.25,3,5,0.6,1,4,5,2,1,0,1,3,23,-12,1,2022-23,Regular Season,1626179,Terry Rozier
22022,1626179,0022200718,2023-01-24 00:00:00,CHA @ PHX,L,36,7,21,0.333,4,9,0.444,1,2,0.5,0,4,4,5,1,1,0,0,19,-14,1,2022-23,Regular Season,1626179,Terry Rozier
22022,1626179,0022200732,2023-01-26 00:00:00,CHA vs. CHI,W,35,9,19,0.474,4,8,0.5,6,8,0.75,0,5,5,2,4,1,1,3,28,21,1,2022-23,Regular Season,1626179,Terry Rozier
22022,1626179,0022200752,2023-01-29 00:00:00,CHA vs. MIA,W,37,11,19,0.579,5,11,0.455,4,5,0.8,1,5,6,7,0,1,2,0,31,-1,1,2022-23,Regular Season,1626179,Terry Rozier
22022,1626179,0022200767,2023-01-31 00:00:00,CHA @ MIL,L,35,6,20,0.3,2,9,0.222,6,6,1.0,0,7,7,3,1,0,2,2,20,-11,1,2022-23,Regular Season,1626179,Terry Rozier
22022,1626179,0022200781,2023-02-02 00:00:00,CHA @ CHI,L,37,8,21,0.381,3,8,0.375,4,4,1.0,4,4,8,1,2,0,2,1,23,-25,1,2022-23,Regular Season,1626179,Terry Rozier
22022,1626179,0022200785,2023-02-03 00:00:00,CHA @ DET,L,35,9,19,0.474,2,10,0.2,3,4,0.75,1,5,6,1,2,0,1,1,23,-6,1,2022-23,Regular Season,1626179,Terry Rozier
22022,1626179,0022200802,2023-02-05 00:00:00,CHA vs. ORL,L,36,9,14,0.643,3,5,0.6,3,4,0.75,1,2,3,6,0,1,0,2,24,2,1,2022-23,Regular Season,1626179,Terry Rozier
22022,1626179,0022200823,2023-02-08 00:00:00,CHA @ WAS,L,37,7,20,0.35,2,10,0.2,3,3,1.0,2,5,7,6,2,0,1,0,19,-18,1,2022-23,Regular Season,1626179,Terry Rozier
22022,1626179,0022200838,2023-02-10 00:00:00,CHA @ BOS,L,36,9,20,0.45,3,8,0.375,6,9,0.667,0,1,1,3,3,0,0,3,27,-4,1,2022-23,Regular Season,1626179,Terry Rozier
22022,1626179,0022200847,2023-02-11 00:00:00,CHA vs. DEN,L,31,4,14,0.286,1,7,0.143,3,4,0.75,0,2,2,4,3,0,1,3,12,-22,1,2022-23,Regular Season,1626179,Terry Rozier
22022,1626179,0022200857,2023-02-13 00:00:00,CHA vs. ATL,W,33,11,19,0.579,5,12,0.417,2,3,0.667,0,4,4,5,0,2,2,3,29,3,1,2022-23,Regular Season,1626179,Terry Rozier
22022,1626179,0022200898,2023-02-24 00:00:00,CHA @ MIN,W,33,2,10,0.2,0,5,0.0,5,6,0.833,0,3,3,5,2,0,1,2,9,5,1,2022-23,Regular Season,1626179,Terry Rozier
22022,1626179,0022200904,2023-02-25 00:00:00,CHA vs. MIA,W,35,3,15,0.2,2,8,0.25,6,6,1.0,0,0,0,2,2,0,2,2,14,-5,1,2022-23,Regular Season,1626179,Terry Rozier
22022,1626179,0022200919,2023-02-27 00:00:00,CHA vs. DET,W,38,9,19,0.474,3,8,0.375,1,1,1.0,0,3,3,3,1,0,1,3,22,11,1,2022-23,Regular Season,1626179,Terry Rozier
22022,1626179,0022200933,2023-03-01 00:00:00,CHA vs. PHX,L,38,7,18,0.389,3,9,0.333,3,7,0.429,0,6,6,5,0,0,6,1,20,-8,1,2022-23,Regular Season,1626179,Terry Rozier
22022,1626179,0022200946,2023-03-03 00:00:00,CHA vs. ORL,L,37,7,16,0.438,4,8,0.5,4,4,1.0,0,2,2,6,2,0,6,0,22,-16,1,2022-23,Regular Season,1626179,Terry Rozier
22022,1626179,0022200965,2023-03-05 00:00:00,CHA @ BKN,L,37,5,17,0.294,3,7,0.429,3,4,0.75,0,4,4,4,0,0,1,1,16,-13,1,2022-23,Regular Season,1626179,Terry Rozier
22022,1626179,0022200979,2023-03-07 00:00:00,CHA @ NYK,W,38,10,22,0.455,2,7,0.286,3,3,1.0,1,4,5,7,0,0,0,3,25,20,1,2022-23,Regular Season,1626179,Terry Rozier
22022,1626179,0022200992,2023-03-09 00:00:00,CHA @ DET,W,35,9,22,0.409,1,7,0.143,2,5,0.4,2,4,6,9,2,2,0,5,21,0,1,2022-23,Regular Season,1626179,Terry Rozier
22022,1626179,0022201005,2023-03-11 00:00:00,CHA vs. UTA,L,34,10,23,0.435,2,8,0.25,0,0,0.0,1,5,6,8,2,1,0,4,22,-17,1,2022-23,Regular Season,1626179,Terry Rozier
22022,1626179,0022201015,2023-03-12 00:00:00,CHA vs. CLE,L,39,10,19,0.526,4,9,0.444,3,5,0.6,0,4,4,6,4,0,8,2,27,6,1,2022-23,Regular Season,1626179,Terry Rozier
22022,1626179,0022201027,2023-03-14 00:00:00,CHA vs. CLE,L,35,10,20,0.5,2,7,0.286,0,0,0.0,0,3,3,9,0,0,2,0,22,-9,1,2022-23,Regular Season,1626179,Terry Rozier
22022,1626179,0022201047,2023-03-17 00:00:00,CHA vs. PHI,L,31,6,18,0.333,2,11,0.182,0,0,0.0,0,2,2,4,3,0,1,2,14,-26,1,2022-23,Regular Season,1626179,Terry Rozier
22022,1626179,0022201071,2023-03-20 00:00:00,CHA vs. IND,W,37,7,19,0.368,2,6,0.333,7,7,1.0,0,1,1,9,2,0,2,1,23,16,1,2022-23,Regular Season,1626179,Terry Rozier
22022,1626179,0022201095,2023-03-23 00:00:00,CHA @ NOP,L,10,2,4,0.5,1,3,0.333,0,0,0.0,0,4,4,2,1,0,1,2,5,-13,1,2022-23,Regular Season,1626179,Terry Rozier
22022,203924,0022200014,2022-10-19 00:00:00,POR @ SAC,W,35,5,11,0.455,3,3,1.0,10,13,0.769,2,6,8,1,2,0,1,4,23,7,1,2022-23,Regular Season,203924,Jerami Grant
22022,203924,0022200027,2022-10-21 00:00:00,POR vs. PHX,W,40,3,7,0.429,1,2,0.5,1,4,0.25,0,4,4,2,0,2,1,1,8,-4,1,2022-23,Regular Season,203924,Jerami Grant
22022,203924,0022200037,2022-10-23 00:00:00,POR @ LAL,W,35,5,11,0.455,2,3,0.667,4,4,1.0,0,2,2,1,0,0,1,3,16,0,1,2022-23,Regular Season,203924,Jerami Grant
22022,203924,0022200051,2022-10-24 00:00:00,POR vs. DEN,W,36,7,13,0.538,1,6,0.167,6,7,0.857,0,2,2,1,0,1,1,1,21,19,1,2022-23,Regular Season,203924,Jerami Grant
22022,203924,0022200065,2022-10-26 00:00:00,POR vs. MIA,L,28,4,10,0.4,1,5,0.2,2,5,0.4,0,3,3,4,0,0,3,0,11,-11,1,2022-23,Regular Season,203924,Jerami Grant
22022,203924,0022200080,2022-10-28 00:00:00,POR vs. HOU,W,35,5,11,0.455,2,6,0.333,3,4,0.75,1,4,5,4,2,1,3,2,15,22,1,2022-23,Regular Season,203924,Jerami Grant
22022,203924,0022200116,2022-11-02 00:00:00,POR vs. MEM,L,38,7,18,0.389,3,9,0.333,6,7,0.857,0,5,5,3,0,1,4,1,23,8,1,2022-23,Regular Season,203924,Jerami Grant
22022,203924,0022200130,2022-11-04 00:00:00,POR @ PHX,W,39,10,17,0.588,1,3,0.333,9,11,0.818,0,2,2,5,0,1,3,3,30,-2,1,2022-23,Regular Season,203924,Jerami Grant
22022,203924,0022200139,2022-11-05 00:00:00,POR @ PHX,L,26,4,10,0.4,1,1,1.0,5,6,0.833,2,3,5,3,0,1,3,1,14,-19,1,2022-23,Regular Season,203924,Jerami Grant
22022,203924,0022200150,2022-11-07 00:00:00,POR @ MIA,W,35,9,15,0.6,5,8,0.625,0,0,0.0,1,5,6,2,0,1,3,3,23,3,1,2022-23,Regular Season,203924,Jerami Grant
22022,203924,0022200175,2022-11-10 00:00:00,POR @ NOP,W,42,10,20,0.5,4,8,0.5,3,5,0.6,3,5,8,4,4,1,2,3,27,20,1,2022-23,Regular Season,203924,Jerami Grant
22022,203924,0022200190,2022-11-12 00:00:00,POR @ DAL,L,39,13,22,0.591,5,9,0.556,6,6,1.0,2,4,6,2,0,2,2,2,37,-4,1,2022-23,Regular Season,203924,Jerami Grant
22022,203924,0022200209,2022-11-15 00:00:00,POR vs. SAS,W,37,9,15,0.6,6,8,0.75,5,8,0.625,2,6,8,1,1,0,2,1,29,18,1,2022-23,Regular Season,203924,Jerami Grant
22022,203924,0022200221,2022-11-17 00:00:00,POR vs. BKN,L,37,2,13,0.154,1,5,0.2,0,0,0.0,0,5,5,3,1,1,1,4,5,-8,1,2022-23,Regular Season,203924,Jerami Grant
22022,203924,0022200238,2022-11-19 00:00:00,POR vs. UTA,L,37,5,11,0.455,4,7,0.571,0,0,0.0,0,2,2,1,2,2,0,2,14,-3,1,2022-23,Regular Season,203924,Jerami Grant
22022,203924,0022200251,2022-11-21 00:00:00,POR @ MIL,L,35,6,16,0.375,0,2,0.0,6,8,0.75,1,3,4,2,0,2,2,2,18,-20,1,2022-23,Regular Season,203924,Jerami Grant
22022,203924,0022200261,2022-11-23 00:00:00,POR @ CLE,L,36,6,12,0.5,5,8,0.625,4,4,1.0,0,3,3,3,3,0,4,1,21,-19,1,2022-23,Regular Season,203924,Jerami Grant
22022,203924,0022200274,2022-11-25 00:00:00,POR @ NYK,W,40,10,20,0.5,3,7,0.429,21,28,0.75,0,1,1,2,0,1,2,4,44,-1,1,2022-23,Regular Season,203924,Jerami Grant
22022,203924,0022200290,2022-11-27 00:00:00,POR @ BKN,L,40,11,24,0.458,5,10,0.5,2,2,1.0,1,3,4,5,0,0,1,2,29,-5,1,2022-23,Regular Season,203924,Jerami Grant
22022,203924,0022200311,2022-11-29 00:00:00,POR vs. LAC,L,38,12,24,0.5,5,11,0.455,3,4,0.75,1,2,3,2,2,2,2,6,32,2,1,2022-23,Regular Season,203924,Jerami Grant
22022,203924,0022200324,2022-11-30 00:00:00,POR @ LAL,L,35,10,23,0.435,2,5,0.4,5,6,0.833,1,3,4,5,2,1,0,2,27,-12,1,2022-23,Regular Season,203924,Jerami Grant
22022,203924,0022200343,2022-12-03 00:00:00,POR @ UTA,W,37,10,18,0.556,2,5,0.4,11,14,0.786,0,0,0,5,0,0,1,2,33,-2,1,2022-23,Regular Season,203924,Jerami Grant
22022,203924,0022200351,2022-12-04 00:00:00,POR vs. IND,W,33,9,21,0.429,3,10,0.3,7,7,1.0,3,2,5,3,0,0,2,2,28,28,1,2022-23,Regular Season,203924,Jerami Grant
22022,203924,0022200376,2022-12-08 00:00:00,POR vs. DEN,L,38,6,15,0.4,2,7,0.286,4,4,1.0,0,3,3,3,1,1,1,3,18,5,1,2022-23,Regular Season,203924,Jerami Grant
22022,203924,0022200394,2022-12-10 00:00:00,POR vs. MIN,W,39,6,13,0.462,2,5,0.4,3,3,1.0,2,5,7,2,0,0,2,3,17,-2,1,2022-23,Regular Season,203924,Jerami Grant
22022,203924,0022200407,2022-12-12 00:00:00,POR vs. MIN,W,32,7,12,0.583,3,6,0.5,7,7,1.0,2,1,3,2,0,1,2,4,24,22,1,2022-23,Regular Season,203924,Jerami Grant
22022,203924,0022200420,2022-12-14 00:00:00,POR @ SAS,W,35,7,13,0.538,2,6,0.333,2,3,0.667,0,4,4,2,1,1,3,2,18,13,1,2022-23,Regular Season,203924,Jerami Grant
22022,203924,0022200436,2022-12-16 00:00:00,POR @ DAL,L,21,2,9,0.222,1,3,0.333,2,2,1.0,0,0,0,1,0,0,0,0,7,-29,1,2022-23,Regular Season,203924,Jerami Grant
22022,203924,0022200458,2022-12-19 00:00:00,POR @ OKC,L,42,10,18,0.556,1,5,0.2,5,7,0.714,3,5,8,3,2,0,4,2,26,-1,1,2022-23,Regular Season,203924,Jerami Grant
22022,203924,0022200474,2022-12-21 00:00:00,POR @ OKC,L,35,7,14,0.5,2,4,0.5,1,3,0.333,0,5,5,4,0,1,2,2,17,-1,1,2022-23,Regular Season,203924,Jerami Grant
22022,203924,0022200489,2022-12-23 00:00:00,POR @ DEN,L,37,7,13,0.538,3,6,0.5,3,5,0.6,2,5,7,2,1,0,2,3,20,-10,1,2022-23,Regular Season,203924,Jerami Grant
22022,203924,0022200504,2022-12-26 00:00:00,POR vs. CHA,W,37,12,19,0.632,4,6,0.667,4,4,1.0,4,6,10,5,1,2,1,3,32,12,1,2022-23,Regular Season,203924,Jerami Grant
22022,203924,0022200536,2022-12-30 00:00:00,POR @ GSW,L,41,8,16,0.5,1,7,0.143,2,2,1.0,1,2,3,5,0,0,3,1,19,-12,1,2022-23,Regular Season,203924,Jerami Grant
22022,203924,0022200559,2023-01-02 00:00:00,POR vs. DET,W,28,12,17,0.706,5,8,0.625,7,9,0.778,1,1,2,0,1,0,2,1,36,27,1,2022-23,Regular Season,203924,Jerami Grant
22022,203924,0022200571,2023-01-04 00:00:00,POR @ MIN,L,32,8,14,0.571,4,6,0.667,6,6,1.0,1,4,5,1,3,0,0,2,26,3,1,2022-23,Regular Season,203924,Jerami Grant
22022,203924,0022200580,2023-01-06 00:00:00,POR @ IND,L,37,6,15,0.4,0,5,0.0,3,3,1.0,1,3,4,2,0,0,2,2,15,-10,1,2022-23,Regular Season,203924,Jerami Grant
22022,203924,0022200597,2023-01-08 00:00:00,POR @ TOR,L,40,4,11,0.364,1,6,0.167,5,6,0.833,2,3,5,0,1,1,0,2,14,-5,1,2022-23,Regular Season,203924,Jerami Grant
22022,203924,0022200616,2023-01-10 00:00:00,POR vs. ORL,L,41,8,19,0.421,0,6,0.0,0,0,0.0,2,4,6,1,1,3,2,5,16,-5,1,2022-23,Regular Season,203924,Jerami Grant
22022,203924,0022200631,2023-01-12 00:00:00,POR vs. CLE,L,36,8,16,0.5,2,7,0.286,4,7,0.571,0,1,1,1,2,2,4,5,22,-3,1,2022-23,Regular Season,203924,Jerami Grant
22022,203924,0022200647,2023-01-14 00:00:00,POR vs. DAL,W,34,6,9,0.667,2,4,0.5,2,2,1.0,1,4,5,4,2,1,2,2,16,15,1,2022-23,Regular Season,203924,Jerami Grant
22022,203924,0022200654,2023-01-15 00:00:00,POR vs. DAL,W,25,7,10,0.7,4,5,0.8,2,2,1.0,1,3,4,1,1,0,1,5,20,19,1,2022-23,Regular Season,203924,Jerami Grant
22022,203924,0022200667,2023-01-17 00:00:00,POR @ DEN,L,33,7,15,0.467,2,4,0.5,2,3,0.667,0,4,4,2,2,0,0,3,18,-15,1,2022-23,Regular Season,203924,Jerami Grant
22022,203924,0022200682,2023-01-19 00:00:00,POR vs. PHI,L,39,8,14,0.571,2,6,0.333,6,6,1.0,0,5,5,0,0,0,2,2,24,-2,1,2022-23,Regular Season,203924,Jerami Grant
22022,203924,0022200705,2023-01-22 00:00:00,POR vs. LAL,L,35,6,16,0.375,2,4,0.5,5,6,0.833,1,3,4,1,1,0,2,4,19,3,1,2022-23,Regular Season,203924,Jerami Grant
22022,203924,0022200711,2023-01-23 00:00:00,POR vs. SAS,W,28,1,9,0.111,1,3,0.333,0,0,0.0,1,1,2,2,0,1,1,0,3,9,1,2022-23,Regular Season,203924,Jerami Grant
22022,203924,0022200727,2023-01-25 00:00:00,POR vs. UTA,W,42,9,15,0.6,0,2,0.0,1,2,0.5,0,5,5,2,2,1,1,1,19,16,1,2022-23,Regular Season,203924,Jerami Grant
22022,203924,0022200751,2023-01-28 00:00:00,POR vs. TOR,L,41,9,19,0.474,1,4,0.25,7,9,0.778,0,8,8,3,1,2,1,2,26,-22,1,2022-23,Regular Season,203924,Jerami Grant
22022,203924,0022200763,2023-01-30 00:00:00,POR vs. ATL,W,35,8,17,0.471,4,9,0.444,2,2,1.0,0,2,2,1,0,2,2,3,22,-3,1,2022-23,Regular Season,203924,Jerami Grant
22022,203924,0022200771,2023-02-01 00:00:00,POR @ MEM,W,20,6,12,0.5,1,3,0.333,5,5,1.0,0,3,3,1,0,1,0,0,18,-8,1,2022-23,Regular Season,203924,Jerami Grant
22022,203924,0022200787,2023-02-03 00:00:00,POR @ WAS,W,36,2,8,0.25,1,3,0.333,5,6,0.833,0,8,8,3,1,0,1,4,10,2,1,2022-23,Regular Season,203924,Jerami Grant
22022,203924,0022200796,2023-02-04 00:00:00,POR @ CHI,L,40,5,13,0.385,1,6,0.167,2,3,0.667,0,5,5,4,0,0,2,1,13,-12,1,2022-23,Regular Season,203924,Jerami Grant
22022,203924,0022200815,2023-02-06 00:00:00,POR vs. MIL,L,36,4,13,0.308,1,7,0.143,4,5,0.8,0,3,3,0,0,2,0,3,13,-15,1,2022-23,Regular Season,203924,Jerami Grant
22022,203924,0022200830,2023-02-08 00:00:00,POR vs. GSW,W,40,7,12,0.583,1,4,0.25,7,8,0.875,1,3,4,1,0,1,4,3,22,2,1,2022-23,Regular Season,203924,Jerami Grant
22022,203924,0022200843,2023-02-10 00:00:00,POR vs. OKC,L,37,8,13,0.615,2,5,0.4,5,5,1.0,0,4,4,2,0,1,4,5,23,-7,1,2022-23,Regular Season,203924,Jerami Grant
22022,203924,0022200917,2023-02-26 00:00:00,POR vs. HOU,W,32,5,10,0.5,1,2,0.5,2,2,1.0,1,4,5,1,1,0,4,4,13,14,1,2022-23,Regular Season,203924,Jerami Grant
22022,203924,0022200931,2023-02-28 00:00:00,POR @ GSW,L,37,5,17,0.294,1,8,0.125,13,15,0.867,0,5,5,3,1,0,2,1,24,-17,1,2022-23,Regular Season,203924,Jerami Grant
22022,203924,0022200941,2023-03-01 00:00:00,POR vs. NOP,L,38,7,14,0.5,5,9,0.556,9,10,0.9,0,4,4,3,0,1,2,2,28,-7,1,2022-23,Regular Season,203924,Jerami Grant
22022,203924,0022200947,2023-03-03 00:00:00,POR @ ATL,L,39,5,16,0.313,1,6,0.167,3,4,0.75,1,4,5,4,2,3,2,1,14,-4,1,2022-23,Regular Season,203924,Jerami Grant
22022,203924,0022200966,2023-03-05 00:00:00,POR @ ORL,W,39,5,14,0.357,3,8,0.375,7,7,1.0,1,5,6,7,1,2,3,5,20,5,1,2022-23,Regular Season,203924,Jerami Grant
22022,203924,0022200977,2023-03-06 00:00:00,POR @ DET,W,40,9,19,0.474,4,7,0.571,4,4,1.0,1,5,6,1,1,3,2,4,26,13,1,2022-23,Regular Season,203924,Jerami Grant
22022,203924,0022200986,2023-03-08 00:00:00,POR @ BOS,L,33,5,12,0.417,3,7,0.429,0,0,0.0,1,5,6,0,0,0,2,2,13,-23,1,2022-23,Regular Season,203924,Jerami Grant
22022,203924,0022200998,2023-03-10 00:00:00,POR @ PHI,L,42,8,13,0.615,3,6,0.5,5,8,0.625,2,8,10,2,1,0,1,3,24,7,1,2022-23,Regular Season,203924,Jerami Grant
22022,203924,0022201017,2023-03-12 00:00:00,POR @ NOP,L,19,2,7,0.286,0,3,0.0,3,4,0.75,0,2,2,4,1,0,1,0,7,-26,1,2022-23,Regular Season,203924,Jerami Grant
22022,1629651,0022200006,2022-10-19 00:00:00,BKN vs. NOP,L,25,6,7,0.857,0,0,0.0,1,2,0.5,3,7,10,0,1,2,4,3,13,-15,1,2022-23,Regular Season,1629651,Nic Claxton
22022,1629651,0022200021,2022-10-21 00:00:00,BKN vs. TOR,W,34,8,11,0.727,0,0,0.0,3,8,0.375,7,4,11,0,1,4,0,2,19,9,1,2022-23,Regular Season,1629651,Nic Claxton
22022,1629651,0022200049,2022-10-24 00:00:00,BKN @ MEM,L,33,7,10,0.7,0,0,0.0,2,2,1.0,2,5,7,0,0,2,0,4,16,-2,1,2022-23,Regular Season,1629651,Nic Claxton
22022,1629651,0022200060,2022-10-26 00:00:00,BKN @ MIL,L,23,1,4,0.25,0,0,0.0,1,2,0.5,4,4,8,1,0,2,1,3,3,-10,1,2022-23,Regular Season,1629651,Nic Claxton
22022,1629651,0022200066,2022-10-27 00:00:00,BKN vs. DAL,L,29,3,7,0.429,0,1,0.0,1,4,0.25,3,3,6,1,0,0,1,1,7,3,1,2022-23,Regular Season,1629651,Nic Claxton
22022,1629651,0022200083,2022-10-29 00:00:00,BKN vs. IND,L,22,4,6,0.667,0,0,0.0,0,3,0.0,2,7,9,0,1,2,0,2,8,-6,1,2022-23,Regular Season,1629651,Nic Claxton
22022,1629651,0022200098,2022-10-31 00:00:00,BKN vs. IND,W,31,9,11,0.818,0,0,0.0,1,2,0.5,3,6,9,4,1,4,4,4,19,17,1,2022-23,Regular Season,1629651,Nic Claxton
22022,1629651,0022200103,2022-11-01 00:00:00,BKN vs. CHI,L,35,4,4,1.0,0,0,0.0,2,4,0.5,0,10,10,2,0,1,3,2,10,-4,1,2022-23,Regular Season,1629651,Nic Claxton
22022,1629651,0022200123,2022-11-04 00:00:00,BKN @ WAS,W,28,9,10,0.9,0,0,0.0,0,0,0.0,2,7,9,1,0,3,0,2,18,32,1,2022-23,Regular Season,1629651,Nic Claxton
22022,1629651,0022200133,2022-11-05 00:00:00,BKN @ CHA,W,25,5,7,0.714,0,0,0.0,1,1,1.0,3,6,9,3,3,4,3,4,11,-8,1,2022-23,Regular Season,1629651,Nic Claxton
22022,1629651,0022200155,2022-11-07 00:00:00,BKN @ DAL,L,32,5,8,0.625,0,0,0.0,0,0,0.0,7,7,14,1,3,1,2,4,10,5,1,2022-23,Regular Season,1629651,Nic Claxton
22022,1629651,0022200164,2022-11-09 00:00:00,BKN vs. NYK,W,20,5,7,0.714,0,0,0.0,2,5,0.4,1,5,6,2,0,1,2,4,12,14,1,2022-23,Regular Season,1629651,Nic Claxton
22022,1629651,0022200184,2022-11-12 00:00:00,BKN @ LAC,W,32,6,9,0.667,0,0,0.0,1,5,0.2,2,12,14,2,1,3,0,1,13,14,1,2022-23,Regular Season,1629651,Nic Claxton
22022,1629651,0022200198,2022-11-13 00:00:00,BKN @ LAL,L,16,4,4,1.0,0,0,0.0,0,2,0.0,2,3,5,0,0,0,1,2,8,-16,1,2022-23,Regular Season,1629651,Nic Claxton
22022,1629651,0022200210,2022-11-15 00:00:00,BKN @ SAC,L,18,3,5,0.6,0,0,0.0,0,0,0.0,0,1,1,1,0,0,1,3,6,-30,1,2022-23,Regular Season,1629651,Nic Claxton
22022,1629651,0022200221,2022-11-17 00:00:00,BKN @ POR,W,25,5,8,0.625,0,0,0.0,1,2,0.5,1,4,5,2,2,0,1,3,11,-16,1,2022-23,Regular Season,1629651,Nic Claxton
22022,1629651,0022200256,2022-11-22 00:00:00,BKN @ PHI,L,21,6,7,0.857,0,0,0.0,0,0,0.0,0,4,4,0,0,3,0,3,12,1,1,2022-23,Regular Season,1629651,Nic Claxton
22022,1629651,0022200266,2022-11-23 00:00:00,BKN @ TOR,W,30,6,7,0.857,0,0,0.0,2,2,1.0,4,8,12,3,1,4,4,2,14,24,1,2022-23,Regular Season,1629651,Nic Claxton
22022,1629651,0022200276,2022-11-25 00:00:00,BKN @ IND,L,28,6,6,1.0,0,0,0.0,0,0,0.0,2,9,11,1,0,5,1,5,12,-21,1,2022-23,Regular Season,1629651,Nic Claxton
22022,1629651,0022200290,2022-11-27 00:00:00,BKN vs. POR,W,32,4,6,0.667,0,0,0.0,4,6,0.667,2,5,7,2,2,1,2,3,12,12,1,2022-23,Regular Season,1629651,Nic Claxton
22022,1629651,0022200302,2022-11-28 00:00:00,BKN vs. ORL,W,36,7,10,0.7,0,0,0.0,3,5,0.6,5,8,13,1,0,3,1,4,17,-3,1,2022-23,Regular Season,1629651,Nic Claxton
22022,1629651,0022200315,2022-11-30 00:00:00,BKN vs. WAS,W,28,3,6,0.5,0,0,0.0,1,2,0.5,1,7,8,1,0,2,0,4,7,5,1,2022-23,Regular Season,1629651,Nic Claxton
22022,1629651,0022200329,2022-12-02 00:00:00,BKN vs. TOR,W,31,7,9,0.778,0,0,0.0,1,2,0.5,3,6,9,1,0,3,0,5,15,15,1,2022-23,Regular Season,1629651,Nic Claxton
22022,1629651,0022200346,2022-12-04 00:00:00,BKN vs. BOS,L,38,4,5,0.8,0,0,0.0,1,6,0.167,5,9,14,1,1,2,1,2,9,-12,1,2022-23,Regular Season,1629651,Nic Claxton
22022,1629651,0022200364,2022-12-07 00:00:00,BKN vs. CHA,W,29,6,9,0.667,0,0,0.0,2,6,0.333,1,6,7,1,1,3,2,4,14,-4,1,2022-23,Regular Season,1629651,Nic Claxton
22022,1629651,0022200403,2022-12-12 00:00:00,BKN @ WAS,W,26,4,4,1.0,0,0,0.0,1,2,0.5,2,5,7,1,1,2,0,3,9,22,1,2022-23,Regular Season,1629651,Nic Claxton
22022,1629651,0022200433,2022-12-16 00:00:00,BKN @ TOR,W,26,5,5,1.0,0,0,0.0,5,8,0.625,3,7,10,0,1,6,1,1,15,-2,1,2022-23,Regular Season,1629651,Nic Claxton
22022,1629651,0022200447,2022-12-18 00:00:00,BKN @ DET,W,26,3,4,0.75,0,0,0.0,0,0,0.0,2,5,7,2,0,3,1,2,6,2,1,2022-23,Regular Season,1629651,Nic Claxton
22022,1629651,0022200470,2022-12-21 00:00:00,BKN vs. GSW,W,26,4,6,0.667,0,0,0.0,2,2,1.0,3,4,7,5,1,2,0,2,10,31,1,2022-23,Regular Season,1629651,Nic Claxton
22022,1629651,0022200483,2022-12-23 00:00:00,BKN vs. MIL,W,30,9,10,0.9,0,0,0.0,1,2,0.5,2,6,8,5,3,0,0,2,19,13,1,2022-23,Regular Season,1629651,Nic Claxton
22022,1629651,0022200498,2022-12-26 00:00:00,BKN @ CLE,W,30,5,9,0.556,0,0,0.0,0,0,0.0,1,3,4,0,1,2,1,2,10,-16,1,2022-23,Regular Season,1629651,Nic Claxton
22022,1629651,0022200517,2022-12-28 00:00:00,BKN @ ATL,W,35,8,9,0.889,0,0,0.0,1,2,0.5,1,9,10,0,0,6,1,2,17,5,1,2022-23,Regular Season,1629651,Nic Claxton
22022,1629651,0022200539,2022-12-31 00:00:00,BKN @ CHA,W,33,6,7,0.857,0,0,0.0,2,4,0.5,1,5,6,3,1,6,0,3,14,8,1,2022-23,Regular Season,1629651,Nic Claxton
22022,1629651,0022200555,2023-01-02 00:00:00,BKN vs. SAS,W,20,5,8,0.625,0,0,0.0,0,0,0.0,1,4,5,1,0,3,2,1,10,18,1,2022-23,Regular Season,1629651,Nic Claxton
22022,1629651,0022200570,2023-01-04 00:00:00,BKN @ CHI,L,33,5,10,0.5,0,0,0.0,1,2,0.5,3,3,6,2,1,3,1,4,11,-11,1,2022-23,Regular Season,1629651,Nic Claxton
22022,1629651,0022200586,2023-01-06 00:00:00,BKN @ NOP,W,31,4,4,1.0,0,0,0.0,1,1,1.0,5,4,9,4,1,5,1,3,9,15,1,2022-23,Regular Season,1629651,Nic Claxton
22022,1629651,0022200599,2023-01-08 00:00:00,BKN @ MIA,W,31,6,8,0.75,0,0,0.0,1,2,0.5,2,9,11,0,0,3,2,3,13,-3,1,2022-23,Regular Season,1629651,Nic Claxton
22022,1629651,0022200627,2023-01-12 00:00:00,BKN vs. BOS,L,32,4,7,0.571,0,0,0.0,1,2,0.5,1,8,9,1,1,4,3,0,9,-6,1,2022-23,Regular Season,1629651,Nic Claxton
22022,1629651,0022200651,2023-01-15 00:00:00,BKN vs. OKC,L,33,7,10,0.7,0,0,0.0,3,6,0.5,5,8,13,0,0,4,3,3,17,-16,1,2022-23,Regular Season,1629651,Nic Claxton
22022,1629651,0022200666,2023-01-17 00:00:00,BKN @ SAS,L,28,7,11,0.636,0,0,0.0,1,1,1.0,3,8,11,4,1,4,3,6,15,-19,1,2022-23,Regular Season,1629651,Nic Claxton
22022,1629651,0022200681,2023-01-19 00:00:00,BKN @ PHX,L,35,9,12,0.75,0,1,0.0,2,6,0.333,0,11,11,3,1,3,1,5,20,7,1,2022-23,Regular Season,1629651,Nic Claxton
22022,1629651,0022200689,2023-01-20 00:00:00,BKN @ UTA,W,38,8,9,0.889,0,0,0.0,4,8,0.5,1,4,5,1,0,4,1,2,20,29,1,2022-23,Regular Season,1629651,Nic Claxton
22022,1629651,0022200704,2023-01-22 00:00:00,BKN @ GSW,W,36,9,13,0.692,0,0,0.0,6,15,0.4,3,12,15,0,1,3,3,2,24,23,1,2022-23,Regular Season,1629651,Nic Claxton
22022,1629651,0022200721,2023-01-25 00:00:00,BKN @ PHI,L,38,11,12,0.917,0,0,0.0,3,6,0.5,4,7,11,2,0,2,0,5,25,-2,1,2022-23,Regular Season,1629651,Nic Claxton
22022,1629651,0022200731,2023-01-26 00:00:00,BKN vs. DET,L,33,11,13,0.846,0,0,0.0,5,7,0.714,5,8,13,1,0,2,0,1,27,4,1,2022-23,Regular Season,1629651,Nic Claxton
22022,1629651,0022200742,2023-01-28 00:00:00,BKN vs. NYK,W,35,6,6,1.0,0,0,0.0,1,4,0.25,2,10,12,6,0,3,0,2,13,7,1,2022-23,Regular Season,1629651,Nic Claxton
22022,1629651,0022200757,2023-01-30 00:00:00,BKN vs. LAL,W,27,3,7,0.429,0,0,0.0,0,0,0.0,2,10,12,3,1,1,2,3,6,9,1,2022-23,Regular Season,1629651,Nic Claxton
22022,1629651,0022200772,2023-02-01 00:00:00,BKN @ BOS,L,26,3,5,0.6,0,0,0.0,3,4,0.75,3,3,6,2,1,0,0,2,9,-27,1,2022-23,Regular Season,1629651,Nic Claxton
22022,1629651,0022200793,2023-02-04 00:00:00,BKN vs. WAS,W,37,4,8,0.5,0,0,0.0,7,8,0.875,6,7,13,5,1,3,1,1,15,8,1,2022-23,Regular Season,1629651,Nic Claxton
22022,1629651,0022200810,2023-02-06 00:00:00,BKN vs. LAC,L,36,5,8,0.625,0,0,0.0,5,8,0.625,3,13,16,1,2,3,4,4,15,7,1,2022-23,Regular Season,1629651,Nic Claxton
22022,1629651,0022200817,2023-02-07 00:00:00,BKN vs. PHX,L,33,8,11,0.727,0,0,0.0,1,2,0.5,3,10,13,3,3,0,2,2,17,6,1,2022-23,Regular Season,1629651,Nic Claxton
22022,1629651,0022200846,2023-02-11 00:00:00,BKN vs. PHI,L,29,3,6,0.5,0,0,0.0,0,0,0.0,2,3,5,2,0,4,1,4,6,-1,1,2022-23,Regular Season,1629651,Nic Claxton
22022,1629651,0022200862,2023-02-13 00:00:00,BKN @ NYK,L,23,4,8,0.5,0,0,0.0,3,5,0.6,2,4,6,1,0,1,0,1,11,-6,1,2022-23,Regular Season,1629651,Nic Claxton
22022,1629651,0022200878,2023-02-15 00:00:00,BKN vs. MIA,W,25,2,4,0.5,0,0,0.0,0,0,0.0,1,8,9,0,0,2,1,5,4,15,1,2022-23,Regular Season,1629651,Nic Claxton
22022,1629651,0022200900,2023-02-24 00:00:00,BKN @ CHI,L,22,3,7,0.429,0,0,0.0,1,2,0.5,0,6,6,3,2,1,0,0,7,-23,1,2022-23,Regular Season,1629651,Nic Claxton
22022,1629651,0022200911,2023-02-26 00:00:00,BKN @ ATL,L,30,2,4,0.5,0,0,0.0,4,6,0.667,2,9,11,1,4,3,2,5,8,-4,1,2022-23,Regular Season,1629651,Nic Claxton
22022,1629651,0022200924,2023-02-28 00:00:00,BKN vs. MIL,L,31,4,6,0.667,0,0,0.0,1,2,0.5,1,6,7,4,3,3,1,1,9,0,1,2022-23,Regular Season,1629651,Nic Claxton
22022,1629651,0022200937,2023-03-01 00:00:00,BKN @ NYK,L,23,3,7,0.429,0,0,0.0,3,4,0.75,0,8,8,3,0,1,2,3,9,-17,1,2022-23,Regular Season,1629651,Nic Claxton
22022,1629651,0022200948,2023-03-03 00:00:00,BKN @ BOS,W,29,1,4,0.25,0,0,0.0,0,0,0.0,1,11,12,2,0,3,2,1,2,2,1,2022-23,Regular Season,1629651,Nic Claxton
22022,1629651,0022200965,2023-03-05 00:00:00,BKN vs. CHA,W,27,3,5,0.6,0,0,0.0,2,4,0.5,1,11,12,3,0,3,1,3,8,-6,1,2022-23,Regular Season,1629651,Nic Claxton
22022,1629651,0022200981,2023-03-07 00:00:00,BKN @ HOU,W,29,8,9,0.889,0,0,0.0,2,5,0.4,1,12,13,1,1,4,2,4,18,23,1,2022-23,Regular Season,1629651,Nic Claxton
22022,1629651,0022201001,2023-03-10 00:00:00,BKN @ MIN,W,35,5,6,0.833,0,0,0.0,1,2,0.5,4,5,9,3,0,4,3,6,11,7,1,2022-23,Regular Season,1629651,Nic Claxton
22022,1629651,0022201014,2023-03-12 00:00:00,BKN @ DEN,W,28,8,9,0.889,0,0,0.0,4,4,1.0,3,3,6,5,1,0,0,4,20,0,1,2022-23,Regular Season,1629651,Nic Claxton
22022,1629651,0022201031,2023-03-14 00:00:00,BKN @ OKC,L,39,4,7,0.571,0,0,0.0,4,9,0.444,4,8,12,2,0,1,2,1,12,-18,1,2022-23,Regular Season,1629651,Nic Claxton
22022,1629651,0022201043,2023-03-16 00:00:00,BKN vs. SAC,L,32,6,11,0.545,0,0,0.0,2,2,1.0,2,12,14,1,1,2,0,4,14,2,1,2022-23,Regular Season,1629651,Nic Claxton
22022,1629651,0022201063,2023-03-19 00:00:00,BKN vs. DEN,L,31,9,12,0.75,0,0,0.0,1,2,0.5,3,5,8,1,1,1,0,2,19,-9,1,2022-23,Regular Season,1629651,Nic Claxton
22022,1629651,0022201079,2023-03-21 00:00:00,BKN vs. CLE,L,28,6,10,0.6,0,0,0.0,1,1,1.0,1,7,8,3,1,1,2,3,13,-33,1,2022-23,Regular Season,1629651,Nic Claxton
22022,1629651,0022201094,2023-03-23 00:00:00,BKN vs. CLE,L,34,4,10,0.4,0,0,0.0,3,4,0.75,3,6,9,2,1,3,1,4,11,-4,1,2022-23,Regular Season,1629651,Nic Claxton
22022,1629651,0022201108,2023-03-25 00:00:00,BKN @ MIA,W,34,6,7,0.857,0,0,0.0,2,2,1.0,2,8,10,4,0,3,0,2,14,31,1,2022-23,Regular Season,1629651,Nic Claxton
22022,1629651,0022201118,2023-03-26 00:00:00,BKN @ ORL,L,28,4,7,0.571,0,0,0.0,1,3,0.333,2,7,9,2,1,4,2,1,9,-4,1,2022-23,Regular Season,1629651,Nic Claxton
22022,1629651,0022201137,2023-03-29 00:00:00,BKN vs. HOU,W,35,8,10,0.8,0,0,0.0,2,4,0.5,2,8,10,2,1,3,1,3,18,8,1,2022-23,Regular Season,1629651,Nic Claxton
22022,1629651,0022201153,2023-03-31 00:00:00,BKN vs. ATL,W,27,6,7,0.857,0,0,0.0,2,4,0.5,3,9,12,5,1,2,3,3,14,19,1,2022-23,Regular Season,1629651,Nic Claxton
22022,1629651,0022201164,2023-04-02 00:00:00,BKN vs. UTA,W,32,7,8,0.875,0,0,0.0,0,1,0.0,2,5,7,1,2,0,0,3,14,3,1,2022-23,Regular Season,1629651,Nic Claxton
22022,1629651,0022201180,2023-04-04 00:00:00,BKN vs. MIN,L,32,2,6,0.333,0,0,0.0,2,2,1.0,4,5,9,3,1,4,1,2,6,-6,1,2022-23,Regular Season,1629651,Nic Claxton
22022,1629651,0022201189,2023-04-05 00:00:00,BKN @ DET,W,36,8,9,0.889,0,0,0.0,3,3,1.0,2,5,7,2,2,3,1,5,19,5,1,2022-23,Regular Season,1629651,Nic Claxton
22022,1629651,0022201207,2023-04-07 00:00:00,BKN vs. ORL,W,34,6,9,0.667,0,0,0.0,2,2,1.0,4,11,15,2,2,1,1,0,14,20,1,2022-23,Regular Season,1629651,Nic Claxton
42022,1629651,0042200121,2023-04-15 00:00:00,BKN @ PHI,L,30,2,4,0.5,0,0,0.0,1,2,0.5,1,9,10,1,0,3,0,2,5,-20,1,2022-23,Playoffs,1629651,Nic Claxton
42022,1629651,0042200122,2023-04-17 00:00:00,BKN @ PHI,L,21,0,2,0.0,0,0,0.0,0,0,0.0,1,5,6,2,0,0,1,3,0,-14,1,2022-23,Playoffs,1629651,Nic Claxton
42022,1629651,0042200123,2023-04-20 00:00:00,BKN vs. PHI,L,28,8,9,0.889,0,0,0.0,2,3,0.667,0,4,4,2,1,0,0,1,18,13,1,2022-23,Playoffs,1629651,Nic Claxton
42022,1629651,0042200124,2023-04-22 00:00:00,BKN vs. PHI,L,38,8,10,0.8,0,0,0.0,3,5,0.6,3,9,12,1,0,4,2,2,19,-4,1,2022-23,Playoffs,1629651,Nic Claxton
22022,202685,0022200006,2022-10-19 00:00:00,NOP @ BKN,W,27,6,13,0.462,1,1,1.0,2,2,1.0,6,7,13,2,0,1,1,1,15,28,1,2022-23,Regular Season,202685,Jonas Valančiūnas
22022,202685,0022200017,2022-10-21 00:00:00,NOP @ CHA,W,29,8,11,0.727,1,3,0.333,13,14,0.929,4,13,17,4,1,1,1,1,30,19,1,2022-23,Regular Season,202685,Jonas Valančiūnas
22022,202685,0022200040,2022-10-23 00:00:00,NOP vs. UTA,L,24,2,11,0.182,0,1,0.0,2,2,1.0,8,1,9,3,1,0,1,3,6,-10,1,2022-23,Regular Season,202685,Jonas Valančiūnas
22022,202685,0022200053,2022-10-25 00:00:00,NOP vs. DAL,W,22,5,9,0.556,0,2,0.0,3,3,1.0,0,7,7,2,0,1,1,3,13,2,1,2022-23,Regular Season,202685,Jonas Valančiūnas
22022,202685,0022200079,2022-10-28 00:00:00,NOP @ PHX,L,31,11,16,0.688,0,0,0.0,3,3,1.0,3,7,10,2,1,0,2,3,25,0,1,2022-23,Regular Season,202685,Jonas Valančiūnas
22022,202685,0022200088,2022-10-30 00:00:00,NOP @ LAC,W,24,4,6,0.667,1,2,0.5,2,4,0.5,1,6,7,5,1,0,3,2,11,1,1,2022-23,Regular Season,202685,Jonas Valančiūnas
22022,202685,0022200117,2022-11-02 00:00:00,NOP @ LAL,L,22,3,11,0.273,1,2,0.5,2,2,1.0,4,6,10,1,0,0,2,2,9,-10,1,2022-23,Regular Season,202685,Jonas Valančiūnas
22022,202685,0022200128,2022-11-04 00:00:00,NOP vs. GSW,W,19,2,3,0.667,0,1,0.0,4,6,0.667,1,5,6,0,0,0,1,2,8,-13,1,2022-23,Regular Season,202685,Jonas Valančiūnas
22022,202685,0022200134,2022-11-05 00:00:00,NOP @ ATL,L,26,5,12,0.417,0,0,0.0,3,4,0.75,7,10,17,1,1,1,2,2,13,-9,1,2022-23,Regular Season,202685,Jonas Valančiūnas
22022,202685,0022200147,2022-11-07 00:00:00,NOP @ IND,L,22,7,9,0.778,0,0,0.0,0,0,0.0,2,5,7,2,0,0,0,3,14,-13,1,2022-23,Regular Season,202685,Jonas Valančiūnas
22022,202685,0022200166,2022-11-09 00:00:00,NOP @ CHI,W,30,8,13,0.615,0,2,0.0,5,6,0.833,3,10,13,3,1,0,2,0,21,8,1,2022-23,Regular Season,202685,Jonas Valančiūnas
22022,202685,0022200175,2022-11-10 00:00:00,NOP vs. POR,L,20,2,8,0.25,1,1,1.0,2,2,1.0,2,9,11,1,0,0,0,3,7,-17,1,2022-23,Regular Season,202685,Jonas Valančiūnas
22022,202685,0022200191,2022-11-12 00:00:00,NOP vs. HOU,W,20,2,7,0.286,1,1,1.0,3,4,0.75,2,2,4,1,1,0,1,3,8,3,1,2022-23,Regular Season,202685,Jonas Valančiūnas
22022,202685,0022200206,2022-11-15 00:00:00,NOP vs. MEM,W,14,1,4,0.25,0,1,0.0,0,0,0.0,1,2,3,2,0,0,4,4,2,-5,1,2022-23,Regular Season,202685,Jonas Valančiūnas
22022,202685,0022200217,2022-11-16 00:00:00,NOP vs. CHI,W,27,8,13,0.615,2,3,0.667,4,4,1.0,3,4,7,2,0,1,3,3,22,11,1,2022-23,Regular Season,202685,Jonas Valančiūnas
22022,202685,0022200231,2022-11-18 00:00:00,NOP vs. BOS,L,21,5,7,0.714,0,0,0.0,0,1,0.0,0,4,4,3,0,0,2,3,10,-8,1,2022-23,Regular Season,202685,Jonas Valančiūnas
22022,202685,0022200253,2022-11-21 00:00:00,NOP vs. GSW,W,23,4,4,1.0,0,0,0.0,2,5,0.4,4,9,13,2,0,0,2,3,10,22,1,2022-23,Regular Season,202685,Jonas Valančiūnas
22022,202685,0022200269,2022-11-23 00:00:00,NOP @ SAS,W,26,9,11,0.818,4,5,0.8,0,0,0.0,1,9,10,2,0,1,3,2,22,24,1,2022-23,Regular Season,202685,Jonas Valančiūnas
22022,202685,0022200279,2022-11-25 00:00:00,NOP @ MEM,L,17,2,5,0.4,0,1,0.0,0,0,0.0,0,3,3,1,0,0,4,5,4,-21,1,2022-23,Regular Season,202685,Jonas Valančiūnas
22022,202685,0022200304,2022-11-28 00:00:00,NOP vs. OKC,W,20,3,6,0.5,0,1,0.0,2,2,1.0,4,6,10,1,0,0,5,2,8,-3,1,2022-23,Regular Season,202685,Jonas Valančiūnas
22022,202685,0022200318,2022-11-30 00:00:00,NOP vs. TOR,W,26,6,12,0.5,2,5,0.4,2,2,1.0,2,11,13,3,0,0,3,1,16,15,1,2022-23,Regular Season,202685,Jonas Valančiūnas
22022,202685,0022200333,2022-12-02 00:00:00,NOP @ SAS,W,26,8,11,0.727,1,2,0.5,4,4,1.0,2,9,11,2,0,1,0,1,21,14,1,2022-23,Regular Season,202685,Jonas Valančiūnas
22022,202685,0022200344,2022-12-04 00:00:00,NOP vs. DEN,W,14,6,9,0.667,0,2,0.0,1,1,1.0,0,2,2,1,0,1,1,5,13,-21,1,2022-23,Regular Season,202685,Jonas Valančiūnas
22022,202685,0022200371,2022-12-07 00:00:00,NOP vs. DET,W,28,7,16,0.438,0,2,0.0,0,0,0.0,3,9,12,2,0,0,2,3,14,11,1,2022-23,Regular Season,202685,Jonas Valančiūnas
22022,202685,0022200384,2022-12-09 00:00:00,NOP vs. PHX,W,28,4,16,0.25,0,3,0.0,4,4,1.0,2,8,10,0,0,0,2,1,12,-4,1,2022-23,Regular Season,202685,Jonas Valančiūnas
22022,202685,0022200395,2022-12-11 00:00:00,NOP vs. PHX,W,18,2,4,0.5,0,0,0.0,4,6,0.667,2,8,10,0,0,0,3,5,8,-3,1,2022-23,Regular Season,202685,Jonas Valančiūnas
22022,202685,0022200412,2022-12-13 00:00:00,NOP @ UTA,L,19,6,13,0.462,0,2,0.0,3,4,0.75,5,1,6,1,2,0,3,5,15,5,1,2022-23,Regular Season,202685,Jonas Valančiūnas
22022,202685,0022200426,2022-12-15 00:00:00,NOP @ UTA,L,26,3,6,0.5,0,0,0.0,0,0,0.0,3,6,9,1,0,1,1,3,6,-6,1,2022-23,Regular Season,202685,Jonas Valančiūnas
22022,202685,0022200444,2022-12-17 00:00:00,NOP @ PHX,L,26,6,9,0.667,0,1,0.0,0,0,0.0,0,8,8,0,0,1,2,5,12,-1,1,2022-23,Regular Season,202685,Jonas Valančiūnas
22022,202685,0022200457,2022-12-19 00:00:00,NOP vs. MIL,L,37,14,24,0.583,7,10,0.7,2,2,1.0,6,12,18,5,1,0,2,4,37,6,1,2022-23,Regular Season,202685,Jonas Valančiūnas
22022,202685,0022200477,2022-12-22 00:00:00,NOP vs. SAS,W,26,6,14,0.429,0,2,0.0,4,4,1.0,5,5,10,1,1,0,2,5,16,11,1,2022-23,Regular Season,202685,Jonas Valančiūnas
22022,202685,0022200488,2022-12-23 00:00:00,NOP @ OKC,W,27,4,8,0.5,0,2,0.0,2,2,1.0,5,2,7,0,0,0,1,3,10,-3,1,2022-23,Regular Season,202685,Jonas Valančiūnas
22022,202685,0022200502,2022-12-26 00:00:00,NOP vs. IND,W,29,10,18,0.556,0,3,0.0,0,0,0.0,6,6,12,5,1,1,3,3,20,4,1,2022-23,Regular Season,202685,Jonas Valančiūnas
22022,202685,0022200520,2022-12-28 00:00:00,NOP vs. MIN,W,29,4,12,0.333,0,3,0.0,4,4,1.0,3,8,11,2,0,1,1,3,12,2,1,2022-23,Regular Season,202685,Jonas Valančiūnas
22022,202685,0022200534,2022-12-30 00:00:00,NOP vs. PHI,W,28,4,10,0.4,0,1,0.0,2,2,1.0,2,7,9,1,1,2,1,4,10,-1,1,2022-23,Regular Season,202685,Jonas Valančiūnas
22022,202685,0022200543,2022-12-31 00:00:00,NOP @ MEM,L,22,2,5,0.4,1,1,1.0,1,2,0.5,1,5,6,0,1,3,0,6,6,-11,1,2022-23,Regular Season,202685,Jonas Valančiūnas
22022,202685,0022200554,2023-01-02 00:00:00,NOP @ PHI,L,28,5,9,0.556,2,3,0.667,0,0,0.0,1,11,12,1,0,3,2,6,12,-5,1,2022-23,Regular Season,202685,Jonas Valančiūnas
22022,202685,0022200572,2023-01-04 00:00:00,NOP vs. HOU,W,32,6,15,0.4,0,2,0.0,4,5,0.8,4,13,17,2,0,1,4,4,16,4,1,2022-23,Regular Season,202685,Jonas Valančiūnas
22022,202685,0022200586,2023-01-06 00:00:00,NOP vs. BKN,L,26,5,11,0.455,0,0,0.0,2,2,1.0,4,6,10,0,0,0,3,3,12,-7,1,2022-23,Regular Season,202685,Jonas Valančiūnas
22022,202685,0022200593,2023-01-07 00:00:00,NOP @ DAL,L,30,10,13,0.769,0,2,0.0,5,6,0.833,2,8,10,3,0,0,1,3,25,1,1,2022-23,Regular Season,202685,Jonas Valančiūnas
22022,202685,0022200605,2023-01-09 00:00:00,NOP @ WAS,W,28,10,15,0.667,0,0,0.0,7,8,0.875,4,8,12,1,0,0,3,5,27,0,1,2022-23,Regular Season,202685,Jonas Valančiūnas
22022,202685,0022200621,2023-01-11 00:00:00,NOP @ BOS,L,23,5,10,0.5,1,1,1.0,2,2,1.0,0,4,4,2,0,0,2,2,13,-2,1,2022-23,Regular Season,202685,Jonas Valančiūnas
22022,202685,0022200632,2023-01-13 00:00:00,NOP @ DET,W,30,12,15,0.8,1,3,0.333,8,10,0.8,4,12,16,3,0,1,4,1,33,11,1,2022-23,Regular Season,202685,Jonas Valančiūnas
22022,202685,0022200658,2023-01-16 00:00:00,NOP @ CLE,L,35,7,9,0.778,1,1,1.0,7,9,0.778,2,11,13,2,0,1,4,3,22,-7,1,2022-23,Regular Season,202685,Jonas Valančiūnas
22022,202685,0022200673,2023-01-18 00:00:00,NOP vs. MIA,L,25,8,11,0.727,0,0,0.0,2,3,0.667,4,6,10,0,0,0,4,3,18,-21,1,2022-23,Regular Season,202685,Jonas Valančiūnas
22022,202685,0022200683,2023-01-20 00:00:00,NOP @ ORL,L,28,9,19,0.474,1,1,1.0,1,2,0.5,3,7,10,1,0,1,0,5,20,-6,1,2022-23,Regular Season,202685,Jonas Valančiūnas
22022,202685,0022200699,2023-01-22 00:00:00,NOP @ MIA,L,25,7,14,0.5,0,2,0.0,0,0,0.0,3,13,16,1,0,1,2,3,14,4,1,2022-23,Regular Season,202685,Jonas Valančiūnas
22022,202685,0022200716,2023-01-24 00:00:00,NOP vs. DEN,L,18,5,9,0.556,1,1,1.0,3,5,0.6,3,6,9,0,0,1,2,4,14,-2,1,2022-23,Regular Season,202685,Jonas Valančiūnas
22022,202685,0022200724,2023-01-25 00:00:00,NOP vs. MIN,L,29,7,9,0.778,1,2,0.5,0,0,0.0,2,10,12,0,0,1,2,4,15,-13,1,2022-23,Regular Season,202685,Jonas Valančiūnas
22022,202685,0022200747,2023-01-28 00:00:00,NOP vs. WAS,L,9,0,3,0.0,0,2,0.0,0,0,0.0,0,3,3,0,0,0,2,3,0,1,1,2022-23,Regular Season,202685,Jonas Valančiūnas
22022,202685,0022200755,2023-01-29 00:00:00,NOP @ MIL,L,22,7,16,0.438,0,2,0.0,2,2,1.0,0,3,3,1,1,0,2,3,16,-17,1,2022-23,Regular Season,202685,Jonas Valančiūnas
22022,202685,0022200768,2023-01-31 00:00:00,NOP @ DEN,L,19,5,9,0.556,0,0,0.0,0,1,0.0,2,4,6,2,0,0,1,2,10,-15,1,2022-23,Regular Season,202685,Jonas Valančiūnas
22022,202685,0022200782,2023-02-02 00:00:00,NOP @ DAL,L,22,5,11,0.455,0,1,0.0,6,6,1.0,9,4,13,2,0,0,1,3,16,-19,1,2022-23,Regular Season,202685,Jonas Valančiūnas
22022,202685,0022200798,2023-02-04 00:00:00,NOP vs. LAL,W,24,9,13,0.692,0,1,0.0,0,0,0.0,5,9,14,5,0,0,0,1,18,-4,1,2022-23,Regular Season,202685,Jonas Valančiūnas
22022,202685,0022200818,2023-02-07 00:00:00,NOP vs. ATL,W,26,8,10,0.8,0,0,0.0,0,0,0.0,3,11,14,1,0,1,1,4,16,5,1,2022-23,Regular Season,202685,Jonas Valančiūnas
22022,202685,0022200842,2023-02-10 00:00:00,NOP vs. CLE,L,24,2,8,0.25,0,0,0.0,3,4,0.75,5,2,7,1,0,0,0,2,7,-24,1,2022-23,Regular Season,202685,Jonas Valančiūnas
22022,202685,0022200864,2023-02-13 00:00:00,NOP @ OKC,W,25,5,6,0.833,0,1,0.0,4,5,0.8,1,7,8,2,0,0,3,4,14,16,1,2022-23,Regular Season,202685,Jonas Valančiūnas
22022,202685,0022200882,2023-02-15 00:00:00,NOP @ LAL,L,31,6,9,0.667,0,0,0.0,0,0,0.0,2,9,11,2,1,0,1,3,12,-12,1,2022-23,Regular Season,202685,Jonas Valančiūnas
22022,202685,0022200890,2023-02-23 00:00:00,NOP @ TOR,L,29,4,8,0.5,0,0,0.0,4,6,0.667,2,10,12,2,0,0,2,4,12,-1,1,2022-23,Regular Season,202685,Jonas Valančiūnas
22022,202685,0022200906,2023-02-25 00:00:00,NOP @ NYK,L,32,5,11,0.455,0,1,0.0,2,3,0.667,4,6,10,2,0,0,2,3,12,-24,1,2022-23,Regular Season,202685,Jonas Valančiūnas
22022,202685,0022200922,2023-02-27 00:00:00,NOP vs. ORL,L,23,2,4,0.5,0,0,0.0,4,4,1.0,0,5,5,2,0,1,3,2,8,3,1,2022-23,Regular Season,202685,Jonas Valančiūnas
22022,202685,0022200976,2023-03-06 00:00:00,NOP @ SAC,L,32,9,11,0.818,1,1,1.0,0,0,0.0,2,10,12,3,0,1,0,3,19,1,1,2022-23,Regular Season,202685,Jonas Valančiūnas
22022,202685,0022200988,2023-03-08 00:00:00,NOP vs. DAL,W,7,0,0,0.0,0,0,0.0,0,0,0.0,1,3,4,2,0,1,5,2,0,-4,1,2022-23,Regular Season,202685,Jonas Valančiūnas
22022,202685,0022201011,2023-03-11 00:00:00,NOP vs. OKC,L,16,4,6,0.667,1,1,1.0,4,5,0.8,2,2,4,1,0,0,3,3,13,-12,1,2022-23,Regular Season,202685,Jonas Valančiūnas
22022,202685,0022201017,2023-03-12 00:00:00,NOP vs. POR,W,21,5,8,0.625,0,0,0.0,1,1,1.0,3,9,12,2,0,2,1,2,11,29,1,2022-23,Regular Season,202685,Jonas Valančiūnas
22022,202685,0022201030,2023-03-14 00:00:00,NOP vs. LAL,L,16,5,10,0.5,0,2,0.0,0,0,0.0,1,5,6,0,0,1,1,2,10,-25,1,2022-23,Regular Season,202685,Jonas Valančiūnas
22022,202685,0022201051,2023-03-17 00:00:00,NOP @ HOU,L,34,10,16,0.625,0,2,0.0,2,2,1.0,3,14,17,0,0,4,0,2,22,15,1,2022-23,Regular Season,202685,Jonas Valančiūnas
22022,202685,0022201067,2023-03-19 00:00:00,NOP @ HOU,W,33,6,12,0.5,1,1,1.0,8,9,0.889,5,7,12,2,1,2,3,5,21,3,1,2022-23,Regular Season,202685,Jonas Valančiūnas
22022,202685,0022201080,2023-03-21 00:00:00,NOP vs. SAS,W,28,8,10,0.8,1,1,1.0,2,2,1.0,2,13,15,5,0,0,5,3,19,11,1,2022-23,Regular Season,202685,Jonas Valančiūnas
22022,202685,0022201095,2023-03-23 00:00:00,NOP vs. CHA,W,34,10,16,0.625,0,1,0.0,0,0,0.0,8,11,19,3,1,0,3,2,20,14,1,2022-23,Regular Season,202685,Jonas Valančiūnas
22022,202685,0022201112,2023-03-25 00:00:00,NOP @ LAC,W,32,8,18,0.444,1,2,0.5,0,0,0.0,2,11,13,4,1,1,2,5,17,18,1,2022-23,Regular Season,202685,Jonas Valančiūnas
22022,202685,0022201127,2023-03-27 00:00:00,NOP @ POR,W,30,4,6,0.667,0,0,0.0,2,4,0.5,4,17,21,0,0,2,5,5,10,28,1,2022-23,Regular Season,202685,Jonas Valančiūnas
22022,202685,0022201135,2023-03-28 00:00:00,NOP @ GSW,L,22,5,8,0.625,0,1,0.0,1,2,0.5,1,8,9,5,0,0,4,2,11,-20,1,2022-23,Regular Season,202685,Jonas Valančiūnas
22022,202685,0022201147,2023-03-30 00:00:00,NOP @ DEN,W,25,5,11,0.455,0,1,0.0,5,5,1.0,4,8,12,4,0,1,1,4,15,14,1,2022-23,Regular Season,202685,Jonas Valančiūnas
22022,202685,0022201162,2023-04-01 00:00:00,NOP vs. LAC,W,28,10,18,0.556,1,1,1.0,2,2,1.0,7,5,12,0,0,1,3,3,23,-1,1,2022-23,Regular Season,202685,Jonas Valančiūnas
22022,202685,0022201185,2023-04-04 00:00:00,NOP vs. SAC,L,27,5,10,0.5,0,0,0.0,3,4,0.75,3,5,8,4,0,0,1,3,13,-1,1,2022-23,Regular Season,202685,Jonas Valančiūnas
22022,202685,0022201194,2023-04-05 00:00:00,NOP vs. MEM,W,19,1,2,0.5,0,0,0.0,2,2,1.0,1,5,6,1,1,3,0,5,4,-5,1,2022-23,Regular Season,202685,Jonas Valančiūnas
22022,202685,0022201209,2023-04-07 00:00:00,NOP vs. NYK,W,25,3,7,0.429,0,0,0.0,2,2,1.0,0,12,12,1,0,3,2,4,8,23,1,2022-23,Regular Season,202685,Jonas Valančiūnas
22022,202685,0022201225,2023-04-09 00:00:00,NOP @ MIN,L,22,5,14,0.357,1,3,0.333,0,0,0.0,4,14,18,1,0,1,2,3,11,7,1,2022-23,Regular Season,202685,Jonas Valančiūnas
22022,1630530,0022200006,2022-10-19 00:00:00,NOP @ BKN,W,24,5,7,0.714,4,6,0.667,2,3,0.667,4,5,9,2,0,1,1,4,16,4,1,2022-23,Regular Season,1630530,Trey Murphy III
22022,1630530,0022200017,2022-10-21 00:00:00,NOP @ CHA,W,20,3,9,0.333,2,5,0.4,0,0,0.0,1,2,3,0,3,0,0,2,8,-11,1,2022-23,Regular Season,1630530,Trey Murphy III
22022,1630530,0022200040,2022-10-23 00:00:00,NOP vs. UTA,L,40,6,11,0.545,3,4,0.75,1,1,1.0,1,8,9,1,0,0,2,4,16,11,1,2022-23,Regular Season,1630530,Trey Murphy III
22022,1630530,0022200053,2022-10-25 00:00:00,NOP vs. DAL,W,36,8,8,1.0,4,4,1.0,2,2,1.0,1,4,5,1,1,0,2,3,22,1,1,2022-23,Regular Season,1630530,Trey Murphy III
22022,1630530,0022200079,2022-10-28 00:00:00,NOP @ PHX,L,33,4,9,0.444,3,7,0.429,2,2,1.0,0,5,5,1,2,0,1,3,13,3,1,2022-23,Regular Season,1630530,Trey Murphy III
22022,1630530,0022200088,2022-10-30 00:00:00,NOP @ LAC,W,37,6,16,0.375,3,9,0.333,0,0,0.0,4,1,5,1,1,0,1,0,15,21,1,2022-23,Regular Season,1630530,Trey Murphy III
22022,1630530,0022200117,2022-11-02 00:00:00,NOP @ LAL,L,40,4,9,0.444,0,5,0.0,4,4,1.0,2,3,5,3,1,0,0,2,12,0,1,2022-23,Regular Season,1630530,Trey Murphy III
22022,1630530,0022200128,2022-11-04 00:00:00,NOP vs. GSW,W,28,3,7,0.429,3,6,0.5,1,1,1.0,1,3,4,4,2,0,0,3,10,18,1,2022-23,Regular Season,1630530,Trey Murphy III
22022,1630530,0022200134,2022-11-05 00:00:00,NOP @ ATL,L,17,0,3,0.0,0,3,0.0,2,2,1.0,0,0,0,2,0,0,1,0,2,3,1,2022-23,Regular Season,1630530,Trey Murphy III
22022,1630530,0022200147,2022-11-07 00:00:00,NOP @ IND,L,28,4,7,0.571,3,6,0.5,0,0,0.0,1,5,6,1,2,0,1,1,11,8,1,2022-23,Regular Season,1630530,Trey Murphy III
22022,1630530,0022200166,2022-11-09 00:00:00,NOP @ CHI,W,20,0,3,0.0,0,3,0.0,2,2,1.0,1,2,3,1,0,1,0,1,2,-5,1,2022-23,Regular Season,1630530,Trey Murphy III
22022,1630530,0022200175,2022-11-10 00:00:00,NOP vs. POR,L,31,5,11,0.455,3,8,0.375,3,3,1.0,1,2,3,1,0,3,0,0,16,-7,1,2022-23,Regular Season,1630530,Trey Murphy III
22022,1630530,0022200191,2022-11-12 00:00:00,NOP vs. HOU,W,18,2,7,0.286,0,5,0.0,2,2,1.0,0,1,1,0,0,0,1,1,6,-14,1,2022-23,Regular Season,1630530,Trey Murphy III
22022,1630530,0022200206,2022-11-15 00:00:00,NOP vs. MEM,W,25,5,11,0.455,3,6,0.5,0,0,0.0,0,2,2,1,1,1,0,1,13,-5,1,2022-23,Regular Season,1630530,Trey Murphy III
22022,1630530,0022200217,2022-11-16 00:00:00,NOP vs. CHI,W,25,7,9,0.778,5,6,0.833,0,0,0.0,1,9,10,1,3,1,1,0,19,17,1,2022-23,Regular Season,1630530,Trey Murphy III
22022,1630530,0022200231,2022-11-18 00:00:00,NOP vs. BOS,L,12,0,1,0.0,0,1,0.0,0,0,0.0,0,1,1,1,0,0,0,0,0,-10,1,2022-23,Regular Season,1630530,Trey Murphy III
22022,1630530,0022200279,2022-11-25 00:00:00,NOP @ MEM,L,26,7,14,0.5,1,6,0.167,6,7,0.857,2,1,3,1,1,0,0,4,21,-17,1,2022-23,Regular Season,1630530,Trey Murphy III
22022,1630530,0022200304,2022-11-28 00:00:00,NOP vs. OKC,W,37,7,13,0.538,2,7,0.286,4,4,1.0,3,3,6,0,2,1,2,1,20,9,1,2022-23,Regular Season,1630530,Trey Murphy III
22022,1630530,0022200318,2022-11-30 00:00:00,NOP vs. TOR,W,37,8,17,0.471,6,12,0.5,4,4,1.0,1,4,5,1,1,1,2,3,26,21,1,2022-23,Regular Season,1630530,Trey Murphy III
22022,1630530,0022200333,2022-12-02 00:00:00,NOP @ SAS,W,33,6,15,0.4,5,12,0.417,0,0,0.0,0,3,3,2,2,1,2,2,17,8,1,2022-23,Regular Season,1630530,Trey Murphy III
22022,1630530,0022200344,2022-12-04 00:00:00,NOP vs. DEN,W,29,4,8,0.5,1,3,0.333,3,3,1.0,0,3,3,2,3,0,0,4,12,-4,1,2022-23,Regular Season,1630530,Trey Murphy III
22022,1630530,0022200371,2022-12-07 00:00:00,NOP vs. DET,W,35,6,13,0.462,4,9,0.444,4,4,1.0,2,3,5,5,1,1,1,3,20,-7,1,2022-23,Regular Season,1630530,Trey Murphy III
22022,1630530,0022200384,2022-12-09 00:00:00,NOP vs. PHX,W,27,1,5,0.2,1,5,0.2,0,0,0.0,0,3,3,1,0,0,2,2,3,-3,1,2022-23,Regular Season,1630530,Trey Murphy III
22022,1630530,0022200395,2022-12-11 00:00:00,NOP vs. PHX,W,34,3,8,0.375,1,4,0.25,2,3,0.667,0,7,7,2,2,1,1,3,9,-2,1,2022-23,Regular Season,1630530,Trey Murphy III
22022,1630530,0022200412,2022-12-13 00:00:00,NOP @ UTA,L,25,0,7,0.0,0,4,0.0,0,1,0.0,0,0,0,2,1,1,1,1,0,-14,1,2022-23,Regular Season,1630530,Trey Murphy III
22022,1630530,0022200426,2022-12-15 00:00:00,NOP @ UTA,L,33,4,8,0.5,3,7,0.429,1,1,1.0,1,4,5,0,1,0,1,6,12,1,1,2022-23,Regular Season,1630530,Trey Murphy III
22022,1630530,0022200444,2022-12-17 00:00:00,NOP @ PHX,L,22,3,8,0.375,2,4,0.5,0,0,0.0,1,3,4,2,0,2,1,2,8,9,1,2022-23,Regular Season,1630530,Trey Murphy III
22022,1630530,0022200457,2022-12-19 00:00:00,NOP vs. MIL,L,28,3,6,0.5,1,3,0.333,6,6,1.0,3,2,5,0,0,0,0,1,13,-9,1,2022-23,Regular Season,1630530,Trey Murphy III
22022,1630530,0022200477,2022-12-22 00:00:00,NOP vs. SAS,W,28,5,8,0.625,1,3,0.333,4,5,0.8,0,4,4,1,2,0,0,4,15,7,1,2022-23,Regular Season,1630530,Trey Murphy III
22022,1630530,0022200488,2022-12-23 00:00:00,NOP @ OKC,W,40,8,13,0.615,5,8,0.625,2,2,1.0,1,4,5,1,2,0,2,1,23,6,1,2022-23,Regular Season,1630530,Trey Murphy III
22022,1630530,0022200520,2022-12-28 00:00:00,NOP vs. MIN,W,27,6,8,0.75,5,6,0.833,4,5,0.8,0,3,3,4,0,0,0,3,21,10,1,2022-23,Regular Season,1630530,Trey Murphy III
22022,1630530,0022200534,2022-12-30 00:00:00,NOP vs. PHI,W,20,3,4,0.75,2,2,1.0,0,0,0.0,0,2,2,0,1,0,0,1,8,-7,1,2022-23,Regular Season,1630530,Trey Murphy III
22022,1630530,0022200543,2022-12-31 00:00:00,NOP @ MEM,L,24,5,7,0.714,2,4,0.5,3,3,1.0,0,3,3,0,0,0,0,2,15,-13,1,2022-23,Regular Season,1630530,Trey Murphy III
22022,1630530,0022200554,2023-01-02 00:00:00,NOP @ PHI,L,31,3,9,0.333,2,6,0.333,0,0,0.0,0,6,6,0,0,1,0,2,8,5,1,2022-23,Regular Season,1630530,Trey Murphy III
22022,1630530,0022200572,2023-01-04 00:00:00,NOP vs. HOU,W,29,5,13,0.385,2,8,0.25,2,2,1.0,0,0,0,1,0,1,0,3,14,1,1,2022-23,Regular Season,1630530,Trey Murphy III
22022,1630530,0022200586,2023-01-06 00:00:00,NOP vs. BKN,L,31,3,5,0.6,1,2,0.5,4,4,1.0,1,0,1,0,0,0,1,2,11,-11,1,2022-23,Regular Season,1630530,Trey Murphy III
22022,1630530,0022200593,2023-01-07 00:00:00,NOP @ DAL,L,25,3,7,0.429,1,4,0.25,0,0,0.0,1,1,2,1,0,1,1,5,7,-3,1,2022-23,Regular Season,1630530,Trey Murphy III
22022,1630530,0022200605,2023-01-09 00:00:00,NOP @ WAS,W,23,3,9,0.333,0,5,0.0,0,0,0.0,0,1,1,2,1,1,1,1,6,0,1,2022-23,Regular Season,1630530,Trey Murphy III
22022,1630530,0022200621,2023-01-11 00:00:00,NOP @ BOS,L,34,7,11,0.636,1,4,0.25,0,0,0.0,2,4,6,1,3,1,1,2,15,-7,1,2022-23,Regular Season,1630530,Trey Murphy III
22022,1630530,0022200632,2023-01-13 00:00:00,NOP @ DET,W,35,6,11,0.545,3,8,0.375,4,4,1.0,0,2,2,2,2,1,0,3,19,8,1,2022-23,Regular Season,1630530,Trey Murphy III
22022,1630530,0022200658,2023-01-16 00:00:00,NOP @ CLE,L,33,7,14,0.5,3,6,0.5,0,0,0.0,1,1,2,2,1,0,2,1,17,-16,1,2022-23,Regular Season,1630530,Trey Murphy III
22022,1630530,0022200673,2023-01-18 00:00:00,NOP vs. MIA,L,29,2,9,0.222,1,6,0.167,0,0,0.0,0,3,3,3,2,0,1,0,5,-21,1,2022-23,Regular Season,1630530,Trey Murphy III
22022,1630530,0022200683,2023-01-20 00:00:00,NOP @ ORL,L,40,7,9,0.778,2,4,0.5,2,2,1.0,0,6,6,2,0,1,2,1,18,-18,1,2022-23,Regular Season,1630530,Trey Murphy III
22022,1630530,0022200699,2023-01-22 00:00:00,NOP @ MIA,L,34,6,11,0.545,2,6,0.333,3,3,1.0,1,0,1,0,3,0,1,5,17,-11,1,2022-23,Regular Season,1630530,Trey Murphy III
22022,1630530,0022200716,2023-01-24 00:00:00,NOP vs. DEN,L,33,3,10,0.3,3,5,0.6,1,1,1.0,0,6,6,1,1,0,0,1,10,-4,1,2022-23,Regular Season,1630530,Trey Murphy III
22022,1630530,0022200724,2023-01-25 00:00:00,NOP vs. MIN,L,21,2,5,0.4,0,3,0.0,2,2,1.0,0,0,0,1,0,2,0,1,6,-9,1,2022-23,Regular Season,1630530,Trey Murphy III
22022,1630530,0022200747,2023-01-28 00:00:00,NOP vs. WAS,L,27,4,11,0.364,1,5,0.2,1,1,1.0,0,2,2,0,1,2,0,0,10,-5,1,2022-23,Regular Season,1630530,Trey Murphy III
22022,1630530,0022200755,2023-01-29 00:00:00,NOP @ MIL,L,36,6,11,0.545,4,6,0.667,0,1,0.0,1,1,2,2,1,0,2,0,16,-29,1,2022-23,Regular Season,1630530,Trey Murphy III
22022,1630530,0022200768,2023-01-31 00:00:00,NOP @ DEN,L,32,6,11,0.545,1,5,0.2,1,1,1.0,0,3,3,1,2,0,0,2,14,-11,1,2022-23,Regular Season,1630530,Trey Murphy III
22022,1630530,0022200782,2023-02-02 00:00:00,NOP @ DAL,L,34,3,6,0.5,0,3,0.0,3,3,1.0,0,3,3,2,1,0,0,2,9,2,1,2022-23,Regular Season,1630530,Trey Murphy III
22022,1630530,0022200798,2023-02-04 00:00:00,NOP vs. LAL,W,28,7,12,0.583,4,9,0.444,3,3,1.0,1,4,5,0,0,0,0,4,21,8,1,2022-23,Regular Season,1630530,Trey Murphy III
22022,1630530,0022200807,2023-02-05 00:00:00,NOP vs. SAC,W,36,9,11,0.818,6,8,0.75,6,7,0.857,0,4,4,2,1,0,1,3,30,34,1,2022-23,Regular Season,1630530,Trey Murphy III
22022,1630530,0022200818,2023-02-07 00:00:00,NOP vs. ATL,W,32,6,13,0.462,4,9,0.444,0,0,0.0,2,2,4,2,0,0,0,3,16,8,1,2022-23,Regular Season,1630530,Trey Murphy III
22022,1630530,0022200842,2023-02-10 00:00:00,NOP vs. CLE,L,34,7,13,0.538,2,5,0.4,1,2,0.5,1,3,4,0,0,0,1,4,17,-11,1,2022-23,Regular Season,1630530,Trey Murphy III
22022,1630530,0022200864,2023-02-13 00:00:00,NOP @ OKC,W,32,3,11,0.273,3,8,0.375,3,4,0.75,0,3,3,1,1,3,3,2,12,13,1,2022-23,Regular Season,1630530,Trey Murphy III
22022,1630530,0022200882,2023-02-15 00:00:00,NOP @ LAL,L,20,0,6,0.0,0,4,0.0,2,2,1.0,0,2,2,0,1,0,2,1,2,-15,1,2022-23,Regular Season,1630530,Trey Murphy III
22022,1630530,0022200890,2023-02-23 00:00:00,NOP @ TOR,L,23,3,8,0.375,1,5,0.2,2,2,1.0,1,1,2,0,1,0,1,2,9,0,1,2022-23,Regular Season,1630530,Trey Murphy III
22022,1630530,0022200906,2023-02-25 00:00:00,NOP @ NYK,L,27,4,9,0.444,0,3,0.0,3,3,1.0,1,1,2,2,0,0,0,0,11,-14,1,2022-23,Regular Season,1630530,Trey Murphy III
22022,1630530,0022200922,2023-02-27 00:00:00,NOP vs. ORL,L,21,2,8,0.25,1,4,0.25,2,3,0.667,1,2,3,3,1,0,2,1,7,0,1,2022-23,Regular Season,1630530,Trey Murphy III
22022,1630530,0022200941,2023-03-01 00:00:00,NOP @ POR,W,32,3,10,0.3,3,10,0.3,0,0,0.0,1,4,5,3,3,0,0,1,9,16,1,2022-23,Regular Season,1630530,Trey Murphy III
22022,1630530,0022200953,2023-03-03 00:00:00,NOP @ GSW,L,38,6,14,0.429,3,9,0.333,0,0,0.0,1,1,2,2,1,0,0,2,15,-5,1,2022-23,Regular Season,1630530,Trey Murphy III
22022,1630530,0022200976,2023-03-06 00:00:00,NOP @ SAC,L,37,6,11,0.545,4,9,0.444,1,1,1.0,1,4,5,4,2,2,1,0,17,-10,1,2022-23,Regular Season,1630530,Trey Murphy III
22022,1630530,0022200988,2023-03-08 00:00:00,NOP vs. DAL,W,38,5,9,0.556,3,5,0.6,3,3,1.0,1,5,6,2,1,2,0,2,16,-4,1,2022-23,Regular Season,1630530,Trey Murphy III
22022,1630530,0022201011,2023-03-11 00:00:00,NOP vs. OKC,L,41,5,12,0.417,2,7,0.286,3,4,0.75,2,2,4,2,0,1,1,4,15,-11,1,2022-23,Regular Season,1630530,Trey Murphy III
22022,1630530,0022201017,2023-03-12 00:00:00,NOP vs. POR,W,30,13,20,0.65,9,14,0.643,6,6,1.0,1,6,7,1,1,1,1,2,41,44,1,2022-23,Regular Season,1630530,Trey Murphy III
22022,1630530,0022201030,2023-03-14 00:00:00,NOP vs. LAL,L,38,7,14,0.5,4,7,0.571,2,3,0.667,1,2,3,1,3,1,2,1,20,-24,1,2022-23,Regular Season,1630530,Trey Murphy III
22022,1630530,0022201051,2023-03-17 00:00:00,NOP @ HOU,L,37,4,11,0.364,4,10,0.4,1,1,1.0,0,4,4,2,1,0,0,2,13,19,1,2022-23,Regular Season,1630530,Trey Murphy III
22022,1630530,0022201067,2023-03-19 00:00:00,NOP @ HOU,W,38,5,13,0.385,3,10,0.3,1,1,1.0,1,3,4,1,0,0,1,0,14,9,1,2022-23,Regular Season,1630530,Trey Murphy III
22022,1630530,0022201080,2023-03-21 00:00:00,NOP vs. SAS,W,31,6,12,0.5,3,9,0.333,2,2,1.0,0,3,3,0,0,1,0,1,17,11,1,2022-23,Regular Season,1630530,Trey Murphy III
22022,1630530,0022201095,2023-03-23 00:00:00,NOP vs. CHA,W,33,7,14,0.5,4,8,0.5,1,1,1.0,0,2,2,1,4,0,2,0,19,10,1,2022-23,Regular Season,1630530,Trey Murphy III
22022,1630530,0022201112,2023-03-25 00:00:00,NOP @ LAC,W,37,11,14,0.786,10,12,0.833,0,0,0.0,0,2,2,1,2,1,0,3,32,19,1,2022-23,Regular Season,1630530,Trey Murphy III
22022,1630530,0022201127,2023-03-27 00:00:00,NOP @ POR,W,28,5,11,0.455,1,7,0.143,5,5,1.0,0,2,2,1,1,0,2,3,16,10,1,2022-23,Regular Season,1630530,Trey Murphy III
22022,1630530,0022201135,2023-03-28 00:00:00,NOP @ GSW,L,38,6,9,0.667,4,6,0.667,5,5,1.0,0,3,3,3,1,2,1,3,21,-18,1,2022-23,Regular Season,1630530,Trey Murphy III
22022,1630530,0022201147,2023-03-30 00:00:00,NOP @ DEN,W,39,5,14,0.357,3,10,0.3,2,2,1.0,1,1,2,3,2,0,0,1,15,26,1,2022-23,Regular Season,1630530,Trey Murphy III
22022,1630530,0022201162,2023-04-01 00:00:00,NOP vs. LAC,W,39,4,8,0.5,2,5,0.4,9,11,0.818,1,3,4,1,2,2,1,2,19,10,1,2022-23,Regular Season,1630530,Trey Murphy III
22022,1630530,0022201185,2023-04-04 00:00:00,NOP vs. SAC,L,36,6,12,0.5,3,8,0.375,2,3,0.667,0,2,2,2,1,0,0,2,17,-9,1,2022-23,Regular Season,1630530,Trey Murphy III
22022,1630530,0022201194,2023-04-05 00:00:00,NOP vs. MEM,W,46,9,18,0.5,7,13,0.538,5,6,0.833,0,2,2,4,3,0,0,3,30,3,1,2022-23,Regular Season,1630530,Trey Murphy III
22022,1630530,0022201209,2023-04-07 00:00:00,NOP vs. NYK,W,39,10,21,0.476,3,10,0.3,8,8,1.0,2,1,3,2,1,1,0,2,31,26,1,2022-23,Regular Season,1630530,Trey Murphy III
22022,1630530,0022201225,2023-04-09 00:00:00,NOP @ MIN,L,40,6,10,0.6,1,4,0.25,7,8,0.875,0,4,4,0,2,0,1,2,20,-10,1,2022-23,Regular Season,1630530,Trey Murphy III
