SEASON_ID,Player_ID,Game_ID,GAME_DATE,MATCHUP,WL,MIN,FGM,FGA,FG_PCT,FG3M,FG3A,FG3_PCT,FTM,FTA,FT_PCT,OREB,DREB,REB,AST,STL,BLK,TOV,PF,PTS,PLUS_MINUS,VIDEO_AVAILABLE,SEASON,SEASON_TYPE,PLAYER_ID,PLAYER_NAME
22021,1627734,0022100003,2021-10-20,IND @ CHA,L,39,13,19,0.684,4,6,0.667,3,4,0.75,3,12,15,2,0,0,6,4,33,-1,1,2021-22,Regular Season,1627734,Domantas Sabonis
22021,1627734,0022100019,2021-10-22,IND @ WAS,L,43,10,13,0.769,2,4,0.5,6,8,0.75,1,8,9,7,0,1,3,3,28,6,1,2021-22,Regular Season,1627734,Domantas Sabonis
22021,1627734,0022100028,2021-10-23,IND vs. MIA,W,43,8,17,0.471,0,3,0.0,1,2,0.5,4,8,12,4,4,0,3,3,17,16,1,2021-22,Regular Season,1627734,Domantas Sabonis
22021,1627734,0022100042,2021-10-25,IND vs. MIL,L,37,8,13,0.615,0,2,0.0,5,6,0.833,2,11,13,5,1,0,3,3,21,1,1,2021-22,Regular Season,1627734,Domantas Sabonis
22021,1627734,0022100058,2021-10-27,IND @ TOR,L,34,3,4,0.75,0,0,0.0,3,4,0.75,3,5,8,3,2,1,4,2,9,-13,1,2021-22,Regular Season,1627734,Domantas Sabonis
22021,1627734,0022100072,2021-10-29,IND @ BKN,L,35,7,14,0.5,1,4,0.25,1,2,0.5,2,5,7,6,3,1,3,3,16,-23,1,2021-22,Regular Season,1627734,Domantas Sabonis
22021,1627734,0022100081,2021-10-30,IND vs. TOR,L,40,8,18,0.444,1,7,0.143,5,6,0.833,6,8,14,2,3,0,2,5,22,-8,1,2021-22,Regular Season,1627734,Domantas Sabonis
22021,1627734,0022100095,2021-11-01,IND vs. SAS,W,36,11,15,0.733,0,2,0.0,2,2,1.0,4,9,13,6,1,0,1,2,24,15,1,2021-22,Regular Season,1627734,Domantas Sabonis
22021,1627734,0022100109,2021-11-03,IND vs. NYK,W,34,4,8,0.5,0,1,0.0,2,3,0.667,2,5,7,3,0,0,4,6,10,15,1,2021-22,Regular Season,1627734,Domantas Sabonis
22021,1627734,0022100131,2021-11-05,IND @ POR,L,36,7,12,0.583,0,4,0.0,1,4,0.25,1,11,12,4,0,0,6,4,15,-5,1,2021-22,Regular Season,1627734,Domantas Sabonis
22021,1627734,0022100143,2021-11-07,IND @ SAC,W,29,7,13,0.538,0,3,0.0,3,3,1.0,3,7,10,1,3,0,3,5,17,-5,1,2021-22,Regular Season,1627734,Domantas Sabonis
22021,1627734,0022100167,2021-11-10,IND @ DEN,L,33,9,14,0.643,1,2,0.5,1,1,1.0,4,15,19,2,1,1,3,3,20,-1,1,2021-22,Regular Season,1627734,Domantas Sabonis
22021,1627734,0022100172,2021-11-11,IND @ UTA,W,31,2,10,0.2,0,1,0.0,2,4,0.5,3,4,7,5,1,1,2,6,6,10,1,2021-22,Regular Season,1627734,Domantas Sabonis
22021,1627734,0022100186,2021-11-13,IND vs. PHI,W,30,8,11,0.727,2,3,0.667,0,0,0.0,4,8,12,5,0,0,1,3,18,5,1,2021-22,Regular Season,1627734,Domantas Sabonis
22021,1627734,0022100203,2021-11-15,IND @ NYK,L,40,8,15,0.533,3,4,0.75,2,5,0.4,4,11,15,3,1,0,1,1,21,1,1,2021-22,Regular Season,1627734,Domantas Sabonis
22021,1627734,0022100214,2021-11-17,IND @ DET,L,35,4,7,0.571,0,1,0.0,7,10,0.7,3,8,11,1,0,1,5,0,15,2,1,2021-22,Regular Season,1627734,Domantas Sabonis
22021,1627734,0022100230,2021-11-19,IND @ CHA,L,22,3,6,0.5,0,3,0.0,2,4,0.5,0,6,6,1,1,1,4,2,8,-18,1,2021-22,Regular Season,1627734,Domantas Sabonis
22021,1627734,0022100240,2021-11-20,IND vs. NOP,W,22,6,11,0.545,2,3,0.667,6,8,0.75,2,8,10,6,2,0,2,2,20,19,1,2021-22,Regular Season,1627734,Domantas Sabonis
22021,1627734,0022100257,2021-11-22,IND @ CHI,W,26,8,14,0.571,0,2,0.0,5,5,1.0,4,7,11,4,1,0,3,4,21,22,1,2021-22,Regular Season,1627734,Domantas Sabonis
22021,1627734,0022100268,2021-11-24,IND vs. LAL,L,35,5,9,0.556,0,0,0.0,4,4,1.0,5,7,12,6,1,0,1,5,14,-7,1,2021-22,Regular Season,1627734,Domantas Sabonis
22021,1627734,0022100284,2021-11-26,IND vs. TOR,W,36,8,15,0.533,1,3,0.333,6,7,0.857,7,11,18,2,0,0,4,3,23,16,1,2021-22,Regular Season,1627734,Domantas Sabonis
22021,1627734,0022100301,2021-11-28,IND vs. MIL,L,22,1,8,0.125,0,2,0.0,2,3,0.667,2,8,10,5,0,0,3,2,4,-11,1,2021-22,Regular Season,1627734,Domantas Sabonis
22021,1627734,0022100309,2021-11-29,IND @ MIN,L,36,5,12,0.417,0,4,0.0,6,7,0.857,4,21,25,10,0,1,4,5,16,17,1,2021-22,Regular Season,1627734,Domantas Sabonis
22021,1627734,0022100319,2021-12-01,IND vs. ATL,L,39,9,10,0.9,2,2,1.0,2,3,0.667,2,8,10,4,0,0,3,5,22,1,1,2021-22,Regular Season,1627734,Domantas Sabonis
22021,1627734,0022100333,2021-12-03,IND vs. MIA,L,37,5,8,0.625,0,1,0.0,4,4,1.0,4,12,16,3,2,0,5,4,14,1,1,2021-22,Regular Season,1627734,Domantas Sabonis
22021,1627734,0022100355,2021-12-06,IND vs. WAS,W,36,11,15,0.733,0,1,0.0,8,8,1.0,4,6,10,6,3,1,3,3,30,14,1,2021-22,Regular Season,1627734,Domantas Sabonis
22021,1627734,0022100369,2021-12-08,IND vs. NYK,W,33,7,8,0.875,2,2,1.0,5,7,0.714,5,6,11,5,0,1,0,2,21,22,1,2021-22,Regular Season,1627734,Domantas Sabonis
22021,1627734,0022100383,2021-12-10,IND vs. DAL,W,35,9,13,0.692,1,1,1.0,5,6,0.833,2,8,10,7,1,0,2,3,24,23,1,2021-22,Regular Season,1627734,Domantas Sabonis
22021,1627734,0022100405,2021-12-13,IND vs. GSW,L,36,12,17,0.706,0,1,0.0,6,10,0.6,6,5,11,0,2,1,1,2,30,-11,1,2021-22,Regular Season,1627734,Domantas Sabonis
22021,1627734,0022100421,2021-12-15,IND @ MIL,L,35,6,10,0.6,0,2,0.0,4,4,1.0,6,8,14,5,1,0,5,1,16,-20,1,2021-22,Regular Season,1627734,Domantas Sabonis
22021,1627734,0022100428,2021-12-16,IND vs. DET,W,31,5,9,0.556,0,1,0.0,2,2,1.0,0,9,9,6,0,0,3,4,12,5,1,2021-22,Regular Season,1627734,Domantas Sabonis
22021,1627734,0022100465,2021-12-21,IND @ MIA,L,28,4,11,0.364,0,2,0.0,4,5,0.8,0,4,4,4,0,0,2,1,12,-20,1,2021-22,Regular Season,1627734,Domantas Sabonis
22021,1627734,0022100499,2021-12-26,IND @ CHI,L,35,5,17,0.294,0,1,0.0,4,6,0.667,8,8,16,5,2,0,1,1,14,-4,1,2021-22,Regular Season,1627734,Domantas Sabonis
22021,1627734,0022100517,2021-12-29,IND vs. CHA,L,37,3,9,0.333,1,5,0.2,8,14,0.571,2,16,18,7,2,1,6,4,15,-5,1,2021-22,Regular Season,1627734,Domantas Sabonis
22021,1627734,0022100530,2021-12-31,IND vs. CHI,L,40,8,14,0.571,1,2,0.5,7,8,0.875,5,9,14,6,1,2,3,3,24,1,1,2021-22,Regular Season,1627734,Domantas Sabonis
22021,1627734,0022100547,2022-01-02,IND @ CLE,L,39,10,15,0.667,3,3,1.0,9,10,0.9,1,12,13,7,0,1,3,2,32,9,1,2021-22,Regular Season,1627734,Domantas Sabonis
22021,1627734,0022100564,2022-01-04,IND @ NYK,L,39,5,9,0.556,0,3,0.0,5,12,0.417,1,7,8,4,0,0,3,3,15,-10,1,2021-22,Regular Season,1627734,Domantas Sabonis
22021,1627734,0022100571,2022-01-05,IND vs. BKN,L,38,10,13,0.769,1,1,1.0,11,13,0.846,2,10,12,10,0,0,6,4,32,-5,1,2021-22,Regular Season,1627734,Domantas Sabonis
22021,1627734,0022100594,2022-01-08,IND vs. UTA,W,38,18,22,0.818,3,4,0.75,3,4,0.75,1,5,6,3,1,1,3,2,42,13,1,2021-22,Regular Season,1627734,Domantas Sabonis
22021,1627734,0022100609,2022-01-10,IND @ BOS,L,45,3,12,0.25,0,0,0.0,5,6,0.833,7,15,22,10,1,0,4,2,11,6,1,2021-22,Regular Season,1627734,Domantas Sabonis
22021,1627734,0022100618,2022-01-12,IND vs. BOS,L,32,7,11,0.636,0,2,0.0,3,5,0.6,2,4,6,6,2,0,1,3,17,-20,1,2021-22,Regular Season,1627734,Domantas Sabonis
22021,1627734,0022100634,2022-01-14,IND vs. PHX,L,37,4,10,0.4,1,3,0.333,5,6,0.833,0,14,14,6,1,0,2,2,14,-6,1,2021-22,Regular Season,1627734,Domantas Sabonis
22021,1627734,0022100659,2022-01-17,IND @ LAC,L,34,7,14,0.5,0,1,0.0,5,7,0.714,5,6,11,7,0,2,3,4,19,-8,1,2021-22,Regular Season,1627734,Domantas Sabonis
22021,1627734,0022100680,2022-01-19,IND @ LAL,W,35,9,12,0.75,2,2,1.0,0,0,0.0,5,7,12,10,0,1,1,4,20,10,1,2021-22,Regular Season,1627734,Domantas Sabonis
22021,1627734,0022100741,2022-01-28,IND @ OKC,W,44,9,16,0.563,0,2,0.0,6,9,0.667,8,10,18,10,2,2,5,3,24,0,1,2021-22,Regular Season,1627734,Domantas Sabonis
22021,1627734,0022100746,2022-01-29,IND @ DAL,L,29,8,10,0.8,1,2,0.5,4,5,0.8,3,12,15,8,0,1,3,5,21,-18,1,2021-22,Regular Season,1627734,Domantas Sabonis
22021,1627734,0022100805,2022-02-06,IND @ CLE,L,26,4,8,0.5,0,0,0.0,1,2,0.5,3,8,11,4,0,0,4,3,9,-20,1,2021-22,Regular Season,1627734,Domantas Sabonis
22021,1627734,0022100830,2022-02-09,SAC vs. MIN,W,33,10,19,0.526,0,1,0.0,2,3,0.667,5,9,14,5,1,0,4,4,22,4,1,2021-22,Regular Season,1627734,Domantas Sabonis
22021,1627734,0022100847,2022-02-12,SAC @ WAS,W,34,7,9,0.778,0,0,0.0,2,2,1.0,1,10,11,7,0,0,2,4,16,13,1,2021-22,Regular Season,1627734,Domantas Sabonis
22021,1627734,0022100859,2022-02-14,SAC @ BKN,L,26,4,11,0.364,0,2,0.0,1,3,0.333,1,8,9,2,1,1,3,3,9,-10,1,2021-22,Regular Season,1627734,Domantas Sabonis
22021,1627734,0022100878,2022-02-16,SAC @ CHI,L,37,10,15,0.667,0,0,0.0,2,2,1.0,5,7,12,8,2,0,3,2,22,-5,1,2021-22,Regular Season,1627734,Domantas Sabonis
22021,1627734,0022100895,2022-02-24,SAC vs. DEN,L,37,15,23,0.652,2,3,0.667,1,1,1.0,4,10,14,5,1,1,4,4,33,-8,1,2021-22,Regular Season,1627734,Domantas Sabonis
22021,1627734,0022100911,2022-02-26,SAC @ DEN,L,33,6,14,0.429,0,2,0.0,2,5,0.4,4,12,16,7,1,1,1,5,14,6,1,2021-22,Regular Season,1627734,Domantas Sabonis
22021,1627734,0022100925,2022-02-28,SAC @ OKC,W,31,7,8,0.875,0,0,0.0,0,0,0.0,5,11,16,7,1,0,8,5,14,8,1,2021-22,Regular Season,1627734,Domantas Sabonis
22021,1627734,0022100937,2022-03-02,SAC @ NOP,L,33,6,16,0.375,0,2,0.0,3,3,1.0,7,7,14,7,1,0,3,2,15,-20,1,2021-22,Regular Season,1627734,Domantas Sabonis
22021,1627734,0022100944,2022-03-03,SAC @ SAS,W,28,5,8,0.625,0,0,0.0,2,2,1.0,1,11,12,6,0,0,4,6,12,6,1,2021-22,Regular Season,1627734,Domantas Sabonis
22021,1627734,0022100954,2022-03-05,SAC @ DAL,L,32,7,10,0.7,0,0,0.0,1,5,0.2,2,8,10,6,0,0,4,5,15,1,1,2021-22,Regular Season,1627734,Domantas Sabonis
22021,1627734,0022100974,2022-03-07,SAC vs. NYK,L,37,6,13,0.462,0,2,0.0,7,9,0.778,2,11,13,5,0,0,3,5,19,-18,1,2021-22,Regular Season,1627734,Domantas Sabonis
22021,1627734,0022101026,2022-03-14,SAC vs. CHI,W,38,6,15,0.4,0,1,0.0,10,10,1.0,0,7,7,4,1,0,4,4,22,12,1,2021-22,Regular Season,1627734,Domantas Sabonis
22021,1627734,0022101043,2022-03-16,SAC vs. MIL,L,39,6,13,0.462,0,2,0.0,10,13,0.769,1,4,5,7,1,1,3,1,22,-19,1,2021-22,Regular Season,1627734,Domantas Sabonis
22021,1627734,0022101057,2022-03-18,SAC vs. BOS,L,37,12,20,0.6,1,1,1.0,5,7,0.714,6,14,20,5,1,1,4,3,30,-2,1,2021-22,Regular Season,1627734,Domantas Sabonis
22021,1627734,0022101066,2022-03-20,SAC vs. PHX,L,31,5,8,0.625,1,1,1.0,7,9,0.778,2,10,12,6,2,0,2,4,18,5,1,2021-22,Regular Season,1627734,Domantas Sabonis
22021,1628973,0022100014,2021-10-21,DAL @ ATL,L,26,7,13,0.538,3,5,0.6,0,0,0.0,0,3,3,3,0,0,0,2,17,-8,1,2021-22,Regular Season,1628973,Jalen Brunson
22021,1628973,0022100029,2021-10-23,DAL @ TOR,W,23,2,9,0.222,1,2,0.5,0,0,0.0,2,4,6,4,1,0,1,3,5,7,1,2021-22,Regular Season,1628973,Jalen Brunson
22021,1628973,0022100052,2021-10-26,DAL vs. HOU,W,28,4,8,0.5,1,4,0.25,2,2,1.0,1,3,4,11,1,0,2,3,11,7,1,2021-22,Regular Season,1628973,Jalen Brunson
22021,1628973,0022100069,2021-10-28,DAL vs. SAS,W,30,8,15,0.533,3,6,0.5,0,2,0.0,1,6,7,5,0,0,0,2,19,21,1,2021-22,Regular Season,1628973,Jalen Brunson
22021,1628973,0022100075,2021-10-29,DAL @ DEN,L,19,2,8,0.25,0,3,0.0,0,0,0.0,0,3,3,3,0,0,1,1,4,-7,1,2021-22,Regular Season,1628973,Jalen Brunson
22021,1628973,0022100089,2021-10-31,DAL vs. SAC,W,27,3,10,0.3,0,0,0.0,2,2,1.0,0,2,2,2,1,1,2,0,8,0,1,2021-22,Regular Season,1628973,Jalen Brunson
22021,1628973,0022100104,2021-11-02,DAL vs. MIA,L,31,10,13,0.769,2,2,1.0,3,5,0.6,1,6,7,3,0,0,3,1,25,-3,1,2021-22,Regular Season,1628973,Jalen Brunson
22021,1628973,0022100116,2021-11-03,DAL @ SAS,W,36,9,17,0.529,1,4,0.25,12,15,0.8,1,9,10,3,2,0,2,2,31,13,1,2021-22,Regular Season,1628973,Jalen Brunson
22021,1628973,0022100136,2021-11-06,DAL vs. BOS,W,35,6,12,0.5,1,6,0.167,0,0,0.0,0,5,5,5,1,0,2,4,13,1,1,2021-22,Regular Season,1628973,Jalen Brunson
22021,1628973,0022100150,2021-11-08,DAL vs. NOP,W,31,7,12,0.583,0,2,0.0,3,3,1.0,0,4,4,6,1,0,2,1,17,26,1,2021-22,Regular Season,1628973,Jalen Brunson
22021,1628973,0022100163,2021-11-10,DAL @ CHI,L,29,4,8,0.5,0,1,0.0,4,5,0.8,0,4,4,7,1,0,1,1,12,-5,1,2021-22,Regular Season,1628973,Jalen Brunson
22021,1628973,0022100181,2021-11-12,DAL @ SAS,W,27,6,13,0.462,2,5,0.4,3,3,1.0,0,0,0,3,0,0,0,2,17,20,1,2021-22,Regular Season,1628973,Jalen Brunson
22021,1628973,0022100204,2021-11-15,DAL vs. DEN,W,36,8,12,0.667,1,4,0.25,0,0,0.0,0,2,2,6,1,0,1,2,17,10,1,2021-22,Regular Season,1628973,Jalen Brunson
22021,1628973,0022100222,2021-11-17,DAL @ PHX,L,37,8,18,0.444,2,4,0.5,0,0,0.0,1,8,9,9,0,0,3,1,18,0,1,2021-22,Regular Season,1628973,Jalen Brunson
22021,1628973,0022100237,2021-11-19,DAL @ PHX,L,35,7,19,0.368,1,4,0.25,3,4,0.75,0,4,4,10,1,0,2,2,18,-12,1,2021-22,Regular Season,1628973,Jalen Brunson
22021,1628973,0022100248,2021-11-21,DAL @ LAC,L,35,7,13,0.538,1,4,0.25,5,5,1.0,0,4,4,8,3,0,3,4,20,3,1,2021-22,Regular Season,1628973,Jalen Brunson
22021,1628973,0022100266,2021-11-23,DAL @ LAC,W,11,2,3,0.667,0,0,0.0,0,0,0.0,1,0,1,2,2,0,2,0,4,-2,1,2021-22,Regular Season,1628973,Jalen Brunson
22021,1628973,0022100310,2021-11-29,DAL vs. CLE,L,22,2,7,0.286,0,2,0.0,1,2,0.5,0,1,1,0,0,0,0,2,5,-33,1,2021-22,Regular Season,1628973,Jalen Brunson
22021,1628973,0022100325,2021-12-01,DAL @ NOP,W,24,7,9,0.778,3,4,0.75,0,0,0.0,0,0,0,3,0,0,1,1,17,12,1,2021-22,Regular Season,1628973,Jalen Brunson
22021,1628973,0022100338,2021-12-03,DAL vs. NOP,L,32,7,11,0.636,0,1,0.0,2,2,1.0,1,2,3,3,1,0,1,3,16,-13,1,2021-22,Regular Season,1628973,Jalen Brunson
22021,1628973,0022100345,2021-12-04,DAL vs. MEM,L,37,7,21,0.333,0,2,0.0,1,2,0.5,3,0,3,8,1,0,3,4,15,-6,1,2021-22,Regular Season,1628973,Jalen Brunson
22021,1628973,0022100363,2021-12-07,DAL vs. BKN,L,24,4,8,0.5,1,3,0.333,1,1,1.0,0,1,1,3,0,0,0,0,10,-12,1,2021-22,Regular Season,1628973,Jalen Brunson
22021,1628973,0022100373,2021-12-08,DAL @ MEM,W,34,3,8,0.375,0,2,0.0,4,7,0.571,2,3,5,7,1,0,0,1,10,8,1,2021-22,Regular Season,1628973,Jalen Brunson
22021,1628973,0022100383,2021-12-10,DAL @ IND,L,31,7,12,0.583,0,1,0.0,0,0,0.0,2,4,6,1,2,0,2,1,14,-14,1,2021-22,Regular Season,1628973,Jalen Brunson
22021,1628973,0022100400,2021-12-12,DAL @ OKC,W,31,6,14,0.429,1,4,0.25,5,6,0.833,1,8,9,3,0,0,2,1,18,22,1,2021-22,Regular Season,1628973,Jalen Brunson
22021,1628973,0022100410,2021-12-13,DAL vs. CHA,W,25,4,7,0.571,0,1,0.0,5,5,1.0,0,2,2,8,1,0,1,3,13,0,1,2021-22,Regular Season,1628973,Jalen Brunson
22021,1628973,0022100420,2021-12-15,DAL vs. LAL,L,38,11,18,0.611,2,4,0.5,1,3,0.333,0,3,3,9,0,0,2,3,25,-8,1,2021-22,Regular Season,1628973,Jalen Brunson
22021,1628973,0022100455,2021-12-19,DAL @ MIN,L,39,6,13,0.462,2,5,0.4,4,4,1.0,0,2,2,11,0,0,5,5,18,-7,1,2021-22,Regular Season,1628973,Jalen Brunson
22021,1628973,0022100468,2021-12-21,DAL vs. MIN,W,40,10,18,0.556,3,8,0.375,5,8,0.625,0,2,2,6,3,1,2,3,28,9,1,2021-22,Regular Season,1628973,Jalen Brunson
22021,1628973,0022100481,2021-12-23,DAL vs. MIL,L,39,7,15,0.467,2,5,0.4,3,3,1.0,1,3,4,8,0,0,2,1,19,-8,1,2021-22,Regular Season,1628973,Jalen Brunson
22021,1628973,0022100492,2021-12-25,DAL @ UTA,L,36,10,25,0.4,2,5,0.4,5,8,0.625,2,0,2,6,2,0,1,5,27,4,1,2021-22,Regular Season,1628973,Jalen Brunson
22021,1628973,0022100506,2021-12-27,DAL @ POR,W,29,6,12,0.5,0,4,0.0,2,2,1.0,0,4,4,9,1,0,1,0,14,14,1,2021-22,Regular Season,1628973,Jalen Brunson
22021,1628973,0022100524,2021-12-29,DAL @ SAC,L,36,11,19,0.579,2,2,1.0,1,1,1.0,0,2,2,6,1,0,2,3,25,-2,1,2021-22,Regular Season,1628973,Jalen Brunson
22021,1628973,0022100531,2021-12-31,DAL @ SAC,W,35,11,19,0.579,1,2,0.5,0,0,0.0,1,4,5,8,0,0,3,0,23,18,1,2021-22,Regular Season,1628973,Jalen Brunson
22021,1628973,0022100550,2022-01-02,DAL @ OKC,W,29,6,12,0.5,0,1,0.0,0,0,0.0,0,1,1,7,1,0,2,1,12,0,1,2021-22,Regular Season,1628973,Jalen Brunson
22021,1628973,0022100558,2022-01-03,DAL vs. DEN,W,34,4,14,0.286,2,4,0.5,3,3,1.0,0,3,3,4,2,0,2,1,13,10,1,2021-22,Regular Season,1628973,Jalen Brunson
22021,1628973,0022100572,2022-01-05,DAL vs. GSW,W,34,6,15,0.4,0,3,0.0,3,4,0.75,0,2,2,4,0,0,3,1,15,-2,1,2021-22,Regular Season,1628973,Jalen Brunson
22021,1628973,0022100586,2022-01-07,DAL @ HOU,W,25,7,11,0.636,0,1,0.0,1,2,0.5,1,3,4,10,1,0,2,2,15,31,1,2021-22,Regular Season,1628973,Jalen Brunson
22021,1628973,0022100603,2022-01-09,DAL vs. CHI,W,28,8,10,0.8,1,2,0.5,0,0,0.0,1,3,4,4,1,0,1,0,17,3,1,2021-22,Regular Season,1628973,Jalen Brunson
22021,1628973,0022100622,2022-01-12,DAL @ NYK,L,37,6,12,0.5,1,3,0.333,1,1,1.0,1,6,7,6,0,0,1,1,14,-19,1,2021-22,Regular Season,1628973,Jalen Brunson
22021,1628973,0022100639,2022-01-14,DAL @ MEM,W,32,7,13,0.538,0,0,0.0,1,1,1.0,0,5,5,9,5,0,1,1,15,12,1,2021-22,Regular Season,1628973,Jalen Brunson
22021,1628973,0022100650,2022-01-15,DAL vs. ORL,W,28,8,11,0.727,1,1,1.0,2,2,1.0,0,5,5,3,2,0,0,1,19,10,1,2021-22,Regular Season,1628973,Jalen Brunson
22021,1628973,0022100663,2022-01-17,DAL vs. OKC,W,38,5,13,0.385,0,3,0.0,4,4,1.0,0,5,5,8,2,0,2,4,14,14,1,2021-22,Regular Season,1628973,Jalen Brunson
22021,1628973,0022100675,2022-01-19,DAL vs. TOR,W,33,4,11,0.364,0,2,0.0,0,0,0.0,0,3,3,4,1,0,1,3,8,4,1,2021-22,Regular Season,1628973,Jalen Brunson
22021,1628973,0022100682,2022-01-20,DAL vs. PHX,L,35,8,13,0.615,1,2,0.5,2,2,1.0,2,3,5,1,0,0,6,3,19,-16,1,2021-22,Regular Season,1628973,Jalen Brunson
22021,1628973,0022100705,2022-01-23,DAL vs. MEM,W,31,3,8,0.375,0,1,0.0,7,7,1.0,0,1,1,3,1,0,2,0,13,8,1,2021-22,Regular Season,1628973,Jalen Brunson
22021,1628973,0022100720,2022-01-25,DAL @ GSW,L,36,5,12,0.417,1,2,0.5,0,0,0.0,0,4,4,5,1,1,2,2,11,-22,1,2021-22,Regular Season,1628973,Jalen Brunson
22021,1628973,0022100732,2022-01-26,DAL @ POR,W,35,9,15,0.6,2,3,0.667,0,0,0.0,1,5,6,11,0,0,0,2,20,16,1,2021-22,Regular Season,1628973,Jalen Brunson
22021,1628973,0022100746,2022-01-29,DAL vs. IND,W,32,6,12,0.5,1,2,0.5,0,0,0.0,0,2,2,8,1,0,1,0,13,13,1,2021-22,Regular Season,1628973,Jalen Brunson
22021,1628973,0022100755,2022-01-30,DAL @ ORL,L,35,6,11,0.545,2,3,0.667,1,1,1.0,2,2,4,2,0,0,1,0,15,-5,1,2021-22,Regular Season,1628973,Jalen Brunson
22021,1628973,0022100778,2022-02-02,DAL vs. OKC,L,43,10,18,0.556,0,4,0.0,0,0,0.0,0,5,5,4,2,0,6,5,20,3,1,2021-22,Regular Season,1628973,Jalen Brunson
22021,1628973,0022100791,2022-02-04,DAL vs. PHI,W,39,7,15,0.467,1,4,0.25,4,5,0.8,1,4,5,4,0,0,0,1,19,1,1,2021-22,Regular Season,1628973,Jalen Brunson
22021,1628973,0022100807,2022-02-06,DAL vs. ATL,W,30,9,14,0.643,4,5,0.8,0,0,0.0,0,5,5,5,1,0,4,5,22,8,1,2021-22,Regular Season,1628973,Jalen Brunson
22021,1628973,0022100820,2022-02-08,DAL vs. DET,W,26,7,11,0.636,2,4,0.5,5,5,1.0,0,1,1,4,0,0,1,1,21,13,1,2021-22,Regular Season,1628973,Jalen Brunson
22021,1628973,0022100835,2022-02-10,DAL vs. LAC,W,37,3,12,0.25,0,3,0.0,5,5,1.0,0,5,5,4,0,0,2,0,11,13,1,2021-22,Regular Season,1628973,Jalen Brunson
22021,1628973,0022100853,2022-02-12,DAL vs. LAC,L,39,8,17,0.471,4,7,0.571,2,4,0.5,0,4,4,3,0,0,2,3,22,5,1,2021-22,Regular Season,1628973,Jalen Brunson
22021,1628973,0022100868,2022-02-15,DAL @ MIA,W,39,6,14,0.429,3,5,0.6,4,5,0.8,3,3,6,6,2,0,2,4,19,12,1,2021-22,Regular Season,1628973,Jalen Brunson
22021,1628973,0022100886,2022-02-17,DAL @ NOP,W,37,8,13,0.615,3,4,0.75,4,4,1.0,0,1,1,6,0,0,2,3,23,-9,1,2021-22,Regular Season,1628973,Jalen Brunson
22021,1628973,0022100903,2022-02-25,DAL @ UTA,L,36,4,11,0.364,0,1,0.0,0,0,0.0,0,2,2,2,1,0,2,4,8,5,1,2021-22,Regular Season,1628973,Jalen Brunson
22021,1628973,0022100917,2022-02-27,DAL @ GSW,W,32,4,9,0.444,0,1,0.0,0,0,0.0,0,2,2,5,1,0,2,3,8,5,1,2021-22,Regular Season,1628973,Jalen Brunson
22021,1628973,0022100931,2022-03-01,DAL @ LAL,W,34,9,15,0.6,4,6,0.667,0,0,0.0,0,2,2,4,4,0,1,2,22,7,1,2021-22,Regular Season,1628973,Jalen Brunson
22021,1628973,0022100943,2022-03-03,DAL vs. GSW,W,29,6,10,0.6,2,2,1.0,0,0,0.0,0,3,3,4,0,0,2,3,14,0,1,2021-22,Regular Season,1628973,Jalen Brunson
22021,1628973,0022100954,2022-03-05,DAL vs. SAC,W,37,8,15,0.533,2,3,0.667,5,5,1.0,0,3,3,6,1,0,1,1,23,2,1,2021-22,Regular Season,1628973,Jalen Brunson
22021,1628973,0022100988,2022-03-09,DAL vs. NYK,L,25,3,12,0.25,0,5,0.0,2,2,1.0,0,5,5,0,1,0,1,3,8,-17,1,2021-22,Regular Season,1628973,Jalen Brunson
22021,1628973,0022101014,2022-03-13,DAL @ BOS,W,37,6,12,0.5,2,4,0.5,0,0,0.0,1,3,4,2,0,0,3,3,14,8,1,2021-22,Regular Season,1628973,Jalen Brunson
22021,1628973,0022101036,2022-03-16,DAL @ BKN,W,34,8,15,0.533,1,3,0.333,1,1,1.0,1,4,5,3,0,0,2,1,18,7,1,2021-22,Regular Season,1628973,Jalen Brunson
22021,1628973,0022101046,2022-03-18,DAL @ PHI,L,33,10,14,0.714,2,3,0.667,2,2,1.0,0,3,3,4,0,0,0,0,24,-12,1,2021-22,Regular Season,1628973,Jalen Brunson
22021,1628973,0022101059,2022-03-19,DAL @ CHA,L,23,3,8,0.375,0,2,0.0,4,4,1.0,0,2,2,2,2,0,1,1,10,-4,1,2021-22,Regular Season,1628973,Jalen Brunson
22021,1628973,0022101079,2022-03-21,DAL vs. MIN,W,32,6,10,0.6,1,3,0.333,2,2,1.0,0,3,3,0,0,0,1,2,15,18,1,2021-22,Regular Season,1628973,Jalen Brunson
22021,1628973,0022101092,2022-03-23,DAL vs. HOU,W,29,10,19,0.526,0,2,0.0,8,9,0.889,0,4,4,3,0,0,1,3,28,11,1,2021-22,Regular Season,1628973,Jalen Brunson
22021,1628973,0022101104,2022-03-25,DAL @ MIN,L,30,4,12,0.333,1,6,0.167,2,2,1.0,1,5,6,1,1,0,1,3,11,-4,1,2021-22,Regular Season,1628973,Jalen Brunson
22021,1628973,0022101121,2022-03-27,DAL vs. UTA,W,32,7,15,0.467,2,4,0.5,6,6,1.0,3,7,10,5,0,0,1,2,22,15,1,2021-22,Regular Season,1628973,Jalen Brunson
22021,1628973,0022101134,2022-03-29,DAL vs. LAL,W,31,3,12,0.25,0,3,0.0,6,6,1.0,0,5,5,3,1,0,0,1,12,8,1,2021-22,Regular Season,1628973,Jalen Brunson
22021,1628973,0022101136,2022-03-30,DAL @ CLE,W,39,8,14,0.571,1,3,0.333,1,3,0.333,2,3,5,6,0,0,1,0,18,-5,1,2021-22,Regular Season,1628973,Jalen Brunson
22021,1628973,0022101152,2022-04-01,DAL @ WAS,L,32,9,13,0.692,1,3,0.333,2,2,1.0,0,5,5,2,1,0,1,3,21,-29,1,2021-22,Regular Season,1628973,Jalen Brunson
22021,1628973,0022101167,2022-04-03,DAL @ MIL,W,36,5,12,0.417,3,6,0.5,2,2,1.0,0,3,3,1,1,0,1,1,15,6,1,2021-22,Regular Season,1628973,Jalen Brunson
22021,1628973,0022101190,2022-04-06,DAL @ DET,W,35,9,15,0.6,1,2,0.5,5,6,0.833,1,5,6,3,1,0,0,3,24,22,1,2021-22,Regular Season,1628973,Jalen Brunson
22021,1628973,0022101209,2022-04-08,DAL vs. POR,W,22,2,6,0.333,1,3,0.333,4,4,1.0,1,2,3,2,0,0,0,1,9,18,1,2021-22,Regular Season,1628973,Jalen Brunson
22021,1628973,0022101219,2022-04-10,DAL vs. SAS,W,25,7,13,0.538,3,7,0.429,1,2,0.5,0,6,6,5,0,0,1,0,18,12,1,2021-22,Regular Season,1628973,Jalen Brunson
42021,1628973,0042100171,2022-04-16,DAL vs. UTA,L,41,9,24,0.375,1,3,0.333,5,6,0.833,2,5,7,5,0,0,2,3,24,-5,1,2021-22,Playoffs,1628973,Jalen Brunson
42021,1628973,0042100172,2022-04-18,DAL vs. UTA,W,42,15,25,0.6,6,10,0.6,5,7,0.714,0,8,8,5,2,0,0,0,41,15,1,2021-22,Playoffs,1628973,Jalen Brunson
42021,1628973,0042100173,2022-04-21,DAL @ UTA,W,35,12,22,0.545,0,4,0.0,7,7,1.0,0,1,1,6,0,0,1,2,31,-1,1,2021-22,Playoffs,1628973,Jalen Brunson
42021,1628973,0042100174,2022-04-23,DAL @ UTA,L,35,7,18,0.389,2,5,0.4,7,8,0.875,1,4,5,3,0,0,0,3,23,6,1,2021-22,Playoffs,1628973,Jalen Brunson
42021,1628973,0042100175,2022-04-25,DAL vs. UTA,W,37,9,20,0.45,1,7,0.143,5,5,1.0,2,3,5,4,1,0,1,2,24,23,1,2021-22,Playoffs,1628973,Jalen Brunson
42021,1628973,0042100176,2022-04-28,DAL @ UTA,W,38,9,17,0.529,2,4,0.5,4,6,0.667,0,3,3,2,2,0,0,0,24,-16,1,2021-22,Playoffs,1628973,Jalen Brunson
42021,1628973,0042100221,2022-05-02,DAL @ PHX,L,31,6,16,0.375,0,1,0.0,1,1,1.0,2,2,4,3,1,0,1,4,13,-7,1,2021-22,Playoffs,1628973,Jalen Brunson
42021,1628973,0042100222,2022-05-04,DAL @ PHX,L,28,3,12,0.25,1,3,0.333,2,2,1.0,1,4,5,2,1,0,3,4,9,-22,1,2021-22,Playoffs,1628973,Jalen Brunson
42021,1628973,0042100223,2022-05-06,DAL vs. PHX,W,36,10,21,0.476,1,5,0.2,7,7,1.0,0,4,4,5,1,0,1,1,28,7,1,2021-22,Playoffs,1628973,Jalen Brunson
42021,1628973,0042100224,2022-05-08,DAL vs. PHX,W,38,7,17,0.412,1,3,0.333,3,4,0.75,1,3,4,4,0,0,2,2,18,15,1,2021-22,Playoffs,1628973,Jalen Brunson
42021,1628973,0042100225,2022-05-10,DAL @ PHX,L,35,9,17,0.529,0,1,0.0,3,6,0.5,0,7,7,2,1,0,4,3,21,-12,1,2021-22,Playoffs,1628973,Jalen Brunson
42021,1628973,0042100226,2022-05-12,DAL vs. PHX,W,35,6,14,0.429,0,3,0.0,6,6,1.0,0,1,1,2,3,0,0,0,18,24,1,2021-22,Playoffs,1628973,Jalen Brunson
42021,1628973,0042100227,2022-05-15,DAL @ PHX,W,30,11,19,0.579,2,4,0.5,0,0,0.0,3,3,6,2,1,0,0,2,24,22,1,2021-22,Playoffs,1628973,Jalen Brunson
42021,1628973,0042100311,2022-05-18,DAL @ GSW,L,32,6,16,0.375,0,5,0.0,2,4,0.5,1,3,4,4,1,0,1,1,14,-11,1,2021-22,Playoffs,1628973,Jalen Brunson
42021,1628973,0042100312,2022-05-20,DAL @ GSW,L,36,11,19,0.579,5,7,0.714,4,6,0.667,0,7,7,5,0,0,2,3,31,2,1,2021-22,Playoffs,1628973,Jalen Brunson
42021,1628973,0042100313,2022-05-22,DAL vs. GSW,L,37,7,12,0.583,3,6,0.5,3,4,0.75,1,4,5,3,0,0,1,2,20,-7,1,2021-22,Playoffs,1628973,Jalen Brunson
42021,1628973,0042100314,2022-05-24,DAL vs. GSW,W,34,5,12,0.417,1,2,0.5,4,5,0.8,1,4,5,5,0,1,0,3,15,0,1,2021-22,Playoffs,1628973,Jalen Brunson
42021,1628973,0042100315,2022-05-26,DAL @ GSW,L,30,3,10,0.3,0,2,0.0,4,6,0.667,0,2,2,4,0,0,0,3,10,-24,1,2021-22,Playoffs,1628973,Jalen Brunson
22021,1627783,0022100139,2021-11-07,TOR vs. BKN,L,25,5,12,0.417,1,3,0.333,4,5,0.8,1,3,4,1,1,2,0,3,15,-8,1,2021-22,Regular Season,1627783,Pascal Siakam
22021,1627783,0022100160,2021-11-10,TOR @ BOS,L,30,3,7,0.429,0,1,0.0,2,2,1.0,1,6,7,3,2,0,4,4,8,-3,1,2021-22,Regular Season,1627783,Pascal Siakam
22021,1627783,0022100189,2021-11-13,TOR vs. DET,L,35,9,14,0.643,2,3,0.667,5,9,0.556,7,5,12,7,1,0,2,6,25,1,1,2021-22,Regular Season,1627783,Pascal Siakam
22021,1627783,0022100208,2021-11-15,TOR @ POR,L,39,7,15,0.467,2,6,0.333,4,4,1.0,1,5,6,6,0,1,2,4,20,5,1,2021-22,Regular Season,1627783,Pascal Siakam
22021,1627783,0022100229,2021-11-18,TOR @ UTA,L,31,2,14,0.143,0,4,0.0,0,0,0.0,2,1,3,5,2,0,4,0,4,-9,1,2021-22,Regular Season,1627783,Pascal Siakam
22021,1627783,0022100238,2021-11-19,TOR @ SAC,W,30,10,12,0.833,3,3,1.0,9,10,0.9,0,8,8,1,0,2,4,3,32,19,1,2021-22,Regular Season,1627783,Pascal Siakam
22021,1627783,0022100252,2021-11-21,TOR @ GSW,L,34,8,17,0.471,3,6,0.5,2,5,0.4,2,4,6,2,1,1,1,2,21,-18,1,2021-22,Regular Season,1627783,Pascal Siakam
22021,1627783,0022100272,2021-11-24,TOR @ MEM,W,33,5,12,0.417,1,3,0.333,6,8,0.75,2,5,7,2,1,0,0,3,17,2,1,2021-22,Regular Season,1627783,Pascal Siakam
22021,1627783,0022100284,2021-11-26,TOR @ IND,L,37,7,17,0.412,1,4,0.25,2,3,0.667,3,9,12,4,0,1,1,1,17,-10,1,2021-22,Regular Season,1627783,Pascal Siakam
22021,1627783,0022100302,2021-11-28,TOR vs. BOS,L,38,8,19,0.421,0,4,0.0,2,2,1.0,1,6,7,5,0,0,1,5,18,-2,1,2021-22,Regular Season,1627783,Pascal Siakam
22021,1627783,0022100315,2021-11-30,TOR vs. MEM,L,30,9,19,0.474,1,6,0.167,1,1,1.0,1,5,6,5,1,3,2,5,20,-1,1,2021-22,Regular Season,1627783,Pascal Siakam
22021,1627783,0022100329,2021-12-02,TOR vs. MIL,W,35,9,18,0.5,1,4,0.25,1,2,0.5,3,5,8,4,0,1,6,6,20,6,1,2021-22,Regular Season,1627783,Pascal Siakam
22021,1627783,0022100351,2021-12-05,TOR vs. WAS,W,36,10,21,0.476,1,1,1.0,10,12,0.833,1,5,6,3,0,0,1,3,31,4,1,2021-22,Regular Season,1627783,Pascal Siakam
22021,1627783,0022100371,2021-12-08,TOR vs. OKC,L,38,10,15,0.667,2,2,1.0,1,3,0.333,3,8,11,5,0,0,5,2,23,8,1,2021-22,Regular Season,1627783,Pascal Siakam
22021,1627783,0022100385,2021-12-10,TOR vs. NYK,W,39,3,18,0.167,0,3,0.0,7,8,0.875,1,11,12,4,0,1,1,3,13,3,1,2021-22,Regular Season,1627783,Pascal Siakam
22021,1627783,0022100406,2021-12-13,TOR vs. SAC,W,30,8,15,0.533,0,3,0.0,0,1,0.0,2,6,8,4,1,1,1,1,16,14,1,2021-22,Regular Season,1627783,Pascal Siakam
22021,1627783,0022100413,2021-12-14,TOR @ BKN,L,44,12,21,0.571,0,4,0.0,1,2,0.5,1,5,6,2,1,1,2,5,25,13,1,2021-22,Regular Season,1627783,Pascal Siakam
22021,1627783,0022100510,2021-12-28,TOR vs. PHI,L,42,11,21,0.524,0,4,0.0,6,6,1.0,3,3,6,8,1,1,3,4,28,2,1,2021-22,Regular Season,1627783,Pascal Siakam
22021,1627783,0022100534,2021-12-31,TOR vs. LAC,W,40,10,20,0.5,1,2,0.5,4,9,0.444,4,15,19,7,2,2,3,2,25,22,1,2021-22,Regular Season,1627783,Pascal Siakam
22021,1627783,0022100545,2022-01-02,TOR vs. NYK,W,35,7,15,0.467,0,1,0.0,6,9,0.667,5,9,14,7,2,0,6,4,20,14,1,2021-22,Regular Season,1627783,Pascal Siakam
22021,1627783,0022100563,2022-01-04,TOR vs. SAS,W,28,7,13,0.538,2,2,1.0,2,4,0.5,2,10,12,5,0,0,3,4,18,26,1,2021-22,Regular Season,1627783,Pascal Siakam
22021,1627783,0022100573,2022-01-05,TOR @ MIL,W,42,13,23,0.565,2,4,0.5,5,7,0.714,0,6,6,6,2,1,4,3,33,11,1,2021-22,Regular Season,1627783,Pascal Siakam
22021,1627783,0022100584,2022-01-07,TOR vs. UTA,W,39,6,16,0.375,2,5,0.4,3,4,0.75,2,3,5,5,2,1,1,3,17,2,1,2021-22,Regular Season,1627783,Pascal Siakam
22021,1627783,0022100599,2022-01-09,TOR vs. NOP,W,43,8,18,0.444,3,5,0.6,10,10,1.0,2,8,10,7,2,0,2,2,29,12,1,2021-22,Regular Season,1627783,Pascal Siakam
22021,1627783,0022100613,2022-01-11,TOR vs. PHX,L,39,10,23,0.435,0,5,0.0,2,4,0.5,0,7,7,7,3,0,4,6,22,2,1,2021-22,Regular Season,1627783,Pascal Siakam
22021,1627783,0022100633,2022-01-14,TOR @ DET,L,41,8,17,0.471,1,2,0.5,6,9,0.667,3,8,11,4,0,1,1,5,23,-12,1,2021-22,Regular Season,1627783,Pascal Siakam
22021,1627783,0022100641,2022-01-15,TOR @ MIL,W,40,11,20,0.55,3,3,1.0,5,9,0.556,2,6,8,10,2,0,6,5,30,7,1,2021-22,Regular Season,1627783,Pascal Siakam
22021,1627783,0022100662,2022-01-17,TOR @ MIA,L,42,9,20,0.45,0,2,0.0,0,0,0.0,2,4,6,10,5,1,0,3,18,-4,1,2021-22,Regular Season,1627783,Pascal Siakam
22021,1627783,0022100675,2022-01-19,TOR @ DAL,L,44,7,18,0.389,0,2,0.0,6,8,0.75,0,8,8,3,3,0,5,3,20,-5,1,2021-22,Regular Season,1627783,Pascal Siakam
22021,1627783,0022100689,2022-01-21,TOR @ WAS,W,41,8,17,0.471,1,2,0.5,4,4,1.0,3,4,7,4,1,0,2,4,21,1,1,2021-22,Regular Season,1627783,Pascal Siakam
22021,1627783,0022100702,2022-01-23,TOR vs. POR,L,34,13,20,0.65,0,1,0.0,2,4,0.5,2,6,8,5,1,1,3,4,28,-2,1,2021-22,Regular Season,1627783,Pascal Siakam
22021,1627783,0022100715,2022-01-25,TOR vs. CHA,W,39,9,16,0.563,1,2,0.5,5,5,1.0,2,7,9,12,0,1,3,2,24,17,1,2021-22,Regular Season,1627783,Pascal Siakam
22021,1627783,0022100472,2022-01-26,TOR @ CHI,L,43,3,12,0.25,0,0,0.0,6,9,0.667,1,6,7,7,3,0,3,3,12,-11,1,2021-22,Regular Season,1627783,Pascal Siakam
22021,1627783,0022100748,2022-01-29,TOR @ MIA,W,57,7,18,0.389,1,3,0.333,6,6,1.0,2,11,13,6,4,4,4,5,21,8,1,2021-22,Regular Season,1627783,Pascal Siakam
22021,1627783,0022100767,2022-01-31,TOR @ ATL,W,41,9,17,0.529,1,2,0.5,6,8,0.75,0,6,6,4,2,2,4,4,25,4,1,2021-22,Regular Season,1627783,Pascal Siakam
22021,1627783,0022100784,2022-02-01,TOR vs. MIA,W,35,5,14,0.357,1,3,0.333,5,7,0.714,7,7,14,4,3,0,4,4,16,6,1,2021-22,Regular Season,1627783,Pascal Siakam
22021,1627783,0022100430,2022-02-03,TOR vs. CHI,W,45,9,22,0.409,1,4,0.25,6,7,0.857,5,8,13,7,2,1,3,4,25,4,1,2021-22,Regular Season,1627783,Pascal Siakam
22021,1627783,0022100790,2022-02-04,TOR vs. ATL,W,40,11,16,0.688,3,3,1.0,8,9,0.889,2,7,9,4,0,0,2,2,33,15,1,2021-22,Regular Season,1627783,Pascal Siakam
22021,1627783,0022100810,2022-02-07,TOR @ CHA,W,43,10,16,0.625,2,4,0.5,2,5,0.4,2,9,11,8,0,1,4,3,24,9,1,2021-22,Regular Season,1627783,Pascal Siakam
22021,1627783,0022100827,2022-02-09,TOR @ OKC,W,40,13,17,0.765,1,3,0.333,0,0,0.0,3,13,16,5,1,1,3,3,27,11,1,2021-22,Regular Season,1627783,Pascal Siakam
22021,1627783,0022100834,2022-02-10,TOR @ HOU,W,32,13,19,0.684,1,4,0.25,3,5,0.6,0,3,3,4,0,0,2,6,30,2,1,2021-22,Regular Season,1627783,Pascal Siakam
22021,1627783,0022100850,2022-02-12,TOR vs. DEN,L,42,16,22,0.727,3,7,0.429,0,0,0.0,2,8,10,7,2,0,2,5,35,-1,1,2021-22,Regular Season,1627783,Pascal Siakam
22021,1627783,0022100863,2022-02-14,TOR @ NOP,L,33,7,19,0.368,0,2,0.0,4,5,0.8,3,2,5,1,0,0,2,0,18,-20,1,2021-22,Regular Season,1627783,Pascal Siakam
22021,1627783,0022100880,2022-02-16,TOR @ MIN,W,41,7,17,0.412,0,1,0.0,3,3,1.0,1,8,9,9,2,0,6,5,17,11,1,2021-22,Regular Season,1627783,Pascal Siakam
22021,1627783,0022100896,2022-02-25,TOR @ CHA,L,27,3,13,0.231,0,1,0.0,2,2,1.0,0,3,3,2,1,0,1,0,8,-29,1,2021-22,Regular Season,1627783,Pascal Siakam
22021,1627783,0022100906,2022-02-26,TOR @ ATL,L,37,6,16,0.375,0,1,0.0,2,4,0.5,2,8,10,5,0,0,2,3,14,-25,1,2021-22,Regular Season,1627783,Pascal Siakam
22021,1627783,0022100726,2022-02-28,TOR @ BKN,W,30,2,14,0.143,1,5,0.2,3,3,1.0,1,2,3,6,3,2,1,3,8,24,1,2021-22,Regular Season,1627783,Pascal Siakam
22021,1627783,0022100928,2022-03-01,TOR vs. BKN,W,35,7,19,0.368,0,2,0.0,4,4,1.0,3,5,8,6,2,0,4,6,18,15,1,2021-22,Regular Season,1627783,Pascal Siakam
22021,1627783,0022100942,2022-03-03,TOR vs. DET,L,43,10,15,0.667,0,0,0.0,8,10,0.8,0,5,5,2,1,0,4,4,28,-8,1,2021-22,Regular Season,1627783,Pascal Siakam
22021,1627783,0022100458,2022-03-04,TOR vs. ORL,L,40,13,20,0.65,2,3,0.667,6,8,0.75,3,11,14,2,0,0,5,3,34,-2,1,2021-22,Regular Season,1627783,Pascal Siakam
22021,1627783,0022100962,2022-03-06,TOR @ CLE,L,41,8,22,0.364,1,4,0.25,7,13,0.538,0,4,4,4,1,1,0,4,24,-1,1,2021-22,Regular Season,1627783,Pascal Siakam
22021,1627783,0022100989,2022-03-09,TOR @ SAS,W,37,7,15,0.467,2,5,0.4,4,4,1.0,1,7,8,3,1,0,1,4,20,11,1,2021-22,Regular Season,1627783,Pascal Siakam
22021,1627783,0022101003,2022-03-11,TOR @ PHX,W,41,10,24,0.417,2,5,0.4,3,4,0.75,3,4,7,10,1,0,2,4,25,16,1,2021-22,Regular Season,1627783,Pascal Siakam
22021,1627783,0022101009,2022-03-12,TOR @ DEN,W,36,12,22,0.545,2,4,0.5,7,8,0.875,1,4,5,7,2,0,1,3,33,-1,1,2021-22,Regular Season,1627783,Pascal Siakam
22021,1627783,0022101028,2022-03-14,TOR @ LAL,W,35,9,17,0.529,2,3,0.667,7,10,0.7,1,10,11,5,1,1,4,1,27,25,1,2021-22,Regular Season,1627783,Pascal Siakam
22021,1627783,0022101044,2022-03-16,TOR @ LAC,W,39,13,22,0.591,3,5,0.6,2,2,1.0,4,8,12,3,1,0,2,0,31,10,1,2021-22,Regular Season,1627783,Pascal Siakam
22021,1627783,0022101051,2022-03-18,TOR vs. LAL,L,46,6,12,0.5,1,2,0.5,4,7,0.571,2,4,6,7,1,1,3,4,17,0,1,2021-22,Regular Season,1627783,Pascal Siakam
22021,1627783,0022101069,2022-03-20,TOR @ PHI,W,36,10,20,0.5,1,3,0.333,5,6,0.833,1,9,10,5,0,0,3,2,26,-5,1,2021-22,Regular Season,1627783,Pascal Siakam
22021,1627783,0022101076,2022-03-21,TOR @ CHI,L,38,8,14,0.571,0,2,0.0,6,8,0.75,0,5,5,4,0,0,4,1,22,-18,1,2021-22,Regular Season,1627783,Pascal Siakam
22021,1627783,0022101095,2022-03-24,TOR vs. CLE,W,32,12,20,0.6,6,7,0.857,5,5,1.0,1,4,5,6,0,0,2,5,35,9,1,2021-22,Regular Season,1627783,Pascal Siakam
22021,1627783,0022101109,2022-03-26,TOR vs. IND,W,31,10,15,0.667,1,3,0.333,2,4,0.5,1,5,6,7,2,0,3,3,23,24,1,2021-22,Regular Season,1627783,Pascal Siakam
22021,1627783,0022101127,2022-03-28,TOR vs. BOS,W,47,17,29,0.586,0,4,0.0,6,8,0.75,2,11,13,1,3,2,1,6,40,3,1,2021-22,Regular Season,1627783,Pascal Siakam
22021,1627783,0022101141,2022-03-30,TOR vs. MIN,W,40,5,15,0.333,0,2,0.0,2,2,1.0,1,9,10,13,1,1,6,4,12,27,1,2021-22,Regular Season,1627783,Pascal Siakam
22021,1627783,0022101151,2022-04-01,TOR @ ORL,W,43,7,18,0.389,0,3,0.0,2,3,0.667,1,10,11,3,0,0,2,2,16,4,1,2021-22,Regular Season,1627783,Pascal Siakam
22021,1627783,0022101172,2022-04-03,TOR vs. MIA,L,43,11,18,0.611,1,3,0.333,6,7,0.857,0,8,8,5,2,0,4,3,29,-3,1,2021-22,Regular Season,1627783,Pascal Siakam
22021,1627783,0022101182,2022-04-05,TOR vs. ATL,W,40,12,23,0.522,1,4,0.25,6,8,0.75,2,11,13,6,1,1,0,0,31,7,1,2021-22,Regular Season,1627783,Pascal Siakam
22021,1627783,0022101197,2022-04-07,TOR vs. PHI,W,37,14,28,0.5,1,7,0.143,8,10,0.8,3,7,10,12,2,0,2,1,37,-6,1,2021-22,Regular Season,1627783,Pascal Siakam
22021,1627783,0022101206,2022-04-08,TOR vs. HOU,W,40,12,24,0.5,0,2,0.0,5,6,0.833,3,9,12,7,3,1,2,5,29,11,1,2021-22,Regular Season,1627783,Pascal Siakam
42021,1627783,0042100131,2022-04-16,TOR @ PHI,L,40,9,18,0.5,1,2,0.5,5,5,1.0,0,3,3,7,0,3,0,4,24,-19,1,2021-22,Playoffs,1627783,Pascal Siakam
42021,1627783,0042100132,2022-04-18,TOR @ PHI,L,41,7,20,0.35,0,1,0.0,6,7,0.857,4,6,10,5,1,0,2,5,20,-23,1,2021-22,Playoffs,1627783,Pascal Siakam
42021,1627783,0042100133,2022-04-20,TOR vs. PHI,L,48,6,16,0.375,0,2,0.0,0,0,0.0,1,4,5,4,2,1,3,5,12,-4,1,2021-22,Playoffs,1627783,Pascal Siakam
42021,1627783,0042100134,2022-04-23,TOR vs. PHI,W,44,10,19,0.526,1,4,0.25,13,15,0.867,0,8,8,5,1,2,3,3,34,13,1,2021-22,Playoffs,1627783,Pascal Siakam
42021,1627783,0042100135,2022-04-25,TOR @ PHI,W,44,10,17,0.588,2,4,0.5,1,2,0.5,0,10,10,7,0,0,2,1,23,24,1,2021-22,Playoffs,1627783,Pascal Siakam
42021,1627783,0042100136,2022-04-28,TOR vs. PHI,L,44,9,17,0.529,0,4,0.0,6,7,0.857,3,4,7,7,3,0,3,6,24,-32,1,2021-22,Playoffs,1627783,Pascal Siakam
22021,1628378,0022100011,2021-10-20,UTA vs. OKC,W,28,6,17,0.353,3,10,0.3,1,1,1.0,2,1,3,4,2,1,1,2,16,20,1,2021-22,Regular Season,1628378,Donovan Mitchell
22021,1628378,0022100026,2021-10-22,UTA @ SAC,W,37,9,25,0.36,6,14,0.429,3,4,0.75,1,4,5,4,2,0,5,2,27,18,1,2021-22,Regular Season,1628378,Donovan Mitchell
22021,1628378,0022100054,2021-10-26,UTA vs. DEN,W,34,9,20,0.45,1,9,0.111,3,3,1.0,0,2,2,6,1,0,5,4,22,-4,1,2021-22,Regular Season,1628378,Donovan Mitchell
22021,1628378,0022100068,2021-10-28,UTA @ HOU,W,24,5,12,0.417,2,5,0.4,3,3,1.0,0,3,3,6,2,0,1,1,15,16,1,2021-22,Regular Season,1628378,Donovan Mitchell
22021,1628378,0022100083,2021-10-30,UTA @ CHI,L,35,9,27,0.333,2,11,0.182,10,10,1.0,1,6,7,6,0,1,6,1,30,13,1,2021-22,Regular Season,1628378,Donovan Mitchell
22021,1628378,0022100091,2021-10-31,UTA @ MIL,W,33,10,18,0.556,4,9,0.444,4,5,0.8,0,4,4,2,2,0,4,2,28,11,1,2021-22,Regular Season,1628378,Donovan Mitchell
22021,1628378,0022100105,2021-11-02,UTA vs. SAC,W,32,14,30,0.467,5,12,0.417,3,4,0.75,5,3,8,6,1,0,3,4,36,12,1,2021-22,Regular Season,1628378,Donovan Mitchell
22021,1628378,0022100134,2021-11-06,UTA @ MIA,L,37,14,28,0.5,4,15,0.267,5,6,0.833,0,0,0,7,2,0,2,3,37,12,1,2021-22,Regular Season,1628378,Donovan Mitchell
22021,1628378,0022100141,2021-11-07,UTA @ ORL,L,33,8,24,0.333,2,12,0.167,3,3,1.0,3,4,7,7,0,0,3,5,21,-8,1,2021-22,Regular Season,1628378,Donovan Mitchell
22021,1628378,0022100156,2021-11-09,UTA vs. ATL,W,32,11,20,0.55,5,11,0.455,0,0,0.0,1,2,3,5,3,0,1,2,27,15,1,2021-22,Regular Season,1628378,Donovan Mitchell
22021,1628378,0022100172,2021-11-11,UTA vs. IND,L,33,11,20,0.55,3,7,0.429,1,1,1.0,0,5,5,4,3,0,0,3,26,-15,1,2021-22,Regular Season,1628378,Donovan Mitchell
22021,1628378,0022100185,2021-11-13,UTA vs. MIA,L,37,8,19,0.421,3,10,0.3,3,5,0.6,1,5,6,4,5,0,3,5,22,5,1,2021-22,Regular Season,1628378,Donovan Mitchell
22021,1628378,0022100211,2021-11-16,UTA vs. PHI,W,22,5,12,0.417,1,3,0.333,2,3,0.667,0,3,3,3,1,1,0,2,13,20,1,2021-22,Regular Season,1628378,Donovan Mitchell
22021,1628378,0022100229,2021-11-18,UTA vs. TOR,W,29,6,13,0.462,2,7,0.286,6,6,1.0,0,3,3,1,4,0,6,3,20,-2,1,2021-22,Regular Season,1628378,Donovan Mitchell
22021,1628378,0022100247,2021-11-20,UTA @ SAC,W,32,11,22,0.5,3,7,0.429,1,1,1.0,0,5,5,5,1,0,3,3,26,10,1,2021-22,Regular Season,1628378,Donovan Mitchell
22021,1628378,0022100261,2021-11-22,UTA vs. MEM,L,36,5,20,0.25,3,10,0.3,5,6,0.833,4,2,6,8,1,0,4,3,18,-11,1,2021-22,Regular Season,1628378,Donovan Mitchell
22021,1628378,0022100276,2021-11-24,UTA @ OKC,W,36,6,16,0.375,1,7,0.143,0,0,0.0,1,2,3,5,1,0,1,2,13,2,1,2021-22,Regular Season,1628378,Donovan Mitchell
22021,1628378,0022100289,2021-11-26,UTA vs. NOP,L,34,6,21,0.286,2,7,0.286,2,2,1.0,0,4,4,6,0,0,4,1,16,0,1,2021-22,Regular Season,1628378,Donovan Mitchell
22021,1628378,0022100299,2021-11-27,UTA vs. NOP,W,27,9,17,0.529,3,6,0.5,0,0,0.0,1,6,7,7,2,1,4,2,21,25,1,2021-22,Regular Season,1628378,Donovan Mitchell
22021,1628378,0022100312,2021-11-29,UTA vs. POR,W,32,12,20,0.6,3,8,0.375,3,3,1.0,0,2,2,5,4,0,1,2,30,11,1,2021-22,Regular Season,1628378,Donovan Mitchell
22021,1628378,0022100339,2021-12-03,UTA vs. BOS,W,33,12,22,0.545,6,14,0.429,4,4,1.0,0,1,1,6,0,0,2,2,34,12,1,2021-22,Regular Season,1628378,Donovan Mitchell
22021,1628378,0022100349,2021-12-05,UTA @ CLE,W,39,12,21,0.571,4,8,0.5,7,8,0.875,0,3,3,6,1,0,7,1,35,10,1,2021-22,Regular Season,1628378,Donovan Mitchell
22021,1628378,0022100374,2021-12-08,UTA @ MIN,W,34,14,23,0.609,5,12,0.417,3,3,1.0,1,4,5,2,0,1,4,2,36,18,1,2021-22,Regular Season,1628378,Donovan Mitchell
22021,1628378,0022100379,2021-12-09,UTA @ PHI,W,29,8,19,0.421,5,10,0.5,1,2,0.5,1,0,1,6,2,0,2,2,22,7,1,2021-22,Regular Season,1628378,Donovan Mitchell
22021,1628378,0022100392,2021-12-11,UTA @ WAS,W,32,10,20,0.5,4,9,0.444,4,4,1.0,0,0,0,4,2,0,3,2,28,16,1,2021-22,Regular Season,1628378,Donovan Mitchell
22021,1628378,0022100425,2021-12-15,UTA vs. LAC,W,32,10,15,0.667,2,7,0.286,5,6,0.833,0,0,0,6,2,0,3,2,27,29,1,2021-22,Regular Season,1628378,Donovan Mitchell
22021,1628378,0022100437,2021-12-17,UTA vs. SAS,L,31,10,23,0.435,3,11,0.273,4,4,1.0,1,4,5,4,2,1,2,3,27,-7,1,2021-22,Regular Season,1628378,Donovan Mitchell
22021,1628378,0022100447,2021-12-18,UTA vs. WAS,L,37,12,25,0.48,4,12,0.333,4,5,0.8,0,3,3,5,1,0,5,1,32,-2,1,2021-22,Regular Season,1628378,Donovan Mitchell
22021,1628378,0022100461,2021-12-20,UTA vs. CHA,W,34,7,20,0.35,2,10,0.2,5,8,0.625,2,4,6,6,0,0,2,1,21,13,1,2021-22,Regular Season,1628378,Donovan Mitchell
22021,1628378,0022100484,2021-12-23,UTA vs. MIN,W,38,10,20,0.5,4,11,0.364,4,4,1.0,0,5,5,7,0,1,3,2,28,9,1,2021-22,Regular Season,1628378,Donovan Mitchell
22021,1628378,0022100492,2021-12-25,UTA vs. DAL,W,35,11,26,0.423,1,7,0.143,10,11,0.909,3,0,3,3,3,0,3,3,33,-18,1,2021-22,Regular Season,1628378,Donovan Mitchell
22021,1628378,0022100537,2021-12-31,UTA vs. MIN,W,38,12,21,0.571,6,11,0.545,9,10,0.9,1,5,6,5,1,0,3,2,39,23,1,2021-22,Regular Season,1628378,Donovan Mitchell
22021,1628378,0022100544,2022-01-01,UTA vs. GSW,L,36,4,19,0.211,2,9,0.222,10,11,0.909,1,5,6,9,2,0,2,4,20,-2,1,2021-22,Regular Season,1628378,Donovan Mitchell
22021,1628378,0022100557,2022-01-03,UTA @ NOP,W,34,11,19,0.579,5,9,0.556,2,2,1.0,0,3,3,5,3,1,5,3,29,2,1,2021-22,Regular Season,1628378,Donovan Mitchell
22021,1628378,0022100575,2022-01-05,UTA @ DEN,W,36,8,22,0.364,1,9,0.111,0,0,0.0,1,1,2,3,1,0,2,1,17,-1,1,2021-22,Regular Season,1628378,Donovan Mitchell
22021,1628378,0022100594,2022-01-08,UTA @ IND,L,37,13,27,0.481,6,12,0.5,4,4,1.0,1,1,2,9,1,0,2,5,36,-3,1,2021-22,Regular Season,1628378,Donovan Mitchell
22021,1628378,0022100608,2022-01-10,UTA @ DET,L,37,11,25,0.44,3,8,0.375,6,7,0.857,0,3,3,4,2,0,4,5,31,-22,1,2021-22,Regular Season,1628378,Donovan Mitchell
22021,1628378,0022100624,2022-01-12,UTA vs. CLE,L,33,6,16,0.375,3,9,0.333,2,2,1.0,0,5,5,4,1,0,1,4,17,-14,1,2021-22,Regular Season,1628378,Donovan Mitchell
22021,1628378,0022100653,2022-01-16,UTA @ DEN,W,35,11,24,0.458,4,12,0.333,5,7,0.714,1,4,5,4,2,0,1,2,31,-4,1,2021-22,Regular Season,1628378,Donovan Mitchell
22021,1628378,0022100665,2022-01-17,UTA @ LAL,L,37,6,18,0.333,0,8,0.0,1,1,1.0,0,8,8,7,1,1,5,2,13,3,1,2021-22,Regular Season,1628378,Donovan Mitchell
22021,1628378,0022100793,2022-02-04,UTA vs. BKN,W,22,8,10,0.8,6,7,0.857,5,5,1.0,1,2,3,6,0,1,4,0,27,21,1,2021-22,Regular Season,1628378,Donovan Mitchell
22021,1628378,0022100814,2022-02-07,UTA vs. NYK,W,36,13,26,0.5,2,10,0.2,4,6,0.667,3,4,7,6,4,1,4,2,32,-2,1,2021-22,Regular Season,1628378,Donovan Mitchell
22021,1628378,0022100828,2022-02-09,UTA vs. GSW,W,33,5,14,0.357,4,10,0.4,0,0,0.0,1,9,10,8,0,1,1,2,14,17,1,2021-22,Regular Season,1628378,Donovan Mitchell
22021,1628378,0022100844,2022-02-11,UTA vs. ORL,W,35,6,19,0.316,3,11,0.273,9,10,0.9,3,4,7,1,3,0,4,3,24,21,1,2021-22,Regular Season,1628378,Donovan Mitchell
22021,1628378,0022100865,2022-02-14,UTA vs. HOU,W,32,9,15,0.6,5,9,0.556,7,8,0.875,0,6,6,7,0,0,2,3,30,17,1,2021-22,Regular Season,1628378,Donovan Mitchell
22021,1628378,0022100884,2022-02-16,UTA @ LAL,L,37,13,24,0.542,5,11,0.455,6,7,0.857,1,2,3,5,4,0,2,1,37,0,1,2021-22,Regular Season,1628378,Donovan Mitchell
22021,1628378,0022100903,2022-02-25,UTA vs. DAL,W,36,11,19,0.579,7,12,0.583,4,5,0.8,0,2,2,5,1,0,4,2,33,14,1,2021-22,Regular Season,1628378,Donovan Mitchell
22021,1628378,0022100913,2022-02-27,UTA @ PHX,W,37,8,20,0.4,6,11,0.545,4,5,0.8,0,2,2,5,2,0,2,2,26,-3,1,2021-22,Regular Season,1628378,Donovan Mitchell
22021,1628378,0022100935,2022-03-02,UTA @ HOU,W,40,13,27,0.481,4,14,0.286,7,11,0.636,1,1,2,10,3,0,6,4,37,10,1,2021-22,Regular Season,1628378,Donovan Mitchell
22021,1628378,0022100950,2022-03-04,UTA @ NOP,L,31,5,18,0.278,3,11,0.273,1,2,0.5,0,2,2,2,1,0,2,2,14,-23,1,2021-22,Regular Season,1628378,Donovan Mitchell
22021,1628378,0022100965,2022-03-06,UTA @ OKC,W,35,9,19,0.474,4,11,0.364,2,4,0.5,1,3,4,10,1,0,2,5,24,9,1,2021-22,Regular Season,1628378,Donovan Mitchell
22021,1628378,0022100972,2022-03-07,UTA @ DAL,L,35,5,19,0.263,2,9,0.222,5,7,0.714,0,4,4,9,1,0,3,4,17,-7,1,2021-22,Regular Season,1628378,Donovan Mitchell
22021,1628378,0022100990,2022-03-09,UTA vs. POR,W,24,6,12,0.5,4,10,0.4,0,0,0.0,0,4,4,6,1,0,2,2,16,43,1,2021-22,Regular Season,1628378,Donovan Mitchell
22021,1628378,0022101002,2022-03-11,UTA @ SAS,L,35,10,23,0.435,4,11,0.364,0,0,0.0,1,6,7,6,0,0,4,2,24,2,1,2021-22,Regular Season,1628378,Donovan Mitchell
22021,1628378,0022101010,2022-03-12,UTA vs. SAC,W,36,11,22,0.5,1,6,0.167,2,5,0.4,1,4,5,6,2,0,3,3,25,6,1,2021-22,Regular Season,1628378,Donovan Mitchell
22021,1628378,0022101027,2022-03-14,UTA vs. MIL,L,40,10,32,0.313,5,17,0.294,4,4,1.0,1,5,6,8,1,0,4,3,29,4,1,2021-22,Regular Season,1628378,Donovan Mitchell
22021,1628378,0022101041,2022-03-16,UTA vs. CHI,W,29,12,22,0.545,9,15,0.6,4,4,1.0,0,3,3,5,0,0,4,4,37,11,1,2021-22,Regular Season,1628378,Donovan Mitchell
22021,1628378,0022101067,2022-03-20,UTA @ NYK,W,37,11,21,0.524,7,12,0.583,7,7,1.0,1,7,8,6,1,0,3,2,36,8,1,2021-22,Regular Season,1628378,Donovan Mitchell
22021,1628378,0022101075,2022-03-21,UTA @ BKN,L,36,9,23,0.391,5,15,0.333,7,7,1.0,1,2,3,3,0,0,6,4,30,0,1,2021-22,Regular Season,1628378,Donovan Mitchell
22021,1628378,0022101087,2022-03-23,UTA @ BOS,L,35,13,24,0.542,3,12,0.25,8,8,1.0,1,5,6,1,2,0,2,2,37,-24,1,2021-22,Regular Season,1628378,Donovan Mitchell
22021,1628378,0022101100,2022-03-25,UTA @ CHA,L,36,10,21,0.476,4,11,0.364,2,2,1.0,1,2,3,7,1,0,6,2,26,-3,1,2021-22,Regular Season,1628378,Donovan Mitchell
22021,1628378,0022101121,2022-03-27,UTA @ DAL,L,32,4,13,0.308,1,4,0.25,3,3,1.0,0,5,5,4,1,0,2,1,12,-11,1,2021-22,Regular Season,1628378,Donovan Mitchell
22021,1628378,0022101135,2022-03-29,UTA @ LAC,L,36,12,21,0.571,0,4,0.0,9,12,0.75,1,1,2,6,1,0,6,2,33,-9,1,2021-22,Regular Season,1628378,Donovan Mitchell
22021,1628378,0022101150,2022-03-31,UTA vs. LAL,W,32,11,22,0.5,4,10,0.4,3,4,0.75,0,1,1,7,1,0,1,0,29,17,1,2021-22,Regular Season,1628378,Donovan Mitchell
22021,1628378,0022101165,2022-04-02,UTA @ GSW,L,33,8,19,0.421,4,10,0.4,6,7,0.857,0,3,3,3,2,0,1,2,26,-21,1,2021-22,Regular Season,1628378,Donovan Mitchell
22021,1628378,0022101187,2022-04-05,UTA vs. MEM,W,41,6,24,0.25,1,9,0.111,7,8,0.875,2,7,9,5,1,0,1,3,20,-6,1,2021-22,Regular Season,1628378,Donovan Mitchell
22021,1628378,0022101210,2022-04-08,UTA vs. PHX,L,35,7,21,0.333,1,4,0.25,3,3,1.0,1,6,7,5,1,0,1,1,18,-25,1,2021-22,Regular Season,1628378,Donovan Mitchell
42021,1628378,0042100171,2022-04-16,UTA @ DAL,W,42,10,29,0.345,2,6,0.333,10,11,0.909,2,4,6,6,1,1,3,3,32,10,1,2021-22,Playoffs,1628378,Donovan Mitchell
42021,1628378,0042100172,2022-04-18,UTA @ DAL,L,41,13,30,0.433,3,10,0.3,5,5,1.0,2,0,2,5,0,0,1,1,34,-14,1,2021-22,Playoffs,1628378,Donovan Mitchell
42021,1628378,0042100173,2022-04-21,UTA vs. DAL,L,39,10,21,0.476,1,8,0.125,11,12,0.917,0,2,2,6,0,1,2,4,32,4,1,2021-22,Playoffs,1628378,Donovan Mitchell
42021,1628378,0042100174,2022-04-23,UTA vs. DAL,W,38,7,21,0.333,2,10,0.2,7,9,0.778,1,5,6,7,2,0,1,3,23,-4,1,2021-22,Playoffs,1628378,Donovan Mitchell
42021,1628378,0042100175,2022-04-25,UTA @ DAL,L,32,4,15,0.267,0,7,0.0,1,1,1.0,0,2,2,1,1,0,4,1,9,-38,1,2021-22,Playoffs,1628378,Donovan Mitchell
42021,1628378,0042100176,2022-04-28,UTA vs. DAL,L,39,9,17,0.529,2,7,0.286,3,4,0.75,1,7,8,9,0,1,5,2,23,3,1,2021-22,Playoffs,1628378,Donovan Mitchell
22021,203944,0022100005,2021-10-20,NYK vs. BOS,W,46,12,27,0.444,3,8,0.375,8,8,1.0,0,8,8,9,0,3,7,4,35,10,1,2021-22,Regular Season,203944,Julius Randle
22021,203944,0022100018,2021-10-22,NYK @ ORL,W,30,9,16,0.563,2,6,0.333,1,2,0.5,0,10,10,7,2,0,4,3,21,24,1,2021-22,Regular Season,203944,Julius Randle
22021,203944,0022100036,2021-10-24,NYK vs. ORL,L,38,8,24,0.333,2,10,0.2,12,14,0.857,5,11,16,3,2,4,2,4,30,-1,1,2021-22,Regular Season,203944,Julius Randle
22021,203944,0022100050,2021-10-26,NYK vs. PHI,W,36,7,18,0.389,2,5,0.4,0,0,0.0,4,7,11,7,0,0,1,0,16,7,1,2021-22,Regular Season,203944,Julius Randle
22021,203944,0022100067,2021-10-28,NYK @ CHI,W,35,3,11,0.273,0,2,0.0,7,10,0.7,4,12,16,9,1,0,4,2,13,-4,1,2021-22,Regular Season,203944,Julius Randle
22021,203944,0022100080,2021-10-30,NYK @ NOP,W,38,4,9,0.444,2,2,1.0,0,0,0.0,0,6,6,4,0,0,2,2,10,2,1,2021-22,Regular Season,203944,Julius Randle
22021,203944,0022100099,2021-11-01,NYK vs. TOR,L,37,7,14,0.5,4,7,0.571,4,4,1.0,0,9,9,5,0,1,3,3,22,-15,1,2021-22,Regular Season,203944,Julius Randle
22021,203944,0022100109,2021-11-03,NYK @ IND,L,37,6,16,0.375,0,2,0.0,6,8,0.75,5,9,14,3,1,0,3,4,18,-14,1,2021-22,Regular Season,203944,Julius Randle
22021,203944,0022100128,2021-11-05,NYK @ MIL,W,33,11,22,0.5,3,9,0.333,7,10,0.7,5,7,12,4,0,2,3,4,32,13,1,2021-22,Regular Season,203944,Julius Randle
22021,203944,0022100140,2021-11-07,NYK vs. CLE,L,37,7,17,0.412,1,5,0.2,4,5,0.8,0,7,7,7,1,1,2,3,19,-22,1,2021-22,Regular Season,203944,Julius Randle
22021,203944,0022100147,2021-11-08,NYK @ PHI,W,36,12,25,0.48,5,10,0.5,2,2,1.0,2,10,12,3,1,0,3,2,31,-1,1,2021-22,Regular Season,203944,Julius Randle
22021,203944,0022100161,2021-11-10,NYK vs. MIL,L,27,6,15,0.4,3,7,0.429,1,2,0.5,0,5,5,1,0,1,2,0,16,-26,1,2021-22,Regular Season,203944,Julius Randle
22021,203944,0022100174,2021-11-12,NYK @ CHA,L,33,4,15,0.267,1,5,0.2,1,4,0.25,1,7,8,5,1,0,5,4,10,-18,1,2021-22,Regular Season,203944,Julius Randle
22021,203944,0022100203,2021-11-15,NYK vs. IND,W,35,5,15,0.333,1,6,0.167,0,1,0.0,1,10,11,5,0,1,5,1,11,-2,1,2021-22,Regular Season,203944,Julius Randle
22021,203944,0022100218,2021-11-17,NYK vs. ORL,L,32,4,11,0.364,4,10,0.4,1,2,0.5,0,5,5,3,1,0,3,5,13,-21,1,2021-22,Regular Season,203944,Julius Randle
22021,203944,0022100239,2021-11-20,NYK vs. HOU,W,33,4,15,0.267,2,6,0.333,6,8,0.75,2,8,10,9,0,0,2,2,16,2,1,2021-22,Regular Season,203944,Julius Randle
22021,203944,0022100250,2021-11-21,NYK @ CHI,L,39,13,19,0.684,1,2,0.5,7,8,0.875,3,7,10,3,0,0,5,4,34,6,1,2021-22,Regular Season,203944,Julius Randle
22021,203944,0022100264,2021-11-23,NYK vs. LAL,W,34,7,17,0.412,1,5,0.2,5,8,0.625,1,15,16,5,1,0,4,5,20,-2,1,2021-22,Regular Season,203944,Julius Randle
22021,203944,0022100282,2021-11-26,NYK vs. PHX,L,32,3,8,0.375,0,2,0.0,3,4,0.75,2,4,6,4,2,1,4,0,9,-7,1,2021-22,Regular Season,203944,Julius Randle
22021,203944,0022100293,2021-11-27,NYK @ ATL,W,32,3,14,0.214,0,3,0.0,2,2,1.0,3,8,11,4,0,0,1,2,8,2,1,2021-22,Regular Season,203944,Julius Randle
22021,203944,0022100314,2021-11-30,NYK @ BKN,L,40,11,22,0.5,0,2,0.0,2,2,1.0,0,9,9,8,2,0,3,4,24,-8,1,2021-22,Regular Season,203944,Julius Randle
22021,203944,0022100328,2021-12-02,NYK vs. CHI,L,39,14,21,0.667,0,0,0.0,2,5,0.4,4,8,12,6,0,2,7,5,30,-2,1,2021-22,Regular Season,203944,Julius Randle
22021,203944,0022100342,2021-12-04,NYK vs. DEN,L,35,9,18,0.5,2,7,0.286,4,5,0.8,2,5,7,8,0,0,1,1,24,-2,1,2021-22,Regular Season,203944,Julius Randle
22021,203944,0022100364,2021-12-07,NYK @ SAS,W,35,5,12,0.417,3,5,0.6,2,2,1.0,0,7,7,7,1,1,1,3,15,7,1,2021-22,Regular Season,203944,Julius Randle
22021,203944,0022100369,2021-12-08,NYK @ IND,L,31,6,18,0.333,2,6,0.333,4,4,1.0,1,7,8,2,2,1,5,3,18,-22,1,2021-22,Regular Season,203944,Julius Randle
22021,203944,0022100385,2021-12-10,NYK @ TOR,L,37,4,9,0.444,1,4,0.25,4,5,0.8,3,11,14,5,1,0,3,1,13,-10,1,2021-22,Regular Season,203944,Julius Randle
22021,203944,0022100398,2021-12-12,NYK vs. MIL,L,35,2,9,0.222,1,5,0.2,3,4,0.75,2,8,10,7,0,1,7,3,8,-17,1,2021-22,Regular Season,203944,Julius Randle
22021,203944,0022100414,2021-12-14,NYK vs. GSW,L,37,10,21,0.476,5,8,0.625,6,6,1.0,0,7,7,3,2,0,4,5,31,-9,1,2021-22,Regular Season,203944,Julius Randle
22021,203944,0022100431,2021-12-16,NYK @ HOU,W,32,6,18,0.333,3,8,0.375,6,6,1.0,1,5,6,6,1,0,3,4,21,-9,1,2021-22,Regular Season,203944,Julius Randle
22021,203944,0022100445,2021-12-18,NYK @ BOS,L,41,6,19,0.316,1,7,0.143,7,8,0.875,0,9,9,7,0,1,4,3,20,-4,1,2021-22,Regular Season,203944,Julius Randle
22021,203944,0022100466,2021-12-21,NYK vs. DET,W,38,8,18,0.444,1,6,0.167,4,5,0.8,1,10,11,3,1,0,6,5,21,13,1,2021-22,Regular Season,203944,Julius Randle
22021,203944,0022100480,2021-12-23,NYK vs. WAS,L,35,10,22,0.455,0,5,0.0,3,4,0.75,4,5,9,2,0,1,4,0,23,-4,1,2021-22,Regular Season,203944,Julius Randle
22021,203944,0022100488,2021-12-25,NYK vs. ATL,W,34,9,15,0.6,6,9,0.667,1,4,0.25,1,11,12,3,1,0,3,3,25,21,1,2021-22,Regular Season,203944,Julius Randle
22021,203944,0022100512,2021-12-28,NYK @ MIN,W,38,5,20,0.25,1,5,0.2,2,3,0.667,4,11,15,2,0,1,4,4,13,2,1,2021-22,Regular Season,203944,Julius Randle
22021,203944,0022100516,2021-12-29,NYK @ DET,W,26,2,11,0.182,0,3,0.0,1,1,1.0,3,7,10,5,2,0,3,2,5,-27,1,2021-22,Regular Season,203944,Julius Randle
22021,203944,0022100564,2022-01-04,NYK vs. IND,W,39,12,20,0.6,2,7,0.286,4,6,0.667,0,16,16,4,1,0,3,1,30,12,1,2021-22,Regular Season,203944,Julius Randle
22021,203944,0022100578,2022-01-06,NYK vs. BOS,W,38,8,20,0.4,2,8,0.25,4,6,0.667,2,6,8,2,2,0,0,1,22,14,1,2021-22,Regular Season,203944,Julius Randle
22021,203944,0022100595,2022-01-08,NYK @ BOS,L,37,6,19,0.316,1,8,0.125,0,0,0.0,2,10,12,6,1,0,6,3,13,-17,1,2021-22,Regular Season,203944,Julius Randle
22021,203944,0022100610,2022-01-10,NYK vs. SAS,W,34,1,7,0.143,0,3,0.0,0,0,0.0,1,11,12,3,0,1,3,3,2,16,1,2021-22,Regular Season,203944,Julius Randle
22021,203944,0022100622,2022-01-12,NYK vs. DAL,W,37,6,17,0.353,1,3,0.333,4,6,0.667,1,11,12,8,0,0,5,2,17,29,1,2021-22,Regular Season,203944,Julius Randle
22021,203944,0022100643,2022-01-15,NYK @ ATL,W,38,10,21,0.476,2,6,0.333,2,3,0.667,1,5,6,9,0,0,1,4,24,12,1,2021-22,Regular Season,203944,Julius Randle
22021,203944,0022100655,2022-01-17,NYK vs. CHA,L,31,6,16,0.375,3,7,0.429,3,4,0.75,4,6,10,3,0,1,1,3,18,-22,1,2021-22,Regular Season,203944,Julius Randle
22021,203944,0022100666,2022-01-18,NYK vs. MIN,L,39,6,15,0.4,0,4,0.0,9,11,0.818,2,7,9,9,2,4,3,4,21,9,1,2021-22,Regular Season,203944,Julius Randle
22021,203944,0022100681,2022-01-20,NYK vs. NOP,L,29,1,9,0.111,0,2,0.0,2,4,0.5,2,5,7,6,1,1,3,1,4,-26,1,2021-22,Regular Season,203944,Julius Randle
22021,203944,0022100698,2022-01-23,NYK vs. LAC,W,40,8,15,0.533,3,7,0.429,5,6,0.833,0,9,9,5,0,0,7,4,24,4,1,2021-22,Regular Season,203944,Julius Randle
22021,203944,0022100709,2022-01-24,NYK @ CLE,L,33,6,17,0.353,2,7,0.286,4,6,0.667,1,6,7,4,3,0,4,3,18,-22,1,2021-22,Regular Season,203944,Julius Randle
22021,203944,0022100727,2022-01-26,NYK @ MIA,L,27,5,12,0.417,0,3,0.0,1,1,1.0,1,5,6,4,0,0,4,2,11,-34,1,2021-22,Regular Season,203944,Julius Randle
22021,203944,0022100744,2022-01-28,NYK @ MIL,L,37,4,9,0.444,0,1,0.0,1,2,0.5,1,10,11,3,0,0,4,3,9,-11,1,2021-22,Regular Season,203944,Julius Randle
22021,203944,0022100763,2022-01-31,NYK vs. SAC,W,29,7,14,0.5,1,3,0.333,2,2,1.0,2,7,9,4,1,0,4,2,17,10,1,2021-22,Regular Season,203944,Julius Randle
22021,203944,0022100776,2022-02-02,NYK vs. MEM,L,37,7,18,0.389,1,6,0.167,3,5,0.6,4,8,12,9,1,0,2,5,18,-9,1,2021-22,Regular Season,203944,Julius Randle
22021,203944,0022100799,2022-02-05,NYK @ LAL,L,41,11,22,0.5,2,4,0.5,8,10,0.8,5,11,16,7,0,2,5,4,32,-9,1,2021-22,Regular Season,203944,Julius Randle
22021,203944,0022100814,2022-02-07,NYK @ UTA,L,38,10,20,0.5,2,5,0.4,8,12,0.667,2,4,6,5,1,0,5,2,30,-3,1,2021-22,Regular Season,203944,Julius Randle
22021,203944,0022100821,2022-02-08,NYK @ DEN,L,34,11,22,0.5,3,8,0.375,3,4,0.75,4,6,10,6,3,0,1,3,28,-8,1,2021-22,Regular Season,203944,Julius Randle
22021,203944,0022100837,2022-02-10,NYK @ GSW,W,37,10,23,0.435,0,3,0.0,8,12,0.667,2,14,16,7,0,1,2,0,28,4,1,2021-22,Regular Season,203944,Julius Randle
22021,203944,0022100845,2022-02-12,NYK @ POR,L,41,8,20,0.4,0,4,0.0,12,13,0.923,3,13,16,6,0,0,5,3,28,-4,1,2021-22,Regular Season,203944,Julius Randle
22021,203944,0022100860,2022-02-14,NYK vs. OKC,L,45,11,26,0.423,1,5,0.2,7,7,1.0,0,13,13,10,0,0,7,6,30,-2,1,2021-22,Regular Season,203944,Julius Randle
22021,203944,0022100877,2022-02-16,NYK vs. BKN,L,37,10,22,0.455,4,8,0.5,7,8,0.875,0,10,10,3,1,2,4,2,31,-9,1,2021-22,Regular Season,203944,Julius Randle
22021,203944,0022100900,2022-02-25,NYK vs. MIA,L,36,2,15,0.133,0,4,0.0,7,8,0.875,1,7,8,8,1,0,4,3,11,5,1,2021-22,Regular Season,203944,Julius Randle
22021,203944,0022100912,2022-02-27,NYK vs. PHI,L,38,4,13,0.308,1,4,0.25,7,12,0.583,4,6,10,7,0,0,3,4,16,-12,1,2021-22,Regular Season,203944,Julius Randle
22021,203944,0022100934,2022-03-02,NYK @ PHI,L,33,9,21,0.429,0,2,0.0,6,8,0.75,1,5,6,3,1,0,3,2,24,-19,1,2021-22,Regular Season,203944,Julius Randle
22021,203944,0022100953,2022-03-04,NYK @ PHX,L,28,9,18,0.5,1,2,0.5,6,6,1.0,0,7,7,4,1,0,4,2,25,8,1,2021-22,Regular Season,203944,Julius Randle
22021,203944,0022100966,2022-03-06,NYK @ LAC,W,29,4,16,0.25,0,1,0.0,2,3,0.667,0,8,8,4,0,0,3,1,10,-2,1,2021-22,Regular Season,203944,Julius Randle
22021,203944,0022100974,2022-03-07,NYK @ SAC,W,34,18,31,0.581,8,16,0.5,2,2,1.0,2,7,9,2,1,1,1,5,46,18,1,2021-22,Regular Season,203944,Julius Randle
22021,203944,0022100988,2022-03-09,NYK @ DAL,W,34,8,19,0.421,3,7,0.429,7,10,0.7,1,7,8,5,0,0,2,2,26,18,1,2021-22,Regular Season,203944,Julius Randle
22021,203944,0022101000,2022-03-11,NYK @ MEM,L,40,11,27,0.407,3,6,0.5,11,13,0.846,3,9,12,6,2,2,4,5,36,5,1,2021-22,Regular Season,203944,Julius Randle
22021,203944,0022101012,2022-03-13,NYK @ BKN,L,37,9,17,0.529,3,7,0.429,5,6,0.833,0,4,4,4,1,0,3,4,26,-3,1,2021-22,Regular Season,203944,Julius Randle
22021,203944,0022101037,2022-03-16,NYK vs. POR,W,34,5,18,0.278,0,5,0.0,10,12,0.833,1,8,9,7,1,1,2,2,20,24,1,2021-22,Regular Season,203944,Julius Randle
22021,203944,0022101050,2022-03-18,NYK vs. WAS,W,39,6,22,0.273,1,7,0.143,5,8,0.625,1,16,17,4,0,0,4,3,18,4,1,2021-22,Regular Season,203944,Julius Randle
22021,203944,0022101067,2022-03-20,NYK vs. UTA,L,35,6,21,0.286,1,6,0.167,0,0,0.0,3,8,11,3,0,0,2,2,13,-9,1,2021-22,Regular Season,203944,Julius Randle
22021,203944,0022101115,2022-03-27,NYK @ DET,W,31,7,18,0.389,2,5,0.4,4,8,0.5,3,4,7,5,2,0,2,1,20,-1,1,2021-22,Regular Season,203944,Julius Randle
22021,203944,0022101126,2022-03-28,NYK vs. CHI,W,28,1,9,0.111,0,4,0.0,3,6,0.5,1,12,13,4,0,1,3,3,5,7,1,2021-22,Regular Season,203944,Julius Randle
22021,203944,0022101140,2022-03-30,NYK vs. CHA,L,36,7,16,0.438,4,10,0.4,3,5,0.6,0,5,5,7,0,0,3,5,21,-4,1,2021-22,Regular Season,203944,Julius Randle
22021,1628389,0022100015,2021-10-21,MIA vs. MIL,W,23,9,13,0.692,0,0,0.0,2,5,0.4,4,9,13,1,1,0,3,3,20,30,1,2021-22,Regular Season,1628389,Bam Adebayo
22021,1628389,0022100028,2021-10-23,MIA @ IND,L,39,6,15,0.4,0,0,0.0,5,6,0.833,2,14,16,3,1,1,5,4,17,-7,1,2021-22,Regular Season,1628389,Bam Adebayo
22021,1628389,0022100045,2021-10-25,MIA vs. ORL,W,29,4,9,0.444,0,0,0.0,8,8,1.0,3,10,13,2,1,0,0,1,16,8,1,2021-22,Regular Season,1628389,Bam Adebayo
22021,1628389,0022100057,2021-10-27,MIA @ BKN,W,30,8,17,0.471,0,0,0.0,8,9,0.889,1,8,9,0,0,0,2,3,24,1,1,2021-22,Regular Season,1628389,Bam Adebayo
22021,1628389,0022100073,2021-10-29,MIA vs. CHA,W,36,10,16,0.625,0,0,0.0,6,6,1.0,4,15,19,2,2,1,5,2,26,18,1,2021-22,Regular Season,1628389,Bam Adebayo
22021,1628389,0022100104,2021-11-02,MIA @ DAL,W,33,8,18,0.444,0,0,0.0,6,7,0.857,3,10,13,1,0,2,2,3,22,12,1,2021-22,Regular Season,1628389,Bam Adebayo
22021,1628389,0022100121,2021-11-04,MIA vs. BOS,L,30,4,8,0.5,0,0,0.0,5,6,0.833,1,6,7,4,2,0,5,2,13,-12,1,2021-22,Regular Season,1628389,Bam Adebayo
22021,1628389,0022100134,2021-11-06,MIA vs. UTA,W,36,7,12,0.583,0,0,0.0,3,4,0.75,2,4,6,6,1,0,5,4,17,4,1,2021-22,Regular Season,1628389,Bam Adebayo
22021,1628389,0022100151,2021-11-08,MIA @ DEN,L,31,3,10,0.3,0,0,0.0,4,6,0.667,0,10,10,2,1,0,2,2,10,-17,1,2021-22,Regular Season,1628389,Bam Adebayo
22021,1628389,0022100170,2021-11-10,MIA @ LAL,L,34,9,20,0.45,0,0,0.0,10,11,0.909,2,8,10,4,6,0,4,6,28,3,1,2021-22,Regular Season,1628389,Bam Adebayo
22021,1628389,0022100173,2021-11-11,MIA @ LAC,L,40,12,18,0.667,0,0,0.0,6,8,0.75,4,7,11,0,1,1,2,3,30,-5,1,2021-22,Regular Season,1628389,Bam Adebayo
22021,1628389,0022100185,2021-11-13,MIA @ UTA,W,37,4,11,0.364,0,0,0.0,5,5,1.0,3,4,7,7,1,1,1,4,13,-1,1,2021-22,Regular Season,1628389,Bam Adebayo
22021,1628389,0022100225,2021-11-18,MIA vs. WAS,W,30,9,16,0.563,0,0,0.0,2,2,1.0,4,5,9,2,0,0,2,4,20,16,1,2021-22,Regular Season,1628389,Bam Adebayo
22021,1628389,0022100241,2021-11-20,MIA @ WAS,L,29,5,12,0.417,0,1,0.0,5,6,0.833,4,2,6,3,0,0,3,5,15,-6,1,2021-22,Regular Season,1628389,Bam Adebayo
22021,1628389,0022100263,2021-11-23,MIA @ DET,W,31,6,10,0.6,0,0,0.0,3,6,0.5,3,6,9,5,1,0,2,2,15,-6,1,2021-22,Regular Season,1628389,Bam Adebayo
22021,1628389,0022100274,2021-11-24,MIA @ MIN,L,36,7,10,0.7,0,0,0.0,4,11,0.364,2,3,5,3,1,0,4,4,18,-8,1,2021-22,Regular Season,1628389,Bam Adebayo
22021,1628389,0022100296,2021-11-27,MIA @ CHI,W,33,4,9,0.444,0,0,0.0,1,2,0.5,1,6,7,6,1,0,1,2,9,8,1,2021-22,Regular Season,1628389,Bam Adebayo
22021,1628389,0022100306,2021-11-29,MIA vs. DEN,L,35,11,19,0.579,0,0,0.0,2,4,0.5,6,7,13,6,0,0,5,5,24,-9,1,2021-22,Regular Season,1628389,Bam Adebayo
22021,1628389,0022100662,2022-01-17,MIA vs. TOR,W,32,4,12,0.333,0,0,0.0,6,7,0.857,3,6,9,2,1,1,2,1,14,6,1,2021-22,Regular Season,1628389,Bam Adebayo
22021,1628389,0022100672,2022-01-19,MIA vs. POR,W,32,8,12,0.667,0,0,0.0,4,7,0.571,2,9,11,4,5,3,3,2,20,-1,1,2021-22,Regular Season,1628389,Bam Adebayo
22021,1628389,0022100687,2022-01-21,MIA @ ATL,L,34,7,13,0.538,0,0,0.0,7,7,1.0,1,5,6,5,1,1,3,3,21,8,1,2021-22,Regular Season,1628389,Bam Adebayo
22021,1628389,0022100700,2022-01-23,MIA vs. LAL,W,33,6,10,0.6,0,0,0.0,2,2,1.0,1,7,8,5,1,1,5,6,14,8,1,2021-22,Regular Season,1628389,Bam Adebayo
22021,1628389,0022100727,2022-01-26,MIA vs. NYK,W,31,3,7,0.429,0,0,0.0,0,0,0.0,3,5,8,11,2,1,3,3,6,18,1,2021-22,Regular Season,1628389,Bam Adebayo
22021,1628389,0022100738,2022-01-28,MIA vs. LAC,W,36,7,14,0.5,0,0,0.0,6,7,0.857,2,10,12,4,1,0,3,1,20,11,1,2021-22,Regular Season,1628389,Bam Adebayo
22021,1628389,0022100748,2022-01-29,MIA vs. TOR,L,45,5,12,0.417,0,0,0.0,4,7,0.571,7,9,16,1,3,2,6,5,14,-8,1,2021-22,Regular Season,1628389,Bam Adebayo
22021,1628389,0022100762,2022-01-31,MIA @ BOS,L,32,5,11,0.455,0,0,0.0,2,3,0.667,2,3,5,5,3,1,2,4,12,-20,1,2021-22,Regular Season,1628389,Bam Adebayo
22021,1628389,0022100784,2022-02-01,MIA @ TOR,L,35,13,17,0.765,0,1,0.0,6,7,0.857,4,7,11,2,2,1,2,4,32,-2,1,2021-22,Regular Season,1628389,Bam Adebayo
22021,1628389,0022100521,2022-02-03,MIA @ SAS,W,31,7,13,0.538,0,1,0.0,4,6,0.667,2,9,11,3,4,0,1,4,18,26,1,2021-22,Regular Season,1628389,Bam Adebayo
22021,1628389,0022100797,2022-02-05,MIA @ CHA,W,28,7,21,0.333,0,0,0.0,6,7,0.857,3,9,12,3,3,2,3,1,20,17,1,2021-22,Regular Season,1628389,Bam Adebayo
22021,1628389,0022100811,2022-02-07,MIA @ WAS,W,24,7,11,0.636,0,0,0.0,7,8,0.875,1,6,7,4,1,0,3,3,21,10,1,2021-22,Regular Season,1628389,Bam Adebayo
22021,1628389,0022100833,2022-02-10,MIA @ NOP,W,36,13,21,0.619,0,0,0.0,3,4,0.75,6,4,10,1,3,0,1,1,29,25,1,2021-22,Regular Season,1628389,Bam Adebayo
22021,1628389,0022100851,2022-02-12,MIA vs. BKN,W,37,8,12,0.667,0,0,0.0,3,5,0.6,2,12,14,4,1,0,5,3,19,22,1,2021-22,Regular Season,1628389,Bam Adebayo
22021,1628389,0022100868,2022-02-15,MIA vs. DAL,L,33,10,19,0.526,0,0,0.0,1,2,0.5,4,8,12,3,0,2,1,4,21,0,1,2021-22,Regular Season,1628389,Bam Adebayo
22021,1628389,0022100885,2022-02-17,MIA @ CHA,W,44,5,12,0.417,0,1,0.0,5,10,0.5,5,8,13,5,0,3,3,2,15,19,1,2021-22,Regular Season,1628389,Bam Adebayo
22021,1628389,0022100900,2022-02-25,MIA @ NYK,W,35,5,10,0.5,0,1,0.0,6,8,0.75,2,14,16,4,1,4,1,1,16,5,1,2021-22,Regular Season,1628389,Bam Adebayo
22021,1628389,0022100908,2022-02-26,MIA vs. SAS,W,34,14,21,0.667,0,0,0.0,8,12,0.667,0,7,7,4,2,3,2,3,36,-3,1,2021-22,Regular Season,1628389,Bam Adebayo
22021,1628389,0022100922,2022-02-28,MIA vs. CHI,W,29,6,8,0.75,0,0,0.0,3,4,0.75,1,6,7,5,2,2,2,4,15,20,1,2021-22,Regular Season,1628389,Bam Adebayo
22021,1628389,0022100936,2022-03-02,MIA @ MIL,L,37,8,17,0.471,0,0,0.0,2,4,0.5,1,11,12,4,2,0,0,5,18,-3,1,2021-22,Regular Season,1628389,Bam Adebayo
22021,1628389,0022100941,2022-03-03,MIA @ BKN,W,33,12,15,0.8,0,0,0.0,6,8,0.75,0,11,11,6,2,0,4,5,30,12,1,2021-22,Regular Season,1628389,Bam Adebayo
22021,1628389,0022100956,2022-03-05,MIA vs. PHI,W,31,3,10,0.3,0,0,0.0,0,0,0.0,2,8,10,2,1,0,1,4,6,6,1,2021-22,Regular Season,1628389,Bam Adebayo
22021,1628389,0022100970,2022-03-07,MIA vs. HOU,W,30,8,15,0.533,0,0,0.0,2,2,1.0,3,7,10,1,0,1,2,4,18,11,1,2021-22,Regular Season,1628389,Bam Adebayo
22021,1628389,0022100983,2022-03-09,MIA vs. PHX,L,30,7,11,0.636,0,0,0.0,3,3,1.0,0,6,6,5,1,1,4,1,17,-6,1,2021-22,Regular Season,1628389,Bam Adebayo
22021,1628389,0022100998,2022-03-11,MIA vs. CLE,W,33,11,16,0.688,0,0,0.0,8,8,1.0,2,15,17,1,3,1,3,4,30,13,1,2021-22,Regular Season,1628389,Bam Adebayo
22021,1628389,0022101005,2022-03-12,MIA vs. MIN,L,33,7,12,0.583,0,0,0.0,5,9,0.556,2,10,12,4,3,0,4,2,19,0,1,2021-22,Regular Season,1628389,Bam Adebayo
22021,1628389,0022101031,2022-03-15,MIA vs. DET,W,24,4,8,0.5,0,0,0.0,8,10,0.8,0,8,8,3,0,0,2,4,16,25,1,2021-22,Regular Season,1628389,Bam Adebayo
22021,1628389,0022101052,2022-03-18,MIA vs. OKC,W,25,8,10,0.8,0,0,0.0,3,3,1.0,2,7,9,3,1,0,0,2,19,25,1,2021-22,Regular Season,1628389,Bam Adebayo
22021,1628389,0022101074,2022-03-21,MIA @ PHI,L,36,9,14,0.643,0,0,0.0,4,4,1.0,2,7,9,2,1,3,4,2,22,-1,1,2021-22,Regular Season,1628389,Bam Adebayo
22021,1628389,0022101088,2022-03-23,MIA vs. GSW,L,34,9,16,0.563,0,0,0.0,7,10,0.7,5,4,9,4,1,0,4,1,25,-10,1,2021-22,Regular Season,1628389,Bam Adebayo
22021,1628389,0022101103,2022-03-25,MIA vs. NYK,L,32,6,7,0.857,0,0,0.0,5,7,0.714,3,6,9,1,1,1,1,4,17,-14,1,2021-22,Regular Season,1628389,Bam Adebayo
22021,1628389,0022101111,2022-03-26,MIA vs. BKN,L,24,5,8,0.625,0,1,0.0,4,6,0.667,2,4,6,2,1,2,4,3,14,-21,1,2021-22,Regular Season,1628389,Bam Adebayo
22021,1628389,0022101125,2022-03-28,MIA vs. SAC,W,32,10,16,0.625,0,0,0.0,2,2,1.0,4,11,15,1,2,1,2,3,22,24,1,2021-22,Regular Season,1628389,Bam Adebayo
22021,1628389,0022101139,2022-03-30,MIA @ BOS,W,33,5,10,0.5,0,0,0.0,7,9,0.778,3,9,12,8,2,0,1,3,17,12,1,2021-22,Regular Season,1628389,Bam Adebayo
22021,1628389,0022101164,2022-04-02,MIA @ CHI,W,26,7,9,0.778,0,0,0.0,2,2,1.0,0,7,7,3,0,0,4,3,16,14,1,2021-22,Regular Season,1628389,Bam Adebayo
22021,1628389,0022101172,2022-04-03,MIA @ TOR,W,36,6,12,0.5,0,0,0.0,4,9,0.444,2,7,9,1,0,0,2,3,16,10,1,2021-22,Regular Season,1628389,Bam Adebayo
22021,1628389,0022101181,2022-04-05,MIA vs. CHA,W,31,7,10,0.7,0,0,0.0,8,9,0.889,2,7,9,3,1,1,1,2,22,9,1,2021-22,Regular Season,1628389,Bam Adebayo
22021,1628389,0022101207,2022-04-08,MIA vs. ATL,W,33,8,14,0.571,0,0,0.0,8,10,0.8,2,4,6,4,2,0,1,2,24,6,1,2021-22,Regular Season,1628389,Bam Adebayo
42021,1628389,0042100101,2022-04-17,MIA vs. ATL,W,28,1,5,0.2,0,0,0.0,4,4,1.0,0,6,6,5,1,1,4,2,6,27,1,2021-22,Playoffs,1628389,Bam Adebayo
42021,1628389,0042100102,2022-04-19,MIA vs. ATL,W,24,3,6,0.5,0,0,0.0,3,4,0.75,1,3,4,3,0,1,4,4,9,-1,1,2021-22,Playoffs,1628389,Bam Adebayo
42021,1628389,0042100103,2022-04-22,MIA @ ATL,L,35,5,9,0.556,0,0,0.0,3,3,1.0,2,9,11,5,3,0,3,2,13,11,1,2021-22,Playoffs,1628389,Bam Adebayo
42021,1628389,0042100104,2022-04-24,MIA @ ATL,W,30,6,11,0.545,0,0,0.0,2,3,0.667,4,4,8,1,0,0,1,4,14,8,1,2021-22,Playoffs,1628389,Bam Adebayo
42021,1628389,0042100105,2022-04-26,MIA vs. ATL,W,41,7,11,0.636,0,0,0.0,6,8,0.75,2,9,11,4,1,1,3,4,20,5,1,2021-22,Playoffs,1628389,Bam Adebayo
42021,1628389,0042100201,2022-05-02,MIA vs. PHI,W,34,8,10,0.8,0,0,0.0,8,8,1.0,3,9,12,4,2,1,3,2,24,26,1,2021-22,Playoffs,1628389,Bam Adebayo
42021,1628389,0042100202,2022-05-04,MIA vs. PHI,W,33,7,11,0.636,0,0,0.0,9,11,0.818,3,6,9,3,1,0,1,3,23,15,1,2021-22,Playoffs,1628389,Bam Adebayo
42021,1628389,0042100203,2022-05-06,MIA @ PHI,L,34,2,9,0.222,0,0,0.0,5,8,0.625,0,3,3,1,2,0,3,5,9,-22,1,2021-22,Playoffs,1628389,Bam Adebayo
42021,1628389,0042100204,2022-05-08,MIA @ PHI,L,33,9,12,0.75,0,0,0.0,3,3,1.0,1,6,7,4,0,0,1,4,21,-5,1,2021-22,Playoffs,1628389,Bam Adebayo
42021,1628389,0042100205,2022-05-10,MIA vs. PHI,W,28,4,7,0.571,0,0,0.0,4,7,0.571,1,5,6,0,1,2,0,1,12,22,1,2021-22,Playoffs,1628389,Bam Adebayo
42021,1628389,0042100206,2022-05-12,MIA @ PHI,W,34,5,5,1.0,0,0,0.0,0,0,0.0,1,7,8,0,2,1,3,2,10,20,1,2021-22,Playoffs,1628389,Bam Adebayo
42021,1628389,0042100301,2022-05-17,MIA vs. BOS,W,37,3,4,0.75,0,0,0.0,4,5,0.8,0,4,4,1,0,4,2,4,10,-5,1,2021-22,Playoffs,1628389,Bam Adebayo
42021,1628389,0042100302,2022-05-19,MIA vs. BOS,L,29,3,6,0.5,0,0,0.0,0,1,0.0,3,6,9,2,0,0,1,3,6,-5,1,2021-22,Playoffs,1628389,Bam Adebayo
42021,1628389,0042100303,2022-05-21,MIA @ BOS,W,42,15,22,0.682,0,1,0.0,1,1,1.0,2,8,10,6,4,1,1,3,31,17,1,2021-22,Playoffs,1628389,Bam Adebayo
42021,1628389,0042100304,2022-05-23,MIA @ BOS,L,28,3,5,0.6,0,0,0.0,3,5,0.6,1,5,6,2,0,0,3,4,9,-16,1,2021-22,Playoffs,1628389,Bam Adebayo
42021,1628389,0042100305,2022-05-25,MIA vs. BOS,L,38,8,15,0.533,0,0,0.0,2,2,1.0,6,4,10,1,0,1,1,3,18,-23,1,2021-22,Playoffs,1628389,Bam Adebayo
42021,1628389,0042100306,2022-05-27,MIA @ BOS,W,41,3,6,0.5,0,0,0.0,0,0,0.0,3,6,9,2,1,0,4,1,6,12,1,2021-22,Playoffs,1628389,Bam Adebayo
42021,1628389,0042100307,2022-05-29,MIA vs. BOS,L,46,12,21,0.571,0,0,0.0,1,3,0.333,4,7,11,4,0,0,0,4,25,-8,1,2021-22,Playoffs,1628389,Bam Adebayo
22021,1627759,0022100005,2021-10-20,BOS @ NYK,L,46,16,30,0.533,8,14,0.571,6,8,0.75,0,9,9,6,3,1,4,5,46,16,1,2021-22,Regular Season,1627759,Jaylen Brown
22021,1627759,0022100020,2021-10-22,BOS vs. TOR,L,28,3,13,0.231,0,7,0.0,3,4,0.75,0,4,4,0,0,0,5,2,9,3,1,2021-22,Regular Season,1627759,Jaylen Brown
22021,1627759,0022100041,2021-10-25,BOS @ CHA,W,38,12,20,0.6,3,7,0.429,3,4,0.75,3,6,9,3,3,1,3,3,30,12,1,2021-22,Regular Season,1627759,Jaylen Brown
22021,1627759,0022100056,2021-10-27,BOS vs. WAS,L,37,5,16,0.313,1,4,0.25,2,2,1.0,0,4,4,1,0,0,3,3,13,-8,1,2021-22,Regular Season,1627759,Jaylen Brown
22021,1627759,0022100078,2021-10-30,BOS @ WAS,L,47,14,24,0.583,0,5,0.0,6,7,0.857,0,6,6,2,1,1,3,3,34,-6,1,2021-22,Regular Season,1627759,Jaylen Brown
22021,1627759,0022100098,2021-11-01,BOS vs. CHI,L,34,10,18,0.556,5,8,0.625,3,4,0.75,0,7,7,3,1,0,1,3,28,1,1,2021-22,Regular Season,1627759,Jaylen Brown
22021,1627759,0022100110,2021-11-03,BOS @ ORL,W,32,10,17,0.588,3,8,0.375,5,7,0.714,0,5,5,3,1,0,2,4,28,16,1,2021-22,Regular Season,1627759,Jaylen Brown
22021,1627759,0022100121,2021-11-04,BOS @ MIA,W,29,5,14,0.357,3,5,0.6,4,5,0.8,0,5,5,2,1,1,2,2,17,12,1,2021-22,Regular Season,1627759,Jaylen Brown
22021,1627759,0022100256,2021-11-22,BOS vs. HOU,W,23,6,13,0.462,3,6,0.5,4,4,1.0,0,3,3,0,1,1,2,4,19,21,1,2021-22,Regular Season,1627759,Jaylen Brown
22021,1627759,0022100270,2021-11-24,BOS vs. BKN,L,24,5,15,0.333,0,8,0.0,3,3,1.0,1,4,5,0,2,0,2,2,13,-7,1,2021-22,Regular Season,1627759,Jaylen Brown
22021,1627759,0022100287,2021-11-26,BOS @ SAS,L,27,6,16,0.375,3,7,0.429,1,3,0.333,0,4,4,3,0,1,1,2,16,-2,1,2021-22,Regular Season,1627759,Jaylen Brown
22021,1627759,0022100302,2021-11-28,BOS @ TOR,W,27,6,11,0.545,1,2,0.5,3,4,0.75,2,1,3,3,1,0,2,1,16,-6,1,2021-22,Regular Season,1627759,Jaylen Brown
22021,1627759,0022100322,2021-12-01,BOS vs. PHI,W,33,3,11,0.273,1,4,0.25,2,4,0.5,0,4,4,3,0,0,1,1,9,5,1,2021-22,Regular Season,1627759,Jaylen Brown
22021,1627759,0022100408,2021-12-13,BOS vs. MIL,W,30,6,13,0.462,3,7,0.429,4,4,1.0,0,4,4,5,2,1,3,1,19,20,1,2021-22,Regular Season,1627759,Jaylen Brown
22021,1627759,0022100435,2021-12-17,BOS vs. GSW,L,33,8,16,0.5,4,7,0.571,0,2,0.0,2,7,9,2,1,0,5,4,20,-2,1,2021-22,Regular Season,1627759,Jaylen Brown
22021,1627759,0022100445,2021-12-18,BOS vs. NYK,W,32,8,21,0.381,5,13,0.385,2,4,0.5,1,3,4,5,2,0,4,1,23,3,1,2021-22,Regular Season,1627759,Jaylen Brown
22021,1627759,0022100457,2021-12-20,BOS vs. PHI,L,34,9,22,0.409,3,9,0.333,9,10,0.9,2,3,5,4,2,0,3,3,30,-8,1,2021-22,Regular Season,1627759,Jaylen Brown
22021,1627759,0022100471,2021-12-22,BOS vs. CLE,W,36,12,22,0.545,5,10,0.5,5,5,1.0,2,4,6,3,1,1,3,3,34,14,1,2021-22,Regular Season,1627759,Jaylen Brown
22021,1627759,0022100489,2021-12-25,BOS @ MIL,L,37,8,18,0.444,2,7,0.286,7,7,1.0,1,3,4,3,2,1,3,4,25,-15,1,2021-22,Regular Season,1627759,Jaylen Brown
22021,1627759,0022100503,2021-12-27,BOS @ MIN,L,39,8,24,0.333,2,8,0.25,8,13,0.615,3,7,10,4,0,1,6,3,26,11,1,2021-22,Regular Season,1627759,Jaylen Brown
22021,1627759,0022100518,2021-12-29,BOS vs. LAC,L,40,13,36,0.361,1,13,0.077,3,5,0.6,2,6,8,0,2,0,3,3,30,-2,1,2021-22,Regular Season,1627759,Jaylen Brown
22021,1627759,0022100529,2021-12-31,BOS vs. PHX,W,36,8,20,0.4,3,9,0.333,5,6,0.833,1,10,11,3,0,0,6,4,24,6,1,2021-22,Regular Season,1627759,Jaylen Brown
22021,1627759,0022100546,2022-01-02,BOS vs. ORL,W,46,19,29,0.655,5,10,0.5,7,8,0.875,0,11,11,4,1,2,7,4,50,10,1,2021-22,Regular Season,1627759,Jaylen Brown
22021,1627759,0022100570,2022-01-05,BOS vs. SAS,L,35,12,25,0.48,4,8,0.5,2,3,0.667,0,6,6,1,2,1,3,1,30,-2,1,2021-22,Regular Season,1627759,Jaylen Brown
22021,1627759,0022100578,2022-01-06,BOS @ NYK,L,34,6,14,0.429,2,8,0.25,2,2,1.0,0,7,7,1,0,0,3,2,16,-2,1,2021-22,Regular Season,1627759,Jaylen Brown
22021,1627759,0022100595,2022-01-08,BOS vs. NYK,W,35,9,15,0.6,2,4,0.5,2,3,0.667,2,9,11,11,2,0,3,1,22,23,1,2021-22,Regular Season,1627759,Jaylen Brown
22021,1627759,0022100609,2022-01-10,BOS vs. IND,W,44,11,26,0.423,3,6,0.5,1,2,0.5,2,13,15,6,0,1,0,3,26,1,1,2021-22,Regular Season,1627759,Jaylen Brown
22021,1627759,0022100618,2022-01-12,BOS @ IND,W,35,11,19,0.579,7,11,0.636,5,5,1.0,0,5,5,3,0,0,3,4,34,14,1,2021-22,Regular Season,1627759,Jaylen Brown
22021,1627759,0022100635,2022-01-14,BOS @ PHI,L,32,7,18,0.389,2,9,0.222,5,6,0.833,0,2,2,1,0,0,5,4,21,-11,1,2021-22,Regular Season,1627759,Jaylen Brown
22021,1627759,0022100647,2022-01-15,BOS vs. CHI,W,36,8,19,0.421,0,5,0.0,3,4,0.75,2,5,7,4,4,0,1,2,19,0,1,2021-22,Regular Season,1627759,Jaylen Brown
22021,1627759,0022100654,2022-01-17,BOS vs. NOP,W,35,8,17,0.471,3,7,0.429,4,4,1.0,0,8,8,2,0,0,2,3,23,4,1,2021-22,Regular Season,1627759,Jaylen Brown
22021,1627759,0022100671,2022-01-19,BOS vs. CHA,L,38,9,20,0.45,2,11,0.182,1,2,0.5,0,6,6,6,2,0,3,1,21,-9,1,2021-22,Regular Season,1627759,Jaylen Brown
22021,1627759,0022100688,2022-01-21,BOS vs. POR,L,35,7,20,0.35,2,7,0.286,6,6,1.0,0,5,5,5,0,0,1,2,22,-10,1,2021-22,Regular Season,1627759,Jaylen Brown
22021,1627759,0022100699,2022-01-23,BOS @ WAS,W,31,5,18,0.278,4,9,0.444,4,6,0.667,2,8,10,1,1,0,2,3,18,13,1,2021-22,Regular Season,1627759,Jaylen Brown
22021,1627759,0022100717,2022-01-25,BOS vs. SAC,W,24,11,19,0.579,5,12,0.417,3,3,1.0,0,10,10,3,0,0,0,3,30,35,1,2021-22,Regular Season,1627759,Jaylen Brown
22021,1627759,0022100737,2022-01-28,BOS @ ATL,L,35,9,22,0.409,2,9,0.222,6,7,0.857,2,10,12,3,0,0,7,5,26,-9,1,2021-22,Regular Season,1627759,Jaylen Brown
22021,1627759,0022100745,2022-01-29,BOS @ NOP,W,35,11,20,0.55,4,9,0.444,5,7,0.714,0,2,2,3,1,0,1,1,31,17,1,2021-22,Regular Season,1627759,Jaylen Brown
22021,1627759,0022100762,2022-01-31,BOS vs. MIA,W,32,11,19,0.579,3,9,0.333,4,4,1.0,1,3,4,2,2,0,0,2,29,28,1,2021-22,Regular Season,1627759,Jaylen Brown
22021,1627759,0022100775,2022-02-02,BOS vs. CHA,W,38,7,15,0.467,0,3,0.0,1,2,0.5,1,5,6,6,1,0,7,3,15,-4,1,2021-22,Regular Season,1627759,Jaylen Brown
22021,1627759,0022100788,2022-02-04,BOS @ DET,W,34,5,15,0.333,1,4,0.25,2,5,0.4,1,6,7,2,0,1,3,2,13,12,1,2021-22,Regular Season,1627759,Jaylen Brown
22021,1627759,0022100806,2022-02-06,BOS @ ORL,W,29,10,22,0.455,1,9,0.111,5,5,1.0,1,4,5,3,3,0,2,2,26,15,1,2021-22,Regular Season,1627759,Jaylen Brown
22021,1627759,0022100817,2022-02-08,BOS @ BKN,W,28,9,12,0.75,1,3,0.333,3,4,0.75,0,7,7,9,0,0,3,0,22,40,1,2021-22,Regular Season,1627759,Jaylen Brown
22021,1627759,0022100842,2022-02-11,BOS vs. DEN,W,39,4,17,0.235,0,6,0.0,4,7,0.571,0,7,7,4,2,0,2,2,12,-1,1,2021-22,Regular Season,1627759,Jaylen Brown
22021,1627759,0022100856,2022-02-13,BOS vs. ATL,W,38,6,16,0.375,2,6,0.333,3,4,0.75,2,7,9,3,1,0,4,1,17,5,1,2021-22,Regular Season,1627759,Jaylen Brown
22021,1627759,0022100869,2022-02-15,BOS @ PHI,W,29,10,17,0.588,5,7,0.714,4,6,0.667,1,7,8,3,0,0,2,0,29,32,1,2021-22,Regular Season,1627759,Jaylen Brown
22021,1627759,0022100875,2022-02-16,BOS vs. DET,L,38,12,21,0.571,3,6,0.5,4,5,0.8,0,2,2,6,1,0,2,3,31,-4,1,2021-22,Regular Season,1627759,Jaylen Brown
22021,1627759,0022100890,2022-02-24,BOS @ BKN,W,30,6,12,0.5,1,5,0.2,5,8,0.625,0,1,1,6,1,1,1,3,18,16,1,2021-22,Regular Season,1627759,Jaylen Brown
22021,1627759,0022100905,2022-02-26,BOS @ DET,W,36,10,24,0.417,1,6,0.167,6,6,1.0,1,2,3,0,0,0,3,4,27,11,1,2021-22,Regular Season,1627759,Jaylen Brown
22021,1627759,0022100914,2022-02-27,BOS @ IND,L,35,10,16,0.625,2,5,0.4,1,4,0.25,0,4,4,8,1,0,2,2,23,-13,1,2021-22,Regular Season,1627759,Jaylen Brown
22021,1627759,0022100927,2022-03-01,BOS vs. ATL,W,3,1,1,1.0,0,0,0.0,0,0,0.0,0,1,1,1,0,0,2,1,2,4,1,2021-22,Regular Season,1627759,Jaylen Brown
22021,1627759,0022100960,2022-03-06,BOS vs. BKN,W,35,8,17,0.471,3,6,0.5,2,2,1.0,1,3,4,5,3,0,1,1,21,-3,1,2021-22,Regular Season,1627759,Jaylen Brown
22021,1627759,0022100981,2022-03-09,BOS @ CHA,W,36,6,16,0.375,1,8,0.125,2,5,0.4,2,3,5,5,0,0,4,2,15,1,1,2021-22,Regular Season,1627759,Jaylen Brown
22021,1627759,0022100997,2022-03-11,BOS vs. DET,W,34,8,22,0.364,1,8,0.125,5,7,0.714,2,6,8,4,1,0,3,3,22,18,1,2021-22,Regular Season,1627759,Jaylen Brown
22021,1627759,0022101014,2022-03-13,BOS vs. DAL,L,35,6,16,0.375,2,7,0.286,0,0,0.0,1,4,5,4,1,0,3,2,14,-3,1,2021-22,Regular Season,1627759,Jaylen Brown
22021,1627759,0022101042,2022-03-16,BOS @ GSW,W,35,9,21,0.429,2,8,0.25,6,7,0.857,2,5,7,3,0,0,2,1,26,26,1,2021-22,Regular Season,1627759,Jaylen Brown
22021,1627759,0022101057,2022-03-18,BOS @ SAC,W,28,11,18,0.611,3,5,0.6,5,8,0.625,1,2,3,0,2,0,2,2,30,-5,1,2021-22,Regular Season,1627759,Jaylen Brown
22021,1627759,0022101068,2022-03-20,BOS @ DEN,W,34,12,19,0.632,3,6,0.5,3,3,1.0,0,6,6,0,1,0,1,2,30,27,1,2021-22,Regular Season,1627759,Jaylen Brown
22021,1627759,0022101078,2022-03-21,BOS @ OKC,W,39,10,19,0.526,2,5,0.4,3,6,0.5,0,3,3,1,2,0,2,2,25,1,1,2021-22,Regular Season,1627759,Jaylen Brown
22021,1627759,0022101087,2022-03-23,BOS vs. UTA,W,32,10,17,0.588,3,6,0.5,3,4,0.75,1,2,3,5,0,0,2,3,26,20,1,2021-22,Regular Season,1627759,Jaylen Brown
22021,1627759,0022101116,2022-03-27,BOS vs. MIN,W,35,12,20,0.6,3,5,0.6,4,4,1.0,1,9,10,2,0,0,1,0,31,6,1,2021-22,Regular Season,1627759,Jaylen Brown
22021,1627759,0022101139,2022-03-30,BOS vs. MIA,L,37,9,22,0.409,5,9,0.556,5,6,0.833,1,9,10,6,0,0,3,3,28,-11,1,2021-22,Regular Season,1627759,Jaylen Brown
22021,1627759,0022101153,2022-04-01,BOS vs. IND,W,35,12,18,0.667,2,5,0.4,6,6,1.0,1,2,3,7,2,0,5,5,32,6,1,2021-22,Regular Season,1627759,Jaylen Brown
22021,1627759,0022101166,2022-04-03,BOS vs. WAS,W,29,12,17,0.706,4,5,0.8,4,4,1.0,0,7,7,5,2,0,0,1,32,36,1,2021-22,Regular Season,1627759,Jaylen Brown
22021,1627759,0022101193,2022-04-06,BOS @ CHI,W,35,10,21,0.476,2,4,0.5,3,6,0.5,1,6,7,4,4,1,1,2,25,22,1,2021-22,Regular Season,1627759,Jaylen Brown
22021,1627759,0022101198,2022-04-07,BOS @ MIL,L,37,8,20,0.4,2,8,0.25,4,7,0.571,1,9,10,11,1,1,4,5,22,3,1,2021-22,Regular Season,1627759,Jaylen Brown
22021,1627759,0022101223,2022-04-10,BOS @ MEM,W,23,8,16,0.5,2,7,0.286,0,0,0.0,0,3,3,4,0,0,3,4,18,11,1,2021-22,Regular Season,1627759,Jaylen Brown
42021,1627759,0042100111,2022-04-17,BOS vs. BKN,W,40,9,19,0.474,1,4,0.25,4,6,0.667,1,4,5,3,4,2,2,4,23,10,1,2021-22,Playoffs,1627759,Jaylen Brown
42021,1627759,0042100112,2022-04-20,BOS vs. BKN,W,39,9,18,0.5,2,6,0.333,2,3,0.667,0,4,4,6,3,0,4,2,22,1,1,2021-22,Playoffs,1627759,Jaylen Brown
42021,1627759,0042100113,2022-04-23,BOS @ BKN,W,38,9,16,0.563,1,4,0.25,4,4,1.0,1,3,4,5,2,0,3,1,23,3,1,2021-22,Playoffs,1627759,Jaylen Brown
42021,1627759,0042100114,2022-04-25,BOS @ BKN,W,38,9,20,0.45,0,5,0.0,4,5,0.8,0,8,8,3,1,0,1,1,22,4,1,2021-22,Playoffs,1627759,Jaylen Brown
42021,1627759,0042100211,2022-05-01,BOS vs. MIL,L,38,4,13,0.308,3,9,0.333,1,2,0.5,2,7,9,4,2,0,7,4,12,-12,1,2021-22,Playoffs,1627759,Jaylen Brown
42021,1627759,0042100212,2022-05-03,BOS vs. MIL,W,38,11,18,0.611,6,10,0.6,2,2,1.0,2,4,6,6,2,1,2,1,30,16,1,2021-22,Playoffs,1627759,Jaylen Brown
42021,1627759,0042100213,2022-05-07,BOS @ MIL,L,40,8,16,0.5,1,5,0.2,10,11,0.909,0,12,12,4,0,1,4,3,27,-4,1,2021-22,Playoffs,1627759,Jaylen Brown
42021,1627759,0042100214,2022-05-09,BOS @ MIL,W,32,5,11,0.455,2,5,0.4,6,6,1.0,0,3,3,1,1,0,2,5,18,5,1,2021-22,Playoffs,1627759,Jaylen Brown
42021,1627759,0042100215,2022-05-11,BOS vs. MIL,L,35,9,19,0.474,3,7,0.429,5,6,0.833,2,6,8,6,0,1,2,3,26,-7,1,2021-22,Playoffs,1627759,Jaylen Brown
42021,1627759,0042100216,2022-05-13,BOS @ MIL,W,41,7,16,0.438,4,7,0.571,4,7,0.571,2,3,5,4,0,1,2,2,22,2,1,2021-22,Playoffs,1627759,Jaylen Brown
42021,1627759,0042100217,2022-05-15,BOS vs. MIL,W,37,8,16,0.5,2,5,0.4,1,4,0.25,1,7,8,0,2,0,2,2,19,15,1,2021-22,Playoffs,1627759,Jaylen Brown
42021,1627759,0042100301,2022-05-17,BOS @ MIA,L,43,7,17,0.412,4,8,0.5,6,10,0.6,2,8,10,3,1,0,2,3,24,-10,1,2021-22,Playoffs,1627759,Jaylen Brown
42021,1627759,0042100302,2022-05-19,BOS @ MIA,W,33,9,17,0.529,4,7,0.571,2,2,1.0,2,6,8,3,0,0,1,4,24,13,1,2021-22,Playoffs,1627759,Jaylen Brown
42021,1627759,0042100303,2022-05-21,BOS vs. MIA,L,42,14,20,0.7,3,9,0.333,9,12,0.75,2,7,9,1,1,1,7,2,40,-6,1,2021-22,Playoffs,1627759,Jaylen Brown
42021,1627759,0042100304,2022-05-23,BOS vs. MIA,W,29,5,20,0.25,1,6,0.167,1,2,0.5,2,5,7,2,0,0,1,5,12,23,1,2021-22,Playoffs,1627759,Jaylen Brown
42021,1627759,0042100305,2022-05-25,BOS @ MIA,W,40,10,19,0.526,5,9,0.556,0,1,0.0,0,4,4,1,1,1,4,3,25,20,1,2021-22,Playoffs,1627759,Jaylen Brown
42021,1627759,0042100306,2022-05-27,BOS vs. MIA,L,41,6,13,0.462,1,3,0.333,7,9,0.778,2,4,6,5,2,0,4,6,20,-9,1,2021-22,Playoffs,1627759,Jaylen Brown
42021,1627759,0042100307,2022-05-29,BOS @ MIA,W,44,8,15,0.533,1,5,0.2,7,8,0.875,1,5,6,6,0,0,4,5,24,8,1,2021-22,Playoffs,1627759,Jaylen Brown
42021,1627759,0042100401,2022-06-02,BOS @ GSW,W,38,10,23,0.435,2,8,0.25,2,2,1.0,2,5,7,5,2,1,4,1,24,22,1,2021-22,Playoffs,1627759,Jaylen Brown
42021,1627759,0042100402,2022-06-05,BOS @ GSW,L,28,5,17,0.294,3,9,0.333,4,5,0.8,0,6,6,3,0,0,2,3,17,-10,1,2021-22,Playoffs,1627759,Jaylen Brown
42021,1627759,0042100403,2022-06-08,BOS vs. GSW,W,40,9,16,0.563,4,8,0.5,5,6,0.833,3,6,9,5,0,1,2,2,27,7,1,2021-22,Playoffs,1627759,Jaylen Brown
42021,1627759,0042100404,2022-06-10,BOS vs. GSW,L,40,9,19,0.474,2,6,0.333,1,2,0.5,2,4,6,2,1,0,2,5,21,0,1,2021-22,Playoffs,1627759,Jaylen Brown
42021,1627759,0042100405,2022-06-13,BOS @ GSW,L,44,5,18,0.278,0,5,0.0,8,10,0.8,3,6,9,4,1,0,5,2,18,-19,1,2021-22,Playoffs,1627759,Jaylen Brown
42021,1627759,0042100406,2022-06-16,BOS vs. GSW,L,44,12,23,0.522,5,11,0.455,5,6,0.833,1,6,7,3,1,0,5,2,34,1,1,2021-22,Playoffs,1627759,Jaylen Brown
22021,1626157,0022100008,2021-10-20,MIN vs. HOU,W,29,11,15,0.733,3,4,0.75,5,5,1.0,5,5,10,2,2,2,3,3,30,34,1,2021-22,Regular Season,1626157,Karl-Anthony Towns
22021,1626157,0022100031,2021-10-23,MIN vs. NOP,W,29,10,20,0.5,3,6,0.5,2,2,1.0,1,3,4,2,0,3,5,6,25,5,1,2021-22,Regular Season,1626157,Karl-Anthony Towns
22021,1626157,0022100047,2021-10-25,MIN vs. NOP,L,40,10,24,0.417,4,10,0.4,8,8,1.0,6,8,14,7,2,2,3,3,32,7,1,2021-22,Regular Season,1626157,Karl-Anthony Towns
22021,1626157,0022100060,2021-10-27,MIN @ MIL,W,38,9,13,0.692,3,5,0.6,4,5,0.8,1,2,3,5,1,3,7,1,25,7,1,2021-22,Regular Season,1626157,Karl-Anthony Towns
22021,1626157,0022100087,2021-10-30,MIN vs. DEN,L,34,4,11,0.364,2,5,0.4,4,4,1.0,3,5,8,3,1,0,5,4,14,-23,1,2021-22,Regular Season,1626157,Karl-Anthony Towns
22021,1626157,0022100101,2021-11-01,MIN vs. ORL,L,37,8,17,0.471,4,8,0.5,3,7,0.429,6,10,16,6,2,0,2,3,23,-24,1,2021-22,Regular Season,1626157,Karl-Anthony Towns
22021,1626157,0022100115,2021-11-03,MIN vs. LAC,L,36,6,16,0.375,3,8,0.375,3,3,1.0,3,8,11,3,4,0,3,3,18,-12,1,2021-22,Regular Season,1626157,Karl-Anthony Towns
22021,1626157,0022100129,2021-11-05,MIN vs. LAC,L,32,7,11,0.636,3,5,0.6,3,3,1.0,1,7,8,0,1,0,6,5,20,-28,1,2021-22,Regular Season,1626157,Karl-Anthony Towns
22021,1626157,0022100149,2021-11-08,MIN @ MEM,L,43,9,20,0.45,3,9,0.333,4,5,0.8,7,5,12,3,1,2,5,3,25,-3,1,2021-22,Regular Season,1626157,Karl-Anthony Towns
22021,1626157,0022100169,2021-11-10,MIN @ GSW,L,38,6,19,0.316,5,10,0.5,0,0,0.0,4,7,11,4,2,0,0,4,17,2,1,2021-22,Regular Season,1626157,Karl-Anthony Towns
22021,1626157,0022100184,2021-11-12,MIN @ LAL,W,30,11,17,0.647,4,8,0.5,3,3,1.0,2,5,7,2,2,1,0,3,29,19,1,2021-22,Regular Season,1626157,Karl-Anthony Towns
22021,1626157,0022100191,2021-11-13,MIN @ LAC,L,31,3,11,0.273,0,5,0.0,2,3,0.667,1,7,8,4,2,1,0,1,8,-11,1,2021-22,Regular Season,1626157,Karl-Anthony Towns
22021,1626157,0022100206,2021-11-15,MIN vs. PHX,L,40,10,19,0.526,5,9,0.556,10,11,0.909,2,11,13,2,1,0,7,5,35,-3,1,2021-22,Regular Season,1626157,Karl-Anthony Towns
22021,1626157,0022100220,2021-11-17,MIN vs. SAC,W,37,9,12,0.75,1,4,0.25,3,3,1.0,1,5,6,4,0,2,6,4,22,22,1,2021-22,Regular Season,1626157,Karl-Anthony Towns
22021,1626157,0022100227,2021-11-18,MIN vs. SAS,W,38,9,16,0.563,3,4,0.75,4,6,0.667,0,12,12,5,0,1,2,1,25,21,1,2021-22,Regular Season,1626157,Karl-Anthony Towns
22021,1626157,0022100245,2021-11-20,MIN vs. MEM,W,24,8,15,0.533,1,2,0.5,4,5,0.8,2,3,5,2,1,1,1,4,21,28,1,2021-22,Regular Season,1626157,Karl-Anthony Towns
22021,1626157,0022100259,2021-11-22,MIN @ NOP,W,35,10,21,0.476,2,6,0.333,6,8,0.75,5,5,10,2,1,1,3,4,28,24,1,2021-22,Regular Season,1626157,Karl-Anthony Towns
22021,1626157,0022100274,2021-11-24,MIN vs. MIA,W,29,4,12,0.333,1,5,0.2,2,2,1.0,2,4,6,4,0,2,2,4,11,21,1,2021-22,Regular Season,1626157,Karl-Anthony Towns
22021,1626157,0022100281,2021-11-26,MIN @ CHA,L,31,9,18,0.5,1,3,0.333,6,7,0.857,2,5,7,6,1,0,3,3,25,-12,1,2021-22,Regular Season,1626157,Karl-Anthony Towns
22021,1626157,0022100292,2021-11-27,MIN @ PHI,W,37,11,16,0.688,3,5,0.6,3,6,0.5,2,8,10,0,0,1,3,6,28,-2,1,2021-22,Regular Season,1626157,Karl-Anthony Towns
22021,1626157,0022100309,2021-11-29,MIN vs. IND,W,32,13,22,0.591,1,4,0.25,5,8,0.625,2,6,8,2,0,0,9,6,32,-13,1,2021-22,Regular Season,1626157,Karl-Anthony Towns
22021,1626157,0022100321,2021-12-01,MIN @ WAS,L,33,11,25,0.44,2,4,0.5,10,11,0.909,5,5,10,1,1,1,3,3,34,-1,1,2021-22,Regular Season,1626157,Karl-Anthony Towns
22021,1626157,0022100359,2021-12-06,MIN vs. ATL,L,41,11,24,0.458,4,6,0.667,5,7,0.714,4,12,16,6,0,1,0,5,31,-5,1,2021-22,Regular Season,1626157,Karl-Anthony Towns
22021,1626157,0022100374,2021-12-08,MIN vs. UTA,L,34,7,11,0.636,2,4,0.5,6,8,0.75,2,5,7,5,0,1,4,3,22,-15,1,2021-22,Regular Season,1626157,Karl-Anthony Towns
22021,1626157,0022100387,2021-12-10,MIN vs. CLE,L,30,8,19,0.421,0,7,0.0,5,6,0.833,3,4,7,2,1,3,5,4,21,-21,1,2021-22,Regular Season,1626157,Karl-Anthony Towns
22021,1626157,0022100402,2021-12-12,MIN @ POR,W,35,7,17,0.412,0,3,0.0,9,10,0.9,5,5,10,4,0,0,5,4,23,19,1,2021-22,Regular Season,1626157,Karl-Anthony Towns
22021,1626157,0022100424,2021-12-15,MIN @ DEN,W,36,12,18,0.667,3,7,0.429,5,5,1.0,0,4,4,4,3,1,2,4,32,18,1,2021-22,Regular Season,1626157,Karl-Anthony Towns
22021,1626157,0022100436,2021-12-17,MIN vs. LAL,W,32,11,20,0.55,2,6,0.333,4,5,0.8,3,7,10,4,1,3,2,4,28,23,1,2021-22,Regular Season,1626157,Karl-Anthony Towns
22021,1626157,0022100455,2021-12-19,MIN vs. DAL,W,34,6,15,0.4,1,3,0.333,11,13,0.846,3,4,7,6,1,0,4,5,24,6,1,2021-22,Regular Season,1626157,Karl-Anthony Towns
22021,1626157,0022100468,2021-12-21,MIN @ DAL,L,38,9,14,0.643,3,4,0.75,5,5,1.0,2,12,14,7,0,2,5,3,26,-15,1,2021-22,Regular Season,1626157,Karl-Anthony Towns
22021,1626157,0022100574,2022-01-05,MIN vs. OKC,W,37,6,14,0.429,1,4,0.25,4,5,0.8,6,10,16,3,1,2,6,6,17,15,1,2021-22,Regular Season,1626157,Karl-Anthony Towns
22021,1626157,0022100587,2022-01-07,MIN @ OKC,W,27,7,11,0.636,0,2,0.0,5,6,0.833,0,8,8,5,1,3,4,4,19,22,1,2021-22,Regular Season,1626157,Karl-Anthony Towns
22021,1626157,0022100600,2022-01-09,MIN @ HOU,W,33,15,25,0.6,4,6,0.667,6,8,0.75,6,3,9,7,1,0,2,2,40,27,1,2021-22,Regular Season,1626157,Karl-Anthony Towns
22021,1626157,0022100615,2022-01-11,MIN @ NOP,L,42,9,16,0.563,1,4,0.25,7,11,0.636,3,5,8,5,3,1,3,3,26,-2,1,2021-22,Regular Season,1626157,Karl-Anthony Towns
22021,1626157,0022100628,2022-01-13,MIN @ MEM,L,40,11,17,0.647,2,6,0.333,1,1,1.0,2,7,9,3,1,2,4,4,25,-2,1,2021-22,Regular Season,1626157,Karl-Anthony Towns
22021,1626157,0022100652,2022-01-16,MIN vs. GSW,W,30,11,20,0.55,1,6,0.167,3,5,0.6,4,7,11,1,0,2,1,3,26,7,1,2021-22,Regular Season,1626157,Karl-Anthony Towns
22021,1626157,0022100666,2022-01-18,MIN @ NYK,W,36,6,12,0.5,2,4,0.5,6,7,0.857,1,4,5,3,1,0,2,4,20,-3,1,2021-22,Regular Season,1626157,Karl-Anthony Towns
22021,1626157,0022100670,2022-01-19,MIN @ ATL,L,34,6,13,0.462,1,5,0.2,4,6,0.667,1,9,10,7,2,1,4,6,17,-11,1,2021-22,Regular Season,1626157,Karl-Anthony Towns
22021,1626157,0022100706,2022-01-23,MIN vs. BKN,W,32,7,18,0.389,2,7,0.286,7,9,0.778,0,7,7,2,2,2,3,3,23,2,1,2021-22,Regular Season,1626157,Karl-Anthony Towns
22021,1626157,0022100721,2022-01-25,MIN @ POR,W,37,4,7,0.571,3,4,0.75,6,6,1.0,3,14,17,2,0,4,3,2,17,13,1,2021-22,Regular Season,1626157,Karl-Anthony Towns
22021,1626157,0022100734,2022-01-27,MIN @ GSW,L,36,12,22,0.545,2,6,0.333,5,6,0.833,4,8,12,6,1,0,2,4,31,-16,1,2021-22,Regular Season,1626157,Karl-Anthony Towns
22021,1626157,0022100743,2022-01-28,MIN @ PHX,L,31,8,20,0.4,2,7,0.286,5,8,0.625,3,6,9,5,0,0,3,5,23,-15,1,2021-22,Regular Season,1626157,Karl-Anthony Towns
22021,1626157,0022100757,2022-01-30,MIN vs. UTA,W,34,10,17,0.588,3,4,0.75,8,9,0.889,4,7,11,10,2,0,1,3,31,20,1,2021-22,Regular Season,1626157,Karl-Anthony Towns
22021,1626157,0022100770,2022-02-01,MIN vs. DEN,W,28,8,12,0.667,1,3,0.333,7,8,0.875,2,8,10,7,2,1,1,4,24,12,1,2021-22,Regular Season,1626157,Karl-Anthony Towns
22021,1626157,0022100782,2022-02-03,MIN @ DET,W,36,6,15,0.4,0,4,0.0,9,10,0.9,3,11,14,4,0,2,5,0,21,4,1,2021-22,Regular Season,1626157,Karl-Anthony Towns
22021,1626157,0022100803,2022-02-06,MIN vs. DET,W,38,11,18,0.611,2,3,0.667,0,0,0.0,3,9,12,2,0,1,3,2,24,8,1,2021-22,Regular Season,1626157,Karl-Anthony Towns
22021,1626157,0022100824,2022-02-08,MIN @ SAC,W,28,10,14,0.714,2,3,0.667,3,3,1.0,3,6,9,3,0,0,3,4,25,13,1,2021-22,Regular Season,1626157,Karl-Anthony Towns
22021,1626157,0022100830,2022-02-09,MIN @ SAC,L,34,9,17,0.529,1,4,0.25,2,2,1.0,2,5,7,8,0,1,3,3,21,4,1,2021-22,Regular Season,1626157,Karl-Anthony Towns
22021,1626157,0022100843,2022-02-11,MIN @ CHI,L,37,12,19,0.632,1,3,0.333,2,3,0.667,3,5,8,8,2,1,0,3,27,-3,1,2021-22,Regular Season,1626157,Karl-Anthony Towns
22021,1626157,0022100857,2022-02-13,MIN @ IND,W,22,5,12,0.417,1,1,1.0,4,4,1.0,5,8,13,3,0,0,6,5,15,-1,1,2021-22,Regular Season,1626157,Karl-Anthony Towns
22021,1626157,0022100871,2022-02-15,MIN vs. CHA,W,42,12,26,0.462,4,11,0.364,11,13,0.846,3,12,15,3,1,1,3,4,39,8,1,2021-22,Regular Season,1626157,Karl-Anthony Towns
22021,1626157,0022100880,2022-02-16,MIN vs. TOR,L,34,9,14,0.643,2,3,0.667,4,5,0.8,0,11,11,3,3,0,2,3,24,2,1,2021-22,Regular Season,1626157,Karl-Anthony Towns
22021,1626157,0022100892,2022-02-24,MIN vs. MEM,W,28,9,19,0.474,2,4,0.5,2,4,0.5,2,9,11,3,0,3,0,5,22,-4,1,2021-22,Regular Season,1626157,Karl-Anthony Towns
22021,1626157,0022100901,2022-02-25,MIN vs. PHI,L,34,8,19,0.421,2,6,0.333,7,7,1.0,1,6,7,3,0,0,1,3,25,-32,1,2021-22,Regular Season,1626157,Karl-Anthony Towns
22021,1626157,0022100920,2022-02-28,MIN @ CLE,W,34,7,13,0.538,1,4,0.25,2,2,1.0,1,3,4,3,1,1,1,4,17,0,1,2021-22,Regular Season,1626157,Karl-Anthony Towns
22021,1626157,0022100930,2022-03-01,MIN vs. GSW,W,32,14,22,0.636,3,6,0.5,8,11,0.727,0,9,9,1,0,0,2,2,39,10,1,2021-22,Regular Season,1626157,Karl-Anthony Towns
22021,1626157,0022100951,2022-03-04,MIN @ OKC,W,25,7,13,0.538,1,3,0.333,5,7,0.714,2,6,8,3,3,1,3,2,20,0,1,2021-22,Regular Season,1626157,Karl-Anthony Towns
22021,1626157,0022100958,2022-03-05,MIN vs. POR,W,34,13,17,0.765,0,4,0.0,10,11,0.909,1,14,15,5,0,3,0,2,36,14,1,2021-22,Regular Season,1626157,Karl-Anthony Towns
22021,1626157,0022100971,2022-03-07,MIN vs. POR,W,24,8,14,0.571,1,1,1.0,10,15,0.667,7,6,13,1,1,2,2,2,27,34,1,2021-22,Regular Season,1626157,Karl-Anthony Towns
22021,1626157,0022100986,2022-03-09,MIN vs. OKC,W,29,4,5,0.8,0,0,0.0,5,6,0.833,2,9,11,4,0,3,5,2,13,20,1,2021-22,Regular Season,1626157,Karl-Anthony Towns
22021,1626157,0022100995,2022-03-11,MIN @ ORL,L,34,6,14,0.429,1,5,0.2,8,8,1.0,2,11,13,4,2,2,3,5,21,2,1,2021-22,Regular Season,1626157,Karl-Anthony Towns
22021,1626157,0022101005,2022-03-12,MIN @ MIA,W,25,4,9,0.444,1,3,0.333,6,8,0.75,1,9,10,0,0,0,3,4,15,14,1,2021-22,Regular Season,1626157,Karl-Anthony Towns
22021,1626157,0022101024,2022-03-14,MIN @ SAS,W,36,19,31,0.613,7,11,0.636,15,16,0.938,2,15,17,3,1,0,6,5,60,16,1,2021-22,Regular Season,1626157,Karl-Anthony Towns
22021,1626157,0022101039,2022-03-16,MIN vs. LAL,W,26,8,15,0.533,1,3,0.333,13,13,1.0,2,6,8,1,0,1,6,4,30,17,1,2021-22,Regular Season,1626157,Karl-Anthony Towns
22021,1626157,0022101058,2022-03-19,MIN vs. MIL,W,32,6,12,0.5,4,6,0.667,9,11,0.818,2,9,11,5,2,0,3,3,25,26,1,2021-22,Regular Season,1626157,Karl-Anthony Towns
22021,1626157,0022101079,2022-03-21,MIN @ DAL,L,38,8,17,0.471,2,5,0.4,4,4,1.0,2,6,8,3,2,1,2,1,22,11,1,2021-22,Regular Season,1626157,Karl-Anthony Towns
22021,1626157,0022101090,2022-03-23,MIN vs. PHX,L,31,6,13,0.462,0,3,0.0,3,3,1.0,4,7,11,2,0,3,1,5,15,-12,1,2021-22,Regular Season,1626157,Karl-Anthony Towns
22021,1626157,0022101104,2022-03-25,MIN vs. DAL,W,30,7,10,0.7,2,4,0.5,4,4,1.0,2,7,9,1,1,0,1,4,20,16,1,2021-22,Regular Season,1626157,Karl-Anthony Towns
22021,1626157,0022101116,2022-03-27,MIN @ BOS,L,35,8,15,0.533,1,3,0.333,2,4,0.5,0,4,4,5,1,0,3,4,19,-16,1,2021-22,Regular Season,1626157,Karl-Anthony Towns
22021,1626157,0022101141,2022-03-30,MIN @ TOR,L,32,7,13,0.538,0,1,0.0,2,3,0.667,4,6,10,3,2,1,7,5,16,-13,1,2021-22,Regular Season,1626157,Karl-Anthony Towns
22021,1626157,0022101159,2022-04-01,MIN @ DEN,W,31,11,18,0.611,4,7,0.571,6,6,1.0,2,7,9,0,1,2,3,5,32,3,1,2021-22,Regular Season,1626157,Karl-Anthony Towns
22021,1626157,0022101173,2022-04-03,MIN @ HOU,W,35,12,16,0.75,1,3,0.333,3,5,0.6,2,9,11,5,1,0,3,5,28,2,1,2021-22,Regular Season,1626157,Karl-Anthony Towns
22021,1626157,0022101184,2022-04-05,MIN vs. WAS,L,35,10,24,0.417,2,8,0.25,4,5,0.8,3,7,10,4,0,2,0,2,26,-14,1,2021-22,Regular Season,1626157,Karl-Anthony Towns
22021,1626157,0022101199,2022-04-07,MIN vs. SAS,W,33,7,18,0.389,4,7,0.571,3,5,0.6,4,9,13,3,0,0,2,5,21,7,1,2021-22,Regular Season,1626157,Karl-Anthony Towns
42021,1626157,0042100151,2022-04-16,MIN @ MEM,W,43,11,18,0.611,2,5,0.4,5,5,1.0,4,9,13,3,0,1,3,3,29,16,1,2021-22,Playoffs,1626157,Karl-Anthony Towns
42021,1626157,0042100152,2022-04-19,MIN @ MEM,L,28,4,7,0.571,0,1,0.0,7,8,0.875,2,9,11,1,0,2,5,5,15,-21,1,2021-22,Playoffs,1626157,Karl-Anthony Towns
42021,1626157,0042100153,2022-04-21,MIN vs. MEM,L,33,3,4,0.75,0,1,0.0,2,2,1.0,1,4,5,1,0,5,4,5,8,-4,1,2021-22,Playoffs,1626157,Karl-Anthony Towns
42021,1626157,0042100154,2022-04-23,MIN vs. MEM,W,42,8,17,0.471,3,5,0.6,14,17,0.824,2,12,14,3,0,1,6,3,33,5,1,2021-22,Playoffs,1626157,Karl-Anthony Towns
42021,1626157,0042100155,2022-04-26,MIN @ MEM,L,35,7,15,0.467,5,7,0.714,9,9,1.0,1,11,12,1,3,2,7,5,28,-2,1,2021-22,Playoffs,1626157,Karl-Anthony Towns
42021,1626157,0042100156,2022-04-29,MIN vs. MEM,L,41,6,19,0.316,0,3,0.0,6,9,0.667,1,9,10,4,1,1,2,4,18,-3,1,2021-22,Playoffs,1626157,Karl-Anthony Towns
22021,1627742,0022100009,2021-10-20,NOP vs. PHI,L,37,12,26,0.462,1,3,0.333,0,0,0.0,0,7,7,6,0,1,4,1,25,-29,1,2021-22,Regular Season,1627742,Brandon Ingram
22021,1627742,0022100022,2021-10-22,NOP @ CHI,L,34,10,20,0.5,2,3,0.667,4,5,0.8,0,8,8,8,0,0,2,4,26,-8,1,2021-22,Regular Season,1627742,Brandon Ingram
22021,1627742,0022100031,2021-10-23,NOP @ MIN,L,40,12,23,0.522,3,7,0.429,3,5,0.6,3,3,6,4,1,0,7,4,30,2,1,2021-22,Regular Season,1627742,Brandon Ingram
22021,1627742,0022100047,2021-10-25,NOP @ MIN,W,36,11,21,0.524,4,7,0.571,1,1,1.0,1,8,9,1,0,0,4,3,27,-2,1,2021-22,Regular Season,1627742,Brandon Ingram
22021,1627742,0022100059,2021-10-27,NOP vs. ATL,L,39,8,21,0.381,3,7,0.429,1,1,1.0,1,7,8,4,1,2,2,3,20,-11,1,2021-22,Regular Season,1627742,Brandon Ingram
22021,1627742,0022100074,2021-10-29,NOP vs. SAC,L,36,9,22,0.409,2,6,0.333,2,4,0.5,1,5,6,6,0,0,2,2,22,6,1,2021-22,Regular Season,1627742,Brandon Ingram
22021,1627742,0022100188,2021-11-13,NOP vs. MEM,W,29,7,17,0.412,1,4,0.25,4,4,1.0,0,3,3,4,0,1,4,3,19,10,1,2021-22,Regular Season,1627742,Brandon Ingram
22021,1627742,0022100201,2021-11-15,NOP @ WAS,L,32,9,23,0.391,2,4,0.5,11,12,0.917,0,5,5,4,0,0,1,1,31,-2,1,2021-22,Regular Season,1627742,Brandon Ingram
22021,1627742,0022100217,2021-11-17,NOP @ MIA,L,37,6,14,0.429,1,6,0.167,6,6,1.0,0,4,4,5,0,0,5,2,19,-13,1,2021-22,Regular Season,1627742,Brandon Ingram
22021,1627742,0022100235,2021-11-19,NOP vs. LAC,W,39,6,17,0.353,3,5,0.6,2,4,0.5,1,11,12,5,0,0,6,2,17,21,1,2021-22,Regular Season,1627742,Brandon Ingram
22021,1627742,0022100240,2021-11-20,NOP @ IND,L,26,4,14,0.286,1,2,0.5,3,3,1.0,1,2,3,4,0,0,1,1,12,-22,1,2021-22,Regular Season,1627742,Brandon Ingram
22021,1627742,0022100259,2021-11-22,NOP vs. MIN,L,37,2,13,0.154,1,7,0.143,4,4,1.0,2,6,8,4,0,1,6,3,9,-19,1,2021-22,Regular Season,1627742,Brandon Ingram
22021,1627742,0022100275,2021-11-24,NOP vs. WAS,W,32,9,15,0.6,1,3,0.333,7,8,0.875,2,3,5,3,1,0,0,2,26,21,1,2021-22,Regular Season,1627742,Brandon Ingram
22021,1627742,0022100289,2021-11-26,NOP @ UTA,W,38,8,22,0.364,1,4,0.25,4,4,1.0,0,8,8,5,1,0,5,1,21,-3,1,2021-22,Regular Season,1627742,Brandon Ingram
22021,1627742,0022100299,2021-11-27,NOP @ UTA,L,26,4,14,0.286,0,4,0.0,3,3,1.0,1,3,4,3,0,1,4,0,11,-22,1,2021-22,Regular Season,1627742,Brandon Ingram
22021,1627742,0022100313,2021-11-29,NOP @ LAC,W,34,12,18,0.667,1,2,0.5,2,4,0.5,1,6,7,4,0,0,1,2,27,27,1,2021-22,Regular Season,1627742,Brandon Ingram
22021,1627742,0022100325,2021-12-01,NOP vs. DAL,L,31,11,17,0.647,3,5,0.6,4,4,1.0,0,2,2,3,0,0,2,0,29,-32,1,2021-22,Regular Season,1627742,Brandon Ingram
22021,1627742,0022100338,2021-12-03,NOP @ DAL,W,38,7,20,0.35,1,4,0.25,9,11,0.818,2,6,8,12,2,0,2,2,24,12,1,2021-22,Regular Season,1627742,Brandon Ingram
22021,1627742,0022100352,2021-12-05,NOP @ HOU,L,38,15,28,0.536,3,10,0.3,7,8,0.875,1,4,5,4,1,1,0,4,40,-3,1,2021-22,Regular Season,1627742,Brandon Ingram
22021,1627742,0022100375,2021-12-08,NOP vs. DEN,L,43,6,12,0.5,1,4,0.25,3,3,1.0,0,8,8,5,4,0,6,5,16,-6,1,2021-22,Regular Season,1627742,Brandon Ingram
22021,1627742,0022100388,2021-12-10,NOP vs. DET,W,34,9,19,0.474,4,8,0.5,4,4,1.0,0,3,3,5,0,2,0,0,26,28,1,2021-22,Regular Season,1627742,Brandon Ingram
22021,1627742,0022100401,2021-12-12,NOP @ SAS,L,38,11,25,0.44,0,4,0.0,5,8,0.625,1,6,7,9,1,0,1,3,27,0,1,2021-22,Regular Season,1627742,Brandon Ingram
22021,1627742,0022100422,2021-12-15,NOP @ OKC,W,37,11,21,0.524,1,2,0.5,11,15,0.733,0,8,8,4,1,0,2,2,34,7,1,2021-22,Regular Season,1627742,Brandon Ingram
22021,1627742,0022100438,2021-12-17,NOP vs. MIL,W,43,6,16,0.375,3,8,0.375,7,9,0.778,0,5,5,5,3,0,3,0,22,-2,1,2021-22,Regular Season,1627742,Brandon Ingram
22021,1627742,0022100467,2021-12-21,NOP vs. POR,W,37,12,22,0.545,2,7,0.286,2,5,0.4,1,7,8,8,0,0,3,1,28,10,1,2021-22,Regular Season,1627742,Brandon Ingram
22021,1627742,0022100477,2021-12-23,NOP @ ORL,W,36,12,23,0.522,0,1,0.0,7,7,1.0,1,5,6,4,0,0,2,0,31,2,1,2021-22,Regular Season,1627742,Brandon Ingram
22021,1627742,0022100497,2021-12-26,NOP @ OKC,L,9,0,3,0.0,0,2,0.0,0,0,0.0,0,2,2,2,1,0,1,0,0,-12,1,2021-22,Regular Season,1627742,Brandon Ingram
22021,1627742,0022100557,2022-01-03,NOP vs. UTA,L,31,3,18,0.167,1,7,0.143,3,4,0.75,0,4,4,7,0,1,0,3,10,2,1,2021-22,Regular Season,1627742,Brandon Ingram
22021,1627742,0022100565,2022-01-04,NOP vs. PHX,L,33,5,18,0.278,0,4,0.0,6,8,0.75,1,5,6,5,1,0,5,4,16,-10,1,2021-22,Regular Season,1627742,Brandon Ingram
22021,1627742,0022100580,2022-01-06,NOP vs. GSW,W,35,12,21,0.571,1,4,0.25,7,8,0.875,2,9,11,6,0,0,2,2,32,-3,1,2021-22,Regular Season,1627742,Brandon Ingram
22021,1627742,0022100599,2022-01-09,NOP @ TOR,L,35,6,13,0.462,1,2,0.5,9,10,0.9,2,3,5,4,0,0,1,2,22,4,1,2021-22,Regular Season,1627742,Brandon Ingram
22021,1627742,0022100615,2022-01-11,NOP vs. MIN,W,37,11,19,0.579,6,7,0.857,5,5,1.0,0,4,4,9,1,1,5,3,33,2,1,2021-22,Regular Season,1627742,Brandon Ingram
22021,1627742,0022100629,2022-01-13,NOP vs. LAC,W,33,10,19,0.526,1,4,0.25,3,4,0.75,0,5,5,6,1,0,1,2,24,27,1,2021-22,Regular Season,1627742,Brandon Ingram
22021,1627742,0022100644,2022-01-15,NOP @ BKN,L,34,8,21,0.381,2,6,0.333,4,6,0.667,1,3,4,8,0,1,1,1,22,-3,1,2021-22,Regular Season,1627742,Brandon Ingram
22021,1627742,0022100654,2022-01-17,NOP @ BOS,L,35,6,19,0.316,0,4,0.0,3,3,1.0,2,8,10,6,1,0,1,2,15,-7,1,2021-22,Regular Season,1627742,Brandon Ingram
22021,1627742,0022100681,2022-01-20,NOP @ NYK,W,27,4,10,0.4,1,1,1.0,6,8,0.75,0,5,5,6,1,0,3,2,15,20,1,2021-22,Regular Season,1627742,Brandon Ingram
22021,1627742,0022100766,2022-02-01,NOP @ DET,W,32,8,18,0.444,1,1,1.0,9,10,0.9,0,3,3,4,1,1,0,1,26,15,1,2021-22,Regular Season,1627742,Brandon Ingram
22021,1627742,0022100794,2022-02-04,NOP @ DEN,W,38,8,20,0.4,0,4,0.0,7,7,1.0,0,4,4,12,1,2,1,1,23,9,1,2021-22,Regular Season,1627742,Brandon Ingram
22021,1627742,0022100808,2022-02-06,NOP @ HOU,W,36,12,21,0.571,3,5,0.6,6,9,0.667,0,3,3,12,3,1,4,3,33,16,1,2021-22,Regular Season,1627742,Brandon Ingram
22021,1627742,0022100819,2022-02-08,NOP vs. HOU,W,34,11,17,0.647,1,3,0.333,3,4,0.75,0,2,2,2,0,3,5,3,26,-1,1,2021-22,Regular Season,1627742,Brandon Ingram
22021,1627742,0022100833,2022-02-10,NOP vs. MIA,L,33,6,12,0.5,1,3,0.333,2,3,0.667,1,2,3,1,0,1,5,5,15,-15,1,2021-22,Regular Season,1627742,Brandon Ingram
22021,1627742,0022100848,2022-02-12,NOP vs. SAS,L,35,9,19,0.474,1,5,0.2,3,3,1.0,0,2,2,2,0,0,3,3,22,-6,1,2021-22,Regular Season,1627742,Brandon Ingram
22021,1627742,0022100863,2022-02-14,NOP vs. TOR,W,29,4,7,0.571,0,2,0.0,2,3,0.667,0,11,11,8,1,2,2,3,10,15,1,2021-22,Regular Season,1627742,Brandon Ingram
22021,1627742,0022100872,2022-02-15,NOP vs. MEM,L,34,8,18,0.444,1,3,0.333,1,1,1.0,1,3,4,4,0,0,3,5,18,-9,1,2021-22,Regular Season,1627742,Brandon Ingram
22021,1627742,0022100886,2022-02-17,NOP vs. DAL,L,35,6,21,0.286,0,4,0.0,0,1,0.0,1,4,5,8,1,0,1,1,12,-11,1,2021-22,Regular Season,1627742,Brandon Ingram
22021,1627742,0022100902,2022-02-25,NOP @ PHX,W,34,9,17,0.529,0,2,0.0,10,11,0.909,0,5,5,7,0,0,1,1,28,12,1,2021-22,Regular Season,1627742,Brandon Ingram
22021,1627742,0022100919,2022-02-27,NOP @ LAL,W,31,8,18,0.444,0,2,0.0,3,6,0.5,1,4,5,8,2,0,3,2,19,29,1,2021-22,Regular Season,1627742,Brandon Ingram
22021,1627742,0022100937,2022-03-02,NOP vs. SAC,W,32,15,19,0.789,2,3,0.667,1,2,0.5,0,5,5,6,0,0,3,2,33,21,1,2021-22,Regular Season,1627742,Brandon Ingram
22021,1627742,0022100950,2022-03-04,NOP vs. UTA,W,30,11,16,0.688,1,3,0.333,6,6,1.0,1,7,8,6,1,1,5,2,29,26,1,2021-22,Regular Season,1627742,Brandon Ingram
22021,1627742,0022100967,2022-03-06,NOP @ DEN,L,40,12,24,0.5,3,7,0.429,11,13,0.846,0,5,5,9,0,1,5,4,38,-8,1,2021-22,Regular Season,1627742,Brandon Ingram
22021,1627742,0022101119,2022-03-27,NOP vs. LAL,W,26,10,17,0.588,0,2,0.0,6,7,0.857,1,6,7,5,0,0,1,1,26,9,1,2021-22,Regular Season,1627742,Brandon Ingram
22021,1627742,0022101146,2022-03-30,NOP @ POR,W,28,4,12,0.333,0,2,0.0,11,13,0.846,1,5,6,6,1,0,1,2,19,4,1,2021-22,Regular Season,1627742,Brandon Ingram
22021,1627742,0022101160,2022-04-01,NOP @ LAL,W,35,10,17,0.588,0,2,0.0,9,9,1.0,0,8,8,7,1,2,5,3,29,-1,1,2021-22,Regular Season,1627742,Brandon Ingram
22021,1627742,0022101177,2022-04-03,NOP @ LAC,L,35,3,11,0.273,1,2,0.5,8,8,1.0,0,8,8,4,0,0,6,2,15,-7,1,2021-22,Regular Season,1627742,Brandon Ingram
22021,1627742,0022101188,2022-04-05,NOP @ SAC,W,34,5,15,0.333,1,3,0.333,6,8,0.75,0,7,7,8,0,0,2,3,17,23,1,2021-22,Regular Season,1627742,Brandon Ingram
42021,1627742,0042100141,2022-04-17,NOP @ PHX,L,39,6,17,0.353,1,2,0.5,5,5,1.0,1,4,5,4,1,0,5,3,18,-6,1,2021-22,Playoffs,1627742,Brandon Ingram
42021,1627742,0042100142,2022-04-19,NOP @ PHX,W,39,13,21,0.619,3,3,1.0,8,8,1.0,2,9,11,9,1,1,4,1,37,18,1,2021-22,Playoffs,1627742,Brandon Ingram
42021,1627742,0042100143,2022-04-22,NOP vs. PHX,L,37,11,19,0.579,3,6,0.5,9,10,0.9,0,7,7,3,0,1,2,2,34,-2,1,2021-22,Playoffs,1627742,Brandon Ingram
42021,1627742,0042100144,2022-04-24,NOP vs. PHX,W,36,11,23,0.478,1,5,0.2,7,10,0.7,1,3,4,5,0,0,1,2,30,18,1,2021-22,Playoffs,1627742,Brandon Ingram
42021,1627742,0042100145,2022-04-26,NOP @ PHX,L,41,7,19,0.368,1,5,0.2,7,11,0.636,0,5,5,5,1,0,5,1,22,-16,1,2021-22,Playoffs,1627742,Brandon Ingram
42021,1627742,0042100146,2022-04-28,NOP vs. PHX,L,44,8,19,0.421,2,6,0.333,3,3,1.0,0,5,5,11,1,0,6,2,21,-7,1,2021-22,Playoffs,1627742,Brandon Ingram
22021,1629632,0022100209,2021-11-15,CHI @ LAL,W,11,0,2,0.0,0,0,0.0,0,0,0.0,0,1,1,0,0,0,0,0,0,-15,1,2021-22,Regular Season,1629632,Coby White
22021,1629632,0022100223,2021-11-17,CHI @ POR,L,10,0,2,0.0,0,2,0.0,0,0,0.0,0,1,1,1,0,0,0,1,0,-3,1,2021-22,Regular Season,1629632,Coby White
22021,1629632,0022100236,2021-11-19,CHI @ DEN,W,11,1,7,0.143,0,3,0.0,0,0,0.0,0,2,2,0,0,0,2,1,2,-4,1,2021-22,Regular Season,1629632,Coby White
22021,1629632,0022100250,2021-11-21,CHI vs. NYK,W,21,5,11,0.455,3,6,0.5,1,2,0.5,0,0,0,2,0,0,0,2,14,9,1,2021-22,Regular Season,1629632,Coby White
22021,1629632,0022100257,2021-11-22,CHI vs. IND,L,25,2,10,0.2,0,3,0.0,0,0,0.0,0,5,5,3,0,0,0,4,4,-12,1,2021-22,Regular Season,1629632,Coby White
22021,1629632,0022100271,2021-11-24,CHI @ HOU,L,15,1,5,0.2,1,4,0.25,0,0,0.0,0,1,1,2,0,0,0,2,3,-1,1,2021-22,Regular Season,1629632,Coby White
22021,1629632,0022100283,2021-11-26,CHI @ ORL,W,24,9,11,0.818,2,4,0.5,0,1,0.0,0,4,4,2,1,0,1,1,20,39,1,2021-22,Regular Season,1629632,Coby White
22021,1629632,0022100296,2021-11-27,CHI vs. MIA,L,20,2,8,0.25,0,5,0.0,0,0,0.0,1,5,6,2,0,1,5,2,4,3,1,2021-22,Regular Season,1629632,Coby White
22021,1629632,0022100307,2021-11-29,CHI vs. CHA,W,22,2,7,0.286,1,4,0.25,3,4,0.75,0,3,3,0,0,0,0,2,8,-4,1,2021-22,Regular Season,1629632,Coby White
22021,1629632,0022100448,2021-12-19,CHI vs. LAL,W,24,2,7,0.286,0,4,0.0,1,2,0.5,0,1,1,2,1,0,1,2,5,-4,1,2021-22,Regular Season,1629632,Coby White
22021,1629632,0022100459,2021-12-20,CHI vs. HOU,W,32,7,15,0.467,5,9,0.556,5,5,1.0,2,3,5,2,0,0,2,1,24,1,1,2021-22,Regular Season,1629632,Coby White
22021,1629632,0022100499,2021-12-26,CHI vs. IND,W,33,3,10,0.3,0,4,0.0,2,2,1.0,0,2,2,1,0,1,2,4,8,2,1,2021-22,Regular Season,1629632,Coby White
22021,1629632,0022100502,2021-12-27,CHI @ ATL,W,25,5,11,0.455,3,7,0.429,0,0,0.0,0,4,4,0,2,0,1,5,13,3,1,2021-22,Regular Season,1629632,Coby White
22021,1629632,0022100519,2021-12-29,CHI vs. ATL,W,35,6,14,0.429,3,9,0.333,2,4,0.5,0,3,3,12,0,1,3,3,17,13,1,2021-22,Regular Season,1629632,Coby White
22021,1629632,0022100530,2021-12-31,CHI @ IND,W,33,7,11,0.636,6,7,0.857,4,5,0.8,0,2,2,4,3,1,1,3,24,1,1,2021-22,Regular Season,1629632,Coby White
22021,1629632,0022100541,2022-01-01,CHI @ WAS,W,38,7,14,0.5,4,8,0.5,2,2,1.0,0,2,2,5,1,0,0,4,20,0,1,2021-22,Regular Season,1629632,Coby White
22021,1629632,0022100555,2022-01-03,CHI vs. ORL,W,35,7,11,0.636,2,5,0.4,1,1,1.0,0,2,2,2,0,1,1,1,17,3,1,2021-22,Regular Season,1629632,Coby White
22021,1629632,0022100585,2022-01-07,CHI vs. WAS,W,32,7,8,0.875,4,4,1.0,3,3,1.0,0,2,2,3,0,0,2,2,21,7,1,2021-22,Regular Season,1629632,Coby White
22021,1629632,0022100603,2022-01-09,CHI @ DAL,L,27,5,9,0.556,1,4,0.25,2,3,0.667,0,4,4,2,0,0,0,0,13,-17,1,2021-22,Regular Season,1629632,Coby White
22021,1629632,0022100415,2022-01-11,CHI vs. DET,W,23,4,8,0.5,1,3,0.333,4,4,1.0,0,1,1,3,0,0,3,3,13,11,1,2021-22,Regular Season,1629632,Coby White
22021,1629632,0022100625,2022-01-12,CHI vs. BKN,L,25,6,10,0.6,4,8,0.5,0,0,0.0,0,2,2,0,2,0,1,3,16,-21,1,2021-22,Regular Season,1629632,Coby White
22021,1629632,0022100637,2022-01-14,CHI vs. GSW,L,29,9,17,0.529,2,9,0.222,0,0,0.0,0,1,1,1,1,0,2,2,20,-28,1,2021-22,Regular Season,1629632,Coby White
22021,1629632,0022100647,2022-01-15,CHI @ BOS,L,39,7,16,0.438,5,10,0.5,0,0,0.0,0,3,3,5,0,1,0,4,19,-5,1,2021-22,Regular Season,1629632,Coby White
22021,1629632,0022100658,2022-01-17,CHI @ MEM,L,32,6,14,0.429,4,7,0.571,0,0,0.0,0,6,6,5,0,0,2,2,16,-16,1,2021-22,Regular Season,1629632,Coby White
22021,1629632,0022100673,2022-01-19,CHI vs. CLE,W,38,5,11,0.455,1,2,0.5,5,5,1.0,0,4,4,3,4,0,1,0,16,15,1,2021-22,Regular Season,1629632,Coby White
22021,1629632,0022100690,2022-01-21,CHI @ MIL,L,37,3,15,0.2,0,9,0.0,1,1,1.0,2,2,4,4,0,0,1,4,7,-8,1,2021-22,Regular Season,1629632,Coby White
22021,1629632,0022100701,2022-01-23,CHI @ ORL,L,35,8,18,0.444,1,7,0.143,5,7,0.714,1,3,4,0,1,1,3,3,22,-11,1,2021-22,Regular Season,1629632,Coby White
22021,1629632,0022100730,2022-01-24,CHI @ OKC,W,31,3,14,0.214,1,7,0.143,2,2,1.0,2,5,7,7,0,1,3,3,9,-11,1,2021-22,Regular Season,1629632,Coby White
22021,1629632,0022100472,2022-01-26,CHI vs. TOR,W,24,4,10,0.4,1,4,0.25,0,0,0.0,0,1,1,1,0,1,1,2,9,-9,1,2021-22,Regular Season,1629632,Coby White
22021,1629632,0022100742,2022-01-28,CHI @ SAS,L,29,7,9,0.778,4,6,0.667,0,0,0.0,0,2,2,1,0,0,0,2,18,0,1,2021-22,Regular Season,1629632,Coby White
22021,1629632,0022100753,2022-01-30,CHI vs. POR,W,31,5,12,0.417,3,7,0.429,5,5,1.0,1,2,3,6,0,0,1,1,18,4,1,2021-22,Regular Season,1629632,Coby White
22021,1629632,0022100769,2022-02-01,CHI vs. ORL,W,29,4,12,0.333,1,5,0.2,0,0,0.0,1,2,3,5,0,0,1,1,9,15,1,2021-22,Regular Season,1629632,Coby White
22021,1629632,0022100430,2022-02-03,CHI @ TOR,L,23,6,15,0.4,4,8,0.5,0,0,0.0,0,1,1,2,0,0,2,3,16,-19,1,2021-22,Regular Season,1629632,Coby White
22021,1629632,0022100812,2022-02-07,CHI vs. PHX,L,26,3,7,0.429,2,5,0.4,5,5,1.0,0,1,1,1,0,0,1,3,13,4,1,2021-22,Regular Season,1629632,Coby White
22021,1629632,0022100826,2022-02-09,CHI @ CHA,W,38,6,14,0.429,3,10,0.3,0,0,0.0,0,3,3,3,0,1,0,2,15,19,1,2021-22,Regular Season,1629632,Coby White
22021,1629632,0022100843,2022-02-11,CHI vs. MIN,W,29,8,12,0.667,6,10,0.6,0,0,0.0,1,5,6,1,2,0,3,3,22,7,1,2021-22,Regular Season,1629632,Coby White
22021,1629632,0022100852,2022-02-12,CHI vs. OKC,W,37,6,13,0.462,4,6,0.667,0,0,0.0,1,8,9,5,1,0,1,3,16,-2,1,2021-22,Regular Season,1629632,Coby White
22021,1629632,0022100861,2022-02-14,CHI vs. SAS,W,34,6,11,0.545,5,6,0.833,7,8,0.875,0,5,5,6,0,0,1,4,24,19,1,2021-22,Regular Season,1629632,Coby White
22021,1629632,0022100878,2022-02-16,CHI vs. SAC,W,40,11,19,0.579,6,11,0.545,3,4,0.75,1,4,5,6,1,0,1,2,31,6,1,2021-22,Regular Season,1629632,Coby White
22021,1629632,0022100891,2022-02-24,CHI vs. ATL,W,20,4,10,0.4,1,4,0.25,0,0,0.0,0,0,0,2,0,0,0,5,9,6,1,2021-22,Regular Season,1629632,Coby White
22021,1629632,0022100909,2022-02-26,CHI vs. MEM,L,35,5,11,0.455,3,6,0.5,2,2,1.0,0,4,4,5,0,0,0,2,15,9,1,2021-22,Regular Season,1629632,Coby White
22021,1629632,0022100922,2022-02-28,CHI @ MIA,L,31,3,11,0.273,3,7,0.429,0,0,0.0,0,4,4,6,0,0,0,1,9,-1,1,2021-22,Regular Season,1629632,Coby White
22021,1629632,0022100710,2022-03-03,CHI @ ATL,L,26,6,8,0.75,3,5,0.6,0,0,0.0,0,1,1,5,0,0,0,1,15,17,1,2021-22,Regular Season,1629632,Coby White
22021,1629632,0022100949,2022-03-04,CHI vs. MIL,L,23,1,4,0.25,1,4,0.25,0,0,0.0,0,4,4,2,0,0,1,0,3,13,1,2021-22,Regular Season,1629632,Coby White
22021,1629632,0022100969,2022-03-07,CHI @ PHI,L,34,7,16,0.438,3,9,0.333,2,2,1.0,1,3,4,2,0,1,0,1,19,-13,1,2021-22,Regular Season,1629632,Coby White
22021,1629632,0022100982,2022-03-09,CHI @ DET,W,28,3,9,0.333,2,3,0.667,0,0,0.0,0,5,5,3,0,0,1,3,8,-5,1,2021-22,Regular Season,1629632,Coby White
22021,1629632,0022101006,2022-03-12,CHI vs. CLE,W,36,4,11,0.364,1,4,0.25,0,0,0.0,2,5,7,7,2,0,2,0,9,3,1,2021-22,Regular Season,1629632,Coby White
22021,1629632,0022101026,2022-03-14,CHI @ SAC,L,23,4,10,0.4,3,9,0.333,2,2,1.0,0,0,0,3,0,0,1,2,13,2,1,2021-22,Regular Season,1629632,Coby White
22021,1629632,0022101041,2022-03-16,CHI @ UTA,L,20,5,10,0.5,2,5,0.4,0,0,0.0,0,1,1,3,0,0,0,4,12,-1,1,2021-22,Regular Season,1629632,Coby White
22021,1629632,0022101056,2022-03-18,CHI @ PHX,L,25,5,11,0.455,2,6,0.333,2,2,1.0,0,2,2,1,0,0,0,2,14,-17,1,2021-22,Regular Season,1629632,Coby White
22021,1629632,0022101076,2022-03-21,CHI vs. TOR,W,13,1,5,0.2,0,2,0.0,0,0,0.0,0,2,2,4,0,0,0,1,2,4,1,2021-22,Regular Season,1629632,Coby White
22021,1629632,0022101082,2022-03-22,CHI @ MIL,L,23,2,10,0.2,1,6,0.167,0,0,0.0,0,0,0,2,2,0,1,1,5,-22,1,2021-22,Regular Season,1629632,Coby White
22021,1629632,0022101098,2022-03-24,CHI @ NOP,L,29,9,15,0.6,5,8,0.625,0,0,0.0,0,3,3,6,1,0,3,6,23,1,1,2021-22,Regular Season,1629632,Coby White
22021,1629632,0022101110,2022-03-26,CHI @ CLE,W,20,0,3,0.0,0,2,0.0,0,0,0.0,0,2,2,0,1,0,2,1,0,-8,1,2021-22,Regular Season,1629632,Coby White
22021,1629632,0022101126,2022-03-28,CHI @ NYK,L,21,2,9,0.222,0,5,0.0,2,2,1.0,0,7,7,0,0,0,2,2,6,-1,1,2021-22,Regular Season,1629632,Coby White
22021,1629632,0022101132,2022-03-29,CHI @ WAS,W,29,4,9,0.444,1,3,0.333,0,0,0.0,0,4,4,5,0,0,2,2,9,18,1,2021-22,Regular Season,1629632,Coby White
22021,1629632,0022101149,2022-03-31,CHI vs. LAC,W,23,5,12,0.417,1,7,0.143,0,0,0.0,0,1,1,1,0,0,0,2,11,17,1,2021-22,Regular Season,1629632,Coby White
22021,1629632,0022101164,2022-04-02,CHI vs. MIA,L,20,0,9,0.0,0,7,0.0,2,2,1.0,1,2,3,2,0,0,1,3,2,-11,1,2021-22,Regular Season,1629632,Coby White
22021,1629632,0022101183,2022-04-05,CHI vs. MIL,L,31,5,11,0.455,3,7,0.429,0,0,0.0,0,3,3,1,0,0,2,0,13,-13,1,2021-22,Regular Season,1629632,Coby White
22021,1629632,0022101193,2022-04-06,CHI vs. BOS,L,26,3,6,0.5,2,3,0.667,2,2,1.0,0,3,3,2,2,0,1,4,10,-8,1,2021-22,Regular Season,1629632,Coby White
22021,1629632,0022101208,2022-04-08,CHI vs. CHA,L,36,6,14,0.429,6,9,0.667,1,2,0.5,0,1,1,4,1,0,2,4,19,-15,1,2021-22,Regular Season,1629632,Coby White
42021,1629632,0042100121,2022-04-17,CHI @ MIL,L,23,5,10,0.5,2,6,0.333,0,0,0.0,0,4,4,0,0,0,0,1,12,4,1,2021-22,Playoffs,1629632,Coby White
42021,1629632,0042100122,2022-04-20,CHI @ MIL,W,10,1,5,0.2,1,1,1.0,2,2,1.0,0,0,0,2,0,0,2,0,5,-6,1,2021-22,Playoffs,1629632,Coby White
42021,1629632,0042100123,2022-04-22,CHI vs. MIL,L,21,2,9,0.222,1,6,0.167,1,2,0.5,0,8,8,1,0,0,1,2,6,-19,1,2021-22,Playoffs,1629632,Coby White
42021,1629632,0042100124,2022-04-24,CHI vs. MIL,L,13,1,5,0.2,0,3,0.0,0,0,0.0,0,2,2,2,0,0,2,2,2,-17,1,2021-22,Playoffs,1629632,Coby White
42021,1629632,0042100125,2022-04-27,CHI @ MIL,L,32,6,16,0.375,4,13,0.308,1,1,1.0,0,3,3,4,1,0,1,0,17,-15,1,2021-22,Playoffs,1629632,Coby White
22021,1629014,0022100013,2021-10-20,POR vs. SAC,L,18,5,6,0.833,1,2,0.5,0,0,0.0,0,2,2,4,0,0,1,0,11,-9,1,2021-22,Regular Season,1629014,Anfernee Simons
22021,1629014,0022100033,2021-10-23,POR vs. PHX,W,24,7,14,0.5,4,8,0.5,0,0,0.0,1,2,3,1,0,0,1,2,18,25,1,2021-22,Regular Season,1629014,Anfernee Simons
22021,1629014,0022100049,2021-10-25,POR @ LAC,L,20,5,13,0.385,1,6,0.167,1,1,1.0,1,3,4,1,0,0,1,1,12,-21,1,2021-22,Regular Season,1629014,Anfernee Simons
22021,1629014,0022100063,2021-10-27,POR vs. MEM,W,28,6,10,0.6,5,7,0.714,0,0,0.0,0,3,3,2,2,0,1,0,17,14,1,2021-22,Regular Season,1629014,Anfernee Simons
22021,1629014,0022100076,2021-10-29,POR vs. LAC,W,24,2,11,0.182,1,7,0.143,0,0,0.0,0,3,3,4,0,0,0,2,5,7,1,2021-22,Regular Season,1629014,Anfernee Simons
22021,1629014,0022100090,2021-10-31,POR @ CHA,L,19,6,9,0.667,5,8,0.625,2,2,1.0,0,1,1,1,0,0,1,1,19,2,1,2021-22,Regular Season,1629014,Anfernee Simons
22021,1629014,0022100096,2021-11-01,POR @ PHI,L,29,7,12,0.583,3,7,0.429,0,0,0.0,0,3,3,3,2,0,2,3,17,3,1,2021-22,Regular Season,1629014,Anfernee Simons
22021,1629014,0022100108,2021-11-03,POR @ CLE,L,24,6,11,0.545,1,4,0.25,2,2,1.0,0,0,0,1,1,0,1,4,15,-3,1,2021-22,Regular Season,1629014,Anfernee Simons
22021,1629014,0022100131,2021-11-05,POR vs. IND,W,21,6,10,0.6,4,6,0.667,0,0,0.0,0,1,1,1,0,1,1,1,16,-1,1,2021-22,Regular Season,1629014,Anfernee Simons
22021,1629014,0022100138,2021-11-06,POR vs. LAL,W,23,4,14,0.286,0,6,0.0,2,2,1.0,3,2,5,4,0,0,1,1,10,3,1,2021-22,Regular Season,1629014,Anfernee Simons
22021,1629014,0022100157,2021-11-09,POR @ LAC,L,23,2,7,0.286,1,3,0.333,0,0,0.0,0,0,0,2,0,0,0,0,5,-5,1,2021-22,Regular Season,1629014,Anfernee Simons
22021,1629014,0022100168,2021-11-10,POR @ PHX,L,21,1,9,0.111,0,4,0.0,0,0,0.0,1,2,3,1,1,0,0,0,2,-6,1,2021-22,Regular Season,1629014,Anfernee Simons
22021,1629014,0022100177,2021-11-12,POR @ HOU,W,19,3,9,0.333,2,6,0.333,0,0,0.0,2,0,2,1,0,0,4,2,8,20,1,2021-22,Regular Season,1629014,Anfernee Simons
22021,1629014,0022100197,2021-11-14,POR @ DEN,L,28,6,11,0.545,1,5,0.2,3,3,1.0,1,4,5,4,0,1,1,1,16,-14,1,2021-22,Regular Season,1629014,Anfernee Simons
22021,1629014,0022100208,2021-11-15,POR vs. TOR,W,16,3,5,0.6,2,4,0.5,0,0,0.0,0,2,2,1,0,0,0,2,8,6,1,2021-22,Regular Season,1629014,Anfernee Simons
22021,1629014,0022100223,2021-11-17,POR vs. CHI,W,18,1,3,0.333,0,1,0.0,4,5,0.8,0,1,1,2,1,0,1,2,6,-2,1,2021-22,Regular Season,1629014,Anfernee Simons
22021,1629014,0022100246,2021-11-20,POR vs. PHI,W,22,2,7,0.286,1,4,0.25,4,4,1.0,0,2,2,3,0,0,1,0,9,8,1,2021-22,Regular Season,1629014,Anfernee Simons
22021,1629014,0022100265,2021-11-23,POR vs. DEN,W,23,6,12,0.5,2,5,0.4,0,0,0.0,2,3,5,2,0,0,2,3,14,-3,1,2021-22,Regular Season,1629014,Anfernee Simons
22021,1629014,0022100290,2021-11-26,POR @ GSW,L,29,7,13,0.538,5,10,0.5,0,0,0.0,0,6,6,2,3,0,2,2,19,-4,1,2021-22,Regular Season,1629014,Anfernee Simons
22021,1629014,0022100312,2021-11-29,POR @ UTA,L,29,10,15,0.667,4,7,0.571,0,0,0.0,0,1,1,2,0,1,2,3,24,-6,1,2021-22,Regular Season,1629014,Anfernee Simons
22021,1629014,0022100317,2021-11-30,POR vs. DET,W,36,5,14,0.357,2,6,0.333,0,0,0.0,0,6,6,5,0,1,2,4,12,6,1,2021-22,Regular Season,1629014,Anfernee Simons
22021,1629014,0022100332,2021-12-02,POR vs. SAS,L,11,0,3,0.0,0,2,0.0,0,0,0.0,0,0,0,1,0,0,0,1,0,-6,1,2021-22,Regular Season,1629014,Anfernee Simons
22021,1629014,0022100402,2021-12-12,POR vs. MIN,L,33,9,20,0.45,6,12,0.5,2,3,0.667,0,1,1,3,0,0,1,5,26,4,1,2021-22,Regular Season,1629014,Anfernee Simons
22021,1629014,0022100416,2021-12-14,POR vs. PHX,L,33,3,13,0.231,1,6,0.167,1,1,1.0,2,3,5,2,0,0,0,1,8,3,2,2021-22,Regular Season,1629014,Anfernee Simons
22021,1629014,0022100426,2021-12-15,POR vs. MEM,L,30,7,16,0.438,4,6,0.667,4,4,1.0,1,2,3,0,0,0,1,4,22,-29,1,2021-22,Regular Season,1629014,Anfernee Simons
22021,1629014,0022100439,2021-12-17,POR vs. CHA,W,18,3,6,0.5,2,4,0.5,0,0,0.0,0,0,0,2,0,0,3,1,8,-8,1,2021-22,Regular Season,1629014,Anfernee Simons
22021,1629014,0022100450,2021-12-19,POR @ MEM,W,21,2,9,0.222,0,4,0.0,5,5,1.0,1,1,2,2,0,0,2,1,9,13,1,2021-22,Regular Season,1629014,Anfernee Simons
22021,1629014,0022100467,2021-12-21,POR @ NOP,L,31,1,9,0.111,0,3,0.0,0,0,0.0,0,2,2,1,1,0,1,2,2,3,1,2021-22,Regular Season,1629014,Anfernee Simons
22021,1629014,0022100506,2021-12-27,POR vs. DAL,L,27,4,8,0.5,1,4,0.25,2,2,1.0,0,1,1,2,0,0,2,4,11,-8,1,2021-22,Regular Season,1629014,Anfernee Simons
22021,1629014,0022100523,2021-12-29,POR vs. UTA,L,29,3,13,0.231,1,4,0.25,0,0,0.0,3,2,5,5,0,0,2,5,7,-10,1,2021-22,Regular Season,1629014,Anfernee Simons
22021,1629014,0022100560,2022-01-03,POR vs. ATL,W,39,13,21,0.619,9,16,0.563,8,8,1.0,0,3,3,7,0,0,2,3,43,3,1,2021-22,Regular Season,1629014,Anfernee Simons
22021,1629014,0022100576,2022-01-05,POR vs. MIA,L,39,9,17,0.529,5,10,0.5,5,5,1.0,0,1,1,7,2,0,1,3,28,-1,1,2021-22,Regular Season,1629014,Anfernee Simons
22021,1629014,0022100590,2022-01-07,POR vs. CLE,L,34,6,15,0.4,2,8,0.25,0,0,0.0,0,3,3,7,1,1,4,2,14,-12,1,2021-22,Regular Season,1629014,Anfernee Simons
22021,1629014,0022100605,2022-01-09,POR vs. SAC,W,35,10,17,0.588,7,11,0.636,4,4,1.0,1,2,3,6,0,0,4,3,31,10,1,2021-22,Regular Season,1629014,Anfernee Simons
22021,1629014,0022100486,2022-01-10,POR vs. BKN,W,38,10,24,0.417,2,11,0.182,1,2,0.5,0,6,6,11,0,0,3,2,23,13,1,2021-22,Regular Season,1629014,Anfernee Simons
22021,1629014,0022100642,2022-01-15,POR @ WAS,W,40,11,21,0.524,7,14,0.5,2,3,0.667,0,0,0,11,2,0,2,0,31,13,1,2021-22,Regular Season,1629014,Anfernee Simons
22021,1629014,0022100661,2022-01-17,POR @ ORL,W,35,4,11,0.364,0,5,0.0,5,5,1.0,0,2,2,7,0,0,2,1,13,18,1,2021-22,Regular Season,1629014,Anfernee Simons
22021,1629014,0022100672,2022-01-19,POR @ MIA,L,38,9,19,0.474,6,14,0.429,3,4,0.75,0,3,3,7,1,1,3,3,27,6,1,2021-22,Regular Season,1629014,Anfernee Simons
22021,1629014,0022100688,2022-01-21,POR @ BOS,W,38,8,17,0.471,4,8,0.5,1,2,0.5,0,2,2,4,2,0,0,0,21,8,1,2021-22,Regular Season,1629014,Anfernee Simons
22021,1629014,0022100702,2022-01-23,POR @ TOR,W,37,6,18,0.333,5,9,0.556,2,2,1.0,0,3,3,5,1,0,6,2,19,-6,1,2021-22,Regular Season,1629014,Anfernee Simons
22021,1629014,0022100721,2022-01-25,POR vs. MIN,L,34,5,18,0.278,4,13,0.308,3,3,1.0,0,4,4,7,0,0,6,4,17,4,1,2021-22,Regular Season,1629014,Anfernee Simons
22021,1629014,0022100732,2022-01-26,POR vs. DAL,L,36,9,14,0.643,4,7,0.571,1,1,1.0,0,2,2,7,0,0,3,1,23,-10,1,2021-22,Regular Season,1629014,Anfernee Simons
22021,1629014,0022100739,2022-01-28,POR @ HOU,W,35,11,17,0.647,5,9,0.556,0,0,0.0,0,3,3,6,1,0,3,4,27,10,1,2021-22,Regular Season,1629014,Anfernee Simons
22021,1629014,0022100753,2022-01-30,POR @ CHI,L,33,7,18,0.389,5,10,0.5,2,3,0.667,0,3,3,6,1,0,2,0,21,-9,1,2021-22,Regular Season,1629014,Anfernee Simons
22021,1629014,0022100765,2022-01-31,POR @ OKC,L,34,3,16,0.188,2,12,0.167,0,0,0.0,0,5,5,2,0,0,2,2,8,-18,1,2021-22,Regular Season,1629014,Anfernee Simons
22021,1629014,0022100781,2022-02-02,POR @ LAL,L,36,7,18,0.389,3,10,0.3,2,3,0.667,1,1,2,3,1,0,1,4,19,-2,1,2021-22,Regular Season,1629014,Anfernee Simons
22021,1629014,0022100795,2022-02-04,POR vs. OKC,L,37,7,15,0.467,1,6,0.167,4,5,0.8,1,4,5,4,2,0,3,1,19,5,1,2021-22,Regular Season,1629014,Anfernee Simons
22021,1629014,0022100800,2022-02-05,POR vs. MIL,L,28,7,17,0.412,5,13,0.385,0,0,0.0,1,0,1,3,1,0,5,0,19,-35,1,2021-22,Regular Season,1629014,Anfernee Simons
22021,1629014,0022100823,2022-02-08,POR vs. ORL,L,38,7,17,0.412,3,9,0.333,2,3,0.667,1,4,5,5,1,0,2,1,19,-13,1,2021-22,Regular Season,1629014,Anfernee Simons
22021,1629014,0022100829,2022-02-09,POR vs. LAL,W,38,11,23,0.478,5,11,0.455,2,2,1.0,0,0,0,5,0,0,3,0,29,-2,1,2021-22,Regular Season,1629014,Anfernee Simons
22021,1629014,0022100845,2022-02-12,POR vs. NYK,W,37,11,23,0.478,6,12,0.5,2,3,0.667,2,3,5,8,0,0,2,1,30,5,1,2021-22,Regular Season,1629014,Anfernee Simons
22021,1629014,0022100862,2022-02-14,POR @ MIL,W,35,12,24,0.5,7,16,0.438,0,0,0.0,0,2,2,6,1,0,2,2,31,26,1,2021-22,Regular Season,1629014,Anfernee Simons
22021,1629014,0022100879,2022-02-16,POR @ MEM,W,34,11,18,0.611,5,10,0.5,4,4,1.0,0,3,3,6,1,0,3,3,31,-2,1,2021-22,Regular Season,1629014,Anfernee Simons
22021,1629014,0022100894,2022-02-24,POR vs. GSW,L,29,7,14,0.5,4,7,0.571,6,6,1.0,1,2,3,3,0,0,4,3,24,-11,1,2021-22,Regular Season,1629014,Anfernee Simons
22021,1629014,0022100918,2022-02-27,POR vs. DEN,L,29,5,18,0.278,1,9,0.111,5,7,0.714,0,2,2,4,0,0,3,4,16,-20,1,2021-22,Regular Season,1629014,Anfernee Simons
22021,1629014,0022100939,2022-03-02,POR @ PHX,L,28,4,10,0.4,3,4,0.75,0,0,0.0,0,0,0,6,1,0,4,3,11,-31,1,2021-22,Regular Season,1629014,Anfernee Simons
22021,1629014,0022100958,2022-03-05,POR @ MIN,L,40,11,25,0.44,9,17,0.529,7,7,1.0,0,3,3,3,0,0,3,0,38,-2,1,2021-22,Regular Season,1629014,Anfernee Simons
22021,1628991,0022100007,2021-10-20,MEM vs. CLE,W,31,3,12,0.25,3,8,0.375,4,4,1.0,0,6,6,2,0,4,2,2,13,16,1,2021-22,Regular Season,1628991,Jaren Jackson Jr.
22021,1628991,0022100034,2021-10-23,MEM @ LAC,W,31,6,11,0.545,3,5,0.6,6,6,1.0,1,6,7,0,1,1,1,4,21,10,1,2021-22,Regular Season,1628991,Jaren Jackson Jr.
22021,1628991,0022100040,2021-10-24,MEM @ LAL,L,28,3,12,0.25,2,6,0.333,4,4,1.0,1,4,5,0,1,2,1,4,12,9,1,2021-22,Regular Season,1628991,Jaren Jackson Jr.
22021,1628991,0022100063,2021-10-27,MEM @ POR,L,18,3,13,0.231,1,7,0.143,0,0,0.0,1,1,2,4,0,0,2,5,7,2,1,2021-22,Regular Season,1628991,Jaren Jackson Jr.
22021,1628991,0022100070,2021-10-28,MEM @ GSW,W,32,5,16,0.313,3,10,0.3,2,2,1.0,2,6,8,1,1,1,2,4,15,14,1,2021-22,Regular Season,1628991,Jaren Jackson Jr.
22021,1628991,0022100084,2021-10-30,MEM vs. MIA,L,24,3,12,0.25,0,8,0.0,2,2,1.0,1,2,3,1,2,2,2,3,8,-24,1,2021-22,Regular Season,1628991,Jaren Jackson Jr.
22021,1628991,0022100100,2021-11-01,MEM vs. DEN,W,18,4,7,0.571,3,4,0.75,0,0,0.0,0,4,4,0,1,1,1,5,11,3,1,2021-22,Regular Season,1628991,Jaren Jackson Jr.
22021,1628991,0022100114,2021-11-03,MEM vs. DEN,W,30,7,14,0.5,5,9,0.556,3,4,0.75,0,8,8,2,0,3,3,3,22,-1,1,2021-22,Regular Season,1628991,Jaren Jackson Jr.
22021,1628991,0022100126,2021-11-05,MEM @ WAS,L,25,4,14,0.286,1,6,0.167,4,4,1.0,3,6,9,2,1,2,3,0,13,-20,1,2021-22,Regular Season,1628991,Jaren Jackson Jr.
22021,1628991,0022100149,2021-11-08,MEM vs. MIN,W,32,6,11,0.545,2,3,0.667,0,0,0.0,2,6,8,0,1,3,2,6,14,12,1,2021-22,Regular Season,1628991,Jaren Jackson Jr.
22021,1628991,0022100164,2021-11-10,MEM vs. CHA,L,30,8,13,0.615,3,6,0.5,0,0,0.0,3,3,6,2,1,2,0,2,19,10,1,2021-22,Regular Season,1628991,Jaren Jackson Jr.
22021,1628991,0022100178,2021-11-12,MEM vs. PHX,L,26,7,18,0.389,2,6,0.333,3,4,0.75,0,4,4,1,0,2,2,3,19,-12,1,2021-22,Regular Season,1628991,Jaren Jackson Jr.
22021,1628991,0022100188,2021-11-13,MEM @ NOP,L,22,1,8,0.125,0,3,0.0,2,4,0.5,2,1,3,0,2,2,1,3,4,-20,1,2021-22,Regular Season,1628991,Jaren Jackson Jr.
22021,1628991,0022100205,2021-11-15,MEM vs. HOU,W,24,7,14,0.5,2,6,0.333,2,2,1.0,0,7,7,0,2,2,0,1,18,34,1,2021-22,Regular Season,1628991,Jaren Jackson Jr.
22021,1628991,0022100226,2021-11-18,MEM vs. LAC,W,29,7,16,0.438,3,7,0.429,1,1,1.0,2,4,6,1,0,4,1,2,18,17,1,2021-22,Regular Season,1628991,Jaren Jackson Jr.
22021,1628991,0022100245,2021-11-20,MEM @ MIN,L,26,2,9,0.222,0,2,0.0,8,10,0.8,1,3,4,2,0,1,3,4,12,-29,1,2021-22,Regular Season,1628991,Jaren Jackson Jr.
22021,1628991,0022100261,2021-11-22,MEM @ UTA,W,34,9,19,0.474,4,11,0.364,4,5,0.8,3,5,8,0,2,2,0,3,26,-2,1,2021-22,Regular Season,1628991,Jaren Jackson Jr.
22021,1628991,0022100272,2021-11-24,MEM vs. TOR,L,25,6,8,0.75,2,4,0.5,2,2,1.0,0,2,2,1,1,2,0,4,16,1,1,2021-22,Regular Season,1628991,Jaren Jackson Jr.
22021,1628991,0022100285,2021-11-26,MEM vs. ATL,L,23,5,15,0.333,0,5,0.0,4,4,1.0,1,4,5,0,1,1,2,5,14,-25,1,2021-22,Regular Season,1628991,Jaren Jackson Jr.
22021,1628991,0022100303,2021-11-28,MEM vs. SAC,W,22,6,13,0.462,1,4,0.25,4,5,0.8,2,7,9,0,0,2,1,5,17,24,1,2021-22,Regular Season,1628991,Jaren Jackson Jr.
22021,1628991,0022100315,2021-11-30,MEM @ TOR,W,34,8,14,0.571,4,7,0.571,5,6,0.833,1,5,6,1,0,5,2,5,25,21,1,2021-22,Regular Season,1628991,Jaren Jackson Jr.
22021,1628991,0022100330,2021-12-02,MEM vs. OKC,W,20,9,11,0.818,6,7,0.857,3,3,1.0,0,3,3,1,2,2,1,0,27,42,1,2021-22,Regular Season,1628991,Jaren Jackson Jr.
22021,1628991,0022100345,2021-12-04,MEM @ DAL,W,29,5,11,0.455,2,6,0.333,1,4,0.25,0,5,5,2,0,0,1,5,13,9,1,2021-22,Regular Season,1628991,Jaren Jackson Jr.
22021,1628991,0022100356,2021-12-06,MEM @ MIA,W,33,6,16,0.375,2,7,0.286,0,0,0.0,1,2,3,1,1,2,1,2,14,21,1,2021-22,Regular Season,1628991,Jaren Jackson Jr.
22021,1628991,0022100373,2021-12-08,MEM vs. DAL,L,34,9,19,0.474,2,7,0.286,6,8,0.75,2,5,7,1,1,2,3,5,26,-3,1,2021-22,Regular Season,1628991,Jaren Jackson Jr.
22021,1628991,0022100380,2021-12-09,MEM vs. LAL,W,29,9,18,0.5,2,8,0.25,5,6,0.833,0,5,5,0,3,0,3,3,25,7,1,2021-22,Regular Season,1628991,Jaren Jackson Jr.
22021,1628991,0022100409,2021-12-13,MEM vs. PHI,W,26,8,17,0.471,1,6,0.167,5,6,0.833,1,3,4,2,1,2,2,2,22,21,1,2021-22,Regular Season,1628991,Jaren Jackson Jr.
22021,1628991,0022100426,2021-12-15,MEM @ POR,W,24,4,13,0.308,0,4,0.0,1,1,1.0,0,2,2,0,0,2,1,4,9,-21,1,2021-22,Regular Season,1628991,Jaren Jackson Jr.
22021,1628991,0022100440,2021-12-17,MEM @ SAC,W,28,6,15,0.4,0,3,0.0,9,9,1.0,1,5,6,2,1,2,3,4,21,-5,1,2021-22,Regular Season,1628991,Jaren Jackson Jr.
22021,1628991,0022100450,2021-12-19,MEM vs. POR,L,20,3,6,0.5,0,2,0.0,5,6,0.833,1,1,2,1,0,1,2,6,11,-1,1,2021-22,Regular Season,1628991,Jaren Jackson Jr.
22021,1628991,0022100460,2021-12-20,MEM vs. OKC,L,34,5,15,0.333,3,6,0.5,2,2,1.0,2,4,6,0,2,0,3,4,15,5,1,2021-22,Regular Season,1628991,Jaren Jackson Jr.
22021,1628991,0022100485,2021-12-23,MEM @ GSW,L,29,6,12,0.5,1,3,0.333,7,9,0.778,3,2,5,2,1,1,3,3,20,-12,1,2021-22,Regular Season,1628991,Jaren Jackson Jr.
22021,1628991,0022100496,2021-12-26,MEM @ SAC,W,26,5,18,0.278,1,8,0.125,10,13,0.769,1,5,6,3,1,2,1,4,21,12,1,2021-22,Regular Season,1628991,Jaren Jackson Jr.
22021,1628991,0022100505,2021-12-27,MEM @ PHX,W,29,3,11,0.273,1,5,0.2,4,4,1.0,0,3,3,1,0,2,2,2,11,4,1,2021-22,Regular Season,1628991,Jaren Jackson Jr.
22021,1628991,0022100520,2021-12-29,MEM vs. LAL,W,33,5,14,0.357,1,4,0.25,4,6,0.667,1,3,4,1,3,1,1,2,15,-1,1,2021-22,Regular Season,1628991,Jaren Jackson Jr.
22021,1628991,0022100535,2021-12-31,MEM vs. SAS,W,31,5,17,0.294,1,5,0.2,1,2,0.5,4,7,11,3,2,3,2,3,12,-1,1,2021-22,Regular Season,1628991,Jaren Jackson Jr.
22021,1628991,0022100554,2022-01-03,MEM @ BKN,W,25,2,12,0.167,0,5,0.0,1,3,0.333,2,3,5,2,1,3,3,4,5,10,1,2021-22,Regular Season,1628991,Jaren Jackson Jr.
22021,1628991,0022100562,2022-01-04,MEM @ CLE,W,30,7,14,0.5,3,8,0.375,5,5,1.0,1,2,3,1,1,0,2,5,22,-7,1,2021-22,Regular Season,1628991,Jaren Jackson Jr.
22021,1628991,0022100579,2022-01-06,MEM vs. DET,W,27,5,13,0.385,1,4,0.25,0,0,0.0,2,4,6,0,1,2,1,2,11,28,1,2021-22,Regular Season,1628991,Jaren Jackson Jr.
22021,1628991,0022100591,2022-01-08,MEM @ LAC,W,29,7,17,0.412,2,6,0.333,10,10,1.0,2,6,8,3,3,5,1,4,26,31,1,2021-22,Regular Season,1628991,Jaren Jackson Jr.
22021,1628991,0022100606,2022-01-09,MEM @ LAL,W,29,7,14,0.5,1,5,0.2,6,7,0.857,4,8,12,1,1,6,2,3,21,22,1,2021-22,Regular Season,1628991,Jaren Jackson Jr.
22021,1628991,0022100614,2022-01-11,MEM vs. GSW,W,22,5,13,0.385,1,4,0.25,2,2,1.0,2,9,11,0,3,3,2,4,13,16,1,2021-22,Regular Season,1628991,Jaren Jackson Jr.
22021,1628991,0022100628,2022-01-13,MEM vs. MIN,W,33,6,10,0.6,2,3,0.667,6,10,0.6,1,4,5,1,1,5,2,3,20,6,1,2021-22,Regular Season,1628991,Jaren Jackson Jr.
22021,1628991,0022100639,2022-01-14,MEM vs. DAL,L,27,4,14,0.286,0,6,0.0,0,0,0.0,1,7,8,0,1,1,2,2,8,-15,1,2021-22,Regular Season,1628991,Jaren Jackson Jr.
22021,1628991,0022100658,2022-01-17,MEM vs. CHI,W,25,6,11,0.545,1,2,0.5,1,1,1.0,1,4,5,0,0,5,3,2,14,2,1,2021-22,Regular Season,1628991,Jaren Jackson Jr.
22021,1628991,0022100674,2022-01-19,MEM @ MIL,L,31,9,20,0.45,2,6,0.333,9,10,0.9,1,8,9,1,0,4,4,5,29,-17,1,2021-22,Regular Season,1628991,Jaren Jackson Jr.
22021,1628991,0022100692,2022-01-21,MEM @ DEN,W,28,8,17,0.471,2,4,0.5,2,6,0.333,1,4,5,1,0,4,2,4,20,-9,1,2021-22,Regular Season,1628991,Jaren Jackson Jr.
22021,1628991,0022100705,2022-01-23,MEM @ DAL,L,35,4,17,0.235,1,4,0.25,1,2,0.5,3,1,4,0,1,0,2,4,10,-13,1,2021-22,Regular Season,1628991,Jaren Jackson Jr.
22021,1628991,0022100728,2022-01-26,MEM @ SAS,W,32,9,14,0.643,1,3,0.333,3,7,0.429,3,6,9,0,0,6,2,2,22,4,1,2021-22,Regular Season,1628991,Jaren Jackson Jr.
22021,1628991,0022100740,2022-01-28,MEM vs. UTA,W,30,8,11,0.727,1,2,0.5,1,1,1.0,0,5,5,3,2,5,2,5,18,-7,1,2021-22,Regular Season,1628991,Jaren Jackson Jr.
22021,1628991,0022100749,2022-01-29,MEM vs. WAS,W,23,3,10,0.3,1,2,0.5,3,3,1.0,1,6,7,2,2,2,2,4,10,11,1,2021-22,Regular Season,1628991,Jaren Jackson Jr.
22021,1628991,0022100761,2022-01-31,MEM @ PHI,L,35,7,17,0.412,1,5,0.2,3,6,0.5,4,3,7,1,1,2,0,3,18,-1,1,2021-22,Regular Season,1628991,Jaren Jackson Jr.
22021,1628991,0022100776,2022-02-02,MEM @ NYK,W,34,8,14,0.571,4,7,0.571,6,7,0.857,0,10,10,1,1,2,0,1,26,8,1,2021-22,Regular Season,1628991,Jaren Jackson Jr.
22021,1628991,0022100796,2022-02-05,MEM @ ORL,W,29,8,19,0.421,2,9,0.222,3,5,0.6,2,4,6,0,1,1,1,3,21,9,1,2021-22,Regular Season,1628991,Jaren Jackson Jr.
22021,1628991,0022100818,2022-02-08,MEM vs. LAC,W,26,8,14,0.571,1,3,0.333,9,9,1.0,8,3,11,1,1,1,0,3,26,6,1,2021-22,Regular Season,1628991,Jaren Jackson Jr.
22021,1628991,0022100831,2022-02-10,MEM @ DET,W,24,2,9,0.222,2,3,0.667,6,6,1.0,1,5,6,2,0,0,4,4,12,2,1,2021-22,Regular Season,1628991,Jaren Jackson Jr.
22021,1628991,0022100846,2022-02-12,MEM @ CHA,W,31,5,17,0.294,4,12,0.333,4,6,0.667,4,6,10,1,1,2,0,6,18,-4,1,2021-22,Regular Season,1628991,Jaren Jackson Jr.
22021,1628991,0022100872,2022-02-15,MEM @ NOP,W,25,8,20,0.4,3,9,0.333,4,5,0.8,4,3,7,2,1,1,0,1,23,2,1,2021-22,Regular Season,1628991,Jaren Jackson Jr.
22021,1628991,0022100879,2022-02-16,MEM vs. POR,L,26,2,10,0.2,0,4,0.0,3,4,0.75,1,2,3,0,0,3,1,5,7,-4,1,2021-22,Regular Season,1628991,Jaren Jackson Jr.
22021,1628991,0022100892,2022-02-24,MEM @ MIN,L,32,6,15,0.4,0,2,0.0,9,11,0.818,5,6,11,1,2,3,1,3,21,-7,1,2021-22,Regular Season,1628991,Jaren Jackson Jr.
22021,1628991,0022100909,2022-02-26,MEM @ CHI,W,26,4,12,0.333,0,2,0.0,0,0,0.0,1,3,4,1,0,4,1,5,8,5,1,2021-22,Regular Season,1628991,Jaren Jackson Jr.
22021,1628991,0022100923,2022-02-28,MEM vs. SAS,W,20,2,3,0.667,1,1,1.0,1,2,0.5,2,3,5,1,2,1,5,5,6,-3,1,2021-22,Regular Season,1628991,Jaren Jackson Jr.
22021,1628991,0022100940,2022-03-03,MEM @ BOS,L,36,9,18,0.5,1,5,0.2,1,2,0.5,3,4,7,1,0,1,2,4,20,-7,1,2021-22,Regular Season,1628991,Jaren Jackson Jr.
22021,1628991,0022100957,2022-03-05,MEM vs. ORL,W,25,2,11,0.182,0,3,0.0,9,11,0.818,0,3,3,0,0,3,0,2,13,18,1,2021-22,Regular Season,1628991,Jaren Jackson Jr.
22021,1628991,0022100964,2022-03-06,MEM @ HOU,L,13,4,8,0.5,0,1,0.0,0,0,0.0,1,2,3,0,1,1,2,5,8,1,1,2021-22,Regular Season,1628991,Jaren Jackson Jr.
22021,1628991,0022100978,2022-03-08,MEM vs. NOP,W,24,7,13,0.538,2,6,0.333,6,6,1.0,0,3,3,0,1,3,0,4,22,47,1,2021-22,Regular Season,1628991,Jaren Jackson Jr.
22021,1628991,0022101000,2022-03-11,MEM vs. NYK,W,27,4,9,0.444,2,4,0.5,3,3,1.0,1,3,4,1,0,5,1,5,13,4,1,2021-22,Regular Season,1628991,Jaren Jackson Jr.
22021,1628991,0022101018,2022-03-13,MEM @ OKC,W,30,5,13,0.385,2,4,0.5,6,6,1.0,2,3,5,2,0,1,1,3,18,20,1,2021-22,Regular Season,1628991,Jaren Jackson Jr.
22021,1628991,0022101029,2022-03-15,MEM @ IND,W,21,8,16,0.5,0,2,0.0,3,4,0.75,4,4,8,1,2,3,0,2,19,29,1,2021-22,Regular Season,1628991,Jaren Jackson Jr.
22021,1628991,0022101047,2022-03-18,MEM @ ATL,L,24,5,10,0.5,2,4,0.5,3,3,1.0,2,4,6,1,1,2,4,5,15,-9,1,2021-22,Regular Season,1628991,Jaren Jackson Jr.
22021,1628991,0022101063,2022-03-20,MEM @ HOU,W,21,4,9,0.444,3,5,0.6,4,4,1.0,0,5,5,3,1,3,3,5,15,11,1,2021-22,Regular Season,1628991,Jaren Jackson Jr.
22021,1628991,0022101089,2022-03-23,MEM vs. BKN,W,33,4,13,0.308,2,5,0.4,3,3,1.0,1,4,5,2,0,4,1,3,13,14,1,2021-22,Regular Season,1628991,Jaren Jackson Jr.
22021,1628991,0022101096,2022-03-24,MEM vs. IND,W,17,7,13,0.538,4,7,0.571,2,2,1.0,0,2,2,1,1,2,3,5,20,18,1,2021-22,Regular Season,1628991,Jaren Jackson Jr.
22021,1628991,0022101112,2022-03-26,MEM vs. MIL,W,27,5,14,0.357,0,4,0.0,6,6,1.0,2,4,6,0,1,2,2,5,16,8,1,2021-22,Regular Season,1628991,Jaren Jackson Jr.
22021,1628991,0022101144,2022-03-30,MEM @ SAS,W,25,4,10,0.4,1,6,0.167,0,0,0.0,1,4,5,5,1,2,2,2,9,5,1,2021-22,Regular Season,1628991,Jaren Jackson Jr.
22021,1628991,0022101187,2022-04-05,MEM @ UTA,L,39,8,27,0.296,3,10,0.3,9,10,0.9,1,6,7,2,1,3,1,4,28,-1,1,2021-22,Regular Season,1628991,Jaren Jackson Jr.
22021,1628991,0022101201,2022-04-07,MEM @ DEN,L,24,4,9,0.444,1,3,0.333,1,2,0.5,1,1,2,1,1,1,1,2,10,-18,1,2021-22,Regular Season,1628991,Jaren Jackson Jr.
22021,1628991,0022101213,2022-04-09,MEM vs. NOP,W,22,2,4,0.5,1,3,0.333,7,7,1.0,0,9,9,0,0,4,2,2,12,25,1,2021-22,Regular Season,1628991,Jaren Jackson Jr.
42021,1628991,0042100151,2022-04-16,MEM vs. MIN,L,24,4,13,0.308,0,5,0.0,4,5,0.8,0,4,4,1,0,7,2,5,12,-16,1,2021-22,Playoffs,1628991,Jaren Jackson Jr.
42021,1628991,0042100152,2022-04-19,MEM vs. MIN,W,27,5,12,0.417,4,7,0.571,2,4,0.5,5,2,7,0,1,1,0,4,16,21,1,2021-22,Playoffs,1628991,Jaren Jackson Jr.
42021,1628991,0042100153,2022-04-21,MEM @ MIN,W,21,2,6,0.333,1,4,0.25,1,1,1.0,2,5,7,0,2,2,1,5,6,14,1,2021-22,Playoffs,1628991,Jaren Jackson Jr.
42021,1628991,0042100154,2022-04-23,MEM @ MIN,L,23,3,6,0.5,1,3,0.333,0,0,0.0,0,6,6,0,0,2,4,6,7,-1,1,2021-22,Playoffs,1628991,Jaren Jackson Jr.
42021,1628991,0042100155,2022-04-26,MEM vs. MIN,W,18,4,9,0.444,1,3,0.333,3,5,0.6,4,1,5,1,0,2,2,6,12,-2,1,2021-22,Playoffs,1628991,Jaren Jackson Jr.
42021,1628991,0042100156,2022-04-29,MEM @ MIN,W,34,6,15,0.4,3,6,0.5,3,4,0.75,3,11,14,1,1,2,1,5,18,10,1,2021-22,Playoffs,1628991,Jaren Jackson Jr.
42021,1628991,0042100231,2022-05-01,MEM vs. GSW,L,31,10,18,0.556,6,9,0.667,7,9,0.778,6,4,10,1,0,1,3,3,33,-5,1,2021-22,Playoffs,1628991,Jaren Jackson Jr.
42021,1628991,0042100232,2022-05-03,MEM vs. GSW,W,29,3,14,0.214,2,7,0.286,4,4,1.0,2,6,8,1,0,2,1,6,12,4,1,2021-22,Playoffs,1628991,Jaren Jackson Jr.
42021,1628991,0042100233,2022-05-07,MEM @ GSW,L,29,4,13,0.308,4,8,0.5,3,4,0.75,0,3,3,3,2,0,1,3,15,-14,1,2021-22,Playoffs,1628991,Jaren Jackson Jr.
42021,1628991,0042100234,2022-05-09,MEM @ GSW,L,34,7,21,0.333,0,7,0.0,7,8,0.875,1,4,5,0,2,5,0,5,21,-2,1,2021-22,Playoffs,1628991,Jaren Jackson Jr.
42021,1628991,0042100235,2022-05-11,MEM vs. GSW,W,25,6,10,0.6,4,6,0.667,5,6,0.833,3,5,8,3,1,2,2,3,21,42,1,2021-22,Playoffs,1628991,Jaren Jackson Jr.
42021,1628991,0042100236,2022-05-13,MEM @ GSW,L,38,5,19,0.263,1,7,0.143,1,3,0.333,0,4,4,0,0,4,0,2,12,-12,1,2021-22,Playoffs,1628991,Jaren Jackson Jr.
22021,1629636,0022100007,2021-10-20,CLE @ MEM,L,32,5,15,0.333,3,10,0.3,0,0,0.0,0,1,1,12,0,0,2,2,13,0,1,2021-22,Regular Season,1629636,Darius Garland
22021,1629636,0022100048,2021-10-25,CLE @ DEN,W,31,4,9,0.444,1,3,0.333,0,0,0.0,1,2,3,7,1,0,3,1,9,12,1,2021-22,Regular Season,1629636,Darius Garland
22021,1629636,0022100064,2021-10-27,CLE @ LAC,W,28,5,8,0.625,2,3,0.667,4,4,1.0,0,4,4,6,1,0,6,0,16,10,1,2021-22,Regular Season,1629636,Darius Garland
22021,1629636,0022100077,2021-10-29,CLE @ LAL,L,32,6,14,0.429,3,9,0.333,3,4,0.75,0,1,1,11,1,0,6,0,18,-5,1,2021-22,Regular Season,1629636,Darius Garland
22021,1629636,0022100088,2021-10-30,CLE @ PHX,L,32,5,11,0.455,1,5,0.2,0,0,0.0,0,3,3,5,2,1,6,1,11,-8,1,2021-22,Regular Season,1629636,Darius Garland
22021,1629636,0022100094,2021-11-01,CLE @ CHA,W,35,5,13,0.385,1,6,0.167,5,7,0.714,0,3,3,4,3,0,3,1,16,-9,1,2021-22,Regular Season,1629636,Darius Garland
22021,1629636,0022100108,2021-11-03,CLE vs. POR,W,36,6,9,0.667,5,6,0.833,2,2,1.0,0,2,2,10,1,0,3,2,19,4,1,2021-22,Regular Season,1629636,Darius Garland
22021,1629636,0022100127,2021-11-05,CLE @ TOR,W,36,8,12,0.667,2,3,0.667,3,3,1.0,0,1,1,8,1,0,4,1,21,1,1,2021-22,Regular Season,1629636,Darius Garland
22021,1629636,0022100140,2021-11-07,CLE @ NYK,W,35,6,14,0.429,4,5,0.8,0,0,0.0,0,3,3,5,1,0,3,1,16,19,1,2021-22,Regular Season,1629636,Darius Garland
22021,1629636,0022100158,2021-11-10,CLE vs. WAS,L,36,8,16,0.5,3,10,0.3,0,0,0.0,0,1,1,4,1,0,4,2,19,5,1,2021-22,Regular Season,1629636,Darius Garland
22021,1629636,0022100176,2021-11-12,CLE vs. DET,W,35,8,14,0.571,4,9,0.444,1,1,1.0,0,2,2,7,2,0,2,2,21,29,1,2021-22,Regular Season,1629636,Darius Garland
22021,1629636,0022100190,2021-11-13,CLE vs. BOS,W,36,7,15,0.467,2,8,0.25,6,6,1.0,1,3,4,6,1,0,3,2,22,-4,1,2021-22,Regular Season,1629636,Darius Garland
22021,1629636,0022100199,2021-11-15,CLE vs. BOS,L,35,6,15,0.4,3,7,0.429,2,3,0.667,0,1,1,2,1,0,3,2,17,-9,1,2021-22,Regular Season,1629636,Darius Garland
22021,1629636,0022100216,2021-11-17,CLE @ BKN,L,40,10,26,0.385,3,13,0.231,1,1,1.0,1,4,5,6,3,0,3,0,24,-11,1,2021-22,Regular Season,1629636,Darius Garland
22021,1629636,0022100224,2021-11-18,CLE vs. GSW,L,38,10,22,0.455,4,11,0.364,1,1,1.0,1,0,1,5,2,0,7,2,25,-2,1,2021-22,Regular Season,1629636,Darius Garland
22021,1629636,0022100253,2021-11-22,CLE vs. BKN,L,39,9,27,0.333,2,10,0.2,4,4,1.0,2,3,5,11,0,0,2,3,24,13,1,2021-22,Regular Season,1629636,Darius Garland
22021,1629636,0022100267,2021-11-24,CLE vs. PHX,L,30,8,19,0.421,0,6,0.0,3,5,0.6,1,2,3,7,1,0,2,6,19,-10,1,2021-22,Regular Season,1629636,Darius Garland
22021,1629636,0022100295,2021-11-27,CLE vs. ORL,W,36,11,21,0.524,3,7,0.429,1,2,0.5,1,3,4,11,1,0,4,2,26,16,1,2021-22,Regular Season,1629636,Darius Garland
22021,1629636,0022100310,2021-11-29,CLE @ DAL,W,33,7,13,0.538,1,3,0.333,3,3,1.0,0,2,2,9,0,0,5,3,18,22,1,2021-22,Regular Season,1629636,Darius Garland
22021,1629636,0022100323,2021-12-01,CLE @ MIA,W,37,6,13,0.462,4,8,0.5,0,0,0.0,0,3,3,7,0,0,5,1,16,23,1,2021-22,Regular Season,1629636,Darius Garland
22021,1629636,0022100334,2021-12-03,CLE @ WAS,W,34,11,17,0.647,5,6,0.833,5,5,1.0,1,7,8,10,1,0,7,6,32,29,1,2021-22,Regular Season,1629636,Darius Garland
22021,1629636,0022100349,2021-12-05,CLE vs. UTA,L,35,11,19,0.579,5,8,0.625,4,4,1.0,2,2,4,5,4,1,4,1,31,-7,1,2021-22,Regular Season,1629636,Darius Garland
22021,1629636,0022100358,2021-12-06,CLE @ MIL,L,35,3,12,0.25,1,3,0.333,3,3,1.0,0,3,3,9,0,0,4,0,10,-6,1,2021-22,Regular Season,1629636,Darius Garland
22021,1629636,0022100367,2021-12-08,CLE vs. CHI,W,33,9,16,0.563,3,7,0.429,3,3,1.0,0,3,3,6,1,0,2,3,24,20,1,2021-22,Regular Season,1629636,Darius Garland
22021,1629636,0022100387,2021-12-10,CLE @ MIN,W,31,5,10,0.5,2,5,0.4,0,0,0.0,0,2,2,12,1,0,5,2,12,29,1,2021-22,Regular Season,1629636,Darius Garland
22021,1629636,0022100393,2021-12-11,CLE vs. SAC,W,37,7,17,0.412,1,6,0.167,1,1,1.0,0,6,6,13,3,1,5,3,16,19,1,2021-22,Regular Season,1629636,Darius Garland
22021,1629636,0022100404,2021-12-13,CLE vs. MIA,W,36,5,16,0.313,3,7,0.429,3,3,1.0,0,4,4,5,3,0,3,2,16,2,1,2021-22,Regular Season,1629636,Darius Garland
22021,1629636,0022100417,2021-12-15,CLE vs. HOU,W,25,7,11,0.636,3,6,0.5,4,4,1.0,1,1,2,3,0,0,1,1,21,30,1,2021-22,Regular Season,1629636,Darius Garland
22021,1629636,0022100446,2021-12-18,CLE @ MIL,W,32,10,13,0.769,2,4,0.5,0,0,0.0,0,4,4,6,1,0,2,0,22,16,1,2021-22,Regular Season,1629636,Darius Garland
22021,1629636,0022100471,2021-12-22,CLE @ BOS,L,40,11,22,0.5,2,8,0.25,4,4,1.0,0,2,2,6,3,0,3,0,28,-6,1,2021-22,Regular Season,1629636,Darius Garland
22021,1629636,0022100494,2021-12-26,CLE vs. TOR,W,29,9,17,0.529,3,9,0.333,1,1,1.0,1,3,4,8,2,0,4,0,22,37,1,2021-22,Regular Season,1629636,Darius Garland
22021,1629636,0022100562,2022-01-04,CLE vs. MEM,L,36,9,26,0.346,3,10,0.3,6,6,1.0,3,1,4,10,0,0,1,1,27,-3,1,2021-22,Regular Season,1629636,Darius Garland
22021,1629636,0022100590,2022-01-07,CLE @ POR,W,39,10,17,0.588,5,8,0.625,1,1,1.0,0,1,1,6,1,0,3,1,26,9,1,2021-22,Regular Season,1629636,Darius Garland
22021,1629636,0022100604,2022-01-09,CLE @ GSW,L,33,3,12,0.25,2,7,0.286,1,2,0.5,0,2,2,4,1,0,4,2,9,-22,1,2021-22,Regular Season,1629636,Darius Garland
22021,1629636,0022100611,2022-01-10,CLE @ SAC,W,34,5,13,0.385,1,6,0.167,1,1,1.0,1,4,5,11,1,0,4,2,12,10,1,2021-22,Regular Season,1629636,Darius Garland
22021,1629636,0022100624,2022-01-12,CLE @ UTA,W,34,3,11,0.273,1,8,0.125,4,4,1.0,0,10,10,14,1,0,2,4,11,22,1,2021-22,Regular Season,1629636,Darius Garland
22021,1629636,0022100638,2022-01-14,CLE @ SAS,W,37,11,25,0.44,4,8,0.5,6,6,1.0,0,4,4,8,1,1,1,1,32,3,1,2021-22,Regular Season,1629636,Darius Garland
22021,1629636,0022100646,2022-01-15,CLE @ OKC,W,37,11,20,0.55,1,7,0.143,4,4,1.0,2,3,5,18,1,0,2,3,27,9,1,2021-22,Regular Season,1629636,Darius Garland
22021,1629636,0022100657,2022-01-17,CLE vs. BKN,W,36,10,19,0.526,2,5,0.4,0,0,0.0,2,4,6,12,2,0,6,1,22,6,1,2021-22,Regular Season,1629636,Darius Garland
22021,1629636,0022100673,2022-01-19,CLE @ CHI,L,40,9,18,0.5,1,6,0.167,1,2,0.5,2,3,5,12,0,0,4,2,20,-9,1,2021-22,Regular Season,1629636,Darius Garland
22021,1629636,0022100695,2022-01-22,CLE vs. OKC,W,39,9,20,0.45,1,4,0.25,4,4,1.0,0,1,1,11,1,0,8,4,23,23,1,2021-22,Regular Season,1629636,Darius Garland
22021,1629636,0022100709,2022-01-24,CLE vs. NYK,W,39,6,19,0.316,1,6,0.167,0,0,0.0,0,2,2,12,2,0,6,1,13,5,1,2021-22,Regular Season,1629636,Darius Garland
22021,1629636,0022100722,2022-01-26,CLE vs. MIL,W,26,7,12,0.583,3,5,0.6,2,3,0.667,0,2,2,8,1,0,1,0,19,13,1,2021-22,Regular Season,1629636,Darius Garland
22021,1629636,0022100754,2022-01-30,CLE @ DET,L,36,9,18,0.5,5,10,0.5,1,1,1.0,0,4,4,7,0,0,2,1,24,-8,1,2021-22,Regular Season,1629636,Darius Garland
22021,1629636,0022100825,2022-02-09,CLE vs. SAS,W,30,12,15,0.8,3,3,1.0,0,0,0.0,0,5,5,6,1,0,6,2,27,13,1,2021-22,Regular Season,1629636,Darius Garland
22021,1629636,0022100849,2022-02-12,CLE @ PHI,L,35,11,23,0.478,3,6,0.5,2,2,1.0,0,4,4,1,0,0,6,1,27,-9,1,2021-22,Regular Season,1629636,Darius Garland
22021,1629636,0022100867,2022-02-15,CLE @ ATL,L,35,12,22,0.545,4,10,0.4,2,2,1.0,0,2,2,8,1,1,4,3,30,-2,1,2021-22,Regular Season,1629636,Darius Garland
22021,1629636,0022100932,2022-03-02,CLE vs. CHA,L,33,13,22,0.591,5,10,0.5,2,4,0.5,0,3,3,4,1,0,7,3,33,-17,1,2021-22,Regular Season,1629636,Darius Garland
22021,1629636,0022100947,2022-03-04,CLE @ PHI,L,43,10,22,0.455,4,8,0.5,2,2,1.0,1,3,4,19,2,1,5,2,26,3,1,2021-22,Regular Season,1629636,Darius Garland
22021,1629636,0022100962,2022-03-06,CLE vs. TOR,W,34,5,12,0.417,1,5,0.2,6,6,1.0,1,2,3,10,2,0,7,2,17,-4,1,2021-22,Regular Season,1629636,Darius Garland
22021,1629636,0022100976,2022-03-08,CLE @ IND,W,37,14,26,0.538,4,9,0.444,9,9,1.0,2,3,5,13,2,0,4,2,41,18,1,2021-22,Regular Season,1629636,Darius Garland
22021,1629636,0022100998,2022-03-11,CLE @ MIA,L,36,4,17,0.235,1,6,0.167,15,16,0.938,1,1,2,10,1,0,7,4,24,-9,1,2021-22,Regular Season,1629636,Darius Garland
22021,1629636,0022101006,2022-03-12,CLE @ CHI,L,42,9,24,0.375,0,3,0.0,7,8,0.875,1,6,7,7,1,0,6,3,25,-8,1,2021-22,Regular Season,1629636,Darius Garland
22021,1629636,0022101020,2022-03-14,CLE vs. LAC,W,46,8,21,0.381,4,9,0.444,4,4,1.0,0,2,2,13,1,0,3,2,24,11,1,2021-22,Regular Season,1629636,Darius Garland
22021,1629636,0022101034,2022-03-16,CLE vs. PHI,L,38,5,15,0.333,1,4,0.25,11,12,0.917,2,3,5,7,1,0,2,0,22,-12,1,2021-22,Regular Season,1629636,Darius Garland
22021,1629636,0022101049,2022-03-18,CLE vs. DEN,W,45,9,20,0.45,2,4,0.5,5,7,0.714,1,3,4,14,1,0,2,2,25,25,1,2021-22,Regular Season,1629636,Darius Garland
22021,1629636,0022101060,2022-03-19,CLE vs. DET,W,41,8,18,0.444,1,6,0.167,7,8,0.875,0,1,1,12,2,0,4,3,24,4,1,2021-22,Regular Season,1629636,Darius Garland
22021,1629636,0022101072,2022-03-21,CLE vs. LAL,L,41,10,23,0.435,2,8,0.25,7,7,1.0,0,2,2,17,1,0,1,2,29,1,1,2021-22,Regular Season,1629636,Darius Garland
22021,1629636,0022101095,2022-03-24,CLE @ TOR,L,38,7,18,0.389,1,6,0.167,3,3,1.0,1,2,3,10,0,0,4,1,18,-17,1,2021-22,Regular Season,1629636,Darius Garland
22021,1629636,0022101110,2022-03-26,CLE vs. CHI,L,44,9,22,0.409,1,7,0.143,9,11,0.818,2,4,6,5,2,0,2,1,28,4,1,2021-22,Regular Season,1629636,Darius Garland
22021,1629636,0022101123,2022-03-28,CLE vs. ORL,W,40,7,17,0.412,5,10,0.5,6,6,1.0,0,3,3,12,3,0,3,0,25,15,1,2021-22,Regular Season,1629636,Darius Garland
22021,1629636,0022101136,2022-03-30,CLE vs. DAL,L,37,10,17,0.588,4,4,1.0,1,2,0.5,0,5,5,10,4,0,4,0,25,10,1,2021-22,Regular Season,1629636,Darius Garland
22021,1629636,0022100452,2022-03-31,CLE @ ATL,L,30,7,21,0.333,1,4,0.25,3,5,0.6,1,0,1,8,1,1,3,0,18,-21,1,2021-22,Regular Season,1629636,Darius Garland
22021,1629636,0022101162,2022-04-02,CLE @ NYK,W,36,8,19,0.421,5,9,0.556,3,4,0.75,0,0,0,13,0,0,4,3,24,22,1,2021-22,Regular Season,1629636,Darius Garland
22021,1629636,0022101170,2022-04-03,CLE vs. PHI,L,37,7,18,0.389,3,5,0.6,6,6,1.0,2,2,4,4,4,0,1,3,23,0,1,2021-22,Regular Season,1629636,Darius Garland
22021,1629636,0022101179,2022-04-05,CLE @ ORL,L,41,11,24,0.458,2,6,0.333,3,5,0.6,1,5,6,10,2,0,1,0,27,-1,1,2021-22,Regular Season,1629636,Darius Garland
22021,1629636,0022101205,2022-04-08,CLE @ BKN,L,41,12,24,0.5,3,6,0.5,4,4,1.0,0,0,0,3,2,0,2,1,31,-3,1,2021-22,Regular Season,1629636,Darius Garland
22021,1629636,0022101218,2022-04-10,CLE vs. MIL,W,23,4,7,0.571,3,5,0.6,0,0,0.0,0,2,2,8,0,0,0,0,11,38,1,2021-22,Regular Season,1629636,Darius Garland
22021,1628401,0022100010,2021-10-20,SAS vs. ORL,W,30,6,11,0.545,3,4,0.75,1,3,0.333,0,4,4,4,1,0,0,2,16,9,1,2021-22,Regular Season,1628401,Derrick White
22021,1628401,0022100024,2021-10-22,SAS @ DEN,L,37,5,13,0.385,2,7,0.286,4,4,1.0,0,2,2,8,2,2,2,1,16,1,1,2021-22,Regular Season,1628401,Derrick White
22021,1628401,0022100032,2021-10-23,SAS vs. MIL,L,31,6,12,0.5,1,5,0.2,1,1,1.0,0,2,2,8,4,1,2,4,14,-4,1,2021-22,Regular Season,1628401,Derrick White
22021,1628401,0022100053,2021-10-26,SAS vs. LAL,L,32,3,10,0.3,1,6,0.167,0,0,0.0,0,5,5,6,1,1,3,2,7,-22,1,2021-22,Regular Season,1628401,Derrick White
22021,1628401,0022100069,2021-10-28,SAS @ DAL,L,33,4,11,0.364,0,3,0.0,1,1,1.0,0,1,1,7,1,2,3,2,9,-2,1,2021-22,Regular Season,1628401,Derrick White
22021,1628401,0022100085,2021-10-30,SAS @ MIL,W,33,6,12,0.5,3,8,0.375,2,6,0.333,0,2,2,4,0,1,1,1,17,-2,1,2021-22,Regular Season,1628401,Derrick White
22021,1628401,0022100095,2021-11-01,SAS @ IND,L,27,4,10,0.4,3,5,0.6,2,2,1.0,0,2,2,7,0,0,0,2,13,-23,1,2021-22,Regular Season,1628401,Derrick White
22021,1628401,0022100116,2021-11-03,SAS vs. DAL,L,36,6,10,0.6,1,2,0.5,6,6,1.0,1,2,3,3,1,1,3,4,19,4,1,2021-22,Regular Season,1628401,Derrick White
22021,1628401,0022100125,2021-11-05,SAS @ ORL,W,33,4,14,0.286,2,6,0.333,2,2,1.0,1,9,10,4,0,1,2,1,12,10,1,2021-22,Regular Season,1628401,Derrick White
22021,1628401,0022100144,2021-11-07,SAS @ OKC,L,27,0,10,0.0,0,4,0.0,0,0,0.0,1,2,3,5,1,1,0,2,0,-14,1,2021-22,Regular Season,1628401,Derrick White
22021,1628401,0022100166,2021-11-10,SAS vs. SAC,W,30,1,6,0.167,0,2,0.0,0,0,0.0,1,3,4,6,2,1,1,3,2,12,1,2021-22,Regular Season,1628401,Derrick White
22021,1628401,0022100181,2021-11-12,SAS vs. DAL,L,22,2,5,0.4,1,2,0.5,0,0,0.0,0,0,0,5,0,1,2,3,5,-10,1,2021-22,Regular Season,1628401,Derrick White
22021,1628401,0022100192,2021-11-14,SAS @ LAL,L,29,4,10,0.4,2,7,0.286,0,0,0.0,0,3,3,5,2,0,2,3,10,-22,1,2021-22,Regular Season,1628401,Derrick White
22021,1628401,0022100212,2021-11-16,SAS @ LAC,L,32,8,14,0.571,1,4,0.25,2,2,1.0,0,3,3,3,1,0,3,4,19,3,1,2021-22,Regular Season,1628401,Derrick White
22021,1628401,0022100227,2021-11-18,SAS @ MIN,L,23,1,4,0.25,0,2,0.0,2,2,1.0,1,1,2,4,1,0,0,2,4,-7,1,2021-22,Regular Season,1628401,Derrick White
22021,1628401,0022100260,2021-11-22,SAS vs. PHX,L,40,8,17,0.471,1,5,0.2,2,2,1.0,1,3,4,4,2,2,0,2,19,9,1,2021-22,Regular Season,1628401,Derrick White
22021,1628401,0022100277,2021-11-24,SAS vs. ATL,L,30,3,12,0.25,1,6,0.167,0,0,0.0,1,1,2,3,2,2,2,3,7,-26,1,2021-22,Regular Season,1628401,Derrick White
22021,1628401,0022100287,2021-11-26,SAS vs. BOS,W,37,5,16,0.313,3,9,0.333,4,4,1.0,2,6,8,7,0,2,2,1,17,16,1,2021-22,Regular Season,1628401,Derrick White
22021,1628401,0022100311,2021-11-29,SAS vs. WAS,W,33,10,21,0.476,3,7,0.429,1,1,1.0,2,3,5,5,1,1,1,1,24,11,1,2021-22,Regular Season,1628401,Derrick White
22021,1628401,0022100332,2021-12-02,SAS @ POR,W,30,4,11,0.364,3,8,0.375,1,2,0.5,1,6,7,5,1,1,0,1,12,3,1,2021-22,Regular Season,1628401,Derrick White
22021,1628401,0022100346,2021-12-04,SAS @ GSW,W,36,8,16,0.5,2,8,0.25,7,8,0.875,0,1,1,3,3,0,1,2,25,13,1,2021-22,Regular Season,1628401,Derrick White
22021,1628401,0022100360,2021-12-06,SAS @ PHX,L,26,4,12,0.333,1,8,0.125,3,5,0.6,1,2,3,4,0,1,0,2,12,-17,1,2021-22,Regular Season,1628401,Derrick White
22021,1628401,0022100364,2021-12-07,SAS vs. NYK,L,34,9,18,0.5,3,6,0.5,5,5,1.0,0,6,6,7,0,0,3,2,26,-14,1,2021-22,Regular Season,1628401,Derrick White
22021,1628401,0022100381,2021-12-09,SAS vs. DEN,W,35,9,14,0.643,2,6,0.333,3,4,0.75,0,6,6,4,1,2,1,3,23,-3,1,2021-22,Regular Season,1628401,Derrick White
22021,1628401,0022100397,2021-12-11,SAS vs. DEN,L,22,3,9,0.333,0,4,0.0,4,4,1.0,0,2,2,3,1,0,2,1,10,-27,1,2021-22,Regular Season,1628401,Derrick White
22021,1628401,0022100401,2021-12-12,SAS vs. NOP,W,34,9,17,0.529,1,6,0.167,5,5,1.0,0,8,8,9,4,1,2,0,24,25,1,2021-22,Regular Season,1628401,Derrick White
22021,1628401,0022100423,2021-12-15,SAS vs. CHA,L,31,3,10,0.3,2,6,0.333,10,10,1.0,0,6,6,7,0,0,2,3,18,-1,1,2021-22,Regular Season,1628401,Derrick White
22021,1628401,0022100437,2021-12-17,SAS @ UTA,W,33,7,15,0.467,2,8,0.25,6,6,1.0,0,2,2,3,2,0,0,4,22,-5,1,2021-22,Regular Season,1628401,Derrick White
22021,1628401,0022100451,2021-12-19,SAS @ SAC,L,25,2,8,0.25,0,3,0.0,1,1,1.0,1,0,1,2,1,1,1,0,5,-18,1,2021-22,Regular Season,1628401,Derrick White
22021,1628401,0022100463,2021-12-20,SAS @ LAC,W,30,6,14,0.429,0,6,0.0,3,3,1.0,2,2,4,4,1,0,4,4,15,22,1,2021-22,Regular Season,1628401,Derrick White
22021,1628401,0022100487,2021-12-23,SAS @ LAL,W,30,7,11,0.636,4,6,0.667,5,6,0.833,0,3,3,7,1,2,2,3,23,16,1,2021-22,Regular Season,1628401,Derrick White
22021,1628401,0022100498,2021-12-26,SAS vs. DET,W,16,1,3,0.333,0,0,0.0,5,5,1.0,0,3,3,10,1,0,2,1,7,23,1,2021-22,Regular Season,1628401,Derrick White
22021,1628401,0022100504,2021-12-27,SAS vs. UTA,L,35,8,16,0.5,3,6,0.5,2,3,0.667,0,2,2,8,3,1,3,1,21,3,1,2021-22,Regular Season,1628401,Derrick White
22021,1628401,0022100535,2021-12-31,SAS @ MEM,L,24,5,11,0.455,2,4,0.5,3,4,0.75,0,0,0,9,0,2,0,2,15,0,1,2021-22,Regular Season,1628401,Derrick White
22021,1628401,0022100540,2022-01-01,SAS @ DET,L,42,5,13,0.385,0,4,0.0,8,10,0.8,1,2,3,14,1,1,4,5,18,0,1,2021-22,Regular Season,1628401,Derrick White
22021,1628401,0022100563,2022-01-04,SAS @ TOR,L,22,3,7,0.429,1,4,0.25,5,5,1.0,0,4,4,3,2,1,2,4,12,-1,1,2021-22,Regular Season,1628401,Derrick White
22021,1628401,0022100570,2022-01-05,SAS @ BOS,W,31,7,17,0.412,3,7,0.429,0,0,0.0,2,2,4,2,0,2,3,2,17,3,1,2021-22,Regular Season,1628401,Derrick White
22021,1628401,0022100648,2022-01-15,SAS vs. LAC,W,25,7,11,0.636,3,5,0.6,2,4,0.5,1,3,4,4,1,3,3,1,19,14,1,2021-22,Regular Season,1628401,Derrick White
22021,1628401,0022100664,2022-01-17,SAS vs. PHX,L,30,5,12,0.417,0,2,0.0,4,4,1.0,0,0,0,7,0,0,1,3,14,-2,1,2021-22,Regular Season,1628401,Derrick White
22021,1628401,0022100676,2022-01-19,SAS vs. OKC,W,27,4,9,0.444,1,6,0.167,2,2,1.0,0,3,3,6,0,2,2,4,11,33,1,2021-22,Regular Season,1628401,Derrick White
22021,1628401,0022100691,2022-01-21,SAS vs. BKN,L,34,4,16,0.25,3,7,0.429,6,8,0.75,2,4,6,7,0,0,3,3,17,-9,1,2021-22,Regular Season,1628401,Derrick White
22021,1628401,0022100704,2022-01-23,SAS vs. PHI,L,33,4,15,0.267,2,7,0.286,0,0,0.0,2,5,7,9,1,0,1,1,10,-5,1,2021-22,Regular Season,1628401,Derrick White
22021,1628401,0022100719,2022-01-25,SAS @ HOU,W,23,2,5,0.4,0,3,0.0,1,1,1.0,0,2,2,6,0,0,1,1,5,16,1,2021-22,Regular Season,1628401,Derrick White
22021,1628401,0022100728,2022-01-26,SAS vs. MEM,L,34,5,10,0.5,2,6,0.333,2,2,1.0,0,3,3,5,1,1,3,5,14,-2,1,2021-22,Regular Season,1628401,Derrick White
22021,1628401,0022100742,2022-01-28,SAS vs. CHI,W,33,4,9,0.444,2,5,0.4,4,4,1.0,0,4,4,9,0,0,1,5,14,19,1,2021-22,Regular Season,1628401,Derrick White
22021,1628401,0022100771,2022-02-01,SAS vs. GSW,L,35,6,10,0.6,4,7,0.571,0,0,0.0,0,3,3,7,0,0,3,3,16,-5,1,2021-22,Regular Season,1628401,Derrick White
22021,1628401,0022100521,2022-02-03,SAS vs. MIA,L,22,7,11,0.636,4,7,0.571,4,4,1.0,0,4,4,2,0,0,6,2,22,2,1,2021-22,Regular Season,1628401,Derrick White
22021,1628401,0022100792,2022-02-04,SAS vs. HOU,W,29,3,9,0.333,1,4,0.25,5,5,1.0,0,3,3,7,0,1,1,2,12,22,1,2021-22,Regular Season,1628401,Derrick White
22021,1628401,0022100825,2022-02-09,SAS @ CLE,L,32,6,13,0.462,2,5,0.4,3,4,0.75,1,3,4,3,2,1,1,3,17,-16,1,2021-22,Regular Season,1628401,Derrick White
22021,1628401,0022100842,2022-02-11,BOS vs. DEN,W,28,6,12,0.5,3,7,0.429,0,1,0.0,2,4,6,2,1,0,2,4,15,11,1,2021-22,Regular Season,1628401,Derrick White
22021,1628401,0022100856,2022-02-13,BOS vs. ATL,W,29,4,14,0.286,2,10,0.2,4,4,1.0,1,3,4,5,2,1,1,2,14,12,1,2021-22,Regular Season,1628401,Derrick White
22021,1628401,0022100869,2022-02-15,BOS @ PHI,W,28,4,9,0.444,0,3,0.0,3,3,1.0,1,0,1,2,1,1,1,4,11,41,1,2021-22,Regular Season,1628401,Derrick White
22021,1628401,0022100875,2022-02-16,BOS vs. DET,L,36,3,10,0.3,1,6,0.167,2,4,0.5,0,6,6,6,3,2,2,2,9,-2,1,2021-22,Regular Season,1628401,Derrick White
22021,1628401,0022100890,2022-02-24,BOS @ BKN,W,20,4,9,0.444,1,3,0.333,4,5,0.8,1,4,5,3,0,0,0,3,13,14,1,2021-22,Regular Season,1628401,Derrick White
22021,1628401,0022100905,2022-02-26,BOS @ DET,W,20,1,3,0.333,1,2,0.5,0,0,0.0,1,0,1,3,0,1,3,0,3,-1,1,2021-22,Regular Season,1628401,Derrick White
22021,1628401,0022100914,2022-02-27,BOS @ IND,L,22,4,10,0.4,1,5,0.2,2,2,1.0,0,1,1,0,1,3,0,2,11,-3,1,2021-22,Regular Season,1628401,Derrick White
22021,1628401,0022100927,2022-03-01,BOS vs. ATL,W,28,7,13,0.538,1,5,0.2,3,3,1.0,0,2,2,5,0,0,1,2,18,-6,1,2021-22,Regular Season,1628401,Derrick White
22021,1628401,0022100940,2022-03-03,BOS vs. MEM,W,26,4,10,0.4,2,4,0.5,2,3,0.667,1,3,4,2,0,1,1,0,12,-10,1,2021-22,Regular Season,1628401,Derrick White
22021,1628401,0022100960,2022-03-06,BOS vs. BKN,W,20,1,3,0.333,0,0,0.0,4,4,1.0,1,2,3,0,0,0,0,1,6,3,1,2021-22,Regular Season,1628401,Derrick White
22021,1628401,0022100981,2022-03-09,BOS @ CHA,W,32,5,11,0.455,1,5,0.2,0,0,0.0,0,3,3,8,2,3,0,2,11,22,1,2021-22,Regular Season,1628401,Derrick White
22021,1628401,0022100997,2022-03-11,BOS vs. DET,W,24,4,7,0.571,1,3,0.333,2,2,1.0,1,3,4,1,1,1,1,2,11,3,1,2021-22,Regular Season,1628401,Derrick White
22021,1628401,0022101014,2022-03-13,BOS vs. DAL,L,22,2,10,0.2,0,4,0.0,1,2,0.5,0,4,4,1,0,0,1,3,5,-6,1,2021-22,Regular Season,1628401,Derrick White
22021,1628401,0022101042,2022-03-16,BOS @ GSW,W,22,0,8,0.0,0,5,0.0,0,0,0.0,0,4,4,4,1,0,1,3,0,-4,1,2021-22,Regular Season,1628401,Derrick White
22021,1628401,0022101057,2022-03-18,BOS @ SAC,W,31,2,8,0.25,1,5,0.2,2,2,1.0,0,2,2,5,1,0,3,4,7,10,1,2021-22,Regular Season,1628401,Derrick White
22021,1628401,0022101068,2022-03-20,BOS @ DEN,W,23,2,5,0.4,0,2,0.0,2,2,1.0,0,1,1,3,0,0,0,0,6,-2,1,2021-22,Regular Season,1628401,Derrick White
22021,1628401,0022101078,2022-03-21,BOS @ OKC,W,34,5,10,0.5,1,5,0.2,7,7,1.0,1,4,5,5,0,1,0,5,18,5,1,2021-22,Regular Season,1628401,Derrick White
22021,1628401,0022101087,2022-03-23,BOS vs. UTA,W,31,4,10,0.4,2,3,0.667,0,0,0.0,0,3,3,5,0,0,0,4,10,18,1,2021-22,Regular Season,1628401,Derrick White
22021,1628401,0022101116,2022-03-27,BOS vs. MIN,W,30,4,6,0.667,2,4,0.5,5,5,1.0,0,2,2,6,1,0,4,2,15,11,1,2021-22,Regular Season,1628401,Derrick White
22021,1628401,0022101127,2022-03-28,BOS @ TOR,L,41,4,16,0.25,3,8,0.375,4,4,1.0,1,5,6,8,0,1,3,1,15,2,1,2021-22,Regular Season,1628401,Derrick White
22021,1628401,0022101139,2022-03-30,BOS vs. MIA,L,32,3,9,0.333,1,4,0.25,2,3,0.667,0,2,2,3,1,0,2,4,9,11,1,2021-22,Regular Season,1628401,Derrick White
22021,1628401,0022101153,2022-04-01,BOS vs. IND,W,30,2,4,0.5,1,2,0.5,8,8,1.0,1,1,2,3,0,1,2,0,13,3,1,2021-22,Regular Season,1628401,Derrick White
22021,1628401,0022101166,2022-04-03,BOS vs. WAS,W,24,6,7,0.857,3,3,1.0,2,3,0.667,0,5,5,3,0,0,0,3,17,27,1,2021-22,Regular Season,1628401,Derrick White
22021,1628401,0022101193,2022-04-06,BOS @ CHI,W,23,4,8,0.5,1,2,0.5,1,4,0.25,0,1,1,3,0,0,1,1,10,4,1,2021-22,Regular Season,1628401,Derrick White
22021,1628401,0022101198,2022-04-07,BOS @ MIL,L,39,6,13,0.462,4,8,0.5,3,3,1.0,0,7,7,3,0,0,3,2,19,-11,1,2021-22,Regular Season,1628401,Derrick White
22021,1628401,0022101223,2022-04-10,BOS @ MEM,W,20,3,5,0.6,1,3,0.333,1,1,1.0,1,3,4,3,0,0,0,0,8,16,1,2021-22,Regular Season,1628401,Derrick White
42021,1628401,0042100111,2022-04-17,BOS vs. BKN,W,28,3,8,0.375,1,4,0.25,0,0,0.0,0,3,3,4,3,0,2,2,7,-3,1,2021-22,Playoffs,1628401,Derrick White
42021,1628401,0042100112,2022-04-20,BOS vs. BKN,W,13,0,2,0.0,0,1,0.0,3,4,0.75,1,2,3,1,0,0,0,3,3,-4,1,2021-22,Playoffs,1628401,Derrick White
42021,1628401,0042100113,2022-04-23,BOS @ BKN,W,14,1,3,0.333,0,2,0.0,0,0,0.0,0,6,6,1,1,0,1,1,2,5,1,2021-22,Playoffs,1628401,Derrick White
42021,1628401,0042100114,2022-04-25,BOS @ BKN,W,27,4,10,0.4,0,4,0.0,1,1,1.0,0,6,6,2,0,0,0,1,9,-2,1,2021-22,Playoffs,1628401,Derrick White
42021,1628401,0042100211,2022-05-01,BOS vs. MIL,L,16,2,6,0.333,2,3,0.667,4,4,1.0,0,4,4,1,0,0,2,2,10,-8,1,2021-22,Playoffs,1628401,Derrick White
42021,1628401,0042100212,2022-05-03,BOS vs. MIL,W,28,0,6,0.0,0,4,0.0,0,0,0.0,1,3,4,5,1,0,2,5,0,22,1,2021-22,Playoffs,1628401,Derrick White
42021,1628401,0042100213,2022-05-07,BOS @ MIL,L,21,3,6,0.5,2,3,0.667,6,8,0.75,0,2,2,0,1,0,0,0,14,9,1,2021-22,Playoffs,1628401,Derrick White
42021,1628401,0042100214,2022-05-09,BOS @ MIL,W,34,4,6,0.667,1,3,0.333,2,2,1.0,1,3,4,3,0,1,0,2,11,18,1,2021-22,Playoffs,1628401,Derrick White
42021,1628401,0042100215,2022-05-11,BOS vs. MIL,L,32,4,5,0.8,1,2,0.5,0,0,0.0,0,5,5,6,0,2,1,2,9,8,1,2021-22,Playoffs,1628401,Derrick White
42021,1628401,0042100216,2022-05-13,BOS @ MIL,W,30,3,9,0.333,1,5,0.2,2,2,1.0,2,3,5,2,2,0,0,3,9,9,1,2021-22,Playoffs,1628401,Derrick White
42021,1628401,0042100217,2022-05-15,BOS vs. MIL,W,18,1,10,0.1,1,6,0.167,0,0,0.0,0,2,2,1,1,0,0,0,3,10,1,2021-22,Playoffs,1628401,Derrick White
42021,1628401,0042100301,2022-05-17,BOS @ MIA,L,29,1,4,0.25,0,1,0.0,1,2,0.5,0,0,0,4,0,1,2,4,3,-11,1,2021-22,Playoffs,1628401,Derrick White
42021,1628401,0042100303,2022-05-21,BOS vs. MIA,L,14,0,2,0.0,0,0,0.0,0,0,0.0,1,1,2,1,0,2,0,1,0,-2,1,2021-22,Playoffs,1628401,Derrick White
42021,1628401,0042100304,2022-05-23,BOS vs. MIA,W,41,4,14,0.286,1,8,0.125,4,6,0.667,0,8,8,6,3,1,3,0,13,15,1,2021-22,Playoffs,1628401,Derrick White
42021,1628401,0042100305,2022-05-25,BOS @ MIA,W,29,6,8,0.75,0,2,0.0,2,3,0.667,0,1,1,5,2,1,3,4,14,8,1,2021-22,Playoffs,1628401,Derrick White
42021,1628401,0042100306,2022-05-27,BOS vs. MIA,L,33,7,14,0.5,4,7,0.571,4,5,0.8,0,3,3,5,3,1,0,4,22,5,1,2021-22,Playoffs,1628401,Derrick White
42021,1628401,0042100307,2022-05-29,BOS @ MIA,W,19,3,8,0.375,2,3,0.667,0,0,0.0,1,2,3,1,0,1,3,3,8,-8,1,2021-22,Playoffs,1628401,Derrick White
42021,1628401,0042100401,2022-06-02,BOS @ GSW,W,32,6,11,0.545,5,8,0.625,4,4,1.0,0,1,1,3,0,0,2,3,21,25,1,2021-22,Playoffs,1628401,Derrick White
42021,1628401,0042100402,2022-06-05,BOS @ GSW,L,30,4,13,0.308,2,4,0.5,2,2,1.0,1,3,4,2,1,2,3,2,12,-17,1,2021-22,Playoffs,1628401,Derrick White
42021,1628401,0042100403,2022-06-08,BOS vs. GSW,W,24,3,9,0.333,0,3,0.0,1,1,1.0,0,1,1,2,1,1,1,2,7,-12,1,2021-22,Playoffs,1628401,Derrick White
42021,1628401,0042100404,2022-06-10,BOS vs. GSW,L,36,4,12,0.333,3,5,0.6,5,5,1.0,0,1,1,1,1,0,3,0,16,-19,1,2021-22,Playoffs,1628401,Derrick White
42021,1628401,0042100405,2022-06-13,BOS @ GSW,L,21,0,4,0.0,0,3,0.0,1,2,0.5,0,1,1,3,1,0,0,1,1,-13,1,2021-22,Playoffs,1628401,Derrick White
42021,1628401,0042100406,2022-06-16,BOS vs. GSW,L,16,1,6,0.167,0,2,0.0,0,0,0.0,0,1,1,2,0,0,1,1,2,-26,1,2021-22,Playoffs,1628401,Derrick White
22021,203468,0022100013,2021-10-20,POR vs. SAC,L,35,14,24,0.583,6,11,0.545,0,0,0.0,2,4,6,5,3,1,5,4,34,0,1,2021-22,Regular Season,203468,CJ McCollum
22021,203468,0022100033,2021-10-23,POR vs. PHX,W,30,10,19,0.526,6,11,0.545,2,2,1.0,0,3,3,1,1,3,2,1,28,20,1,2021-22,Regular Season,203468,CJ McCollum
22021,203468,0022100049,2021-10-25,POR @ LAC,L,32,7,16,0.438,4,11,0.364,2,2,1.0,0,4,4,4,2,1,3,2,20,-23,1,2021-22,Regular Season,203468,CJ McCollum
22021,203468,0022100063,2021-10-27,POR vs. MEM,W,32,8,21,0.381,4,9,0.444,5,6,0.833,1,5,6,2,2,1,2,3,25,23,1,2021-22,Regular Season,203468,CJ McCollum
22021,203468,0022100076,2021-10-29,POR vs. LAC,W,32,6,18,0.333,2,7,0.286,0,0,0.0,0,1,1,1,1,2,3,3,14,11,1,2021-22,Regular Season,203468,CJ McCollum
22021,203468,0022100090,2021-10-31,POR @ CHA,L,38,10,24,0.417,4,11,0.364,1,2,0.5,1,1,2,8,0,0,2,3,25,-18,1,2021-22,Regular Season,203468,CJ McCollum
22021,203468,0022100096,2021-11-01,POR @ PHI,L,40,8,20,0.4,3,8,0.375,1,4,0.25,2,2,4,3,1,0,2,0,20,-16,1,2021-22,Regular Season,203468,CJ McCollum
22021,203468,0022100108,2021-11-03,POR @ CLE,L,35,7,19,0.368,4,9,0.444,3,4,0.75,2,5,7,6,1,1,1,2,21,-7,1,2021-22,Regular Season,203468,CJ McCollum
22021,203468,0022100131,2021-11-05,POR vs. IND,W,41,11,19,0.579,5,9,0.556,0,0,0.0,0,5,5,6,0,0,4,1,27,7,1,2021-22,Regular Season,203468,CJ McCollum
22021,203468,0022100138,2021-11-06,POR vs. LAL,W,24,3,15,0.2,1,10,0.1,0,0,0.0,1,4,5,5,0,0,0,3,7,27,1,2021-22,Regular Season,203468,CJ McCollum
22021,203468,0022100157,2021-11-09,POR @ LAC,L,34,6,15,0.4,0,2,0.0,1,2,0.5,1,2,3,3,1,1,2,2,13,-6,1,2021-22,Regular Season,203468,CJ McCollum
22021,203468,0022100168,2021-11-10,POR @ PHX,L,40,7,16,0.438,1,7,0.143,3,3,1.0,2,2,4,7,0,1,1,3,18,-6,1,2021-22,Regular Season,203468,CJ McCollum
22021,203468,0022100177,2021-11-12,POR @ HOU,W,39,7,21,0.333,1,4,0.25,2,2,1.0,1,7,8,5,2,0,0,3,17,4,1,2021-22,Regular Season,203468,CJ McCollum
22021,203468,0022100197,2021-11-14,POR @ DEN,L,30,7,17,0.412,5,10,0.5,2,2,1.0,2,0,2,2,2,0,2,0,21,-14,1,2021-22,Regular Season,203468,CJ McCollum
22021,203468,0022100208,2021-11-15,POR vs. TOR,W,40,11,18,0.611,6,11,0.545,1,2,0.5,0,3,3,6,1,2,2,1,29,-3,1,2021-22,Regular Season,203468,CJ McCollum
22021,203468,0022100223,2021-11-17,POR vs. CHI,W,38,4,14,0.286,1,5,0.2,0,0,0.0,1,2,3,5,0,0,0,1,9,-3,1,2021-22,Regular Season,203468,CJ McCollum
22021,203468,0022100246,2021-11-20,POR vs. PHI,W,37,7,17,0.412,4,9,0.444,0,0,0.0,0,6,6,5,1,0,3,2,18,-3,1,2021-22,Regular Season,203468,CJ McCollum
22021,203468,0022100265,2021-11-23,POR vs. DEN,W,34,13,19,0.684,5,9,0.556,1,3,0.333,0,3,3,3,2,0,0,1,32,28,1,2021-22,Regular Season,203468,CJ McCollum
22021,203468,0022100279,2021-11-24,POR @ SAC,L,36,6,20,0.3,1,6,0.167,0,0,0.0,4,1,5,6,1,0,4,5,13,-17,1,2021-22,Regular Season,203468,CJ McCollum
22021,203468,0022100290,2021-11-26,POR @ GSW,L,39,6,17,0.353,3,6,0.5,1,2,0.5,3,4,7,4,0,1,1,2,16,-15,1,2021-22,Regular Season,203468,CJ McCollum
22021,203468,0022100312,2021-11-29,POR @ UTA,L,38,7,17,0.412,2,5,0.4,3,3,1.0,1,2,3,6,0,0,1,3,19,-17,1,2021-22,Regular Season,203468,CJ McCollum
22021,203468,0022100317,2021-11-30,POR vs. DET,W,36,11,26,0.423,4,11,0.364,2,2,1.0,1,3,4,6,2,0,1,0,28,16,1,2021-22,Regular Season,203468,CJ McCollum
22021,203468,0022100332,2021-12-02,POR vs. SAS,L,32,7,18,0.389,2,6,0.333,0,2,0.0,1,3,4,2,2,3,3,2,16,-28,1,2021-22,Regular Season,203468,CJ McCollum
22021,203468,0022100347,2021-12-04,POR vs. BOS,L,35,8,21,0.381,3,9,0.333,5,7,0.714,1,0,1,6,1,0,2,4,24,-19,1,2021-22,Regular Season,203468,CJ McCollum
22021,203468,0022100661,2022-01-17,POR @ ORL,W,28,7,13,0.538,2,4,0.5,0,0,0.0,0,1,1,2,1,1,4,2,16,3,1,2021-22,Regular Season,203468,CJ McCollum
22021,203468,0022100672,2022-01-19,POR @ MIA,L,33,10,20,0.5,4,9,0.444,0,0,0.0,0,3,3,4,2,0,4,1,24,6,1,2021-22,Regular Season,203468,CJ McCollum
22021,203468,0022100688,2022-01-21,POR @ BOS,W,36,7,19,0.368,5,10,0.5,5,7,0.714,0,5,5,4,0,2,2,4,24,4,1,2021-22,Regular Season,203468,CJ McCollum
22021,203468,0022100702,2022-01-23,POR @ TOR,W,38,8,12,0.667,3,5,0.6,0,0,0.0,1,9,10,6,2,0,5,2,19,10,1,2021-22,Regular Season,203468,CJ McCollum
22021,203468,0022100721,2022-01-25,POR vs. MIN,L,38,5,15,0.333,3,9,0.333,2,2,1.0,1,3,4,4,0,1,0,3,15,2,1,2021-22,Regular Season,203468,CJ McCollum
22021,203468,0022100732,2022-01-26,POR vs. DAL,L,36,8,16,0.5,4,10,0.4,0,1,0.0,0,4,4,6,1,0,2,5,20,-17,1,2021-22,Regular Season,203468,CJ McCollum
22021,203468,0022100739,2022-01-28,POR @ HOU,W,37,10,20,0.5,4,9,0.444,2,3,0.667,0,3,3,5,0,0,1,3,26,9,1,2021-22,Regular Season,203468,CJ McCollum
22021,203468,0022100753,2022-01-30,POR @ CHI,L,36,13,23,0.565,2,7,0.286,1,1,1.0,1,4,5,4,0,0,1,1,29,-13,1,2021-22,Regular Season,203468,CJ McCollum
22021,203468,0022100765,2022-01-31,POR @ OKC,L,39,10,17,0.588,1,6,0.167,0,0,0.0,0,3,3,7,0,0,2,1,21,-12,1,2021-22,Regular Season,203468,CJ McCollum
22021,203468,0022100781,2022-02-02,POR @ LAL,L,34,5,17,0.294,4,7,0.571,1,2,0.5,2,6,8,3,3,0,2,2,15,-8,1,2021-22,Regular Season,203468,CJ McCollum
22021,203468,0022100795,2022-02-04,POR vs. OKC,L,38,9,24,0.375,1,9,0.111,0,0,0.0,1,5,6,5,0,0,1,2,19,-9,1,2021-22,Regular Season,203468,CJ McCollum
22021,203468,0022100800,2022-02-05,POR vs. MIL,L,27,7,18,0.389,1,8,0.125,2,2,1.0,1,1,2,6,1,0,0,0,17,-29,1,2021-22,Regular Season,203468,CJ McCollum
22021,203468,0022100833,2022-02-10,NOP vs. MIA,L,37,6,21,0.286,2,10,0.2,1,2,0.5,1,6,7,5,1,0,2,3,15,-20,1,2021-22,Regular Season,203468,CJ McCollum
22021,203468,0022100848,2022-02-12,NOP vs. SAS,L,36,15,24,0.625,3,7,0.429,3,3,1.0,3,8,11,5,0,0,6,1,36,-9,1,2021-22,Regular Season,203468,CJ McCollum
22021,203468,0022100863,2022-02-14,NOP vs. TOR,W,32,9,13,0.692,5,8,0.625,0,0,0.0,0,4,4,5,2,0,0,2,23,24,1,2021-22,Regular Season,203468,CJ McCollum
22021,203468,0022100872,2022-02-15,NOP vs. MEM,L,38,12,25,0.48,0,5,0.0,6,7,0.857,1,5,6,7,2,0,0,0,30,-6,1,2021-22,Regular Season,203468,CJ McCollum
22021,203468,0022100886,2022-02-17,NOP vs. DAL,L,40,14,26,0.538,7,10,0.7,3,5,0.6,2,0,2,5,2,0,4,2,38,4,1,2021-22,Regular Season,203468,CJ McCollum
22021,203468,0022100902,2022-02-25,NOP @ PHX,W,35,11,18,0.611,2,6,0.333,8,11,0.727,1,5,6,4,1,0,2,2,32,10,1,2021-22,Regular Season,203468,CJ McCollum
22021,203468,0022100919,2022-02-27,NOP @ LAL,W,34,8,15,0.533,4,7,0.571,2,2,1.0,0,5,5,8,2,0,1,2,22,20,1,2021-22,Regular Season,203468,CJ McCollum
22021,203468,0022100937,2022-03-02,NOP vs. SAC,W,34,7,16,0.438,2,7,0.286,1,1,1.0,1,5,6,9,1,0,2,2,17,15,1,2021-22,Regular Season,203468,CJ McCollum
22021,203468,0022100950,2022-03-04,NOP vs. UTA,W,29,10,18,0.556,2,6,0.333,2,3,0.667,1,4,5,4,1,0,1,2,24,18,1,2021-22,Regular Season,203468,CJ McCollum
22021,203468,0022100967,2022-03-06,NOP @ DEN,L,43,9,19,0.474,2,6,0.333,4,6,0.667,3,2,5,9,1,0,1,3,24,-20,1,2021-22,Regular Season,203468,CJ McCollum
22021,203468,0022100978,2022-03-08,NOP @ MEM,L,31,13,21,0.619,5,10,0.5,1,3,0.333,0,6,6,11,0,0,3,2,32,-25,1,2021-22,Regular Season,203468,CJ McCollum
22021,203468,0022100987,2022-03-09,NOP vs. ORL,L,38,14,27,0.519,3,11,0.273,1,3,0.333,0,4,4,8,0,0,4,2,32,-3,1,2021-22,Regular Season,203468,CJ McCollum
22021,203468,0022101032,2022-03-15,NOP vs. PHX,L,32,9,17,0.529,3,6,0.5,0,2,0.0,0,5,5,9,1,0,5,1,21,-10,1,2021-22,Regular Season,203468,CJ McCollum
22021,203468,0022101054,2022-03-18,NOP @ SAS,W,28,8,19,0.421,1,5,0.2,3,4,0.75,1,3,4,4,3,0,1,0,20,33,1,2021-22,Regular Season,203468,CJ McCollum
22021,203468,0022101064,2022-03-20,NOP @ ATL,W,39,9,26,0.346,2,6,0.333,5,6,0.833,0,4,4,8,1,0,2,1,25,12,1,2021-22,Regular Season,203468,CJ McCollum
22021,203468,0022101071,2022-03-21,NOP @ CHA,L,34,10,19,0.526,3,7,0.429,4,4,1.0,0,0,0,6,1,0,4,3,27,-3,1,2021-22,Regular Season,203468,CJ McCollum
22021,203468,0022101098,2022-03-24,NOP vs. CHI,W,33,10,20,0.5,1,6,0.167,4,5,0.8,1,2,3,6,1,0,2,0,25,-2,1,2021-22,Regular Season,203468,CJ McCollum
22021,203468,0022101107,2022-03-26,NOP vs. SAS,L,35,12,25,0.48,4,10,0.4,4,4,1.0,0,6,6,4,1,1,0,4,32,0,1,2021-22,Regular Season,203468,CJ McCollum
22021,203468,0022101119,2022-03-27,NOP vs. LAL,W,38,7,16,0.438,2,5,0.4,2,4,0.5,0,4,4,6,1,0,1,2,18,14,1,2021-22,Regular Season,203468,CJ McCollum
22021,203468,0022101146,2022-03-30,NOP @ POR,W,37,9,16,0.563,3,6,0.5,4,8,0.5,0,3,3,4,0,0,4,1,25,11,1,2021-22,Regular Season,203468,CJ McCollum
22021,203468,0022101160,2022-04-01,NOP @ LAL,W,41,12,23,0.522,4,8,0.5,4,4,1.0,2,5,7,4,2,0,4,2,32,3,1,2021-22,Regular Season,203468,CJ McCollum
22021,203468,0022101177,2022-04-03,NOP @ LAC,L,37,7,18,0.389,3,5,0.6,2,4,0.5,1,2,3,4,2,0,2,0,19,-21,1,2021-22,Regular Season,203468,CJ McCollum
22021,203468,0022101188,2022-04-05,NOP @ SAC,W,31,10,19,0.526,1,5,0.2,2,3,0.667,1,3,4,5,4,0,2,3,23,7,1,2021-22,Regular Season,203468,CJ McCollum
22021,203468,0022101200,2022-04-07,NOP vs. POR,W,29,9,19,0.474,5,10,0.5,0,2,0.0,0,4,4,7,3,0,3,1,23,19,1,2021-22,Regular Season,203468,CJ McCollum
22021,203468,0022101213,2022-04-09,NOP @ MEM,L,29,6,17,0.353,2,6,0.333,2,6,0.333,0,1,1,4,1,0,1,3,16,-32,1,2021-22,Regular Season,203468,CJ McCollum
22021,203468,0022101225,2022-04-10,NOP vs. GSW,L,6,0,2,0.0,0,2,0.0,0,0,0.0,0,1,1,1,0,0,0,0,0,5,1,2021-22,Regular Season,203468,CJ McCollum
42021,203468,0042100141,2022-04-17,NOP @ PHX,L,43,9,25,0.36,3,8,0.375,4,6,0.667,3,5,8,6,1,1,3,2,25,-10,1,2021-22,Playoffs,203468,CJ McCollum
42021,203468,0042100142,2022-04-19,NOP @ PHX,W,40,7,18,0.389,6,10,0.6,3,4,0.75,2,6,8,9,0,1,3,1,23,11,1,2021-22,Playoffs,203468,CJ McCollum
42021,203468,0042100143,2022-04-22,NOP vs. PHX,L,41,11,23,0.478,4,11,0.364,4,8,0.5,0,4,4,6,2,1,2,2,30,-8,1,2021-22,Playoffs,203468,CJ McCollum
42021,203468,0042100144,2022-04-24,NOP vs. PHX,W,36,8,21,0.381,2,9,0.222,0,0,0.0,4,5,9,2,1,0,2,1,18,4,1,2021-22,Playoffs,203468,CJ McCollum
42021,203468,0042100145,2022-04-26,NOP @ PHX,L,40,7,22,0.318,1,8,0.125,6,7,0.857,1,7,8,5,0,2,2,4,21,-7,1,2021-22,Playoffs,203468,CJ McCollum
42021,203468,0042100146,2022-04-28,NOP vs. PHX,L,33,7,16,0.438,1,5,0.2,1,1,1.0,1,2,3,1,0,0,3,5,16,0,1,2021-22,Playoffs,203468,CJ McCollum
