SEASON_ID,Player_ID,Game_ID,GAME_DATE,MATCHUP,WL,MIN,FGM,FGA,FG_PCT,FG3M,FG3A,FG3_PCT,FTM,FTA,FT_PCT,OREB,DREB,REB,AST,STL,BLK,TOV,PF,PTS,PLUS_MINUS,VIDEO_AVAILABLE,SEASON,SEASON_TYPE,PLAYER_ID,PLAYER_NAME
22007,2544,0020700008,2007-10-31,CLE vs. DAL,L,36,2,11,0.182,0,2,0.0,6,10,0.6,1,4,5,4,1,0,5,4,10,-12,0,2007-08,Regular Season,2544,LeBron James
22007,2544,0020700020,2007-11-02,CLE vs. NYK,W,44,13,28,0.464,3,5,0.6,16,22,0.727,3,4,7,7,3,1,3,1,45,4,0,2007-08,Regular Season,2544,LeBron James
22007,2544,0020700041,2007-11-04,CLE @ PHX,L,43,11,26,0.423,3,5,0.6,2,2,1.0,1,4,5,8,2,4,3,0,27,-18,0,2007-08,Regular Season,2544,LeBron James
22007,2544,0020700053,2007-11-06,CLE @ GSW,W,42,9,16,0.563,1,2,0.5,5,7,0.714,1,12,13,9,0,3,2,1,24,4,0,2007-08,Regular Season,2544,LeBron James
22007,2544,0020700060,2007-11-07,CLE @ UTA,L,41,12,27,0.444,1,4,0.25,7,15,0.467,2,13,15,13,3,2,4,4,32,4,0,2007-08,Regular Season,2544,LeBron James
22007,2544,0020700077,2007-11-09,CLE @ SAC,W,44,10,19,0.526,0,2,0.0,6,8,0.75,0,4,4,4,1,1,1,1,26,-1,0,2007-08,Regular Season,2544,LeBron James
22007,2544,0020700092,2007-11-11,CLE @ LAC,W,36,9,21,0.429,0,2,0.0,4,8,0.5,1,4,5,8,6,1,5,3,22,11,0,2007-08,Regular Season,2544,LeBron James
22007,2544,0020700094,2007-11-12,CLE @ DEN,L,34,9,16,0.563,1,3,0.333,8,14,0.571,0,1,1,4,2,0,4,3,27,-13,0,2007-08,Regular Season,2544,LeBron James
22007,2544,0020700107,2007-11-14,CLE vs. ORL,L,47,15,27,0.556,2,4,0.5,7,9,0.778,4,9,13,14,0,2,4,1,39,2,0,2007-08,Regular Season,2544,LeBron James
22007,2544,0020700124,2007-11-16,CLE vs. UTA,W,40,13,27,0.481,1,3,0.333,13,15,0.867,2,8,10,9,0,3,5,3,40,13,0,2007-08,Regular Season,2544,LeBron James
22007,2544,0020700151,2007-11-20,CLE vs. MIL,L,44,11,22,0.5,1,7,0.143,11,12,0.917,0,7,7,7,1,1,3,4,34,-2,0,2007-08,Regular Season,2544,LeBron James
22007,2544,0020700165,2007-11-21,CLE @ MIN,W,39,17,26,0.654,6,10,0.6,5,8,0.625,2,6,8,5,3,2,3,2,45,14,0,2007-08,Regular Season,2544,LeBron James
22007,2544,0020700183,2007-11-24,CLE vs. TOR,W,45,14,29,0.483,2,8,0.25,7,8,0.875,3,9,12,12,3,1,4,3,37,7,0,2007-08,Regular Season,2544,LeBron James
22007,2544,0020700193,2007-11-25,CLE @ IND,W,36,10,21,0.476,1,6,0.167,9,15,0.6,3,8,11,10,4,1,2,1,30,9,0,2007-08,Regular Season,2544,LeBron James
22007,2544,0020700204,2007-11-27,CLE vs. BOS,W,46,11,25,0.44,2,8,0.25,14,15,0.933,0,4,4,13,2,2,3,2,38,14,0,2007-08,Regular Season,2544,LeBron James
22007,2544,0020700214,2007-11-28,CLE @ DET,L,20,5,11,0.455,0,2,0.0,5,9,0.556,0,1,1,3,0,0,0,1,15,-2,0,2007-08,Regular Season,2544,LeBron James
22007,2544,0020700308,2007-12-11,CLE vs. IND,W,23,5,9,0.556,0,1,0.0,7,10,0.7,1,2,3,5,1,1,4,2,17,27,0,2007-08,Regular Season,2544,LeBron James
22007,2544,0020700331,2007-12-14,CLE @ NJN,L,41,12,25,0.48,3,9,0.333,2,3,0.667,0,6,6,8,2,0,6,3,29,6,0,2007-08,Regular Season,2544,LeBron James
22007,2544,0020700344,2007-12-15,CLE vs. PHI,L,42,10,18,0.556,0,1,0.0,1,1,1.0,0,6,6,6,0,1,3,1,21,5,0,2007-08,Regular Season,2544,LeBron James
22007,2544,0020700355,2007-12-17,CLE vs. MIL,W,50,10,25,0.4,0,5,0.0,11,13,0.846,1,7,8,5,1,0,2,3,31,6,0,2007-08,Regular Season,2544,LeBron James
22007,2544,0020700370,2007-12-19,CLE @ NYK,L,37,12,21,0.571,3,6,0.5,5,6,0.833,1,7,8,6,6,0,4,1,32,-9,0,2007-08,Regular Season,2544,LeBron James
22007,2544,0020700379,2007-12-20,CLE vs. LAL,W,38,12,29,0.414,0,3,0.0,9,11,0.818,4,6,10,5,1,1,3,3,33,-7,0,2007-08,Regular Season,2544,LeBron James
22007,2544,0020700402,2007-12-23,CLE vs. GSW,L,41,8,20,0.4,0,2,0.0,9,13,0.692,2,3,5,8,1,1,3,2,25,-12,0,2007-08,Regular Season,2544,LeBron James
22007,2544,0020700405,2007-12-25,CLE vs. MIA,W,39,9,19,0.474,0,3,0.0,7,11,0.636,0,6,6,12,1,1,2,3,25,18,0,2007-08,Regular Season,2544,LeBron James
22007,2544,0020700419,2007-12-27,CLE @ DAL,W,36,9,21,0.429,1,4,0.25,5,10,0.5,4,4,8,7,3,0,3,5,24,5,0,2007-08,Regular Season,2544,LeBron James
22007,2544,0020700438,2007-12-29,CLE @ NOH,L,42,8,21,0.381,1,4,0.25,4,6,0.667,2,3,5,6,1,0,4,1,21,-18,0,2007-08,Regular Season,2544,LeBron James
22007,2544,0020700460,2008-01-02,CLE vs. ATL,W,40,13,22,0.591,1,3,0.333,9,11,0.818,1,4,5,6,2,1,2,1,36,7,0,2007-08,Regular Season,2544,LeBron James
22007,2544,0020700477,2008-01-04,CLE vs. SAC,W,45,7,18,0.389,1,6,0.167,9,12,0.75,1,7,8,10,5,1,3,1,24,7,0,2007-08,Regular Season,2544,LeBron James
22007,2544,0020700490,2008-01-06,CLE @ TOR,W,46,14,29,0.483,4,8,0.5,7,12,0.583,3,8,11,8,0,0,1,1,39,-1,0,2007-08,Regular Season,2544,LeBron James
22007,2544,0020700503,2008-01-08,CLE vs. SEA,W,35,8,18,0.444,0,3,0.0,6,6,1.0,2,6,8,3,2,0,4,2,22,13,0,2007-08,Regular Season,2544,LeBron James
22007,2544,0020700510,2008-01-09,CLE @ ATL,L,43,13,22,0.591,0,4,0.0,5,9,0.556,3,7,10,6,3,1,3,3,31,-7,0,2007-08,Regular Season,2544,LeBron James
22007,2544,0020700527,2008-01-11,CLE vs. CHA,W,50,10,20,0.5,2,7,0.286,9,15,0.6,5,14,19,8,4,3,8,3,31,-2,0,2007-08,Regular Season,2544,LeBron James
22007,2544,0020700558,2008-01-15,CLE @ MEM,W,47,18,28,0.643,6,12,0.5,9,16,0.563,3,5,8,9,3,1,4,1,51,10,0,2007-08,Regular Season,2544,LeBron James
22007,2544,0020700570,2008-01-17,CLE @ SAS,W,39,9,24,0.375,1,5,0.2,8,12,0.667,3,6,9,7,0,2,3,1,27,-11,0,2007-08,Regular Season,2544,LeBron James
22007,2544,0020700606,2008-01-21,CLE @ MIA,W,40,11,26,0.423,1,4,0.25,5,5,1.0,1,2,3,5,4,1,5,4,28,12,0,2007-08,Regular Season,2544,LeBron James
22007,2544,0020700612,2008-01-23,CLE vs. WAS,W,31,7,13,0.538,1,3,0.333,8,9,0.889,2,6,8,8,2,1,0,2,23,31,0,2007-08,Regular Season,2544,LeBron James
22007,2544,0020700627,2008-01-25,CLE vs. PHX,L,39,14,30,0.467,0,1,0.0,8,10,0.8,2,5,7,5,2,0,1,3,36,-12,0,2007-08,Regular Season,2544,LeBron James
22007,2544,0020700643,2008-01-27,CLE @ LAL,W,44,16,32,0.5,1,5,0.2,8,12,0.667,3,6,9,4,2,0,5,4,41,-3,0,2007-08,Regular Season,2544,LeBron James
22007,2544,0020700672,2008-01-30,CLE @ POR,W,44,13,29,0.448,3,6,0.5,8,12,0.667,2,12,14,4,2,2,4,3,37,3,0,2007-08,Regular Season,2544,LeBron James
22007,2544,0020700690,2008-02-02,CLE vs. LAC,W,44,8,19,0.421,1,4,0.25,11,16,0.688,0,11,11,7,2,1,3,2,28,15,0,2007-08,Regular Season,2544,LeBron James
22007,2544,0020700708,2008-02-05,CLE vs. BOS,W,42,11,21,0.524,4,8,0.5,7,10,0.7,1,8,9,12,5,2,7,5,33,12,0,2007-08,Regular Season,2544,LeBron James
22007,2544,0020700724,2008-02-07,CLE @ HOU,L,41,12,23,0.522,2,5,0.4,6,11,0.545,1,6,7,6,2,2,3,0,32,-11,0,2007-08,Regular Season,2544,LeBron James
22007,2544,0020700730,2008-02-08,CLE @ ATL,W,44,11,24,0.458,0,3,0.0,4,4,1.0,4,7,11,7,2,1,1,2,26,5,0,2007-08,Regular Season,2544,LeBron James
22007,2544,0020700744,2008-02-10,CLE vs. DEN,L,33,11,23,0.478,2,5,0.4,6,6,1.0,1,4,5,3,2,0,5,1,30,-25,0,2007-08,Regular Season,2544,LeBron James
22007,2544,0020700754,2008-02-11,CLE @ ORL,W,44,8,15,0.533,1,2,0.5,12,15,0.8,1,6,7,10,3,1,5,3,29,10,0,2007-08,Regular Season,2544,LeBron James
22007,2544,0020700768,2008-02-13,CLE vs. SAS,L,43,17,31,0.548,1,5,0.2,4,7,0.571,2,4,6,9,0,1,3,4,39,-4,0,2007-08,Regular Season,2544,LeBron James
22007,2544,0020700781,2008-02-19,CLE vs. HOU,L,42,7,18,0.389,4,7,0.571,8,11,0.727,2,11,13,11,2,0,5,2,26,-8,0,2007-08,Regular Season,2544,LeBron James
22007,2544,0020700792,2008-02-20,CLE @ IND,W,43,11,22,0.5,1,5,0.2,8,12,0.667,2,12,14,12,2,1,4,1,31,14,0,2007-08,Regular Season,2544,LeBron James
22007,2544,0020700807,2008-02-22,CLE vs. WAS,W,45,11,20,0.55,2,6,0.333,9,14,0.643,3,12,15,8,1,1,3,1,33,2,0,2007-08,Regular Season,2544,LeBron James
22007,2544,0020700826,2008-02-24,CLE vs. MEM,W,39,10,17,0.588,1,4,0.25,4,5,0.8,1,6,7,11,3,1,6,2,25,19,0,2007-08,Regular Season,2544,LeBron James
22007,2544,0020700839,2008-02-26,CLE @ MIL,L,38,16,24,0.667,1,3,0.333,2,5,0.4,0,4,4,6,0,1,2,3,35,-2,0,2007-08,Regular Season,2544,LeBron James
22007,2544,0020700849,2008-02-27,CLE @ BOS,L,39,7,24,0.292,1,6,0.167,11,15,0.733,4,4,8,4,0,0,3,2,26,-13,0,2007-08,Regular Season,2544,LeBron James
22007,2544,0020700861,2008-02-29,CLE vs. MIN,W,44,11,22,0.5,1,4,0.25,7,9,0.778,2,6,8,13,2,0,3,2,30,12,0,2007-08,Regular Season,2544,LeBron James
22007,2544,0020700875,2008-03-02,CLE vs. CHI,W,40,15,29,0.517,0,5,0.0,7,8,0.875,3,3,6,6,1,0,3,1,37,21,0,2007-08,Regular Season,2544,LeBron James
22007,2544,0020700900,2008-03-05,CLE @ NYK,W,44,16,30,0.533,7,13,0.538,11,16,0.688,1,7,8,10,4,0,2,3,50,11,0,2007-08,Regular Season,2544,LeBron James
22007,2544,0020700909,2008-03-06,CLE @ CHI,L,38,13,27,0.481,2,8,0.25,11,12,0.917,0,3,3,1,1,3,4,1,39,-21,0,2007-08,Regular Season,2544,LeBron James
22007,2544,0020700924,2008-03-08,CLE vs. IND,W,38,11,24,0.458,5,8,0.625,11,12,0.917,4,7,11,4,1,2,2,2,38,15,0,2007-08,Regular Season,2544,LeBron James
22007,2544,0020700941,2008-03-10,CLE vs. POR,W,44,7,18,0.389,1,4,0.25,9,13,0.692,1,9,10,11,1,2,4,0,24,10,0,2007-08,Regular Season,2544,LeBron James
22007,2544,0020700955,2008-03-12,CLE @ NJN,L,46,12,23,0.522,2,7,0.286,16,23,0.696,3,8,11,7,1,2,6,5,42,-4,0,2007-08,Regular Season,2544,LeBron James
22007,2544,0020700963,2008-03-13,CLE @ WAS,L,43,9,22,0.409,1,7,0.143,6,8,0.75,2,5,7,7,0,0,7,4,25,3,0,2007-08,Regular Season,2544,LeBron James
22007,2544,0020700987,2008-03-16,CLE vs. CHA,W,42,11,24,0.458,1,3,0.333,10,16,0.625,2,5,7,10,1,2,1,2,33,17,0,2007-08,Regular Season,2544,LeBron James
22007,2544,0020700992,2008-03-17,CLE @ ORL,L,42,11,22,0.5,1,4,0.25,7,11,0.636,2,7,9,6,0,1,3,1,30,-7,0,2007-08,Regular Season,2544,LeBron James
22007,2544,0020701011,2008-03-19,CLE vs. DET,W,41,11,19,0.579,2,5,0.4,6,7,0.857,3,4,7,6,1,1,0,0,30,15,0,2007-08,Regular Season,2544,LeBron James
22007,2544,0020701024,2008-03-21,CLE vs. TOR,W,41,14,22,0.636,1,3,0.333,0,0,0.0,0,12,12,5,1,0,5,1,29,-3,0,2007-08,Regular Season,2544,LeBron James
22007,2544,0020701036,2008-03-22,CLE @ MIL,L,39,9,25,0.36,3,9,0.333,8,10,0.8,4,7,11,4,2,0,4,3,29,-12,0,2007-08,Regular Season,2544,LeBron James
22007,2544,0020701062,2008-03-26,CLE vs. NOH,L,41,6,14,0.429,1,2,0.5,8,10,0.8,0,3,3,8,2,2,2,2,21,-3,0,2007-08,Regular Season,2544,LeBron James
22007,2544,0020701085,2008-03-29,CLE @ DET,L,35,4,17,0.235,1,5,0.2,4,6,0.667,0,4,4,5,0,0,5,0,13,-19,0,2007-08,Regular Season,2544,LeBron James
22007,2544,0020701095,2008-03-30,CLE vs. PHI,W,42,11,18,0.611,1,2,0.5,3,3,1.0,3,6,9,9,3,1,1,4,26,7,0,2007-08,Regular Season,2544,LeBron James
22007,2544,0020701114,2008-04-02,CLE @ CHA,W,31,11,19,0.579,1,4,0.25,6,6,1.0,2,2,4,5,3,2,4,6,29,3,0,2007-08,Regular Season,2544,LeBron James
22007,2544,0020701123,2008-04-03,CLE vs. CHI,L,39,10,24,0.417,3,7,0.429,10,14,0.714,0,5,5,4,2,2,3,4,33,-1,0,2007-08,Regular Season,2544,LeBron James
22007,2544,0020701137,2008-04-05,CLE vs. ORL,L,42,6,22,0.273,1,5,0.2,4,8,0.5,5,2,7,9,2,2,5,1,17,-15,0,2007-08,Regular Season,2544,LeBron James
22007,2544,0020701168,2008-04-09,CLE vs. NJN,W,35,11,21,0.524,1,4,0.25,10,13,0.769,4,3,7,8,1,2,0,2,33,10,0,2007-08,Regular Season,2544,LeBron James
22007,2544,0020701179,2008-04-11,CLE @ CHI,L,38,13,21,0.619,2,6,0.333,6,12,0.5,0,6,6,2,3,0,3,2,34,-10,0,2007-08,Regular Season,2544,LeBron James
22007,2544,0020701197,2008-04-13,CLE vs. MIA,W,35,3,9,0.333,0,1,0.0,7,9,0.778,0,11,11,7,1,2,5,1,13,-3,0,2007-08,Regular Season,2544,LeBron James
22007,2544,0020701204,2008-04-14,CLE @ PHI,W,42,10,18,0.556,1,2,0.5,6,12,0.5,1,3,4,5,2,1,5,3,27,-5,0,2007-08,Regular Season,2544,LeBron James
42007,2544,0040700131,2008-04-19,CLE vs. WAS,W,41,12,19,0.632,0,2,0.0,8,14,0.571,0,6,6,4,1,2,1,1,32,9,0,2007-08,Playoffs,2544,LeBron James
42007,2544,0040700132,2008-04-21,CLE vs. WAS,W,39,9,19,0.474,2,6,0.333,10,17,0.588,1,8,9,12,1,2,1,2,30,34,0,2007-08,Playoffs,2544,LeBron James
42007,2544,0040700133,2008-04-24,CLE @ WAS,L,36,10,19,0.526,0,4,0.0,2,4,0.5,0,7,7,3,1,1,4,3,22,-24,0,2007-08,Playoffs,2544,LeBron James
42007,2544,0040700134,2008-04-27,CLE @ WAS,W,44,11,25,0.44,3,8,0.375,9,14,0.643,2,10,12,7,2,0,5,5,34,3,0,2007-08,Playoffs,2544,LeBron James
42007,2544,0040700135,2008-04-30,CLE vs. WAS,L,44,8,21,0.381,3,9,0.333,15,18,0.833,2,8,10,7,1,2,5,0,34,-3,0,2007-08,Playoffs,2544,LeBron James
42007,2544,0040700136,2008-05-02,CLE @ WAS,W,44,8,17,0.471,1,2,0.5,10,10,1.0,2,11,13,13,2,1,1,2,27,26,0,2007-08,Playoffs,2544,LeBron James
42007,2544,0040700201,2008-05-06,CLE @ BOS,L,39,2,18,0.111,0,6,0.0,8,10,0.8,2,7,9,9,1,1,10,4,12,-7,0,2007-08,Playoffs,2544,LeBron James
42007,2544,0040700202,2008-05-08,CLE @ BOS,L,42,6,24,0.25,0,4,0.0,9,13,0.692,2,3,5,6,2,1,7,1,21,-15,0,2007-08,Playoffs,2544,LeBron James
42007,2544,0040700203,2008-05-10,CLE vs. BOS,W,40,5,16,0.313,3,5,0.6,8,12,0.667,0,5,5,8,4,3,2,3,21,29,0,2007-08,Playoffs,2544,LeBron James
42007,2544,0040700204,2008-05-12,CLE vs. BOS,W,44,7,20,0.35,2,5,0.4,5,8,0.625,1,5,6,13,3,2,4,3,21,15,0,2007-08,Playoffs,2544,LeBron James
42007,2544,0040700205,2008-05-14,CLE @ BOS,L,45,12,25,0.48,0,5,0.0,11,13,0.846,0,3,3,5,1,1,4,3,35,-8,0,2007-08,Playoffs,2544,LeBron James
42007,2544,0040700206,2008-05-16,CLE vs. BOS,W,47,9,23,0.391,1,3,0.333,13,15,0.867,3,9,12,6,2,1,8,2,32,7,0,2007-08,Playoffs,2544,LeBron James
42007,2544,0040700207,2008-05-18,CLE @ BOS,L,47,14,29,0.483,3,11,0.273,14,19,0.737,1,4,5,6,2,0,2,4,45,0,0,2007-08,Playoffs,2544,LeBron James
22007,977,0020700002,2007-10-30,LAL vs. HOU,L,43,13,32,0.406,1,3,0.333,18,27,0.667,0,8,8,4,4,1,5,4,45,3,0,2007-08,Regular Season,977,Kobe Bryant
22007,977,0020700026,2007-11-02,LAL @ PHX,W,28,6,15,0.4,1,3,0.333,3,3,1.0,3,8,11,4,3,0,5,0,16,27,0,2007-08,Regular Season,977,Kobe Bryant
22007,977,0020700042,2007-11-04,LAL vs. UTA,W,43,13,19,0.684,1,2,0.5,6,8,0.75,0,6,6,3,3,2,5,4,33,13,0,2007-08,Regular Season,977,Kobe Bryant
22007,977,0020700052,2007-11-06,LAL vs. NOH,L,37,11,20,0.55,2,6,0.333,4,4,1.0,1,5,6,7,0,3,4,5,28,-17,0,2007-08,Regular Season,977,Kobe Bryant
22007,977,0020700076,2007-11-09,LAL vs. MIN,W,40,9,19,0.474,3,8,0.375,9,10,0.9,1,6,7,7,4,0,5,1,30,9,0,2007-08,Regular Season,977,Kobe Bryant
22007,977,0020700101,2007-11-13,LAL @ SAS,L,38,9,19,0.474,0,5,0.0,0,0,0.0,0,9,9,5,2,3,3,1,18,-23,0,2007-08,Regular Season,977,Kobe Bryant
22007,977,0020700113,2007-11-14,LAL @ HOU,W,38,11,23,0.478,2,5,0.4,6,6,1.0,1,7,8,5,1,1,4,2,30,-4,0,2007-08,Regular Season,977,Kobe Bryant
22007,977,0020700129,2007-11-16,LAL vs. DET,W,37,6,18,0.333,2,4,0.5,5,5,1.0,0,4,4,7,1,0,2,2,19,0,0,2007-08,Regular Season,977,Kobe Bryant
22007,977,0020700144,2007-11-18,LAL vs. CHI,W,32,6,16,0.375,0,2,0.0,6,7,0.857,0,5,5,3,3,0,4,1,18,12,0,2007-08,Regular Season,977,Kobe Bryant
22007,977,0020700152,2007-11-20,LAL @ IND,W,31,8,16,0.5,5,9,0.556,11,11,1.0,0,6,6,4,1,0,2,3,32,17,0,2007-08,Regular Season,977,Kobe Bryant
22007,977,0020700162,2007-11-21,LAL @ MIL,L,43,7,18,0.389,2,8,0.25,11,11,1.0,0,3,3,4,1,0,1,3,27,-8,0,2007-08,Regular Season,977,Kobe Bryant
22007,977,0020700172,2007-11-23,LAL @ BOS,L,37,9,21,0.429,3,7,0.429,7,9,0.778,0,4,4,3,0,0,2,4,28,-14,0,2007-08,Regular Season,977,Kobe Bryant
22007,977,0020700196,2007-11-25,LAL vs. NJN,L,41,7,21,0.333,2,5,0.4,15,16,0.938,0,3,3,7,4,0,2,3,31,9,0,2007-08,Regular Season,977,Kobe Bryant
22007,977,0020700210,2007-11-27,LAL vs. SEA,W,35,12,22,0.545,1,3,0.333,10,12,0.833,2,6,8,6,0,0,3,2,35,16,0,2007-08,Regular Season,977,Kobe Bryant
22007,977,0020700222,2007-11-29,LAL vs. DEN,W,30,10,18,0.556,0,3,0.0,4,5,0.8,3,3,6,7,1,0,2,1,24,7,0,2007-08,Regular Season,977,Kobe Bryant
22007,977,0020700231,2007-11-30,LAL @ UTA,L,35,10,19,0.526,3,5,0.6,5,6,0.833,1,3,4,3,0,0,2,4,28,-20,0,2007-08,Regular Season,977,Kobe Bryant
22007,977,0020700249,2007-12-02,LAL vs. ORL,L,42,10,26,0.385,4,9,0.444,4,4,1.0,2,4,6,5,2,0,4,0,28,-9,0,2007-08,Regular Season,977,Kobe Bryant
22007,977,0020700259,2007-12-04,LAL @ MIN,W,29,6,12,0.5,2,5,0.4,6,9,0.667,1,2,3,5,4,0,4,2,20,16,0,2007-08,Regular Season,977,Kobe Bryant
22007,977,0020700270,2007-12-05,LAL @ DEN,W,31,10,19,0.526,0,3,0.0,5,6,0.833,1,7,8,5,2,1,1,4,25,9,0,2007-08,Regular Season,977,Kobe Bryant
22007,977,0020700300,2007-12-09,LAL vs. GSW,W,38,9,23,0.391,2,6,0.333,8,10,0.8,0,6,6,8,3,1,3,2,28,22,0,2007-08,Regular Season,977,Kobe Bryant
22007,977,0020700326,2007-12-13,LAL vs. SAS,W,38,10,24,0.417,1,4,0.25,9,10,0.9,1,6,7,3,4,0,1,1,30,-7,0,2007-08,Regular Season,977,Kobe Bryant
22007,977,0020700338,2007-12-14,LAL @ GSW,L,37,6,23,0.261,0,6,0.0,9,11,0.818,1,5,6,5,2,1,5,2,21,1,0,2007-08,Regular Season,977,Kobe Bryant
22007,977,0020700353,2007-12-16,LAL vs. LAC,W,36,11,22,0.5,2,6,0.333,8,9,0.889,2,6,8,3,1,1,4,2,32,31,0,2007-08,Regular Season,977,Kobe Bryant
22007,977,0020700363,2007-12-18,LAL @ CHI,W,36,7,19,0.368,0,3,0.0,4,4,1.0,1,5,6,2,3,1,2,2,18,13,0,2007-08,Regular Season,977,Kobe Bryant
22007,977,0020700379,2007-12-20,LAL @ CLE,L,40,8,22,0.364,0,3,0.0,5,8,0.625,1,4,5,5,1,0,2,2,21,8,0,2007-08,Regular Season,977,Kobe Bryant
22007,977,0020700382,2007-12-21,LAL @ PHI,W,39,6,20,0.3,2,5,0.4,5,5,1.0,2,5,7,3,2,1,4,2,19,6,0,2007-08,Regular Season,977,Kobe Bryant
22007,977,0020700400,2007-12-23,LAL @ NYK,W,41,14,28,0.5,5,12,0.417,6,7,0.857,2,9,11,8,2,0,2,2,39,19,0,2007-08,Regular Season,977,Kobe Bryant
22007,977,0020700406,2007-12-25,LAL vs. PHX,W,41,12,20,0.6,1,3,0.333,13,14,0.929,2,3,5,7,2,0,8,4,38,9,0,2007-08,Regular Season,977,Kobe Bryant
22007,977,0020700432,2007-12-28,LAL vs. UTA,W,29,11,18,0.611,6,9,0.667,3,4,0.75,0,4,4,7,4,0,5,3,31,20,0,2007-08,Regular Season,977,Kobe Bryant
22007,977,0020700448,2007-12-30,LAL vs. BOS,L,37,6,25,0.24,0,6,0.0,10,11,0.909,2,4,6,3,0,1,3,5,22,-10,0,2007-08,Regular Season,977,Kobe Bryant
22007,977,0020700482,2008-01-04,LAL vs. PHI,W,29,5,9,0.556,0,1,0.0,5,5,1.0,1,5,6,4,0,0,3,2,15,20,0,2007-08,Regular Season,977,Kobe Bryant
22007,977,0020700497,2008-01-06,LAL vs. IND,W,36,8,21,0.381,2,3,0.667,8,8,1.0,0,2,2,6,3,0,4,3,26,32,0,2007-08,Regular Season,977,Kobe Bryant
22007,977,0020700504,2008-01-08,LAL @ MEM,W,40,8,22,0.364,1,4,0.25,8,11,0.727,1,2,3,6,5,0,3,4,25,13,0,2007-08,Regular Season,977,Kobe Bryant
22007,977,0020700515,2008-01-09,LAL @ NOH,W,33,8,16,0.5,2,4,0.5,1,2,0.5,0,7,7,7,3,0,1,0,19,16,0,2007-08,Regular Season,977,Kobe Bryant
22007,977,0020700531,2008-01-11,LAL vs. MIL,W,37,12,25,0.48,5,9,0.556,8,8,1.0,2,3,5,7,2,0,1,4,37,19,0,2007-08,Regular Season,977,Kobe Bryant
22007,977,0020700546,2008-01-13,LAL vs. MEM,W,36,10,25,0.4,3,10,0.3,14,15,0.933,2,1,3,4,4,0,1,1,37,2,0,2007-08,Regular Season,977,Kobe Bryant
22007,977,0020700553,2008-01-14,LAL @ SEA,W,42,21,44,0.477,2,8,0.25,4,7,0.571,0,2,2,2,1,0,1,1,48,-3,0,2007-08,Regular Season,977,Kobe Bryant
22007,977,0020700572,2008-01-17,LAL vs. PHX,L,39,10,22,0.455,4,10,0.4,6,8,0.75,2,5,7,4,2,0,2,2,30,-8,0,2007-08,Regular Season,977,Kobe Bryant
22007,977,0020700607,2008-01-21,LAL vs. DEN,W,39,5,7,0.714,1,2,0.5,6,8,0.75,1,4,5,11,2,0,6,4,17,21,0,2007-08,Regular Season,977,Kobe Bryant
22007,977,0020700618,2008-01-23,LAL @ SAS,L,45,12,27,0.444,1,2,0.5,4,4,1.0,6,6,12,5,0,0,9,2,29,-12,0,2007-08,Regular Season,977,Kobe Bryant
22007,977,0020700633,2008-01-25,LAL @ DAL,L,45,11,19,0.579,1,3,0.333,17,21,0.81,0,10,10,5,1,1,3,4,40,-6,0,2007-08,Regular Season,977,Kobe Bryant
22007,977,0020700643,2008-01-27,LAL vs. CLE,L,43,10,21,0.476,0,1,0.0,13,18,0.722,2,10,12,6,0,1,3,3,33,8,0,2007-08,Regular Season,977,Kobe Bryant
22007,977,0020700664,2008-01-29,LAL vs. NYK,W,44,10,21,0.476,1,4,0.25,3,6,0.5,2,6,8,11,0,1,4,3,24,7,0,2007-08,Regular Season,977,Kobe Bryant
22007,977,0020700675,2008-01-31,LAL @ DET,L,47,12,25,0.48,2,4,0.5,13,15,0.867,3,7,10,5,2,1,11,2,39,3,0,2007-08,Regular Season,977,Kobe Bryant
22007,977,0020700679,2008-02-01,LAL @ TOR,W,44,19,28,0.679,4,8,0.5,4,4,1.0,0,7,7,5,1,0,1,2,46,19,0,2007-08,Regular Season,977,Kobe Bryant
22007,977,0020700696,2008-02-03,LAL @ WAS,W,35,10,15,0.667,2,5,0.4,8,11,0.727,1,5,6,2,1,0,3,2,30,22,0,2007-08,Regular Season,977,Kobe Bryant
22007,977,0020700710,2008-02-05,LAL @ NJN,W,40,3,13,0.231,0,2,0.0,0,0,0.0,1,4,5,8,2,2,7,3,6,20,0,2007-08,Regular Season,977,Kobe Bryant
22007,977,0020700713,2008-02-06,LAL @ ATL,L,37,4,16,0.25,0,2,0.0,3,5,0.6,0,1,1,10,1,0,1,2,11,-7,0,2007-08,Regular Season,977,Kobe Bryant
22007,977,0020700728,2008-02-08,LAL @ ORL,W,46,11,26,0.423,0,2,0.0,14,16,0.875,1,9,10,6,0,1,4,3,36,6,0,2007-08,Regular Season,977,Kobe Bryant
22007,977,0020700745,2008-02-10,LAL @ MIA,W,42,10,15,0.667,2,5,0.4,11,11,1.0,0,3,3,5,2,0,4,4,33,7,0,2007-08,Regular Season,977,Kobe Bryant
22007,977,0020700753,2008-02-11,LAL @ CHA,W,41,9,17,0.529,4,7,0.571,9,9,1.0,0,2,2,4,4,2,4,3,31,6,0,2007-08,Regular Season,977,Kobe Bryant
22007,977,0020700772,2008-02-13,LAL @ MIN,W,35,7,18,0.389,2,7,0.286,13,13,1.0,1,4,5,5,1,1,1,1,29,32,0,2007-08,Regular Season,977,Kobe Bryant
22007,977,0020700789,2008-02-19,LAL vs. ATL,W,30,8,16,0.5,1,4,0.25,6,6,1.0,3,2,5,3,5,0,1,2,23,24,0,2007-08,Regular Season,977,Kobe Bryant
22007,977,0020700796,2008-02-20,LAL @ PHX,W,46,16,25,0.64,1,2,0.5,8,10,0.8,1,4,5,3,2,2,5,3,41,6,0,2007-08,Regular Season,977,Kobe Bryant
22007,977,0020700822,2008-02-23,LAL @ LAC,W,42,5,11,0.455,0,3,0.0,7,9,0.778,1,4,5,7,2,0,5,5,17,25,0,2007-08,Regular Season,977,Kobe Bryant
22007,977,0020700830,2008-02-24,LAL @ SEA,W,26,8,13,0.615,3,5,0.6,2,3,0.667,0,4,4,10,3,0,1,1,21,24,0,2007-08,Regular Season,977,Kobe Bryant
22007,977,0020700843,2008-02-26,LAL vs. POR,W,45,11,25,0.44,1,4,0.25,7,8,0.875,1,8,9,7,2,0,3,5,30,11,0,2007-08,Regular Season,977,Kobe Bryant
22007,977,0020700857,2008-02-28,LAL vs. MIA,W,41,7,14,0.5,0,2,0.0,7,7,1.0,0,1,1,8,4,2,3,5,21,14,0,2007-08,Regular Season,977,Kobe Bryant
22007,977,0020700868,2008-02-29,LAL @ POR,L,43,12,24,0.5,2,8,0.25,7,8,0.875,3,4,7,5,1,0,6,4,33,-6,0,2007-08,Regular Season,977,Kobe Bryant
22007,977,0020700876,2008-03-02,LAL vs. DAL,W,51,15,27,0.556,2,3,0.667,20,27,0.741,1,10,11,4,1,2,5,2,52,4,0,2007-08,Regular Season,977,Kobe Bryant
22007,977,0020700895,2008-03-04,LAL @ SAC,W,43,10,26,0.385,0,3,0.0,14,16,0.875,2,8,10,3,2,0,4,3,34,11,0,2007-08,Regular Season,977,Kobe Bryant
22007,977,0020700923,2008-03-07,LAL vs. LAC,W,31,5,9,0.556,2,3,0.667,4,4,1.0,1,5,6,3,2,0,2,2,16,27,0,2007-08,Regular Season,977,Kobe Bryant
22007,977,0020700938,2008-03-09,LAL vs. SAC,L,42,7,18,0.389,0,3,0.0,12,15,0.8,0,3,3,5,3,0,3,2,26,1,0,2007-08,Regular Season,977,Kobe Bryant
22007,977,0020700951,2008-03-11,LAL vs. TOR,W,47,12,20,0.6,4,8,0.5,6,6,1.0,1,6,7,7,4,1,4,3,34,9,0,2007-08,Regular Season,977,Kobe Bryant
22007,977,0020700970,2008-03-14,LAL @ NOH,L,38,10,23,0.435,4,7,0.571,12,13,0.923,1,8,9,3,1,0,3,6,36,-10,0,2007-08,Regular Season,977,Kobe Bryant
22007,977,0020700988,2008-03-16,LAL @ HOU,L,47,11,33,0.333,0,4,0.0,2,4,0.5,0,7,7,2,0,0,3,3,24,-13,0,2007-08,Regular Season,977,Kobe Bryant
22007,977,0020701003,2008-03-18,LAL @ DAL,W,44,12,23,0.522,2,4,0.5,3,6,0.5,0,2,2,7,3,0,2,4,29,7,0,2007-08,Regular Season,977,Kobe Bryant
22007,977,0020701018,2008-03-20,LAL @ UTA,W,41,11,24,0.458,0,2,0.0,5,9,0.556,2,6,8,7,1,0,3,3,27,7,0,2007-08,Regular Season,977,Kobe Bryant
22007,977,0020701027,2008-03-21,LAL vs. SEA,W,30,8,15,0.533,0,3,0.0,7,8,0.875,1,1,2,5,0,0,1,2,23,16,0,2007-08,Regular Season,977,Kobe Bryant
22007,977,0020701043,2008-03-23,LAL vs. GSW,L,46,13,30,0.433,3,9,0.333,7,7,1.0,2,12,14,8,1,0,3,4,36,-6,0,2007-08,Regular Season,977,Kobe Bryant
22007,977,0020701051,2008-03-24,LAL @ GSW,W,52,11,30,0.367,1,5,0.2,7,7,1.0,2,9,11,7,1,0,3,4,30,2,0,2007-08,Regular Season,977,Kobe Bryant
22007,977,0020701069,2008-03-26,LAL vs. CHA,L,39,8,22,0.364,2,6,0.333,9,12,0.75,1,5,6,3,0,1,3,4,27,-18,0,2007-08,Regular Season,977,Kobe Bryant
22007,977,0020701082,2008-03-28,LAL vs. MEM,L,42,19,37,0.514,9,17,0.529,6,7,0.857,2,8,10,1,3,0,1,4,53,1,0,2007-08,Regular Season,977,Kobe Bryant
22007,977,0020701098,2008-03-30,LAL vs. WAS,W,47,7,24,0.292,0,3,0.0,12,15,0.8,0,4,4,13,1,1,1,3,26,4,0,2007-08,Regular Season,977,Kobe Bryant
22007,977,0020701122,2008-04-02,LAL vs. POR,W,41,10,16,0.625,4,5,0.8,12,13,0.923,2,11,13,7,3,0,1,3,36,25,0,2007-08,Regular Season,977,Kobe Bryant
22007,977,0020701135,2008-04-04,LAL vs. DAL,W,42,7,14,0.5,3,4,0.75,8,9,0.889,4,6,10,6,0,0,0,4,25,5,0,2007-08,Regular Season,977,Kobe Bryant
22007,977,0020701150,2008-04-06,LAL @ SAC,W,36,9,15,0.6,4,7,0.571,7,8,0.875,2,3,5,5,2,0,4,3,29,18,0,2007-08,Regular Season,977,Kobe Bryant
22007,977,0020701161,2008-04-08,LAL @ POR,L,45,11,26,0.423,2,7,0.286,10,13,0.769,1,4,5,5,1,1,2,5,34,-13,0,2007-08,Regular Season,977,Kobe Bryant
22007,977,0020701175,2008-04-10,LAL @ LAC,W,35,6,17,0.353,1,5,0.2,3,5,0.6,1,2,3,3,1,2,2,1,16,13,0,2007-08,Regular Season,977,Kobe Bryant
22007,977,0020701187,2008-04-11,LAL vs. NOH,W,43,9,17,0.529,3,7,0.429,8,10,0.8,1,9,10,8,2,0,1,3,29,0,0,2007-08,Regular Season,977,Kobe Bryant
22007,977,0020701198,2008-04-13,LAL vs. SAS,W,32,6,14,0.429,3,6,0.5,5,6,0.833,1,4,5,5,2,1,4,3,20,14,0,2007-08,Regular Season,977,Kobe Bryant
22007,977,0020701216,2008-04-15,LAL vs. SAC,W,29,3,13,0.231,1,5,0.2,13,14,0.929,1,2,3,5,1,0,2,3,20,21,0,2007-08,Regular Season,977,Kobe Bryant
42007,977,0040700141,2008-04-20,LAL vs. DEN,W,37,9,26,0.346,1,5,0.2,13,14,0.929,0,3,3,1,1,2,1,5,32,3,0,2007-08,Playoffs,977,Kobe Bryant
42007,977,0040700142,2008-04-23,LAL vs. DEN,W,42,18,27,0.667,5,9,0.556,8,9,0.889,1,3,4,10,1,1,2,4,49,13,0,2007-08,Playoffs,977,Kobe Bryant
42007,977,0040700143,2008-04-26,LAL @ DEN,W,36,9,19,0.474,1,8,0.125,3,5,0.6,1,6,7,8,1,1,2,2,22,21,0,2007-08,Playoffs,977,Kobe Bryant
42007,977,0040700144,2008-04-28,LAL @ DEN,W,41,12,24,0.5,3,8,0.375,4,10,0.4,1,6,7,6,3,2,6,3,31,10,0,2007-08,Playoffs,977,Kobe Bryant
42007,977,0040700221,2008-05-04,LAL vs. UTA,W,40,8,16,0.5,1,2,0.5,21,23,0.913,0,6,6,7,1,0,3,3,38,7,0,2007-08,Playoffs,977,Kobe Bryant
42007,977,0040700222,2008-05-07,LAL vs. UTA,W,38,11,18,0.611,1,2,0.5,11,12,0.917,0,8,8,6,1,0,5,4,34,18,0,2007-08,Playoffs,977,Kobe Bryant
42007,977,0040700223,2008-05-09,LAL @ UTA,L,42,10,20,0.5,0,6,0.0,14,17,0.824,2,4,6,7,0,1,4,4,34,3,0,2007-08,Playoffs,977,Kobe Bryant
42007,977,0040700224,2008-05-11,LAL @ UTA,L,47,13,33,0.394,1,10,0.1,6,10,0.6,2,6,8,10,1,0,3,1,33,-7,0,2007-08,Playoffs,977,Kobe Bryant
42007,977,0040700225,2008-05-14,LAL vs. UTA,W,41,6,10,0.6,1,2,0.5,13,17,0.765,0,6,6,7,2,0,4,3,26,1,0,2007-08,Playoffs,977,Kobe Bryant
42007,977,0040700226,2008-05-16,LAL @ UTA,W,40,9,19,0.474,1,2,0.5,15,17,0.882,0,8,8,6,0,0,5,4,34,7,0,2007-08,Playoffs,977,Kobe Bryant
42007,977,0040700311,2008-05-21,LAL vs. SAS,W,44,11,21,0.524,1,3,0.333,4,4,1.0,0,5,5,9,1,0,1,1,27,2,0,2007-08,Playoffs,977,Kobe Bryant
42007,977,0040700312,2008-05-23,LAL vs. SAS,W,36,10,17,0.588,1,5,0.2,1,1,1.0,0,5,5,5,1,0,3,0,22,24,0,2007-08,Playoffs,977,Kobe Bryant
42007,977,0040700313,2008-05-25,LAL @ SAS,L,38,13,23,0.565,4,9,0.444,0,1,0.0,1,4,5,1,3,0,4,3,30,-10,0,2007-08,Playoffs,977,Kobe Bryant
42007,977,0040700314,2008-05-27,LAL @ SAS,W,41,14,29,0.483,0,1,0.0,0,0,0.0,2,8,10,1,1,0,2,1,28,5,0,2007-08,Playoffs,977,Kobe Bryant
42007,977,0040700315,2008-05-29,LAL vs. SAS,W,43,16,30,0.533,2,6,0.333,5,5,1.0,0,3,3,3,2,0,2,2,39,6,0,2007-08,Playoffs,977,Kobe Bryant
42007,977,0040700401,2008-06-05,LAL @ BOS,L,42,9,26,0.346,0,3,0.0,6,6,1.0,0,3,3,6,1,1,4,3,24,-13,0,2007-08,Playoffs,977,Kobe Bryant
42007,977,0040700402,2008-06-08,LAL @ BOS,L,40,11,23,0.478,1,3,0.333,7,7,1.0,1,3,4,8,3,0,4,3,30,8,0,2007-08,Playoffs,977,Kobe Bryant
42007,977,0040700403,2008-06-10,LAL vs. BOS,W,45,12,20,0.6,1,2,0.5,11,18,0.611,3,4,7,1,2,0,3,4,36,2,0,2007-08,Playoffs,977,Kobe Bryant
42007,977,0040700404,2008-06-12,LAL vs. BOS,L,43,6,19,0.316,0,2,0.0,5,6,0.833,0,4,4,10,4,0,2,4,17,-9,0,2007-08,Playoffs,977,Kobe Bryant
42007,977,0040700405,2008-06-15,LAL vs. BOS,W,44,8,21,0.381,4,9,0.444,5,7,0.714,3,4,7,4,5,0,6,4,25,8,0,2007-08,Playoffs,977,Kobe Bryant
42007,977,0040700406,2008-06-17,LAL @ BOS,L,43,7,22,0.318,3,9,0.333,5,5,1.0,1,2,3,1,1,0,4,1,22,-35,0,2007-08,Playoffs,977,Kobe Bryant
22007,1495,0020700001,2007-10-30,SAS vs. POR,W,36,10,15,0.667,0,0,0.0,4,7,0.571,6,7,13,3,0,1,0,2,24,5,0,2007-08,Regular Season,1495,Tim Duncan
22007,1495,0020700009,2007-10-31,SAS @ MEM,W,36,7,15,0.467,0,0,0.0,3,6,0.5,4,5,9,0,1,3,1,2,17,-12,0,2007-08,Regular Season,1495,Tim Duncan
22007,1495,0020700025,2007-11-02,SAS vs. SAC,W,25,3,7,0.429,0,0,0.0,9,9,1.0,1,9,10,3,2,1,1,3,15,17,0,2007-08,Regular Season,1495,Tim Duncan
22007,1495,0020700050,2007-11-06,SAS @ HOU,L,37,5,15,0.333,0,0,0.0,4,8,0.5,1,9,10,1,0,3,5,4,14,-12,0,2007-08,Regular Season,1495,Tim Duncan
22007,1495,0020700059,2007-11-07,SAS vs. MIA,W,31,4,9,0.444,0,0,0.0,4,4,1.0,0,8,8,3,0,1,2,2,12,7,0,2007-08,Regular Season,1495,Tim Duncan
22007,1495,0020700073,2007-11-09,SAS @ NOH,W,36,11,14,0.786,0,0,0.0,2,4,0.5,2,10,12,2,0,4,2,3,24,29,0,2007-08,Regular Season,1495,Tim Duncan
22007,1495,0020700090,2007-11-11,SAS vs. MIL,W,27,5,7,0.714,0,0,0.0,6,6,1.0,1,9,10,3,1,4,1,0,16,31,0,2007-08,Regular Season,1495,Tim Duncan
22007,1495,0020700101,2007-11-13,SAS vs. LAL,W,30,2,13,0.154,0,0,0.0,1,1,1.0,1,4,5,4,2,3,4,3,5,14,0,2007-08,Regular Season,1495,Tim Duncan
22007,1495,0020700117,2007-11-15,SAS @ DAL,L,33,11,21,0.524,0,0,0.0,2,2,1.0,4,1,5,1,1,0,5,2,24,-19,0,2007-08,Regular Season,1495,Tim Duncan
22007,1495,0020700126,2007-11-16,SAS vs. HOU,W,39,11,22,0.5,0,0,0.0,3,6,0.5,4,9,13,2,2,1,4,3,25,0,0,2007-08,Regular Season,1495,Tim Duncan
22007,1495,0020700150,2007-11-20,SAS @ ATL,W,33,5,12,0.417,0,1,0.0,3,4,0.75,3,4,7,6,0,2,3,3,13,15,0,2007-08,Regular Season,1495,Tim Duncan
22007,1495,0020700166,2007-11-21,SAS vs. ORL,W,36,8,14,0.571,0,0,0.0,4,6,0.667,4,12,16,5,1,2,1,4,20,19,0,2007-08,Regular Season,1495,Tim Duncan
22007,1495,0020700176,2007-11-23,SAS vs. MEM,W,28,14,17,0.824,0,0,0.0,0,1,0.0,4,5,9,2,2,1,2,3,28,10,0,2007-08,Regular Season,1495,Tim Duncan
22007,1495,0020700195,2007-11-25,SAS @ SEA,W,35,11,18,0.611,0,0,0.0,4,4,1.0,3,2,5,3,1,2,1,0,26,12,0,2007-08,Regular Season,1495,Tim Duncan
22007,1495,0020700200,2007-11-26,SAS @ SAC,L,33,6,11,0.545,0,0,0.0,3,5,0.6,1,4,5,3,3,1,3,3,15,-10,0,2007-08,Regular Season,1495,Tim Duncan
22007,1495,0020700216,2007-11-28,SAS vs. WAS,W,35,8,13,0.615,0,0,0.0,0,0,0.0,1,6,7,2,1,1,1,1,16,18,0,2007-08,Regular Season,1495,Tim Duncan
22007,1495,0020700229,2007-11-30,SAS @ MIN,W,40,7,11,0.636,0,0,0.0,6,9,0.667,5,9,14,4,0,1,2,4,20,11,0,2007-08,Regular Season,1495,Tim Duncan
22007,1495,0020700243,2007-12-02,SAS vs. POR,W,11,1,7,0.143,0,0,0.0,0,0,0.0,2,0,2,0,0,1,0,0,2,-4,0,2007-08,Regular Season,1495,Tim Duncan
22007,1495,0020700348,2007-12-15,SAS vs. DEN,W,20,4,10,0.4,0,0,0.0,0,0,0.0,1,4,5,1,1,1,3,0,8,8,0,2007-08,Regular Season,1495,Tim Duncan
22007,1495,0020700360,2007-12-17,SAS vs. PHX,L,36,15,25,0.6,0,0,0.0,6,8,0.75,6,11,17,3,0,1,2,1,36,5,0,2007-08,Regular Season,1495,Tim Duncan
22007,1495,0020700372,2007-12-19,SAS @ MEM,L,33,7,14,0.5,0,0,0.0,2,2,1.0,3,11,14,4,0,2,1,1,16,-4,0,2007-08,Regular Season,1495,Tim Duncan
22007,1495,0020700398,2007-12-22,SAS vs. LAC,W,35,13,22,0.591,0,0,0.0,8,9,0.889,6,12,18,5,0,1,1,3,34,14,0,2007-08,Regular Season,1495,Tim Duncan
22007,1495,0020700414,2007-12-26,SAS vs. CHI,W,27,2,9,0.222,0,0,0.0,4,6,0.667,4,7,11,6,1,2,5,3,8,-3,0,2007-08,Regular Season,1495,Tim Duncan
22007,1495,0020700428,2007-12-28,SAS vs. TOR,L,40,6,12,0.5,0,0,0.0,4,7,0.571,4,8,12,3,0,2,5,3,16,-6,0,2007-08,Regular Season,1495,Tim Duncan
22007,1495,0020700446,2007-12-30,SAS vs. MEM,W,34,10,20,0.5,0,0,0.0,4,7,0.571,5,12,17,7,1,3,5,4,24,30,0,2007-08,Regular Season,1495,Tim Duncan
22007,1495,0020700470,2008-01-03,SAS @ DEN,L,39,7,20,0.35,0,0,0.0,6,10,0.6,2,12,14,2,2,2,4,1,20,4,0,2007-08,Regular Season,1495,Tim Duncan
22007,1495,0020700480,2008-01-04,SAS vs. NYK,W,37,5,16,0.313,0,0,0.0,2,3,0.667,2,7,9,5,0,2,3,1,12,12,0,2007-08,Regular Season,1495,Tim Duncan
22007,1495,0020700493,2008-01-06,SAS @ LAC,W,35,8,16,0.5,0,0,0.0,1,4,0.25,4,13,17,3,2,0,4,3,17,7,0,2007-08,Regular Season,1495,Tim Duncan
22007,1495,0020700499,2008-01-07,SAS @ GSW,L,41,9,19,0.474,0,0,0.0,14,16,0.875,4,9,13,3,0,0,1,5,32,-13,0,2007-08,Regular Season,1495,Tim Duncan
22007,1495,0020700520,2008-01-10,SAS vs. DET,L,41,8,16,0.5,0,0,0.0,8,9,0.889,5,10,15,5,1,1,1,2,24,-2,0,2007-08,Regular Season,1495,Tim Duncan
22007,1495,0020700536,2008-01-12,SAS vs. MIN,W,31,7,12,0.583,0,0,0.0,1,6,0.167,2,7,9,0,1,3,1,2,15,16,0,2007-08,Regular Season,1495,Tim Duncan
22007,1495,0020700550,2008-01-14,SAS vs. PHI,W,36,8,14,0.571,0,0,0.0,2,3,0.667,6,10,16,6,0,2,1,3,18,5,0,2007-08,Regular Season,1495,Tim Duncan
22007,1495,0020700570,2008-01-17,SAS vs. CLE,L,40,7,17,0.412,0,0,0.0,6,10,0.6,3,8,11,1,0,4,3,3,20,-2,0,2007-08,Regular Season,1495,Tim Duncan
22007,1495,0020700590,2008-01-19,SAS @ HOU,L,39,10,21,0.476,0,0,0.0,4,9,0.444,5,12,17,1,0,2,5,4,24,-4,0,2007-08,Regular Season,1495,Tim Duncan
22007,1495,0020700597,2008-01-21,SAS @ CHA,W,31,8,17,0.471,0,0,0.0,3,4,0.75,2,8,10,3,0,5,4,2,19,7,0,2007-08,Regular Season,1495,Tim Duncan
22007,1495,0020700618,2008-01-23,SAS vs. LAL,W,40,12,21,0.571,0,0,0.0,4,5,0.8,6,11,17,4,1,3,1,3,28,18,0,2007-08,Regular Season,1495,Tim Duncan
22007,1495,0020700622,2008-01-24,SAS @ MIA,W,39,14,19,0.737,0,0,0.0,2,2,1.0,2,9,11,5,0,1,3,4,30,4,0,2007-08,Regular Season,1495,Tim Duncan
22007,1495,0020700641,2008-01-26,SAS vs. NOH,L,34,6,12,0.5,0,0,0.0,5,7,0.714,1,7,8,1,1,1,1,1,17,-21,0,2007-08,Regular Season,1495,Tim Duncan
22007,1495,0020700654,2008-01-28,SAS @ UTA,L,37,9,15,0.6,0,0,0.0,8,10,0.8,4,7,11,2,1,1,7,3,26,-13,0,2007-08,Regular Season,1495,Tim Duncan
22007,1495,0020700663,2008-01-29,SAS @ SEA,L,38,10,21,0.476,0,0,0.0,7,7,1.0,3,9,12,2,1,1,2,3,27,7,0,2007-08,Regular Season,1495,Tim Duncan
22007,1495,0020700678,2008-01-31,SAS @ PHX,W,43,7,16,0.438,0,0,0.0,2,2,1.0,3,14,17,7,0,2,5,5,16,5,0,2007-08,Regular Season,1495,Tim Duncan
22007,1495,0020700709,2008-02-05,SAS @ IND,W,32,7,12,0.583,0,0,0.0,5,8,0.625,4,11,15,6,0,1,1,2,19,11,0,2007-08,Regular Season,1495,Tim Duncan
22007,1495,0020700712,2008-02-06,SAS @ WAS,W,37,9,16,0.563,0,0,0.0,5,9,0.556,2,7,9,4,1,0,3,3,23,-1,0,2007-08,Regular Season,1495,Tim Duncan
22007,1495,0020700729,2008-02-08,SAS @ NYK,W,44,8,17,0.471,0,0,0.0,5,5,1.0,4,10,14,1,2,3,2,3,21,19,0,2007-08,Regular Season,1495,Tim Duncan
22007,1495,0020700749,2008-02-10,SAS @ BOS,L,40,10,20,0.5,0,0,0.0,2,4,0.5,6,8,14,6,1,2,3,3,22,1,0,2007-08,Regular Season,1495,Tim Duncan
22007,1495,0020700751,2008-02-11,SAS @ TOR,W,36,11,19,0.579,0,1,0.0,0,1,0.0,4,9,13,2,1,2,2,1,22,3,0,2007-08,Regular Season,1495,Tim Duncan
22007,1495,0020700768,2008-02-13,SAS @ CLE,W,39,8,21,0.381,0,0,0.0,7,9,0.778,3,10,13,2,1,2,1,3,23,21,0,2007-08,Regular Season,1495,Tim Duncan
22007,1495,0020700784,2008-02-19,SAS vs. CHA,W,32,2,12,0.167,0,0,0.0,3,4,0.75,5,10,15,5,1,5,3,2,7,17,0,2007-08,Regular Season,1495,Tim Duncan
22007,1495,0020700801,2008-02-21,SAS @ MIN,W,38,8,16,0.5,0,0,0.0,8,8,1.0,2,12,14,7,3,4,4,3,24,4,0,2007-08,Regular Season,1495,Tim Duncan
22007,1495,0020700820,2008-02-23,SAS vs. NOH,W,38,10,16,0.625,0,0,0.0,5,5,1.0,3,8,11,6,1,4,1,2,25,7,0,2007-08,Regular Season,1495,Tim Duncan
22007,1495,0020700834,2008-02-25,SAS vs. ATL,W,35,5,9,0.556,0,0,0.0,13,16,0.813,1,9,10,1,2,3,6,5,23,4,0,2007-08,Regular Season,1495,Tim Duncan
22007,1495,0020700856,2008-02-28,SAS vs. DAL,W,40,12,20,0.6,0,0,0.0,7,10,0.7,4,11,15,3,1,1,1,3,31,8,0,2007-08,Regular Season,1495,Tim Duncan
22007,1495,0020700872,2008-03-01,SAS @ MIL,W,33,4,11,0.364,0,0,0.0,1,2,0.5,1,6,7,4,0,0,1,5,9,-2,0,2007-08,Regular Season,1495,Tim Duncan
22007,1495,0020700878,2008-03-02,SAS @ NJN,W,35,4,14,0.286,0,0,0.0,5,6,0.833,3,11,14,1,0,1,2,4,13,17,0,2007-08,Regular Season,1495,Tim Duncan
22007,1495,0020700894,2008-03-04,SAS vs. NJN,W,34,11,21,0.524,0,0,0.0,7,9,0.778,3,9,12,3,0,2,2,2,29,12,0,2007-08,Regular Season,1495,Tim Duncan
22007,1495,0020700910,2008-03-06,SAS vs. IND,W,24,3,11,0.273,0,0,0.0,0,1,0.0,2,10,12,1,1,1,3,2,6,14,0,2007-08,Regular Season,1495,Tim Duncan
22007,1495,0020700922,2008-03-07,SAS @ DEN,L,33,8,11,0.727,0,0,0.0,7,9,0.778,2,7,9,2,0,4,3,2,23,-6,0,2007-08,Regular Season,1495,Tim Duncan
22007,1495,0020700936,2008-03-09,SAS @ PHX,L,35,6,19,0.316,0,0,0.0,5,8,0.625,6,4,10,1,2,2,1,1,17,-23,0,2007-08,Regular Season,1495,Tim Duncan
22007,1495,0020700945,2008-03-10,SAS vs. DEN,W,39,7,15,0.467,0,0,0.0,9,10,0.9,6,12,18,5,0,3,2,2,23,9,0,2007-08,Regular Season,1495,Tim Duncan
22007,1495,0020700959,2008-03-12,SAS @ NOH,L,33,10,16,0.625,0,0,0.0,4,6,0.667,3,8,11,3,1,1,0,0,24,-16,0,2007-08,Regular Season,1495,Tim Duncan
22007,1495,0020700969,2008-03-14,SAS @ DET,L,39,9,23,0.391,0,0,0.0,2,3,0.667,3,7,10,3,0,1,4,1,20,8,0,2007-08,Regular Season,1495,Tim Duncan
22007,1495,0020700976,2008-03-15,SAS @ PHI,L,33,5,14,0.357,0,1,0.0,6,7,0.857,1,5,6,1,0,1,2,1,16,3,0,2007-08,Regular Season,1495,Tim Duncan
22007,1495,0020700997,2008-03-17,SAS vs. BOS,L,34,4,8,0.5,0,0,0.0,2,2,1.0,1,7,8,2,0,3,2,3,10,-6,0,2007-08,Regular Season,1495,Tim Duncan
22007,1495,0020701016,2008-03-20,SAS @ CHI,W,26,9,14,0.643,0,0,0.0,4,4,1.0,3,7,10,1,0,3,1,0,22,20,0,2007-08,Regular Season,1495,Tim Duncan
22007,1495,0020701025,2008-03-21,SAS vs. SAC,W,32,8,18,0.444,0,0,0.0,5,6,0.833,3,10,13,3,2,3,2,2,21,14,0,2007-08,Regular Season,1495,Tim Duncan
22007,1495,0020701040,2008-03-23,SAS @ DAL,W,35,7,21,0.333,0,0,0.0,5,6,0.833,3,10,13,1,0,1,2,2,19,14,0,2007-08,Regular Season,1495,Tim Duncan
22007,1495,0020701052,2008-03-25,SAS @ ORL,W,35,7,10,0.7,0,0,0.0,5,6,0.833,2,13,15,3,0,4,2,4,19,15,0,2007-08,Regular Season,1495,Tim Duncan
22007,1495,0020701066,2008-03-26,SAS vs. LAC,W,37,8,10,0.8,0,0,0.0,10,13,0.769,5,7,12,4,0,2,2,2,26,9,0,2007-08,Regular Season,1495,Tim Duncan
22007,1495,0020701079,2008-03-28,SAS vs. MIN,W,34,4,13,0.308,0,0,0.0,4,4,1.0,2,12,14,2,1,2,0,1,12,7,0,2007-08,Regular Season,1495,Tim Duncan
22007,1495,0020701090,2008-03-30,SAS vs. HOU,W,29,6,12,0.5,0,0,0.0,1,2,0.5,3,3,6,1,0,0,3,2,13,14,0,2007-08,Regular Season,1495,Tim Duncan
22007,1495,0020701110,2008-04-01,SAS vs. GSW,W,28,8,12,0.667,0,0,0.0,1,2,0.5,0,12,12,0,1,3,1,1,17,7,0,2007-08,Regular Season,1495,Tim Duncan
22007,1495,0020701133,2008-04-04,SAS @ UTA,L,26,6,12,0.5,0,0,0.0,3,6,0.5,1,9,10,1,0,3,3,1,15,-5,0,2007-08,Regular Season,1495,Tim Duncan
22007,1495,0020701147,2008-04-06,SAS @ POR,W,37,10,22,0.455,0,1,0.0,7,9,0.778,4,7,11,0,0,1,1,0,27,7,0,2007-08,Regular Season,1495,Tim Duncan
22007,1495,0020701172,2008-04-09,SAS vs. PHX,L,35,9,21,0.429,0,0,0.0,5,6,0.833,3,7,10,0,0,2,3,5,23,-9,0,2007-08,Regular Season,1495,Tim Duncan
22007,1495,0020701185,2008-04-11,SAS vs. SEA,W,24,4,12,0.333,0,0,0.0,4,8,0.5,1,5,6,2,0,4,0,1,12,11,0,2007-08,Regular Season,1495,Tim Duncan
22007,1495,0020701198,2008-04-13,SAS @ LAL,L,32,6,19,0.316,0,0,0.0,4,7,0.571,6,6,12,2,0,0,1,3,16,-13,0,2007-08,Regular Season,1495,Tim Duncan
22007,1495,0020701210,2008-04-14,SAS @ SAC,W,25,6,7,0.857,0,0,0.0,7,8,0.875,1,4,5,3,2,1,2,6,19,4,0,2007-08,Regular Season,1495,Tim Duncan
22007,1495,0020701223,2008-04-16,SAS vs. UTA,W,27,5,9,0.556,0,0,0.0,4,6,0.667,1,10,11,0,2,3,0,0,14,18,0,2007-08,Regular Season,1495,Tim Duncan
42007,1495,0040700161,2008-04-19,SAS vs. PHX,W,51,16,24,0.667,1,1,1.0,7,12,0.583,6,9,15,5,1,3,4,3,40,3,0,2007-08,Playoffs,1495,Tim Duncan
42007,1495,0040700162,2008-04-22,SAS vs. PHX,W,42,8,20,0.4,0,0,0.0,2,6,0.333,3,14,17,4,1,3,2,0,18,-2,0,2007-08,Playoffs,1495,Tim Duncan
42007,1495,0040700163,2008-04-25,SAS @ PHX,W,37,9,15,0.6,0,0,0.0,5,6,0.833,4,6,10,2,1,1,2,4,23,15,0,2007-08,Playoffs,1495,Tim Duncan
42007,1495,0040700164,2008-04-27,SAS @ PHX,L,29,6,18,0.333,0,0,0.0,2,2,1.0,5,5,10,2,0,2,1,2,14,-24,0,2007-08,Playoffs,1495,Tim Duncan
42007,1495,0040700165,2008-04-29,SAS vs. PHX,W,41,13,28,0.464,0,0,0.0,3,5,0.6,9,8,17,0,1,3,5,4,29,5,0,2007-08,Playoffs,1495,Tim Duncan
42007,1495,0040700231,2008-05-03,SAS @ NOH,L,37,1,9,0.111,0,0,0.0,3,6,0.5,1,2,3,2,3,1,1,1,5,-19,0,2007-08,Playoffs,1495,Tim Duncan
42007,1495,0040700232,2008-05-05,SAS @ NOH,L,36,6,11,0.545,0,0,0.0,6,7,0.857,3,5,8,0,0,1,2,2,18,-32,0,2007-08,Playoffs,1495,Tim Duncan
42007,1495,0040700233,2008-05-08,SAS vs. NOH,W,43,6,13,0.462,0,0,0.0,4,7,0.571,4,9,13,3,1,4,2,1,16,15,0,2007-08,Playoffs,1495,Tim Duncan
42007,1495,0040700234,2008-05-11,SAS vs. NOH,W,35,10,13,0.769,0,1,0.0,2,5,0.4,3,12,15,3,0,4,2,1,22,22,0,2007-08,Playoffs,1495,Tim Duncan
42007,1495,0040700235,2008-05-13,SAS @ NOH,L,40,5,18,0.278,0,0,0.0,0,1,0.0,5,18,23,2,0,1,3,2,10,-14,0,2007-08,Playoffs,1495,Tim Duncan
42007,1495,0040700236,2008-05-15,SAS vs. NOH,W,35,7,14,0.5,0,0,0.0,6,8,0.75,1,14,15,6,0,2,1,2,20,26,0,2007-08,Playoffs,1495,Tim Duncan
42007,1495,0040700237,2008-05-19,SAS @ NOH,W,39,5,17,0.294,0,1,0.0,6,6,1.0,1,13,14,3,1,0,4,5,16,4,0,2007-08,Playoffs,1495,Tim Duncan
42007,1495,0040700311,2008-05-21,SAS @ LAL,L,41,12,25,0.48,0,0,0.0,6,10,0.6,4,14,18,2,2,4,4,3,30,4,0,2007-08,Playoffs,1495,Tim Duncan
42007,1495,0040700312,2008-05-23,SAS @ LAL,L,32,6,14,0.429,0,0,0.0,0,4,0.0,5,11,16,4,1,1,1,2,12,-15,0,2007-08,Playoffs,1495,Tim Duncan
42007,1495,0040700313,2008-05-25,SAS vs. LAL,W,38,8,17,0.471,0,1,0.0,6,9,0.667,3,18,21,5,0,1,3,3,22,12,0,2007-08,Playoffs,1495,Tim Duncan
42007,1495,0040700314,2008-05-27,SAS vs. LAL,L,45,10,26,0.385,0,0,0.0,9,11,0.818,2,15,17,3,3,3,2,3,29,6,0,2007-08,Playoffs,1495,Tim Duncan
42007,1495,0040700315,2008-05-29,SAS @ LAL,L,45,7,19,0.368,0,1,0.0,5,10,0.5,2,13,15,10,0,1,2,3,19,-5,0,2007-08,Playoffs,1495,Tim Duncan
22007,406,0020700012,2007-11-01,MIA vs. DET,L,29,4,6,0.667,0,0,0.0,1,4,0.25,4,3,7,2,0,0,4,5,9,-5,0,2007-08,Regular Season,406,Shaquille O'Neal
22007,406,0020700017,2007-11-02,MIA @ IND,L,28,4,13,0.308,0,0,0.0,0,3,0.0,5,2,7,1,0,4,6,6,8,-1,0,2007-08,Regular Season,406,Shaquille O'Neal
22007,406,0020700038,2007-11-04,MIA vs. CHA,L,32,8,11,0.727,0,0,0.0,1,2,0.5,3,6,9,2,0,2,1,5,17,11,0,2007-08,Regular Season,406,Shaquille O'Neal
22007,406,0020700059,2007-11-07,MIA @ SAS,L,31,6,13,0.462,0,0,0.0,5,10,0.5,1,2,3,1,0,0,1,2,17,-11,0,2007-08,Regular Season,406,Shaquille O'Neal
22007,406,0020700070,2007-11-09,MIA vs. PHX,L,36,11,19,0.579,0,0,0.0,3,6,0.5,6,4,10,3,0,3,3,3,25,-7,0,2007-08,Regular Season,406,Shaquille O'Neal
22007,406,0020700087,2007-11-11,MIA @ NYK,W,36,7,13,0.538,0,0,0.0,0,0,0.0,3,6,9,2,1,3,2,3,14,2,0,2007-08,Regular Season,406,Shaquille O'Neal
22007,406,0020700096,2007-11-13,MIA @ CHA,L,25,7,14,0.5,0,0,0.0,3,6,0.5,1,5,6,0,1,2,2,4,17,-24,0,2007-08,Regular Season,406,Shaquille O'Neal
22007,406,0020700109,2007-11-14,MIA vs. SEA,L,16,4,4,1.0,0,0,0.0,2,2,1.0,2,1,3,0,0,0,3,4,10,-5,0,2007-08,Regular Season,406,Shaquille O'Neal
22007,406,0020700121,2007-11-16,MIA @ BOS,L,27,7,10,0.7,0,0,0.0,3,4,0.75,3,6,9,2,0,2,2,5,17,-1,0,2007-08,Regular Season,406,Shaquille O'Neal
22007,406,0020700134,2007-11-17,MIA @ NJN,W,26,6,12,0.5,0,0,0.0,6,7,0.857,2,3,5,0,0,0,1,4,18,-12,0,2007-08,Regular Season,406,Shaquille O'Neal
22007,406,0020700159,2007-11-21,MIA vs. ATL,L,30,8,11,0.727,0,0,0.0,2,7,0.286,3,7,10,0,2,7,5,3,18,0,0,2007-08,Regular Season,406,Shaquille O'Neal
22007,406,0020700173,2007-11-23,MIA vs. HOU,W,34,10,12,0.833,0,0,0.0,6,12,0.5,4,10,14,2,2,3,6,4,26,12,0,2007-08,Regular Season,406,Shaquille O'Neal
22007,406,0020700186,2007-11-24,MIA @ ORL,L,31,8,15,0.533,0,0,0.0,4,6,0.667,1,5,6,1,0,0,3,4,20,-5,0,2007-08,Regular Season,406,Shaquille O'Neal
22007,406,0020700206,2007-11-27,MIA vs. CHA,W,22,7,9,0.778,0,0,0.0,1,2,0.5,3,3,6,0,0,3,0,1,15,3,0,2007-08,Regular Season,406,Shaquille O'Neal
22007,406,0020700228,2007-11-30,MIA vs. BOS,L,35,6,7,0.857,0,0,0.0,1,2,0.5,2,9,11,1,0,1,3,2,13,-7,0,2007-08,Regular Season,406,Shaquille O'Neal
22007,406,0020700247,2007-12-02,MIA @ DEN,L,20,3,7,0.429,0,0,0.0,0,0,0.0,5,3,8,0,0,0,2,3,6,-21,0,2007-08,Regular Season,406,Shaquille O'Neal
22007,406,0020700254,2007-12-03,MIA @ UTA,L,22,5,8,0.625,0,0,0.0,2,6,0.333,2,3,5,3,0,2,2,5,12,-10,0,2007-08,Regular Season,406,Shaquille O'Neal
22007,406,0020700275,2007-12-06,MIA @ POR,L,21,3,9,0.333,0,0,0.0,2,9,0.222,6,4,10,0,1,0,4,5,8,1,0,2007-08,Regular Season,406,Shaquille O'Neal
22007,406,0020700285,2007-12-07,MIA @ GSW,L,21,6,6,1.0,0,0,0.0,1,3,0.333,3,7,10,1,2,0,3,2,13,7,0,2007-08,Regular Season,406,Shaquille O'Neal
22007,406,0020700295,2007-12-09,MIA @ LAC,W,34,4,8,0.5,0,0,0.0,0,4,0.0,1,7,8,4,2,3,2,3,8,4,0,2007-08,Regular Season,406,Shaquille O'Neal
22007,406,0020700304,2007-12-10,MIA @ PHX,W,29,7,10,0.7,0,0,0.0,4,4,1.0,5,6,11,5,1,1,3,3,18,11,0,2007-08,Regular Season,406,Shaquille O'Neal
22007,406,0020700325,2007-12-13,MIA vs. WAS,L,27,3,6,0.5,0,0,0.0,1,4,0.25,1,5,6,1,0,1,3,3,7,-20,0,2007-08,Regular Season,406,Shaquille O'Neal
22007,406,0020700343,2007-12-15,MIA vs. IND,L,26,4,7,0.571,0,0,0.0,4,8,0.5,2,1,3,1,3,1,2,6,12,2,0,2007-08,Regular Season,406,Shaquille O'Neal
22007,406,0020700357,2007-12-17,MIA vs. MIN,W,30,6,11,0.545,0,0,0.0,3,6,0.5,1,7,8,1,0,3,5,6,15,9,0,2007-08,Regular Season,406,Shaquille O'Neal
22007,406,0020700367,2007-12-19,MIA @ ATL,L,31,4,7,0.571,0,0,0.0,8,12,0.667,3,4,7,1,0,1,5,5,16,7,0,2007-08,Regular Season,406,Shaquille O'Neal
22007,406,0020700378,2007-12-20,MIA vs. NJN,L,36,4,7,0.571,0,0,0.0,4,9,0.444,2,5,7,2,2,1,1,6,12,9,0,2007-08,Regular Season,406,Shaquille O'Neal
22007,406,0020700393,2007-12-22,MIA vs. UTA,W,30,8,16,0.5,0,0,0.0,1,2,0.5,6,4,10,2,1,3,5,6,17,-4,0,2007-08,Regular Season,406,Shaquille O'Neal
22007,406,0020700405,2007-12-25,MIA @ CLE,L,31,4,7,0.571,0,0,0.0,5,10,0.5,3,6,9,1,1,2,4,5,13,-13,0,2007-08,Regular Season,406,Shaquille O'Neal
22007,406,0020700408,2007-12-26,MIA @ PHI,L,29,2,4,0.5,0,0,0.0,1,4,0.25,4,6,10,0,0,0,3,3,5,0,0,2007-08,Regular Season,406,Shaquille O'Neal
22007,406,0020700564,2008-01-16,MIA vs. CHI,L,33,8,14,0.571,0,0,0.0,8,12,0.667,3,7,10,2,0,0,3,6,24,-11,0,2007-08,Regular Season,406,Shaquille O'Neal
22007,406,0020700575,2008-01-18,MIA vs. POR,L,37,9,17,0.529,0,0,0.0,2,5,0.4,6,5,11,1,0,2,1,4,20,11,0,2007-08,Regular Season,406,Shaquille O'Neal
22007,406,0020700587,2008-01-19,MIA vs. NYK,L,24,4,8,0.5,0,0,0.0,2,4,0.5,1,4,5,2,0,2,5,4,10,2,0,2007-08,Regular Season,406,Shaquille O'Neal
22007,406,0020700606,2008-01-21,MIA vs. CLE,L,28,4,8,0.5,0,0,0.0,2,3,0.667,2,3,5,1,0,2,3,4,10,-18,0,2007-08,Regular Season,406,Shaquille O'Neal
22007,406,0020700796,2008-02-20,PHX vs. LAL,L,29,6,9,0.667,0,0,0.0,3,8,0.375,4,5,9,3,0,2,3,5,15,-1,0,2007-08,Regular Season,406,Shaquille O'Neal
22007,406,0020700812,2008-02-22,PHX vs. BOS,W,26,1,5,0.2,0,0,0.0,2,6,0.333,1,13,14,1,1,2,4,4,4,7,0,2007-08,Regular Season,406,Shaquille O'Neal
22007,406,0020700823,2008-02-24,PHX vs. DET,L,33,3,8,0.375,0,0,0.0,1,8,0.125,2,9,11,1,0,0,3,2,7,-20,0,2007-08,Regular Season,406,Shaquille O'Neal
22007,406,0020700840,2008-02-26,PHX @ MEM,W,24,4,6,0.667,0,0,0.0,5,8,0.625,4,7,11,2,0,1,2,2,13,-7,0,2007-08,Regular Season,406,Shaquille O'Neal
22007,406,0020700851,2008-02-27,PHX @ NOH,L,32,6,10,0.6,0,0,0.0,3,4,0.75,1,6,7,1,0,2,3,2,15,-13,0,2007-08,Regular Season,406,Shaquille O'Neal
22007,406,0020700873,2008-03-01,PHX vs. PHI,L,26,4,5,0.8,0,0,0.0,0,0,0.0,1,6,7,2,0,1,4,4,8,2,0,2007-08,Regular Season,406,Shaquille O'Neal
22007,406,0020700896,2008-03-04,PHX @ POR,W,34,1,5,0.2,0,0,0.0,4,9,0.444,2,11,13,2,0,3,1,2,6,12,0,2007-08,Regular Season,406,Shaquille O'Neal
22007,406,0020700906,2008-03-05,PHX @ DEN,L,30,5,6,0.833,0,0,0.0,2,4,0.5,3,15,18,2,0,0,5,3,12,-5,0,2007-08,Regular Season,406,Shaquille O'Neal
22007,406,0020700920,2008-03-07,PHX vs. UTA,L,32,8,12,0.667,0,0,0.0,4,8,0.5,3,4,7,0,0,2,1,5,20,-15,0,2007-08,Regular Season,406,Shaquille O'Neal
22007,406,0020700936,2008-03-09,PHX vs. SAS,W,35,6,11,0.545,0,0,0.0,2,3,0.667,4,12,16,1,0,2,4,5,14,21,0,2007-08,Regular Season,406,Shaquille O'Neal
22007,406,0020700950,2008-03-11,PHX vs. MEM,W,17,1,1,1.0,0,0,0.0,0,0,0.0,2,6,8,6,1,3,2,2,2,18,0,2007-08,Regular Season,406,Shaquille O'Neal
22007,406,0020700965,2008-03-13,PHX vs. GSW,W,14,3,5,0.6,0,0,0.0,3,4,0.75,0,4,4,0,0,0,3,5,9,9,0,2007-08,Regular Season,406,Shaquille O'Neal
22007,406,0020700981,2008-03-15,PHX vs. SAC,W,26,6,6,1.0,0,0,0.0,5,10,0.5,3,5,8,2,0,1,1,2,17,18,0,2007-08,Regular Season,406,Shaquille O'Neal
22007,406,0020701005,2008-03-18,PHX @ POR,W,33,7,9,0.778,0,0,0.0,2,6,0.333,4,11,15,5,2,3,4,2,16,7,0,2007-08,Regular Season,406,Shaquille O'Neal
22007,406,0020701014,2008-03-19,PHX @ SEA,W,29,4,9,0.444,0,0,0.0,1,5,0.2,3,5,8,0,0,0,4,2,9,0,0,2007-08,Regular Season,406,Shaquille O'Neal
22007,406,0020701038,2008-03-22,PHX vs. HOU,W,36,8,10,0.8,0,0,0.0,7,9,0.778,2,11,13,1,0,0,4,5,23,6,0,2007-08,Regular Season,406,Shaquille O'Neal
22007,406,0020701047,2008-03-24,PHX @ DET,L,42,5,11,0.455,0,0,0.0,2,3,0.667,3,7,10,2,0,0,3,5,12,1,0,2007-08,Regular Season,406,Shaquille O'Neal
22007,406,0020701063,2008-03-26,PHX @ BOS,L,28,6,9,0.667,0,0,0.0,4,5,0.8,0,7,7,1,1,0,4,4,16,-13,0,2007-08,Regular Season,406,Shaquille O'Neal
22007,406,0020701074,2008-03-28,PHX @ PHI,W,29,6,8,0.75,0,0,0.0,3,7,0.429,3,10,13,1,0,1,0,3,15,21,0,2007-08,Regular Season,406,Shaquille O'Neal
22007,406,0020701084,2008-03-29,PHX @ NJN,W,34,5,8,0.625,0,0,0.0,7,10,0.7,2,5,7,2,0,2,5,5,17,12,0,2007-08,Regular Season,406,Shaquille O'Neal
22007,406,0020701103,2008-03-31,PHX vs. DEN,W,35,8,13,0.615,0,0,0.0,4,5,0.8,1,11,12,3,3,0,5,4,20,11,0,2007-08,Regular Season,406,Shaquille O'Neal
22007,406,0020701111,2008-04-01,PHX @ DEN,L,29,6,12,0.5,0,0,0.0,2,9,0.222,2,11,13,2,1,2,2,4,14,-2,0,2007-08,Regular Season,406,Shaquille O'Neal
22007,406,0020701134,2008-04-04,PHX vs. MIN,W,22,2,5,0.4,0,0,0.0,1,2,0.5,3,8,11,2,1,2,0,1,5,8,0,2007-08,Regular Season,406,Shaquille O'Neal
22007,406,0020701144,2008-04-06,PHX vs. DAL,L,34,6,11,0.545,0,0,0.0,1,1,1.0,3,10,13,1,1,2,2,4,13,-11,0,2007-08,Regular Season,406,Shaquille O'Neal
22007,406,0020701172,2008-04-09,PHX @ SAS,W,24,7,9,0.778,0,0,0.0,2,4,0.5,0,9,9,0,2,1,5,4,16,12,0,2007-08,Regular Season,406,Shaquille O'Neal
22007,406,0020701184,2008-04-11,PHX @ HOU,L,32,7,12,0.583,0,0,0.0,2,4,0.5,5,6,11,4,0,1,5,4,16,-1,0,2007-08,Regular Season,406,Shaquille O'Neal
22007,406,0020701209,2008-04-14,PHX vs. GSW,W,28,6,10,0.6,0,0,0.0,7,14,0.5,4,11,15,0,0,1,3,3,19,9,0,2007-08,Regular Season,406,Shaquille O'Neal
22007,406,0020701229,2008-04-16,PHX vs. POR,W,10,3,4,0.75,0,0,0.0,3,4,0.75,2,4,6,1,0,0,1,1,9,5,0,2007-08,Regular Season,406,Shaquille O'Neal
42007,406,0040700161,2008-04-19,PHX @ SAS,L,30,5,8,0.625,0,0,0.0,1,3,0.333,1,4,5,1,2,4,4,5,11,-6,0,2007-08,Playoffs,406,Shaquille O'Neal
42007,406,0040700162,2008-04-22,PHX @ SAS,L,36,6,13,0.462,0,0,0.0,7,14,0.5,3,11,14,0,1,4,1,4,19,3,0,2007-08,Playoffs,406,Shaquille O'Neal
42007,406,0040700163,2008-04-25,PHX vs. SAS,L,31,5,11,0.455,0,0,0.0,9,17,0.529,2,4,6,2,0,0,1,4,19,-5,0,2007-08,Playoffs,406,Shaquille O'Neal
42007,406,0040700164,2008-04-27,PHX vs. SAS,W,24,4,10,0.4,0,0,0.0,6,10,0.6,5,7,12,1,2,2,1,3,14,27,0,2007-08,Playoffs,406,Shaquille O'Neal
42007,406,0040700165,2008-04-29,PHX @ SAS,L,29,2,8,0.25,0,0,0.0,9,20,0.45,2,7,9,1,0,3,2,5,13,-4,0,2007-08,Playoffs,406,Shaquille O'Neal
22007,959,0020700014,2007-11-01,PHX @ SEA,W,34,6,13,0.462,3,6,0.5,3,3,1.0,0,7,7,12,1,0,7,1,18,0,0,2007-08,Regular Season,959,Steve Nash
22007,959,0020700026,2007-11-02,PHX vs. LAL,L,28,7,15,0.467,1,2,0.5,4,4,1.0,0,0,0,3,1,0,5,0,19,-23,0,2007-08,Regular Season,959,Steve Nash
22007,959,0020700041,2007-11-04,PHX vs. CLE,W,35,12,19,0.632,1,3,0.333,5,5,1.0,0,4,4,10,1,0,5,0,30,11,0,2007-08,Regular Season,959,Steve Nash
22007,959,0020700044,2007-11-06,PHX @ CHA,W,26,4,8,0.5,0,1,0.0,2,2,1.0,0,6,6,7,0,0,0,4,10,31,0,2007-08,Regular Season,959,Steve Nash
22007,959,0020700056,2007-11-07,PHX @ ATL,L,38,12,19,0.632,7,10,0.7,3,3,1.0,0,5,5,11,0,0,6,4,34,-1,0,2007-08,Regular Season,959,Steve Nash
22007,959,0020700070,2007-11-09,PHX @ MIA,W,35,11,16,0.688,6,7,0.857,2,2,1.0,0,2,2,8,0,0,4,0,30,1,0,2007-08,Regular Season,959,Steve Nash
22007,959,0020700079,2007-11-10,PHX @ ORL,W,37,9,13,0.692,1,3,0.333,0,0,0.0,3,2,5,11,0,0,2,1,19,14,0,2007-08,Regular Season,959,Steve Nash
22007,959,0020700102,2007-11-13,PHX vs. NYK,W,34,2,6,0.333,0,3,0.0,1,1,1.0,0,3,3,12,1,0,6,2,5,16,0,2007-08,Regular Season,959,Steve Nash
22007,959,0020700118,2007-11-15,PHX vs. CHI,W,35,3,11,0.273,1,4,0.25,3,3,1.0,0,2,2,15,4,0,5,3,10,12,0,2007-08,Regular Season,959,Steve Nash
22007,959,0020700137,2007-11-17,PHX @ HOU,W,36,6,11,0.545,3,3,1.0,4,4,1.0,1,2,3,15,1,0,5,2,19,16,0,2007-08,Regular Season,959,Steve Nash
22007,959,0020700156,2007-11-20,PHX @ SAC,W,39,5,14,0.357,2,5,0.4,2,2,1.0,0,3,3,12,1,0,4,1,14,9,0,2007-08,Regular Season,959,Steve Nash
22007,959,0020700167,2007-11-21,PHX vs. SAC,W,27,7,10,0.7,3,6,0.5,1,1,1.0,0,4,4,15,0,1,1,1,18,16,0,2007-08,Regular Season,959,Steve Nash
22007,959,0020700179,2007-11-23,PHX vs. LAC,W,35,6,9,0.667,2,3,0.667,6,6,1.0,0,2,2,10,1,0,4,0,20,12,0,2007-08,Regular Season,959,Steve Nash
22007,959,0020700203,2007-11-26,PHX @ GSW,L,36,8,14,0.571,3,7,0.429,4,4,1.0,0,2,2,13,0,0,8,2,23,-17,0,2007-08,Regular Season,959,Steve Nash
22007,959,0020700217,2007-11-28,PHX vs. HOU,L,40,11,20,0.55,3,7,0.429,4,4,1.0,1,1,2,6,0,0,3,0,29,0,0,2007-08,Regular Season,959,Steve Nash
22007,959,0020700232,2007-11-30,PHX vs. ORL,W,35,2,8,0.25,0,2,0.0,11,12,0.917,1,5,6,14,0,0,2,1,15,13,0,2007-08,Regular Season,959,Steve Nash
22007,959,0020700245,2007-12-02,PHX @ NYK,W,33,3,10,0.3,0,3,0.0,3,4,0.75,0,3,3,15,0,0,1,1,9,5,0,2007-08,Regular Season,959,Steve Nash
22007,959,0020700258,2007-12-04,PHX @ IND,W,39,6,9,0.667,1,3,0.333,5,7,0.714,1,5,6,17,1,0,3,1,18,17,0,2007-08,Regular Season,959,Steve Nash
22007,959,0020700262,2007-12-05,PHX @ TOR,W,34,4,7,0.571,1,1,1.0,1,1,1.0,0,2,2,18,0,0,3,0,10,26,0,2007-08,Regular Season,959,Steve Nash
22007,959,0020700277,2007-12-07,PHX @ WAS,W,34,4,9,0.444,1,5,0.2,3,3,1.0,0,5,5,19,0,0,3,1,12,22,0,2007-08,Regular Season,959,Steve Nash
22007,959,0020700290,2007-12-08,PHX @ MIN,L,39,5,14,0.357,2,6,0.333,2,2,1.0,0,4,4,15,0,0,2,0,14,4,0,2007-08,Regular Season,959,Steve Nash
22007,959,0020700304,2007-12-10,PHX vs. MIA,L,36,4,13,0.308,2,5,0.4,1,1,1.0,0,0,0,14,2,0,4,2,11,7,0,2007-08,Regular Season,959,Steve Nash
22007,959,0020700324,2007-12-12,PHX vs. UTA,W,36,10,12,0.833,3,4,0.75,6,6,1.0,2,4,6,11,1,0,6,3,29,9,0,2007-08,Regular Season,959,Steve Nash
22007,959,0020700345,2007-12-15,PHX @ NOH,L,33,4,12,0.333,1,4,0.25,3,3,1.0,0,3,3,7,0,0,2,3,12,-4,0,2007-08,Regular Season,959,Steve Nash
22007,959,0020700360,2007-12-17,PHX @ SAS,W,34,3,8,0.375,1,2,0.5,3,4,0.75,0,8,8,10,0,0,3,0,10,2,0,2007-08,Regular Season,959,Steve Nash
22007,959,0020700375,2007-12-19,PHX @ DAL,L,37,9,15,0.6,2,3,0.667,1,2,0.5,0,3,3,18,1,0,5,0,21,10,0,2007-08,Regular Season,959,Steve Nash
22007,959,0020700399,2007-12-22,PHX vs. TOR,W,31,3,7,0.429,1,1,1.0,0,0,0.0,1,5,6,16,0,0,0,1,7,23,0,2007-08,Regular Season,959,Steve Nash
22007,959,0020700406,2007-12-25,PHX @ LAL,L,36,8,18,0.444,5,10,0.5,3,4,0.75,0,2,2,14,3,1,3,1,24,3,0,2007-08,Regular Season,959,Steve Nash
22007,959,0020700420,2007-12-27,PHX @ LAC,W,26,3,7,0.429,1,3,0.333,2,2,1.0,0,1,1,12,0,0,3,4,9,20,0,2007-08,Regular Season,959,Steve Nash
22007,959,0020700429,2007-12-28,PHX vs. LAC,W,35,3,7,0.429,1,2,0.5,3,6,0.5,0,6,6,10,0,0,4,2,10,-7,0,2007-08,Regular Season,959,Steve Nash
22007,959,0020700447,2007-12-30,PHX @ SAC,W,34,4,11,0.364,1,5,0.2,3,3,1.0,0,5,5,15,2,0,2,2,12,12,0,2007-08,Regular Season,959,Steve Nash
22007,959,0020700471,2008-01-03,PHX vs. SEA,W,36,7,11,0.636,3,6,0.5,0,0,0.0,1,3,4,10,1,0,5,1,17,1,0,2007-08,Regular Season,959,Steve Nash
22007,959,0020700488,2008-01-05,PHX vs. NOH,L,34,9,14,0.643,2,5,0.4,3,5,0.6,1,2,3,11,0,0,4,3,23,-5,0,2007-08,Regular Season,959,Steve Nash
22007,959,0020700498,2008-01-07,PHX vs. DEN,W,32,5,11,0.455,2,5,0.4,1,1,1.0,0,4,4,10,1,0,3,1,13,20,0,2007-08,Regular Season,959,Steve Nash
22007,959,0020700517,2008-01-09,PHX vs. IND,W,24,3,8,0.375,2,4,0.5,1,1,1.0,0,2,2,4,1,0,4,0,9,-16,0,2007-08,Regular Season,959,Steve Nash
22007,959,0020700538,2008-01-12,PHX vs. MIL,W,34,13,17,0.765,5,7,0.714,4,4,1.0,0,2,2,7,1,0,3,0,35,10,0,2007-08,Regular Season,959,Steve Nash
22007,959,0020700561,2008-01-15,PHX @ LAC,L,36,5,14,0.357,2,5,0.4,2,2,1.0,0,3,3,13,0,0,6,1,14,12,0,2007-08,Regular Season,959,Steve Nash
22007,959,0020700572,2008-01-17,PHX @ LAL,W,37,5,15,0.333,1,4,0.25,2,2,1.0,0,0,0,20,2,0,5,2,13,14,0,2007-08,Regular Season,959,Steve Nash
22007,959,0020700581,2008-01-18,PHX vs. MIN,W,29,6,6,1.0,1,1,1.0,4,4,1.0,0,4,4,13,0,0,1,0,17,39,0,2007-08,Regular Season,959,Steve Nash
22007,959,0020700594,2008-01-20,PHX vs. NJN,W,33,5,11,0.455,2,3,0.667,1,1,1.0,0,3,3,9,0,0,3,2,13,12,0,2007-08,Regular Season,959,Steve Nash
22007,959,0020700608,2008-01-22,PHX @ MIL,W,37,13,23,0.565,5,9,0.556,6,7,0.857,1,3,4,10,2,0,2,1,37,10,0,2007-08,Regular Season,959,Steve Nash
22007,959,0020700616,2008-01-23,PHX @ MIN,L,35,7,16,0.438,4,10,0.4,3,3,1.0,1,2,3,16,0,0,4,2,21,6,0,2007-08,Regular Season,959,Steve Nash
22007,959,0020700627,2008-01-25,PHX @ CLE,W,37,9,11,0.818,7,9,0.778,1,1,1.0,0,4,4,9,0,0,7,2,26,5,0,2007-08,Regular Season,959,Steve Nash
22007,959,0020700642,2008-01-27,PHX @ CHI,W,36,5,10,0.5,1,2,0.5,3,3,1.0,0,2,2,7,0,0,6,1,14,10,0,2007-08,Regular Season,959,Steve Nash
22007,959,0020700662,2008-01-29,PHX vs. ATL,W,29,4,8,0.5,1,3,0.333,1,1,1.0,0,4,4,10,3,0,4,1,10,24,0,2007-08,Regular Season,959,Steve Nash
22007,959,0020700678,2008-01-31,PHX vs. SAS,L,36,6,18,0.333,2,9,0.222,3,4,0.75,0,2,2,8,1,0,3,2,17,-6,0,2007-08,Regular Season,959,Steve Nash
22007,959,0020700704,2008-02-04,PHX vs. CHA,W,30,3,10,0.3,2,5,0.4,0,0,0.0,1,2,3,11,0,0,5,3,8,9,0,2007-08,Regular Season,959,Steve Nash
22007,959,0020700720,2008-02-06,PHX vs. NOH,L,45,13,23,0.565,5,9,0.556,1,1,1.0,1,3,4,12,1,0,10,3,32,-4,0,2007-08,Regular Season,959,Steve Nash
22007,959,0020700734,2008-02-08,PHX vs. SEA,W,37,4,13,0.308,2,5,0.4,3,3,1.0,0,4,4,8,2,0,2,0,13,9,0,2007-08,Regular Season,959,Steve Nash
22007,959,0020700750,2008-02-10,PHX vs. WAS,W,38,3,6,0.5,1,2,0.5,3,4,0.75,0,3,3,12,0,0,4,2,10,0,0,2007-08,Regular Season,959,Steve Nash
22007,959,0020700775,2008-02-13,PHX @ GSW,L,37,7,13,0.538,2,6,0.333,4,4,1.0,1,3,4,12,2,0,7,1,20,2,0,2007-08,Regular Season,959,Steve Nash
22007,959,0020700779,2008-02-14,PHX vs. DAL,W,39,9,17,0.529,4,8,0.5,2,3,0.667,0,6,6,13,0,1,5,2,24,19,0,2007-08,Regular Season,959,Steve Nash
22007,959,0020700796,2008-02-20,PHX vs. LAL,L,32,9,17,0.529,1,3,0.333,7,8,0.875,1,1,2,8,1,0,1,0,26,-9,0,2007-08,Regular Season,959,Steve Nash
22007,959,0020700812,2008-02-22,PHX vs. BOS,W,39,7,12,0.583,3,6,0.5,1,2,0.5,1,6,7,5,2,0,5,1,18,17,0,2007-08,Regular Season,959,Steve Nash
22007,959,0020700823,2008-02-24,PHX vs. DET,L,32,4,8,0.5,1,4,0.25,2,2,1.0,0,2,2,6,0,1,4,0,11,-26,0,2007-08,Regular Season,959,Steve Nash
22007,959,0020700840,2008-02-26,PHX @ MEM,W,40,8,11,0.727,3,5,0.6,6,6,1.0,0,2,2,13,0,0,4,1,25,17,0,2007-08,Regular Season,959,Steve Nash
22007,959,0020700851,2008-02-27,PHX @ NOH,L,31,1,6,0.167,0,3,0.0,6,8,0.75,0,0,0,13,0,0,4,0,8,-12,0,2007-08,Regular Season,959,Steve Nash
22007,959,0020700873,2008-03-01,PHX vs. PHI,L,39,6,13,0.462,3,7,0.429,6,6,1.0,0,3,3,11,0,0,6,3,21,0,0,2007-08,Regular Season,959,Steve Nash
22007,959,0020700896,2008-03-04,PHX @ POR,W,38,6,12,0.5,1,4,0.25,6,6,1.0,0,3,3,4,0,0,1,2,19,2,0,2007-08,Regular Season,959,Steve Nash
22007,959,0020700906,2008-03-05,PHX @ DEN,L,30,4,11,0.364,2,5,0.4,2,2,1.0,0,4,4,13,0,0,5,1,12,0,0,2007-08,Regular Season,959,Steve Nash
22007,959,0020700920,2008-03-07,PHX vs. UTA,L,36,7,14,0.5,3,6,0.5,0,0,0.0,2,4,6,15,1,0,3,4,17,4,0,2007-08,Regular Season,959,Steve Nash
22007,959,0020700936,2008-03-09,PHX vs. SAS,W,39,7,12,0.583,2,2,1.0,3,3,1.0,0,5,5,14,0,0,4,2,19,21,0,2007-08,Regular Season,959,Steve Nash
22007,959,0020700950,2008-03-11,PHX vs. MEM,W,25,4,7,0.571,0,2,0.0,0,0,0.0,0,3,3,8,0,0,2,0,8,18,0,2007-08,Regular Season,959,Steve Nash
22007,959,0020700965,2008-03-13,PHX vs. GSW,W,37,7,13,0.538,4,6,0.667,3,3,1.0,0,4,4,13,0,0,3,1,21,8,0,2007-08,Regular Season,959,Steve Nash
22007,959,0020700981,2008-03-15,PHX vs. SAC,W,29,7,9,0.778,3,4,0.75,1,1,1.0,0,2,2,8,1,1,2,0,18,22,0,2007-08,Regular Season,959,Steve Nash
22007,959,0020701005,2008-03-18,PHX @ POR,W,37,9,16,0.563,4,8,0.5,0,0,0.0,0,0,0,8,0,0,1,3,22,10,0,2007-08,Regular Season,959,Steve Nash
22007,959,0020701014,2008-03-19,PHX @ SEA,W,38,9,13,0.692,5,6,0.833,0,0,0.0,1,1,2,11,1,0,6,3,23,8,0,2007-08,Regular Season,959,Steve Nash
22007,959,0020701038,2008-03-22,PHX vs. HOU,W,36,5,10,0.5,3,3,1.0,2,2,1.0,1,3,4,5,0,0,6,2,15,3,0,2007-08,Regular Season,959,Steve Nash
22007,959,0020701047,2008-03-24,PHX @ DET,L,40,9,14,0.643,3,4,0.75,2,2,1.0,0,3,3,9,0,0,1,1,23,-1,0,2007-08,Regular Season,959,Steve Nash
22007,959,0020701063,2008-03-26,PHX @ BOS,L,31,5,10,0.5,2,4,0.5,0,0,0.0,1,1,2,9,0,0,1,2,12,-23,0,2007-08,Regular Season,959,Steve Nash
22007,959,0020701074,2008-03-28,PHX @ PHI,W,34,2,8,0.25,0,2,0.0,1,1,1.0,0,2,2,10,1,0,4,2,5,13,0,2007-08,Regular Season,959,Steve Nash
22007,959,0020701084,2008-03-29,PHX @ NJN,W,38,2,9,0.222,2,5,0.4,4,7,0.571,1,2,3,12,1,0,3,2,10,3,0,2007-08,Regular Season,959,Steve Nash
22007,959,0020701103,2008-03-31,PHX vs. DEN,W,38,11,18,0.611,8,12,0.667,6,6,1.0,0,3,3,8,1,0,0,3,36,26,0,2007-08,Regular Season,959,Steve Nash
22007,959,0020701111,2008-04-01,PHX @ DEN,L,36,6,14,0.429,2,8,0.25,3,3,1.0,1,3,4,18,3,0,4,2,17,-11,0,2007-08,Regular Season,959,Steve Nash
22007,959,0020701134,2008-04-04,PHX vs. MIN,W,27,5,6,0.833,3,3,1.0,1,1,1.0,0,3,3,11,1,0,7,0,14,23,0,2007-08,Regular Season,959,Steve Nash
22007,959,0020701144,2008-04-06,PHX vs. DAL,L,34,4,17,0.235,2,8,0.25,4,4,1.0,0,5,5,10,0,0,5,0,14,-11,0,2007-08,Regular Season,959,Steve Nash
22007,959,0020701158,2008-04-08,PHX @ MEM,W,33,5,11,0.455,3,6,0.5,3,3,1.0,0,2,2,8,0,0,2,0,16,12,0,2007-08,Regular Season,959,Steve Nash
22007,959,0020701172,2008-04-09,PHX @ SAS,W,34,4,10,0.4,0,0,0.0,4,4,1.0,1,4,5,10,0,0,0,1,12,7,0,2007-08,Regular Season,959,Steve Nash
22007,959,0020701184,2008-04-11,PHX @ HOU,L,32,2,9,0.222,0,3,0.0,2,2,1.0,0,6,6,9,0,0,1,2,6,-16,0,2007-08,Regular Season,959,Steve Nash
22007,959,0020701209,2008-04-14,PHX vs. GSW,W,37,4,11,0.364,1,6,0.167,4,4,1.0,1,8,9,14,2,0,5,2,13,6,0,2007-08,Regular Season,959,Steve Nash
22007,959,0020701229,2008-04-16,PHX vs. POR,W,10,1,1,1.0,0,0,0.0,1,1,1.0,0,2,2,5,0,0,1,0,3,6,0,2007-08,Regular Season,959,Steve Nash
42007,959,0040700161,2008-04-19,PHX @ SAS,L,45,9,20,0.45,3,8,0.375,4,5,0.8,0,4,4,13,0,0,2,2,25,-3,0,2007-08,Playoffs,959,Steve Nash
42007,959,0040700162,2008-04-22,PHX @ SAS,L,39,10,15,0.667,1,3,0.333,2,2,1.0,0,1,1,10,0,0,4,1,23,-3,0,2007-08,Playoffs,959,Steve Nash
42007,959,0040700163,2008-04-25,PHX vs. SAS,L,32,3,8,0.375,0,0,0.0,1,1,1.0,1,1,2,9,0,1,1,2,7,-26,0,2007-08,Playoffs,959,Steve Nash
42007,959,0040700164,2008-04-27,PHX vs. SAS,W,29,6,11,0.545,1,3,0.333,2,2,1.0,0,5,5,4,1,0,0,1,15,25,0,2007-08,Playoffs,959,Steve Nash
42007,959,0040700165,2008-04-29,PHX @ SAS,L,38,4,16,0.25,1,6,0.167,2,2,1.0,0,2,2,3,1,0,5,4,11,-7,0,2007-08,Playoffs,959,Steve Nash
22007,1717,0020700008,2007-10-31,DAL @ CLE,W,37,6,15,0.4,0,2,0.0,3,5,0.6,1,7,8,6,0,2,2,3,15,20,0,2007-08,Regular Season,1717,Dirk Nowitzki
22007,1717,0020700019,2007-11-02,DAL @ ATL,L,38,10,22,0.455,2,7,0.286,6,7,0.857,0,8,8,2,1,0,3,2,28,-4,0,2007-08,Regular Season,1717,Dirk Nowitzki
22007,1717,0020700033,2007-11-03,DAL vs. SAC,W,30,9,11,0.818,0,0,0.0,6,6,1.0,2,2,4,7,0,1,2,2,24,19,0,2007-08,Regular Season,1717,Dirk Nowitzki
22007,1717,0020700043,2007-11-05,DAL vs. HOU,W,34,7,20,0.35,1,2,0.5,4,4,1.0,2,7,9,5,2,0,2,5,19,4,0,2007-08,Regular Season,1717,Dirk Nowitzki
22007,1717,0020700065,2007-11-08,DAL @ GSW,W,39,6,15,0.4,2,5,0.4,8,10,0.8,1,10,11,3,0,1,2,3,22,13,0,2007-08,Regular Season,1717,Dirk Nowitzki
22007,1717,0020700085,2007-11-10,DAL @ POR,L,38,4,13,0.308,0,2,0.0,3,3,1.0,1,8,9,5,1,0,1,5,11,-16,0,2007-08,Regular Season,1717,Dirk Nowitzki
22007,1717,0020700100,2007-11-13,DAL vs. PHI,W,37,7,14,0.5,1,3,0.333,6,9,0.667,0,12,12,8,2,3,0,1,21,32,0,2007-08,Regular Season,1717,Dirk Nowitzki
22007,1717,0020700117,2007-11-15,DAL vs. SAS,W,37,6,14,0.429,0,2,0.0,5,6,0.833,2,6,8,5,1,4,2,4,17,23,0,2007-08,Regular Season,1717,Dirk Nowitzki
22007,1717,0020700138,2007-11-17,DAL vs. MEM,W,33,6,13,0.462,0,0,0.0,9,14,0.643,3,6,9,2,1,0,4,2,21,11,0,2007-08,Regular Season,1717,Dirk Nowitzki
22007,1717,0020700154,2007-11-20,DAL vs. TOR,W,37,12,19,0.632,4,6,0.667,4,4,1.0,1,6,7,1,0,1,2,1,32,-2,0,2007-08,Regular Season,1717,Dirk Nowitzki
22007,1717,0020700160,2007-11-21,DAL @ HOU,W,37,8,16,0.5,0,1,0.0,2,5,0.4,2,12,14,0,0,1,1,3,18,1,0,2007-08,Regular Season,1717,Dirk Nowitzki
22007,1717,0020700175,2007-11-23,DAL @ IND,L,42,6,14,0.429,0,3,0.0,8,8,1.0,1,10,11,5,0,1,2,4,20,5,0,2007-08,Regular Season,1717,Dirk Nowitzki
22007,1717,0020700190,2007-11-24,DAL @ MIL,L,34,7,14,0.5,2,4,0.5,4,6,0.667,0,3,3,3,0,1,1,3,20,-1,0,2007-08,Regular Season,1717,Dirk Nowitzki
22007,1717,0020700199,2007-11-26,DAL vs. WAS,L,35,10,18,0.556,0,1,0.0,11,11,1.0,2,6,8,6,1,1,1,5,31,-9,0,2007-08,Regular Season,1717,Dirk Nowitzki
22007,1717,0020700215,2007-11-28,DAL vs. MIN,W,35,7,13,0.538,0,1,0.0,13,13,1.0,1,10,11,4,0,1,1,1,27,-2,0,2007-08,Regular Season,1717,Dirk Nowitzki
22007,1717,0020700230,2007-11-30,DAL vs. POR,W,33,5,15,0.333,0,0,0.0,1,1,1.0,0,2,2,2,0,2,3,4,11,16,0,2007-08,Regular Season,1717,Dirk Nowitzki
22007,1717,0020700238,2007-12-01,DAL @ NOH,L,35,5,15,0.333,0,3,0.0,9,10,0.9,1,5,6,3,0,0,1,2,19,-11,0,2007-08,Regular Season,1717,Dirk Nowitzki
22007,1717,0020700253,2007-12-03,DAL @ CHI,W,34,9,17,0.529,0,2,0.0,7,7,1.0,0,6,6,2,0,0,2,2,25,2,0,2007-08,Regular Season,1717,Dirk Nowitzki
22007,1717,0020700269,2007-12-05,DAL @ SAS,L,39,4,11,0.364,1,3,0.333,6,7,0.857,0,9,9,2,0,0,4,3,15,3,0,2007-08,Regular Season,1717,Dirk Nowitzki
22007,1717,0020700274,2007-12-06,DAL vs. DEN,L,38,10,20,0.5,2,5,0.4,10,10,1.0,2,10,12,5,0,1,4,2,32,-4,0,2007-08,Regular Season,1717,Dirk Nowitzki
22007,1717,0020700292,2007-12-08,DAL vs. UTA,W,37,8,17,0.471,0,1,0.0,0,0,0.0,1,7,8,3,1,1,1,1,16,12,0,2007-08,Regular Season,1717,Dirk Nowitzki
22007,1717,0020700303,2007-12-10,DAL @ NYK,W,39,14,23,0.609,3,5,0.6,5,7,0.714,0,7,7,4,2,0,4,0,36,14,0,2007-08,Regular Season,1717,Dirk Nowitzki
22007,1717,0020700314,2007-12-12,DAL @ TOR,L,35,6,15,0.4,0,3,0.0,1,4,0.25,2,7,9,5,0,0,2,0,13,-1,0,2007-08,Regular Season,1717,Dirk Nowitzki
22007,1717,0020700336,2007-12-14,DAL vs. NOH,W,32,2,8,0.25,0,0,0.0,3,4,0.75,3,6,9,6,2,0,3,5,7,2,0,2007-08,Regular Season,1717,Dirk Nowitzki
22007,1717,0020700347,2007-12-15,DAL @ HOU,W,40,7,16,0.438,0,1,0.0,6,6,1.0,1,5,6,8,1,0,1,2,20,19,0,2007-08,Regular Season,1717,Dirk Nowitzki
22007,1717,0020700359,2007-12-17,DAL vs. ORL,W,40,12,24,0.5,1,4,0.25,6,6,1.0,1,10,11,4,0,0,3,3,31,11,0,2007-08,Regular Season,1717,Dirk Nowitzki
22007,1717,0020700375,2007-12-19,DAL vs. PHX,W,41,10,20,0.5,2,4,0.5,9,10,0.9,3,6,9,2,1,2,5,4,31,5,0,2007-08,Regular Season,1717,Dirk Nowitzki
22007,1717,0020700388,2007-12-21,DAL vs. LAC,W,39,11,17,0.647,1,3,0.333,7,7,1.0,0,6,6,3,0,0,4,3,30,8,0,2007-08,Regular Season,1717,Dirk Nowitzki
22007,1717,0020700416,2007-12-26,DAL @ UTA,L,35,8,19,0.421,3,10,0.3,1,2,0.5,0,9,9,4,1,1,5,2,20,-10,0,2007-08,Regular Season,1717,Dirk Nowitzki
22007,1717,0020700419,2007-12-27,DAL vs. CLE,L,40,6,17,0.353,0,2,0.0,7,8,0.875,4,16,20,1,0,1,1,1,19,-4,0,2007-08,Regular Season,1717,Dirk Nowitzki
22007,1717,0020700434,2007-12-29,DAL vs. ATL,W,39,8,19,0.421,1,2,0.5,5,6,0.833,1,8,9,5,2,2,3,4,22,19,0,2007-08,Regular Season,1717,Dirk Nowitzki
22007,1717,0020700466,2008-01-02,DAL vs. GSW,W,39,9,16,0.563,3,4,0.75,8,8,1.0,1,7,8,6,0,3,2,5,29,28,0,2007-08,Regular Season,1717,Dirk Nowitzki
22007,1717,0020700481,2008-01-04,DAL vs. MIA,W,37,8,20,0.4,2,4,0.5,6,7,0.857,1,9,10,1,2,3,1,2,24,16,0,2007-08,Regular Season,1717,Dirk Nowitzki
22007,1717,0020700492,2008-01-06,DAL @ MIN,W,32,12,20,0.6,1,5,0.2,5,5,1.0,1,3,4,1,1,2,3,3,30,25,0,2007-08,Regular Season,1717,Dirk Nowitzki
22007,1717,0020700516,2008-01-09,DAL vs. DET,W,35,10,15,0.667,2,3,0.667,1,2,0.5,0,9,9,2,1,0,2,3,23,19,0,2007-08,Regular Season,1717,Dirk Nowitzki
22007,1717,0020700533,2008-01-11,DAL @ SEA,W,27,5,10,0.5,0,0,0.0,10,10,1.0,1,5,6,2,1,0,0,2,20,18,0,2007-08,Regular Season,1717,Dirk Nowitzki
22007,1717,0020700540,2008-01-12,DAL @ LAC,W,41,8,18,0.444,0,1,0.0,6,8,0.75,0,7,7,4,0,0,2,2,22,0,0,2007-08,Regular Season,1717,Dirk Nowitzki
22007,1717,0020700552,2008-01-14,DAL @ SAC,L,37,6,10,0.6,1,1,1.0,8,8,1.0,0,4,4,4,1,0,3,2,21,-1,0,2007-08,Regular Season,1717,Dirk Nowitzki
22007,1717,0020700591,2008-01-19,DAL vs. SEA,W,35,10,16,0.625,0,1,0.0,0,1,0.0,0,9,9,6,3,1,1,3,20,13,0,2007-08,Regular Season,1717,Dirk Nowitzki
22007,1717,0020700596,2008-01-21,DAL @ WAS,L,39,8,17,0.471,0,1,0.0,5,5,1.0,1,10,11,6,0,2,2,2,21,-10,0,2007-08,Regular Season,1717,Dirk Nowitzki
22007,1717,0020700611,2008-01-23,DAL @ CHA,W,40,6,19,0.316,0,3,0.0,8,8,1.0,1,7,8,5,0,3,0,3,20,5,0,2007-08,Regular Season,1717,Dirk Nowitzki
22007,1717,0020700633,2008-01-25,DAL vs. LAL,W,36,8,16,0.5,0,1,0.0,10,11,0.909,1,9,10,3,0,1,3,3,26,0,0,2007-08,Regular Season,1717,Dirk Nowitzki
22007,1717,0020700647,2008-01-27,DAL vs. DEN,W,34,12,17,0.706,2,4,0.5,6,6,1.0,3,8,11,4,0,2,3,5,32,5,0,2007-08,Regular Season,1717,Dirk Nowitzki
22007,1717,0020700652,2008-01-28,DAL @ MEM,W,37,9,15,0.6,0,0,0.0,2,2,1.0,1,10,11,1,1,1,2,2,20,24,0,2007-08,Regular Season,1717,Dirk Nowitzki
22007,1717,0020700676,2008-01-31,DAL @ BOS,L,42,10,21,0.476,1,3,0.333,10,10,1.0,1,10,11,6,0,3,3,4,31,-1,0,2007-08,Regular Season,1717,Dirk Nowitzki
22007,1717,0020700697,2008-02-03,DAL @ DET,L,34,3,18,0.167,0,5,0.0,9,9,1.0,3,7,10,2,1,0,1,1,15,-13,0,2007-08,Regular Season,1717,Dirk Nowitzki
22007,1717,0020700699,2008-02-04,DAL @ ORL,W,39,8,22,0.364,0,2,0.0,4,6,0.667,2,7,9,5,1,0,0,2,20,15,0,2007-08,Regular Season,1717,Dirk Nowitzki
22007,1717,0020700718,2008-02-06,DAL vs. MIL,W,42,9,17,0.529,1,1,1.0,10,12,0.833,3,7,10,12,0,1,2,2,29,19,0,2007-08,Regular Season,1717,Dirk Nowitzki
22007,1717,0020700733,2008-02-08,DAL vs. MEM,W,26,7,10,0.7,0,1,0.0,7,7,1.0,1,5,6,2,1,0,1,2,21,17,0,2007-08,Regular Season,1717,Dirk Nowitzki
22007,1717,0020700746,2008-02-10,DAL @ NJN,L,35,4,16,0.25,0,4,0.0,13,14,0.929,2,6,8,4,0,0,3,4,21,-25,0,2007-08,Regular Season,1717,Dirk Nowitzki
22007,1717,0020700752,2008-02-11,DAL @ PHI,L,38,4,15,0.267,0,4,0.0,7,10,0.7,0,9,9,7,2,0,4,3,15,-7,0,2007-08,Regular Season,1717,Dirk Nowitzki
22007,1717,0020700774,2008-02-13,DAL vs. POR,W,38,13,26,0.5,2,4,0.5,9,10,0.9,3,9,12,2,1,2,3,3,37,24,0,2007-08,Regular Season,1717,Dirk Nowitzki
22007,1717,0020700779,2008-02-14,DAL @ PHX,L,40,12,31,0.387,0,2,0.0,12,14,0.857,6,6,12,4,0,0,4,3,36,-8,0,2007-08,Regular Season,1717,Dirk Nowitzki
22007,1717,0020700795,2008-02-20,DAL @ NOH,L,38,11,21,0.524,0,2,0.0,9,9,1.0,2,6,8,2,0,0,2,3,31,-9,0,2007-08,Regular Season,1717,Dirk Nowitzki
22007,1717,0020700810,2008-02-22,DAL @ MEM,W,37,8,9,0.889,1,1,1.0,10,12,0.833,1,5,6,3,0,0,2,3,27,20,0,2007-08,Regular Season,1717,Dirk Nowitzki
22007,1717,0020700828,2008-02-24,DAL @ MIN,W,37,10,15,0.667,2,3,0.667,7,9,0.778,2,6,8,2,2,0,2,0,29,18,0,2007-08,Regular Season,1717,Dirk Nowitzki
22007,1717,0020700833,2008-02-25,DAL vs. CHI,W,39,10,19,0.526,3,3,1.0,6,6,1.0,0,10,10,4,1,1,6,3,29,19,0,2007-08,Regular Season,1717,Dirk Nowitzki
22007,1717,0020700856,2008-02-28,DAL @ SAS,L,40,5,15,0.333,1,2,0.5,17,21,0.81,0,6,6,2,0,1,1,1,28,-8,0,2007-08,Regular Season,1717,Dirk Nowitzki
22007,1717,0020700865,2008-02-29,DAL vs. SAC,W,41,15,26,0.577,2,4,0.5,2,2,1.0,3,7,10,3,0,3,0,4,34,14,0,2007-08,Regular Season,1717,Dirk Nowitzki
22007,1717,0020700876,2008-03-02,DAL @ LAL,L,45,10,26,0.385,3,7,0.429,7,8,0.875,2,11,13,5,2,2,2,4,30,-5,0,2007-08,Regular Season,1717,Dirk Nowitzki
22007,1717,0020700887,2008-03-03,DAL @ UTA,L,38,8,17,0.471,1,3,0.333,6,6,1.0,1,6,7,1,0,0,6,5,23,-8,0,2007-08,Regular Season,1717,Dirk Nowitzki
22007,1717,0020700931,2008-03-08,DAL vs. NJN,W,32,10,18,0.556,2,3,0.667,12,12,1.0,3,6,9,2,1,0,2,1,34,18,0,2007-08,Regular Season,1717,Dirk Nowitzki
22007,1717,0020700944,2008-03-10,DAL vs. NYK,W,23,6,9,0.667,1,1,1.0,5,5,1.0,1,7,8,3,2,0,0,2,18,12,0,2007-08,Regular Season,1717,Dirk Nowitzki
22007,1717,0020700960,2008-03-12,DAL vs. CHA,W,28,8,14,0.571,2,4,0.5,8,8,1.0,1,8,9,3,3,0,3,4,26,17,0,2007-08,Regular Season,1717,Dirk Nowitzki
22007,1717,0020700973,2008-03-14,DAL vs. IND,W,28,8,17,0.471,1,3,0.333,4,5,0.8,1,5,6,2,0,0,2,3,21,8,0,2007-08,Regular Season,1717,Dirk Nowitzki
22007,1717,0020700984,2008-03-16,DAL @ MIA,W,25,7,11,0.636,2,2,1.0,5,7,0.714,0,4,4,3,2,0,0,1,21,25,0,2007-08,Regular Season,1717,Dirk Nowitzki
22007,1717,0020701003,2008-03-18,DAL vs. LAL,L,43,11,23,0.478,3,6,0.5,10,12,0.833,1,10,11,1,0,5,1,3,35,7,0,2007-08,Regular Season,1717,Dirk Nowitzki
22007,1717,0020701017,2008-03-20,DAL vs. BOS,L,38,8,20,0.4,0,3,0.0,6,6,1.0,0,19,19,1,0,2,6,1,22,2,0,2007-08,Regular Season,1717,Dirk Nowitzki
22007,1717,0020701040,2008-03-23,DAL vs. SAS,L,26,4,13,0.308,0,1,0.0,3,3,1.0,0,7,7,4,0,3,0,2,11,-6,0,2007-08,Regular Season,1717,Dirk Nowitzki
22007,1717,0020701120,2008-04-02,DAL vs. GSW,W,27,6,15,0.4,1,2,0.5,5,6,0.833,2,3,5,0,0,1,0,0,18,9,0,2007-08,Regular Season,1717,Dirk Nowitzki
22007,1717,0020701135,2008-04-04,DAL @ LAL,L,31,13,19,0.684,1,2,0.5,0,0,0.0,1,3,4,3,0,0,2,3,27,-19,0,2007-08,Regular Season,1717,Dirk Nowitzki
22007,1717,0020701144,2008-04-06,DAL @ PHX,W,38,11,23,0.478,1,3,0.333,9,10,0.9,1,11,12,1,2,0,3,4,32,12,0,2007-08,Regular Season,1717,Dirk Nowitzki
22007,1717,0020701160,2008-04-08,DAL vs. SEA,W,26,5,14,0.357,1,2,0.5,0,0,0.0,0,12,12,1,0,0,0,1,11,11,0,2007-08,Regular Season,1717,Dirk Nowitzki
22007,1717,0020701174,2008-04-10,DAL vs. UTA,W,34,12,23,0.522,4,5,0.8,4,5,0.8,0,2,2,1,1,2,1,2,32,5,0,2007-08,Regular Season,1717,Dirk Nowitzki
22007,1717,0020701195,2008-04-12,DAL @ POR,L,40,10,17,0.588,1,2,0.5,7,7,1.0,1,3,4,4,0,0,2,0,28,-7,0,2007-08,Regular Season,1717,Dirk Nowitzki
22007,1717,0020701202,2008-04-13,DAL @ SEA,L,34,13,25,0.52,4,9,0.444,2,3,0.667,2,7,9,2,0,0,0,3,32,2,0,2007-08,Regular Season,1717,Dirk Nowitzki
22007,1717,0020701227,2008-04-16,DAL vs. NOH,W,39,4,16,0.25,1,6,0.167,3,3,1.0,0,5,5,3,0,0,0,2,12,9,0,2007-08,Regular Season,1717,Dirk Nowitzki
42007,1717,0040700151,2008-04-19,DAL @ NOH,L,42,9,21,0.429,1,4,0.25,12,13,0.923,3,7,10,0,0,2,1,2,31,-7,0,2007-08,Playoffs,1717,Dirk Nowitzki
42007,1717,0040700152,2008-04-22,DAL @ NOH,L,36,7,11,0.636,1,1,1.0,12,15,0.8,1,4,5,5,0,1,4,3,27,-27,0,2007-08,Playoffs,1717,Dirk Nowitzki
42007,1717,0040700153,2008-04-25,DAL vs. NOH,W,44,11,20,0.55,1,4,0.25,9,10,0.9,1,18,19,6,0,2,2,2,32,20,0,2007-08,Playoffs,1717,Dirk Nowitzki
42007,1717,0040700154,2008-04-27,DAL vs. NOH,L,41,8,18,0.444,2,4,0.5,4,7,0.571,3,10,13,3,1,0,2,3,22,-17,0,2007-08,Playoffs,1717,Dirk Nowitzki
42007,1717,0040700155,2008-04-29,DAL @ NOH,L,48,8,21,0.381,1,5,0.2,5,7,0.714,2,11,13,6,0,2,1,3,22,-5,0,2007-08,Playoffs,1717,Dirk Nowitzki
22007,708,0020700021,2007-11-02,BOS vs. WAS,W,38,9,17,0.529,0,0,0.0,4,4,1.0,2,18,20,5,3,3,3,2,22,16,0,2007-08,Regular Season,708,Kevin Garnett
22007,708,0020700035,2007-11-04,BOS @ TOR,W,44,9,18,0.5,0,0,0.0,5,7,0.714,3,10,13,6,3,0,3,5,23,7,0,2007-08,Regular Season,708,Kevin Garnett
22007,708,0020700058,2007-11-07,BOS vs. DEN,W,36,10,14,0.714,0,0,0.0,3,4,0.75,1,12,13,7,4,1,5,3,23,33,0,2007-08,Regular Season,708,Kevin Garnett
22007,708,0020700068,2007-11-09,BOS vs. ATL,W,38,12,16,0.75,0,0,0.0,3,4,0.75,3,16,19,6,1,2,6,3,27,19,0,2007-08,Regular Season,708,Kevin Garnett
22007,708,0020700081,2007-11-10,BOS @ NJN,W,43,5,14,0.357,0,0,0.0,8,8,1.0,2,12,14,6,3,1,2,3,18,10,0,2007-08,Regular Season,708,Kevin Garnett
22007,708,0020700098,2007-11-13,BOS @ IND,W,39,6,14,0.429,0,1,0.0,6,9,0.667,1,10,11,2,3,2,2,3,18,15,0,2007-08,Regular Season,708,Kevin Garnett
22007,708,0020700108,2007-11-14,BOS vs. NJN,W,31,8,15,0.533,0,0,0.0,0,0,0.0,2,6,8,2,3,1,2,5,16,14,0,2007-08,Regular Season,708,Kevin Garnett
22007,708,0020700121,2007-11-16,BOS vs. MIA,W,41,10,14,0.714,0,0,0.0,6,6,1.0,0,11,11,4,1,1,1,3,26,4,0,2007-08,Regular Season,708,Kevin Garnett
22007,708,0020700142,2007-11-18,BOS @ ORL,L,37,7,13,0.538,0,0,0.0,0,0,0.0,2,9,11,1,0,1,3,6,14,-10,0,2007-08,Regular Season,708,Kevin Garnett
22007,708,0020700158,2007-11-21,BOS vs. GSW,W,33,8,14,0.571,0,0,0.0,4,5,0.8,3,7,10,3,1,1,2,0,20,22,0,2007-08,Regular Season,708,Kevin Garnett
22007,708,0020700172,2007-11-23,BOS vs. LAL,W,36,7,16,0.438,0,0,0.0,7,8,0.875,0,11,11,3,1,2,0,1,21,14,0,2007-08,Regular Season,708,Kevin Garnett
22007,708,0020700185,2007-11-24,BOS @ CHA,W,37,10,15,0.667,0,0,0.0,3,3,1.0,2,9,11,5,2,3,2,3,23,5,0,2007-08,Regular Season,708,Kevin Garnett
22007,708,0020700204,2007-11-27,BOS @ CLE,L,44,8,14,0.571,0,0,0.0,3,4,0.75,2,3,5,5,1,3,2,5,19,-9,0,2007-08,Regular Season,708,Kevin Garnett
22007,708,0020700221,2007-11-29,BOS vs. NYK,W,23,2,5,0.4,0,0,0.0,4,4,1.0,1,10,11,4,0,2,0,1,8,29,0,2007-08,Regular Season,708,Kevin Garnett
22007,708,0020700228,2007-11-30,BOS @ MIA,W,38,10,20,0.5,0,0,0.0,3,5,0.6,3,6,9,1,0,0,4,1,23,8,0,2007-08,Regular Season,708,Kevin Garnett
22007,708,0020700242,2007-12-02,BOS vs. CLE,W,26,2,12,0.167,0,0,0.0,5,7,0.714,0,8,8,3,1,2,1,3,9,16,0,2007-08,Regular Season,708,Kevin Garnett
22007,708,0020700263,2007-12-05,BOS @ PHI,W,35,8,12,0.667,0,0,0.0,6,7,0.857,3,4,7,2,3,1,2,2,22,19,0,2007-08,Regular Season,708,Kevin Garnett
22007,708,0020700280,2007-12-07,BOS vs. TOR,W,25,9,13,0.692,0,0,0.0,5,6,0.833,1,5,6,2,1,1,1,0,23,19,0,2007-08,Regular Season,708,Kevin Garnett
22007,708,0020700291,2007-12-08,BOS @ CHI,W,37,8,11,0.727,0,0,0.0,0,0,0.0,0,9,9,3,0,7,2,1,16,13,0,2007-08,Regular Season,708,Kevin Garnett
22007,708,0020700318,2007-12-12,BOS vs. SAC,W,36,5,10,0.5,0,0,0.0,1,2,0.5,2,4,6,1,2,0,0,4,11,16,0,2007-08,Regular Season,708,Kevin Garnett
22007,708,0020700330,2007-12-14,BOS vs. MIL,W,29,7,10,0.7,0,0,0.0,1,2,0.5,0,7,7,4,2,0,1,0,15,23,0,2007-08,Regular Season,708,Kevin Garnett
22007,708,0020700351,2007-12-16,BOS @ TOR,W,34,8,18,0.444,0,1,0.0,0,0,0.0,1,7,8,6,1,0,1,2,16,14,0,2007-08,Regular Season,708,Kevin Garnett
22007,708,0020700369,2007-12-19,BOS vs. DET,L,40,9,15,0.6,0,1,0.0,8,10,0.8,4,8,12,1,2,0,5,2,26,0,0,2007-08,Regular Season,708,Kevin Garnett
22007,708,0020700381,2007-12-21,BOS vs. CHI,W,25,3,6,0.5,0,0,0.0,6,6,1.0,1,6,7,5,4,0,2,3,12,12,0,2007-08,Regular Season,708,Kevin Garnett
22007,708,0020700403,2007-12-23,BOS vs. ORL,W,39,9,13,0.692,0,1,0.0,3,4,0.75,0,12,12,5,0,3,3,3,21,18,0,2007-08,Regular Season,708,Kevin Garnett
22007,708,0020700417,2007-12-26,BOS @ SAC,W,36,7,13,0.538,0,0,0.0,0,2,0.0,5,5,10,2,2,1,4,2,14,18,0,2007-08,Regular Season,708,Kevin Garnett
22007,708,0020700421,2007-12-27,BOS @ SEA,W,34,8,22,0.364,0,0,0.0,7,11,0.636,6,8,14,2,2,2,1,0,23,8,0,2007-08,Regular Season,708,Kevin Garnett
22007,708,0020700441,2007-12-29,BOS @ UTA,W,36,7,13,0.538,0,1,0.0,1,2,0.5,3,6,9,3,0,0,2,1,15,-1,0,2007-08,Regular Season,708,Kevin Garnett
22007,708,0020700448,2007-12-30,BOS @ LAL,W,30,9,13,0.692,0,0,0.0,4,4,1.0,5,7,12,6,2,3,3,4,22,3,0,2007-08,Regular Season,708,Kevin Garnett
22007,708,0020700462,2008-01-02,BOS vs. HOU,W,35,11,15,0.733,0,1,0.0,4,6,0.667,1,8,9,3,2,3,1,2,26,9,0,2007-08,Regular Season,708,Kevin Garnett
22007,708,0020700475,2008-01-04,BOS vs. MEM,W,33,7,10,0.7,0,0,0.0,9,10,0.9,2,3,5,5,0,1,0,1,23,5,0,2007-08,Regular Season,708,Kevin Garnett
22007,708,0020700485,2008-01-05,BOS @ DET,W,32,4,11,0.364,0,0,0.0,7,9,0.778,0,5,5,2,0,0,2,3,15,23,0,2007-08,Regular Season,708,Kevin Garnett
22007,708,0020700511,2008-01-09,BOS vs. CHA,L,34,8,13,0.615,0,0,0.0,8,9,0.889,5,3,8,4,1,2,1,3,24,-5,0,2007-08,Regular Season,708,Kevin Garnett
22007,708,0020700524,2008-01-11,BOS @ NJN,W,34,7,14,0.5,0,0,0.0,6,8,0.75,0,11,11,3,2,2,2,2,20,-2,0,2007-08,Regular Season,708,Kevin Garnett
22007,708,0020700534,2008-01-12,BOS @ WAS,L,36,7,14,0.5,0,0,0.0,5,8,0.625,1,5,6,2,0,2,3,3,19,-2,0,2007-08,Regular Season,708,Kevin Garnett
22007,708,0020700548,2008-01-14,BOS vs. WAS,L,37,8,17,0.471,0,1,0.0,7,8,0.875,4,5,9,6,0,1,3,3,23,-8,0,2007-08,Regular Season,708,Kevin Garnett
22007,708,0020700566,2008-01-16,BOS vs. POR,W,37,9,17,0.529,0,0,0.0,8,9,0.889,4,3,7,3,1,0,1,3,26,11,0,2007-08,Regular Season,708,Kevin Garnett
22007,708,0020700576,2008-01-18,BOS vs. PHI,W,37,5,12,0.417,0,0,0.0,1,2,0.5,2,4,6,8,0,2,1,2,11,20,0,2007-08,Regular Season,708,Kevin Garnett
22007,708,0020700595,2008-01-21,BOS @ NYK,W,35,8,17,0.471,0,0,0.0,4,4,1.0,4,9,13,7,1,0,1,1,20,34,0,2007-08,Regular Season,708,Kevin Garnett
22007,708,0020700613,2008-01-23,BOS vs. TOR,L,37,11,16,0.688,0,0,0.0,4,4,1.0,0,7,7,5,2,1,2,0,26,-9,0,2007-08,Regular Season,708,Kevin Garnett
22007,708,0020700628,2008-01-25,BOS vs. MIN,W,31,4,5,0.8,0,0,0.0,2,2,1.0,2,14,16,2,1,1,2,1,10,2,0,2007-08,Regular Season,708,Kevin Garnett
22007,708,0020700785,2008-02-19,BOS @ DEN,L,21,2,7,0.286,0,1,0.0,0,0,0.0,1,7,8,0,2,0,4,0,4,-12,0,2007-08,Regular Season,708,Kevin Garnett
22007,708,0020700799,2008-02-20,BOS @ GSW,L,31,7,16,0.438,0,0,0.0,3,6,0.5,4,11,15,2,3,3,4,1,17,-1,0,2007-08,Regular Season,708,Kevin Garnett
22007,708,0020700812,2008-02-22,BOS @ PHX,L,32,8,17,0.471,0,0,0.0,3,4,0.75,2,3,5,4,2,1,2,4,19,-14,0,2007-08,Regular Season,708,Kevin Garnett
22007,708,0020700827,2008-02-24,BOS @ POR,W,31,5,15,0.333,0,0,0.0,0,0,0.0,1,6,7,3,0,0,1,5,10,6,0,2007-08,Regular Season,708,Kevin Garnett
22007,708,0020700836,2008-02-25,BOS @ LAC,W,23,5,11,0.455,0,0,0.0,1,1,1.0,1,5,6,4,1,4,2,2,11,21,0,2007-08,Regular Season,708,Kevin Garnett
22007,708,0020700849,2008-02-27,BOS vs. CLE,W,33,8,14,0.571,0,0,0.0,2,2,1.0,0,11,11,5,4,0,1,2,18,5,0,2007-08,Regular Season,708,Kevin Garnett
22007,708,0020700859,2008-02-29,BOS vs. CHA,W,32,7,13,0.538,0,0,0.0,3,5,0.6,2,7,9,3,1,0,1,4,17,11,0,2007-08,Regular Season,708,Kevin Garnett
22007,708,0020700877,2008-03-02,BOS vs. ATL,W,35,9,18,0.5,0,0,0.0,2,2,1.0,3,13,16,3,2,0,4,1,20,8,0,2007-08,Regular Season,708,Kevin Garnett
22007,708,0020700899,2008-03-05,BOS vs. DET,W,41,13,22,0.591,0,0,0.0,5,6,0.833,0,6,6,3,0,1,2,4,31,22,0,2007-08,Regular Season,708,Kevin Garnett
22007,708,0020700917,2008-03-07,BOS vs. CHI,W,24,7,13,0.538,0,0,0.0,2,2,1.0,3,5,8,0,0,0,1,4,16,22,0,2007-08,Regular Season,708,Kevin Garnett
22007,708,0020700929,2008-03-08,BOS @ MEM,W,27,8,12,0.667,0,0,0.0,1,2,0.5,1,7,8,4,1,0,2,0,17,23,0,2007-08,Regular Season,708,Kevin Garnett
22007,708,0020700939,2008-03-10,BOS @ PHI,W,32,11,14,0.786,0,0,0.0,4,4,1.0,1,11,12,2,0,0,5,1,26,20,0,2007-08,Regular Season,708,Kevin Garnett
22007,708,0020700954,2008-03-12,BOS vs. SEA,W,23,7,14,0.5,0,0,0.0,4,5,0.8,0,6,6,1,1,0,2,0,18,17,0,2007-08,Regular Season,708,Kevin Garnett
22007,708,0020700966,2008-03-14,BOS vs. UTA,L,36,6,12,0.5,0,0,0.0,3,8,0.375,0,4,4,6,1,4,1,4,15,-9,0,2007-08,Regular Season,708,Kevin Garnett
22007,708,0020700980,2008-03-15,BOS @ MIL,W,27,8,16,0.5,0,0,0.0,3,6,0.5,0,2,2,2,2,1,1,2,19,18,0,2007-08,Regular Season,708,Kevin Garnett
22007,708,0020700997,2008-03-17,BOS @ SAS,W,39,7,15,0.467,0,0,0.0,7,8,0.875,2,6,8,2,2,1,4,2,21,5,0,2007-08,Regular Season,708,Kevin Garnett
22007,708,0020701002,2008-03-18,BOS @ HOU,W,33,9,21,0.429,0,1,0.0,4,4,1.0,5,6,11,3,3,2,0,3,22,23,0,2007-08,Regular Season,708,Kevin Garnett
22007,708,0020701017,2008-03-20,BOS @ DAL,W,34,7,22,0.318,0,0,0.0,6,6,1.0,3,10,13,1,3,1,0,4,20,-2,0,2007-08,Regular Season,708,Kevin Garnett
22007,708,0020701033,2008-03-22,BOS @ NOH,L,36,9,13,0.692,0,0,0.0,1,2,0.5,1,11,12,4,0,0,2,4,19,-2,0,2007-08,Regular Season,708,Kevin Garnett
22007,708,0020701044,2008-03-24,BOS vs. PHI,L,32,7,13,0.538,0,0,0.0,4,4,1.0,2,3,5,2,1,0,3,2,18,-1,0,2007-08,Regular Season,708,Kevin Garnett
22007,708,0020701063,2008-03-26,BOS vs. PHX,W,34,12,19,0.632,0,0,0.0,6,6,1.0,3,0,3,6,2,2,0,3,30,14,0,2007-08,Regular Season,708,Kevin Garnett
22007,708,0020701076,2008-03-28,BOS vs. NOH,W,35,9,15,0.6,0,0,0.0,3,4,0.75,0,13,13,4,0,1,0,2,21,26,0,2007-08,Regular Season,708,Kevin Garnett
22007,708,0020701093,2008-03-30,BOS vs. MIA,W,22,3,7,0.429,0,1,0.0,6,6,1.0,3,5,8,5,1,0,0,1,12,20,0,2007-08,Regular Season,708,Kevin Garnett
22007,708,0020701109,2008-04-01,BOS @ CHI,W,32,8,13,0.615,0,0,0.0,4,4,1.0,2,5,7,2,1,4,1,3,20,15,0,2007-08,Regular Season,708,Kevin Garnett
22007,708,0020701116,2008-04-02,BOS vs. IND,W,31,9,19,0.474,0,0,0.0,2,2,1.0,3,8,11,4,2,1,5,2,20,21,0,2007-08,Regular Season,708,Kevin Garnett
22007,708,0020701157,2008-04-08,BOS @ MIL,W,20,7,8,0.875,0,0,0.0,7,8,0.875,1,2,3,2,3,0,0,1,21,20,0,2007-08,Regular Season,708,Kevin Garnett
22007,708,0020701166,2008-04-09,BOS @ WAS,L,31,9,16,0.563,0,0,0.0,4,7,0.571,5,9,14,5,1,1,3,2,22,2,0,2007-08,Regular Season,708,Kevin Garnett
22007,708,0020701180,2008-04-11,BOS vs. MIL,W,23,5,12,0.417,0,0,0.0,2,3,0.667,2,6,8,2,1,0,1,2,12,16,0,2007-08,Regular Season,708,Kevin Garnett
22007,708,0020701189,2008-04-12,BOS @ ATL,W,29,9,14,0.643,0,1,0.0,6,6,1.0,1,5,6,4,0,1,2,3,24,5,0,2007-08,Regular Season,708,Kevin Garnett
22007,708,0020701221,2008-04-16,BOS vs. NJN,W,14,4,8,0.5,0,0,0.0,0,0,0.0,0,4,4,1,2,3,0,0,8,5,0,2007-08,Regular Season,708,Kevin Garnett
42007,708,0040700101,2008-04-20,BOS vs. ATL,W,34,8,19,0.421,0,0,0.0,0,0,0.0,2,8,10,4,0,0,2,3,16,28,0,2007-08,Playoffs,708,Kevin Garnett
42007,708,0040700102,2008-04-23,BOS vs. ATL,W,35,6,18,0.333,1,1,1.0,6,6,1.0,3,7,10,3,2,2,1,2,19,25,0,2007-08,Playoffs,708,Kevin Garnett
42007,708,0040700103,2008-04-26,BOS @ ATL,L,42,11,19,0.579,0,0,0.0,10,11,0.909,4,6,10,3,2,1,2,3,32,-10,0,2007-08,Playoffs,708,Kevin Garnett
42007,708,0040700104,2008-04-28,BOS @ ATL,L,42,9,21,0.429,0,0,0.0,2,4,0.5,4,5,9,1,6,0,3,4,20,7,0,2007-08,Playoffs,708,Kevin Garnett
42007,708,0040700105,2008-04-30,BOS vs. ATL,W,37,8,15,0.533,0,0,0.0,4,4,1.0,0,5,5,7,1,3,1,3,20,21,0,2007-08,Playoffs,708,Kevin Garnett
42007,708,0040700106,2008-05-02,BOS @ ATL,L,41,8,17,0.471,0,0,0.0,6,8,0.75,3,4,7,6,2,3,2,3,22,-2,0,2007-08,Playoffs,708,Kevin Garnett
42007,708,0040700107,2008-05-04,BOS vs. ATL,W,27,9,13,0.692,0,0,0.0,0,1,0.0,4,7,11,3,1,1,3,3,18,28,0,2007-08,Playoffs,708,Kevin Garnett
42007,708,0040700201,2008-05-06,BOS vs. CLE,W,40,13,22,0.591,0,0,0.0,2,2,1.0,1,7,8,3,2,0,1,1,28,7,0,2007-08,Playoffs,708,Kevin Garnett
42007,708,0040700202,2008-05-08,BOS vs. CLE,W,32,5,9,0.556,0,0,0.0,3,3,1.0,3,9,12,4,1,1,1,4,13,13,0,2007-08,Playoffs,708,Kevin Garnett
42007,708,0040700203,2008-05-10,BOS @ CLE,L,36,8,13,0.615,0,0,0.0,1,2,0.5,2,7,9,2,0,0,2,4,17,-13,0,2007-08,Playoffs,708,Kevin Garnett
42007,708,0040700204,2008-05-12,BOS @ CLE,L,40,6,13,0.462,0,0,0.0,3,3,1.0,2,8,10,4,0,1,1,1,15,-7,0,2007-08,Playoffs,708,Kevin Garnett
42007,708,0040700205,2008-05-14,BOS vs. CLE,W,41,12,19,0.632,0,0,0.0,2,2,1.0,5,11,16,4,2,3,0,3,26,15,0,2007-08,Playoffs,708,Kevin Garnett
42007,708,0040700206,2008-05-16,BOS @ CLE,L,43,11,21,0.524,0,2,0.0,3,4,0.75,2,6,8,2,0,2,3,1,25,-7,0,2007-08,Playoffs,708,Kevin Garnett
42007,708,0040700207,2008-05-18,BOS vs. CLE,W,42,5,13,0.385,0,0,0.0,3,4,0.75,2,11,13,3,1,0,0,4,13,8,0,2007-08,Playoffs,708,Kevin Garnett
42007,708,0040700301,2008-05-20,BOS vs. DET,W,38,11,17,0.647,0,0,0.0,4,6,0.667,0,9,9,4,1,2,3,4,26,8,0,2007-08,Playoffs,708,Kevin Garnett
42007,708,0040700302,2008-05-22,BOS vs. DET,L,41,11,19,0.579,0,2,0.0,2,2,1.0,4,9,13,1,0,2,2,2,24,1,0,2007-08,Playoffs,708,Kevin Garnett
42007,708,0040700303,2008-05-24,BOS @ DET,W,35,7,16,0.438,0,0,0.0,8,9,0.889,4,9,13,6,2,0,3,3,22,21,0,2007-08,Playoffs,708,Kevin Garnett
42007,708,0040700304,2008-05-26,BOS @ DET,L,38,6,16,0.375,0,0,0.0,4,4,1.0,3,7,10,3,1,2,3,2,16,-14,0,2007-08,Playoffs,708,Kevin Garnett
42007,708,0040700305,2008-05-28,BOS vs. DET,W,41,11,17,0.647,1,1,1.0,10,12,0.833,1,6,7,2,1,0,5,3,33,8,0,2007-08,Playoffs,708,Kevin Garnett
42007,708,0040700306,2008-05-30,BOS @ DET,W,35,7,16,0.438,0,1,0.0,2,4,0.5,1,5,6,4,0,0,1,5,16,11,0,2007-08,Playoffs,708,Kevin Garnett
42007,708,0040700401,2008-06-05,BOS vs. LAL,W,41,9,22,0.409,0,0,,6,6,1.0,4,9,13,3,1,0,1,3,24,8,0,2007-08,Playoffs,708,Kevin Garnett
42007,708,0040700402,2008-06-08,BOS vs. LAL,W,39,7,19,0.368,0,0,,3,4,0.75,3,11,14,3,1,1,4,1,17,-9,0,2007-08,Playoffs,708,Kevin Garnett
42007,708,0040700403,2008-06-10,BOS @ LAL,L,42,6,21,0.286,0,0,,1,2,0.5,3,9,12,5,1,3,3,2,13,-2,0,2007-08,Playoffs,708,Kevin Garnett
42007,708,0040700404,2008-06-12,BOS @ LAL,W,37,7,14,0.5,0,0,,2,2,1.0,2,9,11,3,2,1,4,3,16,17,0,2007-08,Playoffs,708,Kevin Garnett
42007,708,0040700405,2008-06-15,BOS @ LAL,L,33,6,11,0.545,0,0,,1,4,0.25,7,7,14,0,2,0,4,5,13,-10,0,2007-08,Playoffs,708,Kevin Garnett
42007,708,0040700406,2008-06-17,BOS vs. LAL,W,36,10,18,0.556,0,1,0.0,6,7,0.857,3,11,14,4,3,1,0,2,26,32,0,2007-08,Playoffs,708,Kevin Garnett
22007,1718,0020700021,2007-11-02,BOS vs. WAS,W,39,10,19,0.526,3,6,0.5,5,7,0.714,0,5,5,4,0,1,3,3,28,19,0,2007-08,Regular Season,1718,Paul Pierce
22007,1718,0020700035,2007-11-04,BOS @ TOR,W,46,4,17,0.235,0,4,0.0,5,6,0.833,0,5,5,6,2,0,3,4,13,1,0,2007-08,Regular Season,1718,Paul Pierce
22007,1718,0020700058,2007-11-07,BOS vs. DEN,W,30,10,15,0.667,1,3,0.333,5,7,0.714,1,4,5,5,5,0,2,2,26,26,0,2007-08,Regular Season,1718,Paul Pierce
22007,1718,0020700068,2007-11-09,BOS vs. ATL,W,37,8,15,0.533,1,3,0.333,6,7,0.857,0,3,3,4,1,0,5,1,23,13,0,2007-08,Regular Season,1718,Paul Pierce
22007,1718,0020700081,2007-11-10,BOS @ NJN,W,40,9,19,0.474,4,7,0.571,6,8,0.75,0,3,3,4,2,0,2,2,28,16,0,2007-08,Regular Season,1718,Paul Pierce
22007,1718,0020700098,2007-11-13,BOS @ IND,W,41,8,17,0.471,1,4,0.25,14,14,1.0,1,10,11,6,2,1,1,3,31,10,0,2007-08,Regular Season,1718,Paul Pierce
22007,1718,0020700108,2007-11-14,BOS vs. NJN,W,39,6,10,0.6,1,2,0.5,2,4,0.5,0,3,3,3,2,1,2,3,15,15,0,2007-08,Regular Season,1718,Paul Pierce
22007,1718,0020700121,2007-11-16,BOS vs. MIA,W,31,5,12,0.417,0,1,0.0,2,3,0.667,0,4,4,4,1,0,4,4,12,-7,0,2007-08,Regular Season,1718,Paul Pierce
22007,1718,0020700142,2007-11-18,BOS @ ORL,L,43,10,17,0.588,0,2,0.0,8,11,0.727,0,5,5,6,2,0,3,2,28,0,0,2007-08,Regular Season,1718,Paul Pierce
22007,1718,0020700158,2007-11-21,BOS vs. GSW,W,35,8,14,0.571,0,1,0.0,3,5,0.6,5,5,10,4,0,0,3,1,19,10,0,2007-08,Regular Season,1718,Paul Pierce
22007,1718,0020700172,2007-11-23,BOS vs. LAL,W,44,8,18,0.444,3,6,0.5,1,2,0.5,1,5,6,9,3,0,4,4,20,18,0,2007-08,Regular Season,1718,Paul Pierce
22007,1718,0020700185,2007-11-24,BOS @ CHA,W,38,8,19,0.421,2,4,0.5,5,8,0.625,0,4,4,7,1,0,2,2,23,1,0,2007-08,Regular Season,1718,Paul Pierce
22007,1718,0020700204,2007-11-27,BOS @ CLE,L,45,5,15,0.333,1,6,0.167,5,6,0.833,0,6,6,5,1,0,4,4,16,-11,0,2007-08,Regular Season,1718,Paul Pierce
22007,1718,0020700221,2007-11-29,BOS vs. NYK,W,29,6,16,0.375,4,8,0.5,5,6,0.833,2,6,8,4,2,0,0,0,21,31,0,2007-08,Regular Season,1718,Paul Pierce
22007,1718,0020700228,2007-11-30,BOS @ MIA,W,37,7,18,0.389,5,9,0.556,8,9,0.889,1,6,7,3,2,0,6,5,27,9,0,2007-08,Regular Season,1718,Paul Pierce
22007,1718,0020700242,2007-12-02,BOS vs. CLE,W,30,2,7,0.286,0,2,0.0,3,4,0.75,1,3,4,3,3,0,3,2,7,18,0,2007-08,Regular Season,1718,Paul Pierce
22007,1718,0020700263,2007-12-05,BOS @ PHI,W,44,6,11,0.545,0,2,0.0,7,7,1.0,0,3,3,12,1,0,3,3,19,15,0,2007-08,Regular Season,1718,Paul Pierce
22007,1718,0020700280,2007-12-07,BOS vs. TOR,W,28,6,12,0.5,2,4,0.5,4,5,0.8,1,4,5,6,1,2,2,0,18,29,0,2007-08,Regular Season,1718,Paul Pierce
22007,1718,0020700291,2007-12-08,BOS @ CHI,W,38,1,8,0.125,0,4,0.0,8,8,1.0,0,6,6,7,2,0,6,4,10,10,0,2007-08,Regular Season,1718,Paul Pierce
22007,1718,0020700318,2007-12-12,BOS vs. SAC,W,44,7,15,0.467,1,6,0.167,11,12,0.917,0,6,6,4,2,1,1,1,26,18,0,2007-08,Regular Season,1718,Paul Pierce
22007,1718,0020700330,2007-12-14,BOS vs. MIL,W,39,9,22,0.409,5,11,0.455,9,9,1.0,0,3,3,1,0,0,2,1,32,21,0,2007-08,Regular Season,1718,Paul Pierce
22007,1718,0020700351,2007-12-16,BOS @ TOR,W,41,7,15,0.467,0,3,0.0,4,6,0.667,0,6,6,4,1,0,2,2,18,17,0,2007-08,Regular Season,1718,Paul Pierce
22007,1718,0020700369,2007-12-19,BOS vs. DET,L,41,5,16,0.313,0,4,0.0,1,3,0.333,2,2,4,4,2,1,4,0,11,-4,0,2007-08,Regular Season,1718,Paul Pierce
22007,1718,0020700381,2007-12-21,BOS vs. CHI,W,27,6,11,0.545,4,6,0.667,6,7,0.857,0,7,7,3,1,0,4,3,22,20,0,2007-08,Regular Season,1718,Paul Pierce
22007,1718,0020700403,2007-12-23,BOS vs. ORL,W,41,8,18,0.444,2,5,0.4,6,6,1.0,1,2,3,6,1,0,5,3,24,23,0,2007-08,Regular Season,1718,Paul Pierce
22007,1718,0020700417,2007-12-26,BOS @ SAC,W,41,4,12,0.333,3,4,0.75,5,5,1.0,0,4,4,6,0,1,5,1,16,20,0,2007-08,Regular Season,1718,Paul Pierce
22007,1718,0020700421,2007-12-27,BOS @ SEA,W,43,11,27,0.407,5,7,0.714,10,11,0.909,2,4,6,4,1,0,1,1,37,15,0,2007-08,Regular Season,1718,Paul Pierce
22007,1718,0020700441,2007-12-29,BOS @ UTA,W,43,6,17,0.353,2,4,0.5,10,11,0.909,1,5,6,4,2,1,0,5,24,8,0,2007-08,Regular Season,1718,Paul Pierce
22007,1718,0020700448,2007-12-30,BOS @ LAL,W,37,9,19,0.474,4,8,0.5,11,13,0.846,0,8,8,3,4,0,3,3,33,21,0,2007-08,Regular Season,1718,Paul Pierce
22007,1718,0020700462,2008-01-02,BOS vs. HOU,W,40,7,12,0.583,2,3,0.667,3,6,0.5,0,6,6,7,1,1,2,0,19,22,0,2007-08,Regular Season,1718,Paul Pierce
22007,1718,0020700475,2008-01-04,BOS vs. MEM,W,39,9,17,0.529,1,4,0.25,4,5,0.8,1,9,10,5,1,0,2,3,23,-4,0,2007-08,Regular Season,1718,Paul Pierce
22007,1718,0020700485,2008-01-05,BOS @ DET,W,46,5,16,0.313,1,6,0.167,8,8,1.0,0,9,9,7,1,0,4,3,19,6,0,2007-08,Regular Season,1718,Paul Pierce
22007,1718,0020700511,2008-01-09,BOS vs. CHA,L,37,4,14,0.286,1,9,0.111,4,5,0.8,0,8,8,3,1,1,3,5,13,-15,0,2007-08,Regular Season,1718,Paul Pierce
22007,1718,0020700524,2008-01-11,BOS @ NJN,W,40,7,11,0.636,1,1,1.0,3,5,0.6,2,6,8,5,2,2,5,3,18,7,0,2007-08,Regular Season,1718,Paul Pierce
22007,1718,0020700534,2008-01-12,BOS @ WAS,L,39,5,13,0.385,2,5,0.4,3,3,1.0,1,3,4,6,1,2,6,3,15,-3,0,2007-08,Regular Season,1718,Paul Pierce
22007,1718,0020700548,2008-01-14,BOS vs. WAS,L,43,7,15,0.467,1,4,0.25,3,4,0.75,1,4,5,2,0,1,3,3,18,-11,0,2007-08,Regular Season,1718,Paul Pierce
22007,1718,0020700566,2008-01-16,BOS vs. POR,W,35,3,11,0.273,0,3,0.0,6,11,0.545,2,6,8,5,0,0,1,2,12,16,0,2007-08,Regular Season,1718,Paul Pierce
22007,1718,0020700576,2008-01-18,BOS vs. PHI,W,30,7,9,0.778,3,3,1.0,5,5,1.0,0,0,0,3,1,1,4,4,22,13,0,2007-08,Regular Season,1718,Paul Pierce
22007,1718,0020700595,2008-01-21,BOS @ NYK,W,31,4,9,0.444,1,4,0.25,1,2,0.5,0,1,1,7,1,0,1,3,10,21,0,2007-08,Regular Season,1718,Paul Pierce
22007,1718,0020700613,2008-01-23,BOS vs. TOR,L,41,8,20,0.4,3,9,0.333,0,0,0.0,1,4,5,9,1,0,4,2,19,-1,0,2007-08,Regular Season,1718,Paul Pierce
22007,1718,0020700628,2008-01-25,BOS vs. MIN,W,42,4,15,0.267,1,3,0.333,10,10,1.0,2,7,9,8,0,0,6,1,19,9,0,2007-08,Regular Season,1718,Paul Pierce
22007,1718,0020700644,2008-01-27,BOS @ ORL,L,41,9,18,0.5,0,2,0.0,6,6,1.0,0,9,9,4,3,1,3,2,24,-3,0,2007-08,Regular Season,1718,Paul Pierce
22007,1718,0020700659,2008-01-29,BOS @ MIA,W,28,2,9,0.222,1,4,0.25,2,2,1.0,1,4,5,4,2,1,2,2,7,28,0,2007-08,Regular Season,1718,Paul Pierce
22007,1718,0020700676,2008-01-31,BOS vs. DAL,W,40,8,19,0.421,1,3,0.333,9,10,0.9,0,6,6,1,1,1,2,2,26,7,0,2007-08,Regular Season,1718,Paul Pierce
22007,1718,0020700708,2008-02-05,BOS @ CLE,L,35,8,15,0.533,2,5,0.4,1,1,1.0,0,2,2,3,1,0,2,4,19,4,0,2007-08,Regular Season,1718,Paul Pierce
22007,1718,0020700715,2008-02-06,BOS vs. LAC,W,25,7,9,0.778,1,1,1.0,0,0,0.0,0,3,3,3,1,1,3,4,15,11,0,2007-08,Regular Season,1718,Paul Pierce
22007,1718,0020700732,2008-02-08,BOS @ MIN,W,33,6,16,0.375,0,1,0.0,6,6,1.0,0,2,2,6,2,0,1,2,18,2,0,2007-08,Regular Season,1718,Paul Pierce
22007,1718,0020700749,2008-02-10,BOS vs. SAS,W,42,11,18,0.611,5,9,0.556,8,12,0.667,0,6,6,0,2,0,5,1,35,6,0,2007-08,Regular Season,1718,Paul Pierce
22007,1718,0020700759,2008-02-12,BOS @ IND,W,41,8,16,0.5,2,5,0.4,10,12,0.833,3,9,12,5,0,1,1,3,28,11,0,2007-08,Regular Season,1718,Paul Pierce
22007,1718,0020700769,2008-02-13,BOS vs. NYK,W,41,6,14,0.429,2,5,0.4,10,10,1.0,0,5,5,7,2,1,6,5,24,-3,0,2007-08,Regular Season,1718,Paul Pierce
22007,1718,0020700785,2008-02-19,BOS @ DEN,L,41,8,18,0.444,2,6,0.333,6,7,0.857,0,6,6,7,0,0,2,4,24,-5,0,2007-08,Regular Season,1718,Paul Pierce
22007,1718,0020700799,2008-02-20,BOS @ GSW,L,37,5,13,0.385,1,4,0.25,12,13,0.923,0,5,5,5,1,0,2,4,23,-4,0,2007-08,Regular Season,1718,Paul Pierce
22007,1718,0020700812,2008-02-22,BOS @ PHX,L,34,2,13,0.154,2,3,0.667,2,2,1.0,2,4,6,2,1,1,3,4,8,-17,0,2007-08,Regular Season,1718,Paul Pierce
22007,1718,0020700827,2008-02-24,BOS @ POR,W,42,12,14,0.857,4,5,0.8,2,2,1.0,0,7,7,5,0,0,6,4,30,14,0,2007-08,Regular Season,1718,Paul Pierce
22007,1718,0020700836,2008-02-25,BOS @ LAC,W,26,5,9,0.556,2,5,0.4,5,6,0.833,0,3,3,2,1,1,2,2,17,18,0,2007-08,Regular Season,1718,Paul Pierce
22007,1718,0020700849,2008-02-27,BOS vs. CLE,W,39,4,14,0.286,1,3,0.333,3,4,0.75,0,2,2,5,1,0,6,5,12,4,0,2007-08,Regular Season,1718,Paul Pierce
22007,1718,0020700859,2008-02-29,BOS vs. CHA,W,41,5,15,0.333,1,5,0.2,2,2,1.0,0,2,2,3,2,0,2,1,13,0,0,2007-08,Regular Season,1718,Paul Pierce
22007,1718,0020700877,2008-03-02,BOS vs. ATL,W,34,10,19,0.526,3,7,0.429,7,8,0.875,2,4,6,1,0,2,2,1,30,7,0,2007-08,Regular Season,1718,Paul Pierce
22007,1718,0020700899,2008-03-05,BOS vs. DET,W,32,5,9,0.556,3,4,0.75,2,2,1.0,1,2,3,5,1,1,0,0,15,12,0,2007-08,Regular Season,1718,Paul Pierce
22007,1718,0020700917,2008-03-07,BOS vs. CHI,W,25,6,12,0.5,2,4,0.5,8,8,1.0,0,2,2,5,1,0,2,4,22,19,0,2007-08,Regular Season,1718,Paul Pierce
22007,1718,0020700929,2008-03-08,BOS @ MEM,W,29,6,12,0.5,4,8,0.5,3,3,1.0,2,2,4,5,1,0,0,1,19,29,0,2007-08,Regular Season,1718,Paul Pierce
22007,1718,0020700939,2008-03-10,BOS @ PHI,W,28,6,11,0.545,3,7,0.429,2,2,1.0,2,2,4,2,1,0,2,4,17,19,0,2007-08,Regular Season,1718,Paul Pierce
22007,1718,0020700954,2008-03-12,BOS vs. SEA,W,26,6,11,0.545,0,3,0.0,2,2,1.0,0,5,5,11,2,1,1,2,14,22,0,2007-08,Regular Season,1718,Paul Pierce
22007,1718,0020700966,2008-03-14,BOS vs. UTA,L,36,1,7,0.143,0,3,0.0,6,7,0.857,0,2,2,4,1,0,5,4,8,-8,0,2007-08,Regular Season,1718,Paul Pierce
22007,1718,0020700980,2008-03-15,BOS @ MIL,W,27,5,8,0.625,0,3,0.0,3,3,1.0,1,6,7,3,0,0,3,1,13,16,0,2007-08,Regular Season,1718,Paul Pierce
22007,1718,0020700997,2008-03-17,BOS @ SAS,W,44,8,13,0.615,1,4,0.25,5,6,0.833,0,8,8,5,1,1,4,5,22,-3,0,2007-08,Regular Season,1718,Paul Pierce
22007,1718,0020701002,2008-03-18,BOS @ HOU,W,35,7,15,0.467,2,6,0.333,4,4,1.0,2,2,4,5,3,0,1,3,20,19,0,2007-08,Regular Season,1718,Paul Pierce
22007,1718,0020701017,2008-03-20,BOS @ DAL,W,37,6,14,0.429,0,3,0.0,10,13,0.769,2,11,13,3,1,3,0,2,22,5,0,2007-08,Regular Season,1718,Paul Pierce
22007,1718,0020701033,2008-03-22,BOS @ NOH,L,38,9,15,0.6,3,5,0.6,7,9,0.778,3,3,6,2,0,0,4,4,28,-6,0,2007-08,Regular Season,1718,Paul Pierce
22007,1718,0020701044,2008-03-24,BOS vs. PHI,L,32,4,6,0.667,3,5,0.6,1,4,0.25,0,3,3,3,2,0,2,2,12,6,0,2007-08,Regular Season,1718,Paul Pierce
22007,1718,0020701063,2008-03-26,BOS vs. PHX,W,38,9,16,0.563,0,1,0.0,9,9,1.0,0,6,6,4,1,1,3,1,27,29,0,2007-08,Regular Season,1718,Paul Pierce
22007,1718,0020701076,2008-03-28,BOS vs. NOH,W,36,7,11,0.636,0,3,0.0,13,13,1.0,0,6,6,9,0,0,1,3,27,28,0,2007-08,Regular Season,1718,Paul Pierce
22007,1718,0020701093,2008-03-30,BOS vs. MIA,W,25,3,7,0.429,2,5,0.4,2,4,0.5,0,1,1,4,2,0,2,0,10,22,0,2007-08,Regular Season,1718,Paul Pierce
22007,1718,0020701109,2008-04-01,BOS @ CHI,W,36,6,9,0.667,4,5,0.8,1,3,0.333,1,0,1,2,1,1,3,1,17,13,0,2007-08,Regular Season,1718,Paul Pierce
22007,1718,0020701116,2008-04-02,BOS vs. IND,W,32,4,11,0.364,2,7,0.286,3,4,0.75,0,5,5,5,0,0,2,2,13,16,0,2007-08,Regular Season,1718,Paul Pierce
22007,1718,0020701157,2008-04-08,BOS @ MIL,W,21,6,11,0.545,2,6,0.333,0,0,0.0,0,2,2,4,1,0,2,2,14,17,0,2007-08,Regular Season,1718,Paul Pierce
22007,1718,0020701166,2008-04-09,BOS @ WAS,L,37,10,15,0.667,6,9,0.667,2,2,1.0,0,2,2,7,1,1,6,3,28,-5,0,2007-08,Regular Season,1718,Paul Pierce
22007,1718,0020701180,2008-04-11,BOS vs. MIL,W,22,5,11,0.455,4,8,0.5,0,0,0.0,0,3,3,2,0,0,0,2,14,15,0,2007-08,Regular Season,1718,Paul Pierce
22007,1718,0020701189,2008-04-12,BOS @ ATL,W,27,3,7,0.429,0,1,0.0,8,8,1.0,2,4,6,2,1,0,2,3,14,-2,0,2007-08,Regular Season,1718,Paul Pierce
22007,1718,0020701221,2008-04-16,BOS vs. NJN,W,17,2,5,0.4,1,2,0.5,2,2,1.0,0,2,2,0,3,0,0,0,7,-1,0,2007-08,Regular Season,1718,Paul Pierce
42007,1718,0040700101,2008-04-20,BOS vs. ATL,W,33,4,10,0.4,3,5,0.6,5,6,0.833,1,2,3,3,1,1,3,4,16,14,0,2007-08,Playoffs,1718,Paul Pierce
42007,1718,0040700102,2008-04-23,BOS vs. ATL,W,28,5,10,0.5,2,4,0.5,2,3,0.667,1,3,4,2,2,0,2,3,14,28,0,2007-08,Playoffs,1718,Paul Pierce
42007,1718,0040700103,2008-04-26,BOS @ ATL,L,36,5,13,0.385,3,6,0.5,4,4,1.0,1,1,2,8,2,0,3,1,17,-5,0,2007-08,Playoffs,1718,Paul Pierce
42007,1718,0040700104,2008-04-28,BOS @ ATL,L,36,5,14,0.357,4,7,0.571,4,8,0.5,3,4,7,5,1,0,3,5,18,3,0,2007-08,Playoffs,1718,Paul Pierce
42007,1718,0040700105,2008-04-30,BOS vs. ATL,W,33,10,17,0.588,0,3,0.0,2,3,0.667,1,6,7,6,0,0,1,5,22,15,0,2007-08,Playoffs,1718,Paul Pierce
42007,1718,0040700106,2008-05-02,BOS @ ATL,L,35,7,12,0.583,1,2,0.5,2,4,0.5,1,0,1,6,0,0,2,6,17,1,0,2007-08,Playoffs,1718,Paul Pierce
42007,1718,0040700107,2008-05-04,BOS vs. ATL,W,33,7,20,0.35,2,9,0.222,6,7,0.857,1,7,8,3,2,0,2,1,22,33,0,2007-08,Playoffs,1718,Paul Pierce
42007,1718,0040700201,2008-05-06,BOS vs. CLE,W,29,2,14,0.143,0,3,0.0,0,0,0.0,1,4,5,4,0,0,6,3,4,-14,0,2007-08,Playoffs,1718,Paul Pierce
42007,1718,0040700202,2008-05-08,BOS vs. CLE,W,36,7,13,0.538,1,5,0.2,4,6,0.667,0,6,6,2,2,1,0,1,19,12,0,2007-08,Playoffs,1718,Paul Pierce
42007,1718,0040700203,2008-05-10,BOS @ CLE,L,37,3,8,0.375,2,5,0.4,6,6,1.0,2,1,3,5,2,0,4,5,14,-32,0,2007-08,Playoffs,1718,Paul Pierce
42007,1718,0040700204,2008-05-12,BOS @ CLE,L,41,6,17,0.353,0,3,0.0,1,2,0.5,0,5,5,3,0,0,1,2,13,-6,0,2007-08,Playoffs,1718,Paul Pierce
42007,1718,0040700205,2008-05-14,BOS vs. CLE,W,42,8,19,0.421,2,5,0.4,11,13,0.846,0,7,7,3,0,0,3,5,29,9,0,2007-08,Playoffs,1718,Paul Pierce
42007,1718,0040700206,2008-05-16,BOS @ CLE,L,40,5,15,0.333,2,6,0.333,4,4,1.0,1,4,5,3,2,0,6,4,16,-11,0,2007-08,Playoffs,1718,Paul Pierce
42007,1718,0040700207,2008-05-18,BOS vs. CLE,W,44,13,23,0.565,4,6,0.667,11,12,0.917,1,3,4,5,2,0,4,4,41,10,0,2007-08,Playoffs,1718,Paul Pierce
42007,1718,0040700301,2008-05-20,BOS vs. DET,W,44,9,18,0.5,0,4,0.0,4,6,0.667,0,6,6,6,0,0,5,0,22,14,0,2007-08,Playoffs,1718,Paul Pierce
42007,1718,0040700302,2008-05-22,BOS vs. DET,L,47,9,16,0.563,2,6,0.333,6,6,1.0,1,3,4,5,0,1,4,4,26,0,0,2007-08,Playoffs,1718,Paul Pierce
42007,1718,0040700303,2008-05-24,BOS @ DET,W,38,4,6,0.667,2,3,0.667,1,2,0.5,1,3,4,2,2,1,5,3,11,12,0,2007-08,Playoffs,1718,Paul Pierce
42007,1718,0040700304,2008-05-26,BOS @ DET,L,39,3,14,0.214,0,3,0.0,10,11,0.909,2,6,8,1,0,1,4,4,16,-12,0,2007-08,Playoffs,1718,Paul Pierce
42007,1718,0040700305,2008-05-28,BOS vs. DET,W,44,5,11,0.455,1,3,0.333,5,8,0.625,0,5,5,6,1,0,1,3,16,8,0,2007-08,Playoffs,1718,Paul Pierce
42007,1718,0040700306,2008-05-30,BOS @ DET,W,43,8,12,0.667,1,3,0.333,10,13,0.769,0,8,8,3,2,1,1,3,27,4,0,2007-08,Playoffs,1718,Paul Pierce
42007,1718,0040700401,2008-06-05,BOS vs. LAL,W,31,7,10,0.7,3,4,0.75,5,7,0.714,0,4,4,2,1,0,3,4,22,10,0,2007-08,Playoffs,1718,Paul Pierce
42007,1718,0040700402,2008-06-08,BOS vs. LAL,W,41,9,16,0.563,4,4,1.0,6,7,0.857,0,4,4,8,1,1,5,4,28,7,0,2007-08,Playoffs,1718,Paul Pierce
42007,1718,0040700403,2008-06-10,BOS @ LAL,L,32,2,14,0.143,0,4,0.0,2,3,0.667,1,5,6,3,1,0,3,5,6,-5,0,2007-08,Playoffs,1718,Paul Pierce
42007,1718,0040700404,2008-06-12,BOS @ LAL,W,42,6,13,0.462,0,3,0.0,8,9,0.889,0,4,4,7,1,1,4,4,20,9,0,2007-08,Playoffs,1718,Paul Pierce
42007,1718,0040700405,2008-06-15,BOS @ LAL,L,48,10,22,0.455,2,6,0.333,16,19,0.842,1,5,6,8,1,0,5,5,38,-4,0,2007-08,Playoffs,1718,Paul Pierce
42007,1718,0040700406,2008-06-17,BOS vs. LAL,W,39,4,13,0.308,2,7,0.286,7,8,0.875,1,2,3,10,2,0,2,2,17,35,0,2007-08,Playoffs,1718,Paul Pierce
22007,947,0020700011,2007-10-31,DEN vs. SEA,W,36,9,22,0.409,0,3,0.0,7,9,0.778,0,5,5,14,7,0,7,2,25,20,0,2007-08,Regular Season,947,Allen Iverson
22007,947,0020700023,2007-11-02,DEN @ MIN,W,38,4,14,0.286,1,4,0.25,15,16,0.938,1,2,3,8,3,1,1,1,24,5,0,2007-08,Regular Season,947,Allen Iverson
22007,947,0020700040,2007-11-04,DEN vs. NOH,L,47,8,25,0.32,2,6,0.333,5,6,0.833,0,5,5,8,1,0,4,1,23,-4,0,2007-08,Regular Season,947,Allen Iverson
22007,947,0020700046,2007-11-06,DEN @ NYK,L,45,13,22,0.591,1,2,0.5,5,9,0.556,2,2,4,5,4,0,3,2,32,1,0,2007-08,Regular Season,947,Allen Iverson
22007,947,0020700058,2007-11-07,DEN @ BOS,L,33,6,11,0.545,2,6,0.333,8,11,0.727,0,0,0,4,3,0,4,3,22,-26,0,2007-08,Regular Season,947,Allen Iverson
22007,947,0020700071,2007-11-09,DEN @ WAS,W,36,5,13,0.385,1,3,0.333,4,4,1.0,0,2,2,8,2,0,5,1,15,20,0,2007-08,Regular Season,947,Allen Iverson
22007,947,0020700080,2007-11-10,DEN @ IND,W,43,7,17,0.412,3,8,0.375,10,12,0.833,0,5,5,10,3,0,4,2,27,13,0,2007-08,Regular Season,947,Allen Iverson
22007,947,0020700094,2007-11-12,DEN vs. CLE,W,36,14,20,0.7,2,4,0.5,7,8,0.875,0,3,3,8,2,0,4,0,37,28,0,2007-08,Regular Season,947,Allen Iverson
22007,947,0020700114,2007-11-14,DEN vs. POR,W,34,8,19,0.421,0,1,0.0,4,4,1.0,1,1,2,7,1,1,0,0,20,19,0,2007-08,Regular Season,947,Allen Iverson
22007,947,0020700139,2007-11-17,DEN vs. NYK,W,35,7,13,0.538,1,3,0.333,8,9,0.889,1,0,1,4,0,0,4,1,23,25,0,2007-08,Regular Season,947,Allen Iverson
22007,947,0020700155,2007-11-20,DEN vs. CHI,W,35,6,13,0.462,0,0,0.0,10,10,1.0,0,1,1,6,3,0,5,1,22,33,0,2007-08,Regular Season,947,Allen Iverson
22007,947,0020700169,2007-11-21,DEN @ LAC,L,43,11,19,0.579,0,1,0.0,7,12,0.583,1,4,5,9,3,0,8,4,29,-13,0,2007-08,Regular Season,947,Allen Iverson
22007,947,0020700177,2007-11-23,DEN vs. MIN,W,40,2,12,0.167,0,2,0.0,9,11,0.818,0,1,1,10,1,0,3,2,13,-1,0,2007-08,Regular Season,947,Allen Iverson
22007,947,0020700189,2007-11-24,DEN @ HOU,L,35,7,18,0.389,0,0,0.0,4,6,0.667,0,3,3,0,2,0,3,0,18,-25,0,2007-08,Regular Season,947,Allen Iverson
22007,947,0020700209,2007-11-27,DEN vs. IND,L,46,6,21,0.286,2,4,0.5,12,14,0.857,1,6,7,8,3,1,3,2,26,-5,0,2007-08,Regular Season,947,Allen Iverson
22007,947,0020700222,2007-11-29,DEN @ LAL,L,37,8,18,0.444,0,1,0.0,5,10,0.5,1,3,4,6,3,0,3,0,21,-14,0,2007-08,Regular Season,947,Allen Iverson
22007,947,0020700233,2007-11-30,DEN vs. LAC,W,41,11,26,0.423,0,2,0.0,4,6,0.667,0,3,3,7,0,0,4,0,26,16,0,2007-08,Regular Season,947,Allen Iverson
22007,947,0020700247,2007-12-02,DEN vs. MIA,W,36,9,19,0.474,2,3,0.667,0,0,0.0,1,0,1,5,1,0,1,0,20,29,0,2007-08,Regular Season,947,Allen Iverson
22007,947,0020700270,2007-12-05,DEN vs. LAL,L,48,18,27,0.667,0,1,0.0,15,18,0.833,0,2,2,8,1,0,5,4,51,-4,0,2007-08,Regular Season,947,Allen Iverson
22007,947,0020700274,2007-12-06,DEN @ DAL,W,43,12,19,0.632,0,0,0.0,11,13,0.846,0,1,1,12,6,0,5,2,35,16,0,2007-08,Regular Season,947,Allen Iverson
22007,947,0020700293,2007-12-08,DEN vs. SAC,W,45,7,16,0.438,1,3,0.333,8,8,1.0,2,2,4,10,1,0,5,2,23,6,0,2007-08,Regular Season,947,Allen Iverson
22007,947,0020700322,2007-12-12,DEN vs. NOH,W,45,8,16,0.5,0,2,0.0,6,6,1.0,0,3,3,11,2,0,3,2,22,9,0,2007-08,Regular Season,947,Allen Iverson
22007,947,0020700348,2007-12-15,DEN @ SAS,L,44,10,22,0.455,1,2,0.5,9,11,0.818,0,3,3,5,3,0,7,3,30,-13,0,2007-08,Regular Season,947,Allen Iverson
22007,947,0020700352,2007-12-16,DEN vs. POR,L,46,11,22,0.5,3,6,0.5,13,15,0.867,0,2,2,6,3,0,3,0,38,-12,0,2007-08,Regular Season,947,Allen Iverson
22007,947,0020700380,2007-12-20,DEN vs. HOU,W,57,14,30,0.467,0,4,0.0,8,8,1.0,1,4,5,9,2,0,1,0,36,6,0,2007-08,Regular Season,947,Allen Iverson
22007,947,0020700389,2007-12-21,DEN @ POR,L,45,11,26,0.423,1,5,0.2,11,12,0.917,0,4,4,3,2,0,2,1,34,-5,0,2007-08,Regular Season,947,Allen Iverson
22007,947,0020700404,2007-12-23,DEN @ SAC,W,44,6,21,0.286,2,7,0.286,7,7,1.0,0,2,2,6,3,1,2,1,21,-1,0,2007-08,Regular Season,947,Allen Iverson
22007,947,0020700415,2007-12-26,DEN vs. MIL,W,36,11,21,0.524,0,1,0.0,2,3,0.667,0,1,1,6,2,0,2,1,24,22,0,2007-08,Regular Season,947,Allen Iverson
22007,947,0020700433,2007-12-28,DEN @ GSW,W,45,12,21,0.571,2,4,0.5,13,15,0.867,0,2,2,6,1,0,4,1,39,2,0,2007-08,Regular Season,947,Allen Iverson
22007,947,0020700445,2007-12-30,DEN vs. GSW,L,43,2,12,0.167,0,0,0.0,9,12,0.75,2,4,6,5,4,0,5,0,13,-18,0,2007-08,Regular Season,947,Allen Iverson
22007,947,0020700470,2008-01-03,DEN vs. SAS,W,45,10,18,0.556,1,3,0.333,8,8,1.0,0,0,0,3,1,0,1,1,29,9,0,2007-08,Regular Season,947,Allen Iverson
22007,947,0020700478,2008-01-04,DEN @ MIN,W,42,10,21,0.476,4,8,0.5,9,10,0.9,1,2,3,4,0,0,0,1,33,5,0,2007-08,Regular Season,947,Allen Iverson
22007,947,0020700496,2008-01-06,DEN vs. PHI,W,44,14,25,0.56,3,6,0.5,7,8,0.875,0,1,1,8,1,1,3,1,38,6,0,2007-08,Regular Season,947,Allen Iverson
22007,947,0020700498,2008-01-07,DEN @ PHX,L,39,10,20,0.5,2,4,0.5,10,13,0.769,1,1,2,3,0,0,1,0,32,-21,0,2007-08,Regular Season,947,Allen Iverson
22007,947,0020700530,2008-01-11,DEN vs. ORL,W,43,6,15,0.4,1,3,0.333,8,13,0.615,2,3,5,13,1,1,2,3,21,2,0,2007-08,Regular Season,947,Allen Iverson
22007,947,0020700547,2008-01-14,DEN @ CHA,L,44,9,20,0.45,0,3,0.0,5,6,0.833,1,1,2,6,1,0,1,1,23,-12,0,2007-08,Regular Season,947,Allen Iverson
22007,947,0020700554,2008-01-15,DEN @ ATL,L,44,9,18,0.5,2,4,0.5,7,11,0.636,0,0,0,4,0,1,4,0,27,-10,0,2007-08,Regular Season,947,Allen Iverson
22007,947,0020700571,2008-01-17,DEN vs. UTA,W,45,9,19,0.474,0,2,0.0,10,12,0.833,1,3,4,9,3,0,3,3,28,22,0,2007-08,Regular Season,947,Allen Iverson
22007,947,0020700592,2008-01-19,DEN vs. MIN,W,43,11,26,0.423,2,4,0.5,11,14,0.786,3,3,6,5,2,0,4,2,35,11,0,2007-08,Regular Season,947,Allen Iverson
22007,947,0020700607,2008-01-21,DEN @ LAL,L,41,8,23,0.348,0,2,0.0,8,11,0.727,1,2,3,7,1,0,2,1,24,-16,0,2007-08,Regular Season,947,Allen Iverson
22007,947,0020700619,2008-01-23,DEN vs. ATL,W,45,6,21,0.286,2,5,0.4,15,18,0.833,0,2,2,6,3,0,3,1,29,3,0,2007-08,Regular Season,947,Allen Iverson
22007,947,0020700634,2008-01-25,DEN vs. NJN,W,43,8,21,0.381,1,3,0.333,13,15,0.867,0,2,2,5,3,0,1,0,30,11,0,2007-08,Regular Season,947,Allen Iverson
22007,947,0020700647,2008-01-27,DEN @ DAL,L,44,7,17,0.412,0,1,0.0,9,13,0.692,0,3,3,9,3,0,5,2,23,2,0,2007-08,Regular Season,947,Allen Iverson
22007,947,0020700653,2008-01-28,DEN @ NOH,L,39,8,16,0.5,1,5,0.2,6,6,1.0,1,0,1,3,3,0,4,2,23,-22,0,2007-08,Regular Season,947,Allen Iverson
22007,947,0020700668,2008-01-30,DEN @ MEM,W,48,11,26,0.423,0,3,0.0,10,12,0.833,0,3,3,12,4,0,5,0,32,4,0,2007-08,Regular Season,947,Allen Iverson
22007,947,0020700693,2008-02-02,DEN vs. CHA,W,44,6,19,0.316,0,3,0.0,12,14,0.857,1,5,6,13,5,0,1,1,24,16,0,2007-08,Regular Season,947,Allen Iverson
22007,947,0020700705,2008-02-04,DEN @ POR,W,50,10,28,0.357,3,6,0.5,2,2,1.0,2,4,6,8,3,0,5,3,25,15,0,2007-08,Regular Season,947,Allen Iverson
22007,947,0020700719,2008-02-06,DEN vs. UTA,L,52,9,27,0.333,5,7,0.714,11,16,0.688,2,1,3,10,3,0,4,2,34,-5,0,2007-08,Regular Season,947,Allen Iverson
22007,947,0020700736,2008-02-08,DEN vs. WAS,W,43,7,9,0.778,0,1,0.0,4,5,0.8,1,3,4,11,0,0,6,0,18,9,0,2007-08,Regular Season,947,Allen Iverson
22007,947,0020700744,2008-02-10,DEN @ CLE,W,36,9,18,0.5,2,3,0.667,5,6,0.833,1,0,1,13,2,0,0,2,25,28,0,2007-08,Regular Season,947,Allen Iverson
22007,947,0020700761,2008-02-12,DEN @ MIA,W,50,5,20,0.25,0,1,0.0,6,6,1.0,0,6,6,7,0,0,2,0,16,4,0,2007-08,Regular Season,947,Allen Iverson
22007,947,0020700767,2008-02-13,DEN @ ORL,L,44,5,16,0.313,0,1,0.0,11,13,0.846,0,1,1,7,1,1,4,2,21,-9,0,2007-08,Regular Season,947,Allen Iverson
22007,947,0020700785,2008-02-19,DEN vs. BOS,W,45,7,16,0.438,0,1,0.0,14,20,0.7,1,6,7,9,0,0,4,3,28,12,0,2007-08,Regular Season,947,Allen Iverson
22007,947,0020700809,2008-02-22,DEN @ CHI,L,44,10,17,0.588,0,3,0.0,9,11,0.818,1,3,4,9,0,0,3,0,29,-16,0,2007-08,Regular Season,947,Allen Iverson
22007,947,0020700819,2008-02-23,DEN @ MIL,L,44,8,20,0.4,0,2,0.0,10,11,0.909,1,1,2,5,1,0,2,1,26,-9,0,2007-08,Regular Season,947,Allen Iverson
22007,947,0020700835,2008-02-25,DEN vs. DET,L,45,7,19,0.368,2,6,0.333,12,13,0.923,2,2,4,7,3,0,2,2,28,-5,0,2007-08,Regular Season,947,Allen Iverson
22007,947,0020700853,2008-02-27,DEN @ SEA,W,35,13,18,0.722,3,5,0.6,2,3,0.667,0,5,5,6,1,0,5,2,31,29,0,2007-08,Regular Season,947,Allen Iverson
22007,947,0020700866,2008-02-29,DEN vs. LAC,W,45,13,22,0.591,2,6,0.333,10,11,0.909,1,3,4,6,1,0,2,1,38,11,0,2007-08,Regular Season,947,Allen Iverson
22007,947,0020700883,2008-03-02,DEN @ HOU,L,42,7,22,0.318,1,7,0.143,2,3,0.667,1,2,3,4,3,0,4,0,17,-13,0,2007-08,Regular Season,947,Allen Iverson
22007,947,0020700906,2008-03-05,DEN vs. PHX,W,43,12,25,0.48,0,0,0.0,7,9,0.778,0,5,5,12,1,0,0,1,31,1,0,2007-08,Regular Season,947,Allen Iverson
22007,947,0020700922,2008-03-07,DEN vs. SAS,W,44,10,16,0.625,2,3,0.667,7,10,0.7,0,2,2,9,0,0,2,1,29,9,0,2007-08,Regular Season,947,Allen Iverson
22007,947,0020700932,2008-03-08,DEN @ UTA,L,30,10,17,0.588,1,3,0.333,7,10,0.7,1,1,2,4,0,0,2,1,28,-22,0,2007-08,Regular Season,947,Allen Iverson
22007,947,0020700945,2008-03-10,DEN @ SAS,L,43,9,22,0.409,3,6,0.5,7,7,1.0,0,5,5,4,1,1,2,2,28,-10,0,2007-08,Regular Season,947,Allen Iverson
22007,947,0020700961,2008-03-12,DEN vs. MEM,W,31,2,12,0.167,0,2,0.0,4,6,0.667,0,0,0,8,0,0,1,1,8,26,0,2007-08,Regular Season,947,Allen Iverson
22007,947,0020700974,2008-03-14,DEN vs. TOR,W,32,9,12,0.75,0,1,0.0,10,10,1.0,0,0,0,5,2,1,2,2,28,27,0,2007-08,Regular Season,947,Allen Iverson
22007,947,0020700989,2008-03-16,DEN vs. SEA,W,27,8,14,0.571,0,0,0.0,8,8,1.0,0,1,1,6,0,0,2,0,24,40,0,2007-08,Regular Season,947,Allen Iverson
22007,947,0020700999,2008-03-18,DEN @ DET,L,41,5,11,0.455,0,0,0.0,10,13,0.769,0,2,2,11,2,0,3,0,20,-7,0,2007-08,Regular Season,947,Allen Iverson
22007,947,0020701007,2008-03-19,DEN @ PHI,L,43,13,24,0.542,3,5,0.6,3,5,0.6,1,1,2,8,3,0,2,3,32,0,0,2007-08,Regular Season,947,Allen Iverson
22007,947,0020701021,2008-03-21,DEN @ NJN,W,45,8,18,0.444,0,1,0.0,10,11,0.909,0,1,1,9,4,0,2,4,26,15,0,2007-08,Regular Season,947,Allen Iverson
22007,947,0020701041,2008-03-23,DEN @ TOR,W,43,11,16,0.688,5,8,0.625,9,11,0.818,0,2,2,6,0,0,4,3,36,6,0,2007-08,Regular Season,947,Allen Iverson
22007,947,0020701048,2008-03-24,DEN @ MEM,W,41,8,21,0.381,3,9,0.333,7,7,1.0,0,1,1,7,3,0,0,1,26,18,0,2007-08,Regular Season,947,Allen Iverson
22007,947,0020701071,2008-03-27,DEN vs. DAL,W,44,11,21,0.524,3,3,1.0,6,6,1.0,0,3,3,5,1,0,2,1,31,16,0,2007-08,Regular Season,947,Allen Iverson
22007,947,0020701087,2008-03-29,DEN vs. GSW,W,45,4,20,0.2,1,5,0.2,5,6,0.833,3,4,7,8,2,0,3,2,14,6,0,2007-08,Regular Season,947,Allen Iverson
22007,947,0020701103,2008-03-31,DEN @ PHX,L,43,9,19,0.474,0,0,0.0,3,5,0.6,0,0,0,7,2,0,6,1,21,-14,0,2007-08,Regular Season,947,Allen Iverson
22007,947,0020701111,2008-04-01,DEN vs. PHX,W,41,9,18,0.5,2,4,0.5,11,11,1.0,0,1,1,3,2,0,3,1,31,12,0,2007-08,Regular Season,947,Allen Iverson
22007,947,0020701142,2008-04-05,DEN vs. SAC,L,43,4,11,0.364,2,7,0.286,3,5,0.6,1,1,2,6,1,1,3,3,13,6,0,2007-08,Regular Season,947,Allen Iverson
22007,947,0020701151,2008-04-06,DEN @ SEA,L,56,7,21,0.333,2,8,0.25,10,15,0.667,0,3,3,13,4,0,2,2,26,-1,0,2007-08,Regular Season,947,Allen Iverson
22007,947,0020701162,2008-04-08,DEN @ LAC,W,40,6,18,0.333,0,3,0.0,9,10,0.9,2,5,7,9,2,0,0,1,21,28,0,2007-08,Regular Season,947,Allen Iverson
22007,947,0020701173,2008-04-10,DEN @ GSW,W,48,12,21,0.571,1,2,0.5,8,12,0.667,0,3,3,9,3,0,2,1,33,9,0,2007-08,Regular Season,947,Allen Iverson
22007,947,0020701193,2008-04-12,DEN @ UTA,L,38,9,16,0.563,1,4,0.25,9,14,0.643,0,2,2,2,2,0,5,2,28,-24,0,2007-08,Regular Season,947,Allen Iverson
22007,947,0020701201,2008-04-13,DEN vs. HOU,W,42,13,20,0.65,1,4,0.25,6,11,0.545,0,7,7,7,4,1,4,0,33,22,0,2007-08,Regular Season,947,Allen Iverson
22007,947,0020701228,2008-04-16,DEN vs. MEM,W,20,8,11,0.727,1,1,1.0,4,6,0.667,0,2,2,2,0,0,0,0,21,8,0,2007-08,Regular Season,947,Allen Iverson
42007,947,0040700141,2008-04-20,DEN @ LAL,L,42,11,24,0.458,1,2,0.5,7,13,0.538,2,3,5,7,0,1,2,1,30,-8,0,2007-08,Playoffs,947,Allen Iverson
42007,947,0040700142,2008-04-23,DEN @ LAL,L,41,10,21,0.476,1,6,0.167,10,13,0.769,0,1,1,6,3,0,3,1,31,-14,0,2007-08,Playoffs,947,Allen Iverson
42007,947,0040700143,2008-04-26,DEN vs. LAL,L,32,5,16,0.313,1,3,0.333,4,4,1.0,1,3,4,3,1,0,1,1,15,-17,0,2007-08,Playoffs,947,Allen Iverson
42007,947,0040700144,2008-04-28,DEN vs. LAL,L,43,10,22,0.455,0,3,0.0,2,3,0.667,1,1,2,2,0,0,1,0,22,-9,0,2007-08,Playoffs,947,Allen Iverson
22007,1503,0020700002,2007-10-30,HOU @ LAL,W,40,10,20,0.5,0,4,0.0,10,12,0.833,0,6,6,4,0,0,3,4,30,-4,0,2007-08,Regular Season,1503,Tracy McGrady
22007,1503,0020700013,2007-11-01,HOU @ UTA,W,40,17,27,0.63,2,5,0.4,11,14,0.786,1,3,4,4,0,0,1,2,47,6,0,2007-08,Regular Season,1503,Tracy McGrady
22007,1503,0020700032,2007-11-03,HOU vs. POR,W,38,8,23,0.348,2,5,0.4,2,2,1.0,1,2,3,6,1,0,2,2,20,5,0,2007-08,Regular Season,1503,Tracy McGrady
22007,1503,0020700043,2007-11-05,HOU @ DAL,L,38,12,31,0.387,1,5,0.2,10,11,0.909,0,3,3,8,2,0,2,1,35,-4,0,2007-08,Regular Season,1503,Tracy McGrady
22007,1503,0020700050,2007-11-06,HOU vs. SAS,W,37,4,14,0.286,2,4,0.5,2,4,0.5,2,7,9,6,2,0,3,0,12,-2,0,2007-08,Regular Season,1503,Tracy McGrady
22007,1503,0020700074,2007-11-09,HOU vs. MIL,W,37,9,18,0.5,2,4,0.5,1,2,0.5,1,7,8,8,1,1,4,3,21,10,0,2007-08,Regular Season,1503,Tracy McGrady
22007,1503,0020700089,2007-11-11,HOU @ CHA,W,36,9,20,0.45,1,3,0.333,7,9,0.778,2,6,8,4,1,0,3,0,26,8,0,2007-08,Regular Season,1503,Tracy McGrady
22007,1503,0020700099,2007-11-13,HOU @ MEM,L,36,16,28,0.571,3,7,0.429,6,10,0.6,0,4,4,4,2,0,1,0,41,-1,0,2007-08,Regular Season,1503,Tracy McGrady
22007,1503,0020700113,2007-11-14,HOU vs. LAL,L,19,3,7,0.429,2,4,0.5,1,2,0.5,0,1,1,2,1,1,1,1,9,-3,0,2007-08,Regular Season,1503,Tracy McGrady
22007,1503,0020700160,2007-11-21,HOU vs. DAL,L,38,6,19,0.316,1,5,0.2,2,4,0.5,0,7,7,12,2,1,6,2,15,4,0,2007-08,Regular Season,1503,Tracy McGrady
22007,1503,0020700173,2007-11-23,HOU @ MIA,L,41,7,20,0.35,0,4,0.0,5,10,0.5,2,4,6,4,1,1,3,4,19,-10,0,2007-08,Regular Season,1503,Tracy McGrady
22007,1503,0020700189,2007-11-24,HOU vs. DEN,W,34,13,23,0.565,1,4,0.25,8,9,0.889,0,5,5,2,1,0,2,1,35,30,0,2007-08,Regular Season,1503,Tracy McGrady
22007,1503,0020700202,2007-11-26,HOU @ LAC,W,42,13,26,0.5,2,5,0.4,8,8,1.0,0,8,8,6,1,1,4,2,36,17,0,2007-08,Regular Season,1503,Tracy McGrady
22007,1503,0020700217,2007-11-28,HOU @ PHX,W,35,7,19,0.368,1,2,0.5,3,8,0.375,0,8,8,6,1,1,3,2,18,-5,0,2007-08,Regular Season,1503,Tracy McGrady
22007,1503,0020700223,2007-11-29,HOU @ GSW,L,34,5,14,0.357,0,2,0.0,1,2,0.5,0,2,2,6,0,0,2,4,11,-5,0,2007-08,Regular Season,1503,Tracy McGrady
22007,1503,0020700241,2007-12-01,HOU @ SAC,L,41,14,30,0.467,5,10,0.5,7,8,0.875,0,5,5,4,1,0,5,1,40,-13,0,2007-08,Regular Season,1503,Tracy McGrady
22007,1503,0020700268,2007-12-05,HOU vs. MEM,W,42,7,22,0.318,1,6,0.167,2,4,0.5,0,10,10,12,2,2,0,1,17,12,0,2007-08,Regular Season,1503,Tracy McGrady
22007,1503,0020700281,2007-12-07,HOU @ NJN,W,42,9,16,0.563,3,4,0.75,3,5,0.6,0,1,1,6,1,0,3,2,24,7,0,2007-08,Regular Season,1503,Tracy McGrady
22007,1503,0020700294,2007-12-09,HOU @ TOR,L,37,7,21,0.333,1,6,0.167,8,10,0.8,0,4,4,3,2,0,4,2,23,-16,0,2007-08,Regular Season,1503,Tracy McGrady
22007,1503,0020700301,2007-12-10,HOU @ PHI,L,25,5,8,0.625,0,1,0.0,2,2,1.0,0,1,1,3,1,0,4,0,12,-26,0,2007-08,Regular Season,1503,Tracy McGrady
22007,1503,0020700321,2007-12-12,HOU vs. DET,W,42,13,25,0.52,3,6,0.5,0,5,0.0,0,3,3,6,2,0,3,1,29,5,0,2007-08,Regular Season,1503,Tracy McGrady
22007,1503,0020700347,2007-12-15,HOU vs. DAL,L,38,5,18,0.278,1,6,0.167,1,2,0.5,0,5,5,3,0,1,1,2,12,-20,0,2007-08,Regular Season,1503,Tracy McGrady
22007,1503,0020700374,2007-12-19,HOU vs. ORL,L,18,1,10,0.1,1,3,0.333,0,0,0.0,0,2,2,1,4,1,0,0,3,-1,0,2007-08,Regular Season,1503,Tracy McGrady
22007,1503,0020700396,2007-12-22,HOU @ CHI,W,30,8,18,0.444,1,3,0.333,3,3,1.0,0,4,4,8,2,0,0,0,20,4,0,2007-08,Regular Season,1503,Tracy McGrady
22007,1503,0020700401,2007-12-23,HOU @ DET,L,20,6,10,0.6,0,1,0.0,2,3,0.667,0,1,1,0,0,1,1,1,14,-7,0,2007-08,Regular Season,1503,Tracy McGrady
22007,1503,0020700590,2008-01-19,HOU vs. SAS,W,27,4,12,0.333,1,5,0.2,0,0,0.0,0,4,4,4,0,1,0,0,9,3,0,2007-08,Regular Season,1503,Tracy McGrady
22007,1503,0020700600,2008-01-21,HOU vs. SEA,W,30,7,15,0.467,0,2,0.0,3,4,0.75,0,6,6,5,0,2,3,3,17,6,0,2007-08,Regular Season,1503,Tracy McGrady
22007,1503,0020700620,2008-01-23,HOU @ SEA,W,35,13,23,0.565,1,3,0.333,1,6,0.167,1,3,4,5,0,0,1,0,28,4,0,2007-08,Regular Season,1503,Tracy McGrady
22007,1503,0020700636,2008-01-25,HOU @ POR,W,36,5,14,0.357,2,6,0.333,3,3,1.0,0,4,4,5,0,1,5,3,15,2,0,2007-08,Regular Season,1503,Tracy McGrady
22007,1503,0020700649,2008-01-27,HOU vs. UTA,L,39,10,24,0.417,1,7,0.143,0,3,0.0,0,6,6,9,0,0,4,2,21,-6,0,2007-08,Regular Season,1503,Tracy McGrady
22007,1503,0020700682,2008-02-01,HOU @ IND,W,38,6,19,0.316,3,6,0.5,4,4,1.0,0,5,5,9,3,0,2,2,19,6,0,2007-08,Regular Season,1503,Tracy McGrady
22007,1503,0020700692,2008-02-02,HOU @ MIL,W,42,14,27,0.519,2,5,0.4,3,4,0.75,3,8,11,6,1,1,3,2,33,4,0,2007-08,Regular Season,1503,Tracy McGrady
22007,1503,0020700702,2008-02-04,HOU @ MIN,W,43,10,21,0.476,4,6,0.667,2,2,1.0,1,5,6,7,0,1,7,2,26,7,0,2007-08,Regular Season,1503,Tracy McGrady
22007,1503,0020700724,2008-02-07,HOU vs. CLE,W,32,3,11,0.273,1,5,0.2,1,2,0.5,0,7,7,4,0,0,2,0,8,12,0,2007-08,Regular Season,1503,Tracy McGrady
22007,1503,0020700741,2008-02-09,HOU vs. ATL,W,30,5,14,0.357,2,7,0.286,3,4,0.75,0,4,4,8,0,0,2,2,15,28,0,2007-08,Regular Season,1503,Tracy McGrady
22007,1503,0020700756,2008-02-11,HOU vs. POR,W,40,6,15,0.4,0,4,0.0,0,0,0.0,1,3,4,6,2,1,1,1,12,17,0,2007-08,Regular Season,1503,Tracy McGrady
22007,1503,0020700773,2008-02-13,HOU vs. SAC,W,41,3,12,0.25,1,5,0.2,3,4,0.75,0,6,6,5,3,0,3,2,10,-2,0,2007-08,Regular Season,1503,Tracy McGrady
22007,1503,0020700781,2008-02-19,HOU @ CLE,W,41,6,21,0.286,0,4,0.0,5,8,0.625,1,1,2,8,1,2,3,1,17,4,0,2007-08,Regular Season,1503,Tracy McGrady
22007,1503,0020700800,2008-02-21,HOU vs. MIA,W,39,8,19,0.421,1,4,0.25,6,7,0.857,1,2,3,10,2,0,1,0,23,23,0,2007-08,Regular Season,1503,Tracy McGrady
22007,1503,0020700811,2008-02-22,HOU @ NOH,W,41,14,26,0.538,3,6,0.5,3,5,0.6,1,2,3,6,0,0,2,2,34,12,0,2007-08,Regular Season,1503,Tracy McGrady
22007,1503,0020700829,2008-02-24,HOU vs. CHI,W,35,7,13,0.538,2,3,0.667,8,12,0.667,0,4,4,8,2,0,1,1,24,13,0,2007-08,Regular Season,1503,Tracy McGrady
22007,1503,0020700842,2008-02-26,HOU vs. WAS,W,35,4,15,0.267,1,4,0.25,2,4,0.5,0,6,6,2,1,1,2,2,11,13,0,2007-08,Regular Season,1503,Tracy McGrady
22007,1503,0020700864,2008-02-29,HOU vs. MEM,W,29,10,18,0.556,2,5,0.4,3,4,0.75,1,5,6,6,1,2,2,2,25,24,0,2007-08,Regular Season,1503,Tracy McGrady
22007,1503,0020700883,2008-03-02,HOU vs. DEN,W,41,10,21,0.476,1,6,0.167,1,2,0.5,2,4,6,6,3,0,6,0,22,17,0,2007-08,Regular Season,1503,Tracy McGrady
22007,1503,0020700905,2008-03-05,HOU vs. IND,W,35,10,22,0.455,4,9,0.444,1,2,0.5,1,5,6,5,0,0,3,1,25,15,0,2007-08,Regular Season,1503,Tracy McGrady
22007,1503,0020700911,2008-03-06,HOU @ DAL,W,41,13,23,0.565,1,3,0.333,4,5,0.8,1,2,3,9,0,0,1,0,31,24,0,2007-08,Regular Season,1503,Tracy McGrady
22007,1503,0020700930,2008-03-08,HOU vs. NOH,W,48,17,27,0.63,3,8,0.375,4,4,1.0,0,6,6,9,0,2,3,0,41,10,0,2007-08,Regular Season,1503,Tracy McGrady
22007,1503,0020700943,2008-03-10,HOU vs. NJN,W,29,6,14,0.429,1,3,0.333,6,7,0.857,0,4,4,4,1,0,2,1,19,14,0,2007-08,Regular Season,1503,Tracy McGrady
22007,1503,0020700952,2008-03-12,HOU @ ATL,W,41,10,28,0.357,1,5,0.2,7,12,0.583,3,6,9,2,2,0,1,2,28,1,0,2007-08,Regular Season,1503,Tracy McGrady
22007,1503,0020700972,2008-03-14,HOU vs. CHA,W,48,12,25,0.48,1,5,0.2,5,8,0.625,0,7,7,4,1,0,3,1,30,9,0,2007-08,Regular Season,1503,Tracy McGrady
22007,1503,0020700988,2008-03-16,HOU vs. LAL,W,39,4,16,0.25,0,4,0.0,3,6,0.5,0,3,3,6,0,0,2,1,11,6,0,2007-08,Regular Season,1503,Tracy McGrady
22007,1503,0020701002,2008-03-18,HOU vs. BOS,L,35,4,11,0.364,0,1,0.0,0,2,0.0,0,7,7,8,0,0,1,0,8,-27,0,2007-08,Regular Season,1503,Tracy McGrady
22007,1503,0020701012,2008-03-19,HOU @ NOH,L,42,6,21,0.286,0,3,0.0,3,5,0.6,2,3,5,3,2,0,4,1,15,-22,0,2007-08,Regular Season,1503,Tracy McGrady
22007,1503,0020701028,2008-03-21,HOU @ GSW,W,40,11,23,0.478,2,3,0.667,2,3,0.667,1,7,8,8,1,0,5,4,26,1,0,2007-08,Regular Season,1503,Tracy McGrady
22007,1503,0020701038,2008-03-22,HOU @ PHX,L,39,11,31,0.355,1,5,0.2,7,12,0.583,2,6,8,9,1,1,3,1,30,-3,0,2007-08,Regular Season,1503,Tracy McGrady
22007,1503,0020701049,2008-03-24,HOU vs. SAC,W,41,5,16,0.313,0,4,0.0,7,9,0.778,1,1,2,6,2,0,1,3,17,13,0,2007-08,Regular Season,1503,Tracy McGrady
22007,1503,0020701065,2008-03-26,HOU vs. MIN,W,40,9,25,0.36,0,3,0.0,5,6,0.833,1,10,11,9,1,0,1,0,23,14,0,2007-08,Regular Season,1503,Tracy McGrady
22007,1503,0020701090,2008-03-30,HOU @ SAS,L,37,5,22,0.227,0,2,0.0,3,7,0.429,2,3,5,6,1,1,0,1,13,-20,0,2007-08,Regular Season,1503,Tracy McGrady
22007,1503,0020701112,2008-04-01,HOU @ SAC,L,44,12,31,0.387,1,4,0.25,7,8,0.875,2,5,7,4,1,0,5,2,32,0,0,2007-08,Regular Season,1503,Tracy McGrady
22007,1503,0020701125,2008-04-03,HOU @ POR,W,43,14,29,0.483,4,6,0.667,3,3,1.0,1,5,6,5,2,1,3,1,35,7,0,2007-08,Regular Season,1503,Tracy McGrady
22007,1503,0020701136,2008-04-04,HOU @ SEA,W,41,11,27,0.407,0,4,0.0,3,4,0.75,1,3,4,6,0,1,2,0,25,19,0,2007-08,Regular Season,1503,Tracy McGrady
22007,1503,0020701152,2008-04-06,HOU @ LAC,W,39,5,16,0.313,1,5,0.2,2,2,1.0,1,7,8,9,1,1,3,1,13,8,0,2007-08,Regular Season,1503,Tracy McGrady
22007,1503,0020701184,2008-04-11,HOU vs. PHX,W,38,10,23,0.435,0,2,0.0,2,6,0.333,1,5,6,7,0,0,2,1,22,12,0,2007-08,Regular Season,1503,Tracy McGrady
22007,1503,0020701201,2008-04-13,HOU @ DEN,L,30,5,18,0.278,0,2,0.0,6,7,0.857,0,4,4,7,1,0,2,4,16,-13,0,2007-08,Regular Season,1503,Tracy McGrady
22007,1503,0020701208,2008-04-14,HOU @ UTA,L,43,7,21,0.333,2,7,0.286,6,9,0.667,1,2,3,3,0,0,1,1,22,-5,0,2007-08,Regular Season,1503,Tracy McGrady
22007,1503,0020701226,2008-04-16,HOU vs. LAC,W,33,2,11,0.182,0,5,0.0,3,4,0.75,0,2,2,11,1,0,1,0,7,24,0,2007-08,Regular Season,1503,Tracy McGrady
42007,1503,0040700171,2008-04-19,HOU vs. UTA,L,41,7,21,0.333,1,5,0.2,5,7,0.714,1,5,6,7,2,0,3,1,20,-6,0,2007-08,Playoffs,1503,Tracy McGrady
42007,1503,0040700172,2008-04-21,HOU vs. UTA,L,43,9,22,0.409,0,4,0.0,5,9,0.556,1,12,13,9,3,2,5,0,23,-2,0,2007-08,Playoffs,1503,Tracy McGrady
42007,1503,0040700173,2008-04-24,HOU @ UTA,W,44,11,26,0.423,0,0,0.0,5,9,0.556,2,3,5,7,1,1,2,4,27,1,0,2007-08,Playoffs,1503,Tracy McGrady
42007,1503,0040700174,2008-04-26,HOU @ UTA,L,39,9,25,0.36,1,4,0.25,4,8,0.5,1,9,10,8,1,1,2,1,23,7,0,2007-08,Playoffs,1503,Tracy McGrady
42007,1503,0040700175,2008-04-29,HOU vs. UTA,W,39,13,26,0.5,1,4,0.25,2,2,1.0,1,4,5,5,2,0,5,1,29,21,0,2007-08,Playoffs,1503,Tracy McGrady
42007,1503,0040700176,2008-05-02,HOU @ UTA,L,42,13,26,0.5,2,7,0.286,12,18,0.667,1,9,10,5,0,1,1,1,40,-17,0,2007-08,Playoffs,1503,Tracy McGrady
22007,1713,0020700007,2007-10-31,NJN vs. CHI,W,46,6,21,0.286,0,6,0.0,12,12,1.0,2,7,9,6,2,2,4,2,24,8,0,2007-08,Regular Season,1713,Vince Carter
22007,1713,0020700018,2007-11-02,NJN vs. TOR,L,25,2,6,0.333,1,2,0.5,2,4,0.5,2,3,5,3,1,0,2,2,7,-19,0,2007-08,Regular Season,1713,Vince Carter
22007,1713,0020700028,2007-11-03,NJN @ PHI,W,37,4,12,0.333,2,4,0.5,8,12,0.667,1,5,6,5,0,0,3,4,18,-2,0,2007-08,Regular Season,1713,Vince Carter
22007,1713,0020700045,2007-11-06,NJN vs. ATL,W,36,6,16,0.375,0,3,0.0,0,0,0.0,1,3,4,5,1,0,1,2,12,-3,0,2007-08,Regular Season,1713,Vince Carter
22007,1713,0020700063,2007-11-08,NJN vs. WAS,W,42,6,13,0.462,0,2,0.0,12,14,0.857,0,5,5,5,2,2,3,2,24,3,0,2007-08,Regular Season,1713,Vince Carter
22007,1713,0020700081,2007-11-10,NJN vs. BOS,L,31,8,13,0.615,0,1,0.0,1,3,0.333,0,4,4,3,0,2,4,3,17,-16,0,2007-08,Regular Season,1713,Vince Carter
22007,1713,0020700168,2007-11-21,NJN @ POR,W,28,6,8,0.75,1,2,0.5,0,0,0.0,0,1,1,3,0,0,4,4,13,-4,0,2007-08,Regular Season,1713,Vince Carter
22007,1713,0020700181,2007-11-23,NJN @ SEA,W,35,6,12,0.5,1,3,0.333,2,2,1.0,0,5,5,5,0,0,3,4,15,1,0,2007-08,Regular Season,1713,Vince Carter
22007,1713,0020700196,2007-11-25,NJN @ LAL,W,25,6,8,0.75,1,3,0.333,6,8,0.75,0,4,4,2,0,1,2,4,19,5,0,2007-08,Regular Season,1713,Vince Carter
22007,1713,0020700205,2007-11-27,NJN vs. MEM,L,40,11,23,0.478,2,7,0.286,8,9,0.889,1,8,9,7,1,0,1,3,32,0,0,2007-08,Regular Season,1713,Vince Carter
22007,1713,0020700236,2007-12-01,NJN vs. PHI,W,43,7,17,0.412,0,3,0.0,10,12,0.833,1,8,9,3,2,0,3,3,24,7,0,2007-08,Regular Season,1713,Vince Carter
22007,1713,0020700246,2007-12-02,NJN @ DET,L,29,9,16,0.563,2,6,0.333,2,2,1.0,0,1,1,3,1,0,2,4,22,-10,0,2007-08,Regular Season,1713,Vince Carter
22007,1713,0020700257,2007-12-04,NJN @ CLE,W,36,7,13,0.538,3,5,0.6,2,2,1.0,0,3,3,7,1,0,1,1,19,16,0,2007-08,Regular Season,1713,Vince Carter
22007,1713,0020700266,2007-12-05,NJN vs. NYK,L,46,7,17,0.412,0,1,0.0,5,6,0.833,2,3,5,4,0,0,2,3,19,-5,0,2007-08,Regular Season,1713,Vince Carter
22007,1713,0020700281,2007-12-07,NJN vs. HOU,L,38,12,28,0.429,3,5,0.6,5,6,0.833,4,3,7,2,1,1,5,1,32,-6,0,2007-08,Regular Season,1713,Vince Carter
22007,1713,0020700298,2007-12-09,NJN @ WAS,L,40,11,17,0.647,4,6,0.667,4,6,0.667,0,5,5,4,0,0,0,4,30,-16,0,2007-08,Regular Season,1713,Vince Carter
22007,1713,0020700309,2007-12-11,NJN vs. LAC,L,41,5,17,0.294,1,4,0.25,5,7,0.714,2,2,4,2,1,1,1,5,16,-7,0,2007-08,Regular Season,1713,Vince Carter
22007,1713,0020700331,2007-12-14,NJN vs. CLE,W,42,13,22,0.591,2,2,1.0,4,4,1.0,3,4,7,6,1,0,2,3,32,14,0,2007-08,Regular Season,1713,Vince Carter
22007,1713,0020700342,2007-12-15,NJN @ NYK,L,40,8,16,0.5,3,5,0.6,5,8,0.625,0,2,2,7,1,1,0,4,24,-13,0,2007-08,Regular Season,1713,Vince Carter
22007,1713,0020700362,2007-12-18,NJN vs. SAC,L,37,5,12,0.417,1,3,0.333,4,5,0.8,2,4,6,7,0,1,3,5,15,-1,0,2007-08,Regular Season,1713,Vince Carter
22007,1713,0020700378,2007-12-20,NJN @ MIA,W,49,9,23,0.391,3,5,0.6,10,10,1.0,2,6,8,6,1,0,1,5,31,4,0,2007-08,Regular Season,1713,Vince Carter
22007,1713,0020700392,2007-12-22,NJN vs. GSW,W,42,10,26,0.385,2,5,0.4,1,2,0.5,4,8,12,4,6,0,9,2,23,-3,0,2007-08,Regular Season,1713,Vince Carter
22007,1713,0020700412,2007-12-26,NJN vs. DET,L,38,8,11,0.727,2,3,0.667,3,3,1.0,0,3,3,5,1,0,2,2,21,-11,0,2007-08,Regular Season,1713,Vince Carter
22007,1713,0020700423,2007-12-28,NJN vs. WAS,W,41,7,19,0.368,2,5,0.4,8,8,1.0,4,1,5,7,0,1,2,1,24,-1,0,2007-08,Regular Season,1713,Vince Carter
22007,1713,0020700439,2007-12-29,NJN @ MIL,W,40,10,20,0.5,1,6,0.167,2,2,1.0,2,2,4,7,0,0,2,5,23,9,0,2007-08,Regular Season,1713,Vince Carter
22007,1713,0020700459,2008-01-02,NJN @ ORL,W,42,6,17,0.353,1,3,0.333,5,6,0.833,4,3,7,6,0,0,1,2,18,-1,0,2007-08,Regular Season,1713,Vince Carter
22007,1713,0020700476,2008-01-04,NJN vs. CHA,W,39,10,19,0.526,0,4,0.0,10,14,0.714,1,6,7,4,3,0,4,3,30,10,0,2007-08,Regular Season,1713,Vince Carter
22007,1713,0020700484,2008-01-05,NJN @ ATL,W,41,10,17,0.588,1,3,0.333,8,10,0.8,1,2,3,6,1,0,2,5,29,16,0,2007-08,Regular Season,1713,Vince Carter
22007,1713,0020700502,2008-01-08,NJN @ CHA,L,37,5,15,0.333,0,3,0.0,7,10,0.7,1,0,1,3,1,0,1,3,17,-22,0,2007-08,Regular Season,1713,Vince Carter
22007,1713,0020700512,2008-01-09,NJN vs. SEA,W,38,8,15,0.533,1,3,0.333,1,1,1.0,0,8,8,6,1,0,5,4,18,8,0,2007-08,Regular Season,1713,Vince Carter
22007,1713,0020700524,2008-01-11,NJN vs. BOS,L,39,7,20,0.35,2,5,0.4,0,2,0.0,0,3,3,4,0,0,1,3,16,-11,0,2007-08,Regular Season,1713,Vince Carter
22007,1713,0020700549,2008-01-14,NJN vs. POR,L,36,2,9,0.222,1,2,0.5,5,6,0.833,1,4,5,4,0,0,2,2,10,-20,0,2007-08,Regular Season,1713,Vince Carter
22007,1713,0020700567,2008-01-16,NJN vs. NYK,L,42,10,21,0.476,2,4,0.5,4,5,0.8,2,6,8,7,2,0,3,3,26,2,0,2007-08,Regular Season,1713,Vince Carter
22007,1713,0020700593,2008-01-19,NJN @ LAC,L,48,7,18,0.389,0,0,0.0,6,9,0.667,3,4,7,5,0,0,1,3,20,-3,0,2007-08,Regular Season,1713,Vince Carter
22007,1713,0020700594,2008-01-20,NJN @ PHX,L,39,4,13,0.308,0,4,0.0,2,2,1.0,0,9,9,6,1,0,2,3,10,-12,0,2007-08,Regular Season,1713,Vince Carter
22007,1713,0020700609,2008-01-22,NJN @ SAC,L,33,9,13,0.692,0,1,0.0,3,5,0.6,1,2,3,8,0,0,3,4,21,-19,0,2007-08,Regular Season,1713,Vince Carter
22007,1713,0020700624,2008-01-24,NJN @ GSW,L,43,10,20,0.5,1,2,0.5,8,9,0.889,2,4,6,4,2,0,4,4,29,4,0,2007-08,Regular Season,1713,Vince Carter
22007,1713,0020700634,2008-01-25,NJN @ DEN,L,41,5,16,0.313,1,2,0.5,2,4,0.5,1,6,7,7,2,0,2,3,13,-15,0,2007-08,Regular Season,1713,Vince Carter
22007,1713,0020700648,2008-01-27,NJN @ MIN,L,41,9,18,0.5,0,3,0.0,7,9,0.778,0,1,1,5,1,0,4,3,25,2,0,2007-08,Regular Season,1713,Vince Carter
22007,1713,0020700658,2008-01-29,NJN vs. MIL,W,40,6,22,0.273,1,6,0.167,3,4,0.75,4,8,12,5,0,1,1,1,16,6,0,2007-08,Regular Season,1713,Vince Carter
22007,1713,0020700683,2008-02-01,NJN @ MIA,W,42,5,14,0.357,0,3,0.0,4,5,0.8,1,10,11,7,0,1,0,1,14,12,0,2007-08,Regular Season,1713,Vince Carter
22007,1713,0020700688,2008-02-02,NJN @ ATL,L,31,5,12,0.417,0,1,0.0,4,4,1.0,0,2,2,10,1,0,3,5,14,1,0,2007-08,Regular Season,1713,Vince Carter
22007,1713,0020700710,2008-02-05,NJN vs. LAL,L,37,10,26,0.385,1,6,0.167,6,8,0.75,3,1,4,4,0,0,4,4,27,-12,0,2007-08,Regular Season,1713,Vince Carter
22007,1713,0020700714,2008-02-06,NJN @ ORL,L,40,6,14,0.429,2,5,0.4,4,5,0.8,2,2,4,3,1,0,4,4,18,-11,0,2007-08,Regular Season,1713,Vince Carter
22007,1713,0020700727,2008-02-08,NJN @ CHA,W,36,8,19,0.421,2,3,0.667,0,0,0.0,3,6,9,5,3,1,1,1,18,12,0,2007-08,Regular Season,1713,Vince Carter
22007,1713,0020700746,2008-02-10,NJN vs. DAL,W,39,12,20,0.6,1,2,0.5,4,4,1.0,1,8,9,3,2,2,1,2,29,25,0,2007-08,Regular Season,1713,Vince Carter
22007,1713,0020700760,2008-02-12,NJN vs. MIN,W,38,6,17,0.353,0,3,0.0,5,6,0.833,2,4,6,10,3,0,3,3,17,-2,0,2007-08,Regular Season,1713,Vince Carter
22007,1713,0020700764,2008-02-13,NJN @ TOR,L,37,5,15,0.333,1,2,0.5,4,4,1.0,0,3,3,7,1,0,1,3,15,-21,0,2007-08,Regular Season,1713,Vince Carter
22007,1713,0020700793,2008-02-20,NJN vs. CHI,W,46,11,21,0.524,4,5,0.8,7,9,0.778,3,6,9,7,2,0,3,4,33,12,0,2007-08,Regular Season,1713,Vince Carter
22007,1713,0020700805,2008-02-22,NJN @ IND,L,41,5,11,0.455,1,3,0.333,4,4,1.0,2,4,6,8,2,0,3,1,15,-17,0,2007-08,Regular Season,1713,Vince Carter
22007,1713,0020700817,2008-02-23,NJN vs. IND,W,43,9,17,0.529,0,1,0.0,6,7,0.857,1,8,9,5,2,0,2,4,24,16,0,2007-08,Regular Season,1713,Vince Carter
22007,1713,0020700837,2008-02-26,NJN vs. ORL,L,42,11,23,0.478,3,6,0.5,1,2,0.5,3,5,8,5,2,2,2,6,26,-7,0,2007-08,Regular Season,1713,Vince Carter
22007,1713,0020700855,2008-02-28,NJN vs. MIL,W,35,8,13,0.615,1,4,0.25,2,3,0.667,1,2,3,5,1,0,1,3,19,14,0,2007-08,Regular Season,1713,Vince Carter
22007,1713,0020700878,2008-03-02,NJN vs. SAS,L,35,9,18,0.5,1,2,0.5,2,3,0.667,3,5,8,1,2,1,1,4,21,-7,0,2007-08,Regular Season,1713,Vince Carter
22007,1713,0020700894,2008-03-04,NJN @ SAS,L,43,8,18,0.444,0,4,0.0,3,3,1.0,1,8,9,3,0,0,2,4,19,-10,0,2007-08,Regular Season,1713,Vince Carter
22007,1713,0020700903,2008-03-05,NJN @ MEM,L,37,4,11,0.364,1,3,0.333,3,3,1.0,0,4,4,2,4,0,2,5,12,-9,0,2007-08,Regular Season,1713,Vince Carter
22007,1713,0020700918,2008-03-07,NJN @ NOH,L,42,9,18,0.5,1,5,0.2,0,0,0.0,2,1,3,10,3,0,3,4,19,-12,0,2007-08,Regular Season,1713,Vince Carter
22007,1713,0020700931,2008-03-08,NJN @ DAL,L,37,5,15,0.333,0,0,0.0,3,5,0.6,2,4,6,3,1,1,1,3,13,-17,0,2007-08,Regular Season,1713,Vince Carter
22007,1713,0020700943,2008-03-10,NJN @ HOU,L,33,5,15,0.333,0,0,0.0,3,3,1.0,3,5,8,3,1,0,4,2,13,-20,0,2007-08,Regular Season,1713,Vince Carter
22007,1713,0020700955,2008-03-12,NJN vs. CLE,W,41,5,19,0.263,0,2,0.0,4,5,0.8,1,7,8,6,3,2,1,4,14,10,0,2007-08,Regular Season,1713,Vince Carter
22007,1713,0020700979,2008-03-15,NJN vs. UTA,W,41,6,20,0.3,0,2,0.0,13,14,0.929,3,5,8,1,1,0,2,2,25,6,0,2007-08,Regular Season,1713,Vince Carter
22007,1713,0020701001,2008-03-18,NJN @ CHI,L,37,8,16,0.5,0,2,0.0,6,6,1.0,0,4,4,5,2,2,1,3,22,-5,0,2007-08,Regular Season,1713,Vince Carter
22007,1713,0020701010,2008-03-19,NJN vs. ATL,W,44,17,26,0.654,2,3,0.667,3,4,0.75,2,8,10,8,0,1,0,3,39,10,0,2007-08,Regular Season,1713,Vince Carter
22007,1713,0020701021,2008-03-21,NJN vs. DEN,L,39,12,23,0.522,1,4,0.25,7,8,0.875,1,5,6,5,1,1,4,5,32,-5,0,2007-08,Regular Season,1713,Vince Carter
22007,1713,0020701029,2008-03-22,NJN @ PHI,L,42,10,25,0.4,1,4,0.25,6,6,1.0,4,4,8,5,3,0,1,5,27,-7,0,2007-08,Regular Season,1713,Vince Carter
22007,1713,0020701045,2008-03-24,NJN @ NYK,W,38,7,13,0.538,5,6,0.833,8,9,0.889,0,6,6,7,1,0,4,1,27,14,0,2007-08,Regular Season,1713,Vince Carter
22007,1713,0020701064,2008-03-26,NJN vs. IND,W,41,7,16,0.438,2,5,0.4,6,7,0.857,3,11,14,4,1,0,3,4,22,6,0,2007-08,Regular Season,1713,Vince Carter
22007,1713,0020701075,2008-03-28,NJN @ IND,L,42,10,26,0.385,4,8,0.5,9,11,0.818,3,6,9,2,0,1,5,4,33,-10,0,2007-08,Regular Season,1713,Vince Carter
22007,1713,0020701084,2008-03-29,NJN vs. PHX,L,41,10,22,0.455,3,4,0.75,9,12,0.75,2,5,7,6,2,0,5,4,32,-4,0,2007-08,Regular Season,1713,Vince Carter
22007,1713,0020701106,2008-04-01,NJN vs. PHI,L,42,12,21,0.571,2,5,0.4,3,4,0.75,4,2,6,7,1,1,2,3,29,4,0,2007-08,Regular Season,1713,Vince Carter
22007,1713,0020701140,2008-04-05,NJN vs. TOR,W,45,12,21,0.571,1,5,0.2,7,8,0.875,0,7,7,5,2,1,1,2,32,12,0,2007-08,Regular Season,1713,Vince Carter
22007,1713,0020701168,2008-04-09,NJN @ CLE,L,40,5,12,0.417,1,2,0.5,8,10,0.8,0,4,4,6,1,1,3,3,19,-10,0,2007-08,Regular Season,1713,Vince Carter
22007,1713,0020701176,2008-04-11,NJN @ TOR,L,38,9,15,0.6,1,5,0.2,2,2,1.0,2,4,6,2,0,2,2,4,21,-19,0,2007-08,Regular Season,1713,Vince Carter
22007,1713,0020701192,2008-04-12,NJN @ MIL,W,41,9,15,0.6,3,6,0.5,0,0,0.0,0,3,3,10,4,0,2,2,21,27,0,2007-08,Regular Season,1713,Vince Carter
22007,1713,0020701212,2008-04-15,NJN vs. CHA,W,46,7,16,0.438,2,6,0.333,2,2,1.0,0,6,6,8,3,0,2,3,18,8,0,2007-08,Regular Season,1713,Vince Carter
22007,1713,0020701221,2008-04-16,NJN @ BOS,L,24,3,5,0.6,3,4,0.75,0,0,0.0,0,0,0,3,0,0,4,2,9,6,0,2007-08,Regular Season,1713,Vince Carter
22007,951,0020700021,2007-11-02,BOS vs. WAS,W,38,5,10,0.5,2,5,0.4,5,5,1.0,2,2,4,2,0,0,0,2,17,16,0,2007-08,Regular Season,951,Ray Allen
22007,951,0020700035,2007-11-04,BOS @ TOR,W,49,11,16,0.688,7,11,0.636,4,4,1.0,0,4,4,0,0,0,2,1,33,-1,0,2007-08,Regular Season,951,Ray Allen
22007,951,0020700058,2007-11-07,BOS vs. DEN,W,33,8,12,0.667,3,7,0.429,3,3,1.0,2,1,3,6,2,0,2,1,22,25,0,2007-08,Regular Season,951,Ray Allen
22007,951,0020700068,2007-11-09,BOS vs. ATL,W,35,6,9,0.667,1,2,0.5,1,2,0.5,1,1,2,3,1,0,1,3,14,14,0,2007-08,Regular Season,951,Ray Allen
22007,951,0020700081,2007-11-10,BOS @ NJN,W,48,7,17,0.412,4,8,0.5,9,10,0.9,2,8,10,5,0,0,3,1,27,11,0,2007-08,Regular Season,951,Ray Allen
22007,951,0020700098,2007-11-13,BOS @ IND,W,40,6,17,0.353,2,7,0.286,3,3,1.0,1,2,3,3,0,1,2,0,17,16,0,2007-08,Regular Season,951,Ray Allen
22007,951,0020700108,2007-11-14,BOS vs. NJN,W,39,4,14,0.286,1,6,0.167,5,5,1.0,2,3,5,6,4,0,2,1,14,13,0,2007-08,Regular Season,951,Ray Allen
22007,951,0020700121,2007-11-16,BOS vs. MIA,W,45,5,15,0.333,2,5,0.4,7,7,1.0,0,2,2,7,0,0,4,3,19,7,0,2007-08,Regular Season,951,Ray Allen
22007,951,0020700142,2007-11-18,BOS @ ORL,L,39,7,17,0.412,2,8,0.25,3,4,0.75,1,4,5,1,1,0,3,1,19,-4,0,2007-08,Regular Season,951,Ray Allen
22007,951,0020700158,2007-11-21,BOS vs. GSW,W,31,7,18,0.389,3,8,0.375,4,4,1.0,1,6,7,0,3,1,2,3,21,8,0,2007-08,Regular Season,951,Ray Allen
22007,951,0020700172,2007-11-23,BOS vs. LAL,W,36,5,15,0.333,2,7,0.286,6,8,0.75,1,3,4,4,0,0,0,3,18,8,0,2007-08,Regular Season,951,Ray Allen
22007,951,0020700185,2007-11-24,BOS @ CHA,W,41,4,15,0.267,1,6,0.167,5,5,1.0,2,2,4,5,0,0,2,1,14,9,0,2007-08,Regular Season,951,Ray Allen
22007,951,0020700204,2007-11-27,BOS @ CLE,L,49,10,25,0.4,5,12,0.417,4,6,0.667,2,5,7,5,2,0,3,1,29,-4,0,2007-08,Regular Season,951,Ray Allen
22007,951,0020700221,2007-11-29,BOS vs. NYK,W,29,8,14,0.571,2,5,0.4,3,3,1.0,0,5,5,3,0,0,0,0,21,45,0,2007-08,Regular Season,951,Ray Allen
22007,951,0020700228,2007-11-30,BOS @ MIA,W,43,3,17,0.176,1,5,0.2,10,11,0.909,3,1,4,4,4,0,1,1,17,11,0,2007-08,Regular Season,951,Ray Allen
22007,951,0020700242,2007-12-02,BOS vs. CLE,W,35,8,16,0.5,1,7,0.143,3,4,0.75,1,3,4,3,2,0,0,0,20,24,0,2007-08,Regular Season,951,Ray Allen
22007,951,0020700263,2007-12-05,BOS @ PHI,W,35,3,12,0.25,2,6,0.333,4,4,1.0,2,0,2,1,0,0,0,0,12,4,0,2007-08,Regular Season,951,Ray Allen
22007,951,0020700280,2007-12-07,BOS vs. TOR,W,27,4,11,0.364,0,5,0.0,5,5,1.0,2,4,6,2,0,0,1,0,13,19,0,2007-08,Regular Season,951,Ray Allen
22007,951,0020700291,2007-12-08,BOS @ CHI,W,44,6,16,0.375,4,10,0.4,5,5,1.0,2,1,3,3,1,0,4,1,21,16,0,2007-08,Regular Season,951,Ray Allen
22007,951,0020700318,2007-12-12,BOS vs. SAC,W,36,5,13,0.385,3,6,0.5,2,2,1.0,1,1,2,4,1,0,1,1,15,10,0,2007-08,Regular Season,951,Ray Allen
22007,951,0020700369,2007-12-19,BOS vs. DET,L,39,9,13,0.692,3,5,0.6,3,3,1.0,0,5,5,2,0,0,0,1,24,8,0,2007-08,Regular Season,951,Ray Allen
22007,951,0020700381,2007-12-21,BOS vs. CHI,W,37,6,14,0.429,3,7,0.429,3,3,1.0,0,3,3,4,0,0,3,4,18,24,0,2007-08,Regular Season,951,Ray Allen
22007,951,0020700403,2007-12-23,BOS vs. ORL,W,40,7,13,0.538,4,8,0.5,4,4,1.0,0,2,2,4,1,0,1,2,22,10,0,2007-08,Regular Season,951,Ray Allen
22007,951,0020700417,2007-12-26,BOS @ SAC,W,36,6,16,0.375,2,6,0.333,3,3,1.0,0,3,3,1,3,0,2,2,17,10,0,2007-08,Regular Season,951,Ray Allen
22007,951,0020700421,2007-12-27,BOS @ SEA,W,38,4,13,0.308,2,4,0.5,0,0,0.0,0,1,1,3,0,0,0,0,10,3,0,2007-08,Regular Season,951,Ray Allen
22007,951,0020700441,2007-12-29,BOS @ UTA,W,38,9,15,0.6,5,9,0.556,0,0,0.0,1,3,4,3,0,0,4,0,23,-2,0,2007-08,Regular Season,951,Ray Allen
22007,951,0020700448,2007-12-30,BOS @ LAL,W,28,6,13,0.462,1,3,0.333,6,7,0.857,2,4,6,1,0,0,1,4,19,17,0,2007-08,Regular Season,951,Ray Allen
22007,951,0020700462,2008-01-02,BOS vs. HOU,W,43,6,15,0.4,1,4,0.25,0,0,0.0,2,0,2,2,3,0,0,0,13,3,0,2007-08,Regular Season,951,Ray Allen
22007,951,0020700475,2008-01-04,BOS vs. MEM,W,35,0,9,0.0,0,3,0.0,2,2,1.0,1,1,2,5,1,0,3,2,2,5,0,2007-08,Regular Season,951,Ray Allen
22007,951,0020700485,2008-01-05,BOS @ DET,W,28,3,8,0.375,2,4,0.5,1,1,1.0,3,3,6,2,0,0,2,5,9,1,0,2007-08,Regular Season,951,Ray Allen
22007,951,0020700524,2008-01-11,BOS @ NJN,W,39,7,14,0.5,2,6,0.333,0,0,0.0,0,4,4,2,0,0,1,2,16,3,0,2007-08,Regular Season,951,Ray Allen
22007,951,0020700534,2008-01-12,BOS @ WAS,L,41,3,13,0.231,2,8,0.25,0,0,0.0,1,0,1,1,1,1,3,2,8,0,0,2007-08,Regular Season,951,Ray Allen
22007,951,0020700548,2008-01-14,BOS vs. WAS,L,38,5,14,0.357,2,7,0.286,4,4,1.0,2,4,6,3,1,1,3,3,16,-10,0,2007-08,Regular Season,951,Ray Allen
22007,951,0020700566,2008-01-16,BOS vs. POR,W,42,12,20,0.6,4,10,0.4,7,8,0.875,1,2,3,3,1,0,0,5,35,9,0,2007-08,Regular Season,951,Ray Allen
22007,951,0020700576,2008-01-18,BOS vs. PHI,W,38,9,14,0.643,5,9,0.556,0,0,0.0,0,2,2,6,4,1,3,3,23,9,0,2007-08,Regular Season,951,Ray Allen
22007,951,0020700595,2008-01-21,BOS @ NYK,W,43,6,15,0.4,2,5,0.4,3,3,1.0,1,7,8,0,1,0,3,3,17,13,0,2007-08,Regular Season,951,Ray Allen
22007,951,0020700613,2008-01-23,BOS vs. TOR,L,39,7,16,0.438,3,7,0.429,2,2,1.0,4,2,6,4,2,0,1,4,19,-5,0,2007-08,Regular Season,951,Ray Allen
22007,951,0020700628,2008-01-25,BOS vs. MIN,W,40,4,18,0.222,2,9,0.222,2,2,1.0,1,3,4,2,1,0,5,2,12,0,0,2007-08,Regular Season,951,Ray Allen
22007,951,0020700644,2008-01-27,BOS @ ORL,L,37,7,18,0.389,3,8,0.375,0,0,0.0,0,1,1,1,1,1,2,4,17,1,0,2007-08,Regular Season,951,Ray Allen
22007,951,0020700676,2008-01-31,BOS vs. DAL,W,43,11,20,0.55,1,3,0.333,3,3,1.0,2,2,4,1,1,1,0,1,26,10,0,2007-08,Regular Season,951,Ray Allen
22007,951,0020700708,2008-02-05,BOS @ CLE,L,41,8,13,0.615,3,5,0.6,5,6,0.833,1,4,5,5,2,0,4,3,24,3,0,2007-08,Regular Season,951,Ray Allen
22007,951,0020700715,2008-02-06,BOS vs. LAC,W,30,6,13,0.462,3,6,0.5,4,4,1.0,0,5,5,2,0,0,4,1,19,-4,0,2007-08,Regular Season,951,Ray Allen
22007,951,0020700732,2008-02-08,BOS @ MIN,W,39,5,16,0.313,3,7,0.429,4,4,1.0,0,5,5,4,0,0,1,2,17,5,0,2007-08,Regular Season,951,Ray Allen
22007,951,0020700749,2008-02-10,BOS vs. SAS,W,38,7,16,0.438,1,5,0.2,4,6,0.667,2,3,5,3,0,0,1,2,19,3,0,2007-08,Regular Season,951,Ray Allen
22007,951,0020700759,2008-02-12,BOS @ IND,W,36,9,16,0.563,3,8,0.375,2,2,1.0,0,2,2,1,2,1,2,1,23,6,0,2007-08,Regular Season,951,Ray Allen
22007,951,0020700769,2008-02-13,BOS vs. NYK,W,41,6,16,0.375,2,7,0.286,7,8,0.875,3,5,8,5,0,0,4,2,21,18,0,2007-08,Regular Season,951,Ray Allen
22007,951,0020700785,2008-02-19,BOS @ DEN,L,36,8,19,0.421,4,11,0.364,0,0,0.0,2,1,3,5,0,1,1,5,20,-12,0,2007-08,Regular Season,951,Ray Allen
22007,951,0020700799,2008-02-20,BOS @ GSW,L,39,11,17,0.647,6,8,0.75,4,4,1.0,1,2,3,6,1,0,0,2,32,5,0,2007-08,Regular Season,951,Ray Allen
22007,951,0020700812,2008-02-22,BOS @ PHX,L,34,3,12,0.25,1,7,0.143,4,4,1.0,0,2,2,2,2,0,4,2,11,-8,0,2007-08,Regular Season,951,Ray Allen
22007,951,0020700827,2008-02-24,BOS @ POR,W,37,7,8,0.875,4,5,0.8,1,3,0.333,0,2,2,4,1,0,2,3,19,10,0,2007-08,Regular Season,951,Ray Allen
22007,951,0020700836,2008-02-25,BOS @ LAC,W,34,6,12,0.5,1,3,0.333,2,2,1.0,0,4,4,7,1,1,1,1,15,25,0,2007-08,Regular Season,951,Ray Allen
22007,951,0020700849,2008-02-27,BOS vs. CLE,W,37,7,10,0.7,3,5,0.6,5,6,0.833,1,3,4,1,0,1,4,2,22,3,0,2007-08,Regular Season,951,Ray Allen
22007,951,0020700859,2008-02-29,BOS vs. CHA,W,37,7,14,0.5,5,7,0.714,4,4,1.0,1,4,5,2,1,0,2,3,23,13,0,2007-08,Regular Season,951,Ray Allen
22007,951,0020700877,2008-03-02,BOS vs. ATL,W,41,7,11,0.636,3,6,0.5,0,0,0.0,2,2,4,1,2,1,1,3,17,15,0,2007-08,Regular Season,951,Ray Allen
22007,951,0020700899,2008-03-05,BOS vs. DET,W,38,1,9,0.111,0,3,0.0,1,1,1.0,0,8,8,5,0,0,0,2,3,15,0,2007-08,Regular Season,951,Ray Allen
22007,951,0020700917,2008-03-07,BOS vs. CHI,W,26,2,7,0.286,1,3,0.333,6,7,0.857,2,4,6,3,3,1,2,4,11,22,0,2007-08,Regular Season,951,Ray Allen
22007,951,0020700929,2008-03-08,BOS @ MEM,W,27,9,13,0.692,5,8,0.625,0,0,0.0,0,3,3,2,0,1,2,3,23,23,0,2007-08,Regular Season,951,Ray Allen
22007,951,0020700939,2008-03-10,BOS @ PHI,W,36,8,12,0.667,4,6,0.667,1,2,0.5,0,1,1,3,0,0,1,0,21,19,0,2007-08,Regular Season,951,Ray Allen
22007,951,0020700954,2008-03-12,BOS vs. SEA,W,25,8,10,0.8,2,3,0.667,0,0,0.0,0,2,2,3,1,1,0,0,18,20,0,2007-08,Regular Season,951,Ray Allen
22007,951,0020700966,2008-03-14,BOS vs. UTA,L,12,1,2,0.5,1,2,0.5,6,6,1.0,0,1,1,0,0,0,1,0,9,-10,0,2007-08,Regular Season,951,Ray Allen
22007,951,0020701017,2008-03-20,BOS @ DAL,W,31,7,17,0.412,3,9,0.333,4,4,1.0,0,2,2,0,1,0,2,2,21,-10,0,2007-08,Regular Season,951,Ray Allen
22007,951,0020701033,2008-03-22,BOS @ NOH,L,39,6,12,0.5,2,7,0.286,3,4,0.75,1,5,6,3,0,0,2,3,17,0,0,2007-08,Regular Season,951,Ray Allen
22007,951,0020701044,2008-03-24,BOS vs. PHI,L,33,6,13,0.462,1,8,0.125,1,1,1.0,0,2,2,6,0,0,2,5,14,-5,0,2007-08,Regular Season,951,Ray Allen
22007,951,0020701063,2008-03-26,BOS vs. PHX,W,45,5,10,0.5,2,4,0.5,2,2,1.0,1,1,2,8,1,0,2,2,14,17,0,2007-08,Regular Season,951,Ray Allen
22007,951,0020701076,2008-03-28,BOS vs. NOH,W,27,5,9,0.556,2,4,0.5,0,0,0.0,0,1,1,3,0,0,1,3,12,19,0,2007-08,Regular Season,951,Ray Allen
22007,951,0020701093,2008-03-30,BOS vs. MIA,W,25,4,15,0.267,2,8,0.25,0,0,0.0,3,2,5,3,1,0,1,1,10,22,0,2007-08,Regular Season,951,Ray Allen
22007,951,0020701109,2008-04-01,BOS @ CHI,W,35,7,14,0.5,5,7,0.714,3,3,1.0,1,1,2,6,0,1,2,3,22,13,0,2007-08,Regular Season,951,Ray Allen
22007,951,0020701116,2008-04-02,BOS vs. IND,W,37,6,16,0.375,2,6,0.333,1,1,1.0,0,1,1,3,2,0,2,3,15,21,0,2007-08,Regular Season,951,Ray Allen
22007,951,0020701157,2008-04-08,BOS @ MIL,W,22,4,10,0.4,1,4,0.25,2,2,1.0,0,0,0,3,1,0,0,1,11,11,0,2007-08,Regular Season,951,Ray Allen
22007,951,0020701166,2008-04-09,BOS @ WAS,L,37,4,13,0.308,2,7,0.286,3,4,0.75,3,1,4,3,1,0,3,2,13,-9,0,2007-08,Regular Season,951,Ray Allen
22007,951,0020701180,2008-04-11,BOS vs. MIL,W,25,4,7,0.571,3,6,0.5,0,0,0.0,1,1,2,4,0,0,0,3,11,10,0,2007-08,Regular Season,951,Ray Allen
22007,951,0020701189,2008-04-12,BOS @ ATL,W,30,5,10,0.5,2,4,0.5,2,2,1.0,0,1,1,1,0,0,1,3,14,-1,0,2007-08,Regular Season,951,Ray Allen
22007,951,0020701221,2008-04-16,BOS vs. NJN,W,17,1,4,0.25,1,2,0.5,0,0,0.0,1,2,3,1,0,0,2,2,3,1,0,2007-08,Regular Season,951,Ray Allen
42007,951,0040700101,2008-04-20,BOS vs. ATL,W,35,6,14,0.429,2,4,0.5,4,4,1.0,2,1,3,2,1,0,1,1,18,24,0,2007-08,Playoffs,951,Ray Allen
42007,951,0040700102,2008-04-23,BOS vs. ATL,W,36,6,13,0.462,3,6,0.5,0,0,0.0,0,2,2,4,1,0,0,4,15,19,0,2007-08,Playoffs,951,Ray Allen
42007,951,0040700103,2008-04-26,BOS @ ATL,L,41,5,14,0.357,1,6,0.167,2,2,1.0,1,4,5,4,1,0,1,3,13,-3,0,2007-08,Playoffs,951,Ray Allen
42007,951,0040700104,2008-04-28,BOS @ ATL,L,45,8,14,0.571,5,8,0.625,0,0,0.0,0,2,2,4,1,1,0,3,21,-8,0,2007-08,Playoffs,951,Ray Allen
42007,951,0040700105,2008-04-30,BOS vs. ATL,W,37,6,14,0.429,5,8,0.625,2,2,1.0,0,3,3,4,0,0,4,1,19,19,0,2007-08,Playoffs,951,Ray Allen
42007,951,0040700106,2008-05-02,BOS @ ATL,L,40,8,19,0.421,1,8,0.125,3,3,1.0,4,2,6,3,0,1,0,4,20,-5,0,2007-08,Playoffs,951,Ray Allen
42007,951,0040700107,2008-05-04,BOS vs. ATL,W,30,3,12,0.25,1,5,0.2,0,0,0.0,0,3,3,1,1,0,0,0,7,27,0,2007-08,Playoffs,951,Ray Allen
42007,951,0040700201,2008-05-06,BOS vs. CLE,W,37,0,4,0.0,0,3,0.0,0,0,0.0,0,4,4,1,0,0,4,1,0,0,0,2007-08,Playoffs,951,Ray Allen
42007,951,0040700202,2008-05-08,BOS vs. CLE,W,37,4,10,0.4,1,3,0.333,7,8,0.875,1,0,1,3,2,0,2,2,16,15,0,2007-08,Playoffs,951,Ray Allen
42007,951,0040700203,2008-05-10,BOS @ CLE,L,37,4,12,0.333,0,5,0.0,2,2,1.0,1,2,3,4,3,0,1,2,10,-11,0,2007-08,Playoffs,951,Ray Allen
42007,951,0040700204,2008-05-12,BOS @ CLE,L,39,4,10,0.4,2,4,0.5,5,5,1.0,0,6,6,3,0,1,0,2,15,-5,0,2007-08,Playoffs,951,Ray Allen
42007,951,0040700205,2008-05-14,BOS vs. CLE,W,40,4,11,0.364,1,4,0.25,2,2,1.0,2,1,3,2,0,1,3,3,11,11,0,2007-08,Playoffs,951,Ray Allen
42007,951,0040700206,2008-05-16,BOS @ CLE,L,42,3,8,0.375,0,3,0.0,3,3,1.0,1,5,6,2,1,0,0,2,9,14,0,2007-08,Playoffs,951,Ray Allen
42007,951,0040700207,2008-05-18,BOS vs. CLE,W,30,1,6,0.167,0,2,0.0,2,2,1.0,0,0,0,1,0,0,1,2,4,3,0,2007-08,Playoffs,951,Ray Allen
42007,951,0040700301,2008-05-20,BOS vs. DET,W,38,3,10,0.3,0,1,0.0,3,3,1.0,0,2,2,4,2,0,2,2,9,14,0,2007-08,Playoffs,951,Ray Allen
42007,951,0040700302,2008-05-22,BOS vs. DET,L,30,9,16,0.563,2,4,0.5,5,5,1.0,2,0,2,2,2,0,1,5,25,8,0,2007-08,Playoffs,951,Ray Allen
42007,951,0040700303,2008-05-24,BOS @ DET,W,39,5,16,0.313,1,6,0.167,3,4,0.75,1,5,6,6,0,0,1,4,14,13,0,2007-08,Playoffs,951,Ray Allen
42007,951,0040700304,2008-05-26,BOS @ DET,L,35,2,8,0.25,0,3,0.0,7,9,0.778,0,2,2,2,0,0,2,2,11,-14,0,2007-08,Playoffs,951,Ray Allen
42007,951,0040700305,2008-05-28,BOS vs. DET,W,39,9,15,0.6,5,6,0.833,6,6,1.0,1,2,3,2,0,0,3,2,29,14,0,2007-08,Playoffs,951,Ray Allen
42007,951,0040700306,2008-05-30,BOS @ DET,W,35,6,12,0.5,3,8,0.375,2,2,1.0,1,5,6,2,1,0,1,2,17,0,0,2007-08,Playoffs,951,Ray Allen
42007,951,0040700401,2008-06-05,BOS vs. LAL,W,44,5,13,0.385,2,6,0.333,7,8,0.875,1,7,8,5,1,1,4,2,19,11,0,2007-08,Playoffs,951,Ray Allen
42007,951,0040700402,2008-06-08,BOS vs. LAL,W,41,6,11,0.545,3,6,0.5,2,3,0.667,1,1,2,2,0,0,2,3,17,2,0,2007-08,Playoffs,951,Ray Allen
42007,951,0040700403,2008-06-10,BOS @ LAL,L,41,8,13,0.615,5,7,0.714,4,6,0.667,3,2,5,2,1,1,1,3,25,-9,0,2007-08,Playoffs,951,Ray Allen
42007,951,0040700404,2008-06-12,BOS @ LAL,W,48,6,11,0.545,2,6,0.333,5,5,1.0,2,7,9,2,3,1,1,2,19,6,0,2007-08,Playoffs,951,Ray Allen
42007,951,0040700405,2008-06-15,BOS @ LAL,L,39,4,13,0.308,3,8,0.375,5,5,1.0,0,2,2,2,0,1,2,6,16,-15,0,2007-08,Playoffs,951,Ray Allen
42007,951,0040700406,2008-06-17,BOS vs. LAL,W,32,8,12,0.667,7,9,0.778,3,3,1.0,1,3,4,2,3,0,1,0,26,23,0,2007-08,Playoffs,951,Ray Allen
22007,1497,0020700012,2007-11-01,DET @ MIA,W,39,5,14,0.357,0,4,0.0,9,10,0.9,1,3,4,11,2,0,3,1,19,6,0,2007-08,Regular Season,1497,Chauncey Billups
22007,1497,0020700016,2007-11-02,DET @ ORL,W,30,6,10,0.6,1,2,0.5,5,5,1.0,0,6,6,7,1,0,1,1,18,11,0,2007-08,Regular Season,1497,Chauncey Billups
22007,1497,0020700039,2007-11-04,DET vs. ATL,W,36,7,17,0.412,3,6,0.5,5,6,0.833,1,2,3,5,4,2,3,0,22,8,0,2007-08,Regular Season,1497,Chauncey Billups
22007,1497,0020700064,2007-11-08,DET @ CHI,L,37,5,12,0.417,2,6,0.333,2,2,1.0,0,3,3,6,0,0,3,4,14,0,0,2007-08,Regular Season,1497,Chauncey Billups
22007,1497,0020700072,2007-11-09,DET vs. LAC,W,27,8,14,0.571,6,8,0.75,1,1,1.0,0,1,1,5,0,0,2,1,23,19,0,2007-08,Regular Season,1497,Chauncey Billups
22007,1497,0020700091,2007-11-11,DET @ SEA,W,34,2,6,0.333,1,5,0.2,4,5,0.8,0,3,3,6,4,0,1,3,9,5,0,2007-08,Regular Season,1497,Chauncey Billups
22007,1497,0020700103,2007-11-13,DET @ POR,L,33,7,13,0.538,0,0,0.0,5,6,0.833,0,1,1,9,2,0,1,5,19,4,0,2007-08,Regular Season,1497,Chauncey Billups
22007,1497,0020700143,2007-11-18,DET @ SAC,L,30,5,14,0.357,2,5,0.4,2,2,1.0,0,1,1,9,1,1,3,4,14,-7,0,2007-08,Regular Season,1497,Chauncey Billups
22007,1497,0020700161,2007-11-21,DET vs. NYK,W,35,7,13,0.538,3,6,0.5,8,9,0.889,1,3,4,15,3,1,0,1,25,36,0,2007-08,Regular Season,1497,Chauncey Billups
22007,1497,0020700174,2007-11-23,DET vs. PHI,W,33,3,9,0.333,0,5,0.0,5,6,0.833,0,2,2,9,1,0,1,3,11,-4,0,2007-08,Regular Season,1497,Chauncey Billups
22007,1497,0020700194,2007-11-25,DET vs. UTA,L,37,5,14,0.357,1,5,0.2,4,4,1.0,0,1,1,6,0,1,4,4,15,-10,0,2007-08,Regular Season,1497,Chauncey Billups
22007,1497,0020700214,2007-11-28,DET vs. CLE,W,33,2,5,0.4,1,3,0.333,2,2,1.0,0,4,4,5,0,0,3,1,7,22,0,2007-08,Regular Season,1497,Chauncey Billups
22007,1497,0020700240,2007-12-01,DET @ MIL,W,33,5,10,0.5,2,4,0.5,6,6,1.0,1,0,1,9,1,0,3,2,18,18,0,2007-08,Regular Season,1497,Chauncey Billups
22007,1497,0020700246,2007-12-02,DET vs. NJN,W,31,4,7,0.571,2,4,0.5,8,9,0.889,0,3,3,9,0,0,2,1,18,12,0,2007-08,Regular Season,1497,Chauncey Billups
22007,1497,0020700256,2007-12-04,DET @ ATL,W,31,3,8,0.375,0,0,0.0,4,5,0.8,0,3,3,10,0,0,3,1,10,27,0,2007-08,Regular Season,1497,Chauncey Billups
22007,1497,0020700267,2007-12-05,DET @ NOH,W,36,4,16,0.25,1,9,0.111,9,9,1.0,2,5,7,7,1,0,3,2,18,13,0,2007-08,Regular Season,1497,Chauncey Billups
22007,1497,0020700279,2007-12-07,DET vs. CHI,L,36,7,13,0.538,2,5,0.4,11,13,0.846,0,4,4,7,1,0,2,3,27,-2,0,2007-08,Regular Season,1497,Chauncey Billups
22007,1497,0020700296,2007-12-09,DET vs. CHA,W,32,5,8,0.625,1,3,0.333,9,10,0.9,1,1,2,6,0,0,1,1,20,19,0,2007-08,Regular Season,1497,Chauncey Billups
22007,1497,0020700310,2007-12-11,DET @ MEM,W,39,7,15,0.467,2,5,0.4,12,12,1.0,1,4,5,14,3,0,1,2,28,19,0,2007-08,Regular Season,1497,Chauncey Billups
22007,1497,0020700321,2007-12-12,DET @ HOU,L,37,6,17,0.353,0,4,0.0,3,5,0.6,1,2,3,7,2,0,2,0,15,-2,0,2007-08,Regular Season,1497,Chauncey Billups
22007,1497,0020700332,2007-12-14,DET vs. ATL,W,38,7,14,0.5,3,7,0.429,6,6,1.0,1,4,5,2,1,1,6,0,23,-1,0,2007-08,Regular Season,1497,Chauncey Billups
22007,1497,0020700350,2007-12-16,DET vs. GSW,W,31,3,5,0.6,2,3,0.667,11,11,1.0,1,5,6,2,0,0,1,1,19,21,0,2007-08,Regular Season,1497,Chauncey Billups
22007,1497,0020700369,2007-12-19,DET @ BOS,W,38,8,17,0.471,2,5,0.4,10,11,0.909,0,1,1,8,1,0,3,0,28,-2,0,2007-08,Regular Season,1497,Chauncey Billups
22007,1497,0020700386,2007-12-21,DET vs. MEM,W,30,2,10,0.2,0,4,0.0,10,11,0.909,0,1,1,7,1,0,0,1,14,17,0,2007-08,Regular Season,1497,Chauncey Billups
22007,1497,0020700401,2007-12-23,DET vs. HOU,W,31,2,7,0.286,2,5,0.4,2,2,1.0,0,1,1,8,2,0,1,2,8,26,0,2007-08,Regular Season,1497,Chauncey Billups
22007,1497,0020700412,2007-12-26,DET @ NJN,W,31,6,9,0.667,2,2,1.0,3,4,0.75,0,0,0,10,2,0,3,1,17,23,0,2007-08,Regular Season,1497,Chauncey Billups
22007,1497,0020700425,2007-12-28,DET vs. IND,W,33,3,7,0.429,0,3,0.0,8,8,1.0,3,1,4,6,2,0,3,0,14,19,0,2007-08,Regular Season,1497,Chauncey Billups
22007,1497,0020700437,2007-12-29,DET @ IND,W,35,6,15,0.4,1,4,0.25,4,4,1.0,0,1,1,7,3,1,3,1,17,6,0,2007-08,Regular Season,1497,Chauncey Billups
22007,1497,0020700451,2007-12-31,DET vs. MIL,W,25,4,8,0.5,2,4,0.5,3,4,0.75,1,1,2,12,1,0,0,3,13,23,0,2007-08,Regular Season,1497,Chauncey Billups
22007,1497,0020700457,2008-01-02,DET @ WAS,W,29,5,9,0.556,4,5,0.8,2,3,0.667,0,0,0,2,0,1,3,2,16,6,0,2007-08,Regular Season,1497,Chauncey Billups
22007,1497,0020700472,2008-01-04,DET @ TOR,W,34,7,14,0.5,1,3,0.333,3,3,1.0,1,4,5,9,0,0,1,0,18,4,0,2007-08,Regular Season,1497,Chauncey Billups
22007,1497,0020700485,2008-01-05,DET vs. BOS,L,41,4,12,0.333,3,9,0.333,6,9,0.667,2,2,4,6,1,0,2,2,17,1,0,2007-08,Regular Season,1497,Chauncey Billups
22007,1497,0020700516,2008-01-09,DET @ DAL,L,30,6,14,0.429,3,4,0.75,1,2,0.5,1,1,2,3,0,0,0,1,16,-14,0,2007-08,Regular Season,1497,Chauncey Billups
22007,1497,0020700520,2008-01-10,DET @ SAS,W,38,3,10,0.3,1,2,0.5,4,4,1.0,1,4,5,6,4,0,3,2,11,8,0,2007-08,Regular Season,1497,Chauncey Billups
22007,1497,0020700535,2008-01-12,DET @ CHA,W,44,10,17,0.588,3,5,0.6,4,4,1.0,0,4,4,7,3,1,1,0,27,10,0,2007-08,Regular Season,1497,Chauncey Billups
22007,1497,0020700544,2008-01-13,DET @ NYK,L,28,5,8,0.625,2,3,0.667,2,2,1.0,0,4,4,4,1,0,1,1,14,-16,0,2007-08,Regular Season,1497,Chauncey Billups
22007,1497,0020700557,2008-01-15,DET vs. TOR,W,30,5,9,0.556,3,4,0.75,7,7,1.0,0,3,3,4,0,0,2,0,20,13,0,2007-08,Regular Season,1497,Chauncey Billups
22007,1497,0020700577,2008-01-18,DET vs. SAC,L,40,7,14,0.5,3,6,0.5,11,11,1.0,1,7,8,10,2,0,0,2,28,4,0,2007-08,Regular Season,1497,Chauncey Billups
22007,1497,0020700588,2008-01-19,DET @ CHI,L,40,8,16,0.5,3,5,0.6,8,9,0.889,0,1,1,5,3,0,2,2,27,-11,0,2007-08,Regular Season,1497,Chauncey Billups
22007,1497,0020700605,2008-01-21,DET @ ORL,L,35,5,11,0.455,1,3,0.333,7,8,0.875,0,2,2,5,3,0,4,3,18,3,0,2007-08,Regular Season,1497,Chauncey Billups
22007,1497,0020700610,2008-01-23,DET @ PHI,W,36,6,12,0.5,3,7,0.429,4,4,1.0,1,2,3,5,0,0,1,3,19,11,0,2007-08,Regular Season,1497,Chauncey Billups
22007,1497,0020700630,2008-01-25,DET vs. ORL,W,36,6,10,0.6,2,5,0.4,7,7,1.0,1,2,3,6,1,0,3,1,21,12,0,2007-08,Regular Season,1497,Chauncey Billups
22007,1497,0020700657,2008-01-29,DET @ IND,W,34,4,8,0.5,2,3,0.667,3,3,1.0,1,2,3,8,2,1,2,4,13,5,0,2007-08,Regular Season,1497,Chauncey Billups
22007,1497,0020700675,2008-01-31,DET vs. LAL,W,32,5,10,0.5,3,5,0.6,3,4,0.75,0,3,3,7,2,0,3,1,16,-5,0,2007-08,Regular Season,1497,Chauncey Billups
22007,1497,0020700697,2008-02-03,DET vs. DAL,W,32,4,12,0.333,0,3,0.0,1,2,0.5,1,1,2,6,0,0,3,3,9,12,0,2007-08,Regular Season,1497,Chauncey Billups
22007,1497,0020700717,2008-02-06,DET vs. MIA,W,33,3,10,0.3,1,3,0.333,8,8,1.0,0,2,2,10,0,0,2,1,15,16,0,2007-08,Regular Season,1497,Chauncey Billups
22007,1497,0020700731,2008-02-08,DET vs. POR,W,24,6,12,0.5,3,6,0.5,2,3,0.667,0,1,1,5,0,0,1,1,17,9,0,2007-08,Regular Season,1497,Chauncey Billups
22007,1497,0020700747,2008-02-10,DET vs. CHA,W,23,4,10,0.4,2,4,0.5,1,1,1.0,0,3,3,7,4,0,0,2,11,20,0,2007-08,Regular Season,1497,Chauncey Billups
22007,1497,0020700758,2008-02-12,DET @ ATL,W,29,5,16,0.313,2,6,0.333,4,4,1.0,1,3,4,8,0,0,0,1,16,8,0,2007-08,Regular Season,1497,Chauncey Billups
22007,1497,0020700770,2008-02-13,DET vs. IND,W,30,4,9,0.444,1,4,0.25,5,5,1.0,0,1,1,6,3,0,1,1,14,26,0,2007-08,Regular Season,1497,Chauncey Billups
22007,1497,0020700782,2008-02-19,DET vs. ORL,L,24,3,13,0.231,1,3,0.333,2,2,1.0,1,0,1,5,1,0,2,0,9,-12,0,2007-08,Regular Season,1497,Chauncey Billups
22007,1497,0020700794,2008-02-20,DET @ MIL,L,38,9,19,0.474,2,7,0.286,14,14,1.0,1,0,1,6,2,0,1,5,34,4,0,2007-08,Regular Season,1497,Chauncey Billups
22007,1497,0020700808,2008-02-22,DET vs. MIL,W,29,4,9,0.444,3,6,0.5,10,12,0.833,1,1,2,12,0,1,1,1,21,20,0,2007-08,Regular Season,1497,Chauncey Billups
22007,1497,0020700823,2008-02-24,DET @ PHX,W,30,5,15,0.333,2,6,0.333,2,2,1.0,0,3,3,11,1,1,2,1,14,38,0,2007-08,Regular Season,1497,Chauncey Billups
22007,1497,0020700835,2008-02-25,DET @ DEN,W,34,5,12,0.417,3,8,0.375,7,7,1.0,0,1,1,8,2,0,2,3,20,1,0,2007-08,Regular Season,1497,Chauncey Billups
22007,1497,0020700852,2008-02-27,DET @ UTA,L,34,7,15,0.467,3,5,0.6,4,5,0.8,2,2,4,4,1,0,3,2,21,-10,0,2007-08,Regular Season,1497,Chauncey Billups
22007,1497,0020700891,2008-03-04,DET vs. SEA,W,32,4,9,0.444,4,7,0.571,8,8,1.0,0,1,1,9,5,0,4,2,20,-13,0,2007-08,Regular Season,1497,Chauncey Billups
22007,1497,0020700899,2008-03-05,DET @ BOS,L,37,4,12,0.333,1,4,0.25,14,15,0.933,0,5,5,7,1,2,2,4,23,-6,0,2007-08,Regular Season,1497,Chauncey Billups
22007,1497,0020700915,2008-03-07,DET @ NYK,W,34,4,9,0.444,0,3,0.0,4,5,0.8,2,3,5,5,1,0,3,2,12,5,0,2007-08,Regular Season,1497,Chauncey Billups
22007,1497,0020700937,2008-03-09,DET vs. CHI,W,35,9,12,0.75,3,4,0.75,13,14,0.929,0,2,2,4,0,0,2,2,34,8,0,2007-08,Regular Season,1497,Chauncey Billups
22007,1497,0020700957,2008-03-12,DET vs. PHI,L,33,4,9,0.444,2,4,0.5,5,6,0.833,1,0,1,2,1,2,1,1,15,2,0,2007-08,Regular Season,1497,Chauncey Billups
22007,1497,0020700969,2008-03-14,DET vs. SAS,W,37,3,12,0.25,0,5,0.0,0,0,0.0,1,3,4,8,1,0,2,2,6,1,0,2007-08,Regular Season,1497,Chauncey Billups
22007,1497,0020700986,2008-03-16,DET vs. NOH,W,30,6,10,0.6,2,4,0.5,3,3,1.0,0,1,1,5,2,0,1,1,17,-3,0,2007-08,Regular Season,1497,Chauncey Billups
22007,1497,0020700999,2008-03-18,DET vs. DEN,W,27,5,9,0.556,0,1,0.0,4,4,1.0,0,2,2,10,1,0,6,3,14,15,0,2007-08,Regular Season,1497,Chauncey Billups
22007,1497,0020701011,2008-03-19,DET @ CLE,L,35,4,12,0.333,2,5,0.4,0,0,0.0,2,3,5,4,1,0,1,1,10,-14,0,2007-08,Regular Season,1497,Chauncey Billups
22007,1497,0020701042,2008-03-23,DET @ WAS,L,37,5,9,0.556,1,2,0.5,0,0,0.0,1,2,3,11,1,0,4,2,11,-12,0,2007-08,Regular Season,1497,Chauncey Billups
22007,1497,0020701047,2008-03-24,DET vs. PHX,W,45,8,18,0.444,1,7,0.143,15,16,0.938,0,1,1,6,2,0,2,2,32,0,0,2007-08,Regular Season,1497,Chauncey Billups
22007,1497,0020701058,2008-03-26,DET @ TOR,L,39,8,19,0.421,4,8,0.5,4,4,1.0,1,4,5,9,2,0,5,1,24,-3,0,2007-08,Regular Season,1497,Chauncey Billups
22007,1497,0020701070,2008-03-27,DET vs. MIA,W,34,5,9,0.556,0,2,0.0,3,3,1.0,1,2,3,11,0,0,5,4,13,4,0,2007-08,Regular Season,1497,Chauncey Billups
22007,1497,0020701085,2008-03-29,DET vs. CLE,W,25,6,10,0.6,0,1,0.0,1,1,1.0,0,2,2,4,0,0,2,0,13,13,0,2007-08,Regular Season,1497,Chauncey Billups
22007,1497,0020701129,2008-04-04,DET vs. NJN,W,22,4,9,0.444,1,3,0.333,1,1,1.0,2,1,3,4,1,1,2,4,10,12,0,2007-08,Regular Season,1497,Chauncey Billups
22007,1497,0020701143,2008-04-06,DET @ MIA,W,24,3,5,0.6,1,1,1.0,1,1,1.0,0,0,0,6,0,0,3,1,8,5,0,2007-08,Regular Season,1497,Chauncey Billups
22007,1497,0020701156,2008-04-08,DET vs. NYK,L,27,3,14,0.214,1,5,0.2,4,4,1.0,0,1,1,3,2,0,1,0,11,-15,0,2007-08,Regular Season,1497,Chauncey Billups
22007,1497,0020701165,2008-04-09,DET @ PHI,L,29,5,9,0.556,4,5,0.8,4,4,1.0,0,5,5,5,2,0,1,0,18,-1,0,2007-08,Regular Season,1497,Chauncey Billups
22007,1497,0020701183,2008-04-11,DET vs. WAS,W,23,5,8,0.625,3,6,0.5,0,0,0.0,0,3,3,6,1,0,2,1,13,27,0,2007-08,Regular Season,1497,Chauncey Billups
22007,1497,0020701199,2008-04-13,DET vs. TOR,W,25,4,11,0.364,2,6,0.333,4,5,0.8,0,0,0,4,1,0,2,1,14,2,0,2007-08,Regular Season,1497,Chauncey Billups
22007,1497,0020701213,2008-04-15,DET vs. MIN,W,25,4,8,0.5,1,3,0.333,8,8,1.0,0,1,1,6,1,0,0,2,17,5,0,2007-08,Regular Season,1497,Chauncey Billups
22007,1497,0020701219,2008-04-16,DET @ CLE,W,12,1,1,1.0,0,0,0.0,2,2,1.0,0,2,2,1,0,0,1,0,4,-8,0,2007-08,Regular Season,1497,Chauncey Billups
42007,1497,0040700111,2008-04-20,DET vs. PHI,L,35,3,9,0.333,1,3,0.333,7,10,0.7,0,2,2,4,1,0,0,3,14,-7,0,2007-08,Playoffs,1497,Chauncey Billups
42007,1497,0040700112,2008-04-23,DET vs. PHI,W,30,3,6,0.5,2,4,0.5,1,1,1.0,0,4,4,6,0,1,1,3,9,26,0,2007-08,Playoffs,1497,Chauncey Billups
42007,1497,0040700113,2008-04-25,DET @ PHI,L,33,2,11,0.182,0,5,0.0,7,8,0.875,0,4,4,4,0,0,3,2,11,-15,0,2007-08,Playoffs,1497,Chauncey Billups
42007,1497,0040700114,2008-04-27,DET @ PHI,W,41,4,16,0.25,1,7,0.143,9,10,0.9,1,5,6,7,2,0,3,2,18,4,0,2007-08,Playoffs,1497,Chauncey Billups
42007,1497,0040700115,2008-04-29,DET vs. PHI,W,37,7,14,0.5,3,6,0.5,4,6,0.667,0,2,2,12,0,0,3,2,21,24,0,2007-08,Playoffs,1497,Chauncey Billups
42007,1497,0040700116,2008-05-01,DET @ PHI,W,31,8,11,0.727,3,5,0.6,1,1,1.0,1,2,3,7,2,0,1,3,20,37,0,2007-08,Playoffs,1497,Chauncey Billups
42007,1497,0040700211,2008-05-03,DET vs. ORL,W,33,5,14,0.357,1,2,0.5,8,9,0.889,0,2,2,7,0,0,1,1,19,6,0,2007-08,Playoffs,1497,Chauncey Billups
42007,1497,0040700212,2008-05-05,DET vs. ORL,W,36,8,19,0.421,2,5,0.4,10,10,1.0,1,4,5,4,1,0,1,2,28,2,0,2007-08,Playoffs,1497,Chauncey Billups
42007,1497,0040700213,2008-05-07,DET @ ORL,L,4,1,1,1.0,0,0,0.0,0,0,0.0,0,0,0,0,0,0,0,0,2,-4,0,2007-08,Playoffs,1497,Chauncey Billups
42007,1497,0040700301,2008-05-20,DET @ BOS,L,31,3,6,0.5,1,3,0.333,2,4,0.5,0,2,2,2,2,0,2,1,9,-18,0,2007-08,Playoffs,1497,Chauncey Billups
42007,1497,0040700302,2008-05-22,DET @ BOS,W,32,5,10,0.5,2,2,1.0,7,8,0.875,0,0,0,7,1,0,0,2,19,4,0,2007-08,Playoffs,1497,Chauncey Billups
42007,1497,0040700303,2008-05-24,DET vs. BOS,L,27,1,6,0.167,1,4,0.25,3,4,0.75,0,3,3,4,0,0,2,3,6,-25,0,2007-08,Playoffs,1497,Chauncey Billups
42007,1497,0040700304,2008-05-26,DET vs. BOS,W,32,3,12,0.25,1,3,0.333,3,5,0.6,0,0,0,7,2,0,0,3,10,15,0,2007-08,Playoffs,1497,Chauncey Billups
42007,1497,0040700305,2008-05-28,DET @ BOS,L,36,7,17,0.412,3,7,0.429,9,9,1.0,0,5,5,6,1,0,3,4,26,-13,0,2007-08,Playoffs,1497,Chauncey Billups
42007,1497,0040700306,2008-05-30,DET vs. BOS,L,41,9,20,0.45,3,8,0.375,8,10,0.8,3,3,6,6,0,0,0,1,29,-9,0,2007-08,Playoffs,1497,Chauncey Billups
22007,739,0020700012,2007-11-01,DET @ MIA,W,37,4,13,0.308,2,4,0.5,1,2,0.5,1,7,8,2,2,2,2,4,11,13,0,2007-08,Regular Season,739,Rasheed Wallace
22007,739,0020700016,2007-11-02,DET @ ORL,W,31,6,10,0.6,2,4,0.5,2,2,1.0,0,7,7,1,2,3,2,4,16,14,0,2007-08,Regular Season,739,Rasheed Wallace
22007,739,0020700039,2007-11-04,DET vs. ATL,W,37,3,12,0.25,0,3,0.0,2,4,0.5,1,5,6,5,1,3,0,3,8,3,0,2007-08,Regular Season,739,Rasheed Wallace
22007,739,0020700064,2007-11-08,DET @ CHI,L,42,12,24,0.5,3,7,0.429,9,11,0.818,2,7,9,1,0,0,0,2,36,1,0,2007-08,Regular Season,739,Rasheed Wallace
22007,739,0020700072,2007-11-09,DET vs. LAC,W,15,2,4,0.5,0,0,0.0,2,2,1.0,1,3,4,1,0,0,1,4,6,-3,0,2007-08,Regular Season,739,Rasheed Wallace
22007,739,0020700091,2007-11-11,DET @ SEA,W,36,6,12,0.5,3,5,0.6,0,0,0.0,0,7,7,2,1,1,1,4,15,21,0,2007-08,Regular Season,739,Rasheed Wallace
22007,739,0020700103,2007-11-13,DET @ POR,L,41,6,13,0.462,3,6,0.5,0,0,0.0,1,5,6,4,1,1,2,3,15,3,0,2007-08,Regular Season,739,Rasheed Wallace
22007,739,0020700116,2007-11-14,DET @ GSW,W,31,8,18,0.444,2,4,0.5,4,4,1.0,1,8,9,3,1,0,1,4,22,7,0,2007-08,Regular Season,739,Rasheed Wallace
22007,739,0020700129,2007-11-16,DET @ LAL,L,32,5,14,0.357,1,4,0.25,2,2,1.0,2,6,8,0,1,0,3,3,13,-10,0,2007-08,Regular Season,739,Rasheed Wallace
22007,739,0020700143,2007-11-18,DET @ SAC,L,40,7,10,0.7,0,2,0.0,3,4,0.75,1,11,12,2,1,1,1,3,17,-2,0,2007-08,Regular Season,739,Rasheed Wallace
22007,739,0020700161,2007-11-21,DET vs. NYK,W,16,3,7,0.429,2,4,0.5,0,0,0.0,0,3,3,0,1,1,1,2,8,17,0,2007-08,Regular Season,739,Rasheed Wallace
22007,739,0020700214,2007-11-28,DET vs. CLE,W,25,3,8,0.375,0,4,0.0,3,3,1.0,2,6,8,3,2,2,1,0,9,14,0,2007-08,Regular Season,739,Rasheed Wallace
22007,739,0020700240,2007-12-01,DET @ MIL,W,30,6,17,0.353,1,3,0.333,2,2,1.0,5,5,10,0,0,1,0,0,15,15,0,2007-08,Regular Season,739,Rasheed Wallace
22007,739,0020700246,2007-12-02,DET vs. NJN,W,30,5,9,0.556,2,6,0.333,0,2,0.0,1,5,6,2,2,2,0,1,12,6,0,2007-08,Regular Season,739,Rasheed Wallace
22007,739,0020700256,2007-12-04,DET @ ATL,W,16,4,5,0.8,2,2,1.0,1,1,1.0,0,4,4,3,2,1,2,4,11,7,0,2007-08,Regular Season,739,Rasheed Wallace
22007,739,0020700267,2007-12-05,DET @ NOH,W,35,5,13,0.385,1,4,0.25,2,2,1.0,1,9,10,2,1,1,0,2,13,11,0,2007-08,Regular Season,739,Rasheed Wallace
22007,739,0020700279,2007-12-07,DET vs. CHI,L,40,7,17,0.412,3,7,0.429,1,1,1.0,1,6,7,3,2,3,0,1,18,-4,0,2007-08,Regular Season,739,Rasheed Wallace
22007,739,0020700296,2007-12-09,DET vs. CHA,W,25,3,6,0.5,1,4,0.25,0,0,0.0,4,3,7,1,2,0,1,3,7,20,0,2007-08,Regular Season,739,Rasheed Wallace
22007,739,0020700310,2007-12-11,DET @ MEM,W,30,3,11,0.273,0,4,0.0,2,4,0.5,0,5,5,2,3,2,0,4,8,5,0,2007-08,Regular Season,739,Rasheed Wallace
22007,739,0020700321,2007-12-12,DET @ HOU,L,33,7,17,0.412,2,6,0.333,5,5,1.0,1,7,8,2,0,1,1,6,21,1,0,2007-08,Regular Season,739,Rasheed Wallace
22007,739,0020700332,2007-12-14,DET vs. ATL,W,28,2,7,0.286,0,1,0.0,0,2,0.0,0,2,2,1,1,1,0,5,4,-1,0,2007-08,Regular Season,739,Rasheed Wallace
22007,739,0020700350,2007-12-16,DET vs. GSW,W,23,3,10,0.3,0,2,0.0,0,0,0.0,1,5,6,2,2,2,1,2,6,-3,0,2007-08,Regular Season,739,Rasheed Wallace
22007,739,0020700369,2007-12-19,DET @ BOS,W,37,3,10,0.3,3,5,0.6,0,0,0.0,2,11,13,3,2,1,5,5,9,-2,0,2007-08,Regular Season,739,Rasheed Wallace
22007,739,0020700386,2007-12-21,DET vs. MEM,W,30,3,9,0.333,1,4,0.25,0,0,0.0,2,4,6,2,3,2,0,1,7,17,0,2007-08,Regular Season,739,Rasheed Wallace
22007,739,0020700401,2007-12-23,DET vs. HOU,W,29,5,7,0.714,2,2,1.0,2,2,1.0,1,9,10,2,1,1,3,3,14,15,0,2007-08,Regular Season,739,Rasheed Wallace
22007,739,0020700412,2007-12-26,DET @ NJN,W,33,6,11,0.545,1,3,0.333,0,0,0.0,1,5,6,1,1,2,0,2,13,12,0,2007-08,Regular Season,739,Rasheed Wallace
22007,739,0020700425,2007-12-28,DET vs. IND,W,28,4,12,0.333,0,2,0.0,2,2,1.0,0,5,5,1,1,3,0,3,10,8,0,2007-08,Regular Season,739,Rasheed Wallace
22007,739,0020700437,2007-12-29,DET @ IND,W,36,4,11,0.364,1,5,0.2,1,2,0.5,1,9,10,2,2,2,2,3,10,10,0,2007-08,Regular Season,739,Rasheed Wallace
22007,739,0020700451,2007-12-31,DET vs. MIL,W,32,3,8,0.375,1,4,0.25,0,0,0.0,0,3,3,4,2,1,1,2,7,24,0,2007-08,Regular Season,739,Rasheed Wallace
22007,739,0020700457,2008-01-02,DET @ WAS,W,33,6,15,0.4,3,7,0.429,1,1,1.0,0,8,8,3,0,2,5,3,16,17,0,2007-08,Regular Season,739,Rasheed Wallace
22007,739,0020700472,2008-01-04,DET @ TOR,W,34,7,12,0.583,5,7,0.714,1,2,0.5,1,5,6,1,0,0,2,4,20,12,0,2007-08,Regular Season,739,Rasheed Wallace
22007,739,0020700485,2008-01-05,DET vs. BOS,L,36,7,16,0.438,2,4,0.5,0,0,0.0,0,8,8,0,0,4,1,3,16,0,0,2007-08,Regular Season,739,Rasheed Wallace
22007,739,0020700516,2008-01-09,DET @ DAL,L,31,4,9,0.444,1,1,1.0,0,0,0.0,1,10,11,0,0,3,2,2,9,-15,0,2007-08,Regular Season,739,Rasheed Wallace
22007,739,0020700520,2008-01-10,DET @ SAS,W,40,9,15,0.6,1,4,0.25,4,4,1.0,2,13,15,3,3,2,1,3,23,9,0,2007-08,Regular Season,739,Rasheed Wallace
22007,739,0020700535,2008-01-12,DET @ CHA,W,36,4,11,0.364,0,3,0.0,2,2,1.0,2,4,6,2,4,2,1,5,10,3,0,2007-08,Regular Season,739,Rasheed Wallace
22007,739,0020700544,2008-01-13,DET @ NYK,L,25,3,9,0.333,0,3,0.0,0,0,0.0,1,2,3,1,0,0,1,2,6,-18,0,2007-08,Regular Season,739,Rasheed Wallace
22007,739,0020700557,2008-01-15,DET vs. TOR,W,31,3,11,0.273,0,2,0.0,3,3,1.0,1,3,4,2,1,1,2,0,9,14,0,2007-08,Regular Season,739,Rasheed Wallace
22007,739,0020700577,2008-01-18,DET vs. SAC,L,34,3,12,0.25,1,6,0.167,0,2,0.0,5,2,7,4,1,1,0,4,7,-7,0,2007-08,Regular Season,739,Rasheed Wallace
22007,739,0020700588,2008-01-19,DET @ CHI,L,25,2,8,0.25,0,3,0.0,0,0,0.0,0,5,5,2,0,3,0,4,4,-7,0,2007-08,Regular Season,739,Rasheed Wallace
22007,739,0020700605,2008-01-21,DET @ ORL,L,39,6,15,0.4,1,3,0.333,2,6,0.333,3,12,15,2,5,0,2,3,15,5,0,2007-08,Regular Season,739,Rasheed Wallace
22007,739,0020700610,2008-01-23,DET @ PHI,W,36,2,6,0.333,1,3,0.333,2,2,1.0,1,5,6,6,0,3,1,1,7,-2,0,2007-08,Regular Season,739,Rasheed Wallace
22007,739,0020700630,2008-01-25,DET vs. ORL,W,29,7,8,0.875,1,2,0.5,0,0,0.0,2,2,4,0,2,1,3,6,15,24,0,2007-08,Regular Season,739,Rasheed Wallace
22007,739,0020700657,2008-01-29,DET @ IND,W,33,10,18,0.556,1,5,0.2,3,4,0.75,2,8,10,0,1,3,2,2,24,-1,0,2007-08,Regular Season,739,Rasheed Wallace
22007,739,0020700675,2008-01-31,DET vs. LAL,W,30,3,13,0.231,0,4,0.0,0,0,0.0,1,3,4,0,3,4,2,5,6,7,0,2007-08,Regular Season,739,Rasheed Wallace
22007,739,0020700697,2008-02-03,DET vs. DAL,W,34,9,18,0.5,3,4,0.75,0,0,0.0,2,7,9,3,1,4,1,3,21,21,0,2007-08,Regular Season,739,Rasheed Wallace
22007,739,0020700717,2008-02-06,DET vs. MIA,W,38,9,15,0.6,1,2,0.5,7,9,0.778,3,7,10,3,1,1,1,2,26,8,0,2007-08,Regular Season,739,Rasheed Wallace
22007,739,0020700731,2008-02-08,DET vs. POR,W,21,3,7,0.429,3,4,0.75,0,0,0.0,0,6,6,2,2,1,0,2,9,15,0,2007-08,Regular Season,739,Rasheed Wallace
22007,739,0020700747,2008-02-10,DET vs. CHA,W,27,3,8,0.375,1,5,0.2,1,2,0.5,0,4,4,5,2,1,0,2,8,18,0,2007-08,Regular Season,739,Rasheed Wallace
22007,739,0020700758,2008-02-12,DET @ ATL,W,37,7,10,0.7,3,6,0.5,4,6,0.667,0,3,3,2,5,2,1,6,21,-3,0,2007-08,Regular Season,739,Rasheed Wallace
22007,739,0020700770,2008-02-13,DET vs. IND,W,21,2,7,0.286,2,4,0.5,2,2,1.0,0,5,5,4,0,1,1,2,8,18,0,2007-08,Regular Season,739,Rasheed Wallace
22007,739,0020700782,2008-02-19,DET vs. ORL,L,27,5,13,0.385,0,3,0.0,0,0,0.0,2,4,6,3,1,4,1,4,10,-21,0,2007-08,Regular Season,739,Rasheed Wallace
22007,739,0020700794,2008-02-20,DET @ MIL,L,38,7,19,0.368,5,10,0.5,2,2,1.0,1,4,5,0,3,2,3,4,21,0,0,2007-08,Regular Season,739,Rasheed Wallace
22007,739,0020700808,2008-02-22,DET vs. MIL,W,27,5,8,0.625,1,3,0.333,6,6,1.0,1,5,6,1,1,3,0,2,17,25,0,2007-08,Regular Season,739,Rasheed Wallace
22007,739,0020700823,2008-02-24,DET @ PHX,W,26,8,10,0.8,1,2,0.5,5,5,1.0,1,7,8,1,0,0,0,4,22,24,0,2007-08,Regular Season,739,Rasheed Wallace
22007,739,0020700835,2008-02-25,DET @ DEN,W,36,4,12,0.333,2,5,0.4,0,0,0.0,1,8,9,0,1,1,1,3,10,6,0,2007-08,Regular Season,739,Rasheed Wallace
22007,739,0020700852,2008-02-27,DET @ UTA,L,40,2,13,0.154,0,5,0.0,7,10,0.7,2,8,10,2,0,3,1,2,11,2,0,2007-08,Regular Season,739,Rasheed Wallace
22007,739,0020700874,2008-03-01,DET @ LAC,W,26,7,9,0.778,2,2,1.0,1,1,1.0,0,6,6,2,0,4,0,2,17,18,0,2007-08,Regular Season,739,Rasheed Wallace
22007,739,0020700891,2008-03-04,DET vs. SEA,W,24,3,8,0.375,1,2,0.5,0,0,0.0,2,4,6,2,1,3,1,3,7,-6,0,2007-08,Regular Season,739,Rasheed Wallace
22007,739,0020700899,2008-03-05,DET @ BOS,L,36,10,24,0.417,3,10,0.3,0,3,0.0,1,3,4,0,1,0,1,5,23,-15,0,2007-08,Regular Season,739,Rasheed Wallace
22007,739,0020700957,2008-03-12,DET vs. PHI,L,34,8,18,0.444,1,7,0.143,0,0,0.0,0,5,5,1,1,1,2,3,17,14,0,2007-08,Regular Season,739,Rasheed Wallace
22007,739,0020700969,2008-03-14,DET vs. SAS,W,39,5,13,0.385,0,3,0.0,0,0,0.0,2,6,8,1,0,3,1,1,10,-3,0,2007-08,Regular Season,739,Rasheed Wallace
22007,739,0020700986,2008-03-16,DET vs. NOH,W,33,4,7,0.571,2,3,0.667,0,0,0.0,1,3,4,3,1,1,1,4,10,12,0,2007-08,Regular Season,739,Rasheed Wallace
22007,739,0020700999,2008-03-18,DET vs. DEN,W,30,8,13,0.615,5,8,0.625,0,0,0.0,0,5,5,6,1,0,2,3,21,3,0,2007-08,Regular Season,739,Rasheed Wallace
22007,739,0020701011,2008-03-19,DET @ CLE,L,35,6,17,0.353,2,8,0.25,2,2,1.0,0,6,6,0,0,3,2,2,16,-20,0,2007-08,Regular Season,739,Rasheed Wallace
22007,739,0020701042,2008-03-23,DET @ WAS,L,27,3,12,0.25,3,4,0.75,2,2,1.0,1,3,4,2,0,1,1,3,11,-6,0,2007-08,Regular Season,739,Rasheed Wallace
22007,739,0020701047,2008-03-24,DET vs. PHX,W,39,9,21,0.429,5,10,0.5,0,0,0.0,0,9,9,2,1,2,1,5,23,6,0,2007-08,Regular Season,739,Rasheed Wallace
22007,739,0020701058,2008-03-26,DET @ TOR,L,35,5,11,0.455,4,7,0.571,1,2,0.5,0,2,2,1,2,0,1,4,15,-1,0,2007-08,Regular Season,739,Rasheed Wallace
22007,739,0020701070,2008-03-27,DET vs. MIA,W,31,5,9,0.556,2,4,0.5,1,1,1.0,1,3,4,1,2,0,0,0,13,15,0,2007-08,Regular Season,739,Rasheed Wallace
22007,739,0020701085,2008-03-29,DET vs. CLE,W,26,3,8,0.375,1,4,0.25,2,2,1.0,1,6,7,0,0,3,0,0,9,12,0,2007-08,Regular Season,739,Rasheed Wallace
22007,739,0020701129,2008-04-04,DET vs. NJN,W,24,7,11,0.636,2,5,0.4,1,2,0.5,3,5,8,2,0,1,2,3,17,25,0,2007-08,Regular Season,739,Rasheed Wallace
22007,739,0020701143,2008-04-06,DET @ MIA,W,21,2,6,0.333,0,1,0.0,0,0,0.0,0,3,3,1,1,2,2,1,4,1,0,2007-08,Regular Season,739,Rasheed Wallace
22007,739,0020701156,2008-04-08,DET vs. NYK,L,23,3,11,0.273,0,5,0.0,0,0,0.0,3,4,7,2,1,2,1,2,6,-7,0,2007-08,Regular Season,739,Rasheed Wallace
22007,739,0020701165,2008-04-09,DET @ PHI,L,19,3,7,0.429,0,2,0.0,2,2,1.0,0,4,4,0,0,0,1,2,8,-7,0,2007-08,Regular Season,739,Rasheed Wallace
22007,739,0020701183,2008-04-11,DET vs. WAS,W,23,3,9,0.333,1,5,0.2,2,2,1.0,0,9,9,0,1,3,0,1,9,27,0,2007-08,Regular Season,739,Rasheed Wallace
22007,739,0020701199,2008-04-13,DET vs. TOR,W,25,2,6,0.333,0,1,0.0,0,0,0.0,1,4,5,1,1,1,0,1,4,6,0,2007-08,Regular Season,739,Rasheed Wallace
22007,739,0020701213,2008-04-15,DET vs. MIN,W,24,1,4,0.25,0,1,0.0,3,4,0.75,0,4,4,1,0,5,0,2,5,6,0,2007-08,Regular Season,739,Rasheed Wallace
22007,739,0020701219,2008-04-16,DET @ CLE,W,12,1,3,0.333,0,2,0.0,0,0,0.0,0,3,3,0,0,2,1,0,2,-8,0,2007-08,Regular Season,739,Rasheed Wallace
42007,739,0040700111,2008-04-20,DET vs. PHI,L,40,9,21,0.429,2,6,0.333,4,4,1.0,2,7,9,1,1,7,2,4,24,-5,0,2007-08,Playoffs,739,Rasheed Wallace
42007,739,0040700112,2008-04-23,DET vs. PHI,W,27,6,10,0.6,2,4,0.5,2,2,1.0,1,6,7,1,2,3,1,3,16,22,0,2007-08,Playoffs,739,Rasheed Wallace
42007,739,0040700113,2008-04-25,DET @ PHI,L,34,1,6,0.167,0,3,0.0,0,2,0.0,1,4,5,1,1,4,4,4,2,-17,0,2007-08,Playoffs,739,Rasheed Wallace
42007,739,0040700114,2008-04-27,DET @ PHI,W,43,5,12,0.417,4,7,0.571,6,8,0.75,2,8,10,3,1,0,5,4,20,13,0,2007-08,Playoffs,739,Rasheed Wallace
42007,739,0040700115,2008-04-29,DET vs. PHI,W,31,8,12,0.667,3,4,0.75,0,0,0.0,1,5,6,3,1,6,4,2,19,20,0,2007-08,Playoffs,739,Rasheed Wallace
42007,739,0040700116,2008-05-01,DET @ PHI,W,25,2,8,0.25,2,5,0.4,0,0,0.0,0,2,2,1,0,0,0,4,6,20,0,2007-08,Playoffs,739,Rasheed Wallace
42007,739,0040700211,2008-05-03,DET vs. ORL,W,30,3,9,0.333,2,4,0.5,0,0,0.0,1,4,5,3,1,0,1,1,8,1,0,2007-08,Playoffs,739,Rasheed Wallace
42007,739,0040700212,2008-05-05,DET vs. ORL,W,32,7,10,0.7,0,2,0.0,3,5,0.6,1,2,3,3,0,0,1,5,17,-2,0,2007-08,Playoffs,739,Rasheed Wallace
42007,739,0040700213,2008-05-07,DET @ ORL,L,28,4,15,0.267,1,4,0.25,2,4,0.5,0,4,4,0,1,0,0,4,11,-30,0,2007-08,Playoffs,739,Rasheed Wallace
42007,739,0040700214,2008-05-10,DET @ ORL,W,42,7,15,0.467,0,4,0.0,2,2,1.0,1,7,8,1,3,0,1,4,16,-9,0,2007-08,Playoffs,739,Rasheed Wallace
42007,739,0040700215,2008-05-13,DET vs. ORL,W,39,7,20,0.35,0,6,0.0,0,0,0.0,1,6,7,1,3,1,2,4,14,8,0,2007-08,Playoffs,739,Rasheed Wallace
42007,739,0040700301,2008-05-20,DET @ BOS,L,38,3,12,0.25,0,3,0.0,5,6,0.833,1,4,5,4,2,0,1,4,11,-6,0,2007-08,Playoffs,739,Rasheed Wallace
42007,739,0040700302,2008-05-22,DET @ BOS,W,36,4,7,0.571,2,4,0.5,3,4,0.75,0,10,10,2,0,0,2,3,13,7,0,2007-08,Playoffs,739,Rasheed Wallace
42007,739,0040700303,2008-05-24,DET vs. BOS,L,37,6,13,0.462,0,3,0.0,0,0,0.0,2,6,8,1,1,3,1,6,12,-3,0,2007-08,Playoffs,739,Rasheed Wallace
42007,739,0040700304,2008-05-26,DET vs. BOS,W,32,6,9,0.667,0,1,0.0,2,2,1.0,1,4,5,1,1,5,1,5,14,23,0,2007-08,Playoffs,739,Rasheed Wallace
42007,739,0040700305,2008-05-28,DET @ BOS,L,39,6,12,0.5,6,9,0.667,0,0,0.0,1,3,4,0,1,3,0,5,18,-9,0,2007-08,Playoffs,739,Rasheed Wallace
42007,739,0040700306,2008-05-30,DET vs. BOS,L,32,2,12,0.167,0,6,0.0,0,0,0.0,3,7,10,2,0,1,3,5,4,-15,0,2007-08,Playoffs,739,Rasheed Wallace
22007,1112,0020700007,2007-10-31,CHI @ NJN,L,38,3,7,0.429,0,0,0.0,1,4,0.25,4,1,5,2,0,1,1,2,7,6,0,2007-08,Regular Season,1112,Ben Wallace
22007,1112,0020700024,2007-11-02,CHI vs. PHI,L,25,0,3,0.0,0,0,0.0,1,2,0.5,3,1,4,2,0,2,1,2,1,-8,0,2007-08,Regular Season,1112,Ben Wallace
22007,1112,0020700031,2007-11-03,CHI @ MIL,L,27,2,4,0.5,0,0,0.0,1,2,0.5,1,1,2,2,0,2,1,2,5,-15,0,2007-08,Regular Season,1112,Ben Wallace
22007,1112,0020700049,2007-11-06,CHI vs. LAC,L,27,1,6,0.167,0,0,0.0,0,2,0.0,3,3,6,0,1,1,1,2,2,5,0,2007-08,Regular Season,1112,Ben Wallace
22007,1112,0020700064,2007-11-08,CHI vs. DET,W,25,3,8,0.375,0,0,0.0,0,1,0.0,1,6,7,1,2,0,2,2,6,-8,0,2007-08,Regular Season,1112,Ben Wallace
22007,1112,0020700082,2007-11-10,CHI vs. TOR,L,18,0,0,0.0,0,0,0.0,0,0,0.0,1,4,5,2,1,1,1,1,0,-20,0,2007-08,Regular Season,1112,Ben Wallace
22007,1112,0020700118,2007-11-15,CHI @ PHX,L,23,1,5,0.2,0,0,0.0,3,4,0.75,4,6,10,1,1,1,1,2,5,-7,0,2007-08,Regular Season,1112,Ben Wallace
22007,1112,0020700140,2007-11-17,CHI @ LAC,W,43,4,8,0.5,0,0,0.0,1,5,0.2,8,5,13,1,6,3,0,3,9,17,0,2007-08,Regular Season,1112,Ben Wallace
22007,1112,0020700144,2007-11-18,CHI @ LAL,L,28,2,4,0.5,0,0,0.0,1,2,0.5,2,6,8,2,2,0,1,2,5,-17,0,2007-08,Regular Season,1112,Ben Wallace
22007,1112,0020700155,2007-11-20,CHI @ DEN,L,26,3,7,0.429,0,0,0.0,0,0,0.0,5,7,12,2,2,3,0,0,6,-13,0,2007-08,Regular Season,1112,Ben Wallace
22007,1112,0020700182,2007-11-24,CHI @ NYK,L,43,3,6,0.5,0,1,0.0,0,0,0.0,5,7,12,0,3,1,1,4,6,-6,0,2007-08,Regular Season,1112,Ben Wallace
22007,1112,0020700192,2007-11-25,CHI @ TOR,L,36,1,4,0.25,0,0,0.0,0,2,0.0,1,4,5,2,1,1,0,1,2,-14,0,2007-08,Regular Season,1112,Ben Wallace
22007,1112,0020700208,2007-11-27,CHI vs. ATL,W,37,3,8,0.375,0,0,0.0,0,2,0.0,4,8,12,2,1,1,0,1,6,15,0,2007-08,Regular Season,1112,Ben Wallace
22007,1112,0020700239,2007-12-01,CHI vs. CHA,W,41,4,10,0.4,0,0,0.0,2,3,0.667,8,11,19,2,5,4,1,0,10,21,0,2007-08,Regular Season,1112,Ben Wallace
22007,1112,0020700253,2007-12-03,CHI vs. DAL,L,48,2,10,0.2,0,0,0.0,0,1,0.0,2,6,8,1,0,0,0,1,4,-5,0,2007-08,Regular Season,1112,Ben Wallace
22007,1112,0020700265,2007-12-05,CHI @ CHA,W,22,0,3,0.0,0,0,0.0,0,0,0.0,2,6,8,1,1,2,1,0,0,-12,0,2007-08,Regular Season,1112,Ben Wallace
22007,1112,0020700279,2007-12-07,CHI @ DET,W,36,1,3,0.333,0,0,0.0,8,9,0.889,7,6,13,4,1,4,1,2,10,1,0,2007-08,Regular Season,1112,Ben Wallace
22007,1112,0020700291,2007-12-08,CHI vs. BOS,L,41,3,7,0.429,0,0,0.0,2,3,0.667,4,10,14,3,0,2,1,3,8,-12,0,2007-08,Regular Season,1112,Ben Wallace
22007,1112,0020700311,2007-12-11,CHI vs. SEA,W,24,2,5,0.4,0,0,0.0,0,0,0.0,2,5,7,1,0,1,1,0,4,17,0,2007-08,Regular Season,1112,Ben Wallace
22007,1112,0020700317,2007-12-12,CHI @ IND,L,25,0,3,0.0,0,0,0.0,0,0,0.0,3,3,6,2,1,2,0,2,0,-15,0,2007-08,Regular Season,1112,Ben Wallace
22007,1112,0020700335,2007-12-14,CHI vs. NYK,W,33,1,4,0.25,0,0,0.0,0,0,0.0,6,4,10,0,2,3,2,2,2,0,0,2007-08,Regular Season,1112,Ben Wallace
22007,1112,0020700363,2007-12-18,CHI vs. LAL,L,28,1,3,0.333,0,0,0.0,0,0,0.0,1,4,5,4,1,2,1,3,2,-8,0,2007-08,Regular Season,1112,Ben Wallace
22007,1112,0020700396,2007-12-22,CHI vs. HOU,L,28,0,4,0.0,0,0,0.0,0,0,0.0,4,1,5,4,1,3,1,2,0,-11,0,2007-08,Regular Season,1112,Ben Wallace
22007,1112,0020700414,2007-12-26,CHI @ SAS,L,34,1,4,0.25,0,0,0.0,0,0,0.0,1,4,5,4,2,0,1,2,2,4,0,2007-08,Regular Season,1112,Ben Wallace
22007,1112,0020700427,2007-12-28,CHI vs. MIL,W,34,1,3,0.333,0,0,0.0,2,2,1.0,3,7,10,3,2,4,2,1,4,2,0,2007-08,Regular Season,1112,Ben Wallace
22007,1112,0020700443,2007-12-30,CHI @ NYK,W,37,2,3,0.667,0,0,0.0,2,2,1.0,5,5,10,1,2,0,0,1,6,14,0,2007-08,Regular Season,1112,Ben Wallace
22007,1112,0020700450,2007-12-31,CHI vs. ORL,L,46,1,6,0.167,0,1,0.0,0,1,0.0,5,7,12,3,3,3,2,3,2,3,0,2007-08,Regular Season,1112,Ben Wallace
22007,1112,0020700458,2008-01-02,CHI @ CHA,W,37,3,6,0.5,0,0,0.0,1,4,0.25,3,7,10,4,1,3,3,4,7,17,0,2007-08,Regular Season,1112,Ben Wallace
22007,1112,0020700469,2008-01-03,CHI vs. POR,L,48,4,11,0.364,0,0,0.0,4,6,0.667,5,9,14,0,0,4,1,2,12,-2,0,2007-08,Regular Season,1112,Ben Wallace
22007,1112,0020700486,2008-01-05,CHI vs. SAC,W,33,0,3,0.0,0,0,0.0,1,6,0.167,6,5,11,3,2,1,0,1,1,9,0,2007-08,Regular Season,1112,Ben Wallace
22007,1112,0020700506,2008-01-08,CHI vs. NYK,L,38,2,6,0.333,0,0,0.0,0,0,0.0,5,5,10,3,2,1,0,1,4,-7,0,2007-08,Regular Season,1112,Ben Wallace
22007,1112,0020700523,2008-01-11,CHI @ PHI,W,33,2,6,0.333,0,0,0.0,2,3,0.667,6,2,8,2,2,1,3,2,6,-22,0,2007-08,Regular Season,1112,Ben Wallace
22007,1112,0020700542,2008-01-13,CHI @ ATL,L,33,1,5,0.2,0,0,0.0,1,4,0.25,4,9,13,3,0,1,1,2,3,-9,0,2007-08,Regular Season,1112,Ben Wallace
22007,1112,0020700555,2008-01-15,CHI @ ORL,L,22,2,4,0.5,0,0,0.0,0,0,0.0,2,1,3,2,0,0,0,2,4,-28,0,2007-08,Regular Season,1112,Ben Wallace
22007,1112,0020700564,2008-01-16,CHI @ MIA,W,33,3,5,0.6,0,0,0.0,1,2,0.5,3,4,7,1,1,1,1,2,7,20,0,2007-08,Regular Season,1112,Ben Wallace
22007,1112,0020700582,2008-01-18,CHI vs. GSW,L,22,3,5,0.6,0,1,0.0,1,6,0.167,2,2,4,0,1,2,2,1,7,2,0,2007-08,Regular Season,1112,Ben Wallace
22007,1112,0020700588,2008-01-19,CHI vs. DET,W,26,3,5,0.6,0,0,0.0,0,0,0.0,2,5,7,1,0,0,1,1,6,8,0,2007-08,Regular Season,1112,Ben Wallace
22007,1112,0020700604,2008-01-21,CHI @ MEM,L,31,1,4,0.25,0,0,0.0,0,0,0.0,6,7,13,1,2,1,1,1,2,-16,0,2007-08,Regular Season,1112,Ben Wallace
22007,1112,0020700617,2008-01-23,CHI vs. IND,W,24,1,4,0.25,0,0,0.0,1,4,0.25,0,5,5,2,0,1,0,2,3,-10,0,2007-08,Regular Season,1112,Ben Wallace
22007,1112,0020700632,2008-01-25,CHI vs. CHA,L,42,2,6,0.333,0,0,0.0,2,4,0.5,4,5,9,0,2,3,0,1,6,-24,0,2007-08,Regular Season,1112,Ben Wallace
22007,1112,0020700642,2008-01-27,CHI vs. PHX,L,32,2,4,0.5,0,0,0.0,0,0,0.0,3,4,7,1,1,0,0,2,4,-3,0,2007-08,Regular Season,1112,Ben Wallace
22007,1112,0020700660,2008-01-29,CHI vs. MIN,W,36,1,3,0.333,0,0,0.0,0,0,0.0,4,8,12,3,4,2,1,2,2,26,0,2007-08,Regular Season,1112,Ben Wallace
22007,1112,0020700670,2008-01-30,CHI @ MIN,L,33,1,1,1.0,0,0,0.0,3,4,0.75,1,7,8,0,3,2,1,3,5,-4,0,2007-08,Regular Season,1112,Ben Wallace
22007,1112,0020700694,2008-02-02,CHI @ SAC,L,35,4,6,0.667,0,0,0.0,1,4,0.25,3,6,9,2,0,4,3,5,9,-9,0,2007-08,Regular Season,1112,Ben Wallace
22007,1112,0020700706,2008-02-04,CHI @ SEA,W,31,3,7,0.429,0,0,0.0,1,4,0.25,8,2,10,7,3,1,0,1,7,20,0,2007-08,Regular Season,1112,Ben Wallace
22007,1112,0020700722,2008-02-06,CHI @ POR,L,36,5,8,0.625,0,1,0.0,2,6,0.333,2,6,8,0,0,0,0,0,12,3,0,2007-08,Regular Season,1112,Ben Wallace
22007,1112,0020700725,2008-02-07,CHI @ GSW,W,27,5,7,0.714,0,0,0.0,0,7,0.0,0,8,8,0,1,1,2,1,10,-5,0,2007-08,Regular Season,1112,Ben Wallace
22007,1112,0020700742,2008-02-09,CHI @ UTA,L,38,2,7,0.286,0,0,0.0,5,8,0.625,2,5,7,2,2,3,1,1,9,-11,0,2007-08,Regular Season,1112,Ben Wallace
22007,1112,0020700763,2008-02-12,CHI vs. NOH,L,35,4,11,0.364,0,0,0.0,1,2,0.5,6,10,16,1,0,1,3,0,9,-16,0,2007-08,Regular Season,1112,Ben Wallace
22007,1112,0020700793,2008-02-20,CHI @ NJN,L,33,2,9,0.222,0,0,0.0,2,4,0.5,3,6,9,2,1,0,1,3,6,1,0,2007-08,Regular Season,1112,Ben Wallace
22007,1112,0020700826,2008-02-24,CLE vs. MEM,W,34,5,6,0.833,0,0,0.0,2,4,0.5,1,9,10,0,2,1,3,2,12,12,0,2007-08,Regular Season,1112,Ben Wallace
22007,1112,0020700839,2008-02-26,CLE @ MIL,L,33,2,6,0.333,0,0,0.0,3,4,0.75,5,6,11,1,1,0,0,2,7,-14,0,2007-08,Regular Season,1112,Ben Wallace
22007,1112,0020700849,2008-02-27,CLE @ BOS,L,26,3,6,0.5,0,0,0.0,0,0,0.0,1,5,6,1,0,0,2,4,6,-17,0,2007-08,Regular Season,1112,Ben Wallace
22007,1112,0020700861,2008-02-29,CLE vs. MIN,W,29,4,5,0.8,0,0,0.0,0,0,0.0,4,5,9,0,0,2,0,0,8,10,0,2007-08,Regular Season,1112,Ben Wallace
22007,1112,0020700875,2008-03-02,CLE vs. CHI,W,36,2,6,0.333,0,0,0.0,3,8,0.375,2,6,8,0,2,2,1,3,7,12,0,2007-08,Regular Season,1112,Ben Wallace
22007,1112,0020700900,2008-03-05,CLE @ NYK,W,35,1,4,0.25,0,0,0.0,5,8,0.625,4,3,7,2,2,3,1,3,7,5,0,2007-08,Regular Season,1112,Ben Wallace
22007,1112,0020700909,2008-03-06,CLE @ CHI,L,28,1,4,0.25,0,0,0.0,0,0,0.0,2,8,10,1,0,2,2,3,2,-12,0,2007-08,Regular Season,1112,Ben Wallace
22007,1112,0020700924,2008-03-08,CLE vs. IND,W,24,1,3,0.333,0,0,0.0,0,3,0.0,2,4,6,0,0,2,0,1,2,16,0,2007-08,Regular Season,1112,Ben Wallace
22007,1112,0020700941,2008-03-10,CLE vs. POR,W,16,0,4,0.0,0,0,0.0,0,2,0.0,1,4,5,0,0,0,0,0,0,-7,0,2007-08,Regular Season,1112,Ben Wallace
22007,1112,0020700963,2008-03-13,CLE @ WAS,L,33,3,3,1.0,0,0,0.0,2,2,1.0,2,6,8,0,0,3,2,3,8,-6,0,2007-08,Regular Season,1112,Ben Wallace
22007,1112,0020700987,2008-03-16,CLE vs. CHA,W,28,2,4,0.5,0,0,0.0,0,0,0.0,6,9,15,0,3,1,0,1,4,10,0,2007-08,Regular Season,1112,Ben Wallace
22007,1112,0020700992,2008-03-17,CLE @ ORL,L,23,1,1,1.0,0,0,0.0,0,0,0.0,0,4,4,0,0,1,0,3,2,-1,0,2007-08,Regular Season,1112,Ben Wallace
22007,1112,0020701011,2008-03-19,CLE vs. DET,W,32,1,4,0.25,0,0,0.0,0,0,0.0,2,6,8,4,1,2,0,1,2,19,0,2007-08,Regular Season,1112,Ben Wallace
22007,1112,0020701024,2008-03-21,CLE vs. TOR,W,20,0,0,0.0,0,0,0.0,1,2,0.5,3,3,6,0,1,1,0,2,1,-9,0,2007-08,Regular Season,1112,Ben Wallace
22007,1112,0020701085,2008-03-29,CLE @ DET,L,20,3,3,1.0,0,0,0.0,0,0,0.0,3,2,5,0,0,2,1,1,6,-15,0,2007-08,Regular Season,1112,Ben Wallace
22007,1112,0020701123,2008-04-03,CLE vs. CHI,L,32,3,6,0.5,0,0,0.0,0,2,0.0,4,4,8,0,3,3,0,2,6,5,0,2007-08,Regular Season,1112,Ben Wallace
22007,1112,0020701137,2008-04-05,CLE vs. ORL,L,27,0,1,0.0,0,0,0.0,1,2,0.5,4,5,9,2,1,4,2,1,1,-8,0,2007-08,Regular Season,1112,Ben Wallace
22007,1112,0020701168,2008-04-09,CLE vs. NJN,W,17,0,2,0.0,0,0,0.0,1,2,0.5,1,3,4,0,1,0,1,0,1,-12,0,2007-08,Regular Season,1112,Ben Wallace
22007,1112,0020701179,2008-04-11,CLE @ CHI,L,18,0,1,0.0,0,0,0.0,0,0,0.0,1,4,5,0,0,3,1,1,0,-2,0,2007-08,Regular Season,1112,Ben Wallace
22007,1112,0020701197,2008-04-13,CLE vs. MIA,W,21,1,2,0.5,0,0,0.0,0,2,0.0,2,1,3,2,1,3,0,1,2,7,0,2007-08,Regular Season,1112,Ben Wallace
22007,1112,0020701204,2008-04-14,CLE @ PHI,W,25,2,4,0.5,0,0,0.0,0,0,0.0,4,3,7,0,0,2,2,1,4,0,0,2007-08,Regular Season,1112,Ben Wallace
22007,1112,0020701219,2008-04-16,CLE vs. DET,L,21,2,6,0.333,0,0,0.0,1,3,0.333,5,4,9,0,1,0,0,0,5,5,0,2007-08,Regular Season,1112,Ben Wallace
42007,1112,0040700131,2008-04-19,CLE vs. WAS,W,23,0,0,0.0,0,0,0.0,0,2,0.0,1,5,6,1,1,0,0,1,0,4,0,2007-08,Playoffs,1112,Ben Wallace
42007,1112,0040700132,2008-04-21,CLE vs. WAS,W,18,3,5,0.6,0,0,0.0,2,4,0.5,2,5,7,2,0,1,1,3,8,2,0,2007-08,Playoffs,1112,Ben Wallace
42007,1112,0040700133,2008-04-24,CLE @ WAS,L,16,2,4,0.5,0,0,0.0,1,2,0.5,2,3,5,1,0,2,1,3,5,-14,0,2007-08,Playoffs,1112,Ben Wallace
42007,1112,0040700134,2008-04-27,CLE @ WAS,W,33,0,0,0.0,0,0,0.0,0,2,0.0,4,8,12,2,2,2,1,3,0,14,0,2007-08,Playoffs,1112,Ben Wallace
42007,1112,0040700135,2008-04-30,CLE vs. WAS,L,24,1,1,1.0,0,0,0.0,0,2,0.0,1,5,6,0,0,1,1,3,2,-2,0,2007-08,Playoffs,1112,Ben Wallace
42007,1112,0040700136,2008-05-02,CLE @ WAS,W,25,2,4,0.5,0,0,0.0,0,0,0.0,4,3,7,2,0,2,0,1,4,17,0,2007-08,Playoffs,1112,Ben Wallace
42007,1112,0040700201,2008-05-06,CLE @ BOS,L,31,1,3,0.333,0,0,0.0,2,2,1.0,5,4,9,2,1,0,1,1,4,3,0,2007-08,Playoffs,1112,Ben Wallace
42007,1112,0040700202,2008-05-08,CLE @ BOS,L,4,0,0,0.0,0,0,0.0,0,0,0.0,1,1,2,1,0,0,0,1,0,6,0,2007-08,Playoffs,1112,Ben Wallace
42007,1112,0040700203,2008-05-10,CLE vs. BOS,W,28,4,6,0.667,0,0,0.0,1,4,0.25,7,2,9,2,1,2,1,1,9,2,0,2007-08,Playoffs,1112,Ben Wallace
42007,1112,0040700204,2008-05-12,CLE vs. BOS,W,23,1,4,0.25,0,0,0.0,0,0,0.0,1,6,7,1,2,0,0,1,2,-8,0,2007-08,Playoffs,1112,Ben Wallace
42007,1112,0040700205,2008-05-14,CLE @ BOS,L,27,2,2,1.0,0,0,0.0,0,0,0.0,2,2,4,0,0,1,1,1,4,-11,0,2007-08,Playoffs,1112,Ben Wallace
42007,1112,0040700206,2008-05-16,CLE vs. BOS,W,22,0,3,0.0,0,0,0.0,0,0,0.0,1,5,6,0,1,2,0,2,0,11,0,2007-08,Playoffs,1112,Ben Wallace
42007,1112,0040700207,2008-05-18,CLE @ BOS,L,30,1,1,1.0,0,0,0.0,1,2,0.5,1,3,4,1,0,1,0,5,3,-15,0,2007-08,Playoffs,1112,Ben Wallace
22007,185,0020700725,2008-02-07,GSW vs. CHI,L,13,2,5,0.4,0,0,0.0,0,0,0.0,0,1,1,2,1,0,0,3,4,0,0,2007-08,Regular Season,185,Chris Webber
22007,185,0020700743,2008-02-09,GSW vs. SAC,W,14,0,1,0.0,0,0,0.0,2,4,0.5,0,5,5,1,1,0,0,1,2,3,0,2007-08,Regular Season,185,Chris Webber
22007,185,0020700757,2008-02-11,GSW vs. WAS,W,14,1,3,0.333,0,0,0.0,0,0,0.0,0,4,4,2,0,0,1,3,2,-6,0,2007-08,Regular Season,185,Chris Webber
22007,185,0020700786,2008-02-19,GSW @ UTA,L,16,4,6,0.667,0,0,0.0,1,4,0.25,0,1,1,3,1,1,0,2,9,-13,0,2007-08,Regular Season,185,Chris Webber
22007,185,0020700799,2008-02-20,GSW vs. BOS,W,20,2,5,0.4,0,0,0.0,1,2,0.5,1,3,4,2,1,3,2,4,5,-8,0,2007-08,Regular Season,185,Chris Webber
22007,185,0020700814,2008-02-22,GSW vs. ATL,L,15,2,4,0.5,0,0,0.0,0,0,0.0,0,7,7,5,0,0,3,2,4,-10,0,2007-08,Regular Season,185,Chris Webber
22007,185,0020700844,2008-02-26,GSW vs. SEA,W,8,0,0,0.0,0,0,0.0,0,0,0.0,0,2,2,0,0,1,2,0,0,0,0,2007-08,Regular Season,185,Chris Webber
22007,185,0020700867,2008-02-29,GSW vs. PHI,W,18,4,6,0.667,0,0,0.0,0,0,0.0,1,6,7,3,0,1,1,1,8,8,0,2007-08,Regular Season,185,Chris Webber
22007,185,0020700884,2008-03-02,GSW vs. POR,W,8,0,1,0.0,0,0,0.0,1,2,0.5,0,1,1,0,0,0,2,1,1,5,0,2007-08,Regular Season,185,Chris Webber
22007,2546,0020700011,2007-10-31,DEN vs. SEA,W,39,10,21,0.476,3,6,0.5,9,10,0.9,3,2,5,5,1,1,3,3,32,19,0,2007-08,Regular Season,2546,Carmelo Anthony
22007,2546,0020700023,2007-11-02,DEN @ MIN,W,44,13,22,0.591,2,5,0.4,5,7,0.714,1,4,5,6,1,1,7,3,33,12,0,2007-08,Regular Season,2546,Carmelo Anthony
22007,2546,0020700040,2007-11-04,DEN vs. NOH,L,41,8,24,0.333,0,2,0.0,4,6,0.667,1,2,3,1,1,0,2,2,20,2,0,2007-08,Regular Season,2546,Carmelo Anthony
22007,2546,0020700046,2007-11-06,DEN @ NYK,L,39,7,20,0.35,0,1,0.0,10,13,0.769,2,0,2,9,1,1,3,3,24,-13,0,2007-08,Regular Season,2546,Carmelo Anthony
22007,2546,0020700058,2007-11-07,DEN @ BOS,L,30,3,13,0.231,1,4,0.25,4,4,1.0,0,2,2,6,1,0,3,5,11,-29,0,2007-08,Regular Season,2546,Carmelo Anthony
22007,2546,0020700071,2007-11-09,DEN @ WAS,W,35,14,24,0.583,2,3,0.667,2,2,1.0,1,4,5,5,3,0,3,1,32,31,0,2007-08,Regular Season,2546,Carmelo Anthony
22007,2546,0020700080,2007-11-10,DEN @ IND,W,37,10,23,0.435,2,6,0.333,10,12,0.833,1,9,10,5,1,1,3,1,32,19,0,2007-08,Regular Season,2546,Carmelo Anthony
22007,2546,0020700094,2007-11-12,DEN vs. CLE,W,33,8,17,0.471,0,2,0.0,6,7,0.857,1,8,9,6,2,0,4,3,22,10,0,2007-08,Regular Season,2546,Carmelo Anthony
22007,2546,0020700114,2007-11-14,DEN vs. POR,W,34,8,15,0.533,0,2,0.0,9,10,0.9,1,3,4,4,1,0,4,5,25,12,0,2007-08,Regular Season,2546,Carmelo Anthony
22007,2546,0020700139,2007-11-17,DEN vs. NYK,W,30,11,18,0.611,2,2,1.0,0,4,0.0,2,1,3,6,0,2,1,1,24,16,0,2007-08,Regular Season,2546,Carmelo Anthony
22007,2546,0020700155,2007-11-20,DEN vs. CHI,W,31,8,20,0.4,0,3,0.0,10,13,0.769,0,2,2,4,0,0,2,3,26,17,0,2007-08,Regular Season,2546,Carmelo Anthony
22007,2546,0020700169,2007-11-21,DEN @ LAC,L,39,8,23,0.348,3,8,0.375,5,7,0.714,0,3,3,4,1,0,3,5,24,-1,0,2007-08,Regular Season,2546,Carmelo Anthony
22007,2546,0020700177,2007-11-23,DEN vs. MIN,W,41,10,22,0.455,0,2,0.0,11,11,1.0,1,6,7,3,0,2,6,2,31,7,0,2007-08,Regular Season,2546,Carmelo Anthony
22007,2546,0020700189,2007-11-24,DEN @ HOU,L,34,8,20,0.4,1,4,0.25,0,0,0.0,5,3,8,1,3,0,3,3,17,-21,0,2007-08,Regular Season,2546,Carmelo Anthony
22007,2546,0020700209,2007-11-27,DEN vs. IND,L,35,9,21,0.429,1,3,0.333,6,9,0.667,0,7,7,2,0,1,4,4,25,13,0,2007-08,Regular Season,2546,Carmelo Anthony
22007,2546,0020700222,2007-11-29,DEN @ LAL,L,35,11,15,0.733,0,1,0.0,1,1,1.0,3,1,4,2,2,0,4,5,23,-30,0,2007-08,Regular Season,2546,Carmelo Anthony
22007,2546,0020700233,2007-11-30,DEN vs. LAC,W,32,7,15,0.467,0,1,0.0,10,11,0.909,0,4,4,6,3,0,4,4,24,14,0,2007-08,Regular Season,2546,Carmelo Anthony
22007,2546,0020700247,2007-12-02,DEN vs. MIA,W,27,12,19,0.632,2,2,1.0,4,5,0.8,2,4,6,3,1,0,1,4,30,32,0,2007-08,Regular Season,2546,Carmelo Anthony
22007,2546,0020700270,2007-12-05,DEN vs. LAL,L,44,10,23,0.435,0,3,0.0,6,7,0.857,3,5,8,4,4,0,5,3,26,1,0,2007-08,Regular Season,2546,Carmelo Anthony
22007,2546,0020700274,2007-12-06,DEN @ DAL,W,37,9,30,0.3,0,1,0.0,5,9,0.556,3,3,6,3,1,0,1,5,23,3,0,2007-08,Regular Season,2546,Carmelo Anthony
22007,2546,0020700293,2007-12-08,DEN vs. SAC,W,39,5,16,0.313,0,4,0.0,4,4,1.0,1,6,7,3,1,3,2,2,14,-9,0,2007-08,Regular Season,2546,Carmelo Anthony
22007,2546,0020700322,2007-12-12,DEN vs. NOH,W,40,10,28,0.357,1,1,1.0,11,13,0.846,4,6,10,1,1,0,5,4,32,7,0,2007-08,Regular Season,2546,Carmelo Anthony
22007,2546,0020700348,2007-12-15,DEN @ SAS,L,36,7,15,0.467,1,2,0.5,0,0,0.0,4,5,9,4,1,1,5,4,15,-11,0,2007-08,Regular Season,2546,Carmelo Anthony
22007,2546,0020700352,2007-12-16,DEN vs. POR,L,42,6,17,0.353,2,6,0.333,5,8,0.625,2,2,4,3,2,1,5,3,19,-13,0,2007-08,Regular Season,2546,Carmelo Anthony
22007,2546,0020700380,2007-12-20,DEN vs. HOU,W,51,13,32,0.406,0,0,0.0,11,17,0.647,12,4,16,2,3,2,5,1,37,-10,0,2007-08,Regular Season,2546,Carmelo Anthony
22007,2546,0020700389,2007-12-21,DEN @ POR,L,40,14,26,0.538,0,1,0.0,6,9,0.667,1,11,12,1,1,0,0,4,34,4,0,2007-08,Regular Season,2546,Carmelo Anthony
22007,2546,0020700404,2007-12-23,DEN @ SAC,W,42,11,21,0.524,0,2,0.0,8,8,1.0,2,10,12,2,0,2,6,2,30,0,0,2007-08,Regular Season,2546,Carmelo Anthony
22007,2546,0020700415,2007-12-26,DEN vs. MIL,W,31,11,16,0.688,0,0,0.0,7,8,0.875,3,7,10,3,2,0,4,3,29,26,0,2007-08,Regular Season,2546,Carmelo Anthony
22007,2546,0020700433,2007-12-28,DEN @ GSW,W,33,11,22,0.5,0,2,0.0,8,8,1.0,1,7,8,0,0,0,5,5,30,4,0,2007-08,Regular Season,2546,Carmelo Anthony
22007,2546,0020700445,2007-12-30,DEN vs. GSW,L,42,8,17,0.471,0,1,0.0,10,11,0.909,2,8,10,3,1,1,7,4,26,-7,0,2007-08,Regular Season,2546,Carmelo Anthony
22007,2546,0020700470,2008-01-03,DEN vs. SAS,W,37,7,17,0.412,0,0,0.0,3,5,0.6,3,6,9,6,1,0,2,3,17,-7,0,2007-08,Regular Season,2546,Carmelo Anthony
22007,2546,0020700478,2008-01-04,DEN @ MIN,W,37,11,20,0.55,0,1,0.0,4,4,1.0,1,3,4,4,2,0,3,2,26,5,0,2007-08,Regular Season,2546,Carmelo Anthony
22007,2546,0020700496,2008-01-06,DEN vs. PHI,W,36,10,16,0.625,0,0,0.0,3,4,0.75,3,4,7,3,2,0,3,3,23,11,0,2007-08,Regular Season,2546,Carmelo Anthony
22007,2546,0020700498,2008-01-07,DEN @ PHX,L,33,9,21,0.429,0,0,0.0,2,4,0.5,7,7,14,1,1,0,3,2,20,-19,0,2007-08,Regular Season,2546,Carmelo Anthony
22007,2546,0020700530,2008-01-11,DEN vs. ORL,W,39,11,20,0.55,2,2,1.0,8,10,0.8,4,7,11,2,1,0,1,4,32,14,0,2007-08,Regular Season,2546,Carmelo Anthony
22007,2546,0020700547,2008-01-14,DEN @ CHA,L,40,12,19,0.632,0,1,0.0,11,17,0.647,4,3,7,1,1,1,3,4,35,-1,0,2007-08,Regular Season,2546,Carmelo Anthony
22007,2546,0020700554,2008-01-15,DEN @ ATL,L,43,14,24,0.583,0,1,0.0,8,12,0.667,6,5,11,4,2,0,6,5,36,-5,0,2007-08,Regular Season,2546,Carmelo Anthony
22007,2546,0020700571,2008-01-17,DEN vs. UTA,W,38,8,20,0.4,0,1,0.0,7,8,0.875,2,0,2,2,0,0,2,4,23,3,0,2007-08,Regular Season,2546,Carmelo Anthony
22007,2546,0020700592,2008-01-19,DEN vs. MIN,W,38,7,19,0.368,0,1,0.0,12,14,0.857,4,6,10,3,1,0,5,2,26,-11,0,2007-08,Regular Season,2546,Carmelo Anthony
22007,2546,0020700607,2008-01-21,DEN @ LAL,L,14,5,11,0.455,0,0,0.0,3,4,0.75,3,1,4,1,0,0,3,1,13,-9,0,2007-08,Regular Season,2546,Carmelo Anthony
22007,2546,0020700693,2008-02-02,DEN vs. CHA,W,37,9,18,0.5,0,1,0.0,7,8,0.875,2,8,10,4,0,0,2,4,25,2,0,2007-08,Regular Season,2546,Carmelo Anthony
22007,2546,0020700705,2008-02-04,DEN @ POR,W,47,10,27,0.37,1,2,0.5,7,7,1.0,7,8,15,5,0,0,5,5,28,-9,0,2007-08,Regular Season,2546,Carmelo Anthony
22007,2546,0020700719,2008-02-06,DEN vs. UTA,L,43,10,17,0.588,2,3,0.667,7,8,0.875,2,6,8,4,1,1,6,6,29,7,0,2007-08,Regular Season,2546,Carmelo Anthony
22007,2546,0020700736,2008-02-08,DEN vs. WAS,W,39,19,25,0.76,3,3,1.0,8,8,1.0,0,4,4,2,2,0,1,2,49,14,0,2007-08,Regular Season,2546,Carmelo Anthony
22007,2546,0020700744,2008-02-10,DEN @ CLE,W,32,11,19,0.579,1,4,0.25,4,4,1.0,2,6,8,1,1,0,2,1,27,22,0,2007-08,Regular Season,2546,Carmelo Anthony
22007,2546,0020700761,2008-02-12,DEN @ MIA,W,41,9,23,0.391,0,3,0.0,4,5,0.8,2,9,11,4,2,1,3,2,22,-3,0,2007-08,Regular Season,2546,Carmelo Anthony
22007,2546,0020700767,2008-02-13,DEN @ ORL,L,36,9,19,0.474,3,5,0.6,11,14,0.786,2,4,6,1,0,1,4,6,32,-5,0,2007-08,Regular Season,2546,Carmelo Anthony
22007,2546,0020700785,2008-02-19,DEN vs. BOS,W,39,8,17,0.471,1,1,1.0,12,13,0.923,3,4,7,4,2,0,6,5,29,16,0,2007-08,Regular Season,2546,Carmelo Anthony
22007,2546,0020700809,2008-02-22,DEN @ CHI,L,38,7,20,0.35,1,4,0.25,7,7,1.0,2,6,8,1,0,0,3,2,22,-28,0,2007-08,Regular Season,2546,Carmelo Anthony
22007,2546,0020700819,2008-02-23,DEN @ MIL,L,36,9,17,0.529,1,2,0.5,6,7,0.857,2,5,7,2,1,1,6,4,25,-10,0,2007-08,Regular Season,2546,Carmelo Anthony
22007,2546,0020700835,2008-02-25,DEN vs. DET,L,43,8,20,0.4,1,3,0.333,6,7,0.857,2,9,11,5,1,2,1,2,23,1,0,2007-08,Regular Season,2546,Carmelo Anthony
22007,2546,0020700853,2008-02-27,DEN @ SEA,W,30,7,13,0.538,0,1,0.0,2,2,1.0,0,6,6,3,2,1,6,3,16,18,0,2007-08,Regular Season,2546,Carmelo Anthony
22007,2546,0020700866,2008-02-29,DEN vs. LAC,W,38,13,25,0.52,0,2,0.0,4,5,0.8,8,6,14,6,1,2,0,2,30,5,0,2007-08,Regular Season,2546,Carmelo Anthony
22007,2546,0020700883,2008-03-02,DEN @ HOU,L,39,7,17,0.412,0,2,0.0,5,6,0.833,1,5,6,4,0,0,4,5,19,-14,0,2007-08,Regular Season,2546,Carmelo Anthony
22007,2546,0020700906,2008-03-05,DEN vs. PHX,W,38,12,20,0.6,0,0,0.0,6,8,0.75,6,7,13,1,0,2,3,3,30,8,0,2007-08,Regular Season,2546,Carmelo Anthony
22007,2546,0020700922,2008-03-07,DEN vs. SAS,W,39,7,17,0.412,0,1,0.0,11,16,0.688,1,7,8,3,2,0,3,3,25,6,0,2007-08,Regular Season,2546,Carmelo Anthony
22007,2546,0020700932,2008-03-08,DEN @ UTA,L,32,7,15,0.467,1,2,0.5,9,12,0.75,1,5,6,2,1,1,3,3,24,-27,0,2007-08,Regular Season,2546,Carmelo Anthony
22007,2546,0020700945,2008-03-10,DEN @ SAS,L,40,8,15,0.533,0,1,0.0,2,2,1.0,3,4,7,4,0,0,2,3,18,-7,0,2007-08,Regular Season,2546,Carmelo Anthony
22007,2546,0020700961,2008-03-12,DEN vs. MEM,W,30,7,14,0.5,0,0,0.0,0,0,0.0,4,9,13,2,1,0,2,4,14,20,0,2007-08,Regular Season,2546,Carmelo Anthony
22007,2546,0020700974,2008-03-14,DEN vs. TOR,W,30,9,17,0.529,0,1,0.0,4,5,0.8,1,2,3,6,0,1,0,1,22,28,0,2007-08,Regular Season,2546,Carmelo Anthony
22007,2546,0020700989,2008-03-16,DEN vs. SEA,W,26,10,17,0.588,0,1,0.0,6,8,0.75,0,2,2,4,0,1,0,3,26,36,0,2007-08,Regular Season,2546,Carmelo Anthony
22007,2546,0020700999,2008-03-18,DEN @ DET,L,35,8,15,0.533,2,3,0.667,9,12,0.75,0,2,2,5,3,0,2,3,27,-10,0,2007-08,Regular Season,2546,Carmelo Anthony
22007,2546,0020701007,2008-03-19,DEN @ PHI,L,37,9,20,0.45,3,4,0.75,5,6,0.833,0,4,4,4,0,0,4,3,26,5,0,2007-08,Regular Season,2546,Carmelo Anthony
22007,2546,0020701021,2008-03-21,DEN @ NJN,W,37,7,12,0.583,0,0,0.0,3,5,0.6,1,4,5,4,0,0,3,2,17,-12,0,2007-08,Regular Season,2546,Carmelo Anthony
22007,2546,0020701041,2008-03-23,DEN @ TOR,W,36,14,28,0.5,1,1,1.0,4,5,0.8,5,2,7,2,3,0,3,4,33,-1,0,2007-08,Regular Season,2546,Carmelo Anthony
22007,2546,0020701048,2008-03-24,DEN @ MEM,W,34,8,15,0.533,1,3,0.333,6,8,0.75,0,9,9,5,3,0,2,5,23,27,0,2007-08,Regular Season,2546,Carmelo Anthony
22007,2546,0020701071,2008-03-27,DEN vs. DAL,W,37,11,20,0.55,0,2,0.0,10,14,0.714,3,7,10,8,2,0,3,4,32,1,0,2007-08,Regular Season,2546,Carmelo Anthony
22007,2546,0020701087,2008-03-29,DEN vs. GSW,W,38,11,16,0.688,0,1,0.0,3,5,0.6,1,6,7,6,3,0,2,2,25,-3,0,2007-08,Regular Season,2546,Carmelo Anthony
22007,2546,0020701103,2008-03-31,DEN @ PHX,L,34,7,18,0.389,0,2,0.0,4,8,0.5,3,8,11,4,0,0,2,4,18,-13,0,2007-08,Regular Season,2546,Carmelo Anthony
22007,2546,0020701111,2008-04-01,DEN vs. PHX,W,36,6,12,0.5,0,1,0.0,13,19,0.684,1,7,8,4,2,0,8,4,25,3,0,2007-08,Regular Season,2546,Carmelo Anthony
22007,2546,0020701142,2008-04-05,DEN vs. SAC,L,38,19,24,0.792,3,4,0.75,6,6,1.0,5,6,11,2,3,0,3,5,47,-6,0,2007-08,Regular Season,2546,Carmelo Anthony
22007,2546,0020701151,2008-04-06,DEN @ SEA,L,48,17,31,0.548,2,5,0.4,2,3,0.667,2,9,11,3,3,0,2,5,38,-6,0,2007-08,Regular Season,2546,Carmelo Anthony
22007,2546,0020701162,2008-04-08,DEN @ LAC,W,33,13,17,0.765,1,1,1.0,9,12,0.75,2,3,5,1,1,0,2,4,36,19,0,2007-08,Regular Season,2546,Carmelo Anthony
22007,2546,0020701173,2008-04-10,DEN @ GSW,W,42,12,20,0.6,1,1,1.0,0,0,0.0,0,9,9,1,5,2,6,4,25,0,0,2007-08,Regular Season,2546,Carmelo Anthony
22007,2546,0020701193,2008-04-12,DEN @ UTA,L,32,9,17,0.529,2,3,0.667,2,4,0.5,0,5,5,3,2,2,2,2,22,-25,0,2007-08,Regular Season,2546,Carmelo Anthony
22007,2546,0020701201,2008-04-13,DEN vs. HOU,W,25,3,14,0.214,0,0,0.0,5,7,0.714,4,4,8,1,0,1,2,5,11,6,0,2007-08,Regular Season,2546,Carmelo Anthony
22007,2546,0020701228,2008-04-16,DEN vs. MEM,W,21,4,8,0.5,2,4,0.5,7,8,0.875,1,5,6,4,1,0,4,1,17,9,0,2007-08,Regular Season,2546,Carmelo Anthony
42007,2546,0040700141,2008-04-20,DEN @ LAL,L,37,11,26,0.423,0,1,0.0,8,10,0.8,7,5,12,3,2,1,3,4,30,-16,0,2007-08,Playoffs,2546,Carmelo Anthony
42007,2546,0040700142,2008-04-23,DEN @ LAL,L,32,8,20,0.4,1,4,0.25,6,7,0.857,3,2,5,1,0,0,3,5,23,-15,0,2007-08,Playoffs,2546,Carmelo Anthony
42007,2546,0040700143,2008-04-26,DEN vs. LAL,L,39,5,22,0.227,1,1,1.0,5,5,1.0,5,5,10,1,0,0,3,2,16,-17,0,2007-08,Playoffs,2546,Carmelo Anthony
42007,2546,0040700144,2008-04-28,DEN vs. LAL,L,38,8,20,0.4,0,2,0.0,5,7,0.714,4,7,11,3,0,0,3,6,21,-6,0,2007-08,Playoffs,2546,Carmelo Anthony
22007,101108,0020700010,2007-10-31,NOH vs. SAC,W,37,7,13,0.538,1,2,0.5,7,8,0.875,1,7,8,12,3,0,2,4,22,26,0,2007-08,Regular Season,101108,Chris Paul
22007,101108,0020700022,2007-11-02,NOH vs. POR,W,26,9,12,0.75,1,1,1.0,0,0,0.0,0,3,3,6,2,0,2,3,19,18,0,2007-08,Regular Season,101108,Chris Paul
22007,101108,0020700040,2007-11-04,NOH @ DEN,W,38,3,11,0.273,0,1,0.0,9,12,0.75,1,7,8,11,4,0,5,2,15,8,0,2007-08,Regular Season,101108,Chris Paul
22007,101108,0020700052,2007-11-06,NOH @ LAL,W,35,7,18,0.389,0,3,0.0,5,5,1.0,1,2,3,21,3,0,2,1,19,17,0,2007-08,Regular Season,101108,Chris Paul
22007,101108,0020700062,2007-11-07,NOH @ POR,L,35,7,15,0.467,0,1,0.0,4,4,1.0,1,4,5,12,3,0,4,3,18,5,0,2007-08,Regular Season,101108,Chris Paul
22007,101108,0020700073,2007-11-09,NOH vs. SAS,L,34,8,15,0.533,1,1,1.0,1,1,1.0,0,1,1,7,2,0,2,2,18,-25,0,2007-08,Regular Season,101108,Chris Paul
22007,101108,0020700088,2007-11-11,NOH @ PHI,W,30,6,10,0.6,1,2,0.5,3,3,1.0,2,1,3,9,3,0,3,0,16,13,0,2007-08,Regular Season,101108,Chris Paul
22007,101108,0020700093,2007-11-12,NOH @ NJN,W,37,11,21,0.524,3,5,0.6,2,2,1.0,0,6,6,7,3,0,5,1,27,-1,0,2007-08,Regular Season,101108,Chris Paul
22007,101108,0020700111,2007-11-14,NOH vs. PHI,W,34,6,10,0.6,1,2,0.5,0,0,0.0,2,3,5,10,4,0,5,2,13,14,0,2007-08,Regular Season,101108,Chris Paul
22007,101108,0020700125,2007-11-16,NOH @ MEM,W,44,10,21,0.476,1,4,0.25,7,7,1.0,0,2,2,13,5,0,7,1,28,11,0,2007-08,Regular Season,101108,Chris Paul
22007,101108,0020700164,2007-11-21,NOH vs. IND,L,35,3,12,0.25,0,3,0.0,2,3,0.667,1,3,4,10,2,0,1,1,8,-5,0,2007-08,Regular Season,101108,Chris Paul
22007,101108,0020700178,2007-11-23,NOH @ UTA,L,35,5,12,0.417,0,2,0.0,5,5,1.0,4,2,6,6,2,0,4,2,15,-16,0,2007-08,Regular Season,101108,Chris Paul
22007,101108,0020700191,2007-11-24,NOH @ LAC,W,37,5,15,0.333,0,2,0.0,1,2,0.5,1,2,3,10,2,0,0,2,11,8,0,2007-08,Regular Season,101108,Chris Paul
22007,101108,0020700198,2007-11-26,NOH vs. MIN,L,44,10,19,0.526,3,4,0.75,8,8,1.0,0,1,1,11,4,0,3,3,31,-1,0,2007-08,Regular Season,101108,Chris Paul
22007,101108,0020700227,2007-11-30,NOH @ ATL,W,36,8,13,0.615,2,3,0.667,2,2,1.0,0,1,1,4,2,0,2,2,20,7,0,2007-08,Regular Season,101108,Chris Paul
22007,101108,0020700238,2007-12-01,NOH vs. DAL,W,49,11,25,0.44,1,3,0.333,10,10,1.0,1,8,9,12,3,0,2,5,33,13,0,2007-08,Regular Season,101108,Chris Paul
22007,101108,0020700267,2007-12-05,NOH vs. DET,L,39,4,14,0.286,0,2,0.0,6,6,1.0,0,3,3,7,2,1,3,4,14,-10,0,2007-08,Regular Season,101108,Chris Paul
22007,101108,0020700282,2007-12-07,NOH vs. MEM,W,49,15,27,0.556,5,7,0.714,8,9,0.889,1,4,5,9,4,0,3,2,43,0,0,2007-08,Regular Season,101108,Chris Paul
22007,101108,0020700299,2007-12-09,NOH vs. SEA,W,35,10,16,0.625,1,3,0.333,8,9,0.889,0,0,0,10,2,0,2,1,29,-4,0,2007-08,Regular Season,101108,Chris Paul
22007,101108,0020700322,2007-12-12,NOH @ DEN,L,37,12,20,0.6,1,6,0.167,5,6,0.833,0,4,4,12,1,0,5,4,30,-5,0,2007-08,Regular Season,101108,Chris Paul
22007,101108,0020700336,2007-12-14,NOH @ DAL,L,40,9,21,0.429,1,4,0.25,3,3,1.0,2,2,4,3,1,0,2,4,22,-4,0,2007-08,Regular Season,101108,Chris Paul
22007,101108,0020700345,2007-12-15,NOH vs. PHX,W,38,8,20,0.4,3,6,0.5,2,2,1.0,0,2,2,10,2,0,1,0,21,0,0,2007-08,Regular Season,101108,Chris Paul
22007,101108,0020700361,2007-12-17,NOH @ POR,L,41,5,15,0.333,1,5,0.2,0,0,0.0,0,4,4,8,3,0,4,4,11,-8,0,2007-08,Regular Season,101108,Chris Paul
22007,101108,0020700377,2007-12-19,NOH @ SEA,W,37,10,19,0.526,1,2,0.5,0,0,0.0,1,2,3,15,4,0,3,2,21,15,0,2007-08,Regular Season,101108,Chris Paul
22007,101108,0020700395,2007-12-22,NOH vs. MIN,W,30,6,11,0.545,0,1,0.0,7,8,0.875,0,2,2,15,5,0,1,0,19,32,0,2007-08,Regular Season,101108,Chris Paul
22007,101108,0020700413,2007-12-26,NOH @ MEM,W,36,17,25,0.68,5,8,0.625,1,1,1.0,0,5,5,9,5,0,1,3,40,16,0,2007-08,Regular Season,101108,Chris Paul
22007,101108,0020700422,2007-12-28,NOH @ CHA,W,34,4,12,0.333,1,1,1.0,8,9,0.889,0,2,2,11,1,0,0,1,17,20,0,2007-08,Regular Season,101108,Chris Paul
22007,101108,0020700438,2007-12-29,NOH vs. CLE,W,40,6,18,0.333,0,3,0.0,8,10,0.8,2,4,6,9,7,0,3,2,20,17,0,2007-08,Regular Season,101108,Chris Paul
22007,101108,0020700453,2007-12-31,NOH vs. TOR,L,44,8,16,0.5,0,1,0.0,7,11,0.636,1,6,7,16,2,0,1,4,23,0,0,2007-08,Regular Season,101108,Chris Paul
22007,101108,0020700468,2008-01-02,NOH @ LAC,W,39,3,10,0.3,0,1,0.0,10,10,1.0,0,4,4,13,1,0,1,3,16,12,0,2007-08,Regular Season,101108,Chris Paul
22007,101108,0020700483,2008-01-04,NOH @ GSW,W,36,10,20,0.5,2,5,0.4,2,3,0.667,0,0,0,13,5,0,2,4,24,18,0,2007-08,Regular Season,101108,Chris Paul
22007,101108,0020700488,2008-01-05,NOH @ PHX,W,48,11,26,0.423,1,7,0.143,5,6,0.833,2,3,5,10,3,0,1,2,28,5,0,2007-08,Regular Season,101108,Chris Paul
22007,101108,0020700515,2008-01-09,NOH vs. LAL,L,38,13,23,0.565,0,1,0.0,6,8,0.75,1,2,3,5,1,0,1,3,32,-26,0,2007-08,Regular Season,101108,Chris Paul
22007,101108,0020700528,2008-01-11,NOH vs. MIA,W,33,7,7,1.0,2,2,1.0,0,0,0.0,0,2,2,16,1,0,5,2,16,21,0,2007-08,Regular Season,101108,Chris Paul
22007,101108,0020700543,2008-01-13,NOH @ HOU,W,38,7,14,0.5,1,3,0.333,4,4,1.0,0,3,3,11,2,0,6,1,19,10,0,2007-08,Regular Season,101108,Chris Paul
22007,101108,0020700569,2008-01-16,NOH vs. SEA,W,30,6,13,0.462,0,2,0.0,0,0,0.0,1,2,3,11,1,0,4,1,12,15,0,2007-08,Regular Season,101108,Chris Paul
22007,101108,0020700579,2008-01-18,NOH vs. CHA,W,30,7,11,0.636,0,1,0.0,0,0,0.0,1,3,4,13,1,0,4,1,14,21,0,2007-08,Regular Season,101108,Chris Paul
22007,101108,0020700601,2008-01-21,NOH vs. MIL,W,40,6,13,0.462,0,1,0.0,4,4,1.0,0,7,7,10,1,0,0,3,16,18,0,2007-08,Regular Season,101108,Chris Paul
22007,101108,0020700615,2008-01-23,NOH vs. POR,W,37,6,14,0.429,2,5,0.4,4,4,1.0,1,2,3,10,1,0,1,2,18,8,0,2007-08,Regular Season,101108,Chris Paul
22007,101108,0020700631,2008-01-25,NOH vs. LAC,W,36,3,12,0.25,0,2,0.0,2,2,1.0,1,4,5,14,2,0,0,1,8,10,0,2007-08,Regular Season,101108,Chris Paul
22007,101108,0020700641,2008-01-26,NOH @ SAS,W,38,8,16,0.5,0,3,0.0,1,2,0.5,1,3,4,11,1,0,4,3,17,30,0,2007-08,Regular Season,101108,Chris Paul
22007,101108,0020700653,2008-01-28,NOH vs. DEN,W,38,7,20,0.35,1,2,0.5,8,8,1.0,3,6,9,17,2,1,3,1,23,23,0,2007-08,Regular Season,101108,Chris Paul
22007,101108,0020700669,2008-01-30,NOH vs. GSW,L,46,12,24,0.5,1,5,0.2,3,4,0.75,1,1,2,12,2,0,1,5,28,-16,0,2007-08,Regular Season,101108,Chris Paul
22007,101108,0020700685,2008-02-01,NOH @ SAC,L,39,5,11,0.455,2,4,0.5,3,4,0.75,2,3,5,19,1,0,5,4,15,-5,0,2007-08,Regular Season,101108,Chris Paul
22007,101108,0020700703,2008-02-04,NOH @ UTA,L,27,3,11,0.273,0,2,0.0,0,1,0.0,2,2,4,6,1,0,5,5,6,-23,0,2007-08,Regular Season,101108,Chris Paul
22007,101108,0020700720,2008-02-06,NOH @ PHX,W,50,18,33,0.545,4,9,0.444,2,3,0.667,2,3,5,9,8,0,1,2,42,11,0,2007-08,Regular Season,101108,Chris Paul
22007,101108,0020700739,2008-02-09,NOH vs. MEM,W,34,1,10,0.1,0,4,0.0,0,0,0.0,0,4,4,16,1,0,4,5,2,8,0,2007-08,Regular Season,101108,Chris Paul
22007,101108,0020700763,2008-02-12,NOH @ CHI,W,39,11,21,0.524,1,4,0.25,2,2,1.0,0,4,4,14,2,0,1,2,25,22,0,2007-08,Regular Season,101108,Chris Paul
22007,101108,0020700771,2008-02-13,NOH @ MIL,W,35,8,17,0.471,2,4,0.5,3,4,0.75,1,3,4,10,3,0,3,1,21,5,0,2007-08,Regular Season,101108,Chris Paul
22007,101108,0020700795,2008-02-20,NOH vs. DAL,W,41,11,20,0.55,2,3,0.667,7,7,1.0,0,5,5,11,9,0,1,1,31,20,0,2007-08,Regular Season,101108,Chris Paul
22007,101108,0020700811,2008-02-22,NOH vs. HOU,L,32,6,13,0.462,0,2,0.0,2,2,1.0,1,2,3,11,3,0,0,2,14,-18,0,2007-08,Regular Season,101108,Chris Paul
22007,101108,0020700820,2008-02-23,NOH @ SAS,L,37,11,23,0.478,1,6,0.167,4,4,1.0,0,4,4,4,1,0,0,0,27,-11,0,2007-08,Regular Season,101108,Chris Paul
22007,101108,0020700832,2008-02-25,NOH vs. WAS,L,41,10,14,0.714,2,3,0.667,0,1,0.0,1,4,5,8,2,0,4,1,22,-1,0,2007-08,Regular Season,101108,Chris Paul
22007,101108,0020700851,2008-02-27,NOH vs. PHX,W,36,9,21,0.429,2,3,0.667,5,6,0.833,0,6,6,15,3,0,1,2,25,19,0,2007-08,Regular Season,101108,Chris Paul
22007,101108,0020700863,2008-02-29,NOH vs. UTA,W,42,5,15,0.333,1,2,0.5,13,14,0.929,0,4,4,16,5,0,1,3,24,10,0,2007-08,Regular Season,101108,Chris Paul
22007,101108,0020700879,2008-03-02,NOH @ WAS,L,35,7,10,0.7,0,0,0.0,2,3,0.667,1,3,4,8,3,0,6,3,16,-10,0,2007-08,Regular Season,101108,Chris Paul
22007,101108,0020700886,2008-03-03,NOH @ NYK,W,36,11,17,0.647,2,3,0.667,3,4,0.75,0,5,5,8,3,0,2,1,27,8,0,2007-08,Regular Season,101108,Chris Paul
22007,101108,0020700904,2008-03-05,NOH vs. ATL,W,38,9,16,0.563,3,4,0.75,2,2,1.0,1,1,2,18,2,0,1,0,23,17,0,2007-08,Regular Season,101108,Chris Paul
22007,101108,0020700918,2008-03-07,NOH vs. NJN,W,42,7,14,0.5,0,3,0.0,11,11,1.0,0,3,3,16,3,0,1,2,25,9,0,2007-08,Regular Season,101108,Chris Paul
22007,101108,0020700930,2008-03-08,NOH @ HOU,L,38,15,26,0.577,3,5,0.6,4,4,1.0,1,2,3,11,2,0,4,3,37,-13,0,2007-08,Regular Season,101108,Chris Paul
22007,101108,0020700959,2008-03-12,NOH vs. SAS,W,35,12,19,0.632,0,1,0.0,2,2,1.0,0,1,1,17,3,0,3,1,26,20,0,2007-08,Regular Season,101108,Chris Paul
22007,101108,0020700970,2008-03-14,NOH vs. LAL,W,43,9,19,0.474,2,5,0.4,7,12,0.583,0,4,4,17,4,0,2,4,27,12,0,2007-08,Regular Season,101108,Chris Paul
22007,101108,0020700986,2008-03-16,NOH @ DET,L,39,6,12,0.5,1,3,0.333,1,2,0.5,2,2,4,14,1,0,4,5,14,-8,0,2007-08,Regular Season,101108,Chris Paul
22007,101108,0020700995,2008-03-17,NOH vs. CHI,W,42,15,21,0.714,2,3,0.667,5,7,0.714,1,3,4,13,3,0,2,1,37,12,0,2007-08,Regular Season,101108,Chris Paul
22007,101108,0020701012,2008-03-19,NOH vs. HOU,W,34,9,13,0.692,2,4,0.5,1,3,0.333,1,3,4,10,4,0,5,1,21,12,0,2007-08,Regular Season,101108,Chris Paul
22007,101108,0020701033,2008-03-22,NOH vs. BOS,W,29,6,10,0.6,2,3,0.667,5,6,0.833,1,2,3,7,2,0,2,5,19,1,0,2007-08,Regular Season,101108,Chris Paul
22007,101108,0020701053,2008-03-25,NOH @ IND,W,40,9,19,0.474,2,5,0.4,11,14,0.786,0,3,3,14,3,0,1,3,31,18,0,2007-08,Regular Season,101108,Chris Paul
22007,101108,0020701062,2008-03-26,NOH @ CLE,W,42,5,17,0.294,1,4,0.25,4,4,1.0,2,1,3,20,2,1,1,2,15,5,0,2007-08,Regular Season,101108,Chris Paul
22007,101108,0020701076,2008-03-28,NOH @ BOS,L,40,7,16,0.438,2,4,0.5,6,8,0.75,1,0,1,10,3,0,1,2,22,-25,0,2007-08,Regular Season,101108,Chris Paul
22007,101108,0020701094,2008-03-30,NOH @ TOR,W,35,8,15,0.533,1,3,0.333,3,3,1.0,1,5,6,16,2,0,2,1,20,16,0,2007-08,Regular Season,101108,Chris Paul
22007,101108,0020701105,2008-04-01,NOH @ ORL,W,40,6,19,0.316,0,4,0.0,7,10,0.7,1,3,4,12,2,0,4,3,19,4,0,2007-08,Regular Season,101108,Chris Paul
22007,101108,0020701117,2008-04-02,NOH @ MIA,W,30,6,12,0.5,1,2,0.5,1,2,0.5,0,5,5,10,1,0,1,0,14,9,0,2007-08,Regular Season,101108,Chris Paul
22007,101108,0020701131,2008-04-04,NOH vs. NYK,W,43,10,19,0.526,1,2,0.5,12,13,0.923,0,4,4,15,2,0,2,3,33,15,0,2007-08,Regular Season,101108,Chris Paul
22007,101108,0020701149,2008-04-06,NOH vs. GSW,W,41,7,16,0.438,1,2,0.5,1,1,1.0,3,7,10,13,5,0,5,2,16,8,0,2007-08,Regular Season,101108,Chris Paul
22007,101108,0020701159,2008-04-08,NOH vs. UTA,L,33,2,11,0.182,0,2,0.0,0,2,0.0,0,2,2,9,3,0,3,2,4,-22,0,2007-08,Regular Season,101108,Chris Paul
22007,101108,0020701170,2008-04-09,NOH @ MIN,W,33,6,11,0.545,2,4,0.5,5,5,1.0,1,4,5,16,1,0,1,3,19,27,0,2007-08,Regular Season,101108,Chris Paul
22007,101108,0020701187,2008-04-11,NOH @ LAL,L,39,4,13,0.308,0,1,0.0,7,8,0.875,1,5,6,17,4,0,3,5,15,1,0,2007-08,Regular Season,101108,Chris Paul
22007,101108,0020701194,2008-04-12,NOH @ SAC,L,42,4,13,0.308,0,2,0.0,6,7,0.857,1,5,6,12,6,0,2,3,14,2,0,2007-08,Regular Season,101108,Chris Paul
22007,101108,0020701214,2008-04-15,NOH vs. LAC,W,37,10,13,0.769,0,1,0.0,2,2,1.0,0,4,4,12,2,1,3,0,22,25,0,2007-08,Regular Season,101108,Chris Paul
22007,101108,0020701227,2008-04-16,NOH @ DAL,L,34,6,12,0.5,3,5,0.6,5,6,0.833,0,3,3,10,2,0,3,5,20,-11,0,2007-08,Regular Season,101108,Chris Paul
42007,101108,0040700151,2008-04-19,NOH vs. DAL,W,41,15,23,0.652,0,1,0.0,5,7,0.714,1,2,3,10,4,1,1,2,35,16,0,2007-08,Playoffs,101108,Chris Paul
42007,101108,0040700152,2008-04-22,NOH vs. DAL,W,39,10,16,0.625,0,2,0.0,12,14,0.857,0,5,5,17,3,0,3,5,32,24,0,2007-08,Playoffs,101108,Chris Paul
42007,101108,0040700153,2008-04-25,NOH @ DAL,L,42,4,18,0.222,1,3,0.333,7,7,1.0,1,1,2,10,0,1,1,5,16,-17,0,2007-08,Playoffs,101108,Chris Paul
42007,101108,0040700154,2008-04-27,NOH @ DAL,W,37,6,14,0.429,0,2,0.0,4,5,0.8,0,7,7,8,1,0,1,3,16,12,0,2007-08,Playoffs,101108,Chris Paul
42007,101108,0040700155,2008-04-29,NOH vs. DAL,W,44,10,19,0.526,2,3,0.667,2,4,0.5,2,9,11,15,2,0,0,2,24,11,0,2007-08,Playoffs,101108,Chris Paul
42007,101108,0040700231,2008-05-03,NOH vs. SAS,W,41,7,16,0.438,0,1,0.0,3,6,0.5,2,2,4,13,4,0,2,3,17,13,0,2007-08,Playoffs,101108,Chris Paul
42007,101108,0040700232,2008-05-05,NOH vs. SAS,W,41,11,20,0.55,1,2,0.5,7,8,0.875,1,1,2,12,1,0,1,3,30,23,0,2007-08,Playoffs,101108,Chris Paul
42007,101108,0040700233,2008-05-08,NOH @ SAS,L,42,15,25,0.6,0,2,0.0,5,5,1.0,2,0,2,9,1,0,1,3,35,-8,0,2007-08,Playoffs,101108,Chris Paul
42007,101108,0040700234,2008-05-11,NOH @ SAS,L,31,10,16,0.625,0,1,0.0,3,4,0.75,1,5,6,5,3,0,4,3,23,-13,0,2007-08,Playoffs,101108,Chris Paul
42007,101108,0040700235,2008-05-13,NOH vs. SAS,W,43,6,18,0.333,1,2,0.5,9,11,0.818,3,0,3,14,1,0,1,3,22,21,0,2007-08,Playoffs,101108,Chris Paul
42007,101108,0040700236,2008-05-15,NOH @ SAS,L,38,9,18,0.5,0,1,0.0,3,3,1.0,0,6,6,8,3,0,3,5,21,-16,0,2007-08,Playoffs,101108,Chris Paul
42007,101108,0040700237,2008-05-19,NOH vs. SAS,L,48,8,18,0.444,0,1,0.0,2,5,0.4,3,5,8,14,5,0,4,6,18,-9,0,2007-08,Playoffs,101108,Chris Paul
22007,2548,0020700109,2007-11-14,MIA vs. SEA,L,24,5,9,0.556,0,2,0.0,5,8,0.625,1,0,1,5,3,1,2,3,15,2,0,2007-08,Regular Season,2548,Dwyane Wade
22007,2548,0020700121,2007-11-16,MIA @ BOS,L,38,8,15,0.533,0,1,0.0,7,12,0.583,0,1,1,6,1,0,3,0,23,-4,0,2007-08,Regular Season,2548,Dwyane Wade
22007,2548,0020700134,2007-11-17,MIA @ NJN,W,39,4,17,0.235,0,0,0.0,15,20,0.75,1,5,6,9,4,1,6,2,23,7,0,2007-08,Regular Season,2548,Dwyane Wade
22007,2548,0020700159,2007-11-21,MIA vs. ATL,L,28,4,12,0.333,0,0,0.0,6,8,0.75,1,4,5,5,2,0,4,4,14,-6,0,2007-08,Regular Season,2548,Dwyane Wade
22007,2548,0020700173,2007-11-23,MIA vs. HOU,W,42,11,24,0.458,0,1,0.0,9,13,0.692,2,1,3,5,1,2,5,1,31,6,0,2007-08,Regular Season,2548,Dwyane Wade
22007,2548,0020700186,2007-11-24,MIA @ ORL,L,40,12,21,0.571,0,1,0.0,8,11,0.727,2,4,6,6,1,1,4,2,32,-16,0,2007-08,Regular Season,2548,Dwyane Wade
22007,2548,0020700206,2007-11-27,MIA vs. CHA,W,26,4,11,0.364,1,2,0.5,4,5,0.8,1,2,3,4,3,0,5,0,13,9,0,2007-08,Regular Season,2548,Dwyane Wade
22007,2548,0020700228,2007-11-30,MIA vs. BOS,L,42,2,11,0.182,0,2,0.0,6,11,0.545,1,4,5,1,3,2,6,4,10,-5,0,2007-08,Regular Season,2548,Dwyane Wade
22007,2548,0020700247,2007-12-02,MIA @ DEN,L,19,6,8,0.75,0,0,0.0,1,3,0.333,0,1,1,3,0,0,2,4,13,-17,0,2007-08,Regular Season,2548,Dwyane Wade
22007,2548,0020700254,2007-12-03,MIA @ UTA,L,42,10,20,0.5,0,2,0.0,6,12,0.5,0,4,4,10,5,2,3,3,26,-11,0,2007-08,Regular Season,2548,Dwyane Wade
22007,2548,0020700275,2007-12-06,MIA @ POR,L,42,9,26,0.346,0,0,0.0,3,4,0.75,2,8,10,9,0,1,5,4,21,0,0,2007-08,Regular Season,2548,Dwyane Wade
22007,2548,0020700285,2007-12-07,MIA @ GSW,L,45,11,23,0.478,0,0,0.0,11,12,0.917,1,1,2,10,0,0,7,5,33,-7,0,2007-08,Regular Season,2548,Dwyane Wade
22007,2548,0020700295,2007-12-09,MIA @ LAC,W,41,13,23,0.565,0,0,0.0,7,8,0.875,1,4,5,10,1,1,5,1,33,8,0,2007-08,Regular Season,2548,Dwyane Wade
22007,2548,0020700304,2007-12-10,MIA @ PHX,W,42,13,21,0.619,0,0,0.0,5,5,1.0,1,2,3,6,3,0,5,3,31,1,0,2007-08,Regular Season,2548,Dwyane Wade
22007,2548,0020700325,2007-12-13,MIA vs. WAS,L,40,5,11,0.455,0,1,0.0,7,10,0.7,0,7,7,7,0,1,8,1,17,-9,0,2007-08,Regular Season,2548,Dwyane Wade
22007,2548,0020700343,2007-12-15,MIA vs. IND,L,38,6,14,0.429,0,1,0.0,12,13,0.923,1,3,4,9,1,1,8,5,24,6,0,2007-08,Regular Season,2548,Dwyane Wade
22007,2548,0020700357,2007-12-17,MIA vs. MIN,W,40,6,22,0.273,0,0,0.0,18,20,0.9,2,2,4,4,2,0,3,2,30,13,0,2007-08,Regular Season,2548,Dwyane Wade
22007,2548,0020700367,2007-12-19,MIA @ ATL,L,49,8,17,0.471,0,0,0.0,20,22,0.909,1,5,6,10,1,2,3,4,36,-5,0,2007-08,Regular Season,2548,Dwyane Wade
22007,2548,0020700378,2007-12-20,MIA vs. NJN,L,45,15,23,0.652,1,1,1.0,10,12,0.833,2,3,5,6,3,3,3,4,41,-3,0,2007-08,Regular Season,2548,Dwyane Wade
22007,2548,0020700393,2007-12-22,MIA vs. UTA,W,36,6,14,0.429,0,0,0.0,8,10,0.8,0,3,3,6,1,1,2,4,20,-1,0,2007-08,Regular Season,2548,Dwyane Wade
22007,2548,0020700405,2007-12-25,MIA @ CLE,L,41,7,18,0.389,0,0,0.0,8,16,0.5,1,5,6,8,0,0,5,3,22,-13,0,2007-08,Regular Season,2548,Dwyane Wade
22007,2548,0020700408,2007-12-26,MIA @ PHI,L,44,10,22,0.455,0,1,0.0,7,8,0.875,0,1,1,9,3,1,4,2,27,-11,0,2007-08,Regular Season,2548,Dwyane Wade
22007,2548,0020700424,2007-12-28,MIA vs. ORL,L,52,16,21,0.762,0,0,0.0,16,23,0.696,0,7,7,11,3,3,5,4,48,-2,0,2007-08,Regular Season,2548,Dwyane Wade
22007,2548,0020700435,2007-12-29,MIA @ WAS,L,28,5,12,0.417,0,1,0.0,2,4,0.5,1,2,3,6,2,0,7,0,12,-24,0,2007-08,Regular Season,2548,Dwyane Wade
22007,2548,0020700464,2008-01-02,MIA vs. MIL,L,41,10,16,0.625,1,1,1.0,6,8,0.75,0,3,3,8,4,0,4,1,27,-1,0,2007-08,Regular Season,2548,Dwyane Wade
22007,2548,0020700494,2008-01-06,MIA @ MEM,L,29,7,20,0.35,0,2,0.0,4,6,0.667,0,3,3,9,4,1,4,1,18,4,0,2007-08,Regular Season,2548,Dwyane Wade
22007,2548,0020700505,2008-01-08,MIA @ MIN,L,39,10,18,0.556,0,0,0.0,5,7,0.714,1,4,5,7,1,0,6,5,25,-10,0,2007-08,Regular Season,2548,Dwyane Wade
22007,2548,0020700514,2008-01-09,MIA @ MIL,L,41,11,22,0.5,0,0,0.0,12,13,0.923,4,5,9,5,3,0,5,1,34,1,0,2007-08,Regular Season,2548,Dwyane Wade
22007,2548,0020700528,2008-01-11,MIA @ NOH,L,37,4,14,0.286,0,0,0.0,3,4,0.75,0,1,1,7,2,0,3,1,11,-24,0,2007-08,Regular Season,2548,Dwyane Wade
22007,2548,0020700564,2008-01-16,MIA vs. CHI,L,37,9,21,0.429,0,0,0.0,6,8,0.75,0,2,2,6,1,0,4,2,24,-19,0,2007-08,Regular Season,2548,Dwyane Wade
22007,2548,0020700575,2008-01-18,MIA vs. POR,L,41,14,29,0.483,2,2,1.0,7,7,1.0,2,3,5,3,1,1,2,4,37,-18,0,2007-08,Regular Season,2548,Dwyane Wade
22007,2548,0020700587,2008-01-19,MIA vs. NYK,L,40,7,23,0.304,1,3,0.333,7,9,0.778,0,5,5,9,1,0,2,3,22,2,0,2007-08,Regular Season,2548,Dwyane Wade
22007,2548,0020700606,2008-01-21,MIA vs. CLE,L,40,17,29,0.586,1,3,0.333,7,8,0.875,3,3,6,7,3,1,4,3,42,-7,0,2007-08,Regular Season,2548,Dwyane Wade
22007,2548,0020700622,2008-01-24,MIA vs. SAS,L,41,10,23,0.435,0,1,0.0,7,12,0.583,1,5,6,9,4,1,4,2,27,4,0,2007-08,Regular Season,2548,Dwyane Wade
22007,2548,0020700638,2008-01-26,MIA vs. IND,W,40,12,20,0.6,2,5,0.4,9,11,0.818,1,7,8,4,1,1,3,2,35,-2,0,2007-08,Regular Season,2548,Dwyane Wade
22007,2548,0020700659,2008-01-29,MIA vs. BOS,L,28,1,9,0.111,0,1,0.0,5,5,1.0,1,3,4,6,0,0,4,2,7,-25,0,2007-08,Regular Season,2548,Dwyane Wade
22007,2548,0020700683,2008-02-01,MIA vs. NJN,L,37,7,14,0.5,0,1,0.0,1,1,1.0,1,6,7,6,1,0,6,3,15,-6,0,2007-08,Regular Season,2548,Dwyane Wade
22007,2548,0020700701,2008-02-04,MIA vs. TOR,L,28,5,12,0.417,0,1,0.0,2,2,1.0,1,1,2,4,2,0,3,2,12,-27,0,2007-08,Regular Season,2548,Dwyane Wade
22007,2548,0020700717,2008-02-06,MIA @ DET,L,41,11,25,0.44,0,3,0.0,8,9,0.889,1,4,5,12,1,1,4,5,30,-2,0,2007-08,Regular Season,2548,Dwyane Wade
22007,2548,0020700723,2008-02-07,MIA @ PHI,L,39,5,17,0.294,0,2,0.0,9,11,0.818,1,5,6,9,1,1,6,4,19,-6,0,2007-08,Regular Season,2548,Dwyane Wade
22007,2548,0020700745,2008-02-10,MIA vs. LAL,L,41,7,17,0.412,0,1,0.0,5,6,0.833,1,4,5,9,4,0,9,2,19,-7,0,2007-08,Regular Season,2548,Dwyane Wade
22007,2548,0020700761,2008-02-12,MIA vs. DEN,L,44,11,26,0.423,3,7,0.429,4,6,0.667,1,1,2,10,2,0,2,3,29,14,0,2007-08,Regular Season,2548,Dwyane Wade
22007,2548,0020700778,2008-02-14,MIA @ CHI,L,42,11,21,0.524,2,4,0.5,6,8,0.75,1,6,7,7,2,0,6,4,30,-2,0,2007-08,Regular Season,2548,Dwyane Wade
22007,2548,0020700800,2008-02-21,MIA @ HOU,L,39,13,21,0.619,1,3,0.333,6,7,0.857,0,4,4,11,0,0,3,2,33,-14,0,2007-08,Regular Season,2548,Dwyane Wade
22007,2548,0020700818,2008-02-23,MIA vs. PHI,L,44,11,23,0.478,2,5,0.4,9,10,0.9,1,2,3,5,2,2,4,1,33,-3,0,2007-08,Regular Season,2548,Dwyane Wade
22007,2548,0020700838,2008-02-26,MIA vs. SAC,W,37,6,12,0.5,0,1,0.0,3,6,0.5,0,2,2,9,0,2,5,3,15,25,0,2007-08,Regular Season,2548,Dwyane Wade
22007,2548,0020700857,2008-02-28,MIA @ LAL,L,29,6,17,0.353,2,3,0.667,4,7,0.571,1,0,1,3,0,1,4,5,18,-27,0,2007-08,Regular Season,2548,Dwyane Wade
22007,2548,0020700869,2008-02-29,MIA @ SEA,W,40,13,25,0.52,1,2,0.5,4,7,0.571,0,3,3,5,3,1,4,3,31,17,0,2007-08,Regular Season,2548,Dwyane Wade
22007,2548,0020700885,2008-03-02,MIA @ SAC,L,40,8,15,0.533,1,5,0.2,9,10,0.9,0,2,2,7,0,0,4,3,26,-20,0,2007-08,Regular Season,2548,Dwyane Wade
22007,2548,0020700901,2008-03-05,MIA vs. TOR,L,33,6,13,0.462,1,3,0.333,3,5,0.6,0,3,3,4,1,0,5,1,16,-19,0,2007-08,Regular Season,2548,Dwyane Wade
22007,2548,0020700926,2008-03-08,MIA @ ATL,L,39,11,20,0.55,0,2,0.0,2,4,0.5,1,3,4,8,0,1,4,4,24,-2,0,2007-08,Regular Season,2548,Dwyane Wade
22007,2730,0020700005,2007-10-31,ORL vs. MIL,W,31,4,9,0.444,0,0,0.0,8,10,0.8,1,11,12,2,0,7,4,2,16,28,0,2007-08,Regular Season,2730,Dwight Howard
22007,2730,0020700016,2007-11-02,ORL vs. DET,L,38,6,15,0.4,0,0,0.0,4,9,0.444,3,10,13,1,0,1,2,5,16,-13,0,2007-08,Regular Season,2730,Dwight Howard
22007,2730,0020700029,2007-11-03,ORL @ WAS,W,37,7,11,0.636,0,0,0.0,3,5,0.6,4,11,15,2,0,3,3,4,17,22,0,2007-08,Regular Season,2730,Dwight Howard
22007,2730,0020700048,2007-11-06,ORL @ MIN,W,39,8,12,0.667,0,0,0.0,12,16,0.75,5,11,16,1,1,0,0,2,28,17,0,2007-08,Regular Season,2730,Dwight Howard
22007,2730,0020700054,2007-11-07,ORL @ TOR,W,34,7,12,0.583,0,0,0.0,3,6,0.5,1,8,9,2,1,1,4,5,17,12,0,2007-08,Regular Season,2730,Dwight Howard
22007,2730,0020700069,2007-11-09,ORL @ NYK,W,37,8,16,0.5,0,0,0.0,6,8,0.75,3,17,20,1,1,3,3,4,22,8,0,2007-08,Regular Season,2730,Dwight Howard
22007,2730,0020700079,2007-11-10,ORL vs. PHX,L,42,13,24,0.542,0,1,0.0,7,16,0.438,7,11,18,3,0,1,4,2,33,-12,0,2007-08,Regular Season,2730,Dwight Howard
22007,2730,0020700097,2007-11-13,ORL vs. SEA,W,27,3,8,0.375,0,0,0.0,7,10,0.7,2,10,12,2,0,3,4,2,13,19,0,2007-08,Regular Season,2730,Dwight Howard
22007,2730,0020700107,2007-11-14,ORL @ CLE,W,49,11,17,0.647,0,0,0.0,13,16,0.813,6,10,16,2,0,4,3,3,35,-1,0,2007-08,Regular Season,2730,Dwight Howard
22007,2730,0020700122,2007-11-16,ORL @ NJN,W,37,8,13,0.615,0,0,0.0,5,8,0.625,5,14,19,0,0,1,4,5,21,18,0,2007-08,Regular Season,2730,Dwight Howard
22007,2730,0020700142,2007-11-18,ORL vs. BOS,W,42,7,9,0.778,0,0,0.0,10,20,0.5,1,5,6,2,3,3,2,4,24,3,0,2007-08,Regular Season,2730,Dwight Howard
22007,2730,0020700147,2007-11-19,ORL @ NOH,W,40,10,14,0.714,0,0,0.0,4,7,0.571,3,12,15,2,1,3,4,1,24,9,0,2007-08,Regular Season,2730,Dwight Howard
22007,2730,0020700166,2007-11-21,ORL @ SAS,L,41,14,19,0.737,0,0,0.0,6,12,0.5,3,13,16,0,1,3,2,4,34,-7,0,2007-08,Regular Season,2730,Dwight Howard
22007,2730,0020700171,2007-11-23,ORL vs. CHA,W,37,11,14,0.786,0,1,0.0,12,21,0.571,6,11,17,2,3,4,3,4,34,15,0,2007-08,Regular Season,2730,Dwight Howard
22007,2730,0020700186,2007-11-24,ORL vs. MIA,W,39,6,7,0.857,0,0,0.0,5,10,0.5,3,10,13,2,2,1,2,2,17,18,0,2007-08,Regular Season,2730,Dwight Howard
22007,2730,0020700201,2007-11-26,ORL @ POR,W,31,4,10,0.4,0,0,0.0,1,2,0.5,2,12,14,0,0,3,3,5,9,-4,0,2007-08,Regular Season,2730,Dwight Howard
22007,2730,0020700220,2007-11-28,ORL @ SEA,W,41,12,17,0.706,0,0,0.0,15,20,0.75,4,12,16,1,0,5,6,4,39,18,0,2007-08,Regular Season,2730,Dwight Howard
22007,2730,0020700232,2007-11-30,ORL @ PHX,L,46,13,19,0.684,0,0,0.0,4,10,0.4,5,18,23,1,0,2,8,5,30,1,0,2007-08,Regular Season,2730,Dwight Howard
22007,2730,0020700249,2007-12-02,ORL @ LAL,W,36,6,11,0.545,0,0,0.0,5,8,0.625,0,8,8,0,0,5,1,4,17,8,0,2007-08,Regular Season,2730,Dwight Howard
22007,2730,0020700255,2007-12-03,ORL @ GSW,W,44,5,10,0.5,0,0,0.0,8,13,0.615,5,18,23,3,0,7,9,4,18,4,0,2007-08,Regular Season,2730,Dwight Howard
22007,2730,0020700278,2007-12-07,ORL vs. IND,L,37,9,13,0.692,0,0,0.0,12,16,0.75,5,10,15,1,4,1,6,1,30,4,0,2007-08,Regular Season,2730,Dwight Howard
22007,2730,0020700302,2007-12-10,ORL vs. ATL,L,42,4,7,0.571,0,0,0.0,6,14,0.429,1,17,18,1,2,2,5,5,14,-10,0,2007-08,Regular Season,2730,Dwight Howard
22007,2730,0020700320,2007-12-12,ORL @ MIL,L,41,6,13,0.462,0,0,0.0,8,16,0.5,3,10,13,2,1,1,5,5,20,-13,0,2007-08,Regular Season,2730,Dwight Howard
22007,2730,0020700328,2007-12-14,ORL @ CHA,W,39,11,16,0.688,0,0,0.0,11,20,0.55,6,12,18,0,0,4,4,2,33,12,0,2007-08,Regular Season,2730,Dwight Howard
22007,2730,0020700341,2007-12-15,ORL vs. MEM,L,42,10,11,0.909,0,0,0.0,11,17,0.647,5,15,20,3,0,0,1,1,31,6,0,2007-08,Regular Season,2730,Dwight Howard
22007,2730,0020700359,2007-12-17,ORL @ DAL,L,36,9,16,0.563,0,0,0.0,4,5,0.8,1,12,13,5,2,1,2,4,22,-10,0,2007-08,Regular Season,2730,Dwight Howard
22007,2730,0020700374,2007-12-19,ORL @ HOU,W,38,7,13,0.538,0,0,0.0,7,9,0.778,1,10,11,0,0,3,1,5,21,1,0,2007-08,Regular Season,2730,Dwight Howard
22007,2730,0020700385,2007-12-21,ORL vs. UTA,L,36,8,12,0.667,0,0,0.0,4,10,0.4,4,9,13,1,2,2,5,4,20,-15,0,2007-08,Regular Season,2730,Dwight Howard
22007,2730,0020700403,2007-12-23,ORL @ BOS,L,43,9,15,0.6,0,0,0.0,5,16,0.313,3,11,14,4,0,2,5,4,23,-15,0,2007-08,Regular Season,2730,Dwight Howard
22007,2730,0020700411,2007-12-26,ORL vs. NYK,W,36,4,6,0.667,0,0,0.0,8,11,0.727,5,6,11,2,1,5,4,3,16,6,0,2007-08,Regular Season,2730,Dwight Howard
22007,2730,0020700424,2007-12-28,ORL @ MIA,W,44,10,15,0.667,0,0,0.0,9,11,0.818,7,14,21,0,0,1,3,3,29,17,0,2007-08,Regular Season,2730,Dwight Howard
22007,2730,0020700436,2007-12-29,ORL vs. CHA,W,42,5,10,0.5,0,0,0.0,5,12,0.417,5,16,21,1,2,4,3,1,15,7,0,2007-08,Regular Season,2730,Dwight Howard
22007,2730,0020700450,2007-12-31,ORL @ CHI,W,49,4,11,0.364,0,0,0.0,9,14,0.643,5,17,22,2,3,5,1,3,17,3,0,2007-08,Regular Season,2730,Dwight Howard
22007,2730,0020700459,2008-01-02,ORL vs. NJN,L,35,5,11,0.455,0,0,0.0,3,10,0.3,2,11,13,0,0,2,3,4,13,-6,0,2007-08,Regular Season,2730,Dwight Howard
22007,2730,0020700473,2008-01-04,ORL vs. HOU,L,34,5,11,0.455,0,0,0.0,6,10,0.6,2,6,8,1,3,1,1,6,16,-7,0,2007-08,Regular Season,2730,Dwight Howard
22007,2730,0020700508,2008-01-08,ORL @ SAC,L,38,11,13,0.846,0,0,0.0,7,8,0.875,4,11,15,1,2,1,6,4,29,6,0,2007-08,Regular Season,2730,Dwight Howard
22007,2730,0020700519,2008-01-09,ORL @ LAC,W,39,6,13,0.462,0,0,0.0,5,6,0.833,2,15,17,2,4,1,4,2,17,25,0,2007-08,Regular Season,2730,Dwight Howard
22007,2730,0020700530,2008-01-11,ORL @ DEN,L,38,8,14,0.571,0,0,0.0,4,8,0.5,3,10,13,0,0,3,4,2,20,-9,0,2007-08,Regular Season,2730,Dwight Howard
22007,2730,0020700537,2008-01-12,ORL @ UTA,L,41,6,13,0.462,0,0,0.0,17,24,0.708,6,9,15,3,1,2,0,2,29,0,0,2007-08,Regular Season,2730,Dwight Howard
22007,2730,0020700555,2008-01-15,ORL vs. CHI,W,29,4,9,0.444,0,0,0.0,7,10,0.7,2,9,11,2,1,1,1,1,15,15,0,2007-08,Regular Season,2730,Dwight Howard
22007,2730,0020700563,2008-01-16,ORL @ CHA,L,42,8,15,0.533,0,0,0.0,8,13,0.615,6,15,21,1,4,1,2,2,24,-8,0,2007-08,Regular Season,2730,Dwight Howard
22007,2730,0020700585,2008-01-19,ORL vs. POR,W,37,3,7,0.429,0,0,0.0,4,10,0.4,3,11,14,1,0,4,0,3,10,-7,0,2007-08,Regular Season,2730,Dwight Howard
22007,2730,0020700605,2008-01-21,ORL vs. DET,W,41,7,11,0.636,0,0,0.0,9,15,0.6,2,6,8,1,0,3,3,3,23,-1,0,2007-08,Regular Season,2730,Dwight Howard
22007,2730,0020700614,2008-01-23,ORL @ MEM,W,29,5,7,0.714,0,0,0.0,6,9,0.667,4,6,10,0,2,3,2,4,16,8,0,2007-08,Regular Season,2730,Dwight Howard
22007,2730,0020700630,2008-01-25,ORL @ DET,L,44,7,11,0.636,0,0,0.0,8,16,0.5,7,7,14,2,1,2,4,0,22,-8,0,2007-08,Regular Season,2730,Dwight Howard
22007,2730,0020700644,2008-01-27,ORL vs. BOS,W,38,6,10,0.6,0,0,0.0,6,6,1.0,5,11,16,1,1,5,4,3,18,12,0,2007-08,Regular Season,2730,Dwight Howard
22007,2730,0020700667,2008-01-30,ORL vs. MIA,W,43,4,8,0.5,0,0,0.0,8,12,0.667,3,10,13,0,0,4,5,5,16,13,0,2007-08,Regular Season,2730,Dwight Howard
22007,2730,0020700680,2008-02-01,ORL @ PHI,W,41,6,10,0.6,0,0,0.0,5,9,0.556,3,11,14,1,0,1,5,4,17,4,0,2007-08,Regular Season,2730,Dwight Howard
22007,2730,0020700689,2008-02-02,ORL @ IND,W,44,8,13,0.615,0,0,0.0,8,16,0.5,0,12,12,1,1,1,4,4,24,17,0,2007-08,Regular Season,2730,Dwight Howard
22007,2730,0020700699,2008-02-04,ORL vs. DAL,L,43,11,16,0.688,0,1,0.0,6,13,0.462,5,2,7,3,2,1,1,3,28,-4,0,2007-08,Regular Season,2730,Dwight Howard
22007,2730,0020700714,2008-02-06,ORL vs. NJN,W,34,6,11,0.545,0,0,0.0,9,13,0.692,4,9,13,1,0,2,1,2,21,15,0,2007-08,Regular Season,2730,Dwight Howard
22007,2730,0020700728,2008-02-08,ORL vs. LAL,L,29,8,8,1.0,0,0,0.0,3,5,0.6,3,8,11,1,0,0,2,5,19,2,0,2007-08,Regular Season,2730,Dwight Howard
22007,2730,0020700754,2008-02-11,ORL vs. CLE,L,38,6,11,0.545,0,0,0.0,4,9,0.444,3,6,9,1,0,0,0,4,16,11,0,2007-08,Regular Season,2730,Dwight Howard
22007,2730,0020700767,2008-02-13,ORL vs. DEN,W,42,8,13,0.615,0,1,0.0,7,14,0.5,9,15,24,3,1,2,5,3,23,8,0,2007-08,Regular Season,2730,Dwight Howard
22007,2730,0020700782,2008-02-19,ORL @ DET,W,31,2,9,0.222,0,0,0.0,4,6,0.667,1,7,8,2,1,4,5,2,8,17,0,2007-08,Regular Season,2730,Dwight Howard
22007,2730,0020700790,2008-02-20,ORL @ TOR,L,42,13,16,0.813,0,0,0.0,11,15,0.733,10,5,15,0,1,1,3,4,37,-22,0,2007-08,Regular Season,2730,Dwight Howard
22007,2730,0020700804,2008-02-22,ORL vs. PHI,W,41,9,12,0.75,0,0,0.0,6,10,0.6,4,14,18,2,1,3,1,4,24,22,0,2007-08,Regular Season,2730,Dwight Howard
22007,2730,0020700825,2008-02-24,ORL vs. SAC,W,34,10,13,0.769,0,0,0.0,6,11,0.545,0,10,10,2,1,2,3,3,26,11,0,2007-08,Regular Season,2730,Dwight Howard
22007,2730,0020700837,2008-02-26,ORL @ NJN,W,41,5,10,0.5,0,0,0.0,7,15,0.467,0,10,10,0,0,2,4,4,17,3,0,2007-08,Regular Season,2730,Dwight Howard
22007,2730,0020700846,2008-02-27,ORL @ PHI,L,44,6,13,0.462,0,0,0.0,2,7,0.286,6,10,16,0,1,1,3,3,14,-8,0,2007-08,Regular Season,2730,Dwight Howard
22007,2730,0020700870,2008-03-01,ORL vs. NYK,W,38,10,16,0.625,0,0,0.0,6,12,0.5,5,17,22,1,3,2,4,3,26,39,0,2007-08,Regular Season,2730,Dwight Howard
22007,2730,0020700890,2008-03-04,ORL vs. TOR,W,30,7,10,0.7,0,0,0.0,5,8,0.625,1,13,14,0,1,1,3,5,19,23,0,2007-08,Regular Season,2730,Dwight Howard
22007,2730,0020700897,2008-03-05,ORL @ WAS,W,32,7,12,0.583,0,0,0.0,6,6,1.0,2,9,11,1,2,0,2,2,20,25,0,2007-08,Regular Season,2730,Dwight Howard
22007,2730,0020700927,2008-03-08,ORL vs. GSW,L,42,8,14,0.571,0,0,0.0,10,14,0.714,1,11,12,1,0,5,4,5,26,-5,0,2007-08,Regular Season,2730,Dwight Howard
22007,2730,0020700940,2008-03-10,ORL vs. ATL,W,41,8,14,0.571,0,0,0.0,10,15,0.667,3,13,16,1,1,1,3,3,26,23,0,2007-08,Regular Season,2730,Dwight Howard
22007,2730,0020700953,2008-03-12,ORL vs. LAC,W,35,9,14,0.643,0,0,0.0,4,5,0.8,4,9,13,1,0,3,7,2,22,20,0,2007-08,Regular Season,2730,Dwight Howard
22007,2730,0020700968,2008-03-14,ORL @ MIA,W,42,6,13,0.462,0,0,0.0,6,16,0.375,8,8,16,2,1,1,4,3,18,13,0,2007-08,Regular Season,2730,Dwight Howard
22007,2730,0020700978,2008-03-15,ORL vs. IND,W,36,9,13,0.692,0,0,0.0,0,5,0.0,2,10,12,1,0,3,7,6,18,5,0,2007-08,Regular Season,2730,Dwight Howard
22007,2730,0020700992,2008-03-17,ORL vs. CLE,W,41,6,14,0.429,0,0,0.0,11,15,0.733,4,9,13,2,1,2,1,3,23,9,0,2007-08,Regular Season,2730,Dwight Howard
22007,2730,0020701008,2008-03-19,ORL vs. WAS,L,31,1,6,0.167,0,0,0.0,1,2,0.5,0,14,14,0,0,1,4,5,3,-3,0,2007-08,Regular Season,2730,Dwight Howard
22007,2730,0020701019,2008-03-21,ORL vs. PHI,W,23,5,7,0.714,0,0,0.0,3,3,1.0,4,8,12,2,0,0,4,3,13,22,0,2007-08,Regular Season,2730,Dwight Howard
22007,2730,0020701031,2008-03-22,ORL @ ATL,L,37,3,5,0.6,0,0,0.0,5,11,0.455,2,14,16,2,2,2,3,3,11,-9,0,2007-08,Regular Season,2730,Dwight Howard
22007,2730,0020701052,2008-03-25,ORL vs. SAS,L,42,10,18,0.556,0,0,0.0,4,8,0.5,6,15,21,0,1,2,2,6,24,-14,0,2007-08,Regular Season,2730,Dwight Howard
22007,2730,0020701078,2008-03-28,ORL @ MIL,W,32,7,12,0.583,0,0,0.0,11,14,0.786,1,10,11,1,0,2,2,1,25,17,0,2007-08,Regular Season,2730,Dwight Howard
22007,2730,0020701105,2008-04-01,ORL vs. NOH,L,42,7,9,0.778,0,0,0.0,3,5,0.6,0,15,15,1,1,2,0,4,17,-1,0,2007-08,Regular Season,2730,Dwight Howard
22007,2730,0020701137,2008-04-05,ORL @ CLE,W,39,1,8,0.125,0,0,0.0,2,2,1.0,1,11,12,3,0,0,3,5,4,18,0,2007-08,Regular Season,2730,Dwight Howard
22007,2730,0020701145,2008-04-06,ORL @ NYK,L,38,5,8,0.625,0,0,0.0,3,10,0.3,7,8,15,0,1,1,2,4,13,-18,0,2007-08,Regular Season,2730,Dwight Howard
22007,2730,0020701167,2008-04-09,ORL vs. CHI,W,32,12,15,0.8,0,0,0.0,6,13,0.462,1,13,14,1,1,1,3,4,30,28,0,2007-08,Regular Season,2730,Dwight Howard
22007,2730,0020701178,2008-04-11,ORL vs. MIN,L,39,8,13,0.615,0,0,0.0,4,9,0.444,3,11,14,4,1,1,5,4,20,-12,0,2007-08,Regular Season,2730,Dwight Howard
22007,2730,0020701200,2008-04-13,ORL @ CHI,W,30,3,4,0.75,0,0,0.0,13,17,0.765,2,3,5,2,0,1,4,2,19,11,0,2007-08,Regular Season,2730,Dwight Howard
22007,2730,0020701211,2008-04-15,ORL @ ATL,W,29,6,12,0.5,0,0,0.0,3,6,0.5,2,11,13,1,0,1,2,2,15,16,0,2007-08,Regular Season,2730,Dwight Howard
22007,2730,0020701218,2008-04-16,ORL vs. WAS,W,12,3,4,0.75,0,0,0.0,0,3,0.0,1,3,4,0,0,0,2,1,6,5,0,2007-08,Regular Season,2730,Dwight Howard
42007,2730,0040700121,2008-04-20,ORL vs. TOR,W,44,8,13,0.615,0,0,0.0,9,11,0.818,6,16,22,2,1,5,2,4,25,21,0,2007-08,Playoffs,2730,Dwight Howard
42007,2730,0040700122,2008-04-22,ORL vs. TOR,W,41,12,17,0.706,0,0,0.0,5,9,0.556,7,13,20,1,1,3,3,3,29,13,0,2007-08,Playoffs,2730,Dwight Howard
42007,2730,0040700123,2008-04-24,ORL @ TOR,L,42,8,15,0.533,0,0,0.0,3,8,0.375,7,5,12,0,1,0,6,5,19,-20,0,2007-08,Playoffs,2730,Dwight Howard
42007,2730,0040700124,2008-04-26,ORL @ TOR,W,38,9,12,0.75,0,0,0.0,1,6,0.167,5,11,16,3,1,8,3,3,19,15,0,2007-08,Playoffs,2730,Dwight Howard
42007,2730,0040700125,2008-04-28,ORL vs. TOR,W,44,7,12,0.583,0,0,0.0,7,10,0.7,10,11,21,2,0,3,4,5,21,10,0,2007-08,Playoffs,2730,Dwight Howard
42007,2730,0040700211,2008-05-03,ORL @ DET,L,35,5,11,0.455,0,0,0.0,2,7,0.286,4,4,8,0,1,3,1,3,12,-16,0,2007-08,Playoffs,2730,Dwight Howard
42007,2730,0040700212,2008-05-05,ORL @ DET,L,45,8,11,0.727,0,0,0.0,6,8,0.75,8,10,18,0,0,2,5,3,22,3,0,2007-08,Playoffs,2730,Dwight Howard
42007,2730,0040700213,2008-05-07,ORL vs. DET,W,44,8,13,0.615,0,0,0.0,4,7,0.571,2,10,12,0,3,6,3,4,20,20,0,2007-08,Playoffs,2730,Dwight Howard
42007,2730,0040700214,2008-05-10,ORL vs. DET,L,45,3,12,0.25,0,0,0.0,2,2,1.0,7,5,12,1,0,1,1,3,8,-5,0,2007-08,Playoffs,2730,Dwight Howard
42007,2730,0040700215,2008-05-13,ORL @ DET,L,44,4,8,0.5,0,0,0.0,6,15,0.4,4,13,17,0,0,3,4,5,14,-9,0,2007-08,Playoffs,2730,Dwight Howard
