SEASON_ID,Player_ID,Game_ID,GAME_DATE,MATCHUP,WL,MIN,FGM,FGA,FG_PCT,FG3M,FG3A,FG3_PCT,FTM,FTA,FT_PCT,OREB,DREB,REB,AST,STL,BLK,TOV,PF,PTS,PLUS_MINUS,VIDEO_AVAILABLE,SEASON,SEASON_TYPE,PLAYER_ID,PLAYER_NAME
22005,2544,0020500006,2005-11-02,CLE vs. NOK,W,33,9,16,0.563,6,7,0.857,7,8,0.875,1,2,3,4,2,0,3,3,31,22,0,2005-06,Regular Season,2544,LeBron James
22005,2544,0020500026,2005-11-04,CLE @ SAS,L,37,7,16,0.438,0,3,0.0,6,7,0.857,0,6,6,4,0,1,3,3,20,-19,0,2005-06,Regular Season,2544,LeBron James
22005,2544,0020500036,2005-11-05,CLE @ MEM,L,41,14,29,0.483,4,9,0.444,4,5,0.8,0,2,2,6,2,0,2,2,36,-3,0,2005-06,Regular Season,2544,LeBron James
22005,2544,0020500046,2005-11-07,CLE @ TOR,W,36,9,17,0.529,0,2,0.0,9,12,0.75,0,3,3,6,1,2,1,3,27,0,0,2005-06,Regular Season,2544,LeBron James
22005,2544,0020500058,2005-11-09,CLE vs. SEA,W,35,10,18,0.556,0,2,0.0,11,11,1.0,1,4,5,1,0,1,4,1,31,25,0,2005-06,Regular Season,2544,LeBron James
22005,2544,0020500076,2005-11-11,CLE vs. MEM,W,26,5,11,0.455,0,1,0.0,6,6,1.0,1,5,6,2,3,1,3,5,16,24,0,2005-06,Regular Season,2544,LeBron James
22005,2544,0020500092,2005-11-13,CLE @ ORL,W,49,9,20,0.45,1,4,0.25,7,11,0.636,0,5,5,3,0,1,2,2,26,7,0,2005-06,Regular Season,2544,LeBron James
22005,2544,0020500100,2005-11-15,CLE vs. WAS,W,42,15,23,0.652,2,3,0.667,5,5,1.0,1,9,10,4,0,2,3,1,37,17,0,2005-06,Regular Season,2544,LeBron James
22005,2544,0020500120,2005-11-18,CLE vs. ORL,W,34,6,17,0.353,0,3,0.0,4,6,0.667,1,5,6,4,2,0,4,2,16,25,0,2005-06,Regular Season,2544,LeBron James
22005,2544,0020500132,2005-11-19,CLE @ PHI,W,47,14,24,0.583,0,2,0.0,8,10,0.8,2,9,11,10,1,1,5,1,36,8,0,2005-06,Regular Season,2544,LeBron James
22005,2544,0020500151,2005-11-22,CLE vs. BOS,W,41,13,20,0.65,1,3,0.333,9,11,0.818,0,5,5,4,2,2,1,4,36,14,0,2005-06,Regular Season,2544,LeBron James
22005,2544,0020500167,2005-11-24,CLE @ IND,L,43,6,20,0.3,0,4,0.0,7,11,0.636,1,9,10,4,5,1,6,4,19,-18,0,2005-06,Regular Season,2544,LeBron James
22005,2544,0020500185,2005-11-26,CLE vs. MIN,L,44,13,29,0.448,6,11,0.545,6,6,1.0,2,3,5,2,4,0,2,2,38,-3,0,2005-06,Regular Season,2544,LeBron James
22005,2544,0020500209,2005-11-30,CLE vs. LAC,W,50,7,20,0.35,0,3,0.0,14,17,0.824,0,7,7,9,1,1,6,1,28,6,0,2005-06,Regular Season,2544,LeBron James
22005,2544,0020500230,2005-12-02,CLE @ SEA,L,45,14,27,0.519,0,5,0.0,6,8,0.75,0,3,3,8,1,3,1,1,34,-2,0,2005-06,Regular Season,2544,LeBron James
22005,2544,0020500238,2005-12-03,CLE @ LAC,L,44,8,25,0.32,3,5,0.6,11,14,0.786,0,5,5,6,1,1,1,3,30,-11,0,2005-06,Regular Season,2544,LeBron James
22005,2544,0020500256,2005-12-06,CLE @ SAC,W,44,10,23,0.435,1,5,0.2,9,12,0.75,2,4,6,6,2,3,5,2,30,3,0,2005-06,Regular Season,2544,LeBron James
22005,2544,0020500272,2005-12-09,CLE vs. NJN,L,45,11,26,0.423,0,4,0.0,10,15,0.667,2,4,6,3,0,1,7,3,32,-4,0,2005-06,Regular Season,2544,LeBron James
22005,2544,0020500287,2005-12-10,CLE @ MIL,L,43,19,29,0.655,5,9,0.556,9,10,0.9,0,7,7,7,2,0,3,5,52,-3,0,2005-06,Regular Season,2544,LeBron James
22005,2544,0020500301,2005-12-13,CLE vs. ATL,L,45,13,23,0.565,3,6,0.5,10,16,0.625,0,10,10,6,2,0,6,5,39,-4,0,2005-06,Regular Season,2544,LeBron James
22005,2544,0020500319,2005-12-15,CLE vs. DEN,W,45,11,18,0.611,1,4,0.25,3,6,0.5,0,4,4,9,1,0,3,3,26,16,0,2005-06,Regular Season,2544,LeBron James
22005,2544,0020500336,2005-12-17,CLE vs. MIA,W,46,12,19,0.632,2,4,0.5,15,16,0.938,0,5,5,10,1,0,4,3,41,9,0,2005-06,Regular Season,2544,LeBron James
22005,2544,0020500352,2005-12-20,CLE vs. UTA,W,29,8,12,0.667,1,1,1.0,8,9,0.889,2,4,6,4,3,2,5,1,25,20,0,2005-06,Regular Season,2544,LeBron James
22005,2544,0020500369,2005-12-22,CLE @ CHI,W,44,12,25,0.48,4,6,0.667,9,13,0.692,0,5,5,6,4,0,2,2,37,15,0,2005-06,Regular Season,2544,LeBron James
22005,2544,0020500377,2005-12-23,CLE vs. IND,W,44,4,16,0.25,0,1,0.0,6,11,0.545,1,7,8,9,1,0,3,1,14,1,0,2005-06,Regular Season,2544,LeBron James
22005,2544,0020500389,2005-12-26,CLE vs. CHI,W,44,12,25,0.48,0,5,0.0,8,12,0.667,1,7,8,6,2,2,2,0,32,14,0,2005-06,Regular Season,2544,LeBron James
22005,2544,0020500398,2005-12-27,CLE @ NJN,L,40,12,21,0.571,1,5,0.2,6,9,0.667,1,9,10,8,2,0,4,3,31,-2,0,2005-06,Regular Season,2544,LeBron James
22005,2544,0020500426,2005-12-31,CLE vs. DET,W,45,11,22,0.5,2,5,0.4,6,7,0.857,1,6,7,7,4,1,5,2,30,5,0,2005-06,Regular Season,2544,LeBron James
22005,2544,0020500450,2006-01-04,CLE @ MIL,W,46,12,29,0.414,2,8,0.25,6,7,0.857,2,9,11,11,5,1,4,1,32,8,0,2005-06,Regular Season,2544,LeBron James
22005,2544,0020500457,2006-01-05,CLE vs. HOU,L,44,13,19,0.684,3,7,0.429,3,6,0.5,1,8,9,5,1,0,3,4,32,-10,0,2005-06,Regular Season,2544,LeBron James
22005,2544,0020500476,2006-01-07,CLE vs. MIL,W,45,14,22,0.636,3,7,0.429,4,9,0.444,2,5,7,6,0,1,0,1,35,4,0,2005-06,Regular Season,2544,LeBron James
22005,2544,0020500492,2006-01-10,CLE vs. NYK,L,46,14,31,0.452,0,7,0.0,8,11,0.727,0,7,7,7,0,1,1,0,36,-2,0,2005-06,Regular Season,2544,LeBron James
22005,2544,0020500512,2006-01-12,CLE @ LAL,L,40,11,22,0.5,2,3,0.667,4,9,0.444,0,2,2,9,0,0,5,2,28,5,0,2005-06,Regular Season,2544,LeBron James
22005,2544,0020500530,2006-01-14,CLE @ PHX,L,44,18,28,0.643,5,8,0.625,5,5,1.0,0,7,7,8,1,0,1,1,46,-5,0,2005-06,Regular Season,2544,LeBron James
22005,2544,0020500535,2006-01-15,CLE @ POR,L,41,10,26,0.385,1,5,0.2,8,11,0.727,2,11,13,7,1,3,2,3,29,12,0,2005-06,Regular Season,2544,LeBron James
22005,2544,0020500559,2006-01-18,CLE @ DEN,L,41,7,20,0.35,2,6,0.333,8,15,0.533,2,9,11,9,0,0,2,5,24,-3,0,2005-06,Regular Season,2544,LeBron James
22005,2544,0020500575,2006-01-20,CLE @ GSW,L,36,5,22,0.227,0,3,0.0,4,6,0.667,1,8,9,6,0,0,6,3,14,-9,0,2005-06,Regular Season,2544,LeBron James
22005,2544,0020500582,2006-01-21,CLE @ UTA,W,42,19,35,0.543,4,8,0.5,9,11,0.818,0,5,5,8,2,0,3,4,51,19,0,2005-06,Regular Season,2544,LeBron James
22005,2544,0020500600,2006-01-24,CLE vs. IND,W,36,7,21,0.333,2,5,0.4,7,10,0.7,0,7,7,8,2,2,1,0,23,33,0,2005-06,Regular Season,2544,LeBron James
22005,2544,0020500605,2006-01-25,CLE @ ATL,W,46,11,22,0.5,1,5,0.2,15,20,0.75,1,8,9,6,3,1,5,2,38,10,0,2005-06,Regular Season,2544,LeBron James
22005,2544,0020500620,2006-01-27,CLE @ IND,W,45,12,23,0.522,1,2,0.5,5,8,0.625,1,6,7,9,3,1,6,1,30,4,0,2005-06,Regular Season,2544,LeBron James
22005,2544,0020500642,2006-01-29,CLE vs. PHX,W,43,17,33,0.515,3,7,0.429,7,12,0.583,1,10,11,7,1,1,6,1,44,5,0,2005-06,Regular Season,2544,LeBron James
22005,2544,0020500648,2006-01-30,CLE @ CHA,W,32,11,19,0.579,2,6,0.333,6,11,0.545,1,5,6,6,5,1,4,2,30,30,0,2005-06,Regular Season,2544,LeBron James
22005,2544,0020500663,2006-02-01,CLE vs. NJN,W,44,8,21,0.381,0,2,0.0,10,12,0.833,0,11,11,10,1,1,4,2,26,5,0,2005-06,Regular Season,2544,LeBron James
22005,2544,0020500674,2006-02-02,CLE @ MIA,L,39,12,29,0.414,2,5,0.4,3,3,1.0,1,4,5,7,1,0,1,0,29,-15,0,2005-06,Regular Season,2544,LeBron James
22005,2544,0020500687,2006-02-04,CLE vs. PHI,L,47,10,17,0.588,2,7,0.286,9,10,0.9,2,2,4,6,2,1,4,0,31,-7,0,2005-06,Regular Season,2544,LeBron James
22005,2544,0020500707,2006-02-06,CLE vs. MIL,W,45,9,20,0.45,2,7,0.286,2,4,0.5,0,9,9,12,0,2,4,4,22,-3,0,2005-06,Regular Season,2544,LeBron James
22005,2544,0020500719,2006-02-08,CLE @ MIN,W,46,11,34,0.324,1,5,0.2,12,17,0.706,1,10,11,8,1,0,0,3,35,10,0,2005-06,Regular Season,2544,LeBron James
22005,2544,0020500725,2006-02-10,CLE @ WAS,L,45,6,23,0.261,0,3,0.0,6,8,0.75,1,8,9,8,1,0,2,2,18,-13,0,2005-06,Regular Season,2544,LeBron James
22005,2544,0020500737,2006-02-11,CLE vs. GSW,L,44,10,17,0.588,5,6,0.833,8,8,1.0,1,4,5,6,1,2,2,5,33,-15,0,2005-06,Regular Season,2544,LeBron James
22005,2544,0020500758,2006-02-13,CLE vs. SAS,W,41,19,33,0.576,1,3,0.333,5,8,0.625,2,1,3,5,4,0,2,0,44,12,0,2005-06,Regular Season,2544,LeBron James
22005,2544,0020500767,2006-02-15,CLE @ BOS,W,54,16,32,0.5,0,5,0.0,11,15,0.733,1,11,12,11,2,4,2,5,43,5,0,2005-06,Regular Season,2544,LeBron James
22005,2544,0020500780,2006-02-21,CLE vs. ORL,W,43,10,24,0.417,1,5,0.2,5,7,0.714,0,2,2,9,1,2,2,0,26,21,0,2005-06,Regular Season,2544,LeBron James
22005,2544,0020500791,2006-02-22,CLE @ PHI,L,43,13,24,0.542,1,4,0.25,6,10,0.6,3,3,6,5,2,1,6,3,33,-7,0,2005-06,Regular Season,2544,LeBron James
22005,2544,0020500805,2006-02-24,CLE vs. WAS,L,48,7,21,0.333,3,8,0.375,8,19,0.421,0,7,7,9,1,0,4,2,25,-8,0,2005-06,Regular Season,2544,LeBron James
22005,2544,0020500822,2006-02-26,CLE @ DET,L,38,9,20,0.45,2,3,0.667,2,3,0.667,1,8,9,7,0,0,3,3,22,-17,0,2005-06,Regular Season,2544,LeBron James
22005,2544,0020500829,2006-02-27,CLE vs. DET,L,46,9,22,0.409,0,3,0.0,8,10,0.8,1,3,4,6,0,1,5,0,26,-10,0,2005-06,Regular Season,2544,LeBron James
22005,2544,0020500844,2006-03-01,CLE vs. SAC,L,45,7,21,0.333,1,4,0.25,4,7,0.571,1,6,7,12,1,2,5,1,19,-5,0,2005-06,Regular Season,2544,LeBron James
22005,2544,0020500855,2006-03-02,CLE @ CHI,W,47,11,27,0.407,0,3,0.0,11,13,0.846,2,9,11,8,0,1,5,4,33,4,0,2005-06,Regular Season,2544,LeBron James
22005,2544,0020500879,2006-03-05,CLE vs. CHI,W,47,15,28,0.536,1,3,0.333,6,6,1.0,0,9,9,7,2,0,3,3,37,23,0,2005-06,Regular Season,2544,LeBron James
22005,2544,0020500891,2006-03-07,CLE vs. TOR,W,44,5,17,0.294,2,6,0.333,5,6,0.833,1,11,12,8,1,0,2,2,17,14,0,2005-06,Regular Season,2544,LeBron James
22005,2544,0020500897,2006-03-08,CLE @ TOR,W,44,13,24,0.542,1,3,0.333,8,12,0.667,1,5,6,6,1,0,0,2,35,-4,0,2005-06,Regular Season,2544,LeBron James
22005,2544,0020500911,2006-03-10,CLE @ ORL,L,39,9,22,0.409,2,6,0.333,5,6,0.833,2,5,7,2,2,1,5,0,25,-18,0,2005-06,Regular Season,2544,LeBron James
22005,2544,0020500929,2006-03-12,CLE @ MIA,L,45,11,27,0.407,1,6,0.167,24,28,0.857,2,5,7,4,0,1,5,2,47,-7,0,2005-06,Regular Season,2544,LeBron James
22005,2544,0020500946,2006-03-14,CLE @ DAL,L,45,14,27,0.519,0,2,0.0,8,8,1.0,1,11,12,5,0,2,4,1,36,-8,0,2005-06,Regular Season,2544,LeBron James
22005,2544,0020500970,2006-03-17,CLE vs. POR,W,45,9,23,0.391,1,6,0.167,8,10,0.8,2,7,9,5,6,0,1,2,27,14,0,2005-06,Regular Season,2544,LeBron James
22005,2544,0020500981,2006-03-19,CLE vs. LAL,W,47,10,24,0.417,3,4,0.75,6,10,0.6,1,7,8,7,1,0,7,3,29,0,0,2005-06,Regular Season,2544,LeBron James
22005,2544,0020501004,2006-03-22,CLE vs. CHA,W,50,10,21,0.476,1,5,0.2,16,23,0.696,0,11,11,12,0,1,5,4,37,5,0,2005-06,Regular Season,2544,LeBron James
22005,2544,0020501022,2006-03-24,CLE vs. BOS,W,45,13,26,0.5,4,8,0.5,6,8,0.75,3,4,7,8,2,3,0,2,36,8,0,2005-06,Regular Season,2544,LeBron James
22005,2544,0020501033,2006-03-26,CLE @ HOU,W,49,14,34,0.412,0,4,0.0,8,11,0.727,3,3,6,5,2,0,2,2,36,4,0,2005-06,Regular Season,2544,LeBron James
22005,2544,0020501057,2006-03-29,CLE vs. DAL,W,44,16,23,0.696,4,7,0.571,10,13,0.769,0,5,5,4,3,0,2,3,46,16,0,2005-06,Regular Season,2544,LeBron James
22005,2544,0020501079,2006-04-01,CLE vs. MIA,W,45,16,25,0.64,2,6,0.333,13,14,0.929,4,8,12,9,2,0,4,3,47,13,0,2005-06,Regular Season,2544,LeBron James
22005,2544,0020501092,2006-04-02,CLE @ CHA,W,41,13,24,0.542,2,5,0.4,7,9,0.778,1,11,12,8,1,2,3,5,35,2,0,2005-06,Regular Season,2544,LeBron James
22005,2544,0020501097,2006-04-04,CLE vs. PHI,W,35,13,22,0.591,4,10,0.4,7,9,0.778,1,3,4,7,4,0,3,4,37,15,0,2005-06,Regular Season,2544,LeBron James
22005,2544,0020501113,2006-04-05,CLE @ NYK,L,45,12,24,0.5,4,7,0.571,8,14,0.571,0,2,2,7,3,0,5,3,36,-2,0,2005-06,Regular Season,2544,LeBron James
22005,2544,0020501133,2006-04-08,CLE @ NJN,W,44,12,26,0.462,0,3,0.0,13,16,0.813,1,4,5,7,1,0,6,5,37,5,0,2005-06,Regular Season,2544,LeBron James
22005,2544,0020501152,2006-04-10,CLE @ NOK,W,42,12,24,0.5,0,3,0.0,8,12,0.667,1,3,4,6,0,0,2,1,32,3,0,2005-06,Regular Season,2544,LeBron James
22005,2544,0020501167,2006-04-12,CLE @ DET,L,31,8,18,0.444,0,3,0.0,6,8,0.75,0,3,3,1,0,0,2,0,22,-11,0,2005-06,Regular Season,2544,LeBron James
22005,2544,0020501197,2006-04-16,CLE @ WAS,L,29,8,16,0.5,0,0,0.0,1,2,0.5,0,5,5,4,1,1,3,2,17,-17,0,2005-06,Regular Season,2544,LeBron James
42005,2544,0040500131,2006-04-22,CLE vs. WAS,W,48,12,27,0.444,1,4,0.25,7,11,0.636,3,8,11,11,0,0,4,3,32,11,0,2005-06,Playoffs,2544,LeBron James
42005,2544,0040500132,2006-04-25,CLE vs. WAS,L,44,7,25,0.28,1,6,0.167,11,15,0.733,2,7,9,2,2,3,10,5,26,-2,0,2005-06,Playoffs,2544,LeBron James
42005,2544,0040500133,2006-04-28,CLE @ WAS,W,48,16,28,0.571,3,5,0.6,6,9,0.667,1,4,5,3,2,0,4,3,41,1,0,2005-06,Playoffs,2544,LeBron James
42005,2544,0040500134,2006-04-30,CLE @ WAS,L,45,13,23,0.565,7,12,0.583,5,7,0.714,1,5,6,5,0,0,7,5,38,-16,0,2005-06,Playoffs,2544,LeBron James
42005,2544,0040500135,2006-05-03,CLE vs. WAS,W,46,14,23,0.609,0,1,0.0,17,18,0.944,5,2,7,6,2,0,4,5,45,-4,0,2005-06,Playoffs,2544,LeBron James
42005,2544,0040500136,2006-05-05,CLE @ WAS,W,53,15,25,0.6,1,6,0.167,1,3,0.333,0,7,7,7,2,1,5,4,32,1,0,2005-06,Playoffs,2544,LeBron James
42005,2544,0040500201,2006-05-07,CLE @ DET,L,36,9,18,0.5,2,5,0.4,2,2,1.0,1,3,4,4,0,0,4,3,22,-31,0,2005-06,Playoffs,2544,LeBron James
42005,2544,0040500202,2006-05-09,CLE @ DET,L,47,11,23,0.478,2,5,0.4,6,8,0.75,2,12,14,7,0,0,3,4,30,-4,0,2005-06,Playoffs,2544,LeBron James
42005,2544,0040500203,2006-05-13,CLE vs. DET,W,48,9,18,0.5,1,4,0.25,2,2,1.0,0,10,10,10,4,1,4,2,21,9,0,2005-06,Playoffs,2544,LeBron James
42005,2544,0040500204,2006-05-15,CLE vs. DET,W,48,8,23,0.348,1,2,0.5,5,10,0.5,1,7,8,9,2,2,8,3,22,2,0,2005-06,Playoffs,2544,LeBron James
42005,2544,0040500205,2006-05-17,CLE @ DET,W,47,13,30,0.433,1,4,0.25,5,7,0.714,3,2,5,5,2,1,2,3,32,2,0,2005-06,Playoffs,2544,LeBron James
42005,2544,0040500206,2006-05-19,CLE vs. DET,L,48,8,20,0.4,1,5,0.2,15,18,0.833,0,11,11,5,1,1,7,2,32,-2,0,2005-06,Playoffs,2544,LeBron James
42005,2544,0040500207,2006-05-21,CLE @ DET,L,47,11,24,0.458,0,4,0.0,5,8,0.625,3,5,8,2,1,0,3,2,27,-16,0,2005-06,Playoffs,2544,LeBron James
22005,977,0020500016,2005-11-02,LAL @ DEN,W,44,13,28,0.464,0,1,0.0,7,7,1.0,0,5,5,4,1,2,6,4,33,6,0,2005-06,Regular Season,977,Kobe Bryant
22005,977,0020500019,2005-11-03,LAL vs. PHX,L,41,13,26,0.5,0,2,0.0,13,14,0.929,2,5,7,5,0,0,3,3,39,4,0,2005-06,Regular Season,977,Kobe Bryant
22005,977,0020500045,2005-11-06,LAL vs. DEN,W,43,16,31,0.516,0,0,0.0,5,5,1.0,3,5,8,5,0,1,4,2,37,24,0,2005-06,Regular Season,977,Kobe Bryant
22005,977,0020500051,2005-11-08,LAL @ ATL,W,38,15,26,0.577,0,0,0.0,7,11,0.636,1,2,3,5,1,1,1,5,37,12,0,2005-06,Regular Season,977,Kobe Bryant
22005,977,0020500064,2005-11-09,LAL @ MIN,L,40,12,26,0.462,0,0,0.0,4,6,0.667,1,3,4,4,1,0,3,0,28,-11,0,2005-06,Regular Season,977,Kobe Bryant
22005,977,0020500077,2005-11-11,LAL @ PHI,L,41,7,27,0.259,0,2,0.0,3,4,0.75,3,6,9,7,1,0,3,4,17,-2,0,2005-06,Regular Season,977,Kobe Bryant
22005,977,0020500095,2005-11-14,LAL @ MEM,L,34,7,18,0.389,0,0,0.0,4,4,1.0,0,3,3,2,0,1,4,3,18,-27,0,2005-06,Regular Season,977,Kobe Bryant
22005,977,0020500114,2005-11-16,LAL vs. NYK,W,44,15,36,0.417,0,1,0.0,12,14,0.857,3,2,5,3,2,1,0,3,42,6,0,2005-06,Regular Season,977,Kobe Bryant
22005,977,0020500130,2005-11-18,LAL vs. LAC,L,43,12,35,0.343,1,6,0.167,11,12,0.917,1,3,4,5,0,0,2,2,36,-3,0,2005-06,Regular Season,977,Kobe Bryant
22005,977,0020500145,2005-11-20,LAL vs. CHI,L,46,17,34,0.5,1,4,0.25,8,12,0.667,1,5,6,3,2,0,3,3,43,-5,0,2005-06,Regular Season,977,Kobe Bryant
22005,977,0020500168,2005-11-24,LAL vs. SEA,W,39,12,26,0.462,4,5,0.8,6,8,0.75,1,1,2,5,0,0,2,4,34,15,0,2005-06,Regular Season,977,Kobe Bryant
22005,977,0020500192,2005-11-27,LAL vs. NJN,L,50,14,36,0.389,4,12,0.333,14,16,0.875,0,3,3,3,2,0,5,5,46,-10,0,2005-06,Regular Season,977,Kobe Bryant
22005,977,0020500203,2005-11-29,LAL @ SAS,L,42,9,33,0.273,0,6,0.0,7,8,0.875,1,3,4,0,4,1,3,0,25,-7,0,2005-06,Regular Season,977,Kobe Bryant
22005,977,0020500218,2005-12-01,LAL @ UTA,W,45,11,31,0.355,2,6,0.333,6,9,0.667,2,5,7,3,2,0,2,6,30,1,0,2005-06,Regular Season,977,Kobe Bryant
22005,977,0020500228,2005-12-02,LAL vs. MIN,L,41,9,16,0.563,1,3,0.333,1,2,0.5,3,6,9,8,2,1,1,0,20,-3,0,2005-06,Regular Season,977,Kobe Bryant
22005,977,0020500244,2005-12-04,LAL vs. CHA,W,40,9,30,0.3,0,4,0.0,11,12,0.917,2,4,6,4,1,0,2,3,29,11,0,2005-06,Regular Season,977,Kobe Bryant
22005,977,0020500251,2005-12-06,LAL @ MIL,W,40,14,24,0.583,0,2,0.0,5,5,1.0,1,4,5,6,1,1,2,1,33,19,0,2005-06,Regular Season,977,Kobe Bryant
22005,977,0020500258,2005-12-07,LAL @ TOR,W,26,5,12,0.417,1,2,0.5,0,2,0.0,1,1,2,9,0,0,4,2,11,14,0,2005-06,Regular Season,977,Kobe Bryant
22005,977,0020500274,2005-12-09,LAL @ CHI,W,38,9,21,0.429,0,1,0.0,5,7,0.714,1,8,9,8,1,0,4,2,23,9,0,2005-06,Regular Season,977,Kobe Bryant
22005,977,0020500286,2005-12-10,LAL @ MIN,L,41,11,20,0.55,3,6,0.5,10,12,0.833,0,4,4,3,0,1,7,1,35,-10,0,2005-06,Regular Season,977,Kobe Bryant
22005,977,0020500297,2005-12-12,LAL @ DAL,W,43,15,33,0.455,3,9,0.333,10,12,0.833,2,3,5,2,4,1,2,3,43,-1,0,2005-06,Regular Season,977,Kobe Bryant
22005,977,0020500314,2005-12-14,LAL @ MEM,W,32,10,17,0.588,2,4,0.5,5,8,0.625,2,6,8,3,1,0,3,2,27,22,0,2005-06,Regular Season,977,Kobe Bryant
22005,977,0020500332,2005-12-16,LAL vs. WAS,W,37,14,24,0.583,2,3,0.667,11,14,0.786,2,6,8,4,1,1,1,5,41,1,0,2005-06,Regular Season,977,Kobe Bryant
22005,977,0020500346,2005-12-18,LAL vs. HOU,L,38,6,13,0.462,1,3,0.333,11,12,0.917,0,2,2,6,2,0,3,2,24,-5,0,2005-06,Regular Season,977,Kobe Bryant
22005,977,0020500359,2005-12-20,LAL vs. DAL,W,33,18,31,0.581,4,10,0.4,22,25,0.88,3,5,8,0,3,0,2,3,62,35,0,2005-06,Regular Season,977,Kobe Bryant
22005,977,0020500372,2005-12-23,LAL @ ORL,W,39,6,16,0.375,0,4,0.0,9,12,0.75,0,2,2,9,0,1,1,3,21,17,0,2005-06,Regular Season,977,Kobe Bryant
22005,977,0020500386,2005-12-25,LAL @ MIA,L,44,12,30,0.4,0,8,0.0,13,19,0.684,2,6,8,6,0,2,3,5,37,1,0,2005-06,Regular Season,977,Kobe Bryant
22005,977,0020500387,2005-12-26,LAL @ WAS,L,38,10,27,0.37,2,6,0.333,9,10,0.9,0,5,5,2,0,1,5,2,31,-11,0,2005-06,Regular Season,977,Kobe Bryant
22005,977,0020500412,2005-12-28,LAL vs. MEM,L,46,13,37,0.351,4,8,0.5,15,19,0.789,2,5,7,4,2,1,2,5,45,-6,0,2005-06,Regular Season,977,Kobe Bryant
22005,977,0020500471,2006-01-06,LAL vs. PHI,W,35,19,29,0.655,7,7,1.0,3,4,0.75,0,10,10,2,2,0,7,2,48,23,0,2005-06,Regular Season,977,Kobe Bryant
22005,977,0020500480,2006-01-07,LAL @ LAC,W,45,17,41,0.415,7,15,0.467,9,10,0.9,3,5,8,8,1,0,3,2,50,9,0,2005-06,Regular Season,977,Kobe Bryant
22005,977,0020500490,2006-01-09,LAL vs. IND,W,45,14,32,0.438,2,6,0.333,15,21,0.714,1,9,10,5,1,0,2,4,45,7,0,2005-06,Regular Season,977,Kobe Bryant
22005,977,0020500507,2006-01-11,LAL @ POR,L,45,13,29,0.448,3,13,0.231,12,13,0.923,0,2,2,3,4,0,2,5,41,-8,0,2005-06,Regular Season,977,Kobe Bryant
22005,977,0020500512,2006-01-12,LAL vs. CLE,W,37,9,21,0.429,1,5,0.2,8,8,1.0,0,2,2,2,2,0,5,4,27,-2,0,2005-06,Regular Season,977,Kobe Bryant
22005,977,0020500532,2006-01-14,LAL @ GSW,W,41,13,28,0.464,1,5,0.2,11,11,1.0,0,7,7,7,0,0,3,2,38,4,0,2005-06,Regular Season,977,Kobe Bryant
22005,977,0020500547,2006-01-16,LAL vs. MIA,W,41,13,24,0.542,2,5,0.4,9,9,1.0,0,3,3,4,1,0,1,3,37,14,0,2005-06,Regular Season,977,Kobe Bryant
22005,977,0020500563,2006-01-19,LAL @ SAC,L,44,17,35,0.486,4,12,0.333,13,13,1.0,0,9,9,4,1,0,4,2,51,-13,0,2005-06,Regular Season,977,Kobe Bryant
22005,977,0020500573,2006-01-20,LAL @ PHX,L,40,12,33,0.364,4,12,0.333,9,9,1.0,0,2,2,2,3,0,4,4,37,-17,0,2005-06,Regular Season,977,Kobe Bryant
22005,977,0020500591,2006-01-22,LAL vs. TOR,W,42,28,46,0.609,7,13,0.538,18,20,0.9,2,4,6,2,3,1,3,1,81,25,0,2005-06,Regular Season,977,Kobe Bryant
22005,977,0020500631,2006-01-27,LAL vs. GSW,W,49,7,22,0.318,2,4,0.5,14,16,0.875,0,5,5,8,0,0,6,3,30,0,0,2005-06,Regular Season,977,Kobe Bryant
22005,977,0020500646,2006-01-29,LAL @ DET,L,42,12,28,0.429,3,11,0.273,12,14,0.857,0,6,6,3,1,0,3,3,39,-10,0,2005-06,Regular Season,977,Kobe Bryant
22005,977,0020500658,2006-01-31,LAL @ NYK,W,33,7,17,0.412,3,8,0.375,23,26,0.885,1,2,3,3,4,0,3,4,40,18,0,2005-06,Regular Season,977,Kobe Bryant
22005,977,0020500664,2006-02-01,LAL @ IND,L,36,8,24,0.333,2,8,0.25,8,9,0.889,0,5,5,2,4,1,1,3,26,-22,0,2005-06,Regular Season,977,Kobe Bryant
22005,977,0020500679,2006-02-03,LAL @ CHA,L,41,12,18,0.667,2,7,0.286,9,9,1.0,0,9,9,5,4,0,7,2,35,-8,0,2005-06,Regular Season,977,Kobe Bryant
22005,977,0020500689,2006-02-04,LAL @ NOK,L,38,13,26,0.5,5,11,0.455,4,5,0.8,0,6,6,5,0,0,7,5,35,-9,0,2005-06,Regular Season,977,Kobe Bryant
22005,977,0020500709,2006-02-07,LAL @ DAL,L,42,5,22,0.227,3,11,0.273,11,13,0.846,0,4,4,4,3,0,4,4,24,-4,0,2005-06,Regular Season,977,Kobe Bryant
22005,977,0020500720,2006-02-08,LAL @ HOU,W,45,13,29,0.448,2,8,0.25,4,5,0.8,0,3,3,9,6,1,0,1,32,18,0,2005-06,Regular Season,977,Kobe Bryant
22005,977,0020500741,2006-02-11,LAL vs. MEM,L,45,10,28,0.357,1,8,0.125,5,7,0.714,0,4,4,4,2,2,4,3,26,-4,0,2005-06,Regular Season,977,Kobe Bryant
22005,977,0020500756,2006-02-13,LAL vs. UTA,W,36,6,20,0.3,3,8,0.375,8,8,1.0,0,4,4,3,7,0,0,2,23,2,0,2005-06,Regular Season,977,Kobe Bryant
22005,977,0020500775,2006-02-15,LAL vs. ATL,L,47,14,28,0.5,5,14,0.357,6,12,0.5,2,1,3,9,2,0,4,3,39,0,0,2005-06,Regular Season,977,Kobe Bryant
22005,977,0020500790,2006-02-21,LAL vs. POR,W,42,11,19,0.579,5,8,0.625,0,1,0.0,0,6,6,4,5,1,2,2,27,17,0,2005-06,Regular Season,977,Kobe Bryant
22005,977,0020500802,2006-02-23,LAL vs. SAC,W,36,14,27,0.519,4,7,0.571,4,4,1.0,0,6,6,10,2,0,1,4,36,29,0,2005-06,Regular Season,977,Kobe Bryant
22005,977,0020500813,2006-02-24,LAL @ LAC,L,43,12,29,0.414,5,11,0.455,10,12,0.833,0,4,4,8,2,0,5,3,39,-16,0,2005-06,Regular Season,977,Kobe Bryant
22005,977,0020500826,2006-02-26,LAL vs. BOS,L,40,11,23,0.478,3,8,0.375,15,17,0.882,1,7,8,6,1,0,3,5,40,-7,0,2005-06,Regular Season,977,Kobe Bryant
22005,977,0020500841,2006-02-28,LAL vs. ORL,W,44,11,20,0.55,4,9,0.444,2,2,1.0,1,3,4,8,3,0,2,2,28,17,0,2005-06,Regular Season,977,Kobe Bryant
22005,977,0020500852,2006-03-01,LAL @ POR,L,41,10,27,0.37,0,6,0.0,15,15,1.0,0,6,6,5,2,0,4,3,35,-8,0,2005-06,Regular Season,977,Kobe Bryant
22005,977,0020500865,2006-03-03,LAL @ GSW,W,42,11,29,0.379,4,8,0.5,16,18,0.889,0,4,4,5,3,0,6,3,42,23,0,2005-06,Regular Season,977,Kobe Bryant
22005,977,0020500873,2006-03-04,LAL vs. DET,W,36,13,26,0.5,1,3,0.333,13,13,1.0,0,5,5,4,0,0,2,3,40,14,0,2005-06,Regular Season,977,Kobe Bryant
22005,977,0020500888,2006-03-06,LAL vs. SAS,L,41,17,32,0.531,3,8,0.375,6,6,1.0,0,6,6,3,0,0,2,2,43,-4,0,2005-06,Regular Season,977,Kobe Bryant
22005,977,0020500903,2006-03-08,LAL @ NOK,W,44,12,33,0.364,2,6,0.333,14,16,0.875,4,2,6,1,3,1,2,2,40,9,0,2005-06,Regular Season,977,Kobe Bryant
22005,977,0020500916,2006-03-10,LAL @ SAS,W,43,11,29,0.379,1,5,0.2,6,7,0.857,0,4,4,4,2,0,2,1,29,7,0,2005-06,Regular Season,977,Kobe Bryant
22005,977,0020500930,2006-03-12,LAL vs. SEA,L,44,8,29,0.276,2,13,0.154,4,5,0.8,1,4,5,7,2,0,5,2,22,0,0,2005-06,Regular Season,977,Kobe Bryant
22005,977,0020500948,2006-03-14,LAL @ SAC,L,45,12,28,0.429,4,8,0.5,2,3,0.667,2,5,7,7,1,1,3,3,30,-8,0,2005-06,Regular Season,977,Kobe Bryant
22005,977,0020500959,2006-03-15,LAL vs. MIN,W,42,12,25,0.48,0,3,0.0,1,1,1.0,0,1,1,3,1,1,2,1,25,-2,0,2005-06,Regular Season,977,Kobe Bryant
22005,977,0020500968,2006-03-17,LAL @ NJN,L,45,9,24,0.375,2,8,0.25,4,4,1.0,0,2,2,11,1,1,7,5,24,-4,0,2005-06,Regular Season,977,Kobe Bryant
22005,977,0020500981,2006-03-19,LAL @ CLE,L,45,15,33,0.455,1,4,0.25,7,7,1.0,0,6,6,5,3,1,3,4,38,2,0,2005-06,Regular Season,977,Kobe Bryant
22005,977,0020500988,2006-03-20,LAL @ BOS,W,41,18,39,0.462,0,5,0.0,7,10,0.7,2,3,5,4,5,0,2,3,43,6,0,2005-06,Regular Season,977,Kobe Bryant
22005,977,0020501010,2006-03-22,LAL vs. SAC,W,40,11,20,0.55,2,3,0.667,4,6,0.667,0,5,5,4,3,0,4,2,28,9,0,2005-06,Regular Season,977,Kobe Bryant
22005,977,0020501026,2006-03-24,LAL vs. MIL,W,44,12,26,0.462,5,10,0.5,14,14,1.0,0,5,5,2,0,0,4,2,43,14,0,2005-06,Regular Season,977,Kobe Bryant
22005,977,0020501042,2006-03-26,LAL vs. NOK,W,41,10,19,0.526,1,3,0.333,9,11,0.818,0,5,5,2,3,0,4,3,30,10,0,2005-06,Regular Season,977,Kobe Bryant
22005,977,0020501066,2006-03-30,LAL vs. SAS,L,38,9,26,0.346,0,6,0.0,5,5,1.0,1,6,7,2,1,1,6,3,23,-24,0,2005-06,Regular Season,977,Kobe Bryant
22005,977,0020501078,2006-03-31,LAL @ SEA,W,47,17,38,0.447,1,4,0.25,8,8,1.0,1,4,5,4,1,1,6,3,43,15,0,2005-06,Regular Season,977,Kobe Bryant
22005,977,0020501089,2006-04-02,LAL vs. HOU,W,22,19,32,0.594,3,5,0.6,2,2,1.0,1,2,3,6,1,0,2,3,43,14,0,2005-06,Regular Season,977,Kobe Bryant
22005,977,0020501120,2006-04-06,LAL @ DEN,L,46,13,32,0.406,3,7,0.429,13,14,0.929,3,5,8,1,0,0,3,5,42,-5,0,2005-06,Regular Season,977,Kobe Bryant
22005,977,0020501130,2006-04-07,LAL @ PHX,L,42,19,33,0.576,5,11,0.455,8,10,0.8,0,5,5,3,1,0,2,3,51,-6,0,2005-06,Regular Season,977,Kobe Bryant
22005,977,0020501148,2006-04-09,LAL vs. LAC,W,48,14,27,0.519,3,7,0.429,7,9,0.778,0,5,5,5,3,0,4,4,38,16,0,2005-06,Regular Season,977,Kobe Bryant
22005,977,0020501161,2006-04-11,LAL vs. GSW,W,34,10,22,0.455,2,8,0.25,9,14,0.643,1,3,4,5,2,0,1,4,31,24,0,2005-06,Regular Season,977,Kobe Bryant
22005,977,0020501185,2006-04-14,LAL vs. POR,W,44,17,28,0.607,5,10,0.5,11,14,0.786,1,5,6,1,5,0,3,4,50,19,0,2005-06,Regular Season,977,Kobe Bryant
22005,977,0020501196,2006-04-16,LAL vs. PHX,W,39,11,28,0.393,1,5,0.2,20,23,0.87,2,6,8,5,3,0,1,2,43,9,0,2005-06,Regular Season,977,Kobe Bryant
22005,977,0020501229,2006-04-19,LAL vs. NOK,W,29,13,26,0.5,4,10,0.4,5,5,1.0,1,4,5,3,3,0,1,2,35,30,0,2005-06,Regular Season,977,Kobe Bryant
42005,977,0040500151,2006-04-23,LAL @ PHX,L,47,7,21,0.333,1,6,0.167,7,8,0.875,1,5,6,5,0,1,3,3,22,-7,0,2005-06,Playoffs,977,Kobe Bryant
42005,977,0040500152,2006-04-26,LAL @ PHX,W,45,12,24,0.5,1,1,1.0,4,6,0.667,0,10,10,5,1,0,4,4,29,2,0,2005-06,Playoffs,977,Kobe Bryant
42005,977,0040500153,2006-04-28,LAL vs. PHX,W,46,6,18,0.333,0,3,0.0,5,6,0.833,1,4,5,7,4,0,4,2,17,11,0,2005-06,Playoffs,977,Kobe Bryant
42005,977,0040500154,2006-04-30,LAL vs. PHX,W,39,9,14,0.643,0,1,0.0,6,8,0.75,1,3,4,8,0,0,7,5,24,-1,0,2005-06,Playoffs,977,Kobe Bryant
42005,977,0040500155,2006-05-02,LAL @ PHX,L,43,10,17,0.588,3,8,0.375,6,9,0.667,0,7,7,5,0,1,5,3,29,-19,0,2005-06,Playoffs,977,Kobe Bryant
42005,977,0040500156,2006-05-04,LAL vs. PHX,L,52,20,35,0.571,5,8,0.625,5,6,0.833,1,7,8,5,3,0,7,4,50,-6,0,2005-06,Playoffs,977,Kobe Bryant
42005,977,0040500157,2006-05-06,LAL @ PHX,L,43,8,16,0.5,4,8,0.5,4,5,0.8,0,4,4,1,0,1,3,4,24,-28,0,2005-06,Playoffs,977,Kobe Bryant
22005,1495,0020500002,2005-11-01,SAS vs. DEN,W,38,8,17,0.471,0,0,0.0,3,4,0.75,5,5,10,6,1,4,2,2,19,12,0,2005-06,Regular Season,1495,Tim Duncan
22005,1495,0020500026,2005-11-04,SAS vs. CLE,W,28,10,17,0.588,0,0,0.0,1,1,1.0,2,8,10,2,1,1,2,4,21,15,0,2005-06,Regular Season,1495,Tim Duncan
22005,1495,0020500039,2005-11-05,SAS @ DAL,L,39,7,12,0.583,0,0,0.0,4,5,0.8,3,9,12,5,0,6,3,3,18,-9,0,2005-06,Regular Season,1495,Tim Duncan
22005,1495,0020500050,2005-11-07,SAS @ CHI,W,42,9,15,0.6,0,0,0.0,6,6,1.0,2,14,16,4,1,6,3,2,24,10,0,2005-06,Regular Season,1495,Tim Duncan
22005,1495,0020500061,2005-11-09,SAS @ CHA,W,36,11,20,0.55,0,0,0.0,7,8,0.875,3,7,10,0,0,1,5,1,29,5,0,2005-06,Regular Season,1495,Tim Duncan
22005,1495,0020500074,2005-11-11,SAS @ BOS,W,32,11,17,0.647,1,2,0.5,6,6,1.0,0,12,12,3,1,2,1,2,29,29,0,2005-06,Regular Season,1495,Tim Duncan
22005,1495,0020500081,2005-11-12,SAS @ WAS,L,35,3,18,0.167,0,0,0.0,5,8,0.625,5,9,14,2,0,0,2,2,11,-14,0,2005-06,Regular Season,1495,Tim Duncan
22005,1495,0020500106,2005-11-15,SAS vs. ATL,W,29,11,14,0.786,0,0,0.0,1,2,0.5,4,3,7,3,0,1,2,2,23,14,0,2005-06,Regular Season,1495,Tim Duncan
22005,1495,0020500117,2005-11-17,SAS vs. HOU,W,36,9,19,0.474,0,1,0.0,1,2,0.5,3,6,9,4,0,2,1,3,19,2,0,2005-06,Regular Season,1495,Tim Duncan
22005,1495,0020500137,2005-11-19,SAS vs. PHX,W,36,8,19,0.421,0,0,0.0,8,11,0.727,4,9,13,2,3,3,4,2,24,6,0,2005-06,Regular Season,1495,Tim Duncan
22005,1495,0020500148,2005-11-21,SAS @ SAC,W,36,9,16,0.563,0,0,0.0,4,4,1.0,3,16,19,4,1,4,4,5,22,12,0,2005-06,Regular Season,1495,Tim Duncan
22005,1495,0020500166,2005-11-23,SAS @ GSW,W,26,8,12,0.667,0,0,0.0,3,4,0.75,4,8,12,1,0,1,2,3,19,26,0,2005-06,Regular Season,1495,Tim Duncan
22005,1495,0020500176,2005-11-25,SAS vs. CHI,L,37,8,14,0.571,0,0,0.0,8,10,0.8,1,10,11,4,0,4,3,4,24,0,0,2005-06,Regular Season,1495,Tim Duncan
22005,1495,0020500203,2005-11-29,SAS vs. LAL,W,37,6,13,0.462,0,0,0.0,4,7,0.571,0,9,9,5,0,0,5,2,16,10,0,2005-06,Regular Season,1495,Tim Duncan
22005,1495,0020500217,2005-12-01,SAS @ DAL,W,38,4,12,0.333,0,0,0.0,5,8,0.625,3,11,14,2,0,1,2,1,13,3,0,2005-06,Regular Season,1495,Tim Duncan
22005,1495,0020500236,2005-12-03,SAS vs. PHI,W,35,7,14,0.5,0,0,0.0,2,4,0.5,3,9,12,5,0,3,1,1,16,18,0,2005-06,Regular Season,1495,Tim Duncan
22005,1495,0020500245,2005-12-05,SAS @ ORL,W,34,9,17,0.529,0,0,0.0,8,9,0.889,2,10,12,4,1,5,2,3,26,15,0,2005-06,Regular Season,1495,Tim Duncan
22005,1495,0020500263,2005-12-07,SAS vs. MIA,W,37,11,18,0.611,0,0,0.0,6,9,0.667,5,11,16,3,3,4,3,4,28,25,0,2005-06,Regular Season,1495,Tim Duncan
22005,1495,0020500275,2005-12-09,SAS vs. BOS,W,37,7,11,0.636,0,0,0.0,6,8,0.75,2,9,11,3,2,5,3,1,20,17,0,2005-06,Regular Season,1495,Tim Duncan
22005,1495,0020500281,2005-12-10,SAS @ ATL,L,37,5,14,0.357,0,0,0.0,2,7,0.286,4,6,10,3,1,1,1,2,12,-9,0,2005-06,Regular Season,1495,Tim Duncan
22005,1495,0020500305,2005-12-13,SAS vs. LAC,W,45,12,25,0.48,0,0,0.0,3,13,0.231,4,18,22,5,1,1,1,5,27,13,0,2005-06,Regular Season,1495,Tim Duncan
22005,1495,0020500320,2005-12-15,SAS @ MIN,W,39,5,15,0.333,0,0,0.0,3,7,0.429,2,7,9,6,1,0,2,5,13,1,0,2005-06,Regular Season,1495,Tim Duncan
22005,1495,0020500340,2005-12-17,SAS vs. SAC,W,37,10,24,0.417,0,0,0.0,4,6,0.667,6,8,14,1,2,4,5,2,24,0,0,2005-06,Regular Season,1495,Tim Duncan
22005,1495,0020500795,2005-12-18,SAS @ NOK,L,34,4,12,0.333,0,0,0.0,3,4,0.75,2,6,8,2,0,2,4,2,11,-15,0,2005-06,Regular Season,1495,Tim Duncan
22005,1495,0020500356,2005-12-20,SAS @ MIL,L,42,15,28,0.536,0,0,0.0,4,6,0.667,5,8,13,2,2,1,2,6,34,-8,0,2005-06,Regular Season,1495,Tim Duncan
22005,1495,0020500364,2005-12-21,SAS @ NYK,W,22,4,9,0.444,0,0,0.0,5,6,0.833,1,3,4,4,0,0,2,2,13,10,0,2005-06,Regular Season,1495,Tim Duncan
22005,1495,0020500381,2005-12-23,SAS vs. TOR,W,38,12,16,0.75,0,0,0.0,3,8,0.375,1,9,10,8,0,1,3,3,27,-1,0,2005-06,Regular Season,1495,Tim Duncan
22005,1495,0020500385,2005-12-25,SAS @ DET,L,38,9,20,0.45,0,0,0.0,0,3,0.0,2,9,11,1,2,1,2,3,18,-12,0,2005-06,Regular Season,1495,Tim Duncan
22005,1495,0020500402,2005-12-27,SAS vs. IND,W,38,11,15,0.733,0,0,0.0,4,8,0.5,1,8,9,2,0,1,4,3,26,6,0,2005-06,Regular Season,1495,Tim Duncan
22005,1495,0020500415,2005-12-29,SAS vs. NOK,W,29,7,9,0.778,0,0,0.0,3,4,0.75,1,6,7,4,0,4,1,3,17,2,0,2005-06,Regular Season,1495,Tim Duncan
22005,1495,0020500431,2005-12-31,SAS @ DEN,W,35,8,16,0.5,0,0,0.0,9,9,1.0,1,9,10,2,1,1,0,4,25,9,0,2005-06,Regular Season,1495,Tim Duncan
22005,1495,0020500454,2006-01-04,SAS vs. POR,W,29,6,15,0.4,0,0,0.0,6,7,0.857,7,6,13,4,0,4,2,4,18,12,0,2005-06,Regular Season,1495,Tim Duncan
22005,1495,0020500466,2006-01-06,SAS vs. MIN,W,38,5,19,0.263,0,1,0.0,2,4,0.5,5,9,14,2,2,1,3,3,12,6,0,2005-06,Regular Season,1495,Tim Duncan
22005,1495,0020500479,2006-01-07,SAS @ PHX,L,40,6,11,0.545,0,0,0.0,7,10,0.7,3,9,12,1,1,2,4,3,19,3,0,2005-06,Regular Season,1495,Tim Duncan
22005,1495,0020500497,2006-01-10,SAS vs. NJN,W,38,7,16,0.438,0,0,0.0,13,15,0.867,0,12,12,3,0,1,6,3,27,7,0,2005-06,Regular Season,1495,Tim Duncan
22005,1495,0020500510,2006-01-12,SAS vs. DET,L,39,7,17,0.412,0,0,0.0,3,10,0.3,1,12,13,1,0,1,0,1,17,3,0,2005-06,Regular Season,1495,Tim Duncan
22005,1495,0020500528,2006-01-14,SAS vs. MEM,W,38,8,16,0.5,0,0,0.0,3,6,0.5,4,9,13,2,2,4,3,2,19,-1,0,2005-06,Regular Season,1495,Tim Duncan
22005,1495,0020500545,2006-01-16,SAS @ MEM,W,33,5,10,0.5,0,0,0.0,3,4,0.75,2,10,12,3,0,1,2,5,13,10,0,2005-06,Regular Season,1495,Tim Duncan
22005,1495,0020500558,2006-01-18,SAS vs. MIL,W,40,9,19,0.474,0,0,0.0,9,12,0.75,0,9,9,1,0,1,2,1,27,2,0,2005-06,Regular Season,1495,Tim Duncan
22005,1495,0020500569,2006-01-20,SAS @ MIA,W,38,5,10,0.5,0,0,0.0,4,12,0.333,2,9,11,1,0,0,3,4,14,0,0,2005-06,Regular Season,1495,Tim Duncan
22005,1495,0020500583,2006-01-22,SAS vs. DEN,L,39,5,11,0.455,0,0,0.0,4,7,0.571,2,11,13,4,1,1,6,3,14,-5,0,2005-06,Regular Season,1495,Tim Duncan
22005,1495,0020500603,2006-01-24,SAS vs. CHA,W,25,5,8,0.625,0,0,0.0,4,4,1.0,0,9,9,5,2,1,2,0,14,17,0,2005-06,Regular Season,1495,Tim Duncan
22005,1495,0020500609,2006-01-25,SAS @ NOK,W,32,7,16,0.438,0,0,0.0,3,4,0.75,1,4,5,2,0,1,0,2,17,19,0,2005-06,Regular Season,1495,Tim Duncan
22005,1495,0020500636,2006-01-28,SAS vs. MIN,W,37,11,24,0.458,0,0,0.0,6,11,0.545,7,9,16,1,1,2,2,2,28,7,0,2005-06,Regular Season,1495,Tim Duncan
22005,1495,0020500653,2006-01-30,SAS @ UTA,W,34,6,13,0.462,0,0,0.0,7,10,0.7,3,5,8,3,0,0,3,3,19,5,0,2005-06,Regular Season,1495,Tim Duncan
22005,1495,0020500672,2006-02-01,SAS @ POR,W,38,4,13,0.308,0,0,0.0,6,6,1.0,3,14,17,2,1,4,2,2,14,0,0,2005-06,Regular Season,1495,Tim Duncan
22005,1495,0020500675,2006-02-02,SAS @ GSW,W,37,6,16,0.375,0,0,0.0,4,5,0.8,4,7,11,1,1,1,2,4,16,6,0,2005-06,Regular Season,1495,Tim Duncan
22005,1495,0020500728,2006-02-10,SAS @ NJN,W,35,6,14,0.429,0,0,0.0,0,0,0.0,4,3,7,6,2,3,0,1,12,12,0,2005-06,Regular Season,1495,Tim Duncan
22005,1495,0020500744,2006-02-12,SAS @ IND,W,35,4,15,0.267,0,0,0.0,2,6,0.333,1,10,11,0,1,2,2,3,10,9,0,2005-06,Regular Season,1495,Tim Duncan
22005,1495,0020500758,2006-02-13,SAS @ CLE,L,37,7,14,0.5,0,0,0.0,5,7,0.714,3,7,10,5,1,1,1,1,19,1,0,2005-06,Regular Season,1495,Tim Duncan
22005,1495,0020500764,2006-02-15,SAS @ PHI,L,41,7,15,0.467,0,0,0.0,5,9,0.556,4,11,15,3,1,2,6,5,19,5,0,2005-06,Regular Season,1495,Tim Duncan
22005,1495,0020500786,2006-02-21,SAS vs. SEA,W,33,5,11,0.455,0,0,0.0,3,8,0.375,2,14,16,5,1,1,1,2,13,8,0,2005-06,Regular Season,1495,Tim Duncan
22005,1495,0020500807,2006-02-24,SAS @ MEM,W,36,7,16,0.438,0,0,0.0,5,11,0.455,4,12,16,1,2,3,3,6,19,-5,0,2005-06,Regular Season,1495,Tim Duncan
22005,1495,0020500819,2006-02-25,SAS vs. GSW,W,33,4,17,0.235,0,0,0.0,1,2,0.5,2,14,16,4,1,4,5,5,9,13,0,2005-06,Regular Season,1495,Tim Duncan
22005,1495,0020500834,2006-02-27,SAS vs. NYK,W,26,4,9,0.444,0,0,0.0,4,9,0.444,3,4,7,4,1,3,1,3,12,28,0,2005-06,Regular Season,1495,Tim Duncan
22005,1495,0020500856,2006-03-02,SAS vs. DAL,W,38,4,11,0.364,0,0,0.0,7,10,0.7,1,5,6,2,0,2,2,3,15,8,0,2005-06,Regular Season,1495,Tim Duncan
22005,1495,0020500871,2006-03-04,SAS vs. POR,W,36,10,16,0.625,0,0,0.0,2,5,0.4,5,10,15,2,2,3,1,3,22,20,0,2005-06,Regular Season,1495,Tim Duncan
22005,1495,0020500888,2006-03-06,SAS @ LAL,W,31,8,16,0.5,0,0,0.0,2,2,1.0,2,5,7,9,2,1,0,1,18,28,0,2005-06,Regular Season,1495,Tim Duncan
22005,1495,0020500896,2006-03-07,SAS @ LAC,L,29,6,14,0.429,0,0,0.0,4,4,1.0,3,4,7,7,0,1,4,5,16,-10,0,2005-06,Regular Season,1495,Tim Duncan
22005,1495,0020500909,2006-03-09,SAS @ PHX,W,30,8,11,0.727,0,0,0.0,0,0,0.0,1,4,5,5,2,2,0,3,16,24,0,2005-06,Regular Season,1495,Tim Duncan
22005,1495,0020500916,2006-03-10,SAS vs. LAL,L,32,5,12,0.417,0,0,0.0,2,5,0.4,0,4,4,2,1,0,3,0,12,-16,0,2005-06,Regular Season,1495,Tim Duncan
22005,1495,0020500928,2006-03-12,SAS vs. HOU,W,39,9,20,0.45,0,0,0.0,2,3,0.667,4,6,10,4,1,0,5,1,20,4,0,2005-06,Regular Season,1495,Tim Duncan
22005,1495,0020500947,2006-03-14,SAS vs. NOK,W,32,6,9,0.667,0,0,0.0,5,6,0.833,4,4,8,4,0,2,5,3,17,3,0,2005-06,Regular Season,1495,Tim Duncan
22005,1495,0020500972,2006-03-17,SAS vs. PHX,W,37,9,17,0.529,0,0,0.0,2,7,0.286,9,4,13,7,1,1,4,3,20,2,0,2005-06,Regular Season,1495,Tim Duncan
22005,1495,0020500978,2006-03-18,SAS @ HOU,W,31,5,9,0.556,0,0,0.0,4,7,0.571,1,7,8,4,0,1,2,3,14,12,0,2005-06,Regular Season,1495,Tim Duncan
22005,1495,0020500999,2006-03-21,SAS vs. GSW,W,35,10,18,0.556,0,0,0.0,1,1,1.0,4,9,13,3,1,1,1,2,21,9,0,2005-06,Regular Season,1495,Tim Duncan
22005,1495,0020501008,2006-03-22,SAS @ DEN,L,39,8,18,0.444,0,0,0.0,6,14,0.429,3,3,6,0,1,1,2,1,22,-7,0,2005-06,Regular Season,1495,Tim Duncan
22005,1495,0020501025,2006-03-24,SAS @ POR,W,29,3,7,0.429,0,0,0.0,0,2,0.0,1,6,7,6,1,2,4,4,6,14,0,2005-06,Regular Season,1495,Tim Duncan
22005,1495,0020501039,2006-03-26,SAS @ SEA,L,35,8,13,0.615,0,0,0.0,12,14,0.857,4,6,10,0,2,0,1,2,28,6,0,2005-06,Regular Season,1495,Tim Duncan
22005,1495,0020501053,2006-03-28,SAS @ LAC,W,36,9,17,0.529,0,0,0.0,2,5,0.4,5,8,13,4,0,3,2,4,20,15,0,2005-06,Regular Season,1495,Tim Duncan
22005,1495,0020501066,2006-03-30,SAS @ LAL,W,36,9,18,0.5,0,0,0.0,2,4,0.5,3,10,13,4,0,3,1,3,20,3,0,2005-06,Regular Season,1495,Tim Duncan
22005,1495,0020501082,2006-04-01,SAS vs. WAS,W,32,6,12,0.5,0,0,0.0,4,7,0.571,7,7,14,3,1,2,2,5,16,15,0,2005-06,Regular Season,1495,Tim Duncan
22005,1495,0020501105,2006-04-04,SAS @ UTA,W,35,3,10,0.3,0,0,0.0,5,8,0.625,3,10,13,3,0,5,1,1,11,-4,0,2005-06,Regular Season,1495,Tim Duncan
22005,1495,0020501115,2006-04-05,SAS vs. SAC,L,31,3,9,0.333,0,0,0.0,5,6,0.833,2,4,6,1,2,3,3,3,11,-8,0,2005-06,Regular Season,1495,Tim Duncan
22005,1495,0020501128,2006-04-07,SAS vs. DAL,L,38,5,15,0.333,0,0,0.0,3,6,0.5,3,6,9,3,0,2,2,3,13,2,0,2005-06,Regular Season,1495,Tim Duncan
22005,1495,0020501143,2006-04-09,SAS vs. MEM,W,12,8,14,0.571,0,0,0.0,7,12,0.583,3,9,12,5,2,3,4,3,23,7,0,2005-06,Regular Season,1495,Tim Duncan
22005,1495,0020501159,2006-04-11,SAS vs. SEA,W,34,6,18,0.333,0,0,0.0,6,12,0.5,5,9,14,1,3,5,3,3,18,20,0,2005-06,Regular Season,1495,Tim Duncan
22005,1495,0020501175,2006-04-13,SAS vs. ORL,L,37,12,19,0.632,0,0,0.0,7,10,0.7,1,12,13,6,2,2,5,3,31,-3,0,2005-06,Regular Season,1495,Tim Duncan
22005,1495,0020501195,2006-04-16,SAS @ MIN,W,20,3,6,0.5,1,1,1.0,3,4,0.75,3,5,8,1,0,2,3,1,10,21,0,2005-06,Regular Season,1495,Tim Duncan
22005,1495,0020501208,2006-04-17,SAS vs. UTA,W,22,7,13,0.538,0,0,0.0,2,3,0.667,3,2,5,1,1,1,0,1,16,0,0,2005-06,Regular Season,1495,Tim Duncan
42005,1495,0040500141,2006-04-22,SAS vs. SAC,W,25,3,6,0.5,0,0,0.0,5,7,0.714,1,6,7,3,1,0,0,2,11,25,0,2005-06,Playoffs,1495,Tim Duncan
42005,1495,0040500142,2006-04-25,SAS vs. SAC,W,35,4,10,0.4,0,0,0.0,6,8,0.75,1,12,13,2,1,1,1,5,14,14,0,2005-06,Playoffs,1495,Tim Duncan
42005,1495,0040500143,2006-04-28,SAS @ SAC,L,40,12,20,0.6,0,0,0.0,5,8,0.625,4,8,12,2,1,6,3,3,29,-2,0,2005-06,Playoffs,1495,Tim Duncan
42005,1495,0040500144,2006-04-30,SAS @ SAC,L,32,7,11,0.636,0,0,0.0,3,6,0.5,0,8,8,2,0,0,4,4,17,-9,0,2005-06,Playoffs,1495,Tim Duncan
42005,1495,0040500145,2006-05-02,SAS vs. SAC,W,36,9,12,0.75,0,0,0.0,6,7,0.857,2,7,9,5,0,0,3,4,24,14,0,2005-06,Playoffs,1495,Tim Duncan
42005,1495,0040500146,2006-05-05,SAS @ SAC,W,33,6,8,0.75,0,0,0.0,3,5,0.6,1,5,6,3,1,0,2,4,15,16,0,2005-06,Playoffs,1495,Tim Duncan
42005,1495,0040500221,2006-05-07,SAS vs. DAL,W,41,12,24,0.5,0,0,0.0,7,12,0.583,5,8,13,4,1,2,4,3,31,6,0,2005-06,Playoffs,1495,Tim Duncan
42005,1495,0040500222,2006-05-09,SAS vs. DAL,L,36,8,10,0.8,0,0,0.0,12,14,0.857,2,7,9,3,1,4,4,4,28,-6,0,2005-06,Playoffs,1495,Tim Duncan
42005,1495,0040500223,2006-05-13,SAS @ DAL,L,41,15,23,0.652,0,1,0.0,5,8,0.625,3,9,12,2,1,2,1,6,35,4,0,2005-06,Playoffs,1495,Tim Duncan
42005,1495,0040500224,2006-05-15,SAS @ DAL,L,46,12,23,0.522,0,0,0.0,7,8,0.875,2,11,13,6,1,3,3,4,31,6,0,2005-06,Playoffs,1495,Tim Duncan
42005,1495,0040500225,2006-05-17,SAS vs. DAL,W,44,13,19,0.684,0,0,0.0,10,15,0.667,4,8,12,4,1,3,3,2,36,3,0,2005-06,Playoffs,1495,Tim Duncan
42005,1495,0040500226,2006-05-19,SAS @ DAL,W,32,8,21,0.381,0,0,0.0,8,10,0.8,2,6,8,1,1,1,3,5,24,-4,0,2005-06,Playoffs,1495,Tim Duncan
42005,1495,0040500227,2006-05-22,SAS vs. DAL,L,50,12,24,0.5,0,1,0.0,17,23,0.739,6,9,15,6,1,3,3,4,41,-7,0,2005-06,Playoffs,1495,Tim Duncan
22005,406,0020500010,2005-11-02,MIA @ MEM,W,28,6,14,0.429,0,0,0.0,0,3,0.0,1,5,6,3,1,3,3,2,12,16,0,2005-06,Regular Season,406,Shaquille O'Neal
22005,406,0020500018,2005-11-03,MIA vs. IND,L,29,6,12,0.5,0,0,0.0,6,8,0.75,2,4,6,1,0,4,3,5,18,1,0,2005-06,Regular Season,406,Shaquille O'Neal
22005,406,0020500291,2005-12-11,MIA vs. WAS,W,23,2,7,0.286,0,0,0.0,6,16,0.375,1,10,11,1,0,1,4,6,10,10,0,2005-06,Regular Season,406,Shaquille O'Neal
22005,406,0020500304,2005-12-13,MIA @ CHI,W,28,12,21,0.571,0,0,0.0,6,9,0.667,4,3,7,3,1,1,1,4,30,12,0,2005-06,Regular Season,406,Shaquille O'Neal
22005,406,0020500313,2005-12-14,MIA @ MIL,W,25,4,12,0.333,0,0,0.0,5,8,0.625,2,4,6,1,2,2,1,3,13,18,0,2005-06,Regular Season,406,Shaquille O'Neal
22005,406,0020500323,2005-12-16,MIA @ PHI,W,32,9,17,0.529,0,0,0.0,3,6,0.5,3,10,13,1,1,2,3,4,21,20,0,2005-06,Regular Season,406,Shaquille O'Neal
22005,406,0020500336,2005-12-17,MIA @ CLE,L,27,5,10,0.5,0,0,0.0,0,3,0.0,2,4,6,1,0,0,4,4,10,-8,0,2005-06,Regular Season,406,Shaquille O'Neal
22005,406,0020500354,2005-12-20,MIA vs. ATL,W,24,13,15,0.867,0,0,0.0,2,6,0.333,4,6,10,4,0,2,1,4,28,33,0,2005-06,Regular Season,406,Shaquille O'Neal
22005,406,0020500375,2005-12-23,MIA vs. NJN,L,32,10,22,0.455,0,0,0.0,4,11,0.364,4,10,14,1,0,1,1,4,24,5,0,2005-06,Regular Season,406,Shaquille O'Neal
22005,406,0020500386,2005-12-25,MIA vs. LAL,W,34,8,18,0.444,0,0,0.0,2,5,0.4,6,11,17,3,0,1,6,4,18,-7,0,2005-06,Regular Season,406,Shaquille O'Neal
22005,406,0020500399,2005-12-27,MIA vs. MIL,W,31,10,18,0.556,0,0,0.0,3,3,1.0,3,5,8,1,1,2,2,4,23,21,0,2005-06,Regular Season,406,Shaquille O'Neal
22005,406,0020500414,2005-12-29,MIA @ DET,L,35,11,21,0.524,0,0,0.0,4,10,0.4,3,3,6,2,0,1,2,2,26,-10,0,2005-06,Regular Season,406,Shaquille O'Neal
22005,406,0020500417,2005-12-30,MIA @ WAS,W,30,11,15,0.733,0,0,0.0,6,13,0.462,2,8,10,0,0,1,4,5,28,9,0,2005-06,Regular Season,406,Shaquille O'Neal
22005,406,0020500434,2006-01-01,MIA vs. MIN,W,23,8,12,0.667,0,0,0.0,0,0,0.0,1,6,7,0,1,0,3,4,16,15,0,2005-06,Regular Season,406,Shaquille O'Neal
22005,406,0020500451,2006-01-04,MIA @ NOK,L,30,9,13,0.692,0,0,0.0,1,4,0.25,6,3,9,0,1,1,2,4,19,-19,0,2005-06,Regular Season,406,Shaquille O'Neal
22005,406,0020500470,2006-01-06,MIA @ PHX,L,23,2,6,0.333,0,0,0.0,4,8,0.5,6,7,13,0,0,0,2,4,8,-27,0,2005-06,Regular Season,406,Shaquille O'Neal
22005,406,0020500485,2006-01-08,MIA @ POR,W,26,4,9,0.444,0,0,0.0,4,10,0.4,1,6,7,2,0,0,3,2,12,16,0,2005-06,Regular Season,406,Shaquille O'Neal
22005,406,0020500509,2006-01-11,MIA @ GSW,W,29,10,15,0.667,0,0,0.0,1,11,0.091,2,8,10,1,0,3,4,4,21,-2,0,2005-06,Regular Season,406,Shaquille O'Neal
22005,406,0020500521,2006-01-13,MIA @ SEA,W,23,5,7,0.714,0,0,0.0,6,7,0.857,3,6,9,0,0,1,1,5,16,-2,0,2005-06,Regular Season,406,Shaquille O'Neal
22005,406,0020500529,2006-01-14,MIA @ UTA,W,34,5,14,0.357,0,0,0.0,2,3,0.667,5,9,14,1,2,3,2,4,12,10,0,2005-06,Regular Season,406,Shaquille O'Neal
22005,406,0020500547,2006-01-16,MIA @ LAL,L,31,8,14,0.571,0,0,0.0,2,8,0.25,6,4,10,1,0,0,1,5,18,-10,0,2005-06,Regular Season,406,Shaquille O'Neal
22005,406,0020500569,2006-01-20,MIA vs. SAS,L,30,9,14,0.643,0,0,0.0,5,11,0.455,1,5,6,1,0,3,3,6,23,1,0,2005-06,Regular Season,406,Shaquille O'Neal
22005,406,0020500587,2006-01-22,MIA vs. SAC,W,28,11,15,0.733,0,0,0.0,5,8,0.625,2,4,6,2,1,1,1,5,27,14,0,2005-06,Regular Season,406,Shaquille O'Neal
22005,406,0020500601,2006-01-24,MIA vs. MEM,W,30,8,13,0.615,0,0,0.0,4,8,0.5,5,10,15,1,2,1,3,5,20,3,0,2005-06,Regular Season,406,Shaquille O'Neal
22005,406,0020500617,2006-01-26,MIA vs. PHX,L,32,7,11,0.636,0,0,0.0,1,4,0.25,3,9,12,3,0,1,2,4,15,0,0,2005-06,Regular Season,406,Shaquille O'Neal
22005,406,0020500623,2006-01-27,MIA @ CHA,W,33,9,15,0.6,0,0,0.0,5,7,0.714,4,3,7,5,0,3,3,3,23,-2,0,2005-06,Regular Season,406,Shaquille O'Neal
22005,406,0020500644,2006-01-29,MIA @ HOU,W,32,6,10,0.6,0,0,0.0,12,18,0.667,3,11,14,1,0,1,1,4,24,10,0,2005-06,Regular Season,406,Shaquille O'Neal
22005,406,0020500649,2006-01-30,MIA vs. LAC,W,37,8,13,0.615,0,0,0.0,9,17,0.529,4,4,8,2,0,3,4,3,25,1,0,2005-06,Regular Season,406,Shaquille O'Neal
22005,406,0020500674,2006-02-02,MIA vs. CLE,W,27,10,15,0.667,0,0,0.0,1,4,0.25,2,6,8,1,0,2,3,4,21,14,0,2005-06,Regular Season,406,Shaquille O'Neal
22005,406,0020500684,2006-02-04,MIA @ NJN,L,25,4,12,0.333,0,0,0.0,3,5,0.6,1,6,7,0,0,1,6,5,11,-19,0,2005-06,Regular Season,406,Shaquille O'Neal
22005,406,0020500702,2006-02-06,MIA vs. BOS,W,29,8,14,0.571,0,0,0.0,5,7,0.714,1,5,6,0,0,2,0,3,21,7,0,2005-06,Regular Season,406,Shaquille O'Neal
22005,406,0020500723,2006-02-09,MIA @ DAL,L,27,9,12,0.75,0,0,0.0,5,6,0.833,1,7,8,1,0,1,3,2,23,-17,0,2005-06,Regular Season,406,Shaquille O'Neal
22005,406,0020500745,2006-02-12,MIA vs. DET,W,37,14,24,0.583,0,0,0.0,3,6,0.5,5,3,8,0,1,3,3,4,31,8,0,2005-06,Regular Season,406,Shaquille O'Neal
22005,406,0020500759,2006-02-14,MIA vs. ORL,W,31,9,12,0.75,0,0,0.0,7,14,0.5,3,8,11,3,0,4,4,3,25,16,0,2005-06,Regular Season,406,Shaquille O'Neal
22005,406,0020500765,2006-02-15,MIA @ ORL,W,31,3,8,0.375,0,0,0.0,1,5,0.2,6,5,11,6,0,1,3,6,7,10,0,2005-06,Regular Season,406,Shaquille O'Neal
22005,406,0020500794,2006-02-22,MIA @ NYK,W,22,7,11,0.636,0,0,0.0,1,3,0.333,1,4,5,2,0,1,4,5,15,2,0,2005-06,Regular Season,406,Shaquille O'Neal
22005,406,0020500818,2006-02-25,MIA vs. SEA,W,37,15,16,0.938,0,0,0.0,1,6,0.167,2,7,9,4,0,4,2,5,31,20,0,2005-06,Regular Season,406,Shaquille O'Neal
22005,406,0020500830,2006-02-27,MIA vs. TOR,W,37,11,16,0.688,0,0,0.0,5,15,0.333,5,6,11,3,1,3,2,3,27,-5,0,2005-06,Regular Season,406,Shaquille O'Neal
22005,406,0020500845,2006-03-01,MIA @ BOS,W,36,7,13,0.538,0,0,0.0,2,9,0.222,4,5,9,3,0,3,0,1,16,6,0,2005-06,Regular Season,406,Shaquille O'Neal
22005,406,0020500868,2006-03-04,MIA vs. ATL,W,25,5,7,0.714,0,0,0.0,11,20,0.55,2,6,8,1,1,2,5,6,21,4,0,2005-06,Regular Season,406,Shaquille O'Neal
22005,406,0020500884,2006-03-06,MIA @ CHA,W,41,16,23,0.696,0,0,0.0,3,11,0.273,2,10,12,3,1,0,3,5,35,-2,0,2005-06,Regular Season,406,Shaquille O'Neal
22005,406,0020500900,2006-03-08,MIA vs. WAS,W,36,7,14,0.5,0,0,0.0,5,12,0.417,4,7,11,2,1,2,3,4,19,11,0,2005-06,Regular Season,406,Shaquille O'Neal
22005,406,0020500913,2006-03-10,MIA vs. GSW,L,36,9,15,0.6,0,0,0.0,3,6,0.5,4,11,15,3,0,4,4,4,21,1,0,2005-06,Regular Season,406,Shaquille O'Neal
22005,406,0020500929,2006-03-12,MIA vs. CLE,W,29,7,14,0.5,0,0,0.0,4,5,0.8,5,3,8,1,0,0,5,3,18,-16,0,2005-06,Regular Season,406,Shaquille O'Neal
22005,406,0020500943,2006-03-14,MIA vs. UTA,W,17,6,7,0.857,0,0,0.0,1,4,0.25,1,6,7,0,0,3,1,4,13,21,0,2005-06,Regular Season,406,Shaquille O'Neal
22005,406,0020500960,2006-03-16,MIA vs. BOS,W,39,12,19,0.632,0,0,0.0,2,9,0.222,3,8,11,1,1,2,3,4,26,9,0,2005-06,Regular Season,406,Shaquille O'Neal
22005,406,0020500974,2006-03-18,MIA @ CHI,W,32,4,12,0.333,0,0,0.0,5,9,0.556,1,4,5,3,0,3,5,5,13,3,0,2005-06,Regular Season,406,Shaquille O'Neal
22005,406,0020500987,2006-03-19,MIA @ NYK,W,25,9,13,0.692,0,0,0.0,0,6,0.0,0,2,2,2,1,1,3,5,18,12,0,2005-06,Regular Season,406,Shaquille O'Neal
22005,406,0020501007,2006-03-22,MIA @ DET,L,43,12,21,0.571,0,0,0.0,3,4,0.75,4,6,10,1,0,1,2,3,27,-15,0,2005-06,Regular Season,406,Shaquille O'Neal
22005,406,0020501021,2006-03-24,MIA vs. CHA,W,26,8,12,0.667,0,0,0.0,6,10,0.6,2,7,9,2,1,0,1,2,22,15,0,2005-06,Regular Season,406,Shaquille O'Neal
22005,406,0020501044,2006-03-27,MIA vs. IND,W,37,6,10,0.6,0,0,0.0,11,14,0.786,2,9,11,0,1,2,6,2,23,9,0,2005-06,Regular Season,406,Shaquille O'Neal
22005,406,0020501091,2006-04-02,MIA @ NJN,L,36,8,12,0.667,0,0,0.0,2,8,0.25,3,6,9,4,0,0,6,5,18,-8,0,2005-06,Regular Season,406,Shaquille O'Neal
22005,406,0020501100,2006-04-04,MIA vs. MIL,W,32,9,13,0.692,0,0,0.0,6,9,0.667,2,8,10,4,0,4,2,3,24,30,0,2005-06,Regular Season,406,Shaquille O'Neal
22005,406,0020501119,2006-04-06,MIA vs. DET,L,36,12,18,0.667,0,0,0.0,4,10,0.4,4,3,7,1,0,2,4,4,28,-5,0,2005-06,Regular Season,406,Shaquille O'Neal
22005,406,0020501134,2006-04-08,MIA @ WAS,W,31,13,16,0.813,0,0,0.0,1,4,0.25,3,7,10,3,1,4,4,2,27,12,0,2005-06,Regular Season,406,Shaquille O'Neal
22005,406,0020501145,2006-04-09,MIA vs. ORL,L,36,7,11,0.636,0,0,0.0,2,6,0.333,2,7,9,4,0,3,5,4,16,-17,0,2005-06,Regular Season,406,Shaquille O'Neal
22005,406,0020501156,2006-04-11,MIA vs. TOR,W,28,7,9,0.778,0,0,0.0,1,5,0.2,4,7,11,10,0,1,3,5,15,0,0,2005-06,Regular Season,406,Shaquille O'Neal
22005,406,0020501181,2006-04-14,MIA vs. PHI,W,35,5,10,0.5,0,0,0.0,5,7,0.714,1,9,10,1,0,1,2,4,15,34,0,2005-06,Regular Season,406,Shaquille O'Neal
22005,406,0020501194,2006-04-16,MIA vs. CHI,L,20,5,8,0.625,0,0,0.0,4,7,0.571,3,3,6,2,0,2,1,2,14,1,0,2005-06,Regular Season,406,Shaquille O'Neal
42005,406,0040500111,2006-04-22,MIA vs. CHI,W,37,11,16,0.688,0,0,0.0,5,8,0.625,3,13,16,1,2,5,6,5,27,0,0,2005-06,Playoffs,406,Shaquille O'Neal
42005,406,0040500112,2006-04-24,MIA vs. CHI,W,36,8,14,0.571,0,0,0.0,6,7,0.857,2,5,7,3,0,3,2,4,22,11,0,2005-06,Playoffs,406,Shaquille O'Neal
42005,406,0040500113,2006-04-27,MIA @ CHI,L,14,4,8,0.5,0,0,0.0,0,6,0.0,2,2,4,1,0,0,7,5,8,-16,0,2005-06,Playoffs,406,Shaquille O'Neal
42005,406,0040500114,2006-04-30,MIA @ CHI,L,23,8,13,0.615,0,0,0.0,0,1,0.0,3,5,8,0,0,0,3,4,16,-11,0,2005-06,Playoffs,406,Shaquille O'Neal
42005,406,0040500115,2006-05-02,MIA vs. CHI,W,27,7,9,0.778,0,0,0.0,2,12,0.167,4,6,10,2,0,3,3,4,16,22,0,2005-06,Playoffs,406,Shaquille O'Neal
42005,406,0040500116,2006-05-04,MIA @ CHI,W,38,13,24,0.542,0,0,0.0,4,8,0.5,8,12,20,5,0,2,4,3,30,12,0,2005-06,Playoffs,406,Shaquille O'Neal
42005,406,0040500211,2006-05-08,MIA vs. NJN,L,29,6,12,0.5,0,0,0.0,8,14,0.571,4,6,10,0,1,1,4,5,20,-6,0,2005-06,Playoffs,406,Shaquille O'Neal
42005,406,0040500212,2006-05-10,MIA vs. NJN,W,29,9,17,0.529,0,0,0.0,3,10,0.3,4,2,6,3,0,0,0,2,21,22,0,2005-06,Playoffs,406,Shaquille O'Neal
42005,406,0040500213,2006-05-12,MIA @ NJN,W,35,8,15,0.533,0,0,0.0,3,5,0.6,2,7,9,3,2,0,4,4,19,3,0,2005-06,Playoffs,406,Shaquille O'Neal
42005,406,0040500214,2006-05-14,MIA @ NJN,W,36,7,13,0.538,0,0,0.0,2,8,0.25,4,4,8,2,0,1,3,3,16,11,0,2005-06,Playoffs,406,Shaquille O'Neal
42005,406,0040500215,2006-05-16,MIA vs. NJN,W,26,8,10,0.8,0,0,0.0,1,7,0.143,1,2,3,0,0,0,4,4,17,-7,0,2005-06,Playoffs,406,Shaquille O'Neal
42005,406,0040500301,2006-05-23,MIA @ DET,W,30,6,12,0.5,0,0,0.0,2,4,0.5,5,3,8,1,0,1,5,4,14,-5,0,2005-06,Playoffs,406,Shaquille O'Neal
42005,406,0040500302,2006-05-25,MIA @ DET,L,40,9,16,0.563,0,0,0.0,3,5,0.6,4,8,12,0,0,4,4,3,21,-10,0,2005-06,Playoffs,406,Shaquille O'Neal
42005,406,0040500303,2006-05-27,MIA vs. DET,W,37,11,15,0.733,0,0,0.0,5,10,0.5,6,6,12,0,2,0,4,2,27,7,0,2005-06,Playoffs,406,Shaquille O'Neal
42005,406,0040500304,2006-05-29,MIA vs. DET,W,36,8,12,0.667,0,0,0.0,5,15,0.333,2,7,9,0,1,1,3,2,21,16,0,2005-06,Playoffs,406,Shaquille O'Neal
42005,406,0040500305,2006-05-31,MIA @ DET,L,30,9,15,0.6,0,0,0.0,1,5,0.2,3,3,6,0,0,3,5,3,19,-5,0,2005-06,Playoffs,406,Shaquille O'Neal
42005,406,0040500306,2006-06-02,MIA vs. DET,W,34,12,14,0.857,0,0,0.0,4,9,0.444,3,13,16,1,0,5,5,5,28,9,0,2005-06,Playoffs,406,Shaquille O'Neal
42005,406,0040500401,2006-06-08,MIA @ DAL,L,38,8,11,0.727,0,0,,1,9,0.111,3,4,7,5,0,0,2,4,17,-4,0,2005-06,Playoffs,406,Shaquille O'Neal
42005,406,0040500402,2006-06-11,MIA @ DAL,L,28,2,5,0.4,0,0,,1,7,0.143,1,5,6,2,0,0,2,1,5,-27,0,2005-06,Playoffs,406,Shaquille O'Neal
42005,406,0040500403,2006-06-13,MIA vs. DAL,W,37,6,9,0.667,0,0,,4,6,0.667,3,8,11,5,1,2,7,3,16,-5,0,2005-06,Playoffs,406,Shaquille O'Neal
42005,406,0040500404,2006-06-15,MIA vs. DAL,W,30,6,8,0.75,0,0,,5,10,0.5,3,10,13,3,0,2,3,4,17,22,0,2005-06,Playoffs,406,Shaquille O'Neal
42005,406,0040500405,2006-06-18,MIA vs. DAL,W,47,8,12,0.667,0,0,,2,12,0.167,2,10,12,1,2,0,3,5,18,-7,0,2005-06,Playoffs,406,Shaquille O'Neal
42005,406,0040500406,2006-06-20,MIA @ DAL,W,30,4,11,0.364,0,0,,1,4,0.25,3,9,12,1,0,1,2,5,9,-7,0,2005-06,Playoffs,406,Shaquille O'Neal
22005,959,0020500003,2005-11-01,PHX vs. DAL,L,44,11,25,0.44,2,5,0.4,6,6,1.0,2,6,8,9,1,0,6,5,30,-13,0,2005-06,Regular Season,959,Steve Nash
22005,959,0020500019,2005-11-03,PHX @ LAL,W,35,2,9,0.222,1,4,0.25,7,7,1.0,0,6,6,17,4,0,4,3,12,-1,0,2005-06,Regular Season,959,Steve Nash
22005,959,0020500040,2005-11-05,PHX @ UTA,W,33,4,12,0.333,0,3,0.0,6,6,1.0,0,1,1,11,1,1,4,1,14,-8,0,2005-06,Regular Season,959,Steve Nash
22005,959,0020500044,2005-11-06,PHX vs. SAC,L,31,7,12,0.583,2,3,0.667,2,2,1.0,0,1,1,13,0,0,4,5,18,-9,0,2005-06,Regular Season,959,Steve Nash
22005,959,0020500070,2005-11-10,PHX vs. DET,L,34,6,17,0.353,1,4,0.25,5,5,1.0,0,0,0,8,0,0,6,2,18,-3,0,2005-06,Regular Season,959,Steve Nash
22005,959,0020500088,2005-11-12,PHX vs. GSW,W,37,7,14,0.5,0,2,0.0,4,4,1.0,0,2,2,10,3,0,2,1,18,12,0,2005-06,Regular Season,959,Steve Nash
22005,959,0020500113,2005-11-16,PHX vs. MEM,L,35,6,11,0.545,3,6,0.5,2,2,1.0,0,1,1,13,3,1,4,0,17,-14,0,2005-06,Regular Season,959,Steve Nash
22005,959,0020500126,2005-11-18,PHX vs. UTA,W,30,3,8,0.375,0,2,0.0,0,0,0.0,0,4,4,10,0,0,4,1,6,-7,0,2005-06,Regular Season,959,Steve Nash
22005,959,0020500137,2005-11-19,PHX @ SAS,L,39,5,14,0.357,0,3,0.0,4,4,1.0,2,6,8,10,0,0,6,2,14,-9,0,2005-06,Regular Season,959,Steve Nash
22005,959,0020500154,2005-11-22,PHX vs. TOR,W,42,9,19,0.474,1,4,0.25,4,4,1.0,0,6,6,9,0,0,8,0,23,0,0,2005-06,Regular Season,959,Steve Nash
22005,959,0020500161,2005-11-23,PHX @ HOU,W,36,6,12,0.5,1,3,0.333,2,3,0.667,1,1,2,14,1,0,4,0,15,18,0,2005-06,Regular Season,959,Steve Nash
22005,959,0020500180,2005-11-25,PHX vs. NJN,W,39,11,18,0.611,1,3,0.333,4,4,1.0,0,3,3,6,1,0,1,0,27,10,0,2005-06,Regular Season,959,Steve Nash
22005,959,0020500214,2005-11-30,PHX vs. IND,W,34,10,15,0.667,7,8,0.875,4,4,1.0,0,8,8,9,0,0,4,0,31,25,0,2005-06,Regular Season,959,Steve Nash
22005,959,0020500225,2005-12-02,PHX vs. DEN,W,38,9,14,0.643,1,2,0.5,2,3,0.667,0,3,3,10,1,0,7,3,21,10,0,2005-06,Regular Season,959,Steve Nash
22005,959,0020500240,2005-12-04,PHX vs. ATL,W,27,3,8,0.375,1,3,0.333,3,4,0.75,2,2,4,7,2,0,3,3,10,25,0,2005-06,Regular Season,959,Steve Nash
22005,959,0020500255,2005-12-06,PHX vs. POR,W,29,5,9,0.556,2,5,0.4,2,2,1.0,3,2,5,12,0,1,2,1,14,32,0,2005-06,Regular Season,959,Steve Nash
22005,959,0020500267,2005-12-07,PHX @ GSW,W,38,9,19,0.474,0,4,0.0,10,10,1.0,0,2,2,14,2,0,4,2,28,6,0,2005-06,Regular Season,959,Steve Nash
22005,959,0020500277,2005-12-09,PHX vs. NYK,W,37,7,14,0.5,3,4,0.75,2,2,1.0,0,4,4,9,0,0,2,1,19,7,0,2005-06,Regular Season,959,Steve Nash
22005,959,0020500290,2005-12-10,PHX @ LAC,L,35,5,12,0.417,0,1,0.0,6,6,1.0,1,3,4,11,0,0,3,2,16,-11,0,2005-06,Regular Season,959,Steve Nash
22005,959,0020500299,2005-12-12,PHX vs. NOK,L,37,5,13,0.385,3,5,0.6,1,1,1.0,0,2,2,16,1,1,6,0,14,-9,0,2005-06,Regular Season,959,Steve Nash
22005,959,0020500316,2005-12-14,PHX @ DAL,L,40,6,18,0.333,1,3,0.333,7,7,1.0,0,3,3,5,0,0,1,3,20,0,0,2005-06,Regular Season,959,Steve Nash
22005,959,0020500329,2005-12-16,PHX @ NOK,W,39,8,20,0.4,1,6,0.167,1,1,1.0,0,7,7,9,0,0,4,2,18,10,0,2005-06,Regular Season,959,Steve Nash
22005,959,0020500337,2005-12-17,PHX @ MEM,L,40,7,10,0.7,5,6,0.833,0,0,0.0,1,6,7,6,0,0,6,3,19,7,0,2005-06,Regular Season,959,Steve Nash
22005,959,0020500358,2005-12-20,PHX vs. SEA,W,27,2,9,0.222,1,5,0.2,0,0,0.0,1,4,5,8,1,0,2,1,5,2,0,2005-06,Regular Season,959,Steve Nash
22005,959,0020500383,2005-12-23,PHX vs. WAS,L,36,8,17,0.471,4,8,0.5,7,9,0.778,1,3,4,9,0,0,2,1,27,-10,0,2005-06,Regular Season,959,Steve Nash
22005,959,0020500391,2005-12-26,PHX @ MIN,W,41,9,15,0.6,2,6,0.333,4,4,1.0,1,5,6,12,0,1,6,0,24,27,0,2005-06,Regular Season,959,Steve Nash
22005,959,0020500406,2005-12-28,PHX @ WAS,W,41,6,13,0.462,0,3,0.0,7,7,1.0,1,3,4,16,1,0,3,2,19,17,0,2005-06,Regular Season,959,Steve Nash
22005,959,0020500421,2005-12-30,PHX @ CHA,W,39,7,13,0.538,0,2,0.0,10,11,0.909,1,4,5,13,4,0,5,3,24,16,0,2005-06,Regular Season,959,Steve Nash
22005,959,0020500427,2005-12-31,PHX @ CHI,W,42,4,10,0.4,0,2,0.0,6,6,1.0,0,8,8,10,1,0,2,2,14,9,0,2005-06,Regular Season,959,Steve Nash
22005,959,0020500438,2006-01-02,PHX @ NYK,L,55,10,25,0.4,3,13,0.231,5,6,0.833,2,3,5,22,1,0,4,5,28,-1,0,2005-06,Regular Season,959,Steve Nash
22005,959,0020500456,2006-01-04,PHX vs. PHI,W,29,11,15,0.733,1,3,0.333,1,1,1.0,0,4,4,6,1,0,3,1,24,19,0,2005-06,Regular Season,959,Steve Nash
22005,959,0020500470,2006-01-06,PHX vs. MIA,W,35,3,6,0.5,3,4,0.75,2,2,1.0,0,3,3,19,0,0,3,0,11,24,0,2005-06,Regular Season,959,Steve Nash
22005,959,0020500479,2006-01-07,PHX vs. SAS,W,39,8,14,0.571,2,2,1.0,4,6,0.667,0,3,3,10,2,0,6,2,22,11,0,2005-06,Regular Season,959,Steve Nash
22005,959,0020500498,2006-01-10,PHX @ DEN,L,52,10,21,0.476,5,11,0.455,1,1,1.0,2,2,4,13,1,0,7,6,26,-3,0,2005-06,Regular Season,959,Steve Nash
22005,959,0020500511,2006-01-12,PHX vs. GSW,W,39,7,12,0.583,4,6,0.667,2,2,1.0,0,7,7,16,0,0,7,1,20,23,0,2005-06,Regular Season,959,Steve Nash
22005,959,0020500530,2006-01-14,PHX vs. CLE,W,36,6,13,0.462,3,4,0.75,5,6,0.833,1,2,3,15,1,0,0,0,20,11,0,2005-06,Regular Season,959,Steve Nash
22005,959,0020500549,2006-01-17,PHX @ SAC,L,27,2,8,0.25,1,2,0.5,2,2,1.0,0,4,4,8,0,0,5,3,7,-21,0,2005-06,Regular Season,959,Steve Nash
22005,959,0020500561,2006-01-18,PHX @ LAC,W,38,6,15,0.4,3,4,0.75,5,5,1.0,0,2,2,18,0,0,4,3,20,7,0,2005-06,Regular Season,959,Steve Nash
22005,959,0020500573,2006-01-20,PHX vs. LAL,W,36,5,11,0.455,2,4,0.5,5,5,1.0,0,9,9,12,1,0,4,0,17,14,0,2005-06,Regular Season,959,Steve Nash
22005,959,0020500589,2006-01-22,PHX vs. SEA,L,49,12,20,0.6,2,5,0.4,2,2,1.0,1,7,8,16,1,1,5,3,28,-4,0,2005-06,Regular Season,959,Steve Nash
22005,959,0020500599,2006-01-24,PHX @ ORL,L,37,8,15,0.533,4,8,0.5,2,5,0.4,1,2,3,12,0,0,2,3,22,-6,0,2005-06,Regular Season,959,Steve Nash
22005,959,0020500617,2006-01-26,PHX @ MIA,W,38,7,16,0.438,4,6,0.667,3,3,1.0,1,5,6,14,1,0,5,3,21,17,0,2005-06,Regular Season,959,Steve Nash
22005,959,0020500619,2006-01-27,PHX @ ATL,W,34,10,18,0.556,2,5,0.4,0,0,0.0,1,7,8,9,2,0,3,1,22,-12,0,2005-06,Regular Season,959,Steve Nash
22005,959,0020500642,2006-01-29,PHX @ CLE,L,39,10,21,0.476,2,6,0.333,2,2,1.0,0,5,5,6,1,0,2,0,24,-7,0,2005-06,Regular Season,959,Steve Nash
22005,959,0020500655,2006-01-31,PHX @ PHI,W,31,6,9,0.667,2,3,0.667,3,3,1.0,0,2,2,8,1,0,3,0,17,17,0,2005-06,Regular Season,959,Steve Nash
22005,959,0020500665,2006-02-01,PHX @ BOS,W,37,5,13,0.385,1,5,0.2,2,2,1.0,2,2,4,8,0,0,1,0,13,5,0,2005-06,Regular Season,959,Steve Nash
22005,959,0020500693,2006-02-04,PHX vs. CHI,W,30,7,10,0.7,2,4,0.5,5,6,0.833,0,3,3,7,0,0,2,2,21,22,0,2005-06,Regular Season,959,Steve Nash
22005,959,0020500704,2006-02-06,PHX vs. MIN,L,38,10,19,0.526,0,4,0.0,11,11,1.0,0,6,6,6,1,0,5,1,31,15,0,2005-06,Regular Season,959,Steve Nash
22005,959,0020500721,2006-02-08,PHX vs. MEM,W,39,5,8,0.625,0,0,0.0,4,5,0.8,0,7,7,10,1,0,3,4,14,-4,0,2005-06,Regular Season,959,Steve Nash
22005,959,0020500733,2006-02-10,PHX vs. SAC,W,34,8,15,0.533,2,3,0.667,6,6,1.0,0,1,1,13,1,0,4,1,24,10,0,2005-06,Regular Season,959,Steve Nash
22005,959,0020500774,2006-02-15,PHX @ DEN,W,30,8,14,0.571,2,4,0.5,1,1,1.0,1,5,6,12,2,0,3,2,19,20,0,2005-06,Regular Season,959,Steve Nash
22005,959,0020500778,2006-02-16,PHX vs. HOU,W,30,9,10,0.9,2,2,1.0,1,2,0.5,2,4,6,8,2,0,2,0,21,36,0,2005-06,Regular Season,959,Steve Nash
22005,959,0020500798,2006-02-22,PHX vs. BOS,W,37,2,13,0.154,1,5,0.2,4,4,1.0,0,2,2,4,0,0,1,1,9,10,0,2005-06,Regular Season,959,Steve Nash
22005,959,0020500821,2006-02-25,PHX vs. CHA,W,36,10,21,0.476,3,8,0.375,6,6,1.0,0,2,2,8,0,1,5,0,29,13,0,2005-06,Regular Season,959,Steve Nash
22005,959,0020500832,2006-02-27,PHX @ HOU,W,35,9,13,0.692,1,2,0.5,4,5,0.8,0,3,3,10,0,0,0,1,23,18,0,2005-06,Regular Season,959,Steve Nash
22005,959,0020500851,2006-03-01,PHX vs. MIL,W,35,9,14,0.643,0,4,0.0,5,5,1.0,1,3,4,13,0,0,3,2,23,22,0,2005-06,Regular Season,959,Steve Nash
22005,959,0020500864,2006-03-03,PHX vs. ORL,W,36,5,8,0.625,1,2,0.5,7,7,1.0,2,4,6,13,0,1,6,3,18,6,0,2005-06,Regular Season,959,Steve Nash
22005,959,0020500877,2006-03-05,PHX @ DAL,W,36,9,15,0.6,2,4,0.5,5,5,1.0,1,2,3,11,0,0,6,1,25,-6,0,2005-06,Regular Season,959,Steve Nash
22005,959,0020500885,2006-03-06,PHX @ NOK,W,26,5,11,0.455,1,5,0.2,1,2,0.5,1,1,2,7,2,0,2,0,12,6,0,2005-06,Regular Season,959,Steve Nash
22005,959,0020500925,2006-03-11,PHX vs. MIN,W,38,12,18,0.667,3,4,0.75,4,4,1.0,0,2,2,11,0,0,2,0,31,8,0,2005-06,Regular Season,959,Steve Nash
22005,959,0020500935,2006-03-12,PHX @ POR,L,37,5,9,0.556,2,4,0.5,1,2,0.5,1,6,7,16,0,0,3,1,13,-9,0,2005-06,Regular Season,959,Steve Nash
22005,959,0020500949,2006-03-14,PHX @ SEA,W,34,10,16,0.625,1,3,0.333,2,2,1.0,1,2,3,8,1,1,2,1,23,8,0,2005-06,Regular Season,959,Steve Nash
22005,959,0020500958,2006-03-15,PHX vs. LAC,W,29,9,11,0.818,6,8,0.75,1,1,1.0,0,3,3,12,0,0,1,0,25,39,0,2005-06,Regular Season,959,Steve Nash
22005,959,0020500972,2006-03-17,PHX @ SAS,L,35,13,22,0.591,0,1,0.0,4,4,1.0,0,4,4,6,0,0,2,1,30,0,0,2005-06,Regular Season,959,Steve Nash
22005,959,0020501000,2006-03-21,PHX @ UTA,L,35,8,12,0.667,2,3,0.667,2,3,0.667,0,6,6,10,2,0,2,1,20,-10,0,2005-06,Regular Season,959,Steve Nash
22005,959,0020501016,2006-03-23,PHX vs. POR,W,26,6,9,0.667,2,4,0.5,1,1,1.0,0,1,1,5,0,0,4,1,15,23,0,2005-06,Regular Season,959,Steve Nash
22005,959,0020501030,2006-03-25,PHX vs. DEN,W,33,6,15,0.4,5,11,0.455,4,4,1.0,2,4,6,6,0,1,3,3,21,-10,0,2005-06,Regular Season,959,Steve Nash
22005,959,0020501043,2006-03-27,PHX @ NJN,L,26,0,5,0.0,0,1,0.0,0,0,0.0,0,3,3,5,0,2,2,2,0,-44,0,2005-06,Regular Season,959,Steve Nash
22005,959,0020501049,2006-03-28,PHX @ MIL,L,32,9,10,0.9,3,3,1.0,2,2,1.0,0,2,2,7,0,0,5,0,23,-16,0,2005-06,Regular Season,959,Steve Nash
22005,959,0020501065,2006-03-30,PHX @ IND,W,35,6,9,0.667,1,4,0.25,2,2,1.0,0,8,8,13,0,0,4,3,15,3,0,2005-06,Regular Season,959,Steve Nash
22005,959,0020501067,2006-03-31,PHX @ TOR,W,34,7,12,0.583,5,6,0.833,1,1,1.0,0,3,3,10,1,0,2,0,20,3,0,2005-06,Regular Season,959,Steve Nash
22005,959,0020501086,2006-04-02,PHX @ DET,L,35,4,11,0.364,1,5,0.2,4,4,1.0,0,2,2,9,0,0,2,1,13,1,0,2005-06,Regular Season,959,Steve Nash
22005,959,0020501116,2006-04-05,PHX vs. LAC,L,32,4,11,0.364,1,4,0.25,0,1,0.0,0,3,3,5,1,0,5,0,9,-17,0,2005-06,Regular Season,959,Steve Nash
22005,959,0020501130,2006-04-07,PHX vs. LAL,W,34,10,17,0.588,3,8,0.375,2,2,1.0,0,1,1,8,1,0,4,1,25,8,0,2005-06,Regular Season,959,Steve Nash
22005,959,0020501147,2006-04-09,PHX @ SEA,L,31,5,10,0.5,3,6,0.5,0,0,0.0,1,3,4,11,1,0,1,0,13,3,0,2005-06,Regular Season,959,Steve Nash
22005,959,0020501160,2006-04-11,PHX @ SAC,W,30,6,14,0.429,1,5,0.2,0,0,0.0,1,3,4,13,1,0,2,4,13,15,0,2005-06,Regular Season,959,Steve Nash
22005,959,0020501176,2006-04-13,PHX vs. DAL,W,30,3,9,0.333,0,2,0.0,0,0,0.0,1,4,5,13,1,0,2,0,6,25,0,2005-06,Regular Season,959,Steve Nash
22005,959,0020501210,2006-04-17,PHX vs. NOK,W,25,4,7,0.571,3,3,1.0,1,2,0.5,0,2,2,6,1,0,4,2,12,17,0,2005-06,Regular Season,959,Steve Nash
22005,959,0020501228,2006-04-19,PHX @ POR,W,30,5,6,0.833,4,4,1.0,2,2,1.0,4,6,10,12,2,0,3,1,16,23,0,2005-06,Regular Season,959,Steve Nash
42005,959,0040500151,2006-04-23,PHX vs. LAL,W,37,5,12,0.417,2,5,0.4,8,8,1.0,1,1,2,10,0,0,2,1,20,5,0,2005-06,Playoffs,959,Steve Nash
42005,959,0040500152,2006-04-26,PHX vs. LAL,L,40,10,17,0.588,2,7,0.286,7,7,1.0,2,5,7,9,1,0,6,4,29,3,0,2005-06,Playoffs,959,Steve Nash
42005,959,0040500153,2006-04-28,PHX @ LAL,L,41,7,16,0.438,3,6,0.5,0,1,0.0,0,7,7,11,1,0,4,1,17,-11,0,2005-06,Playoffs,959,Steve Nash
42005,959,0040500154,2006-04-30,PHX @ LAL,L,44,9,22,0.409,3,8,0.375,1,2,0.5,0,3,3,11,0,0,2,0,22,-1,0,2005-06,Playoffs,959,Steve Nash
42005,959,0040500155,2006-05-02,PHX vs. LAL,W,40,8,13,0.615,1,2,0.5,5,6,0.833,0,3,3,4,0,0,4,1,22,27,0,2005-06,Playoffs,959,Steve Nash
42005,959,0040500156,2006-05-04,PHX @ LAL,W,46,9,14,0.643,1,3,0.333,13,13,1.0,0,2,2,13,0,0,3,1,32,6,0,2005-06,Playoffs,959,Steve Nash
42005,959,0040500157,2006-05-06,PHX vs. LAL,W,35,6,12,0.5,1,5,0.2,0,0,0.0,0,6,6,9,0,0,6,1,13,35,0,2005-06,Playoffs,959,Steve Nash
42005,959,0040500231,2006-05-08,PHX vs. LAC,W,42,10,15,0.667,3,5,0.6,8,9,0.889,2,1,3,12,0,0,4,3,31,14,0,2005-06,Playoffs,959,Steve Nash
42005,959,0040500232,2006-05-10,PHX vs. LAC,L,33,6,12,0.5,0,2,0.0,2,3,0.667,0,3,3,8,1,0,1,1,14,-16,0,2005-06,Playoffs,959,Steve Nash
42005,959,0040500233,2006-05-12,PHX @ LAC,W,43,3,9,0.333,0,4,0.0,6,6,1.0,0,3,3,10,1,0,4,2,12,6,0,2005-06,Playoffs,959,Steve Nash
42005,959,0040500234,2006-05-14,PHX @ LAC,L,39,3,11,0.273,0,2,0.0,2,3,0.667,2,1,3,11,0,0,2,2,8,-2,0,2005-06,Playoffs,959,Steve Nash
42005,959,0040500235,2006-05-16,PHX vs. LAC,W,49,7,17,0.412,0,5,0.0,3,3,1.0,0,7,7,13,0,2,5,4,17,15,0,2005-06,Playoffs,959,Steve Nash
42005,959,0040500236,2006-05-18,PHX @ LAC,L,39,6,16,0.375,2,5,0.4,3,3,1.0,1,1,2,11,1,0,1,2,17,-22,0,2005-06,Playoffs,959,Steve Nash
42005,959,0040500237,2006-05-22,PHX vs. LAC,W,39,11,16,0.688,4,5,0.8,3,4,0.75,0,2,2,11,1,0,4,2,29,12,0,2005-06,Playoffs,959,Steve Nash
42005,959,0040500311,2006-05-24,PHX @ DAL,W,39,11,18,0.611,2,5,0.4,3,3,1.0,1,4,5,16,0,0,3,2,27,6,0,2005-06,Playoffs,959,Steve Nash
42005,959,0040500312,2006-05-26,PHX @ DAL,L,39,6,10,0.6,2,2,1.0,2,3,0.667,0,2,2,11,0,0,4,4,16,1,0,2005-06,Playoffs,959,Steve Nash
42005,959,0040500313,2006-05-28,PHX vs. DAL,L,37,9,18,0.5,3,7,0.429,0,0,0.0,0,1,1,7,0,1,4,1,21,-5,0,2005-06,Playoffs,959,Steve Nash
42005,959,0040500314,2006-05-30,PHX vs. DAL,W,32,8,13,0.615,1,1,1.0,4,4,1.0,0,0,0,7,0,1,2,1,21,14,0,2005-06,Playoffs,959,Steve Nash
42005,959,0040500315,2006-06-01,PHX @ DAL,L,39,5,17,0.294,1,6,0.167,9,9,1.0,0,6,6,11,1,1,3,3,20,-9,0,2005-06,Playoffs,959,Steve Nash
42005,959,0040500316,2006-06-03,PHX vs. DAL,L,42,7,13,0.538,1,2,0.5,4,4,1.0,0,6,6,9,1,0,3,2,19,-7,0,2005-06,Playoffs,959,Steve Nash
22005,1717,0020500003,2005-11-01,DAL @ PHX,W,48,10,21,0.476,4,6,0.667,4,5,0.8,1,14,15,3,1,2,5,3,28,5,0,2005-06,Regular Season,1717,Dirk Nowitzki
22005,1717,0020500014,2005-11-02,DAL @ UTA,L,36,5,17,0.294,1,6,0.167,5,6,0.833,1,5,6,0,1,3,1,2,16,-13,0,2005-06,Regular Season,1717,Dirk Nowitzki
22005,1717,0020500039,2005-11-05,DAL vs. SAS,W,43,12,20,0.6,4,5,0.8,6,6,1.0,0,8,8,2,0,1,0,1,34,31,0,2005-06,Regular Season,1717,Dirk Nowitzki
22005,1717,0020500056,2005-11-09,DAL @ PHI,L,17,5,8,0.625,0,2,0.0,4,5,0.8,0,2,2,1,0,0,0,3,14,9,0,2005-06,Regular Season,1717,Dirk Nowitzki
22005,1717,0020500075,2005-11-11,DAL @ CHA,W,40,9,22,0.409,1,5,0.2,4,5,0.8,1,15,16,4,2,0,3,2,23,12,0,2005-06,Regular Season,1717,Dirk Nowitzki
22005,1717,0020500085,2005-11-12,DAL @ NOK,W,33,9,18,0.5,5,9,0.556,7,9,0.778,0,4,4,1,0,0,1,2,30,2,0,2005-06,Regular Season,1717,Dirk Nowitzki
22005,1717,0020500105,2005-11-15,DAL vs. DEN,W,43,13,25,0.52,3,4,0.75,6,6,1.0,0,7,7,0,1,3,3,1,35,3,0,2005-06,Regular Season,1717,Dirk Nowitzki
22005,1717,0020500118,2005-11-17,DAL vs. ATL,W,39,8,21,0.381,1,1,1.0,3,3,1.0,4,9,13,1,0,1,2,4,20,4,0,2005-06,Regular Season,1717,Dirk Nowitzki
22005,1717,0020500136,2005-11-19,DAL vs. DET,W,32,8,17,0.471,0,2,0.0,7,8,0.875,2,6,8,2,0,1,1,0,23,26,0,2005-06,Regular Season,1717,Dirk Nowitzki
22005,1717,0020500153,2005-11-22,DAL vs. HOU,W,41,11,19,0.579,3,5,0.6,6,7,0.857,1,6,7,2,0,1,1,3,31,9,0,2005-06,Regular Season,1717,Dirk Nowitzki
22005,1717,0020500172,2005-11-25,DAL @ MIA,W,39,7,16,0.438,4,5,0.8,5,6,0.833,0,8,8,1,0,0,1,2,23,2,0,2005-06,Regular Season,1717,Dirk Nowitzki
22005,1717,0020500187,2005-11-26,DAL vs. MEM,L,34,9,20,0.45,1,5,0.2,8,10,0.8,3,6,9,2,0,0,2,4,27,-9,0,2005-06,Regular Season,1717,Dirk Nowitzki
22005,1717,0020500193,2005-11-28,DAL @ TOR,W,40,12,29,0.414,3,9,0.333,2,2,1.0,1,10,11,5,1,0,0,1,29,4,0,2005-06,Regular Season,1717,Dirk Nowitzki
22005,1717,0020500199,2005-11-29,DAL @ MIL,L,46,5,22,0.227,1,4,0.25,7,7,1.0,0,12,12,2,1,2,3,2,18,5,0,2005-06,Regular Season,1717,Dirk Nowitzki
22005,1717,0020500217,2005-12-01,DAL vs. SAS,L,41,3,13,0.231,1,1,1.0,7,8,0.875,1,8,9,6,0,0,0,4,14,-2,0,2005-06,Regular Season,1717,Dirk Nowitzki
22005,1717,0020500235,2005-12-03,DAL vs. NOK,W,32,10,17,0.588,2,2,1.0,8,9,0.889,1,7,8,1,1,0,0,3,30,11,0,2005-06,Regular Season,1717,Dirk Nowitzki
22005,1717,0020500246,2005-12-05,DAL @ CHI,W,39,14,28,0.5,1,4,0.25,6,6,1.0,0,6,6,1,2,0,1,1,35,9,0,2005-06,Regular Season,1717,Dirk Nowitzki
22005,1717,0020500250,2005-12-06,DAL @ IND,W,37,11,19,0.579,1,3,0.333,8,9,0.889,0,11,11,2,0,3,4,2,31,13,0,2005-06,Regular Season,1717,Dirk Nowitzki
22005,1717,0020500273,2005-12-09,DAL @ MEM,W,37,13,29,0.448,1,5,0.2,8,9,0.889,1,8,9,1,1,0,4,6,35,10,0,2005-06,Regular Season,1717,Dirk Nowitzki
22005,1717,0020500288,2005-12-10,DAL vs. BOS,W,38,7,20,0.35,0,1,0.0,10,10,1.0,0,9,9,4,1,1,1,2,24,10,0,2005-06,Regular Season,1717,Dirk Nowitzki
22005,1717,0020500297,2005-12-12,DAL vs. LAL,L,42,9,20,0.45,0,3,0.0,9,12,0.75,1,14,15,2,0,1,4,4,27,1,0,2005-06,Regular Season,1717,Dirk Nowitzki
22005,1717,0020500316,2005-12-14,DAL vs. PHX,W,44,12,24,0.5,0,2,0.0,5,6,0.833,6,7,13,3,1,3,1,2,29,2,0,2005-06,Regular Season,1717,Dirk Nowitzki
22005,1717,0020500330,2005-12-16,DAL vs. ORL,W,42,12,19,0.632,0,1,0.0,7,8,0.875,2,5,7,5,2,1,3,1,31,8,0,2005-06,Regular Season,1717,Dirk Nowitzki
22005,1717,0020500344,2005-12-18,DAL vs. MIN,W,37,6,16,0.375,1,3,0.333,6,6,1.0,0,7,7,2,2,4,2,1,19,10,0,2005-06,Regular Season,1717,Dirk Nowitzki
22005,1717,0020500359,2005-12-20,DAL @ LAL,L,27,8,18,0.444,0,3,0.0,2,4,0.5,4,7,11,3,0,1,1,3,18,-27,0,2005-06,Regular Season,1717,Dirk Nowitzki
22005,1717,0020500370,2005-12-22,DAL @ SAC,W,40,14,23,0.609,1,2,0.5,8,9,0.889,1,9,10,4,1,0,1,1,37,15,0,2005-06,Regular Season,1717,Dirk Nowitzki
22005,1717,0020500384,2005-12-23,DAL @ SEA,W,40,9,20,0.45,1,2,0.5,15,15,1.0,1,12,13,7,1,0,1,1,34,21,0,2005-06,Regular Season,1717,Dirk Nowitzki
22005,1717,0020500392,2005-12-26,DAL vs. IND,W,22,6,16,0.375,0,1,0.0,11,11,1.0,1,1,2,4,0,1,0,3,23,24,0,2005-06,Regular Season,1717,Dirk Nowitzki
22005,1717,0020500423,2005-12-30,DAL vs. GSW,L,35,8,14,0.571,2,3,0.667,6,6,1.0,1,8,9,2,1,0,5,2,24,-9,0,2005-06,Regular Season,1717,Dirk Nowitzki
22005,1717,0020500428,2005-12-31,DAL @ NOK,W,45,7,20,0.35,1,4,0.25,9,9,1.0,2,8,10,5,1,1,0,0,24,5,0,2005-06,Regular Season,1717,Dirk Nowitzki
22005,1717,0020500445,2006-01-03,DAL vs. POR,W,35,10,14,0.714,1,2,0.5,1,1,1.0,0,8,8,2,0,1,0,2,22,11,0,2005-06,Regular Season,1717,Dirk Nowitzki
22005,1717,0020500452,2006-01-04,DAL @ MIN,L,37,8,19,0.421,1,3,0.333,6,6,1.0,1,6,7,2,1,0,5,4,23,-12,0,2005-06,Regular Season,1717,Dirk Nowitzki
22005,1717,0020500468,2006-01-06,DAL @ DEN,W,42,8,17,0.471,1,4,0.25,10,11,0.909,2,8,10,5,0,7,2,1,27,1,0,2005-06,Regular Season,1717,Dirk Nowitzki
22005,1717,0020500478,2006-01-07,DAL vs. MIN,W,39,8,24,0.333,2,4,0.5,8,9,0.889,2,5,7,2,1,2,0,3,26,9,0,2005-06,Regular Season,1717,Dirk Nowitzki
22005,1717,0020500488,2006-01-09,DAL @ BOS,W,33,9,16,0.563,1,2,0.5,7,11,0.636,1,6,7,3,1,0,1,4,26,5,0,2005-06,Regular Season,1717,Dirk Nowitzki
22005,1717,0020500503,2006-01-11,DAL @ NYK,L,44,13,26,0.5,2,7,0.286,4,4,1.0,2,5,7,3,0,2,3,4,32,4,0,2005-06,Regular Season,1717,Dirk Nowitzki
22005,1717,0020500527,2006-01-14,DAL vs. NJN,W,27,6,11,0.545,0,0,0.0,4,5,0.8,0,3,3,3,1,0,2,2,16,31,0,2005-06,Regular Season,1717,Dirk Nowitzki
22005,1717,0020500546,2006-01-16,DAL vs. MIL,W,38,14,21,0.667,2,2,1.0,5,6,0.833,0,4,4,4,1,2,3,2,35,21,0,2005-06,Regular Season,1717,Dirk Nowitzki
22005,1717,0020500557,2006-01-18,DAL @ HOU,W,27,10,14,0.714,4,4,1.0,5,5,1.0,0,4,4,0,1,0,1,2,29,30,0,2005-06,Regular Season,1717,Dirk Nowitzki
22005,1717,0020500574,2006-01-20,DAL @ LAC,W,41,9,21,0.429,3,6,0.5,5,5,1.0,2,9,11,3,2,1,3,1,26,17,0,2005-06,Regular Season,1717,Dirk Nowitzki
22005,1717,0020500590,2006-01-22,DAL @ POR,W,45,8,20,0.4,1,1,1.0,6,8,0.75,2,3,5,2,2,1,2,1,23,2,0,2005-06,Regular Season,1717,Dirk Nowitzki
22005,1717,0020500615,2006-01-25,DAL @ GSW,W,36,7,18,0.389,1,1,1.0,3,4,0.75,0,6,6,4,0,1,1,2,18,-8,0,2005-06,Regular Season,1717,Dirk Nowitzki
22005,1717,0020500618,2006-01-26,DAL @ SEA,W,41,8,22,0.364,3,8,0.375,10,11,0.909,4,8,12,3,0,0,2,3,29,11,0,2005-06,Regular Season,1717,Dirk Nowitzki
22005,1717,0020500637,2006-01-28,DAL vs. UTA,W,32,6,8,0.75,1,2,0.5,8,8,1.0,1,4,5,0,1,2,0,3,21,14,0,2005-06,Regular Season,1717,Dirk Nowitzki
22005,1717,0020500659,2006-01-31,DAL vs. CHI,W,37,7,13,0.538,2,4,0.5,5,5,1.0,0,7,7,1,0,0,3,2,21,4,0,2005-06,Regular Season,1717,Dirk Nowitzki
22005,1717,0020500668,2006-02-01,DAL @ MEM,W,36,7,18,0.389,0,1,0.0,4,4,1.0,1,11,12,1,0,1,4,1,18,-2,0,2005-06,Regular Season,1717,Dirk Nowitzki
22005,1717,0020500691,2006-02-04,DAL vs. SEA,W,37,8,19,0.421,0,0,0.0,1,2,0.5,2,6,8,4,0,0,3,2,17,16,0,2005-06,Regular Season,1717,Dirk Nowitzki
22005,1717,0020500709,2006-02-07,DAL vs. LAL,W,37,8,16,0.5,1,3,0.333,9,10,0.9,2,10,12,2,0,0,3,2,26,-1,0,2005-06,Regular Season,1717,Dirk Nowitzki
22005,1717,0020500723,2006-02-09,DAL vs. MIA,W,32,11,16,0.688,2,3,0.667,3,4,0.75,0,4,4,1,0,2,0,2,27,20,0,2005-06,Regular Season,1717,Dirk Nowitzki
22005,1717,0020500734,2006-02-10,DAL @ DEN,L,36,6,13,0.462,1,4,0.25,6,7,0.857,1,7,8,5,0,0,6,1,19,-20,0,2005-06,Regular Season,1717,Dirk Nowitzki
22005,1717,0020500755,2006-02-13,DAL vs. NYK,W,28,5,12,0.417,0,3,0.0,11,11,1.0,1,6,7,2,1,0,0,1,21,14,0,2005-06,Regular Season,1717,Dirk Nowitzki
22005,1717,0020500773,2006-02-15,DAL vs. WAS,W,37,8,14,0.571,1,3,0.333,8,10,0.8,2,5,7,4,0,0,3,1,25,5,0,2005-06,Regular Season,1717,Dirk Nowitzki
22005,1717,0020500785,2006-02-21,DAL vs. LAC,W,36,7,18,0.389,0,1,0.0,3,3,1.0,1,9,10,2,1,1,2,3,17,4,0,2005-06,Regular Season,1717,Dirk Nowitzki
22005,1717,0020500801,2006-02-23,DAL vs. MEM,W,40,12,23,0.522,2,4,0.5,5,5,1.0,0,6,6,4,1,4,1,1,31,10,0,2005-06,Regular Season,1717,Dirk Nowitzki
22005,1717,0020500814,2006-02-25,DAL vs. TOR,W,43,13,23,0.565,1,5,0.2,5,7,0.714,3,8,11,3,2,4,3,4,32,6,0,2005-06,Regular Season,1717,Dirk Nowitzki
22005,1717,0020500833,2006-02-27,DAL vs. PHI,W,34,11,20,0.55,3,6,0.5,7,7,1.0,3,10,13,2,0,0,1,0,32,8,0,2005-06,Regular Season,1717,Dirk Nowitzki
22005,1717,0020500856,2006-03-02,DAL @ SAS,L,37,6,15,0.4,1,5,0.2,10,10,1.0,3,8,11,1,0,1,2,3,23,0,0,2005-06,Regular Season,1717,Dirk Nowitzki
22005,1717,0020500862,2006-03-03,DAL vs. CHA,W,38,9,17,0.529,1,1,1.0,7,8,0.875,0,9,9,3,1,0,2,4,26,14,0,2005-06,Regular Season,1717,Dirk Nowitzki
22005,1717,0020500877,2006-03-05,DAL vs. PHX,L,42,11,21,0.524,0,1,0.0,3,3,1.0,1,8,9,5,0,1,3,1,25,-8,0,2005-06,Regular Season,1717,Dirk Nowitzki
22005,1717,0020500895,2006-03-07,DAL vs. POR,W,39,7,15,0.467,0,1,0.0,11,12,0.917,1,9,10,4,1,0,1,2,25,1,0,2005-06,Regular Season,1717,Dirk Nowitzki
22005,1717,0020500908,2006-03-09,DAL @ POR,W,38,8,18,0.444,2,5,0.4,15,16,0.938,1,9,10,3,1,1,1,2,33,22,0,2005-06,Regular Season,1717,Dirk Nowitzki
22005,1717,0020500924,2006-03-11,DAL @ UTA,W,42,14,25,0.56,4,6,0.667,2,4,0.5,1,8,9,5,2,2,3,3,34,0,0,2005-06,Regular Season,1717,Dirk Nowitzki
22005,1717,0020500934,2006-03-12,DAL @ SAC,L,42,10,25,0.4,1,2,0.5,3,3,1.0,3,10,13,5,0,1,0,2,24,-4,0,2005-06,Regular Season,1717,Dirk Nowitzki
22005,1717,0020500946,2006-03-14,DAL vs. CLE,W,45,12,28,0.429,1,3,0.333,5,5,1.0,1,12,13,6,0,2,1,0,30,8,0,2005-06,Regular Season,1717,Dirk Nowitzki
22005,1717,0020500957,2006-03-15,DAL @ HOU,W,40,10,20,0.5,2,3,0.667,8,8,1.0,1,10,11,3,1,3,1,1,30,17,0,2005-06,Regular Season,1717,Dirk Nowitzki
22005,1717,0020500964,2006-03-17,DAL @ WAS,W,43,10,19,0.526,0,1,0.0,5,5,1.0,2,11,13,2,0,3,3,1,25,9,0,2005-06,Regular Season,1717,Dirk Nowitzki
22005,1717,0020500979,2006-03-19,DAL @ NJN,L,41,14,28,0.5,3,8,0.375,6,6,1.0,1,7,8,3,1,0,2,3,37,-20,0,2005-06,Regular Season,1717,Dirk Nowitzki
22005,1717,0020500997,2006-03-21,DAL vs. HOU,W,36,10,21,0.476,1,3,0.333,7,9,0.778,2,2,4,1,2,0,3,1,28,12,0,2005-06,Regular Season,1717,Dirk Nowitzki
22005,1717,0020501014,2006-03-23,DAL vs. GSW,L,42,16,24,0.667,3,4,0.75,16,17,0.941,3,6,9,5,2,1,5,3,51,3,0,2005-06,Regular Season,1717,Dirk Nowitzki
22005,1717,0020501028,2006-03-25,DAL @ ATL,W,42,11,24,0.458,0,1,0.0,5,5,1.0,1,12,13,2,0,0,0,2,27,22,0,2005-06,Regular Season,1717,Dirk Nowitzki
22005,1717,0020501048,2006-03-28,DAL @ DET,L,42,9,23,0.391,0,2,0.0,7,7,1.0,2,9,11,1,0,1,4,0,25,-8,0,2005-06,Regular Season,1717,Dirk Nowitzki
22005,1717,0020501057,2006-03-29,DAL @ CLE,L,39,9,18,0.5,2,4,0.5,9,12,0.75,1,4,5,3,2,0,2,2,29,-5,0,2005-06,Regular Season,1717,Dirk Nowitzki
22005,1717,0020501069,2006-03-31,DAL @ ORL,L,44,15,27,0.556,3,10,0.3,5,7,0.714,4,11,15,4,0,1,3,2,38,3,0,2005-06,Regular Season,1717,Dirk Nowitzki
22005,1717,0020501087,2006-04-02,DAL vs. DEN,W,41,10,19,0.526,2,4,0.5,8,8,1.0,3,9,12,4,1,0,2,1,30,30,0,2005-06,Regular Season,1717,Dirk Nowitzki
22005,1717,0020501104,2006-04-04,DAL vs. SAC,W,31,11,17,0.647,1,2,0.5,6,6,1.0,1,6,7,2,0,1,2,1,29,19,0,2005-06,Regular Season,1717,Dirk Nowitzki
22005,1717,0020501128,2006-04-07,DAL @ SAS,W,42,11,24,0.458,1,3,0.333,7,8,0.875,0,10,10,2,0,2,0,1,30,7,0,2005-06,Regular Season,1717,Dirk Nowitzki
22005,1717,0020501136,2006-04-08,DAL vs. NOK,W,29,6,12,0.5,1,1,1.0,7,8,0.875,2,6,8,5,2,1,1,2,20,14,0,2005-06,Regular Season,1717,Dirk Nowitzki
22005,1717,0020501155,2006-04-10,DAL @ LAC,W,41,6,19,0.316,0,1,0.0,8,8,1.0,3,11,14,2,1,0,4,2,20,-7,0,2005-06,Regular Season,1717,Dirk Nowitzki
22005,1717,0020501173,2006-04-12,DAL @ GSW,L,36,11,22,0.5,2,4,0.5,5,6,0.833,2,8,10,4,4,0,1,2,29,-9,0,2005-06,Regular Season,1717,Dirk Nowitzki
22005,1717,0020501176,2006-04-13,DAL @ PHX,L,41,12,23,0.522,0,3,0.0,12,12,1.0,6,5,11,2,0,1,3,2,36,-11,0,2005-06,Regular Season,1717,Dirk Nowitzki
22005,1717,0020501200,2006-04-16,DAL vs. UTA,W,37,4,13,0.308,0,2,0.0,14,14,1.0,1,6,7,4,0,0,2,1,22,10,0,2005-06,Regular Season,1717,Dirk Nowitzki
42005,1717,0040500171,2006-04-23,DAL vs. MEM,W,45,9,18,0.5,0,3,0.0,13,15,0.867,2,9,11,3,1,0,1,3,31,10,0,2005-06,Playoffs,1717,Dirk Nowitzki
42005,1717,0040500172,2006-04-26,DAL vs. MEM,W,37,9,19,0.474,1,3,0.333,12,14,0.857,2,2,4,1,0,1,1,5,31,16,0,2005-06,Playoffs,1717,Dirk Nowitzki
42005,1717,0040500173,2006-04-29,DAL @ MEM,W,48,12,25,0.48,4,10,0.4,8,9,0.889,2,7,9,5,0,1,1,2,36,4,0,2005-06,Playoffs,1717,Dirk Nowitzki
42005,1717,0040500174,2006-05-01,DAL @ MEM,W,35,12,21,0.571,3,3,1.0,0,0,0.0,0,7,7,3,2,0,2,2,27,26,0,2005-06,Playoffs,1717,Dirk Nowitzki
42005,1717,0040500221,2006-05-07,DAL @ SAS,L,42,8,20,0.4,0,1,0.0,4,6,0.667,4,10,14,0,2,0,2,2,20,-3,0,2005-06,Playoffs,1717,Dirk Nowitzki
42005,1717,0040500222,2006-05-09,DAL @ SAS,W,38,7,11,0.636,0,2,0.0,7,7,1.0,0,9,9,1,3,0,3,4,21,21,0,2005-06,Playoffs,1717,Dirk Nowitzki
42005,1717,0040500223,2006-05-13,DAL vs. SAS,W,44,3,9,0.333,0,0,0.0,21,24,0.875,4,11,15,3,1,1,3,2,27,3,0,2005-06,Playoffs,1717,Dirk Nowitzki
42005,1717,0040500224,2006-05-15,DAL vs. SAS,W,46,7,12,0.583,0,1,0.0,14,15,0.933,0,9,9,3,0,1,6,4,28,3,0,2005-06,Playoffs,1717,Dirk Nowitzki
42005,1717,0040500225,2006-05-17,DAL @ SAS,L,44,13,22,0.591,1,2,0.5,4,4,1.0,1,9,10,4,2,0,4,4,31,0,0,2005-06,Playoffs,1717,Dirk Nowitzki
42005,1717,0040500226,2006-05-19,DAL vs. SAS,L,46,9,16,0.563,0,1,0.0,8,8,1.0,2,19,21,5,1,0,3,1,26,-7,0,2005-06,Playoffs,1717,Dirk Nowitzki
42005,1717,0040500227,2006-05-22,DAL @ SAS,W,49,11,20,0.55,0,1,0.0,15,16,0.938,2,13,15,3,1,1,0,3,37,0,0,2005-06,Playoffs,1717,Dirk Nowitzki
42005,1717,0040500311,2006-05-24,DAL vs. PHX,L,41,8,18,0.444,0,0,0.0,9,10,0.9,8,11,19,2,1,0,3,2,25,-14,0,2005-06,Playoffs,1717,Dirk Nowitzki
42005,1717,0040500312,2006-05-26,DAL vs. PHX,W,45,12,21,0.571,0,0,0.0,6,8,0.75,2,12,14,6,1,0,1,0,30,12,0,2005-06,Playoffs,1717,Dirk Nowitzki
42005,1717,0040500313,2006-05-28,DAL @ PHX,W,41,10,23,0.435,2,4,0.5,6,6,1.0,6,11,17,5,1,2,1,3,28,13,0,2005-06,Playoffs,1717,Dirk Nowitzki
42005,1717,0040500314,2006-05-30,DAL @ PHX,L,33,3,13,0.231,1,1,1.0,4,5,0.8,1,6,7,2,1,0,2,3,11,-17,0,2005-06,Playoffs,1717,Dirk Nowitzki
42005,1717,0040500315,2006-06-01,DAL vs. PHX,W,44,14,26,0.538,5,6,0.833,17,18,0.944,1,11,12,3,1,0,1,2,50,22,0,2005-06,Playoffs,1717,Dirk Nowitzki
42005,1717,0040500316,2006-06-03,DAL @ PHX,W,44,8,20,0.4,0,5,0.0,8,9,0.889,1,9,10,3,3,3,2,2,24,11,0,2005-06,Playoffs,1717,Dirk Nowitzki
42005,1717,0040500401,2006-06-08,DAL vs. MIA,W,39,4,14,0.286,2,4,0.5,6,6,1.0,2,8,10,4,3,0,2,2,16,7,0,2005-06,Playoffs,1717,Dirk Nowitzki
42005,1717,0040500402,2006-06-11,DAL vs. MIA,W,41,8,16,0.5,0,2,0.0,10,11,0.909,1,15,16,4,0,2,1,2,26,19,0,2005-06,Playoffs,1717,Dirk Nowitzki
42005,1717,0040500403,2006-06-13,DAL @ MIA,L,45,9,20,0.45,2,7,0.286,10,12,0.833,0,7,7,1,0,0,3,5,30,5,0,2005-06,Playoffs,1717,Dirk Nowitzki
42005,1717,0040500404,2006-06-15,DAL @ MIA,L,41,2,14,0.143,1,5,0.2,11,13,0.846,1,8,9,1,1,0,4,2,16,-19,0,2005-06,Playoffs,1717,Dirk Nowitzki
42005,1717,0040500405,2006-06-18,DAL @ MIA,L,49,8,19,0.421,0,4,0.0,4,5,0.8,2,6,8,3,0,0,2,4,20,-1,0,2005-06,Playoffs,1717,Dirk Nowitzki
42005,1717,0040500406,2006-06-20,DAL vs. MIA,L,47,10,22,0.455,1,2,0.5,8,8,1.0,3,12,15,2,0,2,1,5,29,-3,0,2005-06,Playoffs,1717,Dirk Nowitzki
22005,708,0020500011,2005-11-02,MIN vs. POR,W,37,9,13,0.692,0,0,0.0,0,0,0.0,1,6,7,7,0,2,3,3,18,-1,0,2005-06,Regular Season,708,Kevin Garnett
22005,708,0020500030,2005-11-04,MIN @ SEA,L,45,9,16,0.563,0,0,0.0,5,6,0.833,3,4,7,9,3,1,5,3,23,4,0,2005-06,Regular Season,708,Kevin Garnett
22005,708,0020500042,2005-11-05,MIN @ LAC,L,44,10,19,0.526,0,0,0.0,5,9,0.556,1,14,15,3,0,3,0,4,25,-5,0,2005-06,Regular Season,708,Kevin Garnett
22005,708,0020500049,2005-11-07,MIN vs. LAC,W,36,8,11,0.727,0,0,0.0,6,7,0.857,1,10,11,8,3,2,3,4,22,23,0,2005-06,Regular Season,708,Kevin Garnett
22005,708,0020500064,2005-11-09,MIN vs. LAL,W,41,8,16,0.5,0,0,0.0,1,3,0.333,2,13,15,4,1,1,3,3,17,14,0,2005-06,Regular Season,708,Kevin Garnett
22005,708,0020500093,2005-11-13,MIN @ DEN,L,39,8,15,0.533,0,0,0.0,3,4,0.75,1,8,9,3,3,1,3,3,19,-12,0,2005-06,Regular Season,708,Kevin Garnett
22005,708,0020500104,2005-11-15,MIN vs. HOU,L,39,9,16,0.563,1,2,0.5,6,7,0.857,1,3,4,4,1,1,2,6,25,3,0,2005-06,Regular Season,708,Kevin Garnett
22005,708,0020500119,2005-11-17,MIN vs. WAS,W,44,12,19,0.632,0,1,0.0,1,2,0.5,1,12,13,9,1,0,0,2,25,14,0,2005-06,Regular Season,708,Kevin Garnett
22005,708,0020500135,2005-11-19,MIN vs. CHA,W,32,8,16,0.5,0,0,0.0,3,5,0.6,2,9,11,5,2,0,4,0,19,15,0,2005-06,Regular Season,708,Kevin Garnett
22005,708,0020500163,2005-11-23,MIN @ NOK,L,43,8,19,0.421,0,1,0.0,8,9,0.889,2,9,11,5,2,1,3,4,24,-12,0,2005-06,Regular Season,708,Kevin Garnett
22005,708,0020500175,2005-11-25,MIN vs. MIL,W,39,6,15,0.4,0,0,0.0,5,5,1.0,3,9,12,6,0,1,2,0,17,12,0,2005-06,Regular Season,708,Kevin Garnett
22005,708,0020500185,2005-11-26,MIN @ CLE,W,35,10,14,0.714,0,1,0.0,6,8,0.75,0,11,11,4,0,2,2,2,26,-2,0,2005-06,Regular Season,708,Kevin Garnett
22005,708,0020500200,2005-11-29,MIN vs. LAC,L,44,11,18,0.611,0,0,0.0,7,12,0.583,2,11,13,1,0,2,2,1,29,-7,0,2005-06,Regular Season,708,Kevin Garnett
22005,708,0020500228,2005-12-02,MIN @ LAL,W,37,11,16,0.688,0,0,0.0,7,8,0.875,1,7,8,4,1,3,2,5,29,2,0,2005-06,Regular Season,708,Kevin Garnett
22005,708,0020500241,2005-12-04,MIN @ SAC,W,40,3,14,0.214,0,0,0.0,5,8,0.625,1,9,10,4,2,0,3,1,11,13,0,2005-06,Regular Season,708,Kevin Garnett
22005,708,0020500247,2005-12-05,MIN @ UTA,W,37,8,13,0.615,0,0,0.0,5,5,1.0,2,4,6,4,3,0,1,2,21,21,0,2005-06,Regular Season,708,Kevin Garnett
22005,708,0020500265,2005-12-07,MIN @ POR,W,40,8,15,0.533,0,0,0.0,0,0,0.0,4,10,14,4,2,2,1,4,16,11,0,2005-06,Regular Season,708,Kevin Garnett
22005,708,0020500286,2005-12-10,MIN vs. LAL,W,41,12,22,0.545,1,1,1.0,5,7,0.714,1,7,8,3,0,2,1,3,30,17,0,2005-06,Regular Season,708,Kevin Garnett
22005,708,0020500295,2005-12-12,MIN @ PHI,L,44,9,22,0.409,1,1,1.0,0,0,0.0,1,6,7,4,4,3,4,1,19,-2,0,2005-06,Regular Season,708,Kevin Garnett
22005,708,0020500303,2005-12-13,MIN vs. SAC,L,38,7,18,0.389,0,0,0.0,8,10,0.8,1,4,5,5,0,0,1,2,22,-1,0,2005-06,Regular Season,708,Kevin Garnett
22005,708,0020500320,2005-12-15,MIN vs. SAS,L,40,10,19,0.526,0,0,0.0,4,4,1.0,5,16,21,6,0,4,2,3,24,9,0,2005-06,Regular Season,708,Kevin Garnett
22005,708,0020500344,2005-12-18,MIN @ DAL,L,37,7,13,0.538,0,0,0.0,6,7,0.857,3,13,16,5,2,1,4,3,20,-1,0,2005-06,Regular Season,708,Kevin Garnett
22005,708,0020500366,2005-12-21,MIN vs. NOK,W,30,7,11,0.636,0,0,0.0,3,5,0.6,1,6,7,9,0,1,1,3,17,18,0,2005-06,Regular Season,708,Kevin Garnett
22005,708,0020500379,2005-12-23,MIN vs. POR,L,40,9,15,0.6,1,2,0.5,5,5,1.0,2,6,8,6,1,2,2,2,24,-1,0,2005-06,Regular Season,708,Kevin Garnett
22005,708,0020500391,2005-12-26,MIN vs. PHX,L,44,10,22,0.455,0,1,0.0,6,8,0.75,7,12,19,3,1,1,2,2,26,-20,0,2005-06,Regular Season,708,Kevin Garnett
22005,708,0020500410,2005-12-28,MIN vs. SEA,W,36,10,13,0.769,0,0,0.0,6,9,0.667,4,6,10,6,4,1,1,6,26,16,0,2005-06,Regular Season,708,Kevin Garnett
22005,708,0020500418,2005-12-30,MIN @ ORL,L,43,11,15,0.733,0,0,0.0,7,7,1.0,2,9,11,4,3,3,3,3,29,-14,0,2005-06,Regular Season,708,Kevin Garnett
22005,708,0020500434,2006-01-01,MIN @ MIA,L,38,4,13,0.308,0,0,0.0,3,3,1.0,1,10,11,3,2,2,3,2,11,-31,0,2005-06,Regular Season,708,Kevin Garnett
22005,708,0020500452,2006-01-04,MIN vs. DAL,W,37,7,11,0.636,0,0,0.0,9,10,0.9,2,8,10,5,3,2,0,2,23,18,0,2005-06,Regular Season,708,Kevin Garnett
22005,708,0020500466,2006-01-06,MIN @ SAS,L,37,6,15,0.4,0,1,0.0,6,6,1.0,4,13,17,3,2,0,4,6,18,-3,0,2005-06,Regular Season,708,Kevin Garnett
22005,708,0020500478,2006-01-07,MIN @ DAL,L,41,11,16,0.688,0,1,0.0,4,6,0.667,1,10,11,2,0,2,4,4,26,3,0,2005-06,Regular Season,708,Kevin Garnett
22005,708,0020500494,2006-01-10,MIN @ MIL,L,39,6,13,0.462,0,0,0.0,2,4,0.5,1,12,13,4,0,1,3,2,14,5,0,2005-06,Regular Season,708,Kevin Garnett
22005,708,0020500505,2006-01-11,MIN vs. CHI,W,40,9,19,0.474,0,0,0.0,10,11,0.909,3,11,14,9,1,1,1,2,28,5,0,2005-06,Regular Season,708,Kevin Garnett
22005,708,0020500519,2006-01-13,MIN vs. DEN,W,40,14,17,0.824,0,0,0.0,3,4,0.75,1,14,15,6,0,0,3,1,31,14,0,2005-06,Regular Season,708,Kevin Garnett
22005,708,0020500536,2006-01-16,MIN @ NYK,W,39,7,13,0.538,0,0,0.0,10,11,0.909,6,10,16,6,1,1,4,2,24,0,0,2005-06,Regular Season,708,Kevin Garnett
22005,708,0020500554,2006-01-18,MIN @ BOS,L,44,11,26,0.423,1,2,0.5,6,8,0.75,4,9,13,4,0,1,0,3,29,-8,0,2005-06,Regular Season,708,Kevin Garnett
22005,708,0020500570,2006-01-20,MIN vs. IND,W,36,6,14,0.429,0,0,0.0,5,7,0.714,2,6,8,2,0,1,2,2,17,17,0,2005-06,Regular Season,708,Kevin Garnett
22005,708,0020500585,2006-01-22,MIN vs. PHI,L,39,5,15,0.333,0,2,0.0,3,4,0.75,2,12,14,5,1,1,2,3,13,6,0,2005-06,Regular Season,708,Kevin Garnett
22005,708,0020500602,2006-01-24,MIN vs. DET,L,35,10,24,0.417,0,1,0.0,1,1,1.0,2,8,10,1,0,0,2,0,21,-19,0,2005-06,Regular Season,708,Kevin Garnett
22005,708,0020500611,2006-01-25,MIN @ MEM,L,41,9,15,0.6,1,1,1.0,10,11,0.909,4,5,9,2,3,1,0,3,29,-20,0,2005-06,Regular Season,708,Kevin Garnett
22005,708,0020500629,2006-01-27,MIN @ HOU,W,41,7,13,0.538,0,0,0.0,12,17,0.706,2,10,12,3,0,4,4,2,26,0,0,2005-06,Regular Season,708,Kevin Garnett
22005,708,0020500636,2006-01-28,MIN @ SAS,L,38,9,13,0.692,1,1,1.0,4,4,1.0,3,7,10,3,0,2,2,3,23,-4,0,2005-06,Regular Season,708,Kevin Garnett
22005,708,0020500652,2006-01-30,MIN vs. BOS,W,32,4,7,0.571,0,0,0.0,7,8,0.875,3,6,9,1,0,0,1,1,15,17,0,2005-06,Regular Season,708,Kevin Garnett
22005,708,0020500667,2006-02-01,MIN @ DET,L,35,6,13,0.462,0,0,0.0,2,3,0.667,2,10,12,5,2,1,2,1,14,-10,0,2005-06,Regular Season,708,Kevin Garnett
22005,708,0020500683,2006-02-03,MIN @ POR,L,43,12,13,0.923,0,0,0.0,3,5,0.6,4,11,15,4,0,3,2,4,27,2,0,2005-06,Regular Season,708,Kevin Garnett
22005,708,0020500694,2006-02-04,MIN @ GSW,L,31,6,13,0.462,0,0,0.0,3,4,0.75,4,7,11,2,2,0,2,3,15,-22,0,2005-06,Regular Season,708,Kevin Garnett
22005,708,0020500704,2006-02-06,MIN @ PHX,W,38,8,12,0.667,0,0,0.0,3,4,0.75,2,10,12,4,1,2,5,5,19,-9,0,2005-06,Regular Season,708,Kevin Garnett
22005,708,0020500719,2006-02-08,MIN vs. CLE,L,46,7,18,0.389,0,1,0.0,7,8,0.875,5,13,18,6,0,1,2,3,21,-10,0,2005-06,Regular Season,708,Kevin Garnett
22005,708,0020500732,2006-02-10,MIN vs. UTA,L,38,7,17,0.412,0,1,0.0,2,2,1.0,5,13,18,4,2,1,4,4,16,-10,0,2005-06,Regular Season,708,Kevin Garnett
22005,708,0020500738,2006-02-11,MIN vs. NOK,L,41,6,18,0.333,0,1,0.0,7,8,0.875,4,17,21,2,1,2,4,5,19,-5,0,2005-06,Regular Season,708,Kevin Garnett
22005,708,0020500754,2006-02-13,MIN vs. TOR,L,42,9,15,0.6,0,0,0.0,5,7,0.714,5,14,19,6,2,0,0,1,23,-2,0,2005-06,Regular Season,708,Kevin Garnett
22005,708,0020500772,2006-02-15,MIN vs. SEA,W,39,8,19,0.421,0,0,0.0,7,7,1.0,6,9,15,2,0,1,0,3,23,6,0,2005-06,Regular Season,708,Kevin Garnett
22005,708,0020500779,2006-02-21,MIN @ WAS,L,39,7,16,0.438,0,0,0.0,1,2,0.5,4,7,11,1,1,2,7,3,15,-18,0,2005-06,Regular Season,708,Kevin Garnett
22005,708,0020500808,2006-02-24,MIN vs. DEN,L,47,8,21,0.381,0,0,0.0,7,10,0.7,3,12,15,3,1,3,0,0,23,-9,0,2005-06,Regular Season,708,Kevin Garnett
22005,708,0020500824,2006-02-26,MIN vs. MEM,W,23,7,10,0.7,0,0,0.0,3,4,0.75,3,7,10,7,1,0,1,4,17,9,0,2005-06,Regular Season,708,Kevin Garnett
22005,708,0020500839,2006-02-28,MIN @ CHI,L,41,10,16,0.625,1,2,0.5,6,6,1.0,0,12,12,3,1,2,1,2,27,-9,0,2005-06,Regular Season,708,Kevin Garnett
22005,708,0020500847,2006-03-01,MIN vs. NJN,W,40,10,14,0.714,0,0,0.0,6,6,1.0,4,12,16,4,0,1,3,3,26,5,0,2005-06,Regular Season,708,Kevin Garnett
22005,708,0020500878,2006-03-05,MIN vs. GSW,W,36,10,16,0.625,0,1,0.0,3,4,0.75,9,12,21,5,1,0,3,5,23,19,0,2005-06,Regular Season,708,Kevin Garnett
22005,708,0020500893,2006-03-07,MIN vs. HOU,L,39,6,17,0.353,0,0,0.0,3,6,0.5,4,17,21,5,4,2,3,2,15,2,0,2005-06,Regular Season,708,Kevin Garnett
22005,708,0020500905,2006-03-08,MIN @ UTA,L,43,11,15,0.733,0,0,0.0,4,5,0.8,4,9,13,1,1,2,3,2,26,-4,0,2005-06,Regular Season,708,Kevin Garnett
22005,708,0020500918,2006-03-10,MIN @ SEA,L,36,7,17,0.412,0,2,0.0,7,8,0.875,4,7,11,3,2,1,1,1,21,-18,0,2005-06,Regular Season,708,Kevin Garnett
22005,708,0020500925,2006-03-11,MIN @ PHX,L,41,11,23,0.478,0,0,0.0,6,7,0.857,4,6,10,2,3,1,5,3,28,-2,0,2005-06,Regular Season,708,Kevin Garnett
22005,708,0020500940,2006-03-13,MIN @ LAC,L,45,5,12,0.417,0,2,0.0,3,4,0.75,0,16,16,3,1,0,1,4,13,-6,0,2005-06,Regular Season,708,Kevin Garnett
22005,708,0020500959,2006-03-15,MIN @ LAL,L,37,4,14,0.286,0,0,0.0,8,8,1.0,3,11,14,3,2,1,2,3,16,-2,0,2005-06,Regular Season,708,Kevin Garnett
22005,708,0020500961,2006-03-16,MIN @ GSW,L,38,7,14,0.5,0,0,0.0,6,6,1.0,5,12,17,2,2,3,1,3,20,-1,0,2005-06,Regular Season,708,Kevin Garnett
22005,708,0020500984,2006-03-19,MIN vs. SAC,W,39,11,18,0.611,0,0,0.0,15,17,0.882,1,9,10,1,4,2,4,2,37,10,0,2005-06,Regular Season,708,Kevin Garnett
22005,708,0020500998,2006-03-21,MIN vs. MIA,W,41,7,16,0.438,0,0,0.0,9,10,0.9,1,10,11,3,0,2,0,1,23,11,0,2005-06,Regular Season,708,Kevin Garnett
22005,708,0020501011,2006-03-23,MIN @ NJN,L,37,9,14,0.643,0,0,0.0,6,6,1.0,3,8,11,0,3,0,4,4,24,-7,0,2005-06,Regular Season,708,Kevin Garnett
22005,708,0020501017,2006-03-24,MIN @ TOR,L,37,5,11,0.455,0,0,0.0,5,5,1.0,3,9,12,3,1,0,2,2,15,-21,0,2005-06,Regular Season,708,Kevin Garnett
22005,708,0020501034,2006-03-26,MIN vs. NYK,W,37,9,19,0.474,0,0,0.0,8,11,0.727,4,11,15,4,2,1,6,3,26,10,0,2005-06,Regular Season,708,Kevin Garnett
22005,708,0020501060,2006-03-29,MIN vs. ORL,W,41,11,17,0.647,0,0,0.0,5,7,0.714,7,12,19,6,3,2,2,2,27,14,0,2005-06,Regular Season,708,Kevin Garnett
22005,708,0020501075,2006-03-31,MIN @ DEN,L,40,10,17,0.588,0,0,0.0,2,4,0.5,3,13,16,7,0,7,5,4,22,-15,0,2005-06,Regular Season,708,Kevin Garnett
22005,708,0020501088,2006-04-02,MIN vs. GSW,W,46,6,14,0.429,0,0,0.0,7,9,0.778,5,8,13,3,2,2,3,4,19,5,0,2005-06,Regular Season,708,Kevin Garnett
22005,708,0020501099,2006-04-04,MIN @ CHA,L,39,8,21,0.381,0,1,0.0,8,10,0.8,4,18,22,4,3,1,1,3,24,-7,0,2005-06,Regular Season,708,Kevin Garnett
22005,708,0020501110,2006-04-05,MIN @ ATL,L,31,9,12,0.75,0,0,0.0,9,9,1.0,3,12,15,2,3,1,4,4,27,14,0,2005-06,Regular Season,708,Kevin Garnett
22005,708,0020501127,2006-04-07,MIN vs. UTA,L,24,6,10,0.6,0,0,0.0,2,2,1.0,0,13,13,4,1,1,2,0,14,2,0,2005-06,Regular Season,708,Kevin Garnett
22005,1718,0020500007,2005-11-02,BOS vs. NYK,W,44,6,18,0.333,0,2,0.0,18,24,0.75,2,10,12,3,1,2,4,2,30,16,0,2005-06,Regular Season,1718,Paul Pierce
22005,1718,0020500023,2005-11-04,BOS vs. DET,L,39,10,18,0.556,0,1,0.0,8,12,0.667,1,6,7,3,2,0,4,1,28,4,0,2005-06,Regular Season,1718,Paul Pierce
22005,1718,0020500033,2005-11-05,BOS @ CHA,L,45,11,20,0.55,1,3,0.333,9,10,0.9,0,5,5,3,1,0,3,4,32,0,0,2005-06,Regular Season,1718,Paul Pierce
22005,1718,0020500059,2005-11-09,BOS vs. MEM,W,39,9,13,0.692,3,3,1.0,8,10,0.8,1,6,7,8,3,1,1,3,29,9,0,2005-06,Regular Season,1718,Paul Pierce
22005,1718,0020500074,2005-11-11,BOS vs. SAS,L,34,8,19,0.421,0,1,0.0,4,5,0.8,4,6,10,3,0,0,4,1,20,-28,0,2005-06,Regular Season,1718,Paul Pierce
22005,1718,0020500090,2005-11-13,BOS vs. HOU,W,37,5,13,0.385,3,8,0.375,6,6,1.0,2,5,7,10,1,0,2,2,19,23,0,2005-06,Regular Season,1718,Paul Pierce
22005,1718,0020500103,2005-11-15,BOS @ DET,L,39,9,18,0.5,3,5,0.6,2,2,1.0,0,7,7,3,0,0,2,3,23,-25,0,2005-06,Regular Season,1718,Paul Pierce
22005,1718,0020500110,2005-11-16,BOS vs. SEA,L,39,9,16,0.563,1,2,0.5,3,5,0.6,1,5,6,3,1,0,3,3,22,-16,0,2005-06,Regular Season,1718,Paul Pierce
22005,1718,0020500122,2005-11-18,BOS vs. TOR,W,39,7,16,0.438,2,4,0.5,10,12,0.833,3,8,11,5,2,1,4,1,26,12,0,2005-06,Regular Season,1718,Paul Pierce
22005,1718,0020500151,2005-11-22,BOS @ CLE,L,36,10,24,0.417,2,4,0.5,2,2,1.0,5,10,15,1,2,0,3,2,24,-10,0,2005-06,Regular Season,1718,Paul Pierce
22005,1718,0020500156,2005-11-23,BOS @ ATL,L,37,11,22,0.5,2,5,0.4,9,9,1.0,1,5,6,6,2,0,3,5,33,2,0,2005-06,Regular Season,1718,Paul Pierce
22005,1718,0020500171,2005-11-25,BOS vs. CHA,W,35,11,21,0.524,0,2,0.0,5,6,0.833,1,7,8,4,1,0,2,4,27,11,0,2005-06,Regular Season,1718,Paul Pierce
22005,1718,0020500194,2005-11-28,BOS vs. ORL,L,39,7,16,0.438,0,0,0.0,2,3,0.667,1,12,13,4,0,1,5,2,16,-10,0,2005-06,Regular Season,1718,Paul Pierce
22005,1718,0020500210,2005-11-30,BOS vs. PHI,W,41,12,21,0.571,0,2,0.0,8,12,0.667,1,10,11,3,1,0,1,4,32,7,0,2005-06,Regular Season,1718,Paul Pierce
22005,1718,0020500221,2005-12-02,BOS vs. CHI,L,42,12,21,0.571,5,8,0.625,14,18,0.778,0,11,11,5,4,1,6,2,43,3,0,2005-06,Regular Season,1718,Paul Pierce
22005,1718,0020500239,2005-12-04,BOS @ NYK,W,44,8,15,0.533,1,2,0.5,11,15,0.733,0,9,9,7,5,0,2,1,28,11,0,2005-06,Regular Season,1718,Paul Pierce
22005,1718,0020500253,2005-12-06,BOS @ HOU,L,31,3,10,0.3,1,3,0.333,13,13,1.0,0,3,3,1,2,0,2,4,20,-8,0,2005-06,Regular Season,1718,Paul Pierce
22005,1718,0020500262,2005-12-07,BOS @ NOK,W,37,7,14,0.5,1,2,0.5,13,16,0.813,1,11,12,1,2,0,3,3,28,13,0,2005-06,Regular Season,1718,Paul Pierce
22005,1718,0020500275,2005-12-09,BOS @ SAS,L,38,7,17,0.412,1,2,0.5,9,9,1.0,1,6,7,2,0,0,3,3,24,-11,0,2005-06,Regular Season,1718,Paul Pierce
22005,1718,0020500288,2005-12-10,BOS @ DAL,L,44,10,19,0.526,1,3,0.333,7,10,0.7,0,6,6,6,0,0,1,2,28,-4,0,2005-06,Regular Season,1718,Paul Pierce
22005,1718,0020500309,2005-12-14,BOS vs. IND,W,40,9,21,0.429,1,1,1.0,6,8,0.75,0,7,7,5,0,2,3,2,25,6,0,2005-06,Regular Season,1718,Paul Pierce
22005,1718,0020500326,2005-12-16,BOS vs. MIL,L,41,8,18,0.444,2,5,0.4,5,5,1.0,0,9,9,10,0,0,2,5,23,-6,0,2005-06,Regular Season,1718,Paul Pierce
22005,1718,0020500338,2005-12-17,BOS @ CHI,L,28,8,15,0.533,0,1,0.0,4,5,0.8,1,0,1,3,2,1,4,4,20,-20,0,2005-06,Regular Season,1718,Paul Pierce
22005,1718,0020500348,2005-12-19,BOS vs. GSW,W,38,6,16,0.375,1,4,0.25,6,8,0.75,1,8,9,5,1,0,5,4,19,-1,0,2005-06,Regular Season,1718,Paul Pierce
22005,1718,0020500363,2005-12-21,BOS vs. UTA,W,39,11,21,0.524,0,5,0.0,8,9,0.889,1,2,3,3,2,1,2,2,30,2,0,2005-06,Regular Season,1718,Paul Pierce
22005,1718,0020500395,2005-12-26,BOS @ SEA,L,40,13,25,0.52,1,4,0.25,16,21,0.762,1,4,5,5,1,1,3,5,43,-3,0,2005-06,Regular Season,1718,Paul Pierce
22005,1718,0020500413,2005-12-28,BOS @ GSW,L,40,12,21,0.571,0,2,0.0,4,5,0.8,2,10,12,3,0,0,4,0,28,0,0,2005-06,Regular Season,1718,Paul Pierce
22005,1718,0020500424,2005-12-30,BOS @ SAC,L,43,7,18,0.389,3,9,0.333,5,8,0.625,0,6,6,9,1,1,4,4,22,1,0,2005-06,Regular Season,1718,Paul Pierce
22005,1718,0020500433,2005-12-31,BOS @ LAC,W,37,8,12,0.667,0,0,0.0,3,4,0.75,1,4,5,5,1,2,6,3,19,13,0,2005-06,Regular Season,1718,Paul Pierce
22005,1718,0020500440,2006-01-02,BOS @ DEN,L,37,9,14,0.643,2,4,0.5,9,10,0.9,0,3,3,4,0,0,3,6,29,-1,0,2005-06,Regular Season,1718,Paul Pierce
22005,1718,0020500449,2006-01-04,BOS vs. CHA,W,42,11,17,0.647,2,3,0.667,7,8,0.875,0,8,8,10,1,2,4,3,31,3,0,2005-06,Regular Season,1718,Paul Pierce
22005,1718,0020500460,2006-01-06,BOS vs. ATL,L,39,9,19,0.474,3,7,0.429,2,2,1.0,2,3,5,3,0,0,1,2,23,-8,0,2005-06,Regular Season,1718,Paul Pierce
22005,1718,0020500472,2006-01-07,BOS @ WAS,L,37,5,12,0.417,2,5,0.4,11,14,0.786,0,3,3,4,0,0,2,3,23,-1,0,2005-06,Regular Season,1718,Paul Pierce
22005,1718,0020500488,2006-01-09,BOS vs. DAL,L,36,9,16,0.563,2,5,0.4,12,12,1.0,1,7,8,4,2,0,2,2,32,-5,0,2005-06,Regular Season,1718,Paul Pierce
22005,1718,0020500491,2006-01-10,BOS @ ATL,W,40,10,17,0.588,3,7,0.429,4,7,0.571,1,3,4,6,2,0,6,2,27,17,0,2005-06,Regular Season,1718,Paul Pierce
22005,1718,0020500516,2006-01-13,BOS @ PHI,L,52,4,20,0.2,2,4,0.5,8,13,0.615,1,8,9,10,4,0,7,5,18,-13,0,2005-06,Regular Season,1718,Paul Pierce
22005,1718,0020500542,2006-01-16,BOS @ DET,L,37,8,16,0.5,0,3,0.0,5,7,0.714,3,4,7,7,2,1,3,3,21,-17,0,2005-06,Regular Season,1718,Paul Pierce
22005,1718,0020500554,2006-01-18,BOS vs. MIN,W,43,8,17,0.471,4,6,0.667,5,9,0.556,3,5,8,3,0,0,3,1,25,6,0,2005-06,Regular Season,1718,Paul Pierce
22005,1718,0020500567,2006-01-20,BOS vs. NJN,W,41,7,16,0.438,3,6,0.5,8,14,0.571,2,10,12,6,1,1,7,4,25,2,0,2005-06,Regular Season,1718,Paul Pierce
22005,1718,0020500579,2006-01-21,BOS @ NJN,L,30,5,13,0.385,1,3,0.333,9,10,0.9,0,5,5,2,2,0,1,2,20,-17,0,2005-06,Regular Season,1718,Paul Pierce
22005,1718,0020500593,2006-01-23,BOS vs. NOK,W,31,4,13,0.308,0,4,0.0,8,11,0.727,1,8,9,2,0,0,3,3,16,14,0,2005-06,Regular Season,1718,Paul Pierce
22005,1718,0020500606,2006-01-25,BOS vs. WAS,L,42,10,18,0.556,0,2,0.0,5,13,0.385,1,10,11,6,4,1,2,0,25,4,0,2005-06,Regular Season,1718,Paul Pierce
22005,1718,0020500621,2006-01-27,BOS vs. SAC,W,38,7,16,0.438,0,4,0.0,4,4,1.0,1,6,7,6,1,0,7,5,18,10,0,2005-06,Regular Season,1718,Paul Pierce
22005,1718,0020500643,2006-01-29,BOS @ MIL,L,39,7,18,0.389,2,5,0.4,2,2,1.0,1,5,6,6,1,0,3,3,18,-6,0,2005-06,Regular Season,1718,Paul Pierce
22005,1718,0020500652,2006-01-30,BOS @ MIN,L,40,7,23,0.304,0,4,0.0,7,11,0.636,1,3,4,1,4,1,1,1,21,-23,0,2005-06,Regular Season,1718,Paul Pierce
22005,1718,0020500665,2006-02-01,BOS vs. PHX,L,41,14,27,0.519,4,8,0.5,8,12,0.667,0,3,3,1,3,1,4,3,40,-6,0,2005-06,Regular Season,1718,Paul Pierce
22005,1718,0020500678,2006-02-03,BOS vs. LAC,L,35,5,15,0.333,1,4,0.25,7,9,0.778,0,5,5,2,2,0,2,1,18,-11,0,2005-06,Regular Season,1718,Paul Pierce
22005,1718,0020500686,2006-02-04,BOS @ ORL,L,40,13,30,0.433,0,3,0.0,11,13,0.846,2,3,5,4,1,0,2,5,37,-6,0,2005-06,Regular Season,1718,Paul Pierce
22005,1718,0020500702,2006-02-06,BOS @ MIA,L,40,8,21,0.381,1,4,0.25,14,16,0.875,1,3,4,4,1,0,2,1,31,-18,0,2005-06,Regular Season,1718,Paul Pierce
22005,1718,0020500727,2006-02-10,BOS vs. POR,W,33,13,20,0.65,3,6,0.5,6,8,0.75,0,1,1,4,6,0,4,2,35,32,0,2005-06,Regular Season,1718,Paul Pierce
22005,1718,0020500746,2006-02-12,BOS vs. ORL,W,46,10,21,0.476,0,1,0.0,11,14,0.786,1,3,4,4,1,0,3,4,31,5,0,2005-06,Regular Season,1718,Paul Pierce
22005,1718,0020500767,2006-02-15,BOS vs. CLE,L,54,17,36,0.472,0,4,0.0,16,20,0.8,0,7,7,8,0,0,4,6,50,-1,0,2005-06,Regular Season,1718,Paul Pierce
22005,1718,0020500788,2006-02-21,BOS @ UTA,W,31,10,15,0.667,1,1,1.0,9,11,0.818,0,2,2,4,1,0,2,5,30,6,0,2005-06,Regular Season,1718,Paul Pierce
22005,1718,0020500798,2006-02-22,BOS @ PHX,L,38,8,28,0.286,0,6,0.0,4,8,0.5,2,5,7,6,1,1,5,0,20,-22,0,2005-06,Regular Season,1718,Paul Pierce
22005,1718,0020500812,2006-02-24,BOS @ POR,W,40,14,25,0.56,2,4,0.5,7,8,0.875,1,6,7,7,0,1,3,2,37,6,0,2005-06,Regular Season,1718,Paul Pierce
22005,1718,0020500826,2006-02-26,BOS @ LAL,W,41,12,20,0.6,1,2,0.5,14,21,0.667,1,6,7,4,2,0,6,5,39,3,0,2005-06,Regular Season,1718,Paul Pierce
22005,1718,0020500845,2006-03-01,BOS vs. MIA,L,46,10,22,0.455,2,6,0.333,16,18,0.889,1,5,6,3,2,0,2,3,38,-3,0,2005-06,Regular Season,1718,Paul Pierce
22005,1718,0020500859,2006-03-03,BOS vs. IND,W,40,13,25,0.52,2,3,0.667,3,8,0.375,0,4,4,8,3,0,2,1,31,0,0,2005-06,Regular Season,1718,Paul Pierce
22005,1718,0020500874,2006-03-05,BOS @ TOR,L,39,12,21,0.571,1,3,0.333,8,8,1.0,2,5,7,5,0,0,6,4,33,-8,0,2005-06,Regular Season,1718,Paul Pierce
22005,1718,0020500889,2006-03-07,BOS @ WAS,W,42,8,20,0.4,3,7,0.429,12,14,0.857,1,4,5,4,1,0,7,4,31,-7,0,2005-06,Regular Season,1718,Paul Pierce
22005,1718,0020500898,2006-03-08,BOS vs. PHI,W,44,9,18,0.5,2,4,0.5,11,13,0.846,1,11,12,10,0,3,4,4,31,9,0,2005-06,Regular Season,1718,Paul Pierce
22005,1718,0020500912,2006-03-10,BOS vs. MIL,L,43,6,12,0.5,0,3,0.0,12,17,0.706,0,3,3,8,0,1,1,3,24,-11,0,2005-06,Regular Season,1718,Paul Pierce
22005,1718,0020500926,2006-03-12,BOS vs. DEN,W,37,15,23,0.652,1,4,0.25,5,8,0.625,0,1,1,4,3,0,3,3,36,9,0,2005-06,Regular Season,1718,Paul Pierce
22005,1718,0020500944,2006-03-14,BOS @ MEM,L,34,6,14,0.429,2,3,0.667,1,1,1.0,0,2,2,3,1,2,5,2,15,-21,0,2005-06,Regular Season,1718,Paul Pierce
22005,1718,0020500960,2006-03-16,BOS @ MIA,L,42,12,26,0.462,4,8,0.5,6,9,0.667,1,3,4,8,3,0,3,1,34,-2,0,2005-06,Regular Season,1718,Paul Pierce
22005,1718,0020500966,2006-03-17,BOS @ ORL,L,41,5,18,0.278,0,3,0.0,9,10,0.9,1,6,7,5,1,0,5,2,19,-5,0,2005-06,Regular Season,1718,Paul Pierce
22005,1718,0020500982,2006-03-19,BOS @ IND,W,39,9,20,0.45,1,3,0.333,3,6,0.5,0,6,6,6,0,0,4,3,22,8,0,2005-06,Regular Season,1718,Paul Pierce
22005,1718,0020500988,2006-03-20,BOS vs. LAL,L,37,8,19,0.421,2,8,0.25,8,11,0.727,2,7,9,2,1,1,5,6,26,1,0,2005-06,Regular Season,1718,Paul Pierce
22005,1718,0020501006,2006-03-22,BOS vs. TOR,W,36,9,18,0.5,2,6,0.333,12,17,0.706,0,8,8,4,0,0,5,1,32,10,0,2005-06,Regular Season,1718,Paul Pierce
22005,1718,0020501022,2006-03-24,BOS @ CLE,L,38,6,20,0.3,4,6,0.667,8,9,0.889,0,5,5,5,1,2,4,2,24,-4,0,2005-06,Regular Season,1718,Paul Pierce
22005,1718,0020501031,2006-03-26,BOS vs. CHI,L,42,8,21,0.381,2,6,0.333,6,6,1.0,1,7,8,8,0,1,4,4,24,6,0,2005-06,Regular Season,1718,Paul Pierce
22005,1718,0020501059,2006-03-29,BOS @ NYK,W,29,7,14,0.5,0,2,0.0,8,10,0.8,1,3,4,4,3,0,3,2,22,27,0,2005-06,Regular Season,1718,Paul Pierce
22005,1718,0020501080,2006-04-01,BOS @ CHI,L,38,4,17,0.235,0,4,0.0,10,11,0.909,1,6,7,9,1,0,2,5,18,-3,0,2005-06,Regular Season,1718,Paul Pierce
22005,1718,0020501095,2006-04-04,BOS @ TOR,W,31,2,10,0.2,0,3,0.0,18,24,0.75,2,6,8,2,1,0,5,2,22,1,0,2005-06,Regular Season,1718,Paul Pierce
22005,1718,0020501108,2006-04-05,BOS vs. WAS,L,37,11,17,0.647,3,5,0.6,4,5,0.8,2,5,7,3,2,0,6,3,29,-15,0,2005-06,Regular Season,1718,Paul Pierce
22005,1718,0020501121,2006-04-07,BOS @ PHI,W,42,9,19,0.474,3,7,0.429,12,14,0.857,1,11,12,6,3,1,4,1,33,7,0,2005-06,Regular Season,1718,Paul Pierce
22005,1718,0020501139,2006-04-09,BOS vs. NYK,L,33,6,14,0.429,1,4,0.25,6,8,0.75,2,5,7,6,1,0,4,3,19,1,0,2005-06,Regular Season,1718,Paul Pierce
22005,1718,0020501164,2006-04-12,BOS @ IND,L,38,11,17,0.647,1,3,0.333,7,9,0.778,0,1,1,3,0,0,2,3,30,2,0,2005-06,Regular Season,1718,Paul Pierce
22005,1718,0020501179,2006-04-14,BOS vs. NJN,L,36,5,16,0.313,1,5,0.2,11,17,0.647,0,6,6,2,0,0,4,1,22,-5,0,2005-06,Regular Season,1718,Paul Pierce
22005,947,0020500001,2005-11-01,PHI vs. MIL,L,50,11,28,0.393,2,4,0.5,11,15,0.733,0,2,2,9,3,0,1,3,35,-4,0,2005-06,Regular Season,947,Allen Iverson
22005,947,0020500009,2005-11-02,PHI @ DET,L,42,10,25,0.4,0,3,0.0,11,12,0.917,0,2,2,6,2,0,2,1,31,-20,0,2005-06,Regular Season,947,Allen Iverson
22005,947,0020500021,2005-11-04,PHI vs. CHA,L,42,9,24,0.375,1,4,0.25,10,17,0.588,1,2,3,5,2,0,4,4,29,-12,0,2005-06,Regular Season,947,Allen Iverson
22005,947,0020500035,2005-11-05,PHI @ IND,W,48,11,29,0.379,0,4,0.0,7,8,0.875,0,5,5,12,3,0,3,0,29,2,0,2005-06,Regular Season,947,Allen Iverson
22005,947,0020500056,2005-11-09,PHI vs. DAL,W,38,8,21,0.381,0,1,0.0,9,11,0.818,2,1,3,7,1,0,4,0,25,8,0,2005-06,Regular Season,947,Allen Iverson
22005,947,0020500077,2005-11-11,PHI vs. LAL,W,45,10,23,0.435,2,5,0.4,12,16,0.75,1,3,4,6,2,1,1,0,34,12,0,2005-06,Regular Season,947,Allen Iverson
22005,947,0020500091,2005-11-13,PHI vs. LAC,W,43,9,20,0.45,0,2,0.0,10,11,0.909,0,4,4,10,5,0,7,3,28,-2,0,2005-06,Regular Season,947,Allen Iverson
22005,947,0020500098,2005-11-15,PHI vs. TOR,W,42,11,24,0.458,1,1,1.0,11,13,0.846,2,0,2,12,3,0,2,0,34,20,0,2005-06,Regular Season,947,Allen Iverson
22005,947,0020500109,2005-11-16,PHI @ TOR,W,45,16,26,0.615,1,3,0.333,9,11,0.818,0,0,0,7,3,0,4,3,42,9,0,2005-06,Regular Season,947,Allen Iverson
22005,947,0020500123,2005-11-18,PHI @ MIA,L,48,11,21,0.524,1,3,0.333,10,14,0.714,0,5,5,5,1,0,2,2,33,-10,0,2005-06,Regular Season,947,Allen Iverson
22005,947,0020500132,2005-11-19,PHI vs. CLE,L,47,14,27,0.519,1,3,0.333,8,9,0.889,0,2,2,12,3,0,2,0,37,-4,0,2005-06,Regular Season,947,Allen Iverson
22005,947,0020500146,2005-11-21,PHI vs. NOK,W,34,8,22,0.364,1,4,0.25,7,10,0.7,2,1,3,9,0,0,2,2,24,13,0,2005-06,Regular Season,947,Allen Iverson
22005,947,0020500162,2005-11-23,PHI @ MIL,L,45,13,30,0.433,2,5,0.4,17,19,0.895,2,1,3,5,1,0,6,1,45,-18,0,2005-06,Regular Season,947,Allen Iverson
22005,947,0020500182,2005-11-26,PHI @ NYK,L,46,15,31,0.484,2,4,0.5,8,10,0.8,0,4,4,10,1,0,3,4,40,-6,0,2005-06,Regular Season,947,Allen Iverson
22005,947,0020500198,2005-11-29,PHI vs. POR,W,44,16,27,0.593,1,3,0.333,5,5,1.0,2,6,8,3,0,0,1,2,38,26,0,2005-06,Regular Season,947,Allen Iverson
22005,947,0020500210,2005-11-30,PHI @ BOS,L,48,11,27,0.407,2,7,0.286,16,18,0.889,1,4,5,9,2,0,2,1,40,-7,0,2005-06,Regular Season,947,Allen Iverson
22005,947,0020500224,2005-12-02,PHI @ NOK,L,43,11,26,0.423,1,5,0.2,11,14,0.786,1,1,2,9,3,0,1,0,34,0,0,2005-06,Regular Season,947,Allen Iverson
22005,947,0020500236,2005-12-03,PHI @ SAS,L,43,15,32,0.469,1,2,0.5,6,8,0.75,0,4,4,3,1,1,3,2,37,-9,0,2005-06,Regular Season,947,Allen Iverson
22005,947,0020500259,2005-12-07,PHI vs. MIL,L,38,8,22,0.364,1,3,0.333,6,8,0.75,0,3,3,5,2,0,4,4,23,9,0,2005-06,Regular Season,947,Allen Iverson
22005,947,0020500270,2005-12-09,PHI vs. CHA,W,41,15,32,0.469,1,3,0.333,12,14,0.857,3,3,6,7,1,1,4,2,43,10,0,2005-06,Regular Season,947,Allen Iverson
22005,947,0020500283,2005-12-10,PHI @ NJN,W,47,15,28,0.536,4,7,0.571,8,13,0.615,0,5,5,12,4,0,6,0,42,12,0,2005-06,Regular Season,947,Allen Iverson
22005,947,0020500295,2005-12-12,PHI vs. MIN,W,50,8,25,0.32,0,1,0.0,3,6,0.5,0,3,3,10,3,0,7,1,19,4,0,2005-06,Regular Season,947,Allen Iverson
22005,947,0020500308,2005-12-14,PHI vs. ATL,W,45,15,30,0.5,1,3,0.333,8,9,0.889,1,1,2,6,4,0,1,0,39,7,0,2005-06,Regular Season,947,Allen Iverson
22005,947,0020500323,2005-12-16,PHI vs. MIA,L,44,14,29,0.483,0,1,0.0,7,16,0.438,1,3,4,4,4,0,2,1,35,-5,0,2005-06,Regular Season,947,Allen Iverson
22005,947,0020500341,2005-12-18,PHI @ TOR,W,34,6,19,0.316,1,1,1.0,5,7,0.714,1,0,1,1,0,1,1,4,18,23,0,2005-06,Regular Season,947,Allen Iverson
22005,947,0020500360,2005-12-21,PHI vs. GSW,W,44,16,28,0.571,2,5,0.4,4,6,0.667,1,5,6,8,3,0,5,2,38,10,0,2005-06,Regular Season,947,Allen Iverson
22005,947,0020500371,2005-12-23,PHI @ ATL,L,45,17,31,0.548,0,1,0.0,19,21,0.905,0,6,6,5,2,0,0,0,53,-5,0,2005-06,Regular Season,947,Allen Iverson
22005,947,0020500403,2005-12-27,PHI @ DEN,W,39,13,30,0.433,1,4,0.25,9,10,0.9,1,2,3,10,5,1,3,2,36,-5,0,2005-06,Regular Season,947,Allen Iverson
22005,947,0020500411,2005-12-28,PHI @ POR,L,48,10,25,0.4,0,1,0.0,8,11,0.727,0,1,1,6,0,0,6,2,28,-4,0,2005-06,Regular Season,947,Allen Iverson
22005,947,0020500430,2005-12-31,PHI @ UTA,L,44,12,25,0.48,0,1,0.0,13,18,0.722,1,2,3,5,4,0,3,2,37,-5,0,2005-06,Regular Season,947,Allen Iverson
22005,947,0020500447,2006-01-03,PHI @ SAC,W,38,8,25,0.32,1,2,0.5,2,2,1.0,0,0,0,12,1,2,3,2,19,14,0,2005-06,Regular Season,947,Allen Iverson
22005,947,0020500456,2006-01-04,PHI @ PHX,L,30,7,23,0.304,1,2,0.5,1,1,1.0,0,1,1,3,0,0,4,3,16,-24,0,2005-06,Regular Season,947,Allen Iverson
22005,947,0020500471,2006-01-06,PHI @ LAL,L,38,11,22,0.5,0,1,0.0,9,9,1.0,0,1,1,7,1,0,7,1,31,-18,0,2005-06,Regular Season,947,Allen Iverson
22005,947,0020500486,2006-01-09,PHI vs. SEA,W,46,15,25,0.6,0,0,0.0,11,13,0.846,1,6,7,9,1,0,5,1,41,11,0,2005-06,Regular Season,947,Allen Iverson
22005,947,0020500501,2006-01-11,PHI vs. UTA,L,43,16,25,0.64,1,3,0.333,13,17,0.765,2,1,3,9,4,0,2,5,46,-10,0,2005-06,Regular Season,947,Allen Iverson
22005,947,0020500516,2006-01-13,PHI vs. BOS,W,54,10,26,0.385,2,4,0.5,11,16,0.688,0,5,5,10,2,1,3,3,33,6,0,2005-06,Regular Season,947,Allen Iverson
22005,947,0020500537,2006-01-16,PHI @ WAS,L,34,6,20,0.3,2,4,0.5,3,5,0.6,0,3,3,8,0,0,0,1,17,-20,0,2005-06,Regular Season,947,Allen Iverson
22005,947,0020500550,2006-01-18,PHI vs. NJN,L,42,14,29,0.483,1,2,0.5,7,10,0.7,0,1,1,9,0,0,4,1,36,-5,0,2005-06,Regular Season,947,Allen Iverson
22005,947,0020500564,2006-01-20,PHI vs. MEM,W,47,12,29,0.414,2,5,0.4,4,4,1.0,0,2,2,6,2,0,4,4,30,2,0,2005-06,Regular Season,947,Allen Iverson
22005,947,0020500585,2006-01-22,PHI @ MIN,W,45,13,27,0.481,5,6,0.833,8,10,0.8,1,8,9,5,0,0,4,0,39,-1,0,2005-06,Regular Season,947,Allen Iverson
22005,947,0020500598,2006-01-24,PHI vs. SAC,W,45,16,31,0.516,1,3,0.333,8,8,1.0,0,4,4,6,1,0,3,2,41,10,0,2005-06,Regular Season,947,Allen Iverson
22005,947,0020500616,2006-01-26,PHI vs. ORL,L,51,13,32,0.406,1,5,0.2,11,12,0.917,0,3,3,15,1,0,5,0,38,0,0,2005-06,Regular Season,947,Allen Iverson
22005,947,0020500687,2006-02-04,PHI @ CLE,W,46,10,22,0.455,0,2,0.0,14,14,1.0,0,5,5,9,4,0,2,2,34,8,0,2005-06,Regular Season,947,Allen Iverson
22005,947,0020500698,2006-02-06,PHI vs. HOU,L,46,6,22,0.273,0,5,0.0,20,24,0.833,0,0,0,0,2,0,3,1,32,-4,0,2005-06,Regular Season,947,Allen Iverson
22005,947,0020500715,2006-02-08,PHI @ CHA,L,42,9,28,0.321,0,5,0.0,2,4,0.5,0,2,2,6,1,0,4,3,20,-8,0,2005-06,Regular Season,947,Allen Iverson
22005,947,0020500743,2006-02-12,PHI @ WAS,L,37,13,27,0.481,0,0,0.0,7,9,0.778,1,4,5,7,5,0,3,4,33,-7,0,2005-06,Regular Season,947,Allen Iverson
22005,947,0020500764,2006-02-15,PHI vs. SAS,W,51,17,37,0.459,0,0,0.0,8,8,1.0,1,7,8,9,2,0,4,4,42,9,0,2005-06,Regular Season,947,Allen Iverson
22005,947,0020500777,2006-02-16,PHI @ CHI,L,29,6,16,0.375,0,1,0.0,6,6,1.0,0,0,0,3,1,0,1,2,18,-21,0,2005-06,Regular Season,947,Allen Iverson
22005,947,0020500791,2006-02-22,PHI vs. CLE,W,45,10,24,0.417,0,2,0.0,9,9,1.0,0,2,2,12,4,0,4,3,29,9,0,2005-06,Regular Season,947,Allen Iverson
22005,947,0020500810,2006-02-24,PHI @ MIL,W,45,9,17,0.529,0,1,0.0,12,15,0.8,0,5,5,8,2,0,3,2,30,3,0,2005-06,Regular Season,947,Allen Iverson
22005,947,0020500815,2006-02-25,PHI vs. CHI,W,46,11,23,0.478,1,1,1.0,15,22,0.682,0,4,4,5,4,0,1,0,38,11,0,2005-06,Regular Season,947,Allen Iverson
22005,947,0020500833,2006-02-27,PHI @ DAL,L,48,10,22,0.455,0,2,0.0,9,10,0.9,1,2,3,6,1,0,6,1,29,-12,0,2005-06,Regular Season,947,Allen Iverson
22005,947,0020500848,2006-03-01,PHI @ HOU,W,45,16,29,0.552,1,3,0.333,7,9,0.778,1,6,7,10,1,0,3,1,40,1,0,2005-06,Regular Season,947,Allen Iverson
22005,947,0020500857,2006-03-03,PHI vs. WAS,W,48,17,28,0.607,2,6,0.333,11,12,0.917,0,2,2,12,1,0,4,2,47,6,0,2005-06,Regular Season,947,Allen Iverson
22005,947,0020500875,2006-03-05,PHI vs. IND,L,44,12,20,0.6,2,3,0.667,7,11,0.636,0,2,2,9,3,0,5,0,33,-1,0,2005-06,Regular Season,947,Allen Iverson
22005,947,0020500898,2006-03-08,PHI @ BOS,L,44,10,31,0.323,0,6,0.0,12,14,0.857,1,1,2,5,1,0,3,1,32,-4,0,2005-06,Regular Season,947,Allen Iverson
22005,947,0020500907,2006-03-09,PHI vs. DEN,L,44,13,32,0.406,1,5,0.2,11,15,0.733,5,1,6,6,1,1,6,2,38,-9,0,2005-06,Regular Season,947,Allen Iverson
22005,947,0020500931,2006-03-12,PHI @ MEM,W,24,6,13,0.462,0,0,0.0,6,6,1.0,1,0,1,6,2,0,3,0,18,6,0,2005-06,Regular Season,947,Allen Iverson
22005,947,0020501002,2006-03-22,PHI vs. ATL,W,42,10,22,0.455,1,1,1.0,8,12,0.667,0,3,3,12,2,0,3,0,29,23,0,2005-06,Regular Season,947,Allen Iverson
22005,947,0020501018,2006-03-24,PHI vs. ORL,L,44,4,19,0.211,2,4,0.5,7,9,0.778,1,2,3,10,3,0,3,2,17,-14,0,2005-06,Regular Season,947,Allen Iverson
22005,947,0020501032,2006-03-26,PHI @ IND,L,45,9,25,0.36,2,4,0.5,6,7,0.857,0,3,3,6,4,0,7,0,26,-17,0,2005-06,Regular Season,947,Allen Iverson
22005,947,0020501055,2006-03-29,PHI vs. DET,L,43,10,22,0.455,0,1,0.0,8,9,0.889,1,1,2,5,0,1,4,5,28,-6,0,2005-06,Regular Season,947,Allen Iverson
22005,947,0020501070,2006-03-31,PHI @ NYK,W,46,13,29,0.448,3,9,0.333,18,20,0.9,1,5,6,9,3,0,4,3,47,6,0,2005-06,Regular Season,947,Allen Iverson
22005,947,0020501085,2006-04-02,PHI vs. NYK,W,31,9,16,0.563,2,2,1.0,12,14,0.857,0,0,0,6,2,0,4,3,32,19,0,2005-06,Regular Season,947,Allen Iverson
22005,947,0020501097,2006-04-04,PHI @ CLE,L,39,10,25,0.4,1,3,0.333,17,19,0.895,0,1,1,8,1,0,3,2,38,-22,0,2005-06,Regular Season,947,Allen Iverson
22005,947,0020501109,2006-04-05,PHI vs. CHI,L,42,6,17,0.353,0,3,0.0,14,17,0.824,0,2,2,7,1,0,7,0,26,-12,0,2005-06,Regular Season,947,Allen Iverson
22005,947,0020501121,2006-04-07,PHI vs. BOS,L,46,14,25,0.56,1,1,1.0,8,9,0.889,1,3,4,5,2,0,2,1,37,-8,0,2005-06,Regular Season,947,Allen Iverson
22005,947,0020501135,2006-04-08,PHI @ CHI,W,40,12,29,0.414,3,5,0.6,12,12,1.0,0,3,3,1,0,0,5,1,39,27,0,2005-06,Regular Season,947,Allen Iverson
22005,947,0020501149,2006-04-10,PHI vs. WAS,W,45,9,22,0.409,2,7,0.286,6,6,1.0,0,4,4,15,2,0,6,1,26,6,0,2005-06,Regular Season,947,Allen Iverson
22005,947,0020501165,2006-04-12,PHI @ NJN,W,38,13,26,0.5,0,3,0.0,14,15,0.933,0,2,2,10,1,0,1,0,40,27,0,2005-06,Regular Season,947,Allen Iverson
22005,947,0020501181,2006-04-14,PHI @ MIA,L,45,10,24,0.417,0,2,0.0,10,12,0.833,1,0,1,3,1,0,5,2,30,-22,0,2005-06,Regular Season,947,Allen Iverson
22005,947,0020501188,2006-04-15,PHI @ ORL,L,45,12,29,0.414,1,5,0.2,11,13,0.846,1,0,1,5,2,0,3,2,36,-9,0,2005-06,Regular Season,947,Allen Iverson
22005,1503,0020500013,2005-11-02,HOU vs. SAC,W,38,9,21,0.429,2,5,0.4,3,7,0.429,0,5,5,4,1,1,1,1,23,12,0,2005-06,Regular Season,1503,Tracy McGrady
22005,1503,0020500084,2005-11-12,HOU @ NJN,W,37,13,26,0.5,4,5,0.8,5,6,0.833,3,7,10,4,1,3,2,2,35,14,0,2005-06,Regular Season,1503,Tracy McGrady
22005,1503,0020500090,2005-11-13,HOU @ BOS,L,28,5,10,0.5,2,4,0.5,2,3,0.667,2,2,4,3,0,0,4,3,14,-14,0,2005-06,Regular Season,1503,Tracy McGrady
22005,1503,0020500104,2005-11-15,HOU @ MIN,W,38,6,18,0.333,0,3,0.0,13,13,1.0,0,8,8,4,2,0,5,1,25,-3,0,2005-06,Regular Season,1503,Tracy McGrady
22005,1503,0020500117,2005-11-17,HOU @ SAS,L,38,8,22,0.364,2,8,0.25,9,11,0.818,2,10,12,4,1,0,3,0,27,-9,0,2005-06,Regular Season,1503,Tracy McGrady
22005,1503,0020500127,2005-11-18,HOU vs. DET,L,32,3,16,0.188,0,2,0.0,0,0,0.0,2,11,13,4,1,0,1,1,6,-4,0,2005-06,Regular Season,1503,Tracy McGrady
22005,1503,0020500202,2005-11-29,HOU vs. ATL,W,34,7,16,0.438,0,2,0.0,11,12,0.917,0,9,9,5,1,1,8,3,25,29,0,2005-06,Regular Season,1503,Tracy McGrady
22005,1503,0020500234,2005-12-03,HOU vs. MEM,L,38,5,15,0.333,1,4,0.25,1,2,0.5,0,1,1,7,1,1,3,0,12,-17,0,2005-06,Regular Season,1503,Tracy McGrady
22005,1503,0020500253,2005-12-06,HOU vs. BOS,W,39,14,20,0.7,2,5,0.4,5,8,0.625,3,4,7,5,2,2,2,4,35,21,0,2005-06,Regular Season,1503,Tracy McGrady
22005,1503,0020500269,2005-12-08,HOU @ SAC,W,44,11,24,0.458,1,6,0.167,5,7,0.714,0,4,4,4,4,0,2,2,28,11,0,2005-06,Regular Season,1503,Tracy McGrady
22005,1503,0020500294,2005-12-11,HOU @ POR,W,42,14,31,0.452,1,5,0.2,6,10,0.6,2,5,7,4,3,2,2,2,35,16,0,2005-06,Regular Season,1503,Tracy McGrady
22005,1503,0020500318,2005-12-14,HOU @ GSW,W,45,6,18,0.333,1,3,0.333,10,16,0.625,1,7,8,8,0,2,0,1,23,13,0,2005-06,Regular Season,1503,Tracy McGrady
22005,1503,0020500321,2005-12-15,HOU @ SEA,W,48,11,27,0.407,6,9,0.667,6,10,0.6,0,6,6,8,1,0,1,3,34,6,0,2005-06,Regular Season,1503,Tracy McGrady
22005,1503,0020500333,2005-12-17,HOU @ LAC,L,44,12,28,0.429,2,8,0.25,3,3,1.0,0,7,7,7,0,0,4,1,29,0,0,2005-06,Regular Season,1503,Tracy McGrady
22005,1503,0020500346,2005-12-18,HOU @ LAL,W,35,6,16,0.375,1,5,0.2,7,8,0.875,1,7,8,4,1,1,5,5,20,-4,0,2005-06,Regular Season,1503,Tracy McGrady
22005,1503,0020500367,2005-12-21,HOU vs. TOR,L,45,2,11,0.182,0,4,0.0,3,6,0.5,1,7,8,11,1,2,2,1,7,-7,0,2005-06,Regular Season,1503,Tracy McGrady
22005,1503,0020500382,2005-12-23,HOU @ DEN,L,34,4,17,0.235,0,2,0.0,9,9,1.0,3,4,7,4,0,0,1,2,17,-28,0,2005-06,Regular Season,1503,Tracy McGrady
22005,1503,0020500401,2005-12-27,HOU vs. UTA,L,20,6,14,0.429,0,1,0.0,9,11,0.818,1,3,4,5,1,2,3,1,21,4,0,2005-06,Regular Season,1503,Tracy McGrady
22005,1503,0020500409,2005-12-28,HOU @ NOK,L,45,11,25,0.44,4,6,0.667,12,15,0.8,0,8,8,7,2,0,4,1,38,1,0,2005-06,Regular Season,1503,Tracy McGrady
22005,1503,0020500429,2005-12-31,HOU vs. GSW,L,41,10,28,0.357,2,7,0.286,10,15,0.667,0,10,10,2,0,2,0,0,32,-6,0,2005-06,Regular Season,1503,Tracy McGrady
22005,1503,0020500441,2006-01-03,HOU @ WAS,W,36,11,24,0.458,2,3,0.667,14,16,0.875,2,4,6,5,2,3,3,5,38,12,0,2005-06,Regular Season,1503,Tracy McGrady
22005,1503,0020500457,2006-01-05,HOU @ CLE,W,43,14,29,0.483,0,5,0.0,6,10,0.6,1,4,5,5,2,0,4,0,34,14,0,2005-06,Regular Season,1503,Tracy McGrady
22005,1503,0020500459,2006-01-06,HOU @ TOR,L,41,15,31,0.484,1,5,0.2,6,6,1.0,0,4,4,3,0,0,5,2,37,-21,0,2005-06,Regular Season,1503,Tracy McGrady
22005,1503,0020500483,2006-01-08,HOU vs. DEN,L,19,5,14,0.357,0,3,0.0,1,1,1.0,0,2,2,1,1,0,3,0,11,-4,0,2005-06,Regular Season,1503,Tracy McGrady
22005,1503,0020500571,2006-01-20,HOU @ CHI,W,40,13,29,0.448,2,4,0.5,7,8,0.875,1,8,9,6,0,1,5,3,35,5,0,2005-06,Regular Season,1503,Tracy McGrady
22005,1503,0020500588,2006-01-22,HOU @ DET,L,41,17,33,0.515,2,5,0.4,7,8,0.875,0,9,9,5,0,1,4,2,43,1,0,2005-06,Regular Season,1503,Tracy McGrady
22005,1503,0020500594,2006-01-23,HOU @ MIL,W,37,17,32,0.531,3,7,0.429,4,4,1.0,1,7,8,3,1,0,4,3,41,17,0,2005-06,Regular Season,1503,Tracy McGrady
22005,1503,0020500610,2006-01-25,HOU vs. CHA,W,28,10,25,0.4,1,6,0.167,8,14,0.571,5,3,8,6,0,1,1,0,29,14,0,2005-06,Regular Season,1503,Tracy McGrady
22005,1503,0020500629,2006-01-27,HOU vs. MIN,L,44,6,19,0.316,1,5,0.2,6,10,0.6,0,2,2,8,0,0,0,1,19,0,0,2005-06,Regular Season,1503,Tracy McGrady
22005,1503,0020500644,2006-01-29,HOU vs. MIA,L,45,13,37,0.351,4,15,0.267,7,10,0.7,2,10,12,6,3,1,0,3,37,-3,0,2005-06,Regular Season,1503,Tracy McGrady
22005,1503,0020500650,2006-01-30,HOU @ MEM,L,40,10,26,0.385,2,8,0.25,1,3,0.333,3,7,10,6,2,0,2,1,23,3,0,2005-06,Regular Season,1503,Tracy McGrady
22005,1503,0020500670,2006-02-01,HOU vs. MIL,W,38,6,19,0.316,1,4,0.25,9,12,0.75,2,5,7,3,1,1,2,3,22,-13,0,2005-06,Regular Season,1503,Tracy McGrady
22005,1503,0020500681,2006-02-03,HOU vs. SEA,W,36,14,26,0.538,4,7,0.571,4,5,0.8,1,8,9,2,3,1,3,3,36,20,0,2005-06,Regular Season,1503,Tracy McGrady
22005,1503,0020500695,2006-02-05,HOU @ NYK,W,39,9,26,0.346,0,2,0.0,5,7,0.714,1,4,5,6,2,0,2,2,23,8,0,2005-06,Regular Season,1503,Tracy McGrady
22005,1503,0020500698,2006-02-06,HOU @ PHI,W,35,5,19,0.263,0,4,0.0,3,4,0.75,0,5,5,5,2,0,4,1,13,-7,0,2005-06,Regular Season,1503,Tracy McGrady
22005,1503,0020500720,2006-02-08,HOU vs. LAL,L,40,5,18,0.278,1,6,0.167,0,2,0.0,0,4,4,7,2,0,2,3,11,-7,0,2005-06,Regular Season,1503,Tracy McGrady
22005,1503,0020500740,2006-02-11,HOU vs. UTA,W,38,9,22,0.409,2,5,0.4,5,5,1.0,0,6,6,3,3,1,2,3,25,10,0,2005-06,Regular Season,1503,Tracy McGrady
22005,1503,0020500748,2006-02-12,HOU vs. NYK,W,25,3,20,0.15,0,4,0.0,1,2,0.5,0,7,7,6,1,1,4,1,7,0,0,2005-06,Regular Season,1503,Tracy McGrady
22005,1503,0020500763,2006-02-14,HOU @ LAC,W,29,10,21,0.476,0,2,0.0,8,9,0.889,0,1,1,5,0,1,2,4,28,9,0,2005-06,Regular Season,1503,Tracy McGrady
22005,1503,0020500778,2006-02-16,HOU @ PHX,L,26,4,15,0.267,1,2,0.5,1,1,1.0,1,4,5,2,1,0,4,2,10,-33,0,2005-06,Regular Season,1503,Tracy McGrady
22005,1503,0020500797,2006-02-22,HOU vs. LAC,W,39,9,23,0.391,3,8,0.375,5,7,0.714,2,2,4,5,2,2,2,1,26,-6,0,2005-06,Regular Season,1503,Tracy McGrady
22005,1503,0020500823,2006-02-26,HOU @ ORL,W,33,6,16,0.375,1,6,0.167,6,9,0.667,1,8,9,5,3,1,1,5,19,9,0,2005-06,Regular Season,1503,Tracy McGrady
22005,1503,0020500832,2006-02-27,HOU vs. PHX,L,37,6,18,0.333,1,4,0.25,0,0,0.0,0,1,1,6,0,1,0,1,13,-23,0,2005-06,Regular Season,1503,Tracy McGrady
22005,1503,0020500848,2006-03-01,HOU vs. PHI,L,41,9,20,0.45,3,6,0.5,4,5,0.8,0,7,7,4,1,0,3,0,25,-7,0,2005-06,Regular Season,1503,Tracy McGrady
22005,1503,0020500861,2006-03-03,HOU vs. DEN,W,42,8,16,0.5,4,8,0.5,3,6,0.5,1,10,11,4,0,4,3,1,23,5,0,2005-06,Regular Season,1503,Tracy McGrady
22005,1503,0020500880,2006-03-05,HOU vs. POR,W,31,7,18,0.389,2,5,0.4,2,2,1.0,1,3,4,3,3,1,2,3,18,20,0,2005-06,Regular Season,1503,Tracy McGrady
22005,1503,0020500904,2006-03-08,HOU vs. IND,W,21,6,12,0.5,1,1,1.0,2,2,1.0,0,1,1,1,1,1,0,1,15,4,0,2005-06,Regular Season,1503,Tracy McGrady
22005,1713,0020500008,2005-11-02,NJN vs. MIL,L,36,7,19,0.368,1,2,0.5,10,12,0.833,4,3,7,2,0,2,1,5,25,-6,0,2005-06,Regular Season,1713,Vince Carter
22005,1713,0020500020,2005-11-04,NJN @ TOR,W,40,9,17,0.529,2,7,0.286,0,0,0.0,1,6,7,6,1,1,6,4,20,16,0,2005-06,Regular Season,1713,Vince Carter
22005,1713,0020500032,2005-11-05,NJN vs. CHI,W,43,9,27,0.333,0,6,0.0,10,11,0.909,8,4,12,3,2,1,4,4,28,15,0,2005-06,Regular Season,1713,Vince Carter
22005,1713,0020500048,2005-11-07,NJN @ MIA,L,42,14,21,0.667,2,3,0.667,2,2,1.0,2,3,5,2,1,1,3,2,32,7,0,2005-06,Regular Season,1713,Vince Carter
22005,1713,0020500060,2005-11-09,NJN vs. UTA,W,37,8,19,0.421,1,3,0.333,4,4,1.0,0,4,4,3,1,2,0,2,21,10,0,2005-06,Regular Season,1713,Vince Carter
22005,1713,0020500073,2005-11-11,NJN @ IND,L,32,8,13,0.615,2,2,1.0,0,0,0.0,1,3,4,4,3,0,1,4,18,-25,0,2005-06,Regular Season,1713,Vince Carter
22005,1713,0020500084,2005-11-12,NJN vs. HOU,L,30,6,19,0.316,1,6,0.167,3,4,0.75,1,3,4,5,1,0,4,4,16,-5,0,2005-06,Regular Season,1713,Vince Carter
22005,1713,0020500101,2005-11-15,NJN vs. SEA,W,37,4,10,0.4,0,1,0.0,11,12,0.917,1,3,4,3,2,1,3,2,19,22,0,2005-06,Regular Season,1713,Vince Carter
22005,1713,0020500134,2005-11-19,NJN vs. WAS,W,40,8,19,0.421,0,2,0.0,3,6,0.5,2,4,6,5,2,1,2,3,19,8,0,2005-06,Regular Season,1713,Vince Carter
22005,1713,0020500149,2005-11-21,NJN @ GSW,L,20,4,6,0.667,1,1,1.0,0,0,0.0,1,0,1,1,0,0,3,1,9,-7,0,2005-06,Regular Season,1713,Vince Carter
22005,1713,0020500180,2005-11-25,NJN @ PHX,L,42,9,23,0.391,3,7,0.429,2,3,0.667,3,3,6,3,1,1,3,5,23,-6,0,2005-06,Regular Season,1713,Vince Carter
22005,1713,0020500192,2005-11-27,NJN @ LAL,W,39,3,12,0.25,0,1,0.0,4,5,0.8,0,5,5,2,0,0,0,5,10,14,0,2005-06,Regular Season,1713,Vince Carter
22005,1713,0020500196,2005-11-28,NJN @ DEN,W,29,6,13,0.462,3,5,0.6,10,11,0.909,1,5,6,2,1,1,1,5,25,2,0,2005-06,Regular Season,1713,Vince Carter
22005,1713,0020500211,2005-11-30,NJN vs. DET,L,38,13,29,0.448,0,2,0.0,1,2,0.5,2,2,4,3,0,0,4,4,27,-12,0,2005-06,Regular Season,1713,Vince Carter
22005,1713,0020500231,2005-12-03,NJN vs. TOR,L,27,4,11,0.364,2,6,0.333,5,7,0.714,0,1,1,3,1,1,3,5,15,3,0,2005-06,Regular Season,1713,Vince Carter
22005,1713,0020500261,2005-12-07,NJN @ CHA,W,38,10,21,0.476,1,4,0.25,2,3,0.667,5,2,7,5,2,1,1,2,23,21,0,2005-06,Regular Season,1713,Vince Carter
22005,1713,0020500272,2005-12-09,NJN @ CLE,W,44,15,21,0.714,3,4,0.75,5,8,0.625,1,10,11,6,4,2,4,1,38,15,0,2005-06,Regular Season,1713,Vince Carter
22005,1713,0020500283,2005-12-10,NJN vs. PHI,L,40,9,22,0.409,1,4,0.25,7,8,0.875,1,5,6,5,0,0,4,4,26,-9,0,2005-06,Regular Season,1713,Vince Carter
22005,1713,0020500300,2005-12-13,NJN @ WAS,L,33,5,15,0.333,1,5,0.2,3,4,0.75,2,2,4,5,1,0,3,1,14,-9,0,2005-06,Regular Season,1713,Vince Carter
22005,1713,0020500310,2005-12-14,NJN vs. CHA,L,35,8,15,0.533,2,3,0.667,4,4,1.0,2,9,11,2,0,1,2,6,22,-9,0,2005-06,Regular Season,1713,Vince Carter
22005,1713,0020500327,2005-12-16,NJN vs. DEN,W,45,10,25,0.4,5,10,0.5,9,10,0.9,4,8,12,8,1,0,4,1,34,14,0,2005-06,Regular Season,1713,Vince Carter
22005,1713,0020500343,2005-12-18,NJN vs. GSW,W,27,10,15,0.667,4,5,0.8,1,1,1.0,0,3,3,1,2,1,1,4,25,20,0,2005-06,Regular Season,1713,Vince Carter
22005,1713,0020500353,2005-12-20,NJN vs. LAC,W,39,11,22,0.5,1,4,0.25,12,14,0.857,1,6,7,9,1,1,2,2,35,24,0,2005-06,Regular Season,1713,Vince Carter
22005,1713,0020500361,2005-12-21,NJN @ ORL,W,36,9,21,0.429,0,1,0.0,14,14,1.0,3,4,7,5,1,1,2,4,32,10,0,2005-06,Regular Season,1713,Vince Carter
22005,1713,0020500375,2005-12-23,NJN @ MIA,W,44,13,25,0.52,2,5,0.4,23,24,0.958,2,6,8,4,0,0,2,3,51,16,0,2005-06,Regular Season,1713,Vince Carter
22005,1713,0020500390,2005-12-26,NJN @ NYK,W,42,6,19,0.316,0,4,0.0,15,17,0.882,0,3,3,8,3,1,5,3,27,12,0,2005-06,Regular Season,1713,Vince Carter
22005,1713,0020500398,2005-12-27,NJN vs. CLE,W,30,5,19,0.263,0,4,0.0,11,15,0.733,4,5,9,4,0,0,2,5,21,-2,0,2005-06,Regular Season,1713,Vince Carter
22005,1713,0020500420,2005-12-30,NJN vs. ATL,W,41,13,22,0.591,5,7,0.714,6,6,1.0,2,2,4,4,2,0,1,3,37,3,0,2005-06,Regular Season,1713,Vince Carter
22005,1713,0020500461,2006-01-06,NJN vs. ORL,W,39,8,18,0.444,1,4,0.25,14,15,0.933,1,1,2,5,0,2,0,1,31,9,0,2005-06,Regular Season,1713,Vince Carter
22005,1713,0020500481,2006-01-08,NJN @ TOR,W,45,18,35,0.514,3,5,0.6,3,5,0.6,4,6,10,3,2,0,3,4,42,3,0,2005-06,Regular Season,1713,Vince Carter
22005,1713,0020500497,2006-01-10,NJN @ SAS,L,42,11,29,0.379,3,3,1.0,9,11,0.818,4,2,6,5,0,1,4,5,34,0,0,2005-06,Regular Season,1713,Vince Carter
22005,1713,0020500517,2006-01-13,NJN @ MEM,L,32,5,18,0.278,0,3,0.0,4,5,0.8,0,3,3,4,0,0,2,3,14,-18,0,2005-06,Regular Season,1713,Vince Carter
22005,1713,0020500527,2006-01-14,NJN @ DAL,L,28,6,17,0.353,0,2,0.0,5,8,0.625,2,2,4,2,1,0,3,1,17,-27,0,2005-06,Regular Season,1713,Vince Carter
22005,1713,0020500541,2006-01-16,NJN vs. IND,W,39,8,16,0.5,1,2,0.5,7,8,0.875,1,4,5,6,1,0,2,5,24,13,0,2005-06,Regular Season,1713,Vince Carter
22005,1713,0020500550,2006-01-18,NJN @ PHI,W,42,12,22,0.545,2,7,0.286,5,9,0.556,4,4,8,10,1,0,1,1,31,12,0,2005-06,Regular Season,1713,Vince Carter
22005,1713,0020500567,2006-01-20,NJN @ BOS,L,39,6,19,0.316,1,6,0.167,7,8,0.875,2,4,6,6,1,1,1,2,20,-2,0,2005-06,Regular Season,1713,Vince Carter
22005,1713,0020500579,2006-01-21,NJN vs. BOS,W,29,8,13,0.615,1,3,0.333,8,10,0.8,2,6,8,4,1,1,2,1,25,20,0,2005-06,Regular Season,1713,Vince Carter
22005,1713,0020500596,2006-01-23,NJN @ UTA,L,28,2,14,0.143,0,5,0.0,1,2,0.5,0,6,6,3,1,0,4,4,5,-11,0,2005-06,Regular Season,1713,Vince Carter
22005,1713,0020500614,2006-01-25,NJN @ LAC,L,27,1,9,0.111,0,0,0.0,1,2,0.5,0,4,4,5,0,0,5,1,3,-16,0,2005-06,Regular Season,1713,Vince Carter
22005,1713,0020500638,2006-01-28,NJN @ SEA,L,42,11,19,0.579,0,1,0.0,7,10,0.7,3,3,6,5,1,1,3,5,29,-4,0,2005-06,Regular Season,1713,Vince Carter
22005,1713,0020500657,2006-01-31,NJN vs. DET,W,39,7,20,0.35,1,4,0.25,2,2,1.0,1,7,8,4,3,1,8,4,17,13,0,2005-06,Regular Season,1713,Vince Carter
22005,1713,0020500663,2006-02-01,NJN @ CLE,L,42,9,19,0.474,1,5,0.2,10,12,0.833,1,3,4,5,3,1,1,4,29,-7,0,2005-06,Regular Season,1713,Vince Carter
22005,1713,0020500684,2006-02-04,NJN vs. MIA,W,40,11,24,0.458,0,4,0.0,6,7,0.857,1,12,13,10,0,0,6,4,28,22,0,2005-06,Regular Season,1713,Vince Carter
22005,1713,0020500700,2006-02-06,NJN vs. NOK,W,39,7,16,0.438,2,4,0.5,5,6,0.833,0,6,6,5,3,0,0,3,21,22,0,2005-06,Regular Season,1713,Vince Carter
22005,1713,0020500714,2006-02-08,NJN vs. NYK,W,33,8,14,0.571,3,4,0.75,3,7,0.429,1,2,3,7,1,1,1,4,22,17,0,2005-06,Regular Season,1713,Vince Carter
22005,1713,0020500728,2006-02-10,NJN vs. SAS,L,43,10,27,0.37,0,4,0.0,1,1,1.0,1,5,6,6,2,0,2,2,21,-11,0,2005-06,Regular Season,1713,Vince Carter
22005,1713,0020500747,2006-02-12,NJN vs. MIL,W,37,8,15,0.533,1,3,0.333,7,8,0.875,1,0,1,5,1,0,8,3,24,6,0,2005-06,Regular Season,1713,Vince Carter
22005,1713,0020500760,2006-02-14,NJN @ DET,L,27,5,13,0.385,0,2,0.0,3,3,1.0,0,4,4,3,0,0,5,2,13,-15,0,2005-06,Regular Season,1713,Vince Carter
22005,1713,0020500769,2006-02-15,NJN @ CHA,W,40,7,20,0.35,2,6,0.333,3,4,0.75,4,3,7,7,2,0,5,4,19,6,0,2005-06,Regular Season,1713,Vince Carter
22005,1713,0020500783,2006-02-21,NJN @ MIL,W,42,14,25,0.56,3,5,0.6,14,21,0.667,4,5,9,0,2,0,5,2,45,6,0,2005-06,Regular Season,1713,Vince Carter
22005,1713,0020500793,2006-02-22,NJN vs. ORL,W,39,6,22,0.273,1,4,0.25,9,11,0.818,1,8,9,1,3,0,3,3,22,9,0,2005-06,Regular Season,1713,Vince Carter
22005,1713,0020500806,2006-02-24,NJN @ NYK,W,40,8,20,0.4,4,6,0.667,6,8,0.75,0,6,6,5,0,1,1,5,26,6,0,2005-06,Regular Season,1713,Vince Carter
22005,1713,0020500825,2006-02-26,NJN vs. IND,L,9,2,5,0.4,0,1,0.0,0,0,0.0,0,2,2,0,1,0,0,0,4,-1,0,2005-06,Regular Season,1713,Vince Carter
22005,1713,0020500828,2006-02-27,NJN @ ATL,L,43,9,24,0.375,3,10,0.3,1,1,1.0,2,3,5,3,1,0,1,1,22,8,0,2005-06,Regular Season,1713,Vince Carter
22005,1713,0020500847,2006-03-01,NJN @ MIN,L,43,11,24,0.458,2,4,0.5,5,7,0.714,0,3,3,4,3,0,2,4,29,-8,0,2005-06,Regular Season,1713,Vince Carter
22005,1713,0020500867,2006-03-04,NJN vs. TOR,W,49,12,26,0.462,0,3,0.0,7,13,0.538,4,3,7,4,1,0,3,4,31,1,0,2005-06,Regular Season,1713,Vince Carter
22005,1713,0020500883,2006-03-06,NJN vs. SAC,L,36,8,22,0.364,1,3,0.333,4,6,0.667,1,2,3,4,1,1,4,3,21,-29,0,2005-06,Regular Season,1713,Vince Carter
22005,1713,0020500894,2006-03-07,NJN @ CHI,L,39,8,25,0.32,1,5,0.2,8,10,0.8,4,5,9,1,0,1,1,3,25,-20,0,2005-06,Regular Season,1713,Vince Carter
22005,1713,0020500933,2006-03-12,NJN @ NOK,W,36,8,14,0.571,1,3,0.333,10,10,1.0,2,3,5,5,2,0,4,4,27,15,0,2005-06,Regular Season,1713,Vince Carter
22005,1713,0020500939,2006-03-13,NJN @ HOU,W,41,10,20,0.5,4,8,0.5,5,7,0.714,0,6,6,7,2,2,3,1,29,11,0,2005-06,Regular Season,1713,Vince Carter
22005,1713,0020500954,2006-03-15,NJN vs. POR,W,35,7,19,0.368,4,9,0.444,8,10,0.8,1,4,5,4,1,2,2,0,26,17,0,2005-06,Regular Season,1713,Vince Carter
22005,1713,0020500968,2006-03-17,NJN vs. LAL,W,41,9,22,0.409,0,5,0.0,6,6,1.0,1,4,5,1,2,0,4,3,24,5,0,2005-06,Regular Season,1713,Vince Carter
22005,1713,0020500979,2006-03-19,NJN vs. DAL,W,38,7,22,0.318,2,5,0.4,7,7,1.0,2,4,6,3,2,0,1,1,23,15,0,2005-06,Regular Season,1713,Vince Carter
22005,1713,0020500992,2006-03-21,NJN @ WAS,W,38,9,21,0.429,2,5,0.4,8,10,0.8,1,5,6,5,0,1,2,3,28,7,0,2005-06,Regular Season,1713,Vince Carter
22005,1713,0020501011,2006-03-23,NJN vs. MIN,W,40,7,18,0.389,2,6,0.333,5,8,0.625,3,4,7,7,1,3,6,4,21,9,0,2005-06,Regular Season,1713,Vince Carter
22005,1713,0020501035,2006-03-26,NJN @ DET,W,43,7,21,0.333,1,3,0.333,7,10,0.7,2,5,7,6,1,2,2,4,22,2,0,2005-06,Regular Season,1713,Vince Carter
22005,1713,0020501043,2006-03-27,NJN vs. PHX,W,29,7,16,0.438,4,11,0.364,2,5,0.4,0,8,8,5,1,2,1,0,20,30,0,2005-06,Regular Season,1713,Vince Carter
22005,1713,0020501058,2006-03-29,NJN vs. MEM,W,39,9,19,0.474,1,5,0.2,4,5,0.8,1,5,6,4,1,0,0,0,23,15,0,2005-06,Regular Season,1713,Vince Carter
22005,1713,0020501068,2006-03-31,NJN @ ATL,W,38,8,23,0.348,0,4,0.0,10,10,1.0,5,4,9,1,1,0,3,4,26,0,0,2005-06,Regular Season,1713,Vince Carter
22005,1713,0020501091,2006-04-02,NJN vs. MIA,W,41,16,27,0.593,6,9,0.667,5,6,0.833,0,3,3,6,2,1,1,0,43,22,0,2005-06,Regular Season,1713,Vince Carter
22005,1713,0020501098,2006-04-04,NJN vs. ATL,W,38,7,21,0.333,2,7,0.286,11,12,0.917,3,6,9,1,2,1,2,4,27,10,0,2005-06,Regular Season,1713,Vince Carter
22005,1713,0020501118,2006-04-06,NJN vs. CHA,W,33,8,15,0.533,1,5,0.2,3,5,0.6,3,3,6,6,0,2,4,3,20,21,0,2005-06,Regular Season,1713,Vince Carter
22005,1713,0020501133,2006-04-08,NJN vs. CLE,L,35,11,24,0.458,3,8,0.375,8,10,0.8,0,5,5,2,2,1,3,5,33,-12,0,2005-06,Regular Season,1713,Vince Carter
22005,1713,0020501142,2006-04-09,NJN @ MIL,W,39,10,23,0.435,2,4,0.5,3,6,0.5,4,6,10,1,0,1,5,4,25,15,0,2005-06,Regular Season,1713,Vince Carter
22005,1713,0020501158,2006-04-11,NJN @ CHI,L,35,12,27,0.444,6,12,0.5,13,17,0.765,2,4,6,3,1,0,5,5,43,-5,0,2005-06,Regular Season,1713,Vince Carter
22005,1713,0020501165,2006-04-12,NJN vs. PHI,L,31,7,15,0.467,2,5,0.4,5,7,0.714,1,2,3,6,0,0,1,2,21,-9,0,2005-06,Regular Season,1713,Vince Carter
22005,1713,0020501179,2006-04-14,NJN @ BOS,W,39,4,16,0.25,0,5,0.0,7,8,0.875,0,2,2,6,1,1,3,4,15,5,0,2005-06,Regular Season,1713,Vince Carter
22005,1713,0020501199,2006-04-16,NJN vs. BOS,W,34,3,11,0.273,1,7,0.143,6,9,0.667,1,2,3,9,1,2,2,1,13,1,0,2005-06,Regular Season,1713,Vince Carter
22005,1713,0020501212,2006-04-18,NJN @ PHI,L,19,5,14,0.357,1,9,0.111,5,6,0.833,0,4,4,5,2,0,2,1,16,10,0,2005-06,Regular Season,1713,Vince Carter
42005,1713,0040500121,2006-04-23,NJN vs. IND,L,42,12,33,0.364,1,8,0.125,6,8,0.75,4,9,13,6,2,1,0,2,31,-4,0,2005-06,Playoffs,1713,Vince Carter
42005,1713,0040500122,2006-04-25,NJN vs. IND,W,40,12,20,0.6,1,6,0.167,8,9,0.889,0,5,5,5,1,1,5,3,33,22,0,2005-06,Playoffs,1713,Vince Carter
42005,1713,0040500123,2006-04-27,NJN @ IND,L,41,8,21,0.381,2,6,0.333,7,9,0.778,2,3,5,2,2,0,0,3,25,-21,0,2005-06,Playoffs,1713,Vince Carter
42005,1713,0040500124,2006-04-29,NJN @ IND,W,38,9,15,0.6,1,2,0.5,9,12,0.75,2,4,6,7,6,1,0,5,28,20,0,2005-06,Playoffs,1713,Vince Carter
42005,1713,0040500125,2006-05-02,NJN vs. IND,W,42,13,24,0.542,1,4,0.25,7,7,1.0,1,14,15,7,2,1,4,5,34,11,0,2005-06,Playoffs,1713,Vince Carter
42005,1713,0040500126,2006-05-04,NJN @ IND,W,39,6,18,0.333,3,7,0.429,9,10,0.9,0,5,5,7,2,0,3,1,24,10,0,2005-06,Playoffs,1713,Vince Carter
42005,1713,0040500211,2006-05-08,NJN @ MIA,W,39,6,15,0.4,0,3,0.0,15,19,0.789,1,7,8,6,3,1,4,3,27,24,0,2005-06,Playoffs,1713,Vince Carter
42005,1713,0040500212,2006-05-10,NJN @ MIA,L,34,5,11,0.455,1,2,0.5,11,12,0.917,2,3,5,5,1,1,2,2,22,-25,0,2005-06,Playoffs,1713,Vince Carter
42005,1713,0040500213,2006-05-12,NJN vs. MIA,L,41,17,34,0.5,3,6,0.5,6,9,0.667,2,4,6,3,0,0,3,4,43,-23,0,2005-06,Playoffs,1713,Vince Carter
42005,1713,0040500214,2006-05-14,NJN vs. MIA,L,46,12,28,0.429,0,7,0.0,2,4,0.5,1,1,2,5,0,0,3,2,26,-11,0,2005-06,Playoffs,1713,Vince Carter
42005,1713,0040500215,2006-05-16,NJN @ MIA,L,46,13,25,0.52,1,7,0.143,6,9,0.667,1,6,7,5,1,0,2,4,33,5,0,2005-06,Playoffs,1713,Vince Carter
22005,951,0020500015,2005-11-02,SEA vs. LAC,L,41,11,21,0.524,5,10,0.5,4,5,0.8,0,3,3,1,2,0,2,2,31,-3,0,2005-06,Regular Season,951,Ray Allen
22005,951,0020500030,2005-11-04,SEA vs. MIN,W,48,10,28,0.357,3,13,0.231,9,10,0.9,3,5,8,4,3,0,4,1,32,11,0,2005-06,Regular Season,951,Ray Allen
22005,951,0020500053,2005-11-08,SEA @ MEM,L,33,6,15,0.4,1,6,0.167,2,2,1.0,1,2,3,5,3,0,2,2,15,1,0,2005-06,Regular Season,951,Ray Allen
22005,951,0020500058,2005-11-09,SEA @ CLE,L,36,10,16,0.625,6,8,0.75,2,4,0.5,0,1,1,7,1,0,3,0,28,-14,0,2005-06,Regular Season,951,Ray Allen
22005,951,0020500072,2005-11-11,SEA @ WAS,L,34,4,14,0.286,1,9,0.111,8,8,1.0,0,2,2,2,2,0,3,1,17,-21,0,2005-06,Regular Season,951,Ray Allen
22005,951,0020500089,2005-11-13,SEA @ TOR,W,39,7,19,0.368,0,6,0.0,5,5,1.0,0,4,4,4,2,0,6,6,19,2,0,2005-06,Regular Season,951,Ray Allen
22005,951,0020500101,2005-11-15,SEA @ NJN,L,41,4,18,0.222,1,8,0.125,10,11,0.909,0,6,6,4,1,0,2,3,19,-8,0,2005-06,Regular Season,951,Ray Allen
22005,951,0020500110,2005-11-16,SEA @ BOS,W,42,12,17,0.706,4,6,0.667,4,5,0.8,1,6,7,3,2,0,1,0,32,11,0,2005-06,Regular Season,951,Ray Allen
22005,951,0020500131,2005-11-18,SEA vs. CHI,W,42,9,19,0.474,4,8,0.5,5,5,1.0,0,8,8,5,2,0,2,2,27,16,0,2005-06,Regular Season,951,Ray Allen
22005,951,0020500144,2005-11-20,SEA vs. SAC,W,42,9,20,0.45,5,13,0.385,5,7,0.714,1,3,4,7,1,0,3,3,28,6,0,2005-06,Regular Season,951,Ray Allen
22005,951,0020500155,2005-11-22,SEA vs. UTA,L,42,8,20,0.4,2,10,0.2,5,5,1.0,1,0,1,1,3,0,0,2,23,-5,0,2005-06,Regular Season,951,Ray Allen
22005,951,0020500168,2005-11-24,SEA @ LAL,L,40,6,15,0.4,3,7,0.429,4,4,1.0,1,5,6,4,0,0,2,1,19,-10,0,2005-06,Regular Season,951,Ray Allen
22005,951,0020500181,2005-11-26,SEA vs. NOK,L,24,7,15,0.467,1,6,0.167,0,0,0.0,0,2,2,1,0,0,1,6,15,0,0,2005-06,Regular Season,951,Ray Allen
22005,951,0020500215,2005-11-30,SEA vs. CHA,W,41,11,23,0.478,4,9,0.444,6,7,0.857,0,2,2,4,2,0,2,1,32,6,0,2005-06,Regular Season,951,Ray Allen
22005,951,0020500230,2005-12-02,SEA vs. CLE,W,45,8,22,0.364,4,10,0.4,1,2,0.5,3,3,6,5,4,1,2,1,21,17,0,2005-06,Regular Season,951,Ray Allen
22005,951,0020500243,2005-12-04,SEA vs. IND,W,41,10,26,0.385,3,9,0.333,2,2,1.0,2,4,6,2,3,0,3,1,25,-2,0,2005-06,Regular Season,951,Ray Allen
22005,951,0020500257,2005-12-06,SEA vs. NYK,L,41,9,28,0.321,3,12,0.25,4,4,1.0,1,2,3,3,2,1,4,3,25,2,0,2005-06,Regular Season,951,Ray Allen
22005,951,0020500276,2005-12-09,SEA @ UTA,W,39,6,22,0.273,2,11,0.182,5,6,0.833,1,4,5,6,0,1,1,1,19,22,0,2005-06,Regular Season,951,Ray Allen
22005,951,0020500289,2005-12-10,SEA vs. SAC,L,36,10,21,0.476,2,10,0.2,2,2,1.0,1,0,1,5,1,0,2,1,24,-12,0,2005-06,Regular Season,951,Ray Allen
22005,951,0020500306,2005-12-13,SEA vs. GSW,L,47,11,24,0.458,7,10,0.7,6,6,1.0,2,5,7,6,0,0,2,2,35,-2,0,2005-06,Regular Season,951,Ray Allen
22005,951,0020500321,2005-12-15,SEA vs. HOU,L,43,10,27,0.37,4,9,0.444,6,7,0.857,5,3,8,4,1,1,0,1,30,-4,0,2005-06,Regular Season,951,Ray Allen
22005,951,0020500331,2005-12-16,SEA @ POR,W,42,9,19,0.474,5,7,0.714,1,1,1.0,0,2,2,4,2,1,7,3,24,7,0,2005-06,Regular Season,951,Ray Allen
22005,951,0020500351,2005-12-19,SEA vs. WAS,W,42,10,18,0.556,2,6,0.333,2,2,1.0,2,4,6,6,3,0,3,3,24,12,0,2005-06,Regular Season,951,Ray Allen
22005,951,0020500358,2005-12-20,SEA @ PHX,L,39,8,19,0.421,4,10,0.4,6,7,0.857,1,3,4,0,0,0,1,1,26,-18,0,2005-06,Regular Season,951,Ray Allen
22005,951,0020500384,2005-12-23,SEA vs. DAL,L,36,8,21,0.381,1,7,0.143,2,2,1.0,1,2,3,3,1,1,2,3,19,-7,0,2005-06,Regular Season,951,Ray Allen
22005,951,0020500395,2005-12-26,SEA vs. BOS,W,41,3,13,0.231,0,7,0.0,12,13,0.923,1,6,7,6,2,0,1,4,18,14,0,2005-06,Regular Season,951,Ray Allen
22005,951,0020500410,2005-12-28,SEA @ MIN,L,42,10,20,0.5,4,6,0.667,0,1,0.0,2,1,3,2,2,0,3,1,24,-15,0,2005-06,Regular Season,951,Ray Allen
22005,951,0020500416,2005-12-29,SEA @ DEN,W,44,13,25,0.52,8,14,0.571,5,6,0.833,1,4,5,3,1,0,4,1,39,11,0,2005-06,Regular Season,951,Ray Allen
22005,951,0020500432,2005-12-31,SEA vs. MEM,L,41,11,18,0.611,4,9,0.444,2,2,1.0,2,2,4,3,1,0,0,1,28,1,0,2005-06,Regular Season,951,Ray Allen
22005,951,0020500437,2006-01-02,SEA @ IND,L,37,9,21,0.429,3,9,0.333,3,3,1.0,0,4,4,2,1,0,2,3,24,-21,0,2005-06,Regular Season,951,Ray Allen
22005,951,0020500453,2006-01-04,SEA @ CHI,W,28,6,13,0.462,4,6,0.667,4,4,1.0,0,2,2,1,0,0,1,4,20,1,0,2005-06,Regular Season,951,Ray Allen
22005,951,0020500463,2006-01-06,SEA @ DET,L,38,7,18,0.389,4,7,0.571,4,4,1.0,1,2,3,4,1,0,1,1,22,-4,0,2005-06,Regular Season,951,Ray Allen
22005,951,0020500482,2006-01-08,SEA @ NYK,L,45,13,29,0.448,4,13,0.308,3,3,1.0,4,2,6,4,3,0,0,2,33,-3,0,2005-06,Regular Season,951,Ray Allen
22005,951,0020500486,2006-01-09,SEA @ PHI,L,41,8,17,0.471,5,11,0.455,6,6,1.0,0,5,5,2,2,0,2,2,27,-8,0,2005-06,Regular Season,951,Ray Allen
22005,951,0020500508,2006-01-11,SEA vs. ORL,W,8,0,1,0.0,0,1,0.0,1,1,1.0,0,1,1,4,0,0,1,0,1,8,0,2005-06,Regular Season,951,Ray Allen
22005,951,0020500576,2006-01-20,SEA vs. TOR,L,44,8,20,0.4,4,10,0.4,4,4,1.0,0,5,5,2,2,0,1,2,24,-6,0,2005-06,Regular Season,951,Ray Allen
22005,951,0020500589,2006-01-22,SEA @ PHX,W,51,14,28,0.5,8,16,0.5,6,7,0.857,2,4,6,3,2,1,3,1,42,-8,0,2005-06,Regular Season,951,Ray Allen
22005,951,0020500612,2006-01-25,SEA @ UTA,W,32,8,18,0.444,5,6,0.833,1,2,0.5,0,2,2,6,2,0,1,2,22,8,0,2005-06,Regular Season,951,Ray Allen
22005,951,0020500618,2006-01-26,SEA vs. DAL,L,41,9,21,0.429,2,11,0.182,5,5,1.0,0,6,6,3,2,0,0,4,25,-6,0,2005-06,Regular Season,951,Ray Allen
22005,951,0020500638,2006-01-28,SEA vs. NJN,W,33,13,20,0.65,4,8,0.5,5,5,1.0,0,4,4,1,1,0,0,3,35,9,0,2005-06,Regular Season,951,Ray Allen
22005,951,0020500654,2006-01-30,SEA vs. POR,L,40,10,18,0.556,4,7,0.571,2,2,1.0,1,1,2,3,3,0,6,3,26,-14,0,2005-06,Regular Season,951,Ray Allen
22005,951,0020500673,2006-02-01,SEA vs. GSW,W,42,12,20,0.6,4,10,0.4,4,5,0.8,1,3,4,3,1,0,3,1,32,4,0,2005-06,Regular Season,951,Ray Allen
22005,951,0020500681,2006-02-03,SEA @ HOU,L,34,10,22,0.455,2,9,0.222,1,2,0.5,0,4,4,3,1,1,6,0,23,-20,0,2005-06,Regular Season,951,Ray Allen
22005,951,0020500691,2006-02-04,SEA @ DAL,L,41,6,18,0.333,2,6,0.333,3,3,1.0,0,4,4,1,3,0,4,3,17,-20,0,2005-06,Regular Season,951,Ray Allen
22005,951,0020500701,2006-02-06,SEA @ CHA,L,41,12,22,0.545,3,8,0.375,4,4,1.0,1,5,6,1,1,0,3,3,31,-8,0,2005-06,Regular Season,951,Ray Allen
22005,951,0020500718,2006-02-08,SEA @ NOK,L,38,6,21,0.286,3,9,0.333,3,3,1.0,0,5,5,6,0,0,3,1,18,-10,0,2005-06,Regular Season,951,Ray Allen
22005,951,0020500736,2006-02-10,SEA vs. ATL,W,41,7,22,0.318,4,10,0.4,4,4,1.0,4,2,6,4,1,2,0,1,22,19,0,2005-06,Regular Season,951,Ray Allen
22005,951,0020500750,2006-02-12,SEA vs. DEN,L,44,10,20,0.5,8,12,0.667,6,6,1.0,2,2,4,3,0,1,5,2,34,-2,0,2005-06,Regular Season,951,Ray Allen
22005,951,0020500761,2006-02-14,SEA @ MIL,L,38,8,14,0.571,3,5,0.6,0,0,0.0,0,1,1,1,2,1,3,1,19,-10,0,2005-06,Regular Season,951,Ray Allen
22005,951,0020500772,2006-02-15,SEA @ MIN,L,38,10,19,0.526,3,7,0.429,0,0,0.0,1,1,2,0,1,0,3,2,23,-8,0,2005-06,Regular Season,951,Ray Allen
22005,951,0020500786,2006-02-21,SEA @ SAS,L,34,6,14,0.429,2,3,0.667,6,6,1.0,4,1,5,1,0,0,3,1,20,-16,0,2005-06,Regular Season,951,Ray Allen
22005,951,0020500792,2006-02-22,SEA @ ATL,W,44,11,20,0.55,5,8,0.625,6,6,1.0,1,3,4,7,1,0,1,1,33,11,0,2005-06,Regular Season,951,Ray Allen
22005,951,0020500818,2006-02-25,SEA @ MIA,L,36,6,20,0.3,2,7,0.286,7,8,0.875,2,3,5,3,2,1,3,1,21,-19,0,2005-06,Regular Season,951,Ray Allen
22005,951,0020500840,2006-02-28,SEA vs. NOK,W,43,9,14,0.643,5,7,0.714,10,11,0.909,0,5,5,2,0,0,3,2,33,18,0,2005-06,Regular Season,951,Ray Allen
22005,951,0020500866,2006-03-03,SEA vs. DET,L,44,13,26,0.5,3,10,0.3,2,2,1.0,2,7,9,3,0,0,0,0,31,2,0,2005-06,Regular Season,951,Ray Allen
22005,951,0020500882,2006-03-05,SEA vs. UTA,W,29,8,12,0.667,3,6,0.5,1,1,1.0,0,3,3,8,1,0,1,3,20,27,0,2005-06,Regular Season,951,Ray Allen
22005,951,0020500906,2006-03-08,SEA vs. MEM,L,38,5,10,0.5,2,3,0.667,6,7,0.857,0,0,0,3,3,0,2,0,18,-14,0,2005-06,Regular Season,951,Ray Allen
22005,951,0020500918,2006-03-10,SEA vs. MIN,W,46,13,26,0.5,4,9,0.444,8,9,0.889,0,2,2,5,2,1,2,0,38,17,0,2005-06,Regular Season,951,Ray Allen
22005,951,0020500930,2006-03-12,SEA @ LAL,W,40,8,17,0.471,2,6,0.333,1,1,1.0,1,9,10,5,2,0,4,2,19,7,0,2005-06,Regular Season,951,Ray Allen
22005,951,0020500949,2006-03-14,SEA vs. PHX,L,43,11,21,0.524,5,9,0.556,6,7,0.857,0,2,2,3,0,0,4,4,33,-2,0,2005-06,Regular Season,951,Ray Allen
22005,951,0020500962,2006-03-16,SEA vs. PHI,W,43,8,14,0.571,4,7,0.571,6,8,0.75,0,4,4,7,0,0,1,2,26,3,0,2005-06,Regular Season,951,Ray Allen
22005,951,0020501001,2006-03-21,SEA @ SAC,L,42,8,19,0.421,3,10,0.3,4,4,1.0,0,7,7,5,1,2,4,2,23,-12,0,2005-06,Regular Season,951,Ray Allen
22005,951,0020501009,2006-03-22,SEA vs. MIL,W,34,4,14,0.286,0,4,0.0,7,10,0.7,0,1,1,3,3,0,2,5,15,0,0,2005-06,Regular Season,951,Ray Allen
22005,951,0020501024,2006-03-24,SEA @ DEN,L,34,6,19,0.316,1,8,0.125,1,1,1.0,4,1,5,4,0,0,1,2,14,-10,0,2005-06,Regular Season,951,Ray Allen
22005,951,0020501039,2006-03-26,SEA vs. SAS,W,41,13,23,0.565,5,6,0.833,2,2,1.0,0,2,2,5,0,0,5,2,33,-1,0,2005-06,Regular Season,951,Ray Allen
22005,951,0020501050,2006-03-28,SEA @ MEM,W,39,8,17,0.471,3,8,0.375,1,1,1.0,1,4,5,5,0,0,2,1,20,2,0,2005-06,Regular Season,951,Ray Allen
22005,951,0020501061,2006-03-29,SEA @ HOU,L,24,1,13,0.077,1,6,0.167,7,7,1.0,0,4,4,2,1,0,2,0,10,-30,0,2005-06,Regular Season,951,Ray Allen
22005,951,0020501078,2006-03-31,SEA vs. LAL,L,43,10,27,0.37,5,13,0.385,4,4,1.0,4,4,8,4,1,0,5,4,29,-12,0,2005-06,Regular Season,951,Ray Allen
22005,951,0020501094,2006-04-02,SEA vs. POR,W,28,7,13,0.538,3,5,0.6,7,7,1.0,0,6,6,6,2,0,1,2,24,28,0,2005-06,Regular Season,951,Ray Allen
22005,951,0020501106,2006-04-04,SEA vs. HOU,W,41,11,22,0.5,3,9,0.333,7,8,0.875,1,3,4,4,1,0,1,2,32,14,0,2005-06,Regular Season,951,Ray Allen
22005,951,0020501129,2006-04-07,SEA @ POR,W,42,12,18,0.667,4,6,0.667,10,10,1.0,0,3,3,3,1,0,4,4,38,10,0,2005-06,Regular Season,951,Ray Allen
22005,951,0020501147,2006-04-09,SEA vs. PHX,W,40,11,21,0.524,4,9,0.444,4,4,1.0,0,4,4,5,0,0,6,1,30,3,0,2005-06,Regular Season,951,Ray Allen
22005,951,0020501159,2006-04-11,SEA @ SAS,L,32,5,13,0.385,2,4,0.5,2,2,1.0,0,3,3,0,1,0,2,4,14,-11,0,2005-06,Regular Season,951,Ray Allen
22005,951,0020501169,2006-04-12,SEA @ NOK,L,45,13,25,0.52,6,9,0.667,4,5,0.8,1,5,6,8,0,0,5,3,36,-3,0,2005-06,Regular Season,951,Ray Allen
22005,951,0020501187,2006-04-14,SEA vs. LAC,L,42,13,25,0.52,5,12,0.417,2,3,0.667,0,6,6,6,1,0,3,0,33,-8,0,2005-06,Regular Season,951,Ray Allen
22005,951,0020501201,2006-04-16,SEA @ LAC,W,30,7,15,0.467,4,8,0.5,3,3,1.0,0,7,7,6,2,0,1,2,21,14,0,2005-06,Regular Season,951,Ray Allen
22005,951,0020501216,2006-04-18,SEA @ SAC,L,42,9,20,0.45,4,11,0.364,4,6,0.667,0,1,1,2,2,0,3,3,26,-7,0,2005-06,Regular Season,951,Ray Allen
22005,951,0020501230,2006-04-19,SEA vs. DEN,W,26,9,17,0.529,7,13,0.538,2,2,1.0,0,2,2,4,2,0,1,0,27,18,0,2005-06,Regular Season,951,Ray Allen
22005,1497,0020500009,2005-11-02,DET vs. PHI,W,32,4,10,0.4,1,2,0.5,3,3,1.0,0,2,2,10,0,1,1,2,12,14,0,2005-06,Regular Season,1497,Chauncey Billups
22005,1497,0020500023,2005-11-04,DET @ BOS,W,36,3,15,0.2,2,6,0.333,8,9,0.889,0,3,3,8,0,0,1,1,16,-1,0,2005-06,Regular Season,1497,Chauncey Billups
22005,1497,0020500034,2005-11-05,DET vs. TOR,W,30,4,9,0.444,1,3,0.333,2,3,0.667,0,4,4,9,0,0,1,1,11,24,0,2005-06,Regular Season,1497,Chauncey Billups
22005,1497,0020500055,2005-11-08,DET @ SAC,W,31,6,12,0.5,0,3,0.0,4,4,1.0,0,4,4,8,3,0,2,1,16,6,0,2005-06,Regular Season,1497,Chauncey Billups
22005,1497,0020500070,2005-11-10,DET @ PHX,W,35,9,15,0.6,3,4,0.75,6,7,0.857,1,0,1,11,1,0,3,3,27,6,0,2005-06,Regular Season,1497,Chauncey Billups
22005,1497,0020500080,2005-11-11,DET @ POR,W,40,5,14,0.357,3,4,0.75,8,9,0.889,1,1,2,10,1,0,1,2,21,6,0,2005-06,Regular Season,1497,Chauncey Billups
22005,1497,0020500103,2005-11-15,DET vs. BOS,W,36,8,16,0.5,3,7,0.429,6,7,0.857,0,4,4,10,1,0,1,2,25,6,0,2005-06,Regular Season,1497,Chauncey Billups
22005,1497,0020500127,2005-11-18,DET @ HOU,W,30,4,10,0.4,2,5,0.4,3,4,0.75,0,1,1,4,1,0,2,5,13,9,0,2005-06,Regular Season,1497,Chauncey Billups
22005,1497,0020500136,2005-11-19,DET @ DAL,L,25,3,7,0.429,1,2,0.5,5,5,1.0,0,0,0,5,0,0,0,1,12,-32,0,2005-06,Regular Season,1497,Chauncey Billups
22005,1497,0020500160,2005-11-23,DET vs. DEN,W,28,5,10,0.5,0,1,0.0,6,6,1.0,0,2,2,11,2,0,2,0,16,18,0,2005-06,Regular Season,1497,Chauncey Billups
22005,1497,0020500173,2005-11-25,DET vs. WAS,L,39,4,17,0.235,3,10,0.3,10,11,0.909,0,4,4,5,0,0,4,6,21,-10,0,2005-06,Regular Season,1497,Chauncey Billups
22005,1497,0020500188,2005-11-26,DET @ MIL,W,37,5,12,0.417,3,7,0.429,4,4,1.0,0,4,4,7,2,0,1,2,17,13,0,2005-06,Regular Season,1497,Chauncey Billups
22005,1497,0020500211,2005-11-30,DET @ NJN,W,37,6,13,0.462,3,8,0.375,5,6,0.833,0,4,4,8,1,0,1,1,20,21,0,2005-06,Regular Season,1497,Chauncey Billups
22005,1497,0020500222,2005-12-02,DET vs. NYK,W,34,3,10,0.3,0,3,0.0,5,5,1.0,0,2,2,11,0,0,6,5,11,2,0,2005-06,Regular Season,1497,Chauncey Billups
22005,1497,0020500232,2005-12-03,DET @ CHI,W,34,5,9,0.556,4,7,0.571,3,3,1.0,1,2,3,11,1,0,4,1,17,11,0,2005-06,Regular Season,1497,Chauncey Billups
22005,1497,0020500279,2005-12-09,DET @ GSW,W,37,9,15,0.6,4,7,0.571,7,7,1.0,0,5,5,5,0,0,2,5,29,-2,0,2005-06,Regular Season,1497,Chauncey Billups
22005,1497,0020500292,2005-12-11,DET @ LAC,W,35,8,13,0.615,4,5,0.8,5,5,1.0,1,2,3,8,1,0,1,0,25,10,0,2005-06,Regular Season,1497,Chauncey Billups
22005,1497,0020500298,2005-12-12,DET @ UTA,L,35,3,13,0.231,0,3,0.0,8,9,0.889,0,1,1,4,1,0,2,3,14,-14,0,2005-06,Regular Season,1497,Chauncey Billups
22005,1497,0020500312,2005-12-14,DET vs. SAC,W,41,10,15,0.667,6,8,0.75,2,2,1.0,0,3,3,19,1,0,4,2,28,24,0,2005-06,Regular Season,1497,Chauncey Billups
22005,1497,0020500328,2005-12-16,DET vs. CHI,W,26,5,9,0.556,2,3,0.667,3,3,1.0,0,1,1,8,0,0,1,2,15,19,0,2005-06,Regular Season,1497,Chauncey Billups
22005,1497,0020500335,2005-12-17,DET @ CHA,W,36,8,12,0.667,1,3,0.333,4,4,1.0,1,3,4,12,1,1,2,0,21,26,0,2005-06,Regular Season,1497,Chauncey Billups
22005,1497,0020500350,2005-12-19,DET @ MEM,W,46,8,18,0.444,4,7,0.571,10,10,1.0,0,1,1,9,0,0,0,3,30,8,0,2005-06,Regular Season,1497,Chauncey Billups
22005,1497,0020500355,2005-12-20,DET vs. POR,W,36,3,11,0.273,2,5,0.4,11,12,0.917,3,3,6,10,0,0,1,1,19,10,0,2005-06,Regular Season,1497,Chauncey Billups
22005,1497,0020500376,2005-12-23,DET vs. GSW,W,35,1,7,0.143,1,7,0.143,7,7,1.0,0,3,3,5,0,0,1,1,10,8,0,2005-06,Regular Season,1497,Chauncey Billups
22005,1497,0020500385,2005-12-25,DET vs. SAS,W,36,6,17,0.353,2,4,0.5,6,6,1.0,1,5,6,3,1,0,1,2,20,10,0,2005-06,Regular Season,1497,Chauncey Billups
22005,1497,0020500400,2005-12-27,DET vs. TOR,W,35,6,15,0.4,5,8,0.625,4,4,1.0,3,4,7,13,0,0,3,1,21,13,0,2005-06,Regular Season,1497,Chauncey Billups
22005,1497,0020500414,2005-12-29,DET vs. MIA,W,39,8,17,0.471,2,7,0.286,12,12,1.0,0,3,3,7,0,0,1,2,30,4,0,2005-06,Regular Season,1497,Chauncey Billups
22005,1497,0020500426,2005-12-31,DET @ CLE,L,37,2,11,0.182,1,6,0.167,9,10,0.9,0,3,3,4,0,0,6,2,14,1,0,2005-06,Regular Season,1497,Chauncey Billups
22005,1497,0020500443,2006-01-03,DET vs. ORL,W,43,9,15,0.6,4,6,0.667,15,17,0.882,0,2,2,9,2,0,1,3,37,14,0,2005-06,Regular Season,1497,Chauncey Billups
22005,1497,0020500463,2006-01-06,DET vs. SEA,W,35,6,12,0.5,1,2,0.5,8,11,0.727,0,2,2,7,0,0,4,1,21,16,0,2005-06,Regular Season,1497,Chauncey Billups
22005,1497,0020500475,2006-01-07,DET vs. UTA,L,46,7,21,0.333,3,7,0.429,7,8,0.875,0,4,4,8,1,0,1,2,24,8,0,2005-06,Regular Season,1497,Chauncey Billups
22005,1497,0020500496,2006-01-10,DET @ NOK,W,32,6,11,0.545,1,4,0.25,5,5,1.0,0,4,4,6,1,0,4,6,18,17,0,2005-06,Regular Season,1497,Chauncey Billups
22005,1497,0020500510,2006-01-12,DET @ SAS,W,41,4,14,0.286,1,5,0.2,0,0,0.0,2,5,7,14,0,0,6,4,9,14,0,2005-06,Regular Season,1497,Chauncey Billups
22005,1497,0020500523,2006-01-14,DET vs. CHA,W,33,4,8,0.5,3,6,0.5,2,2,1.0,0,3,3,6,1,0,3,1,13,16,0,2005-06,Regular Season,1497,Chauncey Billups
22005,1497,0020500542,2006-01-16,DET vs. BOS,W,44,3,12,0.25,0,5,0.0,7,7,1.0,0,3,3,16,0,0,2,2,13,15,0,2005-06,Regular Season,1497,Chauncey Billups
22005,1497,0020500551,2006-01-18,DET @ ATL,W,32,7,11,0.636,4,7,0.571,5,5,1.0,1,1,2,4,1,0,2,0,23,14,0,2005-06,Regular Season,1497,Chauncey Billups
22005,1497,0020500562,2006-01-19,DET @ NYK,W,34,1,7,0.143,0,4,0.0,0,0,0.0,0,2,2,13,0,0,1,1,2,28,0,2005-06,Regular Season,1497,Chauncey Billups
22005,1497,0020500588,2006-01-22,DET vs. HOU,W,42,5,15,0.333,1,6,0.167,13,14,0.929,1,2,3,9,0,0,3,1,24,-4,0,2005-06,Regular Season,1497,Chauncey Billups
22005,1497,0020500602,2006-01-24,DET @ MIN,W,35,9,20,0.45,6,11,0.545,3,3,1.0,1,6,7,8,1,1,3,1,27,34,0,2005-06,Regular Season,1497,Chauncey Billups
22005,1497,0020500608,2006-01-25,DET vs. MIL,W,44,5,11,0.455,3,4,0.75,10,11,0.909,0,5,5,15,1,0,2,0,23,1,0,2005-06,Regular Season,1497,Chauncey Billups
22005,1497,0020500624,2006-01-27,DET vs. MEM,W,39,9,13,0.692,5,5,1.0,11,13,0.846,1,1,2,4,2,0,5,2,34,9,0,2005-06,Regular Season,1497,Chauncey Billups
22005,1497,0020500646,2006-01-29,DET vs. LAL,W,43,2,10,0.2,1,5,0.2,5,5,1.0,0,4,4,6,1,0,6,3,10,7,0,2005-06,Regular Season,1497,Chauncey Billups
22005,1497,0020500657,2006-01-31,DET @ NJN,L,39,9,14,0.643,6,6,1.0,6,6,1.0,0,3,3,6,2,0,3,0,30,-10,0,2005-06,Regular Season,1497,Chauncey Billups
22005,1497,0020500667,2006-02-01,DET vs. MIN,W,28,3,10,0.3,1,5,0.2,2,4,0.5,1,1,2,7,0,0,0,1,9,14,0,2005-06,Regular Season,1497,Chauncey Billups
22005,1497,0020500680,2006-02-03,DET @ PHI,W,42,3,14,0.214,0,5,0.0,1,2,0.5,1,4,5,14,1,0,1,1,7,9,0,2005-06,Regular Season,1497,Chauncey Billups
22005,1497,0020500688,2006-02-04,DET @ IND,L,35,2,8,0.25,0,1,0.0,6,7,0.857,1,3,4,3,0,0,3,3,10,-12,0,2005-06,Regular Season,1497,Chauncey Billups
22005,1497,0020500706,2006-02-07,DET @ ATL,L,37,4,13,0.308,1,4,0.25,11,11,1.0,1,2,3,7,0,0,2,1,20,5,0,2005-06,Regular Season,1497,Chauncey Billups
22005,1497,0020500716,2006-02-08,DET vs. LAC,W,39,5,12,0.417,1,4,0.25,7,9,0.778,0,3,3,4,0,0,0,0,18,3,0,2005-06,Regular Season,1497,Chauncey Billups
22005,1497,0020500726,2006-02-10,DET @ ORL,W,42,4,10,0.4,2,4,0.5,1,2,0.5,1,4,5,14,0,0,3,2,11,6,0,2005-06,Regular Season,1497,Chauncey Billups
22005,1497,0020500745,2006-02-12,DET @ MIA,L,41,10,20,0.5,4,6,0.667,5,6,0.833,1,1,2,10,0,0,4,1,29,-7,0,2005-06,Regular Season,1497,Chauncey Billups
22005,1497,0020500760,2006-02-14,DET vs. NJN,W,33,4,10,0.4,2,5,0.4,9,10,0.9,0,2,2,10,1,0,1,1,19,26,0,2005-06,Regular Season,1497,Chauncey Billups
22005,1497,0020500782,2006-02-21,DET vs. ATL,W,43,5,15,0.333,1,3,0.333,8,9,0.889,0,2,2,15,3,0,1,1,19,19,0,2005-06,Regular Season,1497,Chauncey Billups
22005,1497,0020500800,2006-02-23,DET vs. IND,W,36,4,13,0.308,2,5,0.4,4,4,1.0,2,1,3,9,0,0,2,3,14,16,0,2005-06,Regular Season,1497,Chauncey Billups
22005,1497,0020500809,2006-02-24,DET @ CHI,W,38,4,14,0.286,1,7,0.143,8,9,0.889,0,2,2,12,0,1,1,3,17,-4,0,2005-06,Regular Season,1497,Chauncey Billups
22005,1497,0020500822,2006-02-26,DET vs. CLE,W,35,6,9,0.667,1,3,0.333,8,9,0.889,0,3,3,8,2,0,1,3,21,14,0,2005-06,Regular Season,1497,Chauncey Billups
22005,1497,0020500829,2006-02-27,DET @ CLE,W,36,4,15,0.267,1,4,0.25,6,6,1.0,0,4,4,12,2,0,1,3,15,9,0,2005-06,Regular Season,1497,Chauncey Billups
22005,1497,0020500849,2006-03-01,DET @ DEN,L,40,7,16,0.438,6,10,0.6,7,9,0.778,0,6,6,8,1,0,1,2,27,-9,0,2005-06,Regular Season,1497,Chauncey Billups
22005,1497,0020500866,2006-03-03,DET @ SEA,W,39,6,14,0.429,4,6,0.667,5,5,1.0,0,0,0,11,2,0,2,3,21,0,0,2005-06,Regular Season,1497,Chauncey Billups
22005,1497,0020500873,2006-03-04,DET @ LAL,L,39,7,17,0.412,4,11,0.364,6,6,1.0,1,0,1,10,0,0,0,5,24,-11,0,2005-06,Regular Season,1497,Chauncey Billups
22005,1497,0020500901,2006-03-08,DET vs. CHI,W,39,9,17,0.529,4,5,0.8,5,7,0.714,0,1,1,9,0,0,0,4,27,13,0,2005-06,Regular Season,1497,Chauncey Billups
22005,1497,0020500919,2006-03-11,DET @ WAS,L,35,3,8,0.375,2,6,0.333,4,4,1.0,1,0,1,6,2,0,3,2,12,-12,0,2005-06,Regular Season,1497,Chauncey Billups
22005,1497,0020500932,2006-03-12,DET vs. CHA,W,39,2,8,0.25,2,7,0.286,2,4,0.5,0,3,3,11,1,0,5,3,8,10,0,2005-06,Regular Season,1497,Chauncey Billups
22005,1497,0020500950,2006-03-15,DET @ TOR,W,39,7,10,0.7,4,4,1.0,8,10,0.8,0,1,1,10,2,0,2,3,26,13,0,2005-06,Regular Season,1497,Chauncey Billups
22005,1497,0020500969,2006-03-17,DET @ NYK,L,38,8,18,0.444,3,9,0.333,5,6,0.833,1,3,4,7,3,0,4,2,24,-8,0,2005-06,Regular Season,1497,Chauncey Billups
22005,1497,0020500975,2006-03-18,DET @ CHA,W,35,5,11,0.455,4,7,0.571,6,6,1.0,2,4,6,9,2,0,4,1,20,6,0,2005-06,Regular Season,1497,Chauncey Billups
22005,1497,0020500989,2006-03-20,DET vs. ATL,W,39,5,17,0.294,2,8,0.25,2,2,1.0,0,3,3,5,2,0,1,0,14,1,0,2005-06,Regular Season,1497,Chauncey Billups
22005,1497,0020501007,2006-03-22,DET vs. MIA,W,40,5,16,0.313,3,8,0.375,11,12,0.917,0,5,5,10,0,0,4,1,24,8,0,2005-06,Regular Season,1497,Chauncey Billups
22005,1497,0020501019,2006-03-24,DET @ IND,W,40,3,10,0.3,2,7,0.286,0,0,0.0,0,4,4,9,1,1,4,2,8,2,0,2005-06,Regular Season,1497,Chauncey Billups
22005,1497,0020501035,2006-03-26,DET vs. NJN,L,35,2,10,0.2,1,3,0.333,4,4,1.0,2,5,7,5,2,0,1,4,9,-8,0,2005-06,Regular Season,1497,Chauncey Billups
22005,1497,0020501048,2006-03-28,DET vs. DAL,W,37,8,14,0.571,4,4,1.0,11,12,0.917,3,1,4,11,3,0,1,2,31,21,0,2005-06,Regular Season,1497,Chauncey Billups
22005,1497,0020501055,2006-03-29,DET @ PHI,W,35,4,13,0.308,2,6,0.333,8,10,0.8,1,1,2,7,3,0,1,1,18,-3,0,2005-06,Regular Season,1497,Chauncey Billups
22005,1497,0020501072,2006-03-31,DET vs. MIL,W,37,3,8,0.375,1,3,0.333,5,6,0.833,0,3,3,11,1,0,1,3,12,-1,0,2005-06,Regular Season,1497,Chauncey Billups
22005,1497,0020501086,2006-04-02,DET vs. PHX,W,41,12,23,0.522,5,7,0.714,6,6,1.0,2,2,4,5,0,0,3,3,35,12,0,2005-06,Regular Season,1497,Chauncey Billups
22005,1497,0020501101,2006-04-04,DET vs. NOK,W,37,4,12,0.333,2,5,0.4,12,12,1.0,1,1,2,11,0,0,1,2,22,-1,0,2005-06,Regular Season,1497,Chauncey Billups
22005,1497,0020501119,2006-04-06,DET @ MIA,W,35,4,10,0.4,3,7,0.429,3,3,1.0,0,2,2,9,0,0,4,2,14,13,0,2005-06,Regular Season,1497,Chauncey Billups
22005,1497,0020501123,2006-04-07,DET @ ORL,L,38,6,11,0.545,1,3,0.333,12,12,1.0,0,2,2,8,2,0,1,1,25,12,0,2005-06,Regular Season,1497,Chauncey Billups
22005,1497,0020501141,2006-04-09,DET vs. IND,W,27,4,10,0.4,3,5,0.6,0,0,0.0,0,3,3,5,1,2,0,2,11,21,0,2005-06,Regular Season,1497,Chauncey Billups
22005,1497,0020501167,2006-04-12,DET vs. CLE,W,26,3,9,0.333,1,3,0.333,1,3,0.333,0,3,3,8,1,1,1,3,8,5,0,2005-06,Regular Season,1497,Chauncey Billups
22005,1497,0020501177,2006-04-14,DET @ TOR,L,22,6,6,1.0,1,1,1.0,2,3,0.667,1,1,2,10,0,0,2,0,15,15,0,2005-06,Regular Season,1497,Chauncey Billups
22005,1497,0020501198,2006-04-16,DET vs. NYK,W,24,3,7,0.429,1,4,0.25,0,2,0.0,0,3,3,11,0,0,2,1,7,23,0,2005-06,Regular Season,1497,Chauncey Billups
22005,1497,0020501207,2006-04-17,DET @ MIL,L,19,2,8,0.25,0,2,0.0,1,4,0.25,0,1,1,2,2,0,1,1,5,-21,0,2005-06,Regular Season,1497,Chauncey Billups
42005,1497,0040500101,2006-04-23,DET vs. MIL,W,37,4,11,0.364,1,5,0.2,5,8,0.625,0,1,1,7,0,0,1,2,14,27,0,2005-06,Playoffs,1497,Chauncey Billups
42005,1497,0040500102,2006-04-26,DET vs. MIL,W,35,8,15,0.533,4,9,0.444,0,0,0.0,0,2,2,6,0,0,1,3,20,11,0,2005-06,Playoffs,1497,Chauncey Billups
42005,1497,0040500103,2006-04-29,DET @ MIL,L,37,7,16,0.438,2,7,0.286,10,11,0.909,0,6,6,6,2,0,4,3,26,-24,0,2005-06,Playoffs,1497,Chauncey Billups
42005,1497,0040500104,2006-05-01,DET @ MIL,W,42,8,18,0.444,2,7,0.286,16,16,1.0,1,2,3,6,1,0,2,2,34,8,0,2005-06,Playoffs,1497,Chauncey Billups
42005,1497,0040500105,2006-05-03,DET vs. MIL,W,30,3,5,0.6,3,3,1.0,8,8,1.0,0,5,5,8,0,0,0,1,17,33,0,2005-06,Playoffs,1497,Chauncey Billups
42005,1497,0040500201,2006-05-07,DET vs. CLE,W,30,3,5,0.6,2,2,1.0,6,6,1.0,0,2,2,10,2,1,1,2,14,27,0,2005-06,Playoffs,1497,Chauncey Billups
42005,1497,0040500202,2006-05-09,DET vs. CLE,W,43,4,13,0.308,3,8,0.375,4,4,1.0,0,5,5,7,1,0,4,1,15,8,0,2005-06,Playoffs,1497,Chauncey Billups
42005,1497,0040500203,2006-05-13,DET @ CLE,L,40,6,15,0.4,3,6,0.5,5,5,1.0,1,2,3,5,3,0,4,1,20,1,0,2005-06,Playoffs,1497,Chauncey Billups
42005,1497,0040500204,2006-05-15,DET @ CLE,L,42,3,10,0.3,2,5,0.4,3,4,0.75,0,3,3,7,3,0,1,2,11,-3,0,2005-06,Playoffs,1497,Chauncey Billups
42005,1497,0040500205,2006-05-17,DET vs. CLE,L,37,6,16,0.375,1,6,0.167,4,4,1.0,1,2,3,5,0,0,6,6,17,-6,0,2005-06,Playoffs,1497,Chauncey Billups
42005,1497,0040500206,2006-05-19,DET @ CLE,W,40,3,8,0.375,1,4,0.25,8,9,0.889,0,3,3,4,4,0,3,1,15,5,0,2005-06,Playoffs,1497,Chauncey Billups
42005,1497,0040500207,2006-05-21,DET vs. CLE,W,44,4,10,0.4,1,5,0.2,3,4,0.75,0,8,8,3,1,0,3,2,12,16,0,2005-06,Playoffs,1497,Chauncey Billups
42005,1497,0040500301,2006-05-23,DET vs. MIA,L,40,6,19,0.316,2,8,0.25,5,5,1.0,0,1,1,7,0,0,1,3,19,-3,0,2005-06,Playoffs,1497,Chauncey Billups
42005,1497,0040500302,2006-05-25,DET vs. MIA,W,39,5,13,0.385,1,5,0.2,7,7,1.0,0,2,2,8,2,0,6,3,18,9,0,2005-06,Playoffs,1497,Chauncey Billups
42005,1497,0040500303,2006-05-27,DET @ MIA,L,45,11,17,0.647,4,5,0.8,5,6,0.833,1,1,2,3,0,1,1,1,31,-9,0,2005-06,Playoffs,1497,Chauncey Billups
42005,1497,0040500304,2006-05-29,DET @ MIA,L,40,6,12,0.5,0,2,0.0,2,4,0.5,1,1,2,7,3,0,2,5,14,-11,0,2005-06,Playoffs,1497,Chauncey Billups
42005,1497,0040500305,2006-05-31,DET vs. MIA,W,42,3,12,0.25,0,4,0.0,11,11,1.0,2,3,5,10,0,0,1,3,17,10,0,2005-06,Playoffs,1497,Chauncey Billups
42005,1497,0040500306,2006-06-02,DET @ MIA,L,41,3,14,0.214,0,3,0.0,3,4,0.75,0,5,5,8,0,0,2,2,9,-16,0,2005-06,Playoffs,1497,Chauncey Billups
22005,739,0020500009,2005-11-02,DET vs. PHI,W,18,1,2,0.5,0,1,0.0,4,4,1.0,0,6,6,1,1,2,1,4,6,11,0,2005-06,Regular Season,739,Rasheed Wallace
22005,739,0020500023,2005-11-04,DET @ BOS,W,41,4,13,0.308,2,4,0.5,5,6,0.833,3,4,7,1,0,0,2,4,15,0,0,2005-06,Regular Season,739,Rasheed Wallace
22005,739,0020500034,2005-11-05,DET vs. TOR,W,22,2,6,0.333,0,1,0.0,0,0,0.0,1,8,9,2,1,1,1,4,4,24,0,2005-06,Regular Season,739,Rasheed Wallace
22005,739,0020500055,2005-11-08,DET @ SAC,W,25,4,7,0.571,0,2,0.0,2,2,1.0,0,4,4,3,4,1,2,0,10,13,0,2005-06,Regular Season,739,Rasheed Wallace
22005,739,0020500070,2005-11-10,DET @ PHX,W,34,6,10,0.6,2,3,0.667,2,2,1.0,2,5,7,3,3,0,0,2,16,8,0,2005-06,Regular Season,739,Rasheed Wallace
22005,739,0020500080,2005-11-11,DET @ POR,W,32,5,11,0.455,3,6,0.5,0,0,0.0,1,5,6,2,4,1,1,4,13,1,0,2005-06,Regular Season,739,Rasheed Wallace
22005,739,0020500103,2005-11-15,DET vs. BOS,W,40,8,21,0.381,1,6,0.167,3,3,1.0,4,10,14,2,3,1,2,3,20,19,0,2005-06,Regular Season,739,Rasheed Wallace
22005,739,0020500127,2005-11-18,DET @ HOU,W,37,6,15,0.4,1,4,0.25,1,2,0.5,1,2,3,4,3,4,1,4,14,4,0,2005-06,Regular Season,739,Rasheed Wallace
22005,739,0020500136,2005-11-19,DET @ DAL,L,30,5,14,0.357,2,4,0.5,0,0,0.0,3,2,5,2,1,0,1,3,12,-26,0,2005-06,Regular Season,739,Rasheed Wallace
22005,739,0020500160,2005-11-23,DET vs. DEN,W,22,4,7,0.571,3,3,1.0,0,0,0.0,0,4,4,7,0,2,0,3,11,22,0,2005-06,Regular Season,739,Rasheed Wallace
22005,739,0020500173,2005-11-25,DET vs. WAS,L,56,12,28,0.429,4,9,0.444,5,6,0.833,3,8,11,5,2,2,1,3,33,-1,0,2005-06,Regular Season,739,Rasheed Wallace
22005,739,0020500188,2005-11-26,DET @ MIL,W,32,5,11,0.455,2,5,0.4,3,4,0.75,1,3,4,3,1,2,1,4,15,21,0,2005-06,Regular Season,739,Rasheed Wallace
22005,739,0020500211,2005-11-30,DET @ NJN,W,37,6,15,0.4,3,6,0.5,1,2,0.5,2,6,8,3,0,2,2,2,16,15,0,2005-06,Regular Season,739,Rasheed Wallace
22005,739,0020500222,2005-12-02,DET vs. NYK,W,30,1,3,0.333,1,3,0.333,0,2,0.0,0,2,2,3,2,3,3,6,3,-2,0,2005-06,Regular Season,739,Rasheed Wallace
22005,739,0020500232,2005-12-03,DET @ CHI,W,41,8,15,0.533,4,6,0.667,6,6,1.0,0,5,5,4,2,0,3,2,26,18,0,2005-06,Regular Season,739,Rasheed Wallace
22005,739,0020500279,2005-12-09,DET @ GSW,W,42,8,16,0.5,0,3,0.0,6,8,0.75,2,6,8,3,3,1,3,4,22,5,0,2005-06,Regular Season,739,Rasheed Wallace
22005,739,0020500292,2005-12-11,DET @ LAC,W,33,3,7,0.429,2,3,0.667,2,2,1.0,1,6,7,3,1,2,0,5,10,6,0,2005-06,Regular Season,739,Rasheed Wallace
22005,739,0020500298,2005-12-12,DET @ UTA,L,40,6,15,0.4,3,6,0.5,1,2,0.5,3,5,8,2,4,0,0,4,16,-14,0,2005-06,Regular Season,739,Rasheed Wallace
22005,739,0020500312,2005-12-14,DET vs. SAC,W,30,7,9,0.778,3,3,1.0,2,2,1.0,1,7,8,2,1,0,2,1,19,14,0,2005-06,Regular Season,739,Rasheed Wallace
22005,739,0020500328,2005-12-16,DET vs. CHI,W,35,6,10,0.6,3,4,0.75,4,4,1.0,4,6,10,2,0,2,1,2,19,24,0,2005-06,Regular Season,739,Rasheed Wallace
22005,739,0020500335,2005-12-17,DET @ CHA,W,28,4,10,0.4,2,4,0.5,0,1,0.0,1,9,10,1,0,2,1,3,10,35,0,2005-06,Regular Season,739,Rasheed Wallace
22005,739,0020500350,2005-12-19,DET @ MEM,W,37,3,11,0.273,1,3,0.333,2,6,0.333,4,5,9,1,2,1,1,5,9,-6,0,2005-06,Regular Season,739,Rasheed Wallace
22005,739,0020500355,2005-12-20,DET vs. POR,W,41,3,12,0.25,3,5,0.6,2,2,1.0,1,6,7,2,0,4,2,4,11,2,0,2005-06,Regular Season,739,Rasheed Wallace
22005,739,0020500376,2005-12-23,DET vs. GSW,W,44,8,17,0.471,2,9,0.222,1,2,0.5,0,6,6,3,0,2,2,3,19,14,0,2005-06,Regular Season,739,Rasheed Wallace
22005,739,0020500385,2005-12-25,DET vs. SAS,W,29,6,15,0.4,1,5,0.2,1,2,0.5,3,3,6,1,1,2,1,4,14,7,0,2005-06,Regular Season,739,Rasheed Wallace
22005,739,0020500400,2005-12-27,DET vs. TOR,W,36,7,15,0.467,2,8,0.25,0,0,0.0,0,4,4,3,0,3,0,3,16,18,0,2005-06,Regular Season,739,Rasheed Wallace
22005,739,0020500414,2005-12-29,DET vs. MIA,W,38,8,16,0.5,4,6,0.667,1,2,0.5,1,2,3,1,0,1,1,3,21,0,0,2005-06,Regular Season,739,Rasheed Wallace
22005,739,0020500426,2005-12-31,DET @ CLE,L,38,9,17,0.529,3,8,0.375,0,2,0.0,1,3,4,2,2,1,1,3,21,-8,0,2005-06,Regular Season,739,Rasheed Wallace
22005,739,0020500443,2006-01-03,DET vs. ORL,W,36,3,9,0.333,1,7,0.143,0,0,0.0,0,8,8,1,1,2,1,3,7,11,0,2005-06,Regular Season,739,Rasheed Wallace
22005,739,0020500463,2006-01-06,DET vs. SEA,W,39,3,8,0.375,2,5,0.4,1,2,0.5,0,3,3,3,0,3,1,2,9,14,0,2005-06,Regular Season,739,Rasheed Wallace
22005,739,0020500475,2006-01-07,DET vs. UTA,L,32,5,13,0.385,0,2,0.0,1,2,0.5,3,4,7,0,0,1,0,5,11,-8,0,2005-06,Regular Season,739,Rasheed Wallace
22005,739,0020500496,2006-01-10,DET @ NOK,W,41,6,17,0.353,2,9,0.222,1,2,0.5,1,3,4,4,2,3,0,3,15,5,0,2005-06,Regular Season,739,Rasheed Wallace
22005,739,0020500510,2006-01-12,DET @ SAS,W,43,12,20,0.6,3,5,0.6,0,0,0.0,1,9,10,4,0,1,2,2,27,17,0,2005-06,Regular Season,739,Rasheed Wallace
22005,739,0020500523,2006-01-14,DET vs. CHA,W,29,4,10,0.4,2,4,0.5,2,2,1.0,0,2,2,4,0,1,0,4,12,14,0,2005-06,Regular Season,739,Rasheed Wallace
22005,739,0020500542,2006-01-16,DET vs. BOS,W,41,9,12,0.75,3,6,0.5,2,2,1.0,1,8,9,3,1,1,2,3,23,12,0,2005-06,Regular Season,739,Rasheed Wallace
22005,739,0020500551,2006-01-18,DET @ ATL,W,26,5,8,0.625,2,4,0.5,2,2,1.0,1,5,6,3,0,0,0,4,14,21,0,2005-06,Regular Season,739,Rasheed Wallace
22005,739,0020500562,2006-01-19,DET @ NYK,W,33,9,16,0.563,4,9,0.444,1,2,0.5,0,4,4,2,2,2,0,2,23,27,0,2005-06,Regular Season,739,Rasheed Wallace
22005,739,0020500588,2006-01-22,DET vs. HOU,W,39,5,16,0.313,1,6,0.167,0,0,0.0,0,7,7,4,0,1,0,1,11,2,0,2005-06,Regular Season,739,Rasheed Wallace
22005,739,0020500602,2006-01-24,DET @ MIN,W,33,6,13,0.462,3,5,0.6,0,0,0.0,2,7,9,3,0,1,0,3,15,28,0,2005-06,Regular Season,739,Rasheed Wallace
22005,739,0020500608,2006-01-25,DET vs. MIL,W,43,8,21,0.381,4,11,0.364,0,2,0.0,0,6,6,2,1,1,2,2,20,-1,0,2005-06,Regular Season,739,Rasheed Wallace
22005,739,0020500624,2006-01-27,DET vs. MEM,W,41,4,14,0.286,1,6,0.167,3,4,0.75,2,11,13,0,2,3,4,4,12,15,0,2005-06,Regular Season,739,Rasheed Wallace
22005,739,0020500646,2006-01-29,DET vs. LAL,W,40,9,21,0.429,2,11,0.182,4,5,0.8,2,6,8,5,2,3,0,3,24,8,0,2005-06,Regular Season,739,Rasheed Wallace
22005,739,0020500657,2006-01-31,DET @ NJN,L,37,3,14,0.214,1,11,0.091,2,3,0.667,2,5,7,2,1,3,0,4,9,-2,0,2005-06,Regular Season,739,Rasheed Wallace
22005,739,0020500667,2006-02-01,DET vs. MIN,W,32,3,5,0.6,1,2,0.5,2,3,0.667,0,3,3,2,0,2,2,3,9,15,0,2005-06,Regular Season,739,Rasheed Wallace
22005,739,0020500680,2006-02-03,DET @ PHI,W,40,9,18,0.5,0,2,0.0,2,2,1.0,1,6,7,3,1,0,0,2,20,14,0,2005-06,Regular Season,739,Rasheed Wallace
22005,739,0020500688,2006-02-04,DET @ IND,L,38,5,15,0.333,2,5,0.4,5,6,0.833,1,6,7,3,0,5,2,2,17,0,0,2005-06,Regular Season,739,Rasheed Wallace
22005,739,0020500706,2006-02-07,DET @ ATL,L,36,3,14,0.214,1,6,0.167,0,0,0.0,0,4,4,4,0,0,0,2,7,-3,0,2005-06,Regular Season,739,Rasheed Wallace
22005,739,0020500716,2006-02-08,DET vs. LAC,W,38,7,16,0.438,3,6,0.5,2,2,1.0,0,7,7,2,1,2,1,3,19,5,0,2005-06,Regular Season,739,Rasheed Wallace
22005,739,0020500726,2006-02-10,DET @ ORL,W,42,10,21,0.476,5,13,0.385,1,1,1.0,0,9,9,0,1,2,3,2,26,12,0,2005-06,Regular Season,739,Rasheed Wallace
22005,739,0020500745,2006-02-12,DET @ MIA,L,44,8,15,0.533,4,9,0.444,1,2,0.5,0,3,3,2,0,3,0,4,21,1,0,2005-06,Regular Season,739,Rasheed Wallace
22005,739,0020500760,2006-02-14,DET vs. NJN,W,37,5,18,0.278,3,9,0.333,0,2,0.0,1,10,11,2,1,3,0,1,13,10,0,2005-06,Regular Season,739,Rasheed Wallace
22005,739,0020500782,2006-02-21,DET vs. ATL,W,35,8,12,0.667,2,5,0.4,3,5,0.6,3,9,12,3,1,1,0,4,21,16,0,2005-06,Regular Season,739,Rasheed Wallace
22005,739,0020500800,2006-02-23,DET vs. IND,W,36,11,18,0.611,4,5,0.8,2,2,1.0,0,9,9,2,3,3,2,2,28,16,0,2005-06,Regular Season,739,Rasheed Wallace
22005,739,0020500809,2006-02-24,DET @ CHI,W,31,1,13,0.077,0,8,0.0,1,1,1.0,1,9,10,2,0,1,1,4,3,1,0,2005-06,Regular Season,739,Rasheed Wallace
22005,739,0020500822,2006-02-26,DET vs. CLE,W,30,7,19,0.368,1,6,0.167,0,0,0.0,0,5,5,0,2,0,0,4,15,12,0,2005-06,Regular Season,739,Rasheed Wallace
22005,739,0020500829,2006-02-27,DET @ CLE,W,36,8,17,0.471,4,8,0.5,4,4,1.0,0,3,3,1,1,0,2,2,24,7,0,2005-06,Regular Season,739,Rasheed Wallace
22005,739,0020500849,2006-03-01,DET @ DEN,L,33,5,13,0.385,0,4,0.0,1,2,0.5,1,4,5,5,0,2,1,4,11,-7,0,2005-06,Regular Season,739,Rasheed Wallace
22005,739,0020500866,2006-03-03,DET @ SEA,W,39,8,20,0.4,4,13,0.308,1,2,0.5,1,10,11,3,0,3,0,3,21,-4,0,2005-06,Regular Season,739,Rasheed Wallace
22005,739,0020500873,2006-03-04,DET @ LAL,L,38,7,17,0.412,3,9,0.333,0,0,0.0,0,5,5,1,0,0,1,3,17,3,0,2005-06,Regular Season,739,Rasheed Wallace
22005,739,0020500901,2006-03-08,DET vs. CHI,W,38,9,17,0.529,1,5,0.2,6,6,1.0,1,4,5,4,2,2,2,3,25,1,0,2005-06,Regular Season,739,Rasheed Wallace
22005,739,0020500919,2006-03-11,DET @ WAS,L,34,8,19,0.421,0,5,0.0,2,2,1.0,1,8,9,2,0,0,2,3,18,-16,0,2005-06,Regular Season,739,Rasheed Wallace
22005,739,0020500932,2006-03-12,DET vs. CHA,W,36,3,8,0.375,2,4,0.5,2,2,1.0,0,4,4,2,2,2,1,5,10,11,0,2005-06,Regular Season,739,Rasheed Wallace
22005,739,0020500950,2006-03-15,DET @ TOR,W,25,5,10,0.5,0,2,0.0,0,0,0.0,2,6,8,3,0,2,0,5,10,6,0,2005-06,Regular Season,739,Rasheed Wallace
22005,739,0020500969,2006-03-17,DET @ NYK,L,17,4,8,0.5,2,3,0.667,2,2,1.0,0,6,6,0,0,2,1,4,12,8,0,2005-06,Regular Season,739,Rasheed Wallace
22005,739,0020500975,2006-03-18,DET @ CHA,W,40,7,14,0.5,2,4,0.5,0,2,0.0,3,4,7,1,1,2,4,2,16,-2,0,2005-06,Regular Season,739,Rasheed Wallace
22005,739,0020500989,2006-03-20,DET vs. ATL,W,38,9,18,0.5,3,8,0.375,5,5,1.0,2,6,8,4,1,3,3,1,26,4,0,2005-06,Regular Season,739,Rasheed Wallace
22005,739,0020501007,2006-03-22,DET vs. MIA,W,41,3,12,0.25,1,5,0.2,0,2,0.0,2,8,10,3,2,2,0,0,7,12,0,2005-06,Regular Season,739,Rasheed Wallace
22005,739,0020501019,2006-03-24,DET @ IND,W,32,4,13,0.308,2,6,0.333,0,0,0.0,2,4,6,3,0,3,0,3,10,-13,0,2005-06,Regular Season,739,Rasheed Wallace
22005,739,0020501035,2006-03-26,DET vs. NJN,L,36,1,10,0.1,0,5,0.0,1,1,1.0,1,7,8,2,0,1,1,2,3,3,0,2005-06,Regular Season,739,Rasheed Wallace
22005,739,0020501048,2006-03-28,DET vs. DAL,W,40,8,16,0.5,3,4,0.75,2,2,1.0,3,7,10,1,0,0,0,1,21,14,0,2005-06,Regular Season,739,Rasheed Wallace
22005,739,0020501055,2006-03-29,DET @ PHI,W,35,5,13,0.385,2,7,0.286,2,2,1.0,2,4,6,1,2,0,1,2,14,4,0,2005-06,Regular Season,739,Rasheed Wallace
22005,739,0020501072,2006-03-31,DET vs. MIL,W,39,8,20,0.4,3,7,0.429,2,2,1.0,1,9,10,1,2,4,2,1,21,11,0,2005-06,Regular Season,739,Rasheed Wallace
22005,739,0020501086,2006-04-02,DET vs. PHX,W,38,7,16,0.438,1,5,0.2,0,0,0.0,3,8,11,2,0,0,2,2,15,3,0,2005-06,Regular Season,739,Rasheed Wallace
22005,739,0020501119,2006-04-06,DET @ MIA,W,37,7,15,0.467,2,3,0.667,4,5,0.8,0,8,8,2,1,1,0,2,20,13,0,2005-06,Regular Season,739,Rasheed Wallace
22005,739,0020501123,2006-04-07,DET @ ORL,L,27,3,13,0.231,0,5,0.0,1,2,0.5,0,6,6,1,1,3,1,3,7,-6,0,2005-06,Regular Season,739,Rasheed Wallace
22005,739,0020501141,2006-04-09,DET vs. IND,W,28,4,8,0.5,1,2,0.5,0,0,0.0,0,4,4,1,0,1,1,4,9,14,0,2005-06,Regular Season,739,Rasheed Wallace
22005,739,0020501167,2006-04-12,DET vs. CLE,W,26,5,11,0.455,2,5,0.4,4,4,1.0,0,9,9,1,1,2,1,2,16,19,0,2005-06,Regular Season,739,Rasheed Wallace
22005,739,0020501177,2006-04-14,DET @ TOR,L,21,2,5,0.4,1,4,0.25,0,0,0.0,0,7,7,1,1,1,0,1,5,13,0,2005-06,Regular Season,739,Rasheed Wallace
22005,739,0020501198,2006-04-16,DET vs. NYK,W,21,4,6,0.667,2,3,0.667,0,0,0.0,0,3,3,0,1,1,0,3,10,25,0,2005-06,Regular Season,739,Rasheed Wallace
22005,739,0020501222,2006-04-19,DET vs. WAS,L,17,2,4,0.5,0,1,0.0,5,8,0.625,0,3,3,1,1,3,0,1,9,5,0,2005-06,Regular Season,739,Rasheed Wallace
42005,739,0040500101,2006-04-23,DET vs. MIL,W,29,9,14,0.643,4,6,0.667,0,0,0.0,1,3,4,1,3,2,1,4,22,19,0,2005-06,Playoffs,739,Rasheed Wallace
42005,739,0040500102,2006-04-26,DET vs. MIL,W,38,4,13,0.308,1,5,0.2,3,4,0.75,0,8,8,4,0,3,2,2,12,23,0,2005-06,Playoffs,739,Rasheed Wallace
42005,739,0040500103,2006-04-29,DET @ MIL,L,35,7,11,0.636,3,6,0.5,1,6,0.167,2,4,6,1,0,1,0,4,18,-28,0,2005-06,Playoffs,739,Rasheed Wallace
42005,739,0040500104,2006-05-01,DET @ MIL,W,38,5,14,0.357,1,2,0.5,1,2,0.5,1,3,4,2,1,0,1,4,12,10,0,2005-06,Playoffs,739,Rasheed Wallace
42005,739,0040500105,2006-05-03,DET vs. MIL,W,27,8,11,0.727,4,5,0.8,2,4,0.5,2,5,7,4,1,0,2,1,22,26,0,2005-06,Playoffs,739,Rasheed Wallace
42005,739,0040500201,2006-05-07,DET vs. CLE,W,23,4,8,0.5,2,2,1.0,0,0,0.0,1,6,7,1,0,0,1,2,10,8,0,2005-06,Playoffs,739,Rasheed Wallace
42005,739,0040500202,2006-05-09,DET vs. CLE,W,41,10,17,0.588,5,8,0.625,4,9,0.444,0,9,9,2,1,2,0,3,29,-3,0,2005-06,Playoffs,739,Rasheed Wallace
42005,739,0040500203,2006-05-13,DET @ CLE,L,36,3,11,0.273,1,5,0.2,4,4,1.0,1,5,6,1,0,1,2,5,11,-8,0,2005-06,Playoffs,739,Rasheed Wallace
42005,739,0040500204,2006-05-15,DET @ CLE,L,34,3,13,0.231,0,2,0.0,1,2,0.5,2,4,6,3,1,1,3,3,7,-6,0,2005-06,Playoffs,739,Rasheed Wallace
42005,739,0040500205,2006-05-17,DET vs. CLE,L,22,5,9,0.556,0,1,0.0,0,0,0.0,1,8,9,1,0,0,4,5,10,-9,0,2005-06,Playoffs,739,Rasheed Wallace
42005,739,0040500206,2006-05-19,DET @ CLE,W,45,9,17,0.529,4,8,0.5,2,7,0.286,0,2,2,4,0,2,0,1,24,3,0,2005-06,Playoffs,739,Rasheed Wallace
42005,739,0040500207,2006-05-21,DET vs. CLE,W,42,4,16,0.25,0,2,0.0,5,8,0.625,2,6,8,1,0,1,0,5,13,11,0,2005-06,Playoffs,739,Rasheed Wallace
42005,739,0040500301,2006-05-23,DET vs. MIA,L,32,3,10,0.3,1,4,0.25,0,0,0.0,0,3,3,0,1,0,0,3,7,0,0,2005-06,Playoffs,739,Rasheed Wallace
42005,739,0040500302,2006-05-25,DET vs. MIA,W,39,6,12,0.5,2,6,0.333,2,2,1.0,0,7,7,3,1,0,3,6,16,13,0,2005-06,Playoffs,739,Rasheed Wallace
42005,739,0040500303,2006-05-27,DET @ MIA,L,35,4,11,0.364,1,5,0.2,2,3,0.667,2,8,10,0,0,0,1,5,11,-4,0,2005-06,Playoffs,739,Rasheed Wallace
42005,739,0040500304,2006-05-29,DET @ MIA,L,29,5,13,0.385,1,3,0.333,1,2,0.5,1,4,5,1,0,0,1,6,12,-9,0,2005-06,Playoffs,739,Rasheed Wallace
42005,739,0040500305,2006-05-31,DET vs. MIA,W,41,3,11,0.273,0,4,0.0,1,2,0.5,0,5,5,1,1,2,3,3,7,11,0,2005-06,Playoffs,739,Rasheed Wallace
42005,739,0040500306,2006-06-02,DET @ MIA,L,42,4,12,0.333,2,5,0.4,0,0,0.0,1,7,8,2,0,0,1,3,10,-19,0,2005-06,Playoffs,739,Rasheed Wallace
22005,1112,0020500009,2005-11-02,DET vs. PHI,W,36,3,7,0.429,0,1,0.0,2,4,0.5,1,9,10,2,1,2,1,1,8,20,0,2005-06,Regular Season,1112,Ben Wallace
22005,1112,0020500023,2005-11-04,DET @ BOS,W,39,3,8,0.375,0,0,0.0,0,0,0.0,3,12,15,2,3,1,1,1,6,7,0,2005-06,Regular Season,1112,Ben Wallace
22005,1112,0020500034,2005-11-05,DET vs. TOR,W,29,4,9,0.444,0,0,0.0,7,10,0.7,5,8,13,4,2,3,1,4,15,24,0,2005-06,Regular Season,1112,Ben Wallace
22005,1112,0020500055,2005-11-08,DET @ SAC,W,37,3,5,0.6,0,0,0.0,3,4,0.75,3,11,14,3,1,0,2,1,9,22,0,2005-06,Regular Season,1112,Ben Wallace
22005,1112,0020500070,2005-11-10,DET @ PHX,W,44,6,10,0.6,0,0,0.0,3,5,0.6,4,12,16,0,1,1,3,1,15,6,0,2005-06,Regular Season,1112,Ben Wallace
22005,1112,0020500080,2005-11-11,DET @ POR,W,36,6,10,0.6,0,0,0.0,0,2,0.0,1,4,5,0,1,1,0,2,12,5,0,2005-06,Regular Season,1112,Ben Wallace
22005,1112,0020500103,2005-11-15,DET vs. BOS,W,38,3,6,0.5,0,0,0.0,4,4,1.0,4,5,9,3,3,3,0,1,10,8,0,2005-06,Regular Season,1112,Ben Wallace
22005,1112,0020500127,2005-11-18,DET @ HOU,W,37,2,9,0.222,0,0,0.0,1,4,0.25,7,9,16,1,2,4,1,1,5,10,0,2005-06,Regular Season,1112,Ben Wallace
22005,1112,0020500136,2005-11-19,DET @ DAL,L,24,3,4,0.75,0,0,0.0,0,2,0.0,1,3,4,1,0,1,1,1,6,-7,0,2005-06,Regular Season,1112,Ben Wallace
22005,1112,0020500160,2005-11-23,DET vs. DEN,W,33,3,9,0.333,0,0,0.0,7,8,0.875,7,6,13,1,2,5,1,1,13,23,0,2005-06,Regular Season,1112,Ben Wallace
22005,1112,0020500173,2005-11-25,DET vs. WAS,L,34,3,7,0.429,0,0,0.0,3,6,0.5,9,7,16,1,0,2,1,6,9,-20,0,2005-06,Regular Season,1112,Ben Wallace
22005,1112,0020500188,2005-11-26,DET @ MIL,W,38,0,2,0.0,0,0,0.0,2,6,0.333,3,15,18,2,3,0,0,0,2,20,0,2005-06,Regular Season,1112,Ben Wallace
22005,1112,0020500211,2005-11-30,DET @ NJN,W,38,2,5,0.4,0,0,0.0,0,0,0.0,0,8,8,3,3,1,1,2,4,23,0,2005-06,Regular Season,1112,Ben Wallace
22005,1112,0020500222,2005-12-02,DET vs. NYK,W,40,5,7,0.714,0,0,0.0,5,10,0.5,2,9,11,2,0,1,0,2,15,18,0,2005-06,Regular Season,1112,Ben Wallace
22005,1112,0020500232,2005-12-03,DET @ CHI,W,25,1,3,0.333,0,0,0.0,0,1,0.0,1,4,5,0,1,1,3,1,2,5,0,2005-06,Regular Season,1112,Ben Wallace
22005,1112,0020500279,2005-12-09,DET @ GSW,W,38,4,6,0.667,0,0,0.0,1,2,0.5,2,8,10,1,1,1,1,2,9,-2,0,2005-06,Regular Season,1112,Ben Wallace
22005,1112,0020500292,2005-12-11,DET @ LAC,W,37,3,4,0.75,0,0,0.0,7,22,0.318,3,9,12,5,1,2,0,2,13,13,0,2005-06,Regular Season,1112,Ben Wallace
22005,1112,0020500298,2005-12-12,DET @ UTA,L,36,1,3,0.333,0,0,0.0,2,2,1.0,0,6,6,2,2,1,1,5,4,-11,0,2005-06,Regular Season,1112,Ben Wallace
22005,1112,0020500312,2005-12-14,DET vs. SAC,W,42,2,5,0.4,0,0,0.0,1,3,0.333,5,12,17,3,4,5,1,3,5,10,0,2005-06,Regular Season,1112,Ben Wallace
22005,1112,0020500328,2005-12-16,DET vs. CHI,W,30,3,7,0.429,0,0,0.0,0,0,0.0,5,8,13,2,2,2,2,1,6,28,0,2005-06,Regular Season,1112,Ben Wallace
22005,1112,0020500335,2005-12-17,DET @ CHA,W,32,5,8,0.625,0,0,0.0,3,3,1.0,6,7,13,1,0,4,1,4,13,16,0,2005-06,Regular Season,1112,Ben Wallace
22005,1112,0020500350,2005-12-19,DET @ MEM,W,56,3,8,0.375,0,0,0.0,3,4,0.75,5,9,14,2,4,5,1,3,9,0,0,2005-06,Regular Season,1112,Ben Wallace
22005,1112,0020500355,2005-12-20,DET vs. POR,W,40,5,10,0.5,0,0,0.0,3,4,0.75,4,10,14,2,2,2,0,3,13,7,0,2005-06,Regular Season,1112,Ben Wallace
22005,1112,0020500376,2005-12-23,DET vs. GSW,W,35,7,10,0.7,0,0,0.0,1,6,0.167,6,8,14,2,2,2,0,1,15,11,0,2005-06,Regular Season,1112,Ben Wallace
22005,1112,0020500385,2005-12-25,DET vs. SAS,W,39,4,7,0.571,0,0,0.0,2,3,0.667,7,14,21,3,1,0,2,2,10,17,0,2005-06,Regular Season,1112,Ben Wallace
22005,1112,0020500400,2005-12-27,DET vs. TOR,W,25,0,2,0.0,0,0,0.0,2,4,0.5,0,7,7,2,0,2,1,1,2,1,0,2005-06,Regular Season,1112,Ben Wallace
22005,1112,0020500414,2005-12-29,DET vs. MIA,W,36,2,3,0.667,0,0,0.0,0,1,0.0,4,10,14,2,2,2,1,2,4,7,0,2005-06,Regular Season,1112,Ben Wallace
22005,1112,0020500426,2005-12-31,DET @ CLE,L,37,4,7,0.571,0,0,0.0,3,4,0.75,9,9,18,2,1,4,0,4,11,-8,0,2005-06,Regular Season,1112,Ben Wallace
22005,1112,0020500443,2006-01-03,DET vs. ORL,W,37,5,8,0.625,0,0,0.0,1,5,0.2,4,5,9,3,2,1,1,3,11,6,0,2005-06,Regular Season,1112,Ben Wallace
22005,1112,0020500463,2006-01-06,DET vs. SEA,W,40,5,9,0.556,0,1,0.0,3,6,0.5,9,12,21,1,0,2,0,0,13,16,0,2005-06,Regular Season,1112,Ben Wallace
22005,1112,0020500475,2006-01-07,DET vs. UTA,L,50,2,6,0.333,0,0,0.0,0,0,0.0,8,8,16,1,0,2,0,3,4,1,0,2005-06,Regular Season,1112,Ben Wallace
22005,1112,0020500496,2006-01-10,DET @ NOK,W,38,0,2,0.0,0,0,0.0,1,4,0.25,2,10,12,2,1,3,0,2,1,18,0,2005-06,Regular Season,1112,Ben Wallace
22005,1112,0020500510,2006-01-12,DET @ SAS,W,38,1,3,0.333,0,0,0.0,0,2,0.0,3,9,12,2,2,3,3,2,2,23,0,2005-06,Regular Season,1112,Ben Wallace
22005,1112,0020500523,2006-01-14,DET vs. CHA,W,31,5,9,0.556,0,1,0.0,0,0,0.0,2,11,13,3,2,5,3,0,10,6,0,2005-06,Regular Season,1112,Ben Wallace
22005,1112,0020500542,2006-01-16,DET vs. BOS,W,33,3,6,0.5,0,0,0.0,3,10,0.3,3,11,14,3,3,3,2,3,9,4,0,2005-06,Regular Season,1112,Ben Wallace
22005,1112,0020500551,2006-01-18,DET @ ATL,W,35,2,4,0.5,0,0,0.0,0,2,0.0,6,12,18,5,0,6,2,2,4,21,0,2005-06,Regular Season,1112,Ben Wallace
22005,1112,0020500562,2006-01-19,DET @ NYK,W,34,3,6,0.5,0,0,0.0,0,2,0.0,2,5,7,0,4,2,0,3,6,31,0,2005-06,Regular Season,1112,Ben Wallace
22005,1112,0020500588,2006-01-22,DET vs. HOU,W,36,5,10,0.5,0,0,0.0,3,6,0.5,8,7,15,3,2,0,1,2,13,-3,0,2005-06,Regular Season,1112,Ben Wallace
22005,1112,0020500602,2006-01-24,DET @ MIN,W,32,3,4,0.75,0,0,0.0,0,0,0.0,3,5,8,1,0,3,1,1,6,14,0,2005-06,Regular Season,1112,Ben Wallace
22005,1112,0020500608,2006-01-25,DET vs. MIL,W,41,2,3,0.667,0,0,0.0,2,2,1.0,1,5,6,2,1,5,2,1,6,-2,0,2005-06,Regular Season,1112,Ben Wallace
22005,1112,0020500624,2006-01-27,DET vs. MEM,W,41,3,5,0.6,0,0,0.0,2,6,0.333,6,7,13,4,1,4,0,4,8,0,0,2005-06,Regular Season,1112,Ben Wallace
22005,1112,0020500646,2006-01-29,DET vs. LAL,W,38,4,8,0.5,0,0,0.0,6,11,0.545,7,6,13,2,2,0,0,3,14,12,0,2005-06,Regular Season,1112,Ben Wallace
22005,1112,0020500657,2006-01-31,DET @ NJN,L,35,2,3,0.667,0,0,0.0,0,0,0.0,1,7,8,1,0,0,1,1,4,-8,0,2005-06,Regular Season,1112,Ben Wallace
22005,1112,0020500667,2006-02-01,DET vs. MIN,W,36,0,4,0.0,0,0,0.0,0,2,0.0,8,9,17,1,4,3,1,1,0,10,0,2005-06,Regular Season,1112,Ben Wallace
22005,1112,0020500680,2006-02-03,DET @ PHI,W,39,2,4,0.5,0,0,0.0,0,2,0.0,4,5,9,6,0,2,1,1,4,7,0,2005-06,Regular Season,1112,Ben Wallace
22005,1112,0020500688,2006-02-04,DET @ IND,L,37,0,2,0.0,0,0,0.0,0,3,0.0,3,9,12,2,3,1,0,0,0,-12,0,2005-06,Regular Season,1112,Ben Wallace
22005,1112,0020500706,2006-02-07,DET @ ATL,L,34,2,5,0.4,0,0,0.0,1,4,0.25,4,7,11,3,2,3,1,4,5,4,0,2005-06,Regular Season,1112,Ben Wallace
22005,1112,0020500716,2006-02-08,DET vs. LAC,W,32,3,5,0.6,0,0,0.0,2,6,0.333,2,11,13,1,1,2,0,4,8,-6,0,2005-06,Regular Season,1112,Ben Wallace
22005,1112,0020500726,2006-02-10,DET @ ORL,W,32,2,5,0.4,0,0,0.0,1,1,1.0,4,6,10,2,1,0,1,1,5,17,0,2005-06,Regular Season,1112,Ben Wallace
22005,1112,0020500745,2006-02-12,DET @ MIA,L,34,1,2,0.5,0,0,0.0,1,2,0.5,1,6,7,3,1,1,2,3,3,-7,0,2005-06,Regular Season,1112,Ben Wallace
22005,1112,0020500760,2006-02-14,DET vs. NJN,W,30,5,7,0.714,0,0,0.0,0,1,0.0,3,10,13,1,1,0,0,2,10,24,0,2005-06,Regular Season,1112,Ben Wallace
22005,1112,0020500782,2006-02-21,DET vs. ATL,W,42,4,11,0.364,0,0,0.0,1,2,0.5,9,8,17,4,5,6,2,2,9,12,0,2005-06,Regular Season,1112,Ben Wallace
22005,1112,0020500800,2006-02-23,DET vs. IND,W,32,5,8,0.625,0,0,0.0,3,3,1.0,2,6,8,1,4,5,1,2,13,12,0,2005-06,Regular Season,1112,Ben Wallace
22005,1112,0020500809,2006-02-24,DET @ CHI,W,43,4,6,0.667,0,0,0.0,2,4,0.5,4,5,9,0,3,2,0,2,10,3,0,2005-06,Regular Season,1112,Ben Wallace
22005,1112,0020500822,2006-02-26,DET vs. CLE,W,37,5,7,0.714,0,0,0.0,1,2,0.5,7,12,19,3,4,5,2,3,11,20,0,2005-06,Regular Season,1112,Ben Wallace
22005,1112,0020500829,2006-02-27,DET @ CLE,W,37,0,3,0.0,0,0,0.0,0,0,0.0,2,10,12,4,2,0,1,0,0,17,0,2005-06,Regular Season,1112,Ben Wallace
22005,1112,0020500849,2006-03-01,DET @ DEN,L,37,4,6,0.667,0,0,0.0,0,0,0.0,4,10,14,2,1,2,2,0,8,-14,0,2005-06,Regular Season,1112,Ben Wallace
22005,1112,0020500866,2006-03-03,DET @ SEA,W,40,4,6,0.667,0,0,0.0,1,8,0.125,5,5,10,1,2,0,1,1,9,3,0,2005-06,Regular Season,1112,Ben Wallace
22005,1112,0020500873,2006-03-04,DET @ LAL,L,33,3,4,0.75,0,0,0.0,1,4,0.25,0,5,5,3,1,1,1,1,7,-12,0,2005-06,Regular Season,1112,Ben Wallace
22005,1112,0020500901,2006-03-08,DET vs. CHI,W,35,4,7,0.571,0,0,0.0,0,2,0.0,6,5,11,2,4,1,1,0,8,8,0,2005-06,Regular Season,1112,Ben Wallace
22005,1112,0020500919,2006-03-11,DET @ WAS,L,32,1,2,0.5,0,0,0.0,1,2,0.5,1,3,4,2,0,0,0,2,3,-8,0,2005-06,Regular Season,1112,Ben Wallace
22005,1112,0020500932,2006-03-12,DET vs. CHA,W,31,4,7,0.571,0,0,0.0,0,0,0.0,4,11,15,2,0,3,0,0,8,9,0,2005-06,Regular Season,1112,Ben Wallace
22005,1112,0020500950,2006-03-15,DET @ TOR,W,38,0,2,0.0,0,0,0.0,2,4,0.5,2,7,9,2,1,4,1,0,2,-2,0,2005-06,Regular Season,1112,Ben Wallace
22005,1112,0020500969,2006-03-17,DET @ NYK,L,35,3,6,0.5,0,0,0.0,4,9,0.444,3,4,7,0,3,2,1,3,10,-5,0,2005-06,Regular Season,1112,Ben Wallace
22005,1112,0020500975,2006-03-18,DET @ CHA,W,38,5,5,1.0,0,0,0.0,0,4,0.0,2,2,4,1,1,2,3,4,10,9,0,2005-06,Regular Season,1112,Ben Wallace
22005,1112,0020500989,2006-03-20,DET vs. ATL,W,31,2,6,0.333,0,0,0.0,1,4,0.25,4,9,13,1,4,3,2,2,5,2,0,2005-06,Regular Season,1112,Ben Wallace
22005,1112,0020501007,2006-03-22,DET vs. MIA,W,32,2,4,0.5,0,0,0.0,2,2,1.0,3,7,10,0,2,1,0,3,6,9,0,2005-06,Regular Season,1112,Ben Wallace
22005,1112,0020501019,2006-03-24,DET @ IND,W,26,1,2,0.5,0,0,0.0,1,8,0.125,2,5,7,1,3,1,2,1,3,-1,0,2005-06,Regular Season,1112,Ben Wallace
22005,1112,0020501035,2006-03-26,DET vs. NJN,L,34,3,6,0.5,0,0,0.0,1,4,0.25,1,10,11,1,1,5,1,2,7,-10,0,2005-06,Regular Season,1112,Ben Wallace
22005,1112,0020501048,2006-03-28,DET vs. DAL,W,35,4,9,0.444,0,0,0.0,0,4,0.0,5,6,11,4,2,2,2,2,8,18,0,2005-06,Regular Season,1112,Ben Wallace
22005,1112,0020501055,2006-03-29,DET @ PHI,W,32,3,4,0.75,0,0,0.0,0,1,0.0,6,5,11,4,3,1,1,2,6,13,0,2005-06,Regular Season,1112,Ben Wallace
22005,1112,0020501072,2006-03-31,DET vs. MIL,W,34,3,3,1.0,0,0,0.0,0,0,0.0,2,4,6,1,1,3,2,1,6,-2,0,2005-06,Regular Season,1112,Ben Wallace
22005,1112,0020501086,2006-04-02,DET vs. PHX,W,37,5,7,0.714,0,0,0.0,1,6,0.167,4,8,12,1,5,3,0,5,11,14,0,2005-06,Regular Season,1112,Ben Wallace
22005,1112,0020501101,2006-04-04,DET vs. NOK,W,35,1,5,0.2,0,0,0.0,0,0,0.0,4,6,10,1,1,3,3,1,2,13,0,2005-06,Regular Season,1112,Ben Wallace
22005,1112,0020501119,2006-04-06,DET @ MIA,W,36,2,3,0.667,0,0,0.0,2,7,0.286,1,8,9,0,2,3,1,4,6,12,0,2005-06,Regular Season,1112,Ben Wallace
22005,1112,0020501123,2006-04-07,DET @ ORL,L,31,1,1,1.0,0,0,0.0,0,2,0.0,0,5,5,0,2,1,0,0,2,-2,0,2005-06,Regular Season,1112,Ben Wallace
22005,1112,0020501141,2006-04-09,DET vs. IND,W,34,2,5,0.4,0,0,0.0,0,0,0.0,9,13,22,4,3,2,1,2,4,30,0,2005-06,Regular Season,1112,Ben Wallace
22005,1112,0020501167,2006-04-12,DET vs. CLE,W,35,1,4,0.25,0,0,0.0,3,4,0.75,5,4,9,2,2,2,1,4,5,13,0,2005-06,Regular Season,1112,Ben Wallace
22005,1112,0020501177,2006-04-14,DET @ TOR,L,28,3,6,0.5,0,0,0.0,1,2,0.5,0,7,7,0,0,5,1,2,7,10,0,2005-06,Regular Season,1112,Ben Wallace
22005,1112,0020501198,2006-04-16,DET vs. NYK,W,33,2,2,1.0,0,0,0.0,1,3,0.333,1,4,5,2,3,1,2,3,5,19,0,2005-06,Regular Season,1112,Ben Wallace
22005,1112,0020501207,2006-04-17,DET @ MIL,L,19,4,10,0.4,0,0,0.0,1,2,0.5,1,2,3,1,2,0,0,2,9,-24,0,2005-06,Regular Season,1112,Ben Wallace
22005,1112,0020501222,2006-04-19,DET vs. WAS,L,26,2,7,0.286,0,1,0.0,2,2,1.0,1,4,5,2,1,3,4,4,6,3,0,2005-06,Regular Season,1112,Ben Wallace
42005,1112,0040500101,2006-04-23,DET vs. MIL,W,34,1,3,0.333,0,1,0.0,2,4,0.5,3,14,17,1,2,2,1,1,4,7,0,2005-06,Playoffs,1112,Ben Wallace
42005,1112,0040500102,2006-04-26,DET vs. MIL,W,32,2,7,0.286,0,0,0.0,0,0,0.0,3,8,11,4,2,1,1,1,4,6,0,2005-06,Playoffs,1112,Ben Wallace
42005,1112,0040500103,2006-04-29,DET @ MIL,L,29,0,1,0.0,0,0,0.0,1,4,0.25,1,4,5,1,1,1,1,2,1,-14,0,2005-06,Playoffs,1112,Ben Wallace
42005,1112,0040500104,2006-05-01,DET @ MIL,W,27,0,2,0.0,0,0,0.0,1,4,0.25,1,3,4,1,0,1,0,4,1,1,0,2005-06,Playoffs,1112,Ben Wallace
42005,1112,0040500105,2006-05-03,DET vs. MIL,W,34,1,3,0.333,0,0,0.0,0,2,0.0,4,10,14,3,2,1,2,4,2,33,0,2005-06,Playoffs,1112,Ben Wallace
42005,1112,0040500201,2006-05-07,DET vs. CLE,W,37,1,4,0.25,0,0,0.0,0,2,0.0,3,8,11,2,0,4,0,0,2,38,0,2005-06,Playoffs,1112,Ben Wallace
42005,1112,0040500202,2006-05-09,DET vs. CLE,W,42,4,7,0.571,0,0,0.0,2,4,0.5,4,11,15,1,2,0,0,2,10,13,0,2005-06,Playoffs,1112,Ben Wallace
42005,1112,0040500203,2006-05-13,DET @ CLE,L,38,2,4,0.5,0,0,0.0,1,3,0.333,5,8,13,2,1,0,1,1,5,0,0,2005-06,Playoffs,1112,Ben Wallace
42005,1112,0040500204,2006-05-15,DET @ CLE,L,43,0,2,0.0,0,0,0.0,1,2,0.5,6,4,10,1,1,3,2,3,1,5,0,2005-06,Playoffs,1112,Ben Wallace
42005,1112,0040500205,2006-05-17,DET vs. CLE,L,41,4,9,0.444,0,0,0.0,0,7,0.0,4,9,13,1,1,2,0,2,8,5,0,2005-06,Playoffs,1112,Ben Wallace
42005,1112,0040500206,2006-05-19,DET @ CLE,W,41,1,4,0.25,0,0,0.0,2,6,0.333,3,7,10,2,1,0,1,3,4,6,0,2005-06,Playoffs,1112,Ben Wallace
42005,1112,0040500207,2006-05-21,DET vs. CLE,W,37,3,4,0.75,0,0,0.0,0,4,0.0,2,7,9,2,2,3,2,2,6,22,0,2005-06,Playoffs,1112,Ben Wallace
42005,1112,0040500301,2006-05-23,DET vs. MIA,L,40,3,3,1.0,0,0,0.0,0,2,0.0,3,11,14,3,3,0,0,2,6,-9,0,2005-06,Playoffs,1112,Ben Wallace
42005,1112,0040500302,2006-05-25,DET vs. MIA,W,37,4,4,1.0,0,0,0.0,1,2,0.5,3,9,12,3,1,1,3,3,9,5,0,2005-06,Playoffs,1112,Ben Wallace
42005,1112,0040500303,2006-05-27,DET @ MIA,L,34,0,1,0.0,0,0,0.0,2,10,0.2,2,4,6,1,2,0,1,3,2,-9,0,2005-06,Playoffs,1112,Ben Wallace
42005,1112,0040500304,2006-05-29,DET @ MIA,L,30,2,4,0.5,0,0,0.0,0,2,0.0,6,5,11,2,1,0,0,4,4,-8,0,2005-06,Playoffs,1112,Ben Wallace
42005,1112,0040500305,2006-05-31,DET vs. MIA,W,35,3,4,0.75,0,0,0.0,2,4,0.5,4,3,7,0,2,3,0,3,8,-3,0,2005-06,Playoffs,1112,Ben Wallace
42005,1112,0040500306,2006-06-02,DET @ MIA,L,31,2,5,0.4,0,0,0.0,3,4,0.75,3,4,7,1,0,0,0,1,7,-12,0,2005-06,Playoffs,1112,Ben Wallace
22005,185,0020500001,2005-11-01,PHI vs. MIL,L,48,14,28,0.5,0,1,0.0,4,4,1.0,5,9,14,5,1,2,3,4,32,-8,0,2005-06,Regular Season,185,Chris Webber
22005,185,0020500009,2005-11-02,PHI @ DET,L,37,7,16,0.438,0,0,0.0,2,3,0.667,3,6,9,1,1,1,3,4,16,-14,0,2005-06,Regular Season,185,Chris Webber
22005,185,0020500021,2005-11-04,PHI vs. CHA,L,38,6,17,0.353,0,0,0.0,8,9,0.889,1,6,7,1,3,0,2,3,20,-14,0,2005-06,Regular Season,185,Chris Webber
22005,185,0020500035,2005-11-05,PHI @ IND,W,41,9,14,0.643,0,1,0.0,7,7,1.0,1,8,9,3,2,0,3,3,25,1,0,2005-06,Regular Season,185,Chris Webber
22005,185,0020500056,2005-11-09,PHI vs. DAL,W,38,7,18,0.389,0,0,0.0,5,6,0.833,2,9,11,2,1,3,3,3,19,-7,0,2005-06,Regular Season,185,Chris Webber
22005,185,0020500077,2005-11-11,PHI vs. LAL,W,38,4,13,0.308,0,0,0.0,2,2,1.0,3,6,9,3,2,1,4,4,10,13,0,2005-06,Regular Season,185,Chris Webber
22005,185,0020500091,2005-11-13,PHI vs. LAC,W,41,4,17,0.235,0,0,0.0,5,6,0.833,2,4,6,2,2,1,3,5,13,2,0,2005-06,Regular Season,185,Chris Webber
22005,185,0020500098,2005-11-15,PHI vs. TOR,W,34,11,19,0.579,0,0,0.0,6,6,1.0,4,12,16,5,1,1,2,4,28,19,0,2005-06,Regular Season,185,Chris Webber
22005,185,0020500109,2005-11-16,PHI @ TOR,W,42,8,22,0.364,0,0,0.0,5,5,1.0,2,6,8,7,2,0,4,3,21,11,0,2005-06,Regular Season,185,Chris Webber
22005,185,0020500123,2005-11-18,PHI @ MIA,L,43,9,19,0.474,1,1,1.0,2,3,0.667,3,7,10,2,1,3,5,1,21,-8,0,2005-06,Regular Season,185,Chris Webber
22005,185,0020500132,2005-11-19,PHI vs. CLE,L,40,12,20,0.6,0,1,0.0,2,2,1.0,0,11,11,4,1,1,0,4,26,5,0,2005-06,Regular Season,185,Chris Webber
22005,185,0020500146,2005-11-21,PHI vs. NOK,W,36,7,16,0.438,0,0,0.0,1,1,1.0,6,4,10,5,1,1,0,3,15,16,0,2005-06,Regular Season,185,Chris Webber
22005,185,0020500162,2005-11-23,PHI @ MIL,L,39,5,15,0.333,0,1,0.0,1,2,0.5,2,9,11,4,0,0,4,1,11,-12,0,2005-06,Regular Season,185,Chris Webber
22005,185,0020500182,2005-11-26,PHI @ NYK,L,47,8,18,0.444,0,1,0.0,3,4,0.75,3,6,9,2,0,2,3,3,19,-1,0,2005-06,Regular Season,185,Chris Webber
22005,185,0020500198,2005-11-29,PHI vs. POR,W,35,6,19,0.316,0,0,0.0,4,5,0.8,6,9,15,3,0,0,2,4,16,16,0,2005-06,Regular Season,185,Chris Webber
22005,185,0020500210,2005-11-30,PHI @ BOS,L,42,11,26,0.423,1,1,1.0,5,6,0.833,1,7,8,4,0,1,1,3,28,-9,0,2005-06,Regular Season,185,Chris Webber
22005,185,0020500224,2005-12-02,PHI @ NOK,L,45,12,25,0.48,0,1,0.0,0,1,0.0,3,7,10,3,1,3,2,5,24,2,0,2005-06,Regular Season,185,Chris Webber
22005,185,0020500236,2005-12-03,PHI @ SAS,L,38,4,16,0.25,0,1,0.0,3,4,0.75,4,9,13,3,1,0,2,2,11,-6,0,2005-06,Regular Season,185,Chris Webber
22005,185,0020500259,2005-12-07,PHI vs. MIL,L,32,4,15,0.267,0,1,0.0,3,3,1.0,1,5,6,3,2,0,3,3,11,-7,0,2005-06,Regular Season,185,Chris Webber
22005,185,0020500270,2005-12-09,PHI vs. CHA,W,34,6,14,0.429,0,0,0.0,0,0,0.0,1,9,10,6,0,1,3,1,12,7,0,2005-06,Regular Season,185,Chris Webber
22005,185,0020500283,2005-12-10,PHI @ NJN,W,40,6,14,0.429,0,1,0.0,1,2,0.5,0,9,9,7,0,0,2,2,13,10,0,2005-06,Regular Season,185,Chris Webber
22005,185,0020500295,2005-12-12,PHI vs. MIN,W,44,13,25,0.52,0,0,0.0,1,1,1.0,3,18,21,3,0,2,1,1,27,-4,0,2005-06,Regular Season,185,Chris Webber
22005,185,0020500308,2005-12-14,PHI vs. ATL,W,39,10,23,0.435,0,0,0.0,9,10,0.9,3,5,8,3,2,0,3,3,29,-2,0,2005-06,Regular Season,185,Chris Webber
22005,185,0020500323,2005-12-16,PHI vs. MIA,L,46,9,19,0.474,0,1,0.0,5,6,0.833,0,7,7,3,2,0,0,4,23,-9,0,2005-06,Regular Season,185,Chris Webber
22005,185,0020500341,2005-12-18,PHI @ TOR,W,30,4,15,0.267,0,1,0.0,4,4,1.0,2,4,6,4,5,0,1,2,12,22,0,2005-06,Regular Season,185,Chris Webber
22005,185,0020500360,2005-12-21,PHI vs. GSW,W,43,9,22,0.409,0,0,0.0,9,10,0.9,2,5,7,1,3,0,1,3,27,14,0,2005-06,Regular Season,185,Chris Webber
22005,185,0020500371,2005-12-23,PHI @ ATL,L,44,8,21,0.381,0,0,0.0,0,2,0.0,4,7,11,1,5,0,2,2,16,3,0,2005-06,Regular Season,185,Chris Webber
22005,185,0020500403,2005-12-27,PHI @ DEN,W,43,15,22,0.682,0,0,0.0,2,4,0.5,7,8,15,7,1,1,4,2,32,5,0,2005-06,Regular Season,185,Chris Webber
22005,185,0020500411,2005-12-28,PHI @ POR,L,43,4,15,0.267,1,1,1.0,2,4,0.5,3,8,11,3,1,1,2,5,11,-4,0,2005-06,Regular Season,185,Chris Webber
22005,185,0020500430,2005-12-31,PHI @ UTA,L,40,9,18,0.5,0,1,0.0,3,4,0.75,1,7,8,2,0,2,4,4,21,-2,0,2005-06,Regular Season,185,Chris Webber
22005,185,0020500447,2006-01-03,PHI @ SAC,W,38,9,20,0.45,0,1,0.0,2,5,0.4,2,14,16,2,2,0,1,4,20,-4,0,2005-06,Regular Season,185,Chris Webber
22005,185,0020500471,2006-01-06,PHI @ LAL,L,27,5,16,0.313,0,1,0.0,2,3,0.667,4,6,10,0,0,0,1,4,12,-13,0,2005-06,Regular Season,185,Chris Webber
22005,185,0020500501,2006-01-11,PHI vs. UTA,L,38,8,19,0.421,0,3,0.0,5,7,0.714,2,3,5,1,1,0,4,6,21,6,0,2005-06,Regular Season,185,Chris Webber
22005,185,0020500516,2006-01-13,PHI vs. BOS,W,51,11,26,0.423,1,1,1.0,8,10,0.8,3,10,13,4,2,2,3,5,31,-10,0,2005-06,Regular Season,185,Chris Webber
22005,185,0020500537,2006-01-16,PHI @ WAS,L,20,4,12,0.333,0,0,0.0,1,1,1.0,2,1,3,1,0,0,2,4,9,-27,0,2005-06,Regular Season,185,Chris Webber
22005,185,0020500550,2006-01-18,PHI vs. NJN,L,37,4,10,0.4,1,1,1.0,6,9,0.667,0,8,8,3,1,0,1,2,15,-9,0,2005-06,Regular Season,185,Chris Webber
22005,185,0020500564,2006-01-20,PHI vs. MEM,W,40,11,19,0.579,0,0,0.0,7,11,0.636,1,7,8,2,2,1,3,4,29,0,0,2005-06,Regular Season,185,Chris Webber
22005,185,0020500585,2006-01-22,PHI @ MIN,W,39,4,16,0.25,1,1,1.0,2,4,0.5,3,5,8,1,2,0,0,2,11,-5,0,2005-06,Regular Season,185,Chris Webber
22005,185,0020500598,2006-01-24,PHI vs. SAC,W,40,7,19,0.368,0,0,0.0,3,4,0.75,3,10,13,3,1,1,3,3,17,10,0,2005-06,Regular Season,185,Chris Webber
22005,185,0020500616,2006-01-26,PHI vs. ORL,L,39,13,22,0.591,2,2,1.0,4,4,1.0,5,6,11,0,4,3,1,2,32,-8,0,2005-06,Regular Season,185,Chris Webber
22005,185,0020500633,2006-01-28,PHI vs. NYK,W,37,9,23,0.391,0,1,0.0,3,4,0.75,2,8,10,4,1,3,3,2,21,14,0,2005-06,Regular Season,185,Chris Webber
22005,185,0020500645,2006-01-29,PHI @ ORL,W,39,6,19,0.316,0,2,0.0,6,9,0.667,2,3,5,8,3,0,4,1,18,3,0,2005-06,Regular Season,185,Chris Webber
22005,185,0020500655,2006-01-31,PHI vs. PHX,L,30,6,22,0.273,0,1,0.0,3,3,1.0,2,3,5,4,0,0,1,0,15,-12,0,2005-06,Regular Season,185,Chris Webber
22005,185,0020500680,2006-02-03,PHI vs. DET,L,41,8,21,0.381,0,0,0.0,1,2,0.5,2,7,9,5,2,0,2,1,17,-12,0,2005-06,Regular Season,185,Chris Webber
22005,185,0020500687,2006-02-04,PHI @ CLE,W,34,12,19,0.632,0,1,0.0,2,3,0.667,3,5,8,4,1,0,3,5,26,5,0,2005-06,Regular Season,185,Chris Webber
22005,185,0020500698,2006-02-06,PHI vs. HOU,L,35,8,20,0.4,0,2,0.0,2,2,1.0,5,10,15,1,0,0,7,2,18,-14,0,2005-06,Regular Season,185,Chris Webber
22005,185,0020500715,2006-02-08,PHI @ CHA,L,36,7,16,0.438,1,2,0.5,2,3,0.667,3,9,12,4,1,1,4,5,17,-10,0,2005-06,Regular Season,185,Chris Webber
22005,185,0020500743,2006-02-12,PHI @ WAS,L,41,11,22,0.5,1,1,1.0,1,1,1.0,5,8,13,5,0,1,0,5,24,-16,0,2005-06,Regular Season,185,Chris Webber
22005,185,0020500764,2006-02-15,PHI vs. SAS,W,39,6,18,0.333,1,2,0.5,8,11,0.727,0,6,6,2,5,1,4,4,21,4,0,2005-06,Regular Season,185,Chris Webber
22005,185,0020500777,2006-02-16,PHI @ CHI,L,24,5,14,0.357,0,1,0.0,4,4,1.0,1,6,7,1,0,0,0,0,14,-15,0,2005-06,Regular Season,185,Chris Webber
22005,185,0020500791,2006-02-22,PHI vs. CLE,W,42,10,16,0.625,0,0,0.0,4,6,0.667,0,14,14,4,2,1,1,4,24,13,0,2005-06,Regular Season,185,Chris Webber
22005,185,0020500810,2006-02-24,PHI @ MIL,W,33,8,19,0.421,1,1,1.0,2,6,0.333,3,6,9,3,1,0,2,3,19,6,0,2005-06,Regular Season,185,Chris Webber
22005,185,0020500833,2006-02-27,PHI @ DAL,L,38,9,17,0.529,0,1,0.0,1,1,1.0,1,7,8,4,2,1,1,4,19,-5,0,2005-06,Regular Season,185,Chris Webber
22005,185,0020500848,2006-03-01,PHI @ HOU,W,37,8,21,0.381,0,1,0.0,5,6,0.833,2,11,13,2,1,0,3,2,21,5,0,2005-06,Regular Season,185,Chris Webber
22005,185,0020500857,2006-03-03,PHI vs. WAS,W,40,12,22,0.545,1,2,0.5,5,7,0.714,2,10,12,8,0,4,5,3,30,14,0,2005-06,Regular Season,185,Chris Webber
22005,185,0020500875,2006-03-05,PHI vs. IND,L,39,7,22,0.318,0,2,0.0,3,6,0.5,2,3,5,4,1,0,6,1,17,-4,0,2005-06,Regular Season,185,Chris Webber
22005,185,0020500898,2006-03-08,PHI @ BOS,L,31,6,14,0.429,0,0,0.0,6,6,1.0,1,6,7,4,2,0,4,1,18,4,0,2005-06,Regular Season,185,Chris Webber
22005,185,0020500907,2006-03-09,PHI vs. DEN,L,42,5,19,0.263,1,1,1.0,6,12,0.5,6,14,20,4,2,0,3,1,17,-1,0,2005-06,Regular Season,185,Chris Webber
22005,185,0020500931,2006-03-12,PHI @ MEM,W,45,12,19,0.632,1,2,0.5,6,7,0.857,2,8,10,9,1,2,1,5,31,2,0,2005-06,Regular Season,185,Chris Webber
22005,185,0020500941,2006-03-14,PHI vs. TOR,L,41,11,21,0.524,1,2,0.5,0,0,0.0,2,9,11,5,1,1,4,3,23,-7,0,2005-06,Regular Season,185,Chris Webber
22005,185,0020500962,2006-03-16,PHI @ SEA,L,42,9,26,0.346,1,3,0.333,1,2,0.5,0,11,11,3,0,1,3,1,20,1,0,2005-06,Regular Season,185,Chris Webber
22005,185,0020500973,2006-03-17,PHI @ LAC,L,38,8,22,0.364,0,1,0.0,3,5,0.6,4,5,9,6,1,2,1,2,19,-12,0,2005-06,Regular Season,185,Chris Webber
22005,185,0020500986,2006-03-19,PHI @ GSW,L,39,7,21,0.333,0,1,0.0,7,8,0.875,3,6,9,4,0,2,2,4,21,-5,0,2005-06,Regular Season,185,Chris Webber
22005,185,0020501002,2006-03-22,PHI vs. ATL,W,33,10,20,0.5,1,2,0.5,0,0,0.0,5,5,10,0,3,2,2,2,21,22,0,2005-06,Regular Season,185,Chris Webber
22005,185,0020501018,2006-03-24,PHI vs. ORL,L,40,10,24,0.417,2,3,0.667,1,2,0.5,6,9,15,3,0,2,3,5,23,-20,0,2005-06,Regular Season,185,Chris Webber
22005,185,0020501032,2006-03-26,PHI @ IND,L,40,10,19,0.526,0,2,0.0,4,4,1.0,1,4,5,3,4,2,2,3,24,-6,0,2005-06,Regular Season,185,Chris Webber
22005,185,0020501055,2006-03-29,PHI vs. DET,L,42,7,17,0.412,0,3,0.0,9,9,1.0,0,5,5,4,0,0,3,0,23,-1,0,2005-06,Regular Season,185,Chris Webber
22005,185,0020501070,2006-03-31,PHI @ NYK,W,44,14,23,0.609,0,1,0.0,6,8,0.75,2,10,12,3,1,0,2,5,34,7,0,2005-06,Regular Season,185,Chris Webber
22005,185,0020501085,2006-04-02,PHI vs. NYK,W,32,9,18,0.5,0,1,0.0,2,2,1.0,1,4,5,4,7,0,3,2,20,16,0,2005-06,Regular Season,185,Chris Webber
22005,185,0020501097,2006-04-04,PHI @ CLE,L,33,9,17,0.529,1,2,0.5,2,2,1.0,4,5,9,5,0,1,2,3,21,-33,0,2005-06,Regular Season,185,Chris Webber
22005,185,0020501109,2006-04-05,PHI vs. CHI,L,43,10,21,0.476,0,2,0.0,3,6,0.5,1,9,10,7,2,0,2,1,23,-2,0,2005-06,Regular Season,185,Chris Webber
22005,185,0020501121,2006-04-07,PHI vs. BOS,L,40,7,17,0.412,0,2,0.0,4,8,0.5,3,8,11,4,0,0,1,3,18,-9,0,2005-06,Regular Season,185,Chris Webber
22005,185,0020501165,2006-04-12,PHI @ NJN,W,29,8,18,0.444,0,2,0.0,2,3,0.667,3,8,11,1,0,0,0,1,18,5,0,2005-06,Regular Season,185,Chris Webber
22005,185,0020501181,2006-04-14,PHI @ MIA,L,38,7,16,0.438,0,1,0.0,3,4,0.75,2,7,9,2,2,0,5,3,17,-35,0,2005-06,Regular Season,185,Chris Webber
22005,185,0020501188,2006-04-15,PHI @ ORL,L,37,9,19,0.474,0,1,0.0,2,2,1.0,0,11,11,3,1,1,2,5,20,-12,0,2005-06,Regular Season,185,Chris Webber
22005,2546,0020500002,2005-11-01,DEN @ SAS,L,35,10,17,0.588,0,1,0.0,3,5,0.6,6,2,8,4,0,1,3,4,23,-14,0,2005-06,Regular Season,2546,Carmelo Anthony
22005,2546,0020500016,2005-11-02,DEN vs. LAL,L,42,6,17,0.353,0,1,0.0,4,6,0.667,2,4,6,6,3,1,6,6,16,0,0,2005-06,Regular Season,2546,Carmelo Anthony
22005,2546,0020500027,2005-11-04,DEN vs. POR,W,26,6,13,0.462,1,2,0.5,1,2,0.5,0,5,5,2,1,1,1,0,14,13,0,2005-06,Regular Season,2546,Carmelo Anthony
22005,2546,0020500045,2005-11-06,DEN @ LAL,L,36,8,16,0.5,0,2,0.0,5,6,0.833,2,4,6,2,2,0,6,4,21,-27,0,2005-06,Regular Season,2546,Carmelo Anthony
22005,2546,0020500067,2005-11-09,DEN vs. SAC,W,33,6,13,0.462,0,2,0.0,6,7,0.857,3,5,8,3,0,0,3,4,18,7,0,2005-06,Regular Season,2546,Carmelo Anthony
22005,2546,0020500078,2005-11-11,DEN @ SAC,L,36,4,15,0.267,0,2,0.0,3,4,0.75,0,1,1,6,2,0,2,2,11,-9,0,2005-06,Regular Season,2546,Carmelo Anthony
22005,2546,0020500093,2005-11-13,DEN vs. MIN,W,35,7,18,0.389,0,1,0.0,9,11,0.818,3,3,6,5,1,0,5,5,23,7,0,2005-06,Regular Season,2546,Carmelo Anthony
22005,2546,0020500105,2005-11-15,DEN @ DAL,L,40,9,22,0.409,0,2,0.0,6,7,0.857,0,3,3,2,0,1,3,2,24,6,0,2005-06,Regular Season,2546,Carmelo Anthony
22005,2546,0020500112,2005-11-16,DEN @ NOK,W,39,12,22,0.545,1,1,1.0,6,7,0.857,1,4,5,2,4,0,1,2,31,13,0,2005-06,Regular Season,2546,Carmelo Anthony
22005,2546,0020500125,2005-11-18,DEN vs. NYK,W,35,8,15,0.533,0,1,0.0,9,12,0.75,0,5,5,3,2,0,3,4,25,10,0,2005-06,Regular Season,2546,Carmelo Anthony
22005,2546,0020500143,2005-11-20,DEN vs. MEM,W,36,10,23,0.435,0,2,0.0,1,5,0.2,5,5,10,2,0,2,2,2,21,15,0,2005-06,Regular Season,2546,Carmelo Anthony
22005,2546,0020500150,2005-11-22,DEN @ WAS,W,39,5,17,0.294,0,3,0.0,18,22,0.818,4,7,11,3,1,0,1,5,28,4,0,2005-06,Regular Season,2546,Carmelo Anthony
22005,2546,0020500160,2005-11-23,DEN @ DET,L,26,4,15,0.267,0,1,0.0,4,4,1.0,2,2,4,0,0,0,1,1,12,-18,0,2005-06,Regular Season,2546,Carmelo Anthony
22005,2546,0020500177,2005-11-25,DEN vs. LAC,W,37,11,17,0.647,1,2,0.5,12,14,0.857,1,5,6,4,1,2,1,5,35,5,0,2005-06,Regular Season,2546,Carmelo Anthony
22005,2546,0020500196,2005-11-28,DEN vs. NJN,L,2,0,1,0.0,0,0,0.0,2,2,1.0,0,0,0,0,0,1,0,0,2,-4,0,2005-06,Regular Season,2546,Carmelo Anthony
22005,2546,0020500225,2005-12-02,DEN @ PHX,L,27,9,15,0.6,2,2,1.0,2,2,1.0,0,1,1,0,0,0,5,4,22,-16,0,2005-06,Regular Season,2546,Carmelo Anthony
22005,2546,0020500237,2005-12-03,DEN vs. MIA,W,29,10,20,0.5,0,1,0.0,3,3,1.0,0,1,1,3,0,0,1,5,23,-10,0,2005-06,Regular Season,2546,Carmelo Anthony
22005,2546,0020500254,2005-12-06,DEN vs. ATL,W,39,7,16,0.438,0,0,0.0,12,13,0.923,2,4,6,6,2,1,5,3,26,6,0,2005-06,Regular Season,2546,Carmelo Anthony
22005,2546,0020500271,2005-12-09,DEN @ MIA,W,42,13,30,0.433,1,2,0.5,13,14,0.929,1,3,4,3,2,0,3,4,40,10,0,2005-06,Regular Season,2546,Carmelo Anthony
22005,2546,0020500282,2005-12-10,DEN @ ORL,L,36,7,14,0.5,0,1,0.0,9,11,0.818,1,3,4,1,1,0,3,3,23,-9,0,2005-06,Regular Season,2546,Carmelo Anthony
22005,2546,0020500302,2005-12-13,DEN @ CHA,W,40,13,18,0.722,1,1,1.0,15,18,0.833,2,6,8,4,4,2,4,4,42,19,0,2005-06,Regular Season,2546,Carmelo Anthony
22005,2546,0020500319,2005-12-15,DEN @ CLE,L,41,8,23,0.348,0,1,0.0,7,12,0.583,3,2,5,1,1,0,3,4,23,-20,0,2005-06,Regular Season,2546,Carmelo Anthony
22005,2546,0020500327,2005-12-16,DEN @ NJN,L,42,6,23,0.261,1,4,0.25,7,8,0.875,1,4,5,5,0,0,2,6,20,-15,0,2005-06,Regular Season,2546,Carmelo Anthony
22005,2546,0020500342,2005-12-18,DEN @ ATL,L,48,9,24,0.375,0,2,0.0,19,24,0.792,3,8,11,4,3,0,6,4,37,-7,0,2005-06,Regular Season,2546,Carmelo Anthony
22005,2546,0020500368,2005-12-21,DEN vs. WAS,L,40,9,20,0.45,1,3,0.333,10,13,0.769,3,3,6,3,0,0,6,5,29,-11,0,2005-06,Regular Season,2546,Carmelo Anthony
22005,2546,0020500382,2005-12-23,DEN vs. HOU,W,33,9,19,0.474,2,4,0.5,5,9,0.556,1,3,4,3,0,0,5,2,25,19,0,2005-06,Regular Season,2546,Carmelo Anthony
22005,2546,0020500396,2005-12-26,DEN @ GSW,W,36,10,15,0.667,0,2,0.0,8,9,0.889,2,2,4,2,2,0,2,2,28,7,0,2005-06,Regular Season,2546,Carmelo Anthony
22005,2546,0020500403,2005-12-27,DEN vs. PHI,L,39,17,30,0.567,1,2,0.5,10,12,0.833,5,3,8,1,1,0,4,5,45,2,0,2005-06,Regular Season,2546,Carmelo Anthony
22005,2546,0020500416,2005-12-29,DEN vs. SEA,L,39,13,26,0.5,1,4,0.25,5,6,0.833,2,2,4,2,4,0,3,3,32,-5,0,2005-06,Regular Season,2546,Carmelo Anthony
22005,2546,0020500431,2005-12-31,DEN vs. SAS,L,39,8,22,0.364,0,1,0.0,9,13,0.692,6,2,8,3,1,0,4,4,25,-13,0,2005-06,Regular Season,2546,Carmelo Anthony
22005,2546,0020500440,2006-01-02,DEN vs. BOS,W,37,9,15,0.6,0,2,0.0,5,10,0.5,0,4,4,0,1,3,6,4,23,-7,0,2005-06,Regular Season,2546,Carmelo Anthony
22005,2546,0020500455,2006-01-04,DEN vs. IND,W,33,8,16,0.5,0,1,0.0,7,8,0.875,3,4,7,3,1,0,3,2,23,9,0,2005-06,Regular Season,2546,Carmelo Anthony
22005,2546,0020500468,2006-01-06,DEN vs. DAL,L,45,11,24,0.458,2,5,0.4,4,7,0.571,0,4,4,3,1,0,6,3,28,2,0,2005-06,Regular Season,2546,Carmelo Anthony
22005,2546,0020500483,2006-01-08,DEN @ HOU,W,39,7,17,0.412,1,3,0.333,4,5,0.8,2,7,9,5,2,1,4,1,19,1,0,2005-06,Regular Season,2546,Carmelo Anthony
22005,2546,0020500498,2006-01-10,DEN vs. PHX,W,51,15,31,0.484,0,2,0.0,13,14,0.929,4,7,11,1,3,2,6,3,43,5,0,2005-06,Regular Season,2546,Carmelo Anthony
22005,2546,0020500519,2006-01-13,DEN @ MIN,L,36,8,18,0.444,2,2,1.0,3,4,0.75,0,4,4,1,1,0,0,2,21,-13,0,2005-06,Regular Season,2546,Carmelo Anthony
22005,2546,0020500525,2006-01-14,DEN @ MIL,W,43,13,20,0.65,0,3,0.0,12,17,0.706,3,2,5,2,2,1,1,5,38,6,0,2005-06,Regular Season,2546,Carmelo Anthony
22005,2546,0020500540,2006-01-16,DEN @ CHI,W,40,10,24,0.417,0,2,0.0,19,21,0.905,0,4,4,3,1,0,1,2,39,15,0,2005-06,Regular Season,2546,Carmelo Anthony
22005,2546,0020500559,2006-01-18,DEN vs. CLE,W,38,7,16,0.438,0,1,0.0,3,5,0.6,0,1,1,3,0,2,3,4,17,7,0,2005-06,Regular Season,2546,Carmelo Anthony
22005,2546,0020500572,2006-01-20,DEN vs. UTA,W,33,11,22,0.5,0,1,0.0,9,10,0.9,3,1,4,2,2,2,0,3,31,17,0,2005-06,Regular Season,2546,Carmelo Anthony
22005,2546,0020500583,2006-01-22,DEN @ SAS,W,38,4,19,0.211,0,1,0.0,12,15,0.8,3,5,8,1,1,1,2,1,20,0,0,2005-06,Regular Season,2546,Carmelo Anthony
22005,2546,0020500595,2006-01-23,DEN vs. TOR,W,37,13,16,0.813,1,1,1.0,10,12,0.833,0,6,6,3,1,2,1,0,37,5,0,2005-06,Regular Season,2546,Carmelo Anthony
22005,2546,0020500613,2006-01-25,DEN @ POR,W,38,10,22,0.455,0,3,0.0,6,7,0.857,4,5,9,1,2,0,1,3,26,5,0,2005-06,Regular Season,2546,Carmelo Anthony
22005,2546,0020500628,2006-01-27,DEN vs. LAC,L,38,9,21,0.429,0,2,0.0,7,10,0.7,0,0,0,1,1,0,1,4,25,-22,0,2005-06,Regular Season,2546,Carmelo Anthony
22005,2546,0020500639,2006-01-28,DEN @ LAC,L,37,5,17,0.294,0,1,0.0,6,9,0.667,0,5,5,1,0,1,4,4,16,-38,0,2005-06,Regular Season,2546,Carmelo Anthony
22005,2546,0020500660,2006-01-31,DEN @ SAC,L,31,10,17,0.588,1,2,0.5,3,4,0.75,1,2,3,2,1,0,3,3,24,8,0,2005-06,Regular Season,2546,Carmelo Anthony
22005,2546,0020500671,2006-02-01,DEN @ UTA,L,33,8,22,0.364,0,1,0.0,4,6,0.667,0,2,2,0,1,0,0,1,20,-18,0,2005-06,Regular Season,2546,Carmelo Anthony
22005,2546,0020500692,2006-02-04,DEN vs. POR,W,40,9,22,0.409,0,0,0.0,15,18,0.833,3,2,5,8,0,1,1,1,33,8,0,2005-06,Regular Season,2546,Carmelo Anthony
22005,2546,0020500705,2006-02-06,DEN @ GSW,L,37,12,23,0.522,1,4,0.25,9,10,0.9,3,3,6,2,1,0,5,4,34,-8,0,2005-06,Regular Season,2546,Carmelo Anthony
22005,2546,0020500722,2006-02-08,DEN vs. CHI,L,38,10,23,0.435,0,1,0.0,11,13,0.846,1,6,7,2,1,1,3,4,31,-2,0,2005-06,Regular Season,2546,Carmelo Anthony
22005,2546,0020500734,2006-02-10,DEN vs. DAL,W,39,7,16,0.438,0,1,0.0,10,14,0.714,0,1,1,10,1,1,4,3,24,10,0,2005-06,Regular Season,2546,Carmelo Anthony
22005,2546,0020500750,2006-02-12,DEN @ SEA,W,43,9,21,0.429,0,0,0.0,15,17,0.882,1,8,9,2,3,1,4,4,33,5,0,2005-06,Regular Season,2546,Carmelo Anthony
22005,2546,0020500774,2006-02-15,DEN vs. PHX,L,35,13,24,0.542,0,2,0.0,3,5,0.6,1,3,4,3,2,0,3,3,29,-20,0,2005-06,Regular Season,2546,Carmelo Anthony
22005,2546,0020500787,2006-02-21,DEN vs. CHA,W,39,10,20,0.5,0,3,0.0,4,6,0.667,2,2,4,3,0,0,5,2,24,15,0,2005-06,Regular Season,2546,Carmelo Anthony
22005,2546,0020500808,2006-02-24,DEN @ MIN,W,46,11,24,0.458,4,7,0.571,4,6,0.667,2,6,8,3,0,0,4,2,30,6,0,2005-06,Regular Season,2546,Carmelo Anthony
22005,2546,0020500835,2006-02-27,DEN vs. MIL,L,35,6,12,0.5,0,1,0.0,7,7,1.0,1,3,4,0,0,0,2,4,19,-12,0,2005-06,Regular Season,2546,Carmelo Anthony
22005,2546,0020500849,2006-03-01,DEN vs. DET,W,38,11,26,0.423,0,4,0.0,3,3,1.0,2,5,7,6,0,0,1,1,25,15,0,2005-06,Regular Season,2546,Carmelo Anthony
22005,2546,0020500861,2006-03-03,DEN @ HOU,L,38,12,23,0.522,3,6,0.5,7,7,1.0,1,3,4,0,4,0,2,2,34,-4,0,2005-06,Regular Season,2546,Carmelo Anthony
22005,2546,0020500872,2006-03-04,DEN vs. ORL,W,35,11,18,0.611,0,1,0.0,2,2,1.0,0,1,1,4,1,0,5,2,24,7,0,2005-06,Regular Season,2546,Carmelo Anthony
22005,2546,0020500886,2006-03-06,DEN vs. MEM,W,34,15,22,0.682,0,1,0.0,5,6,0.833,1,4,5,2,2,3,4,4,35,16,0,2005-06,Regular Season,2546,Carmelo Anthony
22005,2546,0020500907,2006-03-09,DEN @ PHI,W,42,11,20,0.55,0,2,0.0,7,10,0.7,2,8,10,2,1,0,3,3,29,4,0,2005-06,Regular Season,2546,Carmelo Anthony
22005,2546,0020500910,2006-03-10,DEN @ TOR,W,21,7,9,0.778,0,0,0.0,0,0,0.0,0,6,6,1,0,0,0,0,14,0,0,2005-06,Regular Season,2546,Carmelo Anthony
22005,2546,0020500926,2006-03-12,DEN @ BOS,L,38,14,21,0.667,0,3,0.0,8,8,1.0,0,5,5,3,1,0,1,2,36,-1,0,2005-06,Regular Season,2546,Carmelo Anthony
22005,2546,0020500937,2006-03-13,DEN @ NYK,W,36,13,21,0.619,0,0,0.0,9,12,0.75,4,1,5,1,0,0,1,0,35,10,0,2005-06,Regular Season,2546,Carmelo Anthony
22005,2546,0020500953,2006-03-15,DEN @ IND,W,38,12,25,0.48,0,0,0.0,7,8,0.875,0,0,0,1,0,0,2,3,31,-2,0,2005-06,Regular Season,2546,Carmelo Anthony
22005,2546,0020500971,2006-03-17,DEN @ MEM,L,41,16,25,0.64,0,3,0.0,1,1,1.0,0,2,2,2,2,1,3,0,33,-12,0,2005-06,Regular Season,2546,Carmelo Anthony
22005,2546,0020500976,2006-03-18,DEN @ NOK,W,26,11,19,0.579,1,3,0.333,5,6,0.833,1,2,3,7,0,1,1,0,28,22,0,2005-06,Regular Season,2546,Carmelo Anthony
22005,2546,0020501008,2006-03-22,DEN vs. SAS,W,38,13,23,0.565,0,0,0.0,6,6,1.0,1,2,3,3,0,0,4,3,32,-1,0,2005-06,Regular Season,2546,Carmelo Anthony
22005,2546,0020501024,2006-03-24,DEN vs. SEA,W,37,9,26,0.346,0,0,0.0,13,15,0.867,3,2,5,1,0,0,2,3,31,14,0,2005-06,Regular Season,2546,Carmelo Anthony
22005,2546,0020501030,2006-03-25,DEN @ PHX,L,39,11,19,0.579,2,2,1.0,4,4,1.0,0,2,2,1,1,1,3,3,28,-2,0,2005-06,Regular Season,2546,Carmelo Anthony
22005,2546,0020501062,2006-03-29,DEN vs. UTA,L,38,14,25,0.56,1,4,0.25,2,3,0.667,1,3,4,3,1,0,1,6,31,-9,0,2005-06,Regular Season,2546,Carmelo Anthony
22005,2546,0020501075,2006-03-31,DEN vs. MIN,W,39,9,22,0.409,1,2,0.5,13,14,0.929,1,4,5,1,2,0,1,2,32,11,0,2005-06,Regular Season,2546,Carmelo Anthony
22005,2546,0020501087,2006-04-02,DEN @ DAL,L,38,9,24,0.375,2,7,0.286,5,6,0.833,1,2,3,0,0,1,4,5,25,-25,0,2005-06,Regular Season,2546,Carmelo Anthony
22005,2546,0020501107,2006-04-04,DEN @ LAC,L,36,8,17,0.471,1,4,0.25,7,7,1.0,1,3,4,5,1,0,3,1,24,3,0,2005-06,Regular Season,2546,Carmelo Anthony
22005,2546,0020501120,2006-04-06,DEN vs. LAL,W,44,12,30,0.4,1,5,0.2,8,10,0.8,0,4,4,5,1,2,1,3,33,15,0,2005-06,Regular Season,2546,Carmelo Anthony
22005,2546,0020501137,2006-04-08,DEN vs. GSW,W,36,9,16,0.563,0,0,0.0,10,14,0.714,2,1,3,2,0,0,1,4,28,-6,0,2005-06,Regular Season,2546,Carmelo Anthony
22005,2546,0020501154,2006-04-10,DEN @ POR,W,36,9,16,0.563,0,0,0.0,10,11,0.909,0,3,3,6,0,0,2,2,28,17,0,2005-06,Regular Season,2546,Carmelo Anthony
22005,2546,0020501171,2006-04-12,DEN @ UTA,L,32,7,19,0.368,0,0,0.0,4,5,0.8,1,4,5,5,1,0,3,2,18,-7,0,2005-06,Regular Season,2546,Carmelo Anthony
22005,2546,0020501192,2006-04-15,DEN vs. SAC,L,29,5,13,0.385,0,0,0.0,5,5,1.0,1,1,2,2,1,1,2,1,15,-14,0,2005-06,Regular Season,2546,Carmelo Anthony
22005,2546,0020501209,2006-04-17,DEN vs. HOU,L,28,9,15,0.6,0,0,0.0,4,5,0.8,1,5,6,3,2,1,1,1,22,8,0,2005-06,Regular Season,2546,Carmelo Anthony
42005,2546,0040500161,2006-04-22,DEN @ LAC,L,44,9,26,0.346,0,1,0.0,7,9,0.778,4,3,7,3,0,0,2,3,25,-3,0,2005-06,Playoffs,2546,Carmelo Anthony
42005,2546,0040500162,2006-04-24,DEN @ LAC,L,30,5,15,0.333,0,0,0.0,6,8,0.75,1,3,4,2,0,0,3,5,16,1,0,2005-06,Playoffs,2546,Carmelo Anthony
42005,2546,0040500163,2006-04-27,DEN vs. LAC,W,45,6,17,0.353,0,0,0.0,12,19,0.632,1,6,7,4,1,0,2,3,24,9,0,2005-06,Playoffs,2546,Carmelo Anthony
42005,2546,0040500164,2006-04-29,DEN vs. LAC,L,35,5,17,0.294,0,2,0.0,7,8,0.875,3,8,11,4,1,0,4,6,17,-8,0,2005-06,Playoffs,2546,Carmelo Anthony
42005,2546,0040500165,2006-05-01,DEN @ LAC,L,40,8,24,0.333,0,1,0.0,7,8,0.875,3,1,4,1,2,1,4,3,23,-7,0,2005-06,Playoffs,2546,Carmelo Anthony
22005,101108,0020500025,2005-11-01,NOK vs. SAC,W,34,3,7,0.429,1,3,0.333,6,6,1.0,0,8,8,4,2,1,4,0,13,23,0,2005-06,Regular Season,101108,Chris Paul
22005,101108,0020500006,2005-11-02,NOK @ CLE,L,29,5,11,0.455,1,4,0.25,2,2,1.0,1,4,5,3,2,0,4,1,13,-19,0,2005-06,Regular Season,101108,Chris Paul
22005,101108,0020500038,2005-11-05,NOK @ HOU,W,34,6,14,0.429,1,5,0.2,2,3,0.667,1,3,4,8,2,0,1,4,15,4,0,2005-06,Regular Season,101108,Chris Paul
22005,101108,0020500063,2005-11-09,NOK vs. ORL,L,35,4,13,0.308,0,1,0.0,2,2,1.0,1,3,4,4,3,0,0,4,10,-6,0,2005-06,Regular Season,101108,Chris Paul
22005,101108,0020500085,2005-11-12,NOK vs. DAL,L,36,10,14,0.714,2,6,0.333,4,5,0.8,1,2,3,5,1,0,5,4,26,-11,0,2005-06,Regular Season,101108,Chris Paul
22005,101108,0020500102,2005-11-15,NOK @ MIA,L,44,5,13,0.385,0,2,0.0,6,7,0.857,1,1,2,10,1,0,2,4,16,-2,0,2005-06,Regular Season,101108,Chris Paul
22005,101108,0020500112,2005-11-16,NOK vs. DEN,L,37,5,15,0.333,0,4,0.0,8,9,0.889,3,6,9,3,1,0,4,3,18,-6,0,2005-06,Regular Season,101108,Chris Paul
22005,101108,0020500124,2005-11-18,NOK vs. ATL,W,42,9,19,0.474,1,2,0.5,6,8,0.75,2,5,7,12,5,0,2,4,25,13,0,2005-06,Regular Season,101108,Chris Paul
22005,101108,0020500133,2005-11-19,NOK @ ORL,W,43,7,12,0.583,1,1,1.0,6,6,1.0,0,5,5,8,2,0,3,5,21,-1,0,2005-06,Regular Season,101108,Chris Paul
22005,101108,0020500146,2005-11-21,NOK @ PHI,L,29,3,9,0.333,0,1,0.0,3,4,0.75,2,3,5,6,3,0,1,2,9,-6,0,2005-06,Regular Season,101108,Chris Paul
22005,101108,0020500163,2005-11-23,NOK vs. MIN,W,40,7,19,0.368,1,6,0.167,6,8,0.75,0,9,9,8,1,0,1,3,21,10,0,2005-06,Regular Season,101108,Chris Paul
22005,101108,0020500181,2005-11-26,NOK @ SEA,W,40,4,12,0.333,0,2,0.0,9,12,0.75,2,5,7,10,2,0,2,5,17,-3,0,2005-06,Regular Season,101108,Chris Paul
22005,101108,0020500197,2005-11-28,NOK @ GSW,L,30,5,12,0.417,2,4,0.5,3,4,0.75,0,1,1,5,1,0,4,2,15,-11,0,2005-06,Regular Season,101108,Chris Paul
22005,101108,0020500213,2005-11-30,NOK @ DEN,W,39,3,10,0.3,1,1,1.0,3,4,0.75,1,7,8,9,2,0,3,3,10,7,0,2005-06,Regular Season,101108,Chris Paul
22005,101108,0020500224,2005-12-02,NOK vs. PHI,W,38,6,11,0.545,1,2,0.5,3,4,0.75,3,4,7,9,2,0,3,2,16,2,0,2005-06,Regular Season,101108,Chris Paul
22005,101108,0020500235,2005-12-03,NOK @ DAL,L,38,9,16,0.563,0,2,0.0,7,8,0.875,0,6,6,5,3,0,0,4,25,-16,0,2005-06,Regular Season,101108,Chris Paul
22005,101108,0020500252,2005-12-06,NOK @ MEM,L,31,1,8,0.125,0,2,0.0,0,0,0.0,0,5,5,4,1,0,4,2,2,-13,0,2005-06,Regular Season,101108,Chris Paul
22005,101108,0020500262,2005-12-07,NOK vs. BOS,L,34,4,11,0.364,0,1,0.0,8,12,0.667,1,9,10,6,3,0,1,1,16,-14,0,2005-06,Regular Season,101108,Chris Paul
22005,101108,0020500278,2005-12-09,NOK @ POR,L,47,8,12,0.667,0,0,0.0,5,7,0.714,0,7,7,10,2,0,6,4,21,-7,0,2005-06,Regular Season,101108,Chris Paul
22005,101108,0020500293,2005-12-11,NOK @ SAC,L,39,6,11,0.545,0,0,0.0,6,6,1.0,1,4,5,12,3,0,2,4,18,-16,0,2005-06,Regular Season,101108,Chris Paul
22005,101108,0020500299,2005-12-12,NOK @ PHX,W,33,6,13,0.462,2,3,0.667,5,8,0.625,0,7,7,7,4,0,3,4,19,4,0,2005-06,Regular Season,101108,Chris Paul
22005,101108,0020500315,2005-12-14,NOK vs. LAC,W,37,5,9,0.556,0,1,0.0,3,4,0.75,0,5,5,8,2,0,2,4,13,12,0,2005-06,Regular Season,101108,Chris Paul
22005,101108,0020500329,2005-12-16,NOK vs. PHX,L,39,11,21,0.524,0,2,0.0,3,5,0.6,0,7,7,6,2,0,3,3,25,-8,0,2005-06,Regular Season,101108,Chris Paul
22005,101108,0020500795,2005-12-18,NOK vs. SAS,W,42,6,15,0.4,0,0,0.0,5,6,0.833,2,10,12,9,5,0,1,0,17,13,0,2005-06,Regular Season,101108,Chris Paul
22005,101108,0020500366,2005-12-21,NOK @ MIN,L,29,5,16,0.313,1,2,0.5,4,4,1.0,0,5,5,3,1,0,1,3,15,-24,0,2005-06,Regular Season,101108,Chris Paul
22005,101108,0020500380,2005-12-23,NOK @ MIL,L,43,6,13,0.462,2,4,0.5,10,13,0.769,2,3,5,8,4,0,1,2,24,-10,0,2005-06,Regular Season,101108,Chris Paul
22005,101108,0020500409,2005-12-28,NOK vs. HOU,W,40,5,13,0.385,0,2,0.0,1,1,1.0,0,5,5,15,1,0,1,2,11,3,0,2005-06,Regular Season,101108,Chris Paul
22005,101108,0020500415,2005-12-29,NOK @ SAS,L,27,3,12,0.25,0,0,0.0,0,0,0.0,0,3,3,7,4,0,4,2,6,-17,0,2005-06,Regular Season,101108,Chris Paul
22005,101108,0020500428,2005-12-31,NOK vs. DAL,L,33,5,9,0.556,1,1,1.0,5,6,0.833,1,6,7,10,2,0,2,5,16,3,0,2005-06,Regular Season,101108,Chris Paul
22005,101108,0020500869,2006-01-02,NOK vs. CHA,W,39,7,13,0.538,3,5,0.6,7,9,0.778,0,4,4,11,1,0,2,5,24,17,0,2005-06,Regular Season,101108,Chris Paul
22005,101108,0020500451,2006-01-04,NOK vs. MIA,W,37,6,10,0.6,2,4,0.5,1,2,0.5,1,5,6,9,3,0,1,2,15,6,0,2005-06,Regular Season,101108,Chris Paul
22005,101108,0020500465,2006-01-06,NOK vs. POR,W,17,4,8,0.5,0,2,0.0,0,0,0.0,0,1,1,3,0,0,0,0,8,15,0,2005-06,Regular Season,101108,Chris Paul
22005,101108,0020500496,2006-01-10,NOK vs. DET,L,35,4,14,0.286,0,1,0.0,5,5,1.0,0,3,3,5,2,0,0,5,13,-9,0,2005-06,Regular Season,101108,Chris Paul
22005,101108,0020500518,2006-01-13,NOK vs. SAC,W,28,2,11,0.182,0,1,0.0,2,2,1.0,0,8,8,6,2,0,3,4,6,7,0,2005-06,Regular Season,101108,Chris Paul
22005,101108,0020500526,2006-01-14,NOK @ HOU,W,34,4,12,0.333,0,1,0.0,9,12,0.75,0,6,6,5,1,0,1,3,17,11,0,2005-06,Regular Season,101108,Chris Paul
22005,101108,0020500538,2006-01-16,NOK @ CHA,W,34,6,12,0.5,0,1,0.0,12,12,1.0,1,6,7,6,4,0,2,2,24,9,0,2005-06,Regular Season,101108,Chris Paul
22005,101108,0020500555,2006-01-18,NOK vs. MEM,W,41,5,12,0.417,2,4,0.5,4,4,1.0,0,3,3,9,2,0,2,4,16,0,0,2005-06,Regular Season,101108,Chris Paul
22005,101108,0020500565,2006-01-20,NOK @ WAS,L,39,11,17,0.647,1,3,0.333,5,5,1.0,0,6,6,11,4,1,1,5,28,-15,0,2005-06,Regular Season,101108,Chris Paul
22005,101108,0020500578,2006-01-21,NOK @ NYK,W,35,6,13,0.462,1,3,0.333,14,17,0.824,3,4,7,13,1,0,5,3,27,14,0,2005-06,Regular Season,101108,Chris Paul
22005,101108,0020500593,2006-01-23,NOK @ BOS,L,30,1,7,0.143,0,1,0.0,6,6,1.0,1,5,6,6,2,0,4,1,8,-24,0,2005-06,Regular Season,101108,Chris Paul
22005,101108,0020500609,2006-01-25,NOK vs. SAS,L,34,5,18,0.278,0,3,0.0,4,4,1.0,2,5,7,4,3,0,1,3,14,-23,0,2005-06,Regular Season,101108,Chris Paul
22005,101108,0020500634,2006-01-28,NOK @ MEM,W,37,1,10,0.1,0,2,0.0,11,12,0.917,0,3,3,8,1,0,4,1,13,-4,0,2005-06,Regular Season,101108,Chris Paul
22005,101108,0020500651,2006-01-30,NOK vs. MIL,W,40,6,11,0.545,0,3,0.0,4,6,0.667,0,3,3,9,4,1,6,4,16,0,0,2005-06,Regular Season,101108,Chris Paul
22005,101108,0020500669,2006-02-01,NOK vs. CHI,W,38,8,11,0.727,0,0,0.0,9,11,0.818,0,4,4,13,3,0,1,3,25,2,0,2005-06,Regular Season,101108,Chris Paul
22005,101108,0020500689,2006-02-04,NOK vs. LAL,W,36,6,10,0.6,1,2,0.5,6,7,0.857,0,7,7,13,0,0,6,3,19,15,0,2005-06,Regular Season,101108,Chris Paul
22005,101108,0020500700,2006-02-06,NOK @ NJN,L,41,2,12,0.167,1,3,0.333,1,2,0.5,2,5,7,13,1,0,3,2,6,-21,0,2005-06,Regular Season,101108,Chris Paul
22005,101108,0020500718,2006-02-08,NOK vs. SEA,W,20,4,5,0.8,1,1,1.0,0,0,0.0,0,1,1,6,1,0,2,2,9,12,0,2005-06,Regular Season,101108,Chris Paul
22005,101108,0020500771,2006-02-15,NOK vs. POR,W,22,0,3,0.0,0,0,0.0,1,1,1.0,1,4,5,7,2,0,1,0,1,19,0,2005-06,Regular Season,101108,Chris Paul
22005,101108,0020500781,2006-02-21,NOK @ IND,L,36,8,15,0.533,3,4,0.75,8,8,1.0,0,3,3,6,3,0,4,3,27,-15,0,2005-06,Regular Season,101108,Chris Paul
22005,101108,0020500625,2006-02-22,NOK vs. UTA,L,39,6,15,0.4,0,2,0.0,6,6,1.0,0,2,2,7,7,1,3,0,18,2,0,2005-06,Regular Season,101108,Chris Paul
22005,101108,0020500820,2006-02-25,NOK @ UTA,W,39,6,11,0.545,1,2,0.5,10,13,0.769,0,2,2,8,2,0,5,5,23,13,0,2005-06,Regular Season,101108,Chris Paul
22005,101108,0020500827,2006-02-26,NOK @ POR,W,37,6,14,0.429,0,2,0.0,7,8,0.875,2,3,5,8,0,0,2,1,19,7,0,2005-06,Regular Season,101108,Chris Paul
22005,101108,0020500840,2006-02-28,NOK @ SEA,L,42,6,12,0.5,1,3,0.333,12,12,1.0,4,3,7,14,3,0,2,4,25,-8,0,2005-06,Regular Season,101108,Chris Paul
22005,101108,0020500853,2006-03-01,NOK @ LAC,L,39,4,13,0.308,0,3,0.0,1,2,0.5,1,7,8,12,1,0,3,1,9,-15,0,2005-06,Regular Season,101108,Chris Paul
22005,101108,0020500885,2006-03-06,NOK vs. PHX,L,43,4,12,0.333,2,6,0.333,4,5,0.8,0,4,4,11,1,0,2,4,14,-23,0,2005-06,Regular Season,101108,Chris Paul
22005,101108,0020500903,2006-03-08,NOK vs. LAL,L,38,7,16,0.438,2,3,0.667,6,6,1.0,1,3,4,10,3,0,2,3,22,-2,0,2005-06,Regular Season,101108,Chris Paul
22005,101108,0020500914,2006-03-10,NOK vs. IND,L,38,1,9,0.111,0,3,0.0,5,8,0.625,1,6,7,8,0,0,1,3,7,4,0,2005-06,Regular Season,101108,Chris Paul
22005,101108,0020500933,2006-03-12,NOK vs. NJN,L,43,7,14,0.5,2,3,0.667,1,1,1.0,1,2,3,7,4,0,1,5,17,-5,0,2005-06,Regular Season,101108,Chris Paul
22005,101108,0020500947,2006-03-14,NOK @ SAS,L,37,7,15,0.467,0,1,0.0,2,4,0.5,0,1,1,7,3,0,3,2,16,-15,0,2005-06,Regular Season,101108,Chris Paul
22005,101108,0020500976,2006-03-18,NOK vs. DEN,L,24,3,11,0.273,1,5,0.2,4,4,1.0,0,4,4,10,4,0,2,4,11,-15,0,2005-06,Regular Season,101108,Chris Paul
22005,101108,0020500996,2006-03-21,NOK vs. LAC,W,38,6,11,0.545,1,4,0.25,8,8,1.0,1,2,3,9,1,0,1,1,21,12,0,2005-06,Regular Season,101108,Chris Paul
22005,101108,0020501013,2006-03-23,NOK vs. HOU,L,35,5,13,0.385,1,4,0.25,2,2,1.0,0,5,5,5,4,0,2,1,13,3,0,2005-06,Regular Season,101108,Chris Paul
22005,101108,0020501023,2006-03-24,NOK @ CHI,L,39,4,10,0.4,0,1,0.0,5,6,0.833,0,3,3,5,3,0,3,3,13,-9,0,2005-06,Regular Season,101108,Chris Paul
22005,101108,0020501042,2006-03-26,NOK @ LAL,L,39,6,14,0.429,2,4,0.5,3,4,0.75,0,1,1,6,2,0,1,3,17,-7,0,2005-06,Regular Season,101108,Chris Paul
22005,101108,0020501045,2006-03-27,NOK @ UTA,L,26,3,7,0.429,0,2,0.0,5,6,0.833,0,1,1,7,1,0,2,3,11,-16,0,2005-06,Regular Season,101108,Chris Paul
22005,101108,0020501064,2006-03-29,NOK @ GSW,W,40,7,15,0.467,0,1,0.0,4,4,1.0,1,5,6,7,2,0,1,4,18,4,0,2005-06,Regular Season,101108,Chris Paul
22005,101108,0020501073,2006-03-31,NOK vs. MEM,W,38,5,9,0.556,0,2,0.0,11,13,0.846,1,6,7,5,2,0,3,5,21,3,0,2005-06,Regular Season,101108,Chris Paul
22005,101108,0020501084,2006-04-02,NOK @ TOR,W,48,6,15,0.4,1,3,0.333,11,14,0.786,1,11,12,12,2,1,3,2,24,7,0,2005-06,Regular Season,101108,Chris Paul
22005,101108,0020501101,2006-04-04,NOK @ DET,L,37,8,17,0.471,0,1,0.0,8,8,1.0,1,3,4,10,5,0,2,4,24,1,0,2005-06,Regular Season,101108,Chris Paul
22005,101108,0020501114,2006-04-05,NOK vs. GSW,W,47,6,15,0.4,0,2,0.0,5,6,0.833,2,9,11,16,6,0,4,4,17,1,0,2005-06,Regular Season,101108,Chris Paul
22005,101108,0020501126,2006-04-07,NOK vs. TOR,W,36,7,13,0.538,1,3,0.333,1,1,1.0,0,3,3,8,2,1,1,1,16,6,0,2005-06,Regular Season,101108,Chris Paul
22005,101108,0020501136,2006-04-08,NOK @ DAL,L,27,4,6,0.667,1,2,0.5,0,0,0.0,1,4,5,5,0,0,2,2,9,-9,0,2005-06,Regular Season,101108,Chris Paul
22005,101108,0020501152,2006-04-10,NOK vs. CLE,L,41,6,15,0.4,0,2,0.0,10,10,1.0,3,5,8,5,0,0,2,3,22,-7,0,2005-06,Regular Season,101108,Chris Paul
22005,101108,0020501169,2006-04-12,NOK vs. SEA,W,37,5,14,0.357,0,1,0.0,11,12,0.917,2,1,3,6,2,0,3,2,21,-1,0,2005-06,Regular Season,101108,Chris Paul
22005,101108,0020501183,2006-04-14,NOK vs. UTA,L,36,2,10,0.2,0,1,0.0,7,7,1.0,1,3,4,7,1,0,1,2,11,-7,0,2005-06,Regular Season,101108,Chris Paul
22005,101108,0020501202,2006-04-16,NOK @ SAC,L,28,5,8,0.625,1,1,1.0,1,1,1.0,0,1,1,7,2,0,1,1,12,-6,0,2005-06,Regular Season,101108,Chris Paul
22005,101108,0020501210,2006-04-17,NOK @ PHX,L,29,4,10,0.4,0,2,0.0,3,4,0.75,1,3,4,5,3,0,3,1,11,-14,0,2005-06,Regular Season,101108,Chris Paul
22005,101108,0020501229,2006-04-19,NOK @ LAL,L,24,3,9,0.333,0,0,0.0,1,1,1.0,0,2,2,7,2,0,3,3,7,-6,0,2005-06,Regular Season,101108,Chris Paul
22005,2548,0020500010,2005-11-02,MIA @ MEM,W,40,9,18,0.5,0,1,0.0,5,7,0.714,2,8,10,6,2,2,7,4,23,17,0,2005-06,Regular Season,2548,Dwyane Wade
22005,2548,0020500018,2005-11-03,MIA vs. IND,L,44,10,17,0.588,1,4,0.25,10,13,0.769,2,4,6,10,1,1,5,3,31,2,0,2005-06,Regular Season,2548,Dwyane Wade
22005,2548,0020500037,2005-11-05,MIA @ MIL,L,37,6,17,0.353,0,1,0.0,9,14,0.643,3,4,7,9,1,1,4,5,21,-6,0,2005-06,Regular Season,2548,Dwyane Wade
22005,2548,0020500048,2005-11-07,MIA vs. NJN,W,35,8,18,0.444,0,1,0.0,7,10,0.7,2,4,6,6,4,1,2,3,23,-6,0,2005-06,Regular Season,2548,Dwyane Wade
22005,2548,0020500062,2005-11-09,MIA @ IND,L,39,11,24,0.458,0,0,0.0,7,9,0.778,4,7,11,6,1,0,10,3,29,5,0,2005-06,Regular Season,2548,Dwyane Wade
22005,2548,0020500069,2005-11-10,MIA vs. HOU,W,40,10,23,0.435,0,1,0.0,5,6,0.833,3,5,8,7,3,1,2,1,25,12,0,2005-06,Regular Season,2548,Dwyane Wade
22005,2548,0020500083,2005-11-12,MIA vs. CHA,W,33,7,15,0.467,0,2,0.0,5,8,0.625,2,5,7,7,2,1,2,2,19,34,0,2005-06,Regular Season,2548,Dwyane Wade
22005,2548,0020500102,2005-11-15,MIA vs. NOK,W,46,7,21,0.333,0,1,0.0,11,15,0.733,2,2,4,10,1,1,3,3,25,12,0,2005-06,Regular Season,2548,Dwyane Wade
22005,2548,0020500123,2005-11-18,MIA vs. PHI,W,43,12,27,0.444,0,3,0.0,8,9,0.889,3,6,9,10,3,1,2,3,32,12,0,2005-06,Regular Season,2548,Dwyane Wade
22005,2548,0020500140,2005-11-20,MIA @ TOR,L,42,14,29,0.483,1,4,0.25,4,7,0.571,2,6,8,9,1,0,3,2,33,-14,0,2005-06,Regular Season,2548,Dwyane Wade
22005,2548,0020500159,2005-11-23,MIA vs. POR,W,32,7,13,0.538,0,0,0.0,5,6,0.833,3,8,11,4,2,0,2,1,19,17,0,2005-06,Regular Season,2548,Dwyane Wade
22005,2548,0020500172,2005-11-25,MIA vs. DAL,L,39,7,19,0.368,0,3,0.0,9,10,0.9,0,0,0,4,5,0,5,4,23,-2,0,2005-06,Regular Season,2548,Dwyane Wade
22005,2548,0020500183,2005-11-26,MIA @ ORL,L,39,8,20,0.4,0,0,0.0,5,10,0.5,1,5,6,4,0,2,4,3,21,-5,0,2005-06,Regular Season,2548,Dwyane Wade
22005,2548,0020500195,2005-11-28,MIA vs. NYK,W,33,9,19,0.474,0,1,0.0,15,18,0.833,2,1,3,5,3,2,1,3,33,28,0,2005-06,Regular Season,2548,Dwyane Wade
22005,2548,0020500208,2005-11-30,MIA @ ATL,W,37,8,22,0.364,0,0,0.0,4,5,0.8,1,3,4,6,5,0,2,2,20,17,0,2005-06,Regular Season,2548,Dwyane Wade
22005,2548,0020500226,2005-12-02,MIA @ SAC,W,35,11,22,0.5,0,0,0.0,5,6,0.833,1,4,5,7,1,1,3,5,27,5,0,2005-06,Regular Season,2548,Dwyane Wade
22005,2548,0020500237,2005-12-03,MIA @ DEN,L,33,9,16,0.563,0,0,0.0,14,19,0.737,2,4,6,6,2,0,1,5,32,3,0,2005-06,Regular Season,2548,Dwyane Wade
22005,2548,0020500248,2005-12-05,MIA @ LAC,L,42,12,25,0.48,0,2,0.0,5,7,0.714,0,6,6,4,4,1,5,4,29,1,0,2005-06,Regular Season,2548,Dwyane Wade
22005,2548,0020500263,2005-12-07,MIA @ SAS,L,40,8,20,0.4,0,1,0.0,15,17,0.882,2,4,6,10,1,0,5,4,31,-14,0,2005-06,Regular Season,2548,Dwyane Wade
22005,2548,0020500271,2005-12-09,MIA vs. DEN,L,42,10,23,0.435,0,0,0.0,17,21,0.81,1,9,10,3,2,1,5,3,37,-8,0,2005-06,Regular Season,2548,Dwyane Wade
22005,2548,0020500291,2005-12-11,MIA vs. WAS,W,47,15,27,0.556,0,1,0.0,11,13,0.846,3,7,10,8,4,1,2,3,41,3,0,2005-06,Regular Season,2548,Dwyane Wade
22005,2548,0020500304,2005-12-13,MIA @ CHI,W,42,6,17,0.353,0,0,0.0,2,4,0.5,0,5,5,11,3,2,2,4,14,5,0,2005-06,Regular Season,2548,Dwyane Wade
22005,2548,0020500313,2005-12-14,MIA @ MIL,W,43,9,14,0.643,0,0,0.0,9,9,1.0,0,4,4,7,2,1,2,2,27,12,0,2005-06,Regular Season,2548,Dwyane Wade
22005,2548,0020500323,2005-12-16,MIA @ PHI,W,42,11,16,0.688,0,0,0.0,10,13,0.769,0,6,6,3,1,1,2,3,32,6,0,2005-06,Regular Season,2548,Dwyane Wade
22005,2548,0020500336,2005-12-17,MIA @ CLE,L,40,11,22,0.5,0,2,0.0,11,13,0.846,1,3,4,7,2,1,2,2,33,-12,0,2005-06,Regular Season,2548,Dwyane Wade
22005,2548,0020500354,2005-12-20,MIA vs. ATL,W,24,3,6,0.5,1,1,1.0,7,8,0.875,0,5,5,2,0,0,3,2,14,28,0,2005-06,Regular Season,2548,Dwyane Wade
22005,2548,0020500375,2005-12-23,MIA vs. NJN,L,40,4,20,0.2,0,2,0.0,9,12,0.75,1,3,4,7,2,0,1,1,17,9,0,2005-06,Regular Season,2548,Dwyane Wade
22005,2548,0020500386,2005-12-25,MIA vs. LAL,W,30,5,15,0.333,0,0,0.0,8,13,0.615,1,3,4,5,1,0,2,4,18,2,0,2005-06,Regular Season,2548,Dwyane Wade
22005,2548,0020500399,2005-12-27,MIA vs. MIL,W,41,10,14,0.714,0,0,0.0,15,19,0.789,0,3,3,7,2,1,4,3,35,20,0,2005-06,Regular Season,2548,Dwyane Wade
22005,2548,0020500414,2005-12-29,MIA @ DET,L,45,14,20,0.7,0,0,0.0,5,5,1.0,1,5,6,9,0,1,4,5,33,1,0,2005-06,Regular Season,2548,Dwyane Wade
22005,2548,0020500417,2005-12-30,MIA @ WAS,W,41,8,17,0.471,0,1,0.0,18,21,0.857,4,4,8,5,2,0,2,3,34,18,0,2005-06,Regular Season,2548,Dwyane Wade
22005,2548,0020500434,2006-01-01,MIA vs. MIN,W,33,8,15,0.533,0,1,0.0,3,5,0.6,0,6,6,9,0,1,3,4,19,27,0,2005-06,Regular Season,2548,Dwyane Wade
22005,2548,0020500451,2006-01-04,MIA @ NOK,L,37,7,16,0.438,0,0,0.0,5,9,0.556,1,9,10,10,0,0,8,3,19,-12,0,2005-06,Regular Season,2548,Dwyane Wade
22005,2548,0020500485,2006-01-08,MIA @ POR,W,28,13,17,0.765,0,0,0.0,5,6,0.833,2,3,5,7,6,0,2,3,31,18,0,2005-06,Regular Season,2548,Dwyane Wade
22005,2548,0020500509,2006-01-11,MIA @ GSW,W,41,13,19,0.684,0,1,0.0,6,6,1.0,0,5,5,11,2,1,4,2,32,13,0,2005-06,Regular Season,2548,Dwyane Wade
22005,2548,0020500521,2006-01-13,MIA @ SEA,W,39,4,14,0.286,0,0,0.0,7,8,0.875,3,7,10,14,2,2,5,1,15,4,0,2005-06,Regular Season,2548,Dwyane Wade
22005,2548,0020500529,2006-01-14,MIA @ UTA,W,46,10,20,0.5,0,1,0.0,11,12,0.917,2,6,8,8,4,1,5,0,31,13,0,2005-06,Regular Season,2548,Dwyane Wade
22005,2548,0020500547,2006-01-16,MIA @ LAL,L,42,11,24,0.458,0,3,0.0,12,16,0.75,0,2,2,7,0,1,1,1,34,-9,0,2005-06,Regular Season,2548,Dwyane Wade
22005,2548,0020500569,2006-01-20,MIA vs. SAS,L,41,14,29,0.483,1,2,0.5,7,8,0.875,2,2,4,1,3,0,5,3,36,-13,0,2005-06,Regular Season,2548,Dwyane Wade
22005,2548,0020500587,2006-01-22,MIA vs. SAC,W,37,11,17,0.647,0,0,0.0,0,1,0.0,2,4,6,7,1,1,2,0,22,17,0,2005-06,Regular Season,2548,Dwyane Wade
22005,2548,0020500601,2006-01-24,MIA vs. MEM,W,41,6,12,0.5,0,2,0.0,13,20,0.65,0,4,4,4,2,3,3,2,25,20,0,2005-06,Regular Season,2548,Dwyane Wade
22005,2548,0020500617,2006-01-26,MIA vs. PHX,L,42,10,20,0.5,1,4,0.25,4,5,0.8,2,0,2,1,2,0,3,4,25,-21,0,2005-06,Regular Season,2548,Dwyane Wade
22005,2548,0020500644,2006-01-29,MIA @ HOU,W,42,8,18,0.444,0,0,0.0,16,19,0.842,1,5,6,9,0,0,3,1,32,5,0,2005-06,Regular Season,2548,Dwyane Wade
22005,2548,0020500649,2006-01-30,MIA vs. LAC,W,44,9,19,0.474,0,2,0.0,10,12,0.833,0,3,3,11,0,4,1,2,28,5,0,2005-06,Regular Season,2548,Dwyane Wade
22005,2548,0020500674,2006-02-02,MIA vs. CLE,W,34,11,20,0.55,0,0,0.0,2,3,0.667,0,4,4,6,4,1,3,4,24,30,0,2005-06,Regular Season,2548,Dwyane Wade
22005,2548,0020500684,2006-02-04,MIA @ NJN,L,40,11,21,0.524,0,1,0.0,9,10,0.9,1,2,3,5,3,0,2,3,31,-7,0,2005-06,Regular Season,2548,Dwyane Wade
22005,2548,0020500702,2006-02-06,MIA vs. BOS,W,39,10,17,0.588,1,1,1.0,13,15,0.867,3,5,8,8,2,1,2,4,34,19,0,2005-06,Regular Season,2548,Dwyane Wade
22005,2548,0020500723,2006-02-09,MIA @ DAL,L,33,6,13,0.462,0,0,0.0,4,6,0.667,0,1,1,8,2,2,4,1,16,-21,0,2005-06,Regular Season,2548,Dwyane Wade
22005,2548,0020500745,2006-02-12,MIA vs. DET,W,43,15,27,0.556,0,1,0.0,7,9,0.778,2,6,8,4,0,1,0,3,37,4,0,2005-06,Regular Season,2548,Dwyane Wade
22005,2548,0020500759,2006-02-14,MIA vs. ORL,W,40,13,20,0.65,0,0,0.0,12,14,0.857,1,4,5,3,0,0,2,3,38,17,0,2005-06,Regular Season,2548,Dwyane Wade
22005,2548,0020500765,2006-02-15,MIA @ ORL,W,40,10,19,0.526,0,0,0.0,16,19,0.842,4,6,10,9,1,1,5,3,36,22,0,2005-06,Regular Season,2548,Dwyane Wade
22005,2548,0020500794,2006-02-22,MIA @ NYK,W,31,5,16,0.313,0,0,0.0,14,17,0.824,2,5,7,5,1,0,2,3,24,17,0,2005-06,Regular Season,2548,Dwyane Wade
22005,2548,0020500818,2006-02-25,MIA vs. SEA,W,42,11,20,0.55,0,0,0.0,4,9,0.444,2,5,7,11,0,1,3,3,26,8,0,2005-06,Regular Season,2548,Dwyane Wade
22005,2548,0020500830,2006-02-27,MIA vs. TOR,W,45,15,19,0.789,0,0,0.0,2,4,0.5,1,4,5,6,2,0,6,2,32,6,0,2005-06,Regular Season,2548,Dwyane Wade
22005,2548,0020500845,2006-03-01,MIA @ BOS,W,40,7,15,0.467,0,0,0.0,10,16,0.625,2,3,5,8,2,0,5,3,24,3,0,2005-06,Regular Season,2548,Dwyane Wade
22005,2548,0020500900,2006-03-08,MIA vs. WAS,W,44,13,21,0.619,1,3,0.333,13,14,0.929,0,3,3,5,3,0,6,2,40,11,0,2005-06,Regular Season,2548,Dwyane Wade
22005,2548,0020500913,2006-03-10,MIA vs. GSW,L,40,14,20,0.7,2,4,0.5,12,17,0.706,2,4,6,6,2,0,5,3,42,5,0,2005-06,Regular Season,2548,Dwyane Wade
22005,2548,0020500929,2006-03-12,MIA vs. CLE,W,45,11,26,0.423,0,0,0.0,13,18,0.722,3,6,9,7,2,1,2,5,35,9,0,2005-06,Regular Season,2548,Dwyane Wade
22005,2548,0020500943,2006-03-14,MIA vs. UTA,W,29,9,13,0.692,0,1,0.0,7,7,1.0,1,5,6,6,1,2,3,3,25,37,0,2005-06,Regular Season,2548,Dwyane Wade
22005,2548,0020500960,2006-03-16,MIA vs. BOS,W,39,12,20,0.6,0,2,0.0,6,11,0.545,1,1,2,6,3,1,1,2,30,2,0,2005-06,Regular Season,2548,Dwyane Wade
22005,2548,0020500974,2006-03-18,MIA @ CHI,W,29,1,8,0.125,0,0,0.0,13,13,1.0,2,2,4,2,3,0,10,5,15,7,0,2005-06,Regular Season,2548,Dwyane Wade
22005,2548,0020500987,2006-03-19,MIA @ NYK,W,42,10,17,0.588,0,1,0.0,10,13,0.769,1,4,5,9,1,0,5,2,30,3,0,2005-06,Regular Season,2548,Dwyane Wade
22005,2548,0020500998,2006-03-21,MIA @ MIN,L,39,10,24,0.417,2,3,0.667,13,14,0.929,3,1,4,8,0,0,3,2,35,9,0,2005-06,Regular Season,2548,Dwyane Wade
22005,2548,0020501007,2006-03-22,MIA @ DET,L,40,3,15,0.2,1,3,0.333,6,8,0.75,1,2,3,9,3,1,5,4,13,-13,0,2005-06,Regular Season,2548,Dwyane Wade
22005,2548,0020501021,2006-03-24,MIA vs. CHA,W,31,9,13,0.692,0,0,0.0,6,7,0.857,0,5,5,8,2,1,5,3,24,20,0,2005-06,Regular Season,2548,Dwyane Wade
22005,2548,0020501044,2006-03-27,MIA vs. IND,W,42,7,21,0.333,0,0,0.0,8,9,0.889,4,4,8,5,2,0,4,3,22,5,0,2005-06,Regular Season,2548,Dwyane Wade
22005,2548,0020501054,2006-03-29,MIA @ TOR,W,40,12,23,0.522,0,2,0.0,13,15,0.867,0,3,3,3,2,2,5,3,37,7,0,2005-06,Regular Season,2548,Dwyane Wade
22005,2548,0020501079,2006-04-01,MIA @ CLE,L,43,18,36,0.5,1,4,0.25,7,9,0.778,2,6,8,9,2,1,1,4,44,-1,0,2005-06,Regular Season,2548,Dwyane Wade
22005,2548,0020501091,2006-04-02,MIA @ NJN,L,41,12,26,0.462,0,0,0.0,8,8,1.0,1,5,6,5,2,1,5,2,32,-13,0,2005-06,Regular Season,2548,Dwyane Wade
22005,2548,0020501100,2006-04-04,MIA vs. MIL,W,33,6,10,0.6,0,0,0.0,2,7,0.286,0,8,8,8,2,1,5,1,14,25,0,2005-06,Regular Season,2548,Dwyane Wade
22005,2548,0020501119,2006-04-06,MIA vs. DET,L,46,11,22,0.5,0,0,0.0,7,10,0.7,2,7,9,6,1,0,3,5,29,-9,0,2005-06,Regular Season,2548,Dwyane Wade
22005,2548,0020501134,2006-04-08,MIA @ WAS,W,21,3,7,0.429,0,1,0.0,5,5,1.0,0,3,3,8,3,0,4,5,11,9,0,2005-06,Regular Season,2548,Dwyane Wade
22005,2548,0020501145,2006-04-09,MIA vs. ORL,L,41,9,17,0.529,0,1,0.0,9,11,0.818,0,2,2,7,4,1,7,3,27,-12,0,2005-06,Regular Season,2548,Dwyane Wade
22005,2548,0020501181,2006-04-14,MIA vs. PHI,W,39,10,19,0.526,0,0,0.0,5,7,0.714,1,5,6,8,4,1,7,3,25,25,0,2005-06,Regular Season,2548,Dwyane Wade
22005,2548,0020501194,2006-04-16,MIA vs. CHI,L,20,2,12,0.167,0,0,0.0,4,4,1.0,1,3,4,2,2,0,4,4,8,-6,0,2005-06,Regular Season,2548,Dwyane Wade
42005,2548,0040500111,2006-04-22,MIA vs. CHI,W,45,8,21,0.381,0,1,0.0,14,16,0.875,1,3,4,11,3,2,4,3,30,6,0,2005-06,Playoffs,2548,Dwyane Wade
42005,2548,0040500112,2006-04-24,MIA vs. CHI,W,44,10,20,0.5,0,1,0.0,1,1,1.0,2,3,5,7,4,2,4,3,21,6,0,2005-06,Playoffs,2548,Dwyane Wade
42005,2548,0040500113,2006-04-27,MIA @ CHI,L,30,9,22,0.409,0,2,0.0,8,9,0.889,0,4,4,4,0,1,4,1,26,-15,0,2005-06,Playoffs,2548,Dwyane Wade
42005,2548,0040500114,2006-04-30,MIA @ CHI,L,46,8,23,0.348,0,1,0.0,4,4,1.0,4,2,6,10,3,2,5,3,20,-2,0,2005-06,Playoffs,2548,Dwyane Wade
42005,2548,0040500115,2006-05-02,MIA vs. CHI,W,33,9,18,0.5,1,1,1.0,9,10,0.9,1,4,5,5,1,1,3,1,28,24,0,2005-06,Playoffs,2548,Dwyane Wade
42005,2548,0040500116,2006-05-04,MIA @ CHI,W,37,7,12,0.583,2,3,0.667,7,8,0.875,0,3,3,6,1,0,2,6,23,16,0,2005-06,Playoffs,2548,Dwyane Wade
42005,2548,0040500211,2006-05-08,MIA vs. NJN,L,41,8,19,0.421,0,2,0.0,9,15,0.6,1,4,5,3,3,1,0,2,25,-14,0,2005-06,Playoffs,2548,Dwyane Wade
42005,2548,0040500212,2006-05-10,MIA vs. NJN,W,38,12,19,0.632,3,3,1.0,4,4,1.0,1,4,5,6,4,0,1,4,31,25,0,2005-06,Playoffs,2548,Dwyane Wade
42005,2548,0040500213,2006-05-12,MIA @ NJN,W,42,7,16,0.438,2,3,0.667,14,15,0.933,2,5,7,10,2,1,6,4,30,21,0,2005-06,Playoffs,2548,Dwyane Wade
42005,2548,0040500214,2006-05-14,MIA @ NJN,W,45,11,19,0.579,0,0,0.0,9,10,0.9,0,7,7,8,2,0,4,2,31,11,0,2005-06,Playoffs,2548,Dwyane Wade
42005,2548,0040500215,2006-05-16,MIA vs. NJN,W,44,7,19,0.368,1,1,1.0,6,9,0.667,0,6,6,6,1,1,7,4,21,0,0,2005-06,Playoffs,2548,Dwyane Wade
42005,2548,0040500301,2006-05-23,MIA @ DET,W,27,9,11,0.818,0,0,0.0,7,9,0.778,0,3,3,5,2,1,5,4,25,3,0,2005-06,Playoffs,2548,Dwyane Wade
42005,2548,0040500302,2006-05-25,MIA @ DET,L,46,11,20,0.55,2,4,0.5,8,8,1.0,1,6,7,5,2,1,9,2,32,-2,0,2005-06,Playoffs,2548,Dwyane Wade
42005,2548,0040500303,2006-05-27,MIA vs. DET,W,43,13,17,0.765,0,0,0.0,9,11,0.818,2,6,8,4,2,1,4,4,35,19,0,2005-06,Playoffs,2548,Dwyane Wade
42005,2548,0040500304,2006-05-29,MIA vs. DET,W,44,8,11,0.727,0,0,0.0,15,19,0.789,0,6,6,5,2,2,2,1,31,8,0,2005-06,Playoffs,2548,Dwyane Wade
42005,2548,0040500305,2006-05-31,MIA @ DET,L,44,11,20,0.55,0,3,0.0,1,3,0.333,0,3,3,4,2,3,5,3,23,-5,0,2005-06,Playoffs,2548,Dwyane Wade
42005,2548,0040500306,2006-06-02,MIA vs. DET,W,37,6,15,0.4,0,1,0.0,2,2,1.0,1,3,4,10,1,1,3,2,14,11,0,2005-06,Playoffs,2548,Dwyane Wade
42005,2548,0040500401,2006-06-08,MIA @ DAL,L,43,11,25,0.44,0,2,0.0,6,10,0.6,3,3,6,6,4,1,5,4,28,-2,0,2005-06,Playoffs,2548,Dwyane Wade
42005,2548,0040500402,2006-06-11,MIA @ DAL,L,40,6,19,0.316,0,0,,11,14,0.786,4,4,8,3,2,1,4,4,23,-6,0,2005-06,Playoffs,2548,Dwyane Wade
42005,2548,0040500403,2006-06-13,MIA vs. DAL,W,43,14,26,0.538,1,2,0.5,13,18,0.722,2,11,13,2,2,0,1,5,42,6,0,2005-06,Playoffs,2548,Dwyane Wade
42005,2548,0040500404,2006-06-15,MIA vs. DAL,W,40,13,23,0.565,2,5,0.4,8,9,0.889,0,6,6,3,1,1,4,4,36,14,0,2005-06,Playoffs,2548,Dwyane Wade
42005,2548,0040500405,2006-06-18,MIA vs. DAL,W,50,11,28,0.393,0,2,0.0,21,25,0.84,0,4,4,4,3,0,3,1,43,1,0,2005-06,Playoffs,2548,Dwyane Wade
42005,2548,0040500406,2006-06-20,MIA @ DAL,W,45,10,18,0.556,0,0,,16,21,0.762,3,7,10,5,4,3,5,4,36,9,0,2005-06,Playoffs,2548,Dwyane Wade
22005,2730,0020500005,2005-11-02,ORL vs. IND,L,29,3,9,0.333,0,0,0.0,6,10,0.6,2,4,6,1,0,2,2,2,12,-4,0,2005-06,Regular Season,2730,Dwight Howard
22005,2730,0020500022,2005-11-04,ORL vs. MEM,L,34,5,10,0.5,0,0,0.0,6,8,0.75,1,4,5,0,0,1,1,5,16,-2,0,2005-06,Regular Season,2730,Dwight Howard
22005,2730,0020500031,2005-11-05,ORL @ WAS,L,41,5,14,0.357,0,0,0.0,7,13,0.538,4,7,11,1,1,2,1,2,17,-1,0,2005-06,Regular Season,2730,Dwight Howard
22005,2730,0020500054,2005-11-08,ORL @ HOU,W,36,4,9,0.444,0,0,0.0,4,6,0.667,3,8,11,1,0,2,2,3,12,-2,0,2005-06,Regular Season,2730,Dwight Howard
22005,2730,0020500063,2005-11-09,ORL @ NOK,W,37,5,8,0.625,0,0,0.0,6,8,0.75,4,9,13,1,0,1,3,5,16,11,0,2005-06,Regular Season,2730,Dwight Howard
22005,2730,0020500092,2005-11-13,ORL vs. CLE,L,46,9,13,0.692,0,0,0.0,3,4,0.75,4,12,16,3,2,1,1,5,21,-1,0,2005-06,Regular Season,2730,Dwight Howard
22005,2730,0020500099,2005-11-15,ORL vs. CHA,W,37,7,11,0.636,0,0,0.0,7,10,0.7,8,12,20,1,1,1,1,3,21,22,0,2005-06,Regular Season,2730,Dwight Howard
22005,2730,0020500120,2005-11-18,ORL @ CLE,L,35,5,11,0.455,0,0,0.0,0,2,0.0,3,12,15,1,1,3,2,3,10,-11,0,2005-06,Regular Season,2730,Dwight Howard
22005,2730,0020500133,2005-11-19,ORL vs. NOK,L,42,6,10,0.6,0,0,0.0,4,6,0.667,2,15,17,3,0,2,2,3,16,1,0,2005-06,Regular Season,2730,Dwight Howard
22005,2730,0020500157,2005-11-23,ORL vs. WAS,W,27,2,8,0.25,0,0,0.0,1,2,0.5,1,6,7,2,1,0,2,5,5,10,0,2005-06,Regular Season,2730,Dwight Howard
22005,2730,0020500169,2005-11-25,ORL vs. POR,W,38,10,19,0.526,0,1,0.0,1,1,1.0,8,10,18,1,2,1,1,4,21,6,0,2005-06,Regular Season,2730,Dwight Howard
22005,2730,0020500183,2005-11-26,ORL vs. MIA,W,33,7,14,0.5,0,0,0.0,1,3,0.333,4,12,16,0,0,4,3,5,15,9,0,2005-06,Regular Season,2730,Dwight Howard
22005,2730,0020500194,2005-11-28,ORL @ BOS,W,36,2,3,0.667,0,0,0.0,6,12,0.5,2,8,10,3,1,2,4,4,10,-3,0,2005-06,Regular Season,2730,Dwight Howard
22005,2730,0020500201,2005-11-29,ORL @ CHI,L,38,6,9,0.667,0,0,0.0,5,10,0.5,1,18,19,2,0,1,4,4,17,-10,0,2005-06,Regular Season,2730,Dwight Howard
22005,2730,0020500223,2005-12-02,ORL @ MEM,L,31,3,11,0.273,0,0,0.0,3,6,0.5,1,5,6,1,2,0,0,2,9,-24,0,2005-06,Regular Season,2730,Dwight Howard
22005,2730,0020500233,2005-12-03,ORL @ MIL,L,38,6,11,0.545,0,0,0.0,2,4,0.5,6,11,17,1,1,1,5,4,14,-11,0,2005-06,Regular Season,2730,Dwight Howard
22005,2730,0020500245,2005-12-05,ORL vs. SAS,L,38,4,18,0.222,0,0,0.0,5,6,0.833,5,10,15,1,2,1,2,3,13,-18,0,2005-06,Regular Season,2730,Dwight Howard
22005,2730,0020500260,2005-12-07,ORL vs. CHI,L,43,7,12,0.583,0,0,0.0,3,8,0.375,3,13,16,2,3,2,2,3,17,-9,0,2005-06,Regular Season,2730,Dwight Howard
22005,2730,0020500282,2005-12-10,ORL vs. DEN,W,39,5,9,0.556,0,0,0.0,7,11,0.636,4,10,14,2,0,1,6,4,17,8,0,2005-06,Regular Season,2730,Dwight Howard
22005,2730,0020500311,2005-12-14,ORL @ NYK,W,33,8,13,0.615,0,0,0.0,7,11,0.636,4,9,13,2,1,1,1,4,23,9,0,2005-06,Regular Season,2730,Dwight Howard
22005,2730,0020500330,2005-12-16,ORL @ DAL,L,39,5,11,0.455,0,0,0.0,0,0,0.0,3,7,10,2,0,5,1,2,10,-9,0,2005-06,Regular Season,2730,Dwight Howard
22005,2730,0020500347,2005-12-19,ORL vs. TOR,L,19,5,10,0.5,0,0,0.0,1,2,0.5,3,5,8,1,1,3,2,3,11,4,0,2005-06,Regular Season,2730,Dwight Howard
22005,2730,0020500361,2005-12-21,ORL vs. NJN,L,42,4,9,0.444,0,0,0.0,6,10,0.6,1,14,15,0,2,2,2,1,14,-11,0,2005-06,Regular Season,2730,Dwight Howard
22005,2730,0020500372,2005-12-23,ORL vs. LAL,L,2,1,2,0.5,0,0,0.0,0,0,0.0,0,0,0,0,0,0,0,1,2,-6,0,2005-06,Regular Season,2730,Dwight Howard
22005,2730,0020500388,2005-12-26,ORL vs. MIL,W,38,8,15,0.533,0,0,0.0,3,4,0.75,4,10,14,0,1,0,2,4,19,20,0,2005-06,Regular Season,2730,Dwight Howard
22005,2730,0020500407,2005-12-28,ORL vs. NYK,W,37,3,7,0.429,0,0,0.0,5,11,0.455,1,7,8,2,2,1,4,6,11,14,0,2005-06,Regular Season,2730,Dwight Howard
22005,2730,0020500418,2005-12-30,ORL vs. MIN,W,39,5,9,0.556,0,0,0.0,7,10,0.7,4,8,12,2,2,0,3,4,17,22,0,2005-06,Regular Season,2730,Dwight Howard
22005,2730,0020500443,2006-01-03,ORL @ DET,L,43,8,11,0.727,0,0,0.0,6,9,0.667,3,11,14,0,2,1,3,3,22,-8,0,2005-06,Regular Season,2730,Dwight Howard
22005,2730,0020500448,2006-01-04,ORL @ TOR,L,29,5,8,0.625,0,0,0.0,0,0,0.0,1,6,7,1,0,0,3,3,10,-12,0,2005-06,Regular Season,2730,Dwight Howard
22005,2730,0020500461,2006-01-06,ORL @ NJN,L,42,6,12,0.5,0,0,0.0,7,11,0.636,8,6,14,1,0,2,4,2,19,-10,0,2005-06,Regular Season,2730,Dwight Howard
22005,2730,0020500474,2006-01-07,ORL vs. CHA,W,39,8,11,0.727,0,0,0.0,3,3,1.0,3,9,12,2,1,3,4,4,19,19,0,2005-06,Regular Season,2730,Dwight Howard
22005,2730,0020500499,2006-01-10,ORL @ LAC,L,30,3,7,0.429,0,0,0.0,3,5,0.6,2,4,6,0,0,2,0,5,9,-2,0,2005-06,Regular Season,2730,Dwight Howard
22005,2730,0020500508,2006-01-11,ORL @ SEA,L,38,4,9,0.444,0,0,0.0,5,11,0.455,7,11,18,2,0,1,5,2,13,-6,0,2005-06,Regular Season,2730,Dwight Howard
22005,2730,0020500520,2006-01-13,ORL @ POR,L,40,9,16,0.563,0,0,0.0,2,3,0.667,6,7,13,2,1,1,3,1,20,-1,0,2005-06,Regular Season,2730,Dwight Howard
22005,2730,0020500534,2006-01-15,ORL @ SAC,L,44,8,14,0.571,0,0,0.0,2,4,0.5,6,13,19,2,1,3,1,4,18,1,0,2005-06,Regular Season,2730,Dwight Howard
22005,2730,0020500552,2006-01-18,ORL vs. WAS,W,28,2,5,0.4,0,0,0.0,5,10,0.5,2,8,10,2,0,3,2,5,9,8,0,2005-06,Regular Season,2730,Dwight Howard
22005,2730,0020500568,2006-01-20,ORL @ CHA,W,41,6,10,0.6,0,0,0.0,7,8,0.875,7,14,21,5,3,2,5,5,19,3,0,2005-06,Regular Season,2730,Dwight Howard
22005,2730,0020500577,2006-01-21,ORL vs. SAC,W,47,7,13,0.538,0,0,0.0,5,6,0.833,4,11,15,1,1,1,1,3,19,12,0,2005-06,Regular Season,2730,Dwight Howard
22005,2730,0020500599,2006-01-24,ORL vs. PHX,W,39,7,12,0.583,0,0,0.0,8,13,0.615,4,8,12,2,0,2,2,3,22,0,0,2005-06,Regular Season,2730,Dwight Howard
22005,2730,0020500616,2006-01-26,ORL @ PHI,W,44,7,10,0.7,0,0,0.0,8,11,0.727,5,4,9,1,0,1,4,3,22,-3,0,2005-06,Regular Season,2730,Dwight Howard
22005,2730,0020500622,2006-01-27,ORL @ NYK,L,42,3,9,0.333,0,0,0.0,4,5,0.8,4,10,14,1,1,1,2,5,10,11,0,2005-06,Regular Season,2730,Dwight Howard
22005,2730,0020500645,2006-01-29,ORL vs. PHI,L,41,6,11,0.545,0,0,0.0,2,7,0.286,4,7,11,1,0,3,5,3,14,-10,0,2005-06,Regular Season,2730,Dwight Howard
22005,2730,0020500662,2006-02-01,ORL vs. LAC,L,44,5,12,0.417,0,0,0.0,5,7,0.714,4,11,15,1,0,2,2,3,15,-12,0,2005-06,Regular Season,2730,Dwight Howard
22005,2730,0020500677,2006-02-03,ORL @ ATL,L,39,9,11,0.818,0,0,0.0,6,12,0.5,4,12,16,0,0,3,3,3,24,0,0,2005-06,Regular Season,2730,Dwight Howard
22005,2730,0020500686,2006-02-04,ORL vs. BOS,W,40,7,13,0.538,0,0,0.0,4,7,0.571,1,7,8,1,0,0,2,3,18,0,0,2005-06,Regular Season,2730,Dwight Howard
22005,2730,0020500699,2006-02-06,ORL @ WAS,L,36,5,11,0.455,0,0,0.0,6,7,0.857,2,9,11,3,0,1,3,3,16,-4,0,2005-06,Regular Season,2730,Dwight Howard
22005,2730,0020500717,2006-02-08,ORL @ MIL,L,41,2,12,0.167,0,0,0.0,7,11,0.636,4,10,14,1,1,1,4,5,11,6,0,2005-06,Regular Season,2730,Dwight Howard
22005,2730,0020500726,2006-02-10,ORL vs. DET,L,31,9,13,0.692,0,0,0.0,1,4,0.25,7,10,17,1,1,3,6,3,19,-11,0,2005-06,Regular Season,2730,Dwight Howard
22005,2730,0020500746,2006-02-12,ORL @ BOS,L,46,5,10,0.5,0,0,0.0,14,17,0.824,2,9,11,2,0,2,3,4,24,-8,0,2005-06,Regular Season,2730,Dwight Howard
22005,2730,0020500759,2006-02-14,ORL @ MIA,L,38,6,15,0.4,0,0,0.0,1,4,0.25,5,8,13,0,0,1,0,2,13,-13,0,2005-06,Regular Season,2730,Dwight Howard
22005,2730,0020500765,2006-02-15,ORL vs. MIA,L,38,1,3,0.333,0,0,0.0,14,18,0.778,3,8,11,3,2,0,2,3,16,-14,0,2005-06,Regular Season,2730,Dwight Howard
22005,2730,0020500780,2006-02-21,ORL @ CLE,L,39,9,19,0.474,0,0,0.0,5,10,0.5,6,8,14,2,0,1,3,1,23,-21,0,2005-06,Regular Season,2730,Dwight Howard
22005,2730,0020500793,2006-02-22,ORL @ NJN,L,32,7,10,0.7,0,0,0.0,3,7,0.429,1,5,6,1,3,2,3,4,17,-13,0,2005-06,Regular Season,2730,Dwight Howard
22005,2730,0020500803,2006-02-24,ORL vs. SEA,W,34,10,14,0.714,0,0,0.0,3,6,0.5,4,12,16,2,0,1,3,3,23,12,0,2005-06,Regular Season,2730,Dwight Howard
22005,2730,0020500823,2006-02-26,ORL vs. HOU,L,36,1,5,0.2,0,0,0.0,5,12,0.417,1,8,9,1,2,0,4,5,7,-8,0,2005-06,Regular Season,2730,Dwight Howard
22005,2730,0020500841,2006-02-28,ORL @ LAL,L,33,6,9,0.667,0,0,0.0,3,4,0.75,1,8,9,2,0,1,3,3,15,-13,0,2005-06,Regular Season,2730,Dwight Howard
22005,2730,0020500854,2006-03-01,ORL @ GSW,L,38,7,15,0.467,0,0,0.0,3,6,0.5,3,9,12,1,1,0,4,4,17,4,0,2005-06,Regular Season,2730,Dwight Howard
22005,2730,0020500864,2006-03-03,ORL @ PHX,L,31,7,12,0.583,0,0,0.0,1,1,1.0,1,6,7,0,0,2,2,4,15,-11,0,2005-06,Regular Season,2730,Dwight Howard
22005,2730,0020500872,2006-03-04,ORL @ DEN,L,33,6,10,0.6,0,0,0.0,3,5,0.6,4,7,11,0,1,1,6,3,15,-11,0,2005-06,Regular Season,2730,Dwight Howard
22005,2730,0020500887,2006-03-06,ORL @ UTA,L,42,6,10,0.6,0,0,0.0,6,12,0.5,8,6,14,2,1,1,4,3,18,-3,0,2005-06,Regular Season,2730,Dwight Howard
22005,2730,0020500911,2006-03-10,ORL vs. CLE,W,24,3,7,0.429,0,0,0.0,2,4,0.5,1,8,9,2,1,1,4,4,8,12,0,2005-06,Regular Season,2730,Dwight Howard
22005,2730,0020500921,2006-03-11,ORL vs. GSW,W,33,4,5,0.8,0,0,0.0,2,5,0.4,0,9,9,1,1,1,3,5,10,9,0,2005-06,Regular Season,2730,Dwight Howard
22005,2730,0020500936,2006-03-13,ORL @ IND,L,36,10,17,0.588,0,0,0.0,2,3,0.667,2,9,11,1,1,1,3,5,22,2,0,2005-06,Regular Season,2730,Dwight Howard
22005,2730,0020500952,2006-03-15,ORL vs. UTA,W,42,4,7,0.571,0,0,0.0,8,11,0.727,1,10,11,1,0,3,6,5,16,6,0,2005-06,Regular Season,2730,Dwight Howard
22005,2730,0020500966,2006-03-17,ORL vs. BOS,W,43,7,14,0.5,0,0,0.0,4,6,0.667,7,6,13,2,0,6,2,2,18,7,0,2005-06,Regular Season,2730,Dwight Howard
22005,2730,0020500983,2006-03-19,ORL @ ATL,L,42,5,11,0.455,0,0,0.0,3,6,0.5,4,11,15,4,2,2,2,4,13,-7,0,2005-06,Regular Season,2730,Dwight Howard
22005,2730,0020500994,2006-03-21,ORL @ CHA,L,39,6,9,0.667,0,0,0.0,5,8,0.625,3,12,15,2,1,0,1,2,17,10,0,2005-06,Regular Season,2730,Dwight Howard
22005,2730,0020501003,2006-03-22,ORL vs. NYK,W,23,9,11,0.818,0,0,0.0,5,5,1.0,5,2,7,1,1,0,1,4,23,23,0,2005-06,Regular Season,2730,Dwight Howard
22005,2730,0020501018,2006-03-24,ORL @ PHI,W,36,5,10,0.5,0,0,0.0,5,10,0.5,6,13,19,5,0,4,2,1,15,-2,0,2005-06,Regular Season,2730,Dwight Howard
22005,2730,0020501038,2006-03-26,ORL vs. ATL,W,40,6,9,0.667,0,0,0.0,3,5,0.6,4,9,13,4,1,1,3,4,15,9,0,2005-06,Regular Season,2730,Dwight Howard
22005,2730,0020501051,2006-03-28,ORL @ CHI,W,30,3,10,0.3,0,1,0.0,0,1,0.0,3,8,11,2,0,0,4,3,6,-10,0,2005-06,Regular Season,2730,Dwight Howard
22005,2730,0020501060,2006-03-29,ORL @ MIN,L,41,6,13,0.462,0,0,0.0,3,9,0.333,4,8,12,2,0,1,2,4,15,-5,0,2005-06,Regular Season,2730,Dwight Howard
22005,2730,0020501069,2006-03-31,ORL vs. DAL,W,38,6,9,0.667,0,0,0.0,2,4,0.5,2,8,10,1,0,1,2,5,14,12,0,2005-06,Regular Season,2730,Dwight Howard
22005,2730,0020501111,2006-04-05,ORL vs. MIL,W,37,7,12,0.583,0,0,0.0,5,7,0.714,1,16,17,2,2,0,3,2,19,3,0,2005-06,Regular Season,2730,Dwight Howard
22005,2730,0020501123,2006-04-07,ORL vs. DET,W,38,3,10,0.3,0,0,0.0,6,10,0.6,4,11,15,2,0,1,2,1,12,9,0,2005-06,Regular Season,2730,Dwight Howard
22005,2730,0020501145,2006-04-09,ORL @ MIA,W,33,4,6,0.667,0,0,0.0,8,13,0.615,1,7,8,1,2,1,1,3,16,2,0,2005-06,Regular Season,2730,Dwight Howard
22005,2730,0020501150,2006-04-10,ORL vs. ATL,W,36,7,12,0.583,0,0,0.0,6,10,0.6,5,11,16,6,1,0,3,2,20,26,0,2005-06,Regular Season,2730,Dwight Howard
22005,2730,0020501163,2006-04-12,ORL vs. TOR,W,36,5,7,0.714,0,0,0.0,4,9,0.444,4,6,10,1,0,1,3,4,14,11,0,2005-06,Regular Season,2730,Dwight Howard
22005,2730,0020501175,2006-04-13,ORL @ SAS,W,39,9,15,0.6,0,0,0.0,4,7,0.571,3,10,13,1,1,1,2,2,22,13,0,2005-06,Regular Season,2730,Dwight Howard
22005,2730,0020501188,2006-04-15,ORL vs. PHI,W,39,9,14,0.643,0,0,0.0,10,19,0.526,9,17,26,1,2,1,3,4,28,12,0,2005-06,Regular Season,2730,Dwight Howard
22005,2730,0020501204,2006-04-17,ORL vs. CHI,L,42,9,15,0.6,0,0,0.0,4,8,0.5,2,12,14,0,0,1,4,3,22,-11,0,2005-06,Regular Season,2730,Dwight Howard
22005,2730,0020501218,2006-04-19,ORL @ IND,L,27,4,11,0.364,0,0,0.0,2,4,0.5,4,3,7,1,1,0,1,4,10,-1,0,2005-06,Regular Season,2730,Dwight Howard
