SEASON_ID,Player_ID,Game_ID,GAME_DATE,MATCHUP,WL,MIN,FGM,FGA,FG_PCT,FG3M,FG3A,FG3_PCT,FTM,FTA,FT_PCT,OREB,DREB,REB,AST,STL,BLK,TOV,PF,PTS,PLUS_MINUS,VIDEO_AVAILABLE,SEASON,SEASON_TYPE,PLAYER_ID,PLAYER_NAME
22009,2544,0020900001,2009-10-27,CLE vs. BOS,L,45,12,22,0.545,4,9,0.444,10,13,0.769,0,4,4,8,2,4,5,4,38,0,0,2009-10,Regular Season,2544,LeBron James
22009,2544,0020900007,2009-10-28,CLE @ TOR,L,40,7,19,0.368,1,5,0.2,8,14,0.571,2,9,11,12,2,0,4,1,23,2,0,2009-10,Regular Season,2544,LeBron James
22009,2544,0020900026,2009-10-30,CLE @ MIN,W,33,10,18,0.556,2,3,0.667,2,3,0.667,2,7,9,6,1,1,2,1,24,17,0,2009-10,Regular Season,2544,LeBron James
22009,2544,0020900033,2009-10-31,CLE vs. CHA,W,37,5,11,0.455,0,1,0.0,4,6,0.667,1,6,7,9,0,0,4,1,14,19,0,2009-10,Regular Season,2544,LeBron James
22009,2544,0020900051,2009-11-03,CLE vs. WAS,W,36,7,16,0.438,2,7,0.286,11,13,0.846,3,5,8,6,3,0,4,0,27,5,0,2009-10,Regular Season,2544,LeBron James
22009,2544,0020900070,2009-11-05,CLE vs. CHI,L,38,9,17,0.529,1,4,0.25,6,9,0.667,0,7,7,6,1,1,3,0,25,-1,0,2009-10,Regular Season,2544,LeBron James
22009,2544,0020900080,2009-11-06,CLE @ NYK,W,36,12,17,0.706,2,4,0.5,7,9,0.778,0,8,8,9,3,0,7,3,33,8,0,2009-10,Regular Season,2544,LeBron James
22009,2544,0020900117,2009-11-11,CLE @ ORL,W,39,13,23,0.565,2,3,0.667,8,9,0.889,2,6,8,4,1,0,4,2,36,7,0,2009-10,Regular Season,2544,LeBron James
22009,2544,0020900122,2009-11-12,CLE @ MIA,W,39,8,20,0.4,2,4,0.5,16,18,0.889,1,3,4,7,2,1,2,2,34,6,0,2009-10,Regular Season,2544,LeBron James
22009,2544,0020900137,2009-11-14,CLE vs. UTA,W,38,6,15,0.4,0,3,0.0,9,12,0.75,0,6,6,9,2,1,2,1,21,6,0,2009-10,Regular Season,2544,LeBron James
22009,2544,0020900150,2009-11-17,CLE vs. GSW,W,39,11,19,0.579,1,5,0.2,8,10,0.8,0,5,5,12,1,2,2,2,31,8,0,2009-10,Regular Season,2544,LeBron James
22009,2544,0020900162,2009-11-18,CLE @ WAS,L,35,12,20,0.6,3,7,0.429,7,8,0.875,0,2,2,9,2,0,6,4,34,-12,0,2009-10,Regular Season,2544,LeBron James
22009,2544,0020900173,2009-11-20,CLE @ IND,W,38,13,25,0.52,1,3,0.333,13,14,0.929,2,7,9,7,1,1,2,1,40,4,0,2009-10,Regular Season,2544,LeBron James
22009,2544,0020900184,2009-11-21,CLE vs. PHI,W,39,13,20,0.65,2,4,0.5,4,6,0.667,0,7,7,9,0,0,5,3,32,11,0,2009-10,Regular Season,2544,LeBron James
22009,2544,0020900212,2009-11-25,CLE @ DET,W,39,12,24,0.5,1,4,0.25,9,11,0.818,1,7,8,7,1,0,5,2,34,12,0,2009-10,Regular Season,2544,LeBron James
22009,2544,0020900222,2009-11-27,CLE @ CHA,L,38,10,19,0.526,2,7,0.286,3,4,0.75,0,6,6,4,0,0,6,4,25,3,0,2009-10,Regular Season,2544,LeBron James
22009,2544,0020900235,2009-11-28,CLE vs. DAL,W,36,10,20,0.5,0,2,0.0,5,7,0.714,0,5,5,12,0,0,1,2,25,8,0,2009-10,Regular Season,2544,LeBron James
22009,2544,0020900260,2009-12-02,CLE vs. PHX,W,35,6,15,0.4,0,3,0.0,0,0,0.0,1,7,8,10,1,1,3,0,12,19,0,2009-10,Regular Season,2544,LeBron James
22009,2544,0020900274,2009-12-04,CLE vs. CHI,W,34,8,17,0.471,1,3,0.333,6,10,0.6,0,6,6,11,0,0,1,1,23,19,0,2009-10,Regular Season,2544,LeBron James
22009,2544,0020900292,2009-12-06,CLE @ MIL,W,32,4,10,0.4,0,0,0.0,6,7,0.857,1,4,5,10,1,1,5,2,14,8,0,2009-10,Regular Season,2544,LeBron James
22009,2544,0020900304,2009-12-08,CLE @ MEM,L,45,14,29,0.483,4,11,0.364,11,12,0.917,4,9,13,6,0,1,5,2,43,6,0,2009-10,Regular Season,2544,LeBron James
22009,2544,0020900314,2009-12-09,CLE @ HOU,L,40,8,21,0.381,2,4,0.5,9,10,0.9,1,5,6,7,1,1,5,2,27,-13,0,2009-10,Regular Season,2544,LeBron James
22009,2544,0020900325,2009-12-11,CLE vs. POR,W,38,14,24,0.583,1,2,0.5,4,6,0.667,1,6,7,7,1,2,4,1,33,8,0,2009-10,Regular Season,2544,LeBron James
22009,2544,0020900342,2009-12-13,CLE @ OKC,W,39,16,29,0.552,5,8,0.625,7,10,0.7,0,7,7,6,4,1,1,1,44,13,0,2009-10,Regular Season,2544,LeBron James
22009,2544,0020900352,2009-12-15,CLE vs. NJN,W,40,9,19,0.474,1,5,0.2,4,6,0.667,1,5,6,7,2,0,6,3,23,7,0,2009-10,Regular Season,2544,LeBron James
22009,2544,0020900361,2009-12-16,CLE @ PHI,W,40,12,26,0.462,3,6,0.5,9,11,0.818,1,5,6,7,3,1,3,2,36,10,0,2009-10,Regular Season,2544,LeBron James
22009,2544,0020900376,2009-12-18,CLE vs. MIL,W,38,6,13,0.462,2,4,0.5,12,14,0.857,1,9,10,8,0,3,6,1,26,3,0,2009-10,Regular Season,2544,LeBron James
22009,2544,0020900398,2009-12-20,CLE @ DAL,L,43,9,23,0.391,2,6,0.333,5,7,0.714,0,3,3,6,2,2,2,3,25,-5,0,2009-10,Regular Season,2544,LeBron James
22009,2544,0020900404,2009-12-21,CLE @ PHX,W,38,11,21,0.524,1,3,0.333,6,6,1.0,1,5,6,4,2,0,3,3,29,26,0,2009-10,Regular Season,2544,LeBron James
22009,2544,0020900423,2009-12-23,CLE @ SAC,W,44,14,30,0.467,1,4,0.25,5,7,0.714,4,12,16,10,0,0,2,1,34,26,0,2009-10,Regular Season,2544,LeBron James
22009,2544,0020900426,2009-12-25,CLE @ LAL,W,41,9,19,0.474,2,7,0.286,6,11,0.545,0,4,4,9,2,1,7,3,26,8,0,2009-10,Regular Season,2544,LeBron James
22009,2544,0020900440,2009-12-27,CLE vs. HOU,W,29,12,20,0.6,2,5,0.4,3,4,0.75,2,3,5,6,3,1,1,0,29,16,0,2009-10,Regular Season,2544,LeBron James
22009,2544,0020900452,2009-12-29,CLE @ ATL,W,40,6,20,0.3,0,5,0.0,2,3,0.667,1,7,8,10,5,1,4,2,14,6,0,2009-10,Regular Season,2544,LeBron James
22009,2544,0020900459,2009-12-30,CLE vs. ATL,W,43,15,23,0.652,4,6,0.667,14,16,0.875,3,7,10,6,2,2,3,3,48,7,0,2009-10,Regular Season,2544,LeBron James
22009,2544,0020900477,2010-01-02,CLE @ NJN,W,36,7,16,0.438,1,4,0.25,13,15,0.867,1,8,9,7,1,2,1,0,28,10,0,2009-10,Regular Season,2544,LeBron James
22009,2544,0020900489,2010-01-03,CLE vs. CHA,L,43,13,21,0.619,2,6,0.333,1,2,0.5,0,7,7,6,1,1,1,3,29,-2,0,2009-10,Regular Season,2544,LeBron James
22009,2544,0020900508,2010-01-06,CLE vs. WAS,W,31,7,12,0.583,1,4,0.25,8,11,0.727,2,5,7,8,1,2,1,0,23,16,0,2009-10,Regular Season,2544,LeBron James
22009,2544,0020900528,2010-01-08,CLE @ DEN,L,41,12,28,0.429,2,8,0.25,9,13,0.692,2,4,6,7,1,0,8,1,35,6,0,2009-10,Regular Season,2544,LeBron James
22009,2544,0020900542,2010-01-10,CLE @ POR,W,45,13,19,0.684,3,4,0.75,12,14,0.857,0,10,10,8,0,1,3,1,41,16,0,2009-10,Regular Season,2544,LeBron James
22009,2544,0020900552,2010-01-11,CLE @ GSW,W,42,12,23,0.522,1,4,0.25,12,14,0.857,1,7,8,11,2,4,2,1,37,12,0,2009-10,Regular Season,2544,LeBron James
22009,2544,0020900570,2010-01-14,CLE @ UTA,L,40,12,20,0.6,4,6,0.667,8,12,0.667,1,8,9,6,5,1,5,1,36,7,0,2009-10,Regular Season,2544,LeBron James
22009,2544,0020900591,2010-01-16,CLE @ LAC,W,39,12,20,0.6,3,6,0.5,5,7,0.714,2,2,4,4,2,1,5,3,32,-1,0,2009-10,Regular Season,2544,LeBron James
22009,2544,0020900606,2010-01-19,CLE vs. TOR,W,41,8,18,0.444,0,7,0.0,12,14,0.857,0,9,9,11,3,3,3,1,28,12,0,2009-10,Regular Season,2544,LeBron James
22009,2544,0020900621,2010-01-21,CLE vs. LAL,W,40,13,25,0.52,1,9,0.111,10,13,0.769,0,5,5,9,2,1,4,3,37,5,0,2009-10,Regular Season,2544,LeBron James
22009,2544,0020900638,2010-01-23,CLE vs. OKC,W,43,9,19,0.474,6,10,0.6,13,19,0.684,0,9,9,12,1,1,6,2,37,-1,0,2009-10,Regular Season,2544,LeBron James
22009,2544,0020900651,2010-01-25,CLE @ MIA,W,39,9,23,0.391,2,9,0.222,12,17,0.706,0,9,9,4,1,0,4,3,32,1,0,2009-10,Regular Season,2544,LeBron James
22009,2544,0020900663,2010-01-27,CLE vs. MIN,W,31,3,8,0.375,1,3,0.333,5,6,0.833,0,6,6,11,1,1,3,1,12,16,0,2009-10,Regular Season,2544,LeBron James
22009,2544,0020900677,2010-01-29,CLE @ IND,W,36,6,18,0.333,0,4,0.0,10,17,0.588,0,9,9,13,2,4,5,2,22,22,0,2009-10,Regular Season,2544,LeBron James
22009,2544,0020900697,2010-01-31,CLE vs. LAC,W,40,10,20,0.5,5,6,0.833,7,8,0.875,1,2,3,11,1,0,1,1,32,15,0,2009-10,Regular Season,2544,LeBron James
22009,2544,0020900711,2010-02-02,CLE vs. MEM,W,37,7,14,0.5,1,4,0.25,7,7,1.0,1,5,6,15,1,1,4,2,22,19,0,2009-10,Regular Season,2544,LeBron James
22009,2544,0020900729,2010-02-04,CLE vs. MIA,W,40,9,16,0.563,1,4,0.25,17,21,0.81,2,5,7,8,2,0,4,1,36,20,0,2009-10,Regular Season,2544,LeBron James
22009,2544,0020900743,2010-02-06,CLE vs. NYK,W,44,17,31,0.548,6,12,0.5,7,7,1.0,1,7,8,8,5,0,5,2,47,4,0,2009-10,Regular Season,2544,LeBron James
22009,2544,0020900759,2010-02-09,CLE vs. NJN,W,42,13,21,0.619,1,4,0.25,5,9,0.556,0,3,3,11,1,0,3,0,32,-2,0,2009-10,Regular Season,2544,LeBron James
22009,2544,0020900779,2010-02-11,CLE vs. ORL,W,45,10,21,0.476,2,6,0.333,10,12,0.833,1,7,8,13,2,0,3,2,32,16,0,2009-10,Regular Season,2544,LeBron James
22009,2544,0020900802,2010-02-18,CLE vs. DEN,L,47,15,33,0.455,1,9,0.111,12,17,0.706,1,12,13,15,2,4,3,1,43,-5,0,2009-10,Regular Season,2544,LeBron James
22009,2544,0020900804,2010-02-19,CLE @ CHA,L,36,6,14,0.429,2,6,0.333,8,10,0.8,1,2,3,9,4,0,2,2,22,-2,0,2009-10,Regular Season,2544,LeBron James
22009,2544,0020900823,2010-02-21,CLE @ ORL,L,39,12,25,0.48,1,6,0.167,8,12,0.667,0,9,9,6,2,1,5,0,33,-9,0,2009-10,Regular Season,2544,LeBron James
22009,2544,0020900837,2010-02-23,CLE vs. NOH,W,44,7,16,0.438,2,6,0.333,4,4,1.0,1,4,5,13,2,0,0,0,20,17,0,2009-10,Regular Season,2544,LeBron James
22009,2544,0020900857,2010-02-25,CLE @ BOS,W,36,11,23,0.478,3,6,0.5,11,15,0.733,1,6,7,9,0,0,2,2,36,9,0,2009-10,Regular Season,2544,LeBron James
22009,2544,0020900859,2010-02-26,CLE @ TOR,W,44,10,17,0.588,1,4,0.25,15,16,0.938,0,6,6,9,2,0,1,2,36,8,0,2009-10,Regular Season,2544,LeBron James
22009,2544,0020900887,2010-03-01,CLE vs. NYK,W,31,9,17,0.529,1,4,0.25,3,5,0.6,0,7,7,7,2,2,3,0,22,39,0,2009-10,Regular Season,2544,LeBron James
22009,2544,0020900902,2010-03-03,CLE @ NJN,W,41,10,18,0.556,0,4,0.0,6,7,0.857,2,5,7,14,3,1,3,1,26,18,0,2009-10,Regular Season,2544,LeBron James
22009,2544,0020900915,2010-03-05,CLE vs. DET,W,42,16,27,0.593,3,7,0.429,5,6,0.833,2,11,13,6,3,2,4,1,40,12,0,2009-10,Regular Season,2544,LeBron James
22009,2544,0020900965,2010-03-12,CLE @ PHI,W,42,7,18,0.389,3,10,0.3,6,12,0.5,0,6,6,10,1,3,1,2,23,2,0,2009-10,Regular Season,2544,LeBron James
22009,2544,0020900984,2010-03-14,CLE vs. BOS,W,39,9,21,0.429,1,3,0.333,11,16,0.688,3,5,8,7,2,3,2,2,30,3,0,2009-10,Regular Season,2544,LeBron James
22009,2544,0020900998,2010-03-16,CLE @ DET,W,43,10,22,0.455,1,3,0.333,8,11,0.727,2,10,12,12,1,1,4,0,29,13,0,2009-10,Regular Season,2544,LeBron James
22009,2544,0020901006,2010-03-17,CLE vs. IND,W,39,11,24,0.458,2,4,0.5,8,10,0.8,1,8,9,9,3,2,6,2,32,14,0,2009-10,Regular Season,2544,LeBron James
22009,2544,0020901022,2010-03-19,CLE @ CHI,W,38,9,21,0.429,0,3,0.0,11,12,0.917,1,10,11,7,2,2,5,1,29,5,0,2009-10,Regular Season,2544,LeBron James
22009,2544,0020901040,2010-03-21,CLE vs. DET,W,31,5,9,0.556,2,3,0.667,3,3,1.0,0,3,3,7,0,1,0,0,15,17,0,2009-10,Regular Season,2544,LeBron James
22009,2544,0020901064,2010-03-24,CLE @ NOH,W,41,15,22,0.682,1,5,0.2,7,8,0.875,2,4,6,9,1,0,3,2,38,9,0,2009-10,Regular Season,2544,LeBron James
22009,2544,0020901080,2010-03-26,CLE @ SAS,L,39,11,21,0.524,1,6,0.167,4,7,0.571,0,5,5,10,2,0,5,2,27,-5,0,2009-10,Regular Season,2544,LeBron James
22009,2544,0020901087,2010-03-28,CLE vs. SAC,W,39,13,22,0.591,3,6,0.5,5,6,0.833,1,6,7,8,3,0,3,2,34,8,0,2009-10,Regular Season,2544,LeBron James
22009,2544,0020901109,2010-03-31,CLE vs. MIL,W,39,7,17,0.412,0,1,0.0,9,13,0.692,1,8,9,7,1,1,4,2,23,10,0,2009-10,Regular Season,2544,LeBron James
22009,2544,0020901126,2010-04-02,CLE vs. ATL,W,38,11,20,0.55,1,3,0.333,4,7,0.571,0,13,13,6,2,0,2,1,27,11,0,2009-10,Regular Season,2544,LeBron James
22009,2544,0020901141,2010-04-04,CLE @ BOS,L,45,14,31,0.452,0,9,0.0,14,22,0.636,1,6,7,9,1,1,3,0,42,-1,0,2009-10,Regular Season,2544,LeBron James
22009,2544,0020901150,2010-04-06,CLE vs. TOR,W,36,5,13,0.385,0,2,0.0,9,10,0.9,0,6,6,13,0,1,4,1,19,19,0,2009-10,Regular Season,2544,LeBron James
42009,2544,0040900101,2010-04-17,CLE vs. CHI,W,40,9,19,0.474,0,1,0.0,6,7,0.857,0,6,6,5,1,4,3,2,24,19,0,2009-10,Playoffs,2544,LeBron James
42009,2544,0040900102,2010-04-19,CLE vs. CHI,W,41,16,23,0.696,2,4,0.5,6,6,1.0,1,7,8,8,1,2,2,2,40,6,0,2009-10,Playoffs,2544,LeBron James
42009,2544,0040900103,2010-04-22,CLE @ CHI,L,44,14,26,0.538,4,8,0.5,7,13,0.538,2,8,10,8,2,3,5,3,39,5,0,2009-10,Playoffs,2544,LeBron James
42009,2544,0040900104,2010-04-25,CLE @ CHI,W,36,11,17,0.647,6,9,0.667,9,10,0.9,0,12,12,11,2,1,2,3,37,29,0,2009-10,Playoffs,2544,LeBron James
42009,2544,0040900105,2010-04-27,CLE vs. CHI,W,43,5,12,0.417,1,2,0.5,8,14,0.571,3,7,10,9,0,2,3,1,19,1,0,2009-10,Playoffs,2544,LeBron James
42009,2544,0040900201,2010-05-01,CLE vs. BOS,W,43,12,24,0.5,3,6,0.5,8,11,0.727,2,5,7,7,3,2,2,1,35,7,0,2009-10,Playoffs,2544,LeBron James
42009,2544,0040900202,2010-05-03,CLE vs. BOS,L,41,7,15,0.467,0,4,0.0,10,15,0.667,0,7,7,4,3,2,5,1,24,-16,0,2009-10,Playoffs,2544,LeBron James
42009,2544,0040900203,2010-05-07,CLE @ BOS,W,39,14,22,0.636,2,3,0.667,8,9,0.889,2,6,8,7,1,2,1,1,38,30,0,2009-10,Playoffs,2544,LeBron James
42009,2544,0040900204,2010-05-09,CLE @ BOS,L,43,7,18,0.389,0,5,0.0,8,11,0.727,1,8,9,8,2,1,7,4,22,-10,0,2009-10,Playoffs,2544,LeBron James
42009,2544,0040900205,2010-05-11,CLE vs. BOS,L,42,3,14,0.214,0,4,0.0,9,12,0.75,1,5,6,7,1,0,3,3,15,-22,0,2009-10,Playoffs,2544,LeBron James
42009,2544,0040900206,2010-05-13,CLE @ BOS,L,46,8,21,0.381,2,4,0.5,9,12,0.75,3,16,19,10,3,1,9,2,27,-5,0,2009-10,Playoffs,2544,LeBron James
22009,977,0020900004,2009-10-27,LAL vs. LAC,W,38,11,26,0.423,0,1,0.0,11,12,0.917,4,4,8,3,4,1,2,2,33,9,0,2009-10,Regular Season,977,Kobe Bryant
22009,977,0020900031,2009-10-30,LAL vs. DAL,L,37,6,19,0.316,1,4,0.25,7,9,0.778,3,3,6,2,0,0,3,2,20,-20,0,2009-10,Regular Season,977,Kobe Bryant
22009,977,0020900045,2009-11-01,LAL vs. ATL,W,38,15,29,0.517,1,2,0.5,10,11,0.909,3,5,8,3,5,0,3,4,41,12,0,2009-10,Regular Season,977,Kobe Bryant
22009,977,0020900057,2009-11-03,LAL @ OKC,W,46,9,22,0.409,1,3,0.333,12,14,0.857,1,5,6,4,3,1,7,5,31,5,0,2009-10,Regular Season,977,Kobe Bryant
22009,977,0020900066,2009-11-04,LAL @ HOU,W,48,15,30,0.5,0,3,0.0,11,15,0.733,1,5,6,4,4,0,2,2,41,2,0,2009-10,Regular Season,977,Kobe Bryant
22009,977,0020900083,2009-11-06,LAL vs. MEM,W,34,19,30,0.633,0,0,0.0,3,4,0.75,1,3,4,1,1,0,0,2,41,16,0,2009-10,Regular Season,977,Kobe Bryant
22009,977,0020900097,2009-11-08,LAL vs. NOH,W,34,11,21,0.524,0,2,0.0,6,6,1.0,0,2,2,1,1,0,5,3,28,20,0,2009-10,Regular Season,977,Kobe Bryant
22009,977,0020900123,2009-11-12,LAL vs. PHX,W,33,13,21,0.619,0,0,0.0,3,4,0.75,1,3,4,4,0,0,4,4,29,24,0,2009-10,Regular Season,977,Kobe Bryant
22009,977,0020900131,2009-11-13,LAL @ DEN,L,34,7,17,0.412,1,3,0.333,4,4,1.0,2,1,3,2,1,0,4,1,19,-14,0,2009-10,Regular Season,977,Kobe Bryant
22009,977,0020900146,2009-11-15,LAL vs. HOU,L,39,5,20,0.25,0,3,0.0,8,9,0.889,1,0,1,3,3,0,4,0,18,-7,0,2009-10,Regular Season,977,Kobe Bryant
22009,977,0020900157,2009-11-17,LAL vs. DET,W,39,17,29,0.586,1,3,0.333,5,5,1.0,4,1,5,5,3,0,3,5,40,18,0,2009-10,Regular Season,977,Kobe Bryant
22009,977,0020900172,2009-11-19,LAL vs. CHI,W,38,7,21,0.333,0,2,0.0,7,8,0.875,1,8,9,8,0,1,2,3,21,17,0,2009-10,Regular Season,977,Kobe Bryant
22009,977,0020900197,2009-11-22,LAL vs. OKC,W,32,11,23,0.478,0,2,0.0,4,4,1.0,2,4,6,7,2,0,0,1,26,30,0,2009-10,Regular Season,977,Kobe Bryant
22009,977,0020900207,2009-11-24,LAL vs. NYK,W,41,14,20,0.7,1,4,0.25,5,7,0.714,0,5,5,4,3,0,4,0,34,25,0,2009-10,Regular Season,977,Kobe Bryant
22009,977,0020900238,2009-11-28,LAL @ GSW,W,32,8,20,0.4,1,3,0.333,3,3,1.0,2,4,6,6,5,0,2,3,20,18,0,2009-10,Regular Season,977,Kobe Bryant
22009,977,0020900248,2009-11-29,LAL vs. NJN,W,29,11,17,0.647,5,8,0.625,3,5,0.6,0,8,8,7,2,1,4,5,30,25,0,2009-10,Regular Season,977,Kobe Bryant
22009,977,0020900258,2009-12-01,LAL vs. NOH,W,33,5,11,0.455,2,5,0.4,6,6,1.0,0,3,3,4,2,0,1,3,18,16,0,2009-10,Regular Season,977,Kobe Bryant
22009,977,0020900281,2009-12-04,LAL vs. MIA,W,42,12,25,0.48,2,3,0.667,7,8,0.875,3,4,7,3,3,0,2,5,33,4,0,2009-10,Regular Season,977,Kobe Bryant
22009,977,0020900295,2009-12-06,LAL vs. PHX,W,36,9,16,0.563,2,4,0.5,6,8,0.75,2,5,7,3,1,0,1,2,26,12,0,2009-10,Regular Season,977,Kobe Bryant
22009,977,0020900316,2009-12-09,LAL vs. UTA,W,38,10,19,0.526,1,3,0.333,6,8,0.75,0,6,6,8,2,2,2,2,27,14,0,2009-10,Regular Season,977,Kobe Bryant
22009,977,0020900329,2009-12-11,LAL vs. MIN,W,34,8,18,0.444,1,3,0.333,3,4,0.75,0,5,5,5,1,0,4,2,20,3,0,2009-10,Regular Season,977,Kobe Bryant
22009,977,0020900337,2009-12-12,LAL @ UTA,L,37,7,24,0.292,1,9,0.111,1,1,1.0,1,5,6,5,1,0,1,2,16,6,0,2009-10,Regular Season,977,Kobe Bryant
22009,977,0020900354,2009-12-15,LAL @ CHI,W,39,15,26,0.577,1,5,0.2,11,15,0.733,0,2,2,3,3,0,8,2,42,-3,0,2009-10,Regular Season,977,Kobe Bryant
22009,977,0020900363,2009-12-16,LAL @ MIL,W,50,13,28,0.464,1,3,0.333,12,12,1.0,0,7,7,4,0,0,7,4,39,2,0,2009-10,Regular Season,977,Kobe Bryant
22009,977,0020900388,2009-12-19,LAL @ NJN,W,35,12,23,0.522,1,5,0.2,4,6,0.667,2,8,10,5,2,1,2,3,29,24,0,2009-10,Regular Season,977,Kobe Bryant
22009,977,0020900396,2009-12-20,LAL @ DET,W,39,11,23,0.478,1,4,0.25,5,8,0.625,1,2,3,4,5,0,2,2,28,19,0,2009-10,Regular Season,977,Kobe Bryant
22009,977,0020900413,2009-12-22,LAL vs. OKC,W,44,14,26,0.538,0,3,0.0,12,14,0.857,1,7,8,6,2,0,5,5,40,5,0,2009-10,Regular Season,977,Kobe Bryant
22009,977,0020900426,2009-12-25,LAL vs. CLE,L,45,11,33,0.333,1,3,0.333,12,12,1.0,3,7,10,8,1,1,4,3,35,-18,0,2009-10,Regular Season,977,Kobe Bryant
22009,977,0020900437,2009-12-26,LAL @ SAC,W,51,16,30,0.533,4,8,0.5,2,2,1.0,1,6,7,4,4,0,5,4,38,9,0,2009-10,Regular Season,977,Kobe Bryant
22009,977,0020900448,2009-12-28,LAL @ PHX,L,36,14,26,0.538,1,5,0.2,5,6,0.833,0,7,7,2,0,0,1,0,34,-7,0,2009-10,Regular Season,977,Kobe Bryant
22009,977,0020900458,2009-12-29,LAL vs. GSW,W,43,13,27,0.481,2,6,0.333,16,16,1.0,1,3,4,11,1,0,1,2,44,7,0,2009-10,Regular Season,977,Kobe Bryant
22009,977,0020900476,2010-01-01,LAL vs. SAC,W,47,13,27,0.481,5,7,0.714,8,11,0.727,0,5,5,5,1,0,3,3,39,1,0,2009-10,Regular Season,977,Kobe Bryant
22009,977,0020900493,2010-01-03,LAL vs. DAL,W,32,6,12,0.5,1,4,0.25,2,2,1.0,0,3,3,8,0,1,4,2,15,39,0,2009-10,Regular Season,977,Kobe Bryant
22009,977,0020900506,2010-01-05,LAL vs. HOU,W,43,9,23,0.391,1,1,1.0,3,4,0.75,0,3,3,3,1,1,4,4,22,14,0,2009-10,Regular Season,977,Kobe Bryant
22009,977,0020900516,2010-01-06,LAL @ LAC,L,40,10,30,0.333,2,7,0.286,11,15,0.733,1,2,3,8,3,0,2,0,33,-15,0,2009-10,Regular Season,977,Kobe Bryant
22009,977,0020900527,2010-01-08,LAL @ POR,L,41,14,37,0.378,2,8,0.25,2,4,0.5,3,4,7,7,0,1,5,4,32,-5,0,2009-10,Regular Season,977,Kobe Bryant
22009,977,0020900543,2010-01-10,LAL vs. MIL,W,29,4,21,0.19,0,3,0.0,4,6,0.667,2,3,5,1,2,0,1,4,12,14,0,2009-10,Regular Season,977,Kobe Bryant
22009,977,0020900556,2010-01-12,LAL @ SAS,L,32,7,10,0.7,1,1,1.0,1,1,1.0,0,1,1,3,0,0,3,0,16,-6,0,2009-10,Regular Season,977,Kobe Bryant
22009,977,0020900564,2010-01-13,LAL @ DAL,W,35,5,11,0.455,0,2,0.0,0,0,0.0,0,2,2,1,1,0,0,2,10,4,0,2009-10,Regular Season,977,Kobe Bryant
22009,977,0020900582,2010-01-15,LAL vs. LAC,W,37,10,20,0.5,4,7,0.571,6,8,0.75,0,2,2,3,1,0,1,2,30,41,0,2009-10,Regular Season,977,Kobe Bryant
22009,977,0020900605,2010-01-18,LAL vs. ORL,W,44,4,19,0.211,0,3,0.0,3,4,0.75,0,5,5,7,0,0,2,2,11,-3,0,2009-10,Regular Season,977,Kobe Bryant
22009,977,0020900621,2010-01-21,LAL @ CLE,L,40,12,31,0.387,2,6,0.333,5,8,0.625,1,1,2,4,0,0,3,2,31,-8,0,2009-10,Regular Season,977,Kobe Bryant
22009,977,0020900632,2010-01-22,LAL @ NYK,W,42,8,24,0.333,3,9,0.333,8,8,1.0,0,5,5,6,1,0,3,4,27,8,0,2009-10,Regular Season,977,Kobe Bryant
22009,977,0020900648,2010-01-24,LAL @ TOR,L,40,11,24,0.458,1,6,0.167,4,4,1.0,3,13,16,9,1,1,4,1,27,0,0,2009-10,Regular Season,977,Kobe Bryant
22009,977,0020900658,2010-01-26,LAL @ WAS,W,37,8,15,0.533,2,7,0.286,8,9,0.889,0,4,4,8,1,0,6,2,26,13,0,2009-10,Regular Season,977,Kobe Bryant
22009,977,0020900664,2010-01-27,LAL @ IND,W,35,10,15,0.667,3,4,0.75,6,8,0.75,2,7,9,7,1,1,1,1,29,15,0,2009-10,Regular Season,977,Kobe Bryant
22009,977,0020900678,2010-01-29,LAL @ PHI,W,40,10,22,0.455,0,4,0.0,4,6,0.667,1,3,4,3,4,2,3,3,24,4,0,2009-10,Regular Season,977,Kobe Bryant
22009,977,0020900696,2010-01-31,LAL @ BOS,W,45,8,20,0.4,1,3,0.333,2,4,0.5,0,3,3,6,0,0,4,1,19,6,0,2009-10,Regular Season,977,Kobe Bryant
22009,977,0020900706,2010-02-01,LAL @ MEM,L,40,16,28,0.571,4,7,0.571,8,13,0.615,0,3,3,3,0,0,3,1,44,5,0,2009-10,Regular Season,977,Kobe Bryant
22009,977,0020900727,2010-02-03,LAL vs. CHA,W,37,2,12,0.167,1,5,0.2,0,2,0.0,0,2,2,6,2,0,0,4,5,1,0,2009-10,Regular Season,977,Kobe Bryant
22009,977,0020900740,2010-02-05,LAL vs. DEN,L,39,11,22,0.5,4,8,0.5,7,8,0.875,0,9,9,0,1,0,5,4,33,4,0,2009-10,Regular Season,977,Kobe Bryant
22009,977,0020900841,2010-02-23,LAL @ MEM,W,40,13,19,0.684,3,4,0.75,3,3,1.0,0,7,7,6,3,2,2,2,32,3,0,2009-10,Regular Season,977,Kobe Bryant
22009,977,0020900852,2010-02-24,LAL @ DAL,L,40,9,23,0.391,0,3,0.0,2,2,1.0,1,4,5,2,2,0,2,4,20,-3,0,2009-10,Regular Season,977,Kobe Bryant
22009,977,0020900869,2010-02-26,LAL vs. PHI,W,42,7,16,0.438,0,1,0.0,5,6,0.833,1,3,4,8,2,0,3,2,19,9,0,2009-10,Regular Season,977,Kobe Bryant
22009,977,0020900879,2010-02-28,LAL vs. DEN,W,43,3,17,0.176,0,2,0.0,8,8,1.0,1,4,5,12,3,2,5,1,14,11,0,2009-10,Regular Season,977,Kobe Bryant
22009,977,0020900898,2010-03-02,LAL vs. IND,W,30,5,14,0.357,0,4,0.0,14,15,0.933,0,4,4,6,2,0,3,1,24,18,0,2009-10,Regular Season,977,Kobe Bryant
22009,977,0020900912,2010-03-04,LAL @ MIA,L,46,15,28,0.536,2,7,0.286,7,10,0.7,0,2,2,4,1,1,2,3,39,3,0,2009-10,Regular Season,977,Kobe Bryant
22009,977,0020900914,2010-03-05,LAL @ CHA,L,42,9,21,0.429,0,4,0.0,8,9,0.889,2,3,5,2,0,0,3,4,26,-14,0,2009-10,Regular Season,977,Kobe Bryant
22009,977,0020900935,2010-03-07,LAL @ ORL,L,40,12,30,0.4,2,5,0.4,8,8,1.0,2,5,7,7,3,0,1,3,34,-2,0,2009-10,Regular Season,977,Kobe Bryant
22009,977,0020900952,2010-03-09,LAL vs. TOR,W,37,11,20,0.55,0,1,0.0,10,11,0.909,1,5,6,6,1,0,4,4,32,3,0,2009-10,Regular Season,977,Kobe Bryant
22009,977,0020900974,2010-03-12,LAL @ PHX,W,42,7,16,0.438,1,5,0.2,6,9,0.667,1,9,10,8,1,0,7,2,21,15,0,2009-10,Regular Season,977,Kobe Bryant
22009,977,0020900995,2010-03-15,LAL @ GSW,W,40,9,18,0.5,2,4,0.5,9,11,0.818,1,2,3,4,2,0,9,2,29,7,0,2009-10,Regular Season,977,Kobe Bryant
22009,977,0020901004,2010-03-16,LAL @ SAC,W,41,10,26,0.385,2,5,0.4,8,14,0.571,3,6,9,7,0,0,3,2,30,15,0,2009-10,Regular Season,977,Kobe Bryant
22009,977,0020901028,2010-03-19,LAL vs. MIN,W,34,4,11,0.364,1,5,0.2,13,14,0.929,0,4,4,13,4,0,5,3,22,9,0,2009-10,Regular Season,977,Kobe Bryant
22009,977,0020901041,2010-03-21,LAL vs. WAS,W,40,10,17,0.588,4,7,0.571,0,0,0.0,0,3,3,4,0,0,3,2,24,16,0,2009-10,Regular Season,977,Kobe Bryant
22009,977,0020901066,2010-03-24,LAL @ SAS,W,42,11,16,0.688,2,2,1.0,0,0,0.0,1,3,4,6,0,0,3,1,24,-3,0,2009-10,Regular Season,977,Kobe Bryant
22009,977,0020901078,2010-03-26,LAL @ OKC,L,30,4,11,0.364,0,2,0.0,3,3,1.0,1,5,6,3,1,0,9,4,11,-22,0,2009-10,Regular Season,977,Kobe Bryant
22009,977,0020901085,2010-03-27,LAL @ HOU,W,36,7,14,0.5,1,2,0.5,2,3,0.667,1,8,9,9,1,0,5,2,17,17,0,2009-10,Regular Season,977,Kobe Bryant
22009,977,0020901099,2010-03-29,LAL @ NOH,L,41,10,18,0.556,2,5,0.4,9,11,0.818,2,3,5,6,1,0,3,5,31,-9,0,2009-10,Regular Season,977,Kobe Bryant
22009,977,0020901107,2010-03-31,LAL @ ATL,L,42,12,21,0.571,2,3,0.667,2,6,0.333,0,3,3,4,0,0,2,2,28,-15,0,2009-10,Regular Season,977,Kobe Bryant
22009,977,0020901131,2010-04-02,LAL vs. UTA,W,37,5,23,0.217,0,4,0.0,15,18,0.833,3,3,6,3,1,0,2,5,25,20,0,2009-10,Regular Season,977,Kobe Bryant
22009,977,0020901142,2010-04-04,LAL vs. SAS,L,41,8,24,0.333,2,6,0.333,4,6,0.667,3,5,8,6,0,0,4,3,22,-17,0,2009-10,Regular Season,977,Kobe Bryant
22009,977,0020901196,2010-04-11,LAL vs. POR,L,40,8,23,0.348,3,6,0.5,1,3,0.333,0,4,4,2,0,0,1,1,20,-3,0,2009-10,Regular Season,977,Kobe Bryant
42009,977,0040900141,2010-04-18,LAL vs. OKC,W,41,6,19,0.316,2,5,0.4,7,12,0.583,1,1,2,3,2,1,2,5,21,9,0,2009-10,Playoffs,977,Kobe Bryant
42009,977,0040900142,2010-04-20,LAL vs. OKC,W,41,12,28,0.429,2,5,0.4,13,15,0.867,1,4,5,1,2,0,4,4,39,-2,0,2009-10,Playoffs,977,Kobe Bryant
42009,977,0040900143,2010-04-22,LAL @ OKC,L,41,10,29,0.345,4,11,0.364,0,0,0.0,0,4,4,8,2,0,3,4,24,1,0,2009-10,Playoffs,977,Kobe Bryant
42009,977,0040900144,2010-04-24,LAL @ OKC,L,32,5,10,0.5,1,1,1.0,1,2,0.5,1,2,3,4,0,0,3,3,12,-14,0,2009-10,Playoffs,977,Kobe Bryant
42009,977,0040900145,2010-04-27,LAL vs. OKC,W,29,4,9,0.444,0,2,0.0,5,7,0.714,0,3,3,7,2,0,4,3,13,27,0,2009-10,Playoffs,977,Kobe Bryant
42009,977,0040900146,2010-04-30,LAL @ OKC,W,36,12,25,0.48,3,4,0.75,5,7,0.714,1,6,7,3,0,0,5,4,32,1,0,2009-10,Playoffs,977,Kobe Bryant
42009,977,0040900231,2010-05-02,LAL vs. UTA,W,37,12,19,0.632,0,2,0.0,7,7,1.0,0,3,3,4,0,0,4,3,31,8,0,2009-10,Playoffs,977,Kobe Bryant
42009,977,0040900232,2010-05-04,LAL vs. UTA,W,42,10,22,0.455,0,1,0.0,10,11,0.909,0,5,5,8,1,3,7,3,30,5,0,2009-10,Playoffs,977,Kobe Bryant
42009,977,0040900233,2010-05-08,LAL @ UTA,W,43,13,24,0.542,3,7,0.429,6,8,0.75,0,4,4,7,1,0,2,3,35,1,0,2009-10,Playoffs,977,Kobe Bryant
42009,977,0040900234,2010-05-10,LAL @ UTA,W,42,11,23,0.478,0,2,0.0,10,12,0.833,0,3,3,4,1,0,3,3,32,9,0,2009-10,Playoffs,977,Kobe Bryant
42009,977,0040900311,2010-05-17,LAL vs. PHX,W,35,13,23,0.565,3,6,0.5,11,12,0.917,0,5,5,5,1,0,2,1,40,22,0,2009-10,Playoffs,977,Kobe Bryant
42009,977,0040900312,2010-05-19,LAL vs. PHX,W,43,8,19,0.421,1,3,0.333,4,4,1.0,2,3,5,13,0,1,2,2,21,14,0,2009-10,Playoffs,977,Kobe Bryant
42009,977,0040900313,2010-05-23,LAL @ PHX,L,43,13,24,0.542,2,8,0.25,8,8,1.0,2,7,9,11,1,1,5,3,36,-12,0,2009-10,Playoffs,977,Kobe Bryant
42009,977,0040900314,2010-05-25,LAL @ PHX,L,45,15,22,0.682,6,9,0.667,2,4,0.5,1,6,7,10,1,1,2,3,38,-4,0,2009-10,Playoffs,977,Kobe Bryant
42009,977,0040900315,2010-05-27,LAL vs. PHX,W,43,12,27,0.444,4,10,0.4,2,3,0.667,3,8,11,9,0,4,2,3,30,4,0,2009-10,Playoffs,977,Kobe Bryant
42009,977,0040900316,2010-05-29,LAL @ PHX,W,41,12,25,0.48,3,8,0.375,10,11,0.909,2,4,6,2,2,0,2,1,37,19,0,2009-10,Playoffs,977,Kobe Bryant
42009,977,0040900401,2010-06-03,LAL vs. BOS,W,39,10,22,0.455,1,2,0.5,9,10,0.9,1,6,7,6,1,1,4,4,30,8,0,2009-10,Playoffs,977,Kobe Bryant
42009,977,0040900402,2010-06-06,LAL vs. BOS,L,34,8,20,0.4,2,7,0.286,3,3,1.0,0,5,5,6,4,0,5,5,21,-9,0,2009-10,Playoffs,977,Kobe Bryant
42009,977,0040900403,2010-06-08,LAL @ BOS,W,44,10,29,0.345,1,7,0.143,8,8,1.0,2,5,7,4,2,3,1,2,29,10,0,2009-10,Playoffs,977,Kobe Bryant
42009,977,0040900404,2010-06-10,LAL @ BOS,L,43,10,22,0.455,6,11,0.545,7,8,0.875,0,6,6,2,2,0,7,5,33,-8,0,2009-10,Playoffs,977,Kobe Bryant
42009,977,0040900405,2010-06-13,LAL @ BOS,L,44,13,27,0.481,4,10,0.4,8,9,0.889,2,3,5,4,1,1,4,5,38,-6,0,2009-10,Playoffs,977,Kobe Bryant
42009,977,0040900406,2010-06-15,LAL vs. BOS,W,40,9,19,0.474,1,4,0.25,7,7,1.0,3,8,11,3,4,0,2,2,26,15,0,2009-10,Playoffs,977,Kobe Bryant
42009,977,0040900407,2010-06-17,LAL vs. BOS,W,45,6,24,0.25,0,6,0.0,11,15,0.733,4,11,15,2,1,0,4,4,23,0,0,2009-10,Playoffs,977,Kobe Bryant
22009,1495,0020900013,2009-10-28,SAS vs. NOH,W,22,4,8,0.5,0,0,0.0,1,2,0.5,3,9,12,3,1,0,0,1,9,6,0,2009-10,Regular Season,1495,Tim Duncan
22009,1495,0020900017,2009-10-29,SAS @ CHI,L,34,13,19,0.684,0,0,0.0,2,4,0.5,2,14,16,2,2,3,2,3,28,0,0,2009-10,Regular Season,1495,Tim Duncan
22009,1495,0020900037,2009-10-31,SAS vs. SAC,W,22,3,5,0.6,0,0,0.0,1,2,0.5,2,8,10,1,1,1,2,2,7,17,0,2009-10,Regular Season,1495,Tim Duncan
22009,1495,0020900071,2009-11-05,SAS @ UTA,L,30,5,10,0.5,0,0,0.0,5,8,0.625,4,9,13,2,0,3,2,2,15,-16,0,2009-10,Regular Season,1495,Tim Duncan
22009,1495,0020900084,2009-11-06,SAS @ POR,L,35,5,14,0.357,0,1,0.0,4,7,0.571,3,5,8,3,0,1,2,2,14,-5,0,2009-10,Regular Season,1495,Tim Duncan
22009,1495,0020900142,2009-11-14,SAS vs. OKC,L,37,9,14,0.643,0,0,0.0,4,4,1.0,3,7,10,3,0,2,2,3,22,3,0,2009-10,Regular Season,1495,Tim Duncan
22009,1495,0020900168,2009-11-18,SAS @ DAL,L,41,8,22,0.364,0,0,0.0,6,8,0.75,3,11,14,6,0,4,2,3,22,1,0,2009-10,Regular Season,1495,Tim Duncan
22009,1495,0020900171,2009-11-19,SAS vs. UTA,L,39,7,14,0.5,0,1,0.0,7,8,0.875,3,6,9,5,1,1,3,1,21,6,0,2009-10,Regular Season,1495,Tim Duncan
22009,1495,0020900188,2009-11-21,SAS vs. WAS,W,27,6,10,0.6,0,0,0.0,4,4,1.0,3,6,9,7,0,1,2,2,16,19,0,2009-10,Regular Season,1495,Tim Duncan
22009,1495,0020900199,2009-11-23,SAS vs. MIL,W,32,9,17,0.529,0,0,0.0,6,7,0.857,4,8,12,2,0,0,0,1,24,12,0,2009-10,Regular Season,1495,Tim Duncan
22009,1495,0020900216,2009-11-25,SAS vs. GSW,W,27,10,12,0.833,0,1,0.0,0,1,0.0,2,8,10,6,0,3,1,1,20,7,0,2009-10,Regular Season,1495,Tim Duncan
22009,1495,0020900229,2009-11-27,SAS @ HOU,W,36,8,17,0.471,0,0,0.0,5,6,0.833,2,10,12,3,0,4,2,1,21,5,0,2009-10,Regular Season,1495,Tim Duncan
22009,1495,0020900245,2009-11-29,SAS vs. PHI,W,31,8,14,0.571,0,0,0.0,6,6,1.0,4,2,6,5,0,3,2,2,22,1,0,2009-10,Regular Season,1495,Tim Duncan
22009,1495,0020900269,2009-12-03,SAS vs. BOS,L,32,8,17,0.471,0,0,0.0,0,2,0.0,7,8,15,2,1,2,6,1,16,-10,0,2009-10,Regular Season,1495,Tim Duncan
22009,1495,0020900285,2009-12-05,SAS vs. DEN,L,36,10,12,0.833,0,0,0.0,6,7,0.857,2,4,6,2,1,4,2,1,26,-1,0,2009-10,Regular Season,1495,Tim Duncan
22009,1495,0020900299,2009-12-07,SAS @ UTA,L,35,8,15,0.533,0,0,0.0,7,7,1.0,3,8,11,2,1,1,2,4,23,-16,0,2009-10,Regular Season,1495,Tim Duncan
22009,1495,0020900315,2009-12-09,SAS vs. SAC,W,34,7,15,0.467,0,0,0.0,3,6,0.5,3,5,8,4,1,2,0,3,17,21,0,2009-10,Regular Season,1495,Tim Duncan
22009,1495,0020900328,2009-12-11,SAS vs. CHA,W,31,8,14,0.571,0,1,0.0,1,2,0.5,2,7,9,6,1,1,3,4,17,28,0,2009-10,Regular Season,1495,Tim Duncan
22009,1495,0020900343,2009-12-13,SAS @ LAC,W,26,9,14,0.643,0,0,0.0,3,3,1.0,1,2,3,0,0,1,3,2,21,5,0,2009-10,Regular Season,1495,Tim Duncan
22009,1495,0020900356,2009-12-15,SAS @ PHX,L,35,14,22,0.636,0,0,0.0,6,7,0.857,4,10,14,1,0,3,1,1,34,-6,0,2009-10,Regular Season,1495,Tim Duncan
22009,1495,0020900369,2009-12-16,SAS @ GSW,W,32,11,22,0.5,0,0,0.0,5,6,0.833,4,11,15,4,1,4,2,0,27,12,0,2009-10,Regular Season,1495,Tim Duncan
22009,1495,0020900391,2009-12-19,SAS vs. IND,W,31,8,18,0.444,0,0,0.0,3,5,0.6,8,8,16,3,2,3,2,4,19,-4,0,2009-10,Regular Season,1495,Tim Duncan
22009,1495,0020900403,2009-12-21,SAS vs. LAC,W,25,5,8,0.625,0,0,0.0,3,4,0.75,0,3,3,3,1,2,0,0,13,11,0,2009-10,Regular Season,1495,Tim Duncan
22009,1495,0020900420,2009-12-23,SAS vs. POR,L,41,7,15,0.467,0,0,0.0,10,11,0.909,4,7,11,3,0,1,3,1,24,3,0,2009-10,Regular Season,1495,Tim Duncan
22009,1495,0020900435,2009-12-26,SAS @ MIL,W,32,11,16,0.688,0,0,0.0,4,4,1.0,1,8,9,4,1,1,2,2,26,30,0,2009-10,Regular Season,1495,Tim Duncan
22009,1495,0020900442,2009-12-27,SAS @ NYK,W,30,6,11,0.545,0,0,0.0,1,2,0.5,2,5,7,1,0,1,4,3,13,-1,0,2009-10,Regular Season,1495,Tim Duncan
22009,1495,0020900457,2009-12-29,SAS vs. MIN,W,26,5,11,0.455,0,0,0.0,7,8,0.875,2,8,10,1,0,2,2,2,17,15,0,2009-10,Regular Season,1495,Tim Duncan
22009,1495,0020900471,2009-12-31,SAS vs. MIA,W,28,10,13,0.769,0,0,0.0,3,3,1.0,3,7,10,3,2,0,2,0,23,19,0,2009-10,Regular Season,1495,Tim Duncan
22009,1495,0020900480,2010-01-02,SAS @ WAS,W,36,10,16,0.625,0,1,0.0,3,6,0.5,0,7,7,3,0,1,1,1,23,12,0,2009-10,Regular Season,1495,Tim Duncan
22009,1495,0020900491,2010-01-03,SAS @ TOR,L,29,8,22,0.364,0,0,0.0,5,9,0.556,4,8,12,1,0,0,1,2,21,1,0,2009-10,Regular Season,1495,Tim Duncan
22009,1495,0020900513,2010-01-06,SAS vs. DET,W,30,6,10,0.6,0,0,0.0,2,2,1.0,1,5,6,3,0,1,3,4,14,8,0,2009-10,Regular Season,1495,Tim Duncan
22009,1495,0020900525,2010-01-08,SAS vs. DAL,L,39,12,19,0.632,0,0,0.0,7,9,0.778,3,9,12,5,0,2,3,1,31,5,0,2009-10,Regular Season,1495,Tim Duncan
22009,1495,0020900541,2010-01-10,SAS vs. NJN,W,27,7,13,0.538,0,0,0.0,0,0,0.0,5,12,17,3,1,2,2,0,14,11,0,2009-10,Regular Season,1495,Tim Duncan
22009,1495,0020900556,2010-01-12,SAS vs. LAL,W,40,12,19,0.632,0,0,0.0,1,4,0.25,2,11,13,4,2,4,2,2,25,14,0,2009-10,Regular Season,1495,Tim Duncan
22009,1495,0020900571,2010-01-15,SAS @ CHA,L,33,4,12,0.333,0,0,0.0,2,3,0.667,2,7,9,5,0,0,1,1,10,-5,0,2009-10,Regular Season,1495,Tim Duncan
22009,1495,0020900588,2010-01-16,SAS @ MEM,L,33,11,17,0.647,0,0,0.0,1,2,0.5,2,6,8,2,0,5,3,3,23,-5,0,2009-10,Regular Season,1495,Tim Duncan
22009,1495,0020900601,2010-01-18,SAS @ NOH,W,37,7,15,0.467,0,0,0.0,7,12,0.583,4,10,14,3,0,2,1,2,21,10,0,2009-10,Regular Season,1495,Tim Duncan
22009,1495,0020900618,2010-01-20,SAS vs. UTA,L,36,5,15,0.333,0,0,0.0,4,6,0.667,9,1,10,4,1,0,3,6,14,-14,0,2009-10,Regular Season,1495,Tim Duncan
22009,1495,0020900633,2010-01-22,SAS vs. HOU,L,34,5,13,0.385,0,0,0.0,15,21,0.714,5,9,14,2,0,1,0,4,25,-3,0,2009-10,Regular Season,1495,Tim Duncan
22009,1495,0020900654,2010-01-25,SAS vs. CHI,L,34,6,14,0.429,0,0,0.0,3,4,0.75,3,2,5,2,0,3,1,4,15,3,0,2009-10,Regular Season,1495,Tim Duncan
22009,1495,0020900671,2010-01-27,SAS vs. ATL,W,35,5,20,0.25,0,0,0.0,11,11,1.0,10,17,27,6,0,1,0,3,21,10,0,2009-10,Regular Season,1495,Tim Duncan
22009,1495,0020900686,2010-01-29,SAS vs. MEM,W,34,8,19,0.421,0,0,0.0,3,3,1.0,3,6,9,7,0,1,2,2,19,10,0,2009-10,Regular Season,1495,Tim Duncan
22009,1495,0020900695,2010-01-31,SAS vs. DEN,L,36,5,10,0.5,0,0,0.0,6,6,1.0,4,6,10,1,0,1,0,2,16,-11,0,2009-10,Regular Season,1495,Tim Duncan
22009,1495,0020900726,2010-02-03,SAS @ SAC,W,29,8,14,0.571,0,0,0.0,6,7,0.857,5,8,13,2,1,0,0,4,22,8,0,2009-10,Regular Season,1495,Tim Duncan
22009,1495,0020900730,2010-02-04,SAS @ POR,L,32,6,12,0.5,0,0,0.0,3,4,0.75,3,9,12,4,2,2,1,3,15,-9,0,2009-10,Regular Season,1495,Tim Duncan
22009,1495,0020900752,2010-02-06,SAS @ LAC,W,19,5,9,0.556,0,0,0.0,1,2,0.5,1,5,6,2,2,0,2,1,11,27,0,2009-10,Regular Season,1495,Tim Duncan
22009,1495,0020900757,2010-02-08,SAS @ LAL,L,33,8,17,0.471,0,0,0.0,0,0,0.0,2,13,15,1,1,4,2,2,16,-14,0,2009-10,Regular Season,1495,Tim Duncan
22009,1495,0020900780,2010-02-11,SAS @ DEN,W,27,7,11,0.636,0,0,0.0,2,5,0.4,2,5,7,0,0,1,2,2,16,9,0,2009-10,Regular Season,1495,Tim Duncan
22009,1495,0020900791,2010-02-17,SAS @ IND,W,34,4,23,0.174,0,0,0.0,0,0,0.0,11,15,26,5,2,2,2,1,8,19,0,2009-10,Regular Season,1495,Tim Duncan
22009,1495,0020900805,2010-02-19,SAS @ PHI,L,33,4,10,0.4,0,0,0.0,2,4,0.5,2,7,9,2,1,0,1,1,10,-16,0,2009-10,Regular Season,1495,Tim Duncan
22009,1495,0020900825,2010-02-21,SAS @ DET,L,39,11,21,0.524,1,2,0.5,6,8,0.75,3,7,10,3,0,1,2,5,29,-8,0,2009-10,Regular Season,1495,Tim Duncan
22009,1495,0020900851,2010-02-24,SAS vs. OKC,W,32,6,11,0.545,0,0,0.0,7,8,0.875,2,13,15,6,1,1,2,0,19,14,0,2009-10,Regular Season,1495,Tim Duncan
22009,1495,0020900866,2010-02-26,SAS @ HOU,L,24,8,17,0.471,0,0,0.0,1,3,0.333,2,6,8,2,0,1,1,3,17,-25,0,2009-10,Regular Season,1495,Tim Duncan
22009,1495,0020900878,2010-02-28,SAS vs. PHX,W,32,10,15,0.667,0,0,0.0,1,2,0.5,4,6,10,3,2,2,2,2,21,4,0,2009-10,Regular Season,1495,Tim Duncan
22009,1495,0020900891,2010-03-01,SAS @ NOH,W,35,9,16,0.563,0,0,0.0,4,6,0.667,2,7,9,1,0,2,0,3,22,0,0,2009-10,Regular Season,1495,Tim Duncan
22009,1495,0020900923,2010-03-05,SAS vs. NOH,W,32,5,12,0.417,0,1,0.0,2,4,0.5,1,7,8,4,0,1,2,1,12,10,0,2009-10,Regular Season,1495,Tim Duncan
22009,1495,0020900929,2010-03-06,SAS @ MEM,W,32,6,14,0.429,0,0,0.0,5,6,0.833,2,2,4,2,2,0,3,3,17,19,0,2009-10,Regular Season,1495,Tim Duncan
22009,1495,0020900940,2010-03-08,SAS @ CLE,L,34,6,12,0.5,0,0,0.0,1,2,0.5,4,1,5,5,1,2,2,2,13,3,0,2009-10,Regular Season,1495,Tim Duncan
22009,1495,0020900960,2010-03-10,SAS vs. NYK,W,34,8,17,0.471,1,1,1.0,1,2,0.5,3,6,9,4,0,0,3,3,18,14,0,2009-10,Regular Season,1495,Tim Duncan
22009,1495,0020900970,2010-03-12,SAS @ MIN,W,25,6,12,0.5,0,0,0.0,3,4,0.75,2,6,8,2,2,2,0,0,15,25,0,2009-10,Regular Season,1495,Tim Duncan
22009,1495,0020900981,2010-03-13,SAS vs. LAC,W,13,4,9,0.444,0,0,0.0,0,0,0.0,0,1,1,1,0,1,1,1,8,8,0,2009-10,Regular Season,1495,Tim Duncan
22009,1495,0020900999,2010-03-16,SAS @ MIA,W,31,5,15,0.333,0,1,0.0,2,2,1.0,0,11,11,2,0,1,3,1,12,6,0,2009-10,Regular Season,1495,Tim Duncan
22009,1495,0020901010,2010-03-17,SAS @ ORL,L,25,1,10,0.1,0,0,0.0,3,4,0.75,1,5,6,1,0,0,1,3,5,-21,0,2009-10,Regular Season,1495,Tim Duncan
22009,1495,0020901024,2010-03-19,SAS vs. GSW,W,14,8,8,1.0,0,0,0.0,1,4,0.25,1,5,6,5,0,1,0,1,17,13,0,2009-10,Regular Season,1495,Tim Duncan
22009,1495,0020901038,2010-03-21,SAS @ ATL,L,41,11,16,0.688,0,0,0.0,7,9,0.778,5,8,13,3,0,0,3,2,29,-6,0,2009-10,Regular Season,1495,Tim Duncan
22009,1495,0020901049,2010-03-22,SAS @ OKC,W,35,6,13,0.462,0,0,0.0,2,4,0.5,0,7,7,5,0,1,1,1,14,10,0,2009-10,Regular Season,1495,Tim Duncan
22009,1495,0020901066,2010-03-24,SAS vs. LAL,L,37,2,11,0.182,0,0,0.0,2,2,1.0,3,9,12,6,2,3,3,2,6,-12,0,2009-10,Regular Season,1495,Tim Duncan
22009,1495,0020901080,2010-03-26,SAS vs. CLE,W,27,6,11,0.545,0,0,0.0,4,6,0.667,1,3,4,5,1,3,2,1,16,8,0,2009-10,Regular Season,1495,Tim Duncan
22009,1495,0020901095,2010-03-28,SAS @ BOS,W,27,4,8,0.5,0,0,0.0,0,0,0.0,0,9,9,2,0,1,3,1,8,10,0,2009-10,Regular Season,1495,Tim Duncan
22009,1495,0020901098,2010-03-29,SAS @ NJN,L,31,6,15,0.4,0,0,0.0,1,4,0.25,3,9,12,4,0,2,4,1,13,-11,0,2009-10,Regular Season,1495,Tim Duncan
22009,1495,0020901117,2010-03-31,SAS vs. HOU,W,31,8,12,0.667,0,0,0.0,1,1,1.0,2,8,10,3,1,1,3,1,17,24,0,2009-10,Regular Season,1495,Tim Duncan
22009,1495,0020901129,2010-04-02,SAS vs. ORL,W,24,10,12,0.833,0,0,0.0,3,3,1.0,2,6,8,2,1,1,2,5,23,9,0,2009-10,Regular Season,1495,Tim Duncan
22009,1495,0020901142,2010-04-04,SAS @ LAL,W,38,10,14,0.714,0,0,0.0,4,5,0.8,0,11,11,4,0,0,1,2,24,16,0,2009-10,Regular Season,1495,Tim Duncan
22009,1495,0020901157,2010-04-06,SAS @ SAC,W,29,5,12,0.417,0,0,0.0,0,0,0.0,1,9,10,3,1,1,1,1,10,22,0,2009-10,Regular Season,1495,Tim Duncan
22009,1495,0020901170,2010-04-07,SAS @ PHX,L,34,5,10,0.5,0,0,0.0,4,7,0.571,3,4,7,3,0,2,4,1,14,-10,0,2009-10,Regular Season,1495,Tim Duncan
22009,1495,0020901185,2010-04-09,SAS vs. MEM,L,25,6,10,0.6,0,1,0.0,3,4,0.75,3,7,10,5,0,0,1,1,15,4,0,2009-10,Regular Season,1495,Tim Duncan
22009,1495,0020901192,2010-04-10,SAS @ DEN,W,29,8,13,0.615,0,0,0.0,2,6,0.333,2,8,10,3,0,0,1,2,18,7,0,2009-10,Regular Season,1495,Tim Duncan
22009,1495,0020901208,2010-04-12,SAS vs. MIN,W,19,6,7,0.857,0,0,0.0,4,4,1.0,2,4,6,3,1,0,0,0,16,19,0,2009-10,Regular Season,1495,Tim Duncan
42009,1495,0040900151,2010-04-18,SAS @ DAL,L,40,12,20,0.6,0,0,0.0,3,5,0.6,1,7,8,2,0,0,6,3,27,0,0,2009-10,Playoffs,1495,Tim Duncan
42009,1495,0040900152,2010-04-21,SAS @ DAL,W,36,11,19,0.579,0,0,0.0,3,7,0.429,5,12,17,2,0,0,0,4,25,26,0,2009-10,Playoffs,1495,Tim Duncan
42009,1495,0040900153,2010-04-23,SAS vs. DAL,W,43,11,18,0.611,0,0,0.0,3,6,0.5,2,3,5,4,0,1,5,2,25,7,0,2009-10,Playoffs,1495,Tim Duncan
42009,1495,0040900154,2010-04-25,SAS vs. DAL,W,36,1,9,0.111,0,0,0.0,2,4,0.5,2,9,11,3,0,0,2,1,4,2,0,2009-10,Playoffs,1495,Tim Duncan
42009,1495,0040900155,2010-04-27,SAS @ DAL,L,24,3,9,0.333,0,0,0.0,5,6,0.833,2,4,6,0,0,2,1,0,11,-12,0,2009-10,Playoffs,1495,Tim Duncan
42009,1495,0040900156,2010-04-29,SAS vs. DAL,W,43,8,17,0.471,0,0,0.0,1,7,0.143,4,6,10,5,3,3,3,1,17,2,0,2009-10,Playoffs,1495,Tim Duncan
42009,1495,0040900221,2010-05-03,SAS @ PHX,L,37,8,15,0.533,0,0,0.0,4,9,0.444,4,7,11,4,1,3,3,3,20,-6,0,2009-10,Playoffs,1495,Tim Duncan
42009,1495,0040900222,2010-05-05,SAS @ PHX,L,39,12,20,0.6,1,1,1.0,4,6,0.667,6,4,10,3,1,2,1,5,29,-6,0,2009-10,Playoffs,1495,Tim Duncan
42009,1495,0040900223,2010-05-07,SAS vs. PHX,L,37,5,9,0.556,0,0,0.0,5,12,0.417,1,12,13,1,1,3,0,3,15,-11,0,2009-10,Playoffs,1495,Tim Duncan
42009,1495,0040900224,2010-05-09,SAS vs. PHX,L,36,7,14,0.5,0,1,0.0,3,7,0.429,3,5,8,2,2,3,3,5,17,0,0,2009-10,Playoffs,1495,Tim Duncan
22009,406,0020900001,2009-10-27,CLE vs. BOS,L,29,5,11,0.455,0,0,0.0,0,2,0.0,0,10,10,1,0,1,1,2,10,2,0,2009-10,Regular Season,406,Shaquille O'Neal
22009,406,0020900007,2009-10-28,CLE @ TOR,L,25,6,12,0.5,0,0,0.0,0,3,0.0,4,3,7,0,0,0,1,4,12,-25,0,2009-10,Regular Season,406,Shaquille O'Neal
22009,406,0020900026,2009-10-30,CLE @ MIN,W,19,3,6,0.5,0,0,0.0,0,3,0.0,1,6,7,3,0,3,3,5,6,15,0,2009-10,Regular Season,406,Shaquille O'Neal
22009,406,0020900033,2009-10-31,CLE vs. CHA,W,27,3,7,0.429,0,0,0.0,2,4,0.5,3,3,6,3,1,2,0,4,8,5,0,2009-10,Regular Season,406,Shaquille O'Neal
22009,406,0020900051,2009-11-03,CLE vs. WAS,W,29,7,9,0.778,0,0,0.0,7,10,0.7,2,6,8,3,0,1,1,4,21,9,0,2009-10,Regular Season,406,Shaquille O'Neal
22009,406,0020900070,2009-11-05,CLE vs. CHI,L,31,7,13,0.538,0,0,0.0,0,0,0.0,0,10,10,1,0,5,3,2,14,-2,0,2009-10,Regular Season,406,Shaquille O'Neal
22009,406,0020900080,2009-11-06,CLE @ NYK,W,19,3,5,0.6,0,0,0.0,1,2,0.5,0,4,4,0,2,0,2,0,7,-6,0,2009-10,Regular Season,406,Shaquille O'Neal
22009,406,0020900117,2009-11-11,CLE @ ORL,W,20,4,8,0.5,0,0,0.0,2,4,0.5,0,5,5,1,0,2,2,5,10,2,0,2009-10,Regular Season,406,Shaquille O'Neal
22009,406,0020900122,2009-11-12,CLE @ MIA,W,21,4,8,0.5,0,0,0.0,6,10,0.6,0,5,5,3,0,0,0,5,14,9,0,2009-10,Regular Season,406,Shaquille O'Neal
22009,406,0020900222,2009-11-27,CLE @ CHA,L,30,5,11,0.455,0,0,0.0,1,3,0.333,2,6,8,0,0,1,1,3,11,3,0,2009-10,Regular Season,406,Shaquille O'Neal
22009,406,0020900235,2009-11-28,CLE vs. DAL,W,25,4,10,0.4,0,0,0.0,1,4,0.25,2,4,6,4,0,0,4,4,9,4,0,2009-10,Regular Season,406,Shaquille O'Neal
22009,406,0020900260,2009-12-02,CLE vs. PHX,W,21,5,10,0.5,0,0,0.0,2,5,0.4,4,5,9,2,0,1,2,3,12,4,0,2009-10,Regular Season,406,Shaquille O'Neal
22009,406,0020900274,2009-12-04,CLE vs. CHI,W,18,4,5,0.8,0,0,0.0,0,5,0.0,2,5,7,1,0,1,3,1,8,3,0,2009-10,Regular Season,406,Shaquille O'Neal
22009,406,0020900292,2009-12-06,CLE @ MIL,W,15,5,9,0.556,0,0,0.0,0,0,0.0,0,1,1,0,0,0,4,4,10,-18,0,2009-10,Regular Season,406,Shaquille O'Neal
22009,406,0020900304,2009-12-08,CLE @ MEM,L,30,7,13,0.538,0,0,0.0,2,4,0.5,2,4,6,0,1,4,2,5,16,-10,0,2009-10,Regular Season,406,Shaquille O'Neal
22009,406,0020900314,2009-12-09,CLE @ HOU,L,23,2,8,0.25,0,1,0.0,3,6,0.5,3,7,10,3,0,0,2,5,7,-12,0,2009-10,Regular Season,406,Shaquille O'Neal
22009,406,0020900325,2009-12-11,CLE vs. POR,W,23,5,11,0.455,0,0,0.0,4,4,1.0,3,8,11,0,0,1,2,1,14,12,0,2009-10,Regular Season,406,Shaquille O'Neal
22009,406,0020900342,2009-12-13,CLE @ OKC,W,18,2,7,0.286,0,0,0.0,1,2,0.5,1,5,6,2,0,2,3,5,5,5,0,2009-10,Regular Season,406,Shaquille O'Neal
22009,406,0020900352,2009-12-15,CLE vs. NJN,W,25,7,9,0.778,0,0,0.0,2,6,0.333,3,2,5,2,1,3,1,3,16,-4,0,2009-10,Regular Season,406,Shaquille O'Neal
22009,406,0020900361,2009-12-16,CLE @ PHI,W,27,2,4,0.5,0,0,0.0,6,8,0.75,1,8,9,1,1,1,1,2,10,11,0,2009-10,Regular Season,406,Shaquille O'Neal
22009,406,0020900376,2009-12-18,CLE vs. MIL,W,17,4,6,0.667,0,0,0.0,1,2,0.5,1,5,6,1,0,1,2,2,9,-7,0,2009-10,Regular Season,406,Shaquille O'Neal
22009,406,0020900398,2009-12-20,CLE @ DAL,L,18,1,7,0.143,0,0,0.0,3,4,0.75,3,5,8,0,0,0,2,3,5,-4,0,2009-10,Regular Season,406,Shaquille O'Neal
22009,406,0020900404,2009-12-21,CLE @ PHX,W,19,1,2,0.5,0,0,0.0,1,2,0.5,2,3,5,1,1,1,4,3,3,3,0,2009-10,Regular Season,406,Shaquille O'Neal
22009,406,0020900423,2009-12-23,CLE @ SAC,W,22,4,7,0.571,0,0,0.0,0,0,0.0,2,6,8,2,0,2,3,4,8,1,0,2009-10,Regular Season,406,Shaquille O'Neal
22009,406,0020900426,2009-12-25,CLE @ LAL,W,22,5,8,0.625,0,0,0.0,1,4,0.25,2,5,7,0,0,0,0,5,11,9,0,2009-10,Regular Season,406,Shaquille O'Neal
22009,406,0020900440,2009-12-27,CLE vs. HOU,W,22,5,12,0.417,0,0,0.0,3,4,0.75,6,5,11,4,0,1,1,4,13,11,0,2009-10,Regular Season,406,Shaquille O'Neal
22009,406,0020900452,2009-12-29,CLE @ ATL,W,26,5,7,0.714,0,0,0.0,0,0,0.0,2,6,8,0,0,0,1,2,10,4,0,2009-10,Regular Season,406,Shaquille O'Neal
22009,406,0020900459,2009-12-30,CLE vs. ATL,W,20,4,9,0.444,0,0,0.0,3,8,0.375,2,3,5,3,0,1,2,1,11,4,0,2009-10,Regular Season,406,Shaquille O'Neal
22009,406,0020900477,2010-01-02,CLE @ NJN,W,26,4,11,0.364,0,0,0.0,4,7,0.571,3,6,9,1,0,1,3,3,12,4,0,2009-10,Regular Season,406,Shaquille O'Neal
22009,406,0020900489,2010-01-03,CLE vs. CHA,L,27,4,5,0.8,0,0,0.0,2,3,0.667,1,6,7,0,0,0,2,2,10,6,0,2009-10,Regular Season,406,Shaquille O'Neal
22009,406,0020900508,2010-01-06,CLE vs. WAS,W,17,6,9,0.667,0,0,0.0,5,7,0.714,1,5,6,1,0,1,2,3,17,-1,0,2009-10,Regular Season,406,Shaquille O'Neal
22009,406,0020900528,2010-01-08,CLE @ DEN,L,16,4,5,0.8,0,0,0.0,2,4,0.5,2,2,4,2,0,1,2,5,10,-11,0,2009-10,Regular Season,406,Shaquille O'Neal
22009,406,0020900542,2010-01-10,CLE @ POR,W,25,3,4,0.75,0,0,0.0,5,8,0.625,3,8,11,5,0,0,0,2,11,16,0,2009-10,Regular Season,406,Shaquille O'Neal
22009,406,0020900552,2010-01-11,CLE @ GSW,W,19,5,8,0.625,0,0,0.0,3,5,0.6,0,6,6,0,0,2,3,1,13,-1,0,2009-10,Regular Season,406,Shaquille O'Neal
22009,406,0020900570,2010-01-14,CLE @ UTA,L,19,2,4,0.5,0,0,0.0,1,2,0.5,0,3,3,0,0,1,4,5,5,-3,0,2009-10,Regular Season,406,Shaquille O'Neal
22009,406,0020900591,2010-01-16,CLE @ LAC,W,21,3,7,0.429,0,0,0.0,5,6,0.833,1,0,1,2,1,0,0,3,11,-8,0,2009-10,Regular Season,406,Shaquille O'Neal
22009,406,0020900606,2010-01-19,CLE vs. TOR,W,24,7,10,0.7,0,0,0.0,2,3,0.667,1,4,5,2,0,0,2,5,16,-5,0,2009-10,Regular Season,406,Shaquille O'Neal
22009,406,0020900621,2010-01-21,CLE vs. LAL,W,28,5,9,0.556,0,0,0.0,3,4,0.75,1,5,6,3,1,1,2,3,13,3,0,2009-10,Regular Season,406,Shaquille O'Neal
22009,406,0020900638,2010-01-23,CLE vs. OKC,W,32,8,10,0.8,0,0,0.0,6,15,0.4,1,5,6,3,0,1,2,4,22,13,0,2009-10,Regular Season,406,Shaquille O'Neal
22009,406,0020900651,2010-01-25,CLE @ MIA,W,27,9,13,0.692,0,0,0.0,1,4,0.25,1,4,5,2,0,1,4,5,19,-4,0,2009-10,Regular Season,406,Shaquille O'Neal
22009,406,0020900663,2010-01-27,CLE vs. MIN,W,19,6,8,0.75,0,0,0.0,1,1,1.0,1,3,4,4,0,0,3,2,13,11,0,2009-10,Regular Season,406,Shaquille O'Neal
22009,406,0020900677,2010-01-29,CLE @ IND,W,25,8,10,0.8,0,0,0.0,6,12,0.5,1,7,8,1,0,2,3,2,22,8,0,2009-10,Regular Season,406,Shaquille O'Neal
22009,406,0020900697,2010-01-31,CLE vs. LAC,W,31,7,12,0.583,0,0,0.0,2,2,1.0,4,8,12,3,0,1,2,4,16,18,0,2009-10,Regular Season,406,Shaquille O'Neal
22009,406,0020900711,2010-02-02,CLE vs. MEM,W,21,6,10,0.6,0,0,0.0,1,4,0.25,2,11,13,2,0,4,2,1,13,19,0,2009-10,Regular Season,406,Shaquille O'Neal
22009,406,0020900729,2010-02-04,CLE vs. MIA,W,21,6,12,0.5,0,0,0.0,1,3,0.333,3,5,8,1,0,0,1,2,13,8,0,2009-10,Regular Season,406,Shaquille O'Neal
22009,406,0020900743,2010-02-06,CLE vs. NYK,W,26,8,13,0.615,0,0,0.0,3,5,0.6,1,0,1,1,1,3,5,0,19,5,0,2009-10,Regular Season,406,Shaquille O'Neal
22009,406,0020900759,2010-02-09,CLE vs. NJN,W,23,3,5,0.6,0,0,0.0,1,2,0.5,1,7,8,5,2,2,1,2,7,3,0,2009-10,Regular Season,406,Shaquille O'Neal
22009,406,0020900779,2010-02-11,CLE vs. ORL,W,19,5,9,0.556,0,0,0.0,0,1,0.0,3,3,6,0,0,1,2,5,10,-2,0,2009-10,Regular Season,406,Shaquille O'Neal
22009,406,0020900802,2010-02-18,CLE vs. DEN,L,30,9,15,0.6,0,0,0.0,0,6,0.0,0,7,7,0,0,1,1,5,18,3,0,2009-10,Regular Season,406,Shaquille O'Neal
22009,406,0020900804,2010-02-19,CLE @ CHA,L,27,4,9,0.444,0,0,0.0,2,6,0.333,2,5,7,0,3,2,2,3,10,-3,0,2009-10,Regular Season,406,Shaquille O'Neal
22009,406,0020900823,2010-02-21,CLE @ ORL,L,31,9,10,0.9,0,0,0.0,2,2,1.0,3,2,5,1,0,2,2,5,20,1,0,2009-10,Regular Season,406,Shaquille O'Neal
22009,406,0020900837,2010-02-23,CLE vs. NOH,W,31,9,13,0.692,0,0,0.0,2,5,0.4,3,4,7,0,0,1,2,5,20,-2,0,2009-10,Regular Season,406,Shaquille O'Neal
22009,406,0020900857,2010-02-25,CLE @ BOS,W,12,3,8,0.375,0,0,0.0,0,0,0.0,1,1,2,0,0,0,0,1,6,-10,0,2009-10,Regular Season,406,Shaquille O'Neal
42009,406,0040900101,2010-04-17,CLE vs. CHI,W,25,5,9,0.556,0,0,0.0,2,5,0.4,3,2,5,4,0,3,3,2,12,6,0,2009-10,Playoffs,406,Shaquille O'Neal
42009,406,0040900102,2010-04-19,CLE vs. CHI,W,15,2,4,0.5,0,0,0.0,4,4,1.0,1,6,7,1,0,0,4,4,8,-1,0,2009-10,Playoffs,406,Shaquille O'Neal
42009,406,0040900103,2010-04-22,CLE @ CHI,L,20,2,8,0.25,0,0,0.0,2,2,1.0,3,1,4,1,0,2,1,3,6,-5,0,2009-10,Playoffs,406,Shaquille O'Neal
42009,406,0040900104,2010-04-25,CLE @ CHI,W,17,3,7,0.429,0,0,0.0,0,0,0.0,1,6,7,0,0,1,2,5,6,5,0,2009-10,Playoffs,406,Shaquille O'Neal
42009,406,0040900105,2010-04-27,CLE vs. CHI,W,26,7,9,0.778,0,0,0.0,0,1,0.0,1,7,8,3,1,1,4,5,14,8,0,2009-10,Playoffs,406,Shaquille O'Neal
42009,406,0040900201,2010-05-01,CLE vs. BOS,W,20,4,12,0.333,0,0,0.0,3,4,0.75,3,1,4,0,0,0,1,5,11,1,0,2009-10,Playoffs,406,Shaquille O'Neal
42009,406,0040900202,2010-05-03,CLE vs. BOS,L,19,4,10,0.4,0,0,0.0,1,2,0.5,3,1,4,1,0,0,1,1,9,-18,0,2009-10,Playoffs,406,Shaquille O'Neal
42009,406,0040900203,2010-05-07,CLE @ BOS,W,23,5,7,0.714,0,0,0.0,2,2,1.0,2,7,9,2,0,0,2,3,12,22,0,2009-10,Playoffs,406,Shaquille O'Neal
42009,406,0040900204,2010-05-09,CLE @ BOS,L,28,5,9,0.556,0,0,0.0,7,11,0.636,0,5,5,0,0,2,3,5,17,1,0,2009-10,Playoffs,406,Shaquille O'Neal
42009,406,0040900205,2010-05-11,CLE vs. BOS,L,27,7,11,0.636,0,0,0.0,7,10,0.7,1,3,4,2,1,4,2,3,21,-26,0,2009-10,Playoffs,406,Shaquille O'Neal
42009,406,0040900206,2010-05-13,CLE @ BOS,L,24,4,7,0.571,0,0,0.0,3,6,0.5,3,1,4,1,0,0,1,5,11,-6,0,2009-10,Playoffs,406,Shaquille O'Neal
22009,959,0020900016,2009-10-28,PHX @ LAC,W,37,9,15,0.6,1,3,0.333,5,5,1.0,0,1,1,8,0,0,3,2,24,-7,0,2009-10,Regular Season,959,Steve Nash
22009,959,0020900030,2009-10-30,PHX vs. GSW,W,37,7,17,0.412,3,6,0.5,1,1,1.0,1,5,6,20,0,1,3,0,18,22,0,2009-10,Regular Season,959,Steve Nash
22009,959,0020900044,2009-11-01,PHX vs. MIN,W,36,5,12,0.417,2,4,0.5,2,2,1.0,0,3,3,14,0,0,7,3,14,9,0,2009-10,Regular Season,959,Steve Nash
22009,959,0020900055,2009-11-03,PHX @ MIA,W,37,11,15,0.733,4,5,0.8,4,4,1.0,0,3,3,8,1,0,5,0,30,1,0,2009-10,Regular Season,959,Steve Nash
22009,959,0020900060,2009-11-04,PHX @ ORL,L,22,5,11,0.455,2,4,0.5,0,1,0.0,1,1,2,4,0,0,3,0,12,-24,0,2009-10,Regular Season,959,Steve Nash
22009,959,0020900076,2009-11-06,PHX @ BOS,W,36,5,11,0.455,3,6,0.5,3,4,0.75,1,2,3,12,0,0,6,3,16,-7,0,2009-10,Regular Season,959,Steve Nash
22009,959,0020900093,2009-11-08,PHX @ WAS,W,35,4,9,0.444,1,4,0.25,2,2,1.0,0,3,3,17,0,1,3,2,11,11,0,2009-10,Regular Season,959,Steve Nash
22009,959,0020900098,2009-11-09,PHX @ PHI,W,36,6,9,0.667,1,3,0.333,8,8,1.0,0,2,2,20,0,1,7,0,21,19,0,2009-10,Regular Season,959,Steve Nash
22009,959,0020900121,2009-11-11,PHX vs. NOH,W,23,5,6,0.833,1,1,1.0,1,1,1.0,1,0,1,10,0,0,2,3,12,20,0,2009-10,Regular Season,959,Steve Nash
22009,959,0020900123,2009-11-12,PHX @ LAL,L,24,5,10,0.5,2,4,0.5,1,1,1.0,0,0,0,5,0,0,3,2,13,-16,0,2009-10,Regular Season,959,Steve Nash
22009,959,0020900145,2009-11-15,PHX vs. TOR,W,37,10,21,0.476,1,6,0.167,2,2,1.0,1,3,4,9,0,0,2,0,23,4,0,2009-10,Regular Season,959,Steve Nash
22009,959,0020900154,2009-11-17,PHX @ HOU,W,37,2,10,0.2,0,1,0.0,8,9,0.889,0,3,3,16,0,0,3,1,12,6,0,2009-10,Regular Season,959,Steve Nash
22009,959,0020900170,2009-11-19,PHX @ NOH,L,35,5,10,0.5,1,3,0.333,2,2,1.0,2,1,3,10,2,0,3,3,13,-8,0,2009-10,Regular Season,959,Steve Nash
22009,959,0020900196,2009-11-22,PHX vs. DET,W,28,7,8,0.875,1,2,0.5,5,5,1.0,0,0,0,9,0,0,3,0,20,14,0,2009-10,Regular Season,959,Steve Nash
22009,959,0020900217,2009-11-25,PHX vs. MEM,W,30,5,8,0.625,1,1,1.0,0,0,0.0,0,3,3,16,1,0,3,0,11,26,0,2009-10,Regular Season,959,Steve Nash
22009,959,0020900231,2009-11-27,PHX @ MIN,W,27,4,7,0.571,1,4,0.25,0,0,0.0,1,4,5,11,1,0,4,0,9,29,0,2009-10,Regular Season,959,Steve Nash
22009,959,0020900241,2009-11-29,PHX @ TOR,W,34,8,15,0.533,2,4,0.5,2,2,1.0,0,3,3,16,1,0,3,2,20,14,0,2009-10,Regular Season,959,Steve Nash
22009,959,0020900255,2009-12-01,PHX @ NYK,L,31,8,16,0.5,1,4,0.25,3,3,1.0,0,3,3,8,0,1,4,1,20,-24,0,2009-10,Regular Season,959,Steve Nash
22009,959,0020900260,2009-12-02,PHX @ CLE,L,32,5,12,0.417,2,3,0.667,2,2,1.0,2,3,5,5,1,0,6,1,14,-15,0,2009-10,Regular Season,959,Steve Nash
22009,959,0020900287,2009-12-05,PHX vs. SAC,W,38,11,23,0.478,3,6,0.5,7,7,1.0,1,1,2,6,0,0,2,0,32,12,0,2009-10,Regular Season,959,Steve Nash
22009,959,0020900295,2009-12-06,PHX @ LAL,L,29,4,7,0.571,1,1,1.0,3,3,1.0,0,0,0,10,0,0,4,0,12,-15,0,2009-10,Regular Season,959,Steve Nash
22009,959,0020900306,2009-12-08,PHX @ DAL,L,41,9,15,0.6,3,3,1.0,6,6,1.0,0,2,2,8,0,0,6,0,27,6,0,2009-10,Regular Season,959,Steve Nash
22009,959,0020900330,2009-12-11,PHX vs. ORL,W,40,6,13,0.462,2,4,0.5,6,7,0.857,1,6,7,18,0,0,3,1,20,6,0,2009-10,Regular Season,959,Steve Nash
22009,959,0020900336,2009-12-12,PHX @ DEN,L,35,11,17,0.647,1,5,0.2,5,6,0.833,0,2,2,7,0,1,2,1,28,-19,0,2009-10,Regular Season,959,Steve Nash
22009,959,0020900356,2009-12-15,PHX vs. SAS,W,37,11,20,0.55,1,3,0.333,2,2,1.0,1,2,3,13,1,0,6,1,25,13,0,2009-10,Regular Season,959,Steve Nash
22009,959,0020900372,2009-12-17,PHX @ POR,L,40,7,11,0.636,2,5,0.4,0,0,0.0,2,3,5,13,2,0,2,4,16,4,0,2009-10,Regular Season,959,Steve Nash
22009,959,0020900392,2009-12-19,PHX vs. WAS,W,30,6,12,0.5,0,2,0.0,3,3,1.0,1,6,7,15,0,0,3,1,15,25,0,2009-10,Regular Season,959,Steve Nash
22009,959,0020900404,2009-12-21,PHX vs. CLE,L,35,7,13,0.538,0,3,0.0,4,4,1.0,0,1,1,10,0,1,3,1,18,-15,0,2009-10,Regular Season,959,Steve Nash
22009,959,0020900422,2009-12-23,PHX vs. OKC,L,38,10,17,0.588,2,4,0.5,2,3,0.667,0,1,1,12,0,0,3,1,24,8,0,2009-10,Regular Season,959,Steve Nash
22009,959,0020900427,2009-12-25,PHX vs. LAC,W,28,6,10,0.6,1,3,0.333,1,1,1.0,0,2,2,8,1,0,3,0,14,19,0,2009-10,Regular Season,959,Steve Nash
22009,959,0020900438,2009-12-26,PHX @ GSW,L,36,14,22,0.636,6,12,0.5,2,2,1.0,1,3,4,9,2,0,4,2,36,-6,0,2009-10,Regular Season,959,Steve Nash
22009,959,0020900448,2009-12-28,PHX vs. LAL,W,31,5,11,0.455,3,6,0.5,3,3,1.0,0,3,3,13,0,0,2,1,16,15,0,2009-10,Regular Season,959,Steve Nash
22009,959,0020900466,2009-12-30,PHX vs. BOS,W,30,4,8,0.5,0,2,0.0,3,3,1.0,1,3,4,8,1,0,5,2,11,15,0,2009-10,Regular Season,959,Steve Nash
22009,959,0020900485,2010-01-02,PHX vs. MEM,L,32,8,15,0.533,2,4,0.5,1,2,0.5,1,3,4,13,0,0,6,0,19,-11,0,2009-10,Regular Season,959,Steve Nash
22009,959,0020900505,2010-01-05,PHX @ SAC,W,39,8,16,0.5,1,3,0.333,13,13,1.0,0,3,3,12,0,1,7,1,30,9,0,2009-10,Regular Season,959,Steve Nash
22009,959,0020900514,2010-01-06,PHX vs. HOU,W,35,11,16,0.688,2,2,1.0,2,2,1.0,0,2,2,12,3,0,6,1,26,17,0,2009-10,Regular Season,959,Steve Nash
22009,959,0020900526,2010-01-08,PHX vs. MIA,L,37,6,14,0.429,2,5,0.4,2,2,1.0,0,1,1,12,0,0,6,0,16,-6,0,2009-10,Regular Season,959,Steve Nash
22009,959,0020900550,2010-01-11,PHX vs. MIL,W,37,12,18,0.667,2,4,0.5,4,4,1.0,0,7,7,11,0,0,7,2,30,10,0,2009-10,Regular Season,959,Steve Nash
22009,959,0020900559,2010-01-13,PHX @ IND,L,27,8,14,0.571,1,4,0.25,3,3,1.0,0,4,4,9,0,0,1,3,20,-10,0,2009-10,Regular Season,959,Steve Nash
22009,959,0020900573,2010-01-15,PHX @ ATL,L,32,3,8,0.375,0,3,0.0,6,6,1.0,0,2,2,11,0,0,2,2,12,-3,0,2009-10,Regular Season,959,Steve Nash
22009,959,0020900584,2010-01-16,PHX @ CHA,L,26,2,7,0.286,1,4,0.25,0,0,0.0,0,4,4,5,0,0,3,0,5,-24,0,2009-10,Regular Season,959,Steve Nash
22009,959,0020900603,2010-01-18,PHX @ MEM,L,35,9,17,0.529,3,6,0.5,1,2,0.5,1,3,4,12,0,1,6,3,22,-5,0,2009-10,Regular Season,959,Steve Nash
22009,959,0020900617,2010-01-20,PHX vs. NJN,W,28,5,10,0.5,1,2,0.5,1,1,1.0,1,4,5,15,1,0,4,0,12,23,0,2009-10,Regular Season,959,Steve Nash
22009,959,0020900635,2010-01-22,PHX vs. CHI,L,34,4,12,0.333,0,0,0.0,0,0,0.0,0,5,5,7,1,0,5,0,8,-6,0,2009-10,Regular Season,959,Steve Nash
22009,959,0020900644,2010-01-23,PHX vs. GSW,W,32,9,20,0.45,3,10,0.3,2,2,1.0,2,2,4,6,2,0,6,2,23,8,0,2009-10,Regular Season,959,Steve Nash
22009,959,0020900656,2010-01-25,PHX @ UTA,L,39,6,12,0.5,3,4,0.75,0,0,0.0,0,5,5,15,2,0,4,5,15,-4,0,2009-10,Regular Season,959,Steve Nash
22009,959,0020900661,2010-01-26,PHX vs. CHA,L,41,7,22,0.318,5,9,0.556,4,4,1.0,1,0,1,9,2,0,6,3,23,4,0,2009-10,Regular Season,959,Steve Nash
22009,959,0020900676,2010-01-28,PHX vs. DAL,W,34,7,11,0.636,3,3,1.0,2,2,1.0,0,4,4,11,0,0,2,2,19,-1,0,2009-10,Regular Season,959,Steve Nash
22009,959,0020900701,2010-01-31,PHX @ HOU,W,41,2,10,0.2,1,6,0.167,6,6,1.0,1,7,8,16,0,0,0,1,11,7,0,2009-10,Regular Season,959,Steve Nash
22009,959,0020900707,2010-02-01,PHX @ NOH,W,36,6,10,0.6,1,2,0.5,5,7,0.714,0,1,1,12,2,0,1,2,18,10,0,2009-10,Regular Season,959,Steve Nash
22009,959,0020900725,2010-02-03,PHX @ DEN,W,34,8,15,0.533,1,3,0.333,0,0,0.0,1,1,2,10,1,2,4,3,17,4,0,2009-10,Regular Season,959,Steve Nash
22009,959,0020900739,2010-02-05,PHX @ SAC,W,32,7,12,0.583,4,7,0.571,5,5,1.0,3,5,8,10,0,0,1,0,23,26,0,2009-10,Regular Season,959,Steve Nash
22009,959,0020900776,2010-02-10,PHX vs. POR,L,36,6,16,0.375,3,7,0.429,0,0,0.0,0,3,3,11,0,0,5,2,15,-10,0,2009-10,Regular Season,959,Steve Nash
22009,959,0020900785,2010-02-16,PHX @ MEM,W,32,1,4,0.25,0,1,0.0,2,2,1.0,0,4,4,16,0,0,2,0,4,8,0,2009-10,Regular Season,959,Steve Nash
22009,959,0020900799,2010-02-17,PHX @ DAL,L,36,4,13,0.308,1,7,0.143,0,0,0.0,1,4,5,12,0,0,3,0,9,-15,0,2009-10,Regular Season,959,Steve Nash
22009,959,0020900813,2010-02-19,PHX vs. ATL,W,27,3,10,0.3,0,3,0.0,0,0,0.0,1,2,3,6,1,0,6,2,6,-6,0,2009-10,Regular Season,959,Steve Nash
22009,959,0020900830,2010-02-21,PHX vs. SAC,W,35,4,11,0.364,1,1,1.0,2,2,1.0,0,4,4,17,0,0,3,1,11,18,0,2009-10,Regular Season,959,Steve Nash
22009,959,0020900853,2010-02-24,PHX vs. PHI,W,29,8,9,0.889,2,3,0.667,2,3,0.667,0,4,4,13,0,0,2,2,20,20,0,2009-10,Regular Season,959,Steve Nash
22009,959,0020900870,2010-02-26,PHX vs. LAC,W,29,1,7,0.143,1,4,0.25,5,5,1.0,1,1,2,11,1,0,2,1,8,18,0,2009-10,Regular Season,959,Steve Nash
22009,959,0020900878,2010-02-28,PHX @ SAS,L,41,8,13,0.615,2,2,1.0,0,0,0.0,0,5,5,11,0,0,4,3,18,6,0,2009-10,Regular Season,959,Steve Nash
22009,959,0020900893,2010-03-01,PHX vs. DEN,W,31,3,8,0.375,0,1,0.0,5,5,1.0,0,2,2,10,0,0,2,0,11,-4,0,2009-10,Regular Season,959,Steve Nash
22009,959,0020900910,2010-03-03,PHX @ LAC,W,27,1,5,0.2,0,4,0.0,0,0,0.0,0,2,2,13,1,0,3,0,2,19,0,2009-10,Regular Season,959,Steve Nash
22009,959,0020900913,2010-03-04,PHX vs. UTA,L,36,6,11,0.545,1,4,0.25,1,1,1.0,0,2,2,15,0,0,7,4,14,-10,0,2009-10,Regular Season,959,Steve Nash
22009,959,0020900932,2010-03-06,PHX vs. IND,W,38,6,15,0.4,0,1,0.0,0,0,0.0,0,3,3,5,1,0,5,1,12,3,0,2009-10,Regular Season,959,Steve Nash
22009,959,0020900974,2010-03-12,PHX vs. LAL,L,35,6,14,0.429,2,7,0.286,0,0,0.0,0,2,2,8,0,0,4,0,14,-2,0,2009-10,Regular Season,959,Steve Nash
22009,959,0020900988,2010-03-14,PHX vs. NOH,W,29,5,7,0.714,2,2,1.0,1,1,1.0,0,2,2,12,0,0,3,2,13,12,0,2009-10,Regular Season,959,Steve Nash
22009,959,0020901003,2010-03-16,PHX vs. MIN,W,24,5,7,0.714,1,2,0.5,2,2,1.0,0,3,3,14,0,0,1,0,13,21,0,2009-10,Regular Season,959,Steve Nash
22009,959,0020901025,2010-03-19,PHX vs. UTA,W,34,7,13,0.538,1,2,0.5,0,0,0.0,0,7,7,10,2,1,6,4,15,17,0,2009-10,Regular Season,959,Steve Nash
22009,959,0020901042,2010-03-21,PHX vs. POR,W,31,5,11,0.455,0,2,0.0,7,7,1.0,0,1,1,8,0,0,2,3,17,4,0,2009-10,Regular Season,959,Steve Nash
22009,959,0020901052,2010-03-22,PHX @ GSW,W,32,4,11,0.364,1,2,0.5,3,5,0.6,0,7,7,12,0,0,5,0,12,15,0,2009-10,Regular Season,959,Steve Nash
22009,959,0020901081,2010-03-26,PHX vs. NYK,W,27,4,7,0.571,1,3,0.333,0,0,0.0,0,5,5,9,0,0,4,1,9,18,0,2009-10,Regular Season,959,Steve Nash
22009,959,0020901093,2010-03-28,PHX @ MIN,W,33,5,11,0.455,2,4,0.5,2,2,1.0,0,5,5,11,2,0,4,2,14,-3,0,2009-10,Regular Season,959,Steve Nash
22009,959,0020901104,2010-03-30,PHX @ CHI,W,36,8,20,0.4,2,3,0.667,4,4,1.0,1,3,4,10,2,0,3,1,22,12,0,2009-10,Regular Season,959,Steve Nash
22009,959,0020901113,2010-03-31,PHX @ NJN,W,30,9,16,0.563,3,4,0.75,3,4,0.75,0,7,7,14,0,0,3,2,24,12,0,2009-10,Regular Season,959,Steve Nash
22009,959,0020901127,2010-04-02,PHX @ DET,W,26,3,6,0.5,1,2,0.5,2,2,1.0,0,1,1,7,1,0,1,2,9,5,0,2009-10,Regular Season,959,Steve Nash
22009,959,0020901138,2010-04-03,PHX @ MIL,L,22,4,7,0.571,0,0,0.0,2,2,1.0,0,3,3,5,0,0,5,1,10,-13,0,2009-10,Regular Season,959,Steve Nash
22009,959,0020901170,2010-04-07,PHX vs. SAS,W,30,8,14,0.571,0,1,0.0,2,2,1.0,1,3,4,12,1,0,1,0,18,13,0,2009-10,Regular Season,959,Steve Nash
22009,959,0020901183,2010-04-09,PHX @ OKC,L,31,4,9,0.444,1,2,0.5,2,2,1.0,0,2,2,12,0,0,4,0,11,-6,0,2009-10,Regular Season,959,Steve Nash
22009,959,0020901201,2010-04-11,PHX vs. HOU,W,36,8,12,0.667,3,3,1.0,4,4,1.0,0,1,1,11,0,1,3,2,23,4,0,2009-10,Regular Season,959,Steve Nash
22009,959,0020901216,2010-04-13,PHX vs. DEN,W,29,6,14,0.429,1,5,0.2,5,5,1.0,0,3,3,10,0,0,2,2,18,22,0,2009-10,Regular Season,959,Steve Nash
22009,959,0020901230,2010-04-14,PHX @ UTA,W,28,2,4,0.5,1,1,1.0,0,0,0.0,0,2,2,11,2,0,2,2,5,10,0,2009-10,Regular Season,959,Steve Nash
42009,959,0040900161,2010-04-18,PHX vs. POR,L,34,10,18,0.556,3,6,0.5,2,2,1.0,1,0,1,9,1,0,2,2,25,-8,0,2009-10,Playoffs,959,Steve Nash
42009,959,0040900162,2010-04-20,PHX vs. POR,W,30,5,11,0.455,1,3,0.333,2,3,0.667,0,1,1,16,0,0,1,2,13,24,0,2009-10,Playoffs,959,Steve Nash
42009,959,0040900163,2010-04-22,PHX @ POR,W,38,3,8,0.375,1,1,1.0,6,7,0.857,0,4,4,10,0,0,5,0,13,19,0,2009-10,Playoffs,959,Steve Nash
42009,959,0040900164,2010-04-24,PHX @ POR,L,39,6,11,0.545,1,3,0.333,2,3,0.667,0,4,4,8,0,0,6,1,15,-9,0,2009-10,Playoffs,959,Steve Nash
42009,959,0040900165,2010-04-26,PHX vs. POR,W,28,2,5,0.4,1,3,0.333,9,9,1.0,0,1,1,10,0,0,5,0,14,12,0,2009-10,Playoffs,959,Steve Nash
42009,959,0040900166,2010-04-29,PHX @ POR,W,30,2,7,0.286,1,1,1.0,5,5,1.0,0,2,2,6,0,0,7,0,10,15,0,2009-10,Playoffs,959,Steve Nash
42009,959,0040900221,2010-05-03,PHX vs. SAS,W,37,13,19,0.684,2,4,0.5,5,6,0.833,0,3,3,10,0,0,6,3,33,18,0,2009-10,Playoffs,959,Steve Nash
42009,959,0040900222,2010-05-05,PHX vs. SAS,W,35,7,13,0.538,0,1,0.0,5,6,0.833,0,3,3,6,1,0,5,1,19,6,0,2009-10,Playoffs,959,Steve Nash
42009,959,0040900223,2010-05-07,PHX @ SAS,W,34,6,14,0.429,0,3,0.0,4,4,1.0,1,7,8,6,0,0,3,1,16,7,0,2009-10,Playoffs,959,Steve Nash
42009,959,0040900224,2010-05-09,PHX @ SAS,W,37,8,15,0.533,3,3,1.0,1,1,1.0,1,3,4,9,1,0,4,1,20,8,0,2009-10,Playoffs,959,Steve Nash
42009,959,0040900311,2010-05-17,PHX @ LAL,L,28,5,10,0.5,0,2,0.0,3,3,1.0,0,4,4,13,0,0,4,2,13,-13,0,2009-10,Playoffs,959,Steve Nash
42009,959,0040900312,2010-05-19,PHX @ LAL,L,36,4,8,0.5,1,3,0.333,2,2,1.0,0,3,3,15,0,1,5,1,11,-9,0,2009-10,Playoffs,959,Steve Nash
42009,959,0040900313,2010-05-23,PHX vs. LAL,W,38,5,10,0.5,0,1,0.0,7,7,1.0,0,2,2,15,0,0,1,2,17,13,0,2009-10,Playoffs,959,Steve Nash
42009,959,0040900314,2010-05-25,PHX vs. LAL,W,30,3,11,0.273,1,5,0.2,8,9,0.889,1,3,4,8,1,0,2,1,15,-9,0,2009-10,Playoffs,959,Steve Nash
42009,959,0040900315,2010-05-27,PHX @ LAL,L,35,12,20,0.6,2,6,0.333,3,5,0.6,2,1,3,11,0,0,2,1,29,5,0,2009-10,Playoffs,959,Steve Nash
42009,959,0040900316,2010-05-29,PHX vs. LAL,L,30,8,11,0.727,2,5,0.4,3,3,1.0,0,5,5,9,0,0,2,2,21,-12,0,2009-10,Playoffs,959,Steve Nash
22009,1717,0020900002,2009-10-27,DAL vs. WAS,L,39,10,25,0.4,2,5,0.4,12,13,0.923,1,8,9,1,0,2,3,2,34,-3,0,2009-10,Regular Season,1717,Dirk Nowitzki
22009,1717,0020900031,2009-10-30,DAL @ LAL,W,38,5,14,0.357,1,4,0.25,10,11,0.909,0,10,10,1,1,1,1,2,21,32,0,2009-10,Regular Season,1717,Dirk Nowitzki
22009,1717,0020900038,2009-10-31,DAL @ LAC,W,42,9,19,0.474,0,3,0.0,6,8,0.75,0,9,9,3,2,1,5,1,24,9,0,2009-10,Regular Season,1717,Dirk Nowitzki
22009,1717,0020900058,2009-11-03,DAL vs. UTA,W,39,12,22,0.545,1,3,0.333,15,16,0.938,2,9,11,5,2,5,0,2,40,23,0,2009-10,Regular Season,1717,Dirk Nowitzki
22009,1717,0020900067,2009-11-04,DAL @ NOH,L,37,4,15,0.267,0,1,0.0,4,5,0.8,0,5,5,2,1,0,2,6,12,-5,0,2009-10,Regular Season,1717,Dirk Nowitzki
22009,1717,0020900088,2009-11-07,DAL vs. TOR,W,37,12,20,0.6,3,4,0.75,2,2,1.0,0,9,9,4,2,1,3,0,29,23,0,2009-10,Regular Season,1717,Dirk Nowitzki
22009,1717,0020900107,2009-11-10,DAL vs. HOU,W,34,6,15,0.4,1,2,0.5,10,10,1.0,0,6,6,4,1,1,1,2,23,26,0,2009-10,Regular Season,1717,Dirk Nowitzki
22009,1717,0020900119,2009-11-11,DAL @ SAS,L,41,9,27,0.333,1,3,0.333,10,10,1.0,1,11,12,1,1,1,2,2,29,4,0,2009-10,Regular Season,1717,Dirk Nowitzki
22009,1717,0020900128,2009-11-13,DAL @ MIN,W,29,8,15,0.533,1,3,0.333,3,4,0.75,2,9,11,2,0,3,0,2,20,17,0,2009-10,Regular Season,1717,Dirk Nowitzki
22009,1717,0020900143,2009-11-15,DAL @ DET,W,39,11,27,0.407,0,2,0.0,3,3,1.0,1,5,6,5,1,2,1,2,25,8,0,2009-10,Regular Season,1717,Dirk Nowitzki
22009,1717,0020900149,2009-11-16,DAL @ MIL,W,43,12,25,0.48,1,2,0.5,7,8,0.875,0,11,11,3,2,1,0,2,32,13,0,2009-10,Regular Season,1717,Dirk Nowitzki
22009,1717,0020900168,2009-11-18,DAL vs. SAS,W,45,15,29,0.517,1,1,1.0,10,12,0.833,3,9,12,0,0,1,0,3,41,4,0,2009-10,Regular Season,1717,Dirk Nowitzki
22009,1717,0020900179,2009-11-20,DAL vs. SAC,W,39,6,15,0.4,0,1,0.0,8,9,0.889,0,5,5,7,1,2,1,2,20,16,0,2009-10,Regular Season,1717,Dirk Nowitzki
22009,1717,0020900204,2009-11-24,DAL vs. GSW,L,40,9,18,0.5,0,0,0.0,10,12,0.833,2,8,10,3,2,1,5,3,28,-10,0,2009-10,Regular Season,1717,Dirk Nowitzki
22009,1717,0020900215,2009-11-25,DAL @ HOU,W,36,10,16,0.625,0,0,0.0,5,6,0.833,2,6,8,1,2,2,0,1,25,16,0,2009-10,Regular Season,1717,Dirk Nowitzki
22009,1717,0020900227,2009-11-27,DAL @ IND,W,30,10,14,0.714,0,0,0.0,11,13,0.846,0,4,4,2,1,2,2,1,31,18,0,2009-10,Regular Season,1717,Dirk Nowitzki
22009,1717,0020900235,2009-11-28,DAL @ CLE,L,42,10,19,0.526,0,0,0.0,7,9,0.778,2,7,9,2,1,1,2,3,27,-12,0,2009-10,Regular Season,1717,Dirk Nowitzki
22009,1717,0020900250,2009-11-30,DAL vs. PHI,W,40,11,26,0.423,1,2,0.5,5,5,1.0,1,5,6,4,0,0,0,2,28,2,0,2009-10,Regular Season,1717,Dirk Nowitzki
22009,1717,0020900263,2009-12-02,DAL @ NJN,W,35,9,15,0.6,1,4,0.25,5,5,1.0,1,6,7,8,1,1,3,3,24,30,0,2009-10,Regular Season,1717,Dirk Nowitzki
22009,1717,0020900276,2009-12-04,DAL @ MEM,L,38,7,22,0.318,0,3,0.0,2,2,1.0,2,8,10,1,1,0,2,3,16,-6,0,2009-10,Regular Season,1717,Dirk Nowitzki
22009,1717,0020900286,2009-12-05,DAL vs. ATL,L,44,11,24,0.458,2,6,0.333,8,10,0.8,1,8,9,2,1,4,2,3,32,3,0,2009-10,Regular Season,1717,Dirk Nowitzki
22009,1717,0020900306,2009-12-08,DAL vs. PHX,W,41,12,20,0.6,0,0,0.0,9,9,1.0,3,5,8,3,0,1,0,1,33,2,0,2009-10,Regular Season,1717,Dirk Nowitzki
22009,1717,0020900323,2009-12-11,DAL @ MIA,W,38,10,18,0.556,2,2,1.0,3,3,1.0,0,5,5,1,0,1,2,5,25,20,0,2009-10,Regular Season,1717,Dirk Nowitzki
22009,1717,0020900334,2009-12-12,DAL vs. CHA,W,47,14,34,0.412,0,1,0.0,8,10,0.8,2,4,6,2,3,1,3,5,36,6,0,2009-10,Regular Season,1717,Dirk Nowitzki
22009,1717,0020900347,2009-12-14,DAL vs. NOH,W,35,4,11,0.364,0,0,0.0,2,2,1.0,1,6,7,3,2,1,2,2,10,-4,0,2009-10,Regular Season,1717,Dirk Nowitzki
22009,1717,0020900366,2009-12-16,DAL @ OKC,W,39,13,18,0.722,2,2,1.0,7,8,0.875,0,11,11,2,2,1,3,2,35,22,0,2009-10,Regular Season,1717,Dirk Nowitzki
22009,1717,0020900382,2009-12-18,DAL vs. HOU,L,10,2,4,0.5,0,0,0.0,1,2,0.5,0,2,2,1,0,0,0,0,5,5,0,2009-10,Regular Season,1717,Dirk Nowitzki
22009,1717,0020900411,2009-12-22,DAL vs. POR,L,41,10,13,0.769,2,2,1.0,5,7,0.714,1,8,9,1,2,1,6,3,27,-5,0,2009-10,Regular Season,1717,Dirk Nowitzki
22009,1717,0020900429,2009-12-26,DAL vs. MEM,W,40,10,16,0.625,0,0,0.0,0,0,0.0,0,4,4,3,1,0,4,2,20,17,0,2009-10,Regular Season,1717,Dirk Nowitzki
22009,1717,0020900443,2009-12-27,DAL @ DEN,W,39,6,15,0.4,1,2,0.5,0,0,0.0,0,11,11,2,0,0,2,5,13,0,0,2009-10,Regular Season,1717,Dirk Nowitzki
22009,1717,0020900470,2009-12-31,DAL @ HOU,L,31,3,12,0.25,1,2,0.5,4,4,1.0,1,6,7,1,0,4,3,3,11,-5,0,2009-10,Regular Season,1717,Dirk Nowitzki
22009,1717,0020900488,2010-01-02,DAL @ SAC,W,35,8,18,0.444,0,2,0.0,9,9,1.0,0,7,7,1,2,1,0,2,25,6,0,2009-10,Regular Season,1717,Dirk Nowitzki
22009,1717,0020900493,2010-01-03,DAL @ LAL,L,32,7,18,0.389,0,0,0.0,8,10,0.8,3,5,8,1,0,0,2,1,22,-32,0,2009-10,Regular Season,1717,Dirk Nowitzki
22009,1717,0020900502,2010-01-05,DAL vs. DET,W,45,9,20,0.45,0,0,0.0,4,4,1.0,2,10,12,4,1,0,3,0,22,8,0,2009-10,Regular Season,1717,Dirk Nowitzki
22009,1717,0020900525,2010-01-08,DAL @ SAS,W,40,10,28,0.357,2,3,0.667,4,4,1.0,2,3,5,2,0,3,2,3,26,6,0,2009-10,Regular Season,1717,Dirk Nowitzki
22009,1717,0020900535,2010-01-09,DAL vs. UTA,L,42,9,22,0.409,0,1,0.0,11,11,1.0,0,8,8,3,0,0,3,4,29,-16,0,2009-10,Regular Season,1717,Dirk Nowitzki
22009,1717,0020900564,2010-01-13,DAL vs. LAL,L,43,11,22,0.5,1,1,1.0,7,7,1.0,0,16,16,2,0,1,0,3,30,-3,0,2009-10,Regular Season,1717,Dirk Nowitzki
22009,1717,0020900579,2010-01-15,DAL vs. OKC,W,39,9,18,0.5,0,1,0.0,14,15,0.933,1,4,5,2,2,0,4,2,32,4,0,2009-10,Regular Season,1717,Dirk Nowitzki
22009,1717,0020900592,2010-01-17,DAL @ TOR,L,36,9,15,0.6,0,1,0.0,1,4,0.25,0,3,3,4,1,1,1,5,19,-15,0,2009-10,Regular Season,1717,Dirk Nowitzki
22009,1717,0020900604,2010-01-18,DAL @ BOS,W,44,14,22,0.636,0,0,0.0,9,12,0.75,0,7,7,3,0,0,2,3,37,12,0,2009-10,Regular Season,1717,Dirk Nowitzki
22009,1717,0020900612,2010-01-20,DAL @ WAS,W,40,11,19,0.579,1,3,0.333,5,5,1.0,1,4,5,1,0,2,3,5,28,-1,0,2009-10,Regular Season,1717,Dirk Nowitzki
22009,1717,0020900624,2010-01-22,DAL @ PHI,L,40,4,13,0.308,0,1,0.0,7,8,0.875,0,8,8,1,1,1,3,3,15,-10,0,2009-10,Regular Season,1717,Dirk Nowitzki
22009,1717,0020900646,2010-01-24,DAL @ NYK,W,30,6,12,0.5,1,2,0.5,7,7,1.0,0,5,5,3,2,0,1,3,20,38,0,2009-10,Regular Season,1717,Dirk Nowitzki
22009,1717,0020900660,2010-01-26,DAL vs. MIL,W,35,11,25,0.44,0,0,0.0,6,6,1.0,2,6,8,5,0,1,2,2,28,3,0,2009-10,Regular Season,1717,Dirk Nowitzki
22009,1717,0020900676,2010-01-28,DAL @ PHX,L,38,5,11,0.455,0,0,0.0,9,10,0.9,1,4,5,0,0,2,1,5,19,-3,0,2009-10,Regular Season,1717,Dirk Nowitzki
22009,1717,0020900692,2010-01-30,DAL vs. POR,L,45,9,19,0.474,0,0,0.0,10,10,1.0,0,9,9,2,1,0,2,2,28,-7,0,2009-10,Regular Season,1717,Dirk Nowitzki
22009,1717,0020900709,2010-02-01,DAL @ UTA,L,41,11,18,0.611,0,1,0.0,6,6,1.0,0,8,8,1,1,1,1,2,28,-10,0,2009-10,Regular Season,1717,Dirk Nowitzki
22009,1717,0020900724,2010-02-03,DAL vs. GSW,W,31,7,11,0.636,0,0,0.0,6,7,0.857,2,5,7,2,0,0,1,0,20,2,0,2009-10,Regular Season,1717,Dirk Nowitzki
22009,1717,0020900738,2010-02-05,DAL vs. MIN,L,37,6,15,0.4,0,1,0.0,9,10,0.9,1,7,8,4,0,0,1,4,21,2,0,2009-10,Regular Season,1717,Dirk Nowitzki
22009,1717,0020900756,2010-02-08,DAL @ GSW,W,29,4,9,0.444,0,2,0.0,7,7,1.0,0,8,8,1,0,0,0,5,15,1,0,2009-10,Regular Season,1717,Dirk Nowitzki
22009,1717,0020900766,2010-02-09,DAL @ DEN,L,31,5,17,0.294,0,2,0.0,7,7,1.0,0,4,4,1,0,0,3,2,17,-22,0,2009-10,Regular Season,1717,Dirk Nowitzki
22009,1717,0020900786,2010-02-16,DAL @ OKC,L,36,9,22,0.409,0,1,0.0,6,6,1.0,3,6,9,6,0,0,2,2,24,-18,0,2009-10,Regular Season,1717,Dirk Nowitzki
22009,1717,0020900799,2010-02-17,DAL vs. PHX,W,41,11,24,0.458,0,1,0.0,6,7,0.857,3,4,7,3,1,1,2,2,28,14,0,2009-10,Regular Season,1717,Dirk Nowitzki
22009,1717,0020900812,2010-02-19,DAL @ ORL,W,39,10,24,0.417,1,1,1.0,2,2,1.0,0,4,4,5,2,3,1,3,23,4,0,2009-10,Regular Season,1717,Dirk Nowitzki
22009,1717,0020900819,2010-02-20,DAL vs. MIA,W,40,10,21,0.476,0,2,0.0,8,8,1.0,0,5,5,2,1,1,1,1,28,9,0,2009-10,Regular Season,1717,Dirk Nowitzki
22009,1717,0020900834,2010-02-22,DAL vs. IND,W,32,7,14,0.5,0,1,0.0,9,9,1.0,1,6,7,1,0,1,2,3,23,25,0,2009-10,Regular Season,1717,Dirk Nowitzki
22009,1717,0020900852,2010-02-24,DAL vs. LAL,W,42,10,19,0.526,0,0,0.0,11,11,1.0,1,8,9,1,1,0,1,2,31,10,0,2009-10,Regular Season,1717,Dirk Nowitzki
22009,1717,0020900861,2010-02-26,DAL @ ATL,W,46,15,26,0.577,2,2,1.0,5,5,1.0,1,8,9,4,1,1,2,2,37,14,0,2009-10,Regular Season,1717,Dirk Nowitzki
22009,1717,0020900885,2010-02-28,DAL vs. NOH,W,39,14,25,0.56,0,0,0.0,8,9,0.889,1,7,8,7,1,0,0,3,36,5,0,2009-10,Regular Season,1717,Dirk Nowitzki
22009,1717,0020900886,2010-03-01,DAL @ CHA,W,42,12,23,0.522,0,0,0.0,3,3,1.0,1,12,13,1,1,2,1,3,27,5,0,2009-10,Regular Season,1717,Dirk Nowitzki
22009,1717,0020900906,2010-03-03,DAL vs. MIN,W,39,6,14,0.429,0,0,0.0,10,10,1.0,2,3,5,3,1,0,1,4,22,1,0,2009-10,Regular Season,1717,Dirk Nowitzki
22009,1717,0020900921,2010-03-05,DAL vs. SAC,W,42,12,26,0.462,0,0,0.0,7,7,1.0,2,10,12,3,0,3,1,2,31,-3,0,2009-10,Regular Season,1717,Dirk Nowitzki
22009,1717,0020900928,2010-03-06,DAL @ CHI,W,37,11,22,0.5,0,2,0.0,5,6,0.833,1,4,5,2,1,2,3,3,27,-10,0,2009-10,Regular Season,1717,Dirk Nowitzki
22009,1717,0020900943,2010-03-08,DAL @ MIN,W,30,8,15,0.533,0,0,0.0,8,10,0.8,1,5,6,3,1,1,0,4,24,14,0,2009-10,Regular Season,1717,Dirk Nowitzki
22009,1717,0020900959,2010-03-10,DAL vs. NJN,W,40,3,16,0.188,0,1,0.0,6,7,0.857,0,5,5,4,0,1,5,3,12,6,0,2009-10,Regular Season,1717,Dirk Nowitzki
22009,1717,0020900979,2010-03-13,DAL vs. NYK,L,38,5,13,0.385,0,1,0.0,10,10,1.0,1,11,12,3,0,2,1,3,20,-24,0,2009-10,Regular Season,1717,Dirk Nowitzki
22009,1717,0020901011,2010-03-17,DAL vs. CHI,W,37,10,16,0.625,0,0,0.0,6,8,0.75,1,6,7,5,3,0,2,2,26,5,0,2009-10,Regular Season,1717,Dirk Nowitzki
22009,1717,0020901033,2010-03-20,DAL vs. BOS,L,42,11,19,0.579,1,1,1.0,5,6,0.833,2,3,5,2,0,0,1,2,28,-12,0,2009-10,Regular Season,1717,Dirk Nowitzki
22009,1717,0020901048,2010-03-22,DAL @ NOH,L,35,8,12,0.667,0,0,0.0,0,0,0.0,1,4,5,3,0,0,5,3,16,-19,0,2009-10,Regular Season,1717,Dirk Nowitzki
22009,1717,0020901056,2010-03-23,DAL vs. LAC,W,19,8,11,0.727,1,1,1.0,1,1,1.0,0,2,2,2,1,0,1,3,18,-4,0,2009-10,Regular Season,1717,Dirk Nowitzki
22009,1717,0020901070,2010-03-25,DAL @ POR,L,42,5,13,0.385,1,2,0.5,4,4,1.0,1,6,7,3,2,0,2,3,15,-10,0,2009-10,Regular Season,1717,Dirk Nowitzki
22009,1717,0020901086,2010-03-27,DAL @ GSW,W,30,6,14,0.429,1,2,0.5,0,1,0.0,0,10,10,3,2,1,1,0,13,22,0,2009-10,Regular Season,1717,Dirk Nowitzki
22009,1717,0020901100,2010-03-29,DAL vs. DEN,W,37,7,17,0.412,4,5,0.8,16,17,0.941,3,7,10,10,0,1,2,3,34,20,0,2009-10,Regular Season,1717,Dirk Nowitzki
22009,1717,0020901114,2010-03-31,DAL @ MEM,W,46,9,23,0.391,3,6,0.5,7,7,1.0,0,5,5,6,2,1,4,4,28,1,0,2009-10,Regular Season,1717,Dirk Nowitzki
22009,1717,0020901120,2010-04-01,DAL vs. ORL,L,36,9,22,0.409,0,1,0.0,6,6,1.0,0,6,6,0,1,1,0,3,24,-10,0,2009-10,Regular Season,1717,Dirk Nowitzki
22009,1717,0020901137,2010-04-03,DAL vs. OKC,L,44,10,19,0.526,0,0,0.0,10,10,1.0,3,10,13,3,0,0,5,3,30,1,0,2009-10,Regular Season,1717,Dirk Nowitzki
22009,1717,0020901167,2010-04-07,DAL vs. MEM,W,34,9,14,0.643,1,1,1.0,3,3,1.0,2,7,9,0,1,1,1,3,22,22,0,2009-10,Regular Season,1717,Dirk Nowitzki
22009,1717,0020901186,2010-04-09,DAL @ POR,W,42,11,24,0.458,1,2,0.5,17,17,1.0,2,8,10,0,1,0,3,2,40,0,0,2009-10,Regular Season,1717,Dirk Nowitzki
22009,1717,0020901193,2010-04-10,DAL @ SAC,W,37,12,20,0.6,2,2,1.0,13,13,1.0,2,5,7,2,0,0,2,1,39,15,0,2009-10,Regular Season,1717,Dirk Nowitzki
22009,1717,0020901212,2010-04-12,DAL @ LAC,W,23,9,13,0.692,3,3,1.0,4,4,1.0,1,7,8,3,2,1,1,3,25,23,0,2009-10,Regular Season,1717,Dirk Nowitzki
22009,1717,0020901220,2010-04-14,DAL vs. SAS,W,33,8,20,0.4,1,2,0.5,2,2,1.0,0,5,5,5,0,0,1,2,19,8,0,2009-10,Regular Season,1717,Dirk Nowitzki
42009,1717,0040900151,2010-04-18,DAL vs. SAS,W,40,12,14,0.857,0,0,0.0,12,12,1.0,2,5,7,1,0,1,1,0,36,3,0,2009-10,Playoffs,1717,Dirk Nowitzki
42009,1717,0040900152,2010-04-21,DAL vs. SAS,L,38,9,24,0.375,1,1,1.0,5,6,0.833,3,7,10,4,1,0,0,2,24,-15,0,2009-10,Playoffs,1717,Dirk Nowitzki
42009,1717,0040900153,2010-04-23,DAL @ SAS,L,42,13,23,0.565,1,1,1.0,8,8,1.0,0,7,7,3,2,1,2,5,35,-1,0,2009-10,Playoffs,1717,Dirk Nowitzki
42009,1717,0040900154,2010-04-25,DAL @ SAS,L,43,4,10,0.4,0,1,0.0,9,9,1.0,1,10,11,4,0,0,3,2,17,-2,0,2009-10,Playoffs,1717,Dirk Nowitzki
42009,1717,0040900155,2010-04-27,DAL vs. SAS,W,31,7,14,0.5,0,0,0.0,1,1,1.0,0,9,9,2,2,2,3,1,15,17,0,2009-10,Playoffs,1717,Dirk Nowitzki
42009,1717,0040900156,2010-04-29,DAL @ SAS,L,38,13,21,0.619,2,4,0.5,5,6,0.833,1,4,5,4,0,0,1,5,33,-16,0,2009-10,Playoffs,1717,Dirk Nowitzki
22009,708,0020900001,2009-10-27,BOS @ CLE,W,33,5,10,0.5,0,0,0.0,3,4,0.75,3,7,10,1,1,3,1,3,13,-4,0,2009-10,Regular Season,708,Kevin Garnett
22009,708,0020900008,2009-10-28,BOS vs. CHA,W,26,5,9,0.556,0,0,0.0,0,0,0.0,3,4,7,1,1,3,1,1,10,34,0,2009-10,Regular Season,708,Kevin Garnett
22009,708,0020900022,2009-10-30,BOS vs. CHI,W,25,7,13,0.538,0,0,0.0,2,3,0.667,2,2,4,2,1,0,1,3,16,15,0,2009-10,Regular Season,708,Kevin Garnett
22009,708,0020900040,2009-11-01,BOS vs. NOH,W,33,7,15,0.467,0,0,0.0,0,0,0.0,0,7,7,5,0,1,4,4,14,3,0,2009-10,Regular Season,708,Kevin Garnett
22009,708,0020900053,2009-11-03,BOS @ PHI,W,23,1,7,0.143,0,0,0.0,1,4,0.25,0,6,6,2,0,0,5,2,3,3,0,2009-10,Regular Season,708,Kevin Garnett
22009,708,0020900065,2009-11-04,BOS @ MIN,W,35,6,13,0.462,0,0,0.0,0,0,0.0,2,9,11,2,1,3,1,1,12,-1,0,2009-10,Regular Season,708,Kevin Garnett
22009,708,0020900076,2009-11-06,BOS vs. PHX,L,35,13,20,0.65,0,0,0.0,0,0,0.0,3,5,8,4,2,1,0,1,26,9,0,2009-10,Regular Season,708,Kevin Garnett
22009,708,0020900086,2009-11-07,BOS @ NJN,W,33,3,13,0.231,0,0,0.0,3,3,1.0,0,13,13,4,3,0,1,1,9,-4,0,2009-10,Regular Season,708,Kevin Garnett
22009,708,0020900111,2009-11-11,BOS vs. UTA,W,26,7,10,0.7,0,1,0.0,4,4,1.0,0,4,4,1,2,0,0,3,18,13,0,2009-10,Regular Season,708,Kevin Garnett
22009,708,0020900127,2009-11-13,BOS vs. ATL,L,33,6,10,0.6,0,0,0.0,2,3,0.667,1,4,5,2,2,0,0,2,14,-7,0,2009-10,Regular Season,708,Kevin Garnett
22009,708,0020900135,2009-11-14,BOS @ IND,L,29,7,11,0.636,0,0,0.0,1,1,1.0,2,5,7,2,0,0,2,3,15,-9,0,2009-10,Regular Season,708,Kevin Garnett
22009,708,0020900163,2009-11-18,BOS vs. GSW,W,31,6,12,0.5,0,0,0.0,0,0,0.0,2,4,6,4,1,0,1,2,12,13,0,2009-10,Regular Season,708,Kevin Garnett
22009,708,0020900177,2009-11-20,BOS vs. ORL,L,32,5,13,0.385,0,0,0.0,3,3,1.0,4,7,11,1,2,3,1,3,13,-12,0,2009-10,Regular Season,708,Kevin Garnett
22009,708,0020900193,2009-11-22,BOS @ NYK,W,32,4,15,0.267,0,0,0.0,2,2,1.0,2,5,7,1,0,0,3,4,10,8,0,2009-10,Regular Season,708,Kevin Garnett
22009,708,0020900210,2009-11-25,BOS vs. PHI,W,31,5,9,0.556,0,0,0.0,9,12,0.75,1,3,4,4,0,0,3,1,19,2,0,2009-10,Regular Season,708,Kevin Garnett
22009,708,0020900225,2009-11-27,BOS vs. TOR,W,28,6,6,1.0,0,0,0.0,0,0,0.0,1,6,7,4,0,0,2,5,12,11,0,2009-10,Regular Season,708,Kevin Garnett
22009,708,0020900242,2009-11-29,BOS @ MIA,W,35,11,12,0.917,0,0,0.0,2,2,1.0,2,6,8,1,1,0,0,3,24,10,0,2009-10,Regular Season,708,Kevin Garnett
22009,708,0020900253,2009-12-01,BOS @ CHA,W,26,5,8,0.625,0,0,0.0,6,6,1.0,1,6,7,5,1,0,3,5,16,18,0,2009-10,Regular Season,708,Kevin Garnett
22009,708,0020900269,2009-12-03,BOS @ SAS,W,35,9,15,0.6,0,0,0.0,2,2,1.0,0,7,7,5,2,0,0,4,20,13,0,2009-10,Regular Season,708,Kevin Garnett
22009,708,0020900279,2009-12-04,BOS @ OKC,W,26,10,11,0.909,0,0,0.0,3,3,1.0,2,6,8,3,0,0,3,1,23,26,0,2009-10,Regular Season,708,Kevin Garnett
22009,708,0020900302,2009-12-08,BOS vs. MIL,W,33,9,13,0.692,0,0,0.0,7,9,0.778,1,8,9,0,2,0,2,4,25,13,0,2009-10,Regular Season,708,Kevin Garnett
22009,708,0020900318,2009-12-10,BOS @ WAS,W,33,8,14,0.571,0,0,0.0,1,2,0.5,0,5,5,2,2,1,2,2,17,0,0,2009-10,Regular Season,708,Kevin Garnett
22009,708,0020900333,2009-12-12,BOS @ CHI,W,27,6,8,0.75,0,0,0.0,0,2,0.0,2,8,10,2,0,1,1,1,12,13,0,2009-10,Regular Season,708,Kevin Garnett
22009,708,0020900346,2009-12-14,BOS @ MEM,W,33,5,7,0.714,0,0,0.0,3,3,1.0,0,8,8,3,0,1,1,5,13,4,0,2009-10,Regular Season,708,Kevin Garnett
22009,708,0020900375,2009-12-18,BOS vs. PHI,L,34,5,14,0.357,0,0,0.0,11,11,1.0,4,6,10,4,1,4,1,1,21,0,0,2009-10,Regular Season,708,Kevin Garnett
22009,708,0020900395,2009-12-20,BOS vs. MIN,W,28,4,5,0.8,0,0,0.0,2,2,1.0,0,8,8,1,0,2,1,0,10,28,0,2009-10,Regular Season,708,Kevin Garnett
22009,708,0020900425,2009-12-25,BOS @ ORL,W,33,3,9,0.333,0,0,0.0,4,4,1.0,1,6,7,3,2,0,2,1,10,2,0,2009-10,Regular Season,708,Kevin Garnett
22009,708,0020900444,2009-12-27,BOS @ LAC,L,31,5,13,0.385,0,0,0.0,2,2,1.0,0,8,8,2,1,1,1,4,12,-4,0,2009-10,Regular Season,708,Kevin Garnett
22009,708,0020900451,2009-12-28,BOS @ GSW,L,31,7,14,0.5,0,0,0.0,2,2,1.0,0,9,9,2,0,2,3,1,16,1,0,2009-10,Regular Season,708,Kevin Garnett
22009,708,0020900628,2010-01-22,BOS vs. POR,W,30,4,9,0.444,0,0,0.0,5,5,1.0,0,4,4,3,0,2,1,5,13,-9,0,2009-10,Regular Season,708,Kevin Garnett
22009,708,0020900650,2010-01-25,BOS vs. LAC,W,31,7,12,0.583,0,0,0.0,3,5,0.6,0,2,2,2,0,0,0,1,17,15,0,2009-10,Regular Season,708,Kevin Garnett
22009,708,0020900675,2010-01-28,BOS @ ORL,L,33,2,8,0.25,0,0,0.0,2,2,1.0,0,7,7,3,2,0,0,3,6,-4,0,2009-10,Regular Season,708,Kevin Garnett
22009,708,0020900679,2010-01-29,BOS @ ATL,L,33,5,11,0.455,0,0,0.0,5,6,0.833,2,5,7,3,1,1,3,3,15,10,0,2009-10,Regular Season,708,Kevin Garnett
22009,708,0020900696,2010-01-31,BOS vs. LAL,L,31,5,9,0.556,0,0,0.0,0,0,0.0,0,9,9,3,1,1,5,3,10,-13,0,2009-10,Regular Season,708,Kevin Garnett
22009,708,0020900704,2010-02-01,BOS @ WAS,W,32,8,9,0.889,0,0,0.0,3,4,0.75,0,6,6,3,1,0,1,3,19,13,0,2009-10,Regular Season,708,Kevin Garnett
22009,708,0020900722,2010-02-03,BOS vs. MIA,W,31,6,10,0.6,0,0,0.0,2,3,0.667,2,4,6,9,0,0,1,4,14,3,0,2009-10,Regular Season,708,Kevin Garnett
22009,708,0020900733,2010-02-05,BOS vs. NJN,W,26,5,8,0.625,0,1,0.0,0,0,0.0,0,7,7,3,2,0,0,1,10,6,0,2009-10,Regular Season,708,Kevin Garnett
22009,708,0020900754,2010-02-07,BOS vs. ORL,L,31,5,13,0.385,0,0,0.0,3,3,1.0,3,6,9,4,1,0,4,2,13,-7,0,2009-10,Regular Season,708,Kevin Garnett
22009,708,0020900775,2010-02-10,BOS @ NOH,L,26,2,9,0.222,0,1,0.0,3,5,0.6,0,7,7,1,1,1,0,3,7,-5,0,2009-10,Regular Season,708,Kevin Garnett
22009,708,0020900789,2010-02-16,BOS @ SAC,W,31,4,7,0.571,0,0,0.0,1,2,0.5,0,9,9,2,1,1,0,3,9,-8,0,2009-10,Regular Season,708,Kevin Garnett
22009,708,0020900803,2010-02-18,BOS @ LAL,W,26,6,16,0.375,0,0,0.0,1,1,1.0,0,8,8,2,0,2,2,4,13,16,0,2009-10,Regular Season,708,Kevin Garnett
22009,708,0020900815,2010-02-19,BOS @ POR,W,22,7,9,0.778,1,1,1.0,1,2,0.5,0,7,7,1,0,3,3,2,16,14,0,2009-10,Regular Season,708,Kevin Garnett
22009,708,0020900824,2010-02-21,BOS @ DEN,L,31,7,13,0.538,0,0,0.0,1,2,0.5,0,5,5,3,1,2,2,2,15,-13,0,2009-10,Regular Season,708,Kevin Garnett
22009,708,0020900838,2010-02-23,BOS vs. NYK,W,31,6,11,0.545,0,0,0.0,4,6,0.667,1,7,8,6,0,1,0,2,16,4,0,2009-10,Regular Season,708,Kevin Garnett
22009,708,0020900857,2010-02-25,BOS vs. CLE,L,29,4,10,0.4,0,0,0.0,2,2,1.0,3,7,10,5,1,0,4,2,10,-3,0,2009-10,Regular Season,708,Kevin Garnett
22009,708,0020900871,2010-02-27,BOS vs. NJN,L,28,12,16,0.75,0,0,0.0,2,2,1.0,1,8,9,1,2,1,0,1,26,8,0,2009-10,Regular Season,708,Kevin Garnett
22009,708,0020900895,2010-03-02,BOS @ DET,W,32,4,8,0.5,0,0,0.0,6,8,0.75,1,8,9,3,2,0,0,3,14,0,0,2009-10,Regular Season,708,Kevin Garnett
22009,708,0020900901,2010-03-03,BOS vs. CHA,W,25,5,9,0.556,0,0,0.0,2,2,1.0,0,5,5,4,2,4,0,0,12,19,0,2009-10,Regular Season,708,Kevin Garnett
22009,708,0020900916,2010-03-05,BOS @ PHI,W,32,8,11,0.727,0,0,0.0,6,6,1.0,2,6,8,4,3,0,3,2,22,0,0,2009-10,Regular Season,708,Kevin Garnett
22009,708,0020900937,2010-03-07,BOS vs. WAS,W,31,0,7,0.0,0,0,0.0,8,10,0.8,0,10,10,3,1,0,4,0,8,8,0,2009-10,Regular Season,708,Kevin Garnett
22009,708,0020900950,2010-03-09,BOS @ MIL,L,31,7,13,0.538,0,0,0.0,0,0,0.0,0,10,10,1,2,0,2,2,14,-2,0,2009-10,Regular Season,708,Kevin Garnett
22009,708,0020900954,2010-03-10,BOS vs. MEM,L,26,3,9,0.333,0,0,0.0,0,0,0.0,1,6,7,2,1,1,0,1,6,-9,0,2009-10,Regular Season,708,Kevin Garnett
22009,708,0020900966,2010-03-12,BOS vs. IND,W,23,3,5,0.6,0,0,0.0,3,4,0.75,0,6,6,3,1,0,0,2,9,9,0,2009-10,Regular Season,708,Kevin Garnett
22009,708,0020900984,2010-03-14,BOS @ CLE,L,28,5,11,0.455,0,0,0.0,8,8,1.0,2,5,7,1,1,1,3,5,18,4,0,2009-10,Regular Season,708,Kevin Garnett
22009,708,0020900992,2010-03-15,BOS vs. DET,W,23,6,9,0.667,0,0,0.0,2,2,1.0,3,5,8,4,0,0,1,1,14,16,0,2009-10,Regular Season,708,Kevin Garnett
22009,708,0020901009,2010-03-17,BOS vs. NYK,W,24,9,11,0.818,0,0,0.0,4,4,1.0,0,4,4,4,1,0,4,1,22,21,0,2009-10,Regular Season,708,Kevin Garnett
22009,708,0020901023,2010-03-19,BOS @ HOU,W,31,7,16,0.438,0,1,0.0,1,2,0.5,0,8,8,3,0,0,1,5,15,-4,0,2009-10,Regular Season,708,Kevin Garnett
22009,708,0020901033,2010-03-20,BOS @ DAL,W,33,3,9,0.333,0,0,0.0,2,2,1.0,1,8,9,1,5,0,3,3,8,17,0,2009-10,Regular Season,708,Kevin Garnett
22009,708,0020901050,2010-03-22,BOS @ UTA,L,26,5,9,0.556,0,0,0.0,0,0,0.0,1,2,3,0,0,1,0,3,10,-17,0,2009-10,Regular Season,708,Kevin Garnett
22009,708,0020901058,2010-03-24,BOS vs. DEN,W,33,8,20,0.4,0,0,0.0,4,5,0.8,4,6,10,5,1,0,0,3,20,17,0,2009-10,Regular Season,708,Kevin Garnett
22009,708,0020901076,2010-03-26,BOS vs. SAC,W,26,8,14,0.571,0,0,0.0,2,2,1.0,2,11,13,0,1,4,0,3,18,16,0,2009-10,Regular Season,708,Kevin Garnett
22009,708,0020901095,2010-03-28,BOS vs. SAS,L,35,6,15,0.4,0,0,0.0,0,0,0.0,2,8,10,0,1,0,1,0,12,-15,0,2009-10,Regular Season,708,Kevin Garnett
22009,708,0020901111,2010-03-31,BOS vs. OKC,L,31,9,13,0.692,0,0,0.0,0,0,0.0,2,7,9,4,0,1,1,1,18,-1,0,2009-10,Regular Season,708,Kevin Garnett
22009,708,0020901125,2010-04-02,BOS vs. HOU,L,33,4,12,0.333,0,0,0.0,4,4,1.0,0,3,3,3,0,1,1,6,12,3,0,2009-10,Regular Season,708,Kevin Garnett
22009,708,0020901141,2010-04-04,BOS vs. CLE,W,35,5,14,0.357,0,0,0.0,9,10,0.9,2,6,8,3,1,1,1,4,19,-3,0,2009-10,Regular Season,708,Kevin Garnett
22009,708,0020901153,2010-04-06,BOS @ NYK,L,30,7,12,0.583,0,0,0.0,0,0,0.0,1,3,4,4,0,1,1,4,14,-5,0,2009-10,Regular Season,708,Kevin Garnett
22009,708,0020901159,2010-04-07,BOS @ TOR,W,28,7,12,0.583,0,0,0.0,5,6,0.833,0,1,1,2,1,1,1,1,19,14,0,2009-10,Regular Season,708,Kevin Garnett
22009,708,0020901177,2010-04-09,BOS vs. WAS,L,25,3,12,0.25,0,0,0.0,2,2,1.0,1,3,4,2,0,0,1,3,8,-7,0,2009-10,Regular Season,708,Kevin Garnett
22009,708,0020901213,2010-04-13,BOS @ CHI,L,28,5,12,0.417,0,0,0.0,4,5,0.8,2,7,9,2,2,0,1,2,14,5,0,2009-10,Regular Season,708,Kevin Garnett
42009,708,0040900131,2010-04-17,BOS vs. MIA,W,33,6,10,0.6,0,0,0.0,3,4,0.75,1,8,9,3,2,1,1,2,15,-2,0,2009-10,Playoffs,708,Kevin Garnett
42009,708,0040900133,2010-04-23,BOS @ MIA,W,35,7,14,0.5,0,0,0.0,2,2,1.0,2,4,6,2,1,0,1,1,16,-13,0,2009-10,Playoffs,708,Kevin Garnett
42009,708,0040900134,2010-04-25,BOS @ MIA,L,37,9,13,0.692,0,0,0.0,0,2,0.0,2,10,12,2,1,0,3,2,18,11,0,2009-10,Playoffs,708,Kevin Garnett
42009,708,0040900135,2010-04-27,BOS vs. MIA,W,36,4,8,0.5,0,0,0.0,6,7,0.857,1,7,8,3,3,1,3,5,14,13,0,2009-10,Playoffs,708,Kevin Garnett
42009,708,0040900201,2010-05-01,BOS @ CLE,L,39,9,20,0.45,0,0,0.0,0,0,0.0,2,8,10,4,2,3,2,3,18,-6,0,2009-10,Playoffs,708,Kevin Garnett
42009,708,0040900202,2010-05-03,BOS @ CLE,W,34,8,21,0.381,0,0,0.0,2,2,1.0,2,8,10,2,0,0,3,4,18,12,0,2009-10,Playoffs,708,Kevin Garnett
42009,708,0040900203,2010-05-07,BOS vs. CLE,L,31,8,11,0.727,0,0,0.0,3,3,1.0,0,4,4,1,0,0,0,3,19,-20,0,2009-10,Playoffs,708,Kevin Garnett
42009,708,0040900204,2010-05-09,BOS vs. CLE,W,33,6,11,0.545,0,1,0.0,6,6,1.0,2,4,6,2,1,0,0,5,18,3,0,2009-10,Playoffs,708,Kevin Garnett
42009,708,0040900205,2010-05-11,BOS @ CLE,W,32,8,14,0.571,0,0,0.0,2,2,1.0,0,6,6,1,0,2,3,2,18,28,0,2009-10,Playoffs,708,Kevin Garnett
42009,708,0040900206,2010-05-13,BOS vs. CLE,W,37,11,19,0.579,0,0,0.0,0,0,0.0,2,10,12,3,0,0,0,3,22,18,0,2009-10,Playoffs,708,Kevin Garnett
42009,708,0040900301,2010-05-16,BOS @ ORL,W,34,4,14,0.286,0,0,0.0,0,0,0.0,3,8,11,5,1,0,0,2,8,4,0,2009-10,Playoffs,708,Kevin Garnett
42009,708,0040900302,2010-05-18,BOS @ ORL,W,35,5,16,0.313,0,0,0.0,0,2,0.0,3,6,9,2,1,2,0,3,10,7,0,2009-10,Playoffs,708,Kevin Garnett
42009,708,0040900303,2010-05-22,BOS vs. ORL,W,24,4,6,0.667,0,0,0.0,2,2,1.0,0,6,6,1,3,1,0,2,10,21,0,2009-10,Playoffs,708,Kevin Garnett
42009,708,0040900304,2010-05-24,BOS vs. ORL,L,41,5,12,0.417,0,0,0.0,4,5,0.8,1,11,12,1,1,0,3,3,14,-3,0,2009-10,Playoffs,708,Kevin Garnett
42009,708,0040900305,2010-05-26,BOS @ ORL,L,29,5,14,0.357,0,0,0.0,0,0,0.0,1,4,5,3,0,0,0,2,10,-10,0,2009-10,Playoffs,708,Kevin Garnett
42009,708,0040900306,2010-05-28,BOS vs. ORL,W,33,5,10,0.5,0,0,0.0,0,0,0.0,2,3,5,2,0,1,1,4,10,9,0,2009-10,Playoffs,708,Kevin Garnett
42009,708,0040900401,2010-06-03,BOS @ LAL,L,35,7,16,0.438,0,0,,2,2,1.0,2,2,4,1,2,1,1,3,16,-14,0,2009-10,Playoffs,708,Kevin Garnett
42009,708,0040900402,2010-06-06,BOS @ LAL,W,24,2,5,0.4,0,0,,2,2,1.0,0,4,4,6,0,0,0,5,6,1,0,2009-10,Playoffs,708,Kevin Garnett
42009,708,0040900403,2010-06-08,BOS vs. LAL,L,32,11,16,0.688,0,0,,3,4,0.75,2,4,6,3,0,1,3,5,25,0,0,2009-10,Playoffs,708,Kevin Garnett
42009,708,0040900404,2010-06-10,BOS vs. LAL,W,27,5,13,0.385,0,0,,3,3,1.0,3,3,6,3,2,1,2,3,13,1,0,2009-10,Playoffs,708,Kevin Garnett
42009,708,0040900405,2010-06-13,BOS vs. LAL,W,36,6,11,0.545,0,0,,6,7,0.857,1,9,10,3,5,2,3,4,18,6,0,2009-10,Playoffs,708,Kevin Garnett
42009,708,0040900406,2010-06-15,BOS @ LAL,L,31,6,14,0.429,0,1,0.0,0,0,,0,6,6,3,1,0,0,3,12,-18,0,2009-10,Playoffs,708,Kevin Garnett
42009,708,0040900407,2010-06-17,BOS @ LAL,L,38,8,13,0.615,0,0,,1,1,1.0,0,3,3,2,0,4,2,5,17,-4,0,2009-10,Playoffs,708,Kevin Garnett
22009,1718,0020900001,2009-10-27,BOS @ CLE,W,38,6,13,0.462,2,5,0.4,9,10,0.9,1,10,11,1,1,1,2,5,23,1,0,2009-10,Regular Season,1718,Paul Pierce
22009,1718,0020900008,2009-10-28,BOS vs. CHA,W,25,4,9,0.444,3,5,0.6,4,4,1.0,0,3,3,4,0,0,0,4,15,19,0,2009-10,Regular Season,1718,Paul Pierce
22009,1718,0020900022,2009-10-30,BOS vs. CHI,W,31,8,12,0.667,5,7,0.714,1,1,1.0,1,7,8,4,3,0,3,0,22,23,0,2009-10,Regular Season,1718,Paul Pierce
22009,1718,0020900040,2009-11-01,BOS vs. NOH,W,37,10,14,0.714,3,5,0.6,4,6,0.667,1,3,4,2,2,0,2,2,27,3,0,2009-10,Regular Season,1718,Paul Pierce
22009,1718,0020900053,2009-11-03,BOS @ PHI,W,31,8,13,0.615,1,3,0.333,4,4,1.0,1,7,8,4,2,0,3,2,21,12,0,2009-10,Regular Season,1718,Paul Pierce
22009,1718,0020900065,2009-11-04,BOS @ MIN,W,41,3,12,0.25,0,1,0.0,4,4,1.0,1,1,2,5,0,0,1,2,10,-2,0,2009-10,Regular Season,1718,Paul Pierce
22009,1718,0020900076,2009-11-06,BOS vs. PHX,L,42,5,15,0.333,2,5,0.4,4,6,0.667,0,4,4,6,0,1,3,2,16,-2,0,2009-10,Regular Season,1718,Paul Pierce
22009,1718,0020900086,2009-11-07,BOS @ NJN,W,32,5,8,0.625,0,0,0.0,6,7,0.857,0,0,0,7,2,1,2,4,16,2,0,2009-10,Regular Season,1718,Paul Pierce
22009,1718,0020900111,2009-11-11,BOS vs. UTA,W,32,4,7,0.571,3,5,0.6,2,2,1.0,2,4,6,6,3,0,2,2,13,18,0,2009-10,Regular Season,1718,Paul Pierce
22009,1718,0020900127,2009-11-13,BOS vs. ATL,L,36,8,16,0.5,0,4,0.0,8,11,0.727,0,3,3,2,0,0,2,1,24,-11,0,2009-10,Regular Season,1718,Paul Pierce
22009,1718,0020900135,2009-11-14,BOS @ IND,L,34,4,10,0.4,1,2,0.5,6,9,0.667,1,3,4,4,0,0,2,4,15,-13,0,2009-10,Regular Season,1718,Paul Pierce
22009,1718,0020900163,2009-11-18,BOS vs. GSW,W,35,7,12,0.583,2,4,0.5,3,4,0.75,0,4,4,2,1,1,2,3,19,16,0,2009-10,Regular Season,1718,Paul Pierce
22009,1718,0020900177,2009-11-20,BOS vs. ORL,L,38,7,19,0.368,0,4,0.0,7,7,1.0,0,3,3,2,0,0,3,4,21,-11,0,2009-10,Regular Season,1718,Paul Pierce
22009,1718,0020900193,2009-11-22,BOS @ NYK,W,42,9,17,0.529,6,7,0.857,9,10,0.9,0,9,9,6,1,2,3,4,33,9,0,2009-10,Regular Season,1718,Paul Pierce
22009,1718,0020900210,2009-11-25,BOS vs. PHI,W,43,10,15,0.667,3,7,0.429,4,4,1.0,0,6,6,6,1,1,0,4,27,10,0,2009-10,Regular Season,1718,Paul Pierce
22009,1718,0020900225,2009-11-27,BOS vs. TOR,W,35,7,12,0.583,0,3,0.0,4,4,1.0,1,4,5,7,2,0,2,1,18,8,0,2009-10,Regular Season,1718,Paul Pierce
22009,1718,0020900242,2009-11-29,BOS @ MIA,W,37,4,11,0.364,0,4,0.0,7,8,0.875,0,1,1,2,2,1,5,1,15,5,0,2009-10,Regular Season,1718,Paul Pierce
22009,1718,0020900253,2009-12-01,BOS @ CHA,W,34,3,8,0.375,2,3,0.667,0,0,0.0,0,2,2,2,0,0,1,1,8,19,0,2009-10,Regular Season,1718,Paul Pierce
22009,1718,0020900269,2009-12-03,BOS @ SAS,W,37,2,9,0.222,1,4,0.25,3,4,0.75,0,2,2,0,1,1,3,2,8,13,0,2009-10,Regular Season,1718,Paul Pierce
22009,1718,0020900279,2009-12-04,BOS @ OKC,W,31,6,11,0.545,3,6,0.5,6,6,1.0,1,5,6,4,0,0,2,2,21,24,0,2009-10,Regular Season,1718,Paul Pierce
22009,1718,0020900302,2009-12-08,BOS vs. MIL,W,38,5,9,0.556,0,2,0.0,5,6,0.833,0,5,5,5,1,0,5,3,15,10,0,2009-10,Regular Season,1718,Paul Pierce
22009,1718,0020900318,2009-12-10,BOS @ WAS,W,33,2,8,0.25,2,5,0.4,6,10,0.6,0,5,5,2,2,0,0,4,12,-3,0,2009-10,Regular Season,1718,Paul Pierce
22009,1718,0020900333,2009-12-12,BOS @ CHI,W,25,4,12,0.333,2,5,0.4,4,4,1.0,1,2,3,3,1,0,0,4,14,10,0,2009-10,Regular Season,1718,Paul Pierce
22009,1718,0020900346,2009-12-14,BOS @ MEM,W,41,5,11,0.455,3,3,1.0,6,8,0.75,1,1,2,6,1,2,2,2,19,5,0,2009-10,Regular Season,1718,Paul Pierce
22009,1718,0020900375,2009-12-18,BOS vs. PHI,L,34,4,12,0.333,1,3,0.333,0,0,0.0,0,6,6,3,1,0,3,3,9,-4,0,2009-10,Regular Season,1718,Paul Pierce
22009,1718,0020900395,2009-12-20,BOS vs. MIN,W,34,8,14,0.571,6,6,1.0,7,7,1.0,1,6,7,4,0,0,2,3,29,16,0,2009-10,Regular Season,1718,Paul Pierce
22009,1718,0020900407,2009-12-22,BOS vs. IND,W,40,4,15,0.267,1,2,0.5,12,13,0.923,1,5,6,1,5,0,2,2,21,8,0,2009-10,Regular Season,1718,Paul Pierce
22009,1718,0020900510,2010-01-06,BOS @ MIA,W,43,4,12,0.333,1,3,0.333,8,9,0.889,0,6,6,5,2,1,5,2,17,14,0,2009-10,Regular Season,1718,Paul Pierce
22009,1718,0020900520,2010-01-08,BOS @ ATL,L,41,8,16,0.5,2,5,0.4,3,6,0.5,1,4,5,0,6,0,4,1,21,-8,0,2009-10,Regular Season,1718,Paul Pierce
22009,1718,0020900538,2010-01-10,BOS @ TOR,W,34,4,11,0.364,1,3,0.333,7,7,1.0,0,4,4,4,0,0,1,2,16,11,0,2009-10,Regular Season,1718,Paul Pierce
22009,1718,0020900546,2010-01-11,BOS vs. ATL,L,42,8,15,0.533,3,6,0.5,0,0,0.0,0,8,8,5,0,0,4,3,19,-7,0,2009-10,Regular Season,1718,Paul Pierce
22009,1718,0020900561,2010-01-13,BOS @ NJN,W,28,6,9,0.667,3,5,0.6,9,9,1.0,2,4,6,3,1,0,2,2,24,23,0,2009-10,Regular Season,1718,Paul Pierce
22009,1718,0020900569,2010-01-14,BOS vs. CHI,L,40,6,18,0.333,2,5,0.4,6,10,0.6,1,7,8,6,0,0,1,3,20,-9,0,2009-10,Regular Season,1718,Paul Pierce
22009,1718,0020900604,2010-01-18,BOS vs. DAL,L,35,9,17,0.529,2,4,0.5,4,6,0.667,0,3,3,3,2,1,3,1,24,-14,0,2009-10,Regular Season,1718,Paul Pierce
22009,1718,0020900613,2010-01-20,BOS @ DET,L,35,6,12,0.5,2,5,0.4,7,7,1.0,0,6,6,2,2,0,4,3,21,-4,0,2009-10,Regular Season,1718,Paul Pierce
22009,1718,0020900628,2010-01-22,BOS vs. POR,W,36,9,13,0.692,2,3,0.667,4,4,1.0,0,3,3,4,1,1,3,6,24,0,0,2009-10,Regular Season,1718,Paul Pierce
22009,1718,0020900650,2010-01-25,BOS vs. LAC,W,37,5,10,0.5,1,2,0.5,11,11,1.0,0,5,5,2,0,1,5,3,22,10,0,2009-10,Regular Season,1718,Paul Pierce
22009,1718,0020900675,2010-01-28,BOS @ ORL,L,40,3,12,0.25,1,4,0.25,5,5,1.0,0,2,2,3,1,1,4,3,12,0,0,2009-10,Regular Season,1718,Paul Pierce
22009,1718,0020900679,2010-01-29,BOS @ ATL,L,38,11,15,0.733,1,1,1.0,12,13,0.923,0,2,2,1,1,1,3,2,35,8,0,2009-10,Regular Season,1718,Paul Pierce
22009,1718,0020900696,2010-01-31,BOS vs. LAL,L,32,4,11,0.364,3,7,0.429,4,4,1.0,0,3,3,1,1,0,4,5,15,7,0,2009-10,Regular Season,1718,Paul Pierce
22009,1718,0020900704,2010-02-01,BOS @ WAS,W,28,3,6,0.5,1,2,0.5,5,6,0.833,1,7,8,0,1,0,2,0,12,8,0,2009-10,Regular Season,1718,Paul Pierce
22009,1718,0020900754,2010-02-07,BOS vs. ORL,L,30,5,12,0.417,1,6,0.167,2,2,1.0,2,2,4,0,3,0,3,3,13,-2,0,2009-10,Regular Season,1718,Paul Pierce
22009,1718,0020900775,2010-02-10,BOS @ NOH,L,34,4,11,0.364,0,3,0.0,7,8,0.875,0,3,3,4,0,0,8,4,15,-17,0,2009-10,Regular Season,1718,Paul Pierce
22009,1718,0020900789,2010-02-16,BOS @ SAC,W,33,5,15,0.333,2,4,0.5,5,5,1.0,0,4,4,4,1,0,3,5,17,-4,0,2009-10,Regular Season,1718,Paul Pierce
22009,1718,0020900803,2010-02-18,BOS @ LAL,W,41,4,9,0.444,1,4,0.25,2,4,0.5,0,6,6,4,0,0,1,2,11,15,0,2009-10,Regular Season,1718,Paul Pierce
22009,1718,0020900815,2010-02-19,BOS @ POR,W,26,3,9,0.333,1,3,0.333,2,2,1.0,0,0,0,1,1,0,1,3,9,8,0,2009-10,Regular Season,1718,Paul Pierce
22009,1718,0020900824,2010-02-21,BOS @ DEN,L,31,2,10,0.2,0,2,0.0,1,4,0.25,0,3,3,2,2,4,3,1,5,-8,0,2009-10,Regular Season,1718,Paul Pierce
22009,1718,0020900895,2010-03-02,BOS @ DET,W,29,2,6,0.333,1,1,1.0,4,4,1.0,1,0,1,1,1,0,2,3,9,2,0,2009-10,Regular Season,1718,Paul Pierce
22009,1718,0020900901,2010-03-03,BOS vs. CHA,W,27,9,13,0.692,4,6,0.667,5,5,1.0,0,2,2,4,3,1,3,2,27,19,0,2009-10,Regular Season,1718,Paul Pierce
22009,1718,0020900916,2010-03-05,BOS @ PHI,W,32,1,9,0.111,0,2,0.0,5,6,0.833,0,5,5,2,1,1,1,3,7,2,0,2009-10,Regular Season,1718,Paul Pierce
22009,1718,0020900937,2010-03-07,BOS vs. WAS,W,29,6,11,0.545,0,2,0.0,5,6,0.833,0,2,2,1,2,0,3,5,17,7,0,2009-10,Regular Season,1718,Paul Pierce
22009,1718,0020900950,2010-03-09,BOS @ MIL,L,36,3,13,0.231,1,2,0.5,5,5,1.0,0,3,3,5,0,1,4,1,12,-9,0,2009-10,Regular Season,1718,Paul Pierce
22009,1718,0020900954,2010-03-10,BOS vs. MEM,L,30,4,8,0.5,3,5,0.6,3,4,0.75,0,1,1,3,1,0,2,1,14,-13,0,2009-10,Regular Season,1718,Paul Pierce
22009,1718,0020900966,2010-03-12,BOS vs. IND,W,22,7,12,0.583,1,5,0.2,5,5,1.0,0,3,3,1,1,0,1,3,20,7,0,2009-10,Regular Season,1718,Paul Pierce
22009,1718,0020900984,2010-03-14,BOS @ CLE,L,36,6,14,0.429,3,5,0.6,3,3,1.0,1,2,3,4,0,1,3,5,18,4,0,2009-10,Regular Season,1718,Paul Pierce
22009,1718,0020900992,2010-03-15,BOS vs. DET,W,17,4,6,0.667,1,3,0.333,6,7,0.857,0,1,1,3,2,1,1,5,15,8,0,2009-10,Regular Season,1718,Paul Pierce
22009,1718,0020901009,2010-03-17,BOS vs. NYK,W,24,11,17,0.647,3,6,0.5,4,5,0.8,2,4,6,0,1,0,3,3,29,11,0,2009-10,Regular Season,1718,Paul Pierce
22009,1718,0020901023,2010-03-19,BOS @ HOU,W,28,9,14,0.643,2,3,0.667,6,8,0.75,3,2,5,1,2,0,3,4,26,-4,0,2009-10,Regular Season,1718,Paul Pierce
22009,1718,0020901033,2010-03-20,BOS @ DAL,W,36,10,17,0.588,1,5,0.2,8,10,0.8,0,3,3,5,2,0,2,1,29,16,0,2009-10,Regular Season,1718,Paul Pierce
22009,1718,0020901050,2010-03-22,BOS @ UTA,L,30,3,13,0.231,0,2,0.0,5,6,0.833,1,5,6,2,1,0,1,3,11,-15,0,2009-10,Regular Season,1718,Paul Pierce
22009,1718,0020901058,2010-03-24,BOS vs. DEN,W,33,10,16,0.625,0,3,0.0,7,7,1.0,1,6,7,2,2,1,1,5,27,11,0,2009-10,Regular Season,1718,Paul Pierce
22009,1718,0020901076,2010-03-26,BOS vs. SAC,W,33,6,16,0.375,0,2,0.0,10,12,0.833,5,3,8,0,2,0,1,2,22,18,0,2009-10,Regular Season,1718,Paul Pierce
22009,1718,0020901095,2010-03-28,BOS vs. SAS,L,36,4,11,0.364,0,3,0.0,10,11,0.909,0,3,3,5,1,1,2,2,18,-11,0,2009-10,Regular Season,1718,Paul Pierce
22009,1718,0020901111,2010-03-31,BOS vs. OKC,L,37,5,10,0.5,1,3,0.333,4,5,0.8,1,5,6,6,2,1,2,5,15,-5,0,2009-10,Regular Season,1718,Paul Pierce
22009,1718,0020901125,2010-04-02,BOS vs. HOU,L,40,9,14,0.643,3,5,0.6,6,10,0.6,1,3,4,2,1,0,0,0,27,-3,0,2009-10,Regular Season,1718,Paul Pierce
22009,1718,0020901141,2010-04-04,BOS vs. CLE,W,34,4,13,0.308,1,3,0.333,7,8,0.875,0,5,5,5,0,0,1,5,16,3,0,2009-10,Regular Season,1718,Paul Pierce
22009,1718,0020901153,2010-04-06,BOS @ NYK,L,31,4,10,0.4,0,3,0.0,5,6,0.833,0,6,6,3,0,0,4,3,13,-10,0,2009-10,Regular Season,1718,Paul Pierce
22009,1718,0020901159,2010-04-07,BOS @ TOR,W,30,5,11,0.455,1,3,0.333,9,11,0.818,0,1,1,5,2,0,1,3,20,12,0,2009-10,Regular Season,1718,Paul Pierce
22009,1718,0020901177,2010-04-09,BOS vs. WAS,L,31,4,12,0.333,1,3,0.333,0,0,0.0,1,6,7,2,0,0,3,1,9,-15,0,2009-10,Regular Season,1718,Paul Pierce
22009,1718,0020901191,2010-04-10,BOS @ MIL,W,37,10,17,0.588,0,0,0.0,4,4,1.0,1,5,6,0,0,2,1,3,24,5,0,2009-10,Regular Season,1718,Paul Pierce
22009,1718,0020901213,2010-04-13,BOS @ CHI,L,33,12,17,0.706,0,1,0.0,4,4,1.0,0,2,2,2,0,0,0,3,28,-5,0,2009-10,Regular Season,1718,Paul Pierce
42009,1718,0040900131,2010-04-17,BOS vs. MIA,W,35,4,12,0.333,1,2,0.5,7,8,0.875,0,5,5,1,0,1,1,1,16,0,0,2009-10,Playoffs,1718,Paul Pierce
42009,1718,0040900132,2010-04-20,BOS vs. MIA,W,31,3,8,0.375,2,3,0.667,5,6,0.833,0,4,4,2,0,1,1,0,13,37,0,2009-10,Playoffs,1718,Paul Pierce
42009,1718,0040900133,2010-04-23,BOS @ MIA,W,44,11,23,0.478,4,10,0.4,6,8,0.75,0,8,8,3,1,0,3,4,32,-6,0,2009-10,Playoffs,1718,Paul Pierce
42009,1718,0040900134,2010-04-25,BOS @ MIA,L,37,6,14,0.429,2,8,0.25,2,3,0.667,1,3,4,4,2,0,4,5,16,-12,0,2009-10,Playoffs,1718,Paul Pierce
42009,1718,0040900135,2010-04-27,BOS vs. MIA,W,46,8,13,0.615,2,4,0.5,3,5,0.6,1,6,7,6,0,2,4,3,21,13,0,2009-10,Playoffs,1718,Paul Pierce
42009,1718,0040900201,2010-05-01,BOS @ CLE,L,39,5,17,0.294,1,6,0.167,2,2,1.0,2,0,2,3,3,0,4,3,13,-14,0,2009-10,Playoffs,1718,Paul Pierce
42009,1718,0040900202,2010-05-03,BOS @ CLE,W,32,4,10,0.4,2,5,0.4,4,4,1.0,2,2,4,4,1,0,4,5,14,9,0,2009-10,Playoffs,1718,Paul Pierce
42009,1718,0040900203,2010-05-07,BOS vs. CLE,L,36,4,15,0.267,1,5,0.2,2,5,0.4,1,3,4,3,0,1,1,0,11,-26,0,2009-10,Playoffs,1718,Paul Pierce
42009,1718,0040900204,2010-05-09,BOS vs. CLE,W,31,3,8,0.375,0,2,0.0,3,3,1.0,1,1,2,2,1,0,2,5,9,10,0,2009-10,Playoffs,1718,Paul Pierce
42009,1718,0040900205,2010-05-11,BOS @ CLE,W,42,9,21,0.429,1,3,0.333,2,3,0.667,1,10,11,7,2,0,1,3,21,33,0,2009-10,Playoffs,1718,Paul Pierce
42009,1718,0040900206,2010-05-13,BOS vs. CLE,W,29,4,13,0.308,3,5,0.6,2,2,1.0,1,4,5,3,0,0,3,4,13,18,0,2009-10,Playoffs,1718,Paul Pierce
42009,1718,0040900301,2010-05-16,BOS @ ORL,W,42,6,8,0.75,2,3,0.667,8,10,0.8,2,7,9,5,2,1,5,3,22,-4,0,2009-10,Playoffs,1718,Paul Pierce
42009,1718,0040900302,2010-05-18,BOS @ ORL,W,40,8,16,0.5,3,7,0.429,9,11,0.818,0,5,5,5,0,0,5,6,28,7,0,2009-10,Playoffs,1718,Paul Pierce
42009,1718,0040900303,2010-05-22,BOS vs. ORL,W,35,6,12,0.5,2,4,0.5,1,2,0.5,0,9,9,2,2,0,1,1,15,21,0,2009-10,Playoffs,1718,Paul Pierce
42009,1718,0040900304,2010-05-24,BOS vs. ORL,L,47,11,25,0.44,0,6,0.0,10,13,0.769,2,9,11,3,2,1,2,3,32,5,0,2009-10,Playoffs,1718,Paul Pierce
42009,1718,0040900305,2010-05-26,BOS @ ORL,L,42,3,8,0.375,2,4,0.5,10,10,1.0,0,3,3,3,1,1,3,4,18,-18,0,2009-10,Playoffs,1718,Paul Pierce
42009,1718,0040900306,2010-05-28,BOS vs. ORL,W,45,9,15,0.6,4,5,0.8,9,10,0.9,2,11,13,5,2,0,2,5,31,13,0,2009-10,Playoffs,1718,Paul Pierce
42009,1718,0040900401,2010-06-03,BOS @ LAL,L,46,6,13,0.462,0,4,0.0,12,13,0.923,0,9,9,4,0,2,3,5,24,-13,0,2009-10,Playoffs,1718,Paul Pierce
42009,1718,0040900402,2010-06-06,BOS @ LAL,W,40,2,11,0.182,0,0,,6,6,1.0,1,3,4,4,1,1,2,3,10,3,0,2009-10,Playoffs,1718,Paul Pierce
42009,1718,0040900403,2010-06-08,BOS vs. LAL,L,34,5,12,0.417,3,4,0.75,2,3,0.667,0,2,2,2,0,0,0,5,15,1,0,2009-10,Playoffs,1718,Paul Pierce
42009,1718,0040900404,2010-06-10,BOS vs. LAL,W,36,7,12,0.583,0,1,0.0,5,7,0.714,1,5,6,5,1,0,5,3,19,0,0,2009-10,Playoffs,1718,Paul Pierce
42009,1718,0040900405,2010-06-13,BOS vs. LAL,W,43,12,21,0.571,2,4,0.5,1,2,0.5,0,2,2,2,1,2,0,4,27,3,0,2009-10,Playoffs,1718,Paul Pierce
42009,1718,0040900406,2010-06-15,BOS @ LAL,L,34,6,14,0.429,1,4,0.25,0,0,,1,3,4,2,1,0,5,1,13,-26,0,2009-10,Playoffs,1718,Paul Pierce
42009,1718,0040900407,2010-06-17,BOS @ LAL,L,46,5,15,0.333,2,3,0.667,6,6,1.0,1,9,10,2,1,1,3,4,18,1,0,2009-10,Playoffs,1718,Paul Pierce
22009,947,0020900049,2009-11-02,MEM @ SAC,L,18,5,9,0.556,1,1,1.0,0,0,0.0,0,0,0,1,0,0,2,2,11,-7,0,2009-10,Regular Season,947,Allen Iverson
22009,947,0020900069,2009-11-04,MEM @ GSW,L,28,8,12,0.667,0,0,0.0,2,6,0.333,1,2,3,7,0,0,4,1,18,-1,0,2009-10,Regular Season,947,Allen Iverson
22009,947,0020900083,2009-11-06,MEM @ LAL,L,21,2,5,0.4,0,0,0.0,4,6,0.667,0,1,1,3,1,0,1,2,8,-13,0,2009-10,Regular Season,947,Allen Iverson
22009,947,0020900296,2009-12-07,PHI vs. DEN,L,38,4,11,0.364,0,0,0.0,3,4,0.75,3,2,5,6,1,0,1,3,11,-1,0,2009-10,Regular Season,947,Allen Iverson
22009,947,0020900310,2009-12-09,PHI vs. DET,L,33,3,10,0.3,0,0,0.0,5,6,0.833,0,0,0,3,2,1,6,3,11,-6,0,2009-10,Regular Season,947,Allen Iverson
22009,947,0020900321,2009-12-11,PHI vs. HOU,L,35,7,18,0.389,0,0,0.0,6,9,0.667,0,5,5,3,0,0,1,2,20,7,0,2009-10,Regular Season,947,Allen Iverson
22009,947,0020900345,2009-12-14,PHI vs. GSW,W,32,7,10,0.7,0,0,0.0,6,8,0.75,1,1,2,4,0,0,1,2,20,23,0,2009-10,Regular Season,947,Allen Iverson
22009,947,0020900361,2009-12-16,PHI vs. CLE,L,34,4,12,0.333,0,1,0.0,8,8,1.0,0,6,6,5,1,0,2,2,16,-11,0,2009-10,Regular Season,947,Allen Iverson
22009,947,0020900449,2009-12-28,PHI @ POR,W,31,7,11,0.636,0,0,0.0,5,7,0.714,0,4,4,5,0,0,2,3,19,4,0,2009-10,Regular Season,947,Allen Iverson
22009,947,0020900468,2009-12-30,PHI @ SAC,W,32,6,14,0.429,2,2,1.0,6,6,1.0,1,4,5,3,3,0,2,4,20,10,0,2009-10,Regular Season,947,Allen Iverson
22009,947,0020900473,2009-12-31,PHI @ LAC,L,29,1,4,0.25,0,2,0.0,5,5,1.0,0,4,4,6,2,0,0,3,7,-4,0,2009-10,Regular Season,947,Allen Iverson
22009,947,0020900492,2010-01-03,PHI @ DEN,W,34,5,11,0.455,0,1,0.0,7,7,1.0,0,0,0,7,0,0,2,1,17,-7,0,2009-10,Regular Season,947,Allen Iverson
22009,947,0020900500,2010-01-05,PHI vs. WAS,L,34,2,6,0.333,0,0,0.0,0,0,0.0,0,1,1,5,0,0,7,2,4,-5,0,2009-10,Regular Season,947,Allen Iverson
22009,947,0020900518,2010-01-08,PHI vs. TOR,L,34,7,13,0.538,1,2,0.5,7,7,1.0,0,2,2,4,1,0,0,3,22,7,0,2009-10,Regular Season,947,Allen Iverson
22009,947,0020900545,2010-01-11,PHI vs. NOH,W,32,5,9,0.556,1,1,1.0,5,6,0.833,0,3,3,1,0,0,1,0,16,-1,0,2009-10,Regular Season,947,Allen Iverson
22009,947,0020900560,2010-01-13,PHI vs. NYK,L,34,8,14,0.571,0,0,0.0,0,0,0.0,0,1,1,5,0,0,1,0,16,-1,0,2009-10,Regular Season,947,Allen Iverson
22009,947,0020900572,2010-01-15,PHI vs. SAC,W,34,6,14,0.429,0,1,0.0,5,8,0.625,0,0,0,6,0,0,2,2,17,6,0,2009-10,Regular Season,947,Allen Iverson
22009,947,0020900600,2010-01-18,PHI @ MIN,L,35,4,12,0.333,0,2,0.0,3,4,0.75,0,4,4,9,1,0,5,1,11,-6,0,2009-10,Regular Season,947,Allen Iverson
22009,947,0020900611,2010-01-20,PHI vs. POR,L,35,3,9,0.333,0,1,0.0,3,4,0.75,1,3,4,0,0,0,3,1,9,-3,0,2009-10,Regular Season,947,Allen Iverson
22009,947,0020900624,2010-01-22,PHI vs. DAL,W,28,4,14,0.286,0,2,0.0,3,4,0.75,0,4,4,2,1,0,3,1,11,5,0,2009-10,Regular Season,947,Allen Iverson
22009,947,0020900637,2010-01-23,PHI @ IND,W,26,7,16,0.438,1,1,1.0,2,2,1.0,3,2,5,3,0,0,3,1,17,4,0,2009-10,Regular Season,947,Allen Iverson
22009,947,0020900649,2010-01-25,PHI vs. IND,L,34,8,17,0.471,1,2,0.5,3,3,1.0,2,1,3,6,0,0,3,2,20,2,0,2009-10,Regular Season,947,Allen Iverson
22009,947,0020900668,2010-01-27,PHI @ MIL,L,27,3,10,0.3,0,3,0.0,0,0,0.0,0,1,1,4,1,0,4,2,6,-10,0,2009-10,Regular Season,947,Allen Iverson
22009,947,0020900678,2010-01-29,PHI vs. LAL,L,38,10,18,0.556,2,2,1.0,1,1,1.0,1,1,2,3,1,1,3,1,23,1,0,2009-10,Regular Season,947,Allen Iverson
22009,947,0020900699,2010-01-31,PHI @ NJN,W,30,3,9,0.333,0,1,0.0,5,6,0.833,0,3,3,3,1,0,2,0,11,7,0,2009-10,Regular Season,947,Allen Iverson
22009,947,0020900782,2010-02-16,PHI vs. MIA,L,27,1,7,0.143,0,0,0.0,2,4,0.5,2,0,2,2,3,0,1,1,4,-25,0,2009-10,Regular Season,947,Allen Iverson
22009,947,0020900805,2010-02-19,PHI vs. SAS,W,23,1,8,0.125,0,0,0.0,5,6,0.833,1,7,8,4,0,0,0,1,7,2,0,2009-10,Regular Season,947,Allen Iverson
22009,947,0020900818,2010-02-20,PHI @ CHI,L,29,5,13,0.385,0,0,0.0,3,4,0.75,0,1,1,3,0,0,2,2,13,-19,0,2009-10,Regular Season,947,Allen Iverson
22009,1503,0020900355,2009-12-15,HOU vs. DET,W,8,1,2,0.5,1,1,1.0,0,2,0.0,0,3,3,0,0,0,0,0,3,12,0,2009-10,Regular Season,1503,Tracy McGrady
22009,1503,0020900367,2009-12-16,HOU @ DEN,L,8,0,1,0.0,0,1,0.0,0,0,0.0,0,0,0,0,0,0,1,1,0,-10,0,2009-10,Regular Season,1503,Tracy McGrady
22009,1503,0020900382,2009-12-18,HOU @ DAL,W,7,1,2,0.5,0,0,0.0,0,0,0.0,0,0,0,0,0,1,0,0,2,0,0,2009-10,Regular Season,1503,Tracy McGrady
22009,1503,0020900389,2009-12-19,HOU vs. OKC,W,8,1,5,0.2,0,0,0.0,0,0,0.0,0,1,1,2,0,1,0,0,2,1,0,2009-10,Regular Season,1503,Tracy McGrady
22009,1503,0020900412,2009-12-22,HOU vs. LAC,W,8,3,5,0.6,0,0,0.0,4,4,1.0,0,1,1,3,0,0,0,0,10,3,0,2009-10,Regular Season,1503,Tracy McGrady
22009,1503,0020900414,2009-12-23,HOU @ ORL,L,8,1,4,0.25,0,0,0.0,0,0,0.0,0,0,0,1,0,0,0,1,2,-8,0,2009-10,Regular Season,1503,Tracy McGrady
22009,1503,0020900817,2010-02-20,NYK vs. OKC,L,32,10,17,0.588,1,3,0.333,5,7,0.714,1,3,4,5,1,0,3,3,26,-4,0,2009-10,Regular Season,1503,Tracy McGrady
22009,1503,0020900833,2010-02-22,NYK vs. MIL,L,30,5,14,0.357,1,3,0.333,4,6,0.667,1,3,4,1,0,0,2,1,15,-1,0,2009-10,Regular Season,1503,Tracy McGrady
22009,1503,0020900838,2010-02-23,NYK @ BOS,L,27,3,8,0.375,0,4,0.0,0,0,0.0,1,0,1,8,1,1,2,1,6,0,0,2009-10,Regular Season,1503,Tracy McGrady
22009,1503,0020900860,2010-02-26,NYK @ WAS,W,26,8,17,0.471,0,1,0.0,7,9,0.778,1,2,3,3,0,1,0,2,23,-2,0,2009-10,Regular Season,1503,Tracy McGrady
22009,1503,0020900874,2010-02-27,NYK vs. MEM,L,15,0,3,0.0,0,1,0.0,0,0,0.0,0,3,3,2,1,2,1,0,0,-14,0,2009-10,Regular Season,1503,Tracy McGrady
22009,1503,0020900887,2010-03-01,NYK @ CLE,L,24,3,7,0.429,0,2,0.0,0,0,0.0,0,2,2,5,0,0,3,3,6,-31,0,2009-10,Regular Season,1503,Tracy McGrady
22009,1503,0020900903,2010-03-03,NYK vs. DET,W,34,6,12,0.5,2,2,1.0,7,8,0.875,0,7,7,8,3,1,3,3,21,27,0,2009-10,Regular Season,1503,Tracy McGrady
22009,1503,0020900917,2010-03-05,NYK @ TOR,L,33,5,11,0.455,0,3,0.0,3,6,0.5,0,6,6,4,0,0,6,4,13,3,0,2009-10,Regular Season,1503,Tracy McGrady
22009,1503,0020900927,2010-03-06,NYK vs. NJN,L,24,1,6,0.167,0,2,0.0,0,0,0.0,1,2,3,7,0,3,1,2,2,-6,0,2009-10,Regular Season,1503,Tracy McGrady
22009,1503,0020900960,2010-03-10,NYK @ SAS,L,25,3,8,0.375,0,1,0.0,0,0,0.0,0,7,7,4,1,0,1,1,6,-11,0,2009-10,Regular Season,1503,Tracy McGrady
22009,1503,0020900969,2010-03-12,NYK @ MEM,L,24,1,5,0.2,0,1,0.0,2,2,1.0,0,2,2,4,0,1,3,3,4,-25,0,2009-10,Regular Season,1503,Tracy McGrady
22009,1503,0020900979,2010-03-13,NYK @ DAL,W,23,4,7,0.571,2,4,0.5,1,1,1.0,0,1,1,3,3,1,3,2,11,18,0,2009-10,Regular Season,1503,Tracy McGrady
22009,1503,0020900991,2010-03-15,NYK @ PHI,W,26,5,12,0.417,4,5,0.8,0,0,0.0,2,2,4,2,0,0,0,0,14,5,0,2009-10,Regular Season,1503,Tracy McGrady
22009,1503,0020901009,2010-03-17,NYK @ BOS,L,29,4,12,0.333,1,5,0.2,3,4,0.75,4,3,7,1,2,0,3,1,12,-21,0,2009-10,Regular Season,1503,Tracy McGrady
22009,1503,0020901021,2010-03-19,NYK vs. PHI,W,29,0,7,0.0,0,2,0.0,0,0,0.0,4,3,7,3,0,0,1,0,0,1,0,2009-10,Regular Season,1503,Tracy McGrady
22009,1503,0020901036,2010-03-21,NYK vs. HOU,L,33,6,11,0.545,0,2,0.0,3,4,0.75,3,4,7,5,2,2,1,2,15,15,0,2009-10,Regular Season,1503,Tracy McGrady
22009,1503,0020901055,2010-03-23,NYK vs. DEN,W,30,6,9,0.667,1,3,0.333,2,2,1.0,0,1,1,2,0,0,1,1,15,7,0,2009-10,Regular Season,1503,Tracy McGrady
22009,1503,0020901081,2010-03-26,NYK @ PHX,L,29,2,11,0.182,0,0,0.0,1,1,1.0,3,5,8,5,0,0,1,1,5,-8,0,2009-10,Regular Season,1503,Tracy McGrady
22009,1503,0020901101,2010-03-29,NYK @ UTA,L,30,4,8,0.5,0,2,0.0,5,7,0.714,0,4,4,6,1,0,1,0,13,-13,0,2009-10,Regular Season,1503,Tracy McGrady
22009,1503,0020901118,2010-03-31,NYK @ POR,L,21,1,4,0.25,0,0,0.0,0,0,0.0,0,0,0,1,0,0,2,3,2,-22,0,2009-10,Regular Season,1503,Tracy McGrady
22009,1503,0020901130,2010-04-02,NYK @ GSW,L,14,1,4,0.25,1,3,0.333,0,0,0.0,0,2,2,0,0,0,1,2,3,-3,0,2009-10,Regular Season,1503,Tracy McGrady
22009,1503,0020901158,2010-04-07,NYK @ IND,L,25,2,12,0.167,0,5,0.0,0,0,0.0,1,2,3,6,0,0,1,1,4,-1,0,2009-10,Regular Season,1503,Tracy McGrady
22009,1503,0020901174,2010-04-09,NYK @ ORL,L,22,2,6,0.333,2,6,0.333,0,0,0.0,0,1,1,4,0,0,3,1,6,-18,0,2009-10,Regular Season,1503,Tracy McGrady
22009,1503,0020901199,2010-04-11,NYK vs. MIA,L,22,2,5,0.4,0,2,0.0,0,0,0.0,0,2,2,4,0,0,0,1,4,0,0,2009-10,Regular Season,1503,Tracy McGrady
22009,1713,0020900006,2009-10-28,ORL vs. PHI,W,26,5,12,0.417,3,5,0.6,2,2,1.0,0,0,0,3,1,0,2,2,15,18,0,2009-10,Regular Season,1713,Vince Carter
22009,1713,0020900027,2009-10-30,ORL @ NJN,W,15,6,8,0.75,2,3,0.667,2,2,1.0,1,2,3,4,0,0,1,1,16,9,0,2009-10,Regular Season,1713,Vince Carter
22009,1713,0020900054,2009-11-03,ORL @ DET,L,30,6,16,0.375,3,9,0.333,0,0,0.0,1,3,4,1,1,0,1,3,15,-9,0,2009-10,Regular Season,1713,Vince Carter
22009,1713,0020900103,2009-11-10,ORL @ CHA,W,25,5,16,0.313,3,8,0.375,2,3,0.667,0,4,4,2,1,1,0,3,15,8,0,2009-10,Regular Season,1713,Vince Carter
22009,1713,0020900117,2009-11-11,ORL vs. CLE,L,36,11,23,0.478,2,7,0.286,5,6,0.833,0,5,5,1,1,1,1,1,29,-1,0,2009-10,Regular Season,1713,Vince Carter
22009,1713,0020900124,2009-11-13,ORL vs. NJN,W,35,5,12,0.417,3,6,0.5,1,1,1.0,1,4,5,1,0,0,2,4,14,3,0,2009-10,Regular Season,1713,Vince Carter
22009,1713,0020900148,2009-11-16,ORL vs. CHA,W,35,5,12,0.417,3,5,0.6,2,2,1.0,2,2,4,2,1,0,2,3,15,9,0,2009-10,Regular Season,1713,Vince Carter
22009,1713,0020900160,2009-11-18,ORL vs. OKC,W,27,6,13,0.462,2,5,0.4,4,4,1.0,0,6,6,0,1,2,1,2,18,23,0,2009-10,Regular Season,1713,Vince Carter
22009,1713,0020900177,2009-11-20,ORL @ BOS,W,40,10,29,0.345,2,7,0.286,4,4,1.0,0,6,6,6,0,2,6,3,26,1,0,2009-10,Regular Season,1713,Vince Carter
22009,1713,0020900192,2009-11-22,ORL @ TOR,W,36,9,24,0.375,0,5,0.0,6,6,1.0,1,7,8,2,0,0,1,2,24,-4,0,2009-10,Regular Season,1713,Vince Carter
22009,1713,0020900211,2009-11-25,ORL vs. MIA,L,34,8,19,0.421,2,4,0.5,4,6,0.667,0,6,6,3,0,1,0,3,22,-1,0,2009-10,Regular Season,1713,Vince Carter
22009,1713,0020900220,2009-11-26,ORL @ ATL,W,36,7,18,0.389,3,7,0.429,4,5,0.8,1,8,9,2,1,0,3,2,21,9,0,2009-10,Regular Season,1713,Vince Carter
22009,1713,0020900236,2009-11-28,ORL @ MIL,W,35,10,23,0.435,1,4,0.25,4,5,0.8,1,5,6,2,0,0,3,3,25,10,0,2009-10,Regular Season,1713,Vince Carter
22009,1713,0020900243,2009-11-29,ORL @ NYK,W,35,9,20,0.45,1,7,0.143,4,9,0.444,0,3,3,3,1,0,1,0,23,22,0,2009-10,Regular Season,1713,Vince Carter
22009,1713,0020900261,2009-12-02,ORL vs. NYK,W,35,4,14,0.286,0,6,0.0,2,2,1.0,0,2,2,5,2,0,1,3,10,20,0,2009-10,Regular Season,1713,Vince Carter
22009,1713,0020900289,2009-12-05,ORL @ GSW,W,34,7,13,0.538,1,2,0.5,12,12,1.0,0,5,5,7,2,1,1,5,27,19,0,2009-10,Regular Season,1713,Vince Carter
22009,1713,0020900307,2009-12-08,ORL @ LAC,W,27,5,11,0.455,2,4,0.5,1,1,1.0,1,5,6,4,0,0,2,5,13,11,0,2009-10,Regular Season,1713,Vince Carter
22009,1713,0020900319,2009-12-10,ORL @ UTA,L,38,9,23,0.391,5,11,0.455,11,12,0.917,0,6,6,3,0,0,0,4,34,-2,0,2009-10,Regular Season,1713,Vince Carter
22009,1713,0020900330,2009-12-11,ORL @ PHX,L,23,3,10,0.3,0,3,0.0,2,3,0.667,0,4,4,6,1,0,2,3,8,-16,0,2009-10,Regular Season,1713,Vince Carter
22009,1713,0020900344,2009-12-14,ORL vs. IND,W,33,10,21,0.476,2,4,0.5,6,6,1.0,0,7,7,3,0,0,0,1,28,-4,0,2009-10,Regular Season,1713,Vince Carter
22009,1713,0020900360,2009-12-16,ORL vs. TOR,W,29,4,10,0.4,1,3,0.333,3,4,0.75,0,6,6,7,3,1,2,3,12,18,0,2009-10,Regular Season,1713,Vince Carter
22009,1713,0020900371,2009-12-17,ORL @ MIA,L,29,4,10,0.4,0,4,0.0,2,2,1.0,0,2,2,2,0,0,3,0,10,-32,0,2009-10,Regular Season,1713,Vince Carter
22009,1713,0020900385,2009-12-19,ORL vs. POR,W,35,1,14,0.071,0,3,0.0,7,8,0.875,1,6,7,3,1,0,2,4,9,-3,0,2009-10,Regular Season,1713,Vince Carter
22009,1713,0020900401,2009-12-21,ORL vs. UTA,W,33,5,15,0.333,1,3,0.333,7,9,0.778,0,9,9,3,0,0,1,2,18,0,0,2009-10,Regular Season,1713,Vince Carter
22009,1713,0020900414,2009-12-23,ORL vs. HOU,W,34,6,16,0.375,1,5,0.2,5,5,1.0,0,5,5,4,0,0,4,2,18,24,0,2009-10,Regular Season,1713,Vince Carter
22009,1713,0020900425,2009-12-25,ORL vs. BOS,L,32,10,20,0.5,1,4,0.25,6,7,0.857,1,4,5,2,4,0,2,5,27,-1,0,2009-10,Regular Season,1713,Vince Carter
22009,1713,0020900461,2009-12-30,ORL vs. MIL,W,30,10,16,0.625,1,2,0.5,4,4,1.0,0,3,3,4,0,1,5,4,25,21,0,2009-10,Regular Season,1713,Vince Carter
22009,1713,0020900475,2010-01-01,ORL @ MIN,W,37,3,10,0.3,1,4,0.25,5,6,0.833,0,2,2,6,3,0,0,0,12,11,0,2009-10,Regular Season,1713,Vince Carter
22009,1713,0020900482,2010-01-02,ORL @ CHI,L,30,3,15,0.2,0,4,0.0,2,2,1.0,1,2,3,2,1,1,2,2,8,-17,0,2009-10,Regular Season,1713,Vince Carter
22009,1713,0020900499,2010-01-05,ORL @ IND,L,24,2,15,0.133,0,3,0.0,2,2,1.0,1,2,3,2,1,0,2,3,6,-14,0,2009-10,Regular Season,1713,Vince Carter
22009,1713,0020900509,2010-01-06,ORL vs. TOR,L,31,2,7,0.286,0,1,0.0,3,3,1.0,0,3,3,4,1,0,0,5,7,7,0,2009-10,Regular Season,1713,Vince Carter
22009,1713,0020900519,2010-01-08,ORL @ WAS,L,10,1,2,0.5,0,1,0.0,6,6,1.0,0,0,0,0,0,0,1,1,8,-3,0,2009-10,Regular Season,1713,Vince Carter
22009,1713,0020900583,2010-01-15,ORL @ POR,L,22,1,7,0.143,1,6,0.167,2,3,0.667,0,0,0,2,0,1,1,2,5,-15,0,2009-10,Regular Season,1713,Vince Carter
22009,1713,0020900605,2010-01-18,ORL @ LAL,L,29,3,11,0.273,3,8,0.375,0,0,0.0,0,5,5,1,0,0,1,4,9,7,0,2009-10,Regular Season,1713,Vince Carter
22009,1713,0020900610,2010-01-20,ORL vs. IND,W,26,2,8,0.25,1,3,0.333,1,2,0.5,0,2,2,5,0,0,1,3,6,13,0,2009-10,Regular Season,1713,Vince Carter
22009,1713,0020900623,2010-01-22,ORL vs. SAC,W,26,4,7,0.571,1,2,0.5,2,2,1.0,0,2,2,0,2,2,2,2,11,24,0,2009-10,Regular Season,1713,Vince Carter
22009,1713,0020900636,2010-01-23,ORL @ CHA,W,41,8,16,0.5,2,6,0.333,3,5,0.6,0,5,5,3,0,0,2,3,21,9,0,2009-10,Regular Season,1713,Vince Carter
22009,1713,0020900652,2010-01-25,ORL @ MEM,L,32,6,15,0.4,1,6,0.167,2,2,1.0,1,2,3,3,2,1,0,2,15,-10,0,2009-10,Regular Season,1713,Vince Carter
22009,1713,0020900675,2010-01-28,ORL vs. BOS,W,29,2,13,0.154,0,2,0.0,2,3,0.667,2,2,4,2,0,0,3,3,6,4,0,2009-10,Regular Season,1713,Vince Carter
22009,1713,0020900689,2010-01-30,ORL vs. ATL,W,22,2,7,0.286,1,2,0.5,1,2,0.5,0,3,3,0,1,0,0,0,6,11,0,2009-10,Regular Season,1713,Vince Carter
22009,1713,0020900698,2010-01-31,ORL @ DET,W,19,1,8,0.125,0,1,0.0,0,0,0.0,2,1,3,1,1,0,0,4,2,2,0,2009-10,Regular Season,1713,Vince Carter
22009,1713,0020900713,2010-02-02,ORL vs. MIL,W,40,7,15,0.467,2,3,0.667,1,3,0.333,0,10,10,7,1,1,3,1,17,8,0,2009-10,Regular Season,1713,Vince Carter
22009,1713,0020900732,2010-02-05,ORL vs. WAS,L,33,5,17,0.294,1,3,0.333,10,10,1.0,0,2,2,0,0,0,0,3,21,1,0,2009-10,Regular Season,1713,Vince Carter
22009,1713,0020900754,2010-02-07,ORL @ BOS,W,34,7,13,0.538,3,4,0.75,3,4,0.75,0,3,3,3,0,1,2,2,20,10,0,2009-10,Regular Season,1713,Vince Carter
22009,1713,0020900755,2010-02-08,ORL vs. NOH,W,38,19,27,0.704,6,10,0.6,4,4,1.0,0,7,7,2,0,0,2,5,48,19,0,2009-10,Regular Season,1713,Vince Carter
22009,1713,0020900773,2010-02-10,ORL @ CHI,W,27,6,10,0.6,2,3,0.667,1,2,0.5,0,5,5,3,1,0,1,3,15,31,0,2009-10,Regular Season,1713,Vince Carter
22009,1713,0020900779,2010-02-11,ORL @ CLE,L,33,5,16,0.313,0,2,0.0,4,6,0.667,1,3,4,2,0,0,3,3,14,-21,0,2009-10,Regular Season,1713,Vince Carter
22009,1713,0020900792,2010-02-17,ORL vs. DET,W,30,8,12,0.667,3,5,0.6,1,1,1.0,0,1,1,4,0,0,0,3,20,11,0,2009-10,Regular Season,1713,Vince Carter
22009,1713,0020900812,2010-02-19,ORL vs. DAL,L,38,7,15,0.467,2,5,0.4,0,0,0.0,0,4,4,5,1,0,2,3,16,-1,0,2009-10,Regular Season,1713,Vince Carter
22009,1713,0020900823,2010-02-21,ORL vs. CLE,W,32,4,9,0.444,0,1,0.0,3,3,1.0,1,0,1,3,1,0,2,3,11,8,0,2009-10,Regular Season,1713,Vince Carter
22009,1713,0020900850,2010-02-24,ORL @ HOU,W,28,6,9,0.667,1,2,0.5,3,5,0.6,1,4,5,7,1,0,1,4,16,14,0,2009-10,Regular Season,1713,Vince Carter
22009,1713,0020900864,2010-02-26,ORL @ NOH,L,31,3,10,0.3,1,3,0.333,1,3,0.333,0,2,2,1,0,0,2,4,8,-9,0,2009-10,Regular Season,1713,Vince Carter
22009,1713,0020900883,2010-02-28,ORL vs. MIA,W,27,7,10,0.7,2,4,0.5,1,1,1.0,0,2,2,1,2,0,1,2,17,4,0,2009-10,Regular Season,1713,Vince Carter
22009,1713,0020900888,2010-03-01,ORL @ PHI,W,35,7,13,0.538,3,4,0.75,2,2,1.0,0,7,7,4,0,0,1,1,19,22,0,2009-10,Regular Season,1713,Vince Carter
22009,1713,0020900900,2010-03-03,ORL vs. GSW,W,22,7,11,0.636,0,2,0.0,1,2,0.5,1,3,4,3,0,0,1,2,15,19,0,2009-10,Regular Season,1713,Vince Carter
22009,1713,0020900920,2010-03-05,ORL @ NJN,W,40,4,11,0.364,2,3,0.667,3,4,0.75,0,3,3,3,0,0,1,2,13,9,0,2009-10,Regular Season,1713,Vince Carter
22009,1713,0020900935,2010-03-07,ORL vs. LAL,W,35,5,10,0.5,2,4,0.5,13,14,0.929,0,3,3,1,1,0,3,5,25,12,0,2009-10,Regular Season,1713,Vince Carter
22009,1713,0020900947,2010-03-09,ORL vs. LAC,W,33,5,9,0.556,2,3,0.667,1,1,1.0,1,2,3,5,0,0,0,0,13,22,0,2009-10,Regular Season,1713,Vince Carter
22009,1713,0020900962,2010-03-11,ORL vs. CHI,W,26,8,13,0.615,2,5,0.4,5,5,1.0,1,3,4,0,0,1,1,4,23,19,0,2009-10,Regular Season,1713,Vince Carter
22009,1713,0020900977,2010-03-13,ORL @ WAS,W,31,8,18,0.444,2,4,0.5,0,0,0.0,0,2,2,1,0,0,0,3,18,-14,0,2009-10,Regular Season,1713,Vince Carter
22009,1713,0020900986,2010-03-14,ORL vs. CHA,L,41,7,13,0.538,3,8,0.375,6,7,0.857,0,4,4,6,1,0,1,3,23,0,0,2009-10,Regular Season,1713,Vince Carter
22009,1713,0020901010,2010-03-17,ORL vs. SAS,W,30,7,11,0.636,3,4,0.75,7,8,0.875,1,3,4,8,0,0,1,1,24,22,0,2009-10,Regular Season,1713,Vince Carter
22009,1713,0020901016,2010-03-18,ORL @ MIA,W,46,9,21,0.429,3,10,0.3,6,7,0.857,0,3,3,6,1,0,2,1,27,1,0,2009-10,Regular Season,1713,Vince Carter
22009,1713,0020901043,2010-03-22,ORL @ PHI,W,32,4,11,0.364,2,5,0.4,7,8,0.875,0,3,3,5,1,0,0,1,17,14,0,2009-10,Regular Season,1713,Vince Carter
22009,1713,0020901057,2010-03-24,ORL @ ATL,L,39,7,16,0.438,1,3,0.333,1,2,0.5,0,2,2,4,1,0,0,5,16,8,0,2009-10,Regular Season,1713,Vince Carter
22009,1713,0020901073,2010-03-26,ORL vs. MIN,W,40,5,9,0.556,2,4,0.5,1,2,0.5,0,2,2,5,0,0,3,3,13,12,0,2009-10,Regular Season,1713,Vince Carter
22009,1713,0020901092,2010-03-28,ORL vs. DEN,W,2,0,2,0.0,0,1,0.0,0,0,0.0,0,0,0,0,0,0,0,0,0,-2,0,2009-10,Regular Season,1713,Vince Carter
22009,1713,0020901120,2010-04-01,ORL @ DAL,W,38,8,17,0.471,1,2,0.5,2,4,0.5,1,6,7,2,0,0,2,2,19,18,0,2009-10,Regular Season,1713,Vince Carter
22009,1713,0020901129,2010-04-02,ORL @ SAS,L,33,5,15,0.333,1,5,0.2,1,1,1.0,1,3,4,4,2,0,2,1,12,-10,0,2009-10,Regular Season,1713,Vince Carter
22009,1713,0020901144,2010-04-04,ORL vs. MEM,W,29,9,18,0.5,2,5,0.4,6,7,0.857,3,4,7,6,2,0,1,4,26,14,0,2009-10,Regular Season,1713,Vince Carter
22009,1713,0020901166,2010-04-07,ORL vs. WAS,W,22,2,7,0.286,0,2,0.0,6,6,1.0,0,1,1,3,0,0,0,2,10,2,0,2009-10,Regular Season,1713,Vince Carter
22009,1713,0020901174,2010-04-09,ORL vs. NYK,W,31,9,19,0.474,5,10,0.5,2,4,0.5,1,0,1,5,2,0,1,2,25,19,0,2009-10,Regular Season,1713,Vince Carter
22009,1713,0020901195,2010-04-11,ORL @ CLE,W,24,3,10,0.3,0,3,0.0,0,0,0.0,0,2,2,5,0,0,1,1,6,-1,0,2009-10,Regular Season,1713,Vince Carter
22009,1713,0020901202,2010-04-12,ORL @ IND,W,31,5,11,0.455,0,2,0.0,11,11,1.0,1,3,4,0,2,0,2,2,21,25,0,2009-10,Regular Season,1713,Vince Carter
22009,1713,0020901225,2010-04-14,ORL vs. PHI,W,25,6,8,0.75,4,5,0.8,1,1,1.0,1,2,3,6,0,0,0,1,17,30,0,2009-10,Regular Season,1713,Vince Carter
42009,1713,0040900111,2010-04-18,ORL vs. CHA,W,30,4,19,0.211,0,5,0.0,4,5,0.8,0,3,3,1,0,0,0,6,12,4,0,2009-10,Playoffs,1713,Vince Carter
42009,1713,0040900112,2010-04-21,ORL vs. CHA,W,39,5,10,0.5,0,3,0.0,9,11,0.818,0,5,5,3,2,0,1,2,19,6,0,2009-10,Playoffs,1713,Vince Carter
42009,1713,0040900113,2010-04-24,ORL @ CHA,W,39,4,11,0.364,0,4,0.0,2,2,1.0,2,3,5,0,1,0,5,4,10,15,0,2009-10,Playoffs,1713,Vince Carter
42009,1713,0040900114,2010-04-26,ORL @ CHA,W,40,7,16,0.438,1,5,0.2,6,9,0.667,0,3,3,4,0,0,0,6,21,12,0,2009-10,Playoffs,1713,Vince Carter
42009,1713,0040900211,2010-05-04,ORL vs. ATL,W,28,7,16,0.438,1,2,0.5,5,5,1.0,0,6,6,3,0,0,1,1,20,28,0,2009-10,Playoffs,1713,Vince Carter
42009,1713,0040900212,2010-05-06,ORL vs. ATL,W,44,9,16,0.563,2,5,0.4,4,4,1.0,1,6,7,2,1,1,1,2,24,13,0,2009-10,Playoffs,1713,Vince Carter
42009,1713,0040900213,2010-05-08,ORL @ ATL,W,23,2,5,0.4,0,1,0.0,3,3,1.0,0,3,3,3,0,0,1,3,7,20,0,2009-10,Playoffs,1713,Vince Carter
42009,1713,0040900214,2010-05-10,ORL @ ATL,W,40,7,12,0.583,4,7,0.571,4,6,0.667,0,4,4,3,0,1,0,2,22,20,0,2009-10,Playoffs,1713,Vince Carter
42009,1713,0040900301,2010-05-16,ORL vs. BOS,L,41,9,18,0.5,0,1,0.0,5,6,0.833,3,2,5,2,2,1,3,5,23,1,0,2009-10,Playoffs,1713,Vince Carter
42009,1713,0040900302,2010-05-18,ORL vs. BOS,L,26,5,15,0.333,1,2,0.5,5,7,0.714,0,1,1,1,3,0,3,4,16,-5,0,2009-10,Playoffs,1713,Vince Carter
42009,1713,0040900303,2010-05-22,ORL @ BOS,L,35,5,12,0.417,1,5,0.2,4,4,1.0,0,5,5,2,2,0,2,4,15,-20,0,2009-10,Playoffs,1713,Vince Carter
42009,1713,0040900304,2010-05-24,ORL @ BOS,W,31,1,9,0.111,0,3,0.0,1,1,1.0,1,1,2,2,1,0,3,4,3,1,0,2009-10,Playoffs,1713,Vince Carter
42009,1713,0040900305,2010-05-26,ORL vs. BOS,W,26,3,10,0.3,1,4,0.25,1,1,1.0,0,3,3,3,0,0,0,4,8,7,0,2009-10,Playoffs,1713,Vince Carter
42009,1713,0040900306,2010-05-28,ORL @ BOS,L,39,6,15,0.4,1,4,0.25,4,5,0.8,2,5,7,3,0,0,2,3,17,-4,0,2009-10,Playoffs,1713,Vince Carter
22009,951,0020900001,2009-10-27,BOS @ CLE,W,42,5,16,0.313,2,4,0.5,4,5,0.8,0,2,2,3,3,0,3,2,16,4,0,2009-10,Regular Season,951,Ray Allen
22009,951,0020900008,2009-10-28,BOS vs. CHA,W,38,6,17,0.353,4,10,0.4,2,3,0.667,1,1,2,2,2,0,2,1,18,26,0,2009-10,Regular Season,951,Ray Allen
22009,951,0020900022,2009-10-30,BOS vs. CHI,W,23,7,9,0.778,2,3,0.667,4,4,1.0,0,1,1,2,0,0,2,3,20,20,0,2009-10,Regular Season,951,Ray Allen
22009,951,0020900040,2009-11-01,BOS vs. NOH,W,41,8,15,0.533,1,3,0.333,0,0,0.0,1,1,2,2,1,0,0,2,17,16,0,2009-10,Regular Season,951,Ray Allen
22009,951,0020900053,2009-11-03,BOS @ PHI,W,31,2,8,0.25,0,1,0.0,1,1,1.0,1,0,1,2,1,0,2,2,5,14,0,2009-10,Regular Season,951,Ray Allen
22009,951,0020900065,2009-11-04,BOS @ MIN,W,33,6,13,0.462,1,7,0.143,1,1,1.0,0,3,3,5,0,0,1,0,14,-2,0,2009-10,Regular Season,951,Ray Allen
22009,951,0020900076,2009-11-06,BOS vs. PHX,L,31,7,11,0.636,2,4,0.5,0,0,0.0,3,4,7,4,2,0,1,5,16,3,0,2009-10,Regular Season,951,Ray Allen
22009,951,0020900086,2009-11-07,BOS @ NJN,W,41,5,13,0.385,0,3,0.0,2,2,1.0,1,3,4,4,0,0,2,0,12,7,0,2009-10,Regular Season,951,Ray Allen
22009,951,0020900111,2009-11-11,BOS vs. UTA,W,32,6,8,0.75,1,3,0.333,2,2,1.0,0,0,0,4,0,0,2,1,15,21,0,2009-10,Regular Season,951,Ray Allen
22009,951,0020900127,2009-11-13,BOS vs. ATL,L,40,5,8,0.625,0,2,0.0,0,0,0.0,0,3,3,5,0,0,2,3,10,-9,0,2009-10,Regular Season,951,Ray Allen
22009,951,0020900135,2009-11-14,BOS @ IND,L,36,8,18,0.444,2,6,0.333,6,7,0.857,1,4,5,4,2,0,3,2,24,1,0,2009-10,Regular Season,951,Ray Allen
22009,951,0020900163,2009-11-18,BOS vs. GSW,W,30,6,10,0.6,0,2,0.0,3,3,1.0,0,1,1,0,1,0,1,2,15,17,0,2009-10,Regular Season,951,Ray Allen
22009,951,0020900177,2009-11-20,BOS vs. ORL,L,34,5,10,0.5,1,2,0.5,4,4,1.0,1,3,4,6,2,0,2,3,15,-8,0,2009-10,Regular Season,951,Ray Allen
22009,951,0020900193,2009-11-22,BOS @ NYK,W,40,3,13,0.231,1,6,0.167,6,6,1.0,0,1,1,2,1,2,3,4,13,12,0,2009-10,Regular Season,951,Ray Allen
22009,951,0020900210,2009-11-25,BOS vs. PHI,W,32,6,14,0.429,1,6,0.167,5,5,1.0,1,4,5,2,1,0,0,2,18,-4,0,2009-10,Regular Season,951,Ray Allen
22009,951,0020900225,2009-11-27,BOS vs. TOR,W,34,8,15,0.533,3,4,0.75,1,1,1.0,1,0,1,2,3,0,2,2,20,24,0,2009-10,Regular Season,951,Ray Allen
22009,951,0020900242,2009-11-29,BOS @ MIA,W,42,5,13,0.385,1,7,0.143,0,0,0.0,0,2,2,3,0,1,2,3,11,9,0,2009-10,Regular Season,951,Ray Allen
22009,951,0020900253,2009-12-01,BOS @ CHA,W,36,6,9,0.667,5,6,0.833,10,10,1.0,1,4,5,5,1,1,1,2,27,20,0,2009-10,Regular Season,951,Ray Allen
22009,951,0020900269,2009-12-03,BOS @ SAS,W,40,6,15,0.4,0,4,0.0,3,3,1.0,0,4,4,3,0,0,2,4,15,4,0,2009-10,Regular Season,951,Ray Allen
22009,951,0020900279,2009-12-04,BOS @ OKC,W,33,4,11,0.364,1,4,0.25,2,3,0.667,1,3,4,3,1,0,1,2,11,27,0,2009-10,Regular Season,951,Ray Allen
22009,951,0020900302,2009-12-08,BOS vs. MIL,W,36,4,9,0.444,2,4,0.5,3,3,1.0,0,2,2,1,1,1,1,0,13,11,0,2009-10,Regular Season,951,Ray Allen
22009,951,0020900318,2009-12-10,BOS @ WAS,W,39,5,11,0.455,2,6,0.333,6,6,1.0,2,5,7,2,0,0,3,2,18,-1,0,2009-10,Regular Season,951,Ray Allen
22009,951,0020900333,2009-12-12,BOS @ CHI,W,30,4,10,0.4,2,4,0.5,0,0,0.0,0,3,3,2,0,1,1,2,10,19,0,2009-10,Regular Season,951,Ray Allen
22009,951,0020900346,2009-12-14,BOS @ MEM,W,37,6,13,0.462,5,6,0.833,1,2,0.5,2,2,4,4,1,0,1,0,18,3,0,2009-10,Regular Season,951,Ray Allen
22009,951,0020900375,2009-12-18,BOS vs. PHI,L,37,7,17,0.412,3,8,0.375,0,0,0.0,2,3,5,2,1,0,2,0,17,7,0,2009-10,Regular Season,951,Ray Allen
22009,951,0020900395,2009-12-20,BOS vs. MIN,W,30,8,15,0.533,3,6,0.5,1,2,0.5,0,1,1,1,0,0,0,5,20,9,0,2009-10,Regular Season,951,Ray Allen
22009,951,0020900407,2009-12-22,BOS vs. IND,W,40,6,14,0.429,2,8,0.25,9,9,1.0,2,5,7,3,1,1,1,3,23,6,0,2009-10,Regular Season,951,Ray Allen
22009,951,0020900425,2009-12-25,BOS @ ORL,W,43,5,12,0.417,2,5,0.4,6,7,0.857,1,5,6,4,0,0,4,2,18,11,0,2009-10,Regular Season,951,Ray Allen
22009,951,0020900444,2009-12-27,BOS @ LAC,L,39,6,12,0.5,1,3,0.333,0,0,0.0,0,2,2,5,0,0,2,2,13,3,0,2009-10,Regular Season,951,Ray Allen
22009,951,0020900451,2009-12-28,BOS @ GSW,L,44,10,21,0.476,1,7,0.143,3,5,0.6,0,5,5,3,0,0,3,4,24,1,0,2009-10,Regular Season,951,Ray Allen
22009,951,0020900466,2009-12-30,BOS @ PHX,L,35,4,13,0.308,1,5,0.2,6,6,1.0,0,4,4,1,0,1,2,0,15,-12,0,2009-10,Regular Season,951,Ray Allen
22009,951,0020900481,2010-01-02,BOS vs. TOR,W,32,8,13,0.615,1,4,0.25,6,7,0.857,0,2,2,4,2,0,1,3,23,11,0,2009-10,Regular Season,951,Ray Allen
22009,951,0020900510,2010-01-06,BOS @ MIA,W,37,6,10,0.6,3,4,0.75,7,7,1.0,0,3,3,1,4,2,3,5,22,13,0,2009-10,Regular Season,951,Ray Allen
22009,951,0020900520,2010-01-08,BOS @ ATL,L,41,5,16,0.313,3,7,0.429,2,2,1.0,0,2,2,2,2,0,1,1,15,-11,0,2009-10,Regular Season,951,Ray Allen
22009,951,0020900538,2010-01-10,BOS @ TOR,W,42,6,13,0.462,1,5,0.2,3,5,0.6,1,3,4,5,0,0,0,1,16,13,0,2009-10,Regular Season,951,Ray Allen
22009,951,0020900546,2010-01-11,BOS vs. ATL,L,43,5,10,0.5,3,5,0.6,3,3,1.0,0,5,5,3,0,0,2,4,16,-2,0,2009-10,Regular Season,951,Ray Allen
22009,951,0020900561,2010-01-13,BOS @ NJN,W,25,5,7,0.714,1,2,0.5,4,4,1.0,1,1,2,1,0,0,1,2,15,13,0,2009-10,Regular Season,951,Ray Allen
22009,951,0020900569,2010-01-14,BOS vs. CHI,L,36,4,10,0.4,0,4,0.0,0,0,0.0,0,1,1,0,0,0,3,2,8,-17,0,2009-10,Regular Season,951,Ray Allen
22009,951,0020900604,2010-01-18,BOS vs. DAL,L,42,9,15,0.6,2,4,0.5,1,1,1.0,1,2,3,4,0,0,0,1,21,-7,0,2009-10,Regular Season,951,Ray Allen
22009,951,0020900613,2010-01-20,BOS @ DET,L,34,3,10,0.3,0,4,0.0,2,2,1.0,1,4,5,1,0,0,5,3,8,-15,0,2009-10,Regular Season,951,Ray Allen
22009,951,0020900628,2010-01-22,BOS vs. POR,W,43,3,14,0.214,1,5,0.2,2,4,0.5,0,3,3,4,1,1,1,1,9,2,0,2009-10,Regular Season,951,Ray Allen
22009,951,0020900650,2010-01-25,BOS vs. LAC,W,39,5,14,0.357,2,7,0.286,3,4,0.75,1,5,6,4,3,0,2,0,15,12,0,2009-10,Regular Season,951,Ray Allen
22009,951,0020900675,2010-01-28,BOS @ ORL,L,41,8,12,0.667,4,8,0.5,0,0,0.0,0,3,3,3,0,2,4,3,20,-2,0,2009-10,Regular Season,951,Ray Allen
22009,951,0020900679,2010-01-29,BOS @ ATL,L,36,4,13,0.308,1,4,0.25,0,1,0.0,0,1,1,2,1,2,1,2,9,3,0,2009-10,Regular Season,951,Ray Allen
22009,951,0020900696,2010-01-31,BOS vs. LAL,L,34,2,10,0.2,0,6,0.0,3,3,1.0,2,3,5,0,1,0,1,2,7,-16,0,2009-10,Regular Season,951,Ray Allen
22009,951,0020900704,2010-02-01,BOS @ WAS,W,38,6,13,0.462,2,5,0.4,3,3,1.0,1,4,5,2,0,0,3,4,17,16,0,2009-10,Regular Season,951,Ray Allen
22009,951,0020900722,2010-02-03,BOS vs. MIA,W,42,7,15,0.467,1,5,0.2,8,9,0.889,1,6,7,3,3,0,3,2,23,9,0,2009-10,Regular Season,951,Ray Allen
22009,951,0020900733,2010-02-05,BOS vs. NJN,W,33,9,17,0.529,3,7,0.429,5,5,1.0,2,5,7,2,0,0,3,2,26,4,0,2009-10,Regular Season,951,Ray Allen
22009,951,0020900754,2010-02-07,BOS vs. ORL,L,40,4,13,0.308,1,5,0.2,5,6,0.833,1,1,2,2,0,0,1,2,14,-3,0,2009-10,Regular Season,951,Ray Allen
22009,951,0020900789,2010-02-16,BOS @ SAC,W,33,5,15,0.333,1,6,0.167,4,4,1.0,0,0,0,1,0,0,1,3,15,-5,0,2009-10,Regular Season,951,Ray Allen
22009,951,0020900803,2010-02-18,BOS @ LAL,W,36,10,15,0.667,4,6,0.667,0,1,0.0,0,2,2,2,0,0,1,3,24,5,0,2009-10,Regular Season,951,Ray Allen
22009,951,0020900815,2010-02-19,BOS @ POR,W,39,9,14,0.643,3,7,0.429,0,0,0.0,1,2,3,5,0,0,1,1,21,19,0,2009-10,Regular Season,951,Ray Allen
22009,951,0020900824,2010-02-21,BOS @ DEN,L,43,9,14,0.643,2,5,0.4,5,5,1.0,0,5,5,4,0,1,2,2,25,-5,0,2009-10,Regular Season,951,Ray Allen
22009,951,0020900838,2010-02-23,BOS vs. NYK,W,39,9,14,0.643,1,5,0.2,5,6,0.833,0,5,5,3,2,1,2,1,24,9,0,2009-10,Regular Season,951,Ray Allen
22009,951,0020900857,2010-02-25,BOS vs. CLE,L,35,7,13,0.538,4,8,0.5,3,3,1.0,1,1,2,1,1,0,1,3,21,-7,0,2009-10,Regular Season,951,Ray Allen
22009,951,0020900871,2010-02-27,BOS vs. NJN,L,33,3,11,0.273,1,6,0.167,3,3,1.0,2,4,6,5,0,0,2,4,10,3,0,2009-10,Regular Season,951,Ray Allen
22009,951,0020900895,2010-03-02,BOS @ DET,W,34,6,11,0.545,2,5,0.4,4,4,1.0,1,1,2,1,1,0,2,1,18,1,0,2009-10,Regular Season,951,Ray Allen
22009,951,0020900901,2010-03-03,BOS vs. CHA,W,18,1,2,0.5,1,1,1.0,0,0,0.0,0,3,3,1,1,0,0,4,3,4,0,2009-10,Regular Season,951,Ray Allen
22009,951,0020900916,2010-03-05,BOS @ PHI,W,35,7,14,0.5,1,3,0.333,1,1,1.0,0,3,3,1,0,0,2,2,16,1,0,2009-10,Regular Season,951,Ray Allen
22009,951,0020900937,2010-03-07,BOS vs. WAS,W,35,10,15,0.667,4,6,0.667,1,1,1.0,0,2,2,1,1,0,0,3,25,18,0,2009-10,Regular Season,951,Ray Allen
22009,951,0020900950,2010-03-09,BOS @ MIL,L,34,0,3,0.0,0,3,0.0,3,3,1.0,0,4,4,3,1,0,0,0,3,1,0,2009-10,Regular Season,951,Ray Allen
22009,951,0020900954,2010-03-10,BOS vs. MEM,L,26,7,14,0.5,0,6,0.0,3,3,1.0,2,2,4,1,1,0,0,2,17,-13,0,2009-10,Regular Season,951,Ray Allen
22009,951,0020900966,2010-03-12,BOS vs. IND,W,28,5,7,0.714,2,2,1.0,1,1,1.0,0,4,4,3,1,1,0,3,13,10,0,2009-10,Regular Season,951,Ray Allen
22009,951,0020900984,2010-03-14,BOS @ CLE,L,35,7,14,0.5,3,5,0.6,3,4,0.75,0,6,6,5,0,0,0,5,20,-6,0,2009-10,Regular Season,951,Ray Allen
22009,951,0020900992,2010-03-15,BOS vs. DET,W,27,6,9,0.667,2,4,0.5,1,1,1.0,0,0,0,2,0,0,0,0,15,21,0,2009-10,Regular Season,951,Ray Allen
22009,951,0020901009,2010-03-17,BOS vs. NYK,W,24,3,6,0.5,2,5,0.4,1,1,1.0,0,2,2,3,0,1,1,2,9,24,0,2009-10,Regular Season,951,Ray Allen
22009,951,0020901023,2010-03-19,BOS @ HOU,W,36,7,12,0.583,5,8,0.625,0,0,0.0,1,0,1,6,1,0,2,2,19,5,0,2009-10,Regular Season,951,Ray Allen
22009,951,0020901033,2010-03-20,BOS @ DAL,W,35,7,13,0.538,4,8,0.5,3,3,1.0,1,2,3,4,2,1,2,3,21,24,0,2009-10,Regular Season,951,Ray Allen
22009,951,0020901050,2010-03-22,BOS @ UTA,L,30,4,12,0.333,2,8,0.25,5,5,1.0,0,3,3,2,2,1,3,2,15,-18,0,2009-10,Regular Season,951,Ray Allen
22009,951,0020901058,2010-03-24,BOS vs. DEN,W,35,6,13,0.462,1,5,0.2,3,3,1.0,0,2,2,3,1,1,1,1,16,9,0,2009-10,Regular Season,951,Ray Allen
22009,951,0020901076,2010-03-26,BOS vs. SAC,W,38,8,18,0.444,3,7,0.429,1,1,1.0,0,4,4,3,1,1,2,3,20,11,0,2009-10,Regular Season,951,Ray Allen
22009,951,0020901095,2010-03-28,BOS vs. SAS,L,27,2,9,0.222,0,1,0.0,3,3,1.0,0,2,2,1,0,0,1,1,7,-12,0,2009-10,Regular Season,951,Ray Allen
22009,951,0020901111,2010-03-31,BOS vs. OKC,L,33,6,12,0.5,0,5,0.0,1,1,1.0,0,1,1,2,0,0,2,3,13,-2,0,2009-10,Regular Season,951,Ray Allen
22009,951,0020901125,2010-04-02,BOS vs. HOU,L,16,2,2,1.0,0,0,0.0,1,1,1.0,0,1,1,2,0,0,1,6,5,10,0,2009-10,Regular Season,951,Ray Allen
22009,951,0020901141,2010-04-04,BOS vs. CLE,W,42,10,17,0.588,6,9,0.667,7,7,1.0,1,2,3,4,1,0,2,2,33,7,0,2009-10,Regular Season,951,Ray Allen
22009,951,0020901153,2010-04-06,BOS @ NYK,L,33,6,9,0.667,3,6,0.5,2,2,1.0,0,0,0,1,1,1,3,3,17,-12,0,2009-10,Regular Season,951,Ray Allen
22009,951,0020901159,2010-04-07,BOS @ TOR,W,35,7,15,0.467,1,4,0.25,3,3,1.0,1,2,3,3,1,0,3,4,18,16,0,2009-10,Regular Season,951,Ray Allen
22009,951,0020901177,2010-04-09,BOS vs. WAS,L,34,4,11,0.364,2,8,0.25,0,0,0.0,0,3,3,2,0,1,0,0,10,3,0,2009-10,Regular Season,951,Ray Allen
22009,951,0020901191,2010-04-10,BOS @ MIL,W,33,5,7,0.714,0,0,0.0,11,11,1.0,0,2,2,1,2,0,1,5,21,11,0,2009-10,Regular Season,951,Ray Allen
22009,951,0020901213,2010-04-13,BOS @ CHI,L,36,8,14,0.571,4,7,0.571,5,6,0.833,0,3,3,0,1,0,2,3,25,1,0,2009-10,Regular Season,951,Ray Allen
42009,951,0040900131,2010-04-17,BOS vs. MIA,W,31,2,9,0.222,0,4,0.0,4,4,1.0,0,2,2,3,1,0,3,2,8,6,0,2009-10,Playoffs,951,Ray Allen
42009,951,0040900132,2010-04-20,BOS vs. MIA,W,33,9,13,0.692,7,9,0.778,0,0,0.0,1,4,5,3,0,0,2,3,25,31,0,2009-10,Playoffs,951,Ray Allen
42009,951,0040900133,2010-04-23,BOS @ MIA,W,38,8,16,0.5,4,11,0.364,5,7,0.714,1,2,3,5,1,0,0,3,25,-7,0,2009-10,Playoffs,951,Ray Allen
42009,951,0040900134,2010-04-25,BOS @ MIA,L,34,5,10,0.5,3,6,0.5,2,5,0.4,0,0,0,3,1,0,3,5,15,-4,0,2009-10,Playoffs,951,Ray Allen
42009,951,0040900135,2010-04-27,BOS vs. MIA,W,40,9,15,0.6,5,6,0.833,1,1,1.0,0,3,3,3,2,0,1,5,24,19,0,2009-10,Playoffs,951,Ray Allen
42009,951,0040900201,2010-05-01,BOS @ CLE,L,44,6,14,0.429,2,7,0.286,0,0,0.0,0,2,2,0,1,0,1,1,14,-9,0,2009-10,Playoffs,951,Ray Allen
42009,951,0040900202,2010-05-03,BOS @ CLE,W,39,8,15,0.533,3,7,0.429,3,4,0.75,1,6,7,1,1,0,2,2,22,10,0,2009-10,Playoffs,951,Ray Allen
42009,951,0040900203,2010-05-07,BOS vs. CLE,L,35,2,9,0.222,0,1,0.0,3,3,1.0,2,1,3,3,0,1,1,2,7,-27,0,2009-10,Playoffs,951,Ray Allen
42009,951,0040900204,2010-05-09,BOS vs. CLE,W,38,8,21,0.381,1,8,0.125,1,1,1.0,0,2,2,1,1,0,1,6,18,-12,0,2009-10,Playoffs,951,Ray Allen
42009,951,0040900205,2010-05-11,BOS @ CLE,W,38,8,13,0.615,6,9,0.667,3,3,1.0,1,2,3,4,1,0,0,2,25,23,0,2009-10,Playoffs,951,Ray Allen
42009,951,0040900206,2010-05-13,BOS vs. CLE,W,37,2,8,0.25,0,5,0.0,4,4,1.0,0,3,3,5,2,1,3,4,8,4,0,2009-10,Playoffs,951,Ray Allen
42009,951,0040900301,2010-05-16,BOS @ ORL,W,40,8,16,0.5,2,5,0.4,7,7,1.0,0,7,7,3,0,0,1,1,25,11,0,2009-10,Playoffs,951,Ray Allen
42009,951,0040900302,2010-05-18,BOS @ ORL,W,39,1,6,0.167,0,5,0.0,2,3,0.667,0,2,2,2,1,0,2,3,4,7,0,2009-10,Playoffs,951,Ray Allen
42009,951,0040900303,2010-05-22,BOS vs. ORL,W,38,6,13,0.462,2,4,0.5,0,0,0.0,1,5,6,6,1,0,0,3,14,28,0,2009-10,Playoffs,951,Ray Allen
42009,951,0040900304,2010-05-24,BOS vs. ORL,L,46,7,12,0.583,5,7,0.714,3,4,0.75,0,5,5,1,2,1,2,3,22,-6,0,2009-10,Playoffs,951,Ray Allen
42009,951,0040900305,2010-05-26,BOS @ ORL,L,42,3,11,0.273,1,3,0.333,2,3,0.667,0,4,4,7,0,0,1,3,9,-16,0,2009-10,Playoffs,951,Ray Allen
42009,951,0040900306,2010-05-28,BOS vs. ORL,W,38,6,13,0.462,3,7,0.429,5,6,0.833,1,3,4,1,2,0,1,3,20,5,0,2009-10,Playoffs,951,Ray Allen
42009,951,0040900401,2010-06-03,BOS @ LAL,L,27,3,8,0.375,0,2,0.0,6,6,1.0,0,0,0,0,0,0,2,5,12,-5,0,2009-10,Playoffs,951,Ray Allen
42009,951,0040900402,2010-06-06,BOS @ LAL,W,44,11,20,0.55,8,11,0.727,2,2,1.0,1,2,3,2,0,0,2,3,32,12,0,2009-10,Playoffs,951,Ray Allen
42009,951,0040900403,2010-06-08,BOS vs. LAL,L,42,0,13,0.0,0,8,0.0,2,2,1.0,1,3,4,2,0,0,2,2,2,-10,0,2009-10,Playoffs,951,Ray Allen
42009,951,0040900404,2010-06-10,BOS vs. LAL,W,41,4,11,0.364,0,4,0.0,4,4,1.0,0,5,5,1,1,0,0,3,12,9,0,2009-10,Playoffs,951,Ray Allen
42009,951,0040900405,2010-06-13,BOS vs. LAL,W,40,5,10,0.5,0,4,0.0,2,2,1.0,0,3,3,2,1,0,2,5,12,10,0,2009-10,Playoffs,951,Ray Allen
42009,951,0040900406,2010-06-15,BOS @ LAL,L,36,7,14,0.5,2,5,0.4,3,3,1.0,2,0,2,3,0,0,0,2,19,-18,0,2009-10,Playoffs,951,Ray Allen
42009,951,0040900407,2010-06-17,BOS @ LAL,L,45,3,14,0.214,2,7,0.286,5,6,0.833,0,2,2,2,3,0,4,3,13,0,0,2009-10,Playoffs,951,Ray Allen
22009,1497,0020900014,2009-10-28,DEN vs. UTA,W,33,7,15,0.467,4,7,0.571,7,9,0.778,1,2,3,2,0,1,1,5,25,2,0,2009-10,Regular Season,1497,Chauncey Billups
22009,1497,0020900018,2009-10-29,DEN @ POR,W,44,5,14,0.357,1,6,0.167,11,12,0.917,0,4,4,6,1,0,2,3,22,3,0,2009-10,Regular Season,1497,Chauncey Billups
22009,1497,0020900043,2009-11-01,DEN vs. MEM,W,36,6,14,0.429,3,7,0.429,7,7,1.0,1,2,3,12,1,0,2,1,22,4,0,2009-10,Regular Season,1497,Chauncey Billups
22009,1497,0020900052,2009-11-03,DEN @ IND,W,30,7,15,0.467,5,7,0.714,5,6,0.833,0,4,4,2,1,0,2,3,24,12,0,2009-10,Regular Season,1497,Chauncey Billups
22009,1497,0020900063,2009-11-04,DEN @ NJN,W,25,4,11,0.364,2,5,0.4,2,2,1.0,0,3,3,5,2,0,1,3,12,25,0,2009-10,Regular Season,1497,Chauncey Billups
22009,1497,0020900077,2009-11-06,DEN @ MIA,L,31,2,7,0.286,0,4,0.0,2,2,1.0,0,0,0,2,2,0,5,0,6,-26,0,2009-10,Regular Season,1497,Chauncey Billups
22009,1497,0020900085,2009-11-07,DEN @ ATL,L,38,10,22,0.455,1,4,0.25,6,7,0.857,1,2,3,7,1,0,2,4,27,-19,0,2009-10,Regular Season,1497,Chauncey Billups
22009,1497,0020900105,2009-11-10,DEN @ CHI,W,33,5,12,0.417,0,3,0.0,7,8,0.875,1,1,2,6,3,0,1,2,17,-10,0,2009-10,Regular Season,1497,Chauncey Billups
22009,1497,0020900115,2009-11-11,DEN @ MIL,L,37,6,16,0.375,3,8,0.375,4,4,1.0,0,2,2,5,3,0,1,3,19,-4,0,2009-10,Regular Season,1497,Chauncey Billups
22009,1497,0020900131,2009-11-13,DEN vs. LAL,W,26,1,8,0.125,0,3,0.0,4,4,1.0,0,2,2,8,1,0,1,2,6,19,0,2009-10,Regular Season,1497,Chauncey Billups
22009,1497,0020900155,2009-11-17,DEN vs. TOR,W,27,2,6,0.333,0,2,0.0,3,3,1.0,0,2,2,10,0,0,1,2,7,8,0,2009-10,Regular Season,1497,Chauncey Billups
22009,1497,0020900182,2009-11-20,DEN @ LAC,L,30,1,5,0.2,0,2,0.0,3,4,0.75,0,3,3,7,0,0,1,3,5,-3,0,2009-10,Regular Season,1497,Chauncey Billups
22009,1497,0020900189,2009-11-21,DEN vs. CHI,W,31,5,9,0.556,3,5,0.6,8,8,1.0,0,4,4,5,1,0,2,2,21,-3,0,2009-10,Regular Season,1497,Chauncey Billups
22009,1497,0020900205,2009-11-24,DEN vs. NJN,W,28,1,8,0.125,1,4,0.25,2,2,1.0,0,4,4,7,1,0,1,2,5,13,0,2009-10,Regular Season,1497,Chauncey Billups
22009,1497,0020900213,2009-11-25,DEN @ MIN,W,28,4,6,0.667,4,4,1.0,7,7,1.0,1,2,3,5,1,0,7,4,19,16,0,2009-10,Regular Season,1497,Chauncey Billups
22009,1497,0020900230,2009-11-27,DEN vs. NYK,W,37,9,17,0.529,4,8,0.5,10,14,0.714,0,4,4,8,0,0,3,2,32,7,0,2009-10,Regular Season,1497,Chauncey Billups
22009,1497,0020900246,2009-11-29,DEN vs. MIN,L,34,2,13,0.154,2,8,0.25,8,10,0.8,1,3,4,3,1,2,4,2,14,-2,0,2009-10,Regular Season,1497,Chauncey Billups
22009,1497,0020900256,2009-12-01,DEN vs. GSW,W,30,5,11,0.455,1,6,0.167,11,11,1.0,1,2,3,8,2,0,2,4,22,11,0,2009-10,Regular Season,1497,Chauncey Billups
22009,1497,0020900270,2009-12-03,DEN vs. MIA,W,27,1,5,0.2,1,3,0.333,10,11,0.909,0,3,3,7,0,0,0,2,13,13,0,2009-10,Regular Season,1497,Chauncey Billups
22009,1497,0020900285,2009-12-05,DEN @ SAS,W,33,4,10,0.4,2,3,0.667,8,9,0.889,1,1,2,5,1,1,2,2,18,0,0,2009-10,Regular Season,1497,Chauncey Billups
22009,1497,0020900296,2009-12-07,DEN @ PHI,W,42,8,15,0.533,4,6,0.667,11,11,1.0,1,7,8,8,1,0,2,2,31,11,0,2009-10,Regular Season,1497,Chauncey Billups
22009,1497,0020900300,2009-12-08,DEN @ CHA,L,34,4,11,0.364,0,2,0.0,6,6,1.0,0,0,0,1,1,0,5,1,14,-14,0,2009-10,Regular Season,1497,Chauncey Billups
22009,1497,0020900317,2009-12-10,DEN @ DET,L,35,6,16,0.375,1,4,0.25,8,8,1.0,0,1,1,2,1,0,3,1,21,9,0,2009-10,Regular Season,1497,Chauncey Billups
22009,1497,0020900336,2009-12-12,DEN vs. PHX,W,34,8,18,0.444,5,9,0.556,3,6,0.5,0,1,1,8,2,0,5,4,24,11,0,2009-10,Regular Season,1497,Chauncey Billups
22009,1497,0020900348,2009-12-14,DEN vs. OKC,W,38,1,6,0.167,1,4,0.25,9,9,1.0,0,1,1,7,4,1,4,2,12,1,0,2009-10,Regular Season,1497,Chauncey Billups
22009,1497,0020900367,2009-12-16,DEN vs. HOU,W,20,5,8,0.625,2,3,0.667,3,3,1.0,0,0,0,3,1,0,1,1,15,3,0,2009-10,Regular Season,1497,Chauncey Billups
22009,1497,0020900428,2009-12-25,DEN @ POR,L,20,3,7,0.429,1,3,0.333,3,3,1.0,1,1,2,5,0,0,1,0,10,-2,0,2009-10,Regular Season,1497,Chauncey Billups
22009,1497,0020900528,2010-01-08,DEN vs. CLE,W,33,8,14,0.571,2,5,0.4,5,7,0.714,0,1,1,5,1,0,4,3,23,-10,0,2009-10,Regular Season,1497,Chauncey Billups
22009,1497,0020900537,2010-01-09,DEN @ SAC,L,39,8,20,0.4,5,10,0.5,6,6,1.0,0,3,3,3,2,0,1,0,27,-4,0,2009-10,Regular Season,1497,Chauncey Billups
22009,1497,0020900549,2010-01-11,DEN vs. MIN,W,33,4,11,0.364,2,7,0.286,8,9,0.889,1,2,3,10,2,0,1,2,18,9,0,2009-10,Regular Season,1497,Chauncey Billups
22009,1497,0020900566,2010-01-13,DEN vs. ORL,W,30,8,14,0.571,2,3,0.667,6,7,0.857,0,1,1,5,2,0,4,1,24,17,0,2009-10,Regular Season,1497,Chauncey Billups
22009,1497,0020900593,2010-01-17,DEN vs. UTA,W,31,5,13,0.385,2,7,0.286,17,19,0.895,1,4,5,4,2,0,1,0,29,2,0,2009-10,Regular Season,1497,Chauncey Billups
22009,1497,0020900619,2010-01-20,DEN @ GSW,W,38,11,19,0.579,6,9,0.667,9,11,0.818,0,8,8,8,0,0,2,5,37,5,0,2009-10,Regular Season,1497,Chauncey Billups
22009,1497,0020900622,2010-01-21,DEN vs. LAC,W,30,5,9,0.556,4,6,0.667,6,6,1.0,0,3,3,6,0,0,3,3,20,23,0,2009-10,Regular Season,1497,Chauncey Billups
22009,1497,0020900643,2010-01-23,DEN vs. NOH,W,43,6,14,0.429,3,7,0.429,5,5,1.0,1,4,5,9,0,0,2,4,20,10,0,2009-10,Regular Season,1497,Chauncey Billups
22009,1497,0020900655,2010-01-25,DEN vs. CHA,W,35,7,15,0.467,1,3,0.333,12,13,0.923,0,6,6,11,1,0,2,1,27,10,0,2009-10,Regular Season,1497,Chauncey Billups
22009,1497,0020900670,2010-01-27,DEN @ HOU,W,39,7,16,0.438,1,4,0.25,6,8,0.75,0,4,4,4,3,0,5,5,21,7,0,2009-10,Regular Season,1497,Chauncey Billups
22009,1497,0020900684,2010-01-29,DEN @ OKC,L,33,4,8,0.5,2,3,0.667,9,9,1.0,0,5,5,7,2,0,6,4,19,-13,0,2009-10,Regular Season,1497,Chauncey Billups
22009,1497,0020900695,2010-01-31,DEN @ SAS,W,45,7,15,0.467,3,5,0.6,8,8,1.0,0,6,6,11,2,0,6,0,25,14,0,2009-10,Regular Season,1497,Chauncey Billups
22009,1497,0020900708,2010-02-01,DEN vs. SAC,W,41,6,25,0.24,3,10,0.3,8,9,0.889,0,1,1,9,0,0,2,2,23,-5,0,2009-10,Regular Season,1497,Chauncey Billups
22009,1497,0020900725,2010-02-03,DEN vs. PHX,L,35,5,14,0.357,1,3,0.333,0,0,0.0,0,1,1,4,1,0,0,0,11,2,0,2009-10,Regular Season,1497,Chauncey Billups
22009,1497,0020900740,2010-02-05,DEN @ LAL,W,40,12,20,0.6,9,13,0.692,6,8,0.75,0,4,4,8,1,0,2,1,39,13,0,2009-10,Regular Season,1497,Chauncey Billups
22009,1497,0020900766,2010-02-09,DEN vs. DAL,W,28,6,8,0.75,3,5,0.6,1,1,1.0,0,1,1,6,3,0,2,1,16,25,0,2009-10,Regular Season,1497,Chauncey Billups
22009,1497,0020900780,2010-02-11,DEN vs. SAS,L,35,4,16,0.25,1,8,0.125,8,10,0.8,0,2,2,7,0,0,2,2,17,-11,0,2009-10,Regular Season,1497,Chauncey Billups
22009,1497,0020900802,2010-02-18,DEN @ CLE,W,43,7,20,0.35,2,7,0.286,2,2,1.0,1,0,1,8,0,0,1,4,18,-2,0,2009-10,Regular Season,1497,Chauncey Billups
22009,1497,0020900806,2010-02-19,DEN @ WAS,L,35,9,15,0.6,3,5,0.6,7,7,1.0,0,3,3,2,1,0,3,3,28,-8,0,2009-10,Regular Season,1497,Chauncey Billups
22009,1497,0020900824,2010-02-21,DEN vs. BOS,W,33,7,11,0.636,2,4,0.5,10,10,1.0,1,3,4,7,0,1,3,3,26,14,0,2009-10,Regular Season,1497,Chauncey Billups
22009,1497,0020900858,2010-02-25,DEN @ GSW,W,37,13,19,0.684,6,8,0.75,5,5,1.0,0,6,6,9,1,0,2,1,37,17,0,2009-10,Regular Season,1497,Chauncey Billups
22009,1497,0020900867,2010-02-26,DEN vs. DET,W,35,6,11,0.545,2,5,0.4,11,11,1.0,1,1,2,2,0,0,4,2,25,-5,0,2009-10,Regular Season,1497,Chauncey Billups
22009,1497,0020900879,2010-02-28,DEN @ LAL,L,37,4,12,0.333,3,7,0.429,6,7,0.857,0,5,5,4,1,0,5,0,17,4,0,2009-10,Regular Season,1497,Chauncey Billups
22009,1497,0020900893,2010-03-01,DEN @ PHX,L,38,7,12,0.583,2,4,0.5,5,5,1.0,0,2,2,4,2,0,4,3,21,-19,0,2009-10,Regular Season,1497,Chauncey Billups
22009,1497,0020900908,2010-03-03,DEN vs. OKC,W,27,3,9,0.333,1,5,0.2,6,7,0.857,0,2,2,5,1,0,4,1,13,18,0,2009-10,Regular Season,1497,Chauncey Billups
22009,1497,0020900922,2010-03-05,DEN vs. IND,W,37,3,13,0.231,1,6,0.167,7,8,0.875,0,6,6,2,2,0,3,2,14,5,0,2009-10,Regular Season,1497,Chauncey Billups
22009,1497,0020900939,2010-03-07,DEN vs. POR,W,40,8,14,0.571,1,4,0.25,4,5,0.8,1,3,4,5,0,0,2,2,21,10,0,2009-10,Regular Season,1497,Chauncey Billups
22009,1497,0020900957,2010-03-10,DEN @ MIN,W,36,9,18,0.5,2,7,0.286,5,5,1.0,1,2,3,3,1,1,2,1,25,2,0,2009-10,Regular Season,1497,Chauncey Billups
22009,1497,0020900971,2010-03-12,DEN @ NOH,W,38,6,14,0.429,2,7,0.286,7,8,0.875,0,1,1,7,4,0,5,2,21,12,0,2009-10,Regular Season,1497,Chauncey Billups
22009,1497,0020900978,2010-03-13,DEN @ MEM,W,31,8,15,0.533,2,6,0.333,4,4,1.0,0,4,4,4,0,0,1,1,22,5,0,2009-10,Regular Season,1497,Chauncey Billups
22009,1497,0020900993,2010-03-15,DEN @ HOU,L,32,7,13,0.538,3,4,0.75,0,0,0.0,1,1,2,4,0,0,3,6,17,-14,0,2009-10,Regular Season,1497,Chauncey Billups
22009,1497,0020901002,2010-03-16,DEN vs. WAS,W,32,2,9,0.222,0,6,0.0,6,7,0.857,0,0,0,2,2,0,2,3,10,7,0,2009-10,Regular Season,1497,Chauncey Billups
22009,1497,0020901017,2010-03-18,DEN vs. NOH,W,37,2,12,0.167,0,4,0.0,6,6,1.0,1,2,3,8,1,0,0,1,10,14,0,2009-10,Regular Season,1497,Chauncey Billups
22009,1497,0020901034,2010-03-20,DEN vs. MIL,L,37,5,17,0.294,2,5,0.4,17,17,1.0,0,4,4,3,2,0,1,1,29,-4,0,2009-10,Regular Season,1497,Chauncey Billups
22009,1497,0020901055,2010-03-23,DEN @ NYK,L,37,5,13,0.385,1,5,0.2,14,15,0.933,0,1,1,6,1,0,1,0,25,4,0,2009-10,Regular Season,1497,Chauncey Billups
22009,1497,0020901058,2010-03-24,DEN @ BOS,L,34,3,9,0.333,1,2,0.5,5,5,1.0,2,5,7,6,0,0,3,3,12,-22,0,2009-10,Regular Season,1497,Chauncey Billups
22009,1497,0020901075,2010-03-26,DEN @ TOR,W,37,4,18,0.222,3,11,0.273,7,7,1.0,0,2,2,4,1,0,3,3,18,5,0,2009-10,Regular Season,1497,Chauncey Billups
22009,1497,0020901092,2010-03-28,DEN @ ORL,L,35,8,17,0.471,2,5,0.4,0,0,0.0,0,5,5,5,0,0,0,0,18,7,0,2009-10,Regular Season,1497,Chauncey Billups
22009,1497,0020901100,2010-03-29,DEN @ DAL,L,33,3,14,0.214,1,7,0.143,4,4,1.0,1,2,3,6,0,0,2,4,11,-25,0,2009-10,Regular Season,1497,Chauncey Billups
22009,1497,0020901121,2010-04-01,DEN vs. POR,W,32,6,13,0.462,2,8,0.25,7,8,0.875,1,3,4,6,2,1,1,2,21,16,0,2009-10,Regular Season,1497,Chauncey Billups
22009,1497,0020901139,2010-04-03,DEN vs. LAC,W,34,4,13,0.308,3,7,0.429,3,4,0.75,0,3,3,6,1,0,0,2,14,9,0,2009-10,Regular Season,1497,Chauncey Billups
22009,1497,0020901165,2010-04-07,DEN @ OKC,W,37,8,19,0.421,4,8,0.5,9,9,1.0,1,7,8,4,1,0,4,4,29,7,0,2009-10,Regular Season,1497,Chauncey Billups
22009,1497,0020901173,2010-04-08,DEN vs. LAL,W,39,4,14,0.286,2,6,0.333,2,2,1.0,0,4,4,6,0,0,3,1,12,9,0,2009-10,Regular Season,1497,Chauncey Billups
22009,1497,0020901192,2010-04-10,DEN vs. SAS,L,37,8,18,0.444,1,5,0.2,10,11,0.909,0,2,2,3,1,0,3,2,27,-19,0,2009-10,Regular Season,1497,Chauncey Billups
22009,1497,0020901209,2010-04-12,DEN vs. MEM,W,28,3,11,0.273,1,5,0.2,4,5,0.8,0,4,4,7,3,1,3,0,11,12,0,2009-10,Regular Season,1497,Chauncey Billups
22009,1497,0020901216,2010-04-13,DEN @ PHX,L,33,5,13,0.385,1,6,0.167,5,6,0.833,0,3,3,0,0,0,2,0,16,-20,0,2009-10,Regular Season,1497,Chauncey Billups
42009,1497,0040900171,2010-04-17,DEN vs. UTA,W,30,6,12,0.5,1,4,0.25,2,2,1.0,0,1,1,8,2,0,3,4,15,3,0,2009-10,Playoffs,1497,Chauncey Billups
42009,1497,0040900172,2010-04-19,DEN vs. UTA,L,37,4,11,0.364,2,7,0.286,7,8,0.875,0,3,3,11,0,0,5,5,17,-6,0,2009-10,Playoffs,1497,Chauncey Billups
42009,1497,0040900173,2010-04-23,DEN @ UTA,L,40,7,14,0.5,2,5,0.4,9,11,0.818,1,4,5,3,1,0,4,3,25,-11,0,2009-10,Playoffs,1497,Chauncey Billups
42009,1497,0040900174,2010-04-25,DEN @ UTA,L,33,6,14,0.429,1,4,0.25,1,1,1.0,0,3,3,4,0,1,2,6,14,-11,0,2009-10,Playoffs,1497,Chauncey Billups
42009,1497,0040900175,2010-04-28,DEN vs. UTA,W,28,6,13,0.462,2,5,0.4,7,8,0.875,0,1,1,4,3,1,2,4,21,7,0,2009-10,Playoffs,1497,Chauncey Billups
42009,1497,0040900176,2010-04-30,DEN @ UTA,L,38,8,19,0.421,3,6,0.5,11,12,0.917,0,1,1,8,0,1,2,2,30,-10,0,2009-10,Playoffs,1497,Chauncey Billups
22009,739,0020900001,2009-10-27,BOS @ CLE,W,24,4,9,0.444,3,6,0.5,1,2,0.5,0,3,3,0,0,2,0,5,12,10,0,2009-10,Regular Season,739,Rasheed Wallace
22009,739,0020900008,2009-10-28,BOS vs. CHA,W,16,3,8,0.375,3,8,0.375,0,0,0.0,0,5,5,0,0,0,1,1,9,3,0,2009-10,Regular Season,739,Rasheed Wallace
22009,739,0020900022,2009-10-30,BOS vs. CHI,W,26,2,9,0.222,1,6,0.167,2,2,1.0,1,2,3,2,1,0,2,3,7,11,0,2009-10,Regular Season,739,Rasheed Wallace
22009,739,0020900040,2009-11-01,BOS vs. NOH,W,18,5,10,0.5,2,5,0.4,0,0,0.0,0,5,5,3,0,0,2,0,12,4,0,2009-10,Regular Season,739,Rasheed Wallace
22009,739,0020900053,2009-11-03,BOS @ PHI,W,24,7,10,0.7,6,8,0.75,0,0,0.0,0,6,6,2,2,1,0,4,20,30,0,2009-10,Regular Season,739,Rasheed Wallace
22009,739,0020900065,2009-11-04,BOS @ MIN,W,19,2,7,0.286,2,7,0.286,1,2,0.5,1,4,5,0,0,0,1,3,7,2,0,2009-10,Regular Season,739,Rasheed Wallace
22009,739,0020900076,2009-11-06,BOS vs. PHX,L,24,4,12,0.333,0,6,0.0,0,0,0.0,1,4,5,1,1,0,1,3,8,-8,0,2009-10,Regular Season,739,Rasheed Wallace
22009,739,0020900086,2009-11-07,BOS @ NJN,W,24,3,10,0.3,0,4,0.0,3,3,1.0,0,4,4,0,4,1,1,2,9,4,0,2009-10,Regular Season,739,Rasheed Wallace
22009,739,0020900111,2009-11-11,BOS vs. UTA,W,22,5,12,0.417,2,7,0.286,0,0,0.0,1,0,1,1,0,1,0,1,12,6,0,2009-10,Regular Season,739,Rasheed Wallace
22009,739,0020900127,2009-11-13,BOS vs. ATL,L,21,3,7,0.429,1,5,0.2,0,0,0.0,1,2,3,1,1,3,1,5,7,3,0,2009-10,Regular Season,739,Rasheed Wallace
22009,739,0020900135,2009-11-14,BOS @ IND,L,19,2,4,0.5,0,2,0.0,0,0,0.0,0,0,0,0,0,0,1,2,4,-5,0,2009-10,Regular Season,739,Rasheed Wallace
22009,739,0020900163,2009-11-18,BOS vs. GSW,W,16,3,8,0.375,2,6,0.333,0,0,0.0,0,1,1,1,1,0,1,2,8,8,0,2009-10,Regular Season,739,Rasheed Wallace
22009,739,0020900177,2009-11-20,BOS vs. ORL,L,34,4,16,0.25,0,8,0.0,1,2,0.5,5,8,13,2,3,1,0,2,9,9,0,2009-10,Regular Season,739,Rasheed Wallace
22009,739,0020900193,2009-11-22,BOS @ NYK,W,15,0,6,0.0,0,3,0.0,0,0,0.0,1,3,4,1,4,0,0,4,0,-4,0,2009-10,Regular Season,739,Rasheed Wallace
22009,739,0020900210,2009-11-25,BOS vs. PHI,W,21,2,7,0.286,2,6,0.333,2,4,0.5,1,3,4,0,0,0,2,3,8,-1,0,2009-10,Regular Season,739,Rasheed Wallace
22009,739,0020900225,2009-11-27,BOS vs. TOR,W,23,6,11,0.545,3,6,0.5,0,0,0.0,1,1,2,1,4,1,1,4,15,4,0,2009-10,Regular Season,739,Rasheed Wallace
22009,739,0020900242,2009-11-29,BOS @ MIA,W,18,3,8,0.375,0,3,0.0,0,0,0.0,1,5,6,0,0,0,1,4,6,-4,0,2009-10,Regular Season,739,Rasheed Wallace
22009,739,0020900253,2009-12-01,BOS @ CHA,W,16,2,7,0.286,1,3,0.333,2,2,1.0,0,2,2,1,0,2,0,2,7,-1,0,2009-10,Regular Season,739,Rasheed Wallace
22009,739,0020900269,2009-12-03,BOS @ SAS,W,16,4,9,0.444,2,5,0.4,3,5,0.6,1,1,2,0,0,4,0,2,13,-3,0,2009-10,Regular Season,739,Rasheed Wallace
22009,739,0020900279,2009-12-04,BOS @ OKC,W,18,3,7,0.429,2,2,1.0,2,2,1.0,0,3,3,1,1,0,1,1,10,-5,0,2009-10,Regular Season,739,Rasheed Wallace
22009,739,0020900302,2009-12-08,BOS vs. MIL,W,18,5,8,0.625,3,4,0.75,0,0,0.0,0,2,2,1,1,0,0,1,13,-6,0,2009-10,Regular Season,739,Rasheed Wallace
22009,739,0020900318,2009-12-10,BOS @ WAS,W,19,0,2,0.0,0,1,0.0,4,4,1.0,1,4,5,0,0,1,0,2,4,9,0,2009-10,Regular Season,739,Rasheed Wallace
22009,739,0020900333,2009-12-12,BOS @ CHI,W,22,5,12,0.417,1,5,0.2,4,4,1.0,3,2,5,0,1,2,0,3,15,13,0,2009-10,Regular Season,739,Rasheed Wallace
22009,739,0020900346,2009-12-14,BOS @ MEM,W,24,6,15,0.4,1,6,0.167,2,2,1.0,1,3,4,2,1,2,0,4,15,-4,0,2009-10,Regular Season,739,Rasheed Wallace
22009,739,0020900375,2009-12-18,BOS vs. PHI,L,9,2,4,0.5,0,0,0.0,1,2,0.5,1,2,3,0,1,0,2,3,5,1,0,2009-10,Regular Season,739,Rasheed Wallace
22009,739,0020900395,2009-12-20,BOS vs. MIN,W,20,3,6,0.5,0,3,0.0,4,4,1.0,0,4,4,1,1,1,2,3,10,-8,0,2009-10,Regular Season,739,Rasheed Wallace
22009,739,0020900407,2009-12-22,BOS vs. IND,W,36,3,8,0.375,1,4,0.25,2,2,1.0,3,10,13,3,3,1,0,5,9,11,0,2009-10,Regular Season,739,Rasheed Wallace
22009,739,0020900425,2009-12-25,BOS @ ORL,W,32,5,7,0.714,1,2,0.5,0,0,0.0,1,7,8,0,2,1,1,4,11,-4,0,2009-10,Regular Season,739,Rasheed Wallace
22009,739,0020900444,2009-12-27,BOS @ LAC,L,24,4,16,0.25,0,6,0.0,0,0,0.0,0,3,3,2,1,1,0,1,8,-6,0,2009-10,Regular Season,739,Rasheed Wallace
22009,739,0020900451,2009-12-28,BOS @ GSW,L,21,2,5,0.4,2,5,0.4,0,0,0.0,0,4,4,1,1,0,0,2,6,-3,0,2009-10,Regular Season,739,Rasheed Wallace
22009,739,0020900466,2009-12-30,BOS @ PHX,L,31,3,11,0.273,0,4,0.0,0,0,0.0,2,2,4,0,1,1,1,3,6,-11,0,2009-10,Regular Season,739,Rasheed Wallace
22009,739,0020900481,2010-01-02,BOS vs. TOR,W,35,6,11,0.545,2,5,0.4,2,2,1.0,0,6,6,4,3,1,0,1,16,17,0,2009-10,Regular Season,739,Rasheed Wallace
22009,739,0020900510,2010-01-06,BOS @ MIA,W,36,6,11,0.545,3,5,0.6,1,1,1.0,0,9,9,1,2,1,3,6,16,12,0,2009-10,Regular Season,739,Rasheed Wallace
22009,739,0020900520,2010-01-08,BOS @ ATL,L,39,5,15,0.333,1,8,0.125,0,0,0.0,1,2,3,4,1,1,1,2,11,-9,0,2009-10,Regular Season,739,Rasheed Wallace
22009,739,0020900538,2010-01-10,BOS @ TOR,W,34,9,12,0.75,5,7,0.714,6,6,1.0,1,7,8,0,1,2,0,4,29,6,0,2009-10,Regular Season,739,Rasheed Wallace
22009,739,0020900604,2010-01-18,BOS vs. DAL,L,35,5,13,0.385,0,4,0.0,1,3,0.333,0,3,3,0,1,0,3,5,11,-3,0,2009-10,Regular Season,739,Rasheed Wallace
22009,739,0020900613,2010-01-20,BOS @ DET,L,39,5,13,0.385,2,5,0.4,4,6,0.667,0,7,7,0,3,1,1,1,16,1,0,2009-10,Regular Season,739,Rasheed Wallace
22009,739,0020900628,2010-01-22,BOS vs. POR,W,29,6,13,0.462,2,7,0.286,0,0,0.0,0,6,6,2,0,1,1,4,14,9,0,2009-10,Regular Season,739,Rasheed Wallace
22009,739,0020900650,2010-01-25,BOS vs. LAC,W,17,2,8,0.25,1,4,0.25,0,0,0.0,0,4,4,0,1,0,1,3,5,-9,0,2009-10,Regular Season,739,Rasheed Wallace
22009,739,0020900675,2010-01-28,BOS @ ORL,L,26,7,14,0.5,3,6,0.5,0,0,0.0,0,2,2,0,3,1,0,4,17,-5,0,2009-10,Regular Season,739,Rasheed Wallace
22009,739,0020900679,2010-01-29,BOS @ ATL,L,26,2,8,0.25,1,5,0.2,1,2,0.5,1,1,2,2,0,0,3,4,6,-13,0,2009-10,Regular Season,739,Rasheed Wallace
22009,739,0020900696,2010-01-31,BOS vs. LAL,L,21,1,3,0.333,1,3,0.333,0,0,0.0,0,1,1,4,2,0,0,4,3,-2,0,2009-10,Regular Season,739,Rasheed Wallace
22009,739,0020900704,2010-02-01,BOS @ WAS,W,22,4,7,0.571,0,1,0.0,6,6,1.0,0,5,5,0,1,2,1,4,14,8,0,2009-10,Regular Season,739,Rasheed Wallace
22009,739,0020900722,2010-02-03,BOS vs. MIA,W,21,3,10,0.3,1,4,0.25,0,0,0.0,0,2,2,1,0,0,2,3,7,6,0,2009-10,Regular Season,739,Rasheed Wallace
22009,739,0020900733,2010-02-05,BOS vs. NJN,W,23,3,7,0.429,0,2,0.0,1,2,0.5,1,2,3,5,0,0,0,4,7,-3,0,2009-10,Regular Season,739,Rasheed Wallace
22009,739,0020900754,2010-02-07,BOS vs. ORL,L,19,1,6,0.167,0,2,0.0,0,0,0.0,0,1,1,3,0,0,0,3,2,-10,0,2009-10,Regular Season,739,Rasheed Wallace
22009,739,0020900775,2010-02-10,BOS @ NOH,L,25,6,9,0.667,1,2,0.5,0,1,0.0,0,5,5,3,2,2,3,2,13,-5,0,2009-10,Regular Season,739,Rasheed Wallace
22009,739,0020900789,2010-02-16,BOS @ SAC,W,24,5,9,0.556,1,4,0.25,6,6,1.0,0,5,5,0,1,3,1,4,17,10,0,2009-10,Regular Season,739,Rasheed Wallace
22009,739,0020900803,2010-02-18,BOS @ LAL,W,20,2,11,0.182,0,3,0.0,0,1,0.0,0,3,3,0,0,2,1,1,4,-10,0,2009-10,Regular Season,739,Rasheed Wallace
22009,739,0020900815,2010-02-19,BOS @ POR,W,23,3,7,0.429,0,3,0.0,0,0,0.0,0,2,2,4,1,0,0,4,6,6,0,2009-10,Regular Season,739,Rasheed Wallace
22009,739,0020900824,2010-02-21,BOS @ DEN,L,22,4,10,0.4,0,3,0.0,0,0,0.0,0,2,2,1,1,1,1,4,8,-11,0,2009-10,Regular Season,739,Rasheed Wallace
22009,739,0020900838,2010-02-23,BOS vs. NYK,W,20,3,6,0.5,1,3,0.333,0,0,0.0,0,5,5,1,0,0,0,1,7,-1,0,2009-10,Regular Season,739,Rasheed Wallace
22009,739,0020900857,2010-02-25,BOS vs. CLE,L,18,3,8,0.375,1,3,0.333,2,2,1.0,0,2,2,0,0,0,0,2,9,-12,0,2009-10,Regular Season,739,Rasheed Wallace
22009,739,0020900871,2010-02-27,BOS vs. NJN,L,29,4,13,0.308,1,5,0.2,0,0,0.0,1,5,6,2,0,0,2,4,9,-4,0,2009-10,Regular Season,739,Rasheed Wallace
22009,739,0020900895,2010-03-02,BOS @ DET,W,30,4,10,0.4,2,5,0.4,0,0,0.0,1,5,6,1,2,2,1,3,10,7,0,2009-10,Regular Season,739,Rasheed Wallace
22009,739,0020900901,2010-03-03,BOS vs. CHA,W,17,2,3,0.667,0,0,0.0,1,1,1.0,0,2,2,0,0,0,1,2,5,12,0,2009-10,Regular Season,739,Rasheed Wallace
22009,739,0020900916,2010-03-05,BOS @ PHI,W,20,2,3,0.667,1,1,1.0,2,4,0.5,0,4,4,0,0,2,2,0,7,8,0,2009-10,Regular Season,739,Rasheed Wallace
22009,739,0020900937,2010-03-07,BOS vs. WAS,W,18,1,6,0.167,0,2,0.0,2,2,1.0,0,3,3,1,0,1,0,3,4,-7,0,2009-10,Regular Season,739,Rasheed Wallace
22009,739,0020900950,2010-03-09,BOS @ MIL,L,19,2,3,0.667,1,1,1.0,2,2,1.0,0,4,4,1,2,0,0,3,7,11,0,2009-10,Regular Season,739,Rasheed Wallace
22009,739,0020900954,2010-03-10,BOS vs. MEM,L,22,3,7,0.429,1,3,0.333,4,5,0.8,0,2,2,0,6,3,0,1,11,-16,0,2009-10,Regular Season,739,Rasheed Wallace
22009,739,0020900966,2010-03-12,BOS vs. IND,W,19,2,4,0.5,0,2,0.0,2,2,1.0,0,5,5,0,0,0,1,3,6,12,0,2009-10,Regular Season,739,Rasheed Wallace
22009,739,0020900984,2010-03-14,BOS @ CLE,L,17,1,8,0.125,0,2,0.0,3,4,0.75,1,3,4,0,0,0,0,3,5,-17,0,2009-10,Regular Season,739,Rasheed Wallace
22009,739,0020900992,2010-03-15,BOS vs. DET,W,17,3,4,0.75,0,1,0.0,2,2,1.0,0,4,4,1,0,1,1,3,8,9,0,2009-10,Regular Season,739,Rasheed Wallace
22009,739,0020901009,2010-03-17,BOS vs. NYK,W,23,3,7,0.429,0,1,0.0,1,1,1.0,0,3,3,0,1,0,0,2,7,-6,0,2009-10,Regular Season,739,Rasheed Wallace
22009,739,0020901023,2010-03-19,BOS @ HOU,W,19,3,8,0.375,1,3,0.333,0,0,0.0,0,9,9,1,1,2,0,3,7,16,0,2009-10,Regular Season,739,Rasheed Wallace
22009,739,0020901033,2010-03-20,BOS @ DAL,W,16,0,2,0.0,0,1,0.0,2,2,1.0,0,3,3,0,0,1,1,2,2,-8,0,2009-10,Regular Season,739,Rasheed Wallace
22009,739,0020901050,2010-03-22,BOS @ UTA,L,21,2,6,0.333,0,2,0.0,0,0,0.0,0,4,4,1,1,3,1,1,4,3,0,2009-10,Regular Season,739,Rasheed Wallace
22009,739,0020901058,2010-03-24,BOS vs. DEN,W,15,1,4,0.25,0,2,0.0,0,0,0.0,0,3,3,1,1,1,1,4,2,-1,0,2009-10,Regular Season,739,Rasheed Wallace
22009,739,0020901076,2010-03-26,BOS vs. SAC,W,24,2,6,0.333,0,0,0.0,2,2,1.0,0,1,1,1,3,3,1,6,6,7,0,2009-10,Regular Season,739,Rasheed Wallace
22009,739,0020901095,2010-03-28,BOS vs. SAS,L,25,2,5,0.4,1,4,0.25,2,4,0.5,1,7,8,0,1,1,1,4,7,-5,0,2009-10,Regular Season,739,Rasheed Wallace
22009,739,0020901111,2010-03-31,BOS vs. OKC,L,26,7,8,0.875,2,3,0.667,2,4,0.5,1,0,1,1,0,0,3,3,18,-8,0,2009-10,Regular Season,739,Rasheed Wallace
22009,739,0020901125,2010-04-02,BOS vs. HOU,L,19,4,10,0.4,0,2,0.0,3,3,1.0,0,8,8,0,0,0,1,4,11,-1,0,2009-10,Regular Season,739,Rasheed Wallace
22009,739,0020901141,2010-04-04,BOS vs. CLE,W,10,3,5,0.6,0,0,0.0,0,0,0.0,0,0,0,1,0,1,0,1,6,5,0,2009-10,Regular Season,739,Rasheed Wallace
22009,739,0020901153,2010-04-06,BOS @ NYK,L,20,3,7,0.429,1,2,0.5,0,2,0.0,0,2,2,2,1,0,1,1,7,9,0,2009-10,Regular Season,739,Rasheed Wallace
22009,739,0020901159,2010-04-07,BOS @ TOR,W,23,2,5,0.4,0,2,0.0,1,2,0.5,0,3,3,1,0,2,0,3,5,5,0,2009-10,Regular Season,739,Rasheed Wallace
22009,739,0020901177,2010-04-09,BOS vs. WAS,L,20,4,7,0.571,1,2,0.5,1,3,0.333,1,2,3,0,3,1,0,1,10,-5,0,2009-10,Regular Season,739,Rasheed Wallace
22009,739,0020901191,2010-04-10,BOS @ MIL,W,24,5,11,0.455,2,3,0.667,0,0,0.0,3,4,7,1,0,1,0,3,12,0,0,2009-10,Regular Season,739,Rasheed Wallace
22009,739,0020901213,2010-04-13,BOS @ CHI,L,18,1,7,0.143,0,2,0.0,0,0,0.0,1,5,6,1,0,1,1,2,2,-10,0,2009-10,Regular Season,739,Rasheed Wallace
22009,739,0020901218,2010-04-14,BOS vs. MIL,L,29,4,9,0.444,1,4,0.25,0,0,0.0,1,5,6,1,0,0,0,3,9,1,0,2009-10,Regular Season,739,Rasheed Wallace
42009,739,0040900131,2010-04-17,BOS vs. MIA,W,14,1,1,1.0,0,0,0.0,2,3,0.667,0,1,1,1,0,1,1,2,4,7,0,2009-10,Playoffs,739,Rasheed Wallace
42009,739,0040900132,2010-04-20,BOS vs. MIA,W,21,2,6,0.333,0,1,0.0,2,2,1.0,0,5,5,1,0,0,0,3,6,-12,0,2009-10,Playoffs,739,Rasheed Wallace
42009,739,0040900133,2010-04-23,BOS @ MIA,W,11,1,1,1.0,0,0,0.0,0,0,0.0,0,1,1,0,0,0,0,4,2,11,0,2009-10,Playoffs,739,Rasheed Wallace
42009,739,0040900134,2010-04-25,BOS @ MIA,L,11,1,5,0.2,0,1,0.0,3,4,0.75,0,0,0,0,1,0,0,1,5,-20,0,2009-10,Playoffs,739,Rasheed Wallace
42009,739,0040900135,2010-04-27,BOS vs. MIA,W,9,1,2,0.5,0,0,0.0,0,0,0.0,0,3,3,0,0,0,0,1,2,-5,0,2009-10,Playoffs,739,Rasheed Wallace
42009,739,0040900201,2010-05-01,BOS @ CLE,L,13,1,5,0.2,0,1,0.0,0,0,0.0,0,2,2,1,0,0,1,3,2,-1,0,2009-10,Playoffs,739,Rasheed Wallace
42009,739,0040900202,2010-05-03,BOS @ CLE,W,18,7,8,0.875,3,4,0.75,0,0,0.0,0,2,2,0,0,0,0,4,17,-2,0,2009-10,Playoffs,739,Rasheed Wallace
42009,739,0040900203,2010-05-07,BOS vs. CLE,L,15,1,2,0.5,0,0,0.0,0,0,0.0,0,1,1,0,0,0,0,2,2,-7,0,2009-10,Playoffs,739,Rasheed Wallace
42009,739,0040900204,2010-05-09,BOS vs. CLE,W,20,0,3,0.0,0,1,0.0,3,4,0.75,0,3,3,0,2,2,0,4,3,12,0,2009-10,Playoffs,739,Rasheed Wallace
42009,739,0040900205,2010-05-11,BOS @ CLE,W,13,0,1,0.0,0,1,0.0,0,0,0.0,0,3,3,0,0,0,1,5,0,7,0,2009-10,Playoffs,739,Rasheed Wallace
42009,739,0040900206,2010-05-13,BOS vs. CLE,W,23,4,8,0.5,2,4,0.5,3,4,0.75,0,3,3,0,2,1,0,4,13,6,0,2009-10,Playoffs,739,Rasheed Wallace
42009,739,0040900301,2010-05-16,BOS @ ORL,W,20,3,9,0.333,2,5,0.4,5,6,0.833,0,2,2,0,0,1,0,4,13,0,0,2009-10,Playoffs,739,Rasheed Wallace
42009,739,0040900302,2010-05-18,BOS @ ORL,W,18,2,6,0.333,2,3,0.667,0,0,0.0,0,1,1,0,0,1,1,5,6,-6,0,2009-10,Playoffs,739,Rasheed Wallace
42009,739,0040900303,2010-05-22,BOS vs. ORL,W,17,4,6,0.667,2,3,0.667,0,0,0.0,0,4,4,0,1,0,0,2,10,13,0,2009-10,Playoffs,739,Rasheed Wallace
42009,739,0040900304,2010-05-24,BOS vs. ORL,L,13,2,7,0.286,0,4,0.0,0,0,0.0,1,2,3,0,0,0,1,4,4,2,0,2009-10,Playoffs,739,Rasheed Wallace
42009,739,0040900305,2010-05-26,BOS @ ORL,L,18,7,9,0.778,3,5,0.6,4,4,1.0,0,2,2,0,1,2,1,6,21,-16,0,2009-10,Playoffs,739,Rasheed Wallace
42009,739,0040900306,2010-05-28,BOS vs. ORL,W,12,0,5,0.0,0,1,0.0,0,0,0.0,1,2,3,0,0,1,0,2,0,9,0,2009-10,Playoffs,739,Rasheed Wallace
42009,739,0040900401,2010-06-03,BOS @ LAL,L,18,3,4,0.75,1,2,0.5,2,2,1.0,0,4,4,0,0,1,1,3,9,3,0,2009-10,Playoffs,739,Rasheed Wallace
42009,739,0040900402,2010-06-06,BOS @ LAL,W,18,3,5,0.6,1,3,0.333,0,0,,1,6,7,1,0,0,1,4,7,15,0,2009-10,Playoffs,739,Rasheed Wallace
42009,739,0040900403,2010-06-08,BOS vs. LAL,L,19,1,5,0.2,0,3,0.0,0,0,,0,4,4,3,2,1,0,4,2,-10,0,2009-10,Playoffs,739,Rasheed Wallace
42009,739,0040900404,2010-06-10,BOS vs. LAL,W,22,1,5,0.2,1,1,1.0,0,0,,0,2,2,0,1,0,1,5,3,7,0,2009-10,Playoffs,739,Rasheed Wallace
42009,739,0040900405,2010-06-13,BOS vs. LAL,W,15,2,4,0.5,1,2,0.5,0,0,,0,4,4,0,0,1,0,0,5,2,0,2009-10,Playoffs,739,Rasheed Wallace
42009,739,0040900406,2010-06-15,BOS @ LAL,L,17,0,7,0.0,0,6,0.0,0,0,,0,3,3,0,0,0,0,4,0,-11,0,2009-10,Playoffs,739,Rasheed Wallace
42009,739,0040900407,2010-06-17,BOS @ LAL,L,36,5,11,0.455,1,4,0.25,0,0,,2,6,8,2,0,2,0,6,11,-4,0,2009-10,Playoffs,739,Rasheed Wallace
22009,1112,0020900010,2009-10-28,DET @ MEM,W,28,1,2,0.5,0,0,0.0,1,6,0.167,2,7,9,0,0,1,2,3,3,9,0,2009-10,Regular Season,1112,Ben Wallace
22009,1112,0020900023,2009-10-30,DET vs. OKC,L,32,1,1,1.0,0,0,0.0,0,0,0.0,3,9,12,3,3,2,1,2,2,3,0,2009-10,Regular Season,1112,Ben Wallace
22009,1112,0020900036,2009-10-31,DET @ MIL,L,38,2,3,0.667,0,0,0.0,4,4,1.0,5,5,10,1,1,1,0,5,8,4,0,2009-10,Regular Season,1112,Ben Wallace
22009,1112,0020900054,2009-11-03,DET vs. ORL,W,28,1,2,0.5,0,0,0.0,0,0,0.0,6,4,10,0,2,2,1,2,2,11,0,2009-10,Regular Season,1112,Ben Wallace
22009,1112,0020900061,2009-11-04,DET @ TOR,L,29,3,5,0.6,0,0,0.0,0,0,0.0,4,5,9,1,0,0,0,3,6,-5,0,2009-10,Regular Season,1112,Ben Wallace
22009,1112,0020900074,2009-11-06,DET @ ORL,L,17,1,1,1.0,0,0,0.0,0,0,0.0,0,1,1,0,0,0,0,4,2,-14,0,2009-10,Regular Season,1112,Ben Wallace
22009,1112,0020900092,2009-11-08,DET vs. PHI,W,30,0,2,0.0,0,0,0.0,2,4,0.5,7,9,16,0,3,3,2,1,2,4,0,2009-10,Regular Season,1112,Ben Wallace
22009,1112,0020900112,2009-11-11,DET vs. CHA,W,31,0,0,0.0,0,0,0.0,0,0,0.0,3,6,9,3,3,3,0,0,0,27,0,2009-10,Regular Season,1112,Ben Wallace
22009,1112,0020900136,2009-11-14,DET @ WAS,W,31,2,2,1.0,0,0,0.0,1,3,0.333,5,2,7,4,1,2,0,1,5,8,0,2009-10,Regular Season,1112,Ben Wallace
22009,1112,0020900143,2009-11-15,DET vs. DAL,L,35,4,5,0.8,0,0,0.0,1,2,0.5,6,4,10,2,1,3,1,0,9,-9,0,2009-10,Regular Season,1112,Ben Wallace
22009,1112,0020900157,2009-11-17,DET @ LAL,L,19,1,3,0.333,0,0,0.0,0,0,0.0,2,3,5,3,0,1,1,2,2,-13,0,2009-10,Regular Season,1112,Ben Wallace
22009,1112,0020900169,2009-11-18,DET @ POR,L,33,0,2,0.0,0,0,0.0,0,0,0.0,2,10,12,2,1,1,0,1,0,-3,0,2009-10,Regular Season,1112,Ben Wallace
22009,1112,0020900190,2009-11-21,DET @ UTA,L,44,3,5,0.6,0,0,0.0,2,3,0.667,3,6,9,2,1,0,0,4,8,2,0,2009-10,Regular Season,1112,Ben Wallace
22009,1112,0020900196,2009-11-22,DET @ PHX,L,23,1,2,0.5,0,0,0.0,0,0,0.0,3,3,6,1,2,0,1,3,2,-14,0,2009-10,Regular Season,1112,Ben Wallace
22009,1112,0020900212,2009-11-25,DET vs. CLE,L,31,2,6,0.333,0,0,0.0,4,6,0.667,3,6,9,0,0,2,0,1,8,-4,0,2009-10,Regular Season,1112,Ben Wallace
22009,1112,0020900226,2009-11-27,DET vs. LAC,L,37,2,4,0.5,0,0,0.0,1,1,1.0,10,6,16,2,2,0,2,1,5,-7,0,2009-10,Regular Season,1112,Ben Wallace
22009,1112,0020900239,2009-11-29,DET vs. ATL,W,32,4,10,0.4,0,0,0.0,2,4,0.5,11,7,18,2,2,0,1,2,10,9,0,2009-10,Regular Season,1112,Ben Wallace
22009,1112,0020900264,2009-12-02,DET @ CHI,L,31,0,4,0.0,0,0,0.0,0,0,0.0,3,4,7,1,2,0,1,2,0,-16,0,2009-10,Regular Season,1112,Ben Wallace
22009,1112,0020900275,2009-12-04,DET vs. MIL,W,33,5,8,0.625,0,0,0.0,1,2,0.5,1,10,11,4,0,3,0,3,11,8,0,2009-10,Regular Season,1112,Ben Wallace
22009,1112,0020900293,2009-12-06,DET vs. WAS,W,35,0,5,0.0,0,0,0.0,0,0,0.0,5,3,8,5,2,1,4,0,0,1,0,2009-10,Regular Season,1112,Ben Wallace
22009,1112,0020900310,2009-12-09,DET @ PHI,W,30,0,2,0.0,0,0,0.0,0,0,0.0,4,8,12,1,4,0,2,2,0,14,0,2009-10,Regular Season,1112,Ben Wallace
22009,1112,0020900317,2009-12-10,DET vs. DEN,W,35,2,7,0.286,0,0,0.0,3,6,0.5,6,10,16,3,3,1,0,3,7,5,0,2009-10,Regular Season,1112,Ben Wallace
22009,1112,0020900332,2009-12-12,DET vs. GSW,W,28,1,2,0.5,0,0,0.0,0,0,0.0,2,7,9,1,2,2,2,1,2,6,0,2009-10,Regular Season,1112,Ben Wallace
22009,1112,0020900355,2009-12-15,DET @ HOU,L,21,1,2,0.5,0,0,0.0,1,4,0.25,5,3,8,3,0,0,1,0,3,-3,0,2009-10,Regular Season,1112,Ben Wallace
22009,1112,0020900365,2009-12-16,DET @ NOH,L,37,3,6,0.5,0,0,0.0,0,0,0.0,3,4,7,2,3,0,1,4,6,-10,0,2009-10,Regular Season,1112,Ben Wallace
22009,1112,0020900381,2009-12-18,DET @ OKC,L,25,2,3,0.667,0,0,0.0,0,0,0.0,4,4,8,1,0,0,0,1,4,3,0,2009-10,Regular Season,1112,Ben Wallace
22009,1112,0020900396,2009-12-20,DET vs. LAL,L,27,0,2,0.0,0,0,0.0,1,4,0.25,4,6,10,3,0,1,1,1,1,-16,0,2009-10,Regular Season,1112,Ben Wallace
22009,1112,0020900405,2009-12-22,DET @ CHA,L,28,2,4,0.5,0,0,0.0,2,2,1.0,4,4,8,0,1,1,0,0,6,-8,0,2009-10,Regular Season,1112,Ben Wallace
22009,1112,0020900415,2009-12-23,DET vs. TOR,L,24,2,5,0.4,0,0,0.0,0,2,0.0,5,5,10,1,0,0,0,3,4,-9,0,2009-10,Regular Season,1112,Ben Wallace
22009,1112,0020900439,2009-12-27,DET @ TOR,L,36,4,6,0.667,0,0,0.0,2,8,0.25,3,6,9,3,0,0,0,4,10,2,0,2009-10,Regular Season,1112,Ben Wallace
22009,1112,0020900454,2009-12-29,DET vs. NYK,L,22,3,5,0.6,0,0,0.0,1,2,0.5,1,7,8,1,1,1,1,1,7,-6,0,2009-10,Regular Season,1112,Ben Wallace
22009,1112,0020900469,2009-12-31,DET vs. CHI,L,22,1,3,0.333,0,0,0.0,0,0,0.0,6,3,9,1,0,2,0,1,2,-11,0,2009-10,Regular Season,1112,Ben Wallace
22009,1112,0020900502,2010-01-05,DET @ DAL,L,28,2,5,0.4,0,0,0.0,2,4,0.5,3,9,12,0,1,0,0,1,6,-1,0,2009-10,Regular Season,1112,Ben Wallace
22009,1112,0020900513,2010-01-06,DET @ SAS,L,26,3,4,0.75,0,0,0.0,1,1,1.0,4,1,5,2,1,1,2,4,7,5,0,2009-10,Regular Season,1112,Ben Wallace
22009,1112,0020900532,2010-01-09,DET vs. PHI,L,36,5,7,0.714,0,0,0.0,0,2,0.0,2,2,4,2,3,1,1,2,10,-10,0,2009-10,Regular Season,1112,Ben Wallace
22009,1112,0020900547,2010-01-11,DET @ CHI,L,18,4,4,1.0,0,0,0.0,0,0,0.0,0,2,2,1,1,1,1,1,8,-11,0,2009-10,Regular Season,1112,Ben Wallace
22009,1112,0020900554,2010-01-12,DET @ WAS,W,31,2,5,0.4,0,0,0.0,0,1,0.0,2,4,6,1,2,1,2,3,4,-2,0,2009-10,Regular Season,1112,Ben Wallace
22009,1112,0020900575,2010-01-15,DET vs. NOH,W,41,5,6,0.833,0,0,0.0,3,6,0.5,5,16,21,5,0,2,1,0,13,20,0,2009-10,Regular Season,1112,Ben Wallace
22009,1112,0020900587,2010-01-16,DET vs. NYK,W,29,1,4,0.25,0,0,0.0,3,6,0.5,4,3,7,3,1,4,2,1,5,0,0,2009-10,Regular Season,1112,Ben Wallace
22009,1112,0020900594,2010-01-18,DET @ NYK,L,38,8,13,0.615,0,1,0.0,0,2,0.0,7,7,14,0,0,0,0,2,16,7,0,2009-10,Regular Season,1112,Ben Wallace
22009,1112,0020900613,2010-01-20,DET vs. BOS,W,36,3,6,0.5,0,0,0.0,0,1,0.0,2,8,10,1,2,2,2,3,6,8,0,2009-10,Regular Season,1112,Ben Wallace
22009,1112,0020900629,2010-01-22,DET vs. IND,L,25,4,5,0.8,0,0,0.0,1,2,0.5,3,3,6,2,1,1,1,1,9,-16,0,2009-10,Regular Season,1112,Ben Wallace
22009,1112,0020900639,2010-01-23,DET vs. POR,L,32,2,4,0.5,0,0,0.0,2,6,0.333,5,3,8,2,1,0,1,3,6,-3,0,2009-10,Regular Season,1112,Ben Wallace
22009,1112,0020900666,2010-01-27,DET vs. MEM,L,35,6,9,0.667,0,0,0.0,2,2,1.0,6,3,9,2,2,2,3,3,14,-12,0,2009-10,Regular Season,1112,Ben Wallace
22009,1112,0020900680,2010-01-29,DET vs. MIA,L,26,3,5,0.6,0,0,0.0,0,0,0.0,2,2,4,2,0,0,0,1,6,-14,0,2009-10,Regular Season,1112,Ben Wallace
22009,1112,0020900698,2010-01-31,DET vs. ORL,L,31,2,4,0.5,0,0,0.0,0,2,0.0,3,6,9,0,2,3,1,3,4,-2,0,2009-10,Regular Season,1112,Ben Wallace
22009,1112,0020900714,2010-02-02,DET @ NJN,W,39,4,6,0.667,0,0,0.0,0,0,0.0,1,5,6,2,4,1,1,3,8,1,0,2009-10,Regular Season,1112,Ben Wallace
22009,1112,0020900731,2010-02-05,DET @ IND,L,17,0,1,0.0,0,0,0.0,0,0,0.0,1,1,2,0,1,1,0,2,0,-21,0,2009-10,Regular Season,1112,Ben Wallace
22009,1112,0020900744,2010-02-06,DET vs. NJN,W,31,3,4,0.75,0,0,0.0,3,4,0.75,5,5,10,2,0,4,2,1,9,5,0,2009-10,Regular Season,1112,Ben Wallace
22009,1112,0020900765,2010-02-09,DET @ MIL,W,25,0,3,0.0,0,0,0.0,0,0,0.0,1,4,5,1,1,2,0,0,0,-3,0,2009-10,Regular Season,1112,Ben Wallace
22009,1112,0020900771,2010-02-10,DET vs. SAC,L,32,2,3,0.667,0,0,0.0,1,2,0.5,4,9,13,0,2,2,2,2,5,4,0,2009-10,Regular Season,1112,Ben Wallace
22009,1112,0020900783,2010-02-16,DET vs. MIN,W,19,4,5,0.8,0,0,0.0,0,2,0.0,2,6,8,3,1,2,0,1,8,15,0,2009-10,Regular Season,1112,Ben Wallace
22009,1112,0020900792,2010-02-17,DET @ ORL,L,31,2,2,1.0,0,0,0.0,1,3,0.333,1,5,6,0,1,0,3,4,5,-8,0,2009-10,Regular Season,1112,Ben Wallace
22009,1112,0020900807,2010-02-19,DET vs. MIL,L,32,1,3,0.333,0,0,0.0,1,2,0.5,3,9,12,2,1,2,3,3,3,6,0,2009-10,Regular Season,1112,Ben Wallace
22009,1112,0020900825,2010-02-21,DET vs. SAS,W,33,0,0,0.0,0,0,0.0,4,10,0.4,3,6,9,1,0,3,0,5,4,5,0,2009-10,Regular Season,1112,Ben Wallace
22009,1112,0020900843,2010-02-23,DET @ SAC,W,22,2,2,1.0,0,0,0.0,0,1,0.0,0,3,3,2,2,0,2,2,4,20,0,2009-10,Regular Season,1112,Ben Wallace
22009,1112,0020900855,2010-02-24,DET @ LAC,L,26,0,4,0.0,0,0,0.0,0,2,0.0,4,6,10,0,1,1,0,2,0,-3,0,2009-10,Regular Season,1112,Ben Wallace
22009,1112,0020900867,2010-02-26,DET @ DEN,L,24,4,7,0.571,0,0,0.0,1,3,0.333,6,4,10,1,0,2,1,0,9,13,0,2009-10,Regular Season,1112,Ben Wallace
22009,1112,0020900877,2010-02-27,DET @ GSW,L,29,2,2,1.0,0,0,0.0,1,9,0.111,6,7,13,2,1,1,1,2,5,0,0,2009-10,Regular Season,1112,Ben Wallace
22009,1112,0020900895,2010-03-02,DET vs. BOS,L,27,3,4,0.75,0,0,0.0,0,5,0.0,4,8,12,2,0,1,1,2,6,-1,0,2009-10,Regular Season,1112,Ben Wallace
22009,1112,0020901018,2010-03-19,DET @ IND,L,24,0,0,0.0,0,0,0.0,1,2,0.5,3,4,7,1,3,1,0,0,1,4,0,2009-10,Regular Season,1112,Ben Wallace
22009,1112,0020901112,2010-03-31,DET vs. MIA,L,20,2,3,0.667,0,0,0.0,0,2,0.0,2,4,6,0,1,2,2,0,4,-6,0,2009-10,Regular Season,1112,Ben Wallace
22009,1112,0020901127,2010-04-02,DET vs. PHX,L,23,4,7,0.571,0,0,0.0,0,1,0.0,1,6,7,1,3,1,2,2,8,1,0,2009-10,Regular Season,1112,Ben Wallace
22009,1112,0020901151,2010-04-06,DET @ PHI,W,25,8,10,0.8,0,0,0.0,2,2,1.0,4,2,6,3,3,0,0,2,18,18,0,2009-10,Regular Season,1112,Ben Wallace
22009,1112,0020901160,2010-04-07,DET vs. ATL,W,20,2,2,1.0,0,0,0.0,4,4,1.0,1,3,4,0,0,3,1,1,8,-12,0,2009-10,Regular Season,1112,Ben Wallace
22009,1112,0020901179,2010-04-09,DET @ MIA,W,26,3,5,0.6,0,0,0.0,0,2,0.0,2,2,4,1,0,1,1,2,6,6,0,2009-10,Regular Season,1112,Ben Wallace
22009,1112,0020901187,2010-04-10,DET @ CHA,L,25,3,6,0.5,0,0,0.0,0,0,0.0,6,4,10,0,1,1,0,4,6,-1,0,2009-10,Regular Season,1112,Ben Wallace
22009,1112,0020901204,2010-04-12,DET vs. TOR,L,19,2,7,0.286,0,0,0.0,0,2,0.0,3,1,4,1,0,1,0,2,4,-28,0,2009-10,Regular Season,1112,Ben Wallace
22009,1112,0020901223,2010-04-14,DET @ MIN,W,22,3,6,0.5,0,1,0.0,3,4,0.75,3,2,5,1,3,1,0,0,9,3,0,2009-10,Regular Season,1112,Ben Wallace
22009,2546,0020900014,2009-10-28,DEN vs. UTA,W,40,11,22,0.5,1,2,0.5,7,10,0.7,2,6,8,5,1,1,2,3,30,-7,0,2009-10,Regular Season,2546,Carmelo Anthony
22009,2546,0020900018,2009-10-29,DEN @ POR,W,41,11,21,0.524,1,2,0.5,18,19,0.947,1,5,6,3,1,0,3,5,41,4,0,2009-10,Regular Season,2546,Carmelo Anthony
22009,2546,0020900043,2009-11-01,DEN vs. MEM,W,36,15,26,0.577,1,3,0.333,11,12,0.917,2,5,7,5,2,0,1,4,42,4,0,2009-10,Regular Season,2546,Carmelo Anthony
22009,2546,0020900052,2009-11-03,DEN @ IND,W,29,6,17,0.353,2,4,0.5,11,14,0.786,3,2,5,3,2,1,2,0,25,9,0,2009-10,Regular Season,2546,Carmelo Anthony
22009,2546,0020900063,2009-11-04,DEN @ NJN,W,32,8,24,0.333,2,4,0.5,4,5,0.8,1,3,4,1,2,0,2,2,22,20,0,2009-10,Regular Season,2546,Carmelo Anthony
22009,2546,0020900077,2009-11-06,DEN @ MIA,L,37,12,22,0.545,0,2,0.0,6,10,0.6,2,6,8,2,1,0,5,3,30,-19,0,2009-10,Regular Season,2546,Carmelo Anthony
22009,2546,0020900085,2009-11-07,DEN @ ATL,L,39,7,21,0.333,1,3,0.333,15,18,0.833,2,4,6,2,3,0,0,3,30,-23,0,2009-10,Regular Season,2546,Carmelo Anthony
22009,2546,0020900105,2009-11-10,DEN @ CHI,W,36,8,22,0.364,1,2,0.5,3,3,1.0,0,5,5,3,1,0,4,2,20,-6,0,2009-10,Regular Season,2546,Carmelo Anthony
22009,2546,0020900115,2009-11-11,DEN @ MIL,L,43,9,25,0.36,0,2,0.0,14,14,1.0,4,6,10,2,1,2,7,4,32,2,0,2009-10,Regular Season,2546,Carmelo Anthony
22009,2546,0020900131,2009-11-13,DEN vs. LAL,W,30,11,20,0.55,0,1,0.0,3,3,1.0,0,4,4,2,3,0,3,3,25,33,0,2009-10,Regular Season,2546,Carmelo Anthony
22009,2546,0020900155,2009-11-17,DEN vs. TOR,W,30,12,15,0.8,0,0,0.0,8,10,0.8,0,1,1,5,1,0,2,2,32,15,0,2009-10,Regular Season,2546,Carmelo Anthony
22009,2546,0020900182,2009-11-20,DEN @ LAC,L,43,12,20,0.6,1,3,0.333,12,13,0.923,0,6,6,4,2,0,6,4,37,1,0,2009-10,Regular Season,2546,Carmelo Anthony
22009,2546,0020900189,2009-11-21,DEN vs. CHI,W,41,12,25,0.48,1,4,0.25,5,5,1.0,2,9,11,7,2,0,3,4,30,20,0,2009-10,Regular Season,2546,Carmelo Anthony
22009,2546,0020900205,2009-11-24,DEN vs. NJN,W,34,10,18,0.556,0,1,0.0,7,11,0.636,2,4,6,4,1,0,3,5,27,12,0,2009-10,Regular Season,2546,Carmelo Anthony
22009,2546,0020900213,2009-11-25,DEN @ MIN,W,29,6,12,0.5,1,3,0.333,9,9,1.0,1,3,4,5,2,0,1,3,22,14,0,2009-10,Regular Season,2546,Carmelo Anthony
22009,2546,0020900230,2009-11-27,DEN vs. NYK,W,46,17,28,0.607,1,4,0.25,15,16,0.938,3,3,6,5,0,0,3,5,50,3,0,2009-10,Regular Season,2546,Carmelo Anthony
22009,2546,0020900246,2009-11-29,DEN vs. MIN,L,36,12,25,0.48,3,5,0.6,5,5,1.0,2,3,5,2,1,1,1,3,32,-6,0,2009-10,Regular Season,2546,Carmelo Anthony
22009,2546,0020900256,2009-12-01,DEN vs. GSW,W,31,10,19,0.526,0,2,0.0,5,5,1.0,4,3,7,4,1,0,3,2,25,20,0,2009-10,Regular Season,2546,Carmelo Anthony
22009,2546,0020900270,2009-12-03,DEN vs. MIA,W,33,6,17,0.353,2,4,0.5,8,9,0.889,1,2,3,1,0,1,4,3,22,22,0,2009-10,Regular Season,2546,Carmelo Anthony
22009,2546,0020900285,2009-12-05,DEN @ SAS,W,42,14,27,0.519,0,1,0.0,6,8,0.75,4,3,7,2,0,1,2,4,34,3,0,2009-10,Regular Season,2546,Carmelo Anthony
22009,2546,0020900296,2009-12-07,DEN @ PHI,W,34,5,21,0.238,0,1,0.0,4,4,1.0,4,0,4,1,0,0,3,4,14,-10,0,2009-10,Regular Season,2546,Carmelo Anthony
22009,2546,0020900300,2009-12-08,DEN @ CHA,L,41,12,22,0.545,0,2,0.0,10,11,0.909,1,6,7,2,0,0,6,5,34,-8,0,2009-10,Regular Season,2546,Carmelo Anthony
22009,2546,0020900317,2009-12-10,DEN @ DET,L,43,16,28,0.571,2,3,0.667,6,7,0.857,3,3,6,2,1,1,2,2,40,0,0,2009-10,Regular Season,2546,Carmelo Anthony
22009,2546,0020900336,2009-12-12,DEN vs. PHX,W,44,11,25,0.44,1,1,1.0,9,10,0.9,1,7,8,3,2,0,3,3,32,16,0,2009-10,Regular Season,2546,Carmelo Anthony
22009,2546,0020900348,2009-12-14,DEN vs. OKC,W,38,12,22,0.545,1,2,0.5,6,6,1.0,0,5,5,2,0,0,3,5,31,6,0,2009-10,Regular Season,2546,Carmelo Anthony
22009,2546,0020900367,2009-12-16,DEN vs. HOU,W,43,9,23,0.391,1,1,1.0,19,20,0.95,3,6,9,3,1,1,2,3,38,14,0,2009-10,Regular Season,2546,Carmelo Anthony
22009,2546,0020900379,2009-12-18,DEN @ NOH,L,37,5,16,0.313,0,1,0.0,7,9,0.778,2,4,6,4,1,0,2,2,17,-19,0,2009-10,Regular Season,2546,Carmelo Anthony
22009,2546,0020900394,2009-12-20,DEN @ MEM,L,43,13,26,0.5,1,6,0.167,14,17,0.824,1,5,6,5,1,0,5,4,41,-1,0,2009-10,Regular Season,2546,Carmelo Anthony
22009,2546,0020900421,2009-12-23,DEN vs. ATL,W,40,8,19,0.421,1,3,0.333,7,9,0.778,1,5,6,7,1,1,2,3,24,21,0,2009-10,Regular Season,2546,Carmelo Anthony
22009,2546,0020900428,2009-12-25,DEN @ POR,L,40,11,23,0.478,1,2,0.5,9,10,0.9,4,5,9,4,0,0,1,4,32,-11,0,2009-10,Regular Season,2546,Carmelo Anthony
22009,2546,0020900443,2009-12-27,DEN vs. DAL,L,31,5,19,0.263,0,0,0.0,6,7,0.857,5,7,12,4,2,1,2,6,16,7,0,2009-10,Regular Season,2546,Carmelo Anthony
22009,2546,0020900450,2009-12-28,DEN @ SAC,L,42,15,35,0.429,1,2,0.5,3,7,0.429,5,3,8,2,1,0,4,5,34,3,0,2009-10,Regular Season,2546,Carmelo Anthony
22009,2546,0020900549,2010-01-11,DEN vs. MIN,W,34,9,17,0.529,3,5,0.6,3,3,1.0,1,1,2,2,1,0,4,5,24,10,0,2009-10,Regular Season,2546,Carmelo Anthony
22009,2546,0020900566,2010-01-13,DEN vs. ORL,W,36,8,15,0.533,2,5,0.4,9,9,1.0,0,7,7,5,2,1,4,3,27,26,0,2009-10,Regular Season,2546,Carmelo Anthony
22009,2546,0020900593,2010-01-17,DEN vs. UTA,W,38,13,22,0.591,0,2,0.0,11,12,0.917,4,4,8,2,3,0,7,4,37,-4,0,2009-10,Regular Season,2546,Carmelo Anthony
22009,2546,0020900619,2010-01-20,DEN @ GSW,W,46,7,22,0.318,0,0,0.0,9,11,0.818,2,2,4,4,3,1,5,3,23,8,0,2009-10,Regular Season,2546,Carmelo Anthony
22009,2546,0020900622,2010-01-21,DEN vs. LAC,W,36,7,18,0.389,2,5,0.4,12,16,0.75,4,6,10,2,2,1,3,0,28,15,0,2009-10,Regular Season,2546,Carmelo Anthony
22009,2546,0020900643,2010-01-23,DEN vs. NOH,W,48,9,28,0.321,1,4,0.25,11,13,0.846,6,5,11,4,2,0,4,1,30,3,0,2009-10,Regular Season,2546,Carmelo Anthony
22009,2546,0020900766,2010-02-09,DEN vs. DAL,W,30,8,16,0.5,3,5,0.6,0,0,0.0,0,4,4,6,0,0,3,2,19,25,0,2009-10,Regular Season,2546,Carmelo Anthony
22009,2546,0020900780,2010-02-11,DEN vs. SAS,L,37,6,17,0.353,2,3,0.667,5,8,0.625,1,5,6,3,3,1,4,5,19,-20,0,2009-10,Regular Season,2546,Carmelo Anthony
22009,2546,0020900802,2010-02-18,DEN @ CLE,W,48,13,28,0.464,1,4,0.25,13,16,0.813,2,4,6,7,1,2,1,4,40,8,0,2009-10,Regular Season,2546,Carmelo Anthony
22009,2546,0020900806,2010-02-19,DEN @ WAS,L,34,7,20,0.35,0,2,0.0,9,14,0.643,1,6,7,1,0,0,5,4,23,-6,0,2009-10,Regular Season,2546,Carmelo Anthony
22009,2546,0020900824,2010-02-21,DEN vs. BOS,W,43,7,15,0.467,1,4,0.25,8,9,0.889,2,2,4,8,1,0,3,2,23,14,0,2009-10,Regular Season,2546,Carmelo Anthony
22009,2546,0020900858,2010-02-25,DEN @ GSW,W,38,12,21,0.571,0,2,0.0,3,8,0.375,1,4,5,1,0,0,3,2,27,22,0,2009-10,Regular Season,2546,Carmelo Anthony
22009,2546,0020900867,2010-02-26,DEN vs. DET,W,36,8,25,0.32,0,3,0.0,8,13,0.615,0,3,3,3,3,0,4,1,24,-8,0,2009-10,Regular Season,2546,Carmelo Anthony
22009,2546,0020900879,2010-02-28,DEN @ LAL,L,39,7,19,0.368,0,2,0.0,7,8,0.875,3,2,5,1,1,0,8,6,21,-7,0,2009-10,Regular Season,2546,Carmelo Anthony
22009,2546,0020900893,2010-03-01,DEN @ PHX,L,37,7,21,0.333,1,5,0.2,2,5,0.4,2,5,7,4,3,0,2,2,17,-5,0,2009-10,Regular Season,2546,Carmelo Anthony
22009,2546,0020900908,2010-03-03,DEN vs. OKC,W,32,11,19,0.579,1,2,0.5,7,8,0.875,2,6,8,5,2,1,3,1,30,31,0,2009-10,Regular Season,2546,Carmelo Anthony
22009,2546,0020900922,2010-03-05,DEN vs. IND,W,34,12,20,0.6,1,3,0.333,9,10,0.9,2,4,6,4,0,1,3,4,34,15,0,2009-10,Regular Season,2546,Carmelo Anthony
22009,2546,0020900939,2010-03-07,DEN vs. POR,W,39,11,19,0.579,0,3,0.0,8,12,0.667,0,2,2,5,0,0,3,4,30,17,0,2009-10,Regular Season,2546,Carmelo Anthony
22009,2546,0020900957,2010-03-10,DEN @ MIN,W,41,6,16,0.375,0,3,0.0,7,8,0.875,0,6,6,5,5,1,2,3,19,2,0,2009-10,Regular Season,2546,Carmelo Anthony
22009,2546,0020900971,2010-03-12,DEN @ NOH,W,44,13,27,0.481,0,2,0.0,6,6,1.0,4,8,12,3,0,0,3,2,32,8,0,2009-10,Regular Season,2546,Carmelo Anthony
22009,2546,0020900978,2010-03-13,DEN @ MEM,W,35,12,22,0.545,0,1,0.0,0,0,0.0,4,2,6,2,1,0,0,2,24,9,0,2009-10,Regular Season,2546,Carmelo Anthony
22009,2546,0020900993,2010-03-15,DEN @ HOU,L,40,18,35,0.514,3,5,0.6,6,7,0.857,5,5,10,3,0,1,1,3,45,6,0,2009-10,Regular Season,2546,Carmelo Anthony
22009,2546,0020901002,2010-03-16,DEN vs. WAS,W,42,12,26,0.462,0,2,0.0,5,5,1.0,5,7,12,2,1,0,4,4,29,6,0,2009-10,Regular Season,2546,Carmelo Anthony
22009,2546,0020901017,2010-03-18,DEN vs. NOH,W,42,12,25,0.48,0,3,0.0,2,2,1.0,4,14,18,4,1,0,3,3,26,17,0,2009-10,Regular Season,2546,Carmelo Anthony
22009,2546,0020901034,2010-03-20,DEN vs. MIL,L,41,10,29,0.345,0,2,0.0,9,12,0.75,5,2,7,2,1,1,4,4,29,-1,0,2009-10,Regular Season,2546,Carmelo Anthony
22009,2546,0020901055,2010-03-23,DEN @ NYK,L,42,14,26,0.538,0,3,0.0,8,8,1.0,0,5,5,2,0,1,1,3,36,-1,0,2009-10,Regular Season,2546,Carmelo Anthony
22009,2546,0020901058,2010-03-24,DEN @ BOS,L,41,9,23,0.391,1,3,0.333,13,16,0.813,2,3,5,5,1,1,2,4,32,-13,0,2009-10,Regular Season,2546,Carmelo Anthony
22009,2546,0020901075,2010-03-26,DEN @ TOR,W,41,10,22,0.455,1,4,0.25,4,6,0.667,2,6,8,2,1,0,1,3,25,3,0,2009-10,Regular Season,2546,Carmelo Anthony
22009,2546,0020901092,2010-03-28,DEN @ ORL,L,41,11,25,0.44,1,5,0.2,3,4,0.75,2,6,8,2,1,0,1,2,26,3,0,2009-10,Regular Season,2546,Carmelo Anthony
22009,2546,0020901100,2010-03-29,DEN @ DAL,L,37,3,16,0.188,1,1,1.0,3,3,1.0,5,4,9,1,1,0,0,5,10,-21,0,2009-10,Regular Season,2546,Carmelo Anthony
22009,2546,0020901121,2010-04-01,DEN vs. POR,W,32,10,21,0.476,0,2,0.0,5,5,1.0,2,3,5,2,1,0,9,4,25,3,0,2009-10,Regular Season,2546,Carmelo Anthony
22009,2546,0020901139,2010-04-03,DEN vs. LAC,W,42,11,21,0.524,0,0,0.0,2,2,1.0,3,1,4,5,1,2,3,2,24,0,0,2009-10,Regular Season,2546,Carmelo Anthony
22009,2546,0020901165,2010-04-07,DEN @ OKC,W,39,7,21,0.333,0,1,0.0,10,11,0.909,3,8,11,1,4,1,5,3,24,2,0,2009-10,Regular Season,2546,Carmelo Anthony
22009,2546,0020901173,2010-04-08,DEN vs. LAL,W,42,10,20,0.5,3,5,0.6,8,11,0.727,2,2,4,4,1,3,1,4,31,-1,0,2009-10,Regular Season,2546,Carmelo Anthony
22009,2546,0020901192,2010-04-10,DEN vs. SAS,L,35,8,18,0.444,2,4,0.5,1,2,0.5,1,3,4,1,2,0,5,5,19,-14,0,2009-10,Regular Season,2546,Carmelo Anthony
22009,2546,0020901209,2010-04-12,DEN vs. MEM,W,31,6,14,0.429,1,4,0.25,8,9,0.889,2,2,4,1,0,0,2,2,21,17,0,2009-10,Regular Season,2546,Carmelo Anthony
22009,2546,0020901216,2010-04-13,DEN @ PHX,L,39,13,28,0.464,1,2,0.5,2,4,0.5,2,4,6,2,2,0,1,4,29,-18,0,2009-10,Regular Season,2546,Carmelo Anthony
42009,2546,0040900171,2010-04-17,DEN vs. UTA,W,38,18,25,0.72,2,5,0.4,4,4,1.0,1,3,4,5,0,0,0,3,42,17,0,2009-10,Playoffs,2546,Carmelo Anthony
42009,2546,0040900172,2010-04-19,DEN vs. UTA,L,42,9,25,0.36,0,1,0.0,14,15,0.933,2,4,6,4,3,0,5,6,32,2,0,2009-10,Playoffs,2546,Carmelo Anthony
42009,2546,0040900173,2010-04-23,DEN @ UTA,L,38,11,21,0.524,0,3,0.0,3,4,0.75,0,7,7,2,1,2,4,5,25,-9,0,2009-10,Playoffs,2546,Carmelo Anthony
42009,2546,0040900174,2010-04-25,DEN @ UTA,L,44,13,26,0.5,4,4,1.0,9,9,1.0,6,5,11,1,4,1,9,5,39,-7,0,2009-10,Playoffs,2546,Carmelo Anthony
42009,2546,0040900175,2010-04-28,DEN vs. UTA,W,45,7,19,0.368,0,2,0.0,12,15,0.8,2,9,11,3,2,0,1,2,26,15,0,2009-10,Playoffs,2546,Carmelo Anthony
42009,2546,0040900176,2010-04-30,DEN @ UTA,L,46,6,22,0.273,0,4,0.0,8,10,0.8,3,9,12,5,2,0,2,5,20,-5,0,2009-10,Playoffs,2546,Carmelo Anthony
22009,101108,0020900013,2009-10-28,NOH @ SAS,L,34,11,16,0.688,2,2,1.0,2,4,0.5,0,1,1,9,0,0,5,1,26,-5,0,2009-10,Regular Season,101108,Chris Paul
22009,101108,0020900028,2009-10-30,NOH vs. SAC,W,36,8,14,0.571,1,1,1.0,14,15,0.933,0,2,2,4,0,0,4,4,31,3,0,2009-10,Regular Season,101108,Chris Paul
22009,101108,0020900040,2009-11-01,NOH @ BOS,L,37,9,13,0.692,2,3,0.667,2,3,0.667,0,3,3,8,2,0,2,3,22,-1,0,2009-10,Regular Season,101108,Chris Paul
22009,101108,0020900047,2009-11-02,NOH @ NYK,L,37,12,18,0.667,4,5,0.8,4,5,0.8,0,5,5,13,1,0,2,3,32,5,0,2009-10,Regular Season,101108,Chris Paul
22009,101108,0020900067,2009-11-04,NOH vs. DAL,W,45,14,23,0.609,3,4,0.75,8,8,1.0,1,4,5,7,2,0,3,5,39,3,0,2009-10,Regular Season,101108,Chris Paul
22009,101108,0020900079,2009-11-06,NOH vs. TOR,L,36,8,13,0.615,1,3,0.333,4,4,1.0,0,7,7,18,2,0,1,2,21,-10,0,2009-10,Regular Season,101108,Chris Paul
22009,101108,0020900097,2009-11-08,NOH @ LAL,L,30,3,8,0.375,0,1,0.0,9,11,0.818,0,1,1,9,1,0,0,4,15,-18,0,2009-10,Regular Season,101108,Chris Paul
22009,101108,0020900102,2009-11-09,NOH @ LAC,W,25,10,14,0.714,2,3,0.667,2,2,1.0,1,4,5,10,2,0,1,2,24,25,0,2009-10,Regular Season,101108,Chris Paul
22009,101108,0020900121,2009-11-11,NOH @ PHX,L,30,9,16,0.563,4,7,0.571,3,4,0.75,0,0,0,6,4,0,2,2,25,-17,0,2009-10,Regular Season,101108,Chris Paul
22009,101108,0020900129,2009-11-13,NOH vs. POR,L,31,1,8,0.125,0,0,0.0,1,2,0.5,1,4,5,8,3,0,1,2,3,-17,0,2009-10,Regular Season,101108,Chris Paul
22009,101108,0020900278,2009-12-04,NOH vs. MIN,W,39,6,13,0.462,1,3,0.333,3,3,1.0,0,6,6,15,8,1,3,3,16,12,0,2009-10,Regular Season,101108,Chris Paul
22009,101108,0020900305,2009-12-08,NOH vs. SAC,W,39,6,13,0.462,2,3,0.667,1,2,0.5,1,4,5,12,3,0,4,3,15,11,0,2009-10,Regular Season,101108,Chris Paul
22009,101108,0020900313,2009-12-09,NOH @ MIN,W,39,6,14,0.429,1,5,0.2,2,2,1.0,0,3,3,14,0,0,5,3,15,7,0,2009-10,Regular Season,101108,Chris Paul
22009,101108,0020900327,2009-12-11,NOH vs. NYK,L,37,4,14,0.286,0,3,0.0,5,5,1.0,1,5,6,13,1,0,3,2,13,-14,0,2009-10,Regular Season,101108,Chris Paul
22009,101108,0020900347,2009-12-14,NOH @ DAL,L,40,9,22,0.409,0,4,0.0,2,2,1.0,1,3,4,16,5,0,1,1,20,4,0,2009-10,Regular Season,101108,Chris Paul
22009,101108,0020900365,2009-12-16,NOH vs. DET,W,43,5,9,0.556,0,0,0.0,6,6,1.0,0,4,4,12,1,1,4,3,16,15,0,2009-10,Regular Season,101108,Chris Paul
22009,101108,0020900379,2009-12-18,NOH vs. DEN,W,42,13,20,0.65,1,2,0.5,3,3,1.0,1,8,9,19,1,0,4,2,30,18,0,2009-10,Regular Season,101108,Chris Paul
22009,101108,0020900393,2009-12-20,NOH @ TOR,L,40,3,13,0.231,0,1,0.0,4,4,1.0,1,7,8,7,1,0,5,1,10,-12,0,2009-10,Regular Season,101108,Chris Paul
22009,101108,0020900419,2009-12-23,NOH vs. GSW,W,39,8,17,0.471,1,3,0.333,3,6,0.5,0,5,5,7,1,0,0,3,20,9,0,2009-10,Regular Season,101108,Chris Paul
22009,101108,0020900432,2009-12-26,NOH @ CHI,L,39,7,14,0.5,1,2,0.5,0,0,0.0,0,1,1,7,3,2,1,1,15,-12,0,2009-10,Regular Season,101108,Chris Paul
22009,101108,0020900456,2009-12-29,NOH @ HOU,L,42,7,15,0.467,0,3,0.0,2,4,0.5,1,10,11,10,2,2,1,1,16,-11,0,2009-10,Regular Season,101108,Chris Paul
22009,101108,0020900465,2009-12-30,NOH vs. MIA,W,37,7,12,0.583,1,1,1.0,3,3,1.0,0,5,5,9,4,0,2,4,18,10,0,2009-10,Regular Season,101108,Chris Paul
22009,101108,0020900483,2010-01-02,NOH vs. HOU,W,43,9,21,0.429,1,2,0.5,9,10,0.9,0,2,2,9,2,1,1,3,28,8,0,2009-10,Regular Season,101108,Chris Paul
22009,101108,0020900496,2010-01-04,NOH @ UTA,W,39,5,15,0.333,0,4,0.0,2,2,1.0,3,3,6,9,3,0,2,4,12,3,0,2009-10,Regular Season,101108,Chris Paul
22009,101108,0020900512,2010-01-06,NOH @ OKC,W,39,5,15,0.333,0,2,0.0,4,4,1.0,1,3,4,13,3,0,1,3,14,4,0,2009-10,Regular Season,101108,Chris Paul
22009,101108,0020900523,2010-01-08,NOH vs. NJN,W,40,4,9,0.444,1,2,0.5,2,5,0.4,1,4,5,18,3,0,3,1,11,7,0,2009-10,Regular Season,101108,Chris Paul
22009,101108,0020900539,2010-01-10,NOH @ WAS,W,42,10,20,0.5,2,4,0.5,4,6,0.667,1,2,3,14,3,0,3,3,26,-1,0,2009-10,Regular Season,101108,Chris Paul
22009,101108,0020900545,2010-01-11,NOH @ PHI,L,41,5,13,0.385,2,3,0.667,1,1,1.0,1,4,5,14,2,0,1,2,13,13,0,2009-10,Regular Season,101108,Chris Paul
22009,101108,0020900562,2010-01-13,NOH vs. LAC,W,38,7,11,0.636,1,3,0.333,0,0,0.0,0,2,2,15,4,0,0,2,15,27,0,2009-10,Regular Season,101108,Chris Paul
22009,101108,0020900575,2010-01-15,NOH @ DET,L,47,7,14,0.5,2,4,0.5,8,10,0.8,0,5,5,14,4,0,3,6,24,-1,0,2009-10,Regular Season,101108,Chris Paul
22009,101108,0020900585,2010-01-16,NOH @ IND,W,39,8,19,0.421,0,2,0.0,6,6,1.0,0,8,8,11,2,1,2,1,22,3,0,2009-10,Regular Season,101108,Chris Paul
22009,101108,0020900601,2010-01-18,NOH vs. SAS,L,37,7,16,0.438,1,3,0.333,3,3,1.0,0,4,4,9,0,0,3,6,18,-16,0,2009-10,Regular Season,101108,Chris Paul
22009,101108,0020900616,2010-01-20,NOH vs. MEM,W,42,7,14,0.5,0,2,0.0,7,8,0.875,0,6,6,13,0,0,4,2,21,3,0,2009-10,Regular Season,101108,Chris Paul
22009,101108,0020900631,2010-01-22,NOH @ MIN,W,37,7,14,0.5,2,4,0.5,7,8,0.875,1,3,4,9,1,0,4,1,23,-9,0,2009-10,Regular Season,101108,Chris Paul
22009,101108,0020900643,2010-01-23,NOH @ DEN,L,45,10,18,0.556,1,4,0.25,5,5,1.0,0,3,3,10,2,0,3,3,26,-6,0,2009-10,Regular Season,101108,Chris Paul
22009,101108,0020900657,2010-01-25,NOH @ POR,W,42,9,17,0.529,3,5,0.6,3,3,1.0,0,7,7,12,5,0,2,0,24,6,0,2009-10,Regular Season,101108,Chris Paul
22009,101108,0020900673,2010-01-27,NOH @ GSW,W,38,14,19,0.737,1,4,0.25,9,9,1.0,1,5,6,9,3,0,7,3,38,20,0,2009-10,Regular Season,101108,Chris Paul
22009,101108,0020900683,2010-01-29,NOH vs. CHI,L,48,6,13,0.462,3,5,0.6,3,3,1.0,0,3,3,12,2,0,3,2,18,2,0,2009-10,Regular Season,101108,Chris Paul
22009,101108,0020901048,2010-03-22,NOH vs. DAL,W,21,4,9,0.444,3,5,0.6,0,0,0.0,0,0,0,3,1,0,2,3,11,-8,0,2009-10,Regular Season,101108,Chris Paul
22009,101108,0020901064,2010-03-24,NOH vs. CLE,L,31,2,8,0.25,1,4,0.25,0,0,0.0,1,1,2,7,2,0,3,4,5,-12,0,2009-10,Regular Season,101108,Chris Paul
22009,101108,0020901084,2010-03-27,NOH vs. POR,L,31,3,8,0.375,0,0,0.0,1,2,0.5,1,1,2,10,3,0,3,2,7,-19,0,2009-10,Regular Season,101108,Chris Paul
22009,101108,0020901099,2010-03-29,NOH vs. LAL,W,39,5,11,0.455,1,2,0.5,4,4,1.0,0,4,4,13,1,0,2,3,15,14,0,2009-10,Regular Season,101108,Chris Paul
22009,101108,0020901116,2010-03-31,NOH vs. WAS,L,44,4,9,0.444,0,1,0.0,0,0,0.0,0,4,4,9,1,0,1,4,8,-3,0,2009-10,Regular Season,101108,Chris Paul
22009,101108,0020901128,2010-04-02,NOH @ MEM,L,36,8,14,0.571,0,1,0.0,0,3,0.0,0,1,1,8,1,0,3,2,16,-11,0,2009-10,Regular Season,101108,Chris Paul
22009,101108,0020901134,2010-04-03,NOH @ NJN,L,37,2,11,0.182,0,2,0.0,0,0,0.0,0,4,4,6,1,0,2,3,4,-20,0,2009-10,Regular Season,101108,Chris Paul
22009,2548,0020900009,2009-10-28,MIA vs. NYK,W,36,10,22,0.455,1,4,0.25,5,7,0.714,0,5,5,5,2,0,2,1,26,35,0,2009-10,Regular Season,2548,Dwyane Wade
22009,2548,0020900024,2009-10-30,MIA @ IND,W,35,9,19,0.474,0,3,0.0,14,19,0.737,1,2,3,4,3,1,2,5,32,20,0,2009-10,Regular Season,2548,Dwyane Wade
22009,2548,0020900041,2009-11-01,MIA vs. CHI,W,36,8,19,0.421,1,4,0.25,8,10,0.8,1,0,1,3,0,0,4,2,25,7,0,2009-10,Regular Season,2548,Dwyane Wade
22009,2548,0020900055,2009-11-03,MIA vs. PHX,L,38,7,18,0.389,0,3,0.0,9,11,0.818,2,7,9,7,2,0,4,4,23,-8,0,2009-10,Regular Season,2548,Dwyane Wade
22009,2548,0020900062,2009-11-04,MIA @ WAS,W,43,14,26,0.538,2,5,0.4,10,13,0.769,0,4,4,5,1,2,4,3,40,12,0,2009-10,Regular Season,2548,Dwyane Wade
22009,2548,0020900077,2009-11-06,MIA vs. DEN,W,41,6,17,0.353,0,3,0.0,10,12,0.833,1,1,2,5,2,1,3,1,22,12,0,2009-10,Regular Season,2548,Dwyane Wade
22009,2548,0020900104,2009-11-10,MIA vs. WAS,W,38,14,29,0.483,1,3,0.333,12,13,0.923,2,3,5,5,3,1,2,2,41,15,0,2009-10,Regular Season,2548,Dwyane Wade
22009,2548,0020900122,2009-11-12,MIA vs. CLE,L,38,9,21,0.429,3,6,0.5,15,21,0.714,0,4,4,5,0,2,4,1,36,-4,0,2009-10,Regular Season,2548,Dwyane Wade
22009,2548,0020900138,2009-11-14,MIA vs. NJN,W,42,8,17,0.471,1,5,0.2,5,7,0.714,1,7,8,6,6,2,3,3,22,7,0,2009-10,Regular Season,2548,Dwyane Wade
22009,2548,0020900151,2009-11-17,MIA vs. OKC,L,40,6,19,0.316,1,4,0.25,9,12,0.75,2,4,6,7,4,2,6,1,22,-12,0,2009-10,Regular Season,2548,Dwyane Wade
22009,2548,0020900158,2009-11-18,MIA @ ATL,L,38,6,18,0.333,2,5,0.4,1,2,0.5,0,6,6,5,0,2,4,2,15,-14,0,2009-10,Regular Season,2548,Dwyane Wade
22009,2548,0020900175,2009-11-20,MIA @ TOR,L,42,10,24,0.417,1,5,0.2,9,10,0.9,0,5,5,8,2,0,0,2,30,0,0,2009-10,Regular Season,2548,Dwyane Wade
22009,2548,0020900195,2009-11-22,MIA vs. NOH,W,37,12,21,0.571,3,4,0.75,4,7,0.571,0,6,6,3,1,3,4,4,31,4,0,2009-10,Regular Season,2548,Dwyane Wade
22009,2548,0020900211,2009-11-25,MIA @ ORL,W,39,6,22,0.273,1,5,0.2,11,11,1.0,1,3,4,6,3,2,4,1,24,-2,0,2009-10,Regular Season,2548,Dwyane Wade
22009,2548,0020900223,2009-11-27,MIA vs. WAS,L,38,6,19,0.316,1,6,0.167,5,7,0.714,0,4,4,6,2,1,4,4,18,2,0,2009-10,Regular Season,2548,Dwyane Wade
22009,2548,0020900242,2009-11-29,MIA vs. BOS,L,37,11,23,0.478,0,3,0.0,5,8,0.625,1,4,5,6,2,1,3,1,27,-14,0,2009-10,Regular Season,2548,Dwyane Wade
22009,2548,0020900257,2009-12-01,MIA @ POR,W,38,9,18,0.5,0,1,0.0,4,7,0.571,3,2,5,12,1,0,3,5,22,10,0,2009-10,Regular Season,2548,Dwyane Wade
22009,2548,0020900270,2009-12-03,MIA @ DEN,L,35,8,20,0.4,0,3,0.0,9,13,0.692,3,7,10,4,1,0,4,3,25,-23,0,2009-10,Regular Season,2548,Dwyane Wade
22009,2548,0020900281,2009-12-04,MIA @ LAL,L,42,7,21,0.333,0,1,0.0,12,18,0.667,3,5,8,9,0,2,2,4,26,8,0,2009-10,Regular Season,2548,Dwyane Wade
22009,2548,0020900294,2009-12-06,MIA @ SAC,W,39,10,16,0.625,0,2,0.0,14,16,0.875,2,3,5,10,1,4,2,1,34,14,0,2009-10,Regular Season,2548,Dwyane Wade
22009,2548,0020900323,2009-12-11,MIA vs. DAL,L,40,8,24,0.333,0,2,0.0,12,15,0.8,4,7,11,5,1,1,4,2,28,-21,0,2009-10,Regular Season,2548,Dwyane Wade
22009,2548,0020900341,2009-12-13,MIA vs. MEM,L,33,11,23,0.478,1,2,0.5,2,3,0.667,3,1,4,4,0,0,3,1,25,-21,0,2009-10,Regular Season,2548,Dwyane Wade
22009,2548,0020900353,2009-12-15,MIA vs. TOR,W,29,8,19,0.421,1,1,1.0,2,2,1.0,1,1,2,7,0,0,1,3,19,12,0,2009-10,Regular Season,2548,Dwyane Wade
22009,2548,0020900371,2009-12-17,MIA vs. ORL,W,29,10,17,0.588,1,1,1.0,4,8,0.5,0,3,3,7,0,3,0,0,25,32,0,2009-10,Regular Season,2548,Dwyane Wade
22009,2548,0020900397,2009-12-20,MIA vs. POR,L,38,13,31,0.419,0,3,0.0,2,2,1.0,0,0,0,10,1,1,3,4,28,-8,0,2009-10,Regular Season,2548,Dwyane Wade
22009,2548,0020900416,2009-12-23,MIA vs. UTA,W,37,12,28,0.429,0,1,0.0,5,6,0.833,2,5,7,5,2,3,4,2,29,18,0,2009-10,Regular Season,2548,Dwyane Wade
22009,2548,0020900424,2009-12-25,MIA @ NYK,W,38,11,21,0.524,1,2,0.5,7,8,0.875,1,8,9,5,4,0,4,2,30,1,0,2009-10,Regular Season,2548,Dwyane Wade
22009,2548,0020900441,2009-12-27,MIA vs. IND,W,28,10,17,0.588,0,1,0.0,5,6,0.833,1,2,3,6,3,1,1,2,25,38,0,2009-10,Regular Season,2548,Dwyane Wade
22009,2548,0020900465,2009-12-30,MIA @ NOH,L,38,7,13,0.538,1,1,1.0,7,10,0.7,2,1,3,6,0,2,6,2,22,5,0,2009-10,Regular Season,2548,Dwyane Wade
22009,2548,0020900471,2009-12-31,MIA @ SAS,L,29,6,18,0.333,1,5,0.2,3,6,0.5,0,2,2,6,3,0,7,3,16,-19,0,2009-10,Regular Season,2548,Dwyane Wade
22009,2548,0020900478,2010-01-02,MIA vs. CHA,L,43,9,19,0.474,4,8,0.5,7,7,1.0,1,2,3,11,2,1,6,3,29,-1,0,2009-10,Regular Season,2548,Dwyane Wade
22009,2548,0020900494,2010-01-04,MIA vs. ATL,W,34,11,20,0.55,0,3,0.0,6,6,1.0,2,6,8,4,1,1,1,3,28,15,0,2009-10,Regular Season,2548,Dwyane Wade
22009,2548,0020900510,2010-01-06,MIA vs. BOS,L,43,15,34,0.441,3,7,0.429,11,16,0.688,5,0,5,7,3,1,2,5,44,-11,0,2009-10,Regular Season,2548,Dwyane Wade
22009,2548,0020900526,2010-01-08,MIA @ PHX,W,39,11,25,0.44,2,7,0.286,9,10,0.9,4,5,9,8,3,0,4,2,33,13,0,2009-10,Regular Season,2548,Dwyane Wade
22009,2548,0020900540,2010-01-10,MIA @ LAC,L,36,11,23,0.478,1,4,0.25,1,3,0.333,1,1,2,3,3,0,3,0,24,-13,0,2009-10,Regular Season,2548,Dwyane Wade
22009,2548,0020900551,2010-01-11,MIA @ UTA,L,29,6,12,0.5,0,0,0.0,1,1,1.0,0,3,3,6,0,3,4,1,13,-15,0,2009-10,Regular Season,2548,Dwyane Wade
22009,2548,0020900568,2010-01-13,MIA @ GSW,W,35,10,15,0.667,0,0,0.0,15,15,1.0,2,5,7,9,3,0,7,2,35,21,0,2009-10,Regular Season,2548,Dwyane Wade
22009,2548,0020900580,2010-01-15,MIA @ HOU,W,42,15,24,0.625,0,1,0.0,7,7,1.0,2,1,3,8,3,1,2,2,37,12,0,2009-10,Regular Season,2548,Dwyane Wade
22009,2548,0020900589,2010-01-16,MIA @ OKC,L,38,10,21,0.476,0,0,0.0,4,9,0.444,1,3,4,6,4,3,3,2,24,-15,0,2009-10,Regular Season,2548,Dwyane Wade
22009,2548,0020900607,2010-01-19,MIA vs. IND,W,31,12,20,0.6,4,6,0.667,4,8,0.5,0,0,0,3,2,3,1,0,32,25,0,2009-10,Regular Season,2548,Dwyane Wade
22009,2548,0020900609,2010-01-20,MIA @ CHA,L,32,6,16,0.375,0,2,0.0,4,8,0.5,2,2,4,1,1,0,4,4,16,-27,0,2009-10,Regular Season,2548,Dwyane Wade
22009,2548,0020900626,2010-01-22,MIA @ WAS,W,34,12,19,0.632,4,7,0.571,4,5,0.8,0,3,3,10,0,0,3,0,32,26,0,2009-10,Regular Season,2548,Dwyane Wade
22009,2548,0020900640,2010-01-23,MIA vs. SAC,W,30,11,15,0.733,0,3,0.0,5,7,0.714,1,3,4,8,1,3,0,1,27,27,0,2009-10,Regular Season,2548,Dwyane Wade
22009,2548,0020900651,2010-01-25,MIA vs. CLE,L,39,10,21,0.476,3,5,0.6,9,16,0.563,3,7,10,5,3,1,2,1,32,2,0,2009-10,Regular Season,2548,Dwyane Wade
22009,2548,0020900665,2010-01-27,MIA @ TOR,L,43,13,25,0.52,1,6,0.167,8,8,1.0,1,0,1,10,1,1,3,2,35,1,0,2009-10,Regular Season,2548,Dwyane Wade
22009,2548,0020900680,2010-01-29,MIA @ DET,W,24,7,11,0.636,4,5,0.8,4,7,0.571,0,4,4,3,1,0,3,2,22,15,0,2009-10,Regular Season,2548,Dwyane Wade
22009,2548,0020900693,2010-01-30,MIA @ MIL,L,31,6,20,0.3,0,6,0.0,9,12,0.75,1,1,2,7,0,0,4,5,21,-8,0,2009-10,Regular Season,2548,Dwyane Wade
22009,2548,0020900705,2010-02-01,MIA vs. MIL,L,36,7,19,0.368,1,5,0.2,8,9,0.889,0,1,1,6,4,0,4,5,23,-10,0,2009-10,Regular Season,2548,Dwyane Wade
22009,2548,0020900722,2010-02-03,MIA @ BOS,L,41,11,16,0.688,2,4,0.5,6,8,0.75,1,4,5,13,1,2,6,5,30,6,0,2009-10,Regular Season,2548,Dwyane Wade
22009,2548,0020900729,2010-02-04,MIA @ CLE,L,39,11,26,0.423,1,3,0.333,1,2,0.5,3,0,3,9,4,0,6,4,24,-16,0,2009-10,Regular Season,2548,Dwyane Wade
22009,2548,0020900745,2010-02-06,MIA @ CHI,L,39,7,21,0.333,0,3,0.0,6,8,0.75,3,3,6,8,2,0,3,3,20,9,0,2009-10,Regular Season,2548,Dwyane Wade
22009,2548,0020900762,2010-02-09,MIA vs. HOU,W,29,8,14,0.571,0,1,0.0,1,1,1.0,1,3,4,7,5,1,2,0,17,10,0,2009-10,Regular Season,2548,Dwyane Wade
22009,2548,0020900769,2010-02-10,MIA @ ATL,W,35,7,15,0.467,0,2,0.0,4,7,0.571,3,1,4,11,2,1,2,1,18,5,0,2009-10,Regular Season,2548,Dwyane Wade
22009,2548,0020900782,2010-02-16,MIA @ PHI,W,28,8,16,0.5,1,1,1.0,7,8,0.875,1,5,6,6,1,1,4,0,24,16,0,2009-10,Regular Season,2548,Dwyane Wade
22009,2548,0020900795,2010-02-17,MIA @ NJN,W,7,2,4,0.5,0,1,0.0,4,5,0.8,1,2,3,1,0,0,0,0,8,5,0,2009-10,Regular Season,2548,Dwyane Wade
22009,2548,0020900883,2010-02-28,MIA @ ORL,L,37,6,17,0.353,0,2,0.0,9,12,0.75,2,3,5,5,1,0,5,3,21,-3,0,2009-10,Regular Season,2548,Dwyane Wade
22009,2548,0020900896,2010-03-02,MIA vs. GSW,W,37,15,23,0.652,0,2,0.0,5,8,0.625,1,5,6,12,4,0,3,2,35,12,0,2009-10,Regular Season,2548,Dwyane Wade
22009,2548,0020900912,2010-03-04,MIA vs. LAL,W,42,9,21,0.429,1,3,0.333,8,9,0.889,3,2,5,14,1,0,6,3,27,5,0,2009-10,Regular Season,2548,Dwyane Wade
22009,2548,0020900926,2010-03-06,MIA vs. ATL,W,42,10,25,0.4,4,9,0.444,14,18,0.778,1,3,4,10,2,0,1,3,38,13,0,2009-10,Regular Season,2548,Dwyane Wade
22009,2548,0020900945,2010-03-09,MIA @ CHA,L,37,11,26,0.423,1,5,0.2,4,4,1.0,4,3,7,2,1,0,4,3,27,-9,0,2009-10,Regular Season,2548,Dwyane Wade
22009,2548,0020900956,2010-03-10,MIA vs. LAC,W,30,6,12,0.5,0,0,0.0,15,17,0.882,3,3,6,8,2,0,1,3,27,21,0,2009-10,Regular Season,2548,Dwyane Wade
22009,2548,0020900967,2010-03-12,MIA vs. CHI,W,33,7,16,0.438,0,2,0.0,8,12,0.667,0,2,2,7,1,0,6,2,22,19,0,2009-10,Regular Season,2548,Dwyane Wade
22009,2548,0020900985,2010-03-14,MIA vs. PHI,W,36,14,25,0.56,1,4,0.25,9,11,0.818,1,4,5,2,5,1,1,1,38,13,0,2009-10,Regular Season,2548,Dwyane Wade
22009,2548,0020900999,2010-03-16,MIA vs. SAS,L,43,11,26,0.423,1,4,0.25,5,8,0.625,1,2,3,5,3,1,5,4,28,-12,0,2009-10,Regular Season,2548,Dwyane Wade
22009,2548,0020901016,2010-03-18,MIA vs. ORL,L,45,12,26,0.462,3,7,0.429,9,10,0.9,3,7,10,7,1,1,1,4,36,-10,0,2009-10,Regular Season,2548,Dwyane Wade
22009,2548,0020901030,2010-03-20,MIA vs. CHA,W,40,6,18,0.333,0,3,0.0,2,4,0.5,0,5,5,9,1,5,3,5,14,11,0,2009-10,Regular Season,2548,Dwyane Wade
22009,2548,0020901044,2010-03-22,MIA @ NJN,W,38,9,13,0.692,0,0,0.0,9,12,0.75,3,4,7,12,2,1,2,2,27,8,0,2009-10,Regular Season,2548,Dwyane Wade
22009,2548,0020901068,2010-03-25,MIA @ CHI,W,29,5,7,0.714,0,0,0.0,2,7,0.286,0,5,5,10,1,2,1,0,12,28,0,2009-10,Regular Season,2548,Dwyane Wade
22009,2548,0020901079,2010-03-26,MIA @ MIL,W,37,9,14,0.643,1,2,0.5,11,12,0.917,1,6,7,7,3,1,5,1,30,9,0,2009-10,Regular Season,2548,Dwyane Wade
22009,2548,0020901091,2010-03-28,MIA vs. TOR,W,43,11,18,0.611,1,3,0.333,9,10,0.9,0,7,7,6,5,3,6,4,32,12,0,2009-10,Regular Season,2548,Dwyane Wade
22009,2548,0020901112,2010-03-31,MIA @ DET,W,28,4,13,0.308,0,1,0.0,2,2,1.0,2,1,3,1,2,0,2,1,10,-3,0,2009-10,Regular Season,2548,Dwyane Wade
22009,2548,0020901123,2010-04-02,MIA @ IND,W,44,14,22,0.636,2,3,0.667,13,17,0.765,2,7,9,6,3,3,5,1,43,20,0,2009-10,Regular Season,2548,Dwyane Wade
22009,2548,0020901136,2010-04-03,MIA @ MIN,W,40,15,27,0.556,1,2,0.5,8,10,0.8,1,7,8,6,0,0,5,3,39,20,0,2009-10,Regular Season,2548,Dwyane Wade
22009,2548,0020901161,2010-04-07,MIA vs. PHI,W,37,8,18,0.444,0,3,0.0,6,11,0.545,1,3,4,3,2,2,3,4,22,-1,0,2009-10,Regular Season,2548,Dwyane Wade
22009,2548,0020901179,2010-04-09,MIA vs. DET,L,37,5,8,0.625,1,1,1.0,8,9,0.889,0,3,3,9,0,1,5,3,19,-9,0,2009-10,Regular Season,2548,Dwyane Wade
22009,2548,0020901199,2010-04-11,MIA @ NYK,W,37,12,26,0.462,0,1,0.0,8,9,0.889,1,4,5,5,0,0,2,1,32,15,0,2009-10,Regular Season,2548,Dwyane Wade
22009,2548,0020901203,2010-04-12,MIA @ PHI,W,35,12,19,0.632,1,2,0.5,5,7,0.714,1,3,4,3,2,1,4,4,30,-1,0,2009-10,Regular Season,2548,Dwyane Wade
42009,2548,0040900131,2010-04-17,MIA @ BOS,L,40,11,18,0.611,0,4,0.0,4,6,0.667,1,7,8,6,3,2,7,2,26,-11,0,2009-10,Playoffs,2548,Dwyane Wade
42009,2548,0040900132,2010-04-20,MIA @ BOS,L,37,11,18,0.611,5,8,0.625,2,7,0.286,1,1,2,5,0,2,1,3,29,-29,0,2009-10,Playoffs,2548,Dwyane Wade
42009,2548,0040900133,2010-04-23,MIA vs. BOS,L,43,14,26,0.538,3,11,0.273,3,3,1.0,2,3,5,8,2,2,5,4,34,5,0,2009-10,Playoffs,2548,Dwyane Wade
42009,2548,0040900134,2010-04-25,MIA vs. BOS,W,43,16,24,0.667,5,7,0.714,9,14,0.643,0,5,5,5,2,0,6,4,46,7,0,2009-10,Playoffs,2548,Dwyane Wade
42009,2548,0040900135,2010-04-27,MIA @ BOS,L,46,10,24,0.417,2,7,0.286,9,10,0.9,2,6,8,10,1,2,7,3,31,-8,0,2009-10,Playoffs,2548,Dwyane Wade
22009,2730,0020900006,2009-10-28,ORL vs. PHI,W,29,9,11,0.818,0,0,0.0,3,6,0.5,7,8,15,2,1,2,1,2,21,13,0,2009-10,Regular Season,2730,Dwight Howard
22009,2730,0020900027,2009-10-30,ORL @ NJN,W,37,8,11,0.727,0,1,0.0,4,11,0.364,4,18,22,1,1,4,4,3,20,16,0,2009-10,Regular Season,2730,Dwight Howard
22009,2730,0020900039,2009-11-01,ORL @ TOR,W,36,5,13,0.385,0,0,0.0,14,16,0.875,5,6,11,1,2,1,3,3,24,6,0,2009-10,Regular Season,2730,Dwight Howard
22009,2730,0020900054,2009-11-03,ORL @ DET,L,17,2,2,1.0,0,0,0.0,4,8,0.5,1,4,5,0,0,3,3,6,8,3,0,2009-10,Regular Season,2730,Dwight Howard
22009,2730,0020900060,2009-11-04,ORL vs. PHX,W,23,9,14,0.643,0,0,0.0,7,8,0.875,1,5,6,0,0,0,5,5,25,30,0,2009-10,Regular Season,2730,Dwight Howard
22009,2730,0020900074,2009-11-06,ORL vs. DET,W,38,7,8,0.875,0,0,0.0,8,9,0.889,4,8,12,3,0,2,1,6,22,10,0,2009-10,Regular Season,2730,Dwight Howard
22009,2730,0020900094,2009-11-08,ORL @ OKC,L,32,5,10,0.5,0,0,0.0,10,17,0.588,3,4,7,0,1,0,4,4,20,-17,0,2009-10,Regular Season,2730,Dwight Howard
22009,2730,0020900103,2009-11-10,ORL @ CHA,W,36,7,13,0.538,0,0,0.0,1,2,0.5,3,7,10,6,1,0,5,3,15,5,0,2009-10,Regular Season,2730,Dwight Howard
22009,2730,0020900117,2009-11-11,ORL vs. CLE,L,32,3,3,1.0,0,0,0.0,5,12,0.417,2,5,7,0,1,1,2,5,11,0,0,2009-10,Regular Season,2730,Dwight Howard
22009,2730,0020900124,2009-11-13,ORL vs. NJN,W,36,10,14,0.714,0,0,0.0,6,12,0.5,5,7,12,1,1,5,1,3,26,11,0,2009-10,Regular Season,2730,Dwight Howard
22009,2730,0020900148,2009-11-16,ORL vs. CHA,W,34,4,5,0.8,0,0,0.0,6,14,0.429,4,7,11,2,1,2,1,5,14,-2,0,2009-10,Regular Season,2730,Dwight Howard
22009,2730,0020900160,2009-11-18,ORL vs. OKC,W,18,5,7,0.714,0,0,0.0,1,4,0.25,3,7,10,0,0,1,2,4,11,20,0,2009-10,Regular Season,2730,Dwight Howard
22009,2730,0020900177,2009-11-20,ORL @ BOS,W,37,2,4,0.5,0,0,0.0,5,11,0.455,3,12,15,0,1,3,3,4,9,14,0,2009-10,Regular Season,2730,Dwight Howard
22009,2730,0020900192,2009-11-22,ORL @ TOR,W,32,4,13,0.308,0,0,0.0,9,14,0.643,5,7,12,3,0,0,4,4,17,6,0,2009-10,Regular Season,2730,Dwight Howard
22009,2730,0020900211,2009-11-25,ORL vs. MIA,L,35,3,5,0.6,0,0,0.0,6,11,0.545,4,12,16,1,3,0,4,5,12,11,0,2009-10,Regular Season,2730,Dwight Howard
22009,2730,0020900220,2009-11-26,ORL @ ATL,W,41,9,14,0.643,0,0,0.0,4,9,0.444,6,11,17,3,1,4,5,3,22,14,0,2009-10,Regular Season,2730,Dwight Howard
22009,2730,0020900236,2009-11-28,ORL @ MIL,W,40,10,15,0.667,0,1,0.0,5,10,0.5,4,16,20,2,1,4,6,3,25,10,0,2009-10,Regular Season,2730,Dwight Howard
22009,2730,0020900243,2009-11-29,ORL @ NYK,W,41,8,9,0.889,0,0,0.0,8,15,0.533,5,11,16,1,2,2,2,3,24,22,0,2009-10,Regular Season,2730,Dwight Howard
22009,2730,0020900261,2009-12-02,ORL vs. NYK,W,27,6,7,0.857,0,0,0.0,7,10,0.7,5,5,10,2,1,0,4,2,19,25,0,2009-10,Regular Season,2730,Dwight Howard
22009,2730,0020900289,2009-12-05,ORL @ GSW,W,31,6,11,0.545,0,0,0.0,5,7,0.714,2,6,8,2,2,2,4,5,17,11,0,2009-10,Regular Season,2730,Dwight Howard
22009,2730,0020900307,2009-12-08,ORL @ LAC,W,43,7,10,0.7,0,1,0.0,11,15,0.733,3,8,11,5,2,7,4,2,25,9,0,2009-10,Regular Season,2730,Dwight Howard
22009,2730,0020900319,2009-12-10,ORL @ UTA,L,44,6,11,0.545,0,0,0.0,6,7,0.857,3,7,10,1,1,2,3,5,18,-7,0,2009-10,Regular Season,2730,Dwight Howard
22009,2730,0020900330,2009-12-11,ORL @ PHX,L,41,1,1,1.0,0,0,0.0,8,17,0.471,5,13,18,2,2,0,5,3,10,-4,0,2009-10,Regular Season,2730,Dwight Howard
22009,2730,0020900344,2009-12-14,ORL vs. IND,W,42,4,10,0.4,0,0,0.0,13,22,0.591,9,14,23,1,0,4,3,2,21,7,0,2009-10,Regular Season,2730,Dwight Howard
22009,2730,0020900360,2009-12-16,ORL vs. TOR,W,35,6,7,0.857,0,0,0.0,6,8,0.75,2,12,14,0,0,8,2,2,18,19,0,2009-10,Regular Season,2730,Dwight Howard
22009,2730,0020900371,2009-12-17,ORL @ MIA,L,36,6,11,0.545,0,0,0.0,5,9,0.556,2,12,14,0,0,2,3,3,17,-29,0,2009-10,Regular Season,2730,Dwight Howard
22009,2730,0020900385,2009-12-19,ORL vs. POR,W,42,4,8,0.5,0,0,0.0,4,6,0.667,3,17,20,0,2,4,4,4,12,8,0,2009-10,Regular Season,2730,Dwight Howard
22009,2730,0020900401,2009-12-21,ORL vs. UTA,W,37,5,8,0.625,0,0,0.0,11,15,0.733,3,6,9,2,1,5,4,3,21,10,0,2009-10,Regular Season,2730,Dwight Howard
22009,2730,0020900414,2009-12-23,ORL vs. HOU,W,33,5,7,0.714,0,0,0.0,3,4,0.75,4,16,20,3,2,4,3,4,13,23,0,2009-10,Regular Season,2730,Dwight Howard
22009,2730,0020900425,2009-12-25,ORL vs. BOS,L,44,1,7,0.143,0,0,0.0,3,4,0.75,3,17,20,1,2,4,7,4,5,-5,0,2009-10,Regular Season,2730,Dwight Howard
22009,2730,0020900461,2009-12-30,ORL vs. MIL,W,24,8,11,0.727,0,0,0.0,1,2,0.5,1,9,10,1,2,2,2,4,17,11,0,2009-10,Regular Season,2730,Dwight Howard
22009,2730,0020900475,2010-01-01,ORL @ MIN,W,42,4,10,0.4,0,0,0.0,1,2,0.5,2,13,15,4,2,3,2,4,9,18,0,2009-10,Regular Season,2730,Dwight Howard
22009,2730,0020900482,2010-01-02,ORL @ CHI,L,33,3,7,0.429,0,0,0.0,3,8,0.375,5,7,12,1,0,2,2,4,9,0,0,2009-10,Regular Season,2730,Dwight Howard
22009,2730,0020900499,2010-01-05,ORL @ IND,L,28,2,6,0.333,0,0,0.0,7,12,0.583,7,8,15,0,1,2,5,6,11,-3,0,2009-10,Regular Season,2730,Dwight Howard
22009,2730,0020900509,2010-01-06,ORL vs. TOR,L,37,7,10,0.7,0,0,0.0,6,11,0.545,3,9,12,1,0,1,9,5,20,5,0,2009-10,Regular Season,2730,Dwight Howard
22009,2730,0020900519,2010-01-08,ORL @ WAS,L,35,9,13,0.692,0,0,0.0,5,12,0.417,5,7,12,1,2,2,3,3,23,-14,0,2009-10,Regular Season,2730,Dwight Howard
22009,2730,0020900531,2010-01-09,ORL vs. ATL,W,23,4,8,0.5,0,0,0.0,4,6,0.667,2,5,7,4,0,3,4,4,12,13,0,2009-10,Regular Season,2730,Dwight Howard
22009,2730,0020900557,2010-01-12,ORL @ SAC,W,41,9,15,0.6,0,0,0.0,12,17,0.706,3,13,16,5,3,3,3,3,30,17,0,2009-10,Regular Season,2730,Dwight Howard
22009,2730,0020900566,2010-01-13,ORL @ DEN,L,31,1,7,0.143,0,0,0.0,6,8,0.75,4,9,13,1,1,3,5,1,8,-20,0,2009-10,Regular Season,2730,Dwight Howard
22009,2730,0020900583,2010-01-15,ORL @ POR,L,32,4,7,0.571,0,0,0.0,3,10,0.3,2,9,11,0,0,2,1,2,11,-15,0,2009-10,Regular Season,2730,Dwight Howard
22009,2730,0020900605,2010-01-18,ORL @ LAL,L,43,10,14,0.714,0,0,0.0,4,6,0.667,4,8,12,2,0,3,1,4,24,-10,0,2009-10,Regular Season,2730,Dwight Howard
22009,2730,0020900610,2010-01-20,ORL vs. IND,W,37,8,13,0.615,0,0,0.0,16,24,0.667,7,4,11,0,4,0,6,2,32,15,0,2009-10,Regular Season,2730,Dwight Howard
22009,2730,0020900623,2010-01-22,ORL vs. SAC,W,26,4,7,0.571,0,0,0.0,11,12,0.917,3,12,15,1,3,2,5,4,19,21,0,2009-10,Regular Season,2730,Dwight Howard
22009,2730,0020900636,2010-01-23,ORL @ CHA,W,49,4,11,0.364,0,1,0.0,2,4,0.5,3,17,20,1,2,7,6,3,10,9,0,2009-10,Regular Season,2730,Dwight Howard
22009,2730,0020900652,2010-01-25,ORL @ MEM,L,45,9,14,0.643,0,0,0.0,9,11,0.818,5,10,15,3,0,6,4,4,27,0,0,2009-10,Regular Season,2730,Dwight Howard
22009,2730,0020900675,2010-01-28,ORL vs. BOS,W,32,8,12,0.667,0,0,0.0,3,10,0.3,4,6,10,0,2,4,3,4,19,6,0,2009-10,Regular Season,2730,Dwight Howard
22009,2730,0020900689,2010-01-30,ORL vs. ATL,W,41,10,16,0.625,0,0,0.0,11,18,0.611,1,18,19,2,1,3,4,4,31,12,0,2009-10,Regular Season,2730,Dwight Howard
22009,2730,0020900698,2010-01-31,ORL @ DET,W,41,4,9,0.444,0,0,0.0,8,18,0.444,1,14,15,3,0,5,3,4,16,3,0,2009-10,Regular Season,2730,Dwight Howard
22009,2730,0020900713,2010-02-02,ORL vs. MIL,W,31,7,10,0.7,0,0,0.0,8,13,0.615,3,8,11,1,0,5,6,4,22,8,0,2009-10,Regular Season,2730,Dwight Howard
22009,2730,0020900732,2010-02-05,ORL vs. WAS,L,40,8,14,0.571,0,0,0.0,4,6,0.667,4,14,18,4,2,3,4,3,20,5,0,2009-10,Regular Season,2730,Dwight Howard
22009,2730,0020900754,2010-02-07,ORL @ BOS,W,32,4,9,0.444,0,0,0.0,8,12,0.667,2,11,13,1,0,2,2,5,16,10,0,2009-10,Regular Season,2730,Dwight Howard
22009,2730,0020900755,2010-02-08,ORL vs. NOH,W,43,8,13,0.615,0,0,0.0,9,13,0.692,2,10,12,2,1,4,5,5,25,12,0,2009-10,Regular Season,2730,Dwight Howard
22009,2730,0020900773,2010-02-10,ORL @ CHI,W,25,7,10,0.7,0,0,0.0,4,6,0.667,4,10,14,1,1,1,5,4,18,23,0,2009-10,Regular Season,2730,Dwight Howard
22009,2730,0020900779,2010-02-11,ORL @ CLE,L,31,6,9,0.667,0,0,0.0,7,10,0.7,2,9,11,1,0,2,3,5,19,-2,0,2009-10,Regular Season,2730,Dwight Howard
22009,2730,0020900792,2010-02-17,ORL vs. DET,W,41,11,16,0.688,0,0,0.0,11,13,0.846,5,12,17,3,0,7,1,1,33,20,0,2009-10,Regular Season,2730,Dwight Howard
22009,2730,0020900812,2010-02-19,ORL vs. DAL,L,42,11,19,0.579,0,0,0.0,7,10,0.7,4,12,16,1,0,5,2,2,29,-7,0,2009-10,Regular Season,2730,Dwight Howard
22009,2730,0020900823,2010-02-21,ORL vs. CLE,W,43,7,15,0.467,0,0,0.0,8,13,0.615,3,13,16,2,1,4,0,4,22,9,0,2009-10,Regular Season,2730,Dwight Howard
22009,2730,0020900850,2010-02-24,ORL @ HOU,W,34,11,11,1.0,0,0,0.0,8,12,0.667,3,13,16,3,0,1,3,4,30,9,0,2009-10,Regular Season,2730,Dwight Howard
22009,2730,0020900864,2010-02-26,ORL @ NOH,L,43,11,18,0.611,0,0,0.0,4,6,0.667,2,8,10,1,0,3,1,2,26,-13,0,2009-10,Regular Season,2730,Dwight Howard
22009,2730,0020900883,2010-02-28,ORL vs. MIA,W,25,1,7,0.143,0,0,0.0,5,8,0.625,1,4,5,1,0,3,2,5,7,-7,0,2009-10,Regular Season,2730,Dwight Howard
22009,2730,0020900888,2010-03-01,ORL @ PHI,W,24,4,7,0.571,0,0,0.0,6,7,0.857,1,2,3,0,0,1,4,4,14,10,0,2009-10,Regular Season,2730,Dwight Howard
22009,2730,0020900900,2010-03-03,ORL vs. GSW,W,32,11,17,0.647,0,1,0.0,6,11,0.545,3,9,12,2,2,2,3,0,28,13,0,2009-10,Regular Season,2730,Dwight Howard
22009,2730,0020900920,2010-03-05,ORL @ NJN,W,40,5,9,0.556,0,0,0.0,1,4,0.25,5,11,16,4,3,4,5,3,11,14,0,2009-10,Regular Season,2730,Dwight Howard
22009,2730,0020900935,2010-03-07,ORL vs. LAL,W,32,6,14,0.429,0,0,0.0,3,8,0.375,5,11,16,2,0,2,2,5,15,5,0,2009-10,Regular Season,2730,Dwight Howard
22009,2730,0020900947,2010-03-09,ORL vs. LAC,W,32,9,12,0.75,0,0,0.0,4,4,1.0,3,12,15,3,0,2,4,0,22,25,0,2009-10,Regular Season,2730,Dwight Howard
22009,2730,0020900962,2010-03-11,ORL vs. CHI,W,20,4,6,0.667,0,0,0.0,4,6,0.667,1,5,6,2,0,2,5,4,12,16,0,2009-10,Regular Season,2730,Dwight Howard
22009,2730,0020900977,2010-03-13,ORL @ WAS,W,37,11,13,0.846,0,0,0.0,6,9,0.667,4,11,15,5,1,2,4,1,28,20,0,2009-10,Regular Season,2730,Dwight Howard
22009,2730,0020900986,2010-03-14,ORL vs. CHA,L,41,12,14,0.857,0,1,0.0,3,10,0.3,6,10,16,1,1,2,4,5,27,-15,0,2009-10,Regular Season,2730,Dwight Howard
22009,2730,0020901010,2010-03-17,ORL vs. SAS,W,24,3,4,0.75,0,0,0.0,3,8,0.375,1,6,7,2,0,1,3,3,9,14,0,2009-10,Regular Season,2730,Dwight Howard
22009,2730,0020901016,2010-03-18,ORL @ MIA,W,31,3,9,0.333,0,0,0.0,4,8,0.5,5,6,11,1,0,4,2,5,10,2,0,2009-10,Regular Season,2730,Dwight Howard
22009,2730,0020901043,2010-03-22,ORL @ PHI,W,35,9,11,0.818,0,0,0.0,5,12,0.417,4,11,15,0,0,2,4,4,23,8,0,2009-10,Regular Season,2730,Dwight Howard
22009,2730,0020901057,2010-03-24,ORL @ ATL,L,42,4,11,0.364,0,0,0.0,11,16,0.688,5,19,24,1,2,4,5,3,19,11,0,2009-10,Regular Season,2730,Dwight Howard
22009,2730,0020901073,2010-03-26,ORL vs. MIN,W,31,6,7,0.857,0,0,0.0,12,16,0.75,5,14,19,4,3,4,5,4,24,18,0,2009-10,Regular Season,2730,Dwight Howard
22009,2730,0020901092,2010-03-28,ORL vs. DEN,W,43,7,15,0.467,0,0,0.0,4,9,0.444,4,7,11,5,1,2,2,2,18,1,0,2009-10,Regular Season,2730,Dwight Howard
22009,2730,0020901120,2010-04-01,ORL @ DAL,W,43,6,11,0.545,0,0,0.0,5,8,0.625,4,16,20,1,1,5,3,0,17,17,0,2009-10,Regular Season,2730,Dwight Howard
22009,2730,0020901129,2010-04-02,ORL @ SAS,L,24,4,7,0.571,0,0,0.0,2,11,0.182,1,5,6,2,0,0,1,6,10,-2,0,2009-10,Regular Season,2730,Dwight Howard
22009,2730,0020901144,2010-04-04,ORL vs. MEM,W,34,2,6,0.333,0,0,0.0,4,7,0.571,1,10,11,1,0,5,4,5,8,2,0,2009-10,Regular Season,2730,Dwight Howard
22009,2730,0020901166,2010-04-07,ORL vs. WAS,W,29,7,10,0.7,0,0,0.0,3,4,0.75,4,6,10,2,1,3,4,1,17,13,0,2009-10,Regular Season,2730,Dwight Howard
22009,2730,0020901174,2010-04-09,ORL vs. NYK,W,37,11,14,0.786,0,0,0.0,3,8,0.375,5,8,13,2,0,1,0,3,25,16,0,2009-10,Regular Season,2730,Dwight Howard
22009,2730,0020901195,2010-04-11,ORL @ CLE,W,38,9,13,0.692,0,1,0.0,4,9,0.444,4,9,13,3,0,6,2,3,22,8,0,2009-10,Regular Season,2730,Dwight Howard
22009,2730,0020901202,2010-04-12,ORL @ IND,W,26,4,6,0.667,0,0,0.0,4,10,0.4,2,9,11,3,0,4,1,3,12,19,0,2009-10,Regular Season,2730,Dwight Howard
22009,2730,0020901225,2010-04-14,ORL vs. PHI,W,29,6,8,0.75,0,0,0.0,3,5,0.6,1,11,12,2,0,1,3,4,15,32,0,2009-10,Regular Season,2730,Dwight Howard
42009,2730,0040900111,2010-04-18,ORL vs. CHA,W,28,2,4,0.5,0,0,0.0,1,6,0.167,4,3,7,1,1,9,2,5,5,9,0,2009-10,Playoffs,2730,Dwight Howard
42009,2730,0040900112,2010-04-21,ORL vs. CHA,W,29,5,10,0.5,0,0,0.0,5,12,0.417,7,2,9,2,2,2,6,5,15,2,0,2009-10,Playoffs,2730,Dwight Howard
42009,2730,0040900113,2010-04-24,ORL @ CHA,W,26,4,7,0.571,0,0,0.0,5,10,0.5,1,7,8,3,0,7,4,6,13,6,0,2009-10,Playoffs,2730,Dwight Howard
42009,2730,0040900114,2010-04-26,ORL @ CHA,W,23,2,6,0.333,0,0,0.0,2,7,0.286,1,12,13,3,0,2,1,6,6,15,0,2009-10,Playoffs,2730,Dwight Howard
42009,2730,0040900211,2010-05-04,ORL vs. ATL,W,29,8,10,0.8,0,0,0.0,5,10,0.5,3,9,12,2,0,5,2,3,21,26,0,2009-10,Playoffs,2730,Dwight Howard
42009,2730,0040900212,2010-05-06,ORL vs. ATL,W,39,8,9,0.889,0,0,0.0,13,18,0.722,3,14,17,0,0,1,4,5,29,21,0,2009-10,Playoffs,2730,Dwight Howard
42009,2730,0040900213,2010-05-08,ORL @ ATL,W,38,6,8,0.75,0,0,0.0,9,18,0.5,2,14,16,3,1,1,4,4,21,13,0,2009-10,Playoffs,2730,Dwight Howard
42009,2730,0040900214,2010-05-10,ORL @ ATL,W,43,5,5,1.0,0,0,0.0,3,6,0.5,1,7,8,1,1,4,7,4,13,21,0,2009-10,Playoffs,2730,Dwight Howard
42009,2730,0040900301,2010-05-16,ORL vs. BOS,L,39,3,10,0.3,0,0,0.0,7,12,0.583,3,9,12,2,0,5,7,4,13,-10,0,2009-10,Playoffs,2730,Dwight Howard
42009,2730,0040900302,2010-05-18,ORL vs. BOS,L,40,9,13,0.692,0,0,0.0,12,17,0.706,2,6,8,1,1,0,3,4,30,4,0,2009-10,Playoffs,2730,Dwight Howard
42009,2730,0040900303,2010-05-22,ORL @ BOS,L,39,3,10,0.3,0,0,0.0,1,4,0.25,1,6,7,1,1,3,1,3,7,-29,0,2009-10,Playoffs,2730,Dwight Howard
42009,2730,0040900304,2010-05-24,ORL @ BOS,W,43,13,19,0.684,0,0,0.0,6,14,0.429,5,11,16,0,0,4,4,4,32,7,0,2009-10,Playoffs,2730,Dwight Howard
42009,2730,0040900305,2010-05-26,ORL vs. BOS,W,40,7,12,0.583,0,0,0.0,7,12,0.583,2,8,10,0,2,5,4,2,21,13,0,2009-10,Playoffs,2730,Dwight Howard
42009,2730,0040900306,2010-05-28,ORL @ BOS,L,41,11,17,0.647,0,0,0.0,6,12,0.5,3,9,12,0,2,1,2,4,28,-18,0,2009-10,Playoffs,2730,Dwight Howard
