SEASON_ID,Player_ID,Game_ID,GAME_DATE,MATCHUP,WL,MIN,FGM,FGA,FG_PCT,FG3M,FG3A,FG3_PCT,FTM,FTA,FT_PCT,OREB,DREB,REB,AST,STL,BLK,TOV,PF,PTS,PLUS_MINUS,VIDEO_AVAILABLE,SEASON,SEASON_TYPE,PLAYER_ID,PLAYER_NAME
22011,202696,21100031,2011-12-28,PHI @ PHX,W,20,3,6,0.5,0,0,0.0,0,0,0.0,3,3,6,2,1,0,2,2,6,-3,0,2011-12,Regular Season,202696,Nikola Vučević
22011,202696,21100048,2011-12-30,PHI @ UTA,L,9,0,1,0.0,0,0,0.0,0,0,0.0,0,2,2,0,1,0,0,1,0,-3,0,2011-12,Regular Season,202696,Nikola Vučević
22011,202696,21100056,2011-12-31,PHI @ GSW,W,7,2,2,1.0,1,1,1.0,0,0,0.0,0,2,2,2,1,1,0,2,5,5,0,2011-12,Regular Season,202696,Nikola Vučević
22011,202696,21100099,2012-01-06,PHI vs. DET,W,3,3,3,1.0,0,0,0.0,0,0,0.0,1,1,2,0,0,0,1,1,6,3,0,2011-12,Regular Season,202696,Nikola Vučević
22011,202696,21100114,2012-01-07,PHI vs. TOR,W,20,4,7,0.571,0,0,0.0,1,2,0.5,6,4,10,2,1,2,0,3,9,17,0,2011-12,Regular Season,202696,Nikola Vučević
22011,202696,21100127,2012-01-09,PHI vs. IND,W,17,5,8,0.625,1,1,1.0,0,0,0.0,2,6,8,1,0,0,0,4,11,15,0,2011-12,Regular Season,202696,Nikola Vučević
22011,202696,21100132,2012-01-10,PHI vs. SAC,W,19,2,3,0.667,0,0,0.0,0,0,0.0,1,4,5,1,1,0,2,5,4,22,0,2011-12,Regular Season,202696,Nikola Vučević
22011,202696,21100145,2012-01-11,PHI @ NYK,L,12,0,2,0.0,0,0,0.0,0,0,0.0,2,3,5,0,0,1,1,2,0,-19,0,2011-12,Regular Season,202696,Nikola Vučević
22011,202696,21100160,2012-01-13,PHI vs. WAS,W,17,1,2,0.5,0,0,0.0,0,0,0.0,0,1,1,0,0,1,0,2,2,7,0,2011-12,Regular Season,202696,Nikola Vučević
22011,202696,21100170,2012-01-14,PHI @ WAS,W,10,1,4,0.25,0,0,0.0,0,2,0.0,2,2,4,1,0,1,0,1,2,12,0,2011-12,Regular Season,202696,Nikola Vučević
22011,202696,21100202,2012-01-18,PHI vs. DEN,L,12,1,2,0.5,0,0,0.0,0,0,0.0,0,3,3,0,0,2,0,4,2,2,0,2011-12,Regular Season,202696,Nikola Vučević
22011,202696,21100217,2012-01-20,PHI vs. ATL,W,29,4,11,0.364,0,2,0.0,0,0,0.0,2,5,7,1,1,1,1,1,8,11,0,2011-12,Regular Season,202696,Nikola Vučević
22011,202696,21100229,2012-01-21,PHI @ MIA,L,24,6,9,0.667,0,0,0.0,1,3,0.333,4,5,9,1,0,0,0,1,13,-7,0,2011-12,Regular Season,202696,Nikola Vučević
22011,202696,21100333,2012-02-03,PHI vs. MIA,L,5,0,1,0.0,0,0,0.0,0,0,0.0,0,2,2,0,0,0,0,0,0,-3,0,2011-12,Regular Season,202696,Nikola Vučević
22011,202696,21100343,2012-02-04,PHI @ ATL,W,21,7,10,0.7,1,1,1.0,0,0,0.0,0,3,3,0,0,0,0,2,15,3,0,2011-12,Regular Season,202696,Nikola Vučević
22011,202696,21100357,2012-02-06,PHI vs. LAL,W,25,4,10,0.4,0,1,0.0,0,0,0.0,1,5,6,1,0,2,0,0,8,9,0,2011-12,Regular Season,202696,Nikola Vučević
22011,202696,21100374,2012-02-08,PHI vs. SAS,L,15,0,4,0.0,0,0,0.0,0,0,0.0,2,4,6,0,0,0,4,3,0,-9,0,2011-12,Regular Season,202696,Nikola Vučević
22011,202696,21100389,2012-02-10,PHI vs. LAC,L,12,1,2,0.5,0,0,0.0,0,0,0.0,2,2,4,0,0,2,1,2,2,-3,0,2011-12,Regular Season,202696,Nikola Vučević
22011,202696,21100402,2012-02-11,PHI @ CLE,W,24,5,8,0.625,0,0,0.0,0,0,0.0,0,4,4,1,1,0,0,2,10,14,0,2011-12,Regular Season,202696,Nikola Vučević
22011,202696,21100414,2012-02-13,PHI @ CHA,W,27,4,8,0.5,0,0,0.0,0,0,0.0,2,8,10,1,0,2,0,4,8,9,0,2011-12,Regular Season,202696,Nikola Vučević
22011,202696,21100430,2012-02-15,PHI @ ORL,L,22,5,10,0.5,0,0,0.0,0,0,0.0,2,3,5,0,2,0,1,3,10,-3,0,2011-12,Regular Season,202696,Nikola Vučević
22011,202696,21100446,2012-02-17,PHI vs. DAL,L,19,7,8,0.875,0,0,0.0,2,2,1.0,3,4,7,0,1,1,2,3,16,8,0,2011-12,Regular Season,202696,Nikola Vučević
22011,202696,21100467,2012-02-19,PHI @ MIN,L,16,4,8,0.5,0,0,0.0,0,0,0.0,1,3,4,0,2,2,0,4,8,-3,0,2011-12,Regular Season,202696,Nikola Vučević
22011,202696,21100484,2012-02-21,PHI @ MEM,L,14,1,3,0.333,0,0,0.0,0,0,0.0,0,1,1,0,0,0,0,4,2,-12,0,2011-12,Regular Season,202696,Nikola Vučević
22011,202696,21100494,2012-02-22,PHI @ HOU,L,28,8,12,0.667,0,0,0.0,2,2,1.0,5,3,8,1,1,3,3,1,18,3,0,2011-12,Regular Season,202696,Nikola Vučević
22011,202696,21100505,2012-02-28,PHI @ DET,W,24,3,8,0.375,0,1,0.0,0,0,0.0,2,3,5,0,0,2,0,2,6,16,0,2011-12,Regular Season,202696,Nikola Vučević
22011,202696,21100512,2012-02-29,PHI vs. OKC,L,13,1,3,0.333,0,0,0.0,0,0,0.0,2,2,4,2,0,0,1,4,2,-3,0,2011-12,Regular Season,202696,Nikola Vučević
22011,202696,21100532,2012-03-02,PHI vs. GSW,W,15,2,7,0.286,0,0,0.0,0,0,0.0,2,1,3,1,0,1,1,4,4,9,0,2011-12,Regular Season,202696,Nikola Vučević
22011,202696,21100550,2012-03-04,PHI vs. CHI,L,22,7,13,0.538,0,0,0.0,0,0,0.0,3,5,8,1,0,0,0,1,14,2,0,2011-12,Regular Season,202696,Nikola Vučević
22011,202696,21100558,2012-03-05,PHI @ MIL,L,17,3,8,0.375,0,0,0.0,0,0,0.0,2,1,3,0,0,1,0,3,6,-21,0,2011-12,Regular Season,202696,Nikola Vučević
22011,202696,21100570,2012-03-07,PHI vs. BOS,W,30,7,15,0.467,0,1,0.0,0,0,0.0,5,7,12,0,1,1,1,3,14,22,0,2011-12,Regular Season,202696,Nikola Vučević
22011,202696,21100584,2012-03-09,PHI vs. UTA,W,18,2,5,0.4,0,0,0.0,2,4,0.5,2,3,5,1,1,1,0,1,6,15,0,2011-12,Regular Season,202696,Nikola Vučević
22011,202696,21100603,2012-03-11,PHI @ NYK,W,20,0,2,0.0,0,0,0.0,0,0,0.0,0,3,3,0,0,1,1,1,0,-2,0,2011-12,Regular Season,202696,Nikola Vučević
22011,202696,21100626,2012-03-14,PHI @ IND,L,10,0,3,0.0,0,0,0.0,0,0,0.0,1,2,3,0,0,1,2,2,0,-4,0,2011-12,Regular Season,202696,Nikola Vučević
22011,202696,21100643,2012-03-16,PHI vs. MIA,L,15,4,9,0.444,0,0,0.0,1,1,1.0,1,3,4,1,0,0,2,1,9,-3,0,2011-12,Regular Season,202696,Nikola Vučević
22011,202696,21100658,2012-03-17,PHI @ CHI,L,15,0,4,0.0,0,0,0.0,2,2,1.0,0,4,4,0,0,0,0,2,2,-2,0,2011-12,Regular Season,202696,Nikola Vučević
22011,202696,21100670,2012-03-19,PHI @ CHA,W,11,0,3,0.0,0,0,0.0,0,0,0.0,1,2,3,2,1,0,1,3,0,1,0,2011-12,Regular Season,202696,Nikola Vučević
22011,202696,21100723,2012-03-25,PHI @ SAS,L,13,0,2,0.0,0,0,0.0,2,6,0.333,1,2,3,0,0,0,0,1,2,8,0,2011-12,Regular Season,202696,Nikola Vučević
22011,202696,21100736,2012-03-27,PHI vs. CLE,W,1,0,1,0.0,0,0,0.0,0,0,0.0,0,0,0,0,0,0,0,0,0,0,0,2011-12,Regular Season,202696,Nikola Vučević
22011,202696,21100758,2012-03-30,PHI @ WAS,L,9,1,4,0.25,0,0,0.0,0,0,0.0,1,0,1,0,0,0,0,1,2,-19,0,2011-12,Regular Season,202696,Nikola Vučević
22011,202696,21100799,2012-04-04,PHI vs. TOR,L,3,0,2,0.0,0,0,0.0,0,0,0.0,2,0,2,0,0,0,0,0,0,-7,0,2011-12,Regular Season,202696,Nikola Vučević
22011,202696,21100836,2012-04-08,PHI @ BOS,L,29,6,10,0.6,0,0,0.0,2,4,0.5,2,11,13,1,1,2,0,4,14,-4,0,2011-12,Regular Season,202696,Nikola Vučević
22011,202696,21100855,2012-04-10,PHI @ NJN,W,16,2,5,0.4,0,0,0.0,0,0,0.0,2,6,8,0,0,1,1,4,4,-7,0,2011-12,Regular Season,202696,Nikola Vučević
22011,202696,21100858,2012-04-11,PHI @ TOR,W,20,5,9,0.556,0,0,0.0,2,2,1.0,1,4,5,3,0,0,0,2,12,-4,0,2011-12,Regular Season,202696,Nikola Vučević
22011,202696,21100875,2012-04-13,PHI vs. NJN,L,11,1,4,0.25,0,0,0.0,0,0,0.0,2,3,5,0,0,1,2,1,2,-3,0,2011-12,Regular Season,202696,Nikola Vučević
22011,202696,21100913,2012-04-17,PHI vs. IND,L,11,1,5,0.2,0,0,0.0,0,2,0.0,1,1,2,0,0,0,0,5,2,-8,0,2011-12,Regular Season,202696,Nikola Vučević
22011,202696,21100920,2012-04-18,PHI @ CLE,W,8,0,0,0.0,0,0,0.0,0,0,0.0,0,3,3,0,0,0,3,3,0,-11,0,2011-12,Regular Season,202696,Nikola Vučević
22011,202696,21100944,2012-04-21,PHI @ IND,W,12,2,8,0.25,0,0,0.0,0,0,0.0,3,2,5,2,0,0,0,3,4,4,0,2011-12,Regular Season,202696,Nikola Vučević
22011,202696,21100962,2012-04-23,PHI @ NJN,W,2,0,0,0.0,0,0,0.0,0,0,0.0,0,0,0,1,0,1,0,1,0,-3,0,2011-12,Regular Season,202696,Nikola Vučević
22011,202696,21100975,2012-04-25,PHI @ MIL,W,14,2,7,0.286,0,0,0.0,0,0,0.0,4,2,6,1,1,0,0,0,4,-9,0,2011-12,Regular Season,202696,Nikola Vučević
22011,202696,21100978,2012-04-26,PHI @ DET,L,27,4,10,0.4,0,0,0.0,1,2,0.5,7,5,12,0,2,0,0,2,9,-15,0,2011-12,Regular Season,202696,Nikola Vučević
42011,202696,41100213,2012-05-16,PHI vs. BOS,L,3,0,1,0.0,0,0,0.0,1,2,0.5,0,1,1,0,0,0,0,0,1,3,0,2011-12,Playoffs,202696,Nikola Vučević
22011,202699,21100118,2012-01-07,MIL @ LAC,L,9,2,4,0.5,0,0,0.0,0,0,0.0,1,0,1,0,1,0,0,2,4,7,0,2011-12,Regular Season,202699,Tobias Harris
22011,202699,21100123,2012-01-08,MIL @ PHX,L,23,4,8,0.5,0,1,0.0,7,10,0.7,1,3,4,2,0,0,1,1,15,11,0,2011-12,Regular Season,202699,Tobias Harris
22011,202699,21100136,2012-01-10,MIL vs. SAS,W,16,3,4,0.75,0,0,0.0,0,0,0.0,0,1,1,0,1,1,2,3,6,7,0,2011-12,Regular Season,202699,Tobias Harris
22011,202699,21100155,2012-01-12,MIL vs. DET,W,5,0,2,0.0,0,0,0.0,0,0,0.0,0,1,1,0,1,0,1,4,0,-7,0,2011-12,Regular Season,202699,Tobias Harris
22011,202699,21100165,2012-01-13,MIL @ DAL,L,17,1,6,0.167,0,2,0.0,4,4,1.0,1,3,4,1,0,0,4,3,6,-18,0,2011-12,Regular Season,202699,Tobias Harris
22011,202699,21100186,2012-01-16,MIL @ PHI,L,22,5,8,0.625,0,0,0.0,2,4,0.5,3,0,3,0,0,1,1,1,12,1,0,2011-12,Regular Season,202699,Tobias Harris
22011,202699,21100199,2012-01-17,MIL vs. DEN,L,27,5,10,0.5,0,1,0.0,4,4,1.0,5,3,8,3,1,0,2,4,14,13,0,2011-12,Regular Season,202699,Tobias Harris
22011,202699,21100220,2012-01-20,MIL @ NYK,W,8,1,1,1.0,0,0,0.0,0,2,0.0,1,0,1,0,0,0,0,1,2,-5,0,2011-12,Regular Season,202699,Tobias Harris
22011,202699,21100240,2012-01-22,MIL @ MIA,W,3,1,2,0.5,0,0,0.0,0,0,0.0,0,0,0,0,0,0,0,1,2,2,0,2011-12,Regular Season,202699,Tobias Harris
22011,202699,21100262,2012-01-25,MIL @ HOU,W,3,1,2,0.5,0,0,0.0,0,0,0.0,0,1,1,0,0,0,0,0,2,-7,0,2011-12,Regular Season,202699,Tobias Harris
22011,202699,21100277,2012-01-27,MIL @ CHI,L,7,0,2,0.0,0,0,0.0,0,0,0.0,0,0,0,0,0,0,0,0,0,2,0,2011-12,Regular Season,202699,Tobias Harris
22011,202699,21100288,2012-01-28,MIL vs. LAL,W,0,0,0,0.0,0,0,0.0,0,0,0.0,0,0,0,0,0,0,0,0,0,-2,0,2011-12,Regular Season,202699,Tobias Harris
22011,202699,21100302,2012-01-30,MIL vs. DET,W,4,2,3,0.667,2,2,1.0,2,2,1.0,0,1,1,0,1,0,1,1,8,1,0,2011-12,Regular Season,202699,Tobias Harris
22011,202699,21100336,2012-02-03,MIL @ DET,L,11,2,6,0.333,0,1,0.0,4,4,1.0,2,3,5,0,0,1,0,0,8,2,0,2011-12,Regular Season,202699,Tobias Harris
22011,202699,21100349,2012-02-04,MIL vs. CHI,L,30,8,14,0.571,1,2,0.5,2,2,1.0,1,1,2,0,1,0,0,0,19,-10,0,2011-12,Regular Season,202699,Tobias Harris
22011,202699,21100370,2012-02-07,MIL vs. PHX,L,2,0,0,0.0,0,0,0.0,0,0,0.0,0,0,0,0,0,0,0,0,0,1,0,2011-12,Regular Season,202699,Tobias Harris
22011,202699,21100416,2012-02-13,MIL vs. MIA,L,8,1,4,0.25,0,0,0.0,1,1,1.0,1,2,3,0,1,0,0,0,3,5,0,2011-12,Regular Season,202699,Tobias Harris
22011,202699,21100435,2012-02-15,MIL vs. NOH,L,4,0,1,0.0,0,0,0.0,2,2,1.0,2,0,2,1,0,0,0,0,2,2,0,2011-12,Regular Season,202699,Tobias Harris
22011,202699,21100447,2012-02-17,MIL @ ORL,L,16,3,6,0.5,0,0,0.0,2,2,1.0,0,3,3,1,0,2,1,1,8,8,0,2011-12,Regular Season,202699,Tobias Harris
22011,202699,21100507,2012-02-28,MIL vs. WAS,W,21,4,7,0.571,0,1,0.0,3,4,0.75,2,5,7,1,0,1,1,3,11,11,0,2011-12,Regular Season,202699,Tobias Harris
22011,202699,21100514,2012-02-29,MIL @ BOS,L,12,0,3,0.0,0,0,0.0,0,0,0.0,1,2,3,0,0,0,1,2,0,-1,0,2011-12,Regular Season,202699,Tobias Harris
22011,202699,21100530,2012-03-02,MIL @ ATL,L,6,0,1,0.0,0,0,0.0,0,0,0.0,0,2,2,1,0,0,1,2,0,6,0,2011-12,Regular Season,202699,Tobias Harris
22011,202699,21100541,2012-03-03,MIL @ ORL,L,21,2,4,0.5,0,0,0.0,0,0,0.0,1,1,2,1,2,0,3,2,4,-5,0,2011-12,Regular Season,202699,Tobias Harris
22011,202699,21100558,2012-03-05,MIL vs. PHI,W,15,2,2,1.0,0,0,0.0,1,1,1.0,1,3,4,0,0,0,1,2,5,4,0,2011-12,Regular Season,202699,Tobias Harris
22011,202699,21100575,2012-03-07,MIL vs. CHI,L,14,0,1,0.0,0,0,0.0,0,0,0.0,0,2,2,2,2,0,1,1,0,-3,0,2011-12,Regular Season,202699,Tobias Harris
22011,202699,21100590,2012-03-09,MIL vs. NYK,W,5,0,2,0.0,0,1,0.0,0,0,0.0,0,0,0,0,0,0,0,1,0,-7,0,2011-12,Regular Season,202699,Tobias Harris
22011,202699,21100605,2012-03-11,MIL @ TOR,W,12,0,3,0.0,0,0,0.0,0,0,0.0,0,2,2,1,0,0,0,1,0,-5,0,2011-12,Regular Season,202699,Tobias Harris
22011,202699,21100611,2012-03-12,MIL @ NJN,W,18,1,5,0.2,0,1,0.0,2,2,1.0,0,0,0,1,1,0,0,0,4,-12,0,2011-12,Regular Season,202699,Tobias Harris
22011,202699,21100630,2012-03-14,MIL vs. CLE,W,19,3,6,0.5,0,1,0.0,0,0,0.0,1,1,2,1,0,0,1,0,6,-4,0,2011-12,Regular Season,202699,Tobias Harris
22011,202699,21100653,2012-03-16,MIL @ GSW,W,4,1,5,0.2,1,2,0.5,0,0,0.0,0,1,1,0,0,0,0,0,3,-2,0,2011-12,Regular Season,202699,Tobias Harris
22011,202699,21100682,2012-03-20,MIL @ POR,W,4,3,3,1.0,0,0,0.0,1,1,1.0,0,0,0,0,0,0,0,0,7,6,0,2011-12,Regular Season,202699,Tobias Harris
22011,202699,21100694,2012-03-22,MIL vs. BOS,L,2,0,1,0.0,0,0,0.0,0,0,0.0,0,1,1,0,0,0,0,0,0,2,0,2011-12,Regular Season,202699,Tobias Harris
22011,202699,21100700,2012-03-23,MIL @ CHA,W,5,1,2,0.5,0,1,0.0,0,0,0.0,0,1,1,0,1,0,2,1,2,2,0,2011-12,Regular Season,202699,Tobias Harris
22011,202699,21100717,2012-03-24,MIL vs. IND,L,6,2,2,1.0,1,1,1.0,1,2,0.5,0,2,2,1,0,0,0,0,6,2,0,2011-12,Regular Season,202699,Tobias Harris
22011,202699,21100761,2012-03-30,MIL @ CLE,W,8,3,4,0.75,1,1,1.0,1,2,0.5,0,5,5,1,0,0,0,1,8,10,0,2011-12,Regular Season,202699,Tobias Harris
22011,202699,21100785,2012-04-02,MIL @ WAS,W,3,0,1,0.0,0,0,0.0,0,0,0.0,0,1,1,0,0,0,0,1,0,-7,0,2011-12,Regular Season,202699,Tobias Harris
22011,202699,21100831,2012-04-07,MIL vs. POR,W,2,1,2,0.5,0,1,0.0,0,0,0.0,1,0,1,0,0,0,0,0,2,4,0,2011-12,Regular Season,202699,Tobias Harris
22011,202699,21100845,2012-04-09,MIL vs. OKC,L,6,2,3,0.667,0,0,0.0,0,0,0.0,0,2,2,0,0,0,1,0,4,3,0,2011-12,Regular Season,202699,Tobias Harris
22011,202699,21100880,2012-04-13,MIL @ DET,W,1,0,0,0.0,0,0,0.0,0,0,0.0,0,0,0,0,0,0,0,0,0,-1,0,2011-12,Regular Season,202699,Tobias Harris
22011,202699,21100963,2012-04-23,MIL vs. TOR,W,12,1,4,0.25,0,1,0.0,2,2,1.0,0,1,1,0,0,0,0,0,4,3,0,2011-12,Regular Season,202699,Tobias Harris
22011,202699,21100975,2012-04-25,MIL vs. PHI,L,37,7,12,0.583,0,2,0.0,1,1,1.0,4,9,13,1,0,1,1,3,15,-6,0,2011-12,Regular Season,202699,Tobias Harris
22011,202699,21100979,2012-04-26,MIL @ BOS,L,36,7,13,0.538,0,1,0.0,2,2,1.0,1,8,9,3,0,0,5,3,16,-7,0,2011-12,Regular Season,202699,Tobias Harris
22011,2544,0021100002,2011-12-25 00:00:00,MIA @ DAL,W,36,11,19,0.579,0,0,0.0,15,19,0.789,3,7,10,6,2,2,3,3,37,27,0,2011-12,Regular Season,2544,LeBron James
22011,2544,0021100019,2011-12-27 00:00:00,MIA vs. BOS,W,36,9,14,0.643,0,0,0.0,8,9,0.889,1,5,6,5,2,1,3,3,26,-7,0,2011-12,Regular Season,2544,LeBron James
22011,2544,0021100024,2011-12-28 00:00:00,MIA @ CHA,W,39,13,23,0.565,0,0,0.0,9,9,1.0,0,6,6,7,3,2,2,0,35,5,0,2011-12,Regular Season,2544,LeBron James
22011,2544,0021100045,2011-12-30 00:00:00,MIA @ MIN,W,37,16,26,0.615,0,1,0.0,2,4,0.5,1,7,8,10,4,1,4,2,34,14,0,2011-12,Regular Season,2544,LeBron James
22011,2544,0021100059,2012-01-01 00:00:00,MIA vs. CHA,W,28,6,10,0.6,0,0,0.0,4,6,0.667,0,9,9,5,1,0,2,2,16,24,0,2011-12,Regular Season,2544,LeBron James
22011,2544,0021100070,2012-01-02 00:00:00,MIA vs. ATL,L,39,11,18,0.611,0,0,0.0,6,9,0.667,2,5,7,6,0,0,4,1,28,-1,0,2011-12,Regular Season,2544,LeBron James
22011,2544,0021100086,2012-01-04 00:00:00,MIA vs. IND,W,38,12,21,0.571,0,0,0.0,9,11,0.818,2,6,8,13,2,0,2,2,33,31,0,2011-12,Regular Season,2544,LeBron James
22011,2544,0021100112,2012-01-07 00:00:00,MIA @ NJN,W,37,11,17,0.647,0,1,0.0,10,12,0.833,0,7,7,9,2,1,8,2,32,7,0,2011-12,Regular Season,2544,LeBron James
22011,2544,0021100142,2012-01-10 00:00:00,MIA @ GSW,L,43,10,19,0.526,0,2,0.0,6,8,0.75,1,10,11,7,2,0,5,1,26,-5,0,2011-12,Regular Season,2544,LeBron James
22011,2544,0021100153,2012-01-11 00:00:00,MIA @ LAC,L,42,7,19,0.368,0,1,0.0,9,17,0.529,2,11,13,7,2,0,6,5,23,-9,0,2011-12,Regular Season,2544,LeBron James
22011,2544,0021100168,2012-01-13 00:00:00,MIA @ DEN,L,37,13,20,0.65,3,5,0.6,6,11,0.545,1,4,5,6,2,1,4,0,35,-16,0,2011-12,Regular Season,2544,LeBron James
22011,2544,0021100197,2012-01-17 00:00:00,MIA vs. SAS,W,35,12,21,0.571,4,6,0.667,5,9,0.556,1,4,5,10,0,0,4,0,33,19,0,2011-12,Regular Season,2544,LeBron James
22011,2544,0021100213,2012-01-19 00:00:00,MIA vs. LAL,W,37,12,27,0.444,2,3,0.667,5,7,0.714,3,5,8,8,4,3,3,4,31,0,0,2011-12,Regular Season,2544,LeBron James
22011,2544,0021100229,2012-01-21 00:00:00,MIA vs. PHI,W,36,12,17,0.706,0,0,0.0,4,4,1.0,0,9,9,5,4,3,4,1,28,9,0,2011-12,Regular Season,2544,LeBron James
22011,2544,0021100240,2012-01-22 00:00:00,MIA vs. MIL,L,37,8,18,0.444,0,1,0.0,12,13,0.923,4,9,13,5,1,0,3,2,28,-4,0,2011-12,Regular Season,2544,LeBron James
22011,2544,0021100254,2012-01-24 00:00:00,MIA vs. CLE,W,38,8,21,0.381,1,4,0.25,1,4,0.25,1,4,5,5,2,0,5,1,18,9,0,2011-12,Regular Season,2544,LeBron James
22011,2544,0021100260,2012-01-25 00:00:00,MIA @ DET,W,42,9,20,0.45,1,3,0.333,13,14,0.929,1,5,6,7,2,0,4,3,32,6,0,2011-12,Regular Season,2544,LeBron James
22011,2544,0021100276,2012-01-27 00:00:00,MIA vs. NYK,W,40,11,18,0.611,0,2,0.0,9,10,0.9,1,7,8,7,0,0,4,2,31,4,0,2011-12,Regular Season,2544,LeBron James
22011,2544,0021100291,2012-01-29 00:00:00,MIA vs. CHI,W,41,12,23,0.522,1,1,1.0,10,15,0.667,1,10,11,5,0,1,6,2,35,3,0,2011-12,Regular Season,2544,LeBron James
22011,2544,0021100301,2012-01-30 00:00:00,MIA vs. NOH,W,30,8,12,0.667,1,2,0.5,5,7,0.714,4,7,11,8,1,0,4,1,22,29,0,2011-12,Regular Season,2544,LeBron James
22011,2544,0021100319,2012-02-01 00:00:00,MIA @ MIL,L,40,14,24,0.583,4,7,0.571,8,10,0.8,0,8,8,5,2,0,7,1,40,-6,0,2011-12,Regular Season,2544,LeBron James
22011,2544,0021100333,2012-02-03 00:00:00,MIA @ PHI,W,37,8,16,0.5,0,1,0.0,3,6,0.5,1,11,12,8,0,2,2,2,19,19,0,2011-12,Regular Season,2544,LeBron James
22011,2544,0021100356,2012-02-05 00:00:00,MIA vs. TOR,W,38,10,17,0.588,0,1,0.0,10,12,0.833,0,9,9,2,1,0,5,1,30,11,0,2011-12,Regular Season,2544,LeBron James
22011,2544,0021100369,2012-02-07 00:00:00,MIA vs. CLE,W,39,9,16,0.563,0,1,0.0,6,7,0.857,1,4,5,6,2,0,6,1,24,5,0,2011-12,Regular Season,2544,LeBron James
22011,2544,0021100376,2012-02-08 00:00:00,MIA @ ORL,L,39,5,15,0.333,0,2,0.0,7,10,0.7,0,6,6,10,3,0,3,0,17,-1,0,2011-12,Regular Season,2544,LeBron James
22011,2544,0021100390,2012-02-10 00:00:00,MIA @ WAS,W,33,6,14,0.429,0,2,0.0,6,7,0.857,0,2,2,9,0,2,1,1,18,14,0,2011-12,Regular Season,2544,LeBron James
22011,2544,0021100411,2012-02-12 00:00:00,MIA @ ATL,W,30,6,15,0.4,1,3,0.333,10,12,0.833,3,10,13,6,1,0,2,1,23,26,0,2011-12,Regular Season,2544,LeBron James
22011,2544,0021100416,2012-02-13 00:00:00,MIA @ MIL,W,33,16,21,0.762,0,0,0.0,3,3,1.0,3,5,8,3,1,0,2,3,35,14,0,2011-12,Regular Season,2544,LeBron James
22011,2544,0021100421,2012-02-14 00:00:00,MIA @ IND,W,33,7,15,0.467,2,5,0.4,7,8,0.875,2,7,9,7,4,0,2,2,23,27,0,2011-12,Regular Season,2544,LeBron James
22011,2544,0021100449,2012-02-17 00:00:00,MIA @ CLE,W,30,11,19,0.579,3,5,0.6,3,3,1.0,2,3,5,5,1,1,2,2,28,27,0,2011-12,Regular Season,2544,LeBron James
22011,2544,0021100461,2012-02-19 00:00:00,MIA vs. ORL,W,37,9,14,0.643,1,2,0.5,6,7,0.857,1,10,11,8,2,0,2,2,25,23,0,2011-12,Regular Season,2544,LeBron James
22011,2544,0021100483,2012-02-21 00:00:00,MIA vs. SAC,W,33,7,11,0.636,2,2,1.0,2,2,1.0,0,4,4,8,0,2,3,1,18,7,0,2011-12,Regular Season,2544,LeBron James
22011,2544,0021100499,2012-02-23 00:00:00,MIA vs. NYK,W,41,7,16,0.438,0,0,0.0,6,6,1.0,1,8,9,8,5,2,4,3,20,12,0,2011-12,Regular Season,2544,LeBron James
22011,2544,0021100527,2012-03-01 00:00:00,MIA @ POR,W,41,13,22,0.591,2,2,1.0,10,12,0.833,2,9,11,6,5,1,0,1,38,8,0,2011-12,Regular Season,2544,LeBron James
22011,2544,0021100536,2012-03-02 00:00:00,MIA @ UTA,L,44,16,24,0.667,1,4,0.25,2,3,0.667,1,9,10,6,0,3,0,2,35,7,0,2011-12,Regular Season,2544,LeBron James
22011,2544,0021100547,2012-03-04 00:00:00,MIA @ LAL,L,43,12,26,0.462,0,4,0.0,1,3,0.333,7,6,13,7,3,2,3,1,25,-13,0,2011-12,Regular Season,2544,LeBron James
22011,2544,0021100566,2012-03-06 00:00:00,MIA vs. NJN,W,30,9,11,0.818,1,1,1.0,2,2,1.0,1,8,9,6,0,0,5,0,21,20,0,2011-12,Regular Season,2544,LeBron James
22011,2544,0021100573,2012-03-07 00:00:00,MIA vs. ATL,W,42,12,20,0.6,0,3,0.0,7,10,0.7,4,7,11,2,1,2,2,1,31,7,0,2011-12,Regular Season,2544,LeBron James
22011,2544,0021100595,2012-03-10 00:00:00,MIA vs. IND,W,47,8,19,0.421,2,3,0.667,9,15,0.6,1,7,8,4,4,1,4,1,27,3,0,2011-12,Regular Season,2544,LeBron James
22011,2544,0021100618,2012-03-13 00:00:00,MIA @ ORL,L,42,7,20,0.35,2,4,0.5,3,3,1.0,3,8,11,8,1,1,6,0,19,0,0,2011-12,Regular Season,2544,LeBron James
22011,2544,0021100629,2012-03-14 00:00:00,MIA @ CHI,L,40,14,25,0.56,2,3,0.667,5,5,1.0,1,4,5,4,4,0,2,2,35,5,0,2011-12,Regular Season,2544,LeBron James
22011,2544,0021100643,2012-03-16 00:00:00,MIA @ PHI,W,38,12,20,0.6,0,2,0.0,5,8,0.625,2,5,7,8,2,2,1,0,29,10,0,2011-12,Regular Season,2544,LeBron James
22011,2544,0021100666,2012-03-18 00:00:00,MIA vs. ORL,W,39,4,14,0.286,0,1,0.0,6,8,0.75,0,12,12,7,5,0,4,4,14,13,0,2011-12,Regular Season,2544,LeBron James
22011,2544,0021100678,2012-03-20 00:00:00,MIA vs. PHX,W,38,8,18,0.444,0,3,0.0,4,6,0.667,1,7,8,6,2,2,3,2,20,15,0,2011-12,Regular Season,2544,LeBron James
22011,2544,0021100704,2012-03-23 00:00:00,MIA @ DET,W,37,6,15,0.4,0,3,0.0,5,5,1.0,0,6,6,10,4,1,5,0,17,8,0,2011-12,Regular Season,2544,LeBron James
22011,2544,0021100724,2012-03-25 00:00:00,MIA @ OKC,L,40,8,18,0.444,0,3,0.0,1,1,1.0,0,3,3,7,2,0,4,2,17,-10,0,2011-12,Regular Season,2544,LeBron James
22011,2544,0021100730,2012-03-26 00:00:00,MIA @ IND,L,41,9,21,0.429,2,4,0.5,4,6,0.667,2,7,9,2,1,0,6,1,24,-14,0,2011-12,Regular Season,2544,LeBron James
22011,2544,0021100754,2012-03-29 00:00:00,MIA vs. DAL,W,36,8,16,0.5,0,2,0.0,3,3,1.0,3,6,9,5,2,0,3,3,19,9,0,2011-12,Regular Season,2544,LeBron James
22011,2544,0021100757,2012-03-30 00:00:00,MIA @ TOR,W,39,11,18,0.611,0,2,0.0,4,6,0.667,1,3,4,9,1,0,3,0,26,9,0,2011-12,Regular Season,2544,LeBron James
22011,2544,0021100778,2012-04-01 00:00:00,MIA @ BOS,L,35,11,20,0.55,0,0,0.0,1,2,0.5,2,2,4,0,0,1,2,1,23,-30,0,2011-12,Regular Season,2544,LeBron James
22011,2544,0021100794,2012-04-03 00:00:00,MIA vs. PHI,W,38,15,25,0.6,1,2,0.5,10,13,0.769,3,3,6,4,3,1,4,0,41,12,0,2011-12,Regular Season,2544,LeBron James
22011,2544,0021100803,2012-04-04 00:00:00,MIA vs. OKC,W,42,10,20,0.5,3,7,0.429,11,13,0.846,1,6,7,10,4,1,2,2,34,20,0,2011-12,Regular Season,2544,LeBron James
22011,2544,0021100819,2012-04-06 00:00:00,MIA vs. MEM,L,38,8,19,0.421,2,6,0.333,3,4,0.75,2,4,6,6,2,0,3,0,21,-6,0,2011-12,Regular Season,2544,LeBron James
22011,2544,0021100838,2012-04-08 00:00:00,MIA vs. DET,W,32,12,22,0.545,1,3,0.333,1,5,0.2,3,1,4,2,0,1,1,1,26,10,0,2011-12,Regular Season,2544,LeBron James
22011,2544,0021100853,2012-04-10 00:00:00,MIA vs. BOS,L,41,11,23,0.478,1,3,0.333,13,14,0.929,5,2,7,7,1,1,2,3,36,-6,0,2011-12,Regular Season,2544,LeBron James
22011,2544,0021100870,2012-04-12 00:00:00,MIA @ CHI,L,47,11,24,0.458,3,6,0.5,5,7,0.714,1,5,6,5,1,1,4,1,30,-1,0,2011-12,Regular Season,2544,LeBron James
22011,2544,0021100879,2012-04-13 00:00:00,MIA vs. CHA,W,29,7,16,0.438,0,1,0.0,5,7,0.714,1,8,9,5,2,1,2,1,19,18,0,2011-12,Regular Season,2544,LeBron James
22011,2544,0021100893,2012-04-15 00:00:00,MIA @ NYK,W,40,11,24,0.458,1,6,0.167,6,9,0.667,2,8,10,3,2,0,6,4,29,18,0,2011-12,Regular Season,2544,LeBron James
22011,2544,0021100906,2012-04-16 00:00:00,MIA @ NJN,W,35,11,19,0.579,1,2,0.5,14,15,0.933,1,5,6,7,2,1,4,2,37,-4,0,2011-12,Regular Season,2544,LeBron James
22011,2544,0021100923,2012-04-18 00:00:00,MIA vs. TOR,W,30,12,15,0.8,1,1,1.0,3,4,0.75,0,5,5,4,2,0,5,0,28,20,0,2011-12,Regular Season,2544,LeBron James
22011,2544,0021100934,2012-04-19 00:00:00,MIA vs. CHI,W,35,8,18,0.444,1,2,0.5,10,12,0.833,0,11,11,6,0,1,1,3,27,11,0,2011-12,Regular Season,2544,LeBron James
22011,2544,0021100954,2012-04-22 00:00:00,MIA vs. HOU,W,36,11,21,0.524,1,3,0.333,9,10,0.9,1,7,8,5,1,2,5,1,32,12,0,2011-12,Regular Season,2544,LeBron James
42011,2544,0041100111,2012-04-28 00:00:00,MIA vs. NYK,W,32,10,14,0.714,1,1,1.0,11,14,0.786,1,3,4,3,4,0,2,2,32,35,0,2011-12,Playoffs,2544,LeBron James
42011,2544,0041100112,2012-04-30 00:00:00,MIA vs. NYK,W,41,8,18,0.444,0,3,0.0,3,7,0.429,1,6,7,9,2,0,2,1,19,10,0,2011-12,Playoffs,2544,LeBron James
42011,2544,0041100113,2012-05-03 00:00:00,MIA @ NYK,W,36,9,21,0.429,2,5,0.4,12,13,0.923,2,6,8,5,2,0,8,5,32,23,0,2011-12,Playoffs,2544,LeBron James
42011,2544,0041100114,2012-05-06 00:00:00,MIA @ NYK,L,41,9,21,0.429,2,5,0.4,7,8,0.875,0,4,4,4,1,0,5,4,27,-7,0,2011-12,Playoffs,2544,LeBron James
42011,2544,0041100115,2012-05-09 00:00:00,MIA vs. NYK,W,40,7,16,0.438,2,6,0.333,13,15,0.867,1,7,8,7,2,1,4,2,29,6,0,2011-12,Playoffs,2544,LeBron James
42011,2544,0041100201,2012-05-13 00:00:00,MIA vs. IND,W,43,12,26,0.462,0,3,0.0,8,10,0.8,6,9,15,5,2,1,1,1,32,12,0,2011-12,Playoffs,2544,LeBron James
42011,2544,0041100202,2012-05-15 00:00:00,MIA vs. IND,L,43,10,22,0.455,0,4,0.0,8,13,0.615,4,5,9,5,6,0,2,0,28,-7,0,2011-12,Playoffs,2544,LeBron James
42011,2544,0041100203,2012-05-17 00:00:00,MIA @ IND,L,40,10,22,0.455,1,4,0.25,1,3,0.333,1,6,7,3,2,0,4,1,22,-9,0,2011-12,Playoffs,2544,LeBron James
42011,2544,0041100204,2012-05-20 00:00:00,MIA @ IND,W,44,14,27,0.519,0,0,0.0,12,16,0.75,6,12,18,9,2,2,5,1,40,4,0,2011-12,Playoffs,2544,LeBron James
42011,2544,0041100205,2012-05-22 00:00:00,MIA vs. IND,W,38,12,19,0.632,2,4,0.5,4,4,1.0,3,7,10,8,1,1,4,1,30,28,0,2011-12,Playoffs,2544,LeBron James
42011,2544,0041100206,2012-05-24 00:00:00,MIA @ IND,W,45,12,23,0.522,0,3,0.0,4,5,0.8,1,5,6,7,3,0,1,1,28,16,0,2011-12,Playoffs,2544,LeBron James
42011,2544,0041100301,2012-05-28 00:00:00,MIA vs. BOS,W,44,13,22,0.591,0,3,0.0,6,9,0.667,1,12,13,3,1,3,3,2,32,17,0,2011-12,Playoffs,2544,LeBron James
42011,2544,0041100302,2012-05-30 00:00:00,MIA vs. BOS,W,48,7,20,0.35,2,6,0.333,18,24,0.75,4,6,10,7,1,1,1,2,34,10,0,2011-12,Playoffs,2544,LeBron James
42011,2544,0041100303,2012-06-01 00:00:00,MIA @ BOS,L,43,16,26,0.615,1,4,0.25,1,5,0.2,0,8,8,5,2,2,3,4,34,-6,0,2011-12,Playoffs,2544,LeBron James
42011,2544,0041100304,2012-06-03 00:00:00,MIA @ BOS,L,48,12,25,0.48,1,3,0.333,4,8,0.5,1,5,6,3,1,1,7,6,29,1,0,2011-12,Playoffs,2544,LeBron James
42011,2544,0041100305,2012-06-05 00:00:00,MIA vs. BOS,L,45,11,25,0.44,2,6,0.333,6,8,0.75,3,10,13,2,2,1,3,1,30,0,0,2011-12,Playoffs,2544,LeBron James
42011,2544,0041100306,2012-06-07 00:00:00,MIA @ BOS,W,45,19,26,0.731,2,4,0.5,5,9,0.556,2,13,15,5,0,0,4,3,45,22,0,2011-12,Playoffs,2544,LeBron James
42011,2544,0041100307,2012-06-09 00:00:00,MIA vs. BOS,W,48,9,21,0.429,1,5,0.2,12,17,0.706,2,10,12,2,1,1,3,0,31,13,0,2011-12,Playoffs,2544,LeBron James
42011,2544,0041100401,2012-06-12 00:00:00,MIA @ OKC,L,46,11,24,0.458,1,3,0.333,7,9,0.778,1,8,9,4,4,0,4,1,30,-11,0,2011-12,Playoffs,2544,LeBron James
42011,2544,0041100402,2012-06-14 00:00:00,MIA @ OKC,W,42,10,22,0.455,0,2,0.0,12,12,1.0,2,6,8,5,1,0,2,4,32,6,0,2011-12,Playoffs,2544,LeBron James
42011,2544,0041100403,2012-06-17 00:00:00,MIA vs. OKC,W,44,11,23,0.478,1,4,0.25,6,8,0.75,5,9,14,3,0,0,4,1,29,8,0,2011-12,Playoffs,2544,LeBron James
42011,2544,0041100404,2012-06-19 00:00:00,MIA vs. OKC,W,44,10,20,0.5,1,4,0.25,5,8,0.625,3,6,9,12,2,0,3,2,26,8,0,2011-12,Playoffs,2544,LeBron James
42011,2544,0041100405,2012-06-21 00:00:00,MIA vs. OKC,W,44,9,19,0.474,0,3,0.0,8,9,0.889,4,7,11,13,1,2,6,2,26,20,0,2011-12,Playoffs,2544,LeBron James
22011,977,0021100003,2011-12-25 00:00:00,LAL vs. CHI,L,35,11,23,0.478,0,1,0.0,6,7,0.857,0,7,7,6,2,0,8,3,28,-7,0,2011-12,Regular Season,977,Kobe Bryant
22011,977,0021100015,2011-12-26 00:00:00,LAL @ SAC,L,38,10,24,0.417,0,4,0.0,9,10,0.9,2,3,5,6,2,0,2,4,29,-4,0,2011-12,Regular Season,977,Kobe Bryant
22011,977,0021100022,2011-12-27 00:00:00,LAL vs. UTA,W,31,8,17,0.471,3,5,0.6,7,8,0.875,0,8,8,5,1,1,3,1,26,33,0,2011-12,Regular Season,977,Kobe Bryant
22011,977,0021100038,2011-12-29 00:00:00,LAL vs. NYK,W,34,10,17,0.588,1,3,0.333,7,10,0.7,0,4,4,6,1,1,5,3,28,7,0,2011-12,Regular Season,977,Kobe Bryant
22011,977,0021100050,2011-12-31 00:00:00,LAL vs. DEN,W,33,6,18,0.333,0,5,0.0,5,6,0.833,2,8,10,9,1,0,4,4,17,10,0,2011-12,Regular Season,977,Kobe Bryant
22011,977,0021100063,2012-01-01 00:00:00,LAL @ DEN,L,37,6,28,0.214,1,8,0.125,3,4,0.75,0,2,2,4,1,0,6,3,16,-17,0,2011-12,Regular Season,977,Kobe Bryant
22011,977,0021100081,2012-01-03 00:00:00,LAL vs. HOU,W,37,14,29,0.483,2,7,0.286,7,9,0.778,2,6,8,6,0,1,2,0,37,1,0,2011-12,Regular Season,977,Kobe Bryant
22011,977,0021100097,2012-01-05 00:00:00,LAL @ POR,L,36,13,24,0.542,0,4,0.0,4,5,0.8,2,6,8,3,0,0,4,2,30,-3,0,2011-12,Regular Season,977,Kobe Bryant
22011,977,0021100109,2012-01-06 00:00:00,LAL vs. GSW,W,41,13,28,0.464,1,3,0.333,12,14,0.857,1,3,4,7,0,0,3,1,39,13,0,2011-12,Regular Season,977,Kobe Bryant
22011,977,0021100125,2012-01-08 00:00:00,LAL vs. MEM,W,38,11,22,0.5,1,5,0.2,3,6,0.5,1,1,2,9,0,1,4,0,26,8,0,2011-12,Regular Season,977,Kobe Bryant
22011,977,0021100141,2012-01-10 00:00:00,LAL vs. PHX,W,39,18,31,0.581,0,3,0.0,12,13,0.923,0,5,5,3,3,0,2,2,48,16,0,2011-12,Regular Season,977,Kobe Bryant
22011,977,0021100151,2012-01-11 00:00:00,LAL @ UTA,W,43,14,31,0.452,1,3,0.333,11,11,1.0,1,7,8,4,1,1,3,3,40,10,0,2011-12,Regular Season,977,Kobe Bryant
22011,977,0021100169,2012-01-13 00:00:00,LAL vs. CLE,W,41,15,31,0.484,4,7,0.571,8,10,0.8,3,2,5,3,3,0,6,3,42,11,0,2011-12,Regular Season,977,Kobe Bryant
22011,977,0021100180,2012-01-14 00:00:00,LAL @ LAC,L,44,14,28,0.5,2,5,0.4,12,14,0.857,0,7,7,4,2,1,2,3,42,-9,0,2011-12,Regular Season,977,Kobe Bryant
22011,977,0021100194,2012-01-16 00:00:00,LAL vs. DAL,W,38,7,22,0.318,0,3,0.0,0,1,0.0,0,3,3,7,3,1,4,0,14,5,0,2011-12,Regular Season,977,Kobe Bryant
22011,977,0021100213,2012-01-19 00:00:00,LAL @ MIA,L,41,8,21,0.381,3,6,0.5,5,5,1.0,1,4,5,7,3,0,2,1,24,-2,0,2011-12,Regular Season,977,Kobe Bryant
22011,977,0021100223,2012-01-20 00:00:00,LAL @ ORL,L,44,11,22,0.5,1,3,0.333,7,7,1.0,2,1,3,8,0,0,3,1,30,-7,0,2011-12,Regular Season,977,Kobe Bryant
22011,977,0021100241,2012-01-22 00:00:00,LAL vs. IND,L,36,14,30,0.467,0,3,0.0,5,6,0.833,4,4,8,4,0,0,3,2,33,-3,0,2011-12,Regular Season,977,Kobe Bryant
22011,977,0021100268,2012-01-25 00:00:00,LAL vs. LAC,W,39,7,17,0.412,2,4,0.5,8,10,0.8,1,6,7,6,0,0,7,2,24,2,0,2011-12,Regular Season,977,Kobe Bryant
22011,977,0021100288,2012-01-28 00:00:00,LAL @ MIL,L,42,10,21,0.476,1,5,0.2,6,7,0.857,3,5,8,9,2,0,4,4,27,1,0,2011-12,Regular Season,977,Kobe Bryant
22011,977,0021100297,2012-01-29 00:00:00,LAL @ MIN,W,42,14,29,0.483,5,9,0.556,2,2,1.0,3,11,14,2,0,2,3,2,35,3,0,2011-12,Regular Season,977,Kobe Bryant
22011,977,0021100313,2012-01-31 00:00:00,LAL vs. CHA,W,28,9,21,0.429,2,11,0.182,4,5,0.8,0,3,3,1,1,0,4,1,24,8,0,2011-12,Regular Season,977,Kobe Bryant
22011,977,0021100341,2012-02-03 00:00:00,LAL @ DEN,W,38,7,23,0.304,1,4,0.25,5,7,0.714,1,5,6,9,2,0,2,1,20,6,0,2011-12,Regular Season,977,Kobe Bryant
22011,977,0021100351,2012-02-04 00:00:00,LAL @ UTA,L,38,6,16,0.375,3,6,0.5,11,12,0.917,1,0,1,1,0,0,4,4,26,-6,0,2011-12,Regular Season,977,Kobe Bryant
22011,977,0021100357,2012-02-06 00:00:00,LAL @ PHI,L,44,10,26,0.385,4,10,0.4,4,4,1.0,3,2,5,6,2,0,5,3,28,1,0,2011-12,Regular Season,977,Kobe Bryant
22011,977,0021100384,2012-02-09 00:00:00,LAL @ BOS,W,44,11,24,0.458,0,2,0.0,5,5,1.0,0,5,5,4,0,0,1,1,27,2,0,2011-12,Regular Season,977,Kobe Bryant
22011,977,0021100395,2012-02-10 00:00:00,LAL @ NYK,L,42,11,29,0.379,1,5,0.2,11,13,0.846,3,7,10,1,1,0,3,0,34,-4,0,2011-12,Regular Season,977,Kobe Bryant
22011,977,0021100408,2012-02-12 00:00:00,LAL @ TOR,W,34,9,23,0.391,3,7,0.429,6,8,0.75,0,2,2,1,2,0,4,1,27,7,0,2011-12,Regular Season,977,Kobe Bryant
22011,977,0021100428,2012-02-14 00:00:00,LAL vs. ATL,W,34,5,18,0.278,0,3,0.0,0,0,0.0,1,3,4,4,0,0,5,3,10,3,0,2011-12,Regular Season,977,Kobe Bryant
22011,977,0021100455,2012-02-17 00:00:00,LAL vs. PHX,W,35,14,25,0.56,1,2,0.5,7,9,0.778,0,9,9,6,4,1,3,1,36,4,0,2011-12,Regular Season,977,Kobe Bryant
22011,977,0021100469,2012-02-19 00:00:00,LAL @ PHX,L,40,11,24,0.458,1,8,0.125,9,12,0.75,1,6,7,5,2,0,10,0,32,-9,0,2011-12,Regular Season,977,Kobe Bryant
22011,977,0021100479,2012-02-20 00:00:00,LAL vs. POR,W,36,13,26,0.5,1,3,0.333,1,2,0.5,1,2,3,3,4,0,4,3,28,15,0,2011-12,Regular Season,977,Kobe Bryant
22011,977,0021100497,2012-02-22 00:00:00,LAL @ DAL,W,38,4,15,0.267,2,5,0.4,5,9,0.556,1,4,5,4,1,0,7,1,15,3,0,2011-12,Regular Season,977,Kobe Bryant
22011,977,0021100502,2012-02-23 00:00:00,LAL @ OKC,L,40,7,24,0.292,0,3,0.0,10,11,0.909,1,5,6,3,1,0,1,3,24,-13,0,2011-12,Regular Season,977,Kobe Bryant
22011,977,0021100523,2012-02-29 00:00:00,LAL vs. MIN,W,33,11,23,0.478,0,4,0.0,9,10,0.9,1,6,7,8,1,0,5,0,31,28,0,2011-12,Regular Season,977,Kobe Bryant
22011,977,0021100538,2012-03-02 00:00:00,LAL vs. SAC,W,37,13,24,0.542,1,2,0.5,11,14,0.786,4,4,8,3,1,1,3,0,38,13,0,2011-12,Regular Season,977,Kobe Bryant
22011,977,0021100547,2012-03-04 00:00:00,LAL vs. MIA,W,39,14,23,0.609,0,2,0.0,5,7,0.714,1,2,3,1,0,0,3,0,33,8,0,2011-12,Regular Season,977,Kobe Bryant
22011,977,0021100567,2012-03-06 00:00:00,LAL @ DET,L,43,8,26,0.308,2,9,0.222,4,6,0.667,1,4,5,7,0,0,3,1,22,1,0,2011-12,Regular Season,977,Kobe Bryant
22011,977,0021100571,2012-03-07 00:00:00,LAL @ WAS,L,40,9,31,0.29,3,9,0.333,9,9,1.0,1,4,5,4,4,1,1,3,30,5,0,2011-12,Regular Season,977,Kobe Bryant
22011,977,0021100589,2012-03-09 00:00:00,LAL @ MIN,W,38,11,26,0.423,2,6,0.333,10,10,1.0,1,3,4,1,1,2,4,3,34,-3,0,2011-12,Regular Season,977,Kobe Bryant
22011,977,0021100604,2012-03-11 00:00:00,LAL vs. BOS,W,41,9,20,0.45,3,6,0.5,5,7,0.714,1,2,3,7,1,1,5,2,26,0,0,2011-12,Regular Season,977,Kobe Bryant
22011,977,0021100621,2012-03-13 00:00:00,LAL @ MEM,W,52,11,25,0.44,1,4,0.25,11,12,0.917,1,8,9,5,1,0,3,0,34,-1,0,2011-12,Regular Season,977,Kobe Bryant
22011,977,0021100631,2012-03-14 00:00:00,LAL @ NOH,W,49,10,23,0.435,2,8,0.25,11,11,1.0,1,3,4,5,2,0,4,1,33,8,0,2011-12,Regular Season,977,Kobe Bryant
22011,977,0021100652,2012-03-16 00:00:00,LAL vs. MIN,W,38,9,20,0.45,5,8,0.625,5,7,0.714,0,4,4,3,1,2,4,1,28,4,0,2011-12,Regular Season,977,Kobe Bryant
22011,977,0021100669,2012-03-18 00:00:00,LAL vs. UTA,L,37,3,20,0.15,1,6,0.167,8,9,0.889,2,4,6,4,2,0,7,4,15,-11,0,2011-12,Regular Season,977,Kobe Bryant
22011,977,0021100679,2012-03-20 00:00:00,LAL @ HOU,L,35,10,27,0.37,2,7,0.286,7,7,1.0,1,2,3,4,1,0,1,2,29,-3,0,2011-12,Regular Season,977,Kobe Bryant
22011,977,0021100692,2012-03-21 00:00:00,LAL @ DAL,W,35,11,18,0.611,1,2,0.5,7,7,1.0,1,4,5,4,1,0,4,2,30,9,0,2011-12,Regular Season,977,Kobe Bryant
22011,977,0021100709,2012-03-23 00:00:00,LAL vs. POR,W,36,5,17,0.294,1,7,0.143,7,8,0.875,2,3,5,4,1,0,4,1,18,2,0,2011-12,Regular Season,977,Kobe Bryant
22011,977,0021100726,2012-03-25 00:00:00,LAL vs. MEM,L,38,7,15,0.467,1,4,0.25,3,3,1.0,1,2,3,3,2,0,3,3,18,-6,0,2011-12,Regular Season,977,Kobe Bryant
22011,977,0021100742,2012-03-27 00:00:00,LAL @ GSW,W,37,9,24,0.375,1,5,0.2,11,12,0.917,2,3,5,5,0,0,3,1,30,3,0,2011-12,Regular Season,977,Kobe Bryant
22011,977,0021100756,2012-03-29 00:00:00,LAL vs. OKC,L,41,7,25,0.28,1,3,0.333,8,10,0.8,1,8,9,2,0,0,0,1,23,2,0,2011-12,Regular Season,977,Kobe Bryant
22011,977,0021100769,2012-03-31 00:00:00,LAL vs. NOH,W,38,3,21,0.143,1,8,0.125,4,5,0.8,1,2,3,5,3,0,1,4,11,4,0,2011-12,Regular Season,977,Kobe Bryant
22011,977,0021100784,2012-04-01 00:00:00,LAL vs. GSW,W,37,16,28,0.571,3,3,1.0,5,7,0.714,0,3,3,5,0,0,3,3,40,13,0,2011-12,Regular Season,977,Kobe Bryant
22011,977,0021100798,2012-04-03 00:00:00,LAL vs. NJN,W,36,10,16,0.625,3,6,0.5,1,1,1.0,0,7,7,3,1,0,3,1,24,1,0,2011-12,Regular Season,977,Kobe Bryant
22011,977,0021100810,2012-04-04 00:00:00,LAL @ LAC,W,37,13,19,0.684,2,3,0.667,3,5,0.6,1,4,5,6,0,1,2,2,31,8,0,2011-12,Regular Season,977,Kobe Bryant
22011,977,0021100825,2012-04-06 00:00:00,LAL vs. HOU,L,37,8,20,0.4,1,4,0.25,11,11,1.0,0,2,2,0,0,0,1,1,28,-16,0,2011-12,Regular Season,977,Kobe Bryant
22011,977,0021100941,2012-04-20 00:00:00,LAL @ SAS,L,30,7,12,0.583,1,3,0.333,3,4,0.75,0,2,2,1,0,0,1,2,18,-24,0,2011-12,Regular Season,977,Kobe Bryant
22011,977,0021100952,2012-04-22 00:00:00,LAL vs. OKC,W,49,9,26,0.346,2,3,0.667,6,7,0.857,1,5,6,8,1,0,3,1,26,8,0,2011-12,Regular Season,977,Kobe Bryant
42011,977,0041100161,2012-04-29 00:00:00,LAL vs. DEN,W,37,11,24,0.458,0,2,0.0,9,11,0.818,1,4,5,4,1,0,2,4,31,26,0,2011-12,Playoffs,977,Kobe Bryant
42011,977,0041100162,2012-05-01 00:00:00,LAL vs. DEN,W,40,15,29,0.517,2,6,0.333,6,7,0.857,2,2,4,2,3,1,1,3,38,4,0,2011-12,Playoffs,977,Kobe Bryant
42011,977,0041100163,2012-05-04 00:00:00,LAL @ DEN,L,41,7,23,0.304,3,10,0.3,5,6,0.833,3,3,6,6,0,0,6,4,22,-12,0,2011-12,Playoffs,977,Kobe Bryant
42011,977,0041100164,2012-05-06 00:00:00,LAL @ DEN,W,39,10,25,0.4,2,7,0.286,0,1,0.0,2,6,8,6,1,0,5,0,22,0,0,2011-12,Playoffs,977,Kobe Bryant
42011,977,0041100165,2012-05-08 00:00:00,LAL vs. DEN,L,43,14,32,0.438,5,11,0.455,10,11,0.909,1,5,6,5,2,0,3,2,43,-6,0,2011-12,Playoffs,977,Kobe Bryant
42011,977,0041100166,2012-05-10 00:00:00,LAL @ DEN,L,37,13,23,0.565,1,4,0.25,4,4,1.0,0,2,2,4,1,0,3,3,31,-28,0,2011-12,Playoffs,977,Kobe Bryant
42011,977,0041100167,2012-05-12 00:00:00,LAL vs. DEN,W,45,7,16,0.438,2,2,1.0,1,4,0.25,1,0,1,8,0,1,3,2,17,9,0,2011-12,Playoffs,977,Kobe Bryant
42011,977,0041100231,2012-05-14 00:00:00,LAL @ OKC,L,32,7,18,0.389,1,3,0.333,5,7,0.714,0,3,3,2,0,0,3,3,20,-27,0,2011-12,Playoffs,977,Kobe Bryant
42011,977,0041100232,2012-05-16 00:00:00,LAL @ OKC,L,43,9,25,0.36,0,6,0.0,2,2,1.0,1,2,3,4,4,0,2,4,20,5,0,2011-12,Playoffs,977,Kobe Bryant
42011,977,0041100233,2012-05-18 00:00:00,LAL vs. OKC,W,39,9,25,0.36,0,1,0.0,18,18,1.0,2,5,7,6,2,0,2,4,36,11,0,2011-12,Playoffs,977,Kobe Bryant
42011,977,0041100234,2012-05-19 00:00:00,LAL vs. OKC,L,40,12,28,0.429,0,2,0.0,14,17,0.824,3,5,8,5,0,0,2,1,38,-9,0,2011-12,Playoffs,977,Kobe Bryant
42011,977,0041100235,2012-05-21 00:00:00,LAL @ OKC,L,41,18,33,0.545,1,6,0.167,5,7,0.714,0,5,5,0,2,0,2,3,42,-14,0,2011-12,Playoffs,977,Kobe Bryant
22011,1495,0021100013,2011-12-26 00:00:00,SAS vs. MEM,W,21,4,7,0.571,0,0,0.0,2,2,1.0,2,4,6,3,0,1,4,4,10,10,0,2011-12,Regular Season,1495,Tim Duncan
22011,1495,0021100029,2011-12-28 00:00:00,SAS vs. LAC,W,26,5,13,0.385,0,0,0.0,0,0,0.0,0,8,8,2,0,0,1,2,10,17,0,2011-12,Regular Season,1495,Tim Duncan
22011,1495,0021100034,2011-12-29 00:00:00,SAS @ HOU,L,16,1,8,0.125,0,0,0.0,2,2,1.0,1,0,1,1,0,1,0,0,4,-28,0,2011-12,Regular Season,1495,Tim Duncan
22011,1495,0021100055,2011-12-31 00:00:00,SAS vs. UTA,W,27,4,13,0.308,0,0,0.0,4,5,0.8,0,9,9,2,0,1,1,1,12,20,0,2011-12,Regular Season,1495,Tim Duncan
22011,1495,0021100072,2012-01-02 00:00:00,SAS @ MIN,L,28,7,12,0.583,0,0,0.0,2,2,1.0,0,2,2,5,0,1,1,1,16,-15,0,2011-12,Regular Season,1495,Tim Duncan
22011,1495,0021100091,2012-01-04 00:00:00,SAS vs. GSW,W,31,6,9,0.667,0,0,0.0,3,4,0.75,1,10,11,1,3,3,1,1,15,8,0,2011-12,Regular Season,1495,Tim Duncan
22011,1495,0021100095,2012-01-05 00:00:00,SAS vs. DAL,W,25,4,13,0.308,0,0,0.0,2,6,0.333,1,4,5,1,0,0,0,2,10,17,0,2011-12,Regular Season,1495,Tim Duncan
22011,1495,0021100116,2012-01-07 00:00:00,SAS vs. DEN,W,20,4,8,0.5,0,0,0.0,2,2,1.0,0,2,2,5,0,0,2,0,10,3,0,2011-12,Regular Season,1495,Tim Duncan
22011,1495,0021100122,2012-01-08 00:00:00,SAS @ OKC,L,23,5,13,0.385,0,0,0.0,1,2,0.5,2,5,7,2,0,0,2,2,11,-5,0,2011-12,Regular Season,1495,Tim Duncan
22011,1495,0021100136,2012-01-10 00:00:00,SAS @ MIL,L,36,9,12,0.75,0,0,0.0,2,3,0.667,0,8,8,7,1,3,3,3,20,7,0,2011-12,Regular Season,1495,Tim Duncan
22011,1495,0021100149,2012-01-11 00:00:00,SAS vs. HOU,W,38,7,17,0.412,0,0,0.0,3,6,0.5,5,6,11,5,3,2,4,0,17,8,0,2011-12,Regular Season,1495,Tim Duncan
22011,1495,0021100166,2012-01-13 00:00:00,SAS vs. POR,W,21,3,7,0.429,0,0,0.0,1,2,0.5,2,7,9,1,1,1,5,3,7,-3,0,2011-12,Regular Season,1495,Tim Duncan
22011,1495,0021100183,2012-01-15 00:00:00,SAS vs. PHX,W,31,10,14,0.714,0,1,0.0,4,6,0.667,0,11,11,4,1,2,2,3,24,5,0,2011-12,Regular Season,1495,Tim Duncan
22011,1495,0021100197,2012-01-17 00:00:00,SAS @ MIA,L,27,4,10,0.4,0,0,0.0,0,0,0.0,2,5,7,3,1,0,2,2,8,-5,0,2011-12,Regular Season,1495,Tim Duncan
22011,1495,0021100204,2012-01-18 00:00:00,SAS @ ORL,W,36,6,13,0.462,0,0,0.0,5,8,0.625,1,9,10,2,0,1,2,4,17,1,0,2011-12,Regular Season,1495,Tim Duncan
22011,1495,0021100224,2012-01-20 00:00:00,SAS vs. SAC,L,25,4,8,0.5,0,0,0.0,2,2,1.0,3,7,10,3,0,1,1,1,10,-15,0,2011-12,Regular Season,1495,Tim Duncan
22011,1495,0021100246,2012-01-23 00:00:00,SAS @ NOH,W,34,11,19,0.579,0,0,0.0,6,8,0.75,1,6,7,2,1,0,1,2,28,-2,0,2011-12,Regular Season,1495,Tim Duncan
22011,1495,0021100265,2012-01-25 00:00:00,SAS vs. ATL,W,22,3,7,0.429,0,0,0.0,0,1,0.0,2,9,11,2,0,0,1,0,6,-4,0,2011-12,Regular Season,1495,Tim Duncan
22011,1495,0021100280,2012-01-27 00:00:00,SAS @ MIN,L,33,2,12,0.167,0,0,0.0,5,6,0.833,1,9,10,4,0,4,2,1,9,-5,0,2011-12,Regular Season,1495,Tim Duncan
22011,1495,0021100295,2012-01-29 00:00:00,SAS @ DAL,L,23,5,10,0.5,0,0,0.0,2,4,0.5,2,4,6,2,0,0,1,1,12,-6,0,2011-12,Regular Season,1495,Tim Duncan
22011,1495,0021100303,2012-01-30 00:00:00,SAS @ MEM,W,32,5,12,0.417,0,0,0.0,4,4,1.0,0,6,6,4,0,2,3,4,14,1,0,2011-12,Regular Season,1495,Tim Duncan
22011,1495,0021100323,2012-02-01 00:00:00,SAS vs. HOU,W,31,9,12,0.75,0,0,0.0,7,10,0.7,1,6,7,0,1,1,3,0,25,6,0,2011-12,Regular Season,1495,Tim Duncan
22011,1495,0021100328,2012-02-02 00:00:00,SAS vs. NOH,W,22,6,8,0.75,0,0,0.0,7,7,1.0,4,5,9,1,2,1,1,2,19,11,0,2011-12,Regular Season,1495,Tim Duncan
22011,1495,0021100350,2012-02-04 00:00:00,SAS vs. OKC,W,30,5,16,0.313,0,0,0.0,3,3,1.0,3,12,15,3,1,2,2,2,13,24,0,2011-12,Regular Season,1495,Tim Duncan
22011,1495,0021100363,2012-02-06 00:00:00,SAS @ MEM,W,32,9,14,0.643,0,0,0.0,1,1,1.0,3,14,17,3,2,5,3,3,19,6,0,2011-12,Regular Season,1495,Tim Duncan
22011,1495,0021100374,2012-02-08 00:00:00,SAS @ PHI,W,30,6,16,0.375,0,1,0.0,4,6,0.667,3,8,11,1,1,2,0,3,16,8,0,2011-12,Regular Season,1495,Tim Duncan
22011,1495,0021100403,2012-02-11 00:00:00,SAS @ NJN,W,24,6,11,0.545,0,0,0.0,1,2,0.5,1,9,10,5,1,2,2,2,13,2,0,2011-12,Regular Season,1495,Tim Duncan
22011,1495,0021100422,2012-02-14 00:00:00,SAS @ DET,W,33,7,17,0.412,0,0,0.0,4,4,1.0,5,8,13,3,2,3,3,3,18,4,0,2011-12,Regular Season,1495,Tim Duncan
22011,1495,0021100429,2012-02-15 00:00:00,SAS @ TOR,W,19,3,8,0.375,0,0,0.0,2,2,1.0,1,2,3,2,0,0,1,0,8,-2,0,2011-12,Regular Season,1495,Tim Duncan
22011,1495,0021100456,2012-02-18 00:00:00,SAS @ LAC,W,41,5,14,0.357,0,0,0.0,1,4,0.25,6,11,17,3,0,2,0,2,11,14,0,2011-12,Regular Season,1495,Tim Duncan
22011,1495,0021100477,2012-02-20 00:00:00,SAS @ UTA,W,38,7,14,0.5,0,0,0.0,6,6,1.0,0,7,7,3,1,1,1,3,20,8,0,2011-12,Regular Season,1495,Tim Duncan
22011,1495,0021100501,2012-02-23 00:00:00,SAS @ DEN,W,29,6,13,0.462,0,0,0.0,6,9,0.667,2,7,9,3,0,3,2,3,18,18,0,2011-12,Regular Season,1495,Tim Duncan
22011,1495,0021100520,2012-02-29 00:00:00,SAS vs. CHI,L,33,8,21,0.381,0,2,0.0,2,2,1.0,0,10,10,0,2,2,1,0,18,0,0,2011-12,Regular Season,1495,Tim Duncan
22011,1495,0021100535,2012-03-02 00:00:00,SAS vs. CHA,W,23,6,17,0.353,0,0,0.0,2,3,0.667,1,7,8,3,0,2,1,1,14,7,0,2011-12,Regular Season,1495,Tim Duncan
22011,1495,0021100553,2012-03-04 00:00:00,SAS vs. DEN,L,24,7,13,0.538,0,0,0.0,0,2,0.0,1,8,9,0,0,2,2,2,14,-17,0,2011-12,Regular Season,1495,Tim Duncan
22011,1495,0021100578,2012-03-07 00:00:00,SAS vs. NYK,W,30,6,11,0.545,0,0,0.0,5,7,0.714,1,7,8,3,1,1,2,1,17,10,0,2011-12,Regular Season,1495,Tim Duncan
22011,1495,0021100591,2012-03-09 00:00:00,SAS vs. LAC,L,29,7,13,0.538,0,0,0.0,3,11,0.273,2,2,4,1,0,0,0,1,17,8,0,2011-12,Regular Season,1495,Tim Duncan
22011,1495,0021100614,2012-03-12 00:00:00,SAS vs. WAS,W,28,7,13,0.538,0,0,0.0,0,0,0.0,1,8,9,3,0,1,0,1,14,3,0,2011-12,Regular Season,1495,Tim Duncan
22011,1495,0021100633,2012-03-14 00:00:00,SAS vs. ORL,W,31,7,12,0.583,0,0,0.0,7,10,0.7,4,9,13,2,0,0,0,1,21,-3,0,2011-12,Regular Season,1495,Tim Duncan
22011,1495,0021100649,2012-03-16 00:00:00,SAS @ OKC,W,33,5,13,0.385,0,0,0.0,6,11,0.545,4,15,19,1,0,5,2,0,16,10,0,2011-12,Regular Season,1495,Tim Duncan
22011,1495,0021100659,2012-03-17 00:00:00,SAS @ DAL,L,29,7,12,0.583,0,0,0.0,3,5,0.6,0,4,4,1,0,3,1,3,17,-8,0,2011-12,Regular Season,1495,Tim Duncan
22011,1495,0021100690,2012-03-21 00:00:00,SAS vs. MIN,W,24,9,19,0.474,0,0,0.0,3,6,0.5,6,9,15,4,1,1,1,3,21,13,0,2011-12,Regular Season,1495,Tim Duncan
22011,1495,0021100707,2012-03-23 00:00:00,SAS vs. DAL,W,33,6,18,0.333,0,0,0.0,3,4,0.75,4,8,12,3,0,0,3,1,15,-8,0,2011-12,Regular Season,1495,Tim Duncan
22011,1495,0021100715,2012-03-24 00:00:00,SAS @ NOH,W,31,4,11,0.364,0,0,0.0,5,5,1.0,3,4,7,1,0,2,1,2,13,7,0,2011-12,Regular Season,1495,Tim Duncan
22011,1495,0021100740,2012-03-27 00:00:00,SAS @ PHX,W,32,11,16,0.688,0,0,0.0,4,4,1.0,3,8,11,2,1,0,1,1,26,0,0,2011-12,Regular Season,1495,Tim Duncan
22011,1495,0021100750,2012-03-28 00:00:00,SAS @ SAC,W,30,9,18,0.5,0,0,0.0,0,0,0.0,3,5,8,2,0,0,3,4,18,14,0,2011-12,Regular Season,1495,Tim Duncan
22011,1495,0021100774,2012-03-31 00:00:00,SAS vs. IND,W,32,7,16,0.438,0,0,0.0,9,9,1.0,2,9,11,2,0,2,1,2,23,7,0,2011-12,Regular Season,1495,Tim Duncan
22011,1495,0021100792,2012-04-03 00:00:00,SAS @ CLE,W,23,2,6,0.333,0,0,0.0,3,4,0.75,1,7,8,1,1,2,3,1,7,20,0,2011-12,Regular Season,1495,Tim Duncan
22011,1495,0021100801,2012-04-04 00:00:00,SAS @ BOS,W,34,4,12,0.333,0,0,0.0,2,4,0.5,4,12,16,1,1,3,2,1,10,7,0,2011-12,Regular Season,1495,Tim Duncan
22011,1495,0021100822,2012-04-06 00:00:00,SAS vs. NOH,W,20,8,9,0.889,0,0,0.0,3,4,0.75,2,4,6,2,2,2,4,2,19,12,0,2011-12,Regular Season,1495,Tim Duncan
22011,1495,0021100839,2012-04-08 00:00:00,SAS vs. UTA,W,31,5,10,0.5,0,0,0.0,3,5,0.6,3,13,16,3,0,3,4,3,13,8,0,2011-12,Regular Season,1495,Tim Duncan
22011,1495,0021100866,2012-04-11 00:00:00,SAS vs. LAL,L,24,7,14,0.5,0,0,0.0,0,2,0.0,0,2,2,0,0,3,2,1,14,-12,0,2011-12,Regular Season,1495,Tim Duncan
22011,1495,0021100872,2012-04-12 00:00:00,SAS vs. MEM,W,35,10,15,0.667,0,0,0.0,8,11,0.727,4,8,12,0,0,2,1,2,28,-1,0,2011-12,Regular Season,1495,Tim Duncan
22011,1495,0021100892,2012-04-14 00:00:00,SAS vs. PHX,W,24,9,14,0.643,0,0,0.0,1,1,1.0,1,10,11,1,0,0,2,1,19,31,0,2011-12,Regular Season,1495,Tim Duncan
22011,1495,0021100912,2012-04-16 00:00:00,SAS @ GSW,W,11,5,8,0.625,0,0,0.0,3,4,0.75,2,0,2,0,1,1,0,0,13,20,0,2011-12,Regular Season,1495,Tim Duncan
22011,1495,0021100917,2012-04-17 00:00:00,SAS @ LAL,W,35,9,14,0.643,0,0,0.0,1,1,1.0,1,7,8,3,2,0,0,1,19,26,0,2011-12,Regular Season,1495,Tim Duncan
22011,1495,0021100941,2012-04-20 00:00:00,SAS vs. LAL,W,26,10,15,0.667,0,0,0.0,1,1,1.0,2,6,8,3,3,2,2,2,21,26,0,2011-12,Regular Season,1495,Tim Duncan
22011,1495,0021100965,2012-04-23 00:00:00,SAS vs. POR,W,26,8,13,0.615,0,0,0.0,2,4,0.5,0,8,8,2,1,4,1,1,18,20,0,2011-12,Regular Season,1495,Tim Duncan
42011,1495,0041100141,2012-04-29 00:00:00,SAS vs. UTA,W,31,7,14,0.5,0,0,0.0,3,5,0.6,4,7,11,5,2,0,2,0,17,17,0,2011-12,Playoffs,1495,Tim Duncan
42011,1495,0041100142,2012-05-02 00:00:00,SAS vs. UTA,W,27,5,10,0.5,0,0,0.0,2,2,1.0,0,13,13,1,0,1,1,1,12,36,0,2011-12,Playoffs,1495,Tim Duncan
42011,1495,0041100143,2012-05-05 00:00:00,SAS @ UTA,W,35,7,15,0.467,0,1,0.0,3,4,0.75,2,4,6,3,1,3,1,2,17,8,0,2011-12,Playoffs,1495,Tim Duncan
42011,1495,0041100144,2012-05-07 00:00:00,SAS @ UTA,W,28,4,10,0.4,0,0,0.0,3,3,1.0,1,4,5,1,1,3,1,4,11,-13,0,2011-12,Playoffs,1495,Tim Duncan
42011,1495,0041100221,2012-05-15 00:00:00,SAS vs. LAC,W,35,12,20,0.6,0,0,0.0,2,2,1.0,2,8,10,2,2,2,1,2,26,26,0,2011-12,Playoffs,1495,Tim Duncan
42011,1495,0041100222,2012-05-17 00:00:00,SAS vs. LAC,W,33,9,14,0.643,0,0,0.0,0,0,0.0,0,5,5,3,2,0,2,0,18,23,0,2011-12,Playoffs,1495,Tim Duncan
42011,1495,0041100223,2012-05-19 00:00:00,SAS @ LAC,W,38,8,16,0.5,0,0,0.0,3,5,0.6,3,10,13,4,0,3,1,3,19,20,0,2011-12,Playoffs,1495,Tim Duncan
42011,1495,0041100224,2012-05-20 00:00:00,SAS @ LAC,W,30,9,14,0.643,0,0,0.0,3,3,1.0,2,7,9,4,0,3,1,2,21,0,0,2011-12,Playoffs,1495,Tim Duncan
42011,1495,0041100311,2012-05-27 00:00:00,SAS vs. OKC,W,35,6,15,0.4,0,0,0.0,4,6,0.667,4,7,11,2,0,1,2,3,16,9,0,2011-12,Playoffs,1495,Tim Duncan
42011,1495,0041100312,2012-05-29 00:00:00,SAS vs. OKC,W,36,2,11,0.182,0,0,0.0,7,10,0.7,3,9,12,6,0,4,3,2,11,18,0,2011-12,Playoffs,1495,Tim Duncan
42011,1495,0041100313,2012-05-31 00:00:00,SAS @ OKC,L,26,5,15,0.333,0,0,0.0,1,2,0.5,1,1,2,1,0,5,2,3,11,-16,0,2011-12,Playoffs,1495,Tim Duncan
42011,1495,0041100314,2012-06-02 00:00:00,SAS @ OKC,L,36,9,17,0.529,0,0,0.0,3,7,0.429,2,6,8,2,0,1,0,0,21,-3,0,2011-12,Playoffs,1495,Tim Duncan
42011,1495,0041100315,2012-06-04 00:00:00,SAS vs. OKC,L,33,7,10,0.7,0,0,0.0,4,5,0.8,5,7,12,3,1,1,2,4,18,17,0,2011-12,Playoffs,1495,Tim Duncan
42011,1495,0041100316,2012-06-06 00:00:00,SAS @ OKC,L,41,11,23,0.478,0,0,0.0,3,4,0.75,3,11,14,2,1,2,2,4,25,-3,0,2011-12,Playoffs,1495,Tim Duncan
22011,959,0021100014,2011-12-26 00:00:00,PHX vs. NOH,L,30,5,10,0.5,2,3,0.667,2,2,1.0,0,0,0,12,0,0,4,3,14,5,0,2011-12,Regular Season,959,Steve Nash
22011,959,0021100031,2011-12-28 00:00:00,PHX vs. PHI,L,17,2,11,0.182,0,3,0.0,0,0,0.0,0,0,0,1,0,0,6,4,4,-22,0,2011-12,Regular Season,959,Steve Nash
22011,959,0021100044,2011-12-30 00:00:00,PHX @ NOH,W,36,2,8,0.25,1,3,0.333,2,2,1.0,1,2,3,12,0,0,3,0,7,17,0,2011-12,Regular Season,959,Steve Nash
22011,959,0021100053,2011-12-31 00:00:00,PHX @ OKC,L,22,3,10,0.3,2,7,0.286,0,0,0.0,1,3,4,6,0,0,3,0,8,-10,0,2011-12,Regular Season,959,Steve Nash
22011,959,0021100066,2012-01-02 00:00:00,PHX vs. GSW,W,33,9,13,0.692,1,3,0.333,2,2,1.0,0,0,0,9,2,0,2,1,21,5,0,2011-12,Regular Season,959,Steve Nash
22011,959,0021100090,2012-01-04 00:00:00,PHX @ DAL,L,37,6,12,0.5,2,6,0.333,1,1,1.0,2,2,4,12,3,0,4,1,15,11,0,2011-12,Regular Season,959,Steve Nash
22011,959,0021100108,2012-01-06 00:00:00,PHX vs. POR,W,28,7,7,1.0,2,2,1.0,1,1,1.0,0,2,2,9,1,0,3,1,17,22,0,2011-12,Regular Season,959,Steve Nash
22011,959,0021100123,2012-01-08 00:00:00,PHX vs. MIL,W,27,5,7,0.714,0,1,0.0,0,0,0.0,0,1,1,17,1,0,3,0,10,26,0,2011-12,Regular Season,959,Steve Nash
22011,959,0021100141,2012-01-10 00:00:00,PHX @ LAL,L,34,6,11,0.545,1,3,0.333,0,0,0.0,0,1,1,8,0,0,1,0,13,-19,0,2011-12,Regular Season,959,Steve Nash
22011,959,0021100157,2012-01-12 00:00:00,PHX vs. CLE,L,35,6,10,0.6,1,2,0.5,3,5,0.6,0,0,0,15,0,0,3,0,16,-10,0,2011-12,Regular Season,959,Steve Nash
22011,959,0021100183,2012-01-15 00:00:00,PHX @ SAS,L,35,9,19,0.474,0,1,0.0,2,2,1.0,0,1,1,10,1,0,4,0,20,-8,0,2011-12,Regular Season,959,Steve Nash
22011,959,0021100198,2012-01-17 00:00:00,PHX @ CHI,L,30,10,13,0.769,3,3,1.0,2,3,0.667,0,1,1,9,0,0,5,0,25,-26,0,2011-12,Regular Season,959,Steve Nash
22011,959,0021100207,2012-01-18 00:00:00,PHX @ NYK,W,38,9,12,0.75,2,3,0.667,6,6,1.0,0,5,5,11,0,0,3,0,26,4,0,2011-12,Regular Season,959,Steve Nash
22011,959,0021100219,2012-01-20 00:00:00,PHX @ BOS,W,38,3,6,0.5,0,1,0.0,5,6,0.833,0,5,5,9,0,0,4,0,11,1,0,2011-12,Regular Season,959,Steve Nash
22011,959,0021100249,2012-01-23 00:00:00,PHX @ DAL,L,36,2,9,0.222,0,3,0.0,4,4,1.0,0,1,1,12,0,0,3,0,8,0,0,2011-12,Regular Season,959,Steve Nash
22011,959,0021100255,2012-01-24 00:00:00,PHX vs. TOR,L,35,8,14,0.571,1,4,0.25,0,0,0.0,1,6,7,14,0,0,6,0,17,-3,0,2011-12,Regular Season,959,Steve Nash
22011,959,0021100283,2012-01-27 00:00:00,PHX @ POR,L,25,2,7,0.286,0,0,0.0,1,3,0.333,0,2,2,7,0,0,1,0,5,-14,0,2011-12,Regular Season,959,Steve Nash
22011,959,0021100290,2012-01-28 00:00:00,PHX vs. MEM,W,32,8,14,0.571,2,3,0.667,3,3,1.0,1,4,5,6,2,0,5,0,21,9,0,2011-12,Regular Season,959,Steve Nash
22011,959,0021100320,2012-02-01 00:00:00,PHX @ NOH,W,29,13,16,0.813,1,1,1.0,3,3,1.0,0,2,2,10,1,1,1,1,30,29,0,2011-12,Regular Season,959,Steve Nash
22011,959,0021100338,2012-02-03 00:00:00,PHX @ HOU,L,25,2,5,0.4,2,4,0.5,0,0,0.0,0,5,5,9,1,0,4,0,6,-6,0,2011-12,Regular Season,959,Steve Nash
22011,959,0021100352,2012-02-04 00:00:00,PHX vs. CHA,W,33,4,8,0.5,1,2,0.5,2,2,1.0,1,2,3,10,0,1,4,2,11,-5,0,2011-12,Regular Season,959,Steve Nash
22011,959,0021100362,2012-02-06 00:00:00,PHX @ ATL,W,31,9,12,0.75,4,4,1.0,2,2,1.0,0,4,4,11,0,0,4,0,24,9,0,2011-12,Regular Season,959,Steve Nash
22011,959,0021100370,2012-02-07 00:00:00,PHX @ MIL,W,35,8,13,0.615,2,4,0.5,0,0,0.0,0,3,3,11,1,0,4,1,18,14,0,2011-12,Regular Season,959,Steve Nash
22011,959,0021100386,2012-02-09 00:00:00,PHX vs. HOU,L,35,7,7,1.0,0,0,0.0,0,0,0.0,0,1,1,13,1,0,4,0,14,12,0,2011-12,Regular Season,959,Steve Nash
22011,959,0021100407,2012-02-11 00:00:00,PHX @ SAC,W,29,2,7,0.286,0,1,0.0,0,0,0.0,0,4,4,15,0,0,5,0,4,14,0,2011-12,Regular Season,959,Steve Nash
22011,959,0021100419,2012-02-13 00:00:00,PHX @ GSW,L,36,3,6,0.5,0,3,0.0,1,1,1.0,0,3,3,14,2,0,4,2,7,0,0,2011-12,Regular Season,959,Steve Nash
22011,959,0021100439,2012-02-15 00:00:00,PHX vs. ATL,L,39,7,14,0.5,1,4,0.25,7,8,0.875,0,4,4,16,1,0,4,0,22,0,0,2011-12,Regular Season,959,Steve Nash
22011,959,0021100455,2012-02-17 00:00:00,PHX @ LAL,L,36,4,11,0.364,2,5,0.4,1,2,0.5,1,2,3,17,2,0,7,0,11,-6,0,2011-12,Regular Season,959,Steve Nash
22011,959,0021100469,2012-02-19 00:00:00,PHX vs. LAL,W,37,2,8,0.25,0,2,0.0,4,4,1.0,0,2,2,14,1,0,3,1,8,18,0,2011-12,Regular Season,959,Steve Nash
22011,959,0021100478,2012-02-20 00:00:00,PHX vs. WAS,W,28,3,6,0.5,0,2,0.0,6,7,0.857,1,6,7,11,2,1,3,0,12,24,0,2011-12,Regular Season,959,Steve Nash
22011,959,0021100496,2012-02-22 00:00:00,PHX vs. GSW,L,34,2,4,0.5,1,2,0.5,2,3,0.667,0,5,5,9,0,0,5,1,7,-8,0,2011-12,Regular Season,959,Steve Nash
22011,959,0021100525,2012-03-01 00:00:00,PHX vs. MIN,W,34,6,13,0.462,1,3,0.333,0,0,0.0,0,8,8,17,1,0,5,3,13,9,0,2011-12,Regular Season,959,Steve Nash
22011,959,0021100537,2012-03-02 00:00:00,PHX vs. LAC,W,34,1,4,0.25,1,3,0.333,3,3,1.0,0,5,5,6,0,1,7,0,6,10,0,2011-12,Regular Season,959,Steve Nash
22011,959,0021100552,2012-03-04 00:00:00,PHX vs. SAC,W,33,8,13,0.615,2,2,1.0,1,1,1.0,1,2,3,7,0,0,3,0,19,5,0,2011-12,Regular Season,959,Steve Nash
22011,959,0021100576,2012-03-07 00:00:00,PHX @ OKC,L,39,6,9,0.667,0,1,0.0,0,1,0.0,0,2,2,13,0,0,1,1,12,-3,0,2011-12,Regular Season,959,Steve Nash
22011,959,0021100583,2012-03-08 00:00:00,PHX vs. DAL,W,35,4,7,0.571,0,2,0.0,3,3,1.0,0,3,3,11,1,0,1,0,11,-2,0,2011-12,Regular Season,959,Steve Nash
22011,959,0021100601,2012-03-10 00:00:00,PHX vs. MEM,W,35,4,6,0.667,1,1,1.0,2,2,1.0,0,2,2,15,0,0,5,1,11,13,0,2011-12,Regular Season,959,Steve Nash
22011,959,0021100616,2012-03-12 00:00:00,PHX vs. MIN,L,32,10,16,0.625,2,3,0.667,3,3,1.0,1,2,3,10,0,0,0,2,25,1,0,2011-12,Regular Season,959,Steve Nash
22011,959,0021100635,2012-03-14 00:00:00,PHX vs. UTA,W,36,2,4,0.5,0,0,0.0,8,8,1.0,1,3,4,16,0,0,5,2,12,18,0,2011-12,Regular Season,959,Steve Nash
22011,959,0021100650,2012-03-16 00:00:00,PHX vs. DET,W,34,1,2,0.5,0,0,0.0,3,3,1.0,0,2,2,17,0,0,3,0,5,11,0,2011-12,Regular Season,959,Steve Nash
22011,959,0021100667,2012-03-18 00:00:00,PHX vs. HOU,W,30,2,6,0.333,0,2,0.0,0,0,0.0,0,2,2,11,1,0,1,2,4,10,0,2011-12,Regular Season,959,Steve Nash
22011,959,0021100678,2012-03-20 00:00:00,PHX @ MIA,L,34,4,7,0.571,1,2,0.5,0,1,0.0,2,3,5,10,1,0,7,2,9,-5,0,2011-12,Regular Season,959,Steve Nash
22011,959,0021100685,2012-03-21 00:00:00,PHX @ ORL,L,27,4,7,0.571,0,0,0.0,4,5,0.8,0,2,2,2,2,0,5,1,12,-8,0,2011-12,Regular Season,959,Steve Nash
22011,959,0021100702,2012-03-23 00:00:00,PHX @ IND,W,34,3,8,0.375,0,3,0.0,6,6,1.0,1,2,3,17,2,0,4,0,12,2,0,2011-12,Regular Season,959,Steve Nash
22011,959,0021100719,2012-03-25 00:00:00,PHX @ CLE,W,29,2,2,1.0,0,0,0.0,0,0,0.0,1,2,3,13,1,1,1,2,4,20,0,2011-12,Regular Season,959,Steve Nash
22011,959,0021100740,2012-03-27 00:00:00,PHX vs. SAS,L,34,8,16,0.5,0,0,0.0,0,0,0.0,2,3,5,8,1,0,5,3,16,7,0,2011-12,Regular Season,959,Steve Nash
22011,959,0021100751,2012-03-28 00:00:00,PHX @ LAC,L,30,0,4,0.0,0,1,0.0,1,1,1.0,0,4,4,15,1,0,4,0,1,2,0,2011-12,Regular Season,959,Steve Nash
22011,959,0021100782,2012-04-01 00:00:00,PHX vs. NOH,W,35,2,4,0.5,0,0,0.0,0,0,0.0,0,1,1,14,2,0,3,2,4,18,0,2011-12,Regular Season,959,Steve Nash
22011,959,0021100797,2012-04-03 00:00:00,PHX @ SAC,W,33,7,12,0.583,2,3,0.667,2,2,1.0,2,5,7,11,0,0,1,2,18,13,0,2011-12,Regular Season,959,Steve Nash
22011,959,0021100808,2012-04-04 00:00:00,PHX @ UTA,W,32,5,9,0.556,3,7,0.429,0,0,0.0,0,2,2,9,0,0,4,2,13,-11,0,2011-12,Regular Season,959,Steve Nash
22011,959,0021100823,2012-04-06 00:00:00,PHX @ DEN,L,35,5,10,0.5,2,3,0.667,2,2,1.0,2,1,3,11,0,0,3,0,14,-2,0,2011-12,Regular Season,959,Steve Nash
22011,959,0021100832,2012-04-07 00:00:00,PHX vs. LAL,W,26,6,9,0.667,1,2,0.5,0,0,0.0,1,1,2,11,0,0,1,0,13,9,0,2011-12,Regular Season,959,Steve Nash
22011,959,0021100848,2012-04-09 00:00:00,PHX @ MIN,W,26,6,10,0.6,1,3,0.333,1,1,1.0,0,2,2,6,0,1,3,0,14,9,0,2011-12,Regular Season,959,Steve Nash
22011,959,0021100862,2012-04-11 00:00:00,PHX @ MEM,L,35,4,10,0.4,0,1,0.0,3,4,0.75,1,3,4,10,2,0,7,0,11,-21,0,2011-12,Regular Season,959,Steve Nash
22011,959,0021100882,2012-04-13 00:00:00,PHX @ HOU,W,34,4,8,0.5,1,2,0.5,9,9,1.0,1,2,3,10,0,0,5,2,18,7,0,2011-12,Regular Season,959,Steve Nash
22011,959,0021100892,2012-04-14 00:00:00,PHX @ SAS,L,6,1,4,0.25,0,1,0.0,0,0,0.0,0,0,0,0,0,0,2,0,2,-17,0,2011-12,Regular Season,959,Steve Nash
22011,959,0021100910,2012-04-16 00:00:00,PHX vs. POR,W,27,3,6,0.5,0,0,0.0,0,0,0.0,0,2,2,13,0,0,4,1,6,26,0,2011-12,Regular Season,959,Steve Nash
22011,959,0021100928,2012-04-18 00:00:00,PHX vs. OKC,L,28,3,6,0.5,1,2,0.5,5,5,1.0,0,1,1,5,0,1,5,3,12,-4,0,2011-12,Regular Season,959,Steve Nash
22011,959,0021100936,2012-04-19 00:00:00,PHX vs. LAC,W,34,4,6,0.667,2,3,0.667,3,4,0.75,0,2,2,6,0,0,6,0,13,0,0,2011-12,Regular Season,959,Steve Nash
22011,959,0021100943,2012-04-21 00:00:00,PHX vs. DEN,L,30,4,9,0.444,0,3,0.0,0,0,0.0,1,5,6,13,1,0,5,2,8,-12,0,2011-12,Regular Season,959,Steve Nash
22011,959,0021100969,2012-04-24 00:00:00,PHX @ UTA,L,36,4,11,0.364,0,3,0.0,6,6,1.0,0,4,4,11,0,1,5,2,14,-13,0,2011-12,Regular Season,959,Steve Nash
22011,959,0021100977,2012-04-25 00:00:00,PHX vs. SAS,L,17,4,7,0.571,0,0,0.0,0,0,0.0,0,3,3,7,0,0,3,0,8,2,0,2011-12,Regular Season,959,Steve Nash
22011,1717,0021100002,2011-12-25 00:00:00,DAL vs. MIA,L,29,6,15,0.4,0,0,0.0,9,10,0.9,1,4,5,3,0,0,2,4,21,-28,0,2011-12,Regular Season,1717,Dirk Nowitzki
22011,1717,0021100012,2011-12-26 00:00:00,DAL vs. DEN,L,26,7,14,0.5,0,2,0.0,6,6,1.0,0,4,4,0,0,0,1,2,20,-21,0,2011-12,Regular Season,1717,Dirk Nowitzki
22011,1717,0021100035,2011-12-29 00:00:00,DAL @ OKC,L,39,9,17,0.529,1,4,0.25,10,10,1.0,2,8,10,4,0,0,4,5,29,19,0,2011-12,Regular Season,1717,Dirk Nowitzki
22011,1717,0021100047,2011-12-30 00:00:00,DAL vs. TOR,W,31,7,16,0.438,0,1,0.0,4,5,0.8,0,4,4,4,4,1,2,0,18,5,0,2011-12,Regular Season,1717,Dirk Nowitzki
22011,1717,0021100061,2012-01-01 00:00:00,DAL @ MIN,L,32,9,20,0.45,2,3,0.667,1,1,1.0,0,4,4,0,1,0,0,2,21,-12,0,2011-12,Regular Season,1717,Dirk Nowitzki
22011,1717,0021100073,2012-01-02 00:00:00,DAL vs. OKC,W,36,10,16,0.625,1,5,0.2,5,6,0.833,1,5,6,3,2,0,2,2,26,24,0,2011-12,Regular Season,1717,Dirk Nowitzki
22011,1717,0021100090,2012-01-04 00:00:00,DAL vs. PHX,W,35,7,17,0.412,0,0,0.0,6,7,0.857,1,5,6,7,0,0,3,2,20,8,0,2011-12,Regular Season,1717,Dirk Nowitzki
22011,1717,0021100095,2012-01-05 00:00:00,DAL @ SAS,L,24,3,11,0.273,0,3,0.0,0,1,0.0,1,5,6,0,1,1,2,0,6,-18,0,2011-12,Regular Season,1717,Dirk Nowitzki
22011,1717,0021100117,2012-01-07 00:00:00,DAL vs. NOH,W,30,2,11,0.182,0,2,0.0,6,6,1.0,0,2,2,4,2,0,0,2,10,14,0,2011-12,Regular Season,1717,Dirk Nowitzki
22011,1717,0021100135,2012-01-10 00:00:00,DAL @ DET,W,28,9,10,0.9,0,0,0.0,0,1,0.0,0,7,7,1,0,1,2,3,18,42,0,2011-12,Regular Season,1717,Dirk Nowitzki
22011,1717,0021100146,2012-01-11 00:00:00,DAL @ BOS,W,38,5,11,0.455,0,1,0.0,6,6,1.0,2,5,7,4,1,1,3,2,16,4,0,2011-12,Regular Season,1717,Dirk Nowitzki
22011,1717,0021100165,2012-01-13 00:00:00,DAL vs. MIL,W,22,4,7,0.571,1,2,0.5,2,2,1.0,0,5,5,2,0,0,0,0,11,14,0,2011-12,Regular Season,1717,Dirk Nowitzki
22011,1717,0021100178,2012-01-14 00:00:00,DAL vs. SAC,W,20,6,14,0.429,0,2,0.0,2,2,1.0,0,2,2,1,1,2,0,4,14,4,0,2011-12,Regular Season,1717,Dirk Nowitzki
22011,1717,0021100194,2012-01-16 00:00:00,DAL @ LAL,L,33,8,17,0.471,0,1,0.0,5,6,0.833,1,6,7,1,0,0,3,1,21,0,0,2011-12,Regular Season,1717,Dirk Nowitzki
22011,1717,0021100212,2012-01-18 00:00:00,DAL @ LAC,L,33,6,18,0.333,3,6,0.5,2,2,1.0,0,7,7,1,1,3,2,4,17,-5,0,2011-12,Regular Season,1717,Dirk Nowitzki
22011,1717,0021100215,2012-01-19 00:00:00,DAL @ UTA,W,37,5,12,0.417,0,2,0.0,2,2,1.0,1,4,5,1,0,0,1,1,12,11,0,2011-12,Regular Season,1717,Dirk Nowitzki
22011,1717,0021100295,2012-01-29 00:00:00,DAL vs. SAS,W,38,5,14,0.357,0,3,0.0,0,0,0.0,1,12,13,1,1,0,0,3,10,6,0,2011-12,Regular Season,1717,Dirk Nowitzki
22011,1717,0021100306,2012-01-30 00:00:00,DAL @ PHX,W,28,4,10,0.4,0,3,0.0,2,2,1.0,1,3,4,4,0,0,0,0,10,9,0,2011-12,Regular Season,1717,Dirk Nowitzki
22011,1717,0021100321,2012-02-01 00:00:00,DAL vs. OKC,L,38,2,15,0.133,0,5,0.0,4,4,1.0,0,8,8,2,2,0,0,4,8,-10,0,2011-12,Regular Season,1717,Dirk Nowitzki
22011,1717,0021100340,2012-02-03 00:00:00,DAL vs. IND,L,33,12,17,0.706,1,4,0.25,5,6,0.833,0,7,7,2,0,0,4,3,30,-6,0,2011-12,Regular Season,1717,Dirk Nowitzki
22011,1717,0021100347,2012-02-04 00:00:00,DAL @ CLE,L,35,9,15,0.6,2,2,1.0,4,5,0.8,1,7,8,3,0,2,5,1,24,-2,0,2011-12,Regular Season,1717,Dirk Nowitzki
22011,1717,0021100382,2012-02-08 00:00:00,DAL @ DEN,W,35,11,20,0.55,1,6,0.167,2,2,1.0,0,9,9,3,1,1,1,2,25,12,0,2011-12,Regular Season,1717,Dirk Nowitzki
22011,1717,0021100398,2012-02-10 00:00:00,DAL @ MIN,W,35,11,19,0.579,4,7,0.571,7,10,0.7,1,3,4,3,1,3,1,3,33,22,0,2011-12,Regular Season,1717,Dirk Nowitzki
22011,1717,0021100405,2012-02-11 00:00:00,DAL vs. POR,W,44,7,20,0.35,0,3,0.0,6,6,1.0,1,8,9,1,0,0,2,1,20,-5,0,2011-12,Regular Season,1717,Dirk Nowitzki
22011,1717,0021100418,2012-02-13 00:00:00,DAL vs. LAC,W,32,5,15,0.333,1,3,0.333,11,15,0.733,0,7,7,2,2,0,1,3,22,-1,0,2011-12,Regular Season,1717,Dirk Nowitzki
22011,1717,0021100438,2012-02-15 00:00:00,DAL vs. DEN,W,25,5,12,0.417,0,2,0.0,2,2,1.0,0,3,3,4,1,1,2,3,12,16,0,2011-12,Regular Season,1717,Dirk Nowitzki
22011,1717,0021100446,2012-02-17 00:00:00,DAL @ PHI,W,37,10,22,0.455,2,4,0.5,6,6,1.0,0,12,12,2,0,0,0,0,28,18,0,2011-12,Regular Season,1717,Dirk Nowitzki
22011,1717,0021100460,2012-02-19 00:00:00,DAL @ NYK,L,38,11,20,0.55,4,5,0.8,8,9,0.889,1,4,5,3,2,0,4,2,34,10,0,2011-12,Regular Season,1717,Dirk Nowitzki
22011,1717,0021100474,2012-02-20 00:00:00,DAL vs. BOS,W,30,10,24,0.417,1,3,0.333,5,5,1.0,2,14,16,1,1,2,1,1,26,27,0,2011-12,Regular Season,1717,Dirk Nowitzki
22011,1717,0021100497,2012-02-22 00:00:00,DAL vs. LAL,L,36,9,22,0.409,1,6,0.167,6,8,0.75,2,10,12,2,1,0,0,3,25,-12,0,2011-12,Regular Season,1717,Dirk Nowitzki
22011,1717,0021100509,2012-02-28 00:00:00,DAL vs. NJN,L,36,7,19,0.368,3,4,0.75,7,11,0.636,4,6,10,1,3,0,1,0,24,6,0,2011-12,Regular Season,1717,Dirk Nowitzki
22011,1717,0021100518,2012-02-29 00:00:00,DAL @ MEM,L,10,0,1,0.0,0,0,0.0,1,2,0.5,1,3,4,1,0,0,2,0,1,1,0,2011-12,Regular Season,1717,Dirk Nowitzki
22011,1717,0021100533,2012-03-02 00:00:00,DAL @ NOH,L,35,7,19,0.368,5,8,0.625,0,0,0.0,3,6,9,2,1,0,6,2,19,-5,0,2011-12,Regular Season,1717,Dirk Nowitzki
22011,1717,0021100544,2012-03-03 00:00:00,DAL vs. UTA,W,29,14,21,0.667,3,8,0.375,9,10,0.9,1,5,6,0,1,0,4,2,40,8,0,2011-12,Regular Season,1717,Dirk Nowitzki
22011,1717,0021100559,2012-03-05 00:00:00,DAL @ OKC,L,38,10,22,0.455,4,6,0.667,3,3,1.0,0,5,5,0,0,0,3,3,27,-7,0,2011-12,Regular Season,1717,Dirk Nowitzki
22011,1717,0021100568,2012-03-06 00:00:00,DAL vs. NYK,W,34,8,18,0.444,0,1,0.0,12,12,1.0,0,3,3,1,1,0,2,1,28,16,0,2011-12,Regular Season,1717,Dirk Nowitzki
22011,1717,0021100583,2012-03-08 00:00:00,DAL @ PHX,L,36,8,15,0.533,0,2,0.0,2,2,1.0,1,6,7,2,1,0,1,3,18,-5,0,2011-12,Regular Season,1717,Dirk Nowitzki
22011,1717,0021100593,2012-03-09 00:00:00,DAL @ SAC,L,29,5,13,0.385,0,0,0.0,3,3,1.0,1,8,9,1,1,1,3,1,13,-21,0,2011-12,Regular Season,1717,Dirk Nowitzki
22011,1717,0021100602,2012-03-10 00:00:00,DAL @ GSW,L,30,7,16,0.438,1,1,1.0,7,8,0.875,1,3,4,0,1,0,2,0,22,-4,0,2011-12,Regular Season,1717,Dirk Nowitzki
22011,1717,0021100623,2012-03-13 00:00:00,DAL vs. WAS,W,28,10,14,0.714,2,5,0.4,5,6,0.833,0,4,4,3,0,0,2,5,27,19,0,2011-12,Regular Season,1717,Dirk Nowitzki
22011,1717,0021100639,2012-03-15 00:00:00,DAL vs. CHA,W,33,9,21,0.429,3,7,0.429,6,7,0.857,0,6,6,5,0,0,1,2,27,10,0,2011-12,Regular Season,1717,Dirk Nowitzki
22011,1717,0021100659,2012-03-17 00:00:00,DAL vs. SAS,W,36,9,19,0.474,2,3,0.667,7,7,1.0,1,5,6,4,0,0,4,2,27,5,0,2011-12,Regular Season,1717,Dirk Nowitzki
22011,1717,0021100674,2012-03-19 00:00:00,DAL @ DEN,W,31,12,19,0.632,3,4,0.75,6,8,0.75,1,10,11,6,0,1,3,2,33,23,0,2011-12,Regular Season,1717,Dirk Nowitzki
22011,1717,0021100692,2012-03-21 00:00:00,DAL vs. LAL,L,36,10,23,0.435,2,5,0.4,4,5,0.8,3,7,10,4,2,0,1,2,26,-15,0,2011-12,Regular Season,1717,Dirk Nowitzki
22011,1717,0021100707,2012-03-23 00:00:00,DAL @ SAS,L,37,5,21,0.238,0,2,0.0,6,6,1.0,0,2,2,2,0,0,2,1,16,-6,0,2011-12,Regular Season,1717,Dirk Nowitzki
22011,1717,0021100716,2012-03-24 00:00:00,DAL @ HOU,W,39,10,20,0.5,2,6,0.333,9,10,0.9,0,7,7,3,0,2,0,3,31,10,0,2011-12,Regular Season,1717,Dirk Nowitzki
22011,1717,0021100739,2012-03-27 00:00:00,DAL vs. HOU,W,35,5,17,0.294,0,3,0.0,11,12,0.917,0,6,6,3,0,0,1,1,21,5,0,2011-12,Regular Season,1717,Dirk Nowitzki
22011,1717,0021100754,2012-03-29 00:00:00,DAL @ MIA,L,34,9,19,0.474,0,1,0.0,7,7,1.0,1,5,6,3,1,1,3,3,25,-9,0,2011-12,Regular Season,1717,Dirk Nowitzki
22011,1717,0021100762,2012-03-30 00:00:00,DAL @ ORL,W,37,9,18,0.5,2,3,0.667,8,8,1.0,0,3,3,2,0,1,1,3,28,3,0,2011-12,Regular Season,1717,Dirk Nowitzki
22011,1717,0021100788,2012-04-02 00:00:00,DAL vs. LAC,L,36,7,14,0.5,1,2,0.5,4,4,1.0,0,4,4,0,1,1,2,1,19,-16,0,2011-12,Regular Season,1717,Dirk Nowitzki
22011,1717,0021100807,2012-04-04 00:00:00,DAL vs. MEM,W,38,10,18,0.556,0,1,0.0,3,5,0.6,2,8,10,2,1,1,0,1,23,20,0,2011-12,Regular Season,1717,Dirk Nowitzki
22011,1717,0021100821,2012-04-06 00:00:00,DAL vs. POR,L,43,9,16,0.563,1,5,0.2,4,4,1.0,1,13,14,2,0,1,1,1,23,6,0,2011-12,Regular Season,1717,Dirk Nowitzki
22011,1717,0021100829,2012-04-07 00:00:00,DAL @ MEM,L,36,5,16,0.313,3,7,0.429,4,4,1.0,0,8,8,2,0,0,3,0,17,3,0,2011-12,Regular Season,1717,Dirk Nowitzki
22011,1717,0021100856,2012-04-10 00:00:00,DAL vs. SAC,W,29,4,14,0.286,1,3,0.333,6,6,1.0,2,6,8,0,0,1,1,4,15,8,0,2011-12,Regular Season,1717,Dirk Nowitzki
22011,1717,0021100873,2012-04-12 00:00:00,DAL @ GSW,W,37,10,23,0.435,1,5,0.2,6,7,0.857,0,1,1,3,1,0,2,5,27,21,0,2011-12,Regular Season,1717,Dirk Nowitzki
22011,1717,0021100885,2012-04-13 00:00:00,DAL @ POR,W,37,8,14,0.571,4,5,0.8,4,4,1.0,0,9,9,3,1,1,5,3,24,1,0,2011-12,Regular Season,1717,Dirk Nowitzki
22011,1717,0021100894,2012-04-15 00:00:00,DAL @ LAL,L,43,9,28,0.321,3,8,0.375,3,3,1.0,0,14,14,1,0,1,2,0,24,5,0,2011-12,Regular Season,1717,Dirk Nowitzki
22011,1717,0021100909,2012-04-16 00:00:00,DAL @ UTA,L,53,13,26,0.5,2,7,0.286,12,12,1.0,1,8,9,6,0,0,3,4,40,8,0,2011-12,Regular Season,1717,Dirk Nowitzki
22011,1717,0021100926,2012-04-18 00:00:00,DAL vs. HOU,W,39,10,18,0.556,3,4,0.75,12,12,1.0,0,4,4,2,1,0,0,3,35,17,0,2011-12,Regular Season,1717,Dirk Nowitzki
22011,1717,0021100940,2012-04-20 00:00:00,DAL vs. GSW,W,27,7,14,0.5,0,1,0.0,2,2,1.0,1,4,5,2,0,0,4,3,16,6,0,2011-12,Regular Season,1717,Dirk Nowitzki
22011,1717,0021100946,2012-04-21 00:00:00,DAL @ CHI,L,33,6,15,0.4,1,4,0.25,4,5,0.8,1,6,7,0,0,0,0,3,17,10,0,2011-12,Regular Season,1717,Dirk Nowitzki
22011,1717,0021100983,2012-04-26 00:00:00,DAL @ ATL,L,26,7,12,0.583,1,1,1.0,7,7,1.0,0,3,3,1,0,0,4,2,22,-7,0,2011-12,Regular Season,1717,Dirk Nowitzki
42011,1717,0041100151,2012-04-28 00:00:00,DAL @ OKC,L,36,8,18,0.444,0,2,0.0,9,10,0.9,1,4,5,2,1,0,6,3,25,-5,0,2011-12,Playoffs,1717,Dirk Nowitzki
42011,1717,0041100152,2012-04-30 00:00:00,DAL @ OKC,L,38,10,19,0.526,0,2,0.0,11,11,1.0,0,6,6,1,1,0,3,3,31,2,0,2011-12,Playoffs,1717,Dirk Nowitzki
42011,1717,0041100153,2012-05-03 00:00:00,DAL vs. OKC,L,39,6,15,0.4,0,1,0.0,5,8,0.625,1,8,9,0,0,0,0,1,17,-20,0,2011-12,Playoffs,1717,Dirk Nowitzki
42011,1717,0041100154,2012-05-05 00:00:00,DAL vs. OKC,L,40,10,25,0.4,1,1,1.0,13,13,1.0,1,4,5,4,1,0,1,2,34,-5,0,2011-12,Playoffs,1717,Dirk Nowitzki
22011,708,0021100001,2011-12-25 00:00:00,BOS @ NYK,L,37,6,13,0.462,0,0,0.0,3,6,0.5,1,7,8,3,0,1,3,5,15,-4,0,2011-12,Regular Season,708,Kevin Garnett
22011,708,0021100019,2011-12-27 00:00:00,BOS @ MIA,L,33,6,12,0.5,0,0,0.0,0,0,0.0,0,5,5,2,3,1,3,1,12,-12,0,2011-12,Regular Season,708,Kevin Garnett
22011,708,0021100028,2011-12-28 00:00:00,BOS @ NOH,L,27,4,10,0.4,0,0,0.0,0,0,0.0,2,5,7,4,0,2,0,2,8,-7,0,2011-12,Regular Season,708,Kevin Garnett
22011,708,0021100041,2011-12-30 00:00:00,BOS vs. DET,W,26,4,6,0.667,0,0,0.0,0,0,0.0,0,3,3,3,1,1,1,0,8,11,0,2011-12,Regular Season,708,Kevin Garnett
22011,708,0021100057,2012-01-01 00:00:00,BOS @ WAS,W,28,9,17,0.529,0,0,0.0,6,6,1.0,2,7,9,3,1,1,3,2,24,13,0,2011-12,Regular Season,708,Kevin Garnett
22011,708,0021100067,2012-01-02 00:00:00,BOS vs. WAS,W,34,3,8,0.375,0,0,0.0,4,6,0.667,2,4,6,6,0,1,3,4,10,16,0,2011-12,Regular Season,708,Kevin Garnett
22011,708,0021100084,2012-01-04 00:00:00,BOS vs. NJN,W,26,6,7,0.857,0,0,0.0,2,2,1.0,2,10,12,1,0,0,3,2,14,15,0,2011-12,Regular Season,708,Kevin Garnett
22011,708,0021100102,2012-01-06 00:00:00,BOS vs. IND,L,34,4,8,0.5,0,0,0.0,4,4,1.0,0,6,6,1,0,1,0,2,12,-15,0,2011-12,Regular Season,708,Kevin Garnett
22011,708,0021100146,2012-01-11 00:00:00,BOS vs. DAL,L,37,4,11,0.364,0,0,0.0,8,8,1.0,1,9,10,3,0,1,1,1,16,15,0,2011-12,Regular Season,708,Kevin Garnett
22011,708,0021100162,2012-01-13 00:00:00,BOS vs. CHI,L,34,4,11,0.364,0,0,0.0,0,0,0.0,1,6,7,0,0,0,2,3,8,-15,0,2011-12,Regular Season,708,Kevin Garnett
22011,708,0021100173,2012-01-14 00:00:00,BOS @ IND,L,29,10,19,0.526,0,0,0.0,1,2,0.5,2,3,5,0,0,0,3,2,21,-8,0,2011-12,Regular Season,708,Kevin Garnett
22011,708,0021100192,2012-01-16 00:00:00,BOS vs. OKC,L,31,5,19,0.263,0,0,0.0,2,2,1.0,5,7,12,5,0,1,5,3,12,-4,0,2011-12,Regular Season,708,Kevin Garnett
22011,708,0021100205,2012-01-18 00:00:00,BOS vs. TOR,W,25,5,7,0.714,0,0,0.0,5,6,0.833,1,6,7,2,0,0,0,1,15,4,0,2011-12,Regular Season,708,Kevin Garnett
22011,708,0021100219,2012-01-20 00:00:00,BOS vs. PHX,L,33,5,13,0.385,0,0,0.0,0,1,0.0,1,4,5,3,0,1,2,3,10,-9,0,2011-12,Regular Season,708,Kevin Garnett
22011,708,0021100237,2012-01-22 00:00:00,BOS @ WAS,W,32,7,10,0.7,0,0,0.0,3,4,0.75,0,5,5,2,0,1,2,1,17,-1,0,2011-12,Regular Season,708,Kevin Garnett
22011,708,0021100243,2012-01-23 00:00:00,BOS vs. ORL,W,29,5,9,0.556,0,0,0.0,4,4,1.0,3,7,10,2,5,2,3,2,14,26,0,2011-12,Regular Season,708,Kevin Garnett
22011,708,0021100270,2012-01-26 00:00:00,BOS @ ORL,W,35,6,14,0.429,0,0,0.0,0,0,0.0,2,8,10,4,3,4,3,3,12,23,0,2011-12,Regular Season,708,Kevin Garnett
22011,708,0021100273,2012-01-27 00:00:00,BOS vs. IND,W,32,4,9,0.444,0,0,0.0,5,5,1.0,1,7,8,4,1,2,1,2,13,9,0,2011-12,Regular Season,708,Kevin Garnett
22011,708,0021100292,2012-01-29 00:00:00,BOS vs. CLE,L,30,5,10,0.5,0,0,0.0,4,4,1.0,2,5,7,3,1,1,4,0,14,-3,0,2011-12,Regular Season,708,Kevin Garnett
22011,708,0021100309,2012-01-31 00:00:00,BOS @ CLE,W,32,5,12,0.417,0,0,0.0,3,4,0.75,1,3,4,4,1,0,0,3,13,4,0,2011-12,Regular Season,708,Kevin Garnett
22011,708,0021100317,2012-02-01 00:00:00,BOS vs. TOR,W,17,3,5,0.6,1,1,1.0,0,0,0.0,0,5,5,4,0,2,0,0,7,13,0,2011-12,Regular Season,708,Kevin Garnett
22011,708,0021100337,2012-02-03 00:00:00,BOS vs. NYK,W,33,7,13,0.538,1,1,1.0,0,0,0.0,2,6,8,3,0,0,2,3,15,3,0,2011-12,Regular Season,708,Kevin Garnett
22011,708,0021100355,2012-02-05 00:00:00,BOS vs. MEM,W,33,9,12,0.75,1,1,1.0,5,6,0.833,0,9,9,2,1,0,2,1,24,12,0,2011-12,Regular Season,708,Kevin Garnett
22011,708,0021100368,2012-02-07 00:00:00,BOS vs. CHA,W,27,10,15,0.667,0,1,0.0,2,2,1.0,0,7,7,1,0,1,1,1,22,0,0,2011-12,Regular Season,708,Kevin Garnett
22011,708,0021100384,2012-02-09 00:00:00,BOS vs. LAL,L,36,6,23,0.261,0,0,0.0,0,0,0.0,2,10,12,3,1,1,1,4,12,6,0,2011-12,Regular Season,708,Kevin Garnett
22011,708,0021100388,2012-02-10 00:00:00,BOS @ TOR,L,29,6,9,0.667,0,0,0.0,5,6,0.833,0,8,8,2,1,0,0,2,17,8,0,2011-12,Regular Season,708,Kevin Garnett
22011,708,0021100409,2012-02-12 00:00:00,BOS vs. CHI,W,29,5,8,0.625,0,0,0.0,3,4,0.75,0,12,12,3,0,4,3,2,13,16,0,2011-12,Regular Season,708,Kevin Garnett
22011,708,0021100443,2012-02-16 00:00:00,BOS @ CHI,L,32,7,13,0.538,0,0,0.0,4,4,1.0,3,7,10,2,2,1,2,3,18,-10,0,2011-12,Regular Season,708,Kevin Garnett
22011,708,0021100490,2012-02-22 00:00:00,BOS @ OKC,L,38,8,11,0.727,0,0,0.0,7,8,0.875,1,12,13,1,1,2,4,4,23,-9,0,2011-12,Regular Season,708,Kevin Garnett
22011,708,0021100503,2012-02-28 00:00:00,BOS @ CLE,W,33,5,11,0.455,0,0,0.0,8,8,1.0,1,7,8,1,1,0,2,3,18,-3,0,2011-12,Regular Season,708,Kevin Garnett
22011,708,0021100514,2012-02-29 00:00:00,BOS vs. MIL,W,31,9,18,0.5,0,2,0.0,7,9,0.778,2,8,10,3,2,2,1,3,25,8,0,2011-12,Regular Season,708,Kevin Garnett
22011,708,0021100529,2012-03-02 00:00:00,BOS vs. NJN,W,27,10,13,0.769,0,0,0.0,0,0,0.0,0,10,10,3,1,0,2,3,20,23,0,2011-12,Regular Season,708,Kevin Garnett
22011,708,0021100546,2012-03-04 00:00:00,BOS vs. NYK,W,41,8,22,0.364,0,0,0.0,2,2,1.0,3,7,10,3,4,2,1,5,18,10,0,2011-12,Regular Season,708,Kevin Garnett
22011,708,0021100565,2012-03-06 00:00:00,BOS vs. HOU,W,38,4,7,0.571,0,0,0.0,5,8,0.625,2,11,13,3,2,2,2,3,13,16,0,2011-12,Regular Season,708,Kevin Garnett
22011,708,0021100570,2012-03-07 00:00:00,BOS @ PHI,L,23,4,11,0.364,0,0,0.0,0,0,0.0,1,4,5,0,0,2,3,1,8,-11,0,2011-12,Regular Season,708,Kevin Garnett
22011,708,0021100586,2012-03-09 00:00:00,BOS vs. POR,W,22,5,5,1.0,0,0,0.0,0,0,0.0,1,7,8,4,2,0,0,2,10,33,0,2011-12,Regular Season,708,Kevin Garnett
22011,708,0021100604,2012-03-11 00:00:00,BOS @ LAL,L,35,7,11,0.636,0,0,0.0,0,0,0.0,2,9,11,5,3,1,1,4,14,-3,0,2011-12,Regular Season,708,Kevin Garnett
22011,708,0021100617,2012-03-12 00:00:00,BOS @ LAC,W,34,8,16,0.5,0,0,0.0,5,5,1.0,0,8,8,3,0,2,3,5,21,17,0,2011-12,Regular Season,708,Kevin Garnett
22011,708,0021100637,2012-03-14 00:00:00,BOS @ GSW,W,34,11,15,0.733,0,0,0.0,2,3,0.667,0,7,7,5,1,1,3,1,24,2,0,2011-12,Regular Season,708,Kevin Garnett
22011,708,0021100651,2012-03-16 00:00:00,BOS @ SAC,L,28,5,10,0.5,0,0,0.0,0,0,0.0,0,9,9,3,1,2,4,4,10,-7,0,2011-12,Regular Season,708,Kevin Garnett
22011,708,0021100660,2012-03-17 00:00:00,BOS @ DEN,L,33,9,12,0.75,0,0,0.0,4,4,1.0,1,8,9,5,1,0,3,1,22,-7,0,2011-12,Regular Season,708,Kevin Garnett
22011,708,0021100672,2012-03-19 00:00:00,BOS @ ATL,W,37,7,17,0.412,0,1,0.0,2,2,1.0,0,8,8,3,1,0,2,2,16,3,0,2011-12,Regular Season,708,Kevin Garnett
22011,708,0021100694,2012-03-22 00:00:00,BOS @ MIL,W,31,8,18,0.444,0,0,0.0,0,1,0.0,2,8,10,6,0,3,0,3,16,6,0,2011-12,Regular Season,708,Kevin Garnett
22011,708,0021100705,2012-03-23 00:00:00,BOS @ PHI,L,30,10,19,0.526,0,0,0.0,0,0,0.0,1,7,8,4,0,1,1,2,20,9,0,2011-12,Regular Season,708,Kevin Garnett
22011,708,0021100721,2012-03-25 00:00:00,BOS vs. WAS,W,24,3,10,0.3,0,0,0.0,4,4,1.0,0,5,5,6,2,0,2,1,10,10,0,2011-12,Regular Season,708,Kevin Garnett
22011,708,0021100729,2012-03-26 00:00:00,BOS @ CHA,W,33,10,20,0.5,0,1,0.0,4,6,0.667,1,3,4,1,1,1,0,5,24,-10,0,2011-12,Regular Season,708,Kevin Garnett
22011,708,0021100747,2012-03-28 00:00:00,BOS vs. UTA,W,34,10,16,0.625,0,0,0.0,3,3,1.0,0,10,10,4,2,1,1,2,23,23,0,2011-12,Regular Season,708,Kevin Garnett
22011,708,0021100765,2012-03-30 00:00:00,BOS @ MIN,W,34,12,18,0.667,0,0,0.0,0,0,0.0,1,9,10,4,0,1,2,3,24,16,0,2011-12,Regular Season,708,Kevin Garnett
22011,708,0021100778,2012-04-01 00:00:00,BOS vs. MIA,W,30,5,12,0.417,0,0,0.0,0,0,0.0,0,8,8,1,0,1,0,1,10,10,0,2011-12,Regular Season,708,Kevin Garnett
22011,708,0021100801,2012-04-04 00:00:00,BOS vs. SAS,L,33,7,19,0.368,0,0,0.0,2,2,1.0,1,6,7,5,0,1,1,1,16,-7,0,2011-12,Regular Season,708,Kevin Garnett
22011,708,0021100813,2012-04-05 00:00:00,BOS @ CHI,L,38,5,16,0.313,0,0,0.0,2,2,1.0,1,13,14,4,0,0,3,4,12,-15,0,2011-12,Regular Season,708,Kevin Garnett
22011,708,0021100827,2012-04-07 00:00:00,BOS @ IND,W,34,6,15,0.4,0,0,0.0,3,3,1.0,0,7,7,4,1,0,1,5,15,21,0,2011-12,Regular Season,708,Kevin Garnett
22011,708,0021100836,2012-04-08 00:00:00,BOS vs. PHI,W,28,8,11,0.727,0,0,0.0,4,4,1.0,0,6,6,2,0,0,1,0,20,29,0,2011-12,Regular Season,708,Kevin Garnett
22011,708,0021100853,2012-04-10 00:00:00,BOS @ MIA,W,33,11,14,0.786,0,0,0.0,2,2,1.0,0,9,9,2,0,2,4,4,24,-2,0,2011-12,Regular Season,708,Kevin Garnett
22011,708,0021100860,2012-04-11 00:00:00,BOS vs. ATL,W,33,9,20,0.45,0,0,0.0,4,4,1.0,3,9,12,2,3,0,1,6,22,0,0,2011-12,Regular Season,708,Kevin Garnett
22011,708,0021100874,2012-04-13 00:00:00,BOS @ TOR,L,32,5,16,0.313,0,1,0.0,3,3,1.0,2,8,10,3,0,1,1,1,13,-10,0,2011-12,Regular Season,708,Kevin Garnett
22011,708,0021100888,2012-04-14 00:00:00,BOS @ NJN,W,30,8,16,0.5,0,0,0.0,5,6,0.833,3,9,12,3,2,1,1,2,21,10,0,2011-12,Regular Season,708,Kevin Garnett
22011,708,0021100915,2012-04-17 00:00:00,BOS @ NYK,L,35,7,14,0.5,0,0,0.0,6,8,0.75,0,5,5,3,2,1,1,0,20,0,0,2011-12,Regular Season,708,Kevin Garnett
22011,708,0021100924,2012-04-18 00:00:00,BOS vs. ORL,W,34,6,15,0.4,0,0,0.0,3,4,0.75,1,8,9,1,1,1,3,1,15,-12,0,2011-12,Regular Season,708,Kevin Garnett
22011,708,0021100979,2012-04-26 00:00:00,BOS vs. MIL,W,11,1,6,0.167,0,0,0.0,2,2,1.0,0,2,2,3,1,0,0,1,4,10,0,2011-12,Regular Season,708,Kevin Garnett
42011,708,0041100131,2012-04-29 00:00:00,BOS @ ATL,L,40,8,19,0.421,0,0,0.0,4,4,1.0,1,11,12,3,2,1,0,4,20,-6,0,2011-12,Playoffs,708,Kevin Garnett
42011,708,0041100132,2012-05-01 00:00:00,BOS @ ATL,W,40,5,13,0.385,0,0,0.0,5,6,0.833,0,12,12,5,0,1,3,4,15,10,0,2011-12,Playoffs,708,Kevin Garnett
42011,708,0041100133,2012-05-04 00:00:00,BOS vs. ATL,W,42,9,18,0.5,0,0,0.0,2,2,1.0,2,11,13,1,1,4,1,3,20,11,0,2011-12,Playoffs,708,Kevin Garnett
42011,708,0041100134,2012-05-06 00:00:00,BOS vs. ATL,W,27,6,8,0.75,0,0,0.0,1,1,1.0,1,4,5,1,2,0,2,1,13,33,0,2011-12,Playoffs,708,Kevin Garnett
42011,708,0041100135,2012-05-08 00:00:00,BOS @ ATL,L,38,7,12,0.583,0,0,0.0,2,2,1.0,1,6,7,0,0,0,1,1,16,17,0,2011-12,Playoffs,708,Kevin Garnett
42011,708,0041100136,2012-05-10 00:00:00,BOS vs. ATL,W,39,10,19,0.526,0,0,0.0,8,10,0.8,4,10,14,2,3,5,1,1,28,9,0,2011-12,Playoffs,708,Kevin Garnett
42011,708,0041100211,2012-05-12 00:00:00,BOS vs. PHI,W,38,12,20,0.6,0,0,0.0,5,5,1.0,0,11,11,1,1,3,2,2,29,4,0,2011-12,Playoffs,708,Kevin Garnett
42011,708,0041100212,2012-05-14 00:00:00,BOS vs. PHI,L,34,7,12,0.583,1,1,1.0,0,1,0.0,1,11,12,2,1,1,4,5,15,16,0,2011-12,Playoffs,708,Kevin Garnett
42011,708,0041100213,2012-05-16 00:00:00,BOS @ PHI,W,30,12,17,0.706,0,0,0.0,3,5,0.6,0,13,13,4,1,0,1,3,27,27,0,2011-12,Playoffs,708,Kevin Garnett
42011,708,0041100214,2012-05-18 00:00:00,BOS @ PHI,L,40,3,12,0.25,0,0,0.0,3,4,0.75,2,9,11,2,2,3,7,4,9,-2,0,2011-12,Playoffs,708,Kevin Garnett
42011,708,0041100215,2012-05-21 00:00:00,BOS vs. PHI,W,33,8,17,0.471,0,0,0.0,4,5,0.8,0,6,6,0,2,0,2,4,20,17,0,2011-12,Playoffs,708,Kevin Garnett
42011,708,0041100216,2012-05-23 00:00:00,BOS @ PHI,L,41,9,20,0.45,0,0,0.0,2,2,1.0,2,9,11,0,1,1,3,1,20,-7,0,2011-12,Playoffs,708,Kevin Garnett
42011,708,0041100217,2012-05-26 00:00:00,BOS vs. PHI,W,38,7,17,0.412,0,1,0.0,4,6,0.667,1,12,13,0,2,0,1,2,18,16,0,2011-12,Playoffs,708,Kevin Garnett
42011,708,0041100301,2012-05-28 00:00:00,BOS @ MIA,L,31,9,16,0.563,0,0,0.0,5,6,0.833,3,7,10,2,1,1,1,5,23,-9,0,2011-12,Playoffs,708,Kevin Garnett
42011,708,0041100302,2012-05-30 00:00:00,BOS @ MIA,L,45,6,18,0.333,0,1,0.0,6,6,1.0,2,6,8,0,0,0,1,4,18,-6,0,2011-12,Playoffs,708,Kevin Garnett
42011,708,0041100303,2012-06-01 00:00:00,BOS vs. MIA,W,34,10,16,0.625,0,0,0.0,4,6,0.667,3,8,11,0,0,1,4,4,24,27,0,2011-12,Playoffs,708,Kevin Garnett
42011,708,0041100304,2012-06-03 00:00:00,BOS vs. MIA,W,43,8,20,0.4,0,1,0.0,1,1,1.0,3,11,14,3,2,5,5,3,17,7,0,2011-12,Playoffs,708,Kevin Garnett
42011,708,0041100305,2012-06-05 00:00:00,BOS @ MIA,W,36,11,20,0.55,0,0,0.0,4,6,0.667,3,8,11,2,1,2,1,4,26,4,0,2011-12,Playoffs,708,Kevin Garnett
42011,708,0041100306,2012-06-07 00:00:00,BOS vs. MIA,L,31,6,14,0.429,0,0,0.0,0,0,0.0,0,5,5,0,0,1,1,1,12,-16,0,2011-12,Playoffs,708,Kevin Garnett
42011,708,0041100307,2012-06-09 00:00:00,BOS @ MIA,L,35,6,12,0.5,0,0,0.0,2,2,1.0,2,5,7,2,1,0,3,3,14,-14,0,2011-12,Playoffs,708,Kevin Garnett
22011,1718,0021100041,2011-12-30 00:00:00,BOS vs. DET,W,23,4,8,0.5,2,3,0.667,2,2,1.0,0,4,4,5,1,0,1,0,12,14,0,2011-12,Regular Season,1718,Paul Pierce
22011,1718,0021100057,2012-01-01 00:00:00,BOS @ WAS,W,28,2,8,0.25,1,4,0.25,4,6,0.667,0,6,6,3,1,0,3,2,9,13,0,2011-12,Regular Season,1718,Paul Pierce
22011,1718,0021100067,2012-01-02 00:00:00,BOS vs. WAS,W,35,8,18,0.444,4,9,0.444,1,1,1.0,1,7,8,4,1,0,3,2,21,8,0,2011-12,Regular Season,1718,Paul Pierce
22011,1718,0021100084,2012-01-04 00:00:00,BOS vs. NJN,W,29,8,14,0.571,3,5,0.6,5,7,0.714,1,5,6,5,1,0,1,3,24,16,0,2011-12,Regular Season,1718,Paul Pierce
22011,1718,0021100102,2012-01-06 00:00:00,BOS vs. IND,L,37,3,17,0.176,1,6,0.167,3,4,0.75,3,4,7,3,1,0,5,1,10,-8,0,2011-12,Regular Season,1718,Paul Pierce
22011,1718,0021100146,2012-01-11 00:00:00,BOS vs. DAL,L,30,2,5,0.4,1,1,1.0,2,4,0.5,0,5,5,3,0,0,1,0,7,-7,0,2011-12,Regular Season,1718,Paul Pierce
22011,1718,0021100162,2012-01-13 00:00:00,BOS vs. CHI,L,36,3,12,0.25,2,3,0.667,5,5,1.0,0,1,1,5,1,0,1,3,13,-18,0,2011-12,Regular Season,1718,Paul Pierce
22011,1718,0021100173,2012-01-14 00:00:00,BOS @ IND,L,36,5,12,0.417,2,4,0.5,9,10,0.9,1,2,3,3,0,1,6,4,21,-6,0,2011-12,Regular Season,1718,Paul Pierce
22011,1718,0021100192,2012-01-16 00:00:00,BOS vs. OKC,L,39,8,15,0.533,2,4,0.5,6,6,1.0,1,4,5,1,1,1,3,3,24,-12,0,2011-12,Regular Season,1718,Paul Pierce
22011,1718,0021100205,2012-01-18 00:00:00,BOS vs. TOR,W,23,3,10,0.3,0,2,0.0,2,2,1.0,0,4,4,7,0,1,1,2,8,19,0,2011-12,Regular Season,1718,Paul Pierce
22011,1718,0021100219,2012-01-20 00:00:00,BOS vs. PHX,L,38,5,14,0.357,0,2,0.0,2,2,1.0,0,3,3,6,2,2,3,2,12,-4,0,2011-12,Regular Season,1718,Paul Pierce
22011,1718,0021100237,2012-01-22 00:00:00,BOS @ WAS,W,36,10,15,0.667,2,5,0.4,12,15,0.8,1,7,8,10,3,0,5,5,34,17,0,2011-12,Regular Season,1718,Paul Pierce
22011,1718,0021100243,2012-01-23 00:00:00,BOS vs. ORL,W,33,6,14,0.429,1,3,0.333,6,6,1.0,0,5,5,7,0,0,3,0,19,23,0,2011-12,Regular Season,1718,Paul Pierce
22011,1718,0021100270,2012-01-26 00:00:00,BOS @ ORL,W,44,7,18,0.389,2,6,0.333,8,11,0.727,0,6,6,10,0,1,5,3,24,9,0,2011-12,Regular Season,1718,Paul Pierce
22011,1718,0021100273,2012-01-27 00:00:00,BOS vs. IND,W,34,10,23,0.435,4,7,0.571,4,4,1.0,2,8,10,8,3,2,6,1,28,5,0,2011-12,Regular Season,1718,Paul Pierce
22011,1718,0021100292,2012-01-29 00:00:00,BOS vs. CLE,L,35,8,12,0.667,1,1,1.0,1,2,0.5,0,6,6,5,0,0,7,2,18,-1,0,2011-12,Regular Season,1718,Paul Pierce
22011,1718,0021100309,2012-01-31 00:00:00,BOS @ CLE,W,34,7,14,0.5,0,2,0.0,6,9,0.667,0,4,4,6,3,0,1,1,20,-1,0,2011-12,Regular Season,1718,Paul Pierce
22011,1718,0021100317,2012-02-01 00:00:00,BOS vs. TOR,W,26,5,11,0.455,4,6,0.667,3,4,0.75,1,5,6,8,1,1,1,1,17,28,0,2011-12,Regular Season,1718,Paul Pierce
22011,1718,0021100337,2012-02-03 00:00:00,BOS vs. NYK,W,43,8,21,0.381,4,10,0.4,10,12,0.833,3,4,7,5,1,1,3,3,30,4,0,2011-12,Regular Season,1718,Paul Pierce
22011,1718,0021100355,2012-02-05 00:00:00,BOS vs. MEM,W,31,5,12,0.417,1,4,0.25,10,10,1.0,1,5,6,6,1,0,2,4,21,28,0,2011-12,Regular Season,1718,Paul Pierce
22011,1718,0021100368,2012-02-07 00:00:00,BOS vs. CHA,W,37,6,18,0.333,2,10,0.2,1,1,1.0,0,8,8,9,0,0,2,0,15,26,0,2011-12,Regular Season,1718,Paul Pierce
22011,1718,0021100384,2012-02-09 00:00:00,BOS vs. LAL,L,48,7,18,0.389,1,5,0.2,3,3,1.0,3,6,9,7,1,0,2,4,18,2,0,2011-12,Regular Season,1718,Paul Pierce
22011,1718,0021100388,2012-02-10 00:00:00,BOS @ TOR,L,35,4,11,0.364,0,3,0.0,4,5,0.8,0,1,1,5,1,0,3,1,12,-20,0,2011-12,Regular Season,1718,Paul Pierce
22011,1718,0021100409,2012-02-12 00:00:00,BOS vs. CHI,W,37,4,10,0.4,1,3,0.333,0,0,0.0,0,1,1,2,4,0,4,4,9,9,0,2011-12,Regular Season,1718,Paul Pierce
22011,1718,0021100431,2012-02-15 00:00:00,BOS vs. DET,L,37,3,11,0.273,0,1,0.0,4,4,1.0,0,1,1,5,0,2,0,3,10,-4,0,2011-12,Regular Season,1718,Paul Pierce
22011,1718,0021100443,2012-02-16 00:00:00,BOS @ CHI,L,35,6,16,0.375,0,3,0.0,2,3,0.667,0,2,2,3,1,1,1,0,14,-16,0,2011-12,Regular Season,1718,Paul Pierce
22011,1718,0021100462,2012-02-19 00:00:00,BOS @ DET,L,34,6,11,0.545,2,4,0.5,4,4,1.0,1,3,4,4,2,1,5,2,18,-12,0,2011-12,Regular Season,1718,Paul Pierce
22011,1718,0021100474,2012-02-20 00:00:00,BOS @ DAL,L,33,7,13,0.538,1,3,0.333,5,7,0.714,0,4,4,2,4,0,5,3,20,-27,0,2011-12,Regular Season,1718,Paul Pierce
22011,1718,0021100490,2012-02-22 00:00:00,BOS @ OKC,L,38,5,15,0.333,1,4,0.25,12,16,0.75,0,5,5,8,1,0,2,4,23,3,0,2011-12,Regular Season,1718,Paul Pierce
22011,1718,0021100503,2012-02-28 00:00:00,BOS @ CLE,W,35,4,11,0.364,2,7,0.286,2,2,1.0,1,1,2,6,2,0,6,2,12,-11,0,2011-12,Regular Season,1718,Paul Pierce
22011,1718,0021100514,2012-02-29 00:00:00,BOS vs. MIL,W,35,5,12,0.417,0,2,0.0,0,0,0.0,2,4,6,5,0,0,4,2,10,5,0,2011-12,Regular Season,1718,Paul Pierce
22011,1718,0021100529,2012-03-02 00:00:00,BOS vs. NJN,W,32,10,14,0.714,3,4,0.75,4,4,1.0,0,4,4,8,0,1,3,2,27,25,0,2011-12,Regular Season,1718,Paul Pierce
22011,1718,0021100546,2012-03-04 00:00:00,BOS vs. NYK,W,46,13,23,0.565,4,7,0.571,4,5,0.8,2,5,7,3,2,1,3,4,34,3,0,2011-12,Regular Season,1718,Paul Pierce
22011,1718,0021100565,2012-03-06 00:00:00,BOS vs. HOU,W,41,9,21,0.429,1,3,0.333,11,12,0.917,0,6,6,2,2,0,2,3,30,9,0,2011-12,Regular Season,1718,Paul Pierce
22011,1718,0021100570,2012-03-07 00:00:00,BOS @ PHI,L,26,5,13,0.385,0,3,0.0,6,8,0.75,2,2,4,0,1,0,1,1,16,-19,0,2011-12,Regular Season,1718,Paul Pierce
22011,1718,0021100586,2012-03-09 00:00:00,BOS vs. POR,W,26,7,13,0.538,2,5,0.4,6,7,0.857,2,2,4,2,2,0,2,3,22,21,0,2011-12,Regular Season,1718,Paul Pierce
22011,1718,0021100604,2012-03-11 00:00:00,BOS @ LAL,L,39,4,14,0.286,1,3,0.333,4,4,1.0,0,0,0,9,3,0,2,3,13,1,0,2011-12,Regular Season,1718,Paul Pierce
22011,1718,0021100617,2012-03-12 00:00:00,BOS @ LAC,W,31,7,16,0.438,3,7,0.429,8,10,0.8,0,3,3,7,0,0,4,3,25,19,0,2011-12,Regular Season,1718,Paul Pierce
22011,1718,0021100637,2012-03-14 00:00:00,BOS @ GSW,W,36,5,17,0.294,0,4,0.0,5,6,0.833,1,5,6,6,2,0,6,3,15,-9,0,2011-12,Regular Season,1718,Paul Pierce
22011,1718,0021100651,2012-03-16 00:00:00,BOS @ SAC,L,35,5,15,0.333,0,5,0.0,9,9,1.0,0,3,3,2,1,0,2,2,19,-24,0,2011-12,Regular Season,1718,Paul Pierce
22011,1718,0021100660,2012-03-17 00:00:00,BOS @ DEN,L,31,8,17,0.471,3,7,0.429,3,3,1.0,0,3,3,3,0,1,0,6,22,-7,0,2011-12,Regular Season,1718,Paul Pierce
22011,1718,0021100672,2012-03-19 00:00:00,BOS @ ATL,W,27,4,14,0.286,0,3,0.0,5,6,0.833,1,4,5,3,0,0,4,5,13,-6,0,2011-12,Regular Season,1718,Paul Pierce
22011,1718,0021100694,2012-03-22 00:00:00,BOS @ MIL,W,34,10,15,0.667,3,3,1.0,2,3,0.667,0,9,9,2,1,2,3,1,25,10,0,2011-12,Regular Season,1718,Paul Pierce
22011,1718,0021100705,2012-03-23 00:00:00,BOS @ PHI,L,36,7,11,0.636,3,4,0.75,3,3,1.0,0,9,9,5,0,0,1,3,20,-15,0,2011-12,Regular Season,1718,Paul Pierce
22011,1718,0021100721,2012-03-25 00:00:00,BOS vs. WAS,W,31,8,17,0.471,2,6,0.333,3,3,1.0,0,8,8,3,1,0,3,3,21,11,0,2011-12,Regular Season,1718,Paul Pierce
22011,1718,0021100729,2012-03-26 00:00:00,BOS @ CHA,W,38,10,20,0.5,1,6,0.167,15,18,0.833,0,10,10,4,3,3,4,3,36,18,0,2011-12,Regular Season,1718,Paul Pierce
22011,1718,0021100747,2012-03-28 00:00:00,BOS vs. UTA,W,36,6,16,0.375,1,6,0.167,7,7,1.0,0,6,6,1,2,1,2,2,20,1,0,2011-12,Regular Season,1718,Paul Pierce
22011,1718,0021100765,2012-03-30 00:00:00,BOS @ MIN,W,34,9,20,0.45,2,6,0.333,1,3,0.333,1,8,9,2,1,0,2,4,21,17,0,2011-12,Regular Season,1718,Paul Pierce
22011,1718,0021100778,2012-04-01 00:00:00,BOS vs. MIA,W,34,8,17,0.471,2,4,0.5,5,5,1.0,0,7,7,3,2,0,3,2,23,28,0,2011-12,Regular Season,1718,Paul Pierce
22011,1718,0021100801,2012-04-04 00:00:00,BOS vs. SAS,L,35,7,16,0.438,1,4,0.25,0,0,0.0,0,10,10,2,0,0,4,4,15,4,0,2011-12,Regular Season,1718,Paul Pierce
22011,1718,0021100813,2012-04-05 00:00:00,BOS @ CHI,L,40,8,21,0.381,3,7,0.429,3,5,0.6,1,7,8,4,2,0,1,3,22,-6,0,2011-12,Regular Season,1718,Paul Pierce
22011,1718,0021100827,2012-04-07 00:00:00,BOS @ IND,W,33,8,16,0.5,2,4,0.5,6,6,1.0,0,4,4,2,1,0,1,3,24,1,0,2011-12,Regular Season,1718,Paul Pierce
22011,1718,0021100836,2012-04-08 00:00:00,BOS vs. PHI,W,29,7,12,0.583,2,4,0.5,1,1,1.0,0,5,5,3,0,0,4,0,17,10,0,2011-12,Regular Season,1718,Paul Pierce
22011,1718,0021100853,2012-04-10 00:00:00,BOS @ MIA,W,40,8,16,0.5,3,5,0.6,8,10,0.8,1,6,7,2,1,0,1,3,27,9,0,2011-12,Regular Season,1718,Paul Pierce
22011,1718,0021100860,2012-04-11 00:00:00,BOS vs. ATL,W,41,6,19,0.316,1,8,0.125,1,1,1.0,0,5,5,4,2,0,4,3,14,-9,0,2011-12,Regular Season,1718,Paul Pierce
22011,1718,0021100874,2012-04-13 00:00:00,BOS @ TOR,L,34,6,15,0.4,3,7,0.429,3,3,1.0,2,6,8,4,0,1,2,4,18,-9,0,2011-12,Regular Season,1718,Paul Pierce
22011,1718,0021100888,2012-04-14 00:00:00,BOS @ NJN,W,31,6,16,0.375,1,4,0.25,4,5,0.8,2,3,5,4,0,2,2,1,17,14,0,2011-12,Regular Season,1718,Paul Pierce
22011,1718,0021100915,2012-04-17 00:00:00,BOS @ NYK,L,43,11,19,0.579,4,6,0.667,17,18,0.944,0,2,2,3,2,0,3,4,43,2,0,2011-12,Regular Season,1718,Paul Pierce
22011,1718,0021100924,2012-04-18 00:00:00,BOS vs. ORL,W,35,9,14,0.643,0,2,0.0,11,12,0.917,0,5,5,14,2,0,3,2,29,7,0,2011-12,Regular Season,1718,Paul Pierce
22011,1718,0021100967,2012-04-24 00:00:00,BOS vs. MIA,W,18,4,7,0.571,0,2,0.0,0,0,0.0,0,2,2,1,0,0,6,0,8,-5,0,2011-12,Regular Season,1718,Paul Pierce
22011,1718,0021100979,2012-04-26 00:00:00,BOS vs. MIL,W,7,5,7,0.714,2,2,1.0,0,0,0.0,0,0,0,0,0,0,0,0,12,8,0,2011-12,Regular Season,1718,Paul Pierce
42011,1718,0041100131,2012-04-29 00:00:00,BOS @ ATL,L,42,5,19,0.263,0,6,0.0,2,3,0.667,0,4,4,6,1,0,1,2,12,-13,0,2011-12,Playoffs,1718,Paul Pierce
42011,1718,0041100132,2012-05-01 00:00:00,BOS @ ATL,W,44,12,26,0.462,1,5,0.2,11,13,0.846,1,13,14,4,0,0,8,4,36,4,0,2011-12,Playoffs,1718,Paul Pierce
42011,1718,0041100133,2012-05-04 00:00:00,BOS vs. ATL,W,47,3,12,0.25,1,3,0.333,14,14,1.0,0,5,5,2,2,1,4,4,21,3,0,2011-12,Playoffs,1718,Paul Pierce
42011,1718,0041100134,2012-05-06 00:00:00,BOS vs. ATL,W,17,10,13,0.769,4,6,0.667,0,1,0.0,0,4,4,0,0,2,2,2,24,33,0,2011-12,Playoffs,1718,Paul Pierce
42011,1718,0041100135,2012-05-08 00:00:00,BOS @ ATL,L,36,7,17,0.412,2,4,0.5,0,0,0.0,1,5,6,4,3,0,3,2,16,-13,0,2011-12,Playoffs,1718,Paul Pierce
42011,1718,0041100136,2012-05-10 00:00:00,BOS vs. ATL,W,40,5,11,0.455,1,2,0.5,7,8,0.875,1,4,5,7,2,1,3,3,18,7,0,2011-12,Playoffs,1718,Paul Pierce
42011,1718,0041100211,2012-05-12 00:00:00,BOS vs. PHI,W,40,3,11,0.273,0,2,0.0,8,8,1.0,0,6,6,6,0,2,2,0,14,-3,0,2011-12,Playoffs,1718,Paul Pierce
42011,1718,0041100212,2012-05-14 00:00:00,BOS vs. PHI,L,37,2,9,0.222,1,4,0.25,2,2,1.0,0,5,5,3,4,1,5,4,7,-3,0,2011-12,Playoffs,1718,Paul Pierce
42011,1718,0041100213,2012-05-16 00:00:00,BOS @ PHI,W,37,6,17,0.353,1,3,0.333,11,14,0.786,5,7,12,4,3,0,0,3,24,13,0,2011-12,Playoffs,1718,Paul Pierce
42011,1718,0041100214,2012-05-18 00:00:00,BOS @ PHI,L,42,8,13,0.615,4,6,0.667,4,4,1.0,0,6,6,1,2,2,3,3,24,-3,0,2011-12,Playoffs,1718,Paul Pierce
42011,1718,0041100215,2012-05-21 00:00:00,BOS vs. PHI,W,39,3,7,0.429,1,4,0.25,9,9,1.0,0,4,4,3,1,0,1,2,16,12,0,2011-12,Playoffs,1718,Paul Pierce
42011,1718,0041100216,2012-05-23 00:00:00,BOS @ PHI,L,42,5,11,0.455,1,3,0.333,13,13,1.0,0,10,10,3,0,1,4,4,24,-5,0,2011-12,Playoffs,1718,Paul Pierce
42011,1718,0041100217,2012-05-26 00:00:00,BOS vs. PHI,W,37,6,14,0.429,0,1,0.0,3,3,1.0,0,9,9,3,2,3,3,6,15,-3,0,2011-12,Playoffs,1718,Paul Pierce
42011,1718,0041100301,2012-05-28 00:00:00,BOS @ MIA,L,40,5,18,0.278,2,4,0.5,0,0,0.0,0,2,2,3,1,0,1,1,12,-16,0,2011-12,Playoffs,1718,Paul Pierce
42011,1718,0041100302,2012-05-30 00:00:00,BOS @ MIA,L,43,8,19,0.421,0,5,0.0,5,6,0.833,1,5,6,3,0,1,3,6,21,-3,0,2011-12,Playoffs,1718,Paul Pierce
42011,1718,0041100303,2012-06-01 00:00:00,BOS vs. MIA,W,41,7,21,0.333,2,6,0.333,7,7,1.0,2,2,4,4,1,2,3,3,23,10,0,2011-12,Playoffs,1718,Paul Pierce
42011,1718,0041100304,2012-06-03 00:00:00,BOS vs. MIA,W,40,8,18,0.444,2,6,0.333,5,6,0.833,0,6,6,0,2,0,3,6,23,-1,0,2011-12,Playoffs,1718,Paul Pierce
42011,1718,0041100305,2012-06-05 00:00:00,BOS @ MIA,W,43,6,19,0.316,2,5,0.4,5,5,1.0,0,4,4,4,2,0,2,5,19,0,0,2011-12,Playoffs,1718,Paul Pierce
42011,1718,0041100306,2012-06-07 00:00:00,BOS vs. MIA,L,31,4,18,0.222,0,6,0.0,1,2,0.5,2,3,5,1,3,1,3,3,9,-20,0,2011-12,Playoffs,1718,Paul Pierce
42011,1718,0041100307,2012-06-09 00:00:00,BOS @ MIA,L,42,7,18,0.389,2,6,0.333,3,5,0.6,1,3,4,1,1,1,2,5,19,-15,0,2011-12,Playoffs,1718,Paul Pierce
22011,1503,0021100018,2011-12-27 00:00:00,ATL @ NJN,W,20,5,10,0.5,0,0,0.0,2,2,1.0,0,2,2,0,1,1,1,1,12,18,0,2011-12,Regular Season,1503,Tracy McGrady
22011,1503,0021100025,2011-12-28 00:00:00,ATL vs. WAS,W,19,3,5,0.6,0,0,0.0,5,6,0.833,0,4,4,1,0,0,1,1,11,-5,0,2011-12,Regular Season,1503,Tracy McGrady
22011,1503,0021100042,2011-12-30 00:00:00,ATL vs. NJN,W,23,2,5,0.4,0,0,0.0,2,3,0.667,0,2,2,1,1,0,0,0,6,6,0,2011-12,Regular Season,1503,Tracy McGrady
22011,1503,0021100052,2011-12-31 00:00:00,ATL @ HOU,L,25,6,11,0.545,1,2,0.5,0,0,0.0,0,6,6,1,0,0,1,1,13,7,0,2011-12,Regular Season,1503,Tracy McGrady
22011,1503,0021100070,2012-01-02 00:00:00,ATL @ MIA,W,26,5,8,0.625,3,3,1.0,3,7,0.429,1,6,7,4,1,0,1,0,16,7,0,2011-12,Regular Season,1503,Tracy McGrady
22011,1503,0021100077,2012-01-03 00:00:00,ATL @ CHI,L,15,1,4,0.25,0,0,0.0,0,0,0.0,0,6,6,2,0,0,3,0,2,-9,0,2011-12,Regular Season,1503,Tracy McGrady
22011,1503,0021100094,2012-01-05 00:00:00,ATL vs. MIA,L,30,4,8,0.5,1,1,1.0,5,8,0.625,1,6,7,5,1,2,1,0,14,12,0,2011-12,Regular Season,1503,Tracy McGrady
22011,1503,0021100110,2012-01-07 00:00:00,ATL vs. CHI,W,8,0,1,0.0,0,0,0.0,0,0,0.0,0,0,0,3,0,0,1,0,0,2,0,2011-12,Regular Season,1503,Tracy McGrady
22011,1503,0021100128,2012-01-09 00:00:00,ATL @ NJN,W,9,1,2,0.5,0,0,0.0,0,0,0.0,0,1,1,1,0,0,0,1,2,2,0,2011-12,Regular Season,1503,Tracy McGrady
22011,1503,0021100189,2012-01-16 00:00:00,ATL vs. TOR,W,8,0,0,0.0,0,0,0.0,0,0,0.0,0,0,0,3,0,1,0,0,0,10,0,2011-12,Regular Season,1503,Tracy McGrady
22011,1503,0021100208,2012-01-18 00:00:00,ATL vs. POR,W,27,3,6,0.5,0,0,0.0,2,3,0.667,1,5,6,2,0,1,1,1,8,8,0,2011-12,Regular Season,1503,Tracy McGrady
22011,1503,0021100217,2012-01-20 00:00:00,ATL @ PHI,L,18,3,7,0.429,0,0,0.0,4,4,1.0,0,4,4,2,0,0,2,2,10,-3,0,2011-12,Regular Season,1503,Tracy McGrady
22011,1503,0021100227,2012-01-21 00:00:00,ATL vs. CLE,W,22,2,6,0.333,0,1,0.0,0,0,0.0,0,1,1,3,0,1,1,0,4,15,0,2011-12,Regular Season,1503,Tracy McGrady
22011,1503,0021100245,2012-01-23 00:00:00,ATL @ MIL,W,26,2,5,0.4,0,0,0.0,0,0,0.0,0,3,3,5,0,0,0,3,4,1,0,2011-12,Regular Season,1503,Tracy McGrady
22011,1503,0021100265,2012-01-25 00:00:00,ATL @ SAS,L,15,1,4,0.25,0,0,0.0,0,0,0.0,0,0,0,3,0,0,0,0,2,-18,0,2011-12,Regular Season,1503,Tracy McGrady
22011,1503,0021100274,2012-01-27 00:00:00,ATL @ DET,W,18,3,5,0.6,0,0,0.0,1,1,1.0,0,5,5,3,0,0,1,0,7,2,0,2011-12,Regular Season,1503,Tracy McGrady
22011,1503,0021100296,2012-01-29 00:00:00,ATL @ NOH,W,19,2,6,0.333,0,0,0.0,0,0,0.0,1,2,3,3,1,0,1,0,4,16,0,2011-12,Regular Season,1503,Tracy McGrady
22011,1503,0021100308,2012-01-31 00:00:00,ATL @ TOR,W,21,5,7,0.714,1,2,0.5,4,4,1.0,0,4,4,1,1,1,4,1,15,15,0,2011-12,Regular Season,1503,Tracy McGrady
22011,1503,0021100326,2012-02-02 00:00:00,ATL vs. MEM,L,13,0,1,0.0,0,0,0.0,0,0,0.0,0,1,1,4,0,1,1,1,0,-5,0,2011-12,Regular Season,1503,Tracy McGrady
22011,1503,0021100343,2012-02-04 00:00:00,ATL vs. PHI,L,17,2,6,0.333,0,1,0.0,3,4,0.75,0,3,3,3,0,0,0,1,7,-3,0,2011-12,Regular Season,1503,Tracy McGrady
22011,1503,0021100362,2012-02-06 00:00:00,ATL vs. PHX,L,8,0,2,0.0,0,0,0.0,2,2,1.0,0,0,0,0,0,0,0,0,2,-13,0,2011-12,Regular Season,1503,Tracy McGrady
22011,1503,0021100379,2012-02-08 00:00:00,ATL vs. IND,W,22,4,6,0.667,1,2,0.5,4,4,1.0,1,1,2,2,0,0,1,1,13,5,0,2011-12,Regular Season,1503,Tracy McGrady
22011,1503,0021100392,2012-02-10 00:00:00,ATL @ ORL,W,16,4,7,0.571,0,0,0.0,1,2,0.5,0,1,1,2,0,0,2,0,9,-2,0,2011-12,Regular Season,1503,Tracy McGrady
22011,1503,0021100411,2012-02-12 00:00:00,ATL vs. MIA,L,10,1,4,0.25,0,0,0.0,0,0,0.0,0,1,1,1,0,0,1,1,2,-6,0,2011-12,Regular Season,1503,Tracy McGrady
22011,1503,0021100428,2012-02-14 00:00:00,ATL @ LAL,L,15,2,6,0.333,1,1,1.0,0,0,0.0,3,3,6,0,0,0,2,2,5,-6,0,2011-12,Regular Season,1503,Tracy McGrady
22011,1503,0021100459,2012-02-18 00:00:00,ATL @ POR,L,5,0,1,0.0,0,0,0.0,0,0,0.0,0,1,1,1,0,0,1,1,0,-3,0,2011-12,Regular Season,1503,Tracy McGrady
22011,1503,0021100470,2012-02-20 00:00:00,ATL @ CHI,L,22,2,3,0.667,1,1,1.0,1,4,0.25,0,5,5,3,0,3,2,0,6,10,0,2011-12,Regular Season,1503,Tracy McGrady
22011,1503,0021100492,2012-02-22 00:00:00,ATL @ NYK,L,15,3,5,0.6,0,0,0.0,0,0,0.0,0,2,2,1,0,0,1,1,6,-21,0,2011-12,Regular Season,1503,Tracy McGrady
22011,1503,0021100500,2012-02-23 00:00:00,ATL vs. ORL,W,8,0,1,0.0,0,0,0.0,0,0,0.0,0,1,1,3,0,0,1,0,0,6,0,2011-12,Regular Season,1503,Tracy McGrady
22011,1503,0021100516,2012-02-29 00:00:00,ATL vs. GSW,L,7,0,2,0.0,0,1,0.0,1,4,0.25,0,1,1,1,0,0,0,0,1,-9,0,2011-12,Regular Season,1503,Tracy McGrady
22011,1503,0021100530,2012-03-02 00:00:00,ATL vs. MIL,W,26,4,9,0.444,1,1,1.0,0,0,0.0,4,7,11,5,0,0,2,1,9,11,0,2011-12,Regular Season,1503,Tracy McGrady
22011,1503,0021100540,2012-03-03 00:00:00,ATL vs. OKC,W,2,0,1,0.0,0,0,0.0,0,2,0.0,0,0,0,0,0,0,0,0,0,1,0,2011-12,Regular Season,1503,Tracy McGrady
22011,1503,0021100564,2012-03-06 00:00:00,ATL @ IND,W,20,2,5,0.4,0,0,0.0,1,2,0.5,1,1,2,6,1,1,0,4,5,-7,0,2011-12,Regular Season,1503,Tracy McGrady
22011,1503,0021100587,2012-03-09 00:00:00,ATL @ DET,L,16,0,2,0.0,0,1,0.0,0,0,0.0,0,0,0,3,1,0,1,0,0,-17,0,2011-12,Regular Season,1503,Tracy McGrady
22011,1503,0021100636,2012-03-14 00:00:00,ATL @ LAC,L,25,3,6,0.5,2,3,0.667,1,2,0.5,1,3,4,3,1,0,4,3,9,-9,0,2011-12,Regular Season,1503,Tracy McGrady
22011,1503,0021100646,2012-03-16 00:00:00,ATL vs. WAS,W,9,1,3,0.333,0,1,0.0,0,0,0.0,0,0,0,0,0,0,1,0,2,-1,0,2011-12,Regular Season,1503,Tracy McGrady
22011,1503,0021100662,2012-03-18 00:00:00,ATL @ CLE,W,26,4,9,0.444,0,1,0.0,0,0,0.0,1,5,6,1,1,0,1,0,8,14,0,2011-12,Regular Season,1503,Tracy McGrady
22011,1503,0021100672,2012-03-19 00:00:00,ATL vs. BOS,L,14,2,4,0.5,0,0,0.0,0,0,0.0,0,1,1,0,0,1,0,1,4,-7,0,2011-12,Regular Season,1503,Tracy McGrady
22011,1503,0021100687,2012-03-21 00:00:00,ATL vs. CLE,W,8,0,2,0.0,0,0,0.0,0,0,0.0,0,1,1,0,0,0,0,1,0,-3,0,2011-12,Regular Season,1503,Tracy McGrady
22011,1503,0021100703,2012-03-23 00:00:00,ATL vs. NJN,W,7,0,1,0.0,0,0,0.0,0,0,0.0,0,1,1,0,0,0,0,0,0,-2,0,2011-12,Regular Season,1503,Tracy McGrady
22011,1503,0021100737,2012-03-27 00:00:00,ATL @ MIL,L,7,0,2,0.0,0,0,0.0,0,0,0.0,1,1,2,1,0,0,0,1,0,-2,0,2011-12,Regular Season,1503,Tracy McGrady
22011,1503,0021100749,2012-03-28 00:00:00,ATL vs. CHI,L,5,0,0,0.0,0,0,0.0,0,0,0.0,1,0,1,0,0,0,0,0,0,-3,0,2011-12,Regular Season,1503,Tracy McGrady
22011,1503,0021100802,2012-04-04 00:00:00,ATL vs. CHA,W,21,0,3,0.0,0,1,0.0,0,0,0.0,0,6,6,5,1,0,0,3,0,13,0,2011-12,Regular Season,1503,Tracy McGrady
22011,1503,0021100818,2012-04-06 00:00:00,ATL vs. DET,W,7,0,0,0.0,0,0,0.0,2,2,1.0,0,2,2,1,0,0,0,0,2,-14,0,2011-12,Regular Season,1503,Tracy McGrady
22011,1503,0021100860,2012-04-11 00:00:00,ATL @ BOS,L,14,1,3,0.333,0,1,0.0,3,4,0.75,1,1,2,0,0,0,1,1,5,-8,0,2011-12,Regular Season,1503,Tracy McGrady
22011,1503,0021100876,2012-04-13 00:00:00,ATL @ ORL,W,25,5,7,0.714,1,2,0.5,0,0,0.0,0,6,6,2,1,0,1,1,11,31,0,2011-12,Regular Season,1503,Tracy McGrady
22011,1503,0021100902,2012-04-16 00:00:00,ATL @ TOR,W,21,3,7,0.429,1,3,0.333,4,6,0.667,0,4,4,4,1,0,2,0,11,10,0,2011-12,Regular Season,1503,Tracy McGrady
22011,1503,0021100922,2012-04-18 00:00:00,ATL vs. DET,W,17,6,10,0.6,1,2,0.5,4,5,0.8,1,3,4,4,1,1,1,0,17,27,0,2011-12,Regular Season,1503,Tracy McGrady
22011,1503,0021100938,2012-04-20 00:00:00,ATL vs. BOS,W,14,0,2,0.0,0,0,0.0,1,2,0.5,1,3,4,2,0,1,5,0,1,-1,0,2011-12,Regular Season,1503,Tracy McGrady
22011,1503,0021100951,2012-04-22 00:00:00,ATL vs. NYK,L,13,1,3,0.333,0,0,0.0,0,0,0.0,0,0,0,2,1,0,1,0,2,1,0,2011-12,Regular Season,1503,Tracy McGrady
22011,1503,0021100966,2012-04-24 00:00:00,ATL vs. LAC,W,20,2,5,0.4,0,0,0.0,0,0,0.0,2,2,4,3,1,0,2,0,4,3,0,2011-12,Regular Season,1503,Tracy McGrady
22011,1503,0021100983,2012-04-26 00:00:00,ATL vs. DAL,W,14,1,3,0.333,0,2,0.0,0,0,0.0,1,7,8,4,0,0,0,0,2,10,0,2011-12,Regular Season,1503,Tracy McGrady
42011,1503,0041100131,2012-04-29 00:00:00,ATL vs. BOS,W,14,2,3,0.667,0,0,0.0,0,0,0.0,2,3,5,1,0,0,2,1,4,0,0,2011-12,Playoffs,1503,Tracy McGrady
42011,1503,0041100132,2012-05-01 00:00:00,ATL vs. BOS,L,6,0,0,0.0,0,0,0.0,3,4,0.75,0,0,0,0,0,1,1,1,3,-6,0,2011-12,Playoffs,1503,Tracy McGrady
42011,1503,0041100133,2012-05-04 00:00:00,ATL @ BOS,L,41,5,14,0.357,0,3,0.0,2,2,1.0,3,6,9,2,0,0,4,2,12,-2,0,2011-12,Playoffs,1503,Tracy McGrady
42011,1503,0041100134,2012-05-06 00:00:00,ATL @ BOS,L,9,1,3,0.333,0,0,0.0,0,0,0.0,1,0,1,0,0,0,1,0,2,-13,0,2011-12,Playoffs,1503,Tracy McGrady
42011,1503,0041100135,2012-05-08 00:00:00,ATL vs. BOS,W,7,0,0,0.0,0,0,0.0,0,0,0.0,0,0,0,1,0,0,0,0,0,1,0,2011-12,Playoffs,1503,Tracy McGrady
42011,1503,0041100136,2012-05-10 00:00:00,ATL @ BOS,L,14,2,6,0.333,0,1,0.0,0,0,0.0,0,2,2,2,0,1,2,0,4,3,0,2011-12,Playoffs,1503,Tracy McGrady
22011,1713,0021100002,2011-12-25 00:00:00,DAL vs. MIA,L,21,2,6,0.333,1,3,0.333,0,2,0.0,0,2,2,3,0,0,2,3,5,0,0,2011-12,Regular Season,1713,Vince Carter
22011,1713,0021100012,2011-12-26 00:00:00,DAL vs. DEN,L,21,3,6,0.5,2,3,0.667,3,4,0.75,0,1,1,3,1,1,3,4,11,-3,0,2011-12,Regular Season,1713,Vince Carter
22011,1713,0021100035,2011-12-29 00:00:00,DAL @ OKC,L,16,3,8,0.375,2,3,0.667,0,2,0.0,1,2,3,0,1,0,1,2,8,3,0,2011-12,Regular Season,1713,Vince Carter
22011,1713,0021100047,2011-12-30 00:00:00,DAL vs. TOR,W,19,3,7,0.429,1,4,0.25,3,3,1.0,0,2,2,2,1,1,0,2,10,18,0,2011-12,Regular Season,1713,Vince Carter
22011,1713,0021100061,2012-01-01 00:00:00,DAL @ MIN,L,20,1,7,0.143,0,1,0.0,4,4,1.0,2,0,2,1,1,1,2,3,6,4,0,2011-12,Regular Season,1713,Vince Carter
22011,1713,0021100073,2012-01-02 00:00:00,DAL vs. OKC,W,24,3,9,0.333,0,0,0.0,8,9,0.889,0,2,2,3,0,1,1,2,14,4,0,2011-12,Regular Season,1713,Vince Carter
22011,1713,0021100090,2012-01-04 00:00:00,DAL vs. PHX,W,22,3,10,0.3,0,2,0.0,1,2,0.5,2,4,6,5,0,0,0,1,7,8,0,2011-12,Regular Season,1713,Vince Carter
22011,1713,0021100095,2012-01-05 00:00:00,DAL @ SAS,L,21,2,5,0.4,0,1,0.0,2,2,1.0,0,2,2,0,0,0,1,4,6,-7,0,2011-12,Regular Season,1713,Vince Carter
22011,1713,0021100117,2012-01-07 00:00:00,DAL vs. NOH,W,26,5,11,0.455,1,3,0.333,2,2,1.0,1,2,3,1,1,0,2,2,13,5,0,2011-12,Regular Season,1713,Vince Carter
22011,1713,0021100135,2012-01-10 00:00:00,DAL @ DET,W,19,4,7,0.571,3,5,0.6,0,0,0.0,0,3,3,5,3,0,2,3,11,33,0,2011-12,Regular Season,1713,Vince Carter
22011,1713,0021100146,2012-01-11 00:00:00,DAL @ BOS,W,28,1,8,0.125,0,1,0.0,2,2,1.0,0,3,3,3,0,0,2,3,4,2,0,2011-12,Regular Season,1713,Vince Carter
22011,1713,0021100165,2012-01-13 00:00:00,DAL vs. MIL,W,18,7,10,0.7,2,3,0.667,0,0,0.0,0,0,0,2,0,0,2,1,16,10,0,2011-12,Regular Season,1713,Vince Carter
22011,1713,0021100178,2012-01-14 00:00:00,DAL vs. SAC,W,27,6,8,0.75,3,3,1.0,1,2,0.5,0,6,6,1,1,0,3,1,16,31,0,2011-12,Regular Season,1713,Vince Carter
22011,1713,0021100194,2012-01-16 00:00:00,DAL @ LAL,L,18,2,6,0.333,1,4,0.25,1,2,0.5,0,3,3,0,2,1,1,3,6,-2,0,2011-12,Regular Season,1713,Vince Carter
22011,1713,0021100281,2012-01-27 00:00:00,DAL vs. UTA,W,28,5,10,0.5,1,3,0.333,1,2,0.5,0,4,4,3,0,0,0,1,12,14,0,2011-12,Regular Season,1713,Vince Carter
22011,1713,0021100295,2012-01-29 00:00:00,DAL vs. SAS,W,31,8,15,0.533,2,5,0.4,3,3,1.0,0,3,3,3,2,1,1,3,21,-1,0,2011-12,Regular Season,1713,Vince Carter
22011,1713,0021100306,2012-01-30 00:00:00,DAL @ PHX,W,28,8,13,0.615,5,7,0.714,0,0,0.0,1,2,3,4,2,0,0,1,21,22,0,2011-12,Regular Season,1713,Vince Carter
22011,1713,0021100321,2012-02-01 00:00:00,DAL vs. OKC,L,29,3,10,0.3,0,3,0.0,2,2,1.0,0,5,5,2,1,1,2,3,8,-11,0,2011-12,Regular Season,1713,Vince Carter
22011,1713,0021100340,2012-02-03 00:00:00,DAL vs. IND,L,30,6,10,0.6,2,3,0.667,0,0,0.0,0,3,3,5,2,1,2,1,14,-18,0,2011-12,Regular Season,1713,Vince Carter
22011,1713,0021100347,2012-02-04 00:00:00,DAL @ CLE,L,16,2,4,0.5,0,0,0.0,0,0,0.0,0,0,0,1,0,0,1,1,4,-12,0,2011-12,Regular Season,1713,Vince Carter
22011,1713,0021100382,2012-02-08 00:00:00,DAL @ DEN,W,29,7,12,0.583,3,7,0.429,0,0,0.0,0,5,5,8,2,1,1,3,17,16,0,2011-12,Regular Season,1713,Vince Carter
22011,1713,0021100398,2012-02-10 00:00:00,DAL @ MIN,W,26,4,10,0.4,1,2,0.5,3,3,1.0,0,3,3,1,5,0,2,3,12,24,0,2011-12,Regular Season,1713,Vince Carter
22011,1713,0021100405,2012-02-11 00:00:00,DAL vs. POR,W,22,3,8,0.375,1,2,0.5,0,0,0.0,1,2,3,4,0,0,3,3,7,12,0,2011-12,Regular Season,1713,Vince Carter
22011,1713,0021100418,2012-02-13 00:00:00,DAL vs. LAC,W,25,4,9,0.444,2,4,0.5,0,0,0.0,0,4,4,2,2,1,2,2,10,9,0,2011-12,Regular Season,1713,Vince Carter
22011,1713,0021100438,2012-02-15 00:00:00,DAL vs. DEN,W,26,5,10,0.5,2,4,0.5,3,3,1.0,0,6,6,2,1,0,2,3,15,27,0,2011-12,Regular Season,1713,Vince Carter
22011,1713,0021100446,2012-02-17 00:00:00,DAL @ PHI,W,37,3,8,0.375,0,1,0.0,4,5,0.8,1,5,6,4,1,1,4,3,10,4,0,2011-12,Regular Season,1713,Vince Carter
22011,1713,0021100460,2012-02-19 00:00:00,DAL @ NYK,L,26,3,9,0.333,2,4,0.5,1,1,1.0,0,3,3,2,2,0,1,1,9,-15,0,2011-12,Regular Season,1713,Vince Carter
22011,1713,0021100474,2012-02-20 00:00:00,DAL vs. BOS,W,27,2,7,0.286,0,3,0.0,0,0,0.0,0,1,1,3,1,0,1,2,4,10,0,2011-12,Regular Season,1713,Vince Carter
22011,1713,0021100497,2012-02-22 00:00:00,DAL vs. LAL,L,31,7,17,0.412,3,7,0.429,3,4,0.75,2,3,5,1,0,1,2,3,20,2,0,2011-12,Regular Season,1713,Vince Carter
22011,1713,0021100509,2012-02-28 00:00:00,DAL vs. NJN,L,22,1,4,0.25,0,2,0.0,0,1,0.0,0,1,1,0,0,0,2,1,2,0,0,2011-12,Regular Season,1713,Vince Carter
22011,1713,0021100518,2012-02-29 00:00:00,DAL @ MEM,L,30,4,9,0.444,0,1,0.0,1,1,1.0,1,2,3,1,0,1,3,1,9,4,0,2011-12,Regular Season,1713,Vince Carter
22011,1713,0021100533,2012-03-02 00:00:00,DAL @ NOH,L,27,4,10,0.4,2,7,0.286,4,4,1.0,0,4,4,4,1,1,1,2,14,0,0,2011-12,Regular Season,1713,Vince Carter
22011,1713,0021100544,2012-03-03 00:00:00,DAL vs. UTA,W,28,3,8,0.375,1,3,0.333,2,2,1.0,0,3,3,4,3,0,2,3,9,-1,0,2011-12,Regular Season,1713,Vince Carter
22011,1713,0021100559,2012-03-05 00:00:00,DAL @ OKC,L,10,0,1,0.0,0,1,0.0,0,0,0.0,0,1,1,1,0,0,0,2,0,-15,0,2011-12,Regular Season,1713,Vince Carter
22011,1713,0021100568,2012-03-06 00:00:00,DAL vs. NYK,W,23,1,8,0.125,1,6,0.167,0,0,0.0,1,6,7,2,1,0,1,1,3,9,0,2011-12,Regular Season,1713,Vince Carter
22011,1713,0021100583,2012-03-08 00:00:00,DAL @ PHX,L,30,8,21,0.381,2,5,0.4,0,0,0.0,3,2,5,4,1,0,1,3,18,8,0,2011-12,Regular Season,1713,Vince Carter
22011,1713,0021100593,2012-03-09 00:00:00,DAL @ SAC,L,17,0,5,0.0,0,2,0.0,0,0,0.0,1,1,2,2,0,0,2,2,0,-15,0,2011-12,Regular Season,1713,Vince Carter
22011,1713,0021100602,2012-03-10 00:00:00,DAL @ GSW,L,24,2,9,0.222,1,4,0.25,2,2,1.0,1,2,3,2,1,0,0,2,7,-20,0,2011-12,Regular Season,1713,Vince Carter
22011,1713,0021100623,2012-03-13 00:00:00,DAL vs. WAS,W,25,6,11,0.545,2,5,0.4,0,0,0.0,1,4,5,2,0,0,2,5,14,14,0,2011-12,Regular Season,1713,Vince Carter
22011,1713,0021100639,2012-03-15 00:00:00,DAL vs. CHA,W,31,3,11,0.273,2,6,0.333,3,3,1.0,0,0,0,1,1,0,0,3,11,-1,0,2011-12,Regular Season,1713,Vince Carter
22011,1713,0021100659,2012-03-17 00:00:00,DAL vs. SAS,W,29,3,6,0.5,1,3,0.333,3,4,0.75,3,3,6,2,1,0,0,2,10,23,0,2011-12,Regular Season,1713,Vince Carter
22011,1713,0021100674,2012-03-19 00:00:00,DAL @ DEN,W,33,5,9,0.556,2,5,0.4,2,2,1.0,0,6,6,3,2,2,2,0,14,13,0,2011-12,Regular Season,1713,Vince Carter
22011,1713,0021100692,2012-03-21 00:00:00,DAL vs. LAL,L,33,4,10,0.4,1,4,0.25,0,2,0.0,0,0,0,1,1,0,0,2,9,-6,0,2011-12,Regular Season,1713,Vince Carter
22011,1713,0021100707,2012-03-23 00:00:00,DAL @ SAS,L,24,1,5,0.2,1,3,0.333,0,0,0.0,1,3,4,1,0,0,1,1,3,-17,0,2011-12,Regular Season,1713,Vince Carter
22011,1713,0021100716,2012-03-24 00:00:00,DAL @ HOU,W,22,2,7,0.286,0,2,0.0,0,0,0.0,0,1,1,0,1,1,1,4,4,2,0,2011-12,Regular Season,1713,Vince Carter
22011,1713,0021100739,2012-03-27 00:00:00,DAL vs. HOU,W,19,3,8,0.375,1,3,0.333,0,0,0.0,0,2,2,0,0,0,2,1,7,-14,0,2011-12,Regular Season,1713,Vince Carter
22011,1713,0021100754,2012-03-29 00:00:00,DAL @ MIA,L,19,4,7,0.571,3,6,0.5,0,0,0.0,0,1,1,2,1,0,1,0,11,6,0,2011-12,Regular Season,1713,Vince Carter
22011,1713,0021100762,2012-03-30 00:00:00,DAL @ ORL,W,25,4,11,0.364,2,5,0.4,2,2,1.0,0,0,0,1,0,0,1,2,12,-5,0,2011-12,Regular Season,1713,Vince Carter
22011,1713,0021100788,2012-04-02 00:00:00,DAL vs. LAC,L,29,1,6,0.167,0,2,0.0,1,3,0.333,0,7,7,2,0,0,2,3,3,-13,0,2011-12,Regular Season,1713,Vince Carter
22011,1713,0021100807,2012-04-04 00:00:00,DAL vs. MEM,W,23,2,9,0.222,1,4,0.25,0,0,0.0,0,1,1,3,1,0,1,1,5,10,0,2011-12,Regular Season,1713,Vince Carter
22011,1713,0021100821,2012-04-06 00:00:00,DAL vs. POR,L,24,3,10,0.3,0,2,0.0,0,0,0.0,0,5,5,0,1,0,1,1,6,-5,0,2011-12,Regular Season,1713,Vince Carter
22011,1713,0021100829,2012-04-07 00:00:00,DAL @ MEM,L,30,6,8,0.75,1,2,0.5,1,1,1.0,0,4,4,3,0,3,0,2,14,-1,0,2011-12,Regular Season,1713,Vince Carter
22011,1713,0021100856,2012-04-10 00:00:00,DAL vs. SAC,W,28,3,9,0.333,1,3,0.333,0,0,0.0,1,6,7,5,1,3,2,2,7,13,0,2011-12,Regular Season,1713,Vince Carter
22011,1713,0021100873,2012-04-12 00:00:00,DAL @ GSW,W,25,5,7,0.714,2,4,0.5,0,0,0.0,1,0,1,2,0,0,0,3,12,8,0,2011-12,Regular Season,1713,Vince Carter
22011,1713,0021100885,2012-04-13 00:00:00,DAL @ POR,W,27,3,8,0.375,0,2,0.0,0,0,0.0,0,3,3,2,1,0,1,2,6,9,0,2011-12,Regular Season,1713,Vince Carter
22011,1713,0021100894,2012-04-15 00:00:00,DAL @ LAL,L,21,2,5,0.4,1,1,1.0,2,2,1.0,0,3,3,1,0,0,0,5,7,1,0,2011-12,Regular Season,1713,Vince Carter
22011,1713,0021100909,2012-04-16 00:00:00,DAL @ UTA,L,45,5,15,0.333,3,7,0.429,5,6,0.833,1,11,12,4,2,1,1,5,18,-3,0,2011-12,Regular Season,1713,Vince Carter
22011,1713,0021100926,2012-04-18 00:00:00,DAL vs. HOU,W,30,8,18,0.444,1,6,0.167,6,6,1.0,3,1,4,3,1,0,1,1,23,20,0,2011-12,Regular Season,1713,Vince Carter
22011,1713,0021100940,2012-04-20 00:00:00,DAL vs. GSW,W,27,5,9,0.556,1,2,0.5,8,8,1.0,1,8,9,3,1,1,4,3,19,19,0,2011-12,Regular Season,1713,Vince Carter
22011,1713,0021100946,2012-04-21 00:00:00,DAL @ CHI,L,29,4,11,0.364,1,4,0.25,6,7,0.857,1,1,2,1,0,0,1,2,15,-6,0,2011-12,Regular Season,1713,Vince Carter
22011,1713,0021100983,2012-04-26 00:00:00,DAL @ ATL,L,23,3,7,0.429,0,2,0.0,0,0,0.0,1,0,1,3,2,0,2,0,6,-6,0,2011-12,Regular Season,1713,Vince Carter
42011,1713,0041100151,2012-04-28 00:00:00,DAL @ OKC,L,27,5,14,0.357,0,2,0.0,3,4,0.75,0,7,7,0,0,0,3,2,13,7,0,2011-12,Playoffs,1713,Vince Carter
42011,1713,0041100152,2012-04-30 00:00:00,DAL @ OKC,L,33,2,9,0.222,0,2,0.0,1,2,0.5,2,3,5,1,3,1,1,4,5,-12,0,2011-12,Playoffs,1713,Vince Carter
42011,1713,0041100153,2012-05-03 00:00:00,DAL vs. OKC,L,27,2,8,0.25,1,3,0.333,2,2,1.0,0,2,2,0,0,1,2,4,7,-18,0,2011-12,Playoffs,1713,Vince Carter
42011,1713,0041100154,2012-05-05 00:00:00,DAL vs. OKC,L,20,3,10,0.3,2,3,0.667,0,0,0.0,3,5,8,0,2,0,0,1,8,-13,0,2011-12,Playoffs,1713,Vince Carter
22011,951,0021100001,2011-12-25 00:00:00,BOS @ NYK,L,38,7,12,0.583,2,3,0.667,4,4,1.0,3,1,4,3,0,0,4,1,20,6,0,2011-12,Regular Season,951,Ray Allen
22011,951,0021100019,2011-12-27 00:00:00,BOS @ MIA,L,40,8,12,0.667,6,8,0.75,6,6,1.0,0,3,3,4,2,0,3,2,28,-12,0,2011-12,Regular Season,951,Ray Allen
22011,951,0021100028,2011-12-28 00:00:00,BOS @ NOH,L,30,5,10,0.5,4,8,0.5,1,1,1.0,0,2,2,3,1,0,3,3,15,-4,0,2011-12,Regular Season,951,Ray Allen
22011,951,0021100041,2011-12-30 00:00:00,BOS vs. DET,W,29,5,9,0.556,2,5,0.4,5,5,1.0,1,0,1,4,1,0,2,0,17,23,0,2011-12,Regular Season,951,Ray Allen
22011,951,0021100057,2012-01-01 00:00:00,BOS @ WAS,W,35,5,10,0.5,2,5,0.4,1,2,0.5,1,2,3,1,1,0,2,1,13,16,0,2011-12,Regular Season,951,Ray Allen
22011,951,0021100067,2012-01-02 00:00:00,BOS vs. WAS,W,35,9,16,0.563,6,7,0.857,3,5,0.6,0,2,2,2,1,0,0,2,27,12,0,2011-12,Regular Season,951,Ray Allen
22011,951,0021100102,2012-01-06 00:00:00,BOS vs. IND,L,38,7,11,0.636,4,5,0.8,5,6,0.833,1,2,3,0,0,0,2,1,23,-9,0,2011-12,Regular Season,951,Ray Allen
22011,951,0021100146,2012-01-11 00:00:00,BOS vs. DAL,L,33,3,8,0.375,1,2,0.5,2,2,1.0,0,4,4,2,0,0,1,2,9,-7,0,2011-12,Regular Season,951,Ray Allen
22011,951,0021100162,2012-01-13 00:00:00,BOS vs. CHI,L,41,6,13,0.462,2,6,0.333,2,2,1.0,0,3,3,3,0,0,1,1,16,-5,0,2011-12,Regular Season,951,Ray Allen
22011,951,0021100173,2012-01-14 00:00:00,BOS @ IND,L,34,3,9,0.333,1,3,0.333,0,0,0.0,0,6,6,2,1,0,2,2,7,-19,0,2011-12,Regular Season,951,Ray Allen
22011,951,0021100192,2012-01-16 00:00:00,BOS vs. OKC,L,39,2,7,0.286,1,2,0.5,1,1,1.0,0,2,2,2,1,0,3,0,6,2,0,2011-12,Regular Season,951,Ray Allen
22011,951,0021100205,2012-01-18 00:00:00,BOS vs. TOR,W,28,2,7,0.286,2,5,0.4,0,0,0.0,1,2,3,1,1,0,0,2,6,24,0,2011-12,Regular Season,951,Ray Allen
22011,951,0021100219,2012-01-20 00:00:00,BOS vs. PHX,L,38,4,8,0.5,2,3,0.667,4,4,1.0,2,4,6,5,2,0,5,3,14,1,0,2011-12,Regular Season,951,Ray Allen
22011,951,0021100237,2012-01-22 00:00:00,BOS @ WAS,W,11,3,5,0.6,1,2,0.5,0,0,0.0,0,1,1,1,0,0,0,0,7,8,0,2011-12,Regular Season,951,Ray Allen
22011,951,0021100292,2012-01-29 00:00:00,BOS vs. CLE,L,36,9,14,0.643,4,6,0.667,0,0,0.0,0,3,3,3,1,0,1,1,22,2,0,2011-12,Regular Season,951,Ray Allen
22011,951,0021100309,2012-01-31 00:00:00,BOS @ CLE,W,38,4,10,0.4,2,5,0.4,2,2,1.0,0,2,2,8,2,0,4,3,12,6,0,2011-12,Regular Season,951,Ray Allen
22011,951,0021100317,2012-02-01 00:00:00,BOS vs. TOR,W,23,5,9,0.556,2,3,0.667,0,0,0.0,0,1,1,5,1,0,1,2,12,23,0,2011-12,Regular Season,951,Ray Allen
22011,951,0021100337,2012-02-03 00:00:00,BOS vs. NYK,W,33,5,10,0.5,3,5,0.6,1,1,1.0,1,4,5,2,0,1,1,4,14,4,0,2011-12,Regular Season,951,Ray Allen
22011,951,0021100355,2012-02-05 00:00:00,BOS vs. MEM,W,29,4,14,0.286,3,9,0.333,1,1,1.0,0,4,4,1,0,0,2,1,12,2,0,2011-12,Regular Season,951,Ray Allen
22011,951,0021100368,2012-02-07 00:00:00,BOS vs. CHA,W,32,8,14,0.571,1,5,0.2,0,0,0.0,0,0,0,3,1,0,3,4,17,13,0,2011-12,Regular Season,951,Ray Allen
22011,951,0021100384,2012-02-09 00:00:00,BOS vs. LAL,L,39,9,20,0.45,2,6,0.333,2,2,1.0,1,5,6,2,0,1,1,3,22,0,0,2011-12,Regular Season,951,Ray Allen
22011,951,0021100388,2012-02-10 00:00:00,BOS @ TOR,L,32,3,8,0.375,0,1,0.0,0,0,0.0,0,2,2,3,0,0,2,3,6,-17,0,2011-12,Regular Season,951,Ray Allen
22011,951,0021100409,2012-02-12 00:00:00,BOS vs. CHI,W,35,3,9,0.333,1,5,0.2,4,4,1.0,0,0,0,2,1,0,1,1,11,3,0,2011-12,Regular Season,951,Ray Allen
22011,951,0021100431,2012-02-15 00:00:00,BOS vs. DET,L,33,1,5,0.2,0,1,0.0,8,9,0.889,0,6,6,2,2,2,2,2,10,1,0,2011-12,Regular Season,951,Ray Allen
22011,951,0021100443,2012-02-16 00:00:00,BOS @ CHI,L,37,4,13,0.308,3,8,0.375,1,1,1.0,0,3,3,0,1,0,0,1,12,-7,0,2011-12,Regular Season,951,Ray Allen
22011,951,0021100462,2012-02-19 00:00:00,BOS @ DET,L,36,5,11,0.455,3,4,0.75,0,0,0.0,1,5,6,4,1,0,4,4,13,-17,0,2011-12,Regular Season,951,Ray Allen
22011,951,0021100474,2012-02-20 00:00:00,BOS @ DAL,L,37,6,15,0.4,1,5,0.2,2,2,1.0,0,5,5,3,0,0,2,1,15,-25,0,2011-12,Regular Season,951,Ray Allen
22011,951,0021100490,2012-02-22 00:00:00,BOS @ OKC,L,42,7,14,0.5,3,5,0.6,4,4,1.0,0,2,2,7,1,0,3,4,21,-13,0,2011-12,Regular Season,951,Ray Allen
22011,951,0021100503,2012-02-28 00:00:00,BOS @ CLE,W,35,8,13,0.615,4,8,0.5,2,2,1.0,0,1,1,2,0,0,1,3,22,8,0,2011-12,Regular Season,951,Ray Allen
22011,951,0021100514,2012-02-29 00:00:00,BOS vs. MIL,W,32,5,10,0.5,2,4,0.5,3,4,0.75,0,2,2,1,1,1,0,1,15,9,0,2011-12,Regular Season,951,Ray Allen
22011,951,0021100546,2012-03-04 00:00:00,BOS vs. NYK,W,45,4,9,0.444,2,5,0.4,2,2,1.0,0,0,0,1,4,0,0,1,12,22,0,2011-12,Regular Season,951,Ray Allen
22011,951,0021100565,2012-03-06 00:00:00,BOS vs. HOU,W,41,7,15,0.467,3,8,0.375,4,5,0.8,0,3,3,4,2,0,1,0,21,19,0,2011-12,Regular Season,951,Ray Allen
22011,951,0021100570,2012-03-07 00:00:00,BOS @ PHI,L,28,0,5,0.0,0,2,0.0,2,2,1.0,0,4,4,2,2,1,1,0,2,-17,0,2011-12,Regular Season,951,Ray Allen
22011,951,0021100586,2012-03-09 00:00:00,BOS vs. POR,W,26,8,12,0.667,4,7,0.571,2,2,1.0,0,2,2,2,0,0,0,2,22,21,0,2011-12,Regular Season,951,Ray Allen
22011,951,0021100604,2012-03-11 00:00:00,BOS @ LAL,L,39,6,14,0.429,3,8,0.375,2,2,1.0,0,4,4,6,0,1,0,5,17,3,0,2011-12,Regular Season,951,Ray Allen
22011,951,0021100617,2012-03-12 00:00:00,BOS @ LAC,W,40,5,12,0.417,2,3,0.667,3,4,0.75,2,2,4,1,1,0,1,2,15,8,0,2011-12,Regular Season,951,Ray Allen
22011,951,0021100637,2012-03-14 00:00:00,BOS @ GSW,W,32,2,7,0.286,1,3,0.333,2,2,1.0,0,1,1,0,4,0,1,0,7,-7,0,2011-12,Regular Season,951,Ray Allen
22011,951,0021100651,2012-03-16 00:00:00,BOS @ SAC,L,33,9,16,0.563,5,10,0.5,3,3,1.0,0,4,4,1,1,0,1,0,26,-15,0,2011-12,Regular Season,951,Ray Allen
22011,951,0021100660,2012-03-17 00:00:00,BOS @ DEN,L,42,3,10,0.3,0,6,0.0,1,1,1.0,0,4,4,1,3,1,2,2,7,-2,0,2011-12,Regular Season,951,Ray Allen
22011,951,0021100672,2012-03-19 00:00:00,BOS @ ATL,W,37,5,9,0.556,4,6,0.667,5,5,1.0,0,3,3,1,0,0,2,3,19,5,0,2011-12,Regular Season,951,Ray Allen
22011,951,0021100694,2012-03-22 00:00:00,BOS @ MIL,W,25,1,8,0.125,1,5,0.2,3,3,1.0,0,4,4,1,2,0,0,2,6,4,0,2011-12,Regular Season,951,Ray Allen
22011,951,0021100801,2012-04-04 00:00:00,BOS vs. SAS,L,35,2,6,0.333,1,2,0.5,0,0,0.0,0,7,7,2,2,0,0,0,5,3,0,2011-12,Regular Season,951,Ray Allen
22011,951,0021100813,2012-04-05 00:00:00,BOS @ CHI,L,31,5,10,0.5,1,4,0.25,3,3,1.0,0,2,2,1,1,0,1,3,14,-1,0,2011-12,Regular Season,951,Ray Allen
22011,951,0021100827,2012-04-07 00:00:00,BOS @ IND,W,33,7,18,0.389,5,11,0.455,0,1,0.0,0,6,6,2,4,0,1,3,19,9,0,2011-12,Regular Season,951,Ray Allen
22011,951,0021100836,2012-04-08 00:00:00,BOS vs. PHI,W,28,4,9,0.444,2,6,0.333,0,0,0.0,0,2,2,0,0,0,1,2,10,11,0,2011-12,Regular Season,951,Ray Allen
22011,951,0021100853,2012-04-10 00:00:00,BOS @ MIA,W,35,3,7,0.429,2,4,0.5,1,1,1.0,0,1,1,3,0,0,0,0,9,6,0,2011-12,Regular Season,951,Ray Allen
42011,951,0041100133,2012-05-04 00:00:00,BOS vs. ATL,W,37,6,12,0.5,0,4,0.0,1,3,0.333,0,6,6,0,2,0,1,2,13,9,0,2011-12,Playoffs,951,Ray Allen
42011,951,0041100134,2012-05-06 00:00:00,BOS vs. ATL,W,19,5,9,0.556,2,3,0.667,0,0,0.0,1,4,5,3,0,0,0,2,12,1,0,2011-12,Playoffs,951,Ray Allen
42011,951,0041100135,2012-05-08 00:00:00,BOS @ ATL,L,30,5,10,0.5,2,4,0.5,3,5,0.6,0,2,2,4,1,0,0,2,15,-1,0,2011-12,Playoffs,951,Ray Allen
42011,951,0041100136,2012-05-10 00:00:00,BOS vs. ATL,W,26,1,7,0.143,1,7,0.143,4,6,0.667,1,4,5,1,1,0,1,2,7,-9,0,2011-12,Playoffs,951,Ray Allen
42011,951,0041100211,2012-05-12 00:00:00,BOS vs. PHI,W,33,4,10,0.4,2,7,0.286,2,2,1.0,1,2,3,1,0,0,0,2,12,17,0,2011-12,Playoffs,951,Ray Allen
42011,951,0041100212,2012-05-14 00:00:00,BOS vs. PHI,L,37,7,14,0.5,2,6,0.333,1,2,0.5,0,4,4,2,3,0,2,2,17,-6,0,2011-12,Playoffs,951,Ray Allen
42011,951,0041100213,2012-05-16 00:00:00,BOS @ PHI,W,25,1,1,1.0,0,0,0.0,1,2,0.5,0,4,4,0,0,0,0,1,3,11,0,2011-12,Playoffs,951,Ray Allen
42011,951,0041100214,2012-05-18 00:00:00,BOS @ PHI,L,31,2,6,0.333,1,4,0.25,0,0,0.0,0,6,6,1,0,0,2,3,5,-24,0,2011-12,Playoffs,951,Ray Allen
42011,951,0041100215,2012-05-21 00:00:00,BOS vs. PHI,W,33,2,7,0.286,1,5,0.2,0,0,0.0,1,1,2,1,1,0,1,1,5,9,0,2011-12,Playoffs,951,Ray Allen
42011,951,0041100216,2012-05-23 00:00:00,BOS @ PHI,L,26,4,11,0.364,1,5,0.2,0,0,0.0,1,2,3,0,0,0,3,6,9,-4,0,2011-12,Playoffs,951,Ray Allen
42011,951,0041100217,2012-05-26 00:00:00,BOS vs. PHI,W,38,3,11,0.273,2,7,0.286,3,3,1.0,0,4,4,0,1,0,0,1,11,19,0,2011-12,Playoffs,951,Ray Allen
42011,951,0041100301,2012-05-28 00:00:00,BOS @ MIA,L,39,1,7,0.143,1,4,0.25,3,7,0.429,2,3,5,2,2,0,1,2,6,-9,0,2011-12,Playoffs,951,Ray Allen
42011,951,0041100302,2012-05-30 00:00:00,BOS @ MIA,L,43,5,11,0.455,2,5,0.4,1,1,1.0,1,4,5,0,2,0,0,2,13,-2,0,2011-12,Playoffs,951,Ray Allen
42011,951,0041100303,2012-06-01 00:00:00,BOS vs. MIA,W,38,4,8,0.5,2,5,0.4,0,0,0.0,0,5,5,0,0,0,0,4,10,4,0,2011-12,Playoffs,951,Ray Allen
42011,951,0041100304,2012-06-03 00:00:00,BOS vs. MIA,W,46,6,16,0.375,4,11,0.364,0,0,0.0,0,2,2,1,0,0,2,3,16,2,0,2011-12,Playoffs,951,Ray Allen
42011,951,0041100305,2012-06-05 00:00:00,BOS @ MIA,W,40,2,9,0.222,1,4,0.25,8,8,1.0,0,7,7,0,1,1,1,3,13,1,0,2011-12,Playoffs,951,Ray Allen
42011,951,0041100306,2012-06-07 00:00:00,BOS vs. MIA,L,36,3,7,0.429,1,3,0.333,3,4,0.75,0,3,3,1,1,1,1,1,10,-6,0,2011-12,Playoffs,951,Ray Allen
42011,951,0041100307,2012-06-09 00:00:00,BOS @ MIA,L,39,5,11,0.455,3,8,0.375,2,2,1.0,0,3,3,1,2,0,2,2,15,-9,0,2011-12,Playoffs,951,Ray Allen
22011,1497,0021100005,2011-12-25 00:00:00,LAC @ GSW,W,38,6,19,0.316,3,10,0.3,6,6,1.0,0,5,5,4,0,0,1,2,21,18,0,2011-12,Regular Season,1497,Chauncey Billups
22011,1497,0021100029,2011-12-28 00:00:00,LAC @ SAS,L,28,2,5,0.4,2,4,0.5,5,5,1.0,0,0,0,1,1,1,1,2,11,-11,0,2011-12,Regular Season,1497,Chauncey Billups
22011,1497,0021100093,2012-01-04 00:00:00,LAC vs. HOU,W,23,3,5,0.6,1,2,0.5,6,6,1.0,0,1,1,4,0,1,0,1,13,14,0,2011-12,Regular Season,1497,Chauncey Billups
22011,1497,0021100118,2012-01-07 00:00:00,LAC vs. MIL,W,32,5,14,0.357,2,6,0.333,7,7,1.0,0,1,1,3,1,0,0,3,19,15,0,2011-12,Regular Season,1497,Chauncey Billups
22011,1497,0021100140,2012-01-10 00:00:00,LAC @ POR,L,31,5,13,0.385,2,6,0.333,7,8,0.875,0,1,1,4,0,0,5,1,19,-5,0,2011-12,Regular Season,1497,Chauncey Billups
22011,1497,0021100153,2012-01-11 00:00:00,LAC vs. MIA,W,40,2,11,0.182,2,8,0.25,6,7,0.857,0,1,1,6,2,0,4,2,12,7,0,2011-12,Regular Season,1497,Chauncey Billups
22011,1497,0021100180,2012-01-14 00:00:00,LAC vs. LAL,W,33,6,12,0.5,4,6,0.667,3,4,0.75,1,3,4,3,0,0,2,2,19,4,0,2011-12,Regular Season,1497,Chauncey Billups
22011,1497,0021100191,2012-01-16 00:00:00,LAC vs. NJN,W,34,5,16,0.313,3,5,0.6,7,7,1.0,1,1,2,4,0,0,1,3,20,3,0,2011-12,Regular Season,1497,Chauncey Billups
22011,1497,0021100201,2012-01-17 00:00:00,LAC @ UTA,L,24,3,12,0.25,0,4,0.0,4,6,0.667,0,2,2,6,0,0,3,4,10,-4,0,2011-12,Regular Season,1497,Chauncey Billups
22011,1497,0021100212,2012-01-18 00:00:00,LAC vs. DAL,W,32,7,19,0.368,5,11,0.455,2,3,0.667,1,7,8,3,0,0,3,2,21,11,0,2011-12,Regular Season,1497,Chauncey Billups
22011,1497,0021100225,2012-01-20 00:00:00,LAC vs. MIN,L,28,6,13,0.462,3,6,0.5,5,6,0.833,0,5,5,1,0,0,4,4,20,-13,0,2011-12,Regular Season,1497,Chauncey Billups
22011,1497,0021100238,2012-01-22 00:00:00,LAC vs. TOR,W,31,1,9,0.111,1,7,0.143,2,2,1.0,0,1,1,14,1,1,2,1,5,23,0,2011-12,Regular Season,1497,Chauncey Billups
22011,1497,0021100268,2012-01-25 00:00:00,LAC @ LAL,L,33,1,8,0.125,0,2,0.0,7,9,0.778,1,0,1,4,2,0,0,4,9,-4,0,2011-12,Regular Season,1497,Chauncey Billups
22011,1497,0021100271,2012-01-26 00:00:00,LAC vs. MEM,W,23,4,10,0.4,1,4,0.25,0,0,0.0,0,2,2,3,0,0,4,2,9,0,0,2011-12,Regular Season,1497,Chauncey Billups
22011,1497,0021100298,2012-01-29 00:00:00,LAC @ DEN,W,35,11,20,0.55,6,12,0.5,4,4,1.0,0,4,4,2,0,0,3,2,32,2,0,2011-12,Regular Season,1497,Chauncey Billups
22011,1497,0021100307,2012-01-30 00:00:00,LAC vs. OKC,W,36,4,9,0.444,2,6,0.333,3,3,1.0,0,2,2,5,1,0,0,0,13,10,0,2011-12,Regular Season,1497,Chauncey Billups
22011,1497,0021100325,2012-02-01 00:00:00,LAC @ UTA,W,34,1,8,0.125,0,5,0.0,6,7,0.857,0,7,7,3,0,0,3,3,8,0,0,2011-12,Regular Season,1497,Chauncey Billups
22011,1497,0021100330,2012-02-02 00:00:00,LAC vs. DEN,L,22,2,9,0.222,2,7,0.286,2,2,1.0,0,0,0,3,0,0,0,2,8,-18,0,2011-12,Regular Season,1497,Chauncey Billups
22011,1497,0021100342,2012-02-04 00:00:00,LAC @ WAS,W,18,4,5,0.8,4,4,1.0,0,0,0.0,0,0,0,4,1,0,2,0,12,23,0,2011-12,Regular Season,1497,Chauncey Billups
22011,1497,0021100359,2012-02-06 00:00:00,LAC @ ORL,W,32,5,11,0.455,5,10,0.5,3,3,1.0,0,3,3,3,0,0,0,0,18,6,0,2011-12,Regular Season,1497,Chauncey Billups
22011,1112,0021100010,2011-12-26 00:00:00,DET @ IND,L,20,1,3,0.333,0,0,0.0,0,0,0.0,2,5,7,1,0,3,1,1,2,-11,0,2011-12,Regular Season,1112,Ben Wallace
22011,1112,0021100026,2011-12-28 00:00:00,DET vs. CLE,L,10,0,1,0.0,0,0,0.0,0,0,0.0,0,1,1,0,2,0,0,1,0,-13,0,2011-12,Regular Season,1112,Ben Wallace
22011,1112,0021100041,2011-12-30 00:00:00,DET @ BOS,L,14,1,2,0.5,0,0,0.0,0,0,0.0,1,1,2,0,0,0,0,0,2,14,0,2011-12,Regular Season,1112,Ben Wallace
22011,1112,0021100051,2011-12-31 00:00:00,DET vs. IND,W,10,1,1,1.0,0,0,0.0,0,0,0.0,1,3,4,1,0,0,0,1,2,6,0,2011-12,Regular Season,1112,Ben Wallace
22011,1112,0021100071,2012-01-02 00:00:00,DET vs. ORL,W,20,0,0,0.0,0,0,0.0,0,0,0.0,0,5,5,0,5,1,1,3,0,6,0,2011-12,Regular Season,1112,Ben Wallace
22011,1112,0021100087,2012-01-04 00:00:00,DET vs. CHI,L,14,2,4,0.5,0,0,0.0,0,0,0.0,2,2,4,0,0,0,0,1,4,-2,0,2011-12,Regular Season,1112,Ben Wallace
22011,1112,0021100099,2012-01-06 00:00:00,DET @ PHI,L,6,0,1,0.0,0,0,0.0,0,0,0.0,0,0,0,0,0,0,0,1,0,-4,0,2011-12,Regular Season,1112,Ben Wallace
22011,1112,0021100113,2012-01-07 00:00:00,DET vs. NYK,L,14,2,6,0.333,0,0,0.0,0,0,0.0,0,3,3,1,0,3,0,1,4,4,0,2011-12,Regular Season,1112,Ben Wallace
22011,1112,0021100130,2012-01-09 00:00:00,DET @ CHI,L,12,0,0,0.0,0,0,0.0,0,0,0.0,1,3,4,0,0,1,0,1,0,-10,0,2011-12,Regular Season,1112,Ben Wallace
22011,1112,0021100135,2012-01-10 00:00:00,DET vs. DAL,L,10,1,1,1.0,0,0,0.0,0,0,0.0,0,3,3,0,0,0,0,0,2,4,0,2011-12,Regular Season,1112,Ben Wallace
22011,1112,0021100155,2012-01-12 00:00:00,DET @ MIL,L,11,0,0,0.0,0,0,0.0,0,0,0.0,1,3,4,0,1,0,0,1,0,-5,0,2011-12,Regular Season,1112,Ben Wallace
22011,1112,0021100161,2012-01-13 00:00:00,DET @ CHA,W,22,1,2,0.5,0,0,0.0,0,0,0.0,1,2,3,1,1,1,0,1,2,10,0,2011-12,Regular Season,1112,Ben Wallace
22011,1112,0021100181,2012-01-15 00:00:00,DET vs. GSW,L,13,0,1,0.0,0,1,0.0,0,0,0.0,0,1,1,3,1,0,0,2,0,-9,0,2011-12,Regular Season,1112,Ben Wallace
22011,1112,0021100200,2012-01-17 00:00:00,DET @ HOU,L,19,0,1,0.0,0,0,0.0,0,0,0.0,2,2,4,0,0,3,0,0,0,-16,0,2011-12,Regular Season,1112,Ben Wallace
22011,1112,0021100210,2012-01-18 00:00:00,DET @ MIN,L,20,1,1,1.0,0,0,0.0,0,0,0.0,2,0,2,1,3,1,3,0,2,-6,0,2011-12,Regular Season,1112,Ben Wallace
22011,1112,0021100221,2012-01-20 00:00:00,DET vs. MEM,L,16,0,0,0.0,0,0,0.0,0,0,0.0,1,1,2,1,1,0,2,0,0,-8,0,2011-12,Regular Season,1112,Ben Wallace
22011,1112,0021100230,2012-01-21 00:00:00,DET vs. POR,W,17,1,1,1.0,0,0,0.0,0,0,0.0,0,3,3,0,0,1,0,1,2,-4,0,2011-12,Regular Season,1112,Ben Wallace
22011,1112,0021100247,2012-01-23 00:00:00,DET @ OKC,L,18,0,2,0.0,0,0,0.0,0,0,0.0,0,2,2,2,2,1,0,0,0,-10,0,2011-12,Regular Season,1112,Ben Wallace
22011,1112,0021100260,2012-01-25 00:00:00,DET vs. MIA,L,23,0,2,0.0,0,0,0.0,0,0,0.0,3,2,5,0,0,3,0,2,0,-6,0,2011-12,Regular Season,1112,Ben Wallace
22011,1112,0021100274,2012-01-27 00:00:00,DET vs. ATL,L,17,1,2,0.5,0,0,0.0,0,0,0.0,0,5,5,0,0,1,3,1,2,-4,0,2011-12,Regular Season,1112,Ben Wallace
22011,1112,0021100285,2012-01-28 00:00:00,DET @ PHI,L,17,0,0,0.0,0,0,0.0,0,0,0.0,0,4,4,0,0,0,0,0,0,-12,0,2011-12,Regular Season,1112,Ben Wallace
22011,1112,0021100302,2012-01-30 00:00:00,DET @ MIL,L,8,0,0,0.0,0,0,0.0,0,0,0.0,2,1,3,1,0,0,0,0,0,-10,0,2011-12,Regular Season,1112,Ben Wallace
22011,1112,0021100311,2012-01-31 00:00:00,DET @ NYK,L,17,0,2,0.0,0,0,0.0,0,0,0.0,3,3,6,0,0,0,1,2,0,-17,0,2011-12,Regular Season,1112,Ben Wallace
22011,1112,0021100318,2012-02-01 00:00:00,DET @ NJN,L,5,0,0,0.0,0,0,0.0,0,0,0.0,0,0,0,0,0,0,0,0,0,-4,0,2011-12,Regular Season,1112,Ben Wallace
22011,1112,0021100346,2012-02-04 00:00:00,DET vs. NOH,W,6,0,1,0.0,0,0,0.0,0,0,0.0,0,2,2,1,1,0,1,0,0,1,0,2011-12,Regular Season,1112,Ben Wallace
22011,1112,0021100378,2012-02-08 00:00:00,DET @ NJN,W,13,0,0,0.0,0,0,0.0,0,0,0.0,0,4,4,1,2,1,1,1,0,7,0,2011-12,Regular Season,1112,Ben Wallace
22011,1112,0021100393,2012-02-10 00:00:00,DET vs. NJN,W,14,2,3,0.667,0,0,0.0,0,2,0.0,1,4,5,1,1,1,0,1,4,2,0,2011-12,Regular Season,1112,Ben Wallace
22011,1112,0021100410,2012-02-12 00:00:00,DET vs. WAS,L,12,0,1,0.0,0,0,0.0,0,0,0.0,4,3,7,0,0,0,0,0,0,-10,0,2011-12,Regular Season,1112,Ben Wallace
22011,1112,0021100422,2012-02-14 00:00:00,DET vs. SAS,L,26,2,2,1.0,1,1,1.0,4,8,0.5,3,2,5,2,1,1,2,4,9,8,0,2011-12,Regular Season,1112,Ben Wallace
22011,1112,0021100431,2012-02-15 00:00:00,DET @ BOS,W,16,0,1,0.0,0,0,0.0,0,0,0.0,3,8,11,2,0,0,0,1,0,1,0,2011-12,Regular Season,1112,Ben Wallace
22011,1112,0021100448,2012-02-17 00:00:00,DET vs. SAC,W,21,0,1,0.0,0,0,0.0,0,0,0.0,1,6,7,1,1,1,0,0,0,9,0,2011-12,Regular Season,1112,Ben Wallace
22011,1112,0021100462,2012-02-19 00:00:00,DET vs. BOS,W,15,0,1,0.0,0,0,0.0,0,2,0.0,0,3,3,0,1,1,0,1,0,13,0,2011-12,Regular Season,1112,Ben Wallace
22011,1112,0021100481,2012-02-21 00:00:00,DET @ CLE,L,13,0,0,0.0,0,0,0.0,0,0,0.0,2,2,4,0,1,3,0,1,0,-6,0,2011-12,Regular Season,1112,Ben Wallace
22011,1112,0021100486,2012-02-22 00:00:00,DET @ TOR,L,6,0,0,0.0,0,0,0.0,0,0,0.0,0,0,0,0,1,0,0,0,0,-4,0,2011-12,Regular Season,1112,Ben Wallace
22011,1112,0021100505,2012-02-28 00:00:00,DET vs. PHI,L,12,1,1,1.0,0,0,0.0,0,0,0.0,2,1,3,1,1,0,0,0,2,-18,0,2011-12,Regular Season,1112,Ben Wallace
22011,1112,0021100517,2012-02-29 00:00:00,DET vs. CHA,W,13,1,2,0.5,0,0,0.0,0,0,0.0,1,4,5,0,0,1,0,2,2,11,0,2011-12,Regular Season,1112,Ben Wallace
22011,1112,0021100542,2012-03-03 00:00:00,DET @ MEM,L,10,0,0,0.0,0,0,0.0,0,0,0.0,0,4,4,1,0,0,2,1,0,-10,0,2011-12,Regular Season,1112,Ben Wallace
22011,1112,0021100567,2012-03-06 00:00:00,DET vs. LAL,W,27,1,2,0.5,0,0,0.0,0,0,0.0,0,5,5,0,1,0,0,1,2,9,0,2011-12,Regular Season,1112,Ben Wallace
22011,1112,0021100587,2012-03-09 00:00:00,DET vs. ATL,W,13,0,0,0.0,0,0,0.0,0,0,0.0,0,3,3,1,0,2,2,2,0,-5,0,2011-12,Regular Season,1112,Ben Wallace
22011,1112,0021100596,2012-03-10 00:00:00,DET vs. TOR,W,21,0,1,0.0,0,0,0.0,2,2,1.0,2,6,8,2,1,0,0,2,2,1,0,2011-12,Regular Season,1112,Ben Wallace
22011,1112,0021100615,2012-03-12 00:00:00,DET @ UTA,L,19,0,0,0.0,0,0,0.0,0,0,0.0,1,4,5,0,1,0,0,1,0,-5,0,2011-12,Regular Season,1112,Ben Wallace
22011,1112,0021100634,2012-03-14 00:00:00,DET @ SAC,W,13,0,2,0.0,0,0,0.0,0,0,0.0,1,3,4,1,1,0,0,1,0,-3,0,2011-12,Regular Season,1112,Ben Wallace
22011,1112,0021100650,2012-03-16 00:00:00,DET @ PHX,L,21,5,5,1.0,0,0,0.0,0,1,0.0,1,1,2,2,0,0,0,1,10,-4,0,2011-12,Regular Season,1112,Ben Wallace
22011,1112,0021100663,2012-03-18 00:00:00,DET @ LAC,L,17,0,2,0.0,0,0,0.0,0,0,0.0,2,5,7,0,0,2,1,2,0,8,0,2011-12,Regular Season,1112,Ben Wallace
22011,1112,0021100691,2012-03-21 00:00:00,DET @ DEN,L,19,0,0,0.0,0,0,0.0,1,4,0.25,1,3,4,0,3,0,0,2,1,9,0,2011-12,Regular Season,1112,Ben Wallace
22011,1112,0021100704,2012-03-23 00:00:00,DET vs. MIA,L,25,1,4,0.25,0,0,0.0,0,2,0.0,3,3,6,2,4,1,3,1,2,3,0,2011-12,Regular Season,1112,Ben Wallace
22011,1112,0021100713,2012-03-24 00:00:00,DET @ NYK,L,19,0,1,0.0,0,0,0.0,0,2,0.0,4,3,7,0,1,1,1,3,0,-20,0,2011-12,Regular Season,1112,Ben Wallace
22011,1112,0021100728,2012-03-26 00:00:00,DET @ WAS,W,24,2,2,1.0,0,0,0.0,1,4,0.25,3,4,7,0,0,1,0,3,5,6,0,2011-12,Regular Season,1112,Ben Wallace
22011,1112,0021100746,2012-03-28 00:00:00,DET @ CLE,W,16,0,1,0.0,0,0,0.0,1,2,0.5,3,3,6,0,0,4,0,0,1,6,0,2011-12,Regular Season,1112,Ben Wallace
22011,1112,0021100763,2012-03-30 00:00:00,DET @ CHI,L,13,1,2,0.5,0,0,0.0,0,0,0.0,3,2,5,0,1,0,1,0,2,-6,0,2011-12,Regular Season,1112,Ben Wallace
22011,1112,0021100772,2012-03-31 00:00:00,DET vs. CHA,W,16,1,1,1.0,0,0,0.0,0,2,0.0,2,4,6,0,0,1,2,0,2,0,0,2011-12,Regular Season,1112,Ben Wallace
22011,1112,0021100795,2012-04-03 00:00:00,DET vs. ORL,W,14,0,1,0.0,0,0,0.0,0,0,0.0,0,6,6,1,0,2,1,1,0,-3,0,2011-12,Regular Season,1112,Ben Wallace
22011,1112,0021100812,2012-04-05 00:00:00,DET vs. WAS,W,27,0,0,0.0,0,0,0.0,5,10,0.5,2,6,8,3,2,1,1,1,5,-1,0,2011-12,Regular Season,1112,Ben Wallace
22011,1112,0021100818,2012-04-06 00:00:00,DET @ ATL,L,17,0,1,0.0,0,0,0.0,0,0,0.0,2,5,7,1,0,0,0,0,0,11,0,2011-12,Regular Season,1112,Ben Wallace
22011,1112,0021100838,2012-04-08 00:00:00,DET @ MIA,L,17,0,0,0.0,0,0,0.0,0,0,0.0,2,3,5,0,1,1,1,2,0,0,0,2011-12,Regular Season,1112,Ben Wallace
22011,1112,0021100843,2012-04-09 00:00:00,DET @ ORL,L,19,2,3,0.667,0,0,0.0,1,2,0.5,2,2,4,0,1,0,1,2,5,-13,0,2011-12,Regular Season,1112,Ben Wallace
22011,1112,0021100869,2012-04-12 00:00:00,DET @ CHA,W,17,0,1,0.0,0,0,0.0,0,0,0.0,1,3,4,1,0,0,0,1,0,3,0,2011-12,Regular Season,1112,Ben Wallace
22011,1112,0021100880,2012-04-13 00:00:00,DET vs. MIL,L,17,0,0,0.0,0,0,0.0,0,0,0.0,1,3,4,1,1,2,0,1,0,0,0,2011-12,Regular Season,1112,Ben Wallace
22011,1112,0021100897,2012-04-15 00:00:00,DET vs. CHI,L,11,0,0,0.0,0,0,0.0,0,0,0.0,2,1,3,1,1,1,0,0,0,0,0,2011-12,Regular Season,1112,Ben Wallace
22011,1112,0021100914,2012-04-17 00:00:00,DET vs. CLE,W,15,0,1,0.0,0,0,0.0,0,0,0.0,0,1,1,0,1,3,1,1,0,5,0,2011-12,Regular Season,1112,Ben Wallace
22011,1112,0021100955,2012-04-22 00:00:00,DET vs. TOR,W,14,0,3,0.0,0,0,0.0,0,2,0.0,1,2,3,3,0,0,0,0,0,-3,0,2011-12,Regular Season,1112,Ben Wallace
22011,1112,0021100978,2012-04-26 00:00:00,DET vs. PHI,W,23,3,7,0.429,0,2,0.0,1,2,0.5,3,9,12,2,1,1,2,0,7,-1,0,2011-12,Regular Season,1112,Ben Wallace
22011,2546,0021100001,2011-12-25 00:00:00,NYK vs. BOS,W,34,10,17,0.588,4,7,0.571,13,15,0.867,1,7,8,3,2,1,5,4,37,15,0,2011-12,Regular Season,2546,Carmelo Anthony
22011,2546,0021100032,2011-12-28 00:00:00,NYK @ GSW,L,35,3,13,0.231,0,4,0.0,7,9,0.778,0,2,2,1,0,0,1,4,13,-16,0,2011-12,Regular Season,2546,Carmelo Anthony
22011,2546,0021100038,2011-12-29 00:00:00,NYK @ LAL,L,37,8,14,0.571,2,4,0.5,9,10,0.9,1,6,7,5,0,1,5,3,27,-16,0,2011-12,Regular Season,2546,Carmelo Anthony
22011,2546,0021100054,2011-12-31 00:00:00,NYK @ SAC,W,33,6,15,0.4,0,3,0.0,11,13,0.846,1,6,7,5,1,0,0,4,23,21,0,2011-12,Regular Season,2546,Carmelo Anthony
22011,2546,0021100069,2012-01-02 00:00:00,NYK vs. TOR,L,42,13,31,0.419,4,9,0.444,5,8,0.625,1,10,11,4,1,0,3,1,35,-2,0,2011-12,Regular Season,2546,Carmelo Anthony
22011,2546,0021100085,2012-01-04 00:00:00,NYK vs. CHA,L,34,12,24,0.5,2,6,0.333,6,6,1.0,3,3,6,5,3,0,4,4,32,-3,0,2011-12,Regular Season,2546,Carmelo Anthony
22011,2546,0021100100,2012-01-06 00:00:00,NYK @ WAS,W,36,16,33,0.485,2,4,0.5,3,5,0.6,3,4,7,4,1,0,4,4,37,4,0,2011-12,Regular Season,2546,Carmelo Anthony
22011,2546,0021100113,2012-01-07 00:00:00,NYK @ DET,W,31,5,14,0.357,1,4,0.25,2,2,1.0,0,4,4,7,1,3,1,1,13,26,0,2011-12,Regular Season,2546,Carmelo Anthony
22011,2546,0021100129,2012-01-09 00:00:00,NYK vs. CHA,W,39,6,18,0.333,1,2,0.5,9,13,0.692,0,4,4,6,2,0,6,5,22,4,0,2011-12,Regular Season,2546,Carmelo Anthony
22011,2546,0021100145,2012-01-11 00:00:00,NYK vs. PHI,W,37,9,24,0.375,1,4,0.25,8,8,1.0,4,5,9,5,3,0,5,3,27,5,0,2011-12,Regular Season,2546,Carmelo Anthony
22011,2546,0021100156,2012-01-12 00:00:00,NYK @ MEM,L,20,6,11,0.545,1,1,1.0,1,1,1.0,0,3,3,2,0,0,1,2,14,-12,0,2011-12,Regular Season,2546,Carmelo Anthony
22011,2546,0021100184,2012-01-16 00:00:00,NYK vs. ORL,L,39,9,27,0.333,1,8,0.125,14,16,0.875,2,6,8,5,3,0,5,1,33,4,0,2011-12,Regular Season,2546,Carmelo Anthony
22011,2546,0021100207,2012-01-18 00:00:00,NYK vs. PHX,L,38,5,22,0.227,1,2,0.5,1,4,0.25,6,5,11,4,2,1,1,1,12,-2,0,2011-12,Regular Season,2546,Carmelo Anthony
22011,2546,0021100220,2012-01-20 00:00:00,NYK vs. MIL,L,36,11,26,0.423,2,6,0.333,11,13,0.846,3,2,5,2,1,0,4,3,35,-19,0,2011-12,Regular Season,2546,Carmelo Anthony
22011,2546,0021100228,2012-01-21 00:00:00,NYK vs. DEN,L,45,10,30,0.333,1,7,0.143,4,6,0.667,1,9,10,5,1,0,6,5,25,-9,0,2011-12,Regular Season,2546,Carmelo Anthony
22011,2546,0021100252,2012-01-24 00:00:00,NYK @ CHA,W,30,0,7,0.0,0,2,0.0,1,1,1.0,0,11,11,4,0,0,1,0,1,13,0,2011-12,Regular Season,2546,Carmelo Anthony
22011,2546,0021100259,2012-01-25 00:00:00,NYK @ CLE,L,38,5,14,0.357,0,3,0.0,5,7,0.714,0,4,4,6,0,1,2,3,15,-13,0,2011-12,Regular Season,2546,Carmelo Anthony
22011,2546,0021100311,2012-01-31 00:00:00,NYK vs. DET,W,33,9,14,0.643,2,3,0.667,5,5,1.0,0,1,1,6,0,0,4,1,25,27,0,2011-12,Regular Season,2546,Carmelo Anthony
22011,2546,0021100327,2012-02-02 00:00:00,NYK vs. CHI,L,39,10,26,0.385,0,4,0.0,6,6,1.0,1,5,6,3,2,0,4,4,26,1,0,2011-12,Regular Season,2546,Carmelo Anthony
22011,2546,0021100337,2012-02-03 00:00:00,NYK @ BOS,L,38,8,17,0.471,1,5,0.2,9,10,0.9,0,3,3,6,0,1,2,2,26,-6,0,2011-12,Regular Season,2546,Carmelo Anthony
22011,2546,0021100345,2012-02-04 00:00:00,NYK vs. NJN,W,35,3,15,0.2,1,3,0.333,4,4,1.0,2,1,3,3,1,1,2,1,11,-2,0,2011-12,Regular Season,2546,Carmelo Anthony
22011,2546,0021100361,2012-02-06 00:00:00,NYK vs. UTA,W,6,1,2,0.5,0,0,0.0,0,0,0.0,0,1,1,1,0,0,0,1,2,7,0,2011-12,Regular Season,2546,Carmelo Anthony
22011,2546,0021100471,2012-02-20 00:00:00,NYK vs. NJN,L,37,4,11,0.364,0,0,0.0,3,6,0.5,0,3,3,6,1,0,6,3,11,-10,0,2011-12,Regular Season,2546,Carmelo Anthony
22011,2546,0021100492,2012-02-22 00:00:00,NYK vs. ATL,W,27,7,16,0.438,1,2,0.5,0,0,0.0,3,1,4,3,2,1,2,1,15,7,0,2011-12,Regular Season,2546,Carmelo Anthony
22011,2546,0021100499,2012-02-23 00:00:00,NYK @ MIA,L,35,7,20,0.35,1,1,1.0,4,4,1.0,3,4,7,1,0,1,1,4,19,-15,0,2011-12,Regular Season,2546,Carmelo Anthony
22011,2546,0021100515,2012-02-29 00:00:00,NYK vs. CLE,W,34,9,16,0.563,1,3,0.333,3,5,0.6,1,4,5,4,0,0,0,3,22,12,0,2011-12,Regular Season,2546,Carmelo Anthony
22011,2546,0021100546,2012-03-04 00:00:00,NYK @ BOS,L,35,8,21,0.381,0,1,0.0,9,10,0.9,4,3,7,2,0,0,3,4,25,-8,0,2011-12,Regular Season,2546,Carmelo Anthony
22011,2546,0021100568,2012-03-06 00:00:00,NYK @ DAL,L,31,2,12,0.167,0,3,0.0,2,4,0.5,2,6,8,1,0,0,2,1,6,-18,0,2011-12,Regular Season,2546,Carmelo Anthony
22011,2546,0021100578,2012-03-07 00:00:00,NYK @ SAS,L,38,12,24,0.5,3,7,0.429,0,1,0.0,0,2,2,3,2,0,2,5,27,-11,0,2011-12,Regular Season,2546,Carmelo Anthony
22011,2546,0021100590,2012-03-09 00:00:00,NYK @ MIL,L,37,7,17,0.412,1,2,0.5,7,10,0.7,1,4,5,2,1,2,2,1,22,-5,0,2011-12,Regular Season,2546,Carmelo Anthony
22011,2546,0021100603,2012-03-11 00:00:00,NYK vs. PHI,L,29,5,13,0.385,1,4,0.25,11,12,0.917,6,3,9,3,0,0,1,2,22,-16,0,2011-12,Regular Season,2546,Carmelo Anthony
22011,2546,0021100612,2012-03-12 00:00:00,NYK @ CHI,L,39,8,21,0.381,1,3,0.333,4,4,1.0,2,6,8,3,2,1,2,4,21,-3,0,2011-12,Regular Season,2546,Carmelo Anthony
22011,2546,0021100628,2012-03-14 00:00:00,NYK vs. POR,W,25,6,12,0.5,3,6,0.5,1,2,0.5,0,2,2,7,1,0,2,1,16,15,0,2011-12,Regular Season,2546,Carmelo Anthony
22011,2546,0021100645,2012-03-16 00:00:00,NYK vs. IND,W,23,4,12,0.333,0,3,0.0,4,5,0.8,2,5,7,5,2,0,0,4,12,16,0,2011-12,Regular Season,2546,Carmelo Anthony
22011,2546,0021100656,2012-03-17 00:00:00,NYK @ IND,W,30,6,13,0.462,1,4,0.25,3,7,0.429,0,4,4,3,0,0,3,3,16,9,0,2011-12,Regular Season,2546,Carmelo Anthony
22011,2546,0021100677,2012-03-20 00:00:00,NYK vs. TOR,W,31,5,15,0.333,1,3,0.333,6,8,0.75,2,6,8,5,3,0,2,3,17,28,0,2011-12,Regular Season,2546,Carmelo Anthony
22011,2546,0021100684,2012-03-21 00:00:00,NYK @ PHI,W,34,5,15,0.333,0,2,0.0,0,1,0.0,1,4,5,2,0,0,2,4,10,1,0,2011-12,Regular Season,2546,Carmelo Anthony
22011,2546,0021100699,2012-03-23 00:00:00,NYK @ TOR,L,30,6,15,0.4,0,4,0.0,0,0,0.0,3,6,9,3,2,1,4,4,12,-19,0,2011-12,Regular Season,2546,Carmelo Anthony
22011,2546,0021100713,2012-03-24 00:00:00,NYK vs. DET,W,29,5,12,0.417,0,1,0.0,5,6,0.833,1,2,3,1,1,0,1,3,15,19,0,2011-12,Regular Season,2546,Carmelo Anthony
22011,2546,0021100732,2012-03-26 00:00:00,NYK vs. MIL,W,35,8,20,0.4,0,2,0.0,12,12,1.0,1,11,12,1,1,1,3,3,28,10,0,2011-12,Regular Season,2546,Carmelo Anthony
22011,2546,0021100744,2012-03-28 00:00:00,NYK vs. ORL,W,26,9,15,0.6,2,5,0.4,5,6,0.833,1,4,5,6,1,1,3,2,25,33,0,2011-12,Regular Season,2546,Carmelo Anthony
22011,2546,0021100760,2012-03-30 00:00:00,NYK @ ATL,L,40,11,24,0.458,1,4,0.25,13,14,0.929,3,6,9,2,5,2,5,3,36,-7,0,2011-12,Regular Season,2546,Carmelo Anthony
22011,2546,0021100770,2012-03-31 00:00:00,NYK vs. CLE,W,33,7,14,0.5,1,2,0.5,4,8,0.5,3,1,4,2,1,0,2,4,19,10,0,2011-12,Regular Season,2546,Carmelo Anthony
22011,2546,0021100793,2012-04-03 00:00:00,NYK @ IND,L,40,17,31,0.548,1,5,0.2,4,5,0.8,3,7,10,2,2,1,3,3,39,-7,0,2011-12,Regular Season,2546,Carmelo Anthony
22011,2546,0021100811,2012-04-05 00:00:00,NYK @ ORL,W,28,6,16,0.375,2,5,0.4,5,7,0.714,3,5,8,3,0,0,3,2,19,4,0,2011-12,Regular Season,2546,Carmelo Anthony
22011,2546,0021100835,2012-04-08 00:00:00,NYK vs. CHI,W,47,16,31,0.516,4,5,0.8,7,9,0.778,2,5,7,3,1,1,2,5,43,5,0,2011-12,Regular Season,2546,Carmelo Anthony
22011,2546,0021100857,2012-04-10 00:00:00,NYK @ CHI,L,39,11,19,0.579,1,3,0.333,6,9,0.667,0,2,2,5,3,0,2,2,29,-8,0,2011-12,Regular Season,2546,Carmelo Anthony
22011,2546,0021100861,2012-04-11 00:00:00,NYK @ MIL,W,41,13,26,0.5,2,4,0.5,4,5,0.8,3,7,10,2,0,1,3,4,32,10,0,2011-12,Regular Season,2546,Carmelo Anthony
22011,2546,0021100878,2012-04-13 00:00:00,NYK vs. WAS,W,29,8,17,0.471,0,1,0.0,2,2,1.0,1,4,5,0,1,1,3,2,18,29,0,2011-12,Regular Season,2546,Carmelo Anthony
22011,2546,0021100893,2012-04-15 00:00:00,NYK vs. MIA,L,43,14,27,0.519,2,7,0.286,12,15,0.8,2,7,9,5,1,0,1,4,42,-13,0,2011-12,Regular Season,2546,Carmelo Anthony
22011,2546,0021100915,2012-04-17 00:00:00,NYK vs. BOS,W,40,13,24,0.542,2,4,0.5,7,8,0.875,4,8,12,10,2,0,5,5,35,3,0,2011-12,Regular Season,2546,Carmelo Anthony
22011,2546,0021100921,2012-04-18 00:00:00,NYK @ NJN,W,35,11,21,0.524,5,7,0.714,6,6,1.0,0,7,7,4,0,1,1,3,33,15,0,2011-12,Regular Season,2546,Carmelo Anthony
22011,2546,0021100939,2012-04-20 00:00:00,NYK @ CLE,L,29,5,13,0.385,1,2,0.5,1,1,1.0,0,1,1,4,0,0,4,4,12,-11,0,2011-12,Regular Season,2546,Carmelo Anthony
22011,2546,0021100951,2012-04-22 00:00:00,NYK @ ATL,W,42,14,32,0.438,3,5,0.6,8,9,0.889,2,8,10,2,2,0,2,2,39,6,0,2011-12,Regular Season,2546,Carmelo Anthony
22011,2546,0021100974,2012-04-25 00:00:00,NYK vs. LAC,W,28,7,16,0.438,0,2,0.0,3,4,0.75,0,6,6,3,1,0,1,1,17,0,0,2011-12,Regular Season,2546,Carmelo Anthony
42011,2546,0041100111,2012-04-28 00:00:00,NYK @ MIA,L,34,3,15,0.2,0,2,0.0,5,5,1.0,6,4,10,3,1,0,4,3,11,-35,0,2011-12,Playoffs,2546,Carmelo Anthony
42011,2546,0041100112,2012-04-30 00:00:00,NYK @ MIA,L,45,12,26,0.462,0,3,0.0,6,9,0.667,1,8,9,1,1,0,3,5,30,-11,0,2011-12,Playoffs,2546,Carmelo Anthony
42011,2546,0041100113,2012-05-03 00:00:00,NYK vs. MIA,L,43,7,23,0.304,1,4,0.25,7,9,0.778,2,6,8,2,1,1,5,5,22,-25,0,2011-12,Playoffs,2546,Carmelo Anthony
42011,2546,0041100114,2012-05-06 00:00:00,NYK vs. MIA,W,41,15,29,0.517,1,4,0.25,10,14,0.714,2,4,6,4,1,0,1,3,41,13,0,2011-12,Playoffs,2546,Carmelo Anthony
42011,2546,0041100115,2012-05-09 00:00:00,NYK @ MIA,L,42,15,31,0.484,2,5,0.4,3,4,0.75,2,6,8,1,2,0,1,5,35,-6,0,2011-12,Playoffs,2546,Carmelo Anthony
22011,101108,0021100005,2011-12-25 00:00:00,LAC @ GSW,W,37,7,12,0.583,1,3,0.333,5,6,0.833,1,1,2,9,2,0,2,4,20,19,0,2011-12,Regular Season,101108,Chris Paul
22011,101108,0021100029,2011-12-28 00:00:00,LAC @ SAS,L,36,3,10,0.3,1,2,0.5,3,4,0.75,1,2,3,9,2,0,2,2,10,-17,0,2011-12,Regular Season,101108,Chris Paul
22011,101108,0021100049,2011-12-30 00:00:00,LAC vs. CHI,L,44,7,14,0.5,1,1,1.0,0,1,0.0,0,4,4,14,4,0,3,2,15,-13,0,2011-12,Regular Season,101108,Chris Paul
22011,101108,0021100065,2012-01-01 00:00:00,LAC vs. POR,W,37,8,15,0.533,1,5,0.2,0,0,0.0,0,1,1,7,2,0,3,3,17,6,0,2011-12,Regular Season,101108,Chris Paul
22011,101108,0021100093,2012-01-04 00:00:00,LAC vs. HOU,W,29,9,14,0.643,2,3,0.667,0,0,0.0,0,2,2,10,3,0,2,1,20,17,0,2011-12,Regular Season,101108,Chris Paul
22011,101108,0021100118,2012-01-07 00:00:00,LAC vs. MIL,W,37,3,6,0.5,0,1,0.0,3,4,0.75,1,0,1,7,4,0,4,4,9,13,0,2011-12,Regular Season,101108,Chris Paul
22011,101108,0021100140,2012-01-10 00:00:00,LAC @ POR,L,31,4,9,0.444,1,1,1.0,2,2,1.0,2,2,4,3,2,0,2,5,11,-8,0,2011-12,Regular Season,101108,Chris Paul
22011,101108,0021100153,2012-01-11 00:00:00,LAC vs. MIA,W,45,11,21,0.524,0,2,0.0,5,5,1.0,0,6,6,11,3,0,1,2,27,13,0,2011-12,Regular Season,101108,Chris Paul
22011,101108,0021100180,2012-01-14 00:00:00,LAC vs. LAL,W,39,12,22,0.545,3,4,0.75,6,6,1.0,1,3,4,6,3,0,1,3,33,15,0,2011-12,Regular Season,101108,Chris Paul
22011,101108,0021100268,2012-01-25 00:00:00,LAC @ LAL,L,27,2,8,0.25,0,3,0.0,0,1,0.0,0,4,4,12,1,0,0,2,4,6,0,2011-12,Regular Season,101108,Chris Paul
22011,101108,0021100271,2012-01-26 00:00:00,LAC vs. MEM,W,36,3,11,0.273,2,4,0.5,10,11,0.909,0,7,7,7,2,0,2,3,18,18,0,2011-12,Regular Season,101108,Chris Paul
22011,101108,0021100298,2012-01-29 00:00:00,LAC @ DEN,W,38,9,19,0.474,3,6,0.5,4,4,1.0,1,5,6,7,2,1,1,4,25,19,0,2011-12,Regular Season,101108,Chris Paul
22011,101108,0021100307,2012-01-30 00:00:00,LAC vs. OKC,W,37,12,16,0.75,2,3,0.667,0,0,0.0,0,0,0,14,2,0,2,1,26,10,0,2011-12,Regular Season,101108,Chris Paul
22011,101108,0021100325,2012-02-01 00:00:00,LAC @ UTA,W,36,15,24,0.625,3,7,0.429,1,2,0.5,2,3,5,11,3,0,4,1,34,12,0,2011-12,Regular Season,101108,Chris Paul
22011,101108,0021100330,2012-02-02 00:00:00,LAC vs. DEN,L,31,6,9,0.667,2,2,1.0,1,3,0.333,0,1,1,9,1,0,2,2,15,-12,0,2011-12,Regular Season,101108,Chris Paul
22011,101108,0021100342,2012-02-04 00:00:00,LAC @ WAS,W,28,1,8,0.125,0,1,0.0,0,2,0.0,1,2,3,7,3,0,1,3,2,28,0,2011-12,Regular Season,101108,Chris Paul
22011,101108,0021100359,2012-02-06 00:00:00,LAC @ ORL,W,44,9,16,0.563,3,3,1.0,8,8,1.0,0,7,7,8,2,0,3,3,29,-1,0,2011-12,Regular Season,101108,Chris Paul
22011,101108,0021100377,2012-02-08 00:00:00,LAC @ CLE,L,37,5,16,0.313,0,2,0.0,6,6,1.0,0,3,3,12,3,0,2,2,16,2,0,2011-12,Regular Season,101108,Chris Paul
22011,101108,0021100389,2012-02-10 00:00:00,LAC @ PHI,W,39,10,20,0.5,0,4,0.0,4,4,1.0,1,3,4,4,1,0,1,0,24,5,0,2011-12,Regular Season,101108,Chris Paul
22011,101108,0021100400,2012-02-11 00:00:00,LAC @ CHA,W,30,6,11,0.545,0,1,0.0,6,6,1.0,2,3,5,14,2,0,1,2,18,28,0,2011-12,Regular Season,101108,Chris Paul
22011,101108,0021100418,2012-02-13 00:00:00,LAC @ DAL,L,32,5,10,0.5,2,4,0.5,4,4,1.0,0,5,5,9,2,0,5,2,16,7,0,2011-12,Regular Season,101108,Chris Paul
22011,101108,0021100441,2012-02-15 00:00:00,LAC vs. WAS,W,33,7,17,0.412,2,3,0.667,0,1,0.0,1,2,3,9,1,0,1,3,16,15,0,2011-12,Regular Season,101108,Chris Paul
22011,101108,0021100444,2012-02-16 00:00:00,LAC @ POR,W,38,5,15,0.333,1,2,0.5,2,3,0.667,1,5,6,3,4,0,4,1,13,4,0,2011-12,Regular Season,101108,Chris Paul
22011,101108,0021100456,2012-02-18 00:00:00,LAC vs. SAS,L,41,6,19,0.316,1,3,0.333,8,8,1.0,0,2,2,6,2,0,2,1,21,-20,0,2011-12,Regular Season,101108,Chris Paul
22011,101108,0021100480,2012-02-20 00:00:00,LAC @ GSW,L,40,7,16,0.438,3,7,0.429,7,8,0.875,3,2,5,6,1,0,5,3,24,-3,0,2011-12,Regular Season,101108,Chris Paul
22011,101108,0021100498,2012-02-22 00:00:00,LAC vs. DEN,W,39,11,16,0.688,3,7,0.429,11,12,0.917,0,1,1,9,2,0,3,1,36,22,0,2011-12,Regular Season,101108,Chris Paul
22011,101108,0021100511,2012-02-28 00:00:00,LAC vs. MIN,L,37,11,17,0.647,1,2,0.5,4,6,0.667,0,4,4,6,1,1,1,2,27,-10,0,2011-12,Regular Season,101108,Chris Paul
22011,101108,0021100526,2012-03-01 00:00:00,LAC @ SAC,W,32,9,18,0.5,1,2,0.5,3,3,1.0,1,1,2,9,3,0,2,1,22,18,0,2011-12,Regular Season,101108,Chris Paul
22011,101108,0021100537,2012-03-02 00:00:00,LAC @ PHX,L,37,6,15,0.4,2,5,0.4,2,3,0.667,0,1,1,5,2,0,2,3,16,-2,0,2011-12,Regular Season,101108,Chris Paul
22011,101108,0021100551,2012-03-04 00:00:00,LAC @ HOU,W,42,10,22,0.455,0,3,0.0,8,10,0.8,1,3,4,10,1,0,2,4,28,-4,0,2011-12,Regular Season,101108,Chris Paul
22011,101108,0021100560,2012-03-05 00:00:00,LAC @ MIN,L,35,5,14,0.357,0,4,0.0,8,9,0.889,1,3,4,5,1,0,2,1,18,-2,0,2011-12,Regular Season,101108,Chris Paul
22011,101108,0021100574,2012-03-07 00:00:00,LAC @ NJN,L,39,7,11,0.636,3,4,0.75,5,5,1.0,0,6,6,10,5,0,5,3,22,-4,0,2011-12,Regular Season,101108,Chris Paul
22011,101108,0021100591,2012-03-09 00:00:00,LAC @ SAS,W,38,12,20,0.6,3,6,0.5,9,9,1.0,1,3,4,11,4,0,1,3,36,14,0,2011-12,Regular Season,101108,Chris Paul
22011,101108,0021100610,2012-03-11 00:00:00,LAC vs. GSW,L,36,10,18,0.556,0,4,0.0,3,6,0.5,0,2,2,5,3,0,2,1,23,-4,0,2011-12,Regular Season,101108,Chris Paul
22011,101108,0021100617,2012-03-12 00:00:00,LAC vs. BOS,L,40,3,12,0.25,1,5,0.2,7,7,1.0,2,2,4,5,2,0,4,4,14,-12,0,2011-12,Regular Season,101108,Chris Paul
22011,101108,0021100636,2012-03-14 00:00:00,LAC vs. ATL,W,31,5,9,0.556,3,5,0.6,0,0,0.0,0,2,2,9,2,0,0,1,13,16,0,2011-12,Regular Season,101108,Chris Paul
22011,101108,0021100642,2012-03-15 00:00:00,LAC vs. PHX,L,37,5,12,0.417,0,3,0.0,0,1,0.0,2,5,7,11,1,0,1,2,10,13,0,2011-12,Regular Season,101108,Chris Paul
22011,101108,0021100654,2012-03-17 00:00:00,LAC vs. HOU,W,38,7,16,0.438,1,4,0.25,8,8,1.0,2,1,3,5,5,1,2,1,23,12,0,2011-12,Regular Season,101108,Chris Paul
22011,101108,0021100663,2012-03-18 00:00:00,LAC vs. DET,W,44,8,14,0.571,1,4,0.25,2,2,1.0,1,8,9,15,4,0,0,0,19,14,0,2011-12,Regular Season,101108,Chris Paul
22011,101108,0021100676,2012-03-20 00:00:00,LAC @ IND,L,35,6,11,0.545,1,3,0.333,3,6,0.5,0,1,1,8,1,0,1,2,16,-5,0,2011-12,Regular Season,101108,Chris Paul
22011,101108,0021100689,2012-03-21 00:00:00,LAC @ OKC,L,32,3,12,0.25,2,7,0.286,5,5,1.0,0,1,1,10,5,0,3,0,13,-4,0,2011-12,Regular Season,101108,Chris Paul
22011,101108,0021100695,2012-03-22 00:00:00,LAC @ NOH,L,35,5,14,0.357,1,5,0.2,5,5,1.0,0,0,0,9,2,0,1,5,16,-5,0,2011-12,Regular Season,101108,Chris Paul
22011,101108,0021100710,2012-03-24 00:00:00,LAC vs. MEM,W,36,6,13,0.462,0,4,0.0,7,9,0.778,0,1,1,13,2,0,1,3,19,28,0,2011-12,Regular Season,101108,Chris Paul
22011,101108,0021100735,2012-03-26 00:00:00,LAC vs. NOH,W,35,9,17,0.529,2,6,0.333,5,5,1.0,0,3,3,10,4,0,1,2,25,16,0,2011-12,Regular Season,101108,Chris Paul
22011,101108,0021100751,2012-03-28 00:00:00,LAC vs. PHX,W,37,6,15,0.4,2,3,0.667,1,1,1.0,0,5,5,15,2,0,2,3,15,9,0,2011-12,Regular Season,101108,Chris Paul
22011,101108,0021100767,2012-03-30 00:00:00,LAC vs. POR,W,39,8,13,0.615,1,2,0.5,3,4,0.75,0,1,1,14,4,0,1,1,20,11,0,2011-12,Regular Season,101108,Chris Paul
22011,101108,0021100776,2012-03-31 00:00:00,LAC vs. UTA,W,31,10,14,0.714,2,3,0.667,4,5,0.8,1,2,3,6,0,0,2,1,26,-5,0,2011-12,Regular Season,101108,Chris Paul
22011,101108,0021100788,2012-04-02 00:00:00,LAC @ DAL,W,34,3,12,0.25,0,5,0.0,2,3,0.667,1,4,5,10,1,0,1,0,8,15,0,2011-12,Regular Season,101108,Chris Paul
22011,101108,0021100810,2012-04-04 00:00:00,LAC vs. LAL,L,40,8,17,0.471,1,3,0.333,5,6,0.833,2,0,2,16,0,0,3,3,22,-13,0,2011-12,Regular Season,101108,Chris Paul
22011,101108,0021100814,2012-04-05 00:00:00,LAC @ SAC,W,36,4,16,0.25,0,2,0.0,5,7,0.714,2,3,5,8,5,0,5,2,13,4,0,2011-12,Regular Season,101108,Chris Paul
22011,101108,0021100833,2012-04-07 00:00:00,LAC vs. SAC,W,37,6,14,0.429,1,2,0.5,6,6,1.0,0,5,5,15,7,0,3,2,19,11,0,2011-12,Regular Season,101108,Chris Paul
22011,101108,0021100846,2012-04-09 00:00:00,LAC @ MEM,L,41,7,17,0.412,1,4,0.25,6,7,0.857,1,2,3,6,3,0,2,4,21,-6,0,2011-12,Regular Season,101108,Chris Paul
22011,101108,0021100865,2012-04-11 00:00:00,LAC @ OKC,W,37,11,20,0.55,2,4,0.5,7,7,1.0,2,4,6,4,2,0,1,3,31,4,0,2011-12,Regular Season,101108,Chris Paul
22011,101108,0021100871,2012-04-12 00:00:00,LAC @ MIN,W,29,3,8,0.375,1,2,0.5,1,1,1.0,0,4,4,8,2,0,1,3,8,7,0,2011-12,Regular Season,101108,Chris Paul
22011,101108,0021100886,2012-04-14 00:00:00,LAC vs. GSW,W,36,12,17,0.706,3,3,1.0,1,1,1.0,1,3,4,13,3,0,3,5,28,11,0,2011-12,Regular Season,101108,Chris Paul
22011,101108,0021100911,2012-04-16 00:00:00,LAC vs. OKC,W,36,5,12,0.417,1,5,0.2,1,2,0.5,2,1,3,10,2,0,2,1,12,5,0,2011-12,Regular Season,101108,Chris Paul
22011,101108,0021100927,2012-04-18 00:00:00,LAC @ DEN,W,35,8,19,0.421,1,3,0.333,4,5,0.8,1,3,4,8,3,1,3,5,21,4,0,2011-12,Regular Season,101108,Chris Paul
22011,101108,0021100936,2012-04-19 00:00:00,LAC @ PHX,L,37,6,19,0.316,0,2,0.0,7,7,1.0,0,2,2,10,1,0,1,2,19,0,0,2011-12,Regular Season,101108,Chris Paul
22011,101108,0021100959,2012-04-22 00:00:00,LAC vs. NOH,W,39,8,18,0.444,0,4,0.0,17,19,0.895,0,4,4,13,8,0,2,3,33,8,0,2011-12,Regular Season,101108,Chris Paul
22011,101108,0021100966,2012-04-24 00:00:00,LAC @ ATL,L,38,10,20,0.5,4,6,0.667,10,11,0.909,0,5,5,8,2,0,2,2,34,-1,0,2011-12,Regular Season,101108,Chris Paul
42011,101108,0041100171,2012-04-29 00:00:00,LAC @ MEM,W,38,5,12,0.417,0,2,0.0,4,5,0.8,1,3,4,11,1,0,4,4,14,-1,0,2011-12,Playoffs,101108,Chris Paul
42011,101108,0041100172,2012-05-02 00:00:00,LAC @ MEM,L,41,10,17,0.588,4,6,0.667,5,5,1.0,0,3,3,6,5,0,5,5,29,-3,0,2011-12,Playoffs,101108,Chris Paul
42011,101108,0041100173,2012-05-05 00:00:00,LAC vs. MEM,W,41,8,19,0.421,1,3,0.333,7,8,0.875,0,4,4,11,4,0,3,2,24,8,0,2011-12,Playoffs,101108,Chris Paul
42011,101108,0041100174,2012-05-07 00:00:00,LAC vs. MEM,W,42,10,22,0.455,1,3,0.333,6,6,1.0,2,7,9,7,0,0,2,0,27,-9,0,2011-12,Playoffs,101108,Chris Paul
42011,101108,0041100175,2012-05-09 00:00:00,LAC @ MEM,L,40,5,11,0.455,1,4,0.25,8,10,0.8,0,6,6,4,4,1,3,1,19,-8,0,2011-12,Playoffs,101108,Chris Paul
42011,101108,0041100176,2012-05-11 00:00:00,LAC vs. MEM,L,35,4,9,0.444,1,3,0.333,2,4,0.5,0,5,5,7,3,0,3,6,11,-5,0,2011-12,Playoffs,101108,Chris Paul
42011,101108,0041100177,2012-05-13 00:00:00,LAC @ MEM,W,35,7,17,0.412,1,6,0.167,4,4,1.0,0,9,9,4,2,0,5,3,19,4,0,2011-12,Playoffs,101108,Chris Paul
42011,101108,0041100221,2012-05-15 00:00:00,LAC @ SAS,L,38,3,13,0.231,0,3,0.0,0,0,0.0,0,3,3,10,5,0,5,1,6,-18,0,2011-12,Playoffs,101108,Chris Paul
42011,101108,0041100222,2012-05-17 00:00:00,LAC @ SAS,L,34,4,9,0.444,2,2,1.0,0,0,0.0,0,4,4,5,2,0,8,3,10,-22,0,2011-12,Playoffs,101108,Chris Paul
42011,101108,0041100223,2012-05-19 00:00:00,LAC vs. SAS,L,39,5,17,0.294,0,2,0.0,2,2,1.0,1,2,3,11,2,0,3,4,12,-9,0,2011-12,Playoffs,101108,Chris Paul
42011,101108,0041100224,2012-05-20 00:00:00,LAC vs. SAS,L,41,9,18,0.5,2,5,0.4,3,3,1.0,2,4,6,11,2,0,2,1,23,2,0,2011-12,Playoffs,101108,Chris Paul
22011,2548,0021100002,2011-12-25 00:00:00,MIA @ DAL,W,35,11,21,0.524,0,0,0.0,4,6,0.667,1,7,8,6,1,1,5,4,26,10,0,2011-12,Regular Season,2548,Dwyane Wade
22011,2548,0021100019,2011-12-27 00:00:00,MIA vs. BOS,W,36,8,15,0.533,0,0,0.0,8,10,0.8,0,1,1,8,2,4,3,1,24,21,0,2011-12,Regular Season,2548,Dwyane Wade
22011,2548,0021100024,2011-12-28 00:00:00,MIA @ CHA,W,32,5,13,0.385,0,0,0.0,0,0,0.0,0,1,1,4,1,2,3,4,10,-3,0,2011-12,Regular Season,2548,Dwyane Wade
22011,2548,0021100045,2011-12-30 00:00:00,MIA @ MIN,W,38,8,19,0.421,0,0,0.0,3,6,0.5,0,3,3,5,0,3,5,0,19,1,0,2011-12,Regular Season,2548,Dwyane Wade
22011,2548,0021100059,2012-01-01 00:00:00,MIA vs. CHA,W,29,9,16,0.563,0,0,0.0,4,4,1.0,1,2,3,6,2,1,3,3,22,24,0,2011-12,Regular Season,2548,Dwyane Wade
22011,2548,0021100070,2012-01-02 00:00:00,MIA vs. ATL,L,39,4,17,0.235,0,1,0.0,4,6,0.667,0,3,3,10,3,1,3,1,12,-7,0,2011-12,Regular Season,2548,Dwyane Wade
22011,2548,0021100142,2012-01-10 00:00:00,MIA @ GSW,L,37,11,23,0.478,0,0,0.0,12,16,0.75,4,2,6,2,4,1,2,3,34,-8,0,2011-12,Regular Season,2548,Dwyane Wade
22011,2548,0021100153,2012-01-11 00:00:00,MIA @ LAC,L,42,6,17,0.353,0,2,0.0,5,8,0.625,1,6,7,2,3,2,2,4,17,2,0,2011-12,Regular Season,2548,Dwyane Wade
22011,2548,0021100168,2012-01-13 00:00:00,MIA @ DEN,L,29,6,14,0.429,0,0,0.0,0,0,0.0,4,3,7,6,2,0,3,4,12,-9,0,2011-12,Regular Season,2548,Dwyane Wade
22011,2548,0021100276,2012-01-27 00:00:00,MIA vs. NYK,W,33,11,19,0.579,0,1,0.0,6,6,1.0,1,1,2,4,5,2,1,1,28,-1,0,2011-12,Regular Season,2548,Dwyane Wade
22011,2548,0021100291,2012-01-29 00:00:00,MIA vs. CHI,W,31,4,16,0.25,0,0,0.0,7,10,0.7,3,1,4,7,1,1,4,1,15,5,0,2011-12,Regular Season,2548,Dwyane Wade
22011,2548,0021100301,2012-01-30 00:00:00,MIA vs. NOH,W,24,8,15,0.533,0,0,0.0,6,6,1.0,1,2,3,5,2,0,0,1,22,11,0,2011-12,Regular Season,2548,Dwyane Wade
22011,2548,0021100319,2012-02-01 00:00:00,MIA @ MIL,L,37,8,17,0.471,0,1,0.0,7,8,0.875,2,6,8,6,1,1,3,3,23,-5,0,2011-12,Regular Season,2548,Dwyane Wade
22011,2548,0021100333,2012-02-03 00:00:00,MIA @ PHI,W,33,10,20,0.5,0,0,0.0,6,8,0.75,1,4,5,4,1,0,1,4,26,18,0,2011-12,Regular Season,2548,Dwyane Wade
22011,2548,0021100356,2012-02-05 00:00:00,MIA vs. TOR,W,34,8,14,0.571,0,1,0.0,9,12,0.75,0,2,2,3,0,2,1,1,25,16,0,2011-12,Regular Season,2548,Dwyane Wade
22011,2548,0021100369,2012-02-07 00:00:00,MIA vs. CLE,W,35,9,17,0.529,0,1,0.0,8,8,1.0,1,3,4,6,3,1,4,2,26,2,0,2011-12,Regular Season,2548,Dwyane Wade
22011,2548,0021100376,2012-02-08 00:00:00,MIA @ ORL,L,36,15,24,0.625,0,2,0.0,3,3,1.0,0,2,2,2,1,3,2,1,33,2,0,2011-12,Regular Season,2548,Dwyane Wade
22011,2548,0021100390,2012-02-10 00:00:00,MIA @ WAS,W,31,11,18,0.611,0,0,0.0,4,4,1.0,0,3,3,5,1,0,4,3,26,4,0,2011-12,Regular Season,2548,Dwyane Wade
22011,2548,0021100411,2012-02-12 00:00:00,MIA @ ATL,W,24,7,14,0.5,0,0,0.0,7,7,1.0,2,3,5,3,2,1,0,0,21,24,0,2011-12,Regular Season,2548,Dwyane Wade
22011,2548,0021100416,2012-02-13 00:00:00,MIA @ MIL,W,28,8,14,0.571,0,0,0.0,6,8,0.75,3,2,5,4,0,1,5,2,22,9,0,2011-12,Regular Season,2548,Dwyane Wade
22011,2548,0021100421,2012-02-14 00:00:00,MIA @ IND,W,24,6,12,0.5,0,0,0.0,4,4,1.0,1,5,6,3,0,1,1,0,16,17,0,2011-12,Regular Season,2548,Dwyane Wade
22011,2548,0021100449,2012-02-17 00:00:00,MIA @ CLE,W,24,7,10,0.7,1,1,1.0,7,9,0.778,1,5,6,2,0,2,3,4,22,29,0,2011-12,Regular Season,2548,Dwyane Wade
22011,2548,0021100461,2012-02-19 00:00:00,MIA vs. ORL,W,31,13,23,0.565,0,2,0.0,1,1,1.0,3,3,6,2,2,3,2,3,27,23,0,2011-12,Regular Season,2548,Dwyane Wade
22011,2548,0021100483,2012-02-21 00:00:00,MIA vs. SAC,W,30,11,16,0.688,0,0,0.0,8,10,0.8,2,2,4,10,3,2,2,3,30,15,0,2011-12,Regular Season,2548,Dwyane Wade
22011,2548,0021100499,2012-02-23 00:00:00,MIA vs. NYK,W,35,10,22,0.455,0,1,0.0,2,3,0.667,3,2,5,5,2,0,2,3,22,24,0,2011-12,Regular Season,2548,Dwyane Wade
22011,2548,0021100527,2012-03-01 00:00:00,MIA @ POR,W,35,12,23,0.522,0,1,0.0,9,11,0.818,1,1,2,10,3,1,4,3,33,13,0,2011-12,Regular Season,2548,Dwyane Wade
22011,2548,0021100536,2012-03-02 00:00:00,MIA @ UTA,L,36,10,20,0.5,1,1,1.0,10,11,0.909,2,4,6,2,1,0,3,3,31,0,0,2011-12,Regular Season,2548,Dwyane Wade
22011,2548,0021100547,2012-03-04 00:00:00,MIA @ LAL,L,31,7,17,0.412,1,4,0.25,1,2,0.5,2,2,4,5,2,1,5,6,16,4,0,2011-12,Regular Season,2548,Dwyane Wade
22011,2548,0021100566,2012-03-06 00:00:00,MIA vs. NJN,W,15,6,8,0.75,0,0,0.0,1,1,1.0,1,1,2,3,0,0,1,1,13,11,0,2011-12,Regular Season,2548,Dwyane Wade
22011,2548,0021100573,2012-03-07 00:00:00,MIA vs. ATL,W,35,7,17,0.412,0,0,0.0,4,6,0.667,3,6,9,6,3,1,2,1,18,-1,0,2011-12,Regular Season,2548,Dwyane Wade
22011,2548,0021100595,2012-03-10 00:00:00,MIA vs. IND,W,40,10,16,0.625,0,1,0.0,8,9,0.889,2,2,4,7,1,1,5,2,28,14,0,2011-12,Regular Season,2548,Dwyane Wade
22011,2548,0021100618,2012-03-13 00:00:00,MIA @ ORL,L,38,12,22,0.545,2,3,0.667,2,2,1.0,0,6,6,5,2,2,1,3,28,2,0,2011-12,Regular Season,2548,Dwyane Wade
22011,2548,0021100629,2012-03-14 00:00:00,MIA @ CHI,L,39,16,26,0.615,1,3,0.333,3,4,0.75,1,6,7,1,1,2,3,1,36,-13,0,2011-12,Regular Season,2548,Dwyane Wade
22011,2548,0021100643,2012-03-16 00:00:00,MIA @ PHI,W,38,6,16,0.375,0,2,0.0,0,2,0.0,0,11,11,6,2,2,4,2,12,10,0,2011-12,Regular Season,2548,Dwyane Wade
22011,2548,0021100666,2012-03-18 00:00:00,MIA vs. ORL,W,38,13,25,0.52,0,1,0.0,5,7,0.714,1,5,6,4,1,1,3,2,31,16,0,2011-12,Regular Season,2548,Dwyane Wade
22011,2548,0021100678,2012-03-20 00:00:00,MIA vs. PHX,W,36,6,17,0.353,0,2,0.0,7,9,0.778,5,2,7,5,0,1,1,4,19,17,0,2011-12,Regular Season,2548,Dwyane Wade
22011,2548,0021100704,2012-03-23 00:00:00,MIA @ DET,W,36,10,19,0.526,0,1,0.0,4,4,1.0,1,8,9,5,3,0,3,0,24,20,0,2011-12,Regular Season,2548,Dwyane Wade
22011,2548,0021100724,2012-03-25 00:00:00,MIA @ OKC,L,38,6,10,0.6,3,4,0.75,7,7,1.0,0,4,4,4,3,2,6,2,22,-14,0,2011-12,Regular Season,2548,Dwyane Wade
22011,2548,0021100730,2012-03-26 00:00:00,MIA @ IND,L,35,7,16,0.438,4,8,0.5,6,8,0.75,1,4,5,6,0,4,1,2,24,-17,0,2011-12,Regular Season,2548,Dwyane Wade
22011,2548,0021100754,2012-03-29 00:00:00,MIA vs. DAL,W,32,5,11,0.455,0,0,0.0,6,9,0.667,1,2,3,5,1,0,2,2,16,30,0,2011-12,Regular Season,2548,Dwyane Wade
22011,2548,0021100757,2012-03-30 00:00:00,MIA @ TOR,W,36,12,19,0.632,1,2,0.5,5,7,0.714,4,2,6,6,3,1,0,1,30,16,0,2011-12,Regular Season,2548,Dwyane Wade
22011,2548,0021100778,2012-04-01 00:00:00,MIA @ BOS,L,36,6,17,0.353,0,3,0.0,3,5,0.6,3,5,8,3,1,3,2,4,15,-18,0,2011-12,Regular Season,2548,Dwyane Wade
22011,2548,0021100803,2012-04-04 00:00:00,MIA vs. OKC,W,38,7,18,0.389,0,2,0.0,5,6,0.833,1,2,3,2,3,2,5,1,19,7,0,2011-12,Regular Season,2548,Dwyane Wade
22011,2548,0021100819,2012-04-06 00:00:00,MIA vs. MEM,L,36,8,18,0.444,1,1,1.0,3,4,0.75,4,3,7,2,2,0,3,2,20,-16,0,2011-12,Regular Season,2548,Dwyane Wade
22011,2548,0021100853,2012-04-10 00:00:00,MIA vs. BOS,L,39,9,21,0.429,0,2,0.0,2,4,0.5,2,0,2,5,3,1,2,3,20,8,0,2011-12,Regular Season,2548,Dwyane Wade
22011,2548,0021100870,2012-04-12 00:00:00,MIA @ CHI,L,41,10,21,0.476,0,0,0.0,1,2,0.5,0,5,5,4,2,2,2,3,21,11,0,2011-12,Regular Season,2548,Dwyane Wade
22011,2548,0021100893,2012-04-15 00:00:00,MIA @ NYK,W,38,10,18,0.556,0,2,0.0,8,8,1.0,2,7,9,4,0,1,6,3,28,11,0,2011-12,Regular Season,2548,Dwyane Wade
22011,2548,0021100934,2012-04-19 00:00:00,MIA vs. CHI,W,33,7,16,0.438,0,0,0.0,4,6,0.667,1,2,3,5,3,0,1,3,18,12,0,2011-12,Regular Season,2548,Dwyane Wade
22011,2548,0021100945,2012-04-21 00:00:00,MIA vs. WAS,L,3,0,0,0.0,0,0,0.0,0,0,0.0,0,0,0,0,0,0,0,0,0,-4,0,2011-12,Regular Season,2548,Dwyane Wade
42011,2548,0041100111,2012-04-28 00:00:00,MIA vs. NYK,W,31,8,13,0.615,0,0,0.0,3,6,0.5,2,0,2,3,1,0,5,1,19,15,0,2011-12,Playoffs,2548,Dwyane Wade
42011,2548,0041100112,2012-04-30 00:00:00,MIA vs. NYK,W,35,11,18,0.611,0,1,0.0,3,3,1.0,1,3,4,4,2,1,1,1,25,15,0,2011-12,Playoffs,2548,Dwyane Wade
42011,2548,0041100113,2012-05-03 00:00:00,MIA @ NYK,W,37,8,17,0.471,2,5,0.4,2,3,0.667,0,4,4,4,5,0,2,3,20,26,0,2011-12,Playoffs,2548,Dwyane Wade
42011,2548,0041100114,2012-05-06 00:00:00,MIA @ NYK,L,38,9,18,0.5,0,3,0.0,4,11,0.364,1,2,3,6,4,3,2,5,22,-1,0,2011-12,Playoffs,2548,Dwyane Wade
42011,2548,0041100115,2012-05-09 00:00:00,MIA vs. NYK,W,38,7,19,0.368,0,0,0.0,5,7,0.714,1,3,4,3,2,2,2,4,19,6,0,2011-12,Playoffs,2548,Dwyane Wade
42011,2548,0041100201,2012-05-13 00:00:00,MIA vs. IND,W,40,8,23,0.348,0,0,0.0,13,14,0.929,0,0,0,4,1,1,2,1,29,12,0,2011-12,Playoffs,2548,Dwyane Wade
42011,2548,0041100202,2012-05-15 00:00:00,MIA vs. IND,L,37,8,22,0.364,0,2,0.0,8,10,0.8,3,3,6,4,1,2,3,4,24,-7,0,2011-12,Playoffs,2548,Dwyane Wade
42011,2548,0041100203,2012-05-17 00:00:00,MIA @ IND,L,37,2,13,0.154,0,2,0.0,1,2,0.5,1,4,5,1,1,2,5,3,5,-25,0,2011-12,Playoffs,2548,Dwyane Wade
42011,2548,0041100204,2012-05-20 00:00:00,MIA @ IND,W,41,13,23,0.565,2,2,1.0,2,6,0.333,1,8,9,6,1,2,0,1,30,5,0,2011-12,Playoffs,2548,Dwyane Wade
42011,2548,0041100205,2012-05-22 00:00:00,MIA vs. IND,W,33,10,17,0.588,1,2,0.5,7,13,0.538,0,3,3,2,2,1,4,3,28,24,0,2011-12,Playoffs,2548,Dwyane Wade
42011,2548,0041100206,2012-05-24 00:00:00,MIA @ IND,W,39,17,25,0.68,0,0,0.0,7,8,0.875,2,8,10,3,2,0,5,3,41,4,0,2011-12,Playoffs,2548,Dwyane Wade
42011,2548,0041100301,2012-05-28 00:00:00,MIA vs. BOS,W,38,8,13,0.615,0,1,0.0,6,6,1.0,2,1,3,7,1,2,4,2,22,16,0,2011-12,Playoffs,2548,Dwyane Wade
42011,2548,0041100302,2012-05-30 00:00:00,MIA vs. BOS,W,44,8,15,0.533,0,0,0.0,7,11,0.636,1,5,6,4,1,2,2,2,23,11,0,2011-12,Playoffs,2548,Dwyane Wade
42011,2548,0041100303,2012-06-01 00:00:00,MIA @ BOS,L,42,9,20,0.45,0,0,0.0,0,0,0.0,2,2,4,4,1,2,3,4,18,-8,0,2011-12,Playoffs,2548,Dwyane Wade
42011,2548,0041100304,2012-06-03 00:00:00,MIA @ BOS,L,51,7,22,0.318,2,6,0.333,4,5,0.8,1,6,7,6,3,3,4,4,20,1,0,2011-12,Playoffs,2548,Dwyane Wade
42011,2548,0041100305,2012-06-05 00:00:00,MIA vs. BOS,L,39,10,22,0.455,1,3,0.333,6,8,0.75,1,5,6,3,0,1,3,3,27,8,0,2011-12,Playoffs,2548,Dwyane Wade
42011,2548,0041100306,2012-06-07 00:00:00,MIA @ BOS,W,39,6,17,0.353,0,0,0.0,5,5,1.0,4,4,8,4,3,0,3,2,17,23,0,2011-12,Playoffs,2548,Dwyane Wade
42011,2548,0041100307,2012-06-09 00:00:00,MIA vs. BOS,W,44,8,17,0.471,0,2,0.0,7,8,0.875,3,3,6,6,1,0,4,4,23,17,0,2011-12,Playoffs,2548,Dwyane Wade
42011,2548,0041100401,2012-06-12 00:00:00,MIA @ OKC,L,42,7,19,0.368,0,2,0.0,5,5,1.0,1,3,4,8,1,0,3,3,19,-6,0,2011-12,Playoffs,2548,Dwyane Wade
42011,2548,0041100402,2012-06-14 00:00:00,MIA @ OKC,W,39,10,20,0.5,0,0,,4,6,0.667,1,5,6,5,0,1,3,2,24,10,0,2011-12,Playoffs,2548,Dwyane Wade
42011,2548,0041100403,2012-06-17 00:00:00,MIA vs. OKC,W,45,8,22,0.364,0,0,,9,11,0.818,2,5,7,7,2,0,5,4,25,2,0,2011-12,Playoffs,2548,Dwyane Wade
42011,2548,0041100404,2012-06-19 00:00:00,MIA vs. OKC,W,42,8,19,0.421,2,3,0.667,7,9,0.778,0,5,5,3,2,2,2,2,25,10,0,2011-12,Playoffs,2548,Dwyane Wade
42011,2548,0041100405,2012-06-21 00:00:00,MIA vs. OKC,W,35,7,12,0.583,0,0,,6,9,0.667,2,6,8,3,2,3,1,4,20,25,0,2011-12,Playoffs,2548,Dwyane Wade
22011,2730,0021100004,2011-12-25 00:00:00,ORL @ OKC,L,38,4,12,0.333,0,1,0.0,3,8,0.375,4,11,15,0,1,2,3,4,11,-4,0,2011-12,Regular Season,2730,Dwight Howard
22011,2730,0021100008,2011-12-26 00:00:00,ORL vs. HOU,W,37,9,15,0.6,0,0,0.0,3,5,0.6,2,5,7,3,0,3,2,2,21,4,0,2011-12,Regular Season,2730,Dwight Howard
22011,2730,0021100033,2011-12-29 00:00:00,ORL vs. NJN,W,37,7,9,0.778,0,0,0.0,2,9,0.222,6,18,24,3,3,3,3,3,16,23,0,2011-12,Regular Season,2730,Dwight Howard
22011,2730,0021100039,2011-12-30 00:00:00,ORL @ CHA,W,39,7,16,0.438,0,0,0.0,6,14,0.429,6,18,24,4,1,4,3,0,20,18,0,2011-12,Regular Season,2730,Dwight Howard
22011,2730,0021100058,2012-01-01 00:00:00,ORL vs. TOR,W,43,7,11,0.636,0,0,0.0,5,9,0.556,5,10,15,1,1,3,4,4,19,5,0,2011-12,Regular Season,2730,Dwight Howard
22011,2730,0021100071,2012-01-02 00:00:00,ORL @ DET,L,40,8,14,0.571,0,0,0.0,3,8,0.375,2,5,7,2,5,1,3,6,19,-9,0,2011-12,Regular Season,2730,Dwight Howard
22011,2730,0021100083,2012-01-04 00:00:00,ORL vs. WAS,W,37,11,13,0.846,0,0,0.0,6,14,0.429,5,15,20,2,0,3,4,3,28,23,0,2011-12,Regular Season,2730,Dwight Howard
22011,2730,0021100103,2012-01-06 00:00:00,ORL vs. CHI,L,41,11,18,0.611,0,0,0.0,6,10,0.6,4,11,15,2,2,2,4,3,28,-13,0,2011-12,Regular Season,2730,Dwight Howard
22011,2730,0021100121,2012-01-08 00:00:00,ORL @ SAC,W,20,1,2,0.5,0,0,0.0,3,5,0.6,1,3,4,1,0,1,1,4,5,9,0,2011-12,Regular Season,2730,Dwight Howard
22011,2730,0021100152,2012-01-11 00:00:00,ORL @ POR,W,39,5,9,0.556,0,0,0.0,3,12,0.25,2,11,13,4,0,0,4,1,13,6,0,2011-12,Regular Season,2730,Dwight Howard
22011,2730,0021100158,2012-01-12 00:00:00,ORL @ GSW,W,44,12,21,0.571,0,0,0.0,21,39,0.538,7,16,23,3,4,2,3,2,45,12,0,2011-12,Regular Season,2730,Dwight Howard
22011,2730,0021100184,2012-01-16 00:00:00,ORL @ NYK,W,38,3,6,0.5,0,0,0.0,2,9,0.222,1,9,10,4,1,3,6,6,8,2,0,2011-12,Regular Season,2730,Dwight Howard
22011,2730,0021100195,2012-01-17 00:00:00,ORL vs. CHA,W,39,11,18,0.611,0,0,0.0,3,8,0.375,4,13,17,4,1,4,4,5,25,21,0,2011-12,Regular Season,2730,Dwight Howard
22011,2730,0021100204,2012-01-18 00:00:00,ORL vs. SAS,L,41,9,15,0.6,0,1,0.0,6,10,0.6,9,16,25,1,1,3,2,4,24,8,0,2011-12,Regular Season,2730,Dwight Howard
22011,2730,0021100223,2012-01-20 00:00:00,ORL vs. LAL,W,46,6,14,0.429,0,0,0.0,9,17,0.529,4,19,23,2,1,1,4,4,21,10,0,2011-12,Regular Season,2730,Dwight Howard
22011,2730,0021100243,2012-01-23 00:00:00,ORL @ BOS,L,35,4,15,0.267,0,1,0.0,10,18,0.556,2,12,14,3,1,1,4,3,18,-20,0,2011-12,Regular Season,2730,Dwight Howard
22011,2730,0021100253,2012-01-24 00:00:00,ORL @ IND,W,25,6,11,0.545,0,0,0.0,2,4,0.5,1,8,9,0,2,1,1,3,14,11,0,2011-12,Regular Season,2730,Dwight Howard
22011,2730,0021100270,2012-01-26 00:00:00,ORL vs. BOS,L,31,6,12,0.5,0,0,0.0,4,8,0.5,5,11,16,0,0,1,3,4,16,-25,0,2011-12,Regular Season,2730,Dwight Howard
22011,2730,0021100278,2012-01-27 00:00:00,ORL @ NOH,L,39,9,14,0.643,0,0,0.0,10,17,0.588,3,13,16,3,2,1,4,3,28,-22,0,2011-12,Regular Season,2730,Dwight Howard
22011,2730,0021100294,2012-01-29 00:00:00,ORL vs. IND,L,39,10,13,0.769,0,1,0.0,4,15,0.267,3,10,13,1,1,2,5,3,24,-13,0,2011-12,Regular Season,2730,Dwight Howard
22011,2730,0021100299,2012-01-30 00:00:00,ORL @ PHI,L,37,6,17,0.353,0,0,0.0,5,13,0.385,3,8,11,0,1,2,2,2,17,-14,0,2011-12,Regular Season,2730,Dwight Howard
22011,2730,0021100316,2012-02-01 00:00:00,ORL vs. WAS,W,42,6,10,0.6,0,0,0.0,11,16,0.688,3,15,18,3,4,0,3,2,23,16,0,2011-12,Regular Season,2730,Dwight Howard
22011,2730,0021100334,2012-02-03 00:00:00,ORL vs. CLE,W,38,5,12,0.417,0,0,0.0,9,16,0.563,1,15,16,2,0,8,2,1,19,9,0,2011-12,Regular Season,2730,Dwight Howard
22011,2730,0021100344,2012-02-04 00:00:00,ORL @ IND,W,41,10,16,0.625,0,0,0.0,7,10,0.7,1,7,8,1,3,2,2,4,27,5,0,2011-12,Regular Season,2730,Dwight Howard
22011,2730,0021100359,2012-02-06 00:00:00,ORL vs. LAC,L,44,15,21,0.714,0,0,0.0,3,8,0.375,3,11,14,1,2,2,4,3,33,8,0,2011-12,Regular Season,2730,Dwight Howard
22011,2730,0021100376,2012-02-08 00:00:00,ORL vs. MIA,W,43,9,14,0.643,0,1,0.0,7,10,0.7,7,17,24,4,3,2,3,3,25,8,0,2011-12,Regular Season,2730,Dwight Howard
22011,2730,0021100392,2012-02-10 00:00:00,ORL vs. ATL,L,45,8,15,0.533,0,1,0.0,2,4,0.5,2,16,18,0,0,1,5,3,18,0,0,2011-12,Regular Season,2730,Dwight Howard
22011,2730,0021100406,2012-02-11 00:00:00,ORL @ MIL,W,42,5,15,0.333,0,0,0.0,1,2,0.5,3,11,14,1,0,4,3,1,11,5,0,2011-12,Regular Season,2730,Dwight Howard
22011,2730,0021100415,2012-02-13 00:00:00,ORL vs. MIN,W,28,4,11,0.364,0,0,0.0,3,4,0.75,2,5,7,2,1,0,1,5,11,17,0,2011-12,Regular Season,2730,Dwight Howard
22011,2730,0021100430,2012-02-15 00:00:00,ORL vs. PHI,W,41,8,15,0.533,0,0,0.0,1,3,0.333,3,11,14,2,1,2,2,3,17,21,0,2011-12,Regular Season,2730,Dwight Howard
22011,2730,0021100447,2012-02-17 00:00:00,ORL vs. MIL,W,39,8,12,0.667,0,0,0.0,10,14,0.714,4,16,20,1,1,4,6,5,26,18,0,2011-12,Regular Season,2730,Dwight Howard
22011,2730,0021100461,2012-02-19 00:00:00,ORL @ MIA,L,37,5,10,0.5,0,0,0.0,2,10,0.2,3,12,15,3,1,1,3,2,12,-11,0,2011-12,Regular Season,2730,Dwight Howard
22011,2730,0021100472,2012-02-20 00:00:00,ORL @ MIL,W,42,9,20,0.45,0,1,0.0,10,14,0.714,6,10,16,4,3,1,7,3,28,6,0,2011-12,Regular Season,2730,Dwight Howard
22011,2730,0021100491,2012-02-22 00:00:00,ORL @ NJN,W,34,9,13,0.692,0,0,0.0,2,10,0.2,7,10,17,4,2,2,2,2,20,12,0,2011-12,Regular Season,2730,Dwight Howard
22011,2730,0021100500,2012-02-23 00:00:00,ORL @ ATL,L,40,5,7,0.714,0,0,0.0,2,5,0.4,2,10,12,3,2,5,3,1,12,-3,0,2011-12,Regular Season,2730,Dwight Howard
22011,2730,0021100513,2012-02-29 00:00:00,ORL @ WAS,W,38,4,9,0.444,0,0,0.0,6,11,0.545,4,8,12,1,1,5,4,2,14,1,0,2011-12,Regular Season,2730,Dwight Howard
22011,2730,0021100524,2012-03-01 00:00:00,ORL vs. OKC,L,39,14,20,0.7,0,0,0.0,5,8,0.625,5,4,9,2,2,1,3,2,33,0,0,2011-12,Regular Season,2730,Dwight Howard
22011,2730,0021100541,2012-03-03 00:00:00,ORL vs. MIL,W,39,11,17,0.647,0,0,0.0,6,14,0.429,4,10,14,0,4,1,5,4,28,29,0,2011-12,Regular Season,2730,Dwight Howard
22011,2730,0021100554,2012-03-05 00:00:00,ORL @ TOR,W,36,16,20,0.8,0,0,0.0,4,14,0.286,3,10,13,0,1,2,2,3,36,6,0,2011-12,Regular Season,2730,Dwight Howard
22011,2730,0021100563,2012-03-06 00:00:00,ORL @ CHA,L,39,6,13,0.462,0,0,0.0,3,8,0.375,7,10,17,0,1,2,4,3,15,-12,0,2011-12,Regular Season,2730,Dwight Howard
22011,2730,0021100582,2012-03-08 00:00:00,ORL @ CHI,W,42,11,19,0.579,0,0,0.0,7,10,0.7,7,11,18,0,0,3,4,4,29,13,0,2011-12,Regular Season,2730,Dwight Howard
22011,2730,0021100606,2012-03-11 00:00:00,ORL vs. IND,W,37,11,14,0.786,0,0,0.0,8,12,0.667,5,8,13,5,4,1,3,3,30,17,0,2011-12,Regular Season,2730,Dwight Howard
22011,2730,0021100618,2012-03-13 00:00:00,ORL vs. MIA,W,47,9,13,0.692,0,0,0.0,6,18,0.333,4,21,25,1,3,2,2,1,24,5,0,2011-12,Regular Season,2730,Dwight Howard
22011,2730,0021100633,2012-03-14 00:00:00,ORL @ SAS,L,39,9,16,0.563,0,0,0.0,4,10,0.4,2,10,12,1,2,3,3,2,22,-13,0,2011-12,Regular Season,2730,Dwight Howard
22011,2730,0021100644,2012-03-16 00:00:00,ORL vs. NJN,W,32,8,10,0.8,0,0,0.0,2,3,0.667,0,6,6,2,1,3,1,1,18,6,0,2011-12,Regular Season,2730,Dwight Howard
22011,2730,0021100666,2012-03-18 00:00:00,ORL @ MIA,L,41,7,17,0.412,0,0,0.0,4,10,0.4,2,9,11,2,0,0,4,3,18,-12,0,2011-12,Regular Season,2730,Dwight Howard
22011,2730,0021100673,2012-03-19 00:00:00,ORL vs. CHI,L,41,8,12,0.667,0,0,0.0,2,7,0.286,4,8,12,2,1,3,4,3,18,-25,0,2011-12,Regular Season,2730,Dwight Howard
22011,2730,0021100685,2012-03-21 00:00:00,ORL vs. PHX,W,35,11,16,0.688,0,0,0.0,6,10,0.6,6,10,16,0,0,3,2,0,28,14,0,2011-12,Regular Season,2730,Dwight Howard
22011,2730,0021100701,2012-03-23 00:00:00,ORL vs. CLE,W,31,7,8,0.875,0,0,0.0,2,6,0.333,3,10,13,1,2,2,3,4,16,12,0,2011-12,Regular Season,2730,Dwight Howard
22011,2730,0021100727,2012-03-26 00:00:00,ORL @ TOR,W,37,8,14,0.571,0,0,0.0,7,10,0.7,4,6,10,3,2,2,3,2,23,17,0,2011-12,Regular Season,2730,Dwight Howard
22011,2730,0021100744,2012-03-28 00:00:00,ORL @ NYK,L,28,4,7,0.571,0,0,0.0,4,6,0.667,1,4,5,2,2,0,6,4,12,-31,0,2011-12,Regular Season,2730,Dwight Howard
22011,2730,0021100762,2012-03-30 00:00:00,ORL vs. DAL,L,44,6,13,0.462,0,0,0.0,7,16,0.438,1,14,15,1,2,1,0,3,19,2,0,2011-12,Regular Season,2730,Dwight Howard
22011,2730,0021100811,2012-04-05 00:00:00,ORL vs. NYK,L,40,4,8,0.5,0,0,0.0,0,3,0.0,3,5,8,1,1,3,5,5,8,-9,0,2011-12,Regular Season,2730,Dwight Howard
22011,2730,0021100828,2012-04-07 00:00:00,ORL @ PHI,W,44,4,14,0.286,0,0,0.0,12,18,0.667,9,13,22,6,1,2,2,3,20,15,0,2011-12,Regular Season,2730,Dwight Howard
