SEASON_ID,Player_ID,Game_ID,GAME_DATE,MATCHUP,WL,MIN,FGM,FGA,FG_PCT,FG3M,FG3A,FG3_PCT,FTM,FTA,FT_PCT,OREB,DREB,REB,AST,STL,BLK,TOV,PF,PTS,PLUS_MINUS,VIDEO_AVAILABLE,SEASON,SEASON_TYPE,PLAYER_ID,PLAYER_NAME
22010,2544,0021000001,2010-10-26,MIA @ BOS,L,43,10,21,0.476,3,6,0.5,8,12,0.667,0,4,4,3,1,2,8,1,31,1,0,2010-11,Regular Season,2544,LeBron James
22010,2544,0021000006,2010-10-27,MIA @ PHI,W,38,5,12,0.417,0,2,0.0,6,6,1.0,0,6,6,7,2,1,9,1,16,6,0,2010-11,Regular Season,2544,LeBron James
22010,2544,0021000025,2010-10-29,MIA vs. ORL,W,30,6,13,0.462,2,3,0.667,1,2,0.5,0,6,6,7,0,0,3,4,15,13,0,2010-11,Regular Season,2544,LeBron James
22010,2544,0021000040,2010-10-31,MIA @ NJN,W,29,5,12,0.417,0,4,0.0,10,12,0.833,0,7,7,7,2,0,5,3,20,18,0,2010-11,Regular Season,2544,LeBron James
22010,2544,0021000050,2010-11-02,MIA vs. MIN,W,32,7,12,0.583,0,2,0.0,6,8,0.75,0,0,0,12,2,1,1,0,20,32,0,2010-11,Regular Season,2544,LeBron James
22010,2544,0021000075,2010-11-05,MIA @ NOH,L,41,6,16,0.375,1,2,0.5,7,8,0.875,0,7,7,10,3,1,3,0,20,-6,0,2010-11,Regular Season,2544,LeBron James
22010,2544,0021000082,2010-11-06,MIA vs. NJN,W,34,9,16,0.563,2,4,0.5,3,5,0.6,0,3,3,9,2,0,4,1,23,11,0,2010-11,Regular Season,2544,LeBron James
22010,2544,0021000103,2010-11-09,MIA vs. UTA,L,47,5,18,0.278,0,1,0.0,10,11,0.909,2,9,11,14,1,3,2,3,20,4,0,2010-11,Regular Season,2544,LeBron James
22010,2544,0021000118,2010-11-11,MIA vs. BOS,L,44,9,21,0.429,0,5,0.0,17,22,0.773,0,10,10,9,3,0,4,3,35,0,0,2010-11,Regular Season,2544,LeBron James
22010,2544,0021000133,2010-11-13,MIA vs. TOR,W,39,8,21,0.381,0,1,0.0,7,11,0.636,1,1,2,11,2,0,3,0,23,11,0,2010-11,Regular Season,2544,LeBron James
22010,2544,0021000158,2010-11-17,MIA vs. PHX,W,23,9,15,0.6,0,2,0.0,2,3,0.667,3,5,8,9,3,0,3,5,20,24,0,2010-11,Regular Season,2544,LeBron James
22010,2544,0021000175,2010-11-19,MIA vs. CHA,W,39,12,25,0.48,2,5,0.4,6,7,0.857,0,2,2,5,2,0,4,1,32,4,0,2010-11,Regular Season,2544,LeBron James
22010,2544,0021000185,2010-11-20,MIA @ MEM,L,42,11,23,0.478,2,4,0.5,5,6,0.833,0,3,3,11,1,0,4,2,29,-1,0,2010-11,Regular Season,2544,LeBron James
22010,2544,0021000196,2010-11-22,MIA vs. IND,L,42,6,14,0.429,2,8,0.25,11,15,0.733,0,5,5,6,1,0,6,3,25,-1,0,2010-11,Regular Season,2544,LeBron James
22010,2544,0021000213,2010-11-24,MIA @ ORL,L,41,9,18,0.5,1,3,0.333,6,8,0.75,1,5,6,4,1,0,3,3,25,-15,0,2010-11,Regular Season,2544,LeBron James
22010,2544,0021000226,2010-11-26,MIA vs. PHI,W,41,5,15,0.333,1,5,0.2,9,11,0.818,1,7,8,6,2,1,2,1,20,11,0,2010-11,Regular Season,2544,LeBron James
22010,2544,0021000239,2010-11-27,MIA @ DAL,L,36,5,19,0.263,0,4,0.0,13,15,0.867,2,6,8,4,1,0,5,3,23,-14,0,2010-11,Regular Season,2544,LeBron James
22010,2544,0021000250,2010-11-29,MIA vs. WAS,W,38,10,18,0.556,1,1,1.0,9,11,0.818,1,5,6,5,1,1,7,3,30,3,0,2010-11,Regular Season,2544,LeBron James
22010,2544,0021000265,2010-12-01,MIA vs. DET,W,31,8,15,0.533,1,1,1.0,1,2,0.5,2,4,6,3,1,0,4,0,18,17,0,2010-11,Regular Season,2544,LeBron James
22010,2544,0021000273,2010-12-02,MIA @ CLE,W,30,15,25,0.6,2,7,0.286,6,9,0.667,0,5,5,8,1,1,0,1,38,26,0,2010-11,Regular Season,2544,LeBron James
22010,2544,0021000288,2010-12-04,MIA vs. ATL,W,37,5,11,0.455,1,1,1.0,11,13,0.846,0,7,7,4,1,1,2,1,22,5,0,2010-11,Regular Season,2544,LeBron James
22010,2544,0021000306,2010-12-06,MIA @ MIL,W,39,7,16,0.438,1,3,0.333,2,4,0.5,0,6,6,6,1,1,1,5,17,17,0,2010-11,Regular Season,2544,LeBron James
22010,2544,0021000324,2010-12-08,MIA @ UTA,W,39,12,20,0.6,3,5,0.6,6,7,0.857,1,6,7,9,0,0,2,4,33,0,0,2010-11,Regular Season,2544,LeBron James
22010,2544,0021000340,2010-12-10,MIA @ GSW,W,31,10,18,0.556,3,4,0.75,2,3,0.667,0,7,7,9,1,1,4,1,25,22,0,2010-11,Regular Season,2544,LeBron James
22010,2544,0021000348,2010-12-11,MIA @ SAC,W,35,10,19,0.526,2,3,0.667,3,5,0.6,1,9,10,3,2,0,3,1,25,15,0,2010-11,Regular Season,2544,LeBron James
22010,2544,0021000355,2010-12-13,MIA vs. NOH,W,40,6,16,0.375,0,3,0.0,8,10,0.8,1,3,4,7,0,0,5,2,20,11,0,2010-11,Regular Season,2544,LeBron James
22010,2544,0021000371,2010-12-15,MIA vs. CLE,W,39,5,15,0.333,0,4,0.0,11,18,0.611,2,11,13,5,1,0,4,1,21,0,0,2010-11,Regular Season,2544,LeBron James
22010,2544,0021000382,2010-12-17,MIA @ NYK,W,38,14,23,0.609,3,6,0.5,1,3,0.333,1,10,11,10,1,0,5,1,32,31,0,2010-11,Regular Season,2544,LeBron James
22010,2544,0021000393,2010-12-18,MIA @ WAS,W,41,9,19,0.474,3,7,0.429,11,12,0.917,1,6,7,6,1,0,4,3,32,6,0,2010-11,Regular Season,2544,LeBron James
22010,2544,0021000410,2010-12-20,MIA vs. DAL,L,36,6,17,0.353,2,4,0.5,5,7,0.714,3,7,10,7,0,0,5,4,19,-20,0,2010-11,Regular Season,2544,LeBron James
22010,2544,0021000432,2010-12-23,MIA @ PHX,W,37,13,22,0.591,2,5,0.4,8,8,1.0,1,5,6,4,3,0,5,5,36,4,0,2010-11,Regular Season,2544,LeBron James
22010,2544,0021000435,2010-12-25,MIA @ LAL,W,38,8,14,0.571,5,6,0.833,6,6,1.0,1,10,11,10,4,0,1,2,27,15,0,2010-11,Regular Season,2544,LeBron James
22010,2544,0021000457,2010-12-28,MIA vs. NYK,W,40,8,17,0.471,1,2,0.5,1,3,0.333,0,10,10,8,0,0,3,3,18,17,0,2010-11,Regular Season,2544,LeBron James
22010,2544,0021000469,2010-12-29,MIA @ HOU,W,39,8,15,0.533,0,4,0.0,4,4,1.0,0,6,6,9,1,0,3,3,20,16,0,2010-11,Regular Season,2544,LeBron James
22010,2544,0021000486,2011-01-01,MIA vs. GSW,W,42,7,15,0.467,0,3,0.0,11,17,0.647,2,5,7,10,1,1,3,1,25,6,0,2010-11,Regular Season,2544,LeBron James
22010,2544,0021000499,2011-01-03,MIA @ CHA,W,37,15,26,0.577,2,4,0.5,6,6,1.0,0,9,9,5,1,0,3,3,38,20,0,2010-11,Regular Season,2544,LeBron James
22010,2544,0021000505,2011-01-04,MIA vs. MIL,W,37,8,15,0.533,0,0,0.0,9,11,0.818,1,5,6,9,0,2,2,2,25,10,0,2010-11,Regular Season,2544,LeBron James
22010,2544,0021000532,2011-01-07,MIA @ MIL,W,45,8,23,0.348,1,4,0.25,9,11,0.818,1,9,10,5,6,1,5,2,26,7,0,2010-11,Regular Season,2544,LeBron James
22010,2544,0021000549,2011-01-09,MIA @ POR,W,46,17,26,0.654,3,5,0.6,7,10,0.7,3,10,13,6,2,0,6,4,44,5,0,2010-11,Regular Season,2544,LeBron James
22010,2544,0021000572,2011-01-12,MIA @ LAC,L,40,11,24,0.458,3,6,0.5,2,5,0.4,2,6,8,6,0,0,3,1,27,-3,0,2010-11,Regular Season,2544,LeBron James
22010,2544,0021000611,2011-01-18,MIA vs. ATL,L,44,11,30,0.367,2,10,0.2,10,11,0.909,2,8,10,7,2,0,6,3,34,-5,0,2010-11,Regular Season,2544,LeBron James
22010,2544,0021000643,2011-01-22,MIA vs. TOR,W,38,14,29,0.483,1,3,0.333,9,14,0.643,1,10,11,6,2,1,1,2,38,13,0,2010-11,Regular Season,2544,LeBron James
22010,2544,0021000678,2011-01-27,MIA @ NYK,L,43,7,24,0.292,0,2,0.0,10,12,0.833,2,9,11,5,2,2,4,3,24,5,0,2010-11,Regular Season,2544,LeBron James
22010,2544,0021000686,2011-01-28,MIA vs. DET,W,44,15,25,0.6,2,4,0.5,7,10,0.7,0,8,8,9,1,2,3,1,39,4,0,2010-11,Regular Season,2544,LeBron James
22010,2544,0021000701,2011-01-30,MIA @ OKC,W,40,7,14,0.5,2,5,0.4,7,11,0.636,0,4,4,13,4,3,4,3,23,6,0,2010-11,Regular Season,2544,LeBron James
22010,2544,0021000710,2011-01-31,MIA vs. CLE,W,31,7,14,0.5,0,0,0.0,10,11,0.909,1,3,4,8,0,2,2,1,24,20,0,2010-11,Regular Season,2544,LeBron James
22010,2544,0021000730,2011-02-03,MIA @ ORL,W,43,17,25,0.68,3,5,0.6,14,17,0.824,2,9,11,8,1,1,3,2,51,2,0,2010-11,Regular Season,2544,LeBron James
22010,2544,0021000733,2011-02-04,MIA @ CHA,W,37,7,13,0.538,0,3,0.0,5,6,0.833,1,7,8,9,0,0,3,3,19,10,0,2010-11,Regular Season,2544,LeBron James
22010,2544,0021000754,2011-02-06,MIA vs. LAC,W,36,6,15,0.4,0,2,0.0,0,2,0.0,1,5,6,4,4,0,6,2,12,15,0,2010-11,Regular Season,2544,LeBron James
22010,2544,0021000769,2011-02-08,MIA vs. IND,W,42,15,23,0.652,2,5,0.4,9,13,0.692,3,10,13,8,3,1,4,1,41,18,0,2010-11,Regular Season,2544,LeBron James
22010,2544,0021000792,2011-02-11,MIA @ DET,W,35,7,17,0.412,0,2,0.0,2,3,0.667,0,8,8,10,4,0,3,0,16,15,0,2010-11,Regular Season,2544,LeBron James
22010,2544,0021000804,2011-02-13,MIA @ BOS,L,43,10,21,0.476,0,2,0.0,2,3,0.667,1,6,7,7,1,0,4,2,22,1,0,2010-11,Regular Season,2544,LeBron James
22010,2544,0021000818,2011-02-15,MIA @ IND,W,41,11,20,0.55,1,3,0.333,4,6,0.667,1,5,6,5,2,2,5,1,27,9,0,2010-11,Regular Season,2544,LeBron James
22010,2544,0021000825,2011-02-16,MIA @ TOR,W,38,8,18,0.444,0,2,0.0,7,10,0.7,3,10,13,8,0,0,5,1,23,6,0,2010-11,Regular Season,2544,LeBron James
22010,2544,0021000841,2011-02-22,MIA vs. SAC,W,30,14,26,0.538,3,6,0.5,0,3,0.0,2,6,8,3,0,0,3,4,31,18,0,2010-11,Regular Season,2544,LeBron James
22010,2544,0021000859,2011-02-24,MIA @ CHI,L,41,12,21,0.571,0,4,0.0,5,6,0.833,0,10,10,5,2,1,2,1,29,3,0,2010-11,Regular Season,2544,LeBron James
22010,2544,0021000866,2011-02-25,MIA vs. WAS,W,43,5,11,0.455,0,1,0.0,15,19,0.789,1,8,9,7,1,3,1,2,25,-4,0,2010-11,Regular Season,2544,LeBron James
22010,2544,0021000887,2011-02-27,MIA vs. NYK,L,39,10,20,0.5,1,5,0.2,6,8,0.75,0,7,7,5,3,1,5,2,27,-3,0,2010-11,Regular Season,2544,LeBron James
22010,2544,0021000912,2011-03-03,MIA vs. ORL,L,40,11,16,0.688,0,2,0.0,7,7,1.0,2,4,6,4,0,2,2,2,29,0,0,2010-11,Regular Season,2544,LeBron James
22010,2544,0021000923,2011-03-04,MIA @ SAS,L,36,11,19,0.579,1,3,0.333,3,7,0.429,3,5,8,7,1,0,4,2,26,-16,0,2010-11,Regular Season,2544,LeBron James
22010,2544,0021000931,2011-03-06,MIA vs. CHI,L,42,10,18,0.556,1,2,0.5,5,6,0.833,3,5,8,6,2,0,2,2,26,-4,0,2010-11,Regular Season,2544,LeBron James
22010,2544,0021000951,2011-03-08,MIA vs. POR,L,46,14,20,0.7,2,4,0.5,1,4,0.25,1,10,11,8,1,0,4,3,31,-2,0,2010-11,Regular Season,2544,LeBron James
22010,2544,0021000964,2011-03-10,MIA vs. LAL,W,42,7,17,0.412,0,3,0.0,5,7,0.714,1,7,8,9,1,0,1,1,19,8,0,2010-11,Regular Season,2544,LeBron James
22010,2544,0021000976,2011-03-12,MIA vs. MEM,W,32,10,16,0.625,2,4,0.5,5,6,0.833,1,4,5,5,1,2,3,1,27,17,0,2010-11,Regular Season,2544,LeBron James
22010,2544,0021000993,2011-03-14,MIA vs. SAS,W,42,8,19,0.421,0,1,0.0,5,5,1.0,0,6,6,8,0,2,2,3,21,22,0,2010-11,Regular Season,2544,LeBron James
22010,2544,0021001006,2011-03-16,MIA vs. OKC,L,39,8,21,0.381,0,3,0.0,3,3,1.0,0,8,8,3,1,1,1,0,19,-6,0,2010-11,Regular Season,2544,LeBron James
22010,2544,0021001020,2011-03-18,MIA @ ATL,W,31,16,21,0.762,5,7,0.714,6,7,0.857,0,2,2,3,0,0,4,2,43,23,0,2010-11,Regular Season,2544,LeBron James
22010,2544,0021001030,2011-03-19,MIA vs. DEN,W,41,15,25,0.6,1,4,0.25,2,2,1.0,0,6,6,2,2,0,5,3,33,16,0,2010-11,Regular Season,2544,LeBron James
22010,2544,0021001058,2011-03-23,MIA @ DET,W,42,8,16,0.5,0,3,0.0,3,4,0.75,3,5,8,7,0,0,3,3,19,6,0,2010-11,Regular Season,2544,LeBron James
22010,2544,0021001072,2011-03-25,MIA vs. PHI,W,41,11,17,0.647,1,4,0.25,9,9,1.0,2,8,10,2,3,1,4,3,32,17,0,2010-11,Regular Season,2544,LeBron James
22010,2544,0021001089,2011-03-27,MIA vs. HOU,W,40,13,21,0.619,0,1,0.0,7,9,0.778,1,9,10,7,0,0,2,1,33,5,0,2010-11,Regular Season,2544,LeBron James
22010,2544,0021001101,2011-03-29,MIA @ CLE,L,43,10,21,0.476,1,5,0.2,6,10,0.6,0,10,10,12,0,0,3,3,27,-9,0,2010-11,Regular Season,2544,LeBron James
22010,2544,0021001110,2011-03-30,MIA @ WAS,W,44,12,16,0.75,1,3,0.333,10,13,0.769,1,7,8,8,5,0,5,3,35,20,0,2010-11,Regular Season,2544,LeBron James
22010,2544,0021001126,2011-04-01,MIA @ MIN,W,43,11,20,0.55,0,1,0.0,5,7,0.714,2,4,6,10,3,1,3,2,27,15,0,2010-11,Regular Season,2544,LeBron James
22010,2544,0021001142,2011-04-03,MIA @ NJN,W,39,13,18,0.722,0,2,0.0,5,8,0.625,2,9,11,7,3,0,7,2,31,13,0,2010-11,Regular Season,2544,LeBron James
22010,2544,0021001164,2011-04-06,MIA vs. MIL,L,39,10,22,0.455,3,7,0.429,6,8,0.75,1,1,2,8,2,2,4,2,29,-10,0,2010-11,Regular Season,2544,LeBron James
22010,2544,0021001182,2011-04-08,MIA vs. CHA,W,37,9,16,0.563,0,1,0.0,5,6,0.833,1,6,7,9,2,1,1,2,23,12,0,2010-11,Regular Season,2544,LeBron James
22010,2544,0021001194,2011-04-10,MIA vs. BOS,W,37,11,19,0.579,0,2,0.0,5,9,0.556,0,5,5,7,4,1,4,1,27,24,0,2010-11,Regular Season,2544,LeBron James
22010,2544,0021001202,2011-04-11,MIA @ ATL,W,43,10,21,0.476,2,4,0.5,12,14,0.857,1,9,10,7,3,0,7,1,34,7,0,2010-11,Regular Season,2544,LeBron James
42010,2544,0041000111,2011-04-16,MIA vs. PHI,W,43,4,14,0.286,0,2,0.0,13,14,0.929,4,10,14,5,1,3,2,3,21,4,0,2010-11,Playoffs,2544,LeBron James
42010,2544,0041000112,2011-04-18,MIA vs. PHI,W,39,10,19,0.526,1,1,1.0,8,10,0.8,1,6,7,6,0,0,0,1,29,24,0,2010-11,Playoffs,2544,LeBron James
42010,2544,0041000113,2011-04-21,MIA @ PHI,W,44,8,15,0.533,1,4,0.25,7,10,0.7,1,14,15,6,1,0,1,1,24,8,0,2010-11,Playoffs,2544,LeBron James
42010,2544,0041000114,2011-04-24,MIA @ PHI,L,44,11,20,0.55,0,4,0.0,9,11,0.818,2,5,7,6,1,1,1,2,31,-4,0,2010-11,Playoffs,2544,LeBron James
42010,2544,0041000115,2011-04-27,MIA vs. PHI,W,42,5,13,0.385,2,5,0.4,4,5,0.8,3,7,10,8,1,0,3,2,16,5,0,2010-11,Playoffs,2544,LeBron James
42010,2544,0041000211,2011-05-01,MIA vs. BOS,W,40,8,19,0.421,1,3,0.333,5,9,0.556,1,5,6,5,2,2,3,2,22,1,0,2010-11,Playoffs,2544,LeBron James
42010,2544,0041000212,2011-05-03,MIA vs. BOS,W,44,14,25,0.56,2,4,0.5,5,8,0.625,2,5,7,2,1,1,0,3,35,10,0,2010-11,Playoffs,2544,LeBron James
42010,2544,0041000213,2011-05-07,MIA @ BOS,L,43,6,16,0.375,0,3,0.0,3,7,0.429,2,5,7,4,2,5,4,3,15,-21,0,2010-11,Playoffs,2544,LeBron James
42010,2544,0041000214,2011-05-09,MIA @ BOS,W,50,12,28,0.429,2,6,0.333,9,9,1.0,3,11,14,3,3,0,5,3,35,7,0,2010-11,Playoffs,2544,LeBron James
42010,2544,0041000215,2011-05-11,MIA vs. BOS,W,46,11,20,0.55,5,7,0.714,6,9,0.667,2,5,7,4,1,1,5,1,33,14,0,2010-11,Playoffs,2544,LeBron James
42010,2544,0041000301,2011-05-15,MIA @ CHI,L,41,5,15,0.333,1,3,0.333,4,4,1.0,1,5,6,6,2,3,4,2,15,-14,0,2010-11,Playoffs,2544,LeBron James
42010,2544,0041000302,2011-05-18,MIA @ CHI,W,46,12,21,0.571,2,6,0.333,3,7,0.429,3,7,10,5,3,0,5,3,29,8,0,2010-11,Playoffs,2544,LeBron James
42010,2544,0041000303,2011-05-22,MIA vs. CHI,W,44,6,13,0.462,1,2,0.5,9,9,1.0,1,5,6,10,2,2,0,4,22,16,0,2010-11,Playoffs,2544,LeBron James
42010,2544,0041000304,2011-05-24,MIA vs. CHI,W,49,11,26,0.423,0,1,0.0,13,13,1.0,2,4,6,6,2,2,5,4,35,-1,0,2010-11,Playoffs,2544,LeBron James
42010,2544,0041000305,2011-05-26,MIA @ CHI,W,46,8,19,0.421,3,6,0.5,9,11,0.818,0,11,11,6,3,2,4,2,28,8,0,2010-11,Playoffs,2544,LeBron James
42010,2544,0041000401,2011-05-31,MIA vs. DAL,W,45,9,16,0.563,4,5,0.8,2,2,1.0,0,9,9,5,1,0,1,4,24,9,0,2010-11,Playoffs,2544,LeBron James
42010,2544,0041000402,2011-06-02,MIA vs. DAL,L,40,8,15,0.533,2,7,0.286,2,4,0.5,1,7,8,4,4,1,5,4,20,-5,0,2010-11,Playoffs,2544,LeBron James
42010,2544,0041000403,2011-06-05,MIA @ DAL,W,45,6,14,0.429,1,4,0.25,4,4,1.0,0,3,3,9,2,0,4,3,17,1,0,2010-11,Playoffs,2544,LeBron James
42010,2544,0041000404,2011-06-07,MIA @ DAL,L,46,3,11,0.273,0,3,0.0,2,4,0.5,3,6,9,7,2,0,4,4,8,-6,0,2010-11,Playoffs,2544,LeBron James
42010,2544,0041000405,2011-06-09,MIA @ DAL,L,46,8,19,0.421,0,4,0.0,1,2,0.5,1,9,10,10,0,1,4,3,17,-11,0,2010-11,Playoffs,2544,LeBron James
42010,2544,0041000406,2011-06-12,MIA vs. DAL,L,40,9,15,0.6,2,5,0.4,1,4,0.25,1,3,4,6,1,1,6,2,21,-24,0,2010-11,Playoffs,2544,LeBron James
22010,977,0021000003,2010-10-26,LAL vs. HOU,W,37,8,20,0.4,0,3,0.0,11,12,0.917,0,5,5,7,1,0,1,1,27,-8,0,2010-11,Regular Season,977,Kobe Bryant
22010,977,0021000030,2010-10-29,LAL @ PHX,W,34,9,19,0.474,2,5,0.4,5,5,1.0,1,6,7,3,0,0,3,1,25,9,0,2010-11,Regular Season,977,Kobe Bryant
22010,977,0021000043,2010-10-31,LAL vs. GSW,W,27,8,16,0.5,1,4,0.25,3,4,0.75,2,5,7,2,0,0,4,1,20,21,0,2010-11,Regular Season,977,Kobe Bryant
22010,977,0021000053,2010-11-02,LAL vs. MEM,W,26,7,13,0.538,3,5,0.6,6,8,0.75,1,4,5,1,1,0,2,2,23,6,0,2010-11,Regular Season,977,Kobe Bryant
22010,977,0021000065,2010-11-03,LAL @ SAC,W,36,9,22,0.409,3,6,0.5,9,10,0.9,1,9,10,12,1,0,1,2,30,22,0,2010-11,Regular Season,977,Kobe Bryant
22010,977,0021000079,2010-11-05,LAL vs. TOR,W,34,6,12,0.5,0,3,0.0,11,12,0.917,0,4,4,6,3,1,3,2,23,1,0,2010-11,Regular Season,977,Kobe Bryant
22010,977,0021000094,2010-11-07,LAL vs. POR,W,25,3,11,0.273,0,2,0.0,6,7,0.857,0,2,2,1,0,1,3,4,12,18,0,2010-11,Regular Season,977,Kobe Bryant
22010,977,0021000107,2010-11-09,LAL vs. MIN,W,35,12,28,0.429,2,5,0.4,7,8,0.875,2,4,6,2,2,0,4,2,33,1,0,2010-11,Regular Season,977,Kobe Bryant
22010,977,0021000120,2010-11-11,LAL @ DEN,L,41,11,32,0.344,3,10,0.3,9,13,0.692,1,2,3,5,1,0,2,4,34,4,0,2010-11,Regular Season,977,Kobe Bryant
22010,977,0021000143,2010-11-14,LAL vs. PHX,L,38,11,20,0.55,1,4,0.25,2,2,1.0,2,7,9,14,1,0,8,3,25,-8,0,2010-11,Regular Season,977,Kobe Bryant
22010,977,0021000155,2010-11-16,LAL @ MIL,W,33,10,23,0.435,0,4,0.0,11,11,1.0,0,7,7,3,1,0,3,2,31,3,0,2010-11,Regular Season,977,Kobe Bryant
22010,977,0021000161,2010-11-17,LAL @ DET,W,32,11,20,0.55,3,6,0.5,8,8,1.0,1,8,9,4,2,0,3,1,33,24,0,2010-11,Regular Season,977,Kobe Bryant
22010,977,0021000176,2010-11-19,LAL @ MIN,W,31,8,27,0.296,1,4,0.25,6,7,0.857,1,7,8,2,1,1,4,1,23,8,0,2010-11,Regular Season,977,Kobe Bryant
22010,977,0021000194,2010-11-21,LAL vs. GSW,W,27,7,16,0.438,0,2,0.0,6,6,1.0,3,3,6,5,0,0,0,3,20,21,0,2010-11,Regular Season,977,Kobe Bryant
22010,977,0021000208,2010-11-23,LAL vs. CHI,W,37,8,18,0.444,1,2,0.5,3,3,1.0,0,2,2,5,1,0,4,1,20,3,0,2010-11,Regular Season,977,Kobe Bryant
22010,977,0021000231,2010-11-26,LAL @ UTA,L,34,10,21,0.476,3,5,0.6,8,9,0.889,1,2,3,3,1,0,3,2,31,1,0,2010-11,Regular Season,977,Kobe Bryant
22010,977,0021000249,2010-11-28,LAL vs. IND,L,40,14,33,0.424,3,8,0.375,10,13,0.769,2,3,5,4,0,0,3,2,41,-1,0,2010-11,Regular Season,977,Kobe Bryant
22010,977,0021000258,2010-11-30,LAL @ MEM,L,37,9,25,0.36,1,6,0.167,10,12,0.833,4,3,7,5,1,0,3,2,29,1,0,2010-11,Regular Season,977,Kobe Bryant
22010,977,0021000269,2010-12-01,LAL @ HOU,L,31,10,24,0.417,0,3,0.0,7,7,1.0,2,2,4,4,4,0,2,4,27,-20,0,2010-11,Regular Season,977,Kobe Bryant
22010,977,0021000287,2010-12-03,LAL vs. SAC,W,27,9,18,0.5,0,0,0.0,4,8,0.5,1,2,3,4,2,0,1,1,22,19,0,2010-11,Regular Season,977,Kobe Bryant
22010,977,0021000315,2010-12-07,LAL vs. WAS,W,35,12,23,0.522,1,6,0.167,7,9,0.778,3,2,5,3,2,0,4,2,32,20,0,2010-11,Regular Season,977,Kobe Bryant
22010,977,0021000326,2010-12-08,LAL @ LAC,W,31,9,15,0.6,1,2,0.5,5,7,0.714,0,2,2,4,1,0,4,0,24,-3,0,2010-11,Regular Season,977,Kobe Bryant
22010,977,0021000333,2010-12-10,LAL @ CHI,L,38,9,23,0.391,1,4,0.25,4,6,0.667,0,5,5,7,3,1,1,3,23,-5,0,2010-11,Regular Season,977,Kobe Bryant
22010,977,0021000351,2010-12-12,LAL @ NJN,W,35,9,19,0.474,3,6,0.5,11,13,0.846,0,4,4,6,4,0,6,3,32,5,0,2010-11,Regular Season,977,Kobe Bryant
22010,977,0021000362,2010-12-14,LAL @ WAS,W,24,7,13,0.538,4,6,0.667,6,10,0.6,0,5,5,4,1,0,1,3,24,6,0,2010-11,Regular Season,977,Kobe Bryant
22010,977,0021000367,2010-12-15,LAL @ IND,W,34,11,18,0.611,4,8,0.5,5,5,1.0,0,3,3,6,0,0,0,3,31,16,0,2010-11,Regular Season,977,Kobe Bryant
22010,977,0021000383,2010-12-17,LAL @ PHI,W,36,3,11,0.273,0,3,0.0,3,3,1.0,0,4,4,4,2,0,3,1,9,-1,0,2010-11,Regular Season,977,Kobe Bryant
22010,977,0021000402,2010-12-19,LAL @ TOR,W,28,6,12,0.5,0,2,0.0,8,9,0.889,1,2,3,4,0,0,2,3,20,3,0,2010-11,Regular Season,977,Kobe Bryant
22010,977,0021000420,2010-12-21,LAL vs. MIL,L,32,9,16,0.563,0,2,0.0,3,3,1.0,1,2,3,2,1,0,4,1,21,-22,0,2010-11,Regular Season,977,Kobe Bryant
22010,977,0021000435,2010-12-25,LAL vs. MIA,L,40,6,16,0.375,1,3,0.333,4,5,0.8,1,5,6,7,1,0,4,5,17,-21,0,2010-11,Regular Season,977,Kobe Bryant
22010,977,0021000460,2010-12-28,LAL @ SAS,L,31,8,27,0.296,3,7,0.429,2,2,1.0,1,4,5,1,1,0,5,2,21,-15,0,2010-11,Regular Season,977,Kobe Bryant
22010,977,0021000467,2010-12-29,LAL @ NOH,W,28,8,14,0.571,0,3,0.0,4,7,0.571,0,3,3,4,2,0,7,5,20,9,0,2010-11,Regular Season,977,Kobe Bryant
22010,977,0021000483,2010-12-31,LAL vs. PHI,W,35,13,24,0.542,1,3,0.333,6,8,0.75,1,3,4,2,2,0,4,1,33,11,0,2010-11,Regular Season,977,Kobe Bryant
22010,977,0021000498,2011-01-02,LAL vs. MEM,L,31,10,22,0.455,1,7,0.143,7,8,0.875,0,2,2,2,2,0,3,2,28,-10,0,2010-11,Regular Season,977,Kobe Bryant
22010,977,0021000511,2011-01-04,LAL vs. DET,W,30,6,18,0.333,0,1,0.0,5,8,0.625,2,5,7,8,1,0,1,3,17,15,0,2010-11,Regular Season,977,Kobe Bryant
22010,977,0021000521,2011-01-05,LAL @ PHX,W,36,9,17,0.529,2,6,0.333,4,6,0.667,2,5,7,5,1,0,3,0,24,4,0,2010-11,Regular Season,977,Kobe Bryant
22010,977,0021000535,2011-01-07,LAL vs. NOH,W,39,10,19,0.526,1,4,0.25,4,5,0.8,0,1,1,4,1,0,0,2,25,1,0,2010-11,Regular Season,977,Kobe Bryant
22010,977,0021000550,2011-01-09,LAL vs. NYK,W,36,10,28,0.357,3,6,0.5,4,4,1.0,0,10,10,5,0,0,4,2,27,26,0,2010-11,Regular Season,977,Kobe Bryant
22010,977,0021000560,2011-01-11,LAL vs. CLE,W,25,5,10,0.5,1,2,0.5,2,2,1.0,0,5,5,8,2,0,0,2,13,46,0,2010-11,Regular Season,977,Kobe Bryant
22010,977,0021000571,2011-01-12,LAL @ GSW,W,36,13,21,0.619,2,5,0.4,11,11,1.0,1,5,6,4,3,0,6,1,39,-2,0,2010-11,Regular Season,977,Kobe Bryant
22010,977,0021000586,2011-01-14,LAL vs. NJN,W,36,10,19,0.526,0,1,0.0,7,9,0.778,1,3,4,4,0,0,0,2,27,13,0,2010-11,Regular Season,977,Kobe Bryant
22010,977,0021000596,2011-01-16,LAL @ LAC,L,37,8,17,0.471,1,7,0.143,10,13,0.769,2,7,9,5,2,0,3,0,27,-19,0,2010-11,Regular Season,977,Kobe Bryant
22010,977,0021000610,2011-01-17,LAL vs. OKC,W,33,7,12,0.583,1,1,1.0,6,11,0.545,3,2,5,7,1,0,5,2,21,11,0,2010-11,Regular Season,977,Kobe Bryant
22010,977,0021000621,2011-01-19,LAL @ DAL,L,36,10,18,0.556,0,2,0.0,1,2,0.5,1,3,4,10,0,0,3,1,21,-3,0,2010-11,Regular Season,977,Kobe Bryant
22010,977,0021000637,2011-01-21,LAL @ DEN,W,33,8,15,0.533,0,2,0.0,2,3,0.667,1,5,6,7,1,0,1,1,18,-2,0,2010-11,Regular Season,977,Kobe Bryant
22010,977,0021000667,2011-01-25,LAL vs. UTA,W,26,7,11,0.636,0,2,0.0,7,8,0.875,0,1,1,6,2,0,3,2,21,21,0,2010-11,Regular Season,977,Kobe Bryant
22010,977,0021000692,2011-01-28,LAL vs. SAC,L,39,13,27,0.481,2,8,0.25,10,12,0.833,0,4,4,7,3,0,4,2,38,2,0,2010-11,Regular Season,977,Kobe Bryant
22010,977,0021000702,2011-01-30,LAL vs. BOS,L,38,16,29,0.552,3,5,0.6,6,7,0.857,0,3,3,0,0,0,2,5,41,-9,0,2010-11,Regular Season,977,Kobe Bryant
22010,977,0021000718,2011-02-01,LAL vs. HOU,W,45,13,25,0.52,0,3,0.0,6,7,0.857,1,5,6,11,1,0,4,2,32,2,0,2010-11,Regular Season,977,Kobe Bryant
22010,977,0021000732,2011-02-03,LAL vs. SAS,L,35,5,18,0.278,0,3,0.0,6,6,1.0,2,7,9,10,0,0,3,3,16,-3,0,2010-11,Regular Season,977,Kobe Bryant
22010,977,0021000748,2011-02-05,LAL @ NOH,W,43,10,22,0.455,4,5,0.8,8,8,1.0,2,7,9,5,0,1,1,3,32,11,0,2010-11,Regular Season,977,Kobe Bryant
22010,977,0021000759,2011-02-07,LAL @ MEM,W,38,6,17,0.353,0,1,0.0,7,7,1.0,1,6,7,6,2,0,6,1,19,-4,0,2010-11,Regular Season,977,Kobe Bryant
22010,977,0021000783,2011-02-10,LAL @ BOS,W,38,9,17,0.529,0,1,0.0,5,6,0.833,1,4,5,4,0,1,3,3,23,12,0,2010-11,Regular Season,977,Kobe Bryant
22010,977,0021000793,2011-02-11,LAL @ NYK,W,29,12,17,0.706,4,7,0.571,5,8,0.625,4,6,10,2,0,0,5,2,33,4,0,2010-11,Regular Season,977,Kobe Bryant
22010,977,0021000805,2011-02-13,LAL @ ORL,L,33,8,18,0.444,1,4,0.25,0,0,0.0,1,3,4,5,1,0,2,0,17,-16,0,2010-11,Regular Season,977,Kobe Bryant
22010,977,0021000812,2011-02-14,LAL @ CHA,L,35,8,20,0.4,1,4,0.25,3,4,0.75,2,3,5,2,0,1,5,5,20,-16,0,2010-11,Regular Season,977,Kobe Bryant
22010,977,0021000827,2011-02-16,LAL @ CLE,L,39,8,24,0.333,1,6,0.167,0,0,0.0,1,11,12,2,0,1,7,4,17,5,0,2010-11,Regular Season,977,Kobe Bryant
22010,977,0021000846,2011-02-22,LAL vs. ATL,W,26,5,11,0.455,2,4,0.5,8,8,1.0,0,3,3,5,2,0,1,3,20,28,0,2010-11,Regular Season,977,Kobe Bryant
22010,977,0021000858,2011-02-23,LAL @ POR,W,45,14,31,0.452,3,6,0.5,6,7,0.857,1,8,9,6,3,0,3,4,37,8,0,2010-11,Regular Season,977,Kobe Bryant
22010,977,0021000871,2011-02-25,LAL vs. LAC,W,27,10,16,0.625,2,5,0.4,2,3,0.667,0,2,2,5,0,0,1,1,24,20,0,2010-11,Regular Season,977,Kobe Bryant
22010,977,0021000880,2011-02-27,LAL @ OKC,W,37,8,22,0.364,1,6,0.167,0,0,0.0,0,2,2,7,1,0,4,3,17,1,0,2010-11,Regular Season,977,Kobe Bryant
22010,977,0021000900,2011-03-01,LAL @ MIN,W,32,8,18,0.444,1,4,0.25,7,8,0.875,0,4,4,3,0,0,3,2,24,4,0,2010-11,Regular Season,977,Kobe Bryant
22010,977,0021000924,2011-03-04,LAL vs. CHA,W,31,10,25,0.4,2,5,0.4,5,6,0.833,0,2,2,3,0,0,3,2,27,14,0,2010-11,Regular Season,977,Kobe Bryant
22010,977,0021000932,2011-03-06,LAL @ SAS,W,31,12,25,0.48,1,3,0.333,1,1,1.0,3,4,7,5,1,0,1,2,26,28,0,2010-11,Regular Season,977,Kobe Bryant
22010,977,0021000947,2011-03-08,LAL @ ATL,W,32,8,18,0.444,1,4,0.25,9,11,0.818,1,5,6,4,1,1,1,0,26,22,0,2010-11,Regular Season,977,Kobe Bryant
22010,977,0021000964,2011-03-10,LAL @ MIA,L,40,8,21,0.381,4,8,0.5,4,5,0.8,0,2,2,2,1,0,3,3,24,4,0,2010-11,Regular Season,977,Kobe Bryant
22010,977,0021000982,2011-03-12,LAL @ DAL,W,33,6,20,0.3,0,3,0.0,4,4,1.0,2,3,5,4,3,0,2,1,16,-2,0,2010-11,Regular Season,977,Kobe Bryant
22010,977,0021000999,2011-03-14,LAL vs. ORL,W,31,7,19,0.368,0,1,0.0,2,2,1.0,1,4,5,4,1,0,1,1,16,7,0,2010-11,Regular Season,977,Kobe Bryant
22010,977,0021001028,2011-03-18,LAL vs. MIN,W,28,6,17,0.353,2,5,0.4,4,5,0.8,0,4,4,5,1,0,4,2,18,13,0,2010-11,Regular Season,977,Kobe Bryant
22010,977,0021001043,2011-03-20,LAL vs. POR,W,33,9,20,0.45,2,7,0.286,2,2,1.0,0,4,4,3,1,1,3,1,22,3,0,2010-11,Regular Season,977,Kobe Bryant
22010,977,0021001053,2011-03-22,LAL vs. PHX,W,48,15,31,0.484,3,5,0.6,9,11,0.818,2,10,12,9,1,0,3,1,42,15,0,2010-11,Regular Season,977,Kobe Bryant
22010,977,0021001080,2011-03-25,LAL vs. LAC,W,35,11,21,0.524,1,5,0.2,14,17,0.824,1,3,4,6,2,0,4,1,37,20,0,2010-11,Regular Season,977,Kobe Bryant
22010,977,0021001094,2011-03-27,LAL vs. NOH,W,36,11,25,0.44,1,6,0.167,7,8,0.875,1,2,3,5,2,0,0,2,30,21,0,2010-11,Regular Season,977,Kobe Bryant
22010,977,0021001119,2011-03-31,LAL vs. DAL,W,30,8,21,0.381,1,5,0.2,11,15,0.733,1,4,5,4,2,0,4,1,28,15,0,2010-11,Regular Season,977,Kobe Bryant
22010,977,0021001132,2011-04-01,LAL @ UTA,W,31,6,14,0.429,2,4,0.5,7,10,0.7,0,5,5,4,0,0,1,1,21,4,0,2010-11,Regular Season,977,Kobe Bryant
22010,977,0021001139,2011-04-03,LAL vs. DEN,L,38,10,27,0.37,0,4,0.0,8,9,0.889,1,3,4,4,3,0,2,1,28,3,0,2010-11,Regular Season,977,Kobe Bryant
22010,977,0021001161,2011-04-05,LAL vs. UTA,L,34,6,18,0.333,2,6,0.333,6,6,1.0,1,2,3,5,0,0,7,5,20,0,0,2010-11,Regular Season,977,Kobe Bryant
22010,977,0021001173,2011-04-06,LAL @ GSW,L,32,10,20,0.5,1,5,0.2,4,6,0.667,0,2,2,2,4,0,3,1,25,2,0,2010-11,Regular Season,977,Kobe Bryant
22010,977,0021001187,2011-04-08,LAL @ POR,L,32,10,25,0.4,4,8,0.5,0,3,0.0,1,1,2,4,0,0,3,2,24,-25,0,2010-11,Regular Season,977,Kobe Bryant
22010,977,0021001201,2011-04-10,LAL vs. OKC,L,31,10,19,0.526,2,4,0.5,9,10,0.9,2,2,4,4,3,1,4,3,31,-12,0,2010-11,Regular Season,977,Kobe Bryant
22010,977,0021001215,2011-04-12,LAL vs. SAS,W,37,8,21,0.381,2,6,0.333,9,9,1.0,2,4,6,4,0,0,4,5,27,10,0,2010-11,Regular Season,977,Kobe Bryant
22010,977,0021001230,2011-04-13,LAL @ SAC,W,38,13,24,0.542,1,2,0.5,9,10,0.9,2,7,9,6,1,1,2,1,36,3,0,2010-11,Regular Season,977,Kobe Bryant
42010,977,0041000151,2011-04-17,LAL vs. NOH,L,42,13,26,0.5,1,2,0.5,7,8,0.875,1,3,4,5,0,1,5,2,34,2,0,2010-11,Playoffs,977,Kobe Bryant
42010,977,0041000152,2011-04-20,LAL vs. NOH,W,35,3,10,0.3,0,2,0.0,5,8,0.625,2,1,3,2,1,0,2,4,11,1,0,2010-11,Playoffs,977,Kobe Bryant
42010,977,0041000153,2011-04-22,LAL @ NOH,W,34,10,20,0.5,4,7,0.571,6,7,0.857,0,6,6,2,3,1,4,2,30,15,0,2010-11,Playoffs,977,Kobe Bryant
42010,977,0041000154,2011-04-24,LAL @ NOH,L,36,5,18,0.278,0,3,0.0,7,9,0.778,1,5,6,8,1,0,2,4,17,-1,0,2010-11,Playoffs,977,Kobe Bryant
42010,977,0041000155,2011-04-26,LAL vs. NOH,W,29,8,13,0.615,0,1,0.0,3,4,0.75,1,1,2,4,1,0,3,3,19,9,0,2010-11,Playoffs,977,Kobe Bryant
42010,977,0041000156,2011-04-28,LAL @ NOH,W,30,6,16,0.375,2,4,0.5,10,10,1.0,1,0,1,2,3,0,4,1,24,15,0,2010-11,Playoffs,977,Kobe Bryant
42010,977,0041000231,2011-05-02,LAL vs. DAL,L,35,14,29,0.483,4,9,0.444,4,5,0.8,0,5,5,0,1,1,3,2,36,6,0,2010-11,Playoffs,977,Kobe Bryant
42010,977,0041000232,2011-05-04,LAL vs. DAL,L,38,9,20,0.45,1,5,0.2,4,5,0.8,0,0,0,3,5,0,1,1,23,-8,0,2010-11,Playoffs,977,Kobe Bryant
42010,977,0041000233,2011-05-06,LAL @ DAL,L,38,8,16,0.5,0,3,0.0,1,1,1.0,1,3,4,6,1,0,2,3,17,-6,0,2010-11,Playoffs,977,Kobe Bryant
42010,977,0041000234,2011-05-08,LAL @ DAL,L,37,7,18,0.389,0,5,0.0,3,4,0.75,1,2,3,1,0,0,5,1,17,-29,0,2010-11,Playoffs,977,Kobe Bryant
22010,1495,0021000013,2010-10-27,SAS vs. IND,W,33,10,12,0.833,0,0,0.0,3,5,0.6,1,11,12,3,3,4,1,2,23,13,0,2010-11,Regular Season,1495,Tim Duncan
22010,1495,0021000039,2010-10-30,SAS vs. NOH,L,27,2,10,0.2,0,0,0.0,3,4,0.75,2,5,7,1,1,0,2,4,7,-3,0,2010-11,Regular Season,1495,Tim Duncan
22010,1495,0021000046,2010-11-01,SAS @ LAC,W,30,7,12,0.583,0,0,0.0,0,0,0.0,0,7,7,2,1,0,4,1,14,1,0,2010-11,Regular Season,1495,Tim Duncan
22010,1495,0021000062,2010-11-03,SAS @ PHX,W,33,11,13,0.846,0,0,0.0,3,3,1.0,4,13,17,2,1,3,6,3,25,10,0,2010-11,Regular Season,1495,Tim Duncan
22010,1495,0021000084,2010-11-06,SAS vs. HOU,W,38,8,15,0.533,0,0,0.0,3,7,0.429,2,9,11,3,1,3,0,1,19,11,0,2010-11,Regular Season,1495,Tim Duncan
22010,1495,0021000095,2010-11-08,SAS @ CHA,W,34,5,12,0.417,0,0,0.0,4,6,0.667,4,6,10,3,1,2,4,3,14,0,0,2010-11,Regular Season,1495,Tim Duncan
22010,1495,0021000116,2010-11-10,SAS vs. LAC,W,22,3,7,0.429,0,0,0.0,0,0,0.0,1,5,6,0,0,3,2,0,6,15,0,2010-11,Regular Season,1495,Tim Duncan
22010,1495,0021000138,2010-11-13,SAS vs. PHI,W,24,2,9,0.222,0,0,0.0,3,3,1.0,1,5,6,5,0,0,2,3,7,28,0,2010-11,Regular Season,1495,Tim Duncan
22010,1495,0021000141,2010-11-14,SAS @ OKC,W,23,2,7,0.286,0,0,0.0,2,4,0.5,1,3,4,1,0,3,0,0,6,5,0,2010-11,Regular Season,1495,Tim Duncan
22010,1495,0021000166,2010-11-17,SAS vs. CHI,W,34,8,19,0.421,0,0,0.0,0,0,0.0,3,15,18,5,1,2,1,0,16,15,0,2010-11,Regular Season,1495,Tim Duncan
22010,1495,0021000178,2010-11-19,SAS @ UTA,W,33,7,16,0.438,0,0,0.0,5,8,0.625,6,8,14,4,0,3,3,1,19,18,0,2010-11,Regular Season,1495,Tim Duncan
22010,1495,0021000187,2010-11-20,SAS vs. CLE,W,17,3,9,0.333,0,0,0.0,2,2,1.0,1,2,3,5,0,1,1,3,8,11,0,2010-11,Regular Season,1495,Tim Duncan
22010,1495,0021000199,2010-11-22,SAS vs. ORL,W,28,6,10,0.6,0,0,0.0,3,4,0.75,1,3,4,2,3,2,1,3,15,8,0,2010-11,Regular Season,1495,Tim Duncan
22010,1495,0021000215,2010-11-24,SAS @ MIN,W,30,3,9,0.333,0,0,0.0,3,4,0.75,7,6,13,3,0,0,2,5,9,1,0,2010-11,Regular Season,1495,Tim Duncan
22010,1495,0021000228,2010-11-26,SAS vs. DAL,L,35,7,12,0.583,0,0,0.0,1,3,0.333,2,6,8,4,1,1,2,1,15,-4,0,2010-11,Regular Season,1495,Tim Duncan
22010,1495,0021000244,2010-11-28,SAS @ NOH,W,28,7,14,0.5,0,0,0.0,7,8,0.875,5,2,7,1,0,2,3,2,21,7,0,2010-11,Regular Season,1495,Tim Duncan
22010,1495,0021000260,2010-11-30,SAS @ GSW,W,33,6,15,0.4,0,0,0.0,3,5,0.6,6,12,18,11,0,2,2,1,15,14,0,2010-11,Regular Season,1495,Tim Duncan
22010,1495,0021000272,2010-12-01,SAS @ LAC,L,31,2,8,0.25,0,0,0.0,4,4,1.0,5,0,5,3,1,1,3,1,8,-13,0,2010-11,Regular Season,1495,Tim Duncan
22010,1495,0021000283,2010-12-03,SAS vs. MIN,W,35,9,14,0.643,0,0,0.0,4,5,0.8,2,8,10,5,3,4,1,2,22,19,0,2010-11,Regular Season,1495,Tim Duncan
22010,1495,0021000298,2010-12-05,SAS vs. NOH,W,19,4,7,0.571,0,0,0.0,3,4,0.75,2,7,9,3,0,2,1,2,11,21,0,2010-11,Regular Season,1495,Tim Duncan
22010,1495,0021000322,2010-12-08,SAS vs. GSW,W,18,4,7,0.571,0,0,0.0,0,0,0.0,1,4,5,2,1,0,1,1,8,9,0,2010-11,Regular Season,1495,Tim Duncan
22010,1495,0021000337,2010-12-10,SAS vs. ATL,W,28,5,11,0.455,0,0,0.0,2,2,1.0,0,4,4,3,0,1,1,2,12,4,0,2010-11,Regular Season,1495,Tim Duncan
22010,1495,0021000353,2010-12-12,SAS vs. POR,W,28,4,10,0.4,0,0,0.0,0,0,0.0,5,8,13,4,0,2,1,0,8,18,0,2010-11,Regular Season,1495,Tim Duncan
22010,1495,0021000375,2010-12-15,SAS vs. MIL,W,31,6,10,0.6,0,0,0.0,1,2,0.5,1,10,11,1,0,7,3,3,13,2,0,2010-11,Regular Season,1495,Tim Duncan
22010,1495,0021000380,2010-12-16,SAS @ DEN,W,33,12,18,0.667,0,0,0.0,4,6,0.667,5,11,16,4,1,4,0,4,28,-3,0,2010-11,Regular Season,1495,Tim Duncan
22010,1495,0021000397,2010-12-18,SAS vs. MEM,W,37,6,13,0.462,0,0,0.0,1,1,1.0,3,7,10,5,1,3,2,1,13,3,0,2010-11,Regular Season,1495,Tim Duncan
22010,1495,0021000411,2010-12-20,SAS vs. PHX,W,31,10,17,0.588,0,0,0.0,0,0,0.0,5,10,15,6,2,3,3,2,20,10,0,2010-11,Regular Season,1495,Tim Duncan
22010,1495,0021000428,2010-12-22,SAS vs. DEN,W,27,3,7,0.429,0,0,0.0,3,4,0.75,4,5,9,2,1,0,2,1,9,-4,0,2010-11,Regular Season,1495,Tim Duncan
22010,1495,0021000430,2010-12-23,SAS @ ORL,L,20,6,12,0.5,0,0,0.0,0,1,0.0,3,3,6,1,0,0,1,1,12,-1,0,2010-11,Regular Season,1495,Tim Duncan
22010,1495,0021000443,2010-12-26,SAS vs. WAS,W,25,2,9,0.222,0,0,0.0,1,2,0.5,0,9,9,4,0,3,2,0,5,5,0,2010-11,Regular Season,1495,Tim Duncan
22010,1495,0021000460,2010-12-28,SAS vs. LAL,W,29,1,7,0.143,0,1,0.0,0,0,0.0,1,3,4,2,0,0,1,1,2,18,0,2010-11,Regular Season,1495,Tim Duncan
22010,1495,0021000474,2010-12-30,SAS @ DAL,W,32,5,9,0.556,0,0,0.0,7,7,1.0,2,9,11,2,0,0,2,1,17,-12,0,2010-11,Regular Season,1495,Tim Duncan
22010,1495,0021000488,2011-01-01,SAS vs. OKC,W,27,10,15,0.667,0,0,0.0,1,3,0.333,3,6,9,1,0,1,2,1,21,16,0,2010-11,Regular Season,1495,Tim Duncan
22010,1495,0021000506,2011-01-04,SAS @ NYK,L,29,5,14,0.357,0,0,0.0,4,4,1.0,2,4,6,1,1,1,3,3,14,-9,0,2010-11,Regular Season,1495,Tim Duncan
22010,1495,0021000516,2011-01-05,SAS @ BOS,L,32,8,15,0.533,0,0,0.0,2,2,1.0,3,2,5,1,0,2,1,1,18,-6,0,2010-11,Regular Season,1495,Tim Duncan
22010,1495,0021000525,2011-01-07,SAS @ IND,W,33,7,14,0.5,0,0,0.0,1,2,0.5,5,10,15,1,0,5,2,1,15,0,0,2010-11,Regular Season,1495,Tim Duncan
22010,1495,0021000546,2011-01-09,SAS vs. MIN,W,33,4,10,0.4,0,0,0.0,0,0,0.0,4,4,8,5,2,2,2,4,8,-9,0,2010-11,Regular Season,1495,Tim Duncan
22010,1495,0021000557,2011-01-11,SAS @ MIN,W,30,7,15,0.467,0,0,0.0,2,4,0.5,1,7,8,2,2,3,0,2,16,16,0,2010-11,Regular Season,1495,Tim Duncan
22010,1495,0021000566,2011-01-12,SAS @ MIL,W,33,7,14,0.5,0,0,0.0,2,2,1.0,2,6,8,1,0,3,0,2,16,-5,0,2010-11,Regular Season,1495,Tim Duncan
22010,1495,0021000581,2011-01-14,SAS vs. DAL,W,24,6,12,0.5,0,0,0.0,4,4,1.0,3,9,12,3,1,2,0,0,16,13,0,2010-11,Regular Season,1495,Tim Duncan
22010,1495,0021000597,2011-01-16,SAS vs. DEN,W,34,3,7,0.429,0,0,0.0,3,4,0.75,0,16,16,4,0,3,3,0,9,21,0,2010-11,Regular Season,1495,Tim Duncan
22010,1495,0021000620,2011-01-19,SAS vs. TOR,W,32,3,7,0.429,0,0,0.0,4,5,0.8,1,11,12,4,0,3,3,1,10,-1,0,2010-11,Regular Season,1495,Tim Duncan
22010,1495,0021000636,2011-01-21,SAS vs. NYK,W,35,8,15,0.533,0,0,0.0,5,6,0.833,5,11,16,8,0,5,2,2,21,18,0,2010-11,Regular Season,1495,Tim Duncan
22010,1495,0021000646,2011-01-22,SAS @ NOH,L,23,2,11,0.182,0,0,0.0,2,2,1.0,0,5,5,3,1,0,0,1,6,-15,0,2010-11,Regular Season,1495,Tim Duncan
22010,1495,0021000662,2011-01-24,SAS @ GSW,W,27,6,12,0.5,0,0,0.0,4,4,1.0,1,6,7,3,2,1,1,0,16,16,0,2010-11,Regular Season,1495,Tim Duncan
22010,1495,0021000676,2011-01-26,SAS @ UTA,W,31,6,13,0.462,0,0,0.0,1,3,0.333,2,5,7,4,1,1,3,4,13,1,0,2010-11,Regular Season,1495,Tim Duncan
22010,1495,0021000698,2011-01-29,SAS vs. HOU,W,27,5,11,0.455,0,0,0.0,2,4,0.5,0,7,7,1,0,0,4,1,12,2,0,2010-11,Regular Season,1495,Tim Duncan
22010,1495,0021000716,2011-02-01,SAS @ POR,L,30,6,9,0.667,0,0,0.0,3,6,0.5,4,3,7,2,0,1,0,2,15,-8,0,2010-11,Regular Season,1495,Tim Duncan
22010,1495,0021000732,2011-02-03,SAS @ LAL,W,33,3,12,0.25,0,0,0.0,2,4,0.5,2,6,8,3,0,2,1,1,8,2,0,2010-11,Regular Season,1495,Tim Duncan
22010,1495,0021000743,2011-02-04,SAS @ SAC,W,13,6,9,0.667,0,0,0.0,0,0,0.0,1,4,5,2,1,0,0,0,12,15,0,2010-11,Regular Season,1495,Tim Duncan
22010,1495,0021000768,2011-02-08,SAS @ DET,W,28,3,10,0.3,0,0,0.0,4,8,0.5,2,8,10,0,0,3,1,2,10,8,0,2010-11,Regular Season,1495,Tim Duncan
22010,1495,0021000777,2011-02-09,SAS @ TOR,W,26,7,11,0.636,0,0,0.0,2,2,1.0,1,6,7,6,1,5,0,0,16,6,0,2010-11,Regular Season,1495,Tim Duncan
22010,1495,0021000789,2011-02-11,SAS @ PHI,L,32,7,18,0.389,0,1,0.0,2,2,1.0,6,7,13,1,1,2,0,1,16,-10,0,2010-11,Regular Season,1495,Tim Duncan
22010,1495,0021000798,2011-02-12,SAS @ WAS,W,12,3,4,0.75,0,0,0.0,0,0,0.0,0,3,3,1,1,1,2,1,6,21,0,2010-11,Regular Season,1495,Tim Duncan
22010,1495,0021000813,2011-02-14,SAS @ NJN,W,26,7,12,0.583,0,0,0.0,1,3,0.333,3,8,11,2,0,3,3,3,15,18,0,2010-11,Regular Season,1495,Tim Duncan
22010,1495,0021000836,2011-02-17,SAS @ CHI,L,33,7,12,0.583,0,0,0.0,0,0,0.0,1,8,9,3,0,1,1,0,14,-1,0,2010-11,Regular Season,1495,Tim Duncan
22010,1495,0021000855,2011-02-23,SAS vs. OKC,W,33,7,15,0.467,0,0,0.0,3,6,0.5,1,9,10,0,0,3,1,3,17,4,0,2010-11,Regular Season,1495,Tim Duncan
22010,1495,0021000869,2011-02-25,SAS vs. NJN,W,32,8,11,0.727,0,0,0.0,1,2,0.5,2,4,6,1,1,2,2,1,17,29,0,2010-11,Regular Season,1495,Tim Duncan
22010,1495,0021000886,2011-02-27,SAS vs. MEM,W,32,3,8,0.375,0,0,0.0,6,6,1.0,0,8,8,3,1,5,2,4,12,-2,0,2010-11,Regular Season,1495,Tim Duncan
22010,1495,0021000898,2011-03-01,SAS @ MEM,L,26,4,10,0.4,0,1,0.0,1,2,0.5,4,4,8,1,0,2,2,1,9,-12,0,2010-11,Regular Season,1495,Tim Duncan
22010,1495,0021000903,2011-03-02,SAS @ CLE,W,23,7,12,0.583,0,0,0.0,2,3,0.667,0,4,4,6,0,3,3,2,16,18,0,2010-11,Regular Season,1495,Tim Duncan
22010,1495,0021000923,2011-03-04,SAS vs. MIA,W,27,5,9,0.556,0,0,0.0,1,2,0.5,2,12,14,0,0,0,2,3,11,20,0,2010-11,Regular Season,1495,Tim Duncan
22010,1495,0021000932,2011-03-06,SAS vs. LAL,L,23,1,7,0.143,0,0,0.0,0,0,0.0,3,4,7,2,0,0,0,0,2,-29,0,2010-11,Regular Season,1495,Tim Duncan
22010,1495,0021000962,2011-03-09,SAS vs. DET,W,31,6,9,0.667,0,0,0.0,3,4,0.75,3,9,12,2,0,1,1,2,15,1,0,2010-11,Regular Season,1495,Tim Duncan
22010,1495,0021000974,2011-03-11,SAS vs. SAC,W,25,5,9,0.556,0,0,0.0,5,6,0.833,0,10,10,0,3,1,1,1,15,16,0,2010-11,Regular Season,1495,Tim Duncan
22010,1495,0021000983,2011-03-12,SAS @ HOU,W,29,3,9,0.333,0,0,0.0,5,6,0.833,0,7,7,3,2,1,0,1,11,7,0,2010-11,Regular Season,1495,Tim Duncan
22010,1495,0021000993,2011-03-14,SAS @ MIA,L,30,6,11,0.545,0,0,0.0,2,4,0.5,2,4,6,1,1,0,1,4,14,-4,0,2010-11,Regular Season,1495,Tim Duncan
22010,1495,0021001023,2011-03-18,SAS @ DAL,W,32,8,13,0.615,0,0,0.0,6,6,1.0,2,6,8,0,2,3,2,1,22,17,0,2010-11,Regular Season,1495,Tim Duncan
22010,1495,0021001049,2011-03-21,SAS vs. GSW,W,4,2,2,1.0,0,0,0.0,0,0,0.0,0,3,3,0,0,1,0,0,4,9,0,2010-11,Regular Season,1495,Tim Duncan
22010,1495,0021001118,2011-03-31,SAS vs. BOS,L,33,8,12,0.667,0,1,0.0,4,5,0.8,2,11,13,3,1,2,5,1,20,-4,0,2010-11,Regular Season,1495,Tim Duncan
22010,1495,0021001128,2011-04-01,SAS @ HOU,L,36,9,16,0.563,0,0,0.0,5,8,0.625,4,9,13,2,1,1,3,5,23,0,0,2010-11,Regular Season,1495,Tim Duncan
22010,1495,0021001138,2011-04-03,SAS vs. PHX,W,18,4,7,0.571,0,0,0.0,0,0,0.0,1,3,4,3,0,1,0,1,8,8,0,2010-11,Regular Season,1495,Tim Duncan
22010,1495,0021001149,2011-04-05,SAS @ ATL,W,34,6,8,0.75,0,0,0.0,5,6,0.833,2,4,6,3,1,0,0,0,17,10,0,2010-11,Regular Season,1495,Tim Duncan
22010,1495,0021001171,2011-04-06,SAS vs. SAC,W,25,4,5,0.8,0,0,0.0,4,4,1.0,1,7,8,4,0,3,1,0,12,22,0,2010-11,Regular Season,1495,Tim Duncan
22010,1495,0021001191,2011-04-09,SAS vs. UTA,W,22,4,9,0.444,0,0,0.0,2,2,1.0,0,3,3,4,0,4,1,0,10,9,0,2010-11,Regular Season,1495,Tim Duncan
22010,1495,0021001229,2011-04-13,SAS @ PHX,L,31,7,14,0.5,0,0,0.0,3,7,0.429,2,10,12,1,0,2,1,1,17,4,0,2010-11,Regular Season,1495,Tim Duncan
42010,1495,0041000141,2011-04-17,SAS vs. MEM,L,36,8,13,0.615,0,0,0.0,0,2,0.0,5,8,13,2,0,2,3,3,16,-2,0,2010-11,Playoffs,1495,Tim Duncan
42010,1495,0041000142,2011-04-20,SAS vs. MEM,W,35,7,12,0.583,0,0,0.0,2,2,1.0,2,8,10,0,1,3,5,6,16,7,0,2010-11,Playoffs,1495,Tim Duncan
42010,1495,0041000143,2011-04-23,SAS @ MEM,L,36,5,11,0.455,0,0,0.0,3,6,0.5,1,10,11,6,0,5,0,3,13,-2,0,2010-11,Playoffs,1495,Tim Duncan
42010,1495,0041000144,2011-04-25,SAS @ MEM,L,29,3,7,0.429,0,0,0.0,0,0,0.0,0,7,7,2,0,1,2,2,6,-13,0,2010-11,Playoffs,1495,Tim Duncan
42010,1495,0041000145,2011-04-27,SAS vs. MEM,W,40,5,13,0.385,0,0,0.0,3,4,0.75,3,9,12,3,1,1,3,0,13,4,0,2010-11,Playoffs,1495,Tim Duncan
42010,1495,0041000146,2011-04-29,SAS @ MEM,L,35,5,13,0.385,0,0,0.0,2,2,1.0,5,5,10,3,1,3,5,3,12,-12,0,2010-11,Playoffs,1495,Tim Duncan
22010,406,0021000001,2010-10-26,BOS vs. MIA,W,18,3,7,0.429,0,0,0.0,3,8,0.375,2,5,7,0,0,1,1,2,9,7,0,2010-11,Regular Season,406,Shaquille O'Neal
22010,406,0021000004,2010-10-27,BOS @ CLE,L,21,3,4,0.75,0,0,0.0,1,2,0.5,0,2,2,3,0,0,2,4,7,-4,0,2010-11,Regular Season,406,Shaquille O'Neal
22010,406,0021000023,2010-10-29,BOS vs. NYK,W,23,5,7,0.714,0,0,0.0,0,0,0.0,3,4,7,0,0,0,1,3,10,2,0,2010-11,Regular Season,406,Shaquille O'Neal
22010,406,0021000118,2010-11-11,BOS @ MIA,W,21,1,4,0.25,0,0,0.0,3,5,0.6,2,5,7,0,1,0,1,5,5,12,0,2010-11,Regular Season,406,Shaquille O'Neal
22010,406,0021000135,2010-11-13,BOS @ MEM,W,22,7,10,0.7,0,0,0.0,4,5,0.8,2,4,6,0,1,1,4,5,18,9,0,2010-11,Regular Season,406,Shaquille O'Neal
22010,406,0021000160,2010-11-17,BOS vs. WAS,W,22,6,7,0.857,0,0,0.0,1,5,0.2,4,2,6,0,0,0,0,2,13,16,0,2010-11,Regular Season,406,Shaquille O'Neal
22010,406,0021000171,2010-11-19,BOS vs. OKC,L,28,5,5,1.0,0,0,0.0,1,2,0.5,0,6,6,1,1,1,2,5,11,3,0,2010-11,Regular Season,406,Shaquille O'Neal
22010,406,0021000191,2010-11-21,BOS @ TOR,L,20,2,8,0.25,0,0,0.0,4,4,1.0,3,2,5,1,0,2,1,6,8,11,0,2010-11,Regular Season,406,Shaquille O'Neal
22010,406,0021000195,2010-11-22,BOS @ ATL,W,21,6,8,0.75,0,0,0.0,1,2,0.5,3,8,11,2,1,0,1,1,13,26,0,2010-11,Regular Season,406,Shaquille O'Neal
22010,406,0021000212,2010-11-24,BOS vs. NJN,W,32,9,10,0.9,0,0,0.0,7,13,0.538,3,8,11,0,1,0,0,5,25,9,0,2010-11,Regular Season,406,Shaquille O'Neal
22010,406,0021000224,2010-11-26,BOS vs. TOR,W,22,5,5,1.0,0,0,0.0,6,8,0.75,2,7,9,1,1,2,1,1,16,20,0,2010-11,Regular Season,406,Shaquille O'Neal
22010,406,0021000254,2010-11-30,BOS @ CLE,W,23,2,5,0.4,0,0,0.0,2,6,0.333,2,5,7,2,1,1,1,2,6,7,0,2010-11,Regular Season,406,Shaquille O'Neal
22010,406,0021000264,2010-12-01,BOS vs. POR,W,26,5,7,0.714,0,0,0.0,4,6,0.667,2,2,4,1,0,1,4,3,14,1,0,2010-11,Regular Season,406,Shaquille O'Neal
22010,406,0021000280,2010-12-03,BOS vs. CHI,W,20,5,6,0.833,0,0,0.0,2,4,0.5,1,4,5,2,0,0,1,6,12,9,0,2010-11,Regular Season,406,Shaquille O'Neal
22010,406,0021000294,2010-12-05,BOS @ NJN,W,12,1,2,0.5,0,0,0.0,1,1,1.0,1,3,4,0,0,0,0,0,3,15,0,2010-11,Regular Season,406,Shaquille O'Neal
22010,406,0021000316,2010-12-08,BOS vs. DEN,W,21,3,4,0.75,0,0,0.0,3,6,0.5,2,4,6,0,0,3,2,3,9,3,0,2010-11,Regular Season,406,Shaquille O'Neal
22010,406,0021000400,2010-12-19,BOS vs. IND,W,21,4,8,0.5,0,0,0.0,3,3,1.0,0,5,5,0,0,0,2,5,11,12,0,2010-11,Regular Season,406,Shaquille O'Neal
22010,406,0021000424,2010-12-22,BOS vs. PHI,W,27,5,8,0.625,0,0,0.0,3,7,0.429,3,6,9,1,1,2,2,3,13,8,0,2010-11,Regular Season,406,Shaquille O'Neal
22010,406,0021000434,2010-12-25,BOS @ ORL,L,13,1,3,0.333,0,0,0.0,0,0,0.0,0,1,1,0,1,1,2,6,2,-13,0,2010-11,Regular Season,406,Shaquille O'Neal
22010,406,0021000456,2010-12-28,BOS @ IND,W,16,2,2,1.0,0,0,0.0,5,6,0.833,0,2,2,0,0,2,4,6,9,-5,0,2010-11,Regular Season,406,Shaquille O'Neal
22010,406,0021000465,2010-12-29,BOS @ DET,L,16,2,5,0.4,0,0,0.0,1,2,0.5,0,1,1,0,0,1,2,0,5,-6,0,2010-11,Regular Season,406,Shaquille O'Neal
22010,406,0021000476,2010-12-31,BOS vs. NOH,L,15,4,5,0.8,0,0,0.0,2,3,0.667,0,1,1,0,0,1,3,4,10,-4,0,2010-11,Regular Season,406,Shaquille O'Neal
22010,406,0021000494,2011-01-02,BOS @ TOR,W,24,3,3,1.0,0,0,0.0,1,5,0.2,0,6,6,0,0,4,1,4,7,13,0,2010-11,Regular Season,406,Shaquille O'Neal
22010,406,0021000501,2011-01-03,BOS vs. MIN,W,30,4,6,0.667,0,0,0.0,1,1,1.0,0,2,2,1,0,1,1,2,9,-1,0,2010-11,Regular Season,406,Shaquille O'Neal
22010,406,0021000516,2011-01-05,BOS vs. SAS,W,21,2,3,0.667,0,0,0.0,0,3,0.0,0,1,1,0,0,1,1,3,4,7,0,2010-11,Regular Season,406,Shaquille O'Neal
22010,406,0021000528,2011-01-07,BOS vs. TOR,W,21,6,9,0.667,0,0,0.0,0,4,0.0,3,3,6,2,0,0,2,2,12,7,0,2010-11,Regular Season,406,Shaquille O'Neal
22010,406,0021000540,2011-01-08,BOS @ CHI,L,20,2,4,0.5,0,0,0.0,1,2,0.5,0,4,4,1,0,2,0,4,5,7,0,2010-11,Regular Season,406,Shaquille O'Neal
22010,406,0021000552,2011-01-10,BOS vs. HOU,L,21,3,3,1.0,0,0,0.0,4,4,1.0,0,2,2,2,0,0,0,1,10,-8,0,2010-11,Regular Season,406,Shaquille O'Neal
22010,406,0021000564,2011-01-12,BOS vs. SAC,W,13,1,2,0.5,0,0,0.0,0,0,0.0,1,0,1,1,1,1,3,4,2,11,0,2010-11,Regular Season,406,Shaquille O'Neal
22010,406,0021000579,2011-01-14,BOS vs. CHA,W,35,10,12,0.833,0,0,0.0,3,3,1.0,2,3,5,2,0,5,3,4,23,19,0,2010-11,Regular Season,406,Shaquille O'Neal
22010,406,0021000608,2011-01-17,BOS vs. ORL,W,26,5,7,0.714,0,0,0.0,2,2,1.0,0,2,2,1,1,2,2,5,12,4,0,2010-11,Regular Season,406,Shaquille O'Neal
22010,406,0021000616,2011-01-19,BOS vs. DET,W,25,5,9,0.556,0,0,0.0,2,5,0.4,5,7,12,0,3,2,0,2,12,-3,0,2010-11,Regular Season,406,Shaquille O'Neal
22010,406,0021000632,2011-01-21,BOS vs. UTA,W,6,1,1,1.0,0,0,0.0,0,0,0.0,0,0,0,1,1,0,0,1,2,7,0,2010-11,Regular Season,406,Shaquille O'Neal
22010,406,0021000690,2011-01-28,BOS @ PHX,L,15,2,4,0.5,0,0,0.0,1,2,0.5,0,4,4,1,1,2,0,3,5,0,0,2010-11,Regular Season,406,Shaquille O'Neal
22010,406,0021000702,2011-01-30,BOS @ LAL,W,13,0,2,0.0,0,0,0.0,0,0,0.0,2,4,6,0,0,2,2,5,0,-4,0,2010-11,Regular Season,406,Shaquille O'Neal
22010,406,0021000717,2011-02-01,BOS @ SAC,W,16,1,3,0.333,0,0,0.0,1,2,0.5,0,4,4,0,0,1,3,3,3,-2,0,2010-11,Regular Season,406,Shaquille O'Neal
22010,406,0021001140,2011-04-03,BOS vs. DET,W,5,3,3,1.0,0,0,0.0,0,0,0.0,0,1,1,0,0,0,1,0,6,-2,0,2010-11,Regular Season,406,Shaquille O'Neal
42010,406,0041000213,2011-05-07,BOS vs. MIA,W,8,1,2,0.5,0,0,0.0,0,2,0.0,0,0,0,1,1,0,0,2,2,2,0,2010-11,Playoffs,406,Shaquille O'Neal
42010,406,0041000214,2011-05-09,BOS vs. MIA,L,4,0,0,0.0,0,0,0.0,0,0,0.0,0,0,0,0,0,0,0,2,0,-2,0,2010-11,Playoffs,406,Shaquille O'Neal
22010,959,0021000002,2010-10-26,PHX @ POR,L,35,10,19,0.526,2,4,0.5,4,5,0.8,0,3,3,6,1,0,9,1,26,-7,0,2010-11,Regular Season,959,Steve Nash
22010,959,0021000018,2010-10-28,PHX @ UTA,W,33,6,10,0.6,2,4,0.5,4,4,1.0,0,3,3,5,2,0,5,1,18,8,0,2010-11,Regular Season,959,Steve Nash
22010,959,0021000030,2010-10-29,PHX vs. LAL,L,29,3,9,0.333,1,2,0.5,1,2,0.5,1,1,2,9,1,0,3,0,8,2,0,2010-11,Regular Season,959,Steve Nash
22010,959,0021000062,2010-11-03,PHX vs. SAS,L,32,8,22,0.364,1,2,0.5,2,2,1.0,2,4,6,7,0,0,4,0,19,3,0,2010-11,Regular Season,959,Steve Nash
22010,959,0021000076,2010-11-05,PHX vs. MEM,W,40,8,18,0.444,2,6,0.333,7,8,0.875,1,2,3,9,1,0,7,3,25,5,0,2010-11,Regular Season,959,Steve Nash
22010,959,0021000090,2010-11-07,PHX @ ATL,W,33,7,11,0.636,1,1,1.0,4,4,1.0,2,3,5,15,0,0,2,0,19,6,0,2010-11,Regular Season,959,Steve Nash
22010,959,0021000099,2010-11-08,PHX @ MEM,L,30,6,11,0.545,2,6,0.333,2,2,1.0,0,3,3,11,1,0,4,1,16,1,0,2010-11,Regular Season,959,Steve Nash
22010,959,0021000127,2010-11-12,PHX vs. SAC,W,35,13,18,0.722,0,1,0.0,2,4,0.5,1,6,7,14,1,0,2,0,28,14,0,2010-11,Regular Season,959,Steve Nash
22010,959,0021000143,2010-11-14,PHX @ LAL,W,34,6,11,0.545,2,3,0.667,7,7,1.0,0,2,2,13,1,0,0,1,21,13,0,2010-11,Regular Season,959,Steve Nash
22010,959,0021000147,2010-11-15,PHX vs. DEN,W,34,6,17,0.353,1,3,0.333,2,2,1.0,0,4,4,7,2,1,1,0,15,4,0,2010-11,Regular Season,959,Steve Nash
22010,959,0021000158,2010-11-17,PHX @ MIA,L,29,6,11,0.545,0,1,0.0,5,6,0.833,0,1,1,2,1,0,1,1,17,-21,0,2010-11,Regular Season,959,Steve Nash
22010,959,0021000198,2010-11-22,PHX @ HOU,W,37,8,14,0.571,0,0,0.0,8,8,1.0,0,2,2,9,0,0,5,2,24,13,0,2010-11,Regular Season,959,Steve Nash
22010,959,0021000218,2010-11-24,PHX vs. CHI,L,49,5,15,0.333,0,5,0.0,4,5,0.8,0,5,5,16,0,0,3,1,14,2,0,2010-11,Regular Season,959,Steve Nash
22010,959,0021000230,2010-11-26,PHX vs. LAC,W,29,4,12,0.333,1,3,0.333,7,8,0.875,0,5,5,10,1,0,2,0,16,25,0,2010-11,Regular Season,959,Steve Nash
22010,959,0021000248,2010-11-28,PHX @ DEN,L,32,5,8,0.625,1,4,0.25,6,7,0.857,0,0,0,11,0,0,2,3,17,-6,0,2010-11,Regular Season,959,Steve Nash
22010,959,0021000274,2010-12-02,PHX @ GSW,W,34,4,9,0.444,0,2,0.0,5,5,1.0,0,4,4,16,1,0,5,3,13,10,0,2010-11,Regular Season,959,Steve Nash
22010,959,0021000285,2010-12-03,PHX vs. IND,W,30,3,7,0.429,0,0,0.0,6,6,1.0,0,5,5,11,0,0,1,1,12,9,0,2010-11,Regular Season,959,Steve Nash
22010,959,0021000300,2010-12-05,PHX vs. WAS,W,30,8,8,1.0,1,1,1.0,3,3,1.0,1,2,3,17,0,0,2,0,20,17,0,2010-11,Regular Season,959,Steve Nash
22010,959,0021000314,2010-12-07,PHX @ POR,L,39,10,16,0.625,0,1,0.0,4,5,0.8,0,3,3,15,1,0,6,3,24,5,0,2010-11,Regular Season,959,Steve Nash
22010,959,0021000323,2010-12-08,PHX vs. MEM,L,31,5,12,0.417,0,5,0.0,1,2,0.5,3,1,4,7,1,0,8,0,11,-9,0,2010-11,Regular Season,959,Steve Nash
22010,959,0021000338,2010-12-10,PHX vs. POR,L,34,11,19,0.579,1,1,1.0,1,1,1.0,3,4,7,5,1,0,3,0,24,-3,0,2010-11,Regular Season,959,Steve Nash
22010,959,0021000376,2010-12-15,PHX vs. MIN,W,31,2,4,0.5,0,0,0.0,7,8,0.875,0,2,2,19,0,0,4,0,11,21,0,2010-11,Regular Season,959,Steve Nash
22010,959,0021000390,2010-12-17,PHX @ DAL,L,5,2,3,0.667,0,0,0.0,0,0,0.0,0,0,0,1,0,0,2,0,4,-3,0,2010-11,Regular Season,959,Steve Nash
22010,959,0021000405,2010-12-19,PHX @ OKC,W,32,7,9,0.778,2,2,1.0,4,4,1.0,0,4,4,10,0,0,5,5,20,6,0,2010-11,Regular Season,959,Steve Nash
22010,959,0021000411,2010-12-20,PHX @ SAS,L,35,7,11,0.636,2,5,0.4,1,1,1.0,0,2,2,10,0,0,3,1,17,-3,0,2010-11,Regular Season,959,Steve Nash
22010,959,0021000432,2010-12-23,PHX vs. MIA,L,32,1,4,0.25,0,2,0.0,2,2,1.0,0,4,4,18,0,0,5,1,4,0,0,2010-11,Regular Season,959,Steve Nash
22010,959,0021000438,2010-12-26,PHX @ LAC,L,36,8,19,0.421,2,6,0.333,3,3,1.0,1,3,4,15,0,0,0,2,21,-6,0,2010-11,Regular Season,959,Steve Nash
22010,959,0021000470,2010-12-29,PHX vs. PHI,L,38,9,17,0.529,3,5,0.6,2,2,1.0,1,4,5,15,0,0,4,0,23,-2,0,2010-11,Regular Season,959,Steve Nash
22010,959,0021000482,2010-12-31,PHX vs. DET,W,19,2,3,0.667,2,2,1.0,1,1,1.0,0,1,1,2,0,0,5,0,7,-3,0,2010-11,Regular Season,959,Steve Nash
22010,959,0021000497,2011-01-02,PHX @ SAC,L,37,8,8,1.0,2,2,1.0,2,2,1.0,2,2,4,12,2,0,2,2,20,8,0,2010-11,Regular Season,959,Steve Nash
22010,959,0021000521,2011-01-05,PHX vs. LAL,L,31,4,8,0.5,1,2,0.5,2,2,1.0,0,2,2,10,0,0,1,0,11,-6,0,2010-11,Regular Season,959,Steve Nash
22010,959,0021000533,2011-01-07,PHX vs. NYK,L,28,6,12,0.5,1,3,0.333,1,1,1.0,0,2,2,9,0,0,3,0,14,-12,0,2010-11,Regular Season,959,Steve Nash
22010,959,0021000547,2011-01-09,PHX vs. CLE,W,36,6,12,0.5,1,5,0.2,7,7,1.0,0,7,7,17,3,0,6,0,20,9,0,2010-11,Regular Season,959,Steve Nash
22010,959,0021000558,2011-01-11,PHX @ DEN,L,28,4,8,0.5,1,3,0.333,6,6,1.0,0,2,2,7,0,0,3,1,15,-13,0,2010-11,Regular Season,959,Steve Nash
22010,959,0021000569,2011-01-12,PHX vs. NJN,W,42,6,17,0.353,0,0,0.0,11,11,1.0,1,6,7,16,1,0,3,3,23,12,0,2010-11,Regular Season,959,Steve Nash
22010,959,0021000584,2011-01-14,PHX vs. POR,W,33,8,14,0.571,2,4,0.5,5,7,0.714,0,6,6,13,1,0,3,3,23,9,0,2010-11,Regular Season,959,Steve Nash
22010,959,0021000598,2011-01-17,PHX @ NYK,W,37,3,7,0.429,2,3,0.667,7,7,1.0,1,7,8,11,2,0,5,2,15,24,0,2010-11,Regular Season,959,Steve Nash
22010,959,0021000613,2011-01-19,PHX @ CLE,W,37,5,9,0.556,0,2,0.0,5,5,1.0,0,2,2,15,0,0,3,1,15,9,0,2010-11,Regular Season,959,Steve Nash
22010,959,0021000634,2011-01-21,PHX @ WAS,W,32,7,13,0.538,2,3,0.667,1,1,1.0,1,3,4,14,0,0,5,1,17,6,0,2010-11,Regular Season,959,Steve Nash
22010,959,0021000642,2011-01-22,PHX @ DET,L,37,5,8,0.625,1,3,0.333,3,3,1.0,0,3,3,8,1,0,5,2,14,-1,0,2010-11,Regular Season,959,Steve Nash
22010,959,0021000655,2011-01-24,PHX @ PHI,L,30,7,11,0.636,2,4,0.5,1,1,1.0,1,2,3,9,0,0,5,1,17,-9,0,2010-11,Regular Season,959,Steve Nash
22010,959,0021000675,2011-01-26,PHX vs. CHA,L,36,11,15,0.733,4,4,1.0,1,1,1.0,2,3,5,15,1,0,2,0,27,-7,0,2010-11,Regular Season,959,Steve Nash
22010,959,0021000690,2011-01-28,PHX vs. BOS,W,33,4,8,0.5,1,2,0.5,4,5,0.8,0,1,1,10,0,1,5,1,13,21,0,2010-11,Regular Season,959,Steve Nash
22010,959,0021000706,2011-01-30,PHX vs. NOH,W,35,3,9,0.333,1,5,0.2,3,3,1.0,0,5,5,15,2,0,3,0,10,8,0,2010-11,Regular Season,959,Steve Nash
22010,959,0021000727,2011-02-02,PHX vs. MIL,W,37,4,9,0.444,1,3,0.333,0,0,0.0,0,6,6,13,1,0,9,1,9,20,0,2010-11,Regular Season,959,Steve Nash
22010,959,0021000742,2011-02-04,PHX vs. OKC,L,35,4,9,0.444,2,4,0.5,2,2,1.0,0,3,3,8,2,0,5,1,12,9,0,2010-11,Regular Season,959,Steve Nash
22010,959,0021000765,2011-02-07,PHX @ GSW,W,37,6,13,0.462,1,5,0.2,1,2,0.5,1,2,3,15,1,0,1,0,14,12,0,2010-11,Regular Season,959,Steve Nash
22010,959,0021000784,2011-02-10,PHX vs. GSW,W,27,6,10,0.6,3,4,0.75,3,3,1.0,2,0,2,11,0,0,7,2,18,19,0,2010-11,Regular Season,959,Steve Nash
22010,959,0021000795,2011-02-11,PHX @ UTA,W,34,6,11,0.545,2,5,0.4,4,4,1.0,1,2,3,10,1,0,1,2,18,12,0,2010-11,Regular Season,959,Steve Nash
22010,959,0021000810,2011-02-13,PHX vs. SAC,L,37,8,17,0.471,0,2,0.0,6,7,0.857,1,1,2,18,0,0,3,1,22,3,0,2010-11,Regular Season,959,Steve Nash
22010,959,0021000822,2011-02-15,PHX vs. UTA,W,38,6,14,0.429,3,6,0.5,5,5,1.0,0,3,3,14,2,0,3,1,20,18,0,2010-11,Regular Season,959,Steve Nash
22010,959,0021000837,2011-02-17,PHX vs. DAL,L,36,6,10,0.6,0,1,0.0,3,3,1.0,1,4,5,14,1,0,3,3,15,8,0,2010-11,Regular Season,959,Steve Nash
22010,959,0021000857,2011-02-23,PHX vs. ATL,W,35,5,9,0.556,1,3,0.333,2,2,1.0,0,2,2,10,0,0,7,2,13,2,0,2010-11,Regular Season,959,Steve Nash
22010,959,0021000864,2011-02-25,PHX @ TOR,W,30,2,12,0.167,0,3,0.0,3,4,0.75,0,7,7,11,0,0,1,2,7,22,0,2010-11,Regular Season,959,Steve Nash
22010,959,0021000879,2011-02-27,PHX @ IND,W,43,5,14,0.357,0,4,0.0,0,0,0.0,1,4,5,13,0,0,2,1,10,5,0,2010-11,Regular Season,959,Steve Nash
22010,959,0021000889,2011-02-28,PHX @ NJN,W,40,3,13,0.231,0,3,0.0,4,4,1.0,0,6,6,15,0,0,3,1,10,-4,0,2010-11,Regular Season,959,Steve Nash
22010,959,0021000905,2011-03-02,PHX @ BOS,L,27,3,7,0.429,1,3,0.333,1,1,1.0,0,1,1,7,0,0,2,0,8,-24,0,2010-11,Regular Season,959,Steve Nash
22010,959,0021000922,2011-03-04,PHX @ MIL,W,28,3,6,0.5,1,1,1.0,1,1,1.0,1,0,1,13,0,0,7,2,8,26,0,2010-11,Regular Season,959,Steve Nash
22010,959,0021000937,2011-03-06,PHX @ OKC,L,40,5,11,0.455,0,2,0.0,1,1,1.0,0,2,2,14,0,0,2,5,11,2,0,2010-11,Regular Season,959,Steve Nash
22010,959,0021000952,2011-03-08,PHX vs. HOU,W,36,2,5,0.4,0,1,0.0,5,6,0.833,0,2,2,14,0,0,3,1,9,4,0,2010-11,Regular Season,959,Steve Nash
22010,959,0021000966,2011-03-10,PHX vs. DEN,L,27,2,4,0.5,1,1,1.0,2,2,1.0,0,2,2,7,1,0,6,0,7,-18,0,2010-11,Regular Season,959,Steve Nash
22010,959,0021001008,2011-03-16,PHX @ NOH,L,35,3,8,0.375,0,3,0.0,2,2,1.0,0,1,1,10,0,0,4,2,8,0,0,2010-11,Regular Season,959,Steve Nash
22010,959,0021001026,2011-03-18,PHX vs. GSW,W,37,5,10,0.5,3,4,0.75,4,4,1.0,1,5,6,10,1,0,3,0,17,18,0,2010-11,Regular Season,959,Steve Nash
22010,959,0021001039,2011-03-20,PHX @ LAC,W,35,8,13,0.615,3,3,1.0,4,6,0.667,1,6,7,13,1,0,3,3,23,9,0,2010-11,Regular Season,959,Steve Nash
22010,959,0021001053,2011-03-22,PHX @ LAL,L,49,7,15,0.467,5,7,0.714,0,0,0.0,1,4,5,20,0,0,6,2,19,-4,0,2010-11,Regular Season,959,Steve Nash
22010,959,0021001063,2011-03-23,PHX vs. TOR,W,22,6,11,0.545,1,2,0.5,3,4,0.75,0,3,3,8,0,0,1,0,16,0,0,2010-11,Regular Season,959,Steve Nash
22010,959,0021001077,2011-03-25,PHX vs. NOH,L,35,1,9,0.111,1,3,0.333,0,0,0.0,1,3,4,8,0,0,5,1,3,0,0,2010-11,Regular Season,959,Steve Nash
22010,959,0021001095,2011-03-27,PHX vs. DAL,L,33,3,11,0.273,0,2,0.0,0,0,0.0,0,3,3,10,1,0,2,2,6,-4,0,2010-11,Regular Season,959,Steve Nash
22010,959,0021001104,2011-03-29,PHX @ SAC,L,36,6,17,0.353,1,3,0.333,0,0,0.0,0,0,0,14,0,0,2,1,13,6,0,2010-11,Regular Season,959,Steve Nash
22010,959,0021001116,2011-03-30,PHX vs. OKC,L,31,3,4,0.75,0,1,0.0,2,2,1.0,2,2,4,9,1,0,4,1,8,-17,0,2010-11,Regular Season,959,Steve Nash
22010,959,0021001156,2011-04-05,PHX @ CHI,L,35,3,8,0.375,0,2,0.0,0,0,0.0,0,3,3,16,2,0,3,1,6,-3,0,2010-11,Regular Season,959,Steve Nash
22010,959,0021001168,2011-04-06,PHX @ MIN,W,22,3,4,0.75,0,0,0.0,0,0,0.0,0,4,4,9,1,1,4,0,6,7,0,2010-11,Regular Season,959,Steve Nash
22010,959,0021001199,2011-04-10,PHX @ DAL,L,25,3,7,0.429,0,1,0.0,0,0,0.0,1,1,2,9,1,0,3,1,6,-17,0,2010-11,Regular Season,959,Steve Nash
22010,959,0021001211,2011-04-11,PHX vs. MIN,W,35,2,4,0.5,1,1,1.0,3,3,1.0,0,1,1,16,1,0,2,0,8,7,0,2010-11,Regular Season,959,Steve Nash
22010,959,0021001229,2011-04-13,PHX vs. SAS,W,31,3,10,0.3,0,0,0.0,2,2,1.0,1,1,2,10,1,1,1,1,8,11,0,2010-11,Regular Season,959,Steve Nash
22010,1717,0021000012,2010-10-27,DAL vs. CHA,W,36,11,13,0.846,0,0,0.0,6,6,1.0,1,12,13,0,0,1,2,2,28,27,0,2010-11,Regular Season,1717,Dirk Nowitzki
22010,1717,0021000028,2010-10-29,DAL vs. MEM,L,38,11,15,0.733,1,1,1.0,4,6,0.667,1,6,7,2,0,0,2,3,27,-5,0,2010-11,Regular Season,1717,Dirk Nowitzki
22010,1717,0021000041,2010-10-31,DAL @ LAC,W,31,7,14,0.5,0,2,0.0,2,4,0.5,0,7,7,1,0,3,2,4,16,21,0,2010-11,Regular Season,1717,Dirk Nowitzki
22010,1717,0021000060,2010-11-03,DAL @ DEN,W,39,15,31,0.484,0,0,0.0,5,6,0.833,2,10,12,3,1,0,2,3,35,8,0,2010-11,Regular Season,1717,Dirk Nowitzki
22010,1717,0021000085,2010-11-06,DAL vs. DEN,L,37,7,15,0.467,0,1,0.0,9,9,1.0,0,6,6,0,0,1,7,0,23,-9,0,2010-11,Regular Season,1717,Dirk Nowitzki
22010,1717,0021000100,2010-11-08,DAL vs. BOS,W,41,9,16,0.563,0,0,0.0,7,7,1.0,1,6,7,2,0,0,4,0,25,4,0,2010-11,Regular Season,1717,Dirk Nowitzki
22010,1717,0021000114,2010-11-10,DAL @ MEM,W,30,6,14,0.429,0,2,0.0,0,0,0.0,1,9,10,2,0,1,0,0,12,26,0,2010-11,Regular Season,1717,Dirk Nowitzki
22010,1717,0021000126,2010-11-12,DAL vs. PHI,W,36,5,15,0.333,0,2,0.0,6,6,1.0,1,4,5,2,1,0,3,5,16,14,0,2010-11,Regular Season,1717,Dirk Nowitzki
22010,1717,0021000146,2010-11-15,DAL vs. NOH,W,37,7,12,0.583,1,2,0.5,10,13,0.769,3,7,10,3,0,0,3,3,25,3,0,2010-11,Regular Season,1717,Dirk Nowitzki
22010,1717,0021000163,2010-11-17,DAL @ NOH,L,36,11,19,0.579,0,1,0.0,7,7,1.0,0,9,9,1,1,1,2,5,29,15,0,2010-11,Regular Season,1717,Dirk Nowitzki
22010,1717,0021000179,2010-11-19,DAL vs. CHI,L,42,15,26,0.577,3,5,0.6,3,6,0.5,0,8,8,3,2,0,2,3,36,2,0,2010-11,Regular Season,1717,Dirk Nowitzki
22010,1717,0021000184,2010-11-20,DAL @ ATL,W,39,8,22,0.364,0,2,0.0,5,7,0.714,1,6,7,3,0,0,2,1,21,6,0,2010-11,Regular Season,1717,Dirk Nowitzki
22010,1717,0021000207,2010-11-23,DAL vs. DET,W,40,13,23,0.565,3,3,1.0,13,16,0.813,5,7,12,1,0,2,1,4,42,9,0,2010-11,Regular Season,1717,Dirk Nowitzki
22010,1717,0021000216,2010-11-24,DAL @ OKC,W,39,9,15,0.6,2,5,0.4,14,15,0.933,0,4,4,4,1,0,3,1,34,13,0,2010-11,Regular Season,1717,Dirk Nowitzki
22010,1717,0021000228,2010-11-26,DAL @ SAS,W,40,12,14,0.857,2,2,1.0,0,0,0.0,1,7,8,5,0,0,2,4,26,15,0,2010-11,Regular Season,1717,Dirk Nowitzki
22010,1717,0021000239,2010-11-27,DAL vs. MIA,W,34,9,23,0.391,1,5,0.2,3,3,1.0,0,6,6,4,3,0,2,4,22,28,0,2010-11,Regular Season,1717,Dirk Nowitzki
22010,1717,0021000252,2010-11-29,DAL vs. HOU,W,29,10,16,0.625,0,1,0.0,0,0,0.0,0,10,10,1,0,3,3,2,20,18,0,2010-11,Regular Season,1717,Dirk Nowitzki
22010,1717,0021000268,2010-12-01,DAL vs. MIN,W,24,4,11,0.364,0,1,0.0,2,2,1.0,0,1,1,1,1,0,0,1,10,12,0,2010-11,Regular Season,1717,Dirk Nowitzki
22010,1717,0021000286,2010-12-03,DAL @ UTA,W,35,12,18,0.667,1,3,0.333,1,1,1.0,1,5,6,2,2,1,1,3,26,13,0,2010-11,Regular Season,1717,Dirk Nowitzki
22010,1717,0021000293,2010-12-04,DAL @ SAC,W,37,11,15,0.733,0,0,0.0,3,3,1.0,0,5,5,5,0,1,3,2,25,-3,0,2010-11,Regular Season,1717,Dirk Nowitzki
22010,1717,0021000312,2010-12-07,DAL vs. GSW,W,37,10,18,0.556,2,3,0.667,3,4,0.75,0,2,2,2,2,4,4,4,25,5,0,2010-11,Regular Season,1717,Dirk Nowitzki
22010,1717,0021000328,2010-12-09,DAL vs. NJN,W,37,8,10,0.8,1,2,0.5,4,4,1.0,0,10,10,1,1,0,2,1,21,14,0,2010-11,Regular Season,1717,Dirk Nowitzki
22010,1717,0021000346,2010-12-11,DAL vs. UTA,W,39,10,12,0.833,3,4,0.75,8,11,0.727,1,14,15,4,0,1,3,1,31,21,0,2010-11,Regular Season,1717,Dirk Nowitzki
22010,1717,0021000358,2010-12-13,DAL vs. MIL,L,39,12,24,0.5,3,6,0.5,3,3,1.0,0,7,7,3,1,2,3,4,30,-4,0,2010-11,Regular Season,1717,Dirk Nowitzki
22010,1717,0021000377,2010-12-15,DAL vs. POR,W,37,7,14,0.5,0,4,0.0,7,7,1.0,0,5,5,3,3,2,3,1,21,-6,0,2010-11,Regular Season,1717,Dirk Nowitzki
22010,1717,0021000390,2010-12-17,DAL vs. PHX,W,29,5,12,0.417,2,2,1.0,6,6,1.0,0,5,5,2,0,0,0,3,18,8,0,2010-11,Regular Season,1717,Dirk Nowitzki
22010,1717,0021000410,2010-12-20,DAL @ MIA,W,39,8,21,0.381,0,4,0.0,10,10,1.0,0,9,9,2,1,0,0,4,26,16,0,2010-11,Regular Season,1717,Dirk Nowitzki
22010,1717,0021000416,2010-12-21,DAL @ ORL,W,37,4,13,0.308,1,3,0.333,8,8,1.0,0,8,8,5,1,0,2,3,17,5,0,2010-11,Regular Season,1717,Dirk Nowitzki
22010,1717,0021000450,2010-12-27,DAL @ OKC,W,12,4,6,0.667,1,1,1.0,4,4,1.0,0,2,2,3,0,0,1,1,13,7,0,2010-11,Regular Season,1717,Dirk Nowitzki
22010,1717,0021000592,2011-01-15,DAL @ MEM,L,15,2,7,0.286,1,3,0.333,2,3,0.667,0,5,5,1,0,0,0,2,7,-11,0,2010-11,Regular Season,1717,Dirk Nowitzki
22010,1717,0021000604,2011-01-17,DAL @ DET,L,31,10,17,0.588,4,7,0.571,8,8,1.0,0,5,5,5,1,0,4,3,32,-3,0,2010-11,Regular Season,1717,Dirk Nowitzki
22010,1717,0021000621,2011-01-19,DAL vs. LAL,W,37,5,15,0.333,0,3,0.0,4,5,0.8,0,8,8,3,0,0,0,1,14,4,0,2010-11,Regular Season,1717,Dirk Nowitzki
22010,1717,0021000627,2011-01-20,DAL @ CHI,L,38,6,16,0.375,0,2,0.0,7,8,0.875,0,2,2,4,0,1,0,1,19,-13,0,2010-11,Regular Season,1717,Dirk Nowitzki
22010,1717,0021000640,2011-01-22,DAL @ NJN,W,36,7,24,0.292,2,6,0.333,7,8,0.875,0,7,7,2,1,0,3,2,23,3,0,2010-11,Regular Season,1717,Dirk Nowitzki
22010,1717,0021000665,2011-01-25,DAL vs. LAC,W,30,6,15,0.4,2,5,0.4,6,8,0.75,0,5,5,0,1,0,2,2,20,3,0,2010-11,Regular Season,1717,Dirk Nowitzki
22010,1717,0021000679,2011-01-27,DAL vs. HOU,W,34,7,16,0.438,1,2,0.5,3,4,0.75,0,2,2,3,0,2,0,1,18,9,0,2010-11,Regular Season,1717,Dirk Nowitzki
22010,1717,0021000696,2011-01-29,DAL vs. ATL,W,33,8,11,0.727,1,1,1.0,2,3,0.667,0,6,6,4,1,1,5,3,19,15,0,2010-11,Regular Season,1717,Dirk Nowitzki
22010,1717,0021000712,2011-01-31,DAL vs. WAS,W,33,7,11,0.636,2,2,1.0,8,8,1.0,1,3,4,2,0,1,2,3,24,20,0,2010-11,Regular Season,1717,Dirk Nowitzki
22010,1717,0021000723,2011-02-02,DAL @ NYK,W,33,10,16,0.625,2,4,0.5,7,7,1.0,1,10,11,3,0,1,1,2,29,27,0,2010-11,Regular Season,1717,Dirk Nowitzki
22010,1717,0021000740,2011-02-04,DAL @ BOS,W,36,9,14,0.643,1,1,1.0,10,10,1.0,1,3,4,3,0,0,0,4,29,6,0,2010-11,Regular Season,1717,Dirk Nowitzki
22010,1717,0021000745,2011-02-05,DAL @ CHA,W,34,10,19,0.526,1,2,0.5,4,4,1.0,2,2,4,2,0,5,0,5,25,-4,0,2010-11,Regular Season,1717,Dirk Nowitzki
22010,1717,0021000761,2011-02-07,DAL vs. CLE,W,31,5,11,0.455,0,0,0.0,2,2,1.0,1,5,6,1,0,0,5,3,12,-10,0,2010-11,Regular Season,1717,Dirk Nowitzki
22010,1717,0021000781,2011-02-09,DAL @ SAC,W,34,4,14,0.286,0,2,0.0,2,3,0.667,0,6,6,2,0,0,2,5,10,-6,0,2010-11,Regular Season,1717,Dirk Nowitzki
22010,1717,0021000785,2011-02-10,DAL @ DEN,L,36,5,10,0.5,0,3,0.0,6,8,0.75,0,8,8,6,0,0,0,3,16,-11,0,2010-11,Regular Season,1717,Dirk Nowitzki
22010,1717,0021000801,2011-02-12,DAL @ HOU,W,34,8,16,0.5,1,1,1.0,5,5,1.0,1,5,6,2,1,2,0,1,22,6,0,2010-11,Regular Season,1717,Dirk Nowitzki
22010,1717,0021000831,2011-02-16,DAL vs. SAC,W,23,6,10,0.6,1,1,1.0,0,0,0.0,0,3,3,4,0,0,1,2,13,21,0,2010-11,Regular Season,1717,Dirk Nowitzki
22010,1717,0021000837,2011-02-17,DAL @ PHX,W,37,13,18,0.722,3,3,1.0,6,6,1.0,0,1,1,4,1,0,2,2,35,12,0,2010-11,Regular Season,1717,Dirk Nowitzki
22010,1717,0021000856,2011-02-23,DAL vs. UTA,W,31,9,15,0.6,1,4,0.25,4,5,0.8,0,7,7,1,1,0,2,0,23,16,0,2010-11,Regular Season,1717,Dirk Nowitzki
22010,1717,0021000873,2011-02-26,DAL @ WAS,W,33,6,18,0.333,1,1,1.0,8,11,0.727,1,6,7,3,0,0,2,4,21,5,0,2010-11,Regular Season,1717,Dirk Nowitzki
22010,1717,0021000884,2011-02-27,DAL @ TOR,W,34,11,20,0.55,2,4,0.5,7,10,0.7,1,12,13,2,0,1,2,0,31,13,0,2010-11,Regular Season,1717,Dirk Nowitzki
22010,1717,0021000896,2011-03-01,DAL @ PHI,W,37,9,15,0.6,0,1,0.0,4,5,0.8,0,6,6,2,0,0,2,2,22,2,0,2010-11,Regular Season,1717,Dirk Nowitzki
22010,1717,0021000921,2011-03-04,DAL vs. IND,W,35,10,12,0.833,0,1,0.0,9,10,0.9,0,4,4,2,0,0,2,3,29,10,0,2010-11,Regular Season,1717,Dirk Nowitzki
22010,1717,0021000938,2011-03-06,DAL vs. MEM,L,34,9,17,0.529,3,6,0.5,2,2,1.0,1,4,5,2,1,1,1,2,23,7,0,2010-11,Regular Season,1717,Dirk Nowitzki
22010,1717,0021000945,2011-03-07,DAL @ MIN,W,27,7,12,0.583,1,2,0.5,10,10,1.0,0,6,6,2,0,1,1,4,25,10,0,2010-11,Regular Season,1717,Dirk Nowitzki
22010,1717,0021000961,2011-03-09,DAL @ NOH,L,35,10,18,0.556,0,0,0.0,6,6,1.0,0,4,4,3,1,0,1,4,26,2,0,2010-11,Regular Season,1717,Dirk Nowitzki
22010,1717,0021000965,2011-03-10,DAL vs. NYK,W,35,7,19,0.368,1,2,0.5,8,8,1.0,0,9,9,2,0,0,1,1,23,21,0,2010-11,Regular Season,1717,Dirk Nowitzki
22010,1717,0021000982,2011-03-12,DAL vs. LAL,L,37,10,19,0.526,0,2,0.0,5,5,1.0,1,9,10,6,1,2,2,3,25,1,0,2010-11,Regular Season,1717,Dirk Nowitzki
22010,1717,0021001002,2011-03-15,DAL @ POR,L,35,9,14,0.643,1,3,0.333,9,9,1.0,0,11,11,2,0,0,1,2,28,4,0,2010-11,Regular Season,1717,Dirk Nowitzki
22010,1717,0021001012,2011-03-16,DAL @ GSW,W,35,10,22,0.455,2,3,0.667,12,12,1.0,6,7,13,2,0,1,1,3,34,4,0,2010-11,Regular Season,1717,Dirk Nowitzki
22010,1717,0021001023,2011-03-18,DAL vs. SAS,L,38,10,16,0.625,0,2,0.0,3,3,1.0,1,8,9,3,0,0,1,3,23,-8,0,2010-11,Regular Season,1717,Dirk Nowitzki
22010,1717,0021001042,2011-03-20,DAL vs. GSW,W,31,9,15,0.6,0,0,0.0,2,2,1.0,1,5,6,2,0,0,2,1,20,29,0,2010-11,Regular Season,1717,Dirk Nowitzki
22010,1717,0021001066,2011-03-24,DAL vs. MIN,W,36,12,26,0.462,1,5,0.2,5,5,1.0,2,9,11,4,1,1,3,2,30,8,0,2010-11,Regular Season,1717,Dirk Nowitzki
22010,1717,0021001085,2011-03-26,DAL @ UTA,W,30,5,12,0.417,0,1,0.0,9,9,1.0,1,5,6,0,0,0,2,1,19,-2,0,2010-11,Regular Season,1717,Dirk Nowitzki
22010,1717,0021001095,2011-03-27,DAL @ PHX,W,39,6,19,0.316,1,1,1.0,2,2,1.0,4,3,7,4,0,0,0,4,15,12,0,2010-11,Regular Season,1717,Dirk Nowitzki
22010,1717,0021001117,2011-03-30,DAL @ LAC,W,37,9,19,0.474,1,3,0.333,5,7,0.714,0,6,6,3,1,0,4,1,24,5,0,2010-11,Regular Season,1717,Dirk Nowitzki
22010,1717,0021001119,2011-03-31,DAL @ LAL,L,34,10,20,0.5,1,2,0.5,6,6,1.0,2,11,13,2,0,1,4,4,27,-16,0,2010-11,Regular Season,1717,Dirk Nowitzki
22010,1717,0021001136,2011-04-02,DAL @ GSW,L,35,5,16,0.313,0,4,0.0,6,8,0.75,0,6,6,3,1,0,3,2,16,7,0,2010-11,Regular Season,1717,Dirk Nowitzki
22010,1717,0021001148,2011-04-03,DAL @ POR,L,35,5,12,0.417,0,1,0.0,6,7,0.857,0,5,5,2,0,0,1,1,16,-14,0,2010-11,Regular Season,1717,Dirk Nowitzki
22010,1717,0021001172,2011-04-06,DAL vs. DEN,L,33,9,16,0.563,0,1,0.0,2,2,1.0,0,7,7,2,0,2,0,2,20,-11,0,2010-11,Regular Season,1717,Dirk Nowitzki
22010,1717,0021001186,2011-04-08,DAL vs. LAC,W,38,10,16,0.625,0,0,0.0,0,0,0.0,0,8,8,7,1,0,1,1,20,30,0,2010-11,Regular Season,1717,Dirk Nowitzki
22010,1717,0021001199,2011-04-10,DAL vs. PHX,W,28,7,11,0.636,0,0,0.0,5,5,1.0,0,7,7,3,1,1,2,1,19,11,0,2010-11,Regular Season,1717,Dirk Nowitzki
22010,1717,0021001209,2011-04-11,DAL @ HOU,W,40,8,22,0.364,0,1,0.0,7,8,0.875,2,10,12,3,2,0,2,2,23,15,0,2010-11,Regular Season,1717,Dirk Nowitzki
22010,1717,0021001223,2011-04-13,DAL vs. NOH,W,32,10,21,0.476,1,3,0.333,11,12,0.917,1,5,6,2,0,0,3,2,32,21,0,2010-11,Regular Season,1717,Dirk Nowitzki
42010,1717,0041000161,2011-04-16,DAL vs. POR,W,39,7,20,0.35,1,1,1.0,13,13,1.0,0,10,10,2,0,0,6,3,28,17,0,2010-11,Playoffs,1717,Dirk Nowitzki
42010,1717,0041000162,2011-04-19,DAL vs. POR,W,38,9,22,0.409,0,0,0.0,15,17,0.882,1,6,7,4,1,1,1,2,33,17,0,2010-11,Playoffs,1717,Dirk Nowitzki
42010,1717,0041000163,2011-04-21,DAL @ POR,L,40,10,21,0.476,1,2,0.5,4,7,0.571,0,9,9,2,0,1,2,3,25,-1,0,2010-11,Playoffs,1717,Dirk Nowitzki
42010,1717,0041000164,2011-04-23,DAL @ POR,L,38,7,17,0.412,2,4,0.5,4,4,1.0,0,2,2,3,0,0,4,1,20,-8,0,2010-11,Playoffs,1717,Dirk Nowitzki
42010,1717,0041000165,2011-04-25,DAL vs. POR,W,37,8,18,0.444,0,1,0.0,9,11,0.818,3,5,8,3,2,0,3,1,25,4,0,2010-11,Playoffs,1717,Dirk Nowitzki
42010,1717,0041000166,2011-04-28,DAL @ POR,W,39,11,17,0.647,0,1,0.0,11,11,1.0,1,10,11,4,0,1,4,5,33,12,0,2010-11,Playoffs,1717,Dirk Nowitzki
42010,1717,0041000231,2011-05-02,DAL @ LAL,W,38,11,22,0.5,1,2,0.5,5,5,1.0,1,13,14,3,2,1,1,1,28,6,0,2010-11,Playoffs,1717,Dirk Nowitzki
42010,1717,0041000232,2011-05-04,DAL @ LAL,W,38,9,16,0.563,2,3,0.667,4,5,0.8,1,6,7,2,0,0,1,2,24,15,0,2010-11,Playoffs,1717,Dirk Nowitzki
42010,1717,0041000233,2011-05-06,DAL vs. LAL,W,42,12,19,0.632,4,5,0.8,4,4,1.0,0,9,9,1,0,1,4,2,32,9,0,2010-11,Playoffs,1717,Dirk Nowitzki
42010,1717,0041000234,2011-05-08,DAL vs. LAL,W,32,7,11,0.636,1,1,1.0,2,2,1.0,0,7,7,4,1,0,1,2,17,37,0,2010-11,Playoffs,1717,Dirk Nowitzki
42010,1717,0041000311,2011-05-17,DAL vs. OKC,W,41,12,15,0.8,0,0,0.0,24,24,1.0,0,6,6,4,0,4,2,3,48,12,0,2010-11,Playoffs,1717,Dirk Nowitzki
42010,1717,0041000312,2011-05-19,DAL vs. OKC,L,40,10,17,0.588,0,0,0.0,9,10,0.9,1,4,5,5,0,0,3,2,29,-6,0,2010-11,Playoffs,1717,Dirk Nowitzki
42010,1717,0041000313,2011-05-21,DAL @ OKC,W,37,7,21,0.333,1,6,0.167,3,3,1.0,0,4,4,1,0,0,7,1,18,-1,0,2010-11,Playoffs,1717,Dirk Nowitzki
42010,1717,0041000314,2011-05-23,DAL @ OKC,W,45,12,20,0.6,2,3,0.667,14,15,0.933,0,5,5,3,0,0,4,2,40,9,0,2010-11,Playoffs,1717,Dirk Nowitzki
42010,1717,0041000315,2011-05-25,DAL vs. OKC,W,40,8,15,0.533,1,2,0.5,9,9,1.0,2,7,9,0,2,0,5,1,26,8,0,2010-11,Playoffs,1717,Dirk Nowitzki
42010,1717,0041000401,2011-05-31,DAL @ MIA,L,40,7,18,0.389,1,2,0.5,12,12,1.0,0,8,8,2,0,0,2,4,27,-2,0,2010-11,Playoffs,1717,Dirk Nowitzki
42010,1717,0041000402,2011-06-02,DAL @ MIA,W,42,10,22,0.455,1,2,0.5,3,3,1.0,1,10,11,4,0,1,5,2,24,13,0,2010-11,Playoffs,1717,Dirk Nowitzki
42010,1717,0041000403,2011-06-05,DAL vs. MIA,L,42,11,21,0.524,3,5,0.6,9,9,1.0,1,10,11,1,1,3,3,1,34,12,0,2010-11,Playoffs,1717,Dirk Nowitzki
42010,1717,0041000404,2011-06-07,DAL vs. MIA,W,39,6,19,0.316,0,2,0.0,9,10,0.9,0,11,11,1,0,0,3,2,21,7,0,2010-11,Playoffs,1717,Dirk Nowitzki
42010,1717,0041000405,2011-06-09,DAL vs. MIA,W,40,9,18,0.5,1,1,1.0,10,10,1.0,0,6,6,3,1,0,2,2,29,14,0,2010-11,Playoffs,1717,Dirk Nowitzki
42010,1717,0041000406,2011-06-12,DAL @ MIA,W,39,9,27,0.333,1,7,0.143,2,2,1.0,0,11,11,1,2,0,2,4,21,-4,0,2010-11,Playoffs,1717,Dirk Nowitzki
22010,708,0021000001,2010-10-26,BOS vs. MIA,W,35,4,11,0.364,0,0,0.0,2,4,0.5,2,8,10,3,3,0,7,5,10,7,0,2010-11,Regular Season,708,Kevin Garnett
22010,708,0021000004,2010-10-27,BOS @ CLE,L,29,3,8,0.375,0,0,0.0,3,4,0.75,1,14,15,1,2,1,3,3,9,6,0,2010-11,Regular Season,708,Kevin Garnett
22010,708,0021000023,2010-10-29,BOS vs. NYK,W,29,12,17,0.706,0,0,0.0,0,0,0.0,2,8,10,0,1,0,3,6,24,-9,0,2010-11,Regular Season,708,Kevin Garnett
22010,708,0021000049,2010-11-02,BOS @ DET,W,33,9,12,0.75,0,0,0.0,4,4,1.0,0,6,6,2,1,2,0,1,22,24,0,2010-11,Regular Season,708,Kevin Garnett
22010,708,0021000058,2010-11-03,BOS vs. MIL,W,38,5,15,0.333,0,0,0.0,3,4,0.75,0,8,8,1,0,1,1,1,13,10,0,2010-11,Regular Season,708,Kevin Garnett
22010,708,0021000073,2010-11-05,BOS vs. CHI,W,39,7,17,0.412,0,0,0.0,2,2,1.0,0,10,10,4,3,0,1,0,16,5,0,2010-11,Regular Season,708,Kevin Garnett
22010,708,0021000093,2010-11-07,BOS @ OKC,W,32,3,10,0.3,0,0,0.0,2,2,1.0,0,8,8,2,3,1,3,1,8,-4,0,2010-11,Regular Season,708,Kevin Garnett
22010,708,0021000100,2010-11-08,BOS @ DAL,L,38,9,20,0.45,0,0,0.0,0,0,0.0,4,11,15,2,0,0,0,4,18,8,0,2010-11,Regular Season,708,Kevin Garnett
22010,708,0021000118,2010-11-11,BOS @ MIA,W,37,6,8,0.75,0,0,0.0,4,5,0.8,3,10,13,2,2,0,1,2,16,6,0,2010-11,Regular Season,708,Kevin Garnett
22010,708,0021000135,2010-11-13,BOS @ MEM,W,37,8,15,0.533,0,0,0.0,2,4,0.5,0,9,9,2,2,1,0,0,18,8,0,2010-11,Regular Season,708,Kevin Garnett
22010,708,0021000160,2010-11-17,BOS vs. WAS,W,23,9,11,0.818,0,0,0.0,0,0,0.0,2,5,7,2,1,0,1,1,18,19,0,2010-11,Regular Season,708,Kevin Garnett
22010,708,0021000171,2010-11-19,BOS vs. OKC,L,30,3,6,0.5,0,0,0.0,10,10,1.0,0,2,2,0,1,1,1,5,16,-9,0,2010-11,Regular Season,708,Kevin Garnett
22010,708,0021000191,2010-11-21,BOS @ TOR,L,36,6,12,0.5,0,0,0.0,0,0,0.0,0,8,8,2,2,0,3,4,12,15,0,2010-11,Regular Season,708,Kevin Garnett
22010,708,0021000195,2010-11-22,BOS @ ATL,W,24,8,10,0.8,0,0,0.0,1,1,1.0,1,10,11,5,1,1,2,1,17,32,0,2010-11,Regular Season,708,Kevin Garnett
22010,708,0021000212,2010-11-24,BOS vs. NJN,W,33,4,12,0.333,0,0,0.0,0,0,0.0,0,5,5,2,3,1,2,2,8,12,0,2010-11,Regular Season,708,Kevin Garnett
22010,708,0021000224,2010-11-26,BOS vs. TOR,W,35,10,18,0.556,0,0,0.0,6,6,1.0,3,8,11,1,2,1,0,3,26,25,0,2010-11,Regular Season,708,Kevin Garnett
22010,708,0021000254,2010-11-30,BOS @ CLE,W,30,4,11,0.364,0,1,0.0,3,3,1.0,2,8,10,4,1,0,2,0,11,9,0,2010-11,Regular Season,708,Kevin Garnett
22010,708,0021000264,2010-12-01,BOS vs. POR,W,35,6,11,0.545,0,0,0.0,5,6,0.833,0,8,8,3,0,1,3,3,17,3,0,2010-11,Regular Season,708,Kevin Garnett
22010,708,0021000280,2010-12-03,BOS vs. CHI,W,33,7,11,0.636,0,0,0.0,6,6,1.0,0,17,17,6,2,1,0,1,20,28,0,2010-11,Regular Season,708,Kevin Garnett
22010,708,0021000294,2010-12-05,BOS @ NJN,W,27,5,8,0.625,0,0,0.0,3,4,0.75,1,13,14,4,1,1,1,1,13,19,0,2010-11,Regular Season,708,Kevin Garnett
22010,708,0021000316,2010-12-08,BOS vs. DEN,W,31,8,9,0.889,0,0,0.0,1,1,1.0,0,9,9,1,1,1,0,0,17,21,0,2010-11,Regular Season,708,Kevin Garnett
22010,708,0021000327,2010-12-09,BOS @ PHI,W,32,6,12,0.5,0,0,0.0,2,2,1.0,3,3,6,1,2,3,2,4,14,5,0,2010-11,Regular Season,708,Kevin Garnett
22010,708,0021000343,2010-12-11,BOS @ CHA,W,23,6,10,0.6,0,0,0.0,1,2,0.5,1,10,11,1,1,1,0,1,13,10,0,2010-11,Regular Season,708,Kevin Garnett
22010,708,0021000368,2010-12-15,BOS @ NYK,W,36,8,16,0.5,0,0,0.0,4,4,1.0,5,8,13,3,3,1,2,0,20,-4,0,2010-11,Regular Season,708,Kevin Garnett
22010,708,0021000379,2010-12-16,BOS vs. ATL,W,32,8,10,0.8,0,0,0.0,1,1,1.0,3,11,14,3,2,0,1,1,17,22,0,2010-11,Regular Season,708,Kevin Garnett
22010,708,0021000400,2010-12-19,BOS vs. IND,W,34,4,10,0.4,0,0,0.0,1,2,0.5,0,9,9,2,3,0,1,3,9,10,0,2010-11,Regular Season,708,Kevin Garnett
22010,708,0021000424,2010-12-22,BOS vs. PHI,W,32,4,10,0.4,0,0,0.0,4,4,1.0,2,5,7,1,2,1,1,4,12,15,0,2010-11,Regular Season,708,Kevin Garnett
22010,708,0021000434,2010-12-25,BOS @ ORL,L,34,10,14,0.714,0,0,0.0,2,4,0.5,2,3,5,1,4,1,0,2,22,-1,0,2010-11,Regular Season,708,Kevin Garnett
22010,708,0021000456,2010-12-28,BOS @ IND,W,32,4,10,0.4,0,0,0.0,3,6,0.5,1,12,13,0,3,1,1,1,11,0,0,2010-11,Regular Season,708,Kevin Garnett
22010,708,0021000465,2010-12-29,BOS @ DET,L,9,1,3,0.333,0,0,0.0,0,0,0.0,0,1,1,0,0,0,2,1,2,-7,0,2010-11,Regular Season,708,Kevin Garnett
22010,708,0021000608,2011-01-17,BOS vs. ORL,W,31,7,13,0.538,0,0,0.0,5,6,0.833,1,7,8,2,2,0,4,5,19,7,0,2010-11,Regular Season,708,Kevin Garnett
22010,708,0021000616,2011-01-19,BOS vs. DET,W,29,5,14,0.357,0,0,0.0,1,2,0.5,1,5,6,3,0,1,2,0,11,0,0,2010-11,Regular Season,708,Kevin Garnett
22010,708,0021000632,2011-01-21,BOS vs. UTA,W,26,7,10,0.7,0,0,0.0,7,8,0.875,0,3,3,3,3,1,1,3,21,19,0,2010-11,Regular Season,708,Kevin Garnett
22010,708,0021000641,2011-01-22,BOS @ WAS,L,35,7,13,0.538,0,0,0.0,3,4,0.75,1,3,4,2,1,1,1,1,17,2,0,2010-11,Regular Season,708,Kevin Garnett
22010,708,0021000664,2011-01-25,BOS vs. CLE,W,18,4,9,0.444,0,0,0.0,2,2,1.0,0,5,5,1,0,1,0,1,10,9,0,2010-11,Regular Season,708,Kevin Garnett
22010,708,0021000680,2011-01-27,BOS @ POR,W,31,4,9,0.444,0,0,0.0,2,2,1.0,2,7,9,9,1,0,1,3,10,13,0,2010-11,Regular Season,708,Kevin Garnett
22010,708,0021000690,2011-01-28,BOS @ PHX,L,27,7,13,0.538,0,1,0.0,4,4,1.0,0,9,9,1,2,0,1,1,18,-7,0,2010-11,Regular Season,708,Kevin Garnett
22010,708,0021000702,2011-01-30,BOS @ LAL,W,32,9,12,0.75,0,0,0.0,0,1,0.0,1,12,13,5,1,1,2,3,18,9,0,2010-11,Regular Season,708,Kevin Garnett
22010,708,0021000717,2011-02-01,BOS @ SAC,W,31,3,10,0.3,0,0,0.0,6,6,1.0,2,5,7,2,1,2,3,2,12,6,0,2010-11,Regular Season,708,Kevin Garnett
22010,708,0021000740,2011-02-04,BOS vs. DAL,L,35,7,16,0.438,0,0,0.0,2,2,1.0,0,5,5,1,2,1,2,5,16,-1,0,2010-11,Regular Season,708,Kevin Garnett
22010,708,0021000757,2011-02-06,BOS vs. ORL,W,32,5,8,0.625,0,0,0.0,6,6,1.0,1,8,9,3,0,0,4,2,16,17,0,2010-11,Regular Season,708,Kevin Garnett
22010,708,0021000758,2011-02-07,BOS @ CHA,L,31,4,11,0.364,0,0,0.0,1,2,0.5,2,12,14,3,3,1,1,1,9,4,0,2010-11,Regular Season,708,Kevin Garnett
22010,708,0021000783,2011-02-10,BOS vs. LAL,L,34,4,13,0.308,0,0,0.0,2,2,1.0,4,7,11,5,1,1,3,2,10,-8,0,2010-11,Regular Season,708,Kevin Garnett
22010,708,0021000804,2011-02-13,BOS vs. MIA,W,36,6,12,0.5,0,0,0.0,7,7,1.0,1,6,7,3,0,1,1,5,19,-3,0,2010-11,Regular Season,708,Kevin Garnett
22010,708,0021000826,2011-02-16,BOS vs. NJN,W,33,5,13,0.385,0,0,0.0,4,6,0.667,4,6,10,3,0,2,1,2,14,15,0,2010-11,Regular Season,708,Kevin Garnett
22010,708,0021000845,2011-02-22,BOS @ GSW,W,35,11,16,0.688,0,0,0.0,2,2,1.0,2,10,12,6,1,2,1,1,24,24,0,2010-11,Regular Season,708,Kevin Garnett
22010,708,0021000860,2011-02-24,BOS @ DEN,L,38,7,14,0.5,0,0,0.0,0,0,0.0,0,13,13,3,2,2,0,0,14,-8,0,2010-11,Regular Season,708,Kevin Garnett
22010,708,0021000878,2011-02-26,BOS @ LAC,W,33,5,14,0.357,0,0,0.0,6,6,1.0,3,8,11,2,1,1,2,1,16,17,0,2010-11,Regular Season,708,Kevin Garnett
22010,708,0021000892,2011-02-28,BOS @ UTA,W,35,7,13,0.538,0,0,0.0,2,2,1.0,2,12,14,3,3,1,1,3,16,14,0,2010-11,Regular Season,708,Kevin Garnett
22010,708,0021000905,2011-03-02,BOS vs. PHX,W,33,12,14,0.857,0,0,0.0,4,4,1.0,3,8,11,3,0,2,3,4,28,24,0,2010-11,Regular Season,708,Kevin Garnett
22010,708,0021000918,2011-03-04,BOS vs. GSW,W,34,4,8,0.5,0,1,0.0,0,0,0.0,0,6,6,2,0,0,1,1,8,11,0,2010-11,Regular Season,708,Kevin Garnett
22010,708,0021000939,2011-03-06,BOS @ MIL,W,33,6,12,0.5,0,0,0.0,2,2,1.0,0,11,11,3,3,1,2,1,14,11,0,2010-11,Regular Season,708,Kevin Garnett
22010,708,0021000957,2011-03-09,BOS vs. LAC,L,34,5,19,0.263,0,0,0.0,6,6,1.0,1,7,8,3,0,1,0,2,16,-16,0,2010-11,Regular Season,708,Kevin Garnett
22010,708,0021000969,2011-03-11,BOS @ PHI,L,33,5,13,0.385,0,0,0.0,4,4,1.0,0,6,6,5,0,1,2,1,14,-2,0,2010-11,Regular Season,708,Kevin Garnett
22010,708,0021000988,2011-03-13,BOS vs. MIL,W,25,4,7,0.571,0,0,0.0,0,0,0.0,1,7,8,1,0,0,4,1,8,19,0,2010-11,Regular Season,708,Kevin Garnett
22010,708,0021000991,2011-03-14,BOS @ NJN,L,31,9,14,0.643,0,0,0.0,0,0,0.0,0,8,8,1,1,0,2,2,18,-9,0,2010-11,Regular Season,708,Kevin Garnett
22010,708,0021001004,2011-03-16,BOS vs. IND,W,25,3,7,0.429,0,0,0.0,4,4,1.0,0,4,4,1,0,1,1,2,10,2,0,2010-11,Regular Season,708,Kevin Garnett
22010,708,0021001024,2011-03-18,BOS @ HOU,L,22,5,10,0.5,0,0,0.0,1,2,0.5,1,4,5,2,2,2,3,4,11,-13,0,2010-11,Regular Season,708,Kevin Garnett
22010,708,0021001032,2011-03-19,BOS @ NOH,W,36,6,13,0.462,0,0,0.0,0,0,0.0,1,8,9,3,0,1,1,4,12,0,0,2010-11,Regular Season,708,Kevin Garnett
22010,708,0021001046,2011-03-21,BOS @ NYK,W,33,10,15,0.667,0,0,0.0,4,4,1.0,0,11,11,1,4,0,1,2,24,22,0,2010-11,Regular Season,708,Kevin Garnett
22010,708,0021001057,2011-03-23,BOS vs. MEM,L,35,3,9,0.333,0,0,0.0,4,4,1.0,0,6,6,4,1,0,2,1,10,11,0,2010-11,Regular Season,708,Kevin Garnett
22010,708,0021001070,2011-03-25,BOS vs. CHA,L,32,6,9,0.667,0,1,0.0,0,0,0.0,1,8,9,1,0,2,3,4,12,2,0,2010-11,Regular Season,708,Kevin Garnett
22010,708,0021001091,2011-03-27,BOS @ MIN,W,33,5,11,0.455,0,0,0.0,3,4,0.75,4,9,13,5,2,0,2,2,13,7,0,2010-11,Regular Season,708,Kevin Garnett
22010,708,0021001097,2011-03-28,BOS @ IND,L,25,2,4,0.5,0,0,0.0,2,4,0.5,0,6,6,0,0,1,2,4,6,6,0,2010-11,Regular Season,708,Kevin Garnett
22010,708,0021001118,2011-03-31,BOS @ SAS,W,28,9,12,0.75,0,0,0.0,2,2,1.0,0,9,9,0,0,1,3,3,20,7,0,2010-11,Regular Season,708,Kevin Garnett
22010,708,0021001125,2011-04-01,BOS @ ATL,L,27,5,9,0.556,0,0,0.0,0,0,0.0,1,9,10,5,0,0,0,2,10,7,0,2010-11,Regular Season,708,Kevin Garnett
22010,708,0021001140,2011-04-03,BOS vs. DET,W,28,10,14,0.714,0,0,0.0,3,3,1.0,2,6,8,0,1,1,3,0,23,15,0,2010-11,Regular Season,708,Kevin Garnett
22010,708,0021001154,2011-04-05,BOS vs. PHI,W,24,6,10,0.6,0,0,0.0,2,2,1.0,2,1,3,3,1,1,1,1,14,15,0,2010-11,Regular Season,708,Kevin Garnett
22010,708,0021001174,2011-04-07,BOS @ CHI,L,30,3,9,0.333,0,0,0.0,4,4,1.0,0,10,10,2,2,0,1,0,10,-4,0,2010-11,Regular Season,708,Kevin Garnett
22010,708,0021001179,2011-04-08,BOS vs. WAS,W,33,6,8,0.75,0,0,0.0,3,3,1.0,1,10,11,3,0,1,1,3,15,26,0,2010-11,Regular Season,708,Kevin Garnett
22010,708,0021001194,2011-04-10,BOS @ MIA,L,34,9,15,0.6,1,1,1.0,2,4,0.5,0,4,4,2,2,0,2,2,21,-4,0,2010-11,Regular Season,708,Kevin Garnett
42010,708,0041000121,2011-04-17,BOS vs. NYK,W,34,5,14,0.357,0,0,0.0,5,6,0.833,5,8,13,3,3,0,3,2,15,3,0,2010-11,Playoffs,708,Kevin Garnett
42010,708,0041000122,2011-04-19,BOS vs. NYK,W,36,6,16,0.375,0,0,0.0,0,0,0.0,2,8,10,6,1,1,3,1,12,10,0,2010-11,Playoffs,708,Kevin Garnett
42010,708,0041000123,2011-04-22,BOS @ NYK,W,33,4,9,0.444,0,0,0.0,1,1,1.0,4,8,12,4,3,0,5,2,9,31,0,2010-11,Playoffs,708,Kevin Garnett
42010,708,0041000124,2011-04-24,BOS @ NYK,W,33,10,16,0.625,0,0,0.0,6,6,1.0,4,6,10,1,1,2,1,2,26,8,0,2010-11,Playoffs,708,Kevin Garnett
42010,708,0041000211,2011-05-01,BOS @ MIA,L,37,3,9,0.333,0,0,0.0,0,0,0.0,0,8,8,3,1,2,0,3,6,6,0,2010-11,Playoffs,708,Kevin Garnett
42010,708,0041000212,2011-05-03,BOS @ MIA,L,37,8,20,0.4,0,0,0.0,0,0,0.0,1,5,6,0,1,1,2,5,16,-13,0,2010-11,Playoffs,708,Kevin Garnett
42010,708,0041000213,2011-05-07,BOS vs. MIA,W,38,13,20,0.65,0,1,0.0,2,2,1.0,4,14,18,1,2,0,0,3,28,17,0,2010-11,Playoffs,708,Kevin Garnett
42010,708,0041000214,2011-05-09,BOS vs. MIA,L,41,1,10,0.1,0,0,0.0,5,6,0.833,0,10,10,2,3,2,2,5,7,-10,0,2010-11,Playoffs,708,Kevin Garnett
42010,708,0041000215,2011-05-11,BOS @ MIA,L,38,6,13,0.462,0,0,0.0,3,8,0.375,1,10,11,3,2,1,3,4,15,-8,0,2010-11,Playoffs,708,Kevin Garnett
22010,1718,0021000001,2010-10-26,BOS vs. MIA,W,41,4,7,0.571,3,4,0.75,8,8,1.0,1,8,9,3,1,0,3,3,19,12,0,2010-11,Regular Season,1718,Paul Pierce
22010,1718,0021000004,2010-10-27,BOS @ CLE,L,33,5,12,0.417,1,2,0.5,2,2,1.0,0,2,2,2,1,0,3,2,13,-9,0,2010-11,Regular Season,1718,Paul Pierce
22010,1718,0021000023,2010-10-29,BOS vs. NYK,W,39,9,20,0.45,4,6,0.667,3,5,0.6,2,12,14,5,0,0,2,4,25,8,0,2010-11,Regular Season,1718,Paul Pierce
22010,1718,0021000049,2010-11-02,BOS @ DET,W,32,8,13,0.615,3,7,0.429,2,2,1.0,0,5,5,3,0,1,1,1,21,22,0,2010-11,Regular Season,1718,Paul Pierce
22010,1718,0021000058,2010-11-03,BOS vs. MIL,W,41,8,17,0.471,1,4,0.25,11,11,1.0,0,5,5,4,1,0,4,4,28,17,0,2010-11,Regular Season,1718,Paul Pierce
22010,1718,0021000073,2010-11-05,BOS vs. CHI,W,43,4,14,0.286,0,2,0.0,2,2,1.0,1,6,7,5,0,1,1,4,10,5,0,2010-11,Regular Season,1718,Paul Pierce
22010,1718,0021000093,2010-11-07,BOS @ OKC,W,32,6,14,0.429,0,2,0.0,5,6,0.833,0,2,2,0,0,0,0,2,17,-2,0,2010-11,Regular Season,1718,Paul Pierce
22010,1718,0021000100,2010-11-08,BOS @ DAL,L,37,10,19,0.526,2,3,0.667,2,2,1.0,1,6,7,1,1,1,1,3,24,-1,0,2010-11,Regular Season,1718,Paul Pierce
22010,1718,0021000118,2010-11-11,BOS @ MIA,W,35,10,16,0.625,1,4,0.25,4,4,1.0,0,0,0,1,0,0,1,5,25,12,0,2010-11,Regular Season,1718,Paul Pierce
22010,1718,0021000135,2010-11-13,BOS @ MEM,W,43,9,13,0.692,1,2,0.5,9,9,1.0,0,3,3,4,1,1,5,5,28,-3,0,2010-11,Regular Season,1718,Paul Pierce
22010,1718,0021000160,2010-11-17,BOS vs. WAS,W,27,10,16,0.625,3,4,0.75,0,0,0.0,0,3,3,2,0,0,0,1,23,16,0,2010-11,Regular Season,1718,Paul Pierce
22010,1718,0021000171,2010-11-19,BOS vs. OKC,L,37,7,13,0.538,0,0,0.0,0,1,0.0,0,6,6,3,0,1,4,3,14,-4,0,2010-11,Regular Season,1718,Paul Pierce
22010,1718,0021000191,2010-11-21,BOS @ TOR,L,36,5,10,0.5,0,2,0.0,9,13,0.692,0,5,5,5,0,2,1,5,19,14,0,2010-11,Regular Season,1718,Paul Pierce
22010,1718,0021000195,2010-11-22,BOS @ ATL,W,27,6,9,0.667,0,0,0.0,1,1,1.0,1,3,4,1,1,0,1,1,13,35,0,2010-11,Regular Season,1718,Paul Pierce
22010,1718,0021000212,2010-11-24,BOS vs. NJN,W,39,7,17,0.412,1,5,0.2,3,6,0.5,1,4,5,4,1,0,0,2,18,11,0,2010-11,Regular Season,1718,Paul Pierce
22010,1718,0021000224,2010-11-26,BOS vs. TOR,W,39,5,12,0.417,1,4,0.25,7,9,0.778,0,2,2,4,1,3,0,3,18,19,0,2010-11,Regular Season,1718,Paul Pierce
22010,1718,0021000254,2010-11-30,BOS @ CLE,W,23,4,7,0.571,1,1,1.0,2,3,0.667,0,3,3,2,2,3,0,2,11,22,0,2010-11,Regular Season,1718,Paul Pierce
22010,1718,0021000264,2010-12-01,BOS vs. POR,W,37,9,11,0.818,4,5,0.8,6,6,1.0,0,7,7,2,1,1,4,3,28,5,0,2010-11,Regular Season,1718,Paul Pierce
22010,1718,0021000280,2010-12-03,BOS vs. CHI,W,32,8,16,0.5,0,3,0.0,2,2,1.0,0,3,3,0,0,0,0,3,18,17,0,2010-11,Regular Season,1718,Paul Pierce
22010,1718,0021000294,2010-12-05,BOS @ NJN,W,24,2,7,0.286,0,4,0.0,4,6,0.667,0,0,0,4,0,0,1,0,8,11,0,2010-11,Regular Season,1718,Paul Pierce
22010,1718,0021000316,2010-12-08,BOS vs. DEN,W,37,6,14,0.429,0,4,0.0,5,5,1.0,0,3,3,4,2,1,3,3,17,23,0,2010-11,Regular Season,1718,Paul Pierce
22010,1718,0021000327,2010-12-09,BOS @ PHI,W,40,3,8,0.375,0,0,0.0,4,4,1.0,0,8,8,2,1,0,4,3,10,-9,0,2010-11,Regular Season,1718,Paul Pierce
22010,1718,0021000343,2010-12-11,BOS @ CHA,W,29,1,9,0.111,0,5,0.0,6,8,0.75,1,3,4,2,2,3,1,2,8,20,0,2010-11,Regular Season,1718,Paul Pierce
22010,1718,0021000368,2010-12-15,BOS @ NYK,W,41,10,18,0.556,2,4,0.5,10,10,1.0,0,10,10,4,2,0,2,5,32,0,0,2010-11,Regular Season,1718,Paul Pierce
22010,1718,0021000379,2010-12-16,BOS vs. ATL,W,38,5,15,0.333,2,5,0.4,3,4,0.75,1,4,5,10,1,0,1,3,15,22,0,2010-11,Regular Season,1718,Paul Pierce
22010,1718,0021000400,2010-12-19,BOS vs. IND,W,37,6,8,0.75,0,2,0.0,6,6,1.0,0,10,10,12,4,1,3,3,18,18,0,2010-11,Regular Season,1718,Paul Pierce
22010,1718,0021000424,2010-12-22,BOS vs. PHI,W,34,4,15,0.267,1,4,0.25,2,2,1.0,0,4,4,2,2,0,2,5,11,-1,0,2010-11,Regular Season,1718,Paul Pierce
22010,1718,0021000434,2010-12-25,BOS @ ORL,L,40,6,14,0.429,2,4,0.5,4,4,1.0,0,8,8,5,1,0,5,0,18,-9,0,2010-11,Regular Season,1718,Paul Pierce
22010,1718,0021000456,2010-12-28,BOS @ IND,W,36,8,14,0.571,3,3,1.0,2,2,1.0,0,5,5,7,0,0,0,3,21,11,0,2010-11,Regular Season,1718,Paul Pierce
22010,1718,0021000465,2010-12-29,BOS @ DET,L,39,11,16,0.688,3,4,0.75,8,8,1.0,1,4,5,8,4,0,5,4,33,-10,0,2010-11,Regular Season,1718,Paul Pierce
22010,1718,0021000476,2010-12-31,BOS vs. NOH,L,36,5,10,0.5,0,4,0.0,2,2,1.0,0,7,7,3,1,1,6,2,12,-10,0,2010-11,Regular Season,1718,Paul Pierce
22010,1718,0021000494,2011-01-02,BOS @ TOR,W,36,10,15,0.667,3,3,1.0,7,8,0.875,0,7,7,4,0,0,1,2,30,18,0,2010-11,Regular Season,1718,Paul Pierce
22010,1718,0021000501,2011-01-03,BOS vs. MIN,W,37,8,16,0.5,1,4,0.25,6,8,0.75,3,3,6,3,0,0,2,4,23,4,0,2010-11,Regular Season,1718,Paul Pierce
22010,1718,0021000516,2011-01-05,BOS vs. SAS,W,35,7,10,0.7,2,2,1.0,2,2,1.0,0,7,7,1,1,1,1,3,18,12,0,2010-11,Regular Season,1718,Paul Pierce
22010,1718,0021000528,2011-01-07,BOS vs. TOR,W,28,6,10,0.6,2,5,0.4,6,8,0.75,1,4,5,4,2,0,1,3,20,10,0,2010-11,Regular Season,1718,Paul Pierce
22010,1718,0021000540,2011-01-08,BOS @ CHI,L,39,7,16,0.438,2,4,0.5,5,6,0.833,0,4,4,3,1,0,1,2,21,-4,0,2010-11,Regular Season,1718,Paul Pierce
22010,1718,0021000552,2011-01-10,BOS vs. HOU,L,30,5,12,0.417,2,5,0.4,4,4,1.0,0,3,3,2,1,0,2,4,16,-8,0,2010-11,Regular Season,1718,Paul Pierce
22010,1718,0021000564,2011-01-12,BOS vs. SAC,W,27,10,14,0.714,2,3,0.667,3,5,0.6,1,5,6,3,4,0,0,1,25,21,0,2010-11,Regular Season,1718,Paul Pierce
22010,1718,0021000579,2011-01-14,BOS vs. CHA,W,25,7,14,0.5,3,7,0.429,2,2,1.0,0,3,3,0,1,0,0,5,19,12,0,2010-11,Regular Season,1718,Paul Pierce
22010,1718,0021000608,2011-01-17,BOS vs. ORL,W,39,5,7,0.714,0,2,0.0,4,5,0.8,0,5,5,4,1,2,1,4,14,6,0,2010-11,Regular Season,1718,Paul Pierce
22010,1718,0021000616,2011-01-19,BOS vs. DET,W,37,8,15,0.533,3,5,0.6,3,4,0.75,0,5,5,3,0,0,3,4,22,7,0,2010-11,Regular Season,1718,Paul Pierce
22010,1718,0021000632,2011-01-21,BOS vs. UTA,W,26,5,8,0.625,3,3,1.0,7,8,0.875,0,3,3,0,2,2,1,2,20,17,0,2010-11,Regular Season,1718,Paul Pierce
22010,1718,0021000641,2011-01-22,BOS @ WAS,L,26,4,10,0.4,2,4,0.5,2,4,0.5,1,7,8,2,0,0,1,5,12,3,0,2010-11,Regular Season,1718,Paul Pierce
22010,1718,0021000664,2011-01-25,BOS vs. CLE,W,24,8,15,0.533,2,5,0.4,6,7,0.857,0,4,4,2,1,0,1,1,24,15,0,2010-11,Regular Season,1718,Paul Pierce
22010,1718,0021000680,2011-01-27,BOS @ POR,W,35,7,14,0.5,2,6,0.333,1,2,0.5,1,2,3,4,0,2,3,4,17,14,0,2010-11,Regular Season,1718,Paul Pierce
22010,1718,0021000690,2011-01-28,BOS @ PHX,L,31,5,15,0.333,0,2,0.0,4,5,0.8,0,2,2,0,1,1,1,1,14,-15,0,2010-11,Regular Season,1718,Paul Pierce
22010,1718,0021000702,2011-01-30,BOS @ LAL,W,41,11,18,0.611,3,5,0.6,7,7,1.0,1,4,5,3,1,1,3,4,32,5,0,2010-11,Regular Season,1718,Paul Pierce
22010,1718,0021000717,2011-02-01,BOS @ SAC,W,36,7,14,0.5,0,1,0.0,1,2,0.5,0,5,5,5,2,0,4,3,15,7,0,2010-11,Regular Season,1718,Paul Pierce
22010,1718,0021000740,2011-02-04,BOS vs. DAL,L,40,4,10,0.4,1,6,0.167,3,4,0.75,1,2,3,2,1,1,3,2,12,-3,0,2010-11,Regular Season,1718,Paul Pierce
22010,1718,0021000757,2011-02-06,BOS vs. ORL,W,42,4,11,0.364,0,2,0.0,10,12,0.833,0,4,4,5,1,1,3,4,18,20,0,2010-11,Regular Season,1718,Paul Pierce
22010,1718,0021000758,2011-02-07,BOS @ CHA,L,35,6,14,0.429,1,5,0.2,9,10,0.9,0,6,6,3,1,0,1,4,22,2,0,2010-11,Regular Season,1718,Paul Pierce
22010,1718,0021000783,2011-02-10,BOS vs. LAL,L,40,6,15,0.4,1,3,0.333,2,2,1.0,0,4,4,4,1,1,2,4,15,-1,0,2010-11,Regular Season,1718,Paul Pierce
22010,1718,0021000804,2011-02-13,BOS vs. MIA,W,40,0,10,0.0,0,5,0.0,1,2,0.5,0,5,5,3,1,0,3,3,1,4,0,2010-11,Regular Season,1718,Paul Pierce
22010,1718,0021000826,2011-02-16,BOS vs. NJN,W,33,10,18,0.556,1,5,0.2,10,13,0.769,0,5,5,0,1,1,1,1,31,19,0,2010-11,Regular Season,1718,Paul Pierce
22010,1718,0021000845,2011-02-22,BOS @ GSW,W,35,9,13,0.692,3,5,0.6,2,2,1.0,1,2,3,5,0,0,3,3,23,28,0,2010-11,Regular Season,1718,Paul Pierce
22010,1718,0021000860,2011-02-24,BOS @ DEN,L,28,7,18,0.389,2,6,0.333,1,1,1.0,1,5,6,0,3,1,2,4,17,-8,0,2010-11,Regular Season,1718,Paul Pierce
22010,1718,0021000878,2011-02-26,BOS @ LAC,W,36,6,14,0.429,1,4,0.25,11,13,0.846,0,5,5,2,2,0,3,1,24,13,0,2010-11,Regular Season,1718,Paul Pierce
22010,1718,0021000892,2011-02-28,BOS @ UTA,W,38,4,10,0.4,2,4,0.5,11,11,1.0,0,7,7,4,1,0,0,5,21,2,0,2010-11,Regular Season,1718,Paul Pierce
22010,1718,0021000905,2011-03-02,BOS vs. PHX,W,36,6,9,0.667,0,3,0.0,4,6,0.667,0,13,13,3,1,0,3,5,16,26,0,2010-11,Regular Season,1718,Paul Pierce
22010,1718,0021000918,2011-03-04,BOS vs. GSW,W,37,9,14,0.643,1,4,0.25,8,8,1.0,1,6,7,2,1,1,4,3,27,5,0,2010-11,Regular Season,1718,Paul Pierce
22010,1718,0021000939,2011-03-06,BOS @ MIL,W,37,8,13,0.615,1,2,0.5,6,6,1.0,0,5,5,4,1,1,4,2,23,16,0,2010-11,Regular Season,1718,Paul Pierce
22010,1718,0021000957,2011-03-09,BOS vs. LAC,L,37,5,11,0.455,2,5,0.4,7,8,0.875,0,4,4,6,0,1,2,3,19,-10,0,2010-11,Regular Season,1718,Paul Pierce
22010,1718,0021000969,2011-03-11,BOS @ PHI,L,36,4,7,0.571,0,2,0.0,3,4,0.75,1,6,7,5,0,1,3,5,11,0,0,2010-11,Regular Season,1718,Paul Pierce
22010,1718,0021000988,2011-03-13,BOS vs. MIL,W,28,4,7,0.571,0,0,0.0,6,7,0.857,0,3,3,2,0,2,4,0,14,22,0,2010-11,Regular Season,1718,Paul Pierce
22010,1718,0021000991,2011-03-14,BOS @ NJN,L,32,2,10,0.2,0,2,0.0,3,3,1.0,1,6,7,5,2,2,2,4,7,10,0,2010-11,Regular Season,1718,Paul Pierce
22010,1718,0021001004,2011-03-16,BOS vs. IND,W,28,6,12,0.5,2,4,0.5,6,7,0.857,0,2,2,5,2,1,1,1,20,7,0,2010-11,Regular Season,1718,Paul Pierce
22010,1718,0021001024,2011-03-18,BOS @ HOU,L,28,2,10,0.2,0,4,0.0,6,6,1.0,1,4,5,3,0,0,2,0,10,-19,0,2010-11,Regular Season,1718,Paul Pierce
22010,1718,0021001032,2011-03-19,BOS @ NOH,W,35,1,9,0.111,1,6,0.167,6,6,1.0,0,4,4,6,2,0,3,2,9,-12,0,2010-11,Regular Season,1718,Paul Pierce
22010,1718,0021001046,2011-03-21,BOS @ NYK,W,35,8,13,0.615,1,2,0.5,4,4,1.0,0,6,6,2,0,0,0,4,21,16,0,2010-11,Regular Season,1718,Paul Pierce
22010,1718,0021001057,2011-03-23,BOS vs. MEM,L,35,6,10,0.6,2,4,0.5,8,8,1.0,0,6,6,2,0,0,2,1,22,8,0,2010-11,Regular Season,1718,Paul Pierce
22010,1718,0021001070,2011-03-25,BOS vs. CHA,L,30,6,14,0.429,1,5,0.2,5,8,0.625,0,3,3,4,1,1,0,4,18,-5,0,2010-11,Regular Season,1718,Paul Pierce
22010,1718,0021001091,2011-03-27,BOS @ MIN,W,37,6,16,0.375,2,8,0.25,9,11,0.818,1,6,7,3,1,0,6,4,23,7,0,2010-11,Regular Season,1718,Paul Pierce
22010,1718,0021001097,2011-03-28,BOS @ IND,L,39,8,13,0.615,3,4,0.75,4,4,1.0,1,5,6,1,1,1,3,3,23,3,0,2010-11,Regular Season,1718,Paul Pierce
22010,1718,0021001118,2011-03-31,BOS @ SAS,W,37,8,16,0.5,1,5,0.2,4,5,0.8,3,8,11,7,1,1,2,2,21,11,0,2010-11,Regular Season,1718,Paul Pierce
22010,1718,0021001125,2011-04-01,BOS @ ATL,L,36,8,15,0.533,1,2,0.5,8,11,0.727,0,8,8,2,1,0,2,5,25,5,0,2010-11,Regular Season,1718,Paul Pierce
22010,1718,0021001140,2011-04-03,BOS vs. DET,W,32,7,10,0.7,3,5,0.6,5,6,0.833,0,6,6,3,1,0,3,2,22,12,0,2010-11,Regular Season,1718,Paul Pierce
22010,1718,0021001154,2011-04-05,BOS vs. PHI,W,35,6,11,0.545,3,4,0.75,3,3,1.0,0,7,7,4,0,1,3,3,18,20,0,2010-11,Regular Season,1718,Paul Pierce
22010,1718,0021001174,2011-04-07,BOS @ CHI,L,32,6,13,0.462,1,5,0.2,2,2,1.0,0,4,4,1,0,1,4,2,15,-16,0,2010-11,Regular Season,1718,Paul Pierce
22010,1718,0021001179,2011-04-08,BOS vs. WAS,W,40,5,14,0.357,0,2,0.0,12,13,0.923,4,8,12,3,2,3,3,0,22,24,0,2010-11,Regular Season,1718,Paul Pierce
22010,1718,0021001194,2011-04-10,BOS @ MIA,L,34,9,14,0.643,3,5,0.6,3,3,1.0,0,7,7,2,2,0,4,4,24,0,0,2010-11,Regular Season,1718,Paul Pierce
42010,1718,0041000121,2011-04-17,BOS vs. NYK,W,39,6,16,0.375,2,5,0.4,4,5,0.8,1,3,4,4,1,0,4,3,18,-4,0,2010-11,Playoffs,1718,Paul Pierce
42010,1718,0041000122,2011-04-19,BOS vs. NYK,W,45,8,18,0.444,1,3,0.333,3,3,1.0,0,5,5,2,1,2,2,4,20,8,0,2010-11,Playoffs,1718,Paul Pierce
42010,1718,0041000123,2011-04-22,BOS @ NYK,W,33,14,19,0.737,6,8,0.75,4,4,1.0,0,3,3,1,3,0,3,3,38,23,0,2010-11,Playoffs,1718,Paul Pierce
42010,1718,0041000124,2011-04-24,BOS @ NYK,W,38,5,18,0.278,1,4,0.25,2,2,1.0,0,5,5,3,3,0,1,4,13,13,0,2010-11,Playoffs,1718,Paul Pierce
42010,1718,0041000211,2011-05-01,BOS @ MIA,L,35,6,14,0.429,3,7,0.429,4,6,0.667,1,6,7,2,1,0,4,3,19,-7,0,2010-11,Playoffs,1718,Paul Pierce
42010,1718,0041000212,2011-05-03,BOS @ MIA,L,33,5,11,0.455,1,4,0.25,2,2,1.0,1,4,5,1,0,0,1,2,13,-10,0,2010-11,Playoffs,1718,Paul Pierce
42010,1718,0041000213,2011-05-07,BOS vs. MIA,W,41,9,20,0.45,5,7,0.714,4,4,1.0,2,3,5,5,2,0,1,2,27,12,0,2010-11,Playoffs,1718,Paul Pierce
42010,1718,0041000214,2011-05-09,BOS vs. MIA,L,45,10,20,0.5,1,6,0.167,6,7,0.857,0,8,8,3,1,2,4,4,27,-11,0,2010-11,Playoffs,1718,Paul Pierce
42010,1718,0041000215,2011-05-11,BOS @ MIA,L,35,5,12,0.417,1,3,0.333,1,1,1.0,0,3,3,4,0,0,4,5,12,-15,0,2010-11,Playoffs,1718,Paul Pierce
22010,1503,0021000005,2010-10-27,DET @ NJN,L,14,0,3,0.0,0,0,0.0,0,0,0.0,1,1,2,3,2,0,0,1,0,9,0,2010-11,Regular Season,1503,Tracy McGrady
22010,1503,0021000024,2010-10-29,DET vs. OKC,L,6,0,0,0.0,0,0,0.0,0,0,0.0,0,2,2,1,0,0,1,0,0,6,0,2010-11,Regular Season,1503,Tracy McGrady
22010,1503,0021000035,2010-10-30,DET @ CHI,L,17,1,3,0.333,0,0,0.0,0,0,0.0,1,3,4,1,2,0,3,2,2,12,0,2010-11,Regular Season,1503,Tracy McGrady
22010,1503,0021000049,2010-11-02,DET vs. BOS,L,8,0,1,0.0,0,0,0.0,0,0,0.0,0,0,0,1,0,0,0,0,0,-9,0,2010-11,Regular Season,1503,Tracy McGrady
22010,1503,0021000054,2010-11-03,DET @ ATL,L,24,4,7,0.571,0,1,0.0,1,2,0.5,1,3,4,3,3,0,2,1,9,-7,0,2010-11,Regular Season,1503,Tracy McGrady
22010,1503,0021000071,2010-11-05,DET vs. CHA,W,23,3,6,0.5,0,0,0.0,4,4,1.0,0,3,3,2,2,0,0,1,10,-1,0,2010-11,Regular Season,1503,Tracy McGrady
22010,1503,0021000091,2010-11-07,DET vs. GSW,W,9,0,1,0.0,0,0,0.0,1,2,0.5,1,0,1,0,1,0,0,1,1,-5,0,2010-11,Regular Season,1503,Tracy McGrady
22010,1503,0021000106,2010-11-09,DET @ POR,L,18,2,5,0.4,0,0,0.0,0,1,0.0,1,3,4,3,0,0,0,0,4,-7,0,2010-11,Regular Season,1503,Tracy McGrady
22010,1503,0021000129,2010-11-12,DET @ LAC,W,8,2,2,1.0,1,1,1.0,0,0,0.0,0,0,0,2,0,0,1,1,5,-1,0,2010-11,Regular Season,1503,Tracy McGrady
22010,1503,0021000140,2010-11-14,DET @ SAC,W,21,4,5,0.8,0,0,0.0,0,0,0.0,0,0,0,1,1,1,2,2,8,5,0,2010-11,Regular Season,1503,Tracy McGrady
22010,1503,0021000149,2010-11-15,DET @ GSW,L,26,3,8,0.375,0,2,0.0,0,2,0.0,2,3,5,1,0,0,1,1,6,-16,0,2010-11,Regular Season,1503,Tracy McGrady
22010,1503,0021000161,2010-11-17,DET vs. LAL,L,15,1,3,0.333,0,0,0.0,1,4,0.25,0,2,2,0,1,1,0,0,3,-1,0,2010-11,Regular Season,1503,Tracy McGrady
22010,1503,0021000192,2010-11-21,DET vs. WAS,W,18,2,6,0.333,0,1,0.0,0,2,0.0,1,1,2,2,0,2,0,2,4,-9,0,2010-11,Regular Season,1503,Tracy McGrady
22010,1503,0021000207,2010-11-23,DET @ DAL,L,20,3,6,0.5,0,2,0.0,0,2,0.0,1,3,4,4,1,1,3,3,6,6,0,2010-11,Regular Season,1503,Tracy McGrady
22010,1503,0021000214,2010-11-24,DET @ MEM,L,23,1,3,0.333,0,1,0.0,0,0,0.0,1,2,3,4,0,0,0,1,2,-13,0,2010-11,Regular Season,1503,Tracy McGrady
22010,1503,0021000225,2010-11-26,DET vs. MIL,W,6,0,1,0.0,0,0,0.0,0,0,0.0,0,0,0,0,0,0,0,0,0,2,0,2010-11,Regular Season,1503,Tracy McGrady
22010,1503,0021000243,2010-11-28,DET vs. NYK,L,29,6,10,0.6,0,0,0.0,1,1,1.0,0,6,6,3,1,1,0,0,13,6,0,2010-11,Regular Season,1503,Tracy McGrady
22010,1503,0021000255,2010-11-30,DET @ ORL,L,18,1,4,0.25,0,1,0.0,1,1,1.0,0,3,3,2,0,0,0,1,3,-16,0,2010-11,Regular Season,1503,Tracy McGrady
22010,1503,0021000265,2010-12-01,DET @ MIA,L,7,0,0,0.0,0,0,0.0,0,0,0.0,0,2,2,1,0,0,0,0,0,-5,0,2010-11,Regular Season,1503,Tracy McGrady
22010,1503,0021000279,2010-12-03,DET vs. ORL,L,15,2,3,0.667,0,0,0.0,0,0,0.0,0,0,0,0,0,0,2,0,4,-13,0,2010-11,Regular Season,1503,Tracy McGrady
22010,1503,0021000296,2010-12-05,DET vs. CLE,W,18,0,1,0.0,0,0,0.0,0,0,0.0,0,3,3,1,0,1,1,1,0,-4,0,2010-11,Regular Season,1503,Tracy McGrady
22010,1503,0021000313,2010-12-07,DET @ HOU,L,23,3,6,0.5,1,1,1.0,4,4,1.0,0,3,3,3,1,0,3,5,11,4,0,2010-11,Regular Season,1503,Tracy McGrady
22010,1503,0021000321,2010-12-08,DET @ NOH,L,19,1,4,0.25,0,2,0.0,0,0,0.0,0,5,5,3,1,0,1,1,2,-15,0,2010-11,Regular Season,1503,Tracy McGrady
22010,1503,0021000334,2010-12-10,DET @ MIN,L,19,1,3,0.333,0,1,0.0,0,0,0.0,0,0,0,3,1,0,0,0,2,-6,0,2010-11,Regular Season,1503,Tracy McGrady
22010,1503,0021000344,2010-12-11,DET vs. TOR,L,9,2,4,0.5,0,0,0.0,2,2,1.0,0,4,4,2,0,0,0,0,6,10,0,2010-11,Regular Season,1503,Tracy McGrady
22010,1503,0021000363,2010-12-14,DET vs. ATL,W,26,5,9,0.556,4,6,0.667,2,2,1.0,0,6,6,3,1,1,1,2,16,23,0,2010-11,Regular Season,1503,Tracy McGrady
22010,1503,0021000386,2010-12-17,DET vs. LAC,L,24,2,5,0.4,1,1,1.0,1,3,0.333,1,3,4,5,0,1,1,1,6,-5,0,2010-11,Regular Season,1503,Tracy McGrady
22010,1503,0021000403,2010-12-19,DET vs. NOH,W,19,2,6,0.333,0,2,0.0,0,0,0.0,0,5,5,2,1,0,2,1,4,-9,0,2010-11,Regular Season,1503,Tracy McGrady
22010,1503,0021000422,2010-12-22,DET @ TOR,W,24,8,12,0.667,1,2,0.5,0,0,0.0,0,7,7,7,3,0,1,1,17,32,0,2010-11,Regular Season,1503,Tracy McGrady
22010,1503,0021000440,2010-12-26,DET vs. CHI,L,29,7,13,0.538,1,2,0.5,0,0,0.0,0,2,2,1,0,0,1,2,15,5,0,2010-11,Regular Season,1503,Tracy McGrady
22010,1503,0021000445,2010-12-27,DET @ CHA,L,11,1,3,0.333,0,0,0.0,0,0,0.0,0,2,2,1,0,0,0,1,2,-20,0,2010-11,Regular Season,1503,Tracy McGrady
22010,1503,0021000465,2010-12-29,DET vs. BOS,W,30,7,11,0.636,1,1,1.0,6,6,1.0,0,4,4,8,3,0,2,3,21,11,0,2010-11,Regular Season,1503,Tracy McGrady
22010,1503,0021000482,2010-12-31,DET @ PHX,L,35,3,10,0.3,1,3,0.333,0,0,0.0,2,2,4,2,1,2,5,3,7,-22,0,2010-11,Regular Season,1503,Tracy McGrady
22010,1503,0021000504,2011-01-03,DET @ UTA,L,34,5,11,0.455,1,3,0.333,0,0,0.0,1,8,9,11,0,0,1,2,11,5,0,2010-11,Regular Season,1503,Tracy McGrady
22010,1503,0021000511,2011-01-04,DET @ LAL,L,25,5,8,0.625,1,1,1.0,3,4,0.75,0,2,2,6,0,1,6,1,14,-7,0,2010-11,Regular Season,1503,Tracy McGrady
22010,1503,0021000539,2011-01-08,DET vs. PHI,W,37,4,10,0.4,1,2,0.5,0,0,0.0,0,4,4,7,0,2,0,2,9,5,0,2010-11,Regular Season,1503,Tracy McGrady
22010,1503,0021000553,2011-01-10,DET @ CHI,L,32,4,8,0.5,0,1,0.0,1,2,0.5,0,2,2,2,1,1,3,2,9,-6,0,2010-11,Regular Season,1503,Tracy McGrady
22010,1503,0021000565,2011-01-12,DET vs. MEM,L,36,6,11,0.545,0,4,0.0,4,5,0.8,2,4,6,4,1,1,2,3,16,-3,0,2010-11,Regular Season,1503,Tracy McGrady
22010,1503,0021000578,2011-01-14,DET @ TOR,W,36,8,17,0.471,2,3,0.667,4,5,0.8,2,2,4,5,0,0,3,2,22,-3,0,2010-11,Regular Season,1503,Tracy McGrady
22010,1503,0021000590,2011-01-15,DET vs. SAC,W,10,0,1,0.0,0,0,0.0,0,2,0.0,0,1,1,0,0,0,0,0,0,-5,0,2010-11,Regular Season,1503,Tracy McGrady
22010,1503,0021000604,2011-01-17,DET vs. DAL,W,26,4,6,0.667,0,0,0.0,0,1,0.0,0,1,1,3,0,0,1,0,8,9,0,2010-11,Regular Season,1503,Tracy McGrady
22010,1503,0021000616,2011-01-19,DET @ BOS,L,37,2,9,0.222,0,2,0.0,1,2,0.5,0,4,4,7,2,2,3,4,5,1,0,2010-11,Regular Season,1503,Tracy McGrady
22010,1503,0021000629,2011-01-21,DET @ NJN,L,31,4,10,0.4,0,1,0.0,2,2,1.0,1,5,6,6,0,0,2,2,10,-9,0,2010-11,Regular Season,1503,Tracy McGrady
22010,1503,0021000642,2011-01-22,DET vs. PHX,W,24,1,5,0.2,1,1,1.0,0,0,0.0,1,2,3,2,1,1,1,2,3,3,0,2010-11,Regular Season,1503,Tracy McGrady
22010,1503,0021000654,2011-01-24,DET @ ORL,W,36,8,19,0.421,0,3,0.0,4,6,0.667,2,5,7,5,2,0,2,0,20,15,0,2010-11,Regular Season,1503,Tracy McGrady
22010,1503,0021000671,2011-01-26,DET vs. DEN,L,36,4,9,0.444,1,2,0.5,5,6,0.833,0,6,6,8,1,0,1,3,14,-5,0,2010-11,Regular Season,1503,Tracy McGrady
22010,1503,0021000686,2011-01-28,DET @ MIA,L,38,6,17,0.353,1,4,0.25,1,2,0.5,1,7,8,10,0,4,1,2,14,-4,0,2010-11,Regular Season,1503,Tracy McGrady
22010,1503,0021000705,2011-01-30,DET @ NYK,L,31,5,10,0.5,0,1,0.0,2,3,0.667,0,3,3,3,0,1,2,4,12,-6,0,2010-11,Regular Season,1503,Tracy McGrady
22010,1503,0021000722,2011-02-02,DET vs. CHA,L,29,4,9,0.444,2,2,1.0,2,2,1.0,1,0,1,8,3,1,1,4,12,4,0,2010-11,Regular Season,1503,Tracy McGrady
22010,1503,0021000739,2011-02-04,DET vs. NJN,W,34,8,20,0.4,0,1,0.0,0,0,0.0,4,4,8,4,1,0,2,1,16,14,0,2010-11,Regular Season,1503,Tracy McGrady
22010,1503,0021000750,2011-02-05,DET @ MIL,W,30,7,14,0.5,0,3,0.0,6,6,1.0,1,1,2,2,0,0,4,2,20,3,0,2010-11,Regular Season,1503,Tracy McGrady
22010,1503,0021000768,2011-02-08,DET vs. SAS,L,25,3,10,0.3,0,1,0.0,1,1,1.0,1,1,2,3,3,0,1,0,7,-10,0,2010-11,Regular Season,1503,Tracy McGrady
22010,1503,0021000773,2011-02-09,DET @ CLE,W,18,2,5,0.4,0,0,0.0,3,4,0.75,1,1,2,3,1,0,1,0,7,-9,0,2010-11,Regular Season,1503,Tracy McGrady
22010,1503,0021000792,2011-02-11,DET vs. MIA,L,28,2,6,0.333,1,3,0.333,4,4,1.0,1,4,5,2,1,1,5,1,9,-20,0,2010-11,Regular Season,1503,Tracy McGrady
22010,1503,0021000807,2011-02-13,DET vs. POR,L,28,6,12,0.5,1,1,1.0,3,4,0.75,1,1,2,5,3,0,0,1,16,-1,0,2010-11,Regular Season,1503,Tracy McGrady
22010,1503,0021000814,2011-02-14,DET vs. ATL,L,27,3,9,0.333,2,2,1.0,6,6,1.0,0,1,1,4,2,0,1,1,14,-10,0,2010-11,Regular Season,1503,Tracy McGrady
22010,1503,0021000828,2011-02-16,DET vs. IND,W,29,6,13,0.462,1,2,0.5,2,2,1.0,3,2,5,4,0,0,0,0,15,7,0,2010-11,Regular Season,1503,Tracy McGrady
22010,1503,0021000840,2011-02-22,DET vs. HOU,L,22,4,11,0.364,0,1,0.0,2,2,1.0,2,6,8,3,1,1,2,3,10,-8,0,2010-11,Regular Season,1503,Tracy McGrady
22010,1503,0021000848,2011-02-23,DET @ IND,L,38,6,15,0.4,0,2,0.0,4,6,0.667,0,5,5,12,0,1,3,1,16,8,0,2010-11,Regular Season,1503,Tracy McGrady
22010,1503,0021000962,2011-03-09,DET @ SAS,L,35,6,11,0.545,2,2,1.0,1,2,0.5,1,6,7,9,2,1,2,3,15,4,0,2010-11,Regular Season,1503,Tracy McGrady
22010,1503,0021000973,2011-03-11,DET @ OKC,L,29,3,9,0.333,1,2,0.5,2,6,0.333,3,6,9,5,1,0,2,3,9,0,0,2010-11,Regular Season,1503,Tracy McGrady
22010,1503,0021000984,2011-03-12,DET @ DEN,L,22,4,10,0.4,0,2,0.0,0,0,0.0,2,3,5,5,1,0,0,2,8,-19,0,2010-11,Regular Season,1503,Tracy McGrady
22010,1503,0021001005,2011-03-16,DET vs. TOR,W,30,3,7,0.429,1,3,0.333,0,0,0.0,0,1,1,4,1,1,2,3,7,8,0,2010-11,Regular Season,1503,Tracy McGrady
22010,1503,0021001021,2011-03-18,DET vs. NYK,W,22,3,7,0.429,0,0,0.0,0,0,0.0,0,3,3,3,4,1,2,1,6,6,0,2010-11,Regular Season,1503,Tracy McGrady
22010,1503,0021001036,2011-03-20,DET @ ATL,L,26,2,8,0.25,0,1,0.0,0,0,0.0,1,5,6,4,1,0,2,2,4,-1,0,2010-11,Regular Season,1503,Tracy McGrady
22010,1503,0021001058,2011-03-23,DET vs. MIA,L,36,3,6,0.5,0,1,0.0,1,2,0.5,0,6,6,5,2,0,3,2,7,2,0,2010-11,Regular Season,1503,Tracy McGrady
22010,1503,0021001071,2011-03-25,DET @ CLE,L,21,1,5,0.2,0,0,0.0,0,1,0.0,0,1,1,3,2,0,2,0,2,-8,0,2010-11,Regular Season,1503,Tracy McGrady
22010,1503,0021001107,2011-03-30,DET @ IND,L,12,0,0,0.0,0,0,0.0,2,2,1.0,0,1,1,0,0,0,1,1,2,-5,0,2010-11,Regular Season,1503,Tracy McGrady
22010,1503,0021001140,2011-04-03,DET @ BOS,L,17,1,1,1.0,0,0,0.0,0,0,0.0,1,0,1,2,2,0,1,1,2,0,0,2010-11,Regular Season,1503,Tracy McGrady
22010,1503,0021001153,2011-04-05,DET @ WAS,L,29,7,11,0.636,0,1,0.0,0,1,0.0,3,2,5,6,1,1,1,2,14,10,0,2010-11,Regular Season,1503,Tracy McGrady
22010,1503,0021001181,2011-04-08,DET vs. MIL,W,14,0,0,0.0,0,0,0.0,0,0,0.0,0,3,3,2,0,2,1,0,0,10,0,2010-11,Regular Season,1503,Tracy McGrady
22010,1503,0021001195,2011-04-10,DET @ CHA,W,8,0,0,0.0,0,0,0.0,0,0,0.0,0,0,0,0,0,0,2,0,0,-10,0,2010-11,Regular Season,1503,Tracy McGrady
22010,1713,0021000017,2010-10-28,ORL vs. WAS,W,25,8,12,0.667,2,5,0.4,0,1,0.0,0,5,5,2,0,0,0,2,18,31,0,2010-11,Regular Season,1713,Vince Carter
22010,1713,0021000025,2010-10-29,ORL @ MIA,L,14,1,5,0.2,0,1,0.0,2,3,0.667,0,1,1,0,0,0,0,2,4,-26,0,2010-11,Regular Season,1713,Vince Carter
22010,1713,0021000056,2010-11-03,ORL vs. MIN,W,27,7,12,0.583,4,5,0.8,2,4,0.5,0,4,4,7,2,0,4,3,20,26,0,2010-11,Regular Season,1713,Vince Carter
22010,1713,0021000069,2010-11-05,ORL vs. NJN,W,38,6,11,0.545,3,6,0.5,4,4,1.0,0,5,5,3,0,0,1,2,19,31,0,2010-11,Regular Season,1713,Vince Carter
22010,1713,0021000080,2010-11-06,ORL @ CHA,W,36,4,11,0.364,0,4,0.0,2,4,0.5,1,4,5,4,2,1,1,1,10,14,0,2010-11,Regular Season,1713,Vince Carter
22010,1713,0021000096,2010-11-08,ORL vs. ATL,W,26,8,12,0.667,1,1,1.0,2,5,0.4,0,1,1,2,2,0,1,5,19,9,0,2010-11,Regular Season,1713,Vince Carter
22010,1713,0021000109,2010-11-10,ORL vs. UTA,L,36,8,17,0.471,4,10,0.4,0,0,0.0,1,1,2,3,1,0,2,1,20,-5,0,2010-11,Regular Season,1713,Vince Carter
22010,1713,0021000123,2010-11-12,ORL vs. TOR,L,32,4,11,0.364,0,0,0.0,2,3,0.667,0,4,4,3,2,0,1,4,10,6,0,2010-11,Regular Season,1713,Vince Carter
22010,1713,0021000131,2010-11-13,ORL @ NJN,W,32,4,10,0.4,0,1,0.0,5,6,0.833,0,2,2,3,0,0,4,2,13,4,0,2010-11,Regular Season,1713,Vince Carter
22010,1713,0021000145,2010-11-15,ORL vs. MEM,W,29,6,8,0.75,3,4,0.75,4,5,0.8,0,2,2,1,1,0,2,5,19,12,0,2010-11,Regular Season,1713,Vince Carter
22010,1713,0021000169,2010-11-18,ORL vs. PHX,W,25,5,8,0.625,2,4,0.5,1,4,0.25,0,1,1,1,0,0,2,3,13,17,0,2010-11,Regular Season,1713,Vince Carter
22010,1713,0021000183,2010-11-20,ORL @ IND,W,32,3,12,0.25,0,3,0.0,2,2,1.0,0,9,9,2,0,0,2,2,8,8,0,2010-11,Regular Season,1713,Vince Carter
22010,1713,0021000199,2010-11-22,ORL @ SAS,L,17,2,6,0.333,0,1,0.0,4,4,1.0,0,0,0,2,0,0,1,4,8,-4,0,2010-11,Regular Season,1713,Vince Carter
22010,1713,0021000255,2010-11-30,ORL vs. DET,W,27,6,14,0.429,1,3,0.333,0,0,0.0,2,2,4,1,2,0,1,0,13,7,0,2010-11,Regular Season,1713,Vince Carter
22010,1713,0021000266,2010-12-01,ORL @ CHI,W,34,8,17,0.471,0,4,0.0,6,6,1.0,4,2,6,2,1,0,4,5,22,16,0,2010-11,Regular Season,1713,Vince Carter
22010,1713,0021000279,2010-12-03,ORL @ DET,W,41,10,15,0.667,2,5,0.4,3,4,0.75,1,3,4,9,3,0,3,4,25,19,0,2010-11,Regular Season,1713,Vince Carter
22010,1713,0021000292,2010-12-04,ORL @ MIL,L,37,7,21,0.333,0,5,0.0,6,8,0.75,0,7,7,6,1,0,3,4,20,-3,0,2010-11,Regular Season,1713,Vince Carter
22010,1713,0021000303,2010-12-06,ORL vs. ATL,L,31,8,16,0.5,0,1,0.0,2,3,0.667,1,7,8,3,0,1,3,5,18,-1,0,2010-11,Regular Season,1713,Vince Carter
22010,1713,0021000329,2010-12-09,ORL @ POR,L,33,2,12,0.167,0,4,0.0,2,2,1.0,1,6,7,2,0,0,0,5,6,-11,0,2010-11,Regular Season,1713,Vince Carter
22010,1713,0021000339,2010-12-10,ORL @ UTA,L,28,6,9,0.667,2,4,0.5,3,3,1.0,0,4,4,3,0,0,0,3,17,1,0,2010-11,Regular Season,1713,Vince Carter
22010,1713,0021000354,2010-12-12,ORL @ LAC,W,34,6,12,0.5,1,3,0.333,0,0,0.0,0,7,7,3,1,0,1,3,13,10,0,2010-11,Regular Season,1713,Vince Carter
22010,1713,0021000365,2010-12-14,ORL @ DEN,L,32,6,15,0.4,2,4,0.5,4,4,1.0,0,2,2,2,2,1,0,5,18,-8,0,2010-11,Regular Season,1713,Vince Carter
22010,1713,0021000470,2010-12-29,PHX vs. PHI,L,32,8,20,0.4,1,6,0.167,1,1,1.0,2,1,3,2,1,1,1,1,18,-5,0,2010-11,Regular Season,1713,Vince Carter
22010,1713,0021000482,2010-12-31,PHX vs. DET,W,38,8,17,0.471,3,6,0.5,0,0,0.0,1,7,8,3,0,0,4,0,19,14,0,2010-11,Regular Season,1713,Vince Carter
22010,1713,0021000497,2011-01-02,PHX @ SAC,L,32,7,17,0.412,3,7,0.429,0,0,0.0,2,1,3,2,2,0,2,5,17,-17,0,2010-11,Regular Season,1713,Vince Carter
22010,1713,0021000521,2011-01-05,PHX vs. LAL,L,28,6,13,0.462,1,4,0.25,0,0,0.0,1,1,2,2,1,0,0,4,13,0,0,2010-11,Regular Season,1713,Vince Carter
22010,1713,0021000533,2011-01-07,PHX vs. NYK,L,33,7,13,0.538,1,3,0.333,4,4,1.0,0,4,4,0,1,0,1,3,19,-27,0,2010-11,Regular Season,1713,Vince Carter
22010,1713,0021000547,2011-01-09,PHX vs. CLE,W,33,8,17,0.471,3,7,0.429,0,0,0.0,3,4,7,3,0,0,0,5,19,7,0,2010-11,Regular Season,1713,Vince Carter
22010,1713,0021000558,2011-01-11,PHX @ DEN,L,23,6,15,0.4,3,5,0.6,0,0,0.0,3,3,6,0,0,2,2,5,15,-14,0,2010-11,Regular Season,1713,Vince Carter
22010,1713,0021000569,2011-01-12,PHX vs. NJN,W,41,9,20,0.45,4,9,0.444,1,2,0.5,2,3,5,2,0,0,2,2,23,15,0,2010-11,Regular Season,1713,Vince Carter
22010,1713,0021000584,2011-01-14,PHX vs. POR,W,28,6,12,0.5,2,4,0.5,3,6,0.5,0,2,2,0,2,0,2,2,17,8,0,2010-11,Regular Season,1713,Vince Carter
22010,1713,0021000598,2011-01-17,PHX @ NYK,W,39,11,20,0.55,5,8,0.625,2,2,1.0,2,10,12,4,0,0,1,2,29,3,0,2010-11,Regular Season,1713,Vince Carter
22010,1713,0021000613,2011-01-19,PHX @ CLE,W,35,1,6,0.167,1,4,0.25,0,0,0.0,0,8,8,4,3,0,2,0,3,13,0,2010-11,Regular Season,1713,Vince Carter
22010,1713,0021000634,2011-01-21,PHX @ WAS,W,37,5,17,0.294,1,4,0.25,1,2,0.5,1,9,10,1,0,2,2,2,12,18,0,2010-11,Regular Season,1713,Vince Carter
22010,1713,0021000642,2011-01-22,PHX @ DET,L,31,3,11,0.273,2,6,0.333,1,2,0.5,0,7,7,2,0,0,0,3,9,7,0,2010-11,Regular Season,1713,Vince Carter
22010,1713,0021000655,2011-01-24,PHX @ PHI,L,22,1,6,0.167,0,3,0.0,0,0,0.0,0,1,1,1,0,0,1,1,2,-10,0,2010-11,Regular Season,1713,Vince Carter
22010,1713,0021000675,2011-01-26,PHX vs. CHA,L,34,8,17,0.471,5,8,0.625,1,2,0.5,3,3,6,2,0,0,1,4,22,4,0,2010-11,Regular Season,1713,Vince Carter
22010,1713,0021000690,2011-01-28,PHX vs. BOS,W,34,5,10,0.5,2,4,0.5,5,6,0.833,1,0,1,3,3,1,1,2,17,15,0,2010-11,Regular Season,1713,Vince Carter
22010,1713,0021000706,2011-01-30,PHX vs. NOH,W,30,4,11,0.364,1,5,0.2,3,3,1.0,0,2,2,2,0,0,0,3,12,4,0,2010-11,Regular Season,1713,Vince Carter
22010,1713,0021000727,2011-02-02,PHX vs. MIL,W,21,1,2,0.5,0,0,0.0,0,0,0.0,0,2,2,1,0,0,0,1,2,15,0,2010-11,Regular Season,1713,Vince Carter
22010,1713,0021000742,2011-02-04,PHX vs. OKC,L,34,11,21,0.524,6,12,0.5,5,7,0.714,0,6,6,3,1,1,1,3,33,7,0,2010-11,Regular Season,1713,Vince Carter
22010,1713,0021000765,2011-02-07,PHX @ GSW,W,31,3,12,0.25,1,5,0.2,3,4,0.75,0,5,5,2,1,1,1,3,10,16,0,2010-11,Regular Season,1713,Vince Carter
22010,1713,0021000784,2011-02-10,PHX vs. GSW,W,16,3,6,0.5,0,2,0.0,0,0,0.0,0,4,4,1,0,1,0,1,6,8,0,2010-11,Regular Season,1713,Vince Carter
22010,1713,0021000795,2011-02-11,PHX @ UTA,W,20,3,8,0.375,0,1,0.0,0,0,0.0,0,3,3,0,3,1,0,2,6,-1,0,2010-11,Regular Season,1713,Vince Carter
22010,1713,0021000810,2011-02-13,PHX vs. SAC,L,15,3,10,0.3,0,3,0.0,1,1,1.0,1,0,1,0,0,0,1,2,7,-16,0,2010-11,Regular Season,1713,Vince Carter
22010,1713,0021000822,2011-02-15,PHX vs. UTA,W,25,3,9,0.333,0,2,0.0,4,6,0.667,2,2,4,3,1,0,3,1,10,8,0,2010-11,Regular Season,1713,Vince Carter
22010,1713,0021000837,2011-02-17,PHX vs. DAL,L,32,6,11,0.545,1,3,0.333,3,4,0.75,0,1,1,0,0,0,1,5,16,6,0,2010-11,Regular Season,1713,Vince Carter
22010,1713,0021000857,2011-02-23,PHX vs. ATL,W,16,2,5,0.4,0,1,0.0,2,2,1.0,0,2,2,0,1,0,0,1,6,-1,0,2010-11,Regular Season,1713,Vince Carter
22010,1713,0021000864,2011-02-25,PHX @ TOR,W,30,7,12,0.583,2,4,0.5,1,1,1.0,0,7,7,0,6,1,0,1,17,23,0,2010-11,Regular Season,1713,Vince Carter
22010,1713,0021000879,2011-02-27,PHX @ IND,W,22,3,14,0.214,1,4,0.25,0,1,0.0,2,2,4,3,1,0,1,2,7,12,0,2010-11,Regular Season,1713,Vince Carter
22010,1713,0021000889,2011-02-28,PHX @ NJN,W,29,2,10,0.2,1,6,0.167,0,0,0.0,1,3,4,1,2,0,0,2,5,-7,0,2010-11,Regular Season,1713,Vince Carter
22010,1713,0021000905,2011-03-02,PHX @ BOS,L,19,4,9,0.444,3,5,0.6,0,0,0.0,0,0,0,0,0,0,0,1,11,-23,0,2010-11,Regular Season,1713,Vince Carter
22010,1713,0021000937,2011-03-06,PHX @ OKC,L,40,11,22,0.5,6,12,0.5,1,3,0.333,3,1,4,4,1,0,1,5,29,-11,0,2010-11,Regular Season,1713,Vince Carter
22010,1713,0021000952,2011-03-08,PHX vs. HOU,W,39,13,17,0.765,5,7,0.714,1,2,0.5,1,5,6,3,3,0,3,1,32,6,0,2010-11,Regular Season,1713,Vince Carter
22010,1713,0021000966,2011-03-10,PHX vs. DEN,L,21,2,11,0.182,0,5,0.0,2,2,1.0,0,1,1,2,0,0,0,2,6,-13,0,2010-11,Regular Season,1713,Vince Carter
22010,1713,0021000987,2011-03-13,PHX vs. ORL,L,24,3,9,0.333,1,4,0.25,4,4,1.0,0,2,2,0,0,1,1,2,11,-8,0,2010-11,Regular Season,1713,Vince Carter
22010,1713,0021000996,2011-03-14,PHX @ HOU,L,37,8,21,0.381,2,5,0.4,3,4,0.75,1,1,2,4,0,1,3,4,21,-9,0,2010-11,Regular Season,1713,Vince Carter
22010,1713,0021001008,2011-03-16,PHX @ NOH,L,35,8,13,0.615,5,9,0.556,0,0,0.0,0,4,4,3,2,0,2,4,21,-6,0,2010-11,Regular Season,1713,Vince Carter
22010,1713,0021001026,2011-03-18,PHX vs. GSW,W,28,4,15,0.267,0,6,0.0,2,2,1.0,1,2,3,1,2,0,1,1,10,9,0,2010-11,Regular Season,1713,Vince Carter
22010,1713,0021001039,2011-03-20,PHX @ LAC,W,23,4,7,0.571,0,1,0.0,0,0,0.0,0,2,2,3,0,0,0,1,8,7,0,2010-11,Regular Season,1713,Vince Carter
22010,1713,0021001053,2011-03-22,PHX @ LAL,L,40,7,23,0.304,2,13,0.154,1,2,0.5,1,2,3,5,1,0,2,4,17,-20,0,2010-11,Regular Season,1713,Vince Carter
22010,1713,0021001063,2011-03-23,PHX vs. TOR,W,20,4,11,0.364,3,6,0.5,2,2,1.0,0,0,0,0,0,1,1,0,13,-11,0,2010-11,Regular Season,1713,Vince Carter
22010,1713,0021001077,2011-03-25,PHX vs. NOH,L,10,0,3,0.0,0,0,0.0,0,0,0.0,0,1,1,1,1,0,0,1,0,3,0,2010-11,Regular Season,1713,Vince Carter
22010,1713,0021001095,2011-03-27,PHX vs. DAL,L,15,1,4,0.25,1,2,0.5,0,2,0.0,1,2,3,0,0,1,1,3,3,-3,0,2010-11,Regular Season,1713,Vince Carter
22010,1713,0021001104,2011-03-29,PHX @ SAC,L,16,4,8,0.5,1,4,0.25,0,0,0.0,0,2,2,1,1,0,2,2,9,-2,0,2010-11,Regular Season,1713,Vince Carter
22010,1713,0021001116,2011-03-30,PHX vs. OKC,L,29,11,19,0.579,2,4,0.5,4,5,0.8,4,1,5,1,0,0,1,4,28,-17,0,2010-11,Regular Season,1713,Vince Carter
22010,1713,0021001129,2011-04-01,PHX vs. LAC,W,10,1,3,0.333,1,1,1.0,0,0,0.0,0,0,0,0,1,0,0,0,3,6,0,2010-11,Regular Season,1713,Vince Carter
22010,1713,0021001138,2011-04-03,PHX @ SAS,L,25,6,11,0.545,0,3,0.0,0,0,0.0,0,2,2,1,0,0,3,4,12,-17,0,2010-11,Regular Season,1713,Vince Carter
22010,1713,0021001156,2011-04-05,PHX @ CHI,L,22,9,22,0.409,3,6,0.5,2,3,0.667,3,2,5,1,2,0,1,5,23,7,0,2010-11,Regular Season,1713,Vince Carter
22010,1713,0021001168,2011-04-06,PHX @ MIN,W,23,4,10,0.4,1,5,0.2,3,4,0.75,0,4,4,1,0,1,0,3,12,4,0,2010-11,Regular Season,1713,Vince Carter
22010,1713,0021001184,2011-04-08,PHX @ NOH,L,26,5,12,0.417,1,4,0.25,3,3,1.0,0,3,3,1,3,1,0,1,14,-19,0,2010-11,Regular Season,1713,Vince Carter
22010,1713,0021001199,2011-04-10,PHX @ DAL,L,18,2,5,0.4,1,4,0.25,2,2,1.0,0,0,0,2,1,0,1,2,7,-13,0,2010-11,Regular Season,1713,Vince Carter
22010,1713,0021001229,2011-04-13,PHX vs. SAS,W,21,3,8,0.375,1,1,1.0,1,2,0.5,1,2,3,1,0,0,1,5,8,-1,0,2010-11,Regular Season,1713,Vince Carter
22010,951,0021000001,2010-10-26,BOS vs. MIA,W,39,7,13,0.538,5,8,0.625,1,1,1.0,0,1,1,1,0,0,1,1,20,-2,0,2010-11,Regular Season,951,Ray Allen
22010,951,0021000004,2010-10-27,BOS @ CLE,L,35,4,13,0.308,0,5,0.0,4,5,0.8,2,2,4,4,0,0,1,3,12,-1,0,2010-11,Regular Season,951,Ray Allen
22010,951,0021000023,2010-10-29,BOS vs. NYK,W,40,4,11,0.364,1,5,0.2,3,3,1.0,0,3,3,2,0,0,3,2,12,-1,0,2010-11,Regular Season,951,Ray Allen
22010,951,0021000049,2010-11-02,BOS @ DET,W,34,6,14,0.429,2,7,0.286,2,2,1.0,3,1,4,3,1,0,1,2,16,24,0,2010-11,Regular Season,951,Ray Allen
22010,951,0021000058,2010-11-03,BOS vs. MIL,W,45,9,20,0.45,3,8,0.375,2,3,0.667,2,4,6,2,2,0,2,4,23,9,0,2010-11,Regular Season,951,Ray Allen
22010,951,0021000073,2010-11-05,BOS vs. CHI,W,41,9,12,0.75,3,5,0.6,4,4,1.0,0,3,3,3,2,0,3,1,25,-12,0,2010-11,Regular Season,951,Ray Allen
22010,951,0021000093,2010-11-07,BOS @ OKC,W,40,8,16,0.5,3,7,0.429,0,0,0.0,0,5,5,2,0,0,3,0,19,8,0,2010-11,Regular Season,951,Ray Allen
22010,951,0021000100,2010-11-08,BOS @ DAL,L,41,4,11,0.364,1,2,0.5,2,2,1.0,2,3,5,2,1,0,1,1,11,3,0,2010-11,Regular Season,951,Ray Allen
22010,951,0021000118,2010-11-11,BOS @ MIA,W,41,13,23,0.565,7,9,0.778,2,2,1.0,0,1,1,0,0,0,2,2,35,7,0,2010-11,Regular Season,951,Ray Allen
22010,951,0021000135,2010-11-13,BOS @ MEM,W,40,5,11,0.455,3,5,0.6,2,2,1.0,0,1,1,5,1,0,0,3,15,0,0,2010-11,Regular Season,951,Ray Allen
22010,951,0021000160,2010-11-17,BOS vs. WAS,W,27,5,8,0.625,1,3,0.333,0,0,0.0,0,0,0,5,1,0,1,1,11,21,0,2010-11,Regular Season,951,Ray Allen
22010,951,0021000171,2010-11-19,BOS vs. OKC,L,35,3,9,0.333,0,2,0.0,2,2,1.0,0,4,4,4,1,0,0,1,8,-1,0,2010-11,Regular Season,951,Ray Allen
22010,951,0021000191,2010-11-21,BOS @ TOR,L,41,6,14,0.429,2,5,0.4,5,7,0.714,0,8,8,3,2,0,3,1,19,3,0,2010-11,Regular Season,951,Ray Allen
22010,951,0021000195,2010-11-22,BOS @ ATL,W,26,4,8,0.5,1,2,0.5,0,0,0.0,1,1,2,3,1,0,2,0,9,33,0,2010-11,Regular Season,951,Ray Allen
22010,951,0021000212,2010-11-24,BOS vs. NJN,W,40,5,11,0.455,3,5,0.6,2,2,1.0,1,3,4,7,3,1,3,0,15,12,0,2010-11,Regular Season,951,Ray Allen
22010,951,0021000224,2010-11-26,BOS vs. TOR,W,43,6,12,0.5,3,6,0.5,2,2,1.0,1,2,3,8,1,1,0,2,17,9,0,2010-11,Regular Season,951,Ray Allen
22010,951,0021000254,2010-11-30,BOS @ CLE,W,23,5,10,0.5,1,3,0.333,1,2,0.5,0,2,2,2,1,0,1,2,12,6,0,2010-11,Regular Season,951,Ray Allen
22010,951,0021000264,2010-12-01,BOS vs. POR,W,38,3,12,0.25,1,6,0.167,2,2,1.0,0,2,2,2,1,0,1,4,9,-10,0,2010-11,Regular Season,951,Ray Allen
22010,951,0021000280,2010-12-03,BOS vs. CHI,W,36,5,12,0.417,0,2,0.0,4,4,1.0,0,1,1,1,1,0,1,1,14,27,0,2010-11,Regular Season,951,Ray Allen
22010,951,0021000294,2010-12-05,BOS @ NJN,W,26,6,8,0.75,0,1,0.0,1,2,0.5,1,4,5,5,1,0,2,0,13,25,0,2010-11,Regular Season,951,Ray Allen
22010,951,0021000316,2010-12-08,BOS vs. DEN,W,35,9,14,0.643,3,5,0.6,7,8,0.875,0,5,5,4,0,0,2,1,28,27,0,2010-11,Regular Season,951,Ray Allen
22010,951,0021000327,2010-12-09,BOS @ PHI,W,35,7,10,0.7,2,3,0.667,7,7,1.0,0,2,2,1,0,0,1,0,23,6,0,2010-11,Regular Season,951,Ray Allen
22010,951,0021000343,2010-12-11,BOS @ CHA,W,30,4,11,0.364,2,4,0.5,6,6,1.0,1,5,6,2,2,0,3,2,16,16,0,2010-11,Regular Season,951,Ray Allen
22010,951,0021000368,2010-12-15,BOS @ NYK,W,41,10,19,0.526,4,5,0.8,2,2,1.0,0,3,3,1,2,0,0,4,26,-3,0,2010-11,Regular Season,951,Ray Allen
22010,951,0021000379,2010-12-16,BOS vs. ATL,W,39,7,13,0.538,2,6,0.333,2,2,1.0,1,1,2,6,4,0,1,0,18,8,0,2010-11,Regular Season,951,Ray Allen
22010,951,0021000400,2010-12-19,BOS vs. IND,W,37,8,16,0.5,1,6,0.167,0,1,0.0,1,5,6,6,1,0,1,2,17,10,0,2010-11,Regular Season,951,Ray Allen
22010,951,0021000424,2010-12-22,BOS vs. PHI,W,38,8,17,0.471,1,5,0.2,5,6,0.833,0,4,4,6,0,0,0,0,22,17,0,2010-11,Regular Season,951,Ray Allen
22010,951,0021000434,2010-12-25,BOS @ ORL,L,38,3,13,0.231,1,5,0.2,2,3,0.667,0,3,3,4,0,0,1,2,9,-12,0,2010-11,Regular Season,951,Ray Allen
22010,951,0021000456,2010-12-28,BOS @ IND,W,39,7,11,0.636,2,4,0.5,1,1,1.0,0,3,3,2,0,0,3,0,17,5,0,2010-11,Regular Season,951,Ray Allen
22010,951,0021000465,2010-12-29,BOS @ DET,L,36,4,8,0.5,1,3,0.333,3,3,1.0,2,5,7,4,0,1,6,3,12,-14,0,2010-11,Regular Season,951,Ray Allen
22010,951,0021000476,2010-12-31,BOS vs. NOH,L,40,7,13,0.538,2,4,0.5,2,2,1.0,1,5,6,4,0,0,3,2,18,-9,0,2010-11,Regular Season,951,Ray Allen
22010,951,0021000494,2011-01-02,BOS @ TOR,W,35,10,18,0.556,3,5,0.6,0,0,0.0,0,4,4,2,1,0,2,3,23,11,0,2010-11,Regular Season,951,Ray Allen
22010,951,0021000501,2011-01-03,BOS vs. MIN,W,33,8,16,0.5,4,5,0.8,0,0,0.0,1,1,2,0,0,0,0,0,20,-13,0,2010-11,Regular Season,951,Ray Allen
22010,951,0021000516,2011-01-05,BOS vs. SAS,W,39,13,16,0.813,2,4,0.5,3,5,0.6,0,2,2,5,1,0,1,0,31,7,0,2010-11,Regular Season,951,Ray Allen
22010,951,0021000528,2011-01-07,BOS vs. TOR,W,30,6,8,0.75,3,4,0.75,2,2,1.0,3,3,6,4,0,0,1,0,17,19,0,2010-11,Regular Season,951,Ray Allen
22010,951,0021000540,2011-01-08,BOS @ CHI,L,39,7,13,0.538,3,5,0.6,2,2,1.0,0,4,4,0,1,0,1,3,19,-3,0,2010-11,Regular Season,951,Ray Allen
22010,951,0021000552,2011-01-10,BOS vs. HOU,L,33,8,13,0.615,2,2,1.0,1,1,1.0,3,4,7,3,2,0,2,3,19,-7,0,2010-11,Regular Season,951,Ray Allen
22010,951,0021000564,2011-01-12,BOS vs. SAC,W,25,5,10,0.5,4,5,0.8,0,0,0.0,2,3,5,2,1,1,0,3,14,23,0,2010-11,Regular Season,951,Ray Allen
22010,951,0021000579,2011-01-14,BOS vs. CHA,W,39,5,7,0.714,4,6,0.667,5,6,0.833,0,4,4,1,1,0,3,3,19,11,0,2010-11,Regular Season,951,Ray Allen
22010,951,0021000608,2011-01-17,BOS vs. ORL,W,39,8,11,0.727,3,4,0.75,7,7,1.0,1,4,5,2,1,0,1,1,26,5,0,2010-11,Regular Season,951,Ray Allen
22010,951,0021000616,2011-01-19,BOS vs. DET,W,37,2,8,0.25,0,4,0.0,3,5,0.6,0,2,2,4,1,0,2,3,7,0,0,2010-11,Regular Season,951,Ray Allen
22010,951,0021000632,2011-01-21,BOS vs. UTA,W,30,3,9,0.333,2,8,0.25,3,3,1.0,0,2,2,4,0,0,1,3,11,20,0,2010-11,Regular Season,951,Ray Allen
22010,951,0021000641,2011-01-22,BOS @ WAS,L,37,6,15,0.4,2,8,0.25,2,3,0.667,0,5,5,2,1,0,2,1,16,1,0,2010-11,Regular Season,951,Ray Allen
22010,951,0021000664,2011-01-25,BOS vs. CLE,W,25,6,13,0.462,3,6,0.5,3,4,0.75,1,1,2,4,0,1,0,1,18,10,0,2010-11,Regular Season,951,Ray Allen
22010,951,0021000680,2011-01-27,BOS @ POR,W,38,6,14,0.429,3,6,0.5,3,3,1.0,1,1,2,2,1,1,2,2,18,7,0,2010-11,Regular Season,951,Ray Allen
22010,951,0021000690,2011-01-28,BOS @ PHX,L,31,3,8,0.375,2,4,0.5,0,2,0.0,1,3,4,2,1,0,4,2,8,-14,0,2010-11,Regular Season,951,Ray Allen
22010,951,0021000702,2011-01-30,BOS @ LAL,W,35,8,12,0.667,3,7,0.429,2,2,1.0,0,2,2,3,1,0,0,4,21,13,0,2010-11,Regular Season,951,Ray Allen
22010,951,0021000717,2011-02-01,BOS @ SAC,W,37,9,15,0.6,4,7,0.571,0,0,0.0,3,3,6,2,0,0,1,4,22,10,0,2010-11,Regular Season,951,Ray Allen
22010,951,0021000740,2011-02-04,BOS vs. DAL,L,33,9,18,0.5,3,7,0.429,3,3,1.0,1,1,2,1,0,2,1,1,24,-5,0,2010-11,Regular Season,951,Ray Allen
22010,951,0021000757,2011-02-06,BOS vs. ORL,W,40,4,9,0.444,2,4,0.5,1,2,0.5,0,5,5,1,1,0,0,3,11,8,0,2010-11,Regular Season,951,Ray Allen
22010,951,0021000758,2011-02-07,BOS @ CHA,L,39,9,17,0.529,2,2,1.0,5,5,1.0,0,2,2,3,2,0,3,1,25,-2,0,2010-11,Regular Season,951,Ray Allen
22010,951,0021000783,2011-02-10,BOS vs. LAL,L,35,8,18,0.444,3,8,0.375,1,1,1.0,0,1,1,1,0,1,1,4,20,-4,0,2010-11,Regular Season,951,Ray Allen
22010,951,0021000804,2011-02-13,BOS vs. MIA,W,43,5,14,0.357,2,6,0.333,1,1,1.0,0,5,5,1,1,0,0,3,13,-2,0,2010-11,Regular Season,951,Ray Allen
22010,951,0021000826,2011-02-16,BOS vs. NJN,W,37,5,11,0.455,1,2,0.5,1,2,0.5,0,2,2,3,1,0,0,2,12,16,0,2010-11,Regular Season,951,Ray Allen
22010,951,0021000845,2011-02-22,BOS @ GSW,W,36,8,16,0.5,2,5,0.4,0,0,0.0,1,5,6,3,1,0,1,2,18,18,0,2010-11,Regular Season,951,Ray Allen
22010,951,0021000860,2011-02-24,BOS @ DEN,L,35,4,11,0.364,1,5,0.2,1,1,1.0,0,2,2,3,1,0,4,2,10,-13,0,2010-11,Regular Season,951,Ray Allen
22010,951,0021000878,2011-02-26,BOS @ LAC,W,39,7,14,0.5,1,2,0.5,7,7,1.0,2,2,4,0,3,0,1,1,22,15,0,2010-11,Regular Season,951,Ray Allen
22010,951,0021000892,2011-02-28,BOS @ UTA,W,37,9,15,0.6,5,8,0.625,2,2,1.0,0,4,4,1,2,0,2,5,25,11,0,2010-11,Regular Season,951,Ray Allen
22010,951,0021000905,2011-03-02,BOS vs. PHX,W,36,7,14,0.5,4,6,0.667,1,1,1.0,0,0,0,2,2,0,1,3,19,9,0,2010-11,Regular Season,951,Ray Allen
22010,951,0021000918,2011-03-04,BOS vs. GSW,W,39,9,13,0.692,5,8,0.625,4,5,0.8,1,2,3,3,1,0,1,2,27,9,0,2010-11,Regular Season,951,Ray Allen
22010,951,0021000939,2011-03-06,BOS @ MIL,W,39,5,12,0.417,2,3,0.667,1,1,1.0,0,2,2,3,2,0,1,3,13,-7,0,2010-11,Regular Season,951,Ray Allen
22010,951,0021000957,2011-03-09,BOS vs. LAC,L,37,9,17,0.529,3,7,0.429,2,2,1.0,2,4,6,0,0,0,2,2,23,-2,0,2010-11,Regular Season,951,Ray Allen
22010,951,0021000969,2011-03-11,BOS @ PHI,L,39,2,11,0.182,1,3,0.333,0,0,0.0,0,4,4,4,1,1,1,0,5,-6,0,2010-11,Regular Season,951,Ray Allen
22010,951,0021000988,2011-03-13,BOS vs. MIL,W,30,6,10,0.6,2,2,1.0,3,3,1.0,0,1,1,3,3,1,0,2,17,22,0,2010-11,Regular Season,951,Ray Allen
22010,951,0021000991,2011-03-14,BOS @ NJN,L,34,8,14,0.571,2,6,0.333,1,1,1.0,0,3,3,4,1,0,0,1,19,-15,0,2010-11,Regular Season,951,Ray Allen
22010,951,0021001004,2011-03-16,BOS vs. IND,W,27,4,10,0.4,2,4,0.5,2,2,1.0,0,3,3,0,0,0,2,0,12,5,0,2010-11,Regular Season,951,Ray Allen
22010,951,0021001024,2011-03-18,BOS @ HOU,L,26,3,6,0.5,0,1,0.0,2,2,1.0,0,3,3,2,2,0,0,3,8,-10,0,2010-11,Regular Season,951,Ray Allen
22010,951,0021001032,2011-03-19,BOS @ NOH,W,44,7,13,0.538,2,4,0.5,4,4,1.0,2,2,4,2,3,0,1,2,20,12,0,2010-11,Regular Season,951,Ray Allen
22010,951,0021001046,2011-03-21,BOS @ NYK,W,37,5,16,0.313,0,4,0.0,5,5,1.0,2,6,8,0,1,0,1,3,15,18,0,2010-11,Regular Season,951,Ray Allen
22010,951,0021001057,2011-03-23,BOS vs. MEM,L,37,4,10,0.4,3,7,0.429,3,3,1.0,0,3,3,3,0,0,1,1,14,4,0,2010-11,Regular Season,951,Ray Allen
22010,951,0021001070,2011-03-25,BOS vs. CHA,L,39,2,9,0.222,2,7,0.286,8,8,1.0,1,4,5,1,1,0,2,2,14,2,0,2010-11,Regular Season,951,Ray Allen
22010,951,0021001091,2011-03-27,BOS @ MIN,W,36,4,10,0.4,1,4,0.25,2,2,1.0,0,2,2,2,0,0,0,2,11,5,0,2010-11,Regular Season,951,Ray Allen
22010,951,0021001097,2011-03-28,BOS @ IND,L,36,4,8,0.5,1,3,0.333,2,3,0.667,0,2,2,5,1,0,1,2,11,3,0,2010-11,Regular Season,951,Ray Allen
22010,951,0021001118,2011-03-31,BOS @ SAS,W,41,3,11,0.273,1,4,0.25,6,6,1.0,0,0,0,3,1,1,4,1,13,7,0,2010-11,Regular Season,951,Ray Allen
22010,951,0021001125,2011-04-01,BOS @ ATL,L,37,4,9,0.444,2,3,0.667,1,1,1.0,0,0,0,3,1,1,1,3,11,5,0,2010-11,Regular Season,951,Ray Allen
22010,951,0021001140,2011-04-03,BOS vs. DET,W,32,5,6,0.833,1,2,0.5,2,2,1.0,1,2,3,5,0,0,2,1,13,13,0,2010-11,Regular Season,951,Ray Allen
22010,951,0021001154,2011-04-05,BOS vs. PHI,W,35,5,7,0.714,1,1,1.0,2,4,0.5,1,3,4,3,1,1,4,2,13,19,0,2010-11,Regular Season,951,Ray Allen
22010,951,0021001174,2011-04-07,BOS @ CHI,L,38,3,11,0.273,0,3,0.0,1,1,1.0,1,5,6,2,0,0,0,2,7,0,0,2010-11,Regular Season,951,Ray Allen
22010,951,0021001179,2011-04-08,BOS vs. WAS,W,37,5,10,0.5,1,6,0.167,2,3,0.667,1,1,2,3,1,1,2,2,13,21,0,2010-11,Regular Season,951,Ray Allen
22010,951,0021001194,2011-04-10,BOS @ MIA,L,38,4,9,0.444,2,5,0.4,3,3,1.0,0,2,2,3,1,1,2,1,13,-12,0,2010-11,Regular Season,951,Ray Allen
42010,951,0041000121,2011-04-17,BOS vs. NYK,W,42,9,15,0.6,3,5,0.6,3,3,1.0,1,5,6,1,0,0,2,0,24,4,0,2010-11,Playoffs,951,Ray Allen
42010,951,0041000122,2011-04-19,BOS vs. NYK,W,39,6,8,0.75,4,4,1.0,2,2,1.0,0,4,4,2,3,0,1,3,18,11,0,2010-11,Playoffs,951,Ray Allen
42010,951,0041000123,2011-04-22,BOS @ NYK,W,37,11,18,0.611,8,11,0.727,2,2,1.0,0,3,3,1,2,0,2,2,32,34,0,2010-11,Playoffs,951,Ray Allen
42010,951,0041000124,2011-04-24,BOS @ NYK,W,42,5,13,0.385,2,6,0.333,2,2,1.0,1,4,5,5,1,1,0,2,14,11,0,2010-11,Playoffs,951,Ray Allen
42010,951,0041000211,2011-05-01,BOS @ MIA,L,39,9,13,0.692,5,8,0.625,2,2,1.0,1,2,3,3,1,0,0,4,25,-6,0,2010-11,Playoffs,951,Ray Allen
42010,951,0041000212,2011-05-03,BOS @ MIA,L,34,2,7,0.286,1,2,0.5,2,2,1.0,1,4,5,2,1,0,1,5,7,-15,0,2010-11,Playoffs,951,Ray Allen
42010,951,0041000213,2011-05-07,BOS vs. MIA,W,39,4,11,0.364,2,5,0.4,5,5,1.0,1,2,3,4,0,0,2,3,15,21,0,2010-11,Playoffs,951,Ray Allen
42010,951,0041000214,2011-05-09,BOS vs. MIA,L,45,5,12,0.417,2,5,0.4,5,6,0.833,0,2,2,2,1,0,2,1,17,-2,0,2010-11,Playoffs,951,Ray Allen
42010,951,0041000215,2011-05-11,BOS @ MIA,L,44,6,12,0.5,5,10,0.5,1,1,1.0,0,3,3,2,2,0,0,1,18,-4,0,2010-11,Playoffs,951,Ray Allen
22010,1497,0021000014,2010-10-27,DEN vs. UTA,W,28,2,7,0.286,0,3,0.0,10,11,0.909,0,2,2,8,3,0,2,2,14,22,0,2010-11,Regular Season,1497,Chauncey Billups
22010,1497,0021000027,2010-10-29,DEN @ NOH,L,35,5,14,0.357,0,2,0.0,10,11,0.909,1,1,2,5,3,0,4,3,20,7,0,2010-11,Regular Season,1497,Chauncey Billups
22010,1497,0021000037,2010-10-30,DEN @ HOU,W,33,1,8,0.125,1,5,0.2,10,11,0.909,0,3,3,3,1,0,2,2,13,2,0,2010-11,Regular Season,1497,Chauncey Billups
22010,1497,0021000060,2010-11-03,DEN vs. DAL,L,35,5,12,0.417,4,9,0.444,2,2,1.0,1,2,3,4,1,0,3,1,16,-8,0,2010-11,Regular Season,1497,Chauncey Billups
22010,1497,0021000077,2010-11-05,DEN vs. LAC,W,28,4,11,0.364,1,4,0.25,3,3,1.0,0,0,0,7,0,0,2,1,12,14,0,2010-11,Regular Season,1497,Chauncey Billups
22010,1497,0021000085,2010-11-06,DEN @ DAL,W,34,5,15,0.333,3,4,0.75,5,6,0.833,0,2,2,1,2,1,3,2,18,2,0,2010-11,Regular Season,1497,Chauncey Billups
22010,1497,0021000098,2010-11-08,DEN @ CHI,L,36,5,10,0.5,2,5,0.4,2,2,1.0,0,4,4,4,1,0,5,4,14,-2,0,2010-11,Regular Season,1497,Chauncey Billups
22010,1497,0021000101,2010-11-09,DEN @ IND,L,24,3,6,0.5,1,2,0.5,2,2,1.0,0,0,0,3,2,0,3,0,9,-17,0,2010-11,Regular Season,1497,Chauncey Billups
22010,1497,0021000120,2010-11-11,DEN vs. LAL,W,30,3,11,0.273,1,7,0.143,8,8,1.0,0,2,2,4,0,0,2,2,15,-10,0,2010-11,Regular Season,1497,Chauncey Billups
22010,1497,0021000147,2010-11-15,DEN @ PHX,L,31,4,14,0.286,1,5,0.2,5,5,1.0,0,4,4,2,0,0,1,3,14,-6,0,2010-11,Regular Season,1497,Chauncey Billups
22010,1497,0021000157,2010-11-16,DEN vs. NYK,W,33,4,12,0.333,0,2,0.0,5,7,0.714,0,2,2,8,1,0,4,3,13,-2,0,2010-11,Regular Season,1497,Chauncey Billups
22010,1497,0021000170,2010-11-18,DEN @ POR,L,37,3,8,0.375,3,7,0.429,4,4,1.0,0,0,0,5,1,0,2,3,13,9,0,2010-11,Regular Season,1497,Chauncey Billups
22010,1497,0021000188,2010-11-20,DEN vs. NJN,W,33,1,3,0.333,1,2,0.5,5,6,0.833,0,1,1,7,1,1,4,1,8,3,0,2010-11,Regular Season,1497,Chauncey Billups
22010,1497,0021000248,2010-11-28,DEN vs. PHX,W,34,8,14,0.571,4,6,0.667,5,6,0.833,0,3,3,8,1,0,1,1,25,12,0,2010-11,Regular Season,1497,Chauncey Billups
22010,1497,0021000270,2010-12-01,DEN vs. MIL,W,34,4,10,0.4,1,2,0.5,7,8,0.875,0,2,2,9,0,1,4,1,16,17,0,2010-11,Regular Season,1497,Chauncey Billups
22010,1497,0021000284,2010-12-03,DEN vs. LAC,W,33,3,9,0.333,2,7,0.286,9,10,0.9,0,5,5,5,1,0,4,3,17,6,0,2010-11,Regular Season,1497,Chauncey Billups
22010,1497,0021000299,2010-12-05,DEN vs. MEM,W,33,2,6,0.333,1,4,0.25,6,6,1.0,0,0,0,4,3,0,4,3,11,-1,0,2010-11,Regular Season,1497,Chauncey Billups
22010,1497,0021000310,2010-12-07,DEN @ CHA,L,35,5,13,0.385,4,7,0.571,11,12,0.917,0,3,3,5,4,1,3,2,25,2,0,2010-11,Regular Season,1497,Chauncey Billups
22010,1497,0021000316,2010-12-08,DEN @ BOS,L,33,2,10,0.2,1,4,0.25,0,2,0.0,0,1,1,7,0,0,1,5,5,-21,0,2010-11,Regular Season,1497,Chauncey Billups
22010,1497,0021000331,2010-12-10,DEN @ TOR,W,35,4,11,0.364,2,5,0.4,11,13,0.846,0,3,3,8,0,0,4,3,21,18,0,2010-11,Regular Season,1497,Chauncey Billups
22010,1497,0021000349,2010-12-12,DEN @ NYK,L,28,1,7,0.143,1,4,0.25,1,2,0.5,1,0,1,6,0,0,2,1,4,-5,0,2010-11,Regular Season,1497,Chauncey Billups
22010,1497,0021000428,2010-12-22,DEN @ SAS,L,37,4,11,0.364,0,4,0.0,12,12,1.0,0,1,1,7,1,0,4,2,20,3,0,2010-11,Regular Season,1497,Chauncey Billups
22010,1497,0021000436,2010-12-25,DEN @ OKC,L,39,10,16,0.625,3,4,0.75,7,7,1.0,0,3,3,3,2,0,2,4,30,-1,0,2010-11,Regular Season,1497,Chauncey Billups
22010,1497,0021000444,2010-12-26,DEN vs. PHI,L,37,6,10,0.6,4,6,0.667,8,8,1.0,0,3,3,4,1,0,4,2,24,-7,0,2010-11,Regular Season,1497,Chauncey Billups
22010,1497,0021000461,2010-12-28,DEN vs. POR,W,30,7,11,0.636,2,3,0.667,2,2,1.0,0,4,4,9,0,1,2,2,18,23,0,2010-11,Regular Season,1497,Chauncey Billups
22010,1497,0021000466,2010-12-29,DEN @ MIN,W,37,9,14,0.643,6,6,1.0,12,13,0.923,0,2,2,5,3,0,5,2,36,-2,0,2010-11,Regular Season,1497,Chauncey Billups
22010,1497,0021000490,2011-01-01,DEN vs. SAC,W,34,7,11,0.636,3,4,0.75,5,5,1.0,1,3,4,5,1,1,5,0,22,6,0,2010-11,Regular Season,1497,Chauncey Billups
22010,1497,0021000503,2011-01-03,DEN vs. HOU,W,27,3,5,0.6,1,2,0.5,6,7,0.857,0,1,1,1,3,0,2,4,13,10,0,2010-11,Regular Season,1497,Chauncey Billups
22010,1497,0021000522,2011-01-05,DEN @ LAC,L,34,5,14,0.357,5,8,0.625,10,11,0.909,1,1,2,3,2,0,2,1,25,-17,0,2010-11,Regular Season,1497,Chauncey Billups
22010,1497,0021000524,2011-01-06,DEN @ SAC,L,35,6,12,0.5,1,4,0.25,3,3,1.0,1,1,2,0,0,0,4,3,16,-6,0,2010-11,Regular Season,1497,Chauncey Billups
22010,1497,0021000548,2011-01-09,DEN vs. NOH,L,38,2,12,0.167,0,6,0.0,9,9,1.0,0,1,1,3,0,0,3,2,13,-13,0,2010-11,Regular Season,1497,Chauncey Billups
22010,1497,0021000558,2011-01-11,DEN vs. PHX,W,26,1,5,0.2,1,2,0.5,4,4,1.0,0,0,0,7,3,0,1,1,7,12,0,2010-11,Regular Season,1497,Chauncey Billups
22010,1497,0021000575,2011-01-13,DEN vs. MIA,W,27,2,6,0.333,0,1,0.0,2,2,1.0,0,1,1,13,0,0,0,0,6,21,0,2010-11,Regular Season,1497,Chauncey Billups
22010,1497,0021000594,2011-01-15,DEN vs. CLE,W,26,7,11,0.636,5,5,1.0,2,2,1.0,0,3,3,8,0,0,2,1,21,24,0,2010-11,Regular Season,1497,Chauncey Billups
22010,1497,0021000597,2011-01-16,DEN @ SAS,L,27,2,8,0.25,0,0,0.0,3,4,0.75,0,4,4,4,0,1,1,1,7,-8,0,2010-11,Regular Season,1497,Chauncey Billups
22010,1497,0021000622,2011-01-19,DEN vs. OKC,W,32,7,11,0.636,1,3,0.333,1,2,0.5,0,3,3,6,0,1,2,0,16,3,0,2010-11,Regular Season,1497,Chauncey Billups
22010,1497,0021000637,2011-01-21,DEN vs. LAL,L,36,5,10,0.5,1,4,0.25,5,5,1.0,0,2,2,4,1,1,1,1,16,3,0,2010-11,Regular Season,1497,Chauncey Billups
22010,1497,0021000652,2011-01-23,DEN vs. IND,W,29,4,9,0.444,1,2,0.5,3,3,1.0,0,4,4,6,1,0,2,2,12,4,0,2010-11,Regular Season,1497,Chauncey Billups
22010,1497,0021000663,2011-01-25,DEN @ WAS,W,29,4,11,0.364,2,4,0.5,5,5,1.0,1,3,4,6,1,0,0,3,15,20,0,2010-11,Regular Season,1497,Chauncey Billups
22010,1497,0021000671,2011-01-26,DEN @ DET,W,32,9,16,0.563,6,9,0.667,2,2,1.0,0,2,2,3,0,0,0,1,26,7,0,2010-11,Regular Season,1497,Chauncey Billups
22010,1497,0021000685,2011-01-28,DEN @ CLE,W,32,3,9,0.333,3,6,0.5,2,2,1.0,1,4,5,4,1,0,2,1,11,7,0,2010-11,Regular Season,1497,Chauncey Billups
22010,1497,0021000704,2011-01-30,DEN @ PHI,L,35,8,12,0.667,4,7,0.571,7,7,1.0,0,3,3,5,1,0,3,2,27,-14,0,2010-11,Regular Season,1497,Chauncey Billups
22010,1497,0021000709,2011-01-31,DEN @ NJN,L,39,4,11,0.364,3,9,0.333,8,9,0.889,0,2,2,5,1,1,7,3,19,-13,0,2010-11,Regular Season,1497,Chauncey Billups
22010,1497,0021000726,2011-02-02,DEN vs. POR,W,31,8,12,0.667,4,7,0.571,0,0,0.0,0,1,1,5,0,0,1,2,20,19,0,2010-11,Regular Season,1497,Chauncey Billups
22010,1497,0021000744,2011-02-04,DEN vs. UTA,L,35,4,12,0.333,1,6,0.167,4,4,1.0,0,3,3,5,1,0,0,2,13,-1,0,2010-11,Regular Season,1497,Chauncey Billups
22010,1497,0021000751,2011-02-05,DEN @ MIN,W,35,6,9,0.667,4,6,0.667,5,5,1.0,0,5,5,13,0,0,0,1,21,11,0,2010-11,Regular Season,1497,Chauncey Billups
22010,1497,0021000762,2011-02-07,DEN vs. HOU,L,9,2,3,0.667,1,2,0.5,0,0,0.0,0,1,1,1,0,0,1,1,5,-3,0,2010-11,Regular Season,1497,Chauncey Billups
22010,1497,0021000785,2011-02-10,DEN vs. DAL,W,39,10,19,0.526,5,11,0.455,5,5,1.0,2,3,5,9,3,1,3,1,30,8,0,2010-11,Regular Season,1497,Chauncey Billups
22010,1497,0021000809,2011-02-13,DEN @ MEM,L,31,5,11,0.455,1,5,0.2,2,2,1.0,0,3,3,7,0,0,6,2,13,-7,0,2010-11,Regular Season,1497,Chauncey Billups
22010,1497,0021000817,2011-02-14,DEN @ HOU,L,28,5,11,0.455,2,4,0.5,3,3,1.0,2,2,4,3,0,1,1,0,15,-13,0,2010-11,Regular Season,1497,Chauncey Billups
22010,1497,0021000833,2011-02-16,DEN @ MIL,W,36,6,13,0.462,1,2,0.5,7,7,1.0,0,4,4,4,1,0,3,1,20,15,0,2010-11,Regular Season,1497,Chauncey Billups
22010,1497,0021000852,2011-02-23,NYK vs. MIL,W,33,4,12,0.333,1,6,0.167,12,12,1.0,0,6,6,8,2,0,2,2,21,7,0,2010-11,Regular Season,1497,Chauncey Billups
22010,1497,0021000865,2011-02-25,NYK @ CLE,L,29,6,14,0.429,2,5,0.4,12,14,0.857,0,3,3,8,0,0,2,4,26,9,0,2010-11,Regular Season,1497,Chauncey Billups
22010,1497,0021000887,2011-02-27,NYK @ MIA,W,34,5,11,0.455,3,7,0.429,3,4,0.75,0,4,4,2,2,0,5,3,16,5,0,2010-11,Regular Season,1497,Chauncey Billups
22010,1497,0021000895,2011-03-01,NYK @ ORL,L,34,4,12,0.333,4,9,0.444,18,20,0.9,2,4,6,6,3,0,1,4,30,2,0,2010-11,Regular Season,1497,Chauncey Billups
22010,1497,0021000989,2011-03-13,NYK vs. IND,L,35,4,14,0.286,0,7,0.0,1,2,0.5,3,3,6,4,1,0,4,2,9,-16,0,2010-11,Regular Season,1497,Chauncey Billups
22010,1497,0021001000,2011-03-15,NYK @ IND,L,31,5,11,0.455,0,4,0.0,4,4,1.0,0,0,0,5,2,0,3,2,14,-20,0,2010-11,Regular Season,1497,Chauncey Billups
22010,1497,0021001015,2011-03-17,NYK vs. MEM,W,29,5,9,0.556,2,4,0.5,6,6,1.0,0,0,0,8,2,0,1,5,18,13,0,2010-11,Regular Season,1497,Chauncey Billups
22010,1497,0021001021,2011-03-18,NYK @ DET,L,31,4,10,0.4,2,7,0.286,2,2,1.0,4,1,5,4,1,0,8,1,12,-3,0,2010-11,Regular Season,1497,Chauncey Billups
22010,1497,0021001037,2011-03-20,NYK @ MIL,L,31,6,13,0.462,2,4,0.5,7,10,0.7,0,2,2,4,0,0,1,6,21,-12,0,2010-11,Regular Season,1497,Chauncey Billups
22010,1497,0021001046,2011-03-21,NYK vs. BOS,L,35,6,15,0.4,4,9,0.444,5,5,1.0,0,3,3,3,1,0,5,3,21,-17,0,2010-11,Regular Season,1497,Chauncey Billups
22010,1497,0021001059,2011-03-23,NYK vs. ORL,L,34,5,12,0.417,3,8,0.375,4,4,1.0,0,2,2,3,0,0,2,3,17,-9,0,2010-11,Regular Season,1497,Chauncey Billups
22010,1497,0021001073,2011-03-25,NYK vs. MIL,L,34,3,11,0.273,1,5,0.2,0,0,0.0,0,1,1,4,0,0,1,3,7,-14,0,2010-11,Regular Season,1497,Chauncey Billups
22010,1497,0021001082,2011-03-26,NYK @ CHA,L,35,6,16,0.375,1,6,0.167,1,1,1.0,0,1,1,10,0,1,0,2,14,3,0,2010-11,Regular Season,1497,Chauncey Billups
22010,1497,0021000051,2011-03-28,NYK vs. ORL,W,33,4,10,0.4,3,9,0.333,6,8,0.75,0,6,6,6,0,0,0,1,17,4,0,2010-11,Regular Season,1497,Chauncey Billups
22010,1497,0021001111,2011-03-30,NYK vs. NJN,W,36,10,23,0.435,3,9,0.333,10,10,1.0,1,5,6,6,1,0,0,2,33,14,0,2010-11,Regular Season,1497,Chauncey Billups
22010,1497,0021001143,2011-04-03,NYK vs. CLE,W,33,7,12,0.583,3,7,0.429,6,6,1.0,0,1,1,7,2,0,2,1,23,4,0,2010-11,Regular Season,1497,Chauncey Billups
22010,1497,0021001155,2011-04-05,NYK vs. TOR,W,26,3,8,0.375,1,3,0.333,6,6,1.0,0,1,1,9,0,1,2,3,13,3,0,2010-11,Regular Season,1497,Chauncey Billups
22010,1497,0021001165,2011-04-06,NYK @ PHI,W,24,1,7,0.143,0,3,0.0,1,1,1.0,1,4,5,0,1,0,1,1,3,9,0,2010-11,Regular Season,1497,Chauncey Billups
22010,1497,0021001177,2011-04-08,NYK @ NJN,W,26,8,14,0.571,3,5,0.6,3,3,1.0,0,0,0,4,0,0,3,1,22,13,0,2010-11,Regular Season,1497,Chauncey Billups
22010,1497,0021001198,2011-04-10,NYK @ IND,W,33,4,14,0.286,2,6,0.333,11,13,0.846,0,3,3,7,1,0,2,1,21,7,0,2010-11,Regular Season,1497,Chauncey Billups
22010,1497,0021001213,2011-04-12,NYK vs. CHI,L,29,4,10,0.4,1,2,0.5,1,1,1.0,2,2,4,8,0,0,3,2,10,-17,0,2010-11,Regular Season,1497,Chauncey Billups
42010,1497,0041000121,2011-04-17,NYK @ BOS,L,35,3,11,0.273,2,6,0.333,2,2,1.0,0,2,2,4,0,0,3,2,10,1,0,2010-11,Playoffs,1497,Chauncey Billups
22010,1112,0021000005,2010-10-27,DET @ NJN,L,27,2,3,0.667,0,0,0.0,2,8,0.25,3,7,10,1,1,0,1,1,6,-12,0,2010-11,Regular Season,1112,Ben Wallace
22010,1112,0021000024,2010-10-29,DET vs. OKC,L,21,1,5,0.2,0,0,0.0,0,1,0.0,4,4,8,1,0,3,1,2,2,-9,0,2010-11,Regular Season,1112,Ben Wallace
22010,1112,0021000035,2010-10-30,DET @ CHI,L,26,2,4,0.5,0,0,0.0,0,2,0.0,7,6,13,2,2,2,2,2,4,-14,0,2010-11,Regular Season,1112,Ben Wallace
22010,1112,0021000049,2010-11-02,DET vs. BOS,L,21,2,3,0.667,0,0,0.0,2,2,1.0,4,4,8,1,0,0,1,2,6,-13,0,2010-11,Regular Season,1112,Ben Wallace
22010,1112,0021000054,2010-11-03,DET @ ATL,L,21,0,1,0.0,0,0,0.0,0,0,0.0,3,3,6,2,0,0,0,1,0,-10,0,2010-11,Regular Season,1112,Ben Wallace
22010,1112,0021000071,2010-11-05,DET vs. CHA,W,28,2,3,0.667,0,0,0.0,0,0,0.0,2,4,6,4,4,1,3,1,4,7,0,2010-11,Regular Season,1112,Ben Wallace
22010,1112,0021000091,2010-11-07,DET vs. GSW,W,23,0,2,0.0,0,0,0.0,0,0,0.0,2,7,9,2,2,1,0,1,0,0,0,2010-11,Regular Season,1112,Ben Wallace
22010,1112,0021000106,2010-11-09,DET @ POR,L,27,1,2,0.5,0,0,0.0,0,1,0.0,1,5,6,1,1,1,1,0,2,-15,0,2010-11,Regular Season,1112,Ben Wallace
22010,1112,0021000129,2010-11-12,DET @ LAC,W,23,2,3,0.667,0,0,0.0,0,0,0.0,1,4,5,2,1,1,0,2,4,-8,0,2010-11,Regular Season,1112,Ben Wallace
22010,1112,0021000140,2010-11-14,DET @ SAC,W,28,2,2,1.0,0,0,0.0,0,0,0.0,1,9,10,2,2,2,0,1,4,1,0,2010-11,Regular Season,1112,Ben Wallace
22010,1112,0021000149,2010-11-15,DET @ GSW,L,24,1,2,0.5,0,0,0.0,0,0,0.0,2,4,6,2,1,1,1,1,2,-8,0,2010-11,Regular Season,1112,Ben Wallace
22010,1112,0021000161,2010-11-17,DET vs. LAL,L,20,2,3,0.667,0,0,0.0,0,0,0.0,2,6,8,0,0,0,1,1,4,-19,0,2010-11,Regular Season,1112,Ben Wallace
22010,1112,0021000192,2010-11-21,DET vs. WAS,W,21,2,2,1.0,0,0,0.0,0,2,0.0,5,5,10,0,1,1,1,1,4,6,0,2010-11,Regular Season,1112,Ben Wallace
22010,1112,0021000207,2010-11-23,DET @ DAL,L,24,1,4,0.25,0,0,0.0,1,2,0.5,1,4,5,1,0,0,1,1,3,-6,0,2010-11,Regular Season,1112,Ben Wallace
22010,1112,0021000214,2010-11-24,DET @ MEM,L,24,1,3,0.333,0,0,0.0,0,0,0.0,0,6,6,0,0,2,1,2,2,-18,0,2010-11,Regular Season,1112,Ben Wallace
22010,1112,0021000225,2010-11-26,DET vs. MIL,W,30,1,2,0.5,0,0,0.0,0,0,0.0,0,8,8,1,0,1,2,0,2,25,0,2010-11,Regular Season,1112,Ben Wallace
22010,1112,0021000243,2010-11-28,DET vs. NYK,L,40,2,4,0.5,0,0,0.0,0,0,0.0,3,4,7,3,1,2,2,4,4,-7,0,2010-11,Regular Season,1112,Ben Wallace
22010,1112,0021000255,2010-11-30,DET @ ORL,L,24,0,1,0.0,0,0,0.0,0,0,0.0,2,7,9,1,1,0,0,2,0,0,0,2010-11,Regular Season,1112,Ben Wallace
22010,1112,0021000265,2010-12-01,DET @ MIA,L,18,2,4,0.5,0,0,0.0,0,0,0.0,1,5,6,0,1,1,0,2,4,-17,0,2010-11,Regular Season,1112,Ben Wallace
22010,1112,0021000279,2010-12-03,DET vs. ORL,L,18,1,2,0.5,0,0,0.0,2,4,0.5,0,1,1,1,0,0,1,0,4,-3,0,2010-11,Regular Season,1112,Ben Wallace
22010,1112,0021000296,2010-12-05,DET vs. CLE,W,24,1,3,0.333,0,0,0.0,0,0,0.0,5,4,9,5,1,3,0,2,2,18,0,2010-11,Regular Season,1112,Ben Wallace
22010,1112,0021000313,2010-12-07,DET @ HOU,L,28,2,4,0.5,0,0,0.0,0,2,0.0,3,5,8,1,0,0,1,0,4,-14,0,2010-11,Regular Season,1112,Ben Wallace
22010,1112,0021000321,2010-12-08,DET @ NOH,L,24,0,0,0.0,0,0,0.0,1,2,0.5,2,5,7,2,1,1,1,2,1,-13,0,2010-11,Regular Season,1112,Ben Wallace
22010,1112,0021000344,2010-12-11,DET vs. TOR,L,39,10,13,0.769,1,1,1.0,2,4,0.5,9,5,14,4,5,0,4,3,23,-6,0,2010-11,Regular Season,1112,Ben Wallace
22010,1112,0021000363,2010-12-14,DET vs. ATL,W,27,1,4,0.25,0,0,0.0,0,0,0.0,3,2,5,2,2,2,1,1,2,3,0,2010-11,Regular Season,1112,Ben Wallace
22010,1112,0021000386,2010-12-17,DET vs. LAC,L,17,0,2,0.0,0,0,0.0,0,0,0.0,2,2,4,1,1,0,1,2,0,-21,0,2010-11,Regular Season,1112,Ben Wallace
22010,1112,0021000403,2010-12-19,DET vs. NOH,W,19,0,0,0.0,0,0,0.0,0,2,0.0,0,2,2,2,1,2,0,1,0,4,0,2010-11,Regular Season,1112,Ben Wallace
22010,1112,0021000422,2010-12-22,DET @ TOR,W,24,1,2,0.5,0,0,0.0,2,4,0.5,4,2,6,3,2,3,1,1,4,5,0,2010-11,Regular Season,1112,Ben Wallace
22010,1112,0021000440,2010-12-26,DET vs. CHI,L,22,0,1,0.0,0,0,0.0,0,0,0.0,0,2,2,1,0,3,1,2,0,-7,0,2010-11,Regular Season,1112,Ben Wallace
22010,1112,0021000445,2010-12-27,DET @ CHA,L,16,0,3,0.0,0,0,0.0,0,0,0.0,1,1,2,0,3,0,0,1,0,0,0,2010-11,Regular Season,1112,Ben Wallace
22010,1112,0021000465,2010-12-29,DET vs. BOS,W,26,1,3,0.333,0,0,0.0,0,0,0.0,3,1,4,3,2,2,1,2,2,14,0,2010-11,Regular Season,1112,Ben Wallace
22010,1112,0021000482,2010-12-31,DET @ PHX,L,22,1,1,1.0,0,0,0.0,0,2,0.0,2,4,6,1,3,1,0,1,2,-1,0,2010-11,Regular Season,1112,Ben Wallace
22010,1112,0021000504,2011-01-03,DET @ UTA,L,22,2,5,0.4,0,0,0.0,2,2,1.0,2,6,8,0,0,0,2,2,6,5,0,2010-11,Regular Season,1112,Ben Wallace
22010,1112,0021000511,2011-01-04,DET @ LAL,L,18,1,2,0.5,0,0,0.0,0,2,0.0,2,4,6,0,0,0,2,3,2,-17,0,2010-11,Regular Season,1112,Ben Wallace
22010,1112,0021000539,2011-01-08,DET vs. PHI,W,32,3,7,0.429,0,0,0.0,0,0,0.0,4,1,5,5,2,1,1,2,6,2,0,2010-11,Regular Season,1112,Ben Wallace
22010,1112,0021000553,2011-01-10,DET @ CHI,L,2,0,0,0.0,0,0,0.0,0,0,0.0,0,0,0,0,0,0,0,1,0,-1,0,2010-11,Regular Season,1112,Ben Wallace
22010,1112,0021000642,2011-01-22,DET vs. PHX,W,25,0,3,0.0,0,0,0.0,0,0,0.0,2,5,7,0,1,1,1,3,0,-1,0,2010-11,Regular Season,1112,Ben Wallace
22010,1112,0021000654,2011-01-24,DET @ ORL,W,19,0,2,0.0,0,0,0.0,0,0,0.0,5,6,11,1,0,1,0,3,0,-5,0,2010-11,Regular Season,1112,Ben Wallace
22010,1112,0021000671,2011-01-26,DET vs. DEN,L,22,0,2,0.0,0,0,0.0,0,2,0.0,4,6,10,1,0,2,0,2,0,1,0,2010-11,Regular Season,1112,Ben Wallace
22010,1112,0021000722,2011-02-02,DET vs. CHA,L,17,0,1,0.0,0,0,0.0,0,2,0.0,1,3,4,0,0,2,0,2,0,-16,0,2010-11,Regular Season,1112,Ben Wallace
22010,1112,0021000739,2011-02-04,DET vs. NJN,W,18,2,2,1.0,0,0,0.0,0,1,0.0,1,4,5,0,1,1,0,1,4,4,0,2010-11,Regular Season,1112,Ben Wallace
22010,1112,0021000750,2011-02-05,DET @ MIL,W,27,0,0,0.0,0,0,0.0,1,4,0.25,1,4,5,2,1,0,1,3,1,3,0,2010-11,Regular Season,1112,Ben Wallace
22010,1112,0021000768,2011-02-08,DET vs. SAS,L,22,0,1,0.0,0,0,0.0,0,0,0.0,1,4,5,1,1,0,0,2,0,-9,0,2010-11,Regular Season,1112,Ben Wallace
22010,1112,0021000773,2011-02-09,DET @ CLE,W,22,4,5,0.8,0,0,0.0,0,0,0.0,4,5,9,2,2,1,1,1,8,1,0,2010-11,Regular Season,1112,Ben Wallace
22010,1112,0021000792,2011-02-11,DET vs. MIA,L,19,2,2,1.0,0,0,0.0,0,0,0.0,2,1,3,0,0,1,1,2,4,-9,0,2010-11,Regular Season,1112,Ben Wallace
22010,1112,0021000807,2011-02-13,DET vs. POR,L,19,0,1,0.0,0,0,0.0,2,4,0.5,3,5,8,1,0,0,1,2,2,-3,0,2010-11,Regular Season,1112,Ben Wallace
22010,1112,0021000814,2011-02-14,DET vs. ATL,L,21,0,3,0.0,0,0,0.0,0,0,0.0,4,3,7,0,0,0,0,0,0,1,0,2010-11,Regular Season,1112,Ben Wallace
22010,1112,0021000828,2011-02-16,DET vs. IND,W,28,0,2,0.0,0,0,0.0,0,0,0.0,4,3,7,2,1,2,0,1,0,2,0,2010-11,Regular Season,1112,Ben Wallace
22010,1112,0021000840,2011-02-22,DET vs. HOU,L,22,1,2,0.5,0,0,0.0,0,0,0.0,3,4,7,1,0,0,0,0,2,1,0,2010-11,Regular Season,1112,Ben Wallace
22010,1112,0021000848,2011-02-23,DET @ IND,L,34,3,4,0.75,0,0,0.0,0,0,0.0,5,5,10,1,2,1,1,1,6,8,0,2010-11,Regular Season,1112,Ben Wallace
22010,1112,0021001005,2011-03-16,DET vs. TOR,W,24,2,6,0.333,0,0,0.0,2,2,1.0,1,7,8,1,1,2,2,0,6,11,0,2010-11,Regular Season,1112,Ben Wallace
22010,1112,0021001021,2011-03-18,DET vs. NYK,W,23,2,5,0.4,0,1,0.0,0,0,0.0,1,3,4,2,2,2,0,1,4,-4,0,2010-11,Regular Season,1112,Ben Wallace
22010,1112,0021001036,2011-03-20,DET @ ATL,L,17,1,2,0.5,0,0,0.0,0,0,0.0,1,2,3,0,0,0,1,1,2,-9,0,2010-11,Regular Season,1112,Ben Wallace
22010,1112,0021001153,2011-04-05,DET @ WAS,L,8,0,1,0.0,0,0,0.0,0,0,0.0,0,2,2,0,1,1,0,3,0,2,0,2010-11,Regular Season,1112,Ben Wallace
22010,2546,0021000014,2010-10-27,DEN vs. UTA,W,36,7,16,0.438,0,0,0.0,9,10,0.9,2,5,7,3,1,0,4,3,23,18,0,2010-11,Regular Season,2546,Carmelo Anthony
22010,2546,0021000027,2010-10-29,DEN @ NOH,L,40,10,17,0.588,1,2,0.5,3,4,0.75,2,8,10,2,1,0,3,3,24,5,0,2010-11,Regular Season,2546,Carmelo Anthony
22010,2546,0021000037,2010-10-30,DEN @ HOU,W,36,8,20,0.4,2,5,0.4,6,6,1.0,0,4,4,4,1,2,2,3,24,20,0,2010-11,Regular Season,2546,Carmelo Anthony
22010,2546,0021000060,2010-11-03,DEN vs. DAL,L,42,8,19,0.421,1,3,0.333,3,4,0.75,6,9,15,3,0,1,3,4,20,-5,0,2010-11,Regular Season,2546,Carmelo Anthony
22010,2546,0021000077,2010-11-05,DEN vs. LAC,W,38,14,20,0.7,0,1,0.0,2,2,1.0,0,5,5,6,1,0,0,3,30,14,0,2010-11,Regular Season,2546,Carmelo Anthony
22010,2546,0021000085,2010-11-06,DEN @ DAL,W,38,9,17,0.529,4,4,1.0,5,6,0.833,0,5,5,4,4,0,2,3,27,4,0,2010-11,Regular Season,2546,Carmelo Anthony
22010,2546,0021000098,2010-11-08,DEN @ CHI,L,38,11,22,0.5,1,1,1.0,9,9,1.0,2,6,8,1,4,2,4,0,32,10,0,2010-11,Regular Season,2546,Carmelo Anthony
22010,2546,0021000101,2010-11-09,DEN @ IND,L,28,5,15,0.333,0,3,0.0,3,4,0.75,1,4,5,2,1,1,3,2,13,-26,0,2010-11,Regular Season,2546,Carmelo Anthony
22010,2546,0021000120,2010-11-11,DEN vs. LAL,W,41,14,25,0.56,1,3,0.333,3,3,1.0,5,8,13,2,0,2,1,3,32,4,0,2010-11,Regular Season,2546,Carmelo Anthony
22010,2546,0021000147,2010-11-15,DEN @ PHX,L,38,7,19,0.368,0,3,0.0,6,8,0.75,7,15,22,2,1,0,6,3,20,1,0,2010-11,Regular Season,2546,Carmelo Anthony
22010,2546,0021000157,2010-11-16,DEN vs. NYK,W,36,8,21,0.381,0,1,0.0,10,14,0.714,1,8,9,3,1,1,5,3,26,-3,0,2010-11,Regular Season,2546,Carmelo Anthony
22010,2546,0021000170,2010-11-18,DEN @ POR,L,35,5,15,0.333,0,1,0.0,8,10,0.8,2,6,8,4,3,0,3,6,18,-9,0,2010-11,Regular Season,2546,Carmelo Anthony
22010,2546,0021000188,2010-11-20,DEN vs. NJN,W,36,11,25,0.44,0,1,0.0,6,6,1.0,1,7,8,5,1,0,1,3,28,-4,0,2010-11,Regular Season,2546,Carmelo Anthony
22010,2546,0021000201,2010-11-22,DEN @ GSW,W,37,10,24,0.417,2,4,0.5,17,17,1.0,3,6,9,5,2,0,3,3,39,11,0,2010-11,Regular Season,2546,Carmelo Anthony
22010,2546,0021000229,2010-11-26,DEN vs. CHI,W,39,7,18,0.389,0,1,0.0,8,10,0.8,0,6,6,8,0,1,2,2,22,1,0,2010-11,Regular Season,2546,Carmelo Anthony
22010,2546,0021000248,2010-11-28,DEN vs. PHX,W,3,1,1,1.0,0,0,0.0,0,0,0.0,0,3,3,0,0,0,0,0,2,8,0,2010-11,Regular Season,2546,Carmelo Anthony
22010,2546,0021000270,2010-12-01,DEN vs. MIL,W,27,4,13,0.308,1,3,0.333,5,6,0.833,0,4,4,4,0,1,2,3,14,10,0,2010-11,Regular Season,2546,Carmelo Anthony
22010,2546,0021000284,2010-12-03,DEN vs. LAC,W,36,6,18,0.333,1,3,0.333,13,18,0.722,4,1,5,4,1,0,4,1,26,9,0,2010-11,Regular Season,2546,Carmelo Anthony
22010,2546,0021000299,2010-12-05,DEN vs. MEM,W,30,4,20,0.2,0,3,0.0,5,8,0.625,3,3,6,3,0,0,2,2,13,-2,0,2010-11,Regular Season,2546,Carmelo Anthony
22010,2546,0021000310,2010-12-07,DEN @ CHA,L,39,8,21,0.381,0,1,0.0,6,10,0.6,0,7,7,1,0,1,4,3,22,-1,0,2010-11,Regular Season,2546,Carmelo Anthony
22010,2546,0021000349,2010-12-12,DEN @ NYK,L,37,11,27,0.407,0,6,0.0,9,9,1.0,5,8,13,3,0,1,4,3,31,-12,0,2010-11,Regular Season,2546,Carmelo Anthony
22010,2546,0021000365,2010-12-14,DEN vs. ORL,W,38,14,21,0.667,0,2,0.0,7,11,0.636,1,10,11,2,0,0,6,2,35,17,0,2010-11,Regular Season,2546,Carmelo Anthony
22010,2546,0021000380,2010-12-16,DEN vs. SAS,L,42,10,20,0.5,1,1,1.0,10,14,0.714,1,8,9,3,1,0,2,3,31,-1,0,2010-11,Regular Season,2546,Carmelo Anthony
22010,2546,0021000398,2010-12-18,DEN vs. MIN,W,34,8,19,0.421,0,1,0.0,8,10,0.8,1,6,7,4,0,3,2,4,24,-8,0,2010-11,Regular Season,2546,Carmelo Anthony
22010,2546,0021000490,2011-01-01,DEN vs. SAC,W,30,6,22,0.273,0,2,0.0,4,4,1.0,3,7,10,1,1,0,6,2,16,4,0,2010-11,Regular Season,2546,Carmelo Anthony
22010,2546,0021000503,2011-01-03,DEN vs. HOU,W,40,10,25,0.4,0,0,0.0,13,14,0.929,2,9,11,5,0,1,3,4,33,13,0,2010-11,Regular Season,2546,Carmelo Anthony
22010,2546,0021000522,2011-01-05,DEN @ LAC,L,40,12,26,0.462,0,2,0.0,7,9,0.778,4,5,9,2,1,0,5,2,31,-16,0,2010-11,Regular Season,2546,Carmelo Anthony
22010,2546,0021000524,2011-01-06,DEN @ SAC,L,36,9,17,0.529,0,1,0.0,8,10,0.8,2,2,4,0,0,0,4,2,26,-4,0,2010-11,Regular Season,2546,Carmelo Anthony
22010,2546,0021000548,2011-01-09,DEN vs. NOH,L,34,3,11,0.273,0,1,0.0,2,4,0.5,1,4,5,4,0,1,0,4,8,-6,0,2010-11,Regular Season,2546,Carmelo Anthony
22010,2546,0021000558,2011-01-11,DEN vs. PHX,W,32,9,17,0.529,2,4,0.5,8,10,0.8,1,9,10,1,0,1,1,1,28,19,0,2010-11,Regular Season,2546,Carmelo Anthony
22010,2546,0021000575,2011-01-13,DEN vs. MIA,W,30,8,17,0.471,1,3,0.333,4,6,0.667,1,4,5,4,1,1,2,2,21,25,0,2010-11,Regular Season,2546,Carmelo Anthony
22010,2546,0021000594,2011-01-15,DEN vs. CLE,W,27,5,11,0.455,0,1,0.0,2,3,0.667,1,8,9,1,1,0,1,4,12,31,0,2010-11,Regular Season,2546,Carmelo Anthony
22010,2546,0021000597,2011-01-16,DEN @ SAS,L,35,5,17,0.294,0,0,0.0,2,3,0.667,1,4,5,3,3,2,4,3,12,-6,0,2010-11,Regular Season,2546,Carmelo Anthony
22010,2546,0021000622,2011-01-19,DEN vs. OKC,W,38,12,25,0.48,0,2,0.0,11,14,0.786,1,6,7,1,3,1,0,3,35,7,0,2010-11,Regular Season,2546,Carmelo Anthony
22010,2546,0021000637,2011-01-21,DEN vs. LAL,L,37,10,24,0.417,0,3,0.0,3,3,1.0,1,5,6,5,2,0,0,3,23,2,0,2010-11,Regular Season,2546,Carmelo Anthony
22010,2546,0021000652,2011-01-23,DEN vs. IND,W,32,14,27,0.519,6,8,0.75,2,5,0.4,3,5,8,1,0,1,0,3,36,8,0,2010-11,Regular Season,2546,Carmelo Anthony
22010,2546,0021000663,2011-01-25,DEN @ WAS,W,35,8,20,0.4,1,3,0.333,6,7,0.857,0,7,7,4,0,0,4,0,23,11,0,2010-11,Regular Season,2546,Carmelo Anthony
22010,2546,0021000671,2011-01-26,DEN @ DET,W,36,5,16,0.313,0,2,0.0,8,8,1.0,1,9,10,7,0,1,5,4,18,11,0,2010-11,Regular Season,2546,Carmelo Anthony
22010,2546,0021000685,2011-01-28,DEN @ CLE,W,37,9,22,0.409,0,2,0.0,15,18,0.833,1,6,7,5,0,1,4,2,33,15,0,2010-11,Regular Season,2546,Carmelo Anthony
22010,2546,0021000704,2011-01-30,DEN @ PHI,L,32,3,12,0.25,2,5,0.4,4,4,1.0,0,3,3,1,1,0,6,2,12,-21,0,2010-11,Regular Season,2546,Carmelo Anthony
22010,2546,0021000709,2011-01-31,DEN @ NJN,L,40,12,22,0.545,2,6,0.333,11,13,0.846,1,8,9,2,0,0,1,2,37,-18,0,2010-11,Regular Season,2546,Carmelo Anthony
22010,2546,0021000726,2011-02-02,DEN vs. POR,W,36,7,15,0.467,0,2,0.0,6,6,1.0,1,4,5,1,1,0,3,3,20,17,0,2010-11,Regular Season,2546,Carmelo Anthony
22010,2546,0021000744,2011-02-04,DEN vs. UTA,L,39,7,21,0.333,0,1,0.0,17,18,0.944,2,4,6,1,2,0,4,3,31,-6,0,2010-11,Regular Season,2546,Carmelo Anthony
22010,2546,0021000751,2011-02-05,DEN @ MIN,W,37,9,13,0.692,2,4,0.5,5,8,0.625,0,5,5,1,0,0,3,2,25,10,0,2010-11,Regular Season,2546,Carmelo Anthony
22010,2546,0021000762,2011-02-07,DEN vs. HOU,L,39,16,24,0.667,2,3,0.667,16,18,0.889,1,10,11,0,1,3,4,2,50,-3,0,2010-11,Regular Season,2546,Carmelo Anthony
22010,2546,0021000782,2011-02-09,DEN @ GSW,L,32,11,21,0.524,2,3,0.667,5,7,0.714,0,4,4,2,0,2,4,1,29,0,0,2010-11,Regular Season,2546,Carmelo Anthony
22010,2546,0021000785,2011-02-10,DEN vs. DAL,W,42,17,25,0.68,5,7,0.714,3,3,1.0,1,6,7,3,1,0,4,6,42,6,0,2010-11,Regular Season,2546,Carmelo Anthony
22010,2546,0021000809,2011-02-13,DEN @ MEM,L,39,10,20,0.5,1,1,1.0,7,8,0.875,0,5,5,2,1,0,3,5,28,-6,0,2010-11,Regular Season,2546,Carmelo Anthony
22010,2546,0021000817,2011-02-14,DEN @ HOU,L,29,4,14,0.286,0,3,0.0,8,10,0.8,1,2,3,3,0,0,1,1,16,-13,0,2010-11,Regular Season,2546,Carmelo Anthony
22010,2546,0021000833,2011-02-16,DEN @ MIL,W,44,16,30,0.533,1,4,0.25,5,5,1.0,0,12,12,2,1,0,2,3,38,13,0,2010-11,Regular Season,2546,Carmelo Anthony
22010,2546,0021000852,2011-02-23,NYK vs. MIL,W,39,10,25,0.4,1,2,0.5,6,7,0.857,3,7,10,1,2,0,2,4,27,1,0,2010-11,Regular Season,2546,Carmelo Anthony
22010,2546,0021000865,2011-02-25,NYK @ CLE,L,39,9,22,0.409,2,3,0.667,7,9,0.778,2,6,8,3,0,0,3,6,27,-6,0,2010-11,Regular Season,2546,Carmelo Anthony
22010,2546,0021000887,2011-02-27,NYK @ MIA,W,37,10,22,0.455,1,4,0.25,8,9,0.889,3,6,9,2,1,1,3,2,29,11,0,2010-11,Regular Season,2546,Carmelo Anthony
22010,2546,0021000895,2011-03-01,NYK @ ORL,L,38,8,24,0.333,1,5,0.2,8,8,1.0,3,1,4,2,0,0,1,3,25,-11,0,2010-11,Regular Season,2546,Carmelo Anthony
22010,2546,0021000907,2011-03-02,NYK vs. NOH,W,29,8,18,0.444,0,1,0.0,6,9,0.667,0,4,4,4,1,0,1,2,22,18,0,2010-11,Regular Season,2546,Carmelo Anthony
22010,2546,0021000919,2011-03-04,NYK vs. CLE,L,42,10,16,0.625,1,2,0.5,8,10,0.8,1,4,5,2,1,1,6,4,29,-11,0,2010-11,Regular Season,2546,Carmelo Anthony
22010,2546,0021000933,2011-03-06,NYK @ ATL,W,31,6,18,0.333,0,3,0.0,2,5,0.4,1,6,7,7,1,0,5,3,14,5,0,2010-11,Regular Season,2546,Carmelo Anthony
22010,2546,0021000942,2011-03-07,NYK vs. UTA,W,30,12,16,0.75,4,5,0.8,6,6,1.0,0,3,3,5,1,0,2,2,34,30,0,2010-11,Regular Season,2546,Carmelo Anthony
22010,2546,0021000958,2011-03-09,NYK @ MEM,W,40,12,24,0.5,3,5,0.6,4,4,1.0,2,3,5,6,1,0,2,4,31,11,0,2010-11,Regular Season,2546,Carmelo Anthony
22010,2546,0021000965,2011-03-10,NYK @ DAL,L,36,5,15,0.333,1,3,0.333,7,7,1.0,2,8,10,5,0,1,2,4,18,-11,0,2010-11,Regular Season,2546,Carmelo Anthony
22010,2546,0021000989,2011-03-13,NYK vs. IND,L,36,9,22,0.409,1,5,0.2,6,6,1.0,0,5,5,0,1,0,5,5,25,-19,0,2010-11,Regular Season,2546,Carmelo Anthony
22010,2546,0021001000,2011-03-15,NYK @ IND,L,36,10,20,0.5,3,5,0.6,6,7,0.857,2,7,9,2,0,0,4,4,29,-9,0,2010-11,Regular Season,2546,Carmelo Anthony
22010,2546,0021001015,2011-03-17,NYK vs. MEM,W,34,10,19,0.526,3,7,0.429,5,5,1.0,2,1,3,2,0,0,2,1,28,18,0,2010-11,Regular Season,2546,Carmelo Anthony
22010,2546,0021001021,2011-03-18,NYK @ DET,L,37,2,12,0.167,0,2,0.0,2,2,1.0,1,3,4,2,2,1,1,4,6,-4,0,2010-11,Regular Season,2546,Carmelo Anthony
22010,2546,0021001037,2011-03-20,NYK @ MIL,L,37,7,14,0.5,2,3,0.667,7,8,0.875,0,5,5,1,1,0,2,5,23,-11,0,2010-11,Regular Season,2546,Carmelo Anthony
22010,2546,0021001046,2011-03-21,NYK vs. BOS,L,37,7,17,0.412,1,2,0.5,7,8,0.875,1,4,5,3,1,0,2,5,22,-3,0,2010-11,Regular Season,2546,Carmelo Anthony
22010,2546,0021001059,2011-03-23,NYK vs. ORL,L,38,6,12,0.5,2,3,0.667,10,11,0.909,1,4,5,9,2,0,3,3,24,-5,0,2010-11,Regular Season,2546,Carmelo Anthony
22010,2546,0021001073,2011-03-25,NYK vs. MIL,L,38,9,22,0.409,0,1,0.0,7,7,1.0,3,5,8,2,1,0,1,1,25,-12,0,2010-11,Regular Season,2546,Carmelo Anthony
22010,2546,0021001082,2011-03-26,NYK @ CHA,L,41,13,25,0.52,3,10,0.3,7,8,0.875,1,3,4,1,1,2,3,4,36,4,0,2010-11,Regular Season,2546,Carmelo Anthony
22010,2546,0021000051,2011-03-28,NYK vs. ORL,W,43,12,26,0.462,2,6,0.333,13,17,0.765,3,7,10,2,1,0,3,4,39,4,0,2010-11,Regular Season,2546,Carmelo Anthony
22010,2546,0021001111,2011-03-30,NYK vs. NJN,W,41,15,26,0.577,3,4,0.75,6,6,1.0,4,6,10,5,0,0,2,3,39,14,0,2010-11,Regular Season,2546,Carmelo Anthony
22010,2546,0021001143,2011-04-03,NYK vs. CLE,W,35,8,18,0.444,0,4,0.0,9,9,1.0,1,4,5,3,2,1,1,2,25,0,0,2010-11,Regular Season,2546,Carmelo Anthony
22010,2546,0021001155,2011-04-05,NYK vs. TOR,W,29,9,15,0.6,5,7,0.714,0,0,0.0,0,9,9,1,1,0,4,2,23,0,0,2010-11,Regular Season,2546,Carmelo Anthony
22010,2546,0021001165,2011-04-06,NYK @ PHI,W,37,12,23,0.522,5,8,0.625,2,3,0.667,3,8,11,2,0,2,0,5,31,7,0,2010-11,Regular Season,2546,Carmelo Anthony
22010,2546,0021001177,2011-04-08,NYK @ NJN,W,30,9,18,0.5,2,6,0.333,5,5,1.0,2,12,14,2,1,1,1,0,25,18,0,2010-11,Regular Season,2546,Carmelo Anthony
22010,2546,0021001198,2011-04-10,NYK @ IND,W,36,11,28,0.393,6,13,0.462,6,8,0.75,0,4,4,5,2,3,0,5,34,6,0,2010-11,Regular Season,2546,Carmelo Anthony
22010,2546,0021001213,2011-04-12,NYK vs. CHI,L,32,8,19,0.421,1,6,0.167,4,4,1.0,0,5,5,2,1,2,3,3,21,-12,0,2010-11,Regular Season,2546,Carmelo Anthony
42010,2546,0041000121,2011-04-17,NYK @ BOS,L,34,5,18,0.278,2,8,0.25,3,4,0.75,2,2,4,4,2,0,5,5,15,2,0,2010-11,Playoffs,2546,Carmelo Anthony
42010,2546,0041000122,2011-04-19,NYK @ BOS,L,44,14,30,0.467,4,8,0.5,10,11,0.909,5,12,17,6,0,2,1,5,42,-5,0,2010-11,Playoffs,2546,Carmelo Anthony
42010,2546,0041000123,2011-04-22,NYK vs. BOS,L,35,4,16,0.25,1,3,0.333,6,8,0.75,3,8,11,6,2,1,5,2,15,-27,0,2010-11,Playoffs,2546,Carmelo Anthony
42010,2546,0041000124,2011-04-24,NYK vs. BOS,L,43,10,24,0.417,2,7,0.286,10,11,0.909,3,6,9,3,1,0,2,4,32,-10,0,2010-11,Playoffs,2546,Carmelo Anthony
22010,101108,0021000010,2010-10-27,NOH vs. MIL,W,37,6,11,0.545,1,2,0.5,4,6,0.667,1,3,4,16,0,0,1,3,17,11,0,2010-11,Regular Season,101108,Chris Paul
22010,101108,0021000027,2010-10-29,NOH vs. DEN,W,37,6,14,0.429,0,3,0.0,6,6,1.0,2,5,7,7,1,0,0,2,18,1,0,2010-11,Regular Season,101108,Chris Paul
22010,101108,0021000039,2010-10-30,NOH @ SAS,W,31,8,15,0.533,2,2,1.0,7,7,1.0,0,7,7,5,2,0,3,1,25,4,0,2010-11,Regular Season,101108,Chris Paul
22010,101108,0021000059,2010-11-03,NOH @ HOU,W,35,7,12,0.583,1,1,1.0,10,12,0.833,1,6,7,8,4,1,1,1,25,12,0,2010-11,Regular Season,101108,Chris Paul
22010,101108,0021000075,2010-11-05,NOH vs. MIA,W,36,5,13,0.385,0,2,0.0,3,3,1.0,0,2,2,19,5,0,3,4,13,9,0,2010-11,Regular Season,101108,Chris Paul
22010,101108,0021000083,2010-11-06,NOH @ MIL,W,33,7,12,0.583,0,0,0.0,0,0,0.0,1,8,9,6,2,0,3,1,14,15,0,2010-11,Regular Season,101108,Chris Paul
22010,101108,0021000105,2010-11-09,NOH vs. LAC,W,28,6,10,0.6,1,1,1.0,0,0,0.0,0,2,2,8,3,0,1,1,13,11,0,2010-11,Regular Season,101108,Chris Paul
22010,101108,0021000136,2010-11-13,NOH vs. POR,W,32,2,6,0.333,1,2,0.5,6,6,1.0,0,4,4,13,5,0,5,2,11,8,0,2010-11,Regular Season,101108,Chris Paul
22010,101108,0021000146,2010-11-15,NOH @ DAL,L,33,9,16,0.563,2,5,0.4,2,4,0.5,0,4,4,9,3,0,3,4,22,-1,0,2010-11,Regular Season,101108,Chris Paul
22010,101108,0021000163,2010-11-17,NOH vs. DAL,W,37,8,13,0.615,2,2,1.0,2,3,0.667,0,2,2,11,0,0,2,3,20,3,0,2010-11,Regular Season,101108,Chris Paul
22010,101108,0021000177,2010-11-19,NOH vs. CLE,W,34,4,8,0.5,2,3,0.667,5,6,0.833,1,3,4,10,6,0,3,3,15,5,0,2010-11,Regular Season,101108,Chris Paul
22010,101108,0021000193,2010-11-21,NOH @ SAC,W,40,2,12,0.167,0,3,0.0,5,5,1.0,2,5,7,14,5,0,2,3,9,11,0,2010-11,Regular Season,101108,Chris Paul
22010,101108,0021000202,2010-11-22,NOH @ LAC,L,32,5,12,0.417,3,5,0.6,1,1,1.0,0,4,4,6,2,0,4,3,14,-2,0,2010-11,Regular Season,101108,Chris Paul
22010,101108,0021000219,2010-11-24,NOH @ UTA,L,36,4,8,0.5,1,3,0.333,8,8,1.0,0,3,3,9,5,0,1,4,17,-6,0,2010-11,Regular Season,101108,Chris Paul
22010,101108,0021000233,2010-11-26,NOH @ POR,W,36,4,6,0.667,0,0,0.0,8,8,1.0,0,6,6,13,2,0,5,3,16,27,0,2010-11,Regular Season,101108,Chris Paul
22010,101108,0021000244,2010-11-28,NOH vs. SAS,L,33,6,13,0.462,1,2,0.5,2,2,1.0,0,6,6,7,1,0,3,4,15,-10,0,2010-11,Regular Season,101108,Chris Paul
22010,101108,0021000251,2010-11-29,NOH @ OKC,L,35,6,13,0.462,1,2,0.5,4,4,1.0,0,2,2,14,5,0,2,2,17,5,0,2010-11,Regular Season,101108,Chris Paul
22010,101108,0021000267,2010-12-01,NOH vs. CHA,W,39,4,7,0.571,1,2,0.5,0,0,0.0,0,5,5,14,4,0,3,0,9,19,0,2010-11,Regular Season,101108,Chris Paul
22010,101108,0021000282,2010-12-03,NOH vs. NYK,L,31,4,9,0.444,2,3,0.667,7,7,1.0,0,4,4,10,3,0,2,5,17,-9,0,2010-11,Regular Season,101108,Chris Paul
22010,101108,0021000298,2010-12-05,NOH @ SAS,L,32,5,13,0.385,2,4,0.5,4,5,0.8,0,5,5,8,2,0,4,2,16,-21,0,2010-11,Regular Season,101108,Chris Paul
22010,101108,0021000321,2010-12-08,NOH vs. DET,W,29,2,7,0.286,0,1,0.0,2,2,1.0,0,2,2,14,5,0,1,2,6,24,0,2010-11,Regular Season,101108,Chris Paul
22010,101108,0021000335,2010-12-10,NOH vs. OKC,L,36,7,10,0.7,1,3,0.333,3,3,1.0,0,0,0,7,5,0,3,4,18,-4,0,2010-11,Regular Season,101108,Chris Paul
22010,101108,0021000350,2010-12-12,NOH @ PHI,L,32,8,12,0.667,2,2,1.0,7,7,1.0,0,2,2,3,3,0,4,4,25,-11,0,2010-11,Regular Season,101108,Chris Paul
22010,101108,0021000355,2010-12-13,NOH @ MIA,L,36,3,10,0.3,0,3,0.0,5,6,0.833,1,7,8,5,0,0,2,4,11,-11,0,2010-11,Regular Season,101108,Chris Paul
22010,101108,0021000373,2010-12-15,NOH vs. SAC,W,38,5,11,0.455,0,0,0.0,12,13,0.923,0,3,3,11,1,0,0,2,22,4,0,2010-11,Regular Season,101108,Chris Paul
22010,101108,0021000387,2010-12-17,NOH vs. UTA,W,32,5,11,0.455,0,0,0.0,1,1,1.0,1,6,7,10,1,0,3,4,11,18,0,2010-11,Regular Season,101108,Chris Paul
22010,101108,0021000403,2010-12-19,NOH @ DET,L,39,9,16,0.563,3,5,0.6,2,2,1.0,0,2,2,10,3,0,1,1,23,0,0,2010-11,Regular Season,101108,Chris Paul
22010,101108,0021000408,2010-12-20,NOH @ IND,L,36,4,11,0.364,1,2,0.5,6,6,1.0,1,3,4,4,1,0,6,3,15,1,0,2010-11,Regular Season,101108,Chris Paul
22010,101108,0021000427,2010-12-22,NOH vs. NJN,W,35,6,8,0.75,0,1,0.0,0,0,0.0,0,6,6,14,2,0,1,0,12,9,0,2010-11,Regular Season,101108,Chris Paul
22010,101108,0021000442,2010-12-26,NOH vs. ATL,W,37,10,17,0.588,0,2,0.0,2,3,0.667,1,3,4,8,0,0,1,0,22,7,0,2010-11,Regular Season,101108,Chris Paul
22010,101108,0021000449,2010-12-27,NOH @ MIN,L,41,6,13,0.462,2,3,0.667,8,9,0.889,1,5,6,13,5,0,2,2,22,-19,0,2010-11,Regular Season,101108,Chris Paul
22010,101108,0021000467,2010-12-29,NOH vs. LAL,L,34,8,14,0.571,1,2,0.5,3,3,1.0,1,2,3,7,3,0,3,2,20,-7,0,2010-11,Regular Season,101108,Chris Paul
22010,101108,0021000476,2010-12-31,NOH @ BOS,W,40,7,15,0.467,1,3,0.333,5,5,1.0,1,4,5,11,6,0,4,3,20,17,0,2010-11,Regular Season,101108,Chris Paul
22010,101108,0021000484,2011-01-01,NOH @ WAS,W,33,6,12,0.5,0,2,0.0,1,2,0.5,2,3,5,11,7,0,1,2,13,13,0,2010-11,Regular Season,101108,Chris Paul
22010,101108,0021000502,2011-01-03,NOH vs. PHI,W,36,4,11,0.364,1,4,0.25,6,6,1.0,0,3,3,5,2,0,0,3,15,2,0,2010-11,Regular Season,101108,Chris Paul
22010,101108,0021000518,2011-01-05,NOH vs. GSW,L,38,6,12,0.5,2,2,1.0,10,14,0.714,0,6,6,13,1,0,2,3,24,0,0,2010-11,Regular Season,101108,Chris Paul
22010,101108,0021000535,2011-01-07,NOH @ LAL,L,41,3,6,0.5,1,2,0.5,5,6,0.833,0,0,0,10,0,0,3,5,12,3,0,2010-11,Regular Season,101108,Chris Paul
22010,101108,0021000548,2011-01-09,NOH @ DEN,W,34,6,13,0.462,2,3,0.667,6,6,1.0,0,3,3,6,0,1,4,5,20,10,0,2010-11,Regular Season,101108,Chris Paul
22010,101108,0021000567,2011-01-12,NOH vs. ORL,W,41,5,12,0.417,0,1,0.0,2,3,0.667,0,5,5,13,1,0,1,0,12,2,0,2010-11,Regular Season,101108,Chris Paul
22010,101108,0021000582,2011-01-14,NOH @ HOU,W,43,4,11,0.364,1,2,0.5,2,2,1.0,0,0,0,8,5,0,5,2,11,3,0,2010-11,Regular Season,101108,Chris Paul
22010,101108,0021000588,2011-01-15,NOH @ CHA,W,34,6,10,0.6,1,1,1.0,6,6,1.0,0,1,1,4,1,0,0,2,19,13,0,2010-11,Regular Season,101108,Chris Paul
22010,101108,0021000603,2011-01-17,NOH vs. TOR,W,31,1,8,0.125,0,2,0.0,4,4,1.0,1,2,3,11,3,0,0,1,6,9,0,2010-11,Regular Season,101108,Chris Paul
22010,101108,0021000618,2011-01-19,NOH vs. MEM,W,42,6,14,0.429,2,2,1.0,6,6,1.0,0,3,3,12,0,1,2,4,20,-2,0,2010-11,Regular Season,101108,Chris Paul
22010,101108,0021000631,2011-01-21,NOH @ ATL,W,30,4,10,0.4,1,2,0.5,7,8,0.875,0,3,3,8,3,0,1,2,16,26,0,2010-11,Regular Season,101108,Chris Paul
22010,101108,0021000646,2011-01-22,NOH vs. SAS,W,31,4,11,0.364,1,1,1.0,2,4,0.5,1,5,6,6,2,0,0,1,11,20,0,2010-11,Regular Season,101108,Chris Paul
22010,101108,0021000660,2011-01-24,NOH vs. OKC,W,35,7,14,0.5,2,4,0.5,8,10,0.8,0,4,4,9,3,0,2,3,24,0,0,2010-11,Regular Season,101108,Chris Paul
22010,101108,0021000677,2011-01-26,NOH @ GSW,W,32,7,9,0.778,0,2,0.0,4,4,1.0,0,2,2,17,0,0,6,1,18,18,0,2010-11,Regular Season,101108,Chris Paul
22010,101108,0021000699,2011-01-29,NOH @ SAC,L,37,5,10,0.5,1,4,0.25,8,8,1.0,1,4,5,7,3,0,5,5,19,-1,0,2010-11,Regular Season,101108,Chris Paul
22010,101108,0021000706,2011-01-30,NOH @ PHX,L,39,7,14,0.5,2,4,0.5,10,10,1.0,2,1,3,12,1,0,0,1,26,-7,0,2010-11,Regular Season,101108,Chris Paul
22010,101108,0021000715,2011-02-01,NOH vs. WAS,W,31,5,9,0.556,1,3,0.333,4,4,1.0,1,4,5,9,2,0,2,3,15,0,0,2010-11,Regular Season,101108,Chris Paul
22010,101108,0021000725,2011-02-02,NOH @ OKC,L,32,5,9,0.556,1,2,0.5,4,4,1.0,0,1,1,5,2,0,3,2,15,-13,0,2010-11,Regular Season,101108,Chris Paul
22010,101108,0021000748,2011-02-05,NOH vs. LAL,L,44,8,11,0.727,3,4,0.75,2,2,1.0,1,0,1,15,0,0,4,3,21,-8,0,2010-11,Regular Season,101108,Chris Paul
22010,101108,0021000760,2011-02-07,NOH vs. MIN,L,37,5,11,0.455,0,3,0.0,7,8,0.875,1,5,6,13,4,0,1,5,17,6,0,2010-11,Regular Season,101108,Chris Paul
22010,101108,0021000775,2011-02-09,NOH @ NJN,L,51,4,15,0.267,1,3,0.333,0,0,0.0,2,3,5,11,2,0,7,4,9,1,0,2010-11,Regular Season,101108,Chris Paul
22010,101108,0021000788,2011-02-11,NOH @ ORL,W,36,4,11,0.364,0,2,0.0,7,8,0.875,0,2,2,7,1,0,2,1,15,12,0,2010-11,Regular Season,101108,Chris Paul
22010,101108,0021000800,2011-02-12,NOH vs. CHI,L,38,3,10,0.3,1,2,0.5,8,10,0.8,0,2,2,6,3,0,2,3,15,-6,0,2010-11,Regular Season,101108,Chris Paul
22010,101108,0021000823,2011-02-15,NOH @ GSW,L,32,4,12,0.333,0,1,0.0,3,3,1.0,1,3,4,10,1,0,1,1,11,-10,0,2010-11,Regular Season,101108,Chris Paul
22010,101108,0021000835,2011-02-16,NOH @ POR,L,42,2,6,0.333,0,1,0.0,4,6,0.667,1,1,2,5,1,0,4,4,8,-5,0,2010-11,Regular Season,101108,Chris Paul
22010,101108,0021000854,2011-02-23,NOH vs. LAC,W,39,8,17,0.471,0,2,0.0,3,4,0.75,0,6,6,10,3,0,2,1,19,16,0,2010-11,Regular Season,101108,Chris Paul
22010,101108,0021000868,2011-02-25,NOH @ MIN,W,39,6,13,0.462,2,5,0.4,3,4,0.75,1,5,6,8,0,0,1,0,17,15,0,2010-11,Regular Season,101108,Chris Paul
22010,101108,0021000885,2011-02-27,NOH vs. HOU,L,40,2,12,0.167,0,2,0.0,2,2,1.0,0,1,1,12,3,0,0,5,6,10,0,2010-11,Regular Season,101108,Chris Paul
22010,101108,0021000897,2011-03-01,NOH @ TOR,L,38,3,10,0.3,0,2,0.0,1,1,1.0,0,4,4,5,1,0,1,5,7,-7,0,2010-11,Regular Season,101108,Chris Paul
22010,101108,0021000907,2011-03-02,NOH @ NYK,L,36,2,7,0.286,0,1,0.0,0,0,0.0,1,3,4,10,2,1,3,1,4,-19,0,2010-11,Regular Season,101108,Chris Paul
22010,101108,0021000920,2011-03-04,NOH @ MEM,W,38,7,15,0.467,2,3,0.667,7,8,0.875,0,5,5,14,2,0,2,2,23,20,0,2010-11,Regular Season,101108,Chris Paul
22010,101108,0021000936,2011-03-06,NOH @ CLE,W,27,5,10,0.5,1,1,1.0,2,2,1.0,0,1,1,11,0,0,0,1,13,4,0,2010-11,Regular Season,101108,Chris Paul
22010,101108,0021000981,2011-03-12,NOH vs. SAC,W,43,13,21,0.619,1,4,0.25,6,7,0.857,0,7,7,15,5,0,2,1,33,15,0,2010-11,Regular Season,101108,Chris Paul
22010,101108,0021000995,2011-03-14,NOH vs. DEN,L,42,9,16,0.563,2,5,0.4,7,9,0.778,0,5,5,10,7,0,2,2,27,-6,0,2010-11,Regular Season,101108,Chris Paul
22010,101108,0021001008,2011-03-16,NOH vs. PHX,W,36,9,16,0.563,2,4,0.5,6,7,0.857,0,5,5,9,3,0,1,2,26,8,0,2010-11,Regular Season,101108,Chris Paul
22010,101108,0021001032,2011-03-19,NOH vs. BOS,L,39,0,9,0.0,0,4,0.0,4,4,1.0,1,6,7,15,1,0,3,2,4,0,0,2010-11,Regular Season,101108,Chris Paul
22010,101108,0021001067,2011-03-24,NOH @ UTA,W,44,8,15,0.533,0,2,0.0,8,9,0.889,1,2,3,12,0,0,1,1,24,10,0,2010-11,Regular Season,101108,Chris Paul
22010,101108,0021001077,2011-03-25,NOH @ PHX,W,37,10,16,0.625,0,2,0.0,2,4,0.5,0,5,5,7,0,0,1,4,22,5,0,2010-11,Regular Season,101108,Chris Paul
22010,101108,0021001094,2011-03-27,NOH @ LAL,L,37,4,10,0.4,0,1,0.0,2,2,1.0,1,4,5,9,2,0,2,3,10,-25,0,2010-11,Regular Season,101108,Chris Paul
22010,101108,0021001114,2011-03-30,NOH vs. POR,W,45,4,15,0.267,0,2,0.0,3,3,1.0,0,7,7,12,4,0,1,3,11,7,0,2010-11,Regular Season,101108,Chris Paul
22010,101108,0021001127,2011-04-01,NOH vs. MEM,L,36,2,8,0.25,0,1,0.0,1,2,0.5,1,4,5,13,1,1,2,1,5,-12,0,2010-11,Regular Season,101108,Chris Paul
22010,101108,0021001147,2011-04-03,NOH vs. IND,W,29,8,13,0.615,1,2,0.5,1,2,0.5,0,2,2,8,2,0,2,0,18,23,0,2010-11,Regular Season,101108,Chris Paul
22010,101108,0021001169,2011-04-06,NOH vs. HOU,W,42,10,20,0.5,1,2,0.5,7,8,0.875,1,8,9,10,1,0,1,4,28,11,0,2010-11,Regular Season,101108,Chris Paul
22010,101108,0021001184,2011-04-08,NOH vs. PHX,W,36,3,8,0.375,1,2,0.5,0,0,0.0,0,5,5,12,2,0,3,4,7,10,0,2010-11,Regular Season,101108,Chris Paul
22010,101108,0021001197,2011-04-10,NOH @ MEM,L,29,0,6,0.0,0,1,0.0,0,2,0.0,0,3,3,10,2,0,2,1,0,-12,0,2010-11,Regular Season,101108,Chris Paul
22010,101108,0021001208,2011-04-11,NOH vs. UTA,L,35,6,13,0.462,0,1,0.0,3,4,0.75,2,3,5,5,3,0,2,2,15,-12,0,2010-11,Regular Season,101108,Chris Paul
22010,101108,0021001223,2011-04-13,NOH @ DAL,L,25,2,9,0.222,0,1,0.0,3,3,1.0,0,1,1,8,1,0,3,3,7,-12,0,2010-11,Regular Season,101108,Chris Paul
42010,101108,0041000151,2011-04-17,NOH @ LAL,W,41,11,18,0.611,2,3,0.667,9,12,0.75,0,7,7,14,4,0,2,0,33,7,0,2010-11,Playoffs,101108,Chris Paul
42010,101108,0041000152,2011-04-20,NOH @ LAL,L,43,5,11,0.455,2,4,0.5,8,12,0.667,0,3,3,9,0,0,1,4,20,-7,0,2010-11,Playoffs,101108,Chris Paul
42010,101108,0041000153,2011-04-22,NOH vs. LAL,L,38,9,13,0.692,1,3,0.333,3,5,0.6,1,4,5,8,2,0,5,2,22,-12,0,2010-11,Playoffs,101108,Chris Paul
42010,101108,0041000154,2011-04-24,NOH vs. LAL,W,44,7,14,0.5,2,4,0.5,11,11,1.0,2,11,13,15,2,0,5,2,27,9,0,2010-11,Playoffs,101108,Chris Paul
42010,101108,0041000155,2011-04-26,NOH @ LAL,L,41,6,12,0.5,1,3,0.333,7,8,0.875,0,4,4,12,1,0,4,1,20,-7,0,2010-11,Playoffs,101108,Chris Paul
42010,101108,0041000156,2011-04-28,NOH vs. LAL,L,43,4,9,0.444,1,2,0.5,1,1,1.0,0,8,8,11,2,0,5,2,10,-17,0,2010-11,Playoffs,101108,Chris Paul
22010,2548,0021000001,2010-10-26,MIA @ BOS,L,37,4,16,0.25,1,3,0.333,4,6,0.667,0,4,4,6,3,0,6,4,13,-18,0,2010-11,Regular Season,2548,Dwyane Wade
22010,2548,0021000006,2010-10-27,MIA @ PHI,W,35,10,20,0.5,1,2,0.5,9,12,0.75,2,5,7,4,3,2,1,3,30,9,0,2010-11,Regular Season,2548,Dwyane Wade
22010,2548,0021000025,2010-10-29,MIA vs. ORL,W,34,9,20,0.45,2,6,0.333,6,8,0.75,2,4,6,3,0,2,4,2,26,32,0,2010-11,Regular Season,2548,Dwyane Wade
22010,2548,0021000040,2010-10-31,MIA @ NJN,W,27,4,9,0.444,1,2,0.5,8,12,0.667,1,5,6,7,2,1,1,0,17,19,0,2010-11,Regular Season,2548,Dwyane Wade
22010,2548,0021000050,2010-11-02,MIA vs. MIN,W,24,12,17,0.706,0,0,0.0,2,2,1.0,1,1,2,1,0,0,3,5,26,12,0,2010-11,Regular Season,2548,Dwyane Wade
22010,2548,0021000075,2010-11-05,MIA @ NOH,L,40,7,16,0.438,1,5,0.2,13,13,1.0,2,8,10,2,2,2,7,1,28,-7,0,2010-11,Regular Season,2548,Dwyane Wade
22010,2548,0021000082,2010-11-06,MIA vs. NJN,W,36,10,17,0.588,2,3,0.667,7,10,0.7,3,7,10,3,2,1,3,2,29,15,0,2010-11,Regular Season,2548,Dwyane Wade
22010,2548,0021000103,2010-11-09,MIA vs. UTA,L,42,12,23,0.522,3,5,0.6,12,16,0.75,1,5,6,1,1,0,2,3,39,0,0,2010-11,Regular Season,2548,Dwyane Wade
22010,2548,0021000118,2010-11-11,MIA vs. BOS,L,40,2,12,0.167,0,5,0.0,4,6,0.667,0,1,1,3,0,1,6,4,8,-17,0,2010-11,Regular Season,2548,Dwyane Wade
22010,2548,0021000133,2010-11-13,MIA vs. TOR,W,35,11,16,0.688,0,1,0.0,9,14,0.643,2,6,8,2,0,1,1,2,31,6,0,2010-11,Regular Season,2548,Dwyane Wade
22010,2548,0021000158,2010-11-17,MIA vs. PHX,W,31,6,11,0.545,0,1,0.0,5,6,0.833,1,5,6,6,0,2,2,2,17,20,0,2010-11,Regular Season,2548,Dwyane Wade
22010,2548,0021000175,2010-11-19,MIA vs. CHA,W,36,4,13,0.308,0,4,0.0,3,6,0.5,0,3,3,4,2,0,2,3,11,7,0,2010-11,Regular Season,2548,Dwyane Wade
22010,2548,0021000196,2010-11-22,MIA vs. IND,L,38,1,13,0.077,0,4,0.0,1,5,0.2,0,4,4,5,2,2,5,3,3,-18,0,2010-11,Regular Season,2548,Dwyane Wade
22010,2548,0021000213,2010-11-24,MIA @ ORL,L,40,6,21,0.286,1,4,0.25,5,7,0.714,2,5,7,5,0,1,1,2,18,-10,0,2010-11,Regular Season,2548,Dwyane Wade
22010,2548,0021000226,2010-11-26,MIA vs. PHI,W,36,7,16,0.438,0,1,0.0,9,12,0.75,3,3,6,8,2,0,3,2,23,-2,0,2010-11,Regular Season,2548,Dwyane Wade
22010,2548,0021000239,2010-11-27,MIA @ DAL,L,41,8,16,0.5,0,1,0.0,6,11,0.545,1,8,9,5,0,2,7,3,22,-8,0,2010-11,Regular Season,2548,Dwyane Wade
22010,2548,0021000250,2010-11-29,MIA vs. WAS,W,35,8,17,0.471,0,1,0.0,10,10,1.0,0,8,8,6,4,1,2,1,26,13,0,2010-11,Regular Season,2548,Dwyane Wade
22010,2548,0021000265,2010-12-01,MIA vs. DET,W,18,7,9,0.778,0,0,0.0,2,5,0.4,0,2,2,1,2,0,3,4,16,19,0,2010-11,Regular Season,2548,Dwyane Wade
22010,2548,0021000273,2010-12-02,MIA @ CLE,W,33,10,16,0.625,0,1,0.0,2,3,0.667,3,6,9,9,3,0,3,4,22,19,0,2010-11,Regular Season,2548,Dwyane Wade
22010,2548,0021000288,2010-12-04,MIA vs. ATL,W,40,11,18,0.611,0,1,0.0,4,6,0.667,2,8,10,3,3,3,4,2,26,12,0,2010-11,Regular Season,2548,Dwyane Wade
22010,2548,0021000306,2010-12-06,MIA @ MIL,W,39,9,20,0.45,0,0,0.0,7,10,0.7,5,9,14,5,0,1,6,3,25,8,0,2010-11,Regular Season,2548,Dwyane Wade
22010,2548,0021000324,2010-12-08,MIA @ UTA,W,41,9,14,0.643,2,3,0.667,8,11,0.727,2,2,4,4,2,0,4,0,28,18,0,2010-11,Regular Season,2548,Dwyane Wade
22010,2548,0021000340,2010-12-10,MIA @ GSW,W,35,12,20,0.6,0,1,0.0,10,13,0.769,3,6,9,7,1,0,4,3,34,30,0,2010-11,Regular Season,2548,Dwyane Wade
22010,2548,0021000348,2010-12-11,MIA @ SAC,W,36,15,23,0.652,1,2,0.5,5,9,0.556,3,3,6,6,1,1,3,2,36,31,0,2010-11,Regular Season,2548,Dwyane Wade
22010,2548,0021000355,2010-12-13,MIA vs. NOH,W,39,8,13,0.615,2,3,0.667,14,17,0.824,1,4,5,1,1,0,1,2,32,7,0,2010-11,Regular Season,2548,Dwyane Wade
22010,2548,0021000371,2010-12-15,MIA vs. CLE,W,40,10,18,0.556,3,6,0.5,5,7,0.714,2,4,6,3,1,0,1,4,28,15,0,2010-11,Regular Season,2548,Dwyane Wade
22010,2548,0021000382,2010-12-17,MIA @ NYK,W,38,9,22,0.409,2,3,0.667,6,8,0.75,3,5,8,5,2,3,2,0,26,14,0,2010-11,Regular Season,2548,Dwyane Wade
22010,2548,0021000393,2010-12-18,MIA @ WAS,W,40,7,19,0.368,2,5,0.4,4,6,0.667,1,5,6,2,1,2,3,5,20,-10,0,2010-11,Regular Season,2548,Dwyane Wade
22010,2548,0021000410,2010-12-20,MIA vs. DAL,L,39,8,17,0.471,3,7,0.429,3,6,0.5,1,3,4,7,3,2,1,1,22,5,0,2010-11,Regular Season,2548,Dwyane Wade
22010,2548,0021000435,2010-12-25,MIA @ LAL,W,36,6,17,0.353,0,1,0.0,6,6,1.0,0,5,5,6,1,1,3,3,18,21,0,2010-11,Regular Season,2548,Dwyane Wade
22010,2548,0021000457,2010-12-28,MIA vs. NYK,W,38,13,28,0.464,1,7,0.143,13,16,0.813,2,7,9,2,2,1,0,2,40,11,0,2010-11,Regular Season,2548,Dwyane Wade
22010,2548,0021000469,2010-12-29,MIA @ HOU,W,38,17,24,0.708,1,3,0.333,10,10,1.0,0,7,7,1,2,0,6,3,45,2,0,2010-11,Regular Season,2548,Dwyane Wade
22010,2548,0021000486,2011-01-01,MIA vs. GSW,W,39,7,18,0.389,0,2,0.0,11,16,0.688,0,6,6,8,2,1,0,0,25,7,0,2010-11,Regular Season,2548,Dwyane Wade
22010,2548,0021000499,2011-01-03,MIA @ CHA,W,31,12,20,0.6,1,4,0.25,6,6,1.0,4,7,11,4,0,1,4,4,31,17,0,2010-11,Regular Season,2548,Dwyane Wade
22010,2548,0021000505,2011-01-04,MIA vs. MIL,W,35,10,19,0.526,1,2,0.5,13,15,0.867,1,3,4,2,1,0,2,3,34,8,0,2010-11,Regular Season,2548,Dwyane Wade
22010,2548,0021000532,2011-01-07,MIA @ MIL,W,44,4,19,0.211,0,1,0.0,6,7,0.857,4,3,7,5,3,0,1,4,14,1,0,2010-11,Regular Season,2548,Dwyane Wade
22010,2548,0021000549,2011-01-09,MIA @ POR,W,42,15,22,0.682,1,3,0.333,3,4,0.75,2,6,8,5,0,1,2,3,34,19,0,2010-11,Regular Season,2548,Dwyane Wade
22010,2548,0021000572,2011-01-12,MIA @ LAC,L,41,12,22,0.545,1,4,0.25,6,7,0.857,1,6,7,5,1,3,1,2,31,7,0,2010-11,Regular Season,2548,Dwyane Wade
22010,2548,0021000575,2011-01-13,MIA @ DEN,L,31,7,19,0.368,0,3,0.0,2,7,0.286,2,2,4,4,0,1,3,1,16,-25,0,2010-11,Regular Season,2548,Dwyane Wade
22010,2548,0021000591,2011-01-15,MIA @ CHI,L,35,10,20,0.5,4,7,0.571,9,13,0.692,3,3,6,4,0,5,3,4,33,-4,0,2010-11,Regular Season,2548,Dwyane Wade
22010,2548,0021000611,2011-01-18,MIA vs. ATL,L,46,8,20,0.4,0,4,0.0,11,12,0.917,0,6,6,3,1,1,6,4,27,1,0,2010-11,Regular Season,2548,Dwyane Wade
22010,2548,0021000678,2011-01-27,MIA @ NYK,L,41,14,22,0.636,0,2,0.0,6,14,0.429,3,13,16,5,1,0,6,3,34,-6,0,2010-11,Regular Season,2548,Dwyane Wade
22010,2548,0021000701,2011-01-30,MIA @ OKC,W,41,13,22,0.591,0,0,0.0,6,8,0.75,4,5,9,2,2,0,9,4,32,-2,0,2010-11,Regular Season,2548,Dwyane Wade
22010,2548,0021000710,2011-01-31,MIA vs. CLE,W,34,13,21,0.619,1,1,1.0,7,8,0.875,2,5,7,5,3,0,4,4,34,17,0,2010-11,Regular Season,2548,Dwyane Wade
22010,2548,0021000730,2011-02-03,MIA @ ORL,W,35,5,12,0.417,0,1,0.0,4,8,0.5,0,4,4,1,1,2,1,2,14,15,0,2010-11,Regular Season,2548,Dwyane Wade
22010,2548,0021000733,2011-02-04,MIA @ CHA,W,40,8,20,0.4,1,4,0.25,5,7,0.714,4,8,12,10,0,0,4,4,22,2,0,2010-11,Regular Season,2548,Dwyane Wade
22010,2548,0021000754,2011-02-06,MIA vs. LAC,W,37,8,14,0.571,3,4,0.75,9,10,0.9,2,6,8,8,1,3,4,2,28,20,0,2010-11,Regular Season,2548,Dwyane Wade
22010,2548,0021000769,2011-02-08,MIA vs. IND,W,41,7,17,0.412,0,1,0.0,3,5,0.6,0,3,3,7,1,0,3,1,17,-2,0,2010-11,Regular Season,2548,Dwyane Wade
22010,2548,0021000792,2011-02-11,MIA @ DET,W,36,9,15,0.6,0,0,0.0,6,6,1.0,1,7,8,7,1,0,1,4,24,19,0,2010-11,Regular Season,2548,Dwyane Wade
22010,2548,0021000804,2011-02-13,MIA @ BOS,L,42,6,17,0.353,1,2,0.5,3,5,0.6,3,2,5,4,0,0,6,3,16,-1,0,2010-11,Regular Season,2548,Dwyane Wade
22010,2548,0021000818,2011-02-15,MIA @ IND,W,42,16,29,0.552,1,4,0.25,8,10,0.8,0,12,12,3,2,0,2,2,41,16,0,2010-11,Regular Season,2548,Dwyane Wade
22010,2548,0021000825,2011-02-16,MIA @ TOR,W,40,10,18,0.556,0,0,0.0,8,10,0.8,2,5,7,1,1,2,5,0,28,10,0,2010-11,Regular Season,2548,Dwyane Wade
22010,2548,0021000841,2011-02-22,MIA vs. SAC,W,35,11,20,0.55,1,3,0.333,0,0,0.0,1,7,8,7,2,1,1,2,23,22,0,2010-11,Regular Season,2548,Dwyane Wade
22010,2548,0021000859,2011-02-24,MIA @ CHI,L,42,12,25,0.48,0,1,0.0,10,12,0.833,2,6,8,2,2,0,3,2,34,-4,0,2010-11,Regular Season,2548,Dwyane Wade
22010,2548,0021000866,2011-02-25,MIA vs. WAS,W,40,18,27,0.667,2,3,0.667,3,9,0.333,0,5,5,2,2,0,2,1,41,10,0,2010-11,Regular Season,2548,Dwyane Wade
22010,2548,0021000887,2011-02-27,MIA vs. NYK,L,40,5,15,0.333,0,3,0.0,2,3,0.667,1,6,7,9,3,0,5,4,12,0,0,2010-11,Regular Season,2548,Dwyane Wade
22010,2548,0021000912,2011-03-03,MIA vs. ORL,L,41,10,18,0.556,0,1,0.0,8,12,0.667,2,2,4,5,4,1,2,3,28,-9,0,2010-11,Regular Season,2548,Dwyane Wade
22010,2548,0021000923,2011-03-04,MIA @ SAS,L,27,8,18,0.444,1,3,0.333,2,2,1.0,0,3,3,1,0,0,5,3,19,-24,0,2010-11,Regular Season,2548,Dwyane Wade
22010,2548,0021000931,2011-03-06,MIA vs. CHI,L,38,8,19,0.421,0,1,0.0,4,6,0.667,2,2,4,5,0,1,7,2,20,-2,0,2010-11,Regular Season,2548,Dwyane Wade
22010,2548,0021000951,2011-03-08,MIA vs. POR,L,43,12,21,0.571,2,8,0.25,12,13,0.923,1,5,6,5,1,2,3,4,38,-12,0,2010-11,Regular Season,2548,Dwyane Wade
22010,2548,0021000964,2011-03-10,MIA vs. LAL,W,39,9,23,0.391,1,4,0.25,1,1,1.0,3,2,5,5,4,1,4,1,20,-2,0,2010-11,Regular Season,2548,Dwyane Wade
22010,2548,0021000976,2011-03-12,MIA vs. MEM,W,34,9,15,0.6,1,2,0.5,9,9,1.0,0,5,5,9,3,5,3,3,28,37,0,2010-11,Regular Season,2548,Dwyane Wade
22010,2548,0021000993,2011-03-14,MIA vs. SAS,W,39,11,23,0.478,0,1,0.0,7,7,1.0,3,6,9,4,2,2,3,3,29,27,0,2010-11,Regular Season,2548,Dwyane Wade
22010,2548,0021001006,2011-03-16,MIA vs. OKC,L,40,7,21,0.333,1,5,0.2,6,9,0.667,2,4,6,2,1,1,2,4,21,-8,0,2010-11,Regular Season,2548,Dwyane Wade
22010,2548,0021001020,2011-03-18,MIA @ ATL,W,27,5,9,0.556,3,4,0.75,1,2,0.5,0,2,2,5,1,0,2,3,14,25,0,2010-11,Regular Season,2548,Dwyane Wade
22010,2548,0021001030,2011-03-19,MIA vs. DEN,W,39,10,20,0.5,1,3,0.333,11,13,0.846,1,1,2,2,1,3,2,3,32,10,0,2010-11,Regular Season,2548,Dwyane Wade
22010,2548,0021001058,2011-03-23,MIA @ DET,W,40,7,13,0.538,0,0,0.0,10,12,0.833,2,2,4,4,3,0,0,3,24,-1,0,2010-11,Regular Season,2548,Dwyane Wade
22010,2548,0021001072,2011-03-25,MIA vs. PHI,W,41,15,26,0.577,1,3,0.333,8,11,0.727,4,7,11,8,3,5,2,3,39,24,0,2010-11,Regular Season,2548,Dwyane Wade
22010,2548,0021001089,2011-03-27,MIA vs. HOU,W,37,10,25,0.4,1,5,0.2,9,10,0.9,4,7,11,5,0,2,3,4,30,18,0,2010-11,Regular Season,2548,Dwyane Wade
22010,2548,0021001101,2011-03-29,MIA @ CLE,L,43,8,20,0.4,2,4,0.5,6,8,0.75,3,1,4,6,3,2,3,3,24,-12,0,2010-11,Regular Season,2548,Dwyane Wade
22010,2548,0021001110,2011-03-30,MIA @ WAS,W,39,11,17,0.647,1,3,0.333,10,12,0.833,1,2,3,9,0,2,2,3,33,19,0,2010-11,Regular Season,2548,Dwyane Wade
22010,2548,0021001126,2011-04-01,MIA @ MIN,W,34,14,21,0.667,0,3,0.0,4,5,0.8,2,3,5,2,2,2,4,2,32,24,0,2010-11,Regular Season,2548,Dwyane Wade
22010,2548,0021001142,2011-04-03,MIA @ NJN,W,27,7,13,0.538,1,2,0.5,3,4,0.75,0,3,3,5,0,0,2,1,18,14,0,2010-11,Regular Season,2548,Dwyane Wade
22010,2548,0021001182,2011-04-08,MIA vs. CHA,W,33,6,11,0.545,0,1,0.0,15,16,0.938,0,3,3,4,3,1,4,2,27,15,0,2010-11,Regular Season,2548,Dwyane Wade
22010,2548,0021001194,2011-04-10,MIA vs. BOS,W,37,4,12,0.333,0,1,0.0,6,6,1.0,1,4,5,8,1,1,3,3,14,8,0,2010-11,Regular Season,2548,Dwyane Wade
22010,2548,0021001202,2011-04-11,MIA @ ATL,W,37,9,15,0.6,0,2,0.0,3,3,1.0,1,4,5,6,1,3,3,1,21,18,0,2010-11,Regular Season,2548,Dwyane Wade
42010,2548,0041000111,2011-04-16,MIA vs. PHI,W,35,6,13,0.462,0,1,0.0,5,8,0.625,1,6,7,5,0,1,2,5,17,16,0,2010-11,Playoffs,2548,Dwyane Wade
42010,2548,0041000112,2011-04-18,MIA vs. PHI,W,34,4,11,0.364,0,1,0.0,6,7,0.857,1,5,6,2,2,1,5,2,14,16,0,2010-11,Playoffs,2548,Dwyane Wade
42010,2548,0041000113,2011-04-21,MIA @ PHI,W,39,10,19,0.526,0,0,0.0,12,12,1.0,6,4,10,8,1,2,3,0,32,1,0,2010-11,Playoffs,2548,Dwyane Wade
42010,2548,0041000114,2011-04-24,MIA @ PHI,L,40,9,21,0.429,1,3,0.333,3,4,0.75,3,5,8,4,3,5,2,2,22,-7,0,2010-11,Playoffs,2548,Dwyane Wade
42010,2548,0041000115,2011-04-27,MIA vs. PHI,W,42,10,25,0.4,1,5,0.2,5,6,0.833,3,8,11,7,1,1,2,0,26,6,0,2010-11,Playoffs,2548,Dwyane Wade
42010,2548,0041000211,2011-05-01,MIA vs. BOS,W,37,14,21,0.667,2,5,0.4,8,9,0.889,0,1,1,5,3,2,2,4,38,8,0,2010-11,Playoffs,2548,Dwyane Wade
42010,2548,0041000212,2011-05-03,MIA vs. BOS,W,39,8,20,0.4,1,3,0.333,11,13,0.846,1,7,8,3,1,0,4,3,28,11,0,2010-11,Playoffs,2548,Dwyane Wade
42010,2548,0041000213,2011-05-07,MIA @ BOS,L,40,8,19,0.421,1,5,0.2,6,7,0.857,3,3,6,7,1,1,3,3,23,-19,0,2010-11,Playoffs,2548,Dwyane Wade
42010,2548,0041000214,2011-05-09,MIA @ BOS,W,45,8,18,0.444,0,0,0.0,12,14,0.857,3,6,9,4,1,0,3,4,28,14,0,2010-11,Playoffs,2548,Dwyane Wade
42010,2548,0041000215,2011-05-11,MIA vs. BOS,W,43,13,19,0.684,0,1,0.0,8,15,0.533,2,8,10,5,4,0,3,3,34,8,0,2010-11,Playoffs,2548,Dwyane Wade
42010,2548,0041000301,2011-05-15,MIA @ CHI,L,39,7,17,0.412,0,1,0.0,4,4,1.0,0,3,3,3,3,0,4,1,18,-22,0,2010-11,Playoffs,2548,Dwyane Wade
42010,2548,0041000302,2011-05-18,MIA @ CHI,W,40,8,16,0.5,0,0,0.0,8,10,0.8,1,8,9,2,1,2,1,3,24,19,0,2010-11,Playoffs,2548,Dwyane Wade
42010,2548,0041000303,2011-05-22,MIA vs. CHI,W,39,6,17,0.353,0,1,0.0,5,6,0.833,2,7,9,3,0,0,4,2,17,12,0,2010-11,Playoffs,2548,Dwyane Wade
42010,2548,0041000304,2011-05-24,MIA vs. CHI,W,41,5,16,0.313,0,1,0.0,4,4,1.0,0,5,5,1,2,4,2,3,14,-10,0,2010-11,Playoffs,2548,Dwyane Wade
42010,2548,0041000305,2011-05-26,MIA @ CHI,W,38,6,13,0.462,1,2,0.5,8,11,0.727,2,4,6,2,2,0,9,4,21,0,0,2010-11,Playoffs,2548,Dwyane Wade
42010,2548,0041000401,2011-05-31,MIA vs. DAL,W,38,9,19,0.474,2,4,0.5,2,5,0.4,3,7,10,6,0,2,3,1,22,7,0,2010-11,Playoffs,2548,Dwyane Wade
42010,2548,0041000402,2011-06-02,MIA vs. DAL,L,42,13,20,0.65,2,7,0.286,8,12,0.667,2,3,5,6,3,1,1,2,36,5,0,2010-11,Playoffs,2548,Dwyane Wade
42010,2548,0041000403,2011-06-05,MIA @ DAL,W,39,12,21,0.571,2,4,0.5,3,4,0.75,3,8,11,3,1,1,0,3,29,-1,0,2010-11,Playoffs,2548,Dwyane Wade
42010,2548,0041000404,2011-06-07,MIA @ DAL,L,39,13,20,0.65,0,2,0.0,6,9,0.667,4,2,6,2,2,2,2,3,32,-7,0,2010-11,Playoffs,2548,Dwyane Wade
42010,2548,0041000405,2011-06-09,MIA @ DAL,L,34,6,12,0.5,1,2,0.5,10,12,0.833,0,2,2,8,2,1,4,2,23,-13,0,2010-11,Playoffs,2548,Dwyane Wade
42010,2548,0041000406,2011-06-12,MIA vs. DAL,L,41,6,16,0.375,0,4,0.0,5,7,0.714,3,5,8,6,1,2,5,3,17,3,0,2010-11,Playoffs,2548,Dwyane Wade
22010,2730,0021000017,2010-10-28,ORL vs. WAS,W,30,7,9,0.778,0,0,0.0,9,19,0.474,1,9,10,1,1,3,3,1,23,24,0,2010-11,Regular Season,2730,Dwight Howard
22010,2730,0021000025,2010-10-29,ORL @ MIA,L,29,8,15,0.533,0,0,0.0,3,7,0.429,0,7,7,0,2,1,1,6,19,-15,0,2010-11,Regular Season,2730,Dwight Howard
22010,2730,0021000056,2010-11-03,ORL vs. MIN,W,23,7,13,0.538,0,0,0.0,4,11,0.364,6,10,16,1,1,8,3,3,18,18,0,2010-11,Regular Season,2730,Dwight Howard
22010,2730,0021000069,2010-11-05,ORL vs. NJN,W,38,9,13,0.692,0,0,0.0,12,16,0.75,5,11,16,2,2,1,5,5,30,21,0,2010-11,Regular Season,2730,Dwight Howard
22010,2730,0021000080,2010-11-06,ORL @ CHA,W,31,8,15,0.533,0,0,0.0,6,10,0.6,1,7,8,4,0,2,2,5,22,9,0,2010-11,Regular Season,2730,Dwight Howard
22010,2730,0021000096,2010-11-08,ORL vs. ATL,W,34,10,20,0.5,0,1,0.0,7,11,0.636,0,11,11,1,1,1,3,5,27,-2,0,2010-11,Regular Season,2730,Dwight Howard
22010,2730,0021000109,2010-11-10,ORL vs. UTA,L,33,5,8,0.625,0,0,0.0,4,11,0.364,4,5,9,4,1,3,6,5,14,5,0,2010-11,Regular Season,2730,Dwight Howard
22010,2730,0021000123,2010-11-12,ORL vs. TOR,L,44,9,14,0.643,0,0,0.0,7,17,0.412,2,6,8,1,0,5,4,5,25,-5,0,2010-11,Regular Season,2730,Dwight Howard
22010,2730,0021000131,2010-11-13,ORL @ NJN,W,27,6,9,0.667,0,0,0.0,4,7,0.571,4,6,10,1,0,2,1,5,16,-2,0,2010-11,Regular Season,2730,Dwight Howard
22010,2730,0021000145,2010-11-15,ORL vs. MEM,W,39,5,13,0.385,0,0,0.0,8,11,0.727,2,12,14,0,2,2,4,4,18,9,0,2010-11,Regular Season,2730,Dwight Howard
22010,2730,0021000169,2010-11-18,ORL vs. PHX,W,30,8,9,0.889,0,0,0.0,4,8,0.5,2,10,12,1,1,1,3,2,20,23,0,2010-11,Regular Season,2730,Dwight Howard
22010,2730,0021000183,2010-11-20,ORL @ IND,W,38,7,14,0.5,0,0,0.0,11,19,0.579,3,9,12,0,1,3,2,4,25,-1,0,2010-11,Regular Season,2730,Dwight Howard
22010,2730,0021000199,2010-11-22,ORL @ SAS,L,41,11,16,0.688,0,0,0.0,4,7,0.571,5,13,18,1,3,2,2,1,26,-4,0,2010-11,Regular Season,2730,Dwight Howard
22010,2730,0021000213,2010-11-24,ORL vs. MIA,W,38,8,13,0.615,0,0,0.0,8,16,0.5,3,15,18,1,0,1,3,0,24,6,0,2010-11,Regular Season,2730,Dwight Howard
22010,2730,0021000223,2010-11-26,ORL vs. CLE,W,35,5,9,0.556,0,0,0.0,13,24,0.542,2,9,11,1,2,2,4,2,23,9,0,2010-11,Regular Season,2730,Dwight Howard
22010,2730,0021000235,2010-11-27,ORL @ WAS,W,41,12,19,0.632,0,0,0.0,8,14,0.571,4,7,11,1,0,2,3,2,32,4,0,2010-11,Regular Season,2730,Dwight Howard
22010,2730,0021000255,2010-11-30,ORL vs. DET,W,40,4,8,0.5,0,0,0.0,1,2,0.5,3,11,14,0,3,2,6,3,9,12,0,2010-11,Regular Season,2730,Dwight Howard
22010,2730,0021000266,2010-12-01,ORL @ CHI,W,34,5,12,0.417,0,0,0.0,3,4,0.75,4,8,12,0,1,2,3,3,13,22,0,2010-11,Regular Season,2730,Dwight Howard
22010,2730,0021000303,2010-12-06,ORL vs. ATL,L,39,5,11,0.455,0,0,0.0,4,8,0.5,3,10,13,1,2,3,6,4,14,3,0,2010-11,Regular Season,2730,Dwight Howard
22010,2730,0021000329,2010-12-09,ORL @ POR,L,43,13,20,0.65,0,1,0.0,13,18,0.722,3,12,15,0,1,3,4,3,39,-14,0,2010-11,Regular Season,2730,Dwight Howard
22010,2730,0021000339,2010-12-10,ORL @ UTA,L,37,5,15,0.333,0,1,0.0,4,7,0.571,3,9,12,0,0,2,5,2,14,-18,0,2010-11,Regular Season,2730,Dwight Howard
22010,2730,0021000354,2010-12-12,ORL @ LAC,W,25,8,11,0.727,0,0,0.0,6,13,0.462,3,5,8,0,1,1,2,5,22,16,0,2010-11,Regular Season,2730,Dwight Howard
22010,2730,0021000365,2010-12-14,ORL @ DEN,L,37,9,15,0.6,0,1,0.0,3,5,0.6,4,10,14,1,0,2,4,4,21,-27,0,2010-11,Regular Season,2730,Dwight Howard
22010,2730,0021000392,2010-12-18,ORL vs. PHI,L,40,8,18,0.444,0,0,0.0,10,17,0.588,10,10,20,3,2,2,5,4,26,-4,0,2010-11,Regular Season,2730,Dwight Howard
22010,2730,0021000406,2010-12-20,ORL @ ATL,L,42,6,14,0.429,0,0,0.0,7,12,0.583,5,15,20,1,2,2,6,5,19,-15,0,2010-11,Regular Season,2730,Dwight Howard
22010,2730,0021000416,2010-12-21,ORL vs. DAL,L,41,11,19,0.579,0,0,0.0,4,4,1.0,8,15,23,0,3,2,3,2,26,-9,0,2010-11,Regular Season,2730,Dwight Howard
22010,2730,0021000430,2010-12-23,ORL vs. SAS,W,32,11,13,0.846,0,0,0.0,7,12,0.583,3,11,14,1,0,3,3,3,29,16,0,2010-11,Regular Season,2730,Dwight Howard
22010,2730,0021000434,2010-12-25,ORL vs. BOS,W,33,1,4,0.25,0,0,0.0,4,10,0.4,1,10,11,1,2,5,4,5,6,9,0,2010-11,Regular Season,2730,Dwight Howard
22010,2730,0021000446,2010-12-27,ORL @ NJN,W,32,5,10,0.5,0,0,0.0,9,13,0.692,1,12,13,3,0,6,1,3,19,17,0,2010-11,Regular Season,2730,Dwight Howard
22010,2730,0021000455,2010-12-28,ORL @ CLE,W,29,4,8,0.5,0,0,0.0,4,6,0.667,3,3,6,1,2,1,7,4,12,-1,0,2010-11,Regular Season,2730,Dwight Howard
22010,2730,0021000473,2010-12-30,ORL vs. NYK,W,39,8,19,0.421,0,0,0.0,8,13,0.615,9,9,18,3,1,1,5,5,24,3,0,2010-11,Regular Season,2730,Dwight Howard
22010,2730,0021000500,2011-01-03,ORL vs. GSW,W,43,7,9,0.778,0,1,0.0,8,12,0.667,6,11,17,3,2,1,5,2,22,24,0,2010-11,Regular Season,2730,Dwight Howard
22010,2730,0021000514,2011-01-05,ORL vs. MIL,W,43,9,16,0.563,0,0,0.0,10,15,0.667,4,9,13,3,2,1,3,2,28,9,0,2010-11,Regular Season,2730,Dwight Howard
22010,2730,0021000529,2011-01-07,ORL vs. HOU,W,27,6,12,0.5,0,0,0.0,1,1,1.0,1,10,11,1,1,2,4,5,13,16,0,2010-11,Regular Season,2730,Dwight Howard
22010,2730,0021000542,2011-01-08,ORL @ DAL,W,40,9,16,0.563,0,0,0.0,5,7,0.714,4,9,13,1,1,2,2,4,23,6,0,2010-11,Regular Season,2730,Dwight Howard
22010,2730,0021000567,2011-01-12,ORL @ NOH,L,48,13,19,0.684,0,0,0.0,3,7,0.429,6,14,20,0,1,2,3,2,29,-1,0,2010-11,Regular Season,2730,Dwight Howard
22010,2730,0021000574,2011-01-13,ORL @ OKC,L,43,11,19,0.579,0,0,0.0,17,20,0.85,8,10,18,1,0,2,2,4,39,1,0,2010-11,Regular Season,2730,Dwight Howard
22010,2730,0021000593,2011-01-15,ORL @ MIN,W,38,5,10,0.5,0,0,0.0,6,9,0.667,4,5,9,1,3,1,4,5,16,11,0,2010-11,Regular Season,2730,Dwight Howard
22010,2730,0021000608,2011-01-17,ORL @ BOS,L,43,10,19,0.526,0,0,0.0,13,18,0.722,5,8,13,2,1,0,3,1,33,-6,0,2010-11,Regular Season,2730,Dwight Howard
22010,2730,0021000615,2011-01-19,ORL vs. PHI,W,31,4,5,0.8,0,0,0.0,10,22,0.455,1,6,7,1,0,2,4,6,18,5,0,2010-11,Regular Season,2730,Dwight Howard
22010,2730,0021000630,2011-01-21,ORL vs. TOR,W,30,12,21,0.571,0,0,0.0,7,13,0.538,9,10,19,1,0,1,1,1,31,19,0,2010-11,Regular Season,2730,Dwight Howard
22010,2730,0021000648,2011-01-22,ORL @ HOU,W,30,7,11,0.636,0,0,0.0,8,13,0.615,1,13,14,2,0,2,3,1,22,13,0,2010-11,Regular Season,2730,Dwight Howard
22010,2730,0021000654,2011-01-24,ORL vs. DET,L,40,8,13,0.615,0,0,0.0,4,8,0.5,7,9,16,1,1,3,2,3,20,-6,0,2010-11,Regular Season,2730,Dwight Howard
22010,2730,0021000668,2011-01-26,ORL @ IND,W,38,8,16,0.5,0,0,0.0,3,8,0.375,3,13,16,0,2,3,3,4,19,20,0,2010-11,Regular Season,2730,Dwight Howard
22010,2730,0021000687,2011-01-28,ORL @ CHI,L,42,14,20,0.7,0,0,0.0,12,16,0.75,5,10,15,2,4,3,3,2,40,-11,0,2010-11,Regular Season,2730,Dwight Howard
22010,2730,0021000703,2011-01-30,ORL vs. CLE,W,26,9,13,0.692,0,0,0.0,2,6,0.333,6,14,20,2,1,2,1,2,20,27,0,2010-11,Regular Season,2730,Dwight Howard
22010,2730,0021000711,2011-01-31,ORL @ MEM,L,45,10,14,0.714,0,0,0.0,5,8,0.625,4,10,14,0,2,2,7,5,25,-4,0,2010-11,Regular Season,2730,Dwight Howard
22010,2730,0021000730,2011-02-03,ORL vs. MIA,L,48,7,13,0.538,0,0,0.0,3,13,0.231,6,10,16,1,0,0,2,2,17,-4,0,2010-11,Regular Season,2730,Dwight Howard
22010,2730,0021000737,2011-02-04,ORL @ WAS,W,32,10,11,0.909,0,0,0.0,2,5,0.4,4,11,15,1,0,0,3,2,22,27,0,2010-11,Regular Season,2730,Dwight Howard
22010,2730,0021000757,2011-02-06,ORL @ BOS,L,45,10,20,0.5,0,0,0.0,8,10,0.8,3,10,13,2,3,0,1,5,28,-10,0,2010-11,Regular Season,2730,Dwight Howard
22010,2730,0021000767,2011-02-08,ORL vs. LAC,W,37,7,13,0.538,0,0,0.0,8,14,0.571,6,14,20,2,2,1,4,4,22,30,0,2010-11,Regular Season,2730,Dwight Howard
22010,2730,0021000776,2011-02-09,ORL @ PHI,W,44,8,13,0.615,0,0,0.0,14,19,0.737,4,13,17,0,2,2,5,3,30,-3,0,2010-11,Regular Season,2730,Dwight Howard
22010,2730,0021000788,2011-02-11,ORL vs. NOH,L,42,8,12,0.667,0,0,0.0,4,12,0.333,5,12,17,1,1,3,1,4,20,-10,0,2010-11,Regular Season,2730,Dwight Howard
22010,2730,0021000805,2011-02-13,ORL vs. LAL,W,38,13,16,0.813,0,0,0.0,5,6,0.833,6,7,13,3,0,3,6,3,31,18,0,2010-11,Regular Season,2730,Dwight Howard
22010,2730,0021000824,2011-02-16,ORL vs. WAS,W,29,12,15,0.8,0,0,0.0,8,11,0.727,2,8,10,1,1,3,1,2,32,25,0,2010-11,Regular Season,2730,Dwight Howard
22010,2730,0021000849,2011-02-23,ORL vs. SAC,L,43,10,17,0.588,0,0,0.0,11,12,0.917,7,10,17,0,2,2,3,4,31,-1,0,2010-11,Regular Season,2730,Dwight Howard
22010,2730,0021000867,2011-02-25,ORL vs. OKC,W,42,16,20,0.8,0,0,0.0,8,12,0.667,6,9,15,0,2,6,5,1,40,23,0,2010-11,Regular Season,2730,Dwight Howard
22010,2730,0021000883,2011-02-27,ORL vs. CHA,W,33,7,12,0.583,0,0,0.0,6,13,0.462,0,10,10,2,2,2,1,2,20,7,0,2010-11,Regular Season,2730,Dwight Howard
22010,2730,0021000895,2011-03-01,ORL vs. NYK,W,43,9,15,0.6,0,0,0.0,12,17,0.706,4,12,16,2,0,5,6,3,30,15,0,2010-11,Regular Season,2730,Dwight Howard
22010,2730,0021000912,2011-03-03,ORL @ MIA,W,45,5,10,0.5,0,0,0.0,4,6,0.667,5,13,18,5,0,5,1,5,14,13,0,2010-11,Regular Season,2730,Dwight Howard
22010,2730,0021000915,2011-03-04,ORL vs. CHI,L,43,8,8,1.0,0,0,0.0,4,12,0.333,5,5,10,0,2,4,7,4,20,-1,0,2010-11,Regular Season,2730,Dwight Howard
22010,2730,0021000963,2011-03-09,ORL @ SAC,W,40,4,8,0.5,0,0,0.0,8,14,0.571,2,13,15,2,0,3,5,6,16,4,0,2010-11,Regular Season,2730,Dwight Howard
22010,2730,0021000975,2011-03-11,ORL @ GSW,L,46,4,9,0.444,0,0,0.0,5,10,0.5,4,17,21,4,1,2,2,2,13,-5,0,2010-11,Regular Season,2730,Dwight Howard
22010,2730,0021000987,2011-03-13,ORL @ PHX,W,34,9,17,0.529,0,0,0.0,8,13,0.615,5,10,15,0,1,5,5,2,26,29,0,2010-11,Regular Season,2730,Dwight Howard
22010,2730,0021000999,2011-03-14,ORL @ LAL,L,43,8,14,0.571,0,0,0.0,6,11,0.545,4,11,15,2,1,2,9,4,22,-6,0,2010-11,Regular Season,2730,Dwight Howard
22010,2730,0021001007,2011-03-16,ORL @ MIL,W,46,9,12,0.75,0,1,0.0,13,24,0.542,7,14,21,2,2,3,5,4,31,3,0,2010-11,Regular Season,2730,Dwight Howard
22010,2730,0021001018,2011-03-18,ORL vs. DEN,W,37,5,9,0.556,0,0,0.0,6,13,0.462,6,12,18,3,4,5,5,3,16,1,0,2010-11,Regular Season,2730,Dwight Howard
22010,2730,0021001044,2011-03-21,ORL @ CLE,W,42,9,11,0.818,0,0,0.0,10,12,0.833,4,14,18,4,4,4,4,3,28,14,0,2010-11,Regular Season,2730,Dwight Howard
22010,2730,0021001059,2011-03-23,ORL @ NYK,W,42,11,15,0.733,0,0,0.0,11,13,0.846,4,7,11,2,1,3,5,2,33,12,0,2010-11,Regular Season,2730,Dwight Howard
22010,2730,0021001069,2011-03-25,ORL vs. NJN,W,42,7,12,0.583,0,0,0.0,7,18,0.389,3,11,14,0,2,3,5,3,21,4,0,2010-11,Regular Season,2730,Dwight Howard
22010,2730,0021000051,2011-03-28,ORL @ NYK,L,46,9,17,0.529,0,0,0.0,11,15,0.733,4,14,18,2,1,0,5,6,29,4,0,2010-11,Regular Season,2730,Dwight Howard
22010,2730,0021001105,2011-03-30,ORL @ ATL,L,33,4,13,0.308,0,0,0.0,9,15,0.6,4,9,13,0,3,1,2,5,17,7,0,2010-11,Regular Season,2730,Dwight Howard
22010,2730,0021001121,2011-04-01,ORL vs. CHA,W,38,10,14,0.714,0,0,0.0,6,8,0.75,5,9,14,1,2,2,2,0,26,12,0,2010-11,Regular Season,2730,Dwight Howard
22010,2730,0021001144,2011-04-03,ORL @ TOR,L,39,11,20,0.55,0,0,0.0,9,15,0.6,3,6,9,0,0,1,1,2,31,2,0,2010-11,Regular Season,2730,Dwight Howard
22010,2730,0021001152,2011-04-05,ORL vs. MIL,W,39,5,10,0.5,0,0,0.0,8,13,0.615,4,13,17,2,3,1,4,3,18,7,0,2010-11,Regular Season,2730,Dwight Howard
22010,2730,0021001162,2011-04-06,ORL @ CHA,W,39,5,9,0.556,0,0,0.0,5,7,0.714,1,6,7,1,1,6,2,4,15,12,0,2010-11,Regular Season,2730,Dwight Howard
22010,2730,0021001204,2011-04-11,ORL @ PHI,W,34,6,13,0.462,0,1,0.0,7,9,0.778,2,11,13,4,2,3,4,2,19,10,0,2010-11,Regular Season,2730,Dwight Howard
22010,2730,0021001219,2011-04-13,ORL vs. IND,W,26,3,7,0.429,0,0,0.0,7,9,0.778,3,10,13,2,4,1,5,4,13,26,0,2010-11,Regular Season,2730,Dwight Howard
42010,2730,0041000131,2011-04-16,ORL vs. ATL,L,46,16,23,0.696,0,1,0.0,14,22,0.636,6,13,19,1,0,1,8,5,46,-10,0,2010-11,Playoffs,2730,Dwight Howard
42010,2730,0041000132,2011-04-19,ORL vs. ATL,W,48,9,12,0.75,0,0,0.0,15,19,0.789,8,11,19,0,2,1,7,5,33,6,0,2010-11,Playoffs,2730,Dwight Howard
42010,2730,0041000133,2011-04-22,ORL @ ATL,L,45,8,14,0.571,0,0,0.0,5,9,0.556,2,13,15,0,0,3,3,5,21,3,0,2010-11,Playoffs,2730,Dwight Howard
42010,2730,0041000134,2011-04-24,ORL @ ATL,L,42,9,14,0.643,0,0,0.0,11,16,0.688,3,14,17,0,0,2,8,4,29,6,0,2010-11,Playoffs,2730,Dwight Howard
42010,2730,0041000135,2011-04-26,ORL vs. ATL,W,29,1,4,0.25,0,0,0.0,6,10,0.6,3,5,8,0,1,1,1,4,8,13,0,2010-11,Playoffs,2730,Dwight Howard
42010,2730,0041000136,2011-04-28,ORL @ ATL,L,48,8,14,0.571,0,0,0.0,9,12,0.75,5,10,15,2,1,3,6,2,25,-3,0,2010-11,Playoffs,2730,Dwight Howard
