SEASON_ID,Player_ID,Game_ID,GAME_DATE,MATCHUP,WL,MIN,FGM,FGA,FG_PCT,FG3M,FG3A,FG3_PCT,FTM,FTA,FT_PCT,OREB,DREB,REB,AST,STL,BLK,TOV,PF,PTS,PLUS_MINUS,VIDEO_AVAILABLE,SEASON,SEASON_TYPE,PLAYER_ID,PLAYER_NAME
22006,2544,0020600009,2006-11-01,CLE vs. WAS,W,40,11,24,0.458,2,4,0.5,2,6,0.333,3,7,10,5,0,2,5,2,26,3,0,2006-07,Regular Season,2544,LeBron James
22006,2544,0020600025,2006-11-03,CLE @ SAS,W,42,14,26,0.538,1,2,0.5,6,11,0.545,1,9,10,4,1,1,2,3,35,6,0,2006-07,Regular Season,2544,LeBron James
22006,2544,0020600032,2006-11-04,CLE @ CHA,L,38,3,13,0.231,1,3,0.333,9,10,0.9,4,5,9,7,0,1,2,0,16,-3,0,2006-07,Regular Season,2544,LeBron James
22006,2544,0020600052,2006-11-07,CLE vs. ATL,L,47,13,26,0.5,3,8,0.375,5,11,0.455,0,7,7,6,2,1,2,1,34,-3,0,2006-07,Regular Season,2544,LeBron James
22006,2544,0020600069,2006-11-09,CLE vs. CHI,W,38,6,13,0.462,0,1,0.0,7,8,0.875,0,4,4,12,3,2,3,0,19,26,0,2006-07,Regular Season,2544,LeBron James
22006,2544,0020600083,2006-11-11,CLE vs. BOS,W,44,9,17,0.529,1,4,0.25,19,23,0.826,1,7,8,5,3,0,2,4,38,6,0,2006-07,Regular Season,2544,LeBron James
22006,2544,0020600099,2006-11-13,CLE @ NYK,W,41,10,19,0.526,3,4,0.75,6,9,0.667,0,4,4,6,2,1,3,2,29,10,0,2006-07,Regular Season,2544,LeBron James
22006,2544,0020600109,2006-11-15,CLE vs. POR,W,39,10,15,0.667,3,6,0.5,9,11,0.818,0,7,7,7,2,1,4,2,32,16,0,2006-07,Regular Season,2544,LeBron James
22006,2544,0020600122,2006-11-17,CLE vs. MIN,W,41,12,24,0.5,2,5,0.4,11,14,0.786,2,7,9,6,1,2,4,1,37,12,0,2006-07,Regular Season,2544,LeBron James
22006,2544,0020600129,2006-11-18,CLE @ WAS,L,33,8,20,0.4,0,1,0.0,4,5,0.8,2,3,5,4,2,0,3,2,20,-22,0,2006-07,Regular Season,2544,LeBron James
22006,2544,0020600152,2006-11-21,CLE vs. MEM,W,42,7,21,0.333,1,5,0.2,0,1,0.0,0,1,1,9,3,1,3,1,15,3,0,2006-07,Regular Season,2544,LeBron James
22006,2544,0020600158,2006-11-22,CLE @ TOR,L,40,11,24,0.458,2,7,0.286,6,9,0.667,0,10,10,8,4,0,2,1,30,-7,0,2006-07,Regular Season,2544,LeBron James
22006,2544,0020600176,2006-11-24,CLE @ IND,L,43,6,14,0.429,2,2,1.0,16,20,0.8,1,6,7,5,1,0,3,6,30,1,0,2006-07,Regular Season,2544,LeBron James
22006,2544,0020600188,2006-11-25,CLE vs. PHI,W,41,10,20,0.5,1,4,0.25,4,7,0.571,0,4,4,11,0,1,7,4,25,2,0,2006-07,Regular Season,2544,LeBron James
22006,2544,0020600214,2006-11-29,CLE vs. NYK,L,41,10,22,0.455,0,5,0.0,7,11,0.636,1,6,7,6,0,1,5,1,27,-4,0,2006-07,Regular Season,2544,LeBron James
22006,2544,0020600226,2006-12-01,CLE @ ATL,W,43,12,23,0.522,1,3,0.333,6,10,0.6,2,5,7,8,3,2,4,4,31,8,0,2006-07,Regular Season,2544,LeBron James
22006,2544,0020600239,2006-12-02,CLE @ HOU,L,36,7,22,0.318,2,6,0.333,5,7,0.714,1,4,5,4,0,0,3,2,21,-13,0,2006-07,Regular Season,2544,LeBron James
22006,2544,0020600262,2006-12-06,CLE vs. TOR,W,40,11,18,0.611,1,2,0.5,3,5,0.6,1,5,6,10,1,0,4,1,26,2,0,2006-07,Regular Season,2544,LeBron James
22006,2544,0020600290,2006-12-09,CLE vs. IND,W,32,11,16,0.688,1,3,0.333,4,6,0.667,0,7,7,6,1,1,3,0,27,28,0,2006-07,Regular Season,2544,LeBron James
22006,2544,0020600305,2006-12-11,CLE @ NOK,L,42,7,18,0.389,0,3,0.0,1,1,1.0,3,4,7,6,4,0,3,1,15,-4,0,2006-07,Regular Season,2544,LeBron James
22006,2544,0020600317,2006-12-13,CLE vs. CHA,W,41,6,17,0.353,0,2,0.0,10,11,0.909,1,7,8,7,1,1,6,1,22,3,0,2006-07,Regular Season,2544,LeBron James
22006,2544,0020600333,2006-12-15,CLE vs. SEA,W,33,9,14,0.643,2,3,0.667,2,3,0.667,0,9,9,7,1,0,4,3,22,22,0,2006-07,Regular Season,2544,LeBron James
22006,2544,0020600343,2006-12-16,CLE @ ORL,L,41,10,19,0.526,2,5,0.4,7,9,0.778,1,4,5,5,0,1,4,4,29,-7,0,2006-07,Regular Season,2544,LeBron James
22006,2544,0020600369,2006-12-20,CLE @ NJN,L,40,10,22,0.455,1,3,0.333,16,21,0.762,0,1,1,8,2,1,3,4,37,8,0,2006-07,Regular Season,2544,LeBron James
22006,2544,0020600377,2006-12-21,CLE vs. DET,L,43,9,20,0.45,0,1,0.0,8,8,1.0,2,8,10,5,2,0,1,1,26,-20,0,2006-07,Regular Season,2544,LeBron James
22006,2544,0020600396,2006-12-23,CLE vs. ORL,W,43,13,21,0.619,2,3,0.667,4,10,0.4,0,7,7,1,0,0,7,1,32,3,0,2006-07,Regular Season,2544,LeBron James
22006,2544,0020600417,2006-12-27,CLE @ ATL,W,40,10,25,0.4,1,2,0.5,6,8,0.75,1,8,9,3,1,2,1,1,27,23,0,2006-07,Regular Season,2544,LeBron James
22006,2544,0020600433,2006-12-29,CLE vs. MIL,W,44,11,21,0.524,2,6,0.333,8,13,0.615,1,3,4,5,1,1,3,5,32,11,0,2006-07,Regular Season,2544,LeBron James
22006,2544,0020600446,2006-12-30,CLE @ CHI,L,40,15,26,0.577,3,4,0.75,0,3,0.0,2,7,9,3,1,0,5,4,33,6,0,2006-07,Regular Season,2544,LeBron James
22006,2544,0020600461,2007-01-02,CLE vs. SAS,W,40,7,17,0.412,0,1,0.0,5,11,0.455,0,5,5,5,2,0,3,1,19,6,0,2006-07,Regular Season,2544,LeBron James
22006,2544,0020600469,2007-01-03,CLE @ BOS,W,45,11,20,0.55,2,3,0.667,8,10,0.8,1,5,6,4,3,1,3,0,32,3,0,2006-07,Regular Season,2544,LeBron James
22006,2544,0020600486,2007-01-05,CLE @ MIL,W,43,3,13,0.231,0,4,0.0,2,2,1.0,0,5,5,9,1,0,2,1,8,9,0,2006-07,Regular Season,2544,LeBron James
22006,2544,0020600492,2007-01-06,CLE vs. NJN,W,44,9,21,0.429,1,3,0.333,0,0,0.0,0,13,13,4,3,3,5,4,19,4,0,2006-07,Regular Season,2544,LeBron James
22006,2544,0020600515,2007-01-09,CLE @ SAC,W,44,14,26,0.538,3,7,0.429,3,3,1.0,1,3,4,7,2,1,3,3,34,13,0,2006-07,Regular Season,2544,LeBron James
22006,2544,0020600529,2007-01-11,CLE @ PHX,L,39,15,28,0.536,3,9,0.333,1,2,0.5,2,4,6,6,1,0,5,2,34,-20,0,2006-07,Regular Season,2544,LeBron James
22006,2544,0020600551,2007-01-13,CLE @ LAC,W,42,10,23,0.435,0,1,0.0,8,8,1.0,1,5,6,6,1,0,2,4,28,14,0,2006-07,Regular Season,2544,LeBron James
22006,2544,0020600567,2007-01-16,CLE @ SEA,L,44,8,21,0.381,1,7,0.143,13,15,0.867,1,6,7,8,2,1,4,0,30,-7,0,2006-07,Regular Season,2544,LeBron James
22006,2544,0020600577,2007-01-17,CLE @ POR,L,35,8,21,0.381,1,4,0.25,6,13,0.462,3,3,6,2,1,0,4,0,23,-24,0,2006-07,Regular Season,2544,LeBron James
22006,2544,0020600590,2007-01-19,CLE @ DEN,L,44,9,23,0.391,0,1,0.0,12,14,0.857,2,8,10,10,2,0,3,2,30,-3,0,2006-07,Regular Season,2544,LeBron James
22006,2544,0020600601,2007-01-20,CLE @ GSW,W,45,14,22,0.636,2,7,0.286,2,5,0.4,0,7,7,5,4,0,9,2,32,5,0,2006-07,Regular Season,2544,LeBron James
22006,2544,0020600607,2007-01-22,CLE vs. ORL,L,43,6,15,0.4,0,3,0.0,6,13,0.462,0,4,4,5,3,0,2,2,18,-2,0,2006-07,Regular Season,2544,LeBron James
22006,2544,0020600623,2007-01-24,CLE vs. PHI,L,53,14,26,0.538,3,8,0.375,8,13,0.615,2,8,10,5,1,0,4,2,39,-8,0,2006-07,Regular Season,2544,LeBron James
22006,2544,0020600655,2007-01-28,CLE vs. PHX,L,42,12,22,0.545,3,6,0.5,3,6,0.5,2,7,9,5,2,0,3,2,30,-8,0,2006-07,Regular Season,2544,LeBron James
22006,2544,0020600687,2007-02-01,CLE @ MIA,L,36,6,18,0.333,2,7,0.286,3,8,0.375,1,5,6,9,1,0,2,4,17,-12,0,2006-07,Regular Season,2544,LeBron James
22006,2544,0020600694,2007-02-02,CLE vs. CHA,W,36,7,13,0.538,0,1,0.0,4,8,0.5,1,9,10,3,2,0,1,1,18,17,0,2006-07,Regular Season,2544,LeBron James
22006,2544,0020600711,2007-02-04,CLE vs. DET,L,43,9,22,0.409,1,4,0.25,2,3,0.667,0,5,5,6,2,0,3,2,21,-12,0,2006-07,Regular Season,2544,LeBron James
22006,2544,0020600729,2007-02-07,CLE vs. LAC,W,36,4,13,0.308,1,2,0.5,2,2,1.0,0,7,7,3,1,1,2,1,11,15,0,2006-07,Regular Season,2544,LeBron James
22006,2544,0020600744,2007-02-09,CLE vs. MIA,W,41,12,22,0.545,1,4,0.25,4,8,0.5,1,6,7,6,0,0,2,1,29,22,0,2006-07,Regular Season,2544,LeBron James
22006,2544,0020600759,2007-02-11,CLE vs. LAL,W,38,5,16,0.313,0,2,0.0,8,12,0.667,1,7,8,5,1,1,1,3,18,3,0,2006-07,Regular Season,2544,LeBron James
22006,2544,0020600784,2007-02-14,CLE @ UTA,L,43,9,25,0.36,0,3,0.0,5,9,0.556,3,7,10,4,1,3,0,2,23,10,0,2006-07,Regular Season,2544,LeBron James
22006,2544,0020600789,2007-02-15,CLE @ LAL,W,40,10,16,0.625,0,1,0.0,18,22,0.818,0,4,4,3,3,0,3,4,38,4,0,2006-07,Regular Season,2544,LeBron James
22006,2544,0020600800,2007-02-21,CLE @ TOR,W,37,12,25,0.48,0,1,0.0,5,5,1.0,0,4,4,2,1,1,3,3,29,5,0,2006-07,Regular Season,2544,LeBron James
22006,2544,0020600812,2007-02-22,CLE vs. CHI,L,43,13,28,0.464,1,4,0.25,2,8,0.25,3,4,7,2,3,0,3,1,29,3,0,2006-07,Regular Season,2544,LeBron James
22006,2544,0020600835,2007-02-25,CLE @ MIA,L,42,10,22,0.455,2,5,0.4,7,12,0.583,0,3,3,7,0,1,2,2,29,6,0,2006-07,Regular Season,2544,LeBron James
22006,2544,0020600850,2007-02-27,CLE vs. NOK,W,43,14,22,0.636,3,4,0.75,4,7,0.571,1,4,5,8,2,1,4,1,35,16,0,2006-07,Regular Season,2544,LeBron James
22006,2544,0020600865,2007-03-01,CLE @ DAL,L,40,17,27,0.63,1,4,0.25,4,8,0.5,0,3,3,5,0,0,2,2,39,-2,0,2006-07,Regular Season,2544,LeBron James
22006,2544,0020600881,2007-03-03,CLE vs. TOR,W,37,10,20,0.5,1,3,0.333,15,17,0.882,2,3,5,6,0,3,2,1,36,23,0,2006-07,Regular Season,2544,LeBron James
22006,2544,0020600895,2007-03-05,CLE vs. HOU,W,42,12,24,0.5,3,6,0.5,5,9,0.556,1,11,12,8,0,0,3,2,32,-1,0,2006-07,Regular Season,2544,LeBron James
22006,2544,0020600912,2007-03-07,CLE @ DET,W,51,17,31,0.548,1,3,0.333,6,8,0.75,2,5,7,8,3,1,4,4,41,8,0,2006-07,Regular Season,2544,LeBron James
22006,2544,0020600932,2007-03-10,CLE @ MIL,W,36,12,22,0.545,4,6,0.667,4,4,1.0,0,8,8,9,3,1,6,5,32,15,0,2006-07,Regular Season,2544,LeBron James
22006,2544,0020600940,2007-03-11,CLE vs. IND,W,39,10,22,0.455,2,6,0.333,4,5,0.8,3,4,7,6,3,1,2,2,26,23,0,2006-07,Regular Season,2544,LeBron James
22006,2544,0020600963,2007-03-14,CLE @ MEM,W,30,11,17,0.647,4,7,0.571,3,6,0.5,1,5,6,4,3,0,2,0,29,35,0,2006-07,Regular Season,2544,LeBron James
22006,2544,0020600982,2007-03-17,CLE vs. UTA,W,44,8,21,0.381,0,6,0.0,8,13,0.615,2,15,17,9,2,2,4,3,24,7,0,2006-07,Regular Season,2544,LeBron James
22006,2544,0020600998,2007-03-20,CLE @ CHA,L,47,12,31,0.387,2,9,0.222,11,12,0.917,2,4,6,6,1,3,3,4,37,-5,0,2006-07,Regular Season,2544,LeBron James
22006,2544,0020601010,2007-03-21,CLE vs. DAL,L,45,12,28,0.429,1,6,0.167,6,7,0.857,0,6,6,4,2,3,6,3,31,-6,0,2006-07,Regular Season,2544,LeBron James
22006,2544,0020601026,2007-03-23,CLE vs. NYK,W,38,8,16,0.5,0,1,0.0,5,6,0.833,1,2,3,10,2,0,1,1,21,19,0,2006-07,Regular Season,2544,LeBron James
22006,2544,0020601042,2007-03-25,CLE vs. DEN,L,41,8,19,0.421,1,6,0.167,1,1,1.0,0,3,3,8,1,0,5,4,18,-13,0,2006-07,Regular Season,2544,LeBron James
22006,2544,0020601054,2007-03-27,CLE @ IND,W,40,8,18,0.444,0,3,0.0,10,14,0.714,1,6,7,6,2,0,3,4,26,11,0,2006-07,Regular Season,2544,LeBron James
22006,2544,0020601063,2007-03-28,CLE @ NYK,L,44,6,20,0.3,2,5,0.4,10,14,0.714,1,5,6,7,2,0,3,3,24,2,0,2006-07,Regular Season,2544,LeBron James
22006,2544,0020601084,2007-03-31,CLE @ CHI,W,47,14,25,0.56,0,3,0.0,11,13,0.846,1,4,5,9,3,0,7,4,39,4,0,2006-07,Regular Season,2544,LeBron James
22006,2544,0020601105,2007-04-03,CLE @ MIN,W,42,13,24,0.542,0,2,0.0,5,5,1.0,2,10,12,6,4,1,2,1,31,21,0,2006-07,Regular Season,2544,LeBron James
22006,2544,0020601119,2007-04-05,CLE vs. MIA,L,49,11,21,0.524,2,5,0.4,11,13,0.846,2,7,9,5,0,0,4,4,35,2,0,2006-07,Regular Season,2544,LeBron James
22006,2544,0020601126,2007-04-06,CLE @ WAS,W,44,7,23,0.304,0,3,0.0,11,14,0.786,0,6,6,5,1,1,2,3,25,5,0,2006-07,Regular Season,2544,LeBron James
22006,2544,0020601143,2007-04-08,CLE @ DET,L,43,5,16,0.313,1,4,0.25,9,11,0.818,1,4,5,6,1,0,5,2,20,-11,0,2006-07,Regular Season,2544,LeBron James
22006,2544,0020601173,2007-04-12,CLE vs. NJN,W,35,15,27,0.556,0,1,0.0,5,9,0.556,3,5,8,4,2,1,2,1,35,21,0,2006-07,Regular Season,2544,LeBron James
22006,2544,0020601188,2007-04-14,CLE vs. ATL,W,32,8,16,0.5,3,6,0.5,4,5,0.8,1,4,5,6,1,1,0,1,23,25,0,2006-07,Regular Season,2544,LeBron James
22006,2544,0020601211,2007-04-17,CLE @ PHI,W,36,7,15,0.467,0,2,0.0,4,7,0.571,1,4,5,6,0,0,1,3,18,-4,0,2006-07,Regular Season,2544,LeBron James
22006,2544,0020601220,2007-04-18,CLE vs. MIL,W,40,9,18,0.5,1,4,0.25,5,10,0.5,0,5,5,9,2,0,2,2,24,22,0,2006-07,Regular Season,2544,LeBron James
42006,2544,0040600111,2007-04-22,CLE vs. WAS,W,44,7,14,0.5,0,2,0.0,9,11,0.818,2,7,9,7,2,0,1,1,23,17,0,2006-07,Playoffs,2544,LeBron James
42006,2544,0040600112,2007-04-25,CLE vs. WAS,W,45,8,22,0.364,0,3,0.0,11,13,0.846,4,4,8,7,1,2,2,2,27,12,0,2006-07,Playoffs,2544,LeBron James
42006,2544,0040600113,2007-04-28,CLE @ WAS,W,46,11,22,0.5,3,5,0.6,5,7,0.714,0,6,6,9,1,0,2,3,30,6,0,2006-07,Playoffs,2544,LeBron James
42006,2544,0040600114,2007-04-30,CLE @ WAS,W,46,8,22,0.364,1,5,0.2,14,17,0.824,3,8,11,7,3,1,2,3,31,12,0,2006-07,Playoffs,2544,LeBron James
42006,2544,0040600211,2007-05-06,CLE vs. NJN,W,46,8,21,0.381,1,4,0.25,4,6,0.667,2,9,11,7,1,1,3,2,21,6,0,2006-07,Playoffs,2544,LeBron James
42006,2544,0040600212,2007-05-08,CLE vs. NJN,W,46,12,24,0.5,3,7,0.429,9,13,0.692,0,1,1,12,3,0,2,2,36,8,0,2006-07,Playoffs,2544,LeBron James
42006,2544,0040600213,2007-05-12,CLE @ NJN,L,44,5,16,0.313,1,5,0.2,7,7,1.0,0,6,6,12,0,0,2,2,18,-12,0,2006-07,Playoffs,2544,LeBron James
42006,2544,0040600214,2007-05-14,CLE @ NJN,W,46,9,16,0.563,2,3,0.667,10,15,0.667,0,9,9,7,0,0,3,1,30,9,0,2006-07,Playoffs,2544,LeBron James
42006,2544,0040600215,2007-05-16,CLE vs. NJN,L,43,5,14,0.357,0,2,0.0,10,11,0.909,3,6,9,5,2,1,5,4,20,-15,0,2006-07,Playoffs,2544,LeBron James
42006,2544,0040600216,2007-05-18,CLE @ NJN,W,39,8,20,0.4,1,5,0.2,6,9,0.667,1,7,8,8,1,0,2,4,23,26,0,2006-07,Playoffs,2544,LeBron James
42006,2544,0040600301,2007-05-21,CLE @ DET,L,45,5,15,0.333,0,0,0.0,0,0,0.0,1,9,10,9,4,1,2,1,10,-5,0,2006-07,Playoffs,2544,LeBron James
42006,2544,0040600302,2007-05-24,CLE @ DET,L,45,7,19,0.368,0,1,0.0,5,7,0.714,0,6,6,7,3,0,6,1,19,-6,0,2006-07,Playoffs,2544,LeBron James
42006,2544,0040600303,2007-05-27,CLE vs. DET,W,46,12,21,0.571,2,3,0.667,6,9,0.667,1,8,9,9,2,0,3,2,32,6,0,2006-07,Playoffs,2544,LeBron James
42006,2544,0040600304,2007-05-29,CLE vs. DET,W,44,8,19,0.421,1,5,0.2,8,9,0.889,0,7,7,11,3,0,3,0,25,-4,0,2006-07,Playoffs,2544,LeBron James
42006,2544,0040600305,2007-05-31,CLE @ DET,W,50,18,33,0.545,2,3,0.667,10,14,0.714,3,6,9,7,2,0,2,3,48,2,0,2006-07,Playoffs,2544,LeBron James
42006,2544,0040600306,2007-06-02,CLE vs. DET,W,46,3,11,0.273,0,2,0.0,14,19,0.737,2,12,14,8,2,2,3,1,20,13,0,2006-07,Playoffs,2544,LeBron James
42006,2544,0040600401,2007-06-07,CLE @ SAS,L,44,4,16,0.25,2,6,0.333,4,4,1.0,1,6,7,4,1,1,6,1,14,-5,0,2006-07,Playoffs,2544,LeBron James
42006,2544,0040600402,2007-06-10,CLE @ SAS,L,38,9,21,0.429,0,2,0.0,7,11,0.636,3,4,7,6,1,0,6,3,25,-5,0,2006-07,Playoffs,2544,LeBron James
42006,2544,0040600403,2007-06-12,CLE vs. SAS,L,42,9,23,0.391,0,5,0.0,7,8,0.875,0,8,8,7,2,1,5,3,25,4,0,2006-07,Playoffs,2544,LeBron James
42006,2544,0040600404,2007-06-14,CLE vs. SAS,L,46,10,30,0.333,2,7,0.286,2,6,0.333,0,6,6,10,0,0,6,1,24,2,0,2006-07,Playoffs,2544,LeBron James
22006,977,0020600029,2006-11-03,LAL vs. SEA,W,40,8,15,0.533,0,0,0.0,7,10,0.7,0,4,4,6,1,0,6,3,23,13,0,2006-07,Regular Season,977,Kobe Bryant
22006,977,0020600044,2006-11-05,LAL @ SEA,L,39,4,10,0.4,0,4,0.0,7,8,0.875,0,4,4,9,1,0,3,5,15,-2,0,2006-07,Regular Season,977,Kobe Bryant
22006,977,0020600057,2006-11-07,LAL vs. MIN,W,36,5,7,0.714,0,0,0.0,7,7,1.0,1,3,4,6,2,0,5,3,17,9,0,2006-07,Regular Season,977,Kobe Bryant
22006,977,0020600066,2006-11-08,LAL @ POR,L,36,12,19,0.632,1,5,0.2,7,9,0.778,1,2,3,1,1,0,6,4,32,-12,0,2006-07,Regular Season,977,Kobe Bryant
22006,977,0020600081,2006-11-10,LAL vs. DET,L,36,5,11,0.455,1,4,0.25,8,9,0.889,0,3,3,2,4,0,3,2,19,-21,0,2006-07,Regular Season,977,Kobe Bryant
22006,977,0020600096,2006-11-12,LAL vs. MEM,W,38,7,17,0.412,1,3,0.333,6,7,0.857,1,5,6,6,0,0,5,2,21,9,0,2006-07,Regular Season,977,Kobe Bryant
22006,977,0020600127,2006-11-17,LAL vs. TOR,W,40,10,19,0.526,0,2,0.0,11,12,0.917,1,10,11,7,0,0,6,2,31,4,0,2006-07,Regular Season,977,Kobe Bryant
22006,977,0020600142,2006-11-19,LAL vs. CHI,W,40,5,14,0.357,1,1,1.0,7,8,0.875,0,4,4,4,2,0,4,3,18,3,0,2006-07,Regular Season,977,Kobe Bryant
22006,977,0020600157,2006-11-21,LAL vs. LAC,W,38,12,23,0.522,1,1,1.0,15,18,0.833,2,3,5,5,3,0,1,4,40,13,0,2006-07,Regular Season,977,Kobe Bryant
22006,977,0020600181,2006-11-24,LAL @ UTA,L,41,9,18,0.5,2,6,0.333,7,10,0.7,0,5,5,2,1,1,0,1,27,-12,0,2006-07,Regular Season,977,Kobe Bryant
22006,977,0020600199,2006-11-26,LAL vs. NJN,W,42,8,24,0.333,1,4,0.25,2,4,0.5,2,4,6,10,0,0,2,3,19,3,0,2006-07,Regular Season,977,Kobe Bryant
22006,977,0020600212,2006-11-28,LAL vs. MIL,L,41,7,23,0.304,6,14,0.429,7,7,1.0,1,1,2,4,1,1,1,5,27,10,0,2006-07,Regular Season,977,Kobe Bryant
22006,977,0020600223,2006-11-30,LAL vs. UTA,W,34,19,26,0.731,2,3,0.667,12,15,0.8,0,4,4,3,0,1,1,5,52,22,0,2006-07,Regular Season,977,Kobe Bryant
22006,977,0020600242,2006-12-02,LAL @ LAC,W,40,11,23,0.478,0,4,0.0,7,8,0.875,1,4,5,3,1,0,7,3,29,2,0,2006-07,Regular Season,977,Kobe Bryant
22006,977,0020600254,2006-12-04,LAL vs. IND,W,21,7,16,0.438,3,8,0.375,4,4,1.0,2,1,3,2,3,1,2,1,21,22,0,2006-07,Regular Season,977,Kobe Bryant
22006,977,0020600270,2006-12-06,LAL vs. NOK,L,36,10,17,0.588,2,6,0.333,2,2,1.0,0,2,2,4,2,0,1,3,24,-8,0,2006-07,Regular Season,977,Kobe Bryant
22006,977,0020600299,2006-12-10,LAL vs. SAS,W,40,13,25,0.52,4,5,0.8,4,4,1.0,2,6,8,1,3,0,4,2,34,2,0,2006-07,Regular Season,977,Kobe Bryant
22006,977,0020600311,2006-12-12,LAL @ HOU,W,42,8,26,0.308,2,8,0.25,5,6,0.833,0,8,8,7,1,0,4,3,23,18,0,2006-07,Regular Season,977,Kobe Bryant
22006,977,0020600324,2006-12-13,LAL @ DAL,L,43,9,18,0.5,1,6,0.167,14,17,0.824,2,5,7,4,2,1,4,3,33,-4,0,2006-07,Regular Season,977,Kobe Bryant
22006,977,0020600340,2006-12-15,LAL vs. HOU,W,54,17,38,0.447,5,8,0.625,14,16,0.875,0,10,10,8,2,1,5,1,53,20,0,2006-07,Regular Season,977,Kobe Bryant
22006,977,0020600355,2006-12-17,LAL vs. WAS,L,46,15,24,0.625,7,11,0.636,8,10,0.8,2,6,8,10,1,1,4,5,45,6,0,2006-07,Regular Season,977,Kobe Bryant
22006,977,0020600362,2006-12-19,LAL @ CHI,L,38,6,19,0.316,0,5,0.0,7,8,0.875,0,3,3,4,0,1,4,6,19,-6,0,2006-07,Regular Season,977,Kobe Bryant
22006,977,0020600372,2006-12-20,LAL @ MIN,W,30,10,17,0.588,0,1,0.0,4,6,0.667,0,3,3,6,2,1,2,2,24,-10,0,2006-07,Regular Season,977,Kobe Bryant
22006,977,0020600381,2006-12-22,LAL @ NJN,W,40,4,13,0.308,2,5,0.4,11,12,0.917,0,6,6,11,0,0,3,4,21,2,0,2006-07,Regular Season,977,Kobe Bryant
22006,977,0020600403,2006-12-25,LAL @ MIA,L,38,4,17,0.235,0,4,0.0,8,9,0.889,0,2,2,4,1,0,3,4,16,-19,0,2006-07,Regular Season,977,Kobe Bryant
22006,977,0020600418,2006-12-27,LAL @ ORL,W,36,8,22,0.364,0,3,0.0,11,12,0.917,0,3,3,7,2,1,3,4,27,11,0,2006-07,Regular Season,977,Kobe Bryant
22006,977,0020600431,2006-12-29,LAL @ CHA,L,54,22,45,0.489,4,11,0.364,10,12,0.833,0,5,5,4,0,0,4,6,58,5,0,2006-07,Regular Season,977,Kobe Bryant
22006,977,0020600456,2006-12-31,LAL vs. PHI,W,39,15,22,0.682,3,6,0.5,2,2,1.0,1,7,8,6,1,0,2,1,35,13,0,2006-07,Regular Season,977,Kobe Bryant
22006,977,0020600478,2007-01-04,LAL @ SAC,W,48,11,21,0.524,3,5,0.6,17,20,0.85,3,7,10,9,0,0,4,5,42,6,0,2006-07,Regular Season,977,Kobe Bryant
22006,977,0020600489,2007-01-05,LAL vs. DEN,W,27,2,9,0.222,1,4,0.25,3,4,0.75,1,4,5,10,0,0,3,3,8,19,0,2006-07,Regular Season,977,Kobe Bryant
22006,977,0020600504,2007-01-07,LAL vs. DAL,W,41,9,20,0.45,0,2,0.0,8,9,0.889,0,8,8,6,1,1,3,3,26,13,0,2006-07,Regular Season,977,Kobe Bryant
22006,977,0020600511,2007-01-09,LAL @ MEM,L,30,7,15,0.467,2,6,0.333,9,9,1.0,0,3,3,6,3,2,3,2,25,-16,0,2006-07,Regular Season,977,Kobe Bryant
22006,977,0020600523,2007-01-10,LAL @ HOU,L,34,6,18,0.333,0,3,0.0,8,9,0.889,1,5,6,1,1,0,2,2,20,-17,0,2006-07,Regular Season,977,Kobe Bryant
22006,977,0020600539,2007-01-12,LAL vs. ORL,W,39,9,15,0.6,0,2,0.0,10,11,0.909,2,6,8,7,1,0,2,3,28,4,0,2006-07,Regular Season,977,Kobe Bryant
22006,977,0020600564,2007-01-15,LAL vs. MIA,W,44,11,24,0.458,0,2,0.0,3,3,1.0,1,3,4,8,0,1,1,2,25,2,0,2006-07,Regular Season,977,Kobe Bryant
22006,977,0020600576,2007-01-17,LAL @ SAS,W,36,12,19,0.632,0,2,0.0,10,11,0.909,0,6,6,8,1,0,7,2,34,10,0,2006-07,Regular Season,977,Kobe Bryant
22006,977,0020600580,2007-01-18,LAL @ DAL,L,34,8,18,0.444,0,3,0.0,10,11,0.909,1,2,3,5,0,0,6,3,26,-17,0,2006-07,Regular Season,977,Kobe Bryant
22006,977,0020600598,2007-01-20,LAL @ NOK,L,38,7,22,0.318,3,7,0.429,6,8,0.75,2,4,6,7,2,1,1,2,23,-10,0,2006-07,Regular Season,977,Kobe Bryant
22006,977,0020600614,2007-01-22,LAL vs. GSW,W,39,11,22,0.5,4,7,0.571,16,19,0.842,1,7,8,1,2,1,5,1,42,7,0,2006-07,Regular Season,977,Kobe Bryant
22006,977,0020600644,2007-01-26,LAL vs. CHA,L,50,10,24,0.417,2,5,0.4,10,12,0.833,2,4,6,5,0,0,9,3,32,-7,0,2006-07,Regular Season,977,Kobe Bryant
22006,977,0020600657,2007-01-28,LAL vs. SAS,L,46,13,25,0.52,1,2,0.5,4,5,0.8,0,6,6,7,1,1,3,2,31,2,0,2006-07,Regular Season,977,Kobe Bryant
22006,977,0020600678,2007-01-31,LAL @ BOS,W,41,13,25,0.52,7,9,0.778,10,13,0.769,1,7,8,8,0,2,2,2,43,20,0,2006-07,Regular Season,977,Kobe Bryant
22006,977,0020600691,2007-02-02,LAL @ IND,L,40,7,25,0.28,2,8,0.25,6,6,1.0,0,5,5,4,5,0,4,1,22,-1,0,2006-07,Regular Season,977,Kobe Bryant
22006,977,0020600699,2007-02-03,LAL @ WAS,W,44,14,26,0.538,2,5,0.4,9,10,0.9,2,4,6,6,2,0,4,3,39,14,0,2006-07,Regular Season,977,Kobe Bryant
22006,977,0020600714,2007-02-05,LAL @ ATL,W,41,10,18,0.556,2,5,0.4,5,6,0.833,1,5,6,4,3,0,3,3,27,4,0,2006-07,Regular Season,977,Kobe Bryant
22006,977,0020600735,2007-02-08,LAL @ DET,L,38,5,13,0.385,2,5,0.4,6,6,1.0,1,4,5,5,2,0,8,1,18,-25,0,2006-07,Regular Season,977,Kobe Bryant
22006,977,0020600738,2007-02-09,LAL @ TOR,L,43,10,23,0.435,1,4,0.25,4,4,1.0,1,8,9,5,3,1,3,1,25,9,0,2006-07,Regular Season,977,Kobe Bryant
22006,977,0020600759,2007-02-11,LAL @ CLE,L,44,12,24,0.5,1,5,0.2,11,11,1.0,0,7,7,6,1,0,4,5,36,-4,0,2006-07,Regular Season,977,Kobe Bryant
22006,977,0020600774,2007-02-13,LAL vs. NYK,L,38,9,20,0.45,2,4,0.5,11,11,1.0,3,4,7,4,2,0,1,1,31,0,0,2006-07,Regular Season,977,Kobe Bryant
22006,977,0020600789,2007-02-15,LAL vs. CLE,L,41,9,22,0.409,2,7,0.286,14,15,0.933,1,5,6,5,2,0,6,3,34,-3,0,2006-07,Regular Season,977,Kobe Bryant
22006,977,0020600809,2007-02-21,LAL vs. POR,L,40,8,22,0.364,0,3,0.0,9,11,0.818,3,5,8,6,2,1,1,3,25,10,0,2006-07,Regular Season,977,Kobe Bryant
22006,977,0020600825,2007-02-23,LAL vs. BOS,W,31,13,23,0.565,5,7,0.714,7,9,0.778,0,2,2,9,5,0,3,1,38,16,0,2006-07,Regular Season,977,Kobe Bryant
22006,977,0020600838,2007-02-25,LAL @ GSW,W,36,9,23,0.391,2,8,0.25,6,7,0.857,1,5,6,6,3,0,4,2,26,17,0,2006-07,Regular Season,977,Kobe Bryant
22006,977,0020600847,2007-02-26,LAL @ UTA,W,44,7,21,0.333,0,4,0.0,21,24,0.875,2,6,8,4,2,0,4,3,35,6,0,2006-07,Regular Season,977,Kobe Bryant
22006,977,0020600878,2007-03-02,LAL vs. SAC,L,41,10,22,0.455,1,5,0.2,9,9,1.0,0,4,4,10,0,0,1,3,30,-14,0,2006-07,Regular Season,977,Kobe Bryant
22006,977,0020600890,2007-03-04,LAL @ PHX,L,45,11,28,0.393,1,5,0.2,8,10,0.8,1,3,4,6,1,1,3,1,31,-3,0,2006-07,Regular Season,977,Kobe Bryant
22006,977,0020600902,2007-03-06,LAL @ MIN,L,53,13,30,0.433,3,10,0.3,11,13,0.846,3,10,13,8,2,3,4,3,40,-1,0,2006-07,Regular Season,977,Kobe Bryant
22006,977,0020600919,2007-03-09,LAL @ PHI,L,44,12,27,0.444,3,7,0.429,3,3,1.0,0,4,4,4,1,0,3,4,30,-21,0,2006-07,Regular Season,977,Kobe Bryant
22006,977,0020600941,2007-03-11,LAL vs. DAL,L,37,6,19,0.316,0,2,0.0,13,18,0.722,2,7,9,3,0,0,5,1,25,-12,0,2006-07,Regular Season,977,Kobe Bryant
22006,977,0020600969,2007-03-15,LAL @ DEN,L,38,9,19,0.474,0,5,0.0,7,8,0.875,2,3,5,9,0,0,1,4,25,-22,0,2006-07,Regular Season,977,Kobe Bryant
22006,977,0020600977,2007-03-16,LAL vs. POR,W,50,23,39,0.59,8,12,0.667,11,12,0.917,1,6,7,3,3,0,2,3,65,4,0,2006-07,Regular Season,977,Kobe Bryant
22006,977,0020600994,2007-03-18,LAL vs. MIN,W,45,17,35,0.486,4,9,0.444,12,14,0.857,1,5,6,3,3,0,3,1,50,12,0,2006-07,Regular Season,977,Kobe Bryant
22006,977,0020601016,2007-03-22,LAL @ MEM,W,45,20,37,0.541,3,7,0.429,17,18,0.944,2,3,5,4,0,0,2,4,60,2,0,2006-07,Regular Season,977,Kobe Bryant
22006,977,0020601027,2007-03-23,LAL @ NOK,W,47,16,29,0.552,2,5,0.4,16,16,1.0,1,6,7,1,0,1,1,2,50,12,0,2006-07,Regular Season,977,Kobe Bryant
22006,977,0020601044,2007-03-25,LAL vs. GSW,W,46,15,33,0.455,4,11,0.364,9,11,0.818,4,5,9,0,1,1,7,2,43,7,0,2006-07,Regular Season,977,Kobe Bryant
22006,977,0020601057,2007-03-27,LAL vs. MEM,L,44,7,26,0.269,3,7,0.429,6,9,0.667,3,2,5,5,3,0,1,0,23,-1,0,2006-07,Regular Season,977,Kobe Bryant
22006,977,0020601081,2007-03-30,LAL vs. HOU,L,48,19,44,0.432,3,9,0.333,12,14,0.857,1,1,2,2,0,0,3,2,53,1,0,2006-07,Regular Season,977,Kobe Bryant
22006,977,0020601099,2007-04-01,LAL vs. SAC,W,38,6,14,0.429,1,2,0.5,6,6,1.0,0,2,2,13,3,1,4,1,19,13,0,2006-07,Regular Season,977,Kobe Bryant
22006,977,0020601107,2007-04-03,LAL vs. DEN,L,45,14,31,0.452,0,5,0.0,11,11,1.0,0,3,3,4,0,3,3,3,39,-6,0,2006-07,Regular Season,977,Kobe Bryant
22006,977,0020601118,2007-04-04,LAL @ LAC,L,45,13,34,0.382,0,3,0.0,3,4,0.75,0,7,7,3,2,2,4,3,29,3,0,2006-07,Regular Season,977,Kobe Bryant
22006,977,0020601133,2007-04-06,LAL @ SEA,W,41,13,27,0.481,1,4,0.25,19,24,0.792,1,4,5,6,3,1,1,2,46,-1,0,2006-07,Regular Season,977,Kobe Bryant
22006,977,0020601144,2007-04-08,LAL vs. PHX,L,44,14,25,0.56,1,5,0.2,5,5,1.0,0,3,3,7,1,1,5,2,34,-10,0,2006-07,Regular Season,977,Kobe Bryant
22006,977,0020601154,2007-04-09,LAL @ DEN,L,46,9,30,0.3,1,5,0.2,4,5,0.8,0,5,5,10,1,0,4,1,23,0,0,2006-07,Regular Season,977,Kobe Bryant
22006,977,0020601174,2007-04-12,LAL vs. LAC,L,48,17,33,0.515,1,4,0.25,15,15,1.0,0,9,9,1,2,0,3,3,50,-8,0,2006-07,Regular Season,977,Kobe Bryant
22006,977,0020601185,2007-04-13,LAL @ PHX,L,42,7,26,0.269,1,6,0.167,2,2,1.0,1,5,6,4,1,1,2,2,17,-19,0,2006-07,Regular Season,977,Kobe Bryant
22006,977,0020601202,2007-04-15,LAL vs. SEA,W,42,18,25,0.72,3,6,0.5,11,13,0.846,2,6,8,3,2,0,1,2,50,6,0,2006-07,Regular Season,977,Kobe Bryant
22006,977,0020601227,2007-04-18,LAL @ SAC,W,34,12,19,0.632,0,2,0.0,10,12,0.833,1,6,7,6,1,0,1,4,34,8,0,2006-07,Regular Season,977,Kobe Bryant
42006,977,0040600151,2007-04-22,LAL @ PHX,L,43,15,33,0.455,4,8,0.5,5,7,0.714,0,5,5,1,0,0,2,3,39,-13,0,2006-07,Playoffs,977,Kobe Bryant
42006,977,0040600152,2007-04-24,LAL @ PHX,L,34,5,13,0.385,1,4,0.25,4,4,1.0,1,3,4,5,1,0,3,0,15,-23,0,2006-07,Playoffs,977,Kobe Bryant
42006,977,0040600153,2007-04-26,LAL vs. PHX,W,45,15,26,0.577,2,3,0.667,13,13,1.0,0,6,6,6,1,1,5,3,45,1,0,2006-07,Playoffs,977,Kobe Bryant
42006,977,0040600154,2007-04-29,LAL vs. PHX,L,46,12,25,0.48,1,5,0.2,6,6,1.0,0,7,7,9,2,1,6,2,31,-9,0,2006-07,Playoffs,977,Kobe Bryant
42006,977,0040600155,2007-05-02,LAL @ PHX,L,46,13,33,0.394,2,8,0.25,6,7,0.857,0,4,4,1,1,0,6,2,34,-1,0,2006-07,Playoffs,977,Kobe Bryant
22006,1495,0020600016,2006-11-02,SAS @ DAL,W,34,5,13,0.385,0,0,0.0,3,5,0.6,3,7,10,4,1,1,3,3,13,11,0,2006-07,Regular Season,1495,Tim Duncan
22006,1495,0020600025,2006-11-03,SAS vs. CLE,L,39,8,14,0.571,0,0,0.0,9,19,0.474,1,11,12,5,0,1,5,3,25,-1,0,2006-07,Regular Season,1495,Tim Duncan
22006,1495,0020600040,2006-11-05,SAS @ TOR,W,30,10,15,0.667,0,0,0.0,6,7,0.857,2,4,6,4,0,0,4,3,26,18,0,2006-07,Regular Season,1495,Tim Duncan
22006,1495,0020600046,2006-11-06,SAS @ NYK,W,36,6,12,0.5,0,0,0.0,3,5,0.6,3,5,8,3,1,2,4,4,15,10,0,2006-07,Regular Season,1495,Tim Duncan
22006,1495,0020600064,2006-11-08,SAS vs. PHX,W,41,10,21,0.476,0,1,0.0,6,9,0.667,4,10,14,6,0,2,5,4,26,13,0,2006-07,Regular Season,1495,Tim Duncan
22006,1495,0020600084,2006-11-11,SAS vs. NYK,W,35,10,16,0.625,0,0,0.0,4,12,0.333,4,12,16,2,1,3,4,3,24,13,0,2006-07,Regular Season,1495,Tim Duncan
22006,1495,0020600104,2006-11-14,SAS @ HOU,W,38,7,16,0.438,0,0,0.0,5,7,0.714,2,13,15,2,0,3,4,4,19,-12,0,2006-07,Regular Season,1495,Tim Duncan
22006,1495,0020600114,2006-11-15,SAS vs. CHA,L,41,10,20,0.5,0,0,0.0,4,6,0.667,5,8,13,2,0,0,2,3,24,-4,0,2006-07,Regular Season,1495,Tim Duncan
22006,1495,0020600125,2006-11-17,SAS vs. CHI,W,32,10,15,0.667,0,0,0.0,1,2,0.5,1,10,11,0,1,3,5,1,21,15,0,2006-07,Regular Season,1495,Tim Duncan
22006,1495,0020600143,2006-11-19,SAS @ SAC,W,31,13,17,0.765,0,0,0.0,9,11,0.818,7,7,14,3,2,1,2,2,35,19,0,2006-07,Regular Season,1495,Tim Duncan
22006,1495,0020600148,2006-11-20,SAS @ POR,W,36,10,16,0.625,0,1,0.0,5,9,0.556,1,5,6,5,0,3,1,0,25,11,0,2006-07,Regular Season,1495,Tim Duncan
22006,1495,0020600162,2006-11-22,SAS vs. MIA,W,22,9,17,0.529,0,0,0.0,1,3,0.333,2,4,6,3,1,1,2,2,19,18,0,2006-07,Regular Season,1495,Tim Duncan
22006,1495,0020600179,2006-11-24,SAS vs. DAL,L,38,10,16,0.625,0,0,0.0,9,15,0.6,1,5,6,3,0,0,3,1,29,13,0,2006-07,Regular Season,1495,Tim Duncan
22006,1495,0020600198,2006-11-26,SAS @ SEA,W,33,7,11,0.636,0,0,0.0,4,4,1.0,7,9,16,6,0,0,6,3,18,8,0,2006-07,Regular Season,1495,Tim Duncan
22006,1495,0020600203,2006-11-27,SAS @ GSW,L,40,9,18,0.5,0,0,0.0,4,6,0.667,8,8,16,4,1,6,5,2,22,-3,0,2006-07,Regular Season,1495,Tim Duncan
22006,1495,0020600217,2006-11-29,SAS @ UTA,L,38,7,16,0.438,0,0,0.0,7,9,0.778,3,7,10,4,1,3,3,1,21,-10,0,2006-07,Regular Season,1495,Tim Duncan
22006,1495,0020600237,2006-12-02,SAS vs. SAC,W,37,6,13,0.462,0,0,0.0,6,8,0.75,5,6,11,6,1,1,3,4,18,6,0,2006-07,Regular Season,1495,Tim Duncan
22006,1495,0020600250,2006-12-04,SAS vs. GSW,W,21,6,13,0.462,0,0,0.0,3,4,0.75,1,7,8,2,0,3,2,1,15,21,0,2006-07,Regular Season,1495,Tim Duncan
22006,1495,0020600261,2006-12-06,SAS @ CHA,W,34,9,17,0.529,0,0,0.0,7,9,0.778,1,3,4,3,0,2,2,1,25,13,0,2006-07,Regular Season,1495,Tim Duncan
22006,1495,0020600279,2006-12-08,SAS vs. LAC,W,26,7,10,0.7,0,0,0.0,2,5,0.4,1,9,10,1,1,0,0,0,16,25,0,2006-07,Regular Season,1495,Tim Duncan
22006,1495,0020600299,2006-12-10,SAS @ LAL,L,38,7,9,0.778,0,0,0.0,2,6,0.333,3,10,13,5,2,1,3,4,16,14,0,2006-07,Regular Season,1495,Tim Duncan
22006,1495,0020600308,2006-12-11,SAS @ LAC,W,30,7,10,0.7,0,0,0.0,3,3,1.0,1,4,5,6,0,1,0,5,17,24,0,2006-07,Regular Season,1495,Tim Duncan
22006,1495,0020600322,2006-12-13,SAS vs. MIN,W,26,11,18,0.611,0,0,0.0,2,2,1.0,1,4,5,3,1,2,1,2,24,17,0,2006-07,Regular Season,1495,Tim Duncan
22006,1495,0020600327,2006-12-14,SAS @ NOK,W,24,4,7,0.571,0,0,0.0,3,6,0.5,1,8,9,4,2,2,0,3,11,14,0,2006-07,Regular Season,1495,Tim Duncan
22006,1495,0020600348,2006-12-16,SAS vs. PHI,W,39,8,16,0.5,0,0,0.0,5,6,0.833,3,6,9,6,0,1,3,3,21,12,0,2006-07,Regular Season,1495,Tim Duncan
22006,1495,0020600371,2006-12-20,SAS vs. MEM,W,40,8,8,1.0,0,0,0.0,5,10,0.5,4,5,9,1,3,3,3,3,21,1,0,2006-07,Regular Season,1495,Tim Duncan
22006,1495,0020600386,2006-12-22,SAS vs. HOU,L,33,4,13,0.308,0,0,0.0,6,11,0.545,3,8,11,4,5,2,4,3,14,-7,0,2006-07,Regular Season,1495,Tim Duncan
22006,1495,0020600398,2006-12-23,SAS @ NOK,W,27,4,8,0.5,0,0,0.0,3,4,0.75,0,4,4,1,0,3,0,2,11,25,0,2006-07,Regular Season,1495,Tim Duncan
22006,1495,0020600407,2006-12-26,SAS vs. MIL,L,40,7,15,0.467,0,0,0.0,11,14,0.786,4,8,12,0,0,2,3,2,25,-10,0,2006-07,Regular Season,1495,Tim Duncan
22006,1495,0020600427,2006-12-28,SAS vs. UTA,W,26,8,13,0.615,0,1,0.0,4,7,0.571,2,7,9,0,2,3,1,2,20,19,0,2006-07,Regular Season,1495,Tim Duncan
22006,1495,0020600451,2006-12-31,SAS vs. ATL,W,30,7,12,0.583,0,0,0.0,3,5,0.6,2,9,11,0,0,2,6,2,17,12,0,2006-07,Regular Season,1495,Tim Duncan
22006,1495,0020600461,2007-01-02,SAS @ CLE,L,37,6,15,0.4,0,0,0.0,6,8,0.75,2,13,15,2,0,2,4,2,18,-7,0,2006-07,Regular Season,1495,Tim Duncan
22006,1495,0020600472,2007-01-03,SAS @ MIN,L,45,11,19,0.579,0,0,0.0,2,2,1.0,6,7,13,5,1,5,1,4,24,-2,0,2006-07,Regular Season,1495,Tim Duncan
22006,1495,0020600484,2007-01-05,SAS vs. DAL,L,39,6,11,0.545,0,0,0.0,6,13,0.462,1,6,7,4,0,3,3,2,18,-5,0,2006-07,Regular Season,1495,Tim Duncan
22006,1495,0020600500,2007-01-07,SAS @ MEM,W,32,5,13,0.385,0,1,0.0,0,1,0.0,0,9,9,6,1,0,2,2,10,11,0,2006-07,Regular Season,1495,Tim Duncan
22006,1495,0020600512,2007-01-09,SAS vs. POR,W,34,5,8,0.625,0,0,0.0,6,8,0.75,4,5,9,5,1,4,4,4,16,27,0,2006-07,Regular Season,1495,Tim Duncan
22006,1495,0020600525,2007-01-10,SAS @ DEN,W,38,8,15,0.533,0,0,0.0,3,10,0.3,2,11,13,3,0,3,0,2,19,6,0,2006-07,Regular Season,1495,Tim Duncan
22006,1495,0020600544,2007-01-13,SAS vs. WAS,W,31,8,16,0.5,0,0,0.0,2,3,0.667,5,6,11,5,0,3,3,5,18,21,0,2006-07,Regular Season,1495,Tim Duncan
22006,1495,0020600559,2007-01-15,SAS @ CHI,L,37,9,19,0.474,0,0,0.0,3,7,0.429,6,10,16,4,0,1,4,3,21,6,0,2006-07,Regular Season,1495,Tim Duncan
22006,1495,0020600576,2007-01-17,SAS vs. LAL,L,37,10,18,0.556,0,1,0.0,6,8,0.75,1,8,9,1,1,4,4,2,26,4,0,2006-07,Regular Season,1495,Tim Duncan
22006,1495,0020600587,2007-01-19,SAS vs. NOK,W,35,5,11,0.455,0,0,0.0,2,3,0.667,4,12,16,2,1,4,4,2,12,8,0,2006-07,Regular Season,1495,Tim Duncan
22006,1495,0020600603,2007-01-21,SAS @ PHI,W,36,7,19,0.368,0,0,0.0,3,4,0.75,4,11,15,5,0,4,4,1,17,15,0,2006-07,Regular Season,1495,Tim Duncan
22006,1495,0020600609,2007-01-22,SAS @ BOS,W,36,7,17,0.412,0,0,0.0,7,7,1.0,2,7,9,5,1,4,5,4,21,5,0,2006-07,Regular Season,1495,Tim Duncan
22006,1495,0020600627,2007-01-24,SAS vs. HOU,L,39,15,28,0.536,0,0,0.0,7,10,0.7,5,5,10,4,1,1,4,3,37,5,0,2006-07,Regular Season,1495,Tim Duncan
22006,1495,0020600640,2007-01-26,SAS vs. MEM,W,35,10,16,0.625,0,0,0.0,6,10,0.6,4,9,13,2,0,9,7,3,26,10,0,2006-07,Regular Season,1495,Tim Duncan
22006,1495,0020600657,2007-01-28,SAS @ LAL,W,42,10,23,0.435,0,0,0.0,1,2,0.5,4,10,14,9,1,3,3,5,21,4,0,2006-07,Regular Season,1495,Tim Duncan
22006,1495,0020600684,2007-01-31,SAS @ UTA,L,37,7,13,0.538,0,0,0.0,11,13,0.846,4,8,12,3,0,5,1,2,25,-2,0,2006-07,Regular Season,1495,Tim Duncan
22006,1495,0020600688,2007-02-01,SAS @ PHX,L,38,6,18,0.333,0,0,0.0,8,10,0.8,5,13,18,4,1,5,4,4,20,-3,0,2006-07,Regular Season,1495,Tim Duncan
22006,1495,0020600727,2007-02-07,SAS @ WAS,W,28,9,16,0.563,0,0,0.0,2,2,1.0,2,5,7,5,2,1,2,1,20,5,0,2006-07,Regular Season,1495,Tim Duncan
22006,1495,0020600741,2007-02-09,SAS @ ORL,L,40,8,19,0.421,0,0,0.0,8,10,0.8,6,10,16,6,1,0,4,3,24,-7,0,2006-07,Regular Season,1495,Tim Duncan
22006,1495,0020600757,2007-02-11,SAS @ MIA,L,38,4,10,0.4,0,0,0.0,5,11,0.455,2,9,11,2,0,1,0,3,13,-18,0,2006-07,Regular Season,1495,Tim Duncan
22006,1495,0020600768,2007-02-13,SAS @ NJN,W,30,7,9,0.778,0,0,0.0,7,7,1.0,1,7,8,3,1,1,1,3,21,25,0,2006-07,Regular Season,1495,Tim Duncan
22006,1495,0020600781,2007-02-14,SAS @ DET,W,38,9,18,0.5,0,0,0.0,5,7,0.714,0,8,8,1,0,2,1,0,23,0,0,2006-07,Regular Season,1495,Tim Duncan
22006,1495,0020600794,2007-02-20,SAS vs. DEN,W,25,4,9,0.444,0,1,0.0,4,6,0.667,0,6,6,3,1,0,0,2,12,18,0,2006-07,Regular Season,1495,Tim Duncan
22006,1495,0020600802,2007-02-21,SAS @ ATL,W,38,11,16,0.688,0,0,0.0,8,8,1.0,3,6,9,1,0,2,3,2,30,-2,0,2006-07,Regular Season,1495,Tim Duncan
22006,1495,0020600828,2007-02-24,SAS vs. SEA,W,28,3,7,0.429,0,0,0.0,0,0,0.0,3,12,15,4,0,5,4,0,6,40,0,2006-07,Regular Season,1495,Tim Duncan
22006,1495,0020600843,2007-02-26,SAS vs. TOR,W,34,11,15,0.733,0,0,0.0,2,4,0.5,1,15,16,4,2,4,2,1,24,25,0,2006-07,Regular Season,1495,Tim Duncan
22006,1495,0020600873,2007-03-02,SAS vs. ORL,W,34,8,14,0.571,0,1,0.0,3,4,0.75,3,7,10,4,3,2,1,3,19,9,0,2006-07,Regular Season,1495,Tim Duncan
22006,1495,0020600883,2007-03-03,SAS @ HOU,W,27,10,14,0.714,0,0,0.0,6,8,0.75,0,4,4,3,2,1,0,4,26,15,0,2006-07,Regular Season,1495,Tim Duncan
22006,1495,0020600899,2007-03-05,SAS @ LAC,W,31,4,9,0.444,0,0,0.0,1,2,0.5,2,10,12,3,0,2,5,4,9,20,0,2006-07,Regular Season,1495,Tim Duncan
22006,1495,0020600906,2007-03-06,SAS @ POR,W,37,10,17,0.588,0,0,0.0,4,5,0.8,0,8,8,2,0,2,5,2,24,5,0,2006-07,Regular Season,1495,Tim Duncan
22006,1495,0020600918,2007-03-08,SAS @ SAC,W,37,5,12,0.417,0,0,0.0,6,10,0.6,3,10,13,2,2,2,1,3,16,13,0,2006-07,Regular Season,1495,Tim Duncan
22006,1495,0020600931,2007-03-10,SAS vs. NJN,W,34,8,13,0.615,0,0,0.0,1,8,0.125,1,12,13,4,1,4,4,3,17,16,0,2006-07,Regular Season,1495,Tim Duncan
22006,1495,0020600952,2007-03-13,SAS vs. LAC,W,34,8,16,0.5,0,0,0.0,3,3,1.0,2,7,9,1,0,0,3,4,19,4,0,2006-07,Regular Season,1495,Tim Duncan
22006,1495,0020600968,2007-03-15,SAS @ MIL,L,37,5,12,0.417,0,0,0.0,3,8,0.375,3,10,13,4,1,3,4,2,13,-10,0,2006-07,Regular Season,1495,Tim Duncan
22006,1495,0020600984,2007-03-17,SAS vs. BOS,L,40,6,14,0.429,0,0,0.0,8,14,0.571,4,12,16,3,2,7,4,3,20,-6,0,2006-07,Regular Season,1495,Tim Duncan
22006,1495,0020601012,2007-03-21,SAS vs. IND,W,30,11,16,0.688,0,1,0.0,5,8,0.625,2,5,7,3,2,2,1,4,27,27,0,2006-07,Regular Season,1495,Tim Duncan
22006,1495,0020601028,2007-03-23,SAS vs. DET,W,35,6,12,0.5,0,0,0.0,5,11,0.455,6,8,14,2,0,0,4,4,17,6,0,2006-07,Regular Season,1495,Tim Duncan
22006,1495,0020601043,2007-03-25,SAS @ SEA,W,29,4,8,0.5,0,0,0.0,8,8,1.0,0,10,10,3,1,3,0,2,16,21,0,2006-07,Regular Season,1495,Tim Duncan
22006,1495,0020601053,2007-03-26,SAS @ GSW,W,27,7,13,0.538,0,0,0.0,6,7,0.857,0,8,8,5,1,1,3,1,20,25,0,2006-07,Regular Season,1495,Tim Duncan
22006,1495,0020601064,2007-03-28,SAS vs. NOK,W,38,13,20,0.65,1,1,1.0,4,6,0.667,0,5,5,3,1,1,3,4,31,0,0,2006-07,Regular Season,1495,Tim Duncan
22006,1495,0020601077,2007-03-30,SAS vs. UTA,W,39,7,12,0.583,0,0,0.0,6,10,0.6,4,10,14,3,2,4,1,2,20,18,0,2006-07,Regular Season,1495,Tim Duncan
22006,1495,0020601090,2007-04-01,SAS @ IND,L,35,6,11,0.545,0,0,0.0,5,9,0.556,4,8,12,1,1,2,8,4,17,0,0,2006-07,Regular Season,1495,Tim Duncan
22006,1495,0020601104,2007-04-03,SAS vs. SEA,W,27,6,9,0.667,0,0,0.0,2,2,1.0,1,4,5,7,1,1,1,1,14,28,0,2006-07,Regular Season,1495,Tim Duncan
22006,1495,0020601120,2007-04-05,SAS vs. PHX,W,35,10,17,0.588,0,0,0.0,2,9,0.222,3,7,10,5,0,5,1,4,22,4,0,2006-07,Regular Season,1495,Tim Duncan
22006,1495,0020601137,2007-04-07,SAS vs. GSW,W,39,12,17,0.706,0,0,0.0,4,9,0.444,6,9,15,3,0,4,2,3,28,17,0,2006-07,Regular Season,1495,Tim Duncan
22006,1495,0020601151,2007-04-09,SAS vs. POR,W,29,5,10,0.5,0,0,0.0,5,6,0.833,0,4,4,4,1,3,3,3,15,6,0,2006-07,Regular Season,1495,Tim Duncan
22006,1495,0020601168,2007-04-11,SAS vs. SAC,W,35,11,14,0.786,0,0,0.0,4,9,0.444,3,10,13,4,2,4,3,0,26,8,0,2006-07,Regular Season,1495,Tim Duncan
22006,1495,0020601181,2007-04-13,SAS @ MIN,W,21,5,6,0.833,0,0,0.0,2,4,0.5,2,8,10,2,1,2,2,1,12,19,0,2006-07,Regular Season,1495,Tim Duncan
22006,1495,0020601194,2007-04-15,SAS @ DAL,L,27,6,12,0.5,0,0,0.0,4,5,0.8,1,6,7,6,0,2,2,1,16,7,0,2006-07,Regular Season,1495,Tim Duncan
42006,1495,0040600161,2007-04-22,SAS vs. DEN,L,40,7,17,0.412,0,0,0.0,0,2,0.0,5,5,10,7,1,3,5,2,14,-9,0,2006-07,Playoffs,1495,Tim Duncan
42006,1495,0040600162,2007-04-25,SAS vs. DEN,W,33,9,17,0.529,0,0,0.0,4,6,0.667,0,7,7,5,0,5,0,3,22,14,0,2006-07,Playoffs,1495,Tim Duncan
42006,1495,0040600163,2007-04-28,SAS @ DEN,W,41,9,21,0.429,0,0,0.0,2,2,1.0,7,6,13,4,1,5,3,0,20,-3,0,2006-07,Playoffs,1495,Tim Duncan
42006,1495,0040600164,2007-04-30,SAS @ DEN,W,40,9,19,0.474,0,0,0.0,4,6,0.667,3,8,11,6,1,0,1,1,22,2,0,2006-07,Playoffs,1495,Tim Duncan
42006,1495,0040600165,2007-05-02,SAS vs. DEN,W,35,10,19,0.526,0,0,0.0,3,6,0.5,3,9,12,5,1,1,3,3,23,17,0,2006-07,Playoffs,1495,Tim Duncan
42006,1495,0040600231,2007-05-06,SAS @ PHX,W,40,12,24,0.5,0,0,0.0,9,15,0.6,8,8,16,1,0,3,1,2,33,10,0,2006-07,Playoffs,1495,Tim Duncan
42006,1495,0040600232,2007-05-08,SAS @ PHX,L,35,12,20,0.6,0,0,0.0,5,7,0.714,2,9,11,1,0,2,2,4,29,-11,0,2006-07,Playoffs,1495,Tim Duncan
42006,1495,0040600233,2007-05-12,SAS vs. PHX,W,41,12,19,0.632,0,0,0.0,9,14,0.643,5,14,19,0,0,3,0,4,33,5,0,2006-07,Playoffs,1495,Tim Duncan
42006,1495,0040600234,2007-05-14,SAS vs. PHX,L,32,9,14,0.643,0,0,0.0,3,4,0.75,3,8,11,2,0,3,6,5,21,-7,0,2006-07,Playoffs,1495,Tim Duncan
42006,1495,0040600235,2007-05-16,SAS @ PHX,W,41,7,14,0.5,0,0,0.0,7,11,0.636,2,10,12,2,1,5,1,3,21,-4,0,2006-07,Playoffs,1495,Tim Duncan
42006,1495,0040600236,2007-05-18,SAS vs. PHX,W,40,11,19,0.579,0,0,0.0,2,6,0.333,8,5,13,1,0,9,4,3,24,7,0,2006-07,Playoffs,1495,Tim Duncan
42006,1495,0040600311,2007-05-20,SAS vs. UTA,W,39,9,15,0.6,0,0,0.0,9,13,0.692,3,7,10,5,0,2,3,5,27,8,0,2006-07,Playoffs,1495,Tim Duncan
42006,1495,0040600312,2007-05-22,SAS vs. UTA,W,38,10,15,0.667,0,0,0.0,6,8,0.75,3,11,14,4,2,5,3,3,26,7,0,2006-07,Playoffs,1495,Tim Duncan
42006,1495,0040600313,2007-05-26,SAS @ UTA,L,26,6,9,0.667,0,0,0.0,4,5,0.8,2,6,8,3,1,2,8,5,16,-12,0,2006-07,Playoffs,1495,Tim Duncan
42006,1495,0040600314,2007-05-28,SAS @ UTA,W,38,6,13,0.462,0,0,0.0,7,12,0.583,2,7,9,1,0,5,5,2,19,15,0,2006-07,Playoffs,1495,Tim Duncan
42006,1495,0040600315,2007-05-30,SAS vs. UTA,W,29,7,14,0.5,0,0,0.0,7,8,0.875,1,6,7,3,0,0,3,1,21,18,0,2006-07,Playoffs,1495,Tim Duncan
42006,1495,0040600401,2007-06-07,SAS vs. CLE,W,39,10,17,0.588,0,0,,4,5,0.8,5,8,13,1,2,5,2,2,24,8,0,2006-07,Playoffs,1495,Tim Duncan
42006,1495,0040600402,2007-06-10,SAS vs. CLE,W,36,9,16,0.563,0,0,,5,7,0.714,4,5,9,8,0,0,1,4,23,10,0,2006-07,Playoffs,1495,Tim Duncan
42006,1495,0040600403,2007-06-12,SAS @ CLE,W,34,6,17,0.353,0,0,,2,2,1.0,2,7,9,3,1,2,2,4,14,0,0,2006-07,Playoffs,1495,Tim Duncan
42006,1495,0040600404,2007-06-14,SAS @ CLE,W,40,4,15,0.267,0,0,,4,10,0.4,5,10,15,3,2,2,6,3,12,6,0,2006-07,Playoffs,1495,Tim Duncan
22006,406,0020600001,2006-10-31,MIA vs. CHI,L,24,3,10,0.3,0,0,0.0,1,2,0.5,3,2,5,0,0,1,3,2,7,-19,0,2006-07,Regular Season,406,Shaquille O'Neal
22006,406,0020600023,2006-11-03,MIA vs. NJN,W,35,10,16,0.625,0,0,0.0,1,3,0.333,2,7,9,1,0,2,5,3,21,10,0,2006-07,Regular Season,406,Shaquille O'Neal
22006,406,0020600078,2006-11-10,MIA @ NJN,W,29,5,13,0.385,0,0,0.0,3,4,0.75,3,3,6,3,0,0,1,6,13,-3,0,2006-07,Regular Season,406,Shaquille O'Neal
22006,406,0020600093,2006-11-12,MIA vs. HOU,L,32,6,14,0.429,0,0,0.0,3,9,0.333,2,8,10,1,0,1,5,4,15,-2,0,2006-07,Regular Season,406,Shaquille O'Neal
22006,406,0020600624,2007-01-24,MIA @ IND,L,14,2,6,0.333,0,0,0.0,1,2,0.5,2,3,5,0,0,1,2,3,5,-9,0,2006-07,Regular Season,406,Shaquille O'Neal
22006,406,0020600637,2007-01-26,MIA @ NYK,L,15,4,6,0.667,0,0,0.0,3,7,0.429,2,2,4,1,1,4,1,2,11,-3,0,2006-07,Regular Season,406,Shaquille O'Neal
22006,406,0020600687,2007-02-01,MIA vs. CLE,W,28,6,13,0.462,0,0,0.0,4,7,0.571,2,6,8,2,1,1,0,6,16,11,0,2006-07,Regular Season,406,Shaquille O'Neal
22006,406,0020600703,2007-02-03,MIA @ MIL,W,20,8,11,0.727,0,0,0.0,4,7,0.571,2,2,4,3,0,0,4,3,20,31,0,2006-07,Regular Season,406,Shaquille O'Neal
22006,406,0020600716,2007-02-05,MIA vs. CHA,W,21,10,14,0.714,0,0,0.0,2,6,0.333,1,1,2,2,1,2,1,4,22,11,0,2006-07,Regular Season,406,Shaquille O'Neal
22006,406,0020600731,2007-02-07,MIA @ BOS,W,24,4,9,0.444,0,0,0.0,1,2,0.5,0,4,4,0,0,4,4,1,9,2,0,2006-07,Regular Season,406,Shaquille O'Neal
22006,406,0020600744,2007-02-09,MIA @ CLE,L,28,6,13,0.462,0,0,0.0,2,4,0.5,2,5,7,1,0,1,1,5,14,-1,0,2006-07,Regular Season,406,Shaquille O'Neal
22006,406,0020600757,2007-02-11,MIA vs. SAS,W,25,7,11,0.636,0,0,0.0,2,3,0.667,3,4,7,0,1,1,1,2,16,10,0,2006-07,Regular Season,406,Shaquille O'Neal
22006,406,0020600769,2007-02-13,MIA vs. POR,W,24,3,6,0.5,0,0,0.0,0,0,0.0,2,3,5,1,0,5,2,3,6,-3,0,2006-07,Regular Season,406,Shaquille O'Neal
22006,406,0020600807,2007-02-21,MIA @ HOU,L,27,9,15,0.6,0,0,0.0,2,5,0.4,6,10,16,0,0,1,0,4,20,-9,0,2006-07,Regular Season,406,Shaquille O'Neal
22006,406,0020600813,2007-02-22,MIA @ DAL,L,25,6,10,0.6,0,0,0.0,5,10,0.5,3,5,8,1,0,1,1,3,17,-17,0,2006-07,Regular Season,406,Shaquille O'Neal
22006,406,0020600835,2007-02-25,MIA vs. CLE,W,29,9,18,0.5,0,0,0.0,1,7,0.143,6,5,11,3,0,1,0,2,19,-6,0,2006-07,Regular Season,406,Shaquille O'Neal
22006,406,0020600841,2007-02-26,MIA @ NYK,L,23,9,14,0.643,0,0,0.0,2,4,0.5,1,2,3,4,0,1,1,5,20,-16,0,2006-07,Regular Season,406,Shaquille O'Neal
22006,406,0020600856,2007-02-28,MIA @ WAS,W,37,11,17,0.647,0,0,0.0,1,7,0.143,1,9,10,4,0,3,0,4,23,17,0,2006-07,Regular Season,406,Shaquille O'Neal
22006,406,0020600872,2007-03-02,MIA vs. DET,W,36,12,16,0.75,0,0,0.0,7,14,0.5,4,11,15,6,0,1,3,3,31,10,0,2006-07,Regular Season,406,Shaquille O'Neal
22006,406,0020600896,2007-03-05,MIA vs. ATL,W,29,5,11,0.455,0,0,0.0,4,12,0.333,2,7,9,2,1,1,3,4,14,-8,0,2006-07,Regular Season,406,Shaquille O'Neal
22006,406,0020600911,2007-03-07,MIA vs. CHI,W,32,12,18,0.667,0,0,0.0,0,5,0.0,1,8,9,8,0,1,1,2,24,18,0,2006-07,Regular Season,406,Shaquille O'Neal
22006,406,0020600922,2007-03-09,MIA vs. MIN,W,35,13,16,0.813,0,0,0.0,6,11,0.545,4,5,9,2,0,0,6,3,32,9,0,2006-07,Regular Season,406,Shaquille O'Neal
22006,406,0020600939,2007-03-11,MIA vs. WAS,W,18,5,7,0.714,0,0,0.0,2,8,0.25,3,3,6,2,0,0,2,5,12,-19,0,2006-07,Regular Season,406,Shaquille O'Neal
22006,406,0020600950,2007-03-13,MIA vs. UTA,W,27,6,12,0.5,0,0,0.0,1,4,0.25,3,6,9,3,0,1,1,5,13,11,0,2006-07,Regular Season,406,Shaquille O'Neal
22006,406,0020600967,2007-03-15,MIA @ NJN,W,22,7,12,0.583,0,0,0.0,5,14,0.357,2,5,7,1,0,1,2,4,19,18,0,2006-07,Regular Season,406,Shaquille O'Neal
22006,406,0020600974,2007-03-16,MIA vs. SAC,W,35,8,16,0.5,0,0,0.0,7,14,0.5,2,2,4,3,0,1,4,3,23,2,0,2006-07,Regular Season,406,Shaquille O'Neal
22006,406,0020600991,2007-03-18,MIA vs. ORL,L,34,6,10,0.6,0,0,0.0,8,11,0.727,0,4,4,0,0,0,1,5,20,-12,0,2006-07,Regular Season,406,Shaquille O'Neal
22006,406,0020601008,2007-03-21,MIA @ ATL,W,21,4,8,0.5,0,0,0.0,4,6,0.667,1,2,3,6,1,1,3,4,12,2,0,2006-07,Regular Season,406,Shaquille O'Neal
22006,406,0020601023,2007-03-23,MIA @ IND,L,25,4,6,0.667,0,0,0.0,5,11,0.455,1,2,3,0,0,1,2,4,13,-19,0,2006-07,Regular Season,406,Shaquille O'Neal
22006,406,0020601033,2007-03-24,MIA vs. PHI,L,32,8,11,0.727,0,0,0.0,2,9,0.222,5,1,6,1,0,1,6,5,18,1,0,2006-07,Regular Season,406,Shaquille O'Neal
22006,406,0020601047,2007-03-26,MIA vs. ATL,W,30,5,9,0.556,0,0,0.0,12,20,0.6,3,8,11,2,0,1,1,1,22,24,0,2006-07,Regular Season,406,Shaquille O'Neal
22006,406,0020601058,2007-03-28,MIA @ TOR,L,29,6,11,0.545,0,0,0.0,5,9,0.556,3,3,6,3,0,0,3,3,17,-10,0,2006-07,Regular Season,406,Shaquille O'Neal
22006,406,0020601078,2007-03-30,MIA @ MIN,W,37,6,10,0.6,0,0,0.0,3,11,0.273,2,7,9,2,0,2,5,2,15,10,0,2006-07,Regular Season,406,Shaquille O'Neal
22006,406,0020601088,2007-04-01,MIA @ DET,L,36,9,13,0.692,0,0,0.0,5,11,0.455,4,4,8,2,0,0,5,4,23,3,0,2006-07,Regular Season,406,Shaquille O'Neal
22006,406,0020601102,2007-04-03,MIA vs. TOR,W,30,8,12,0.667,0,0,0.0,0,6,0.0,3,9,12,1,0,3,1,1,16,1,0,2006-07,Regular Season,406,Shaquille O'Neal
22006,406,0020601119,2007-04-05,MIA @ CLE,W,42,9,13,0.692,0,0,0.0,2,5,0.4,1,7,8,2,1,1,4,4,20,-3,0,2006-07,Regular Season,406,Shaquille O'Neal
22006,406,0020601123,2007-04-06,MIA @ BOS,W,33,10,19,0.526,0,0,0.0,2,9,0.222,3,8,11,3,0,1,2,3,22,7,0,2006-07,Regular Season,406,Shaquille O'Neal
22006,406,0020601146,2007-04-08,MIA vs. CHA,L,30,6,11,0.545,0,0,0.0,3,7,0.429,3,6,9,1,0,5,3,5,15,-7,0,2006-07,Regular Season,406,Shaquille O'Neal
22006,406,0020601179,2007-04-13,MIA vs. IND,W,34,10,12,0.833,0,0,0.0,1,5,0.2,3,5,8,0,1,0,4,4,21,1,0,2006-07,Regular Season,406,Shaquille O'Neal
22006,406,0020601204,2007-04-16,MIA vs. BOS,L,25,6,10,0.6,0,0,0.0,2,3,0.667,1,6,7,2,0,3,1,3,14,-3,0,2006-07,Regular Season,406,Shaquille O'Neal
42006,406,0040600131,2007-04-21,MIA @ CHI,L,27,9,14,0.643,0,0,0.0,1,3,0.333,2,4,6,3,0,1,2,6,19,-6,0,2006-07,Playoffs,406,Shaquille O'Neal
42006,406,0040600132,2007-04-24,MIA @ CHI,L,31,6,14,0.429,0,0,0.0,5,5,1.0,5,3,8,1,0,1,7,3,17,-19,0,2006-07,Playoffs,406,Shaquille O'Neal
42006,406,0040600133,2007-04-27,MIA vs. CHI,L,32,10,17,0.588,0,0,0.0,3,12,0.25,6,7,13,1,1,2,2,3,23,-10,0,2006-07,Playoffs,406,Shaquille O'Neal
42006,406,0040600134,2007-04-29,MIA vs. CHI,L,31,8,14,0.571,0,0,0.0,0,7,0.0,3,4,7,0,0,2,3,3,16,-12,0,2006-07,Playoffs,406,Shaquille O'Neal
22006,959,0020600002,2006-10-31,PHX @ LAL,L,34,6,15,0.4,3,6,0.5,0,0,0.0,0,3,3,13,0,0,4,1,15,1,0,2006-07,Regular Season,959,Steve Nash
22006,959,0020600014,2006-11-01,PHX vs. LAC,W,38,7,9,0.778,2,2,1.0,4,4,1.0,0,1,1,11,1,0,4,1,20,7,0,2006-07,Regular Season,959,Steve Nash
22006,959,0020600028,2006-11-03,PHX vs. UTA,L,35,4,10,0.4,2,6,0.333,7,7,1.0,0,0,0,10,0,0,2,1,17,-6,0,2006-07,Regular Season,959,Steve Nash
22006,959,0020600039,2006-11-04,PHX @ LAC,L,38,10,16,0.625,3,6,0.5,5,7,0.714,2,2,4,13,1,0,2,4,28,6,0,2006-07,Regular Season,959,Steve Nash
22006,959,0020600064,2006-11-08,PHX @ SAS,L,35,9,14,0.643,2,5,0.4,0,0,0.0,0,2,2,11,1,0,3,3,20,-18,0,2006-07,Regular Season,959,Steve Nash
22006,959,0020600070,2006-11-09,PHX vs. DAL,L,37,8,18,0.444,3,4,0.75,1,1,1.0,0,1,1,9,2,0,10,5,20,0,0,2006-07,Regular Season,959,Steve Nash
22006,959,0020600088,2006-11-11,PHX vs. MEM,W,34,4,13,0.308,1,7,0.143,2,2,1.0,3,3,6,9,1,1,2,4,11,41,0,2006-07,Regular Season,959,Steve Nash
22006,959,0020600150,2006-11-20,PHX @ GSW,W,36,8,14,0.571,2,4,0.5,1,2,0.5,0,4,4,15,1,0,1,2,19,27,0,2006-07,Regular Season,959,Steve Nash
22006,959,0020600166,2006-11-22,PHX vs. NOK,W,39,8,17,0.471,2,5,0.4,6,6,1.0,0,5,5,7,0,0,3,2,24,18,0,2006-07,Regular Season,959,Steve Nash
22006,959,0020600182,2006-11-24,PHX vs. NJN,W,41,9,16,0.563,2,7,0.286,6,7,0.857,0,2,2,13,0,0,5,3,26,11,0,2006-07,Regular Season,959,Steve Nash
22006,959,0020600197,2006-11-26,PHX @ POR,W,35,9,19,0.474,2,5,0.4,3,3,1.0,0,1,1,10,1,0,4,2,23,27,0,2006-07,Regular Season,959,Steve Nash
22006,959,0020600218,2006-11-29,PHX vs. HOU,W,39,5,14,0.357,3,5,0.6,4,4,1.0,0,3,3,8,0,0,3,1,17,11,0,2006-07,Regular Season,959,Steve Nash
22006,959,0020600231,2006-12-01,PHX vs. MIL,W,38,8,11,0.727,4,4,1.0,7,8,0.875,0,2,2,11,1,0,4,2,27,11,0,2006-07,Regular Season,959,Steve Nash
22006,959,0020600258,2006-12-05,PHX vs. SAC,W,33,4,8,0.5,3,4,0.75,0,0,0.0,1,3,4,20,2,0,3,1,11,18,0,2006-07,Regular Season,959,Steve Nash
22006,959,0020600271,2006-12-07,PHX @ NJN,W,49,16,25,0.64,6,7,0.857,4,5,0.8,1,5,6,13,1,0,3,3,42,6,0,2006-07,Regular Season,959,Steve Nash
22006,959,0020600277,2006-12-08,PHX @ BOS,W,36,6,8,0.75,1,3,0.333,3,3,1.0,0,5,5,14,1,0,6,0,16,5,0,2006-07,Regular Season,959,Steve Nash
22006,959,0020600296,2006-12-10,PHX @ CHA,W,27,5,13,0.385,0,3,0.0,1,1,1.0,0,0,0,10,2,0,1,1,11,10,0,2006-07,Regular Season,959,Steve Nash
22006,959,0020600301,2006-12-11,PHX @ ORL,W,37,6,10,0.6,1,3,0.333,5,5,1.0,1,4,5,15,1,0,4,2,18,18,0,2006-07,Regular Season,959,Steve Nash
22006,959,0020600316,2006-12-13,PHX @ MIA,W,35,5,9,0.556,2,4,0.5,6,6,1.0,0,3,3,11,1,0,4,1,18,-2,0,2006-07,Regular Season,959,Steve Nash
22006,959,0020600338,2006-12-15,PHX vs. GSW,W,37,6,13,0.462,4,8,0.5,0,0,0.0,2,3,5,5,1,0,5,0,16,-9,0,2006-07,Regular Season,959,Steve Nash
22006,959,0020600350,2006-12-16,PHX @ SAC,W,37,7,15,0.467,2,5,0.4,0,0,0.0,1,4,5,12,1,0,5,2,16,6,0,2006-07,Regular Season,959,Steve Nash
22006,959,0020600363,2006-12-19,PHX vs. TOR,W,29,3,9,0.333,3,4,0.75,1,2,0.5,0,5,5,15,2,0,3,2,10,27,0,2006-07,Regular Season,959,Steve Nash
22006,959,0020600391,2006-12-22,PHX vs. WAS,L,42,14,25,0.56,7,15,0.467,7,9,0.778,0,3,3,12,0,0,5,2,42,-9,0,2006-07,Regular Season,959,Steve Nash
22006,959,0020600412,2006-12-26,PHX vs. POR,W,28,4,10,0.4,1,1,1.0,0,0,0.0,0,2,2,5,1,0,4,0,9,18,0,2006-07,Regular Season,959,Steve Nash
22006,959,0020600426,2006-12-28,PHX @ DAL,L,37,10,14,0.714,3,4,0.75,1,2,0.5,0,4,4,13,0,0,3,1,24,0,0,2006-07,Regular Season,959,Steve Nash
22006,959,0020600438,2006-12-29,PHX vs. NYK,W,35,7,12,0.583,5,7,0.714,1,1,1.0,0,1,1,9,0,0,6,2,20,17,0,2006-07,Regular Season,959,Steve Nash
22006,959,0020600453,2006-12-31,PHX @ DET,W,40,12,19,0.632,6,11,0.545,5,5,1.0,0,4,4,12,1,0,3,1,35,13,0,2006-07,Regular Season,959,Steve Nash
22006,959,0020600463,2007-01-02,PHX @ CHI,W,37,4,9,0.444,1,2,0.5,2,3,0.667,0,2,2,13,0,0,2,2,11,8,0,2006-07,Regular Season,959,Steve Nash
22006,959,0020600467,2007-01-03,PHX @ TOR,W,36,5,13,0.385,2,7,0.286,3,3,1.0,1,3,4,9,1,0,7,2,15,5,0,2006-07,Regular Season,959,Steve Nash
22006,959,0020600488,2007-01-05,PHX vs. MIA,W,32,8,14,0.571,4,6,0.667,2,2,1.0,0,5,5,4,0,0,0,1,22,12,0,2006-07,Regular Season,959,Steve Nash
22006,959,0020600502,2007-01-07,PHX vs. GSW,W,30,6,14,0.429,2,7,0.286,0,0,0.0,0,2,2,10,1,0,6,3,14,13,0,2006-07,Regular Season,959,Steve Nash
22006,959,0020600514,2007-01-09,PHX vs. SEA,W,36,11,15,0.733,5,7,0.714,0,0,0.0,0,3,3,11,1,0,5,0,27,0,0,2006-07,Regular Season,959,Steve Nash
22006,959,0020600529,2007-01-11,PHX vs. CLE,W,30,2,7,0.286,0,1,0.0,0,0,0.0,0,4,4,21,1,0,1,2,4,21,0,2006-07,Regular Season,959,Steve Nash
22006,959,0020600549,2007-01-13,PHX vs. ORL,W,37,8,15,0.533,2,7,0.286,5,7,0.714,1,4,5,8,0,0,3,1,23,14,0,2006-07,Regular Season,959,Steve Nash
22006,959,0020600563,2007-01-15,PHX @ MEM,W,34,5,10,0.5,2,6,0.333,0,0,0.0,1,0,1,15,0,1,3,0,12,11,0,2006-07,Regular Season,959,Steve Nash
22006,959,0020600575,2007-01-17,PHX @ HOU,W,37,8,10,0.8,3,5,0.6,2,2,1.0,2,2,4,14,1,0,6,2,21,11,0,2006-07,Regular Season,959,Steve Nash
22006,959,0020600589,2007-01-19,PHX vs. POR,W,35,4,8,0.5,0,2,0.0,5,5,1.0,0,1,1,15,1,0,0,1,13,10,0,2006-07,Regular Season,959,Steve Nash
22006,959,0020600604,2007-01-21,PHX vs. MIN,W,27,6,12,0.5,2,4,0.5,2,2,1.0,0,3,3,11,1,0,0,0,16,37,0,2006-07,Regular Season,959,Steve Nash
22006,959,0020600616,2007-01-23,PHX @ WAS,W,35,11,13,0.846,3,4,0.75,2,2,1.0,0,3,3,14,0,0,5,1,27,17,0,2006-07,Regular Season,959,Steve Nash
22006,959,0020600626,2007-01-24,PHX @ NYK,W,35,7,15,0.467,3,6,0.5,5,8,0.625,0,5,5,14,1,0,6,2,22,13,0,2006-07,Regular Season,959,Steve Nash
22006,959,0020600641,2007-01-26,PHX @ MIL,W,35,7,14,0.5,2,3,0.667,2,2,1.0,3,3,6,16,0,0,8,2,18,12,0,2006-07,Regular Season,959,Steve Nash
22006,959,0020600655,2007-01-28,PHX @ CLE,W,35,10,17,0.588,3,6,0.5,0,0,0.0,1,2,3,15,0,0,0,2,23,13,0,2006-07,Regular Season,959,Steve Nash
22006,959,0020600664,2007-01-29,PHX @ MIN,L,36,7,14,0.5,3,8,0.375,3,3,1.0,1,4,5,18,0,0,5,1,20,5,0,2006-07,Regular Season,959,Steve Nash
22006,959,0020600688,2007-02-01,PHX vs. SAS,W,38,5,11,0.455,0,2,0.0,3,3,1.0,1,4,5,11,1,0,4,2,13,17,0,2006-07,Regular Season,959,Steve Nash
22006,959,0020600706,2007-02-03,PHX vs. UTA,L,37,8,14,0.571,4,8,0.5,2,2,1.0,0,3,3,10,1,0,5,1,22,4,0,2006-07,Regular Season,959,Steve Nash
22006,959,0020600373,2007-02-05,PHX @ DEN,W,17,3,5,0.6,1,3,0.333,2,2,1.0,0,3,3,7,0,0,1,0,9,-8,0,2006-07,Regular Season,959,Steve Nash
22006,959,0020600799,2007-02-20,PHX @ LAC,W,27,5,11,0.455,0,1,0.0,3,4,0.75,0,2,2,12,1,1,4,0,13,21,0,2006-07,Regular Season,959,Steve Nash
22006,959,0020600808,2007-02-21,PHX vs. BOS,W,34,5,11,0.455,0,2,0.0,4,4,1.0,0,1,1,13,1,0,7,1,14,12,0,2006-07,Regular Season,959,Steve Nash
22006,959,0020600822,2007-02-23,PHX @ MIN,W,37,1,7,0.143,0,2,0.0,7,7,1.0,1,5,6,15,1,0,4,1,9,4,0,2006-07,Regular Season,959,Steve Nash
22006,959,0020600833,2007-02-25,PHX @ ATL,W,40,5,11,0.455,0,1,0.0,4,6,0.667,0,3,3,13,2,0,4,2,14,18,0,2006-07,Regular Season,959,Steve Nash
22006,959,0020600851,2007-02-27,PHX @ IND,W,37,11,18,0.611,2,4,0.5,1,1,1.0,0,4,4,11,1,0,4,2,25,-3,0,2006-07,Regular Season,959,Steve Nash
22006,959,0020600855,2007-02-28,PHX @ PHI,L,40,9,14,0.643,3,4,0.75,2,2,1.0,0,5,5,9,0,1,3,0,23,5,0,2006-07,Regular Season,959,Steve Nash
22006,959,0020600877,2007-03-02,PHX vs. IND,W,32,8,10,0.8,2,3,0.667,5,5,1.0,1,1,2,7,0,0,4,0,23,11,0,2006-07,Regular Season,959,Steve Nash
22006,959,0020600890,2007-03-04,PHX vs. LAL,W,36,9,21,0.429,1,4,0.25,4,5,0.8,0,2,2,10,1,0,4,2,23,1,0,2006-07,Regular Season,959,Steve Nash
22006,959,0020600915,2007-03-07,PHX vs. CHA,W,42,8,14,0.571,2,4,0.5,6,6,1.0,1,5,6,11,2,0,4,2,24,13,0,2006-07,Regular Season,959,Steve Nash
22006,959,0020600925,2007-03-09,PHX vs. NOK,W,36,6,14,0.429,2,8,0.25,1,1,1.0,0,2,2,10,1,0,4,2,15,3,0,2006-07,Regular Season,959,Steve Nash
22006,959,0020600946,2007-03-12,PHX vs. HOU,W,34,4,7,0.571,1,1,1.0,1,2,0.5,0,3,3,8,0,0,3,0,10,6,0,2006-07,Regular Season,959,Steve Nash
22006,959,0020600965,2007-03-14,PHX @ DAL,W,48,11,25,0.44,2,6,0.333,8,8,1.0,1,7,8,16,1,0,5,2,32,6,0,2006-07,Regular Season,959,Steve Nash
22006,959,0020600976,2007-03-16,PHX vs. DET,L,31,8,9,0.889,1,1,1.0,3,3,1.0,0,1,1,6,1,0,4,2,20,-7,0,2006-07,Regular Season,959,Steve Nash
22006,959,0020600986,2007-03-17,PHX @ DEN,L,34,6,11,0.545,0,2,0.0,3,3,1.0,1,4,5,10,1,0,5,2,15,-26,0,2006-07,Regular Season,959,Steve Nash
22006,959,0020601005,2007-03-20,PHX vs. MIN,W,33,7,12,0.583,4,5,0.8,0,2,0.0,0,5,5,11,1,0,2,1,18,4,0,2006-07,Regular Season,959,Steve Nash
22006,959,0020601019,2007-03-22,PHX vs. SAC,W,32,8,13,0.615,0,3,0.0,1,1,1.0,0,6,6,16,0,0,7,3,17,17,0,2006-07,Regular Season,959,Steve Nash
22006,959,0020601041,2007-03-25,PHX @ SAC,L,36,6,14,0.429,2,5,0.4,4,4,1.0,1,4,5,9,2,0,7,4,18,-4,0,2006-07,Regular Season,959,Steve Nash
22006,959,0020601052,2007-03-26,PHX vs. MEM,W,31,3,7,0.429,2,3,0.667,3,3,1.0,0,1,1,9,0,0,4,0,11,9,0,2006-07,Regular Season,959,Steve Nash
22006,959,0020601071,2007-03-29,PHX @ GSW,L,26,7,14,0.5,0,4,0.0,0,0,0.0,0,2,2,9,1,0,3,1,14,-25,0,2006-07,Regular Season,959,Steve Nash
22006,959,0020601080,2007-03-30,PHX vs. DEN,W,36,7,12,0.583,2,2,1.0,2,2,1.0,1,3,4,11,0,2,5,3,18,15,0,2006-07,Regular Season,959,Steve Nash
22006,959,0020601092,2007-04-01,PHX vs. DAL,W,36,7,11,0.636,2,3,0.667,7,7,1.0,0,3,3,11,3,0,5,3,23,23,0,2006-07,Regular Season,959,Steve Nash
22006,959,0020601103,2007-04-03,PHX @ MEM,W,39,4,4,1.0,3,3,1.0,4,4,1.0,0,6,6,17,0,0,3,1,15,8,0,2006-07,Regular Season,959,Steve Nash
22006,959,0020601120,2007-04-05,PHX @ SAS,L,38,6,14,0.429,1,3,0.333,7,8,0.875,0,4,4,7,0,0,6,5,20,-8,0,2006-07,Regular Season,959,Steve Nash
22006,959,0020601128,2007-04-06,PHX @ NOK,W,36,6,10,0.6,1,5,0.2,2,3,0.667,0,8,8,12,0,0,2,1,15,1,0,2006-07,Regular Season,959,Steve Nash
22006,959,0020601144,2007-04-08,PHX @ LAL,W,38,8,17,0.471,3,9,0.333,6,6,1.0,1,4,5,11,1,0,3,2,25,11,0,2006-07,Regular Season,959,Steve Nash
22006,959,0020601171,2007-04-11,PHX vs. SEA,W,30,5,11,0.455,1,5,0.2,0,0,0.0,0,2,2,9,1,0,4,0,11,-5,0,2006-07,Regular Season,959,Steve Nash
22006,959,0020601185,2007-04-13,PHX vs. LAL,W,37,10,16,0.625,1,3,0.333,5,5,1.0,0,3,3,14,0,0,1,0,26,12,0,2006-07,Regular Season,959,Steve Nash
22006,959,0020601192,2007-04-14,PHX @ UTA,W,36,3,7,0.429,0,2,0.0,7,7,1.0,0,3,3,18,1,0,0,0,13,34,0,2006-07,Regular Season,959,Steve Nash
22006,959,0020601207,2007-04-16,PHX @ HOU,L,34,7,14,0.5,1,3,0.333,0,0,0.0,0,5,5,15,0,0,4,1,15,-6,0,2006-07,Regular Season,959,Steve Nash
22006,959,0020601215,2007-04-17,PHX vs. LAC,L,33,2,6,0.333,0,3,0.0,2,2,1.0,0,4,4,12,1,0,3,0,6,-9,0,2006-07,Regular Season,959,Steve Nash
42006,959,0040600151,2007-04-22,PHX vs. LAL,W,41,7,17,0.412,2,4,0.5,4,4,1.0,1,0,1,10,0,0,3,1,20,7,0,2006-07,Playoffs,959,Steve Nash
42006,959,0040600152,2007-04-24,PHX vs. LAL,W,25,7,11,0.636,2,4,0.5,0,0,0.0,0,5,5,14,0,0,3,2,16,19,0,2006-07,Playoffs,959,Steve Nash
42006,959,0040600153,2007-04-26,PHX @ LAL,L,37,4,9,0.444,1,2,0.5,1,1,1.0,0,4,4,13,0,0,5,2,10,-1,0,2006-07,Playoffs,959,Steve Nash
42006,959,0040600154,2007-04-29,PHX @ LAL,W,39,6,15,0.4,1,2,0.5,4,4,1.0,1,0,1,23,2,1,3,3,17,18,0,2006-07,Playoffs,959,Steve Nash
42006,959,0040600155,2007-05-02,PHX vs. LAL,W,38,5,15,0.333,0,2,0.0,7,8,0.875,0,2,2,10,0,0,7,1,17,3,0,2006-07,Playoffs,959,Steve Nash
42006,959,0040600231,2007-05-06,PHX vs. SAS,L,33,11,18,0.611,2,4,0.5,7,7,1.0,0,3,3,8,0,0,3,2,31,-11,0,2006-07,Playoffs,959,Steve Nash
42006,959,0040600232,2007-05-08,PHX vs. SAS,W,36,7,17,0.412,1,2,0.5,5,5,1.0,0,1,1,16,0,0,3,0,20,13,0,2006-07,Playoffs,959,Steve Nash
42006,959,0040600233,2007-05-12,PHX @ SAS,L,39,6,17,0.353,2,5,0.4,2,3,0.667,0,8,8,11,0,0,5,3,16,2,0,2006-07,Playoffs,959,Steve Nash
42006,959,0040600234,2007-05-14,PHX @ SAS,W,41,8,12,0.667,2,3,0.667,6,8,0.75,0,2,2,15,0,0,8,2,24,10,0,2006-07,Playoffs,959,Steve Nash
42006,959,0040600235,2007-05-16,PHX vs. SAS,L,46,6,19,0.316,3,7,0.429,4,4,1.0,1,1,2,12,1,0,3,2,19,-3,0,2006-07,Playoffs,959,Steve Nash
42006,959,0040600236,2007-05-18,PHX @ SAS,L,38,7,10,0.7,3,4,0.75,1,2,0.5,1,5,6,14,1,0,5,3,18,1,0,2006-07,Playoffs,959,Steve Nash
22006,1717,0020600016,2006-11-02,DAL vs. SAS,L,33,9,20,0.45,2,4,0.5,1,2,0.5,2,9,11,1,1,1,1,5,21,-4,0,2006-07,Regular Season,1717,Dirk Nowitzki
22006,1717,0020600036,2006-11-04,DAL @ HOU,L,35,10,18,0.556,1,1,1.0,3,3,1.0,1,3,4,1,0,0,2,2,24,-26,0,2006-07,Regular Season,1717,Dirk Nowitzki
22006,1717,0020600048,2006-11-06,DAL vs. GSW,L,43,7,10,0.7,1,1,1.0,11,12,0.917,1,10,11,6,1,0,3,2,26,2,0,2006-07,Regular Season,1717,Dirk Nowitzki
22006,1717,0020600067,2006-11-08,DAL @ LAC,L,42,7,20,0.35,0,4,0.0,5,7,0.714,1,11,12,4,0,2,3,2,19,-16,0,2006-07,Regular Season,1717,Dirk Nowitzki
22006,1717,0020600070,2006-11-09,DAL @ PHX,W,43,11,19,0.579,1,2,0.5,12,12,1.0,0,7,7,4,1,0,4,3,35,8,0,2006-07,Regular Season,1717,Dirk Nowitzki
22006,1717,0020600095,2006-11-12,DAL @ POR,W,39,8,16,0.5,2,3,0.667,8,9,0.889,1,9,10,3,0,1,0,2,26,7,0,2006-07,Regular Season,1717,Dirk Nowitzki
22006,1717,0020600105,2006-11-14,DAL vs. CHI,W,38,10,19,0.526,0,2,0.0,11,11,1.0,0,10,10,1,0,1,2,2,31,15,0,2006-07,Regular Season,1717,Dirk Nowitzki
22006,1717,0020600124,2006-11-17,DAL @ MEM,W,37,7,18,0.389,2,6,0.333,10,12,0.833,1,9,10,5,1,2,0,3,26,22,0,2006-07,Regular Season,1717,Dirk Nowitzki
22006,1717,0020600137,2006-11-18,DAL vs. MEM,W,35,7,15,0.467,0,2,0.0,10,10,1.0,1,12,13,2,0,0,5,4,24,1,0,2006-07,Regular Season,1717,Dirk Nowitzki
22006,1717,0020600144,2006-11-20,DAL @ CHA,W,40,7,14,0.5,0,1,0.0,10,12,0.833,2,12,14,4,0,2,1,3,24,14,0,2006-07,Regular Season,1717,Dirk Nowitzki
22006,1717,0020600155,2006-11-21,DAL vs. WAS,W,38,11,19,0.579,2,4,0.5,6,6,1.0,5,9,14,5,1,2,3,1,30,19,0,2006-07,Regular Season,1717,Dirk Nowitzki
22006,1717,0020600179,2006-11-24,DAL @ SAS,W,38,12,23,0.522,1,2,0.5,6,6,1.0,0,10,10,3,1,0,1,3,31,8,0,2006-07,Regular Season,1717,Dirk Nowitzki
22006,1717,0020600191,2006-11-25,DAL vs. NOK,W,30,10,13,0.769,1,1,1.0,7,8,0.875,1,8,9,1,1,2,3,4,28,20,0,2006-07,Regular Season,1717,Dirk Nowitzki
22006,1717,0020600201,2006-11-27,DAL vs. MIN,W,37,2,8,0.25,0,1,0.0,11,11,1.0,0,5,5,3,1,2,3,1,15,5,0,2006-07,Regular Season,1717,Dirk Nowitzki
22006,1717,0020600216,2006-11-29,DAL vs. TOR,W,10,3,4,0.75,0,0,0.0,0,0,0.0,0,6,6,1,0,0,0,0,6,14,0,2006-07,Regular Season,1717,Dirk Nowitzki
22006,1717,0020600230,2006-12-01,DAL vs. SAC,W,28,4,15,0.267,0,0,0.0,10,10,1.0,0,10,10,2,1,0,2,3,18,16,0,2006-07,Regular Season,1717,Dirk Nowitzki
22006,1717,0020600248,2006-12-04,DAL @ WAS,L,37,8,20,0.4,4,5,0.8,7,8,0.875,5,4,9,3,1,0,2,0,27,-16,0,2006-07,Regular Season,1717,Dirk Nowitzki
22006,1717,0020600255,2006-12-05,DAL @ NJN,W,40,8,19,0.421,0,1,0.0,10,12,0.833,2,11,13,4,0,1,2,4,26,11,0,2006-07,Regular Season,1717,Dirk Nowitzki
22006,1717,0020600272,2006-12-07,DAL vs. DET,L,39,9,15,0.6,1,2,0.5,10,10,1.0,1,8,9,3,2,1,4,2,29,-7,0,2006-07,Regular Season,1717,Dirk Nowitzki
22006,1717,0020600293,2006-12-09,DAL vs. DEN,W,45,8,15,0.533,0,1,0.0,9,10,0.9,1,8,9,5,1,0,5,4,25,14,0,2006-07,Regular Season,1717,Dirk Nowitzki
22006,1717,0020600307,2006-12-11,DAL @ UTA,L,36,9,19,0.474,1,4,0.25,7,10,0.7,3,7,10,1,0,2,5,1,26,-20,0,2006-07,Regular Season,1717,Dirk Nowitzki
22006,1717,0020600324,2006-12-13,DAL vs. LAL,W,40,8,14,0.571,0,1,0.0,7,10,0.7,3,11,14,8,2,1,3,2,23,19,0,2006-07,Regular Season,1717,Dirk Nowitzki
22006,1717,0020600335,2006-12-15,DAL vs. PHI,W,38,5,14,0.357,0,0,0.0,3,3,1.0,1,1,2,5,0,0,3,0,13,17,0,2006-07,Regular Season,1717,Dirk Nowitzki
22006,1717,0020600347,2006-12-16,DAL @ NOK,W,42,9,20,0.45,1,2,0.5,1,2,0.5,2,8,10,5,0,0,2,1,20,8,0,2006-07,Regular Season,1717,Dirk Nowitzki
22006,1717,0020600361,2006-12-18,DAL @ SAC,W,37,12,17,0.706,1,3,0.333,4,5,0.8,1,12,13,2,1,1,2,2,29,20,0,2006-07,Regular Season,1717,Dirk Nowitzki
22006,1717,0020600376,2006-12-20,DAL @ SEA,W,10,2,6,0.333,0,1,0.0,2,2,1.0,0,3,3,2,0,0,1,1,6,-6,0,2006-07,Regular Season,1717,Dirk Nowitzki
22006,1717,0020600388,2006-12-22,DAL vs. LAC,W,27,7,15,0.467,3,5,0.6,3,3,1.0,2,10,12,4,1,0,2,1,20,19,0,2006-07,Regular Season,1717,Dirk Nowitzki
22006,1717,0020600409,2006-12-26,DAL vs. CHA,W,36,9,15,0.6,0,1,0.0,5,5,1.0,1,6,7,0,1,0,1,3,23,13,0,2006-07,Regular Season,1717,Dirk Nowitzki
22006,1717,0020600426,2006-12-28,DAL vs. PHX,W,40,8,20,0.4,1,1,1.0,10,11,0.909,3,7,10,3,1,0,2,2,27,0,0,2006-07,Regular Season,1717,Dirk Nowitzki
22006,1717,0020600448,2006-12-30,DAL vs. NOK,W,32,6,14,0.429,0,2,0.0,5,5,1.0,0,4,4,4,0,1,3,3,17,24,0,2006-07,Regular Season,1717,Dirk Nowitzki
22006,1717,0020600464,2007-01-02,DAL vs. SEA,W,35,10,18,0.556,1,2,0.5,10,11,0.909,6,9,15,2,0,0,0,0,31,38,0,2006-07,Regular Season,1717,Dirk Nowitzki
22006,1717,0020600477,2007-01-04,DAL vs. IND,W,35,8,17,0.471,0,1,0.0,4,4,1.0,1,6,7,3,0,1,1,1,20,16,0,2006-07,Regular Season,1717,Dirk Nowitzki
22006,1717,0020600484,2007-01-05,DAL @ SAS,W,41,14,23,0.609,2,4,0.5,6,6,1.0,0,8,8,2,2,0,4,5,36,8,0,2006-07,Regular Season,1717,Dirk Nowitzki
22006,1717,0020600504,2007-01-07,DAL @ LAL,L,39,10,24,0.417,1,4,0.25,8,8,1.0,1,12,13,3,1,1,2,3,29,-5,0,2006-07,Regular Season,1717,Dirk Nowitzki
22006,1717,0020600513,2007-01-09,DAL @ UTA,W,40,12,18,0.667,1,1,1.0,13,15,0.867,0,7,7,2,1,0,3,4,38,8,0,2006-07,Regular Season,1717,Dirk Nowitzki
22006,1717,0020600524,2007-01-10,DAL vs. POR,W,25,3,6,0.5,0,0,0.0,5,6,0.833,2,2,4,5,1,0,2,0,11,26,0,2006-07,Regular Season,1717,Dirk Nowitzki
22006,1717,0020600531,2007-01-12,DAL @ IND,W,45,13,24,0.542,2,4,0.5,15,18,0.833,3,9,12,2,0,0,3,1,43,18,0,2006-07,Regular Season,1717,Dirk Nowitzki
22006,1717,0020600552,2007-01-14,DAL @ TOR,W,46,14,30,0.467,3,6,0.5,7,9,0.778,2,9,11,5,2,3,1,1,38,7,0,2006-07,Regular Season,1717,Dirk Nowitzki
22006,1717,0020600566,2007-01-16,DAL vs. HOU,W,39,9,19,0.474,2,4,0.5,10,10,1.0,1,9,10,6,1,0,1,0,30,12,0,2006-07,Regular Season,1717,Dirk Nowitzki
22006,1717,0020600580,2007-01-18,DAL vs. LAL,W,37,11,18,0.611,2,3,0.667,3,3,1.0,3,7,10,3,1,1,2,0,27,20,0,2006-07,Regular Season,1717,Dirk Nowitzki
22006,1717,0020600602,2007-01-21,DAL @ MIA,W,41,10,23,0.435,0,1,0.0,2,3,0.667,3,8,11,1,0,1,1,2,22,6,0,2006-07,Regular Season,1717,Dirk Nowitzki
22006,1717,0020600617,2007-01-23,DAL @ ORL,W,39,12,17,0.706,0,1,0.0,9,10,0.9,0,10,10,8,0,0,1,3,33,31,0,2006-07,Regular Season,1717,Dirk Nowitzki
22006,1717,0020600632,2007-01-25,DAL @ CHI,L,40,7,22,0.318,2,4,0.5,12,13,0.923,5,6,11,1,0,2,1,2,28,-18,0,2006-07,Regular Season,1717,Dirk Nowitzki
22006,1717,0020600651,2007-01-27,DAL vs. SAC,W,39,11,18,0.611,2,3,0.667,8,8,1.0,2,9,11,5,0,0,1,3,32,8,0,2006-07,Regular Season,1717,Dirk Nowitzki
22006,1717,0020600673,2007-01-30,DAL vs. SEA,W,30,3,12,0.25,0,0,0.0,9,10,0.9,1,5,6,1,1,1,1,1,15,16,0,2006-07,Regular Season,1717,Dirk Nowitzki
22006,1717,0020600680,2007-01-31,DAL @ MEM,W,35,8,20,0.4,0,1,0.0,10,10,1.0,0,11,11,1,0,2,3,3,26,-1,0,2006-07,Regular Season,1717,Dirk Nowitzki
22006,1717,0020600705,2007-02-03,DAL vs. MIN,W,35,5,14,0.357,1,4,0.25,7,7,1.0,0,5,5,2,0,1,0,1,18,2,0,2006-07,Regular Season,1717,Dirk Nowitzki
22006,1717,0020600733,2007-02-07,DAL vs. MEM,W,38,14,20,0.7,2,2,1.0,8,9,0.889,4,6,10,6,3,4,0,3,38,14,0,2006-07,Regular Season,1717,Dirk Nowitzki
22006,1717,0020600746,2007-02-09,DAL vs. HOU,W,33,7,14,0.5,0,1,0.0,1,2,0.5,0,8,8,2,2,0,2,4,15,11,0,2006-07,Regular Season,1717,Dirk Nowitzki
22006,1717,0020600761,2007-02-11,DAL @ PHI,W,39,9,18,0.5,1,3,0.333,5,7,0.714,2,9,11,7,3,0,1,2,24,20,0,2006-07,Regular Season,1717,Dirk Nowitzki
22006,1717,0020600770,2007-02-13,DAL @ MIL,W,43,15,28,0.536,2,6,0.333,6,6,1.0,3,8,11,8,2,0,2,3,38,12,0,2006-07,Regular Season,1717,Dirk Nowitzki
22006,1717,0020600788,2007-02-15,DAL @ HOU,W,41,12,22,0.545,2,2,1.0,0,0,0.0,0,8,8,1,1,2,3,3,26,8,0,2006-07,Regular Season,1717,Dirk Nowitzki
22006,1717,0020600813,2007-02-22,DAL vs. MIA,W,38,11,17,0.647,0,1,0.0,9,9,1.0,3,8,11,6,1,2,3,2,31,11,0,2006-07,Regular Season,1717,Dirk Nowitzki
22006,1717,0020600830,2007-02-24,DAL vs. DEN,W,34,10,22,0.455,1,2,0.5,10,10,1.0,2,9,11,8,0,1,4,2,31,3,0,2006-07,Regular Season,1717,Dirk Nowitzki
22006,1717,0020600846,2007-02-26,DAL vs. ATL,W,37,10,17,0.588,1,1,1.0,6,6,1.0,2,6,8,0,1,3,1,3,27,19,0,2006-07,Regular Season,1717,Dirk Nowitzki
22006,1717,0020600854,2007-02-27,DAL @ MIN,W,38,10,18,0.556,2,5,0.4,1,1,1.0,5,9,14,3,0,1,2,1,23,21,0,2006-07,Regular Season,1717,Dirk Nowitzki
22006,1717,0020600865,2007-03-01,DAL vs. CLE,W,39,9,19,0.474,0,1,0.0,6,6,1.0,2,9,11,7,0,0,2,3,24,3,0,2006-07,Regular Season,1717,Dirk Nowitzki
22006,1717,0020600884,2007-03-03,DAL vs. ORL,W,37,10,18,0.556,2,3,0.667,2,3,0.667,1,8,9,7,1,2,1,1,24,7,0,2006-07,Regular Season,1717,Dirk Nowitzki
22006,1717,0020600903,2007-03-06,DAL vs. NJN,W,40,8,17,0.471,0,1,0.0,6,6,1.0,3,8,11,5,0,2,4,2,22,26,0,2006-07,Regular Season,1717,Dirk Nowitzki
22006,1717,0020600941,2007-03-11,DAL @ LAL,W,29,6,13,0.462,0,0,0.0,7,7,1.0,1,4,5,2,1,1,2,1,19,14,0,2006-07,Regular Season,1717,Dirk Nowitzki
22006,1717,0020600947,2007-03-12,DAL @ GSW,L,28,3,11,0.273,0,1,0.0,7,9,0.778,3,6,9,4,1,0,7,4,13,-26,0,2006-07,Regular Season,1717,Dirk Nowitzki
22006,1717,0020600965,2007-03-14,DAL vs. PHX,L,57,11,28,0.393,0,2,0.0,8,12,0.667,4,12,16,6,0,1,3,2,30,2,0,2006-07,Regular Season,1717,Dirk Nowitzki
22006,1717,0020600975,2007-03-16,DAL vs. BOS,W,37,9,18,0.5,0,2,0.0,12,13,0.923,3,9,12,4,0,2,2,4,30,13,0,2006-07,Regular Season,1717,Dirk Nowitzki
22006,1717,0020600989,2007-03-18,DAL @ DET,W,43,11,20,0.55,2,3,0.667,4,5,0.8,2,10,12,2,0,1,2,3,28,15,0,2006-07,Regular Season,1717,Dirk Nowitzki
22006,1717,0020600999,2007-03-20,DAL @ NYK,W,35,10,15,0.667,1,1,1.0,3,3,1.0,1,4,5,1,0,1,2,3,24,16,0,2006-07,Regular Season,1717,Dirk Nowitzki
22006,1717,0020601010,2007-03-21,DAL @ CLE,W,44,9,24,0.375,2,7,0.286,3,3,1.0,0,9,9,6,1,1,4,3,23,2,0,2006-07,Regular Season,1717,Dirk Nowitzki
22006,1717,0020601024,2007-03-23,DAL @ BOS,W,29,8,15,0.533,2,3,0.667,2,2,1.0,0,4,4,3,0,0,0,2,20,27,0,2006-07,Regular Season,1717,Dirk Nowitzki
22006,1717,0020601036,2007-03-25,DAL @ ATL,W,41,10,17,0.588,1,2,0.5,7,8,0.875,1,3,4,2,0,0,1,4,28,16,0,2006-07,Regular Season,1717,Dirk Nowitzki
22006,1717,0020601055,2007-03-27,DAL @ NOK,W,23,7,9,0.778,0,0,0.0,1,2,0.5,0,3,3,1,1,0,3,3,15,7,0,2006-07,Regular Season,1717,Dirk Nowitzki
22006,1717,0020601065,2007-03-28,DAL vs. MIL,W,16,6,10,0.6,2,3,0.667,3,3,1.0,1,4,5,1,0,1,0,0,17,-2,0,2006-07,Regular Season,1717,Dirk Nowitzki
22006,1717,0020601079,2007-03-30,DAL vs. NYK,W,33,10,21,0.476,2,4,0.5,8,8,1.0,1,2,3,2,1,0,2,2,30,2,0,2006-07,Regular Season,1717,Dirk Nowitzki
22006,1717,0020601092,2007-04-01,DAL @ PHX,L,39,6,18,0.333,0,3,0.0,9,9,1.0,4,2,6,6,0,0,1,3,21,-19,0,2006-07,Regular Season,1717,Dirk Nowitzki
22006,1717,0020601132,2007-04-06,DAL @ DEN,L,36,9,23,0.391,1,4,0.25,3,3,1.0,0,11,11,4,0,1,6,3,22,-1,0,2006-07,Regular Season,1717,Dirk Nowitzki
22006,1717,0020601140,2007-04-07,DAL vs. POR,W,26,4,10,0.4,0,0,0.0,3,4,0.75,0,4,4,2,0,1,3,1,11,-7,0,2006-07,Regular Season,1717,Dirk Nowitzki
22006,1717,0020601153,2007-04-09,DAL vs. LAC,W,40,10,18,0.556,0,1,0.0,6,7,0.857,1,5,6,1,1,0,3,0,26,5,0,2006-07,Regular Season,1717,Dirk Nowitzki
22006,1717,0020601183,2007-04-13,DAL vs. UTA,L,30,9,12,0.75,1,1,1.0,4,4,1.0,0,4,4,0,1,0,2,2,23,-5,0,2006-07,Regular Season,1717,Dirk Nowitzki
22006,1717,0020601194,2007-04-15,DAL vs. SAS,W,37,10,21,0.476,1,1,1.0,0,0,0.0,2,2,4,4,2,0,2,3,21,2,0,2006-07,Regular Season,1717,Dirk Nowitzki
22006,1717,0020601229,2007-04-18,DAL @ SEA,W,25,7,11,0.636,0,1,0.0,6,6,1.0,0,5,5,5,0,0,0,3,20,18,0,2006-07,Regular Season,1717,Dirk Nowitzki
42006,1717,0040600141,2007-04-22,DAL vs. GSW,L,39,4,16,0.25,0,2,0.0,6,8,0.75,5,7,12,4,2,3,2,2,14,-17,0,2006-07,Playoffs,1717,Dirk Nowitzki
42006,1717,0040600142,2007-04-25,DAL vs. GSW,W,36,7,15,0.467,0,2,0.0,9,11,0.818,2,5,7,0,1,2,0,2,23,13,0,2006-07,Playoffs,1717,Dirk Nowitzki
42006,1717,0040600143,2007-04-27,DAL @ GSW,L,38,7,16,0.438,0,1,0.0,6,8,0.75,6,6,12,2,3,1,4,5,20,-13,0,2006-07,Playoffs,1717,Dirk Nowitzki
42006,1717,0040600144,2007-04-29,DAL @ GSW,L,47,9,19,0.474,2,5,0.4,3,4,0.75,6,9,15,3,4,1,3,5,23,3,0,2006-07,Playoffs,1717,Dirk Nowitzki
42006,1717,0040600145,2007-05-01,DAL vs. GSW,W,40,7,15,0.467,2,3,0.667,14,15,0.933,4,8,12,3,0,1,2,4,30,14,0,2006-07,Playoffs,1717,Dirk Nowitzki
42006,1717,0040600146,2007-05-03,DAL @ GSW,L,39,2,13,0.154,0,6,0.0,4,4,1.0,2,8,10,2,1,0,3,2,8,-25,0,2006-07,Playoffs,1717,Dirk Nowitzki
22006,708,0020600011,2006-11-01,MIN vs. SAC,W,41,7,9,0.778,0,0,0.0,10,10,1.0,1,11,12,3,0,3,3,1,24,13,0,2006-07,Regular Season,708,Kevin Garnett
22006,708,0020600027,2006-11-03,MIN @ DEN,W,37,9,16,0.563,0,0,0.0,9,11,0.818,2,13,15,2,1,3,3,4,27,5,0,2006-07,Regular Season,708,Kevin Garnett
22006,708,0020600038,2006-11-04,MIN @ POR,L,37,9,15,0.6,0,0,0.0,2,2,1.0,2,8,10,1,0,2,1,2,20,12,0,2006-07,Regular Season,708,Kevin Garnett
22006,708,0020600050,2006-11-06,MIN @ SAC,L,40,7,15,0.467,0,0,0.0,1,2,0.5,2,8,10,1,0,1,2,3,15,-10,0,2006-07,Regular Season,708,Kevin Garnett
22006,708,0020600057,2006-11-07,MIN @ LAL,L,39,10,18,0.556,0,1,0.0,6,6,1.0,2,7,9,5,4,0,1,6,26,-8,0,2006-07,Regular Season,708,Kevin Garnett
22006,708,0020600085,2006-11-11,MIN vs. ORL,L,43,8,18,0.444,0,0,0.0,12,13,0.923,2,9,11,5,2,1,1,4,28,-6,0,2006-07,Regular Season,708,Kevin Garnett
22006,708,0020600103,2006-11-14,MIN vs. POR,W,34,6,15,0.4,0,0,0.0,8,11,0.727,3,10,13,7,3,5,4,6,20,16,0,2006-07,Regular Season,708,Kevin Garnett
22006,708,0020600122,2006-11-17,MIN @ CLE,L,38,5,17,0.294,0,0,0.0,4,5,0.8,3,8,11,1,5,2,3,3,14,-7,0,2006-07,Regular Season,708,Kevin Garnett
22006,708,0020600135,2006-11-18,MIN vs. NOK,L,38,9,23,0.391,0,2,0.0,4,4,1.0,6,11,17,5,0,1,2,1,22,-2,0,2006-07,Regular Season,708,Kevin Garnett
22006,708,0020600164,2006-11-22,MIN vs. NYK,W,31,8,12,0.667,0,0,0.0,3,3,1.0,1,8,9,4,2,1,0,2,19,15,0,2006-07,Regular Season,708,Kevin Garnett
22006,708,0020600178,2006-11-24,MIN @ NOK,W,36,8,11,0.727,0,0,0.0,2,4,0.5,0,16,16,3,1,3,4,1,18,2,0,2006-07,Regular Season,708,Kevin Garnett
22006,708,0020600189,2006-11-25,MIN vs. LAC,W,39,9,13,0.692,0,0,0.0,7,9,0.778,1,9,10,4,1,3,1,2,25,1,0,2006-07,Regular Season,708,Kevin Garnett
22006,708,0020600201,2006-11-27,MIN @ DAL,L,37,7,18,0.389,0,0,0.0,5,8,0.625,3,9,12,3,3,0,2,3,19,-11,0,2006-07,Regular Season,708,Kevin Garnett
22006,708,0020600208,2006-11-28,MIN @ HOU,L,41,9,15,0.6,2,4,0.5,5,5,1.0,1,10,11,3,0,2,4,0,25,-2,0,2006-07,Regular Season,708,Kevin Garnett
22006,708,0020600229,2006-12-01,MIN vs. DEN,L,40,10,20,0.5,0,0,0.0,1,2,0.5,4,7,11,4,0,2,7,4,21,-11,0,2006-07,Regular Season,708,Kevin Garnett
22006,708,0020600244,2006-12-03,MIN @ PHI,W,37,7,16,0.438,0,1,0.0,1,3,0.333,3,11,14,6,1,0,4,3,15,7,0,2006-07,Regular Season,708,Kevin Garnett
22006,708,0020600267,2006-12-06,MIN vs. HOU,W,36,7,12,0.583,0,0,0.0,10,12,0.833,2,10,12,4,1,3,0,3,24,12,0,2006-07,Regular Season,708,Kevin Garnett
22006,708,0020600280,2006-12-08,MIN vs. UTA,W,39,12,22,0.545,2,2,1.0,5,6,0.833,4,10,14,1,2,3,2,4,31,9,0,2006-07,Regular Season,708,Kevin Garnett
22006,708,0020600292,2006-12-09,MIN @ CHI,W,39,6,19,0.316,0,3,0.0,6,7,0.857,1,10,11,8,4,3,1,4,18,9,0,2006-07,Regular Season,708,Kevin Garnett
22006,708,0020600322,2006-12-13,MIN @ SAS,L,29,6,15,0.4,0,1,0.0,7,9,0.778,2,10,12,5,1,1,2,0,19,-17,0,2006-07,Regular Season,708,Kevin Garnett
22006,708,0020600349,2006-12-16,MIN @ MIL,L,40,9,17,0.529,0,2,0.0,8,9,0.889,1,8,9,4,1,0,4,2,26,3,0,2006-07,Regular Season,708,Kevin Garnett
22006,708,0020600372,2006-12-20,MIN vs. LAL,L,39,9,19,0.474,0,3,0.0,4,6,0.667,2,9,11,8,0,1,3,2,22,4,0,2006-07,Regular Season,708,Kevin Garnett
22006,708,0020600387,2006-12-22,MIN vs. MIL,L,42,8,18,0.444,0,1,0.0,8,11,0.727,1,13,14,5,2,4,3,4,24,-3,0,2006-07,Regular Season,708,Kevin Garnett
22006,708,0020600392,2006-12-23,MIN @ IND,W,38,14,26,0.538,0,0,0.0,1,1,1.0,3,16,19,3,1,2,3,3,29,9,0,2006-07,Regular Season,708,Kevin Garnett
22006,708,0020600408,2006-12-26,MIN vs. CHI,W,36,9,19,0.474,0,0,0.0,8,12,0.667,4,10,14,8,0,0,2,4,26,2,0,2006-07,Regular Season,708,Kevin Garnett
22006,708,0020600415,2006-12-27,MIN @ TOR,L,28,7,18,0.389,0,1,0.0,10,11,0.909,2,7,9,6,1,0,3,4,24,-2,0,2006-07,Regular Season,708,Kevin Garnett
22006,708,0020600436,2006-12-29,MIN vs. SEA,W,31,4,15,0.267,0,0,0.0,2,3,0.667,2,11,13,5,0,5,2,3,10,22,0,2006-07,Regular Season,708,Kevin Garnett
22006,708,0020600444,2006-12-30,MIN @ NJN,L,39,5,14,0.357,0,1,0.0,7,7,1.0,2,9,11,5,0,0,2,1,17,3,0,2006-07,Regular Season,708,Kevin Garnett
22006,708,0020600458,2007-01-01,MIN @ CHA,W,42,12,18,0.667,0,0,0.0,8,10,0.8,7,7,14,3,0,1,2,3,32,0,0,2006-07,Regular Season,708,Kevin Garnett
22006,708,0020600472,2007-01-03,MIN vs. SAS,W,47,9,23,0.391,0,0,0.0,9,10,0.9,2,15,17,7,0,3,4,3,27,2,0,2006-07,Regular Season,708,Kevin Garnett
22006,708,0020600485,2007-01-05,MIN vs. PHI,W,45,10,23,0.435,0,1,0.0,5,7,0.714,6,8,14,5,1,1,6,0,25,4,0,2006-07,Regular Season,708,Kevin Garnett
22006,708,0020600499,2007-01-07,MIN vs. HOU,W,45,11,24,0.458,0,0,0.0,4,4,1.0,2,11,13,5,1,1,3,3,26,8,0,2006-07,Regular Season,708,Kevin Garnett
22006,708,0020600522,2007-01-10,MIN vs. LAC,L,39,9,18,0.5,0,1,0.0,1,2,0.5,3,14,17,5,2,4,1,2,19,-7,0,2006-07,Regular Season,708,Kevin Garnett
22006,708,0020600535,2007-01-12,MIN @ MEM,W,36,10,21,0.476,1,1,1.0,7,7,1.0,3,8,11,4,0,5,6,4,28,2,0,2006-07,Regular Season,708,Kevin Garnett
22006,708,0020600545,2007-01-13,MIN vs. NJN,W,43,10,19,0.526,1,1,1.0,11,11,1.0,5,9,14,4,0,2,6,4,32,15,0,2006-07,Regular Season,708,Kevin Garnett
22006,708,0020600561,2007-01-15,MIN @ DET,W,50,7,18,0.389,0,1,0.0,5,5,1.0,1,13,14,6,2,5,1,2,19,15,0,2006-07,Regular Season,708,Kevin Garnett
22006,708,0020600574,2007-01-17,MIN vs. ATL,L,36,6,15,0.4,0,0,0.0,1,2,0.5,6,7,13,4,2,2,1,1,13,-21,0,2006-07,Regular Season,708,Kevin Garnett
22006,708,0020600588,2007-01-19,MIN vs. DET,L,36,4,13,0.308,0,1,0.0,6,9,0.667,3,16,19,2,1,2,3,2,14,4,0,2006-07,Regular Season,708,Kevin Garnett
22006,708,0020600612,2007-01-22,MIN @ UTA,L,41,8,16,0.5,0,3,0.0,1,1,1.0,1,10,11,2,1,2,3,2,17,-9,0,2006-07,Regular Season,708,Kevin Garnett
22006,708,0020600630,2007-01-24,MIN @ POR,L,39,11,23,0.478,0,1,0.0,9,9,1.0,1,7,8,3,1,1,2,4,31,-1,0,2006-07,Regular Season,708,Kevin Garnett
22006,708,0020600645,2007-01-26,MIN @ SEA,L,38,6,16,0.375,0,1,0.0,5,5,1.0,1,9,10,9,3,1,3,2,17,0,0,2006-07,Regular Season,708,Kevin Garnett
22006,708,0020600653,2007-01-27,MIN @ LAC,W,36,10,19,0.526,0,1,0.0,12,13,0.923,3,6,9,3,7,0,2,5,32,21,0,2006-07,Regular Season,708,Kevin Garnett
22006,708,0020600664,2007-01-29,MIN vs. PHX,W,40,18,29,0.621,0,1,0.0,8,10,0.8,4,7,11,2,3,0,0,2,44,7,0,2006-07,Regular Season,708,Kevin Garnett
22006,708,0020600683,2007-01-31,MIN vs. SAC,L,42,8,24,0.333,0,0,0.0,2,2,1.0,2,8,10,7,2,1,1,2,18,-1,0,2006-07,Regular Season,708,Kevin Garnett
22006,708,0020600696,2007-02-02,MIN @ NOK,L,37,8,16,0.5,1,2,0.5,0,0,0.0,2,11,13,2,0,0,3,0,17,-8,0,2006-07,Regular Season,708,Kevin Garnett
22006,708,0020600705,2007-02-03,MIN @ DAL,L,37,9,17,0.529,0,0,0.0,7,8,0.875,3,9,12,3,1,0,4,4,25,10,0,2006-07,Regular Season,708,Kevin Garnett
22006,708,0020600717,2007-02-05,MIN @ HOU,L,36,8,18,0.444,0,1,0.0,2,2,1.0,2,10,12,5,1,2,4,2,18,-26,0,2006-07,Regular Season,708,Kevin Garnett
22006,708,0020600732,2007-02-07,MIN vs. GSW,W,31,4,12,0.333,0,1,0.0,9,11,0.818,3,12,15,10,1,1,3,1,17,19,0,2006-07,Regular Season,708,Kevin Garnett
22006,708,0020600745,2007-02-09,MIN @ MEM,L,45,9,18,0.5,0,1,0.0,2,2,1.0,0,17,17,6,2,3,5,5,20,1,0,2006-07,Regular Season,708,Kevin Garnett
22006,708,0020600760,2007-02-11,MIN vs. BOS,W,39,11,21,0.524,0,0,0.0,4,6,0.667,4,7,11,10,0,0,2,1,26,7,0,2006-07,Regular Season,708,Kevin Garnett
22006,708,0020600783,2007-02-14,MIN vs. DEN,W,43,7,14,0.5,0,1,0.0,5,6,0.833,7,10,17,3,2,1,2,0,19,5,0,2006-07,Regular Season,708,Kevin Garnett
22006,708,0020600790,2007-02-20,MIN @ WAS,L,42,8,17,0.471,0,1,0.0,10,11,0.909,3,10,13,1,0,2,3,2,26,-6,0,2006-07,Regular Season,708,Kevin Garnett
22006,708,0020600806,2007-02-21,MIN vs. CHA,L,39,6,10,0.6,0,0,0.0,10,10,1.0,2,9,11,2,2,1,1,1,22,-6,0,2006-07,Regular Season,708,Kevin Garnett
22006,708,0020600822,2007-02-23,MIN vs. PHX,L,39,11,16,0.688,0,0,0.0,6,6,1.0,3,16,19,0,0,0,6,4,28,-7,0,2006-07,Regular Season,708,Kevin Garnett
22006,708,0020600836,2007-02-25,MIN vs. WAS,W,36,11,21,0.524,0,0,0.0,4,9,0.444,5,12,17,4,1,0,2,1,26,16,0,2006-07,Regular Season,708,Kevin Garnett
22006,708,0020600854,2007-02-27,MIN vs. DAL,L,39,5,16,0.313,0,1,0.0,5,5,1.0,2,11,13,2,1,1,1,1,15,-22,0,2006-07,Regular Season,708,Kevin Garnett
22006,708,0020600874,2007-03-02,MIN vs. UTA,L,38,8,17,0.471,0,0,0.0,6,9,0.667,0,4,4,1,1,1,4,0,22,-18,0,2006-07,Regular Season,708,Kevin Garnett
22006,708,0020600887,2007-03-04,MIN @ BOS,L,51,14,28,0.5,1,1,1.0,4,5,0.8,3,10,13,10,2,3,1,1,33,-4,0,2006-07,Regular Season,708,Kevin Garnett
22006,708,0020600902,2007-03-06,MIN vs. LAL,W,51,9,20,0.45,0,1,0.0,8,9,0.889,1,16,17,4,1,2,2,2,26,13,0,2006-07,Regular Season,708,Kevin Garnett
22006,708,0020600922,2007-03-09,MIN @ MIA,L,39,9,17,0.529,0,0,0.0,5,7,0.714,3,8,11,4,0,0,1,2,23,-11,0,2006-07,Regular Season,708,Kevin Garnett
22006,708,0020600929,2007-03-10,MIN @ ATL,L,43,14,23,0.609,0,0,0.0,4,5,0.8,1,9,10,5,1,5,2,2,32,-13,0,2006-07,Regular Season,708,Kevin Garnett
22006,708,0020600953,2007-03-13,MIN vs. IND,W,43,11,24,0.458,0,0,0.0,8,9,0.889,0,9,9,2,0,0,1,0,30,9,0,2006-07,Regular Season,708,Kevin Garnett
22006,708,0020600978,2007-03-16,MIN @ GSW,L,41,6,15,0.4,0,1,0.0,7,9,0.778,3,10,13,1,2,1,6,1,19,-13,0,2006-07,Regular Season,708,Kevin Garnett
22006,708,0020600994,2007-03-18,MIN @ LAL,L,43,9,16,0.563,1,2,0.5,7,8,0.875,3,12,15,6,0,3,2,1,26,-8,0,2006-07,Regular Season,708,Kevin Garnett
22006,708,0020601005,2007-03-20,MIN @ PHX,L,38,11,20,0.55,0,0,0.0,8,8,1.0,1,15,16,1,0,0,4,1,30,-11,0,2006-07,Regular Season,708,Kevin Garnett
22006,708,0020601013,2007-03-21,MIN @ SAC,W,43,7,18,0.389,0,0,0.0,3,3,1.0,3,15,18,1,0,4,5,1,17,2,0,2006-07,Regular Season,708,Kevin Garnett
22006,708,0020601031,2007-03-23,MIN @ SEA,L,44,4,12,0.333,1,2,0.5,1,1,1.0,2,20,22,4,0,3,2,4,10,-1,0,2006-07,Regular Season,708,Kevin Garnett
22006,708,0020601040,2007-03-25,MIN vs. POR,W,35,10,19,0.526,0,0,0.0,2,4,0.5,1,8,9,1,1,0,4,2,22,-1,0,2006-07,Regular Season,708,Kevin Garnett
22006,708,0020601056,2007-03-27,MIN vs. SEA,L,37,8,19,0.421,0,1,0.0,4,5,0.8,2,10,12,9,0,0,2,3,20,-3,0,2006-07,Regular Season,708,Kevin Garnett
22006,708,0020601067,2007-03-28,MIN @ UTA,L,39,9,16,0.563,1,1,1.0,6,6,1.0,0,8,8,1,2,3,2,3,25,-1,0,2006-07,Regular Season,708,Kevin Garnett
22006,708,0020601078,2007-03-30,MIN vs. MIA,L,38,9,16,0.563,0,0,0.0,4,4,1.0,4,16,20,3,2,0,4,4,22,3,0,2006-07,Regular Season,708,Kevin Garnett
22006,708,0020601096,2007-04-01,MIN @ ORL,W,43,6,21,0.286,0,2,0.0,10,11,0.909,3,11,14,8,0,1,1,2,22,4,0,2006-07,Regular Season,708,Kevin Garnett
22006,708,0020601105,2007-04-03,MIN vs. CLE,L,39,7,13,0.538,0,0,0.0,8,9,0.889,0,12,12,2,0,3,5,4,22,-19,0,2006-07,Regular Season,708,Kevin Garnett
22006,708,0020601124,2007-04-06,MIN @ NYK,W,37,5,10,0.5,0,0,0.0,2,3,0.667,2,13,15,2,2,1,5,4,12,4,0,2006-07,Regular Season,708,Kevin Garnett
22006,708,0020601138,2007-04-07,MIN vs. NOK,L,32,5,14,0.357,1,1,1.0,2,4,0.5,0,12,12,4,1,3,1,1,13,1,0,2006-07,Regular Season,708,Kevin Garnett
22006,708,0020601152,2007-04-09,MIN vs. TOR,L,34,7,23,0.304,0,1,0.0,3,4,0.75,3,7,10,6,1,0,2,4,17,-13,0,2006-07,Regular Season,708,Kevin Garnett
22006,1718,0020600006,2006-11-01,BOS vs. NOK,L,39,10,23,0.435,2,8,0.25,7,15,0.467,1,18,19,4,1,0,3,3,29,0,0,2006-07,Regular Season,1718,Paul Pierce
22006,1718,0020600021,2006-11-03,BOS vs. DET,L,38,7,13,0.538,1,1,1.0,7,8,0.875,1,7,8,4,1,0,2,2,22,-15,0,2006-07,Regular Season,1718,Paul Pierce
22006,1718,0020600031,2006-11-04,BOS @ WAS,L,38,6,14,0.429,1,5,0.2,10,14,0.714,1,11,12,5,0,0,2,3,23,-4,0,2006-07,Regular Season,1718,Paul Pierce
22006,1718,0020600061,2006-11-08,BOS vs. CHA,W,44,12,21,0.571,1,4,0.25,10,12,0.833,1,12,13,6,2,0,12,3,35,0,0,2006-07,Regular Season,1718,Paul Pierce
22006,1718,0020600077,2006-11-10,BOS vs. UTA,L,43,12,23,0.522,4,6,0.667,2,6,0.333,0,9,9,4,2,1,3,4,30,-3,0,2006-07,Regular Season,1718,Paul Pierce
22006,1718,0020600083,2006-11-11,BOS @ CLE,L,36,6,21,0.286,2,10,0.2,5,6,0.833,0,9,9,1,1,0,3,3,19,0,0,2006-07,Regular Season,1718,Paul Pierce
22006,1718,0020600097,2006-11-13,BOS vs. ORL,L,42,6,20,0.3,3,6,0.5,6,6,1.0,0,4,4,2,1,0,5,1,21,2,0,2006-07,Regular Season,1718,Paul Pierce
22006,1718,0020600110,2006-11-15,BOS vs. IND,W,32,11,19,0.579,2,4,0.5,8,9,0.889,0,5,5,3,0,0,2,0,32,20,0,2006-07,Regular Season,1718,Paul Pierce
22006,1718,0020600120,2006-11-17,BOS vs. POR,W,12,10,19,0.526,4,6,0.667,5,6,0.833,0,6,6,2,2,1,1,1,29,14,0,2006-07,Regular Season,1718,Paul Pierce
22006,1718,0020600133,2006-11-18,BOS @ NYK,W,42,10,23,0.435,1,7,0.143,18,22,0.818,2,7,9,4,2,1,1,3,39,7,0,2006-07,Regular Season,1718,Paul Pierce
22006,1718,0020600159,2006-11-22,BOS @ CHA,L,38,8,20,0.4,2,6,0.333,10,14,0.714,2,12,14,4,2,0,3,2,28,-16,0,2006-07,Regular Season,1718,Paul Pierce
22006,1718,0020600171,2006-11-24,BOS vs. NYK,L,32,4,10,0.4,1,6,0.167,3,5,0.6,1,1,2,3,0,1,6,3,12,-23,0,2006-07,Regular Season,1718,Paul Pierce
22006,1718,0020600192,2006-11-25,BOS @ MIL,W,40,9,15,0.6,4,6,0.667,12,14,0.857,1,6,7,7,2,0,5,4,34,17,0,2006-07,Regular Season,1718,Paul Pierce
22006,1718,0020600215,2006-11-29,BOS vs. NJN,L,40,8,19,0.421,4,9,0.444,11,12,0.917,0,2,2,5,3,1,3,5,31,-2,0,2006-07,Regular Season,1718,Paul Pierce
22006,1718,0020600224,2006-12-01,BOS @ TOR,L,39,6,10,0.6,0,0,0.0,7,10,0.7,1,3,4,9,0,0,3,3,19,-11,0,2006-07,Regular Season,1718,Paul Pierce
22006,1718,0020600251,2006-12-04,BOS @ CHI,L,26,4,13,0.308,0,2,0.0,0,0,0.0,0,3,3,1,1,0,4,4,8,-23,0,2006-07,Regular Season,1718,Paul Pierce
22006,1718,0020600264,2006-12-06,BOS vs. MEM,L,39,7,17,0.412,2,5,0.4,9,9,1.0,0,3,3,4,0,0,9,4,25,-6,0,2006-07,Regular Season,1718,Paul Pierce
22006,1718,0020600277,2006-12-08,BOS vs. PHX,L,38,10,24,0.417,7,14,0.5,9,11,0.818,1,4,5,5,0,1,3,1,36,-1,0,2006-07,Regular Season,1718,Paul Pierce
22006,1718,0020600288,2006-12-09,BOS @ NJN,W,37,4,18,0.222,0,3,0.0,9,10,0.9,1,5,6,4,0,1,3,2,17,-3,0,2006-07,Regular Season,1718,Paul Pierce
22006,1718,0020600303,2006-12-11,BOS @ NYK,W,42,11,22,0.5,3,8,0.375,6,7,0.857,1,6,7,3,0,0,3,3,31,6,0,2006-07,Regular Season,1718,Paul Pierce
22006,1718,0020600313,2006-12-13,BOS @ PHI,W,34,6,12,0.5,3,6,0.5,3,5,0.6,0,3,3,5,0,1,3,3,18,10,0,2006-07,Regular Season,1718,Paul Pierce
22006,1718,0020600332,2006-12-15,BOS vs. DEN,W,40,11,17,0.647,6,12,0.5,10,11,0.909,0,8,8,9,0,0,6,3,38,10,0,2006-07,Regular Season,1718,Paul Pierce
22006,1718,0020600341,2006-12-16,BOS @ CHA,W,39,11,20,0.55,4,6,0.667,9,9,1.0,1,10,11,4,0,1,2,3,35,21,0,2006-07,Regular Season,1718,Paul Pierce
22006,1718,0020600367,2006-12-20,BOS vs. GSW,L,44,9,19,0.474,4,9,0.444,5,5,1.0,2,6,8,5,2,0,4,0,27,-4,0,2006-07,Regular Season,1718,Paul Pierce
22006,1718,0020600743,2007-02-09,BOS vs. NJN,L,20,4,16,0.25,1,2,0.5,0,0,0.0,3,1,4,1,1,0,2,2,9,-11,0,2006-07,Regular Season,1718,Paul Pierce
22006,1718,0020600760,2007-02-11,BOS @ MIN,L,32,9,16,0.563,3,5,0.6,8,9,0.889,0,2,2,2,2,1,3,4,29,1,0,2006-07,Regular Season,1718,Paul Pierce
22006,1718,0020600780,2007-02-14,BOS vs. MIL,W,36,12,19,0.632,5,8,0.625,3,4,0.75,0,0,0,4,2,0,1,3,32,24,0,2006-07,Regular Season,1718,Paul Pierce
22006,1718,0020600796,2007-02-20,BOS @ SAC,L,34,8,15,0.533,2,4,0.5,8,11,0.727,1,5,6,5,0,1,5,5,26,-1,0,2006-07,Regular Season,1718,Paul Pierce
22006,1718,0020600808,2007-02-21,BOS @ PHX,L,41,7,20,0.35,2,5,0.4,8,9,0.889,2,3,5,4,0,0,2,2,24,-12,0,2006-07,Regular Season,1718,Paul Pierce
22006,1718,0020600825,2007-02-23,BOS @ LAL,L,26,4,12,0.333,2,4,0.5,5,7,0.714,1,3,4,6,0,0,5,4,15,-18,0,2006-07,Regular Season,1718,Paul Pierce
22006,1718,0020600831,2007-02-24,BOS @ UTA,L,36,5,18,0.278,1,5,0.2,8,9,0.889,1,2,3,2,1,0,1,4,19,-11,0,2006-07,Regular Season,1718,Paul Pierce
22006,1718,0020600845,2007-02-26,BOS @ HOU,W,37,10,23,0.435,2,5,0.4,6,12,0.5,3,4,7,1,0,0,5,5,28,10,0,2006-07,Regular Season,1718,Paul Pierce
22006,1718,0020600857,2007-02-28,BOS vs. NYK,W,42,7,15,0.467,2,4,0.5,8,10,0.8,0,5,5,4,2,0,2,1,24,2,0,2006-07,Regular Season,1718,Paul Pierce
22006,1718,0020600879,2007-03-03,BOS @ NJN,W,44,8,28,0.286,1,7,0.143,0,1,0.0,1,4,5,5,2,0,3,5,17,13,0,2006-07,Regular Season,1718,Paul Pierce
22006,1718,0020600887,2007-03-04,BOS vs. MIN,W,51,7,21,0.333,3,8,0.375,10,12,0.833,2,7,9,5,1,0,6,3,27,2,0,2006-07,Regular Season,1718,Paul Pierce
22006,1718,0020600910,2007-03-07,BOS vs. HOU,L,33,6,14,0.429,1,3,0.333,7,7,1.0,1,1,2,2,1,0,3,0,20,-13,0,2006-07,Regular Season,1718,Paul Pierce
22006,1718,0020600920,2007-03-09,BOS vs. SEA,W,36,8,18,0.444,1,6,0.167,4,6,0.667,0,7,7,7,2,0,1,1,21,8,0,2006-07,Regular Season,1718,Paul Pierce
22006,1718,0020600936,2007-03-11,BOS vs. CHI,L,35,2,14,0.143,0,2,0.0,4,5,0.8,1,4,5,5,1,0,1,0,8,-20,0,2006-07,Regular Season,1718,Paul Pierce
22006,1718,0020600954,2007-03-13,BOS @ CHI,L,45,8,17,0.471,1,6,0.167,7,9,0.778,0,5,5,5,2,0,4,4,24,0,0,2006-07,Regular Season,1718,Paul Pierce
22006,1718,0020600962,2007-03-14,BOS vs. ATL,W,27,5,13,0.385,2,6,0.333,5,6,0.833,2,2,4,5,0,0,3,2,17,21,0,2006-07,Regular Season,1718,Paul Pierce
22006,1718,0020600975,2007-03-16,BOS @ DAL,L,32,11,20,0.55,5,7,0.714,2,2,1.0,2,3,5,8,1,0,1,3,29,1,0,2006-07,Regular Season,1718,Paul Pierce
22006,1718,0020600984,2007-03-17,BOS @ SAS,W,39,10,21,0.476,2,8,0.25,8,12,0.667,0,5,5,0,2,1,2,3,30,15,0,2006-07,Regular Season,1718,Paul Pierce
22006,1718,0020600996,2007-03-19,BOS @ NOK,L,29,11,18,0.611,4,7,0.571,2,3,0.667,0,1,1,3,1,0,4,3,28,-21,0,2006-07,Regular Season,1718,Paul Pierce
22006,1718,0020601009,2007-03-21,BOS vs. CHA,L,24,9,16,0.563,2,5,0.4,3,4,0.75,1,1,2,2,2,0,2,1,23,13,0,2006-07,Regular Season,1718,Paul Pierce
22006,1718,0020601024,2007-03-23,BOS vs. DAL,L,30,5,18,0.278,1,3,0.333,19,21,0.905,1,1,2,2,1,0,2,1,30,-15,0,2006-07,Regular Season,1718,Paul Pierce
22006,1718,0020601045,2007-03-26,BOS vs. TOR,W,37,8,20,0.4,2,9,0.222,5,6,0.833,0,5,5,8,2,0,2,1,23,8,0,2006-07,Regular Season,1718,Paul Pierce
22006,1718,0020601061,2007-03-28,BOS vs. ORL,W,53,11,26,0.423,1,7,0.143,9,11,0.818,0,7,7,5,0,1,1,2,32,9,0,2006-07,Regular Season,1718,Paul Pierce
22006,947,0020600003,2006-11-01,PHI vs. ATL,W,43,9,21,0.429,1,2,0.5,13,14,0.929,2,2,4,6,0,0,7,0,32,10,0,2006-07,Regular Season,947,Allen Iverson
22006,947,0020600019,2006-11-03,PHI @ ORL,W,46,15,25,0.6,3,4,0.75,6,9,0.667,0,3,3,10,0,0,5,2,39,5,0,2006-07,Regular Season,947,Allen Iverson
22006,947,0020600041,2006-11-05,PHI vs. MIA,W,46,9,21,0.429,2,5,0.4,11,14,0.786,1,3,4,13,2,0,4,1,31,7,0,2006-07,Regular Season,947,Allen Iverson
22006,947,0020600053,2006-11-07,PHI @ IND,L,39,8,22,0.364,0,2,0.0,4,5,0.8,0,0,0,3,2,0,3,1,20,-14,0,2006-07,Regular Season,947,Allen Iverson
22006,947,0020600058,2006-11-08,PHI @ TOR,L,46,12,26,0.462,1,7,0.143,10,12,0.833,0,3,3,10,1,0,7,2,35,-4,0,2006-07,Regular Season,947,Allen Iverson
22006,947,0020600073,2006-11-10,PHI vs. DEN,L,40,6,20,0.3,0,2,0.0,9,9,1.0,1,3,4,9,0,0,5,3,21,-5,0,2006-07,Regular Season,947,Allen Iverson
22006,947,0020600116,2006-11-15,PHI @ SEA,W,41,6,22,0.273,2,4,0.5,14,16,0.875,0,3,3,1,2,0,2,1,28,0,0,2006-07,Regular Season,947,Allen Iverson
22006,947,0020600126,2006-11-17,PHI @ PHX,L,39,8,22,0.364,0,5,0.0,7,7,1.0,1,1,2,8,5,0,1,1,23,-16,0,2006-07,Regular Season,947,Allen Iverson
22006,947,0020600140,2006-11-18,PHI @ LAC,L,49,12,31,0.387,1,4,0.25,4,4,1.0,1,2,3,9,4,0,6,1,29,1,0,2006-07,Regular Season,947,Allen Iverson
22006,947,0020600172,2006-11-24,PHI vs. CHI,W,45,15,30,0.5,0,6,0.0,16,17,0.941,0,5,5,10,2,1,2,2,46,12,0,2006-07,Regular Season,947,Allen Iverson
22006,947,0020600188,2006-11-25,PHI @ CLE,L,43,10,28,0.357,1,3,0.333,10,12,0.833,1,3,4,2,3,0,6,0,31,-10,0,2006-07,Regular Season,947,Allen Iverson
22006,947,0020600200,2006-11-27,PHI @ MIA,L,47,17,37,0.459,0,3,0.0,11,12,0.917,0,1,1,4,3,0,3,2,45,-12,0,2006-07,Regular Season,947,Allen Iverson
22006,947,0020600234,2006-12-02,PHI @ NJN,L,40,11,25,0.44,0,2,0.0,15,15,1.0,0,3,3,10,5,0,3,3,37,-14,0,2006-07,Regular Season,947,Allen Iverson
22006,947,0020600244,2006-12-03,PHI vs. MIN,L,42,6,19,0.316,0,3,0.0,14,17,0.824,0,2,2,7,3,0,5,0,26,1,0,2006-07,Regular Season,947,Allen Iverson
22006,947,0020600268,2006-12-06,PHI @ CHI,L,32,7,17,0.412,1,1,1.0,10,11,0.909,0,0,0,7,1,0,7,2,25,-10,0,2006-07,Regular Season,947,Allen Iverson
22006,947,0020600389,2006-12-22,DEN vs. SAC,L,39,9,15,0.6,2,3,0.667,2,6,0.333,0,2,2,10,0,0,2,3,22,-4,0,2006-07,Regular Season,947,Allen Iverson
22006,947,0020600410,2006-12-26,DEN vs. BOS,W,44,9,22,0.409,1,2,0.5,9,13,0.692,0,2,2,13,4,0,6,2,28,11,0,2006-07,Regular Season,947,Allen Iverson
22006,947,0020600428,2006-12-28,DEN vs. SEA,W,43,17,29,0.586,1,2,0.5,9,12,0.75,0,3,3,10,2,0,9,4,44,22,0,2006-07,Regular Season,947,Allen Iverson
22006,947,0020600435,2006-12-29,DEN @ NOK,L,45,6,22,0.273,0,2,0.0,9,10,0.9,1,1,2,3,2,1,5,3,21,-7,0,2006-07,Regular Season,947,Allen Iverson
22006,947,0020600455,2006-12-31,DEN vs. DAL,L,42,10,17,0.588,0,0,0.0,8,8,1.0,0,2,2,8,7,1,5,3,28,-2,0,2006-07,Regular Season,947,Allen Iverson
22006,947,0020600465,2007-01-02,DEN vs. PHI,L,44,10,24,0.417,2,6,0.333,8,10,0.8,1,4,5,9,0,0,7,1,30,-17,0,2006-07,Regular Season,947,Allen Iverson
22006,947,0020600489,2007-01-05,DEN @ LAL,L,36,5,17,0.294,0,1,0.0,6,8,0.75,0,1,1,5,1,0,3,2,16,-27,0,2006-07,Regular Season,947,Allen Iverson
22006,947,0020600495,2007-01-06,DEN vs. UTA,L,44,5,19,0.263,1,7,0.143,11,12,0.917,0,5,5,8,2,0,5,2,22,-14,0,2006-07,Regular Season,947,Allen Iverson
22006,947,0020600507,2007-01-08,DEN vs. MIL,W,43,9,21,0.429,2,4,0.5,3,4,0.75,1,1,2,3,2,0,4,0,23,6,0,2006-07,Regular Season,947,Allen Iverson
22006,947,0020600525,2007-01-10,DEN vs. SAS,L,44,15,25,0.6,0,0,0.0,3,3,1.0,0,0,0,6,0,0,3,0,33,-13,0,2006-07,Regular Season,947,Allen Iverson
22006,947,0020600538,2007-01-12,DEN vs. HOU,L,44,10,21,0.476,1,2,0.5,7,7,1.0,0,4,4,5,3,1,3,1,28,-1,0,2006-07,Regular Season,947,Allen Iverson
22006,947,0020600553,2007-01-14,DEN @ POR,W,43,11,21,0.524,1,2,0.5,9,10,0.9,0,3,3,9,1,0,6,1,32,22,0,2006-07,Regular Season,947,Allen Iverson
22006,947,0020600590,2007-01-19,DEN vs. CLE,W,43,8,17,0.471,0,1,0.0,9,10,0.9,0,3,3,9,1,0,6,1,25,7,0,2006-07,Regular Season,947,Allen Iverson
22006,947,0020600600,2007-01-20,DEN @ HOU,W,50,12,30,0.4,2,4,0.5,10,13,0.769,0,3,3,10,4,0,3,1,36,12,0,2006-07,Regular Season,947,Allen Iverson
22006,947,0020600611,2007-01-22,DEN vs. MEM,W,38,9,16,0.563,2,3,0.667,3,5,0.6,0,4,4,7,2,0,6,0,23,24,0,2006-07,Regular Season,947,Allen Iverson
22006,947,0020600619,2007-01-23,DEN @ SEA,W,44,7,19,0.368,2,5,0.4,5,6,0.833,0,3,3,10,1,0,4,0,21,8,0,2006-07,Regular Season,947,Allen Iverson
22006,947,0020600643,2007-01-26,DEN @ UTA,L,44,10,21,0.476,1,1,1.0,12,15,0.8,0,3,3,6,1,0,2,2,33,0,0,2006-07,Regular Season,947,Allen Iverson
22006,947,0020600652,2007-01-27,DEN vs. NJN,L,43,6,19,0.316,1,3,0.333,5,5,1.0,0,2,2,8,1,1,3,1,18,-12,0,2006-07,Regular Season,947,Allen Iverson
22006,947,0020600666,2007-01-29,DEN vs. CHA,L,43,10,15,0.667,1,2,0.5,10,12,0.833,0,3,3,8,4,1,0,1,31,-7,0,2006-07,Regular Season,947,Allen Iverson
22006,947,0020600734,2007-02-07,DEN vs. NOK,L,49,9,21,0.429,1,4,0.25,3,5,0.6,1,3,4,9,2,0,2,1,22,-3,0,2006-07,Regular Season,947,Allen Iverson
22006,947,0020600794,2007-02-20,DEN @ SAS,L,35,3,11,0.273,0,2,0.0,3,4,0.75,1,2,3,5,1,0,3,2,9,-23,0,2006-07,Regular Season,947,Allen Iverson
22006,947,0020600824,2007-02-23,DEN vs. UTA,L,44,11,18,0.611,1,2,0.5,10,15,0.667,1,2,3,5,2,0,3,2,33,-4,0,2006-07,Regular Season,947,Allen Iverson
22006,947,0020600830,2007-02-24,DEN @ DAL,L,44,8,18,0.444,2,4,0.5,8,9,0.889,1,4,5,4,2,1,9,2,26,-13,0,2006-07,Regular Season,947,Allen Iverson
22006,947,0020600842,2007-02-26,DEN @ MEM,W,40,7,18,0.389,3,6,0.5,8,9,0.889,1,4,5,9,2,0,4,2,25,4,0,2006-07,Regular Season,947,Allen Iverson
22006,947,0020600862,2007-02-28,DEN vs. ORL,W,46,13,25,0.52,1,4,0.25,7,9,0.778,0,4,4,7,5,0,5,1,34,8,0,2006-07,Regular Season,947,Allen Iverson
22006,947,0020600876,2007-03-02,DEN vs. HOU,L,39,7,19,0.368,0,1,0.0,5,8,0.625,0,4,4,5,0,0,3,0,19,-18,0,2006-07,Regular Season,947,Allen Iverson
22006,947,0020600904,2007-03-06,DEN vs. NOK,W,40,8,17,0.471,2,3,0.667,7,7,1.0,1,2,3,5,0,0,6,2,25,8,0,2006-07,Regular Season,947,Allen Iverson
22006,947,0020600916,2007-03-07,DEN @ GSW,L,47,12,25,0.48,1,2,0.5,10,14,0.714,1,5,6,3,2,0,5,0,35,-16,0,2006-07,Regular Season,947,Allen Iverson
22006,947,0020600924,2007-03-09,DEN vs. DET,L,43,5,13,0.385,1,4,0.25,8,13,0.615,0,2,2,4,2,1,2,1,19,-12,0,2006-07,Regular Season,947,Allen Iverson
22006,947,0020600938,2007-03-11,DEN @ SAC,W,37,8,17,0.471,1,3,0.333,7,9,0.778,1,5,6,7,4,0,6,3,24,14,0,2006-07,Regular Season,947,Allen Iverson
22006,947,0020600955,2007-03-13,DEN vs. POR,W,44,8,20,0.4,1,1,1.0,14,16,0.875,1,5,6,10,5,1,2,0,31,11,0,2006-07,Regular Season,947,Allen Iverson
22006,947,0020600969,2007-03-15,DEN vs. LAL,W,41,4,15,0.267,0,0,0.0,6,6,1.0,0,1,1,13,1,0,3,3,14,29,0,2006-07,Regular Season,947,Allen Iverson
22006,947,0020600986,2007-03-17,DEN vs. PHX,W,43,16,22,0.727,2,3,0.667,10,12,0.833,0,5,5,15,0,1,1,2,44,31,0,2006-07,Regular Season,947,Allen Iverson
22006,947,0020600997,2007-03-20,DEN @ NJN,W,44,8,23,0.348,1,6,0.167,3,6,0.5,0,5,5,5,4,0,4,0,20,3,0,2006-07,Regular Season,947,Allen Iverson
22006,947,0020601017,2007-03-22,DEN @ CHI,L,41,11,18,0.611,1,2,0.5,8,9,0.889,0,2,2,6,1,0,5,2,31,2,0,2006-07,Regular Season,947,Allen Iverson
22006,947,0020601020,2007-03-23,DEN @ TOR,L,33,3,12,0.25,0,3,0.0,8,8,1.0,1,0,1,3,0,0,3,1,14,-26,0,2006-07,Regular Season,947,Allen Iverson
22006,947,0020601042,2007-03-25,DEN @ CLE,W,46,7,13,0.538,0,2,0.0,4,6,0.667,0,4,4,12,0,0,2,1,18,14,0,2006-07,Regular Season,947,Allen Iverson
22006,947,0020601048,2007-03-26,DEN @ DET,L,44,5,14,0.357,1,5,0.2,5,9,0.556,0,0,0,8,2,1,5,0,16,-11,0,2006-07,Regular Season,947,Allen Iverson
22006,947,0020601066,2007-03-28,DEN vs. SEA,L,38,4,13,0.308,1,3,0.333,5,8,0.625,0,1,1,8,1,0,5,2,14,-4,0,2006-07,Regular Season,947,Allen Iverson
22006,947,0020601080,2007-03-30,DEN @ PHX,L,44,8,16,0.5,0,2,0.0,10,13,0.769,0,0,0,1,1,1,5,2,26,-10,0,2006-07,Regular Season,947,Allen Iverson
22006,947,0020601098,2007-04-01,DEN @ SEA,W,44,9,19,0.474,0,3,0.0,8,15,0.533,1,3,4,7,3,0,5,2,26,7,0,2006-07,Regular Season,947,Allen Iverson
22006,947,0020601107,2007-04-03,DEN @ LAL,W,46,10,24,0.417,0,1,0.0,0,4,0.0,0,4,4,10,1,0,2,2,20,6,0,2006-07,Regular Season,947,Allen Iverson
22006,947,0020601116,2007-04-04,DEN vs. SAC,W,42,6,13,0.462,0,2,0.0,4,7,0.571,1,4,5,10,1,0,4,0,16,8,0,2006-07,Regular Season,947,Allen Iverson
22006,947,0020601132,2007-04-06,DEN vs. DAL,W,39,9,23,0.391,0,2,0.0,4,6,0.667,0,3,3,5,2,0,3,4,22,9,0,2006-07,Regular Season,947,Allen Iverson
22006,947,0020601142,2007-04-07,DEN @ LAC,W,43,12,19,0.632,3,4,0.75,7,10,0.7,1,3,4,4,1,0,5,0,34,-6,0,2006-07,Regular Season,947,Allen Iverson
22006,947,0020601154,2007-04-09,DEN vs. LAL,W,46,8,22,0.364,1,5,0.2,7,9,0.778,0,2,2,5,0,0,5,1,24,8,0,2006-07,Regular Season,947,Allen Iverson
22006,947,0020601170,2007-04-11,DEN @ UTA,W,45,7,16,0.438,2,6,0.333,6,8,0.75,0,5,5,12,1,0,3,0,22,7,0,2006-07,Regular Season,947,Allen Iverson
22006,947,0020601180,2007-04-13,DEN @ NOK,W,42,9,21,0.429,1,3,0.333,4,7,0.571,0,0,0,7,1,0,1,3,23,-7,0,2006-07,Regular Season,947,Allen Iverson
22006,947,0020601189,2007-04-14,DEN @ MEM,L,40,7,15,0.467,2,4,0.5,0,0,0.0,0,2,2,5,2,0,6,3,16,-10,0,2006-07,Regular Season,947,Allen Iverson
22006,947,0020601208,2007-04-16,DEN vs. MIN,W,33,10,17,0.588,1,2,0.5,4,6,0.667,0,1,1,3,3,1,3,2,25,24,0,2006-07,Regular Season,947,Allen Iverson
42006,947,0040600161,2007-04-22,DEN @ SAS,W,45,11,22,0.5,1,3,0.333,8,8,1.0,0,1,1,5,1,0,3,1,31,5,0,2006-07,Playoffs,947,Allen Iverson
42006,947,0040600162,2007-04-25,DEN @ SAS,L,45,9,25,0.36,2,3,0.667,0,0,0.0,0,0,0,5,3,0,4,4,20,-4,0,2006-07,Playoffs,947,Allen Iverson
42006,947,0040600163,2007-04-28,DEN vs. SAS,L,45,7,20,0.35,0,3,0.0,6,9,0.667,0,2,2,4,0,0,3,2,20,-5,0,2006-07,Playoffs,947,Allen Iverson
42006,947,0040600164,2007-04-30,DEN vs. SAS,L,45,9,25,0.36,0,3,0.0,4,5,0.8,0,0,0,7,1,0,2,4,22,-8,0,2006-07,Playoffs,947,Allen Iverson
42006,947,0040600165,2007-05-02,DEN @ SAS,L,44,6,22,0.273,2,5,0.4,7,9,0.778,0,0,0,8,2,0,3,0,21,-11,0,2006-07,Playoffs,947,Allen Iverson
22006,1503,0020600012,2006-11-01,HOU @ UTA,L,41,8,24,0.333,1,4,0.25,8,13,0.615,1,4,5,9,3,0,1,1,25,2,0,2006-07,Regular Season,1503,Tracy McGrady
22006,1503,0020600036,2006-11-04,HOU vs. DAL,W,23,4,11,0.364,0,1,0.0,0,3,0.0,0,3,3,4,0,0,1,4,8,10,0,2006-07,Regular Season,1503,Tracy McGrady
22006,1503,0020600043,2006-11-05,HOU @ NOK,L,40,5,15,0.333,0,3,0.0,4,5,0.8,1,6,7,7,2,0,5,3,14,-11,0,2006-07,Regular Season,1503,Tracy McGrady
22006,1503,0020600055,2006-11-07,HOU @ MEM,W,39,6,15,0.4,0,4,0.0,7,9,0.778,2,7,9,4,2,0,6,1,19,12,0,2006-07,Regular Season,1503,Tracy McGrady
22006,1503,0020600063,2006-11-08,HOU @ MIL,W,37,11,19,0.579,3,5,0.6,7,11,0.636,2,4,6,5,1,3,4,1,32,16,0,2006-07,Regular Season,1503,Tracy McGrady
22006,1503,0020600079,2006-11-10,HOU vs. NYK,W,38,4,12,0.333,2,6,0.333,3,5,0.6,1,3,4,8,0,0,3,4,13,8,0,2006-07,Regular Season,1503,Tracy McGrady
22006,1503,0020600093,2006-11-12,HOU @ MIA,W,36,6,18,0.333,0,4,0.0,0,0,0.0,1,3,4,8,0,0,2,2,12,14,0,2006-07,Regular Season,1503,Tracy McGrady
22006,1503,0020600104,2006-11-14,HOU vs. SAS,L,40,10,25,0.4,4,7,0.571,2,4,0.5,1,7,8,6,2,0,1,1,26,-4,0,2006-07,Regular Season,1503,Tracy McGrady
22006,1503,0020600117,2006-11-16,HOU vs. CHI,W,38,8,17,0.471,2,7,0.286,3,4,0.75,1,10,11,7,1,1,4,3,21,4,0,2006-07,Regular Season,1503,Tracy McGrady
22006,1503,0020600134,2006-11-18,HOU @ DET,L,32,9,16,0.563,1,5,0.2,5,5,1.0,0,2,2,3,0,0,1,5,24,-23,0,2006-07,Regular Season,1503,Tracy McGrady
22006,1503,0020600145,2006-11-20,HOU @ NYK,W,37,6,15,0.4,3,8,0.375,9,11,0.818,0,4,4,5,2,3,4,3,24,4,0,2006-07,Regular Season,1503,Tracy McGrady
22006,1503,0020600165,2006-11-22,HOU vs. WAS,W,39,5,12,0.417,2,6,0.333,1,4,0.25,0,12,12,8,1,1,5,4,13,11,0,2006-07,Regular Season,1503,Tracy McGrady
22006,1503,0020600190,2006-11-25,HOU vs. MEM,W,9,7,15,0.467,1,4,0.25,4,6,0.667,0,5,5,13,0,0,5,0,19,19,0,2006-07,Regular Season,1503,Tracy McGrady
22006,1503,0020600208,2006-11-28,HOU vs. MIN,W,32,4,14,0.286,0,2,0.0,0,0,0.0,0,2,2,7,0,0,3,0,8,4,0,2006-07,Regular Season,1503,Tracy McGrady
22006,1503,0020600218,2006-11-29,HOU @ PHX,L,42,9,26,0.346,4,9,0.444,1,2,0.5,0,5,5,7,1,0,4,1,23,-9,0,2006-07,Regular Season,1503,Tracy McGrady
22006,1503,0020600239,2006-12-02,HOU vs. CLE,W,11,3,5,0.6,1,2,0.5,0,0,0.0,0,3,3,3,0,1,0,1,7,8,0,2006-07,Regular Season,1503,Tracy McGrady
22006,1503,0020600257,2006-12-05,HOU vs. GSW,W,34,13,25,0.52,2,8,0.25,3,4,0.75,1,1,2,7,3,1,5,1,31,19,0,2006-07,Regular Season,1503,Tracy McGrady
22006,1503,0020600267,2006-12-06,HOU @ MIN,L,38,5,21,0.238,0,3,0.0,4,6,0.667,3,7,10,7,0,2,5,3,14,-14,0,2006-07,Regular Season,1503,Tracy McGrady
22006,1503,0020600274,2006-12-08,HOU @ CHA,W,28,9,13,0.692,0,1,0.0,5,6,0.833,2,3,5,5,2,0,1,1,23,29,0,2006-07,Regular Season,1503,Tracy McGrady
22006,1503,0020600286,2006-12-09,HOU @ WAS,W,34,10,21,0.476,1,5,0.2,7,10,0.7,1,3,4,3,0,1,3,0,28,-3,0,2006-07,Regular Season,1503,Tracy McGrady
22006,1503,0020600405,2006-12-26,HOU @ IND,L,38,7,22,0.318,1,5,0.2,4,7,0.571,1,2,3,5,1,0,7,2,19,-8,0,2006-07,Regular Season,1503,Tracy McGrady
22006,1503,0020600419,2006-12-27,HOU @ NJN,W,35,4,16,0.25,1,4,0.25,8,8,1.0,1,2,3,6,1,1,5,1,17,21,0,2006-07,Regular Season,1503,Tracy McGrady
22006,1503,0020600437,2006-12-29,HOU vs. ATL,W,28,13,18,0.722,4,6,0.667,1,6,0.167,0,1,1,1,1,0,4,2,31,16,0,2006-07,Regular Season,1503,Tracy McGrady
22006,1503,0020600454,2006-12-31,HOU vs. MEM,W,39,15,30,0.5,5,8,0.625,3,4,0.75,2,7,9,3,1,0,4,1,38,9,0,2006-07,Regular Season,1503,Tracy McGrady
22006,1503,0020600473,2007-01-03,HOU vs. SEA,W,36,11,21,0.524,3,6,0.5,6,8,0.75,2,4,6,7,1,0,2,1,31,8,0,2006-07,Regular Season,1503,Tracy McGrady
22006,1503,0020600487,2007-01-05,HOU vs. UTA,W,35,14,31,0.452,3,10,0.3,13,16,0.813,1,8,9,2,1,0,1,4,44,12,0,2006-07,Regular Season,1503,Tracy McGrady
22006,1503,0020600499,2007-01-07,HOU @ MIN,L,39,12,29,0.414,2,6,0.333,5,10,0.5,2,4,6,4,1,1,5,2,31,-7,0,2006-07,Regular Season,1503,Tracy McGrady
22006,1503,0020600506,2007-01-08,HOU @ CHI,W,42,14,29,0.483,2,7,0.286,1,2,0.5,0,6,6,8,2,1,1,3,31,20,0,2006-07,Regular Season,1503,Tracy McGrady
22006,1503,0020600523,2007-01-10,HOU vs. LAL,W,35,4,16,0.25,0,7,0.0,0,2,0.0,1,4,5,12,1,0,2,2,8,16,0,2006-07,Regular Season,1503,Tracy McGrady
22006,1503,0020600538,2007-01-12,HOU @ DEN,W,39,5,17,0.294,0,4,0.0,2,9,0.222,0,8,8,11,2,0,1,1,12,7,0,2006-07,Regular Season,1503,Tracy McGrady
22006,1503,0020600550,2007-01-13,HOU @ SAC,W,42,12,31,0.387,3,7,0.429,10,11,0.909,0,2,2,9,2,0,1,4,37,10,0,2006-07,Regular Season,1503,Tracy McGrady
22006,1503,0020600566,2007-01-16,HOU @ DAL,L,41,17,29,0.586,4,11,0.364,7,9,0.778,0,5,5,7,1,1,1,1,45,0,0,2006-07,Regular Season,1503,Tracy McGrady
22006,1503,0020600600,2007-01-20,HOU vs. DEN,L,43,9,25,0.36,2,6,0.333,4,4,1.0,1,5,6,10,1,2,3,1,24,-13,0,2006-07,Regular Season,1503,Tracy McGrady
22006,1503,0020600627,2007-01-24,HOU @ SAS,W,36,14,24,0.583,1,2,0.5,8,9,0.889,1,7,8,3,0,1,6,3,37,-4,0,2006-07,Regular Season,1503,Tracy McGrady
22006,1503,0020600642,2007-01-26,HOU vs. POR,W,29,11,16,0.688,3,6,0.5,3,7,0.429,0,4,4,5,1,0,4,1,28,20,0,2006-07,Regular Season,1503,Tracy McGrady
22006,1503,0020600665,2007-01-29,HOU vs. PHI,W,30,8,14,0.571,2,6,0.333,7,7,1.0,0,4,4,5,2,0,2,1,25,26,0,2006-07,Regular Season,1503,Tracy McGrady
22006,1503,0020600682,2007-01-31,HOU vs. SEA,W,33,13,23,0.565,4,7,0.571,6,8,0.75,2,3,5,9,2,0,3,0,36,12,0,2006-07,Regular Season,1503,Tracy McGrady
22006,1503,0020600704,2007-02-03,HOU vs. NOK,L,38,7,16,0.438,2,4,0.5,2,4,0.5,1,2,3,5,3,0,3,1,18,-13,0,2006-07,Regular Season,1503,Tracy McGrady
22006,1503,0020600717,2007-02-05,HOU vs. MIN,W,30,12,27,0.444,2,4,0.5,6,8,0.75,3,2,5,4,2,0,2,1,32,26,0,2006-07,Regular Season,1503,Tracy McGrady
22006,1503,0020600723,2007-02-06,HOU @ MEM,W,39,12,26,0.462,1,4,0.25,8,8,1.0,0,6,6,8,1,0,2,1,33,4,0,2006-07,Regular Season,1503,Tracy McGrady
22006,1503,0020600746,2007-02-09,HOU @ DAL,L,28,7,16,0.438,1,1,1.0,5,5,1.0,1,2,3,3,2,0,0,2,20,-16,0,2006-07,Regular Season,1503,Tracy McGrady
22006,1503,0020600753,2007-02-10,HOU vs. CHA,W,28,6,17,0.353,0,4,0.0,4,6,0.667,0,2,2,2,2,0,4,2,16,8,0,2006-07,Regular Season,1503,Tracy McGrady
22006,1503,0020600773,2007-02-13,HOU vs. SAC,W,44,11,26,0.423,2,8,0.25,4,9,0.444,1,5,6,12,3,3,2,3,28,11,0,2006-07,Regular Season,1503,Tracy McGrady
22006,1503,0020600788,2007-02-15,HOU vs. DAL,L,40,9,21,0.429,3,6,0.5,6,11,0.545,0,10,10,1,0,0,2,4,27,-5,0,2006-07,Regular Season,1503,Tracy McGrady
22006,1503,0020600807,2007-02-21,HOU vs. MIA,W,41,12,24,0.5,4,9,0.444,4,6,0.667,0,3,3,8,3,1,7,3,32,19,0,2006-07,Regular Season,1503,Tracy McGrady
22006,1503,0020600819,2007-02-23,HOU @ ATL,L,42,12,28,0.429,4,10,0.4,9,11,0.818,0,3,3,4,0,1,0,0,37,-6,0,2006-07,Regular Season,1503,Tracy McGrady
22006,1503,0020600834,2007-02-25,HOU @ ORL,W,35,8,20,0.4,3,6,0.5,15,18,0.833,0,4,4,6,1,0,7,4,34,-5,0,2006-07,Regular Season,1503,Tracy McGrady
22006,1503,0020600861,2007-02-28,HOU vs. TOR,L,35,10,20,0.5,1,5,0.2,1,1,1.0,2,4,6,5,1,1,3,3,22,-9,0,2006-07,Regular Season,1503,Tracy McGrady
22006,1503,0020600876,2007-03-02,HOU @ DEN,W,32,11,30,0.367,2,6,0.333,4,4,1.0,2,4,6,7,2,0,3,3,28,21,0,2006-07,Regular Season,1503,Tracy McGrady
22006,1503,0020600883,2007-03-03,HOU vs. SAS,L,33,7,17,0.412,2,6,0.333,5,6,0.833,1,5,6,4,2,1,2,1,21,-21,0,2006-07,Regular Season,1503,Tracy McGrady
22006,1503,0020600895,2007-03-05,HOU @ CLE,L,39,10,32,0.313,3,10,0.3,2,5,0.4,0,7,7,4,0,0,3,0,25,3,0,2006-07,Regular Season,1503,Tracy McGrady
22006,1503,0020600910,2007-03-07,HOU @ BOS,W,34,7,16,0.438,3,6,0.5,8,10,0.8,0,2,2,9,1,0,6,3,25,30,0,2006-07,Regular Season,1503,Tracy McGrady
22006,1503,0020600923,2007-03-09,HOU vs. NJN,W,34,11,25,0.44,3,10,0.3,9,13,0.692,0,4,4,5,1,0,1,2,34,20,0,2006-07,Regular Season,1503,Tracy McGrady
22006,1503,0020600937,2007-03-11,HOU vs. ORL,W,33,6,17,0.353,1,4,0.25,6,8,0.75,0,3,3,10,2,0,2,4,19,8,0,2006-07,Regular Season,1503,Tracy McGrady
22006,1503,0020600946,2007-03-12,HOU @ PHX,L,39,8,28,0.286,1,4,0.25,2,5,0.4,1,6,7,4,0,0,3,0,19,-20,0,2006-07,Regular Season,1503,Tracy McGrady
22006,1503,0020600964,2007-03-14,HOU vs. LAC,W,39,6,17,0.353,1,7,0.143,8,10,0.8,0,3,3,9,3,1,3,1,21,12,0,2006-07,Regular Season,1503,Tracy McGrady
22006,1503,0020600970,2007-03-16,HOU @ TOR,W,35,10,21,0.476,2,5,0.4,2,6,0.333,0,5,5,7,1,0,2,2,24,16,0,2006-07,Regular Season,1503,Tracy McGrady
22006,1503,0020600992,2007-03-18,HOU @ PHI,W,28,7,17,0.412,3,5,0.6,4,4,1.0,1,3,4,8,1,0,1,2,21,35,0,2006-07,Regular Season,1503,Tracy McGrady
22006,1503,0020601004,2007-03-20,HOU vs. IND,W,36,7,21,0.333,1,5,0.2,5,6,0.833,1,8,9,10,1,1,3,3,20,13,0,2006-07,Regular Season,1503,Tracy McGrady
22006,1503,0020601018,2007-03-22,HOU vs. DET,W,35,9,24,0.375,0,3,0.0,2,4,0.5,0,5,5,8,0,0,2,2,20,8,0,2006-07,Regular Season,1503,Tracy McGrady
22006,1503,0020601039,2007-03-25,HOU @ NOK,L,36,12,20,0.6,1,4,0.25,6,9,0.667,1,4,5,6,0,0,2,0,31,-13,0,2006-07,Regular Season,1503,Tracy McGrady
22006,1503,0020601050,2007-03-26,HOU vs. MIL,W,37,9,18,0.5,2,6,0.333,2,3,0.667,1,3,4,10,4,1,1,2,22,15,0,2006-07,Regular Season,1503,Tracy McGrady
22006,1503,0020601068,2007-03-28,HOU @ LAC,W,40,12,30,0.4,0,4,0.0,3,5,0.6,0,5,5,8,1,1,4,1,27,4,0,2006-07,Regular Season,1503,Tracy McGrady
22006,1503,0020601081,2007-03-30,HOU @ LAL,W,44,7,24,0.292,1,4,0.25,15,16,0.938,1,4,5,10,0,0,4,4,30,0,0,2006-07,Regular Season,1503,Tracy McGrady
22006,1503,0020601097,2007-04-01,HOU vs. UTA,L,37,9,23,0.391,2,5,0.4,0,2,0.0,1,4,5,4,0,1,1,1,20,-2,0,2006-07,Regular Season,1503,Tracy McGrady
22006,1503,0020601115,2007-04-04,HOU vs. GSW,L,7,0,3,0.0,0,2,0.0,0,0,0.0,1,1,2,3,1,1,2,0,0,-7,0,2006-07,Regular Season,1503,Tracy McGrady
22006,1503,0020601148,2007-04-08,HOU @ SAC,W,40,14,28,0.5,3,6,0.5,9,12,0.75,2,6,8,10,2,1,6,2,40,6,0,2006-07,Regular Season,1503,Tracy McGrady
22006,1503,0020601155,2007-04-09,HOU @ SEA,W,41,10,24,0.417,0,2,0.0,7,10,0.7,0,5,5,5,3,1,4,3,27,4,0,2006-07,Regular Season,1503,Tracy McGrady
22006,1503,0020601172,2007-04-11,HOU @ POR,W,38,10,25,0.4,2,6,0.333,10,14,0.714,0,8,8,7,3,0,1,2,32,5,0,2006-07,Regular Season,1503,Tracy McGrady
22006,1503,0020601191,2007-04-14,HOU vs. NOK,W,40,11,18,0.611,0,1,0.0,3,3,1.0,0,7,7,10,3,1,4,2,25,6,0,2006-07,Regular Season,1503,Tracy McGrady
22006,1503,0020601207,2007-04-16,HOU vs. PHX,W,41,14,31,0.452,3,7,0.429,8,11,0.727,4,7,11,9,2,0,6,3,39,6,0,2006-07,Regular Season,1503,Tracy McGrady
42006,1503,0040600171,2007-04-21,HOU vs. UTA,W,40,8,17,0.471,3,5,0.6,4,6,0.667,0,4,4,7,1,2,4,0,23,7,0,2006-07,Playoffs,1503,Tracy McGrady
42006,1503,0040600172,2007-04-23,HOU vs. UTA,W,38,9,29,0.31,1,8,0.125,12,14,0.857,2,8,10,5,2,0,0,2,31,3,0,2006-07,Playoffs,1503,Tracy McGrady
42006,1503,0040600173,2007-04-26,HOU @ UTA,L,39,9,23,0.391,1,5,0.2,5,8,0.625,1,3,4,3,1,1,4,2,24,-5,0,2006-07,Playoffs,1503,Tracy McGrady
42006,1503,0040600174,2007-04-28,HOU @ UTA,L,37,6,18,0.333,1,3,0.333,5,6,0.833,0,4,4,4,0,0,2,5,18,-17,0,2006-07,Playoffs,1503,Tracy McGrady
42006,1503,0040600175,2007-04-30,HOU vs. UTA,W,43,11,25,0.44,2,5,0.4,2,4,0.5,0,4,4,16,1,0,4,2,26,6,0,2006-07,Playoffs,1503,Tracy McGrady
42006,1503,0040600176,2007-05-03,HOU @ UTA,L,41,8,23,0.348,1,6,0.167,9,10,0.9,2,8,10,3,0,0,5,0,26,-16,0,2006-07,Playoffs,1503,Tracy McGrady
42006,1503,0040600177,2007-05-05,HOU vs. UTA,L,42,12,25,0.48,0,4,0.0,5,9,0.556,0,5,5,13,0,3,2,1,29,-7,0,2006-07,Playoffs,1503,Tracy McGrady
22006,1713,0020600007,2006-11-01,NJN vs. TOR,W,40,10,16,0.625,1,4,0.25,4,4,1.0,0,11,11,6,0,0,1,3,25,8,0,2006-07,Regular Season,1713,Vince Carter
22006,1713,0020600023,2006-11-03,NJN @ MIA,L,43,11,23,0.478,2,8,0.25,3,3,1.0,0,4,4,4,1,0,4,2,27,-10,0,2006-07,Regular Season,1713,Vince Carter
22006,1713,0020600062,2006-11-08,NJN vs. UTA,W,39,10,24,0.417,1,5,0.2,9,12,0.75,3,5,8,2,1,0,0,1,30,17,0,2006-07,Regular Season,1713,Vince Carter
22006,1713,0020600078,2006-11-10,NJN vs. MIA,L,36,12,21,0.571,4,7,0.571,5,7,0.714,0,3,3,4,0,0,5,3,33,-14,0,2006-07,Regular Season,1713,Vince Carter
22006,1713,0020600091,2006-11-12,NJN @ WAS,W,42,10,22,0.455,5,8,0.625,9,10,0.9,0,2,2,7,3,2,2,5,34,9,0,2006-07,Regular Season,1713,Vince Carter
22006,1713,0020600098,2006-11-13,NJN vs. SEA,L,43,13,26,0.5,5,9,0.556,7,8,0.875,1,3,4,5,1,0,0,5,38,2,0,2006-07,Regular Season,1713,Vince Carter
22006,1713,0020600111,2006-11-15,NJN vs. MIL,W,36,6,15,0.4,1,4,0.25,2,4,0.5,2,5,7,1,0,0,3,4,15,9,0,2006-07,Regular Season,1713,Vince Carter
22006,1713,0020600119,2006-11-17,NJN @ IND,W,40,10,22,0.455,2,4,0.5,6,7,0.857,1,6,7,3,2,0,2,2,28,9,0,2006-07,Regular Season,1713,Vince Carter
22006,1713,0020600132,2006-11-18,NJN vs. POR,L,37,6,15,0.4,0,2,0.0,6,8,0.75,0,6,6,2,0,0,3,5,18,-24,0,2006-07,Regular Season,1713,Vince Carter
22006,1713,0020600149,2006-11-20,NJN @ SEA,L,41,9,22,0.409,1,4,0.25,8,11,0.727,0,3,3,3,1,0,8,3,27,-9,0,2006-07,Regular Season,1713,Vince Carter
22006,1713,0020600168,2006-11-22,NJN @ POR,L,40,15,23,0.652,2,7,0.286,3,3,1.0,1,2,3,2,0,0,0,4,35,6,0,2006-07,Regular Season,1713,Vince Carter
22006,1713,0020600182,2006-11-24,NJN @ PHX,L,32,10,23,0.435,0,4,0.0,3,4,0.75,2,1,3,1,1,0,2,3,23,-19,0,2006-07,Regular Season,1713,Vince Carter
22006,1713,0020600199,2006-11-26,NJN @ LAL,L,40,6,14,0.429,0,0,0.0,9,10,0.9,3,8,11,1,1,0,2,5,21,-3,0,2006-07,Regular Season,1713,Vince Carter
22006,1713,0020600205,2006-11-28,NJN vs. CHA,L,40,5,17,0.294,2,6,0.333,13,18,0.722,1,5,6,3,4,2,5,5,25,-3,0,2006-07,Regular Season,1713,Vince Carter
22006,1713,0020600215,2006-11-29,NJN @ BOS,W,38,6,15,0.4,1,2,0.5,10,10,1.0,1,8,9,6,3,0,1,1,23,-2,0,2006-07,Regular Season,1713,Vince Carter
22006,1713,0020600234,2006-12-02,NJN vs. PHI,W,41,15,22,0.682,3,6,0.5,8,9,0.889,3,5,8,4,0,0,2,3,41,11,0,2006-07,Regular Season,1713,Vince Carter
22006,1713,0020600255,2006-12-05,NJN vs. DAL,L,37,6,19,0.316,1,5,0.2,7,7,1.0,1,3,4,2,2,0,3,3,20,-10,0,2006-07,Regular Season,1713,Vince Carter
22006,1713,0020600271,2006-12-07,NJN vs. PHX,L,42,13,17,0.765,1,3,0.333,4,5,0.8,1,3,4,9,0,0,1,6,31,3,0,2006-07,Regular Season,1713,Vince Carter
22006,1713,0020600288,2006-12-09,NJN vs. BOS,L,39,7,17,0.412,2,6,0.333,3,6,0.5,1,10,11,3,2,2,2,5,19,3,0,2006-07,Regular Season,1713,Vince Carter
22006,1713,0020600302,2006-12-11,NJN vs. MEM,W,40,14,30,0.467,9,20,0.45,0,0,0.0,3,5,8,5,4,0,2,3,37,19,0,2006-07,Regular Season,1713,Vince Carter
22006,1713,0020600319,2006-12-13,NJN vs. MIL,W,38,12,23,0.522,6,11,0.545,6,8,0.75,2,4,6,9,0,0,1,4,36,19,0,2006-07,Regular Season,1713,Vince Carter
22006,1713,0020600329,2006-12-15,NJN @ TOR,L,34,4,17,0.235,0,6,0.0,4,8,0.5,1,5,6,2,0,0,3,2,12,-15,0,2006-07,Regular Season,1713,Vince Carter
22006,1713,0020600346,2006-12-16,NJN vs. DET,L,40,5,21,0.238,2,9,0.222,0,0,0.0,2,3,5,3,1,0,2,3,12,-15,0,2006-07,Regular Season,1713,Vince Carter
22006,1713,0020600356,2006-12-18,NJN vs. GSW,W,42,3,10,0.3,2,5,0.4,3,4,0.75,2,6,8,3,2,0,2,4,11,9,0,2006-07,Regular Season,1713,Vince Carter
22006,1713,0020600369,2006-12-20,NJN vs. CLE,W,39,10,18,0.556,4,5,0.8,14,18,0.778,0,6,6,5,0,0,3,4,38,11,0,2006-07,Regular Season,1713,Vince Carter
22006,1713,0020600381,2006-12-22,NJN vs. LAL,L,42,13,30,0.433,1,8,0.125,6,7,0.857,1,4,5,1,1,1,0,3,33,-2,0,2006-07,Regular Season,1713,Vince Carter
22006,1713,0020600400,2006-12-23,NJN @ MIL,L,36,6,16,0.375,3,9,0.333,3,3,1.0,0,5,5,5,1,0,2,4,18,-9,0,2006-07,Regular Season,1713,Vince Carter
22006,1713,0020600406,2006-12-26,NJN @ DET,L,43,6,17,0.353,2,4,0.5,14,15,0.933,0,3,3,5,2,1,3,5,28,0,0,2006-07,Regular Season,1713,Vince Carter
22006,1713,0020600419,2006-12-27,NJN vs. HOU,L,32,4,16,0.25,0,1,0.0,4,6,0.667,2,3,5,5,0,0,2,1,12,-23,0,2006-07,Regular Season,1713,Vince Carter
22006,1713,0020600432,2006-12-29,NJN @ MIA,W,40,8,18,0.444,3,8,0.375,4,4,1.0,1,5,6,9,2,0,4,0,23,3,0,2006-07,Regular Season,1713,Vince Carter
22006,1713,0020600444,2006-12-30,NJN vs. MIN,W,34,6,16,0.375,1,6,0.167,1,2,0.5,2,4,6,4,2,0,4,4,14,-3,0,2006-07,Regular Season,1713,Vince Carter
22006,1713,0020600482,2007-01-05,NJN vs. CHI,W,34,7,15,0.467,2,5,0.4,5,7,0.714,1,4,5,4,0,0,5,5,21,0,0,2006-07,Regular Season,1713,Vince Carter
22006,1713,0020600492,2007-01-06,NJN @ CLE,L,39,6,13,0.462,0,3,0.0,6,7,0.857,1,6,7,3,1,1,5,5,18,-5,0,2006-07,Regular Season,1713,Vince Carter
22006,1713,0020600510,2007-01-09,NJN vs. TOR,W,39,12,23,0.522,2,4,0.5,6,8,0.75,1,4,5,7,1,1,2,3,32,36,0,2006-07,Regular Season,1713,Vince Carter
22006,1713,0020600528,2007-01-11,NJN @ CHI,W,42,7,21,0.333,1,4,0.25,3,4,0.75,3,7,10,6,0,0,3,2,18,8,0,2006-07,Regular Season,1713,Vince Carter
22006,1713,0020600545,2007-01-13,NJN @ MIN,L,32,10,19,0.526,1,4,0.25,3,4,0.75,2,2,4,2,1,1,3,4,24,-6,0,2006-07,Regular Season,1713,Vince Carter
22006,1713,0020600560,2007-01-15,NJN vs. IND,W,38,11,26,0.423,5,8,0.625,4,4,1.0,2,4,6,6,2,2,2,2,31,19,0,2006-07,Regular Season,1713,Vince Carter
22006,1713,0020600570,2007-01-17,NJN @ CHA,W,37,12,22,0.545,2,7,0.286,0,0,0.0,2,2,4,5,1,0,2,5,26,-2,0,2006-07,Regular Season,1713,Vince Carter
22006,1713,0020600585,2007-01-19,NJN @ NYK,W,39,7,23,0.304,0,6,0.0,2,5,0.4,3,3,6,7,1,0,1,3,16,-5,0,2006-07,Regular Season,1713,Vince Carter
22006,1713,0020600597,2007-01-20,NJN vs. ORL,W,37,10,23,0.435,1,6,0.167,6,6,1.0,0,5,5,5,0,1,1,3,27,7,0,2006-07,Regular Season,1713,Vince Carter
22006,1713,0020600613,2007-01-22,NJN @ SAC,L,28,4,11,0.364,0,3,0.0,0,2,0.0,0,3,3,5,1,0,5,4,8,-8,0,2006-07,Regular Season,1713,Vince Carter
22006,1713,0020600631,2007-01-24,NJN @ GSW,L,38,8,17,0.471,2,4,0.5,5,6,0.833,0,3,3,13,1,0,4,5,23,4,0,2006-07,Regular Season,1713,Vince Carter
22006,1713,0020600633,2007-01-25,NJN @ LAC,L,34,13,18,0.722,2,3,0.667,5,9,0.556,1,2,3,3,1,0,5,3,33,7,0,2006-07,Regular Season,1713,Vince Carter
22006,1713,0020600652,2007-01-27,NJN @ DEN,W,41,14,23,0.609,0,5,0.0,12,14,0.857,4,3,7,6,1,2,2,2,40,-5,0,2006-07,Regular Season,1713,Vince Carter
22006,1713,0020600667,2007-01-29,NJN @ UTA,W,29,10,15,0.667,3,4,0.75,10,13,0.769,0,3,3,3,1,0,1,4,33,-4,0,2006-07,Regular Season,1713,Vince Carter
22006,1713,0020600679,2007-01-31,NJN vs. DET,L,32,4,15,0.267,0,2,0.0,3,7,0.429,2,2,4,5,0,0,3,3,11,-18,0,2006-07,Regular Season,1713,Vince Carter
22006,1713,0020600690,2007-02-02,NJN @ ORL,L,30,8,18,0.444,1,3,0.333,8,11,0.727,0,4,4,2,3,0,1,1,25,-28,0,2006-07,Regular Season,1713,Vince Carter
22006,1713,0020600710,2007-02-04,NJN vs. ATL,L,45,10,18,0.556,2,4,0.5,5,6,0.833,3,4,7,8,1,2,3,2,27,-10,0,2006-07,Regular Season,1713,Vince Carter
22006,1713,0020600712,2007-02-05,NJN @ PHI,L,41,8,23,0.348,1,5,0.2,6,8,0.75,1,9,10,5,0,0,4,3,23,-12,0,2006-07,Regular Season,1713,Vince Carter
22006,1713,0020600728,2007-02-07,NJN @ ATL,W,40,10,17,0.588,1,1,1.0,1,2,0.5,2,7,9,1,0,0,3,4,22,8,0,2006-07,Regular Season,1713,Vince Carter
22006,1713,0020600743,2007-02-09,NJN @ BOS,W,37,7,17,0.412,2,6,0.333,5,6,0.833,1,6,7,5,4,0,3,3,21,12,0,2006-07,Regular Season,1713,Vince Carter
22006,1713,0020600749,2007-02-10,NJN vs. ORL,W,35,12,23,0.522,4,8,0.5,4,5,0.8,2,1,3,1,1,1,2,4,32,5,0,2006-07,Regular Season,1713,Vince Carter
22006,1713,0020600768,2007-02-13,NJN vs. SAS,L,31,7,14,0.5,0,3,0.0,4,6,0.667,1,5,6,5,2,0,4,2,18,-18,0,2006-07,Regular Season,1713,Vince Carter
22006,1713,0020600775,2007-02-14,NJN @ TOR,L,38,5,15,0.333,3,5,0.6,4,7,0.571,0,6,6,10,0,0,4,4,17,-5,0,2006-07,Regular Season,1713,Vince Carter
22006,1713,0020600804,2007-02-21,NJN vs. NOK,L,32,15,25,0.6,4,10,0.4,12,12,1.0,0,2,2,2,0,0,3,5,46,5,0,2006-07,Regular Season,1713,Vince Carter
22006,1713,0020600817,2007-02-23,NJN vs. SAC,W,39,10,16,0.625,0,2,0.0,6,7,0.857,2,9,11,5,0,1,4,2,26,5,0,2006-07,Regular Season,1713,Vince Carter
22006,1713,0020600837,2007-02-25,NJN vs. NYK,W,41,13,27,0.481,3,8,0.375,11,12,0.917,1,8,9,8,2,0,2,3,40,13,0,2006-07,Regular Season,1713,Vince Carter
22006,1713,0020600852,2007-02-27,NJN vs. WAS,W,37,9,24,0.375,2,7,0.286,7,9,0.778,2,1,3,6,0,0,2,3,27,28,0,2006-07,Regular Season,1713,Vince Carter
22006,1713,0020600879,2007-03-03,NJN vs. BOS,L,43,8,23,0.348,0,3,0.0,9,14,0.643,2,8,10,3,0,2,4,5,25,-10,0,2006-07,Regular Season,1713,Vince Carter
22006,1713,0020600892,2007-03-04,NJN @ PHI,L,38,4,20,0.2,1,3,0.333,0,0,0.0,2,4,6,5,0,0,1,3,9,-4,0,2006-07,Regular Season,1713,Vince Carter
22006,1713,0020600903,2007-03-06,NJN @ DAL,L,43,10,25,0.4,0,2,0.0,12,13,0.923,0,6,6,8,1,0,0,2,32,-1,0,2006-07,Regular Season,1713,Vince Carter
22006,1713,0020600923,2007-03-09,NJN @ HOU,L,28,5,17,0.294,1,5,0.2,3,3,1.0,1,2,3,2,1,0,3,4,14,-20,0,2006-07,Regular Season,1713,Vince Carter
22006,1713,0020600931,2007-03-10,NJN @ SAS,L,40,7,18,0.389,0,5,0.0,3,3,1.0,0,7,7,2,0,0,4,4,17,-13,0,2006-07,Regular Season,1713,Vince Carter
22006,1713,0020600945,2007-03-12,NJN @ MEM,W,41,10,19,0.526,3,6,0.5,7,8,0.875,3,7,10,5,1,1,3,0,30,18,0,2006-07,Regular Season,1713,Vince Carter
22006,1713,0020600951,2007-03-13,NJN @ NOK,W,39,8,15,0.533,2,4,0.5,3,6,0.5,1,2,3,7,0,0,3,5,21,9,0,2006-07,Regular Season,1713,Vince Carter
22006,1713,0020600967,2007-03-15,NJN vs. MIA,L,41,4,15,0.267,1,3,0.333,3,4,0.75,0,5,5,5,0,0,6,4,12,-9,0,2006-07,Regular Season,1713,Vince Carter
22006,1713,0020600990,2007-03-18,NJN vs. LAC,W,39,10,20,0.5,1,2,0.5,1,1,1.0,1,3,4,4,3,0,0,3,22,-1,0,2006-07,Regular Season,1713,Vince Carter
22006,1713,0020600997,2007-03-20,NJN vs. DEN,L,37,10,24,0.417,1,3,0.333,8,9,0.889,3,4,7,9,1,0,4,6,29,-1,0,2006-07,Regular Season,1713,Vince Carter
22006,1713,0020601022,2007-03-23,NJN @ ORL,L,39,9,22,0.409,2,7,0.286,7,8,0.875,3,4,7,5,1,0,3,2,27,-8,0,2006-07,Regular Season,1713,Vince Carter
22006,1713,0020601032,2007-03-24,NJN @ CHA,W,47,13,20,0.65,3,6,0.5,11,13,0.846,1,4,5,4,1,1,2,5,40,2,0,2006-07,Regular Season,1713,Vince Carter
22006,1713,0020601062,2007-03-28,NJN vs. IND,W,34,3,9,0.333,1,4,0.25,6,7,0.857,4,4,8,4,2,0,3,1,13,23,0,2006-07,Regular Season,1713,Vince Carter
22006,1713,0020601076,2007-03-30,NJN @ DET,L,40,9,25,0.36,4,8,0.5,5,5,1.0,3,4,7,6,1,0,1,2,27,-2,0,2006-07,Regular Season,1713,Vince Carter
22006,1713,0020601085,2007-03-31,NJN vs. PHI,W,25,8,16,0.5,1,1,1.0,2,4,0.5,2,3,5,2,0,0,2,4,19,6,0,2006-07,Regular Season,1713,Vince Carter
22006,1713,0020601110,2007-04-04,NJN vs. ATL,W,37,8,16,0.5,3,7,0.429,5,6,0.833,1,3,4,8,0,1,2,3,24,32,0,2006-07,Regular Season,1713,Vince Carter
22006,1713,0020601129,2007-04-06,NJN @ CHI,L,30,8,22,0.364,0,4,0.0,5,5,1.0,0,5,5,2,0,0,1,2,21,-22,0,2006-07,Regular Season,1713,Vince Carter
22006,1713,0020601136,2007-04-07,NJN vs. WAS,W,47,16,28,0.571,7,13,0.538,7,9,0.778,4,12,16,10,1,3,5,2,46,12,0,2006-07,Regular Season,1713,Vince Carter
22006,1713,0020601158,2007-04-10,NJN @ WAS,W,43,8,20,0.4,2,6,0.333,13,13,1.0,1,2,3,6,2,0,3,3,31,2,0,2006-07,Regular Season,1713,Vince Carter
22006,1713,0020601173,2007-04-12,NJN @ CLE,L,35,10,18,0.556,2,4,0.5,4,5,0.8,0,3,3,4,0,0,4,3,26,-19,0,2006-07,Regular Season,1713,Vince Carter
22006,1713,0020601177,2007-04-13,NJN vs. NYK,W,41,9,18,0.5,1,6,0.167,6,6,1.0,1,5,6,7,1,0,0,1,25,28,0,2006-07,Regular Season,1713,Vince Carter
22006,1713,0020601196,2007-04-15,NJN @ IND,W,40,12,25,0.48,3,7,0.429,8,10,0.8,1,4,5,4,0,1,4,3,35,-2,0,2006-07,Regular Season,1713,Vince Carter
22006,1713,0020601203,2007-04-16,NJN @ NYK,W,41,7,14,0.5,3,5,0.6,12,13,0.923,3,9,12,10,2,0,5,2,29,16,0,2006-07,Regular Season,1713,Vince Carter
22006,1713,0020601222,2007-04-18,NJN vs. CHI,W,41,10,23,0.435,3,7,0.429,1,3,0.333,3,7,10,9,2,1,1,3,24,11,0,2006-07,Regular Season,1713,Vince Carter
42006,1713,0040600121,2007-04-21,NJN @ TOR,W,33,5,19,0.263,1,3,0.333,5,8,0.625,0,7,7,3,1,3,3,4,16,-11,0,2006-07,Playoffs,1713,Vince Carter
42006,1713,0040600122,2007-04-24,NJN @ TOR,L,43,8,24,0.333,1,7,0.143,2,4,0.5,2,9,11,5,3,0,4,4,19,-8,0,2006-07,Playoffs,1713,Vince Carter
42006,1713,0040600123,2007-04-27,NJN vs. TOR,W,42,15,23,0.652,2,4,0.5,5,6,0.833,0,2,2,5,0,1,3,3,37,17,0,2006-07,Playoffs,1713,Vince Carter
42006,1713,0040600124,2007-04-29,NJN vs. TOR,W,30,9,15,0.6,5,8,0.625,4,9,0.444,0,7,7,7,0,1,2,3,27,38,0,2006-07,Playoffs,1713,Vince Carter
42006,1713,0040600125,2007-05-01,NJN @ TOR,L,45,10,22,0.455,4,7,0.571,6,10,0.6,3,2,5,2,1,0,3,2,30,0,0,2006-07,Playoffs,1713,Vince Carter
42006,1713,0040600126,2007-05-04,NJN vs. TOR,W,42,6,19,0.316,2,3,0.667,7,8,0.875,1,4,5,2,0,0,4,1,21,-6,0,2006-07,Playoffs,1713,Vince Carter
42006,1713,0040600211,2007-05-06,NJN @ CLE,L,45,7,23,0.304,1,6,0.167,6,6,1.0,2,11,13,6,1,1,3,1,21,1,0,2006-07,Playoffs,1713,Vince Carter
42006,1713,0040600212,2007-05-08,NJN @ CLE,L,44,10,26,0.385,2,3,0.667,4,4,1.0,2,4,6,7,2,0,3,3,26,-12,0,2006-07,Playoffs,1713,Vince Carter
42006,1713,0040600213,2007-05-12,NJN vs. CLE,W,39,8,19,0.421,0,4,0.0,7,10,0.7,1,5,6,4,0,0,1,3,23,20,0,2006-07,Playoffs,1713,Vince Carter
42006,1713,0040600214,2007-05-14,NJN vs. CLE,L,40,6,23,0.261,3,6,0.5,10,14,0.714,2,7,9,9,2,0,4,4,25,-6,0,2006-07,Playoffs,1713,Vince Carter
42006,1713,0040600215,2007-05-16,NJN @ CLE,W,43,5,11,0.455,0,1,0.0,2,4,0.5,2,4,6,10,0,0,3,4,12,15,0,2006-07,Playoffs,1713,Vince Carter
42006,1713,0040600216,2007-05-18,NJN vs. CLE,L,41,4,11,0.364,0,2,0.0,3,5,0.6,2,3,5,4,1,1,5,3,11,-11,0,2006-07,Playoffs,1713,Vince Carter
22006,951,0020600013,2006-11-01,SEA vs. POR,L,39,9,20,0.45,2,7,0.286,2,2,1.0,1,0,1,3,1,0,1,0,22,3,0,2006-07,Regular Season,951,Ray Allen
22006,951,0020600029,2006-11-03,SEA @ LAL,L,41,10,24,0.417,3,12,0.25,7,7,1.0,1,4,5,5,6,0,3,4,30,-2,0,2006-07,Regular Season,951,Ray Allen
22006,951,0020600044,2006-11-05,SEA vs. LAL,W,36,10,16,0.625,3,4,0.75,9,9,1.0,2,1,3,6,1,1,3,3,32,10,0,2006-07,Regular Season,951,Ray Allen
22006,951,0020600054,2006-11-07,SEA @ MIA,L,38,5,17,0.294,4,7,0.571,4,6,0.667,3,1,4,3,1,1,4,1,18,-8,0,2006-07,Regular Season,951,Ray Allen
22006,951,0020600060,2006-11-08,SEA @ ORL,L,10,7,15,0.467,4,8,0.5,3,3,1.0,2,2,4,3,1,0,0,2,21,-8,0,2006-07,Regular Season,951,Ray Allen
22006,951,0020600075,2006-11-10,SEA @ CHA,W,40,8,17,0.471,4,8,0.5,6,7,0.857,0,2,2,1,0,0,4,2,26,14,0,2006-07,Regular Season,951,Ray Allen
22006,951,0020600082,2006-11-11,SEA @ ATL,W,46,14,30,0.467,1,6,0.167,4,4,1.0,0,5,5,4,2,1,1,4,33,8,0,2006-07,Regular Season,951,Ray Allen
22006,951,0020600098,2006-11-13,SEA @ NJN,W,42,8,18,0.444,1,8,0.125,5,6,0.833,1,2,3,2,1,0,2,2,22,-2,0,2006-07,Regular Season,951,Ray Allen
22006,951,0020600116,2006-11-15,SEA vs. PHI,L,43,9,23,0.391,2,8,0.25,2,3,0.667,1,1,2,2,2,0,1,3,22,-7,0,2006-07,Regular Season,951,Ray Allen
22006,951,0020600128,2006-11-17,SEA vs. UTA,L,39,9,17,0.529,1,6,0.167,13,14,0.929,0,5,5,3,1,0,6,3,32,0,0,2006-07,Regular Season,951,Ray Allen
22006,951,0020600141,2006-11-18,SEA @ GSW,L,46,11,21,0.524,4,9,0.444,8,8,1.0,1,10,11,3,1,0,4,3,34,-10,0,2006-07,Regular Season,951,Ray Allen
22006,951,0020600149,2006-11-20,SEA vs. NJN,W,44,11,21,0.524,4,11,0.364,3,3,1.0,1,8,9,5,3,0,0,2,29,11,0,2006-07,Regular Season,951,Ray Allen
22006,951,0020600169,2006-11-22,SEA @ LAC,W,39,7,20,0.35,2,9,0.222,7,9,0.778,0,1,1,3,0,0,3,0,23,8,0,2006-07,Regular Season,951,Ray Allen
22006,951,0020600183,2006-11-24,SEA vs. SAC,L,35,6,22,0.273,2,8,0.25,4,4,1.0,0,1,1,4,3,1,3,4,18,-2,0,2006-07,Regular Season,951,Ray Allen
22006,951,0020600198,2006-11-26,SEA vs. SAS,L,39,9,20,0.45,0,4,0.0,3,3,1.0,2,1,3,1,1,1,2,1,21,-11,0,2006-07,Regular Season,951,Ray Allen
22006,951,0020600219,2006-11-29,SEA vs. ORL,L,42,7,17,0.412,2,9,0.222,5,5,1.0,1,3,4,5,0,1,1,3,21,-10,0,2006-07,Regular Season,951,Ray Allen
22006,951,0020600233,2006-12-01,SEA vs. IND,W,40,8,21,0.381,0,5,0.0,2,2,1.0,2,4,6,3,3,0,3,2,18,3,0,2006-07,Regular Season,951,Ray Allen
22006,951,0020600241,2006-12-02,SEA @ UTA,L,42,8,19,0.421,4,9,0.444,13,14,0.929,0,4,4,2,1,0,5,2,33,7,0,2006-07,Regular Season,951,Ray Allen
22006,951,0020600402,2006-12-23,SEA vs. TOR,W,41,9,15,0.6,5,6,0.833,5,6,0.833,0,6,6,5,0,0,4,2,28,10,0,2006-07,Regular Season,951,Ray Allen
22006,951,0020600413,2006-12-26,SEA vs. NOK,W,43,7,15,0.467,3,6,0.5,4,8,0.5,1,3,4,8,2,2,4,1,21,7,0,2006-07,Regular Season,951,Ray Allen
22006,951,0020600436,2006-12-29,SEA @ MIN,L,33,4,16,0.25,0,7,0.0,6,6,1.0,1,4,5,4,1,0,2,2,14,-23,0,2006-07,Regular Season,951,Ray Allen
22006,951,0020600457,2006-12-31,SEA vs. BOS,W,42,7,20,0.35,1,5,0.2,0,0,0.0,3,3,6,2,2,0,5,3,15,3,0,2006-07,Regular Season,951,Ray Allen
22006,951,0020600464,2007-01-02,SEA @ DAL,L,36,9,18,0.5,5,8,0.625,4,6,0.667,1,1,2,1,1,0,2,3,27,-23,0,2006-07,Regular Season,951,Ray Allen
22006,951,0020600473,2007-01-03,SEA @ HOU,L,43,13,22,0.591,2,7,0.286,4,5,0.8,0,3,3,2,0,0,2,0,32,-14,0,2006-07,Regular Season,951,Ray Allen
22006,951,0020600490,2007-01-05,SEA vs. NYK,L,36,3,10,0.3,0,3,0.0,5,6,0.833,1,1,2,2,3,0,0,1,11,-12,0,2006-07,Regular Season,951,Ray Allen
22006,951,0020600497,2007-01-06,SEA @ GSW,L,37,11,17,0.647,7,11,0.636,9,9,1.0,2,0,2,4,2,0,5,5,38,-1,0,2006-07,Regular Season,951,Ray Allen
22006,951,0020600514,2007-01-09,SEA @ PHX,L,44,9,23,0.391,3,11,0.273,4,4,1.0,0,2,2,9,3,0,1,1,25,-7,0,2006-07,Regular Season,951,Ray Allen
22006,951,0020600526,2007-01-10,SEA vs. MIA,L,42,11,27,0.407,3,9,0.333,4,5,0.8,2,4,6,7,0,0,1,0,29,-5,0,2006-07,Regular Season,951,Ray Allen
22006,951,0020600541,2007-01-12,SEA vs. UTA,W,43,17,32,0.531,8,12,0.667,12,12,1.0,3,7,10,5,1,0,2,2,54,10,0,2006-07,Regular Season,951,Ray Allen
22006,951,0020600567,2007-01-16,SEA vs. CLE,W,44,6,21,0.286,2,10,0.2,8,8,1.0,0,4,4,11,0,0,4,0,22,10,0,2006-07,Regular Season,951,Ray Allen
22006,951,0020600591,2007-01-19,SEA vs. MIL,W,27,8,13,0.615,4,5,0.8,1,1,1.0,1,3,4,3,1,0,1,0,21,25,0,2006-07,Regular Season,951,Ray Allen
22006,951,0020600619,2007-01-23,SEA vs. DEN,L,41,16,31,0.516,6,17,0.353,6,8,0.75,1,2,3,5,3,0,2,1,44,5,0,2006-07,Regular Season,951,Ray Allen
22006,951,0020600645,2007-01-26,SEA vs. MIN,W,43,14,30,0.467,4,8,0.5,4,5,0.8,2,1,3,4,1,0,2,3,36,4,0,2006-07,Regular Season,951,Ray Allen
22006,951,0020600660,2007-01-28,SEA vs. LAC,L,29,5,11,0.455,1,4,0.25,4,4,1.0,0,3,3,1,0,0,2,1,15,-28,0,2006-07,Regular Season,951,Ray Allen
22006,951,0020600673,2007-01-30,SEA @ DAL,L,39,14,24,0.583,3,10,0.3,4,5,0.8,1,5,6,7,2,0,5,5,35,-7,0,2006-07,Regular Season,951,Ray Allen
22006,951,0020600682,2007-01-31,SEA @ HOU,L,45,15,28,0.536,4,8,0.5,2,2,1.0,1,4,5,6,1,0,5,1,36,-4,0,2006-07,Regular Season,951,Ray Allen
22006,951,0020600698,2007-02-02,SEA vs. CHI,L,42,9,28,0.321,3,10,0.3,8,9,0.889,0,2,2,3,4,0,1,4,29,-5,0,2006-07,Regular Season,951,Ray Allen
22006,951,0020600713,2007-02-05,SEA @ WAS,L,44,11,27,0.407,2,10,0.2,5,5,1.0,4,3,7,7,5,1,6,4,29,-13,0,2006-07,Regular Season,951,Ray Allen
22006,951,0020600730,2007-02-07,SEA @ IND,W,42,10,22,0.455,4,10,0.4,9,9,1.0,1,4,5,9,0,0,2,2,33,-8,0,2006-07,Regular Season,951,Ray Allen
22006,951,0020600755,2007-02-10,SEA vs. SAC,L,43,8,21,0.381,3,8,0.375,10,13,0.769,1,2,3,5,3,0,5,1,29,-24,0,2006-07,Regular Season,951,Ray Allen
22006,951,0020600764,2007-02-11,SEA @ SAC,W,41,10,23,0.435,3,7,0.429,2,2,1.0,1,4,5,4,1,0,2,3,25,14,0,2006-07,Regular Season,951,Ray Allen
22006,951,0020600785,2007-02-14,SEA vs. PHX,W,35,11,19,0.579,5,9,0.556,4,4,1.0,1,5,6,4,2,0,2,2,31,11,0,2006-07,Regular Season,951,Ray Allen
22006,951,0020600798,2007-02-20,SEA vs. MEM,W,40,11,20,0.55,4,5,0.8,1,1,1.0,1,5,6,5,3,0,1,1,27,24,0,2006-07,Regular Season,951,Ray Allen
22006,951,0020600821,2007-02-23,SEA @ NOK,L,39,11,20,0.55,5,8,0.625,5,5,1.0,1,5,6,6,1,0,7,1,32,-3,0,2006-07,Regular Season,951,Ray Allen
22006,951,0020600828,2007-02-24,SEA @ SAS,L,30,4,20,0.2,2,6,0.333,2,2,1.0,0,3,3,3,1,0,3,1,12,-19,0,2006-07,Regular Season,951,Ray Allen
22006,951,0020600848,2007-02-26,SEA vs. POR,W,37,6,13,0.462,3,6,0.5,1,1,1.0,2,8,10,6,0,1,3,2,16,25,0,2006-07,Regular Season,951,Ray Allen
22006,951,0020600864,2007-02-28,SEA @ LAC,L,41,8,22,0.364,1,3,0.333,2,2,1.0,3,2,5,2,0,0,4,0,19,-1,0,2006-07,Regular Season,951,Ray Allen
22006,951,0020600893,2007-03-04,SEA vs. CHA,W,41,13,25,0.52,5,12,0.417,3,3,1.0,0,2,2,0,0,0,2,2,34,-1,0,2006-07,Regular Season,951,Ray Allen
22006,951,0020600901,2007-03-06,SEA @ NYK,W,44,9,22,0.409,3,9,0.333,8,9,0.889,1,7,8,7,2,0,3,4,29,-2,0,2006-07,Regular Season,951,Ray Allen
22006,951,0020600908,2007-03-07,SEA @ PHI,L,41,10,27,0.37,3,13,0.231,6,7,0.857,0,3,3,3,2,0,3,5,29,-7,0,2006-07,Regular Season,951,Ray Allen
22006,951,0020600920,2007-03-09,SEA @ BOS,L,43,8,21,0.381,2,9,0.222,4,4,1.0,1,4,5,5,2,0,1,1,22,-15,0,2006-07,Regular Season,951,Ray Allen
22006,951,0020600934,2007-03-11,SEA @ TOR,L,46,14,28,0.5,4,7,0.571,4,5,0.8,1,8,9,2,0,0,3,2,36,-8,0,2006-07,Regular Season,951,Ray Allen
22006,951,0020600956,2007-03-13,SEA vs. DET,L,42,7,24,0.292,5,9,0.556,8,8,1.0,0,7,7,6,1,0,6,1,27,4,0,2006-07,Regular Season,951,Ray Allen
22006,951,0020600987,2007-03-17,SEA vs. GSW,L,40,7,21,0.333,2,8,0.25,9,9,1.0,1,5,6,3,3,1,5,3,25,4,0,2006-07,Regular Season,951,Ray Allen
22006,951,0020600993,2007-03-18,SEA @ POR,W,43,4,19,0.211,2,9,0.222,2,2,1.0,0,0,0,4,1,0,0,2,12,16,0,2006-07,Regular Season,951,Ray Allen
22006,1497,0020600008,2006-11-01,DET vs. MIL,L,36,6,14,0.429,1,6,0.167,12,12,1.0,1,5,6,8,0,0,2,1,25,-6,0,2006-07,Regular Season,1497,Chauncey Billups
22006,1497,0020600021,2006-11-03,DET @ BOS,W,36,4,12,0.333,0,3,0.0,12,14,0.857,0,1,1,11,2,0,0,2,20,15,0,2006-07,Regular Season,1497,Chauncey Billups
22006,1497,0020600034,2006-11-04,DET vs. MEM,W,29,1,9,0.111,0,4,0.0,5,6,0.833,0,3,3,10,0,1,1,5,7,11,0,2006-07,Regular Season,1497,Chauncey Billups
22006,1497,0020600049,2006-11-06,DET @ UTA,L,32,3,10,0.3,1,4,0.25,3,4,0.75,0,2,2,4,2,0,2,1,10,-16,0,2006-07,Regular Season,1497,Chauncey Billups
22006,1497,0020600068,2006-11-08,DET @ SAC,L,38,7,14,0.5,4,9,0.444,7,8,0.875,1,1,2,4,0,0,4,3,25,-9,0,2006-07,Regular Season,1497,Chauncey Billups
22006,1497,0020600081,2006-11-10,DET @ LAL,W,40,6,12,0.5,2,4,0.5,7,8,0.875,0,4,4,9,2,1,4,3,21,15,0,2006-07,Regular Season,1497,Chauncey Billups
22006,1497,0020600089,2006-11-11,DET @ GSW,L,31,4,11,0.364,1,4,0.25,2,2,1.0,0,0,0,3,0,1,2,4,11,-24,0,2006-07,Regular Season,1497,Chauncey Billups
22006,1497,0020600113,2006-11-15,DET vs. NOK,L,39,10,17,0.588,2,5,0.4,7,8,0.875,0,4,4,9,2,0,1,2,29,4,0,2006-07,Regular Season,1497,Chauncey Billups
22006,1497,0020600123,2006-11-17,DET vs. WAS,W,39,3,8,0.375,1,2,0.5,5,6,0.833,1,1,2,10,0,0,2,3,12,16,0,2006-07,Regular Season,1497,Chauncey Billups
22006,1497,0020600134,2006-11-18,DET vs. HOU,W,42,8,17,0.471,4,6,0.667,3,3,1.0,0,3,3,9,1,0,0,0,23,18,0,2006-07,Regular Season,1497,Chauncey Billups
22006,1497,0020600151,2006-11-21,DET @ PHI,W,37,3,7,0.429,2,5,0.4,3,4,0.75,0,3,3,11,0,0,2,1,11,14,0,2006-07,Regular Season,1497,Chauncey Billups
22006,1497,0020600161,2006-11-22,DET vs. ATL,W,40,6,13,0.462,2,4,0.5,10,12,0.833,0,1,1,10,3,0,1,2,24,12,0,2006-07,Regular Season,1497,Chauncey Billups
22006,1497,0020600175,2006-11-24,DET vs. CHA,W,36,3,12,0.25,1,6,0.167,2,2,1.0,0,3,3,10,2,0,4,1,9,10,0,2006-07,Regular Season,1497,Chauncey Billups
22006,1497,0020600184,2006-11-25,DET @ WAS,W,37,4,7,0.571,3,5,0.6,18,19,0.947,1,4,5,7,2,0,1,2,29,-6,0,2006-07,Regular Season,1497,Chauncey Billups
22006,1497,0020600222,2006-11-30,DET @ MIA,W,40,3,8,0.375,3,5,0.6,2,3,0.667,0,1,1,7,1,0,5,4,11,1,0,2006-07,Regular Season,1497,Chauncey Billups
22006,1497,0020600227,2006-12-01,DET vs. NYK,W,40,8,9,0.889,2,3,0.667,4,4,1.0,0,2,2,16,2,0,4,0,22,26,0,2006-07,Regular Season,1497,Chauncey Billups
22006,1497,0020600245,2006-12-03,DET @ CHA,L,38,5,14,0.357,1,7,0.143,3,3,1.0,0,2,2,7,1,0,2,2,14,-7,0,2006-07,Regular Season,1497,Chauncey Billups
22006,1497,0020600256,2006-12-05,DET vs. POR,L,40,5,12,0.417,4,9,0.444,3,3,1.0,3,4,7,8,0,0,3,2,17,1,0,2006-07,Regular Season,1497,Chauncey Billups
22006,1497,0020600272,2006-12-07,DET @ DAL,W,37,5,14,0.357,0,3,0.0,2,3,0.667,0,3,3,11,5,0,5,5,12,2,0,2006-07,Regular Season,1497,Chauncey Billups
22006,1497,0020600275,2006-12-08,DET @ ORL,W,38,11,16,0.688,3,6,0.5,6,8,0.75,0,6,6,3,0,0,3,2,31,12,0,2006-07,Regular Season,1497,Chauncey Billups
22006,1497,0020600318,2006-12-13,DET @ IND,L,35,5,13,0.385,2,4,0.5,10,10,1.0,0,2,2,5,0,1,3,3,22,-9,0,2006-07,Regular Season,1497,Chauncey Billups
22006,1497,0020600346,2006-12-16,DET @ NJN,W,37,11,15,0.733,2,4,0.5,3,6,0.5,0,2,2,11,5,0,1,2,27,-1,0,2006-07,Regular Season,1497,Chauncey Billups
22006,1497,0020600354,2006-12-17,DET vs. SEA,W,36,7,16,0.438,3,5,0.6,4,4,1.0,0,3,3,8,2,1,3,2,21,3,0,2006-07,Regular Season,1497,Chauncey Billups
22006,1497,0020600377,2006-12-21,DET @ CLE,W,37,4,13,0.308,2,4,0.5,7,7,1.0,0,3,3,10,0,0,0,1,17,20,0,2006-07,Regular Season,1497,Chauncey Billups
22006,1497,0020600395,2006-12-23,DET vs. ATL,W,29,3,5,0.6,1,3,0.333,2,2,1.0,1,2,3,5,1,2,0,1,9,25,0,2006-07,Regular Season,1497,Chauncey Billups
22006,1497,0020600406,2006-12-26,DET vs. NJN,W,39,1,10,0.1,0,5,0.0,4,4,1.0,0,4,4,7,1,0,1,3,6,8,0,2006-07,Regular Season,1497,Chauncey Billups
22006,1497,0020600420,2006-12-27,DET @ NYK,L,52,3,13,0.231,2,9,0.222,9,11,0.818,0,4,4,10,1,1,2,5,17,2,0,2006-07,Regular Season,1497,Chauncey Billups
22006,1497,0020600434,2006-12-29,DET vs. IND,L,40,7,19,0.368,4,8,0.5,5,6,0.833,1,11,12,5,1,1,4,2,23,1,0,2006-07,Regular Season,1497,Chauncey Billups
22006,1497,0020600571,2007-01-17,DET vs. UTA,L,36,8,17,0.471,4,7,0.571,6,6,1.0,0,4,4,7,0,1,1,2,26,5,0,2006-07,Regular Season,1497,Chauncey Billups
22006,1497,0020600588,2007-01-19,DET @ MIN,W,47,7,14,0.5,4,6,0.667,7,9,0.778,0,3,3,8,2,0,4,5,25,18,0,2006-07,Regular Season,1497,Chauncey Billups
22006,1497,0020600596,2007-01-20,DET vs. SAC,W,26,1,4,0.25,0,3,0.0,3,4,0.75,0,4,4,4,1,1,0,0,5,7,0,2006-07,Regular Season,1497,Chauncey Billups
22006,1497,0020600622,2007-01-24,DET @ CHA,W,38,4,14,0.286,3,8,0.375,2,2,1.0,1,3,4,6,4,0,2,1,13,10,0,2006-07,Regular Season,1497,Chauncey Billups
22006,1497,0020600638,2007-01-26,DET vs. WAS,L,37,4,10,0.4,3,5,0.6,6,8,0.75,0,9,9,4,0,0,1,2,17,-6,0,2006-07,Regular Season,1497,Chauncey Billups
22006,1497,0020600659,2007-01-28,DET vs. IND,W,40,3,7,0.429,1,1,1.0,10,10,1.0,1,1,2,6,0,0,2,4,17,14,0,2006-07,Regular Season,1497,Chauncey Billups
22006,1497,0020600668,2007-01-30,DET @ WAS,L,42,9,17,0.529,2,4,0.5,4,5,0.8,2,2,4,8,2,0,5,5,24,2,0,2006-07,Regular Season,1497,Chauncey Billups
22006,1497,0020600679,2007-01-31,DET @ NJN,W,30,3,7,0.429,0,3,0.0,12,12,1.0,0,2,2,4,1,0,2,0,18,17,0,2006-07,Regular Season,1497,Chauncey Billups
22006,1497,0020600695,2007-02-02,DET vs. MIL,W,36,6,13,0.462,0,4,0.0,8,8,1.0,1,2,3,8,1,0,3,2,20,20,0,2006-07,Regular Season,1497,Chauncey Billups
22006,1497,0020600711,2007-02-04,DET @ CLE,W,41,4,9,0.444,1,2,0.5,9,10,0.9,0,3,3,10,2,0,5,1,18,11,0,2006-07,Regular Season,1497,Chauncey Billups
22006,1497,0020600721,2007-02-06,DET vs. BOS,W,37,8,12,0.667,3,4,0.75,5,6,0.833,0,4,4,7,0,1,0,1,24,17,0,2006-07,Regular Season,1497,Chauncey Billups
22006,1497,0020600735,2007-02-08,DET vs. LAL,W,35,3,7,0.429,0,2,0.0,0,0,0.0,0,0,0,9,4,1,1,1,6,26,0,2006-07,Regular Season,1497,Chauncey Billups
22006,1497,0020600750,2007-02-10,DET vs. TOR,W,36,3,11,0.273,0,4,0.0,8,9,0.889,0,5,5,9,1,0,0,2,14,-1,0,2006-07,Regular Season,1497,Chauncey Billups
22006,1497,0020600765,2007-02-12,DET vs. LAC,W,28,4,8,0.5,0,3,0.0,3,3,1.0,0,2,2,2,1,0,1,1,11,17,0,2006-07,Regular Season,1497,Chauncey Billups
22006,1497,0020600781,2007-02-14,DET vs. SAS,L,42,7,17,0.412,0,5,0.0,5,6,0.833,0,7,7,6,1,0,4,1,19,0,0,2006-07,Regular Season,1497,Chauncey Billups
22006,1497,0020600793,2007-02-20,DET @ MIL,W,39,7,13,0.538,2,4,0.5,3,3,1.0,0,5,5,6,2,1,3,3,19,-4,0,2006-07,Regular Season,1497,Chauncey Billups
22006,1497,0020600805,2007-02-21,DET vs. ORL,W,31,6,11,0.545,1,3,0.333,4,4,1.0,0,0,0,7,0,0,2,3,17,15,0,2006-07,Regular Season,1497,Chauncey Billups
22006,1497,0020600816,2007-02-23,DET @ ORL,W,38,7,14,0.5,2,5,0.4,12,13,0.923,0,3,3,4,3,0,4,5,28,6,0,2006-07,Regular Season,1497,Chauncey Billups
22006,1497,0020600832,2007-02-25,DET vs. CHI,W,40,3,11,0.273,2,5,0.4,7,7,1.0,0,1,1,9,2,0,2,3,15,2,0,2006-07,Regular Season,1497,Chauncey Billups
22006,1497,0020600872,2007-03-02,DET @ MIA,L,39,2,14,0.143,0,6,0.0,5,6,0.833,0,2,2,5,1,0,2,2,9,0,0,2006-07,Regular Season,1497,Chauncey Billups
22006,1497,0020600882,2007-03-03,DET @ MEM,W,40,5,11,0.455,1,3,0.333,8,9,0.889,1,4,5,9,1,0,1,2,19,7,0,2006-07,Regular Season,1497,Chauncey Billups
22006,1497,0020600897,2007-03-05,DET vs. GSW,L,27,2,5,0.4,0,1,0.0,7,7,1.0,0,2,2,5,0,0,2,2,11,-14,0,2006-07,Regular Season,1497,Chauncey Billups
22006,1497,0020600912,2007-03-07,DET vs. CLE,L,46,2,10,0.2,0,6,0.0,12,13,0.923,0,7,7,14,1,0,3,4,16,-15,0,2006-07,Regular Season,1497,Chauncey Billups
22006,1497,0020600924,2007-03-09,DET @ DEN,W,37,6,17,0.353,0,5,0.0,4,5,0.8,0,1,1,3,1,0,1,5,16,15,0,2006-07,Regular Season,1497,Chauncey Billups
22006,1497,0020600935,2007-03-11,DET @ LAC,W,37,6,12,0.5,3,5,0.6,2,2,1.0,2,4,6,12,4,1,1,1,17,19,0,2006-07,Regular Season,1497,Chauncey Billups
22006,1497,0020600956,2007-03-13,DET @ SEA,W,36,4,10,0.4,2,5,0.4,4,5,0.8,0,1,1,2,0,0,2,3,14,3,0,2006-07,Regular Season,1497,Chauncey Billups
22006,1497,0020600966,2007-03-14,DET @ POR,W,34,4,9,0.444,1,3,0.333,0,0,0.0,0,4,4,9,1,0,1,2,9,4,0,2006-07,Regular Season,1497,Chauncey Billups
22006,1497,0020600976,2007-03-16,DET @ PHX,W,13,2,4,0.5,0,0,0.0,2,3,0.667,0,3,3,2,1,0,2,0,6,-1,0,2006-07,Regular Season,1497,Chauncey Billups
22006,1497,0020601018,2007-03-22,DET @ HOU,L,36,5,14,0.357,1,5,0.2,2,3,0.667,0,6,6,6,1,0,0,1,13,-4,0,2006-07,Regular Season,1497,Chauncey Billups
22006,1497,0020601028,2007-03-23,DET @ SAS,L,25,3,10,0.3,0,4,0.0,7,7,1.0,0,2,2,2,0,0,2,2,13,-16,0,2006-07,Regular Season,1497,Chauncey Billups
22006,1497,0020601038,2007-03-25,DET @ MIL,W,38,5,10,0.5,1,3,0.333,1,2,0.5,0,5,5,2,0,0,4,1,12,15,0,2006-07,Regular Season,1497,Chauncey Billups
22006,1497,0020601048,2007-03-26,DET vs. DEN,W,47,11,23,0.478,3,8,0.375,9,10,0.9,2,3,5,10,1,0,3,3,34,18,0,2006-07,Regular Season,1497,Chauncey Billups
22006,1497,0020601069,2007-03-29,DET @ CHI,L,40,3,16,0.188,0,4,0.0,6,7,0.857,1,3,4,7,0,1,1,5,12,-5,0,2006-07,Regular Season,1497,Chauncey Billups
22006,1497,0020601076,2007-03-30,DET vs. NJN,W,40,7,17,0.412,4,9,0.444,14,14,1.0,0,3,3,14,0,0,0,5,32,10,0,2006-07,Regular Season,1497,Chauncey Billups
22006,1497,0020601088,2007-04-01,DET vs. MIA,W,35,7,14,0.5,1,3,0.333,2,3,0.667,1,4,5,2,2,0,3,1,17,1,0,2006-07,Regular Season,1497,Chauncey Billups
22006,1497,0020601101,2007-04-03,DET @ IND,W,28,4,8,0.5,0,1,0.0,3,4,0.75,0,3,3,4,1,0,0,3,11,19,0,2006-07,Regular Season,1497,Chauncey Billups
22006,1497,0020601112,2007-04-04,DET vs. CHI,L,29,4,8,0.5,0,2,0.0,9,12,0.75,0,1,1,2,0,0,0,2,17,-18,0,2006-07,Regular Season,1497,Chauncey Billups
22006,1497,0020601143,2007-04-08,DET vs. CLE,W,42,4,10,0.4,2,5,0.4,4,5,0.8,1,4,5,12,3,1,3,2,14,12,0,2006-07,Regular Season,1497,Chauncey Billups
22006,1497,0020601149,2007-04-09,DET @ NYK,W,37,6,11,0.545,4,6,0.667,6,8,0.75,0,1,1,6,1,0,0,3,22,2,0,2006-07,Regular Season,1497,Chauncey Billups
22006,1497,0020601166,2007-04-11,DET vs. ORL,W,35,10,13,0.769,3,4,0.75,5,5,1.0,1,3,4,8,2,0,3,2,28,13,0,2006-07,Regular Season,1497,Chauncey Billups
22006,1497,0020601201,2007-04-15,DET vs. PHI,L,22,2,5,0.4,2,5,0.4,0,0,0.0,0,1,1,4,0,0,0,2,6,-9,0,2006-07,Regular Season,1497,Chauncey Billups
22006,1497,0020601214,2007-04-17,DET vs. TOR,W,21,1,8,0.125,0,3,0.0,0,0,0.0,0,3,3,10,0,0,2,2,2,0,0,2006-07,Regular Season,1497,Chauncey Billups
42006,1497,0040600101,2007-04-21,DET vs. ORL,W,41,5,13,0.385,1,6,0.167,11,12,0.917,0,4,4,11,2,1,5,5,22,18,0,2006-07,Playoffs,1497,Chauncey Billups
42006,1497,0040600102,2007-04-23,DET vs. ORL,W,42,7,12,0.583,2,5,0.4,5,6,0.833,0,2,2,8,1,0,1,2,21,10,0,2006-07,Playoffs,1497,Chauncey Billups
42006,1497,0040600103,2007-04-26,DET @ ORL,W,38,8,13,0.615,2,3,0.667,3,6,0.5,0,6,6,3,2,0,3,1,21,16,0,2006-07,Playoffs,1497,Chauncey Billups
42006,1497,0040600104,2007-04-28,DET @ ORL,W,46,6,12,0.5,3,6,0.5,10,10,1.0,1,3,4,6,0,0,2,3,25,6,0,2006-07,Playoffs,1497,Chauncey Billups
42006,1497,0040600201,2007-05-05,DET vs. CHI,W,28,7,14,0.5,3,5,0.6,3,4,0.75,0,1,1,4,2,0,4,3,20,5,0,2006-07,Playoffs,1497,Chauncey Billups
42006,1497,0040600202,2007-05-07,DET vs. CHI,W,39,4,11,0.364,3,6,0.5,3,4,0.75,1,0,1,10,0,0,2,2,14,32,0,2006-07,Playoffs,1497,Chauncey Billups
42006,1497,0040600203,2007-05-10,DET @ CHI,W,42,7,17,0.412,3,8,0.375,4,6,0.667,0,4,4,7,2,0,3,0,21,11,0,2006-07,Playoffs,1497,Chauncey Billups
42006,1497,0040600204,2007-05-13,DET @ CHI,L,35,5,14,0.357,2,6,0.333,11,14,0.786,2,1,3,8,1,0,2,6,23,-4,0,2006-07,Playoffs,1497,Chauncey Billups
42006,1497,0040600205,2007-05-15,DET vs. CHI,L,34,5,12,0.417,3,7,0.429,4,4,1.0,0,3,3,6,2,0,1,4,17,-2,0,2006-07,Playoffs,1497,Chauncey Billups
42006,1497,0040600206,2007-05-17,DET @ CHI,W,42,3,12,0.25,1,5,0.2,14,14,1.0,0,2,2,7,2,0,0,3,21,10,0,2006-07,Playoffs,1497,Chauncey Billups
42006,1497,0040600301,2007-05-21,DET vs. CLE,W,39,4,6,0.667,2,4,0.5,3,4,0.75,1,4,5,5,0,0,7,2,13,5,0,2006-07,Playoffs,1497,Chauncey Billups
42006,1497,0040600302,2007-05-24,DET vs. CLE,W,43,4,7,0.571,2,2,1.0,3,3,1.0,0,1,1,6,0,0,5,1,13,11,0,2006-07,Playoffs,1497,Chauncey Billups
42006,1497,0040600303,2007-05-27,DET @ CLE,L,38,4,14,0.286,2,8,0.25,3,4,0.75,0,1,1,3,2,0,5,1,13,-5,0,2006-07,Playoffs,1497,Chauncey Billups
42006,1497,0040600304,2007-05-29,DET @ CLE,L,45,6,16,0.375,2,9,0.222,9,10,0.9,2,7,9,2,1,0,5,3,23,2,0,2006-07,Playoffs,1497,Chauncey Billups
42006,1497,0040600305,2007-05-31,DET vs. CLE,L,53,6,13,0.462,3,7,0.429,6,9,0.667,0,7,7,4,0,0,1,2,21,5,0,2006-07,Playoffs,1497,Chauncey Billups
42006,1497,0040600306,2007-06-02,DET @ CLE,L,44,3,7,0.429,1,3,0.333,2,3,0.667,0,0,0,1,2,1,0,1,9,-11,0,2006-07,Playoffs,1497,Chauncey Billups
22006,739,0020600008,2006-11-01,DET vs. MIL,L,23,0,3,0.0,0,0,0.0,0,0,0.0,0,3,3,2,1,2,1,2,0,-11,0,2006-07,Regular Season,739,Rasheed Wallace
22006,739,0020600021,2006-11-03,DET @ BOS,W,36,7,15,0.467,2,4,0.5,2,4,0.5,3,6,9,3,0,1,1,2,18,9,0,2006-07,Regular Season,739,Rasheed Wallace
22006,739,0020600034,2006-11-04,DET vs. MEM,W,33,7,9,0.778,0,1,0.0,1,2,0.5,0,13,13,2,0,2,5,4,15,16,0,2006-07,Regular Season,739,Rasheed Wallace
22006,739,0020600049,2006-11-06,DET @ UTA,L,41,9,18,0.5,1,3,0.333,6,9,0.667,2,10,12,0,0,4,1,4,25,0,0,2006-07,Regular Season,739,Rasheed Wallace
22006,739,0020600068,2006-11-08,DET @ SAC,L,37,0,9,0.0,0,2,0.0,0,0,0.0,2,13,15,2,3,0,5,4,0,-15,0,2006-07,Regular Season,739,Rasheed Wallace
22006,739,0020600081,2006-11-10,DET @ LAL,W,33,6,12,0.5,2,4,0.5,1,1,1.0,0,7,7,1,0,2,0,5,15,12,0,2006-07,Regular Season,739,Rasheed Wallace
22006,739,0020600089,2006-11-11,DET @ GSW,L,26,3,6,0.5,0,1,0.0,2,2,1.0,2,6,8,3,0,1,1,3,8,-27,0,2006-07,Regular Season,739,Rasheed Wallace
22006,739,0020600113,2006-11-15,DET vs. NOK,L,40,5,11,0.455,2,7,0.286,2,3,0.667,2,7,9,3,0,3,0,3,14,6,0,2006-07,Regular Season,739,Rasheed Wallace
22006,739,0020600123,2006-11-17,DET vs. WAS,W,41,8,19,0.421,3,4,0.75,1,2,0.5,3,7,10,3,0,3,2,2,20,11,0,2006-07,Regular Season,739,Rasheed Wallace
22006,739,0020600134,2006-11-18,DET vs. HOU,W,34,6,11,0.545,1,4,0.25,2,3,0.667,3,8,11,2,0,3,0,4,15,14,0,2006-07,Regular Season,739,Rasheed Wallace
22006,739,0020600151,2006-11-21,DET @ PHI,W,38,8,14,0.571,2,6,0.333,3,3,1.0,1,10,11,2,1,3,1,3,21,16,0,2006-07,Regular Season,739,Rasheed Wallace
22006,739,0020600161,2006-11-22,DET vs. ATL,W,39,6,14,0.429,2,4,0.5,0,0,0.0,3,10,13,1,0,2,1,4,14,13,0,2006-07,Regular Season,739,Rasheed Wallace
22006,739,0020600175,2006-11-24,DET vs. CHA,W,38,7,12,0.583,3,6,0.5,2,2,1.0,1,8,9,2,3,1,0,3,19,9,0,2006-07,Regular Season,739,Rasheed Wallace
22006,739,0020600184,2006-11-25,DET @ WAS,W,31,4,13,0.308,2,6,0.333,3,4,0.75,1,4,5,1,0,1,1,3,13,-10,0,2006-07,Regular Season,739,Rasheed Wallace
22006,739,0020600222,2006-11-30,DET @ MIA,W,38,3,7,0.429,2,4,0.5,0,0,0.0,1,8,9,2,0,2,1,2,8,-1,0,2006-07,Regular Season,739,Rasheed Wallace
22006,739,0020600227,2006-12-01,DET vs. NYK,W,33,3,12,0.25,0,3,0.0,0,0,0.0,2,13,15,2,1,2,2,4,6,11,0,2006-07,Regular Season,739,Rasheed Wallace
22006,739,0020600245,2006-12-03,DET @ CHA,L,38,6,13,0.462,0,3,0.0,7,8,0.875,2,6,8,3,3,2,1,2,19,-7,0,2006-07,Regular Season,739,Rasheed Wallace
22006,739,0020600256,2006-12-05,DET vs. POR,L,40,3,10,0.3,1,3,0.333,0,0,0.0,2,7,9,2,1,2,0,5,7,5,0,2006-07,Regular Season,739,Rasheed Wallace
22006,739,0020600272,2006-12-07,DET @ DAL,W,34,7,14,0.5,5,8,0.625,0,2,0.0,2,7,9,0,1,2,1,3,19,16,0,2006-07,Regular Season,739,Rasheed Wallace
22006,739,0020600275,2006-12-08,DET @ ORL,W,31,5,12,0.417,2,3,0.667,1,2,0.5,1,3,4,0,0,2,2,6,13,3,0,2006-07,Regular Season,739,Rasheed Wallace
22006,739,0020600318,2006-12-13,DET @ IND,L,37,5,9,0.556,2,4,0.5,2,2,1.0,1,5,6,0,0,2,2,4,14,-1,0,2006-07,Regular Season,739,Rasheed Wallace
22006,739,0020600377,2006-12-21,DET @ CLE,W,27,4,12,0.333,0,3,0.0,1,2,0.5,0,6,6,0,1,0,2,1,9,8,0,2006-07,Regular Season,739,Rasheed Wallace
22006,739,0020600395,2006-12-23,DET vs. ATL,W,26,3,6,0.5,1,3,0.333,0,0,0.0,1,7,8,3,0,2,0,2,7,21,0,2006-07,Regular Season,739,Rasheed Wallace
22006,739,0020600406,2006-12-26,DET vs. NJN,W,36,8,12,0.667,4,7,0.571,1,2,0.5,0,5,5,3,1,3,0,4,21,7,0,2006-07,Regular Season,739,Rasheed Wallace
22006,739,0020600420,2006-12-27,DET @ NYK,L,37,4,14,0.286,0,4,0.0,1,1,1.0,6,3,9,1,1,0,1,6,9,-4,0,2006-07,Regular Season,739,Rasheed Wallace
22006,739,0020600434,2006-12-29,DET vs. IND,L,22,2,4,0.5,1,1,1.0,1,2,0.5,0,7,7,0,0,0,2,2,6,-26,0,2006-07,Regular Season,739,Rasheed Wallace
22006,739,0020600453,2006-12-31,DET vs. PHX,L,36,4,17,0.235,0,7,0.0,2,2,1.0,1,5,6,4,1,1,1,3,10,-9,0,2006-07,Regular Season,739,Rasheed Wallace
22006,739,0020600476,2007-01-04,DET @ NOK,W,27,1,4,0.25,0,1,0.0,0,0,0.0,0,10,10,0,0,1,2,0,2,9,0,2006-07,Regular Season,739,Rasheed Wallace
22006,739,0020600494,2007-01-06,DET @ CHI,L,28,3,8,0.375,0,1,0.0,2,2,1.0,1,6,7,1,1,3,1,2,8,-16,0,2006-07,Regular Season,739,Rasheed Wallace
22006,739,0020600508,2007-01-09,DET @ PHI,W,29,4,9,0.444,0,4,0.0,0,0,0.0,1,5,6,2,1,1,3,1,8,6,0,2006-07,Regular Season,739,Rasheed Wallace
22006,739,0020600520,2007-01-10,DET vs. CHA,L,32,5,11,0.455,3,5,0.6,0,0,0.0,0,6,6,0,3,2,1,1,13,7,0,2006-07,Regular Season,739,Rasheed Wallace
22006,739,0020600534,2007-01-12,DET @ ATL,L,40,7,17,0.412,0,1,0.0,3,4,0.75,2,6,8,0,0,3,1,4,17,5,0,2006-07,Regular Season,739,Rasheed Wallace
22006,739,0020600543,2007-01-13,DET vs. BOS,W,34,3,13,0.231,2,5,0.4,2,2,1.0,1,10,11,1,2,2,1,1,10,8,0,2006-07,Regular Season,739,Rasheed Wallace
22006,739,0020600561,2007-01-15,DET vs. MIN,L,44,1,11,0.091,1,3,0.333,0,0,0.0,1,9,10,1,2,0,2,6,3,-1,0,2006-07,Regular Season,739,Rasheed Wallace
22006,739,0020600571,2007-01-17,DET vs. UTA,L,29,5,12,0.417,1,2,0.5,0,0,0.0,1,5,6,1,1,1,3,5,11,-9,0,2006-07,Regular Season,739,Rasheed Wallace
22006,739,0020600588,2007-01-19,DET @ MIN,W,44,8,16,0.5,1,6,0.167,1,2,0.5,0,9,9,2,3,1,3,3,18,9,0,2006-07,Regular Season,739,Rasheed Wallace
22006,739,0020600596,2007-01-20,DET vs. SAC,W,15,3,7,0.429,0,2,0.0,0,0,0.0,0,3,3,0,0,1,2,4,6,7,0,2006-07,Regular Season,739,Rasheed Wallace
22006,739,0020600622,2007-01-24,DET @ CHA,W,35,7,9,0.778,2,2,1.0,4,4,1.0,4,1,5,3,4,1,2,1,20,-2,0,2006-07,Regular Season,739,Rasheed Wallace
22006,739,0020600638,2007-01-26,DET vs. WAS,L,34,5,14,0.357,2,6,0.333,2,2,1.0,2,6,8,5,1,1,0,3,14,-8,0,2006-07,Regular Season,739,Rasheed Wallace
22006,739,0020600659,2007-01-28,DET vs. IND,W,30,6,16,0.375,1,4,0.25,7,7,1.0,2,5,7,0,3,5,3,5,20,11,0,2006-07,Regular Season,739,Rasheed Wallace
22006,739,0020600668,2007-01-30,DET @ WAS,L,35,7,12,0.583,1,4,0.25,0,0,0.0,2,6,8,3,0,2,1,4,15,4,0,2006-07,Regular Season,739,Rasheed Wallace
22006,739,0020600679,2007-01-31,DET @ NJN,W,21,0,7,0.0,0,1,0.0,0,0,0.0,0,6,6,4,0,1,0,3,0,14,0,2006-07,Regular Season,739,Rasheed Wallace
22006,739,0020600695,2007-02-02,DET vs. MIL,W,37,5,14,0.357,2,5,0.4,2,2,1.0,0,7,7,3,1,1,1,2,14,9,0,2006-07,Regular Season,739,Rasheed Wallace
22006,739,0020600711,2007-02-04,DET @ CLE,W,37,6,15,0.4,1,3,0.333,2,2,1.0,3,10,13,1,1,1,0,1,15,11,0,2006-07,Regular Season,739,Rasheed Wallace
22006,739,0020600721,2007-02-06,DET vs. BOS,W,24,4,7,0.571,0,1,0.0,0,0,0.0,1,1,2,1,0,0,1,1,8,12,0,2006-07,Regular Season,739,Rasheed Wallace
22006,739,0020600735,2007-02-08,DET vs. LAL,W,37,7,13,0.538,3,3,1.0,1,1,1.0,3,7,10,2,3,3,2,2,18,21,0,2006-07,Regular Season,739,Rasheed Wallace
22006,739,0020600750,2007-02-10,DET vs. TOR,W,40,12,22,0.545,3,7,0.429,1,1,1.0,1,6,7,1,0,2,3,4,28,12,0,2006-07,Regular Season,739,Rasheed Wallace
22006,739,0020600765,2007-02-12,DET vs. LAC,W,30,3,8,0.375,2,5,0.4,2,2,1.0,2,4,6,1,0,2,1,3,10,24,0,2006-07,Regular Season,739,Rasheed Wallace
22006,739,0020600781,2007-02-14,DET vs. SAS,L,40,5,15,0.333,1,5,0.2,2,2,1.0,0,7,7,3,1,1,2,3,13,-3,0,2006-07,Regular Season,739,Rasheed Wallace
22006,739,0020600793,2007-02-20,DET @ MIL,W,38,7,19,0.368,2,5,0.4,0,0,0.0,3,8,11,4,0,3,1,4,16,-6,0,2006-07,Regular Season,739,Rasheed Wallace
22006,739,0020600805,2007-02-21,DET vs. ORL,W,23,2,8,0.25,0,4,0.0,0,1,0.0,0,6,6,4,3,0,1,4,4,13,0,2006-07,Regular Season,739,Rasheed Wallace
22006,739,0020600816,2007-02-23,DET @ ORL,W,37,3,9,0.333,2,6,0.333,6,6,1.0,3,7,10,2,1,3,2,4,14,6,0,2006-07,Regular Season,739,Rasheed Wallace
22006,739,0020600832,2007-02-25,DET vs. CHI,W,23,2,11,0.182,2,5,0.4,0,0,0.0,1,2,3,2,1,2,2,0,6,-7,0,2006-07,Regular Season,739,Rasheed Wallace
22006,739,0020600912,2007-03-07,DET vs. CLE,L,38,3,8,0.375,1,5,0.2,0,0,0.0,0,6,6,1,0,0,0,4,7,-16,0,2006-07,Regular Season,739,Rasheed Wallace
22006,739,0020600924,2007-03-09,DET @ DEN,W,34,4,13,0.308,3,6,0.5,6,7,0.857,0,10,10,5,4,1,2,3,17,14,0,2006-07,Regular Season,739,Rasheed Wallace
22006,739,0020600956,2007-03-13,DET @ SEA,W,36,5,12,0.417,2,6,0.333,3,4,0.75,0,4,4,2,3,3,2,2,15,-5,0,2006-07,Regular Season,739,Rasheed Wallace
22006,739,0020600966,2007-03-14,DET @ POR,W,30,4,10,0.4,0,3,0.0,0,0,0.0,1,4,5,2,1,3,1,3,8,5,0,2006-07,Regular Season,739,Rasheed Wallace
22006,739,0020600976,2007-03-16,DET @ PHX,W,39,8,17,0.471,4,6,0.667,0,0,0.0,0,4,4,3,2,3,1,2,20,14,0,2006-07,Regular Season,739,Rasheed Wallace
22006,739,0020600989,2007-03-18,DET vs. DAL,L,41,6,15,0.4,0,4,0.0,1,1,1.0,2,4,6,3,1,3,2,2,13,-5,0,2006-07,Regular Season,739,Rasheed Wallace
22006,739,0020601000,2007-03-20,DET vs. PHI,W,27,5,8,0.625,2,4,0.5,0,0,0.0,0,3,3,4,3,0,0,2,12,25,0,2006-07,Regular Season,739,Rasheed Wallace
22006,739,0020601018,2007-03-22,DET @ HOU,L,31,5,11,0.455,0,5,0.0,3,4,0.75,0,9,9,1,0,1,0,5,13,-11,0,2006-07,Regular Season,739,Rasheed Wallace
22006,739,0020601028,2007-03-23,DET @ SAS,L,38,8,18,0.444,1,5,0.2,4,4,1.0,2,5,7,1,1,2,1,4,21,8,0,2006-07,Regular Season,739,Rasheed Wallace
22006,739,0020601048,2007-03-26,DET vs. DEN,W,34,6,15,0.4,2,6,0.333,8,9,0.889,1,8,9,3,1,0,3,5,22,7,0,2006-07,Regular Season,739,Rasheed Wallace
22006,739,0020601069,2007-03-29,DET @ CHI,L,41,8,16,0.5,3,6,0.5,0,0,0.0,0,7,7,2,1,1,1,3,19,-11,0,2006-07,Regular Season,739,Rasheed Wallace
22006,739,0020601076,2007-03-30,DET vs. NJN,W,37,8,10,0.8,5,6,0.833,1,4,0.25,0,6,6,0,3,0,1,3,22,-2,0,2006-07,Regular Season,739,Rasheed Wallace
22006,739,0020601088,2007-04-01,DET vs. MIA,W,37,6,13,0.462,2,5,0.4,0,0,0.0,2,4,6,2,0,2,0,5,14,13,0,2006-07,Regular Season,739,Rasheed Wallace
22006,739,0020601101,2007-04-03,DET @ IND,W,21,5,6,0.833,0,0,0.0,0,0,0.0,2,3,5,0,0,0,1,1,10,5,0,2006-07,Regular Season,739,Rasheed Wallace
22006,739,0020601112,2007-04-04,DET vs. CHI,L,30,6,11,0.545,4,5,0.8,0,0,0.0,2,1,3,0,1,0,1,4,16,-13,0,2006-07,Regular Season,739,Rasheed Wallace
22006,739,0020601143,2007-04-08,DET vs. CLE,W,22,3,9,0.333,0,4,0.0,4,4,1.0,0,2,2,1,0,0,2,4,10,-4,0,2006-07,Regular Season,739,Rasheed Wallace
22006,739,0020601149,2007-04-09,DET @ NYK,W,28,3,7,0.429,0,3,0.0,0,0,0.0,2,4,6,1,1,2,1,3,6,4,0,2006-07,Regular Season,739,Rasheed Wallace
22006,739,0020601166,2007-04-11,DET vs. ORL,W,23,4,8,0.5,1,3,0.333,0,0,0.0,0,2,2,0,1,3,0,4,9,-5,0,2006-07,Regular Season,739,Rasheed Wallace
22006,739,0020601175,2007-04-13,DET @ TOR,L,19,1,7,0.143,0,4,0.0,0,0,0.0,0,5,5,0,1,0,0,1,2,0,0,2006-07,Regular Season,739,Rasheed Wallace
22006,739,0020601201,2007-04-15,DET vs. PHI,L,13,1,3,0.333,1,1,1.0,0,0,0.0,0,0,0,1,0,1,0,2,3,-2,0,2006-07,Regular Season,739,Rasheed Wallace
22006,739,0020601214,2007-04-17,DET vs. TOR,W,21,3,8,0.375,2,5,0.4,0,0,0.0,0,6,6,0,1,2,0,1,8,0,0,2006-07,Regular Season,739,Rasheed Wallace
22006,739,0020601221,2007-04-18,DET @ BOS,W,9,1,3,0.333,1,3,0.333,0,2,0.0,0,4,4,1,0,0,0,1,3,-1,0,2006-07,Regular Season,739,Rasheed Wallace
42006,739,0040600101,2007-04-21,DET vs. ORL,W,35,6,12,0.5,3,5,0.6,1,2,0.5,1,5,6,1,1,0,0,3,16,14,0,2006-07,Playoffs,739,Rasheed Wallace
42006,739,0040600102,2007-04-23,DET vs. ORL,W,37,7,15,0.467,3,6,0.5,0,0,0.0,1,10,11,3,0,3,0,4,17,13,0,2006-07,Playoffs,739,Rasheed Wallace
42006,739,0040600103,2007-04-26,DET @ ORL,W,30,6,13,0.462,3,3,1.0,0,0,0.0,2,4,6,0,0,1,0,4,15,0,0,2006-07,Playoffs,739,Rasheed Wallace
42006,739,0040600104,2007-04-28,DET @ ORL,W,35,3,9,0.333,1,5,0.2,6,6,1.0,1,7,8,2,1,0,0,5,13,13,0,2006-07,Playoffs,739,Rasheed Wallace
42006,739,0040600201,2007-05-05,DET vs. CHI,W,35,4,10,0.4,3,5,0.6,2,2,1.0,0,6,6,1,2,1,0,3,13,22,0,2006-07,Playoffs,739,Rasheed Wallace
42006,739,0040600202,2007-05-07,DET vs. CHI,W,18,4,4,1.0,1,1,1.0,1,1,1.0,0,7,7,1,0,0,3,6,10,25,0,2006-07,Playoffs,739,Rasheed Wallace
42006,739,0040600203,2007-05-10,DET @ CHI,W,40,7,18,0.389,2,7,0.286,0,0,0.0,2,9,11,2,1,5,1,4,16,19,0,2006-07,Playoffs,739,Rasheed Wallace
42006,739,0040600204,2007-05-13,DET @ CHI,L,43,4,16,0.25,2,12,0.167,4,4,1.0,2,5,7,1,2,0,4,4,14,-11,0,2006-07,Playoffs,739,Rasheed Wallace
42006,739,0040600205,2007-05-15,DET vs. CHI,L,34,6,15,0.4,1,3,0.333,2,2,1.0,2,3,5,1,2,0,0,3,15,-16,0,2006-07,Playoffs,739,Rasheed Wallace
42006,739,0040600206,2007-05-17,DET @ CHI,W,39,7,14,0.5,2,8,0.25,0,1,0.0,3,10,13,4,0,2,5,5,16,12,0,2006-07,Playoffs,739,Rasheed Wallace
42006,739,0040600301,2007-05-21,DET vs. CLE,W,40,7,13,0.538,1,2,0.5,0,0,0.0,1,11,12,2,0,7,1,2,15,6,0,2006-07,Playoffs,739,Rasheed Wallace
42006,739,0040600302,2007-05-24,DET vs. CLE,W,33,7,10,0.7,1,3,0.333,1,2,0.5,2,9,11,3,2,2,2,4,16,6,0,2006-07,Playoffs,739,Rasheed Wallace
42006,739,0040600303,2007-05-27,DET @ CLE,L,37,5,11,0.455,2,4,0.5,4,5,0.8,0,5,5,2,1,0,1,3,16,-5,0,2006-07,Playoffs,739,Rasheed Wallace
42006,739,0040600304,2007-05-29,DET @ CLE,L,41,4,10,0.4,0,4,0.0,1,2,0.5,0,5,5,1,3,3,1,4,9,-1,0,2006-07,Playoffs,739,Rasheed Wallace
42006,739,0040600305,2007-05-31,DET vs. CLE,L,46,4,13,0.308,0,2,0.0,9,10,0.9,1,7,8,2,1,2,0,4,17,0,0,2006-07,Playoffs,739,Rasheed Wallace
42006,739,0040600306,2007-06-02,DET @ CLE,L,30,5,14,0.357,0,2,0.0,1,1,1.0,1,1,2,2,3,2,1,6,11,-4,0,2006-07,Playoffs,739,Rasheed Wallace
22006,1112,0020600001,2006-10-31,CHI @ MIA,W,28,2,5,0.4,0,0,0.0,1,1,1.0,6,5,11,1,0,1,0,2,5,13,0,2006-07,Regular Season,1112,Ben Wallace
22006,1112,0020600005,2006-11-01,CHI @ ORL,L,29,1,3,0.333,0,0,0.0,2,4,0.5,4,1,5,2,0,0,0,4,4,-26,0,2006-07,Regular Season,1112,Ben Wallace
22006,1112,0020600026,2006-11-03,CHI vs. SAC,L,41,3,4,0.75,0,0,0.0,3,4,0.75,4,9,13,1,3,1,3,3,9,-5,0,2006-07,Regular Season,1112,Ben Wallace
22006,1112,0020600047,2006-11-06,CHI vs. MIL,W,40,3,5,0.6,0,0,0.0,0,2,0.0,3,7,10,4,3,5,1,1,6,12,0,2006-07,Regular Season,1112,Ben Wallace
22006,1112,0020600069,2006-11-09,CHI @ CLE,L,28,0,2,0.0,0,0,0.0,2,2,1.0,0,5,5,1,1,1,0,1,2,-6,0,2006-07,Regular Season,1112,Ben Wallace
22006,1112,0020600086,2006-11-11,CHI vs. IND,W,48,4,11,0.364,0,0,0.0,0,0,0.0,10,8,18,4,1,0,5,2,8,9,0,2006-07,Regular Season,1112,Ben Wallace
22006,1112,0020600105,2006-11-14,CHI @ DAL,L,35,2,6,0.333,0,0,0.0,2,5,0.4,5,3,8,2,0,1,0,3,6,-12,0,2006-07,Regular Season,1112,Ben Wallace
22006,1112,0020600117,2006-11-16,CHI @ HOU,L,34,0,1,0.0,0,0,0.0,1,2,0.5,1,4,5,0,5,1,2,3,1,-10,0,2006-07,Regular Season,1112,Ben Wallace
22006,1112,0020600125,2006-11-17,CHI @ SAS,L,29,2,5,0.4,0,0,0.0,2,6,0.333,3,7,10,1,3,4,3,2,6,-11,0,2006-07,Regular Season,1112,Ben Wallace
22006,1112,0020600142,2006-11-19,CHI @ LAL,L,41,3,5,0.6,0,0,0.0,2,6,0.333,5,7,12,2,3,2,0,3,8,-6,0,2006-07,Regular Season,1112,Ben Wallace
22006,1112,0020600156,2006-11-21,CHI @ DEN,L,38,4,8,0.5,0,0,0.0,3,8,0.375,12,4,16,1,2,3,1,2,11,-9,0,2006-07,Regular Season,1112,Ben Wallace
22006,1112,0020600172,2006-11-24,CHI @ PHI,L,20,0,2,0.0,0,0,0.0,0,0,0.0,0,0,0,1,0,0,0,2,0,-17,0,2006-07,Regular Season,1112,Ben Wallace
22006,1112,0020600187,2006-11-25,CHI @ NYK,W,29,1,3,0.333,0,0,0.0,3,6,0.5,4,3,7,3,0,1,1,3,5,9,0,2006-07,Regular Season,1112,Ben Wallace
22006,1112,0020600207,2006-11-28,CHI vs. NYK,W,38,3,6,0.5,0,0,0.0,2,5,0.4,6,6,12,2,2,2,3,2,8,12,0,2006-07,Regular Season,1112,Ben Wallace
22006,1112,0020600228,2006-12-01,CHI @ NOK,W,33,0,4,0.0,0,0,0.0,1,2,0.5,1,3,4,2,0,1,1,5,1,-3,0,2006-07,Regular Season,1112,Ben Wallace
22006,1112,0020600238,2006-12-02,CHI vs. WAS,W,29,4,6,0.667,0,0,0.0,2,6,0.333,2,7,9,0,2,2,1,2,10,15,0,2006-07,Regular Season,1112,Ben Wallace
22006,1112,0020600251,2006-12-04,CHI vs. BOS,W,18,3,4,0.75,0,0,0.0,1,1,1.0,0,4,4,0,1,3,0,3,7,16,0,2006-07,Regular Season,1112,Ben Wallace
22006,1112,0020600268,2006-12-06,CHI vs. PHI,W,29,6,8,0.75,0,0,0.0,0,0,0.0,1,7,8,1,2,3,2,2,12,24,0,2006-07,Regular Season,1112,Ben Wallace
22006,1112,0020600281,2006-12-08,CHI vs. TOR,W,40,0,1,0.0,0,0,0.0,5,12,0.417,2,9,11,1,1,5,3,1,5,3,0,2006-07,Regular Season,1112,Ben Wallace
22006,1112,0020600292,2006-12-09,CHI vs. MIN,L,32,3,6,0.5,0,0,0.0,2,5,0.4,1,10,11,1,1,0,1,3,8,-7,0,2006-07,Regular Season,1112,Ben Wallace
22006,1112,0020600306,2006-12-11,CHI vs. IND,W,43,4,10,0.4,0,0,0.0,2,3,0.667,4,9,13,4,0,0,0,1,10,8,0,2006-07,Regular Season,1112,Ben Wallace
22006,1112,0020600323,2006-12-13,CHI vs. SEA,W,39,7,12,0.583,0,0,0.0,1,2,0.5,8,12,20,2,2,5,4,0,15,27,0,2006-07,Regular Season,1112,Ben Wallace
22006,1112,0020600336,2006-12-15,CHI vs. MIL,W,48,5,8,0.625,0,0,0.0,0,0,0.0,9,18,27,6,3,3,1,1,10,6,0,2006-07,Regular Season,1112,Ben Wallace
22006,1112,0020600342,2006-12-16,CHI @ ATL,W,49,1,7,0.143,0,0,0.0,4,8,0.5,8,7,15,8,3,3,1,3,6,-1,0,2006-07,Regular Season,1112,Ben Wallace
22006,1112,0020600362,2006-12-19,CHI vs. LAL,W,37,2,4,0.5,0,0,0.0,0,2,0.0,2,7,9,7,4,3,3,3,4,7,0,2006-07,Regular Season,1112,Ben Wallace
22006,1112,0020600382,2006-12-22,CHI @ NYK,L,35,3,6,0.5,0,0,0.0,5,8,0.625,7,3,10,3,2,0,2,2,11,-15,0,2006-07,Regular Season,1112,Ben Wallace
22006,1112,0020600399,2006-12-23,CHI vs. CHA,W,29,4,5,0.8,0,0,0.0,3,8,0.375,1,2,3,2,3,5,2,1,11,21,0,2006-07,Regular Season,1112,Ben Wallace
22006,1112,0020600408,2006-12-26,CHI @ MIN,L,29,1,4,0.25,0,0,0.0,1,2,0.5,3,2,5,1,1,1,0,3,3,-10,0,2006-07,Regular Season,1112,Ben Wallace
22006,1112,0020600422,2006-12-27,CHI vs. MIA,W,39,4,9,0.444,0,0,0.0,1,6,0.167,5,6,11,5,2,3,2,4,9,-7,0,2006-07,Regular Season,1112,Ben Wallace
22006,1112,0020600429,2006-12-29,CHI @ TOR,W,35,4,5,0.8,0,0,0.0,0,3,0.0,1,9,10,2,1,3,2,0,8,-8,0,2006-07,Regular Season,1112,Ben Wallace
22006,1112,0020600446,2006-12-30,CHI vs. CLE,W,22,1,4,0.25,0,0,0.0,0,4,0.0,2,0,2,1,1,0,1,0,2,-7,0,2006-07,Regular Season,1112,Ben Wallace
22006,1112,0020600463,2007-01-02,CHI vs. PHX,L,34,3,7,0.429,0,0,0.0,0,2,0.0,5,9,14,1,0,1,3,2,6,4,0,2006-07,Regular Season,1112,Ben Wallace
22006,1112,0020600482,2007-01-05,CHI @ NJN,L,38,3,5,0.6,0,0,0.0,1,4,0.25,2,9,11,3,2,2,3,2,7,6,0,2006-07,Regular Season,1112,Ben Wallace
22006,1112,0020600494,2007-01-06,CHI vs. DET,W,40,5,11,0.455,0,0,0.0,2,4,0.5,5,9,14,2,3,6,2,3,12,18,0,2006-07,Regular Season,1112,Ben Wallace
22006,1112,0020600506,2007-01-08,CHI vs. HOU,L,29,2,4,0.5,0,0,0.0,0,0,0.0,4,6,10,0,1,0,1,0,4,-7,0,2006-07,Regular Season,1112,Ben Wallace
22006,1112,0020600516,2007-01-10,CHI @ WAS,L,35,2,6,0.333,0,0,0.0,0,0,0.0,7,9,16,3,1,2,1,2,4,-11,0,2006-07,Regular Season,1112,Ben Wallace
22006,1112,0020600528,2007-01-11,CHI vs. NJN,L,30,0,4,0.0,0,0,0.0,0,0,0.0,2,4,6,1,1,2,0,2,0,-14,0,2006-07,Regular Season,1112,Ben Wallace
22006,1112,0020600572,2007-01-17,CHI @ MIL,W,32,1,3,0.333,0,0,0.0,1,4,0.25,3,7,10,3,2,1,0,2,3,-6,0,2006-07,Regular Season,1112,Ben Wallace
22006,1112,0020600599,2007-01-20,CHI vs. UTA,L,39,3,6,0.5,0,0,0.0,4,6,0.667,3,6,9,2,2,6,2,1,10,-9,0,2006-07,Regular Season,1112,Ben Wallace
22006,1112,0020600608,2007-01-22,CHI @ IND,L,21,2,3,0.667,0,0,0.0,1,2,0.5,0,3,3,2,1,0,1,3,5,-1,0,2006-07,Regular Season,1112,Ben Wallace
22006,1112,0020600618,2007-01-23,CHI vs. ATL,W,29,5,9,0.556,0,1,0.0,1,2,0.5,3,4,7,1,1,1,0,0,11,12,0,2006-07,Regular Season,1112,Ben Wallace
22006,1112,0020600632,2007-01-25,CHI vs. DAL,W,36,1,5,0.2,0,1,0.0,3,6,0.5,4,13,17,3,1,4,1,2,5,15,0,2006-07,Regular Season,1112,Ben Wallace
22006,1112,0020600650,2007-01-27,CHI vs. MIA,W,39,0,3,0.0,0,0,0.0,1,6,0.167,7,8,15,3,2,4,1,1,1,7,0,2006-07,Regular Season,1112,Ben Wallace
22006,1112,0020600698,2007-02-02,CHI @ SEA,W,23,0,1,0.0,0,0,0.0,0,0,0.0,0,2,2,0,0,1,0,1,0,6,0,2006-07,Regular Season,1112,Ben Wallace
22006,1112,0020600708,2007-02-03,CHI @ POR,W,31,0,1,0.0,0,0,0.0,0,2,0.0,6,6,12,1,2,1,2,2,0,7,0,2006-07,Regular Season,1112,Ben Wallace
22006,1112,0020600718,2007-02-05,CHI @ UTA,L,41,1,4,0.25,1,1,1.0,4,6,0.667,5,6,11,2,0,2,1,1,7,12,0,2006-07,Regular Season,1112,Ben Wallace
22006,1112,0020600737,2007-02-08,CHI @ SAC,L,28,3,7,0.429,0,0,0.0,0,0,0.0,4,9,13,0,1,2,1,1,6,-17,0,2006-07,Regular Season,1112,Ben Wallace
22006,1112,0020600748,2007-02-09,CHI @ GSW,L,41,3,6,0.5,0,0,0.0,3,5,0.6,5,12,17,0,0,3,0,2,9,3,0,2006-07,Regular Season,1112,Ben Wallace
22006,1112,0020600762,2007-02-11,CHI @ PHX,W,37,1,6,0.167,0,0,0.0,3,12,0.25,5,5,10,2,1,3,1,3,5,7,0,2006-07,Regular Season,1112,Ben Wallace
22006,1112,0020600772,2007-02-13,CHI vs. TOR,L,34,2,7,0.286,0,0,0.0,1,2,0.5,5,8,13,4,0,1,0,0,5,-8,0,2006-07,Regular Season,1112,Ben Wallace
22006,1112,0020600777,2007-02-14,CHI @ CHA,L,28,1,3,0.333,0,0,0.0,1,2,0.5,4,5,9,3,0,1,1,3,3,-2,0,2006-07,Regular Season,1112,Ben Wallace
22006,1112,0020600795,2007-02-20,CHI vs. ATL,W,33,2,6,0.333,0,0,0.0,0,0,0.0,3,11,14,2,2,2,2,3,4,19,0,2006-07,Regular Season,1112,Ben Wallace
22006,1112,0020600812,2007-02-22,CHI @ CLE,W,44,6,8,0.75,0,0,0.0,2,2,1.0,9,10,19,5,2,7,1,1,14,-3,0,2006-07,Regular Season,1112,Ben Wallace
22006,1112,0020600820,2007-02-23,CHI vs. WAS,W,42,4,9,0.444,0,1,0.0,0,2,0.0,6,6,12,1,1,5,2,0,8,13,0,2006-07,Regular Season,1112,Ben Wallace
22006,1112,0020600832,2007-02-25,CHI @ DET,L,41,2,5,0.4,0,0,0.0,2,8,0.25,4,4,8,4,3,2,2,2,6,2,0,2006-07,Regular Season,1112,Ben Wallace
22006,1112,0020600844,2007-02-26,CHI vs. ORL,L,39,1,2,0.5,0,0,0.0,1,2,0.5,3,5,8,4,3,2,1,3,3,-6,0,2006-07,Regular Season,1112,Ben Wallace
22006,1112,0020600860,2007-02-28,CHI vs. GSW,W,30,1,2,0.5,0,0,0.0,0,0,0.0,2,7,9,2,0,1,3,2,2,33,0,2006-07,Regular Season,1112,Ben Wallace
22006,1112,0020600875,2007-03-02,CHI vs. NOK,W,38,3,7,0.429,0,0,0.0,1,1,1.0,2,5,7,2,1,2,1,3,7,5,0,2006-07,Regular Season,1112,Ben Wallace
22006,1112,0020600889,2007-03-04,CHI @ MIL,W,39,1,3,0.333,0,0,0.0,1,2,0.5,3,9,12,5,0,3,0,3,3,-2,0,2006-07,Regular Season,1112,Ben Wallace
22006,1112,0020600911,2007-03-07,CHI @ MIA,L,32,1,3,0.333,0,0,0.0,3,4,0.75,2,7,9,1,1,1,0,2,5,-12,0,2006-07,Regular Season,1112,Ben Wallace
22006,1112,0020600917,2007-03-08,CHI @ ORL,W,41,3,7,0.429,0,0,0.0,0,2,0.0,3,9,12,2,3,1,1,3,6,19,0,2006-07,Regular Season,1112,Ben Wallace
22006,1112,0020600936,2007-03-11,CHI @ BOS,W,41,4,6,0.667,0,1,0.0,2,5,0.4,2,12,14,2,2,2,1,0,10,26,0,2006-07,Regular Season,1112,Ben Wallace
22006,1112,0020600954,2007-03-13,CHI vs. BOS,W,41,9,21,0.429,0,0,0.0,1,5,0.2,7,9,16,4,1,3,0,1,19,2,0,2006-07,Regular Season,1112,Ben Wallace
22006,1112,0020600958,2007-03-14,CHI @ PHI,W,39,4,5,0.8,0,0,0.0,2,6,0.333,7,4,11,8,2,0,1,1,10,-8,0,2006-07,Regular Season,1112,Ben Wallace
22006,1112,0020600983,2007-03-17,CHI @ MEM,L,40,3,6,0.5,0,0,0.0,3,7,0.429,2,6,8,4,5,3,2,5,9,15,0,2006-07,Regular Season,1112,Ben Wallace
22006,1112,0020601002,2007-03-20,CHI vs. LAC,L,41,7,10,0.7,0,0,0.0,5,9,0.556,6,10,16,7,0,0,1,4,19,-13,0,2006-07,Regular Season,1112,Ben Wallace
22006,1112,0020601017,2007-03-22,CHI vs. DEN,W,29,3,5,0.6,0,0,0.0,0,1,0.0,4,2,6,5,2,2,4,2,6,-11,0,2006-07,Regular Season,1112,Ben Wallace
22006,1112,0020601037,2007-03-25,CHI @ IND,W,37,1,6,0.167,0,0,0.0,0,0,0.0,4,10,14,2,0,2,3,4,2,-10,0,2006-07,Regular Season,1112,Ben Wallace
22006,1112,0020601049,2007-03-26,CHI vs. POR,W,44,1,4,0.25,0,0,0.0,1,1,1.0,8,8,16,5,2,1,2,2,3,13,0,2006-07,Regular Season,1112,Ben Wallace
22006,1112,0020601069,2007-03-29,CHI vs. DET,W,44,3,9,0.333,0,0,0.0,0,2,0.0,6,13,19,1,2,1,2,2,6,7,0,2006-07,Regular Season,1112,Ben Wallace
22006,1112,0020601084,2007-03-31,CHI vs. CLE,L,48,0,0,0.0,0,0,0.0,2,4,0.5,3,9,12,3,1,2,1,2,2,-9,0,2006-07,Regular Season,1112,Ben Wallace
22006,1112,0020601089,2007-04-01,CHI @ ATL,W,36,2,3,0.667,0,0,0.0,1,2,0.5,3,6,9,0,0,3,3,1,5,11,0,2006-07,Regular Season,1112,Ben Wallace
22006,1112,0020601145,2007-04-08,CHI @ TOR,L,23,0,3,0.0,0,0,0.0,0,2,0.0,4,1,5,0,0,1,0,2,0,-14,0,2006-07,Regular Season,1112,Ben Wallace
22006,1112,0020601163,2007-04-10,CHI vs. NYK,W,31,1,2,0.5,0,0,0.0,2,4,0.5,0,10,10,5,1,1,0,0,4,24,0,2006-07,Regular Season,1112,Ben Wallace
22006,1112,0020601182,2007-04-13,CHI vs. CHA,W,41,5,8,0.625,0,0,0.0,2,4,0.5,3,9,12,2,1,3,1,1,12,9,0,2006-07,Regular Season,1112,Ben Wallace
22006,1112,0020601195,2007-04-15,CHI @ WAS,W,31,4,7,0.571,0,0,0.0,1,3,0.333,3,7,10,3,2,1,0,2,9,25,0,2006-07,Regular Season,1112,Ben Wallace
22006,1112,0020601222,2007-04-18,CHI @ NJN,L,25,3,7,0.429,0,0,0.0,0,1,0.0,5,5,10,0,1,0,1,2,6,-11,0,2006-07,Regular Season,1112,Ben Wallace
42006,1112,0040600131,2007-04-21,CHI vs. MIA,W,45,2,6,0.333,0,0,0.0,0,2,0.0,6,8,14,1,0,1,2,2,4,8,0,2006-07,Playoffs,1112,Ben Wallace
42006,1112,0040600132,2007-04-24,CHI vs. MIA,W,38,4,6,0.667,0,0,0.0,1,2,0.5,2,4,6,2,2,3,0,2,9,19,0,2006-07,Playoffs,1112,Ben Wallace
42006,1112,0040600133,2007-04-27,CHI @ MIA,W,41,4,6,0.667,0,0,0.0,3,6,0.5,0,8,8,2,3,1,0,3,11,5,0,2006-07,Playoffs,1112,Ben Wallace
42006,1112,0040600134,2007-04-29,CHI @ MIA,W,36,3,6,0.5,0,0,0.0,7,8,0.875,2,9,11,2,1,1,1,4,13,10,0,2006-07,Playoffs,1112,Ben Wallace
42006,1112,0040600201,2007-05-05,CHI @ DET,L,35,4,5,0.8,0,0,0.0,1,3,0.333,2,6,8,0,2,1,2,0,9,-22,0,2006-07,Playoffs,1112,Ben Wallace
42006,1112,0040600202,2007-05-07,CHI @ DET,L,29,4,9,0.444,0,1,0.0,5,9,0.556,2,5,7,0,1,3,0,1,13,-14,0,2006-07,Playoffs,1112,Ben Wallace
42006,1112,0040600203,2007-05-10,CHI vs. DET,L,40,2,6,0.333,0,0,0.0,1,2,0.5,6,6,12,0,1,2,2,2,5,-4,0,2006-07,Playoffs,1112,Ben Wallace
42006,1112,0040600204,2007-05-13,CHI vs. DET,W,41,3,4,0.75,0,0,0.0,5,8,0.625,4,13,17,3,2,2,1,3,11,22,0,2006-07,Playoffs,1112,Ben Wallace
42006,1112,0040600205,2007-05-15,CHI @ DET,W,36,2,3,0.667,0,0,0.0,2,6,0.333,3,2,5,4,1,2,2,2,6,17,0,2006-07,Playoffs,1112,Ben Wallace
42006,1112,0040600206,2007-05-17,CHI vs. DET,L,29,2,2,1.0,0,0,0.0,2,8,0.25,2,5,7,0,2,1,0,0,6,-17,0,2006-07,Playoffs,1112,Ben Wallace
22006,185,0020600003,2006-11-01,PHI vs. ATL,W,34,4,16,0.25,0,0,0.0,0,0,0.0,6,7,13,3,1,2,1,2,8,23,0,2006-07,Regular Season,185,Chris Webber
22006,185,0020600019,2006-11-03,PHI @ ORL,W,32,4,9,0.444,0,0,0.0,3,4,0.75,0,7,7,1,2,0,3,2,11,6,0,2006-07,Regular Season,185,Chris Webber
22006,185,0020600041,2006-11-05,PHI vs. MIA,W,31,5,13,0.385,0,0,0.0,0,0,0.0,2,9,11,4,0,0,0,2,10,8,0,2006-07,Regular Season,185,Chris Webber
22006,185,0020600053,2006-11-07,PHI @ IND,L,24,3,10,0.3,0,0,0.0,1,2,0.5,1,2,3,1,2,0,0,2,7,-7,0,2006-07,Regular Season,185,Chris Webber
22006,185,0020600058,2006-11-08,PHI @ TOR,L,36,7,19,0.368,0,0,0.0,0,0,0.0,0,13,13,6,0,2,1,4,14,10,0,2006-07,Regular Season,185,Chris Webber
22006,185,0020600073,2006-11-10,PHI vs. DEN,L,33,8,16,0.5,0,0,0.0,0,1,0.0,2,5,7,0,1,0,3,2,16,-6,0,2006-07,Regular Season,185,Chris Webber
22006,185,0020600116,2006-11-15,PHI @ SEA,W,23,3,8,0.375,0,0,0.0,0,0,0.0,0,4,4,3,1,1,3,0,6,9,0,2006-07,Regular Season,185,Chris Webber
22006,185,0020600126,2006-11-17,PHI @ PHX,L,20,4,8,0.5,0,0,0.0,0,0,0.0,1,6,7,1,0,1,0,1,8,-18,0,2006-07,Regular Season,185,Chris Webber
22006,185,0020600234,2006-12-02,PHI @ NJN,L,34,7,20,0.35,1,2,0.5,0,0,0.0,3,9,12,5,0,0,1,3,15,-6,0,2006-07,Regular Season,185,Chris Webber
22006,185,0020600244,2006-12-03,PHI vs. MIN,L,34,5,14,0.357,0,0,0.0,1,4,0.25,5,4,9,2,2,0,3,2,11,8,0,2006-07,Regular Season,185,Chris Webber
22006,185,0020600268,2006-12-06,PHI @ CHI,L,21,3,10,0.3,0,0,0.0,0,0,0.0,1,5,6,2,0,1,1,4,6,-21,0,2006-07,Regular Season,185,Chris Webber
22006,185,0020600278,2006-12-08,PHI vs. WAS,L,36,9,18,0.5,0,1,0.0,3,3,1.0,2,8,10,5,2,1,1,4,21,-16,0,2006-07,Regular Season,185,Chris Webber
22006,185,0020600287,2006-12-09,PHI @ ORL,L,40,8,15,0.533,0,1,0.0,3,5,0.6,5,6,11,8,1,2,4,2,19,0,0,2006-07,Regular Season,185,Chris Webber
22006,185,0020600300,2006-12-11,PHI vs. POR,L,39,2,9,0.222,1,1,1.0,4,4,1.0,2,5,7,8,1,1,3,0,9,16,0,2006-07,Regular Season,185,Chris Webber
22006,185,0020600313,2006-12-13,PHI vs. BOS,L,34,4,17,0.235,0,0,0.0,3,4,0.75,2,9,11,2,0,0,0,2,11,-4,0,2006-07,Regular Season,185,Chris Webber
22006,185,0020600393,2006-12-23,PHI vs. NYK,W,33,9,13,0.692,0,0,0.0,0,1,0.0,3,6,9,4,3,3,5,1,18,18,0,2006-07,Regular Season,185,Chris Webber
22006,185,0020600414,2006-12-26,PHI @ GSW,L,13,2,6,0.333,0,0,0.0,0,0,0.0,1,1,2,0,1,0,3,1,4,-23,0,2006-07,Regular Season,185,Chris Webber
22006,185,0020600423,2006-12-27,PHI @ SAC,L,26,2,9,0.222,0,0,0.0,0,0,0.0,1,6,7,6,1,1,1,2,4,-2,0,2006-07,Regular Season,185,Chris Webber
22006,185,0020600571,2007-01-17,DET vs. UTA,L,17,1,5,0.2,0,0,0.0,0,0,0.0,2,3,5,3,0,1,2,2,2,-2,0,2006-07,Regular Season,185,Chris Webber
22006,185,0020600588,2007-01-19,DET @ MIN,W,38,8,12,0.667,0,0,0.0,0,0,0.0,1,6,7,4,0,0,0,5,16,9,0,2006-07,Regular Season,185,Chris Webber
22006,185,0020600596,2007-01-20,DET vs. SAC,W,29,4,9,0.444,0,0,0.0,3,6,0.5,1,9,10,2,2,0,2,2,11,15,0,2006-07,Regular Season,185,Chris Webber
22006,185,0020600622,2007-01-24,DET @ CHA,W,36,7,9,0.778,0,0,0.0,5,7,0.714,1,5,6,3,0,0,3,5,19,11,0,2006-07,Regular Season,185,Chris Webber
22006,185,0020600638,2007-01-26,DET vs. WAS,L,32,3,7,0.429,0,0,0.0,0,2,0.0,2,5,7,4,0,2,4,3,6,0,0,2006-07,Regular Season,185,Chris Webber
22006,185,0020600659,2007-01-28,DET vs. IND,W,28,8,14,0.571,0,0,0.0,1,3,0.333,7,6,13,3,0,3,0,5,17,24,0,2006-07,Regular Season,185,Chris Webber
22006,185,0020600668,2007-01-30,DET @ WAS,L,27,3,6,0.5,0,0,0.0,0,0,0.0,1,5,6,3,0,0,1,1,6,-5,0,2006-07,Regular Season,185,Chris Webber
22006,185,0020600679,2007-01-31,DET @ NJN,W,23,6,7,0.857,0,0,0.0,5,6,0.833,1,2,3,5,0,3,0,2,17,14,0,2006-07,Regular Season,185,Chris Webber
22006,185,0020600695,2007-02-02,DET vs. MIL,W,26,4,8,0.5,0,0,0.0,4,4,1.0,3,5,8,3,0,2,2,3,12,4,0,2006-07,Regular Season,185,Chris Webber
22006,185,0020600711,2007-02-04,DET @ CLE,W,28,7,10,0.7,0,0,0.0,1,3,0.333,2,4,6,0,1,0,4,4,15,-3,0,2006-07,Regular Season,185,Chris Webber
22006,185,0020600721,2007-02-06,DET vs. BOS,W,34,8,12,0.667,0,1,0.0,1,2,0.5,1,5,6,6,4,0,2,3,17,18,0,2006-07,Regular Season,185,Chris Webber
22006,185,0020600735,2007-02-08,DET vs. LAL,W,41,6,13,0.462,1,1,1.0,5,10,0.5,3,8,11,4,1,1,1,5,18,24,0,2006-07,Regular Season,185,Chris Webber
22006,185,0020600750,2007-02-10,DET vs. TOR,W,30,4,10,0.4,0,0,0.0,0,0,0.0,2,5,7,3,0,1,2,1,8,-10,0,2006-07,Regular Season,185,Chris Webber
22006,185,0020600765,2007-02-12,DET vs. LAC,W,29,6,9,0.667,0,0,0.0,7,9,0.778,3,6,9,2,2,0,2,2,19,15,0,2006-07,Regular Season,185,Chris Webber
22006,185,0020600781,2007-02-14,DET vs. SAS,L,34,6,9,0.667,0,0,0.0,2,2,1.0,1,4,5,3,1,1,1,3,14,-3,0,2006-07,Regular Season,185,Chris Webber
22006,185,0020600793,2007-02-20,DET @ MIL,W,28,3,8,0.375,0,0,0.0,0,0,0.0,2,5,7,2,1,0,1,4,6,3,0,2006-07,Regular Season,185,Chris Webber
22006,185,0020600805,2007-02-21,DET vs. ORL,W,22,8,10,0.8,0,0,0.0,2,3,0.667,1,2,3,3,1,1,1,2,18,15,0,2006-07,Regular Season,185,Chris Webber
22006,185,0020600816,2007-02-23,DET @ ORL,W,32,2,9,0.222,0,0,0.0,4,6,0.667,2,3,5,2,0,1,3,4,8,-6,0,2006-07,Regular Season,185,Chris Webber
22006,185,0020600832,2007-02-25,DET vs. CHI,W,36,9,19,0.474,1,1,1.0,2,2,1.0,5,4,9,1,3,0,2,0,21,1,0,2006-07,Regular Season,185,Chris Webber
22006,185,0020600872,2007-03-02,DET @ MIA,L,42,3,8,0.375,0,2,0.0,2,4,0.5,3,10,13,2,1,0,0,5,8,1,0,2006-07,Regular Season,185,Chris Webber
22006,185,0020600882,2007-03-03,DET @ MEM,W,40,6,14,0.429,0,0,0.0,1,1,1.0,1,7,8,5,0,0,2,3,13,4,0,2006-07,Regular Season,185,Chris Webber
22006,185,0020600897,2007-03-05,DET vs. GSW,L,25,5,13,0.385,0,0,0.0,0,0,0.0,1,3,4,1,2,0,2,0,10,-20,0,2006-07,Regular Season,185,Chris Webber
22006,185,0020600912,2007-03-07,DET vs. CLE,L,42,7,17,0.412,0,0,0.0,6,8,0.75,6,5,11,4,1,1,4,2,20,-5,0,2006-07,Regular Season,185,Chris Webber
22006,185,0020600924,2007-03-09,DET @ DEN,W,31,9,11,0.818,0,1,0.0,2,4,0.5,4,5,9,3,2,1,1,2,20,14,0,2006-07,Regular Season,185,Chris Webber
22006,185,0020600935,2007-03-11,DET @ LAC,W,36,7,12,0.583,0,0,0.0,5,10,0.5,3,8,11,3,0,0,5,3,19,10,0,2006-07,Regular Season,185,Chris Webber
22006,185,0020600956,2007-03-13,DET @ SEA,W,36,10,13,0.769,0,0,0.0,4,5,0.8,1,7,8,6,2,0,2,0,24,10,0,2006-07,Regular Season,185,Chris Webber
22006,185,0020600966,2007-03-14,DET @ POR,W,30,2,8,0.25,0,0,0.0,1,2,0.5,0,4,4,8,1,0,2,5,5,2,0,2006-07,Regular Season,185,Chris Webber
22006,185,0020600976,2007-03-16,DET @ PHX,W,39,8,12,0.667,0,0,0.0,1,4,0.25,4,5,9,3,2,0,3,4,17,20,0,2006-07,Regular Season,185,Chris Webber
22006,185,0020600989,2007-03-18,DET vs. DAL,L,32,4,8,0.5,0,0,0.0,2,3,0.667,1,4,5,3,3,1,1,3,10,-8,0,2006-07,Regular Season,185,Chris Webber
22006,185,0020601000,2007-03-20,DET vs. PHI,W,28,4,9,0.444,0,0,0.0,1,2,0.5,1,6,7,2,1,0,3,1,9,12,0,2006-07,Regular Season,185,Chris Webber
22006,185,0020601018,2007-03-22,DET @ HOU,L,26,3,8,0.375,0,0,0.0,0,0,0.0,2,5,7,1,0,0,2,3,6,-19,0,2006-07,Regular Season,185,Chris Webber
22006,185,0020601028,2007-03-23,DET @ SAS,L,22,1,5,0.2,0,0,0.0,1,2,0.5,0,2,2,0,1,1,1,1,3,-23,0,2006-07,Regular Season,185,Chris Webber
22006,185,0020601038,2007-03-25,DET @ MIL,W,26,1,8,0.125,0,0,0.0,0,0,0.0,1,2,3,5,0,0,1,2,2,0,0,2006-07,Regular Season,185,Chris Webber
22006,185,0020601076,2007-03-30,DET vs. NJN,W,21,2,9,0.222,0,0,0.0,2,4,0.5,4,3,7,1,0,0,1,1,6,-11,0,2006-07,Regular Season,185,Chris Webber
22006,185,0020601088,2007-04-01,DET vs. MIA,W,27,1,4,0.25,0,0,0.0,3,4,0.75,2,1,3,4,1,0,1,3,5,-6,0,2006-07,Regular Season,185,Chris Webber
22006,185,0020601101,2007-04-03,DET @ IND,W,27,4,9,0.444,0,0,0.0,2,2,1.0,2,8,10,3,1,0,2,2,10,13,0,2006-07,Regular Season,185,Chris Webber
22006,185,0020601112,2007-04-04,DET vs. CHI,L,26,4,11,0.364,0,0,0.0,2,2,1.0,2,6,8,2,0,0,2,2,10,1,0,2006-07,Regular Season,185,Chris Webber
22006,185,0020601143,2007-04-08,DET vs. CLE,W,35,5,11,0.455,0,0,0.0,1,2,0.5,2,8,10,3,3,1,1,4,11,-1,0,2006-07,Regular Season,185,Chris Webber
22006,185,0020601149,2007-04-09,DET @ NYK,W,22,4,8,0.5,0,0,0.0,0,0,0.0,0,0,0,1,1,0,1,2,8,-14,0,2006-07,Regular Season,185,Chris Webber
22006,185,0020601166,2007-04-11,DET vs. ORL,W,23,1,3,0.333,0,0,0.0,1,2,0.5,2,2,4,3,1,2,1,2,3,9,0,2006-07,Regular Season,185,Chris Webber
22006,185,0020601175,2007-04-13,DET @ TOR,L,27,1,9,0.111,0,0,0.0,4,4,1.0,2,4,6,4,2,1,1,1,6,6,0,2006-07,Regular Season,185,Chris Webber
22006,185,0020601201,2007-04-15,DET vs. PHI,L,26,2,6,0.333,0,0,0.0,1,2,0.5,2,2,4,4,1,2,2,0,5,-6,0,2006-07,Regular Season,185,Chris Webber
22006,185,0020601214,2007-04-17,DET vs. TOR,W,18,3,7,0.429,0,0,0.0,0,0,0.0,0,2,2,0,0,0,0,0,6,-4,0,2006-07,Regular Season,185,Chris Webber
42006,185,0040600101,2007-04-21,DET vs. ORL,W,33,5,7,0.714,0,0,0.0,2,3,0.667,1,4,5,1,0,0,1,2,12,4,0,2006-07,Playoffs,185,Chris Webber
42006,185,0040600102,2007-04-23,DET vs. ORL,W,26,4,8,0.5,0,0,0.0,2,3,0.667,6,3,9,3,2,1,1,4,10,6,0,2006-07,Playoffs,185,Chris Webber
42006,185,0040600103,2007-04-26,DET @ ORL,W,28,7,13,0.538,0,0,0.0,1,2,0.5,2,5,7,0,1,2,0,3,15,2,0,2006-07,Playoffs,185,Chris Webber
42006,185,0040600104,2007-04-28,DET @ ORL,W,35,5,8,0.625,0,0,0.0,1,6,0.167,2,8,10,4,1,0,2,4,11,11,0,2006-07,Playoffs,185,Chris Webber
42006,185,0040600201,2007-05-05,DET vs. CHI,W,20,1,3,0.333,0,0,0.0,3,4,0.75,3,4,7,0,2,0,4,4,5,2,0,2006-07,Playoffs,185,Chris Webber
42006,185,0040600202,2007-05-07,DET vs. CHI,W,27,10,11,0.909,0,0,0.0,2,3,0.667,3,4,7,3,1,1,3,5,22,8,0,2006-07,Playoffs,185,Chris Webber
42006,185,0040600203,2007-05-10,DET @ CHI,W,24,0,5,0.0,0,0,0.0,0,2,0.0,1,2,3,2,1,1,2,2,0,-17,0,2006-07,Playoffs,185,Chris Webber
42006,185,0040600204,2007-05-13,DET @ CHI,L,17,0,3,0.0,0,0,0.0,0,0,0.0,0,1,1,1,0,1,1,2,0,-16,0,2006-07,Playoffs,185,Chris Webber
42006,185,0040600205,2007-05-15,DET vs. CHI,L,24,3,6,0.5,0,1,0.0,3,4,0.75,2,6,8,0,0,0,1,2,9,-22,0,2006-07,Playoffs,185,Chris Webber
42006,185,0040600206,2007-05-17,DET @ CHI,W,23,2,6,0.333,0,0,0.0,1,2,0.5,4,5,9,1,0,1,0,3,5,8,0,2006-07,Playoffs,185,Chris Webber
42006,185,0040600301,2007-05-21,DET vs. CLE,W,19,5,11,0.455,0,0,0.0,0,3,0.0,1,3,4,0,0,0,2,3,10,1,0,2006-07,Playoffs,185,Chris Webber
42006,185,0040600302,2007-05-24,DET vs. CLE,W,24,4,13,0.308,0,0,0.0,1,2,0.5,3,4,7,5,2,1,2,2,9,13,0,2006-07,Playoffs,185,Chris Webber
42006,185,0040600303,2007-05-27,DET @ CLE,L,28,5,8,0.625,0,0,0.0,5,6,0.833,2,5,7,3,1,0,2,4,15,-4,0,2006-07,Playoffs,185,Chris Webber
42006,185,0040600304,2007-05-29,DET @ CLE,L,20,1,3,0.333,0,0,0.0,0,2,0.0,0,3,3,1,2,0,1,2,2,2,0,2006-07,Playoffs,185,Chris Webber
42006,185,0040600305,2007-05-31,DET vs. CLE,L,30,9,13,0.692,0,0,0.0,2,4,0.5,4,3,7,0,1,1,2,5,20,15,0,2006-07,Playoffs,185,Chris Webber
42006,185,0040600306,2007-06-02,DET @ CLE,L,26,5,8,0.625,0,0,0.0,3,3,1.0,2,4,6,0,0,0,1,4,13,-10,0,2006-07,Playoffs,185,Chris Webber
22006,2546,0020600017,2006-11-02,DEN @ LAC,L,21,6,13,0.462,0,2,0.0,3,4,0.75,1,2,3,1,0,1,4,4,15,-4,0,2006-07,Regular Season,2546,Carmelo Anthony
22006,2546,0020600027,2006-11-03,DEN vs. MIN,L,38,13,30,0.433,1,6,0.167,1,2,0.5,3,2,5,2,0,0,4,3,28,-8,0,2006-07,Regular Season,2546,Carmelo Anthony
22006,2546,0020600065,2006-11-08,DEN vs. NYK,L,40,11,26,0.423,0,0,0.0,15,18,0.833,3,3,6,8,3,1,3,0,37,6,0,2006-07,Regular Season,2546,Carmelo Anthony
22006,2546,0020600073,2006-11-10,DEN @ PHI,W,36,12,21,0.571,0,0,0.0,7,8,0.875,1,3,4,3,2,0,4,4,31,11,0,2006-07,Regular Season,2546,Carmelo Anthony
22006,2546,0020600092,2006-11-12,DEN @ CHA,W,35,13,22,0.591,0,0,0.0,10,11,0.909,1,1,2,2,2,0,4,5,36,9,0,2006-07,Regular Season,2546,Carmelo Anthony
22006,2546,0020600101,2006-11-14,DEN @ MIA,W,42,13,26,0.5,0,2,0.0,7,8,0.875,2,4,6,4,3,0,4,1,33,11,0,2006-07,Regular Season,2546,Carmelo Anthony
22006,2546,0020600108,2006-11-15,DEN @ ORL,L,39,9,21,0.429,0,3,0.0,16,19,0.842,1,3,4,2,2,0,6,1,34,3,0,2006-07,Regular Season,2546,Carmelo Anthony
22006,2546,0020600138,2006-11-18,DEN vs. TOR,W,39,10,18,0.556,3,4,0.75,11,11,1.0,3,5,8,6,2,1,5,4,34,12,0,2006-07,Regular Season,2546,Carmelo Anthony
22006,2546,0020600156,2006-11-21,DEN vs. CHI,W,40,9,20,0.45,1,4,0.25,10,12,0.833,1,3,4,4,1,0,10,4,29,-1,0,2006-07,Regular Season,2546,Carmelo Anthony
22006,2546,0020600170,2006-11-22,DEN @ GSW,W,40,12,18,0.667,0,1,0.0,9,10,0.9,5,4,9,4,3,0,5,3,33,6,0,2006-07,Regular Season,2546,Carmelo Anthony
22006,2546,0020600180,2006-11-24,DEN vs. GSW,W,31,13,21,0.619,0,3,0.0,4,5,0.8,0,1,1,7,3,1,3,1,30,15,0,2006-07,Regular Season,2546,Carmelo Anthony
22006,2546,0020600196,2006-11-26,DEN vs. LAC,W,39,12,25,0.48,0,2,0.0,9,10,0.9,3,2,5,6,4,0,3,5,33,17,0,2006-07,Regular Season,2546,Carmelo Anthony
22006,2546,0020600209,2006-11-28,DEN vs. MEM,L,45,17,30,0.567,0,2,0.0,3,8,0.375,3,6,9,7,0,1,3,0,37,1,0,2006-07,Regular Season,2546,Carmelo Anthony
22006,2546,0020600229,2006-12-01,DEN @ MIN,W,42,14,24,0.583,2,3,0.667,5,5,1.0,1,7,8,4,3,0,3,4,35,13,0,2006-07,Regular Season,2546,Carmelo Anthony
22006,2546,0020600240,2006-12-02,DEN vs. IND,W,34,14,25,0.56,2,3,0.667,8,11,0.727,2,2,4,4,0,0,3,3,38,12,0,2006-07,Regular Season,2546,Carmelo Anthony
22006,2546,0020600269,2006-12-06,DEN vs. ATL,L,34,11,27,0.407,1,2,0.5,1,2,0.5,5,2,7,1,0,0,5,4,24,-18,0,2006-07,Regular Season,2546,Carmelo Anthony
22006,2546,0020600283,2006-12-08,DEN vs. MIA,W,34,12,27,0.444,1,3,0.333,7,9,0.778,2,7,9,5,0,1,4,4,32,3,0,2006-07,Regular Season,2546,Carmelo Anthony
22006,2546,0020600293,2006-12-09,DEN @ DAL,L,35,8,26,0.308,0,3,0.0,2,2,1.0,2,2,4,3,1,0,5,4,18,-17,0,2006-07,Regular Season,2546,Carmelo Anthony
22006,2546,0020600309,2006-12-12,DEN @ ATL,W,38,10,25,0.4,1,3,0.333,5,8,0.625,3,2,5,4,1,2,3,1,26,5,0,2006-07,Regular Season,2546,Carmelo Anthony
22006,2546,0020600314,2006-12-13,DEN @ WAS,L,38,16,27,0.593,0,0,0.0,5,6,0.833,5,3,8,4,2,0,2,4,37,-24,0,2006-07,Regular Season,2546,Carmelo Anthony
22006,2546,0020600332,2006-12-15,DEN @ BOS,L,44,15,26,0.577,1,2,0.5,11,17,0.647,4,2,6,5,1,1,1,3,42,-8,0,2006-07,Regular Season,2546,Carmelo Anthony
22006,2546,0020600344,2006-12-16,DEN @ NYK,W,28,15,29,0.517,0,1,0.0,4,5,0.8,3,4,7,4,0,0,0,3,34,19,0,2006-07,Regular Season,2546,Carmelo Anthony
22006,2546,0020600611,2007-01-22,DEN vs. MEM,W,33,10,25,0.4,0,1,0.0,8,8,1.0,4,1,5,6,0,0,3,3,28,5,0,2006-07,Regular Season,2546,Carmelo Anthony
22006,2546,0020600619,2007-01-23,DEN @ SEA,W,41,12,26,0.462,0,3,0.0,10,11,0.909,4,5,9,3,4,0,2,1,34,3,0,2006-07,Regular Season,2546,Carmelo Anthony
22006,2546,0020600643,2007-01-26,DEN @ UTA,L,41,14,28,0.5,1,4,0.25,8,13,0.615,4,2,6,2,0,0,5,3,37,2,0,2006-07,Regular Season,2546,Carmelo Anthony
22006,2546,0020600652,2007-01-27,DEN vs. NJN,L,37,5,14,0.357,0,3,0.0,13,16,0.813,0,5,5,3,0,0,3,5,23,-26,0,2006-07,Regular Season,2546,Carmelo Anthony
22006,2546,0020600666,2007-01-29,DEN vs. CHA,L,40,11,26,0.423,1,2,0.5,2,4,0.5,2,4,6,5,0,1,5,6,25,-1,0,2006-07,Regular Season,2546,Carmelo Anthony
22006,2546,0020600685,2007-01-31,DEN @ POR,L,40,11,25,0.44,2,6,0.333,9,9,1.0,0,4,4,2,1,0,1,1,33,-8,0,2006-07,Regular Season,2546,Carmelo Anthony
22006,2546,0020600697,2007-02-02,DEN vs. POR,W,46,11,26,0.423,1,3,0.333,10,14,0.714,0,4,4,4,0,0,6,1,33,-1,0,2006-07,Regular Season,2546,Carmelo Anthony
22006,2546,0020600707,2007-02-03,DEN @ SAC,L,40,7,25,0.28,1,4,0.25,5,6,0.833,1,6,7,2,0,0,6,2,20,-14,0,2006-07,Regular Season,2546,Carmelo Anthony
22006,2546,0020600373,2007-02-05,DEN vs. PHX,L,40,12,27,0.444,0,2,0.0,7,8,0.875,2,8,10,10,0,0,3,2,31,-1,0,2006-07,Regular Season,2546,Carmelo Anthony
22006,2546,0020600734,2007-02-07,DEN vs. NOK,L,41,9,23,0.391,0,2,0.0,9,9,1.0,0,9,9,6,0,2,1,4,27,-9,0,2006-07,Regular Season,2546,Carmelo Anthony
22006,2546,0020600742,2007-02-09,DEN @ IND,W,45,11,24,0.458,0,2,0.0,12,13,0.923,2,4,6,5,0,0,5,2,34,16,0,2006-07,Regular Season,2546,Carmelo Anthony
22006,2546,0020600752,2007-02-10,DEN @ MIL,W,44,13,28,0.464,1,4,0.25,2,4,0.5,3,5,8,10,3,0,2,2,29,8,0,2006-07,Regular Season,2546,Carmelo Anthony
22006,2546,0020600766,2007-02-12,DEN vs. GSW,W,31,12,25,0.48,0,2,0.0,4,5,0.8,4,4,8,5,0,1,5,4,28,7,0,2006-07,Regular Season,2546,Carmelo Anthony
22006,2546,0020600783,2007-02-14,DEN @ MIN,L,45,10,21,0.476,0,2,0.0,8,10,0.8,1,4,5,5,0,0,4,4,28,-8,0,2006-07,Regular Season,2546,Carmelo Anthony
22006,2546,0020600794,2007-02-20,DEN @ SAS,L,29,6,15,0.4,0,0,0.0,3,4,0.75,4,4,8,0,0,1,4,3,15,-19,0,2006-07,Regular Season,2546,Carmelo Anthony
22006,2546,0020600824,2007-02-23,DEN vs. UTA,L,37,12,18,0.667,1,2,0.5,11,13,0.846,1,3,4,6,1,1,7,5,36,-7,0,2006-07,Regular Season,2546,Carmelo Anthony
22006,2546,0020600830,2007-02-24,DEN @ DAL,L,41,14,23,0.609,0,0,0.0,6,8,0.75,0,6,6,3,3,0,7,4,34,-8,0,2006-07,Regular Season,2546,Carmelo Anthony
22006,2546,0020600842,2007-02-26,DEN @ MEM,W,42,13,25,0.52,1,1,1.0,6,7,0.857,3,3,6,3,1,0,6,1,33,5,0,2006-07,Regular Season,2546,Carmelo Anthony
22006,2546,0020600862,2007-02-28,DEN vs. ORL,W,37,8,19,0.421,0,2,0.0,7,8,0.875,2,4,6,2,2,0,3,4,23,8,0,2006-07,Regular Season,2546,Carmelo Anthony
22006,2546,0020600876,2007-03-02,DEN vs. HOU,L,39,11,28,0.393,1,6,0.167,7,8,0.875,1,6,7,1,1,2,5,4,30,-8,0,2006-07,Regular Season,2546,Carmelo Anthony
22006,2546,0020600904,2007-03-06,DEN vs. NOK,W,32,8,18,0.444,1,1,1.0,4,6,0.667,1,6,7,6,1,0,2,4,21,13,0,2006-07,Regular Season,2546,Carmelo Anthony
22006,2546,0020600924,2007-03-09,DEN vs. DET,L,39,6,21,0.286,0,2,0.0,5,6,0.833,1,6,7,2,0,1,7,5,17,-18,0,2006-07,Regular Season,2546,Carmelo Anthony
22006,2546,0020600938,2007-03-11,DEN @ SAC,W,38,11,24,0.458,0,1,0.0,7,8,0.875,3,3,6,2,2,0,3,3,29,-3,0,2006-07,Regular Season,2546,Carmelo Anthony
22006,2546,0020600955,2007-03-13,DEN vs. POR,W,39,10,22,0.455,0,0,0.0,9,12,0.75,4,4,8,3,1,0,3,2,29,6,0,2006-07,Regular Season,2546,Carmelo Anthony
22006,2546,0020600969,2007-03-15,DEN vs. LAL,W,37,10,20,0.5,0,2,0.0,6,8,0.75,3,5,8,5,1,0,4,3,26,22,0,2006-07,Regular Season,2546,Carmelo Anthony
22006,2546,0020600986,2007-03-17,DEN vs. PHX,W,32,13,20,0.65,0,0,0.0,3,4,0.75,4,4,8,3,3,0,4,1,29,28,0,2006-07,Regular Season,2546,Carmelo Anthony
22006,2546,0020600997,2007-03-20,DEN @ NJN,W,30,10,20,0.5,2,3,0.667,8,12,0.667,1,3,4,3,0,0,4,5,30,23,0,2006-07,Regular Season,2546,Carmelo Anthony
22006,2546,0020601017,2007-03-22,DEN @ CHI,L,39,10,19,0.526,0,2,0.0,8,9,0.889,1,1,2,3,1,0,2,3,28,0,0,2006-07,Regular Season,2546,Carmelo Anthony
22006,2546,0020601020,2007-03-23,DEN @ TOR,L,32,3,15,0.2,1,2,0.5,3,3,1.0,1,1,2,2,2,0,4,1,10,-31,0,2006-07,Regular Season,2546,Carmelo Anthony
22006,2546,0020601042,2007-03-25,DEN @ CLE,W,39,12,19,0.632,0,0,0.0,3,6,0.5,0,5,5,2,0,0,1,4,27,6,0,2006-07,Regular Season,2546,Carmelo Anthony
22006,2546,0020601048,2007-03-26,DEN @ DET,L,45,6,19,0.316,0,2,0.0,1,2,0.5,1,4,5,3,0,0,3,4,13,-6,0,2006-07,Regular Season,2546,Carmelo Anthony
22006,2546,0020601066,2007-03-28,DEN vs. SEA,L,38,12,22,0.545,0,3,0.0,4,6,0.667,1,1,2,2,2,0,5,5,28,8,0,2006-07,Regular Season,2546,Carmelo Anthony
22006,2546,0020601080,2007-03-30,DEN @ PHX,L,39,13,24,0.542,1,3,0.333,5,7,0.714,4,6,10,5,3,0,1,4,32,-13,0,2006-07,Regular Season,2546,Carmelo Anthony
22006,2546,0020601098,2007-04-01,DEN @ SEA,W,40,11,20,0.55,0,1,0.0,10,11,0.909,6,3,9,0,1,0,1,3,32,4,0,2006-07,Regular Season,2546,Carmelo Anthony
22006,2546,0020601107,2007-04-03,DEN @ LAL,W,46,8,18,0.444,0,0,0.0,15,18,0.833,1,4,5,4,2,1,4,4,31,3,0,2006-07,Regular Season,2546,Carmelo Anthony
22006,2546,0020601116,2007-04-04,DEN vs. SAC,W,36,10,20,0.5,1,2,0.5,10,12,0.833,4,4,8,4,0,0,3,5,31,0,0,2006-07,Regular Season,2546,Carmelo Anthony
22006,2546,0020601132,2007-04-06,DEN vs. DAL,W,41,7,21,0.333,0,0,0.0,9,11,0.818,3,7,10,3,1,0,1,4,23,7,0,2006-07,Regular Season,2546,Carmelo Anthony
22006,2546,0020601142,2007-04-07,DEN @ LAC,W,41,9,18,0.5,1,1,1.0,4,7,0.571,3,3,6,5,2,1,4,4,23,9,0,2006-07,Regular Season,2546,Carmelo Anthony
22006,2546,0020601154,2007-04-09,DEN vs. LAL,W,38,9,19,0.474,1,4,0.25,14,16,0.875,3,2,5,5,2,0,3,3,33,0,0,2006-07,Regular Season,2546,Carmelo Anthony
22006,2546,0020601170,2007-04-11,DEN @ UTA,W,38,9,19,0.474,2,4,0.5,12,12,1.0,1,5,6,2,0,0,5,5,32,12,0,2006-07,Regular Season,2546,Carmelo Anthony
22006,2546,0020601180,2007-04-13,DEN @ NOK,W,40,12,22,0.545,2,6,0.333,5,6,0.833,2,4,6,3,2,1,0,0,31,5,0,2006-07,Regular Season,2546,Carmelo Anthony
22006,2546,0020601189,2007-04-14,DEN @ MEM,L,42,8,19,0.421,4,9,0.444,8,10,0.8,0,4,4,5,1,0,2,4,28,-15,0,2006-07,Regular Season,2546,Carmelo Anthony
22006,2546,0020601208,2007-04-16,DEN vs. MIN,W,25,7,16,0.438,1,1,1.0,6,7,0.857,3,2,5,4,1,2,1,1,21,20,0,2006-07,Regular Season,2546,Carmelo Anthony
42006,2546,0040600161,2007-04-22,DEN @ SAS,W,40,10,18,0.556,2,4,0.5,8,8,1.0,2,6,8,0,1,0,2,1,30,6,0,2006-07,Playoffs,2546,Carmelo Anthony
42006,2546,0040600162,2007-04-25,DEN @ SAS,L,44,8,21,0.381,2,4,0.5,8,9,0.889,6,4,10,1,1,0,4,2,26,-9,0,2006-07,Playoffs,2546,Carmelo Anthony
42006,2546,0040600163,2007-04-28,DEN vs. SAS,L,44,10,21,0.476,2,3,0.667,6,11,0.545,6,6,12,2,0,0,3,3,28,-4,0,2006-07,Playoffs,2546,Carmelo Anthony
42006,2546,0040600164,2007-04-30,DEN vs. SAS,L,38,11,18,0.611,2,5,0.4,5,6,0.833,1,5,6,3,0,0,6,4,29,-3,0,2006-07,Playoffs,2546,Carmelo Anthony
42006,2546,0040600165,2007-05-02,DEN @ SAS,L,43,8,20,0.4,1,2,0.5,4,5,0.8,3,4,7,0,3,0,4,2,21,-14,0,2006-07,Playoffs,2546,Carmelo Anthony
22006,101108,0020600006,2006-11-01,NOK @ BOS,W,37,7,14,0.5,0,3,0.0,6,9,0.667,1,6,7,10,3,0,1,2,20,0,0,2006-07,Regular Season,101108,Chris Paul
22006,101108,0020600020,2006-11-03,NOK @ IND,W,15,6,12,0.5,0,0,0.0,4,4,1.0,0,2,2,6,0,0,2,4,16,-1,0,2006-07,Regular Season,101108,Chris Paul
22006,101108,0020600043,2006-11-05,NOK vs. HOU,W,38,5,12,0.417,0,2,0.0,2,3,0.667,1,2,3,16,3,0,5,1,12,11,0,2006-07,Regular Season,101108,Chris Paul
22006,101108,0020600056,2006-11-07,NOK vs. GSW,W,36,9,16,0.563,1,1,1.0,3,4,0.75,1,5,6,11,0,0,4,2,22,10,0,2006-07,Regular Season,101108,Chris Paul
22006,101108,0020600071,2006-11-09,NOK @ GSW,L,37,12,21,0.571,1,1,1.0,9,10,0.9,3,0,3,10,2,0,6,1,34,3,0,2006-07,Regular Season,101108,Chris Paul
22006,101108,0020600080,2006-11-10,NOK @ POR,L,39,6,17,0.353,0,3,0.0,0,0,0.0,0,3,3,8,2,0,2,2,12,3,0,2006-07,Regular Season,101108,Chris Paul
22006,101108,0020600090,2006-11-12,NOK @ LAC,L,36,9,13,0.692,0,1,0.0,2,5,0.4,1,4,5,3,1,0,6,5,20,-10,0,2006-07,Regular Season,101108,Chris Paul
22006,101108,0020600102,2006-11-14,NOK vs. CHA,W,33,0,8,0.0,0,1,0.0,2,2,1.0,0,2,2,10,3,0,1,1,2,10,0,2006-07,Regular Season,101108,Chris Paul
22006,101108,0020600113,2006-11-15,NOK @ DET,W,37,7,14,0.5,0,1,0.0,6,6,1.0,1,2,3,13,0,0,0,3,20,-4,0,2006-07,Regular Season,101108,Chris Paul
22006,101108,0020600135,2006-11-18,NOK @ MIN,W,37,12,18,0.667,1,1,1.0,10,11,0.909,2,3,5,6,1,0,5,2,35,-5,0,2006-07,Regular Season,101108,Chris Paul
22006,101108,0020600154,2006-11-21,NOK vs. MIA,W,34,3,13,0.231,0,0,0.0,5,7,0.714,2,3,5,10,1,0,3,1,11,4,0,2006-07,Regular Season,101108,Chris Paul
22006,101108,0020600166,2006-11-22,NOK @ PHX,L,39,8,16,0.5,0,1,0.0,2,2,1.0,1,2,3,4,3,0,4,3,18,-9,0,2006-07,Regular Season,101108,Chris Paul
22006,101108,0020600178,2006-11-24,NOK vs. MIN,L,36,4,11,0.364,0,1,0.0,10,10,1.0,1,5,6,7,2,0,0,2,18,0,0,2006-07,Regular Season,101108,Chris Paul
22006,101108,0020600191,2006-11-25,NOK @ DAL,L,32,5,14,0.357,0,0,0.0,2,2,1.0,0,1,1,4,5,0,3,3,12,-17,0,2006-07,Regular Season,101108,Chris Paul
22006,101108,0020600206,2006-11-28,NOK vs. TOR,L,38,6,16,0.375,1,2,0.5,3,6,0.5,2,2,4,11,4,0,3,4,16,-11,0,2006-07,Regular Season,101108,Chris Paul
22006,101108,0020600228,2006-12-01,NOK vs. CHI,L,48,6,13,0.462,1,2,0.5,12,15,0.8,2,9,11,18,5,1,7,1,25,-3,0,2006-07,Regular Season,101108,Chris Paul
22006,101108,0020600270,2006-12-06,NOK @ LAL,W,42,11,22,0.5,0,2,0.0,4,6,0.667,3,3,6,11,3,0,3,1,26,17,0,2006-07,Regular Season,101108,Chris Paul
22006,101108,0020600285,2006-12-08,NOK @ SEA,L,38,6,14,0.429,0,0,0.0,4,7,0.571,1,4,5,6,1,0,5,4,16,-6,0,2006-07,Regular Season,101108,Chris Paul
22006,101108,0020600294,2006-12-09,NOK @ GSW,L,36,4,12,0.333,0,4,0.0,3,4,0.75,0,3,3,5,1,0,4,5,11,-12,0,2006-07,Regular Season,101108,Chris Paul
22006,101108,0020600305,2006-12-11,NOK vs. CLE,W,46,11,16,0.688,0,2,0.0,8,9,0.889,0,5,5,11,2,0,1,1,30,7,0,2006-07,Regular Season,101108,Chris Paul
22006,101108,0020600327,2006-12-14,NOK vs. SAS,L,36,2,11,0.182,0,2,0.0,2,2,1.0,1,3,4,12,1,0,5,1,6,-23,0,2006-07,Regular Season,101108,Chris Paul
22006,101108,0020600347,2006-12-16,NOK vs. DAL,L,48,14,23,0.609,1,1,1.0,1,3,0.333,0,12,12,8,0,0,2,2,30,-11,0,2006-07,Regular Season,101108,Chris Paul
22006,101108,0020600358,2006-12-18,NOK @ MIA,L,43,8,15,0.533,1,1,1.0,9,12,0.75,0,6,6,8,3,0,4,3,26,-4,0,2006-07,Regular Season,101108,Chris Paul
22006,101108,0020600366,2006-12-20,NOK @ ORL,L,43,5,14,0.357,0,0,0.0,9,11,0.818,1,4,5,10,1,0,2,3,19,-6,0,2006-07,Regular Season,101108,Chris Paul
22006,101108,0020600385,2006-12-22,NOK vs. MEM,W,48,3,12,0.25,1,4,0.25,8,11,0.727,0,1,1,14,0,0,3,1,15,1,0,2006-07,Regular Season,101108,Chris Paul
22006,101108,0020600398,2006-12-23,NOK vs. SAS,L,30,9,18,0.5,0,3,0.0,2,2,1.0,0,1,1,3,1,0,2,1,20,-29,0,2006-07,Regular Season,101108,Chris Paul
22006,101108,0020600413,2006-12-26,NOK @ SEA,L,11,1,2,0.5,1,1,1.0,3,3,1.0,0,2,2,7,0,0,0,0,6,3,0,2006-07,Regular Season,101108,Chris Paul
22006,101108,0020600681,2007-01-31,NOK vs. PHI,L,28,4,11,0.364,1,3,0.333,0,0,0.0,0,0,0,2,1,0,0,1,9,-27,0,2006-07,Regular Season,101108,Chris Paul
22006,101108,0020600696,2007-02-02,NOK vs. MIN,W,32,9,13,0.692,1,3,0.333,5,7,0.714,0,2,2,8,4,0,0,2,24,11,0,2006-07,Regular Season,101108,Chris Paul
22006,101108,0020600704,2007-02-03,NOK @ HOU,W,32,4,12,0.333,1,2,0.5,3,4,0.75,0,4,4,9,4,0,2,4,12,16,0,2006-07,Regular Season,101108,Chris Paul
22006,101108,0020600719,2007-02-05,NOK @ SAC,L,36,8,19,0.421,3,4,0.75,5,7,0.714,1,2,3,6,5,0,2,2,24,-10,0,2006-07,Regular Season,101108,Chris Paul
22006,101108,0020600734,2007-02-07,NOK @ DEN,W,40,6,23,0.261,1,2,0.5,2,2,1.0,1,3,4,7,1,0,2,5,15,5,0,2006-07,Regular Season,101108,Chris Paul
22006,101108,0020600736,2007-02-08,NOK vs. MIL,W,47,3,17,0.176,0,2,0.0,8,8,1.0,2,3,5,10,2,0,5,4,14,8,0,2006-07,Regular Season,101108,Chris Paul
22006,101108,0020600751,2007-02-10,NOK vs. MEM,W,34,8,10,0.8,3,3,1.0,4,4,1.0,0,3,3,11,1,0,1,3,23,18,0,2006-07,Regular Season,101108,Chris Paul
22006,101108,0020600771,2007-02-13,NOK @ MEM,L,35,0,7,0.0,0,1,0.0,5,6,0.833,1,2,3,10,1,0,3,5,5,3,0,2006-07,Regular Season,101108,Chris Paul
22006,101108,0020600782,2007-02-14,NOK vs. SAC,W,29,4,8,0.5,1,1,1.0,0,0,0.0,0,4,4,6,0,0,1,2,9,20,0,2006-07,Regular Season,101108,Chris Paul
22006,101108,0020600791,2007-02-20,NOK @ CHA,L,37,6,13,0.462,1,1,1.0,7,9,0.778,1,2,3,7,1,0,4,3,20,11,0,2006-07,Regular Season,101108,Chris Paul
22006,101108,0020600804,2007-02-21,NOK @ NJN,W,37,5,14,0.357,1,4,0.25,8,8,1.0,0,4,4,11,2,0,1,5,19,4,0,2006-07,Regular Season,101108,Chris Paul
22006,101108,0020600821,2007-02-23,NOK vs. SEA,W,35,6,16,0.375,0,2,0.0,1,1,1.0,1,4,5,8,5,0,0,3,13,5,0,2006-07,Regular Season,101108,Chris Paul
22006,101108,0020600850,2007-02-27,NOK @ CLE,L,32,3,6,0.5,0,0,0.0,1,2,0.5,1,4,5,5,2,0,3,4,7,-12,0,2006-07,Regular Season,101108,Chris Paul
22006,101108,0020600859,2007-02-28,NOK vs. ATL,W,38,6,16,0.375,1,1,1.0,11,12,0.917,1,4,5,13,4,0,1,0,24,-1,0,2006-07,Regular Season,101108,Chris Paul
22006,101108,0020600875,2007-03-02,NOK @ CHI,L,38,5,13,0.385,1,4,0.25,5,7,0.714,0,4,4,6,1,0,4,1,16,-17,0,2006-07,Regular Season,101108,Chris Paul
22006,101108,0020600891,2007-03-04,NOK vs. UTA,L,39,4,11,0.364,1,3,0.333,5,7,0.714,0,2,2,13,3,0,1,4,14,-6,0,2006-07,Regular Season,101108,Chris Paul
22006,101108,0020600904,2007-03-06,NOK @ DEN,L,39,4,14,0.286,1,5,0.2,4,6,0.667,1,3,4,14,1,0,2,4,13,-9,0,2006-07,Regular Season,101108,Chris Paul
22006,101108,0020600925,2007-03-09,NOK @ PHX,L,37,4,11,0.364,1,3,0.333,5,5,1.0,1,6,7,4,1,0,2,1,14,1,0,2006-07,Regular Season,101108,Chris Paul
22006,101108,0020600933,2007-03-10,NOK @ UTA,L,35,4,10,0.4,0,2,0.0,4,4,1.0,0,2,2,11,0,0,2,3,12,-11,0,2006-07,Regular Season,101108,Chris Paul
22006,101108,0020600951,2007-03-13,NOK vs. NJN,L,38,10,19,0.526,3,6,0.5,2,2,1.0,1,5,6,12,1,0,2,2,25,2,0,2006-07,Regular Season,101108,Chris Paul
22006,101108,0020600973,2007-03-16,NOK @ NYK,W,40,6,15,0.4,1,2,0.5,7,8,0.875,1,4,5,8,0,0,2,0,20,0,0,2006-07,Regular Season,101108,Chris Paul
22006,101108,0020600979,2007-03-17,NOK @ WAS,L,31,7,10,0.7,0,1,0.0,7,7,1.0,2,1,3,8,1,0,3,3,21,-17,0,2006-07,Regular Season,101108,Chris Paul
22006,101108,0020600996,2007-03-19,NOK vs. BOS,W,29,5,8,0.625,2,2,1.0,3,4,0.75,1,4,5,6,3,0,3,3,15,20,0,2006-07,Regular Season,101108,Chris Paul
22006,101108,0020601001,2007-03-20,NOK @ MEM,W,35,5,13,0.385,2,5,0.4,11,11,1.0,0,5,5,9,4,0,2,2,23,0,0,2006-07,Regular Season,101108,Chris Paul
22006,101108,0020601027,2007-03-23,NOK vs. LAL,L,45,9,15,0.6,0,2,0.0,10,12,0.833,1,5,6,12,4,0,1,2,28,1,0,2006-07,Regular Season,101108,Chris Paul
22006,101108,0020601039,2007-03-25,NOK vs. HOU,W,36,10,15,0.667,4,5,0.8,4,4,1.0,0,5,5,5,0,0,0,0,28,8,0,2006-07,Regular Season,101108,Chris Paul
22006,101108,0020601055,2007-03-27,NOK vs. DAL,L,29,1,10,0.1,0,1,0.0,0,0,0.0,1,3,4,3,3,0,2,2,2,-37,0,2006-07,Regular Season,101108,Chris Paul
22006,101108,0020601064,2007-03-28,NOK @ SAS,L,39,5,14,0.357,1,2,0.5,9,10,0.9,1,4,5,9,2,0,4,5,20,-8,0,2006-07,Regular Season,101108,Chris Paul
22006,101108,0020601086,2007-03-31,NOK vs. NYK,W,41,4,12,0.333,2,4,0.5,6,7,0.857,1,6,7,6,4,0,2,2,16,3,0,2006-07,Regular Season,101108,Chris Paul
22006,101108,0020600547,2007-04-03,NOK @ MIL,W,30,3,10,0.3,1,6,0.167,1,1,1.0,0,2,2,14,0,0,3,3,8,11,0,2006-07,Regular Season,101108,Chris Paul
22006,101108,0020601114,2007-04-04,NOK vs. SEA,W,43,3,14,0.214,0,2,0.0,5,6,0.833,2,9,11,9,0,0,2,1,11,2,0,2006-07,Regular Season,101108,Chris Paul
22006,101108,0020601138,2007-04-07,NOK @ MIN,W,36,6,12,0.5,3,6,0.5,3,6,0.5,1,2,3,10,3,1,1,1,18,5,0,2006-07,Regular Season,101108,Chris Paul
22006,101108,0020601162,2007-04-10,NOK vs. LAC,W,42,7,15,0.467,0,3,0.0,3,5,0.6,2,5,7,10,0,1,3,2,17,12,0,2006-07,Regular Season,101108,Chris Paul
22006,101108,0020601180,2007-04-13,NOK vs. DEN,L,38,8,21,0.381,1,4,0.25,1,2,0.5,1,2,3,8,1,0,3,2,18,-3,0,2006-07,Regular Season,101108,Chris Paul
22006,101108,0020601191,2007-04-14,NOK @ HOU,L,42,9,15,0.6,1,3,0.333,1,1,1.0,2,6,8,15,1,0,5,2,20,-3,0,2006-07,Regular Season,101108,Chris Paul
22006,101108,0020601210,2007-04-16,NOK @ SAC,W,35,8,13,0.615,2,2,1.0,5,6,0.833,1,3,4,12,2,0,0,4,23,23,0,2006-07,Regular Season,101108,Chris Paul
22006,101108,0020601230,2007-04-18,NOK @ LAC,W,36,3,9,0.333,0,1,0.0,0,0,0.0,1,2,3,10,2,0,4,3,6,8,0,2006-07,Regular Season,101108,Chris Paul
22006,2548,0020600001,2006-10-31,MIA vs. CHI,L,34,10,15,0.667,2,3,0.667,3,6,0.5,1,1,2,3,1,0,4,3,25,-23,0,2006-07,Regular Season,2548,Dwyane Wade
22006,2548,0020600023,2006-11-03,MIA vs. NJN,W,29,6,13,0.462,1,2,0.5,4,5,0.8,1,2,3,5,0,1,2,5,17,7,0,2006-07,Regular Season,2548,Dwyane Wade
22006,2548,0020600041,2006-11-05,MIA @ PHI,L,43,9,21,0.429,0,1,0.0,2,5,0.4,0,1,1,11,2,1,5,4,20,-20,0,2006-07,Regular Season,2548,Dwyane Wade
22006,2548,0020600054,2006-11-07,MIA vs. SEA,W,43,8,23,0.348,1,4,0.25,14,17,0.824,3,4,7,6,2,3,7,2,31,12,0,2006-07,Regular Season,2548,Dwyane Wade
22006,2548,0020600078,2006-11-10,MIA @ NJN,W,41,13,25,0.52,0,3,0.0,8,9,0.889,1,4,5,10,3,0,1,2,34,14,0,2006-07,Regular Season,2548,Dwyane Wade
22006,2548,0020600093,2006-11-12,MIA vs. HOU,L,43,8,22,0.364,0,3,0.0,8,8,1.0,4,3,7,4,1,1,5,2,24,-15,0,2006-07,Regular Season,2548,Dwyane Wade
22006,2548,0020600101,2006-11-14,MIA vs. DEN,L,45,9,21,0.429,3,5,0.6,16,17,0.941,1,7,8,11,2,0,6,4,37,-6,0,2006-07,Regular Season,2548,Dwyane Wade
22006,2548,0020600121,2006-11-17,MIA vs. NYK,L,35,8,18,0.444,0,2,0.0,4,4,1.0,0,3,3,6,2,1,2,5,20,-19,0,2006-07,Regular Season,2548,Dwyane Wade
22006,2548,0020600130,2006-11-18,MIA @ ATL,W,49,11,25,0.44,1,2,0.5,14,17,0.824,2,5,7,9,2,2,6,3,37,3,0,2006-07,Regular Season,2548,Dwyane Wade
22006,2548,0020600154,2006-11-21,MIA @ NOK,L,40,8,15,0.533,0,2,0.0,13,14,0.929,0,3,3,6,0,0,5,1,29,-9,0,2006-07,Regular Season,2548,Dwyane Wade
22006,2548,0020600162,2006-11-22,MIA @ SAS,L,34,7,17,0.412,0,1,0.0,4,5,0.8,0,5,5,6,2,2,5,3,18,-17,0,2006-07,Regular Season,2548,Dwyane Wade
22006,2548,0020600174,2006-11-24,MIA vs. ORL,L,42,9,20,0.45,0,1,0.0,15,20,0.75,1,4,5,15,3,2,5,1,33,14,0,2006-07,Regular Season,2548,Dwyane Wade
22006,2548,0020600185,2006-11-25,MIA @ CHA,W,45,10,14,0.714,0,0,0.0,15,22,0.682,2,4,6,12,0,0,4,1,35,10,0,2006-07,Regular Season,2548,Dwyane Wade
22006,2548,0020600200,2006-11-27,MIA vs. PHI,W,45,10,18,0.556,0,1,0.0,13,14,0.929,1,6,7,13,1,2,7,2,33,10,0,2006-07,Regular Season,2548,Dwyane Wade
22006,2548,0020600222,2006-11-30,MIA vs. DET,L,46,5,23,0.217,1,4,0.25,10,13,0.769,1,4,5,8,0,1,0,0,21,3,0,2006-07,Regular Season,2548,Dwyane Wade
22006,2548,0020600236,2006-12-02,MIA @ MEM,W,26,8,18,0.444,0,0,0.0,7,10,0.7,1,1,2,3,0,0,5,4,23,0,0,2006-07,Regular Season,2548,Dwyane Wade
22006,2548,0020600260,2006-12-05,MIA @ LAC,L,40,12,27,0.444,1,3,0.333,8,10,0.8,0,4,4,5,2,2,3,3,33,-8,0,2006-07,Regular Season,2548,Dwyane Wade
22006,2548,0020600273,2006-12-07,MIA @ SAC,W,44,13,27,0.481,0,0,0.0,6,9,0.667,0,11,11,9,3,2,3,2,32,4,0,2006-07,Regular Season,2548,Dwyane Wade
22006,2548,0020600283,2006-12-08,MIA @ DEN,L,33,8,15,0.533,0,0,0.0,5,6,0.833,0,3,3,14,4,1,4,3,21,-10,0,2006-07,Regular Season,2548,Dwyane Wade
22006,2548,0020600304,2006-12-11,MIA vs. TOR,W,38,13,21,0.619,0,1,0.0,11,13,0.846,0,4,4,5,1,1,5,0,37,11,0,2006-07,Regular Season,2548,Dwyane Wade
22006,2548,0020600345,2006-12-16,MIA vs. MEM,W,40,15,24,0.625,0,1,0.0,11,14,0.786,1,4,5,7,5,1,7,2,41,14,0,2006-07,Regular Season,2548,Dwyane Wade
22006,2548,0020600358,2006-12-18,MIA vs. NOK,W,31,12,25,0.48,0,2,0.0,5,5,1.0,2,3,5,9,4,1,5,2,29,10,0,2006-07,Regular Season,2548,Dwyane Wade
22006,2548,0020600370,2006-12-20,MIA @ MIL,L,38,10,19,0.526,1,2,0.5,6,8,0.75,0,1,1,8,2,0,3,4,27,-25,0,2006-07,Regular Season,2548,Dwyane Wade
22006,2548,0020600394,2006-12-23,MIA vs. GSW,W,36,7,15,0.467,1,1,1.0,3,4,0.75,0,1,1,8,1,4,3,4,18,19,0,2006-07,Regular Season,2548,Dwyane Wade
22006,2548,0020600403,2006-12-25,MIA vs. LAL,W,41,12,20,0.6,1,1,1.0,15,16,0.938,0,4,4,11,4,4,4,2,40,20,0,2006-07,Regular Season,2548,Dwyane Wade
22006,2548,0020600422,2006-12-27,MIA @ CHI,L,6,0,2,0.0,0,1,0.0,0,0,0.0,0,0,0,0,1,0,1,1,0,-2,0,2006-07,Regular Season,2548,Dwyane Wade
22006,2548,0020600503,2007-01-07,MIA @ POR,W,41,9,17,0.529,0,1,0.0,15,17,0.882,1,4,5,3,2,0,4,1,33,5,0,2006-07,Regular Season,2548,Dwyane Wade
22006,2548,0020600526,2007-01-10,MIA @ SEA,W,37,8,16,0.5,0,0,0.0,13,17,0.765,2,3,5,13,0,1,5,3,29,3,0,2006-07,Regular Season,2548,Dwyane Wade
22006,2548,0020600540,2007-01-12,MIA @ GSW,W,35,8,17,0.471,1,3,0.333,5,8,0.625,0,10,10,9,0,3,5,1,22,20,0,2006-07,Regular Season,2548,Dwyane Wade
22006,2548,0020600548,2007-01-13,MIA @ UTA,W,39,5,12,0.417,1,2,0.5,21,23,0.913,0,1,1,10,6,2,4,5,32,10,0,2006-07,Regular Season,2548,Dwyane Wade
22006,2548,0020600564,2007-01-15,MIA @ LAL,L,40,12,25,0.48,0,2,0.0,11,13,0.846,2,3,5,8,4,0,4,4,35,-2,0,2006-07,Regular Season,2548,Dwyane Wade
22006,2548,0020600579,2007-01-18,MIA vs. IND,W,38,13,24,0.542,0,0,0.0,7,9,0.778,1,5,6,8,4,1,3,2,33,-1,0,2006-07,Regular Season,2548,Dwyane Wade
22006,2548,0020600582,2007-01-19,MIA @ PHI,L,48,10,26,0.385,1,1,1.0,7,9,0.778,4,7,11,9,1,0,5,2,28,-5,0,2006-07,Regular Season,2548,Dwyane Wade
22006,2548,0020600602,2007-01-21,MIA vs. DAL,L,44,12,21,0.571,1,4,0.25,6,9,0.667,1,5,6,6,2,0,0,2,31,1,0,2006-07,Regular Season,2548,Dwyane Wade
22006,2548,0020600624,2007-01-24,MIA @ IND,L,46,12,22,0.545,1,3,0.333,7,8,0.875,1,4,5,8,5,3,4,4,32,4,0,2006-07,Regular Season,2548,Dwyane Wade
22006,2548,0020600637,2007-01-26,MIA @ NYK,L,35,10,22,0.455,0,3,0.0,17,21,0.81,1,3,4,5,1,0,3,3,37,-19,0,2006-07,Regular Season,2548,Dwyane Wade
22006,2548,0020600650,2007-01-27,MIA @ CHI,L,41,8,24,0.333,0,1,0.0,8,11,0.727,2,6,8,8,3,1,2,2,24,-11,0,2006-07,Regular Season,2548,Dwyane Wade
22006,2548,0020600672,2007-01-30,MIA vs. MIL,W,30,12,17,0.706,0,1,0.0,4,4,1.0,2,4,6,6,2,1,5,2,28,31,0,2006-07,Regular Season,2548,Dwyane Wade
22006,2548,0020600687,2007-02-01,MIA vs. CLE,W,42,9,20,0.45,0,1,0.0,23,24,0.958,0,4,4,5,3,2,12,0,41,12,0,2006-07,Regular Season,2548,Dwyane Wade
22006,2548,0020600703,2007-02-03,MIA @ MIL,W,42,11,17,0.647,0,1,0.0,10,13,0.769,3,5,8,11,4,1,2,1,32,22,0,2006-07,Regular Season,2548,Dwyane Wade
22006,2548,0020600716,2007-02-05,MIA vs. CHA,W,39,10,17,0.588,0,2,0.0,7,10,0.7,0,5,5,12,3,2,4,1,27,27,0,2006-07,Regular Season,2548,Dwyane Wade
22006,2548,0020600731,2007-02-07,MIA @ BOS,W,38,10,17,0.588,1,1,1.0,9,9,1.0,0,6,6,9,1,3,5,2,30,20,0,2006-07,Regular Season,2548,Dwyane Wade
22006,2548,0020600744,2007-02-09,MIA @ CLE,L,39,10,17,0.588,0,0,0.0,7,9,0.778,1,0,1,7,2,2,7,2,27,-21,0,2006-07,Regular Season,2548,Dwyane Wade
22006,2548,0020600757,2007-02-11,MIA vs. SAS,W,41,10,19,0.526,1,2,0.5,5,7,0.714,1,3,4,7,1,3,6,3,26,9,0,2006-07,Regular Season,2548,Dwyane Wade
22006,2548,0020600769,2007-02-13,MIA vs. POR,W,35,14,23,0.609,1,3,0.333,6,7,0.857,1,2,3,5,2,3,2,3,35,17,0,2006-07,Regular Season,2548,Dwyane Wade
22006,2548,0020600807,2007-02-21,MIA @ HOU,L,34,11,25,0.44,0,1,0.0,5,7,0.714,2,1,3,9,2,0,4,1,27,-8,0,2006-07,Regular Season,2548,Dwyane Wade
22006,2548,0020601146,2007-04-08,MIA vs. CHA,L,27,3,9,0.333,0,1,0.0,6,12,0.5,1,2,3,8,0,1,6,2,12,-2,0,2006-07,Regular Season,2548,Dwyane Wade
22006,2548,0020601159,2007-04-10,MIA @ CHA,L,21,6,12,0.5,0,0,0.0,2,2,1.0,1,4,5,2,2,0,4,0,14,-23,0,2006-07,Regular Season,2548,Dwyane Wade
22006,2548,0020601165,2007-04-11,MIA vs. WAS,W,34,6,11,0.545,0,0,0.0,4,6,0.667,0,6,6,7,2,0,7,1,16,6,0,2006-07,Regular Season,2548,Dwyane Wade
22006,2548,0020601179,2007-04-13,MIA vs. IND,W,35,9,22,0.409,0,0,0.0,5,6,0.833,1,3,4,3,5,1,4,4,23,4,0,2006-07,Regular Season,2548,Dwyane Wade
22006,2548,0020601204,2007-04-16,MIA vs. BOS,L,24,3,7,0.429,0,0,0.0,2,3,0.667,1,0,1,2,2,0,2,1,8,1,0,2006-07,Regular Season,2548,Dwyane Wade
42006,2548,0040600131,2007-04-21,MIA @ CHI,L,33,7,16,0.438,0,1,0.0,7,7,1.0,0,2,2,3,1,1,5,5,21,-7,0,2006-07,Playoffs,2548,Dwyane Wade
42006,2548,0040600132,2007-04-24,MIA @ CHI,L,41,9,19,0.474,0,0,0.0,3,6,0.5,0,3,3,7,1,0,7,1,21,-11,0,2006-07,Playoffs,2548,Dwyane Wade
42006,2548,0040600133,2007-04-27,MIA vs. CHI,L,43,12,27,0.444,0,2,0.0,4,10,0.4,5,4,9,5,3,0,4,2,28,-12,0,2006-07,Playoffs,2548,Dwyane Wade
42006,2548,0040600134,2007-04-29,MIA vs. CHI,L,45,8,22,0.364,0,2,0.0,8,9,0.889,2,3,5,10,0,1,7,5,24,-10,0,2006-07,Playoffs,2548,Dwyane Wade
22006,2730,0020600005,2006-11-01,ORL vs. CHI,W,33,9,12,0.75,0,0,0.0,9,10,0.9,2,9,11,3,1,2,4,3,27,14,0,2006-07,Regular Season,2730,Dwight Howard
22006,2730,0020600019,2006-11-03,ORL vs. PHI,L,35,5,9,0.556,0,0,0.0,4,9,0.444,3,6,9,2,0,2,6,3,14,-6,0,2006-07,Regular Season,2730,Dwight Howard
22006,2730,0020600042,2006-11-05,ORL @ ATL,L,25,3,5,0.6,0,0,0.0,5,8,0.625,3,5,8,0,1,2,5,5,11,2,0,2006-07,Regular Season,2730,Dwight Howard
22006,2730,0020600045,2006-11-06,ORL vs. WAS,W,35,2,6,0.333,0,0,0.0,3,5,0.6,6,8,14,1,0,5,2,1,7,1,0,2006-07,Regular Season,2730,Dwight Howard
22006,2730,0020600060,2006-11-08,ORL vs. SEA,W,8,3,5,0.6,0,0,0.0,2,2,1.0,2,8,10,4,2,0,5,4,8,6,0,2006-07,Regular Season,2730,Dwight Howard
22006,2730,0020600076,2006-11-10,ORL @ IND,L,42,7,12,0.583,0,0,0.0,3,7,0.429,4,10,14,1,1,3,8,4,17,-4,0,2006-07,Regular Season,2730,Dwight Howard
22006,2730,0020600085,2006-11-11,ORL @ MIN,W,38,10,16,0.625,0,0,0.0,1,3,0.333,7,15,22,1,0,1,0,1,21,6,0,2006-07,Regular Season,2730,Dwight Howard
22006,2730,0020600097,2006-11-13,ORL @ BOS,W,39,5,8,0.625,0,0,0.0,7,11,0.636,2,13,15,4,0,3,3,2,17,8,0,2006-07,Regular Season,2730,Dwight Howard
22006,2730,0020600108,2006-11-15,ORL vs. DEN,W,40,2,5,0.4,0,0,0.0,5,8,0.625,4,4,8,0,1,2,2,1,9,4,0,2006-07,Regular Season,2730,Dwight Howard
22006,2730,0020600131,2006-11-18,ORL vs. CHA,W,30,7,12,0.583,0,0,0.0,10,13,0.769,6,15,21,2,1,0,1,2,24,6,0,2006-07,Regular Season,2730,Dwight Howard
22006,2730,0020600146,2006-11-20,ORL @ MEM,L,41,9,12,0.75,0,0,0.0,6,8,0.75,8,15,23,1,1,1,3,0,24,-3,0,2006-07,Regular Season,2730,Dwight Howard
22006,2730,0020600160,2006-11-22,ORL vs. IND,W,38,7,12,0.583,0,0,0.0,2,6,0.333,4,7,11,1,0,1,5,5,16,9,0,2006-07,Regular Season,2730,Dwight Howard
22006,2730,0020600174,2006-11-24,ORL @ MIA,W,38,6,19,0.316,0,0,0.0,11,15,0.733,4,8,12,2,0,1,2,3,23,2,0,2006-07,Regular Season,2730,Dwight Howard
22006,2730,0020600186,2006-11-25,ORL vs. ATL,W,33,4,6,0.667,0,0,0.0,3,5,0.6,2,9,11,3,1,3,5,6,11,19,0,2006-07,Regular Season,2730,Dwight Howard
22006,2730,0020600202,2006-11-27,ORL @ UTA,W,39,4,11,0.364,0,0,0.0,13,16,0.813,3,13,16,2,0,1,2,2,21,2,0,2006-07,Regular Season,2730,Dwight Howard
22006,2730,0020600219,2006-11-29,ORL @ SEA,W,31,8,8,1.0,0,0,0.0,8,12,0.667,4,8,12,0,0,4,4,3,24,2,0,2006-07,Regular Season,2730,Dwight Howard
22006,2730,0020600232,2006-12-01,ORL @ POR,W,41,8,11,0.727,0,0,0.0,2,3,0.667,4,12,16,1,0,4,1,0,18,2,0,2006-07,Regular Season,2730,Dwight Howard
22006,2730,0020600247,2006-12-03,ORL @ LAC,L,36,5,7,0.714,0,0,0.0,6,10,0.6,1,6,7,2,0,2,1,4,16,-10,0,2006-07,Regular Season,2730,Dwight Howard
22006,2730,0020600253,2006-12-04,ORL @ SAC,W,39,7,9,0.778,0,0,0.0,4,8,0.5,2,14,16,0,1,1,4,2,18,3,0,2006-07,Regular Season,2730,Dwight Howard
22006,2730,0020600263,2006-12-06,ORL @ IND,L,40,9,13,0.692,0,0,0.0,2,5,0.4,1,7,8,3,0,3,4,2,20,-13,0,2006-07,Regular Season,2730,Dwight Howard
22006,2730,0020600275,2006-12-08,ORL vs. DET,L,38,7,13,0.538,0,0,0.0,11,13,0.846,3,7,10,0,3,1,5,2,25,-11,0,2006-07,Regular Season,2730,Dwight Howard
22006,2730,0020600287,2006-12-09,ORL vs. PHI,W,43,12,17,0.706,0,0,0.0,4,6,0.667,5,7,12,0,2,0,1,3,28,6,0,2006-07,Regular Season,2730,Dwight Howard
22006,2730,0020600301,2006-12-11,ORL vs. PHX,L,19,2,6,0.333,0,0,0.0,0,0,0.0,0,3,3,2,0,0,5,6,4,-5,0,2006-07,Regular Season,2730,Dwight Howard
22006,2730,0020600315,2006-12-13,ORL vs. TOR,L,35,6,17,0.353,0,0,0.0,5,8,0.625,8,5,13,3,2,0,2,4,17,-20,0,2006-07,Regular Season,2730,Dwight Howard
22006,2730,0020600326,2006-12-14,ORL @ CHA,L,37,4,7,0.571,0,0,0.0,2,8,0.25,3,9,12,3,1,3,6,3,10,-4,0,2006-07,Regular Season,2730,Dwight Howard
22006,2730,0020600343,2006-12-16,ORL vs. CLE,W,39,5,11,0.455,0,0,0.0,4,6,0.667,4,12,16,1,2,5,6,4,14,3,0,2006-07,Regular Season,2730,Dwight Howard
22006,2730,0020600366,2006-12-20,ORL vs. NOK,W,34,6,7,0.857,0,0,0.0,4,5,0.8,3,10,13,3,1,2,4,4,16,5,0,2006-07,Regular Season,2730,Dwight Howard
22006,2730,0020600380,2006-12-22,ORL vs. GSW,L,40,4,8,0.5,0,0,0.0,7,8,0.875,3,10,13,2,1,5,1,3,15,-3,0,2006-07,Regular Season,2730,Dwight Howard
22006,2730,0020600396,2006-12-23,ORL @ CLE,L,31,6,15,0.4,0,0,0.0,5,7,0.714,4,9,13,1,1,1,3,2,17,0,0,2006-07,Regular Season,2730,Dwight Howard
22006,2730,0020600418,2006-12-27,ORL vs. LAL,L,37,4,10,0.4,0,0,0.0,4,5,0.8,2,6,8,1,1,1,3,3,12,-10,0,2006-07,Regular Season,2730,Dwight Howard
22006,2730,0020600430,2006-12-29,ORL @ WAS,L,40,9,17,0.529,0,0,0.0,2,4,0.5,2,10,12,4,1,0,5,5,20,-6,0,2006-07,Regular Season,2730,Dwight Howard
22006,2730,0020600442,2006-12-30,ORL vs. MIA,W,30,5,8,0.625,0,0,0.0,8,9,0.889,3,7,10,2,0,2,1,2,18,12,0,2006-07,Regular Season,2730,Dwight Howard
22006,2730,0020600460,2007-01-02,ORL vs. LAC,W,37,6,10,0.6,0,0,0.0,2,3,0.667,7,7,14,5,1,2,6,1,14,6,0,2006-07,Regular Season,2730,Dwight Howard
22006,2730,0020600481,2007-01-05,ORL vs. CHA,W,34,8,10,0.8,1,1,1.0,5,9,0.556,1,11,12,0,3,4,4,2,22,20,0,2006-07,Regular Season,2730,Dwight Howard
22006,2730,0020600501,2007-01-07,ORL vs. BOS,W,37,5,13,0.385,0,0,0.0,8,12,0.667,0,12,12,0,1,0,5,4,18,5,0,2006-07,Regular Season,2730,Dwight Howard
22006,2730,0020600527,2007-01-10,ORL @ GSW,W,45,11,18,0.611,0,0,0.0,8,15,0.533,9,16,25,0,2,1,5,4,30,14,0,2006-07,Regular Season,2730,Dwight Howard
22006,2730,0020600539,2007-01-12,ORL @ LAL,L,36,9,14,0.643,0,0,0.0,7,16,0.438,3,7,10,3,0,2,5,5,25,-7,0,2006-07,Regular Season,2730,Dwight Howard
22006,2730,0020600549,2007-01-13,ORL @ PHX,L,29,5,12,0.417,0,0,0.0,0,2,0.0,3,2,5,1,0,4,3,3,10,-17,0,2006-07,Regular Season,2730,Dwight Howard
22006,2730,0020600565,2007-01-16,ORL @ NOK,L,38,6,13,0.462,0,0,0.0,5,9,0.556,4,11,15,3,1,1,2,2,17,-9,0,2006-07,Regular Season,2730,Dwight Howard
22006,2730,0020600583,2007-01-19,ORL vs. WAS,L,39,8,9,0.889,0,0,0.0,4,6,0.667,3,10,13,3,0,1,4,2,20,-15,0,2006-07,Regular Season,2730,Dwight Howard
22006,2730,0020600597,2007-01-20,ORL @ NJN,L,25,0,6,0.0,0,0,0.0,1,2,0.5,1,5,6,1,0,2,5,6,1,-14,0,2006-07,Regular Season,2730,Dwight Howard
22006,2730,0020600607,2007-01-22,ORL @ CLE,W,34,7,10,0.7,0,0,0.0,4,8,0.5,3,10,13,2,0,2,5,4,18,2,0,2006-07,Regular Season,2730,Dwight Howard
22006,2730,0020600617,2007-01-23,ORL vs. DAL,L,35,4,10,0.4,0,0,0.0,7,14,0.5,4,10,14,1,0,1,3,3,15,-16,0,2006-07,Regular Season,2730,Dwight Howard
22006,2730,0020600636,2007-01-26,ORL vs. ATL,L,39,5,10,0.5,0,0,0.0,9,18,0.5,0,4,4,2,0,1,3,4,19,-9,0,2006-07,Regular Season,2730,Dwight Howard
22006,2730,0020600661,2007-01-29,ORL @ ATL,L,37,5,11,0.455,0,0,0.0,5,6,0.833,1,6,7,1,0,1,3,1,15,-7,0,2006-07,Regular Season,2730,Dwight Howard
22006,2730,0020600677,2007-01-31,ORL vs. MIL,W,21,2,2,1.0,0,0,0.0,2,8,0.25,2,5,7,1,1,2,5,5,6,3,0,2006-07,Regular Season,2730,Dwight Howard
22006,2730,0020600690,2007-02-02,ORL vs. NJN,W,29,8,11,0.727,0,0,0.0,3,4,0.75,2,7,9,0,0,0,2,3,19,26,0,2006-07,Regular Season,2730,Dwight Howard
22006,2730,0020600701,2007-02-03,ORL vs. NYK,L,34,6,11,0.545,0,0,0.0,3,4,0.75,5,6,11,0,0,0,2,5,15,-6,0,2006-07,Regular Season,2730,Dwight Howard
22006,2730,0020600722,2007-02-06,ORL @ MIL,L,35,9,9,1.0,0,0,0.0,3,7,0.429,1,10,11,2,1,1,4,4,21,-1,0,2006-07,Regular Season,2730,Dwight Howard
22006,2730,0020600725,2007-02-07,ORL @ TOR,L,42,13,14,0.929,0,0,0.0,6,8,0.75,3,6,9,4,0,2,5,5,32,-4,0,2006-07,Regular Season,2730,Dwight Howard
22006,2730,0020600741,2007-02-09,ORL vs. SAS,W,43,11,14,0.786,0,0,0.0,8,12,0.667,1,7,8,3,4,3,4,3,30,4,0,2006-07,Regular Season,2730,Dwight Howard
22006,2730,0020600749,2007-02-10,ORL @ NJN,L,41,11,15,0.733,0,0,0.0,3,5,0.6,3,9,12,1,0,4,7,2,25,-4,0,2006-07,Regular Season,2730,Dwight Howard
22006,2730,0020600778,2007-02-14,ORL vs. POR,W,36,8,12,0.667,0,0,0.0,4,4,1.0,2,14,16,2,1,2,4,1,20,17,0,2006-07,Regular Season,2730,Dwight Howard
22006,2730,0020600792,2007-02-20,ORL @ NYK,L,42,9,13,0.692,0,0,0.0,9,13,0.692,5,9,14,0,3,3,4,2,27,-4,0,2006-07,Regular Season,2730,Dwight Howard
22006,2730,0020600805,2007-02-21,ORL @ DET,L,35,11,15,0.733,0,0,0.0,4,9,0.444,7,8,15,1,2,1,6,2,26,-8,0,2006-07,Regular Season,2730,Dwight Howard
22006,2730,0020600816,2007-02-23,ORL vs. DET,L,44,7,12,0.583,0,0,0.0,6,9,0.667,3,10,13,3,0,1,4,4,20,-8,0,2006-07,Regular Season,2730,Dwight Howard
22006,2730,0020600834,2007-02-25,ORL vs. HOU,L,41,7,14,0.5,0,0,0.0,4,8,0.5,7,9,16,3,2,4,4,3,18,-6,0,2006-07,Regular Season,2730,Dwight Howard
22006,2730,0020600844,2007-02-26,ORL @ CHI,W,38,7,10,0.7,0,0,0.0,7,9,0.778,8,8,16,1,1,2,11,4,21,16,0,2006-07,Regular Season,2730,Dwight Howard
22006,2730,0020600862,2007-02-28,ORL @ DEN,L,33,9,14,0.643,0,1,0.0,5,7,0.714,4,8,12,3,2,1,4,4,23,-2,0,2006-07,Regular Season,2730,Dwight Howard
22006,2730,0020600873,2007-03-02,ORL @ SAS,L,34,4,8,0.5,0,0,0.0,1,4,0.25,3,6,9,0,1,1,2,4,9,-8,0,2006-07,Regular Season,2730,Dwight Howard
22006,2730,0020600884,2007-03-03,ORL @ DAL,L,41,9,14,0.643,0,0,0.0,7,11,0.636,4,6,10,4,0,4,1,3,25,-11,0,2006-07,Regular Season,2730,Dwight Howard
22006,2730,0020600894,2007-03-05,ORL vs. MIL,W,26,4,5,0.8,0,0,0.0,2,2,1.0,0,9,9,2,1,2,5,4,10,19,0,2006-07,Regular Season,2730,Dwight Howard
22006,2730,0020600917,2007-03-08,ORL vs. CHI,L,37,6,11,0.545,0,0,0.0,5,14,0.357,7,7,14,2,1,2,4,5,17,-14,0,2006-07,Regular Season,2730,Dwight Howard
22006,2730,0020600937,2007-03-11,ORL @ HOU,L,32,6,12,0.5,0,0,0.0,4,5,0.8,3,9,12,3,2,1,2,2,16,-13,0,2006-07,Regular Season,2730,Dwight Howard
22006,2730,0020600943,2007-03-12,ORL @ CHA,L,47,8,11,0.727,0,0,0.0,10,19,0.526,4,7,11,4,1,2,1,1,26,-11,0,2006-07,Regular Season,2730,Dwight Howard
22006,2730,0020600960,2007-03-14,ORL vs. UTA,W,44,13,16,0.813,0,0,0.0,5,7,0.714,5,10,15,2,0,2,3,3,31,10,0,2006-07,Regular Season,2730,Dwight Howard
22006,2730,0020600980,2007-03-17,ORL vs. SAC,L,40,2,10,0.2,0,0,0.0,2,4,0.5,2,10,12,3,0,2,5,2,6,-12,0,2006-07,Regular Season,2730,Dwight Howard
22006,2730,0020600991,2007-03-18,ORL @ MIA,W,34,6,6,1.0,0,0,0.0,5,10,0.5,4,7,11,0,0,1,5,4,17,9,0,2006-07,Regular Season,2730,Dwight Howard
22006,2730,0020601007,2007-03-21,ORL @ TOR,L,44,6,8,0.75,0,0,0.0,5,13,0.385,1,11,12,3,0,3,3,3,17,-8,0,2006-07,Regular Season,2730,Dwight Howard
22006,2730,0020601022,2007-03-23,ORL vs. NJN,W,38,3,6,0.5,0,0,0.0,4,8,0.5,3,13,16,2,0,0,3,4,10,12,0,2006-07,Regular Season,2730,Dwight Howard
22006,2730,0020601046,2007-03-26,ORL @ NYK,W,42,5,7,0.714,0,0,0.0,0,4,0.0,1,13,14,5,3,4,6,0,10,3,0,2006-07,Regular Season,2730,Dwight Howard
22006,2730,0020601061,2007-03-28,ORL @ BOS,L,51,4,9,0.444,0,0,0.0,4,12,0.333,3,11,14,3,2,6,6,3,12,3,0,2006-07,Regular Season,2730,Dwight Howard
22006,2730,0020601075,2007-03-30,ORL vs. IND,W,43,4,10,0.4,0,0,0.0,2,4,0.5,1,7,8,2,1,5,7,4,10,11,0,2006-07,Regular Season,2730,Dwight Howard
22006,2730,0020601096,2007-04-01,ORL vs. MIN,L,39,3,5,0.6,0,0,0.0,2,4,0.5,5,14,19,1,0,1,5,3,8,-9,0,2006-07,Regular Season,2730,Dwight Howard
22006,2730,0020601109,2007-04-04,ORL vs. TOR,L,45,7,12,0.583,0,0,0.0,4,6,0.667,5,10,15,5,0,2,7,3,18,-2,0,2006-07,Regular Season,2730,Dwight Howard
22006,2730,0020601134,2007-04-07,ORL vs. MEM,W,32,10,13,0.769,0,0,0.0,11,17,0.647,3,8,11,2,1,0,2,3,31,39,0,2006-07,Regular Season,2730,Dwight Howard
22006,2730,0020601150,2007-04-09,ORL @ MIL,W,29,7,10,0.7,0,0,0.0,1,4,0.25,2,9,11,2,2,1,1,0,15,24,0,2006-07,Regular Season,2730,Dwight Howard
22006,2730,0020601166,2007-04-11,ORL @ DET,L,42,3,12,0.25,0,0,0.0,6,16,0.375,8,8,16,1,0,2,2,1,12,-10,0,2006-07,Regular Season,2730,Dwight Howard
22006,2730,0020601187,2007-04-14,ORL @ PHI,W,43,14,15,0.933,0,0,0.0,7,10,0.7,5,6,11,5,3,0,5,3,35,23,0,2006-07,Regular Season,2730,Dwight Howard
22006,2730,0020601200,2007-04-15,ORL vs. BOS,W,41,3,8,0.375,0,0,0.0,4,12,0.333,4,10,14,3,2,2,5,3,10,13,0,2006-07,Regular Season,2730,Dwight Howard
22006,2730,0020601212,2007-04-17,ORL @ WAS,W,41,7,11,0.636,0,0,0.0,3,6,0.5,3,9,12,2,0,3,6,3,17,10,0,2006-07,Regular Season,2730,Dwight Howard
22006,2730,0020601219,2007-04-18,ORL vs. MIA,W,27,5,8,0.625,0,0,0.0,2,4,0.5,3,11,14,1,0,1,3,2,12,26,0,2006-07,Regular Season,2730,Dwight Howard
42006,2730,0040600101,2007-04-21,ORL @ DET,L,44,5,8,0.625,0,0,0.0,3,11,0.273,5,14,19,3,0,3,6,4,13,-13,0,2006-07,Playoffs,2730,Dwight Howard
42006,2730,0040600102,2007-04-23,ORL @ DET,L,35,3,9,0.333,0,0,0.0,2,3,0.667,4,7,11,1,0,0,3,3,8,-9,0,2006-07,Playoffs,2730,Dwight Howard
42006,2730,0040600103,2007-04-26,ORL vs. DET,L,44,5,10,0.5,0,0,0.0,1,2,0.5,2,10,12,1,0,1,3,3,11,-18,0,2006-07,Playoffs,2730,Dwight Howard
42006,2730,0040600104,2007-04-28,ORL vs. DET,L,44,10,15,0.667,0,0,0.0,9,17,0.529,5,12,17,2,2,0,5,3,29,-1,0,2006-07,Playoffs,2730,Dwight Howard
