SEASON_ID,Player_ID,Game_ID,GAME_DATE,MATCHUP,WL,MIN,FGM,FGA,FG_PCT,FG3M,FG3A,FG3_PCT,FTM,FTA,FT_PCT,OREB,DREB,REB,AST,STL,BLK,TOV,PF,PTS,PLUS_MINUS,VIDEO_AVAILABLE,SEASON,SEASON_TYPE,PLAYER_ID,PLAYER_NAME
22013,2544,0021300002,2013-10-29,MIA vs. CHI,W,38,5,11,0.455,0,1,0.0,7,9,0.778,0,6,6,8,1,0,2,0,17,8,1,2013-14,Regular Season,2544,LeBron James
22013,2544,0021300005,2013-10-30,MIA @ PHI,L,37,9,17,0.529,4,7,0.571,3,4,0.75,0,4,4,13,0,0,4,3,25,-8,1,2013-14,Regular Season,2544,LeBron James
22013,2544,0021300028,2013-11-01,MIA @ BKN,L,42,11,19,0.579,1,2,0.5,3,5,0.6,1,6,7,6,2,1,5,2,26,-3,1,2013-14,Regular Season,2544,LeBron James
22013,2544,0021300042,2013-11-03,MIA vs. WAS,W,35,9,14,0.643,3,5,0.6,4,5,0.8,0,3,3,5,1,0,6,2,25,16,1,2013-14,Regular Season,2544,LeBron James
22013,2544,0021300051,2013-11-05,MIA @ TOR,W,36,13,20,0.65,1,3,0.333,8,8,1.0,2,6,8,8,0,1,1,2,35,3,1,2013-14,Regular Season,2544,LeBron James
22013,2544,0021300070,2013-11-07,MIA vs. LAC,W,37,6,13,0.462,1,3,0.333,5,9,0.556,0,5,5,6,1,0,4,4,18,-1,1,2013-14,Regular Season,2544,LeBron James
22013,2544,0021300089,2013-11-09,MIA vs. BOS,L,37,9,13,0.692,0,0,0.0,7,9,0.778,1,7,8,10,0,0,5,1,25,5,1,2013-14,Regular Season,2544,LeBron James
22013,2544,0021300107,2013-11-12,MIA vs. MIL,W,30,13,21,0.619,4,7,0.571,3,6,0.5,0,3,3,2,0,0,3,0,33,14,1,2013-14,Regular Season,2544,LeBron James
22013,2544,0021300130,2013-11-15,MIA vs. DAL,W,37,14,18,0.778,1,1,1.0,10,11,0.909,0,6,6,4,1,0,6,0,39,0,1,2013-14,Regular Season,2544,LeBron James
22013,2544,0021300136,2013-11-16,MIA @ CHA,W,32,13,18,0.722,0,0,0.0,4,4,1.0,1,3,4,7,1,1,3,1,30,7,1,2013-14,Regular Season,2544,LeBron James
22013,2544,0021300158,2013-11-19,MIA vs. ATL,W,31,6,13,0.462,0,0,0.0,1,3,0.333,2,4,6,5,1,0,3,0,13,14,1,2013-14,Regular Season,2544,LeBron James
22013,2544,0021300164,2013-11-20,MIA @ ORL,W,29,5,11,0.455,0,2,0.0,11,11,1.0,1,5,6,7,1,1,4,0,21,23,1,2013-14,Regular Season,2544,LeBron James
22013,2544,0021300191,2013-11-23,MIA vs. ORL,W,38,7,13,0.538,3,6,0.5,5,7,0.714,0,9,9,7,3,0,3,0,22,7,1,2013-14,Regular Season,2544,LeBron James
22013,2544,0021300205,2013-11-25,MIA vs. PHX,W,33,11,14,0.786,2,4,0.5,11,11,1.0,0,5,5,4,1,1,4,0,35,1,1,2013-14,Regular Season,2544,LeBron James
22013,2544,0021300219,2013-11-27,MIA @ CLE,W,37,9,19,0.474,1,3,0.333,9,11,0.818,0,8,8,8,3,0,1,3,28,0,1,2013-14,Regular Season,2544,LeBron James
22013,2544,0021300230,2013-11-29,MIA @ TOR,W,36,10,17,0.588,3,5,0.6,4,6,0.667,1,5,6,3,1,1,3,2,27,3,1,2013-14,Regular Season,2544,LeBron James
22013,2544,0021300252,2013-12-01,MIA vs. CHA,W,38,8,13,0.615,1,3,0.333,9,10,0.9,0,5,5,4,1,1,3,0,26,-4,1,2013-14,Regular Season,2544,LeBron James
22013,2544,0021300264,2013-12-03,MIA vs. DET,L,37,8,15,0.533,2,5,0.4,5,8,0.625,3,2,5,6,2,1,6,2,23,-6,1,2013-14,Regular Season,2544,LeBron James
22013,2544,0021300279,2013-12-05,MIA @ CHI,L,33,7,17,0.412,1,4,0.25,6,8,0.75,0,5,5,2,3,0,1,2,21,-21,1,2013-14,Regular Season,2544,LeBron James
22013,2544,0021300294,2013-12-07,MIA @ MIN,W,31,9,12,0.75,0,0,0.0,3,5,0.6,4,10,14,8,2,0,7,3,21,9,1,2013-14,Regular Season,2544,LeBron James
22013,2544,0021300300,2013-12-08,MIA @ DET,W,35,10,15,0.667,0,2,0.0,4,5,0.8,1,6,7,9,2,0,6,2,24,18,1,2013-14,Regular Season,2544,LeBron James
22013,2544,0021300311,2013-12-10,MIA @ IND,L,39,6,16,0.375,1,4,0.25,4,6,0.667,1,13,14,6,2,0,5,3,17,-2,1,2013-14,Regular Season,2544,LeBron James
22013,2544,0021300344,2013-12-14,MIA vs. CLE,W,41,9,12,0.75,0,2,0.0,7,10,0.7,2,7,9,9,4,0,2,2,25,6,1,2013-14,Regular Season,2544,LeBron James
22013,2544,0021300360,2013-12-16,MIA vs. UTA,W,34,13,17,0.765,0,1,0.0,4,5,0.8,1,8,9,9,1,0,3,1,30,24,1,2013-14,Regular Season,2544,LeBron James
22013,2544,0021300369,2013-12-18,MIA vs. IND,W,36,8,14,0.571,1,3,0.333,7,7,1.0,0,9,9,7,3,0,3,3,24,16,1,2013-14,Regular Season,2544,LeBron James
22013,2544,0021300387,2013-12-20,MIA vs. SAC,W,31,8,11,0.727,1,2,0.5,1,2,0.5,2,4,6,8,1,1,1,1,18,14,1,2013-14,Regular Season,2544,LeBron James
22013,2544,0021300411,2013-12-23,MIA vs. ATL,W,46,16,28,0.571,4,9,0.444,2,6,0.333,4,4,8,6,2,0,0,2,38,-4,1,2013-14,Regular Season,2544,LeBron James
22013,2544,0021300420,2013-12-25,MIA @ LAL,W,36,7,14,0.5,0,4,0.0,5,9,0.556,0,8,8,4,0,0,2,2,19,0,1,2013-14,Regular Season,2544,LeBron James
22013,2544,0021300434,2013-12-27,MIA @ SAC,L,44,12,23,0.522,4,9,0.444,5,6,0.833,0,8,8,8,0,0,2,3,33,-10,1,2013-14,Regular Season,2544,LeBron James
22013,2544,0021300457,2013-12-30,MIA @ DEN,W,40,8,15,0.533,5,9,0.556,5,8,0.625,1,5,6,10,0,1,4,0,26,4,1,2013-14,Regular Season,2544,LeBron James
22013,2544,0021300474,2014-01-02,MIA vs. GSW,L,40,10,16,0.625,1,4,0.25,5,8,0.625,0,5,5,5,0,1,8,0,26,-11,1,2013-14,Regular Season,2544,LeBron James
22013,2544,0021300490,2014-01-04,MIA @ ORL,W,36,5,13,0.385,0,1,0.0,5,8,0.625,1,7,8,8,1,0,3,1,15,17,1,2013-14,Regular Season,2544,LeBron James
22013,2544,0021300500,2014-01-05,MIA vs. TOR,W,38,12,18,0.667,0,0,0.0,6,7,0.857,1,3,4,5,1,0,1,1,30,1,1,2013-14,Regular Season,2544,LeBron James
22013,2544,0021300511,2014-01-07,MIA vs. NOP,W,35,13,22,0.591,3,6,0.5,3,3,1.0,1,2,3,5,2,0,3,1,32,19,1,2013-14,Regular Season,2544,LeBron James
22013,2544,0021300529,2014-01-09,MIA @ NYK,L,41,12,17,0.706,1,4,0.25,7,11,0.636,0,5,5,6,1,1,6,2,32,1,1,2013-14,Regular Season,2544,LeBron James
22013,2544,0021300537,2014-01-10,MIA @ BKN,L,49,12,21,0.571,2,5,0.4,10,12,0.833,3,4,7,5,0,0,4,6,36,-1,1,2013-14,Regular Season,2544,LeBron James
22013,2544,0021300568,2014-01-15,MIA @ WAS,L,41,8,18,0.444,0,4,0.0,9,10,0.9,2,6,8,7,2,0,4,1,25,-15,1,2013-14,Regular Season,2544,LeBron James
22013,2544,0021300583,2014-01-17,MIA @ PHI,W,37,7,13,0.538,0,1,0.0,7,8,0.875,1,7,8,10,2,1,3,3,21,17,1,2013-14,Regular Season,2544,LeBron James
22013,2544,0021300593,2014-01-18,MIA @ CHA,W,45,13,25,0.52,0,3,0.0,8,10,0.8,2,6,8,6,1,0,2,4,34,15,1,2013-14,Regular Season,2544,LeBron James
22013,2544,0021300612,2014-01-20,MIA @ ATL,L,39,11,21,0.524,3,7,0.429,5,8,0.625,1,3,4,6,1,0,3,1,30,0,1,2013-14,Regular Season,2544,LeBron James
22013,2544,0021300617,2014-01-21,MIA vs. BOS,W,39,10,19,0.526,0,4,0.0,9,11,0.818,1,7,8,4,2,0,3,1,29,10,1,2013-14,Regular Season,2544,LeBron James
22013,2544,0021300631,2014-01-23,MIA vs. LAL,W,37,9,15,0.6,2,4,0.5,7,13,0.538,2,11,13,6,1,0,5,1,27,4,1,2013-14,Regular Season,2544,LeBron James
22013,2544,0021300654,2014-01-26,MIA vs. SAS,W,28,8,15,0.533,1,3,0.333,1,1,1.0,0,7,7,6,1,0,4,4,18,21,1,2013-14,Regular Season,2544,LeBron James
22013,2544,0021300675,2014-01-29,MIA vs. OKC,L,42,12,20,0.6,1,5,0.2,9,9,1.0,1,2,3,3,0,0,3,1,34,-17,1,2013-14,Regular Season,2544,LeBron James
22013,2544,0021300705,2014-02-01,MIA @ NYK,W,39,13,22,0.591,1,3,0.333,3,6,0.5,1,7,8,7,6,0,2,3,30,14,1,2013-14,Regular Season,2544,LeBron James
22013,2544,0021300713,2014-02-03,MIA vs. DET,W,38,9,19,0.474,0,3,0.0,6,8,0.75,1,7,8,11,2,2,1,1,24,6,1,2013-14,Regular Season,2544,LeBron James
22013,2544,0021300736,2014-02-05,MIA @ LAC,W,41,11,20,0.55,3,7,0.429,6,8,0.75,1,7,8,12,3,1,7,2,31,3,1,2013-14,Regular Season,2544,LeBron James
22013,2544,0021300755,2014-02-08,MIA @ UTA,L,39,4,13,0.308,1,6,0.167,4,6,0.667,0,7,7,5,0,0,5,2,13,0,1,2013-14,Regular Season,2544,LeBron James
22013,2544,0021300774,2014-02-11,MIA @ PHX,W,41,12,22,0.545,2,5,0.4,11,14,0.786,1,8,9,3,5,0,4,2,37,8,1,2013-14,Regular Season,2544,LeBron James
22013,2544,0021300788,2014-02-12,MIA @ GSW,W,42,14,26,0.538,4,8,0.5,4,7,0.571,1,12,13,9,2,0,2,1,36,-2,1,2013-14,Regular Season,2544,LeBron James
22013,2544,0021300798,2014-02-18,MIA @ DAL,W,38,16,23,0.696,4,8,0.5,6,8,0.75,2,7,9,6,2,0,3,2,42,19,1,2013-14,Regular Season,2544,LeBron James
22013,2544,0021300813,2014-02-20,MIA @ OKC,W,33,15,22,0.682,1,5,0.2,2,5,0.4,1,6,7,3,4,0,8,1,33,9,1,2013-14,Regular Season,2544,LeBron James
22013,2544,0021300865,2014-02-27,MIA vs. NYK,W,37,13,19,0.684,1,2,0.5,4,6,0.667,0,4,4,4,0,0,1,0,31,21,1,2013-14,Regular Season,2544,LeBron James
22013,2544,0021300874,2014-03-01,MIA vs. ORL,W,31,8,12,0.667,0,2,0.0,4,5,0.8,1,8,9,7,4,0,2,1,20,14,2,2013-14,Regular Season,2544,LeBron James
22013,2544,0021300893,2014-03-03,MIA vs. CHA,W,41,22,33,0.667,8,10,0.8,9,12,0.75,3,4,7,4,0,0,2,2,61,16,1,2013-14,Regular Season,2544,LeBron James
22013,2544,0021300900,2014-03-04,MIA @ HOU,L,37,9,18,0.5,0,3,0.0,4,6,0.667,1,0,1,6,3,0,1,1,22,-15,1,2013-14,Regular Season,2544,LeBron James
22013,2544,0021300914,2014-03-06,MIA @ SAS,L,38,6,18,0.333,0,3,0.0,7,9,0.778,3,5,8,7,2,0,5,5,19,-10,1,2013-14,Regular Season,2544,LeBron James
22013,2544,0021300934,2014-03-09,MIA @ CHI,L,45,8,23,0.348,1,3,0.333,0,0,0.0,1,8,9,8,3,1,4,1,17,6,1,2013-14,Regular Season,2544,LeBron James
22013,2544,0021300945,2014-03-10,MIA vs. WAS,W,37,10,15,0.667,3,4,0.75,0,0,0.0,2,5,7,8,3,0,3,3,23,16,1,2013-14,Regular Season,2544,LeBron James
22013,2544,0021300957,2014-03-12,MIA vs. BKN,L,38,6,13,0.462,1,4,0.25,6,9,0.667,0,5,5,7,3,0,5,1,19,2,1,2013-14,Regular Season,2544,LeBron James
22013,2544,0021300976,2014-03-14,MIA vs. DEN,L,40,8,17,0.471,0,4,0.0,5,7,0.714,0,6,6,6,1,0,4,3,21,-8,1,2013-14,Regular Season,2544,LeBron James
22013,2544,0021300989,2014-03-16,MIA vs. HOU,W,43,8,17,0.471,1,3,0.333,7,8,0.875,0,5,5,6,2,0,5,3,24,11,1,2013-14,Regular Season,2544,LeBron James
22013,2544,0021301003,2014-03-18,MIA @ CLE,W,42,14,19,0.737,6,8,0.75,9,13,0.692,0,6,6,4,2,3,0,1,43,11,1,2013-14,Regular Season,2544,LeBron James
22013,2544,0021301027,2014-03-21,MIA vs. MEM,W,38,7,14,0.5,0,2,0.0,1,2,0.5,1,5,6,7,2,1,3,0,15,4,1,2013-14,Regular Season,2544,LeBron James
22013,2544,0021301036,2014-03-22,MIA @ NOP,L,42,10,18,0.556,2,4,0.5,3,3,1.0,1,7,8,9,0,1,3,1,25,-6,1,2013-14,Regular Season,2544,LeBron James
22013,2544,0021301049,2014-03-24,MIA vs. POR,W,38,13,23,0.565,0,1,0.0,6,9,0.667,4,2,6,5,4,0,5,2,32,4,1,2013-14,Regular Season,2544,LeBron James
22013,2544,0021301067,2014-03-26,MIA @ IND,L,43,11,19,0.579,2,6,0.333,14,15,0.933,0,8,8,5,0,0,6,3,38,2,1,2013-14,Regular Season,2544,LeBron James
22013,2544,0021301079,2014-03-28,MIA @ DET,W,30,7,13,0.538,1,3,0.333,2,2,1.0,2,8,10,12,1,0,1,0,17,32,1,2013-14,Regular Season,2544,LeBron James
22013,2544,0021301091,2014-03-29,MIA @ MIL,W,30,5,10,0.5,1,3,0.333,2,4,0.5,2,5,7,2,0,0,4,1,13,19,1,2013-14,Regular Season,2544,LeBron James
22013,2544,0021301105,2014-03-31,MIA vs. TOR,W,39,11,20,0.55,1,6,0.167,9,11,0.818,0,7,7,8,1,0,6,2,32,22,1,2013-14,Regular Season,2544,LeBron James
22013,2544,0021301121,2014-04-02,MIA vs. MIL,W,29,7,12,0.583,1,3,0.333,2,5,0.4,0,4,4,8,1,1,2,0,17,18,1,2013-14,Regular Season,2544,LeBron James
22013,2544,0021301135,2014-04-04,MIA vs. MIN,L,48,12,24,0.5,2,4,0.5,8,10,0.8,2,6,8,5,4,1,4,5,34,7,1,2013-14,Regular Season,2544,LeBron James
22013,2544,0021301149,2014-04-06,MIA vs. NYK,W,43,13,22,0.591,3,7,0.429,9,12,0.75,0,5,5,6,1,0,5,0,38,2,1,2013-14,Regular Season,2544,LeBron James
22013,2544,0021301158,2014-04-08,MIA vs. BKN,L,37,9,16,0.563,0,3,0.0,11,14,0.786,1,9,10,6,2,0,3,0,29,-2,1,2013-14,Regular Season,2544,LeBron James
22013,2544,0021301167,2014-04-09,MIA @ MEM,L,41,14,23,0.609,3,5,0.6,6,7,0.857,1,5,6,5,2,0,5,1,37,-8,1,2013-14,Regular Season,2544,LeBron James
22013,2544,0021301180,2014-04-11,MIA vs. IND,W,35,11,20,0.55,2,4,0.5,12,13,0.923,1,5,6,1,1,1,2,1,36,13,1,2013-14,Regular Season,2544,LeBron James
22013,2544,0021301192,2014-04-12,MIA @ ATL,L,37,10,22,0.455,3,7,0.429,4,8,0.5,3,5,8,5,0,1,3,2,27,-13,1,2013-14,Regular Season,2544,LeBron James
42013,2544,0041300111,2014-04-20,MIA vs. CHA,W,39,8,16,0.5,4,8,0.5,7,10,0.7,0,9,9,1,0,0,3,1,27,0,1,2013-14,Playoffs,2544,LeBron James
42013,2544,0041300112,2014-04-23,MIA vs. CHA,W,40,11,17,0.647,1,5,0.2,9,12,0.75,0,6,6,8,4,0,4,2,32,6,1,2013-14,Playoffs,2544,LeBron James
42013,2544,0041300113,2014-04-26,MIA @ CHA,W,36,10,18,0.556,1,2,0.5,9,10,0.9,0,10,10,6,2,0,2,1,30,20,1,2013-14,Playoffs,2544,LeBron James
42013,2544,0041300114,2014-04-28,MIA @ CHA,W,43,10,19,0.526,1,5,0.2,10,12,0.833,0,7,7,9,3,1,2,3,31,12,1,2013-14,Playoffs,2544,LeBron James
42013,2544,0041300211,2014-05-06,MIA vs. BKN,W,36,10,15,0.667,0,0,0.0,2,2,1.0,1,4,5,3,0,0,1,2,22,10,1,2013-14,Playoffs,2544,LeBron James
42013,2544,0041300212,2014-05-08,MIA vs. BKN,W,39,9,18,0.5,0,3,0.0,4,6,0.667,0,4,4,3,2,1,2,2,22,6,1,2013-14,Playoffs,2544,LeBron James
42013,2544,0041300213,2014-05-10,MIA @ BKN,L,40,8,15,0.533,3,7,0.429,9,10,0.9,0,8,8,5,1,1,2,2,28,-14,1,2013-14,Playoffs,2544,LeBron James
42013,2544,0041300214,2014-05-12,MIA @ BKN,W,43,16,24,0.667,3,6,0.5,14,19,0.737,0,6,6,2,3,0,1,5,49,13,1,2013-14,Playoffs,2544,LeBron James
42013,2544,0041300215,2014-05-14,MIA vs. BKN,W,44,6,14,0.429,2,5,0.4,15,17,0.882,2,7,9,5,0,1,5,1,29,4,1,2013-14,Playoffs,2544,LeBron James
42013,2544,0041300301,2014-05-18,MIA @ IND,L,41,11,18,0.611,1,5,0.2,2,2,1.0,1,9,10,5,3,0,4,3,25,-13,1,2013-14,Playoffs,2544,LeBron James
42013,2544,0041300302,2014-05-20,MIA @ IND,W,42,9,18,0.5,1,5,0.2,3,6,0.5,0,7,7,6,2,3,3,3,22,4,1,2013-14,Playoffs,2544,LeBron James
42013,2544,0041300303,2014-05-24,MIA vs. IND,W,40,9,14,0.643,1,2,0.5,7,9,0.778,1,4,5,7,3,0,6,2,26,24,1,2013-14,Playoffs,2544,LeBron James
42013,2544,0041300304,2014-05-26,MIA vs. IND,W,36,13,21,0.619,2,3,0.667,4,4,1.0,0,10,10,5,2,0,2,3,32,10,1,2013-14,Playoffs,2544,LeBron James
42013,2544,0041300305,2014-05-28,MIA @ IND,L,24,2,10,0.2,1,3,0.333,2,3,0.667,1,1,2,4,0,1,3,5,7,1,1,2013-14,Playoffs,2544,LeBron James
42013,2544,0041300306,2014-05-30,MIA vs. IND,W,32,8,12,0.667,0,0,0.0,9,9,1.0,1,3,4,6,1,1,2,1,25,27,1,2013-14,Playoffs,2544,LeBron James
42013,2544,0041300401,2014-06-05,MIA @ SAS,L,33,9,17,0.529,2,3,0.667,5,6,0.833,3,3,6,3,3,0,4,1,25,0,1,2013-14,Playoffs,2544,LeBron James
42013,2544,0041300402,2014-06-08,MIA @ SAS,W,38,14,22,0.636,3,3,1.0,4,5,0.8,2,8,10,3,2,0,4,3,35,11,1,2013-14,Playoffs,2544,LeBron James
42013,2544,0041300403,2014-06-10,MIA vs. SAS,L,40,9,14,0.643,2,4,0.5,2,3,0.667,1,4,5,7,5,0,7,5,22,-21,1,2013-14,Playoffs,2544,LeBron James
42013,2544,0041300404,2014-06-12,MIA vs. SAS,L,38,10,17,0.588,4,8,0.5,4,6,0.667,0,8,8,2,0,0,3,0,28,-21,1,2013-14,Playoffs,2544,LeBron James
42013,2544,0041300405,2014-06-15,MIA @ SAS,L,41,10,21,0.476,3,9,0.333,8,9,0.889,1,9,10,5,0,2,1,1,31,-16,1,2013-14,Playoffs,2544,LeBron James
22013,201939,0021300017,2013-10-30,GSW vs. LAL,W,24,4,10,0.4,2,5,0.4,0,0,0.0,0,4,4,6,1,0,1,4,10,28,1,2013-14,Regular Season,201939,Stephen Curry
22013,201939,0021300019,2013-10-31,GSW @ LAC,L,38,14,23,0.609,9,14,0.643,1,1,1.0,0,3,3,9,0,0,11,3,38,-8,1,2013-14,Regular Season,201939,Stephen Curry
22013,201939,0021300040,2013-11-02,GSW vs. SAC,W,33,8,13,0.615,5,8,0.625,1,1,1.0,0,1,1,12,1,0,7,4,22,18,1,2013-14,Regular Season,201939,Stephen Curry
22013,201939,0021300048,2013-11-04,GSW @ PHI,W,29,7,16,0.438,2,9,0.222,2,2,1.0,3,7,10,12,5,1,2,0,18,34,1,2013-14,Regular Season,201939,Stephen Curry
22013,201939,0021300067,2013-11-06,GSW @ MIN,W,24,2,8,0.25,0,3,0.0,1,2,0.5,0,1,1,7,1,0,1,1,5,3,1,2013-14,Regular Season,201939,Stephen Curry
22013,201939,0021300091,2013-11-09,GSW @ MEM,L,34,7,18,0.389,4,10,0.4,4,4,1.0,1,1,2,5,3,0,3,1,22,-9,1,2013-14,Regular Season,201939,Stephen Curry
22013,201939,0021300109,2013-11-12,GSW vs. DET,W,29,7,10,0.7,2,4,0.5,9,9,1.0,1,1,2,8,1,0,2,4,25,20,1,2013-14,Regular Season,201939,Stephen Curry
22013,201939,0021300124,2013-11-14,GSW vs. OKC,W,43,8,22,0.364,4,8,0.5,2,3,0.667,0,5,5,9,1,0,2,4,22,-4,1,2013-14,Regular Season,201939,Stephen Curry
22013,201939,0021300145,2013-11-16,GSW vs. UTA,W,39,7,20,0.35,0,5,0.0,1,2,0.5,0,3,3,11,1,0,0,1,15,18,1,2013-14,Regular Season,201939,Stephen Curry
22013,201939,0021300154,2013-11-18,GSW @ UTA,W,33,7,15,0.467,4,7,0.571,4,4,1.0,2,4,6,8,3,0,5,4,22,22,1,2013-14,Regular Season,201939,Stephen Curry
22013,201939,0021300196,2013-11-23,GSW vs. POR,L,37,8,21,0.381,2,9,0.222,4,5,0.8,0,3,3,11,1,0,5,1,22,-6,1,2013-14,Regular Season,201939,Stephen Curry
22013,201939,0021300214,2013-11-26,GSW @ NOP,W,42,7,20,0.35,2,5,0.4,0,0,0.0,1,7,8,9,3,1,2,2,16,-2,1,2013-14,Regular Season,201939,Stephen Curry
22013,201939,0021300225,2013-11-27,GSW @ DAL,L,42,9,19,0.474,6,10,0.6,5,5,1.0,0,4,4,8,1,0,6,3,29,-3,1,2013-14,Regular Season,201939,Stephen Curry
22013,201939,0021300235,2013-11-29,GSW @ OKC,L,45,13,26,0.5,4,10,0.4,2,3,0.667,2,9,11,5,0,0,3,4,32,7,1,2013-14,Regular Season,201939,Stephen Curry
22013,201939,0021300251,2013-12-01,GSW @ SAC,W,40,14,24,0.583,5,8,0.625,3,3,1.0,0,2,2,10,3,1,7,1,36,1,1,2013-14,Regular Season,201939,Stephen Curry
22013,201939,0021300268,2013-12-03,GSW vs. TOR,W,43,8,15,0.533,3,7,0.429,8,10,0.8,0,3,3,10,5,1,3,1,27,16,1,2013-14,Regular Season,201939,Stephen Curry
22013,201939,0021300285,2013-12-06,GSW @ HOU,L,32,5,14,0.357,1,5,0.2,11,11,1.0,0,1,1,5,3,0,8,4,22,-12,1,2013-14,Regular Season,201939,Stephen Curry
22013,201939,0021300293,2013-12-07,GSW @ MEM,W,45,7,16,0.438,2,7,0.286,6,7,0.857,1,5,6,15,0,1,1,4,22,21,1,2013-14,Regular Season,201939,Stephen Curry
22013,201939,0021300304,2013-12-09,GSW @ CHA,L,46,14,32,0.438,5,16,0.313,10,12,0.833,1,5,6,9,0,2,4,4,43,3,1,2013-14,Regular Season,201939,Stephen Curry
22013,201939,0021300326,2013-12-11,GSW vs. DAL,W,44,13,25,0.52,6,11,0.545,1,1,1.0,0,4,4,10,3,0,8,3,33,5,1,2013-14,Regular Season,201939,Stephen Curry
22013,201939,0021300341,2013-12-13,GSW vs. HOU,L,39,5,12,0.417,1,5,0.2,9,11,0.818,0,2,2,9,0,0,6,6,20,-18,1,2013-14,Regular Season,201939,Stephen Curry
22013,201939,0021300355,2013-12-15,GSW @ PHX,L,42,8,17,0.471,4,7,0.571,10,11,0.909,0,6,6,7,3,0,6,2,30,-4,1,2013-14,Regular Season,201939,Stephen Curry
22013,201939,0021300368,2013-12-17,GSW vs. NOP,W,33,11,19,0.579,2,7,0.286,4,4,1.0,1,3,4,11,3,0,3,3,28,22,1,2013-14,Regular Season,201939,Stephen Curry
22013,201939,0021300382,2013-12-19,GSW vs. SAS,L,40,12,28,0.429,6,16,0.375,0,0,0.0,0,2,2,15,4,0,5,1,30,-5,1,2013-14,Regular Season,201939,Stephen Curry
22013,201939,0021300402,2013-12-21,GSW vs. LAL,W,33,5,15,0.333,4,9,0.444,4,4,1.0,1,5,6,10,3,0,1,2,18,26,1,2013-14,Regular Season,201939,Stephen Curry
22013,201939,0021300415,2013-12-23,GSW @ DEN,W,35,5,14,0.357,2,3,0.667,2,4,0.5,0,3,3,7,2,1,2,4,14,8,1,2013-14,Regular Season,201939,Stephen Curry
22013,201939,0021300422,2013-12-25,GSW vs. LAC,W,42,5,17,0.294,2,6,0.333,3,3,1.0,1,5,6,11,1,0,2,1,15,8,1,2013-14,Regular Season,201939,Stephen Curry
22013,201939,0021300435,2013-12-27,GSW vs. PHX,W,34,5,17,0.294,1,6,0.167,3,5,0.6,3,10,13,16,1,0,7,3,14,27,1,2013-14,Regular Season,201939,Stephen Curry
22013,201939,0021300448,2013-12-29,GSW @ CLE,W,48,10,23,0.435,5,10,0.5,4,5,0.8,0,9,9,11,2,1,5,3,29,2,1,2013-14,Regular Season,201939,Stephen Curry
22013,201939,0021300462,2013-12-31,GSW @ ORL,W,30,4,10,0.4,1,5,0.2,0,0,0.0,0,5,5,8,0,0,6,1,9,21,1,2013-14,Regular Season,201939,Stephen Curry
22013,201939,0021300474,2014-01-02,GSW @ MIA,W,44,13,22,0.591,8,15,0.533,2,3,0.667,0,2,2,12,2,0,4,4,36,16,1,2013-14,Regular Season,201939,Stephen Curry
22013,201939,0021300483,2014-01-03,GSW @ ATL,W,35,7,15,0.467,1,7,0.143,7,8,0.875,0,8,8,9,5,0,9,5,22,12,1,2013-14,Regular Season,201939,Stephen Curry
22013,201939,0021300501,2014-01-05,GSW @ WAS,W,38,5,17,0.294,1,5,0.2,3,3,1.0,1,2,3,10,1,1,2,5,14,35,1,2013-14,Regular Season,201939,Stephen Curry
22013,201939,0021300515,2014-01-07,GSW @ MIL,W,36,5,18,0.278,2,11,0.182,3,4,0.75,0,0,0,6,1,0,7,2,15,11,1,2013-14,Regular Season,201939,Stephen Curry
22013,201939,0021300523,2014-01-08,GSW @ BKN,L,45,11,25,0.44,2,10,0.2,10,10,1.0,0,5,5,7,3,0,7,5,34,1,1,2013-14,Regular Season,201939,Stephen Curry
22013,201939,0021300541,2014-01-10,GSW vs. BOS,W,40,7,18,0.389,3,8,0.375,2,3,0.667,1,6,7,4,1,0,4,1,19,5,1,2013-14,Regular Season,201939,Stephen Curry
22013,201939,0021300576,2014-01-15,GSW vs. DEN,L,40,7,19,0.368,4,13,0.308,6,7,0.857,0,5,5,7,0,0,2,4,24,4,1,2013-14,Regular Season,201939,Stephen Curry
22013,201939,0021300592,2014-01-17,GSW @ OKC,L,38,11,18,0.611,6,10,0.6,9,11,0.818,2,1,3,11,3,0,7,2,37,-10,1,2013-14,Regular Season,201939,Stephen Curry
22013,201939,0021300599,2014-01-18,GSW @ NOP,W,38,10,22,0.455,2,9,0.222,6,6,1.0,1,5,6,8,4,0,0,2,28,15,1,2013-14,Regular Season,201939,Stephen Curry
22013,201939,0021300615,2014-01-20,GSW vs. IND,L,41,9,20,0.45,3,11,0.273,3,4,0.75,0,3,3,9,0,0,2,2,24,-4,1,2013-14,Regular Season,201939,Stephen Curry
22013,201939,0021300645,2014-01-24,GSW vs. MIN,L,37,12,21,0.571,6,10,0.6,3,3,1.0,1,2,3,15,1,0,5,3,33,-3,1,2013-14,Regular Season,201939,Stephen Curry
22013,201939,0021300660,2014-01-26,GSW vs. POR,W,35,13,23,0.565,5,8,0.625,7,10,0.7,1,6,7,8,2,0,2,1,38,12,1,2013-14,Regular Season,201939,Stephen Curry
22013,201939,0021300673,2014-01-28,GSW vs. WAS,L,38,8,23,0.348,2,7,0.286,5,6,0.833,0,2,2,4,4,0,6,5,23,-9,1,2013-14,Regular Season,201939,Stephen Curry
22013,201939,0021300688,2014-01-30,GSW vs. LAC,W,34,8,10,0.8,4,4,1.0,2,2,1.0,0,4,4,7,1,1,3,3,22,23,1,2013-14,Regular Season,201939,Stephen Curry
22013,201939,0021300696,2014-01-31,GSW @ UTA,W,38,14,26,0.538,8,13,0.615,8,9,0.889,0,2,2,4,0,0,2,0,44,15,1,2013-14,Regular Season,201939,Stephen Curry
22013,201939,0021300724,2014-02-04,GSW vs. CHA,L,38,8,18,0.444,1,7,0.143,0,0,0.0,1,2,3,11,0,0,2,2,17,-18,1,2013-14,Regular Season,201939,Stephen Curry
22013,201939,0021300738,2014-02-06,GSW vs. CHI,W,43,13,19,0.684,4,6,0.667,4,4,1.0,0,3,3,9,1,0,2,3,34,12,1,2013-14,Regular Season,201939,Stephen Curry
22013,201939,0021300754,2014-02-08,GSW @ PHX,L,41,10,20,0.5,3,10,0.3,5,6,0.833,1,1,2,9,0,0,2,2,28,-15,1,2013-14,Regular Season,201939,Stephen Curry
22013,201939,0021300769,2014-02-10,GSW vs. PHI,W,27,7,11,0.636,6,9,0.667,3,3,1.0,2,3,5,8,1,0,7,3,23,34,1,2013-14,Regular Season,201939,Stephen Curry
22013,201939,0021300788,2014-02-12,GSW vs. MIA,L,39,8,14,0.571,4,4,1.0,9,9,1.0,1,4,5,7,1,0,5,3,29,4,1,2013-14,Regular Season,201939,Stephen Curry
22013,201939,0021300810,2014-02-19,GSW @ SAC,W,36,5,14,0.357,1,4,0.25,2,3,0.667,0,1,1,8,1,0,0,2,13,12,1,2013-14,Regular Season,201939,Stephen Curry
22013,201939,0021300814,2014-02-20,GSW vs. HOU,W,38,8,15,0.533,5,8,0.625,4,4,1.0,0,2,2,6,2,0,2,5,25,13,1,2013-14,Regular Season,201939,Stephen Curry
22013,201939,0021300832,2014-02-22,GSW vs. BKN,W,32,7,13,0.538,3,4,0.75,0,0,0.0,0,5,5,8,2,0,2,2,17,12,1,2013-14,Regular Season,201939,Stephen Curry
22013,201939,0021300842,2014-02-24,GSW @ DET,W,36,6,15,0.4,3,9,0.333,4,5,0.8,3,5,8,9,0,0,4,0,19,-2,1,2013-14,Regular Season,201939,Stephen Curry
22013,201939,0021300855,2014-02-26,GSW @ CHI,L,28,2,10,0.2,1,5,0.2,0,0,0.0,0,3,3,5,0,0,5,0,5,-12,1,2013-14,Regular Season,201939,Stephen Curry
22013,201939,0021300869,2014-02-28,GSW @ NYK,W,30,9,19,0.474,5,11,0.455,4,4,1.0,2,9,11,11,0,1,4,2,27,19,1,2013-14,Regular Season,201939,Stephen Curry
22013,201939,0021300884,2014-03-02,GSW @ TOR,L,43,13,27,0.481,4,11,0.364,4,6,0.667,1,3,4,7,1,0,6,3,34,-1,1,2013-14,Regular Season,201939,Stephen Curry
22013,201939,0021300899,2014-03-04,GSW @ IND,W,32,7,18,0.389,2,5,0.4,3,3,1.0,1,7,8,6,2,0,4,5,19,-7,1,2013-14,Regular Season,201939,Stephen Curry
22013,201939,0021300907,2014-03-05,GSW @ BOS,W,22,6,10,0.6,1,4,0.25,1,1,1.0,0,3,3,4,1,0,0,3,14,28,1,2013-14,Regular Season,201939,Stephen Curry
22013,201939,0021300927,2014-03-07,GSW vs. ATL,W,30,5,10,0.5,1,4,0.25,2,2,1.0,0,3,3,7,1,0,0,1,13,10,1,2013-14,Regular Season,201939,Stephen Curry
22013,201939,0021300942,2014-03-09,GSW vs. PHX,W,30,7,16,0.438,1,5,0.2,3,3,1.0,0,2,2,9,0,0,1,1,18,11,1,2013-14,Regular Season,201939,Stephen Curry
22013,201939,0021300956,2014-03-11,GSW vs. DAL,W,22,4,12,0.333,1,5,0.2,1,1,1.0,0,2,2,4,3,0,3,1,10,-3,1,2013-14,Regular Season,201939,Stephen Curry
22013,201939,0021300967,2014-03-12,GSW @ LAC,L,29,5,11,0.455,2,5,0.4,1,1,1.0,1,4,5,11,1,0,4,3,13,2,1,2013-14,Regular Season,201939,Stephen Curry
22013,201939,0021300980,2014-03-14,GSW vs. CLE,L,36,8,17,0.471,5,10,0.5,6,7,0.857,0,4,4,8,3,0,4,1,27,3,1,2013-14,Regular Season,201939,Stephen Curry
22013,201939,0021300994,2014-03-16,GSW @ POR,W,40,11,24,0.458,6,12,0.5,9,9,1.0,0,4,4,5,1,0,5,4,37,-5,1,2013-14,Regular Season,201939,Stephen Curry
22013,201939,0021301007,2014-03-18,GSW vs. ORL,W,32,9,13,0.692,3,6,0.5,2,2,1.0,1,2,3,5,0,0,3,1,23,21,1,2013-14,Regular Season,201939,Stephen Curry
22013,201939,0021301021,2014-03-20,GSW vs. MIL,W,38,9,14,0.643,3,5,0.6,10,10,1.0,1,2,3,10,1,0,4,2,31,13,1,2013-14,Regular Season,201939,Stephen Curry
22013,201939,0021301038,2014-03-22,GSW vs. SAS,L,39,5,13,0.385,1,4,0.25,9,9,1.0,0,6,6,6,1,0,6,0,20,-7,1,2013-14,Regular Season,201939,Stephen Curry
22013,201939,0021301086,2014-03-28,GSW vs. MEM,W,38,13,22,0.591,5,8,0.625,2,3,0.667,1,4,5,8,1,2,3,1,33,9,1,2013-14,Regular Season,201939,Stephen Curry
22013,201939,0021301098,2014-03-30,GSW vs. NYK,L,41,10,21,0.476,6,12,0.5,6,8,0.75,1,3,4,1,1,0,2,2,32,5,1,2013-14,Regular Season,201939,Stephen Curry
22013,201939,0021301112,2014-04-01,GSW @ DAL,W,43,10,17,0.588,3,8,0.375,0,0,0.0,1,2,3,10,2,0,1,2,23,8,1,2013-14,Regular Season,201939,Stephen Curry
22013,201939,0021301123,2014-04-02,GSW @ SAS,L,31,5,15,0.333,1,4,0.25,0,0,0.0,0,0,0,10,1,0,4,2,11,-19,1,2013-14,Regular Season,201939,Stephen Curry
22013,201939,0021301141,2014-04-04,GSW vs. SAC,W,29,5,12,0.417,2,5,0.4,1,1,1.0,1,1,2,5,1,0,1,2,13,28,1,2013-14,Regular Season,201939,Stephen Curry
22013,201939,0021301155,2014-04-06,GSW vs. UTA,W,29,12,18,0.667,5,10,0.5,2,2,1.0,0,1,1,16,3,0,5,2,31,31,1,2013-14,Regular Season,201939,Stephen Curry
22013,201939,0021301175,2014-04-10,GSW vs. DEN,L,34,8,19,0.421,2,7,0.286,6,6,1.0,0,7,7,6,4,0,2,1,24,-3,1,2013-14,Regular Season,201939,Stephen Curry
22013,201939,0021301188,2014-04-11,GSW @ LAL,W,35,12,20,0.6,4,5,0.8,2,2,1.0,0,10,10,12,2,0,6,3,30,13,1,2013-14,Regular Season,201939,Stephen Curry
22013,201939,0021301201,2014-04-13,GSW @ POR,L,45,16,29,0.552,7,14,0.5,8,8,1.0,1,0,1,5,4,0,4,3,47,6,1,2013-14,Regular Season,201939,Stephen Curry
22013,201939,0021301213,2014-04-14,GSW vs. MIN,W,42,10,21,0.476,7,13,0.538,5,5,1.0,1,4,5,15,3,0,5,4,32,10,1,2013-14,Regular Season,201939,Stephen Curry
42013,201939,0041300161,2014-04-19,GSW @ LAC,W,45,6,16,0.375,2,6,0.333,0,0,0.0,1,2,3,7,3,0,7,1,14,5,1,2013-14,Playoffs,201939,Stephen Curry
42013,201939,0041300162,2014-04-21,GSW @ LAC,L,31,9,17,0.529,1,7,0.143,5,5,1.0,0,1,1,8,2,0,2,4,24,-27,1,2013-14,Playoffs,201939,Stephen Curry
42013,201939,0041300163,2014-04-24,GSW vs. LAC,L,43,5,12,0.417,3,8,0.375,3,4,0.75,0,2,2,15,1,0,3,3,16,-1,1,2013-14,Playoffs,201939,Stephen Curry
42013,201939,0041300164,2014-04-27,GSW vs. LAC,W,42,10,20,0.5,7,14,0.5,6,7,0.857,1,6,7,7,1,1,2,3,33,25,1,2013-14,Playoffs,201939,Stephen Curry
42013,201939,0041300165,2014-04-29,GSW @ LAC,L,44,5,10,0.5,4,7,0.571,3,3,1.0,0,3,3,4,2,0,8,2,17,-5,1,2013-14,Playoffs,201939,Stephen Curry
42013,201939,0041300166,2014-05-01,GSW vs. LAC,W,45,9,24,0.375,2,8,0.25,4,7,0.571,1,3,4,9,0,0,2,1,24,4,1,2013-14,Playoffs,201939,Stephen Curry
42013,201939,0041300167,2014-05-03,GSW @ LAC,L,46,7,17,0.412,3,7,0.429,16,16,1.0,1,4,5,9,3,0,2,4,33,2,1,2013-14,Playoffs,201939,Stephen Curry
22013,201142,0021300014,2013-10-30,OKC @ UTA,W,39,9,24,0.375,2,8,0.25,22,24,0.917,0,6,6,1,3,0,5,1,42,3,1,2013-14,Regular Season,201142,Kevin Durant
22013,201142,0021300027,2013-11-01,OKC @ MIN,L,27,4,11,0.364,1,5,0.2,4,5,0.8,0,4,4,1,0,2,4,3,13,-20,1,2013-14,Regular Season,201142,Kevin Durant
22013,201142,0021300044,2013-11-03,OKC vs. PHX,W,40,10,19,0.526,2,5,0.4,11,13,0.846,1,9,10,1,2,0,3,1,33,3,1,2013-14,Regular Season,201142,Kevin Durant
22013,201142,0021300069,2013-11-06,OKC vs. DAL,W,37,7,16,0.438,1,2,0.5,8,9,0.889,1,2,3,10,2,0,5,2,23,6,1,2013-14,Regular Season,201142,Kevin Durant
22013,201142,0021300078,2013-11-08,OKC @ DET,W,44,9,15,0.6,2,3,0.667,17,19,0.895,2,6,8,7,3,1,3,3,37,6,1,2013-14,Regular Season,201142,Kevin Durant
22013,201142,0021300095,2013-11-10,OKC vs. WAS,W,46,12,23,0.522,1,4,0.25,8,9,0.889,3,10,13,6,0,1,5,3,33,1,1,2013-14,Regular Season,201142,Kevin Durant
22013,201142,0021300122,2013-11-13,OKC @ LAC,L,42,8,18,0.444,2,6,0.333,15,17,0.882,1,5,6,10,2,0,5,4,33,-9,1,2013-14,Regular Season,201142,Kevin Durant
22013,201142,0021300124,2013-11-14,OKC @ GSW,L,42,5,13,0.385,2,6,0.333,8,9,0.889,1,6,7,8,0,0,5,5,20,-2,1,2013-14,Regular Season,201142,Kevin Durant
22013,201142,0021300144,2013-11-16,OKC @ MIL,W,37,7,15,0.467,3,5,0.6,7,7,1.0,1,4,5,2,1,0,3,1,24,3,1,2013-14,Regular Season,201142,Kevin Durant
22013,201142,0021300152,2013-11-18,OKC vs. DEN,W,43,11,27,0.407,3,9,0.333,13,16,0.813,3,5,8,6,1,1,3,2,38,5,1,2013-14,Regular Season,201142,Kevin Durant
22013,201142,0021300174,2013-11-21,OKC vs. LAC,W,39,10,19,0.526,2,5,0.4,6,9,0.667,0,6,6,8,1,0,1,0,28,9,1,2013-14,Regular Season,201142,Kevin Durant
22013,201142,0021300200,2013-11-24,OKC vs. UTA,W,26,3,9,0.333,1,1,1.0,12,13,0.923,0,9,9,2,2,0,3,1,19,27,1,2013-14,Regular Season,201142,Kevin Durant
22013,201142,0021300224,2013-11-27,OKC vs. SAS,W,38,10,23,0.435,1,5,0.2,3,3,1.0,0,13,13,4,0,0,6,1,24,6,1,2013-14,Regular Season,201142,Kevin Durant
22013,201142,0021300235,2013-11-29,OKC vs. GSW,W,44,7,22,0.318,0,2,0.0,11,12,0.917,0,13,13,5,0,2,4,3,25,1,1,2013-14,Regular Season,201142,Kevin Durant
22013,201142,0021300253,2013-12-01,OKC vs. MIN,W,44,14,21,0.667,3,4,0.75,1,2,0.5,2,8,10,12,4,4,2,3,32,9,1,2013-14,Regular Season,201142,Kevin Durant
22013,201142,0021300267,2013-12-03,OKC @ SAC,W,39,8,21,0.381,1,4,0.25,10,10,1.0,0,11,11,3,2,1,1,3,27,2,1,2013-14,Regular Season,201142,Kevin Durant
22013,201142,0021300276,2013-12-04,OKC @ POR,L,39,11,23,0.478,1,3,0.333,10,12,0.833,1,6,7,0,1,2,4,1,33,-6,1,2013-14,Regular Season,201142,Kevin Durant
22013,201142,0021300286,2013-12-06,OKC @ NOP,W,36,11,17,0.647,2,5,0.4,5,5,1.0,0,8,8,4,2,3,2,1,29,16,1,2013-14,Regular Season,201142,Kevin Durant
22013,201142,0021300302,2013-12-08,OKC vs. IND,W,35,14,23,0.609,2,3,0.667,6,6,1.0,2,8,10,5,1,0,3,1,36,26,1,2013-14,Regular Season,201142,Kevin Durant
22013,201142,0021300313,2013-12-10,OKC @ ATL,W,37,9,21,0.429,1,3,0.333,11,15,0.733,1,9,10,5,1,2,5,2,30,17,1,2013-14,Regular Season,201142,Kevin Durant
22013,201142,0021300320,2013-12-11,OKC @ MEM,W,34,6,12,0.5,1,1,1.0,5,5,1.0,1,5,6,3,2,1,3,3,18,21,1,2013-14,Regular Season,201142,Kevin Durant
22013,201142,0021300336,2013-12-13,OKC vs. LAL,W,31,10,13,0.769,3,5,0.6,8,8,1.0,0,8,8,5,4,1,2,2,31,24,1,2013-14,Regular Season,201142,Kevin Durant
22013,201142,0021300353,2013-12-15,OKC vs. ORL,W,37,11,18,0.611,2,3,0.667,4,5,0.8,0,9,9,5,1,2,2,1,28,-7,1,2013-14,Regular Season,201142,Kevin Durant
22013,201142,0021300367,2013-12-17,OKC @ DEN,W,38,11,23,0.478,2,4,0.5,6,7,0.857,0,6,6,3,2,0,2,3,30,6,1,2013-14,Regular Season,201142,Kevin Durant
22013,201142,0021300381,2013-12-19,OKC vs. CHI,W,33,13,20,0.65,4,5,0.8,2,2,1.0,0,9,9,6,3,1,1,2,32,17,1,2013-14,Regular Season,201142,Kevin Durant
22013,201142,0021300399,2013-12-21,OKC @ SAS,W,38,6,14,0.429,2,6,0.333,3,3,1.0,0,5,5,3,2,1,3,3,17,1,1,2013-14,Regular Season,201142,Kevin Durant
22013,201142,0021300405,2013-12-22,OKC vs. TOR,L,37,5,16,0.313,2,7,0.286,12,12,1.0,1,7,8,3,0,0,6,2,24,-10,1,2013-14,Regular Season,201142,Kevin Durant
22013,201142,0021300419,2013-12-25,OKC @ NYK,W,32,10,16,0.625,4,6,0.667,5,6,0.833,0,7,7,6,2,0,2,3,29,22,1,2013-14,Regular Season,201142,Kevin Durant
22013,201142,0021300427,2013-12-27,OKC @ CHA,W,40,14,28,0.5,2,6,0.333,4,6,0.667,2,10,12,6,0,0,2,3,34,1,1,2013-14,Regular Season,201142,Kevin Durant
22013,201142,0021300450,2013-12-29,OKC vs. HOU,W,38,11,17,0.647,3,5,0.6,8,9,0.889,0,13,13,5,1,1,2,3,33,27,1,2013-14,Regular Season,201142,Kevin Durant
22013,201142,0021300466,2013-12-31,OKC vs. POR,L,40,12,26,0.462,3,9,0.333,10,12,0.833,3,11,14,3,1,0,1,3,37,-8,1,2013-14,Regular Season,201142,Kevin Durant
22013,201142,0021300476,2014-01-02,OKC vs. BKN,L,34,8,13,0.615,3,7,0.429,5,5,1.0,0,4,4,4,0,2,5,5,24,-6,1,2013-14,Regular Season,201142,Kevin Durant
22013,201142,0021300493,2014-01-04,OKC @ MIN,W,43,16,32,0.5,4,9,0.444,12,13,0.923,0,7,7,7,2,1,3,2,48,0,1,2013-14,Regular Season,201142,Kevin Durant
22013,201142,0021300502,2014-01-05,OKC vs. BOS,W,27,6,13,0.462,0,1,0.0,9,10,0.9,0,7,7,8,3,0,0,2,21,14,1,2013-14,Regular Season,201142,Kevin Durant
22013,201142,0021300518,2014-01-07,OKC @ UTA,L,45,14,34,0.412,3,13,0.231,17,19,0.895,0,7,7,5,4,2,0,2,48,-12,1,2013-14,Regular Season,201142,Kevin Durant
22013,201142,0021300530,2014-01-09,OKC @ DEN,L,28,7,18,0.389,1,7,0.143,15,16,0.938,0,3,3,4,2,0,2,1,30,-9,1,2013-14,Regular Season,201142,Kevin Durant
22013,201142,0021300548,2014-01-11,OKC vs. MIL,W,40,8,18,0.444,2,5,0.4,15,17,0.882,1,9,10,7,0,1,2,1,33,22,1,2013-14,Regular Season,201142,Kevin Durant
22013,201142,0021300564,2014-01-14,OKC @ MEM,L,41,15,28,0.536,0,4,0.0,7,9,0.778,0,4,4,4,1,0,4,2,37,-11,1,2013-14,Regular Season,201142,Kevin Durant
22013,201142,0021300580,2014-01-16,OKC @ HOU,W,43,8,21,0.381,2,7,0.286,18,20,0.9,1,4,5,7,0,0,7,2,36,20,1,2013-14,Regular Season,201142,Kevin Durant
22013,201142,0021300592,2014-01-17,OKC vs. GSW,W,44,19,28,0.679,5,9,0.556,11,13,0.846,1,3,4,6,2,1,5,1,54,7,1,2013-14,Regular Season,201142,Kevin Durant
22013,201142,0021300603,2014-01-19,OKC vs. SAC,W,32,10,15,0.667,3,5,0.6,7,9,0.778,1,5,6,9,4,2,3,1,30,23,1,2013-14,Regular Season,201142,Kevin Durant
22013,201142,0021300619,2014-01-21,OKC vs. POR,W,38,17,25,0.68,6,7,0.857,6,7,0.857,0,5,5,4,0,0,4,2,46,13,1,2013-14,Regular Season,201142,Kevin Durant
22013,201142,0021300630,2014-01-22,OKC @ SAS,W,39,12,22,0.545,2,4,0.5,10,11,0.909,1,6,7,5,1,1,11,4,36,7,1,2013-14,Regular Season,201142,Kevin Durant
22013,201142,0021300648,2014-01-25,OKC @ PHI,W,44,12,17,0.706,1,4,0.25,7,7,1.0,1,13,14,10,2,1,3,4,32,14,1,2013-14,Regular Season,201142,Kevin Durant
22013,201142,0021300666,2014-01-27,OKC vs. ATL,W,43,15,25,0.6,5,7,0.714,6,8,0.75,1,3,4,5,2,3,4,0,41,4,1,2013-14,Regular Season,201142,Kevin Durant
22013,201142,0021300675,2014-01-29,OKC @ MIA,W,40,12,23,0.522,4,9,0.444,5,5,1.0,0,7,7,5,2,0,4,3,33,18,1,2013-14,Regular Season,201142,Kevin Durant
22013,201142,0021300692,2014-01-31,OKC @ BKN,W,30,10,12,0.833,3,3,1.0,3,3,1.0,1,2,3,7,1,0,3,3,26,25,1,2013-14,Regular Season,201142,Kevin Durant
22013,201142,0021300698,2014-02-01,OKC @ WAS,L,38,8,21,0.381,0,6,0.0,10,10,1.0,1,3,4,7,0,0,5,2,26,-16,1,2013-14,Regular Season,201142,Kevin Durant
22013,201142,0021300716,2014-02-03,OKC vs. MEM,W,40,11,21,0.524,2,7,0.286,7,10,0.7,2,6,8,8,1,1,5,2,31,12,1,2013-14,Regular Season,201142,Kevin Durant
22013,201142,0021300732,2014-02-05,OKC vs. MIN,W,37,11,20,0.55,3,5,0.6,1,1,1.0,2,7,9,7,1,0,4,2,26,11,2,2013-14,Regular Season,201142,Kevin Durant
22013,201142,0021300740,2014-02-07,OKC @ ORL,L,40,10,22,0.455,2,6,0.333,7,7,1.0,0,5,5,12,0,1,6,3,29,6,1,2013-14,Regular Season,201142,Kevin Durant
22013,201142,0021300756,2014-02-09,OKC vs. NYK,W,40,12,22,0.545,4,7,0.571,13,18,0.722,0,10,10,9,1,2,3,3,41,10,1,2013-14,Regular Season,201142,Kevin Durant
22013,201142,0021300775,2014-02-11,OKC @ POR,W,38,15,28,0.536,1,3,0.333,5,5,1.0,2,8,10,2,1,0,8,4,36,2,1,2013-14,Regular Season,201142,Kevin Durant
22013,201142,0021300791,2014-02-13,OKC @ LAL,W,42,14,33,0.424,3,13,0.231,12,12,1.0,0,12,12,7,3,0,6,2,43,3,1,2013-14,Regular Season,201142,Kevin Durant
22013,201142,0021300813,2014-02-20,OKC vs. MIA,L,39,10,22,0.455,1,6,0.167,7,10,0.7,1,7,8,3,2,0,5,3,28,-10,1,2013-14,Regular Season,201142,Kevin Durant
22013,201142,0021300833,2014-02-23,OKC vs. LAC,L,46,15,30,0.5,2,6,0.333,10,12,0.833,0,3,3,10,2,0,5,3,42,1,1,2013-14,Regular Season,201142,Kevin Durant
22013,201142,0021300858,2014-02-26,OKC vs. CLE,L,41,10,16,0.625,4,9,0.444,4,6,0.667,0,10,10,9,1,0,2,3,28,-6,1,2013-14,Regular Season,201142,Kevin Durant
22013,201142,0021300868,2014-02-28,OKC vs. MEM,W,43,12,24,0.5,3,8,0.375,10,10,1.0,0,6,6,5,2,1,5,1,37,8,1,2013-14,Regular Season,201142,Kevin Durant
22013,201142,0021300887,2014-03-02,OKC vs. CHA,W,38,8,24,0.333,0,6,0.0,12,12,1.0,1,5,6,5,0,0,1,2,28,20,1,2013-14,Regular Season,201142,Kevin Durant
22013,201142,0021300901,2014-03-04,OKC vs. PHI,W,33,14,20,0.7,2,6,0.333,12,18,0.667,0,9,9,3,2,1,3,1,42,24,1,2013-14,Regular Season,201142,Kevin Durant
22013,201142,0021300915,2014-03-06,OKC @ PHX,L,44,12,24,0.5,3,9,0.333,7,7,1.0,0,7,7,5,0,0,4,2,34,-4,1,2013-14,Regular Season,201142,Kevin Durant
22013,201142,0021300935,2014-03-09,OKC @ LAL,L,42,8,19,0.421,4,11,0.364,7,11,0.636,1,9,10,12,0,0,5,4,27,-5,1,2013-14,Regular Season,201142,Kevin Durant
22013,201142,0021300955,2014-03-11,OKC vs. HOU,W,42,12,22,0.545,5,8,0.625,13,16,0.813,0,5,5,4,0,1,3,3,42,10,1,2013-14,Regular Season,201142,Kevin Durant
22013,201142,0021300970,2014-03-13,OKC vs. LAL,W,30,8,17,0.471,2,5,0.4,11,11,1.0,0,4,4,3,1,3,3,4,29,20,1,2013-14,Regular Season,201142,Kevin Durant
22013,201142,0021300992,2014-03-16,OKC vs. DAL,L,34,8,20,0.4,4,8,0.5,10,11,0.909,1,3,4,4,0,1,4,0,30,-16,1,2013-14,Regular Season,201142,Kevin Durant
22013,201142,0021300999,2014-03-17,OKC @ CHI,W,42,11,21,0.524,3,4,0.75,10,12,0.833,1,11,12,5,0,0,0,2,35,22,1,2013-14,Regular Season,201142,Kevin Durant
22013,201142,0021301018,2014-03-20,OKC @ CLE,W,36,12,21,0.571,3,8,0.375,8,9,0.889,2,9,11,6,0,1,1,2,35,12,1,2013-14,Regular Season,201142,Kevin Durant
22013,201142,0021301024,2014-03-21,OKC @ TOR,W,52,15,32,0.469,7,12,0.583,14,19,0.737,1,11,12,7,1,1,5,3,51,4,1,2013-14,Regular Season,201142,Kevin Durant
22013,201142,0021301053,2014-03-24,OKC vs. DEN,W,31,10,21,0.476,1,7,0.143,6,7,0.857,0,4,4,8,2,0,5,0,27,20,1,2013-14,Regular Season,201142,Kevin Durant
22013,201142,0021301059,2014-03-25,OKC @ DAL,L,51,15,27,0.556,5,11,0.455,8,8,1.0,1,4,5,6,1,0,5,3,43,-13,1,2013-14,Regular Season,201142,Kevin Durant
22013,201142,0021301083,2014-03-28,OKC vs. SAC,W,29,9,11,0.818,3,4,0.75,8,8,1.0,0,1,1,6,2,2,2,0,29,27,1,2013-14,Regular Season,201142,Kevin Durant
22013,201142,0021301093,2014-03-30,OKC vs. UTA,W,29,9,13,0.692,4,6,0.667,9,9,1.0,0,4,4,9,1,0,2,4,31,10,1,2013-14,Regular Season,201142,Kevin Durant
22013,201142,0021301127,2014-04-03,OKC vs. SAS,W,39,11,26,0.423,0,4,0.0,6,6,1.0,0,7,7,3,0,1,4,1,28,13,1,2013-14,Regular Season,201142,Kevin Durant
22013,201142,0021301139,2014-04-04,OKC @ HOU,L,44,7,19,0.368,3,7,0.429,11,12,0.917,1,11,12,6,0,0,6,1,28,-1,1,2013-14,Regular Season,201142,Kevin Durant
22013,201142,0021301156,2014-04-06,OKC @ PHX,L,43,13,28,0.464,4,15,0.267,8,10,0.8,2,9,11,3,2,0,3,0,38,-4,1,2013-14,Regular Season,201142,Kevin Durant
22013,201142,0021301160,2014-04-08,OKC @ SAC,W,31,8,13,0.615,2,4,0.5,5,5,1.0,0,4,4,4,0,0,3,1,23,11,1,2013-14,Regular Season,201142,Kevin Durant
22013,201142,0021301173,2014-04-09,OKC @ LAC,W,41,8,26,0.308,1,7,0.143,10,11,0.909,1,2,3,4,2,0,2,3,27,5,1,2013-14,Regular Season,201142,Kevin Durant
22013,201142,0021301184,2014-04-11,OKC vs. NOP,W,30,10,18,0.556,0,2,0.0,7,9,0.778,1,5,6,5,1,2,1,1,27,17,1,2013-14,Regular Season,201142,Kevin Durant
22013,201142,0021301200,2014-04-13,OKC @ IND,L,42,13,27,0.481,2,11,0.182,10,10,1.0,0,4,4,1,1,0,1,1,38,3,1,2013-14,Regular Season,201142,Kevin Durant
22013,201142,0021301210,2014-04-14,OKC @ NOP,L,43,9,23,0.391,3,9,0.333,4,6,0.667,1,6,7,6,1,1,7,1,25,-15,1,2013-14,Regular Season,201142,Kevin Durant
22013,201142,0021301220,2014-04-16,OKC vs. DET,W,45,14,30,0.467,1,5,0.2,13,15,0.867,2,2,4,6,0,0,3,3,42,3,1,2013-14,Regular Season,201142,Kevin Durant
42013,201142,0041300151,2014-04-19,OKC vs. MEM,W,43,13,25,0.52,3,7,0.429,4,6,0.667,1,7,8,7,1,0,3,1,33,10,1,2013-14,Playoffs,201142,Kevin Durant
42013,201142,0041300152,2014-04-21,OKC vs. MEM,L,45,12,28,0.429,5,12,0.417,7,8,0.875,2,9,11,4,0,2,1,3,36,-7,1,2013-14,Playoffs,201142,Kevin Durant
42013,201142,0041300153,2014-04-24,OKC @ MEM,L,49,10,27,0.37,0,8,0.0,10,13,0.769,3,6,9,3,2,5,5,1,30,-1,1,2013-14,Playoffs,201142,Kevin Durant
42013,201142,0041300154,2014-04-26,OKC @ MEM,W,49,5,21,0.238,1,7,0.143,4,6,0.667,1,12,13,4,2,2,5,2,15,0,1,2013-14,Playoffs,201142,Kevin Durant
42013,201142,0041300155,2014-04-29,OKC vs. MEM,L,52,10,24,0.417,3,8,0.375,3,6,0.5,3,5,8,2,0,0,6,1,26,1,1,2013-14,Playoffs,201142,Kevin Durant
42013,201142,0041300156,2014-05-01,OKC @ MEM,W,43,11,23,0.478,0,6,0.0,14,15,0.933,2,8,10,2,1,1,3,3,36,27,1,2013-14,Playoffs,201142,Kevin Durant
42013,201142,0041300157,2014-05-03,OKC vs. MEM,W,42,12,18,0.667,5,5,1.0,4,6,0.667,0,8,8,2,0,1,5,3,33,20,1,2013-14,Playoffs,201142,Kevin Durant
42013,201142,0041300231,2014-05-05,OKC vs. LAC,L,35,9,19,0.474,2,5,0.4,5,8,0.625,0,4,4,4,1,1,3,2,25,-26,1,2013-14,Playoffs,201142,Kevin Durant
42013,201142,0041300232,2014-05-07,OKC vs. LAC,W,43,10,22,0.455,3,9,0.333,9,11,0.818,3,9,12,9,2,0,4,4,32,14,1,2013-14,Playoffs,201142,Kevin Durant
42013,201142,0041300233,2014-05-09,OKC @ LAC,W,46,14,24,0.583,1,4,0.25,7,7,1.0,0,8,8,6,0,1,2,2,36,2,1,2013-14,Playoffs,201142,Kevin Durant
42013,201142,0041300234,2014-05-11,OKC @ LAC,L,45,12,24,0.5,1,7,0.143,15,18,0.833,1,6,7,3,2,2,8,3,40,-3,1,2013-14,Playoffs,201142,Kevin Durant
42013,201142,0041300235,2014-05-13,OKC vs. LAC,W,42,6,22,0.273,3,6,0.5,12,12,1.0,0,10,10,5,1,1,2,1,27,2,1,2013-14,Playoffs,201142,Kevin Durant
42013,201142,0041300236,2014-05-15,OKC @ LAC,W,44,12,23,0.522,5,8,0.625,10,10,1.0,0,16,16,5,0,2,5,2,39,6,1,2013-14,Playoffs,201142,Kevin Durant
42013,201142,0041300311,2014-05-19,OKC @ SAS,L,41,10,19,0.526,4,7,0.571,4,4,1.0,1,8,9,5,0,1,6,4,28,-17,1,2013-14,Playoffs,201142,Kevin Durant
42013,201142,0041300312,2014-05-21,OKC @ SAS,L,29,6,16,0.375,0,4,0.0,3,5,0.6,0,3,3,2,1,0,2,2,15,-26,1,2013-14,Playoffs,201142,Kevin Durant
42013,201142,0041300313,2014-05-25,OKC vs. SAS,W,36,8,19,0.421,1,4,0.25,8,8,1.0,3,7,10,3,1,1,4,3,25,19,1,2013-14,Playoffs,201142,Kevin Durant
42013,201142,0041300314,2014-05-27,OKC vs. SAS,W,41,11,22,0.5,2,4,0.5,7,9,0.778,0,5,5,5,3,1,0,1,31,14,1,2013-14,Playoffs,201142,Kevin Durant
42013,201142,0041300315,2014-05-29,OKC @ SAS,L,37,11,21,0.524,2,6,0.333,1,4,0.25,1,4,5,2,1,1,1,0,25,-22,1,2013-14,Playoffs,201142,Kevin Durant
42013,201142,0041300316,2014-05-31,OKC vs. SAS,L,52,12,25,0.48,2,8,0.25,5,7,0.714,4,10,14,2,1,3,7,3,31,-3,1,2013-14,Playoffs,201142,Kevin Durant
22013,203507,0021300008,2013-10-30,MIL @ NYK,L,5,0,0,0.0,0,0,0.0,1,2,0.5,0,0,0,0,0,0,1,2,1,-3,1,2013-14,Regular Season,203507,Giannis Antetokounmpo
22013,203507,0021300024,2013-11-01,MIL @ BOS,W,12,2,5,0.4,0,1,0.0,1,2,0.5,0,2,2,0,0,0,0,3,5,11,1,2013-14,Regular Season,203507,Giannis Antetokounmpo
22013,203507,0021300037,2013-11-02,MIL vs. TOR,L,17,1,2,0.5,0,0,0.0,0,2,0.0,0,2,2,0,1,0,0,1,2,6,0,2013-14,Regular Season,203507,Giannis Antetokounmpo
22013,203507,0021300107,2013-11-12,MIL @ MIA,L,22,4,8,0.5,3,5,0.6,0,0,0.0,2,2,4,0,0,0,3,1,11,-1,1,2013-14,Regular Season,203507,Giannis Antetokounmpo
22013,203507,0021300111,2013-11-13,MIL @ ORL,L,19,1,2,0.5,0,1,0.0,4,4,1.0,1,1,2,1,2,0,1,0,6,-5,1,2013-14,Regular Season,203507,Giannis Antetokounmpo
22013,203507,0021300125,2013-11-15,MIL @ IND,L,12,2,2,1.0,1,1,1.0,0,0,0.0,1,1,2,0,0,1,1,4,5,-18,1,2013-14,Regular Season,203507,Giannis Antetokounmpo
22013,203507,0021300144,2013-11-16,MIL vs. OKC,L,15,1,3,0.333,0,1,0.0,0,0,0.0,1,4,5,1,0,2,2,1,2,-5,1,2013-14,Regular Season,203507,Giannis Antetokounmpo
22013,203507,0021300193,2013-11-23,MIL vs. CHA,L,12,3,7,0.429,0,0,0.0,0,0,0.0,1,2,3,0,2,0,1,2,6,-1,1,2013-14,Regular Season,203507,Giannis Antetokounmpo
22013,203507,0021300204,2013-11-25,MIL @ DET,L,12,2,6,0.333,0,0,0.0,2,2,1.0,1,3,4,0,0,0,0,2,6,7,1,2013-14,Regular Season,203507,Giannis Antetokounmpo
22013,203507,0021300228,2013-11-29,MIL @ CHA,L,13,2,3,0.667,0,1,0.0,0,1,0.0,0,2,2,1,1,1,0,3,4,-1,1,2013-14,Regular Season,203507,Giannis Antetokounmpo
22013,203507,0021300247,2013-11-30,MIL vs. BOS,W,28,4,6,0.667,2,3,0.667,0,2,0.0,1,6,7,4,0,1,2,0,10,16,1,2013-14,Regular Season,203507,Giannis Antetokounmpo
22013,203507,0021300262,2013-12-03,MIL @ BOS,L,15,2,4,0.5,0,0,0.0,0,0,0.0,1,2,3,1,0,1,2,1,4,-11,1,2013-14,Regular Season,203507,Giannis Antetokounmpo
22013,203507,0021300272,2013-12-04,MIL vs. DET,L,28,3,5,0.6,0,2,0.0,0,1,0.0,0,6,6,4,1,3,0,3,6,8,1,2013-14,Regular Season,203507,Giannis Antetokounmpo
22013,203507,0021300281,2013-12-06,MIL @ WAS,W,20,3,6,0.5,0,2,0.0,0,1,0.0,2,2,4,1,0,1,1,2,6,-3,1,2013-14,Regular Season,203507,Giannis Antetokounmpo
22013,203507,0021300295,2013-12-07,MIL vs. BKN,L,14,1,3,0.333,0,2,0.0,1,2,0.5,0,2,2,1,1,1,1,1,3,-1,1,2013-14,Regular Season,203507,Giannis Antetokounmpo
22013,203507,0021300316,2013-12-10,MIL @ CHI,W,10,0,1,0.0,0,0,0.0,1,2,0.5,0,0,0,0,0,0,2,0,1,-8,1,2013-14,Regular Season,203507,Giannis Antetokounmpo
22013,203507,0021300321,2013-12-11,MIL vs. SAS,L,33,5,8,0.625,0,1,0.0,5,8,0.625,3,5,8,1,2,1,1,3,15,-5,1,2013-14,Regular Season,203507,Giannis Antetokounmpo
22013,203507,0021300337,2013-12-13,MIL vs. CHI,L,24,2,4,0.5,0,0,0.0,4,4,1.0,4,5,9,1,0,0,0,2,8,1,1,2013-14,Regular Season,203507,Giannis Antetokounmpo
22013,203507,0021300348,2013-12-14,MIL @ DAL,L,35,3,9,0.333,0,1,0.0,7,8,0.875,2,7,9,4,0,1,0,2,13,0,1,2013-14,Regular Season,203507,Giannis Antetokounmpo
22013,203507,0021300375,2013-12-18,MIL vs. NYK,L,42,2,3,0.667,0,0,0.0,6,7,0.857,1,6,7,2,2,1,3,6,10,-1,1,2013-14,Regular Season,203507,Giannis Antetokounmpo
22013,203507,0021300385,2013-12-20,MIL @ CLE,L,23,2,4,0.5,1,2,0.5,1,2,0.5,0,0,0,1,0,0,1,4,6,1,1,2013-14,Regular Season,203507,Giannis Antetokounmpo
22013,203507,0021300398,2013-12-21,MIL vs. PHI,W,35,3,7,0.429,0,0,0.0,6,6,1.0,2,5,7,3,0,2,2,0,12,11,1,2013-14,Regular Season,203507,Giannis Antetokounmpo
22013,203507,0021300407,2013-12-23,MIL @ CHA,L,36,4,8,0.5,2,4,0.5,2,2,1.0,2,4,6,2,0,0,0,1,12,3,1,2013-14,Regular Season,203507,Giannis Antetokounmpo
22013,203507,0021300429,2013-12-27,MIL @ BKN,L,34,5,12,0.417,1,5,0.2,5,6,0.833,2,8,10,1,0,3,1,3,16,12,1,2013-14,Regular Season,203507,Giannis Antetokounmpo
22013,203507,0021300444,2013-12-28,MIL vs. MIN,L,31,3,6,0.5,0,1,0.0,0,0,0.0,4,1,5,4,4,2,4,1,6,-26,1,2013-14,Regular Season,203507,Giannis Antetokounmpo
22013,203507,0021300467,2013-12-31,MIL @ LAL,W,38,3,7,0.429,0,0,0.0,2,2,1.0,4,7,11,1,0,0,1,3,8,25,1,2013-14,Regular Season,203507,Giannis Antetokounmpo
22013,203507,0021300479,2014-01-02,MIL @ UTA,L,34,3,6,0.5,1,2,0.5,3,4,0.75,1,6,7,5,0,1,2,4,10,1,1,2013-14,Regular Season,203507,Giannis Antetokounmpo
22013,203507,0021300495,2014-01-04,MIL @ PHX,L,14,0,2,0.0,0,0,0.0,0,0,0.0,0,3,3,0,0,0,4,3,0,-18,1,2013-14,Regular Season,203507,Giannis Antetokounmpo
22013,203507,0021300515,2014-01-07,MIL vs. GSW,L,24,1,3,0.333,0,0,0.0,0,0,0.0,0,5,5,5,2,0,1,3,2,-22,1,2013-14,Regular Season,203507,Giannis Antetokounmpo
22013,203507,0021300538,2014-01-10,MIL vs. CHI,L,12,0,5,0.0,0,1,0.0,0,0,0.0,0,1,1,1,0,0,3,3,0,-5,1,2013-14,Regular Season,203507,Giannis Antetokounmpo
22013,203507,0021300548,2014-01-11,MIL @ OKC,L,38,5,12,0.417,0,3,0.0,3,4,0.75,4,7,11,5,2,2,4,2,13,-10,1,2013-14,Regular Season,203507,Giannis Antetokounmpo
22013,203507,0021300555,2014-01-13,MIL @ TOR,L,33,5,10,0.5,0,1,0.0,1,4,0.25,3,4,7,4,2,1,4,5,11,-13,1,2013-14,Regular Season,203507,Giannis Antetokounmpo
22013,203507,0021300570,2014-01-15,MIL vs. MEM,L,22,2,4,0.5,0,2,0.0,2,2,1.0,0,1,1,1,0,0,2,4,6,6,1,2013-14,Regular Season,203507,Giannis Antetokounmpo
22013,203507,0021300597,2014-01-18,MIL @ HOU,L,21,4,10,0.4,2,4,0.5,0,0,0.0,0,4,4,3,1,1,3,4,10,-5,1,2013-14,Regular Season,203507,Giannis Antetokounmpo
22013,203507,0021300604,2014-01-19,MIL @ SAS,L,30,4,10,0.4,3,6,0.5,0,0,0.0,1,3,4,1,0,0,2,2,11,-19,1,2013-14,Regular Season,203507,Giannis Antetokounmpo
22013,203507,0021300628,2014-01-22,MIL vs. DET,W,26,1,3,0.333,0,2,0.0,2,2,1.0,0,5,5,3,1,1,2,1,4,-18,1,2013-14,Regular Season,203507,Giannis Antetokounmpo
22013,203507,0021300638,2014-01-24,MIL @ CLE,L,26,3,5,0.6,2,3,0.667,2,2,1.0,1,6,7,2,1,2,3,2,10,-1,1,2013-14,Regular Season,203507,Giannis Antetokounmpo
22013,203507,0021300650,2014-01-25,MIL vs. ATL,L,25,2,6,0.333,0,2,0.0,1,2,0.5,0,2,2,2,1,1,4,5,5,3,1,2013-14,Regular Season,203507,Giannis Antetokounmpo
22013,203507,0021300665,2014-01-27,MIL vs. LAC,L,37,3,7,0.429,0,1,0.0,2,4,0.5,1,6,7,3,0,1,1,4,8,-27,1,2013-14,Regular Season,203507,Giannis Antetokounmpo
22013,203507,0021300679,2014-01-29,MIL vs. PHX,L,25,2,7,0.286,0,0,0.0,2,2,1.0,0,2,2,4,1,0,0,4,6,-16,1,2013-14,Regular Season,203507,Giannis Antetokounmpo
22013,203507,0021300689,2014-01-31,MIL @ ORL,L,29,4,7,0.571,2,4,0.5,5,9,0.556,1,6,7,3,1,0,2,1,15,-5,1,2013-14,Regular Season,203507,Giannis Antetokounmpo
22013,203507,0021300702,2014-02-01,MIL @ MEM,L,20,1,3,0.333,1,2,0.5,0,0,0.0,0,0,0,1,1,0,2,1,3,2,1,2013-14,Regular Season,203507,Giannis Antetokounmpo
22013,203507,0021300714,2014-02-03,MIL vs. NYK,W,28,5,9,0.556,0,0,0.0,5,8,0.625,1,2,3,2,1,0,1,3,15,-9,1,2013-14,Regular Season,203507,Giannis Antetokounmpo
22013,203507,0021300734,2014-02-05,MIL @ DEN,L,33,1,4,0.25,0,1,0.0,3,6,0.5,0,4,4,1,1,1,4,4,5,-1,1,2013-14,Regular Season,203507,Giannis Antetokounmpo
22013,203507,0021300753,2014-02-08,MIL vs. HOU,L,25,0,8,0.0,0,1,0.0,1,2,0.5,1,4,5,0,1,1,1,2,1,-10,1,2013-14,Regular Season,203507,Giannis Antetokounmpo
22013,203507,0021300767,2014-02-10,MIL vs. BOS,L,26,1,5,0.2,1,2,0.5,1,2,0.5,0,4,4,0,0,0,1,1,4,-20,1,2013-14,Regular Season,203507,Giannis Antetokounmpo
22013,203507,0021300785,2014-02-12,MIL vs. NOP,L,20,1,3,0.333,0,0,0.0,1,2,0.5,0,3,3,1,1,1,2,1,3,4,1,2013-14,Regular Season,203507,Giannis Antetokounmpo
22013,203507,0021300797,2014-02-18,MIL vs. ORL,W,27,2,3,0.667,1,1,1.0,3,6,0.5,2,6,8,4,2,1,0,2,8,16,1,2013-14,Regular Season,203507,Giannis Antetokounmpo
22013,203507,0021300812,2014-02-20,MIL vs. DEN,L,32,3,7,0.429,1,3,0.333,4,5,0.8,3,1,4,4,2,3,0,1,11,4,1,2013-14,Regular Season,203507,Giannis Antetokounmpo
22013,203507,0021300829,2014-02-22,MIL vs. IND,L,24,2,6,0.333,0,2,0.0,4,4,1.0,2,4,6,1,1,0,1,3,8,2,1,2013-14,Regular Season,203507,Giannis Antetokounmpo
22013,203507,0021300841,2014-02-24,MIL @ PHI,W,29,5,8,0.625,1,2,0.5,2,2,1.0,4,2,6,4,0,4,5,4,13,12,1,2013-14,Regular Season,203507,Giannis Antetokounmpo
22013,203507,0021300863,2014-02-27,MIL @ IND,L,21,2,4,0.5,1,1,1.0,0,0,0.0,0,3,3,3,1,0,2,1,5,-4,1,2013-14,Regular Season,203507,Giannis Antetokounmpo
22013,203507,0021300878,2014-03-01,MIL vs. BKN,L,28,3,7,0.429,1,2,0.5,5,9,0.556,1,2,3,3,3,1,2,1,12,-1,2,2013-14,Regular Season,203507,Giannis Antetokounmpo
22013,203507,0021300894,2014-03-03,MIL vs. UTA,W,27,3,9,0.333,1,3,0.333,1,1,1.0,1,3,4,3,0,1,0,1,8,7,1,2013-14,Regular Season,203507,Giannis Antetokounmpo
22013,203507,0021300910,2014-03-05,MIL vs. SAC,L,18,2,5,0.4,1,3,0.333,0,0,0.0,0,1,1,3,0,1,0,4,5,-2,1,2013-14,Regular Season,203507,Giannis Antetokounmpo
22013,203507,0021300923,2014-03-07,MIL @ NOP,L,20,1,5,0.2,0,3,0.0,0,0,0.0,0,4,4,3,0,0,1,1,2,-13,1,2013-14,Regular Season,203507,Giannis Antetokounmpo
22013,203507,0021300931,2014-03-08,MIL vs. WAS,L,22,1,4,0.25,0,1,0.0,2,2,1.0,1,1,2,1,0,0,2,1,4,-11,1,2013-14,Regular Season,203507,Giannis Antetokounmpo
22013,203507,0021300947,2014-03-10,MIL vs. ORL,W,28,2,4,0.5,1,2,0.5,1,2,0.5,0,4,4,1,0,2,2,2,6,4,1,2013-14,Regular Season,203507,Giannis Antetokounmpo
22013,203507,0021300954,2014-03-11,MIL @ MIN,L,22,0,5,0.0,0,1,0.0,4,4,1.0,1,4,5,4,0,0,2,2,4,4,1,2013-14,Regular Season,203507,Giannis Antetokounmpo
22013,203507,0021300969,2014-03-13,MIL @ ATL,L,26,1,4,0.25,1,4,0.25,2,4,0.5,1,3,4,5,1,0,0,1,5,0,1,2013-14,Regular Season,203507,Giannis Antetokounmpo
22013,203507,0021300981,2014-03-15,MIL @ NYK,L,27,2,5,0.4,1,1,1.0,2,2,1.0,2,1,3,1,2,1,0,4,7,-6,1,2013-14,Regular Season,203507,Giannis Antetokounmpo
22013,203507,0021300987,2014-03-16,MIL vs. CHA,L,22,0,4,0.0,0,1,0.0,2,2,1.0,0,3,3,1,2,2,2,2,2,8,1,2013-14,Regular Season,203507,Giannis Antetokounmpo
22013,203507,0021301005,2014-03-18,MIL @ POR,L,20,2,6,0.333,0,1,0.0,0,0,0.0,0,2,2,0,0,0,1,2,4,-7,1,2013-14,Regular Season,203507,Giannis Antetokounmpo
22013,203507,0021301021,2014-03-20,MIL @ GSW,L,30,3,6,0.5,0,2,0.0,5,6,0.833,0,8,8,4,1,0,1,1,11,-4,1,2013-14,Regular Season,203507,Giannis Antetokounmpo
22013,203507,0021301043,2014-03-23,MIL @ SAC,L,23,3,7,0.429,1,2,0.5,2,2,1.0,1,5,6,2,0,0,2,4,9,-5,1,2013-14,Regular Season,203507,Giannis Antetokounmpo
22013,203507,0021301056,2014-03-24,MIL @ LAC,L,28,4,4,1.0,0,0,0.0,1,3,0.333,1,2,3,1,0,1,0,4,9,-2,1,2013-14,Regular Season,203507,Giannis Antetokounmpo
22013,203507,0021301073,2014-03-27,MIL vs. LAL,W,25,4,6,0.667,1,1,1.0,1,2,0.5,2,5,7,0,3,1,5,3,10,11,1,2013-14,Regular Season,203507,Giannis Antetokounmpo
22013,203507,0021301091,2014-03-29,MIL vs. MIA,L,22,0,5,0.0,0,1,0.0,1,2,0.5,1,3,4,2,0,1,2,2,1,-12,1,2013-14,Regular Season,203507,Giannis Antetokounmpo
22013,203507,0021301104,2014-03-31,MIL @ DET,L,30,4,6,0.667,2,2,1.0,4,5,0.8,0,5,5,2,1,1,1,0,14,15,1,2013-14,Regular Season,203507,Giannis Antetokounmpo
22013,203507,0021301121,2014-04-02,MIL @ MIA,L,22,2,5,0.4,1,1,1.0,0,0,0.0,1,1,2,1,0,1,1,1,5,-6,1,2013-14,Regular Season,203507,Giannis Antetokounmpo
22013,203507,0021301137,2014-04-04,MIL @ CHI,L,33,1,6,0.167,0,0,0.0,2,4,0.5,1,2,3,5,3,2,3,6,4,-2,1,2013-14,Regular Season,203507,Giannis Antetokounmpo
22013,203507,0021301148,2014-04-05,MIL vs. TOR,L,25,1,6,0.167,0,1,0.0,2,2,1.0,1,3,4,2,0,0,1,1,4,-4,1,2013-14,Regular Season,203507,Giannis Antetokounmpo
22013,203507,0021301168,2014-04-09,MIL vs. IND,L,21,1,4,0.25,0,1,0.0,0,0,0.0,0,3,3,1,1,0,2,2,2,-10,1,2013-14,Regular Season,203507,Giannis Antetokounmpo
22013,203507,0021301185,2014-04-11,MIL vs. CLE,W,20,0,3,0.0,0,1,0.0,3,6,0.5,0,3,3,0,0,2,0,0,3,5,1,2013-14,Regular Season,203507,Giannis Antetokounmpo
22013,203507,0021301191,2014-04-12,MIL @ WAS,L,43,3,5,0.6,1,1,1.0,1,4,0.25,2,6,8,2,3,1,4,1,8,-12,1,2013-14,Regular Season,203507,Giannis Antetokounmpo
22013,203507,0021301205,2014-04-14,MIL @ TOR,L,24,1,3,0.333,1,1,1.0,2,2,1.0,0,4,4,3,1,0,1,1,5,3,1,2013-14,Regular Season,203507,Giannis Antetokounmpo
22013,203507,0021301217,2014-04-16,MIL vs. ATL,L,26,4,6,0.667,2,3,0.667,0,0,0.0,1,4,5,3,0,1,1,5,10,4,1,2013-14,Regular Season,203507,Giannis Antetokounmpo
22013,203081,0021300015,2013-10-30,POR @ PHX,L,42,10,20,0.5,6,12,0.5,6,8,0.75,2,2,4,2,1,1,0,2,32,-11,1,2013-14,Regular Season,203081,Damian Lillard
22013,203081,0021300029,2013-11-01,POR @ DEN,W,34,6,13,0.462,3,4,0.75,3,3,1.0,0,4,4,7,0,0,1,4,18,18,1,2013-14,Regular Season,203081,Damian Lillard
22013,203081,0021300039,2013-11-02,POR vs. SAS,W,36,7,16,0.438,3,8,0.375,8,8,1.0,0,7,7,7,0,0,3,2,25,16,1,2013-14,Regular Season,203081,Damian Lillard
22013,203081,0021300058,2013-11-05,POR vs. HOU,L,42,7,17,0.412,4,9,0.444,4,7,0.571,0,4,4,5,0,0,3,3,22,-3,1,2013-14,Regular Season,203081,Damian Lillard
22013,203081,0021300084,2013-11-08,POR vs. SAC,W,37,5,13,0.385,4,9,0.444,8,8,1.0,0,8,8,7,1,0,3,0,22,13,1,2013-14,Regular Season,203081,Damian Lillard
22013,203081,0021300093,2013-11-09,POR @ SAC,W,37,1,15,0.067,0,5,0.0,2,4,0.5,2,4,6,6,3,0,1,1,4,-4,1,2013-14,Regular Season,203081,Damian Lillard
22013,203081,0021300105,2013-11-11,POR vs. DET,W,35,7,16,0.438,5,8,0.625,6,6,1.0,0,5,5,4,0,1,2,3,25,6,1,2013-14,Regular Season,203081,Damian Lillard
22013,203081,0021300120,2013-11-13,POR vs. PHX,W,35,4,13,0.308,0,2,0.0,3,4,0.75,0,3,3,8,2,0,2,1,11,8,1,2013-14,Regular Season,203081,Damian Lillard
22013,203081,0021300128,2013-11-15,POR @ BOS,W,31,6,15,0.4,2,6,0.333,3,3,1.0,0,2,2,4,0,0,6,4,17,4,1,2013-14,Regular Season,203081,Damian Lillard
22013,203081,0021300147,2013-11-17,POR @ TOR,W,41,10,22,0.455,3,10,0.3,2,2,1.0,1,4,5,8,1,0,3,3,25,-2,1,2013-14,Regular Season,203081,Damian Lillard
22013,203081,0021300150,2013-11-18,POR @ BKN,W,36,6,13,0.462,2,7,0.286,5,5,1.0,0,2,2,9,0,0,1,4,19,-2,1,2013-14,Regular Season,203081,Damian Lillard
22013,203081,0021300167,2013-11-20,POR @ MIL,W,38,7,18,0.389,2,7,0.286,3,3,1.0,0,6,6,3,1,1,3,2,19,-5,1,2013-14,Regular Season,203081,Damian Lillard
22013,203081,0021300185,2013-11-22,POR vs. CHI,W,35,6,14,0.429,3,5,0.6,5,5,1.0,0,2,2,6,1,0,2,5,20,4,1,2013-14,Regular Season,203081,Damian Lillard
22013,203081,0021300196,2013-11-23,POR @ GSW,W,36,6,20,0.3,2,7,0.286,6,6,1.0,0,1,1,9,1,0,1,4,20,14,1,2013-14,Regular Season,203081,Damian Lillard
22013,203081,0021300210,2013-11-25,POR vs. NYK,W,36,9,20,0.45,2,7,0.286,3,3,1.0,1,3,4,6,1,0,1,1,23,15,1,2013-14,Regular Season,203081,Damian Lillard
22013,203081,0021300226,2013-11-27,POR @ PHX,L,33,5,12,0.417,3,5,0.6,3,3,1.0,0,0,0,1,0,0,3,2,16,-23,1,2013-14,Regular Season,203081,Damian Lillard
22013,203081,0021300255,2013-12-01,POR @ LAL,W,38,7,19,0.368,4,9,0.444,8,9,0.889,0,5,5,9,1,1,2,2,26,21,1,2013-14,Regular Season,203081,Damian Lillard
22013,203081,0021300260,2013-12-02,POR vs. IND,W,37,7,17,0.412,2,4,0.5,10,10,1.0,1,5,6,2,0,2,4,2,26,9,1,2013-14,Regular Season,203081,Damian Lillard
22013,203081,0021300276,2013-12-04,POR vs. OKC,W,36,4,14,0.286,2,7,0.286,4,5,0.8,0,1,1,6,1,0,2,3,14,15,1,2013-14,Regular Season,203081,Damian Lillard
22013,203081,0021300288,2013-12-06,POR vs. UTA,W,25,7,9,0.778,5,6,0.833,2,2,1.0,1,2,3,6,1,1,3,1,21,35,1,2013-14,Regular Season,203081,Damian Lillard
22013,203081,0021300298,2013-12-07,POR vs. DAL,L,37,9,18,0.5,5,9,0.556,9,9,1.0,0,1,1,5,0,0,1,2,32,2,1,2013-14,Regular Season,203081,Damian Lillard
22013,203081,0021300308,2013-12-09,POR @ UTA,W,34,5,14,0.357,1,5,0.2,7,7,1.0,0,5,5,3,1,0,0,4,18,-2,1,2013-14,Regular Season,203081,Damian Lillard
22013,203081,0021300328,2013-12-12,POR vs. HOU,W,34,1,10,0.1,1,4,0.25,5,5,1.0,0,0,0,6,0,1,2,2,8,20,1,2013-14,Regular Season,203081,Damian Lillard
22013,203081,0021300347,2013-12-14,POR @ PHI,W,26,5,9,0.556,4,6,0.667,2,2,1.0,0,1,1,6,0,0,3,3,16,30,1,2013-14,Regular Season,203081,Damian Lillard
22013,203081,0021300352,2013-12-15,POR @ DET,W,41,6,21,0.286,0,7,0.0,11,12,0.917,1,1,2,7,3,0,2,1,23,-2,1,2013-14,Regular Season,203081,Damian Lillard
22013,203081,0021300365,2013-12-17,POR @ CLE,W,38,11,23,0.478,8,12,0.667,6,7,0.857,2,6,8,10,0,1,3,1,36,0,1,2013-14,Regular Season,203081,Damian Lillard
22013,203081,0021300376,2013-12-18,POR @ MIN,L,41,13,24,0.542,7,14,0.5,3,7,0.429,1,5,6,6,3,1,3,5,36,-9,1,2013-14,Regular Season,203081,Damian Lillard
22013,203081,0021300401,2013-12-21,POR vs. NOP,W,37,11,21,0.524,4,10,0.4,3,4,0.75,2,0,2,5,0,0,2,5,29,13,1,2013-14,Regular Season,203081,Damian Lillard
22013,203081,0021300426,2013-12-26,POR vs. LAC,W,41,4,12,0.333,2,5,0.4,4,5,0.8,0,5,5,4,0,0,4,1,14,5,1,2013-14,Regular Season,203081,Damian Lillard
22013,203081,0021300446,2013-12-28,POR vs. MIA,L,35,5,9,0.556,4,7,0.571,2,2,1.0,0,1,1,7,1,0,4,0,16,-2,1,2013-14,Regular Season,203081,Damian Lillard
22013,203081,0021300456,2013-12-30,POR @ NOP,L,41,10,18,0.556,5,8,0.625,4,5,0.8,0,3,3,5,1,0,0,2,29,8,1,2013-14,Regular Season,203081,Damian Lillard
22013,203081,0021300466,2013-12-31,POR @ OKC,W,41,6,15,0.4,4,10,0.4,5,5,1.0,1,5,6,11,1,0,2,3,21,11,1,2013-14,Regular Season,203081,Damian Lillard
22013,203081,0021300480,2014-01-02,POR vs. CHA,W,29,9,13,0.692,6,6,1.0,0,0,0.0,0,0,0,7,2,0,2,2,24,23,1,2013-14,Regular Season,203081,Damian Lillard
22013,203081,0021300496,2014-01-04,POR vs. PHI,L,35,6,20,0.3,1,6,0.167,4,4,1.0,1,1,2,1,0,2,6,2,17,-15,1,2013-14,Regular Season,203081,Damian Lillard
22013,203081,0021300519,2014-01-07,POR @ SAC,L,38,13,24,0.542,7,13,0.538,8,8,1.0,0,7,7,4,0,1,6,5,41,-10,1,2013-14,Regular Season,203081,Damian Lillard
22013,203081,0021300527,2014-01-08,POR vs. ORL,W,34,4,12,0.333,3,8,0.375,0,0,0.0,0,7,7,2,0,1,1,0,11,13,1,2013-14,Regular Season,203081,Damian Lillard
22013,203081,0021300551,2014-01-11,POR vs. BOS,W,34,5,15,0.333,1,4,0.25,4,5,0.8,0,2,2,6,1,0,2,4,15,8,1,2013-14,Regular Season,203081,Damian Lillard
22013,203081,0021300575,2014-01-15,POR vs. CLE,W,36,10,20,0.5,5,10,0.5,3,4,0.75,0,6,6,5,2,0,0,2,28,10,1,2013-14,Regular Season,203081,Damian Lillard
22013,203081,0021300589,2014-01-17,POR @ SAS,W,37,6,16,0.375,1,5,0.2,8,8,1.0,1,4,5,9,1,0,2,1,21,16,1,2013-14,Regular Season,203081,Damian Lillard
22013,203081,0021300600,2014-01-18,POR @ DAL,W,31,3,8,0.375,2,6,0.333,6,6,1.0,0,5,5,10,0,0,1,3,14,28,1,2013-14,Regular Season,203081,Damian Lillard
22013,203081,0021300614,2014-01-20,POR @ HOU,L,36,7,17,0.412,3,8,0.375,7,8,0.875,0,1,1,5,0,0,4,3,24,-14,1,2013-14,Regular Season,203081,Damian Lillard
22013,203081,0021300619,2014-01-21,POR @ OKC,L,35,6,15,0.4,0,5,0.0,2,4,0.5,0,2,2,4,1,1,0,1,14,-2,1,2013-14,Regular Season,203081,Damian Lillard
22013,203081,0021300632,2014-01-23,POR vs. DEN,W,37,5,10,0.5,0,4,0.0,1,1,1.0,0,2,2,3,0,2,3,3,11,2,1,2013-14,Regular Season,203081,Damian Lillard
22013,203081,0021300653,2014-01-25,POR vs. MIN,W,33,5,17,0.294,1,4,0.25,3,3,1.0,0,1,1,5,1,0,3,2,14,-8,1,2013-14,Regular Season,203081,Damian Lillard
22013,203081,0021300660,2014-01-26,POR @ GSW,L,34,5,16,0.313,2,7,0.286,4,6,0.667,1,2,3,4,0,1,2,2,16,-15,1,2013-14,Regular Season,203081,Damian Lillard
22013,203081,0021300672,2014-01-28,POR vs. MEM,L,37,7,16,0.438,2,9,0.222,0,0,0.0,1,0,1,3,0,0,3,2,16,-4,1,2013-14,Regular Season,203081,Damian Lillard
22013,203081,0021300707,2014-02-01,POR vs. TOR,W,37,8,15,0.533,1,4,0.25,4,5,0.8,0,6,6,7,1,0,0,2,21,7,1,2013-14,Regular Season,203081,Damian Lillard
22013,203081,0021300711,2014-02-03,POR @ WAS,L,37,8,19,0.421,2,7,0.286,7,7,1.0,1,5,6,8,0,0,3,3,25,-2,1,2013-14,Regular Season,203081,Damian Lillard
22013,203081,0021300728,2014-02-05,POR @ NYK,W,38,4,12,0.333,1,6,0.167,3,5,0.6,1,4,5,4,1,0,4,0,12,4,1,2013-14,Regular Season,203081,Damian Lillard
22013,203081,0021300739,2014-02-07,POR @ IND,L,45,15,26,0.577,4,7,0.571,4,5,0.8,0,3,3,11,0,0,3,5,38,-12,1,2013-14,Regular Season,203081,Damian Lillard
22013,203081,0021300752,2014-02-08,POR @ MIN,W,31,3,10,0.3,1,4,0.25,7,7,1.0,1,4,5,4,1,1,3,5,14,8,1,2013-14,Regular Season,203081,Damian Lillard
22013,203081,0021300775,2014-02-11,POR vs. OKC,L,37,5,15,0.333,1,7,0.143,5,6,0.833,0,3,3,7,1,0,1,1,16,5,1,2013-14,Regular Season,203081,Damian Lillard
22013,203081,0021300789,2014-02-12,POR @ LAC,L,31,8,12,0.667,3,5,0.6,2,2,1.0,0,1,1,5,0,0,6,5,21,-3,1,2013-14,Regular Season,203081,Damian Lillard
22013,203081,0021300809,2014-02-19,POR vs. SAS,L,38,13,21,0.619,1,3,0.333,4,5,0.8,1,3,4,6,0,0,2,3,31,9,1,2013-14,Regular Season,203081,Damian Lillard
22013,203081,0021300823,2014-02-21,POR vs. UTA,W,37,11,28,0.393,2,5,0.4,4,4,1.0,0,2,2,7,1,0,2,1,28,14,1,2013-14,Regular Season,203081,Damian Lillard
22013,203081,0021300840,2014-02-23,POR vs. MIN,W,30,11,17,0.647,5,8,0.625,5,5,1.0,0,2,2,5,0,0,1,5,32,3,1,2013-14,Regular Season,203081,Damian Lillard
22013,203081,0021300850,2014-02-25,POR @ DEN,W,37,8,21,0.381,4,11,0.364,11,13,0.846,0,7,7,9,1,1,3,1,31,18,1,2013-14,Regular Season,203081,Damian Lillard
22013,203081,0021300861,2014-02-26,POR vs. BKN,W,29,6,11,0.545,2,3,0.667,0,0,0.0,0,1,1,0,1,0,2,2,14,16,1,2013-14,Regular Season,203081,Damian Lillard
22013,203081,0021300880,2014-03-01,POR vs. DEN,W,35,7,13,0.538,0,5,0.0,3,3,1.0,1,4,5,2,3,0,1,1,17,3,2,2013-14,Regular Season,203081,Damian Lillard
22013,203081,0021300896,2014-03-03,POR vs. LAL,L,35,8,19,0.421,3,8,0.375,1,4,0.25,1,4,5,5,0,0,4,1,20,0,1,2013-14,Regular Season,203081,Damian Lillard
22013,203081,0021300913,2014-03-05,POR vs. ATL,W,25,4,9,0.444,2,5,0.4,2,2,1.0,0,4,4,7,1,0,1,2,12,18,1,2013-14,Regular Season,203081,Damian Lillard
22013,203081,0021300924,2014-03-07,POR @ DAL,L,35,3,10,0.3,1,6,0.167,3,3,1.0,0,3,3,4,0,0,5,3,10,-7,1,2013-14,Regular Season,203081,Damian Lillard
22013,203081,0021300939,2014-03-09,POR @ HOU,L,33,7,13,0.538,3,5,0.6,4,4,1.0,0,4,4,4,2,0,7,6,21,-2,1,2013-14,Regular Season,203081,Damian Lillard
22013,203081,0021300953,2014-03-11,POR @ MEM,L,39,8,21,0.381,4,8,0.5,12,13,0.923,2,2,4,7,0,0,2,4,32,-8,1,2013-14,Regular Season,203081,Damian Lillard
22013,203081,0021300965,2014-03-12,POR @ SAS,L,40,9,22,0.409,2,7,0.286,3,4,0.75,2,3,5,3,1,0,2,2,23,-9,1,2013-14,Regular Season,203081,Damian Lillard
22013,203081,0021300977,2014-03-14,POR @ NOP,W,41,8,17,0.471,3,8,0.375,8,10,0.8,0,3,3,5,0,1,3,1,27,9,1,2013-14,Regular Season,203081,Damian Lillard
22013,203081,0021300994,2014-03-16,POR vs. GSW,L,39,8,22,0.364,1,6,0.167,9,10,0.9,2,0,2,7,0,0,0,1,26,4,1,2013-14,Regular Season,203081,Damian Lillard
22013,203081,0021301005,2014-03-18,POR vs. MIL,W,39,7,21,0.333,1,11,0.091,5,5,1.0,0,1,1,4,1,0,5,5,20,3,1,2013-14,Regular Season,203081,Damian Lillard
22013,203081,0021301020,2014-03-20,POR vs. WAS,W,35,8,18,0.444,3,8,0.375,4,5,0.8,1,5,6,10,0,0,1,1,23,10,1,2013-14,Regular Season,203081,Damian Lillard
22013,203081,0021301032,2014-03-22,POR @ CHA,L,32,7,19,0.368,3,6,0.5,3,3,1.0,0,2,2,4,0,0,0,0,20,-17,1,2013-14,Regular Season,203081,Damian Lillard
22013,203081,0021301049,2014-03-24,POR @ MIA,L,40,3,15,0.2,1,8,0.125,12,14,0.857,1,3,4,6,2,0,1,2,19,-12,1,2013-14,Regular Season,203081,Damian Lillard
22013,203081,0021301058,2014-03-25,POR @ ORL,L,36,5,17,0.294,0,4,0.0,7,8,0.875,0,0,0,2,1,0,3,3,17,-10,1,2013-14,Regular Season,203081,Damian Lillard
22013,203081,0021301071,2014-03-27,POR @ ATL,W,34,7,15,0.467,4,9,0.444,3,4,0.75,0,6,6,4,0,0,2,4,21,9,1,2013-14,Regular Season,203081,Damian Lillard
22013,203081,0021301080,2014-03-28,POR @ CHI,W,37,6,14,0.429,3,5,0.6,1,2,0.5,0,4,4,4,1,0,1,1,16,29,1,2013-14,Regular Season,203081,Damian Lillard
22013,203081,0021301099,2014-03-30,POR vs. MEM,W,38,4,10,0.4,2,5,0.4,3,4,0.75,0,4,4,5,2,0,4,0,13,5,1,2013-14,Regular Season,203081,Damian Lillard
22013,203081,0021301113,2014-04-01,POR @ LAL,W,36,10,22,0.455,5,10,0.5,9,9,1.0,0,2,2,8,3,0,2,3,34,24,1,2013-14,Regular Season,203081,Damian Lillard
22013,203081,0021301140,2014-04-04,POR vs. PHX,L,38,5,13,0.385,2,6,0.333,3,6,0.5,0,2,2,7,1,0,2,4,15,0,1,2013-14,Regular Season,203081,Damian Lillard
22013,203081,0021301157,2014-04-06,POR vs. NOP,W,39,9,19,0.474,0,2,0.0,2,3,0.667,0,6,6,5,3,0,1,1,20,14,1,2013-14,Regular Season,203081,Damian Lillard
22013,203081,0021301172,2014-04-09,POR vs. SAC,W,37,6,11,0.545,3,7,0.429,4,5,0.8,1,4,5,10,0,0,5,3,19,-17,1,2013-14,Regular Season,203081,Damian Lillard
22013,203081,0021301187,2014-04-11,POR @ UTA,W,37,4,10,0.4,4,6,0.667,4,4,1.0,0,1,1,6,1,0,1,1,16,14,1,2013-14,Regular Season,203081,Damian Lillard
22013,203081,0021301201,2014-04-13,POR vs. GSW,W,44,3,13,0.231,2,6,0.333,5,6,0.833,1,2,3,5,1,1,3,4,13,-9,1,2013-14,Regular Season,203081,Damian Lillard
22013,203081,0021301228,2014-04-16,POR vs. LAC,W,12,3,5,0.6,3,4,0.75,0,0,0.0,0,0,0,2,1,0,0,1,9,8,1,2013-14,Regular Season,203081,Damian Lillard
42013,203081,0041300171,2014-04-20,POR @ HOU,W,46,9,19,0.474,3,7,0.429,10,12,0.833,2,7,9,5,0,0,1,3,31,7,1,2013-14,Playoffs,203081,Damian Lillard
42013,203081,0041300172,2014-04-23,POR @ HOU,W,42,3,14,0.214,2,7,0.286,10,12,0.833,2,6,8,11,0,0,3,5,18,12,1,2013-14,Playoffs,203081,Damian Lillard
42013,203081,0041300173,2014-04-25,POR vs. HOU,L,47,9,16,0.563,4,8,0.5,8,9,0.889,0,6,6,6,1,0,2,4,30,1,1,2013-14,Playoffs,203081,Damian Lillard
42013,203081,0041300174,2014-04-27,POR vs. HOU,W,47,6,13,0.462,5,7,0.714,6,7,0.857,1,0,1,8,0,0,2,4,23,1,1,2013-14,Playoffs,203081,Damian Lillard
42013,203081,0041300175,2014-04-30,POR @ HOU,L,43,9,18,0.5,3,8,0.375,5,5,1.0,2,6,8,7,4,0,2,2,26,-1,1,2013-14,Playoffs,203081,Damian Lillard
42013,203081,0041300176,2014-05-02,POR vs. HOU,W,43,8,14,0.571,6,10,0.6,3,3,1.0,1,5,6,3,3,1,4,2,25,2,1,2013-14,Playoffs,203081,Damian Lillard
42013,203081,0041300221,2014-05-06,POR @ SAS,L,37,6,15,0.4,0,1,0.0,5,6,0.833,2,2,4,3,0,0,6,2,17,-16,1,2013-14,Playoffs,203081,Damian Lillard
42013,203081,0041300222,2014-05-08,POR @ SAS,L,41,8,20,0.4,1,6,0.167,2,2,1.0,0,5,5,5,1,0,1,1,19,-12,1,2013-14,Playoffs,203081,Damian Lillard
42013,203081,0041300223,2014-05-10,POR vs. SAS,L,43,7,21,0.333,0,6,0.0,7,7,1.0,1,2,3,9,1,0,2,1,21,-8,1,2013-14,Playoffs,203081,Damian Lillard
42013,203081,0041300224,2014-05-12,POR vs. SAS,W,38,11,21,0.524,2,6,0.333,1,1,1.0,0,4,4,5,0,0,3,4,25,17,1,2013-14,Playoffs,203081,Damian Lillard
42013,203081,0041300225,2014-05-14,POR @ SAS,L,38,7,18,0.389,1,4,0.25,2,2,1.0,1,1,2,10,1,0,4,1,17,-16,1,2013-14,Playoffs,203081,Damian Lillard
22013,203076,0021300011,2013-10-30,NOP vs. IND,L,38,8,20,0.4,0,0,0.0,4,4,1.0,7,5,12,0,1,3,4,4,20,-2,1,2013-14,Regular Season,203076,Anthony Davis
22013,203076,0021300021,2013-11-01,NOP @ ORL,L,38,9,23,0.391,0,0,0.0,8,8,1.0,8,9,17,1,1,3,0,4,26,-10,1,2013-14,Regular Season,203076,Anthony Davis
22013,203076,0021300035,2013-11-02,NOP vs. CHA,W,37,9,13,0.692,0,0,0.0,7,8,0.875,3,5,8,4,6,6,2,3,25,22,1,2013-14,Regular Season,203076,Anthony Davis
22013,203076,0021300055,2013-11-05,NOP vs. PHX,L,40,5,14,0.357,0,0,0.0,7,8,0.875,1,10,11,0,0,5,1,4,17,-3,1,2013-14,Regular Season,203076,Anthony Davis
22013,203076,0021300065,2013-11-06,NOP @ MEM,W,37,5,14,0.357,0,0,0.0,8,9,0.889,2,7,9,2,3,3,0,1,18,4,1,2013-14,Regular Season,203076,Anthony Davis
22013,203076,0021300081,2013-11-08,NOP vs. LAL,W,37,12,18,0.667,0,0,0.0,8,11,0.727,4,8,12,3,1,6,2,2,32,14,1,2013-14,Regular Season,203076,Anthony Davis
22013,203076,0021300096,2013-11-10,NOP @ PHX,L,36,5,13,0.385,0,0,0.0,4,5,0.8,5,7,12,1,4,1,1,4,14,-2,1,2013-14,Regular Season,203076,Anthony Davis
22013,203076,0021300110,2013-11-12,NOP @ LAL,L,26,6,11,0.545,0,0,0.0,3,4,0.75,1,4,5,2,2,0,1,4,15,-16,1,2013-14,Regular Season,203076,Anthony Davis
22013,203076,0021300119,2013-11-13,NOP @ UTA,L,36,12,21,0.571,0,0,0.0,5,5,1.0,8,7,15,1,1,1,1,3,29,-12,1,2013-14,Regular Season,203076,Anthony Davis
22013,203076,0021300143,2013-11-16,NOP vs. PHI,W,29,5,10,0.5,0,0,0.0,3,5,0.6,1,8,9,1,2,9,1,2,13,31,1,2013-14,Regular Season,203076,Anthony Davis
22013,203076,0021300169,2013-11-20,NOP vs. UTA,W,37,9,12,0.75,0,0,0.0,4,6,0.667,1,8,9,4,0,8,1,4,22,0,1,2013-14,Regular Season,203076,Anthony Davis
22013,203076,0021300183,2013-11-22,NOP vs. CLE,W,35,5,13,0.385,0,0,0.0,7,8,0.875,9,4,13,1,2,3,3,4,17,17,1,2013-14,Regular Season,203076,Anthony Davis
22013,203076,0021300208,2013-11-25,NOP @ SAS,L,33,3,8,0.375,0,0,0.0,4,4,1.0,1,5,6,1,1,4,2,4,10,-20,1,2013-14,Regular Season,203076,Anthony Davis
22013,203076,0021300214,2013-11-26,NOP vs. GSW,L,30,6,9,0.667,0,0,0.0,2,2,1.0,3,8,11,1,0,2,1,4,14,6,1,2013-14,Regular Season,203076,Anthony Davis
22013,203076,0021300237,2013-11-29,NOP @ PHI,W,38,11,20,0.55,0,0,0.0,0,1,0.0,5,5,10,3,2,4,1,2,22,13,1,2013-14,Regular Season,203076,Anthony Davis
22013,203076,0021300254,2013-12-01,NOP @ NYK,W,10,2,6,0.333,0,0,0.0,3,3,1.0,1,3,4,0,0,0,1,0,7,-2,1,2013-14,Regular Season,203076,Anthony Davis
22013,203076,0021300380,2013-12-18,NOP @ LAC,L,32,10,18,0.556,0,0,0.0,4,7,0.571,5,7,12,0,3,0,2,3,24,-6,1,2013-14,Regular Season,203076,Anthony Davis
22013,203076,0021300401,2013-12-21,NOP @ POR,L,38,8,13,0.615,0,0,0.0,5,8,0.625,4,5,9,1,0,2,2,3,21,-1,1,2013-14,Regular Season,203076,Anthony Davis
22013,203076,0021300417,2013-12-23,NOP @ SAC,W,43,6,15,0.4,0,0,0.0,9,10,0.9,4,7,11,1,1,0,2,3,21,11,1,2013-14,Regular Season,203076,Anthony Davis
22013,203076,0021300432,2013-12-27,NOP vs. DEN,W,28,7,12,0.583,0,0,0.0,3,6,0.5,3,4,7,1,1,4,2,4,17,7,1,2013-14,Regular Season,203076,Anthony Davis
22013,203076,0021300442,2013-12-28,NOP @ HOU,L,38,8,14,0.571,0,0,0.0,2,2,1.0,5,11,16,0,1,1,0,4,18,-12,1,2013-14,Regular Season,203076,Anthony Davis
22013,203076,0021300456,2013-12-30,NOP vs. POR,W,39,13,19,0.684,0,0,0.0,1,4,0.25,5,7,12,1,0,5,1,4,27,8,1,2013-14,Regular Season,203076,Anthony Davis
22013,203076,0021300470,2014-01-01,NOP @ MIN,L,33,5,9,0.556,0,0,0.0,3,6,0.5,3,3,6,0,1,4,1,4,13,-5,1,2013-14,Regular Season,203076,Anthony Davis
22013,203076,0021300484,2014-01-03,NOP @ BOS,W,38,9,12,0.75,0,0,0.0,5,8,0.625,3,6,9,2,1,3,1,2,23,2,1,2013-14,Regular Season,203076,Anthony Davis
22013,203076,0021300489,2014-01-04,NOP @ IND,L,34,4,12,0.333,0,0,0.0,2,4,0.5,0,8,8,0,1,3,2,4,10,-10,1,2013-14,Regular Season,203076,Anthony Davis
22013,203076,0021300511,2014-01-07,NOP @ MIA,L,41,10,18,0.556,0,0,0.0,2,2,1.0,7,5,12,1,3,2,5,3,22,-24,1,2013-14,Regular Season,203076,Anthony Davis
22013,203076,0021300525,2014-01-08,NOP vs. WAS,L,33,8,13,0.615,1,1,1.0,4,6,0.667,1,6,7,1,1,3,3,4,21,11,1,2013-14,Regular Season,203076,Anthony Davis
22013,203076,0021300536,2014-01-10,NOP vs. DAL,L,40,9,19,0.474,0,0,0.0,3,7,0.429,7,6,13,1,2,5,2,1,21,-13,1,2013-14,Regular Season,203076,Anthony Davis
22013,203076,0021300549,2014-01-11,NOP @ DAL,L,40,10,17,0.588,0,0,0.0,8,10,0.8,6,8,14,2,0,0,1,4,28,2,1,2013-14,Regular Season,203076,Anthony Davis
22013,203076,0021300559,2014-01-13,NOP vs. SAS,L,35,9,18,0.5,0,1,0.0,4,5,0.8,6,5,11,2,3,2,3,3,22,-10,1,2013-14,Regular Season,203076,Anthony Davis
22013,203076,0021300572,2014-01-15,NOP vs. HOU,L,31,8,13,0.615,0,1,0.0,8,11,0.727,1,6,7,0,2,1,1,4,24,-3,1,2013-14,Regular Season,203076,Anthony Davis
22013,203076,0021300599,2014-01-18,NOP vs. GSW,L,43,11,17,0.647,0,0,0.0,9,12,0.75,4,13,17,1,0,1,4,5,31,-9,1,2013-14,Regular Season,203076,Anthony Davis
22013,203076,0021300611,2014-01-20,NOP @ MEM,W,40,9,22,0.409,0,0,0.0,9,10,0.9,4,6,10,2,4,4,2,3,27,-1,1,2013-14,Regular Season,203076,Anthony Davis
22013,203076,0021300618,2014-01-21,NOP vs. SAC,L,36,4,12,0.333,0,0,0.0,8,11,0.727,2,4,6,2,2,4,4,3,16,-27,1,2013-14,Regular Season,203076,Anthony Davis
22013,203076,0021300639,2014-01-24,NOP @ DET,W,39,4,12,0.333,0,1,0.0,6,6,1.0,3,5,8,2,2,4,1,3,14,10,1,2013-14,Regular Season,203076,Anthony Davis
22013,203076,0021300656,2014-01-26,NOP vs. ORL,W,42,9,21,0.429,0,0,0.0,4,6,0.667,7,12,19,3,2,7,3,4,22,4,1,2013-14,Regular Season,203076,Anthony Davis
22013,203076,0021300668,2014-01-28,NOP @ CLE,W,39,12,18,0.667,0,0,0.0,6,7,0.857,1,6,7,3,1,8,0,1,30,17,1,2013-14,Regular Season,203076,Anthony Davis
22013,203076,0021300703,2014-02-01,NOP vs. CHI,W,40,10,14,0.714,0,0,0.0,4,4,1.0,2,6,8,3,3,6,2,3,24,1,1,2013-14,Regular Season,203076,Anthony Davis
22013,203076,0021300715,2014-02-03,NOP vs. SAS,L,44,6,21,0.286,0,0,0.0,5,8,0.625,1,15,16,1,0,4,5,3,17,-12,1,2013-14,Regular Season,203076,Anthony Davis
22013,203076,0021300731,2014-02-05,NOP vs. ATL,W,36,9,14,0.643,0,0,0.0,9,10,0.9,3,7,10,2,1,1,1,3,27,3,1,2013-14,Regular Season,203076,Anthony Davis
22013,203076,0021300747,2014-02-07,NOP vs. MIN,W,41,10,16,0.625,0,0,0.0,6,8,0.75,2,8,10,1,1,1,2,5,26,1,1,2013-14,Regular Season,203076,Anthony Davis
22013,203076,0021300759,2014-02-09,NOP @ BKN,L,38,11,19,0.579,0,0,0.0,2,5,0.4,4,5,9,2,3,1,1,3,24,-9,1,2013-14,Regular Season,203076,Anthony Davis
22013,203076,0021300765,2014-02-10,NOP @ TOR,L,35,7,14,0.5,0,0,0.0,5,7,0.714,2,5,7,1,3,0,2,5,19,-4,1,2013-14,Regular Season,203076,Anthony Davis
22013,203076,0021300785,2014-02-12,NOP @ MIL,W,20,5,10,0.5,0,0,0.0,2,2,1.0,1,0,1,0,2,1,2,4,12,1,1,2013-14,Regular Season,203076,Anthony Davis
22013,203076,0021300806,2014-02-19,NOP vs. NYK,L,38,6,10,0.6,0,0,0.0,2,2,1.0,1,9,10,2,2,5,4,1,14,-9,1,2013-14,Regular Season,203076,Anthony Davis
22013,203076,0021300815,2014-02-21,NOP @ CHA,L,34,8,17,0.471,0,0,0.0,2,3,0.667,4,9,13,4,0,4,1,6,18,6,1,2013-14,Regular Season,203076,Anthony Davis
22013,203076,0021300826,2014-02-22,NOP @ WAS,L,34,11,18,0.611,0,0,0.0,4,4,1.0,3,8,11,0,1,0,0,2,26,-11,1,2013-14,Regular Season,203076,Anthony Davis
22013,203076,0021300844,2014-02-24,NOP vs. LAC,L,38,7,16,0.438,0,1,0.0,12,13,0.923,1,10,11,2,0,2,1,4,26,-22,1,2013-14,Regular Season,203076,Anthony Davis
22013,203076,0021300856,2014-02-26,NOP @ DAL,L,13,3,9,0.333,0,0,0.0,0,0,0.0,1,8,9,1,0,2,0,1,6,4,1,2013-14,Regular Season,203076,Anthony Davis
22013,203076,0021300873,2014-02-28,NOP @ PHX,L,41,14,18,0.778,0,0,0.0,4,4,1.0,2,7,9,2,3,1,1,1,32,-13,1,2013-14,Regular Season,203076,Anthony Davis
22013,203076,0021300882,2014-03-01,NOP @ LAC,L,20,1,6,0.167,0,0,0.0,6,6,1.0,1,3,4,0,0,2,3,4,8,-28,2,2013-14,Regular Season,203076,Anthony Davis
22013,203076,0021300897,2014-03-03,NOP @ SAC,L,38,4,14,0.286,1,1,1.0,4,8,0.5,0,4,4,2,0,0,1,3,13,-13,1,2013-14,Regular Season,203076,Anthony Davis
22013,203076,0021300903,2014-03-04,NOP @ LAL,W,42,10,16,0.625,0,0,0.0,8,11,0.727,3,12,15,3,0,1,1,1,28,7,1,2013-14,Regular Season,203076,Anthony Davis
22013,203076,0021300923,2014-03-07,NOP vs. MIL,W,40,12,22,0.545,0,1,0.0,5,6,0.833,4,10,14,5,1,2,1,2,29,11,1,2013-14,Regular Season,203076,Anthony Davis
22013,203076,0021300936,2014-03-09,NOP vs. DEN,W,45,10,20,0.5,0,0,0.0,12,16,0.75,7,10,17,3,1,6,3,3,32,5,1,2013-14,Regular Season,203076,Anthony Davis
22013,203076,0021300963,2014-03-12,NOP vs. MEM,L,39,9,14,0.643,0,0,0.0,11,11,1.0,2,8,10,2,1,4,1,3,29,-3,1,2013-14,Regular Season,203076,Anthony Davis
22013,203076,0021300977,2014-03-14,NOP vs. POR,L,40,15,27,0.556,0,0,0.0,6,6,1.0,3,6,9,1,1,2,2,5,36,-11,1,2013-14,Regular Season,203076,Anthony Davis
22013,203076,0021300990,2014-03-16,NOP vs. BOS,W,48,14,22,0.636,0,0,0.0,12,12,1.0,5,16,21,3,1,3,1,2,40,10,1,2013-14,Regular Season,203076,Anthony Davis
22013,203076,0021301025,2014-03-21,NOP @ ATL,W,44,11,19,0.579,0,0,0.0,12,15,0.8,2,9,11,2,1,1,4,0,34,5,1,2013-14,Regular Season,203076,Anthony Davis
22013,203076,0021301036,2014-03-22,NOP vs. MIA,W,39,13,22,0.591,0,0,0.0,4,5,0.8,3,8,11,0,3,1,1,2,30,7,1,2013-14,Regular Season,203076,Anthony Davis
22013,203076,0021301052,2014-03-24,NOP vs. BKN,W,45,9,17,0.529,0,0,0.0,6,6,1.0,3,11,14,1,0,3,2,4,24,8,1,2013-14,Regular Season,203076,Anthony Davis
22013,203076,0021301066,2014-03-26,NOP vs. LAC,W,38,5,19,0.263,0,1,0.0,6,8,0.75,4,9,13,4,2,5,2,3,16,3,1,2013-14,Regular Season,203076,Anthony Davis
22013,203076,0021301082,2014-03-28,NOP vs. UTA,W,4,0,1,0.0,0,0,0.0,0,0,0.0,0,0,0,0,0,0,0,0,0,3,1,2013-14,Regular Season,203076,Anthony Davis
22013,203076,0021301108,2014-03-31,NOP vs. SAC,L,38,5,13,0.385,0,1,0.0,12,14,0.857,2,6,8,4,2,4,1,3,22,-20,1,2013-14,Regular Season,203076,Anthony Davis
22013,203076,0021301124,2014-04-02,NOP @ DEN,L,11,3,4,0.75,0,0,0.0,0,0,0.0,0,3,3,1,0,0,0,2,6,-9,1,2013-14,Regular Season,203076,Anthony Davis
22013,203076,0021301138,2014-04-04,NOP @ UTA,L,23,3,6,0.5,0,0,0.0,2,4,0.5,0,6,6,1,0,2,0,1,8,-1,1,2013-14,Regular Season,203076,Anthony Davis
22013,203076,0021301157,2014-04-06,NOP @ POR,L,34,6,18,0.333,0,0,0.0,3,3,1.0,0,5,5,1,0,4,0,3,15,-15,1,2013-14,Regular Season,203076,Anthony Davis
22013,202695,0021300013,2013-10-30,SAS vs. MEM,W,30,5,9,0.556,2,2,1.0,2,2,1.0,1,6,7,1,0,2,4,2,14,2,1,2013-14,Regular Season,202695,Kawhi Leonard
22013,202695,0021300032,2013-11-01,SAS @ LAL,W,32,6,15,0.4,0,4,0.0,3,3,1.0,2,9,11,0,1,0,0,3,15,11,1,2013-14,Regular Season,202695,Kawhi Leonard
22013,202695,0021300039,2013-11-02,SAS @ POR,L,26,4,9,0.444,0,0,0.0,1,1,1.0,0,1,1,1,2,0,1,2,9,-11,1,2013-14,Regular Season,202695,Kawhi Leonard
22013,202695,0021300057,2013-11-05,SAS @ DEN,W,34,7,14,0.5,0,2,0.0,0,0,0.0,0,3,3,2,2,0,2,3,14,-5,1,2013-14,Regular Season,202695,Kawhi Leonard
22013,202695,0021300068,2013-11-06,SAS vs. PHX,W,27,4,9,0.444,0,2,0.0,0,0,0.0,1,5,6,1,1,0,3,3,8,4,1,2013-14,Regular Season,202695,Kawhi Leonard
22013,202695,0021300082,2013-11-08,SAS vs. GSW,W,31,6,8,0.75,1,2,0.5,0,1,0.0,2,5,7,2,4,0,0,1,13,0,1,2013-14,Regular Season,202695,Kawhi Leonard
22013,202695,0021300094,2013-11-10,SAS @ NYK,W,23,7,10,0.7,1,3,0.333,3,4,0.75,0,4,4,0,1,1,0,3,18,7,1,2013-14,Regular Season,202695,Kawhi Leonard
22013,202695,0021300100,2013-11-11,SAS @ PHI,W,24,6,12,0.5,1,4,0.25,0,0,0.0,1,8,9,3,2,0,2,1,13,18,1,2013-14,Regular Season,202695,Kawhi Leonard
22013,202695,0021300117,2013-11-13,SAS vs. WAS,W,24,5,7,0.714,2,4,0.5,1,2,0.5,0,3,3,2,2,0,0,0,13,-4,1,2013-14,Regular Season,202695,Kawhi Leonard
22013,202695,0021300133,2013-11-15,SAS @ UTA,W,29,3,8,0.375,0,2,0.0,0,0,0.0,1,8,9,1,2,0,2,5,6,-1,1,2013-14,Regular Season,202695,Kawhi Leonard
22013,202695,0021300170,2013-11-20,SAS vs. BOS,W,32,7,14,0.5,1,5,0.2,1,2,0.5,2,6,8,2,5,1,0,2,16,4,1,2013-14,Regular Season,202695,Kawhi Leonard
22013,202695,0021300181,2013-11-22,SAS @ MEM,W,33,6,11,0.545,0,1,0.0,0,0,0.0,5,4,9,3,3,0,2,2,12,4,1,2013-14,Regular Season,202695,Kawhi Leonard
22013,202695,0021300194,2013-11-23,SAS vs. CLE,W,13,3,4,0.75,1,1,1.0,2,2,1.0,0,3,3,0,0,1,0,1,9,19,1,2013-14,Regular Season,202695,Kawhi Leonard
22013,202695,0021300208,2013-11-25,SAS vs. NOP,W,21,3,8,0.375,0,1,0.0,1,1,1.0,2,9,11,1,2,0,1,1,7,12,1,2013-14,Regular Season,202695,Kawhi Leonard
22013,202695,0021300224,2013-11-27,SAS @ OKC,L,38,6,18,0.333,1,5,0.2,1,2,0.5,3,7,10,2,4,0,1,4,14,-9,1,2013-14,Regular Season,202695,Kawhi Leonard
22013,202695,0021300229,2013-11-29,SAS @ ORL,W,23,5,7,0.714,0,1,0.0,0,0,0.0,1,2,3,1,3,1,1,1,10,1,1,2013-14,Regular Season,202695,Kawhi Leonard
22013,202695,0021300245,2013-11-30,SAS vs. HOU,L,29,3,8,0.375,0,3,0.0,0,0,0.0,1,3,4,1,2,3,1,1,6,-6,1,2013-14,Regular Season,202695,Kawhi Leonard
22013,202695,0021300258,2013-12-02,SAS vs. ATL,W,22,2,7,0.286,0,2,0.0,0,0,0.0,0,5,5,1,1,0,1,0,4,-3,1,2013-14,Regular Season,202695,Kawhi Leonard
22013,202695,0021300296,2013-12-07,SAS vs. IND,L,37,8,13,0.615,2,4,0.5,0,0,0.0,1,2,3,3,0,0,1,2,18,-25,1,2013-14,Regular Season,202695,Kawhi Leonard
22013,202695,0021300312,2013-12-10,SAS @ TOR,W,29,3,8,0.375,1,3,0.333,1,1,1.0,2,5,7,4,1,0,1,2,8,9,1,2013-14,Regular Season,202695,Kawhi Leonard
22013,202695,0021300321,2013-12-11,SAS @ MIL,W,24,3,8,0.375,0,0,0.0,7,8,0.875,2,3,5,0,2,0,0,1,13,35,1,2013-14,Regular Season,202695,Kawhi Leonard
22013,202695,0021300338,2013-12-13,SAS vs. MIN,W,34,8,11,0.727,3,5,0.6,0,0,0.0,0,6,6,5,2,1,1,2,19,-5,1,2013-14,Regular Season,202695,Kawhi Leonard
22013,202695,0021300349,2013-12-14,SAS @ UTA,W,31,6,8,0.75,1,3,0.333,0,0,0.0,1,2,3,2,2,0,2,1,13,11,1,2013-14,Regular Season,202695,Kawhi Leonard
22013,202695,0021300363,2013-12-16,SAS @ LAC,L,32,6,11,0.545,0,2,0.0,0,0,0.0,4,4,8,1,1,0,1,4,12,-20,1,2013-14,Regular Season,202695,Kawhi Leonard
22013,202695,0021300378,2013-12-18,SAS @ PHX,W,31,5,15,0.333,2,3,0.667,2,3,0.667,2,4,6,2,2,0,2,3,14,-2,1,2013-14,Regular Season,202695,Kawhi Leonard
22013,202695,0021300382,2013-12-19,SAS @ GSW,W,35,8,14,0.571,1,1,1.0,4,7,0.571,1,9,10,3,1,0,1,0,21,4,1,2013-14,Regular Season,202695,Kawhi Leonard
22013,202695,0021300414,2013-12-23,SAS vs. TOR,W,31,5,12,0.417,2,5,0.4,1,1,1.0,3,7,10,2,1,0,1,1,13,12,1,2013-14,Regular Season,202695,Kawhi Leonard
22013,202695,0021300421,2013-12-25,SAS vs. HOU,L,29,6,14,0.429,0,2,0.0,1,1,1.0,3,4,7,0,0,0,2,3,13,-23,1,2013-14,Regular Season,202695,Kawhi Leonard
22013,202695,0021300425,2013-12-26,SAS @ DAL,W,28,3,6,0.5,0,2,0.0,1,2,0.5,1,7,8,2,2,1,2,5,7,-9,1,2013-14,Regular Season,202695,Kawhi Leonard
22013,202695,0021300451,2013-12-29,SAS vs. SAC,W,29,2,6,0.333,1,3,0.333,0,0,0.0,1,1,2,3,1,0,0,1,5,-5,1,2013-14,Regular Season,202695,Kawhi Leonard
22013,202695,0021300465,2013-12-31,SAS vs. BKN,W,27,3,6,0.5,0,1,0.0,0,0,0.0,2,4,6,1,2,1,1,2,6,30,1,2013-14,Regular Season,202695,Kawhi Leonard
22013,202695,0021300477,2014-01-02,SAS vs. NYK,L,28,1,5,0.2,1,3,0.333,5,8,0.625,1,3,4,4,1,1,1,4,8,-9,1,2013-14,Regular Season,202695,Kawhi Leonard
22013,202695,0021300494,2014-01-04,SAS vs. LAC,W,30,5,8,0.625,0,1,0.0,0,0,0.0,0,4,4,0,0,0,4,2,10,17,1,2013-14,Regular Season,202695,Kawhi Leonard
22013,202695,0021300514,2014-01-07,SAS @ MEM,W,33,7,9,0.778,2,4,0.5,1,3,0.333,1,5,6,1,2,0,1,1,17,15,1,2013-14,Regular Season,202695,Kawhi Leonard
22013,202695,0021300520,2014-01-08,SAS vs. DAL,W,26,5,9,0.556,1,2,0.5,1,1,1.0,1,7,8,0,1,0,0,1,12,15,1,2013-14,Regular Season,202695,Kawhi Leonard
22013,202695,0021300554,2014-01-12,SAS vs. MIN,W,36,8,11,0.727,1,1,1.0,0,0,0.0,1,5,6,2,2,2,2,3,17,15,1,2013-14,Regular Season,202695,Kawhi Leonard
22013,202695,0021300559,2014-01-13,SAS @ NOP,W,33,4,6,0.667,1,1,1.0,4,4,1.0,0,6,6,3,2,1,1,2,13,10,1,2013-14,Regular Season,202695,Kawhi Leonard
22013,202695,0021300573,2014-01-15,SAS vs. UTA,W,33,6,12,0.5,2,6,0.333,1,1,1.0,0,7,7,6,3,2,0,3,15,4,1,2013-14,Regular Season,202695,Kawhi Leonard
22013,202695,0021300589,2014-01-17,SAS vs. POR,L,29,3,4,0.75,1,2,0.5,0,0,0.0,2,7,9,2,2,0,0,4,7,-6,1,2013-14,Regular Season,202695,Kawhi Leonard
22013,202695,0021300604,2014-01-19,SAS vs. MIL,W,21,5,9,0.556,0,1,0.0,1,1,1.0,0,5,5,1,0,1,1,1,11,10,1,2013-14,Regular Season,202695,Kawhi Leonard
22013,202695,0021300630,2014-01-22,SAS vs. OKC,L,15,1,2,0.5,1,2,0.5,0,0,0.0,1,0,1,1,1,0,2,1,3,-2,1,2013-14,Regular Season,202695,Kawhi Leonard
22013,202695,0021300859,2014-02-26,SAS vs. DET,W,29,5,9,0.556,1,2,0.5,4,4,1.0,1,5,6,4,2,2,2,1,15,23,1,2013-14,Regular Season,202695,Kawhi Leonard
22013,202695,0021300871,2014-02-28,SAS vs. CHA,W,30,4,9,0.444,2,4,0.5,2,2,1.0,0,8,8,1,3,2,3,2,12,2,1,2013-14,Regular Season,202695,Kawhi Leonard
22013,202695,0021300888,2014-03-02,SAS vs. DAL,W,34,6,9,0.667,3,5,0.6,1,1,1.0,2,5,7,1,1,1,2,2,16,6,1,2013-14,Regular Season,202695,Kawhi Leonard
22013,202695,0021300898,2014-03-04,SAS @ CLE,W,26,7,10,0.7,2,2,1.0,2,2,1.0,2,3,5,3,4,4,3,3,18,18,1,2013-14,Regular Season,202695,Kawhi Leonard
22013,202695,0021300914,2014-03-06,SAS vs. MIA,W,30,4,13,0.308,1,4,0.25,2,2,1.0,0,5,5,0,5,0,1,4,11,6,1,2013-14,Regular Season,202695,Kawhi Leonard
22013,202695,0021300932,2014-03-08,SAS vs. ORL,W,38,5,6,0.833,1,2,0.5,6,7,0.857,0,7,7,4,2,2,3,1,17,13,1,2013-14,Regular Season,202695,Kawhi Leonard
22013,202695,0021300952,2014-03-11,SAS @ CHI,W,29,6,12,0.5,2,4,0.5,2,2,1.0,0,9,9,1,0,0,3,1,16,14,1,2013-14,Regular Season,202695,Kawhi Leonard
22013,202695,0021300965,2014-03-12,SAS vs. POR,W,35,6,8,0.75,0,1,0.0,0,0,0.0,2,7,9,1,2,1,1,2,12,-3,1,2013-14,Regular Season,202695,Kawhi Leonard
22013,202695,0021300978,2014-03-14,SAS vs. LAL,W,21,3,8,0.375,0,1,0.0,3,3,1.0,0,4,4,2,2,2,1,1,9,16,1,2013-14,Regular Season,202695,Kawhi Leonard
22013,202695,0021300993,2014-03-16,SAS vs. UTA,W,27,4,8,0.5,2,2,1.0,1,2,0.5,0,6,6,3,0,1,0,0,11,15,1,2013-14,Regular Season,202695,Kawhi Leonard
22013,202695,0021301017,2014-03-19,SAS @ LAL,W,34,8,12,0.667,1,3,0.333,5,6,0.833,0,10,10,4,2,1,0,2,22,17,1,2013-14,Regular Season,202695,Kawhi Leonard
22013,202695,0021301030,2014-03-21,SAS @ SAC,W,31,4,11,0.364,2,6,0.333,5,6,0.833,1,6,7,1,1,1,0,3,15,7,1,2013-14,Regular Season,202695,Kawhi Leonard
22013,202695,0021301038,2014-03-22,SAS @ GSW,W,34,5,14,0.357,2,4,0.5,4,4,1.0,2,5,7,0,1,2,2,2,16,12,1,2013-14,Regular Season,202695,Kawhi Leonard
22013,202695,0021301054,2014-03-24,SAS vs. PHI,W,26,6,9,0.667,1,3,0.333,2,2,1.0,1,4,5,2,0,1,1,0,15,26,1,2013-14,Regular Season,202695,Kawhi Leonard
22013,202695,0021301068,2014-03-26,SAS vs. DEN,W,35,3,8,0.375,1,2,0.5,1,1,1.0,2,4,6,1,3,3,1,2,8,3,1,2013-14,Regular Season,202695,Kawhi Leonard
22013,202695,0021301084,2014-03-28,SAS @ DEN,W,23,6,11,0.545,2,3,0.667,0,1,0.0,1,3,4,6,2,3,2,1,14,14,1,2013-14,Regular Season,202695,Kawhi Leonard
22013,202695,0021301092,2014-03-29,SAS vs. NOP,W,23,4,9,0.444,2,4,0.5,5,6,0.833,0,5,5,2,1,1,0,1,15,12,1,2013-14,Regular Season,202695,Kawhi Leonard
22013,202695,0021301102,2014-03-31,SAS @ IND,W,37,5,9,0.556,2,4,0.5,1,2,0.5,3,8,11,2,1,1,1,1,13,19,1,2013-14,Regular Season,202695,Kawhi Leonard
22013,202695,0021301123,2014-04-02,SAS vs. GSW,W,29,4,9,0.444,0,3,0.0,3,3,1.0,0,4,4,1,4,0,1,0,11,15,1,2013-14,Regular Season,202695,Kawhi Leonard
22013,202695,0021301127,2014-04-03,SAS @ OKC,L,29,8,15,0.533,1,3,0.333,0,0,0.0,0,2,2,3,3,0,2,4,17,0,1,2013-14,Regular Season,202695,Kawhi Leonard
22013,202695,0021301154,2014-04-06,SAS vs. MEM,W,30,12,13,0.923,2,2,1.0,0,0,0.0,0,3,3,5,0,0,1,1,26,13,1,2013-14,Regular Season,202695,Kawhi Leonard
22013,202695,0021300275,2014-04-08,SAS @ MIN,L,27,5,10,0.5,0,2,0.0,1,1,1.0,0,6,6,1,2,1,0,3,11,-10,2,2013-14,Regular Season,202695,Kawhi Leonard
22013,202695,0021301174,2014-04-10,SAS @ DAL,W,37,5,14,0.357,2,6,0.333,4,5,0.8,6,10,16,5,2,0,2,2,16,10,1,2013-14,Regular Season,202695,Kawhi Leonard
22013,202695,0021301186,2014-04-11,SAS vs. PHX,W,34,7,14,0.5,2,4,0.5,2,3,0.667,1,4,5,4,3,0,0,1,18,3,1,2013-14,Regular Season,202695,Kawhi Leonard
22013,202695,0021301221,2014-04-16,SAS vs. LAL,L,24,6,10,0.6,2,5,0.4,0,0,0.0,0,5,5,4,0,2,0,3,14,-1,1,2013-14,Regular Season,202695,Kawhi Leonard
42013,202695,0041300141,2014-04-20,SAS vs. DAL,W,31,4,11,0.364,0,3,0.0,3,4,0.75,1,9,10,0,0,0,1,2,11,23,1,2013-14,Playoffs,202695,Kawhi Leonard
42013,202695,0041300142,2014-04-23,SAS vs. DAL,L,22,1,5,0.2,1,2,0.5,3,5,0.6,4,1,5,0,0,0,2,3,6,-6,1,2013-14,Playoffs,202695,Kawhi Leonard
42013,202695,0041300143,2014-04-26,SAS @ DAL,L,38,7,8,0.875,2,2,1.0,1,3,0.333,1,4,5,3,5,0,5,4,17,-7,1,2013-14,Playoffs,202695,Kawhi Leonard
42013,202695,0041300144,2014-04-28,SAS @ DAL,W,38,3,8,0.375,0,3,0.0,1,2,0.5,3,9,12,1,0,1,3,2,7,6,1,2013-14,Playoffs,202695,Kawhi Leonard
42013,202695,0041300145,2014-04-30,SAS vs. DAL,W,35,6,10,0.6,1,2,0.5,2,3,0.667,1,7,8,1,0,0,1,1,15,13,1,2013-14,Playoffs,202695,Kawhi Leonard
42013,202695,0041300146,2014-05-02,SAS @ DAL,L,35,4,9,0.444,1,2,0.5,3,4,0.75,0,6,6,1,3,0,1,4,12,7,1,2013-14,Playoffs,202695,Kawhi Leonard
42013,202695,0041300147,2014-05-04,SAS vs. DAL,W,29,7,14,0.5,1,5,0.2,0,1,0.0,1,5,6,1,0,0,0,2,15,15,1,2013-14,Playoffs,202695,Kawhi Leonard
42013,202695,0041300221,2014-05-06,SAS vs. POR,W,33,6,13,0.462,1,4,0.25,3,5,0.6,1,8,9,1,4,0,0,1,16,18,1,2013-14,Playoffs,202695,Kawhi Leonard
42013,202695,0041300222,2014-05-08,SAS vs. POR,W,28,8,9,0.889,4,4,1.0,0,0,0.0,0,5,5,0,2,2,0,3,20,13,1,2013-14,Playoffs,202695,Kawhi Leonard
42013,202695,0041300223,2014-05-10,SAS @ POR,W,29,4,10,0.4,1,3,0.333,7,7,1.0,0,10,10,0,1,0,0,4,16,3,1,2013-14,Playoffs,202695,Kawhi Leonard
42013,202695,0041300224,2014-05-12,SAS @ POR,L,27,5,10,0.5,0,2,0.0,1,2,0.5,1,6,7,3,2,2,0,1,11,-15,1,2013-14,Playoffs,202695,Kawhi Leonard
42013,202695,0041300225,2014-05-14,SAS vs. POR,W,35,9,15,0.6,3,4,0.75,1,2,0.5,1,6,7,2,5,0,0,2,22,23,1,2013-14,Playoffs,202695,Kawhi Leonard
42013,202695,0041300311,2014-05-19,SAS vs. OKC,W,39,7,16,0.438,1,4,0.25,1,2,0.5,1,5,6,2,3,1,1,2,16,12,1,2013-14,Playoffs,202695,Kawhi Leonard
42013,202695,0041300312,2014-05-21,SAS vs. OKC,W,16,2,4,0.5,0,0,0.0,0,0,0.0,0,1,1,4,1,1,1,3,4,23,1,2013-14,Playoffs,202695,Kawhi Leonard
42013,202695,0041300313,2014-05-25,SAS @ OKC,L,31,4,11,0.364,0,3,0.0,2,2,1.0,1,2,3,2,2,0,1,2,10,-13,1,2013-14,Playoffs,202695,Kawhi Leonard
42013,202695,0041300314,2014-05-27,SAS @ OKC,L,25,3,9,0.333,2,5,0.4,2,2,1.0,1,4,5,1,0,0,1,1,10,-20,1,2013-14,Playoffs,202695,Kawhi Leonard
42013,202695,0041300315,2014-05-29,SAS vs. OKC,W,33,4,7,0.571,1,2,0.5,5,5,1.0,1,6,7,2,2,0,1,3,14,22,1,2013-14,Playoffs,202695,Kawhi Leonard
42013,202695,0041300316,2014-05-31,SAS @ OKC,W,44,8,21,0.381,1,5,0.2,0,0,0.0,5,6,11,4,1,1,2,4,17,-6,1,2013-14,Playoffs,202695,Kawhi Leonard
42013,202695,0041300401,2014-06-05,SAS vs. MIA,W,24,3,5,0.6,2,3,0.667,1,2,0.5,0,2,2,0,1,0,4,3,9,11,1,2013-14,Playoffs,202695,Kawhi Leonard
42013,202695,0041300402,2014-06-08,SAS vs. MIA,L,32,3,9,0.333,2,3,0.667,1,2,0.5,0,2,2,3,1,0,0,6,9,-6,1,2013-14,Playoffs,202695,Kawhi Leonard
42013,202695,0041300403,2014-06-10,SAS @ MIA,W,39,10,13,0.769,3,6,0.5,6,7,0.857,1,3,4,2,2,2,1,4,29,19,1,2013-14,Playoffs,202695,Kawhi Leonard
42013,202695,0041300404,2014-06-12,SAS @ MIA,W,39,7,12,0.583,1,3,0.333,5,6,0.833,5,9,14,3,3,3,1,3,20,23,1,2013-14,Playoffs,202695,Kawhi Leonard
42013,202695,0041300405,2014-06-15,SAS vs. MIA,W,34,7,10,0.7,3,4,0.75,5,6,0.833,2,8,10,2,1,1,3,6,22,15,1,2013-14,Playoffs,202695,Kawhi Leonard
22013,202710,0021300002,2013-10-29,CHI @ MIA,L,30,6,12,0.5,2,4,0.5,6,7,0.857,0,3,3,3,5,1,2,4,20,10,1,2013-14,Regular Season,202710,Jimmy Butler III
22013,202710,0021300018,2013-10-31,CHI vs. NYK,W,41,3,11,0.273,0,4,0.0,5,6,0.833,3,7,10,1,3,1,1,0,11,-4,1,2013-14,Regular Season,202710,Jimmy Butler III
22013,202710,0021300034,2013-11-02,CHI @ PHI,L,39,4,6,0.667,0,1,0.0,1,2,0.5,1,5,6,4,1,2,2,0,9,-2,1,2013-14,Regular Season,202710,Jimmy Butler III
22013,202710,0021300061,2013-11-06,CHI @ IND,L,26,2,6,0.333,1,3,0.333,2,2,1.0,3,1,4,1,1,1,3,1,7,-17,1,2013-14,Regular Season,202710,Jimmy Butler III
22013,202710,0021300079,2013-11-08,CHI vs. UTA,W,27,2,5,0.4,1,4,0.25,0,0,0.0,0,4,4,3,2,0,1,1,5,17,1,2013-14,Regular Season,202710,Jimmy Butler III
22013,202710,0021300102,2013-11-11,CHI vs. CLE,W,24,4,13,0.308,1,4,0.25,2,2,1.0,1,1,2,0,1,0,1,0,11,3,1,2013-14,Regular Season,202710,Jimmy Butler III
22013,202710,0021300126,2013-11-15,CHI @ TOR,W,34,3,7,0.429,2,3,0.667,6,6,1.0,2,5,7,2,1,1,1,2,14,13,1,2013-14,Regular Season,202710,Jimmy Butler III
22013,202710,0021300140,2013-11-16,CHI vs. IND,W,25,2,3,0.667,1,1,1.0,5,6,0.833,0,2,2,1,1,1,1,1,10,19,1,2013-14,Regular Season,202710,Jimmy Butler III
22013,202710,0021300151,2013-11-18,CHI vs. CHA,W,22,4,6,0.667,2,2,1.0,4,5,0.8,1,4,5,0,2,0,0,0,14,8,1,2013-14,Regular Season,202710,Jimmy Butler III
22013,202710,0021300337,2013-12-13,CHI @ MIL,W,37,4,12,0.333,1,4,0.25,7,8,0.875,1,1,2,1,3,0,3,2,16,9,1,2013-14,Regular Season,202710,Jimmy Butler III
22013,202710,0021300346,2013-12-14,CHI vs. TOR,L,30,4,6,0.667,2,3,0.667,1,3,0.333,1,3,4,0,1,1,1,0,11,-1,1,2013-14,Regular Season,202710,Jimmy Butler III
22013,202710,0021300362,2013-12-16,CHI vs. ORL,L,27,1,11,0.091,0,4,0.0,2,2,1.0,2,1,3,2,1,1,0,1,4,-16,1,2013-14,Regular Season,202710,Jimmy Butler III
22013,202710,0021300379,2013-12-18,CHI @ HOU,L,35,8,15,0.533,1,1,1.0,3,5,0.6,1,0,1,0,2,0,1,1,20,-11,1,2013-14,Regular Season,202710,Jimmy Butler III
22013,202710,0021300381,2013-12-19,CHI @ OKC,L,17,0,2,0.0,0,2,0.0,3,7,0.429,0,0,0,0,1,1,1,1,3,-13,1,2013-14,Regular Season,202710,Jimmy Butler III
22013,202710,0021300418,2013-12-25,CHI @ BKN,W,33,4,10,0.4,2,4,0.5,5,6,0.833,1,4,5,4,1,0,0,2,15,6,1,2013-14,Regular Season,202710,Jimmy Butler III
22013,202710,0021300441,2013-12-28,CHI vs. DAL,L,46,2,10,0.2,1,7,0.143,6,6,1.0,1,5,6,5,1,0,7,1,11,-16,1,2013-14,Regular Season,202710,Jimmy Butler III
22013,202710,0021300454,2013-12-30,CHI @ MEM,W,41,6,10,0.6,2,3,0.667,12,14,0.857,0,4,4,2,0,0,2,3,26,-1,1,2013-14,Regular Season,202710,Jimmy Butler III
22013,202710,0021300463,2013-12-31,CHI vs. TOR,L,38,5,13,0.385,1,2,0.5,4,6,0.667,0,7,7,1,2,1,2,3,15,-4,1,2013-14,Regular Season,202710,Jimmy Butler III
22013,202710,0021300475,2014-01-02,CHI vs. BOS,W,33,2,7,0.286,0,2,0.0,6,8,0.75,2,4,6,2,2,1,1,5,10,9,1,2013-14,Regular Season,202710,Jimmy Butler III
22013,202710,0021300492,2014-01-04,CHI vs. ATL,W,38,4,11,0.364,1,5,0.2,2,4,0.5,1,1,2,3,5,1,0,0,11,4,1,2013-14,Regular Season,202710,Jimmy Butler III
22013,202710,0021300513,2014-01-07,CHI vs. PHX,W,41,4,18,0.222,0,4,0.0,5,6,0.833,1,4,5,3,4,0,2,0,13,5,1,2013-14,Regular Season,202710,Jimmy Butler III
22013,202710,0021300538,2014-01-10,CHI @ MIL,W,40,3,8,0.375,1,2,0.5,3,4,0.75,0,3,3,0,0,1,3,3,10,10,1,2013-14,Regular Season,202710,Jimmy Butler III
22013,202710,0021300558,2014-01-13,CHI vs. WAS,L,37,5,10,0.5,2,4,0.5,0,2,0.0,2,2,4,1,1,0,0,0,12,-13,1,2013-14,Regular Season,202710,Jimmy Butler III
22013,202710,0021300566,2014-01-15,CHI @ ORL,W,60,6,17,0.353,2,9,0.222,7,8,0.875,2,5,7,6,2,2,4,3,21,8,1,2013-14,Regular Season,202710,Jimmy Butler III
22013,202710,0021300585,2014-01-17,CHI @ WAS,L,39,2,9,0.222,1,5,0.2,4,4,1.0,0,3,3,4,4,0,2,0,9,5,1,2013-14,Regular Season,202710,Jimmy Butler III
22013,202710,0021300596,2014-01-18,CHI vs. PHI,W,32,4,11,0.364,0,4,0.0,2,2,1.0,1,3,4,4,1,0,1,2,10,10,1,2013-14,Regular Season,202710,Jimmy Butler III
22013,202710,0021300613,2014-01-20,CHI vs. LAL,W,50,6,19,0.316,0,4,0.0,1,2,0.5,5,6,11,5,4,1,3,2,13,2,1,2013-14,Regular Season,202710,Jimmy Butler III
22013,202710,0021300622,2014-01-22,CHI @ CLE,W,42,4,12,0.333,1,7,0.143,1,2,0.5,1,4,5,1,2,1,1,2,10,5,1,2013-14,Regular Season,202710,Jimmy Butler III
22013,202710,0021300641,2014-01-24,CHI vs. LAC,L,41,3,15,0.2,1,5,0.2,2,2,1.0,2,4,6,3,2,0,0,1,9,-7,1,2013-14,Regular Season,202710,Jimmy Butler III
22013,202710,0021300646,2014-01-25,CHI @ CHA,W,42,2,7,0.286,0,2,0.0,0,0,0.0,1,2,3,3,4,0,1,0,4,2,1,2013-14,Regular Season,202710,Jimmy Butler III
22013,202710,0021300664,2014-01-27,CHI vs. MIN,L,41,5,12,0.417,2,4,0.5,4,4,1.0,3,5,8,3,2,0,2,2,16,0,1,2013-14,Regular Season,202710,Jimmy Butler III
22013,202710,0021300683,2014-01-29,CHI @ SAS,W,42,7,11,0.636,1,2,0.5,4,5,0.8,3,1,4,1,3,2,0,2,19,11,1,2013-14,Regular Season,202710,Jimmy Butler III
22013,202710,0021300703,2014-02-01,CHI @ NOP,L,43,2,9,0.222,1,5,0.2,5,8,0.625,2,2,4,2,0,0,2,2,10,-16,1,2013-14,Regular Season,202710,Jimmy Butler III
22013,202710,0021300720,2014-02-03,CHI @ SAC,L,37,4,11,0.364,1,3,0.333,8,10,0.8,2,3,5,1,3,0,0,4,17,-13,1,2013-14,Regular Season,202710,Jimmy Butler III
22013,202710,0021300723,2014-02-04,CHI @ PHX,W,44,5,14,0.357,1,4,0.25,7,8,0.875,1,3,4,4,3,0,2,3,18,9,1,2013-14,Regular Season,202710,Jimmy Butler III
22013,202710,0021300738,2014-02-06,CHI @ GSW,L,47,4,9,0.444,1,3,0.333,5,5,1.0,3,6,9,2,1,0,2,0,14,-13,1,2013-14,Regular Season,202710,Jimmy Butler III
22013,202710,0021300757,2014-02-09,CHI @ LAL,W,40,4,13,0.308,1,5,0.2,0,0,0.0,0,9,9,2,2,0,4,0,9,4,0,2013-14,Regular Season,202710,Jimmy Butler III
22013,202710,0021300772,2014-02-11,CHI vs. ATL,W,37,5,9,0.556,0,0,0.0,2,4,0.5,5,8,13,1,1,0,2,0,12,7,1,2013-14,Regular Season,202710,Jimmy Butler III
22013,202710,0021300790,2014-02-13,CHI vs. BKN,W,46,6,8,0.75,0,0,0.0,2,2,1.0,0,5,5,4,3,2,1,2,14,21,1,2013-14,Regular Season,202710,Jimmy Butler III
22013,202710,0021300803,2014-02-19,CHI @ TOR,W,46,6,11,0.545,0,1,0.0,4,6,0.667,1,5,6,6,1,3,0,1,16,7,1,2013-14,Regular Season,202710,Jimmy Butler III
22013,202710,0021300820,2014-02-21,CHI vs. DEN,W,11,3,4,0.75,1,2,0.5,1,1,1.0,1,1,2,2,0,0,0,0,8,17,1,2013-14,Regular Season,202710,Jimmy Butler III
22013,202710,0021300855,2014-02-26,CHI vs. GSW,W,37,5,10,0.5,1,1,1.0,5,6,0.833,1,1,2,2,2,3,1,3,16,17,1,2013-14,Regular Season,202710,Jimmy Butler III
22013,202710,0021300870,2014-02-28,CHI @ DAL,W,44,6,13,0.462,1,4,0.25,6,11,0.545,1,6,7,3,1,1,0,0,19,-1,1,2013-14,Regular Season,202710,Jimmy Butler III
22013,202710,0021300883,2014-03-02,CHI vs. NYK,W,42,5,13,0.385,0,4,0.0,9,14,0.643,2,4,6,4,3,0,1,3,19,16,1,2013-14,Regular Season,202710,Jimmy Butler III
22013,202710,0021300891,2014-03-03,CHI @ BKN,L,43,4,11,0.364,0,3,0.0,5,9,0.556,1,1,2,2,4,0,5,2,13,-17,1,2013-14,Regular Season,202710,Jimmy Butler III
22013,202710,0021300909,2014-03-05,CHI @ DET,W,46,7,15,0.467,0,3,0.0,4,6,0.667,3,9,12,4,3,0,3,2,18,9,1,2013-14,Regular Season,202710,Jimmy Butler III
22013,202710,0021300917,2014-03-07,CHI vs. MEM,L,43,1,3,0.333,0,0,0.0,6,6,1.0,1,2,3,2,2,0,1,0,8,-14,1,2013-14,Regular Season,202710,Jimmy Butler III
22013,202710,0021300934,2014-03-09,CHI vs. MIA,W,48,4,15,0.267,2,6,0.333,6,6,1.0,2,9,11,0,4,2,2,1,16,3,1,2013-14,Regular Season,202710,Jimmy Butler III
22013,202710,0021300952,2014-03-11,CHI vs. SAS,L,36,7,14,0.5,3,5,0.6,6,6,1.0,4,2,6,2,0,0,1,1,23,-26,1,2013-14,Regular Season,202710,Jimmy Butler III
22013,202710,0021300968,2014-03-13,CHI vs. HOU,W,28,4,8,0.5,1,1,1.0,2,2,1.0,0,2,2,5,2,0,1,3,11,25,1,2013-14,Regular Season,202710,Jimmy Butler III
22013,202710,0021300986,2014-03-15,CHI vs. SAC,W,38,1,11,0.091,0,4,0.0,3,4,0.75,0,5,5,2,1,0,1,4,5,6,1,2013-14,Regular Season,202710,Jimmy Butler III
22013,202710,0021300999,2014-03-17,CHI vs. OKC,L,46,4,12,0.333,1,6,0.167,4,6,0.667,0,2,2,2,2,0,1,1,13,-14,1,2013-14,Regular Season,202710,Jimmy Butler III
22013,202710,0021301008,2014-03-19,CHI @ PHI,W,46,5,8,0.625,1,2,0.5,5,5,1.0,1,5,6,4,2,2,5,4,16,9,1,2013-14,Regular Season,202710,Jimmy Butler III
22013,202710,0021301022,2014-03-21,CHI @ IND,L,45,5,11,0.455,4,6,0.667,3,4,0.75,1,1,2,1,5,0,1,3,17,-4,1,2013-14,Regular Season,202710,Jimmy Butler III
22013,202710,0021301034,2014-03-22,CHI vs. PHI,W,46,4,8,0.5,1,3,0.333,8,10,0.8,3,5,8,6,1,0,2,3,17,15,1,2013-14,Regular Season,202710,Jimmy Butler III
22013,202710,0021301050,2014-03-24,CHI vs. IND,W,33,3,10,0.3,1,4,0.25,5,6,0.833,0,5,5,3,0,0,1,3,12,10,1,2013-14,Regular Season,202710,Jimmy Butler III
22013,202710,0021301080,2014-03-28,CHI vs. POR,L,45,3,9,0.333,1,4,0.25,3,3,1.0,1,5,6,2,0,0,3,2,10,-7,1,2013-14,Regular Season,202710,Jimmy Butler III
22013,202710,0021301097,2014-03-30,CHI @ BOS,W,44,5,12,0.417,3,7,0.429,2,4,0.5,0,5,5,0,3,0,3,1,15,4,1,2013-14,Regular Season,202710,Jimmy Butler III
22013,202710,0021301106,2014-03-31,CHI vs. BOS,W,42,8,13,0.615,0,3,0.0,2,2,1.0,1,4,5,4,1,0,0,1,18,9,1,2013-14,Regular Season,202710,Jimmy Butler III
22013,202710,0021301120,2014-04-02,CHI @ ATL,W,41,6,16,0.375,3,8,0.375,2,2,1.0,1,1,2,2,3,0,0,2,17,11,1,2013-14,Regular Season,202710,Jimmy Butler III
22013,202710,0021301137,2014-04-04,CHI vs. MIL,W,41,5,11,0.455,1,6,0.167,6,9,0.667,2,4,6,5,1,1,1,2,17,19,1,2013-14,Regular Season,202710,Jimmy Butler III
22013,202710,0021301144,2014-04-05,CHI @ WAS,W,42,1,9,0.111,0,4,0.0,1,2,0.5,2,4,6,9,0,0,2,1,3,23,1,2013-14,Regular Season,202710,Jimmy Butler III
22013,202710,0021301169,2014-04-09,CHI @ MIN,W,46,5,11,0.455,3,6,0.5,1,2,0.5,1,4,5,7,0,0,0,1,14,11,1,2013-14,Regular Season,202710,Jimmy Butler III
22013,202710,0021301181,2014-04-11,CHI vs. DET,W,45,5,13,0.385,1,7,0.143,2,2,1.0,1,3,4,3,0,2,2,3,13,5,1,2013-14,Regular Season,202710,Jimmy Butler III
22013,202710,0021301197,2014-04-13,CHI @ NYK,L,45,6,11,0.545,2,4,0.5,3,6,0.5,0,3,3,3,1,0,2,3,17,-10,1,2013-14,Regular Season,202710,Jimmy Butler III
22013,202710,0021301208,2014-04-14,CHI vs. ORL,W,32,3,5,0.6,0,0,0.0,6,7,0.857,0,2,2,1,2,0,1,0,12,9,1,2013-14,Regular Season,202710,Jimmy Butler III
22013,202710,0021301223,2014-04-16,CHI @ CHA,L,48,3,8,0.375,0,1,0.0,6,8,0.75,1,3,4,4,5,0,0,0,12,7,1,2013-14,Regular Season,202710,Jimmy Butler III
42013,202710,0041300131,2014-04-20,CHI vs. WAS,L,44,6,12,0.5,0,1,0.0,3,7,0.429,1,6,7,2,3,0,0,4,15,-15,1,2013-14,Playoffs,202710,Jimmy Butler III
42013,202710,0041300132,2014-04-22,CHI vs. WAS,L,53,2,9,0.222,0,3,0.0,2,2,1.0,1,6,7,2,1,0,0,4,6,-2,1,2013-14,Playoffs,202710,Jimmy Butler III
42013,202710,0041300133,2014-04-25,CHI @ WAS,W,41,3,7,0.429,2,5,0.4,7,8,0.875,0,5,5,2,1,0,2,2,15,5,1,2013-14,Playoffs,202710,Jimmy Butler III
42013,202710,0041300134,2014-04-27,CHI @ WAS,L,38,5,14,0.357,2,7,0.286,4,4,1.0,1,2,3,3,0,0,1,1,16,-11,1,2013-14,Playoffs,202710,Jimmy Butler III
42013,202710,0041300135,2014-04-29,CHI vs. WAS,L,43,6,15,0.4,2,4,0.5,2,2,1.0,3,1,4,2,1,0,0,2,16,0,1,2013-14,Playoffs,202710,Jimmy Butler III
