SEASON_ID,Player_ID,Game_ID,GAME_DATE,MATCHUP,WL,MIN,FGM,FGA,FG_PCT,FG3M,FG3A,FG3_PCT,FTM,FTA,FT_PCT,OREB,DREB,REB,AST,STL,BLK,TOV,PF,PTS,PLUS_MINUS,VIDEO_AVAILABLE,SEASON,SEASON_TYPE,PLAYER_ID,PLAYER_NAME
22016,2544,0021600001,2016-10-25,CLE vs. NYK,W,32,9,14,0.643,0,3,0.0,1,2,0.5,3,8,11,14,0,1,4,3,19,26,1,2016-17,Regular Season,2544,LeBron James
22016,2544,0021600018,2016-10-28,CLE @ TOR,W,39,7,16,0.438,2,6,0.333,5,7,0.714,2,6,8,7,0,0,5,2,21,0,1,2016-17,Regular Season,2544,LeBron James
22016,2544,0021600029,2016-10-29,CLE vs. ORL,W,39,7,16,0.438,2,6,0.333,7,11,0.636,1,5,6,9,1,1,2,2,23,1,1,2016-17,Regular Season,2544,LeBron James
22016,2544,0021600047,2016-11-01,CLE vs. HOU,W,36,6,12,0.5,1,3,0.333,6,10,0.6,3,10,13,8,0,0,4,4,19,15,1,2016-17,Regular Season,2544,LeBron James
22016,2544,0021600068,2016-11-03,CLE vs. BOS,W,36,12,22,0.545,1,4,0.25,5,5,1.0,1,6,7,12,1,0,2,2,30,18,1,2016-17,Regular Season,2544,LeBron James
22016,2544,0021600080,2016-11-05,CLE @ PHI,W,36,9,23,0.391,1,5,0.2,6,7,0.857,1,7,8,14,2,1,5,1,25,11,1,2016-17,Regular Season,2544,LeBron James
22016,2544,0021600100,2016-11-08,CLE vs. ATL,L,37,8,17,0.471,2,5,0.4,5,5,1.0,2,7,9,5,3,0,1,3,23,7,1,2016-17,Regular Season,2544,LeBron James
22016,2544,0021600122,2016-11-11,CLE @ WAS,W,38,9,18,0.5,3,4,0.75,6,9,0.667,0,10,10,5,2,2,6,1,27,7,1,2016-17,Regular Season,2544,LeBron James
22016,2544,0021600140,2016-11-13,CLE vs. CHA,W,39,8,21,0.381,2,5,0.4,1,2,0.5,0,8,8,8,1,1,3,0,19,12,1,2016-17,Regular Season,2544,LeBron James
22016,2544,0021600153,2016-11-15,CLE vs. TOR,W,38,10,15,0.667,2,5,0.4,6,10,0.6,0,9,9,15,1,0,5,2,28,1,1,2016-17,Regular Season,2544,LeBron James
22016,2544,0021600175,2016-11-18,CLE vs. DET,W,28,9,14,0.643,1,3,0.333,2,3,0.667,0,3,3,3,0,1,2,1,21,21,1,2016-17,Regular Season,2544,LeBron James
22016,2544,0021600215,2016-11-23,CLE vs. POR,W,38,11,21,0.524,2,3,0.667,7,8,0.875,1,9,10,13,3,0,3,0,31,17,1,2016-17,Regular Season,2544,LeBron James
22016,2544,0021600227,2016-11-25,CLE vs. DAL,W,29,6,13,0.462,2,5,0.4,5,5,1.0,0,5,5,11,1,0,4,1,19,33,1,2016-17,Regular Season,2544,LeBron James
22016,2544,0021600245,2016-11-27,CLE @ PHI,W,42,9,19,0.474,1,4,0.25,7,9,0.778,2,8,10,13,1,0,5,0,26,2,1,2016-17,Regular Season,2544,LeBron James
22016,2544,0021600262,2016-11-29,CLE @ MIL,L,33,8,16,0.5,3,8,0.375,3,7,0.429,0,4,4,4,0,0,7,3,22,-12,1,2016-17,Regular Season,2544,LeBron James
22016,2544,0021600279,2016-12-01,CLE vs. LAC,L,34,5,14,0.357,0,2,0.0,6,11,0.545,1,4,5,5,2,0,5,2,16,-20,1,2016-17,Regular Season,2544,LeBron James
22016,2544,0021600286,2016-12-02,CLE @ CHI,L,45,13,22,0.591,1,3,0.333,0,0,0.0,0,5,5,13,0,0,8,2,27,-2,1,2016-17,Regular Season,2544,LeBron James
22016,2544,0021600305,2016-12-05,CLE @ TOR,W,42,12,26,0.462,2,7,0.286,8,9,0.889,3,5,8,7,2,0,1,2,34,9,1,2016-17,Regular Season,2544,LeBron James
22016,2544,0021600327,2016-12-07,CLE @ NYK,W,32,7,10,0.7,1,2,0.5,10,14,0.714,2,4,6,7,1,2,4,2,25,32,1,2016-17,Regular Season,2544,LeBron James
22016,2544,0021600338,2016-12-09,CLE vs. MIA,W,37,12,22,0.545,1,3,0.333,2,4,0.5,2,6,8,8,3,0,3,2,27,22,1,2016-17,Regular Season,2544,LeBron James
22016,2544,0021600349,2016-12-10,CLE vs. CHA,W,42,17,24,0.708,5,10,0.5,5,9,0.556,1,8,9,10,3,1,5,3,44,-1,1,2016-17,Regular Season,2544,LeBron James
22016,2544,0021600368,2016-12-13,CLE vs. MEM,W,36,9,17,0.529,0,4,0.0,5,8,0.625,1,5,6,8,3,0,6,1,23,8,1,2016-17,Regular Season,2544,LeBron James
22016,2544,0021600402,2016-12-17,CLE vs. LAL,W,39,9,18,0.5,2,5,0.4,6,11,0.545,1,6,7,9,2,2,2,1,26,17,1,2016-17,Regular Season,2544,LeBron James
22016,2544,0021600423,2016-12-20,CLE @ MIL,W,47,12,25,0.48,5,9,0.556,5,6,0.833,3,9,12,7,1,1,2,2,34,8,1,2016-17,Regular Season,2544,LeBron James
22016,2544,0021600429,2016-12-21,CLE vs. MIL,W,34,12,24,0.5,4,7,0.571,1,1,1.0,1,8,9,6,0,0,2,0,29,26,1,2016-17,Regular Season,2544,LeBron James
22016,2544,0021600444,2016-12-23,CLE vs. BKN,W,27,7,16,0.438,0,3,0.0,5,6,0.833,1,3,4,6,3,0,1,0,19,32,1,2016-17,Regular Season,2544,LeBron James
22016,2544,0021600457,2016-12-25,CLE vs. GSW,W,40,12,22,0.545,4,8,0.5,3,7,0.429,5,8,13,4,2,1,5,2,31,4,1,2016-17,Regular Season,2544,LeBron James
22016,2544,0021600488,2016-12-29,CLE vs. BOS,W,44,9,18,0.5,2,6,0.333,3,7,0.429,2,6,8,11,1,3,8,2,23,1,1,2016-17,Regular Season,2544,LeBron James
22016,2544,0021600505,2016-12-31,CLE @ CHA,W,36,12,25,0.48,4,8,0.5,4,6,0.667,2,4,6,9,1,0,1,1,32,17,1,2016-17,Regular Season,2544,LeBron James
22016,2544,0021600514,2017-01-02,CLE vs. NOP,W,39,9,21,0.429,0,4,0.0,8,10,0.8,2,5,7,6,2,1,4,1,26,-4,1,2016-17,Regular Season,2544,LeBron James
22016,2544,0021600532,2017-01-04,CLE vs. CHI,L,37,12,21,0.571,1,2,0.5,6,9,0.667,2,6,8,7,1,0,5,2,31,-13,1,2016-17,Regular Season,2544,LeBron James
22016,2544,0021600547,2017-01-06,CLE @ BKN,W,35,14,20,0.7,0,1,0.0,8,10,0.8,0,9,9,6,3,0,5,2,36,20,1,2016-17,Regular Season,2544,LeBron James
22016,2544,0021600565,2017-01-08,CLE @ PHX,W,40,11,17,0.647,2,4,0.5,4,6,0.667,3,5,8,4,1,0,7,3,28,-2,1,2016-17,Regular Season,2544,LeBron James
22016,2544,0021600576,2017-01-10,CLE @ UTA,L,37,10,20,0.5,3,6,0.5,6,7,0.857,1,5,6,5,4,0,4,0,29,-8,1,2016-17,Regular Season,2544,LeBron James
22016,2544,0021600585,2017-01-11,CLE @ POR,L,31,5,12,0.417,2,5,0.4,8,9,0.889,1,10,11,4,1,1,5,1,20,-7,1,2016-17,Regular Season,2544,LeBron James
22016,2544,0021600599,2017-01-13,CLE @ SAC,W,42,6,12,0.5,1,4,0.25,3,3,1.0,0,2,2,15,1,1,5,2,16,16,1,2016-17,Regular Season,2544,LeBron James
22016,2544,0021600619,2017-01-16,CLE @ GSW,L,35,6,18,0.333,1,4,0.25,7,10,0.7,2,6,8,2,1,0,6,1,20,-32,1,2016-17,Regular Season,2544,LeBron James
22016,2544,0021600636,2017-01-19,CLE vs. PHX,W,39,8,12,0.667,0,2,0.0,5,8,0.625,0,9,9,15,1,2,4,2,21,14,1,2016-17,Regular Season,2544,LeBron James
22016,2544,0021600657,2017-01-21,CLE vs. SAS,L,45,11,16,0.688,2,5,0.4,5,7,0.714,0,6,6,7,2,0,7,5,29,-16,1,2016-17,Regular Season,2544,LeBron James
22016,2544,0021600671,2017-01-23,CLE @ NOP,L,44,11,21,0.524,1,4,0.25,3,4,0.75,2,8,10,12,2,0,6,2,26,-11,1,2016-17,Regular Season,2544,LeBron James
22016,2544,0021600680,2017-01-25,CLE vs. SAC,L,45,8,15,0.533,0,3,0.0,8,11,0.727,4,9,13,11,2,1,5,3,24,-1,1,2016-17,Regular Season,2544,LeBron James
22016,2544,0021600695,2017-01-27,CLE vs. BKN,W,34,13,18,0.722,1,3,0.333,4,7,0.571,0,5,5,11,0,0,5,1,31,22,1,2016-17,Regular Season,2544,LeBron James
22016,2544,0021600712,2017-01-29,CLE vs. OKC,W,37,9,18,0.5,0,2,0.0,7,10,0.7,1,13,14,8,1,0,2,1,25,10,1,2016-17,Regular Season,2544,LeBron James
22016,2544,0021600722,2017-01-30,CLE @ DAL,L,37,9,19,0.474,1,6,0.167,4,8,0.5,0,9,9,9,2,0,5,0,23,-8,1,2016-17,Regular Season,2544,LeBron James
22016,2544,0021600731,2017-02-01,CLE vs. MIN,W,34,11,14,0.786,1,2,0.5,4,7,0.571,0,8,8,12,2,1,2,1,27,16,1,2016-17,Regular Season,2544,LeBron James
22016,2544,0021600759,2017-02-04,CLE @ NYK,W,40,12,20,0.6,4,8,0.5,4,5,0.8,0,5,5,10,0,0,5,1,32,11,1,2016-17,Regular Season,2544,LeBron James
22016,2544,0021600769,2017-02-06,CLE @ WAS,W,42,12,18,0.667,6,8,0.75,2,5,0.4,0,7,7,17,2,2,6,6,32,0,1,2016-17,Regular Season,2544,LeBron James
22016,2544,0021600783,2017-02-08,CLE @ IND,W,38,9,16,0.563,1,2,0.5,6,8,0.75,1,5,6,9,1,1,4,2,25,8,1,2016-17,Regular Season,2544,LeBron James
22016,2544,0021600796,2017-02-09,CLE @ OKC,L,41,8,19,0.421,1,4,0.25,1,3,0.333,1,4,5,7,2,2,3,1,18,-4,1,2016-17,Regular Season,2544,LeBron James
22016,2544,0021600811,2017-02-11,CLE vs. DEN,W,33,11,16,0.688,1,1,1.0,4,4,1.0,0,5,5,12,2,0,6,1,27,26,1,2016-17,Regular Season,2544,LeBron James
22016,2544,0021600832,2017-02-14,CLE @ MIN,W,40,10,14,0.714,2,3,0.667,3,6,0.5,1,7,8,14,0,0,6,3,25,11,1,2016-17,Regular Season,2544,LeBron James
22016,2544,0021600835,2017-02-15,CLE vs. IND,W,33,12,17,0.706,4,5,0.8,3,4,0.75,0,5,5,4,1,0,4,2,31,9,1,2016-17,Regular Season,2544,LeBron James
22016,2544,0021600853,2017-02-23,CLE vs. NYK,W,37,7,11,0.636,0,2,0.0,4,6,0.667,0,13,13,15,0,3,6,1,18,10,1,2016-17,Regular Season,2544,LeBron James
22016,2544,0021600884,2017-02-27,CLE vs. MIL,W,37,8,12,0.667,1,2,0.5,7,9,0.778,0,10,10,6,0,0,3,1,24,8,1,2016-17,Regular Season,2544,LeBron James
22016,2544,0021600901,2017-03-01,CLE @ BOS,L,40,10,21,0.476,3,6,0.5,5,8,0.625,5,8,13,10,1,1,4,3,28,-3,1,2016-17,Regular Season,2544,LeBron James
22016,2544,0021600913,2017-03-03,CLE @ ATL,W,39,14,27,0.519,6,10,0.6,4,8,0.5,1,12,13,8,0,0,2,4,38,5,1,2016-17,Regular Season,2544,LeBron James
22016,2544,0021600936,2017-03-06,CLE vs. MIA,L,39,11,22,0.5,2,5,0.4,6,10,0.6,3,14,17,6,1,1,3,2,30,14,1,2016-17,Regular Season,2544,LeBron James
22016,2544,0021600960,2017-03-09,CLE @ DET,L,39,12,22,0.545,0,6,0.0,5,8,0.625,4,10,14,10,1,0,3,1,29,18,1,2016-17,Regular Season,2544,LeBron James
22016,2544,0021600977,2017-03-11,CLE @ ORL,W,38,8,14,0.571,2,5,0.4,6,10,0.6,0,12,12,12,0,1,4,3,24,12,1,2016-17,Regular Season,2544,LeBron James
22016,2544,0021600989,2017-03-12,CLE @ HOU,L,40,12,20,0.6,4,11,0.364,2,3,0.667,0,7,7,5,2,0,8,2,30,-9,1,2016-17,Regular Season,2544,LeBron James
22016,2544,0021600999,2017-03-14,CLE vs. DET,W,28,6,12,0.5,0,2,0.0,4,5,0.8,0,11,11,12,0,0,2,0,16,22,1,2016-17,Regular Season,2544,LeBron James
22016,2544,0021601014,2017-03-16,CLE vs. UTA,W,38,13,20,0.65,2,5,0.4,5,10,0.5,0,10,10,6,2,1,6,0,33,14,1,2016-17,Regular Season,2544,LeBron James
22016,2544,0021601043,2017-03-19,CLE @ LAL,W,38,13,22,0.591,3,8,0.375,5,8,0.625,0,6,6,7,1,0,3,2,34,12,1,2016-17,Regular Season,2544,LeBron James
22016,2544,0021601064,2017-03-22,CLE @ DEN,L,34,8,12,0.667,0,2,0.0,2,4,0.5,2,4,6,5,0,0,4,1,18,-30,1,2016-17,Regular Season,2544,LeBron James
22016,2544,0021601073,2017-03-24,CLE @ CHA,W,40,9,14,0.643,0,1,0.0,14,16,0.875,0,9,9,11,1,2,4,2,32,1,1,2016-17,Regular Season,2544,LeBron James
22016,2544,0021601083,2017-03-25,CLE vs. WAS,L,41,10,21,0.476,0,4,0.0,4,6,0.667,3,8,11,8,0,1,3,2,24,-11,1,2016-17,Regular Season,2544,LeBron James
22016,2544,0021601099,2017-03-27,CLE @ SAS,L,30,7,17,0.412,0,3,0.0,3,6,0.5,3,5,8,8,0,0,2,3,17,-13,1,2016-17,Regular Season,2544,LeBron James
22016,2544,0021601122,2017-03-30,CLE @ CHI,L,39,11,20,0.55,1,7,0.143,3,7,0.429,1,9,10,8,1,1,4,0,26,-3,1,2016-17,Regular Season,2544,LeBron James
22016,2544,0021601128,2017-03-31,CLE vs. PHI,W,30,14,22,0.636,3,7,0.429,3,6,0.5,2,7,9,6,0,0,2,2,34,31,1,2016-17,Regular Season,2544,LeBron James
22016,2544,0021601150,2017-04-02,CLE vs. IND,W,52,16,29,0.552,3,10,0.3,6,12,0.5,4,10,14,11,2,1,1,4,41,-1,1,2016-17,Regular Season,2544,LeBron James
22016,2544,0021601156,2017-04-04,CLE vs. ORL,W,37,7,14,0.5,0,3,0.0,4,6,0.667,1,10,11,11,2,1,6,2,18,17,1,2016-17,Regular Season,2544,LeBron James
22016,2544,0021601169,2017-04-05,CLE @ BOS,W,39,14,22,0.636,1,4,0.25,7,7,1.0,2,8,10,6,1,2,3,3,36,32,1,2016-17,Regular Season,2544,LeBron James
22016,2544,0021601179,2017-04-07,CLE vs. ATL,L,41,12,15,0.8,1,2,0.5,2,6,0.333,1,7,8,7,2,0,5,0,27,-15,1,2016-17,Regular Season,2544,LeBron James
22016,2544,0021601197,2017-04-09,CLE @ ATL,L,47,11,21,0.524,1,3,0.333,9,10,0.9,3,13,16,10,1,0,3,6,32,2,1,2016-17,Regular Season,2544,LeBron James
42016,2544,0041600111,2017-04-15,CLE vs. IND,W,43,12,20,0.6,2,3,0.667,6,9,0.667,1,5,6,13,3,0,3,3,32,5,1,2016-17,Playoffs,2544,LeBron James
42016,2544,0041600112,2017-04-17,CLE vs. IND,W,42,11,20,0.55,0,2,0.0,3,6,0.5,0,10,10,7,4,4,8,2,25,6,1,2016-17,Playoffs,2544,LeBron James
42016,2544,0041600113,2017-04-20,CLE @ IND,W,45,14,27,0.519,6,12,0.5,7,14,0.5,1,12,13,12,1,2,3,4,41,13,1,2016-17,Playoffs,2544,LeBron James
42016,2544,0041600114,2017-04-23,CLE @ IND,W,45,13,25,0.52,1,3,0.333,6,9,0.667,0,10,10,4,4,2,4,1,33,4,1,2016-17,Playoffs,2544,LeBron James
42016,2544,0041600211,2017-05-01,CLE vs. TOR,W,41,13,23,0.565,2,5,0.4,7,8,0.875,2,8,10,4,1,1,3,2,35,16,1,2016-17,Playoffs,2544,LeBron James
42016,2544,0041600212,2017-05-03,CLE vs. TOR,W,37,10,14,0.714,4,6,0.667,15,21,0.714,1,5,6,4,3,2,3,3,39,24,1,2016-17,Playoffs,2544,LeBron James
42016,2544,0041600213,2017-05-05,CLE @ TOR,W,41,9,16,0.563,2,4,0.5,15,16,0.938,0,8,8,7,1,0,5,1,35,20,1,2016-17,Playoffs,2544,LeBron James
42016,2544,0041600214,2017-05-07,CLE @ TOR,W,46,11,22,0.5,5,12,0.417,8,9,0.889,1,8,9,6,0,1,6,1,35,7,1,2016-17,Playoffs,2544,LeBron James
42016,2544,0041600301,2017-05-17,CLE @ BOS,W,42,14,24,0.583,1,6,0.167,9,11,0.818,2,7,9,7,2,0,2,2,38,17,1,2016-17,Playoffs,2544,LeBron James
42016,2544,0041600302,2017-05-19,CLE @ BOS,W,33,12,18,0.667,4,6,0.667,2,4,0.5,0,4,4,7,4,3,1,1,30,46,1,2016-17,Playoffs,2544,LeBron James
42016,2544,0041600303,2017-05-21,CLE vs. BOS,L,45,4,13,0.308,0,4,0.0,3,6,0.5,1,5,6,6,1,1,6,2,11,1,1,2016-17,Playoffs,2544,LeBron James
42016,2544,0041600304,2017-05-23,CLE vs. BOS,W,38,15,27,0.556,1,6,0.167,3,4,0.75,0,5,5,6,1,1,5,4,34,7,1,2016-17,Playoffs,2544,LeBron James
42016,2544,0041600305,2017-05-25,CLE @ BOS,W,35,13,18,0.722,4,7,0.571,5,8,0.625,1,7,8,8,3,1,2,4,35,36,1,2016-17,Playoffs,2544,LeBron James
42016,2544,0041600401,2017-06-01,CLE @ GSW,L,40,9,20,0.45,2,6,0.333,8,12,0.667,3,12,15,8,0,2,8,4,28,-22,1,2016-17,Playoffs,2544,LeBron James
42016,2544,0041600402,2017-06-04,CLE @ GSW,L,39,12,18,0.667,1,3,0.333,4,5,0.8,0,11,11,14,3,1,4,2,29,-11,1,2016-17,Playoffs,2544,LeBron James
42016,2544,0041600403,2017-06-07,CLE vs. GSW,L,46,15,27,0.556,4,9,0.444,5,6,0.833,3,8,11,9,1,1,5,2,39,7,1,2016-17,Playoffs,2544,LeBron James
42016,2544,0041600404,2017-06-09,CLE vs. GSW,W,41,11,22,0.5,3,8,0.375,6,10,0.6,1,9,10,11,1,0,2,2,31,30,1,2016-17,Playoffs,2544,LeBron James
42016,2544,0041600405,2017-06-12,CLE @ GSW,L,46,19,30,0.633,2,5,0.4,1,4,0.25,2,11,13,8,2,1,2,3,41,-13,1,2016-17,Playoffs,2544,LeBron James
22016,201939,0021600003,2016-10-25,GSW vs. SAS,L,34,9,18,0.5,3,10,0.3,5,6,0.833,0,3,3,4,0,0,4,1,26,-9,1,2016-17,Regular Season,201939,Stephen Curry
22016,201939,0021600025,2016-10-28,GSW @ NOP,W,34,8,19,0.421,4,10,0.4,3,4,0.75,1,0,1,8,1,0,4,3,23,4,1,2016-17,Regular Season,201939,Stephen Curry
22016,201939,0021600036,2016-10-30,GSW @ PHX,W,34,9,17,0.529,5,8,0.625,5,5,1.0,0,1,1,3,0,0,1,5,28,2,1,2016-17,Regular Season,201939,Stephen Curry
22016,201939,0021600054,2016-11-01,GSW @ POR,W,29,10,21,0.476,5,10,0.5,3,4,0.75,1,3,4,3,1,0,4,3,28,24,1,2016-17,Regular Season,201939,Stephen Curry
22016,201939,0021600069,2016-11-03,GSW vs. OKC,W,30,6,14,0.429,2,6,0.333,7,8,0.875,0,1,1,7,2,1,1,1,21,17,1,2016-17,Regular Season,201939,Stephen Curry
22016,201939,0021600078,2016-11-04,GSW @ LAL,L,31,5,17,0.294,0,10,0.0,3,3,1.0,0,8,8,10,2,1,2,3,13,-5,1,2016-17,Regular Season,201939,Stephen Curry
22016,201939,0021600099,2016-11-07,GSW vs. NOP,W,36,16,26,0.615,13,17,0.765,1,2,0.5,3,2,5,5,2,0,4,2,46,7,1,2016-17,Regular Season,201939,Stephen Curry
22016,201939,0021600116,2016-11-09,GSW vs. DAL,W,31,8,12,0.667,4,8,0.5,4,4,1.0,0,3,3,6,1,0,5,1,24,17,1,2016-17,Regular Season,201939,Stephen Curry
22016,201939,0021600119,2016-11-10,GSW @ DEN,W,30,10,17,0.588,7,13,0.538,6,6,1.0,1,4,5,6,1,0,4,1,33,27,1,2016-17,Regular Season,201939,Stephen Curry
22016,201939,0021600143,2016-11-13,GSW vs. PHX,W,37,9,17,0.529,5,9,0.556,7,7,1.0,0,6,6,6,2,0,3,2,30,22,1,2016-17,Regular Season,201939,Stephen Curry
22016,201939,0021600165,2016-11-16,GSW @ TOR,W,37,10,19,0.526,3,9,0.333,12,13,0.923,2,1,3,7,1,0,3,3,35,5,1,2016-17,Regular Season,201939,Stephen Curry
22016,201939,0021600179,2016-11-18,GSW @ BOS,W,36,7,20,0.35,2,10,0.2,0,0,0.0,0,3,3,8,4,1,2,4,16,19,1,2016-17,Regular Season,201939,Stephen Curry
22016,201939,0021600191,2016-11-19,GSW @ MIL,W,35,7,21,0.333,1,11,0.091,5,5,1.0,0,5,5,5,1,0,3,4,20,1,1,2016-17,Regular Season,201939,Stephen Curry
22016,201939,0021600202,2016-11-21,GSW @ IND,W,29,6,11,0.545,2,6,0.333,8,8,1.0,2,4,6,6,1,0,1,1,22,34,1,2016-17,Regular Season,201939,Stephen Curry
22016,201939,0021600223,2016-11-23,GSW vs. LAL,W,29,11,18,0.611,7,12,0.583,2,2,1.0,0,5,5,9,1,0,1,1,31,32,1,2016-17,Regular Season,201939,Stephen Curry
22016,201939,0021600238,2016-11-25,GSW @ LAL,W,36,8,17,0.471,4,10,0.4,4,4,1.0,2,3,5,5,3,0,3,1,24,14,1,2016-17,Regular Season,201939,Stephen Curry
22016,201939,0021600244,2016-11-26,GSW vs. MIN,W,37,13,19,0.684,4,8,0.5,4,4,1.0,1,7,8,6,1,0,6,4,34,16,1,2016-17,Regular Season,201939,Stephen Curry
22016,201939,0021600259,2016-11-28,GSW vs. ATL,W,38,6,17,0.353,4,11,0.364,9,11,0.818,0,3,3,3,2,0,3,2,25,6,1,2016-17,Regular Season,201939,Stephen Curry
22016,201939,0021600281,2016-12-01,GSW vs. HOU,L,38,9,22,0.409,4,13,0.308,6,6,1.0,1,2,3,5,3,1,5,6,28,10,1,2016-17,Regular Season,201939,Stephen Curry
22016,201939,0021600299,2016-12-03,GSW vs. PHX,W,30,10,15,0.667,5,7,0.714,6,6,1.0,0,2,2,1,1,0,3,2,31,15,1,2016-17,Regular Season,201939,Stephen Curry
22016,201939,0021600314,2016-12-05,GSW vs. IND,W,29,4,10,0.4,2,7,0.286,3,4,0.75,0,4,4,11,2,1,0,4,13,24,1,2016-17,Regular Season,201939,Stephen Curry
22016,201939,0021600330,2016-12-07,GSW @ LAC,W,33,7,16,0.438,0,8,0.0,5,5,1.0,0,4,4,6,7,0,3,3,19,18,1,2016-17,Regular Season,201939,Stephen Curry
22016,201939,0021600335,2016-12-08,GSW @ UTA,W,36,7,16,0.438,3,9,0.333,9,9,1.0,0,5,5,2,2,0,3,2,26,10,1,2016-17,Regular Season,201939,Stephen Curry
22016,201939,0021600351,2016-12-10,GSW @ MEM,L,31,4,14,0.286,3,11,0.273,6,6,1.0,2,6,8,3,0,0,4,3,17,-24,1,2016-17,Regular Season,201939,Stephen Curry
22016,201939,0021600358,2016-12-11,GSW @ MIN,W,32,6,13,0.462,2,5,0.4,8,8,1.0,1,3,4,9,1,0,0,3,22,-4,1,2016-17,Regular Season,201939,Stephen Curry
22016,201939,0021600371,2016-12-13,GSW @ NOP,W,34,11,23,0.478,5,9,0.556,3,4,0.75,2,2,4,7,1,0,2,2,30,4,1,2016-17,Regular Season,201939,Stephen Curry
22016,201939,0021600388,2016-12-15,GSW vs. NYK,W,34,3,14,0.214,2,8,0.25,0,0,0.0,1,9,10,8,1,0,3,0,8,20,1,2016-17,Regular Season,201939,Stephen Curry
22016,201939,0021600405,2016-12-17,GSW vs. POR,W,27,6,11,0.545,5,8,0.625,2,2,1.0,0,3,3,6,0,0,3,3,19,21,1,2016-17,Regular Season,201939,Stephen Curry
22016,201939,0021600427,2016-12-20,GSW vs. UTA,W,30,8,18,0.444,4,9,0.444,5,5,1.0,0,3,3,4,3,0,0,0,25,27,1,2016-17,Regular Season,201939,Stephen Curry
22016,201939,0021600437,2016-12-22,GSW @ BKN,W,33,6,19,0.316,3,13,0.231,0,0,0.0,0,2,2,7,5,0,2,5,15,25,1,2016-17,Regular Season,201939,Stephen Curry
22016,201939,0021600446,2016-12-23,GSW @ DET,W,35,7,16,0.438,5,10,0.5,6,6,1.0,0,3,3,8,2,0,5,1,25,6,1,2016-17,Regular Season,201939,Stephen Curry
22016,201939,0021600457,2016-12-25,GSW @ CLE,L,37,4,11,0.364,2,7,0.286,5,6,0.833,0,3,3,3,3,0,3,4,15,-1,1,2016-17,Regular Season,201939,Stephen Curry
22016,201939,0021600485,2016-12-28,GSW vs. TOR,W,36,9,18,0.5,3,6,0.5,7,7,1.0,1,6,7,7,0,0,2,3,28,27,1,2016-17,Regular Season,201939,Stephen Curry
22016,201939,0021600501,2016-12-30,GSW vs. DAL,W,30,5,12,0.417,3,6,0.5,1,1,1.0,0,4,4,5,1,0,1,2,14,14,1,2016-17,Regular Season,201939,Stephen Curry
22016,201939,0021600520,2017-01-02,GSW vs. DEN,W,35,8,18,0.444,3,9,0.333,3,3,1.0,0,3,3,5,0,0,3,2,22,7,1,2016-17,Regular Season,201939,Stephen Curry
22016,201939,0021600534,2017-01-04,GSW vs. POR,W,36,12,25,0.48,5,13,0.385,6,8,0.75,1,6,7,5,1,0,5,1,35,6,1,2016-17,Regular Season,201939,Stephen Curry
22016,201939,0021600550,2017-01-06,GSW vs. MEM,L,42,15,27,0.556,5,13,0.385,5,5,1.0,0,3,3,6,1,1,4,2,40,-10,1,2016-17,Regular Season,201939,Stephen Curry
22016,201939,0021600566,2017-01-08,GSW @ SAC,W,37,11,22,0.5,5,11,0.455,3,3,1.0,2,2,4,6,2,0,4,3,30,14,1,2016-17,Regular Season,201939,Stephen Curry
22016,201939,0021600578,2017-01-10,GSW vs. MIA,W,36,8,21,0.381,4,11,0.364,4,5,0.8,1,7,8,9,1,1,3,0,24,18,1,2016-17,Regular Season,201939,Stephen Curry
22016,201939,0021600590,2017-01-12,GSW vs. DET,W,30,9,17,0.529,3,9,0.333,3,3,1.0,0,2,2,7,5,0,8,0,24,32,1,2016-17,Regular Season,201939,Stephen Curry
22016,201939,0021600619,2017-01-16,GSW vs. CLE,W,31,7,20,0.35,5,12,0.417,1,2,0.5,0,2,2,11,4,0,3,2,20,23,1,2016-17,Regular Season,201939,Stephen Curry
22016,201939,0021600634,2017-01-18,GSW vs. OKC,W,34,9,19,0.474,2,6,0.333,4,4,1.0,0,4,4,8,3,0,3,0,24,19,1,2016-17,Regular Season,201939,Stephen Curry
22016,201939,0021600646,2017-01-20,GSW @ HOU,W,33,8,18,0.444,5,11,0.455,3,5,0.6,0,1,1,7,1,0,1,1,24,15,1,2016-17,Regular Season,201939,Stephen Curry
22016,201939,0021600661,2017-01-22,GSW @ ORL,W,30,8,15,0.533,7,13,0.538,4,4,1.0,1,3,4,6,0,0,3,2,27,32,1,2016-17,Regular Season,201939,Stephen Curry
22016,201939,0021600668,2017-01-23,GSW @ MIA,L,37,7,19,0.368,3,9,0.333,4,5,0.8,0,9,9,8,0,1,4,2,21,1,1,2016-17,Regular Season,201939,Stephen Curry
22016,201939,0021600687,2017-01-25,GSW @ CHA,W,36,11,23,0.478,6,12,0.5,0,0,0.0,0,2,2,7,1,1,4,2,28,0,1,2016-17,Regular Season,201939,Stephen Curry
22016,201939,0021600707,2017-01-28,GSW vs. LAC,W,29,15,23,0.652,9,15,0.6,4,4,1.0,0,9,9,6,0,0,2,1,43,42,1,2016-17,Regular Season,201939,Stephen Curry
22016,201939,0021600741,2017-02-01,GSW vs. CHA,W,30,14,20,0.7,11,15,0.733,0,0,0.0,1,4,5,8,3,0,1,2,39,25,1,2016-17,Regular Season,201939,Stephen Curry
22016,201939,0021600745,2017-02-02,GSW @ LAC,W,37,11,23,0.478,3,10,0.3,4,4,1.0,1,2,3,11,3,0,4,1,29,13,1,2016-17,Regular Season,201939,Stephen Curry
22016,201939,0021600764,2017-02-04,GSW @ SAC,L,42,11,20,0.55,8,14,0.571,5,6,0.833,0,4,4,9,3,0,3,2,35,4,1,2016-17,Regular Season,201939,Stephen Curry
22016,201939,0021600792,2017-02-08,GSW vs. CHI,W,28,5,11,0.455,1,4,0.25,2,2,1.0,0,1,1,6,1,0,2,4,13,20,1,2016-17,Regular Season,201939,Stephen Curry
22016,201939,0021600803,2017-02-10,GSW @ MEM,W,35,6,13,0.462,2,6,0.333,4,5,0.8,0,4,4,5,0,0,3,3,18,15,1,2016-17,Regular Season,201939,Stephen Curry
22016,201939,0021600813,2017-02-11,GSW @ OKC,W,34,9,19,0.474,4,11,0.364,4,4,1.0,3,5,8,9,2,0,0,2,26,16,1,2016-17,Regular Season,201939,Stephen Curry
22016,201939,0021600827,2017-02-13,GSW @ DEN,L,27,4,18,0.222,1,11,0.091,2,2,1.0,1,1,2,5,1,0,1,1,11,-24,1,2016-17,Regular Season,201939,Stephen Curry
22016,201939,0021600847,2017-02-15,GSW vs. SAC,W,30,4,14,0.286,2,8,0.25,3,4,0.75,0,6,6,9,0,2,3,2,13,23,1,2016-17,Regular Season,201939,Stephen Curry
22016,201939,0021600854,2017-02-23,GSW vs. LAC,W,32,10,16,0.625,6,10,0.6,9,10,0.9,1,6,7,5,4,0,4,5,35,26,1,2016-17,Regular Season,201939,Stephen Curry
22016,201939,0021600873,2017-02-25,GSW vs. BKN,W,35,9,21,0.429,5,10,0.5,4,4,1.0,1,4,5,5,3,0,4,2,27,17,2,2016-17,Regular Season,201939,Stephen Curry
22016,201939,0021600883,2017-02-27,GSW @ PHI,W,35,7,23,0.304,0,11,0.0,5,5,1.0,2,2,4,6,2,0,4,2,19,8,1,2016-17,Regular Season,201939,Stephen Curry
22016,201939,0021600889,2017-02-28,GSW @ WAS,L,34,9,20,0.45,2,9,0.222,5,6,0.833,4,3,7,4,2,0,5,3,25,-5,1,2016-17,Regular Season,201939,Stephen Curry
22016,201939,0021600906,2017-03-02,GSW @ CHI,L,35,10,27,0.37,2,11,0.182,1,1,1.0,1,5,6,5,5,0,4,4,23,-4,1,2016-17,Regular Season,201939,Stephen Curry
22016,201939,0021600928,2017-03-05,GSW @ NYK,W,37,11,24,0.458,5,13,0.385,4,6,0.667,2,6,8,6,2,0,2,2,31,22,1,2016-17,Regular Season,201939,Stephen Curry
22016,201939,0021600937,2017-03-06,GSW @ ATL,W,35,8,20,0.4,6,15,0.4,2,3,0.667,1,3,4,9,0,0,2,4,24,5,1,2016-17,Regular Season,201939,Stephen Curry
22016,201939,0021600959,2017-03-08,GSW vs. BOS,L,35,8,16,0.5,2,9,0.222,5,5,1.0,3,2,5,6,0,1,4,4,23,-3,1,2016-17,Regular Season,201939,Stephen Curry
22016,201939,0021600968,2017-03-10,GSW @ MIN,L,35,10,27,0.37,1,8,0.125,5,5,1.0,3,3,6,7,1,0,6,4,26,-5,1,2016-17,Regular Season,201939,Stephen Curry
22016,201939,0021601003,2017-03-14,GSW vs. PHI,W,37,8,23,0.348,5,13,0.385,8,8,1.0,2,4,6,5,3,0,5,3,29,3,1,2016-17,Regular Season,201939,Stephen Curry
22016,201939,0021601019,2017-03-16,GSW vs. ORL,W,28,8,15,0.533,2,7,0.286,7,7,1.0,0,1,1,9,3,0,2,1,25,24,1,2016-17,Regular Season,201939,Stephen Curry
22016,201939,0021601035,2017-03-18,GSW vs. MIL,W,30,9,13,0.692,6,8,0.75,4,4,1.0,0,4,4,4,1,1,3,3,28,18,1,2016-17,Regular Season,201939,Stephen Curry
22016,201939,0021601049,2017-03-20,GSW @ OKC,W,30,8,17,0.471,7,12,0.583,0,0,0.0,0,4,4,6,0,0,5,3,23,16,1,2016-17,Regular Season,201939,Stephen Curry
22016,201939,0021601055,2017-03-21,GSW @ DAL,W,30,7,14,0.5,3,9,0.333,0,0,0.0,1,4,5,9,2,0,0,1,17,14,1,2016-17,Regular Season,201939,Stephen Curry
22016,201939,0021601081,2017-03-24,GSW vs. SAC,W,33,9,18,0.5,5,11,0.455,4,4,1.0,1,6,7,12,6,0,3,0,27,28,1,2016-17,Regular Season,201939,Stephen Curry
22016,201939,0021601094,2017-03-26,GSW vs. MEM,W,36,8,18,0.444,5,12,0.417,0,0,0.0,0,1,1,11,4,0,5,1,21,8,1,2016-17,Regular Season,201939,Stephen Curry
22016,201939,0021601108,2017-03-28,GSW @ HOU,W,33,11,22,0.5,3,11,0.273,7,10,0.7,2,8,10,7,2,0,6,5,32,9,1,2016-17,Regular Season,201939,Stephen Curry
22016,201939,0021601118,2017-03-29,GSW @ SAS,W,35,9,20,0.45,4,8,0.5,7,7,1.0,1,3,4,11,1,0,2,5,29,6,1,2016-17,Regular Season,201939,Stephen Curry
22016,201939,0021601136,2017-03-31,GSW vs. HOU,W,35,8,18,0.444,4,9,0.444,4,5,0.8,3,4,7,5,2,0,2,4,24,14,1,2016-17,Regular Season,201939,Stephen Curry
22016,201939,0021601152,2017-04-02,GSW vs. WAS,W,36,15,22,0.682,9,14,0.643,3,3,1.0,0,1,1,8,1,0,1,3,42,26,1,2016-17,Regular Season,201939,Stephen Curry
22016,201939,0021601162,2017-04-04,GSW vs. MIN,W,30,7,18,0.389,3,8,0.375,2,4,0.5,0,3,3,9,3,2,3,2,19,13,1,2016-17,Regular Season,201939,Stephen Curry
22016,201939,0021601171,2017-04-05,GSW @ PHX,W,35,15,25,0.6,8,12,0.667,4,7,0.571,0,4,4,11,2,2,3,0,42,25,1,2016-17,Regular Season,201939,Stephen Curry
22016,201939,0021601211,2017-04-10,GSW vs. UTA,L,30,9,16,0.563,6,8,0.75,4,5,0.8,1,3,4,4,1,0,1,1,28,9,1,2016-17,Regular Season,201939,Stephen Curry
22016,201939,0021601229,2017-04-12,GSW vs. LAL,W,28,6,17,0.353,5,14,0.357,3,4,0.75,0,5,5,8,2,0,6,1,20,27,1,2016-17,Regular Season,201939,Stephen Curry
42016,201939,0041600141,2017-04-16,GSW vs. POR,W,36,9,19,0.474,3,8,0.375,8,8,1.0,1,4,5,4,1,1,5,5,29,5,1,2016-17,Playoffs,201939,Stephen Curry
42016,201939,0041600142,2017-04-19,GSW vs. POR,W,31,6,18,0.333,4,12,0.333,3,5,0.6,0,5,5,6,4,1,4,1,19,32,1,2016-17,Playoffs,201939,Stephen Curry
42016,201939,0041600143,2017-04-22,GSW @ POR,W,39,10,25,0.4,5,14,0.357,9,10,0.9,1,3,4,8,2,1,1,1,34,13,1,2016-17,Playoffs,201939,Stephen Curry
42016,201939,0041600144,2017-04-24,GSW @ POR,W,30,12,20,0.6,7,11,0.636,6,7,0.857,2,5,7,8,1,0,4,0,37,29,1,2016-17,Playoffs,201939,Stephen Curry
42016,201939,0041600221,2017-05-02,GSW vs. UTA,W,30,7,11,0.636,1,4,0.25,7,7,1.0,1,6,7,5,1,0,4,1,22,5,1,2016-17,Playoffs,201939,Stephen Curry
42016,201939,0041600222,2017-05-04,GSW vs. UTA,W,38,8,15,0.533,5,8,0.625,2,2,1.0,1,3,4,6,2,0,3,3,23,14,1,2016-17,Playoffs,201939,Stephen Curry
42016,201939,0041600223,2017-05-06,GSW @ UTA,W,37,6,20,0.3,3,11,0.273,8,9,0.889,0,5,5,4,0,0,0,2,23,17,1,2016-17,Playoffs,201939,Stephen Curry
42016,201939,0041600224,2017-05-08,GSW @ UTA,W,35,9,15,0.6,4,10,0.4,8,8,1.0,1,4,5,7,0,1,2,2,30,33,1,2016-17,Playoffs,201939,Stephen Curry
42016,201939,0041600311,2017-05-14,GSW vs. SAS,W,39,14,26,0.538,7,16,0.438,5,7,0.714,2,5,7,3,3,0,3,0,40,8,1,2016-17,Playoffs,201939,Stephen Curry
42016,201939,0041600312,2017-05-16,GSW vs. SAS,W,31,8,13,0.615,6,9,0.667,7,7,1.0,1,6,7,7,3,0,2,3,29,24,1,2016-17,Playoffs,201939,Stephen Curry
42016,201939,0041600313,2017-05-20,GSW @ SAS,W,34,8,15,0.533,3,7,0.429,2,2,1.0,1,4,5,3,6,0,5,3,21,20,1,2016-17,Playoffs,201939,Stephen Curry
42016,201939,0041600314,2017-05-22,GSW @ SAS,W,34,14,24,0.583,5,13,0.385,3,3,1.0,0,5,5,6,0,0,6,2,36,15,1,2016-17,Playoffs,201939,Stephen Curry
42016,201939,0041600401,2017-06-01,GSW vs. CLE,W,34,11,22,0.5,6,11,0.545,0,0,0.0,1,5,6,10,3,0,2,3,28,20,1,2016-17,Playoffs,201939,Stephen Curry
42016,201939,0041600402,2017-06-04,GSW vs. CLE,W,36,7,17,0.412,4,11,0.364,14,14,1.0,2,8,10,11,1,0,8,3,32,21,1,2016-17,Playoffs,201939,Stephen Curry
42016,201939,0041600403,2017-06-07,GSW @ CLE,W,39,8,19,0.421,5,9,0.556,5,5,1.0,5,8,13,6,2,0,1,3,26,11,1,2016-17,Playoffs,201939,Stephen Curry
42016,201939,0041600404,2017-06-09,GSW @ CLE,L,38,4,13,0.308,2,9,0.222,4,5,0.8,1,4,5,10,2,0,4,2,14,-24,1,2016-17,Playoffs,201939,Stephen Curry
42016,201939,0041600405,2017-06-12,GSW vs. CLE,W,41,10,20,0.5,2,9,0.222,12,15,0.8,2,4,6,10,3,0,4,3,34,3,1,2016-17,Playoffs,201939,Stephen Curry
22016,201142,0021600003,2016-10-25,GSW vs. SAS,L,37,11,18,0.611,1,3,0.333,4,5,0.8,0,10,10,4,2,2,0,2,27,-13,1,2016-17,Regular Season,201142,Kevin Durant
22016,201142,0021600025,2016-10-28,GSW @ NOP,W,39,9,19,0.474,0,3,0.0,12,12,1.0,0,17,17,6,2,2,2,2,30,4,1,2016-17,Regular Season,201142,Kevin Durant
22016,201142,0021600036,2016-10-30,GSW @ PHX,W,38,10,16,0.625,2,4,0.5,15,16,0.938,0,4,4,4,4,1,4,2,37,18,1,2016-17,Regular Season,201142,Kevin Durant
22016,201142,0021600054,2016-11-01,GSW @ POR,W,31,9,15,0.6,0,3,0.0,2,3,0.667,1,4,5,2,4,1,2,3,20,13,1,2016-17,Regular Season,201142,Kevin Durant
22016,201142,0021600069,2016-11-03,GSW vs. OKC,W,31,15,24,0.625,7,11,0.636,2,3,0.667,1,6,7,1,0,1,2,3,39,21,1,2016-17,Regular Season,201142,Kevin Durant
22016,201142,0021600078,2016-11-04,GSW @ LAL,L,35,10,16,0.625,2,4,0.5,5,8,0.625,1,4,5,3,2,1,2,1,27,-17,1,2016-17,Regular Season,201142,Kevin Durant
22016,201142,0021600099,2016-11-07,GSW vs. NOP,W,37,8,17,0.471,1,4,0.25,5,6,0.833,1,2,3,5,1,1,4,0,22,3,1,2016-17,Regular Season,201142,Kevin Durant
22016,201142,0021600116,2016-11-09,GSW vs. DAL,W,35,10,16,0.625,4,7,0.571,4,5,0.8,0,10,10,4,0,1,3,3,28,20,1,2016-17,Regular Season,201142,Kevin Durant
22016,201142,0021600119,2016-11-10,GSW @ DEN,W,30,8,16,0.5,0,3,0.0,2,2,1.0,2,7,9,5,1,2,1,2,18,29,1,2016-17,Regular Season,201142,Kevin Durant
22016,201142,0021600143,2016-11-13,GSW vs. PHX,W,38,10,21,0.476,2,5,0.4,7,7,1.0,0,9,9,5,1,2,4,2,29,13,1,2016-17,Regular Season,201142,Kevin Durant
22016,201142,0021600165,2016-11-16,GSW @ TOR,W,36,11,21,0.524,3,8,0.375,5,6,0.833,2,7,9,6,1,0,4,3,30,-6,1,2016-17,Regular Season,201142,Kevin Durant
22016,201142,0021600179,2016-11-18,GSW @ BOS,W,33,10,13,0.769,1,2,0.5,2,4,0.5,1,9,10,7,2,1,2,1,23,32,1,2016-17,Regular Season,201142,Kevin Durant
22016,201142,0021600191,2016-11-19,GSW @ MIL,W,36,10,17,0.588,5,8,0.625,8,11,0.727,0,6,6,5,2,1,0,5,33,4,1,2016-17,Regular Season,201142,Kevin Durant
22016,201142,0021600202,2016-11-21,GSW @ IND,W,27,3,9,0.333,1,4,0.25,7,7,1.0,0,11,11,6,2,2,1,0,14,27,1,2016-17,Regular Season,201142,Kevin Durant
22016,201142,0021600223,2016-11-23,GSW vs. LAL,W,30,11,15,0.733,2,4,0.5,4,5,0.8,1,5,6,5,1,1,1,3,28,17,1,2016-17,Regular Season,201142,Kevin Durant
22016,201142,0021600238,2016-11-25,GSW @ LAL,W,33,11,19,0.579,3,6,0.5,4,6,0.667,1,5,6,9,1,2,2,4,29,36,1,2016-17,Regular Season,201142,Kevin Durant
22016,201142,0021600244,2016-11-26,GSW vs. MIN,W,38,10,17,0.588,3,4,0.75,5,5,1.0,3,7,10,5,0,6,3,1,28,9,1,2016-17,Regular Season,201142,Kevin Durant
22016,201142,0021600259,2016-11-28,GSW vs. ATL,W,36,8,16,0.5,1,3,0.333,8,8,1.0,0,14,14,3,1,2,4,1,25,-7,1,2016-17,Regular Season,201142,Kevin Durant
22016,201142,0021600281,2016-12-01,GSW vs. HOU,L,49,12,28,0.429,3,11,0.273,12,12,1.0,1,13,14,2,3,3,2,3,39,-5,1,2016-17,Regular Season,201142,Kevin Durant
22016,201142,0021600299,2016-12-03,GSW vs. PHX,W,32,5,7,0.714,1,1,1.0,9,9,1.0,0,4,4,8,0,3,1,1,20,27,1,2016-17,Regular Season,201142,Kevin Durant
22016,201142,0021600314,2016-12-05,GSW vs. IND,W,22,9,14,0.643,0,2,0.0,2,3,0.667,1,7,8,4,0,2,2,3,20,15,1,2016-17,Regular Season,201142,Kevin Durant
22016,201142,0021600330,2016-12-07,GSW @ LAC,W,32,5,17,0.294,1,5,0.2,5,6,0.833,0,8,8,7,1,0,0,3,16,14,1,2016-17,Regular Season,201142,Kevin Durant
22016,201142,0021600335,2016-12-08,GSW @ UTA,W,36,7,15,0.467,1,3,0.333,6,8,0.75,0,11,11,4,1,2,3,2,21,11,1,2016-17,Regular Season,201142,Kevin Durant
22016,201142,0021600351,2016-12-10,GSW @ MEM,L,31,7,13,0.538,3,6,0.5,4,5,0.8,0,7,7,1,1,2,3,2,21,-21,1,2016-17,Regular Season,201142,Kevin Durant
22016,201142,0021600358,2016-12-11,GSW @ MIN,W,37,6,21,0.286,1,4,0.25,9,9,1.0,1,7,8,5,0,0,1,2,22,9,1,2016-17,Regular Season,201142,Kevin Durant
22016,201142,0021600371,2016-12-13,GSW @ NOP,W,37,10,19,0.526,1,3,0.333,6,7,0.857,0,2,2,3,0,2,3,2,27,1,1,2016-17,Regular Season,201142,Kevin Durant
22016,201142,0021600388,2016-12-15,GSW vs. NYK,W,33,7,18,0.389,1,6,0.167,0,0,0.0,1,13,14,8,0,2,2,1,15,8,1,2016-17,Regular Season,201142,Kevin Durant
22016,201142,0021600405,2016-12-17,GSW vs. POR,W,31,11,13,0.846,4,5,0.8,8,10,0.8,1,10,11,4,2,1,5,2,34,33,1,2016-17,Regular Season,201142,Kevin Durant
22016,201142,0021600427,2016-12-20,GSW vs. UTA,W,25,8,14,0.571,0,1,0.0,6,6,1.0,1,4,5,1,0,0,1,4,22,16,1,2016-17,Regular Season,201142,Kevin Durant
22016,201142,0021600437,2016-12-22,GSW @ BKN,W,34,10,23,0.435,1,7,0.143,5,6,0.833,0,9,9,7,3,1,0,2,26,10,1,2016-17,Regular Season,201142,Kevin Durant
22016,201142,0021600446,2016-12-23,GSW @ DET,W,32,13,18,0.722,3,4,0.75,3,4,0.75,0,8,8,3,0,0,4,5,32,17,1,2016-17,Regular Season,201142,Kevin Durant
22016,201142,0021600457,2016-12-25,GSW @ CLE,L,38,11,23,0.478,2,8,0.25,12,12,1.0,0,15,15,3,1,1,0,2,36,0,1,2016-17,Regular Season,201142,Kevin Durant
22016,201142,0021600485,2016-12-28,GSW vs. TOR,W,38,8,15,0.533,3,5,0.6,3,5,0.6,0,17,17,7,0,5,6,0,22,21,1,2016-17,Regular Season,201142,Kevin Durant
22016,201142,0021600501,2016-12-30,GSW vs. DAL,W,35,7,14,0.5,2,7,0.286,3,4,0.75,0,11,11,10,0,0,4,0,19,9,1,2016-17,Regular Season,201142,Kevin Durant
22016,201142,0021600520,2017-01-02,GSW vs. DEN,W,34,10,19,0.526,1,4,0.25,0,0,0.0,0,3,3,2,1,1,2,2,21,-4,1,2016-17,Regular Season,201142,Kevin Durant
22016,201142,0021600534,2017-01-04,GSW vs. POR,W,38,9,16,0.563,3,8,0.375,9,9,1.0,0,5,5,4,2,3,2,3,30,22,1,2016-17,Regular Season,201142,Kevin Durant
22016,201142,0021600550,2017-01-06,GSW vs. MEM,L,43,7,17,0.412,0,5,0.0,13,18,0.722,2,11,13,4,0,3,4,1,27,6,1,2016-17,Regular Season,201142,Kevin Durant
22016,201142,0021600566,2017-01-08,GSW @ SAC,W,36,9,15,0.6,2,4,0.5,8,9,0.889,0,7,7,6,1,4,1,1,28,6,1,2016-17,Regular Season,201142,Kevin Durant
22016,201142,0021600578,2017-01-10,GSW vs. MIA,W,37,10,21,0.476,3,6,0.5,5,5,1.0,1,7,8,0,1,2,2,2,28,5,1,2016-17,Regular Season,201142,Kevin Durant
22016,201142,0021600590,2017-01-12,GSW vs. DET,W,31,10,15,0.667,3,5,0.6,2,2,1.0,0,6,6,9,1,0,3,0,25,24,1,2016-17,Regular Season,201142,Kevin Durant
22016,201142,0021600619,2017-01-16,GSW vs. CLE,W,29,9,16,0.563,3,7,0.429,0,0,0.0,1,5,6,5,2,3,1,0,21,21,1,2016-17,Regular Season,201142,Kevin Durant
22016,201142,0021600634,2017-01-18,GSW vs. OKC,W,34,13,16,0.813,5,7,0.714,9,10,0.9,2,10,12,4,0,3,2,2,40,31,1,2016-17,Regular Season,201142,Kevin Durant
22016,201142,0021600646,2017-01-20,GSW @ HOU,W,34,12,19,0.632,2,7,0.286,6,7,0.857,0,4,4,7,2,2,1,2,32,25,1,2016-17,Regular Season,201142,Kevin Durant
22016,201142,0021600661,2017-01-22,GSW @ ORL,W,29,5,12,0.417,1,3,0.333,4,5,0.8,1,9,10,6,3,2,1,1,15,35,1,2016-17,Regular Season,201142,Kevin Durant
22016,201142,0021600668,2017-01-23,GSW @ MIA,L,36,12,23,0.522,1,8,0.125,2,2,1.0,0,6,6,3,1,0,2,2,27,-9,1,2016-17,Regular Season,201142,Kevin Durant
22016,201142,0021600687,2017-01-25,GSW @ CHA,W,37,11,20,0.55,1,4,0.25,10,10,1.0,0,5,5,1,0,4,6,3,33,-1,1,2016-17,Regular Season,201142,Kevin Durant
22016,201142,0021600707,2017-01-28,GSW vs. LAC,W,29,9,11,0.818,3,4,0.75,2,2,1.0,1,3,4,7,1,1,0,1,23,32,1,2016-17,Regular Season,201142,Kevin Durant
22016,201142,0021600718,2017-01-29,GSW @ POR,W,36,13,26,0.5,1,7,0.143,6,6,1.0,2,8,10,6,0,1,7,2,33,-3,1,2016-17,Regular Season,201142,Kevin Durant
22016,201142,0021600741,2017-02-01,GSW vs. CHA,W,33,7,17,0.412,1,7,0.143,3,3,1.0,2,6,8,8,1,0,1,0,18,27,1,2016-17,Regular Season,201142,Kevin Durant
22016,201142,0021600745,2017-02-02,GSW @ LAC,W,37,8,18,0.444,2,7,0.286,8,8,1.0,0,8,8,10,1,0,0,3,26,13,1,2016-17,Regular Season,201142,Kevin Durant
22016,201142,0021600764,2017-02-04,GSW @ SAC,L,42,2,10,0.2,0,6,0.0,6,7,0.857,0,9,9,2,1,5,3,0,10,6,1,2016-17,Regular Season,201142,Kevin Durant
22016,201142,0021600792,2017-02-08,GSW vs. CHI,W,31,9,16,0.563,1,2,0.5,3,3,1.0,0,10,10,7,3,1,3,1,22,20,1,2016-17,Regular Season,201142,Kevin Durant
22016,201142,0021600803,2017-02-10,GSW @ MEM,W,32,5,14,0.357,3,6,0.5,11,14,0.786,0,5,5,4,1,2,3,2,24,2,1,2016-17,Regular Season,201142,Kevin Durant
22016,201142,0021600813,2017-02-11,GSW @ OKC,W,33,12,21,0.571,3,6,0.5,7,7,1.0,1,8,9,3,0,0,3,5,34,12,1,2016-17,Regular Season,201142,Kevin Durant
22016,201142,0021600827,2017-02-13,GSW @ DEN,L,27,10,16,0.625,2,5,0.4,3,3,1.0,1,3,4,5,1,1,3,1,25,-23,1,2016-17,Regular Season,201142,Kevin Durant
22016,201142,0021600847,2017-02-15,GSW vs. SAC,W,32,10,15,0.667,1,4,0.25,0,0,0.0,0,7,7,7,1,4,1,1,21,29,1,2016-17,Regular Season,201142,Kevin Durant
22016,201142,0021600854,2017-02-23,GSW vs. LAC,W,34,8,15,0.533,4,6,0.667,5,6,0.833,1,14,15,7,1,1,1,3,25,15,1,2016-17,Regular Season,201142,Kevin Durant
22016,201142,0021600883,2017-02-27,GSW @ PHI,W,33,8,17,0.471,1,4,0.25,10,11,0.909,3,5,8,4,0,1,2,2,27,-3,1,2016-17,Regular Season,201142,Kevin Durant
22016,201142,0021600889,2017-02-28,GSW @ WAS,L,2,0,1,0.0,0,0,0.0,0,0,0.0,0,0,0,0,0,0,1,0,0,-3,1,2016-17,Regular Season,201142,Kevin Durant
22016,201142,0021601195,2017-04-08,GSW vs. NOP,W,31,6,15,0.4,0,4,0.0,4,4,1.0,1,9,10,6,0,0,1,3,16,22,1,2016-17,Regular Season,201142,Kevin Durant
22016,201142,0021601211,2017-04-10,GSW vs. UTA,L,33,6,12,0.5,0,5,0.0,4,4,1.0,0,10,10,6,1,1,1,1,16,8,1,2016-17,Regular Season,201142,Kevin Durant
22016,201142,0021601229,2017-04-12,GSW vs. LAL,W,27,11,16,0.688,5,7,0.714,2,4,0.5,0,8,8,5,1,1,3,1,29,28,1,2016-17,Regular Season,201142,Kevin Durant
42016,201142,0041600141,2017-04-16,GSW vs. POR,W,36,12,20,0.6,2,6,0.333,6,7,0.857,1,10,11,2,0,1,3,2,32,1,1,2016-17,Playoffs,201142,Kevin Durant
42016,201142,0041600144,2017-04-24,GSW @ POR,W,20,4,7,0.571,2,2,1.0,0,0,0.0,0,3,3,2,1,2,3,0,10,25,1,2016-17,Playoffs,201142,Kevin Durant
42016,201142,0041600221,2017-05-02,GSW vs. UTA,W,31,7,17,0.412,1,2,0.5,2,2,1.0,1,4,5,5,1,0,1,2,17,2,1,2016-17,Playoffs,201142,Kevin Durant
42016,201142,0041600222,2017-05-04,GSW vs. UTA,W,36,6,13,0.462,0,4,0.0,13,15,0.867,0,11,11,7,1,1,1,2,25,11,1,2016-17,Playoffs,201142,Kevin Durant
42016,201142,0041600223,2017-05-06,GSW @ UTA,W,39,15,26,0.577,4,8,0.5,4,4,1.0,2,11,13,1,1,1,2,4,38,18,1,2016-17,Playoffs,201142,Kevin Durant
42016,201142,0041600224,2017-05-08,GSW @ UTA,W,30,7,14,0.5,2,4,0.5,2,3,0.667,2,4,6,5,0,0,0,4,18,8,1,2016-17,Playoffs,201142,Kevin Durant
42016,201142,0041600311,2017-05-14,GSW vs. SAS,W,39,11,21,0.524,2,8,0.25,10,12,0.833,2,3,5,4,1,4,3,4,34,14,1,2016-17,Playoffs,201142,Kevin Durant
42016,201142,0041600312,2017-05-16,GSW vs. SAS,W,28,6,10,0.6,2,5,0.4,2,2,1.0,0,2,2,3,0,1,2,2,16,21,1,2016-17,Playoffs,201142,Kevin Durant
42016,201142,0041600313,2017-05-20,GSW @ SAS,W,38,11,19,0.579,3,5,0.6,8,10,0.8,0,10,10,4,2,1,7,3,33,25,1,2016-17,Playoffs,201142,Kevin Durant
42016,201142,0041600314,2017-05-22,GSW @ SAS,W,38,10,13,0.769,2,4,0.5,7,7,1.0,1,11,12,4,0,1,5,3,29,19,1,2016-17,Playoffs,201142,Kevin Durant
42016,201142,0041600401,2017-06-01,GSW vs. CLE,W,38,14,26,0.538,3,6,0.5,7,8,0.875,2,7,9,8,0,0,0,1,38,16,1,2016-17,Playoffs,201142,Kevin Durant
42016,201142,0041600402,2017-06-04,GSW vs. CLE,W,41,13,22,0.591,4,8,0.5,3,3,1.0,2,11,13,6,3,5,3,4,33,21,1,2016-17,Playoffs,201142,Kevin Durant
42016,201142,0041600403,2017-06-07,GSW @ CLE,W,41,10,18,0.556,4,7,0.571,7,8,0.875,0,9,9,4,1,1,3,2,31,0,1,2016-17,Playoffs,201142,Kevin Durant
42016,201142,0041600404,2017-06-09,GSW @ CLE,L,39,9,22,0.409,2,9,0.222,15,16,0.938,2,2,4,4,0,2,1,3,35,-20,1,2016-17,Playoffs,201142,Kevin Durant
42016,201142,0041600405,2017-06-12,GSW vs. CLE,W,40,14,20,0.7,5,8,0.625,6,6,1.0,1,5,6,5,1,0,4,3,39,18,1,2016-17,Playoffs,201142,Kevin Durant
22016,203507,0021600008,2016-10-26,MIL vs. CHA,L,39,13,21,0.619,1,2,0.5,4,6,0.667,1,8,9,5,1,1,1,5,31,-5,1,2016-17,Regular Season,203507,Giannis Antetokounmpo
22016,203507,0021600031,2016-10-29,MIL vs. BKN,W,35,10,18,0.556,0,1,0.0,1,1,1.0,1,9,10,3,2,2,4,2,21,16,1,2016-17,Regular Season,203507,Giannis Antetokounmpo
22016,203507,0021600038,2016-10-30,MIL @ DET,L,35,5,16,0.313,1,3,0.333,6,6,1.0,0,8,8,8,0,3,2,0,17,-11,1,2016-17,Regular Season,203507,Giannis Antetokounmpo
22016,203507,0021600051,2016-11-01,MIL @ NOP,W,34,10,19,0.526,1,6,0.167,3,4,0.75,3,6,9,7,1,2,2,5,24,10,1,2016-17,Regular Season,203507,Giannis Antetokounmpo
22016,203507,0021600066,2016-11-03,MIL vs. IND,W,34,11,18,0.611,0,2,0.0,5,7,0.714,2,5,7,9,2,2,4,1,27,20,1,2016-17,Regular Season,203507,Giannis Antetokounmpo
22016,203507,0021600085,2016-11-05,MIL vs. SAC,W,25,5,9,0.556,0,1,0.0,7,8,0.875,3,5,8,8,4,1,4,3,17,25,1,2016-17,Regular Season,203507,Giannis Antetokounmpo
22016,203507,0021600090,2016-11-06,MIL @ DAL,L,26,4,12,0.333,1,5,0.2,2,4,0.5,2,5,7,2,3,2,5,5,11,-12,1,2016-17,Regular Season,203507,Giannis Antetokounmpo
22016,203507,0021600117,2016-11-10,MIL vs. NOP,L,35,7,16,0.438,0,0,0.0,3,4,0.75,4,6,10,1,1,2,3,5,17,-13,1,2016-17,Regular Season,203507,Giannis Antetokounmpo
22016,203507,0021600137,2016-11-12,MIL vs. MEM,W,38,9,13,0.692,0,1,0.0,9,13,0.692,0,6,6,5,4,4,5,5,27,3,1,2016-17,Regular Season,203507,Giannis Antetokounmpo
22016,203507,0021600163,2016-11-16,MIL @ ATL,L,40,11,22,0.5,0,2,0.0,4,6,0.667,4,11,15,7,1,2,4,4,26,4,1,2016-17,Regular Season,203507,Giannis Antetokounmpo
22016,203507,0021600170,2016-11-17,MIL @ MIA,L,35,5,15,0.333,0,2,0.0,4,5,0.8,1,6,7,4,0,4,1,4,14,-20,1,2016-17,Regular Season,203507,Giannis Antetokounmpo
22016,203507,0021600191,2016-11-19,MIL vs. GSW,L,41,10,23,0.435,1,3,0.333,9,11,0.818,0,4,4,6,2,1,4,5,30,-4,1,2016-17,Regular Season,203507,Giannis Antetokounmpo
22016,203507,0021600204,2016-11-21,MIL vs. ORL,W,39,6,13,0.462,0,2,0.0,9,9,1.0,2,9,11,10,5,3,4,4,21,14,1,2016-17,Regular Season,203507,Giannis Antetokounmpo
22016,203507,0021600232,2016-11-25,MIL vs. TOR,L,35,12,17,0.706,0,1,0.0,5,6,0.833,0,6,6,11,1,0,4,4,29,-3,1,2016-17,Regular Season,203507,Giannis Antetokounmpo
22016,203507,0021600248,2016-11-27,MIL @ ORL,W,31,7,11,0.636,1,1,1.0,3,4,0.75,1,8,9,4,1,3,6,4,18,9,1,2016-17,Regular Season,203507,Giannis Antetokounmpo
22016,203507,0021600262,2016-11-29,MIL vs. CLE,W,35,13,19,0.684,1,2,0.5,7,10,0.7,1,11,12,5,5,2,6,4,34,20,1,2016-17,Regular Season,203507,Giannis Antetokounmpo
22016,203507,0021600277,2016-12-01,MIL @ BKN,W,30,7,14,0.5,2,5,0.4,7,9,0.778,2,6,8,8,4,2,0,4,23,14,1,2016-17,Regular Season,203507,Giannis Antetokounmpo
22016,203507,0021600291,2016-12-03,MIL vs. BKN,W,35,5,9,0.556,1,3,0.333,5,8,0.625,1,9,10,6,2,5,3,4,16,13,1,2016-17,Regular Season,203507,Giannis Antetokounmpo
22016,203507,0021600309,2016-12-05,MIL vs. SAS,L,29,6,12,0.5,1,1,1.0,9,10,0.9,2,9,11,2,2,1,2,5,22,-3,1,2016-17,Regular Season,203507,Giannis Antetokounmpo
22016,203507,0021600325,2016-12-07,MIL vs. POR,W,40,4,11,0.364,0,3,0.0,7,10,0.7,2,10,12,11,2,4,3,3,15,-3,1,2016-17,Regular Season,203507,Giannis Antetokounmpo
22016,203507,0021600340,2016-12-09,MIL vs. ATL,L,24,5,12,0.417,1,4,0.25,3,4,0.75,0,6,6,1,0,1,6,5,14,-1,1,2016-17,Regular Season,203507,Giannis Antetokounmpo
22016,203507,0021600346,2016-12-10,MIL @ WAS,L,41,11,18,0.611,1,2,0.5,5,7,0.714,3,10,13,7,0,0,7,3,28,1,1,2016-17,Regular Season,203507,Giannis Antetokounmpo
22016,203507,0021600362,2016-12-12,MIL @ TOR,L,39,13,23,0.565,0,3,0.0,4,6,0.667,5,4,9,5,3,0,0,4,30,-11,1,2016-17,Regular Season,203507,Giannis Antetokounmpo
22016,203507,0021600384,2016-12-15,MIL vs. CHI,W,39,13,27,0.481,2,4,0.5,2,2,1.0,3,11,14,3,3,1,2,4,30,15,1,2016-17,Regular Season,203507,Giannis Antetokounmpo
22016,203507,0021600393,2016-12-16,MIL @ CHI,W,35,8,13,0.615,2,3,0.667,4,6,0.667,3,4,7,11,3,1,0,2,22,29,1,2016-17,Regular Season,203507,Giannis Antetokounmpo
22016,203507,0021600423,2016-12-20,MIL vs. CLE,L,44,5,13,0.385,2,3,0.667,13,15,0.867,2,11,13,2,2,3,2,6,25,3,1,2016-17,Regular Season,203507,Giannis Antetokounmpo
22016,203507,0021600429,2016-12-21,MIL @ CLE,L,32,7,13,0.538,1,4,0.25,13,14,0.929,1,4,5,5,2,1,1,1,28,-12,1,2016-17,Regular Season,203507,Giannis Antetokounmpo
22016,203507,0021600447,2016-12-23,MIL vs. WAS,W,33,12,19,0.632,0,1,0.0,15,17,0.882,1,7,8,6,2,1,1,1,39,25,1,2016-17,Regular Season,203507,Giannis Antetokounmpo
22016,203507,0021600461,2016-12-26,MIL @ WAS,L,38,7,13,0.538,0,1,0.0,8,11,0.727,6,7,13,7,0,1,2,3,22,-3,1,2016-17,Regular Season,203507,Giannis Antetokounmpo
22016,203507,0021600479,2016-12-28,MIL @ DET,W,35,8,18,0.444,1,3,0.333,6,7,0.857,1,4,5,8,2,0,1,2,23,17,1,2016-17,Regular Season,203507,Giannis Antetokounmpo
22016,203507,0021600497,2016-12-30,MIL @ MIN,L,32,11,14,0.786,0,0,0.0,3,4,0.75,2,4,6,5,1,1,3,3,25,-18,1,2016-17,Regular Season,203507,Giannis Antetokounmpo
22016,203507,0021600503,2016-12-31,MIL @ CHI,W,41,13,19,0.684,1,1,1.0,8,11,0.727,3,6,9,8,2,7,4,2,35,16,1,2016-17,Regular Season,203507,Giannis Antetokounmpo
22016,203507,0021600513,2017-01-02,MIL vs. OKC,W,41,10,19,0.526,1,3,0.333,5,10,0.5,2,8,10,5,1,1,1,0,26,8,1,2016-17,Regular Season,203507,Giannis Antetokounmpo
22016,203507,0021600531,2017-01-04,MIL @ NYK,W,39,10,18,0.556,1,4,0.25,6,7,0.857,1,12,13,4,1,3,3,2,27,-11,1,2016-17,Regular Season,203507,Giannis Antetokounmpo
22016,203507,0021600548,2017-01-06,MIL vs. NYK,L,38,9,21,0.429,2,5,0.4,5,6,0.833,2,3,5,2,2,6,5,4,25,-2,1,2016-17,Regular Season,203507,Giannis Antetokounmpo
22016,203507,0021600575,2017-01-10,MIL @ SAS,W,9,0,3,0.0,0,1,0.0,0,0,0.0,0,2,2,2,0,1,1,1,0,-15,1,2016-17,Regular Season,203507,Giannis Antetokounmpo
22016,203507,0021600594,2017-01-13,MIL vs. MIA,W,36,8,12,0.667,0,0,0.0,3,4,0.75,1,7,8,6,1,1,3,2,19,3,1,2016-17,Regular Season,203507,Giannis Antetokounmpo
22016,203507,0021600607,2017-01-15,MIL @ ATL,L,40,13,22,0.591,0,2,0.0,7,7,1.0,5,2,7,6,2,3,4,4,33,-9,1,2016-17,Regular Season,203507,Giannis Antetokounmpo
22016,203507,0021600615,2017-01-16,MIL vs. PHI,L,29,10,19,0.526,0,1,0.0,3,5,0.6,2,4,6,2,2,3,3,6,23,0,1,2016-17,Regular Season,203507,Giannis Antetokounmpo
22016,203507,0021600632,2017-01-18,MIL @ HOU,L,37,13,20,0.65,1,4,0.25,5,6,0.833,1,10,11,6,1,3,4,3,32,-11,1,2016-17,Regular Season,203507,Giannis Antetokounmpo
22016,203507,0021600643,2017-01-20,MIL @ ORL,L,36,6,17,0.353,1,4,0.25,4,4,1.0,2,12,14,6,1,0,4,6,17,-9,1,2016-17,Regular Season,203507,Giannis Antetokounmpo
22016,203507,0021600655,2017-01-21,MIL @ MIA,L,38,8,20,0.4,2,5,0.4,6,8,0.75,4,6,10,3,2,0,2,2,24,-7,1,2016-17,Regular Season,203507,Giannis Antetokounmpo
22016,203507,0021600670,2017-01-23,MIL vs. HOU,W,36,11,17,0.647,2,3,0.667,7,8,0.875,3,4,7,3,1,4,5,3,31,12,1,2016-17,Regular Season,203507,Giannis Antetokounmpo
22016,203507,0021600684,2017-01-25,MIL vs. PHI,L,39,7,19,0.368,0,7,0.0,3,3,1.0,6,6,12,5,4,0,2,0,17,-15,1,2016-17,Regular Season,203507,Giannis Antetokounmpo
22016,203507,0021600698,2017-01-27,MIL @ TOR,L,33,7,15,0.467,0,0,0.0,5,8,0.625,0,6,6,8,1,3,3,5,19,-8,1,2016-17,Regular Season,203507,Giannis Antetokounmpo
22016,203507,0021600706,2017-01-28,MIL vs. BOS,L,45,8,16,0.5,2,3,0.667,3,4,0.75,0,7,7,6,0,1,2,2,21,1,1,2016-17,Regular Season,203507,Giannis Antetokounmpo
22016,203507,0021600738,2017-02-01,MIL @ UTA,L,39,2,10,0.2,0,2,0.0,5,6,0.833,2,4,6,4,1,0,3,3,9,-20,1,2016-17,Regular Season,203507,Giannis Antetokounmpo
22016,203507,0021600752,2017-02-03,MIL @ DEN,L,35,9,13,0.692,1,3,0.333,4,4,1.0,0,8,8,5,2,2,5,5,23,-12,2,2016-17,Regular Season,203507,Giannis Antetokounmpo
22016,203507,0021600761,2017-02-04,MIL @ PHX,W,34,12,20,0.6,0,3,0.0,6,9,0.667,2,10,12,6,0,4,4,4,30,34,1,2016-17,Regular Season,203507,Giannis Antetokounmpo
22016,203507,0021600787,2017-02-08,MIL vs. MIA,L,36,9,15,0.6,2,3,0.667,2,2,1.0,2,6,8,1,2,1,4,1,22,-18,1,2016-17,Regular Season,203507,Giannis Antetokounmpo
22016,203507,0021600802,2017-02-10,MIL vs. LAL,L,42,11,20,0.55,1,6,0.167,18,21,0.857,1,7,8,6,2,3,5,3,41,-8,1,2016-17,Regular Season,203507,Giannis Antetokounmpo
22016,203507,0021600809,2017-02-11,MIL @ IND,W,34,4,9,0.444,0,1,0.0,12,14,0.857,2,6,8,10,1,2,2,5,20,12,1,2016-17,Regular Season,203507,Giannis Antetokounmpo
22016,203507,0021600824,2017-02-13,MIL vs. DET,W,37,2,9,0.222,0,2,0.0,4,4,1.0,0,4,4,6,1,1,1,2,8,8,1,2016-17,Regular Season,203507,Giannis Antetokounmpo
22016,203507,0021600838,2017-02-15,MIL @ BKN,W,40,13,25,0.52,0,1,0.0,7,10,0.7,2,7,9,3,4,1,0,2,33,7,1,2016-17,Regular Season,203507,Giannis Antetokounmpo
22016,203507,0021600860,2017-02-24,MIL vs. UTA,L,34,10,16,0.625,2,4,0.5,11,15,0.733,4,8,12,3,4,1,6,4,33,-4,1,2016-17,Regular Season,203507,Giannis Antetokounmpo
22016,203507,0021600875,2017-02-26,MIL vs. PHX,W,36,11,13,0.846,0,0,0.0,6,7,0.857,1,7,8,6,1,2,4,3,28,5,1,2016-17,Regular Season,203507,Giannis Antetokounmpo
22016,203507,0021600884,2017-02-27,MIL @ CLE,L,42,4,13,0.308,0,2,0.0,1,4,0.25,0,7,7,8,0,1,3,3,9,-12,1,2016-17,Regular Season,203507,Giannis Antetokounmpo
22016,203507,0021600899,2017-03-01,MIL vs. DEN,L,34,5,13,0.385,0,1,0.0,5,6,0.833,2,7,9,4,0,3,6,3,15,-7,1,2016-17,Regular Season,203507,Giannis Antetokounmpo
22016,203507,0021600912,2017-03-03,MIL vs. LAC,W,31,10,13,0.769,0,0,0.0,4,5,0.8,0,5,5,8,2,2,1,4,24,12,1,2016-17,Regular Season,203507,Giannis Antetokounmpo
22016,203507,0021600920,2017-03-04,MIL vs. TOR,W,35,8,13,0.615,0,0,0.0,5,6,0.833,2,8,10,4,0,1,1,2,21,-8,1,2016-17,Regular Season,203507,Giannis Antetokounmpo
22016,203507,0021600934,2017-03-06,MIL @ PHI,W,35,7,13,0.538,1,2,0.5,9,12,0.75,1,7,8,5,2,3,0,1,24,14,1,2016-17,Regular Season,203507,Giannis Antetokounmpo
22016,203507,0021600952,2017-03-08,MIL vs. NYK,W,41,11,21,0.524,0,1,0.0,10,13,0.769,6,7,13,7,4,2,1,2,32,10,1,2016-17,Regular Season,203507,Giannis Antetokounmpo
22016,203507,0021600967,2017-03-10,MIL vs. IND,W,39,7,13,0.538,1,3,0.333,6,6,1.0,0,8,8,5,5,1,6,3,21,13,1,2016-17,Regular Season,203507,Giannis Antetokounmpo
22016,203507,0021600978,2017-03-11,MIL vs. MIN,W,40,6,15,0.4,0,1,0.0,6,7,0.857,0,4,4,7,0,2,2,5,18,1,1,2016-17,Regular Season,203507,Giannis Antetokounmpo
22016,203507,0021600993,2017-03-13,MIL @ MEM,L,28,6,14,0.429,1,4,0.25,5,7,0.714,0,5,5,4,1,0,2,3,18,-7,1,2016-17,Regular Season,203507,Giannis Antetokounmpo
22016,203507,0021601013,2017-03-15,MIL @ LAC,W,28,5,10,0.5,0,0,0.0,6,9,0.667,0,5,5,5,0,1,2,4,16,-9,2,2016-17,Regular Season,203507,Giannis Antetokounmpo
22016,203507,0021601027,2017-03-17,MIL @ LAL,W,35,11,16,0.688,1,1,1.0,3,6,0.5,2,6,8,4,0,2,4,6,26,-5,1,2016-17,Regular Season,203507,Giannis Antetokounmpo
22016,203507,0021601035,2017-03-18,MIL @ GSW,L,31,4,14,0.286,0,1,0.0,1,2,0.5,1,2,3,3,2,3,2,2,9,-25,1,2016-17,Regular Season,203507,Giannis Antetokounmpo
22016,203507,0021601057,2017-03-21,MIL @ POR,W,36,8,21,0.381,0,1,0.0,6,7,0.857,1,7,8,3,0,2,1,4,22,5,1,2016-17,Regular Season,203507,Giannis Antetokounmpo
22016,203507,0021601065,2017-03-22,MIL @ SAC,W,40,12,22,0.545,1,2,0.5,7,10,0.7,3,11,14,5,2,1,0,2,32,20,1,2016-17,Regular Season,203507,Giannis Antetokounmpo
22016,203507,0021601078,2017-03-24,MIL vs. ATL,W,36,13,22,0.591,1,3,0.333,7,9,0.778,4,9,13,5,2,3,1,2,34,-4,1,2016-17,Regular Season,203507,Giannis Antetokounmpo
22016,203507,0021601090,2017-03-26,MIL vs. CHI,L,37,8,14,0.571,0,2,0.0,6,10,0.6,0,8,8,4,0,0,3,1,22,-17,1,2016-17,Regular Season,203507,Giannis Antetokounmpo
22016,203507,0021601103,2017-03-28,MIL @ CHA,W,39,8,13,0.615,1,1,1.0,3,4,0.75,0,8,8,2,0,1,1,2,20,1,1,2016-17,Regular Season,203507,Giannis Antetokounmpo
22016,203507,0021601113,2017-03-29,MIL @ BOS,W,33,8,17,0.471,2,4,0.5,4,7,0.571,4,5,9,3,3,3,2,1,22,-7,1,2016-17,Regular Season,203507,Giannis Antetokounmpo
22016,203507,0021601130,2017-03-31,MIL vs. DET,W,45,7,16,0.438,0,1,0.0,14,21,0.667,2,12,14,9,1,2,4,3,28,9,1,2016-17,Regular Season,203507,Giannis Antetokounmpo
22016,203507,0021601144,2017-04-02,MIL vs. DAL,L,40,10,18,0.556,0,3,0.0,11,12,0.917,1,14,15,9,4,2,5,2,31,-2,1,2016-17,Regular Season,203507,Giannis Antetokounmpo
22016,203507,0021601159,2017-04-04,MIL @ OKC,L,24,3,10,0.3,0,1,0.0,5,8,0.625,4,6,10,4,0,3,4,2,11,-24,1,2016-17,Regular Season,203507,Giannis Antetokounmpo
22016,203507,0021601175,2017-04-06,MIL @ IND,L,35,7,14,0.5,0,1,0.0,11,13,0.846,2,5,7,6,0,1,3,2,25,-17,1,2016-17,Regular Season,203507,Giannis Antetokounmpo
22016,203507,0021601191,2017-04-08,MIL @ PHI,W,40,7,15,0.467,0,3,0.0,6,11,0.545,0,10,10,6,3,2,4,3,20,6,1,2016-17,Regular Season,203507,Giannis Antetokounmpo
22016,203507,0021601207,2017-04-10,MIL vs. CHA,W,36,5,11,0.455,0,0,0.0,0,0,0.0,0,11,11,10,0,1,4,0,10,23,2,2016-17,Regular Season,203507,Giannis Antetokounmpo
42016,203507,0041600121,2017-04-15,MIL @ TOR,W,38,13,18,0.722,0,2,0.0,2,5,0.4,0,8,8,3,2,1,1,4,28,10,1,2016-17,Playoffs,203507,Giannis Antetokounmpo
42016,203507,0041600122,2017-04-18,MIL @ TOR,L,42,9,24,0.375,1,3,0.333,5,7,0.714,6,9,15,7,2,0,4,3,24,6,1,2016-17,Playoffs,203507,Giannis Antetokounmpo
42016,203507,0041600123,2017-04-20,MIL vs. TOR,W,33,7,10,0.7,2,2,1.0,3,8,0.375,0,8,8,4,2,2,3,1,19,29,1,2016-17,Playoffs,203507,Giannis Antetokounmpo
42016,203507,0041600124,2017-04-22,MIL vs. TOR,L,42,6,19,0.316,0,1,0.0,2,4,0.5,3,6,9,4,2,2,7,4,14,-16,1,2016-17,Playoffs,203507,Giannis Antetokounmpo
42016,203507,0041600125,2017-04-24,MIL @ TOR,L,41,12,18,0.667,0,0,0.0,6,9,0.667,0,8,8,3,3,3,2,5,30,-24,1,2016-17,Playoffs,203507,Giannis Antetokounmpo
42016,203507,0041600126,2017-04-27,MIL vs. TOR,L,47,13,23,0.565,1,2,0.5,7,13,0.538,1,8,9,3,2,2,3,4,34,1,1,2016-17,Playoffs,203507,Giannis Antetokounmpo
22016,203954,0021600011,2016-10-26,PHI vs. OKC,L,22,6,16,0.375,1,3,0.333,7,8,0.875,0,7,7,0,0,2,4,4,20,-4,1,2016-17,Regular Season,203954,Joel Embiid
22016,203954,0021600026,2016-10-29,PHI vs. ATL,L,15,5,9,0.556,1,1,1.0,3,4,0.75,0,2,2,1,1,2,3,3,14,-3,1,2016-17,Regular Season,203954,Joel Embiid
22016,203954,0021600046,2016-11-01,PHI vs. ORL,L,25,6,12,0.5,0,1,0.0,6,9,0.667,3,7,10,3,0,4,4,2,18,5,1,2016-17,Regular Season,203954,Joel Embiid
22016,203954,0021600080,2016-11-05,PHI vs. CLE,L,25,7,13,0.538,4,4,1.0,4,4,1.0,2,4,6,2,1,4,6,3,22,-11,1,2016-17,Regular Season,203954,Joel Embiid
22016,203954,0021600093,2016-11-07,PHI vs. UTA,L,19,4,8,0.5,0,0,0.0,6,9,0.667,4,5,9,0,1,1,5,5,14,-7,1,2016-17,Regular Season,203954,Joel Embiid
22016,203954,0021600121,2016-11-11,PHI vs. IND,W,26,6,18,0.333,1,3,0.333,12,14,0.857,3,4,7,2,0,2,5,3,25,4,1,2016-17,Regular Season,203954,Joel Embiid
22016,203954,0021600149,2016-11-14,PHI @ HOU,L,23,6,10,0.6,0,2,0.0,1,1,1.0,2,8,10,1,1,2,6,5,13,3,1,2016-17,Regular Season,203954,Joel Embiid
22016,203954,0021600172,2016-11-17,PHI @ MIN,L,22,4,9,0.444,0,1,0.0,2,4,0.5,4,6,10,0,0,1,2,3,10,-19,1,2016-17,Regular Season,203954,Joel Embiid
22016,203954,0021600189,2016-11-19,PHI vs. PHX,W,20,9,14,0.643,3,5,0.6,5,6,0.833,0,7,7,2,0,2,3,4,26,16,1,2016-17,Regular Season,203954,Joel Embiid
22016,203954,0021600199,2016-11-21,PHI vs. MIA,W,23,7,13,0.538,1,2,0.5,7,9,0.778,0,5,5,0,1,3,1,2,22,6,1,2016-17,Regular Season,203954,Joel Embiid
22016,203954,0021600212,2016-11-23,PHI vs. MEM,L,27,4,10,0.4,1,4,0.25,3,4,0.75,1,10,11,3,1,3,7,5,12,6,1,2016-17,Regular Season,203954,Joel Embiid
22016,203954,0021600245,2016-11-27,PHI vs. CLE,L,25,8,18,0.444,3,4,0.75,3,5,0.6,4,5,9,4,0,3,3,2,22,-3,1,2016-17,Regular Season,203954,Joel Embiid
22016,203954,0021600282,2016-12-02,PHI vs. ORL,L,27,10,21,0.476,3,5,0.6,2,2,1.0,4,6,10,4,0,0,0,3,25,3,1,2016-17,Regular Season,203954,Joel Embiid
22016,203954,0021600304,2016-12-05,PHI vs. DEN,L,26,5,15,0.333,1,3,0.333,5,6,0.833,1,3,4,1,0,5,3,3,16,-9,1,2016-17,Regular Season,203954,Joel Embiid
22016,203954,0021600334,2016-12-08,PHI @ NOP,W,27,5,15,0.333,0,5,0.0,4,5,0.8,3,4,7,2,3,4,3,3,14,27,1,2016-17,Regular Season,203954,Joel Embiid
22016,203954,0021600374,2016-12-14,PHI vs. TOR,L,27,3,6,0.5,0,2,0.0,3,5,0.6,1,5,6,5,1,2,4,5,9,-10,1,2016-17,Regular Season,203954,Joel Embiid
22016,203954,0021600396,2016-12-16,PHI vs. LAL,L,29,5,14,0.357,2,4,0.5,3,8,0.375,2,2,4,2,0,2,3,2,15,-6,1,2016-17,Regular Season,203954,Joel Embiid
22016,203954,0021600408,2016-12-18,PHI vs. BKN,W,27,12,17,0.706,2,3,0.667,7,8,0.875,2,8,10,1,2,3,3,2,33,7,1,2016-17,Regular Season,203954,Joel Embiid
22016,203954,0021600418,2016-12-20,PHI vs. NOP,L,25,4,12,0.333,0,3,0.0,3,5,0.6,0,6,6,1,1,1,2,5,11,-17,1,2016-17,Regular Season,203954,Joel Embiid
22016,203954,0021600453,2016-12-23,PHI @ PHX,L,28,8,15,0.533,1,3,0.333,10,11,0.909,0,7,7,1,0,2,3,3,27,-12,1,2016-17,Regular Season,203954,Joel Embiid
22016,203954,0021600471,2016-12-26,PHI @ SAC,L,29,8,17,0.471,1,4,0.25,8,9,0.889,4,4,8,1,2,2,8,5,25,3,1,2016-17,Regular Season,203954,Joel Embiid
22016,203954,0021600500,2016-12-30,PHI @ DEN,W,29,5,13,0.385,1,5,0.2,12,14,0.857,3,3,6,5,2,3,5,6,23,8,1,2016-17,Regular Season,203954,Joel Embiid
22016,203954,0021600521,2017-01-03,PHI vs. MIN,W,30,8,20,0.4,1,3,0.333,8,11,0.727,5,3,8,3,1,2,3,3,25,11,1,2016-17,Regular Season,203954,Joel Embiid
22016,203954,0021600546,2017-01-06,PHI @ BOS,L,26,6,12,0.5,1,3,0.333,10,10,1.0,0,8,8,3,0,2,4,6,23,-1,1,2016-17,Regular Season,203954,Joel Embiid
22016,203954,0021600560,2017-01-08,PHI @ BKN,W,24,8,14,0.571,0,3,0.0,4,5,0.8,1,4,5,4,0,2,3,4,20,10,1,2016-17,Regular Season,203954,Joel Embiid
22016,203954,0021600580,2017-01-11,PHI vs. NYK,W,27,7,20,0.35,1,3,0.333,6,7,0.857,5,9,14,1,1,1,1,3,21,9,1,2016-17,Regular Season,203954,Joel Embiid
22016,203954,0021600593,2017-01-13,PHI vs. CHA,W,28,6,12,0.5,0,5,0.0,12,14,0.857,0,8,8,1,2,3,5,5,24,23,1,2016-17,Regular Season,203954,Joel Embiid
22016,203954,0021600615,2017-01-16,PHI @ MIL,W,28,4,9,0.444,1,3,0.333,13,18,0.722,3,10,13,2,2,5,4,3,22,13,1,2016-17,Regular Season,203954,Joel Embiid
22016,203954,0021600627,2017-01-18,PHI vs. TOR,W,27,6,13,0.462,2,5,0.4,12,14,0.857,0,9,9,2,1,2,4,5,26,20,1,2016-17,Regular Season,203954,Joel Embiid
22016,203954,0021600641,2017-01-20,PHI vs. POR,W,22,7,14,0.5,0,0,0.0,4,9,0.444,3,7,10,5,0,4,5,2,18,-1,1,2016-17,Regular Season,203954,Joel Embiid
22016,203954,0021600694,2017-01-27,PHI vs. HOU,L,28,11,20,0.55,4,6,0.667,6,6,1.0,1,6,7,4,3,2,5,3,32,0,1,2016-17,Regular Season,203954,Joel Embiid
22016,203999,0021600010,2016-10-26,DEN @ NOP,W,21,2,5,0.4,1,2,0.5,0,0,0.0,1,6,7,2,0,0,4,4,5,5,1,2016-17,Regular Season,203999,Nikola Jokić
22016,203999,0021600033,2016-10-29,DEN vs. POR,L,34,10,20,0.5,1,5,0.2,2,3,0.667,6,11,17,2,4,1,1,5,23,-1,1,2016-17,Regular Season,203999,Nikola Jokić
22016,203999,0021600042,2016-10-31,DEN @ TOR,L,22,6,9,0.667,0,1,0.0,0,0,0.0,2,2,4,1,0,0,4,4,12,-9,1,2016-17,Regular Season,203999,Nikola Jokić
22016,203999,0021600067,2016-11-03,DEN @ MIN,W,14,3,3,1.0,0,0,0.0,2,4,0.5,1,2,3,5,0,0,1,3,8,7,1,2016-17,Regular Season,203999,Nikola Jokić
22016,203999,0021600082,2016-11-05,DEN @ DET,L,23,3,9,0.333,0,0,0.0,0,0,0.0,2,4,6,0,1,1,1,3,6,-14,1,2016-17,Regular Season,203999,Nikola Jokić
22016,203999,0021600091,2016-11-06,DEN @ BOS,W,22,4,5,0.8,0,1,0.0,1,1,1.0,0,5,5,2,1,1,1,2,9,6,1,2016-17,Regular Season,203999,Nikola Jokić
22016,203999,0021600102,2016-11-08,DEN @ MEM,L,28,4,10,0.4,1,3,0.333,3,4,0.75,1,4,5,2,2,0,0,4,12,5,1,2016-17,Regular Season,203999,Nikola Jokić
22016,203999,0021600119,2016-11-10,DEN vs. GSW,L,18,1,5,0.2,0,3,0.0,2,2,1.0,1,2,3,2,1,0,0,3,4,-21,1,2016-17,Regular Season,203999,Nikola Jokić
22016,203999,0021600138,2016-11-12,DEN vs. DET,L,20,2,7,0.286,0,0,0.0,2,2,1.0,2,1,3,1,1,0,1,1,6,-6,1,2016-17,Regular Season,203999,Nikola Jokić
22016,203999,0021600144,2016-11-13,DEN @ POR,L,26,0,3,0.0,0,0,0.0,0,0,0.0,0,5,5,3,1,1,2,5,0,11,1,2016-17,Regular Season,203999,Nikola Jokić
22016,203999,0021600166,2016-11-16,DEN vs. PHX,W,19,3,4,0.75,0,0,0.0,4,5,0.8,0,2,2,2,0,0,1,3,10,-1,1,2016-17,Regular Season,203999,Nikola Jokić
22016,203999,0021600181,2016-11-18,DEN vs. TOR,L,27,4,8,0.5,0,2,0.0,0,0,0.0,2,10,12,4,0,2,3,3,8,3,1,2016-17,Regular Season,203999,Nikola Jokić
22016,203999,0021600197,2016-11-20,DEN vs. UTA,W,21,5,8,0.625,1,1,1.0,1,2,0.5,2,4,6,4,0,1,0,3,12,11,1,2016-17,Regular Season,203999,Nikola Jokić
22016,203999,0021600210,2016-11-22,DEN vs. CHI,W,18,3,5,0.6,0,0,0.0,2,2,1.0,3,5,8,3,1,1,0,1,8,13,1,2016-17,Regular Season,203999,Nikola Jokić
22016,203999,0021600221,2016-11-23,DEN @ UTA,L,23,4,6,0.667,0,0,0.0,1,2,0.5,1,4,5,6,0,0,0,4,9,-3,1,2016-17,Regular Season,203999,Nikola Jokić
22016,203999,0021600235,2016-11-25,DEN vs. OKC,L,29,3,7,0.429,1,2,0.5,0,0,0.0,3,3,6,5,0,2,3,5,7,-6,1,2016-17,Regular Season,203999,Nikola Jokić
22016,203999,0021600246,2016-11-27,DEN @ PHX,W,31,3,8,0.375,1,2,0.5,6,6,1.0,3,8,11,3,0,1,1,2,13,11,1,2016-17,Regular Season,203999,Nikola Jokić
22016,203999,0021600273,2016-11-30,DEN vs. MIA,L,24,7,11,0.636,0,0,0.0,3,4,0.75,3,11,14,3,1,0,1,3,17,1,1,2016-17,Regular Season,203999,Nikola Jokić
22016,203999,0021600323,2016-12-07,DEN @ BKN,L,21,5,7,0.714,0,0,0.0,4,4,1.0,7,3,10,3,0,1,1,3,14,18,1,2016-17,Regular Season,203999,Nikola Jokić
22016,203999,0021600332,2016-12-08,DEN @ WAS,L,28,6,10,0.6,0,0,0.0,5,7,0.714,7,4,11,1,0,1,4,1,17,-20,1,2016-17,Regular Season,203999,Nikola Jokić
22016,203999,0021600347,2016-12-10,DEN @ ORL,W,26,6,11,0.545,0,3,0.0,2,2,1.0,1,5,6,6,1,2,1,3,14,22,1,2016-17,Regular Season,203999,Nikola Jokić
22016,203999,0021600365,2016-12-12,DEN @ DAL,L,26,10,12,0.833,0,0,0.0,7,7,1.0,7,4,11,4,1,1,1,1,27,2,1,2016-17,Regular Season,203999,Nikola Jokić
22016,203999,0021600386,2016-12-15,DEN vs. POR,W,19,5,6,0.833,1,1,1.0,2,3,0.667,0,4,4,5,0,0,1,5,13,15,1,2016-17,Regular Season,203999,Nikola Jokić
22016,203999,0021600404,2016-12-17,DEN vs. NYK,W,20,5,8,0.625,0,0,0.0,0,0,0.0,2,7,9,5,0,0,1,5,10,6,1,2016-17,Regular Season,203999,Nikola Jokić
22016,203999,0021600417,2016-12-19,DEN vs. DAL,W,38,13,17,0.765,1,1,1.0,0,0,0.0,3,14,17,9,1,0,3,1,27,20,1,2016-17,Regular Season,203999,Nikola Jokić
22016,203999,0021600426,2016-12-20,DEN @ LAC,L,21,4,7,0.571,0,2,0.0,1,2,0.5,2,4,6,1,0,0,2,3,9,-21,1,2016-17,Regular Season,203999,Nikola Jokić
22016,203999,0021600451,2016-12-23,DEN vs. ATL,L,19,3,4,0.75,1,1,1.0,1,2,0.5,1,6,7,6,0,3,5,6,8,5,1,2016-17,Regular Season,203999,Nikola Jokić
22016,203999,0021600470,2016-12-26,DEN @ LAC,W,32,11,16,0.688,2,3,0.667,0,1,0.0,2,8,10,4,3,0,2,4,24,17,1,2016-17,Regular Season,203999,Nikola Jokić
22016,203999,0021600483,2016-12-28,DEN vs. MIN,W,34,6,12,0.5,0,2,0.0,4,5,0.8,2,6,8,11,0,1,2,3,16,-3,1,2016-17,Regular Season,203999,Nikola Jokić
22016,203999,0021600500,2016-12-30,DEN vs. PHI,L,22,9,13,0.692,0,0,0.0,7,9,0.778,2,5,7,4,0,0,2,5,25,-1,1,2016-17,Regular Season,203999,Nikola Jokić
22016,203999,0021600520,2017-01-02,DEN @ GSW,L,25,8,17,0.471,1,2,0.5,4,4,1.0,8,5,13,5,1,0,2,2,21,-5,1,2016-17,Regular Season,203999,Nikola Jokić
22016,203999,0021600526,2017-01-03,DEN vs. SAC,L,28,7,11,0.636,1,2,0.5,3,3,1.0,1,5,6,5,1,1,1,3,18,-20,1,2016-17,Regular Season,203999,Nikola Jokić
22016,203999,0021600543,2017-01-05,DEN vs. SAS,L,27,8,10,0.8,0,0,0.0,3,4,0.75,5,6,11,5,1,0,3,2,19,-9,1,2016-17,Regular Season,203999,Nikola Jokić
22016,203999,0021600589,2017-01-12,DEN vs. IND,W,30,7,11,0.636,2,3,0.667,6,6,1.0,3,7,10,8,1,1,3,1,22,29,1,2016-17,Regular Season,203999,Nikola Jokić
22016,203999,0021600617,2017-01-16,DEN vs. ORL,W,36,13,19,0.684,1,2,0.5,3,5,0.6,3,8,11,5,3,1,2,2,30,18,1,2016-17,Regular Season,203999,Nikola Jokić
22016,203999,0021600626,2017-01-17,DEN @ LAL,W,34,12,22,0.545,1,5,0.2,4,6,0.667,7,8,15,1,0,3,2,3,29,21,1,2016-17,Regular Season,203999,Nikola Jokić
22016,203999,0021600639,2017-01-19,DEN @ SAS,L,38,14,22,0.636,2,4,0.5,5,5,1.0,4,8,12,4,0,2,3,2,35,-17,1,2016-17,Regular Season,203999,Nikola Jokić
22016,203999,0021600658,2017-01-21,DEN vs. LAC,W,21,8,11,0.727,2,3,0.667,1,1,1.0,3,7,10,3,0,0,3,3,19,20,1,2016-17,Regular Season,203999,Nikola Jokić
22016,203999,0021600664,2017-01-22,DEN @ MIN,L,27,8,15,0.533,0,3,0.0,2,2,1.0,5,4,9,4,2,2,4,5,18,-7,1,2016-17,Regular Season,203999,Nikola Jokić
22016,203999,0021600678,2017-01-24,DEN vs. UTA,W,35,9,15,0.6,0,4,0.0,5,5,1.0,0,11,11,6,2,3,4,3,23,3,1,2016-17,Regular Season,203999,Nikola Jokić
22016,203999,0021600692,2017-01-26,DEN vs. PHX,W,36,12,21,0.571,0,2,0.0,5,6,0.833,8,6,14,8,1,2,3,2,29,21,1,2016-17,Regular Season,203999,Nikola Jokić
22016,203999,0021600752,2017-02-03,DEN vs. MIL,W,32,8,15,0.533,2,4,0.5,2,2,1.0,6,6,12,11,1,0,2,0,20,8,2,2016-17,Regular Season,203999,Nikola Jokić
22016,203999,0021600762,2017-02-04,DEN @ SAS,L,15,5,9,0.556,1,2,0.5,0,0,0.0,1,0,1,2,0,0,5,3,11,-14,1,2016-17,Regular Season,203999,Nikola Jokić
22016,203999,0021600776,2017-02-06,DEN vs. DAL,W,24,5,9,0.556,0,1,0.0,3,3,1.0,1,3,4,9,1,0,2,5,13,18,1,2016-17,Regular Season,203999,Nikola Jokić
22016,203999,0021600785,2017-02-08,DEN @ ATL,L,34,8,17,0.471,2,3,0.667,0,0,0.0,9,6,15,3,0,0,0,4,18,-12,1,2016-17,Regular Season,203999,Nikola Jokić
22016,203999,0021600800,2017-02-10,DEN @ NYK,W,37,17,23,0.739,2,3,0.667,4,5,0.8,4,5,9,5,2,0,2,2,40,19,1,2016-17,Regular Season,203999,Nikola Jokić
22016,203999,0021600811,2017-02-11,DEN @ CLE,L,38,9,18,0.5,1,2,0.5,8,10,0.8,6,7,13,4,0,2,5,2,27,-10,1,2016-17,Regular Season,203999,Nikola Jokić
22016,203999,0021600827,2017-02-13,DEN vs. GSW,W,36,7,13,0.538,0,0,0.0,3,4,0.75,6,15,21,12,2,0,6,3,17,33,1,2016-17,Regular Season,203999,Nikola Jokić
22016,203999,0021600842,2017-02-15,DEN vs. MIN,L,34,6,19,0.316,2,5,0.4,1,2,0.5,4,10,14,4,1,3,2,5,15,1,1,2016-17,Regular Season,203999,Nikola Jokić
22016,203999,0021600855,2017-02-23,DEN @ SAC,L,26,2,7,0.286,0,2,0.0,0,0,0.0,2,9,11,2,0,0,1,3,4,5,1,2016-17,Regular Season,203999,Nikola Jokić
22016,203999,0021600864,2017-02-24,DEN vs. BKN,W,15,1,1,1.0,0,0,0.0,0,0,0.0,3,2,5,7,1,1,4,4,2,6,1,2016-17,Regular Season,203999,Nikola Jokić
22016,203999,0021600876,2017-02-26,DEN vs. MEM,L,33,5,11,0.455,0,2,0.0,0,0,0.0,2,9,11,6,1,1,2,3,10,4,1,2016-17,Regular Season,203999,Nikola Jokić
22016,203999,0021600891,2017-02-28,DEN @ CHI,W,33,6,10,0.6,3,3,1.0,4,4,1.0,2,14,16,10,0,1,3,1,19,19,1,2016-17,Regular Season,203999,Nikola Jokić
22016,203999,0021600899,2017-03-01,DEN @ MIL,W,30,6,10,0.6,0,0,0.0,1,2,0.5,4,10,14,10,1,0,3,1,13,17,1,2016-17,Regular Season,203999,Nikola Jokić
22016,203999,0021600923,2017-03-04,DEN vs. CHA,L,33,13,15,0.867,0,0,0.0,5,8,0.625,3,11,14,4,1,0,4,1,31,-1,1,2016-17,Regular Season,203999,Nikola Jokić
22016,203999,0021600970,2017-03-10,DEN vs. BOS,W,27,8,10,0.8,1,2,0.5,4,6,0.667,3,7,10,7,4,1,7,4,21,8,1,2016-17,Regular Season,203999,Nikola Jokić
22016,203999,0021600984,2017-03-11,DEN @ SAC,W,30,7,12,0.583,1,3,0.333,5,5,1.0,3,11,14,2,2,0,2,1,20,14,1,2016-17,Regular Season,203999,Nikola Jokić
22016,203999,0021600998,2017-03-13,DEN vs. LAL,W,24,8,13,0.615,0,3,0.0,2,2,1.0,1,8,9,4,1,0,1,2,18,16,1,2016-17,Regular Season,203999,Nikola Jokić
22016,203999,0021601018,2017-03-16,DEN vs. LAC,W,30,7,12,0.583,0,1,0.0,3,3,1.0,3,11,14,10,0,0,2,2,17,7,1,2016-17,Regular Season,203999,Nikola Jokić
22016,203999,0021601034,2017-03-18,DEN vs. HOU,L,22,7,14,0.5,1,2,0.5,1,1,1.0,2,3,5,4,0,1,3,5,16,6,1,2016-17,Regular Season,203999,Nikola Jokić
22016,203999,0021601048,2017-03-20,DEN @ HOU,L,40,7,14,0.5,0,3,0.0,8,8,1.0,1,12,13,8,0,1,5,3,22,-9,1,2016-17,Regular Season,203999,Nikola Jokić
22016,203999,0021601064,2017-03-22,DEN vs. CLE,W,29,8,10,0.8,0,0,0.0,0,0,0.0,2,8,10,7,0,0,3,2,16,5,1,2016-17,Regular Season,203999,Nikola Jokić
22016,203999,0021601075,2017-03-24,DEN @ IND,W,34,12,18,0.667,1,2,0.5,5,5,1.0,4,12,16,5,1,0,4,2,30,9,1,2016-17,Regular Season,203999,Nikola Jokić
22016,203999,0021601095,2017-03-26,DEN vs. NOP,L,18,4,14,0.286,0,3,0.0,0,0,0.0,3,10,13,2,0,0,0,3,8,-6,1,2016-17,Regular Season,203999,Nikola Jokić
22016,203999,0021601109,2017-03-28,DEN @ POR,L,36,7,14,0.5,1,6,0.167,2,2,1.0,3,5,8,8,0,2,3,4,17,-8,1,2016-17,Regular Season,203999,Nikola Jokić
22016,203999,0021601127,2017-03-31,DEN @ CHA,L,37,11,16,0.688,2,3,0.667,2,3,0.667,3,10,13,10,0,0,2,4,26,3,1,2016-17,Regular Season,203999,Nikola Jokić
22016,203999,0021601149,2017-04-02,DEN @ MIA,W,35,9,16,0.563,0,2,0.0,1,1,1.0,1,9,10,7,2,0,1,2,19,16,1,2016-17,Regular Season,203999,Nikola Jokić
22016,203999,0021601158,2017-04-04,DEN @ NOP,W,34,10,18,0.556,0,2,0.0,1,2,0.5,4,8,12,4,0,0,1,2,21,-8,1,2016-17,Regular Season,203999,Nikola Jokić
22016,203999,0021601168,2017-04-05,DEN @ HOU,L,34,6,17,0.353,0,5,0.0,0,0,0.0,3,16,19,9,5,1,2,3,12,8,1,2016-17,Regular Season,203999,Nikola Jokić
22016,203999,0021601184,2017-04-07,DEN vs. NOP,W,29,9,13,0.692,2,2,1.0,3,4,0.75,3,9,12,5,2,0,7,1,23,18,1,2016-17,Regular Season,203999,Nikola Jokić
22016,203999,0021601198,2017-04-09,DEN vs. OKC,L,31,8,16,0.5,1,5,0.2,6,6,1.0,1,5,6,3,1,1,3,5,23,-3,1,2016-17,Regular Season,203999,Nikola Jokić
22016,203999,0021601214,2017-04-11,DEN @ DAL,W,20,3,6,0.5,1,3,0.333,0,0,0.0,1,7,8,4,0,0,1,2,7,-7,1,2016-17,Regular Season,203999,Nikola Jokić
22016,203999,0021601225,2017-04-12,DEN @ OKC,W,40,9,14,0.643,0,0,0.0,11,14,0.786,2,14,16,8,1,5,4,4,29,9,1,2016-17,Regular Season,203999,Nikola Jokić
22016,203081,0021600002,2016-10-25,POR vs. UTA,W,35,13,20,0.65,4,6,0.667,9,9,1.0,1,8,9,6,0,0,4,3,39,1,1,2016-17,Regular Season,203081,Damian Lillard
22016,203081,0021600017,2016-10-27,POR vs. LAC,L,36,11,24,0.458,2,5,0.4,5,7,0.714,1,9,10,3,0,0,4,6,29,13,1,2016-17,Regular Season,203081,Damian Lillard
22016,203081,0021600033,2016-10-29,POR @ DEN,W,41,15,28,0.536,2,8,0.25,5,5,1.0,1,4,5,7,2,1,5,2,37,2,1,2016-17,Regular Season,203081,Damian Lillard
22016,203081,0021600054,2016-11-01,POR vs. GSW,L,32,8,19,0.421,4,10,0.4,11,13,0.846,0,1,1,2,1,0,1,3,31,-29,1,2016-17,Regular Season,203081,Damian Lillard
22016,203081,0021600063,2016-11-02,POR @ PHX,L,40,9,22,0.409,1,8,0.125,8,10,0.8,0,5,5,5,1,0,2,5,27,-4,1,2016-17,Regular Season,203081,Damian Lillard
22016,203081,0021600076,2016-11-04,POR @ DAL,W,37,12,18,0.667,5,6,0.833,13,14,0.929,0,4,4,4,0,0,1,4,42,17,1,2016-17,Regular Season,203081,Damian Lillard
22016,203081,0021600088,2016-11-06,POR @ MEM,W,33,3,11,0.273,2,8,0.25,11,11,1.0,1,6,7,7,1,0,3,3,19,3,1,2016-17,Regular Season,203081,Damian Lillard
22016,203081,0021600103,2016-11-08,POR vs. PHX,W,37,12,23,0.522,3,8,0.375,11,12,0.917,2,3,5,3,0,0,4,4,38,9,1,2016-17,Regular Season,203081,Damian Lillard
22016,203081,0021600115,2016-11-09,POR @ LAC,L,28,1,10,0.1,0,4,0.0,6,6,1.0,0,1,1,1,0,0,3,3,8,-32,1,2016-17,Regular Season,203081,Damian Lillard
22016,203081,0021600128,2016-11-11,POR vs. SAC,W,42,12,19,0.632,5,10,0.5,7,9,0.778,0,1,1,7,0,0,5,1,36,-1,1,2016-17,Regular Season,203081,Damian Lillard
22016,203081,0021600144,2016-11-13,POR vs. DEN,W,33,7,18,0.389,3,7,0.429,15,15,1.0,2,6,8,6,4,0,1,0,32,19,1,2016-17,Regular Season,203081,Damian Lillard
22016,203081,0021600156,2016-11-15,POR vs. CHI,L,38,7,22,0.318,1,5,0.2,4,4,1.0,1,4,5,4,1,0,3,1,19,-23,1,2016-17,Regular Season,203081,Damian Lillard
22016,203081,0021600171,2016-11-17,POR @ HOU,L,34,7,17,0.412,1,5,0.2,3,5,0.6,1,4,5,5,0,1,3,1,18,-24,1,2016-17,Regular Season,203081,Damian Lillard
22016,203081,0021600177,2016-11-18,POR @ NOP,L,36,8,24,0.333,4,11,0.364,7,7,1.0,2,1,3,2,1,0,3,3,27,-17,1,2016-17,Regular Season,203081,Damian Lillard
22016,203081,0021600194,2016-11-20,POR @ BKN,W,28,8,14,0.571,0,5,0.0,2,4,0.5,0,4,4,5,1,1,2,1,18,13,1,2016-17,Regular Season,203081,Damian Lillard
22016,203081,0021600208,2016-11-22,POR @ NYK,L,35,8,18,0.444,2,6,0.333,4,4,1.0,0,5,5,6,2,0,5,1,22,-3,1,2016-17,Regular Season,203081,Damian Lillard
22016,203081,0021600215,2016-11-23,POR @ CLE,L,38,13,21,0.619,5,7,0.714,9,9,1.0,0,7,7,11,0,0,2,4,40,-16,1,2016-17,Regular Season,203081,Damian Lillard
22016,203081,0021600237,2016-11-25,POR vs. NOP,W,36,9,19,0.474,3,7,0.429,6,7,0.857,0,4,4,11,0,1,1,2,27,18,1,2016-17,Regular Season,203081,Damian Lillard
22016,203081,0021600251,2016-11-27,POR vs. HOU,L,38,7,20,0.35,2,8,0.25,11,13,0.846,1,4,5,5,1,0,7,2,27,-15,1,2016-17,Regular Season,203081,Damian Lillard
22016,203081,0021600275,2016-11-30,POR vs. IND,W,35,11,18,0.611,1,6,0.167,5,7,0.714,0,5,5,10,4,0,1,3,28,26,1,2016-17,Regular Season,203081,Damian Lillard
22016,203081,0021600298,2016-12-03,POR vs. MIA,W,35,6,19,0.316,2,6,0.333,5,6,0.833,0,4,4,6,1,0,2,3,19,2,1,2016-17,Regular Season,203081,Damian Lillard
22016,203081,0021600308,2016-12-05,POR @ CHI,W,34,11,24,0.458,3,6,0.5,5,5,1.0,0,3,3,7,2,3,0,2,30,1,1,2016-17,Regular Season,203081,Damian Lillard
22016,203081,0021600325,2016-12-07,POR @ MIL,L,39,8,18,0.444,5,13,0.385,9,9,1.0,0,7,7,6,0,0,2,1,30,4,1,2016-17,Regular Season,203081,Damian Lillard
22016,203081,0021600333,2016-12-08,POR @ MEM,L,36,6,18,0.333,2,7,0.286,5,7,0.714,1,2,3,2,1,0,1,5,19,-4,1,2016-17,Regular Season,203081,Damian Lillard
22016,203081,0021600348,2016-12-10,POR @ IND,L,37,10,24,0.417,5,14,0.357,8,9,0.889,1,2,3,9,0,0,2,4,33,-1,1,2016-17,Regular Season,203081,Damian Lillard
22016,203081,0021600366,2016-12-12,POR @ LAC,L,37,7,17,0.412,4,7,0.571,6,6,1.0,0,5,5,8,1,1,2,2,24,1,1,2016-17,Regular Season,203081,Damian Lillard
22016,203081,0021600373,2016-12-13,POR vs. OKC,W,30,7,13,0.538,1,5,0.2,2,2,1.0,2,0,2,9,1,0,3,1,17,4,1,2016-17,Regular Season,203081,Damian Lillard
22016,203081,0021600386,2016-12-15,POR @ DEN,L,38,13,22,0.591,4,8,0.5,10,11,0.909,0,3,3,10,0,0,5,2,40,-11,1,2016-17,Regular Season,203081,Damian Lillard
22016,203081,0021600405,2016-12-17,POR @ GSW,L,30,8,15,0.533,1,3,0.333,3,3,1.0,0,2,2,1,1,0,2,1,20,-29,1,2016-17,Regular Season,203081,Damian Lillard
22016,203081,0021600428,2016-12-20,POR @ SAC,L,39,6,20,0.3,1,10,0.1,11,12,0.917,0,4,4,16,0,0,0,1,24,3,1,2016-17,Regular Season,203081,Damian Lillard
22016,203081,0021600436,2016-12-21,POR vs. DAL,L,39,10,23,0.435,3,9,0.333,6,6,1.0,0,3,3,4,1,0,6,0,29,2,1,2016-17,Regular Season,203081,Damian Lillard
22016,203081,0021600454,2016-12-23,POR vs. SAS,L,37,7,19,0.368,1,5,0.2,1,2,0.5,0,5,5,10,1,0,2,3,16,-10,1,2016-17,Regular Season,203081,Damian Lillard
22016,203081,0021600542,2017-01-05,POR vs. LAL,W,36,7,14,0.5,4,10,0.4,3,4,0.75,0,5,5,10,0,0,2,3,21,28,1,2016-17,Regular Season,203081,Damian Lillard
22016,203081,0021600559,2017-01-08,POR vs. DET,L,43,7,16,0.438,3,9,0.333,3,4,0.75,0,9,9,5,0,0,5,0,20,4,1,2016-17,Regular Season,203081,Damian Lillard
22016,203081,0021600577,2017-01-10,POR @ LAL,W,31,7,21,0.333,1,6,0.167,5,6,0.833,3,5,8,6,0,1,2,3,20,14,1,2016-17,Regular Season,203081,Damian Lillard
22016,203081,0021600585,2017-01-11,POR vs. CLE,W,32,5,15,0.333,1,4,0.25,3,3,1.0,0,3,3,3,0,0,1,1,14,12,1,2016-17,Regular Season,203081,Damian Lillard
22016,203081,0021600598,2017-01-13,POR vs. ORL,L,37,12,26,0.462,2,11,0.182,8,9,0.889,1,7,8,3,0,0,2,1,34,-12,1,2016-17,Regular Season,203081,Damian Lillard
22016,203081,0021600614,2017-01-16,POR @ WAS,L,28,6,17,0.353,4,8,0.5,6,6,1.0,2,5,7,4,0,1,2,1,22,-15,1,2016-17,Regular Season,203081,Damian Lillard
22016,203081,0021600629,2017-01-18,POR @ CHA,L,35,7,18,0.389,2,6,0.333,5,5,1.0,1,6,7,6,1,1,3,0,21,-8,1,2016-17,Regular Season,203081,Damian Lillard
22016,203081,0021600641,2017-01-20,POR @ PHI,L,36,12,25,0.48,2,7,0.286,4,5,0.8,2,3,5,1,1,0,5,2,30,-12,1,2016-17,Regular Season,203081,Damian Lillard
22016,203081,0021600650,2017-01-21,POR @ BOS,W,37,9,21,0.429,2,7,0.286,8,8,1.0,0,1,1,7,0,1,3,3,28,19,1,2016-17,Regular Season,203081,Damian Lillard
22016,203081,0021600689,2017-01-25,POR vs. LAL,W,35,8,20,0.4,1,5,0.2,7,7,1.0,0,4,4,2,1,0,1,1,24,16,1,2016-17,Regular Season,203081,Damian Lillard
22016,203081,0021600703,2017-01-27,POR vs. MEM,W,40,9,21,0.429,5,11,0.455,10,11,0.909,1,4,5,6,0,0,4,1,33,0,1,2016-17,Regular Season,203081,Damian Lillard
22016,203081,0021600718,2017-01-29,POR vs. GSW,L,36,6,14,0.429,2,5,0.4,5,5,1.0,0,2,2,8,1,0,3,1,19,-2,1,2016-17,Regular Season,203081,Damian Lillard
22016,203081,0021600728,2017-01-31,POR vs. CHA,W,31,10,18,0.556,2,5,0.4,5,5,1.0,0,4,4,4,1,0,1,3,27,15,1,2016-17,Regular Season,203081,Damian Lillard
22016,203081,0021600754,2017-02-03,POR vs. DAL,L,38,4,20,0.2,1,8,0.125,4,5,0.8,2,7,9,6,0,1,2,3,13,-1,1,2016-17,Regular Season,203081,Damian Lillard
22016,203081,0021600767,2017-02-05,POR @ OKC,L,36,9,22,0.409,4,9,0.444,7,7,1.0,0,7,7,3,1,2,1,3,29,-5,1,2016-17,Regular Season,203081,Damian Lillard
22016,203081,0021600781,2017-02-07,POR @ DAL,W,40,12,22,0.545,5,9,0.556,0,0,0.0,1,4,5,6,2,0,2,5,29,6,1,2016-17,Regular Season,203081,Damian Lillard
22016,203081,0021600798,2017-02-09,POR vs. BOS,L,40,8,20,0.4,2,7,0.286,10,11,0.909,2,4,6,7,0,0,3,4,28,-5,1,2016-17,Regular Season,203081,Damian Lillard
22016,203081,0021600830,2017-02-13,POR vs. ATL,L,41,6,21,0.286,3,9,0.333,6,6,1.0,1,5,6,4,1,0,3,2,21,-20,1,2016-17,Regular Season,203081,Damian Lillard
22016,203081,0021600843,2017-02-15,POR @ UTA,L,35,3,19,0.158,1,4,0.25,6,8,0.75,2,4,6,7,0,0,1,1,13,-17,1,2016-17,Regular Season,203081,Damian Lillard
22016,203081,0021600850,2017-02-23,POR @ ORL,W,32,12,23,0.522,4,7,0.571,5,6,0.833,0,5,5,2,0,0,2,3,33,26,1,2016-17,Regular Season,203081,Damian Lillard
22016,203081,0021600878,2017-02-26,POR @ TOR,L,36,10,20,0.5,4,7,0.571,4,5,0.8,0,6,6,8,2,0,4,2,28,-3,1,2016-17,Regular Season,203081,Damian Lillard
22016,203081,0021600890,2017-02-28,POR @ DET,L,41,13,25,0.52,3,8,0.375,5,6,0.833,1,10,11,9,1,0,4,2,34,3,1,2016-17,Regular Season,203081,Damian Lillard
22016,203081,0021600908,2017-03-02,POR vs. OKC,W,38,11,23,0.478,3,9,0.333,8,9,0.889,1,3,4,5,1,0,2,1,33,5,1,2016-17,Regular Season,203081,Damian Lillard
22016,203081,0021600926,2017-03-04,POR vs. BKN,W,36,7,16,0.438,2,6,0.333,3,4,0.75,0,5,5,11,0,1,4,2,19,5,1,2016-17,Regular Season,203081,Damian Lillard
22016,203081,0021600946,2017-03-07,POR @ OKC,W,36,8,17,0.471,2,6,0.333,4,5,0.8,1,2,3,8,1,0,1,0,22,-4,1,2016-17,Regular Season,203081,Damian Lillard
22016,203081,0021600963,2017-03-09,POR vs. PHI,W,41,6,21,0.286,0,6,0.0,12,12,1.0,0,4,4,4,0,2,3,0,24,10,1,2016-17,Regular Season,203081,Damian Lillard
22016,203081,0021600983,2017-03-11,POR vs. WAS,L,36,13,27,0.481,4,11,0.364,3,4,0.75,0,3,3,7,0,0,6,5,33,-13,1,2016-17,Regular Season,203081,Damian Lillard
22016,203081,0021600988,2017-03-12,POR @ PHX,W,38,13,26,0.5,4,10,0.4,9,9,1.0,1,5,6,2,1,0,4,3,39,16,1,2016-17,Regular Season,203081,Damian Lillard
22016,203081,0021601002,2017-03-14,POR @ NOP,L,31,8,18,0.444,4,7,0.571,9,9,1.0,1,3,4,2,0,0,4,1,29,-26,1,2016-17,Regular Season,203081,Damian Lillard
22016,203081,0021601011,2017-03-15,POR @ SAS,W,34,12,22,0.545,3,8,0.375,9,9,1.0,1,2,3,4,2,0,2,0,36,2,2,2016-17,Regular Season,203081,Damian Lillard
22016,203081,0021601029,2017-03-18,POR @ ATL,W,34,9,17,0.529,3,5,0.6,6,6,1.0,0,5,5,5,2,0,4,2,27,27,1,2016-17,Regular Season,203081,Damian Lillard
22016,203081,0021601041,2017-03-19,POR @ MIA,W,36,14,21,0.667,9,12,0.75,12,12,1.0,0,1,1,5,0,1,3,1,49,14,1,2016-17,Regular Season,203081,Damian Lillard
22016,203081,0021601057,2017-03-21,POR vs. MIL,L,40,13,26,0.5,2,9,0.222,3,6,0.5,1,4,5,7,4,0,1,0,31,6,1,2016-17,Regular Season,203081,Damian Lillard
22016,203081,0021601071,2017-03-23,POR vs. NYK,W,31,9,17,0.529,4,7,0.571,8,8,1.0,0,4,4,5,2,0,2,1,30,15,1,2016-17,Regular Season,203081,Damian Lillard
22016,203081,0021601086,2017-03-25,POR vs. MIN,W,29,8,13,0.615,3,6,0.5,2,3,0.667,0,6,6,8,2,0,3,0,21,15,1,2016-17,Regular Season,203081,Damian Lillard
22016,203081,0021601096,2017-03-26,POR @ LAL,W,30,7,20,0.35,4,10,0.4,4,7,0.571,1,6,7,5,3,0,1,3,22,21,1,2016-17,Regular Season,203081,Damian Lillard
22016,203081,0021601109,2017-03-28,POR vs. DEN,W,38,7,19,0.368,4,11,0.364,1,4,0.25,2,4,6,7,3,0,3,1,19,9,1,2016-17,Regular Season,203081,Damian Lillard
22016,203081,0021601125,2017-03-30,POR vs. HOU,W,38,10,18,0.556,4,9,0.444,7,7,1.0,0,4,4,11,2,0,3,1,31,12,1,2016-17,Regular Season,203081,Damian Lillard
22016,203081,0021601141,2017-04-01,POR vs. PHX,W,35,7,16,0.438,4,11,0.364,13,13,1.0,1,4,5,7,1,0,4,3,31,9,1,2016-17,Regular Season,203081,Damian Lillard
22016,203081,0021600940,2017-04-03,POR @ MIN,L,39,7,21,0.333,3,11,0.273,8,9,0.889,0,4,4,6,2,0,0,2,25,-1,1,2016-17,Regular Season,203081,Damian Lillard
22016,203081,0021601164,2017-04-04,POR @ UTA,L,34,5,20,0.25,2,7,0.286,4,5,0.8,0,2,2,3,0,0,0,2,16,-23,1,2016-17,Regular Season,203081,Damian Lillard
22016,203081,0021601178,2017-04-06,POR vs. MIN,W,37,7,21,0.333,1,9,0.111,7,7,1.0,0,9,9,8,1,0,4,2,22,-1,1,2016-17,Regular Season,203081,Damian Lillard
22016,203081,0021601194,2017-04-08,POR vs. UTA,W,42,18,34,0.529,9,14,0.643,14,16,0.875,0,6,6,5,1,1,0,0,59,19,1,2016-17,Regular Season,203081,Damian Lillard
42016,203081,0041600141,2017-04-16,POR @ GSW,L,39,12,26,0.462,3,9,0.333,7,7,1.0,2,3,5,3,2,1,3,2,34,-6,1,2016-17,Playoffs,203081,Damian Lillard
42016,203081,0041600142,2017-04-19,POR @ GSW,L,30,5,17,0.294,0,4,0.0,2,2,1.0,1,4,5,0,2,0,4,2,12,-33,1,2016-17,Playoffs,203081,Damian Lillard
42016,203081,0041600143,2017-04-22,POR vs. GSW,L,40,10,23,0.435,4,13,0.308,7,7,1.0,0,7,7,4,0,1,2,3,31,-14,1,2016-17,Playoffs,203081,Damian Lillard
42016,203081,0041600144,2017-04-24,POR vs. GSW,L,42,12,24,0.5,2,6,0.333,8,9,0.889,1,0,1,6,1,0,4,4,34,-31,1,2016-17,Playoffs,203081,Damian Lillard
22016,203076,0021600010,2016-10-26,NOP vs. DEN,L,41,17,34,0.5,0,2,0.0,16,17,0.941,1,14,15,5,5,4,3,4,50,-3,1,2016-17,Regular Season,203076,Anthony Davis
22016,203076,0021600025,2016-10-28,NOP vs. GSW,L,40,17,31,0.548,1,2,0.5,10,14,0.714,6,11,17,3,2,2,1,2,45,-3,1,2016-17,Regular Season,203076,Anthony Davis
22016,203076,0021600032,2016-10-29,NOP @ SAS,L,32,6,15,0.4,0,0,0.0,6,8,0.75,0,5,5,0,0,3,1,1,18,-17,1,2016-17,Regular Season,203076,Anthony Davis
22016,203076,0021600051,2016-11-01,NOP vs. MIL,L,37,9,21,0.429,0,3,0.0,17,18,0.944,3,12,15,2,3,3,1,2,35,3,1,2016-17,Regular Season,203076,Anthony Davis
22016,203076,0021600060,2016-11-02,NOP @ MEM,L,36,3,13,0.231,1,4,0.25,3,5,0.6,1,6,7,1,2,3,5,5,10,-23,1,2016-17,Regular Season,203076,Anthony Davis
22016,203076,0021600075,2016-11-04,NOP vs. PHX,L,43,7,11,0.636,0,1,0.0,8,12,0.667,1,9,10,2,1,4,1,1,22,-6,1,2016-17,Regular Season,203076,Anthony Davis
22016,203076,0021600099,2016-11-07,NOP @ GSW,L,35,11,18,0.611,1,2,0.5,10,13,0.769,1,12,13,1,0,0,3,1,33,-6,1,2016-17,Regular Season,203076,Anthony Davis
22016,203076,0021600105,2016-11-08,NOP @ SAC,L,37,14,22,0.636,0,2,0.0,6,7,0.857,1,7,8,1,2,4,3,2,34,-4,1,2016-17,Regular Season,203076,Anthony Davis
22016,203076,0021600117,2016-11-10,NOP @ MIL,W,41,11,24,0.458,0,0,0.0,8,8,1.0,3,5,8,2,2,4,2,3,30,7,1,2016-17,Regular Season,203076,Anthony Davis
22016,203076,0021600129,2016-11-12,NOP vs. LAL,L,35,13,26,0.5,0,2,0.0,8,11,0.727,1,7,8,2,0,2,1,0,34,-10,1,2016-17,Regular Season,203076,Anthony Davis
22016,203076,0021600148,2016-11-14,NOP vs. BOS,W,38,7,22,0.318,0,1,0.0,11,13,0.846,1,15,16,0,4,2,7,2,25,0,1,2016-17,Regular Season,203076,Anthony Davis
22016,203076,0021600177,2016-11-18,NOP vs. POR,W,37,14,22,0.636,2,5,0.4,8,10,0.8,0,9,9,6,2,4,2,2,38,16,1,2016-17,Regular Season,203076,Anthony Davis
22016,203076,0021600185,2016-11-19,NOP vs. CHA,W,42,15,27,0.556,2,5,0.4,6,8,0.75,2,14,16,2,1,3,2,3,38,7,1,2016-17,Regular Season,203076,Anthony Davis
22016,203076,0021600209,2016-11-22,NOP @ ATL,W,19,6,12,0.5,0,1,0.0,1,1,1.0,2,1,3,1,1,3,2,1,13,13,1,2016-17,Regular Season,203076,Anthony Davis
22016,203076,0021600222,2016-11-23,NOP vs. MIN,W,39,17,27,0.63,2,4,0.5,9,10,0.9,1,9,10,3,2,1,4,1,45,33,1,2016-17,Regular Season,203076,Anthony Davis
22016,203076,0021600237,2016-11-25,NOP @ POR,L,43,10,17,0.588,2,4,0.5,9,13,0.692,0,13,13,2,0,5,1,1,31,-16,1,2016-17,Regular Season,203076,Anthony Davis
22016,203076,0021600250,2016-11-27,NOP @ DAL,L,40,12,22,0.545,0,1,0.0,12,14,0.857,3,10,13,3,1,1,2,3,36,-19,1,2016-17,Regular Season,203076,Anthony Davis
22016,203076,0021600263,2016-11-29,NOP vs. LAL,W,41,14,27,0.519,1,4,0.25,12,14,0.857,6,10,16,3,4,2,1,4,41,19,1,2016-17,Regular Season,203076,Anthony Davis
22016,203076,0021600287,2016-12-02,NOP vs. LAC,L,32,8,17,0.471,0,0,0.0,5,6,0.833,2,3,5,4,1,1,2,2,21,-7,1,2016-17,Regular Season,203076,Anthony Davis
22016,203076,0021600301,2016-12-04,NOP @ OKC,L,43,14,32,0.438,0,1,0.0,9,11,0.818,5,10,15,2,2,4,3,3,37,-10,1,2016-17,Regular Season,203076,Anthony Davis
22016,203076,0021600310,2016-12-05,NOP vs. MEM,L,48,10,27,0.37,1,4,0.25,7,7,1.0,0,16,16,1,1,4,1,1,28,-5,1,2016-17,Regular Season,203076,Anthony Davis
22016,203076,0021600334,2016-12-08,NOP vs. PHI,L,41,8,21,0.381,0,2,0.0,10,12,0.833,1,10,11,2,0,2,3,1,26,-10,1,2016-17,Regular Season,203076,Anthony Davis
22016,203076,0021600359,2016-12-11,NOP @ PHX,W,44,4,17,0.235,0,3,0.0,6,6,1.0,3,9,12,4,1,2,3,4,14,-7,1,2016-17,Regular Season,203076,Anthony Davis
22016,203076,0021600371,2016-12-13,NOP vs. GSW,L,36,10,14,0.714,1,1,1.0,7,8,0.875,0,8,8,3,2,5,6,2,28,-8,1,2016-17,Regular Season,203076,Anthony Davis
22016,203076,0021600385,2016-12-15,NOP vs. IND,W,39,11,23,0.478,2,3,0.667,11,15,0.733,1,14,15,0,0,5,4,2,35,14,1,2016-17,Regular Season,203076,Anthony Davis
22016,203076,0021600395,2016-12-16,NOP @ HOU,L,23,9,17,0.529,0,1,0.0,1,3,0.333,1,4,5,3,0,0,1,0,19,-15,1,2016-17,Regular Season,203076,Anthony Davis
22016,203076,0021600412,2016-12-18,NOP @ SAS,L,30,5,12,0.417,0,0,0.0,2,4,0.5,2,2,4,1,0,1,3,4,12,-23,1,2016-17,Regular Season,203076,Anthony Davis
22016,203076,0021600418,2016-12-20,NOP @ PHI,W,35,12,30,0.4,0,1,0.0,7,10,0.7,5,11,16,2,0,2,1,2,31,11,1,2016-17,Regular Season,203076,Anthony Davis
22016,203076,0021600433,2016-12-21,NOP vs. OKC,L,36,14,26,0.538,1,2,0.5,5,7,0.714,2,12,14,2,1,2,2,5,34,6,1,2016-17,Regular Season,203076,Anthony Davis
22016,203076,0021600449,2016-12-23,NOP vs. MIA,W,37,10,17,0.588,2,3,0.667,6,9,0.667,7,15,22,1,1,4,3,3,28,4,1,2016-17,Regular Season,203076,Anthony Davis
22016,203076,0021600466,2016-12-26,NOP vs. DAL,W,37,8,14,0.571,0,1,0.0,12,14,0.857,5,11,16,4,0,2,6,4,28,7,1,2016-17,Regular Season,203076,Anthony Davis
22016,203076,0021600481,2016-12-28,NOP vs. LAC,W,37,8,16,0.5,0,2,0.0,4,8,0.5,1,4,5,1,4,1,0,4,20,4,1,2016-17,Regular Season,203076,Anthony Davis
22016,203076,0021600495,2016-12-30,NOP vs. NYK,W,34,9,18,0.5,0,0,0.0,5,6,0.833,1,17,18,2,2,0,5,3,23,12,1,2016-17,Regular Season,203076,Anthony Davis
22016,203076,0021600514,2017-01-02,NOP @ CLE,L,40,10,27,0.37,0,1,0.0,0,2,0.0,6,10,16,2,1,3,3,2,20,3,1,2016-17,Regular Season,203076,Anthony Davis
22016,203076,0021600539,2017-01-05,NOP vs. ATL,L,37,7,20,0.35,0,0,0.0,6,8,0.75,7,11,18,3,2,0,3,5,20,-1,1,2016-17,Regular Season,203076,Anthony Davis
22016,203076,0021600553,2017-01-07,NOP @ BOS,L,38,14,21,0.667,1,1,1.0,7,9,0.778,3,13,16,2,0,2,3,0,36,-6,1,2016-17,Regular Season,203076,Anthony Davis
22016,203076,0021600568,2017-01-09,NOP @ NYK,W,29,14,22,0.636,1,1,1.0,11,12,0.917,4,14,18,2,0,3,0,2,40,26,1,2016-17,Regular Season,203076,Anthony Davis
22016,203076,0021600602,2017-01-14,NOP @ CHI,L,39,14,23,0.609,0,0,0.0,8,10,0.8,3,11,14,2,1,3,3,3,36,-1,1,2016-17,Regular Season,203076,Anthony Davis
22016,203076,0021600616,2017-01-16,NOP @ IND,L,23,6,11,0.545,0,0,0.0,4,5,0.8,0,3,3,3,0,0,0,1,16,-6,1,2016-17,Regular Season,203076,Anthony Davis
22016,203076,0021600631,2017-01-18,NOP vs. ORL,W,29,9,17,0.529,0,0,0.0,3,4,0.75,2,11,13,4,0,1,2,1,21,11,1,2016-17,Regular Season,203076,Anthony Davis
22016,203076,0021600645,2017-01-20,NOP vs. BKN,L,27,10,17,0.588,0,1,0.0,2,3,0.667,2,7,9,4,1,2,2,4,22,-11,1,2016-17,Regular Season,203076,Anthony Davis
22016,203076,0021600686,2017-01-25,NOP vs. OKC,L,16,2,8,0.25,0,0,0.0,4,6,0.667,0,5,5,0,0,1,2,2,8,-12,1,2016-17,Regular Season,203076,Anthony Davis
22016,203076,0021600701,2017-01-27,NOP vs. SAS,W,33,6,11,0.545,0,1,0.0,4,5,0.8,4,17,21,2,1,1,7,2,16,21,1,2016-17,Regular Season,203076,Anthony Davis
22016,203076,0021600714,2017-01-29,NOP vs. WAS,L,40,15,25,0.6,1,2,0.5,5,6,0.833,2,15,17,3,3,2,6,2,36,-3,1,2016-17,Regular Season,203076,Anthony Davis
22016,203076,0021600725,2017-01-31,NOP @ TOR,L,41,4,18,0.222,0,1,0.0,10,12,0.833,3,14,17,3,1,3,0,2,18,-9,1,2016-17,Regular Season,203076,Anthony Davis
22016,203076,0021600735,2017-02-01,NOP @ DET,L,41,13,24,0.542,0,1,0.0,5,6,0.833,2,10,12,2,2,4,5,3,31,-5,1,2016-17,Regular Season,203076,Anthony Davis
22016,203076,0021600755,2017-02-04,NOP @ WAS,L,39,11,17,0.647,0,0,0.0,3,4,0.75,2,8,10,2,1,2,1,1,25,-9,1,2016-17,Regular Season,203076,Anthony Davis
22016,203076,0021600774,2017-02-06,NOP vs. PHX,W,40,12,21,0.571,1,2,0.5,9,11,0.818,2,7,9,1,1,5,2,3,34,13,1,2016-17,Regular Season,203076,Anthony Davis
22016,203076,0021600789,2017-02-08,NOP vs. UTA,L,30,4,12,0.333,0,0,0.0,4,5,0.8,3,6,9,2,0,6,1,1,12,-36,1,2016-17,Regular Season,203076,Anthony Davis
22016,203076,0021600804,2017-02-10,NOP @ MIN,W,36,16,22,0.727,2,3,0.667,8,11,0.727,2,11,13,2,1,1,2,3,42,13,1,2016-17,Regular Season,203076,Anthony Davis
22016,203076,0021600819,2017-02-12,NOP @ SAC,L,40,11,24,0.458,1,2,0.5,9,9,1.0,1,9,10,3,2,1,6,4,32,-1,1,2016-17,Regular Season,203076,Anthony Davis
22016,203076,0021600829,2017-02-13,NOP @ PHX,W,40,8,16,0.5,0,1,0.0,8,8,1.0,1,9,10,2,0,4,3,4,24,-1,1,2016-17,Regular Season,203076,Anthony Davis
22016,203076,0021600840,2017-02-15,NOP @ MEM,W,39,9,20,0.45,0,1,0.0,0,0,0.0,0,7,7,2,1,2,3,2,18,1,1,2016-17,Regular Season,203076,Anthony Davis
22016,203076,0021600852,2017-02-23,NOP vs. HOU,L,33,8,21,0.381,0,2,0.0,13,16,0.813,3,6,9,1,2,2,3,2,29,-31,1,2016-17,Regular Season,203076,Anthony Davis
22016,203076,0021600870,2017-02-25,NOP @ DAL,L,39,17,34,0.5,1,4,0.25,4,9,0.444,3,11,14,0,1,2,2,2,39,-2,1,2016-17,Regular Season,203076,Anthony Davis
22016,203076,0021600880,2017-02-26,NOP @ OKC,L,32,15,28,0.536,2,3,0.667,6,6,1.0,3,4,7,4,1,0,1,4,38,-6,1,2016-17,Regular Season,203076,Anthony Davis
22016,203076,0021600900,2017-03-01,NOP vs. DET,W,36,11,17,0.647,0,2,0.0,11,11,1.0,1,13,14,3,0,1,2,2,33,20,1,2016-17,Regular Season,203076,Anthony Davis
22016,203076,0021600917,2017-03-03,NOP vs. SAS,L,42,7,18,0.389,1,3,0.333,14,16,0.875,1,7,8,3,1,1,3,4,29,-4,1,2016-17,Regular Season,203076,Anthony Davis
22016,203076,0021600933,2017-03-05,NOP @ LAL,W,36,10,22,0.455,0,1,0.0,11,17,0.647,2,7,9,2,2,3,1,0,31,17,1,2016-17,Regular Season,203076,Anthony Davis
22016,203076,0021600944,2017-03-06,NOP @ UTA,L,37,7,17,0.412,1,3,0.333,5,6,0.833,5,7,12,1,2,0,5,2,20,-8,1,2016-17,Regular Season,203076,Anthony Davis
22016,203076,0021600953,2017-03-08,NOP vs. TOR,L,17,2,4,0.5,0,0,0.0,3,5,0.6,0,4,4,1,0,0,1,1,7,3,1,2016-17,Regular Season,203076,Anthony Davis
22016,203076,0021600976,2017-03-11,NOP @ CHA,W,45,18,31,0.581,4,5,0.8,6,8,0.75,4,17,21,3,0,1,0,1,46,8,1,2016-17,Regular Season,203076,Anthony Davis
22016,203076,0021601002,2017-03-14,NOP vs. POR,W,29,5,15,0.333,0,0,0.0,5,6,0.833,3,11,14,2,2,3,0,1,15,22,1,2016-17,Regular Season,203076,Anthony Davis
22016,203076,0021601007,2017-03-15,NOP @ MIA,L,35,7,17,0.412,0,1,0.0,13,18,0.722,2,6,8,1,3,3,2,2,27,-9,1,2016-17,Regular Season,203076,Anthony Davis
22016,203076,0021601024,2017-03-17,NOP vs. HOU,W,38,10,18,0.556,0,1,0.0,4,5,0.8,1,14,15,3,1,3,4,3,24,11,1,2016-17,Regular Season,203076,Anthony Davis
22016,203076,0021601039,2017-03-19,NOP vs. MIN,W,35,11,16,0.688,0,2,0.0,6,6,1.0,4,7,11,3,0,0,5,1,28,16,1,2016-17,Regular Season,203076,Anthony Davis
22016,203076,0021601054,2017-03-21,NOP vs. MEM,W,40,9,18,0.5,0,2,0.0,1,2,0.5,3,10,13,0,0,0,2,2,19,24,1,2016-17,Regular Season,203076,Anthony Davis
22016,203076,0021601079,2017-03-24,NOP @ HOU,L,41,14,24,0.583,0,1,0.0,5,6,0.833,3,13,16,1,3,1,1,2,33,-9,1,2016-17,Regular Season,203076,Anthony Davis
22016,203076,0021601095,2017-03-26,NOP @ DEN,W,28,12,17,0.706,1,2,0.5,6,7,0.857,1,12,13,3,0,1,3,3,31,20,1,2016-17,Regular Season,203076,Anthony Davis
22016,203076,0021601102,2017-03-27,NOP @ UTA,L,41,12,23,0.522,1,2,0.5,11,14,0.786,1,16,17,3,3,3,1,1,36,0,1,2016-17,Regular Season,203076,Anthony Davis
22016,203076,0021601117,2017-03-29,NOP vs. DAL,W,36,11,22,0.5,0,1,0.0,8,8,1.0,4,10,14,2,2,1,1,1,30,1,1,2016-17,Regular Season,203076,Anthony Davis
22016,203076,0021601132,2017-03-31,NOP vs. SAC,W,34,9,19,0.474,0,2,0.0,1,1,1.0,4,8,12,2,1,6,1,2,19,25,1,2016-17,Regular Season,203076,Anthony Davis
22016,203076,0021601146,2017-04-02,NOP vs. CHI,L,40,8,19,0.421,1,4,0.25,13,14,0.929,2,9,11,2,3,1,3,2,30,-6,1,2016-17,Regular Season,203076,Anthony Davis
22016,203076,0021601158,2017-04-04,NOP vs. DEN,L,41,18,31,0.581,2,5,0.4,3,3,1.0,2,3,5,0,1,4,0,3,41,9,1,2016-17,Regular Season,203076,Anthony Davis
22016,203076,0021601184,2017-04-07,NOP @ DEN,L,24,11,27,0.407,0,3,0.0,3,5,0.6,2,4,6,0,1,0,1,2,25,-2,1,2016-17,Regular Season,203076,Anthony Davis
22016,202695,0021600003,2016-10-25,SAS @ GSW,W,32,10,21,0.476,0,3,0.0,15,15,1.0,3,2,5,3,5,0,2,1,35,14,1,2016-17,Regular Season,202695,Kawhi Leonard
22016,202695,0021600016,2016-10-27,SAS @ SAC,W,35,11,21,0.524,1,5,0.2,7,7,1.0,0,3,3,5,5,0,1,5,30,4,1,2016-17,Regular Season,202695,Kawhi Leonard
22016,202695,0021600032,2016-10-29,SAS vs. NOP,W,28,6,12,0.5,2,4,0.5,6,6,1.0,0,4,4,3,2,0,0,1,20,13,1,2016-17,Regular Season,202695,Kawhi Leonard
22016,202695,0021600037,2016-10-30,SAS @ MIA,W,30,8,16,0.5,1,3,0.333,10,12,0.833,0,2,2,6,1,1,4,3,27,12,1,2016-17,Regular Season,202695,Kawhi Leonard
22016,202695,0021600053,2016-11-01,SAS vs. UTA,L,36,10,18,0.556,5,7,0.714,5,5,1.0,0,7,7,2,2,0,2,1,30,-5,1,2016-17,Regular Season,202695,Kawhi Leonard
22016,202695,0021600077,2016-11-04,SAS @ UTA,W,32,9,18,0.5,1,5,0.2,10,10,1.0,4,7,11,4,1,1,1,2,29,7,1,2016-17,Regular Season,202695,Kawhi Leonard
22016,202695,0021600086,2016-11-05,SAS vs. LAC,L,28,3,13,0.231,0,3,0.0,8,8,1.0,1,5,6,1,1,1,2,1,14,-9,1,2016-17,Regular Season,202695,Kawhi Leonard
22016,202695,0021600114,2016-11-09,SAS vs. HOU,L,39,11,26,0.423,4,6,0.667,8,8,1.0,2,5,7,1,1,2,2,1,34,-12,1,2016-17,Regular Season,202695,Kawhi Leonard
22016,202695,0021600127,2016-11-11,SAS vs. DET,W,37,5,18,0.278,4,5,0.8,3,3,1.0,0,4,4,1,4,0,2,1,17,-1,1,2016-17,Regular Season,202695,Kawhi Leonard
22016,202695,0021600134,2016-11-12,SAS @ HOU,W,38,9,16,0.563,0,5,0.0,2,2,1.0,0,2,2,0,4,0,2,3,20,1,1,2016-17,Regular Season,202695,Kawhi Leonard
22016,202695,0021600150,2016-11-14,SAS vs. MIA,W,35,7,19,0.368,3,5,0.6,7,9,0.778,1,11,12,4,0,0,4,2,24,-1,1,2016-17,Regular Season,202695,Kawhi Leonard
22016,202695,0021600168,2016-11-16,SAS @ SAC,W,32,7,14,0.5,4,9,0.444,2,2,1.0,2,4,6,1,4,1,1,1,20,25,1,2016-17,Regular Season,202695,Kawhi Leonard
22016,202695,0021600182,2016-11-18,SAS @ LAL,W,39,7,15,0.467,2,7,0.286,7,8,0.875,1,11,12,7,2,0,3,0,23,10,1,2016-17,Regular Season,202695,Kawhi Leonard
22016,202695,0021600206,2016-11-21,SAS vs. DAL,W,34,8,19,0.421,1,1,1.0,7,8,0.875,2,7,9,4,1,0,1,2,24,-7,1,2016-17,Regular Season,202695,Kawhi Leonard
22016,202695,0021600213,2016-11-23,SAS @ CHA,W,37,14,21,0.667,2,7,0.286,0,1,0.0,2,3,5,4,1,1,0,2,30,7,1,2016-17,Regular Season,202695,Kawhi Leonard
22016,202695,0021600225,2016-11-25,SAS @ BOS,W,35,8,18,0.444,3,7,0.429,6,6,1.0,2,8,10,4,0,2,2,1,25,-2,1,2016-17,Regular Season,202695,Kawhi Leonard
22016,202695,0021600240,2016-11-26,SAS @ WAS,W,36,5,14,0.357,1,6,0.167,8,10,0.8,0,1,1,5,3,0,3,1,19,8,1,2016-17,Regular Season,202695,Kawhi Leonard
22016,202695,0021600264,2016-11-29,SAS vs. ORL,L,32,6,16,0.375,1,4,0.25,8,9,0.889,1,1,2,0,2,0,2,1,21,-18,1,2016-17,Regular Season,202695,Kawhi Leonard
22016,202695,0021600272,2016-11-30,SAS @ DAL,W,31,5,16,0.313,2,5,0.4,9,12,0.75,1,6,7,2,2,0,2,1,21,5,1,2016-17,Regular Season,202695,Kawhi Leonard
22016,202695,0021600289,2016-12-02,SAS vs. WAS,W,34,9,18,0.5,2,4,0.5,3,3,1.0,1,4,5,2,2,0,1,1,23,-4,1,2016-17,Regular Season,202695,Kawhi Leonard
22016,202695,0021600309,2016-12-05,SAS @ MIL,W,31,9,22,0.409,1,5,0.2,2,2,1.0,2,7,9,0,0,2,2,1,21,4,1,2016-17,Regular Season,202695,Kawhi Leonard
22016,202695,0021600319,2016-12-06,SAS @ MIN,W,36,11,15,0.733,2,3,0.667,7,8,0.875,0,1,1,4,2,0,1,1,31,16,1,2016-17,Regular Season,202695,Kawhi Leonard
22016,202695,0021600336,2016-12-08,SAS @ CHI,L,38,10,19,0.526,1,2,0.5,3,3,1.0,3,5,8,5,2,0,2,3,24,-9,1,2016-17,Regular Season,202695,Kawhi Leonard
22016,202695,0021600353,2016-12-10,SAS vs. BKN,W,27,10,18,0.556,4,7,0.571,6,6,1.0,1,6,7,3,1,1,0,1,30,21,1,2016-17,Regular Season,202695,Kawhi Leonard
22016,202695,0021600383,2016-12-14,SAS vs. BOS,W,37,9,17,0.529,1,5,0.2,7,7,1.0,1,2,3,6,2,1,4,1,26,8,1,2016-17,Regular Season,202695,Kawhi Leonard
22016,202695,0021600387,2016-12-15,SAS @ PHX,W,27,6,12,0.5,1,3,0.333,5,5,1.0,2,8,10,4,2,0,1,0,18,14,1,2016-17,Regular Season,202695,Kawhi Leonard
22016,202695,0021600412,2016-12-18,SAS vs. NOP,W,24,5,10,0.5,1,3,0.333,2,2,1.0,0,2,2,0,1,1,0,1,13,20,1,2016-17,Regular Season,202695,Kawhi Leonard
22016,202695,0021600425,2016-12-20,SAS @ HOU,W,36,5,15,0.333,0,4,0.0,11,13,0.846,0,5,5,4,5,0,7,1,21,0,1,2016-17,Regular Season,202695,Kawhi Leonard
22016,202695,0021600441,2016-12-22,SAS @ LAC,L,34,8,19,0.421,1,3,0.333,10,11,0.909,4,5,9,5,1,2,4,2,27,-8,1,2016-17,Regular Season,202695,Kawhi Leonard
22016,202695,0021600454,2016-12-23,SAS @ POR,W,32,9,15,0.6,5,7,0.714,10,10,1.0,0,3,3,2,1,0,2,2,33,11,1,2016-17,Regular Season,202695,Kawhi Leonard
22016,202695,0021600458,2016-12-25,SAS vs. CHI,W,38,7,14,0.5,3,5,0.6,8,8,1.0,4,6,10,5,3,1,2,1,25,22,1,2016-17,Regular Season,202695,Kawhi Leonard
22016,202695,0021600508,2017-01-01,SAS @ ATL,L,28,3,12,0.25,1,6,0.167,6,7,0.857,2,2,4,2,1,1,1,3,13,-7,1,2016-17,Regular Season,202695,Kawhi Leonard
22016,202695,0021600525,2017-01-03,SAS vs. TOR,W,28,8,12,0.667,5,7,0.714,4,5,0.8,1,3,4,2,2,3,0,2,25,38,1,2016-17,Regular Season,202695,Kawhi Leonard
22016,202695,0021600543,2017-01-05,SAS @ DEN,W,36,9,19,0.474,3,6,0.5,3,4,0.75,1,5,6,5,0,2,1,2,24,26,1,2016-17,Regular Season,202695,Kawhi Leonard
22016,202695,0021600558,2017-01-07,SAS vs. CHA,W,33,7,18,0.389,3,10,0.3,2,2,1.0,0,2,2,3,0,1,2,2,19,2,1,2016-17,Regular Season,202695,Kawhi Leonard
22016,202695,0021600575,2017-01-10,SAS vs. MIL,L,36,10,16,0.625,2,3,0.667,8,10,0.8,2,5,7,2,3,3,1,1,30,5,1,2016-17,Regular Season,202695,Kawhi Leonard
22016,202695,0021600588,2017-01-12,SAS vs. LAL,W,26,10,13,0.769,3,5,0.6,8,9,0.889,0,2,2,2,2,0,0,0,31,27,1,2016-17,Regular Season,202695,Kawhi Leonard
22016,202695,0021600605,2017-01-14,SAS @ PHX,L,32,12,20,0.6,2,5,0.4,12,14,0.857,1,3,4,3,1,0,3,2,38,-8,1,2016-17,Regular Season,202695,Kawhi Leonard
22016,202695,0021600625,2017-01-17,SAS vs. MIN,W,39,12,17,0.706,2,3,0.667,8,9,0.889,1,6,7,5,1,0,1,4,34,5,1,2016-17,Regular Season,202695,Kawhi Leonard
22016,202695,0021600639,2017-01-19,SAS vs. DEN,W,36,12,22,0.545,2,5,0.4,8,8,1.0,0,5,5,4,2,1,1,1,34,16,1,2016-17,Regular Season,202695,Kawhi Leonard
22016,202695,0021600657,2017-01-21,SAS @ CLE,W,46,15,30,0.5,3,8,0.375,8,8,1.0,0,6,6,5,1,1,6,3,41,3,1,2016-17,Regular Season,202695,Kawhi Leonard
22016,202695,0021600701,2017-01-27,SAS @ NOP,L,30,6,16,0.375,2,6,0.333,9,9,1.0,1,5,6,6,1,0,4,2,23,2,1,2016-17,Regular Season,202695,Kawhi Leonard
22016,202695,0021600717,2017-01-29,SAS vs. DAL,L,37,7,17,0.412,3,7,0.429,7,8,0.875,1,6,7,2,1,1,4,2,24,-10,1,2016-17,Regular Season,202695,Kawhi Leonard
22016,202695,0021600727,2017-01-31,SAS vs. OKC,W,36,13,26,0.5,1,4,0.25,9,11,0.818,1,7,8,4,0,2,3,0,36,4,1,2016-17,Regular Season,202695,Kawhi Leonard
22016,202695,0021600744,2017-02-02,SAS vs. PHI,W,25,8,17,0.471,0,2,0.0,3,5,0.6,4,4,8,5,2,2,4,1,19,8,1,2016-17,Regular Season,202695,Kawhi Leonard
22016,202695,0021600762,2017-02-04,SAS vs. DEN,W,32,6,13,0.462,1,6,0.167,6,8,0.75,1,5,6,5,2,2,2,0,19,18,1,2016-17,Regular Season,202695,Kawhi Leonard
22016,202695,0021600782,2017-02-08,SAS @ PHI,W,37,9,18,0.5,3,7,0.429,11,11,1.0,1,5,6,5,0,0,2,2,32,14,1,2016-17,Regular Season,202695,Kawhi Leonard
22016,202695,0021600801,2017-02-10,SAS @ DET,W,33,11,22,0.5,3,8,0.375,7,9,0.778,0,6,6,5,1,0,3,2,32,18,1,2016-17,Regular Season,202695,Kawhi Leonard
22016,202695,0021600817,2017-02-12,SAS @ NYK,L,36,13,27,0.481,1,7,0.143,9,11,0.818,2,7,9,4,4,0,3,3,36,0,1,2016-17,Regular Season,202695,Kawhi Leonard
22016,202695,0021600825,2017-02-13,SAS @ IND,W,39,13,23,0.565,2,3,0.667,4,5,0.8,0,6,6,3,5,0,2,0,32,17,1,2016-17,Regular Season,202695,Kawhi Leonard
22016,202695,0021600834,2017-02-15,SAS @ ORL,W,27,8,18,0.444,2,5,0.4,4,4,1.0,1,4,5,1,2,1,1,1,22,16,1,2016-17,Regular Season,202695,Kawhi Leonard
22016,202695,0021600865,2017-02-24,SAS @ LAC,W,31,7,16,0.438,0,4,0.0,7,10,0.7,1,2,3,6,1,0,3,5,21,-2,1,2016-17,Regular Season,202695,Kawhi Leonard
22016,202695,0021600874,2017-02-26,SAS @ LAL,W,26,9,18,0.5,2,7,0.286,5,6,0.833,1,2,3,1,0,0,2,0,25,18,1,2016-17,Regular Season,202695,Kawhi Leonard
22016,202695,0021600902,2017-03-01,SAS vs. IND,W,34,11,22,0.5,3,9,0.333,6,6,1.0,2,9,11,2,3,0,2,4,31,-11,1,2016-17,Regular Season,202695,Kawhi Leonard
22016,202695,0021600917,2017-03-03,SAS @ NOP,W,40,11,26,0.423,1,5,0.2,8,10,0.8,1,6,7,6,3,0,1,1,31,4,1,2016-17,Regular Season,202695,Kawhi Leonard
22016,202695,0021600925,2017-03-04,SAS vs. MIN,W,44,11,25,0.44,1,5,0.2,11,12,0.917,1,9,10,5,6,1,1,1,34,18,1,2016-17,Regular Season,202695,Kawhi Leonard
22016,202695,0021600942,2017-03-06,SAS vs. HOU,W,39,12,18,0.667,4,5,0.8,11,11,1.0,0,6,6,5,1,2,1,1,39,4,1,2016-17,Regular Season,202695,Kawhi Leonard
22016,202695,0021600962,2017-03-09,SAS @ OKC,L,26,6,15,0.4,0,2,0.0,7,7,1.0,1,1,2,2,1,0,2,2,19,-1,1,2016-17,Regular Season,202695,Kawhi Leonard
22016,202695,0021600994,2017-03-13,SAS vs. ATL,W,39,10,24,0.417,3,8,0.375,8,10,0.8,0,5,5,4,0,1,5,4,31,10,1,2016-17,Regular Season,202695,Kawhi Leonard
22016,202695,0021601011,2017-03-15,SAS vs. POR,L,37,12,21,0.571,4,7,0.571,6,7,0.857,0,9,9,6,3,2,2,4,34,0,2,2016-17,Regular Season,202695,Kawhi Leonard
22016,202695,0021601033,2017-03-18,SAS @ MEM,L,36,6,15,0.4,2,6,0.333,8,9,0.889,1,6,7,3,0,1,4,2,22,-12,1,2016-17,Regular Season,202695,Kawhi Leonard
22016,202695,0021601042,2017-03-19,SAS vs. SAC,W,26,3,12,0.25,1,6,0.167,5,6,0.833,1,1,2,3,2,0,0,1,12,17,1,2016-17,Regular Season,202695,Kawhi Leonard
22016,202695,0021601056,2017-03-21,SAS @ MIN,W,31,7,13,0.538,0,5,0.0,8,10,0.8,0,3,3,4,3,1,3,2,22,4,1,2016-17,Regular Season,202695,Kawhi Leonard
22016,202695,0021601070,2017-03-23,SAS vs. MEM,W,38,7,15,0.467,1,5,0.2,4,7,0.571,3,4,7,4,1,0,2,2,19,2,1,2016-17,Regular Season,202695,Kawhi Leonard
22016,202695,0021601085,2017-03-25,SAS vs. NYK,W,39,11,18,0.611,4,6,0.667,3,5,0.6,0,5,5,5,1,2,2,1,29,12,1,2016-17,Regular Season,202695,Kawhi Leonard
22016,202695,0021601099,2017-03-27,SAS vs. CLE,W,30,11,21,0.524,0,7,0.0,3,3,1.0,0,6,6,6,3,1,2,2,25,30,1,2016-17,Regular Season,202695,Kawhi Leonard
22016,202695,0021601118,2017-03-29,SAS vs. GSW,L,36,7,20,0.35,0,5,0.0,5,7,0.714,3,4,7,5,1,0,5,0,19,-4,1,2016-17,Regular Season,202695,Kawhi Leonard
22016,202695,0021601135,2017-03-31,SAS @ OKC,W,38,10,22,0.455,2,9,0.222,6,8,0.75,2,6,8,2,3,2,0,2,28,13,1,2016-17,Regular Season,202695,Kawhi Leonard
22016,202695,0021601151,2017-04-02,SAS vs. UTA,W,36,8,15,0.533,3,3,1.0,6,7,0.857,2,2,4,7,0,2,3,1,25,-4,1,2016-17,Regular Season,202695,Kawhi Leonard
22016,202695,0021601161,2017-04-04,SAS vs. MEM,W,40,10,24,0.417,5,8,0.625,7,8,0.875,0,12,12,4,2,1,1,5,32,10,1,2016-17,Regular Season,202695,Kawhi Leonard
22016,202695,0021601170,2017-04-05,SAS vs. LAL,L,14,5,8,0.625,1,2,0.5,0,0,0.0,0,2,2,3,2,1,1,1,11,-2,1,2016-17,Regular Season,202695,Kawhi Leonard
22016,202695,0021601193,2017-04-08,SAS vs. LAC,L,35,10,19,0.526,5,8,0.625,3,4,0.75,0,5,5,5,1,0,3,1,28,-7,1,2016-17,Regular Season,202695,Kawhi Leonard
22016,202695,0021601209,2017-04-10,SAS @ POR,L,20,8,11,0.727,1,2,0.5,1,1,1.0,0,0,0,0,1,1,2,0,18,-2,1,2016-17,Regular Season,202695,Kawhi Leonard
22016,202695,0021601227,2017-04-12,SAS @ UTA,L,31,5,13,0.385,1,2,0.5,3,3,1.0,1,4,5,2,1,0,1,2,14,-3,1,2016-17,Regular Season,202695,Kawhi Leonard
42016,202695,0041600151,2017-04-15,SAS vs. MEM,W,32,11,14,0.786,1,3,0.333,9,9,1.0,1,2,3,5,2,0,2,1,32,17,1,2016-17,Playoffs,202695,Kawhi Leonard
42016,202695,0041600152,2017-04-17,SAS vs. MEM,W,40,9,14,0.643,0,2,0.0,19,19,1.0,1,10,11,2,0,0,4,2,37,8,1,2016-17,Playoffs,202695,Kawhi Leonard
42016,202695,0041600153,2017-04-20,SAS @ MEM,L,30,6,11,0.545,2,4,0.5,4,4,1.0,0,4,4,3,0,1,1,2,18,-7,1,2016-17,Playoffs,202695,Kawhi Leonard
42016,202695,0041600154,2017-04-22,SAS @ MEM,L,44,14,30,0.467,7,10,0.7,8,8,1.0,1,7,8,3,6,0,4,4,43,18,1,2016-17,Playoffs,202695,Kawhi Leonard
42016,202695,0041600155,2017-04-25,SAS vs. MEM,W,39,9,16,0.563,3,5,0.6,7,8,0.875,0,1,1,6,1,0,2,1,28,19,1,2016-17,Playoffs,202695,Kawhi Leonard
42016,202695,0041600156,2017-04-27,SAS @ MEM,W,40,8,19,0.421,1,5,0.2,12,13,0.923,3,6,9,4,3,0,1,2,29,15,1,2016-17,Playoffs,202695,Kawhi Leonard
42016,202695,0041600231,2017-05-01,SAS vs. HOU,L,32,5,14,0.357,3,7,0.429,8,8,1.0,0,11,11,6,0,1,1,0,21,-16,1,2016-17,Playoffs,202695,Kawhi Leonard
42016,202695,0041600232,2017-05-03,SAS vs. HOU,W,38,13,16,0.813,3,4,0.75,5,5,1.0,1,6,7,8,3,1,2,0,34,24,1,2016-17,Playoffs,202695,Kawhi Leonard
42016,202695,0041600233,2017-05-05,SAS @ HOU,W,41,9,20,0.45,2,3,0.667,6,8,0.75,3,7,10,7,1,0,3,4,26,10,1,2016-17,Playoffs,202695,Kawhi Leonard
42016,202695,0041600234,2017-05-07,SAS @ HOU,L,30,7,14,0.5,1,4,0.25,1,3,0.333,2,4,6,4,1,1,3,2,16,-15,1,2016-17,Playoffs,202695,Kawhi Leonard
42016,202695,0041600235,2017-05-09,SAS vs. HOU,W,38,8,21,0.381,1,4,0.25,5,6,0.833,3,12,15,4,2,2,2,1,22,-2,1,2016-17,Playoffs,202695,Kawhi Leonard
42016,202695,0041600311,2017-05-14,SAS @ GSW,L,24,7,13,0.538,1,4,0.25,11,11,1.0,4,4,8,3,1,0,1,2,26,21,1,2016-17,Playoffs,202695,Kawhi Leonard
22016,202710,0021600015,2016-10-27,CHI vs. BOS,W,37,6,17,0.353,4,6,0.667,8,12,0.667,3,4,7,3,2,0,0,2,24,8,1,2016-17,Regular Season,202710,Jimmy Butler III
22016,202710,0021600030,2016-10-29,CHI vs. IND,W,26,6,9,0.667,0,2,0.0,4,4,1.0,2,3,5,3,1,0,0,2,16,11,1,2016-17,Regular Season,202710,Jimmy Butler III
22016,202710,0021600043,2016-10-31,CHI @ BKN,W,27,6,10,0.6,2,3,0.667,8,9,0.889,1,5,6,2,0,0,1,3,22,24,1,2016-17,Regular Season,202710,Jimmy Butler III
22016,202710,0021600061,2016-11-02,CHI @ BOS,L,36,8,21,0.381,2,5,0.4,5,5,1.0,2,7,9,2,0,0,2,5,23,-6,1,2016-17,Regular Season,202710,Jimmy Butler III
22016,202710,0021600073,2016-11-04,CHI vs. NYK,L,37,7,15,0.467,1,4,0.25,11,11,1.0,2,3,5,2,1,0,2,0,26,-8,1,2016-17,Regular Season,202710,Jimmy Butler III
22016,202710,0021600083,2016-11-05,CHI @ IND,L,32,5,7,0.714,1,1,1.0,5,6,0.833,0,4,4,2,0,0,6,3,16,-18,1,2016-17,Regular Season,202710,Jimmy Butler III
22016,202710,0021600096,2016-11-07,CHI vs. ORL,W,31,5,13,0.385,0,2,0.0,10,10,1.0,2,3,5,7,4,0,3,0,20,24,1,2016-17,Regular Season,202710,Jimmy Butler III
22016,202710,0021600111,2016-11-09,CHI @ ATL,L,39,13,24,0.542,4,9,0.444,9,12,0.75,1,3,4,7,6,0,4,1,39,8,1,2016-17,Regular Season,202710,Jimmy Butler III
22016,202710,0021600118,2016-11-10,CHI @ MIA,W,38,5,11,0.455,1,2,0.5,9,10,0.9,1,3,4,5,3,0,2,1,20,-1,1,2016-17,Regular Season,202710,Jimmy Butler III
22016,202710,0021600133,2016-11-12,CHI vs. WAS,W,38,11,23,0.478,1,3,0.333,14,14,1.0,2,6,8,9,3,0,2,2,37,16,1,2016-17,Regular Season,202710,Jimmy Butler III
22016,202710,0021600156,2016-11-15,CHI @ POR,W,34,9,16,0.563,1,1,1.0,8,8,1.0,3,9,12,5,0,0,4,2,27,25,1,2016-17,Regular Season,202710,Jimmy Butler III
22016,202710,0021600173,2016-11-17,CHI @ UTA,W,41,7,19,0.368,2,4,0.5,4,6,0.667,2,10,12,3,2,0,1,0,20,-2,1,2016-17,Regular Season,202710,Jimmy Butler III
22016,202710,0021600192,2016-11-19,CHI @ LAC,L,38,5,18,0.278,1,5,0.2,11,12,0.917,3,3,6,1,0,0,2,1,22,-8,1,2016-17,Regular Season,202710,Jimmy Butler III
22016,202710,0021600198,2016-11-20,CHI @ LAL,W,40,14,23,0.609,0,1,0.0,12,14,0.857,4,3,7,6,1,0,1,1,40,14,1,2016-17,Regular Season,202710,Jimmy Butler III
22016,202710,0021600210,2016-11-22,CHI @ DEN,L,39,11,20,0.55,2,4,0.5,11,12,0.917,0,7,7,5,0,2,1,3,35,18,1,2016-17,Regular Season,202710,Jimmy Butler III
22016,202710,0021600229,2016-11-25,CHI @ PHI,W,31,10,15,0.667,1,2,0.5,5,6,0.833,1,3,4,3,1,0,0,1,26,20,1,2016-17,Regular Season,202710,Jimmy Butler III
22016,202710,0021600269,2016-11-30,CHI vs. LAL,L,40,4,18,0.222,1,6,0.167,13,15,0.867,1,3,4,2,3,0,4,3,22,8,1,2016-17,Regular Season,202710,Jimmy Butler III
22016,202710,0021600286,2016-12-02,CHI vs. CLE,W,42,8,20,0.4,0,3,0.0,10,12,0.833,3,5,8,6,3,2,1,1,26,9,1,2016-17,Regular Season,202710,Jimmy Butler III
22016,202710,0021600296,2016-12-03,CHI @ DAL,L,36,8,18,0.444,0,3,0.0,10,12,0.833,1,8,9,4,2,0,3,3,26,-10,1,2016-17,Regular Season,202710,Jimmy Butler III
22016,202710,0021600308,2016-12-05,CHI vs. POR,L,37,8,16,0.5,2,4,0.5,8,8,1.0,2,5,7,5,1,2,2,1,26,2,1,2016-17,Regular Season,202710,Jimmy Butler III
22016,202710,0021600317,2016-12-06,CHI @ DET,L,43,11,21,0.524,0,4,0.0,10,10,1.0,0,6,6,4,0,1,3,1,32,-3,1,2016-17,Regular Season,202710,Jimmy Butler III
22016,202710,0021600336,2016-12-08,CHI vs. SAS,W,38,4,14,0.286,1,3,0.333,4,5,0.8,2,7,9,4,2,1,3,2,13,6,1,2016-17,Regular Season,202710,Jimmy Butler III
22016,202710,0021600350,2016-12-10,CHI vs. MIA,W,38,8,15,0.533,0,0,0.0,15,16,0.938,1,6,7,4,3,0,2,2,31,3,1,2016-17,Regular Season,202710,Jimmy Butler III
22016,202710,0021600370,2016-12-13,CHI vs. MIN,L,39,9,22,0.409,1,2,0.5,8,9,0.889,1,8,9,6,3,1,2,2,27,-15,1,2016-17,Regular Season,202710,Jimmy Butler III
22016,202710,0021600384,2016-12-15,CHI @ MIL,L,38,6,16,0.375,1,3,0.333,8,10,0.8,0,3,3,3,2,0,2,1,21,-8,1,2016-17,Regular Season,202710,Jimmy Butler III
22016,202710,0021600393,2016-12-16,CHI vs. MIL,L,30,3,14,0.214,1,5,0.2,0,0,0.0,2,5,7,6,1,0,1,3,7,-12,1,2016-17,Regular Season,202710,Jimmy Butler III
22016,202710,0021600414,2016-12-19,CHI vs. DET,W,30,6,7,0.857,1,1,1.0,6,6,1.0,1,2,3,6,2,0,0,0,19,25,1,2016-17,Regular Season,202710,Jimmy Butler III
22016,202710,0021600432,2016-12-21,CHI vs. WAS,L,39,6,20,0.3,0,4,0.0,8,9,0.889,5,6,11,5,0,0,4,4,20,-6,1,2016-17,Regular Season,202710,Jimmy Butler III
22016,202710,0021600442,2016-12-23,CHI @ CHA,L,39,11,19,0.579,2,4,0.5,2,2,1.0,0,4,4,4,0,1,2,2,26,-7,1,2016-17,Regular Season,202710,Jimmy Butler III
22016,202710,0021600458,2016-12-25,CHI @ SAS,L,36,8,19,0.421,1,3,0.333,2,2,1.0,1,4,5,3,1,0,0,3,19,-19,1,2016-17,Regular Season,202710,Jimmy Butler III
22016,202710,0021600465,2016-12-26,CHI vs. IND,W,40,3,12,0.25,1,3,0.333,9,12,0.75,0,5,5,5,2,0,2,1,16,3,1,2016-17,Regular Season,202710,Jimmy Butler III
22016,202710,0021600480,2016-12-28,CHI vs. BKN,W,38,14,29,0.483,1,2,0.5,11,11,1.0,6,4,10,4,4,0,3,2,40,4,1,2016-17,Regular Season,202710,Jimmy Butler III
22016,202710,0021600492,2016-12-30,CHI @ IND,L,38,8,17,0.471,0,3,0.0,9,11,0.818,0,6,6,3,2,0,4,5,25,-15,1,2016-17,Regular Season,202710,Jimmy Butler III
22016,202710,0021600503,2016-12-31,CHI vs. MIL,L,38,7,16,0.438,2,6,0.333,10,15,0.667,3,4,7,8,2,0,3,1,26,-4,1,2016-17,Regular Season,202710,Jimmy Butler III
22016,202710,0021600517,2017-01-02,CHI vs. CHA,W,38,15,24,0.625,1,4,0.25,21,22,0.955,3,9,12,6,3,1,2,0,52,15,1,2016-17,Regular Season,202710,Jimmy Butler III
22016,202710,0021600532,2017-01-04,CHI @ CLE,W,38,7,20,0.35,3,8,0.375,3,4,0.75,3,3,6,8,1,0,0,2,20,15,1,2016-17,Regular Season,202710,Jimmy Butler III
22016,202710,0021600554,2017-01-07,CHI vs. TOR,W,44,10,25,0.4,4,8,0.5,18,20,0.9,4,6,10,5,2,0,4,1,42,8,1,2016-17,Regular Season,202710,Jimmy Butler III
22016,202710,0021600569,2017-01-09,CHI vs. OKC,L,29,0,6,0.0,0,2,0.0,1,2,0.5,0,2,2,7,0,0,1,0,1,-15,1,2016-17,Regular Season,202710,Jimmy Butler III
22016,202710,0021600602,2017-01-14,CHI vs. NOP,W,39,9,16,0.563,3,4,0.75,7,10,0.7,1,7,8,6,4,2,3,1,28,1,1,2016-17,Regular Season,202710,Jimmy Butler III
22016,202710,0021600611,2017-01-15,CHI @ MEM,W,38,6,14,0.429,1,5,0.2,3,7,0.429,0,8,8,6,3,0,2,2,16,-6,1,2016-17,Regular Season,202710,Jimmy Butler III
22016,202710,0021600624,2017-01-17,CHI vs. DAL,L,40,5,12,0.417,0,1,0.0,14,16,0.875,2,7,9,12,1,0,3,1,24,10,1,2016-17,Regular Season,202710,Jimmy Butler III
22016,202710,0021600647,2017-01-20,CHI @ ATL,L,29,6,8,0.75,2,2,1.0,5,5,1.0,0,0,0,3,1,0,4,0,19,-22,1,2016-17,Regular Season,202710,Jimmy Butler III
22016,202710,0021600660,2017-01-21,CHI vs. SAC,W,39,6,14,0.429,1,3,0.333,10,10,1.0,0,5,5,7,0,0,2,1,23,14,1,2016-17,Regular Season,202710,Jimmy Butler III
22016,202710,0021600677,2017-01-24,CHI @ ORL,W,39,7,14,0.5,0,3,0.0,6,7,0.857,2,6,8,4,4,0,0,0,20,3,1,2016-17,Regular Season,202710,Jimmy Butler III
22016,202710,0021600683,2017-01-25,CHI vs. ATL,L,40,13,22,0.591,4,8,0.5,10,10,1.0,2,2,4,3,3,0,1,0,40,-3,1,2016-17,Regular Season,202710,Jimmy Butler III
22016,202710,0021600700,2017-01-27,CHI vs. MIA,L,33,1,13,0.077,0,2,0.0,1,2,0.5,1,2,3,2,0,1,3,2,3,-23,1,2016-17,Regular Season,202710,Jimmy Butler III
22016,202710,0021600716,2017-01-29,CHI vs. PHI,W,39,8,18,0.444,0,0,0.0,12,15,0.8,2,6,8,7,4,0,3,2,28,13,1,2016-17,Regular Season,202710,Jimmy Butler III
22016,202710,0021600740,2017-02-01,CHI @ OKC,W,30,11,17,0.647,0,1,0.0,6,8,0.75,2,2,4,5,3,0,1,2,28,21,1,2016-17,Regular Season,202710,Jimmy Butler III
22016,202710,0021600807,2017-02-10,CHI @ PHX,L,30,6,16,0.375,0,3,0.0,8,9,0.889,2,1,3,6,2,0,2,3,20,-4,1,2016-17,Regular Season,202710,Jimmy Butler III
22016,202710,0021600831,2017-02-14,CHI vs. TOR,W,38,2,10,0.2,0,3,0.0,15,19,0.789,1,1,2,12,5,0,4,4,19,13,1,2016-17,Regular Season,202710,Jimmy Butler III
22016,202710,0021600849,2017-02-16,CHI vs. BOS,W,40,9,20,0.45,2,5,0.4,9,9,1.0,2,2,4,7,0,1,1,2,29,10,1,2016-17,Regular Season,202710,Jimmy Butler III
22016,202710,0021600859,2017-02-24,CHI vs. PHX,W,43,8,21,0.381,1,4,0.25,5,6,0.833,2,1,3,9,4,0,3,2,22,13,1,2016-17,Regular Season,202710,Jimmy Butler III
22016,202710,0021600871,2017-02-25,CHI @ CLE,W,39,7,19,0.368,4,6,0.667,0,0,0.0,1,9,10,10,1,0,1,1,18,20,1,2016-17,Regular Season,202710,Jimmy Butler III
22016,202710,0021600891,2017-02-28,CHI vs. DEN,L,35,3,13,0.231,0,2,0.0,2,2,1.0,3,1,4,3,3,0,0,1,8,-20,1,2016-17,Regular Season,202710,Jimmy Butler III
22016,202710,0021600906,2017-03-02,CHI vs. GSW,W,35,6,14,0.429,0,1,0.0,10,10,1.0,0,5,5,6,4,1,2,1,22,9,1,2016-17,Regular Season,202710,Jimmy Butler III
22016,202710,0021600922,2017-03-04,CHI vs. LAC,L,36,4,7,0.571,1,1,1.0,7,8,0.875,2,2,4,6,3,0,2,1,16,-6,1,2016-17,Regular Season,202710,Jimmy Butler III
22016,202710,0021600938,2017-03-06,CHI @ DET,L,39,7,16,0.438,1,6,0.167,12,13,0.923,3,6,9,4,1,1,5,0,27,-5,1,2016-17,Regular Season,202710,Jimmy Butler III
22016,202710,0021600949,2017-03-08,CHI @ ORL,L,38,7,21,0.333,3,8,0.375,4,5,0.8,1,3,4,9,1,1,5,0,21,-8,1,2016-17,Regular Season,202710,Jimmy Butler III
22016,202710,0021600966,2017-03-10,CHI vs. HOU,L,31,6,12,0.5,0,2,0.0,4,4,1.0,3,2,5,4,1,0,1,1,16,-20,1,2016-17,Regular Season,202710,Jimmy Butler III
22016,202710,0021600985,2017-03-12,CHI @ BOS,L,32,2,11,0.182,1,2,0.5,0,0,0.0,2,5,7,3,2,0,1,0,5,-12,1,2016-17,Regular Season,202710,Jimmy Butler III
22016,202710,0021600991,2017-03-13,CHI @ CHA,W,38,8,15,0.533,2,5,0.4,5,6,0.833,1,5,6,11,2,2,2,1,23,11,1,2016-17,Regular Season,202710,Jimmy Butler III
22016,202710,0021601009,2017-03-15,CHI vs. MEM,L,40,4,16,0.25,0,3,0.0,6,8,0.75,3,4,7,1,0,2,1,0,14,-9,1,2016-17,Regular Season,202710,Jimmy Butler III
22016,202710,0021601021,2017-03-17,CHI @ WAS,L,38,10,17,0.588,2,3,0.667,6,8,0.75,2,3,5,5,3,0,2,2,28,-6,1,2016-17,Regular Season,202710,Jimmy Butler III
22016,202710,0021601032,2017-03-18,CHI vs. UTA,W,38,8,18,0.444,0,1,0.0,7,7,1.0,2,2,4,7,3,2,2,1,23,1,1,2016-17,Regular Season,202710,Jimmy Butler III
22016,202710,0021601051,2017-03-21,CHI @ TOR,L,44,11,21,0.524,3,7,0.429,12,14,0.857,2,8,10,6,1,2,0,1,37,-6,1,2016-17,Regular Season,202710,Jimmy Butler III
22016,202710,0021601061,2017-03-22,CHI vs. DET,W,34,6,6,1.0,0,0,0.0,4,4,1.0,2,3,5,12,2,0,0,1,16,20,1,2016-17,Regular Season,202710,Jimmy Butler III
22016,202710,0021601077,2017-03-24,CHI vs. PHI,L,42,10,24,0.417,0,1,0.0,16,21,0.762,3,4,7,11,3,0,0,1,36,-5,1,2016-17,Regular Season,202710,Jimmy Butler III
22016,202710,0021601090,2017-03-26,CHI @ MIL,W,39,8,13,0.615,1,1,1.0,3,5,0.6,1,5,6,14,3,0,6,1,20,23,1,2016-17,Regular Season,202710,Jimmy Butler III
22016,202710,0021601122,2017-03-30,CHI vs. CLE,W,38,10,17,0.588,2,2,1.0,3,6,0.5,2,4,6,5,2,0,1,0,25,2,1,2016-17,Regular Season,202710,Jimmy Butler III
22016,202710,0021601138,2017-04-01,CHI vs. ATL,W,43,11,20,0.55,1,2,0.5,10,10,1.0,1,4,5,8,0,1,1,3,33,1,1,2016-17,Regular Season,202710,Jimmy Butler III
22016,202710,0021601146,2017-04-02,CHI @ NOP,W,39,14,26,0.538,3,3,1.0,8,10,0.8,3,3,6,5,1,1,1,0,39,0,1,2016-17,Regular Season,202710,Jimmy Butler III
22016,202710,0021601160,2017-04-04,CHI @ NYK,L,40,9,18,0.5,1,3,0.333,7,9,0.778,1,2,3,4,1,2,3,4,26,-6,1,2016-17,Regular Season,202710,Jimmy Butler III
22016,202710,0021601173,2017-04-06,CHI @ PHI,W,37,5,12,0.417,0,1,0.0,9,9,1.0,0,10,10,10,2,0,6,0,19,18,1,2016-17,Regular Season,202710,Jimmy Butler III
22016,202710,0021601188,2017-04-08,CHI @ BKN,L,38,12,22,0.545,5,5,1.0,4,4,1.0,1,6,7,4,0,0,3,0,33,-3,1,2016-17,Regular Season,202710,Jimmy Butler III
22016,202710,0021601206,2017-04-10,CHI vs. ORL,W,31,5,11,0.455,0,1,0.0,7,7,1.0,2,3,5,3,3,0,2,2,17,31,2,2016-17,Regular Season,202710,Jimmy Butler III
22016,202710,0021601222,2017-04-12,CHI vs. BKN,W,35,8,19,0.421,1,3,0.333,8,9,0.889,1,5,6,4,4,2,1,1,25,26,1,2016-17,Regular Season,202710,Jimmy Butler III
42016,202710,0041600101,2017-04-16,CHI @ BOS,W,41,9,20,0.45,3,6,0.5,9,12,0.75,3,6,9,3,1,1,5,2,30,-3,1,2016-17,Playoffs,202710,Jimmy Butler III
42016,202710,0041600102,2017-04-18,CHI @ BOS,W,43,8,19,0.421,1,4,0.25,5,6,0.833,1,7,8,8,4,2,3,1,22,22,1,2016-17,Playoffs,202710,Jimmy Butler III
42016,202710,0041600103,2017-04-21,CHI vs. BOS,L,39,7,21,0.333,0,4,0.0,0,0,0.0,2,5,7,0,1,1,1,2,14,-27,1,2016-17,Playoffs,202710,Jimmy Butler III
42016,202710,0041600104,2017-04-23,CHI vs. BOS,L,46,7,16,0.438,0,3,0.0,19,23,0.826,1,4,5,9,1,0,1,4,33,-4,1,2016-17,Playoffs,202710,Jimmy Butler III
42016,202710,0041600105,2017-04-26,CHI @ BOS,L,39,6,15,0.4,2,4,0.5,0,1,0.0,0,8,8,6,0,1,2,0,14,-11,1,2016-17,Playoffs,202710,Jimmy Butler III
42016,202710,0041600106,2017-04-28,CHI vs. BOS,L,31,9,17,0.529,0,2,0.0,5,5,1.0,2,5,7,0,3,0,3,1,23,-19,1,2016-17,Playoffs,202710,Jimmy Butler III
22016,1626164,0021600012,2016-10-26,PHX vs. SAC,L,25,8,12,0.667,0,3,0.0,2,5,0.4,0,2,2,3,0,0,4,5,18,-5,1,2016-17,Regular Season,1626164,Devin Booker
22016,1626164,0021600021,2016-10-28,PHX @ OKC,L,44,8,25,0.32,2,8,0.25,3,5,0.6,2,4,6,1,0,0,1,3,21,-1,1,2016-17,Regular Season,1626164,Devin Booker
22016,1626164,0021600036,2016-10-30,PHX vs. GSW,L,28,3,12,0.25,1,4,0.25,0,0,0.0,0,0,0,2,0,1,2,0,7,-10,1,2016-17,Regular Season,1626164,Devin Booker
22016,1626164,0021600063,2016-11-02,PHX vs. POR,W,39,6,15,0.4,1,2,0.5,2,4,0.5,0,3,3,2,2,0,2,3,15,8,1,2016-17,Regular Season,1626164,Devin Booker
22016,1626164,0021600075,2016-11-04,PHX @ NOP,W,41,13,22,0.591,3,7,0.429,9,9,1.0,0,4,4,3,0,0,6,6,38,2,1,2016-17,Regular Season,1626164,Devin Booker
22016,1626164,0021600092,2016-11-06,PHX @ LAL,L,45,13,29,0.448,3,7,0.429,10,10,1.0,1,2,3,7,0,0,2,3,39,-4,1,2016-17,Regular Season,1626164,Devin Booker
22016,1626164,0021600103,2016-11-08,PHX @ POR,L,31,8,18,0.444,2,6,0.333,5,5,1.0,0,0,0,0,1,0,2,3,23,-9,1,2016-17,Regular Season,1626164,Devin Booker
22016,1626164,0021600113,2016-11-09,PHX vs. DET,W,33,3,9,0.333,1,5,0.2,4,5,0.8,0,2,2,4,1,2,3,2,11,10,1,2016-17,Regular Season,1626164,Devin Booker
22016,1626164,0021600139,2016-11-12,PHX vs. BKN,L,32,5,18,0.278,0,4,0.0,1,1,1.0,1,5,6,3,1,0,0,2,11,-12,1,2016-17,Regular Season,1626164,Devin Booker
22016,1626164,0021600143,2016-11-13,PHX @ GSW,L,32,6,18,0.333,1,5,0.2,6,6,1.0,1,3,4,3,2,1,1,1,19,-18,1,2016-17,Regular Season,1626164,Devin Booker
22016,1626164,0021600166,2016-11-16,PHX @ DEN,L,37,10,18,0.556,2,3,0.667,2,3,0.667,1,3,4,2,1,0,4,4,24,-16,1,2016-17,Regular Season,1626164,Devin Booker
22016,1626164,0021600176,2016-11-18,PHX @ IND,W,23,4,11,0.364,1,5,0.2,4,4,1.0,0,1,1,3,1,0,1,3,13,11,1,2016-17,Regular Season,1626164,Devin Booker
22016,1626164,0021600189,2016-11-19,PHX @ PHI,L,18,4,13,0.308,0,2,0.0,2,3,0.667,0,1,1,0,2,0,5,0,10,-18,1,2016-17,Regular Season,1626164,Devin Booker
22016,1626164,0021600200,2016-11-21,PHX @ WAS,L,37,12,26,0.462,6,9,0.667,0,0,0.0,1,1,2,2,0,0,2,4,30,-17,1,2016-17,Regular Season,1626164,Devin Booker
22016,1626164,0021600214,2016-11-23,PHX @ ORL,W,34,4,10,0.4,1,3,0.333,2,2,1.0,0,3,3,1,2,1,1,4,11,3,1,2016-17,Regular Season,1626164,Devin Booker
22016,1626164,0021600236,2016-11-25,PHX vs. MIN,L,33,4,10,0.4,1,3,0.333,2,2,1.0,0,2,2,2,2,1,4,3,11,-12,1,2016-17,Regular Season,1626164,Devin Booker
22016,1626164,0021600246,2016-11-27,PHX vs. DEN,L,36,11,27,0.407,4,10,0.4,4,5,0.8,0,3,3,4,1,0,1,5,30,14,1,2016-17,Regular Season,1626164,Devin Booker
22016,1626164,0021600274,2016-11-30,PHX vs. ATL,W,33,5,13,0.385,1,2,0.5,2,6,0.333,0,1,1,4,1,0,1,2,13,2,1,2016-17,Regular Season,1626164,Devin Booker
22016,1626164,0021600299,2016-12-03,PHX @ GSW,L,33,8,17,0.471,1,5,0.2,4,5,0.8,1,0,1,5,0,0,2,4,21,-5,1,2016-17,Regular Season,1626164,Devin Booker
22016,1626164,0021600320,2016-12-06,PHX @ UTA,L,26,9,13,0.692,1,3,0.333,2,3,0.667,0,2,2,1,1,0,4,1,21,-25,1,2016-17,Regular Season,1626164,Devin Booker
22016,1626164,0021600329,2016-12-07,PHX vs. IND,L,31,4,13,0.308,2,6,0.333,3,4,0.75,1,2,3,5,1,0,4,5,13,-3,1,2016-17,Regular Season,1626164,Devin Booker
22016,1626164,0021600344,2016-12-09,PHX @ LAL,W,28,6,17,0.353,1,6,0.167,2,2,1.0,1,2,3,4,0,0,2,6,15,11,1,2016-17,Regular Season,1626164,Devin Booker
22016,1626164,0021600359,2016-12-11,PHX vs. NOP,L,38,6,15,0.4,2,8,0.25,2,3,0.667,0,5,5,5,1,0,4,1,16,7,1,2016-17,Regular Season,1626164,Devin Booker
22016,1626164,0021600372,2016-12-13,PHX vs. NYK,W,36,3,16,0.188,1,5,0.2,5,5,1.0,0,1,1,0,0,1,1,2,12,7,1,2016-17,Regular Season,1626164,Devin Booker
22016,1626164,0021600387,2016-12-15,PHX vs. SAS,L,36,6,19,0.316,2,6,0.333,3,4,0.75,1,3,4,5,2,0,4,4,17,-18,1,2016-17,Regular Season,1626164,Devin Booker
22016,1626164,0021600399,2016-12-17,PHX @ OKC,L,33,11,22,0.5,3,5,0.6,6,7,0.857,1,2,3,5,1,0,6,3,31,-13,1,2016-17,Regular Season,1626164,Devin Booker
22016,1626164,0021600416,2016-12-19,PHX @ MIN,L,29,6,15,0.4,1,5,0.2,5,6,0.833,1,1,2,3,0,1,2,2,18,-3,1,2016-17,Regular Season,1626164,Devin Booker
22016,1626164,0021600435,2016-12-21,PHX vs. HOU,L,36,11,25,0.44,2,4,0.5,4,5,0.8,2,4,6,7,0,0,1,3,28,-5,1,2016-17,Regular Season,1626164,Devin Booker
22016,1626164,0021600453,2016-12-23,PHX vs. PHI,W,38,8,18,0.444,4,9,0.444,3,3,1.0,0,6,6,6,2,0,4,3,23,12,1,2016-17,Regular Season,1626164,Devin Booker
22016,1626164,0021600467,2016-12-26,PHX @ HOU,L,28,6,18,0.333,1,5,0.2,3,3,1.0,1,1,2,4,1,0,1,6,16,-17,1,2016-17,Regular Season,1626164,Devin Booker
22016,1626164,0021600482,2016-12-28,PHX @ SAS,L,29,2,13,0.154,0,2,0.0,4,4,1.0,0,3,3,4,2,0,3,4,8,-15,1,2016-17,Regular Season,1626164,Devin Booker
22016,1626164,0021600490,2016-12-29,PHX vs. TOR,W,38,6,19,0.316,1,4,0.25,6,7,0.857,0,5,5,5,1,0,1,3,19,12,1,2016-17,Regular Season,1626164,Devin Booker
22016,1626164,0021600506,2016-12-31,PHX @ UTA,L,36,9,19,0.474,1,3,0.333,1,1,1.0,0,3,3,1,3,0,1,2,20,-6,1,2016-17,Regular Season,1626164,Devin Booker
22016,1626164,0021600519,2017-01-02,PHX @ LAC,L,33,4,15,0.267,1,5,0.2,4,6,0.667,0,1,1,2,2,0,3,5,13,5,1,2016-17,Regular Season,1626164,Devin Booker
22016,1626164,0021600527,2017-01-03,PHX vs. MIA,W,35,9,19,0.474,3,6,0.5,6,7,0.857,1,1,2,4,1,0,6,3,27,9,1,2016-17,Regular Season,1626164,Devin Booker
22016,1626164,0021600541,2017-01-05,PHX @ DAL,W,36,9,17,0.529,3,3,1.0,1,1,1.0,0,2,2,0,0,1,4,2,22,5,1,2016-17,Regular Season,1626164,Devin Booker
22016,1626164,0021600565,2017-01-08,PHX vs. CLE,L,45,12,24,0.5,2,7,0.286,2,4,0.5,3,2,5,4,2,0,2,2,28,2,1,2016-17,Regular Season,1626164,Devin Booker
22016,1626164,0021600591,2017-01-12,PHX vs. DAL,L,37,14,20,0.7,6,7,0.857,5,7,0.714,0,1,1,3,1,0,7,4,39,-3,1,2016-17,Regular Season,1626164,Devin Booker
22016,1626164,0021600605,2017-01-14,PHX vs. SAS,W,37,12,22,0.545,3,5,0.6,12,12,1.0,2,0,2,2,0,0,3,4,39,10,1,2016-17,Regular Season,1626164,Devin Booker
22016,1626164,0021600620,2017-01-16,PHX vs. UTA,L,46,10,22,0.455,1,5,0.2,4,4,1.0,0,0,0,1,0,0,3,3,25,-4,1,2016-17,Regular Season,1626164,Devin Booker
22016,1626164,0021600636,2017-01-19,PHX @ CLE,L,37,4,13,0.308,0,4,0.0,13,14,0.929,1,6,7,8,0,0,4,3,21,-8,1,2016-17,Regular Season,1626164,Devin Booker
22016,1626164,0021600654,2017-01-21,PHX @ NYK,W,37,10,21,0.476,3,4,0.75,3,3,1.0,1,0,1,2,1,1,5,4,26,-1,1,2016-17,Regular Season,1626164,Devin Booker
22016,1626164,0021600663,2017-01-22,PHX @ TOR,W,37,6,14,0.429,5,8,0.625,3,4,0.75,0,4,4,2,2,0,2,5,20,12,1,2016-17,Regular Season,1626164,Devin Booker
22016,1626164,0021600679,2017-01-24,PHX vs. MIN,L,43,9,23,0.391,4,7,0.571,4,4,1.0,0,2,2,4,0,0,4,3,26,-2,1,2016-17,Regular Season,1626164,Devin Booker
22016,1626164,0021600692,2017-01-26,PHX @ DEN,L,33,9,17,0.529,1,6,0.167,5,6,0.833,0,0,0,6,1,0,5,2,24,-19,1,2016-17,Regular Season,1626164,Devin Booker
22016,1626164,0021600709,2017-01-28,PHX vs. DEN,L,35,8,16,0.5,0,2,0.0,7,11,0.636,1,3,4,2,1,1,3,5,23,19,1,2016-17,Regular Season,1626164,Devin Booker
22016,1626164,0021600723,2017-01-30,PHX vs. MEM,L,39,6,20,0.3,0,3,0.0,10,12,0.833,2,4,6,2,1,0,3,1,22,-11,1,2016-17,Regular Season,1626164,Devin Booker
22016,1626164,0021600739,2017-02-01,PHX vs. LAC,L,35,7,19,0.368,1,3,0.333,5,5,1.0,2,2,4,6,0,1,1,3,20,-10,1,2016-17,Regular Season,1626164,Devin Booker
22016,1626164,0021600753,2017-02-03,PHX @ SAC,W,41,11,24,0.458,4,8,0.5,7,10,0.7,0,2,2,2,2,1,1,4,33,7,1,2016-17,Regular Season,1626164,Devin Booker
22016,1626164,0021600761,2017-02-04,PHX vs. MIL,L,38,9,19,0.474,5,8,0.625,8,8,1.0,1,2,3,4,0,0,5,5,31,-16,1,2016-17,Regular Season,1626164,Devin Booker
22016,1626164,0021600774,2017-02-06,PHX @ NOP,L,37,5,20,0.25,1,8,0.125,3,4,0.75,0,2,2,5,1,2,3,4,14,-7,1,2016-17,Regular Season,1626164,Devin Booker
22016,1626164,0021600788,2017-02-08,PHX @ MEM,L,32,6,13,0.462,0,3,0.0,8,10,0.8,0,1,1,3,0,0,3,3,20,-22,1,2016-17,Regular Season,1626164,Devin Booker
22016,1626164,0021600807,2017-02-10,PHX vs. CHI,W,33,10,19,0.526,2,4,0.5,5,6,0.833,3,2,5,4,0,0,1,1,27,19,1,2016-17,Regular Season,1626164,Devin Booker
22016,1626164,0021600812,2017-02-11,PHX @ HOU,L,26,6,18,0.333,1,3,0.333,5,6,0.833,0,1,1,2,1,0,3,3,18,-29,1,2016-17,Regular Season,1626164,Devin Booker
22016,1626164,0021600829,2017-02-13,PHX vs. NOP,L,36,9,19,0.474,2,6,0.333,1,1,1.0,0,1,1,3,1,1,5,4,21,2,1,2016-17,Regular Season,1626164,Devin Booker
22016,1626164,0021600844,2017-02-15,PHX vs. LAL,W,30,9,14,0.643,4,7,0.571,1,2,0.5,1,3,4,1,0,1,3,3,23,29,1,2016-17,Regular Season,1626164,Devin Booker
22016,1626164,0021600859,2017-02-24,PHX @ CHI,L,41,10,21,0.476,2,4,0.5,5,8,0.625,0,3,3,2,2,0,4,4,27,-11,1,2016-17,Regular Season,1626164,Devin Booker
22016,1626164,0021600875,2017-02-26,PHX @ MIL,L,35,5,11,0.455,2,3,0.667,3,4,0.75,0,4,4,3,1,0,3,3,15,6,1,2016-17,Regular Season,1626164,Devin Booker
22016,1626164,0021600892,2017-02-28,PHX @ MEM,L,36,3,11,0.273,2,5,0.4,1,1,1.0,0,3,3,1,0,1,2,2,9,-11,1,2016-17,Regular Season,1626164,Devin Booker
22016,1626164,0021600907,2017-03-02,PHX vs. CHA,W,30,5,12,0.417,1,4,0.25,4,5,0.8,0,6,6,9,0,0,5,3,15,7,1,2016-17,Regular Season,1626164,Devin Booker
22016,1626164,0021600916,2017-03-03,PHX vs. OKC,W,33,5,13,0.385,2,7,0.286,5,6,0.833,0,7,7,3,0,1,6,2,17,-2,1,2016-17,Regular Season,1626164,Devin Booker
22016,1626164,0021600929,2017-03-05,PHX vs. BOS,W,27,5,10,0.5,1,3,0.333,5,6,0.833,0,5,5,0,1,0,1,5,16,8,1,2016-17,Regular Season,1626164,Devin Booker
22016,1626164,0021600948,2017-03-07,PHX vs. WAS,L,38,8,18,0.444,4,7,0.571,5,6,0.833,1,3,4,6,0,0,6,2,25,5,1,2016-17,Regular Season,1626164,Devin Booker
22016,1626164,0021600964,2017-03-09,PHX vs. LAL,L,38,10,21,0.476,1,4,0.25,2,2,1.0,1,5,6,3,0,0,3,2,23,-3,1,2016-17,Regular Season,1626164,Devin Booker
22016,1626164,0021600982,2017-03-11,PHX @ DAL,W,35,12,20,0.6,2,5,0.4,10,10,1.0,1,4,5,2,0,0,1,2,36,15,1,2016-17,Regular Season,1626164,Devin Booker
22016,1626164,0021600988,2017-03-12,PHX vs. POR,L,41,13,26,0.5,0,0,0.0,2,4,0.5,1,4,5,3,1,0,3,1,28,-17,1,2016-17,Regular Season,1626164,Devin Booker
22016,1626164,0021601012,2017-03-15,PHX vs. SAC,L,40,6,26,0.231,3,9,0.333,4,4,1.0,1,2,3,2,0,0,1,2,19,-7,2,2016-17,Regular Season,1626164,Devin Booker
22016,1626164,0021601026,2017-03-17,PHX vs. ORL,L,30,3,13,0.231,0,2,0.0,4,4,1.0,0,4,4,3,2,0,3,2,10,6,1,2016-17,Regular Season,1626164,Devin Booker
22016,1626164,0021601053,2017-03-21,PHX @ MIA,L,34,4,16,0.25,0,4,0.0,3,4,0.75,2,2,4,5,1,0,7,3,11,-29,1,2016-17,Regular Season,1626164,Devin Booker
22016,1626164,0021601067,2017-03-23,PHX @ BKN,L,40,9,26,0.346,3,9,0.333,7,8,0.875,0,2,2,0,3,0,3,6,28,-21,1,2016-17,Regular Season,1626164,Devin Booker
22016,1626164,0021601076,2017-03-24,PHX @ BOS,L,45,21,40,0.525,4,11,0.364,24,26,0.923,2,6,8,6,3,1,5,3,70,-6,1,2016-17,Regular Season,1626164,Devin Booker
22016,1626164,0021601087,2017-03-26,PHX @ CHA,L,35,7,17,0.412,2,5,0.4,7,7,1.0,1,3,4,5,0,1,4,3,23,-32,1,2016-17,Regular Season,1626164,Devin Booker
22016,1626164,0021601124,2017-03-30,PHX vs. LAC,L,37,13,22,0.591,4,7,0.571,3,6,0.5,0,2,2,9,1,0,3,6,33,-2,1,2016-17,Regular Season,1626164,Devin Booker
22016,1626164,0021601141,2017-04-01,PHX @ POR,L,42,10,25,0.4,0,4,0.0,11,14,0.786,1,2,3,7,3,0,7,2,31,-6,1,2016-17,Regular Season,1626164,Devin Booker
22016,1626164,0021601153,2017-04-02,PHX vs. HOU,L,39,7,22,0.318,1,6,0.167,12,12,1.0,0,5,5,9,1,0,8,4,27,-3,1,2016-17,Regular Season,1626164,Devin Booker
22016,1626164,0021601171,2017-04-05,PHX vs. GSW,L,42,7,24,0.292,2,7,0.286,5,7,0.714,1,2,3,5,3,0,2,3,21,-10,1,2016-17,Regular Season,1626164,Devin Booker
22016,1626164,0021601186,2017-04-07,PHX vs. OKC,W,38,13,29,0.448,5,9,0.556,6,8,0.75,0,5,5,4,1,0,1,3,37,20,1,2016-17,Regular Season,1626164,Devin Booker
22016,1626164,0021601199,2017-04-09,PHX vs. DAL,W,23,8,15,0.533,1,4,0.25,4,5,0.8,0,2,2,3,0,0,2,1,21,13,1,2016-17,Regular Season,1626164,Devin Booker
