SEASON_ID,Player_ID,Game_ID,GAME_DATE,MATCHUP,WL,MIN,FGM,FGA,FG_PCT,FG3M,FG3A,FG3_PCT,FTM,FTA,FT_PCT,OREB,DREB,REB,AST,STL,BLK,TOV,PF,PTS,PLUS_MINUS,VIDEO_AVAILABLE,SEASON,SEASON_TYPE,PLAYER_ID,PLAYER_NAME
22021,2544,0022100002,2021-10-19,LAL vs. GSW,L,37,13,23,0.565,5,11,0.455,3,6,0.5,1,10,11,5,1,1,4,5,34,-2,1,2021-22,Regular Season,2544,LeBron James
22021,2544,0022100025,2021-10-22,LAL vs. PHX,L,37,8,18,0.444,5,9,0.556,4,4,1.0,0,2,2,5,2,0,5,4,25,-6,1,2021-22,Regular Season,2544,LeBron James
22021,2544,0022100040,2021-10-24,LAL vs. MEM,W,40,7,19,0.368,4,9,0.444,1,2,0.5,0,6,6,6,2,2,3,1,19,-1,1,2021-22,Regular Season,2544,LeBron James
22021,2544,0022100077,2021-10-29,LAL vs. CLE,W,38,10,22,0.455,1,10,0.1,5,5,1.0,1,2,3,8,3,1,7,1,26,9,1,2021-22,Regular Season,2544,LeBron James
22021,2544,0022100093,2021-10-31,LAL vs. HOU,W,35,6,19,0.316,0,6,0.0,3,4,0.75,1,6,7,8,4,1,2,0,15,7,1,2021-22,Regular Season,2544,LeBron James
22021,2544,0022100107,2021-11-02,LAL vs. HOU,W,36,13,21,0.619,2,4,0.5,2,2,1.0,0,4,4,10,2,0,4,3,30,8,1,2021-22,Regular Season,2544,LeBron James
22021,2544,0022100232,2021-11-19,LAL @ BOS,L,32,10,16,0.625,3,7,0.429,0,1,0.0,1,5,6,2,2,0,3,3,23,-4,1,2021-22,Regular Season,2544,LeBron James
22021,2544,0022100249,2021-11-21,LAL @ DET,W,21,4,7,0.571,1,3,0.333,1,1,1.0,0,1,1,5,0,0,2,1,10,-15,1,2021-22,Regular Season,2544,LeBron James
22021,2544,0022100268,2021-11-24,LAL @ IND,W,43,13,29,0.448,5,12,0.417,8,9,0.889,0,5,5,6,1,2,2,2,39,-3,1,2021-22,Regular Season,2544,LeBron James
22021,2544,0022100291,2021-11-26,LAL vs. SAC,L,50,10,25,0.4,2,13,0.154,8,11,0.727,1,6,7,11,1,0,7,4,30,-7,1,2021-22,Regular Season,2544,LeBron James
22021,2544,0022100304,2021-11-28,LAL vs. DET,W,37,12,20,0.6,4,9,0.444,5,8,0.625,0,5,5,9,2,1,2,1,33,14,1,2021-22,Regular Season,2544,LeBron James
22021,2544,0022100341,2021-12-03,LAL vs. LAC,L,36,9,23,0.391,2,8,0.25,3,5,0.6,3,8,11,6,2,0,3,2,23,-5,1,2021-22,Regular Season,2544,LeBron James
22021,2544,0022100365,2021-12-07,LAL vs. BOS,W,36,13,19,0.684,2,5,0.4,2,2,1.0,2,2,4,5,0,0,3,2,30,18,1,2021-22,Regular Season,2544,LeBron James
22021,2544,0022100380,2021-12-09,LAL @ MEM,L,37,7,15,0.467,1,6,0.167,5,5,1.0,0,10,10,11,4,2,5,1,20,2,1,2021-22,Regular Season,2544,LeBron James
22021,2544,0022100389,2021-12-10,LAL @ OKC,W,35,13,20,0.65,4,6,0.667,3,4,0.75,0,5,5,6,3,2,2,2,33,19,1,2021-22,Regular Season,2544,LeBron James
22021,2544,0022100403,2021-12-12,LAL vs. ORL,W,37,12,20,0.6,3,7,0.429,3,4,0.75,1,10,11,10,0,3,6,2,30,14,1,2021-22,Regular Season,2544,LeBron James
22021,2544,0022100420,2021-12-15,LAL @ DAL,W,43,9,19,0.474,4,9,0.444,2,3,0.667,0,3,3,5,1,0,2,1,24,-6,1,2021-22,Regular Season,2544,LeBron James
22021,2544,0022100436,2021-12-17,LAL @ MIN,L,36,5,13,0.385,2,6,0.333,6,8,0.75,1,9,10,5,1,2,4,5,18,-11,1,2021-22,Regular Season,2544,LeBron James
22021,2544,0022100448,2021-12-19,LAL @ CHI,L,39,11,21,0.524,1,7,0.143,8,11,0.727,1,13,14,6,1,2,4,5,31,-1,1,2021-22,Regular Season,2544,LeBron James
22021,2544,0022100469,2021-12-21,LAL vs. PHX,L,34,13,19,0.684,2,5,0.4,6,6,1.0,0,7,7,2,2,0,2,1,34,0,1,2021-22,Regular Season,2544,LeBron James
22021,2544,0022100487,2021-12-23,LAL vs. SAS,L,35,15,26,0.577,2,7,0.286,4,6,0.667,2,7,9,6,1,2,3,2,36,-23,1,2021-22,Regular Season,2544,LeBron James
22021,2544,0022100491,2021-12-25,LAL vs. BKN,L,40,14,25,0.56,3,9,0.333,8,9,0.889,1,8,9,7,3,1,3,2,39,9,1,2021-22,Regular Season,2544,LeBron James
22021,2544,0022100511,2021-12-28,LAL @ HOU,W,39,11,19,0.579,3,5,0.6,7,9,0.778,4,6,10,11,1,2,3,3,32,6,1,2021-22,Regular Season,2544,LeBron James
22021,2544,0022100520,2021-12-29,LAL @ MEM,L,38,13,25,0.52,8,14,0.571,3,3,1.0,2,11,13,7,2,2,5,1,37,0,1,2021-22,Regular Season,2544,LeBron James
22021,2544,0022100538,2021-12-31,LAL vs. POR,W,29,16,26,0.615,5,10,0.5,6,9,0.667,2,12,14,4,2,2,0,1,43,18,1,2021-22,Regular Season,2544,LeBron James
22021,2544,0022100551,2022-01-02,LAL vs. MIN,W,39,7,15,0.467,3,9,0.333,9,12,0.75,0,7,7,5,3,1,1,2,26,9,1,2021-22,Regular Season,2544,LeBron James
22021,2544,0022100566,2022-01-04,LAL vs. SAC,W,36,12,26,0.462,3,10,0.3,4,5,0.8,2,3,5,5,0,1,2,3,31,3,1,2021-22,Regular Season,2544,LeBron James
22021,2544,0022100589,2022-01-07,LAL vs. ATL,W,37,13,24,0.542,1,6,0.167,5,5,1.0,1,7,8,9,4,3,4,4,32,4,1,2021-22,Regular Season,2544,LeBron James
22021,2544,0022100606,2022-01-09,LAL vs. MEM,L,33,14,19,0.737,3,4,0.75,4,4,1.0,6,3,9,7,0,0,3,4,35,-30,1,2021-22,Regular Season,2544,LeBron James
22021,2544,0022100626,2022-01-12,LAL @ SAC,L,39,13,29,0.448,3,12,0.25,5,10,0.5,1,6,7,6,0,1,1,2,34,-12,1,2021-22,Regular Season,2544,LeBron James
22021,2544,0022100649,2022-01-15,LAL @ DEN,L,31,9,23,0.391,2,8,0.25,5,7,0.714,1,8,9,2,0,2,1,0,25,-17,1,2021-22,Regular Season,2544,LeBron James
22021,2544,0022100665,2022-01-17,LAL vs. UTA,W,37,9,20,0.45,3,8,0.375,4,8,0.5,0,7,7,7,1,1,1,1,25,11,1,2021-22,Regular Season,2544,LeBron James
22021,2544,0022100680,2022-01-19,LAL vs. IND,L,37,11,22,0.5,3,7,0.429,5,7,0.714,1,11,12,5,2,0,3,1,30,-20,1,2021-22,Regular Season,2544,LeBron James
22021,2544,0022100685,2022-01-21,LAL @ ORL,W,34,12,23,0.522,2,7,0.286,3,3,1.0,1,6,7,5,1,1,6,3,29,5,1,2021-22,Regular Season,2544,LeBron James
22021,2544,0022100700,2022-01-23,LAL @ MIA,L,40,12,22,0.545,1,8,0.125,8,11,0.727,2,9,11,4,2,0,3,4,33,-8,1,2021-22,Regular Season,2544,LeBron James
22021,2544,0022100718,2022-01-25,LAL @ BKN,W,34,14,21,0.667,2,8,0.25,3,3,1.0,0,7,7,6,3,2,0,1,33,10,1,2021-22,Regular Season,2544,LeBron James
22021,2544,0022100799,2022-02-05,LAL vs. NYK,W,40,13,24,0.542,2,7,0.286,1,2,0.5,3,10,13,10,1,0,3,3,29,12,1,2021-22,Regular Season,2544,LeBron James
22021,2544,0022100822,2022-02-08,LAL vs. MIL,L,35,11,19,0.579,3,7,0.429,2,4,0.5,0,5,5,8,0,0,4,4,27,-25,1,2021-22,Regular Season,2544,LeBron James
22021,2544,0022100829,2022-02-09,LAL @ POR,L,37,13,22,0.591,3,7,0.429,1,1,1.0,0,7,7,7,3,0,6,1,30,-5,1,2021-22,Regular Season,2544,LeBron James
22021,2544,0022100854,2022-02-12,LAL @ GSW,L,38,9,27,0.333,3,10,0.3,5,9,0.556,3,12,15,8,0,0,4,3,26,-11,1,2021-22,Regular Season,2544,LeBron James
22021,2544,0022100884,2022-02-16,LAL vs. UTA,W,40,14,23,0.609,3,8,0.375,2,2,1.0,1,7,8,6,2,0,3,1,33,7,1,2021-22,Regular Season,2544,LeBron James
22021,2544,0022100904,2022-02-25,LAL vs. LAC,L,36,6,18,0.333,2,8,0.25,7,8,0.875,1,10,11,3,1,1,6,1,21,-4,1,2021-22,Regular Season,2544,LeBron James
22021,2544,0022100919,2022-02-27,LAL vs. NOP,L,36,13,23,0.565,1,4,0.25,5,5,1.0,0,6,6,3,2,2,7,2,32,-22,1,2021-22,Regular Season,2544,LeBron James
22021,2544,0022100931,2022-03-01,LAL vs. DAL,L,38,10,18,0.556,3,7,0.429,3,5,0.6,0,12,12,5,1,0,4,2,26,7,1,2021-22,Regular Season,2544,LeBron James
22021,2544,0022100945,2022-03-03,LAL @ LAC,L,37,8,18,0.444,2,9,0.222,8,10,0.8,1,7,8,4,0,1,4,2,26,-27,1,2021-22,Regular Season,2544,LeBron James
22021,2544,0022100959,2022-03-05,LAL vs. GSW,W,39,19,31,0.613,6,11,0.545,12,13,0.923,2,8,10,3,0,1,4,0,56,13,1,2021-22,Regular Season,2544,LeBron James
22021,2544,0022100985,2022-03-09,LAL @ HOU,L,45,9,26,0.346,1,9,0.111,4,6,0.667,2,12,14,12,1,4,5,1,23,-17,1,2021-22,Regular Season,2544,LeBron James
22021,2544,0022101004,2022-03-11,LAL vs. WAS,W,36,18,25,0.72,6,9,0.667,8,8,1.0,0,7,7,6,0,1,3,3,50,22,1,2021-22,Regular Season,2544,LeBron James
22021,2544,0022101019,2022-03-13,LAL @ PHX,L,30,10,20,0.5,5,11,0.455,6,7,0.857,0,7,7,6,0,1,4,0,31,-16,1,2021-22,Regular Season,2544,LeBron James
22021,2544,0022101028,2022-03-14,LAL vs. TOR,L,40,11,19,0.579,4,7,0.571,4,7,0.571,3,6,9,3,0,2,5,4,30,-21,1,2021-22,Regular Season,2544,LeBron James
22021,2544,0022101039,2022-03-16,LAL @ MIN,L,37,8,21,0.381,1,8,0.125,2,5,0.4,0,5,5,4,1,2,5,5,19,-19,1,2021-22,Regular Season,2544,LeBron James
22021,2544,0022101051,2022-03-18,LAL @ TOR,W,45,15,26,0.577,2,7,0.286,4,7,0.571,4,5,9,7,0,2,3,2,36,-5,1,2021-22,Regular Season,2544,LeBron James
22021,2544,0022101061,2022-03-19,LAL @ WAS,L,36,16,29,0.552,4,10,0.4,2,3,0.667,2,8,10,6,0,0,2,3,38,1,1,2021-22,Regular Season,2544,LeBron James
22021,2544,0022101072,2022-03-21,LAL @ CLE,W,41,17,29,0.586,0,4,0.0,4,4,1.0,1,9,10,12,1,1,3,0,38,9,1,2021-22,Regular Season,2544,LeBron James
22021,2544,0022101119,2022-03-27,LAL @ NOP,L,42,14,27,0.519,7,13,0.538,4,6,0.667,1,8,9,5,0,1,4,1,39,-9,1,2021-22,Regular Season,2544,LeBron James
22021,2544,0022101160,2022-04-01,LAL vs. NOP,L,40,13,23,0.565,3,8,0.375,9,12,0.75,0,8,8,4,1,0,6,3,38,-2,1,2021-22,Regular Season,2544,LeBron James
22021,201939,0022100002,2021-10-19,GSW @ LAL,W,36,5,21,0.238,2,8,0.25,9,9,1.0,1,9,10,10,3,0,4,1,21,4,1,2021-22,Regular Season,201939,Stephen Curry
22021,201939,0022100016,2021-10-21,GSW vs. LAC,W,38,16,25,0.64,8,13,0.615,5,5,1.0,0,10,10,1,1,1,6,2,45,-3,1,2021-22,Regular Season,201939,Stephen Curry
22021,201939,0022100039,2021-10-24,GSW @ SAC,W,35,9,23,0.391,4,15,0.267,5,6,0.833,1,6,7,10,3,0,3,1,27,14,1,2021-22,Regular Season,201939,Stephen Curry
22021,201939,0022100051,2021-10-26,GSW @ OKC,W,32,6,14,0.429,4,9,0.444,7,7,1.0,1,5,6,4,0,1,4,1,23,15,1,2021-22,Regular Season,201939,Stephen Curry
22021,201939,0022100070,2021-10-28,GSW vs. MEM,L,41,11,29,0.379,7,20,0.35,7,7,1.0,1,6,7,8,1,0,5,2,36,12,1,2021-22,Regular Season,201939,Stephen Curry
22021,201939,0022100086,2021-10-30,GSW vs. OKC,W,27,7,16,0.438,6,15,0.4,0,0,0.0,0,5,5,6,1,1,2,1,20,17,1,2021-22,Regular Season,201939,Stephen Curry
22021,201939,0022100117,2021-11-03,GSW vs. CHA,W,35,6,15,0.4,3,11,0.273,0,0,0.0,1,7,8,9,1,1,4,3,15,-1,1,2021-22,Regular Season,201939,Stephen Curry
22021,201939,0022100130,2021-11-05,GSW vs. NOP,W,30,5,16,0.313,5,13,0.385,4,4,1.0,0,3,3,6,0,2,1,1,19,17,1,2021-22,Regular Season,201939,Stephen Curry
22021,201939,0022100145,2021-11-07,GSW vs. HOU,W,27,8,16,0.5,4,11,0.364,0,0,0.0,2,1,3,2,3,0,0,3,20,16,1,2021-22,Regular Season,201939,Stephen Curry
22021,201939,0022100152,2021-11-08,GSW vs. ATL,W,35,14,28,0.5,9,19,0.474,13,13,1.0,2,5,7,10,4,1,2,0,50,31,1,2021-22,Regular Season,201939,Stephen Curry
22021,201939,0022100169,2021-11-10,GSW vs. MIN,W,34,8,16,0.5,3,9,0.333,6,8,0.75,0,5,5,6,1,0,3,2,25,11,1,2021-22,Regular Season,201939,Stephen Curry
22021,201939,0022100183,2021-11-12,GSW vs. CHI,W,34,15,24,0.625,9,17,0.529,1,1,1.0,0,4,4,5,1,1,6,1,40,31,1,2021-22,Regular Season,201939,Stephen Curry
22021,201939,0022100194,2021-11-14,GSW @ CHA,L,36,7,22,0.318,3,13,0.231,7,7,1.0,1,5,6,10,3,1,3,2,24,14,1,2021-22,Regular Season,201939,Stephen Curry
22021,201939,0022100210,2021-11-16,GSW @ BKN,W,29,12,19,0.632,9,14,0.643,4,4,1.0,0,7,7,5,2,1,2,4,37,16,1,2021-22,Regular Season,201939,Stephen Curry
22021,201939,0022100224,2021-11-18,GSW @ CLE,W,35,15,27,0.556,9,16,0.563,1,1,1.0,0,4,4,6,2,0,3,4,40,10,1,2021-22,Regular Season,201939,Stephen Curry
22021,201939,0022100252,2021-11-21,GSW vs. TOR,W,37,2,10,0.2,1,6,0.167,7,7,1.0,0,2,2,8,1,0,4,1,12,19,1,2021-22,Regular Season,201939,Stephen Curry
22021,201939,0022100278,2021-11-24,GSW vs. PHI,W,35,9,16,0.563,6,11,0.545,1,2,0.5,0,4,4,10,1,0,4,1,25,29,1,2021-22,Regular Season,201939,Stephen Curry
22021,201939,0022100290,2021-11-26,GSW vs. POR,W,38,12,25,0.48,6,15,0.4,2,3,0.667,0,7,7,8,1,0,3,2,32,18,1,2021-22,Regular Season,201939,Stephen Curry
22021,201939,0022100300,2021-11-28,GSW @ LAC,W,35,12,22,0.545,7,13,0.538,2,2,1.0,0,5,5,6,6,0,3,4,33,14,1,2021-22,Regular Season,201939,Stephen Curry
22021,201939,0022100316,2021-11-30,GSW @ PHX,L,36,4,21,0.19,3,14,0.214,1,1,1.0,1,2,3,2,1,1,2,0,12,-16,1,2021-22,Regular Season,201939,Stephen Curry
22021,201939,0022100340,2021-12-03,GSW vs. PHX,W,33,8,20,0.4,6,11,0.545,1,2,0.5,2,3,5,5,0,0,3,2,23,10,1,2021-22,Regular Season,201939,Stephen Curry
22021,201939,0022100346,2021-12-04,GSW vs. SAS,L,37,7,28,0.25,5,17,0.294,8,9,0.889,1,7,8,5,3,0,1,1,27,3,1,2021-22,Regular Season,201939,Stephen Curry
22021,201939,0022100361,2021-12-06,GSW vs. ORL,W,31,8,16,0.5,7,13,0.538,8,8,1.0,0,3,3,8,2,0,3,2,31,9,1,2021-22,Regular Season,201939,Stephen Curry
22021,201939,0022100376,2021-12-08,GSW vs. POR,W,33,8,19,0.421,6,17,0.353,0,0,0.0,2,0,2,2,1,0,4,3,22,16,1,2021-22,Regular Season,201939,Stephen Curry
22021,201939,0022100396,2021-12-11,GSW @ PHI,L,36,6,20,0.3,3,14,0.214,3,4,0.75,2,7,9,5,0,0,3,1,18,-9,1,2021-22,Regular Season,201939,Stephen Curry
22021,201939,0022100405,2021-12-13,GSW @ IND,W,35,8,20,0.4,5,15,0.333,5,5,1.0,1,5,6,6,1,1,7,1,26,17,1,2021-22,Regular Season,201939,Stephen Curry
22021,201939,0022100414,2021-12-14,GSW @ NYK,W,35,8,19,0.421,5,14,0.357,1,2,0.5,0,3,3,3,1,1,4,4,22,13,1,2021-22,Regular Season,201939,Stephen Curry
22021,201939,0022100435,2021-12-17,GSW @ BOS,W,35,8,21,0.381,5,14,0.357,9,9,1.0,1,4,5,4,1,0,6,6,30,-10,1,2021-22,Regular Season,201939,Stephen Curry
22021,201939,0022100462,2021-12-20,GSW vs. SAC,W,36,13,27,0.481,4,12,0.333,0,1,0.0,0,3,3,4,0,2,4,1,30,16,1,2021-22,Regular Season,201939,Stephen Curry
22021,201939,0022100485,2021-12-23,GSW vs. MEM,W,37,13,22,0.591,8,14,0.571,12,12,1.0,0,4,4,4,2,0,3,1,46,15,1,2021-22,Regular Season,201939,Stephen Curry
22021,201939,0022100490,2021-12-25,GSW @ PHX,W,37,10,27,0.37,5,16,0.313,8,9,0.889,0,4,4,6,3,1,1,3,33,24,1,2021-22,Regular Season,201939,Stephen Curry
22021,201939,0022100514,2021-12-28,GSW vs. DEN,L,39,6,16,0.375,5,14,0.357,6,7,0.857,0,4,4,4,0,0,6,3,23,5,1,2021-22,Regular Season,201939,Stephen Curry
22021,201939,0022100544,2022-01-01,GSW @ UTA,W,36,8,18,0.444,6,12,0.5,6,7,0.857,0,6,6,9,0,1,3,3,28,4,1,2021-22,Regular Season,201939,Stephen Curry
22021,201939,0022100559,2022-01-03,GSW vs. MIA,W,32,3,17,0.176,1,10,0.1,2,2,1.0,0,3,3,10,0,1,2,3,9,0,1,2021-22,Regular Season,201939,Stephen Curry
22021,201939,0022100572,2022-01-05,GSW @ DAL,L,36,5,24,0.208,1,9,0.111,3,4,0.75,0,9,9,5,0,1,5,2,14,0,1,2021-22,Regular Season,201939,Stephen Curry
22021,201939,0022100604,2022-01-09,GSW vs. CLE,W,37,10,21,0.476,4,11,0.364,4,4,1.0,3,2,5,5,1,0,5,3,28,23,1,2021-22,Regular Season,201939,Stephen Curry
22021,201939,0022100614,2022-01-11,GSW @ MEM,L,39,8,21,0.381,2,9,0.222,9,10,0.9,1,9,10,10,2,0,3,3,27,-1,1,2021-22,Regular Season,201939,Stephen Curry
22021,201939,0022100627,2022-01-13,GSW @ MIL,L,29,4,11,0.364,2,6,0.333,2,2,1.0,0,8,8,4,2,0,4,0,12,-25,1,2021-22,Regular Season,201939,Stephen Curry
22021,201939,0022100637,2022-01-14,GSW @ CHI,W,28,7,15,0.467,4,10,0.4,1,2,0.5,0,2,2,2,1,0,1,0,19,24,1,2021-22,Regular Season,201939,Stephen Curry
22021,201939,0022100667,2022-01-18,GSW vs. DET,W,29,6,11,0.545,4,8,0.5,2,2,1.0,0,3,3,8,3,0,1,1,18,21,1,2021-22,Regular Season,201939,Stephen Curry
22021,201939,0022100683,2022-01-20,GSW vs. IND,L,44,12,27,0.444,6,16,0.375,9,9,1.0,0,5,5,8,1,0,2,3,39,-4,1,2021-22,Regular Season,201939,Stephen Curry
22021,201939,0022100694,2022-01-21,GSW vs. HOU,W,39,6,21,0.286,4,13,0.308,6,8,0.75,0,4,4,12,1,1,2,3,22,2,1,2021-22,Regular Season,201939,Stephen Curry
22021,201939,0022100708,2022-01-23,GSW vs. UTA,W,35,5,20,0.25,1,13,0.077,2,2,1.0,2,2,4,6,0,0,1,0,13,-5,1,2021-22,Regular Season,201939,Stephen Curry
22021,201939,0022100720,2022-01-25,GSW vs. DAL,W,29,7,16,0.438,2,10,0.2,2,3,0.667,2,7,9,7,1,0,4,3,18,23,1,2021-22,Regular Season,201939,Stephen Curry
22021,201939,0022100734,2022-01-27,GSW vs. MIN,W,38,10,20,0.5,6,10,0.6,3,3,1.0,0,8,8,6,3,0,4,1,29,13,1,2021-22,Regular Season,201939,Stephen Curry
22021,201939,0022100750,2022-01-29,GSW vs. BKN,W,36,5,18,0.278,3,10,0.3,6,6,1.0,2,5,7,8,3,0,5,5,19,-4,1,2021-22,Regular Season,201939,Stephen Curry
22021,201939,0022100764,2022-01-31,GSW @ HOU,W,38,13,23,0.565,7,14,0.5,7,8,0.875,0,5,5,9,1,1,1,0,40,18,1,2021-22,Regular Season,201939,Stephen Curry
22021,201939,0022100785,2022-02-03,GSW vs. SAC,W,32,7,11,0.636,4,7,0.571,2,2,1.0,0,1,1,7,2,0,4,4,20,21,1,2021-22,Regular Season,201939,Stephen Curry
22021,201939,0022100813,2022-02-07,GSW @ OKC,W,37,6,12,0.5,4,10,0.4,2,2,1.0,0,9,9,10,1,0,4,2,18,4,1,2021-22,Regular Season,201939,Stephen Curry
22021,201939,0022100828,2022-02-09,GSW @ UTA,L,30,5,13,0.385,3,8,0.375,3,4,0.75,1,6,7,2,0,0,4,2,16,-14,1,2021-22,Regular Season,201939,Stephen Curry
22021,201939,0022100837,2022-02-10,GSW vs. NYK,L,39,11,25,0.44,5,16,0.313,8,8,1.0,0,2,2,10,1,0,3,5,35,9,1,2021-22,Regular Season,201939,Stephen Curry
22021,201939,0022100854,2022-02-12,GSW vs. LAL,W,37,7,17,0.412,1,8,0.125,9,9,1.0,0,5,5,8,1,0,2,3,24,8,1,2021-22,Regular Season,201939,Stephen Curry
22021,201939,0022100866,2022-02-14,GSW @ LAC,L,34,11,18,0.611,8,13,0.615,3,3,1.0,0,2,2,2,0,0,4,2,33,-19,1,2021-22,Regular Season,201939,Stephen Curry
22021,201939,0022100883,2022-02-16,GSW vs. DEN,L,39,10,19,0.526,1,7,0.143,4,4,1.0,0,3,3,6,0,0,2,2,25,-2,1,2021-22,Regular Season,201939,Stephen Curry
22021,201939,0022100894,2022-02-24,GSW @ POR,W,27,5,11,0.455,2,7,0.286,6,6,1.0,0,5,5,14,1,1,3,3,18,19,1,2021-22,Regular Season,201939,Stephen Curry
22021,201939,0022100917,2022-02-27,GSW vs. DAL,L,38,11,25,0.44,3,10,0.3,2,4,0.5,1,3,4,10,2,0,1,0,27,-4,1,2021-22,Regular Season,201939,Stephen Curry
22021,201939,0022100930,2022-03-01,GSW @ MIN,L,33,10,24,0.417,5,16,0.313,9,9,1.0,1,4,5,4,0,0,4,1,34,-10,1,2021-22,Regular Season,201939,Stephen Curry
22021,201939,0022100943,2022-03-03,GSW @ DAL,L,40,8,15,0.533,4,5,0.8,1,1,1.0,0,5,5,9,1,0,3,3,21,-8,1,2021-22,Regular Season,201939,Stephen Curry
22021,201939,0022100959,2022-03-05,GSW @ LAL,L,36,13,22,0.591,4,9,0.444,0,0,0.0,0,4,4,1,0,0,4,0,30,-12,1,2021-22,Regular Season,201939,Stephen Curry
22021,201939,0022100980,2022-03-08,GSW vs. LAC,W,35,5,12,0.417,1,6,0.167,4,4,1.0,0,5,5,5,3,0,4,4,15,6,1,2021-22,Regular Season,201939,Stephen Curry
22021,201939,0022100994,2022-03-10,GSW @ DEN,W,38,11,21,0.524,5,12,0.417,7,7,1.0,0,9,9,3,2,0,2,1,34,18,1,2021-22,Regular Season,201939,Stephen Curry
22021,201939,0022101008,2022-03-12,GSW vs. MIL,W,33,3,7,0.429,2,4,0.5,0,0,0.0,1,4,5,8,1,1,4,1,8,14,1,2021-22,Regular Season,201939,Stephen Curry
22021,201939,0022101025,2022-03-14,GSW vs. WAS,W,35,16,25,0.64,7,14,0.5,8,8,1.0,0,6,6,6,1,0,2,1,47,17,1,2021-22,Regular Season,201939,Stephen Curry
22021,201939,0022101042,2022-03-16,GSW vs. BOS,L,14,1,4,0.25,1,4,0.25,0,0,0.0,0,1,1,2,0,0,4,2,3,-5,1,2021-22,Regular Season,201939,Stephen Curry
42021,201939,0042100161,2022-04-16,GSW vs. DEN,W,22,5,13,0.385,3,6,0.5,3,3,1.0,2,1,3,4,1,0,1,1,16,17,1,2021-22,Playoffs,201939,Stephen Curry
42021,201939,0042100162,2022-04-18,GSW vs. DEN,W,23,12,17,0.706,5,10,0.5,5,7,0.714,0,3,3,4,1,1,2,3,34,32,1,2021-22,Playoffs,201939,Stephen Curry
42021,201939,0042100163,2022-04-21,GSW @ DEN,W,31,9,17,0.529,3,9,0.333,6,8,0.75,0,3,3,6,0,0,4,3,27,3,1,2021-22,Playoffs,201939,Stephen Curry
42021,201939,0042100164,2022-04-24,GSW @ DEN,L,37,10,23,0.435,3,11,0.273,10,14,0.714,0,3,3,8,4,1,2,1,33,-4,1,2021-22,Playoffs,201939,Stephen Curry
42021,201939,0042100165,2022-04-27,GSW vs. DEN,W,38,10,22,0.455,5,11,0.455,5,7,0.714,1,4,5,5,2,0,5,2,30,7,1,2021-22,Playoffs,201939,Stephen Curry
42021,201939,0042100231,2022-05-01,GSW @ MEM,W,37,8,20,0.4,5,12,0.417,3,4,0.75,0,3,3,4,0,1,1,5,24,-9,1,2021-22,Playoffs,201939,Stephen Curry
42021,201939,0042100232,2022-05-03,GSW @ MEM,L,39,11,25,0.44,3,11,0.273,2,2,1.0,3,6,9,8,1,0,5,1,27,-11,1,2021-22,Playoffs,201939,Stephen Curry
42021,201939,0042100233,2022-05-07,GSW vs. MEM,W,35,7,14,0.5,2,8,0.25,14,14,1.0,0,2,2,6,1,0,1,2,30,21,1,2021-22,Playoffs,201939,Stephen Curry
42021,201939,0042100234,2022-05-09,GSW vs. MEM,W,38,10,25,0.4,4,14,0.286,8,9,0.889,0,5,5,8,1,0,3,3,32,6,1,2021-22,Playoffs,201939,Stephen Curry
42021,201939,0042100235,2022-05-11,GSW @ MEM,L,25,4,10,0.4,3,8,0.375,3,4,0.75,0,3,3,4,0,0,2,1,14,-37,1,2021-22,Playoffs,201939,Stephen Curry
42021,201939,0042100236,2022-05-13,GSW vs. MEM,W,40,10,27,0.37,6,17,0.353,3,4,0.75,0,7,7,5,1,2,3,3,29,16,1,2021-22,Playoffs,201939,Stephen Curry
42021,201939,0042100311,2022-05-18,GSW vs. DAL,W,31,7,16,0.438,3,9,0.333,4,7,0.571,2,10,12,4,1,1,3,3,21,23,1,2021-22,Playoffs,201939,Stephen Curry
42021,201939,0042100312,2022-05-20,GSW vs. DAL,W,37,11,21,0.524,6,10,0.6,4,4,1.0,0,8,8,5,0,0,3,4,32,15,1,2021-22,Playoffs,201939,Stephen Curry
42021,201939,0042100313,2022-05-22,GSW @ DAL,W,39,10,20,0.5,5,10,0.5,6,6,1.0,1,4,5,11,0,0,3,5,31,19,1,2021-22,Playoffs,201939,Stephen Curry
42021,201939,0042100314,2022-05-24,GSW @ DAL,L,33,7,16,0.438,2,5,0.4,4,5,0.8,0,5,5,8,1,0,2,2,20,-23,1,2021-22,Playoffs,201939,Stephen Curry
42021,201939,0042100315,2022-05-26,GSW vs. DAL,W,35,5,17,0.294,2,7,0.286,3,3,1.0,0,3,3,9,3,1,2,2,15,11,1,2021-22,Playoffs,201939,Stephen Curry
42021,201939,0042100401,2022-06-02,GSW vs. BOS,L,38,12,25,0.48,7,14,0.5,3,4,0.75,0,5,5,5,3,0,2,3,34,-9,1,2021-22,Playoffs,201939,Stephen Curry
42021,201939,0042100402,2022-06-05,GSW vs. BOS,W,32,9,21,0.429,5,12,0.417,6,7,0.857,0,6,6,4,3,0,2,2,29,24,1,2021-22,Playoffs,201939,Stephen Curry
42021,201939,0042100403,2022-06-08,GSW @ BOS,L,37,12,22,0.545,6,11,0.545,1,1,1.0,0,4,4,2,2,0,3,4,31,-14,1,2021-22,Playoffs,201939,Stephen Curry
42021,201939,0042100404,2022-06-10,GSW @ BOS,W,41,14,26,0.538,7,14,0.5,8,9,0.889,2,8,10,4,0,0,5,3,43,11,1,2021-22,Playoffs,201939,Stephen Curry
42021,201939,0042100405,2022-06-13,GSW vs. BOS,W,37,7,22,0.318,0,9,0.0,2,3,0.667,0,4,4,8,2,0,1,2,16,15,1,2021-22,Playoffs,201939,Stephen Curry
42021,201939,0042100406,2022-06-16,GSW @ BOS,W,40,12,21,0.571,6,11,0.545,4,4,1.0,0,7,7,7,2,1,2,4,34,8,1,2021-22,Playoffs,201939,Stephen Curry
22021,201142,0022100001,2021-10-19,BKN @ MIL,L,30,13,25,0.52,3,7,0.429,3,6,0.5,0,11,11,4,0,2,1,2,32,-20,1,2021-22,Regular Season,201142,Kevin Durant
22021,201142,0022100021,2021-10-22,BKN @ PHI,W,37,9,20,0.45,1,6,0.167,10,10,1.0,3,12,15,12,1,1,2,1,29,11,1,2021-22,Regular Season,201142,Kevin Durant
22021,201142,0022100035,2021-10-24,BKN vs. CHA,L,36,17,24,0.708,2,6,0.333,2,2,1.0,1,4,5,3,1,0,3,0,38,-10,1,2021-22,Regular Season,201142,Kevin Durant
22021,201142,0022100044,2021-10-25,BKN vs. WAS,W,35,9,17,0.529,1,2,0.5,6,9,0.667,0,8,8,4,2,0,1,1,25,6,1,2021-22,Regular Season,201142,Kevin Durant
22021,201142,0022100057,2021-10-27,BKN vs. MIA,L,37,9,18,0.5,2,4,0.5,5,6,0.833,0,11,11,2,1,2,5,1,25,-14,1,2021-22,Regular Season,201142,Kevin Durant
22021,201142,0022100072,2021-10-29,BKN vs. IND,W,37,7,10,0.7,1,3,0.333,7,8,0.875,0,11,11,7,1,0,7,2,22,10,1,2021-22,Regular Season,201142,Kevin Durant
22021,201142,0022100092,2021-10-31,BKN vs. DET,W,27,10,13,0.769,1,1,1.0,2,3,0.667,0,1,1,5,0,1,3,3,23,10,1,2021-22,Regular Season,201142,Kevin Durant
22021,201142,0022100113,2021-11-03,BKN vs. ATL,W,36,13,20,0.65,2,6,0.333,4,6,0.667,0,7,7,5,1,1,3,2,32,15,1,2021-22,Regular Season,201142,Kevin Durant
22021,201142,0022100124,2021-11-05,BKN @ DET,W,37,12,27,0.444,2,6,0.333,3,4,0.75,0,10,10,5,0,1,3,0,29,20,1,2021-22,Regular Season,201142,Kevin Durant
22021,201142,0022100139,2021-11-07,BKN @ TOR,W,37,11,19,0.579,3,6,0.5,6,6,1.0,1,6,7,7,0,0,6,2,31,17,1,2021-22,Regular Season,201142,Kevin Durant
22021,201142,0022100148,2021-11-08,BKN @ CHI,L,35,13,24,0.542,3,8,0.375,9,9,1.0,1,10,11,4,0,0,2,1,38,-22,1,2021-22,Regular Season,201142,Kevin Durant
22021,201142,0022100159,2021-11-10,BKN @ ORL,W,29,11,12,0.917,2,2,1.0,6,7,0.857,0,5,5,2,0,0,6,1,30,9,1,2021-22,Regular Season,201142,Kevin Durant
22021,201142,0022100179,2021-11-12,BKN @ NOP,W,38,11,17,0.647,3,3,1.0,3,4,0.75,0,7,7,8,0,0,2,0,28,17,1,2021-22,Regular Season,201142,Kevin Durant
22021,201142,0022100196,2021-11-14,BKN @ OKC,W,34,9,17,0.529,2,6,0.333,13,14,0.929,0,8,8,4,1,0,1,1,33,30,1,2021-22,Regular Season,201142,Kevin Durant
22021,201142,0022100210,2021-11-16,BKN vs. GSW,L,32,6,19,0.316,2,6,0.333,5,6,0.833,1,4,5,3,0,0,2,1,19,-24,1,2021-22,Regular Season,201142,Kevin Durant
22021,201142,0022100216,2021-11-17,BKN vs. CLE,W,37,9,16,0.563,2,3,0.667,3,3,1.0,0,4,4,3,0,0,1,0,23,-5,1,2021-22,Regular Season,201142,Kevin Durant
22021,201142,0022100253,2021-11-22,BKN @ CLE,W,39,8,19,0.421,1,4,0.25,10,10,1.0,0,6,6,9,0,3,2,3,27,5,1,2021-22,Regular Season,201142,Kevin Durant
22021,201142,0022100270,2021-11-24,BKN @ BOS,W,37,8,16,0.5,0,4,0.0,5,6,0.833,2,2,4,8,2,0,3,3,21,20,1,2021-22,Regular Season,201142,Kevin Durant
22021,201142,0022100294,2021-11-27,BKN vs. PHX,L,45,13,28,0.464,4,7,0.571,9,11,0.818,0,9,9,7,4,1,6,0,39,-1,1,2021-22,Regular Season,201142,Kevin Durant
22021,201142,0022100314,2021-11-30,BKN vs. NYK,W,41,9,23,0.391,0,5,0.0,9,9,1.0,0,5,5,9,0,1,1,3,27,10,1,2021-22,Regular Season,201142,Kevin Durant
22021,201142,0022100336,2021-12-03,BKN vs. MIN,W,38,9,18,0.5,0,1,0.0,12,13,0.923,1,9,10,6,0,0,5,4,30,0,1,2021-22,Regular Season,201142,Kevin Durant
22021,201142,0022100343,2021-12-04,BKN vs. CHI,L,38,12,26,0.462,2,6,0.333,2,2,1.0,0,10,10,4,0,2,1,5,28,6,1,2021-22,Regular Season,201142,Kevin Durant
22021,201142,0022100363,2021-12-07,BKN @ DAL,W,41,10,22,0.455,1,4,0.25,3,3,1.0,2,5,7,3,1,1,3,1,24,4,1,2021-22,Regular Season,201142,Kevin Durant
22021,201142,0022100384,2021-12-10,BKN @ ATL,W,38,12,22,0.545,1,4,0.25,6,7,0.857,0,5,5,6,1,3,5,4,31,6,1,2021-22,Regular Season,201142,Kevin Durant
22021,201142,0022100399,2021-12-12,BKN @ DET,W,41,16,31,0.516,5,10,0.5,14,15,0.933,0,7,7,9,1,2,5,5,51,25,1,2021-22,Regular Season,201142,Kevin Durant
22021,201142,0022100413,2021-12-14,BKN vs. TOR,W,48,12,29,0.414,2,8,0.25,8,8,1.0,1,12,13,11,0,1,4,1,34,-5,1,2021-22,Regular Season,201142,Kevin Durant
22021,201142,0022100429,2021-12-16,BKN vs. PHI,W,39,13,24,0.542,2,3,0.667,6,6,1.0,1,10,11,8,0,1,4,1,34,12,1,2021-22,Regular Season,201142,Kevin Durant
22021,201142,0022100525,2021-12-30,BKN vs. PHI,L,38,13,24,0.542,3,8,0.375,4,6,0.667,0,6,6,4,0,1,4,2,33,-9,1,2021-22,Regular Season,201142,Kevin Durant
22021,201142,0022100542,2022-01-01,BKN vs. LAC,L,39,11,24,0.458,2,6,0.333,4,5,0.8,0,9,9,3,0,1,3,1,28,-7,1,2021-22,Regular Season,201142,Kevin Durant
22021,201142,0022100554,2022-01-03,BKN vs. MEM,L,31,8,24,0.333,2,8,0.25,8,9,0.889,0,3,3,6,3,3,2,1,26,-23,1,2021-22,Regular Season,201142,Kevin Durant
22021,201142,0022100571,2022-01-05,BKN @ IND,W,41,15,24,0.625,2,6,0.333,7,7,1.0,1,7,8,7,1,0,3,3,39,13,1,2021-22,Regular Season,201142,Kevin Durant
22021,201142,0022100583,2022-01-07,BKN vs. MIL,L,37,10,19,0.526,1,3,0.333,8,8,1.0,2,7,9,7,1,1,2,4,29,-17,1,2021-22,Regular Season,201142,Kevin Durant
22021,201142,0022100602,2022-01-09,BKN vs. SAS,W,43,11,21,0.524,1,5,0.2,5,5,1.0,2,2,4,6,1,3,3,4,28,4,1,2021-22,Regular Season,201142,Kevin Durant
22021,201142,0022100486,2022-01-10,BKN @ POR,L,42,9,19,0.474,2,7,0.286,8,8,1.0,1,9,10,5,2,1,1,2,28,-15,1,2021-22,Regular Season,201142,Kevin Durant
22021,201142,0022100625,2022-01-12,BKN @ CHI,W,30,7,10,0.7,3,4,0.75,10,11,0.909,0,2,2,9,2,0,1,2,27,23,1,2021-22,Regular Season,201142,Kevin Durant
22021,201142,0022100644,2022-01-15,BKN vs. NOP,W,12,4,8,0.5,1,2,0.5,3,3,1.0,0,3,3,2,1,1,1,1,12,10,1,2021-22,Regular Season,201142,Kevin Durant
22021,201142,0022100941,2022-03-03,BKN vs. MIA,L,35,10,21,0.476,2,7,0.286,9,9,1.0,0,4,4,4,0,1,3,4,31,-4,1,2021-22,Regular Season,201142,Kevin Durant
22021,201142,0022100960,2022-03-06,BKN @ BOS,L,39,12,21,0.571,4,9,0.444,9,10,0.9,1,5,6,8,1,2,7,2,37,-3,1,2021-22,Regular Season,201142,Kevin Durant
22021,201142,0022100975,2022-03-08,BKN @ CHA,W,40,6,13,0.462,1,3,0.333,1,1,1.0,0,3,3,7,0,0,5,4,14,8,1,2021-22,Regular Season,201142,Kevin Durant
22021,201142,0022100993,2022-03-10,BKN @ PHI,W,32,10,17,0.588,3,6,0.5,2,3,0.667,1,13,14,7,2,1,5,3,25,34,1,2021-22,Regular Season,201142,Kevin Durant
22021,201142,0022101012,2022-03-13,BKN vs. NYK,W,43,19,37,0.514,4,13,0.308,11,12,0.917,1,5,6,9,2,0,5,3,53,11,1,2021-22,Regular Season,201142,Kevin Durant
22021,201142,0022101030,2022-03-15,BKN @ ORL,W,30,6,9,0.667,0,0,0.0,7,8,0.875,0,5,5,7,1,0,1,2,19,21,1,2021-22,Regular Season,201142,Kevin Durant
22021,201142,0022101036,2022-03-16,BKN vs. DAL,L,40,8,20,0.4,2,5,0.4,5,5,1.0,2,4,6,10,0,0,4,3,23,2,1,2021-22,Regular Season,201142,Kevin Durant
22021,201142,0022101048,2022-03-18,BKN vs. POR,W,38,11,15,0.733,2,3,0.667,14,15,0.933,0,6,6,6,0,1,8,4,38,0,1,2021-22,Regular Season,201142,Kevin Durant
22021,201142,0022101075,2022-03-21,BKN vs. UTA,W,38,15,23,0.652,4,7,0.571,3,3,1.0,0,9,9,8,1,0,4,1,37,6,1,2021-22,Regular Season,201142,Kevin Durant
22021,201142,0022101089,2022-03-23,BKN @ MEM,L,40,12,28,0.429,1,7,0.143,10,10,1.0,1,10,11,8,2,2,5,1,35,-1,1,2021-22,Regular Season,201142,Kevin Durant
22021,201142,0022101111,2022-03-26,BKN @ MIA,W,31,7,14,0.5,0,2,0.0,9,10,0.9,0,3,3,5,3,1,5,1,23,21,1,2021-22,Regular Season,201142,Kevin Durant
22021,201142,0022101120,2022-03-27,BKN vs. CHA,L,42,9,24,0.375,3,11,0.273,6,6,1.0,0,8,8,7,2,0,2,1,27,-13,1,2021-22,Regular Season,201142,Kevin Durant
22021,201142,0022101133,2022-03-29,BKN vs. DET,W,39,14,23,0.609,4,6,0.667,9,9,1.0,0,11,11,5,1,3,2,2,41,18,1,2021-22,Regular Season,201142,Kevin Durant
22021,201142,0022101148,2022-03-31,BKN vs. MIL,L,45,10,21,0.476,3,6,0.5,3,3,1.0,0,7,7,11,1,1,6,4,26,1,1,2021-22,Regular Season,201142,Kevin Durant
22021,201142,0022101163,2022-04-02,BKN @ ATL,L,42,19,28,0.679,8,10,0.8,9,11,0.818,0,7,7,3,1,0,4,1,55,1,1,2021-22,Regular Season,201142,Kevin Durant
22021,201142,0022101180,2022-04-05,BKN vs. HOU,W,37,4,13,0.308,1,3,0.333,9,10,0.9,0,9,9,7,0,2,3,2,18,13,1,2021-22,Regular Season,201142,Kevin Durant
22021,201142,0022101191,2022-04-06,BKN @ NYK,W,42,11,22,0.5,2,10,0.2,8,9,0.889,2,8,10,11,1,2,4,5,32,19,1,2021-22,Regular Season,201142,Kevin Durant
22021,201142,0022101205,2022-04-08,BKN vs. CLE,W,41,11,20,0.55,4,6,0.667,10,10,1.0,1,4,5,5,1,2,5,2,36,16,1,2021-22,Regular Season,201142,Kevin Durant
22021,201142,0022101216,2022-04-10,BKN vs. IND,W,41,5,17,0.294,0,6,0.0,10,10,1.0,0,10,10,16,1,0,6,0,20,10,1,2021-22,Regular Season,201142,Kevin Durant
42021,201142,0042100111,2022-04-17,BKN @ BOS,L,41,9,24,0.375,1,5,0.2,4,5,0.8,0,4,4,3,1,1,6,3,23,-13,1,2021-22,Playoffs,201142,Kevin Durant
42021,201142,0042100112,2022-04-20,BKN @ BOS,L,42,4,17,0.235,1,2,0.5,18,20,0.9,0,4,4,5,1,0,6,5,27,-10,1,2021-22,Playoffs,201142,Kevin Durant
42021,201142,0042100113,2022-04-23,BKN vs. BOS,L,46,6,11,0.545,2,3,0.667,2,2,1.0,1,7,8,8,1,0,5,3,16,-2,1,2021-22,Playoffs,201142,Kevin Durant
42021,201142,0042100114,2022-04-25,BKN vs. BOS,L,47,13,31,0.419,3,11,0.273,10,11,0.909,1,6,7,9,1,0,4,4,39,-6,1,2021-22,Playoffs,201142,Kevin Durant
22021,203507,0022100001,2021-10-19,MIL vs. BKN,W,31,12,25,0.48,1,4,0.25,7,9,0.778,5,9,14,7,1,2,4,4,32,25,1,2021-22,Regular Season,203507,Giannis Antetokounmpo
22021,203507,0022100015,2021-10-21,MIL @ MIA,L,23,4,11,0.364,1,3,0.333,6,10,0.6,1,9,10,2,3,0,2,3,15,-25,1,2021-22,Regular Season,203507,Giannis Antetokounmpo
22021,203507,0022100032,2021-10-23,MIL @ SAS,W,30,7,15,0.467,1,2,0.5,6,8,0.75,0,8,8,8,0,3,5,4,21,19,1,2021-22,Regular Season,203507,Giannis Antetokounmpo
22021,203507,0022100042,2021-10-25,MIL @ IND,W,36,10,18,0.556,0,2,0.0,10,13,0.769,1,9,10,9,1,2,2,2,30,14,1,2021-22,Regular Season,203507,Giannis Antetokounmpo
22021,203507,0022100060,2021-10-27,MIL vs. MIN,L,35,15,23,0.652,3,6,0.5,7,9,0.778,4,12,16,7,0,3,2,1,40,9,1,2021-22,Regular Season,203507,Giannis Antetokounmpo
22021,203507,0022100085,2021-10-30,MIL vs. SAS,L,34,11,18,0.611,0,3,0.0,6,11,0.545,0,13,13,3,0,0,7,5,28,-3,1,2021-22,Regular Season,203507,Giannis Antetokounmpo
22021,203507,0022100091,2021-10-31,MIL vs. UTA,L,35,10,20,0.5,3,11,0.273,2,2,1.0,2,5,7,6,2,2,2,3,25,-10,1,2021-22,Regular Season,203507,Giannis Antetokounmpo
22021,203507,0022100103,2021-11-02,MIL @ DET,W,27,9,16,0.563,3,7,0.429,7,7,1.0,0,8,8,9,0,4,3,2,28,22,1,2021-22,Regular Season,203507,Giannis Antetokounmpo
22021,203507,0022100128,2021-11-05,MIL vs. NYK,L,31,7,17,0.412,2,7,0.286,9,11,0.818,1,6,7,4,2,0,3,3,25,-5,1,2021-22,Regular Season,203507,Giannis Antetokounmpo
22021,203507,0022100142,2021-11-07,MIL @ WAS,L,39,12,26,0.462,0,4,0.0,5,12,0.417,6,12,18,5,3,1,3,4,29,-6,1,2021-22,Regular Season,203507,Giannis Antetokounmpo
22021,203507,0022100155,2021-11-09,MIL @ PHI,W,36,12,26,0.462,0,2,0.0,7,13,0.538,1,15,16,4,0,2,0,1,31,13,1,2021-22,Regular Season,203507,Giannis Antetokounmpo
22021,203507,0022100161,2021-11-10,MIL @ NYK,W,38,5,15,0.333,2,5,0.4,3,4,0.75,2,13,15,8,1,2,3,4,15,21,1,2021-22,Regular Season,203507,Giannis Antetokounmpo
22021,203507,0022100193,2021-11-14,MIL @ ATL,L,34,9,21,0.429,1,5,0.2,7,12,0.583,1,4,5,6,1,1,3,5,26,-9,1,2021-22,Regular Season,203507,Giannis Antetokounmpo
22021,203507,0022100219,2021-11-17,MIL vs. LAL,W,36,18,23,0.783,3,4,0.75,8,11,0.727,2,7,9,3,1,1,4,1,47,1,1,2021-22,Regular Season,203507,Giannis Antetokounmpo
22021,203507,0022100234,2021-11-19,MIL vs. OKC,W,36,6,16,0.375,0,4,0.0,9,11,0.818,0,19,19,7,2,4,5,5,21,23,1,2021-22,Regular Season,203507,Giannis Antetokounmpo
22021,203507,0022100244,2021-11-20,MIL vs. ORL,W,30,8,16,0.5,1,3,0.333,15,23,0.652,2,18,20,5,2,3,5,4,32,15,1,2021-22,Regular Season,203507,Giannis Antetokounmpo
22021,203507,0022100258,2021-11-22,MIL vs. ORL,W,24,4,12,0.333,0,4,0.0,4,6,0.667,2,6,8,9,1,2,1,3,12,38,1,2021-22,Regular Season,203507,Giannis Antetokounmpo
22021,203507,0022100273,2021-11-24,MIL vs. DET,W,31,12,17,0.706,1,4,0.25,8,10,0.8,2,5,7,5,2,2,1,2,33,25,1,2021-22,Regular Season,203507,Giannis Antetokounmpo
22021,203507,0022100288,2021-11-26,MIL @ DEN,W,30,10,13,0.769,1,1,1.0,3,9,0.333,0,13,13,7,0,1,1,0,24,18,1,2021-22,Regular Season,203507,Giannis Antetokounmpo
22021,203507,0022100301,2021-11-28,MIL @ IND,W,33,10,15,0.667,0,2,0.0,6,10,0.6,4,9,13,3,0,1,5,1,26,12,1,2021-22,Regular Season,203507,Giannis Antetokounmpo
22021,203507,0022100324,2021-12-01,MIL vs. CHA,W,38,15,24,0.625,1,4,0.25,9,13,0.692,3,9,12,9,1,0,6,3,40,4,1,2021-22,Regular Season,203507,Giannis Antetokounmpo
22021,203507,0022100358,2021-12-06,MIL vs. CLE,W,27,9,19,0.474,3,3,1.0,6,7,0.857,3,9,12,2,0,1,4,5,27,14,1,2021-22,Regular Season,203507,Giannis Antetokounmpo
22021,203507,0022100370,2021-12-08,MIL @ MIA,L,33,4,13,0.308,0,2,0.0,7,12,0.583,1,5,6,4,1,1,3,3,15,-11,1,2021-22,Regular Season,203507,Giannis Antetokounmpo
22021,203507,0022100386,2021-12-10,MIL @ HOU,W,37,15,20,0.75,1,3,0.333,10,14,0.714,6,11,17,5,3,2,5,5,41,4,1,2021-22,Regular Season,203507,Giannis Antetokounmpo
22021,203507,0022100398,2021-12-12,MIL @ NYK,W,32,7,16,0.438,0,2,0.0,6,8,0.75,3,7,10,11,1,1,3,4,20,9,1,2021-22,Regular Season,203507,Giannis Antetokounmpo
22021,203507,0022100408,2021-12-13,MIL @ BOS,L,34,7,14,0.5,0,3,0.0,6,8,0.75,1,7,8,3,1,0,4,2,20,-19,1,2021-22,Regular Season,203507,Giannis Antetokounmpo
22021,203507,0022100489,2021-12-25,MIL vs. BOS,W,30,13,23,0.565,0,2,0.0,10,15,0.667,3,9,12,5,0,2,2,4,36,-1,1,2021-22,Regular Season,203507,Giannis Antetokounmpo
22021,203507,0022100508,2021-12-28,MIL @ ORL,W,30,10,19,0.526,1,4,0.25,7,10,0.7,0,6,6,6,0,1,2,5,28,13,1,2021-22,Regular Season,203507,Giannis Antetokounmpo
22021,203507,0022100526,2021-12-30,MIL @ ORL,W,31,13,22,0.591,1,4,0.25,6,6,1.0,2,10,12,5,2,2,4,4,33,17,1,2021-22,Regular Season,203507,Giannis Antetokounmpo
22021,203507,0022100539,2022-01-01,MIL vs. NOP,W,32,12,18,0.667,2,4,0.5,9,12,0.75,1,15,16,10,2,0,4,4,35,25,1,2021-22,Regular Season,203507,Giannis Antetokounmpo
22021,203507,0022100556,2022-01-03,MIL vs. DET,L,36,11,21,0.524,0,4,0.0,9,13,0.692,1,9,10,7,1,0,3,2,31,-12,1,2021-22,Regular Season,203507,Giannis Antetokounmpo
22021,203507,0022100583,2022-01-07,MIL @ BKN,W,27,11,17,0.647,2,5,0.4,7,10,0.7,1,6,7,9,0,0,4,3,31,16,1,2021-22,Regular Season,203507,Giannis Antetokounmpo
22021,203507,0022100592,2022-01-08,MIL @ CHA,L,37,11,20,0.55,3,6,0.5,18,20,0.9,2,10,12,3,1,2,3,5,43,-13,1,2021-22,Regular Season,203507,Giannis Antetokounmpo
22021,203507,0022100607,2022-01-10,MIL @ CHA,L,35,10,18,0.556,1,5,0.2,5,8,0.625,1,12,13,8,1,1,6,2,26,6,1,2021-22,Regular Season,203507,Giannis Antetokounmpo
22021,203507,0022100627,2022-01-13,MIL vs. GSW,W,30,11,17,0.647,0,2,0.0,8,12,0.667,2,10,12,11,0,3,5,2,30,22,1,2021-22,Regular Season,203507,Giannis Antetokounmpo
22021,203507,0022100641,2022-01-15,MIL vs. TOR,L,35,6,17,0.353,1,3,0.333,17,17,1.0,0,6,6,4,0,2,4,5,30,-9,1,2021-22,Regular Season,203507,Giannis Antetokounmpo
22021,203507,0022100660,2022-01-17,MIL @ ATL,L,37,8,20,0.4,1,3,0.333,10,14,0.714,1,5,6,6,1,1,5,4,27,-17,1,2021-22,Regular Season,203507,Giannis Antetokounmpo
22021,203507,0022100674,2022-01-19,MIL vs. MEM,W,31,12,25,0.48,2,4,0.5,7,8,0.875,3,12,15,7,2,1,5,6,33,10,1,2021-22,Regular Season,203507,Giannis Antetokounmpo
22021,203507,0022100690,2022-01-21,MIL vs. CHI,W,37,11,23,0.478,0,3,0.0,8,12,0.667,1,11,12,3,1,2,3,3,30,1,1,2021-22,Regular Season,203507,Giannis Antetokounmpo
22021,203507,0022100722,2022-01-26,MIL @ CLE,L,29,7,13,0.538,1,3,0.333,11,12,0.917,1,8,9,3,1,0,7,3,26,-11,1,2021-22,Regular Season,203507,Giannis Antetokounmpo
22021,203507,0022100744,2022-01-28,MIL vs. NYK,W,34,12,19,0.632,2,6,0.333,12,16,0.75,3,10,13,5,1,0,4,5,38,19,1,2021-22,Regular Season,203507,Giannis Antetokounmpo
22021,203507,0022100756,2022-01-30,MIL vs. DEN,L,31,9,19,0.474,1,5,0.2,10,15,0.667,2,7,9,2,1,1,1,1,29,-15,1,2021-22,Regular Season,203507,Giannis Antetokounmpo
22021,203507,0022100768,2022-02-01,MIL vs. WAS,W,38,14,21,0.667,0,3,0.0,5,5,1.0,2,13,15,11,0,2,2,3,33,14,1,2021-22,Regular Season,203507,Giannis Antetokounmpo
22021,203507,0022100800,2022-02-05,MIL @ POR,W,25,7,12,0.583,4,7,0.571,11,15,0.733,1,8,9,6,0,1,1,1,29,28,1,2021-22,Regular Season,203507,Giannis Antetokounmpo
22021,203507,0022100809,2022-02-06,MIL @ LAC,W,31,8,15,0.533,2,3,0.667,10,12,0.833,2,8,10,5,1,2,2,2,28,14,1,2021-22,Regular Season,203507,Giannis Antetokounmpo
22021,203507,0022100822,2022-02-08,MIL @ LAL,W,35,17,20,0.85,2,2,1.0,8,13,0.615,4,10,14,8,1,2,0,5,44,23,1,2021-22,Regular Season,203507,Giannis Antetokounmpo
22021,203507,0022100836,2022-02-10,MIL @ PHX,L,30,5,14,0.357,0,3,0.0,8,14,0.571,0,7,7,8,0,1,3,1,18,-18,1,2021-22,Regular Season,203507,Giannis Antetokounmpo
22021,203507,0022100870,2022-02-15,MIL vs. IND,W,36,17,21,0.81,2,3,0.667,14,18,0.778,4,10,14,4,0,0,3,3,50,7,1,2021-22,Regular Season,203507,Giannis Antetokounmpo
22021,203507,0022100887,2022-02-17,MIL vs. PHI,L,39,13,23,0.565,2,4,0.5,4,5,0.8,4,7,11,9,3,1,3,4,32,-9,1,2021-22,Regular Season,203507,Giannis Antetokounmpo
22021,203507,0022100910,2022-02-26,MIL vs. BKN,L,36,8,20,0.4,1,6,0.167,12,16,0.75,0,14,14,6,1,0,4,2,29,-8,1,2021-22,Regular Season,203507,Giannis Antetokounmpo
22021,203507,0022100924,2022-02-28,MIL vs. CHA,W,28,6,10,0.6,0,2,0.0,14,14,1.0,3,13,16,6,2,4,3,3,26,25,1,2021-22,Regular Season,203507,Giannis Antetokounmpo
22021,203507,0022100936,2022-03-02,MIL vs. MIA,W,34,9,20,0.45,1,4,0.25,9,11,0.818,4,13,17,5,2,1,4,4,28,7,1,2021-22,Regular Season,203507,Giannis Antetokounmpo
22021,203507,0022100949,2022-03-04,MIL @ CHI,W,39,12,22,0.545,0,2,0.0,10,19,0.526,4,12,16,5,2,1,4,4,34,15,1,2021-22,Regular Season,203507,Giannis Antetokounmpo
22021,203507,0022100961,2022-03-06,MIL vs. PHX,W,31,8,13,0.615,0,1,0.0,3,6,0.5,3,10,13,6,1,3,3,6,19,-8,1,2021-22,Regular Season,203507,Giannis Antetokounmpo
22021,203507,0022100979,2022-03-08,MIL @ OKC,W,28,13,19,0.684,4,4,1.0,9,13,0.692,1,6,7,7,3,1,1,3,39,18,1,2021-22,Regular Season,203507,Giannis Antetokounmpo
22021,203507,0022100984,2022-03-09,MIL vs. ATL,W,37,15,22,0.682,1,5,0.2,12,17,0.706,3,9,12,5,1,0,2,4,43,3,1,2021-22,Regular Season,203507,Giannis Antetokounmpo
22021,203507,0022101008,2022-03-12,MIL @ GSW,L,34,9,17,0.529,1,4,0.25,12,18,0.667,1,7,8,3,0,1,1,2,31,-26,1,2021-22,Regular Season,203507,Giannis Antetokounmpo
22021,203507,0022101027,2022-03-14,MIL @ UTA,W,34,12,24,0.5,0,2,0.0,6,7,0.857,1,14,15,4,1,0,1,5,30,4,1,2021-22,Regular Season,203507,Giannis Antetokounmpo
22021,203507,0022101043,2022-03-16,MIL @ SAC,W,35,12,23,0.522,0,2,0.0,12,16,0.75,2,8,10,2,2,1,2,3,36,5,1,2021-22,Regular Season,203507,Giannis Antetokounmpo
22021,203507,0022101082,2022-03-22,MIL vs. CHI,W,30,9,12,0.75,1,2,0.5,6,9,0.667,1,16,17,5,1,3,9,3,25,28,1,2021-22,Regular Season,203507,Giannis Antetokounmpo
22021,203507,0022101112,2022-03-26,MIL @ MEM,L,28,11,20,0.55,0,1,0.0,8,10,0.8,2,9,11,4,0,4,2,3,30,-10,1,2021-22,Regular Season,203507,Giannis Antetokounmpo
22021,203507,0022101131,2022-03-29,MIL @ PHI,W,38,16,24,0.667,1,3,0.333,7,10,0.7,3,11,14,6,1,3,3,3,40,3,1,2021-22,Regular Season,203507,Giannis Antetokounmpo
22021,203507,0022101148,2022-03-31,MIL @ BKN,W,39,14,21,0.667,1,4,0.25,15,19,0.789,4,10,14,6,1,0,8,1,44,12,1,2021-22,Regular Season,203507,Giannis Antetokounmpo
22021,203507,0022101167,2022-04-03,MIL vs. DAL,L,40,12,22,0.545,0,3,0.0,4,8,0.5,3,7,10,2,2,0,3,2,28,-9,1,2021-22,Regular Season,203507,Giannis Antetokounmpo
22021,203507,0022101183,2022-04-05,MIL @ CHI,W,24,7,13,0.538,1,2,0.5,3,5,0.6,2,7,9,7,0,0,2,5,18,12,1,2021-22,Regular Season,203507,Giannis Antetokounmpo
22021,203507,0022101198,2022-04-07,MIL vs. BOS,W,38,11,21,0.524,0,4,0.0,7,10,0.7,2,9,11,5,2,1,4,2,29,-1,1,2021-22,Regular Season,203507,Giannis Antetokounmpo
22021,203507,0022101203,2022-04-08,MIL @ DET,W,28,9,16,0.563,1,3,0.333,11,13,0.846,1,12,13,8,2,0,1,1,30,19,1,2021-22,Regular Season,203507,Giannis Antetokounmpo
42021,203507,0042100121,2022-04-17,MIL vs. CHI,W,34,10,19,0.526,1,4,0.25,6,11,0.545,3,13,16,3,0,2,5,5,27,19,1,2021-22,Playoffs,203507,Giannis Antetokounmpo
42021,203507,0042100122,2022-04-20,MIL vs. CHI,L,40,11,20,0.55,0,2,0.0,11,18,0.611,3,15,18,9,1,2,3,3,33,1,1,2021-22,Playoffs,203507,Giannis Antetokounmpo
42021,203507,0042100123,2022-04-22,MIL @ CHI,W,29,7,12,0.583,0,3,0.0,4,5,0.8,0,7,7,9,0,1,4,3,18,36,1,2021-22,Playoffs,203507,Giannis Antetokounmpo
42021,203507,0042100124,2022-04-24,MIL @ CHI,W,35,11,22,0.5,1,3,0.333,9,12,0.75,3,14,17,7,0,2,4,4,32,12,1,2021-22,Playoffs,203507,Giannis Antetokounmpo
42021,203507,0042100125,2022-04-27,MIL vs. CHI,W,30,11,15,0.733,0,1,0.0,11,14,0.786,1,8,9,3,0,0,2,1,33,18,1,2021-22,Playoffs,203507,Giannis Antetokounmpo
42021,203507,0042100211,2022-05-01,MIL @ BOS,W,38,9,25,0.36,0,2,0.0,6,11,0.545,3,10,13,12,0,2,5,4,24,23,1,2021-22,Playoffs,203507,Giannis Antetokounmpo
42021,203507,0042100212,2022-05-03,MIL @ BOS,L,38,11,27,0.407,1,4,0.25,5,9,0.556,1,8,9,7,1,1,6,3,28,-11,1,2021-22,Playoffs,203507,Giannis Antetokounmpo
42021,203507,0042100213,2022-05-07,MIL vs. BOS,W,39,16,30,0.533,1,6,0.167,9,12,0.75,2,10,12,8,2,2,3,4,42,-2,1,2021-22,Playoffs,203507,Giannis Antetokounmpo
42021,203507,0042100214,2022-05-09,MIL vs. BOS,L,41,14,32,0.438,0,4,0.0,6,11,0.545,2,16,18,5,0,0,4,5,34,1,1,2021-22,Playoffs,203507,Giannis Antetokounmpo
42021,203507,0042100215,2022-05-11,MIL @ BOS,W,40,16,27,0.593,2,5,0.4,6,10,0.6,2,9,11,3,1,1,7,4,40,7,1,2021-22,Playoffs,203507,Giannis Antetokounmpo
42021,203507,0042100216,2022-05-13,MIL vs. BOS,L,41,14,30,0.467,2,3,0.667,14,15,0.933,3,17,20,6,1,1,6,4,44,-5,1,2021-22,Playoffs,203507,Giannis Antetokounmpo
42021,203507,0042100217,2022-05-15,MIL @ BOS,L,43,10,26,0.385,1,4,0.25,4,6,0.667,3,17,20,9,2,1,5,3,25,-20,1,2021-22,Playoffs,203507,Giannis Antetokounmpo
22021,1629029,0022100014,2021-10-21,DAL @ ATL,L,35,6,17,0.353,2,7,0.286,4,4,1.0,0,11,11,7,1,0,5,1,18,-24,1,2021-22,Regular Season,1629029,Luka Dončić
22021,1629029,0022100029,2021-10-23,DAL @ TOR,W,39,11,24,0.458,2,10,0.2,3,5,0.6,0,9,9,12,0,1,5,3,27,1,1,2021-22,Regular Season,1629029,Luka Dončić
22021,1629029,0022100052,2021-10-26,DAL vs. HOU,W,34,10,25,0.4,1,6,0.167,5,5,1.0,2,12,14,7,2,1,4,3,26,15,1,2021-22,Regular Season,1629029,Luka Dončić
22021,1629029,0022100069,2021-10-28,DAL vs. SAS,W,34,11,19,0.579,3,8,0.375,0,3,0.0,0,3,3,5,0,1,7,3,25,-19,1,2021-22,Regular Season,1629029,Luka Dončić
22021,1629029,0022100075,2021-10-29,DAL @ DEN,L,26,5,18,0.278,1,4,0.25,5,5,1.0,0,6,6,4,2,0,2,1,16,-32,1,2021-22,Regular Season,1629029,Luka Dončić
22021,1629029,0022100089,2021-10-31,DAL vs. SAC,W,35,10,21,0.476,1,7,0.143,2,6,0.333,0,8,8,10,1,1,3,3,23,5,1,2021-22,Regular Season,1629029,Luka Dončić
22021,1629029,0022100104,2021-11-02,DAL vs. MIA,L,36,10,24,0.417,3,9,0.333,10,12,0.833,2,1,3,5,0,0,3,2,33,-13,1,2021-22,Regular Season,1629029,Luka Dončić
22021,1629029,0022100116,2021-11-03,DAL @ SAS,W,36,10,25,0.4,3,12,0.25,0,2,0.0,0,12,12,7,2,0,4,1,23,-17,1,2021-22,Regular Season,1629029,Luka Dončić
22021,1629029,0022100136,2021-11-06,DAL vs. BOS,W,35,12,21,0.571,5,10,0.5,4,4,1.0,1,8,9,5,0,1,6,4,33,10,1,2021-22,Regular Season,1629029,Luka Dončić
22021,1629029,0022100150,2021-11-08,DAL vs. NOP,W,33,10,21,0.476,2,5,0.4,3,5,0.6,2,3,5,5,1,1,5,3,25,-2,1,2021-22,Regular Season,1629029,Luka Dončić
22021,1629029,0022100163,2021-11-10,DAL @ CHI,L,33,6,18,0.333,1,6,0.167,7,10,0.7,1,7,8,10,4,1,4,0,20,-20,1,2021-22,Regular Season,1629029,Luka Dončić
22021,1629029,0022100181,2021-11-12,DAL @ SAS,W,36,11,23,0.478,6,13,0.462,4,8,0.5,0,12,12,15,2,0,2,2,32,6,1,2021-22,Regular Season,1629029,Luka Dončić
22021,1629029,0022100204,2021-11-15,DAL vs. DEN,W,38,9,23,0.391,2,7,0.286,3,5,0.6,1,7,8,11,2,1,4,3,23,4,1,2021-22,Regular Season,1629029,Luka Dončić
22021,1629029,0022100266,2021-11-23,DAL @ LAC,W,41,9,21,0.429,4,11,0.364,4,4,1.0,1,8,9,9,1,2,6,4,26,7,1,2021-22,Regular Season,1629029,Luka Dončić
22021,1629029,0022100298,2021-11-27,DAL vs. WAS,L,37,13,25,0.52,3,9,0.333,4,7,0.571,0,4,4,10,0,0,4,3,33,-11,1,2021-22,Regular Season,1629029,Luka Dončić
22021,1629029,0022100310,2021-11-29,DAL vs. CLE,L,33,9,21,0.429,7,11,0.636,0,4,0.0,2,8,10,10,1,0,4,2,25,-20,1,2021-22,Regular Season,1629029,Luka Dončić
22021,1629029,0022100325,2021-12-01,DAL @ NOP,W,27,11,16,0.688,2,5,0.4,4,4,1.0,1,3,4,14,1,0,8,1,28,29,1,2021-22,Regular Season,1629029,Luka Dončić
22021,1629029,0022100338,2021-12-03,DAL vs. NOP,L,35,7,20,0.35,0,6,0.0,7,9,0.778,1,9,10,7,0,0,7,4,21,-10,1,2021-22,Regular Season,1629029,Luka Dončić
22021,1629029,0022100363,2021-12-07,DAL vs. BKN,L,37,9,21,0.429,3,11,0.273,7,8,0.875,1,5,6,9,0,0,1,5,28,-2,1,2021-22,Regular Season,1629029,Luka Dončić
22021,1629029,0022100373,2021-12-08,DAL @ MEM,W,36,10,19,0.526,5,10,0.5,1,2,0.5,0,8,8,7,1,0,9,1,26,18,1,2021-22,Regular Season,1629029,Luka Dončić
22021,1629029,0022100383,2021-12-10,DAL @ IND,L,37,11,25,0.44,1,8,0.125,4,4,1.0,2,7,9,9,1,1,3,4,27,-9,1,2021-22,Regular Season,1629029,Luka Dončić
22021,1629029,0022100550,2022-01-02,DAL @ OKC,W,31,6,14,0.429,2,6,0.333,0,0,0.0,0,9,9,10,1,0,7,1,14,-4,1,2021-22,Regular Season,1629029,Luka Dončić
22021,1629029,0022100558,2022-01-03,DAL vs. DEN,W,34,7,18,0.389,1,6,0.167,6,8,0.75,0,8,8,15,4,0,3,5,21,25,1,2021-22,Regular Season,1629029,Luka Dončić
22021,1629029,0022100572,2022-01-05,DAL vs. GSW,W,34,7,18,0.389,2,8,0.25,10,12,0.833,0,7,7,8,2,0,6,1,26,2,1,2021-22,Regular Season,1629029,Luka Dončić
22021,1629029,0022100603,2022-01-09,DAL vs. CHI,W,35,8,23,0.348,2,6,0.333,4,4,1.0,0,14,14,14,0,0,4,1,22,26,1,2021-22,Regular Season,1629029,Luka Dončić
22021,1629029,0022100622,2022-01-12,DAL @ NYK,L,36,8,23,0.348,1,9,0.111,4,6,0.667,1,10,11,5,2,0,6,2,21,-24,1,2021-22,Regular Season,1629029,Luka Dončić
22021,1629029,0022100639,2022-01-14,DAL @ MEM,W,32,12,22,0.545,0,6,0.0,3,4,0.75,1,12,13,10,0,0,6,2,27,12,1,2021-22,Regular Season,1629029,Luka Dončić
22021,1629029,0022100650,2022-01-15,DAL vs. ORL,W,31,7,19,0.368,1,6,0.167,8,9,0.889,1,8,9,3,0,0,1,3,23,20,1,2021-22,Regular Season,1629029,Luka Dončić
22021,1629029,0022100663,2022-01-17,DAL vs. OKC,W,39,4,17,0.235,0,6,0.0,12,14,0.857,2,9,11,12,3,3,2,2,20,12,1,2021-22,Regular Season,1629029,Luka Dončić
22021,1629029,0022100675,2022-01-19,DAL vs. TOR,W,42,13,24,0.542,4,10,0.4,11,12,0.917,2,12,14,7,1,0,4,2,41,7,1,2021-22,Regular Season,1629029,Luka Dončić
22021,1629029,0022100682,2022-01-20,DAL vs. PHX,L,38,9,23,0.391,2,9,0.222,8,11,0.727,1,7,8,8,1,0,8,1,28,-7,1,2021-22,Regular Season,1629029,Luka Dončić
22021,1629029,0022100705,2022-01-23,DAL vs. MEM,W,38,13,25,0.52,2,7,0.286,9,12,0.75,2,9,11,9,3,1,5,2,37,15,1,2021-22,Regular Season,1629029,Luka Dončić
22021,1629029,0022100720,2022-01-25,DAL @ GSW,L,27,7,17,0.412,4,7,0.571,7,7,1.0,1,7,8,3,0,0,2,3,25,-19,1,2021-22,Regular Season,1629029,Luka Dončić
22021,1629029,0022100732,2022-01-26,DAL @ POR,W,37,4,11,0.364,2,6,0.333,5,8,0.625,0,10,10,15,1,0,3,1,15,11,1,2021-22,Regular Season,1629029,Luka Dončić
22021,1629029,0022100746,2022-01-29,DAL vs. IND,W,32,12,21,0.571,4,9,0.444,2,7,0.286,1,5,6,12,1,2,1,0,30,34,1,2021-22,Regular Season,1629029,Luka Dončić
22021,1629029,0022100755,2022-01-30,DAL @ ORL,L,38,13,22,0.591,4,9,0.444,4,6,0.667,0,12,12,11,1,0,6,3,34,11,1,2021-22,Regular Season,1629029,Luka Dončić
22021,1629029,0022100778,2022-02-02,DAL vs. OKC,L,43,16,33,0.485,5,13,0.385,3,4,0.75,1,5,6,10,3,0,3,3,40,-17,1,2021-22,Regular Season,1629029,Luka Dončić
22021,1629029,0022100791,2022-02-04,DAL vs. PHI,W,40,13,28,0.464,1,6,0.167,6,9,0.667,3,10,13,15,2,0,3,1,33,19,1,2021-22,Regular Season,1629029,Luka Dončić
22021,1629029,0022100807,2022-02-06,DAL vs. ATL,W,28,6,17,0.353,1,3,0.333,5,6,0.833,3,7,10,11,1,0,1,5,18,10,1,2021-22,Regular Season,1629029,Luka Dončić
22021,1629029,0022100820,2022-02-08,DAL vs. DET,W,33,9,18,0.5,5,9,0.556,10,14,0.714,0,7,7,11,1,2,5,3,33,35,1,2021-22,Regular Season,1629029,Luka Dončić
22021,1629029,0022100835,2022-02-10,DAL vs. LAC,W,40,17,26,0.654,7,14,0.5,10,14,0.714,0,9,9,6,1,1,7,4,51,9,1,2021-22,Regular Season,1629029,Luka Dončić
22021,1629029,0022100853,2022-02-12,DAL vs. LAC,L,39,15,33,0.455,6,13,0.462,9,13,0.692,0,15,15,8,0,0,7,2,45,8,1,2021-22,Regular Season,1629029,Luka Dončić
22021,1629029,0022100868,2022-02-15,DAL @ MIA,W,38,5,19,0.263,2,7,0.286,9,12,0.75,1,9,10,6,0,1,3,3,21,3,1,2021-22,Regular Season,1629029,Luka Dončić
22021,1629029,0022100886,2022-02-17,DAL @ NOP,W,38,17,35,0.486,7,14,0.5,8,12,0.667,1,14,15,8,0,1,5,3,49,21,1,2021-22,Regular Season,1629029,Luka Dončić
22021,1629029,0022100903,2022-02-25,DAL @ UTA,L,35,8,24,0.333,3,9,0.333,4,4,1.0,2,5,7,11,1,0,4,5,23,-16,1,2021-22,Regular Season,1629029,Luka Dončić
22021,1629029,0022100917,2022-02-27,DAL @ GSW,W,37,10,21,0.476,3,9,0.333,11,12,0.917,1,10,11,2,2,1,9,2,34,-5,1,2021-22,Regular Season,1629029,Luka Dončić
22021,1629029,0022100931,2022-03-01,DAL @ LAL,W,38,9,21,0.429,0,5,0.0,7,11,0.636,1,7,8,5,1,2,6,1,25,-4,1,2021-22,Regular Season,1629029,Luka Dončić
22021,1629029,0022100943,2022-03-03,DAL vs. GSW,W,40,15,26,0.577,4,10,0.4,7,9,0.778,2,8,10,9,2,0,6,1,41,8,1,2021-22,Regular Season,1629029,Luka Dončić
22021,1629029,0022100972,2022-03-07,DAL vs. UTA,W,38,12,23,0.522,5,11,0.455,6,7,0.857,1,15,16,7,3,1,3,3,35,5,1,2021-22,Regular Season,1629029,Luka Dončić
22021,1629029,0022100988,2022-03-09,DAL vs. NYK,L,34,12,25,0.48,3,11,0.273,4,7,0.571,3,3,6,4,1,1,2,3,31,-19,1,2021-22,Regular Season,1629029,Luka Dončić
22021,1629029,0022100999,2022-03-11,DAL @ HOU,W,36,9,19,0.474,5,11,0.455,7,10,0.7,1,13,14,6,0,2,5,1,30,16,1,2021-22,Regular Season,1629029,Luka Dončić
22021,1629029,0022101014,2022-03-13,DAL @ BOS,W,39,8,16,0.5,4,10,0.4,6,6,1.0,0,8,8,8,3,0,5,0,26,7,1,2021-22,Regular Season,1629029,Luka Dončić
22021,1629029,0022101036,2022-03-16,DAL @ BKN,W,39,14,26,0.538,5,12,0.417,4,4,1.0,0,9,9,9,2,1,4,2,37,-4,1,2021-22,Regular Season,1629029,Luka Dončić
22021,1629029,0022101046,2022-03-18,DAL @ PHI,L,35,5,20,0.25,2,10,0.2,5,9,0.556,1,6,7,10,0,1,6,0,17,-15,1,2021-22,Regular Season,1629029,Luka Dončić
22021,1629029,0022101059,2022-03-19,DAL @ CHA,L,30,13,20,0.65,8,12,0.667,3,5,0.6,0,4,4,3,0,0,4,2,37,-30,1,2021-22,Regular Season,1629029,Luka Dončić
22021,1629029,0022101079,2022-03-21,DAL vs. MIN,W,38,5,17,0.294,3,11,0.273,2,4,0.5,0,6,6,10,1,0,8,4,15,-7,1,2021-22,Regular Season,1629029,Luka Dončić
22021,1629029,0022101104,2022-03-25,DAL @ MIN,L,37,8,18,0.444,5,11,0.455,3,5,0.6,0,10,10,8,1,0,3,0,24,-22,1,2021-22,Regular Season,1629029,Luka Dončić
22021,1629029,0022101121,2022-03-27,DAL vs. UTA,W,33,11,21,0.524,4,7,0.571,6,9,0.667,1,9,10,5,0,0,3,3,32,9,1,2021-22,Regular Season,1629029,Luka Dončić
22021,1629029,0022101134,2022-03-29,DAL vs. LAL,W,30,12,23,0.522,4,12,0.333,6,7,0.857,3,9,12,12,1,0,1,1,34,21,1,2021-22,Regular Season,1629029,Luka Dončić
22021,1629029,0022101136,2022-03-30,DAL @ CLE,W,38,14,26,0.538,3,6,0.5,4,4,1.0,0,9,9,13,1,2,3,1,35,14,1,2021-22,Regular Season,1629029,Luka Dončić
22021,1629029,0022101152,2022-04-01,DAL @ WAS,L,36,11,22,0.5,4,9,0.444,10,10,1.0,0,7,7,6,0,1,5,3,36,-22,1,2021-22,Regular Season,1629029,Luka Dončić
22021,1629029,0022101167,2022-04-03,DAL @ MIL,W,39,9,22,0.409,3,9,0.333,11,14,0.786,0,8,8,15,3,0,6,2,32,8,1,2021-22,Regular Season,1629029,Luka Dončić
22021,1629029,0022101190,2022-04-06,DAL @ DET,W,34,8,21,0.381,2,11,0.182,8,13,0.615,1,7,8,14,1,0,6,4,26,17,1,2021-22,Regular Season,1629029,Luka Dončić
22021,1629029,0022101209,2022-04-08,DAL vs. POR,W,30,12,21,0.571,7,14,0.5,8,11,0.727,0,11,11,7,0,1,5,0,39,41,1,2021-22,Regular Season,1629029,Luka Dončić
22021,1629029,0022101219,2022-04-10,DAL vs. SAS,W,29,8,18,0.444,2,5,0.4,8,8,1.0,1,7,8,9,2,1,4,1,26,19,1,2021-22,Regular Season,1629029,Luka Dončić
42021,1629029,0042100174,2022-04-23,DAL @ UTA,L,34,11,21,0.524,4,10,0.4,4,4,1.0,0,10,10,4,2,0,4,3,30,7,1,2021-22,Playoffs,1629029,Luka Dončić
42021,1629029,0042100175,2022-04-25,DAL vs. UTA,W,33,11,22,0.5,3,10,0.3,8,12,0.667,0,13,13,5,0,1,5,4,33,32,1,2021-22,Playoffs,1629029,Luka Dončić
42021,1629029,0042100176,2022-04-28,DAL @ UTA,W,42,8,21,0.381,4,10,0.4,4,4,1.0,0,9,9,8,2,2,3,3,24,15,1,2021-22,Playoffs,1629029,Luka Dončić
42021,1629029,0042100221,2022-05-02,DAL @ PHX,L,44,15,30,0.5,4,11,0.364,11,14,0.786,2,10,12,8,0,1,5,1,45,-4,1,2021-22,Playoffs,1629029,Luka Dončić
42021,1629029,0042100222,2022-05-04,DAL @ PHX,L,36,13,22,0.591,5,10,0.5,4,5,0.8,1,4,5,7,1,0,7,2,35,-28,1,2021-22,Playoffs,1629029,Luka Dončić
42021,1629029,0042100223,2022-05-06,DAL vs. PHX,W,34,11,25,0.44,2,7,0.286,2,5,0.4,3,10,13,9,2,0,5,5,26,20,1,2021-22,Playoffs,1629029,Luka Dončić
42021,1629029,0042100224,2022-05-08,DAL vs. PHX,W,37,9,25,0.36,1,10,0.1,7,8,0.875,0,7,7,11,3,0,4,4,26,15,1,2021-22,Playoffs,1629029,Luka Dončić
42021,1629029,0042100225,2022-05-10,DAL @ PHX,L,35,10,23,0.435,2,8,0.25,6,7,0.857,1,10,11,2,3,0,4,3,28,-17,1,2021-22,Playoffs,1629029,Luka Dončić
42021,1629029,0042100226,2022-05-12,DAL vs. PHX,W,35,11,26,0.423,2,8,0.25,9,14,0.643,1,10,11,8,4,0,1,4,33,15,1,2021-22,Playoffs,1629029,Luka Dončić
42021,1629029,0042100227,2022-05-15,DAL @ PHX,W,30,12,19,0.632,6,11,0.545,5,5,1.0,1,9,10,4,2,0,2,3,35,37,1,2021-22,Playoffs,1629029,Luka Dončić
42021,1629029,0042100311,2022-05-18,DAL @ GSW,L,35,6,18,0.333,3,10,0.3,5,8,0.625,0,7,7,4,1,0,7,1,20,-30,1,2021-22,Playoffs,1629029,Luka Dončić
42021,1629029,0042100312,2022-05-20,DAL @ GSW,L,38,12,23,0.522,5,10,0.5,13,15,0.867,0,5,5,8,3,1,2,3,42,-12,1,2021-22,Playoffs,1629029,Luka Dončić
42021,1629029,0042100313,2022-05-22,DAL vs. GSW,L,40,11,23,0.478,4,9,0.444,14,17,0.824,0,11,11,3,1,2,3,3,40,-19,1,2021-22,Playoffs,1629029,Luka Dončić
42021,1629029,0042100314,2022-05-24,DAL vs. GSW,W,38,10,26,0.385,3,11,0.273,7,10,0.7,0,14,14,9,2,2,3,2,30,13,1,2021-22,Playoffs,1629029,Luka Dončić
42021,1629029,0042100315,2022-05-26,DAL @ GSW,L,40,10,28,0.357,3,13,0.231,5,7,0.714,1,8,9,6,1,0,4,3,28,-12,1,2021-22,Playoffs,1629029,Luka Dončić
22021,1628369,0022100005,2021-10-20,BOS @ NYK,L,45,7,30,0.233,2,15,0.133,4,5,0.8,4,7,11,4,1,1,3,2,20,-3,1,2021-22,Regular Season,1628369,Jayson Tatum
22021,1628369,0022100020,2021-10-22,BOS vs. TOR,L,30,8,14,0.571,2,4,0.5,0,1,0.0,0,6,6,4,0,2,5,3,18,-12,1,2021-22,Regular Season,1628369,Jayson Tatum
22021,1628369,0022100037,2021-10-24,BOS @ HOU,W,37,12,24,0.5,4,11,0.364,3,4,0.75,0,9,9,2,1,1,1,4,31,4,1,2021-22,Regular Season,1628369,Jayson Tatum
22021,1628369,0022100041,2021-10-25,BOS @ CHA,W,41,14,28,0.5,6,12,0.5,7,7,1.0,1,6,7,8,0,1,2,3,41,22,1,2021-22,Regular Season,1628369,Jayson Tatum
22021,1628369,0022100056,2021-10-27,BOS vs. WAS,L,36,9,22,0.409,1,8,0.125,4,8,0.5,1,6,7,2,0,0,2,2,23,-8,1,2021-22,Regular Season,1628369,Jayson Tatum
22021,1628369,0022100078,2021-10-30,BOS @ WAS,L,46,10,32,0.313,0,5,0.0,7,7,1.0,2,13,15,3,2,1,4,5,27,2,1,2021-22,Regular Season,1628369,Jayson Tatum
22021,1628369,0022100098,2021-11-01,BOS vs. CHI,L,36,8,22,0.364,1,4,0.25,3,4,0.75,1,3,4,3,2,0,1,3,20,-24,1,2021-22,Regular Season,1628369,Jayson Tatum
22021,1628369,0022100110,2021-11-03,BOS @ ORL,W,34,4,16,0.25,1,6,0.167,5,8,0.625,0,6,6,3,1,2,2,1,14,12,1,2021-22,Regular Season,1628369,Jayson Tatum
22021,1628369,0022100121,2021-11-04,BOS @ MIA,W,29,3,13,0.231,2,5,0.4,2,3,0.667,0,8,8,2,1,0,1,4,10,9,1,2021-22,Regular Season,1628369,Jayson Tatum
22021,1628369,0022100136,2021-11-06,BOS @ DAL,L,38,12,19,0.632,6,8,0.75,2,2,1.0,1,10,11,2,2,1,4,4,32,5,1,2021-22,Regular Season,1628369,Jayson Tatum
22021,1628369,0022100160,2021-11-10,BOS vs. TOR,W,37,8,24,0.333,3,7,0.429,3,4,0.75,1,10,11,7,1,0,2,3,22,18,1,2021-22,Regular Season,1628369,Jayson Tatum
22021,1628369,0022100175,2021-11-12,BOS vs. MIL,W,42,10,25,0.4,5,13,0.385,2,4,0.5,2,9,11,1,0,2,3,1,27,11,1,2021-22,Regular Season,1628369,Jayson Tatum
22021,1628369,0022100190,2021-11-13,BOS @ CLE,L,35,8,22,0.364,1,8,0.125,4,5,0.8,0,4,4,2,0,0,6,1,21,12,1,2021-22,Regular Season,1628369,Jayson Tatum
22021,1628369,0022100199,2021-11-15,BOS @ CLE,W,36,7,20,0.35,2,8,0.25,7,7,1.0,1,7,8,5,1,2,2,2,23,4,1,2021-22,Regular Season,1628369,Jayson Tatum
22021,1628369,0022100215,2021-11-17,BOS @ ATL,L,38,12,22,0.545,5,12,0.417,5,6,0.833,3,6,9,5,1,1,4,2,34,-7,1,2021-22,Regular Season,1628369,Jayson Tatum
22021,1628369,0022100232,2021-11-19,BOS vs. LAL,W,34,13,26,0.5,4,9,0.444,7,7,1.0,1,10,11,2,3,1,1,3,37,10,1,2021-22,Regular Season,1628369,Jayson Tatum
22021,1628369,0022100243,2021-11-20,BOS vs. OKC,W,34,11,22,0.5,6,12,0.5,5,7,0.714,0,8,8,5,0,1,1,2,33,22,1,2021-22,Regular Season,1628369,Jayson Tatum
22021,1628369,0022100256,2021-11-22,BOS vs. HOU,W,34,10,22,0.455,1,9,0.111,9,9,1.0,0,6,6,3,1,0,1,3,30,23,1,2021-22,Regular Season,1628369,Jayson Tatum
22021,1628369,0022100270,2021-11-24,BOS vs. BKN,L,30,4,16,0.25,1,9,0.111,6,8,0.75,4,4,8,3,1,1,5,2,15,-33,1,2021-22,Regular Season,1628369,Jayson Tatum
22021,1628369,0022100287,2021-11-26,BOS @ SAS,L,40,9,23,0.391,2,7,0.286,4,5,0.8,3,9,12,2,1,0,2,3,24,-13,1,2021-22,Regular Season,1628369,Jayson Tatum
22021,1628369,0022100302,2021-11-28,BOS @ TOR,W,38,2,16,0.125,1,5,0.2,3,4,0.75,0,7,7,10,1,0,4,2,8,13,1,2021-22,Regular Season,1628369,Jayson Tatum
22021,1628369,0022100322,2021-12-01,BOS vs. PHI,W,37,9,20,0.45,3,8,0.375,5,5,1.0,0,16,16,2,1,0,2,2,26,5,1,2021-22,Regular Season,1628369,Jayson Tatum
22021,1628369,0022100339,2021-12-03,BOS @ UTA,L,38,12,25,0.48,2,11,0.182,11,11,1.0,1,5,6,5,0,1,0,1,37,-5,1,2021-22,Regular Season,1628369,Jayson Tatum
22021,1628369,0022100347,2021-12-04,BOS @ POR,W,31,9,17,0.529,4,6,0.667,9,10,0.9,0,10,10,4,0,0,2,1,31,17,1,2021-22,Regular Season,1628369,Jayson Tatum
22021,1628369,0022100365,2021-12-07,BOS @ LAL,L,34,13,22,0.591,5,7,0.714,3,5,0.6,2,6,8,3,1,1,5,2,34,-8,1,2021-22,Regular Season,1628369,Jayson Tatum
22021,1628369,0022100378,2021-12-08,BOS @ LAC,L,36,9,20,0.45,2,7,0.286,9,10,0.9,1,9,10,2,2,1,6,4,29,-4,1,2021-22,Regular Season,1628369,Jayson Tatum
22021,1628369,0022100390,2021-12-10,BOS @ PHX,L,34,10,25,0.4,1,7,0.143,3,6,0.5,2,5,7,3,0,1,4,2,24,-9,1,2021-22,Regular Season,1628369,Jayson Tatum
22021,1628369,0022100408,2021-12-13,BOS vs. MIL,W,38,16,25,0.64,7,13,0.538,3,5,0.6,1,4,5,4,3,0,3,1,42,21,1,2021-22,Regular Season,1628369,Jayson Tatum
22021,1628369,0022100435,2021-12-17,BOS vs. GSW,L,42,9,19,0.474,3,10,0.3,6,6,1.0,0,8,8,6,1,0,1,1,27,3,1,2021-22,Regular Season,1628369,Jayson Tatum
22021,1628369,0022100445,2021-12-18,BOS vs. NYK,W,36,9,24,0.375,3,13,0.231,4,4,1.0,2,7,9,2,0,0,3,4,25,-4,1,2021-22,Regular Season,1628369,Jayson Tatum
22021,1628369,0022100457,2021-12-20,BOS vs. PHI,L,39,5,14,0.357,0,3,0.0,7,9,0.778,1,8,9,6,2,2,6,3,17,-5,1,2021-22,Regular Season,1628369,Jayson Tatum
22021,1628369,0022100471,2021-12-22,BOS vs. CLE,W,36,6,19,0.316,2,8,0.25,4,4,1.0,1,8,9,5,2,1,2,5,18,19,1,2021-22,Regular Season,1628369,Jayson Tatum
22021,1628369,0022100489,2021-12-25,BOS @ MIL,L,40,7,20,0.35,4,10,0.4,7,8,0.875,1,8,9,4,2,2,4,3,25,-7,1,2021-22,Regular Season,1628369,Jayson Tatum
22021,1628369,0022100570,2022-01-05,BOS vs. SAS,L,38,6,20,0.3,1,6,0.167,6,6,1.0,3,5,8,3,0,2,0,1,19,-9,1,2021-22,Regular Season,1628369,Jayson Tatum
22021,1628369,0022100578,2022-01-06,BOS @ NYK,L,40,12,21,0.571,6,11,0.545,6,6,1.0,1,5,6,9,2,1,2,3,36,8,1,2021-22,Regular Season,1628369,Jayson Tatum
22021,1628369,0022100595,2022-01-08,BOS vs. NYK,W,29,6,14,0.429,3,8,0.375,4,4,1.0,0,3,3,1,1,0,2,0,19,10,1,2021-22,Regular Season,1628369,Jayson Tatum
22021,1628369,0022100609,2022-01-10,BOS vs. IND,W,42,7,21,0.333,0,7,0.0,10,11,0.909,1,11,12,1,0,0,8,4,24,12,1,2021-22,Regular Season,1628369,Jayson Tatum
22021,1628369,0022100618,2022-01-12,BOS @ IND,W,37,11,19,0.579,4,9,0.444,7,8,0.875,0,7,7,4,2,2,4,1,33,19,1,2021-22,Regular Season,1628369,Jayson Tatum
22021,1628369,0022100635,2022-01-14,BOS @ PHI,L,32,7,17,0.412,2,7,0.286,4,4,1.0,1,10,11,5,0,0,7,3,20,-4,1,2021-22,Regular Season,1628369,Jayson Tatum
22021,1628369,0022100647,2022-01-15,BOS vs. CHI,W,40,8,24,0.333,1,5,0.2,6,6,1.0,4,8,12,4,0,2,4,2,23,11,1,2021-22,Regular Season,1628369,Jayson Tatum
22021,1628369,0022100654,2022-01-17,BOS vs. NOP,W,38,9,18,0.5,0,4,0.0,9,11,0.818,1,7,8,3,1,0,2,1,27,12,1,2021-22,Regular Season,1628369,Jayson Tatum
22021,1628369,0022100671,2022-01-19,BOS vs. CHA,L,35,5,19,0.263,0,7,0.0,2,3,0.667,1,5,6,3,1,0,3,5,12,-7,1,2021-22,Regular Season,1628369,Jayson Tatum
22021,1628369,0022100688,2022-01-21,BOS vs. POR,L,41,8,19,0.421,0,6,0.0,11,14,0.786,1,9,10,7,0,0,4,4,27,2,1,2021-22,Regular Season,1628369,Jayson Tatum
22021,1628369,0022100699,2022-01-23,BOS @ WAS,W,33,18,28,0.643,9,14,0.643,6,6,1.0,2,8,10,7,0,0,1,1,51,30,1,2021-22,Regular Season,1628369,Jayson Tatum
22021,1628369,0022100717,2022-01-25,BOS vs. SAC,W,31,14,23,0.609,7,14,0.5,1,2,0.5,2,2,4,6,0,1,2,2,36,36,1,2021-22,Regular Season,1628369,Jayson Tatum
22021,1628369,0022100737,2022-01-28,BOS @ ATL,L,36,5,17,0.294,2,8,0.25,8,8,1.0,1,5,6,4,1,2,5,3,20,-10,1,2021-22,Regular Season,1628369,Jayson Tatum
22021,1628369,0022100745,2022-01-29,BOS @ NOP,W,37,17,26,0.654,4,13,0.308,0,0,0.0,0,8,8,7,3,0,2,3,38,21,1,2021-22,Regular Season,1628369,Jayson Tatum
22021,1628369,0022100762,2022-01-31,BOS vs. MIA,W,31,7,15,0.467,3,7,0.429,3,5,0.6,1,11,12,5,0,0,2,1,20,30,1,2021-22,Regular Season,1628369,Jayson Tatum
22021,1628369,0022100775,2022-02-02,BOS vs. CHA,W,33,6,16,0.375,1,7,0.143,6,6,1.0,0,6,6,9,2,0,3,4,19,9,1,2021-22,Regular Season,1628369,Jayson Tatum
22021,1628369,0022100788,2022-02-04,BOS @ DET,W,28,9,21,0.429,4,9,0.444,2,3,0.667,1,8,9,1,1,0,2,0,24,14,1,2021-22,Regular Season,1628369,Jayson Tatum
22021,1628369,0022100806,2022-02-06,BOS @ ORL,W,35,6,18,0.333,2,8,0.25,1,2,0.5,4,5,9,7,1,0,4,1,15,32,1,2021-22,Regular Season,1628369,Jayson Tatum
22021,1628369,0022100817,2022-02-08,BOS @ BKN,W,27,7,11,0.636,2,6,0.333,3,4,0.75,0,5,5,4,1,0,0,0,19,32,1,2021-22,Regular Season,1628369,Jayson Tatum
22021,1628369,0022100842,2022-02-11,BOS vs. DEN,W,37,8,19,0.421,1,8,0.125,7,8,0.875,2,4,6,5,3,0,2,1,24,10,1,2021-22,Regular Season,1628369,Jayson Tatum
22021,1628369,0022100856,2022-02-13,BOS vs. ATL,W,40,13,27,0.481,4,10,0.4,8,9,0.889,2,8,10,3,1,2,2,3,38,11,1,2021-22,Regular Season,1628369,Jayson Tatum
22021,1628369,0022100869,2022-02-15,BOS @ PHI,W,30,9,17,0.529,4,8,0.5,6,6,1.0,2,10,12,6,0,2,0,3,28,34,1,2021-22,Regular Season,1628369,Jayson Tatum
22021,1628369,0022100875,2022-02-16,BOS vs. DET,L,39,7,15,0.467,2,6,0.333,6,6,1.0,0,4,4,5,1,0,7,0,22,-1,1,2021-22,Regular Season,1628369,Jayson Tatum
22021,1628369,0022100890,2022-02-24,BOS @ BKN,W,35,10,20,0.5,4,9,0.444,6,7,0.857,1,6,7,4,1,0,4,1,30,22,1,2021-22,Regular Season,1628369,Jayson Tatum
22021,1628369,0022100905,2022-02-26,BOS @ DET,W,39,8,21,0.381,4,9,0.444,6,8,0.75,0,11,11,6,1,1,1,3,26,6,1,2021-22,Regular Season,1628369,Jayson Tatum
22021,1628369,0022100914,2022-02-27,BOS @ IND,L,34,7,22,0.318,2,12,0.167,8,8,1.0,2,3,5,3,1,0,2,4,24,-24,1,2021-22,Regular Season,1628369,Jayson Tatum
22021,1628369,0022100927,2022-03-01,BOS vs. ATL,W,39,12,25,0.48,3,10,0.3,6,7,0.857,1,7,8,7,0,0,2,2,33,4,1,2021-22,Regular Season,1628369,Jayson Tatum
22021,1628369,0022100940,2022-03-03,BOS vs. MEM,W,39,14,25,0.56,2,7,0.286,7,8,0.875,1,5,6,5,0,1,6,2,37,17,1,2021-22,Regular Season,1628369,Jayson Tatum
22021,1628369,0022100960,2022-03-06,BOS vs. BKN,W,41,16,30,0.533,8,15,0.533,14,17,0.824,2,3,5,3,0,0,2,4,54,12,1,2021-22,Regular Season,1628369,Jayson Tatum
22021,1628369,0022100981,2022-03-09,BOS @ CHA,W,38,16,24,0.667,6,9,0.667,6,6,1.0,0,5,5,3,3,1,2,3,44,18,1,2021-22,Regular Season,1628369,Jayson Tatum
22021,1628369,0022100997,2022-03-11,BOS vs. DET,W,38,13,27,0.481,2,9,0.222,3,3,1.0,2,6,8,6,1,0,1,3,31,14,1,2021-22,Regular Season,1628369,Jayson Tatum
22021,1628369,0022101014,2022-03-13,BOS vs. DAL,L,41,7,23,0.304,3,10,0.3,4,5,0.8,4,7,11,4,0,0,2,0,21,3,1,2021-22,Regular Season,1628369,Jayson Tatum
22021,1628369,0022101042,2022-03-16,BOS @ GSW,W,37,6,16,0.375,3,8,0.375,11,12,0.917,0,12,12,4,1,0,4,4,26,17,1,2021-22,Regular Season,1628369,Jayson Tatum
22021,1628369,0022101057,2022-03-18,BOS @ SAC,W,34,12,16,0.75,7,10,0.7,1,1,1.0,0,5,5,4,0,0,2,1,32,40,1,2021-22,Regular Season,1628369,Jayson Tatum
22021,1628369,0022101068,2022-03-20,BOS @ DEN,W,33,11,17,0.647,6,10,0.6,2,2,1.0,0,6,6,7,1,0,5,3,30,22,1,2021-22,Regular Season,1628369,Jayson Tatum
22021,1628369,0022101078,2022-03-21,BOS @ OKC,W,39,11,19,0.579,5,11,0.455,9,9,1.0,0,7,7,6,2,1,3,1,36,12,1,2021-22,Regular Season,1628369,Jayson Tatum
22021,1628369,0022101087,2022-03-23,BOS vs. UTA,W,29,9,15,0.6,5,8,0.625,3,3,1.0,0,3,3,3,0,1,2,2,26,16,1,2021-22,Regular Season,1628369,Jayson Tatum
22021,1628369,0022101116,2022-03-27,BOS vs. MIN,W,34,12,21,0.571,5,11,0.455,5,5,1.0,0,5,5,6,1,1,3,1,34,34,1,2021-22,Regular Season,1628369,Jayson Tatum
22021,1628369,0022101139,2022-03-30,BOS vs. MIA,L,40,9,17,0.529,0,5,0.0,5,6,0.833,1,4,5,6,2,0,4,4,23,-12,1,2021-22,Regular Season,1628369,Jayson Tatum
22021,1628369,0022101153,2022-04-01,BOS vs. IND,W,37,10,24,0.417,3,9,0.333,8,10,0.8,2,4,6,6,1,1,1,0,31,-1,1,2021-22,Regular Season,1628369,Jayson Tatum
22021,1628369,0022101166,2022-04-03,BOS vs. WAS,W,29,9,17,0.529,1,5,0.2,3,6,0.5,2,4,6,7,2,1,2,3,22,22,1,2021-22,Regular Season,1628369,Jayson Tatum
22021,1628369,0022101193,2022-04-06,BOS @ CHI,W,30,5,18,0.278,1,8,0.125,5,7,0.714,0,10,10,8,2,1,2,1,16,22,1,2021-22,Regular Season,1628369,Jayson Tatum
22021,1628369,0022101223,2022-04-10,BOS @ MEM,W,26,11,14,0.786,6,8,0.75,3,3,1.0,0,9,9,3,1,0,5,2,31,29,1,2021-22,Regular Season,1628369,Jayson Tatum
42021,1628369,0042100111,2022-04-17,BOS vs. BKN,W,45,9,18,0.5,3,7,0.429,10,12,0.833,1,3,4,8,1,2,5,4,31,2,1,2021-22,Playoffs,1628369,Jayson Tatum
42021,1628369,0042100112,2022-04-20,BOS vs. BKN,W,41,5,16,0.313,2,5,0.4,7,8,0.875,1,5,6,10,0,1,3,4,19,11,1,2021-22,Playoffs,1628369,Jayson Tatum
42021,1628369,0042100113,2022-04-23,BOS @ BKN,W,45,13,29,0.448,4,13,0.308,9,10,0.9,2,3,5,6,6,0,6,4,39,4,1,2021-22,Playoffs,1628369,Jayson Tatum
42021,1628369,0042100114,2022-04-25,BOS @ BKN,W,36,9,16,0.563,4,6,0.667,7,8,0.875,0,3,3,5,0,0,6,6,29,10,1,2021-22,Playoffs,1628369,Jayson Tatum
42021,1628369,0042100211,2022-05-01,BOS vs. MIL,L,40,6,18,0.333,4,9,0.444,5,8,0.625,2,4,6,6,2,0,3,4,21,-8,1,2021-22,Playoffs,1628369,Jayson Tatum
42021,1628369,0042100212,2022-05-03,BOS vs. MIL,W,43,10,20,0.5,5,10,0.5,4,5,0.8,1,2,3,8,3,1,4,3,29,21,1,2021-22,Playoffs,1628369,Jayson Tatum
42021,1628369,0042100213,2022-05-07,BOS @ MIL,L,41,4,19,0.211,0,6,0.0,2,3,0.667,0,1,1,3,1,4,3,1,10,-5,1,2021-22,Playoffs,1628369,Jayson Tatum
42021,1628369,0042100214,2022-05-09,BOS @ MIL,W,42,11,24,0.458,3,10,0.3,5,6,0.833,2,11,13,5,0,0,2,3,30,9,1,2021-22,Playoffs,1628369,Jayson Tatum
42021,1628369,0042100215,2022-05-11,BOS vs. MIL,L,42,12,29,0.414,2,11,0.182,8,9,0.889,1,5,6,4,1,1,1,3,34,-4,1,2021-22,Playoffs,1628369,Jayson Tatum
42021,1628369,0042100216,2022-05-13,BOS @ MIL,W,43,17,32,0.531,7,15,0.467,5,7,0.714,0,9,9,4,0,1,4,2,46,21,1,2021-22,Playoffs,1628369,Jayson Tatum
42021,1628369,0042100217,2022-05-15,BOS vs. MIL,W,37,7,14,0.5,5,9,0.556,4,5,0.8,1,5,6,8,0,1,7,4,23,15,1,2021-22,Playoffs,1628369,Jayson Tatum
42021,1628369,0042100301,2022-05-17,BOS @ MIA,L,44,10,21,0.476,2,9,0.222,7,9,0.778,1,7,8,6,4,1,7,1,29,-8,1,2021-22,Playoffs,1628369,Jayson Tatum
42021,1628369,0042100302,2022-05-19,BOS @ MIA,W,32,8,13,0.615,4,6,0.667,7,7,1.0,0,5,5,5,1,0,3,2,27,13,1,2021-22,Playoffs,1628369,Jayson Tatum
42021,1628369,0042100303,2022-05-21,BOS vs. MIA,L,41,3,14,0.214,1,7,0.143,3,4,0.75,1,5,6,4,0,0,6,3,10,-7,1,2021-22,Playoffs,1628369,Jayson Tatum
42021,1628369,0042100304,2022-05-23,BOS vs. MIA,W,34,8,16,0.5,1,7,0.143,14,16,0.875,1,7,8,5,0,2,3,2,31,37,1,2021-22,Playoffs,1628369,Jayson Tatum
42021,1628369,0042100305,2022-05-25,BOS @ MIA,W,44,7,20,0.35,2,8,0.25,6,8,0.75,2,10,12,9,0,0,5,3,22,17,1,2021-22,Playoffs,1628369,Jayson Tatum
42021,1628369,0042100306,2022-05-27,BOS vs. MIA,L,45,9,12,0.75,4,7,0.571,8,8,1.0,1,8,9,4,2,1,7,4,30,-6,1,2021-22,Playoffs,1628369,Jayson Tatum
42021,1628369,0042100307,2022-05-29,BOS @ MIA,W,46,9,21,0.429,4,7,0.571,4,5,0.8,2,8,10,6,1,2,2,4,26,7,1,2021-22,Playoffs,1628369,Jayson Tatum
42021,1628369,0042100401,2022-06-02,BOS @ GSW,W,42,3,17,0.176,1,5,0.2,5,7,0.714,0,5,5,13,1,0,2,2,12,16,1,2021-22,Playoffs,1628369,Jayson Tatum
42021,1628369,0042100402,2022-06-05,BOS @ GSW,L,34,8,19,0.421,6,9,0.667,6,8,0.75,1,5,6,3,1,0,4,2,28,-36,1,2021-22,Playoffs,1628369,Jayson Tatum
42021,1628369,0042100403,2022-06-08,BOS vs. GSW,W,41,9,23,0.391,3,9,0.333,5,6,0.833,1,5,6,9,1,0,2,2,26,13,1,2021-22,Playoffs,1628369,Jayson Tatum
42021,1628369,0042100404,2022-06-10,BOS vs. GSW,L,43,8,23,0.348,4,8,0.5,3,5,0.6,3,8,11,6,1,3,6,3,23,1,1,2021-22,Playoffs,1628369,Jayson Tatum
42021,1628369,0042100405,2022-06-13,BOS @ GSW,L,44,10,20,0.5,5,9,0.556,2,6,0.333,0,10,10,4,0,0,4,3,27,-13,1,2021-22,Playoffs,1628369,Jayson Tatum
42021,1628369,0042100406,2022-06-16,BOS vs. GSW,L,40,6,18,0.333,1,4,0.25,0,0,0.0,0,3,3,7,3,1,5,3,13,-2,1,2021-22,Playoffs,1628369,Jayson Tatum
22021,203954,0022100009,2021-10-20,PHI @ NOP,W,26,8,17,0.471,2,3,0.667,4,6,0.667,1,5,6,5,1,1,1,3,22,4,1,2021-22,Regular Season,203954,Joel Embiid
22021,203954,0022100021,2021-10-22,PHI vs. BKN,L,30,6,15,0.4,2,5,0.4,5,6,0.833,2,6,8,4,2,4,3,4,19,-4,1,2021-22,Regular Season,203954,Joel Embiid
22021,203954,0022100038,2021-10-24,PHI @ OKC,W,33,8,15,0.533,2,5,0.4,4,6,0.667,1,8,9,6,1,3,0,2,22,10,1,2021-22,Regular Season,203954,Joel Embiid
22021,203954,0022100050,2021-10-26,PHI @ NYK,L,30,2,7,0.286,0,2,0.0,10,11,0.909,1,5,6,3,1,1,5,1,14,-8,1,2021-22,Regular Season,203954,Joel Embiid
22021,203954,0022100065,2021-10-28,PHI vs. DET,W,31,8,19,0.421,1,4,0.25,13,15,0.867,5,13,18,3,1,0,4,2,30,14,1,2021-22,Regular Season,203954,Joel Embiid
22021,203954,0022100082,2021-10-30,PHI vs. ATL,W,30,5,13,0.385,1,4,0.25,8,9,0.889,0,5,5,2,0,1,2,1,19,23,1,2021-22,Regular Season,203954,Joel Embiid
22021,203954,0022100111,2021-11-03,PHI vs. CHI,W,34,6,18,0.333,1,5,0.2,5,9,0.556,1,8,9,7,1,1,4,3,18,10,1,2021-22,Regular Season,203954,Joel Embiid
22021,203954,0022100119,2021-11-04,PHI @ DET,W,30,6,15,0.4,0,0,0.0,7,8,0.875,4,5,9,3,1,0,2,3,19,-9,1,2021-22,Regular Season,203954,Joel Embiid
22021,203954,0022100135,2021-11-06,PHI @ CHI,W,34,11,19,0.579,4,5,0.8,4,7,0.571,1,15,16,3,0,2,6,1,30,16,1,2021-22,Regular Season,203954,Joel Embiid
22021,203954,0022100292,2021-11-27,PHI vs. MIN,L,45,12,23,0.522,2,4,0.5,16,21,0.762,2,12,14,3,1,2,4,4,42,11,1,2021-22,Regular Season,203954,Joel Embiid
22021,203954,0022100305,2021-11-29,PHI vs. ORL,W,30,4,16,0.25,1,2,0.5,7,10,0.7,4,9,13,5,0,2,3,4,16,1,1,2021-22,Regular Season,203954,Joel Embiid
22021,203954,0022100322,2021-12-01,PHI @ BOS,L,33,3,17,0.176,1,3,0.333,6,10,0.6,4,14,18,6,2,3,0,1,13,-9,1,2021-22,Regular Season,203954,Joel Embiid
22021,203954,0022100335,2021-12-03,PHI @ ATL,W,36,10,23,0.435,1,3,0.333,7,8,0.875,1,11,12,4,1,2,3,4,28,15,1,2021-22,Regular Season,203954,Joel Embiid
22021,203954,0022100353,2021-12-06,PHI @ CHA,W,41,15,20,0.75,1,2,0.5,12,14,0.857,1,14,15,7,1,0,3,3,43,7,1,2021-22,Regular Season,203954,Joel Embiid
22021,203954,0022100366,2021-12-08,PHI @ CHA,W,33,8,17,0.471,1,2,0.5,15,19,0.789,1,7,8,4,1,0,1,4,32,-1,1,2021-22,Regular Season,203954,Joel Embiid
22021,203954,0022100379,2021-12-09,PHI vs. UTA,L,30,8,18,0.444,1,4,0.25,2,2,1.0,1,8,9,2,3,1,1,4,19,-3,1,2021-22,Regular Season,203954,Joel Embiid
22021,203954,0022100396,2021-12-11,PHI vs. GSW,W,33,7,16,0.438,1,4,0.25,11,11,1.0,0,9,9,4,2,0,4,3,26,-9,1,2021-22,Regular Season,203954,Joel Embiid
22021,203954,0022100419,2021-12-15,PHI vs. MIA,L,37,5,13,0.385,1,5,0.2,6,6,1.0,1,13,14,5,1,1,1,1,17,7,1,2021-22,Regular Season,203954,Joel Embiid
22021,203954,0022100429,2021-12-16,PHI @ BKN,L,33,11,20,0.55,1,3,0.333,9,11,0.818,0,9,9,6,1,0,2,4,32,-5,1,2021-22,Regular Season,203954,Joel Embiid
22021,203954,0022100457,2021-12-20,PHI @ BOS,W,40,14,27,0.519,1,5,0.2,12,14,0.857,0,10,10,5,2,4,5,3,41,4,1,2021-22,Regular Season,203954,Joel Embiid
22021,203954,0022100478,2021-12-23,PHI vs. ATL,L,36,6,17,0.353,2,2,1.0,9,10,0.9,2,8,10,2,1,2,2,1,23,-11,1,2021-22,Regular Season,203954,Joel Embiid
22021,203954,0022100495,2021-12-26,PHI @ WAS,W,31,12,17,0.706,2,5,0.4,10,11,0.909,2,11,13,1,1,2,1,1,36,25,1,2021-22,Regular Season,203954,Joel Embiid
22021,203954,0022100510,2021-12-28,PHI @ TOR,W,34,11,16,0.688,2,3,0.667,12,14,0.857,2,9,11,4,1,1,2,2,36,-4,1,2021-22,Regular Season,203954,Joel Embiid
22021,203954,0022100525,2021-12-30,PHI @ BKN,W,32,11,23,0.478,3,5,0.6,9,12,0.75,2,5,7,1,3,1,2,1,34,0,1,2021-22,Regular Season,203954,Joel Embiid
22021,203954,0022100552,2022-01-03,PHI vs. HOU,W,30,12,20,0.6,1,2,0.5,6,7,0.857,5,10,15,10,1,2,6,2,31,20,1,2021-22,Regular Season,203954,Joel Embiid
22021,203954,0022100568,2022-01-05,PHI @ ORL,W,33,12,22,0.545,0,2,0.0,7,10,0.7,3,2,5,4,1,1,6,4,31,1,1,2021-22,Regular Season,203954,Joel Embiid
22021,203954,0022100582,2022-01-07,PHI vs. SAS,W,32,10,23,0.435,0,1,0.0,11,15,0.733,3,9,12,7,0,1,4,1,31,26,1,2021-22,Regular Season,203954,Joel Embiid
22021,203954,0022100711,2022-01-10,PHI @ HOU,W,26,9,16,0.563,0,1,0.0,13,13,1.0,4,4,8,6,1,2,2,3,31,12,1,2021-22,Regular Season,203954,Joel Embiid
22021,203954,0022100619,2022-01-12,PHI vs. CHA,L,33,10,17,0.588,1,3,0.333,10,14,0.714,1,5,6,3,0,1,7,3,31,-16,1,2021-22,Regular Season,203954,Joel Embiid
22021,203954,0022100635,2022-01-14,PHI vs. BOS,W,32,7,15,0.467,2,7,0.286,9,9,1.0,1,12,13,6,1,1,2,2,25,20,1,2021-22,Regular Season,203954,Joel Embiid
22021,203954,0022100645,2022-01-15,PHI @ MIA,W,36,12,22,0.545,0,3,0.0,8,11,0.727,3,9,12,3,1,1,2,2,32,16,1,2021-22,Regular Season,203954,Joel Embiid
22021,203954,0022100656,2022-01-17,PHI @ WAS,L,29,10,20,0.5,3,4,0.75,9,10,0.9,2,6,8,1,0,0,4,4,32,-15,1,2021-22,Regular Season,203954,Joel Embiid
22021,203954,0022100668,2022-01-19,PHI vs. ORL,W,27,17,23,0.739,1,4,0.25,15,17,0.882,1,11,12,2,1,3,2,3,50,24,1,2021-22,Regular Season,203954,Joel Embiid
22021,203954,0022100686,2022-01-21,PHI vs. LAC,L,37,15,25,0.6,3,3,1.0,7,10,0.7,5,8,13,6,0,1,5,4,40,-6,1,2021-22,Regular Season,203954,Joel Embiid
22021,203954,0022100704,2022-01-23,PHI @ SAS,W,32,16,32,0.5,1,3,0.333,5,6,0.833,3,9,12,6,0,1,1,2,38,8,1,2021-22,Regular Season,203954,Joel Embiid
22021,203954,0022100454,2022-01-25,PHI vs. NOP,W,33,12,24,0.5,0,3,0.0,18,20,0.9,6,8,14,4,0,4,3,5,42,5,1,2021-22,Regular Season,203954,Joel Embiid
22021,203954,0022100733,2022-01-27,PHI vs. LAL,W,35,9,20,0.45,0,5,0.0,8,13,0.615,1,8,9,7,1,2,4,2,26,21,1,2021-22,Regular Season,203954,Joel Embiid
22021,203954,0022100747,2022-01-29,PHI vs. SAC,W,35,10,18,0.556,2,5,0.4,14,18,0.778,0,12,12,6,0,1,4,0,36,5,1,2021-22,Regular Season,203954,Joel Embiid
22021,203954,0022100774,2022-02-02,PHI vs. WAS,L,35,11,27,0.407,0,3,0.0,5,8,0.625,3,11,14,6,1,1,0,3,27,4,1,2021-22,Regular Season,203954,Joel Embiid
22021,203954,0022100791,2022-02-04,PHI @ DAL,L,33,7,17,0.412,2,5,0.4,11,14,0.786,2,11,13,4,2,3,1,2,27,-17,1,2021-22,Regular Season,203954,Joel Embiid
22021,203954,0022100802,2022-02-06,PHI @ CHI,W,32,14,23,0.609,2,4,0.5,10,11,0.909,1,9,10,3,0,1,4,4,40,11,1,2021-22,Regular Season,203954,Joel Embiid
22021,203954,0022100815,2022-02-08,PHI vs. PHX,L,33,13,25,0.52,2,8,0.25,6,6,1.0,1,11,12,3,3,0,2,3,34,-4,1,2021-22,Regular Season,203954,Joel Embiid
22021,203954,0022100840,2022-02-11,PHI vs. OKC,W,35,8,25,0.32,1,7,0.143,8,11,0.727,4,15,19,4,1,5,4,1,25,14,1,2021-22,Regular Season,203954,Joel Embiid
22021,203954,0022100849,2022-02-12,PHI vs. CLE,W,33,11,22,0.5,4,5,0.8,14,15,0.933,1,13,14,10,3,0,4,4,40,24,1,2021-22,Regular Season,203954,Joel Embiid
22021,203954,0022100869,2022-02-15,PHI vs. BOS,L,26,3,9,0.333,0,1,0.0,13,16,0.813,0,9,9,6,0,1,3,2,19,-34,1,2021-22,Regular Season,203954,Joel Embiid
22021,203954,0022100887,2022-02-17,PHI @ MIL,W,37,14,21,0.667,3,4,0.75,11,14,0.786,2,12,14,5,1,0,6,5,42,13,1,2021-22,Regular Season,203954,Joel Embiid
22021,203954,0022100901,2022-02-25,PHI @ MIN,W,31,10,18,0.556,3,5,0.6,11,13,0.846,0,10,10,3,1,0,2,3,34,25,1,2021-22,Regular Season,203954,Joel Embiid
22021,203954,0022100912,2022-02-27,PHI @ NYK,W,36,7,18,0.389,0,4,0.0,23,27,0.852,0,9,9,3,1,4,2,3,37,18,1,2021-22,Regular Season,203954,Joel Embiid
22021,203954,0022100934,2022-03-02,PHI vs. NYK,W,35,7,15,0.467,2,4,0.5,11,13,0.846,1,11,12,4,1,2,4,2,27,22,1,2021-22,Regular Season,203954,Joel Embiid
22021,203954,0022100947,2022-03-04,PHI vs. CLE,W,36,7,14,0.5,0,4,0.0,8,9,0.889,2,7,9,5,2,0,2,4,22,-1,1,2021-22,Regular Season,203954,Joel Embiid
22021,203954,0022100956,2022-03-05,PHI @ MIA,L,36,4,15,0.267,0,6,0.0,14,14,1.0,5,10,15,2,2,0,4,3,22,-12,1,2021-22,Regular Season,203954,Joel Embiid
22021,203954,0022100969,2022-03-07,PHI vs. CHI,W,36,15,27,0.556,1,3,0.333,12,16,0.75,3,11,14,2,2,3,2,2,43,14,1,2021-22,Regular Season,203954,Joel Embiid
22021,203954,0022100993,2022-03-10,PHI vs. BKN,L,30,5,17,0.294,2,3,0.667,15,19,0.789,4,8,12,2,0,1,4,4,27,-30,1,2021-22,Regular Season,203954,Joel Embiid
22021,203954,0022101015,2022-03-13,PHI @ ORL,W,41,9,28,0.321,2,5,0.4,15,17,0.882,4,12,16,7,1,2,2,1,35,11,1,2021-22,Regular Season,203954,Joel Embiid
22021,203954,0022101022,2022-03-14,PHI vs. DEN,L,36,11,20,0.55,3,3,1.0,9,10,0.9,3,6,9,4,1,2,5,5,34,2,1,2021-22,Regular Season,203954,Joel Embiid
22021,203954,0022101034,2022-03-16,PHI @ CLE,W,34,13,19,0.684,1,3,0.333,8,10,0.8,5,12,17,5,0,0,3,3,35,-1,1,2021-22,Regular Season,203954,Joel Embiid
22021,203954,0022101046,2022-03-18,PHI vs. DAL,W,34,11,20,0.55,2,6,0.333,8,9,0.889,0,8,8,4,5,1,6,3,32,5,1,2021-22,Regular Season,203954,Joel Embiid
22021,203954,0022101069,2022-03-20,PHI vs. TOR,L,37,6,20,0.3,0,3,0.0,9,11,0.818,1,12,13,2,1,1,1,3,21,7,1,2021-22,Regular Season,203954,Joel Embiid
22021,203954,0022101093,2022-03-23,PHI @ LAL,W,34,11,19,0.579,0,1,0.0,8,12,0.667,4,6,10,3,3,3,2,4,30,2,1,2021-22,Regular Season,203954,Joel Embiid
22021,203954,0022101106,2022-03-25,PHI @ LAC,W,28,9,19,0.474,2,3,0.667,7,8,0.875,2,8,10,2,1,2,3,2,27,23,1,2021-22,Regular Season,203954,Joel Embiid
22021,203954,0022101118,2022-03-27,PHI @ PHX,L,38,14,27,0.519,1,5,0.2,8,12,0.667,7,8,15,2,3,2,4,2,37,-15,1,2021-22,Regular Season,203954,Joel Embiid
22021,203954,0022101131,2022-03-29,PHI vs. MIL,L,39,11,21,0.524,3,5,0.6,4,6,0.667,1,13,14,7,1,0,4,2,29,3,1,2021-22,Regular Season,203954,Joel Embiid
22021,203954,0022101147,2022-03-31,PHI @ DET,L,37,11,19,0.579,1,2,0.5,14,16,0.875,0,15,15,3,1,2,7,4,37,-1,1,2021-22,Regular Season,203954,Joel Embiid
22021,203954,0022101161,2022-04-02,PHI vs. CHA,W,31,12,16,0.75,1,3,0.333,4,6,0.667,2,12,14,6,0,0,4,2,29,26,1,2021-22,Regular Season,203954,Joel Embiid
22021,203954,0022101170,2022-04-03,PHI @ CLE,W,38,12,26,0.462,3,6,0.5,17,20,0.85,4,13,17,3,1,5,3,1,44,16,1,2021-22,Regular Season,203954,Joel Embiid
22021,203954,0022101178,2022-04-05,PHI @ IND,W,39,18,30,0.6,2,3,0.667,7,10,0.7,2,11,13,2,0,1,3,1,45,20,1,2021-22,Regular Season,203954,Joel Embiid
22021,203954,0022101197,2022-04-07,PHI @ TOR,L,37,10,22,0.455,0,4,0.0,10,12,0.833,0,10,10,2,1,1,5,2,30,8,1,2021-22,Regular Season,203954,Joel Embiid
22021,203954,0022101214,2022-04-09,PHI vs. IND,W,37,14,17,0.824,2,2,1.0,11,15,0.733,5,15,20,4,2,1,5,4,41,11,1,2021-22,Regular Season,203954,Joel Embiid
42021,203954,0042100131,2022-04-16,PHI vs. TOR,W,37,5,15,0.333,0,2,0.0,9,11,0.818,4,11,15,4,0,1,0,5,19,16,1,2021-22,Playoffs,203954,Joel Embiid
42021,203954,0042100132,2022-04-18,PHI vs. TOR,W,37,9,16,0.563,1,2,0.5,12,14,0.857,2,9,11,0,0,0,4,2,31,7,1,2021-22,Playoffs,203954,Joel Embiid
42021,203954,0042100133,2022-04-20,PHI @ TOR,W,44,12,20,0.6,3,8,0.375,6,9,0.667,1,12,13,2,0,1,6,3,33,8,1,2021-22,Playoffs,203954,Joel Embiid
42021,203954,0042100134,2022-04-23,PHI @ TOR,L,39,7,16,0.438,0,1,0.0,7,9,0.778,2,6,8,3,0,0,5,4,21,-5,1,2021-22,Playoffs,203954,Joel Embiid
42021,203954,0042100135,2022-04-25,PHI vs. TOR,L,40,7,15,0.467,0,4,0.0,6,6,1.0,1,10,11,4,0,0,4,5,20,-4,1,2021-22,Playoffs,203954,Joel Embiid
42021,203954,0042100136,2022-04-28,PHI @ TOR,W,36,12,18,0.667,0,4,0.0,9,10,0.9,3,7,10,1,2,3,1,3,33,28,1,2021-22,Playoffs,203954,Joel Embiid
42021,203954,0042100203,2022-05-06,PHI vs. MIA,W,36,5,12,0.417,0,0,0.0,8,10,0.8,1,10,11,1,1,1,4,4,18,8,1,2021-22,Playoffs,203954,Joel Embiid
42021,203954,0042100204,2022-05-08,PHI vs. MIA,W,38,7,13,0.538,1,3,0.333,9,13,0.692,2,9,11,2,0,1,4,4,24,5,1,2021-22,Playoffs,203954,Joel Embiid
42021,203954,0042100205,2022-05-10,PHI @ MIA,L,33,7,12,0.583,0,1,0.0,3,3,1.0,1,4,5,2,1,0,2,1,17,-29,1,2021-22,Playoffs,203954,Joel Embiid
42021,203954,0042100206,2022-05-12,PHI vs. MIA,L,44,7,24,0.292,2,8,0.25,4,4,1.0,4,8,12,2,0,1,2,3,20,-6,1,2021-22,Playoffs,203954,Joel Embiid
22021,203999,0022100012,2021-10-20,DEN @ PHX,W,35,13,22,0.591,1,6,0.167,0,0,0.0,2,11,13,2,2,0,3,3,27,28,1,2021-22,Regular Season,203999,Nikola Jokić
22021,203999,0022100024,2021-10-22,DEN vs. SAS,W,34,14,19,0.737,2,2,1.0,2,3,0.667,5,11,16,7,3,1,6,4,32,14,1,2021-22,Regular Season,203999,Nikola Jokić
22021,203999,0022100048,2021-10-25,DEN vs. CLE,L,35,9,15,0.6,1,4,0.25,5,6,0.833,3,16,19,3,3,0,6,3,24,-12,1,2021-22,Regular Season,203999,Nikola Jokić
22021,203999,0022100054,2021-10-26,DEN @ UTA,L,15,8,9,0.889,3,3,1.0,5,7,0.714,1,5,6,6,0,0,1,1,24,7,1,2021-22,Regular Season,203999,Nikola Jokić
22021,203999,0022100075,2021-10-29,DEN vs. DAL,W,25,5,9,0.556,1,3,0.333,0,0,0.0,2,14,16,8,1,0,1,4,11,26,1,2021-22,Regular Season,203999,Nikola Jokić
22021,203999,0022100087,2021-10-30,DEN @ MIN,W,37,10,23,0.435,3,8,0.375,3,4,0.75,5,14,19,7,1,2,7,2,26,17,1,2021-22,Regular Season,203999,Nikola Jokić
22021,203999,0022100100,2021-11-01,DEN @ MEM,L,33,9,15,0.6,2,6,0.333,3,4,0.75,1,6,7,7,0,4,3,2,23,0,1,2021-22,Regular Season,203999,Nikola Jokić
22021,203999,0022100114,2021-11-03,DEN @ MEM,L,35,11,20,0.55,2,5,0.4,10,10,1.0,2,9,11,5,2,0,2,3,34,-3,1,2021-22,Regular Season,203999,Nikola Jokić
22021,203999,0022100133,2021-11-06,DEN vs. HOU,W,36,9,15,0.6,1,3,0.333,9,11,0.818,2,12,14,2,2,1,5,5,28,7,1,2021-22,Regular Season,203999,Nikola Jokić
22021,203999,0022100151,2021-11-08,DEN vs. MIA,W,33,10,14,0.714,0,0,0.0,5,8,0.625,4,11,15,10,2,2,2,3,25,14,1,2021-22,Regular Season,203999,Nikola Jokić
22021,203999,0022100182,2021-11-12,DEN vs. ATL,W,35,10,22,0.455,1,8,0.125,1,4,0.25,5,14,19,10,1,0,2,5,22,19,1,2021-22,Regular Season,203999,Nikola Jokić
22021,203999,0022100197,2021-11-14,DEN vs. POR,W,28,11,17,0.647,3,3,1.0,3,3,1.0,2,7,9,9,0,0,3,2,28,9,1,2021-22,Regular Season,203999,Nikola Jokić
22021,203999,0022100204,2021-11-15,DEN @ DAL,L,37,15,26,0.577,2,6,0.333,3,6,0.5,3,13,16,6,0,2,3,1,35,-1,1,2021-22,Regular Season,203999,Nikola Jokić
22021,203999,0022100228,2021-11-18,DEN vs. PHI,L,35,10,17,0.588,3,4,0.75,7,9,0.778,1,9,10,7,0,1,1,3,30,-5,1,2021-22,Regular Season,203999,Nikola Jokić
22021,203999,0022100306,2021-11-29,DEN @ MIA,W,33,9,14,0.643,1,2,0.5,5,6,0.833,3,12,15,7,1,0,1,2,24,17,1,2021-22,Regular Season,203999,Nikola Jokić
22021,203999,0022100320,2021-12-01,DEN @ ORL,L,36,7,19,0.368,0,5,0.0,4,5,0.8,1,14,15,7,1,0,5,1,18,2,1,2021-22,Regular Season,203999,Nikola Jokić
22021,203999,0022100342,2021-12-04,DEN @ NYK,W,27,14,19,0.737,3,7,0.429,1,1,1.0,3,8,11,5,0,0,4,0,32,12,1,2021-22,Regular Season,203999,Nikola Jokić
22021,203999,0022100357,2021-12-06,DEN @ CHI,L,36,6,17,0.353,1,5,0.2,4,6,0.667,1,11,12,15,2,0,3,2,17,7,1,2021-22,Regular Season,203999,Nikola Jokić
22021,203999,0022100375,2021-12-08,DEN @ NOP,W,37,17,23,0.739,0,3,0.0,5,9,0.556,1,10,11,11,1,0,6,2,39,4,1,2021-22,Regular Season,203999,Nikola Jokić
22021,203999,0022100381,2021-12-09,DEN @ SAS,L,35,8,19,0.421,2,8,0.25,4,4,1.0,2,11,13,10,2,1,2,3,22,-5,1,2021-22,Regular Season,203999,Nikola Jokić
22021,203999,0022100397,2021-12-11,DEN @ SAS,W,34,15,24,0.625,4,6,0.667,1,1,1.0,2,15,17,8,1,2,5,3,35,32,1,2021-22,Regular Season,203999,Nikola Jokić
22021,203999,0022100411,2021-12-13,DEN vs. WAS,W,31,9,14,0.643,1,2,0.5,9,11,0.818,2,17,19,9,3,1,4,0,28,21,1,2021-22,Regular Season,203999,Nikola Jokić
22021,203999,0022100424,2021-12-15,DEN vs. MIN,L,35,11,16,0.688,2,4,0.5,3,5,0.6,2,8,10,11,1,0,4,4,27,-17,1,2021-22,Regular Season,203999,Nikola Jokić
22021,203999,0022100434,2021-12-17,DEN @ ATL,W,26,8,12,0.667,1,2,0.5,3,3,1.0,2,8,10,7,3,0,3,5,20,13,1,2021-22,Regular Season,203999,Nikola Jokić
22021,203999,0022100474,2021-12-22,DEN @ OKC,L,25,5,9,0.556,1,4,0.25,2,2,1.0,0,7,7,3,0,2,3,0,13,-15,1,2021-22,Regular Season,203999,Nikola Jokić
22021,203999,0022100482,2021-12-23,DEN vs. CHA,L,35,13,34,0.382,1,6,0.167,2,3,0.667,6,15,21,5,2,0,6,0,29,2,1,2021-22,Regular Season,203999,Nikola Jokić
22021,203999,0022100500,2021-12-26,DEN @ LAC,W,38,9,24,0.375,1,3,0.333,7,7,1.0,6,16,22,8,2,2,4,4,26,-7,1,2021-22,Regular Season,203999,Nikola Jokić
22021,203999,0022100514,2021-12-28,DEN @ GSW,W,35,8,19,0.421,0,5,0.0,6,8,0.75,5,14,19,5,4,1,8,2,22,6,1,2021-22,Regular Season,203999,Nikola Jokić
22021,203999,0022100543,2022-01-01,DEN @ HOU,W,25,8,12,0.667,1,2,0.5,7,9,0.778,1,10,11,3,0,1,4,4,24,7,1,2021-22,Regular Season,203999,Nikola Jokić
22021,203999,0022100558,2022-01-03,DEN @ DAL,L,35,11,18,0.611,1,4,0.25,4,4,1.0,4,12,16,3,2,0,3,3,27,-6,1,2021-22,Regular Season,203999,Nikola Jokić
22021,203999,0022100575,2022-01-05,DEN vs. UTA,L,37,10,17,0.588,1,3,0.333,5,6,0.833,2,19,21,11,0,2,5,2,26,-1,1,2021-22,Regular Season,203999,Nikola Jokić
22021,203999,0022100588,2022-01-07,DEN vs. SAC,W,34,13,20,0.65,3,6,0.5,4,8,0.5,1,9,10,7,2,2,2,3,33,0,1,2021-22,Regular Season,203999,Nikola Jokić
22021,203999,0022100601,2022-01-09,DEN @ OKC,W,33,8,21,0.381,1,3,0.333,5,5,1.0,8,10,18,6,1,0,2,0,22,10,1,2021-22,Regular Season,203999,Nikola Jokić
22021,203999,0022100616,2022-01-11,DEN @ LAC,L,37,9,14,0.643,1,3,0.333,2,2,1.0,5,8,13,8,1,0,5,2,21,6,1,2021-22,Regular Season,203999,Nikola Jokić
22021,203999,0022100631,2022-01-13,DEN vs. POR,W,28,8,10,0.8,1,2,0.5,3,3,1.0,0,8,8,7,0,2,3,2,20,18,1,2021-22,Regular Season,203999,Nikola Jokić
22021,203999,0022100649,2022-01-15,DEN vs. LAL,W,28,7,12,0.583,1,2,0.5,2,2,1.0,2,10,12,13,1,0,3,1,17,16,1,2021-22,Regular Season,203999,Nikola Jokić
22021,203999,0022100653,2022-01-16,DEN vs. UTA,L,37,10,18,0.556,2,5,0.4,3,3,1.0,3,12,15,14,2,0,3,5,25,5,1,2021-22,Regular Season,203999,Nikola Jokić
22021,203999,0022100678,2022-01-19,DEN vs. LAC,W,41,16,25,0.64,3,5,0.6,14,16,0.875,7,7,14,10,3,1,5,4,49,15,1,2021-22,Regular Season,203999,Nikola Jokić
22021,203999,0022100692,2022-01-21,DEN vs. MEM,L,40,11,16,0.688,2,4,0.5,2,3,0.667,3,8,11,12,2,1,0,3,26,0,1,2021-22,Regular Season,203999,Nikola Jokić
22021,203999,0022100707,2022-01-23,DEN vs. DET,W,36,12,19,0.632,1,6,0.167,9,10,0.9,2,7,9,8,2,1,3,1,34,13,1,2021-22,Regular Season,203999,Nikola Jokić
22021,203999,0022100714,2022-01-25,DEN @ DET,W,34,9,20,0.45,3,8,0.375,7,7,1.0,3,18,21,9,1,0,3,2,28,14,1,2021-22,Regular Season,203999,Nikola Jokić
22021,203999,0022100453,2022-01-26,DEN @ BKN,W,35,8,13,0.615,2,2,1.0,8,8,1.0,2,8,10,8,1,0,2,5,26,6,1,2021-22,Regular Season,203999,Nikola Jokić
22021,203999,0022100729,2022-01-28,DEN @ NOP,W,30,11,19,0.579,3,6,0.5,4,4,1.0,3,10,13,10,2,0,6,5,29,15,1,2021-22,Regular Season,203999,Nikola Jokić
22021,203999,0022100756,2022-01-30,DEN @ MIL,W,28,7,9,0.778,2,4,0.5,2,2,1.0,0,10,10,15,3,1,5,1,18,24,1,2021-22,Regular Season,203999,Nikola Jokić
22021,203999,0022100770,2022-02-01,DEN @ MIN,L,30,6,12,0.5,1,4,0.25,8,9,0.889,2,14,16,8,1,0,5,3,21,-7,1,2021-22,Regular Season,203999,Nikola Jokić
22021,203999,0022100794,2022-02-04,DEN vs. NOP,L,35,7,10,0.7,3,3,1.0,8,8,1.0,2,10,12,9,2,0,4,4,25,-6,1,2021-22,Regular Season,203999,Nikola Jokić
22021,203999,0022100804,2022-02-06,DEN vs. BKN,W,30,12,15,0.8,0,2,0.0,3,4,0.75,1,11,12,10,2,1,2,1,27,27,1,2021-22,Regular Season,203999,Nikola Jokić
22021,203999,0022100821,2022-02-08,DEN vs. NYK,W,30,8,14,0.571,0,3,0.0,5,7,0.714,3,8,11,7,0,0,6,2,21,1,1,2021-22,Regular Season,203999,Nikola Jokić
22021,203999,0022100842,2022-02-11,DEN @ BOS,L,34,9,20,0.45,3,10,0.3,2,4,0.5,5,11,16,11,0,2,9,2,23,3,1,2021-22,Regular Season,203999,Nikola Jokić
22021,203999,0022100850,2022-02-12,DEN @ TOR,W,35,10,16,0.625,0,2,0.0,8,10,0.8,5,10,15,6,0,2,4,1,28,3,1,2021-22,Regular Season,203999,Nikola Jokić
22021,203999,0022100864,2022-02-14,DEN vs. ORL,W,35,10,26,0.385,3,9,0.333,3,3,1.0,5,10,15,7,1,0,5,2,26,7,1,2021-22,Regular Season,203999,Nikola Jokić
22021,203999,0022100883,2022-02-16,DEN @ GSW,W,34,13,24,0.542,3,5,0.6,6,9,0.667,5,12,17,8,1,0,5,3,35,6,1,2021-22,Regular Season,203999,Nikola Jokić
22021,203999,0022100895,2022-02-24,DEN @ SAC,W,34,9,15,0.6,2,4,0.5,5,7,0.714,1,11,12,9,4,1,2,3,25,17,1,2021-22,Regular Season,203999,Nikola Jokić
22021,203999,0022100911,2022-02-26,DEN vs. SAC,W,34,6,16,0.375,0,5,0.0,6,8,0.75,2,8,10,11,0,0,2,5,18,-5,1,2021-22,Regular Season,203999,Nikola Jokić
22021,203999,0022100918,2022-02-27,DEN @ POR,W,26,3,5,0.6,0,1,0.0,2,2,1.0,1,17,18,11,1,0,2,2,8,6,1,2021-22,Regular Season,203999,Nikola Jokić
22021,203999,0022100938,2022-03-02,DEN vs. OKC,L,33,10,17,0.588,0,4,0.0,2,2,1.0,4,12,16,4,2,0,6,2,22,-27,1,2021-22,Regular Season,203999,Nikola Jokić
22021,203999,0022100967,2022-03-06,DEN vs. NOP,W,43,16,22,0.727,3,5,0.6,11,12,0.917,3,9,12,11,3,4,5,3,46,22,1,2021-22,Regular Season,203999,Nikola Jokić
22021,203999,0022100528,2022-03-07,DEN vs. GSW,W,35,12,17,0.706,0,0,0.0,8,14,0.571,3,12,15,13,0,1,3,3,32,14,1,2021-22,Regular Season,203999,Nikola Jokić
22021,203999,0022100991,2022-03-09,DEN @ SAC,W,35,15,24,0.625,0,2,0.0,8,9,0.889,3,15,18,7,1,2,3,4,38,6,1,2021-22,Regular Season,203999,Nikola Jokić
22021,203999,0022100994,2022-03-10,DEN vs. GSW,L,32,9,21,0.429,0,8,0.0,5,6,0.833,1,11,12,9,1,1,5,4,23,-7,1,2021-22,Regular Season,203999,Nikola Jokić
22021,203999,0022101009,2022-03-12,DEN vs. TOR,L,31,9,13,0.692,0,0,0.0,8,9,0.889,4,6,10,7,0,2,3,2,26,-4,1,2021-22,Regular Season,203999,Nikola Jokić
22021,203999,0022101022,2022-03-14,DEN @ PHI,W,34,8,16,0.5,1,3,0.333,5,7,0.714,1,12,13,8,2,2,5,1,22,-9,1,2021-22,Regular Season,203999,Nikola Jokić
22021,203999,0022101035,2022-03-16,DEN @ WAS,W,26,10,14,0.714,2,2,1.0,7,7,1.0,2,11,13,8,2,1,3,2,29,16,1,2021-22,Regular Season,203999,Nikola Jokić
22021,203999,0022101049,2022-03-18,DEN @ CLE,L,38,15,24,0.625,0,4,0.0,2,2,1.0,5,5,10,8,2,1,4,3,32,-16,1,2021-22,Regular Season,203999,Nikola Jokić
22021,203999,0022101068,2022-03-20,DEN vs. BOS,L,33,8,23,0.348,2,6,0.333,5,6,0.833,4,4,8,4,1,1,2,2,23,-21,1,2021-22,Regular Season,203999,Nikola Jokić
22021,203999,0022101083,2022-03-22,DEN vs. LAC,W,34,9,15,0.6,0,2,0.0,12,13,0.923,1,13,14,6,2,3,1,5,30,10,1,2021-22,Regular Season,203999,Nikola Jokić
22021,203999,0022101099,2022-03-24,DEN vs. PHX,L,32,9,10,0.9,1,2,0.5,9,11,0.818,2,4,6,6,3,0,8,2,28,-15,1,2021-22,Regular Season,203999,Nikola Jokić
22021,203999,0022101113,2022-03-26,DEN vs. OKC,W,35,13,15,0.867,0,1,0.0,9,10,0.9,2,10,12,8,2,2,3,4,35,19,1,2021-22,Regular Season,203999,Nikola Jokić
22021,203999,0022101122,2022-03-28,DEN @ CHA,W,35,9,17,0.529,0,0,0.0,8,12,0.667,5,14,19,11,2,0,4,1,26,21,1,2021-22,Regular Season,203999,Nikola Jokić
22021,203999,0022101137,2022-03-30,DEN @ IND,W,36,15,19,0.789,0,0,0.0,7,8,0.875,3,10,13,9,2,1,7,3,37,11,1,2021-22,Regular Season,203999,Nikola Jokić
22021,203999,0022101159,2022-04-01,DEN vs. MIN,L,43,14,21,0.667,0,2,0.0,10,12,0.833,5,14,19,8,1,0,4,2,38,7,1,2021-22,Regular Season,203999,Nikola Jokić
22021,203999,0022101168,2022-04-03,DEN @ LAL,W,33,15,22,0.682,0,3,0.0,8,11,0.727,1,17,18,6,2,2,7,3,38,7,1,2021-22,Regular Season,203999,Nikola Jokić
22021,203999,0022101186,2022-04-05,DEN vs. SAS,L,40,18,35,0.514,1,5,0.2,4,6,0.667,2,15,17,4,2,0,2,3,41,-11,1,2021-22,Regular Season,203999,Nikola Jokić
22021,203999,0022101201,2022-04-07,DEN vs. MEM,W,35,16,24,0.667,1,3,0.333,2,2,1.0,3,13,16,6,4,1,3,2,35,37,1,2021-22,Regular Season,203999,Nikola Jokić
42021,203999,0042100161,2022-04-16,DEN @ GSW,L,35,12,25,0.48,0,4,0.0,1,2,0.5,4,6,10,6,3,1,3,4,25,-19,1,2021-22,Playoffs,203999,Nikola Jokić
42021,203999,0042100162,2022-04-18,DEN @ GSW,L,28,9,20,0.45,0,4,0.0,8,8,1.0,5,6,11,4,1,2,3,5,26,-26,1,2021-22,Playoffs,203999,Nikola Jokić
42021,203999,0042100163,2022-04-21,DEN vs. GSW,L,38,14,22,0.636,2,3,0.667,7,9,0.778,4,14,18,5,3,0,5,3,37,3,1,2021-22,Playoffs,203999,Nikola Jokić
42021,203999,0042100164,2022-04-24,DEN vs. GSW,W,38,14,21,0.667,3,5,0.6,6,6,1.0,1,7,8,6,0,0,7,3,37,-2,1,2021-22,Playoffs,203999,Nikola Jokić
42021,203999,0042100165,2022-04-27,DEN @ GSW,L,32,12,18,0.667,0,2,0.0,6,8,0.75,3,16,19,8,1,2,6,5,30,0,1,2021-22,Playoffs,203999,Nikola Jokić
22021,203081,0022100013,2021-10-20,POR vs. SAC,L,40,8,24,0.333,0,9,0.0,4,5,0.8,0,6,6,11,1,0,1,3,20,-2,1,2021-22,Regular Season,203081,Damian Lillard
22021,203081,0022100033,2021-10-23,POR vs. PHX,W,24,6,11,0.545,2,7,0.286,5,5,1.0,0,1,1,8,0,0,2,1,19,18,1,2021-22,Regular Season,203081,Damian Lillard
22021,203081,0022100049,2021-10-25,POR @ LAC,L,28,4,15,0.267,0,8,0.0,4,4,1.0,1,2,3,3,0,0,4,2,12,-22,1,2021-22,Regular Season,203081,Damian Lillard
22021,203081,0022100063,2021-10-27,POR vs. MEM,W,32,6,22,0.273,4,11,0.364,4,4,1.0,0,3,3,10,1,0,2,0,20,16,1,2021-22,Regular Season,203081,Damian Lillard
22021,203081,0022100076,2021-10-29,POR vs. LAC,W,34,9,17,0.529,5,7,0.714,2,2,1.0,1,3,4,6,1,0,6,3,25,9,1,2021-22,Regular Season,203081,Damian Lillard
22021,203081,0022100090,2021-10-31,POR @ CHA,L,38,5,20,0.25,2,14,0.143,2,2,1.0,0,4,4,12,0,0,2,3,14,-6,1,2021-22,Regular Season,203081,Damian Lillard
22021,203081,0022100096,2021-11-01,POR @ PHI,L,36,7,20,0.35,2,9,0.222,4,5,0.8,1,6,7,10,0,0,3,2,20,-14,1,2021-22,Regular Season,203081,Damian Lillard
22021,203081,0022100108,2021-11-03,POR @ CLE,L,40,10,27,0.37,3,12,0.25,3,5,0.6,0,3,3,8,2,0,1,2,26,5,1,2021-22,Regular Season,203081,Damian Lillard
22021,203081,0022100131,2021-11-05,POR vs. IND,W,38,2,13,0.154,0,6,0.0,0,0,0.0,0,4,4,11,1,1,2,1,4,-4,1,2021-22,Regular Season,203081,Damian Lillard
22021,203081,0022100138,2021-11-06,POR vs. LAL,W,31,9,19,0.474,6,14,0.429,1,2,0.5,0,3,3,6,2,0,3,3,25,29,1,2021-22,Regular Season,203081,Damian Lillard
22021,203081,0022100157,2021-11-09,POR @ LAC,L,39,11,23,0.478,4,13,0.308,1,1,1.0,1,4,5,6,0,0,2,0,27,-5,1,2021-22,Regular Season,203081,Damian Lillard
22021,203081,0022100168,2021-11-10,POR @ PHX,L,38,12,23,0.522,1,4,0.25,3,4,0.75,0,7,7,7,0,0,2,0,28,-13,1,2021-22,Regular Season,203081,Damian Lillard
22021,203081,0022100177,2021-11-12,POR @ HOU,W,38,6,16,0.375,4,9,0.444,4,5,0.8,0,6,6,7,0,1,2,1,20,0,1,2021-22,Regular Season,203081,Damian Lillard
22021,203081,0022100208,2021-11-15,POR vs. TOR,W,40,10,21,0.476,3,6,0.5,1,1,1.0,2,2,4,8,2,1,3,0,24,7,1,2021-22,Regular Season,203081,Damian Lillard
22021,203081,0022100223,2021-11-17,POR vs. CHI,W,40,6,18,0.333,3,9,0.333,7,7,1.0,0,4,4,10,1,1,4,1,22,15,1,2021-22,Regular Season,203081,Damian Lillard
22021,203081,0022100246,2021-11-20,POR vs. PHI,W,37,10,21,0.476,5,13,0.385,14,14,1.0,0,0,0,7,0,3,4,1,39,9,1,2021-22,Regular Season,203081,Damian Lillard
22021,203081,0022100265,2021-11-23,POR vs. DEN,W,31,9,13,0.692,5,8,0.625,2,2,1.0,0,3,3,5,1,0,1,1,25,13,1,2021-22,Regular Season,203081,Damian Lillard
22021,203081,0022100279,2021-11-24,POR @ SAC,L,40,7,18,0.389,3,12,0.25,15,16,0.938,2,4,6,10,0,0,2,3,32,-1,1,2021-22,Regular Season,203081,Damian Lillard
22021,203081,0022100290,2021-11-26,POR @ GSW,L,38,5,15,0.333,2,7,0.286,4,4,1.0,0,0,0,6,1,0,4,1,16,-12,1,2021-22,Regular Season,203081,Damian Lillard
22021,203081,0022100312,2021-11-29,POR @ UTA,L,31,4,12,0.333,1,4,0.25,2,2,1.0,0,6,6,5,0,1,2,0,11,-11,1,2021-22,Regular Season,203081,Damian Lillard
22021,203081,0022100402,2021-12-12,POR vs. MIN,L,37,5,17,0.294,3,14,0.214,11,15,0.733,3,8,11,6,0,0,5,0,24,-8,1,2021-22,Regular Season,203081,Damian Lillard
22021,203081,0022100416,2021-12-14,POR vs. PHX,L,47,11,31,0.355,5,16,0.313,4,5,0.8,0,2,2,10,0,1,4,0,31,0,2,2021-22,Regular Season,203081,Damian Lillard
22021,203081,0022100426,2021-12-15,POR vs. MEM,L,38,6,21,0.286,5,11,0.455,4,4,1.0,1,4,5,4,1,1,3,2,21,13,1,2021-22,Regular Season,203081,Damian Lillard
22021,203081,0022100439,2021-12-17,POR vs. CHA,W,37,12,19,0.632,6,11,0.545,13,14,0.929,1,3,4,8,1,0,3,1,43,13,1,2021-22,Regular Season,203081,Damian Lillard
22021,203081,0022100450,2021-12-19,POR @ MEM,W,38,9,19,0.474,3,9,0.333,11,12,0.917,0,5,5,5,0,0,5,3,32,-7,1,2021-22,Regular Season,203081,Damian Lillard
22021,203081,0022100467,2021-12-21,POR @ NOP,L,40,13,24,0.542,6,11,0.545,7,8,0.875,0,2,2,7,1,0,1,0,39,2,1,2021-22,Regular Season,203081,Damian Lillard
22021,203081,0022100506,2021-12-27,POR vs. DAL,L,36,5,15,0.333,3,8,0.375,13,14,0.929,0,2,2,5,0,1,5,1,26,-28,1,2021-22,Regular Season,203081,Damian Lillard
22021,203081,0022100523,2021-12-29,POR vs. UTA,L,37,10,23,0.435,5,14,0.357,7,10,0.7,0,6,6,4,1,0,2,0,32,-22,1,2021-22,Regular Season,203081,Damian Lillard
22021,203081,0022100538,2021-12-31,POR @ LAL,L,32,5,15,0.333,1,8,0.125,7,9,0.778,0,4,4,7,0,0,3,2,18,-17,1,2021-22,Regular Season,203081,Damian Lillard
22021,203076,0022100002,2021-10-19,LAL vs. GSW,L,39,15,26,0.577,1,5,0.2,2,7,0.286,2,9,11,2,1,2,0,0,33,-2,1,2021-22,Regular Season,203076,Anthony Davis
22021,203076,0022100025,2021-10-22,LAL vs. PHX,L,38,6,18,0.333,0,1,0.0,10,11,0.909,5,9,14,3,1,2,2,3,22,-6,1,2021-22,Regular Season,203076,Anthony Davis
22021,203076,0022100040,2021-10-24,LAL vs. MEM,W,34,8,15,0.533,1,3,0.333,5,7,0.714,3,5,8,2,0,4,3,1,22,-5,1,2021-22,Regular Season,203076,Anthony Davis
22021,203076,0022100053,2021-10-26,LAL @ SAS,W,42,15,31,0.484,0,4,0.0,5,6,0.833,7,10,17,4,0,4,2,2,35,3,1,2021-22,Regular Season,203076,Anthony Davis
22021,203076,0022100061,2021-10-27,LAL @ OKC,L,37,12,22,0.545,0,1,0.0,6,7,0.857,4,4,8,2,1,0,2,1,30,-7,1,2021-22,Regular Season,203076,Anthony Davis
22021,203076,0022100077,2021-10-29,LAL vs. CLE,W,31,7,14,0.5,1,2,0.5,0,0,0.0,2,7,9,3,1,3,2,3,15,11,1,2021-22,Regular Season,203076,Anthony Davis
22021,203076,0022100093,2021-10-31,LAL vs. HOU,W,33,7,17,0.412,0,1,0.0,2,2,1.0,6,7,13,2,1,1,3,3,16,6,1,2021-22,Regular Season,203076,Anthony Davis
22021,203076,0022100107,2021-11-02,LAL vs. HOU,W,32,11,18,0.611,0,3,0.0,5,8,0.625,1,8,9,3,3,3,4,2,27,-1,1,2021-22,Regular Season,203076,Anthony Davis
22021,203076,0022100123,2021-11-04,LAL vs. OKC,L,38,11,20,0.55,0,1,0.0,7,9,0.778,6,12,18,5,1,2,3,4,29,-14,1,2021-22,Regular Season,203076,Anthony Davis
22021,203076,0022100138,2021-11-06,LAL @ POR,L,7,1,5,0.2,0,0,0.0,0,0,0.0,3,0,3,0,0,0,0,1,2,-11,1,2021-22,Regular Season,203076,Anthony Davis
22021,203076,0022100154,2021-11-08,LAL vs. CHA,W,44,13,25,0.52,0,3,0.0,6,8,0.75,2,10,12,4,3,5,4,4,32,-1,1,2021-22,Regular Season,203076,Anthony Davis
22021,203076,0022100170,2021-11-10,LAL vs. MIA,W,45,10,23,0.435,1,2,0.5,3,4,0.75,5,8,13,4,1,1,4,3,24,-4,1,2021-22,Regular Season,203076,Anthony Davis
22021,203076,0022100184,2021-11-12,LAL vs. MIN,L,31,7,13,0.538,0,1,0.0,8,10,0.8,2,6,8,2,3,3,2,4,22,-16,1,2021-22,Regular Season,203076,Anthony Davis
22021,203076,0022100192,2021-11-14,LAL vs. SAS,W,40,14,24,0.583,2,3,0.667,4,5,0.8,5,10,15,6,1,1,1,0,34,0,1,2021-22,Regular Season,203076,Anthony Davis
22021,203076,0022100209,2021-11-15,LAL vs. CHI,L,28,6,9,0.667,0,0,0.0,8,9,0.889,1,5,6,1,1,0,4,1,20,-22,1,2021-22,Regular Season,203076,Anthony Davis
22021,203076,0022100219,2021-11-17,LAL @ MIL,L,37,9,15,0.6,0,1,0.0,0,0,0.0,2,7,9,4,0,2,1,4,18,5,1,2021-22,Regular Season,203076,Anthony Davis
22021,203076,0022100232,2021-11-19,LAL @ BOS,L,37,12,21,0.571,0,3,0.0,7,9,0.778,1,5,6,2,0,3,1,2,31,-14,1,2021-22,Regular Season,203076,Anthony Davis
22021,203076,0022100249,2021-11-21,LAL @ DET,W,40,11,19,0.579,0,1,0.0,8,10,0.8,1,9,10,6,4,5,2,4,30,5,1,2021-22,Regular Season,203076,Anthony Davis
22021,203076,0022100264,2021-11-23,LAL @ NYK,L,34,7,17,0.412,1,2,0.5,5,11,0.455,3,3,6,3,0,0,0,1,20,8,1,2021-22,Regular Season,203076,Anthony Davis
22021,203076,0022100291,2021-11-26,LAL vs. SAC,L,49,9,22,0.409,0,5,0.0,5,8,0.625,1,7,8,4,3,4,2,5,23,-16,1,2021-22,Regular Season,203076,Anthony Davis
22021,203076,0022100304,2021-11-28,LAL vs. DET,W,38,10,15,0.667,2,2,1.0,2,3,0.667,0,10,10,2,2,3,1,1,24,4,1,2021-22,Regular Season,203076,Anthony Davis
22021,203076,0022100318,2021-11-30,LAL @ SAC,W,35,12,22,0.545,0,2,0.0,1,2,0.5,2,5,7,3,2,2,1,2,25,10,1,2021-22,Regular Season,203076,Anthony Davis
22021,203076,0022100341,2021-12-03,LAL vs. LAC,L,36,10,15,0.667,0,2,0.0,7,11,0.636,5,5,10,4,0,1,2,2,27,-9,1,2021-22,Regular Season,203076,Anthony Davis
22021,203076,0022100365,2021-12-07,LAL vs. BOS,W,35,7,13,0.538,0,0,0.0,3,4,0.75,4,12,16,3,2,2,3,3,17,17,1,2021-22,Regular Season,203076,Anthony Davis
22021,203076,0022100380,2021-12-09,LAL @ MEM,L,38,9,18,0.5,1,4,0.25,3,4,0.75,1,7,8,1,1,1,2,1,22,-2,1,2021-22,Regular Season,203076,Anthony Davis
22021,203076,0022100420,2021-12-15,LAL @ DAL,W,39,8,18,0.444,0,3,0.0,4,5,0.8,0,12,12,2,0,0,6,4,20,21,1,2021-22,Regular Season,203076,Anthony Davis
22021,203076,0022100436,2021-12-17,LAL @ MIN,L,20,4,7,0.571,0,1,0.0,1,1,1.0,0,1,1,0,0,1,3,2,9,-8,1,2021-22,Regular Season,203076,Anthony Davis
22021,203076,0022100718,2022-01-25,LAL @ BKN,W,25,3,8,0.375,0,1,0.0,2,2,1.0,1,1,2,2,1,4,1,4,8,-1,1,2021-22,Regular Season,203076,Anthony Davis
22021,203076,0022100733,2022-01-27,LAL @ PHI,L,34,14,21,0.667,0,1,0.0,3,3,1.0,3,9,12,1,2,4,3,4,31,-7,1,2021-22,Regular Season,203076,Anthony Davis
22021,203076,0022100751,2022-01-30,LAL @ ATL,L,38,10,20,0.5,1,3,0.333,6,9,0.667,2,3,5,4,2,1,3,4,27,2,1,2021-22,Regular Season,203076,Anthony Davis
22021,203076,0022100781,2022-02-02,LAL vs. POR,W,37,10,18,0.556,0,0,0.0,10,14,0.714,3,12,15,2,0,3,3,5,30,2,1,2021-22,Regular Season,203076,Anthony Davis
22021,203076,0022100786,2022-02-03,LAL @ LAC,L,38,12,24,0.5,0,2,0.0,6,7,0.857,7,10,17,2,2,2,1,2,30,-6,1,2021-22,Regular Season,203076,Anthony Davis
22021,203076,0022100799,2022-02-05,LAL vs. NYK,W,41,13,19,0.684,0,0,0.0,2,5,0.4,7,10,17,3,3,4,2,3,28,9,1,2021-22,Regular Season,203076,Anthony Davis
22021,203076,0022100822,2022-02-08,LAL vs. MIL,L,37,8,10,0.8,0,0,0.0,6,10,0.6,4,5,9,4,1,3,1,2,22,-8,1,2021-22,Regular Season,203076,Anthony Davis
22021,203076,0022100829,2022-02-09,LAL @ POR,L,41,8,11,0.727,0,1,0.0,1,4,0.25,0,7,7,6,1,5,2,2,17,-1,1,2021-22,Regular Season,203076,Anthony Davis
22021,203076,0022100854,2022-02-12,LAL @ GSW,L,35,5,13,0.385,0,1,0.0,6,10,0.6,2,5,7,4,0,3,0,3,16,-6,1,2021-22,Regular Season,203076,Anthony Davis
22021,203076,0022100884,2022-02-16,LAL vs. UTA,W,17,7,9,0.778,1,1,1.0,2,2,1.0,1,1,2,2,1,2,0,1,17,-3,1,2021-22,Regular Season,203076,Anthony Davis
22021,203076,0022101160,2022-04-01,LAL vs. NOP,L,37,8,17,0.471,1,2,0.5,6,9,0.667,0,12,12,6,1,0,2,4,23,4,1,2021-22,Regular Season,203076,Anthony Davis
22021,203076,0022101168,2022-04-03,LAL vs. DEN,L,35,11,25,0.44,0,0,0.0,6,6,1.0,1,8,9,8,2,3,2,0,28,-10,1,2021-22,Regular Season,203076,Anthony Davis
22021,203076,0022101189,2022-04-05,LAL @ PHX,L,36,10,18,0.556,0,2,0.0,1,2,0.5,1,12,13,1,1,1,2,0,21,-19,1,2021-22,Regular Season,203076,Anthony Davis
22021,202710,0022100015,2021-10-21,MIA vs. MIL,W,29,6,10,0.6,0,0,0.0,9,11,0.818,1,3,4,6,1,0,1,3,21,27,1,2021-22,Regular Season,202710,Jimmy Butler III
22021,202710,0022100028,2021-10-23,MIA @ IND,L,40,7,22,0.318,1,3,0.333,4,5,0.8,3,3,6,6,3,0,4,4,19,-5,1,2021-22,Regular Season,202710,Jimmy Butler III
22021,202710,0022100045,2021-10-25,MIA vs. ORL,W,33,15,21,0.714,0,0,0.0,6,6,1.0,0,3,3,2,5,0,1,2,36,8,1,2021-22,Regular Season,202710,Jimmy Butler III
22021,202710,0022100057,2021-10-27,MIA @ BKN,W,37,6,18,0.333,0,0,0.0,5,6,0.833,4,10,14,7,4,1,3,3,17,12,1,2021-22,Regular Season,202710,Jimmy Butler III
22021,202710,0022100073,2021-10-29,MIA vs. CHA,W,36,12,19,0.632,1,3,0.333,7,7,1.0,5,5,10,5,1,1,4,3,32,-1,1,2021-22,Regular Season,202710,Jimmy Butler III
22021,202710,0022100084,2021-10-30,MIA @ MEM,W,30,8,12,0.667,1,2,0.5,10,11,0.909,0,5,5,7,3,0,1,0,27,22,1,2021-22,Regular Season,202710,Jimmy Butler III
22021,202710,0022100104,2021-11-02,MIA @ DAL,W,33,4,11,0.364,0,1,0.0,15,17,0.882,2,4,6,6,3,1,1,4,23,14,1,2021-22,Regular Season,202710,Jimmy Butler III
22021,202710,0022100121,2021-11-04,MIA vs. BOS,L,38,8,18,0.444,0,4,0.0,4,8,0.5,3,1,4,2,1,0,2,3,20,-10,1,2021-22,Regular Season,202710,Jimmy Butler III
22021,202710,0022100134,2021-11-06,MIA vs. UTA,W,36,11,15,0.733,0,0,0.0,5,6,0.833,0,3,3,6,0,0,3,0,27,-12,1,2021-22,Regular Season,202710,Jimmy Butler III
22021,202710,0022100151,2021-11-08,MIA @ DEN,L,38,10,18,0.556,2,3,0.667,9,11,0.818,1,4,5,8,0,1,1,0,31,-5,1,2021-22,Regular Season,202710,Jimmy Butler III
22021,202710,0022100170,2021-11-10,MIA @ LAL,L,12,1,3,0.333,0,1,0.0,5,5,1.0,0,0,0,1,2,0,0,0,7,-3,1,2021-22,Regular Season,202710,Jimmy Butler III
22021,202710,0022100217,2021-11-17,MIA vs. NOP,W,37,10,18,0.556,1,2,0.5,10,12,0.833,2,8,10,10,0,1,3,1,31,9,1,2021-22,Regular Season,202710,Jimmy Butler III
22021,202710,0022100225,2021-11-18,MIA vs. WAS,W,34,11,19,0.579,0,1,0.0,10,10,1.0,1,2,3,5,4,0,1,0,32,11,1,2021-22,Regular Season,202710,Jimmy Butler III
22021,202710,0022100241,2021-11-20,MIA @ WAS,L,38,11,19,0.579,0,2,0.0,7,9,0.778,0,5,5,4,2,0,1,1,29,1,1,2021-22,Regular Season,202710,Jimmy Butler III
22021,202710,0022100263,2021-11-23,MIA @ DET,W,35,4,13,0.308,0,1,0.0,7,9,0.778,4,5,9,5,1,0,3,2,15,-7,1,2021-22,Regular Season,202710,Jimmy Butler III
22021,202710,0022100274,2021-11-24,MIA @ MIN,L,39,5,9,0.556,0,3,0.0,6,7,0.857,0,8,8,5,1,0,3,1,16,-16,1,2021-22,Regular Season,202710,Jimmy Butler III
22021,202710,0022100296,2021-11-27,MIA @ CHI,W,36,6,15,0.4,0,4,0.0,6,7,0.857,1,3,4,5,5,0,1,2,18,0,1,2021-22,Regular Season,202710,Jimmy Butler III
22021,202710,0022100356,2021-12-06,MIA vs. MEM,L,25,4,13,0.308,0,1,0.0,2,2,1.0,2,3,5,4,3,0,2,0,10,-8,1,2021-22,Regular Season,202710,Jimmy Butler III
22021,202710,0022100493,2021-12-26,MIA vs. ORL,W,35,5,14,0.357,0,1,0.0,7,9,0.778,6,5,11,5,3,0,2,1,17,16,1,2021-22,Regular Season,202710,Jimmy Butler III
22021,202710,0022100509,2021-12-28,MIA vs. WAS,W,36,8,16,0.5,0,0,0.0,9,9,1.0,2,6,8,15,2,2,4,1,25,7,1,2021-22,Regular Season,202710,Jimmy Butler III
22021,202710,0022100532,2021-12-31,MIA @ HOU,W,35,12,21,0.571,2,3,0.667,11,11,1.0,0,1,1,2,1,2,0,0,37,6,1,2021-22,Regular Season,202710,Jimmy Butler III
22021,202710,0022100548,2022-01-02,MIA @ SAC,L,36,9,22,0.409,1,6,0.167,2,2,1.0,3,3,6,5,0,0,2,0,21,-12,1,2021-22,Regular Season,202710,Jimmy Butler III
22021,202710,0022100559,2022-01-03,MIA @ GSW,L,28,7,14,0.5,2,3,0.667,6,6,1.0,3,2,5,3,0,0,2,0,22,-13,1,2021-22,Regular Season,202710,Jimmy Butler III
22021,202710,0022100636,2022-01-14,MIA vs. ATL,W,33,7,13,0.538,0,0,0.0,9,9,1.0,1,2,3,10,2,1,2,2,23,19,1,2021-22,Regular Season,202710,Jimmy Butler III
22021,202710,0022100645,2022-01-15,MIA vs. PHI,L,35,1,11,0.091,0,2,0.0,6,7,0.857,2,3,5,9,2,1,1,1,8,1,1,2021-22,Regular Season,202710,Jimmy Butler III
22021,202710,0022100662,2022-01-17,MIA vs. TOR,W,36,6,14,0.429,0,1,0.0,7,8,0.875,3,7,10,10,1,0,3,0,19,13,1,2021-22,Regular Season,202710,Jimmy Butler III
22021,202710,0022100672,2022-01-19,MIA vs. POR,W,15,1,4,0.25,0,0,0.0,2,2,1.0,1,2,3,3,0,0,2,0,4,-5,1,2021-22,Regular Season,202710,Jimmy Butler III
22021,202710,0022100687,2022-01-21,MIA @ ATL,L,36,5,14,0.357,1,3,0.333,2,2,1.0,1,7,8,8,2,0,2,1,13,2,1,2021-22,Regular Season,202710,Jimmy Butler III
22021,202710,0022100700,2022-01-23,MIA vs. LAL,W,39,7,18,0.389,1,4,0.25,5,5,1.0,0,10,10,12,2,1,1,1,20,-6,1,2021-22,Regular Season,202710,Jimmy Butler III
22021,202710,0022100727,2022-01-26,MIA vs. NYK,W,29,7,8,0.875,0,1,0.0,8,9,0.889,2,4,6,5,2,0,4,4,22,26,1,2021-22,Regular Season,202710,Jimmy Butler III
22021,202710,0022100738,2022-01-28,MIA vs. LAC,W,37,5,12,0.417,0,1,0.0,16,16,1.0,2,4,6,9,3,1,1,2,26,12,1,2021-22,Regular Season,202710,Jimmy Butler III
22021,202710,0022100748,2022-01-29,MIA vs. TOR,L,52,14,25,0.56,1,5,0.2,8,11,0.727,4,9,13,10,3,2,5,3,37,1,1,2021-22,Regular Season,202710,Jimmy Butler III
22021,202710,0022100784,2022-02-01,MIA @ TOR,L,40,3,10,0.3,0,3,0.0,10,10,1.0,2,6,8,12,2,0,3,1,16,0,1,2021-22,Regular Season,202710,Jimmy Butler III
22021,202710,0022100521,2022-02-03,MIA @ SAS,W,25,7,14,0.5,0,1,0.0,3,3,1.0,3,4,7,3,0,0,0,3,17,6,1,2021-22,Regular Season,202710,Jimmy Butler III
22021,202710,0022100797,2022-02-05,MIA @ CHA,W,29,10,13,0.769,0,1,0.0,7,7,1.0,2,4,6,4,0,1,2,1,27,19,1,2021-22,Regular Season,202710,Jimmy Butler III
22021,202710,0022100811,2022-02-07,MIA @ WAS,W,30,7,13,0.538,0,0,0.0,5,6,0.833,1,2,3,4,1,0,4,2,19,21,1,2021-22,Regular Season,202710,Jimmy Butler III
22021,202710,0022100833,2022-02-10,MIA @ NOP,W,36,9,16,0.563,0,1,0.0,11,11,1.0,2,6,8,3,4,1,3,1,29,15,1,2021-22,Regular Season,202710,Jimmy Butler III
22021,202710,0022100851,2022-02-12,MIA vs. BKN,W,34,4,11,0.364,0,1,0.0,5,6,0.833,3,3,6,3,0,0,3,2,13,7,1,2021-22,Regular Season,202710,Jimmy Butler III
22021,202710,0022100868,2022-02-15,MIA vs. DAL,L,38,8,18,0.444,0,2,0.0,13,14,0.929,4,6,10,3,0,0,2,2,29,4,1,2021-22,Regular Season,202710,Jimmy Butler III
22021,202710,0022100885,2022-02-17,MIA @ CHA,W,51,5,24,0.208,1,8,0.125,4,4,1.0,2,8,10,8,1,2,4,3,15,23,1,2021-22,Regular Season,202710,Jimmy Butler III
22021,202710,0022100900,2022-02-25,MIA @ NYK,W,34,9,20,0.45,0,0,0.0,5,9,0.556,1,1,2,2,2,0,1,3,23,-4,1,2021-22,Regular Season,202710,Jimmy Butler III
22021,202710,0022100908,2022-02-26,MIA vs. SAS,W,30,7,11,0.636,1,2,0.5,12,15,0.8,0,3,3,3,2,0,3,2,27,-3,1,2021-22,Regular Season,202710,Jimmy Butler III
22021,202710,0022100922,2022-02-28,MIA vs. CHI,W,29,4,13,0.308,0,1,0.0,7,10,0.7,2,5,7,4,4,0,2,1,15,18,1,2021-22,Regular Season,202710,Jimmy Butler III
22021,202710,0022100936,2022-03-02,MIA @ MIL,L,35,2,14,0.143,0,3,0.0,2,2,1.0,1,2,3,2,0,2,1,1,6,-21,1,2021-22,Regular Season,202710,Jimmy Butler III
22021,202710,0022100956,2022-03-05,MIA vs. PHI,W,33,6,15,0.4,1,2,0.5,8,11,0.727,2,2,4,5,2,1,4,3,21,13,1,2021-22,Regular Season,202710,Jimmy Butler III
22021,202710,0022100970,2022-03-07,MIA vs. HOU,W,29,7,11,0.636,0,0,0.0,7,9,0.778,2,5,7,4,1,1,2,0,21,15,1,2021-22,Regular Season,202710,Jimmy Butler III
22021,202710,0022100998,2022-03-11,MIA vs. CLE,W,34,7,14,0.5,0,1,0.0,10,12,0.833,2,2,4,5,3,1,1,1,24,15,1,2021-22,Regular Season,202710,Jimmy Butler III
22021,202710,0022101031,2022-03-15,MIA vs. DET,W,18,2,9,0.222,0,2,0.0,4,4,1.0,1,1,2,3,0,1,0,0,8,13,1,2021-22,Regular Season,202710,Jimmy Butler III
22021,202710,0022101074,2022-03-21,MIA @ PHI,L,35,8,15,0.533,0,3,0.0,11,11,1.0,1,4,5,6,1,0,1,1,27,0,1,2021-22,Regular Season,202710,Jimmy Butler III
22021,202710,0022101088,2022-03-23,MIA vs. GSW,L,41,7,15,0.467,2,2,1.0,4,5,0.8,2,3,5,3,2,0,0,4,20,-11,1,2021-22,Regular Season,202710,Jimmy Butler III
22021,202710,0022101103,2022-03-25,MIA vs. NYK,L,37,11,17,0.647,1,2,0.5,7,8,0.875,3,4,7,7,1,1,4,1,30,-7,1,2021-22,Regular Season,202710,Jimmy Butler III
22021,202710,0022101111,2022-03-26,MIA vs. BKN,L,25,2,9,0.222,0,3,0.0,3,4,0.75,2,4,6,4,1,1,1,3,7,-26,1,2021-22,Regular Season,202710,Jimmy Butler III
22021,202710,0022101125,2022-03-28,MIA vs. SAC,W,34,10,14,0.714,3,5,0.6,4,4,1.0,1,4,5,7,0,0,3,0,27,4,1,2021-22,Regular Season,202710,Jimmy Butler III
22021,202710,0022101139,2022-03-30,MIA @ BOS,W,37,9,17,0.529,0,3,0.0,6,8,0.75,1,2,3,2,1,0,2,2,24,11,1,2021-22,Regular Season,202710,Jimmy Butler III
22021,202710,0022101164,2022-04-02,MIA @ CHI,W,35,7,12,0.583,2,3,0.667,6,7,0.857,2,5,7,6,1,0,2,3,22,17,1,2021-22,Regular Season,202710,Jimmy Butler III
22021,202710,0022101181,2022-04-05,MIA vs. CHA,W,36,9,15,0.6,2,4,0.5,7,8,0.875,0,5,5,8,2,0,3,1,27,15,1,2021-22,Regular Season,202710,Jimmy Butler III
22021,202710,0022101207,2022-04-08,MIA vs. ATL,W,37,5,10,0.5,0,2,0.0,10,12,0.833,1,3,4,1,1,0,4,2,20,-3,1,2021-22,Regular Season,202710,Jimmy Butler III
42021,202710,0042100101,2022-04-17,MIA vs. ATL,W,33,9,15,0.6,1,2,0.5,2,7,0.286,1,5,6,4,3,0,3,2,21,27,1,2021-22,Playoffs,202710,Jimmy Butler III
42021,202710,0042100102,2022-04-19,MIA vs. ATL,W,39,15,25,0.6,4,7,0.571,11,12,0.917,0,5,5,5,2,0,0,0,45,19,1,2021-22,Playoffs,202710,Jimmy Butler III
42021,202710,0042100103,2022-04-22,MIA @ ATL,L,41,8,20,0.4,1,5,0.2,3,3,1.0,4,6,10,8,2,1,2,0,20,-1,1,2021-22,Playoffs,202710,Jimmy Butler III
42021,202710,0042100104,2022-04-24,MIA @ ATL,W,36,12,21,0.571,1,2,0.5,11,12,0.917,3,7,10,4,4,1,0,1,36,14,1,2021-22,Playoffs,202710,Jimmy Butler III
42021,202710,0042100201,2022-05-02,MIA vs. PHI,W,30,5,16,0.313,1,4,0.25,4,4,1.0,2,7,9,3,2,0,2,1,15,2,1,2021-22,Playoffs,202710,Jimmy Butler III
42021,202710,0042100202,2022-05-04,MIA vs. PHI,W,37,8,15,0.533,1,3,0.333,5,7,0.714,3,3,6,12,2,0,2,2,22,11,1,2021-22,Playoffs,202710,Jimmy Butler III
42021,202710,0042100203,2022-05-06,MIA @ PHI,L,38,12,22,0.545,1,5,0.2,8,10,0.8,3,7,10,2,2,0,3,2,33,-4,1,2021-22,Playoffs,202710,Jimmy Butler III
42021,202710,0042100204,2022-05-08,MIA @ PHI,L,42,13,20,0.65,2,6,0.333,12,13,0.923,0,3,3,6,2,2,1,1,40,-2,1,2021-22,Playoffs,202710,Jimmy Butler III
42021,202710,0042100205,2022-05-10,MIA vs. PHI,W,35,9,15,0.6,2,4,0.5,3,4,0.75,3,6,9,6,1,0,2,2,23,36,1,2021-22,Playoffs,202710,Jimmy Butler III
42021,202710,0042100206,2022-05-12,MIA @ PHI,W,43,13,29,0.448,2,6,0.333,4,6,0.667,2,6,8,4,1,2,2,0,32,16,1,2021-22,Playoffs,202710,Jimmy Butler III
42021,202710,0042100301,2022-05-17,MIA vs. BOS,W,41,12,19,0.632,0,2,0.0,17,18,0.944,5,4,9,5,4,3,2,3,41,25,1,2021-22,Playoffs,202710,Jimmy Butler III
42021,202710,0042100302,2022-05-19,MIA vs. BOS,L,32,11,18,0.611,1,3,0.333,6,8,0.75,5,1,6,3,1,0,3,3,29,-20,1,2021-22,Playoffs,202710,Jimmy Butler III
42021,202710,0042100303,2022-05-21,MIA @ BOS,W,19,3,8,0.375,0,0,0.0,2,2,1.0,0,3,3,2,2,0,0,1,8,13,1,2021-22,Playoffs,202710,Jimmy Butler III
42021,202710,0042100304,2022-05-23,MIA @ BOS,L,27,3,14,0.214,0,2,0.0,0,0,0.0,3,4,7,1,0,0,1,2,6,-30,1,2021-22,Playoffs,202710,Jimmy Butler III
42021,202710,0042100305,2022-05-25,MIA vs. BOS,L,40,4,18,0.222,1,5,0.2,4,4,1.0,3,3,6,4,2,1,0,2,13,-15,1,2021-22,Playoffs,202710,Jimmy Butler III
42021,202710,0042100306,2022-05-27,MIA @ BOS,W,46,16,29,0.552,4,8,0.5,11,11,1.0,3,6,9,8,4,1,1,1,47,8,1,2021-22,Playoffs,202710,Jimmy Butler III
42021,202710,0042100307,2022-05-29,MIA vs. BOS,L,48,13,24,0.542,1,4,0.25,8,11,0.727,1,8,9,1,1,0,1,2,35,-4,1,2021-22,Playoffs,202710,Jimmy Butler III
22021,1629630,0022100007,2021-10-20,MEM vs. CLE,W,34,17,29,0.586,1,4,0.25,2,2,1.0,1,5,6,6,0,2,2,2,37,-6,1,2021-22,Regular Season,1629630,Ja Morant
22021,1629630,0022100034,2021-10-23,MEM @ LAC,W,35,10,19,0.526,2,7,0.286,6,8,0.75,0,2,2,8,1,0,5,3,28,12,1,2021-22,Regular Season,1629630,Ja Morant
22021,1629630,0022100040,2021-10-24,MEM @ LAL,L,38,13,21,0.619,5,7,0.714,9,11,0.818,2,1,3,10,3,0,6,3,40,9,1,2021-22,Regular Season,1629630,Ja Morant
22021,1629630,0022100063,2021-10-27,MEM @ POR,L,32,5,12,0.417,3,6,0.5,4,5,0.8,2,7,9,10,1,0,9,2,17,-25,1,2021-22,Regular Season,1629630,Ja Morant
22021,1629630,0022100070,2021-10-28,MEM @ GSW,W,42,11,22,0.5,2,8,0.25,6,6,1.0,0,7,7,5,4,0,5,0,30,-4,1,2021-22,Regular Season,1629630,Ja Morant
22021,1629630,0022100084,2021-10-30,MEM vs. MIA,L,33,7,18,0.389,1,4,0.25,5,6,0.833,1,3,4,7,2,0,3,2,20,-31,1,2021-22,Regular Season,1629630,Ja Morant
22021,1629630,0022100100,2021-11-01,MEM vs. DEN,W,35,12,22,0.545,1,3,0.333,1,2,0.5,3,4,7,8,1,0,4,0,26,2,1,2021-22,Regular Season,1629630,Ja Morant
22021,1629630,0022100114,2021-11-03,MEM vs. DEN,W,33,8,16,0.5,0,2,0.0,2,7,0.286,0,6,6,6,3,0,3,0,18,5,1,2021-22,Regular Season,1629630,Ja Morant
22021,1629630,0022100126,2021-11-05,MEM @ WAS,L,29,4,17,0.235,0,2,0.0,3,4,0.75,2,4,6,4,0,0,1,0,11,-16,1,2021-22,Regular Season,1629630,Ja Morant
22021,1629630,0022100149,2021-11-08,MEM vs. MIN,W,41,10,24,0.417,3,6,0.5,10,12,0.833,1,5,6,8,1,1,3,3,33,4,1,2021-22,Regular Season,1629630,Ja Morant
22021,1629630,0022100164,2021-11-10,MEM vs. CHA,L,37,13,27,0.481,1,6,0.167,5,5,1.0,2,5,7,8,3,0,3,1,32,6,1,2021-22,Regular Season,1629630,Ja Morant
22021,1629630,0022100178,2021-11-12,MEM vs. PHX,L,32,10,19,0.526,0,2,0.0,6,9,0.667,1,11,12,6,2,0,5,2,26,-23,1,2021-22,Regular Season,1629630,Ja Morant
22021,1629630,0022100188,2021-11-13,MEM @ NOP,L,37,8,17,0.471,3,5,0.6,3,3,1.0,2,7,9,10,1,0,1,0,22,4,1,2021-22,Regular Season,1629630,Ja Morant
22021,1629630,0022100205,2021-11-15,MEM vs. HOU,W,25,9,15,0.6,4,6,0.667,0,0,0.0,1,5,6,6,1,1,1,2,22,25,1,2021-22,Regular Season,1629630,Ja Morant
22021,1629630,0022100226,2021-11-18,MEM vs. LAC,W,31,13,21,0.619,2,5,0.4,0,0,0.0,0,5,5,5,1,0,1,1,28,3,1,2021-22,Regular Season,1629630,Ja Morant
22021,1629630,0022100245,2021-11-20,MEM @ MIN,L,27,3,9,0.333,0,3,0.0,5,6,0.833,0,0,0,5,1,0,3,1,11,-31,1,2021-22,Regular Season,1629630,Ja Morant
22021,1629630,0022100261,2021-11-22,MEM @ UTA,W,37,9,30,0.3,3,10,0.3,11,14,0.786,2,2,4,7,2,0,1,2,32,1,1,2021-22,Regular Season,1629630,Ja Morant
22021,1629630,0022100272,2021-11-24,MEM vs. TOR,L,35,8,18,0.444,0,1,0.0,7,10,0.7,4,2,6,9,3,0,4,1,23,-12,1,2021-22,Regular Season,1629630,Ja Morant
22021,1629630,0022100285,2021-11-26,MEM vs. ATL,L,9,0,1,0.0,0,0,0.0,2,2,1.0,1,0,1,1,0,1,0,0,2,-6,1,2021-22,Regular Season,1629630,Ja Morant
22021,1629630,0022100460,2021-12-20,MEM vs. OKC,L,28,6,12,0.5,1,1,1.0,3,5,0.6,1,5,6,8,2,1,4,2,16,2,1,2021-22,Regular Season,1629630,Ja Morant
22021,1629630,0022100485,2021-12-23,MEM @ GSW,L,32,6,15,0.4,0,4,0.0,9,10,0.9,0,3,3,6,1,0,3,1,21,-5,1,2021-22,Regular Season,1629630,Ja Morant
22021,1629630,0022100496,2021-12-26,MEM @ SAC,W,30,8,18,0.444,0,3,0.0,2,2,1.0,2,5,7,9,0,0,4,1,18,27,1,2021-22,Regular Season,1629630,Ja Morant
22021,1629630,0022100505,2021-12-27,MEM @ PHX,W,34,14,25,0.56,3,5,0.6,2,4,0.5,1,3,4,4,2,0,2,2,33,15,1,2021-22,Regular Season,1629630,Ja Morant
22021,1629630,0022100520,2021-12-29,MEM vs. LAL,W,36,13,27,0.481,6,7,0.857,9,12,0.75,3,7,10,2,2,2,6,4,41,3,1,2021-22,Regular Season,1629630,Ja Morant
22021,1629630,0022100535,2021-12-31,MEM vs. SAS,W,32,12,18,0.667,3,3,1.0,3,3,1.0,1,5,6,8,0,0,0,1,30,15,1,2021-22,Regular Season,1629630,Ja Morant
22021,1629630,0022100554,2022-01-03,MEM @ BKN,W,34,14,22,0.636,2,4,0.5,6,10,0.6,2,4,6,8,0,0,3,0,36,24,1,2021-22,Regular Season,1629630,Ja Morant
22021,1629630,0022100562,2022-01-04,MEM @ CLE,W,34,9,21,0.429,0,1,0.0,8,9,0.889,0,5,5,6,2,2,2,1,26,5,1,2021-22,Regular Season,1629630,Ja Morant
22021,1629630,0022100579,2022-01-06,MEM vs. DET,W,25,10,19,0.526,0,3,0.0,2,2,1.0,3,6,9,6,0,1,5,0,22,29,1,2021-22,Regular Season,1629630,Ja Morant
22021,1629630,0022100606,2022-01-09,MEM @ LAL,W,31,4,9,0.444,0,2,0.0,8,12,0.667,0,4,4,7,1,1,3,0,16,20,1,2021-22,Regular Season,1629630,Ja Morant
22021,1629630,0022100614,2022-01-11,MEM vs. GSW,W,37,11,23,0.478,1,4,0.25,6,8,0.75,0,5,5,8,0,2,2,1,29,-1,1,2021-22,Regular Season,1629630,Ja Morant
22021,1629630,0022100628,2022-01-13,MEM vs. MIN,W,32,5,16,0.313,0,7,0.0,6,7,0.857,3,5,8,9,0,0,4,3,16,5,1,2021-22,Regular Season,1629630,Ja Morant
22021,1629630,0022100639,2022-01-14,MEM vs. DAL,L,32,8,15,0.533,1,4,0.25,2,3,0.667,0,5,5,8,2,0,8,1,19,-4,1,2021-22,Regular Season,1629630,Ja Morant
22021,1629630,0022100658,2022-01-17,MEM vs. CHI,W,32,9,17,0.529,1,3,0.333,6,7,0.857,1,3,4,3,1,0,2,1,25,1,1,2021-22,Regular Season,1629630,Ja Morant
22021,1629630,0022100674,2022-01-19,MEM @ MIL,L,39,12,27,0.444,4,10,0.4,5,5,1.0,1,7,8,14,0,0,1,3,33,0,1,2021-22,Regular Season,1629630,Ja Morant
22021,1629630,0022100692,2022-01-21,MEM @ DEN,W,37,15,26,0.577,2,6,0.333,6,8,0.75,3,3,6,6,2,0,6,1,38,-3,1,2021-22,Regular Season,1629630,Ja Morant
22021,1629630,0022100705,2022-01-23,MEM @ DAL,L,41,14,31,0.452,0,3,0.0,7,10,0.7,7,6,13,6,1,0,7,4,35,-11,1,2021-22,Regular Season,1629630,Ja Morant
22021,1629630,0022100728,2022-01-26,MEM @ SAS,W,37,15,28,0.536,3,5,0.6,8,10,0.8,1,4,5,8,2,0,1,0,41,9,1,2021-22,Regular Season,1629630,Ja Morant
22021,1629630,0022100740,2022-01-28,MEM vs. UTA,W,36,10,22,0.455,2,6,0.333,8,13,0.615,2,8,10,10,1,1,6,2,30,9,1,2021-22,Regular Season,1629630,Ja Morant
22021,1629630,0022100749,2022-01-29,MEM vs. WAS,W,34,15,27,0.556,4,8,0.5,0,0,0.0,1,2,3,2,1,0,1,1,34,12,1,2021-22,Regular Season,1629630,Ja Morant
22021,1629630,0022100761,2022-01-31,MEM @ PHI,L,42,15,30,0.5,0,5,0.0,7,10,0.7,0,5,5,5,1,0,9,3,37,-8,1,2021-22,Regular Season,1629630,Ja Morant
22021,1629630,0022100776,2022-02-02,MEM @ NYK,W,37,9,27,0.333,0,6,0.0,5,8,0.625,2,2,4,9,3,0,2,0,23,13,1,2021-22,Regular Season,1629630,Ja Morant
22021,1629630,0022100796,2022-02-05,MEM @ ORL,W,29,14,21,0.667,1,3,0.333,4,4,1.0,0,5,5,7,0,2,4,1,33,22,1,2021-22,Regular Season,1629630,Ja Morant
22021,1629630,0022100818,2022-02-08,MEM vs. LAC,W,26,12,19,0.632,1,2,0.5,5,9,0.556,2,5,7,5,1,0,5,3,30,21,1,2021-22,Regular Season,1629630,Ja Morant
22021,1629630,0022100831,2022-02-10,MEM @ DET,W,30,7,17,0.412,2,8,0.25,7,9,0.778,0,4,4,6,1,0,2,2,23,15,1,2021-22,Regular Season,1629630,Ja Morant
22021,1629630,0022100846,2022-02-12,MEM @ CHA,W,34,12,21,0.571,0,3,0.0,2,6,0.333,1,5,6,6,0,0,3,1,26,-1,1,2021-22,Regular Season,1629630,Ja Morant
22021,1629630,0022100879,2022-02-16,MEM vs. POR,L,38,11,20,0.55,1,6,0.167,21,25,0.84,0,5,5,11,0,1,2,3,44,2,1,2021-22,Regular Season,1629630,Ja Morant
22021,1629630,0022100892,2022-02-24,MEM @ MIN,L,35,7,25,0.28,0,4,0.0,6,9,0.667,3,5,8,4,2,1,3,1,20,-1,1,2021-22,Regular Season,1629630,Ja Morant
22021,1629630,0022100909,2022-02-26,MEM @ CHI,W,36,15,28,0.536,3,4,0.75,13,15,0.867,1,3,4,3,1,0,5,2,46,11,1,2021-22,Regular Season,1629630,Ja Morant
22021,1629630,0022100923,2022-02-28,MEM vs. SAS,W,34,22,30,0.733,4,4,1.0,4,7,0.571,1,6,7,2,0,0,4,1,52,23,1,2021-22,Regular Season,1629630,Ja Morant
22021,1629630,0022100940,2022-03-03,MEM @ BOS,L,37,13,29,0.448,4,12,0.333,8,8,1.0,2,2,4,7,0,0,2,1,38,-5,1,2021-22,Regular Season,1629630,Ja Morant
22021,1629630,0022100957,2022-03-05,MEM vs. ORL,W,28,9,17,0.529,3,6,0.5,4,7,0.571,0,4,4,7,1,0,3,1,25,12,1,2021-22,Regular Season,1629630,Ja Morant
22021,1629630,0022100964,2022-03-06,MEM @ HOU,L,35,7,20,0.35,0,3,0.0,8,8,1.0,1,3,4,6,2,0,5,3,22,-12,1,2021-22,Regular Season,1629630,Ja Morant
22021,1629630,0022100978,2022-03-08,MEM vs. NOP,W,27,8,13,0.615,2,4,0.5,6,7,0.857,1,7,8,8,2,1,2,3,24,22,1,2021-22,Regular Season,1629630,Ja Morant
22021,1629630,0022101000,2022-03-11,MEM vs. NYK,W,38,14,34,0.412,1,4,0.25,8,10,0.8,2,3,5,8,2,1,2,2,37,-3,1,2021-22,Regular Season,1629630,Ja Morant
22021,1629630,0022101018,2022-03-13,MEM @ OKC,W,33,7,14,0.5,0,2,0.0,3,5,0.6,1,4,5,10,0,0,3,1,17,1,1,2021-22,Regular Season,1629630,Ja Morant
22021,1629630,0022101047,2022-03-18,MEM @ ATL,L,33,11,23,0.478,0,1,0.0,7,9,0.778,1,2,3,4,0,0,6,2,29,-11,1,2021-22,Regular Season,1629630,Ja Morant
22021,1629630,0022101213,2022-04-09,MEM vs. NOP,W,27,7,14,0.5,2,3,0.667,5,7,0.714,2,2,4,9,0,1,4,2,21,18,1,2021-22,Regular Season,1629630,Ja Morant
42021,1629630,0042100151,2022-04-16,MEM vs. MIN,L,35,8,18,0.444,0,2,0.0,16,20,0.8,1,3,4,8,2,0,4,2,32,-16,1,2021-22,Playoffs,1629630,Ja Morant
42021,1629630,0042100152,2022-04-19,MEM vs. MIN,W,30,9,16,0.563,2,4,0.5,3,4,0.75,2,7,9,10,1,0,2,3,23,24,1,2021-22,Playoffs,1629630,Ja Morant
42021,1629630,0042100153,2022-04-21,MEM @ MIN,W,41,5,18,0.278,1,3,0.333,5,10,0.5,2,8,10,10,1,3,7,4,16,20,1,2021-22,Playoffs,1629630,Ja Morant
42021,1629630,0042100154,2022-04-23,MEM @ MIN,L,34,4,13,0.308,0,2,0.0,3,3,1.0,0,8,8,15,1,0,2,4,11,-6,1,2021-22,Playoffs,1629630,Ja Morant
42021,1629630,0042100155,2022-04-26,MEM vs. MIN,W,45,9,22,0.409,1,4,0.25,11,17,0.647,2,11,13,9,3,0,5,3,30,6,1,2021-22,Playoffs,1629630,Ja Morant
42021,1629630,0042100156,2022-04-29,MEM @ MIN,W,38,4,14,0.286,0,5,0.0,9,12,0.75,3,5,8,11,1,1,5,0,17,2,1,2021-22,Playoffs,1629630,Ja Morant
42021,1629630,0042100231,2022-05-01,MEM vs. GSW,L,38,14,31,0.452,4,11,0.364,2,3,0.667,0,9,9,10,3,0,3,3,34,-1,1,2021-22,Playoffs,1629630,Ja Morant
42021,1629630,0042100232,2022-05-03,MEM vs. GSW,W,41,15,31,0.484,5,12,0.417,12,13,0.923,2,6,8,8,3,0,2,2,47,13,1,2021-22,Playoffs,1629630,Ja Morant
42021,1629630,0042100233,2022-05-07,MEM @ GSW,L,36,13,21,0.619,4,7,0.571,4,5,0.8,1,2,3,7,3,0,2,1,34,-6,1,2021-22,Playoffs,1629630,Ja Morant
22021,1626164,0022100012,2021-10-20,PHX vs. DEN,L,30,3,15,0.2,2,7,0.286,4,4,1.0,1,3,4,4,1,0,3,3,12,-24,1,2021-22,Regular Season,1626164,Devin Booker
22021,1626164,0022100025,2021-10-22,PHX @ LAL,W,34,9,19,0.474,2,6,0.333,2,2,1.0,1,4,5,4,0,0,4,3,22,8,1,2021-22,Regular Season,1626164,Devin Booker
22021,1626164,0022100033,2021-10-23,PHX @ POR,L,28,9,19,0.474,2,5,0.4,1,2,0.5,1,3,4,4,2,0,0,1,21,-15,1,2021-22,Regular Season,1626164,Devin Booker
22021,1626164,0022100062,2021-10-27,PHX vs. SAC,L,37,12,28,0.429,2,6,0.333,5,6,0.833,3,3,6,8,1,0,0,4,31,4,1,2021-22,Regular Season,1626164,Devin Booker
22021,1626164,0022100088,2021-10-30,PHX vs. CLE,W,35,9,20,0.45,0,4,0.0,9,10,0.9,1,3,4,9,0,0,4,1,27,8,1,2021-22,Regular Season,1626164,Devin Booker
22021,1626164,0022100106,2021-11-02,PHX vs. NOP,W,34,7,20,0.35,2,8,0.25,2,2,1.0,1,7,8,3,1,1,6,2,18,8,1,2021-22,Regular Season,1626164,Devin Booker
22021,1626164,0022100122,2021-11-04,PHX vs. HOU,W,34,8,18,0.444,4,8,0.5,7,8,0.875,1,8,9,5,1,1,2,3,27,10,1,2021-22,Regular Season,1626164,Devin Booker
22021,1626164,0022100137,2021-11-06,PHX vs. ATL,W,34,14,21,0.667,5,9,0.556,5,7,0.714,1,5,6,4,2,1,4,4,38,3,1,2021-22,Regular Season,1626164,Devin Booker
22021,1626164,0022100153,2021-11-08,PHX @ SAC,W,32,8,17,0.471,2,5,0.4,0,2,0.0,1,8,9,6,2,0,5,4,18,22,1,2021-22,Regular Season,1626164,Devin Booker
22021,1626164,0022100168,2021-11-10,PHX vs. POR,W,37,5,15,0.333,2,6,0.333,0,0,0.0,0,8,8,6,1,0,4,2,12,9,1,2021-22,Regular Season,1626164,Devin Booker
22021,1626164,0022100178,2021-11-12,PHX @ MEM,W,26,7,17,0.412,1,5,0.2,2,2,1.0,1,4,5,7,0,0,3,2,17,31,1,2021-22,Regular Season,1626164,Devin Booker
22021,1626164,0022100195,2021-11-14,PHX @ HOU,W,32,9,23,0.391,3,7,0.429,5,5,1.0,0,5,5,6,2,0,0,0,26,12,1,2021-22,Regular Season,1626164,Devin Booker
22021,1626164,0022100206,2021-11-15,PHX @ MIN,W,34,7,16,0.438,2,4,0.5,13,15,0.867,2,3,5,5,2,0,1,5,29,8,1,2021-22,Regular Season,1626164,Devin Booker
22021,1626164,0022100222,2021-11-17,PHX vs. DAL,W,35,11,21,0.524,2,4,0.5,0,1,0.0,0,9,9,0,0,0,1,1,24,8,1,2021-22,Regular Season,1626164,Devin Booker
22021,1626164,0022100237,2021-11-19,PHX vs. DAL,W,31,7,20,0.35,3,8,0.375,2,2,1.0,1,0,1,1,0,1,4,2,19,-7,1,2021-22,Regular Season,1626164,Devin Booker
22021,1626164,0022100251,2021-11-21,PHX vs. DEN,W,28,7,12,0.583,2,5,0.4,1,1,1.0,0,4,4,7,1,0,1,1,17,13,1,2021-22,Regular Season,1626164,Devin Booker
22021,1626164,0022100260,2021-11-22,PHX @ SAS,W,34,7,17,0.412,4,7,0.571,5,6,0.833,1,2,3,4,0,0,4,3,23,1,1,2021-22,Regular Season,1626164,Devin Booker
22021,1626164,0022100267,2021-11-24,PHX @ CLE,W,39,14,21,0.667,2,3,0.667,5,6,0.833,1,3,4,3,1,0,4,2,35,-2,1,2021-22,Regular Season,1626164,Devin Booker
22021,1626164,0022100282,2021-11-26,PHX @ NYK,W,35,14,27,0.519,4,9,0.444,0,0,0.0,0,1,1,3,1,1,3,0,32,15,1,2021-22,Regular Season,1626164,Devin Booker
22021,1626164,0022100294,2021-11-27,PHX @ BKN,W,32,9,18,0.5,4,6,0.667,8,8,1.0,0,1,1,4,1,0,3,5,30,7,1,2021-22,Regular Season,1626164,Devin Booker
22021,1626164,0022100316,2021-11-30,PHX vs. GSW,W,15,4,9,0.444,0,2,0.0,2,2,1.0,1,1,2,1,0,0,1,1,10,-4,1,2021-22,Regular Season,1626164,Devin Booker
22021,1626164,0022100456,2021-12-19,PHX vs. CHA,W,26,6,15,0.4,4,8,0.5,0,0,0.0,0,6,6,5,1,0,1,4,16,32,1,2021-22,Regular Season,1626164,Devin Booker
22021,1626164,0022100469,2021-12-21,PHX @ LAL,W,32,8,16,0.5,6,11,0.545,2,2,1.0,1,8,9,7,1,0,5,2,24,14,1,2021-22,Regular Season,1626164,Devin Booker
22021,1626164,0022100483,2021-12-23,PHX vs. OKC,W,35,12,23,0.522,4,7,0.571,2,2,1.0,2,5,7,7,2,1,2,3,30,19,1,2021-22,Regular Season,1626164,Devin Booker
22021,1626164,0022100490,2021-12-25,PHX vs. GSW,L,40,5,19,0.263,1,5,0.2,2,2,1.0,1,2,3,3,2,0,2,3,13,-8,1,2021-22,Regular Season,1626164,Devin Booker
22021,1626164,0022100505,2021-12-27,PHX vs. MEM,L,37,10,20,0.5,3,6,0.5,7,9,0.778,0,2,2,4,2,2,3,0,30,-8,1,2021-22,Regular Season,1626164,Devin Booker
22021,1626164,0022100522,2021-12-29,PHX vs. OKC,W,36,12,24,0.5,6,12,0.5,8,10,0.8,1,6,7,5,0,2,1,1,38,18,1,2021-22,Regular Season,1626164,Devin Booker
22021,1626164,0022100529,2021-12-31,PHX @ BOS,L,38,7,26,0.269,1,5,0.2,7,7,1.0,0,6,6,4,2,0,2,2,22,-16,1,2021-22,Regular Season,1626164,Devin Booker
22021,1626164,0022100549,2022-01-02,PHX @ CHA,W,29,9,19,0.474,3,9,0.333,3,3,1.0,0,7,7,3,0,0,3,4,24,26,1,2021-22,Regular Season,1626164,Devin Booker
22021,1626164,0022100565,2022-01-04,PHX @ NOP,W,32,12,24,0.5,3,6,0.5,6,6,1.0,1,8,9,4,0,0,2,4,33,15,1,2021-22,Regular Season,1626164,Devin Booker
22021,1626164,0022100581,2022-01-06,PHX vs. LAC,W,33,5,22,0.227,0,7,0.0,1,2,0.5,3,7,10,4,0,0,2,2,11,-6,1,2021-22,Regular Season,1626164,Devin Booker
22021,1626164,0022100596,2022-01-08,PHX vs. MIA,L,33,5,15,0.333,3,5,0.6,13,13,1.0,0,4,4,3,2,0,5,4,26,-22,1,2021-22,Regular Season,1626164,Devin Booker
22021,1626164,0022100613,2022-01-11,PHX @ TOR,W,36,4,13,0.308,2,7,0.286,6,8,0.75,1,4,5,3,1,0,3,6,16,-3,1,2021-22,Regular Season,1626164,Devin Booker
22021,1626164,0022100634,2022-01-14,PHX @ IND,W,35,11,25,0.44,6,13,0.462,7,8,0.875,2,2,4,3,0,1,2,2,35,7,1,2021-22,Regular Season,1626164,Devin Booker
22021,1626164,0022100617,2022-01-16,PHX @ DET,W,30,11,18,0.611,1,5,0.2,7,10,0.7,1,3,4,4,0,0,1,1,30,20,1,2021-22,Regular Season,1626164,Devin Booker
22021,1626164,0022100664,2022-01-17,PHX @ SAS,W,35,18,33,0.545,5,13,0.385,7,8,0.875,0,5,5,6,3,0,0,2,48,3,1,2021-22,Regular Season,1626164,Devin Booker
22021,1626164,0022100682,2022-01-20,PHX @ DAL,W,38,11,25,0.44,1,8,0.125,5,5,1.0,0,5,5,6,0,0,2,2,28,5,1,2021-22,Regular Season,1626164,Devin Booker
22021,1626164,0022100697,2022-01-22,PHX vs. IND,W,39,5,23,0.217,0,6,0.0,1,1,1.0,1,6,7,3,2,2,3,4,11,5,1,2021-22,Regular Season,1626164,Devin Booker
22021,1626164,0022100713,2022-01-24,PHX vs. UTA,W,38,14,35,0.4,3,13,0.231,2,3,0.667,2,5,7,3,2,2,3,4,33,-3,1,2021-22,Regular Season,1626164,Devin Booker
22021,1626164,0022100731,2022-01-26,PHX @ UTA,W,40,16,28,0.571,2,6,0.333,9,11,0.818,1,11,12,4,1,0,3,2,43,18,1,2021-22,Regular Season,1626164,Devin Booker
22021,1626164,0022100743,2022-01-28,PHX vs. MIN,W,38,10,26,0.385,4,10,0.4,5,6,0.833,0,3,3,9,1,0,1,2,29,17,1,2021-22,Regular Season,1626164,Devin Booker
22021,1626164,0022100758,2022-01-30,PHX vs. SAS,W,38,12,24,0.5,4,9,0.444,0,0,0.0,0,4,4,1,1,0,3,2,28,-12,1,2021-22,Regular Season,1626164,Devin Booker
22021,1626164,0022100772,2022-02-01,PHX vs. BKN,W,41,13,23,0.565,3,8,0.375,6,7,0.857,1,5,6,2,1,0,2,2,35,15,1,2021-22,Regular Season,1626164,Devin Booker
22021,1626164,0022100783,2022-02-03,PHX @ ATL,L,38,13,27,0.481,1,8,0.125,5,7,0.714,0,0,0,3,1,0,2,4,32,-6,1,2021-22,Regular Season,1626164,Devin Booker
22021,1626164,0022100798,2022-02-05,PHX @ WAS,W,30,5,14,0.357,1,6,0.167,0,0,0.0,1,6,7,5,0,0,1,2,11,23,1,2021-22,Regular Season,1626164,Devin Booker
22021,1626164,0022100812,2022-02-07,PHX @ CHI,W,38,14,23,0.609,5,10,0.5,5,6,0.833,0,4,4,5,1,0,1,2,38,7,1,2021-22,Regular Season,1626164,Devin Booker
22021,1626164,0022100815,2022-02-08,PHX @ PHI,W,37,11,23,0.478,3,8,0.375,10,11,0.909,0,4,4,3,1,0,0,3,35,13,1,2021-22,Regular Season,1626164,Devin Booker
22021,1626164,0022100836,2022-02-10,PHX vs. MIL,W,34,6,19,0.316,2,8,0.25,3,3,1.0,1,3,4,7,1,0,2,4,17,11,1,2021-22,Regular Season,1626164,Devin Booker
22021,1626164,0022100855,2022-02-12,PHX vs. ORL,W,29,10,24,0.417,3,9,0.333,3,3,1.0,1,4,5,5,0,1,0,0,26,13,1,2021-22,Regular Season,1626164,Devin Booker
22021,1626164,0022100873,2022-02-15,PHX vs. LAC,W,36,11,19,0.579,3,6,0.5,1,2,0.5,2,1,3,4,3,1,4,3,26,9,1,2021-22,Regular Season,1626164,Devin Booker
22021,1626164,0022100882,2022-02-16,PHX vs. HOU,W,43,7,22,0.318,1,5,0.2,9,9,1.0,0,3,3,8,3,2,3,3,24,-1,1,2021-22,Regular Season,1626164,Devin Booker
22021,1626164,0022100893,2022-02-24,PHX @ OKC,W,38,9,16,0.563,1,4,0.25,6,6,1.0,0,5,5,12,6,0,4,1,25,26,1,2021-22,Regular Season,1626164,Devin Booker
22021,1626164,0022100902,2022-02-25,PHX vs. NOP,L,37,10,24,0.417,2,8,0.25,8,8,1.0,0,3,3,5,1,2,4,3,30,-21,1,2021-22,Regular Season,1626164,Devin Booker
22021,1626164,0022100913,2022-02-27,PHX vs. UTA,L,40,12,24,0.5,4,8,0.5,2,4,0.5,0,7,7,7,2,0,3,2,30,-6,1,2021-22,Regular Season,1626164,Devin Booker
22021,1626164,0022100983,2022-03-09,PHX @ MIA,W,33,7,12,0.583,4,7,0.571,5,5,1.0,1,7,8,9,2,2,2,3,23,31,1,2021-22,Regular Season,1626164,Devin Booker
22021,1626164,0022101003,2022-03-11,PHX vs. TOR,L,37,9,18,0.5,3,7,0.429,1,2,0.5,0,3,3,7,1,1,3,3,22,-21,1,2021-22,Regular Season,1626164,Devin Booker
22021,1626164,0022101019,2022-03-13,PHX vs. LAL,W,32,12,25,0.48,4,10,0.4,2,2,1.0,0,2,2,10,4,0,2,4,30,38,1,2021-22,Regular Season,1626164,Devin Booker
22021,1626164,0022101032,2022-03-15,PHX @ NOP,W,30,11,20,0.55,4,9,0.444,1,1,1.0,0,5,5,8,2,0,2,2,27,9,1,2021-22,Regular Season,1626164,Devin Booker
22021,1626164,0022101038,2022-03-16,PHX @ HOU,W,36,15,24,0.625,5,12,0.417,1,1,1.0,0,4,4,4,0,1,3,2,36,12,1,2021-22,Regular Season,1626164,Devin Booker
22021,1626164,0022101056,2022-03-18,PHX vs. CHI,W,32,10,18,0.556,1,3,0.333,7,7,1.0,1,3,4,3,0,0,3,3,28,27,1,2021-22,Regular Season,1626164,Devin Booker
22021,1626164,0022101066,2022-03-20,PHX @ SAC,W,37,11,21,0.524,2,5,0.4,7,7,1.0,0,7,7,5,1,0,3,6,31,3,1,2021-22,Regular Season,1626164,Devin Booker
22021,1626164,0022101090,2022-03-23,PHX @ MIN,W,35,7,15,0.467,1,4,0.25,13,16,0.813,0,3,3,7,1,0,2,2,28,4,1,2021-22,Regular Season,1626164,Devin Booker
22021,1626164,0022101099,2022-03-24,PHX @ DEN,W,39,16,25,0.64,2,5,0.4,15,17,0.882,0,4,4,10,3,1,2,3,49,16,1,2021-22,Regular Season,1626164,Devin Booker
22021,1626164,0022101118,2022-03-27,PHX vs. PHI,W,35,13,22,0.591,3,5,0.6,6,8,0.75,1,1,2,2,0,0,3,3,35,7,1,2021-22,Regular Season,1626164,Devin Booker
22021,1626164,0022101145,2022-03-30,PHX @ GSW,W,37,5,21,0.238,2,8,0.25,10,12,0.833,0,5,5,2,0,0,0,4,22,3,1,2021-22,Regular Season,1626164,Devin Booker
22021,1626164,0022101155,2022-04-01,PHX @ MEM,L,37,17,28,0.607,3,6,0.5,4,5,0.8,0,4,4,4,0,0,3,5,41,-5,1,2021-22,Regular Season,1626164,Devin Booker
22021,1626164,0022101189,2022-04-05,PHX vs. LAL,W,30,12,22,0.545,6,9,0.667,2,2,1.0,1,6,7,4,1,0,1,2,32,14,1,2021-22,Regular Season,1626164,Devin Booker
22021,1626164,0022101210,2022-04-08,PHX @ UTA,W,38,13,26,0.5,2,5,0.4,5,5,1.0,0,4,4,3,0,0,1,4,33,11,1,2021-22,Regular Season,1626164,Devin Booker
42021,1626164,0042100141,2022-04-17,PHX vs. NOP,W,41,8,19,0.421,4,8,0.5,5,6,0.833,0,4,4,8,1,0,1,2,25,7,1,2021-22,Playoffs,1626164,Devin Booker
42021,1626164,0042100142,2022-04-19,PHX vs. NOP,L,25,12,19,0.632,7,11,0.636,0,0,0.0,1,1,2,1,0,0,2,3,31,-6,1,2021-22,Playoffs,1626164,Devin Booker
42021,1626164,0042100146,2022-04-28,PHX @ NOP,W,32,5,12,0.417,1,6,0.167,2,2,1.0,0,5,5,3,0,0,2,0,13,9,1,2021-22,Playoffs,1626164,Devin Booker
42021,1626164,0042100221,2022-05-02,PHX vs. DAL,W,38,7,20,0.35,1,5,0.2,8,8,1.0,3,6,9,8,0,1,1,1,23,6,1,2021-22,Playoffs,1626164,Devin Booker
42021,1626164,0042100222,2022-05-04,PHX vs. DAL,W,36,11,19,0.579,5,8,0.625,3,3,1.0,1,3,4,4,0,1,2,4,30,21,1,2021-22,Playoffs,1626164,Devin Booker
42021,1626164,0042100223,2022-05-06,PHX @ DAL,L,40,6,13,0.462,4,6,0.667,2,4,0.5,0,2,2,6,0,0,5,1,18,-12,1,2021-22,Playoffs,1626164,Devin Booker
42021,1626164,0042100224,2022-05-08,PHX @ DAL,L,43,10,22,0.455,3,6,0.5,12,13,0.923,1,3,4,7,0,1,5,4,35,-12,1,2021-22,Playoffs,1626164,Devin Booker
42021,1626164,0042100225,2022-05-10,PHX vs. DAL,W,35,11,20,0.55,3,7,0.429,3,4,0.75,1,6,7,2,2,0,2,3,28,25,1,2021-22,Playoffs,1626164,Devin Booker
42021,1626164,0042100226,2022-05-12,PHX @ DAL,L,39,6,17,0.353,0,4,0.0,7,7,1.0,2,6,8,3,1,1,8,4,19,-19,1,2021-22,Playoffs,1626164,Devin Booker
42021,1626164,0042100227,2022-05-15,PHX vs. DAL,L,37,3,14,0.214,0,4,0.0,5,6,0.833,1,2,3,2,1,0,4,3,11,-41,1,2021-22,Playoffs,1626164,Devin Booker
22021,1630162,0022100008,2021-10-20,MIN vs. HOU,W,31,10,21,0.476,6,12,0.5,3,4,0.75,2,4,6,3,1,0,4,2,29,26,1,2021-22,Regular Season,1630162,Anthony Edwards
22021,1630162,0022100031,2021-10-23,MIN vs. NOP,W,37,8,22,0.364,3,8,0.375,0,0,0.0,3,6,9,5,1,1,1,1,19,10,1,2021-22,Regular Season,1630162,Anthony Edwards
22021,1630162,0022100047,2021-10-25,MIN vs. NOP,L,40,10,23,0.435,4,11,0.364,4,4,1.0,1,8,9,3,1,0,3,5,28,5,1,2021-22,Regular Season,1630162,Anthony Edwards
22021,1630162,0022100060,2021-10-27,MIN @ MIL,W,33,9,24,0.375,2,10,0.2,5,6,0.833,1,6,7,3,1,0,2,2,25,-2,1,2021-22,Regular Season,1630162,Anthony Edwards
22021,1630162,0022100087,2021-10-30,MIN vs. DEN,L,34,6,19,0.316,0,6,0.0,2,2,1.0,4,7,11,1,0,0,3,1,14,-14,1,2021-22,Regular Season,1630162,Anthony Edwards
22021,1630162,0022100101,2021-11-01,MIN vs. ORL,L,37,10,22,0.455,2,8,0.25,2,4,0.5,2,4,6,3,2,0,2,1,24,-11,1,2021-22,Regular Season,1630162,Anthony Edwards
22021,1630162,0022100115,2021-11-03,MIN vs. LAC,L,38,11,21,0.524,3,10,0.3,3,3,1.0,1,2,3,6,3,1,6,1,28,9,1,2021-22,Regular Season,1630162,Anthony Edwards
22021,1630162,0022100129,2021-11-05,MIN vs. LAC,L,32,7,22,0.318,3,12,0.25,0,1,0.0,0,1,1,3,2,3,2,4,17,1,1,2021-22,Regular Season,1630162,Anthony Edwards
22021,1630162,0022100149,2021-11-08,MIN @ MEM,L,43,9,22,0.409,4,9,0.444,5,7,0.714,2,3,5,3,3,0,4,4,27,-16,1,2021-22,Regular Season,1630162,Anthony Edwards
22021,1630162,0022100169,2021-11-10,MIN @ GSW,L,42,16,27,0.593,7,13,0.538,9,12,0.75,2,4,6,5,2,0,6,1,48,-3,1,2021-22,Regular Season,1630162,Anthony Edwards
22021,1630162,0022100184,2021-11-12,MIN @ LAL,W,32,4,11,0.364,1,5,0.2,0,0,0.0,0,3,3,1,1,0,5,2,9,5,1,2021-22,Regular Season,1630162,Anthony Edwards
22021,1630162,0022100191,2021-11-13,MIN @ LAC,L,34,9,22,0.409,2,6,0.333,1,2,0.5,3,8,11,3,0,0,4,1,21,-18,1,2021-22,Regular Season,1630162,Anthony Edwards
22021,1630162,0022100206,2021-11-15,MIN vs. PHX,L,39,2,11,0.182,1,6,0.167,4,6,0.667,3,9,12,6,1,3,6,5,9,-5,1,2021-22,Regular Season,1630162,Anthony Edwards
22021,1630162,0022100220,2021-11-17,MIN vs. SAC,W,40,11,24,0.458,4,10,0.4,0,0,0.0,1,4,5,1,0,1,1,4,26,10,1,2021-22,Regular Season,1630162,Anthony Edwards
22021,1630162,0022100227,2021-11-18,MIN vs. SAS,W,33,5,11,0.455,3,8,0.375,0,0,0.0,2,3,5,6,2,2,4,4,13,12,1,2021-22,Regular Season,1630162,Anthony Edwards
22021,1630162,0022100245,2021-11-20,MIN vs. MEM,W,26,8,10,0.8,5,6,0.833,2,2,1.0,0,0,0,2,0,0,1,3,23,36,1,2021-22,Regular Season,1630162,Anthony Edwards
22021,1630162,0022100259,2021-11-22,MIN @ NOP,W,33,6,16,0.375,3,9,0.333,3,5,0.6,2,5,7,1,3,1,3,1,18,27,1,2021-22,Regular Season,1630162,Anthony Edwards
22021,1630162,0022100274,2021-11-24,MIN vs. MIA,W,43,13,27,0.481,6,15,0.4,1,1,1.0,1,13,14,6,3,1,5,4,33,19,1,2021-22,Regular Season,1630162,Anthony Edwards
22021,1630162,0022100281,2021-11-26,MIN @ CHA,L,28,4,9,0.444,1,4,0.25,2,3,0.667,1,4,5,2,1,0,2,2,11,-15,1,2021-22,Regular Season,1630162,Anthony Edwards
22021,1630162,0022100292,2021-11-27,MIN @ PHI,W,48,8,21,0.381,1,8,0.125,2,2,1.0,0,6,6,7,3,1,4,1,19,8,1,2021-22,Regular Season,1630162,Anthony Edwards
22021,1630162,0022100309,2021-11-29,MIN vs. IND,W,39,7,19,0.368,2,7,0.286,5,6,0.833,1,8,9,5,3,0,0,3,21,-2,1,2021-22,Regular Season,1630162,Anthony Edwards
22021,1630162,0022100321,2021-12-01,MIN @ WAS,L,38,7,17,0.412,4,9,0.444,7,8,0.875,0,3,3,3,1,1,3,0,25,-5,1,2021-22,Regular Season,1630162,Anthony Edwards
22021,1630162,0022100336,2021-12-03,MIN @ BKN,L,37,7,16,0.438,1,7,0.143,4,4,1.0,0,2,2,4,3,0,8,1,19,-12,1,2021-22,Regular Season,1630162,Anthony Edwards
22021,1630162,0022100359,2021-12-06,MIN vs. ATL,L,40,6,19,0.316,2,6,0.333,6,6,1.0,0,1,1,7,2,3,4,1,20,-13,1,2021-22,Regular Season,1630162,Anthony Edwards
22021,1630162,0022100374,2021-12-08,MIN vs. UTA,L,34,7,16,0.438,4,8,0.5,0,2,0.0,0,2,2,5,1,0,1,3,18,-18,1,2021-22,Regular Season,1630162,Anthony Edwards
22021,1630162,0022100387,2021-12-10,MIN vs. CLE,L,33,6,17,0.353,1,8,0.125,0,0,0.0,1,3,4,2,2,1,3,1,13,-32,1,2021-22,Regular Season,1630162,Anthony Edwards
22021,1630162,0022100402,2021-12-12,MIN @ POR,W,29,7,13,0.538,2,7,0.286,8,9,0.889,0,4,4,3,1,0,2,4,24,5,1,2021-22,Regular Season,1630162,Anthony Edwards
22021,1630162,0022100424,2021-12-15,MIN @ DEN,W,34,14,21,0.667,10,14,0.714,0,0,0.0,0,5,5,1,1,1,2,2,38,18,1,2021-22,Regular Season,1630162,Anthony Edwards
22021,1630162,0022100537,2021-12-31,MIN @ UTA,L,32,9,21,0.429,4,10,0.4,4,5,0.8,0,3,3,2,0,0,2,6,26,-1,1,2021-22,Regular Season,1630162,Anthony Edwards
22021,1630162,0022100551,2022-01-02,MIN @ LAL,L,38,7,19,0.368,0,6,0.0,4,6,0.667,2,5,7,4,1,1,8,3,18,0,1,2021-22,Regular Season,1630162,Anthony Edwards
22021,1630162,0022100561,2022-01-03,MIN @ LAC,W,33,11,17,0.647,5,10,0.5,1,1,1.0,0,2,2,4,1,1,4,1,28,23,1,2021-22,Regular Season,1630162,Anthony Edwards
22021,1630162,0022100574,2022-01-05,MIN vs. OKC,W,32,8,17,0.471,4,10,0.4,2,3,0.667,2,3,5,2,5,0,2,3,22,20,1,2021-22,Regular Season,1630162,Anthony Edwards
22021,1630162,0022100587,2022-01-07,MIN @ OKC,W,29,9,16,0.563,6,9,0.667,0,0,0.0,0,6,6,7,1,1,0,1,24,31,1,2021-22,Regular Season,1630162,Anthony Edwards
22021,1630162,0022100600,2022-01-09,MIN @ HOU,W,34,7,17,0.412,2,8,0.25,3,3,1.0,0,3,3,6,2,2,2,3,19,22,1,2021-22,Regular Season,1630162,Anthony Edwards
22021,1630162,0022100615,2022-01-11,MIN @ NOP,L,37,10,21,0.476,6,12,0.5,2,2,1.0,2,2,4,5,1,0,3,3,28,-2,1,2021-22,Regular Season,1630162,Anthony Edwards
22021,1630162,0022100628,2022-01-13,MIN @ MEM,L,38,9,20,0.45,5,11,0.455,7,7,1.0,0,2,2,4,1,0,3,2,30,-2,1,2021-22,Regular Season,1630162,Anthony Edwards
22021,1630162,0022100652,2022-01-16,MIN vs. GSW,W,28,3,8,0.375,2,4,0.5,1,1,1.0,0,1,1,2,1,1,2,0,9,2,1,2021-22,Regular Season,1630162,Anthony Edwards
22021,1630162,0022100666,2022-01-18,MIN @ NYK,W,39,8,17,0.471,2,9,0.222,3,4,0.75,0,3,3,3,2,0,4,3,21,8,1,2021-22,Regular Season,1630162,Anthony Edwards
22021,1630162,0022100670,2022-01-19,MIN @ ATL,L,24,7,16,0.438,4,10,0.4,2,2,1.0,2,3,5,0,0,0,0,2,20,-1,1,2021-22,Regular Season,1630162,Anthony Edwards
22021,1630162,0022100706,2022-01-23,MIN vs. BKN,W,31,8,17,0.471,4,8,0.5,5,6,0.833,0,1,1,4,2,0,1,2,25,6,1,2021-22,Regular Season,1630162,Anthony Edwards
22021,1630162,0022100721,2022-01-25,MIN @ POR,W,39,14,27,0.519,5,13,0.385,7,11,0.636,1,8,9,0,3,3,1,4,40,14,1,2021-22,Regular Season,1630162,Anthony Edwards
22021,1630162,0022100734,2022-01-27,MIN @ GSW,L,37,8,18,0.444,2,11,0.182,9,9,1.0,2,4,6,6,1,2,3,2,27,-11,1,2021-22,Regular Season,1630162,Anthony Edwards
22021,1630162,0022100743,2022-01-28,MIN @ PHX,L,37,9,20,0.45,4,11,0.364,5,6,0.833,0,5,5,10,4,1,1,3,27,6,1,2021-22,Regular Season,1630162,Anthony Edwards
22021,1630162,0022100757,2022-01-30,MIN vs. UTA,W,36,6,16,0.375,2,9,0.222,1,1,1.0,0,3,3,4,1,0,5,0,15,15,1,2021-22,Regular Season,1630162,Anthony Edwards
22021,1630162,0022100770,2022-02-01,MIN vs. DEN,W,26,2,8,0.25,1,6,0.167,0,0,0.0,0,0,0,2,0,1,0,1,5,3,1,2021-22,Regular Season,1630162,Anthony Edwards
22021,1630162,0022100782,2022-02-03,MIN @ DET,W,34,9,21,0.429,2,9,0.222,5,5,1.0,0,3,3,1,1,0,2,3,25,-2,1,2021-22,Regular Season,1630162,Anthony Edwards
22021,1630162,0022100803,2022-02-06,MIN vs. DET,W,35,4,12,0.333,2,6,0.333,7,9,0.778,0,2,2,5,2,0,0,3,17,-1,1,2021-22,Regular Season,1630162,Anthony Edwards
22021,1630162,0022100824,2022-02-08,MIN @ SAC,W,26,2,12,0.167,0,3,0.0,1,2,0.5,1,2,3,3,1,0,2,2,5,6,1,2021-22,Regular Season,1630162,Anthony Edwards
22021,1630162,0022100830,2022-02-09,MIN @ SAC,L,38,10,25,0.4,3,9,0.333,3,4,0.75,0,1,1,1,0,1,2,4,26,4,1,2021-22,Regular Season,1630162,Anthony Edwards
22021,1630162,0022100843,2022-02-11,MIN @ CHI,L,37,12,22,0.545,3,9,0.333,4,6,0.667,0,6,6,8,0,1,4,2,31,-3,1,2021-22,Regular Season,1630162,Anthony Edwards
22021,1630162,0022100857,2022-02-13,MIN @ IND,W,39,13,25,0.52,7,13,0.538,4,7,0.571,0,5,5,4,4,1,3,1,37,13,1,2021-22,Regular Season,1630162,Anthony Edwards
22021,1630162,0022100871,2022-02-15,MIN vs. CHA,W,18,3,10,0.3,1,6,0.167,2,5,0.4,2,2,4,1,1,1,0,1,9,8,1,2021-22,Regular Season,1630162,Anthony Edwards
22021,1630162,0022100880,2022-02-16,MIN vs. TOR,L,32,0,8,0.0,0,5,0.0,6,10,0.6,0,3,3,1,0,0,1,3,6,-8,1,2021-22,Regular Season,1630162,Anthony Edwards
22021,1630162,0022100892,2022-02-24,MIN vs. MEM,W,32,1,11,0.091,0,6,0.0,3,6,0.5,1,3,4,7,0,2,3,0,5,5,1,2021-22,Regular Season,1630162,Anthony Edwards
22021,1630162,0022100901,2022-02-25,MIN vs. PHI,L,38,5,13,0.385,1,6,0.167,4,6,0.667,1,2,3,5,1,1,2,3,15,-22,1,2021-22,Regular Season,1630162,Anthony Edwards
22021,1630162,0022100920,2022-02-28,MIN @ CLE,W,32,7,13,0.538,1,5,0.2,2,2,1.0,2,2,4,4,4,0,4,5,17,7,1,2021-22,Regular Season,1630162,Anthony Edwards
22021,1630162,0022100986,2022-03-09,MIN vs. OKC,W,25,7,15,0.467,2,8,0.25,0,0,0.0,0,1,1,3,2,1,4,2,16,7,1,2021-22,Regular Season,1630162,Anthony Edwards
22021,1630162,0022100995,2022-03-11,MIN @ ORL,L,34,9,19,0.474,4,11,0.364,3,3,1.0,0,3,3,5,1,0,0,3,25,-3,1,2021-22,Regular Season,1630162,Anthony Edwards
22021,1630162,0022101005,2022-03-12,MIN @ MIA,W,36,4,10,0.4,3,8,0.375,4,4,1.0,0,8,8,5,3,1,1,1,15,5,1,2021-22,Regular Season,1630162,Anthony Edwards
22021,1630162,0022101024,2022-03-14,MIN @ SAS,W,30,2,7,0.286,1,2,0.5,0,0,0.0,2,1,3,3,1,1,2,2,5,4,1,2021-22,Regular Season,1630162,Anthony Edwards
22021,1630162,0022101039,2022-03-16,MIN vs. LAL,W,32,8,21,0.381,6,11,0.545,5,6,0.833,2,4,6,4,2,1,3,3,27,19,1,2021-22,Regular Season,1630162,Anthony Edwards
22021,1630162,0022101058,2022-03-19,MIN vs. MIL,W,33,9,16,0.563,5,10,0.5,2,2,1.0,0,5,5,4,3,0,1,1,25,18,1,2021-22,Regular Season,1630162,Anthony Edwards
22021,1630162,0022101079,2022-03-21,MIN @ DAL,L,38,5,13,0.385,3,5,0.6,6,7,0.857,0,6,6,3,0,0,1,1,19,0,1,2021-22,Regular Season,1630162,Anthony Edwards
22021,1630162,0022101090,2022-03-23,MIN vs. PHX,L,35,7,17,0.412,3,8,0.375,2,2,1.0,1,3,4,4,1,0,4,3,19,-9,1,2021-22,Regular Season,1630162,Anthony Edwards
22021,1630162,0022101104,2022-03-25,MIN vs. DAL,W,32,6,14,0.429,0,4,0.0,0,1,0.0,0,6,6,4,1,0,2,3,12,24,1,2021-22,Regular Season,1630162,Anthony Edwards
22021,1630162,0022101116,2022-03-27,MIN @ BOS,L,37,9,16,0.563,5,9,0.556,1,1,1.0,0,5,5,6,1,0,5,2,24,-14,1,2021-22,Regular Season,1630162,Anthony Edwards
22021,1630162,0022101141,2022-03-30,MIN @ TOR,L,32,10,18,0.556,4,7,0.571,0,0,0.0,1,7,8,4,1,1,3,4,24,-19,1,2021-22,Regular Season,1630162,Anthony Edwards
22021,1630162,0022101159,2022-04-01,MIN @ DEN,W,40,6,15,0.4,3,7,0.429,3,4,0.75,2,6,8,7,1,0,2,2,18,-1,1,2021-22,Regular Season,1630162,Anthony Edwards
22021,1630162,0022101173,2022-04-03,MIN @ HOU,W,35,12,21,0.571,4,12,0.333,5,5,1.0,0,4,4,5,2,1,2,2,33,2,1,2021-22,Regular Season,1630162,Anthony Edwards
22021,1630162,0022101184,2022-04-05,MIN vs. WAS,L,32,8,17,0.471,1,6,0.167,1,1,1.0,1,5,6,4,0,0,2,2,18,-17,1,2021-22,Regular Season,1630162,Anthony Edwards
22021,1630162,0022101199,2022-04-07,MIN vs. SAS,W,39,16,28,0.571,6,14,0.429,11,14,0.786,2,4,6,8,1,0,2,2,49,18,1,2021-22,Regular Season,1630162,Anthony Edwards
22021,1630162,0022101224,2022-04-10,MIN vs. CHI,L,18,3,8,0.375,0,4,0.0,2,2,1.0,0,0,0,1,1,0,1,1,8,-12,1,2021-22,Regular Season,1630162,Anthony Edwards
42021,1630162,0042100151,2022-04-16,MIN @ MEM,W,40,12,23,0.522,4,11,0.364,8,8,1.0,0,2,2,6,1,2,2,5,36,12,1,2021-22,Playoffs,1630162,Anthony Edwards
42021,1630162,0042100152,2022-04-19,MIN @ MEM,L,34,7,16,0.438,4,10,0.4,2,2,1.0,1,5,6,1,1,0,5,4,20,-16,1,2021-22,Playoffs,1630162,Anthony Edwards
42021,1630162,0042100153,2022-04-21,MIN vs. MEM,L,40,6,13,0.462,4,9,0.444,3,6,0.5,0,7,7,2,1,0,2,3,19,-9,1,2021-22,Playoffs,1630162,Anthony Edwards
42021,1630162,0042100154,2022-04-23,MIN vs. MEM,W,37,7,14,0.5,4,8,0.5,6,6,1.0,1,3,4,4,2,3,3,2,24,-2,1,2021-22,Playoffs,1630162,Anthony Edwards
42021,1630162,0042100155,2022-04-26,MIN @ MEM,L,35,8,20,0.4,3,9,0.333,3,4,0.75,1,0,1,0,0,0,1,5,22,-2,1,2021-22,Playoffs,1630162,Anthony Edwards
42021,1630162,0042100156,2022-04-29,MIN vs. MEM,L,41,10,24,0.417,4,10,0.4,6,8,0.75,1,4,5,5,2,2,2,3,30,-5,1,2021-22,Playoffs,1630162,Anthony Edwards
22021,1630567,0022100006,2021-10-20,TOR vs. WAS,L,33,5,13,0.385,0,1,0.0,2,3,0.667,3,6,9,1,1,0,6,5,12,-11,1,2021-22,Regular Season,1630567,Scottie Barnes
22021,1630567,0022100020,2021-10-22,TOR @ BOS,W,35,11,17,0.647,1,2,0.5,2,2,1.0,6,7,13,2,0,0,1,1,25,29,1,2021-22,Regular Season,1630567,Scottie Barnes
22021,1630567,0022100029,2021-10-23,TOR vs. DAL,L,30,6,12,0.5,0,2,0.0,5,7,0.714,4,4,8,2,0,0,0,5,17,7,1,2021-22,Regular Season,1630567,Scottie Barnes
22021,1630567,0022100046,2021-10-25,TOR vs. CHI,L,39,6,8,0.75,0,1,0.0,1,2,0.5,1,3,4,0,1,1,6,2,13,-10,1,2021-22,Regular Season,1630567,Scottie Barnes
22021,1630567,0022100058,2021-10-27,TOR vs. IND,W,36,8,17,0.471,0,0,0.0,2,2,1.0,3,4,7,7,0,2,2,3,18,6,1,2021-22,Regular Season,1630567,Scottie Barnes
22021,1630567,0022100071,2021-10-29,TOR vs. ORL,W,37,9,14,0.643,1,2,0.5,2,2,1.0,2,7,9,1,2,1,1,1,21,-13,1,2021-22,Regular Season,1630567,Scottie Barnes
22021,1630567,0022100081,2021-10-30,TOR @ IND,W,35,9,17,0.529,0,1,0.0,3,6,0.5,2,10,12,1,1,0,1,2,21,1,1,2021-22,Regular Season,1630567,Scottie Barnes
22021,1630567,0022100127,2021-11-05,TOR vs. CLE,L,38,7,19,0.368,0,0,0.0,0,0,0.0,6,3,9,4,1,2,0,1,14,5,1,2021-22,Regular Season,1630567,Scottie Barnes
22021,1630567,0022100139,2021-11-07,TOR vs. BKN,L,31,4,7,0.571,0,1,0.0,0,0,0.0,1,6,7,4,5,0,1,5,8,-7,1,2021-22,Regular Season,1630567,Scottie Barnes
22021,1630567,0022100160,2021-11-10,TOR @ BOS,L,32,7,11,0.636,0,0,0.0,7,8,0.875,1,6,7,4,0,0,3,4,21,-5,1,2021-22,Regular Season,1630567,Scottie Barnes
22021,1630567,0022100171,2021-11-11,TOR @ PHI,W,39,6,13,0.462,0,0,0.0,1,1,1.0,6,3,9,4,1,2,2,2,13,11,1,2021-22,Regular Season,1630567,Scottie Barnes
22021,1630567,0022100189,2021-11-13,TOR vs. DET,L,38,4,10,0.4,0,0,0.0,3,4,0.75,1,5,6,4,1,0,3,2,11,-5,1,2021-22,Regular Season,1630567,Scottie Barnes
22021,1630567,0022100208,2021-11-15,TOR @ POR,L,40,6,14,0.429,0,1,0.0,6,6,1.0,1,7,8,2,0,0,3,2,18,-7,1,2021-22,Regular Season,1630567,Scottie Barnes
22021,1630567,0022100229,2021-11-18,TOR @ UTA,L,35,5,11,0.455,0,2,0.0,0,0,0.0,4,2,6,6,1,0,2,1,10,-10,1,2021-22,Regular Season,1630567,Scottie Barnes
22021,1630567,0022100238,2021-11-19,TOR @ SAC,W,33,1,8,0.125,0,0,0.0,0,0,0.0,1,6,7,6,1,1,0,2,2,2,1,2021-22,Regular Season,1630567,Scottie Barnes
22021,1630567,0022100252,2021-11-21,TOR @ GSW,L,28,3,11,0.273,2,3,0.667,2,7,0.286,5,8,13,5,2,0,2,4,10,-18,1,2021-22,Regular Season,1630567,Scottie Barnes
22021,1630567,0022100272,2021-11-24,TOR @ MEM,W,39,8,14,0.571,1,3,0.333,0,0,0.0,3,6,9,3,0,0,3,1,17,18,1,2021-22,Regular Season,1630567,Scottie Barnes
22021,1630567,0022100284,2021-11-26,TOR @ IND,L,35,5,9,0.556,0,0,0.0,7,9,0.778,3,4,7,4,2,1,1,4,17,-13,1,2021-22,Regular Season,1630567,Scottie Barnes
22021,1630567,0022100302,2021-11-28,TOR vs. BOS,L,37,7,16,0.438,4,9,0.444,3,4,0.75,5,2,7,3,2,1,3,3,21,-22,1,2021-22,Regular Season,1630567,Scottie Barnes
22021,1630567,0022100315,2021-11-30,TOR vs. MEM,L,38,8,16,0.5,3,6,0.5,0,0,0.0,2,5,7,3,2,4,4,1,19,-11,1,2021-22,Regular Season,1630567,Scottie Barnes
22021,1630567,0022100329,2021-12-02,TOR vs. MIL,W,39,5,9,0.556,3,6,0.5,0,0,0.0,2,5,7,4,3,1,0,5,13,1,1,2021-22,Regular Season,1630567,Scottie Barnes
22021,1630567,0022100351,2021-12-05,TOR vs. WAS,W,37,5,10,0.5,0,2,0.0,1,2,0.5,1,5,6,1,0,1,1,5,11,11,1,2021-22,Regular Season,1630567,Scottie Barnes
22021,1630567,0022100371,2021-12-08,TOR vs. OKC,L,39,8,17,0.471,2,7,0.286,0,0,0.0,3,5,8,5,1,2,1,1,18,-8,1,2021-22,Regular Season,1630567,Scottie Barnes
22021,1630567,0022100385,2021-12-10,TOR vs. NYK,W,41,6,12,0.5,0,1,0.0,0,0,0.0,4,11,15,3,2,2,1,4,12,14,1,2021-22,Regular Season,1630567,Scottie Barnes
22021,1630567,0022100406,2021-12-13,TOR vs. SAC,W,32,6,14,0.429,1,2,0.5,3,4,0.75,0,3,3,2,0,5,0,4,16,19,1,2021-22,Regular Season,1630567,Scottie Barnes
22021,1630567,0022100413,2021-12-14,TOR @ BKN,L,44,7,13,0.538,3,5,0.6,6,8,0.75,7,5,12,5,0,0,2,4,23,-7,1,2021-22,Regular Season,1630567,Scottie Barnes
22021,1630567,0022100443,2021-12-18,TOR vs. GSW,W,33,8,12,0.667,0,2,0.0,5,7,0.714,4,4,8,6,0,0,1,3,21,26,1,2021-22,Regular Season,1630567,Scottie Barnes
22021,1630567,0022100545,2022-01-02,TOR vs. NYK,W,30,4,9,0.444,2,5,0.4,3,4,0.75,1,3,4,0,1,1,4,2,13,19,1,2021-22,Regular Season,1630567,Scottie Barnes
22021,1630567,0022100563,2022-01-04,TOR vs. SAS,W,33,4,7,0.571,0,2,0.0,3,4,0.75,2,7,9,8,1,1,1,4,11,15,1,2021-22,Regular Season,1630567,Scottie Barnes
22021,1630567,0022100573,2022-01-05,TOR @ MIL,W,38,2,6,0.333,0,2,0.0,2,4,0.5,2,4,6,4,1,0,4,5,6,4,1,2021-22,Regular Season,1630567,Scottie Barnes
22021,1630567,0022100584,2022-01-07,TOR vs. UTA,W,31,5,14,0.357,0,3,0.0,1,2,0.5,5,4,9,6,1,1,1,1,11,-9,1,2021-22,Regular Season,1630567,Scottie Barnes
22021,1630567,0022100599,2022-01-09,TOR vs. NOP,W,33,3,10,0.3,1,3,0.333,0,0,0.0,1,3,4,2,0,0,2,2,7,4,1,2021-22,Regular Season,1630567,Scottie Barnes
22021,1630567,0022100633,2022-01-14,TOR @ DET,L,33,4,13,0.308,0,4,0.0,0,0,0.0,3,4,7,2,1,0,1,3,8,-8,1,2021-22,Regular Season,1630567,Scottie Barnes
22021,1630567,0022100662,2022-01-17,TOR @ MIA,L,39,6,18,0.333,2,5,0.4,2,3,0.667,1,7,8,6,1,0,2,4,16,-5,1,2021-22,Regular Season,1630567,Scottie Barnes
22021,1630567,0022100675,2022-01-19,TOR @ DAL,L,28,4,9,0.444,1,3,0.333,2,2,1.0,2,3,5,0,1,1,0,5,11,-3,1,2021-22,Regular Season,1630567,Scottie Barnes
22021,1630567,0022100689,2022-01-21,TOR @ WAS,W,40,12,19,0.632,0,1,0.0,3,4,0.75,3,5,8,1,1,0,2,3,27,-5,1,2021-22,Regular Season,1630567,Scottie Barnes
22021,1630567,0022100702,2022-01-23,TOR vs. POR,L,34,3,14,0.214,3,11,0.273,0,0,0.0,2,4,6,6,1,2,2,1,9,-18,1,2021-22,Regular Season,1630567,Scottie Barnes
22021,1630567,0022100472,2022-01-26,TOR @ CHI,L,38,6,11,0.545,0,3,0.0,4,6,0.667,0,5,5,7,0,1,3,2,16,-10,1,2021-22,Regular Season,1630567,Scottie Barnes
22021,1630567,0022100748,2022-01-29,TOR @ MIA,W,56,7,13,0.538,3,6,0.5,5,6,0.833,3,6,9,3,1,0,3,4,22,9,1,2021-22,Regular Season,1630567,Scottie Barnes
22021,1630567,0022100767,2022-01-31,TOR @ ATL,W,36,3,7,0.429,0,2,0.0,1,1,1.0,2,4,6,1,1,3,2,2,7,9,1,2021-22,Regular Season,1630567,Scottie Barnes
22021,1630567,0022100784,2022-02-01,TOR vs. MIA,W,42,5,13,0.385,1,2,0.5,0,0,0.0,2,7,9,2,0,0,1,4,11,5,1,2021-22,Regular Season,1630567,Scottie Barnes
22021,1630567,0022100430,2022-02-03,TOR vs. CHI,W,37,9,16,0.563,2,4,0.5,1,2,0.5,3,5,8,2,0,1,1,2,21,-8,1,2021-22,Regular Season,1630567,Scottie Barnes
22021,1630567,0022100790,2022-02-04,TOR vs. ATL,W,38,6,11,0.545,1,2,0.5,3,4,0.75,1,8,9,4,2,0,5,1,16,2,1,2021-22,Regular Season,1630567,Scottie Barnes
22021,1630567,0022100810,2022-02-07,TOR @ CHA,W,31,4,9,0.444,1,2,0.5,6,7,0.857,0,8,8,3,1,0,2,5,15,7,1,2021-22,Regular Season,1630567,Scottie Barnes
22021,1630567,0022100827,2022-02-09,TOR @ OKC,W,31,5,9,0.556,1,1,1.0,6,6,1.0,0,2,2,4,0,0,1,1,17,22,1,2021-22,Regular Season,1630567,Scottie Barnes
22021,1630567,0022100834,2022-02-10,TOR @ HOU,W,33,4,9,0.444,1,5,0.2,0,0,0.0,2,5,7,6,1,0,1,2,9,7,1,2021-22,Regular Season,1630567,Scottie Barnes
22021,1630567,0022100850,2022-02-12,TOR vs. DEN,L,30,7,14,0.5,0,1,0.0,3,5,0.6,1,4,5,1,3,0,1,3,17,-8,1,2021-22,Regular Season,1630567,Scottie Barnes
22021,1630567,0022100863,2022-02-14,TOR @ NOP,L,20,2,10,0.2,0,2,0.0,1,2,0.5,2,2,4,0,0,1,0,0,5,-25,1,2021-22,Regular Season,1630567,Scottie Barnes
22021,1630567,0022100880,2022-02-16,TOR @ MIN,W,32,4,9,0.444,1,3,0.333,0,0,0.0,0,4,4,4,3,1,1,0,9,0,1,2021-22,Regular Season,1630567,Scottie Barnes
22021,1630567,0022100896,2022-02-25,TOR @ CHA,L,32,13,18,0.722,0,1,0.0,2,2,1.0,2,3,5,1,2,0,3,1,28,-24,1,2021-22,Regular Season,1630567,Scottie Barnes
22021,1630567,0022100906,2022-02-26,TOR @ ATL,L,21,3,5,0.6,0,0,0.0,0,0,0.0,1,3,4,0,0,1,2,4,6,-25,1,2021-22,Regular Season,1630567,Scottie Barnes
22021,1630567,0022100726,2022-02-28,TOR @ BKN,W,34,12,14,0.857,1,1,1.0,3,4,0.75,9,7,16,4,5,1,5,1,28,30,1,2021-22,Regular Season,1630567,Scottie Barnes
22021,1630567,0022100928,2022-03-01,TOR vs. BKN,W,41,8,13,0.615,0,1,0.0,2,2,1.0,3,7,10,4,1,1,3,1,18,0,1,2021-22,Regular Season,1630567,Scottie Barnes
22021,1630567,0022100942,2022-03-03,TOR vs. DET,L,40,7,13,0.538,1,3,0.333,6,8,0.75,6,4,10,2,1,1,3,2,21,-2,1,2021-22,Regular Season,1630567,Scottie Barnes
22021,1630567,0022100458,2022-03-04,TOR vs. ORL,L,38,4,15,0.267,1,5,0.2,1,1,1.0,2,3,5,4,0,2,3,2,10,-8,1,2021-22,Regular Season,1630567,Scottie Barnes
22021,1630567,0022100962,2022-03-06,TOR @ CLE,L,42,8,14,0.571,0,2,0.0,3,6,0.5,4,8,12,6,3,0,0,3,19,-2,1,2021-22,Regular Season,1630567,Scottie Barnes
22021,1630567,0022100989,2022-03-09,TOR @ SAS,W,34,8,12,0.667,0,0,0.0,4,4,1.0,2,6,8,1,0,0,0,3,20,11,1,2021-22,Regular Season,1630567,Scottie Barnes
22021,1630567,0022101003,2022-03-11,TOR @ PHX,W,37,7,17,0.412,1,3,0.333,0,0,0.0,3,3,6,1,5,2,2,1,15,-16,1,2021-22,Regular Season,1630567,Scottie Barnes
22021,1630567,0022101009,2022-03-12,TOR @ DEN,W,39,11,20,0.55,2,4,0.5,1,3,0.333,3,5,8,10,2,1,1,3,25,15,1,2021-22,Regular Season,1630567,Scottie Barnes
22021,1630567,0022101028,2022-03-14,TOR @ LAL,W,40,9,17,0.529,1,2,0.5,2,3,0.667,4,5,9,5,1,2,2,3,21,21,1,2021-22,Regular Season,1630567,Scottie Barnes
22021,1630567,0022101044,2022-03-16,TOR @ LAC,W,40,7,16,0.438,1,2,0.5,0,0,0.0,1,3,4,1,1,0,2,1,15,7,1,2021-22,Regular Season,1630567,Scottie Barnes
22021,1630567,0022101051,2022-03-18,TOR vs. LAL,L,42,14,21,0.667,1,4,0.25,2,2,1.0,4,13,17,6,1,0,2,1,31,5,1,2021-22,Regular Season,1630567,Scottie Barnes
22021,1630567,0022101069,2022-03-20,TOR @ PHI,W,42,6,21,0.286,1,5,0.2,0,3,0.0,3,3,6,4,1,0,2,2,13,5,1,2021-22,Regular Season,1630567,Scottie Barnes
22021,1630567,0022101076,2022-03-21,TOR @ CHI,L,35,3,9,0.333,0,1,0.0,2,2,1.0,2,4,6,5,0,2,3,5,8,-20,1,2021-22,Regular Season,1630567,Scottie Barnes
22021,1630567,0022101095,2022-03-24,TOR vs. CLE,W,35,4,9,0.444,0,2,0.0,3,4,0.75,5,1,6,4,2,1,2,2,11,4,1,2021-22,Regular Season,1630567,Scottie Barnes
22021,1630567,0022101109,2022-03-26,TOR vs. IND,W,31,8,11,0.727,0,1,0.0,3,4,0.75,1,5,6,7,0,1,0,1,19,25,1,2021-22,Regular Season,1630567,Scottie Barnes
22021,1630567,0022101127,2022-03-28,TOR vs. BOS,W,30,5,12,0.417,0,3,0.0,0,0,0.0,2,2,4,4,0,0,2,6,10,-10,1,2021-22,Regular Season,1630567,Scottie Barnes
22021,1630567,0022101141,2022-03-30,TOR vs. MIN,W,25,7,9,0.778,0,0,0.0,3,4,0.75,2,3,5,4,1,1,3,2,17,6,1,2021-22,Regular Season,1630567,Scottie Barnes
22021,1630567,0022101151,2022-04-01,TOR @ ORL,W,36,6,13,0.462,1,3,0.333,6,6,1.0,5,3,8,7,0,0,0,2,19,32,1,2021-22,Regular Season,1630567,Scottie Barnes
22021,1630567,0022101172,2022-04-03,TOR vs. MIA,L,35,7,16,0.438,3,9,0.333,2,2,1.0,2,5,7,2,2,0,0,5,19,-3,1,2021-22,Regular Season,1630567,Scottie Barnes
22021,1630567,0022101182,2022-04-05,TOR vs. ATL,W,35,7,13,0.538,1,3,0.333,4,7,0.571,6,8,14,1,0,0,0,1,19,6,1,2021-22,Regular Season,1630567,Scottie Barnes
22021,1630567,0022101197,2022-04-07,TOR vs. PHI,W,41,6,12,0.5,1,3,0.333,0,0,0.0,2,8,10,2,0,0,2,3,13,-7,1,2021-22,Regular Season,1630567,Scottie Barnes
22021,1630567,0022101206,2022-04-08,TOR vs. HOU,W,34,7,13,0.538,0,2,0.0,2,2,1.0,2,2,4,2,1,0,2,1,16,8,1,2021-22,Regular Season,1630567,Scottie Barnes
22021,1630567,0022101226,2022-04-10,TOR @ NYK,L,22,3,5,0.6,1,2,0.5,0,0,0.0,0,2,2,5,1,0,2,3,7,-7,1,2021-22,Regular Season,1630567,Scottie Barnes
42021,1630567,0042100131,2022-04-16,TOR @ PHI,L,32,4,6,0.667,0,0,0.0,7,9,0.778,2,8,10,8,0,1,2,1,15,-10,1,2021-22,Playoffs,1630567,Scottie Barnes
42021,1630567,0042100134,2022-04-23,TOR vs. PHI,W,26,1,6,0.167,0,4,0.0,4,5,0.8,0,11,11,2,0,0,0,3,6,3,1,2021-22,Playoffs,1630567,Scottie Barnes
42021,1630567,0042100135,2022-04-25,TOR @ PHI,W,41,5,10,0.5,0,1,0.0,2,2,1.0,1,7,8,4,3,0,1,3,12,13,1,2021-22,Playoffs,1630567,Scottie Barnes
42021,1630567,0042100136,2022-04-28,TOR vs. PHI,L,35,8,20,0.4,2,7,0.286,0,0,0.0,4,3,7,3,1,0,2,5,18,-33,1,2021-22,Playoffs,1630567,Scottie Barnes
22021,1630532,0022100010,2021-10-20,ORL @ SAS,L,32,6,9,0.667,0,2,0.0,0,0,0.0,2,2,4,2,1,2,0,2,12,-4,1,2021-22,Regular Season,1630532,Franz Wagner
22021,1630532,0022100018,2021-10-22,ORL vs. NYK,L,34,6,12,0.5,4,5,0.8,0,0,0.0,1,3,4,0,0,0,3,1,16,-8,1,2021-22,Regular Season,1630532,Franz Wagner
22021,1630532,0022100036,2021-10-24,ORL @ NYK,W,39,4,11,0.364,1,6,0.167,1,2,0.5,1,6,7,2,2,0,1,3,10,10,1,2021-22,Regular Season,1630532,Franz Wagner
22021,1630532,0022100045,2021-10-25,ORL @ MIA,L,27,6,13,0.462,2,7,0.286,1,2,0.5,0,2,2,4,1,1,0,2,15,-5,1,2021-22,Regular Season,1630532,Franz Wagner
22021,1630532,0022100055,2021-10-27,ORL vs. CHA,L,32,5,7,0.714,3,4,0.75,2,2,1.0,0,1,1,1,1,1,1,3,15,6,1,2021-22,Regular Season,1630532,Franz Wagner
22021,1630532,0022100071,2021-10-29,ORL @ TOR,L,34,4,12,0.333,1,2,0.5,1,1,1.0,3,1,4,2,1,0,2,4,10,1,1,2021-22,Regular Season,1630532,Franz Wagner
22021,1630532,0022100079,2021-10-30,ORL @ DET,L,28,8,15,0.533,3,6,0.5,0,0,0.0,1,2,3,2,1,0,1,1,19,-6,1,2021-22,Regular Season,1630532,Franz Wagner
22021,1630532,0022100101,2021-11-01,ORL @ MIN,W,31,10,18,0.556,5,9,0.556,3,5,0.6,2,2,4,2,2,1,0,0,28,14,1,2021-22,Regular Season,1630532,Franz Wagner
22021,1630532,0022100110,2021-11-03,ORL vs. BOS,L,32,4,10,0.4,1,7,0.143,0,0,0.0,0,3,3,0,1,0,0,4,9,-15,1,2021-22,Regular Season,1630532,Franz Wagner
22021,1630532,0022100125,2021-11-05,ORL vs. SAS,L,29,3,11,0.273,1,5,0.2,0,0,0.0,1,2,3,4,1,1,1,2,7,-7,1,2021-22,Regular Season,1630532,Franz Wagner
22021,1630532,0022100141,2021-11-07,ORL vs. UTA,W,32,4,10,0.4,0,1,0.0,2,2,1.0,1,3,4,4,1,0,0,4,10,4,1,2021-22,Regular Season,1630532,Franz Wagner
22021,1630532,0022100159,2021-11-10,ORL vs. BKN,L,32,4,11,0.364,0,4,0.0,2,2,1.0,4,3,7,1,6,0,4,3,10,-25,1,2021-22,Regular Season,1630532,Franz Wagner
22021,1630532,0022100187,2021-11-13,ORL vs. WAS,L,35,2,11,0.182,0,1,0.0,4,4,1.0,1,3,4,0,1,1,0,3,8,8,1,2021-22,Regular Season,1630532,Franz Wagner
22021,1630532,0022100202,2021-11-15,ORL @ ATL,L,35,7,14,0.5,2,3,0.667,3,5,0.6,1,4,5,3,0,1,3,3,19,-19,1,2021-22,Regular Season,1630532,Franz Wagner
22021,1630532,0022100218,2021-11-17,ORL @ NYK,W,34,6,11,0.545,1,2,0.5,3,3,1.0,3,6,9,1,0,0,2,4,16,8,1,2021-22,Regular Season,1630532,Franz Wagner
22021,1630532,0022100233,2021-11-19,ORL @ BKN,L,29,5,13,0.385,2,6,0.333,5,6,0.833,1,1,2,5,1,1,1,6,17,-5,1,2021-22,Regular Season,1630532,Franz Wagner
22021,1630532,0022100244,2021-11-20,ORL @ MIL,L,21,1,4,0.25,1,2,0.5,0,0,0.0,0,0,0,2,0,0,0,1,3,-20,1,2021-22,Regular Season,1630532,Franz Wagner
22021,1630532,0022100258,2021-11-22,ORL @ MIL,L,24,0,9,0.0,0,3,0.0,0,0,0.0,2,2,4,1,0,0,1,1,0,-38,1,2021-22,Regular Season,1630532,Franz Wagner
22021,1630532,0022100269,2021-11-24,ORL vs. CHA,L,33,7,12,0.583,2,2,1.0,0,0,0.0,2,5,7,4,0,0,0,2,16,2,1,2021-22,Regular Season,1630532,Franz Wagner
22021,1630532,0022100283,2021-11-26,ORL vs. CHI,L,29,6,14,0.429,0,3,0.0,3,4,0.75,0,5,5,4,0,1,2,1,15,-4,1,2021-22,Regular Season,1630532,Franz Wagner
22021,1630532,0022100295,2021-11-27,ORL @ CLE,L,34,4,13,0.308,1,3,0.333,3,4,0.75,3,5,8,4,1,1,0,2,12,1,1,2021-22,Regular Season,1630532,Franz Wagner
22021,1630532,0022100305,2021-11-29,ORL @ PHI,L,38,11,24,0.458,1,5,0.2,4,6,0.667,0,6,6,5,1,0,2,1,27,4,1,2021-22,Regular Season,1630532,Franz Wagner
22021,1630532,0022100320,2021-12-01,ORL vs. DEN,W,33,6,9,0.667,1,1,1.0,2,2,1.0,0,3,3,5,3,1,3,2,15,8,1,2021-22,Regular Season,1630532,Franz Wagner
22021,1630532,0022100337,2021-12-03,ORL @ HOU,L,33,6,14,0.429,2,4,0.5,3,3,1.0,2,3,5,5,2,0,2,5,17,-1,1,2021-22,Regular Season,1630532,Franz Wagner
22021,1630532,0022100361,2021-12-06,ORL @ GSW,L,31,7,13,0.538,1,3,0.333,0,0,0.0,3,1,4,6,3,0,1,0,15,-19,1,2021-22,Regular Season,1630532,Franz Wagner
22021,1630532,0022100377,2021-12-08,ORL @ SAC,L,33,5,10,0.5,2,2,1.0,7,7,1.0,0,6,6,4,1,0,1,2,19,-6,1,2021-22,Regular Season,1630532,Franz Wagner
22021,1630532,0022100391,2021-12-11,ORL @ LAC,L,34,8,10,0.8,2,2,1.0,2,3,0.667,1,2,3,3,0,1,2,3,20,3,1,2021-22,Regular Season,1630532,Franz Wagner
22021,1630532,0022100403,2021-12-12,ORL @ LAL,L,39,8,18,0.444,2,5,0.4,2,4,0.5,0,7,7,2,0,0,4,3,20,-15,1,2021-22,Regular Season,1630532,Franz Wagner
22021,1630532,0022100418,2021-12-15,ORL vs. ATL,L,34,5,14,0.357,0,3,0.0,0,0,0.0,2,4,6,2,1,0,2,4,10,-17,1,2021-22,Regular Season,1630532,Franz Wagner
22021,1630532,0022100433,2021-12-17,ORL vs. MIA,L,36,11,23,0.478,0,3,0.0,5,6,0.833,2,4,6,4,1,0,1,0,27,-3,1,2021-22,Regular Season,1630532,Franz Wagner
22021,1630532,0022100442,2021-12-18,ORL @ BKN,W,28,4,14,0.286,0,2,0.0,6,6,1.0,0,11,11,6,1,0,2,2,14,8,1,2021-22,Regular Season,1630532,Franz Wagner
22021,1630532,0022100470,2021-12-22,ORL @ ATL,W,36,10,24,0.417,1,6,0.167,4,5,0.8,1,3,4,1,1,2,2,2,25,1,1,2021-22,Regular Season,1630532,Franz Wagner
22021,1630532,0022100477,2021-12-23,ORL vs. NOP,L,34,7,16,0.438,1,4,0.25,5,6,0.833,2,3,5,1,0,2,1,3,20,-2,1,2021-22,Regular Season,1630532,Franz Wagner
22021,1630532,0022100493,2021-12-26,ORL @ MIA,L,32,4,11,0.364,1,1,1.0,4,5,0.8,1,1,2,1,2,0,3,1,13,-7,1,2021-22,Regular Season,1630532,Franz Wagner
22021,1630532,0022100508,2021-12-28,ORL vs. MIL,L,38,12,20,0.6,4,8,0.5,10,10,1.0,1,6,7,3,1,1,2,2,38,4,1,2021-22,Regular Season,1630532,Franz Wagner
22021,1630532,0022100526,2021-12-30,ORL vs. MIL,L,34,6,12,0.5,2,3,0.667,6,6,1.0,0,3,3,1,0,0,3,1,20,-5,1,2021-22,Regular Season,1630532,Franz Wagner
22021,1630532,0022100546,2022-01-02,ORL @ BOS,L,34,5,14,0.357,0,1,0.0,4,6,0.667,1,2,3,2,1,1,3,2,14,-16,1,2021-22,Regular Season,1630532,Franz Wagner
22021,1630532,0022100555,2022-01-03,ORL @ CHI,L,28,8,13,0.615,1,2,0.5,5,5,1.0,1,4,5,3,1,0,1,3,22,8,1,2021-22,Regular Season,1630532,Franz Wagner
22021,1630532,0022100568,2022-01-05,ORL vs. PHI,L,29,6,11,0.545,1,3,0.333,2,2,1.0,1,5,6,1,1,0,4,1,15,0,1,2021-22,Regular Season,1630532,Franz Wagner
22021,1630532,0022100593,2022-01-08,ORL @ DET,L,28,4,10,0.4,1,3,0.333,0,0,0.0,0,3,3,2,0,1,2,1,9,-8,1,2021-22,Regular Season,1630532,Franz Wagner
22021,1630532,0022100598,2022-01-09,ORL vs. WAS,L,29,6,13,0.462,0,2,0.0,4,4,1.0,2,4,6,1,0,0,1,1,16,-19,1,2021-22,Regular Season,1630532,Franz Wagner
22021,1630532,0022100620,2022-01-12,ORL @ WAS,L,32,6,16,0.375,0,2,0.0,2,2,1.0,3,3,6,10,1,0,0,1,14,-12,1,2021-22,Regular Season,1630532,Franz Wagner
22021,1630532,0022100632,2022-01-14,ORL @ CHA,W,37,8,11,0.727,1,3,0.333,2,2,1.0,1,5,6,7,1,2,5,2,19,24,1,2021-22,Regular Season,1630532,Franz Wagner
22021,1630532,0022100650,2022-01-15,ORL @ DAL,L,27,2,6,0.333,0,1,0.0,2,4,0.5,0,2,2,3,0,1,3,2,6,-13,1,2021-22,Regular Season,1630532,Franz Wagner
22021,1630532,0022100661,2022-01-17,ORL vs. POR,L,32,7,18,0.389,0,5,0.0,0,0,0.0,0,5,5,2,1,0,3,1,14,-12,1,2021-22,Regular Season,1630532,Franz Wagner
22021,1630532,0022100668,2022-01-19,ORL @ PHI,L,34,3,11,0.273,1,6,0.167,2,2,1.0,1,10,11,2,1,0,0,4,9,-20,1,2021-22,Regular Season,1630532,Franz Wagner
22021,1630532,0022100685,2022-01-21,ORL vs. LAL,L,38,6,9,0.667,1,1,1.0,2,2,1.0,0,3,3,3,0,2,2,3,15,-9,1,2021-22,Regular Season,1630532,Franz Wagner
22021,1630532,0022100701,2022-01-23,ORL vs. CHI,W,38,7,14,0.5,0,3,0.0,4,4,1.0,2,2,4,5,1,1,1,0,18,17,1,2021-22,Regular Season,1630532,Franz Wagner
22021,1630532,0022100724,2022-01-26,ORL vs. LAC,L,34,9,12,0.75,2,3,0.667,1,2,0.5,0,3,3,9,1,0,1,2,21,-1,1,2021-22,Regular Season,1630532,Franz Wagner
22021,1630532,0022100736,2022-01-28,ORL vs. DET,W,27,7,12,0.583,2,3,0.667,8,8,1.0,0,3,3,0,0,0,2,4,24,7,1,2021-22,Regular Season,1630532,Franz Wagner
22021,1630532,0022100755,2022-01-30,ORL vs. DAL,W,31,9,15,0.6,0,2,0.0,0,0,0.0,0,2,2,3,1,0,3,3,18,-2,1,2021-22,Regular Season,1630532,Franz Wagner
22021,1630532,0022100769,2022-02-01,ORL @ CHI,L,33,9,16,0.563,3,5,0.6,1,2,0.5,0,2,2,3,1,0,1,1,22,0,1,2021-22,Regular Season,1630532,Franz Wagner
22021,1630532,0022100773,2022-02-02,ORL @ IND,W,30,7,13,0.538,1,3,0.333,2,2,1.0,1,3,4,2,0,0,3,2,17,-11,1,2021-22,Regular Season,1630532,Franz Wagner
22021,1630532,0022100796,2022-02-05,ORL vs. MEM,L,27,5,9,0.556,3,5,0.6,2,2,1.0,0,1,1,3,0,0,0,2,15,-13,1,2021-22,Regular Season,1630532,Franz Wagner
22021,1630532,0022100806,2022-02-06,ORL vs. BOS,L,26,4,13,0.308,0,3,0.0,0,0,0.0,1,6,7,1,0,0,1,2,8,-11,1,2021-22,Regular Season,1630532,Franz Wagner
22021,1630532,0022100823,2022-02-08,ORL @ POR,W,30,5,14,0.357,3,4,0.75,0,0,0.0,3,6,9,7,0,0,2,1,13,11,1,2021-22,Regular Season,1630532,Franz Wagner
22021,1630532,0022100844,2022-02-11,ORL @ UTA,L,33,3,8,0.375,1,3,0.333,2,2,1.0,0,4,4,3,2,1,0,2,9,-4,1,2021-22,Regular Season,1630532,Franz Wagner
22021,1630532,0022100855,2022-02-12,ORL @ PHX,L,28,5,9,0.556,2,5,0.4,0,0,0.0,0,1,1,3,0,0,3,1,12,-12,1,2021-22,Regular Season,1630532,Franz Wagner
22021,1630532,0022100864,2022-02-14,ORL @ DEN,L,32,8,16,0.5,3,7,0.429,7,8,0.875,3,5,8,4,2,0,2,1,26,-1,1,2021-22,Regular Season,1630532,Franz Wagner
22021,1630532,0022100874,2022-02-16,ORL vs. ATL,L,29,5,9,0.556,1,3,0.333,1,1,1.0,0,3,3,2,0,1,1,3,12,-18,1,2021-22,Regular Season,1630532,Franz Wagner
22021,1630532,0022100898,2022-02-25,ORL vs. HOU,W,29,4,11,0.364,1,6,0.167,4,6,0.667,2,6,8,3,0,0,2,1,13,8,1,2021-22,Regular Season,1630532,Franz Wagner
22021,1630532,0022100921,2022-02-28,ORL vs. IND,W,27,6,10,0.6,1,2,0.5,2,2,1.0,0,2,2,3,2,0,0,2,15,24,1,2021-22,Regular Season,1630532,Franz Wagner
22021,1630532,0022100933,2022-03-02,ORL vs. IND,L,36,10,18,0.556,4,6,0.667,4,4,1.0,0,6,6,1,2,0,0,4,28,1,1,2021-22,Regular Season,1630532,Franz Wagner
22021,1630532,0022100458,2022-03-04,ORL @ TOR,W,33,5,14,0.357,1,3,0.333,0,0,0.0,2,5,7,5,0,1,2,4,11,0,1,2021-22,Regular Season,1630532,Franz Wagner
22021,1630532,0022100957,2022-03-05,ORL @ MEM,L,24,6,9,0.667,3,4,0.75,0,0,0.0,0,5,5,6,0,1,3,2,15,-15,1,2021-22,Regular Season,1630532,Franz Wagner
22021,1630532,0022100977,2022-03-08,ORL vs. PHX,L,28,3,8,0.375,0,4,0.0,0,0,0.0,0,1,1,2,0,0,2,1,6,-6,1,2021-22,Regular Season,1630532,Franz Wagner
22021,1630532,0022100987,2022-03-09,ORL @ NOP,W,22,6,13,0.462,1,4,0.25,2,2,1.0,2,4,6,1,1,0,0,0,15,3,1,2021-22,Regular Season,1630532,Franz Wagner
22021,1630532,0022100995,2022-03-11,ORL vs. MIN,W,32,3,10,0.3,0,4,0.0,2,2,1.0,2,4,6,4,0,0,1,1,8,7,1,2021-22,Regular Season,1630532,Franz Wagner
22021,1630532,0022101015,2022-03-13,ORL vs. PHI,L,35,2,6,0.333,0,1,0.0,2,4,0.5,3,4,7,1,2,0,1,2,6,-7,1,2021-22,Regular Season,1630532,Franz Wagner
22021,1630532,0022101030,2022-03-15,ORL vs. BKN,L,28,5,13,0.385,2,2,1.0,4,4,1.0,0,1,1,2,1,0,2,3,16,-16,1,2021-22,Regular Season,1630532,Franz Wagner
22021,1630532,0022101045,2022-03-17,ORL vs. DET,L,31,10,15,0.667,2,3,0.667,4,5,0.8,1,4,5,2,0,1,1,0,26,-6,1,2021-22,Regular Season,1630532,Franz Wagner
22021,1630532,0022101065,2022-03-20,ORL vs. OKC,W,34,3,12,0.25,0,3,0.0,5,5,1.0,3,4,7,4,2,1,2,1,11,13,1,2021-22,Regular Season,1630532,Franz Wagner
22021,1630532,0022101080,2022-03-22,ORL vs. GSW,W,30,6,9,0.667,0,1,0.0,6,6,1.0,0,0,0,3,2,1,1,1,18,1,1,2021-22,Regular Season,1630532,Franz Wagner
22021,1630532,0022101091,2022-03-23,ORL @ OKC,L,22,6,12,0.5,1,5,0.2,2,2,1.0,2,1,3,3,1,0,1,3,15,20,1,2021-22,Regular Season,1630532,Franz Wagner
22021,1630532,0022101108,2022-03-26,ORL vs. SAC,L,34,9,21,0.429,0,3,0.0,1,1,1.0,2,7,9,3,2,0,1,3,19,-7,1,2021-22,Regular Season,1630532,Franz Wagner
22021,1630532,0022101123,2022-03-28,ORL @ CLE,L,28,4,8,0.5,0,2,0.0,2,2,1.0,0,3,3,6,0,0,2,3,10,12,1,2021-22,Regular Season,1630532,Franz Wagner
22021,1630532,0022101138,2022-03-30,ORL @ WAS,L,31,11,20,0.55,3,4,0.75,3,3,1.0,1,4,5,2,0,1,1,4,28,-13,1,2021-22,Regular Season,1630532,Franz Wagner
22021,1630532,0022101151,2022-04-01,ORL vs. TOR,L,0,0,0,0.0,0,0,0.0,0,0,0.0,0,0,0,0,0,0,0,1,0,0,1,2021-22,Regular Season,1630532,Franz Wagner
22021,1630532,0022101179,2022-04-05,ORL vs. CLE,W,7,1,2,0.5,0,1,0.0,0,0,0.0,0,0,0,2,0,0,0,0,2,-1,1,2021-22,Regular Season,1630532,Franz Wagner
22021,1630169,0022100013,2021-10-20,SAC @ POR,W,29,1,5,0.2,0,1,0.0,0,0,0.0,0,2,2,4,1,0,1,2,2,8,1,2021-22,Regular Season,1630169,Tyrese Haliburton
22021,1630169,0022100026,2021-10-22,SAC vs. UTA,L,35,7,12,0.583,0,2,0.0,1,1,1.0,0,3,3,6,3,1,2,0,15,-17,1,2021-22,Regular Season,1630169,Tyrese Haliburton
22021,1630169,0022100039,2021-10-24,SAC vs. GSW,L,30,3,9,0.333,2,6,0.333,0,0,0.0,1,6,7,9,0,2,2,1,8,-2,1,2021-22,Regular Season,1630169,Tyrese Haliburton
22021,1630169,0022100062,2021-10-27,SAC @ PHX,W,35,6,11,0.545,2,5,0.4,1,1,1.0,0,2,2,3,2,1,1,2,15,-1,1,2021-22,Regular Season,1630169,Tyrese Haliburton
22021,1630169,0022100074,2021-10-29,SAC @ NOP,W,31,7,12,0.583,1,2,0.5,2,3,0.667,0,2,2,8,0,1,2,0,17,2,1,2021-22,Regular Season,1630169,Tyrese Haliburton
22021,1630169,0022100089,2021-10-31,SAC @ DAL,L,33,5,14,0.357,1,4,0.25,3,3,1.0,3,3,6,4,0,2,1,1,14,2,1,2021-22,Regular Season,1630169,Tyrese Haliburton
22021,1630169,0022100105,2021-11-02,SAC @ UTA,L,32,6,16,0.375,1,3,0.333,1,2,0.5,0,3,3,3,1,2,1,1,14,-15,1,2021-22,Regular Season,1630169,Tyrese Haliburton
22021,1630169,0022100118,2021-11-03,SAC vs. NOP,W,37,6,11,0.545,1,3,0.333,7,8,0.875,0,4,4,7,4,2,0,1,20,7,1,2021-22,Regular Season,1630169,Tyrese Haliburton
22021,1630169,0022100132,2021-11-05,SAC vs. CHA,W,31,6,8,0.75,2,3,0.667,0,0,0.0,1,2,3,5,1,0,1,1,14,9,1,2021-22,Regular Season,1630169,Tyrese Haliburton
22021,1630169,0022100143,2021-11-07,SAC vs. IND,L,34,7,14,0.5,3,6,0.5,0,0,0.0,2,1,3,1,3,0,3,1,17,-7,1,2021-22,Regular Season,1630169,Tyrese Haliburton
22021,1630169,0022100180,2021-11-12,SAC @ OKC,L,35,3,13,0.231,2,6,0.333,0,0,0.0,2,6,8,7,0,1,1,1,8,2,1,2021-22,Regular Season,1630169,Tyrese Haliburton
22021,1630169,0022100200,2021-11-15,SAC @ DET,W,35,7,11,0.636,3,3,1.0,0,0,0.0,1,1,2,10,2,1,5,2,17,15,1,2021-22,Regular Season,1630169,Tyrese Haliburton
22021,1630169,0022100220,2021-11-17,SAC @ MIN,L,34,3,10,0.3,1,5,0.2,0,0,0.0,2,3,5,3,2,0,4,3,7,-13,1,2021-22,Regular Season,1630169,Tyrese Haliburton
22021,1630169,0022100238,2021-11-19,SAC vs. TOR,L,25,3,5,0.6,2,4,0.5,0,0,0.0,1,3,4,0,3,1,1,2,8,-14,1,2021-22,Regular Season,1630169,Tyrese Haliburton
22021,1630169,0022100247,2021-11-20,SAC vs. UTA,L,37,7,13,0.538,2,5,0.4,1,2,0.5,1,1,2,2,4,0,2,4,17,-17,1,2021-22,Regular Season,1630169,Tyrese Haliburton
22021,1630169,0022100262,2021-11-22,SAC vs. PHI,L,33,0,5,0.0,0,3,0.0,0,0,0.0,3,2,5,9,1,0,1,2,0,9,1,2021-22,Regular Season,1630169,Tyrese Haliburton
22021,1630169,0022100279,2021-11-24,SAC vs. POR,W,33,2,9,0.222,1,6,0.167,1,2,0.5,1,3,4,6,3,1,2,0,6,5,1,2021-22,Regular Season,1630169,Tyrese Haliburton
22021,1630169,0022100291,2021-11-26,SAC @ LAL,W,47,7,15,0.467,5,9,0.556,0,0,0.0,1,5,6,9,5,0,3,0,19,4,1,2021-22,Regular Season,1630169,Tyrese Haliburton
22021,1630169,0022100303,2021-11-28,SAC @ MEM,L,20,1,4,0.25,0,1,0.0,3,4,0.75,1,0,1,2,0,0,1,0,5,-23,1,2021-22,Regular Season,1630169,Tyrese Haliburton
22021,1630169,0022100318,2021-11-30,SAC vs. LAL,L,32,2,10,0.2,1,2,0.5,1,2,0.5,1,4,5,6,2,0,3,0,6,-1,1,2021-22,Regular Season,1630169,Tyrese Haliburton
22021,1630169,0022100327,2021-12-01,SAC @ LAC,W,40,5,13,0.385,2,9,0.222,0,0,0.0,0,1,1,11,0,0,0,0,12,-3,1,2021-22,Regular Season,1630169,Tyrese Haliburton
22021,1630169,0022100348,2021-12-04,SAC vs. LAC,W,37,7,14,0.5,4,8,0.5,0,0,0.0,2,4,6,5,2,1,5,4,18,6,1,2021-22,Regular Season,1630169,Tyrese Haliburton
22021,1630169,0022100377,2021-12-08,SAC vs. ORL,W,38,6,9,0.667,5,6,0.833,1,1,1.0,1,2,3,11,3,2,2,1,18,17,1,2021-22,Regular Season,1630169,Tyrese Haliburton
22021,1630169,0022100382,2021-12-10,SAC @ CHA,L,36,5,9,0.556,5,8,0.625,0,0,0.0,2,5,7,7,2,0,3,2,15,9,1,2021-22,Regular Season,1630169,Tyrese Haliburton
22021,1630169,0022100393,2021-12-11,SAC @ CLE,L,26,4,8,0.5,0,2,0.0,0,0,0.0,1,4,5,3,0,0,1,2,8,-17,1,2021-22,Regular Season,1630169,Tyrese Haliburton
22021,1630169,0022100406,2021-12-13,SAC @ TOR,L,22,1,2,0.5,1,1,1.0,0,0,0.0,0,2,2,4,1,2,1,1,3,-16,1,2021-22,Regular Season,1630169,Tyrese Haliburton
22021,1630169,0022100427,2021-12-15,SAC vs. WAS,W,36,4,12,0.333,0,6,0.0,0,0,0.0,1,7,8,9,3,3,3,2,8,9,1,2021-22,Regular Season,1630169,Tyrese Haliburton
22021,1630169,0022100440,2021-12-17,SAC vs. MEM,L,38,9,16,0.563,3,5,0.6,0,0,0.0,0,6,6,10,0,1,3,1,21,-9,1,2021-22,Regular Season,1630169,Tyrese Haliburton
22021,1630169,0022100451,2021-12-19,SAC vs. SAS,W,37,12,19,0.632,3,5,0.6,0,0,0.0,1,3,4,11,2,0,3,5,27,4,1,2021-22,Regular Season,1630169,Tyrese Haliburton
22021,1630169,0022100462,2021-12-20,SAC @ GSW,L,41,8,18,0.444,2,4,0.5,6,7,0.857,0,4,4,11,3,0,5,1,24,-6,1,2021-22,Regular Season,1630169,Tyrese Haliburton
22021,1630169,0022100475,2021-12-22,SAC vs. LAC,L,43,7,15,0.467,3,8,0.375,5,6,0.833,0,3,3,13,3,1,7,1,22,-13,1,2021-22,Regular Season,1630169,Tyrese Haliburton
22021,1630169,0022100496,2021-12-26,SAC vs. MEM,L,32,5,12,0.417,2,5,0.4,6,6,1.0,0,5,5,7,3,1,3,0,18,-19,1,2021-22,Regular Season,1630169,Tyrese Haliburton
22021,1630169,0022100515,2021-12-28,SAC vs. OKC,W,33,9,14,0.643,5,8,0.625,1,1,1.0,0,2,2,10,1,2,2,1,24,-17,1,2021-22,Regular Season,1630169,Tyrese Haliburton
22021,1630169,0022100524,2021-12-29,SAC vs. DAL,W,36,4,13,0.308,1,5,0.2,3,3,1.0,0,2,2,10,0,0,2,3,12,-5,1,2021-22,Regular Season,1630169,Tyrese Haliburton
22021,1630169,0022100531,2021-12-31,SAC vs. DAL,L,33,6,10,0.6,4,5,0.8,1,2,0.5,0,4,4,10,1,0,2,1,17,-7,1,2021-22,Regular Season,1630169,Tyrese Haliburton
22021,1630169,0022100548,2022-01-02,SAC vs. MIA,W,35,3,6,0.5,1,1,1.0,2,3,0.667,1,2,3,12,0,0,2,1,9,-1,1,2021-22,Regular Season,1630169,Tyrese Haliburton
22021,1630169,0022100566,2022-01-04,SAC @ LAL,L,35,3,10,0.3,1,5,0.2,0,0,0.0,0,4,4,9,0,0,2,0,7,-10,1,2021-22,Regular Season,1630169,Tyrese Haliburton
22021,1630169,0022100577,2022-01-05,SAC vs. ATL,L,38,8,16,0.5,5,7,0.714,3,3,1.0,1,4,5,2,3,0,1,2,24,6,1,2021-22,Regular Season,1630169,Tyrese Haliburton
22021,1630169,0022100588,2022-01-07,SAC @ DEN,L,29,5,7,0.714,4,5,0.8,0,0,0.0,0,4,4,6,0,0,1,2,14,-10,1,2021-22,Regular Season,1630169,Tyrese Haliburton
22021,1630169,0022100605,2022-01-09,SAC @ POR,L,35,6,11,0.545,2,6,0.333,3,4,0.75,0,1,1,9,2,1,2,1,17,-6,1,2021-22,Regular Season,1630169,Tyrese Haliburton
22021,1630169,0022100611,2022-01-10,SAC vs. CLE,L,36,8,16,0.5,2,6,0.333,3,4,0.75,0,2,2,8,3,1,3,2,21,-8,1,2021-22,Regular Season,1630169,Tyrese Haliburton
22021,1630169,0022100626,2022-01-12,SAC vs. LAL,W,38,5,10,0.5,2,5,0.4,2,2,1.0,0,3,3,10,2,1,3,1,14,8,1,2021-22,Regular Season,1630169,Tyrese Haliburton
22021,1630169,0022100640,2022-01-14,SAC vs. HOU,W,31,3,8,0.375,1,6,0.167,2,2,1.0,1,5,6,12,0,0,1,2,9,-3,1,2021-22,Regular Season,1630169,Tyrese Haliburton
22021,1630169,0022100696,2022-01-22,SAC @ MIL,L,38,8,14,0.571,5,8,0.625,3,5,0.6,1,5,6,12,1,0,4,4,24,1,1,2021-22,Regular Season,1630169,Tyrese Haliburton
22021,1630169,0022100717,2022-01-25,SAC @ BOS,L,27,2,9,0.222,0,5,0.0,3,3,1.0,3,2,5,7,1,1,2,1,7,-40,1,2021-22,Regular Season,1630169,Tyrese Haliburton
22021,1630169,0022100725,2022-01-26,SAC @ ATL,L,37,5,14,0.357,1,6,0.167,0,0,0.0,0,3,3,7,2,1,4,1,11,-34,1,2021-22,Regular Season,1630169,Tyrese Haliburton
22021,1630169,0022100747,2022-01-29,SAC @ PHI,L,40,11,19,0.579,5,9,0.556,11,12,0.917,0,3,3,7,3,0,2,0,38,-6,1,2021-22,Regular Season,1630169,Tyrese Haliburton
22021,1630169,0022100763,2022-01-31,SAC @ NYK,L,35,7,16,0.438,2,5,0.4,5,6,0.833,0,1,1,8,0,0,2,2,21,-18,1,2021-22,Regular Season,1630169,Tyrese Haliburton
22021,1630169,0022100780,2022-02-02,SAC vs. BKN,W,40,5,15,0.333,1,6,0.167,1,1,1.0,0,2,2,11,4,0,0,0,12,11,1,2021-22,Regular Season,1630169,Tyrese Haliburton
22021,1630169,0022100785,2022-02-03,SAC @ GSW,L,36,3,11,0.273,2,6,0.333,2,2,1.0,1,5,6,6,2,0,3,2,10,-5,1,2021-22,Regular Season,1630169,Tyrese Haliburton
22021,1630169,0022100801,2022-02-05,SAC vs. OKC,W,40,5,13,0.385,0,2,0.0,3,3,1.0,2,4,6,17,2,1,4,1,13,4,1,2021-22,Regular Season,1630169,Tyrese Haliburton
22021,1630169,0022100839,2022-02-11,IND vs. CLE,L,40,9,15,0.6,4,6,0.667,1,1,1.0,1,2,3,6,3,0,6,3,23,1,1,2021-22,Regular Season,1630169,Tyrese Haliburton
22021,1630169,0022100857,2022-02-13,IND vs. MIN,L,41,7,14,0.5,6,12,0.5,2,2,1.0,0,5,5,16,1,0,3,2,22,-5,1,2021-22,Regular Season,1630169,Tyrese Haliburton
22021,1630169,0022100870,2022-02-15,IND @ MIL,L,36,6,12,0.5,3,7,0.429,2,3,0.667,0,4,4,8,4,0,1,2,17,-11,1,2021-22,Regular Season,1630169,Tyrese Haliburton
22021,1630169,0022100876,2022-02-16,IND vs. WAS,W,39,6,17,0.353,1,6,0.167,8,10,0.8,0,5,5,14,1,0,4,1,21,8,1,2021-22,Regular Season,1630169,Tyrese Haliburton
22021,1630169,0022100897,2022-02-25,IND vs. OKC,L,43,6,11,0.545,1,3,0.333,1,2,0.5,1,4,5,11,2,1,3,2,14,-9,1,2021-22,Regular Season,1630169,Tyrese Haliburton
22021,1630169,0022100914,2022-02-27,IND vs. BOS,W,35,8,12,0.667,4,6,0.667,2,2,1.0,0,4,4,9,1,1,2,1,22,11,1,2021-22,Regular Season,1630169,Tyrese Haliburton
22021,1630169,0022100921,2022-02-28,IND @ ORL,L,33,7,13,0.538,3,7,0.429,6,6,1.0,0,6,6,7,2,0,6,2,23,-16,1,2021-22,Regular Season,1630169,Tyrese Haliburton
22021,1630169,0022100933,2022-03-02,IND @ ORL,W,40,7,16,0.438,3,10,0.3,4,6,0.667,1,2,3,6,3,2,4,2,21,-5,1,2021-22,Regular Season,1630169,Tyrese Haliburton
22021,1630169,0022100946,2022-03-04,IND @ DET,L,37,3,8,0.375,1,5,0.2,1,2,0.5,1,6,7,7,1,2,4,2,8,-8,1,2021-22,Regular Season,1630169,Tyrese Haliburton
22021,1630169,0022100963,2022-03-06,IND @ WAS,L,37,5,11,0.455,1,5,0.2,4,4,1.0,0,7,7,11,3,0,4,2,15,-18,1,2021-22,Regular Season,1630169,Tyrese Haliburton
22021,1630169,0022100976,2022-03-08,IND vs. CLE,L,39,9,14,0.643,4,7,0.571,3,4,0.75,0,5,5,9,2,1,4,3,25,4,1,2021-22,Regular Season,1630169,Tyrese Haliburton
22021,1630169,0022101007,2022-03-12,IND @ SAS,W,37,8,17,0.471,3,5,0.6,0,0,0.0,0,2,2,10,3,0,4,0,19,2,1,2021-22,Regular Season,1630169,Tyrese Haliburton
22021,1630169,0022101016,2022-03-13,IND @ ATL,L,40,9,15,0.6,3,5,0.6,4,4,1.0,1,1,2,10,1,0,5,2,25,2,1,2021-22,Regular Season,1630169,Tyrese Haliburton
22021,1630169,0022101029,2022-03-15,IND vs. MEM,L,30,2,10,0.2,0,3,0.0,0,0,0.0,2,1,3,8,1,0,3,0,4,-26,1,2021-22,Regular Season,1630169,Tyrese Haliburton
22021,1630169,0022101053,2022-03-18,IND @ HOU,W,37,4,9,0.444,1,6,0.167,1,2,0.5,2,1,3,7,2,1,3,3,10,-8,1,2021-22,Regular Season,1630169,Tyrese Haliburton
22021,1630169,0022101062,2022-03-20,IND vs. POR,W,24,4,8,0.5,2,4,0.5,0,0,0.0,0,4,4,7,0,0,4,2,10,21,1,2021-22,Regular Season,1630169,Tyrese Haliburton
22021,1630169,0022101086,2022-03-23,IND vs. SAC,L,37,4,14,0.286,1,3,0.333,4,4,1.0,3,2,5,15,3,1,0,3,13,10,1,2021-22,Regular Season,1630169,Tyrese Haliburton
22021,1630169,0022101096,2022-03-24,IND @ MEM,L,27,4,9,0.444,0,1,0.0,1,1,1.0,1,2,3,8,1,0,2,1,9,-33,1,2021-22,Regular Season,1630169,Tyrese Haliburton
22021,1630169,0022101109,2022-03-26,IND @ TOR,L,33,2,7,0.286,1,5,0.2,2,2,1.0,2,3,5,12,0,0,1,2,7,-20,1,2021-22,Regular Season,1630169,Tyrese Haliburton
22021,1630169,0022101124,2022-03-28,IND vs. ATL,L,40,9,19,0.474,4,9,0.444,3,4,0.75,0,3,3,13,2,2,4,2,25,4,1,2021-22,Regular Season,1630169,Tyrese Haliburton
22021,1630169,0022101137,2022-03-30,IND vs. DEN,L,37,6,12,0.5,0,1,0.0,3,4,0.75,2,3,5,12,4,1,2,2,15,16,1,2021-22,Regular Season,1630169,Tyrese Haliburton
22021,1630169,0022101153,2022-04-01,IND @ BOS,L,26,10,11,0.909,6,6,1.0,4,4,1.0,0,1,1,2,3,0,2,6,30,-8,1,2021-22,Regular Season,1630169,Tyrese Haliburton
22021,1630169,0022101169,2022-04-03,IND vs. DET,L,39,6,13,0.462,0,5,0.0,7,8,0.875,1,8,9,17,0,2,0,2,19,2,1,2021-22,Regular Season,1630169,Tyrese Haliburton
22021,1630169,0022101178,2022-04-05,IND vs. PHI,L,37,7,12,0.583,3,4,0.75,4,4,1.0,2,6,8,5,2,0,6,2,21,-5,1,2021-22,Regular Season,1630169,Tyrese Haliburton
22021,1630169,0022101214,2022-04-09,IND @ PHI,L,37,7,10,0.7,0,1,0.0,5,6,0.833,0,1,1,9,1,1,6,1,19,-1,1,2021-22,Regular Season,1630169,Tyrese Haliburton
22021,1630169,0022101216,2022-04-10,IND @ BKN,L,39,7,14,0.5,2,5,0.4,1,1,1.0,2,2,4,10,2,0,1,0,17,-9,1,2021-22,Regular Season,1630169,Tyrese Haliburton
22021,1628368,0022100013,2021-10-20,SAC @ POR,W,36,9,22,0.409,2,8,0.25,7,10,0.7,0,5,5,8,0,1,5,5,27,6,1,2021-22,Regular Season,1628368,De'Aaron Fox
22021,1628368,0022100026,2021-10-22,SAC vs. UTA,L,35,5,19,0.263,0,5,0.0,2,4,0.5,2,1,3,5,5,0,3,2,12,2,1,2021-22,Regular Season,1628368,De'Aaron Fox
22021,1628368,0022100039,2021-10-24,SAC vs. GSW,L,34,8,16,0.5,1,6,0.167,0,1,0.0,2,3,5,6,0,0,7,3,17,-11,1,2021-22,Regular Season,1628368,De'Aaron Fox
22021,1628368,0022100062,2021-10-27,SAC @ PHX,W,37,7,20,0.35,1,5,0.2,3,7,0.429,1,1,2,10,1,0,2,3,18,0,1,2021-22,Regular Season,1628368,De'Aaron Fox
22021,1628368,0022100074,2021-10-29,SAC @ NOP,W,37,9,21,0.429,1,7,0.143,4,4,1.0,1,6,7,5,0,0,4,3,23,2,1,2021-22,Regular Season,1628368,De'Aaron Fox
22021,1628368,0022100089,2021-10-31,SAC @ DAL,L,39,5,16,0.313,1,4,0.25,3,5,0.6,2,6,8,4,0,0,3,1,14,-15,1,2021-22,Regular Season,1628368,De'Aaron Fox
22021,1628368,0022100105,2021-11-02,SAC @ UTA,L,35,4,15,0.267,0,4,0.0,5,7,0.714,1,1,2,9,3,1,3,6,13,5,1,2021-22,Regular Season,1628368,De'Aaron Fox
22021,1628368,0022100118,2021-11-03,SAC vs. NOP,W,38,8,14,0.571,2,3,0.667,1,2,0.5,0,2,2,5,1,0,1,2,19,10,1,2021-22,Regular Season,1628368,De'Aaron Fox
22021,1628368,0022100132,2021-11-05,SAC vs. CHA,W,29,7,15,0.467,0,3,0.0,7,7,1.0,1,2,3,9,1,0,2,3,21,21,1,2021-22,Regular Season,1628368,De'Aaron Fox
22021,1628368,0022100143,2021-11-07,SAC vs. IND,L,35,7,19,0.368,1,3,0.333,2,2,1.0,0,3,3,2,3,0,3,3,17,-14,1,2021-22,Regular Season,1628368,De'Aaron Fox
22021,1628368,0022100153,2021-11-08,SAC vs. PHX,L,35,8,19,0.421,1,1,1.0,7,11,0.636,0,4,4,5,3,3,5,3,24,-5,1,2021-22,Regular Season,1628368,De'Aaron Fox
22021,1628368,0022100166,2021-11-10,SAC @ SAS,L,35,14,24,0.583,2,5,0.4,7,8,0.875,0,2,2,6,1,3,4,3,37,-18,1,2021-22,Regular Season,1628368,De'Aaron Fox
22021,1628368,0022100180,2021-11-12,SAC @ OKC,L,35,5,14,0.357,2,7,0.286,4,5,0.8,0,1,1,5,0,0,2,2,16,2,1,2021-22,Regular Season,1628368,De'Aaron Fox
22021,1628368,0022100200,2021-11-15,SAC @ DET,W,33,8,19,0.421,1,4,0.25,2,3,0.667,1,5,6,9,3,0,0,4,19,8,1,2021-22,Regular Season,1628368,De'Aaron Fox
22021,1628368,0022100220,2021-11-17,SAC @ MIN,L,37,10,20,0.5,2,5,0.4,6,8,0.75,0,1,1,5,0,0,3,3,28,-16,1,2021-22,Regular Season,1628368,De'Aaron Fox
22021,1628368,0022100238,2021-11-19,SAC vs. TOR,L,27,8,13,0.615,0,1,0.0,1,3,0.333,0,1,1,3,2,0,2,1,17,-22,1,2021-22,Regular Season,1628368,De'Aaron Fox
22021,1628368,0022100247,2021-11-20,SAC vs. UTA,L,33,5,17,0.294,1,3,0.333,2,3,0.667,0,1,1,3,0,1,1,0,13,-7,1,2021-22,Regular Season,1628368,De'Aaron Fox
22021,1628368,0022100262,2021-11-22,SAC vs. PHI,L,36,7,15,0.467,1,4,0.25,8,10,0.8,1,4,5,2,0,0,3,3,23,-17,1,2021-22,Regular Season,1628368,De'Aaron Fox
22021,1628368,0022100279,2021-11-24,SAC vs. POR,W,27,8,13,0.615,1,3,0.333,4,4,1.0,0,2,2,6,1,0,5,3,21,5,1,2021-22,Regular Season,1628368,De'Aaron Fox
22021,1628368,0022100291,2021-11-26,SAC @ LAL,W,53,15,32,0.469,2,7,0.286,2,2,1.0,1,5,6,8,1,0,4,5,34,15,1,2021-22,Regular Season,1628368,De'Aaron Fox
22021,1628368,0022100303,2021-11-28,SAC @ MEM,L,21,4,12,0.333,2,5,0.4,2,3,0.667,0,4,4,2,0,2,0,1,12,-26,1,2021-22,Regular Season,1628368,De'Aaron Fox
22021,1628368,0022100318,2021-11-30,SAC vs. LAL,L,36,4,9,0.444,1,2,0.5,8,9,0.889,0,5,5,5,2,0,7,4,17,-21,1,2021-22,Regular Season,1628368,De'Aaron Fox
22021,1628368,0022100327,2021-12-01,SAC @ LAC,W,36,7,14,0.5,2,4,0.5,8,9,0.889,0,3,3,5,3,1,1,2,24,6,1,2021-22,Regular Season,1628368,De'Aaron Fox
22021,1628368,0022100348,2021-12-04,SAC vs. LAC,W,37,8,22,0.364,0,4,0.0,1,4,0.25,0,8,8,5,2,0,1,2,17,0,1,2021-22,Regular Season,1628368,De'Aaron Fox
22021,1628368,0022100377,2021-12-08,SAC vs. ORL,W,33,12,18,0.667,2,2,1.0,7,8,0.875,0,3,3,1,1,1,1,4,33,1,1,2021-22,Regular Season,1628368,De'Aaron Fox
22021,1628368,0022100382,2021-12-10,SAC @ CHA,L,34,11,17,0.647,1,4,0.25,8,10,0.8,0,2,2,5,4,0,2,2,31,-10,1,2021-22,Regular Season,1628368,De'Aaron Fox
22021,1628368,0022100393,2021-12-11,SAC @ CLE,L,25,6,14,0.429,0,3,0.0,1,1,1.0,0,6,6,1,1,0,1,2,13,-24,1,2021-22,Regular Season,1628368,De'Aaron Fox
22021,1628368,0022100406,2021-12-13,SAC @ TOR,L,32,11,20,0.55,1,5,0.2,6,7,0.857,1,1,2,3,2,0,2,2,29,-18,1,2021-22,Regular Season,1628368,De'Aaron Fox
22021,1628368,0022100427,2021-12-15,SAC vs. WAS,W,31,10,16,0.625,0,1,0.0,8,13,0.615,1,3,4,4,0,0,2,4,28,4,1,2021-22,Regular Season,1628368,De'Aaron Fox
22021,1628368,0022100496,2021-12-26,SAC vs. MEM,L,30,5,12,0.417,0,2,0.0,2,2,1.0,1,2,3,5,0,0,7,4,12,-16,1,2021-22,Regular Season,1628368,De'Aaron Fox
22021,1628368,0022100515,2021-12-28,SAC vs. OKC,W,35,4,17,0.235,0,3,0.0,4,7,0.571,0,5,5,8,1,1,3,4,12,8,1,2021-22,Regular Season,1628368,De'Aaron Fox
22021,1628368,0022100524,2021-12-29,SAC vs. DAL,W,34,7,12,0.583,0,1,0.0,2,4,0.5,0,1,1,3,1,0,3,5,16,12,1,2021-22,Regular Season,1628368,De'Aaron Fox
22021,1628368,0022100531,2021-12-31,SAC vs. DAL,L,31,3,14,0.214,1,3,0.333,3,3,1.0,0,1,1,7,1,2,2,2,10,-26,1,2021-22,Regular Season,1628368,De'Aaron Fox
22021,1628368,0022100548,2022-01-02,SAC vs. MIA,W,35,5,12,0.417,0,4,0.0,14,15,0.933,0,6,6,6,2,0,2,3,24,4,1,2021-22,Regular Season,1628368,De'Aaron Fox
22021,1628368,0022100566,2022-01-04,SAC @ LAL,L,33,12,21,0.571,2,4,0.5,4,4,1.0,0,3,3,6,0,0,4,2,30,-1,1,2021-22,Regular Season,1628368,De'Aaron Fox
22021,1628368,0022100577,2022-01-05,SAC vs. ATL,L,38,12,23,0.522,1,3,0.333,5,7,0.714,1,1,2,6,1,0,1,2,30,-9,1,2021-22,Regular Season,1628368,De'Aaron Fox
22021,1628368,0022100588,2022-01-07,SAC @ DEN,L,38,11,23,0.478,0,3,0.0,8,10,0.8,2,5,7,5,1,0,2,3,30,5,1,2021-22,Regular Season,1628368,De'Aaron Fox
22021,1628368,0022100605,2022-01-09,SAC @ POR,L,36,6,14,0.429,1,4,0.25,1,4,0.25,0,5,5,2,0,1,3,2,14,-14,1,2021-22,Regular Season,1628368,De'Aaron Fox
22021,1628368,0022100611,2022-01-10,SAC vs. CLE,L,31,5,14,0.357,0,1,0.0,2,2,1.0,0,4,4,4,2,0,2,4,12,1,1,2021-22,Regular Season,1628368,De'Aaron Fox
22021,1628368,0022100626,2022-01-12,SAC vs. LAL,W,37,11,21,0.524,0,2,0.0,7,9,0.778,1,3,4,4,0,0,3,2,29,7,1,2021-22,Regular Season,1628368,De'Aaron Fox
22021,1628368,0022100640,2022-01-14,SAC vs. HOU,W,34,11,18,0.611,2,4,0.5,3,6,0.5,0,6,6,8,2,0,4,2,27,10,1,2021-22,Regular Season,1628368,De'Aaron Fox
22021,1628368,0022100651,2022-01-16,SAC vs. HOU,L,26,6,12,0.5,1,2,0.5,1,3,0.333,0,3,3,4,0,0,3,3,14,-3,1,2021-22,Regular Season,1628368,De'Aaron Fox
22021,1628368,0022100679,2022-01-19,SAC vs. DET,L,37,10,20,0.5,0,3,0.0,7,8,0.875,0,6,6,8,1,0,2,3,27,0,1,2021-22,Regular Season,1628368,De'Aaron Fox
22021,1628368,0022100824,2022-02-08,SAC vs. MIN,L,35,11,22,0.5,4,6,0.667,3,4,0.75,1,6,7,6,1,0,5,3,29,-17,1,2021-22,Regular Season,1628368,De'Aaron Fox
22021,1628368,0022100830,2022-02-09,SAC vs. MIN,W,36,10,20,0.5,2,4,0.5,5,5,1.0,0,8,8,3,0,2,0,3,27,15,1,2021-22,Regular Season,1628368,De'Aaron Fox
22021,1628368,0022100847,2022-02-12,SAC @ WAS,W,38,10,21,0.476,0,4,0.0,6,7,0.857,0,2,2,4,0,0,3,4,26,11,1,2021-22,Regular Season,1628368,De'Aaron Fox
22021,1628368,0022100859,2022-02-14,SAC @ BKN,L,33,9,18,0.5,2,5,0.4,6,7,0.857,1,1,2,3,0,0,2,3,26,-21,1,2021-22,Regular Season,1628368,De'Aaron Fox
22021,1628368,0022100878,2022-02-16,SAC @ CHI,L,41,14,26,0.538,2,5,0.4,3,4,0.75,0,6,6,9,2,0,5,3,33,-8,1,2021-22,Regular Season,1628368,De'Aaron Fox
22021,1628368,0022100895,2022-02-24,SAC vs. DEN,L,36,9,18,0.5,1,3,0.333,1,2,0.5,0,1,1,4,0,2,4,3,20,-18,1,2021-22,Regular Season,1628368,De'Aaron Fox
22021,1628368,0022100911,2022-02-26,SAC @ DEN,L,40,10,19,0.526,1,5,0.2,5,5,1.0,0,5,5,10,0,1,3,4,26,2,1,2021-22,Regular Season,1628368,De'Aaron Fox
22021,1628368,0022100925,2022-02-28,SAC @ OKC,W,41,10,20,0.5,1,5,0.2,8,14,0.571,0,4,4,10,2,1,1,3,29,21,1,2021-22,Regular Season,1628368,De'Aaron Fox
22021,1628368,0022100937,2022-03-02,SAC @ NOP,L,37,9,18,0.5,1,6,0.167,6,9,0.667,0,2,2,3,0,0,2,3,25,-23,1,2021-22,Regular Season,1628368,De'Aaron Fox
22021,1628368,0022100944,2022-03-03,SAC @ SAS,W,39,10,20,0.5,2,5,0.4,4,5,0.8,0,6,6,9,3,1,0,1,26,9,1,2021-22,Regular Season,1628368,De'Aaron Fox
22021,1628368,0022100954,2022-03-05,SAC @ DAL,L,40,18,31,0.581,3,4,0.75,5,6,0.833,0,2,2,6,1,0,1,4,44,6,1,2021-22,Regular Season,1628368,De'Aaron Fox
22021,1628368,0022100974,2022-03-07,SAC vs. NYK,L,41,10,18,0.556,1,4,0.25,3,8,0.375,1,5,6,7,1,0,4,3,24,-15,1,2021-22,Regular Season,1628368,De'Aaron Fox
22021,1628368,0022100991,2022-03-09,SAC vs. DEN,L,37,12,23,0.522,4,6,0.667,4,4,1.0,1,4,5,10,1,0,3,4,32,1,1,2021-22,Regular Season,1628368,De'Aaron Fox
22021,1628368,0022101010,2022-03-12,SAC @ UTA,L,41,15,32,0.469,5,11,0.455,6,6,1.0,0,3,3,11,2,1,2,4,41,-9,1,2021-22,Regular Season,1628368,De'Aaron Fox
22021,1628368,0022101026,2022-03-14,SAC vs. CHI,W,42,13,25,0.52,3,8,0.375,5,6,0.833,1,5,6,6,1,0,4,3,34,16,1,2021-22,Regular Season,1628368,De'Aaron Fox
22021,1628368,0022101043,2022-03-16,SAC vs. MIL,L,37,8,23,0.348,3,11,0.273,2,2,1.0,0,4,4,7,2,0,9,2,21,-5,1,2021-22,Regular Season,1628368,De'Aaron Fox
22021,1629639,0022100015,2021-10-21,MIA vs. MIL,W,24,10,18,0.556,4,8,0.5,3,4,0.75,1,5,6,5,0,0,2,1,27,27,1,2021-22,Regular Season,1629639,Tyler Herro
22021,1629639,0022100028,2021-10-23,MIA @ IND,L,41,12,28,0.429,3,12,0.25,3,3,1.0,1,9,10,0,0,0,3,2,30,-15,1,2021-22,Regular Season,1629639,Tyler Herro
22021,1629639,0022100045,2021-10-25,MIA vs. ORL,W,30,5,12,0.417,1,3,0.333,2,2,1.0,0,5,5,9,0,0,3,1,13,19,1,2021-22,Regular Season,1629639,Tyler Herro
22021,1629639,0022100057,2021-10-27,MIA @ BKN,W,27,5,17,0.294,1,6,0.167,3,4,0.75,2,6,8,2,0,0,3,0,14,1,1,2021-22,Regular Season,1629639,Tyler Herro
22021,1629639,0022100073,2021-10-29,MIA vs. CHA,W,32,9,13,0.692,4,6,0.667,4,4,1.0,0,4,4,6,1,0,3,2,26,20,1,2021-22,Regular Season,1629639,Tyler Herro
22021,1629639,0022100084,2021-10-30,MIA @ MEM,W,32,8,19,0.421,4,8,0.5,2,3,0.667,2,4,6,5,0,0,3,1,22,9,1,2021-22,Regular Season,1629639,Tyler Herro
22021,1629639,0022100104,2021-11-02,MIA @ DAL,W,35,11,20,0.55,3,6,0.5,0,0,0.0,1,2,3,4,0,0,0,1,25,21,1,2021-22,Regular Season,1629639,Tyler Herro
22021,1629639,0022100121,2021-11-04,MIA vs. BOS,L,29,3,11,0.273,0,4,0.0,0,0,0.0,0,7,7,1,1,0,1,3,6,-32,1,2021-22,Regular Season,1629639,Tyler Herro
22021,1629639,0022100134,2021-11-06,MIA vs. UTA,W,34,11,18,0.611,6,8,0.75,1,2,0.5,0,2,2,3,0,0,3,2,29,-1,1,2021-22,Regular Season,1629639,Tyler Herro
22021,1629639,0022100151,2021-11-08,MIA @ DEN,L,31,3,12,0.25,2,9,0.222,3,3,1.0,0,3,3,5,1,0,1,0,11,-7,1,2021-22,Regular Season,1629639,Tyler Herro
22021,1629639,0022100170,2021-11-10,MIA @ LAL,L,42,11,22,0.5,5,8,0.625,0,0,0.0,1,3,4,3,0,0,3,1,27,-8,1,2021-22,Regular Season,1629639,Tyler Herro
22021,1629639,0022100173,2021-11-11,MIA @ LAC,L,39,10,23,0.435,0,6,0.0,3,4,0.75,2,5,7,3,1,0,2,1,23,2,1,2021-22,Regular Season,1629639,Tyler Herro
22021,1629639,0022100185,2021-11-13,MIA @ UTA,W,37,10,23,0.435,1,7,0.143,6,6,1.0,0,8,8,2,1,0,4,3,27,8,1,2021-22,Regular Season,1629639,Tyler Herro
22021,1629639,0022100207,2021-11-15,MIA @ OKC,W,37,9,18,0.5,5,8,0.625,3,3,1.0,0,7,7,6,2,0,6,2,26,28,1,2021-22,Regular Season,1629639,Tyler Herro
22021,1629639,0022100217,2021-11-17,MIA vs. NOP,W,37,7,19,0.368,3,9,0.333,2,2,1.0,1,2,3,5,1,0,4,1,19,19,1,2021-22,Regular Season,1629639,Tyler Herro
22021,1629639,0022100241,2021-11-20,MIA @ WAS,L,30,8,16,0.5,3,6,0.5,1,1,1.0,1,4,5,3,2,0,3,1,20,-14,1,2021-22,Regular Season,1629639,Tyler Herro
22021,1629639,0022100263,2021-11-23,MIA @ DET,W,33,12,21,0.571,4,8,0.5,3,4,0.75,1,7,8,3,0,0,3,1,31,15,1,2021-22,Regular Season,1629639,Tyler Herro
22021,1629639,0022100274,2021-11-24,MIA @ MIN,L,34,5,18,0.278,4,11,0.364,2,2,1.0,0,7,7,2,0,1,5,1,16,-9,1,2021-22,Regular Season,1629639,Tyler Herro
22021,1629639,0022100323,2021-12-01,MIA vs. CLE,L,37,9,23,0.391,2,7,0.286,1,1,1.0,0,1,1,6,0,0,4,1,21,-11,1,2021-22,Regular Season,1629639,Tyler Herro
22021,1629639,0022100333,2021-12-03,MIA @ IND,W,34,7,16,0.438,3,4,0.75,1,1,1.0,0,5,5,1,1,0,2,3,18,-2,1,2021-22,Regular Season,1629639,Tyler Herro
22021,1629639,0022100344,2021-12-04,MIA @ MIL,L,33,4,17,0.235,1,6,0.167,6,8,0.75,4,5,9,6,2,0,3,2,15,-22,1,2021-22,Regular Season,1629639,Tyler Herro
22021,1629639,0022100356,2021-12-06,MIA vs. MEM,L,29,11,19,0.579,2,4,0.5,0,0,0.0,1,2,3,4,0,0,5,0,24,-2,1,2021-22,Regular Season,1629639,Tyler Herro
22021,1629639,0022100370,2021-12-08,MIA vs. MIL,W,28,3,9,0.333,1,4,0.25,2,2,1.0,0,2,2,3,1,1,7,0,9,-19,1,2021-22,Regular Season,1629639,Tyler Herro
22021,1629639,0022100394,2021-12-11,MIA vs. CHI,W,33,7,18,0.389,3,9,0.333,0,0,0.0,1,5,6,3,0,0,3,2,17,7,1,2021-22,Regular Season,1629639,Tyler Herro
22021,1629639,0022100404,2021-12-13,MIA @ CLE,L,25,6,15,0.4,0,3,0.0,0,0,0.0,0,2,2,2,0,0,2,0,12,-8,1,2021-22,Regular Season,1629639,Tyler Herro
22021,1629639,0022100465,2021-12-21,MIA vs. IND,W,21,8,17,0.471,5,8,0.625,5,6,0.833,0,1,1,5,0,0,0,1,26,31,1,2021-22,Regular Season,1629639,Tyler Herro
22021,1629639,0022100479,2021-12-23,MIA vs. DET,W,34,11,21,0.524,3,5,0.6,4,5,0.8,0,4,4,4,1,0,1,2,29,7,1,2021-22,Regular Season,1629639,Tyler Herro
22021,1629639,0022100493,2021-12-26,MIA vs. ORL,W,19,1,5,0.2,0,1,0.0,0,0,0.0,0,2,2,8,1,0,2,2,2,12,1,2021-22,Regular Season,1629639,Tyler Herro
22021,1629639,0022100509,2021-12-28,MIA vs. WAS,W,35,9,19,0.474,5,7,0.714,9,10,0.9,0,6,6,3,0,0,2,1,32,-6,1,2021-22,Regular Season,1629639,Tyler Herro
22021,1629639,0022100532,2021-12-31,MIA @ HOU,W,38,5,17,0.294,1,9,0.111,5,7,0.714,0,6,6,9,0,0,4,0,16,4,1,2021-22,Regular Season,1629639,Tyler Herro
22021,1629639,0022100548,2022-01-02,MIA @ SAC,L,35,8,23,0.348,4,11,0.364,2,2,1.0,2,3,5,2,0,1,2,4,22,-14,1,2021-22,Regular Season,1629639,Tyler Herro
22021,1629639,0022100559,2022-01-03,MIA @ GSW,L,42,7,23,0.304,4,13,0.308,0,0,0.0,0,3,3,4,0,1,3,2,18,0,1,2021-22,Regular Season,1629639,Tyler Herro
22021,1629639,0022100576,2022-01-05,MIA @ POR,W,36,5,23,0.217,2,9,0.222,4,4,1.0,2,3,5,3,1,0,2,2,16,1,1,2021-22,Regular Season,1629639,Tyler Herro
22021,1629639,0022100596,2022-01-08,MIA @ PHX,W,34,12,20,0.6,3,4,0.75,6,6,1.0,0,5,5,3,3,1,4,3,33,26,1,2021-22,Regular Season,1629639,Tyler Herro
22021,1629639,0022100621,2022-01-12,MIA @ ATL,W,36,9,19,0.474,1,6,0.167,2,2,1.0,2,7,9,11,0,1,2,1,21,18,1,2021-22,Regular Season,1629639,Tyler Herro
22021,1629639,0022100636,2022-01-14,MIA vs. ATL,W,32,7,16,0.438,4,8,0.5,6,6,1.0,0,2,2,3,0,0,3,2,24,-8,1,2021-22,Regular Season,1629639,Tyler Herro
22021,1629639,0022100645,2022-01-15,MIA vs. PHI,L,32,4,11,0.364,2,4,0.5,6,8,0.75,0,2,2,3,2,0,2,2,16,-12,1,2021-22,Regular Season,1629639,Tyler Herro
22021,1629639,0022100662,2022-01-17,MIA vs. TOR,W,34,8,16,0.5,1,3,0.333,6,6,1.0,0,4,4,3,2,0,1,0,23,6,1,2021-22,Regular Season,1629639,Tyler Herro
22021,1629639,0022100727,2022-01-26,MIA vs. NYK,W,33,6,13,0.462,3,6,0.5,6,7,0.857,0,6,6,4,0,0,4,1,21,-10,1,2021-22,Regular Season,1629639,Tyler Herro
22021,1629639,0022100738,2022-01-28,MIA vs. LAC,W,34,5,12,0.417,1,3,0.333,0,0,0.0,0,4,4,4,0,1,3,4,11,-4,1,2021-22,Regular Season,1629639,Tyler Herro
22021,1629639,0022100748,2022-01-29,MIA vs. TOR,L,45,5,22,0.227,3,14,0.214,0,0,0.0,1,5,6,4,0,0,5,2,13,9,1,2021-22,Regular Season,1629639,Tyler Herro
22021,1629639,0022100762,2022-01-31,MIA @ BOS,L,29,5,18,0.278,2,8,0.25,1,2,0.5,0,2,2,3,0,0,1,1,13,-8,1,2021-22,Regular Season,1629639,Tyler Herro
22021,1629639,0022100784,2022-02-01,MIA @ TOR,L,29,7,12,0.583,2,5,0.4,2,2,1.0,1,2,3,5,0,0,3,5,18,2,1,2021-22,Regular Season,1629639,Tyler Herro
22021,1629639,0022100521,2022-02-03,MIA @ SAS,W,32,11,20,0.55,0,5,0.0,2,2,1.0,0,5,5,5,2,0,1,1,24,20,1,2021-22,Regular Season,1629639,Tyler Herro
22021,1629639,0022100797,2022-02-05,MIA @ CHA,W,29,7,13,0.538,5,8,0.625,0,0,0.0,0,4,4,2,3,1,3,1,19,23,1,2021-22,Regular Season,1629639,Tyler Herro
22021,1629639,0022100851,2022-02-12,MIA vs. BKN,W,23,4,11,0.364,0,3,0.0,7,7,1.0,0,6,6,1,0,0,2,1,15,-6,1,2021-22,Regular Season,1629639,Tyler Herro
22021,1629639,0022100900,2022-02-25,MIA @ NYK,W,31,9,18,0.5,4,9,0.444,3,6,0.5,0,7,7,2,3,0,1,4,25,26,1,2021-22,Regular Season,1629639,Tyler Herro
22021,1629639,0022100908,2022-02-26,MIA vs. SAS,W,34,11,19,0.579,4,9,0.444,1,4,0.25,0,2,2,3,0,0,2,1,27,20,1,2021-22,Regular Season,1629639,Tyler Herro
22021,1629639,0022100922,2022-02-28,MIA vs. CHI,W,30,7,13,0.538,1,3,0.333,5,5,1.0,0,6,6,5,0,0,2,1,20,3,1,2021-22,Regular Season,1629639,Tyler Herro
22021,1629639,0022100936,2022-03-02,MIA @ MIL,L,35,11,21,0.524,6,10,0.6,2,2,1.0,1,6,7,5,1,0,5,2,30,8,1,2021-22,Regular Season,1629639,Tyler Herro
22021,1629639,0022100941,2022-03-03,MIA @ BKN,W,35,8,19,0.421,1,5,0.2,10,10,1.0,0,4,4,8,1,0,1,0,27,8,1,2021-22,Regular Season,1629639,Tyler Herro
22021,1629639,0022100956,2022-03-05,MIA vs. PHI,W,34,9,16,0.563,1,3,0.333,2,2,1.0,0,7,7,3,0,0,3,0,21,17,1,2021-22,Regular Season,1629639,Tyler Herro
22021,1629639,0022100970,2022-03-07,MIA vs. HOU,W,31,12,18,0.667,6,9,0.667,1,1,1.0,0,2,2,3,1,0,3,0,31,18,1,2021-22,Regular Season,1629639,Tyler Herro
22021,1629639,0022100983,2022-03-09,MIA vs. PHX,L,31,7,20,0.35,2,9,0.222,1,1,1.0,0,2,2,1,1,0,1,0,17,-26,1,2021-22,Regular Season,1629639,Tyler Herro
22021,1629639,0022100998,2022-03-11,MIA vs. CLE,W,34,8,15,0.533,2,4,0.5,4,5,0.8,0,1,1,2,1,0,1,0,22,2,1,2021-22,Regular Season,1629639,Tyler Herro
22021,1629639,0022101005,2022-03-12,MIA vs. MIN,L,37,8,19,0.421,6,10,0.6,8,8,1.0,0,7,7,2,2,0,1,1,30,11,1,2021-22,Regular Season,1629639,Tyler Herro
22021,1629639,0022101031,2022-03-15,MIA vs. DET,W,34,8,15,0.533,4,8,0.5,9,11,0.818,0,5,5,4,0,0,1,2,29,1,1,2021-22,Regular Season,1629639,Tyler Herro
22021,1629639,0022101052,2022-03-18,MIA vs. OKC,W,28,9,13,0.692,2,4,0.5,6,6,1.0,2,5,7,4,0,0,1,0,26,2,1,2021-22,Regular Season,1629639,Tyler Herro
22021,1629639,0022101074,2022-03-21,MIA @ PHI,L,30,5,15,0.333,0,3,0.0,0,0,0.0,0,4,4,4,0,0,0,0,10,-15,1,2021-22,Regular Season,1629639,Tyler Herro
22021,1629639,0022101111,2022-03-26,MIA vs. BKN,L,32,5,14,0.357,0,5,0.0,3,3,1.0,0,4,4,3,3,0,5,0,13,-25,1,2021-22,Regular Season,1629639,Tyler Herro
22021,1629639,0022101125,2022-03-28,MIA vs. SAC,W,29,8,15,0.533,4,8,0.5,0,0,0.0,0,5,5,6,0,0,2,2,20,16,1,2021-22,Regular Season,1629639,Tyler Herro
22021,1629639,0022101139,2022-03-30,MIA @ BOS,W,32,5,14,0.357,2,6,0.333,0,0,0.0,0,10,10,5,0,0,2,2,12,1,1,2021-22,Regular Season,1629639,Tyler Herro
22021,1629639,0022101164,2022-04-02,MIA @ CHI,W,29,6,16,0.375,6,7,0.857,1,3,0.333,0,8,8,2,0,0,1,4,19,11,1,2021-22,Regular Season,1629639,Tyler Herro
22021,1629639,0022101172,2022-04-03,MIA @ TOR,W,36,8,16,0.5,1,5,0.2,1,2,0.5,1,8,9,8,0,0,8,3,18,7,1,2021-22,Regular Season,1629639,Tyler Herro
22021,1629639,0022101181,2022-04-05,MIA vs. CHA,W,34,11,18,0.611,6,10,0.6,7,7,1.0,1,5,6,3,1,0,5,2,35,35,1,2021-22,Regular Season,1629639,Tyler Herro
22021,1629639,0022101207,2022-04-08,MIA vs. ATL,W,33,6,12,0.5,1,2,0.5,2,2,1.0,0,5,5,9,1,0,1,1,15,3,1,2021-22,Regular Season,1629639,Tyler Herro
42021,1629639,0042100101,2022-04-17,MIA vs. ATL,W,23,3,11,0.273,0,4,0.0,0,0,0.0,0,5,5,5,2,0,5,2,6,6,1,2021-22,Playoffs,1629639,Tyler Herro
42021,1629639,0042100102,2022-04-19,MIA vs. ATL,W,31,5,11,0.455,1,4,0.25,4,4,1.0,0,3,3,2,0,1,1,3,15,-7,1,2021-22,Playoffs,1629639,Tyler Herro
42021,1629639,0042100103,2022-04-22,MIA @ ATL,L,34,10,22,0.455,4,11,0.364,0,0,0.0,0,7,7,4,0,1,3,3,24,-21,1,2021-22,Playoffs,1629639,Tyler Herro
42021,1629639,0042100104,2022-04-24,MIA @ ATL,W,21,1,8,0.125,0,5,0.0,1,2,0.5,0,3,3,1,1,0,0,0,3,7,1,2021-22,Playoffs,1629639,Tyler Herro
42021,1629639,0042100105,2022-04-26,MIA vs. ATL,W,33,6,12,0.5,0,4,0.0,4,4,1.0,0,1,1,4,2,1,3,3,16,-6,1,2021-22,Playoffs,1629639,Tyler Herro
42021,1629639,0042100201,2022-05-02,MIA vs. PHI,W,29,9,17,0.529,4,6,0.667,3,3,1.0,1,0,1,7,0,0,0,0,25,4,1,2021-22,Playoffs,1629639,Tyler Herro
42021,1629639,0042100202,2022-05-04,MIA vs. PHI,W,33,6,10,0.6,3,5,0.6,3,4,0.75,0,8,8,3,0,1,2,3,18,9,1,2021-22,Playoffs,1629639,Tyler Herro
42021,1629639,0042100203,2022-05-06,MIA @ PHI,L,27,5,15,0.333,2,7,0.286,2,2,1.0,2,2,4,1,0,0,2,1,14,-16,1,2021-22,Playoffs,1629639,Tyler Herro
42021,1629639,0042100204,2022-05-08,MIA @ PHI,L,34,4,12,0.333,1,5,0.2,2,2,1.0,1,9,10,1,2,0,3,1,11,-9,1,2021-22,Playoffs,1629639,Tyler Herro
42021,1629639,0042100205,2022-05-10,MIA vs. PHI,W,22,4,8,0.5,0,2,0.0,2,2,1.0,0,2,2,3,0,0,2,1,10,16,1,2021-22,Playoffs,1629639,Tyler Herro
42021,1629639,0042100206,2022-05-12,MIA @ PHI,W,16,5,12,0.417,0,2,0.0,0,0,0.0,1,2,3,1,1,0,0,0,10,-6,1,2021-22,Playoffs,1629639,Tyler Herro
42021,1629639,0042100301,2022-05-17,MIA vs. BOS,W,27,7,15,0.467,1,5,0.2,3,3,1.0,1,7,8,3,1,0,4,1,18,5,1,2021-22,Playoffs,1629639,Tyler Herro
42021,1629639,0042100302,2022-05-19,MIA vs. BOS,L,24,5,11,0.455,0,3,0.0,1,1,1.0,0,1,1,3,0,1,2,2,11,-33,1,2021-22,Playoffs,1629639,Tyler Herro
42021,1629639,0042100303,2022-05-21,MIA @ BOS,W,20,4,15,0.267,0,6,0.0,0,0,0.0,1,1,2,3,0,0,0,1,8,2,1,2021-22,Playoffs,1629639,Tyler Herro
42021,1629639,0042100307,2022-05-29,MIA vs. BOS,L,7,0,2,0.0,0,1,0.0,0,0,0.0,0,0,0,1,0,1,0,0,0,0,1,2021-22,Playoffs,1629639,Tyler Herro
22021,1628374,0022100007,2021-10-20,CLE @ MEM,L,31,4,14,0.286,2,7,0.286,0,0,0.0,2,7,9,2,1,0,1,0,10,-4,1,2021-22,Regular Season,1628374,Lauri Markkanen
22021,1628374,0022100017,2021-10-22,CLE vs. CHA,L,34,5,11,0.455,2,5,0.4,1,2,0.5,1,4,5,2,0,0,0,1,13,-9,1,2021-22,Regular Season,1628374,Lauri Markkanen
22021,1628374,0022100027,2021-10-23,CLE vs. ATL,W,32,3,15,0.2,1,6,0.167,5,6,0.833,3,5,8,2,1,2,0,0,12,-4,1,2021-22,Regular Season,1628374,Lauri Markkanen
22021,1628374,0022100048,2021-10-25,CLE @ DEN,W,27,4,12,0.333,2,8,0.25,2,2,1.0,0,4,4,2,4,1,1,1,12,10,1,2021-22,Regular Season,1628374,Lauri Markkanen
22021,1628374,0022100064,2021-10-27,CLE @ LAC,W,29,2,7,0.286,0,4,0.0,3,3,1.0,1,8,9,1,1,0,3,1,7,4,1,2021-22,Regular Season,1628374,Lauri Markkanen
22021,1628374,0022100077,2021-10-29,CLE @ LAL,L,32,7,14,0.5,3,8,0.375,0,0,0.0,0,3,3,1,0,0,0,3,17,-10,1,2021-22,Regular Season,1628374,Lauri Markkanen
22021,1628374,0022100088,2021-10-30,CLE @ PHX,L,25,3,5,0.6,2,4,0.5,3,3,1.0,0,1,1,2,1,2,0,2,11,-4,1,2021-22,Regular Season,1628374,Lauri Markkanen
22021,1628374,0022100094,2021-11-01,CLE @ CHA,W,35,7,19,0.368,2,8,0.25,5,6,0.833,3,5,8,0,2,2,2,2,21,1,1,2021-22,Regular Season,1628374,Lauri Markkanen
22021,1628374,0022100253,2021-11-22,CLE vs. BKN,L,31,7,17,0.412,3,9,0.333,5,5,1.0,2,6,8,1,0,1,1,1,22,5,1,2021-22,Regular Season,1628374,Lauri Markkanen
22021,1628374,0022100267,2021-11-24,CLE vs. PHX,L,36,5,13,0.385,2,7,0.286,2,2,1.0,2,9,11,0,1,0,1,2,14,-12,1,2021-22,Regular Season,1628374,Lauri Markkanen
22021,1628374,0022100295,2021-11-27,CLE vs. ORL,W,32,8,13,0.615,4,8,0.5,0,0,0.0,2,3,5,0,0,0,1,0,20,11,1,2021-22,Regular Season,1628374,Lauri Markkanen
22021,1628374,0022100310,2021-11-29,CLE @ DAL,W,33,9,15,0.6,5,9,0.556,1,1,1.0,1,7,8,2,1,0,0,4,24,23,1,2021-22,Regular Season,1628374,Lauri Markkanen
22021,1628374,0022100323,2021-12-01,CLE @ MIA,W,26,2,8,0.25,1,5,0.2,1,2,0.5,0,1,1,0,1,0,1,2,6,5,1,2021-22,Regular Season,1628374,Lauri Markkanen
22021,1628374,0022100334,2021-12-03,CLE @ WAS,W,36,5,14,0.357,4,12,0.333,1,1,1.0,1,5,6,2,0,0,0,0,15,10,1,2021-22,Regular Season,1628374,Lauri Markkanen
22021,1628374,0022100349,2021-12-05,CLE vs. UTA,L,35,4,10,0.4,1,5,0.2,0,1,0.0,2,3,5,0,0,0,0,1,9,1,1,2021-22,Regular Season,1628374,Lauri Markkanen
22021,1628374,0022100358,2021-12-06,CLE @ MIL,L,34,7,15,0.467,4,9,0.444,2,2,1.0,1,6,7,2,0,1,0,3,20,8,1,2021-22,Regular Season,1628374,Lauri Markkanen
22021,1628374,0022100367,2021-12-08,CLE vs. CHI,W,27,5,8,0.625,2,4,0.5,2,2,1.0,0,1,1,1,0,0,1,1,14,20,1,2021-22,Regular Season,1628374,Lauri Markkanen
22021,1628374,0022100387,2021-12-10,CLE @ MIN,W,22,7,8,0.875,4,5,0.8,1,2,0.5,0,2,2,2,2,0,1,2,19,27,1,2021-22,Regular Season,1628374,Lauri Markkanen
22021,1628374,0022100393,2021-12-11,CLE vs. SAC,W,26,1,8,0.125,0,3,0.0,1,2,0.5,0,2,2,2,2,0,2,6,3,8,1,2021-22,Regular Season,1628374,Lauri Markkanen
22021,1628374,0022100404,2021-12-13,CLE vs. MIA,W,32,5,13,0.385,2,7,0.286,0,0,0.0,1,3,4,2,0,0,0,1,12,21,1,2021-22,Regular Season,1628374,Lauri Markkanen
22021,1628374,0022100417,2021-12-15,CLE vs. HOU,W,19,5,10,0.5,2,5,0.4,0,0,0.0,0,2,2,1,0,0,1,1,12,13,1,2021-22,Regular Season,1628374,Lauri Markkanen
22021,1628374,0022100446,2021-12-18,CLE @ MIL,W,29,3,14,0.214,0,7,0.0,2,3,0.667,1,1,2,2,0,0,2,1,8,15,1,2021-22,Regular Season,1628374,Lauri Markkanen
22021,1628374,0022100471,2021-12-22,CLE @ BOS,L,33,2,12,0.167,0,5,0.0,3,3,1.0,3,6,9,0,0,1,1,1,7,-10,1,2021-22,Regular Season,1628374,Lauri Markkanen
22021,1628374,0022100494,2021-12-26,CLE vs. TOR,W,22,9,13,0.692,1,3,0.333,1,1,1.0,2,5,7,1,0,1,2,2,20,17,1,2021-22,Regular Season,1628374,Lauri Markkanen
22021,1628374,0022100513,2021-12-28,CLE @ NOP,L,31,6,15,0.4,0,4,0.0,2,2,1.0,1,4,5,2,2,0,1,4,14,4,1,2021-22,Regular Season,1628374,Lauri Markkanen
22021,1628374,0022100527,2021-12-30,CLE @ WAS,L,26,4,10,0.4,1,4,0.25,2,2,1.0,2,6,8,4,1,1,2,3,11,-12,1,2021-22,Regular Season,1628374,Lauri Markkanen
22021,1628374,0022100533,2021-12-31,CLE vs. ATL,L,31,4,10,0.4,0,2,0.0,0,0,0.0,0,5,5,2,0,1,2,2,8,-11,1,2021-22,Regular Season,1628374,Lauri Markkanen
22021,1628374,0022100547,2022-01-02,CLE vs. IND,W,34,5,12,0.417,2,6,0.333,0,0,0.0,2,4,6,2,0,1,0,2,12,-3,1,2021-22,Regular Season,1628374,Lauri Markkanen
22021,1628374,0022100562,2022-01-04,CLE vs. MEM,L,36,5,11,0.455,1,5,0.2,2,2,1.0,1,6,7,5,0,1,1,3,13,10,1,2021-22,Regular Season,1628374,Lauri Markkanen
22021,1628374,0022100590,2022-01-07,CLE @ POR,W,33,4,9,0.444,2,6,0.333,5,6,0.833,0,1,1,5,1,1,0,2,15,13,1,2021-22,Regular Season,1628374,Lauri Markkanen
22021,1628374,0022100604,2022-01-09,CLE @ GSW,L,29,2,6,0.333,1,3,0.333,4,4,1.0,1,5,6,2,1,0,0,1,9,-3,1,2021-22,Regular Season,1628374,Lauri Markkanen
22021,1628374,0022100611,2022-01-10,CLE @ SAC,W,33,6,14,0.429,3,8,0.375,0,0,0.0,1,4,5,1,0,1,0,2,15,4,1,2021-22,Regular Season,1628374,Lauri Markkanen
22021,1628374,0022100624,2022-01-12,CLE @ UTA,W,35,8,11,0.727,4,5,0.8,0,0,0.0,3,3,6,1,0,1,0,2,20,20,1,2021-22,Regular Season,1628374,Lauri Markkanen
22021,1628374,0022100638,2022-01-14,CLE @ SAS,W,34,4,5,0.8,0,1,0.0,0,0,0.0,1,5,6,0,1,1,1,2,8,11,1,2021-22,Regular Season,1628374,Lauri Markkanen
22021,1628374,0022100646,2022-01-15,CLE @ OKC,W,32,4,10,0.4,2,6,0.333,2,2,1.0,0,5,5,1,4,0,0,2,12,0,1,2021-22,Regular Season,1628374,Lauri Markkanen
22021,1628374,0022100657,2022-01-17,CLE vs. BKN,W,30,5,12,0.417,4,9,0.444,0,0,0.0,0,6,6,1,1,0,3,2,14,-1,1,2021-22,Regular Season,1628374,Lauri Markkanen
22021,1628374,0022100673,2022-01-19,CLE @ CHI,L,33,9,14,0.643,5,9,0.556,5,6,0.833,1,6,7,0,1,1,0,2,28,-12,1,2021-22,Regular Season,1628374,Lauri Markkanen
22021,1628374,0022100695,2022-01-22,CLE vs. OKC,W,13,3,4,0.75,3,4,0.75,0,0,0.0,0,2,2,0,0,1,0,1,9,12,1,2021-22,Regular Season,1628374,Lauri Markkanen
22021,1628374,0022100889,2022-02-24,CLE @ DET,L,28,6,16,0.375,2,7,0.286,8,10,0.8,2,4,6,1,0,1,0,4,22,-8,1,2021-22,Regular Season,1628374,Lauri Markkanen
22021,1628374,0022100907,2022-02-26,CLE vs. WAS,W,35,6,18,0.333,6,9,0.667,5,6,0.833,0,6,6,1,0,1,1,0,23,5,1,2021-22,Regular Season,1628374,Lauri Markkanen
22021,1628374,0022100920,2022-02-28,CLE vs. MIN,L,35,2,7,0.286,1,6,0.167,5,6,0.833,0,4,4,1,0,0,5,2,10,0,1,2021-22,Regular Season,1628374,Lauri Markkanen
22021,1628374,0022100932,2022-03-02,CLE vs. CHA,L,31,3,10,0.3,2,6,0.333,4,4,1.0,0,5,5,3,2,0,1,0,12,-6,1,2021-22,Regular Season,1628374,Lauri Markkanen
22021,1628374,0022100947,2022-03-04,CLE @ PHI,L,18,3,7,0.429,0,1,0.0,0,0,0.0,3,4,7,0,1,0,1,4,6,7,1,2021-22,Regular Season,1628374,Lauri Markkanen
22021,1628374,0022100962,2022-03-06,CLE vs. TOR,W,38,8,18,0.444,3,12,0.25,3,4,0.75,0,12,12,0,0,1,1,0,22,-2,1,2021-22,Regular Season,1628374,Lauri Markkanen
22021,1628374,0022100976,2022-03-08,CLE @ IND,W,30,8,14,0.571,1,5,0.2,4,4,1.0,3,2,5,1,1,1,0,3,21,-2,1,2021-22,Regular Season,1628374,Lauri Markkanen
22021,1628374,0022100998,2022-03-11,CLE @ MIA,L,32,6,12,0.5,2,6,0.333,1,1,1.0,0,4,4,1,1,1,1,2,15,-15,1,2021-22,Regular Season,1628374,Lauri Markkanen
22021,1628374,0022101020,2022-03-14,CLE vs. LAC,W,46,5,9,0.556,4,6,0.667,3,4,0.75,1,8,9,1,1,0,1,2,17,-1,1,2021-22,Regular Season,1628374,Lauri Markkanen
22021,1628374,0022101034,2022-03-16,CLE vs. PHI,L,33,4,9,0.444,2,6,0.333,3,4,0.75,0,4,4,2,2,0,0,2,13,-4,1,2021-22,Regular Season,1628374,Lauri Markkanen
22021,1628374,0022101049,2022-03-18,CLE vs. DEN,W,42,11,18,0.611,6,12,0.5,3,4,0.75,0,10,10,3,4,0,1,4,31,21,1,2021-22,Regular Season,1628374,Lauri Markkanen
22021,1628374,0022101060,2022-03-19,CLE vs. DET,W,33,3,8,0.375,1,4,0.25,1,2,0.5,0,4,4,2,0,0,1,2,8,-8,1,2021-22,Regular Season,1628374,Lauri Markkanen
22021,1628374,0022101072,2022-03-21,CLE vs. LAL,L,37,6,12,0.5,4,10,0.4,2,2,1.0,1,8,9,1,0,0,0,2,18,2,1,2021-22,Regular Season,1628374,Lauri Markkanen
22021,1628374,0022101095,2022-03-24,CLE @ TOR,L,36,6,10,0.6,2,6,0.333,6,6,1.0,1,4,5,1,1,0,1,2,20,-3,1,2021-22,Regular Season,1628374,Lauri Markkanen
22021,1628374,0022101110,2022-03-26,CLE vs. CHI,L,32,5,13,0.385,1,7,0.143,3,4,0.75,3,6,9,2,2,1,2,6,14,-4,1,2021-22,Regular Season,1628374,Lauri Markkanen
22021,1628374,0022101123,2022-03-28,CLE vs. ORL,W,29,6,15,0.4,3,9,0.333,5,5,1.0,0,3,3,0,0,0,2,3,20,11,1,2021-22,Regular Season,1628374,Lauri Markkanen
22021,1628374,0022101136,2022-03-30,CLE vs. DAL,L,33,5,12,0.417,1,6,0.167,2,2,1.0,1,5,6,1,0,1,0,2,13,-10,1,2021-22,Regular Season,1628374,Lauri Markkanen
22021,1628374,0022100452,2022-03-31,CLE @ ATL,L,20,3,8,0.375,1,4,0.25,1,1,1.0,2,2,4,0,1,0,2,4,8,-12,1,2021-22,Regular Season,1628374,Lauri Markkanen
22021,1628374,0022101162,2022-04-02,CLE @ NYK,W,24,2,3,0.667,1,2,0.5,5,6,0.833,0,9,9,1,0,0,0,4,10,13,1,2021-22,Regular Season,1628374,Lauri Markkanen
22021,1628374,0022101170,2022-04-03,CLE vs. PHI,L,39,5,12,0.417,4,7,0.571,2,2,1.0,0,7,7,2,0,0,1,6,16,-6,1,2021-22,Regular Season,1628374,Lauri Markkanen
22021,1628374,0022101179,2022-04-05,CLE @ ORL,L,35,7,16,0.438,6,12,0.5,5,5,1.0,0,4,4,1,0,2,0,3,25,2,1,2021-22,Regular Season,1628374,Lauri Markkanen
22021,1628374,0022101205,2022-04-08,CLE @ BKN,L,25,7,14,0.5,2,5,0.4,1,1,1.0,1,3,4,0,0,0,2,4,17,-19,1,2021-22,Regular Season,1628374,Lauri Markkanen
22021,1628374,0022101218,2022-04-10,CLE vs. MIL,W,21,8,11,0.727,4,7,0.571,3,3,1.0,0,7,7,0,0,0,0,1,23,33,1,2021-22,Regular Season,1628374,Lauri Markkanen
22021,1630578,0022100008,2021-10-20,HOU @ MIN,L,19,3,4,0.75,0,0,0.0,5,5,1.0,3,3,6,2,3,0,3,4,11,-8,1,2021-22,Regular Season,1630578,Alperen Sengun
22021,1630578,0022100023,2021-10-22,HOU vs. OKC,W,18,3,5,0.6,0,2,0.0,0,1,0.0,1,3,4,1,1,2,6,4,6,14,1,2021-22,Regular Season,1630578,Alperen Sengun
22021,1630578,0022100037,2021-10-24,HOU vs. BOS,L,19,1,5,0.2,0,1,0.0,5,6,0.833,0,4,4,4,3,1,1,5,7,-3,1,2021-22,Regular Season,1630578,Alperen Sengun
22021,1630578,0022100052,2021-10-26,HOU @ DAL,L,14,1,4,0.25,1,2,0.5,2,4,0.5,0,1,1,2,2,0,1,1,5,4,1,2021-22,Regular Season,1630578,Alperen Sengun
22021,1630578,0022100068,2021-10-28,HOU vs. UTA,L,24,5,12,0.417,1,1,1.0,3,4,0.75,2,3,5,0,3,0,1,3,14,-8,1,2021-22,Regular Season,1630578,Alperen Sengun
22021,1630578,0022100093,2021-10-31,HOU @ LAL,L,20,3,7,0.429,0,1,0.0,5,6,0.833,2,5,7,2,3,0,4,3,11,-3,1,2021-22,Regular Season,1630578,Alperen Sengun
22021,1630578,0022100107,2021-11-02,HOU @ LAL,L,26,3,7,0.429,0,1,0.0,0,0,0.0,2,2,4,4,1,0,5,4,6,-2,1,2021-22,Regular Season,1630578,Alperen Sengun
22021,1630578,0022100122,2021-11-04,HOU @ PHX,L,23,4,10,0.4,1,2,0.5,1,2,0.5,1,3,4,5,1,0,2,5,10,-19,1,2021-22,Regular Season,1630578,Alperen Sengun
22021,1630578,0022100133,2021-11-06,HOU @ DEN,L,14,3,4,0.75,1,1,1.0,2,2,1.0,0,4,4,3,0,1,0,4,9,8,1,2021-22,Regular Season,1630578,Alperen Sengun
22021,1630578,0022100145,2021-11-07,HOU @ GSW,L,16,3,4,0.75,1,1,1.0,5,12,0.417,1,4,5,1,0,1,3,1,12,-4,1,2021-22,Regular Season,1630578,Alperen Sengun
22021,1630578,0022100177,2021-11-12,HOU vs. POR,L,19,4,6,0.667,1,1,1.0,3,4,0.75,1,3,4,0,0,1,1,2,12,-18,1,2021-22,Regular Season,1630578,Alperen Sengun
22021,1630578,0022100195,2021-11-14,HOU vs. PHX,L,22,4,6,0.667,0,1,0.0,2,3,0.667,2,8,10,4,0,1,2,2,10,-1,1,2021-22,Regular Season,1630578,Alperen Sengun
22021,1630578,0022100205,2021-11-15,HOU @ MEM,L,18,3,9,0.333,0,2,0.0,3,5,0.6,3,2,5,1,1,1,0,3,9,-22,1,2021-22,Regular Season,1630578,Alperen Sengun
22021,1630578,0022100221,2021-11-17,HOU @ OKC,L,5,0,2,0.0,0,0,0.0,0,0,0.0,2,0,2,0,0,0,1,0,0,-5,1,2021-22,Regular Season,1630578,Alperen Sengun
22021,1630578,0022100239,2021-11-20,HOU @ NYK,L,24,4,8,0.5,1,1,1.0,1,2,0.5,2,4,6,3,0,0,0,3,10,7,1,2021-22,Regular Season,1630578,Alperen Sengun
22021,1630578,0022100256,2021-11-22,HOU @ BOS,L,21,3,6,0.5,0,1,0.0,2,2,1.0,1,5,6,7,2,0,2,5,8,9,1,2021-22,Regular Season,1630578,Alperen Sengun
22021,1630578,0022100271,2021-11-24,HOU vs. CHI,W,16,4,7,0.571,2,3,0.667,3,5,0.6,1,3,4,2,1,0,1,3,13,7,1,2021-22,Regular Season,1630578,Alperen Sengun
22021,1630578,0022100297,2021-11-27,HOU vs. CHA,W,12,2,3,0.667,0,1,0.0,1,2,0.5,2,3,5,4,0,2,4,2,5,-13,1,2021-22,Regular Season,1630578,Alperen Sengun
22021,1630578,0022100308,2021-11-29,HOU vs. OKC,W,17,2,3,0.667,0,0,0.0,0,0,0.0,1,4,5,3,1,0,1,2,4,-11,1,2021-22,Regular Season,1630578,Alperen Sengun
22021,1630578,0022100326,2021-12-01,HOU @ OKC,W,13,2,4,0.5,0,0,0.0,1,1,1.0,0,2,2,4,2,2,0,4,5,-6,1,2021-22,Regular Season,1630578,Alperen Sengun
22021,1630578,0022100337,2021-12-03,HOU vs. ORL,W,19,3,6,0.5,1,3,0.333,6,7,0.857,1,2,3,5,0,1,1,1,13,4,1,2021-22,Regular Season,1630578,Alperen Sengun
22021,1630578,0022100352,2021-12-05,HOU vs. NOP,W,17,3,7,0.429,0,2,0.0,4,4,1.0,3,1,4,1,1,1,1,5,10,2,1,2021-22,Regular Season,1630578,Alperen Sengun
22021,1630578,0022100372,2021-12-08,HOU vs. BKN,W,14,2,5,0.4,0,1,0.0,2,2,1.0,1,1,2,1,0,0,0,2,6,4,1,2021-22,Regular Season,1630578,Alperen Sengun
22021,1630578,0022100386,2021-12-10,HOU vs. MIL,L,16,6,8,0.75,0,0,0.0,3,6,0.5,2,3,5,0,1,0,1,4,15,11,1,2021-22,Regular Season,1630578,Alperen Sengun
22021,1630578,0022100395,2021-12-11,HOU @ MEM,L,23,5,8,0.625,0,0,0.0,5,5,1.0,2,4,6,6,1,3,3,4,15,3,1,2021-22,Regular Season,1630578,Alperen Sengun
22021,1630578,0022100407,2021-12-13,HOU @ ATL,W,25,4,10,0.4,0,2,0.0,3,4,0.75,3,3,6,4,1,2,1,5,11,15,1,2021-22,Regular Season,1630578,Alperen Sengun
22021,1630578,0022100417,2021-12-15,HOU @ CLE,L,28,7,14,0.5,0,2,0.0,5,6,0.833,4,7,11,5,2,1,2,1,19,-12,1,2021-22,Regular Season,1630578,Alperen Sengun
22021,1630578,0022100431,2021-12-16,HOU vs. NYK,L,15,0,3,0.0,0,2,0.0,1,2,0.5,0,2,2,1,0,2,4,3,1,-23,1,2021-22,Regular Season,1630578,Alperen Sengun
22021,1630578,0022100441,2021-12-18,HOU @ DET,W,22,3,8,0.375,0,2,0.0,3,3,1.0,4,1,5,4,0,2,1,4,9,13,1,2021-22,Regular Season,1630578,Alperen Sengun
22021,1630578,0022100459,2021-12-20,HOU @ CHI,L,19,3,5,0.6,1,1,1.0,1,2,0.5,2,3,5,2,1,0,5,3,8,-10,1,2021-22,Regular Season,1630578,Alperen Sengun
22021,1630578,0022100473,2021-12-22,HOU @ MIL,L,24,4,6,0.667,0,0,0.0,2,4,0.5,3,5,8,4,0,0,4,2,10,-23,1,2021-22,Regular Season,1630578,Alperen Sengun
22021,1630578,0022100476,2021-12-23,HOU @ IND,L,20,5,10,0.5,0,1,0.0,0,0,0.0,4,4,8,3,1,2,1,3,10,-16,1,2021-22,Regular Season,1630578,Alperen Sengun
22021,1630578,0022100501,2021-12-27,HOU @ CHA,L,21,2,5,0.4,0,0,0.0,1,2,0.5,3,3,6,3,0,2,4,5,5,-12,1,2021-22,Regular Season,1630578,Alperen Sengun
22021,1630578,0022100511,2021-12-28,HOU vs. LAL,L,15,5,8,0.625,0,0,0.0,0,1,0.0,1,1,2,0,0,1,1,4,10,2,1,2021-22,Regular Season,1630578,Alperen Sengun
22021,1630578,0022100532,2021-12-31,HOU vs. MIA,L,7,1,1,1.0,1,1,1.0,3,4,0.75,0,1,1,1,0,1,1,2,6,-11,1,2021-22,Regular Season,1630578,Alperen Sengun
22021,1630578,0022100640,2022-01-14,HOU @ SAC,L,14,4,6,0.667,0,2,0.0,1,2,0.5,2,2,4,2,0,1,2,2,9,-10,1,2021-22,Regular Season,1630578,Alperen Sengun
22021,1630578,0022100651,2022-01-16,HOU @ SAC,W,15,2,4,0.5,0,1,0.0,2,3,0.667,0,0,0,2,0,1,3,0,6,3,1,2021-22,Regular Season,1630578,Alperen Sengun
22021,1630578,0022100677,2022-01-19,HOU @ UTA,W,16,2,6,0.333,1,1,1.0,2,2,1.0,1,1,2,2,0,1,2,2,7,2,1,2021-22,Regular Season,1630578,Alperen Sengun
22021,1630578,0022100694,2022-01-21,HOU @ GSW,L,14,2,7,0.286,0,2,0.0,1,2,0.5,2,4,6,2,0,0,2,0,5,1,1,2021-22,Regular Season,1630578,Alperen Sengun
22021,1630578,0022100719,2022-01-25,HOU vs. SAS,L,24,5,13,0.385,0,2,0.0,4,6,0.667,3,2,5,1,1,3,3,1,14,-11,1,2021-22,Regular Season,1630578,Alperen Sengun
22021,1630578,0022100739,2022-01-28,HOU vs. POR,L,11,1,2,0.5,0,0,0.0,2,2,1.0,1,2,3,0,1,0,1,2,4,-11,1,2021-22,Regular Season,1630578,Alperen Sengun
22021,1630578,0022100764,2022-01-31,HOU vs. GSW,L,12,0,2,0.0,0,0,0.0,2,4,0.5,1,3,4,1,0,0,3,2,2,0,1,2021-22,Regular Season,1630578,Alperen Sengun
22021,1630578,0022100777,2022-02-02,HOU vs. CLE,W,25,2,4,0.5,0,0,0.0,5,6,0.833,2,6,8,3,0,1,4,3,9,20,1,2021-22,Regular Season,1630578,Alperen Sengun
22021,1630578,0022100792,2022-02-04,HOU @ SAS,L,29,7,15,0.467,1,4,0.25,3,3,1.0,2,0,2,1,2,3,2,4,18,-16,1,2021-22,Regular Season,1630578,Alperen Sengun
22021,1630578,0022100808,2022-02-06,HOU vs. NOP,L,25,2,6,0.333,1,5,0.2,0,0,0.0,2,4,6,4,1,2,0,5,5,-9,1,2021-22,Regular Season,1630578,Alperen Sengun
22021,1630578,0022100819,2022-02-08,HOU @ NOP,L,28,5,10,0.5,0,2,0.0,1,2,0.5,2,7,9,2,0,2,4,4,11,-9,1,2021-22,Regular Season,1630578,Alperen Sengun
22021,1630578,0022100834,2022-02-10,HOU vs. TOR,L,21,0,3,0.0,0,0,0.0,0,2,0.0,2,2,4,4,0,1,2,3,0,-22,1,2021-22,Regular Season,1630578,Alperen Sengun
22021,1630578,0022100865,2022-02-14,HOU @ UTA,L,16,3,6,0.5,0,2,0.0,3,5,0.6,1,2,3,2,1,0,2,3,9,-17,1,2021-22,Regular Season,1630578,Alperen Sengun
22021,1630578,0022100882,2022-02-16,HOU @ PHX,L,28,7,11,0.636,3,4,0.75,2,2,1.0,2,12,14,3,2,1,1,4,19,11,1,2021-22,Regular Season,1630578,Alperen Sengun
22021,1630578,0022100888,2022-02-17,HOU @ LAC,L,14,2,5,0.4,0,1,0.0,0,0,0.0,1,2,3,4,0,1,3,1,4,-16,1,2021-22,Regular Season,1630578,Alperen Sengun
22021,1630578,0022100898,2022-02-25,HOU @ ORL,L,18,2,5,0.4,0,1,0.0,2,2,1.0,2,4,6,4,1,2,4,2,6,-7,1,2021-22,Regular Season,1630578,Alperen Sengun
22021,1630578,0022100916,2022-02-27,HOU vs. LAC,L,16,5,8,0.625,1,3,0.333,4,6,0.667,1,2,3,0,0,0,2,2,15,-4,1,2021-22,Regular Season,1630578,Alperen Sengun
22021,1630578,0022100929,2022-03-01,HOU vs. LAC,L,22,6,15,0.4,1,3,0.333,0,0,0.0,3,6,9,1,2,2,1,2,13,0,1,2021-22,Regular Season,1630578,Alperen Sengun
22021,1630578,0022100935,2022-03-02,HOU vs. UTA,L,18,0,6,0.0,0,4,0.0,5,6,0.833,1,3,4,1,2,0,1,6,5,-2,1,2021-22,Regular Season,1630578,Alperen Sengun
22021,1630578,0022100952,2022-03-04,HOU @ DEN,L,22,5,10,0.5,0,3,0.0,1,4,0.25,2,8,10,1,1,1,1,2,11,-14,1,2021-22,Regular Season,1630578,Alperen Sengun
22021,1630578,0022100964,2022-03-06,HOU vs. MEM,W,22,2,4,0.5,0,1,0.0,2,4,0.5,1,0,1,4,0,2,0,2,6,2,1,2021-22,Regular Season,1630578,Alperen Sengun
22021,1630578,0022100970,2022-03-07,HOU @ MIA,L,30,5,11,0.455,0,1,0.0,3,6,0.5,3,5,8,3,0,1,2,4,13,-15,1,2021-22,Regular Season,1630578,Alperen Sengun
22021,1630578,0022100985,2022-03-09,HOU vs. LAL,W,40,9,20,0.45,1,3,0.333,2,2,1.0,5,9,14,2,2,2,3,4,21,6,1,2021-22,Regular Season,1630578,Alperen Sengun
22021,1630578,0022100999,2022-03-11,HOU vs. DAL,L,20,3,9,0.333,0,2,0.0,0,0,0.0,1,5,6,1,1,0,2,5,6,-8,1,2021-22,Regular Season,1630578,Alperen Sengun
22021,1630578,0022101017,2022-03-13,HOU @ NOP,L,15,4,6,0.667,1,1,1.0,0,0,0.0,1,3,4,1,0,0,1,6,9,-4,1,2021-22,Regular Season,1630578,Alperen Sengun
22021,1630578,0022101038,2022-03-16,HOU vs. PHX,L,26,2,5,0.4,0,0,0.0,1,2,0.5,3,0,3,3,3,0,0,3,5,-6,1,2021-22,Regular Season,1630578,Alperen Sengun
22021,1630578,0022101053,2022-03-18,HOU vs. IND,L,21,4,9,0.444,0,3,0.0,7,8,0.875,2,2,4,0,0,3,2,2,15,1,1,2021-22,Regular Season,1630578,Alperen Sengun
22021,1630578,0022101063,2022-03-20,HOU vs. MEM,L,23,5,7,0.714,0,2,0.0,2,3,0.667,2,7,9,3,1,0,2,3,12,-7,1,2021-22,Regular Season,1630578,Alperen Sengun
22021,1630578,0022101077,2022-03-21,HOU vs. WAS,W,25,2,7,0.286,1,2,0.5,2,2,1.0,2,5,7,3,1,2,3,1,7,11,1,2021-22,Regular Season,1630578,Alperen Sengun
22021,1630578,0022101092,2022-03-23,HOU @ DAL,L,22,6,12,0.5,1,3,0.333,1,2,0.5,4,7,11,2,2,0,0,3,14,-18,1,2021-22,Regular Season,1630578,Alperen Sengun
22021,1630578,0022101105,2022-03-25,HOU @ POR,W,21,1,3,0.333,0,0,0.0,2,3,0.667,2,4,6,5,2,0,6,5,4,-5,1,2021-22,Regular Season,1630578,Alperen Sengun
22021,1630578,0022101114,2022-03-26,HOU @ POR,W,26,10,16,0.625,2,4,0.5,5,8,0.625,2,5,7,3,0,1,1,1,27,13,1,2021-22,Regular Season,1630578,Alperen Sengun
22021,1630578,0022101128,2022-03-28,HOU vs. SAS,L,29,3,10,0.3,2,5,0.4,4,4,1.0,3,4,7,3,0,2,4,3,12,-5,1,2021-22,Regular Season,1630578,Alperen Sengun
22021,1630578,0022101173,2022-04-03,HOU vs. MIN,L,33,5,7,0.714,0,1,0.0,4,4,1.0,6,9,15,4,0,1,5,4,14,-6,1,2021-22,Regular Season,1630578,Alperen Sengun
22021,1630578,0022101180,2022-04-05,HOU @ BKN,L,36,5,11,0.455,0,2,0.0,4,4,1.0,7,4,11,5,0,1,1,2,14,-12,1,2021-22,Regular Season,1630578,Alperen Sengun
22021,1630578,0022101206,2022-04-08,HOU @ TOR,L,33,7,12,0.583,0,2,0.0,3,3,1.0,0,2,2,3,1,0,1,4,17,-1,1,2021-22,Regular Season,1630578,Alperen Sengun
22021,1630578,0022101221,2022-04-10,HOU vs. ATL,L,35,4,12,0.333,1,6,0.167,0,0,0.0,1,5,6,8,0,1,1,4,9,-17,1,2021-22,Regular Season,1630578,Alperen Sengun
22021,1630595,0022100079,2021-10-30,DET vs. ORL,W,19,1,8,0.125,0,5,0.0,0,0,0.0,2,5,7,2,0,1,2,0,2,1,1,2021-22,Regular Season,1630595,Cade Cunningham
22021,1630595,0022100103,2021-11-02,DET vs. MIL,L,29,2,14,0.143,0,9,0.0,2,2,1.0,0,2,2,3,0,0,2,2,6,-22,1,2021-22,Regular Season,1630595,Cade Cunningham
22021,1630595,0022100119,2021-11-04,DET vs. PHI,L,32,4,17,0.235,1,7,0.143,9,10,0.9,4,6,10,4,1,0,3,3,18,7,1,2021-22,Regular Season,1630595,Cade Cunningham
22021,1630595,0022100124,2021-11-05,DET vs. BKN,L,30,6,17,0.353,3,7,0.429,2,2,1.0,0,4,4,2,1,0,6,4,17,-16,1,2021-22,Regular Season,1630595,Cade Cunningham
22021,1630595,0022100162,2021-11-10,DET @ HOU,W,30,8,18,0.444,4,8,0.5,0,0,0.0,1,3,4,3,2,1,4,3,20,1,1,2021-22,Regular Season,1630595,Cade Cunningham
22021,1630595,0022100176,2021-11-12,DET @ CLE,L,31,4,8,0.5,1,3,0.333,0,0,0.0,1,5,6,3,1,0,7,1,9,-9,1,2021-22,Regular Season,1630595,Cade Cunningham
22021,1630595,0022100189,2021-11-13,DET @ TOR,W,33,4,10,0.4,2,8,0.25,0,0,0.0,1,2,3,4,1,1,1,4,10,4,1,2021-22,Regular Season,1630595,Cade Cunningham
22021,1630595,0022100200,2021-11-15,DET vs. SAC,L,35,10,20,0.5,5,11,0.455,0,0,0.0,2,6,8,8,2,0,4,1,25,-15,1,2021-22,Regular Season,1630595,Cade Cunningham
22021,1630595,0022100214,2021-11-17,DET vs. IND,W,34,6,18,0.333,1,8,0.125,3,4,0.75,0,8,8,6,2,1,1,2,16,3,1,2021-22,Regular Season,1630595,Cade Cunningham
22021,1630595,0022100231,2021-11-19,DET vs. GSW,L,36,6,12,0.5,3,8,0.375,4,4,1.0,1,5,6,6,3,2,2,2,19,-4,1,2021-22,Regular Season,1630595,Cade Cunningham
22021,1630595,0022100249,2021-11-21,DET vs. LAL,L,38,6,21,0.286,1,9,0.111,0,0,0.0,1,11,12,10,2,0,3,3,13,0,1,2021-22,Regular Season,1630595,Cade Cunningham
22021,1630595,0022100263,2021-11-23,DET vs. MIA,L,29,2,10,0.2,1,7,0.143,1,1,1.0,0,3,3,6,1,0,4,4,6,-11,1,2021-22,Regular Season,1630595,Cade Cunningham
22021,1630595,0022100273,2021-11-24,DET @ MIL,L,30,3,10,0.3,2,6,0.333,1,2,0.5,0,8,8,7,0,0,4,1,9,-23,1,2021-22,Regular Season,1630595,Cade Cunningham
22021,1630595,0022100280,2021-11-26,DET @ LAC,L,28,3,13,0.231,0,5,0.0,4,5,0.8,2,4,6,6,3,0,4,5,10,0,1,2021-22,Regular Season,1630595,Cade Cunningham
22021,1630595,0022100304,2021-11-28,DET @ LAL,L,34,6,16,0.375,3,9,0.333,0,0,0.0,1,10,11,2,0,1,5,1,15,0,1,2021-22,Regular Season,1630595,Cade Cunningham
22021,1630595,0022100317,2021-11-30,DET @ POR,L,33,10,13,0.769,5,7,0.714,1,2,0.5,0,7,7,1,1,3,6,4,26,0,1,2021-22,Regular Season,1630595,Cade Cunningham
22021,1630595,0022100331,2021-12-02,DET @ PHX,L,31,8,15,0.533,3,5,0.6,0,0,0.0,1,1,2,5,1,1,5,3,19,5,1,2021-22,Regular Season,1630595,Cade Cunningham
22021,1630595,0022100354,2021-12-06,DET vs. OKC,L,36,11,24,0.458,6,11,0.545,0,0,0.0,3,8,11,5,1,0,6,3,28,-7,1,2021-22,Regular Season,1630595,Cade Cunningham
22021,1630595,0022100368,2021-12-08,DET vs. WAS,L,37,8,20,0.4,1,4,0.25,4,4,1.0,2,2,4,3,2,0,3,4,21,-5,1,2021-22,Regular Season,1630595,Cade Cunningham
22021,1630595,0022100388,2021-12-10,DET @ NOP,L,31,5,17,0.294,2,7,0.286,4,5,0.8,0,1,1,4,3,0,2,2,16,-13,1,2021-22,Regular Season,1630595,Cade Cunningham
22021,1630595,0022100399,2021-12-12,DET vs. BKN,L,36,9,18,0.5,5,8,0.625,3,5,0.6,0,8,8,6,3,1,7,1,26,-16,1,2021-22,Regular Season,1630595,Cade Cunningham
22021,1630595,0022100428,2021-12-16,DET @ IND,L,34,8,16,0.5,1,4,0.25,2,2,1.0,0,6,6,4,1,2,2,5,19,-7,1,2021-22,Regular Season,1630595,Cade Cunningham
22021,1630595,0022100441,2021-12-18,DET vs. HOU,L,36,8,19,0.421,3,9,0.333,2,2,1.0,2,5,7,11,2,1,3,3,21,3,1,2021-22,Regular Season,1630595,Cade Cunningham
22021,1630595,0022100449,2021-12-19,DET vs. MIA,W,31,2,4,0.5,0,2,0.0,0,0,0.0,0,3,3,10,2,0,4,6,4,4,1,2021-22,Regular Season,1630595,Cade Cunningham
22021,1630595,0022100466,2021-12-21,DET @ NYK,L,33,2,13,0.154,0,2,0.0,3,3,1.0,0,9,9,9,0,1,5,2,7,-18,1,2021-22,Regular Season,1630595,Cade Cunningham
22021,1630595,0022100556,2022-01-03,DET @ MIL,W,37,8,15,0.533,3,7,0.429,0,0,0.0,1,3,4,7,0,1,5,4,19,13,1,2021-22,Regular Season,1630595,Cade Cunningham
22021,1630595,0022100567,2022-01-05,DET @ CHA,L,26,6,12,0.5,4,9,0.444,0,0,0.0,0,2,2,7,2,0,4,4,16,-18,1,2021-22,Regular Season,1630595,Cade Cunningham
22021,1630595,0022100579,2022-01-06,DET @ MEM,L,31,5,19,0.263,2,10,0.2,0,0,0.0,1,4,5,6,0,0,1,2,12,-25,1,2021-22,Regular Season,1630595,Cade Cunningham
22021,1630595,0022100593,2022-01-08,DET vs. ORL,W,32,3,14,0.214,0,5,0.0,6,8,0.75,1,2,3,5,1,0,2,4,12,1,1,2021-22,Regular Season,1630595,Cade Cunningham
22021,1630595,0022100608,2022-01-10,DET vs. UTA,W,38,10,17,0.588,5,9,0.556,4,4,1.0,0,1,1,8,2,2,5,2,29,22,1,2021-22,Regular Season,1630595,Cade Cunningham
22021,1630595,0022100415,2022-01-11,DET @ CHI,L,29,3,11,0.273,2,5,0.4,0,0,0.0,1,6,7,3,1,0,6,4,8,-30,1,2021-22,Regular Season,1630595,Cade Cunningham
22021,1630595,0022100633,2022-01-14,DET vs. TOR,W,33,8,15,0.533,1,4,0.25,1,1,1.0,0,7,7,5,1,0,2,1,18,12,1,2021-22,Regular Season,1630595,Cade Cunningham
22021,1630595,0022100617,2022-01-16,DET vs. PHX,L,25,9,15,0.6,1,3,0.333,2,3,0.667,0,1,1,4,1,0,0,3,21,-20,1,2021-22,Regular Season,1630595,Cade Cunningham
22021,1630595,0022100667,2022-01-18,DET @ GSW,L,28,3,10,0.3,2,4,0.5,0,0,0.0,1,0,1,4,1,0,5,2,8,-20,1,2021-22,Regular Season,1630595,Cade Cunningham
22021,1630595,0022100679,2022-01-19,DET @ SAC,W,21,4,8,0.5,1,2,0.5,4,5,0.8,0,1,1,0,0,0,1,6,13,-24,1,2021-22,Regular Season,1630595,Cade Cunningham
22021,1630595,0022100693,2022-01-21,DET @ UTA,L,41,11,23,0.478,1,4,0.25,2,2,1.0,2,4,6,5,2,3,2,5,25,-14,1,2021-22,Regular Season,1630595,Cade Cunningham
22021,1630595,0022100707,2022-01-23,DET @ DEN,L,36,7,15,0.467,1,5,0.2,3,3,1.0,1,4,5,8,1,1,6,3,18,-4,1,2021-22,Regular Season,1630595,Cade Cunningham
22021,1630595,0022100714,2022-01-25,DET vs. DEN,L,40,14,26,0.538,6,9,0.667,0,0,0.0,0,8,8,8,2,4,4,5,34,-4,1,2021-22,Regular Season,1630595,Cade Cunningham
22021,1630595,0022100736,2022-01-28,DET @ ORL,L,30,3,17,0.176,0,5,0.0,2,2,1.0,0,2,2,4,0,0,2,1,8,-13,1,2021-22,Regular Season,1630595,Cade Cunningham
22021,1630595,0022100754,2022-01-30,DET vs. CLE,W,37,6,21,0.286,2,4,0.5,5,5,1.0,5,5,10,10,3,1,1,3,19,9,1,2021-22,Regular Season,1630595,Cade Cunningham
22021,1630595,0022100766,2022-02-01,DET vs. NOP,L,21,3,8,0.375,0,2,0.0,0,0,0.0,1,4,5,1,2,0,2,3,6,1,1,2021-22,Regular Season,1630595,Cade Cunningham
22021,1630595,0022100838,2022-02-11,DET vs. CHA,L,22,5,13,0.385,2,5,0.4,0,0,0.0,1,4,5,2,2,1,6,2,12,-17,1,2021-22,Regular Season,1630595,Cade Cunningham
22021,1630595,0022100858,2022-02-14,DET @ WAS,L,27,5,16,0.313,0,5,0.0,2,2,1.0,0,4,4,4,1,0,2,4,12,-1,1,2021-22,Regular Season,1630595,Cade Cunningham
22021,1630595,0022100875,2022-02-16,DET @ BOS,W,36,8,22,0.364,3,6,0.5,1,2,0.5,2,6,8,6,0,0,5,5,20,1,1,2021-22,Regular Season,1630595,Cade Cunningham
22021,1630595,0022100889,2022-02-24,DET vs. CLE,W,32,4,16,0.25,0,4,0.0,9,10,0.9,3,3,6,6,0,2,2,3,17,-10,1,2021-22,Regular Season,1630595,Cade Cunningham
22021,1630595,0022100905,2022-02-26,DET vs. BOS,L,27,11,19,0.579,1,6,0.167,2,3,0.667,0,7,7,3,0,0,2,5,25,5,1,2021-22,Regular Season,1630595,Cade Cunningham
22021,1630595,0022100915,2022-02-27,DET @ CHA,W,33,7,16,0.438,1,3,0.333,4,6,0.667,0,5,5,6,0,0,5,4,19,6,1,2021-22,Regular Season,1630595,Cade Cunningham
22021,1630595,0022100926,2022-03-01,DET @ WAS,L,32,9,18,0.5,0,3,0.0,2,3,0.667,2,7,9,5,1,0,3,4,20,4,1,2021-22,Regular Season,1630595,Cade Cunningham
22021,1630595,0022100942,2022-03-03,DET @ TOR,W,38,9,20,0.45,4,9,0.444,0,0,0.0,2,10,12,5,2,1,1,4,22,9,1,2021-22,Regular Season,1630595,Cade Cunningham
22021,1630595,0022100946,2022-03-04,DET vs. IND,W,32,8,20,0.4,2,4,0.5,2,2,1.0,1,8,9,3,1,0,4,1,20,9,1,2021-22,Regular Season,1630595,Cade Cunningham
22021,1630595,0022100968,2022-03-07,DET vs. ATL,W,43,10,25,0.4,2,7,0.286,6,7,0.857,1,5,6,10,1,1,3,5,28,11,1,2021-22,Regular Season,1630595,Cade Cunningham
22021,1630595,0022100982,2022-03-09,DET vs. CHI,L,36,9,15,0.6,2,3,0.667,2,2,1.0,0,4,4,6,0,0,6,5,22,-7,1,2021-22,Regular Season,1630595,Cade Cunningham
22021,1630595,0022100997,2022-03-11,DET @ BOS,L,41,10,27,0.37,3,10,0.3,4,4,1.0,1,7,8,6,0,0,4,2,27,-4,1,2021-22,Regular Season,1630595,Cade Cunningham
22021,1630595,0022101013,2022-03-13,DET vs. LAC,L,44,10,20,0.5,0,3,0.0,3,3,1.0,0,9,9,10,0,2,3,1,23,1,1,2021-22,Regular Season,1630595,Cade Cunningham
22021,1630595,0022101060,2022-03-19,DET @ CLE,L,36,5,13,0.385,2,4,0.5,3,6,0.5,2,4,6,10,2,1,5,4,15,2,1,2021-22,Regular Season,1630595,Cade Cunningham
22021,1630595,0022101073,2022-03-21,DET vs. POR,L,36,10,17,0.588,1,3,0.333,4,5,0.8,0,3,3,7,4,1,9,5,25,-5,1,2021-22,Regular Season,1630595,Cade Cunningham
22021,1630595,0022101085,2022-03-23,DET vs. ATL,W,35,7,12,0.583,0,2,0.0,3,3,1.0,1,5,6,8,1,1,5,3,17,43,1,2021-22,Regular Season,1630595,Cade Cunningham
22021,1630595,0022101101,2022-03-25,DET vs. WAS,L,35,11,22,0.5,0,2,0.0,0,0,0.0,3,4,7,9,0,1,3,4,22,0,1,2021-22,Regular Season,1630595,Cade Cunningham
22021,1630595,0022101115,2022-03-27,DET vs. NYK,L,37,7,18,0.389,1,4,0.25,3,4,0.75,0,0,0,7,1,2,4,2,18,1,1,2021-22,Regular Season,1630595,Cade Cunningham
22021,1630595,0022101133,2022-03-29,DET @ BKN,L,32,13,24,0.542,5,11,0.455,3,3,1.0,0,1,1,6,2,0,4,2,34,-12,1,2021-22,Regular Season,1630595,Cade Cunningham
22021,1630595,0022101147,2022-03-31,DET vs. PHI,W,35,12,20,0.6,0,3,0.0,3,4,0.75,0,2,2,6,4,0,2,5,27,-1,1,2021-22,Regular Season,1630595,Cade Cunningham
22021,1630595,0022101157,2022-04-01,DET @ OKC,W,8,1,4,0.25,0,1,0.0,0,0,0.0,0,0,0,0,0,0,2,1,2,-2,1,2021-22,Regular Season,1630595,Cade Cunningham
22021,1630595,0022101190,2022-04-06,DET vs. DAL,L,38,7,19,0.368,1,4,0.25,10,11,0.909,1,6,7,9,2,1,5,4,25,-18,1,2021-22,Regular Season,1630595,Cade Cunningham
22021,1630595,0022101203,2022-04-08,DET vs. MIL,L,39,6,18,0.333,0,5,0.0,2,2,1.0,0,6,6,7,0,1,6,4,14,-38,1,2021-22,Regular Season,1630595,Cade Cunningham
22021,1630596,0022100007,2021-10-20,CLE @ MEM,L,38,7,13,0.538,1,2,0.5,2,3,0.667,0,9,9,6,1,1,0,2,17,-18,1,2021-22,Regular Season,1630596,Evan Mobley
22021,1630596,0022100017,2021-10-22,CLE vs. CHA,L,32,4,7,0.571,0,0,0.0,5,6,0.833,1,4,5,2,2,2,4,2,13,-7,1,2021-22,Regular Season,1630596,Evan Mobley
22021,1630596,0022100027,2021-10-23,CLE vs. ATL,W,35,7,12,0.583,0,2,0.0,3,3,1.0,2,9,11,1,2,4,1,3,17,6,1,2021-22,Regular Season,1630596,Evan Mobley
22021,1630596,0022100048,2021-10-25,CLE @ DEN,W,26,4,8,0.5,0,0,0.0,2,2,1.0,3,5,8,2,0,1,3,3,10,16,1,2021-22,Regular Season,1630596,Evan Mobley
22021,1630596,0022100064,2021-10-27,CLE @ LAC,W,34,3,10,0.3,0,0,0.0,6,6,1.0,3,7,10,0,1,2,0,4,12,11,1,2021-22,Regular Season,1630596,Evan Mobley
22021,1630596,0022100077,2021-10-29,CLE @ LAL,L,36,10,16,0.625,1,2,0.5,2,5,0.4,2,4,6,3,2,0,0,0,23,0,1,2021-22,Regular Season,1630596,Evan Mobley
22021,1630596,0022100088,2021-10-30,CLE @ PHX,L,21,1,6,0.167,0,1,0.0,0,0,0.0,1,3,4,4,0,0,0,1,2,-6,1,2021-22,Regular Season,1630596,Evan Mobley
22021,1630596,0022100094,2021-11-01,CLE @ CHA,W,40,7,15,0.467,0,2,0.0,1,2,0.5,4,6,10,3,2,1,4,4,15,-2,1,2021-22,Regular Season,1630596,Evan Mobley
22021,1630596,0022100108,2021-11-03,CLE vs. POR,W,40,5,11,0.455,0,1,0.0,1,2,0.5,2,9,11,0,0,1,4,2,11,-10,1,2021-22,Regular Season,1630596,Evan Mobley
22021,1630596,0022100127,2021-11-05,CLE @ TOR,W,38,7,14,0.5,0,3,0.0,4,4,1.0,0,5,5,2,0,1,2,2,18,-7,1,2021-22,Regular Season,1630596,Evan Mobley
22021,1630596,0022100140,2021-11-07,CLE @ NYK,W,36,11,15,0.733,2,4,0.5,2,2,1.0,3,6,9,5,1,1,1,1,26,26,1,2021-22,Regular Season,1630596,Evan Mobley
22021,1630596,0022100158,2021-11-10,CLE vs. WAS,L,25,7,15,0.467,1,3,0.333,4,5,0.8,0,7,7,2,0,1,2,3,19,-11,1,2021-22,Regular Season,1630596,Evan Mobley
22021,1630596,0022100176,2021-11-12,CLE vs. DET,W,35,6,10,0.6,2,2,1.0,2,4,0.5,1,6,7,1,2,4,3,1,16,29,1,2021-22,Regular Season,1630596,Evan Mobley
22021,1630596,0022100190,2021-11-13,CLE vs. BOS,W,40,8,13,0.615,1,2,0.5,2,2,1.0,1,8,9,1,2,3,0,1,19,16,1,2021-22,Regular Season,1630596,Evan Mobley
22021,1630596,0022100199,2021-11-15,CLE vs. BOS,L,29,0,11,0.0,0,2,0.0,1,2,0.5,3,6,9,5,0,2,3,1,1,-8,1,2021-22,Regular Season,1630596,Evan Mobley
22021,1630596,0022100295,2021-11-27,CLE vs. ORL,W,33,5,12,0.417,2,4,0.5,1,2,0.5,2,7,9,3,0,4,1,1,13,3,1,2021-22,Regular Season,1630596,Evan Mobley
22021,1630596,0022100310,2021-11-29,CLE @ DAL,W,35,5,10,0.5,0,2,0.0,2,3,0.667,0,7,7,2,1,2,5,3,12,5,1,2021-22,Regular Season,1630596,Evan Mobley
22021,1630596,0022100323,2021-12-01,CLE @ MIA,W,32,5,10,0.5,2,3,0.667,5,5,1.0,0,11,11,4,1,4,2,3,17,1,1,2021-22,Regular Season,1630596,Evan Mobley
22021,1630596,0022100334,2021-12-03,CLE @ WAS,W,36,3,12,0.25,0,1,0.0,0,0,0.0,3,4,7,4,0,3,1,3,6,21,1,2021-22,Regular Season,1630596,Evan Mobley
22021,1630596,0022100349,2021-12-05,CLE vs. UTA,L,37,6,15,0.4,1,2,0.5,1,1,1.0,4,7,11,3,1,1,0,1,14,0,1,2021-22,Regular Season,1630596,Evan Mobley
22021,1630596,0022100358,2021-12-06,CLE @ MIL,L,31,3,10,0.3,1,4,0.25,5,6,0.833,2,4,6,2,1,0,0,3,12,-7,1,2021-22,Regular Season,1630596,Evan Mobley
22021,1630596,0022100367,2021-12-08,CLE vs. CHI,W,32,8,11,0.727,0,0,0.0,0,0,0.0,1,8,9,1,2,5,1,1,16,28,1,2021-22,Regular Season,1630596,Evan Mobley
22021,1630596,0022100387,2021-12-10,CLE @ MIN,W,24,4,6,0.667,0,0,0.0,3,4,0.75,1,7,8,1,0,2,2,4,11,18,1,2021-22,Regular Season,1630596,Evan Mobley
22021,1630596,0022100393,2021-12-11,CLE vs. SAC,W,38,7,14,0.5,0,0,0.0,1,2,0.5,2,13,15,2,0,1,0,3,15,20,1,2021-22,Regular Season,1630596,Evan Mobley
22021,1630596,0022100404,2021-12-13,CLE vs. MIA,W,35,3,11,0.273,0,0,0.0,3,4,0.75,2,3,5,3,2,0,2,1,9,3,1,2021-22,Regular Season,1630596,Evan Mobley
22021,1630596,0022100513,2021-12-28,CLE @ NOP,L,30,9,12,0.75,1,2,0.5,3,3,1.0,0,7,7,0,0,0,1,3,22,-8,1,2021-22,Regular Season,1630596,Evan Mobley
22021,1630596,0022100527,2021-12-30,CLE @ WAS,L,32,10,20,0.5,0,2,0.0,1,2,0.5,3,2,5,3,1,2,2,3,21,-10,1,2021-22,Regular Season,1630596,Evan Mobley
22021,1630596,0022100533,2021-12-31,CLE vs. ATL,L,36,8,12,0.667,0,0,0.0,0,0,0.0,1,7,8,5,0,3,1,2,16,1,1,2021-22,Regular Season,1630596,Evan Mobley
22021,1630596,0022100547,2022-01-02,CLE vs. IND,W,35,11,16,0.688,0,2,0.0,2,4,0.5,1,8,9,4,0,0,3,3,24,-8,1,2021-22,Regular Season,1630596,Evan Mobley
22021,1630596,0022100562,2022-01-04,CLE vs. MEM,L,38,6,12,0.5,0,1,0.0,5,6,0.833,0,8,8,1,0,2,1,2,17,-7,1,2021-22,Regular Season,1630596,Evan Mobley
22021,1630596,0022100590,2022-01-07,CLE @ POR,W,34,7,14,0.5,0,0,0.0,4,8,0.5,3,5,8,3,1,2,1,0,18,-3,1,2021-22,Regular Season,1630596,Evan Mobley
22021,1630596,0022100604,2022-01-09,CLE @ GSW,L,36,5,12,0.417,0,1,0.0,1,3,0.333,2,4,6,2,2,1,5,3,11,-2,1,2021-22,Regular Season,1630596,Evan Mobley
22021,1630596,0022100611,2022-01-10,CLE @ SAC,W,42,8,14,0.571,0,1,0.0,1,1,1.0,2,5,7,5,1,2,3,2,17,7,1,2021-22,Regular Season,1630596,Evan Mobley
22021,1630596,0022100624,2022-01-12,CLE @ UTA,W,36,7,9,0.778,0,0,0.0,1,3,0.333,3,7,10,7,0,1,4,1,15,11,1,2021-22,Regular Season,1630596,Evan Mobley
22021,1630596,0022100638,2022-01-14,CLE @ SAS,W,39,7,15,0.467,0,0,0.0,1,3,0.333,3,3,6,3,1,1,3,2,15,14,1,2021-22,Regular Season,1630596,Evan Mobley
22021,1630596,0022100646,2022-01-15,CLE @ OKC,W,33,8,14,0.571,0,1,0.0,4,5,0.8,1,4,5,1,0,2,2,1,20,1,1,2021-22,Regular Season,1630596,Evan Mobley
22021,1630596,0022100657,2022-01-17,CLE vs. BKN,W,37,5,11,0.455,0,1,0.0,2,2,1.0,1,5,6,1,0,1,2,1,12,0,1,2021-22,Regular Season,1630596,Evan Mobley
22021,1630596,0022100673,2022-01-19,CLE @ CHI,L,31,8,12,0.667,1,1,1.0,1,4,0.25,0,5,5,2,1,2,1,2,18,5,1,2021-22,Regular Season,1630596,Evan Mobley
22021,1630596,0022100695,2022-01-22,CLE vs. OKC,W,39,6,12,0.5,1,1,1.0,2,6,0.333,5,12,17,2,0,1,4,2,15,10,1,2021-22,Regular Season,1630596,Evan Mobley
22021,1630596,0022100709,2022-01-24,CLE vs. NYK,W,38,6,12,0.5,0,1,0.0,3,7,0.429,5,7,12,5,0,0,4,0,15,-10,1,2021-22,Regular Season,1630596,Evan Mobley
22021,1630596,0022100722,2022-01-26,CLE vs. MIL,W,34,5,12,0.417,1,3,0.333,5,7,0.714,3,4,7,1,0,2,0,3,16,11,1,2021-22,Regular Season,1630596,Evan Mobley
22021,1630596,0022100754,2022-01-30,CLE @ DET,L,37,7,12,0.583,0,1,0.0,4,9,0.444,1,8,9,2,0,3,3,2,18,7,1,2021-22,Regular Season,1630596,Evan Mobley
22021,1630596,0022100759,2022-01-31,CLE vs. NOP,W,23,1,7,0.143,0,2,0.0,2,3,0.667,2,3,5,2,1,3,1,2,4,-9,1,2021-22,Regular Season,1630596,Evan Mobley
22021,1630596,0022100777,2022-02-02,CLE @ HOU,L,36,12,20,0.6,0,1,0.0,5,9,0.556,5,7,12,2,1,0,4,4,29,-9,1,2021-22,Regular Season,1630596,Evan Mobley
22021,1630596,0022100787,2022-02-04,CLE @ CHA,W,38,4,13,0.308,0,0,0.0,0,0,0.0,1,7,8,5,2,0,2,1,8,2,1,2021-22,Regular Season,1630596,Evan Mobley
22021,1630596,0022100805,2022-02-06,CLE vs. IND,W,29,3,9,0.333,0,0,0.0,3,4,0.75,1,3,4,0,0,3,2,2,9,10,1,2021-22,Regular Season,1630596,Evan Mobley
22021,1630596,0022100825,2022-02-09,CLE vs. SAS,W,33,6,15,0.4,0,2,0.0,6,7,0.857,3,9,12,2,1,1,1,0,18,12,1,2021-22,Regular Season,1630596,Evan Mobley
22021,1630596,0022100839,2022-02-11,CLE @ IND,W,29,3,6,0.5,0,1,0.0,2,2,1.0,0,1,1,2,2,3,3,2,8,4,1,2021-22,Regular Season,1630596,Evan Mobley
22021,1630596,0022100849,2022-02-12,CLE @ PHI,L,32,5,6,0.833,0,0,0.0,1,1,1.0,1,7,8,2,1,0,2,2,11,1,1,2021-22,Regular Season,1630596,Evan Mobley
22021,1630596,0022100867,2022-02-15,CLE @ ATL,L,35,9,16,0.563,0,2,0.0,4,6,0.667,5,5,10,4,4,1,2,3,22,-17,1,2021-22,Regular Season,1630596,Evan Mobley
22021,1630596,0022100889,2022-02-24,CLE @ DET,L,36,3,8,0.375,0,1,0.0,6,8,0.75,0,8,8,2,0,3,1,2,12,-10,1,2021-22,Regular Season,1630596,Evan Mobley
22021,1630596,0022100907,2022-02-26,CLE vs. WAS,W,37,6,14,0.429,0,0,0.0,2,2,1.0,5,6,11,3,0,2,2,3,14,3,1,2021-22,Regular Season,1630596,Evan Mobley
22021,1630596,0022100920,2022-02-28,CLE vs. MIN,L,34,6,12,0.5,1,4,0.25,2,2,1.0,1,9,10,4,0,2,5,3,15,-2,1,2021-22,Regular Season,1630596,Evan Mobley
22021,1630596,0022100932,2022-03-02,CLE vs. CHA,L,30,4,9,0.444,0,1,0.0,1,2,0.5,1,4,5,2,0,0,0,3,9,-24,1,2021-22,Regular Season,1630596,Evan Mobley
22021,1630596,0022100947,2022-03-04,CLE @ PHI,L,32,2,7,0.286,0,2,0.0,3,4,0.75,2,2,4,1,0,2,2,4,7,-8,1,2021-22,Regular Season,1630596,Evan Mobley
22021,1630596,0022100962,2022-03-06,CLE vs. TOR,W,36,9,15,0.6,1,1,1.0,1,5,0.2,7,10,17,4,0,3,4,5,20,0,1,2021-22,Regular Season,1630596,Evan Mobley
22021,1630596,0022100976,2022-03-08,CLE @ IND,W,36,8,15,0.533,0,1,0.0,6,8,0.75,4,8,12,3,5,1,0,1,22,6,1,2021-22,Regular Season,1630596,Evan Mobley
22021,1630596,0022100998,2022-03-11,CLE @ MIA,L,34,7,12,0.583,0,0,0.0,5,6,0.833,1,11,12,4,1,1,1,3,19,-9,1,2021-22,Regular Season,1630596,Evan Mobley
22021,1630596,0022101006,2022-03-12,CLE @ CHI,L,39,8,17,0.471,1,3,0.333,0,0,0.0,2,5,7,1,1,2,3,2,17,7,1,2021-22,Regular Season,1630596,Evan Mobley
22021,1630596,0022101020,2022-03-14,CLE vs. LAC,W,40,13,22,0.591,1,3,0.333,3,6,0.5,3,3,6,1,2,2,1,1,30,4,1,2021-22,Regular Season,1630596,Evan Mobley
22021,1630596,0022101034,2022-03-16,CLE vs. PHI,L,31,5,7,0.714,0,1,0.0,3,3,1.0,1,8,9,3,0,1,3,5,13,-6,1,2021-22,Regular Season,1630596,Evan Mobley
22021,1630596,0022101049,2022-03-18,CLE vs. DEN,W,39,11,22,0.5,0,3,0.0,5,7,0.714,6,5,11,0,1,2,1,2,27,-2,1,2021-22,Regular Season,1630596,Evan Mobley
22021,1630596,0022101060,2022-03-19,CLE vs. DET,W,35,6,12,0.5,0,0,0.0,0,2,0.0,2,9,11,6,1,2,4,2,12,6,1,2021-22,Regular Season,1630596,Evan Mobley
22021,1630596,0022101072,2022-03-21,CLE vs. LAL,L,27,6,11,0.545,0,1,0.0,1,1,1.0,1,4,5,2,0,1,3,4,13,-5,1,2021-22,Regular Season,1630596,Evan Mobley
22021,1630596,0022101095,2022-03-24,CLE @ TOR,L,39,5,7,0.714,0,0,0.0,1,3,0.333,1,7,8,1,0,3,1,1,11,-6,1,2021-22,Regular Season,1630596,Evan Mobley
22021,1630596,0022101110,2022-03-26,CLE vs. CHI,L,33,4,13,0.308,1,2,0.5,0,0,0.0,3,8,11,4,1,0,2,2,9,-13,1,2021-22,Regular Season,1630596,Evan Mobley
22021,1630596,0022101123,2022-03-28,CLE vs. ORL,W,13,3,3,1.0,0,0,0.0,0,2,0.0,1,2,3,1,0,0,1,1,6,-3,1,2021-22,Regular Season,1630596,Evan Mobley
22021,1630596,0022101205,2022-04-08,CLE @ BKN,L,34,6,11,0.545,0,1,0.0,5,7,0.714,4,3,7,3,2,2,0,2,17,-13,1,2021-22,Regular Season,1630596,Evan Mobley
22021,1630596,0022101218,2022-04-10,CLE vs. MIL,W,23,8,13,0.615,0,0,0.0,2,4,0.5,3,7,10,1,0,4,1,0,18,33,1,2021-22,Regular Season,1630596,Evan Mobley
22021,1630224,0022100008,2021-10-20,HOU @ MIN,L,32,4,14,0.286,1,6,0.167,0,0,0.0,0,4,4,4,1,0,0,0,9,-37,1,2021-22,Regular Season,1630224,Jalen Green
22021,1630224,0022100023,2021-10-22,HOU vs. OKC,W,26,4,11,0.364,1,5,0.2,0,0,0.0,0,3,3,2,2,1,2,2,9,11,1,2021-22,Regular Season,1630224,Jalen Green
22021,1630224,0022100037,2021-10-24,HOU vs. BOS,L,36,11,18,0.611,8,10,0.8,0,0,0.0,1,3,4,3,1,2,3,1,30,-12,1,2021-22,Regular Season,1630224,Jalen Green
22021,1630224,0022100052,2021-10-26,HOU @ DAL,L,36,4,16,0.25,2,9,0.222,0,0,0.0,0,5,5,1,0,0,2,2,10,-17,1,2021-22,Regular Season,1630224,Jalen Green
22021,1630224,0022100068,2021-10-28,HOU vs. UTA,L,30,3,16,0.188,0,8,0.0,7,9,0.778,0,3,3,3,1,1,2,1,13,-15,1,2021-22,Regular Season,1630224,Jalen Green
22021,1630224,0022100093,2021-10-31,HOU @ LAL,L,32,2,8,0.25,0,4,0.0,3,6,0.5,0,5,5,5,1,0,4,2,7,-7,1,2021-22,Regular Season,1630224,Jalen Green
22021,1630224,0022100107,2021-11-02,HOU @ LAL,L,38,9,15,0.6,5,10,0.5,1,2,0.5,2,0,2,5,0,0,7,4,24,0,1,2021-22,Regular Season,1630224,Jalen Green
22021,1630224,0022100122,2021-11-04,HOU @ PHX,L,32,3,14,0.214,2,7,0.286,8,8,1.0,0,3,3,3,0,0,2,1,16,-3,1,2021-22,Regular Season,1630224,Jalen Green
22021,1630224,0022100133,2021-11-06,HOU @ DEN,L,31,3,9,0.333,0,5,0.0,3,5,0.6,0,2,2,2,1,0,3,0,9,-11,1,2021-22,Regular Season,1630224,Jalen Green
22021,1630224,0022100145,2021-11-07,HOU @ GSW,L,30,4,12,0.333,1,6,0.167,0,0,0.0,0,0,0,2,1,0,4,2,9,-19,1,2021-22,Regular Season,1630224,Jalen Green
22021,1630224,0022100162,2021-11-10,HOU vs. DET,L,38,8,20,0.4,3,11,0.273,4,4,1.0,1,4,5,2,0,0,2,2,23,0,1,2021-22,Regular Season,1630224,Jalen Green
22021,1630224,0022100177,2021-11-12,HOU vs. POR,L,31,3,9,0.333,1,2,0.5,2,2,1.0,0,6,6,2,0,0,6,1,9,-18,1,2021-22,Regular Season,1630224,Jalen Green
22021,1630224,0022100195,2021-11-14,HOU vs. PHX,L,29,4,14,0.286,0,6,0.0,4,4,1.0,1,2,3,2,1,0,4,4,12,-32,1,2021-22,Regular Season,1630224,Jalen Green
22021,1630224,0022100205,2021-11-15,HOU @ MEM,L,28,6,13,0.462,2,6,0.333,1,2,0.5,0,2,2,1,1,0,3,3,15,-37,1,2021-22,Regular Season,1630224,Jalen Green
22021,1630224,0022100221,2021-11-17,HOU @ OKC,L,36,6,14,0.429,3,9,0.333,6,6,1.0,0,3,3,2,1,0,1,0,21,-15,1,2021-22,Regular Season,1630224,Jalen Green
22021,1630224,0022100239,2021-11-20,HOU @ NYK,L,36,7,11,0.636,2,5,0.4,0,1,0.0,2,0,2,2,0,0,3,1,16,-10,1,2021-22,Regular Season,1630224,Jalen Green
22021,1630224,0022100256,2021-11-22,HOU @ BOS,L,25,2,9,0.222,0,4,0.0,5,6,0.833,0,2,2,0,0,0,1,2,9,-25,1,2021-22,Regular Season,1630224,Jalen Green
22021,1630224,0022100271,2021-11-24,HOU vs. CHI,W,11,4,5,0.8,1,2,0.5,2,2,1.0,0,2,2,1,0,0,0,0,11,-2,1,2021-22,Regular Season,1630224,Jalen Green
22021,1630224,0022100476,2021-12-23,HOU @ IND,L,25,7,14,0.5,6,9,0.667,0,0,0.0,0,1,1,2,2,1,2,0,20,1,1,2021-22,Regular Season,1630224,Jalen Green
22021,1630224,0022100511,2021-12-28,HOU vs. LAL,L,38,8,16,0.5,4,9,0.444,4,5,0.8,0,2,2,4,2,0,2,1,24,-9,1,2021-22,Regular Season,1630224,Jalen Green
22021,1630224,0022100532,2021-12-31,HOU vs. MIA,L,28,5,11,0.455,2,7,0.286,4,4,1.0,0,3,3,2,0,0,2,5,16,4,1,2021-22,Regular Season,1630224,Jalen Green
22021,1630224,0022100543,2022-01-01,HOU vs. DEN,L,28,6,13,0.462,5,8,0.625,12,14,0.857,0,1,1,1,0,0,2,1,29,-14,1,2021-22,Regular Season,1630224,Jalen Green
22021,1630224,0022100552,2022-01-03,HOU @ PHI,L,27,3,12,0.25,1,5,0.2,5,6,0.833,0,3,3,0,0,0,2,1,12,-19,1,2021-22,Regular Season,1630224,Jalen Green
22021,1630224,0022100569,2022-01-05,HOU @ WAS,W,34,8,17,0.471,2,7,0.286,4,5,0.8,0,6,6,1,0,0,1,2,22,10,1,2021-22,Regular Season,1630224,Jalen Green
22021,1630224,0022100586,2022-01-07,HOU vs. DAL,L,25,4,8,0.5,1,2,0.5,3,4,0.75,1,2,3,1,1,0,1,1,12,-22,1,2021-22,Regular Season,1630224,Jalen Green
22021,1630224,0022100600,2022-01-09,HOU vs. MIN,L,26,3,10,0.3,1,6,0.167,3,4,0.75,0,2,2,3,0,0,1,0,10,-18,1,2021-22,Regular Season,1630224,Jalen Green
22021,1630224,0022100711,2022-01-10,HOU vs. PHI,L,30,6,12,0.5,2,6,0.333,0,0,0.0,1,4,5,1,0,0,7,0,14,-25,1,2021-22,Regular Season,1630224,Jalen Green
22021,1630224,0022100623,2022-01-12,HOU @ SAS,W,30,4,14,0.286,0,6,0.0,6,7,0.857,0,8,8,2,0,0,1,1,14,4,1,2021-22,Regular Season,1630224,Jalen Green
22021,1630224,0022100640,2022-01-14,HOU @ SAC,L,32,5,18,0.278,1,6,0.167,0,0,0.0,1,1,2,4,0,0,0,1,11,-15,1,2021-22,Regular Season,1630224,Jalen Green
22021,1630224,0022100651,2022-01-16,HOU @ SAC,W,29,6,10,0.6,1,3,0.333,2,2,1.0,1,3,4,4,0,0,4,3,15,7,1,2021-22,Regular Season,1630224,Jalen Green
22021,1630224,0022100677,2022-01-19,HOU @ UTA,W,23,3,13,0.231,1,4,0.25,0,0,0.0,1,4,5,0,1,0,1,0,7,-14,1,2021-22,Regular Season,1630224,Jalen Green
22021,1630224,0022100694,2022-01-21,HOU @ GSW,L,25,0,11,0.0,0,5,0.0,3,3,1.0,2,0,2,3,0,0,1,1,3,-13,1,2021-22,Regular Season,1630224,Jalen Green
22021,1630224,0022100719,2022-01-25,HOU vs. SAS,L,32,3,16,0.188,1,8,0.125,0,0,0.0,1,3,4,1,0,0,2,2,7,-12,1,2021-22,Regular Season,1630224,Jalen Green
22021,1630224,0022100739,2022-01-28,HOU vs. POR,L,33,4,11,0.364,2,8,0.25,7,9,0.778,0,5,5,5,1,0,3,2,17,-9,1,2021-22,Regular Season,1630224,Jalen Green
22021,1630224,0022100764,2022-01-31,HOU vs. GSW,L,33,2,9,0.222,0,2,0.0,6,6,1.0,0,5,5,2,0,0,1,2,10,-19,1,2021-22,Regular Season,1630224,Jalen Green
22021,1630224,0022100777,2022-02-02,HOU vs. CLE,W,36,6,13,0.462,3,7,0.429,6,7,0.857,0,5,5,5,1,1,0,3,21,0,1,2021-22,Regular Season,1630224,Jalen Green
22021,1630224,0022100792,2022-02-04,HOU @ SAS,L,23,3,9,0.333,2,4,0.5,4,4,1.0,0,2,2,3,1,0,2,3,12,-35,1,2021-22,Regular Season,1630224,Jalen Green
22021,1630224,0022100808,2022-02-06,HOU vs. NOP,L,32,7,14,0.5,0,4,0.0,4,4,1.0,0,3,3,4,2,0,4,0,18,-13,1,2021-22,Regular Season,1630224,Jalen Green
22021,1630224,0022100819,2022-02-08,HOU @ NOP,L,33,5,12,0.417,2,7,0.286,0,1,0.0,1,2,3,4,1,0,1,0,12,-9,1,2021-22,Regular Season,1630224,Jalen Green
22021,1630224,0022100834,2022-02-10,HOU vs. TOR,L,35,7,13,0.538,3,6,0.5,1,3,0.333,0,1,1,1,1,0,3,1,18,-4,1,2021-22,Regular Season,1630224,Jalen Green
22021,1630224,0022100865,2022-02-14,HOU @ UTA,L,28,4,9,0.444,3,6,0.5,2,4,0.5,0,1,1,2,1,1,2,3,13,-9,1,2021-22,Regular Season,1630224,Jalen Green
22021,1630224,0022100882,2022-02-16,HOU @ PHX,L,35,5,12,0.417,3,7,0.429,4,5,0.8,0,2,2,1,0,1,1,5,17,11,1,2021-22,Regular Season,1630224,Jalen Green
22021,1630224,0022100888,2022-02-17,HOU @ LAC,L,31,8,15,0.533,5,10,0.5,0,0,0.0,0,0,0,2,1,0,1,1,21,-20,1,2021-22,Regular Season,1630224,Jalen Green
22021,1630224,0022100898,2022-02-25,HOU @ ORL,L,31,9,16,0.563,4,9,0.444,1,2,0.5,0,5,5,2,4,0,1,1,23,-3,1,2021-22,Regular Season,1630224,Jalen Green
22021,1630224,0022100916,2022-02-27,HOU vs. LAC,L,38,4,18,0.222,2,10,0.2,0,0,0.0,1,2,3,3,2,0,0,1,10,4,1,2021-22,Regular Season,1630224,Jalen Green
22021,1630224,0022100929,2022-03-01,HOU vs. LAC,L,33,9,21,0.429,1,6,0.167,1,2,0.5,3,1,4,1,2,1,0,1,20,-9,1,2021-22,Regular Season,1630224,Jalen Green
22021,1630224,0022100935,2022-03-02,HOU vs. UTA,L,47,11,16,0.688,4,9,0.444,1,1,1.0,0,2,2,4,1,1,4,1,27,4,1,2021-22,Regular Season,1630224,Jalen Green
22021,1630224,0022100952,2022-03-04,HOU @ DEN,L,32,7,14,0.5,2,6,0.333,2,4,0.5,2,3,5,7,0,1,1,1,18,-8,1,2021-22,Regular Season,1630224,Jalen Green
22021,1630224,0022100964,2022-03-06,HOU vs. MEM,W,35,8,17,0.471,2,7,0.286,6,9,0.667,3,5,8,4,0,0,2,2,24,7,1,2021-22,Regular Season,1630224,Jalen Green
22021,1630224,0022100970,2022-03-07,HOU @ MIA,L,31,8,16,0.5,4,10,0.4,0,0,0.0,0,1,1,3,0,0,0,3,20,-18,1,2021-22,Regular Season,1630224,Jalen Green
22021,1630224,0022100985,2022-03-09,HOU vs. LAL,W,38,13,21,0.619,4,7,0.571,2,2,1.0,0,3,3,3,0,1,2,2,32,9,1,2021-22,Regular Season,1630224,Jalen Green
22021,1630224,0022100999,2022-03-11,HOU vs. DAL,L,27,5,11,0.455,0,2,0.0,1,2,0.5,1,0,1,6,2,0,1,1,11,-20,1,2021-22,Regular Season,1630224,Jalen Green
22021,1630224,0022101017,2022-03-13,HOU @ NOP,L,27,6,13,0.462,2,5,0.4,3,3,1.0,1,1,2,4,1,0,4,1,17,-18,1,2021-22,Regular Season,1630224,Jalen Green
22021,1630224,0022101038,2022-03-16,HOU vs. PHX,L,36,9,15,0.6,4,6,0.667,0,0,0.0,0,2,2,3,1,0,4,2,22,-16,1,2021-22,Regular Season,1630224,Jalen Green
22021,1630224,0022101053,2022-03-18,HOU vs. IND,L,37,6,15,0.4,1,5,0.2,7,7,1.0,1,4,5,6,0,1,2,2,20,8,1,2021-22,Regular Season,1630224,Jalen Green
22021,1630224,0022101063,2022-03-20,HOU vs. MEM,L,27,3,13,0.231,0,2,0.0,2,3,0.667,0,3,3,1,0,0,0,0,8,-6,1,2021-22,Regular Season,1630224,Jalen Green
22021,1630224,0022101077,2022-03-21,HOU vs. WAS,W,32,7,14,0.5,3,7,0.429,0,1,0.0,0,6,6,5,1,1,0,1,17,28,1,2021-22,Regular Season,1630224,Jalen Green
22021,1630224,0022101092,2022-03-23,HOU @ DAL,L,32,3,11,0.273,0,4,0.0,2,2,1.0,0,4,4,2,0,1,4,0,8,-12,1,2021-22,Regular Season,1630224,Jalen Green
22021,1630224,0022101105,2022-03-25,HOU @ POR,W,28,9,16,0.563,5,10,0.5,0,0,0.0,0,3,3,0,0,0,0,0,23,16,1,2021-22,Regular Season,1630224,Jalen Green
22021,1630224,0022101114,2022-03-26,HOU @ POR,W,32,9,17,0.529,6,11,0.545,1,2,0.5,1,5,6,2,1,1,2,2,25,11,1,2021-22,Regular Season,1630224,Jalen Green
22021,1630224,0022101128,2022-03-28,HOU vs. SAS,L,40,10,24,0.417,6,15,0.4,4,4,1.0,1,3,4,4,0,1,2,3,30,-5,1,2021-22,Regular Season,1630224,Jalen Green
22021,1630224,0022101142,2022-03-30,HOU vs. SAC,L,37,11,25,0.44,6,14,0.429,4,5,0.8,0,2,2,2,0,0,1,3,32,0,1,2021-22,Regular Season,1630224,Jalen Green
22021,1630224,0022101154,2022-04-01,HOU vs. SAC,L,40,9,24,0.375,6,14,0.429,9,9,1.0,1,7,8,1,1,0,0,3,33,3,1,2021-22,Regular Season,1630224,Jalen Green
22021,1630224,0022101173,2022-04-03,HOU vs. MIN,L,36,12,18,0.667,4,8,0.5,3,6,0.5,0,2,2,5,0,0,2,4,31,-7,1,2021-22,Regular Season,1630224,Jalen Green
22021,1630224,0022101180,2022-04-05,HOU @ BKN,L,41,12,23,0.522,4,10,0.4,2,3,0.667,1,5,6,2,1,1,2,0,30,0,1,2021-22,Regular Season,1630224,Jalen Green
22021,1630224,0022101206,2022-04-08,HOU @ TOR,L,37,3,10,0.3,0,3,0.0,2,4,0.5,1,5,6,3,0,0,5,1,8,3,1,2021-22,Regular Season,1630224,Jalen Green
22021,1630224,0022101221,2022-04-10,HOU vs. ATL,L,40,14,26,0.538,4,11,0.364,9,11,0.818,0,1,1,3,1,0,0,1,41,0,1,2021-22,Regular Season,1630224,Jalen Green
22021,1630217,0022100007,2021-10-20,MEM vs. CLE,W,30,8,16,0.5,2,6,0.333,4,4,1.0,1,2,3,3,2,0,3,2,22,-7,1,2021-22,Regular Season,1630217,Desmond Bane
22021,1630217,0022100034,2021-10-23,MEM @ LAC,W,31,7,15,0.467,4,10,0.4,1,2,0.5,0,6,6,2,0,1,1,4,19,12,1,2021-22,Regular Season,1630217,Desmond Bane
22021,1630217,0022100040,2021-10-24,MEM @ LAL,L,31,7,15,0.467,2,7,0.286,1,1,1.0,0,5,5,4,2,0,1,2,17,21,1,2021-22,Regular Season,1630217,Desmond Bane
22021,1630217,0022100063,2021-10-27,MEM @ POR,L,23,7,12,0.583,4,7,0.571,1,1,1.0,0,3,3,1,1,1,2,0,19,1,1,2021-22,Regular Season,1630217,Desmond Bane
22021,1630217,0022100070,2021-10-28,MEM @ GSW,W,38,7,16,0.438,5,11,0.455,0,0,0.0,1,5,6,2,1,0,3,1,19,0,1,2021-22,Regular Season,1630217,Desmond Bane
22021,1630217,0022100084,2021-10-30,MEM vs. MIA,L,26,6,13,0.462,5,10,0.5,0,0,0.0,1,1,2,2,1,0,2,3,17,-24,1,2021-22,Regular Season,1630217,Desmond Bane
22021,1630217,0022100100,2021-11-01,MEM vs. DEN,W,32,5,11,0.455,1,5,0.2,0,0,0.0,1,5,6,2,0,0,2,3,11,3,1,2021-22,Regular Season,1630217,Desmond Bane
22021,1630217,0022100114,2021-11-03,MEM vs. DEN,W,29,6,14,0.429,3,7,0.429,1,1,1.0,0,2,2,3,1,0,1,2,16,5,1,2021-22,Regular Season,1630217,Desmond Bane
22021,1630217,0022100126,2021-11-05,MEM @ WAS,L,22,4,8,0.5,1,4,0.25,1,1,1.0,0,0,0,0,0,0,0,1,10,-14,1,2021-22,Regular Season,1630217,Desmond Bane
22021,1630217,0022100149,2021-11-08,MEM vs. MIN,W,41,5,13,0.385,0,6,0.0,3,3,1.0,1,2,3,5,1,0,1,2,13,12,1,2021-22,Regular Season,1630217,Desmond Bane
22021,1630217,0022100164,2021-11-10,MEM vs. CHA,L,21,1,10,0.1,0,7,0.0,0,0,0.0,0,1,1,0,0,0,1,6,2,-3,1,2021-22,Regular Season,1630217,Desmond Bane
22021,1630217,0022100178,2021-11-12,MEM vs. PHX,L,24,4,13,0.308,1,4,0.25,0,0,0.0,1,7,8,1,0,2,0,2,9,-20,1,2021-22,Regular Season,1630217,Desmond Bane
22021,1630217,0022100188,2021-11-13,MEM @ NOP,L,31,6,11,0.545,2,5,0.4,0,0,0.0,1,2,3,1,0,0,0,4,14,4,1,2021-22,Regular Season,1630217,Desmond Bane
22021,1630217,0022100205,2021-11-15,MEM vs. HOU,W,25,4,9,0.444,1,5,0.2,3,3,1.0,0,5,5,3,1,0,3,1,12,25,1,2021-22,Regular Season,1630217,Desmond Bane
22021,1630217,0022100226,2021-11-18,MEM vs. LAC,W,29,7,11,0.636,2,3,0.667,0,0,0.0,1,4,5,2,1,1,1,2,16,2,1,2021-22,Regular Season,1630217,Desmond Bane
22021,1630217,0022100245,2021-11-20,MEM @ MIN,L,25,6,13,0.462,4,8,0.5,5,6,0.833,2,3,5,0,0,0,0,2,21,-22,1,2021-22,Regular Season,1630217,Desmond Bane
22021,1630217,0022100261,2021-11-22,MEM @ UTA,W,34,12,20,0.6,4,8,0.5,0,0,0.0,0,4,4,4,2,0,2,4,28,15,1,2021-22,Regular Season,1630217,Desmond Bane
22021,1630217,0022100272,2021-11-24,MEM vs. TOR,L,34,7,11,0.636,4,6,0.667,2,2,1.0,0,4,4,1,1,0,2,3,20,-14,1,2021-22,Regular Season,1630217,Desmond Bane
22021,1630217,0022100285,2021-11-26,MEM vs. ATL,L,24,4,12,0.333,1,4,0.25,0,0,0.0,0,2,2,1,2,1,1,3,9,-28,1,2021-22,Regular Season,1630217,Desmond Bane
22021,1630217,0022100303,2021-11-28,MEM vs. SAC,W,26,7,12,0.583,4,7,0.571,0,0,0.0,0,5,5,2,0,1,2,4,18,30,1,2021-22,Regular Season,1630217,Desmond Bane
22021,1630217,0022100315,2021-11-30,MEM @ TOR,W,33,8,16,0.5,5,9,0.556,2,3,0.667,2,5,7,2,0,0,4,1,23,7,1,2021-22,Regular Season,1630217,Desmond Bane
22021,1630217,0022100330,2021-12-02,MEM vs. OKC,W,18,1,6,0.167,0,2,0.0,0,0,0.0,0,4,4,3,2,1,1,2,2,16,1,2021-22,Regular Season,1630217,Desmond Bane
22021,1630217,0022100345,2021-12-04,MEM @ DAL,W,34,12,20,0.6,4,6,0.667,1,1,1.0,1,8,9,2,1,1,3,2,29,9,1,2021-22,Regular Season,1630217,Desmond Bane
22021,1630217,0022100356,2021-12-06,MEM @ MIA,W,31,7,15,0.467,3,8,0.375,4,4,1.0,1,7,8,2,2,1,2,3,21,12,1,2021-22,Regular Season,1630217,Desmond Bane
22021,1630217,0022100373,2021-12-08,MEM vs. DAL,L,34,5,15,0.333,1,3,0.333,3,3,1.0,0,2,2,3,2,0,1,3,14,-13,1,2021-22,Regular Season,1630217,Desmond Bane
22021,1630217,0022100380,2021-12-09,MEM vs. LAL,W,31,9,20,0.45,5,11,0.455,0,0,0.0,0,3,3,3,2,1,1,1,23,4,1,2021-22,Regular Season,1630217,Desmond Bane
22021,1630217,0022100395,2021-12-11,MEM vs. HOU,W,31,7,18,0.389,3,9,0.333,2,2,1.0,0,4,4,2,1,0,0,4,19,4,1,2021-22,Regular Season,1630217,Desmond Bane
22021,1630217,0022100409,2021-12-13,MEM vs. PHI,W,21,2,7,0.286,1,3,0.333,0,0,0.0,0,8,8,6,1,1,0,1,5,13,1,2021-22,Regular Season,1630217,Desmond Bane
22021,1630217,0022100426,2021-12-15,MEM @ POR,W,30,8,13,0.615,5,8,0.625,2,2,1.0,1,5,6,4,0,0,0,5,23,9,1,2021-22,Regular Season,1630217,Desmond Bane
22021,1630217,0022100440,2021-12-17,MEM @ SAC,W,26,9,16,0.563,4,5,0.8,2,2,1.0,0,2,2,1,1,0,2,0,24,-1,1,2021-22,Regular Season,1630217,Desmond Bane
22021,1630217,0022100450,2021-12-19,MEM vs. POR,L,33,4,12,0.333,1,8,0.125,0,0,0.0,0,2,2,2,1,1,1,4,9,-9,1,2021-22,Regular Season,1630217,Desmond Bane
22021,1630217,0022100460,2021-12-20,MEM vs. OKC,L,36,10,20,0.5,5,9,0.556,0,0,0.0,2,5,7,2,1,0,1,1,25,-8,1,2021-22,Regular Season,1630217,Desmond Bane
22021,1630217,0022100485,2021-12-23,MEM @ GSW,L,30,4,11,0.364,3,7,0.429,1,1,1.0,0,2,2,1,1,1,1,4,12,2,1,2021-22,Regular Season,1630217,Desmond Bane
22021,1630217,0022100496,2021-12-26,MEM @ SAC,W,32,11,19,0.579,4,6,0.667,2,2,1.0,0,4,4,2,2,0,1,1,28,27,1,2021-22,Regular Season,1630217,Desmond Bane
22021,1630217,0022100505,2021-12-27,MEM @ PHX,W,37,12,22,0.545,6,11,0.545,2,2,1.0,0,6,6,3,1,1,3,5,32,3,1,2021-22,Regular Season,1630217,Desmond Bane
22021,1630217,0022100520,2021-12-29,MEM vs. LAL,W,35,6,18,0.333,3,10,0.3,5,5,1.0,0,4,4,2,1,1,2,2,20,-9,1,2021-22,Regular Season,1630217,Desmond Bane
22021,1630217,0022100535,2021-12-31,MEM vs. SAS,W,31,8,20,0.4,1,7,0.143,0,1,0.0,0,4,4,3,1,1,2,2,17,6,1,2021-22,Regular Season,1630217,Desmond Bane
22021,1630217,0022100554,2022-01-03,MEM @ BKN,W,37,12,23,0.522,5,11,0.455,0,1,0.0,1,7,8,2,2,0,2,4,29,5,1,2021-22,Regular Season,1630217,Desmond Bane
22021,1630217,0022100562,2022-01-04,MEM @ CLE,W,35,4,10,0.4,3,6,0.5,0,0,0.0,1,4,5,7,1,2,1,3,11,5,1,2021-22,Regular Season,1630217,Desmond Bane
22021,1630217,0022100591,2022-01-08,MEM @ LAC,W,29,9,15,0.6,5,8,0.625,0,0,0.0,0,7,7,4,2,1,3,1,23,29,1,2021-22,Regular Season,1630217,Desmond Bane
22021,1630217,0022100606,2022-01-09,MEM @ LAL,W,26,9,14,0.643,5,8,0.625,0,1,0.0,1,3,4,3,3,0,1,3,23,13,1,2021-22,Regular Season,1630217,Desmond Bane
22021,1630217,0022100614,2022-01-11,MEM vs. GSW,W,32,3,14,0.214,3,8,0.375,2,3,0.667,1,2,3,4,0,0,3,2,11,8,1,2021-22,Regular Season,1630217,Desmond Bane
22021,1630217,0022100628,2022-01-13,MEM vs. MIN,W,32,5,12,0.417,2,8,0.25,9,9,1.0,0,3,3,2,4,0,5,2,21,10,1,2021-22,Regular Season,1630217,Desmond Bane
22021,1630217,0022100639,2022-01-14,MEM vs. DAL,L,29,7,15,0.467,1,4,0.25,1,1,1.0,1,5,6,0,0,1,0,2,16,-18,1,2021-22,Regular Season,1630217,Desmond Bane
22021,1630217,0022100658,2022-01-17,MEM vs. CHI,W,29,10,17,0.588,3,7,0.429,2,3,0.667,1,2,3,4,1,0,0,1,25,13,1,2021-22,Regular Season,1630217,Desmond Bane
22021,1630217,0022100728,2022-01-26,MEM @ SAS,W,33,7,16,0.438,1,3,0.333,5,5,1.0,1,2,3,3,1,0,2,1,20,3,1,2021-22,Regular Season,1630217,Desmond Bane
22021,1630217,0022100740,2022-01-28,MEM vs. UTA,W,30,6,14,0.429,2,5,0.4,3,4,0.75,0,2,2,3,1,0,1,3,17,-7,1,2021-22,Regular Season,1630217,Desmond Bane
22021,1630217,0022100749,2022-01-29,MEM vs. WAS,W,29,8,17,0.471,2,7,0.286,1,1,1.0,1,0,1,4,0,1,2,4,19,11,1,2021-22,Regular Season,1630217,Desmond Bane
22021,1630217,0022100761,2022-01-31,MEM @ PHI,L,39,12,21,0.571,5,9,0.556,5,5,1.0,1,6,7,1,3,0,1,2,34,0,1,2021-22,Regular Season,1630217,Desmond Bane
22021,1630217,0022100776,2022-02-02,MEM @ NYK,W,34,4,18,0.222,4,11,0.364,1,1,1.0,1,6,7,2,2,2,2,2,13,6,1,2021-22,Regular Season,1630217,Desmond Bane
22021,1630217,0022100796,2022-02-05,MEM @ ORL,W,26,3,12,0.25,1,6,0.167,0,0,0.0,1,7,8,3,1,0,0,2,7,6,1,2021-22,Regular Season,1630217,Desmond Bane
22021,1630217,0022100818,2022-02-08,MEM vs. LAC,W,26,2,9,0.222,0,5,0.0,1,1,1.0,2,2,4,4,2,0,1,3,5,15,1,2021-22,Regular Season,1630217,Desmond Bane
22021,1630217,0022100831,2022-02-10,MEM @ DET,W,28,7,11,0.636,3,4,0.75,5,6,0.833,0,6,6,2,0,0,1,3,22,19,1,2021-22,Regular Season,1630217,Desmond Bane
22021,1630217,0022100846,2022-02-12,MEM @ CHA,W,32,7,13,0.538,4,7,0.571,7,7,1.0,0,4,4,5,4,1,7,3,25,-6,1,2021-22,Regular Season,1630217,Desmond Bane
22021,1630217,0022100872,2022-02-15,MEM @ NOP,W,30,3,11,0.273,2,6,0.333,3,3,1.0,2,4,6,4,1,0,3,6,11,9,1,2021-22,Regular Season,1630217,Desmond Bane
22021,1630217,0022100879,2022-02-16,MEM vs. POR,L,36,9,19,0.474,7,12,0.583,5,5,1.0,1,4,5,1,1,0,2,4,30,-2,1,2021-22,Regular Season,1630217,Desmond Bane
22021,1630217,0022100892,2022-02-24,MEM @ MIN,L,29,5,15,0.333,2,8,0.25,2,2,1.0,1,2,3,0,1,0,2,5,14,-3,1,2021-22,Regular Season,1630217,Desmond Bane
22021,1630217,0022100909,2022-02-26,MEM @ CHI,W,28,4,18,0.222,1,7,0.143,3,3,1.0,0,2,2,5,1,0,0,6,12,-11,1,2021-22,Regular Season,1630217,Desmond Bane
22021,1630217,0022100923,2022-02-28,MEM vs. SAS,W,29,3,11,0.273,1,5,0.2,1,2,0.5,0,3,3,6,0,0,0,1,8,-6,1,2021-22,Regular Season,1630217,Desmond Bane
22021,1630217,0022100940,2022-03-03,MEM @ BOS,L,34,6,14,0.429,5,10,0.5,0,0,0.0,0,7,7,1,1,0,0,2,17,-24,1,2021-22,Regular Season,1630217,Desmond Bane
22021,1630217,0022100957,2022-03-05,MEM vs. ORL,W,24,10,15,0.667,3,6,0.5,1,1,1.0,0,6,6,2,0,0,0,0,24,15,1,2021-22,Regular Season,1630217,Desmond Bane
22021,1630217,0022100964,2022-03-06,MEM @ HOU,L,36,11,22,0.5,4,9,0.444,2,2,1.0,0,2,2,3,2,1,1,5,28,1,1,2021-22,Regular Season,1630217,Desmond Bane
22021,1630217,0022100978,2022-03-08,MEM vs. NOP,W,26,8,17,0.471,5,9,0.556,1,1,1.0,1,4,5,6,0,0,1,2,22,39,1,2021-22,Regular Season,1630217,Desmond Bane
22021,1630217,0022101000,2022-03-11,MEM vs. NYK,W,28,4,15,0.267,2,6,0.333,2,4,0.5,2,3,5,1,2,0,0,5,12,1,1,2021-22,Regular Season,1630217,Desmond Bane
22021,1630217,0022101018,2022-03-13,MEM @ OKC,W,31,7,15,0.467,3,5,0.6,4,4,1.0,3,5,8,2,1,0,0,2,21,8,1,2021-22,Regular Season,1630217,Desmond Bane
22021,1630217,0022101029,2022-03-15,MEM @ IND,W,23,7,12,0.583,4,7,0.571,3,4,0.75,0,4,4,6,2,1,3,3,21,29,1,2021-22,Regular Season,1630217,Desmond Bane
22021,1630217,0022101047,2022-03-18,MEM @ ATL,L,31,5,14,0.357,3,9,0.333,2,2,1.0,2,3,5,3,1,0,2,1,15,-13,1,2021-22,Regular Season,1630217,Desmond Bane
22021,1630217,0022101063,2022-03-20,MEM @ HOU,W,32,8,13,0.615,3,6,0.5,5,5,1.0,0,5,5,7,3,0,1,1,24,24,1,2021-22,Regular Season,1630217,Desmond Bane
22021,1630217,0022101089,2022-03-23,MEM vs. BKN,W,32,8,17,0.471,6,10,0.6,1,1,1.0,1,3,4,5,1,0,4,4,23,20,1,2021-22,Regular Season,1630217,Desmond Bane
22021,1630217,0022101096,2022-03-24,MEM vs. IND,W,24,12,15,0.8,5,7,0.714,1,1,1.0,1,4,5,5,0,1,1,1,30,40,1,2021-22,Regular Season,1630217,Desmond Bane
22021,1630217,0022101112,2022-03-26,MEM vs. MIL,W,28,9,19,0.474,2,7,0.286,0,0,0.0,0,3,3,5,2,0,0,1,20,10,1,2021-22,Regular Season,1630217,Desmond Bane
22021,1630217,0022101129,2022-03-28,MEM vs. GSW,W,27,7,15,0.467,5,6,0.833,3,4,0.75,0,2,2,3,2,0,0,0,22,31,1,2021-22,Regular Season,1630217,Desmond Bane
22021,1630217,0022101144,2022-03-30,MEM @ SAS,W,33,5,11,0.455,3,5,0.6,3,3,1.0,0,3,3,3,0,1,1,1,16,-1,1,2021-22,Regular Season,1630217,Desmond Bane
22021,1630217,0022101187,2022-04-05,MEM @ UTA,L,37,8,21,0.381,3,8,0.375,4,4,1.0,2,5,7,2,5,0,3,4,23,3,1,2021-22,Regular Season,1630217,Desmond Bane
22021,1630217,0022101201,2022-04-07,MEM @ DEN,L,22,5,11,0.455,2,2,1.0,2,2,1.0,0,2,2,2,3,0,0,5,14,-15,1,2021-22,Regular Season,1630217,Desmond Bane
22021,1630217,0022101213,2022-04-09,MEM vs. NOP,W,20,6,7,0.857,4,4,1.0,2,2,1.0,0,1,1,1,0,0,2,4,18,21,1,2021-22,Regular Season,1630217,Desmond Bane
42021,1630217,0042100151,2022-04-16,MEM vs. MIN,L,33,6,15,0.4,3,8,0.375,2,2,1.0,0,3,3,1,0,1,1,0,17,0,1,2021-22,Playoffs,1630217,Desmond Bane
42021,1630217,0042100152,2022-04-19,MEM vs. MIN,W,31,5,10,0.5,1,4,0.25,5,5,1.0,0,4,4,4,0,0,0,1,16,21,1,2021-22,Playoffs,1630217,Desmond Bane
42021,1630217,0042100153,2022-04-21,MEM @ MIN,W,40,8,19,0.421,7,15,0.467,3,4,0.75,0,6,6,2,1,2,1,1,26,14,1,2021-22,Playoffs,1630217,Desmond Bane
42021,1630217,0042100154,2022-04-23,MEM @ MIN,L,35,11,18,0.611,8,12,0.667,4,5,0.8,0,2,2,4,1,0,2,5,34,10,1,2021-22,Playoffs,1630217,Desmond Bane
42021,1630217,0042100155,2022-04-26,MEM vs. MIN,W,45,9,20,0.45,3,8,0.375,4,4,1.0,0,4,4,1,2,3,2,3,25,3,1,2021-22,Playoffs,1630217,Desmond Bane
42021,1630217,0042100156,2022-04-29,MEM @ MIN,W,43,9,14,0.643,5,8,0.625,0,0,0.0,1,5,6,1,1,1,5,2,23,22,1,2021-22,Playoffs,1630217,Desmond Bane
42021,1630217,0042100231,2022-05-01,MEM vs. GSW,L,32,3,10,0.3,1,5,0.2,2,3,0.667,1,0,1,1,2,0,1,1,9,1,1,2021-22,Playoffs,1630217,Desmond Bane
42021,1630217,0042100232,2022-05-03,MEM vs. GSW,W,32,2,7,0.286,1,4,0.25,0,0,0.0,1,5,6,0,0,0,2,0,5,11,1,2021-22,Playoffs,1630217,Desmond Bane
42021,1630217,0042100233,2022-05-07,MEM @ GSW,L,30,5,10,0.5,4,7,0.571,2,3,0.667,1,3,4,2,0,1,1,4,16,-15,1,2021-22,Playoffs,1630217,Desmond Bane
42021,1630217,0042100234,2022-05-09,MEM @ GSW,L,37,3,8,0.375,2,4,0.5,0,0,0.0,0,1,1,6,3,0,1,2,8,8,1,2021-22,Playoffs,1630217,Desmond Bane
42021,1630217,0042100235,2022-05-11,MEM vs. GSW,W,24,6,12,0.5,4,6,0.667,5,5,1.0,0,1,1,2,1,0,0,1,21,46,1,2021-22,Playoffs,1630217,Desmond Bane
42021,1630217,0042100236,2022-05-13,MEM @ GSW,L,44,9,16,0.563,4,7,0.571,3,4,0.75,1,6,7,2,0,1,0,3,25,-7,1,2021-22,Playoffs,1630217,Desmond Bane
22021,1628969,0022100012,2021-10-20,PHX vs. DEN,L,34,7,16,0.438,2,6,0.333,0,2,0.0,1,4,5,0,1,1,1,2,16,-21,1,2021-22,Regular Season,1628969,Mikal Bridges
22021,1628969,0022100025,2021-10-22,PHX @ LAL,W,35,8,11,0.727,2,4,0.5,3,4,0.75,1,4,5,3,3,1,1,3,21,13,1,2021-22,Regular Season,1628969,Mikal Bridges
22021,1628969,0022100033,2021-10-23,PHX @ POR,L,26,5,9,0.556,4,5,0.8,0,0,0.0,0,2,2,1,0,0,0,0,14,-13,1,2021-22,Regular Season,1628969,Mikal Bridges
22021,1628969,0022100062,2021-10-27,PHX vs. SAC,L,33,7,12,0.583,1,4,0.25,0,0,0.0,1,4,5,1,0,2,3,4,15,6,1,2021-22,Regular Season,1628969,Mikal Bridges
22021,1628969,0022100088,2021-10-30,PHX vs. CLE,W,30,5,9,0.556,0,2,0.0,0,0,0.0,0,5,5,3,0,0,2,3,10,25,1,2021-22,Regular Season,1628969,Mikal Bridges
22021,1628969,0022100106,2021-11-02,PHX vs. NOP,W,42,9,15,0.6,2,4,0.5,2,2,1.0,0,1,1,1,0,0,1,3,22,19,1,2021-22,Regular Season,1628969,Mikal Bridges
22021,1628969,0022100122,2021-11-04,PHX vs. HOU,W,30,7,11,0.636,2,4,0.5,0,0,0.0,1,2,3,0,0,1,0,1,16,4,1,2021-22,Regular Season,1628969,Mikal Bridges
22021,1628969,0022100137,2021-11-06,PHX vs. ATL,W,31,4,8,0.5,0,4,0.0,0,0,0.0,1,2,3,2,1,1,0,3,8,10,1,2021-22,Regular Season,1628969,Mikal Bridges
22021,1628969,0022100153,2021-11-08,PHX @ SAC,W,35,6,9,0.667,1,2,0.5,3,3,1.0,1,1,2,1,2,2,0,2,16,14,1,2021-22,Regular Season,1628969,Mikal Bridges
22021,1628969,0022100168,2021-11-10,PHX vs. POR,W,39,4,10,0.4,1,3,0.333,1,1,1.0,0,2,2,5,0,1,0,2,10,11,1,2021-22,Regular Season,1628969,Mikal Bridges
22021,1628969,0022100178,2021-11-12,PHX @ MEM,W,29,5,7,0.714,3,3,1.0,0,0,0.0,0,2,2,1,2,0,1,4,13,15,1,2021-22,Regular Season,1628969,Mikal Bridges
22021,1628969,0022100195,2021-11-14,PHX @ HOU,W,31,6,13,0.462,2,5,0.4,0,0,0.0,0,6,6,0,0,0,0,0,14,17,1,2021-22,Regular Season,1628969,Mikal Bridges
22021,1628969,0022100206,2021-11-15,PHX @ MIN,W,33,2,8,0.25,0,4,0.0,3,4,0.75,1,3,4,1,1,0,1,2,7,1,1,2021-22,Regular Season,1628969,Mikal Bridges
22021,1628969,0022100222,2021-11-17,PHX vs. DAL,W,36,4,11,0.364,2,6,0.333,0,0,0.0,1,3,4,2,3,1,0,0,10,4,1,2021-22,Regular Season,1628969,Mikal Bridges
22021,1628969,0022100237,2021-11-19,PHX vs. DAL,W,37,7,7,1.0,3,3,1.0,2,2,1.0,1,3,4,3,1,1,1,4,19,9,1,2021-22,Regular Season,1628969,Mikal Bridges
22021,1628969,0022100251,2021-11-21,PHX vs. DEN,W,33,3,8,0.375,1,4,0.25,1,1,1.0,0,6,6,4,1,0,0,0,8,21,1,2021-22,Regular Season,1628969,Mikal Bridges
22021,1628969,0022100260,2021-11-22,PHX @ SAS,W,36,2,4,0.5,0,0,0.0,1,1,1.0,1,5,6,3,2,0,1,4,5,0,1,2021-22,Regular Season,1628969,Mikal Bridges
22021,1628969,0022100267,2021-11-24,PHX @ CLE,W,34,5,8,0.625,1,2,0.5,0,0,0.0,2,4,6,2,0,1,0,5,11,4,1,2021-22,Regular Season,1628969,Mikal Bridges
22021,1628969,0022100282,2021-11-26,PHX @ NYK,W,39,4,7,0.571,0,2,0.0,2,2,1.0,0,2,2,3,3,0,1,2,10,18,1,2021-22,Regular Season,1628969,Mikal Bridges
22021,1628969,0022100294,2021-11-27,PHX @ BKN,W,41,5,10,0.5,0,2,0.0,3,3,1.0,3,3,6,1,7,0,1,2,13,9,1,2021-22,Regular Season,1628969,Mikal Bridges
22021,1628969,0022100316,2021-11-30,PHX vs. GSW,W,41,1,4,0.25,0,0,0.0,0,0,0.0,0,2,2,3,4,1,2,1,2,20,1,2021-22,Regular Season,1628969,Mikal Bridges
22021,1628969,0022100331,2021-12-02,PHX vs. DET,W,41,8,14,0.571,2,4,0.5,0,0,0.0,1,4,5,1,4,0,2,3,18,1,1,2021-22,Regular Season,1628969,Mikal Bridges
22021,1628969,0022100340,2021-12-03,PHX @ GSW,L,30,2,4,0.5,1,1,1.0,2,2,1.0,1,1,2,1,0,0,0,1,7,-16,1,2021-22,Regular Season,1628969,Mikal Bridges
22021,1628969,0022100360,2021-12-06,PHX vs. SAS,W,37,3,6,0.5,0,0,0.0,0,0,0.0,3,6,9,3,1,0,1,1,6,8,1,2021-22,Regular Season,1628969,Mikal Bridges
22021,1628969,0022100390,2021-12-10,PHX vs. BOS,W,35,5,9,0.556,2,2,1.0,2,2,1.0,3,0,3,1,0,1,1,3,14,15,1,2021-22,Regular Season,1628969,Mikal Bridges
22021,1628969,0022100412,2021-12-13,PHX @ LAC,L,33,6,10,0.6,1,3,0.333,3,3,1.0,2,1,3,0,2,0,0,4,16,-8,1,2021-22,Regular Season,1628969,Mikal Bridges
22021,1628969,0022100416,2021-12-14,PHX @ POR,W,35,3,8,0.375,2,7,0.286,0,0,0.0,1,2,3,2,1,0,1,1,8,-14,2,2021-22,Regular Season,1628969,Mikal Bridges
22021,1628969,0022100432,2021-12-16,PHX vs. WAS,W,28,3,10,0.3,0,4,0.0,5,6,0.833,0,4,4,2,1,0,0,1,11,19,1,2021-22,Regular Season,1628969,Mikal Bridges
22021,1628969,0022100456,2021-12-19,PHX vs. CHA,W,30,6,10,0.6,4,6,0.667,0,0,0.0,2,2,4,5,0,0,1,0,16,17,1,2021-22,Regular Season,1628969,Mikal Bridges
22021,1628969,0022100469,2021-12-21,PHX @ LAL,W,34,5,17,0.294,0,5,0.0,4,5,0.8,0,5,5,1,1,2,0,1,14,24,1,2021-22,Regular Season,1628969,Mikal Bridges
22021,1628969,0022100483,2021-12-23,PHX vs. OKC,W,28,2,6,0.333,1,4,0.25,0,0,0.0,2,3,5,0,0,0,1,3,5,11,1,2021-22,Regular Season,1628969,Mikal Bridges
22021,1628969,0022100490,2021-12-25,PHX vs. GSW,L,38,6,10,0.6,3,5,0.6,2,2,1.0,1,5,6,1,1,0,1,1,17,-8,1,2021-22,Regular Season,1628969,Mikal Bridges
22021,1628969,0022100505,2021-12-27,PHX vs. MEM,L,32,5,5,1.0,0,0,0.0,0,0,0.0,1,0,1,1,1,0,0,0,10,-15,1,2021-22,Regular Season,1628969,Mikal Bridges
22021,1628969,0022100522,2021-12-29,PHX vs. OKC,W,33,2,6,0.333,1,4,0.25,0,0,0.0,1,6,7,2,1,0,2,2,5,10,1,2021-22,Regular Season,1628969,Mikal Bridges
22021,1628969,0022100529,2021-12-31,PHX @ BOS,L,29,4,11,0.364,2,4,0.5,0,0,0.0,0,4,4,2,2,1,0,3,10,9,1,2021-22,Regular Season,1628969,Mikal Bridges
22021,1628969,0022100549,2022-01-02,PHX @ CHA,W,25,6,12,0.5,3,5,0.6,0,0,0.0,2,3,5,2,1,0,1,1,15,21,1,2021-22,Regular Season,1628969,Mikal Bridges
22021,1628969,0022100565,2022-01-04,PHX @ NOP,W,42,9,13,0.692,5,9,0.556,0,1,0.0,1,1,2,0,1,1,1,3,23,4,1,2021-22,Regular Season,1628969,Mikal Bridges
22021,1628969,0022100581,2022-01-06,PHX vs. LAC,W,40,4,12,0.333,0,4,0.0,0,0,0.0,2,2,4,0,1,0,0,1,8,8,1,2021-22,Regular Season,1628969,Mikal Bridges
22021,1628969,0022100596,2022-01-08,PHX vs. MIA,L,30,8,11,0.727,4,7,0.571,0,0,0.0,0,1,1,6,1,0,3,1,20,-24,1,2021-22,Regular Season,1628969,Mikal Bridges
22021,1628969,0022100613,2022-01-11,PHX @ TOR,W,41,5,12,0.417,1,6,0.167,1,1,1.0,0,3,3,1,1,0,2,2,12,-2,1,2021-22,Regular Season,1628969,Mikal Bridges
22021,1628969,0022100634,2022-01-14,PHX @ IND,W,30,1,6,0.167,0,2,0.0,2,2,1.0,0,4,4,2,0,0,1,0,4,2,1,2021-22,Regular Season,1628969,Mikal Bridges
22021,1628969,0022100617,2022-01-16,PHX @ DET,W,30,4,10,0.4,2,6,0.333,0,0,0.0,1,2,3,4,0,0,3,2,10,20,1,2021-22,Regular Season,1628969,Mikal Bridges
22021,1628969,0022100664,2022-01-17,PHX @ SAS,W,34,2,6,0.333,0,1,0.0,3,4,0.75,2,3,5,2,1,2,0,1,7,5,1,2021-22,Regular Season,1628969,Mikal Bridges
22021,1628969,0022100682,2022-01-20,PHX @ DAL,W,37,5,11,0.455,0,4,0.0,2,2,1.0,2,6,8,6,4,0,0,1,12,19,1,2021-22,Regular Season,1628969,Mikal Bridges
22021,1628969,0022100697,2022-01-22,PHX vs. IND,W,35,10,15,0.667,2,4,0.5,1,1,1.0,0,6,6,4,1,0,0,1,23,11,1,2021-22,Regular Season,1628969,Mikal Bridges
22021,1628969,0022100713,2022-01-24,PHX vs. UTA,W,35,2,8,0.25,0,2,0.0,0,0,0.0,1,3,4,6,2,0,0,1,4,5,1,2021-22,Regular Season,1628969,Mikal Bridges
22021,1628969,0022100731,2022-01-26,PHX @ UTA,W,45,3,7,0.429,0,1,0.0,1,2,0.5,1,3,4,2,1,1,0,4,7,3,1,2021-22,Regular Season,1628969,Mikal Bridges
22021,1628969,0022100743,2022-01-28,PHX vs. MIN,W,41,6,9,0.667,2,4,0.5,4,4,1.0,1,4,5,2,0,0,1,1,18,1,1,2021-22,Regular Season,1628969,Mikal Bridges
22021,1628969,0022100758,2022-01-30,PHX vs. SAS,W,40,11,16,0.688,2,5,0.4,2,2,1.0,1,7,8,1,0,1,0,2,26,6,1,2021-22,Regular Season,1628969,Mikal Bridges
22021,1628969,0022100772,2022-02-01,PHX vs. BKN,W,40,10,14,0.714,1,3,0.333,6,7,0.857,4,4,8,4,2,1,0,3,27,10,1,2021-22,Regular Season,1628969,Mikal Bridges
22021,1628969,0022100783,2022-02-03,PHX @ ATL,L,40,9,17,0.529,2,7,0.286,4,4,1.0,2,6,8,4,2,0,3,2,24,3,1,2021-22,Regular Season,1628969,Mikal Bridges
22021,1628969,0022100798,2022-02-05,PHX @ WAS,W,26,5,10,0.5,2,4,0.5,0,0,0.0,1,2,3,4,1,1,1,1,12,17,1,2021-22,Regular Season,1628969,Mikal Bridges
22021,1628969,0022100812,2022-02-07,PHX @ CHI,W,36,6,12,0.5,2,7,0.286,1,1,1.0,1,3,4,3,1,1,0,3,15,15,1,2021-22,Regular Season,1628969,Mikal Bridges
22021,1628969,0022100815,2022-02-08,PHX @ PHI,W,41,9,14,0.643,1,4,0.25,4,4,1.0,0,4,4,2,0,0,0,1,23,9,1,2021-22,Regular Season,1628969,Mikal Bridges
22021,1628969,0022100836,2022-02-10,PHX vs. MIL,W,39,7,11,0.636,2,5,0.4,2,3,0.667,0,1,1,2,2,0,1,3,18,20,1,2021-22,Regular Season,1628969,Mikal Bridges
22021,1628969,0022100855,2022-02-12,PHX vs. ORL,W,30,6,8,0.75,2,4,0.5,0,0,0.0,0,4,4,2,1,0,1,2,14,2,1,2021-22,Regular Season,1628969,Mikal Bridges
22021,1628969,0022100873,2022-02-15,PHX vs. LAC,W,33,8,14,0.571,1,4,0.25,2,3,0.667,1,8,9,2,1,0,1,1,19,8,1,2021-22,Regular Season,1628969,Mikal Bridges
22021,1628969,0022100882,2022-02-16,PHX vs. HOU,W,40,6,10,0.6,0,3,0.0,5,8,0.625,2,5,7,0,0,0,1,1,17,2,1,2021-22,Regular Season,1628969,Mikal Bridges
22021,1628969,0022100893,2022-02-24,PHX @ OKC,W,31,10,17,0.588,1,5,0.2,0,0,0.0,1,4,5,4,1,1,0,2,21,17,1,2021-22,Regular Season,1628969,Mikal Bridges
22021,1628969,0022100902,2022-02-25,PHX vs. NOP,L,39,3,7,0.429,1,4,0.25,1,2,0.5,1,5,6,6,0,0,1,3,8,-4,1,2021-22,Regular Season,1628969,Mikal Bridges
22021,1628969,0022100913,2022-02-27,PHX vs. UTA,L,38,5,7,0.714,0,1,0.0,1,1,1.0,2,2,4,2,1,0,1,3,11,-2,1,2021-22,Regular Season,1628969,Mikal Bridges
22021,1628969,0022100939,2022-03-02,PHX vs. POR,W,29,6,9,0.667,2,5,0.4,1,1,1.0,0,0,0,2,2,0,0,2,15,28,1,2021-22,Regular Season,1628969,Mikal Bridges
22021,1628969,0022100953,2022-03-04,PHX vs. NYK,W,39,6,11,0.545,3,4,0.75,5,6,0.833,1,5,6,4,2,0,0,2,20,-5,1,2021-22,Regular Season,1628969,Mikal Bridges
22021,1628969,0022100961,2022-03-06,PHX @ MIL,L,42,6,14,0.429,2,5,0.4,0,0,0.0,0,0,0,6,1,0,1,3,14,-11,1,2021-22,Regular Season,1628969,Mikal Bridges
22021,1628969,0022100977,2022-03-08,PHX @ ORL,W,38,3,12,0.25,2,6,0.333,5,6,0.833,0,3,3,1,3,1,1,2,13,12,1,2021-22,Regular Season,1628969,Mikal Bridges
22021,1628969,0022100983,2022-03-09,PHX @ MIA,W,35,9,13,0.692,0,3,0.0,3,3,1.0,1,8,9,3,0,1,0,2,21,24,1,2021-22,Regular Season,1628969,Mikal Bridges
22021,1628969,0022101003,2022-03-11,PHX vs. TOR,L,38,7,16,0.438,2,6,0.333,2,2,1.0,1,6,7,1,0,1,3,3,18,0,1,2021-22,Regular Season,1628969,Mikal Bridges
22021,1628969,0022101019,2022-03-13,PHX vs. LAL,W,29,8,13,0.615,1,2,0.5,1,1,1.0,4,2,6,3,1,0,0,0,18,25,1,2021-22,Regular Season,1628969,Mikal Bridges
22021,1628969,0022101032,2022-03-15,PHX @ NOP,W,36,7,14,0.5,4,5,0.8,2,2,1.0,1,2,3,3,1,1,2,4,20,11,1,2021-22,Regular Season,1628969,Mikal Bridges
22021,1628969,0022101038,2022-03-16,PHX @ HOU,W,43,10,17,0.588,3,6,0.5,3,4,0.75,0,3,3,5,3,0,1,1,26,23,1,2021-22,Regular Season,1628969,Mikal Bridges
22021,1628969,0022101056,2022-03-18,PHX vs. CHI,W,38,4,10,0.4,2,6,0.333,1,2,0.5,0,6,6,3,0,3,1,3,11,23,1,2021-22,Regular Season,1628969,Mikal Bridges
22021,1628969,0022101066,2022-03-20,PHX @ SAC,W,50,9,18,0.5,2,6,0.333,7,8,0.875,0,2,2,1,2,0,0,1,27,0,1,2021-22,Regular Season,1628969,Mikal Bridges
22021,1628969,0022101090,2022-03-23,PHX @ MIN,W,39,6,11,0.545,2,6,0.333,2,5,0.4,1,5,6,3,1,0,0,1,16,16,1,2021-22,Regular Season,1628969,Mikal Bridges
22021,1628969,0022101099,2022-03-24,PHX @ DEN,W,38,8,9,0.889,3,4,0.75,3,3,1.0,0,1,1,2,0,0,0,1,22,9,1,2021-22,Regular Season,1628969,Mikal Bridges
22021,1628969,0022101118,2022-03-27,PHX vs. PHI,W,41,5,11,0.455,1,2,0.5,0,0,0.0,0,5,5,1,1,2,3,0,11,13,1,2021-22,Regular Season,1628969,Mikal Bridges
22021,1628969,0022101145,2022-03-30,PHX @ GSW,W,41,8,14,0.571,1,2,0.5,5,6,0.833,2,5,7,2,1,0,2,1,22,8,1,2021-22,Regular Season,1628969,Mikal Bridges
22021,1628969,0022101155,2022-04-01,PHX @ MEM,L,33,8,11,0.727,1,3,0.333,1,2,0.5,0,2,2,3,2,1,2,2,18,-8,1,2021-22,Regular Season,1628969,Mikal Bridges
22021,1628969,0022101174,2022-04-03,PHX @ OKC,L,30,7,17,0.412,1,7,0.143,3,3,1.0,0,2,2,0,1,0,1,1,18,-10,1,2021-22,Regular Season,1628969,Mikal Bridges
22021,1628969,0022101189,2022-04-05,PHX vs. LAL,W,27,5,7,0.714,0,1,0.0,0,0,0.0,0,4,4,2,2,0,0,2,10,17,1,2021-22,Regular Season,1628969,Mikal Bridges
22021,1628969,0022101195,2022-04-06,PHX @ LAC,L,22,3,7,0.429,1,2,0.5,2,2,1.0,1,2,3,1,1,0,2,0,9,-32,1,2021-22,Regular Season,1628969,Mikal Bridges
22021,1628969,0022101210,2022-04-08,PHX @ UTA,W,34,7,10,0.7,0,1,0.0,4,4,1.0,0,4,4,2,0,0,0,2,18,27,1,2021-22,Regular Season,1628969,Mikal Bridges
22021,1628969,0022101229,2022-04-10,PHX vs. SAC,L,6,0,2,0.0,0,1,0.0,0,0,0.0,0,1,1,2,0,0,1,0,0,-8,1,2021-22,Regular Season,1628969,Mikal Bridges
42021,1628969,0042100141,2022-04-17,PHX vs. NOP,W,38,4,9,0.444,0,3,0.0,3,4,0.75,0,5,5,3,0,2,0,4,11,4,1,2021-22,Playoffs,1628969,Mikal Bridges
42021,1628969,0042100142,2022-04-19,PHX vs. NOP,L,40,7,11,0.636,2,3,0.667,3,4,0.75,2,4,6,2,1,1,2,3,19,-8,1,2021-22,Playoffs,1628969,Mikal Bridges
42021,1628969,0042100143,2022-04-22,PHX @ NOP,W,40,4,9,0.444,0,1,0.0,9,9,1.0,0,2,2,2,1,1,1,3,17,10,1,2021-22,Playoffs,1628969,Mikal Bridges
42021,1628969,0042100144,2022-04-24,PHX @ NOP,L,41,4,11,0.364,0,2,0.0,0,0,0.0,1,5,6,5,0,1,0,3,8,-15,1,2021-22,Playoffs,1628969,Mikal Bridges
42021,1628969,0042100145,2022-04-26,PHX vs. NOP,W,47,12,17,0.706,4,4,1.0,3,3,1.0,0,5,5,2,1,4,1,1,31,13,1,2021-22,Playoffs,1628969,Mikal Bridges
42021,1628969,0042100146,2022-04-28,PHX @ NOP,W,44,7,12,0.583,2,2,1.0,2,2,1.0,0,3,3,2,2,0,4,1,18,7,1,2021-22,Playoffs,1628969,Mikal Bridges
42021,1628969,0042100221,2022-05-02,PHX vs. DAL,W,42,4,9,0.444,1,3,0.333,4,4,1.0,3,4,7,4,1,2,0,5,13,7,1,2021-22,Playoffs,1628969,Mikal Bridges
42021,1628969,0042100222,2022-05-04,PHX vs. DAL,W,39,5,6,0.833,1,2,0.5,0,0,0.0,1,2,3,6,2,0,0,1,11,31,1,2021-22,Playoffs,1628969,Mikal Bridges
42021,1628969,0042100223,2022-05-06,PHX @ DAL,L,38,5,14,0.357,0,2,0.0,2,2,1.0,2,4,6,2,1,1,1,2,12,-12,1,2021-22,Playoffs,1628969,Mikal Bridges
42021,1628969,0042100224,2022-05-08,PHX @ DAL,L,32,3,9,0.333,0,2,0.0,0,0,0.0,1,3,4,2,1,0,0,4,6,-7,1,2021-22,Playoffs,1628969,Mikal Bridges
42021,1628969,0042100225,2022-05-10,PHX vs. DAL,W,34,6,13,0.462,2,5,0.4,0,0,0.0,1,6,7,1,4,0,0,2,14,23,1,2021-22,Playoffs,1628969,Mikal Bridges
42021,1628969,0042100226,2022-05-12,PHX @ DAL,L,31,2,7,0.286,1,1,1.0,2,2,1.0,1,4,5,5,0,1,2,1,7,-18,1,2021-22,Playoffs,1628969,Mikal Bridges
42021,1628969,0042100227,2022-05-15,PHX vs. DAL,L,33,3,11,0.273,0,3,0.0,0,0,0.0,0,2,2,1,0,0,0,1,6,-40,1,2021-22,Playoffs,1628969,Mikal Bridges
