SEASON_ID,Player_ID,Game_ID,GAME_DATE,MATCHUP,WL,MIN,FGM,FGA,FG_PCT,FG3M,FG3A,FG3_PCT,FTM,FTA,FT_PCT,OREB,DREB,REB,AST,STL,BLK,TOV,PF,PTS,PLUS_MINUS,VIDEO_AVAILABLE,SEASON,SEASON_TYPE,PLAYER_ID,PLAYER_NAME
22022,2544,0022200002,2022-10-18,LAL @ GSW,L,35,12,26,0.462,3,10,0.3,4,4,1.0,5,10,15,8,0,0,5,2,31,-10,1,2022-23,Regular Season,2544,LeBron James
22022,2544,0022200016,2022-10-20,LAL vs. LAC,L,37,7,17,0.412,2,8,0.25,4,6,0.667,2,8,10,6,1,2,2,3,20,-1,1,2022-23,Regular Season,2544,LeBron James
22022,2544,0022200037,2022-10-23,LAL vs. POR,L,38,12,22,0.545,2,9,0.222,5,7,0.714,1,7,8,8,2,2,4,3,31,2,1,2022-23,Regular Season,2544,LeBron James
22022,2544,0022200064,2022-10-26,LAL @ DEN,L,35,8,21,0.381,2,8,0.25,1,2,0.5,2,5,7,9,1,0,8,1,19,-7,1,2022-23,Regular Season,2544,LeBron James
22022,2544,0022200076,2022-10-28,LAL @ MIN,L,37,10,24,0.417,1,6,0.167,7,8,0.875,3,4,7,5,4,0,3,2,28,-13,1,2022-23,Regular Season,2544,LeBron James
22022,2544,0022200095,2022-10-30,LAL vs. DEN,W,35,10,22,0.455,2,5,0.4,4,5,0.8,0,6,6,8,1,0,3,1,26,-1,1,2022-23,Regular Season,2544,LeBron James
22022,2544,0022200117,2022-11-02,LAL vs. NOP,W,40,9,23,0.391,0,7,0.0,2,4,0.5,0,10,10,8,0,2,2,3,20,5,1,2022-23,Regular Season,2544,LeBron James
22022,2544,0022200131,2022-11-04,LAL vs. UTA,L,34,7,19,0.368,0,5,0.0,3,5,0.6,2,8,10,8,0,1,3,3,17,-11,1,2022-23,Regular Season,2544,LeBron James
22022,2544,0022200140,2022-11-06,LAL vs. CLE,L,34,13,23,0.565,1,4,0.25,0,3,0.0,2,5,7,4,0,0,1,0,27,-8,1,2022-23,Regular Season,2544,LeBron James
22022,2544,0022200170,2022-11-09,LAL @ LAC,L,32,12,22,0.545,4,9,0.444,2,4,0.5,1,7,8,5,2,0,3,2,30,-17,1,2022-23,Regular Season,2544,LeBron James
22022,2544,0022200282,2022-11-25,LAL @ SAS,W,33,8,17,0.471,1,4,0.25,4,4,1.0,0,8,8,5,3,1,9,2,21,16,1,2022-23,Regular Season,2544,LeBron James
22022,2544,0022200288,2022-11-26,LAL @ SAS,W,35,11,21,0.524,7,12,0.583,10,10,1.0,0,11,11,3,1,1,4,3,39,-3,1,2022-23,Regular Season,2544,LeBron James
22022,2544,0022200308,2022-11-28,LAL vs. IND,L,36,8,22,0.364,3,10,0.3,2,3,0.667,1,6,7,3,1,0,1,1,21,-7,1,2022-23,Regular Season,2544,LeBron James
22022,2544,0022200324,2022-11-30,LAL vs. POR,W,33,12,18,0.667,6,8,0.75,1,3,0.333,2,5,7,8,0,1,2,1,31,8,1,2022-23,Regular Season,2544,LeBron James
22022,2544,0022200331,2022-12-02,LAL @ MIL,W,37,12,27,0.444,3,6,0.5,1,2,0.5,1,7,8,11,2,0,0,2,28,6,1,2022-23,Regular Season,2544,LeBron James
22022,2544,0022200349,2022-12-04,LAL @ WAS,W,34,12,26,0.462,2,7,0.286,3,4,0.75,1,7,8,6,1,0,5,3,29,13,1,2022-23,Regular Season,2544,LeBron James
22022,2544,0022200360,2022-12-06,LAL @ CLE,L,36,8,17,0.471,2,6,0.333,3,4,0.75,4,13,17,4,1,1,3,0,21,-14,1,2022-23,Regular Season,2544,LeBron James
22022,2544,0022200382,2022-12-09,LAL @ PHI,L,44,9,22,0.409,1,8,0.125,4,8,0.5,1,3,4,6,2,0,3,3,23,-10,1,2022-23,Regular Season,2544,LeBron James
22022,2544,0022200396,2022-12-11,LAL @ DET,W,37,14,24,0.583,2,6,0.333,5,5,1.0,1,4,5,5,1,0,1,1,35,18,1,2022-23,Regular Season,2544,LeBron James
22022,2544,0022200413,2022-12-13,LAL vs. BOS,L,43,14,25,0.56,3,11,0.273,2,4,0.5,0,9,9,9,2,1,4,4,33,10,1,2022-23,Regular Season,2544,LeBron James
22022,2544,0022200437,2022-12-16,LAL vs. DEN,W,36,13,21,0.619,1,4,0.25,3,4,0.75,1,8,9,4,2,0,2,2,30,26,1,2022-23,Regular Season,2544,LeBron James
22022,2544,0022200451,2022-12-18,LAL vs. WAS,W,37,13,24,0.542,1,4,0.25,6,8,0.75,1,6,7,9,0,1,0,0,33,10,1,2022-23,Regular Season,2544,LeBron James
22022,2544,0022200475,2022-12-21,LAL @ SAC,L,34,11,21,0.524,0,4,0.0,9,10,0.9,0,6,6,11,0,2,2,0,31,-4,1,2022-23,Regular Season,2544,LeBron James
22022,2544,0022200492,2022-12-23,LAL vs. CHA,L,34,15,23,0.652,4,8,0.5,0,2,0.0,0,2,2,8,1,0,3,2,34,-6,1,2022-23,Regular Season,2544,LeBron James
22022,2544,0022200494,2022-12-25,LAL @ DAL,L,34,13,23,0.565,0,4,0.0,12,12,1.0,0,6,6,5,0,0,2,2,38,2,1,2022-23,Regular Season,2544,LeBron James
22022,2544,0022200505,2022-12-27,LAL @ ORL,W,31,12,24,0.5,0,7,0.0,4,5,0.8,2,5,7,5,1,1,4,1,28,8,1,2022-23,Regular Season,2544,LeBron James
22022,2544,0022200518,2022-12-28,LAL @ MIA,L,33,10,18,0.556,2,5,0.4,5,5,1.0,0,9,9,6,0,0,6,4,27,-4,1,2022-23,Regular Season,2544,LeBron James
22022,2544,0022200530,2022-12-30,LAL @ ATL,W,40,18,27,0.667,4,6,0.667,7,9,0.778,2,8,10,9,0,1,5,0,47,12,1,2022-23,Regular Season,2544,LeBron James
22022,2544,0022200551,2023-01-02,LAL @ CHA,W,40,16,26,0.615,0,5,0.0,11,15,0.733,0,11,11,6,1,0,3,1,43,9,1,2022-23,Regular Season,2544,LeBron James
22022,2544,0022200590,2023-01-06,LAL vs. ATL,W,33,10,19,0.526,1,5,0.2,4,6,0.667,0,7,7,10,0,0,5,0,25,12,1,2022-23,Regular Season,2544,LeBron James
22022,2544,0022200595,2023-01-07,LAL @ SAC,W,38,14,28,0.5,1,6,0.167,8,9,0.889,1,7,8,7,1,0,4,2,37,15,1,2022-23,Regular Season,2544,LeBron James
22022,2544,0022200630,2023-01-12,LAL vs. DAL,L,47,9,28,0.321,0,7,0.0,6,10,0.6,6,10,16,9,2,0,3,0,24,-3,1,2022-23,Regular Season,2544,LeBron James
22022,2544,0022200655,2023-01-15,LAL vs. PHI,L,35,15,23,0.652,1,5,0.2,4,5,0.8,0,8,8,10,1,1,3,1,35,19,1,2022-23,Regular Season,2544,LeBron James
22022,2544,0022200664,2023-01-16,LAL vs. HOU,W,36,16,26,0.615,5,10,0.5,11,12,0.917,1,7,8,9,0,0,0,1,48,19,1,2022-23,Regular Season,2544,LeBron James
22022,2544,0022200677,2023-01-18,LAL vs. SAC,L,37,11,25,0.44,2,9,0.222,8,9,0.889,0,8,8,9,1,1,1,0,32,-16,1,2022-23,Regular Season,2544,LeBron James
22022,2544,0022200690,2023-01-20,LAL vs. MEM,W,37,8,21,0.381,1,5,0.2,6,7,0.857,2,7,9,6,2,2,3,4,23,9,1,2022-23,Regular Season,2544,LeBron James
22022,2544,0022200705,2023-01-22,LAL @ POR,W,36,14,24,0.583,2,7,0.286,7,10,0.7,0,11,11,4,0,2,4,2,37,17,1,2022-23,Regular Season,2544,LeBron James
22022,2544,0022200719,2023-01-24,LAL vs. LAC,L,33,16,29,0.552,9,14,0.643,5,5,1.0,1,7,8,7,2,1,0,0,46,-14,1,2022-23,Regular Season,2544,LeBron James
22022,2544,0022200729,2023-01-25,LAL vs. SAS,W,35,8,20,0.4,1,6,0.167,3,4,0.75,1,8,9,11,0,0,6,0,20,2,1,2022-23,Regular Season,2544,LeBron James
22022,2544,0022200749,2023-01-28,LAL @ BOS,L,44,15,30,0.5,6,12,0.5,5,6,0.833,1,8,9,8,0,0,2,2,41,2,1,2022-23,Regular Season,2544,LeBron James
22022,2544,0022200765,2023-01-31,LAL @ NYK,W,43,11,25,0.44,2,8,0.25,4,7,0.571,1,9,10,11,1,0,5,2,28,22,1,2022-23,Regular Season,2544,LeBron James
22022,2544,0022200778,2023-02-02,LAL @ IND,W,33,11,19,0.579,2,5,0.4,2,2,1.0,2,5,7,7,0,0,3,1,26,-4,1,2022-23,Regular Season,2544,LeBron James
22022,2544,0022200798,2023-02-04,LAL @ NOP,L,40,10,22,0.455,1,7,0.143,6,9,0.667,0,9,9,6,0,0,2,2,27,-5,1,2022-23,Regular Season,2544,LeBron James
22022,2544,0022200821,2023-02-07,LAL vs. OKC,L,34,13,20,0.65,4,6,0.667,8,10,0.8,0,7,7,3,3,0,4,3,38,8,1,2022-23,Regular Season,2544,LeBron James
22022,2544,0022200882,2023-02-15,LAL vs. NOP,W,29,7,14,0.5,0,5,0.0,7,10,0.7,0,6,6,6,0,1,4,1,21,14,1,2022-23,Regular Season,2544,LeBron James
22022,2544,0022200893,2023-02-23,LAL vs. GSW,W,26,5,20,0.25,2,6,0.333,1,2,0.5,3,6,9,8,0,0,2,2,13,22,1,2022-23,Regular Season,2544,LeBron James
22022,2544,0022200913,2023-02-26,LAL @ DAL,W,37,10,23,0.435,1,6,0.167,5,7,0.714,3,5,8,3,1,1,3,4,26,0,1,2022-23,Regular Season,2544,LeBron James
22022,2544,0022201114,2023-03-26,LAL vs. CHI,L,30,6,11,0.545,0,2,0.0,7,8,0.875,1,7,8,3,0,0,5,2,19,4,1,2022-23,Regular Season,2544,LeBron James
22022,2544,0022201140,2023-03-29,LAL @ CHI,W,31,10,19,0.526,1,3,0.333,4,4,1.0,3,5,8,4,2,0,4,2,25,23,1,2022-23,Regular Season,2544,LeBron James
22022,2544,0022201157,2023-03-31,LAL @ MIN,W,32,7,19,0.368,1,3,0.333,3,4,0.75,1,9,10,6,1,2,3,1,18,3,1,2022-23,Regular Season,2544,LeBron James
22022,2544,0022201171,2023-04-02,LAL @ HOU,W,29,8,18,0.444,1,7,0.143,1,1,1.0,2,8,10,11,0,1,1,1,18,23,1,2022-23,Regular Season,2544,LeBron James
22022,2544,0022201186,2023-04-04,LAL @ UTA,W,38,14,27,0.519,3,10,0.3,6,6,1.0,0,5,5,6,1,1,5,2,37,-7,1,2022-23,Regular Season,2544,LeBron James
22022,2544,0022201196,2023-04-05,LAL @ LAC,L,35,13,20,0.65,4,6,0.667,3,5,0.6,0,8,8,7,1,1,6,0,33,-10,1,2022-23,Regular Season,2544,LeBron James
22022,2544,0022201212,2023-04-07,LAL vs. PHX,W,29,6,19,0.316,3,7,0.429,1,2,0.5,0,6,6,6,0,0,5,1,16,11,1,2022-23,Regular Season,2544,LeBron James
22022,2544,0022201228,2023-04-09,LAL vs. UTA,W,33,13,25,0.52,8,14,0.571,2,2,1.0,1,5,6,6,1,1,2,0,36,20,1,2022-23,Regular Season,2544,LeBron James
42022,2544,0042200151,2023-04-16,LAL @ MEM,W,34,8,16,0.5,3,8,0.375,2,4,0.5,2,9,11,5,2,3,5,1,21,7,1,2022-23,Playoffs,2544,LeBron James
42022,2544,0042200152,2023-04-19,LAL @ MEM,L,39,12,23,0.522,1,8,0.125,3,4,0.75,2,10,12,3,1,1,1,1,28,-17,1,2022-23,Playoffs,2544,LeBron James
42022,2544,0042200153,2023-04-22,LAL vs. MEM,W,36,10,20,0.5,0,4,0.0,5,7,0.714,2,7,9,5,1,1,3,3,25,-6,1,2022-23,Playoffs,2544,LeBron James
42022,2544,0042200154,2023-04-24,LAL vs. MEM,W,45,8,18,0.444,1,7,0.143,5,7,0.714,5,15,20,7,0,2,1,3,22,8,1,2022-23,Playoffs,2544,LeBron James
42022,2544,0042200155,2023-04-26,LAL @ MEM,L,37,5,17,0.294,1,9,0.111,4,6,0.667,2,8,10,5,1,1,5,1,15,-1,1,2022-23,Playoffs,2544,LeBron James
42022,2544,0042200156,2023-04-28,LAL vs. MEM,W,31,9,13,0.692,2,5,0.4,2,3,0.667,1,4,5,6,1,0,3,2,22,32,1,2022-23,Playoffs,2544,LeBron James
42022,2544,0042200231,2023-05-02,LAL @ GSW,W,40,9,24,0.375,1,8,0.125,3,4,0.75,2,9,11,4,0,3,4,0,22,1,1,2022-23,Playoffs,2544,LeBron James
42022,2544,0042200232,2023-05-04,LAL @ GSW,L,28,10,18,0.556,3,8,0.375,0,0,0.0,0,7,7,3,1,0,0,3,23,-27,1,2022-23,Playoffs,2544,LeBron James
42022,2544,0042200233,2023-05-06,LAL vs. GSW,W,32,6,11,0.545,2,4,0.5,7,8,0.875,1,7,8,8,0,1,0,0,21,26,1,2022-23,Playoffs,2544,LeBron James
42022,2544,0042200234,2023-05-08,LAL vs. GSW,W,43,10,25,0.4,2,9,0.222,5,5,1.0,2,7,9,6,0,1,3,3,27,-8,1,2022-23,Playoffs,2544,LeBron James
42022,2544,0042200235,2023-05-10,LAL @ GSW,L,39,9,17,0.529,3,7,0.429,4,4,1.0,1,8,9,3,2,1,4,3,25,-16,1,2022-23,Playoffs,2544,LeBron James
42022,2544,0042200236,2023-05-12,LAL vs. GSW,W,43,10,14,0.714,2,3,0.667,8,11,0.727,0,9,9,9,2,1,2,2,30,21,1,2022-23,Playoffs,2544,LeBron James
42022,2544,0042200311,2023-05-16,LAL @ DEN,L,40,9,16,0.563,0,4,0.0,8,11,0.727,3,9,12,9,0,1,3,1,26,-6,1,2022-23,Playoffs,2544,LeBron James
42022,2544,0042200312,2023-05-18,LAL @ DEN,L,40,9,19,0.474,0,6,0.0,4,4,1.0,0,9,9,10,4,2,3,2,22,4,1,2022-23,Playoffs,2544,LeBron James
42022,2544,0042200313,2023-05-20,LAL vs. DEN,L,43,8,19,0.421,3,9,0.333,4,7,0.571,0,7,7,12,0,0,2,2,23,-4,1,2022-23,Playoffs,2544,LeBron James
42022,2544,0042200314,2023-05-22,LAL vs. DEN,L,48,15,25,0.6,4,7,0.571,6,7,0.857,2,8,10,9,2,0,1,1,40,-2,1,2022-23,Playoffs,2544,LeBron James
22022,201939,0022200002,2022-10-18,GSW vs. LAL,W,33,10,22,0.455,4,13,0.308,9,9,1.0,1,5,6,7,4,1,4,1,33,20,1,2022-23,Regular Season,201939,Stephen Curry
22022,201939,0022200026,2022-10-21,GSW vs. DEN,L,36,10,22,0.455,5,11,0.455,9,9,1.0,1,4,5,4,0,0,3,2,34,9,1,2022-23,Regular Season,201939,Stephen Curry
22022,201939,0022200042,2022-10-23,GSW vs. SAC,W,31,11,22,0.5,7,12,0.583,4,4,1.0,0,5,5,2,1,0,2,3,33,19,1,2022-23,Regular Season,201939,Stephen Curry
22022,201939,0022200055,2022-10-25,GSW @ PHX,L,30,7,17,0.412,4,9,0.444,3,5,0.6,0,7,7,8,1,0,1,1,21,-17,1,2022-23,Regular Season,201939,Stephen Curry
22022,201939,0022200068,2022-10-27,GSW vs. MIA,W,37,13,22,0.591,7,14,0.5,0,0,0.0,1,6,7,9,1,0,3,0,33,13,1,2022-23,Regular Season,201939,Stephen Curry
22022,201939,0022200082,2022-10-29,GSW @ CHA,L,39,10,22,0.455,3,13,0.231,8,8,1.0,0,11,11,6,1,0,2,5,31,-6,1,2022-23,Regular Season,201939,Stephen Curry
22022,201939,0022200091,2022-10-30,GSW @ DET,L,35,10,24,0.417,4,14,0.286,8,9,0.889,0,6,6,3,2,0,1,1,32,-12,1,2022-23,Regular Season,201939,Stephen Curry
22022,201939,0022200104,2022-11-01,GSW @ MIA,L,34,7,14,0.5,4,10,0.4,5,5,1.0,4,9,13,13,1,0,5,3,23,3,1,2022-23,Regular Season,201939,Stephen Curry
22022,201939,0022200118,2022-11-03,GSW @ ORL,L,38,13,22,0.591,8,15,0.533,5,5,1.0,1,2,3,9,0,0,5,3,39,4,1,2022-23,Regular Season,201939,Stephen Curry
22022,201939,0022200156,2022-11-07,GSW vs. SAC,W,38,17,24,0.708,7,12,0.583,6,7,0.857,0,8,8,8,0,0,0,2,47,20,1,2022-23,Regular Season,201939,Stephen Curry
22022,201939,0022200182,2022-11-11,GSW vs. CLE,W,34,15,23,0.652,6,11,0.545,4,6,0.667,0,4,4,5,1,0,2,4,40,7,1,2022-23,Regular Season,201939,Stephen Curry
22022,201939,0022200197,2022-11-13,GSW @ SAC,L,37,9,17,0.529,3,9,0.333,6,6,1.0,0,6,6,4,1,0,4,0,27,0,1,2022-23,Regular Season,201939,Stephen Curry
22022,201939,0022200205,2022-11-14,GSW vs. SAS,W,27,5,11,0.455,3,7,0.429,3,3,1.0,1,4,5,5,1,0,1,1,16,17,1,2022-23,Regular Season,201939,Stephen Curry
22022,201939,0022200220,2022-11-16,GSW @ PHX,L,36,17,28,0.607,7,11,0.636,9,9,1.0,0,9,9,6,0,1,3,2,50,-14,1,2022-23,Regular Season,201939,Stephen Curry
22022,201939,0022200233,2022-11-18,GSW vs. NYK,W,34,9,19,0.474,5,13,0.385,1,3,0.333,0,6,6,10,2,0,5,2,24,18,1,2022-23,Regular Season,201939,Stephen Curry
22022,201939,0022200245,2022-11-20,GSW @ HOU,W,37,11,20,0.55,7,14,0.5,4,5,0.8,0,6,6,15,3,2,1,3,33,23,1,2022-23,Regular Season,201939,Stephen Curry
22022,201939,0022200271,2022-11-23,GSW vs. LAC,W,32,9,20,0.45,4,10,0.4,0,0,0.0,1,5,6,9,0,0,1,0,22,18,1,2022-23,Regular Season,201939,Stephen Curry
22022,201939,0022200284,2022-11-25,GSW vs. UTA,W,36,13,23,0.565,6,13,0.462,1,1,1.0,0,5,5,4,2,0,5,4,33,19,1,2022-23,Regular Season,201939,Stephen Curry
22022,201939,0022200291,2022-11-27,GSW @ MIN,W,33,7,17,0.412,4,11,0.364,7,7,1.0,1,10,11,8,1,0,7,1,25,22,1,2022-23,Regular Season,201939,Stephen Curry
22022,201939,0022200310,2022-11-29,GSW @ DAL,L,38,11,24,0.458,5,14,0.357,5,6,0.833,1,4,5,5,0,0,4,4,32,-12,1,2022-23,Regular Season,201939,Stephen Curry
22022,201939,0022200336,2022-12-02,GSW vs. CHI,W,33,6,16,0.375,4,8,0.5,3,3,1.0,0,11,11,6,0,1,6,5,19,-1,1,2022-23,Regular Season,201939,Stephen Curry
22022,201939,0022200342,2022-12-03,GSW vs. HOU,W,35,10,21,0.476,8,17,0.471,2,3,0.667,0,3,3,10,1,1,4,0,30,19,1,2022-23,Regular Season,201939,Stephen Curry
22022,201939,0022200359,2022-12-05,GSW vs. IND,L,38,3,17,0.176,2,10,0.2,4,4,1.0,0,4,4,6,1,0,3,2,12,-17,1,2022-23,Regular Season,201939,Stephen Curry
22022,201939,0022200392,2022-12-10,GSW vs. BOS,W,37,12,21,0.571,6,11,0.545,2,2,1.0,1,5,6,7,0,1,4,3,32,20,1,2022-23,Regular Season,201939,Stephen Curry
22022,201939,0022200410,2022-12-13,GSW @ MIL,L,27,6,17,0.353,3,10,0.3,5,5,1.0,2,4,6,1,1,1,2,0,20,-20,1,2022-23,Regular Season,201939,Stephen Curry
22022,201939,0022200415,2022-12-14,GSW @ IND,L,30,11,19,0.579,5,10,0.5,11,11,1.0,1,6,7,7,2,1,3,2,38,-6,1,2022-23,Regular Season,201939,Stephen Curry
22022,201939,0022200615,2023-01-10,GSW vs. PHX,L,31,8,22,0.364,5,15,0.333,3,4,0.75,1,0,1,3,1,0,1,4,24,-19,1,2022-23,Regular Season,201939,Stephen Curry
22022,201939,0022200635,2023-01-13,GSW @ SAS,W,23,6,12,0.5,2,7,0.286,1,1,1.0,0,4,4,3,0,1,0,3,15,12,1,2022-23,Regular Season,201939,Stephen Curry
22022,201939,0022200650,2023-01-15,GSW @ CHI,L,34,8,15,0.533,3,10,0.3,1,2,0.5,0,10,10,4,0,1,8,2,20,-9,1,2022-23,Regular Season,201939,Stephen Curry
22022,201939,0022200660,2023-01-16,GSW @ WAS,W,38,12,28,0.429,6,15,0.4,11,12,0.917,1,6,7,2,0,0,4,1,41,14,1,2022-23,Regular Season,201939,Stephen Curry
22022,201939,0022200679,2023-01-19,GSW @ BOS,L,43,9,25,0.36,6,18,0.333,5,5,1.0,0,4,4,7,3,2,3,1,29,9,1,2022-23,Regular Season,201939,Stephen Curry
22022,201939,0022200704,2023-01-22,GSW vs. BKN,L,38,7,16,0.438,4,8,0.5,8,8,1.0,1,5,6,7,1,0,5,2,26,-8,1,2022-23,Regular Season,201939,Stephen Curry
22022,201939,0022200726,2023-01-25,GSW vs. MEM,W,35,10,19,0.526,4,8,0.5,10,11,0.909,0,2,2,3,2,0,3,3,34,-3,1,2022-23,Regular Season,201939,Stephen Curry
22022,201939,0022200740,2023-01-27,GSW vs. TOR,W,39,13,21,0.619,4,8,0.5,5,5,1.0,0,7,7,11,2,0,3,1,35,13,1,2022-23,Regular Season,201939,Stephen Curry
22022,201939,0022200759,2023-01-30,GSW @ OKC,W,37,12,20,0.6,8,14,0.571,6,6,1.0,1,7,8,12,0,1,4,0,38,17,1,2022-23,Regular Season,201939,Stephen Curry
22022,201939,0022200774,2023-02-01,GSW @ MIN,L,42,8,21,0.381,5,12,0.417,8,9,0.889,0,10,10,3,1,1,4,5,29,-5,1,2022-23,Regular Season,201939,Stephen Curry
22022,201939,0022200783,2023-02-02,GSW @ DEN,L,33,10,17,0.588,5,10,0.5,3,3,1.0,2,3,5,5,0,0,6,4,28,-16,1,2022-23,Regular Season,201939,Stephen Curry
22022,201939,0022200800,2023-02-04,GSW vs. DAL,W,26,7,11,0.636,2,6,0.333,5,5,1.0,0,6,6,7,0,0,0,2,21,14,1,2022-23,Regular Season,201939,Stephen Curry
22022,201939,0022200964,2023-03-05,GSW @ LAL,L,32,8,20,0.4,5,13,0.385,6,6,1.0,0,2,2,6,1,0,2,3,27,-12,1,2022-23,Regular Season,201939,Stephen Curry
22022,201939,0022200982,2023-03-07,GSW @ OKC,L,35,14,23,0.609,10,16,0.625,2,2,1.0,1,5,6,7,0,0,6,4,40,-2,1,2022-23,Regular Season,201939,Stephen Curry
22022,201939,0022200996,2023-03-09,GSW @ MEM,L,34,10,19,0.526,4,8,0.5,5,6,0.833,3,4,7,4,1,0,4,3,29,2,1,2022-23,Regular Season,201939,Stephen Curry
22022,201939,0022201012,2023-03-11,GSW vs. MIL,W,43,13,27,0.481,6,15,0.4,4,4,1.0,1,5,6,4,2,1,5,1,36,10,1,2022-23,Regular Season,201939,Stephen Curry
22022,201939,0022201025,2023-03-13,GSW vs. PHX,W,33,7,13,0.538,4,6,0.667,5,6,0.833,2,5,7,5,0,0,5,4,23,14,1,2022-23,Regular Season,201939,Stephen Curry
22022,201939,0022201041,2023-03-15,GSW @ LAC,L,39,20,28,0.714,8,14,0.571,2,4,0.5,0,2,2,6,2,0,2,1,50,-11,1,2022-23,Regular Season,201939,Stephen Curry
22022,201939,0022201048,2023-03-17,GSW @ ATL,L,37,12,27,0.444,4,13,0.308,3,3,1.0,2,4,6,5,0,0,6,2,31,-1,1,2022-23,Regular Season,201939,Stephen Curry
22022,201939,0022201061,2023-03-18,GSW @ MEM,L,30,5,15,0.333,3,8,0.375,3,4,0.75,1,7,8,5,0,0,1,1,16,-10,1,2022-23,Regular Season,201939,Stephen Curry
22022,201939,0022201074,2023-03-20,GSW @ HOU,W,36,10,23,0.435,5,15,0.333,5,5,1.0,1,6,7,5,2,1,4,3,30,5,1,2022-23,Regular Season,201939,Stephen Curry
22022,201939,0022201086,2023-03-22,GSW @ DAL,W,35,9,18,0.5,2,8,0.25,0,0,0.0,1,4,5,13,0,0,3,2,20,10,1,2022-23,Regular Season,201939,Stephen Curry
22022,201939,0022201103,2023-03-24,GSW vs. PHI,W,38,10,18,0.556,2,7,0.286,7,8,0.875,0,8,8,3,0,0,2,2,29,20,1,2022-23,Regular Season,201939,Stephen Curry
22022,201939,0022201121,2023-03-26,GSW vs. MIN,L,36,8,23,0.348,4,13,0.308,0,0,0.0,0,6,6,9,1,0,3,3,20,2,1,2022-23,Regular Season,201939,Stephen Curry
22022,201939,0022201135,2023-03-28,GSW vs. NOP,W,37,14,25,0.56,8,15,0.533,3,4,0.75,2,6,8,8,3,0,4,0,39,12,1,2022-23,Regular Season,201939,Stephen Curry
22022,201939,0022201158,2023-03-31,GSW vs. SAS,W,33,11,21,0.524,7,11,0.636,4,4,1.0,1,1,2,5,0,0,1,1,33,-3,1,2022-23,Regular Season,201939,Stephen Curry
22022,201939,0022201175,2023-04-02,GSW @ DEN,L,37,8,28,0.286,2,14,0.143,3,3,1.0,1,2,3,4,0,2,3,1,21,-5,1,2022-23,Regular Season,201939,Stephen Curry
22022,201939,0022201187,2023-04-04,GSW vs. OKC,W,37,11,25,0.44,6,13,0.462,6,6,1.0,0,5,5,6,1,0,0,3,34,14,1,2022-23,Regular Season,201939,Stephen Curry
22022,201939,0022201211,2023-04-07,GSW @ SAC,W,33,8,14,0.571,3,7,0.429,6,7,0.857,1,6,7,6,2,1,5,1,25,33,1,2022-23,Regular Season,201939,Stephen Curry
22022,201939,0022201230,2023-04-09,GSW @ POR,W,22,9,15,0.6,5,10,0.5,3,3,1.0,0,5,5,7,0,0,1,0,26,26,1,2022-23,Regular Season,201939,Stephen Curry
42022,201939,0042200161,2023-04-15,GSW @ SAC,L,37,11,20,0.55,6,14,0.429,2,2,1.0,1,5,6,2,0,0,5,3,30,11,1,2022-23,Playoffs,201939,Stephen Curry
42022,201939,0042200162,2023-04-17,GSW @ SAC,L,41,9,21,0.429,3,13,0.231,7,8,0.875,0,3,3,6,0,1,5,2,28,3,1,2022-23,Playoffs,201939,Stephen Curry
42022,201939,0042200163,2023-04-20,GSW vs. SAC,W,37,12,25,0.48,6,12,0.5,6,6,1.0,1,5,6,3,2,1,1,4,36,24,1,2022-23,Playoffs,201939,Stephen Curry
42022,201939,0042200164,2023-04-23,GSW vs. SAC,W,43,11,22,0.5,5,11,0.455,5,5,1.0,0,5,5,4,1,0,1,3,32,7,1,2022-23,Playoffs,201939,Stephen Curry
42022,201939,0042200165,2023-04-26,GSW @ SAC,W,42,12,25,0.48,2,10,0.2,5,6,0.833,0,2,2,8,0,0,5,2,31,4,1,2022-23,Playoffs,201939,Stephen Curry
42022,201939,0042200166,2023-04-28,GSW vs. SAC,L,36,9,21,0.429,5,12,0.417,6,9,0.667,0,4,4,5,2,1,5,2,29,-16,1,2022-23,Playoffs,201939,Stephen Curry
42022,201939,0042200167,2023-04-30,GSW @ SAC,W,38,20,38,0.526,7,18,0.389,3,5,0.6,1,7,8,6,1,0,1,2,50,25,1,2022-23,Playoffs,201939,Stephen Curry
42022,201939,0042200231,2023-05-02,GSW vs. LAL,L,38,10,24,0.417,6,13,0.462,1,1,1.0,0,6,6,3,1,0,5,3,27,-1,1,2022-23,Playoffs,201939,Stephen Curry
42022,201939,0042200232,2023-05-04,GSW vs. LAL,W,30,7,12,0.583,3,5,0.6,3,3,1.0,0,4,4,12,1,0,3,3,20,24,1,2022-23,Playoffs,201939,Stephen Curry
42022,201939,0042200233,2023-05-06,GSW @ LAL,L,32,9,21,0.429,4,10,0.4,1,3,0.333,2,2,4,3,1,1,3,2,23,-26,1,2022-23,Playoffs,201939,Stephen Curry
42022,201939,0042200234,2023-05-08,GSW @ LAL,L,42,12,30,0.4,3,14,0.214,4,4,1.0,3,7,10,14,3,0,2,5,31,1,1,2022-23,Playoffs,201939,Stephen Curry
42022,201939,0042200235,2023-05-10,GSW vs. LAL,W,39,12,24,0.5,3,11,0.273,0,0,0.0,0,3,3,8,0,1,2,0,27,12,1,2022-23,Playoffs,201939,Stephen Curry
42022,201939,0042200236,2023-05-12,GSW @ LAL,L,39,11,28,0.393,4,14,0.286,6,6,1.0,1,5,6,5,1,1,4,3,32,-21,1,2022-23,Playoffs,201939,Stephen Curry
22022,201142,0022200006,2022-10-19,BKN vs. NOP,L,32,11,21,0.524,2,6,0.333,8,9,0.889,0,3,3,2,1,4,4,4,32,-23,1,2022-23,Regular Season,201142,Kevin Durant
22022,201142,0022200021,2022-10-21,BKN vs. TOR,W,35,8,18,0.444,3,9,0.333,8,10,0.8,1,4,5,6,0,2,5,2,27,-8,1,2022-23,Regular Season,201142,Kevin Durant
22022,201142,0022200049,2022-10-24,BKN @ MEM,L,39,14,20,0.7,1,3,0.333,8,9,0.889,1,4,5,4,0,0,1,4,37,-11,1,2022-23,Regular Season,201142,Kevin Durant
22022,201142,0022200060,2022-10-26,BKN @ MIL,L,39,10,23,0.435,1,4,0.25,12,13,0.923,0,6,6,3,0,2,5,3,33,-17,1,2022-23,Regular Season,201142,Kevin Durant
22022,201142,0022200066,2022-10-27,BKN vs. DAL,L,41,12,21,0.571,2,5,0.4,11,11,1.0,1,2,3,5,2,1,3,2,37,-6,1,2022-23,Regular Season,201142,Kevin Durant
22022,201142,0022200083,2022-10-29,BKN vs. IND,L,39,8,20,0.4,1,5,0.2,9,9,1.0,1,4,5,2,3,4,3,0,26,-3,1,2022-23,Regular Season,201142,Kevin Durant
22022,201142,0022200098,2022-10-31,BKN vs. IND,W,39,13,22,0.591,2,5,0.4,8,8,1.0,0,9,9,7,1,1,3,2,36,8,1,2022-23,Regular Season,201142,Kevin Durant
22022,201142,0022200103,2022-11-01,BKN vs. CHI,L,38,9,16,0.563,2,4,0.5,12,12,1.0,0,9,9,6,1,2,7,3,32,-7,1,2022-23,Regular Season,201142,Kevin Durant
22022,201142,0022200123,2022-11-04,BKN @ WAS,W,33,10,21,0.476,2,6,0.333,6,6,1.0,0,9,9,11,0,1,2,1,28,35,1,2022-23,Regular Season,201142,Kevin Durant
22022,201142,0022200133,2022-11-05,BKN @ CHA,W,37,10,20,0.5,1,4,0.25,6,6,1.0,0,8,8,2,0,3,3,2,27,13,1,2022-23,Regular Season,201142,Kevin Durant
22022,201142,0022200155,2022-11-07,BKN @ DAL,L,39,10,20,0.5,1,3,0.333,5,7,0.714,1,3,4,4,2,1,3,5,26,1,1,2022-23,Regular Season,201142,Kevin Durant
22022,201142,0022200164,2022-11-09,BKN vs. NYK,W,35,10,19,0.526,1,5,0.2,8,10,0.8,1,11,12,12,1,2,1,1,29,32,1,2022-23,Regular Season,201142,Kevin Durant
22022,201142,0022200184,2022-11-12,BKN @ LAC,W,35,10,16,0.625,3,5,0.6,4,4,1.0,0,6,6,3,2,2,3,4,27,16,1,2022-23,Regular Season,201142,Kevin Durant
22022,201142,0022200198,2022-11-13,BKN @ LAL,L,38,8,16,0.5,2,3,0.667,13,15,0.867,0,9,9,7,0,2,3,2,31,-15,1,2022-23,Regular Season,201142,Kevin Durant
22022,201142,0022200210,2022-11-15,BKN @ SAC,L,31,8,15,0.533,0,1,0.0,11,11,1.0,0,4,4,6,0,1,2,2,27,-31,1,2022-23,Regular Season,201142,Kevin Durant
22022,201142,0022200221,2022-11-17,BKN @ POR,W,39,13,22,0.591,1,4,0.25,8,10,0.8,0,8,8,3,0,1,4,4,35,15,1,2022-23,Regular Season,201142,Kevin Durant
22022,201142,0022200243,2022-11-20,BKN vs. MEM,W,36,9,16,0.563,0,3,0.0,8,8,1.0,0,7,7,7,1,1,4,3,26,5,1,2022-23,Regular Season,201142,Kevin Durant
22022,201142,0022200256,2022-11-22,BKN @ PHI,L,37,9,14,0.643,0,1,0.0,2,2,1.0,0,5,5,5,0,2,3,0,20,-10,1,2022-23,Regular Season,201142,Kevin Durant
22022,201142,0022200266,2022-11-23,BKN @ TOR,W,33,5,10,0.5,2,5,0.4,0,0,0.0,0,7,7,5,0,3,4,2,12,30,1,2022-23,Regular Season,201142,Kevin Durant
22022,201142,0022200276,2022-11-25,BKN @ IND,L,39,15,31,0.484,3,12,0.25,3,4,0.75,2,7,9,8,0,2,5,4,36,0,1,2022-23,Regular Season,201142,Kevin Durant
22022,201142,0022200290,2022-11-27,BKN vs. POR,W,37,12,20,0.6,3,6,0.5,4,4,1.0,0,5,5,5,0,0,1,4,31,21,1,2022-23,Regular Season,201142,Kevin Durant
22022,201142,0022200302,2022-11-28,BKN vs. ORL,W,39,19,24,0.792,3,5,0.6,4,4,1.0,1,6,7,5,2,2,6,4,45,11,1,2022-23,Regular Season,201142,Kevin Durant
22022,201142,0022200315,2022-11-30,BKN vs. WAS,W,37,13,20,0.65,2,3,0.667,11,11,1.0,0,5,5,5,0,1,1,4,39,-1,1,2022-23,Regular Season,201142,Kevin Durant
22022,201142,0022200329,2022-12-02,BKN vs. TOR,W,38,6,10,0.6,0,3,0.0,5,6,0.833,0,9,9,7,0,2,2,0,17,1,1,2022-23,Regular Season,201142,Kevin Durant
22022,201142,0022200346,2022-12-04,BKN vs. BOS,L,40,13,24,0.542,1,5,0.2,4,5,0.8,0,7,7,5,2,2,8,0,31,-19,1,2022-23,Regular Season,201142,Kevin Durant
22022,201142,0022200364,2022-12-07,BKN vs. CHA,W,36,12,19,0.632,2,5,0.4,3,3,1.0,0,9,9,8,0,0,3,2,29,4,1,2022-23,Regular Season,201142,Kevin Durant
22022,201142,0022200380,2022-12-09,BKN vs. ATL,W,36,14,25,0.56,2,7,0.286,4,4,1.0,0,4,4,4,1,2,4,0,34,8,1,2022-23,Regular Season,201142,Kevin Durant
22022,201142,0022200403,2022-12-12,BKN @ WAS,W,33,11,17,0.647,3,6,0.5,5,5,1.0,0,9,9,6,1,1,3,1,30,11,1,2022-23,Regular Season,201142,Kevin Durant
22022,201142,0022200433,2022-12-16,BKN @ TOR,W,37,10,15,0.667,2,3,0.667,6,6,1.0,0,4,4,3,1,0,5,3,28,9,1,2022-23,Regular Season,201142,Kevin Durant
22022,201142,0022200447,2022-12-18,BKN @ DET,W,36,14,22,0.636,3,5,0.6,12,13,0.923,1,5,6,2,1,2,6,3,43,-3,1,2022-23,Regular Season,201142,Kevin Durant
22022,201142,0022200470,2022-12-21,BKN vs. GSW,W,29,9,17,0.529,1,3,0.333,4,4,1.0,0,7,7,5,4,0,2,2,23,29,1,2022-23,Regular Season,201142,Kevin Durant
22022,201142,0022200483,2022-12-23,BKN vs. MIL,W,34,9,17,0.529,2,6,0.333,4,4,1.0,0,5,5,6,1,1,3,2,24,17,1,2022-23,Regular Season,201142,Kevin Durant
22022,201142,0022200498,2022-12-26,BKN @ CLE,W,36,10,18,0.556,5,8,0.625,7,8,0.875,1,8,9,5,0,0,4,6,32,10,1,2022-23,Regular Season,201142,Kevin Durant
22022,201142,0022200517,2022-12-28,BKN @ ATL,W,36,8,17,0.471,1,4,0.25,9,9,1.0,1,15,16,8,0,2,4,3,26,9,1,2022-23,Regular Season,201142,Kevin Durant
22022,201142,0022200539,2022-12-31,BKN @ CHA,W,30,9,15,0.6,1,6,0.167,4,4,1.0,0,5,5,4,0,0,3,3,23,21,1,2022-23,Regular Season,201142,Kevin Durant
22022,201142,0022200555,2023-01-02,BKN vs. SAS,W,29,10,14,0.714,0,1,0.0,5,5,1.0,0,3,3,11,3,1,2,1,25,21,1,2022-23,Regular Season,201142,Kevin Durant
22022,201142,0022200570,2023-01-04,BKN @ CHI,L,38,15,22,0.682,5,10,0.5,9,9,1.0,0,4,4,5,1,2,3,2,44,-3,1,2022-23,Regular Season,201142,Kevin Durant
22022,201142,0022200586,2023-01-06,BKN @ NOP,W,38,9,26,0.346,4,7,0.571,11,11,1.0,1,9,10,3,0,2,4,1,33,20,1,2022-23,Regular Season,201142,Kevin Durant
22022,201142,0022200599,2023-01-08,BKN @ MIA,W,30,5,11,0.455,1,3,0.333,6,7,0.857,1,4,5,2,1,0,4,1,17,-2,1,2022-23,Regular Season,201142,Kevin Durant
22022,201142,0022200933,2023-03-01,PHX @ CHA,W,27,10,15,0.667,2,4,0.5,1,1,1.0,0,6,6,2,0,2,2,0,23,13,1,2022-23,Regular Season,201142,Kevin Durant
22022,201142,0022200950,2023-03-03,PHX @ CHI,W,31,7,10,0.7,2,4,0.5,4,5,0.8,1,8,9,6,1,1,2,2,20,24,1,2022-23,Regular Season,201142,Kevin Durant
22022,201142,0022200962,2023-03-05,PHX @ DAL,W,40,12,17,0.706,3,5,0.6,10,11,0.909,0,7,7,3,0,1,2,3,37,9,1,2022-23,Regular Season,201142,Kevin Durant
22022,201142,0022201144,2023-03-29,PHX vs. MIN,W,29,5,18,0.278,2,4,0.5,4,5,0.8,1,7,8,4,0,0,2,0,16,-1,1,2022-23,Regular Season,201142,Kevin Durant
22022,201142,0022201160,2023-03-31,PHX vs. DEN,W,33,11,15,0.733,2,3,0.667,6,7,0.857,0,4,4,2,1,2,3,0,30,-1,1,2022-23,Regular Season,201142,Kevin Durant
22022,201142,0022201172,2023-04-02,PHX @ OKC,W,35,13,21,0.619,3,7,0.429,6,6,1.0,0,5,5,5,0,2,2,1,35,5,1,2022-23,Regular Season,201142,Kevin Durant
22022,201142,0022201188,2023-04-04,PHX vs. SAS,W,34,6,14,0.429,2,4,0.5,4,6,0.667,1,4,5,2,0,1,3,1,18,23,1,2022-23,Regular Season,201142,Kevin Durant
22022,201142,0022201201,2023-04-06,PHX vs. DEN,W,41,9,18,0.5,6,10,0.6,5,7,0.714,0,7,7,4,0,1,4,0,29,-3,1,2022-23,Regular Season,201142,Kevin Durant
42022,201142,0042200171,2023-04-16,PHX vs. LAC,L,45,7,15,0.467,3,7,0.429,10,10,1.0,1,8,9,11,1,2,1,4,27,4,1,2022-23,Playoffs,201142,Kevin Durant
42022,201142,0042200172,2023-04-18,PHX vs. LAC,W,44,10,19,0.526,0,4,0.0,5,6,0.833,1,5,6,5,1,2,5,2,25,10,1,2022-23,Playoffs,201142,Kevin Durant
42022,201142,0042200173,2023-04-20,PHX @ LAC,W,42,8,15,0.533,1,3,0.333,11,11,1.0,0,6,6,5,2,0,6,0,28,1,1,2022-23,Playoffs,201142,Kevin Durant
42022,201142,0042200174,2023-04-22,PHX @ LAC,W,45,9,17,0.529,3,4,0.75,10,11,0.909,1,10,11,6,0,0,3,3,31,12,1,2022-23,Playoffs,201142,Kevin Durant
42022,201142,0042200175,2023-04-25,PHX vs. LAC,W,44,10,19,0.526,4,6,0.667,7,7,1.0,0,6,6,4,1,1,1,3,31,13,1,2022-23,Playoffs,201142,Kevin Durant
42022,201142,0042200221,2023-04-29,PHX @ DEN,L,36,12,19,0.632,1,3,0.333,4,4,1.0,1,13,14,1,1,3,7,1,29,-20,1,2022-23,Playoffs,201142,Kevin Durant
42022,201142,0042200222,2023-05-01,PHX @ DEN,L,44,10,27,0.37,2,12,0.167,2,2,1.0,1,7,8,3,1,2,2,4,24,-4,1,2022-23,Playoffs,201142,Kevin Durant
42022,201142,0042200223,2023-05-05,PHX vs. DEN,W,43,12,31,0.387,1,5,0.2,14,16,0.875,0,9,9,8,0,2,0,4,39,11,1,2022-23,Playoffs,201142,Kevin Durant
42022,201142,0042200224,2023-05-07,PHX vs. DEN,W,44,11,19,0.579,2,4,0.5,12,13,0.923,0,11,11,6,2,1,5,2,36,0,1,2022-23,Playoffs,201142,Kevin Durant
42022,201142,0042200225,2023-05-09,PHX @ DEN,L,42,10,24,0.417,0,3,0.0,6,9,0.667,2,9,11,7,0,1,5,4,26,-19,1,2022-23,Playoffs,201142,Kevin Durant
42022,201142,0042200226,2023-05-11,PHX vs. DEN,L,37,8,19,0.421,0,0,0.0,7,7,1.0,0,5,5,5,0,1,4,2,23,-13,1,2022-23,Playoffs,201142,Kevin Durant
22022,203507,0022200015,2022-10-20,MIL @ PHI,W,36,9,16,0.563,1,3,0.333,2,5,0.4,0,13,13,8,1,3,1,4,21,13,1,2022-23,Regular Season,203507,Giannis Antetokounmpo
22022,203507,0022200033,2022-10-22,MIL vs. HOU,W,28,17,21,0.81,2,3,0.667,8,13,0.615,2,10,12,3,0,0,4,2,44,23,1,2022-23,Regular Season,203507,Giannis Antetokounmpo
22022,203507,0022200060,2022-10-26,MIL vs. BKN,W,38,16,25,0.64,1,4,0.25,10,14,0.714,2,12,14,5,1,3,7,4,43,5,1,2022-23,Regular Season,203507,Giannis Antetokounmpo
22022,203507,0022200075,2022-10-28,MIL vs. NYK,W,39,11,22,0.5,1,6,0.167,7,11,0.636,0,14,14,9,1,1,2,0,30,27,1,2022-23,Regular Season,203507,Giannis Antetokounmpo
22022,203507,0022200085,2022-10-29,MIL vs. ATL,W,33,11,22,0.5,1,1,1.0,11,19,0.579,5,12,17,4,0,1,2,4,34,-10,1,2022-23,Regular Season,203507,Giannis Antetokounmpo
22022,203507,0022200100,2022-10-31,MIL vs. DET,W,32,12,23,0.522,0,4,0.0,7,9,0.778,2,5,7,2,0,2,4,5,31,-1,1,2022-23,Regular Season,203507,Giannis Antetokounmpo
22022,203507,0022200113,2022-11-02,MIL vs. DET,W,30,11,24,0.458,0,4,0.0,10,12,0.833,5,7,12,4,5,2,1,1,32,12,1,2022-23,Regular Season,203507,Giannis Antetokounmpo
22022,203507,0022200129,2022-11-04,MIL @ MIN,W,34,7,17,0.412,2,4,0.5,10,20,0.5,0,14,14,11,0,0,4,3,26,25,1,2022-23,Regular Season,203507,Giannis Antetokounmpo
22022,203507,0022200149,2022-11-07,MIL @ ATL,L,27,9,20,0.45,0,1,0.0,7,8,0.875,1,6,7,2,2,1,5,3,25,-22,1,2022-23,Regular Season,203507,Giannis Antetokounmpo
22022,203507,0022200204,2022-11-14,MIL vs. ATL,L,31,8,21,0.381,0,3,0.0,11,18,0.611,1,7,8,4,1,0,8,6,27,-13,1,2022-23,Regular Season,203507,Giannis Antetokounmpo
22022,203507,0022200216,2022-11-16,MIL vs. CLE,W,32,6,18,0.333,0,2,0.0,4,11,0.364,2,10,12,8,0,0,2,1,16,10,1,2022-23,Regular Season,203507,Giannis Antetokounmpo
22022,203507,0022200226,2022-11-18,MIL @ PHI,L,34,10,22,0.455,1,5,0.2,4,15,0.267,0,14,14,4,1,1,5,4,25,-12,1,2022-23,Regular Season,203507,Giannis Antetokounmpo
22022,203507,0022200251,2022-11-21,MIL vs. POR,W,35,16,24,0.667,0,1,0.0,5,12,0.417,2,5,7,6,2,0,1,3,37,19,1,2022-23,Regular Season,203507,Giannis Antetokounmpo
22022,203507,0022200267,2022-11-23,MIL vs. CHI,L,34,15,27,0.556,0,2,0.0,6,9,0.667,3,8,11,7,0,0,8,5,36,5,1,2022-23,Regular Season,203507,Giannis Antetokounmpo
22022,203507,0022200280,2022-11-25,MIL vs. CLE,W,31,13,20,0.65,2,3,0.667,10,14,0.714,3,6,9,6,0,2,3,3,38,15,1,2022-23,Regular Season,203507,Giannis Antetokounmpo
22022,203507,0022200298,2022-11-27,MIL vs. DAL,W,29,11,19,0.579,0,2,0.0,8,10,0.8,3,8,11,4,1,0,3,5,30,16,1,2022-23,Regular Season,203507,Giannis Antetokounmpo
22022,203507,0022200316,2022-11-30,MIL @ NYK,W,37,13,25,0.52,2,8,0.25,9,12,0.75,4,9,13,7,0,1,3,6,37,-5,1,2022-23,Regular Season,203507,Giannis Antetokounmpo
22022,203507,0022200331,2022-12-02,MIL vs. LAL,L,35,16,23,0.696,0,3,0.0,8,11,0.727,3,4,7,5,0,1,3,2,40,2,1,2022-23,Regular Season,203507,Giannis Antetokounmpo
22022,203507,0022200353,2022-12-05,MIL @ ORL,W,33,12,21,0.571,2,4,0.5,8,11,0.727,1,12,13,5,1,2,4,4,34,-4,1,2022-23,Regular Season,203507,Giannis Antetokounmpo
22022,203507,0022200369,2022-12-07,MIL vs. SAC,W,33,12,19,0.632,2,2,1.0,9,10,0.9,1,5,6,7,1,0,3,4,35,11,1,2022-23,Regular Season,203507,Giannis Antetokounmpo
22022,203507,0022200386,2022-12-09,MIL @ DAL,W,35,10,20,0.5,1,1,1.0,7,10,0.7,4,6,10,3,1,0,7,6,28,-2,1,2022-23,Regular Season,203507,Giannis Antetokounmpo
22022,203507,0022200401,2022-12-11,MIL @ HOU,L,37,7,17,0.412,0,2,0.0,2,6,0.333,1,17,18,4,1,2,3,5,16,-11,1,2022-23,Regular Season,203507,Giannis Antetokounmpo
22022,203507,0022200410,2022-12-13,MIL vs. GSW,W,30,9,26,0.346,1,6,0.167,11,17,0.647,3,9,12,5,1,1,4,4,30,17,1,2022-23,Regular Season,203507,Giannis Antetokounmpo
22022,203507,0022200425,2022-12-15,MIL @ MEM,L,26,5,13,0.385,1,3,0.333,8,13,0.615,1,5,6,5,1,0,1,2,19,-29,1,2022-23,Regular Season,203507,Giannis Antetokounmpo
22022,203507,0022200457,2022-12-19,MIL @ NOP,W,34,12,17,0.706,1,3,0.333,17,22,0.773,1,9,10,1,0,1,2,4,42,1,1,2022-23,Regular Season,203507,Giannis Antetokounmpo
22022,203507,0022200466,2022-12-21,MIL @ CLE,L,40,17,27,0.63,0,1,0.0,11,16,0.688,4,10,14,4,1,2,5,4,45,3,1,2022-23,Regular Season,203507,Giannis Antetokounmpo
22022,203507,0022200483,2022-12-23,MIL @ BKN,L,36,9,13,0.692,0,1,0.0,8,11,0.727,3,10,13,7,2,0,7,3,26,-20,1,2022-23,Regular Season,203507,Giannis Antetokounmpo
22022,203507,0022200495,2022-12-25,MIL @ BOS,L,35,9,22,0.409,1,5,0.2,8,12,0.667,1,8,9,3,0,0,3,3,27,-27,1,2022-23,Regular Season,203507,Giannis Antetokounmpo
22022,203507,0022200519,2022-12-28,MIL @ CHI,L,42,17,39,0.436,0,3,0.0,11,17,0.647,7,15,22,7,1,0,5,5,45,-10,1,2022-23,Regular Season,203507,Giannis Antetokounmpo
22022,203507,0022200533,2022-12-30,MIL vs. MIN,W,38,14,23,0.609,1,1,1.0,14,21,0.667,3,17,20,5,1,2,5,3,43,9,1,2022-23,Regular Season,203507,Giannis Antetokounmpo
22022,203507,0022200561,2023-01-03,MIL vs. WAS,W,37,20,33,0.606,0,3,0.0,15,16,0.938,2,8,10,7,2,0,5,3,55,25,1,2022-23,Regular Season,203507,Giannis Antetokounmpo
22022,203507,0022200569,2023-01-04,MIL @ TOR,W,40,7,18,0.389,1,3,0.333,15,21,0.714,2,19,21,10,0,1,12,4,30,20,1,2022-23,Regular Season,203507,Giannis Antetokounmpo
22022,203507,0022200583,2023-01-06,MIL vs. CHA,L,22,2,7,0.286,0,2,0.0,5,11,0.455,2,2,4,0,0,0,3,2,9,-21,1,2022-23,Regular Season,203507,Giannis Antetokounmpo
22022,203507,0022200607,2023-01-09,MIL @ NYK,W,36,6,15,0.4,1,3,0.333,9,12,0.75,4,6,10,5,0,2,4,2,22,9,1,2022-23,Regular Season,203507,Giannis Antetokounmpo
22022,203507,0022200620,2023-01-11,MIL @ ATL,W,35,3,10,0.3,0,0,0.0,1,4,0.25,2,16,18,10,0,1,1,5,7,15,1,2022-23,Regular Season,203507,Giannis Antetokounmpo
22022,203507,0022200706,2023-01-23,MIL @ DET,W,27,8,15,0.533,2,4,0.5,11,17,0.647,1,11,12,4,0,0,4,1,29,26,1,2022-23,Regular Season,203507,Giannis Antetokounmpo
22022,203507,0022200723,2023-01-25,MIL vs. DEN,W,31,9,15,0.6,0,0,0.0,15,22,0.682,3,11,14,4,3,0,9,4,33,10,1,2022-23,Regular Season,203507,Giannis Antetokounmpo
22022,203507,0022200736,2023-01-27,MIL @ IND,W,34,16,29,0.552,2,7,0.286,7,18,0.389,5,7,12,6,1,1,2,3,41,2,1,2022-23,Regular Season,203507,Giannis Antetokounmpo
22022,203507,0022200755,2023-01-29,MIL vs. NOP,W,30,20,26,0.769,3,4,0.75,7,12,0.583,3,10,13,4,0,0,3,5,50,16,1,2022-23,Regular Season,203507,Giannis Antetokounmpo
22022,203507,0022200767,2023-01-31,MIL vs. CHA,W,36,14,24,0.583,1,3,0.333,5,6,0.833,3,15,18,4,0,0,4,3,34,-7,1,2022-23,Regular Season,203507,Giannis Antetokounmpo
22022,203507,0022200784,2023-02-02,MIL vs. LAC,W,36,21,39,0.538,2,8,0.25,10,15,0.667,4,15,19,2,0,0,3,2,54,10,1,2022-23,Regular Season,203507,Giannis Antetokounmpo
22022,203507,0022200797,2023-02-04,MIL vs. MIA,W,36,13,19,0.684,0,2,0.0,9,16,0.563,1,14,15,11,1,1,3,2,35,19,1,2022-23,Regular Season,203507,Giannis Antetokounmpo
22022,203507,0022200815,2023-02-06,MIL @ POR,W,23,9,14,0.643,0,1,0.0,6,8,0.75,4,9,13,8,0,0,6,5,24,17,1,2022-23,Regular Season,203507,Giannis Antetokounmpo
22022,203507,0022200834,2023-02-09,MIL @ LAL,W,36,14,23,0.609,1,4,0.25,9,13,0.692,2,8,10,6,1,1,2,3,38,8,1,2022-23,Regular Season,203507,Giannis Antetokounmpo
22022,203507,0022200845,2023-02-10,MIL @ LAC,W,30,13,25,0.52,1,2,0.5,8,11,0.727,1,7,8,6,2,0,2,2,35,20,1,2022-23,Regular Season,203507,Giannis Antetokounmpo
22022,203507,0022200869,2023-02-14,MIL vs. BOS,W,46,12,26,0.462,1,3,0.333,11,19,0.579,1,12,13,9,0,2,8,4,36,14,1,2022-23,Regular Season,203507,Giannis Antetokounmpo
22022,203507,0022200883,2023-02-16,MIL @ CHI,W,9,1,4,0.25,0,1,0.0,0,0,0.0,1,6,7,3,0,0,1,1,2,9,1,2022-23,Regular Season,203507,Giannis Antetokounmpo
22022,203507,0022200897,2023-02-24,MIL vs. MIA,W,6,2,4,0.5,0,0,0.0,0,0,0.0,0,4,4,4,0,0,0,0,4,5,1,2022-23,Regular Season,203507,Giannis Antetokounmpo
22022,203507,0022200924,2023-02-28,MIL @ BKN,W,28,15,27,0.556,1,2,0.5,2,6,0.333,3,12,15,4,1,0,5,4,33,11,1,2022-23,Regular Season,203507,Giannis Antetokounmpo
22022,203507,0022200939,2023-03-01,MIL vs. ORL,W,28,10,14,0.714,3,4,0.75,8,10,0.8,0,7,7,6,0,1,3,1,31,19,1,2022-23,Regular Season,203507,Giannis Antetokounmpo
22022,203507,0022200960,2023-03-04,MIL vs. PHI,L,35,9,21,0.429,0,3,0.0,16,18,0.889,4,9,13,4,1,1,7,5,34,-13,1,2022-23,Regular Season,203507,Giannis Antetokounmpo
22022,203507,0022200973,2023-03-05,MIL @ WAS,W,36,6,11,0.545,0,0,0.0,11,15,0.733,1,8,9,13,0,3,3,1,23,15,1,2022-23,Regular Season,203507,Giannis Antetokounmpo
22022,203507,0022201026,2023-03-13,MIL @ SAC,W,34,19,28,0.679,2,2,1.0,6,7,0.857,1,11,12,4,1,0,5,2,46,15,1,2022-23,Regular Season,203507,Giannis Antetokounmpo
22022,203507,0022201033,2023-03-14,MIL @ PHX,W,35,11,23,0.478,0,3,0.0,14,24,0.583,4,7,11,8,1,1,3,1,36,11,1,2022-23,Regular Season,203507,Giannis Antetokounmpo
22022,203507,0022201045,2023-03-16,MIL vs. IND,L,27,10,17,0.588,0,0,0.0,5,10,0.5,3,6,9,5,1,0,3,5,25,-10,1,2022-23,Regular Season,203507,Giannis Antetokounmpo
22022,203507,0022201068,2023-03-19,MIL vs. TOR,W,36,9,9,1.0,1,1,1.0,3,7,0.429,1,11,12,10,0,2,3,1,22,-10,1,2022-23,Regular Season,203507,Giannis Antetokounmpo
22022,203507,0022201089,2023-03-22,MIL vs. SAS,W,24,14,23,0.609,1,4,0.25,2,5,0.4,3,11,14,2,0,1,2,2,31,16,1,2022-23,Regular Season,203507,Giannis Antetokounmpo
22022,203507,0022201102,2023-03-24,MIL @ UTA,W,25,10,13,0.769,1,2,0.5,3,6,0.5,1,5,6,11,2,0,4,3,24,32,1,2022-23,Regular Season,203507,Giannis Antetokounmpo
22022,203507,0022201109,2023-03-25,MIL @ DEN,L,32,13,22,0.591,0,3,0.0,5,7,0.714,1,8,9,4,4,0,4,2,31,-15,1,2022-23,Regular Season,203507,Giannis Antetokounmpo
22022,203507,0022201136,2023-03-29,MIL @ IND,W,32,14,18,0.778,0,0,0.0,10,14,0.714,3,14,17,12,1,0,5,1,38,20,1,2022-23,Regular Season,203507,Giannis Antetokounmpo
22022,203507,0022201146,2023-03-30,MIL vs. BOS,L,25,11,27,0.407,0,5,0.0,2,3,0.667,1,6,7,2,1,1,0,2,24,-32,1,2022-23,Regular Season,203507,Giannis Antetokounmpo
22022,203507,0022201174,2023-04-02,MIL vs. PHI,W,32,13,17,0.765,0,1,0.0,7,13,0.538,2,12,14,6,1,3,4,5,33,21,1,2022-23,Regular Season,203507,Giannis Antetokounmpo
22022,203507,0022201179,2023-04-04,MIL @ WAS,W,33,9,16,0.563,0,0,0.0,10,17,0.588,0,11,11,10,2,1,8,3,28,18,1,2022-23,Regular Season,203507,Giannis Antetokounmpo
42022,203507,0042200101,2023-04-16,MIL vs. MIA,L,11,2,4,0.5,0,0,0.0,2,4,0.5,1,2,3,0,0,0,1,2,6,-9,1,2022-23,Playoffs,203507,Giannis Antetokounmpo
42022,203507,0042200104,2023-04-24,MIL @ MIA,L,38,12,22,0.545,0,1,0.0,2,4,0.5,3,7,10,13,1,2,6,3,26,1,1,2022-23,Playoffs,203507,Giannis Antetokounmpo
42022,203507,0042200105,2023-04-26,MIL vs. MIA,L,42,14,27,0.519,0,2,0.0,10,23,0.435,4,16,20,3,0,0,7,4,38,-8,1,2022-23,Playoffs,203507,Giannis Antetokounmpo
22022,1629029,0022200013,2022-10-19,DAL @ PHX,L,37,10,23,0.435,2,10,0.2,13,13,1.0,0,9,9,6,1,0,4,3,35,-16,1,2022-23,Regular Season,1629029,Luka Dončić
22022,1629029,0022200034,2022-10-22,DAL vs. MEM,W,30,12,23,0.522,4,9,0.444,4,5,0.8,2,5,7,10,2,2,3,2,32,31,1,2022-23,Regular Season,1629029,Luka Dončić
22022,1629029,0022200053,2022-10-25,DAL @ NOP,L,36,16,30,0.533,2,13,0.154,3,5,0.6,3,8,11,7,2,1,3,3,37,6,1,2022-23,Regular Season,1629029,Luka Dončić
22022,1629029,0022200066,2022-10-27,DAL @ BKN,W,41,14,28,0.5,2,6,0.333,11,13,0.846,1,10,11,14,3,0,5,2,41,20,1,2022-23,Regular Season,1629029,Luka Dončić
22022,1629029,0022200086,2022-10-29,DAL vs. OKC,L,40,8,23,0.348,0,6,0.0,15,19,0.789,2,14,16,10,1,0,3,6,31,-25,1,2022-23,Regular Season,1629029,Luka Dončić
22022,1629029,0022200093,2022-10-30,DAL vs. ORL,W,37,17,26,0.654,2,9,0.222,8,14,0.571,0,3,3,5,1,0,0,3,44,13,1,2022-23,Regular Season,1629029,Luka Dončić
22022,1629029,0022200115,2022-11-02,DAL vs. UTA,W,35,12,20,0.6,2,6,0.333,7,10,0.7,0,5,5,11,2,0,5,3,33,-3,1,2022-23,Regular Season,1629029,Luka Dončić
22022,1629029,0022200127,2022-11-04,DAL vs. TOR,W,37,10,15,0.667,3,6,0.5,12,14,0.857,1,7,8,6,3,1,4,4,35,8,1,2022-23,Regular Season,1629029,Luka Dončić
22022,1629029,0022200155,2022-11-07,DAL vs. BKN,W,38,11,22,0.5,5,9,0.556,9,12,0.75,0,6,6,6,2,1,5,5,36,1,1,2022-23,Regular Season,1629029,Luka Dončić
22022,1629029,0022200161,2022-11-09,DAL @ ORL,L,35,9,29,0.31,2,11,0.182,4,7,0.571,0,6,6,6,3,2,0,3,24,-3,1,2022-23,Regular Season,1629029,Luka Dončić
22022,1629029,0022200172,2022-11-10,DAL @ WAS,L,39,8,21,0.381,3,8,0.375,3,9,0.333,0,9,9,6,2,0,5,2,22,-6,1,2022-23,Regular Season,1629029,Luka Dončić
22022,1629029,0022200190,2022-11-12,DAL vs. POR,W,38,13,22,0.591,1,5,0.2,15,18,0.833,3,10,13,10,2,1,2,3,42,6,1,2022-23,Regular Season,1629029,Luka Dončić
22022,1629029,0022200207,2022-11-15,DAL vs. LAC,W,40,11,22,0.5,2,5,0.4,11,11,1.0,2,9,11,5,3,0,3,3,35,4,1,2022-23,Regular Season,1629029,Luka Dončić
22022,1629029,0022200230,2022-11-18,DAL vs. DEN,W,35,11,22,0.5,2,7,0.286,9,11,0.818,1,11,12,11,1,0,2,1,33,25,1,2022-23,Regular Season,1629029,Luka Dončić
22022,1629029,0022200246,2022-11-20,DAL vs. DEN,L,36,7,16,0.438,2,8,0.25,6,10,0.6,0,9,9,8,1,0,4,2,22,1,1,2022-23,Regular Season,1629029,Luka Dončić
22022,1629029,0022200264,2022-11-23,DAL @ BOS,L,40,17,28,0.607,3,8,0.375,5,9,0.556,1,7,8,9,0,0,5,4,42,-13,1,2022-23,Regular Season,1629029,Luka Dončić
22022,1629029,0022200286,2022-11-26,DAL @ TOR,L,43,8,15,0.533,2,4,0.5,6,9,0.667,0,7,7,9,2,1,4,2,24,2,1,2022-23,Regular Season,1629029,Luka Dončić
22022,1629029,0022200298,2022-11-27,DAL @ MIL,L,35,10,20,0.5,3,7,0.429,4,9,0.444,0,5,5,12,0,0,6,2,27,-10,1,2022-23,Regular Season,1629029,Luka Dončić
22022,1629029,0022200310,2022-11-29,DAL vs. GSW,W,39,14,27,0.519,4,9,0.444,9,15,0.6,2,10,12,12,4,1,5,3,41,22,1,2022-23,Regular Season,1629029,Luka Dončić
22022,1629029,0022200325,2022-12-01,DAL @ DET,L,41,13,25,0.52,7,14,0.5,2,6,0.333,0,5,5,10,3,0,3,3,35,-13,1,2022-23,Regular Season,1629029,Luka Dončić
22022,1629029,0022200337,2022-12-03,DAL @ NYK,W,29,11,21,0.524,4,9,0.444,4,4,1.0,0,8,8,7,1,3,5,2,30,13,1,2022-23,Regular Season,1629029,Luka Dončić
22022,1629029,0022200358,2022-12-05,DAL vs. PHX,W,29,12,20,0.6,4,9,0.444,5,7,0.714,1,5,6,8,1,2,3,3,33,20,1,2022-23,Regular Season,1629029,Luka Dončić
22022,1629029,0022200362,2022-12-06,DAL @ DEN,W,37,5,17,0.294,4,9,0.444,8,9,0.889,0,10,10,12,0,1,5,2,22,7,1,2022-23,Regular Season,1629029,Luka Dončić
22022,1629029,0022200386,2022-12-09,DAL vs. MIL,L,37,13,28,0.464,3,11,0.273,4,10,0.4,1,5,6,11,2,0,1,2,33,6,1,2022-23,Regular Season,1629029,Luka Dončić
22022,1629029,0022200405,2022-12-12,DAL vs. OKC,W,37,13,27,0.481,3,10,0.3,9,10,0.9,0,11,11,8,0,0,4,3,38,1,1,2022-23,Regular Season,1629029,Luka Dončić
22022,1629029,0022200421,2022-12-14,DAL vs. CLE,L,39,9,23,0.391,2,8,0.25,10,11,0.909,2,3,5,6,1,1,5,4,30,-21,1,2022-23,Regular Season,1629029,Luka Dončić
22022,1629029,0022200436,2022-12-16,DAL vs. POR,W,29,11,18,0.611,5,9,0.556,6,7,0.857,0,6,6,9,0,0,4,3,33,16,1,2022-23,Regular Season,1629029,Luka Dončić
22022,1629029,0022200456,2022-12-19,DAL @ MIN,L,28,5,17,0.294,3,8,0.375,6,7,0.857,1,5,6,7,1,0,4,2,19,-14,1,2022-23,Regular Season,1629029,Luka Dončić
22022,1629029,0022200473,2022-12-21,DAL @ MIN,W,37,8,16,0.5,1,5,0.2,8,9,0.889,1,8,9,10,3,0,4,1,25,7,1,2022-23,Regular Season,1629029,Luka Dončić
22022,1629029,0022200487,2022-12-23,DAL @ HOU,W,42,17,30,0.567,6,12,0.5,10,12,0.833,0,8,8,10,3,0,7,3,50,0,1,2022-23,Regular Season,1629029,Luka Dončić
22022,1629029,0022200494,2022-12-25,DAL vs. LAL,W,39,9,16,0.563,2,3,0.667,12,16,0.75,3,6,9,9,2,0,3,5,32,24,1,2022-23,Regular Season,1629029,Luka Dončić
22022,1629029,0022200512,2022-12-27,DAL vs. NYK,W,47,21,31,0.677,2,6,0.333,16,22,0.727,5,16,21,10,2,1,4,5,60,7,1,2022-23,Regular Season,1629029,Luka Dončić
22022,1629029,0022200528,2022-12-29,DAL vs. HOU,W,34,11,21,0.524,4,9,0.444,9,12,0.75,1,11,12,13,1,2,2,1,35,19,1,2022-23,Regular Season,1629029,Luka Dončić
22022,1629029,0022200542,2022-12-31,DAL @ SAS,W,37,18,29,0.621,6,10,0.6,9,15,0.6,1,5,6,9,4,1,0,3,51,7,1,2022-23,Regular Season,1629029,Luka Dončić
22022,1629029,0022200556,2023-01-02,DAL @ HOU,W,41,10,26,0.385,1,9,0.111,18,22,0.818,2,10,12,8,1,0,4,2,39,9,1,2022-23,Regular Season,1629029,Luka Dončić
22022,1629029,0022200577,2023-01-05,DAL vs. BOS,L,31,7,23,0.304,0,6,0.0,9,11,0.818,0,9,9,3,0,0,4,4,23,-20,1,2022-23,Regular Season,1629029,Luka Dončić
22022,1629029,0022200593,2023-01-07,DAL vs. NOP,W,39,10,23,0.435,3,6,0.5,11,15,0.733,0,10,10,10,0,1,7,4,34,7,1,2022-23,Regular Season,1629029,Luka Dončić
22022,1629029,0022200617,2023-01-10,DAL @ LAC,L,43,12,22,0.545,3,9,0.333,16,21,0.762,0,11,11,7,2,0,3,2,43,-9,1,2022-23,Regular Season,1629029,Luka Dončić
22022,1629029,0022200630,2023-01-12,DAL @ LAL,W,53,14,28,0.5,4,9,0.444,3,7,0.429,2,12,14,13,1,1,5,5,35,10,1,2022-23,Regular Season,1629029,Luka Dončić
22022,1629029,0022200647,2023-01-14,DAL @ POR,L,36,7,19,0.368,0,5,0.0,1,6,0.167,0,6,6,10,1,1,1,2,15,-17,1,2022-23,Regular Season,1629029,Luka Dončić
22022,1629029,0022200670,2023-01-18,DAL vs. ATL,L,39,9,19,0.474,2,8,0.25,10,12,0.833,0,4,4,8,0,0,7,3,30,-5,1,2022-23,Regular Season,1629029,Luka Dončić
22022,1629029,0022200686,2023-01-20,DAL vs. MIA,W,38,12,24,0.5,5,8,0.625,5,8,0.625,1,11,12,7,1,0,3,0,34,29,1,2022-23,Regular Season,1629029,Luka Dončić
22022,1629029,0022200701,2023-01-22,DAL vs. LAC,L,39,9,21,0.429,3,7,0.429,8,13,0.615,3,7,10,4,1,0,4,3,29,-23,1,2022-23,Regular Season,1629029,Luka Dončić
22022,1629029,0022200717,2023-01-24,DAL vs. WAS,L,38,16,29,0.552,0,4,0.0,9,12,0.75,0,15,15,6,1,0,3,3,41,-2,1,2022-23,Regular Season,1629029,Luka Dončić
22022,1629029,0022200734,2023-01-26,DAL @ PHX,W,3,0,2,0.0,0,1,0.0,0,0,0.0,0,1,1,0,0,0,0,0,0,-4,1,2022-23,Regular Season,1629029,Luka Dončić
22022,1629029,0022200761,2023-01-30,DAL vs. DET,W,36,17,24,0.708,5,11,0.455,14,18,0.778,0,8,8,5,2,0,4,2,53,8,1,2022-23,Regular Season,1629029,Luka Dončić
22022,1629029,0022200782,2023-02-02,DAL vs. NOP,W,23,12,19,0.632,2,7,0.286,5,8,0.625,0,8,8,4,2,0,4,2,31,17,1,2022-23,Regular Season,1629029,Luka Dončić
22022,1629029,0022200854,2023-02-11,DAL @ SAC,L,41,11,20,0.55,2,9,0.222,3,5,0.6,1,8,9,5,0,0,6,0,27,2,1,2022-23,Regular Season,1629029,Luka Dončić
22022,1629029,0022200865,2023-02-13,DAL vs. MIN,L,36,10,20,0.5,2,7,0.286,11,15,0.733,1,11,12,6,1,0,4,3,33,-12,1,2022-23,Regular Season,1629029,Luka Dončić
22022,1629029,0022200881,2023-02-15,DAL @ DEN,L,35,12,22,0.545,3,8,0.375,10,12,0.833,1,3,4,9,4,0,2,1,37,-12,1,2022-23,Regular Season,1629029,Luka Dončić
22022,1629029,0022200891,2023-02-23,DAL vs. SAS,W,30,8,16,0.5,1,6,0.167,11,12,0.917,0,7,7,10,2,2,1,0,28,8,1,2022-23,Regular Season,1629029,Luka Dončić
22022,1629029,0022200913,2023-02-26,DAL vs. LAL,L,36,10,22,0.455,4,8,0.5,2,4,0.5,0,9,9,5,1,0,6,3,26,-8,1,2022-23,Regular Season,1629029,Luka Dončić
22022,1629029,0022200929,2023-02-28,DAL vs. IND,L,38,14,25,0.56,3,9,0.333,8,12,0.667,1,7,8,6,0,1,2,3,39,-2,1,2022-23,Regular Season,1629029,Luka Dončić
22022,1629029,0022200943,2023-03-02,DAL vs. PHI,W,40,13,22,0.591,7,13,0.538,9,11,0.818,1,3,4,12,1,0,5,2,42,20,1,2022-23,Regular Season,1629029,Luka Dončić
22022,1629029,0022200962,2023-03-05,DAL vs. PHX,L,35,8,23,0.348,1,9,0.111,17,19,0.895,0,9,9,4,0,0,5,4,34,-11,1,2022-23,Regular Season,1629029,Luka Dončić
22022,1629029,0022200983,2023-03-07,DAL vs. UTA,W,34,10,23,0.435,4,11,0.364,5,8,0.625,1,9,10,6,2,1,6,2,29,2,1,2022-23,Regular Season,1629029,Luka Dončić
22022,1629029,0022200988,2023-03-08,DAL @ NOP,L,28,4,14,0.286,1,5,0.2,6,8,0.75,0,3,3,8,1,0,1,0,15,-4,1,2022-23,Regular Season,1629029,Luka Dončić
22022,1629029,0022201086,2023-03-22,DAL vs. GSW,L,41,11,27,0.407,2,10,0.2,6,10,0.6,1,6,7,17,1,0,5,3,30,2,1,2022-23,Regular Season,1629029,Luka Dončić
22022,1629029,0022201101,2023-03-24,DAL vs. CHA,L,37,12,23,0.522,2,9,0.222,8,10,0.8,0,10,10,8,0,1,5,0,34,-1,1,2022-23,Regular Season,1629029,Luka Dončić
22022,1629029,0022201113,2023-03-26,DAL @ CHA,L,40,12,29,0.414,7,16,0.438,9,10,0.9,1,11,12,8,2,2,4,2,40,-11,1,2022-23,Regular Season,1629029,Luka Dončić
22022,1629029,0022201123,2023-03-27,DAL @ IND,W,28,8,17,0.471,4,10,0.4,5,5,1.0,2,5,7,6,1,0,0,0,25,9,1,2022-23,Regular Season,1629029,Luka Dončić
22022,1629029,0022201139,2023-03-29,DAL @ PHI,L,37,9,20,0.45,4,9,0.444,2,2,1.0,1,9,10,8,0,1,4,3,24,-7,1,2022-23,Regular Season,1629029,Luka Dončić
22022,1629029,0022201161,2023-04-01,DAL @ MIA,L,45,17,25,0.68,2,6,0.333,6,7,0.857,0,10,10,8,2,0,3,4,42,-6,1,2022-23,Regular Season,1629029,Luka Dončić
22022,1629029,0022201167,2023-04-02,DAL @ ATL,L,44,8,21,0.381,3,12,0.25,3,4,0.75,0,7,7,7,0,1,5,2,22,-1,1,2022-23,Regular Season,1629029,Luka Dončić
22022,1629029,0022201195,2023-04-05,DAL vs. SAC,W,39,9,19,0.474,3,11,0.273,8,10,0.8,1,9,10,6,1,0,1,3,29,12,1,2022-23,Regular Season,1629029,Luka Dončić
22022,1629029,0022201210,2023-04-07,DAL vs. CHI,L,13,4,11,0.364,0,5,0.0,5,7,0.714,0,5,5,3,0,0,0,1,13,5,1,2022-23,Regular Season,1629029,Luka Dončić
22022,1628369,0022200001,2022-10-18,BOS vs. PHI,W,39,13,20,0.65,2,7,0.286,7,9,0.778,0,12,12,4,1,1,3,1,35,10,1,2022-23,Regular Season,1628369,Jayson Tatum
22022,1628369,0022200022,2022-10-21,BOS @ MIA,W,37,10,22,0.455,2,7,0.286,7,7,1.0,2,3,5,4,1,2,2,1,29,-1,1,2022-23,Regular Season,1628369,Jayson Tatum
22022,1628369,0022200030,2022-10-22,BOS @ ORL,W,38,14,21,0.667,4,10,0.4,8,9,0.889,0,8,8,1,1,2,1,2,40,6,1,2022-23,Regular Season,1628369,Jayson Tatum
22022,1628369,0022200047,2022-10-24,BOS @ CHI,L,35,8,18,0.444,4,8,0.5,6,6,1.0,0,8,8,5,0,0,1,2,26,-8,1,2022-23,Regular Season,1628369,Jayson Tatum
22022,1628369,0022200072,2022-10-28,BOS vs. CLE,L,42,11,19,0.579,3,7,0.429,7,8,0.875,1,6,7,4,1,1,4,4,32,-10,1,2022-23,Regular Season,1628369,Jayson Tatum
22022,1628369,0022200089,2022-10-30,BOS vs. WAS,W,27,8,15,0.533,5,10,0.5,2,2,1.0,0,4,4,3,1,0,4,0,23,10,1,2022-23,Regular Season,1628369,Jayson Tatum
22022,1628369,0022200107,2022-11-02,BOS @ CLE,L,43,8,21,0.381,2,9,0.222,8,8,1.0,3,9,12,6,1,4,6,0,26,-16,1,2022-23,Regular Season,1628369,Jayson Tatum
22022,1628369,0022200124,2022-11-04,BOS vs. CHI,W,40,8,23,0.348,3,10,0.3,17,20,0.85,2,10,12,6,1,1,1,4,36,11,1,2022-23,Regular Season,1628369,Jayson Tatum
22022,1628369,0022200135,2022-11-05,BOS @ NYK,W,37,8,17,0.471,6,13,0.462,4,4,1.0,0,4,4,5,1,2,3,3,26,2,1,2022-23,Regular Season,1628369,Jayson Tatum
22022,1628369,0022200152,2022-11-07,BOS @ MEM,W,40,12,25,0.48,3,11,0.273,12,16,0.75,0,3,3,2,0,2,2,2,39,15,1,2022-23,Regular Season,1628369,Jayson Tatum
22022,1628369,0022200163,2022-11-09,BOS vs. DET,W,32,10,20,0.5,5,11,0.455,6,7,0.857,0,1,1,5,1,1,1,4,31,16,1,2022-23,Regular Season,1628369,Jayson Tatum
22022,1628369,0022200176,2022-11-11,BOS vs. DEN,W,37,11,21,0.524,2,7,0.286,10,11,0.909,0,8,8,5,0,0,1,4,34,18,1,2022-23,Regular Season,1628369,Jayson Tatum
22022,1628369,0022200186,2022-11-12,BOS @ DET,W,41,14,28,0.5,7,14,0.5,8,10,0.8,2,8,10,3,1,1,3,2,43,7,1,2022-23,Regular Season,1628369,Jayson Tatum
22022,1628369,0022200201,2022-11-14,BOS vs. OKC,W,38,9,23,0.391,1,9,0.111,8,10,0.8,1,9,10,1,3,3,1,2,27,2,1,2022-23,Regular Season,1628369,Jayson Tatum
22022,1628369,0022200214,2022-11-16,BOS @ ATL,W,33,6,19,0.316,3,10,0.3,4,4,1.0,1,6,7,8,1,1,2,1,19,28,1,2022-23,Regular Season,1628369,Jayson Tatum
22022,1628369,0022200231,2022-11-18,BOS @ NOP,W,39,6,18,0.333,2,10,0.2,5,6,0.833,0,7,7,10,0,0,3,1,19,11,1,2022-23,Regular Season,1628369,Jayson Tatum
22022,1628369,0022200250,2022-11-21,BOS @ CHI,L,36,9,19,0.474,4,10,0.4,6,7,0.857,2,9,11,7,0,0,4,1,28,-13,1,2022-23,Regular Season,1628369,Jayson Tatum
22022,1628369,0022200264,2022-11-23,BOS vs. DAL,W,37,11,24,0.458,2,7,0.286,13,15,0.867,3,10,13,5,0,2,2,1,37,14,1,2022-23,Regular Season,1628369,Jayson Tatum
22022,1628369,0022200275,2022-11-25,BOS vs. SAC,W,31,10,17,0.588,2,6,0.333,8,9,0.889,1,7,8,4,1,0,3,4,30,12,1,2022-23,Regular Season,1628369,Jayson Tatum
22022,1628369,0022200301,2022-11-28,BOS vs. CHA,W,30,15,28,0.536,4,14,0.286,1,1,1.0,0,3,3,3,2,1,0,3,35,45,1,2022-23,Regular Season,1628369,Jayson Tatum
22022,1628369,0022200314,2022-11-30,BOS vs. MIA,W,39,15,25,0.6,8,12,0.667,11,12,0.917,1,10,11,3,2,0,1,3,49,29,1,2022-23,Regular Season,1628369,Jayson Tatum
22022,1628369,0022200328,2022-12-02,BOS vs. MIA,L,41,5,18,0.278,0,7,0.0,4,6,0.667,3,9,12,3,0,0,5,4,14,0,1,2022-23,Regular Season,1628369,Jayson Tatum
22022,1628369,0022200346,2022-12-04,BOS @ BKN,W,37,10,19,0.526,3,6,0.5,6,6,1.0,2,9,11,1,4,0,9,3,29,12,1,2022-23,Regular Season,1628369,Jayson Tatum
22022,1628369,0022200355,2022-12-05,BOS @ TOR,W,39,11,24,0.458,5,10,0.5,4,5,0.8,3,9,12,3,1,1,4,2,31,9,1,2022-23,Regular Season,1628369,Jayson Tatum
22022,1628369,0022200373,2022-12-07,BOS @ PHX,W,29,9,19,0.474,3,8,0.375,4,6,0.667,0,5,5,2,2,0,3,2,25,26,1,2022-23,Regular Season,1628369,Jayson Tatum
22022,1628369,0022200392,2022-12-10,BOS @ GSW,L,40,6,21,0.286,2,9,0.222,4,7,0.571,1,6,7,2,3,1,2,2,18,-13,1,2022-23,Regular Season,1628369,Jayson Tatum
22022,1628369,0022200408,2022-12-12,BOS @ LAC,L,37,7,20,0.35,2,8,0.25,4,4,1.0,2,9,11,4,1,0,3,3,20,-18,1,2022-23,Regular Season,1628369,Jayson Tatum
22022,1628369,0022200413,2022-12-13,BOS @ LAL,W,44,15,29,0.517,5,10,0.5,9,10,0.9,1,8,9,6,0,1,4,1,44,12,1,2022-23,Regular Season,1628369,Jayson Tatum
22022,1628369,0022200430,2022-12-16,BOS vs. ORL,L,38,9,20,0.45,2,8,0.25,11,12,0.917,3,4,7,3,2,0,2,1,31,-10,1,2022-23,Regular Season,1628369,Jayson Tatum
22022,1628369,0022200469,2022-12-21,BOS vs. IND,L,41,13,25,0.52,4,11,0.364,11,13,0.846,1,4,5,4,2,1,2,0,41,4,1,2022-23,Regular Season,1628369,Jayson Tatum
22022,1628369,0022200482,2022-12-23,BOS vs. MIN,W,35,10,22,0.455,1,6,0.167,9,11,0.818,2,6,8,5,1,0,3,3,30,11,1,2022-23,Regular Season,1628369,Jayson Tatum
22022,1628369,0022200495,2022-12-25,BOS vs. MIL,W,36,14,22,0.636,3,7,0.429,10,10,1.0,0,7,7,5,3,0,1,3,41,18,1,2022-23,Regular Season,1628369,Jayson Tatum
22022,1628369,0022200507,2022-12-27,BOS vs. HOU,W,34,12,25,0.48,6,16,0.375,8,8,1.0,0,8,8,4,1,1,2,2,38,12,1,2022-23,Regular Season,1628369,Jayson Tatum
22022,1628369,0022200525,2022-12-29,BOS vs. LAC,W,36,10,26,0.385,3,11,0.273,6,10,0.6,1,10,11,1,0,1,2,2,29,-5,1,2022-23,Regular Season,1628369,Jayson Tatum
22022,1628369,0022200549,2023-01-01,BOS @ DEN,L,36,7,16,0.438,0,4,0.0,11,14,0.786,0,7,7,6,2,0,5,1,25,-15,1,2022-23,Regular Season,1628369,Jayson Tatum
22022,1628369,0022200562,2023-01-03,BOS @ OKC,L,30,9,17,0.529,2,7,0.286,7,7,1.0,1,5,6,2,0,0,4,2,27,-25,1,2022-23,Regular Season,1628369,Jayson Tatum
22022,1628369,0022200577,2023-01-05,BOS @ DAL,W,35,8,22,0.364,2,8,0.25,11,12,0.917,2,12,14,10,1,2,2,2,29,15,1,2022-23,Regular Season,1628369,Jayson Tatum
22022,1628369,0022200591,2023-01-07,BOS @ SAS,W,36,13,26,0.5,5,10,0.5,3,5,0.6,0,4,4,2,0,0,2,3,34,2,1,2022-23,Regular Season,1628369,Jayson Tatum
22022,1628369,0022200606,2023-01-09,BOS vs. CHI,W,38,10,21,0.476,4,11,0.364,8,8,1.0,0,8,8,7,1,0,1,2,32,14,1,2022-23,Regular Season,1628369,Jayson Tatum
22022,1628369,0022200621,2023-01-11,BOS vs. NOP,W,36,10,22,0.455,3,8,0.375,8,10,0.8,2,8,10,4,1,0,0,2,31,12,1,2022-23,Regular Season,1628369,Jayson Tatum
22022,1628369,0022200627,2023-01-12,BOS @ BKN,W,38,7,22,0.318,2,10,0.2,4,4,1.0,0,11,11,5,0,1,3,3,20,2,1,2022-23,Regular Season,1628369,Jayson Tatum
22022,1628369,0022200642,2023-01-14,BOS @ CHA,W,37,12,27,0.444,4,14,0.286,5,5,1.0,3,6,9,6,0,1,1,0,33,26,1,2022-23,Regular Season,1628369,Jayson Tatum
22022,1628369,0022200656,2023-01-16,BOS @ CHA,W,40,15,23,0.652,7,12,0.583,14,14,1.0,1,8,9,5,0,0,4,3,51,15,1,2022-23,Regular Season,1628369,Jayson Tatum
22022,1628369,0022200679,2023-01-19,BOS vs. GSW,W,48,9,27,0.333,4,13,0.308,12,12,1.0,2,17,19,6,3,0,7,2,34,7,1,2022-23,Regular Season,1628369,Jayson Tatum
22022,1628369,0022200707,2023-01-23,BOS @ ORL,L,38,9,19,0.474,4,10,0.4,4,6,0.667,0,6,6,7,1,0,3,2,26,6,1,2022-23,Regular Season,1628369,Jayson Tatum
22022,1628369,0022200714,2023-01-24,BOS @ MIA,L,40,9,18,0.5,2,5,0.4,11,14,0.786,0,14,14,7,0,0,7,4,31,-3,1,2022-23,Regular Season,1628369,Jayson Tatum
22022,1628369,0022200730,2023-01-26,BOS vs. NYK,L,43,12,26,0.462,2,7,0.286,9,9,1.0,2,12,14,4,1,1,3,3,35,6,1,2022-23,Regular Season,1628369,Jayson Tatum
22022,1628369,0022200749,2023-01-28,BOS vs. LAL,W,47,8,25,0.32,3,10,0.3,11,12,0.917,2,9,11,4,2,1,6,3,30,2,1,2022-23,Regular Season,1628369,Jayson Tatum
22022,1628369,0022200772,2023-02-01,BOS vs. BKN,W,29,12,19,0.632,7,12,0.583,0,0,0.0,1,8,9,4,2,1,1,1,31,46,1,2022-23,Regular Season,1628369,Jayson Tatum
22022,1628369,0022200788,2023-02-03,BOS vs. PHX,L,38,3,15,0.2,3,10,0.3,11,12,0.917,0,6,6,5,0,0,2,3,20,1,1,2022-23,Regular Season,1628369,Jayson Tatum
22022,1628369,0022200808,2023-02-06,BOS @ DET,W,39,11,24,0.458,3,9,0.333,9,10,0.9,2,9,11,6,0,1,3,4,34,16,1,2022-23,Regular Season,1628369,Jayson Tatum
22022,1628369,0022200824,2023-02-08,BOS vs. PHI,W,37,5,15,0.333,1,5,0.2,1,3,0.333,1,7,8,9,1,1,4,2,12,5,1,2022-23,Regular Season,1628369,Jayson Tatum
22022,1628369,0022200838,2023-02-10,BOS vs. CHA,W,37,13,21,0.619,5,10,0.5,10,12,0.833,0,4,4,4,1,2,4,2,41,2,1,2022-23,Regular Season,1628369,Jayson Tatum
22022,1628369,0022200855,2023-02-12,BOS vs. MEM,W,38,3,16,0.188,1,8,0.125,9,12,0.75,0,7,7,3,2,2,3,0,16,7,1,2022-23,Regular Season,1628369,Jayson Tatum
22022,1628369,0022200877,2023-02-15,BOS vs. DET,W,34,15,24,0.625,6,10,0.6,2,2,1.0,0,9,9,7,0,0,4,3,38,1,1,2022-23,Regular Season,1628369,Jayson Tatum
22022,1628369,0022200887,2023-02-23,BOS @ IND,W,42,9,25,0.36,3,12,0.25,10,11,0.909,3,9,12,7,2,1,4,1,31,-8,1,2022-23,Regular Season,1628369,Jayson Tatum
22022,1628369,0022200908,2023-02-25,BOS @ PHI,W,36,7,17,0.412,3,8,0.375,1,2,0.5,3,10,13,6,0,1,5,1,18,-6,1,2022-23,Regular Season,1628369,Jayson Tatum
22022,1628369,0022200921,2023-02-27,BOS @ NYK,L,37,6,18,0.333,1,9,0.111,1,1,1.0,2,5,7,9,1,0,4,1,14,-18,1,2022-23,Regular Season,1628369,Jayson Tatum
22022,1628369,0022200935,2023-03-01,BOS vs. CLE,W,36,13,21,0.619,4,6,0.667,11,14,0.786,2,9,11,8,0,0,3,1,41,4,1,2022-23,Regular Season,1628369,Jayson Tatum
22022,1628369,0022200948,2023-03-03,BOS vs. BKN,L,38,10,23,0.435,0,7,0.0,2,2,1.0,1,12,13,5,1,2,4,2,22,-19,1,2022-23,Regular Season,1628369,Jayson Tatum
22022,1628369,0022200969,2023-03-05,BOS vs. NYK,L,49,12,30,0.4,6,17,0.353,10,12,0.833,2,9,11,6,0,0,2,2,40,4,1,2022-23,Regular Season,1628369,Jayson Tatum
22022,1628369,0022200986,2023-03-08,BOS vs. POR,W,31,11,17,0.647,6,10,0.6,2,4,0.5,1,6,7,2,1,0,3,0,30,21,1,2022-23,Regular Season,1628369,Jayson Tatum
22022,1628369,0022201008,2023-03-11,BOS @ ATL,W,35,12,25,0.48,5,14,0.357,5,6,0.833,0,15,15,6,0,1,1,5,34,13,1,2022-23,Regular Season,1628369,Jayson Tatum
22022,1628369,0022201024,2023-03-13,BOS @ HOU,L,41,8,22,0.364,2,10,0.2,4,4,1.0,0,8,8,6,1,0,4,1,22,-2,1,2022-23,Regular Season,1628369,Jayson Tatum
22022,1628369,0022201039,2023-03-15,BOS @ MIN,W,37,4,16,0.25,0,8,0.0,14,16,0.875,1,11,12,2,2,1,2,5,22,-3,1,2022-23,Regular Season,1628369,Jayson Tatum
22022,1628369,0022201053,2023-03-17,BOS @ POR,W,36,8,20,0.4,2,11,0.182,16,18,0.889,1,11,12,4,3,0,5,2,34,11,1,2022-23,Regular Season,1628369,Jayson Tatum
22022,1628369,0022201062,2023-03-18,BOS @ UTA,L,39,4,12,0.333,3,8,0.375,4,6,0.667,0,3,3,6,0,1,2,3,15,-13,1,2022-23,Regular Season,1628369,Jayson Tatum
22022,1628369,0022201081,2023-03-21,BOS @ SAC,W,35,14,25,0.56,2,7,0.286,6,11,0.545,1,7,8,4,2,0,1,0,36,21,1,2022-23,Regular Season,1628369,Jayson Tatum
22022,1628369,0022201097,2023-03-24,BOS vs. IND,W,32,13,24,0.542,3,9,0.333,5,6,0.833,0,7,7,2,2,0,6,3,34,23,1,2022-23,Regular Season,1628369,Jayson Tatum
22022,1628369,0022201130,2023-03-28,BOS @ WAS,L,32,11,19,0.579,2,7,0.286,4,4,1.0,0,9,9,5,0,1,3,4,28,-10,1,2022-23,Regular Season,1628369,Jayson Tatum
22022,1628369,0022201146,2023-03-30,BOS @ MIL,W,31,12,18,0.667,8,10,0.8,8,8,1.0,1,7,8,1,0,0,0,1,40,36,1,2022-23,Regular Season,1628369,Jayson Tatum
22022,1628369,0022201152,2023-03-31,BOS vs. UTA,W,36,12,17,0.706,5,8,0.625,10,11,0.909,1,10,11,3,3,0,0,4,39,7,1,2022-23,Regular Season,1628369,Jayson Tatum
22022,1628369,0022201181,2023-04-04,BOS @ PHI,L,38,7,20,0.35,2,8,0.25,3,5,0.6,1,5,6,6,3,0,2,2,19,-13,1,2022-23,Regular Season,1628369,Jayson Tatum
22022,1628369,0022201206,2023-04-07,BOS vs. TOR,W,20,7,12,0.583,0,5,0.0,7,9,0.778,1,2,3,4,0,0,3,2,21,23,1,2022-23,Regular Season,1628369,Jayson Tatum
42022,1628369,0042200111,2023-04-15,BOS vs. ATL,W,40,10,23,0.435,3,7,0.429,2,2,1.0,0,11,11,2,0,0,2,2,25,16,1,2022-23,Playoffs,1628369,Jayson Tatum
42022,1628369,0042200112,2023-04-18,BOS vs. ATL,W,40,12,22,0.545,5,9,0.556,0,0,0.0,0,10,10,6,1,1,4,1,29,7,1,2022-23,Playoffs,1628369,Jayson Tatum
42022,1628369,0042200113,2023-04-21,BOS @ ATL,L,40,9,22,0.409,4,11,0.364,7,9,0.778,2,8,10,5,2,0,4,1,29,-4,1,2022-23,Playoffs,1628369,Jayson Tatum
42022,1628369,0042200114,2023-04-23,BOS @ ATL,W,39,8,20,0.4,4,13,0.308,11,12,0.917,0,7,7,4,0,3,3,2,31,13,1,2022-23,Playoffs,1628369,Jayson Tatum
42022,1628369,0042200115,2023-04-25,BOS vs. ATL,L,38,8,21,0.381,1,10,0.1,2,2,1.0,1,7,8,8,0,1,2,2,19,-9,1,2022-23,Playoffs,1628369,Jayson Tatum
42022,1628369,0042200116,2023-04-27,BOS @ ATL,W,40,11,20,0.55,4,10,0.4,4,4,1.0,2,12,14,7,1,2,0,1,30,11,1,2022-23,Playoffs,1628369,Jayson Tatum
42022,1628369,0042200211,2023-05-01,BOS vs. PHI,L,44,14,25,0.56,4,5,0.8,7,8,0.875,2,9,11,5,1,1,1,2,39,-6,1,2022-23,Playoffs,1628369,Jayson Tatum
42022,1628369,0042200212,2023-05-03,BOS vs. PHI,W,19,1,7,0.143,0,3,0.0,5,5,1.0,0,7,7,3,0,1,2,4,7,24,1,2022-23,Playoffs,1628369,Jayson Tatum
42022,1628369,0042200213,2023-05-05,BOS @ PHI,W,43,10,20,0.5,3,11,0.273,4,5,0.8,2,8,10,5,2,1,4,3,27,13,1,2022-23,Playoffs,1628369,Jayson Tatum
42022,1628369,0042200214,2023-05-07,BOS @ PHI,L,47,9,20,0.45,1,6,0.167,5,7,0.714,4,14,18,6,1,4,2,3,24,2,1,2022-23,Playoffs,1628369,Jayson Tatum
42022,1628369,0042200215,2023-05-09,BOS vs. PHI,L,40,11,27,0.407,3,11,0.273,11,13,0.846,3,7,10,5,2,0,2,2,36,-26,1,2022-23,Playoffs,1628369,Jayson Tatum
42022,1628369,0042200216,2023-05-11,BOS @ PHI,W,43,5,21,0.238,4,11,0.364,5,5,1.0,1,8,9,6,2,2,4,1,19,2,1,2022-23,Playoffs,1628369,Jayson Tatum
42022,1628369,0042200217,2023-05-14,BOS vs. PHI,W,42,17,28,0.607,6,10,0.6,11,14,0.786,0,13,13,5,2,0,0,1,51,33,1,2022-23,Playoffs,1628369,Jayson Tatum
42022,1628369,0042200301,2023-05-17,BOS vs. MIA,L,41,9,17,0.529,1,3,0.333,11,11,1.0,0,7,7,1,0,1,4,4,30,-10,1,2022-23,Playoffs,1628369,Jayson Tatum
42022,1628369,0042200302,2023-05-19,BOS vs. MIA,L,42,10,20,0.5,3,10,0.3,11,12,0.917,1,12,13,8,0,0,5,4,34,5,1,2022-23,Playoffs,1628369,Jayson Tatum
42022,1628369,0042200303,2023-05-21,BOS @ MIA,L,33,6,18,0.333,1,7,0.143,1,1,1.0,2,8,10,2,2,0,3,2,14,-23,1,2022-23,Playoffs,1628369,Jayson Tatum
42022,1628369,0042200304,2023-05-23,BOS @ MIA,W,42,14,22,0.636,4,9,0.444,1,2,0.5,1,10,11,7,1,2,5,3,33,21,1,2022-23,Playoffs,1628369,Jayson Tatum
42022,1628369,0042200305,2023-05-25,BOS vs. MIA,W,41,8,16,0.5,1,6,0.167,4,6,0.667,0,8,8,11,2,0,4,2,21,19,1,2022-23,Playoffs,1628369,Jayson Tatum
42022,1628369,0042200306,2023-05-27,BOS @ MIA,W,44,8,22,0.364,0,8,0.0,15,15,1.0,3,9,12,5,1,2,3,2,31,3,1,2022-23,Playoffs,1628369,Jayson Tatum
42022,1628369,0042200307,2023-05-29,BOS vs. MIA,L,42,5,13,0.385,1,4,0.25,3,4,0.75,2,9,11,4,1,0,2,2,14,-12,1,2022-23,Playoffs,1628369,Jayson Tatum
22022,203954,0022200001,2022-10-18,PHI @ BOS,L,37,9,18,0.5,1,6,0.167,7,9,0.778,1,14,15,5,0,1,6,4,26,-13,1,2022-23,Regular Season,203954,Joel Embiid
22022,203954,0022200015,2022-10-20,PHI vs. MIL,L,36,6,21,0.286,1,3,0.333,2,3,0.667,1,11,12,3,0,1,4,2,15,-10,1,2022-23,Regular Season,203954,Joel Embiid
22022,203954,0022200028,2022-10-22,PHI vs. SAS,L,36,14,25,0.56,0,2,0.0,12,15,0.8,3,10,13,3,1,2,2,2,40,6,1,2022-23,Regular Season,203954,Joel Embiid
22022,203954,0022200044,2022-10-24,PHI vs. IND,W,28,8,13,0.615,1,3,0.333,9,9,1.0,1,4,5,2,1,3,3,5,26,8,1,2022-23,Regular Season,203954,Joel Embiid
22022,203954,0022200059,2022-10-26,PHI @ TOR,L,38,12,17,0.706,2,4,0.5,5,7,0.714,0,5,5,3,0,0,2,2,31,-5,1,2022-23,Regular Season,203954,Joel Embiid
22022,203954,0022200084,2022-10-29,PHI @ CHI,W,32,9,15,0.6,1,2,0.5,6,9,0.667,2,5,7,4,1,0,5,4,25,5,1,2022-23,Regular Season,203954,Joel Embiid
22022,203954,0022200148,2022-11-07,PHI vs. PHX,W,37,8,21,0.381,1,4,0.25,16,16,1.0,7,3,10,5,0,1,3,2,33,10,1,2022-23,Regular Season,203954,Joel Embiid
22022,203954,0022200173,2022-11-10,PHI @ ATL,L,32,9,18,0.5,0,3,0.0,8,10,0.8,0,13,13,2,0,1,8,5,26,10,1,2022-23,Regular Season,203954,Joel Embiid
22022,203954,0022200188,2022-11-12,PHI vs. ATL,W,40,14,25,0.56,1,6,0.167,13,16,0.813,0,10,10,6,2,2,4,5,42,22,1,2022-23,Regular Season,203954,Joel Embiid
22022,203954,0022200195,2022-11-13,PHI vs. UTA,W,37,19,28,0.679,1,5,0.2,20,24,0.833,1,10,11,8,1,7,5,3,59,25,1,2022-23,Regular Season,203954,Joel Embiid
22022,203954,0022200226,2022-11-18,PHI vs. MIL,W,37,12,26,0.462,2,6,0.333,6,8,0.75,1,10,11,8,1,3,5,2,32,8,1,2022-23,Regular Season,203954,Joel Embiid
22022,203954,0022200237,2022-11-19,PHI vs. MIN,L,36,6,15,0.4,2,4,0.5,18,20,0.9,1,8,9,6,3,0,6,3,32,-2,1,2022-23,Regular Season,203954,Joel Embiid
22022,203954,0022200299,2022-11-28,PHI vs. ATL,W,35,9,18,0.5,0,1,0.0,12,13,0.923,1,7,8,7,2,2,4,2,30,4,1,2022-23,Regular Season,203954,Joel Embiid
22022,203954,0022200312,2022-11-30,PHI @ CLE,L,29,6,16,0.375,0,0,0.0,7,9,0.778,3,3,6,6,3,0,1,2,19,-12,1,2022-23,Regular Season,203954,Joel Embiid
22022,203954,0022200332,2022-12-02,PHI @ MEM,L,41,13,26,0.5,1,3,0.333,8,9,0.889,1,10,11,8,1,3,3,4,35,9,1,2022-23,Regular Season,203954,Joel Embiid
22022,203954,0022200356,2022-12-05,PHI @ HOU,L,35,12,21,0.571,1,2,0.5,14,17,0.824,3,4,7,3,2,2,5,6,39,8,1,2022-23,Regular Season,203954,Joel Embiid
22022,203954,0022200382,2022-12-09,PHI vs. LAL,W,46,14,19,0.737,3,4,0.75,7,8,0.875,3,9,12,5,1,0,7,4,38,20,1,2022-23,Regular Season,203954,Joel Embiid
22022,203954,0022200399,2022-12-11,PHI vs. CHA,W,34,20,32,0.625,2,3,0.667,11,11,1.0,3,9,12,3,0,1,2,2,53,11,1,2022-23,Regular Season,203954,Joel Embiid
22022,203954,0022200409,2022-12-13,PHI vs. SAC,W,30,10,16,0.625,0,1,0.0,11,13,0.846,1,6,7,2,1,1,3,3,31,12,1,2022-23,Regular Season,203954,Joel Embiid
22022,203954,0022200432,2022-12-16,PHI vs. GSW,W,36,11,23,0.478,2,3,0.667,10,12,0.833,3,10,13,4,4,2,6,0,34,7,1,2022-23,Regular Season,203954,Joel Embiid
22022,203954,0022200453,2022-12-19,PHI vs. TOR,W,42,6,16,0.375,2,3,0.667,14,15,0.933,0,11,11,4,2,0,3,4,28,5,1,2022-23,Regular Season,203954,Joel Embiid
22022,203954,0022200467,2022-12-21,PHI vs. DET,W,34,6,16,0.375,0,1,0.0,10,11,0.909,0,10,10,6,0,4,1,3,22,17,1,2022-23,Regular Season,203954,Joel Embiid
22022,203954,0022200480,2022-12-23,PHI vs. LAC,W,38,18,30,0.6,1,4,0.25,7,7,1.0,2,5,7,3,1,2,1,5,44,2,1,2022-23,Regular Season,203954,Joel Embiid
22022,203954,0022200493,2022-12-25,PHI @ NYK,W,34,12,22,0.545,1,2,0.5,10,15,0.667,3,5,8,1,0,0,3,3,35,-6,1,2022-23,Regular Season,203954,Joel Embiid
22022,203954,0022200506,2022-12-27,PHI @ WAS,L,36,17,32,0.531,1,5,0.2,13,14,0.929,4,6,10,1,3,3,3,5,48,8,1,2022-23,Regular Season,203954,Joel Embiid
22022,203954,0022200534,2022-12-30,PHI @ NOP,L,34,14,22,0.636,1,2,0.5,8,10,0.8,1,7,8,5,1,1,5,5,37,-4,1,2022-23,Regular Season,203954,Joel Embiid
22022,203954,0022200545,2022-12-31,PHI @ OKC,W,28,6,17,0.353,0,3,0.0,4,6,0.667,2,11,13,10,1,4,4,3,16,22,1,2022-23,Regular Season,203954,Joel Embiid
22022,203954,0022200554,2023-01-02,PHI vs. NOP,W,36,15,24,0.625,2,3,0.667,10,10,1.0,2,9,11,5,1,1,4,5,42,10,1,2022-23,Regular Season,203954,Joel Embiid
22022,203954,0022200612,2023-01-10,PHI vs. DET,W,24,12,20,0.6,1,3,0.333,11,11,1.0,2,9,11,1,0,2,3,3,36,36,1,2022-23,Regular Season,203954,Joel Embiid
22022,203954,0022200626,2023-01-12,PHI vs. OKC,L,28,10,17,0.588,0,1,0.0,10,10,1.0,2,8,10,2,0,1,3,5,30,-12,1,2022-23,Regular Season,203954,Joel Embiid
22022,203954,0022200646,2023-01-14,PHI @ UTA,W,36,9,18,0.5,2,3,0.667,10,13,0.769,1,6,7,2,0,2,2,2,30,2,1,2022-23,Regular Season,203954,Joel Embiid
22022,203954,0022200655,2023-01-15,PHI @ LAL,W,36,12,21,0.571,2,5,0.4,9,12,0.75,0,11,11,4,1,1,1,2,35,7,1,2022-23,Regular Season,203954,Joel Embiid
22022,203954,0022200668,2023-01-17,PHI @ LAC,W,33,12,22,0.545,2,5,0.4,15,18,0.833,3,6,9,3,0,2,5,2,41,7,1,2022-23,Regular Season,203954,Joel Embiid
22022,203954,0022200682,2023-01-19,PHI @ POR,W,33,12,22,0.545,1,3,0.333,7,7,1.0,1,8,9,2,1,3,2,5,32,12,1,2022-23,Regular Season,203954,Joel Embiid
22022,203954,0022200721,2023-01-25,PHI vs. BKN,W,35,6,18,0.333,1,5,0.2,13,13,1.0,2,8,10,3,2,0,2,4,26,-1,1,2022-23,Regular Season,203954,Joel Embiid
22022,203954,0022200741,2023-01-28,PHI vs. DEN,W,38,18,31,0.581,4,7,0.571,7,10,0.7,6,12,18,5,3,2,6,2,47,14,1,2022-23,Regular Season,203954,Joel Embiid
22022,203954,0022200756,2023-01-30,PHI vs. ORL,L,33,11,20,0.55,1,3,0.333,7,11,0.636,1,10,11,5,2,2,6,5,30,-11,1,2022-23,Regular Season,203954,Joel Embiid
22022,203954,0022200770,2023-02-01,PHI vs. ORL,W,35,9,17,0.529,0,1,0.0,10,10,1.0,3,8,11,3,0,1,2,2,28,17,1,2022-23,Regular Season,203954,Joel Embiid
22022,203954,0022200791,2023-02-03,PHI @ SAS,W,28,10,18,0.556,2,3,0.667,11,13,0.846,2,8,10,4,2,0,3,2,33,13,1,2022-23,Regular Season,203954,Joel Embiid
22022,203954,0022200804,2023-02-05,PHI @ NYK,L,36,6,16,0.375,1,4,0.25,18,19,0.947,2,12,14,3,0,1,5,1,31,18,1,2022-23,Regular Season,203954,Joel Embiid
22022,203954,0022200824,2023-02-08,PHI @ BOS,L,39,11,21,0.524,1,3,0.333,5,7,0.714,0,7,7,1,2,1,2,3,28,-3,1,2022-23,Regular Season,203954,Joel Embiid
22022,203954,0022200837,2023-02-10,PHI vs. NYK,W,38,14,18,0.778,0,1,0.0,7,10,0.7,2,9,11,6,1,2,1,2,35,7,1,2022-23,Regular Season,203954,Joel Embiid
22022,203954,0022200846,2023-02-11,PHI @ BKN,W,37,12,18,0.667,1,2,0.5,12,13,0.923,2,11,13,2,2,0,3,3,37,5,1,2022-23,Regular Season,203954,Joel Embiid
22022,203954,0022200860,2023-02-13,PHI vs. HOU,W,31,8,14,0.571,1,2,0.5,6,6,1.0,0,6,6,4,1,0,3,3,23,12,1,2022-23,Regular Season,203954,Joel Embiid
22022,203954,0022200875,2023-02-15,PHI vs. CLE,W,39,9,21,0.429,0,2,0.0,11,12,0.917,1,13,14,5,2,1,2,3,29,3,1,2022-23,Regular Season,203954,Joel Embiid
22022,203954,0022200889,2023-02-23,PHI vs. MEM,W,39,7,25,0.28,0,5,0.0,13,17,0.765,2,17,19,6,1,6,2,4,27,6,1,2022-23,Regular Season,203954,Joel Embiid
22022,203954,0022200908,2023-02-25,PHI vs. BOS,L,40,12,21,0.571,0,1,0.0,17,18,0.944,1,11,12,5,0,3,3,1,41,8,1,2022-23,Regular Season,203954,Joel Embiid
22022,203954,0022200920,2023-02-27,PHI vs. MIA,L,34,10,17,0.588,0,1,0.0,7,7,1.0,3,9,12,2,0,1,6,4,27,-2,1,2022-23,Regular Season,203954,Joel Embiid
22022,203954,0022200943,2023-03-02,PHI @ DAL,L,36,13,21,0.619,0,1,0.0,9,13,0.692,4,4,8,1,2,0,3,5,35,-16,1,2022-23,Regular Season,203954,Joel Embiid
22022,203954,0022200960,2023-03-04,PHI @ MIL,W,37,11,22,0.5,3,5,0.6,6,10,0.6,0,6,6,10,0,0,1,5,31,-7,1,2022-23,Regular Season,203954,Joel Embiid
22022,203954,0022200972,2023-03-06,PHI @ IND,W,37,11,16,0.688,1,2,0.5,19,19,1.0,1,4,5,3,2,1,4,4,42,-4,1,2022-23,Regular Season,203954,Joel Embiid
22022,203954,0022200980,2023-03-07,PHI @ MIN,W,28,13,22,0.591,4,4,1.0,9,9,1.0,1,6,7,4,1,3,3,2,39,18,1,2022-23,Regular Season,203954,Joel Embiid
22022,203954,0022200998,2023-03-10,PHI vs. POR,W,38,13,20,0.65,0,1,0.0,13,18,0.722,1,6,7,4,2,3,4,2,39,2,1,2022-23,Regular Season,203954,Joel Embiid
22022,203954,0022201016,2023-03-12,PHI vs. WAS,W,31,12,21,0.571,0,3,0.0,10,12,0.833,3,5,8,4,1,4,1,1,34,13,1,2022-23,Regular Season,203954,Joel Embiid
22022,203954,0022201035,2023-03-15,PHI @ CLE,W,38,12,19,0.632,2,5,0.4,10,10,1.0,3,15,18,3,0,4,6,5,36,15,1,2022-23,Regular Season,203954,Joel Embiid
22022,203954,0022201047,2023-03-17,PHI @ CHA,W,29,16,21,0.762,0,0,0.0,6,7,0.857,1,12,13,5,0,4,3,1,38,26,1,2022-23,Regular Season,203954,Joel Embiid
22022,203954,0022201057,2023-03-18,PHI @ IND,W,30,10,15,0.667,1,3,0.333,10,13,0.769,2,5,7,7,0,2,1,2,31,15,1,2022-23,Regular Season,203954,Joel Embiid
22022,203954,0022201072,2023-03-20,PHI vs. CHI,L,44,11,22,0.5,0,2,0.0,15,17,0.882,3,13,16,1,1,3,5,6,37,8,1,2022-23,Regular Season,203954,Joel Embiid
22022,203954,0022201087,2023-03-22,PHI @ CHI,W,16,5,7,0.714,0,2,0.0,2,2,1.0,0,7,7,7,1,1,4,1,12,25,1,2022-23,Regular Season,203954,Joel Embiid
22022,203954,0022201103,2023-03-24,PHI @ GSW,L,38,13,23,0.565,1,5,0.2,19,22,0.864,1,8,9,8,2,1,3,2,46,13,1,2022-23,Regular Season,203954,Joel Embiid
22022,203954,0022201110,2023-03-25,PHI @ PHX,L,32,8,19,0.421,1,4,0.25,11,13,0.846,2,8,10,4,0,2,3,1,28,-5,1,2022-23,Regular Season,203954,Joel Embiid
22022,203954,0022201139,2023-03-29,PHI vs. DAL,W,33,8,17,0.471,1,3,0.333,8,9,0.889,1,8,9,3,1,1,4,4,25,10,1,2022-23,Regular Season,203954,Joel Embiid
22022,203954,0022201150,2023-03-31,PHI vs. TOR,W,34,7,13,0.538,0,2,0.0,11,12,0.917,1,11,12,1,0,1,5,3,25,0,1,2022-23,Regular Season,203954,Joel Embiid
22022,203954,0022201174,2023-04-02,PHI @ MIL,L,32,11,25,0.44,1,7,0.143,5,5,1.0,1,8,9,5,0,0,1,4,28,-10,1,2022-23,Regular Season,203954,Joel Embiid
22022,203954,0022201181,2023-04-04,PHI vs. BOS,W,39,20,25,0.8,0,1,0.0,12,13,0.923,2,11,13,6,0,2,3,3,52,17,1,2022-23,Regular Season,203954,Joel Embiid
22022,203954,0022201198,2023-04-06,PHI vs. MIA,L,30,9,13,0.692,1,2,0.5,2,4,0.5,0,6,6,2,0,2,2,1,21,-11,1,2022-23,Regular Season,203954,Joel Embiid
42022,203954,0042200121,2023-04-15,PHI vs. BKN,W,33,7,15,0.467,1,4,0.25,11,11,1.0,2,3,5,3,1,2,2,3,26,18,1,2022-23,Playoffs,203954,Joel Embiid
42022,203954,0042200122,2023-04-17,PHI vs. BKN,W,37,6,11,0.545,0,1,0.0,8,8,1.0,2,17,19,7,1,3,8,2,20,14,1,2022-23,Playoffs,203954,Joel Embiid
42022,203954,0042200123,2023-04-20,PHI @ BKN,W,38,5,13,0.385,0,3,0.0,4,5,0.8,0,10,10,2,1,2,5,5,14,4,1,2022-23,Playoffs,203954,Joel Embiid
42022,203954,0042200212,2023-05-03,PHI @ BOS,L,27,4,9,0.444,0,2,0.0,7,8,0.875,0,3,3,0,0,5,3,2,15,-23,1,2022-23,Playoffs,203954,Joel Embiid
42022,203954,0042200213,2023-05-05,PHI vs. BOS,L,39,9,19,0.474,1,2,0.5,11,12,0.917,5,8,13,3,1,4,3,3,30,-8,1,2022-23,Playoffs,203954,Joel Embiid
42022,203954,0042200214,2023-05-07,PHI vs. BOS,W,46,11,26,0.423,0,3,0.0,12,15,0.8,3,10,13,4,1,0,2,3,34,0,1,2022-23,Playoffs,203954,Joel Embiid
42022,203954,0042200215,2023-05-09,PHI @ BOS,W,37,10,23,0.435,3,7,0.429,10,11,0.909,3,4,7,3,0,4,4,3,33,21,1,2022-23,Playoffs,203954,Joel Embiid
42022,203954,0042200216,2023-05-11,PHI vs. BOS,L,41,9,19,0.474,0,2,0.0,8,8,1.0,0,10,10,1,1,3,4,3,26,-4,1,2022-23,Playoffs,203954,Joel Embiid
42022,203954,0042200217,2023-05-14,PHI @ BOS,L,38,5,18,0.278,0,4,0.0,5,6,0.833,1,7,8,1,0,2,4,3,15,-28,1,2022-23,Playoffs,203954,Joel Embiid
22022,203999,0022200012,2022-10-19,DEN @ UTA,L,33,12,17,0.706,1,3,0.333,2,2,1.0,2,2,4,6,3,0,3,4,27,-5,1,2022-23,Regular Season,203999,Nikola Jokić
22022,203999,0022200026,2022-10-21,DEN @ GSW,W,34,7,13,0.538,1,2,0.5,11,11,1.0,3,9,12,10,0,0,5,4,26,-3,1,2022-23,Regular Season,203999,Nikola Jokić
22022,203999,0022200035,2022-10-22,DEN vs. OKC,W,39,6,10,0.6,1,1,1.0,6,9,0.667,1,15,16,13,1,1,3,2,19,18,1,2022-23,Regular Season,203999,Nikola Jokić
22022,203999,0022200051,2022-10-24,DEN @ POR,L,27,3,4,0.75,0,0,0.0,3,3,1.0,1,8,9,9,0,0,1,5,9,-10,1,2022-23,Regular Season,203999,Nikola Jokić
22022,203999,0022200064,2022-10-26,DEN vs. LAL,W,35,12,17,0.706,0,4,0.0,7,7,1.0,1,12,13,9,4,0,3,3,31,28,1,2022-23,Regular Season,203999,Nikola Jokić
22022,203999,0022200078,2022-10-28,DEN vs. UTA,W,25,3,10,0.3,0,4,0.0,6,8,0.75,3,7,10,6,1,1,1,1,12,8,1,2022-23,Regular Season,203999,Nikola Jokić
22022,203999,0022200095,2022-10-30,DEN @ LAL,L,36,8,16,0.5,1,5,0.2,6,7,0.857,4,10,14,6,0,2,2,0,23,0,1,2022-23,Regular Season,203999,Nikola Jokić
22022,203999,0022200119,2022-11-03,DEN @ OKC,W,36,6,9,0.667,0,0,0.0,3,3,1.0,0,13,13,14,1,0,10,3,15,15,1,2022-23,Regular Season,203999,Nikola Jokić
22022,203999,0022200138,2022-11-05,DEN vs. SAS,W,27,9,10,0.9,1,1,1.0,2,2,1.0,0,6,6,10,2,0,4,2,21,20,1,2022-23,Regular Season,203999,Nikola Jokić
22022,203999,0022200154,2022-11-07,DEN @ SAS,W,34,11,20,0.55,0,1,0.0,4,5,0.8,1,7,8,10,2,3,4,2,26,15,1,2022-23,Regular Season,203999,Nikola Jokić
22022,203999,0022200160,2022-11-09,DEN @ IND,W,21,10,20,0.5,1,3,0.333,3,3,1.0,1,3,4,6,2,1,1,5,24,11,1,2022-23,Regular Season,203999,Nikola Jokić
22022,203999,0022200176,2022-11-11,DEN @ BOS,L,30,12,20,0.6,2,4,0.5,3,4,0.75,3,5,8,3,0,0,2,4,29,-14,1,2022-23,Regular Season,203999,Nikola Jokić
22022,203999,0022200196,2022-11-13,DEN @ CHI,W,28,4,4,1.0,0,0,0.0,0,0,0.0,0,6,6,14,3,0,2,0,8,29,1,2022-23,Regular Season,203999,Nikola Jokić
22022,203999,0022200258,2022-11-22,DEN vs. DET,L,37,12,16,0.75,0,0,0.0,7,11,0.636,2,7,9,10,1,1,5,3,31,13,1,2022-23,Regular Season,203999,Nikola Jokić
22022,203999,0022200268,2022-11-23,DEN @ OKC,W,43,11,15,0.733,1,3,0.333,16,18,0.889,3,7,10,9,0,0,4,5,39,11,1,2022-23,Regular Season,203999,Nikola Jokić
22022,203999,0022200285,2022-11-25,DEN @ LAC,W,32,7,13,0.538,0,1,0.0,5,7,0.714,2,11,13,6,2,1,2,3,19,19,1,2022-23,Regular Season,203999,Nikola Jokić
22022,203999,0022200305,2022-11-28,DEN vs. HOU,W,27,11,17,0.647,1,2,0.5,9,10,0.9,6,6,12,8,0,0,3,2,32,8,1,2022-23,Regular Season,203999,Nikola Jokić
22022,203999,0022200320,2022-11-30,DEN vs. HOU,W,28,7,9,0.778,2,3,0.667,1,1,1.0,1,8,9,12,1,1,4,5,17,10,1,2022-23,Regular Season,203999,Nikola Jokić
22022,203999,0022200327,2022-12-02,DEN @ ATL,L,35,10,15,0.667,3,6,0.5,1,4,0.25,1,9,10,8,1,0,2,2,24,-8,1,2022-23,Regular Season,203999,Nikola Jokić
22022,203999,0022200344,2022-12-04,DEN @ NOP,L,37,13,19,0.684,1,4,0.25,5,9,0.556,4,12,16,9,2,1,4,4,32,1,1,2022-23,Regular Season,203999,Nikola Jokić
22022,203999,0022200362,2022-12-06,DEN vs. DAL,L,34,7,13,0.538,0,3,0.0,5,6,0.833,0,8,8,8,1,0,3,1,19,2,1,2022-23,Regular Season,203999,Nikola Jokić
22022,203999,0022200376,2022-12-08,DEN @ POR,W,34,14,25,0.56,1,3,0.333,4,6,0.667,3,7,10,9,0,1,6,1,33,-8,1,2022-23,Regular Season,203999,Nikola Jokić
22022,203999,0022200393,2022-12-10,DEN vs. UTA,W,35,11,20,0.55,1,4,0.25,8,10,0.8,3,9,12,14,1,4,3,3,31,10,1,2022-23,Regular Season,203999,Nikola Jokić
22022,203999,0022200422,2022-12-14,DEN vs. WAS,W,33,17,20,0.85,0,2,0.0,9,10,0.9,2,12,14,8,5,1,8,2,43,28,1,2022-23,Regular Season,203999,Nikola Jokić
22022,203999,0022200437,2022-12-16,DEN @ LAL,L,35,8,15,0.533,1,3,0.333,8,9,0.889,2,9,11,8,4,0,5,3,25,-14,1,2022-23,Regular Season,203999,Nikola Jokić
22022,203999,0022200450,2022-12-18,DEN vs. CHA,W,40,13,26,0.5,2,4,0.5,12,17,0.706,7,20,27,10,2,0,5,4,40,20,1,2022-23,Regular Season,203999,Nikola Jokić
22022,203999,0022200465,2022-12-20,DEN vs. MEM,W,37,6,12,0.5,1,1,1.0,0,1,0.0,4,9,13,13,2,0,4,1,13,13,1,2022-23,Regular Season,203999,Nikola Jokić
22022,203999,0022200489,2022-12-23,DEN vs. POR,W,36,12,21,0.571,0,0,0.0,5,8,0.625,2,6,8,11,2,0,2,4,29,9,1,2022-23,Regular Season,203999,Nikola Jokić
22022,203999,0022200497,2022-12-25,DEN vs. PHX,W,44,16,25,0.64,2,4,0.5,7,9,0.778,4,11,15,15,0,1,3,4,41,12,1,2022-23,Regular Season,203999,Nikola Jokić
22022,203999,0022200514,2022-12-27,DEN @ SAC,W,37,7,10,0.7,0,0,0.0,6,6,1.0,0,9,9,11,1,0,0,3,20,13,1,2022-23,Regular Season,203999,Nikola Jokić
22022,203999,0022200522,2022-12-28,DEN @ SAC,L,32,15,24,0.625,0,3,0.0,10,10,1.0,1,6,7,6,1,1,5,3,40,-1,1,2022-23,Regular Season,203999,Nikola Jokić
22022,203999,0022200535,2022-12-30,DEN vs. MIA,W,36,8,15,0.533,2,3,0.667,1,1,1.0,1,11,12,12,1,1,3,3,19,14,1,2022-23,Regular Season,203999,Nikola Jokić
22022,203999,0022200549,2023-01-01,DEN vs. BOS,W,32,10,13,0.769,2,2,1.0,8,8,1.0,0,12,12,12,1,0,0,1,30,14,1,2022-23,Regular Season,203999,Nikola Jokić
22022,203999,0022200557,2023-01-02,DEN @ MIN,L,33,10,20,0.5,1,3,0.333,3,4,0.75,1,6,7,9,2,0,5,4,24,-9,1,2022-23,Regular Season,203999,Nikola Jokić
22022,203999,0022200579,2023-01-05,DEN vs. LAC,W,24,4,8,0.5,0,1,0.0,4,5,0.8,0,6,6,9,1,0,2,0,12,18,1,2022-23,Regular Season,203999,Nikola Jokić
22022,203999,0022200588,2023-01-06,DEN vs. CLE,W,35,10,17,0.588,3,4,0.75,5,5,1.0,4,11,15,10,2,0,4,4,28,18,1,2022-23,Regular Season,203999,Nikola Jokić
22022,203999,0022200609,2023-01-09,DEN vs. LAL,W,35,5,5,1.0,1,1,1.0,3,3,1.0,2,9,11,16,1,1,4,2,14,10,1,2022-23,Regular Season,203999,Nikola Jokić
22022,203999,0022200624,2023-01-11,DEN vs. PHX,W,28,10,15,0.667,0,0,0.0,1,3,0.333,4,14,18,9,1,0,3,3,21,17,1,2022-23,Regular Season,203999,Nikola Jokić
22022,203999,0022200653,2023-01-15,DEN vs. ORL,W,35,8,11,0.727,1,4,0.25,0,0,0.0,0,10,10,14,2,1,4,3,17,16,1,2022-23,Regular Season,203999,Nikola Jokić
22022,203999,0022200667,2023-01-17,DEN vs. POR,W,34,13,14,0.929,1,2,0.5,9,10,0.9,2,10,12,10,1,1,4,2,36,19,1,2022-23,Regular Season,203999,Nikola Jokić
22022,203999,0022200676,2023-01-18,DEN vs. MIN,W,31,12,20,0.6,0,0,0.0,7,7,1.0,4,7,11,13,1,0,3,5,31,21,1,2022-23,Regular Season,203999,Nikola Jokić
22022,203999,0022200716,2023-01-24,DEN @ NOP,W,36,11,15,0.733,2,4,0.5,1,2,0.5,2,9,11,10,1,0,3,2,25,-6,1,2022-23,Regular Season,203999,Nikola Jokić
22022,203999,0022200741,2023-01-28,DEN @ PHI,L,38,8,12,0.667,2,2,1.0,6,6,1.0,1,7,8,9,0,2,7,2,24,-1,1,2022-23,Regular Season,203999,Nikola Jokić
22022,203999,0022200768,2023-01-31,DEN vs. NOP,W,38,10,14,0.714,1,3,0.333,5,5,1.0,1,17,18,15,1,1,5,2,26,20,1,2022-23,Regular Season,203999,Nikola Jokić
22022,203999,0022200783,2023-02-02,DEN vs. GSW,W,33,9,13,0.692,0,0,0.0,4,5,0.8,2,12,14,16,1,1,3,0,22,26,1,2022-23,Regular Season,203999,Nikola Jokić
22022,203999,0022200801,2023-02-04,DEN vs. ATL,W,34,5,8,0.625,0,1,0.0,4,5,0.8,3,15,18,10,1,2,5,3,14,20,1,2022-23,Regular Season,203999,Nikola Jokić
22022,203999,0022200820,2023-02-07,DEN vs. MIN,W,28,8,10,0.8,0,1,0.0,4,5,0.8,1,11,12,16,1,1,1,1,20,40,1,2022-23,Regular Season,203999,Nikola Jokić
22022,203999,0022200831,2023-02-09,DEN @ ORL,L,38,10,19,0.526,3,5,0.6,6,9,0.667,2,10,12,6,1,2,7,3,29,8,1,2022-23,Regular Season,203999,Nikola Jokić
22022,203999,0022200847,2023-02-11,DEN @ CHA,W,34,11,22,0.5,0,0,0.0,8,9,0.889,7,9,16,10,0,2,4,1,30,22,1,2022-23,Regular Season,203999,Nikola Jokić
22022,203999,0022200861,2023-02-13,DEN @ MIA,W,34,12,14,0.857,0,0,0.0,3,3,1.0,0,12,12,8,0,0,0,3,27,5,1,2022-23,Regular Season,203999,Nikola Jokić
22022,203999,0022200881,2023-02-15,DEN vs. DAL,W,34,6,9,0.667,0,0,0.0,2,3,0.667,1,12,13,10,1,1,5,2,14,9,1,2022-23,Regular Season,203999,Nikola Jokić
22022,203999,0022200886,2023-02-23,DEN @ CLE,W,36,8,13,0.615,2,2,1.0,6,6,1.0,7,11,18,13,2,0,7,3,24,14,1,2022-23,Regular Season,203999,Nikola Jokić
22022,203999,0022200907,2023-02-25,DEN @ MEM,L,27,7,11,0.636,0,0,0.0,1,1,1.0,3,10,13,3,0,0,3,1,15,-20,1,2022-23,Regular Season,203999,Nikola Jokić
22022,203999,0022200918,2023-02-26,DEN vs. LAC,W,42,14,21,0.667,0,1,0.0,12,15,0.8,8,9,17,10,3,0,1,2,40,11,1,2022-23,Regular Season,203999,Nikola Jokić
22022,203999,0022200926,2023-02-28,DEN @ HOU,W,28,7,11,0.636,0,0,0.0,0,1,0.0,5,6,11,10,0,0,4,2,14,31,1,2022-23,Regular Season,203999,Nikola Jokić
22022,203999,0022200952,2023-03-03,DEN vs. MEM,W,35,7,10,0.7,0,0,0.0,4,6,0.667,3,15,18,10,0,1,2,5,18,16,1,2022-23,Regular Season,203999,Nikola Jokić
22022,203999,0022200975,2023-03-06,DEN vs. TOR,W,36,5,8,0.625,1,1,1.0,6,6,1.0,3,10,13,9,0,1,4,1,17,7,1,2022-23,Regular Season,203999,Nikola Jokić
22022,203999,0022200989,2023-03-08,DEN vs. CHI,L,35,7,16,0.438,3,9,0.333,1,4,0.25,1,11,12,8,0,0,5,1,18,-14,1,2022-23,Regular Season,203999,Nikola Jokić
22022,203999,0022201002,2023-03-10,DEN @ SAS,L,39,14,24,0.583,4,6,0.667,5,6,0.833,3,8,11,11,3,0,5,2,37,-2,1,2022-23,Regular Season,203999,Nikola Jokić
22022,203999,0022201014,2023-03-12,DEN vs. BKN,L,39,14,23,0.609,0,1,0.0,7,10,0.7,6,14,20,11,2,2,3,2,35,14,1,2022-23,Regular Season,203999,Nikola Jokić
22022,203999,0022201029,2023-03-14,DEN @ TOR,L,35,10,13,0.769,0,1,0.0,8,8,1.0,2,6,8,7,1,0,4,3,28,-8,1,2022-23,Regular Season,203999,Nikola Jokić
22022,203999,0022201042,2023-03-16,DEN @ DET,W,33,14,18,0.778,0,1,0.0,2,3,0.667,4,6,10,9,1,1,1,2,30,13,1,2022-23,Regular Season,203999,Nikola Jokić
22022,203999,0022201055,2023-03-18,DEN @ NYK,L,37,11,18,0.611,1,5,0.2,1,1,1.0,2,8,10,8,0,1,6,2,24,2,1,2022-23,Regular Season,203999,Nikola Jokić
22022,203999,0022201063,2023-03-19,DEN @ BKN,W,36,9,12,0.75,0,0,0.0,4,4,1.0,4,13,17,10,2,0,1,5,22,13,1,2022-23,Regular Season,203999,Nikola Jokić
22022,203999,0022201083,2023-03-22,DEN @ WAS,W,34,12,16,0.75,2,3,0.667,5,5,1.0,5,7,12,7,3,0,2,1,31,28,1,2022-23,Regular Season,203999,Nikola Jokić
22022,203999,0022201109,2023-03-25,DEN vs. MIL,W,32,10,20,0.5,1,6,0.167,10,11,0.909,1,5,6,11,1,0,3,2,31,19,1,2022-23,Regular Season,203999,Nikola Jokić
22022,203999,0022201126,2023-03-27,DEN vs. PHI,W,35,8,11,0.727,0,0,0.0,9,11,0.818,3,14,17,12,0,2,3,3,25,11,1,2022-23,Regular Season,203999,Nikola Jokić
22022,203999,0022201183,2023-04-04,DEN @ HOU,L,25,7,13,0.538,0,2,0.0,0,1,0.0,2,8,10,4,2,3,8,1,14,-21,1,2022-23,Regular Season,203999,Nikola Jokić
22022,203999,0022201213,2023-04-08,DEN @ UTA,L,27,2,5,0.4,0,1,0.0,2,2,1.0,0,10,10,10,2,0,4,2,6,-5,1,2022-23,Regular Season,203999,Nikola Jokić
42022,203999,0042200141,2023-04-16,DEN vs. MIN,W,28,6,12,0.5,0,0,0.0,1,3,0.333,5,9,14,6,1,0,1,6,13,15,1,2022-23,Playoffs,203999,Nikola Jokić
42022,203999,0042200142,2023-04-19,DEN vs. MIN,W,37,10,19,0.526,1,3,0.333,6,9,0.667,3,6,9,9,0,0,3,4,27,6,1,2022-23,Playoffs,203999,Nikola Jokić
42022,203999,0042200143,2023-04-21,DEN @ MIN,W,38,9,13,0.692,2,3,0.667,0,0,0.0,2,9,11,12,1,0,4,4,20,7,1,2022-23,Playoffs,203999,Nikola Jokić
42022,203999,0042200144,2023-04-23,DEN @ MIN,L,39,15,26,0.577,5,8,0.625,8,12,0.667,2,9,11,6,2,0,4,3,43,-14,1,2022-23,Playoffs,203999,Nikola Jokić
42022,203999,0042200145,2023-04-25,DEN vs. MIN,W,42,8,29,0.276,3,8,0.375,9,10,0.9,9,8,17,12,2,2,2,4,28,3,1,2022-23,Playoffs,203999,Nikola Jokić
42022,203999,0042200221,2023-04-29,DEN vs. PHX,W,33,9,21,0.429,1,2,0.5,5,5,1.0,8,11,19,5,0,0,3,1,24,19,1,2022-23,Playoffs,203999,Nikola Jokić
42022,203999,0042200222,2023-05-01,DEN vs. PHX,W,41,17,30,0.567,2,6,0.333,3,4,0.75,3,13,16,5,2,1,3,2,39,2,1,2022-23,Playoffs,203999,Nikola Jokić
42022,203999,0042200223,2023-05-05,DEN @ PHX,L,42,11,19,0.579,1,2,0.5,7,8,0.875,6,11,17,17,0,1,6,3,30,5,1,2022-23,Playoffs,203999,Nikola Jokić
42022,203999,0042200224,2023-05-07,DEN @ PHX,L,39,20,30,0.667,2,4,0.5,11,13,0.846,1,3,4,11,0,1,6,2,53,2,1,2022-23,Playoffs,203999,Nikola Jokić
42022,203999,0042200225,2023-05-09,DEN vs. PHX,W,38,12,20,0.6,2,3,0.667,3,5,0.6,4,9,13,12,1,2,4,3,29,18,1,2022-23,Playoffs,203999,Nikola Jokić
42022,203999,0042200226,2023-05-11,DEN @ PHX,W,38,13,18,0.722,0,1,0.0,6,6,1.0,3,7,10,12,3,1,2,4,32,28,1,2022-23,Playoffs,203999,Nikola Jokić
42022,203999,0042200311,2023-05-16,DEN vs. LAL,W,42,12,17,0.706,3,3,1.0,7,8,0.875,6,15,21,14,0,2,5,4,34,11,1,2022-23,Playoffs,203999,Nikola Jokić
42022,203999,0042200312,2023-05-18,DEN vs. LAL,W,42,9,21,0.429,0,3,0.0,5,6,0.833,4,13,17,12,3,0,5,3,23,7,1,2022-23,Playoffs,203999,Nikola Jokić
42022,203999,0042200313,2023-05-20,DEN @ LAL,W,38,9,19,0.474,2,5,0.4,4,7,0.571,1,5,6,8,1,0,2,4,24,15,1,2022-23,Playoffs,203999,Nikola Jokić
42022,203999,0042200314,2023-05-22,DEN @ LAL,W,45,11,24,0.458,3,6,0.5,5,6,0.833,3,11,14,13,1,3,3,5,30,6,1,2022-23,Playoffs,203999,Nikola Jokić
42022,203999,0042200401,2023-06-01,DEN vs. MIA,W,40,8,12,0.667,1,2,0.5,10,12,0.833,0,10,10,14,1,1,2,1,27,14,1,2022-23,Playoffs,203999,Nikola Jokić
42022,203999,0042200402,2023-06-04,DEN vs. MIA,L,42,16,28,0.571,2,5,0.4,7,8,0.875,3,8,11,4,0,0,5,3,41,-11,1,2022-23,Playoffs,203999,Nikola Jokić
42022,203999,0042200403,2023-06-07,DEN @ MIA,W,44,12,21,0.571,1,2,0.5,7,8,0.875,3,18,21,10,0,2,3,5,32,15,1,2022-23,Playoffs,203999,Nikola Jokić
42022,203999,0042200404,2023-06-09,DEN @ MIA,W,37,8,19,0.421,3,7,0.429,4,4,1.0,2,10,12,4,3,3,3,5,23,9,1,2022-23,Playoffs,203999,Nikola Jokić
42022,203999,0042200405,2023-06-12,DEN vs. MIA,W,42,12,16,0.75,1,3,0.333,3,5,0.6,1,15,16,4,0,1,4,3,28,12,1,2022-23,Playoffs,203999,Nikola Jokić
22022,203081,0022200014,2022-10-19,POR @ SAC,W,37,5,18,0.278,1,8,0.125,9,9,1.0,3,1,4,8,2,0,4,0,20,-1,1,2022-23,Regular Season,203081,Damian Lillard
22022,203081,0022200027,2022-10-21,POR vs. PHX,W,43,12,25,0.48,5,12,0.417,12,12,1.0,1,6,7,3,0,1,4,2,41,-2,1,2022-23,Regular Season,203081,Damian Lillard
22022,203081,0022200037,2022-10-23,POR @ LAL,W,34,15,25,0.6,6,13,0.462,5,7,0.714,1,4,5,2,0,1,6,3,41,2,1,2022-23,Regular Season,203081,Damian Lillard
22022,203081,0022200051,2022-10-24,POR vs. DEN,W,35,10,16,0.625,4,7,0.571,7,8,0.875,1,5,6,8,1,0,1,2,31,24,1,2022-23,Regular Season,203081,Damian Lillard
22022,203081,0022200065,2022-10-26,POR vs. MIA,L,26,6,13,0.462,4,11,0.364,6,6,1.0,0,2,2,2,1,0,4,0,22,-10,1,2022-23,Regular Season,203081,Damian Lillard
22022,203081,0022200150,2022-11-07,POR @ MIA,W,35,4,12,0.333,3,8,0.375,8,9,0.889,0,3,3,6,0,0,4,2,19,6,1,2022-23,Regular Season,203081,Damian Lillard
22022,203081,0022200159,2022-11-09,POR @ CHA,W,36,8,16,0.5,6,12,0.5,4,8,0.5,1,5,6,7,0,0,6,2,26,1,1,2022-23,Regular Season,203081,Damian Lillard
22022,203081,0022200190,2022-11-12,POR @ DAL,L,38,6,16,0.375,2,7,0.286,15,17,0.882,2,5,7,12,1,0,5,1,29,-2,1,2022-23,Regular Season,203081,Damian Lillard
22022,203081,0022200209,2022-11-15,POR vs. SAS,W,40,8,20,0.4,2,9,0.222,4,5,0.8,0,2,2,11,0,1,4,2,22,15,1,2022-23,Regular Season,203081,Damian Lillard
22022,203081,0022200221,2022-11-17,POR vs. BKN,L,38,8,24,0.333,3,12,0.25,6,6,1.0,1,2,3,11,1,0,2,2,25,-2,1,2022-23,Regular Season,203081,Damian Lillard
22022,203081,0022200238,2022-11-19,POR vs. UTA,L,27,2,14,0.143,1,12,0.083,8,9,0.889,0,2,2,7,0,0,2,2,13,-17,1,2022-23,Regular Season,203081,Damian Lillard
22022,203081,0022200351,2022-12-04,POR vs. IND,W,32,7,16,0.438,5,10,0.5,2,2,1.0,0,4,4,6,1,1,4,4,21,30,1,2022-23,Regular Season,203081,Damian Lillard
22022,203081,0022200376,2022-12-08,POR vs. DEN,L,38,12,22,0.545,9,17,0.529,7,7,1.0,1,3,4,12,2,0,1,2,40,11,1,2022-23,Regular Season,203081,Damian Lillard
22022,203081,0022200394,2022-12-10,POR vs. MIN,W,41,9,22,0.409,3,11,0.273,15,15,1.0,0,3,3,8,2,0,5,1,36,4,1,2022-23,Regular Season,203081,Damian Lillard
22022,203081,0022200407,2022-12-12,POR vs. MIN,W,29,13,21,0.619,11,17,0.647,1,1,1.0,0,2,2,3,0,0,4,1,38,24,1,2022-23,Regular Season,203081,Damian Lillard
22022,203081,0022200420,2022-12-14,POR @ SAS,W,36,14,23,0.609,7,14,0.5,2,2,1.0,0,5,5,8,2,0,5,1,37,7,1,2022-23,Regular Season,203081,Damian Lillard
22022,203081,0022200436,2022-12-16,POR @ DAL,L,24,6,14,0.429,3,8,0.375,9,10,0.9,0,1,1,3,0,0,2,2,24,-14,1,2022-23,Regular Season,203081,Damian Lillard
22022,203081,0022200441,2022-12-17,POR @ HOU,W,33,7,20,0.35,5,13,0.385,6,8,0.75,0,3,3,10,2,0,1,2,25,29,1,2022-23,Regular Season,203081,Damian Lillard
22022,203081,0022200458,2022-12-19,POR @ OKC,L,39,9,17,0.529,6,12,0.5,4,4,1.0,0,3,3,6,1,0,4,4,28,0,1,2022-23,Regular Season,203081,Damian Lillard
22022,203081,0022200474,2022-12-21,POR @ OKC,L,36,6,19,0.316,2,11,0.182,2,2,1.0,0,2,2,8,2,0,4,2,16,-2,1,2022-23,Regular Season,203081,Damian Lillard
22022,203081,0022200489,2022-12-23,POR @ DEN,L,39,10,22,0.455,4,11,0.364,10,10,1.0,2,5,7,8,0,0,0,2,34,-3,1,2022-23,Regular Season,203081,Damian Lillard
22022,203081,0022200504,2022-12-26,POR vs. CHA,W,38,5,18,0.278,1,10,0.1,6,6,1.0,1,2,3,9,0,2,5,2,17,21,1,2022-23,Regular Season,203081,Damian Lillard
22022,203081,0022200536,2022-12-30,POR @ GSW,L,42,12,29,0.414,4,15,0.267,6,7,0.857,2,6,8,5,0,1,3,4,34,-5,1,2022-23,Regular Season,203081,Damian Lillard
22022,203081,0022200559,2023-01-02,POR vs. DET,W,29,7,14,0.5,3,6,0.5,2,3,0.667,0,5,5,10,4,2,2,2,19,28,1,2022-23,Regular Season,203081,Damian Lillard
22022,203081,0022200571,2023-01-04,POR @ MIN,L,41,7,18,0.389,2,9,0.222,11,15,0.733,0,4,4,6,0,0,2,2,27,0,1,2022-23,Regular Season,203081,Damian Lillard
22022,203081,0022200580,2023-01-06,POR @ IND,L,36,7,24,0.292,1,8,0.125,4,5,0.8,0,2,2,8,0,0,2,3,19,-3,1,2022-23,Regular Season,203081,Damian Lillard
22022,203081,0022200597,2023-01-08,POR @ TOR,L,41,11,23,0.478,3,7,0.429,9,12,0.75,1,3,4,8,2,1,7,2,34,4,1,2022-23,Regular Season,203081,Damian Lillard
22022,203081,0022200616,2023-01-10,POR vs. ORL,L,39,12,25,0.48,2,12,0.167,4,4,1.0,1,3,4,5,1,0,3,0,30,-13,1,2022-23,Regular Season,203081,Damian Lillard
22022,203081,0022200631,2023-01-12,POR vs. CLE,L,40,16,28,0.571,5,13,0.385,13,15,0.867,0,2,2,3,1,0,1,1,50,-2,1,2022-23,Regular Season,203081,Damian Lillard
22022,203081,0022200647,2023-01-14,POR vs. DAL,W,29,11,20,0.55,4,11,0.364,10,10,1.0,0,5,5,10,0,0,1,2,36,12,1,2022-23,Regular Season,203081,Damian Lillard
22022,203081,0022200654,2023-01-15,POR vs. DAL,W,37,10,17,0.588,4,9,0.444,16,16,1.0,0,3,3,6,1,0,1,1,40,25,1,2022-23,Regular Season,203081,Damian Lillard
22022,203081,0022200667,2023-01-17,POR @ DEN,L,34,12,20,0.6,6,12,0.5,14,14,1.0,0,3,3,8,0,0,2,4,44,-20,1,2022-23,Regular Season,203081,Damian Lillard
22022,203081,0022200682,2023-01-19,POR vs. PHI,L,40,6,21,0.286,3,13,0.231,10,10,1.0,1,5,6,11,2,2,6,1,25,-4,1,2022-23,Regular Season,203081,Damian Lillard
22022,203081,0022200705,2023-01-22,POR vs. LAL,L,40,5,17,0.294,3,13,0.231,11,13,0.846,1,5,6,10,0,0,1,2,24,-13,1,2022-23,Regular Season,203081,Damian Lillard
22022,203081,0022200711,2023-01-23,POR vs. SAS,W,31,12,19,0.632,7,11,0.636,6,6,1.0,0,1,1,12,1,0,3,2,37,6,1,2022-23,Regular Season,203081,Damian Lillard
22022,203081,0022200727,2023-01-25,POR vs. UTA,W,40,21,29,0.724,9,15,0.6,9,10,0.9,0,7,7,8,3,0,4,1,60,11,1,2022-23,Regular Season,203081,Damian Lillard
22022,203081,0022200751,2023-01-28,POR vs. TOR,L,37,10,20,0.5,2,9,0.222,8,9,0.889,1,3,4,3,0,0,4,4,30,-24,1,2022-23,Regular Season,203081,Damian Lillard
22022,203081,0022200763,2023-01-30,POR vs. ATL,W,38,10,21,0.476,5,12,0.417,17,17,1.0,1,1,2,6,0,0,0,3,42,6,1,2022-23,Regular Season,203081,Damian Lillard
22022,203081,0022200771,2023-02-01,POR @ MEM,W,40,11,22,0.5,5,13,0.385,15,16,0.938,1,7,8,10,0,1,2,2,42,6,1,2022-23,Regular Season,203081,Damian Lillard
22022,203081,0022200787,2023-02-03,POR @ WAS,W,40,9,20,0.45,3,10,0.3,8,8,1.0,0,3,3,6,0,0,2,1,29,5,1,2022-23,Regular Season,203081,Damian Lillard
22022,203081,0022200796,2023-02-04,POR @ CHI,L,41,12,21,0.571,5,12,0.417,11,11,1.0,1,4,5,5,1,0,3,3,40,2,1,2022-23,Regular Season,203081,Damian Lillard
22022,203081,0022200815,2023-02-06,POR vs. MIL,L,32,7,18,0.389,2,7,0.286,12,12,1.0,0,4,4,5,1,0,1,2,28,-10,1,2022-23,Regular Season,203081,Damian Lillard
22022,203081,0022200830,2023-02-08,POR vs. GSW,W,40,8,21,0.381,1,7,0.143,16,16,1.0,3,7,10,11,1,0,5,1,33,2,1,2022-23,Regular Season,203081,Damian Lillard
22022,203081,0022200843,2023-02-10,POR vs. OKC,L,36,10,18,0.556,6,13,0.462,12,13,0.923,1,1,2,9,1,0,6,3,38,-21,1,2022-23,Regular Season,203081,Damian Lillard
22022,203081,0022200867,2023-02-13,POR vs. LAL,W,34,13,23,0.565,8,14,0.571,6,7,0.857,0,6,6,5,0,1,3,1,40,11,1,2022-23,Regular Season,203081,Damian Lillard
22022,203081,0022200872,2023-02-14,POR vs. WAS,L,39,14,30,0.467,5,17,0.294,6,7,0.857,1,9,10,6,1,0,6,1,39,-13,1,2022-23,Regular Season,203081,Damian Lillard
22022,203081,0022200917,2023-02-26,POR vs. HOU,W,39,22,38,0.579,13,22,0.591,14,14,1.0,1,5,6,6,0,0,2,0,71,21,1,2022-23,Regular Season,203081,Damian Lillard
22022,203081,0022200931,2023-02-28,POR @ GSW,L,35,9,21,0.429,2,7,0.286,5,5,1.0,3,0,3,7,3,0,2,4,25,0,1,2022-23,Regular Season,203081,Damian Lillard
22022,203081,0022200941,2023-03-01,POR vs. NOP,L,39,12,22,0.545,2,9,0.222,15,16,0.938,0,8,8,0,1,0,4,1,41,2,1,2022-23,Regular Season,203081,Damian Lillard
22022,203081,0022200947,2023-03-03,POR @ ATL,L,37,10,21,0.476,5,11,0.455,8,9,0.889,1,3,4,8,2,0,3,2,33,-13,1,2022-23,Regular Season,203081,Damian Lillard
22022,203081,0022200966,2023-03-05,POR @ ORL,W,37,10,25,0.4,4,16,0.25,17,20,0.85,3,6,9,6,2,1,5,2,41,10,1,2022-23,Regular Season,203081,Damian Lillard
22022,203081,0022200977,2023-03-06,POR @ DET,W,38,10,28,0.357,6,14,0.429,5,6,0.833,2,11,13,12,1,1,4,0,31,8,1,2022-23,Regular Season,203081,Damian Lillard
22022,203081,0022200986,2023-03-08,POR @ BOS,L,30,7,16,0.438,2,8,0.25,11,11,1.0,0,5,5,8,1,0,5,2,27,-16,1,2022-23,Regular Season,203081,Damian Lillard
22022,203081,0022200998,2023-03-10,POR @ PHI,L,39,6,15,0.4,2,8,0.25,8,8,1.0,0,6,6,11,0,0,2,2,22,3,1,2022-23,Regular Season,203081,Damian Lillard
22022,203081,0022201034,2023-03-14,POR vs. NYK,L,39,11,26,0.423,8,17,0.471,8,9,0.889,2,5,7,7,0,0,4,3,38,-5,1,2022-23,Regular Season,203081,Damian Lillard
22022,203081,0022201053,2023-03-17,POR vs. BOS,L,37,12,23,0.522,6,15,0.4,11,14,0.786,1,3,4,5,1,1,7,3,41,-14,1,2022-23,Regular Season,203081,Damian Lillard
22022,203081,0022201069,2023-03-19,POR vs. LAC,L,39,4,17,0.235,1,8,0.125,12,13,0.923,1,6,7,9,1,1,4,0,21,-20,1,2022-23,Regular Season,203081,Damian Lillard
22022,203081,0022201091,2023-03-22,POR @ UTA,W,34,8,19,0.421,2,10,0.2,12,14,0.857,1,6,7,12,0,0,2,1,30,18,1,2022-23,Regular Season,203081,Damian Lillard
22022,203076,0022200002,2022-10-18,LAL @ GSW,L,36,10,22,0.455,0,3,0.0,7,9,0.778,0,6,6,0,4,1,3,2,27,-21,1,2022-23,Regular Season,203076,Anthony Davis
22022,203076,0022200016,2022-10-20,LAL vs. LAC,L,32,9,16,0.563,2,4,0.5,5,7,0.714,2,6,8,0,2,0,2,2,25,5,1,2022-23,Regular Season,203076,Anthony Davis
22022,203076,0022200037,2022-10-23,LAL vs. POR,L,36,9,17,0.529,0,3,0.0,4,4,1.0,5,5,10,3,2,6,1,5,22,3,1,2022-23,Regular Season,203076,Anthony Davis
22022,203076,0022200064,2022-10-26,LAL @ DEN,L,36,11,19,0.579,0,1,0.0,0,1,0.0,1,13,14,5,3,2,0,1,22,-22,1,2022-23,Regular Season,203076,Anthony Davis
22022,203076,0022200095,2022-10-30,LAL vs. DEN,W,37,10,18,0.556,0,0,0.0,3,4,0.75,6,9,15,2,1,1,2,3,23,15,1,2022-23,Regular Season,203076,Anthony Davis
22022,203076,0022200117,2022-11-02,LAL vs. NOP,W,37,8,17,0.471,0,0,0.0,4,4,1.0,5,11,16,4,1,4,1,3,20,9,1,2022-23,Regular Season,203076,Anthony Davis
22022,203076,0022200131,2022-11-04,LAL vs. UTA,L,35,9,17,0.529,1,2,0.5,3,3,1.0,3,5,8,2,0,2,1,3,22,-8,1,2022-23,Regular Season,203076,Anthony Davis
22022,203076,0022200140,2022-11-06,LAL vs. CLE,L,33,7,12,0.583,0,0,0.0,5,9,0.556,3,9,12,4,0,1,1,4,19,-7,1,2022-23,Regular Season,203076,Anthony Davis
22022,203076,0022200157,2022-11-07,LAL @ UTA,L,29,11,18,0.611,1,1,1.0,6,7,0.857,1,3,4,2,1,1,2,2,29,-9,1,2022-23,Regular Season,203076,Anthony Davis
22022,203076,0022200170,2022-11-09,LAL @ LAC,L,35,9,16,0.563,0,1,0.0,3,4,0.75,1,8,9,3,0,1,3,5,21,-10,1,2022-23,Regular Season,203076,Anthony Davis
22022,203076,0022200183,2022-11-11,LAL vs. SAC,L,34,8,17,0.471,0,1,0.0,8,11,0.727,6,8,14,3,2,3,2,2,24,-7,1,2022-23,Regular Season,203076,Anthony Davis
22022,203076,0022200198,2022-11-13,LAL vs. BKN,W,34,15,25,0.6,0,0,0.0,7,7,1.0,10,8,18,2,0,0,1,5,37,15,1,2022-23,Regular Season,203076,Anthony Davis
22022,203076,0022200234,2022-11-18,LAL vs. DET,W,34,10,16,0.625,0,1,0.0,18,21,0.857,2,14,16,2,1,4,4,3,38,4,1,2022-23,Regular Season,203076,Anthony Davis
22022,203076,0022200247,2022-11-20,LAL vs. SAS,W,28,12,19,0.632,0,2,0.0,6,6,1.0,3,15,18,2,3,1,2,1,30,34,1,2022-23,Regular Season,203076,Anthony Davis
22022,203076,0022200259,2022-11-22,LAL @ PHX,L,38,11,17,0.647,0,0,0.0,15,16,0.938,3,18,21,2,5,5,6,2,37,-3,1,2022-23,Regular Season,203076,Anthony Davis
22022,203076,0022200282,2022-11-25,LAL @ SAS,W,35,10,13,0.769,0,0,0.0,5,7,0.714,4,11,15,4,1,3,3,4,25,16,1,2022-23,Regular Season,203076,Anthony Davis
22022,203076,0022200308,2022-11-28,LAL vs. IND,L,37,9,15,0.6,0,0,0.0,7,10,0.7,3,10,13,6,0,4,2,4,25,-1,1,2022-23,Regular Season,203076,Anthony Davis
22022,203076,0022200324,2022-11-30,LAL vs. POR,W,29,9,17,0.529,1,2,0.5,8,9,0.889,5,7,12,1,1,3,2,3,27,8,1,2022-23,Regular Season,203076,Anthony Davis
22022,203076,0022200331,2022-12-02,LAL @ MIL,W,40,18,27,0.667,2,3,0.667,6,7,0.857,2,8,10,4,0,3,0,2,44,5,1,2022-23,Regular Season,203076,Anthony Davis
22022,203076,0022200349,2022-12-04,LAL @ WAS,W,38,22,30,0.733,2,3,0.667,9,9,1.0,3,14,17,1,0,3,2,1,55,17,1,2022-23,Regular Season,203076,Anthony Davis
22022,203076,0022200360,2022-12-06,LAL @ CLE,L,8,0,0,0.0,0,0,0.0,1,3,0.333,1,2,3,2,0,0,0,0,1,-6,1,2022-23,Regular Season,203076,Anthony Davis
22022,203076,0022200382,2022-12-09,LAL @ PHI,L,36,9,13,0.692,0,1,0.0,13,14,0.929,2,10,12,0,2,2,3,5,31,16,1,2022-23,Regular Season,203076,Anthony Davis
22022,203076,0022200396,2022-12-11,LAL @ DET,W,36,12,18,0.667,0,1,0.0,10,12,0.833,3,12,15,7,2,1,1,3,34,7,1,2022-23,Regular Season,203076,Anthony Davis
22022,203076,0022200413,2022-12-13,LAL vs. BOS,L,46,13,24,0.542,0,2,0.0,11,15,0.733,4,8,12,3,1,1,1,1,37,-8,1,2022-23,Regular Season,203076,Anthony Davis
22022,203076,0022200437,2022-12-16,LAL vs. DEN,W,17,4,6,0.667,0,0,0.0,2,2,1.0,0,4,4,2,1,1,2,2,10,-4,1,2022-23,Regular Season,203076,Anthony Davis
22022,203076,0022200729,2023-01-25,LAL vs. SAS,W,26,7,15,0.467,1,3,0.333,6,7,0.857,5,7,12,1,1,4,3,2,21,8,1,2022-23,Regular Season,203076,Anthony Davis
22022,203076,0022200749,2023-01-28,LAL @ BOS,L,34,6,15,0.4,1,3,0.333,3,4,0.75,5,5,10,4,0,0,2,4,16,-15,1,2022-23,Regular Season,203076,Anthony Davis
22022,203076,0022200765,2023-01-31,LAL @ NYK,W,37,9,16,0.563,0,1,0.0,9,11,0.818,2,7,9,1,2,0,5,3,27,16,1,2022-23,Regular Season,203076,Anthony Davis
22022,203076,0022200778,2023-02-02,LAL @ IND,W,35,13,27,0.481,0,3,0.0,5,5,1.0,5,9,14,2,1,2,2,0,31,-6,1,2022-23,Regular Season,203076,Anthony Davis
22022,203076,0022200798,2023-02-04,LAL @ NOP,L,38,13,25,0.52,2,5,0.4,6,7,0.857,4,10,14,3,1,2,2,3,34,0,1,2022-23,Regular Season,203076,Anthony Davis
22022,203076,0022200821,2023-02-07,LAL vs. OKC,L,31,6,9,0.667,0,0,0.0,1,2,0.5,3,5,8,2,2,1,2,4,13,-4,1,2022-23,Regular Season,203076,Anthony Davis
22022,203076,0022200834,2023-02-09,LAL vs. MIL,L,35,9,22,0.409,0,2,0.0,5,6,0.833,5,11,16,2,0,0,5,5,23,-7,1,2022-23,Regular Season,203076,Anthony Davis
22022,203076,0022200853,2023-02-11,LAL @ GSW,W,36,5,19,0.263,0,1,0.0,3,4,0.75,2,14,16,1,0,3,4,2,13,8,1,2022-23,Regular Season,203076,Anthony Davis
22022,203076,0022200867,2023-02-13,LAL @ POR,L,31,8,18,0.444,0,2,0.0,3,3,1.0,3,17,20,1,0,3,2,3,19,-10,1,2022-23,Regular Season,203076,Anthony Davis
22022,203076,0022200882,2023-02-15,LAL vs. NOP,W,30,13,17,0.765,0,1,0.0,2,5,0.4,2,8,10,5,1,2,0,2,28,18,1,2022-23,Regular Season,203076,Anthony Davis
22022,203076,0022200893,2023-02-23,LAL vs. GSW,W,26,3,5,0.6,0,0,0.0,6,8,0.75,3,9,12,1,0,2,1,2,12,5,1,2022-23,Regular Season,203076,Anthony Davis
22022,203076,0022200913,2023-02-26,LAL @ DAL,W,37,12,20,0.6,0,2,0.0,6,9,0.667,4,11,15,4,1,3,1,2,30,16,1,2022-23,Regular Season,203076,Anthony Davis
22022,203076,0022200927,2023-02-28,LAL @ MEM,L,36,9,19,0.474,0,1,0.0,10,13,0.769,6,13,19,0,0,5,5,3,28,-9,1,2022-23,Regular Season,203076,Anthony Davis
22022,203076,0022200955,2023-03-03,LAL vs. MIN,L,32,12,22,0.545,2,4,0.5,12,14,0.857,1,4,5,2,1,2,6,3,38,-8,1,2022-23,Regular Season,203076,Anthony Davis
22022,203076,0022200964,2023-03-05,LAL vs. GSW,W,38,14,25,0.56,1,3,0.333,10,13,0.769,3,5,8,6,0,2,2,2,39,17,1,2022-23,Regular Season,203076,Anthony Davis
22022,203076,0022200984,2023-03-07,LAL vs. MEM,W,36,11,17,0.647,1,2,0.5,7,9,0.778,4,18,22,3,0,2,7,2,30,24,1,2022-23,Regular Season,203076,Anthony Davis
22022,203076,0022201003,2023-03-10,LAL vs. TOR,W,33,4,7,0.571,0,0,0.0,0,0,0.0,3,6,9,3,0,4,1,3,8,-11,1,2022-23,Regular Season,203076,Anthony Davis
22022,203076,0022201019,2023-03-12,LAL vs. NYK,L,37,8,18,0.444,0,1,0.0,1,5,0.2,6,10,16,4,2,1,1,1,17,9,1,2022-23,Regular Season,203076,Anthony Davis
22022,203076,0022201030,2023-03-14,LAL @ NOP,W,33,11,18,0.611,1,2,0.5,12,13,0.923,6,11,17,1,0,0,3,1,35,18,1,2022-23,Regular Season,203076,Anthony Davis
22022,203076,0022201054,2023-03-17,LAL vs. DAL,L,37,9,14,0.643,0,1,0.0,8,11,0.727,3,7,10,3,0,1,2,5,26,1,1,2022-23,Regular Season,203076,Anthony Davis
22022,203076,0022201070,2023-03-19,LAL vs. ORL,W,34,6,15,0.4,0,0,0.0,3,6,0.5,2,9,11,1,2,4,5,4,15,-3,1,2022-23,Regular Season,203076,Anthony Davis
22022,203076,0022201092,2023-03-22,LAL vs. PHX,W,38,10,18,0.556,0,0,0.0,7,10,0.7,1,8,9,5,1,0,1,4,27,13,1,2022-23,Regular Season,203076,Anthony Davis
22022,203076,0022201106,2023-03-24,LAL vs. OKC,W,36,15,21,0.714,0,1,0.0,7,11,0.636,5,10,15,1,1,0,1,1,37,8,1,2022-23,Regular Season,203076,Anthony Davis
22022,203076,0022201114,2023-03-26,LAL vs. CHI,L,36,6,8,0.75,0,0,0.0,3,6,0.5,2,7,9,5,1,1,2,5,15,7,1,2022-23,Regular Season,203076,Anthony Davis
22022,203076,0022201140,2023-03-29,LAL @ CHI,W,39,13,20,0.65,1,1,1.0,11,14,0.786,5,4,9,4,2,2,0,1,38,16,1,2022-23,Regular Season,203076,Anthony Davis
22022,203076,0022201157,2023-03-31,LAL @ MIN,W,37,15,26,0.577,0,2,0.0,8,10,0.8,8,9,17,0,1,2,3,3,38,5,1,2022-23,Regular Season,203076,Anthony Davis
22022,203076,0022201171,2023-04-02,LAL @ HOU,W,30,15,20,0.75,0,0,0.0,10,12,0.833,4,5,9,1,0,2,0,0,40,2,1,2022-23,Regular Season,203076,Anthony Davis
22022,203076,0022201186,2023-04-04,LAL @ UTA,W,42,7,16,0.438,0,0,0.0,7,12,0.583,4,10,14,6,2,2,1,3,21,4,1,2022-23,Regular Season,203076,Anthony Davis
22022,203076,0022201196,2023-04-05,LAL @ LAC,L,32,7,14,0.5,0,1,0.0,3,4,0.75,4,7,11,3,1,2,1,2,17,9,1,2022-23,Regular Season,203076,Anthony Davis
22022,203076,0022201212,2023-04-07,LAL vs. PHX,W,34,4,12,0.333,0,1,0.0,6,7,0.857,4,17,21,4,0,3,1,1,14,17,1,2022-23,Regular Season,203076,Anthony Davis
22022,203076,0022201228,2023-04-09,LAL vs. UTA,W,34,7,15,0.467,0,0,0.0,2,2,1.0,3,10,13,3,3,4,4,2,16,10,1,2022-23,Regular Season,203076,Anthony Davis
42022,203076,0042200151,2023-04-16,LAL @ MEM,W,37,10,17,0.588,0,0,0.0,2,2,1.0,4,8,12,3,3,7,3,1,22,27,1,2022-23,Playoffs,203076,Anthony Davis
42022,203076,0042200152,2023-04-19,LAL @ MEM,L,38,4,14,0.286,1,1,1.0,4,4,1.0,3,6,9,3,0,5,2,3,13,-4,1,2022-23,Playoffs,203076,Anthony Davis
42022,203076,0042200153,2023-04-22,LAL vs. MEM,W,39,11,24,0.458,1,4,0.25,8,10,0.8,4,13,17,2,2,3,3,3,31,12,1,2022-23,Playoffs,203076,Anthony Davis
42022,203076,0042200154,2023-04-24,LAL vs. MEM,W,42,4,13,0.308,0,1,0.0,4,6,0.667,2,9,11,2,2,4,4,3,12,-3,1,2022-23,Playoffs,203076,Anthony Davis
42022,203076,0042200155,2023-04-26,LAL @ MEM,L,35,14,23,0.609,1,3,0.333,2,3,0.667,4,15,19,1,1,2,1,3,31,6,1,2022-23,Playoffs,203076,Anthony Davis
42022,203076,0042200156,2023-04-28,LAL vs. MEM,W,28,6,9,0.667,0,0,0.0,4,4,1.0,1,13,14,1,0,5,1,2,16,31,1,2022-23,Playoffs,203076,Anthony Davis
42022,203076,0042200231,2023-05-02,LAL @ GSW,W,44,11,19,0.579,0,2,0.0,8,8,1.0,4,19,23,5,0,4,1,2,30,1,1,2022-23,Playoffs,203076,Anthony Davis
42022,203076,0042200232,2023-05-04,LAL @ GSW,L,33,5,11,0.455,0,0,0.0,1,1,1.0,1,6,7,4,1,3,4,3,11,-22,1,2022-23,Playoffs,203076,Anthony Davis
42022,203076,0042200233,2023-05-06,LAL vs. GSW,W,33,7,10,0.7,0,0,0.0,11,12,0.917,0,13,13,3,3,4,3,2,25,28,1,2022-23,Playoffs,203076,Anthony Davis
42022,203076,0042200234,2023-05-08,LAL vs. GSW,W,43,10,16,0.625,0,0,0.0,3,3,1.0,3,12,15,2,3,0,3,3,23,5,1,2022-23,Playoffs,203076,Anthony Davis
42022,203076,0042200235,2023-05-10,LAL @ GSW,L,32,10,18,0.556,0,0,0.0,3,5,0.6,0,9,9,3,0,0,3,4,23,-22,1,2022-23,Playoffs,203076,Anthony Davis
42022,203076,0042200236,2023-05-12,LAL vs. GSW,W,40,5,9,0.556,0,0,0.0,7,10,0.7,3,17,20,3,2,2,0,3,17,31,1,2022-23,Playoffs,203076,Anthony Davis
42022,203076,0042200311,2023-05-16,LAL @ DEN,L,42,14,23,0.609,1,1,1.0,11,11,1.0,1,9,10,3,3,2,0,3,40,-8,1,2022-23,Playoffs,203076,Anthony Davis
42022,203076,0042200312,2023-05-18,LAL @ DEN,L,41,4,15,0.267,1,3,0.333,9,11,0.818,1,13,14,4,1,4,4,4,18,-10,1,2022-23,Playoffs,203076,Anthony Davis
42022,203076,0042200313,2023-05-20,LAL vs. DEN,L,42,11,18,0.611,0,0,0.0,6,8,0.75,5,13,18,1,0,2,1,3,28,-12,1,2022-23,Playoffs,203076,Anthony Davis
42022,203076,0042200314,2023-05-22,LAL vs. DEN,L,40,6,15,0.4,0,0,0.0,9,10,0.9,2,12,14,1,1,3,1,4,21,-6,1,2022-23,Playoffs,203076,Anthony Davis
22022,202695,0022200016,2022-10-20,LAC @ LAL,W,21,6,12,0.5,1,4,0.25,1,2,0.5,1,6,7,2,1,0,2,3,14,5,1,2022-23,Regular Season,202695,Kawhi Leonard
22022,202695,0022200043,2022-10-23,LAC vs. PHX,L,21,2,6,0.333,0,2,0.0,7,7,1.0,3,3,6,2,2,0,2,2,11,1,1,2022-23,Regular Season,202695,Kawhi Leonard
22022,202695,0022200223,2022-11-17,LAC vs. DET,W,25,2,8,0.25,0,3,0.0,2,4,0.5,0,5,5,4,0,0,0,2,6,26,1,2022-23,Regular Season,202695,Kawhi Leonard
22022,202695,0022200239,2022-11-19,LAC vs. SAS,W,22,5,8,0.625,1,3,0.333,0,0,0.0,0,1,1,4,0,0,1,0,11,0,1,2022-23,Regular Season,202695,Kawhi Leonard
22022,202695,0022200255,2022-11-21,LAC vs. UTA,W,23,4,11,0.364,0,3,0.0,0,0,0.0,0,1,1,5,0,1,0,0,8,12,1,2022-23,Regular Season,202695,Kawhi Leonard
22022,202695,0022200352,2022-12-05,LAC @ CHA,W,28,7,15,0.467,0,3,0.0,2,2,1.0,1,5,6,2,0,0,1,3,16,-8,1,2022-23,Regular Season,202695,Kawhi Leonard
22022,202695,0022200363,2022-12-07,LAC @ ORL,L,30,4,15,0.267,2,6,0.333,4,4,1.0,1,6,7,3,0,0,4,1,14,4,1,2022-23,Regular Season,202695,Kawhi Leonard
22022,202695,0022200389,2022-12-10,LAC @ WAS,W,30,5,13,0.385,1,5,0.2,2,2,1.0,0,8,8,6,1,0,0,0,13,0,1,2022-23,Regular Season,202695,Kawhi Leonard
22022,202695,0022200408,2022-12-12,LAC vs. BOS,W,29,10,12,0.833,2,3,0.667,3,6,0.5,0,9,9,6,1,0,2,2,25,23,1,2022-23,Regular Season,202695,Kawhi Leonard
22022,202695,0022200423,2022-12-14,LAC vs. MIN,W,31,7,18,0.389,1,6,0.167,4,6,0.667,3,5,8,1,2,1,1,3,19,11,1,2022-23,Regular Season,202695,Kawhi Leonard
22022,202695,0022200438,2022-12-17,LAC vs. WAS,W,32,12,26,0.462,2,5,0.4,5,8,0.625,3,6,9,1,3,1,3,1,31,9,1,2022-23,Regular Season,202695,Kawhi Leonard
22022,202695,0022200476,2022-12-21,LAC vs. CHA,W,31,5,12,0.417,1,4,0.25,5,6,0.833,0,7,7,4,1,0,1,0,16,28,1,2022-23,Regular Season,202695,Kawhi Leonard
22022,202695,0022200480,2022-12-23,LAC @ PHI,L,34,12,19,0.632,1,2,0.5,3,4,0.75,0,3,3,5,0,0,2,0,28,-2,1,2022-23,Regular Season,202695,Kawhi Leonard
22022,202695,0022200509,2022-12-27,LAC @ TOR,W,35,5,12,0.417,1,2,0.5,4,5,0.8,3,4,7,8,1,1,1,3,15,10,1,2022-23,Regular Season,202695,Kawhi Leonard
22022,202695,0022200525,2022-12-29,LAC @ BOS,L,37,11,16,0.688,3,6,0.5,1,1,1.0,0,8,8,3,0,1,3,4,26,0,1,2022-23,Regular Season,202695,Kawhi Leonard
22022,202695,0022200538,2022-12-31,LAC @ IND,L,35,8,17,0.471,1,5,0.2,7,7,1.0,2,3,5,7,2,0,2,0,24,-5,1,2022-23,Regular Season,202695,Kawhi Leonard
22022,202695,0022200579,2023-01-05,LAC @ DEN,L,18,2,7,0.286,0,2,0.0,2,2,1.0,0,3,3,2,1,0,1,0,6,-24,1,2022-23,Regular Season,202695,Kawhi Leonard
22022,202695,0022200604,2023-01-08,LAC vs. ATL,L,38,9,23,0.391,2,4,0.5,9,10,0.9,2,5,7,4,2,0,0,2,29,4,1,2022-23,Regular Season,202695,Kawhi Leonard
22022,202695,0022200617,2023-01-10,LAC vs. DAL,W,36,9,12,0.75,3,5,0.6,12,12,1.0,1,8,9,4,4,1,2,0,33,3,1,2022-23,Regular Season,202695,Kawhi Leonard
22022,202695,0022200639,2023-01-13,LAC vs. DEN,L,38,10,20,0.5,0,3,0.0,4,4,1.0,3,5,8,4,1,0,3,1,24,-15,1,2022-23,Regular Season,202695,Kawhi Leonard
22022,202695,0022200649,2023-01-15,LAC vs. HOU,W,32,12,24,0.5,3,5,0.6,3,3,1.0,1,5,6,4,2,1,4,2,30,9,1,2022-23,Regular Season,202695,Kawhi Leonard
22022,202695,0022200668,2023-01-17,LAC vs. PHI,L,36,10,20,0.5,2,6,0.333,5,7,0.714,1,3,4,1,1,1,3,2,27,-12,1,2022-23,Regular Season,202695,Kawhi Leonard
22022,202695,0022200687,2023-01-20,LAC @ SAS,W,38,13,18,0.722,4,5,0.8,6,6,1.0,2,2,4,7,2,0,2,0,36,14,1,2022-23,Regular Season,202695,Kawhi Leonard
22022,202695,0022200701,2023-01-22,LAC @ DAL,W,39,10,18,0.556,3,4,0.75,7,7,1.0,2,7,9,3,1,0,0,1,30,7,1,2022-23,Regular Season,202695,Kawhi Leonard
22022,202695,0022200719,2023-01-24,LAC @ LAL,W,35,11,16,0.688,0,4,0.0,3,4,0.75,2,7,9,3,2,2,1,3,25,16,1,2022-23,Regular Season,202695,Kawhi Leonard
22022,202695,0022200735,2023-01-26,LAC vs. SAS,W,31,10,16,0.625,2,6,0.333,5,6,0.833,1,2,3,7,1,0,0,2,27,24,1,2022-23,Regular Season,202695,Kawhi Leonard
22022,202695,0022200745,2023-01-28,LAC @ ATL,W,39,12,20,0.6,5,10,0.5,3,3,1.0,1,7,8,4,1,1,2,1,32,3,1,2022-23,Regular Season,202695,Kawhi Leonard
22022,202695,0022200766,2023-01-31,LAC @ CHI,W,40,11,24,0.458,3,6,0.5,8,9,0.889,2,2,4,5,5,2,1,0,33,10,1,2022-23,Regular Season,202695,Kawhi Leonard
22022,202695,0022200784,2023-02-02,LAC @ MIL,L,40,7,26,0.269,1,6,0.167,2,2,1.0,1,10,11,5,1,2,1,3,17,19,1,2022-23,Regular Season,202695,Kawhi Leonard
22022,202695,0022200795,2023-02-04,LAC @ NYK,W,41,11,23,0.478,1,3,0.333,12,12,1.0,3,2,5,3,4,0,2,3,35,8,1,2022-23,Regular Season,202695,Kawhi Leonard
22022,202695,0022200810,2023-02-06,LAC @ BKN,W,34,8,17,0.471,3,4,0.75,5,6,0.833,1,3,4,6,1,0,1,2,24,-10,1,2022-23,Regular Season,202695,Kawhi Leonard
22022,202695,0022200829,2023-02-08,LAC vs. DAL,L,32,7,12,0.583,1,1,1.0,3,4,0.75,0,4,4,4,2,1,0,1,18,-1,1,2022-23,Regular Season,202695,Kawhi Leonard
22022,202695,0022200871,2023-02-14,LAC vs. GSW,W,34,12,17,0.706,7,9,0.778,2,2,1.0,1,6,7,4,1,1,1,1,33,14,1,2022-23,Regular Season,202695,Kawhi Leonard
22022,202695,0022200885,2023-02-16,LAC @ PHX,W,35,5,18,0.278,0,5,0.0,6,6,1.0,1,8,9,4,1,1,2,0,16,9,1,2022-23,Regular Season,202695,Kawhi Leonard
22022,202695,0022200902,2023-02-24,LAC vs. SAC,L,46,16,22,0.727,6,9,0.667,6,6,1.0,0,4,4,4,3,2,2,4,44,-7,1,2022-23,Regular Season,202695,Kawhi Leonard
22022,202695,0022200918,2023-02-26,LAC @ DEN,L,39,12,19,0.632,3,4,0.75,6,8,0.75,0,6,6,2,0,1,2,4,33,-10,1,2022-23,Regular Season,202695,Kawhi Leonard
22022,202695,0022200932,2023-02-28,LAC vs. MIN,L,39,7,19,0.368,3,6,0.5,6,6,1.0,1,4,5,5,1,0,3,2,23,-1,1,2022-23,Regular Season,202695,Kawhi Leonard
22022,202695,0022200945,2023-03-02,LAC @ GSW,L,32,8,12,0.667,2,3,0.667,3,5,0.6,0,7,7,0,2,2,1,1,21,-22,1,2022-23,Regular Season,202695,Kawhi Leonard
22022,202695,0022200970,2023-03-05,LAC vs. MEM,W,38,9,20,0.45,3,7,0.429,13,13,1.0,2,8,10,4,1,0,3,1,34,-2,1,2022-23,Regular Season,202695,Kawhi Leonard
22022,202695,0022200991,2023-03-08,LAC vs. TOR,W,40,8,15,0.533,1,1,1.0,7,9,0.778,2,10,12,4,3,0,4,3,24,2,1,2022-23,Regular Season,202695,Kawhi Leonard
22022,202695,0022201004,2023-03-11,LAC vs. NYK,W,37,14,22,0.636,3,6,0.5,7,7,1.0,0,4,4,2,1,0,1,2,38,6,1,2022-23,Regular Season,202695,Kawhi Leonard
22022,202695,0022201041,2023-03-15,LAC vs. GSW,W,36,10,19,0.526,3,7,0.429,7,7,1.0,2,6,8,5,2,0,2,2,30,11,1,2022-23,Regular Season,202695,Kawhi Leonard
22022,202695,0022201069,2023-03-19,LAC @ POR,W,40,10,20,0.5,2,7,0.286,2,2,1.0,1,4,5,2,2,0,0,1,24,23,1,2022-23,Regular Season,202695,Kawhi Leonard
22022,202695,0022201082,2023-03-21,LAC vs. OKC,L,38,7,16,0.438,2,5,0.4,5,7,0.714,0,6,6,5,2,0,3,2,21,-5,1,2022-23,Regular Season,202695,Kawhi Leonard
22022,202695,0022201096,2023-03-23,LAC vs. OKC,W,35,13,15,0.867,3,4,0.75,3,4,0.75,2,4,6,6,4,0,2,2,32,16,1,2022-23,Regular Season,202695,Kawhi Leonard
22022,202695,0022201112,2023-03-25,LAC vs. NOP,L,27,4,16,0.25,0,6,0.0,4,6,0.667,1,5,6,4,2,0,2,1,12,-20,1,2022-23,Regular Season,202695,Kawhi Leonard
22022,202695,0022201129,2023-03-27,LAC vs. CHI,W,33,8,13,0.615,3,5,0.6,3,3,1.0,1,6,7,6,1,1,1,3,22,19,1,2022-23,Regular Season,202695,Kawhi Leonard
22022,202695,0022201156,2023-03-31,LAC @ MEM,L,18,4,9,0.444,2,4,0.5,2,2,1.0,0,3,3,0,1,2,2,1,12,12,1,2022-23,Regular Season,202695,Kawhi Leonard
22022,202695,0022201162,2023-04-01,LAC @ NOP,L,41,15,28,0.536,4,8,0.5,6,6,1.0,1,7,8,4,0,1,2,1,40,3,1,2022-23,Regular Season,202695,Kawhi Leonard
22022,202695,0022201196,2023-04-05,LAC vs. LAL,W,43,9,17,0.529,4,7,0.571,3,4,0.75,1,6,7,4,0,0,1,2,25,-1,1,2022-23,Regular Season,202695,Kawhi Leonard
22022,202695,0022201215,2023-04-08,LAC vs. POR,W,29,7,17,0.412,3,8,0.375,10,10,1.0,1,7,8,4,0,1,2,0,27,11,1,2022-23,Regular Season,202695,Kawhi Leonard
22022,202695,0022201229,2023-04-09,LAC @ PHX,W,36,11,21,0.524,0,3,0.0,3,5,0.6,0,15,15,6,0,0,4,4,25,-7,1,2022-23,Regular Season,202695,Kawhi Leonard
42022,202695,0042200171,2023-04-16,LAC @ PHX,W,42,13,24,0.542,3,5,0.6,9,10,0.9,0,5,5,5,1,1,3,4,38,3,1,2022-23,Playoffs,202695,Kawhi Leonard
42022,202695,0042200172,2023-04-18,LAC @ PHX,L,39,11,20,0.55,3,5,0.6,6,7,0.857,3,5,8,7,3,0,3,1,31,-10,1,2022-23,Playoffs,202695,Kawhi Leonard
22022,202710,0022200007,2022-10-19,MIA vs. CHI,L,37,5,11,0.455,0,0,0.0,14,16,0.875,3,5,8,3,1,1,2,2,24,-12,1,2022-23,Regular Season,202710,Jimmy Butler III
22022,202710,0022200022,2022-10-21,MIA vs. BOS,L,40,9,17,0.529,0,1,0.0,0,0,0.0,3,4,7,5,1,0,0,0,18,7,1,2022-23,Regular Season,202710,Jimmy Butler III
22022,202710,0022200031,2022-10-22,MIA vs. TOR,W,35,7,16,0.438,1,1,1.0,9,11,0.818,1,3,4,5,0,0,2,2,24,6,1,2022-23,Regular Season,202710,Jimmy Butler III
22022,202710,0022200045,2022-10-24,MIA vs. TOR,L,34,8,15,0.533,2,3,0.667,8,9,0.889,2,6,8,4,0,0,1,1,26,-2,1,2022-23,Regular Season,202710,Jimmy Butler III
22022,202710,0022200065,2022-10-26,MIA @ POR,W,28,7,15,0.467,0,3,0.0,3,4,0.75,3,2,5,5,2,0,1,1,17,11,1,2022-23,Regular Season,202710,Jimmy Butler III
22022,202710,0022200068,2022-10-27,MIA @ GSW,L,37,8,13,0.615,4,7,0.571,7,7,1.0,1,5,6,8,6,0,2,2,27,-8,1,2022-23,Regular Season,202710,Jimmy Butler III
22022,202710,0022200081,2022-10-29,MIA @ SAC,L,37,4,11,0.364,0,1,0.0,5,7,0.714,1,6,7,6,2,0,2,0,13,-1,1,2022-23,Regular Season,202710,Jimmy Butler III
22022,202710,0022200104,2022-11-01,MIA vs. GSW,W,37,6,17,0.353,2,7,0.286,9,9,1.0,3,3,6,8,0,1,3,1,23,2,1,2022-23,Regular Season,202710,Jimmy Butler III
22022,202710,0022200150,2022-11-07,MIA vs. POR,L,33,5,14,0.357,0,1,0.0,6,6,1.0,0,4,4,7,6,0,2,3,16,-3,1,2022-23,Regular Season,202710,Jimmy Butler III
22022,202710,0022200174,2022-11-10,MIA vs. CHA,W,42,11,19,0.579,0,1,0.0,13,15,0.867,3,7,10,8,2,0,2,2,35,11,1,2022-23,Regular Season,202710,Jimmy Butler III
22022,202710,0022200189,2022-11-12,MIA vs. CHA,W,31,6,8,0.75,1,2,0.5,7,7,1.0,2,5,7,8,1,0,0,2,20,13,1,2022-23,Regular Season,202710,Jimmy Butler III
22022,202710,0022200202,2022-11-14,MIA vs. PHX,W,35,5,12,0.417,1,2,0.5,5,5,1.0,4,9,13,7,1,1,0,3,16,3,1,2022-23,Regular Season,202710,Jimmy Butler III
22022,202710,0022200215,2022-11-16,MIA @ TOR,L,38,4,8,0.5,0,2,0.0,5,5,1.0,0,1,1,5,1,0,5,2,13,-4,1,2022-23,Regular Season,202710,Jimmy Butler III
22022,202710,0022200328,2022-12-02,MIA @ BOS,W,35,12,21,0.571,0,1,0.0,1,3,0.333,6,9,15,3,1,1,3,2,25,-10,1,2022-23,Regular Season,202710,Jimmy Butler III
22022,202710,0022200357,2022-12-05,MIA @ MEM,L,33,6,11,0.545,1,2,0.5,5,8,0.625,1,5,6,8,1,0,5,1,18,3,1,2022-23,Regular Season,202710,Jimmy Butler III
22022,202710,0022200374,2022-12-08,MIA vs. LAC,W,34,10,12,0.833,2,2,1.0,4,5,0.8,1,4,5,8,4,0,1,0,26,-7,1,2022-23,Regular Season,202710,Jimmy Butler III
22022,202710,0022200387,2022-12-10,MIA vs. SAS,L,32,11,16,0.688,0,1,0.0,8,10,0.8,1,1,2,4,0,0,2,0,30,8,1,2022-23,Regular Season,202710,Jimmy Butler III
22022,202710,0022200402,2022-12-12,MIA @ IND,W,34,8,16,0.5,0,1,0.0,4,7,0.571,0,7,7,5,2,0,1,3,20,-1,1,2022-23,Regular Season,202710,Jimmy Butler III
22022,202710,0022200424,2022-12-15,MIA @ HOU,W,36,7,13,0.538,0,1,0.0,6,10,0.6,6,4,10,7,4,3,4,3,20,-7,1,2022-23,Regular Season,202710,Jimmy Butler III
22022,202710,0022200439,2022-12-17,MIA @ SAS,W,34,9,15,0.6,1,2,0.5,7,10,0.7,1,4,5,4,2,1,0,2,26,12,1,2022-23,Regular Season,202710,Jimmy Butler III
22022,202710,0022200486,2022-12-23,MIA vs. IND,L,28,6,11,0.545,1,2,0.5,7,8,0.875,2,4,6,3,2,0,1,1,20,-3,1,2022-23,Regular Season,202710,Jimmy Butler III
22022,202710,0022200518,2022-12-28,MIA vs. LAL,W,34,11,18,0.611,0,4,0.0,5,5,1.0,1,4,5,4,6,0,0,0,27,-1,1,2022-23,Regular Season,202710,Jimmy Butler III
22022,202710,0022200535,2022-12-30,MIA @ DEN,L,38,5,13,0.385,0,0,0.0,7,8,0.875,1,5,6,8,4,0,1,1,17,-1,1,2022-23,Regular Season,202710,Jimmy Butler III
22022,202710,0022200560,2023-01-02,MIA @ LAC,W,32,2,8,0.25,0,2,0.0,5,8,0.625,1,1,2,6,2,0,1,0,9,-2,1,2022-23,Regular Season,202710,Jimmy Butler III
22022,202710,0022200574,2023-01-04,MIA @ LAL,L,34,11,22,0.5,2,5,0.4,3,4,0.75,3,1,4,4,3,0,2,0,27,-1,1,2022-23,Regular Season,202710,Jimmy Butler III
22022,202710,0022200589,2023-01-06,MIA @ PHX,W,33,5,9,0.556,0,0,0.0,10,10,1.0,0,5,5,6,2,0,2,1,20,5,1,2022-23,Regular Season,202710,Jimmy Butler III
22022,202710,0022200599,2023-01-08,MIA vs. BKN,L,34,9,21,0.429,1,4,0.25,7,9,0.778,6,2,8,1,2,0,2,1,26,-3,1,2022-23,Regular Season,202710,Jimmy Butler III
22022,202710,0022200611,2023-01-10,MIA vs. OKC,W,38,6,17,0.353,0,1,0.0,23,23,1.0,2,5,7,4,4,3,2,1,35,5,1,2022-23,Regular Season,202710,Jimmy Butler III
22022,202710,0022200628,2023-01-12,MIA vs. MIL,W,33,5,13,0.385,0,2,0.0,7,8,0.875,6,5,11,2,0,0,4,0,17,2,1,2022-23,Regular Season,202710,Jimmy Butler III
22022,202710,0022200641,2023-01-14,MIA vs. MIL,W,27,7,14,0.5,0,0,0.0,2,2,1.0,2,2,4,1,0,0,0,2,16,0,1,2022-23,Regular Season,202710,Jimmy Butler III
22022,202710,0022200661,2023-01-16,MIA @ ATL,L,34,11,16,0.688,1,1,1.0,11,11,1.0,2,1,3,3,2,1,2,2,34,4,1,2022-23,Regular Season,202710,Jimmy Butler III
22022,202710,0022200673,2023-01-18,MIA @ NOP,W,27,8,13,0.615,0,1,0.0,2,3,0.667,1,2,3,7,0,0,2,1,18,16,1,2022-23,Regular Season,202710,Jimmy Butler III
22022,202710,0022200686,2023-01-20,MIA @ DAL,L,26,3,7,0.429,0,0,0.0,6,6,1.0,2,2,4,1,2,0,1,3,12,-21,1,2022-23,Regular Season,202710,Jimmy Butler III
22022,202710,0022200699,2023-01-22,MIA vs. NOP,W,34,5,7,0.714,0,1,0.0,8,10,0.8,0,4,4,2,5,0,1,2,18,7,1,2022-23,Regular Season,202710,Jimmy Butler III
22022,202710,0022200738,2023-01-27,MIA vs. ORL,W,33,10,17,0.588,0,2,0.0,9,12,0.75,1,5,6,6,2,0,0,1,29,9,1,2022-23,Regular Season,202710,Jimmy Butler III
22022,202710,0022200752,2023-01-29,MIA @ CHA,L,33,11,14,0.786,0,0,0.0,6,7,0.857,2,5,7,2,3,0,2,3,28,5,1,2022-23,Regular Season,202710,Jimmy Butler III
22022,202710,0022200764,2023-01-31,MIA @ CLE,W,34,6,16,0.375,1,4,0.25,10,15,0.667,0,1,1,5,3,1,2,0,23,0,1,2022-23,Regular Season,202710,Jimmy Butler III
22022,202710,0022200780,2023-02-02,MIA @ NYK,L,33,5,13,0.385,0,0,0.0,0,1,0.0,4,0,4,5,2,0,3,0,10,-3,1,2022-23,Regular Season,202710,Jimmy Butler III
22022,202710,0022200797,2023-02-04,MIA @ MIL,L,34,11,21,0.524,1,2,0.5,9,10,0.9,4,4,8,3,1,0,0,1,32,-3,1,2022-23,Regular Season,202710,Jimmy Butler III
22022,202710,0022200825,2023-02-08,MIA vs. IND,W,35,9,18,0.5,0,0,0.0,7,8,0.875,5,0,5,7,1,0,2,2,25,11,1,2022-23,Regular Season,202710,Jimmy Butler III
22022,202710,0022200840,2023-02-10,MIA vs. HOU,W,28,4,11,0.364,0,1,0.0,8,8,1.0,2,2,4,4,2,1,1,0,16,7,1,2022-23,Regular Season,202710,Jimmy Butler III
22022,202710,0022200848,2023-02-11,MIA @ ORL,W,34,7,17,0.412,0,1,0.0,8,8,1.0,2,5,7,6,2,2,3,2,22,14,1,2022-23,Regular Season,202710,Jimmy Butler III
22022,202710,0022200861,2023-02-13,MIA vs. DEN,L,32,8,18,0.444,1,2,0.5,7,7,1.0,3,7,10,9,1,0,1,0,24,-3,1,2022-23,Regular Season,202710,Jimmy Butler III
22022,202710,0022200878,2023-02-15,MIA @ BKN,L,32,4,11,0.364,0,0,0.0,5,5,1.0,3,0,3,6,0,0,1,1,13,-9,1,2022-23,Regular Season,202710,Jimmy Butler III
22022,202710,0022200897,2023-02-24,MIA @ MIL,L,21,8,10,0.8,1,1,1.0,6,8,0.75,1,1,2,1,0,0,2,1,23,-13,1,2022-23,Regular Season,202710,Jimmy Butler III
22022,202710,0022200904,2023-02-25,MIA @ CHA,L,33,6,8,0.75,0,0,0.0,16,20,0.8,1,2,3,6,1,0,3,1,28,11,1,2022-23,Regular Season,202710,Jimmy Butler III
22022,202710,0022200920,2023-02-27,MIA @ PHI,W,32,9,14,0.643,1,1,1.0,4,6,0.667,4,7,11,9,4,0,3,1,23,-1,1,2022-23,Regular Season,202710,Jimmy Butler III
22022,202710,0022200936,2023-03-01,MIA vs. PHI,L,27,6,8,0.75,0,0,0.0,4,4,1.0,2,1,3,3,1,0,1,1,16,-10,1,2022-23,Regular Season,202710,Jimmy Butler III
22022,202710,0022200949,2023-03-03,MIA vs. NYK,L,33,7,15,0.467,1,2,0.5,18,20,0.9,6,2,8,5,2,0,0,0,33,18,1,2022-23,Regular Season,202710,Jimmy Butler III
22022,202710,0022200958,2023-03-04,MIA vs. ATL,W,34,5,8,0.625,1,1,1.0,4,4,1.0,3,8,11,7,2,0,2,1,15,9,1,2022-23,Regular Season,202710,Jimmy Butler III
22022,202710,0022200974,2023-03-06,MIA vs. ATL,W,33,8,14,0.571,0,0,0.0,10,12,0.833,4,6,10,9,0,0,2,2,26,-2,1,2022-23,Regular Season,202710,Jimmy Butler III
22022,202710,0022200987,2023-03-08,MIA vs. CLE,L,35,8,14,0.571,0,1,0.0,12,15,0.8,4,1,5,5,2,1,2,1,28,-4,1,2022-23,Regular Season,202710,Jimmy Butler III
22022,202710,0022201000,2023-03-10,MIA vs. CLE,W,35,12,16,0.75,1,1,1.0,8,9,0.889,2,3,5,3,0,1,1,2,33,-5,1,2022-23,Regular Season,202710,Jimmy Butler III
22022,202710,0022201007,2023-03-11,MIA @ ORL,L,39,14,25,0.56,2,7,0.286,8,8,1.0,1,4,5,2,1,0,2,2,38,-8,1,2022-23,Regular Season,202710,Jimmy Butler III
22022,202710,0022201022,2023-03-13,MIA vs. UTA,W,31,5,14,0.357,1,2,0.5,13,15,0.867,4,4,8,4,4,2,1,1,24,9,1,2022-23,Regular Season,202710,Jimmy Butler III
22022,202710,0022201036,2023-03-15,MIA vs. MEM,W,28,6,11,0.545,0,0,0.0,11,12,0.917,3,5,8,6,2,1,1,0,23,17,1,2022-23,Regular Season,202710,Jimmy Butler III
22022,202710,0022201060,2023-03-18,MIA @ CHI,L,33,8,13,0.615,0,1,0.0,8,10,0.8,3,4,7,1,0,0,1,3,24,-18,1,2022-23,Regular Season,202710,Jimmy Butler III
22022,202710,0022201066,2023-03-19,MIA @ DET,W,35,8,11,0.727,0,0,0.0,10,11,0.909,3,1,4,10,1,0,1,1,26,0,1,2022-23,Regular Season,202710,Jimmy Butler III
22022,202710,0022201084,2023-03-22,MIA vs. NYK,W,37,11,19,0.579,2,2,1.0,11,14,0.786,0,4,4,9,4,0,1,1,35,6,1,2022-23,Regular Season,202710,Jimmy Butler III
22022,202710,0022201108,2023-03-25,MIA vs. BKN,L,33,6,13,0.462,1,2,0.5,5,7,0.714,1,0,1,5,0,0,1,1,18,-33,1,2022-23,Regular Season,202710,Jimmy Butler III
22022,202710,0022201138,2023-03-29,MIA @ NYK,L,35,5,10,0.5,0,0,0.0,2,2,1.0,2,1,3,6,0,0,1,1,12,-8,1,2022-23,Regular Season,202710,Jimmy Butler III
22022,202710,0022201161,2023-04-01,MIA vs. DAL,W,37,12,16,0.75,1,3,0.333,10,11,0.909,0,3,3,12,1,0,0,2,35,6,1,2022-23,Regular Season,202710,Jimmy Butler III
22022,202710,0022201177,2023-04-04,MIA @ DET,W,35,9,12,0.75,0,0,0.0,9,11,0.818,0,8,8,8,4,0,2,0,27,4,1,2022-23,Regular Season,202710,Jimmy Butler III
22022,202710,0022201198,2023-04-06,MIA @ PHI,W,29,9,12,0.75,1,3,0.333,5,6,0.833,0,3,3,6,0,0,0,1,24,11,1,2022-23,Regular Season,202710,Jimmy Butler III
42022,202710,0042200101,2023-04-16,MIA @ MIL,W,43,15,27,0.556,0,1,0.0,5,8,0.625,0,5,5,11,3,0,3,4,35,17,1,2022-23,Playoffs,202710,Jimmy Butler III
42022,202710,0042200102,2023-04-19,MIA @ MIL,L,28,8,12,0.667,2,4,0.5,7,10,0.7,1,2,3,3,2,0,1,0,25,-31,1,2022-23,Playoffs,202710,Jimmy Butler III
42022,202710,0042200103,2023-04-22,MIA vs. MIL,W,28,12,19,0.632,4,4,1.0,2,3,0.667,3,2,5,4,2,0,2,2,30,15,1,2022-23,Playoffs,202710,Jimmy Butler III
42022,202710,0042200104,2023-04-24,MIA vs. MIL,W,41,19,28,0.679,3,8,0.375,15,18,0.833,4,5,9,2,0,1,1,0,56,4,1,2022-23,Playoffs,202710,Jimmy Butler III
42022,202710,0042200105,2023-04-26,MIA @ MIL,W,46,17,33,0.515,3,10,0.3,5,9,0.556,1,7,8,4,2,1,5,2,42,-10,1,2022-23,Playoffs,202710,Jimmy Butler III
42022,202710,0042200201,2023-04-30,MIA @ NYK,W,43,8,16,0.5,0,1,0.0,9,11,0.818,4,7,11,4,2,0,2,3,25,9,1,2022-23,Playoffs,202710,Jimmy Butler III
42022,202710,0042200203,2023-05-06,MIA vs. NYK,W,36,9,21,0.429,0,2,0.0,10,11,0.909,2,2,4,3,0,2,2,1,28,9,1,2022-23,Playoffs,202710,Jimmy Butler III
42022,202710,0042200204,2023-05-08,MIA vs. NYK,W,42,9,17,0.529,1,3,0.333,8,9,0.889,3,3,6,10,2,2,3,2,27,4,1,2022-23,Playoffs,202710,Jimmy Butler III
42022,202710,0042200205,2023-05-10,MIA @ NYK,L,43,5,12,0.417,0,0,0.0,9,11,0.818,2,5,7,9,4,2,1,3,19,0,1,2022-23,Playoffs,202710,Jimmy Butler III
42022,202710,0042200206,2023-05-12,MIA vs. NYK,W,41,7,22,0.318,0,3,0.0,10,11,0.909,1,7,8,4,0,0,0,2,24,0,1,2022-23,Playoffs,202710,Jimmy Butler III
42022,202710,0042200301,2023-05-17,MIA @ BOS,W,43,12,25,0.48,2,4,0.5,9,10,0.9,3,2,5,7,6,0,3,4,35,5,1,2022-23,Playoffs,202710,Jimmy Butler III
42022,202710,0042200302,2023-05-19,MIA @ BOS,W,41,12,25,0.48,0,1,0.0,3,3,1.0,2,6,8,6,3,2,3,1,27,13,1,2022-23,Playoffs,202710,Jimmy Butler III
42022,202710,0042200303,2023-05-21,MIA vs. BOS,W,31,5,13,0.385,0,1,0.0,6,7,0.857,0,8,8,6,2,0,2,0,16,24,1,2022-23,Playoffs,202710,Jimmy Butler III
42022,202710,0042200304,2023-05-23,MIA vs. BOS,L,39,9,21,0.429,1,4,0.25,10,12,0.833,4,5,9,5,1,1,2,1,29,-20,1,2022-23,Playoffs,202710,Jimmy Butler III
42022,202710,0042200305,2023-05-25,MIA @ BOS,L,34,5,10,0.5,0,2,0.0,4,6,0.667,0,5,5,5,2,0,2,1,14,-24,1,2022-23,Playoffs,202710,Jimmy Butler III
42022,202710,0042200306,2023-05-27,MIA vs. BOS,L,47,5,21,0.238,2,4,0.5,12,14,0.857,7,4,11,8,1,0,2,3,24,0,1,2022-23,Playoffs,202710,Jimmy Butler III
42022,202710,0042200307,2023-05-29,MIA @ BOS,W,43,12,28,0.429,3,7,0.429,1,2,0.5,1,6,7,6,3,0,1,2,28,11,1,2022-23,Playoffs,202710,Jimmy Butler III
42022,202710,0042200401,2023-06-01,MIA @ DEN,L,38,6,14,0.429,1,2,0.5,0,0,0.0,3,4,7,7,1,1,1,1,13,-17,1,2022-23,Playoffs,202710,Jimmy Butler III
42022,202710,0042200402,2023-06-04,MIA @ DEN,W,40,7,19,0.368,2,5,0.4,5,5,1.0,2,2,4,9,0,0,1,0,21,3,1,2022-23,Playoffs,202710,Jimmy Butler III
42022,202710,0042200403,2023-06-07,MIA vs. DEN,L,40,11,24,0.458,1,4,0.25,5,6,0.833,1,1,2,4,0,1,2,2,28,-11,1,2022-23,Playoffs,202710,Jimmy Butler III
42022,202710,0042200404,2023-06-09,MIA vs. DEN,L,45,9,17,0.529,1,3,0.333,6,9,0.667,2,5,7,7,1,1,1,1,25,-9,1,2022-23,Playoffs,202710,Jimmy Butler III
42022,202710,0042200405,2023-06-12,MIA @ DEN,L,41,5,18,0.278,2,5,0.4,9,11,0.818,1,2,3,5,3,0,1,2,21,-3,1,2022-23,Playoffs,202710,Jimmy Butler III
22022,1629630,0022200009,2022-10-19,MEM vs. NYK,W,38,11,24,0.458,3,6,0.5,9,11,0.818,1,3,4,9,0,1,6,4,34,1,1,2022-23,Regular Season,1629630,Ja Morant
22022,1629630,0022200024,2022-10-21,MEM @ HOU,W,31,17,26,0.654,5,6,0.833,10,13,0.769,3,1,4,8,1,2,3,2,49,23,1,2022-23,Regular Season,1629630,Ja Morant
22022,1629630,0022200034,2022-10-22,MEM @ DAL,L,30,6,12,0.5,0,2,0.0,8,8,1.0,0,1,1,4,1,0,3,3,20,-31,1,2022-23,Regular Season,1629630,Ja Morant
22022,1629630,0022200049,2022-10-24,MEM vs. BKN,W,34,12,22,0.545,4,6,0.667,10,11,0.909,2,6,8,7,2,0,2,1,38,20,1,2022-23,Regular Season,1629630,Ja Morant
22022,1629630,0022200069,2022-10-27,MEM @ SAC,W,31,8,18,0.444,1,3,0.333,5,5,1.0,1,4,5,6,0,0,3,1,22,2,1,2022-23,Regular Season,1629630,Ja Morant
22022,1629630,0022200101,2022-10-31,MEM @ UTA,L,31,12,18,0.667,1,2,0.5,12,15,0.8,1,4,5,4,0,0,3,2,37,-19,1,2022-23,Regular Season,1629630,Ja Morant
22022,1629630,0022200116,2022-11-02,MEM @ POR,W,32,7,19,0.368,0,2,0.0,6,7,0.857,0,9,9,7,2,0,8,1,20,1,1,2022-23,Regular Season,1629630,Ja Morant
22022,1629630,0022200125,2022-11-04,MEM vs. CHA,W,25,4,12,0.333,1,3,0.333,3,4,0.75,0,4,4,11,0,0,5,0,12,40,1,2022-23,Regular Season,1629630,Ja Morant
22022,1629630,0022200142,2022-11-06,MEM vs. WAS,W,33,9,27,0.333,1,4,0.25,4,6,0.667,2,7,9,6,1,0,4,0,23,3,1,2022-23,Regular Season,1629630,Ja Morant
22022,1629630,0022200152,2022-11-07,MEM vs. BOS,L,35,10,24,0.417,5,12,0.417,5,9,0.556,0,8,8,9,2,1,4,4,30,14,1,2022-23,Regular Season,1629630,Ja Morant
22022,1629630,0022200169,2022-11-09,MEM @ SAS,W,40,14,25,0.56,2,5,0.4,2,3,0.667,0,5,5,5,1,0,3,1,32,11,1,2022-23,Regular Season,1629630,Ja Morant
22022,1629630,0022200181,2022-11-11,MEM vs. MIN,W,34,11,25,0.44,2,10,0.2,4,7,0.571,3,7,10,8,2,0,4,4,28,-2,1,2022-23,Regular Season,1629630,Ja Morant
22022,1629630,0022200206,2022-11-15,MEM @ NOP,L,36,13,27,0.481,2,6,0.333,8,11,0.727,3,5,8,4,3,0,3,1,36,5,1,2022-23,Regular Season,1629630,Ja Morant
22022,1629630,0022200229,2022-11-18,MEM vs. OKC,W,32,5,20,0.25,0,2,0.0,9,10,0.9,2,5,7,11,0,1,2,1,19,6,1,2022-23,Regular Season,1629630,Ja Morant
22022,1629630,0022200257,2022-11-22,MEM vs. SAC,L,34,12,21,0.571,1,3,0.333,9,15,0.6,1,6,7,6,2,0,5,2,34,1,1,2022-23,Regular Season,1629630,Ja Morant
22022,1629630,0022200279,2022-11-25,MEM vs. NOP,W,28,8,16,0.5,2,6,0.333,5,10,0.5,2,2,4,11,0,0,2,1,23,24,1,2022-23,Regular Season,1629630,Ja Morant
22022,1629630,0022200296,2022-11-27,MEM @ NYK,W,35,9,20,0.45,0,3,0.0,9,11,0.818,1,9,10,14,1,0,4,3,27,6,1,2022-23,Regular Season,1629630,Ja Morant
22022,1629630,0022200317,2022-11-30,MEM @ MIN,L,34,8,20,0.4,2,4,0.5,6,11,0.545,2,3,5,6,2,0,7,2,24,-9,1,2022-23,Regular Season,1629630,Ja Morant
22022,1629630,0022200332,2022-12-02,MEM vs. PHI,W,36,10,28,0.357,2,8,0.25,6,8,0.75,1,7,8,3,0,0,1,3,28,-8,1,2022-23,Regular Season,1629630,Ja Morant
22022,1629630,0022200347,2022-12-04,MEM @ DET,W,35,12,23,0.522,3,7,0.429,6,8,0.75,1,4,5,10,1,0,4,2,33,21,1,2022-23,Regular Season,1629630,Ja Morant
22022,1629630,0022200368,2022-12-07,MEM vs. OKC,W,30,8,16,0.5,2,3,0.667,8,10,0.8,3,10,13,11,2,0,3,2,26,11,1,2022-23,Regular Season,1629630,Ja Morant
22022,1629630,0022200383,2022-12-09,MEM vs. DET,W,33,6,20,0.3,0,7,0.0,3,5,0.6,1,5,6,12,3,1,4,3,15,22,1,2022-23,Regular Season,1629630,Ja Morant
22022,1629630,0022200425,2022-12-15,MEM vs. MIL,W,26,9,21,0.429,2,8,0.25,5,8,0.625,2,8,10,10,1,0,1,1,25,30,1,2022-23,Regular Season,1629630,Ja Morant
22022,1629630,0022200443,2022-12-17,MEM @ OKC,L,16,3,10,0.3,0,3,0.0,0,1,0.0,0,5,5,2,0,0,2,1,6,-10,1,2022-23,Regular Season,1629630,Ja Morant
22022,1629630,0022200465,2022-12-20,MEM @ DEN,L,38,12,26,0.462,3,6,0.5,8,10,0.8,0,1,1,10,0,0,7,2,35,-16,1,2022-23,Regular Season,1629630,Ja Morant
22022,1629630,0022200490,2022-12-23,MEM @ PHX,W,28,4,14,0.286,0,2,0.0,4,6,0.667,2,3,5,11,0,0,3,1,12,27,1,2022-23,Regular Season,1629630,Ja Morant
22022,1629630,0022200496,2022-12-25,MEM @ GSW,L,41,15,29,0.517,2,10,0.2,4,7,0.571,0,7,7,8,1,0,6,1,36,-7,1,2022-23,Regular Season,1629630,Ja Morant
22022,1629630,0022200510,2022-12-27,MEM vs. PHX,L,31,8,22,0.364,3,10,0.3,15,16,0.938,1,2,3,6,1,0,2,3,34,-23,1,2022-23,Regular Season,1629630,Ja Morant
22022,1629630,0022200526,2022-12-29,MEM @ TOR,W,36,9,19,0.474,1,4,0.25,0,0,0.0,0,4,4,17,0,1,3,1,19,21,1,2022-23,Regular Season,1629630,Ja Morant
22022,1629630,0022200543,2022-12-31,MEM vs. NOP,W,31,13,22,0.591,0,6,0.0,6,7,0.857,0,3,3,8,2,0,4,0,32,7,1,2022-23,Regular Season,1629630,Ja Morant
22022,1629630,0022200547,2023-01-01,MEM vs. SAC,W,33,13,23,0.565,1,5,0.2,8,10,0.8,0,7,7,5,1,1,3,4,35,8,1,2022-23,Regular Season,1629630,Ja Morant
22022,1629630,0022200564,2023-01-04,MEM @ CHA,W,27,8,17,0.471,2,5,0.4,5,6,0.833,0,1,1,8,2,0,1,1,23,16,1,2022-23,Regular Season,1629630,Ja Morant
22022,1629630,0022200576,2023-01-05,MEM @ ORL,W,36,13,21,0.619,1,5,0.2,5,7,0.714,2,3,5,6,1,0,3,0,32,-8,1,2022-23,Regular Season,1629630,Ja Morant
22022,1629630,0022200623,2023-01-11,MEM vs. SAS,W,32,14,25,0.56,3,5,0.6,7,9,0.778,3,2,5,4,0,1,5,0,38,-3,1,2022-23,Regular Season,1629630,Ja Morant
22022,1629630,0022200643,2023-01-14,MEM @ IND,W,25,7,17,0.412,0,3,0.0,9,12,0.75,1,2,3,10,0,1,2,1,23,17,1,2022-23,Regular Season,1629630,Ja Morant
22022,1629630,0022200663,2023-01-16,MEM vs. PHX,W,27,11,20,0.55,5,8,0.625,2,2,1.0,0,2,2,7,1,0,1,1,29,14,1,2022-23,Regular Season,1629630,Ja Morant
22022,1629630,0022200672,2023-01-18,MEM vs. CLE,W,33,9,19,0.474,0,3,0.0,6,9,0.667,0,2,2,8,1,0,1,1,24,-13,1,2022-23,Regular Season,1629630,Ja Morant
22022,1629630,0022200690,2023-01-20,MEM @ LAL,L,34,9,29,0.31,1,6,0.167,3,5,0.6,2,1,3,8,0,0,5,3,22,-6,1,2022-23,Regular Season,1629630,Ja Morant
22022,1629630,0022200703,2023-01-22,MEM @ PHX,L,37,9,17,0.529,1,2,0.5,8,10,0.8,0,5,5,8,1,0,3,1,27,-1,1,2022-23,Regular Season,1629630,Ja Morant
22022,1629630,0022200726,2023-01-25,MEM @ GSW,L,35,10,20,0.5,2,7,0.286,7,12,0.583,1,3,4,12,2,1,5,3,29,1,1,2022-23,Regular Season,1629630,Ja Morant
22022,1629630,0022200737,2023-01-27,MEM @ MIN,L,38,10,21,0.476,3,6,0.5,4,4,1.0,1,9,10,11,0,0,6,1,27,-2,1,2022-23,Regular Season,1629630,Ja Morant
22022,1629630,0022200753,2023-01-29,MEM vs. IND,W,42,9,21,0.429,1,6,0.167,8,9,0.889,2,8,10,15,2,1,2,3,27,20,1,2022-23,Regular Season,1629630,Ja Morant
22022,1629630,0022200771,2023-02-01,MEM vs. POR,L,34,8,16,0.5,3,7,0.429,13,18,0.722,2,7,9,12,1,0,5,2,32,-6,1,2022-23,Regular Season,1629630,Ja Morant
22022,1629630,0022200779,2023-02-02,MEM @ CLE,L,30,9,20,0.45,0,1,0.0,6,6,1.0,3,5,8,8,1,1,3,5,24,-14,1,2022-23,Regular Season,1629630,Ja Morant
22022,1629630,0022200819,2023-02-07,MEM vs. CHI,W,35,12,20,0.6,4,6,0.667,6,9,0.667,1,5,6,7,1,0,3,2,34,13,1,2022-23,Regular Season,1629630,Ja Morant
22022,1629630,0022200841,2023-02-10,MEM vs. MIN,W,33,13,23,0.565,3,7,0.429,3,6,0.5,3,6,9,9,3,0,5,0,32,16,1,2022-23,Regular Season,1629630,Ja Morant
22022,1629630,0022200855,2023-02-12,MEM @ BOS,L,34,9,18,0.5,0,4,0.0,7,11,0.636,0,6,6,7,0,0,1,1,25,3,1,2022-23,Regular Season,1629630,Ja Morant
22022,1629630,0022200879,2023-02-15,MEM vs. UTA,W,34,8,26,0.308,1,8,0.125,3,8,0.375,0,8,8,9,2,0,2,2,20,7,1,2022-23,Regular Season,1629630,Ja Morant
22022,1629630,0022200889,2023-02-23,MEM @ PHI,L,32,3,16,0.188,0,2,0.0,9,10,0.9,0,3,3,5,2,0,3,0,15,-6,1,2022-23,Regular Season,1629630,Ja Morant
22022,1629630,0022200907,2023-02-25,MEM vs. DEN,W,24,9,18,0.5,1,4,0.25,4,5,0.8,0,7,7,4,1,0,4,2,23,19,1,2022-23,Regular Season,1629630,Ja Morant
22022,1629630,0022200927,2023-02-28,MEM vs. LAL,W,34,15,29,0.517,0,5,0.0,9,11,0.818,1,9,10,10,2,0,3,0,39,14,1,2022-23,Regular Season,1629630,Ja Morant
22022,1629630,0022200938,2023-03-01,MEM @ HOU,W,27,6,12,0.5,1,2,0.5,7,10,0.7,2,5,7,7,2,0,0,0,20,15,1,2022-23,Regular Season,1629630,Ja Morant
22022,1629630,0022200952,2023-03-03,MEM @ DEN,L,33,8,20,0.4,2,3,0.667,9,11,0.818,1,3,4,10,2,0,3,2,27,-15,1,2022-23,Regular Season,1629630,Ja Morant
22022,1629630,0022201088,2023-03-22,MEM vs. HOU,W,24,6,13,0.462,0,2,0.0,5,6,0.833,0,4,4,5,2,1,2,3,17,11,1,2022-23,Regular Season,1629630,Ja Morant
22022,1629630,0022201100,2023-03-24,MEM vs. HOU,W,19,8,12,0.667,1,2,0.5,1,1,1.0,0,2,2,8,0,1,1,0,18,30,1,2022-23,Regular Season,1629630,Ja Morant
22022,1629630,0022201115,2023-03-26,MEM @ ATL,W,29,9,17,0.529,0,3,0.0,9,11,0.818,0,3,3,6,1,0,1,3,27,1,1,2022-23,Regular Season,1629630,Ja Morant
22022,1629630,0022201141,2023-03-29,MEM vs. LAC,L,35,11,28,0.393,2,9,0.222,12,12,1.0,0,4,4,9,3,0,8,3,36,-6,1,2022-23,Regular Season,1629630,Ja Morant
22022,1629630,0022201156,2023-03-31,MEM vs. LAC,W,26,4,11,0.364,0,3,0.0,2,4,0.5,0,5,5,4,0,0,3,1,10,-4,1,2022-23,Regular Season,1629630,Ja Morant
22022,1629630,0022201165,2023-04-02,MEM @ CHI,L,34,7,16,0.438,2,5,0.4,1,1,1.0,1,9,10,10,0,0,5,1,17,-20,1,2022-23,Regular Season,1629630,Ja Morant
22022,1629630,0022201184,2023-04-04,MEM vs. POR,W,35,9,15,0.6,2,6,0.333,3,4,0.75,0,6,6,9,1,1,2,0,23,19,1,2022-23,Regular Season,1629630,Ja Morant
22022,1629630,0022201208,2023-04-07,MEM @ MIL,W,24,5,8,0.625,0,1,0.0,2,5,0.4,0,6,6,8,0,0,4,1,12,11,1,2022-23,Regular Season,1629630,Ja Morant
42022,1629630,0042200151,2023-04-16,MEM vs. LAL,L,30,8,14,0.571,2,3,0.667,0,0,0.0,0,6,6,2,2,0,6,3,18,-8,1,2022-23,Playoffs,1629630,Ja Morant
42022,1629630,0042200153,2023-04-22,MEM @ LAL,L,42,13,26,0.5,6,10,0.6,13,14,0.929,3,6,9,13,0,0,3,2,45,3,1,2022-23,Playoffs,1629630,Ja Morant
42022,1629630,0042200154,2023-04-24,MEM @ LAL,L,44,8,24,0.333,1,6,0.167,2,4,0.5,3,1,4,7,3,1,4,3,19,1,1,2022-23,Playoffs,1629630,Ja Morant
42022,1629630,0042200155,2023-04-26,MEM vs. LAL,W,38,13,26,0.5,2,5,0.4,3,4,0.75,2,8,10,7,1,0,2,2,31,19,1,2022-23,Playoffs,1629630,Ja Morant
42022,1629630,0042200156,2023-04-28,MEM @ LAL,L,34,3,16,0.188,2,7,0.286,2,4,0.5,0,5,5,6,3,0,2,2,10,-31,1,2022-23,Playoffs,1629630,Ja Morant
22022,1626164,0022200013,2022-10-19,PHX vs. DAL,W,41,10,20,0.5,1,1,1.0,7,7,1.0,1,3,4,9,0,1,2,3,28,20,1,2022-23,Regular Season,1626164,Devin Booker
22022,1626164,0022200027,2022-10-21,PHX @ POR,L,44,11,23,0.478,3,7,0.429,8,9,0.889,0,5,5,3,1,0,2,1,33,-2,1,2022-23,Regular Season,1626164,Devin Booker
22022,1626164,0022200043,2022-10-23,PHX @ LAC,W,35,13,21,0.619,5,9,0.556,4,4,1.0,1,0,1,4,1,0,3,1,35,13,1,2022-23,Regular Season,1626164,Devin Booker
22022,1626164,0022200055,2022-10-25,PHX vs. GSW,W,35,10,19,0.526,3,8,0.375,11,14,0.786,1,1,2,7,3,0,3,3,34,32,1,2022-23,Regular Season,1626164,Devin Booker
22022,1626164,0022200079,2022-10-28,PHX vs. NOP,W,33,6,14,0.429,0,4,0.0,4,4,1.0,0,5,5,4,0,0,5,1,16,4,1,2022-23,Regular Season,1626164,Devin Booker
22022,1626164,0022200094,2022-10-30,PHX vs. HOU,W,35,14,24,0.583,1,7,0.143,1,3,0.333,1,2,3,6,1,0,1,2,30,11,1,2022-23,Regular Season,1626164,Devin Booker
22022,1626164,0022200106,2022-11-01,PHX vs. MIN,W,30,6,18,0.333,2,7,0.286,4,5,0.8,1,6,7,5,0,1,2,5,18,11,1,2022-23,Regular Season,1626164,Devin Booker
22022,1626164,0022200130,2022-11-04,PHX vs. POR,L,38,8,21,0.381,3,7,0.429,6,6,1.0,0,5,5,5,1,1,5,3,25,3,1,2022-23,Regular Season,1626164,Devin Booker
22022,1626164,0022200139,2022-11-05,PHX vs. POR,W,29,9,20,0.45,2,7,0.286,4,4,1.0,1,2,3,3,1,2,1,2,24,19,1,2022-23,Regular Season,1626164,Devin Booker
22022,1626164,0022200148,2022-11-07,PHX @ PHI,L,43,8,16,0.5,1,1,1.0,11,14,0.786,2,5,7,5,1,0,6,2,28,-9,1,2022-23,Regular Season,1626164,Devin Booker
22022,1626164,0022200167,2022-11-09,PHX @ MIN,W,38,12,23,0.522,5,7,0.714,3,3,1.0,0,4,4,10,2,0,1,2,32,26,1,2022-23,Regular Season,1626164,Devin Booker
22022,1626164,0022200177,2022-11-11,PHX @ ORL,L,34,6,19,0.316,2,8,0.25,3,3,1.0,3,5,8,6,1,0,2,2,17,-27,1,2022-23,Regular Season,1626164,Devin Booker
22022,1626164,0022200202,2022-11-14,PHX @ MIA,L,42,11,22,0.5,2,7,0.286,1,2,0.5,2,6,8,5,3,1,2,5,25,-7,1,2022-23,Regular Season,1626164,Devin Booker
22022,1626164,0022200220,2022-11-16,PHX vs. GSW,W,37,8,17,0.471,2,5,0.4,9,9,1.0,0,2,2,9,0,3,3,2,27,6,1,2022-23,Regular Season,1626164,Devin Booker
22022,1626164,0022200232,2022-11-18,PHX @ UTA,L,41,16,31,0.516,2,9,0.222,15,15,1.0,1,7,8,10,1,0,1,3,49,-4,1,2022-23,Regular Season,1626164,Devin Booker
22022,1626164,0022200240,2022-11-20,PHX vs. NYK,W,30,7,17,0.412,5,8,0.625,1,1,1.0,1,4,5,3,0,0,0,0,20,13,1,2022-23,Regular Season,1626164,Devin Booker
22022,1626164,0022200259,2022-11-22,PHX vs. LAL,W,35,10,24,0.417,2,6,0.333,3,3,1.0,1,3,4,5,0,0,4,6,25,4,1,2022-23,Regular Season,1626164,Devin Booker
22022,1626164,0022200283,2022-11-25,PHX vs. DET,W,36,8,17,0.471,2,7,0.286,3,7,0.429,0,7,7,5,1,1,2,2,21,10,1,2022-23,Regular Season,1626164,Devin Booker
22022,1626164,0022200289,2022-11-26,PHX vs. UTA,W,39,8,27,0.296,1,7,0.143,10,11,0.909,4,7,11,7,0,0,2,3,27,-4,1,2022-23,Regular Season,1626164,Devin Booker
22022,1626164,0022200307,2022-11-28,PHX @ SAC,W,41,17,28,0.607,1,6,0.167,9,9,1.0,0,8,8,4,6,0,6,4,44,14,1,2022-23,Regular Season,1626164,Devin Booker
22022,1626164,0022200321,2022-11-30,PHX vs. CHI,W,31,20,25,0.8,6,7,0.857,5,6,0.833,0,4,4,6,1,0,2,3,51,23,1,2022-23,Regular Season,1626164,Devin Booker
22022,1626164,0022200334,2022-12-02,PHX vs. HOU,L,34,15,25,0.6,4,6,0.667,7,10,0.7,0,4,4,8,0,0,3,3,41,8,1,2022-23,Regular Season,1626164,Devin Booker
22022,1626164,0022200345,2022-12-04,PHX @ SAS,W,28,7,16,0.438,1,3,0.333,5,5,1.0,0,0,0,8,0,0,2,2,20,26,1,2022-23,Regular Season,1626164,Devin Booker
22022,1626164,0022200358,2022-12-05,PHX @ DAL,L,30,4,13,0.308,1,2,0.5,2,2,1.0,0,2,2,5,0,0,1,4,11,-18,1,2022-23,Regular Season,1626164,Devin Booker
22022,1626164,0022200373,2022-12-07,PHX vs. BOS,L,25,6,17,0.353,1,6,0.167,4,4,1.0,1,4,5,3,0,1,2,5,17,-40,1,2022-23,Regular Season,1626164,Devin Booker
22022,1626164,0022200384,2022-12-09,PHX @ NOP,L,36,5,17,0.294,2,8,0.25,2,4,0.5,0,2,2,7,1,0,3,4,14,-18,1,2022-23,Regular Season,1626164,Devin Booker
22022,1626164,0022200427,2022-12-15,PHX @ LAC,W,35,6,22,0.273,1,9,0.111,1,1,1.0,1,3,4,4,1,0,2,1,14,4,1,2022-23,Regular Season,1626164,Devin Booker
22022,1626164,0022200444,2022-12-17,PHX vs. NOP,W,42,21,35,0.6,6,12,0.5,10,15,0.667,1,5,6,5,0,0,2,3,58,11,1,2022-23,Regular Season,1626164,Devin Booker
22022,1626164,0022200497,2022-12-25,PHX @ DEN,L,4,1,2,0.5,0,0,0.0,0,0,0.0,0,0,0,0,0,0,0,0,2,-9,1,2022-23,Regular Season,1626164,Devin Booker
22022,1626164,0022200817,2023-02-07,PHX @ BKN,W,26,6,15,0.4,2,8,0.25,5,7,0.714,0,4,4,6,0,0,2,5,19,-3,1,2022-23,Regular Season,1626164,Devin Booker
22022,1626164,0022200836,2023-02-10,PHX @ IND,W,26,7,18,0.389,3,9,0.333,4,4,1.0,0,4,4,5,1,0,4,4,21,11,1,2022-23,Regular Season,1626164,Devin Booker
22022,1626164,0022200870,2023-02-14,PHX vs. SAC,W,29,13,20,0.65,0,0,0.0,6,7,0.857,1,4,5,2,2,0,1,4,32,22,1,2022-23,Regular Season,1626164,Devin Booker
22022,1626164,0022200885,2023-02-16,PHX vs. LAC,L,35,6,16,0.375,1,6,0.167,6,7,0.857,0,3,3,9,0,1,5,5,19,-3,1,2022-23,Regular Season,1626164,Devin Booker
22022,1626164,0022200899,2023-02-24,PHX vs. OKC,W,36,9,21,0.429,1,7,0.143,6,6,1.0,2,4,6,8,0,0,3,1,25,-6,1,2022-23,Regular Season,1626164,Devin Booker
22022,1626164,0022200910,2023-02-26,PHX @ MIL,L,38,9,21,0.429,1,5,0.2,5,9,0.556,1,3,4,8,0,0,4,2,24,-1,1,2022-23,Regular Season,1626164,Devin Booker
22022,1626164,0022200933,2023-03-01,PHX @ CHA,W,33,15,26,0.577,3,7,0.429,4,6,0.667,2,4,6,7,0,2,1,1,37,9,1,2022-23,Regular Season,1626164,Devin Booker
22022,1626164,0022200950,2023-03-03,PHX @ CHI,W,36,12,24,0.5,6,10,0.6,5,6,0.833,2,3,5,6,1,1,0,3,35,23,1,2022-23,Regular Season,1626164,Devin Booker
22022,1626164,0022200962,2023-03-05,PHX @ DAL,W,40,15,25,0.6,1,3,0.333,5,6,0.833,2,3,5,10,1,0,1,4,36,17,1,2022-23,Regular Season,1626164,Devin Booker
22022,1626164,0022200990,2023-03-08,PHX vs. OKC,W,28,17,23,0.739,6,10,0.6,4,5,0.8,0,3,3,4,0,1,3,4,44,33,1,2022-23,Regular Season,1626164,Devin Booker
22022,1626164,0022201013,2023-03-11,PHX vs. SAC,L,39,11,19,0.579,2,6,0.333,4,4,1.0,1,2,3,8,4,0,4,5,28,-5,1,2022-23,Regular Season,1626164,Devin Booker
22022,1626164,0022201025,2023-03-13,PHX @ GSW,L,35,12,20,0.6,0,2,0.0,8,10,0.8,2,2,4,1,2,0,2,4,32,-14,1,2022-23,Regular Season,1626164,Devin Booker
22022,1626164,0022201033,2023-03-14,PHX vs. MIL,L,43,13,27,0.481,1,3,0.333,3,3,1.0,1,3,4,3,2,0,5,4,30,-7,1,2022-23,Regular Season,1626164,Devin Booker
22022,1626164,0022201046,2023-03-16,PHX vs. ORL,W,36,7,17,0.412,2,5,0.4,3,3,1.0,2,3,5,2,0,0,4,3,19,6,1,2022-23,Regular Season,1626164,Devin Booker
22022,1626164,0022201064,2023-03-19,PHX @ OKC,L,36,18,28,0.643,3,7,0.429,7,8,0.875,0,3,3,1,1,0,3,5,46,-5,1,2022-23,Regular Season,1626164,Devin Booker
22022,1626164,0022201092,2023-03-22,PHX @ LAL,L,41,11,16,0.688,1,3,0.333,10,12,0.833,0,6,6,5,0,0,7,4,33,0,1,2022-23,Regular Season,1626164,Devin Booker
22022,1626164,0022201105,2023-03-24,PHX @ SAC,L,33,10,16,0.625,0,1,0.0,12,14,0.857,1,7,8,5,0,0,2,4,32,-13,1,2022-23,Regular Season,1626164,Devin Booker
22022,1626164,0022201110,2023-03-25,PHX vs. PHI,W,32,9,18,0.5,2,4,0.5,9,9,1.0,0,3,3,5,0,1,4,2,29,8,1,2022-23,Regular Season,1626164,Devin Booker
22022,1626164,0022201125,2023-03-27,PHX @ UTA,W,34,7,19,0.368,2,6,0.333,8,8,1.0,4,3,7,5,2,1,4,3,24,10,1,2022-23,Regular Season,1626164,Devin Booker
22022,1626164,0022201144,2023-03-29,PHX vs. MIN,W,36,8,18,0.444,1,4,0.25,12,15,0.8,1,2,3,5,4,0,3,4,29,12,1,2022-23,Regular Season,1626164,Devin Booker
22022,1626164,0022201160,2023-03-31,PHX vs. DEN,W,35,9,20,0.45,2,9,0.222,7,8,0.875,0,2,2,6,1,0,4,2,27,13,1,2022-23,Regular Season,1626164,Devin Booker
22022,1626164,0022201172,2023-04-02,PHX @ OKC,W,37,8,14,0.571,1,5,0.2,5,5,1.0,1,4,5,10,1,0,5,4,22,5,1,2022-23,Regular Season,1626164,Devin Booker
22022,1626164,0022201188,2023-04-04,PHX vs. SAS,W,33,9,21,0.429,2,10,0.2,7,8,0.875,0,7,7,3,3,0,2,2,27,5,1,2022-23,Regular Season,1626164,Devin Booker
22022,1626164,0022201201,2023-04-06,PHX vs. DEN,W,37,3,12,0.25,1,5,0.2,8,8,1.0,0,1,1,8,0,0,2,3,15,10,1,2022-23,Regular Season,1626164,Devin Booker
42022,1626164,0042200171,2023-04-16,PHX vs. LAC,L,43,10,19,0.526,0,3,0.0,6,8,0.75,1,0,1,3,4,3,5,3,26,-6,1,2022-23,Playoffs,1626164,Devin Booker
42022,1626164,0042200172,2023-04-18,PHX vs. LAC,W,45,14,22,0.636,4,7,0.571,6,6,1.0,0,1,1,9,1,0,3,4,38,15,1,2022-23,Playoffs,1626164,Devin Booker
42022,1626164,0042200173,2023-04-20,PHX @ LAC,W,45,18,29,0.621,3,7,0.429,6,7,0.857,1,5,6,3,3,2,0,2,45,3,1,2022-23,Playoffs,1626164,Devin Booker
42022,1626164,0042200174,2023-04-22,PHX @ LAC,W,41,10,21,0.476,3,6,0.5,7,8,0.875,3,6,9,7,3,0,4,1,30,5,1,2022-23,Playoffs,1626164,Devin Booker
42022,1626164,0042200175,2023-04-25,PHX vs. LAC,W,42,19,27,0.704,4,7,0.571,5,6,0.833,2,6,8,10,2,0,3,4,47,11,1,2022-23,Playoffs,1626164,Devin Booker
42022,1626164,0042200221,2023-04-29,PHX @ DEN,L,40,10,19,0.526,0,1,0.0,7,8,0.875,2,2,4,8,1,2,3,1,27,-18,1,2022-23,Playoffs,1626164,Devin Booker
42022,1626164,0042200222,2023-05-01,PHX @ DEN,L,45,14,29,0.483,4,8,0.5,3,3,1.0,0,5,5,6,0,0,2,4,35,-7,1,2022-23,Playoffs,1626164,Devin Booker
42022,1626164,0042200223,2023-05-05,PHX vs. DEN,W,42,20,25,0.8,5,8,0.625,2,2,1.0,0,6,6,9,3,1,3,5,47,7,1,2022-23,Playoffs,1626164,Devin Booker
42022,1626164,0042200224,2023-05-07,PHX vs. DEN,W,40,14,18,0.778,3,4,0.75,5,6,0.833,3,3,6,12,1,0,5,5,36,-1,1,2022-23,Playoffs,1626164,Devin Booker
42022,1626164,0042200225,2023-05-09,PHX @ DEN,L,41,8,19,0.421,4,7,0.571,8,9,0.889,0,6,6,4,0,0,2,4,28,-19,1,2022-23,Playoffs,1626164,Devin Booker
42022,1626164,0042200226,2023-05-11,PHX vs. DEN,L,36,4,13,0.308,1,3,0.333,3,4,0.75,0,1,1,8,1,1,2,4,12,-27,1,2022-23,Playoffs,1626164,Devin Booker
22022,1629627,0022200006,2022-10-19,NOP @ BKN,W,30,11,22,0.5,0,0,0.0,3,4,0.75,3,6,9,3,4,0,2,3,25,13,1,2022-23,Regular Season,1629627,Zion Williamson
22022,1629627,0022200017,2022-10-21,NOP @ CHA,W,31,7,19,0.368,0,0,0.0,2,4,0.5,2,3,5,3,1,0,3,0,16,13,1,2022-23,Regular Season,1629627,Zion Williamson
22022,1629627,0022200040,2022-10-23,NOP vs. UTA,L,30,10,16,0.625,0,0,0.0,5,6,0.833,2,4,6,1,1,2,4,3,25,-7,1,2022-23,Regular Season,1629627,Zion Williamson
22022,1629627,0022200088,2022-10-30,NOP @ LAC,W,31,9,17,0.529,0,0,0.0,3,4,0.75,3,9,12,7,1,0,1,1,21,19,1,2022-23,Regular Season,1629627,Zion Williamson
22022,1629627,0022200117,2022-11-02,NOP @ LAL,L,37,11,21,0.524,0,1,0.0,5,8,0.625,2,3,5,7,0,0,3,5,27,-13,1,2022-23,Regular Season,1629627,Zion Williamson
22022,1629627,0022200128,2022-11-04,NOP vs. GSW,W,28,7,11,0.636,0,0,0.0,2,4,0.5,0,3,3,1,1,0,2,2,16,9,1,2022-23,Regular Season,1629627,Zion Williamson
22022,1629627,0022200134,2022-11-05,NOP @ ATL,L,37,11,20,0.55,0,1,0.0,7,10,0.7,2,6,8,4,0,0,7,2,29,-4,1,2022-23,Regular Season,1629627,Zion Williamson
22022,1629627,0022200147,2022-11-07,NOP @ IND,L,34,10,15,0.667,2,3,0.667,4,6,0.667,3,4,7,7,2,1,1,4,26,-9,1,2022-23,Regular Season,1629627,Zion Williamson
22022,1629627,0022200166,2022-11-09,NOP @ CHI,W,31,6,11,0.545,0,0,0.0,7,8,0.875,4,1,5,1,0,0,1,3,19,3,1,2022-23,Regular Season,1629627,Zion Williamson
22022,1629627,0022200175,2022-11-10,NOP vs. POR,L,32,9,14,0.643,1,1,1.0,10,15,0.667,1,5,6,3,1,0,3,4,29,-12,1,2022-23,Regular Season,1629627,Zion Williamson
22022,1629627,0022200191,2022-11-12,NOP vs. HOU,W,35,8,9,0.889,0,0,0.0,10,12,0.833,1,3,4,6,1,0,3,3,26,21,1,2022-23,Regular Season,1629627,Zion Williamson
22022,1629627,0022200253,2022-11-21,NOP vs. GSW,W,23,3,7,0.429,0,0,0.0,3,4,0.75,0,2,2,4,0,0,2,1,9,28,1,2022-23,Regular Season,1629627,Zion Williamson
22022,1629627,0022200269,2022-11-23,NOP @ SAS,W,27,14,18,0.778,0,2,0.0,4,8,0.5,4,7,11,1,2,1,1,1,32,20,1,2022-23,Regular Season,1629627,Zion Williamson
22022,1629627,0022200279,2022-11-25,NOP @ MEM,L,30,6,12,0.5,0,0,0.0,2,2,1.0,1,4,5,4,1,0,1,3,14,-32,1,2022-23,Regular Season,1629627,Zion Williamson
22022,1629627,0022200304,2022-11-28,NOP vs. OKC,W,35,11,18,0.611,0,1,0.0,1,1,1.0,2,6,8,8,1,3,4,3,23,19,1,2022-23,Regular Season,1629627,Zion Williamson
22022,1629627,0022200318,2022-11-30,NOP vs. TOR,W,37,12,15,0.8,0,0,0.0,9,12,0.75,3,7,10,5,4,2,4,2,33,19,1,2022-23,Regular Season,1629627,Zion Williamson
22022,1629627,0022200333,2022-12-02,NOP @ SAS,W,34,9,14,0.643,0,2,0.0,12,13,0.923,4,11,15,8,2,1,3,1,30,28,1,2022-23,Regular Season,1629627,Zion Williamson
22022,1629627,0022200344,2022-12-04,NOP vs. DEN,W,36,9,17,0.529,0,0,0.0,7,11,0.636,1,5,6,4,1,1,4,0,25,11,1,2022-23,Regular Season,1629627,Zion Williamson
22022,1629627,0022200371,2022-12-07,NOP vs. DET,W,33,11,16,0.688,0,0,0.0,7,11,0.636,2,8,10,5,1,1,4,1,29,1,1,2022-23,Regular Season,1629627,Zion Williamson
22022,1629627,0022200384,2022-12-09,NOP vs. PHX,W,37,13,17,0.765,0,0,0.0,9,12,0.75,1,6,7,4,1,0,2,0,35,30,1,2022-23,Regular Season,1629627,Zion Williamson
22022,1629627,0022200395,2022-12-11,NOP vs. PHX,W,42,14,21,0.667,2,3,0.667,5,7,0.714,1,7,8,3,1,0,5,3,35,16,1,2022-23,Regular Season,1629627,Zion Williamson
22022,1629627,0022200412,2022-12-13,NOP @ UTA,L,26,10,16,0.625,0,2,0.0,6,10,0.6,3,6,9,5,2,0,4,3,26,-15,1,2022-23,Regular Season,1629627,Zion Williamson
22022,1629627,0022200426,2022-12-15,NOP @ UTA,L,42,12,24,0.5,1,1,1.0,6,8,0.75,5,3,8,8,0,2,3,2,31,2,1,2022-23,Regular Season,1629627,Zion Williamson
22022,1629627,0022200444,2022-12-17,NOP @ PHX,L,39,12,15,0.8,0,1,0.0,6,7,0.857,0,3,3,9,0,1,6,4,30,2,1,2022-23,Regular Season,1629627,Zion Williamson
22022,1629627,0022200457,2022-12-19,NOP vs. MIL,L,40,7,16,0.438,0,0,0.0,4,8,0.5,3,4,7,7,3,0,5,1,18,-2,1,2022-23,Regular Season,1629627,Zion Williamson
22022,1629627,0022200520,2022-12-28,NOP vs. MIN,W,34,14,21,0.667,1,1,1.0,14,19,0.737,0,3,3,5,1,1,4,3,43,3,1,2022-23,Regular Season,1629627,Zion Williamson
22022,1629627,0022200534,2022-12-30,NOP vs. PHI,W,31,13,19,0.684,0,0,0.0,10,16,0.625,2,3,5,2,0,0,3,3,36,-4,1,2022-23,Regular Season,1629627,Zion Williamson
22022,1629627,0022200543,2022-12-31,NOP @ MEM,L,28,6,16,0.375,0,0,0.0,8,10,0.8,3,6,9,1,0,0,9,3,20,-16,1,2022-23,Regular Season,1629627,Zion Williamson
22022,1629627,0022200554,2023-01-02,NOP @ PHI,L,28,10,12,0.833,0,0,0.0,6,8,0.75,0,6,6,7,0,0,5,1,26,6,1,2022-23,Regular Season,1629627,Zion Williamson
22022,1630162,0022200010,2022-10-19,MIN vs. OKC,W,32,4,17,0.235,1,7,0.143,2,4,0.5,1,7,8,7,0,0,2,5,11,8,1,2022-23,Regular Season,1630162,Anthony Edwards
22022,1630162,0022200025,2022-10-21,MIN vs. UTA,L,41,12,23,0.522,3,9,0.333,3,5,0.6,1,4,5,2,0,1,5,0,30,-6,1,2022-23,Regular Season,1630162,Anthony Edwards
22022,1630162,0022200041,2022-10-23,MIN @ OKC,W,34,13,19,0.684,3,7,0.429,1,3,0.333,2,9,11,3,1,0,4,4,30,22,1,2022-23,Regular Season,1630162,Anthony Edwards
22022,1630162,0022200050,2022-10-24,MIN vs. SAS,L,35,3,15,0.2,1,8,0.125,2,3,0.667,0,10,10,2,0,0,3,1,9,-14,1,2022-23,Regular Season,1630162,Anthony Edwards
22022,1630162,0022200062,2022-10-26,MIN vs. SAS,W,38,12,21,0.571,7,12,0.583,3,4,0.75,0,3,3,9,2,0,5,3,34,16,1,2022-23,Regular Season,1630162,Anthony Edwards
22022,1630162,0022200076,2022-10-28,MIN vs. LAL,W,38,11,22,0.5,3,8,0.375,4,6,0.667,0,4,4,2,1,0,2,4,29,4,1,2022-23,Regular Season,1630162,Anthony Edwards
22022,1630162,0022200092,2022-10-30,MIN @ SAS,L,36,7,18,0.389,1,4,0.25,3,3,1.0,0,2,2,6,2,1,1,4,18,-3,1,2022-23,Regular Season,1630162,Anthony Edwards
22022,1630162,0022200106,2022-11-01,MIN @ PHX,L,40,8,21,0.381,5,10,0.5,3,5,0.6,0,6,6,1,3,1,3,5,24,-12,1,2022-23,Regular Season,1630162,Anthony Edwards
22022,1630162,0022200129,2022-11-04,MIN vs. MIL,L,37,10,19,0.526,3,9,0.333,1,2,0.5,1,2,3,3,1,0,3,4,24,-16,1,2022-23,Regular Season,1630162,Anthony Edwards
22022,1630162,0022200137,2022-11-05,MIN vs. HOU,W,33,7,13,0.538,2,5,0.4,3,3,1.0,0,2,2,3,2,0,4,2,19,20,1,2022-23,Regular Season,1630162,Anthony Edwards
22022,1630162,0022200153,2022-11-07,MIN vs. NYK,L,37,5,14,0.357,1,7,0.143,5,6,0.833,1,8,9,1,1,0,3,1,16,-6,1,2022-23,Regular Season,1630162,Anthony Edwards
22022,1630162,0022200167,2022-11-09,MIN vs. PHX,L,35,4,12,0.333,0,4,0.0,3,6,0.5,0,3,3,6,2,0,3,5,11,-2,1,2022-23,Regular Season,1630162,Anthony Edwards
22022,1630162,0022200181,2022-11-11,MIN @ MEM,L,38,10,16,0.625,3,4,0.75,5,7,0.714,1,5,6,6,0,0,1,1,28,2,1,2022-23,Regular Season,1630162,Anthony Edwards
22022,1630162,0022200193,2022-11-13,MIN @ CLE,W,31,5,13,0.385,0,3,0.0,0,0,0.0,0,7,7,1,0,0,4,5,10,-11,1,2022-23,Regular Season,1630162,Anthony Edwards
22022,1630162,0022200212,2022-11-16,MIN @ ORL,W,39,12,20,0.6,7,13,0.538,4,7,0.571,0,8,8,6,2,1,1,1,35,29,1,2022-23,Regular Season,1630162,Anthony Edwards
22022,1630162,0022200237,2022-11-19,MIN @ PHI,W,36,7,21,0.333,2,10,0.2,9,9,1.0,0,5,5,5,1,1,5,2,25,2,1,2022-23,Regular Season,1630162,Anthony Edwards
22022,1630162,0022200252,2022-11-21,MIN vs. MIA,W,39,9,21,0.429,4,12,0.333,0,1,0.0,1,6,7,4,4,1,4,3,22,0,1,2022-23,Regular Season,1630162,Anthony Edwards
22022,1630162,0022200262,2022-11-23,MIN @ IND,W,36,7,14,0.5,3,5,0.6,2,2,1.0,0,7,7,2,1,0,4,2,19,10,1,2022-23,Regular Season,1630162,Anthony Edwards
22022,1630162,0022200272,2022-11-25,MIN @ CHA,L,37,10,21,0.476,3,10,0.3,2,2,1.0,1,4,5,4,1,0,2,3,25,7,1,2022-23,Regular Season,1630162,Anthony Edwards
22022,1630162,0022200291,2022-11-27,MIN vs. GSW,L,36,7,17,0.412,2,6,0.333,10,11,0.909,1,3,4,4,1,0,1,1,26,-29,1,2022-23,Regular Season,1630162,Anthony Edwards
22022,1630162,0022200300,2022-11-28,MIN @ WAS,L,37,9,19,0.474,1,6,0.167,10,11,0.909,3,5,8,2,2,0,7,2,29,-25,1,2022-23,Regular Season,1630162,Anthony Edwards
22022,1630162,0022200317,2022-11-30,MIN vs. MEM,W,40,10,18,0.556,2,6,0.333,7,7,1.0,0,3,3,5,5,3,1,4,29,12,1,2022-23,Regular Season,1630162,Anthony Edwards
22022,1630162,0022200341,2022-12-03,MIN vs. OKC,L,37,10,22,0.455,2,6,0.333,4,6,0.667,0,3,3,4,6,0,5,2,26,5,1,2022-23,Regular Season,1630162,Anthony Edwards
22022,1630162,0022200370,2022-12-07,MIN vs. IND,W,35,8,18,0.444,1,3,0.333,9,10,0.9,1,7,8,8,6,0,6,3,26,-4,1,2022-23,Regular Season,1630162,Anthony Edwards
22022,1630162,0022200385,2022-12-09,MIN @ UTA,W,34,3,14,0.214,2,6,0.333,6,6,1.0,2,4,6,2,3,0,1,4,14,11,1,2022-23,Regular Season,1630162,Anthony Edwards
22022,1630162,0022200394,2022-12-10,MIN @ POR,L,41,10,20,0.5,4,8,0.5,2,4,0.5,1,5,6,7,2,0,3,3,26,0,1,2022-23,Regular Season,1630162,Anthony Edwards
22022,1630162,0022200407,2022-12-12,MIN @ POR,L,33,6,16,0.375,3,3,1.0,2,6,0.333,1,1,2,3,2,0,2,4,17,-25,1,2022-23,Regular Season,1630162,Anthony Edwards
22022,1630162,0022200423,2022-12-14,MIN @ LAC,L,37,6,14,0.429,2,7,0.286,5,7,0.714,0,7,7,3,2,1,5,5,19,-11,1,2022-23,Regular Season,1630162,Anthony Edwards
22022,1630162,0022200435,2022-12-16,MIN @ OKC,W,35,8,16,0.5,2,3,0.667,1,5,0.2,2,9,11,7,1,1,2,0,19,12,1,2022-23,Regular Season,1630162,Anthony Edwards
22022,1630162,0022200449,2022-12-18,MIN vs. CHI,W,38,13,24,0.542,4,10,0.4,7,7,1.0,1,6,7,11,2,0,4,2,37,15,1,2022-23,Regular Season,1630162,Anthony Edwards
22022,1630162,0022200456,2022-12-19,MIN vs. DAL,W,38,7,21,0.333,3,6,0.5,10,11,0.909,2,11,13,9,1,2,1,3,27,20,1,2022-23,Regular Season,1630162,Anthony Edwards
22022,1630162,0022200473,2022-12-21,MIN vs. DAL,L,38,11,21,0.524,0,4,0.0,1,2,0.5,0,4,4,5,1,1,4,1,23,-3,1,2022-23,Regular Season,1630162,Anthony Edwards
22022,1630162,0022200482,2022-12-23,MIN @ BOS,L,40,13,25,0.52,3,10,0.3,1,1,1.0,0,6,6,4,0,2,3,3,30,-22,1,2022-23,Regular Season,1630162,Anthony Edwards
22022,1630162,0022200500,2022-12-26,MIN @ MIA,L,40,11,16,0.688,5,8,0.625,2,3,0.667,1,5,6,7,2,1,8,3,29,0,1,2022-23,Regular Season,1630162,Anthony Edwards
22022,1630162,0022200520,2022-12-28,MIN @ NOP,L,39,10,23,0.435,2,6,0.333,5,9,0.556,1,5,6,2,2,1,4,4,27,-5,1,2022-23,Regular Season,1630162,Anthony Edwards
22022,1630162,0022200533,2022-12-30,MIN @ MIL,L,40,10,20,0.5,2,6,0.333,8,14,0.571,0,10,10,1,4,2,1,1,30,-4,1,2022-23,Regular Season,1630162,Anthony Edwards
22022,1630162,0022200544,2022-12-31,MIN vs. DET,L,39,10,21,0.476,4,10,0.4,6,7,0.857,0,7,7,5,1,0,3,3,30,-5,1,2022-23,Regular Season,1630162,Anthony Edwards
22022,1630162,0022200557,2023-01-02,MIN vs. DEN,W,36,10,24,0.417,3,11,0.273,6,6,1.0,1,9,10,5,1,0,3,5,29,13,1,2022-23,Regular Season,1630162,Anthony Edwards
22022,1630162,0022200571,2023-01-04,MIN vs. POR,W,36,11,26,0.423,3,9,0.333,7,9,0.778,0,7,7,3,0,0,3,4,32,8,1,2022-23,Regular Season,1630162,Anthony Edwards
22022,1630162,0022200587,2023-01-06,MIN vs. LAC,W,23,2,7,0.286,0,3,0.0,1,2,0.5,0,3,3,5,0,1,2,1,5,18,1,2022-23,Regular Season,1630162,Anthony Edwards
22022,1630162,0022200601,2023-01-08,MIN @ HOU,W,37,6,19,0.316,3,7,0.429,6,6,1.0,0,4,4,3,1,2,3,0,21,2,1,2022-23,Regular Season,1630162,Anthony Edwards
22022,1630162,0022200618,2023-01-11,MIN @ DET,L,24,8,18,0.444,2,7,0.286,2,2,1.0,0,1,1,6,0,0,2,2,20,-1,1,2022-23,Regular Season,1630162,Anthony Edwards
22022,1630162,0022200637,2023-01-13,MIN vs. PHX,W,37,12,24,0.5,2,8,0.25,5,5,1.0,0,6,6,3,2,0,3,4,31,2,1,2022-23,Regular Season,1630162,Anthony Edwards
22022,1630162,0022200645,2023-01-14,MIN vs. CLE,W,35,10,18,0.556,3,6,0.5,3,3,1.0,0,6,6,7,1,0,4,1,26,7,1,2022-23,Regular Season,1630162,Anthony Edwards
22022,1630162,0022200662,2023-01-16,MIN vs. UTA,L,36,10,25,0.4,4,10,0.4,5,5,1.0,0,4,4,5,3,0,2,1,29,-2,1,2022-23,Regular Season,1630162,Anthony Edwards
22022,1630162,0022200676,2023-01-18,MIN @ DEN,L,37,7,17,0.412,0,4,0.0,2,3,0.667,4,5,9,3,1,1,3,0,16,-12,1,2022-23,Regular Season,1630162,Anthony Edwards
22022,1630162,0022200680,2023-01-19,MIN vs. TOR,W,40,5,16,0.313,2,8,0.25,11,12,0.917,0,5,5,7,3,0,5,3,23,12,1,2022-23,Regular Season,1630162,Anthony Edwards
22022,1630162,0022200696,2023-01-21,MIN vs. HOU,W,41,17,29,0.586,8,16,0.5,2,2,1.0,0,6,6,4,3,3,5,1,44,14,1,2022-23,Regular Season,1630162,Anthony Edwards
22022,1630162,0022200709,2023-01-23,MIN @ HOU,L,37,9,20,0.45,6,10,0.6,7,9,0.778,1,2,3,5,4,1,6,3,31,-15,1,2022-23,Regular Season,1630162,Anthony Edwards
22022,1630162,0022200724,2023-01-25,MIN @ NOP,W,37,12,25,0.48,4,10,0.4,9,10,0.9,0,6,6,5,0,0,4,1,37,13,1,2022-23,Regular Season,1630162,Anthony Edwards
22022,1630162,0022200737,2023-01-27,MIN vs. MEM,W,36,9,18,0.5,3,5,0.6,4,6,0.667,0,7,7,7,0,1,2,2,25,10,1,2022-23,Regular Season,1630162,Anthony Edwards
22022,1630162,0022200746,2023-01-28,MIN vs. SAC,W,38,14,21,0.667,5,7,0.714,1,2,0.5,2,8,10,6,2,1,6,2,34,16,1,2022-23,Regular Season,1630162,Anthony Edwards
22022,1630162,0022200758,2023-01-30,MIN vs. SAC,L,41,14,27,0.519,4,11,0.364,1,4,0.25,2,6,8,5,2,2,6,2,33,-11,1,2022-23,Regular Season,1630162,Anthony Edwards
22022,1630162,0022200774,2023-02-01,MIN vs. GSW,W,39,10,26,0.385,2,11,0.182,5,6,0.833,0,6,6,5,2,1,6,1,27,-9,1,2022-23,Regular Season,1630162,Anthony Edwards
22022,1630162,0022200790,2023-02-03,MIN vs. ORL,L,38,5,15,0.333,1,7,0.143,8,10,0.8,0,5,5,5,1,1,4,3,19,-10,1,2022-23,Regular Season,1630162,Anthony Edwards
22022,1630162,0022200806,2023-02-05,MIN vs. DEN,W,31,8,17,0.471,1,5,0.2,3,5,0.6,0,4,4,3,2,0,2,2,20,13,1,2022-23,Regular Season,1630162,Anthony Edwards
22022,1630162,0022200820,2023-02-07,MIN @ DEN,L,21,7,11,0.636,1,3,0.333,4,5,0.8,0,3,3,3,0,1,1,3,19,-12,1,2022-23,Regular Season,1630162,Anthony Edwards
22022,1630162,0022200828,2023-02-08,MIN @ UTA,W,33,13,27,0.481,4,9,0.444,1,1,1.0,0,7,7,8,1,0,1,1,31,19,1,2022-23,Regular Season,1630162,Anthony Edwards
22022,1630162,0022200841,2023-02-10,MIN @ MEM,L,39,8,19,0.421,1,3,0.333,0,0,0.0,0,2,2,5,1,2,3,2,17,-18,1,2022-23,Regular Season,1630162,Anthony Edwards
22022,1630162,0022200865,2023-02-13,MIN @ DAL,W,36,12,22,0.545,1,4,0.25,7,7,1.0,1,4,5,1,0,0,3,4,32,9,1,2022-23,Regular Season,1630162,Anthony Edwards
22022,1630162,0022200884,2023-02-16,MIN vs. WAS,L,37,11,26,0.423,3,10,0.3,9,10,0.9,1,4,5,3,3,1,6,4,34,-6,1,2022-23,Regular Season,1630162,Anthony Edwards
22022,1630162,0022200898,2023-02-24,MIN vs. CHA,L,40,11,26,0.423,3,7,0.429,4,4,1.0,0,8,8,5,2,2,4,0,29,-3,1,2022-23,Regular Season,1630162,Anthony Edwards
22022,1630162,0022200916,2023-02-26,MIN @ GSW,L,39,5,19,0.263,2,8,0.25,0,1,0.0,0,5,5,7,2,2,5,1,12,1,1,2022-23,Regular Season,1630162,Anthony Edwards
22022,1630162,0022200932,2023-02-28,MIN @ LAC,W,37,6,18,0.333,2,5,0.4,4,5,0.8,1,3,4,3,3,2,4,2,18,8,1,2022-23,Regular Season,1630162,Anthony Edwards
22022,1630162,0022200955,2023-03-03,MIN @ LAL,W,36,7,16,0.438,5,8,0.625,0,0,0.0,0,5,5,2,4,2,5,5,19,4,1,2022-23,Regular Season,1630162,Anthony Edwards
22022,1630162,0022200961,2023-03-04,MIN @ SAC,W,36,10,20,0.5,2,8,0.25,5,8,0.625,1,3,4,8,0,0,4,4,27,-5,1,2022-23,Regular Season,1630162,Anthony Edwards
22022,1630162,0022200980,2023-03-07,MIN vs. PHI,L,34,12,24,0.5,5,10,0.5,3,4,0.75,0,7,7,1,0,0,2,2,32,-15,1,2022-23,Regular Season,1630162,Anthony Edwards
22022,1630162,0022201001,2023-03-10,MIN vs. BKN,L,44,12,26,0.462,3,9,0.333,5,6,0.833,0,6,6,2,2,3,2,2,32,-4,1,2022-23,Regular Season,1630162,Anthony Edwards
22022,1630162,0022201021,2023-03-13,MIN @ ATL,W,36,12,25,0.48,2,10,0.2,6,10,0.6,0,8,8,5,1,2,3,1,32,23,1,2022-23,Regular Season,1630162,Anthony Edwards
22022,1630162,0022201039,2023-03-15,MIN vs. BOS,L,38,10,20,0.5,5,8,0.625,3,5,0.6,0,10,10,7,0,0,3,0,28,5,1,2022-23,Regular Season,1630162,Anthony Edwards
22022,1630162,0022201050,2023-03-17,MIN @ CHI,L,8,3,4,0.75,2,2,1.0,0,0,0.0,0,0,0,1,0,0,0,0,8,5,1,2022-23,Regular Season,1630162,Anthony Edwards
22022,1630162,0022201121,2023-03-26,MIN @ GSW,W,35,5,14,0.357,2,8,0.25,1,2,0.5,1,3,4,3,1,0,3,1,13,12,1,2022-23,Regular Season,1630162,Anthony Edwards
22022,1630162,0022201128,2023-03-27,MIN @ SAC,W,39,6,15,0.4,1,3,0.333,4,8,0.5,1,4,5,7,0,0,1,4,17,6,1,2022-23,Regular Season,1630162,Anthony Edwards
22022,1630162,0022201144,2023-03-29,MIN @ PHX,L,40,13,22,0.591,3,9,0.333,2,3,0.667,0,0,0,6,1,1,1,2,31,-8,1,2022-23,Regular Season,1630162,Anthony Edwards
22022,1630162,0022201157,2023-03-31,MIN vs. LAL,L,38,4,16,0.25,2,7,0.286,1,2,0.5,0,4,4,3,1,0,3,1,11,-7,1,2022-23,Regular Season,1630162,Anthony Edwards
22022,1630162,0022201166,2023-04-02,MIN vs. POR,L,38,15,30,0.5,3,8,0.375,4,5,0.8,0,5,5,6,1,0,4,1,37,-1,1,2022-23,Regular Season,1630162,Anthony Edwards
22022,1630162,0022201180,2023-04-04,MIN @ BKN,W,31,7,18,0.389,2,5,0.4,7,7,1.0,1,4,5,3,1,2,2,1,23,13,1,2022-23,Regular Season,1630162,Anthony Edwards
22022,1630162,0022201214,2023-04-08,MIN @ SAS,W,25,13,25,0.52,4,9,0.444,3,4,0.75,2,3,5,3,2,0,0,1,33,15,1,2022-23,Regular Season,1630162,Anthony Edwards
22022,1630162,0022201225,2023-04-09,MIN vs. NOP,W,39,8,21,0.381,3,9,0.333,7,13,0.538,3,10,13,4,4,4,8,3,26,-4,1,2022-23,Regular Season,1630162,Anthony Edwards
42022,1630162,0042200141,2023-04-16,MIN @ DEN,L,28,6,15,0.4,1,4,0.25,5,6,0.833,0,2,2,5,2,1,1,4,18,-12,1,2022-23,Playoffs,1630162,Anthony Edwards
42022,1630162,0042200142,2023-04-19,MIN @ DEN,L,42,14,23,0.609,6,10,0.6,7,8,0.875,1,1,2,4,2,3,1,4,41,-3,1,2022-23,Playoffs,1630162,Anthony Edwards
42022,1630162,0042200143,2023-04-21,MIN vs. DEN,L,44,10,22,0.455,3,11,0.273,13,15,0.867,0,7,7,5,3,1,3,1,36,-7,1,2022-23,Playoffs,1630162,Anthony Edwards
42022,1630162,0042200144,2023-04-23,MIN vs. DEN,W,45,12,27,0.444,5,12,0.417,5,6,0.833,1,5,6,5,2,3,2,1,34,7,1,2022-23,Playoffs,1630162,Anthony Edwards
42022,1630162,0042200145,2023-04-25,MIN @ DEN,L,40,13,27,0.481,0,6,0.0,3,4,0.75,1,7,8,7,0,2,1,3,29,0,1,2022-23,Playoffs,1630162,Anthony Edwards
22022,1631094,0022200003,2022-10-19,ORL @ DET,L,35,11,18,0.611,0,0,0.0,5,7,0.714,2,7,9,5,0,2,4,5,27,2,1,2022-23,Regular Season,1631094,Paolo Banchero
22022,1631094,0022200020,2022-10-21,ORL @ ATL,L,34,6,18,0.333,1,6,0.167,7,8,0.875,2,10,12,2,1,3,4,1,20,-10,1,2022-23,Regular Season,1631094,Paolo Banchero
22022,1631094,0022200030,2022-10-22,ORL vs. BOS,L,33,6,19,0.316,2,7,0.286,9,11,0.818,1,4,5,3,0,1,2,1,23,-16,1,2022-23,Regular Season,1631094,Paolo Banchero
22022,1631094,0022200046,2022-10-24,ORL @ NYK,L,34,6,13,0.462,0,3,0.0,9,11,0.818,0,4,4,2,2,0,1,3,21,-2,1,2022-23,Regular Season,1631094,Paolo Banchero
22022,1631094,0022200056,2022-10-26,ORL @ CLE,L,37,10,19,0.526,3,5,0.6,6,8,0.75,1,7,8,4,1,2,3,2,29,-7,1,2022-23,Regular Season,1631094,Paolo Banchero
22022,1631094,0022200071,2022-10-28,ORL vs. CHA,W,27,8,14,0.571,2,4,0.5,3,7,0.429,2,10,12,7,0,0,2,0,21,27,1,2022-23,Regular Season,1631094,Paolo Banchero
22022,1631094,0022200093,2022-10-30,ORL @ DAL,L,32,6,20,0.3,1,6,0.167,5,8,0.625,0,3,3,4,0,0,2,5,18,6,1,2022-23,Regular Season,1631094,Paolo Banchero
22022,1631094,0022200105,2022-11-01,ORL @ OKC,L,37,6,13,0.462,0,1,0.0,3,3,1.0,0,8,8,2,1,0,4,0,15,1,1,2022-23,Regular Season,1631094,Paolo Banchero
22022,1631094,0022200118,2022-11-03,ORL vs. GSW,W,36,8,17,0.471,0,4,0.0,6,9,0.667,0,8,8,3,1,1,5,3,22,-19,1,2022-23,Regular Season,1631094,Paolo Banchero
22022,1631094,0022200132,2022-11-05,ORL vs. SAC,L,40,14,26,0.538,0,3,0.0,5,5,1.0,1,15,16,4,0,1,1,2,33,1,1,2022-23,Regular Season,1631094,Paolo Banchero
22022,1631094,0022200145,2022-11-07,ORL vs. HOU,L,35,8,16,0.5,2,4,0.5,12,14,0.857,0,6,6,4,2,0,5,4,30,-9,1,2022-23,Regular Season,1631094,Paolo Banchero
22022,1631094,0022200273,2022-11-25,ORL vs. PHI,L,36,5,12,0.417,1,3,0.333,8,11,0.727,2,2,4,3,1,0,4,1,19,-9,1,2022-23,Regular Season,1631094,Paolo Banchero
22022,1631094,0022200297,2022-11-27,ORL vs. PHI,L,31,7,17,0.412,1,4,0.25,3,6,0.5,0,1,1,1,0,0,0,3,18,-14,1,2022-23,Regular Season,1631094,Paolo Banchero
22022,1631094,0022200302,2022-11-28,ORL @ BKN,L,39,9,17,0.529,1,1,1.0,5,10,0.5,2,2,4,5,2,0,5,3,24,-9,1,2022-23,Regular Season,1631094,Paolo Banchero
22022,1631094,0022200313,2022-11-30,ORL vs. ATL,L,35,6,14,0.429,1,4,0.25,7,9,0.778,0,2,2,5,0,0,3,2,20,-21,1,2022-23,Regular Season,1631094,Paolo Banchero
22022,1631094,0022200330,2022-12-02,ORL @ CLE,L,37,10,17,0.588,0,2,0.0,2,4,0.5,3,2,5,4,1,0,2,0,22,-16,1,2022-23,Regular Season,1631094,Paolo Banchero
22022,1631094,0022200340,2022-12-03,ORL @ TOR,L,27,2,8,0.25,1,5,0.2,4,6,0.667,2,1,3,3,1,0,2,2,9,-28,1,2022-23,Regular Season,1631094,Paolo Banchero
22022,1631094,0022200353,2022-12-05,ORL vs. MIL,L,33,4,16,0.25,0,3,0.0,12,15,0.8,5,7,12,7,1,1,4,2,20,1,1,2022-23,Regular Season,1631094,Paolo Banchero
22022,1631094,0022200363,2022-12-07,ORL vs. LAC,W,38,5,13,0.385,0,2,0.0,13,14,0.929,1,4,5,2,2,0,2,3,23,-9,1,2022-23,Regular Season,1631094,Paolo Banchero
22022,1631094,0022200379,2022-12-09,ORL vs. TOR,W,38,8,11,0.727,1,3,0.333,6,7,0.857,0,6,6,4,0,1,3,3,23,18,1,2022-23,Regular Season,1631094,Paolo Banchero
22022,1631094,0022200398,2022-12-11,ORL vs. TOR,W,37,6,14,0.429,2,5,0.4,6,8,0.75,4,8,12,5,1,1,4,1,20,5,1,2022-23,Regular Season,1631094,Paolo Banchero
22022,1631094,0022200416,2022-12-14,ORL vs. ATL,W,34,6,16,0.375,2,7,0.286,6,7,0.857,2,4,6,6,2,1,2,4,20,15,1,2022-23,Regular Season,1631094,Paolo Banchero
22022,1631094,0022200430,2022-12-16,ORL @ BOS,W,37,5,13,0.385,3,6,0.5,7,8,0.875,1,4,5,5,1,0,3,5,20,-1,1,2022-23,Regular Season,1631094,Paolo Banchero
22022,1631094,0022200445,2022-12-18,ORL @ BOS,W,34,9,21,0.429,6,7,0.857,7,9,0.778,0,6,6,3,2,0,4,2,31,4,1,2022-23,Regular Season,1631094,Paolo Banchero
22022,1631094,0022200454,2022-12-19,ORL @ ATL,L,35,7,15,0.467,1,4,0.25,3,4,0.75,0,4,4,7,1,2,3,1,18,-1,1,2022-23,Regular Season,1631094,Paolo Banchero
22022,1631094,0022200472,2022-12-21,ORL @ HOU,W,32,9,20,0.45,1,4,0.25,4,8,0.5,0,13,13,3,2,0,5,2,23,-3,1,2022-23,Regular Season,1631094,Paolo Banchero
22022,1631094,0022200479,2022-12-23,ORL vs. SAS,W,29,7,15,0.467,3,6,0.5,1,1,1.0,0,6,6,4,0,0,2,0,18,13,1,2022-23,Regular Season,1631094,Paolo Banchero
22022,1631094,0022200505,2022-12-27,ORL vs. LAL,L,22,1,6,0.167,0,2,0.0,2,4,0.5,1,4,5,3,1,0,2,5,4,-12,1,2022-23,Regular Season,1631094,Paolo Banchero
22022,1631094,0022200515,2022-12-28,ORL @ DET,L,32,4,12,0.333,0,1,0.0,7,8,0.875,1,4,5,2,1,1,2,5,15,-14,1,2022-23,Regular Season,1631094,Paolo Banchero
22022,1631094,0022200529,2022-12-30,ORL vs. WAS,L,38,7,24,0.292,1,5,0.2,6,7,0.857,1,4,5,4,0,0,5,3,21,-20,1,2022-23,Regular Season,1631094,Paolo Banchero
22022,1631094,0022200566,2023-01-04,ORL vs. OKC,W,36,8,17,0.471,2,5,0.4,7,9,0.778,1,7,8,7,1,0,3,3,25,14,1,2022-23,Regular Season,1631094,Paolo Banchero
22022,1631094,0022200576,2023-01-05,ORL vs. MEM,L,36,10,20,0.5,2,7,0.286,8,9,0.889,3,6,9,3,1,0,1,3,30,10,1,2022-23,Regular Season,1631094,Paolo Banchero
22022,1631094,0022200594,2023-01-07,ORL @ GSW,W,31,9,20,0.45,4,9,0.444,3,4,0.75,1,4,5,3,1,0,2,1,25,7,1,2022-23,Regular Season,1631094,Paolo Banchero
22022,1631094,0022200610,2023-01-09,ORL @ SAC,L,32,5,11,0.455,2,7,0.286,5,8,0.625,0,8,8,4,3,0,1,0,17,-12,1,2022-23,Regular Season,1631094,Paolo Banchero
22022,1631094,0022200616,2023-01-10,ORL @ POR,W,38,5,16,0.313,1,5,0.2,8,10,0.8,0,10,10,2,3,1,5,2,19,7,1,2022-23,Regular Season,1631094,Paolo Banchero
22022,1631094,0022200638,2023-01-13,ORL @ UTA,L,31,8,16,0.5,1,5,0.2,2,4,0.5,1,3,4,3,2,0,4,6,19,-5,1,2022-23,Regular Season,1631094,Paolo Banchero
22022,1631094,0022200653,2023-01-15,ORL @ DEN,L,33,5,9,0.556,2,3,0.667,6,6,1.0,0,2,2,4,1,1,2,3,18,-16,1,2022-23,Regular Season,1631094,Paolo Banchero
22022,1631094,0022200683,2023-01-20,ORL vs. NOP,W,25,2,7,0.286,0,2,0.0,7,8,0.875,1,5,6,2,1,0,3,1,11,-15,1,2022-23,Regular Season,1631094,Paolo Banchero
22022,1631094,0022200693,2023-01-21,ORL @ WAS,L,28,5,12,0.417,1,4,0.25,4,6,0.667,1,0,1,4,0,0,0,1,15,-6,1,2022-23,Regular Season,1631094,Paolo Banchero
22022,1631094,0022200707,2023-01-23,ORL vs. BOS,W,36,7,13,0.538,3,5,0.6,6,9,0.667,0,5,5,2,0,0,1,0,23,12,1,2022-23,Regular Season,1631094,Paolo Banchero
22022,1631094,0022200720,2023-01-25,ORL vs. IND,W,36,6,14,0.429,2,6,0.333,9,10,0.9,1,2,3,4,2,1,4,4,23,9,1,2022-23,Regular Season,1631094,Paolo Banchero
22022,1631094,0022200738,2023-01-27,ORL @ MIA,L,36,4,14,0.286,1,6,0.167,10,13,0.769,0,5,5,1,1,0,5,3,19,-18,1,2022-23,Regular Season,1631094,Paolo Banchero
22022,1631094,0022200744,2023-01-28,ORL vs. CHI,L,25,3,14,0.214,0,4,0.0,3,4,0.75,2,5,7,3,1,0,1,2,9,-19,1,2022-23,Regular Season,1631094,Paolo Banchero
22022,1631094,0022200756,2023-01-30,ORL @ PHI,W,37,11,22,0.5,3,5,0.6,4,5,0.8,0,9,9,3,1,1,2,0,29,15,1,2022-23,Regular Season,1631094,Paolo Banchero
22022,1631094,0022200770,2023-02-01,ORL @ PHI,L,36,5,18,0.278,0,6,0.0,3,6,0.5,2,7,9,3,1,1,1,3,13,-12,1,2022-23,Regular Season,1631094,Paolo Banchero
22022,1631094,0022200790,2023-02-03,ORL @ MIN,W,33,3,16,0.188,0,2,0.0,5,9,0.556,2,6,8,4,1,0,4,3,11,6,1,2022-23,Regular Season,1631094,Paolo Banchero
22022,1631094,0022200802,2023-02-05,ORL @ CHA,W,35,6,20,0.3,0,4,0.0,10,11,0.909,2,8,10,5,1,0,1,0,22,4,1,2022-23,Regular Season,1631094,Paolo Banchero
22022,1631094,0022200816,2023-02-07,ORL vs. NYK,L,34,6,15,0.4,0,3,0.0,4,8,0.5,1,7,8,5,1,0,1,2,16,-7,1,2022-23,Regular Season,1631094,Paolo Banchero
22022,1631094,0022200831,2023-02-09,ORL vs. DEN,W,33,5,12,0.417,1,2,0.5,0,2,0.0,2,8,10,2,0,0,2,2,11,-5,1,2022-23,Regular Season,1631094,Paolo Banchero
22022,1631094,0022200848,2023-02-11,ORL vs. MIA,L,34,6,16,0.375,0,4,0.0,4,4,1.0,5,8,13,1,0,0,3,4,16,-8,1,2022-23,Regular Season,1631094,Paolo Banchero
22022,1631094,0022200863,2023-02-13,ORL @ CHI,W,35,8,18,0.444,0,4,0.0,6,7,0.857,2,2,4,3,0,3,2,1,22,9,1,2022-23,Regular Season,1631094,Paolo Banchero
22022,1631094,0022200868,2023-02-14,ORL @ TOR,L,32,5,13,0.385,0,2,0.0,3,4,0.75,0,1,1,3,0,0,3,1,13,-9,1,2022-23,Regular Season,1631094,Paolo Banchero
22022,1631094,0022200888,2023-02-23,ORL vs. DET,W,32,4,13,0.308,0,1,0.0,3,5,0.6,1,5,6,6,0,0,2,1,11,9,1,2022-23,Regular Season,1631094,Paolo Banchero
22022,1631094,0022200905,2023-02-25,ORL vs. IND,L,33,6,12,0.5,0,2,0.0,7,9,0.778,1,5,6,0,1,1,2,2,19,-19,1,2022-23,Regular Season,1631094,Paolo Banchero
22022,1631094,0022200922,2023-02-27,ORL @ NOP,W,34,10,18,0.556,0,3,0.0,9,11,0.818,1,7,8,4,1,0,2,1,29,12,1,2022-23,Regular Season,1631094,Paolo Banchero
22022,1631094,0022200939,2023-03-01,ORL @ MIL,L,31,4,13,0.308,0,2,0.0,1,2,0.5,0,7,7,5,0,2,4,3,9,-20,1,2022-23,Regular Season,1631094,Paolo Banchero
22022,1631094,0022200946,2023-03-03,ORL @ CHA,W,36,13,26,0.5,2,6,0.333,3,4,0.75,1,5,6,5,1,1,3,2,31,3,1,2022-23,Regular Season,1631094,Paolo Banchero
22022,1631094,0022200966,2023-03-05,ORL vs. POR,L,33,9,18,0.5,1,4,0.25,7,10,0.7,1,4,5,2,1,1,3,4,26,-8,1,2022-23,Regular Season,1631094,Paolo Banchero
22022,1631094,0022200978,2023-03-07,ORL vs. MIL,L,33,7,18,0.389,2,5,0.4,4,8,0.5,1,3,4,3,0,0,3,4,20,-18,1,2022-23,Regular Season,1631094,Paolo Banchero
22022,1631094,0022200994,2023-03-09,ORL vs. UTA,L,34,8,17,0.471,3,4,0.75,7,11,0.636,2,6,8,2,0,1,2,2,26,-7,1,2022-23,Regular Season,1631094,Paolo Banchero
22022,1631094,0022201007,2023-03-11,ORL vs. MIA,W,43,5,14,0.357,1,3,0.333,6,6,1.0,2,8,10,9,0,0,3,1,17,16,1,2022-23,Regular Season,1631094,Paolo Banchero
22022,1631094,0022201032,2023-03-14,ORL @ SAS,L,32,11,21,0.524,2,4,0.5,3,5,0.6,0,6,6,0,0,1,3,1,27,-20,1,2022-23,Regular Season,1631094,Paolo Banchero
22022,1631094,0022201046,2023-03-16,ORL @ PHX,L,34,7,15,0.467,1,4,0.25,3,4,0.75,0,8,8,3,2,0,5,1,18,-11,1,2022-23,Regular Season,1631094,Paolo Banchero
22022,1631094,0022201056,2023-03-18,ORL @ LAC,W,36,4,11,0.364,0,3,0.0,4,9,0.444,1,5,6,6,1,1,4,1,12,1,1,2022-23,Regular Season,1631094,Paolo Banchero
22022,1631094,0022201070,2023-03-19,ORL @ LAL,L,36,8,20,0.4,1,4,0.25,4,4,1.0,1,5,6,3,0,0,1,5,21,5,1,2022-23,Regular Season,1631094,Paolo Banchero
22022,1631094,0022201077,2023-03-21,ORL vs. WAS,W,37,6,9,0.667,0,0,0.0,6,6,1.0,2,7,9,8,1,0,2,2,18,11,1,2022-23,Regular Season,1631094,Paolo Banchero
22022,1631094,0022201093,2023-03-23,ORL vs. NYK,W,34,7,17,0.412,2,4,0.5,5,6,0.833,0,6,6,4,2,2,3,3,21,-9,1,2022-23,Regular Season,1631094,Paolo Banchero
22022,1631094,0022201118,2023-03-26,ORL vs. BKN,W,29,4,13,0.308,1,1,1.0,2,4,0.5,2,7,9,4,0,0,2,1,11,11,1,2022-23,Regular Season,1631094,Paolo Banchero
22022,1631094,0022201133,2023-03-28,ORL @ MEM,L,29,9,18,0.5,3,7,0.429,3,6,0.5,1,10,11,5,0,1,4,2,24,-4,1,2022-23,Regular Season,1631094,Paolo Banchero
22022,1631094,0022201151,2023-03-31,ORL @ WAS,W,34,8,17,0.471,1,3,0.333,13,14,0.929,2,10,12,6,0,3,2,3,30,-1,1,2022-23,Regular Season,1631094,Paolo Banchero
22022,1631094,0022201169,2023-04-02,ORL vs. DET,W,29,4,9,0.444,2,4,0.5,4,11,0.364,1,8,9,3,0,0,4,1,14,9,1,2022-23,Regular Season,1631094,Paolo Banchero
22022,1631094,0022201178,2023-04-04,ORL vs. CLE,L,38,7,16,0.438,2,4,0.5,4,6,0.667,3,7,10,4,1,0,5,2,20,-8,1,2022-23,Regular Season,1631094,Paolo Banchero
22022,1630567,0022200008,2022-10-19,TOR vs. CLE,W,32,7,14,0.5,1,1,1.0,0,0,0.0,1,2,3,7,2,1,3,4,15,20,1,2022-23,Regular Season,1630567,Scottie Barnes
22022,1630567,0022200021,2022-10-21,TOR @ BKN,L,36,7,14,0.5,1,2,0.5,2,2,1.0,2,5,7,3,2,1,3,2,17,2,1,2022-23,Regular Season,1630567,Scottie Barnes
22022,1630567,0022200031,2022-10-22,TOR @ MIA,L,13,5,9,0.556,0,1,0.0,1,3,0.333,1,1,2,2,0,1,1,1,11,-8,1,2022-23,Regular Season,1630567,Scottie Barnes
22022,1630567,0022200059,2022-10-26,TOR vs. PHI,W,33,6,11,0.545,1,4,0.25,3,3,1.0,1,9,10,5,1,0,0,0,16,3,1,2022-23,Regular Season,1630567,Scottie Barnes
22022,1630567,0022200073,2022-10-28,TOR vs. PHI,L,29,4,7,0.571,3,4,0.75,2,2,1.0,2,4,6,1,1,0,2,1,13,-21,1,2022-23,Regular Season,1630567,Scottie Barnes
22022,1630567,0022200099,2022-10-31,TOR vs. ATL,W,33,7,14,0.5,5,9,0.556,2,3,0.667,0,7,7,8,1,0,2,3,21,31,1,2022-23,Regular Season,1630567,Scottie Barnes
22022,1630567,0022200114,2022-11-02,TOR @ SAS,W,28,7,13,0.538,1,4,0.25,0,0,0.0,1,3,4,5,0,1,2,0,15,30,1,2022-23,Regular Season,1630567,Scottie Barnes
22022,1630567,0022200127,2022-11-04,TOR @ DAL,L,38,4,12,0.333,1,6,0.167,2,2,1.0,3,8,11,10,1,0,5,0,11,1,1,2022-23,Regular Season,1630567,Scottie Barnes
22022,1630567,0022200141,2022-11-06,TOR vs. CHI,W,40,8,19,0.421,2,7,0.286,1,2,0.5,2,8,10,4,1,0,2,1,19,5,1,2022-23,Regular Season,1630567,Scottie Barnes
22022,1630567,0022200151,2022-11-07,TOR @ CHI,L,30,2,9,0.222,0,2,0.0,1,2,0.5,1,5,6,5,0,0,1,3,5,6,1,2022-23,Regular Season,1630567,Scottie Barnes
22022,1630567,0022200165,2022-11-09,TOR vs. HOU,W,34,6,16,0.375,1,4,0.25,0,0,0.0,7,1,8,5,0,2,1,1,13,6,1,2022-23,Regular Season,1630567,Scottie Barnes
22022,1630567,0022200179,2022-11-11,TOR @ OKC,L,29,5,13,0.385,1,3,0.333,4,6,0.667,0,3,3,4,1,2,2,1,15,-4,1,2022-23,Regular Season,1630567,Scottie Barnes
22022,1630567,0022200187,2022-11-12,TOR @ IND,L,39,4,16,0.25,0,4,0.0,0,0,0.0,4,5,9,5,2,1,2,2,8,-18,1,2022-23,Regular Season,1630567,Scottie Barnes
22022,1630567,0022200199,2022-11-14,TOR @ DET,W,34,4,9,0.444,0,1,0.0,0,0,0.0,0,5,5,4,1,1,3,3,8,1,1,2022-23,Regular Season,1630567,Scottie Barnes
22022,1630567,0022200215,2022-11-16,TOR vs. MIA,W,42,9,14,0.643,1,2,0.5,0,0,0.0,3,3,6,6,1,1,4,0,19,4,1,2022-23,Regular Season,1630567,Scottie Barnes
22022,1630567,0022200235,2022-11-19,TOR @ ATL,L,46,11,29,0.379,4,8,0.5,2,2,1.0,3,8,11,9,1,2,3,3,28,-1,1,2022-23,Regular Season,1630567,Scottie Barnes
22022,1630567,0022200303,2022-11-28,TOR vs. CLE,W,27,5,12,0.417,1,4,0.25,0,0,0.0,1,3,4,5,1,3,2,0,11,12,1,2022-23,Regular Season,1630567,Scottie Barnes
22022,1630567,0022200318,2022-11-30,TOR @ NOP,L,21,1,7,0.143,1,5,0.2,1,2,0.5,0,1,1,5,1,1,3,1,4,-14,1,2022-23,Regular Season,1630567,Scottie Barnes
22022,1630567,0022200329,2022-12-02,TOR @ BKN,L,37,6,12,0.5,1,2,0.5,4,7,0.571,2,7,9,3,0,0,7,3,17,-11,1,2022-23,Regular Season,1630567,Scottie Barnes
22022,1630567,0022200340,2022-12-03,TOR vs. ORL,W,33,8,10,0.8,0,2,0.0,1,3,0.333,3,11,14,4,2,1,2,2,17,34,1,2022-23,Regular Season,1630567,Scottie Barnes
22022,1630567,0022200355,2022-12-05,TOR vs. BOS,L,41,8,14,0.571,1,6,0.167,4,6,0.667,0,7,7,4,1,1,3,3,21,-1,1,2022-23,Regular Season,1630567,Scottie Barnes
22022,1630567,0022200366,2022-12-07,TOR vs. LAL,W,31,6,12,0.5,1,2,0.5,0,0,0.0,5,12,17,4,0,0,3,0,13,-13,1,2022-23,Regular Season,1630567,Scottie Barnes
22022,1630567,0022200379,2022-12-09,TOR @ ORL,L,32,3,7,0.429,0,1,0.0,0,0,0.0,2,4,6,2,0,0,1,3,6,-24,1,2022-23,Regular Season,1630567,Scottie Barnes
22022,1630567,0022200398,2022-12-11,TOR @ ORL,L,41,3,13,0.231,1,3,0.333,4,4,1.0,0,2,2,0,1,0,1,5,11,-16,1,2022-23,Regular Season,1630567,Scottie Barnes
22022,1630567,0022200417,2022-12-14,TOR vs. SAC,L,40,10,16,0.625,2,3,0.667,5,6,0.833,2,5,7,10,0,1,3,0,27,-2,1,2022-23,Regular Season,1630567,Scottie Barnes
22022,1630567,0022200433,2022-12-16,TOR vs. BKN,L,40,8,18,0.444,0,2,0.0,10,11,0.909,0,3,3,3,1,0,1,4,26,-7,1,2022-23,Regular Season,1630567,Scottie Barnes
22022,1630567,0022200448,2022-12-18,TOR vs. GSW,L,32,7,16,0.438,1,3,0.333,2,2,1.0,2,3,5,4,1,0,3,1,17,-12,1,2022-23,Regular Season,1630567,Scottie Barnes
22022,1630567,0022200453,2022-12-19,TOR @ PHI,L,30,3,9,0.333,0,3,0.0,0,0,0.0,1,2,3,3,0,0,2,3,6,-2,1,2022-23,Regular Season,1630567,Scottie Barnes
22022,1630567,0022200471,2022-12-21,TOR @ NYK,W,27,1,10,0.1,0,2,0.0,0,0,0.0,4,2,6,3,0,0,0,1,2,-16,1,2022-23,Regular Season,1630567,Scottie Barnes
22022,1630567,0022200484,2022-12-23,TOR @ CLE,W,40,10,16,0.625,0,1,0.0,5,5,1.0,4,6,10,4,2,0,2,4,25,12,1,2022-23,Regular Season,1630567,Scottie Barnes
22022,1630567,0022200509,2022-12-27,TOR vs. LAC,L,37,8,15,0.533,0,2,0.0,1,1,1.0,3,9,12,8,1,1,2,1,17,-6,1,2022-23,Regular Season,1630567,Scottie Barnes
22022,1630567,0022200526,2022-12-29,TOR vs. MEM,L,35,7,18,0.389,0,1,0.0,0,1,0.0,7,3,10,4,3,1,2,3,14,-6,1,2022-23,Regular Season,1630567,Scottie Barnes
22022,1630567,0022200531,2022-12-30,TOR vs. PHX,W,38,4,12,0.333,1,4,0.25,2,2,1.0,3,2,5,3,3,1,1,0,11,17,1,2022-23,Regular Season,1630567,Scottie Barnes
22022,1630567,0022200553,2023-01-02,TOR @ IND,L,40,8,14,0.571,1,2,0.5,6,8,0.75,2,6,8,8,0,2,3,4,23,16,1,2022-23,Regular Season,1630567,Scottie Barnes
22022,1630567,0022200569,2023-01-04,TOR vs. MIL,L,35,9,19,0.474,0,4,0.0,1,3,0.333,1,3,4,3,0,1,1,5,19,-1,1,2022-23,Regular Season,1630567,Scottie Barnes
22022,1630567,0022200582,2023-01-06,TOR vs. NYK,L,36,2,10,0.2,0,0,0.0,3,4,0.75,2,4,6,5,1,1,1,3,7,-8,1,2022-23,Regular Season,1630567,Scottie Barnes
22022,1630567,0022200597,2023-01-08,TOR vs. POR,W,29,7,12,0.583,1,3,0.333,7,8,0.875,3,6,9,4,3,2,1,3,22,9,1,2022-23,Regular Season,1630567,Scottie Barnes
22022,1630567,0022200613,2023-01-10,TOR vs. CHA,W,31,2,5,0.4,0,1,0.0,3,4,0.75,2,3,5,7,1,0,0,0,7,3,1,2022-23,Regular Season,1630567,Scottie Barnes
22022,1630567,0022200629,2023-01-12,TOR vs. CHA,W,34,8,14,0.571,0,0,0.0,5,6,0.833,2,5,7,9,0,2,0,4,21,15,1,2022-23,Regular Season,1630567,Scottie Barnes
22022,1630567,0022200644,2023-01-14,TOR vs. ATL,L,37,9,16,0.563,0,1,0.0,9,10,0.9,3,9,12,2,3,1,3,1,27,-10,1,2022-23,Regular Season,1630567,Scottie Barnes
22022,1630567,0022200659,2023-01-16,TOR @ NYK,W,45,8,16,0.5,1,2,0.5,9,13,0.692,6,1,7,4,1,2,3,3,26,8,1,2022-23,Regular Season,1630567,Scottie Barnes
22022,1630567,0022200665,2023-01-17,TOR @ MIL,L,37,6,15,0.4,0,3,0.0,2,5,0.4,6,7,13,5,3,1,3,1,14,-7,1,2022-23,Regular Season,1630567,Scottie Barnes
22022,1630567,0022200680,2023-01-19,TOR @ MIN,L,39,11,15,0.733,1,1,1.0,6,7,0.857,2,6,8,5,2,0,2,4,29,3,1,2022-23,Regular Season,1630567,Scottie Barnes
22022,1630567,0022200692,2023-01-21,TOR vs. BOS,L,42,4,9,0.444,2,2,1.0,0,0,0.0,0,3,3,5,0,3,2,1,10,1,1,2022-23,Regular Season,1630567,Scottie Barnes
22022,1630567,0022200700,2023-01-22,TOR vs. NYK,W,37,7,15,0.467,1,4,0.25,4,5,0.8,3,4,7,6,1,2,0,2,19,11,1,2022-23,Regular Season,1630567,Scottie Barnes
22022,1630567,0022200728,2023-01-25,TOR @ SAC,W,38,3,8,0.375,0,2,0.0,1,2,0.5,2,4,6,10,2,0,1,4,7,22,1,2022-23,Regular Season,1630567,Scottie Barnes
22022,1630567,0022200740,2023-01-27,TOR @ GSW,L,37,9,15,0.6,2,3,0.667,4,5,0.8,0,6,6,5,0,2,2,4,24,-2,1,2022-23,Regular Season,1630567,Scottie Barnes
22022,1630567,0022200751,2023-01-28,TOR @ POR,W,38,7,12,0.583,0,1,0.0,4,4,1.0,4,6,10,7,0,0,0,1,18,26,1,2022-23,Regular Season,1630567,Scottie Barnes
22022,1630567,0022200762,2023-01-30,TOR @ PHX,L,36,6,14,0.429,0,4,0.0,4,4,1.0,4,3,7,5,2,1,4,2,16,-8,1,2022-23,Regular Season,1630567,Scottie Barnes
22022,1630567,0022200776,2023-02-01,TOR @ UTA,L,41,7,23,0.304,2,6,0.333,2,2,1.0,9,5,14,3,1,0,1,4,18,-2,1,2022-23,Regular Season,1630567,Scottie Barnes
22022,1630567,0022200789,2023-02-03,TOR @ HOU,W,37,4,11,0.364,3,7,0.429,2,2,1.0,4,2,6,4,0,1,1,3,13,2,1,2022-23,Regular Season,1630567,Scottie Barnes
22022,1630567,0022200805,2023-02-05,TOR @ MEM,W,35,7,15,0.467,2,6,0.333,0,0,0.0,2,5,7,2,2,2,4,3,16,7,1,2022-23,Regular Season,1630567,Scottie Barnes
22022,1630567,0022200826,2023-02-08,TOR vs. SAS,W,39,4,10,0.4,1,4,0.25,1,2,0.5,1,8,9,4,1,0,2,2,10,-1,1,2022-23,Regular Season,1630567,Scottie Barnes
22022,1630567,0022200839,2023-02-10,TOR vs. UTA,L,39,5,14,0.357,0,3,0.0,2,2,1.0,3,4,7,9,0,0,1,3,12,-2,1,2022-23,Regular Season,1630567,Scottie Barnes
22022,1630567,0022200856,2023-02-12,TOR vs. DET,W,37,5,6,0.833,3,4,0.75,7,10,0.7,0,4,4,2,1,0,4,5,20,5,1,2022-23,Regular Season,1630567,Scottie Barnes
22022,1630567,0022200868,2023-02-14,TOR vs. ORL,W,36,6,15,0.4,0,2,0.0,5,7,0.714,3,3,6,6,1,2,1,1,17,8,1,2022-23,Regular Season,1630567,Scottie Barnes
22022,1630567,0022200890,2023-02-23,TOR vs. NOP,W,41,6,13,0.462,2,4,0.5,4,4,1.0,0,5,5,3,3,1,3,3,18,5,1,2022-23,Regular Season,1630567,Scottie Barnes
22022,1630567,0022200903,2023-02-25,TOR @ DET,W,37,5,17,0.294,1,5,0.2,1,2,0.5,2,5,7,4,0,0,2,4,12,3,1,2022-23,Regular Season,1630567,Scottie Barnes
22022,1630567,0022200914,2023-02-26,TOR @ CLE,L,31,5,13,0.385,0,1,0.0,2,3,0.667,1,2,3,5,0,2,2,2,12,-15,1,2022-23,Regular Season,1630567,Scottie Barnes
22022,1630567,0022200925,2023-02-28,TOR vs. CHI,W,35,4,12,0.333,2,3,0.667,1,3,0.333,4,4,8,4,1,4,1,2,11,19,1,2022-23,Regular Season,1630567,Scottie Barnes
22022,1630567,0022200942,2023-03-02,TOR @ WAS,L,36,6,15,0.4,0,3,0.0,2,2,1.0,3,0,3,5,0,0,3,5,14,-3,1,2022-23,Regular Season,1630567,Scottie Barnes
22022,1630567,0022200956,2023-03-04,TOR @ WAS,W,35,6,11,0.545,0,0,0.0,0,1,0.0,1,2,3,6,0,0,1,1,12,15,1,2022-23,Regular Season,1630567,Scottie Barnes
22022,1630567,0022200975,2023-03-06,TOR @ DEN,L,34,5,12,0.417,0,2,0.0,2,2,1.0,3,6,9,2,1,1,3,2,12,-14,1,2022-23,Regular Season,1630567,Scottie Barnes
22022,1630567,0022200991,2023-03-08,TOR @ LAC,L,37,6,21,0.286,2,4,0.5,6,6,1.0,4,1,5,4,2,0,3,5,20,-10,1,2022-23,Regular Season,1630567,Scottie Barnes
22022,1630567,0022201003,2023-03-10,TOR @ LAL,L,38,13,19,0.684,1,4,0.25,5,6,0.833,3,6,9,7,1,0,1,3,32,5,1,2022-23,Regular Season,1630567,Scottie Barnes
22022,1630567,0022201029,2023-03-14,TOR vs. DEN,W,37,8,16,0.5,0,1,0.0,2,2,1.0,4,3,7,5,1,0,4,2,18,24,1,2022-23,Regular Season,1630567,Scottie Barnes
22022,1630567,0022201044,2023-03-16,TOR vs. OKC,W,35,8,15,0.533,0,2,0.0,3,4,0.75,4,4,8,6,1,0,2,0,19,25,1,2022-23,Regular Season,1630567,Scottie Barnes
22022,1630567,0022201058,2023-03-18,TOR vs. MIN,W,28,3,10,0.3,0,1,0.0,4,5,0.8,2,2,4,2,0,0,1,3,10,1,1,2022-23,Regular Season,1630567,Scottie Barnes
22022,1630567,0022201068,2023-03-19,TOR @ MIL,L,13,2,3,0.667,1,2,0.5,0,0,0.0,0,2,2,1,1,0,0,0,5,-5,1,2022-23,Regular Season,1630567,Scottie Barnes
22022,1630567,0022201119,2023-03-26,TOR vs. WAS,W,32,5,14,0.357,0,2,0.0,3,3,1.0,2,3,5,6,3,1,1,4,13,10,1,2022-23,Regular Season,1630567,Scottie Barnes
22022,1630567,0022201132,2023-03-28,TOR vs. MIA,W,41,10,16,0.625,0,3,0.0,2,2,1.0,3,4,7,12,3,0,0,2,22,14,1,2022-23,Regular Season,1630567,Scottie Barnes
22022,1630567,0022201150,2023-03-31,TOR @ PHI,L,40,13,19,0.684,0,1,0.0,3,4,0.75,7,2,9,8,4,1,2,3,29,1,1,2022-23,Regular Season,1630567,Scottie Barnes
22022,1630567,0022201163,2023-04-02,TOR @ CHA,W,36,6,12,0.5,0,1,0.0,0,0,0.0,1,2,3,3,2,1,3,1,12,15,1,2022-23,Regular Season,1630567,Scottie Barnes
22022,1630567,0022201176,2023-04-04,TOR @ CHA,W,29,0,7,0.0,0,3,0.0,0,0,0.0,0,3,3,3,1,0,1,1,0,-3,1,2022-23,Regular Season,1630567,Scottie Barnes
22022,1630567,0022201192,2023-04-05,TOR @ BOS,L,39,7,13,0.538,2,5,0.4,2,4,0.5,1,7,8,5,2,1,4,3,18,1,1,2022-23,Regular Season,1630567,Scottie Barnes
22022,1630567,0022201206,2023-04-07,TOR @ BOS,L,30,3,10,0.3,0,2,0.0,2,3,0.667,0,2,2,3,0,1,2,2,8,-15,1,2022-23,Regular Season,1630567,Scottie Barnes
22022,1630567,0022201221,2023-04-09,TOR vs. MIL,W,22,4,9,0.444,0,2,0.0,0,0,0.0,0,2,2,5,0,0,1,0,8,8,1,2022-23,Regular Season,1630567,Scottie Barnes
22022,1630532,0022200003,2022-10-19,ORL @ DET,L,34,8,18,0.444,2,6,0.333,2,2,1.0,1,3,4,5,0,0,5,2,20,-2,1,2022-23,Regular Season,1630532,Franz Wagner
22022,1630532,0022200020,2022-10-21,ORL @ ATL,L,36,4,10,0.4,0,3,0.0,0,0,0.0,3,4,7,3,4,0,3,3,8,-8,1,2022-23,Regular Season,1630532,Franz Wagner
22022,1630532,0022200030,2022-10-22,ORL vs. BOS,L,35,8,17,0.471,2,6,0.333,0,0,0.0,2,4,6,2,1,0,1,1,18,-17,1,2022-23,Regular Season,1630532,Franz Wagner
22022,1630532,0022200046,2022-10-24,ORL @ NYK,L,36,5,15,0.333,1,6,0.167,3,4,0.75,3,3,6,5,0,0,2,3,14,4,1,2022-23,Regular Season,1630532,Franz Wagner
22022,1630532,0022200056,2022-10-26,ORL @ CLE,L,35,10,20,0.5,0,4,0.0,2,3,0.667,2,3,5,5,1,1,5,3,22,2,1,2022-23,Regular Season,1630532,Franz Wagner
22022,1630532,0022200071,2022-10-28,ORL vs. CHA,W,23,5,8,0.625,1,3,0.333,2,2,1.0,0,1,1,4,1,0,2,0,13,23,1,2022-23,Regular Season,1630532,Franz Wagner
22022,1630532,0022200093,2022-10-30,ORL @ DAL,L,35,3,12,0.25,0,3,0.0,5,6,0.833,0,2,2,4,0,1,3,2,11,-8,1,2022-23,Regular Season,1630532,Franz Wagner
22022,1630532,0022200105,2022-11-01,ORL @ OKC,L,37,8,18,0.444,1,5,0.2,3,3,1.0,0,1,1,7,1,2,2,2,20,12,1,2022-23,Regular Season,1630532,Franz Wagner
22022,1630532,0022200118,2022-11-03,ORL vs. GSW,W,37,7,12,0.583,1,1,1.0,4,5,0.8,0,3,3,2,0,0,4,2,19,2,1,2022-23,Regular Season,1630532,Franz Wagner
22022,1630532,0022200132,2022-11-05,ORL vs. SAC,L,40,13,22,0.591,1,5,0.2,4,5,0.8,0,3,3,6,3,0,2,4,31,3,1,2022-23,Regular Season,1630532,Franz Wagner
22022,1630532,0022200145,2022-11-07,ORL vs. HOU,L,33,9,12,0.75,3,4,0.75,2,2,1.0,2,3,5,7,0,0,2,2,23,2,1,2022-23,Regular Season,1630532,Franz Wagner
22022,1630532,0022200161,2022-11-09,ORL vs. DAL,W,33,9,17,0.529,0,3,0.0,4,4,1.0,0,3,3,6,0,0,3,2,22,13,1,2022-23,Regular Season,1630532,Franz Wagner
22022,1630532,0022200177,2022-11-11,ORL vs. PHX,W,31,7,15,0.467,0,3,0.0,3,4,0.75,1,5,6,3,0,0,2,3,17,5,1,2022-23,Regular Season,1630532,Franz Wagner
22022,1630532,0022200200,2022-11-14,ORL vs. CHA,L,34,9,17,0.529,1,1,1.0,4,4,1.0,1,5,6,3,0,0,3,2,23,-11,1,2022-23,Regular Season,1630532,Franz Wagner
22022,1630532,0022200212,2022-11-16,ORL vs. MIN,L,35,7,17,0.412,1,1,1.0,3,4,0.75,1,5,6,4,0,1,2,3,18,-25,1,2022-23,Regular Season,1630532,Franz Wagner
22022,1630532,0022200227,2022-11-18,ORL @ CHI,W,33,5,9,0.556,2,3,0.667,8,9,0.889,0,3,3,8,1,0,3,6,20,11,1,2022-23,Regular Season,1630532,Franz Wagner
22022,1630532,0022200236,2022-11-19,ORL @ IND,L,31,9,17,0.529,5,9,0.556,6,6,1.0,0,5,5,3,1,0,2,3,29,-4,1,2022-23,Regular Season,1630532,Franz Wagner
22022,1630532,0022200249,2022-11-21,ORL @ IND,L,31,6,11,0.545,0,1,0.0,8,10,0.8,0,6,6,3,1,0,3,5,20,-16,1,2022-23,Regular Season,1630532,Franz Wagner
22022,1630532,0022200273,2022-11-25,ORL vs. PHI,L,36,7,12,0.583,1,5,0.2,9,10,0.9,1,3,4,1,1,0,2,2,24,-8,1,2022-23,Regular Season,1630532,Franz Wagner
22022,1630532,0022200297,2022-11-27,ORL vs. PHI,L,27,6,11,0.545,1,4,0.25,4,5,0.8,0,3,3,2,0,1,2,1,17,-15,1,2022-23,Regular Season,1630532,Franz Wagner
22022,1630532,0022200302,2022-11-28,ORL @ BKN,L,31,8,16,0.5,3,6,0.5,2,3,0.667,2,0,2,2,2,0,4,5,21,-13,1,2022-23,Regular Season,1630532,Franz Wagner
22022,1630532,0022200313,2022-11-30,ORL vs. ATL,L,32,8,17,0.471,2,6,0.333,4,4,1.0,1,5,6,3,0,0,4,2,22,-4,1,2022-23,Regular Season,1630532,Franz Wagner
22022,1630532,0022200330,2022-12-02,ORL @ CLE,L,38,6,17,0.353,2,4,0.5,2,3,0.667,0,2,2,3,0,0,2,2,16,4,1,2022-23,Regular Season,1630532,Franz Wagner
22022,1630532,0022200340,2022-12-03,ORL @ TOR,L,22,4,8,0.5,1,3,0.333,0,0,0.0,0,1,1,1,2,0,3,1,9,-31,1,2022-23,Regular Season,1630532,Franz Wagner
22022,1630532,0022200353,2022-12-05,ORL vs. MIL,L,36,8,13,0.615,2,6,0.333,7,7,1.0,0,6,6,2,0,0,3,2,25,-10,1,2022-23,Regular Season,1630532,Franz Wagner
22022,1630532,0022200363,2022-12-07,ORL vs. LAC,W,37,6,19,0.316,1,6,0.167,2,3,0.667,1,5,6,1,1,0,0,0,15,2,1,2022-23,Regular Season,1630532,Franz Wagner
22022,1630532,0022200379,2022-12-09,ORL vs. TOR,W,33,12,15,0.8,2,4,0.5,8,8,1.0,1,4,5,2,2,0,1,2,34,6,1,2022-23,Regular Season,1630532,Franz Wagner
22022,1630532,0022200398,2022-12-11,ORL vs. TOR,W,36,6,14,0.429,3,5,0.6,8,10,0.8,1,2,3,4,0,1,1,3,23,13,1,2022-23,Regular Season,1630532,Franz Wagner
22022,1630532,0022200416,2022-12-14,ORL vs. ATL,W,36,7,17,0.412,3,6,0.5,7,8,0.875,1,2,3,4,0,1,1,3,24,9,1,2022-23,Regular Season,1630532,Franz Wagner
22022,1630532,0022200430,2022-12-16,ORL @ BOS,W,34,6,19,0.316,1,7,0.143,6,6,1.0,1,3,4,2,0,0,2,3,19,4,1,2022-23,Regular Season,1630532,Franz Wagner
22022,1630532,0022200445,2022-12-18,ORL @ BOS,W,32,5,15,0.333,1,5,0.2,1,1,1.0,0,5,5,3,0,0,1,3,12,-7,1,2022-23,Regular Season,1630532,Franz Wagner
22022,1630532,0022200454,2022-12-19,ORL @ ATL,L,35,6,18,0.333,2,6,0.333,5,5,1.0,6,1,7,2,1,1,0,2,19,9,1,2022-23,Regular Season,1630532,Franz Wagner
22022,1630532,0022200472,2022-12-21,ORL @ HOU,W,32,9,15,0.6,4,8,0.5,3,5,0.6,1,1,2,0,2,0,2,0,25,10,1,2022-23,Regular Season,1630532,Franz Wagner
22022,1630532,0022200479,2022-12-23,ORL vs. SAS,W,31,7,15,0.467,2,3,0.667,5,5,1.0,0,0,0,4,1,0,1,1,21,36,1,2022-23,Regular Season,1630532,Franz Wagner
22022,1630532,0022200505,2022-12-27,ORL vs. LAL,L,31,4,8,0.5,2,4,0.5,5,5,1.0,0,2,2,4,1,0,2,1,15,-10,1,2022-23,Regular Season,1630532,Franz Wagner
22022,1630532,0022200515,2022-12-28,ORL @ DET,L,29,7,15,0.467,1,4,0.25,4,5,0.8,2,4,6,3,1,0,1,1,19,-13,1,2022-23,Regular Season,1630532,Franz Wagner
22022,1630532,0022200529,2022-12-30,ORL vs. WAS,L,38,13,25,0.52,1,4,0.25,1,1,1.0,0,4,4,8,2,0,2,2,28,-14,1,2022-23,Regular Season,1630532,Franz Wagner
22022,1630532,0022200576,2023-01-05,ORL vs. MEM,L,38,6,10,0.6,2,4,0.5,8,10,0.8,0,2,2,3,2,0,2,4,22,-12,1,2022-23,Regular Season,1630532,Franz Wagner
22022,1630532,0022200594,2023-01-07,ORL @ GSW,W,35,9,16,0.563,3,7,0.429,3,5,0.6,0,2,2,2,1,0,2,3,24,14,1,2022-23,Regular Season,1630532,Franz Wagner
22022,1630532,0022200610,2023-01-09,ORL @ SAC,L,29,7,12,0.583,2,5,0.4,0,0,0.0,0,2,2,1,0,0,1,3,16,-9,1,2022-23,Regular Season,1630532,Franz Wagner
22022,1630532,0022200616,2023-01-10,ORL @ POR,W,34,12,20,0.6,2,5,0.4,3,4,0.75,1,1,2,2,2,0,2,2,29,14,1,2022-23,Regular Season,1630532,Franz Wagner
22022,1630532,0022200638,2023-01-13,ORL @ UTA,L,35,10,20,0.5,5,10,0.5,1,3,0.333,1,4,5,2,4,1,0,0,26,14,1,2022-23,Regular Season,1630532,Franz Wagner
22022,1630532,0022200653,2023-01-15,ORL @ DEN,L,32,7,16,0.438,2,7,0.286,3,4,0.75,0,5,5,2,1,0,2,1,19,21,1,2022-23,Regular Season,1630532,Franz Wagner
22022,1630532,0022200683,2023-01-20,ORL vs. NOP,W,32,10,16,0.625,5,7,0.714,5,5,1.0,1,5,6,9,0,0,2,2,30,21,1,2022-23,Regular Season,1630532,Franz Wagner
22022,1630532,0022200693,2023-01-21,ORL @ WAS,L,27,5,11,0.455,1,2,0.5,9,10,0.9,0,4,4,1,0,0,1,3,20,-17,1,2022-23,Regular Season,1630532,Franz Wagner
22022,1630532,0022200707,2023-01-23,ORL vs. BOS,W,33,7,13,0.538,1,5,0.2,0,0,0.0,2,5,7,6,1,0,1,1,15,17,1,2022-23,Regular Season,1630532,Franz Wagner
22022,1630532,0022200720,2023-01-25,ORL vs. IND,W,34,5,11,0.455,1,3,0.333,2,4,0.5,0,3,3,7,2,0,2,1,13,12,1,2022-23,Regular Season,1630532,Franz Wagner
22022,1630532,0022200738,2023-01-27,ORL @ MIA,L,33,6,10,0.6,3,4,0.75,4,4,1.0,1,5,6,2,0,0,1,2,19,0,1,2022-23,Regular Season,1630532,Franz Wagner
22022,1630532,0022200744,2023-01-28,ORL vs. CHI,L,23,3,8,0.375,0,2,0.0,1,1,1.0,0,2,2,4,0,0,1,0,7,-14,1,2022-23,Regular Season,1630532,Franz Wagner
22022,1630532,0022200756,2023-01-30,ORL @ PHI,W,38,7,16,0.438,2,4,0.5,3,6,0.5,5,1,6,3,2,0,1,4,19,7,1,2022-23,Regular Season,1630532,Franz Wagner
22022,1630532,0022200770,2023-02-01,ORL @ PHI,L,36,6,15,0.4,1,7,0.143,0,1,0.0,3,1,4,2,2,0,6,3,13,-4,1,2022-23,Regular Season,1630532,Franz Wagner
22022,1630532,0022200790,2023-02-03,ORL @ MIN,W,34,4,7,0.571,1,1,1.0,0,2,0.0,1,5,6,4,0,0,4,3,9,12,1,2022-23,Regular Season,1630532,Franz Wagner
22022,1630532,0022200802,2023-02-05,ORL @ CHA,W,31,5,16,0.313,2,5,0.4,2,2,1.0,3,3,6,1,1,0,1,3,14,6,1,2022-23,Regular Season,1630532,Franz Wagner
22022,1630532,0022200816,2023-02-07,ORL vs. NYK,L,32,7,12,0.583,1,4,0.25,3,4,0.75,0,2,2,4,0,1,0,3,18,-2,1,2022-23,Regular Season,1630532,Franz Wagner
22022,1630532,0022200831,2023-02-09,ORL vs. DEN,W,34,3,9,0.333,1,4,0.25,3,3,1.0,1,1,2,6,3,0,1,2,10,5,1,2022-23,Regular Season,1630532,Franz Wagner
22022,1630532,0022200848,2023-02-11,ORL vs. MIA,L,36,4,15,0.267,0,4,0.0,2,3,0.667,0,4,4,4,1,0,4,3,10,0,1,2022-23,Regular Season,1630532,Franz Wagner
22022,1630532,0022200863,2023-02-13,ORL @ CHI,W,33,7,8,0.875,3,4,0.75,1,2,0.5,0,3,3,3,1,0,4,3,18,9,1,2022-23,Regular Season,1630532,Franz Wagner
22022,1630532,0022200868,2023-02-14,ORL @ TOR,L,32,3,9,0.333,2,5,0.4,1,1,1.0,0,0,0,6,1,0,3,3,9,-13,1,2022-23,Regular Season,1630532,Franz Wagner
22022,1630532,0022200888,2023-02-23,ORL vs. DET,W,31,7,13,0.538,2,5,0.4,5,5,1.0,0,5,5,1,0,0,1,4,21,11,1,2022-23,Regular Season,1630532,Franz Wagner
22022,1630532,0022200905,2023-02-25,ORL vs. IND,L,34,7,12,0.583,2,5,0.4,5,6,0.833,1,5,6,2,1,0,1,2,21,-8,1,2022-23,Regular Season,1630532,Franz Wagner
22022,1630532,0022200922,2023-02-27,ORL @ NOP,W,36,4,10,0.4,3,7,0.429,0,0,0.0,1,4,5,3,2,1,1,4,11,-2,1,2022-23,Regular Season,1630532,Franz Wagner
22022,1630532,0022200939,2023-03-01,ORL @ MIL,L,30,5,11,0.455,1,3,0.333,7,8,0.875,1,0,1,1,0,0,3,0,18,-15,1,2022-23,Regular Season,1630532,Franz Wagner
22022,1630532,0022200946,2023-03-03,ORL @ CHA,W,14,3,5,0.6,1,2,0.5,2,2,1.0,0,1,1,1,0,1,2,0,9,10,1,2022-23,Regular Season,1630532,Franz Wagner
22022,1630532,0022200966,2023-03-05,ORL vs. POR,L,33,7,12,0.583,4,7,0.571,6,7,0.857,0,2,2,6,1,0,3,4,24,2,1,2022-23,Regular Season,1630532,Franz Wagner
22022,1630532,0022200978,2023-03-07,ORL vs. MIL,L,37,10,20,0.5,1,6,0.167,0,0,0.0,0,3,3,6,0,0,2,1,21,-7,1,2022-23,Regular Season,1630532,Franz Wagner
22022,1630532,0022200994,2023-03-09,ORL vs. UTA,L,35,9,21,0.429,4,9,0.444,2,2,1.0,0,1,1,1,1,0,1,2,24,-8,1,2022-23,Regular Season,1630532,Franz Wagner
22022,1630532,0022201007,2023-03-11,ORL vs. MIA,W,29,7,10,0.7,1,3,0.333,2,4,0.5,4,4,8,6,0,1,1,2,17,-5,1,2022-23,Regular Season,1630532,Franz Wagner
22022,1630532,0022201032,2023-03-14,ORL @ SAS,L,28,5,12,0.417,1,3,0.333,0,0,0.0,0,2,2,4,1,0,2,1,11,-24,1,2022-23,Regular Season,1630532,Franz Wagner
22022,1630532,0022201046,2023-03-16,ORL @ PHX,L,35,7,15,0.467,1,3,0.333,1,1,1.0,2,8,10,2,0,0,3,3,16,2,1,2022-23,Regular Season,1630532,Franz Wagner
22022,1630532,0022201056,2023-03-18,ORL @ LAC,W,33,7,13,0.538,2,7,0.286,4,4,1.0,0,4,4,4,1,0,4,4,20,9,1,2022-23,Regular Season,1630532,Franz Wagner
22022,1630532,0022201070,2023-03-19,ORL @ LAL,L,37,10,23,0.435,0,8,0.0,1,2,0.5,1,7,8,7,2,0,1,3,21,-3,1,2022-23,Regular Season,1630532,Franz Wagner
22022,1630532,0022201077,2023-03-21,ORL vs. WAS,W,39,7,12,0.583,2,3,0.667,4,4,1.0,0,4,4,6,1,0,3,3,20,8,1,2022-23,Regular Season,1630532,Franz Wagner
22022,1630532,0022201093,2023-03-23,ORL vs. NYK,W,32,7,12,0.583,0,1,0.0,2,2,1.0,0,3,3,6,2,1,2,2,16,11,1,2022-23,Regular Season,1630532,Franz Wagner
22022,1630532,0022201118,2023-03-26,ORL vs. BKN,W,32,6,11,0.545,0,2,0.0,7,9,0.778,1,9,10,6,2,0,3,5,19,11,1,2022-23,Regular Season,1630532,Franz Wagner
22022,1630532,0022201133,2023-03-28,ORL @ MEM,L,32,8,21,0.381,5,12,0.417,4,4,1.0,0,3,3,3,2,1,0,2,25,-13,1,2022-23,Regular Season,1630532,Franz Wagner
22022,1630532,0022201151,2023-03-31,ORL @ WAS,W,33,8,14,0.571,2,3,0.667,2,2,1.0,2,3,5,1,0,1,2,2,20,11,1,2022-23,Regular Season,1630532,Franz Wagner
22022,1630532,0022201169,2023-04-02,ORL vs. DET,W,31,5,11,0.455,1,3,0.333,5,6,0.833,0,5,5,8,3,0,1,1,16,33,1,2022-23,Regular Season,1630532,Franz Wagner
22022,1630532,0022201178,2023-04-04,ORL vs. CLE,L,33,7,18,0.389,1,3,0.333,2,3,0.667,4,2,6,1,1,0,2,4,17,-8,1,2022-23,Regular Season,1630532,Franz Wagner
22022,1630532,0022201207,2023-04-07,ORL @ BKN,L,24,4,11,0.364,0,2,0.0,4,4,1.0,0,5,5,0,1,0,2,1,12,-1,1,2022-23,Regular Season,1630532,Franz Wagner
22022,1630532,0022201219,2023-04-09,ORL @ MIA,L,15,2,5,0.4,0,1,0.0,6,6,1.0,0,4,4,3,2,0,3,0,10,1,1,2022-23,Regular Season,1630532,Franz Wagner
22022,1630169,0022200004,2022-10-19,IND vs. WAS,L,36,10,18,0.556,3,6,0.5,3,3,1.0,2,2,4,7,0,0,3,1,26,-5,1,2022-23,Regular Season,1630169,Tyrese Haliburton
22022,1630169,0022200018,2022-10-21,IND vs. SAS,L,27,9,18,0.5,1,5,0.2,8,8,1.0,1,2,3,12,1,0,4,4,27,-10,1,2022-23,Regular Season,1630169,Tyrese Haliburton
22022,1630169,0022200029,2022-10-22,IND vs. DET,W,32,7,16,0.438,3,6,0.5,7,8,0.875,2,2,4,10,5,0,1,2,24,1,1,2022-23,Regular Season,1630169,Tyrese Haliburton
22022,1630169,0022200044,2022-10-24,IND @ PHI,L,31,7,11,0.636,3,6,0.5,2,2,1.0,2,4,6,10,0,0,4,0,19,-8,1,2022-23,Regular Season,1630169,Tyrese Haliburton
22022,1630169,0022200061,2022-10-26,IND @ CHI,L,38,6,15,0.4,2,6,0.333,3,4,0.75,0,4,4,11,1,1,6,0,17,-2,1,2022-23,Regular Season,1630169,Tyrese Haliburton
22022,1630169,0022200074,2022-10-28,IND @ WAS,W,36,9,16,0.563,3,6,0.5,4,4,1.0,0,2,2,12,1,0,1,1,25,12,1,2022-23,Regular Season,1630169,Tyrese Haliburton
22022,1630169,0022200083,2022-10-29,IND @ BKN,W,33,7,16,0.438,6,10,0.6,6,6,1.0,2,4,6,8,3,0,3,1,26,6,1,2022-23,Regular Season,1630169,Tyrese Haliburton
22022,1630169,0022200098,2022-10-31,IND @ BKN,L,33,4,11,0.364,1,4,0.25,2,2,1.0,1,7,8,5,2,0,7,1,11,-3,1,2022-23,Regular Season,1630169,Tyrese Haliburton
22022,1630169,0022200121,2022-11-04,IND vs. MIA,W,36,9,16,0.563,3,8,0.375,1,4,0.25,0,9,9,9,2,0,1,1,22,-12,1,2022-23,Regular Season,1630169,Tyrese Haliburton
22022,1630169,0022200147,2022-11-07,IND vs. NOP,W,34,7,14,0.5,6,10,0.6,0,0,0.0,2,2,4,13,2,0,2,3,20,7,1,2022-23,Regular Season,1630169,Tyrese Haliburton
22022,1630169,0022200160,2022-11-09,IND vs. DEN,L,33,9,15,0.6,3,8,0.375,0,0,0.0,0,1,1,12,3,0,1,0,21,-12,1,2022-23,Regular Season,1630169,Tyrese Haliburton
22022,1630169,0022200187,2022-11-12,IND vs. TOR,W,39,3,14,0.214,2,9,0.222,0,1,0.0,1,5,6,15,2,1,3,2,8,26,1,2022-23,Regular Season,1630169,Tyrese Haliburton
22022,1630169,0022200211,2022-11-16,IND @ CHA,W,32,9,15,0.6,3,8,0.375,1,1,1.0,0,2,2,11,3,0,3,1,22,11,1,2022-23,Regular Season,1630169,Tyrese Haliburton
22022,1630169,0022200228,2022-11-18,IND @ HOU,W,36,7,16,0.438,2,9,0.222,3,3,1.0,0,6,6,8,1,0,1,1,19,0,1,2022-23,Regular Season,1630169,Tyrese Haliburton
22022,1630169,0022200236,2022-11-19,IND vs. ORL,W,34,9,16,0.563,3,8,0.375,1,2,0.5,1,3,4,14,2,3,3,3,22,4,1,2022-23,Regular Season,1630169,Tyrese Haliburton
22022,1630169,0022200249,2022-11-21,IND vs. ORL,W,27,7,12,0.583,1,5,0.2,3,3,1.0,0,4,4,14,0,0,7,0,18,13,1,2022-23,Regular Season,1630169,Tyrese Haliburton
22022,1630169,0022200262,2022-11-23,IND vs. MIN,L,35,4,15,0.267,2,7,0.286,0,0,0.0,1,1,2,14,1,0,3,0,10,-19,1,2022-23,Regular Season,1630169,Tyrese Haliburton
22022,1630169,0022200276,2022-11-25,IND vs. BKN,W,34,7,15,0.467,1,6,0.167,6,6,1.0,0,6,6,15,4,0,0,0,21,0,1,2022-23,Regular Season,1630169,Tyrese Haliburton
22022,1630169,0022200292,2022-11-27,IND @ LAC,L,31,6,16,0.375,3,8,0.375,0,0,0.0,0,5,5,11,2,0,0,0,15,-9,1,2022-23,Regular Season,1630169,Tyrese Haliburton
22022,1630169,0022200308,2022-11-28,IND @ LAL,W,35,10,22,0.455,3,7,0.429,1,3,0.333,2,5,7,14,1,1,0,1,24,5,1,2022-23,Regular Season,1630169,Tyrese Haliburton
22022,1630169,0022200323,2022-11-30,IND @ SAC,L,25,4,13,0.308,1,6,0.167,0,0,0.0,0,4,4,10,2,0,2,1,9,-24,1,2022-23,Regular Season,1630169,Tyrese Haliburton
22022,1630169,0022200335,2022-12-02,IND @ UTA,L,31,5,16,0.313,3,9,0.333,1,2,0.5,0,6,6,4,2,0,3,1,14,-12,1,2022-23,Regular Season,1630169,Tyrese Haliburton
22022,1630169,0022200370,2022-12-07,IND @ MIN,L,36,9,14,0.643,5,9,0.556,3,3,1.0,0,2,2,15,3,0,3,1,26,12,1,2022-23,Regular Season,1630169,Tyrese Haliburton
22022,1630169,0022200378,2022-12-09,IND vs. WAS,W,32,9,14,0.643,3,4,0.75,2,2,1.0,1,1,2,11,0,0,1,1,23,9,1,2022-23,Regular Season,1630169,Tyrese Haliburton
22022,1630169,0022200388,2022-12-10,IND vs. BKN,L,37,12,15,0.8,7,8,0.875,4,4,1.0,0,1,1,9,3,1,5,1,35,-3,1,2022-23,Regular Season,1630169,Tyrese Haliburton
22022,1630169,0022200402,2022-12-12,IND vs. MIA,L,33,0,9,0.0,0,6,0.0,1,1,1.0,0,3,3,6,0,2,2,1,1,7,1,2022-23,Regular Season,1630169,Tyrese Haliburton
22022,1630169,0022200415,2022-12-14,IND vs. GSW,W,34,9,17,0.529,5,10,0.5,6,7,0.857,2,2,4,6,1,2,6,3,29,-2,1,2022-23,Regular Season,1630169,Tyrese Haliburton
22022,1630169,0022200431,2022-12-16,IND @ CLE,L,35,5,13,0.385,0,8,0.0,7,7,1.0,0,0,0,14,3,1,2,0,17,2,1,2022-23,Regular Season,1630169,Tyrese Haliburton
22022,1630169,0022200446,2022-12-18,IND vs. NYK,L,32,5,16,0.313,2,6,0.333,3,3,1.0,0,1,1,10,0,0,2,3,15,2,1,2022-23,Regular Season,1630169,Tyrese Haliburton
22022,1630169,0022200469,2022-12-21,IND @ BOS,W,34,12,24,0.5,6,13,0.462,3,4,0.75,1,2,3,8,1,0,2,0,33,1,1,2022-23,Regular Season,1630169,Tyrese Haliburton
22022,1630169,0022200486,2022-12-23,IND @ MIA,W,37,14,20,0.7,10,16,0.625,5,5,1.0,1,1,2,7,1,1,3,1,43,4,1,2022-23,Regular Season,1630169,Tyrese Haliburton
22022,1630169,0022200502,2022-12-26,IND @ NOP,L,31,4,12,0.333,1,5,0.2,3,3,1.0,0,1,1,6,2,1,3,1,12,-19,1,2022-23,Regular Season,1630169,Tyrese Haliburton
22022,1630169,0022200508,2022-12-27,IND vs. ATL,W,30,9,16,0.563,3,8,0.375,2,3,0.667,1,2,3,7,1,0,1,0,23,10,1,2022-23,Regular Season,1630169,Tyrese Haliburton
22022,1630169,0022200524,2022-12-29,IND vs. CLE,W,34,10,19,0.526,6,8,0.75,3,3,1.0,0,2,2,9,2,0,1,0,29,12,1,2022-23,Regular Season,1630169,Tyrese Haliburton
22022,1630169,0022200538,2022-12-31,IND vs. LAC,W,33,8,13,0.615,2,6,0.333,6,7,0.857,1,6,7,10,4,1,0,2,24,3,1,2022-23,Regular Season,1630169,Tyrese Haliburton
22022,1630169,0022200553,2023-01-02,IND vs. TOR,W,32,7,15,0.467,2,4,0.5,0,0,0.0,0,6,6,8,2,0,7,1,16,-1,1,2022-23,Regular Season,1630169,Tyrese Haliburton
22022,1630169,0022200567,2023-01-04,IND @ PHI,L,40,7,14,0.5,2,7,0.286,0,0,0.0,3,4,7,12,2,1,2,0,16,2,1,2022-23,Regular Season,1630169,Tyrese Haliburton
22022,1630169,0022200580,2023-01-06,IND vs. POR,W,33,5,15,0.333,3,10,0.3,2,2,1.0,0,4,4,12,1,0,2,1,15,5,1,2022-23,Regular Season,1630169,Tyrese Haliburton
22022,1630169,0022200598,2023-01-08,IND vs. CHA,W,35,4,10,0.4,2,6,0.333,6,6,1.0,0,5,5,13,3,0,1,3,16,3,1,2022-23,Regular Season,1630169,Tyrese Haliburton
22022,1630169,0022200622,2023-01-11,IND @ NYK,L,27,6,12,0.5,1,5,0.2,2,3,0.667,0,3,3,7,1,0,4,1,15,-15,1,2022-23,Regular Season,1630169,Tyrese Haliburton
22022,1630169,0022200778,2023-02-02,IND vs. LAL,L,36,11,24,0.458,4,13,0.308,0,0,0.0,0,2,2,12,2,0,4,0,26,2,1,2022-23,Regular Season,1630169,Tyrese Haliburton
22022,1630169,0022200786,2023-02-03,IND vs. SAC,W,34,4,12,0.333,2,7,0.286,0,0,0.0,0,4,4,9,3,0,1,0,10,18,1,2022-23,Regular Season,1630169,Tyrese Haliburton
22022,1630169,0022200803,2023-02-05,IND vs. CLE,L,31,5,10,0.5,1,2,0.5,4,6,0.667,2,2,4,11,0,0,3,4,15,-30,1,2022-23,Regular Season,1630169,Tyrese Haliburton
22022,1630169,0022200825,2023-02-08,IND @ MIA,L,37,3,8,0.375,2,6,0.333,3,6,0.5,0,2,2,10,1,1,4,2,11,-9,1,2022-23,Regular Season,1630169,Tyrese Haliburton
22022,1630169,0022200836,2023-02-10,IND vs. PHX,L,25,7,9,0.778,2,4,0.5,2,2,1.0,0,1,1,5,3,0,4,1,18,-21,1,2022-23,Regular Season,1630169,Tyrese Haliburton
22022,1630169,0022200849,2023-02-11,IND @ WAS,L,35,8,16,0.5,5,8,0.625,0,0,0.0,3,3,6,7,2,0,2,0,21,-17,1,2022-23,Regular Season,1630169,Tyrese Haliburton
22022,1630169,0022200859,2023-02-13,IND vs. UTA,L,35,12,24,0.5,3,8,0.375,3,3,1.0,0,1,1,12,3,1,1,4,30,1,1,2022-23,Regular Season,1630169,Tyrese Haliburton
22022,1630169,0022200874,2023-02-15,IND vs. CHI,W,35,5,11,0.455,1,2,0.5,5,5,1.0,0,2,2,8,0,1,2,1,16,5,1,2022-23,Regular Season,1630169,Tyrese Haliburton
22022,1630169,0022200887,2023-02-23,IND vs. BOS,L,39,7,14,0.5,3,8,0.375,5,5,1.0,0,1,1,14,3,2,1,3,22,9,1,2022-23,Regular Season,1630169,Tyrese Haliburton
22022,1630169,0022200905,2023-02-25,IND @ ORL,W,33,5,9,0.556,2,4,0.5,3,4,0.75,0,1,1,14,0,1,2,0,15,15,1,2022-23,Regular Season,1630169,Tyrese Haliburton
22022,1630169,0022200929,2023-02-28,IND @ DAL,W,35,9,18,0.5,2,6,0.333,12,15,0.8,0,7,7,6,0,1,0,1,32,-1,1,2022-23,Regular Season,1630169,Tyrese Haliburton
22022,1630169,0022200963,2023-03-05,IND @ CHI,W,34,11,17,0.647,6,9,0.667,1,1,1.0,0,3,3,11,1,1,3,1,29,-7,1,2022-23,Regular Season,1630169,Tyrese Haliburton
22022,1630169,0022200972,2023-03-06,IND vs. PHI,L,37,12,19,0.632,5,10,0.5,10,10,1.0,0,3,3,16,1,0,2,4,39,7,1,2022-23,Regular Season,1630169,Tyrese Haliburton
22022,1630169,0022200993,2023-03-09,IND vs. HOU,W,38,9,20,0.45,2,9,0.222,9,10,0.9,0,2,2,19,0,0,1,1,29,14,1,2022-23,Regular Season,1630169,Tyrese Haliburton
22022,1630169,0022201097,2023-03-24,IND @ BOS,L,29,7,13,0.538,1,5,0.2,5,6,0.833,0,6,6,9,1,0,5,2,20,-15,1,2022-23,Regular Season,1630169,Tyrese Haliburton
22022,1630169,0022201107,2023-03-25,IND @ ATL,L,32,7,13,0.538,2,5,0.4,3,3,1.0,1,0,1,13,1,1,1,1,19,-7,1,2022-23,Regular Season,1630169,Tyrese Haliburton
22022,1628368,0022200014,2022-10-19,SAC vs. POR,L,35,12,21,0.571,5,9,0.556,4,5,0.8,0,7,7,7,2,0,8,5,33,1,1,2022-23,Regular Season,1628368,De'Aaron Fox
22022,1628368,0022200036,2022-10-22,SAC vs. LAC,L,32,15,23,0.652,3,5,0.6,3,6,0.5,1,4,5,4,1,1,3,1,36,5,1,2022-23,Regular Season,1628368,De'Aaron Fox
22022,1628368,0022200042,2022-10-23,SAC @ GSW,L,36,11,20,0.55,1,6,0.167,3,3,1.0,1,4,5,10,1,0,3,4,26,-7,1,2022-23,Regular Season,1628368,De'Aaron Fox
22022,1628368,0022200069,2022-10-27,SAC vs. MEM,L,35,11,19,0.579,2,6,0.333,3,3,1.0,1,5,6,2,1,1,3,5,27,-2,1,2022-23,Regular Season,1628368,De'Aaron Fox
22022,1628368,0022200081,2022-10-29,SAC vs. MIA,W,36,6,17,0.353,0,2,0.0,5,5,1.0,2,11,13,5,0,2,3,4,17,4,1,2022-23,Regular Season,1628368,De'Aaron Fox
22022,1628368,0022200096,2022-10-31,SAC @ CHA,W,9,2,4,0.5,1,3,0.333,3,3,1.0,0,0,0,1,0,0,3,1,8,-8,1,2022-23,Regular Season,1628368,De'Aaron Fox
22022,1628368,0022200132,2022-11-05,SAC @ ORL,W,40,14,24,0.583,2,7,0.286,7,7,1.0,0,5,5,3,1,0,4,3,37,-12,1,2022-23,Regular Season,1628368,De'Aaron Fox
22022,1628368,0022200156,2022-11-07,SAC @ GSW,L,37,8,17,0.471,2,5,0.4,10,12,0.833,1,1,2,6,0,0,2,3,28,0,1,2022-23,Regular Season,1628368,De'Aaron Fox
22022,1628368,0022200171,2022-11-09,SAC vs. CLE,W,29,6,14,0.429,1,4,0.25,2,2,1.0,0,2,2,8,3,0,0,1,15,9,1,2022-23,Regular Season,1628368,De'Aaron Fox
22022,1628368,0022200183,2022-11-11,SAC @ LAL,W,36,13,19,0.684,2,5,0.4,4,5,0.8,0,7,7,12,2,0,3,2,32,13,1,2022-23,Regular Season,1628368,De'Aaron Fox
22022,1628368,0022200197,2022-11-13,SAC vs. GSW,W,34,10,19,0.526,2,4,0.5,0,2,0.0,1,3,4,8,3,1,3,3,22,15,1,2022-23,Regular Season,1628368,De'Aaron Fox
22022,1628368,0022200210,2022-11-15,SAC vs. BKN,W,24,5,12,0.417,1,5,0.2,3,5,0.6,0,4,4,9,1,1,1,1,14,11,1,2022-23,Regular Season,1628368,De'Aaron Fox
22022,1628368,0022200222,2022-11-17,SAC vs. SAS,W,32,11,15,0.733,2,3,0.667,4,4,1.0,0,3,3,8,1,0,0,3,28,36,1,2022-23,Regular Season,1628368,De'Aaron Fox
22022,1628368,0022200242,2022-11-20,SAC vs. DET,W,36,11,18,0.611,2,4,0.5,9,9,1.0,0,4,4,7,0,0,2,4,33,12,1,2022-23,Regular Season,1628368,De'Aaron Fox
22022,1628368,0022200257,2022-11-22,SAC @ MEM,W,35,11,21,0.524,5,8,0.625,5,6,0.833,1,7,8,6,4,0,1,3,32,-4,1,2022-23,Regular Season,1628368,De'Aaron Fox
22022,1628368,0022200263,2022-11-23,SAC @ ATL,L,32,7,20,0.35,1,6,0.167,3,7,0.429,1,4,5,5,0,0,4,3,18,-11,1,2022-23,Regular Season,1628368,De'Aaron Fox
22022,1628368,0022200275,2022-11-25,SAC @ BOS,L,31,6,17,0.353,3,9,0.333,5,5,1.0,0,4,4,2,0,0,2,1,20,-26,1,2022-23,Regular Season,1628368,De'Aaron Fox
22022,1628368,0022200307,2022-11-28,SAC vs. PHX,L,29,4,12,0.333,1,3,0.333,2,2,1.0,1,4,5,5,1,3,1,1,11,-16,1,2022-23,Regular Season,1628368,De'Aaron Fox
22022,1628368,0022200323,2022-11-30,SAC vs. IND,W,27,7,11,0.636,1,1,1.0,4,5,0.8,0,5,5,6,0,0,3,4,19,20,1,2022-23,Regular Season,1628368,De'Aaron Fox
22022,1628368,0022200338,2022-12-03,SAC @ LAC,W,28,5,12,0.417,1,4,0.25,3,5,0.6,0,6,6,4,0,1,2,0,14,17,1,2022-23,Regular Season,1628368,De'Aaron Fox
22022,1628368,0022200350,2022-12-04,SAC vs. CHI,W,32,5,14,0.357,2,7,0.286,4,4,1.0,0,7,7,4,2,0,4,0,16,8,1,2022-23,Regular Season,1628368,De'Aaron Fox
22022,1628368,0022200369,2022-12-07,SAC @ MIL,L,32,5,16,0.313,1,6,0.167,4,4,1.0,0,2,2,2,0,1,1,3,15,-1,1,2022-23,Regular Season,1628368,De'Aaron Fox
22022,1628368,0022200409,2022-12-13,SAC @ PHI,L,29,5,15,0.333,1,7,0.143,2,4,0.5,0,4,4,1,1,0,3,2,13,-14,1,2022-23,Regular Season,1628368,De'Aaron Fox
22022,1628368,0022200417,2022-12-14,SAC @ TOR,W,41,9,23,0.391,4,8,0.5,5,7,0.714,0,6,6,10,1,0,3,4,27,6,1,2022-23,Regular Season,1628368,De'Aaron Fox
22022,1628368,0022200429,2022-12-16,SAC @ DET,W,39,9,19,0.474,0,5,0.0,6,9,0.667,0,5,5,9,1,0,3,4,24,19,1,2022-23,Regular Season,1628368,De'Aaron Fox
22022,1628368,0022200460,2022-12-19,SAC vs. CHA,L,34,14,25,0.56,2,5,0.4,7,9,0.778,1,4,5,2,0,0,2,5,37,-20,1,2022-23,Regular Season,1628368,De'Aaron Fox
22022,1628368,0022200475,2022-12-21,SAC vs. LAL,W,30,7,13,0.538,0,3,0.0,8,9,0.889,0,4,4,6,0,0,2,4,22,-3,1,2022-23,Regular Season,1628368,De'Aaron Fox
22022,1628368,0022200491,2022-12-23,SAC vs. WAS,L,35,9,16,0.563,0,3,0.0,8,13,0.615,1,6,7,3,1,1,1,4,26,-10,1,2022-23,Regular Season,1628368,De'Aaron Fox
22022,1628368,0022200514,2022-12-27,SAC vs. DEN,L,31,10,16,0.625,3,5,0.6,3,5,0.6,0,1,1,4,0,0,5,1,26,-8,1,2022-23,Regular Season,1628368,De'Aaron Fox
22022,1628368,0022200522,2022-12-28,SAC vs. DEN,W,37,12,21,0.571,2,6,0.333,5,5,1.0,0,2,2,13,1,0,4,1,31,5,1,2022-23,Regular Season,1628368,De'Aaron Fox
22022,1628368,0022200537,2022-12-30,SAC vs. UTA,W,39,10,24,0.417,1,5,0.2,3,4,0.75,0,3,3,10,0,0,1,2,24,8,1,2022-23,Regular Season,1628368,De'Aaron Fox
22022,1628368,0022200547,2023-01-01,SAC @ MEM,L,36,7,18,0.389,2,4,0.5,3,3,1.0,1,3,4,6,1,0,5,1,19,-2,1,2022-23,Regular Season,1628368,De'Aaron Fox
22022,1628368,0022200563,2023-01-03,SAC @ UTA,W,38,15,22,0.682,1,5,0.2,6,8,0.75,0,3,3,6,1,2,4,2,37,-6,1,2022-23,Regular Season,1628368,De'Aaron Fox
22022,1628368,0022200575,2023-01-04,SAC vs. ATL,L,37,9,20,0.45,0,1,0.0,7,7,1.0,0,5,5,5,2,0,1,2,25,-7,1,2022-23,Regular Season,1628368,De'Aaron Fox
22022,1628368,0022200595,2023-01-07,SAC vs. LAL,L,38,11,21,0.524,0,2,0.0,12,14,0.857,0,2,2,9,0,0,3,4,34,-2,1,2022-23,Regular Season,1628368,De'Aaron Fox
22022,1628368,0022200610,2023-01-09,SAC vs. ORL,W,29,5,14,0.357,1,7,0.143,0,0,0.0,1,1,2,9,0,0,2,1,11,19,1,2022-23,Regular Season,1628368,De'Aaron Fox
22022,1628368,0022200625,2023-01-11,SAC vs. HOU,W,32,9,18,0.5,2,4,0.5,4,6,0.667,1,1,2,9,1,0,1,0,24,10,1,2022-23,Regular Season,1628368,De'Aaron Fox
22022,1628368,0022200640,2023-01-13,SAC vs. HOU,W,33,9,14,0.643,3,5,0.6,3,3,1.0,2,3,5,5,1,0,5,1,24,19,1,2022-23,Regular Season,1628368,De'Aaron Fox
22022,1628368,0022200652,2023-01-15,SAC @ SAS,W,37,11,21,0.524,1,4,0.25,0,0,0.0,0,1,1,3,0,0,1,3,23,4,1,2022-23,Regular Season,1628368,De'Aaron Fox
22022,1628368,0022200677,2023-01-18,SAC @ LAL,W,39,13,23,0.565,2,7,0.286,3,7,0.429,0,3,3,6,1,0,2,0,31,19,1,2022-23,Regular Season,1628368,De'Aaron Fox
22022,1628368,0022200691,2023-01-20,SAC vs. OKC,W,38,10,23,0.435,2,6,0.333,3,7,0.429,0,4,4,2,0,0,1,3,25,3,1,2022-23,Regular Season,1628368,De'Aaron Fox
22022,1628368,0022200698,2023-01-21,SAC vs. PHI,L,38,11,19,0.579,0,2,0.0,9,10,0.9,0,4,4,9,2,0,1,2,31,3,1,2022-23,Regular Season,1628368,De'Aaron Fox
22022,1628368,0022200712,2023-01-23,SAC vs. MEM,W,33,7,14,0.5,1,3,0.333,2,2,1.0,1,4,5,10,4,0,6,1,17,16,1,2022-23,Regular Season,1628368,De'Aaron Fox
22022,1628368,0022200728,2023-01-25,SAC vs. TOR,L,30,7,12,0.583,1,2,0.5,1,1,1.0,1,3,4,8,0,0,4,4,16,-30,1,2022-23,Regular Season,1628368,De'Aaron Fox
22022,1628368,0022200746,2023-01-28,SAC @ MIN,L,35,10,24,0.417,1,7,0.143,8,10,0.8,0,3,3,6,2,0,0,5,29,-7,1,2022-23,Regular Season,1628368,De'Aaron Fox
22022,1628368,0022200758,2023-01-30,SAC @ MIN,W,41,13,27,0.481,2,4,0.5,4,5,0.8,0,5,5,4,2,1,2,2,32,2,1,2022-23,Regular Season,1628368,De'Aaron Fox
22022,1628368,0022200775,2023-02-01,SAC @ SAS,W,38,13,23,0.565,2,4,0.5,3,3,1.0,1,1,2,10,3,1,1,3,31,17,1,2022-23,Regular Season,1628368,De'Aaron Fox
22022,1628368,0022200812,2023-02-06,SAC @ HOU,W,29,5,12,0.417,0,1,0.0,6,9,0.667,1,3,4,8,2,1,4,3,16,13,1,2022-23,Regular Season,1628368,De'Aaron Fox
22022,1628368,0022200827,2023-02-08,SAC @ HOU,W,38,11,23,0.478,0,3,0.0,9,10,0.9,1,4,5,11,2,0,3,2,31,-4,1,2022-23,Regular Season,1628368,De'Aaron Fox
22022,1628368,0022200844,2023-02-10,SAC vs. DAL,L,39,10,16,0.625,1,5,0.2,12,14,0.857,0,6,6,5,0,1,3,4,33,7,1,2022-23,Regular Season,1628368,De'Aaron Fox
22022,1628368,0022200854,2023-02-11,SAC vs. DAL,W,42,12,23,0.522,0,4,0.0,12,14,0.857,1,3,4,5,2,0,4,0,36,4,1,2022-23,Regular Season,1628368,De'Aaron Fox
22022,1628368,0022200870,2023-02-14,SAC @ PHX,L,38,12,22,0.545,4,7,0.571,7,8,0.875,2,2,4,4,1,0,5,3,35,3,1,2022-23,Regular Season,1628368,De'Aaron Fox
22022,1628368,0022200894,2023-02-23,SAC vs. POR,W,26,11,15,0.733,2,4,0.5,7,8,0.875,0,3,3,3,1,0,4,1,31,3,1,2022-23,Regular Season,1628368,De'Aaron Fox
22022,1628368,0022200902,2023-02-24,SAC @ LAC,W,45,17,27,0.63,2,4,0.5,6,11,0.545,0,5,5,12,5,0,3,3,42,-2,1,2022-23,Regular Season,1628368,De'Aaron Fox
22022,1628368,0022200915,2023-02-26,SAC @ OKC,W,37,11,19,0.579,3,9,0.333,8,12,0.667,1,2,3,8,2,0,2,3,33,10,1,2022-23,Regular Season,1628368,De'Aaron Fox
22022,1628368,0022200954,2023-03-03,SAC vs. LAC,W,34,12,22,0.545,1,5,0.2,8,8,1.0,3,4,7,7,1,0,2,3,33,-13,1,2022-23,Regular Season,1628368,De'Aaron Fox
22022,1628368,0022200961,2023-03-04,SAC vs. MIN,L,37,10,22,0.455,0,2,0.0,5,7,0.714,0,2,2,7,1,0,3,3,25,3,1,2022-23,Regular Season,1628368,De'Aaron Fox
22022,1628368,0022200997,2023-03-09,SAC vs. NYK,W,31,9,16,0.563,1,4,0.25,4,7,0.571,0,3,3,7,4,0,3,4,23,7,1,2022-23,Regular Season,1628368,De'Aaron Fox
22022,1628368,0022201013,2023-03-11,SAC @ PHX,W,34,8,22,0.364,2,6,0.333,0,2,0.0,0,4,4,6,2,0,1,3,18,2,1,2022-23,Regular Season,1628368,De'Aaron Fox
22022,1628368,0022201026,2023-03-13,SAC vs. MIL,L,37,13,23,0.565,5,12,0.417,4,6,0.667,2,6,8,3,2,1,3,1,35,4,1,2022-23,Regular Season,1628368,De'Aaron Fox
22022,1628368,0022201037,2023-03-15,SAC @ CHI,W,33,12,17,0.706,4,6,0.667,4,5,0.8,0,3,3,1,2,0,5,3,32,5,1,2022-23,Regular Season,1628368,De'Aaron Fox
22022,1628368,0022201043,2023-03-16,SAC @ BKN,W,35,5,16,0.313,2,8,0.25,6,10,0.6,1,5,6,5,0,0,0,0,18,2,1,2022-23,Regular Season,1628368,De'Aaron Fox
22022,1628368,0022201059,2023-03-18,SAC @ WAS,W,26,6,12,0.5,0,2,0.0,0,3,0.0,1,1,2,7,1,1,2,2,12,-11,1,2022-23,Regular Season,1628368,De'Aaron Fox
22022,1628368,0022201076,2023-03-20,SAC @ UTA,L,36,14,21,0.667,6,9,0.667,3,4,0.75,0,4,4,7,1,0,1,4,37,-3,1,2022-23,Regular Season,1628368,De'Aaron Fox
22022,1628368,0022201081,2023-03-21,SAC vs. BOS,L,29,6,11,0.545,2,5,0.4,4,5,0.8,0,1,1,3,0,0,1,2,18,-34,1,2022-23,Regular Season,1628368,De'Aaron Fox
22022,1628368,0022201105,2023-03-24,SAC vs. PHX,W,21,7,15,0.467,1,6,0.167,4,4,1.0,1,0,1,2,0,1,2,3,19,3,1,2022-23,Regular Season,1628368,De'Aaron Fox
22022,1628368,0022201128,2023-03-27,SAC vs. MIN,L,35,10,20,0.5,1,6,0.167,8,10,0.8,0,4,4,6,0,1,1,1,29,-1,1,2022-23,Regular Season,1628368,De'Aaron Fox
22022,1628368,0022201145,2023-03-29,SAC @ POR,W,27,7,14,0.5,2,7,0.286,2,2,1.0,0,3,3,6,2,0,2,1,18,28,1,2022-23,Regular Season,1628368,De'Aaron Fox
22022,1628368,0022201159,2023-03-31,SAC @ POR,W,27,8,11,0.727,1,3,0.333,3,4,0.75,1,7,8,11,2,0,2,3,20,10,1,2022-23,Regular Season,1628368,De'Aaron Fox
22022,1628368,0022201170,2023-04-02,SAC vs. SAS,L,38,10,23,0.435,0,8,0.0,8,8,1.0,0,4,4,4,0,0,1,2,28,-3,1,2022-23,Regular Season,1628368,De'Aaron Fox
22022,1628368,0022201185,2023-04-04,SAC @ NOP,W,30,10,23,0.435,2,6,0.333,1,2,0.5,2,3,5,9,1,0,3,0,23,18,1,2022-23,Regular Season,1628368,De'Aaron Fox
22022,1628368,0022201195,2023-04-05,SAC @ DAL,L,32,10,26,0.385,1,6,0.167,7,7,1.0,2,3,5,8,1,1,1,2,28,4,1,2022-23,Regular Season,1628368,De'Aaron Fox
22022,1628368,0022201227,2023-04-09,SAC @ DEN,L,18,6,10,0.6,1,3,0.333,0,0,0.0,1,1,2,3,0,0,1,0,13,17,1,2022-23,Regular Season,1628368,De'Aaron Fox
42022,1628368,0042200161,2023-04-15,SAC vs. GSW,W,40,13,27,0.481,4,8,0.5,8,12,0.667,1,0,1,5,3,0,3,3,38,4,1,2022-23,Playoffs,1628368,De'Aaron Fox
42022,1628368,0042200162,2023-04-17,SAC vs. GSW,W,36,10,23,0.435,2,10,0.2,2,2,1.0,0,5,5,9,4,1,2,3,24,1,1,2022-23,Playoffs,1628368,De'Aaron Fox
42022,1628368,0042200163,2023-04-20,SAC @ GSW,L,38,9,22,0.409,3,9,0.333,5,8,0.625,3,6,9,9,2,0,4,3,26,-17,1,2022-23,Playoffs,1628368,De'Aaron Fox
42022,1628368,0042200164,2023-04-23,SAC @ GSW,L,40,14,31,0.452,4,11,0.364,6,8,0.75,3,6,9,5,1,0,3,4,38,-4,1,2022-23,Playoffs,1628368,De'Aaron Fox
42022,1628368,0042200165,2023-04-26,SAC vs. GSW,L,42,9,25,0.36,3,10,0.3,3,3,1.0,2,5,7,9,2,1,6,3,24,-4,1,2022-23,Playoffs,1628368,De'Aaron Fox
42022,1628368,0042200166,2023-04-28,SAC @ GSW,W,37,10,18,0.556,2,5,0.4,4,4,1.0,1,3,4,11,3,1,5,2,26,20,1,2022-23,Playoffs,1628368,De'Aaron Fox
42022,1628368,0042200167,2023-04-30,SAC vs. GSW,L,37,5,19,0.263,3,10,0.3,3,4,0.75,2,1,3,6,0,1,5,5,16,-20,1,2022-23,Playoffs,1628368,De'Aaron Fox
22022,1629639,0022200007,2022-10-19,MIA vs. CHI,L,34,8,15,0.533,4,8,0.5,3,4,0.75,0,6,6,1,2,0,1,2,23,-18,1,2022-23,Regular Season,1629639,Tyler Herro
22022,1629639,0022200022,2022-10-21,MIA vs. BOS,L,36,10,21,0.476,2,6,0.333,3,3,1.0,0,6,6,3,0,2,1,3,25,-1,1,2022-23,Regular Season,1629639,Tyler Herro
22022,1629639,0022200031,2022-10-22,MIA vs. TOR,W,22,4,8,0.5,1,4,0.25,5,5,1.0,2,6,8,6,0,0,2,5,14,0,1,2022-23,Regular Season,1629639,Tyler Herro
22022,1629639,0022200045,2022-10-24,MIA vs. TOR,L,40,8,18,0.444,2,9,0.222,4,5,0.8,1,14,15,4,1,0,4,1,22,-12,1,2022-23,Regular Season,1629639,Tyler Herro
22022,1629639,0022200065,2022-10-26,MIA @ POR,W,28,5,13,0.385,3,8,0.375,1,1,1.0,0,4,4,4,0,0,1,2,14,10,1,2022-23,Regular Season,1629639,Tyler Herro
22022,1629639,0022200068,2022-10-27,MIA @ GSW,L,32,3,12,0.25,1,5,0.2,0,0,0.0,0,4,4,2,0,0,2,1,7,-10,1,2022-23,Regular Season,1629639,Tyler Herro
22022,1629639,0022200081,2022-10-29,MIA @ SAC,L,35,13,22,0.591,5,8,0.625,3,4,0.75,1,2,3,0,0,0,3,1,34,11,1,2022-23,Regular Season,1629639,Tyler Herro
22022,1629639,0022200104,2022-11-01,MIA vs. GSW,W,10,1,4,0.25,0,0,0.0,0,0,0.0,0,1,1,1,1,1,0,0,2,-6,1,2022-23,Regular Season,1629639,Tyler Herro
22022,1629639,0022200109,2022-11-02,MIA vs. SAC,W,38,12,21,0.571,2,6,0.333,0,0,0.0,2,10,12,0,1,3,2,0,26,15,1,2022-23,Regular Season,1629639,Tyler Herro
22022,1629639,0022200121,2022-11-04,MIA @ IND,L,38,8,20,0.4,4,10,0.4,9,9,1.0,0,5,5,5,2,0,5,1,29,-2,1,2022-23,Regular Season,1629639,Tyler Herro
22022,1629639,0022200265,2022-11-23,MIA vs. WAS,W,29,6,15,0.4,5,10,0.5,0,2,0.0,0,5,5,3,0,0,3,3,17,-10,1,2022-23,Regular Season,1629639,Tyler Herro
22022,1629639,0022200277,2022-11-25,MIA vs. WAS,W,39,4,18,0.222,2,10,0.2,1,1,1.0,0,5,5,10,0,1,5,1,11,8,1,2022-23,Regular Season,1629639,Tyler Herro
22022,1629639,0022200293,2022-11-27,MIA @ ATL,W,40,3,13,0.231,0,8,0.0,5,5,1.0,1,10,11,10,1,0,2,3,11,7,1,2022-23,Regular Season,1629639,Tyler Herro
22022,1629639,0022200314,2022-11-30,MIA @ BOS,L,37,9,17,0.529,2,6,0.333,2,2,1.0,2,4,6,9,0,1,4,2,22,-10,1,2022-23,Regular Season,1629639,Tyler Herro
22022,1629639,0022200328,2022-12-02,MIA @ BOS,W,39,10,19,0.526,6,10,0.6,0,0,0.0,0,5,5,3,3,0,5,2,26,9,1,2022-23,Regular Season,1629639,Tyler Herro
22022,1629639,0022200357,2022-12-05,MIA @ MEM,L,40,8,20,0.4,3,11,0.273,4,4,1.0,2,11,13,5,1,0,2,0,23,1,1,2022-23,Regular Season,1629639,Tyler Herro
22022,1629639,0022200361,2022-12-06,MIA vs. DET,L,37,12,17,0.706,2,4,0.5,8,8,1.0,0,3,3,6,1,0,1,1,34,-6,1,2022-23,Regular Season,1629639,Tyler Herro
22022,1629639,0022200374,2022-12-08,MIA vs. LAC,W,39,6,17,0.353,4,8,0.5,3,3,1.0,0,9,9,3,2,0,3,2,19,16,1,2022-23,Regular Season,1629639,Tyler Herro
22022,1629639,0022200387,2022-12-10,MIA vs. SAS,L,36,8,16,0.5,5,8,0.625,2,4,0.5,0,5,5,5,1,1,4,1,23,-3,1,2022-23,Regular Season,1629639,Tyler Herro
22022,1629639,0022200402,2022-12-12,MIA @ IND,W,34,3,11,0.273,2,7,0.286,0,0,0.0,0,3,3,6,1,1,2,4,8,16,1,2022-23,Regular Season,1629639,Tyler Herro
22022,1629639,0022200419,2022-12-14,MIA @ OKC,W,40,12,23,0.522,9,17,0.529,2,2,1.0,1,2,3,2,0,0,1,1,35,0,1,2022-23,Regular Season,1629639,Tyler Herro
22022,1629639,0022200424,2022-12-15,MIA @ HOU,W,38,13,20,0.65,10,15,0.667,5,5,1.0,1,5,6,2,1,1,4,0,41,7,1,2022-23,Regular Season,1629639,Tyler Herro
22022,1629639,0022200439,2022-12-17,MIA @ SAS,W,38,6,16,0.375,3,9,0.333,6,6,1.0,0,6,6,7,2,0,4,4,21,11,1,2022-23,Regular Season,1629639,Tyler Herro
22022,1629639,0022200462,2022-12-20,MIA vs. CHI,L,42,7,16,0.438,4,11,0.364,1,1,1.0,0,3,3,7,2,0,3,1,19,-20,1,2022-23,Regular Season,1629639,Tyler Herro
22022,1629639,0022200486,2022-12-23,MIA vs. IND,L,39,10,23,0.435,5,13,0.385,3,3,1.0,1,3,4,2,0,0,2,2,28,5,1,2022-23,Regular Season,1629639,Tyler Herro
22022,1629639,0022200500,2022-12-26,MIA vs. MIN,W,35,7,19,0.368,0,8,0.0,0,0,0.0,0,2,2,8,3,0,3,1,14,-3,1,2022-23,Regular Season,1629639,Tyler Herro
22022,1629639,0022200518,2022-12-28,MIA vs. LAL,W,36,6,17,0.353,3,7,0.429,3,3,1.0,0,4,4,9,2,0,1,3,18,29,1,2022-23,Regular Season,1629639,Tyler Herro
22022,1629639,0022200535,2022-12-30,MIA @ DEN,L,33,9,18,0.5,4,9,0.444,4,4,1.0,1,9,10,5,1,0,1,1,26,-6,1,2022-23,Regular Season,1629639,Tyler Herro
22022,1629639,0022200546,2022-12-31,MIA @ UTA,W,34,10,20,0.5,3,11,0.273,6,7,0.857,0,9,9,6,2,0,5,4,29,-2,1,2022-23,Regular Season,1629639,Tyler Herro
22022,1629639,0022200560,2023-01-02,MIA @ LAC,W,39,7,15,0.467,5,9,0.556,4,4,1.0,0,7,7,3,1,0,1,2,23,23,1,2022-23,Regular Season,1629639,Tyler Herro
22022,1629639,0022200574,2023-01-04,MIA @ LAL,L,35,4,14,0.286,1,5,0.2,0,0,0.0,0,4,4,3,0,0,4,3,9,-5,1,2022-23,Regular Season,1629639,Tyler Herro
22022,1629639,0022200599,2023-01-08,MIA vs. BKN,L,38,8,21,0.381,5,13,0.385,3,3,1.0,0,4,4,2,0,0,1,1,24,-8,1,2022-23,Regular Season,1629639,Tyler Herro
22022,1629639,0022200661,2023-01-16,MIA @ ATL,L,31,7,16,0.438,1,8,0.125,0,0,0.0,0,5,5,4,0,0,1,1,15,5,1,2022-23,Regular Season,1629639,Tyler Herro
22022,1629639,0022200673,2023-01-18,MIA @ NOP,W,24,6,13,0.462,0,7,0.0,2,2,1.0,0,4,4,7,2,0,1,0,14,17,1,2022-23,Regular Season,1629639,Tyler Herro
22022,1629639,0022200686,2023-01-20,MIA @ DAL,L,30,6,11,0.545,0,2,0.0,4,5,0.8,0,5,5,1,0,0,4,3,16,-9,1,2022-23,Regular Season,1629639,Tyler Herro
22022,1629639,0022200699,2023-01-22,MIA vs. NOP,W,36,10,22,0.455,4,10,0.4,2,2,1.0,2,6,8,4,0,0,5,1,26,8,1,2022-23,Regular Season,1629639,Tyler Herro
22022,1629639,0022200714,2023-01-24,MIA vs. BOS,W,36,4,19,0.211,1,7,0.143,0,0,0.0,0,2,2,6,2,0,0,1,9,11,1,2022-23,Regular Season,1629639,Tyler Herro
22022,1629639,0022200738,2023-01-27,MIA vs. ORL,W,30,4,12,0.333,0,3,0.0,2,2,1.0,1,5,6,3,1,0,2,0,10,13,1,2022-23,Regular Season,1629639,Tyler Herro
22022,1629639,0022200752,2023-01-29,MIA @ CHA,L,35,9,21,0.429,5,9,0.556,1,1,1.0,0,5,5,3,0,0,0,1,24,5,1,2022-23,Regular Season,1629639,Tyler Herro
22022,1629639,0022200764,2023-01-31,MIA @ CLE,W,38,6,15,0.4,3,6,0.5,3,3,1.0,0,5,5,3,0,0,3,0,18,6,1,2022-23,Regular Season,1629639,Tyler Herro
22022,1629639,0022200780,2023-02-02,MIA @ NYK,L,40,10,22,0.455,4,10,0.4,1,2,0.5,0,5,5,8,1,1,3,3,25,-9,1,2022-23,Regular Season,1629639,Tyler Herro
22022,1629639,0022200797,2023-02-04,MIA @ MIL,L,38,10,24,0.417,2,8,0.25,2,2,1.0,0,5,5,6,1,0,2,1,24,-10,1,2022-23,Regular Season,1629639,Tyler Herro
22022,1629639,0022200825,2023-02-08,MIA vs. IND,W,40,4,14,0.286,1,3,0.333,6,6,1.0,1,5,6,3,0,1,1,1,15,7,1,2022-23,Regular Season,1629639,Tyler Herro
22022,1629639,0022200840,2023-02-10,MIA vs. HOU,W,37,11,20,0.55,5,10,0.5,4,4,1.0,2,7,9,8,1,1,4,1,31,19,1,2022-23,Regular Season,1629639,Tyler Herro
22022,1629639,0022200848,2023-02-11,MIA @ ORL,W,47,10,23,0.435,2,10,0.2,1,1,1.0,0,2,2,1,0,0,4,5,23,8,1,2022-23,Regular Season,1629639,Tyler Herro
22022,1629639,0022200897,2023-02-24,MIA @ MIL,L,28,5,15,0.333,3,7,0.429,1,2,0.5,0,5,5,1,0,0,1,2,14,-16,1,2022-23,Regular Season,1629639,Tyler Herro
22022,1629639,0022200904,2023-02-25,MIA @ CHA,L,41,10,23,0.435,6,12,0.5,7,7,1.0,1,6,7,5,1,1,2,3,33,11,1,2022-23,Regular Season,1629639,Tyler Herro
22022,1629639,0022200920,2023-02-27,MIA @ PHI,W,35,3,13,0.231,2,9,0.222,0,0,0.0,1,2,3,2,1,0,0,1,8,3,1,2022-23,Regular Season,1629639,Tyler Herro
22022,1629639,0022200936,2023-03-01,MIA vs. PHI,L,30,4,15,0.267,1,5,0.2,2,2,1.0,0,1,1,6,0,0,2,0,11,-8,1,2022-23,Regular Season,1629639,Tyler Herro
22022,1629639,0022200949,2023-03-03,MIA vs. NYK,L,39,11,18,0.611,5,8,0.625,2,2,1.0,0,8,8,6,1,0,4,2,29,-4,1,2022-23,Regular Season,1629639,Tyler Herro
22022,1629639,0022200958,2023-03-04,MIA vs. ATL,W,38,8,21,0.381,3,9,0.333,1,1,1.0,3,3,6,5,0,0,4,1,20,14,1,2022-23,Regular Season,1629639,Tyler Herro
22022,1629639,0022200974,2023-03-06,MIA vs. ATL,W,37,5,14,0.357,3,8,0.375,0,0,0.0,0,4,4,3,0,0,2,2,13,-1,1,2022-23,Regular Season,1629639,Tyler Herro
22022,1629639,0022200987,2023-03-08,MIA vs. CLE,L,36,7,15,0.467,4,8,0.5,4,5,0.8,0,5,5,5,2,0,3,1,22,-8,1,2022-23,Regular Season,1629639,Tyler Herro
22022,1629639,0022201000,2023-03-10,MIA vs. CLE,W,38,8,15,0.533,5,7,0.714,4,4,1.0,0,9,9,4,0,0,3,1,25,6,1,2022-23,Regular Season,1629639,Tyler Herro
22022,1629639,0022201007,2023-03-11,MIA @ ORL,L,27,6,13,0.462,2,6,0.333,0,0,0.0,0,5,5,3,0,0,3,0,14,-4,1,2022-23,Regular Season,1629639,Tyler Herro
22022,1629639,0022201022,2023-03-13,MIA vs. UTA,W,38,5,16,0.313,2,10,0.2,6,6,1.0,0,6,6,2,1,0,2,1,18,10,1,2022-23,Regular Season,1629639,Tyler Herro
22022,1629639,0022201036,2023-03-15,MIA vs. MEM,W,34,9,14,0.643,2,6,0.333,4,4,1.0,0,4,4,6,1,0,2,2,24,15,1,2022-23,Regular Season,1629639,Tyler Herro
22022,1629639,0022201060,2023-03-18,MIA @ CHI,L,36,5,11,0.455,3,8,0.375,2,2,1.0,0,7,7,2,0,1,6,2,15,1,1,2022-23,Regular Season,1629639,Tyler Herro
22022,1629639,0022201066,2023-03-19,MIA @ DET,W,34,7,17,0.412,3,9,0.333,2,2,1.0,0,6,6,4,0,0,1,2,19,13,1,2022-23,Regular Season,1629639,Tyler Herro
22022,1629639,0022201084,2023-03-22,MIA vs. NYK,W,32,8,13,0.615,4,7,0.571,2,2,1.0,0,3,3,4,0,0,1,1,22,7,1,2022-23,Regular Season,1629639,Tyler Herro
22022,1629639,0022201108,2023-03-25,MIA vs. BKN,L,33,9,16,0.563,3,8,0.375,2,2,1.0,0,2,2,3,2,0,0,0,23,-21,1,2022-23,Regular Season,1629639,Tyler Herro
22022,1629639,0022201132,2023-03-28,MIA @ TOR,L,37,13,21,0.619,6,10,0.6,1,1,1.0,0,3,3,6,0,0,4,0,33,-7,1,2022-23,Regular Season,1629639,Tyler Herro
22022,1629639,0022201138,2023-03-29,MIA @ NYK,L,36,6,16,0.375,2,10,0.2,2,2,1.0,0,2,2,1,0,0,0,1,16,6,1,2022-23,Regular Season,1629639,Tyler Herro
22022,1629639,0022201161,2023-04-01,MIA vs. DAL,W,36,5,16,0.313,2,8,0.25,3,3,1.0,1,5,6,3,1,0,2,1,15,-1,1,2022-23,Regular Season,1629639,Tyler Herro
22022,1629639,0022201177,2023-04-04,MIA @ DET,W,38,7,16,0.438,2,7,0.286,2,2,1.0,0,5,5,2,1,0,1,2,18,18,1,2022-23,Regular Season,1629639,Tyler Herro
22022,1629639,0022201198,2023-04-06,MIA @ PHI,W,32,7,17,0.412,5,8,0.625,5,5,1.0,0,4,4,5,1,0,1,0,24,19,1,2022-23,Regular Season,1629639,Tyler Herro
22022,1629639,0022201219,2023-04-09,MIA vs. ORL,W,9,2,3,0.667,0,1,0.0,0,0,0.0,0,1,1,3,0,0,2,0,4,3,1,2022-23,Regular Season,1629639,Tyler Herro
42022,1629639,0042200101,2023-04-16,MIA @ MIL,W,19,5,9,0.556,2,4,0.5,0,0,0.0,0,2,2,2,0,1,1,1,12,13,1,2022-23,Playoffs,1629639,Tyler Herro
22022,1628374,0022200012,2022-10-19,UTA vs. DEN,W,33,6,12,0.5,3,7,0.429,2,2,1.0,0,4,4,4,2,0,1,3,17,4,1,2022-23,Regular Season,1628374,Lauri Markkanen
22022,1628374,0022200025,2022-10-21,UTA @ MIN,W,39,10,23,0.435,2,10,0.2,2,2,1.0,5,8,13,5,0,1,1,1,24,7,1,2022-23,Regular Season,1628374,Lauri Markkanen
22022,1628374,0022200040,2022-10-23,UTA @ NOP,W,39,9,17,0.529,2,6,0.333,11,11,1.0,3,9,12,2,2,1,2,3,31,6,1,2022-23,Regular Season,1628374,Lauri Markkanen
22022,1628374,0022200048,2022-10-24,UTA @ HOU,L,31,7,19,0.368,0,6,0.0,0,3,0.0,3,3,6,1,0,0,1,0,14,1,1,2022-23,Regular Season,1628374,Lauri Markkanen
22022,1628374,0022200063,2022-10-26,UTA vs. HOU,W,34,10,15,0.667,1,4,0.25,3,4,0.75,1,8,9,3,0,1,4,1,24,10,1,2022-23,Regular Season,1628374,Lauri Markkanen
22022,1628374,0022200078,2022-10-28,UTA @ DEN,L,26,7,14,0.5,3,6,0.5,0,0,0.0,2,8,10,1,0,0,3,3,17,-10,1,2022-23,Regular Season,1628374,Lauri Markkanen
22022,1628374,0022200087,2022-10-29,UTA vs. MEM,W,38,9,21,0.429,2,9,0.222,3,3,1.0,2,7,9,5,1,1,2,1,23,9,1,2022-23,Regular Season,1628374,Lauri Markkanen
22022,1628374,0022200101,2022-10-31,UTA vs. MEM,W,32,11,15,0.733,4,6,0.667,5,6,0.833,4,7,11,2,1,4,2,2,31,15,1,2022-23,Regular Season,1628374,Lauri Markkanen
22022,1628374,0022200115,2022-11-02,UTA @ DAL,L,34,6,10,0.6,0,4,0.0,2,3,0.667,0,7,7,0,0,0,2,3,14,3,1,2022-23,Regular Season,1628374,Lauri Markkanen
22022,1628374,0022200131,2022-11-04,UTA @ LAL,W,33,9,17,0.529,3,9,0.333,6,6,1.0,3,10,13,4,1,1,1,1,27,4,1,2022-23,Regular Season,1628374,Lauri Markkanen
22022,1628374,0022200143,2022-11-06,UTA @ LAC,W,33,5,9,0.556,1,3,0.333,7,7,1.0,2,7,9,3,1,1,2,3,18,8,1,2022-23,Regular Season,1628374,Lauri Markkanen
22022,1628374,0022200157,2022-11-07,UTA vs. LAL,W,28,10,15,0.667,1,4,0.25,2,3,0.667,1,2,3,2,0,1,1,2,23,14,1,2022-23,Regular Season,1628374,Lauri Markkanen
22022,1628374,0022200162,2022-11-09,UTA @ ATL,W,31,9,18,0.5,6,8,0.75,8,8,1.0,2,6,8,0,0,1,3,2,32,-12,1,2022-23,Regular Season,1628374,Lauri Markkanen
22022,1628374,0022200185,2022-11-12,UTA @ WAS,L,31,8,14,0.571,1,3,0.333,0,0,0.0,1,4,5,1,0,2,1,0,17,-23,1,2022-23,Regular Season,1628374,Lauri Markkanen
22022,1628374,0022200195,2022-11-13,UTA @ PHI,L,34,6,13,0.462,2,5,0.4,1,4,0.25,3,7,10,0,0,0,4,1,15,-15,1,2022-23,Regular Season,1628374,Lauri Markkanen
22022,1628374,0022200208,2022-11-15,UTA vs. NYK,L,30,5,11,0.455,2,5,0.4,1,2,0.5,4,2,6,4,0,2,2,4,13,16,1,2022-23,Regular Season,1628374,Lauri Markkanen
22022,1628374,0022200232,2022-11-18,UTA vs. PHX,W,35,15,18,0.833,2,3,0.667,6,8,0.75,1,5,6,3,1,0,1,2,38,5,1,2022-23,Regular Season,1628374,Lauri Markkanen
22022,1628374,0022200238,2022-11-19,UTA @ POR,W,32,7,13,0.538,3,5,0.6,6,8,0.75,3,7,10,2,1,0,3,4,23,-2,1,2022-23,Regular Season,1628374,Lauri Markkanen
22022,1628374,0022200255,2022-11-21,UTA @ LAC,L,39,10,21,0.476,1,5,0.2,4,4,1.0,7,3,10,3,1,1,2,1,25,14,1,2022-23,Regular Season,1628374,Lauri Markkanen
22022,1628374,0022200270,2022-11-23,UTA vs. DET,L,34,4,13,0.308,3,7,0.429,2,2,1.0,0,8,8,2,0,0,3,3,13,-3,1,2022-23,Regular Season,1628374,Lauri Markkanen
22022,1628374,0022200284,2022-11-25,UTA @ GSW,L,37,9,17,0.529,5,11,0.455,1,1,1.0,3,3,6,1,0,0,4,3,24,12,1,2022-23,Regular Season,1628374,Lauri Markkanen
22022,1628374,0022200289,2022-11-26,UTA @ PHX,L,36,4,13,0.308,2,8,0.25,5,7,0.714,1,9,10,2,0,0,2,3,15,2,1,2022-23,Regular Season,1628374,Lauri Markkanen
22022,1628374,0022200306,2022-11-28,UTA vs. CHI,L,38,12,18,0.667,7,11,0.636,1,2,0.5,2,7,9,1,0,0,2,1,32,-3,1,2022-23,Regular Season,1628374,Lauri Markkanen
22022,1628374,0022200322,2022-11-30,UTA vs. LAC,W,36,7,11,0.636,4,7,0.571,5,5,1.0,1,8,9,2,0,0,1,3,23,6,1,2022-23,Regular Season,1628374,Lauri Markkanen
22022,1628374,0022200335,2022-12-02,UTA vs. IND,W,33,8,15,0.533,5,9,0.556,3,4,0.75,2,11,13,3,1,0,1,1,24,19,1,2022-23,Regular Season,1628374,Lauri Markkanen
22022,1628374,0022200343,2022-12-03,UTA vs. POR,L,35,4,10,0.4,4,6,0.667,9,9,1.0,1,5,6,2,3,1,5,2,21,6,1,2022-23,Regular Season,1628374,Lauri Markkanen
22022,1628374,0022200412,2022-12-13,UTA vs. NOP,W,31,8,16,0.5,2,7,0.286,1,2,0.5,2,9,11,1,1,1,2,3,19,23,1,2022-23,Regular Season,1628374,Lauri Markkanen
22022,1628374,0022200426,2022-12-15,UTA vs. NOP,W,42,8,15,0.533,5,9,0.556,10,10,1.0,0,5,5,3,0,0,2,5,31,-3,1,2022-23,Regular Season,1628374,Lauri Markkanen
22022,1628374,0022200442,2022-12-17,UTA @ MIL,L,28,7,13,0.538,3,6,0.5,1,1,1.0,1,3,4,2,0,0,0,2,18,-14,1,2022-23,Regular Season,1628374,Lauri Markkanen
22022,1628374,0022200452,2022-12-19,UTA @ CLE,L,32,7,12,0.583,3,6,0.5,7,10,0.7,1,5,6,1,2,0,2,2,24,-21,1,2022-23,Regular Season,1628374,Lauri Markkanen
22022,1628374,0022200461,2022-12-20,UTA @ DET,W,36,13,20,0.65,9,13,0.692,3,4,0.75,0,5,5,1,1,0,1,3,38,20,1,2022-23,Regular Season,1628374,Lauri Markkanen
22022,1628374,0022200478,2022-12-22,UTA vs. WAS,W,29,7,14,0.5,4,9,0.444,3,3,1.0,0,5,5,1,0,0,1,4,21,22,1,2022-23,Regular Season,1628374,Lauri Markkanen
22022,1628374,0022200503,2022-12-26,UTA @ SAS,L,38,8,18,0.444,3,10,0.3,13,13,1.0,1,11,12,1,0,2,0,2,32,-2,1,2022-23,Regular Season,1628374,Lauri Markkanen
22022,1628374,0022200521,2022-12-28,UTA @ GSW,L,36,10,22,0.455,7,13,0.538,2,3,0.667,2,14,16,1,1,0,2,1,29,2,1,2022-23,Regular Season,1628374,Lauri Markkanen
22022,1628374,0022200537,2022-12-30,UTA @ SAC,L,34,16,24,0.667,1,7,0.143,3,3,1.0,1,4,5,0,0,0,1,0,36,-1,1,2022-23,Regular Season,1628374,Lauri Markkanen
22022,1628374,0022200546,2022-12-31,UTA vs. MIA,L,36,7,15,0.467,3,7,0.429,12,12,1.0,5,9,14,0,1,0,1,2,29,-1,1,2022-23,Regular Season,1628374,Lauri Markkanen
22022,1628374,0022200563,2023-01-03,UTA vs. SAC,L,36,6,15,0.4,1,7,0.143,15,15,1.0,0,8,8,1,0,0,2,2,28,-6,1,2022-23,Regular Season,1628374,Lauri Markkanen
22022,1628374,0022200578,2023-01-05,UTA @ HOU,W,36,15,27,0.556,6,15,0.4,13,13,1.0,1,7,8,1,0,1,0,0,49,16,1,2022-23,Regular Season,1628374,Lauri Markkanen
22022,1628374,0022200592,2023-01-07,UTA @ CHI,L,36,12,20,0.6,2,7,0.286,2,3,0.667,1,3,4,3,3,0,2,3,28,0,1,2022-23,Regular Season,1628374,Lauri Markkanen
22022,1628374,0022200600,2023-01-08,UTA @ MEM,L,29,8,18,0.444,1,4,0.25,4,4,1.0,1,7,8,1,0,2,1,1,21,0,1,2022-23,Regular Season,1628374,Lauri Markkanen
22022,1628374,0022200614,2023-01-10,UTA vs. CLE,W,39,6,18,0.333,1,5,0.2,12,14,0.857,3,13,16,1,1,0,1,2,25,7,1,2022-23,Regular Season,1628374,Lauri Markkanen
22022,1628374,0022200638,2023-01-13,UTA vs. ORL,W,36,4,13,0.308,3,6,0.5,17,21,0.81,1,11,12,2,1,1,5,2,28,8,1,2022-23,Regular Season,1628374,Lauri Markkanen
22022,1628374,0022200675,2023-01-18,UTA vs. LAC,W,33,11,20,0.55,6,8,0.75,6,6,1.0,2,10,12,1,1,2,0,3,34,26,1,2022-23,Regular Season,1628374,Lauri Markkanen
22022,1628374,0022200689,2023-01-20,UTA vs. BKN,L,37,8,16,0.5,6,10,0.6,0,0,0.0,2,9,11,1,1,0,2,0,22,-21,1,2022-23,Regular Season,1628374,Lauri Markkanen
22022,1628374,0022200710,2023-01-23,UTA vs. CHA,W,32,8,14,0.571,4,8,0.5,5,6,0.833,0,11,11,2,1,1,2,3,25,23,1,2022-23,Regular Season,1628374,Lauri Markkanen
22022,1628374,0022200727,2023-01-25,UTA @ POR,L,34,7,16,0.438,3,6,0.5,7,8,0.875,1,3,4,1,0,0,0,0,24,2,1,2022-23,Regular Season,1628374,Lauri Markkanen
22022,1628374,0022200750,2023-01-28,UTA vs. DAL,W,36,11,20,0.55,4,8,0.5,3,4,0.75,0,5,5,0,1,1,1,2,29,7,1,2022-23,Regular Season,1628374,Lauri Markkanen
22022,1628374,0022200776,2023-02-01,UTA vs. TOR,W,36,7,13,0.538,4,9,0.444,10,10,1.0,2,11,13,1,1,1,4,3,28,-1,1,2022-23,Regular Season,1628374,Lauri Markkanen
22022,1628374,0022200792,2023-02-03,UTA vs. ATL,L,37,8,19,0.421,3,11,0.273,6,7,0.857,4,6,10,1,0,0,0,1,25,3,1,2022-23,Regular Season,1628374,Lauri Markkanen
22022,1628374,0022200813,2023-02-06,UTA vs. DAL,L,36,9,17,0.529,1,7,0.143,0,0,0.0,1,6,7,0,2,1,2,6,19,-23,1,2022-23,Regular Season,1628374,Lauri Markkanen
22022,1628374,0022200828,2023-02-08,UTA vs. MIN,L,23,8,16,0.5,3,7,0.429,2,2,1.0,1,4,5,3,0,0,2,2,21,-32,1,2022-23,Regular Season,1628374,Lauri Markkanen
22022,1628374,0022200839,2023-02-10,UTA @ TOR,W,38,9,20,0.45,2,7,0.286,3,3,1.0,2,7,9,5,1,0,3,3,23,12,1,2022-23,Regular Season,1628374,Lauri Markkanen
22022,1628374,0022200851,2023-02-11,UTA @ NYK,L,35,9,23,0.391,3,10,0.3,8,10,0.8,4,1,5,3,0,3,0,1,29,1,1,2022-23,Regular Season,1628374,Lauri Markkanen
22022,1628374,0022200859,2023-02-13,UTA @ IND,W,37,10,20,0.5,2,9,0.222,7,7,1.0,1,10,11,2,0,0,3,1,29,3,1,2022-23,Regular Season,1628374,Lauri Markkanen
22022,1628374,0022200892,2023-02-23,UTA vs. OKC,W,40,15,28,0.536,3,12,0.25,10,10,1.0,5,5,10,2,0,0,4,3,43,14,1,2022-23,Regular Season,1628374,Lauri Markkanen
22022,1628374,0022200909,2023-02-25,UTA vs. SAS,W,32,9,17,0.529,3,7,0.429,6,6,1.0,1,3,4,2,0,0,2,1,27,7,1,2022-23,Regular Season,1628374,Lauri Markkanen
22022,1628374,0022200930,2023-02-28,UTA vs. SAS,L,35,9,21,0.429,4,8,0.5,6,8,0.75,3,7,10,1,1,0,3,1,28,5,1,2022-23,Regular Season,1628374,Lauri Markkanen
22022,1628374,0022200951,2023-03-03,UTA @ OKC,L,30,6,14,0.429,0,5,0.0,8,11,0.727,4,6,10,2,0,1,6,3,20,-26,1,2022-23,Regular Season,1628374,Lauri Markkanen
22022,1628374,0022200983,2023-03-07,UTA @ DAL,L,39,12,20,0.6,5,9,0.556,4,7,0.571,2,4,6,2,2,1,2,4,33,-9,1,2022-23,Regular Season,1628374,Lauri Markkanen
22022,1628374,0022200994,2023-03-09,UTA @ ORL,W,34,11,22,0.5,3,9,0.333,6,6,1.0,1,4,5,2,0,1,2,2,31,13,1,2022-23,Regular Season,1628374,Lauri Markkanen
22022,1628374,0022201005,2023-03-11,UTA @ CHA,W,36,3,22,0.136,1,9,0.111,6,6,1.0,4,9,13,3,0,0,1,1,13,17,1,2022-23,Regular Season,1628374,Lauri Markkanen
22022,1628374,0022201022,2023-03-13,UTA @ MIA,L,37,14,26,0.538,6,12,0.5,4,6,0.667,5,3,8,1,3,1,2,1,38,1,1,2022-23,Regular Season,1628374,Lauri Markkanen
22022,1628374,0022201062,2023-03-18,UTA vs. BOS,W,35,10,23,0.435,4,12,0.333,4,4,1.0,2,8,10,3,0,0,0,3,28,7,1,2022-23,Regular Season,1628374,Lauri Markkanen
22022,1628374,0022201091,2023-03-22,UTA vs. POR,L,33,14,23,0.609,4,12,0.333,8,9,0.889,1,11,12,3,0,0,4,2,40,-16,1,2022-23,Regular Season,1628374,Lauri Markkanen
22022,1628374,0022201125,2023-03-27,UTA vs. PHX,L,36,6,22,0.273,2,10,0.2,11,12,0.917,3,6,9,2,0,0,1,1,25,-4,1,2022-23,Regular Season,1628374,Lauri Markkanen
22022,1628374,0022201164,2023-04-02,UTA @ BKN,L,35,8,21,0.381,1,8,0.125,6,6,1.0,2,7,9,2,2,0,2,3,23,11,1,2022-23,Regular Season,1628374,Lauri Markkanen
22022,1630578,0022200005,2022-10-19,HOU @ ATL,L,22,5,9,0.556,1,2,0.5,4,4,1.0,4,5,9,0,0,0,6,3,15,-6,1,2022-23,Regular Season,1630578,Alperen Sengun
22022,1630578,0022200024,2022-10-21,HOU vs. MEM,L,27,9,13,0.692,1,2,0.5,4,10,0.4,5,7,12,1,1,2,1,3,23,13,1,2022-23,Regular Season,1630578,Alperen Sengun
22022,1630578,0022200033,2022-10-22,HOU @ MIL,L,23,4,9,0.444,0,3,0.0,1,2,0.5,3,6,9,2,1,1,1,2,9,-8,1,2022-23,Regular Season,1630578,Alperen Sengun
22022,1630578,0022200080,2022-10-28,HOU @ POR,L,25,6,12,0.5,1,1,1.0,1,1,1.0,6,5,11,1,0,3,1,4,14,-8,1,2022-23,Regular Season,1630578,Alperen Sengun
22022,1630578,0022200094,2022-10-30,HOU @ PHX,L,29,6,10,0.6,0,2,0.0,4,4,1.0,3,6,9,2,1,0,1,3,16,-1,1,2022-23,Regular Season,1630578,Alperen Sengun
22022,1630578,0022200102,2022-10-31,HOU @ LAC,L,30,4,8,0.5,0,0,0.0,6,6,1.0,2,7,9,3,0,1,2,3,14,-8,1,2022-23,Regular Season,1630578,Alperen Sengun
22022,1630578,0022200112,2022-11-02,HOU vs. LAC,L,33,8,13,0.615,0,1,0.0,10,11,0.909,3,10,13,2,1,0,0,6,26,-13,1,2022-23,Regular Season,1630578,Alperen Sengun
22022,1630578,0022200137,2022-11-05,HOU @ MIN,L,20,8,9,0.889,0,0,0.0,1,3,0.333,5,2,7,5,0,0,2,3,17,0,1,2022-23,Regular Season,1630578,Alperen Sengun
22022,1630578,0022200145,2022-11-07,HOU @ ORL,W,29,6,14,0.429,0,1,0.0,8,10,0.8,7,3,10,4,2,1,3,2,20,6,1,2022-23,Regular Season,1630578,Alperen Sengun
22022,1630578,0022200165,2022-11-09,HOU @ TOR,L,30,5,8,0.625,0,0,0.0,7,7,1.0,3,5,8,1,1,3,3,2,17,-13,1,2022-23,Regular Season,1630578,Alperen Sengun
22022,1630578,0022200191,2022-11-12,HOU @ NOP,L,19,3,6,0.5,0,1,0.0,0,0,0.0,0,3,3,1,1,0,1,6,6,-5,1,2022-23,Regular Season,1630578,Alperen Sengun
22022,1630578,0022200203,2022-11-14,HOU vs. LAC,L,30,6,11,0.545,0,2,0.0,4,6,0.667,1,3,4,1,0,0,4,5,16,-11,1,2022-23,Regular Season,1630578,Alperen Sengun
22022,1630578,0022200218,2022-11-16,HOU @ DAL,W,26,5,10,0.5,0,0,0.0,4,5,0.8,4,3,7,1,0,5,4,2,14,-7,1,2022-23,Regular Season,1630578,Alperen Sengun
22022,1630578,0022200228,2022-11-18,HOU vs. IND,L,28,4,13,0.308,1,1,1.0,2,2,1.0,3,6,9,4,1,0,1,4,11,4,1,2022-23,Regular Season,1630578,Alperen Sengun
22022,1630578,0022200245,2022-11-20,HOU vs. GSW,L,23,1,3,0.333,0,0,0.0,2,2,1.0,1,6,7,3,1,0,3,3,4,-1,1,2022-23,Regular Season,1630578,Alperen Sengun
22022,1630578,0022200287,2022-11-26,HOU vs. OKC,W,35,10,17,0.588,0,1,0.0,1,1,1.0,6,13,19,7,3,2,3,6,21,17,1,2022-23,Regular Season,1630578,Alperen Sengun
22022,1630578,0022200305,2022-11-28,HOU @ DEN,L,23,7,14,0.5,0,2,0.0,4,5,0.8,3,4,7,3,0,0,4,4,18,2,1,2022-23,Regular Season,1630578,Alperen Sengun
22022,1630578,0022200320,2022-11-30,HOU @ DEN,L,29,8,12,0.667,0,2,0.0,2,2,1.0,3,8,11,1,0,0,2,3,18,-4,1,2022-23,Regular Season,1630578,Alperen Sengun
22022,1630578,0022200334,2022-12-02,HOU @ PHX,W,24,5,7,0.714,0,0,0.0,3,5,0.6,3,1,4,2,2,1,2,2,13,-19,1,2022-23,Regular Season,1630578,Alperen Sengun
22022,1630578,0022200342,2022-12-03,HOU @ GSW,L,20,6,9,0.667,0,0,0.0,0,0,0.0,1,3,4,1,0,1,1,2,12,-24,1,2022-23,Regular Season,1630578,Alperen Sengun
22022,1630578,0022200356,2022-12-05,HOU vs. PHI,W,34,4,9,0.444,0,0,0.0,0,0,0.0,5,3,8,1,1,0,4,6,8,8,1,2022-23,Regular Season,1630578,Alperen Sengun
22022,1630578,0022200375,2022-12-08,HOU @ SAS,L,29,8,17,0.471,0,0,0.0,0,0,0.0,7,4,11,2,0,0,3,3,16,-12,1,2022-23,Regular Season,1630578,Alperen Sengun
22022,1630578,0022200401,2022-12-11,HOU vs. MIL,W,27,4,10,0.4,0,0,0.0,0,0,0.0,2,6,8,3,1,1,1,2,8,2,1,2022-23,Regular Season,1630578,Alperen Sengun
22022,1630578,0022200411,2022-12-13,HOU vs. PHX,W,29,4,10,0.4,0,0,0.0,2,2,1.0,6,10,16,2,0,1,3,1,10,-3,1,2022-23,Regular Season,1630578,Alperen Sengun
22022,1630578,0022200424,2022-12-15,HOU vs. MIA,L,24,6,10,0.6,0,0,0.0,0,0,0.0,3,2,5,2,0,1,1,5,12,-4,1,2022-23,Regular Season,1630578,Alperen Sengun
22022,1630578,0022200441,2022-12-17,HOU vs. POR,L,21,4,11,0.364,0,1,0.0,2,2,1.0,4,4,8,0,0,3,1,1,10,-12,1,2022-23,Regular Season,1630578,Alperen Sengun
22022,1630578,0022200455,2022-12-19,HOU vs. SAS,L,24,8,10,0.8,0,0,0.0,6,8,0.75,1,3,4,3,1,1,0,3,22,-16,1,2022-23,Regular Season,1630578,Alperen Sengun
22022,1630578,0022200472,2022-12-21,HOU vs. ORL,L,32,5,8,0.625,0,1,0.0,3,6,0.5,1,11,12,6,0,0,2,3,13,0,1,2022-23,Regular Season,1630578,Alperen Sengun
22022,1630578,0022200487,2022-12-23,HOU vs. DAL,L,27,6,9,0.667,0,0,0.0,7,8,0.875,2,6,8,7,1,0,0,3,19,12,1,2022-23,Regular Season,1630578,Alperen Sengun
22022,1630578,0022200501,2022-12-26,HOU @ CHI,W,32,10,12,0.833,1,1,1.0,4,4,1.0,1,10,11,6,1,2,4,3,25,24,1,2022-23,Regular Season,1630578,Alperen Sengun
22022,1630578,0022200507,2022-12-27,HOU @ BOS,L,22,0,3,0.0,0,0,0.0,0,0,0.0,4,5,9,2,1,0,1,2,0,-10,1,2022-23,Regular Season,1630578,Alperen Sengun
22022,1630578,0022200528,2022-12-29,HOU @ DAL,L,17,3,7,0.429,0,1,0.0,5,6,0.833,3,3,6,1,0,0,1,5,11,-14,1,2022-23,Regular Season,1630578,Alperen Sengun
22022,1630578,0022200556,2023-01-02,HOU vs. DAL,L,26,5,7,0.714,0,0,0.0,6,8,0.75,1,5,6,5,0,1,2,5,16,4,1,2022-23,Regular Season,1630578,Alperen Sengun
22022,1630578,0022200572,2023-01-04,HOU @ NOP,L,22,5,11,0.455,0,0,0.0,3,3,1.0,3,1,4,5,2,1,1,3,13,-3,1,2022-23,Regular Season,1630578,Alperen Sengun
22022,1630578,0022200578,2023-01-05,HOU vs. UTA,L,32,7,14,0.5,0,0,0.0,6,8,0.75,8,6,14,3,1,1,3,5,20,-2,1,2022-23,Regular Season,1630578,Alperen Sengun
22022,1630578,0022200601,2023-01-08,HOU vs. MIN,L,35,8,15,0.533,0,0,0.0,2,4,0.5,3,5,8,2,0,1,5,5,18,-11,1,2022-23,Regular Season,1630578,Alperen Sengun
22022,1630578,0022200625,2023-01-11,HOU @ SAC,L,28,5,9,0.556,0,0,0.0,0,1,0.0,2,8,10,10,1,0,2,4,10,-10,1,2022-23,Regular Season,1630578,Alperen Sengun
22022,1630578,0022200640,2023-01-13,HOU @ SAC,L,28,6,9,0.667,0,0,0.0,2,4,0.5,2,4,6,7,4,0,4,3,14,-2,1,2022-23,Regular Season,1630578,Alperen Sengun
22022,1630578,0022200649,2023-01-15,HOU @ LAC,L,30,7,12,0.583,1,1,1.0,0,0,0.0,4,4,8,6,1,1,6,2,15,-6,1,2022-23,Regular Season,1630578,Alperen Sengun
22022,1630578,0022200664,2023-01-16,HOU @ LAL,L,37,14,17,0.824,2,2,1.0,3,5,0.6,4,11,15,6,0,4,2,5,33,-6,1,2022-23,Regular Season,1630578,Alperen Sengun
22022,1630578,0022200671,2023-01-18,HOU vs. CHA,L,39,10,16,0.625,0,1,0.0,4,4,1.0,5,7,12,6,2,1,3,4,24,2,1,2022-23,Regular Season,1630578,Alperen Sengun
22022,1630578,0022200696,2023-01-21,HOU @ MIN,L,37,7,9,0.778,1,1,1.0,4,10,0.4,2,14,16,7,1,3,4,2,19,-5,1,2022-23,Regular Season,1630578,Alperen Sengun
22022,1630578,0022200709,2023-01-23,HOU vs. MIN,W,35,8,12,0.667,1,2,0.5,4,8,0.5,1,6,7,7,0,0,5,3,21,8,1,2022-23,Regular Season,1630578,Alperen Sengun
22022,1630578,0022200722,2023-01-25,HOU vs. WAS,L,37,10,16,0.625,0,0,0.0,1,1,1.0,6,5,11,10,3,2,3,1,21,3,1,2022-23,Regular Season,1630578,Alperen Sengun
22022,1630578,0022200733,2023-01-26,HOU vs. CLE,L,30,6,10,0.6,0,0,0.0,2,3,0.667,1,6,7,7,2,2,4,4,14,-11,1,2022-23,Regular Season,1630578,Alperen Sengun
22022,1630578,0022200773,2023-02-01,HOU vs. OKC,W,33,4,10,0.4,0,0,0.0,2,4,0.5,5,7,12,4,0,3,3,4,10,15,1,2022-23,Regular Season,1630578,Alperen Sengun
22022,1630578,0022200789,2023-02-03,HOU vs. TOR,L,33,6,10,0.6,0,0,0.0,9,12,0.75,2,2,4,4,2,0,2,5,21,-3,1,2022-23,Regular Season,1630578,Alperen Sengun
22022,1630578,0022200799,2023-02-04,HOU @ OKC,L,15,5,8,0.625,0,0,0.0,0,0,0.0,1,3,4,1,1,1,3,4,10,-24,1,2022-23,Regular Season,1630578,Alperen Sengun
22022,1630578,0022200812,2023-02-06,HOU vs. SAC,L,36,4,10,0.4,1,2,0.5,6,6,1.0,0,7,7,7,0,0,2,2,15,-9,1,2022-23,Regular Season,1630578,Alperen Sengun
22022,1630578,0022200827,2023-02-08,HOU vs. SAC,L,35,7,11,0.636,1,2,0.5,3,4,0.75,3,6,9,11,1,1,4,5,18,-3,1,2022-23,Regular Season,1630578,Alperen Sengun
22022,1630578,0022200840,2023-02-10,HOU @ MIA,L,31,3,9,0.333,0,0,0.0,6,6,1.0,2,6,8,3,1,0,4,2,12,-2,1,2022-23,Regular Season,1630578,Alperen Sengun
22022,1630578,0022200860,2023-02-13,HOU @ PHI,L,33,5,9,0.556,0,1,0.0,2,2,1.0,2,6,8,1,2,0,2,3,12,-5,1,2022-23,Regular Season,1630578,Alperen Sengun
22022,1630578,0022200880,2023-02-15,HOU @ OKC,L,22,4,12,0.333,0,1,0.0,0,0,0.0,5,5,10,2,0,0,3,4,8,-20,1,2022-23,Regular Season,1630578,Alperen Sengun
22022,1630578,0022200901,2023-02-24,HOU @ GSW,L,24,2,10,0.2,1,1,1.0,0,0,0.0,3,6,9,8,0,0,2,2,5,-3,1,2022-23,Regular Season,1630578,Alperen Sengun
22022,1630578,0022200917,2023-02-26,HOU @ POR,L,25,8,16,0.5,0,0,0.0,1,2,0.5,8,2,10,5,0,0,2,4,17,-14,1,2022-23,Regular Season,1630578,Alperen Sengun
22022,1630578,0022200926,2023-02-28,HOU vs. DEN,L,29,3,9,0.333,0,2,0.0,1,3,0.333,0,2,2,8,0,2,2,4,7,-36,1,2022-23,Regular Season,1630578,Alperen Sengun
22022,1630578,0022200938,2023-03-01,HOU vs. MEM,L,31,5,6,0.833,0,1,0.0,1,4,0.25,3,5,8,5,1,0,4,2,11,-7,1,2022-23,Regular Season,1630578,Alperen Sengun
22022,1630578,0022200959,2023-03-04,HOU @ SAS,W,28,6,9,0.667,1,2,0.5,3,4,0.75,5,5,10,4,1,0,4,4,16,10,1,2022-23,Regular Season,1630578,Alperen Sengun
22022,1630578,0022200967,2023-03-05,HOU vs. SAS,W,27,6,9,0.667,0,0,0.0,3,4,0.75,3,11,14,3,3,1,1,2,15,22,1,2022-23,Regular Season,1630578,Alperen Sengun
22022,1630578,0022200981,2023-03-07,HOU vs. BKN,L,34,6,12,0.5,0,0,0.0,4,5,0.8,4,8,12,2,0,0,4,3,16,0,1,2022-23,Regular Season,1630578,Alperen Sengun
22022,1630578,0022200993,2023-03-09,HOU @ IND,L,26,7,11,0.636,0,0,0.0,0,2,0.0,3,5,8,3,0,2,3,4,14,-11,1,2022-23,Regular Season,1630578,Alperen Sengun
22022,1630578,0022201009,2023-03-11,HOU vs. CHI,L,33,4,9,0.444,0,0,0.0,2,2,1.0,2,3,5,5,3,1,2,1,10,-3,1,2022-23,Regular Season,1630578,Alperen Sengun
22022,1630578,0022201038,2023-03-15,HOU vs. LAL,W,31,6,10,0.6,0,0,0.0,1,2,0.5,2,7,9,6,1,2,2,4,13,-3,1,2022-23,Regular Season,1630578,Alperen Sengun
22022,1630578,0022201051,2023-03-17,HOU vs. NOP,W,36,8,17,0.471,1,1,1.0,0,0,0.0,2,9,11,1,2,0,2,5,17,2,1,2022-23,Regular Season,1630578,Alperen Sengun
22022,1630578,0022201067,2023-03-19,HOU vs. NOP,L,31,3,8,0.375,0,2,0.0,3,4,0.75,4,3,7,6,1,1,0,6,9,-2,1,2022-23,Regular Season,1630578,Alperen Sengun
22022,1630578,0022201088,2023-03-22,HOU @ MEM,L,32,11,15,0.733,0,2,0.0,3,6,0.5,4,4,8,4,2,0,3,6,25,5,1,2022-23,Regular Season,1630578,Alperen Sengun
22022,1630578,0022201100,2023-03-24,HOU @ MEM,L,25,3,6,0.5,0,1,0.0,1,3,0.333,1,4,5,2,1,0,2,3,7,-18,1,2022-23,Regular Season,1630578,Alperen Sengun
22022,1630578,0022201117,2023-03-26,HOU @ CLE,L,33,6,12,0.5,0,0,0.0,2,4,0.5,2,6,8,4,0,1,3,4,14,-12,1,2022-23,Regular Season,1630578,Alperen Sengun
22022,1630578,0022201124,2023-03-27,HOU @ NYK,L,28,5,9,0.556,1,1,1.0,0,1,0.0,1,4,5,1,0,1,5,2,11,-24,1,2022-23,Regular Season,1630578,Alperen Sengun
22022,1630578,0022201137,2023-03-29,HOU @ BKN,L,33,10,16,0.625,0,0,0.0,1,3,0.333,8,4,12,2,1,1,2,3,21,-15,1,2022-23,Regular Season,1630578,Alperen Sengun
22022,1630578,0022201155,2023-03-31,HOU vs. DET,W,35,5,7,0.714,0,0,0.0,5,6,0.833,3,10,13,7,0,0,4,5,15,13,1,2022-23,Regular Season,1630578,Alperen Sengun
22022,1630578,0022201171,2023-04-02,HOU vs. LAL,L,38,9,17,0.529,0,1,0.0,0,2,0.0,5,10,15,5,2,3,2,3,18,-5,1,2022-23,Regular Season,1630578,Alperen Sengun
22022,1630578,0022201183,2023-04-04,HOU vs. DEN,W,38,7,14,0.5,2,4,0.5,4,5,0.8,4,6,10,7,3,1,3,4,20,15,1,2022-23,Regular Season,1630578,Alperen Sengun
22022,1630578,0022201202,2023-04-07,HOU @ CHA,W,32,4,9,0.444,1,1,1.0,5,6,0.833,5,16,21,3,2,1,4,4,14,5,1,2022-23,Regular Season,1630578,Alperen Sengun
22022,1630578,0022201222,2023-04-09,HOU @ WAS,W,24,4,9,0.444,0,0,0.0,4,5,0.8,3,9,12,6,2,2,4,3,12,-4,1,2022-23,Regular Season,1630578,Alperen Sengun
22022,1630595,0022200003,2022-10-19,DET vs. ORL,W,35,6,16,0.375,2,6,0.333,4,4,1.0,0,1,1,10,1,0,3,2,18,3,1,2022-23,Regular Season,1630595,Cade Cunningham
22022,1630595,0022200023,2022-10-21,DET @ NYK,L,32,6,16,0.375,1,6,0.167,2,4,0.5,4,4,8,7,2,0,4,3,15,0,1,2022-23,Regular Season,1630595,Cade Cunningham
22022,1630595,0022200029,2022-10-22,DET @ IND,L,33,8,19,0.421,4,8,0.5,2,2,1.0,2,2,4,4,1,0,2,3,22,4,1,2022-23,Regular Season,1630595,Cade Cunningham
22022,1630595,0022200052,2022-10-25,DET @ WAS,L,32,7,19,0.368,0,2,0.0,5,6,0.833,0,3,3,3,1,0,3,3,19,-18,1,2022-23,Regular Season,1630595,Cade Cunningham
22022,1630595,0022200057,2022-10-26,DET vs. ATL,L,37,11,25,0.44,1,3,0.333,3,4,0.75,0,8,8,6,1,2,7,2,26,-8,1,2022-23,Regular Season,1630595,Cade Cunningham
22022,1630595,0022200070,2022-10-28,DET vs. ATL,L,33,14,23,0.609,0,3,0.0,7,8,0.875,1,8,9,8,1,0,1,5,35,-13,1,2022-23,Regular Season,1630595,Cade Cunningham
22022,1630595,0022200091,2022-10-30,DET vs. GSW,W,39,9,20,0.45,1,3,0.333,4,4,1.0,1,9,10,9,0,1,4,4,23,16,1,2022-23,Regular Season,1630595,Cade Cunningham
22022,1630595,0022200100,2022-10-31,DET @ MIL,L,36,11,23,0.478,3,9,0.333,2,2,1.0,1,5,6,7,1,1,5,2,27,-7,1,2022-23,Regular Season,1630595,Cade Cunningham
22022,1630595,0022200113,2022-11-02,DET @ MIL,L,31,5,13,0.385,0,2,0.0,0,0,0.0,0,6,6,4,1,0,2,3,10,-24,1,2022-23,Regular Season,1630595,Cade Cunningham
22022,1630595,0022200120,2022-11-04,DET vs. CLE,L,31,7,18,0.389,3,6,0.5,2,3,0.667,1,4,5,5,1,1,1,1,19,-8,1,2022-23,Regular Season,1630595,Cade Cunningham
22022,1630595,0022200146,2022-11-07,DET vs. OKC,W,36,8,21,0.381,2,7,0.286,3,4,0.75,1,10,11,7,0,1,5,4,21,12,1,2022-23,Regular Season,1630595,Cade Cunningham
22022,1630595,0022200163,2022-11-09,DET @ BOS,L,24,1,11,0.091,0,6,0.0,2,2,1.0,1,2,3,2,0,1,2,2,4,-17,1,2022-23,Regular Season,1630595,Cade Cunningham
22022,1630596,0022200008,2022-10-19,CLE @ TOR,L,36,5,9,0.556,1,3,0.333,3,4,0.75,0,6,6,1,1,1,3,1,14,-14,1,2022-23,Regular Season,1630596,Evan Mobley
22022,1630596,0022200032,2022-10-22,CLE @ CHI,W,25,7,9,0.778,0,0,0.0,2,2,1.0,1,2,3,1,1,1,3,1,16,7,1,2022-23,Regular Season,1630596,Evan Mobley
22022,1630596,0022200039,2022-10-23,CLE vs. WAS,W,37,2,7,0.286,0,0,0.0,6,6,1.0,2,5,7,2,2,1,2,3,10,-3,1,2022-23,Regular Season,1630596,Evan Mobley
22022,1630596,0022200056,2022-10-26,CLE vs. ORL,W,34,9,15,0.6,0,0,0.0,2,4,0.5,0,3,3,3,1,1,3,4,20,3,1,2022-23,Regular Season,1630596,Evan Mobley
22022,1630596,0022200072,2022-10-28,CLE @ BOS,W,42,7,12,0.583,1,3,0.333,4,6,0.667,3,7,10,3,1,2,2,4,19,2,1,2022-23,Regular Season,1630596,Evan Mobley
22022,1630596,0022200090,2022-10-30,CLE vs. NYK,W,34,6,13,0.462,0,2,0.0,4,4,1.0,2,5,7,3,1,1,2,5,16,18,1,2022-23,Regular Season,1630596,Evan Mobley
22022,1630596,0022200107,2022-11-02,CLE vs. BOS,W,32,7,8,0.875,0,1,0.0,1,2,0.5,2,5,7,2,0,0,3,3,15,15,1,2022-23,Regular Season,1630596,Evan Mobley
22022,1630596,0022200120,2022-11-04,CLE @ DET,W,30,5,14,0.357,0,1,0.0,1,2,0.5,2,6,8,2,0,8,1,0,11,0,1,2022-23,Regular Season,1630596,Evan Mobley
22022,1630596,0022200140,2022-11-06,CLE @ LAL,W,30,2,7,0.286,0,1,0.0,1,2,0.5,2,5,7,3,2,1,1,3,5,1,1,2022-23,Regular Season,1630596,Evan Mobley
22022,1630596,0022200158,2022-11-07,CLE @ LAC,L,34,12,18,0.667,0,0,0.0,2,2,1.0,3,5,8,1,0,0,3,6,26,-20,1,2022-23,Regular Season,1630596,Evan Mobley
22022,1630596,0022200171,2022-11-09,CLE @ SAC,L,36,7,10,0.7,0,0,0.0,2,3,0.667,1,5,6,0,1,0,2,3,16,-1,1,2022-23,Regular Season,1630596,Evan Mobley
22022,1630596,0022200182,2022-11-11,CLE @ GSW,L,39,8,15,0.533,0,0,0.0,4,5,0.8,8,5,13,4,0,2,3,3,20,1,1,2022-23,Regular Season,1630596,Evan Mobley
22022,1630596,0022200193,2022-11-13,CLE vs. MIN,L,32,1,4,0.25,0,0,0.0,2,6,0.333,5,8,13,3,2,0,3,4,4,-14,1,2022-23,Regular Season,1630596,Evan Mobley
22022,1630596,0022200216,2022-11-16,CLE @ MIL,L,31,9,14,0.643,0,0,0.0,2,4,0.5,3,4,7,2,1,2,0,3,20,-13,1,2022-23,Regular Season,1630596,Evan Mobley
22022,1630596,0022200225,2022-11-18,CLE vs. CHA,W,45,9,14,0.643,0,1,0.0,3,4,0.75,5,13,18,5,1,2,1,4,21,15,1,2022-23,Regular Season,1630596,Evan Mobley
22022,1630596,0022200244,2022-11-20,CLE vs. MIA,W,30,7,12,0.583,0,0,0.0,1,2,0.5,4,6,10,5,1,0,3,2,15,15,1,2022-23,Regular Season,1630596,Evan Mobley
22022,1630596,0022200248,2022-11-21,CLE vs. ATL,W,36,4,6,0.667,0,0,0.0,2,2,1.0,2,7,9,3,1,1,4,2,10,5,1,2022-23,Regular Season,1630596,Evan Mobley
22022,1630596,0022200261,2022-11-23,CLE vs. POR,W,35,4,10,0.4,0,0,0.0,2,4,0.5,4,8,12,3,0,3,2,2,10,0,1,2022-23,Regular Season,1630596,Evan Mobley
22022,1630596,0022200280,2022-11-25,CLE @ MIL,L,29,2,12,0.167,0,1,0.0,4,4,1.0,1,7,8,0,3,0,2,0,8,-16,1,2022-23,Regular Season,1630596,Evan Mobley
22022,1630596,0022200295,2022-11-27,CLE @ DET,W,40,8,12,0.667,2,2,1.0,2,5,0.4,6,7,13,1,0,1,3,3,20,4,1,2022-23,Regular Season,1630596,Evan Mobley
22022,1630596,0022200303,2022-11-28,CLE @ TOR,L,33,7,14,0.5,0,4,0.0,4,6,0.667,3,12,15,1,1,2,1,1,18,-8,1,2022-23,Regular Season,1630596,Evan Mobley
22022,1630596,0022200312,2022-11-30,CLE vs. PHI,W,24,8,10,0.8,0,1,0.0,0,0,0.0,0,8,8,3,0,1,1,4,16,23,1,2022-23,Regular Season,1630596,Evan Mobley
22022,1630596,0022200330,2022-12-02,CLE vs. ORL,W,38,9,10,0.9,1,1,1.0,0,0,0.0,4,9,13,4,1,2,2,3,19,15,1,2022-23,Regular Season,1630596,Evan Mobley
22022,1630596,0022200348,2022-12-04,CLE @ NYK,L,39,4,9,0.444,0,1,0.0,3,5,0.6,5,5,10,3,0,4,1,1,11,1,1,2022-23,Regular Season,1630596,Evan Mobley
22022,1630596,0022200360,2022-12-06,CLE vs. LAL,W,30,3,6,0.5,0,1,0.0,1,2,0.5,3,9,12,2,1,1,0,5,7,14,1,2022-23,Regular Season,1630596,Evan Mobley
22022,1630596,0022200381,2022-12-09,CLE vs. SAC,L,41,5,13,0.385,0,3,0.0,7,9,0.778,2,5,7,4,1,0,4,3,17,-4,1,2022-23,Regular Season,1630596,Evan Mobley
22022,1630596,0022200390,2022-12-10,CLE vs. OKC,W,37,8,14,0.571,2,3,0.667,3,5,0.6,3,9,12,3,0,0,2,4,21,9,1,2022-23,Regular Season,1630596,Evan Mobley
22022,1630596,0022200406,2022-12-12,CLE @ SAS,L,38,7,12,0.583,0,0,0.0,3,4,0.75,4,9,13,4,0,1,3,2,17,2,1,2022-23,Regular Season,1630596,Evan Mobley
22022,1630596,0022200421,2022-12-14,CLE @ DAL,W,35,5,9,0.556,0,1,0.0,4,4,1.0,2,5,7,6,0,1,1,5,14,11,1,2022-23,Regular Season,1630596,Evan Mobley
22022,1630596,0022200431,2022-12-16,CLE vs. IND,W,31,6,10,0.6,1,2,0.5,3,4,0.75,0,9,9,2,0,2,1,2,16,10,1,2022-23,Regular Season,1630596,Evan Mobley
22022,1630596,0022200440,2022-12-17,CLE vs. DAL,W,36,6,10,0.6,1,1,1.0,4,5,0.8,3,5,8,4,0,0,0,3,17,3,1,2022-23,Regular Season,1630596,Evan Mobley
22022,1630596,0022200452,2022-12-19,CLE vs. UTA,W,31,4,6,0.667,0,1,0.0,4,6,0.667,0,8,8,3,0,0,1,2,12,18,1,2022-23,Regular Season,1630596,Evan Mobley
22022,1630596,0022200466,2022-12-21,CLE vs. MIL,W,23,3,7,0.429,0,3,0.0,1,2,0.5,0,3,3,1,1,1,2,5,7,-6,1,2022-23,Regular Season,1630596,Evan Mobley
22022,1630596,0022200484,2022-12-23,CLE vs. TOR,L,32,5,7,0.714,0,0,0.0,0,0,0.0,1,7,8,3,0,1,2,0,10,-13,1,2022-23,Regular Season,1630596,Evan Mobley
22022,1630596,0022200498,2022-12-26,CLE vs. BKN,L,39,5,11,0.455,0,3,0.0,2,2,1.0,0,6,6,2,1,1,3,3,12,-6,1,2022-23,Regular Season,1630596,Evan Mobley
22022,1630596,0022200524,2022-12-29,CLE @ IND,L,32,5,10,0.5,0,1,0.0,3,3,1.0,5,2,7,7,2,1,3,2,13,-18,1,2022-23,Regular Season,1630596,Evan Mobley
22022,1630596,0022200565,2023-01-04,CLE vs. PHX,W,32,2,9,0.222,0,0,0.0,2,2,1.0,1,7,8,1,2,0,4,1,6,-8,1,2022-23,Regular Season,1630596,Evan Mobley
22022,1630596,0022200588,2023-01-06,CLE @ DEN,L,34,6,13,0.462,0,2,0.0,0,6,0.0,2,7,9,4,1,3,1,4,12,-3,1,2022-23,Regular Season,1630596,Evan Mobley
22022,1630596,0022200603,2023-01-08,CLE @ PHX,W,34,7,10,0.7,0,0,0.0,0,0,0.0,0,8,8,6,0,1,3,0,14,13,1,2022-23,Regular Season,1630596,Evan Mobley
22022,1630596,0022200614,2023-01-10,CLE @ UTA,L,37,5,8,0.625,0,0,0.0,2,4,0.5,1,6,7,1,1,4,0,6,12,-8,1,2022-23,Regular Season,1630596,Evan Mobley
22022,1630596,0022200631,2023-01-12,CLE @ POR,W,25,6,12,0.5,0,1,0.0,5,6,0.833,5,3,8,3,1,1,0,4,17,6,1,2022-23,Regular Season,1630596,Evan Mobley
22022,1630596,0022200645,2023-01-14,CLE @ MIN,L,32,6,11,0.545,0,2,0.0,7,8,0.875,2,6,8,1,0,0,3,3,19,-24,1,2022-23,Regular Season,1630596,Evan Mobley
22022,1630596,0022200658,2023-01-16,CLE vs. NOP,W,40,8,10,0.8,0,0,0.0,3,4,0.75,1,7,8,0,0,1,2,2,19,8,1,2022-23,Regular Season,1630596,Evan Mobley
22022,1630596,0022200672,2023-01-18,CLE @ MEM,L,39,9,15,0.6,0,1,0.0,0,2,0.0,4,11,15,3,1,2,6,2,18,2,1,2022-23,Regular Season,1630596,Evan Mobley
22022,1630596,0022200685,2023-01-20,CLE vs. GSW,L,37,7,12,0.583,0,2,0.0,3,4,0.75,2,5,7,2,0,1,0,1,17,0,1,2022-23,Regular Season,1630596,Evan Mobley
22022,1630596,0022200695,2023-01-21,CLE vs. MIL,W,38,19,27,0.704,0,2,0.0,0,1,0.0,3,6,9,3,0,0,4,1,38,20,1,2022-23,Regular Season,1630596,Evan Mobley
22022,1630596,0022200715,2023-01-24,CLE @ NYK,L,38,6,11,0.545,0,1,0.0,0,0,0.0,1,6,7,3,1,2,3,4,12,0,1,2022-23,Regular Season,1630596,Evan Mobley
22022,1630596,0022200733,2023-01-26,CLE @ HOU,W,33,6,16,0.375,0,3,0.0,9,10,0.9,5,5,10,3,1,2,3,3,21,17,1,2022-23,Regular Season,1630596,Evan Mobley
22022,1630596,0022200739,2023-01-27,CLE @ OKC,L,38,9,18,0.5,2,2,1.0,3,4,0.75,2,9,11,1,0,2,4,5,23,-3,1,2022-23,Regular Season,1630596,Evan Mobley
22022,1630596,0022200754,2023-01-29,CLE vs. LAC,W,27,4,9,0.444,1,1,1.0,0,0,0.0,0,9,9,3,1,3,0,4,9,36,1,2022-23,Regular Season,1630596,Evan Mobley
22022,1630596,0022200764,2023-01-31,CLE vs. MIA,L,38,9,15,0.6,0,2,0.0,1,2,0.5,1,6,7,4,0,2,0,3,19,16,1,2022-23,Regular Season,1630596,Evan Mobley
22022,1630596,0022200779,2023-02-02,CLE vs. MEM,W,33,7,17,0.412,0,2,0.0,3,5,0.6,4,10,14,5,1,2,3,3,17,1,1,2022-23,Regular Season,1630596,Evan Mobley
22022,1630596,0022200803,2023-02-05,CLE @ IND,W,31,7,12,0.583,0,1,0.0,3,4,0.75,1,9,10,4,1,3,0,4,17,18,1,2022-23,Regular Season,1630596,Evan Mobley
22022,1630596,0022200809,2023-02-06,CLE @ WAS,W,28,7,13,0.538,0,0,0.0,2,3,0.667,4,1,5,2,2,2,1,3,16,23,1,2022-23,Regular Season,1630596,Evan Mobley
22022,1630596,0022200822,2023-02-08,CLE vs. DET,W,32,7,14,0.5,0,0,0.0,5,6,0.833,3,5,8,3,0,0,3,1,19,21,1,2022-23,Regular Season,1630596,Evan Mobley
22022,1630596,0022200842,2023-02-10,CLE @ NOP,W,37,13,18,0.722,0,0,0.0,2,3,0.667,3,10,13,2,3,2,0,3,28,18,1,2022-23,Regular Season,1630596,Evan Mobley
22022,1630596,0022200852,2023-02-11,CLE vs. CHI,W,36,6,13,0.462,2,4,0.5,0,0,0.0,1,5,6,3,2,0,2,4,14,2,1,2022-23,Regular Season,1630596,Evan Mobley
22022,1630596,0022200858,2023-02-13,CLE vs. SAS,W,38,5,10,0.5,0,1,0.0,5,8,0.625,2,7,9,1,1,2,3,2,15,3,1,2022-23,Regular Season,1630596,Evan Mobley
22022,1630596,0022200875,2023-02-15,CLE @ PHI,L,36,9,19,0.474,0,4,0.0,5,7,0.714,1,8,9,1,0,0,2,4,23,-8,1,2022-23,Regular Season,1630596,Evan Mobley
22022,1630596,0022200886,2023-02-23,CLE vs. DEN,L,38,12,19,0.632,2,4,0.5,5,5,1.0,2,7,9,1,1,1,1,4,31,0,1,2022-23,Regular Season,1630596,Evan Mobley
22022,1630596,0022200896,2023-02-24,CLE @ ATL,L,30,6,11,0.545,0,0,0.0,1,2,0.5,0,4,4,2,1,1,4,3,13,-8,1,2022-23,Regular Season,1630596,Evan Mobley
22022,1630596,0022200914,2023-02-26,CLE vs. TOR,W,33,7,14,0.5,2,6,0.333,2,4,0.5,3,6,9,4,1,1,2,2,18,22,1,2022-23,Regular Season,1630596,Evan Mobley
22022,1630596,0022200935,2023-03-01,CLE @ BOS,L,39,6,15,0.4,0,2,0.0,0,2,0.0,2,11,13,1,1,0,0,3,12,-1,1,2022-23,Regular Season,1630596,Evan Mobley
22022,1630596,0022200957,2023-03-04,CLE vs. DET,W,30,7,14,0.5,0,1,0.0,2,4,0.5,3,8,11,6,1,4,3,1,16,28,1,2022-23,Regular Season,1630596,Evan Mobley
22022,1630596,0022200971,2023-03-06,CLE vs. BOS,W,41,10,14,0.714,1,4,0.25,4,7,0.571,5,12,17,1,0,3,3,5,25,9,1,2022-23,Regular Season,1630596,Evan Mobley
22022,1630596,0022200987,2023-03-08,CLE @ MIA,W,32,5,9,0.556,0,2,0.0,5,6,0.833,2,4,6,6,1,2,3,3,15,-1,1,2022-23,Regular Season,1630596,Evan Mobley
22022,1630596,0022201000,2023-03-10,CLE @ MIA,L,28,4,10,0.4,1,3,0.333,3,4,0.75,0,4,4,2,0,1,0,4,12,-18,1,2022-23,Regular Season,1630596,Evan Mobley
22022,1630596,0022201015,2023-03-12,CLE @ CHA,W,39,6,13,0.462,0,0,0.0,6,11,0.545,2,7,9,3,1,0,0,3,18,15,1,2022-23,Regular Season,1630596,Evan Mobley
22022,1630596,0022201027,2023-03-14,CLE @ CHA,W,31,10,15,0.667,0,0,0.0,6,6,1.0,1,5,6,2,1,1,0,2,26,14,1,2022-23,Regular Season,1630596,Evan Mobley
22022,1630596,0022201035,2023-03-15,CLE vs. PHI,L,39,5,10,0.5,0,1,0.0,3,7,0.429,5,7,12,5,1,2,1,2,13,-15,1,2022-23,Regular Season,1630596,Evan Mobley
22022,1630596,0022201049,2023-03-17,CLE vs. WAS,W,36,8,15,0.533,0,0,0.0,4,6,0.667,1,7,8,3,0,4,2,3,20,16,1,2022-23,Regular Season,1630596,Evan Mobley
22022,1630596,0022201079,2023-03-21,CLE @ BKN,W,36,8,12,0.667,1,2,0.5,0,0,0.0,0,4,4,3,1,0,3,3,17,6,1,2022-23,Regular Season,1630596,Evan Mobley
22022,1630596,0022201094,2023-03-23,CLE @ BKN,W,40,11,18,0.611,0,1,0.0,4,6,0.667,5,11,16,3,1,4,0,1,26,16,1,2022-23,Regular Season,1630596,Evan Mobley
22022,1630596,0022201117,2023-03-26,CLE vs. HOU,W,40,8,12,0.667,0,1,0.0,3,6,0.5,3,4,7,5,1,3,3,1,19,21,1,2022-23,Regular Season,1630596,Evan Mobley
22022,1630596,0022201131,2023-03-28,CLE @ ATL,L,40,10,13,0.769,0,0,0.0,0,2,0.0,5,10,15,6,1,4,0,3,20,12,1,2022-23,Regular Season,1630596,Evan Mobley
22022,1630596,0022201154,2023-03-31,CLE vs. NYK,L,41,6,8,0.75,0,0,0.0,2,3,0.667,0,7,7,5,0,3,0,1,14,-6,1,2022-23,Regular Season,1630596,Evan Mobley
22022,1630596,0022201173,2023-04-02,CLE vs. IND,W,39,7,17,0.412,0,1,0.0,0,0,0.0,5,11,16,4,0,4,0,3,14,15,1,2022-23,Regular Season,1630596,Evan Mobley
22022,1630596,0022201178,2023-04-04,CLE @ ORL,W,35,5,10,0.5,1,2,0.5,3,4,0.75,1,6,7,4,1,1,0,3,14,0,1,2022-23,Regular Season,1630596,Evan Mobley
22022,1630596,0022201218,2023-04-09,CLE vs. CHA,L,12,3,7,0.429,0,0,0.0,0,0,0.0,2,3,5,0,0,0,1,0,6,8,1,2022-23,Regular Season,1630596,Evan Mobley
42022,1630596,0042200131,2023-04-15,CLE vs. NYK,L,38,4,13,0.308,0,0,0.0,0,0,0.0,5,6,11,2,1,0,2,1,8,9,1,2022-23,Playoffs,1630596,Evan Mobley
42022,1630596,0042200132,2023-04-18,CLE vs. NYK,W,39,6,11,0.545,0,0,0.0,1,2,0.5,2,11,13,0,2,2,2,3,13,15,1,2022-23,Playoffs,1630596,Evan Mobley
42022,1630596,0042200133,2023-04-21,CLE @ NYK,L,37,5,10,0.5,0,1,0.0,0,0,0.0,4,6,10,1,0,1,3,3,10,-16,1,2022-23,Playoffs,1630596,Evan Mobley
42022,1630596,0042200134,2023-04-23,CLE @ NYK,L,35,5,8,0.625,0,0,0.0,2,2,1.0,3,4,7,3,0,2,2,6,12,2,1,2022-23,Playoffs,1630596,Evan Mobley
42022,1630596,0042200135,2023-04-26,CLE vs. NYK,L,39,2,6,0.333,0,0,0.0,2,4,0.5,1,8,9,4,0,1,3,0,6,-14,1,2022-23,Playoffs,1630596,Evan Mobley
22022,1630224,0022200005,2022-10-19,HOU @ ATL,L,32,7,20,0.35,1,7,0.143,1,1,1.0,1,4,5,3,1,1,3,3,16,-16,1,2022-23,Regular Season,1630224,Jalen Green
22022,1630224,0022200024,2022-10-21,HOU vs. MEM,L,35,13,21,0.619,4,5,0.8,3,4,0.75,0,5,5,2,1,0,2,1,33,-12,1,2022-23,Regular Season,1630224,Jalen Green
22022,1630224,0022200033,2022-10-22,HOU @ MIL,L,32,6,19,0.316,4,7,0.571,6,6,1.0,1,3,4,2,1,0,2,3,22,-5,1,2022-23,Regular Season,1630224,Jalen Green
22022,1630224,0022200048,2022-10-24,HOU vs. UTA,W,36,9,16,0.563,4,8,0.5,3,3,1.0,2,1,3,3,0,0,3,1,25,-1,1,2022-23,Regular Season,1630224,Jalen Green
22022,1630224,0022200063,2022-10-26,HOU @ UTA,L,36,6,20,0.3,2,9,0.222,3,4,0.75,2,5,7,2,1,1,2,2,17,-19,1,2022-23,Regular Season,1630224,Jalen Green
22022,1630224,0022200080,2022-10-28,HOU @ POR,L,32,4,19,0.211,2,10,0.2,1,2,0.5,0,6,6,2,1,0,1,1,11,-19,1,2022-23,Regular Season,1630224,Jalen Green
22022,1630224,0022200094,2022-10-30,HOU @ PHX,L,31,5,18,0.278,2,7,0.286,3,4,0.75,0,1,1,2,1,0,1,0,15,-7,1,2022-23,Regular Season,1630224,Jalen Green
22022,1630224,0022200102,2022-10-31,HOU @ LAC,L,36,4,17,0.235,1,5,0.2,4,7,0.571,0,4,4,1,1,1,1,2,13,1,1,2022-23,Regular Season,1630224,Jalen Green
22022,1630224,0022200112,2022-11-02,HOU vs. LAC,L,30,9,17,0.529,3,8,0.375,1,1,1.0,0,4,4,1,1,0,3,3,22,-13,1,2022-23,Regular Season,1630224,Jalen Green
22022,1630224,0022200137,2022-11-05,HOU @ MIN,L,29,6,16,0.375,4,11,0.364,5,7,0.714,1,1,2,4,0,0,5,1,21,-16,1,2022-23,Regular Season,1630224,Jalen Green
22022,1630224,0022200145,2022-11-07,HOU @ ORL,W,38,12,18,0.667,5,11,0.455,5,7,0.714,0,3,3,3,2,1,3,3,34,13,1,2022-23,Regular Season,1630224,Jalen Green
22022,1630224,0022200165,2022-11-09,HOU @ TOR,L,40,8,14,0.571,2,6,0.333,3,4,0.75,1,5,6,6,0,0,4,1,21,-8,1,2022-23,Regular Season,1630224,Jalen Green
22022,1630224,0022200191,2022-11-12,HOU @ NOP,L,38,11,20,0.55,5,10,0.5,6,6,1.0,0,2,2,6,0,0,5,0,33,-12,1,2022-23,Regular Season,1630224,Jalen Green
22022,1630224,0022200203,2022-11-14,HOU vs. LAC,L,35,10,19,0.526,3,8,0.375,2,2,1.0,0,6,6,7,1,0,3,0,25,-16,1,2022-23,Regular Season,1630224,Jalen Green
22022,1630224,0022200218,2022-11-16,HOU @ DAL,W,36,5,15,0.333,1,4,0.25,6,7,0.857,1,6,7,6,0,1,5,2,17,9,1,2022-23,Regular Season,1630224,Jalen Green
22022,1630224,0022200228,2022-11-18,HOU vs. IND,L,32,2,10,0.2,0,4,0.0,12,15,0.8,0,5,5,5,2,0,6,4,16,0,1,2022-23,Regular Season,1630224,Jalen Green
22022,1630224,0022200245,2022-11-20,HOU vs. GSW,L,38,4,15,0.267,1,8,0.125,7,8,0.875,2,3,5,4,2,0,0,1,16,-25,1,2022-23,Regular Season,1630224,Jalen Green
22022,1630224,0022200278,2022-11-25,HOU vs. ATL,W,33,10,17,0.588,3,9,0.333,7,9,0.778,0,5,5,5,0,0,6,6,30,6,1,2022-23,Regular Season,1630224,Jalen Green
22022,1630224,0022200287,2022-11-26,HOU vs. OKC,W,34,11,19,0.579,6,9,0.667,0,0,0.0,0,2,2,9,0,0,4,1,28,17,1,2022-23,Regular Season,1630224,Jalen Green
22022,1630224,0022200305,2022-11-28,HOU @ DEN,L,31,5,15,0.333,1,7,0.143,6,8,0.75,0,2,2,7,0,0,5,2,17,-14,1,2022-23,Regular Season,1630224,Jalen Green
22022,1630224,0022200320,2022-11-30,HOU @ DEN,L,35,6,16,0.375,1,7,0.143,3,5,0.6,1,2,3,3,0,0,2,1,16,-16,1,2022-23,Regular Season,1630224,Jalen Green
22022,1630224,0022200334,2022-12-02,HOU @ PHX,W,37,8,24,0.333,2,7,0.286,12,16,0.75,1,2,3,2,3,0,5,2,30,-8,1,2022-23,Regular Season,1630224,Jalen Green
22022,1630224,0022200342,2022-12-03,HOU @ GSW,L,31,6,19,0.316,0,5,0.0,1,1,1.0,0,1,1,3,1,0,2,0,13,-18,1,2022-23,Regular Season,1630224,Jalen Green
22022,1630224,0022200356,2022-12-05,HOU vs. PHI,W,44,9,20,0.45,0,7,0.0,9,10,0.9,2,2,4,7,1,0,7,2,27,12,1,2022-23,Regular Season,1630224,Jalen Green
22022,1630224,0022200375,2022-12-08,HOU @ SAS,L,30,5,17,0.294,2,3,0.667,2,2,1.0,1,2,3,2,0,1,0,1,14,-11,1,2022-23,Regular Season,1630224,Jalen Green
22022,1630224,0022200401,2022-12-11,HOU vs. MIL,W,34,12,21,0.571,3,6,0.5,3,4,0.75,0,7,7,3,0,0,2,0,30,-3,1,2022-23,Regular Season,1630224,Jalen Green
22022,1630224,0022200411,2022-12-13,HOU vs. PHX,W,37,7,17,0.412,1,7,0.143,11,12,0.917,1,6,7,4,0,0,2,0,26,18,1,2022-23,Regular Season,1630224,Jalen Green
22022,1630224,0022200424,2022-12-15,HOU vs. MIA,L,36,8,21,0.381,1,6,0.167,5,6,0.833,1,4,5,1,3,1,3,2,22,7,1,2022-23,Regular Season,1630224,Jalen Green
22022,1630224,0022200441,2022-12-17,HOU vs. POR,L,31,5,16,0.313,0,6,0.0,5,9,0.556,0,5,5,4,0,1,2,2,15,-22,1,2022-23,Regular Season,1630224,Jalen Green
22022,1630224,0022200455,2022-12-19,HOU vs. SAS,L,31,3,12,0.25,1,3,0.333,6,7,0.857,0,1,1,2,2,0,2,1,13,-15,1,2022-23,Regular Season,1630224,Jalen Green
22022,1630224,0022200472,2022-12-21,HOU vs. ORL,L,35,8,17,0.471,4,11,0.364,1,2,0.5,1,7,8,1,0,0,2,4,21,0,1,2022-23,Regular Season,1630224,Jalen Green
22022,1630224,0022200487,2022-12-23,HOU vs. DAL,L,39,6,17,0.353,0,4,0.0,11,12,0.917,1,7,8,4,2,0,3,0,23,6,1,2022-23,Regular Season,1630224,Jalen Green
22022,1630224,0022200501,2022-12-26,HOU @ CHI,W,35,9,15,0.6,6,10,0.6,0,2,0.0,0,6,6,3,1,0,0,1,24,16,1,2022-23,Regular Season,1630224,Jalen Green
22022,1630224,0022200507,2022-12-27,HOU @ BOS,L,33,11,22,0.5,3,11,0.273,3,3,1.0,0,4,4,2,0,0,4,0,28,-19,1,2022-23,Regular Season,1630224,Jalen Green
22022,1630224,0022200528,2022-12-29,HOU @ DAL,L,32,7,15,0.467,4,7,0.571,5,8,0.625,0,4,4,4,0,0,3,1,23,-16,1,2022-23,Regular Season,1630224,Jalen Green
22022,1630224,0022200541,2022-12-31,HOU vs. NYK,L,35,4,12,0.333,3,8,0.375,5,6,0.833,1,2,3,3,0,0,5,3,16,-16,1,2022-23,Regular Season,1630224,Jalen Green
22022,1630224,0022200556,2023-01-02,HOU vs. DAL,L,32,5,17,0.294,2,5,0.4,8,12,0.667,1,4,5,4,1,0,0,4,20,-8,1,2022-23,Regular Season,1630224,Jalen Green
22022,1630224,0022200572,2023-01-04,HOU @ NOP,L,32,5,15,0.333,2,8,0.25,4,4,1.0,1,3,4,4,0,1,1,0,16,-8,1,2022-23,Regular Season,1630224,Jalen Green
22022,1630224,0022200578,2023-01-05,HOU vs. UTA,L,38,8,24,0.333,4,12,0.333,10,11,0.909,0,4,4,4,0,0,3,1,30,-12,1,2022-23,Regular Season,1630224,Jalen Green
22022,1630224,0022200601,2023-01-08,HOU vs. MIN,L,33,4,15,0.267,1,6,0.167,0,0,0.0,0,5,5,5,2,0,3,2,9,3,1,2022-23,Regular Season,1630224,Jalen Green
22022,1630224,0022200625,2023-01-11,HOU @ SAC,L,39,9,25,0.36,3,12,0.25,5,7,0.714,0,5,5,3,0,0,4,4,26,-14,1,2022-23,Regular Season,1630224,Jalen Green
22022,1630224,0022200640,2023-01-13,HOU @ SAC,L,33,10,21,0.476,5,9,0.556,2,2,1.0,2,0,2,2,2,0,4,2,27,-30,1,2022-23,Regular Season,1630224,Jalen Green
22022,1630224,0022200664,2023-01-16,HOU @ LAL,L,39,7,20,0.35,3,10,0.3,6,8,0.75,1,4,5,3,0,0,1,3,23,-16,1,2022-23,Regular Season,1630224,Jalen Green
22022,1630224,0022200671,2023-01-18,HOU vs. CHA,L,40,16,24,0.667,4,10,0.4,5,6,0.833,0,5,5,7,0,0,4,2,41,4,1,2022-23,Regular Season,1630224,Jalen Green
22022,1630224,0022200696,2023-01-21,HOU @ MIN,L,33,3,13,0.231,1,4,0.25,3,6,0.5,0,0,0,2,0,0,6,1,10,-11,1,2022-23,Regular Season,1630224,Jalen Green
22022,1630224,0022200709,2023-01-23,HOU vs. MIN,W,35,15,25,0.6,6,12,0.5,6,10,0.6,2,2,4,4,1,1,1,0,42,19,1,2022-23,Regular Season,1630224,Jalen Green
22022,1630224,0022200722,2023-01-25,HOU vs. WAS,L,38,6,19,0.316,2,8,0.25,5,6,0.833,0,4,4,7,0,0,3,3,19,-1,1,2022-23,Regular Season,1630224,Jalen Green
22022,1630224,0022200733,2023-01-26,HOU vs. CLE,L,28,2,9,0.222,2,6,0.333,0,0,0.0,0,0,0,3,1,0,3,2,6,-23,1,2022-23,Regular Season,1630224,Jalen Green
22022,1630224,0022200799,2023-02-04,HOU @ OKC,L,22,4,15,0.267,2,8,0.25,2,2,1.0,0,2,2,4,0,2,1,1,12,-32,1,2022-23,Regular Season,1630224,Jalen Green
22022,1630224,0022200812,2023-02-06,HOU vs. SAC,L,33,10,21,0.476,5,11,0.455,2,3,0.667,1,2,3,3,2,0,1,2,27,-9,1,2022-23,Regular Season,1630224,Jalen Green
22022,1630224,0022200827,2023-02-08,HOU vs. SAC,L,37,14,22,0.636,6,9,0.667,7,9,0.778,0,2,2,2,0,0,4,2,41,1,1,2022-23,Regular Season,1630224,Jalen Green
22022,1630224,0022200840,2023-02-10,HOU @ MIA,L,33,5,19,0.263,0,9,0.0,1,1,1.0,1,4,5,4,2,0,4,1,11,-9,1,2022-23,Regular Season,1630224,Jalen Green
22022,1630224,0022200860,2023-02-13,HOU @ PHI,L,32,6,20,0.3,2,8,0.25,15,17,0.882,0,3,3,4,2,0,2,1,29,-20,1,2022-23,Regular Season,1630224,Jalen Green
22022,1630224,0022200880,2023-02-15,HOU @ OKC,L,16,3,10,0.3,2,4,0.5,6,7,0.857,0,2,2,2,0,1,1,2,14,-14,1,2022-23,Regular Season,1630224,Jalen Green
22022,1630224,0022200926,2023-02-28,HOU vs. DEN,L,19,7,15,0.467,3,7,0.429,0,0,0.0,0,2,2,5,1,0,0,0,17,-17,1,2022-23,Regular Season,1630224,Jalen Green
22022,1630224,0022200938,2023-03-01,HOU vs. MEM,L,29,7,18,0.389,4,7,0.571,2,3,0.667,0,3,3,3,0,1,1,2,20,-7,1,2022-23,Regular Season,1630224,Jalen Green
22022,1630224,0022200959,2023-03-04,HOU @ SAS,W,29,6,13,0.462,0,2,0.0,0,0,0.0,0,0,0,4,0,1,2,3,12,10,1,2022-23,Regular Season,1630224,Jalen Green
22022,1630224,0022200967,2023-03-05,HOU vs. SAS,W,27,11,19,0.579,4,8,0.5,5,6,0.833,0,2,2,2,0,0,2,2,31,22,1,2022-23,Regular Season,1630224,Jalen Green
22022,1630224,0022200981,2023-03-07,HOU vs. BKN,L,37,9,21,0.429,1,7,0.143,6,11,0.545,0,2,2,1,1,1,2,2,25,1,1,2022-23,Regular Season,1630224,Jalen Green
22022,1630224,0022200993,2023-03-09,HOU @ IND,L,42,8,23,0.348,2,7,0.286,6,6,1.0,0,3,3,4,1,1,4,1,24,-2,1,2022-23,Regular Season,1630224,Jalen Green
22022,1630224,0022201009,2023-03-11,HOU vs. CHI,L,35,7,14,0.5,3,7,0.429,1,3,0.333,0,2,2,7,1,0,4,1,18,-4,1,2022-23,Regular Season,1630224,Jalen Green
22022,1630224,0022201024,2023-03-13,HOU vs. BOS,W,40,8,29,0.276,2,8,0.25,10,11,0.909,3,4,7,3,2,0,3,4,28,2,1,2022-23,Regular Season,1630224,Jalen Green
22022,1630224,0022201038,2023-03-15,HOU vs. LAL,W,38,4,13,0.308,2,6,0.333,1,2,0.5,2,4,6,1,1,0,3,3,11,0,1,2022-23,Regular Season,1630224,Jalen Green
22022,1630224,0022201051,2023-03-17,HOU vs. NOP,W,40,10,20,0.5,1,7,0.143,4,6,0.667,2,5,7,6,1,0,1,3,25,3,1,2022-23,Regular Season,1630224,Jalen Green
22022,1630224,0022201067,2023-03-19,HOU vs. NOP,L,39,11,22,0.5,4,9,0.444,14,14,1.0,1,3,4,1,1,0,2,2,40,-6,1,2022-23,Regular Season,1630224,Jalen Green
22022,1630224,0022201074,2023-03-20,HOU vs. GSW,L,41,7,19,0.368,3,7,0.429,3,3,1.0,0,3,3,2,1,1,5,5,20,-9,1,2022-23,Regular Season,1630224,Jalen Green
22022,1630224,0022201088,2023-03-22,HOU @ MEM,L,37,10,18,0.556,3,6,0.5,9,9,1.0,0,3,3,3,0,0,0,1,32,-1,1,2022-23,Regular Season,1630224,Jalen Green
22022,1630224,0022201100,2023-03-24,HOU @ MEM,L,30,6,15,0.4,0,3,0.0,1,2,0.5,1,1,2,5,1,0,1,0,13,-26,1,2022-23,Regular Season,1630224,Jalen Green
22022,1630224,0022201117,2023-03-26,HOU @ CLE,L,35,10,17,0.588,5,11,0.455,5,6,0.833,0,1,1,4,1,0,1,1,30,-4,1,2022-23,Regular Season,1630224,Jalen Green
22022,1630224,0022201124,2023-03-27,HOU @ NYK,L,35,4,11,0.364,1,5,0.2,10,12,0.833,0,3,3,4,1,0,2,0,19,-20,1,2022-23,Regular Season,1630224,Jalen Green
22022,1630224,0022201137,2023-03-29,HOU @ BKN,L,32,5,13,0.385,0,4,0.0,4,9,0.444,1,2,3,5,2,0,2,3,14,-12,1,2022-23,Regular Season,1630224,Jalen Green
22022,1630224,0022201155,2023-03-31,HOU vs. DET,W,37,10,18,0.556,2,5,0.4,10,16,0.625,0,1,1,5,0,0,3,4,32,12,1,2022-23,Regular Season,1630224,Jalen Green
22022,1630224,0022201171,2023-04-02,HOU vs. LAL,L,40,7,21,0.333,2,7,0.286,8,8,1.0,1,2,3,7,0,0,2,3,24,-17,1,2022-23,Regular Season,1630224,Jalen Green
22022,1630224,0022201183,2023-04-04,HOU vs. DEN,W,39,12,27,0.444,4,8,0.5,4,4,1.0,1,5,6,4,1,0,3,0,32,27,1,2022-23,Regular Season,1630224,Jalen Green
22022,1630224,0022201202,2023-04-07,HOU @ CHA,W,39,9,22,0.409,3,8,0.375,5,7,0.714,1,2,3,6,1,0,3,1,26,-1,1,2022-23,Regular Season,1630224,Jalen Green
22022,1630224,0022201222,2023-04-09,HOU @ WAS,W,27,5,11,0.455,1,3,0.333,3,4,0.75,0,2,2,4,1,0,0,0,14,3,1,2022-23,Regular Season,1630224,Jalen Green
22022,1630217,0022200009,2022-10-19,MEM vs. NYK,W,37,6,22,0.273,3,13,0.231,1,2,0.5,0,4,4,6,0,1,2,3,16,13,1,2022-23,Regular Season,1630217,Desmond Bane
22022,1630217,0022200024,2022-10-21,MEM @ HOU,W,33,3,16,0.188,3,10,0.3,5,5,1.0,2,4,6,7,2,0,3,2,14,2,1,2022-23,Regular Season,1630217,Desmond Bane
22022,1630217,0022200034,2022-10-22,MEM @ DAL,L,27,4,11,0.364,2,5,0.4,4,4,1.0,0,5,5,4,1,0,1,2,14,-10,1,2022-23,Regular Season,1630217,Desmond Bane
22022,1630217,0022200049,2022-10-24,MEM vs. BKN,W,32,14,21,0.667,8,11,0.727,2,3,0.667,0,1,1,7,1,1,1,5,38,17,1,2022-23,Regular Season,1630217,Desmond Bane
22022,1630217,0022200069,2022-10-27,MEM @ SAC,W,33,11,18,0.611,6,8,0.75,3,4,0.75,1,5,6,4,0,0,1,2,31,13,1,2022-23,Regular Season,1630217,Desmond Bane
22022,1630217,0022200087,2022-10-29,MEM @ UTA,L,34,11,23,0.478,3,9,0.333,7,8,0.875,0,6,6,2,1,1,5,2,32,-8,1,2022-23,Regular Season,1630217,Desmond Bane
22022,1630217,0022200116,2022-11-02,MEM @ POR,W,37,7,16,0.438,5,8,0.625,10,11,0.909,1,7,8,5,0,0,3,1,29,6,1,2022-23,Regular Season,1630217,Desmond Bane
22022,1630217,0022200125,2022-11-04,MEM vs. CHA,W,24,8,16,0.5,3,7,0.429,0,0,0.0,1,5,6,2,0,0,3,3,19,29,1,2022-23,Regular Season,1630217,Desmond Bane
22022,1630217,0022200142,2022-11-06,MEM vs. WAS,W,35,9,16,0.563,4,8,0.5,6,6,1.0,0,3,3,4,1,0,1,1,28,-1,1,2022-23,Regular Season,1630217,Desmond Bane
22022,1630217,0022200152,2022-11-07,MEM vs. BOS,L,35,7,15,0.467,2,6,0.333,3,3,1.0,0,5,5,5,0,0,1,3,19,-6,1,2022-23,Regular Season,1630217,Desmond Bane
22022,1630217,0022200169,2022-11-09,MEM @ SAS,W,39,12,23,0.522,5,10,0.5,3,3,1.0,1,5,6,6,0,0,2,2,32,6,1,2022-23,Regular Season,1630217,Desmond Bane
22022,1630217,0022200181,2022-11-11,MEM vs. MIN,W,33,7,16,0.438,2,7,0.286,8,8,1.0,0,3,3,5,1,0,4,3,24,12,1,2022-23,Regular Season,1630217,Desmond Bane
22022,1630217,0022200490,2022-12-23,MEM @ PHX,W,24,4,13,0.308,2,8,0.25,7,7,1.0,0,3,3,2,1,0,1,4,17,8,1,2022-23,Regular Season,1630217,Desmond Bane
22022,1630217,0022200496,2022-12-25,MEM @ GSW,L,24,2,13,0.154,0,7,0.0,5,6,0.833,0,3,3,0,0,1,0,3,9,-14,1,2022-23,Regular Season,1630217,Desmond Bane
22022,1630217,0022200510,2022-12-27,MEM vs. PHX,L,27,4,12,0.333,0,4,0.0,6,6,1.0,0,2,2,0,0,0,2,2,14,1,1,2022-23,Regular Season,1630217,Desmond Bane
22022,1630217,0022200526,2022-12-29,MEM @ TOR,W,29,6,13,0.462,3,7,0.429,1,1,1.0,1,4,5,4,2,0,1,6,16,5,1,2022-23,Regular Season,1630217,Desmond Bane
22022,1630217,0022200543,2022-12-31,MEM vs. NOP,W,28,7,19,0.368,1,6,0.167,3,3,1.0,2,5,7,0,1,1,3,2,18,8,1,2022-23,Regular Season,1630217,Desmond Bane
22022,1630217,0022200564,2023-01-04,MEM @ CHA,W,26,8,16,0.5,2,6,0.333,1,2,0.5,0,11,11,4,1,0,2,3,19,24,1,2022-23,Regular Season,1630217,Desmond Bane
22022,1630217,0022200600,2023-01-08,MEM vs. UTA,W,31,8,18,0.444,4,7,0.571,4,6,0.667,1,5,6,9,2,1,3,0,24,-3,1,2022-23,Regular Season,1630217,Desmond Bane
22022,1630217,0022200608,2023-01-09,MEM vs. SAS,W,29,6,16,0.375,3,5,0.6,0,1,0.0,0,2,2,4,0,0,4,2,15,-6,1,2022-23,Regular Season,1630217,Desmond Bane
22022,1630217,0022200623,2023-01-11,MEM vs. SAS,W,30,7,14,0.5,4,5,0.8,0,0,0.0,3,3,6,3,1,0,3,1,18,10,1,2022-23,Regular Season,1630217,Desmond Bane
22022,1630217,0022200643,2023-01-14,MEM @ IND,W,29,10,19,0.526,5,11,0.455,0,0,0.0,0,8,8,3,1,1,1,2,25,24,1,2022-23,Regular Season,1630217,Desmond Bane
22022,1630217,0022200663,2023-01-16,MEM vs. PHX,W,27,10,12,0.833,3,4,0.75,5,5,1.0,0,3,3,6,2,0,2,2,28,25,1,2022-23,Regular Season,1630217,Desmond Bane
22022,1630217,0022200672,2023-01-18,MEM vs. CLE,W,33,8,17,0.471,5,8,0.625,4,4,1.0,2,2,4,4,1,0,2,2,25,7,1,2022-23,Regular Season,1630217,Desmond Bane
22022,1630217,0022200690,2023-01-20,MEM @ LAL,L,33,6,15,0.4,2,4,0.5,2,2,1.0,1,7,8,6,1,0,2,2,16,2,1,2022-23,Regular Season,1630217,Desmond Bane
22022,1630217,0022200703,2023-01-22,MEM @ PHX,L,34,9,19,0.474,0,6,0.0,6,6,1.0,1,7,8,6,1,0,2,4,24,11,1,2022-23,Regular Season,1630217,Desmond Bane
22022,1630217,0022200712,2023-01-23,MEM @ SAC,L,29,9,13,0.692,3,4,0.75,0,0,0.0,1,3,4,5,1,0,4,1,21,-14,1,2022-23,Regular Season,1630217,Desmond Bane
22022,1630217,0022200726,2023-01-25,MEM @ GSW,L,34,7,17,0.412,2,7,0.286,4,6,0.667,0,3,3,4,1,1,3,3,20,9,1,2022-23,Regular Season,1630217,Desmond Bane
22022,1630217,0022200771,2023-02-01,MEM vs. POR,L,26,7,16,0.438,2,7,0.286,1,1,1.0,0,0,0,3,1,1,3,4,17,-10,1,2022-23,Regular Season,1630217,Desmond Bane
22022,1630217,0022200779,2023-02-02,MEM @ CLE,L,32,8,15,0.533,6,7,0.857,3,3,1.0,0,2,2,1,0,0,2,3,25,-7,1,2022-23,Regular Season,1630217,Desmond Bane
22022,1630217,0022200805,2023-02-05,MEM vs. TOR,L,33,10,17,0.588,4,7,0.571,2,2,1.0,0,2,2,4,4,1,2,2,26,2,1,2022-23,Regular Season,1630217,Desmond Bane
22022,1630217,0022200819,2023-02-07,MEM vs. CHI,W,35,6,12,0.5,3,8,0.375,2,2,1.0,0,6,6,5,2,1,2,3,17,12,1,2022-23,Regular Season,1630217,Desmond Bane
22022,1630217,0022200841,2023-02-10,MEM vs. MIN,W,32,6,12,0.5,1,4,0.25,7,7,1.0,0,7,7,5,3,0,3,1,20,23,1,2022-23,Regular Season,1630217,Desmond Bane
22022,1630217,0022200855,2023-02-12,MEM @ BOS,L,34,7,14,0.5,3,7,0.429,1,1,1.0,1,5,6,7,1,2,2,2,18,5,1,2022-23,Regular Season,1630217,Desmond Bane
22022,1630217,0022200879,2023-02-15,MEM vs. UTA,W,32,9,20,0.45,2,7,0.286,4,5,0.8,4,2,6,4,1,0,1,3,24,7,1,2022-23,Regular Season,1630217,Desmond Bane
22022,1630217,0022200889,2023-02-23,MEM @ PHI,L,32,10,20,0.5,4,12,0.333,1,1,1.0,2,6,8,2,0,0,3,2,25,0,1,2022-23,Regular Season,1630217,Desmond Bane
22022,1630217,0022200907,2023-02-25,MEM vs. DEN,W,25,4,13,0.308,1,7,0.143,1,1,1.0,2,3,5,4,1,1,1,1,10,8,1,2022-23,Regular Season,1630217,Desmond Bane
22022,1630217,0022200927,2023-02-28,MEM vs. LAL,W,30,7,13,0.538,0,2,0.0,2,3,0.667,0,5,5,3,4,1,0,2,16,11,1,2022-23,Regular Season,1630217,Desmond Bane
22022,1630217,0022200938,2023-03-01,MEM @ HOU,W,29,12,17,0.706,6,9,0.667,0,0,0.0,1,8,9,6,0,1,1,4,30,31,1,2022-23,Regular Season,1630217,Desmond Bane
22022,1630217,0022200952,2023-03-03,MEM @ DEN,L,30,5,13,0.385,2,7,0.286,7,7,1.0,2,2,4,0,0,0,2,2,19,-7,1,2022-23,Regular Season,1630217,Desmond Bane
22022,1630217,0022200970,2023-03-05,MEM @ LAC,L,35,12,22,0.545,4,9,0.444,2,2,1.0,1,3,4,6,0,1,1,4,30,-8,1,2022-23,Regular Season,1630217,Desmond Bane
22022,1630217,0022200984,2023-03-07,MEM @ LAL,L,35,3,14,0.214,0,5,0.0,1,2,0.5,0,5,5,5,0,1,2,3,7,-8,1,2022-23,Regular Season,1630217,Desmond Bane
22022,1630217,0022200996,2023-03-09,MEM vs. GSW,W,32,9,16,0.563,2,5,0.4,1,2,0.5,0,2,2,6,0,0,0,2,21,19,1,2022-23,Regular Season,1630217,Desmond Bane
22022,1630217,0022201010,2023-03-11,MEM vs. DAL,W,35,8,18,0.444,2,5,0.4,7,8,0.875,1,6,7,8,0,0,3,3,25,6,1,2022-23,Regular Season,1630217,Desmond Bane
22022,1630217,0022201023,2023-03-13,MEM @ DAL,W,29,7,13,0.538,3,8,0.375,6,7,0.857,1,7,8,7,0,0,3,2,23,21,1,2022-23,Regular Season,1630217,Desmond Bane
22022,1630217,0022201036,2023-03-15,MEM @ MIA,L,22,4,11,0.364,2,7,0.286,1,1,1.0,0,4,4,3,1,0,5,3,11,-7,1,2022-23,Regular Season,1630217,Desmond Bane
22022,1630217,0022201052,2023-03-17,MEM @ SAS,W,39,10,22,0.455,1,5,0.2,0,0,0.0,0,8,8,7,3,1,0,5,21,-6,1,2022-23,Regular Season,1630217,Desmond Bane
22022,1630217,0022201061,2023-03-18,MEM vs. GSW,W,34,10,17,0.588,3,5,0.6,3,4,0.75,2,2,4,2,1,0,4,1,26,25,1,2022-23,Regular Season,1630217,Desmond Bane
22022,1630217,0022201075,2023-03-20,MEM vs. DAL,W,35,7,17,0.412,1,7,0.143,2,3,0.667,0,6,6,2,1,0,6,2,17,-8,1,2022-23,Regular Season,1630217,Desmond Bane
22022,1630217,0022201088,2023-03-22,MEM vs. HOU,W,35,6,13,0.462,3,8,0.375,5,5,1.0,1,2,3,7,1,0,0,1,20,7,1,2022-23,Regular Season,1630217,Desmond Bane
22022,1630217,0022201100,2023-03-24,MEM vs. HOU,W,20,10,13,0.769,5,7,0.714,0,0,0.0,2,2,4,1,2,1,1,4,25,24,1,2022-23,Regular Season,1630217,Desmond Bane
22022,1630217,0022201115,2023-03-26,MEM @ ATL,W,34,11,18,0.611,3,6,0.5,0,0,0.0,1,2,3,5,0,0,2,3,25,6,1,2022-23,Regular Season,1630217,Desmond Bane
22022,1630217,0022201133,2023-03-28,MEM vs. ORL,W,36,8,19,0.421,3,8,0.375,12,14,0.857,0,4,4,5,3,0,6,3,31,14,1,2022-23,Regular Season,1630217,Desmond Bane
22022,1630217,0022201156,2023-03-31,MEM vs. LAC,W,38,9,18,0.5,2,5,0.4,2,2,1.0,0,3,3,9,3,0,1,2,22,21,1,2022-23,Regular Season,1630217,Desmond Bane
22022,1630217,0022201165,2023-04-02,MEM @ CHI,L,33,8,12,0.667,2,3,0.667,3,3,1.0,0,5,5,4,0,1,4,4,21,-11,1,2022-23,Regular Season,1630217,Desmond Bane
22022,1630217,0022201184,2023-04-04,MEM vs. POR,W,36,12,22,0.545,5,12,0.417,1,2,0.5,2,5,7,5,0,1,1,2,30,5,1,2022-23,Regular Season,1630217,Desmond Bane
22022,1630217,0022201194,2023-04-05,MEM @ NOP,L,43,9,21,0.429,2,8,0.25,4,5,0.8,2,2,4,5,1,0,1,6,24,-2,1,2022-23,Regular Season,1630217,Desmond Bane
22022,1630217,0022201208,2023-04-07,MEM @ MIL,W,31,6,12,0.5,4,9,0.444,0,0,0.0,0,8,8,6,0,0,2,3,16,11,1,2022-23,Regular Season,1630217,Desmond Bane
42022,1630217,0042200151,2023-04-16,MEM vs. LAL,L,37,6,18,0.333,3,10,0.3,7,7,1.0,1,4,5,6,0,0,1,5,22,-15,1,2022-23,Playoffs,1630217,Desmond Bane
42022,1630217,0042200152,2023-04-19,MEM vs. LAL,W,35,6,18,0.333,1,6,0.167,4,4,1.0,0,4,4,1,0,0,5,4,17,8,1,2022-23,Playoffs,1630217,Desmond Bane
42022,1630217,0042200153,2023-04-22,MEM @ LAL,L,33,7,14,0.5,3,7,0.429,1,1,1.0,1,4,5,2,1,0,4,3,18,-9,1,2022-23,Playoffs,1630217,Desmond Bane
42022,1630217,0042200154,2023-04-24,MEM @ LAL,L,47,13,29,0.448,3,12,0.25,7,7,1.0,2,5,7,3,1,0,3,4,36,-4,1,2022-23,Playoffs,1630217,Desmond Bane
42022,1630217,0042200155,2023-04-26,MEM vs. LAL,W,43,12,21,0.571,4,9,0.444,5,6,0.833,1,9,10,5,0,0,2,1,33,18,1,2022-23,Playoffs,1630217,Desmond Bane
42022,1630217,0042200156,2023-04-28,MEM @ LAL,L,37,5,16,0.313,2,6,0.333,3,4,0.75,2,3,5,2,1,0,2,2,15,-30,1,2022-23,Playoffs,1630217,Desmond Bane
22022,1628969,0022200013,2022-10-19,PHX vs. DAL,W,41,5,10,0.5,0,2,0.0,3,4,0.75,3,8,11,1,0,1,2,4,13,15,1,2022-23,Regular Season,1628969,Mikal Bridges
22022,1628969,0022200027,2022-10-21,PHX @ POR,L,38,6,10,0.6,0,0,0.0,1,2,0.5,2,5,7,6,1,0,3,4,13,6,1,2022-23,Regular Season,1628969,Mikal Bridges
22022,1628969,0022200043,2022-10-23,PHX @ LAC,W,36,3,9,0.333,1,3,0.333,0,0,0.0,1,3,4,4,0,1,1,3,7,9,1,2022-23,Regular Season,1628969,Mikal Bridges
22022,1628969,0022200055,2022-10-25,PHX vs. GSW,W,33,7,8,0.875,0,0,0.0,3,3,1.0,3,3,6,2,1,2,1,3,17,21,1,2022-23,Regular Season,1628969,Mikal Bridges
22022,1628969,0022200079,2022-10-28,PHX vs. NOP,W,31,10,13,0.769,3,5,0.6,4,4,1.0,0,2,2,4,1,3,1,1,27,-1,1,2022-23,Regular Season,1628969,Mikal Bridges
22022,1628969,0022200094,2022-10-30,PHX vs. HOU,W,33,5,7,0.714,2,3,0.667,3,4,0.75,1,4,5,1,0,1,1,3,15,12,1,2022-23,Regular Season,1628969,Mikal Bridges
22022,1628969,0022200106,2022-11-01,PHX vs. MIN,W,38,7,10,0.7,1,2,0.5,4,4,1.0,2,1,3,4,1,1,1,1,19,20,1,2022-23,Regular Season,1628969,Mikal Bridges
22022,1628969,0022200130,2022-11-04,PHX vs. POR,L,38,4,9,0.444,2,3,0.667,2,2,1.0,0,5,5,2,2,0,1,2,12,7,1,2022-23,Regular Season,1628969,Mikal Bridges
22022,1628969,0022200139,2022-11-05,PHX vs. POR,W,27,3,7,0.429,1,2,0.5,4,5,0.8,0,1,1,2,2,1,0,0,11,18,1,2022-23,Regular Season,1628969,Mikal Bridges
22022,1628969,0022200148,2022-11-07,PHX @ PHI,L,44,6,12,0.5,1,2,0.5,2,2,1.0,0,5,5,1,0,1,0,1,15,-14,1,2022-23,Regular Season,1628969,Mikal Bridges
22022,1628969,0022200167,2022-11-09,PHX @ MIN,W,42,12,20,0.6,2,6,0.333,5,5,1.0,2,7,9,5,4,1,2,1,31,12,1,2022-23,Regular Season,1628969,Mikal Bridges
22022,1628969,0022200177,2022-11-11,PHX @ ORL,L,38,3,13,0.231,2,6,0.333,0,0,0.0,1,3,4,6,0,0,1,2,8,-16,1,2022-23,Regular Season,1628969,Mikal Bridges
22022,1628969,0022200202,2022-11-14,PHX @ MIA,L,41,7,14,0.5,1,3,0.333,0,0,0.0,1,4,5,2,1,1,1,1,15,-1,1,2022-23,Regular Season,1628969,Mikal Bridges
22022,1628969,0022200220,2022-11-16,PHX vs. GSW,W,42,6,11,0.545,5,8,0.625,6,6,1.0,2,7,9,9,1,0,2,3,23,23,1,2022-23,Regular Season,1628969,Mikal Bridges
22022,1628969,0022200232,2022-11-18,PHX @ UTA,L,35,6,12,0.5,0,2,0.0,1,2,0.5,0,6,6,2,2,3,2,3,13,0,1,2022-23,Regular Season,1628969,Mikal Bridges
22022,1628969,0022200240,2022-11-20,PHX vs. NYK,W,33,6,11,0.545,1,3,0.333,0,0,0.0,1,5,6,5,2,1,1,1,13,16,1,2022-23,Regular Season,1628969,Mikal Bridges
22022,1628969,0022200259,2022-11-22,PHX vs. LAL,W,41,10,17,0.588,5,7,0.714,0,0,0.0,0,6,6,3,1,1,0,3,25,6,1,2022-23,Regular Season,1628969,Mikal Bridges
22022,1628969,0022200283,2022-11-25,PHX vs. DET,W,35,6,17,0.353,3,6,0.5,0,0,0.0,1,1,2,2,2,0,1,4,15,3,1,2022-23,Regular Season,1628969,Mikal Bridges
22022,1628969,0022200289,2022-11-26,PHX vs. UTA,W,41,7,10,0.7,0,1,0.0,2,2,1.0,0,3,3,2,1,0,0,2,16,3,1,2022-23,Regular Season,1628969,Mikal Bridges
22022,1628969,0022200307,2022-11-28,PHX @ SAC,W,40,6,14,0.429,1,6,0.167,0,1,0.0,2,6,8,7,3,3,2,0,13,-3,1,2022-23,Regular Season,1628969,Mikal Bridges
22022,1628969,0022200321,2022-11-30,PHX vs. CHI,W,38,3,13,0.231,0,4,0.0,2,2,1.0,2,2,4,3,0,2,0,3,8,13,1,2022-23,Regular Season,1628969,Mikal Bridges
22022,1628969,0022200334,2022-12-02,PHX vs. HOU,L,37,8,16,0.5,3,7,0.429,3,3,1.0,2,6,8,2,1,0,3,5,22,4,1,2022-23,Regular Season,1628969,Mikal Bridges
22022,1628969,0022200345,2022-12-04,PHX @ SAS,W,26,7,11,0.636,6,7,0.857,0,0,0.0,1,3,4,3,0,0,0,2,20,30,1,2022-23,Regular Season,1628969,Mikal Bridges
22022,1628969,0022200358,2022-12-05,PHX @ DAL,L,30,4,11,0.364,2,6,0.333,3,3,1.0,0,2,2,2,0,0,1,1,13,-14,1,2022-23,Regular Season,1628969,Mikal Bridges
22022,1628969,0022200373,2022-12-07,PHX vs. BOS,L,28,2,12,0.167,0,5,0.0,0,0,0.0,1,2,3,0,1,0,1,1,4,-33,1,2022-23,Regular Season,1628969,Mikal Bridges
22022,1628969,0022200384,2022-12-09,PHX @ NOP,L,35,4,12,0.333,3,5,0.6,0,0,0.0,2,3,5,3,2,0,1,5,11,-7,1,2022-23,Regular Season,1628969,Mikal Bridges
22022,1628969,0022200395,2022-12-11,PHX @ NOP,L,45,10,23,0.435,5,13,0.385,2,2,1.0,3,2,5,3,2,0,1,1,27,-9,1,2022-23,Regular Season,1628969,Mikal Bridges
22022,1628969,0022200411,2022-12-13,PHX @ HOU,L,38,4,24,0.167,2,10,0.2,8,8,1.0,1,2,3,3,2,0,1,3,18,-14,1,2022-23,Regular Season,1628969,Mikal Bridges
22022,1628969,0022200427,2022-12-15,PHX @ LAC,W,39,11,18,0.611,2,5,0.4,3,4,0.75,1,5,6,0,1,2,1,1,27,8,1,2022-23,Regular Season,1628969,Mikal Bridges
22022,1628969,0022200444,2022-12-17,PHX vs. NOP,W,37,5,13,0.385,3,9,0.333,2,2,1.0,0,3,3,2,3,0,0,0,15,11,1,2022-23,Regular Season,1628969,Mikal Bridges
22022,1628969,0022200459,2022-12-19,PHX vs. LAL,W,30,7,16,0.438,2,6,0.333,4,5,0.8,0,1,1,2,1,1,2,3,20,18,1,2022-23,Regular Season,1628969,Mikal Bridges
22022,1628969,0022200464,2022-12-20,PHX vs. WAS,L,39,4,11,0.364,1,4,0.25,1,2,0.5,1,2,3,3,0,0,4,3,10,-6,1,2022-23,Regular Season,1628969,Mikal Bridges
22022,1628969,0022200490,2022-12-23,PHX vs. MEM,L,28,2,7,0.286,0,2,0.0,1,2,0.5,0,2,2,3,0,0,2,4,5,-18,1,2022-23,Regular Season,1628969,Mikal Bridges
22022,1628969,0022200497,2022-12-25,PHX @ DEN,L,40,5,12,0.417,2,5,0.4,1,1,1.0,0,2,2,3,0,4,2,5,13,-13,1,2022-23,Regular Season,1628969,Mikal Bridges
22022,1628969,0022200510,2022-12-27,PHX @ MEM,W,25,3,8,0.375,1,3,0.333,3,3,1.0,0,2,2,3,1,2,3,2,10,12,1,2022-23,Regular Season,1628969,Mikal Bridges
22022,1628969,0022200516,2022-12-28,PHX @ WAS,L,40,6,15,0.4,3,6,0.5,2,2,1.0,1,3,4,5,2,1,0,1,17,-7,1,2022-23,Regular Season,1628969,Mikal Bridges
22022,1628969,0022200531,2022-12-30,PHX @ TOR,L,37,6,9,0.667,2,4,0.5,7,7,1.0,0,2,2,2,0,1,2,2,21,-20,1,2022-23,Regular Season,1628969,Mikal Bridges
22022,1628969,0022200550,2023-01-02,PHX @ NYK,L,35,4,11,0.364,2,5,0.4,0,0,0.0,0,4,4,4,0,0,0,3,10,-18,1,2022-23,Regular Season,1628969,Mikal Bridges
22022,1628969,0022200565,2023-01-04,PHX @ CLE,L,36,3,15,0.2,1,4,0.25,3,4,0.75,2,5,7,4,1,2,1,1,10,-12,1,2022-23,Regular Season,1628969,Mikal Bridges
22022,1628969,0022200589,2023-01-06,PHX vs. MIA,L,39,2,10,0.2,1,5,0.2,10,10,1.0,2,2,4,7,2,0,2,1,15,-2,1,2022-23,Regular Season,1628969,Mikal Bridges
22022,1628969,0022200603,2023-01-08,PHX vs. CLE,L,38,7,10,0.7,1,1,1.0,0,0,0.0,0,2,2,3,2,0,2,1,15,-10,1,2022-23,Regular Season,1628969,Mikal Bridges
22022,1628969,0022200615,2023-01-10,PHX @ GSW,W,41,10,18,0.556,1,3,0.333,5,7,0.714,3,6,9,5,1,3,1,1,26,13,1,2022-23,Regular Season,1628969,Mikal Bridges
22022,1628969,0022200624,2023-01-11,PHX @ DEN,L,30,3,10,0.3,1,3,0.333,0,0,0.0,3,2,5,4,0,0,1,1,7,-20,1,2022-23,Regular Season,1628969,Mikal Bridges
22022,1628969,0022200637,2023-01-13,PHX @ MIN,L,40,9,14,0.643,3,5,0.6,3,3,1.0,0,4,4,6,3,0,4,3,24,0,1,2022-23,Regular Season,1628969,Mikal Bridges
22022,1628969,0022200663,2023-01-16,PHX @ MEM,L,30,8,16,0.5,1,3,0.333,4,4,1.0,0,4,4,7,2,1,3,1,21,-14,1,2022-23,Regular Season,1628969,Mikal Bridges
22022,1628969,0022200681,2023-01-19,PHX vs. BKN,W,42,9,19,0.474,2,5,0.4,8,10,0.8,0,2,2,9,0,0,3,0,28,1,1,2022-23,Regular Season,1628969,Mikal Bridges
22022,1628969,0022200697,2023-01-21,PHX vs. IND,W,37,9,19,0.474,2,5,0.4,2,2,1.0,2,2,4,4,4,0,3,2,22,-2,1,2022-23,Regular Season,1628969,Mikal Bridges
22022,1628969,0022200703,2023-01-22,PHX vs. MEM,W,41,8,21,0.381,4,10,0.4,4,4,1.0,0,5,5,4,1,1,0,2,24,-4,1,2022-23,Regular Season,1628969,Mikal Bridges
22022,1628969,0022200718,2023-01-24,PHX vs. CHA,W,30,7,16,0.438,2,5,0.4,2,2,1.0,0,2,2,3,1,1,2,2,18,11,1,2022-23,Regular Season,1628969,Mikal Bridges
22022,1628969,0022200734,2023-01-26,PHX vs. DAL,L,42,5,12,0.417,2,5,0.4,4,4,1.0,1,3,4,4,0,0,0,0,16,6,1,2022-23,Regular Season,1628969,Mikal Bridges
22022,1628969,0022200748,2023-01-28,PHX @ SAS,W,41,10,18,0.556,1,4,0.25,4,5,0.8,1,0,1,4,1,1,0,3,25,6,1,2022-23,Regular Season,1628969,Mikal Bridges
22022,1628969,0022200762,2023-01-30,PHX vs. TOR,W,39,12,19,0.632,3,4,0.75,2,2,1.0,0,3,3,6,3,1,2,1,29,4,1,2022-23,Regular Season,1628969,Mikal Bridges
22022,1628969,0022200777,2023-02-01,PHX vs. ATL,L,30,6,18,0.333,1,7,0.143,10,10,1.0,1,4,5,7,0,0,2,1,23,-18,1,2022-23,Regular Season,1628969,Mikal Bridges
22022,1628969,0022200788,2023-02-03,PHX @ BOS,W,38,9,20,0.45,0,3,0.0,7,7,1.0,0,2,2,3,0,0,0,4,25,-10,1,2022-23,Regular Season,1628969,Mikal Bridges
22022,1628969,0022200794,2023-02-04,PHX @ DET,W,35,9,15,0.6,3,7,0.429,3,5,0.6,1,1,2,3,2,1,4,2,24,20,1,2022-23,Regular Season,1628969,Mikal Bridges
22022,1628969,0022200817,2023-02-07,PHX @ BKN,W,37,8,18,0.444,2,6,0.333,3,3,1.0,3,5,8,2,1,0,1,2,21,0,1,2022-23,Regular Season,1628969,Mikal Bridges
22022,1628969,0022200846,2023-02-11,BKN vs. PHI,L,34,8,18,0.444,3,5,0.6,4,4,1.0,3,3,6,1,2,0,1,2,23,-8,1,2022-23,Regular Season,1628969,Mikal Bridges
22022,1628969,0022200862,2023-02-13,BKN @ NYK,L,29,2,8,0.25,1,3,0.333,2,4,0.5,1,4,5,3,0,1,3,2,7,-9,1,2022-23,Regular Season,1628969,Mikal Bridges
22022,1628969,0022200878,2023-02-15,BKN vs. MIA,W,36,17,24,0.708,4,6,0.667,7,7,1.0,3,5,8,5,2,2,3,1,45,15,1,2022-23,Regular Season,1628969,Mikal Bridges
22022,1628969,0022200900,2023-02-24,BKN @ CHI,L,27,4,10,0.4,2,5,0.4,3,3,1.0,0,6,6,2,0,0,2,3,13,-33,1,2022-23,Regular Season,1628969,Mikal Bridges
22022,1628969,0022200911,2023-02-26,BKN @ ATL,L,38,8,16,0.5,2,6,0.333,6,6,1.0,0,5,5,3,2,2,0,2,24,7,1,2022-23,Regular Season,1628969,Mikal Bridges
22022,1628969,0022200924,2023-02-28,BKN vs. MIL,L,37,11,19,0.579,3,7,0.429,6,7,0.857,1,1,2,5,2,0,2,1,31,-4,1,2022-23,Regular Season,1628969,Mikal Bridges
22022,1628969,0022200937,2023-03-01,BKN @ NYK,L,30,6,13,0.462,1,2,0.5,8,8,1.0,2,1,3,3,1,0,1,2,21,-22,1,2022-23,Regular Season,1628969,Mikal Bridges
22022,1628969,0022200948,2023-03-03,BKN @ BOS,W,43,13,22,0.591,4,6,0.667,8,9,0.889,3,7,10,4,1,0,2,3,38,8,1,2022-23,Regular Season,1628969,Mikal Bridges
22022,1628969,0022200965,2023-03-05,BKN vs. CHA,W,41,12,21,0.571,2,4,0.5,7,8,0.875,1,7,8,2,0,1,0,1,33,14,1,2022-23,Regular Season,1628969,Mikal Bridges
22022,1628969,0022200981,2023-03-07,BKN @ HOU,W,36,9,20,0.45,4,10,0.4,8,8,1.0,0,0,0,5,1,2,1,2,30,11,1,2022-23,Regular Season,1628969,Mikal Bridges
22022,1628969,0022200995,2023-03-09,BKN @ MIL,L,12,4,13,0.308,2,3,0.667,0,0,0.0,0,1,1,0,2,0,0,0,10,-17,1,2022-23,Regular Season,1628969,Mikal Bridges
22022,1628969,0022201001,2023-03-10,BKN @ MIN,W,47,13,24,0.542,4,8,0.5,4,6,0.667,0,6,6,1,0,0,4,2,34,-6,1,2022-23,Regular Season,1628969,Mikal Bridges
22022,1628969,0022201014,2023-03-12,BKN @ DEN,W,38,7,16,0.438,3,8,0.375,8,9,0.889,0,3,3,2,1,0,1,0,25,2,1,2022-23,Regular Season,1628969,Mikal Bridges
22022,1628969,0022201031,2023-03-14,BKN @ OKC,L,38,11,23,0.478,3,10,0.3,9,11,0.818,0,4,4,2,0,4,3,3,34,-12,1,2022-23,Regular Season,1628969,Mikal Bridges
22022,1628969,0022201043,2023-03-16,BKN vs. SAC,L,35,7,17,0.412,2,7,0.286,7,8,0.875,0,4,4,2,1,0,1,3,23,-9,1,2022-23,Regular Season,1628969,Mikal Bridges
22022,1628969,0022201063,2023-03-19,BKN vs. DEN,L,31,8,18,0.444,3,8,0.375,4,4,1.0,0,1,1,1,0,0,4,2,23,-16,1,2022-23,Regular Season,1628969,Mikal Bridges
22022,1628969,0022201079,2023-03-21,BKN vs. CLE,L,37,9,21,0.429,0,8,0.0,0,0,0.0,1,3,4,1,0,0,2,0,18,-16,1,2022-23,Regular Season,1628969,Mikal Bridges
22022,1628969,0022201094,2023-03-23,BKN vs. CLE,L,34,11,19,0.579,2,7,0.286,8,8,1.0,1,5,6,1,0,0,1,3,32,-14,1,2022-23,Regular Season,1628969,Mikal Bridges
22022,1628969,0022201108,2023-03-25,BKN @ MIA,W,38,7,19,0.368,3,9,0.333,10,11,0.909,0,3,3,7,2,0,2,1,27,31,1,2022-23,Regular Season,1628969,Mikal Bridges
22022,1628969,0022201118,2023-03-26,BKN @ ORL,L,34,13,22,0.591,6,9,0.667,12,12,1.0,1,5,6,1,1,1,2,1,44,-11,1,2022-23,Regular Season,1628969,Mikal Bridges
22022,1628969,0022201137,2023-03-29,BKN vs. HOU,W,40,8,17,0.471,4,6,0.667,7,8,0.875,2,4,6,6,0,1,3,3,27,14,1,2022-23,Regular Season,1628969,Mikal Bridges
22022,1628969,0022201153,2023-03-31,BKN vs. ATL,W,36,16,24,0.667,5,8,0.625,5,5,1.0,3,1,4,3,1,0,3,1,42,30,1,2022-23,Regular Season,1628969,Mikal Bridges
22022,1628969,0022201164,2023-04-02,BKN vs. UTA,W,39,9,25,0.36,1,8,0.125,11,13,0.846,0,7,7,2,3,0,1,2,30,8,1,2022-23,Regular Season,1628969,Mikal Bridges
22022,1628969,0022201180,2023-04-04,BKN vs. MIN,L,40,9,24,0.375,1,5,0.2,5,6,0.833,0,5,5,2,2,1,3,2,24,-9,1,2022-23,Regular Season,1628969,Mikal Bridges
22022,1628969,0022201189,2023-04-05,BKN @ DET,W,38,10,26,0.385,2,11,0.182,4,5,0.8,1,2,3,6,0,1,1,0,26,25,1,2022-23,Regular Season,1628969,Mikal Bridges
22022,1628969,0022201207,2023-04-07,BKN vs. ORL,W,37,7,24,0.292,1,12,0.083,7,9,0.778,0,5,5,2,2,0,3,1,22,14,1,2022-23,Regular Season,1628969,Mikal Bridges
22022,1628969,0022201217,2023-04-09,BKN vs. PHI,L,0,0,0,0.0,0,0,0.0,0,0,0.0,0,0,0,0,0,0,0,1,0,0,1,2022-23,Regular Season,1628969,Mikal Bridges
42022,1628969,0042200121,2023-04-15,BKN @ PHI,L,34,12,18,0.667,2,4,0.5,4,4,1.0,0,5,5,1,0,1,3,0,30,-14,1,2022-23,Playoffs,1628969,Mikal Bridges
42022,1628969,0042200122,2023-04-17,BKN @ PHI,L,41,6,15,0.4,2,8,0.25,7,9,0.778,0,5,5,7,1,0,3,2,21,-17,1,2022-23,Playoffs,1628969,Mikal Bridges
42022,1628969,0042200123,2023-04-20,BKN vs. PHI,L,43,9,26,0.346,4,7,0.571,4,4,1.0,1,5,6,5,1,1,1,1,26,-1,1,2022-23,Playoffs,1628969,Mikal Bridges
42022,1628969,0042200124,2023-04-22,BKN vs. PHI,L,39,6,18,0.333,2,6,0.333,3,6,0.5,1,4,5,3,0,0,1,2,17,-13,1,2022-23,Playoffs,1628969,Mikal Bridges
