SEASON_ID,Player_ID,Game_ID,GAME_DATE,MATCHUP,WL,MIN,FGM,FGA,FG_PCT,FG3M,FG3A,FG3_PCT,FTM,FTA,FT_PCT,OREB,DREB,REB,AST,STL,BLK,TOV,PF,PTS,PLUS_MINUS,VIDEO_AVAILABLE,SEASON,SEASON_TYPE,PLAYER_ID,PLAYER_NAME
22024,2544,0022400062,2024-10-22,LAL vs. MIN,W,35,7,16,0.438,1,4,0.25,1,1,1.0,0,5,5,4,0,2,2,3,16,-6,1,2024-25,Regular Season,2544,LeBron James
22024,2544,0022400085,2024-10-25,LAL vs. PHX,W,35,7,13,0.538,2,5,0.4,5,8,0.625,0,4,4,8,0,0,2,1,21,14,1,2024-25,Regular Season,2544,LeBron James
22024,2544,0022400096,2024-10-26,LAL vs. SAC,W,34,12,22,0.545,4,9,0.444,4,4,1.0,0,14,14,10,0,1,5,3,32,13,1,2024-25,Regular Season,2544,LeBron James
22024,2544,0022400111,2024-10-28,LAL @ PHX,L,36,3,14,0.214,2,5,0.4,3,6,0.5,0,5,5,8,1,0,2,1,11,-17,1,2024-25,Regular Season,2544,LeBron James
22024,2544,0022400118,2024-10-30,LAL @ CLE,L,29,9,13,0.692,1,3,0.333,7,7,1.0,1,5,6,3,0,0,6,2,26,-17,1,2024-25,Regular Season,2544,LeBron James
22024,2544,0022400137,2024-11-01,LAL @ TOR,W,36,9,17,0.529,5,8,0.625,4,6,0.667,0,6,6,10,1,0,0,1,27,11,1,2024-25,Regular Season,2544,LeBron James
22024,2544,0022400156,2024-11-04,LAL @ DET,L,40,7,16,0.438,1,2,0.5,5,5,1.0,1,7,8,11,2,0,1,1,20,-16,1,2024-25,Regular Season,2544,LeBron James
22024,2544,0022400174,2024-11-06,LAL @ MEM,L,35,15,24,0.625,6,11,0.545,3,4,0.75,0,7,7,6,1,0,5,2,39,-21,1,2024-25,Regular Season,2544,LeBron James
22024,2544,0022400195,2024-11-08,LAL vs. PHI,W,34,9,14,0.643,2,4,0.5,1,1,1.0,0,12,12,13,0,3,2,0,21,12,1,2024-25,Regular Season,2544,LeBron James
22024,2544,0022400211,2024-11-10,LAL vs. TOR,W,35,6,14,0.429,0,3,0.0,7,7,1.0,2,8,10,16,1,0,3,0,19,13,1,2024-25,Regular Season,2544,LeBron James
22024,2544,0022400225,2024-11-13,LAL vs. MEM,W,37,13,22,0.591,4,7,0.571,5,8,0.625,1,11,12,14,1,0,6,2,35,3,1,2024-25,Regular Season,2544,LeBron James
22024,2544,0022400015,2024-11-15,LAL @ SAS,W,38,6,12,0.5,1,4,0.25,2,4,0.5,1,15,16,12,1,0,7,0,15,3,1,2024-25,Regular Season,2544,LeBron James
22024,2544,0022400231,2024-11-16,LAL @ NOP,W,37,8,19,0.421,2,7,0.286,3,5,0.6,4,3,7,5,1,0,6,1,21,1,1,2024-25,Regular Season,2544,LeBron James
22024,2544,0022400026,2024-11-19,LAL vs. UTA,W,34,9,17,0.529,1,5,0.2,7,11,0.636,0,2,2,12,0,0,4,1,26,-5,1,2024-25,Regular Season,2544,LeBron James
22024,2544,0022400263,2024-11-21,LAL vs. ORL,L,37,12,22,0.545,5,9,0.556,2,4,0.5,2,8,10,7,0,1,4,0,31,-8,1,2024-25,Regular Season,2544,LeBron James
22024,2544,0022400270,2024-11-23,LAL vs. DEN,L,35,7,17,0.412,1,4,0.25,3,3,1.0,0,6,6,7,3,0,6,3,18,-25,1,2024-25,Regular Season,2544,LeBron James
22024,2544,0022400039,2024-11-26,LAL @ PHX,L,35,7,16,0.438,2,7,0.286,2,2,1.0,1,7,8,10,0,0,5,0,18,-30,1,2024-25,Regular Season,2544,LeBron James
22024,2544,0022400296,2024-11-27,LAL @ SAS,W,33,8,18,0.444,0,2,0.0,0,0,0.0,3,7,10,11,1,1,5,0,16,4,1,2024-25,Regular Season,2544,LeBron James
22024,2544,0022400048,2024-11-29,LAL vs. OKC,L,34,5,13,0.385,0,4,0.0,2,2,1.0,0,8,8,6,0,0,5,0,12,-12,1,2024-25,Regular Season,2544,LeBron James
22024,2544,0022400311,2024-12-01,LAL @ UTA,W,36,12,28,0.429,0,9,0.0,3,3,1.0,1,4,5,14,0,2,3,1,27,0,1,2024-25,Regular Season,2544,LeBron James
22024,2544,0022400318,2024-12-02,LAL @ MIN,L,31,4,16,0.25,0,4,0.0,2,4,0.5,3,5,8,4,0,0,6,1,10,-28,1,2024-25,Regular Season,2544,LeBron James
22024,2544,0022400321,2024-12-04,LAL @ MIA,L,29,12,18,0.667,1,4,0.25,4,4,1.0,1,4,5,8,1,0,5,2,29,-21,1,2024-25,Regular Season,2544,LeBron James
22024,2544,0022400334,2024-12-06,LAL @ ATL,L,43,14,25,0.56,6,11,0.545,5,6,0.833,0,10,10,11,2,3,4,3,39,3,1,2024-25,Regular Season,2544,LeBron James
22024,2544,0022401220,2024-12-15,LAL vs. MEM,W,34,7,17,0.412,3,6,0.5,1,4,0.25,4,4,8,8,1,2,5,2,18,0,1,2024-25,Regular Season,2544,LeBron James
22024,2544,0022400372,2024-12-19,LAL @ SAC,W,34,8,21,0.381,1,4,0.25,2,2,1.0,0,6,6,7,0,1,2,1,19,13,1,2024-25,Regular Season,2544,LeBron James
22024,2544,0022400376,2024-12-21,LAL @ SAC,W,34,13,24,0.542,1,8,0.125,5,6,0.833,0,7,7,6,4,0,4,2,32,10,1,2024-25,Regular Season,2544,LeBron James
22024,2544,0022400404,2024-12-23,LAL vs. DET,L,35,10,16,0.625,2,4,0.5,6,7,0.857,2,9,11,11,0,0,2,1,28,-1,1,2024-25,Regular Season,2544,LeBron James
22024,2544,0022400408,2024-12-25,LAL @ GSW,W,37,12,22,0.545,2,4,0.5,5,5,1.0,0,4,4,10,2,1,1,3,31,4,1,2024-25,Regular Season,2544,LeBron James
22024,2544,0022400454,2024-12-31,LAL vs. CLE,L,34,9,17,0.529,3,6,0.5,2,2,1.0,0,4,4,7,0,1,2,1,23,-11,1,2024-25,Regular Season,2544,LeBron James
22024,2544,0022400468,2025-01-02,LAL vs. POR,W,36,15,25,0.6,7,10,0.7,1,2,0.5,1,2,3,8,0,0,4,1,38,4,1,2024-25,Regular Season,2544,LeBron James
22024,2544,0022400477,2025-01-03,LAL vs. ATL,W,30,13,20,0.65,2,5,0.4,2,2,1.0,0,3,3,8,0,0,3,3,30,4,1,2024-25,Regular Season,2544,LeBron James
22024,2544,0022400491,2025-01-05,LAL @ HOU,L,36,8,16,0.5,4,7,0.571,1,2,0.5,1,12,13,9,1,0,2,4,21,-13,1,2024-25,Regular Season,2544,LeBron James
22024,2544,0022400504,2025-01-07,LAL @ DAL,L,35,6,12,0.5,1,4,0.25,5,6,0.833,0,10,10,8,1,0,2,0,18,-12,1,2024-25,Regular Season,2544,LeBron James
22024,2544,0022400552,2025-01-13,LAL vs. SAS,L,32,7,11,0.636,2,3,0.667,2,4,0.5,1,4,5,8,1,1,7,3,18,-15,1,2024-25,Regular Season,2544,LeBron James
22024,2544,0022400570,2025-01-15,LAL vs. MIA,W,38,9,15,0.6,3,6,0.5,1,2,0.5,1,4,5,9,2,0,2,0,22,14,1,2024-25,Regular Season,2544,LeBron James
22024,2544,0022400585,2025-01-17,LAL vs. BKN,W,35,12,17,0.706,4,6,0.667,1,2,0.5,1,6,7,8,1,2,5,2,29,-11,1,2024-25,Regular Season,2544,LeBron James
22024,2544,0022400596,2025-01-19,LAL @ LAC,L,35,9,20,0.45,2,6,0.333,5,6,0.833,2,3,5,11,3,1,5,3,25,-3,1,2024-25,Regular Season,2544,LeBron James
22024,2544,0022400610,2025-01-21,LAL vs. WAS,W,36,8,18,0.444,2,6,0.333,3,3,1.0,0,10,10,13,2,1,5,0,21,19,1,2024-25,Regular Season,2544,LeBron James
22024,2544,0022400629,2025-01-23,LAL vs. BOS,W,31,9,20,0.45,0,2,0.0,2,2,1.0,3,11,14,6,0,0,2,0,20,7,1,2024-25,Regular Season,2544,LeBron James
22024,2544,0022400644,2025-01-25,LAL @ GSW,W,35,12,25,0.48,0,1,0.0,1,2,0.5,1,4,5,12,1,0,3,0,25,11,1,2024-25,Regular Season,2544,LeBron James
22024,2544,0022400648,2025-01-27,LAL @ CHA,W,36,9,17,0.529,1,8,0.125,3,5,0.6,0,7,7,8,0,0,5,0,22,-1,1,2024-25,Regular Season,2544,LeBron James
22024,2544,0022400660,2025-01-28,LAL @ PHI,L,33,10,16,0.625,1,4,0.25,10,11,0.909,1,7,8,9,1,0,8,1,31,-11,1,2024-25,Regular Season,2544,LeBron James
22024,2544,0022400674,2025-01-30,LAL @ WAS,W,27,9,19,0.474,1,4,0.25,5,5,1.0,0,3,3,11,0,0,0,1,24,29,1,2024-25,Regular Season,2544,LeBron James
22024,2544,0022400692,2025-02-01,LAL @ NYK,W,37,14,26,0.538,3,8,0.375,2,4,0.5,0,11,11,12,0,0,5,3,33,12,1,2024-25,Regular Season,2544,LeBron James
22024,2544,0022400715,2025-02-04,LAL @ LAC,W,31,8,13,0.615,2,4,0.5,8,11,0.727,0,8,8,9,3,0,3,4,26,19,1,2024-25,Regular Season,2544,LeBron James
22024,2544,0022400731,2025-02-06,LAL vs. GSW,W,38,14,25,0.56,6,9,0.667,8,10,0.8,1,16,17,8,1,1,3,1,42,7,1,2024-25,Regular Season,2544,LeBron James
22024,2544,0022400768,2025-02-10,LAL vs. UTA,W,29,10,17,0.588,3,7,0.429,1,2,0.5,1,6,7,8,1,0,7,2,24,24,1,2024-25,Regular Season,2544,LeBron James
22024,2544,0022400781,2025-02-12,LAL @ UTA,L,34,6,13,0.462,4,8,0.5,2,4,0.5,1,5,6,7,1,0,3,3,18,-10,1,2024-25,Regular Season,2544,LeBron James
22024,2544,0022400524,2025-02-19,LAL vs. CHA,L,38,10,22,0.455,4,11,0.364,2,2,1.0,1,6,7,11,1,2,2,0,26,-4,1,2024-25,Regular Season,2544,LeBron James
22024,2544,0022400796,2025-02-20,LAL @ POR,W,36,14,24,0.583,4,8,0.5,8,8,1.0,0,8,8,4,2,1,11,2,40,8,1,2024-25,Regular Season,2544,LeBron James
22024,2544,0022400808,2025-02-22,LAL @ DEN,W,33,11,19,0.579,1,4,0.25,2,3,0.667,2,7,9,5,1,3,1,2,25,9,1,2024-25,Regular Season,2544,LeBron James
22024,2544,0022400835,2025-02-25,LAL vs. DAL,W,37,11,17,0.647,2,4,0.5,3,4,0.75,3,9,12,3,1,0,6,2,27,-5,1,2024-25,Regular Season,2544,LeBron James
22024,2544,0022400849,2025-02-27,LAL vs. MIN,W,37,11,21,0.524,4,9,0.444,7,10,0.7,5,12,17,6,1,1,4,1,33,12,1,2024-25,Regular Season,2544,LeBron James
22024,2544,0022400859,2025-02-28,LAL vs. LAC,W,37,12,21,0.571,2,7,0.286,2,3,0.667,1,12,13,3,1,0,4,0,28,-1,1,2024-25,Regular Season,2544,LeBron James
22024,2544,0022400874,2025-03-02,LAL vs. LAC,W,36,6,17,0.353,1,6,0.167,4,4,1.0,1,4,5,9,2,1,8,2,17,-5,1,2024-25,Regular Season,2544,LeBron James
22024,2544,0022400890,2025-03-04,LAL vs. NOP,W,33,10,18,0.556,5,10,0.5,9,9,1.0,1,7,8,6,1,2,4,1,34,7,1,2024-25,Regular Season,2544,LeBron James
22024,2544,0022400903,2025-03-06,LAL vs. NYK,W,44,11,23,0.478,2,8,0.25,7,8,0.875,1,11,12,8,0,1,1,3,31,4,1,2024-25,Regular Season,2544,LeBron James
22024,2544,0022400918,2025-03-08,LAL @ BOS,L,35,11,23,0.478,0,6,0.0,0,3,0.0,2,12,14,9,0,0,1,3,22,-11,1,2024-25,Regular Season,2544,LeBron James
22024,2544,0022401028,2025-03-22,LAL vs. CHI,L,31,7,16,0.438,1,2,0.5,2,5,0.4,0,6,6,4,3,0,5,1,17,-27,1,2024-25,Regular Season,2544,LeBron James
22024,2544,0022401038,2025-03-24,LAL @ ORL,L,38,9,18,0.5,0,3,0.0,6,7,0.857,3,3,6,7,0,0,2,0,24,-17,1,2024-25,Regular Season,2544,LeBron James
22024,2544,0022401055,2025-03-26,LAL @ IND,W,38,4,12,0.333,0,3,0.0,5,5,1.0,3,10,13,7,1,0,1,1,13,5,1,2024-25,Regular Season,2544,LeBron James
22024,2544,0022401063,2025-03-27,LAL @ CHI,L,39,8,20,0.4,0,5,0.0,1,2,0.5,1,4,5,12,2,0,4,1,17,-10,1,2024-25,Regular Season,2544,LeBron James
22024,2544,0022401078,2025-03-29,LAL @ MEM,W,37,10,21,0.476,2,5,0.4,3,4,0.75,1,5,6,8,3,1,3,3,25,-1,1,2024-25,Regular Season,2544,LeBron James
22024,2544,0022401096,2025-03-31,LAL vs. HOU,W,38,5,12,0.417,2,4,0.5,4,4,1.0,0,8,8,4,2,2,3,1,16,9,1,2024-25,Regular Season,2544,LeBron James
22024,2544,0022401117,2025-04-03,LAL vs. GSW,L,40,10,15,0.667,5,8,0.625,8,9,0.889,1,4,5,9,1,1,4,2,33,-1,1,2024-25,Regular Season,2544,LeBron James
22024,2544,0022401126,2025-04-04,LAL vs. NOP,W,33,9,17,0.529,2,7,0.286,7,8,0.875,0,0,0,8,2,0,1,1,27,7,1,2024-25,Regular Season,2544,LeBron James
22024,2544,0022401135,2025-04-06,LAL @ OKC,W,34,9,16,0.563,1,1,1.0,0,0,0.0,2,1,3,7,1,0,2,0,19,7,1,2024-25,Regular Season,2544,LeBron James
22024,2544,0022401153,2025-04-08,LAL @ OKC,L,35,8,19,0.421,3,6,0.5,9,10,0.9,0,7,7,3,1,0,6,1,28,-23,1,2024-25,Regular Season,2544,LeBron James
22024,2544,0022401159,2025-04-09,LAL @ DAL,W,36,11,20,0.55,0,4,0.0,5,6,0.833,2,5,7,3,1,0,2,2,27,18,1,2024-25,Regular Season,2544,LeBron James
22024,2544,0022401185,2025-04-11,LAL vs. HOU,W,22,6,11,0.545,1,4,0.25,1,1,1.0,0,4,4,8,1,0,1,1,14,5,1,2024-25,Regular Season,2544,LeBron James
42024,2544,0042400161,2025-04-19,LAL vs. MIN,L,36,8,18,0.444,1,5,0.2,2,2,1.0,1,4,5,3,2,3,4,0,19,-22,1,2024-25,Playoffs,2544,LeBron James
42024,2544,0042400162,2025-04-22,LAL vs. MIN,W,40,8,19,0.421,1,5,0.2,4,4,1.0,3,8,11,7,1,1,2,4,21,9,1,2024-25,Playoffs,2544,LeBron James
42024,2544,0042400163,2025-04-25,LAL @ MIN,L,41,13,21,0.619,5,9,0.556,7,10,0.7,3,7,10,4,2,2,1,0,38,-10,1,2024-25,Playoffs,2544,LeBron James
42024,2544,0042400164,2025-04-27,LAL @ MIN,L,46,5,9,0.556,2,4,0.5,15,18,0.833,3,9,12,8,3,3,3,2,27,-4,1,2024-25,Playoffs,2544,LeBron James
42024,2544,0042400165,2025-04-30,LAL vs. MIN,L,40,9,21,0.429,1,5,0.2,3,6,0.5,2,5,7,6,2,0,3,2,22,-14,1,2024-25,Playoffs,2544,LeBron James
22024,201939,0022400072,2024-10-23,GSW @ POR,W,25,4,10,0.4,3,7,0.429,6,6,1.0,0,9,9,10,2,0,2,0,17,23,1,2024-25,Regular Season,201939,Stephen Curry
22024,201939,0022400084,2024-10-25,GSW @ UTA,W,27,7,20,0.35,4,13,0.308,2,2,1.0,0,3,3,4,2,0,3,3,20,22,1,2024-25,Regular Season,201939,Stephen Curry
22024,201939,0022400101,2024-10-27,GSW vs. LAC,L,27,6,11,0.545,4,7,0.571,2,2,1.0,0,4,4,6,2,1,6,1,18,2,1,2024-25,Regular Season,201939,Stephen Curry
22024,201939,0022400155,2024-11-04,GSW @ WAS,W,24,7,15,0.467,4,9,0.444,6,6,1.0,1,2,3,6,0,0,2,1,24,9,1,2024-25,Regular Season,201939,Stephen Curry
22024,201939,0022400172,2024-11-06,GSW @ BOS,W,34,8,17,0.471,4,9,0.444,7,7,1.0,0,7,7,9,4,1,3,2,27,7,1,2024-25,Regular Season,201939,Stephen Curry
22024,201939,0022400188,2024-11-08,GSW @ CLE,L,24,5,10,0.5,1,4,0.25,1,1,1.0,0,1,1,2,2,0,6,0,12,-25,1,2024-25,Regular Season,201939,Stephen Curry
22024,201939,0022400207,2024-11-10,GSW @ OKC,W,37,13,23,0.565,7,13,0.538,3,4,0.75,1,4,5,7,1,1,3,2,36,21,1,2024-25,Regular Season,201939,Stephen Curry
22024,201939,0022400007,2024-11-12,GSW vs. DAL,W,35,14,27,0.519,5,12,0.417,4,5,0.8,0,6,6,9,1,2,4,2,37,24,1,2024-25,Regular Season,201939,Stephen Curry
22024,201939,0022400019,2024-11-15,GSW vs. MEM,W,26,4,9,0.444,3,7,0.429,2,2,1.0,1,7,8,5,4,0,3,2,13,9,1,2024-25,Regular Season,201939,Stephen Curry
22024,201939,0022400251,2024-11-18,GSW @ LAC,L,32,10,21,0.476,6,15,0.4,0,0,0.0,1,6,7,6,0,1,3,1,26,-5,1,2024-25,Regular Season,201939,Stephen Curry
22024,201939,0022400258,2024-11-20,GSW vs. ATL,W,30,7,10,0.7,4,6,0.667,5,5,1.0,0,4,4,8,2,1,5,0,23,27,1,2024-25,Regular Season,201939,Stephen Curry
22024,201939,0022400032,2024-11-22,GSW @ NOP,W,33,6,13,0.462,4,7,0.571,3,3,1.0,0,7,7,7,1,1,4,3,19,4,1,2024-25,Regular Season,201939,Stephen Curry
22024,201939,0022400269,2024-11-23,GSW @ SAS,L,32,5,16,0.313,3,10,0.3,1,1,1.0,2,5,7,5,0,0,3,1,14,4,1,2024-25,Regular Season,201939,Stephen Curry
22024,201939,0022400284,2024-11-25,GSW vs. BKN,L,29,8,17,0.471,8,16,0.5,4,4,1.0,0,4,4,7,1,0,3,0,28,-4,1,2024-25,Regular Season,201939,Stephen Curry
22024,201939,0022400303,2024-11-30,GSW @ PHX,L,32,8,21,0.381,3,10,0.3,4,5,0.8,1,6,7,4,0,0,0,1,23,4,1,2024-25,Regular Season,201939,Stephen Curry
22024,201939,0022400058,2024-12-03,GSW @ DEN,L,34,8,23,0.348,4,15,0.267,4,4,1.0,1,6,7,11,0,0,5,0,24,5,1,2024-25,Regular Season,201939,Stephen Curry
22024,201939,0022400338,2024-12-06,GSW vs. MIN,L,32,6,17,0.353,3,9,0.333,8,8,1.0,1,1,2,4,0,0,3,0,23,-3,1,2024-25,Regular Season,201939,Stephen Curry
22024,201939,0022400355,2024-12-08,GSW vs. MIN,W,35,8,18,0.444,5,11,0.455,9,11,0.818,0,4,4,8,1,0,3,0,30,14,1,2024-25,Regular Season,201939,Stephen Curry
22024,201939,0022401204,2024-12-11,GSW @ HOU,L,34,8,17,0.471,3,9,0.333,0,1,0.0,1,2,3,5,2,1,1,0,19,4,1,2024-25,Regular Season,201939,Stephen Curry
22024,201939,0022401228,2024-12-15,GSW vs. DAL,L,35,9,19,0.474,7,13,0.538,1,1,1.0,0,5,5,10,1,0,2,1,26,-10,1,2024-25,Regular Season,201939,Stephen Curry
22024,201939,0022400366,2024-12-19,GSW @ MEM,L,24,0,7,0.0,0,6,0.0,2,2,1.0,0,3,3,1,1,1,2,0,2,-41,1,2024-25,Regular Season,201939,Stephen Curry
22024,201939,0022400383,2024-12-21,GSW @ MIN,W,34,10,21,0.476,7,16,0.438,4,5,0.8,0,3,3,10,1,0,1,1,31,20,1,2024-25,Regular Season,201939,Stephen Curry
22024,201939,0022400403,2024-12-23,GSW vs. IND,L,35,2,13,0.154,2,9,0.222,4,4,1.0,0,5,5,7,0,3,3,1,10,6,1,2024-25,Regular Season,201939,Stephen Curry
22024,201939,0022400408,2024-12-25,GSW vs. LAL,L,36,14,24,0.583,8,15,0.533,2,2,1.0,0,1,1,6,0,0,4,3,38,-1,1,2024-25,Regular Season,201939,Stephen Curry
22024,201939,0022400431,2024-12-28,GSW vs. PHX,W,35,9,22,0.409,4,13,0.308,0,0,0.0,2,4,6,6,1,0,5,3,22,20,1,2024-25,Regular Season,201939,Stephen Curry
22024,201939,0022400446,2024-12-30,GSW vs. CLE,L,29,4,14,0.286,3,11,0.273,0,0,0.0,0,2,2,3,1,1,1,1,11,-2,1,2024-25,Regular Season,201939,Stephen Curry
22024,201939,0022400467,2025-01-02,GSW vs. PHI,W,30,11,15,0.733,8,8,1.0,0,0,0.0,1,5,6,10,1,0,2,1,30,32,1,2024-25,Regular Season,201939,Stephen Curry
22024,201939,0022400492,2025-01-05,GSW vs. SAC,L,30,8,12,0.667,4,8,0.5,6,6,1.0,0,7,7,0,1,0,4,3,26,-17,1,2024-25,Regular Season,201939,Stephen Curry
22024,201939,0022400508,2025-01-07,GSW vs. MIA,L,33,11,22,0.5,8,17,0.471,1,1,1.0,0,7,7,0,1,2,4,2,31,-10,1,2024-25,Regular Season,201939,Stephen Curry
22024,201939,0022400518,2025-01-09,GSW @ DET,W,36,5,21,0.238,2,14,0.143,5,5,1.0,1,8,9,6,2,0,3,0,17,-14,1,2024-25,Regular Season,201939,Stephen Curry
22024,201939,0022400550,2025-01-13,GSW @ TOR,L,35,9,17,0.529,4,10,0.4,4,4,1.0,1,6,7,7,1,0,4,2,26,0,1,2024-25,Regular Season,201939,Stephen Curry
22024,201939,0022400565,2025-01-15,GSW @ MIN,W,37,10,21,0.476,7,12,0.583,4,4,1.0,1,0,1,8,1,0,1,1,31,-1,1,2024-25,Regular Season,201939,Stephen Curry
22024,201939,0022400589,2025-01-18,GSW vs. WAS,W,34,10,22,0.455,4,14,0.286,2,2,1.0,1,4,5,6,1,1,1,1,26,7,1,2024-25,Regular Season,201939,Stephen Curry
22024,201939,0022400604,2025-01-20,GSW vs. BOS,L,27,6,16,0.375,4,12,0.333,2,2,1.0,0,3,3,4,2,0,3,3,18,-15,1,2024-25,Regular Season,201939,Stephen Curry
22024,201939,0022400619,2025-01-22,GSW @ SAC,L,34,6,11,0.545,1,4,0.25,1,1,1.0,1,2,3,12,0,0,3,1,14,2,1,2024-25,Regular Season,201939,Stephen Curry
22024,201939,0022400628,2025-01-23,GSW vs. CHI,W,31,8,19,0.421,5,12,0.417,0,0,0.0,1,3,4,7,0,0,3,0,21,4,1,2024-25,Regular Season,201939,Stephen Curry
22024,201939,0022400644,2025-01-25,GSW vs. LAL,L,32,4,17,0.235,2,9,0.222,3,4,0.75,0,1,1,9,2,0,3,2,13,-17,1,2024-25,Regular Season,201939,Stephen Curry
22024,201939,0022400673,2025-01-29,GSW vs. OKC,W,33,6,15,0.4,5,10,0.5,4,4,1.0,0,1,1,4,1,0,0,2,21,-2,1,2024-25,Regular Season,201939,Stephen Curry
22024,201939,0022400685,2025-01-31,GSW vs. PHX,L,31,5,14,0.357,1,6,0.167,3,3,1.0,1,2,3,3,0,2,2,1,14,-18,1,2024-25,Regular Season,201939,Stephen Curry
22024,201939,0022400708,2025-02-03,GSW vs. ORL,W,34,7,21,0.333,2,12,0.167,8,8,1.0,0,1,1,5,1,0,3,1,24,8,1,2024-25,Regular Season,201939,Stephen Curry
22024,201939,0022400725,2025-02-05,GSW @ UTA,L,35,12,31,0.387,6,18,0.333,2,2,1.0,0,1,1,7,0,1,3,2,32,-21,1,2024-25,Regular Season,201939,Stephen Curry
22024,201939,0022400731,2025-02-06,GSW @ LAL,L,37,13,35,0.371,6,20,0.3,5,5,1.0,2,5,7,4,1,1,4,3,37,-3,1,2024-25,Regular Season,201939,Stephen Curry
22024,201939,0022400745,2025-02-08,GSW @ CHI,W,34,10,19,0.526,8,16,0.5,6,8,0.75,2,2,4,6,0,1,4,1,34,23,1,2024-25,Regular Season,201939,Stephen Curry
22024,201939,0022400760,2025-02-10,GSW @ MIL,W,34,12,24,0.5,6,16,0.375,8,9,0.889,0,6,6,4,0,0,2,0,38,8,1,2024-25,Regular Season,201939,Stephen Curry
22024,201939,0022400782,2025-02-12,GSW @ DAL,L,37,9,23,0.391,4,13,0.308,3,4,0.75,1,4,5,8,2,0,4,3,25,4,1,2024-25,Regular Season,201939,Stephen Curry
22024,201939,0022400784,2025-02-13,GSW @ HOU,W,35,7,17,0.412,5,13,0.385,8,9,0.889,1,4,5,3,0,0,1,2,27,7,1,2024-25,Regular Season,201939,Stephen Curry
22024,201939,0022400805,2025-02-21,GSW @ SAC,W,31,7,13,0.538,4,9,0.444,2,2,1.0,0,1,1,6,2,0,1,0,20,0,1,2024-25,Regular Season,201939,Stephen Curry
22024,201939,0022400812,2025-02-23,GSW vs. DAL,W,29,12,20,0.6,3,8,0.375,3,3,1.0,0,4,4,7,1,0,2,3,30,14,1,2024-25,Regular Season,201939,Stephen Curry
22024,201939,0022400834,2025-02-25,GSW vs. CHA,W,24,6,14,0.429,2,9,0.222,1,1,1.0,0,4,4,6,1,0,2,2,15,26,1,2024-25,Regular Season,201939,Stephen Curry
22024,201939,0022400845,2025-02-27,GSW @ ORL,W,34,16,25,0.64,12,19,0.632,12,12,1.0,0,4,4,3,2,0,4,0,56,15,1,2024-25,Regular Season,201939,Stephen Curry
22024,201939,0022400864,2025-03-01,GSW @ PHI,L,36,10,18,0.556,5,12,0.417,4,4,1.0,1,4,5,13,1,0,3,2,29,12,1,2024-25,Regular Season,201939,Stephen Curry
22024,201939,0022400875,2025-03-03,GSW @ CHA,W,30,6,14,0.429,3,9,0.333,6,8,0.75,1,2,3,10,1,1,1,3,21,13,1,2024-25,Regular Season,201939,Stephen Curry
22024,201939,0022400885,2025-03-04,GSW @ NYK,W,33,10,21,0.476,5,9,0.556,3,3,1.0,0,7,7,9,2,0,2,0,28,23,1,2024-25,Regular Season,201939,Stephen Curry
22024,201939,0022400901,2025-03-06,GSW @ BKN,W,36,12,20,0.6,7,13,0.538,9,9,1.0,2,2,4,4,0,0,5,3,40,-16,1,2024-25,Regular Season,201939,Stephen Curry
22024,201939,0022400919,2025-03-08,GSW vs. DET,W,33,8,22,0.364,4,15,0.267,12,12,1.0,1,2,3,4,1,0,4,1,32,11,1,2024-25,Regular Season,201939,Stephen Curry
22024,201939,0022400938,2025-03-10,GSW vs. POR,W,34,6,14,0.429,5,11,0.455,7,7,1.0,1,1,2,3,2,0,4,0,24,6,1,2024-25,Regular Season,201939,Stephen Curry
22024,201939,0022400957,2025-03-13,GSW vs. SAC,W,30,4,9,0.444,2,6,0.333,1,1,1.0,0,2,2,5,1,1,2,4,11,15,1,2024-25,Regular Season,201939,Stephen Curry
22024,201939,0022400974,2025-03-15,GSW vs. NYK,W,35,8,20,0.4,4,13,0.308,8,9,0.889,0,7,7,5,0,1,3,2,28,-5,1,2024-25,Regular Season,201939,Stephen Curry
22024,201939,0022400990,2025-03-17,GSW vs. DEN,L,36,6,21,0.286,4,14,0.286,4,4,1.0,0,4,4,7,3,0,7,2,20,-7,1,2024-25,Regular Season,201939,Stephen Curry
22024,201939,0022401005,2025-03-20,GSW vs. TOR,W,25,6,8,0.75,2,4,0.5,3,5,0.6,0,2,2,1,0,1,3,0,17,-7,1,2024-25,Regular Season,201939,Stephen Curry
22024,201939,0022401072,2025-03-28,GSW @ NOP,W,34,7,21,0.333,5,16,0.313,4,5,0.8,0,4,4,6,3,0,1,2,23,10,1,2024-25,Regular Season,201939,Stephen Curry
22024,201939,0022401086,2025-03-30,GSW @ SAS,W,26,4,10,0.4,2,4,0.5,3,3,1.0,0,3,3,6,1,1,0,2,13,24,1,2024-25,Regular Season,201939,Stephen Curry
22024,201939,0022401100,2025-04-01,GSW @ MEM,W,37,16,31,0.516,12,20,0.6,8,8,1.0,1,9,10,8,5,1,2,2,52,17,1,2024-25,Regular Season,201939,Stephen Curry
22024,201939,0022401117,2025-04-03,GSW @ LAL,W,34,10,21,0.476,4,11,0.364,13,14,0.929,1,2,3,6,0,0,2,1,37,-1,1,2024-25,Regular Season,201939,Stephen Curry
22024,201939,0022401125,2025-04-04,GSW vs. DEN,W,32,13,24,0.542,7,15,0.467,3,3,1.0,1,1,2,5,2,0,2,2,36,6,1,2024-25,Regular Season,201939,Stephen Curry
22024,201939,0022401143,2025-04-06,GSW vs. HOU,L,33,1,10,0.1,1,8,0.125,0,0,0.0,0,2,2,8,0,0,4,0,3,-4,1,2024-25,Regular Season,201939,Stephen Curry
22024,201939,0022401154,2025-04-08,GSW @ PHX,W,26,9,17,0.529,3,9,0.333,4,4,1.0,1,8,9,6,1,1,2,0,25,31,1,2024-25,Regular Season,201939,Stephen Curry
22024,201939,0022401163,2025-04-09,GSW vs. SAS,L,37,12,24,0.5,5,14,0.357,1,1,1.0,2,6,8,3,2,0,1,0,30,13,1,2024-25,Regular Season,201939,Stephen Curry
22024,201939,0022401183,2025-04-11,GSW @ POR,W,27,6,14,0.429,2,8,0.25,0,0,0.0,1,4,5,5,0,1,1,2,14,8,1,2024-25,Regular Season,201939,Stephen Curry
22024,201939,0022401198,2025-04-13,GSW vs. LAC,L,38,10,20,0.5,7,12,0.583,9,9,1.0,1,2,3,6,2,0,8,2,36,-16,1,2024-25,Regular Season,201939,Stephen Curry
42024,201939,0042400151,2025-04-20,GSW @ HOU,W,40,12,19,0.632,5,9,0.556,2,2,1.0,0,6,6,3,1,0,4,2,31,3,1,2024-25,Playoffs,201939,Stephen Curry
42024,201939,0042400152,2025-04-23,GSW @ HOU,L,37,6,15,0.4,4,9,0.444,4,4,1.0,0,5,5,9,1,1,6,0,20,-3,1,2024-25,Playoffs,201939,Stephen Curry
42024,201939,0042400153,2025-04-26,GSW vs. HOU,W,41,12,23,0.522,5,13,0.385,7,8,0.875,0,7,7,9,1,2,2,0,36,18,1,2024-25,Playoffs,201939,Stephen Curry
42024,201939,0042400154,2025-04-28,GSW vs. HOU,W,39,6,13,0.462,2,8,0.25,3,3,1.0,0,3,3,3,1,0,4,2,17,12,1,2024-25,Playoffs,201939,Stephen Curry
42024,201939,0042400155,2025-04-30,GSW @ HOU,L,23,4,12,0.333,3,9,0.333,2,3,0.667,1,2,3,7,0,0,3,2,13,-19,1,2024-25,Playoffs,201939,Stephen Curry
42024,201939,0042400156,2025-05-02,GSW vs. HOU,L,42,9,23,0.391,6,16,0.375,5,6,0.833,1,6,7,2,2,1,5,4,29,-11,1,2024-25,Playoffs,201939,Stephen Curry
42024,201939,0042400157,2025-05-04,GSW @ HOU,W,46,8,16,0.5,4,10,0.4,2,2,1.0,0,10,10,7,2,2,2,3,22,16,1,2024-25,Playoffs,201939,Stephen Curry
42024,201939,0042400231,2025-05-06,GSW @ MIN,W,13,5,9,0.556,3,6,0.5,0,0,0.0,0,1,1,1,0,0,1,0,13,10,1,2024-25,Playoffs,201939,Stephen Curry
22024,201142,0022400071,2024-10-23,PHX @ LAC,W,44,8,17,0.471,2,5,0.4,7,9,0.778,0,7,7,0,3,1,7,4,25,-2,1,2024-25,Regular Season,201142,Kevin Durant
22024,201142,0022400085,2024-10-25,PHX @ LAL,L,39,11,17,0.647,2,3,0.667,6,7,0.857,0,4,4,6,0,1,3,3,30,-13,1,2024-25,Regular Season,201142,Kevin Durant
22024,201142,0022400095,2024-10-26,PHX vs. DAL,W,39,10,21,0.476,4,8,0.5,7,9,0.778,0,9,9,2,1,1,1,0,31,11,1,2024-25,Regular Season,201142,Kevin Durant
22024,201142,0022400111,2024-10-28,PHX vs. LAL,W,38,11,20,0.55,2,6,0.333,6,7,0.857,0,8,8,4,0,4,2,2,30,-6,1,2024-25,Regular Season,201142,Kevin Durant
22024,201142,0022400131,2024-10-31,PHX @ LAC,W,39,7,13,0.538,2,4,0.5,2,3,0.667,0,5,5,4,1,2,4,1,18,-2,1,2024-25,Regular Season,201142,Kevin Durant
22024,201142,0022400149,2024-11-02,PHX vs. POR,W,38,7,16,0.438,3,8,0.375,4,5,0.8,1,8,9,2,0,0,3,1,21,9,1,2024-25,Regular Season,201142,Kevin Durant
22024,201142,0022400167,2024-11-04,PHX vs. PHI,W,39,14,20,0.7,2,5,0.4,5,5,1.0,0,4,4,6,0,1,3,2,35,9,1,2024-25,Regular Season,201142,Kevin Durant
22024,201142,0022400178,2024-11-06,PHX vs. MIA,W,37,13,23,0.565,4,11,0.364,2,3,0.667,0,8,8,3,1,1,6,1,32,-1,1,2024-25,Regular Season,201142,Kevin Durant
22024,201142,0022400190,2024-11-08,PHX @ DAL,W,37,8,14,0.571,3,6,0.5,7,7,1.0,1,4,5,4,1,2,1,2,26,11,1,2024-25,Regular Season,201142,Kevin Durant
22024,201142,0022400039,2024-11-26,PHX vs. LAL,W,30,9,17,0.529,3,6,0.5,2,2,1.0,1,5,6,2,0,0,0,2,23,21,1,2024-25,Regular Season,201142,Kevin Durant
22024,201142,0022400297,2024-11-27,PHX vs. BKN,L,33,10,18,0.556,3,6,0.5,7,10,0.7,0,8,8,2,0,3,7,3,30,-2,1,2024-25,Regular Season,201142,Kevin Durant
22024,201142,0022400303,2024-11-30,PHX vs. GSW,W,36,7,20,0.35,3,8,0.375,4,6,0.667,0,10,10,3,0,3,3,1,21,4,1,2024-25,Regular Season,201142,Kevin Durant
22024,201142,0022400057,2024-12-03,PHX vs. SAS,W,16,5,8,0.625,2,2,1.0,1,2,0.5,0,4,4,2,0,0,3,0,13,0,1,2024-25,Regular Season,201142,Kevin Durant
22024,201142,0022401214,2024-12-13,PHX @ UTA,W,34,8,17,0.471,2,5,0.4,12,12,1.0,0,3,3,8,1,1,1,2,30,6,1,2024-25,Regular Season,201142,Kevin Durant
22024,201142,0022401219,2024-12-15,PHX vs. POR,W,36,9,23,0.391,1,9,0.111,1,2,0.5,0,7,7,7,1,0,1,1,20,-7,1,2024-25,Regular Season,201142,Kevin Durant
22024,201142,0022400369,2024-12-19,PHX vs. IND,L,38,15,27,0.556,3,6,0.5,4,6,0.667,0,10,10,6,1,0,5,1,37,-12,1,2024-25,Regular Season,201142,Kevin Durant
22024,201142,0022400387,2024-12-21,PHX vs. DET,L,39,14,26,0.538,4,9,0.444,11,11,1.0,1,4,5,6,2,0,8,4,43,-9,1,2024-25,Regular Season,201142,Kevin Durant
22024,201142,0022400402,2024-12-23,PHX @ DEN,L,31,8,15,0.533,2,3,0.667,5,6,0.833,2,7,9,2,2,1,3,1,23,-19,1,2024-25,Regular Season,201142,Kevin Durant
22024,201142,0022400409,2024-12-25,PHX vs. DEN,W,38,9,26,0.346,0,5,0.0,9,9,1.0,2,2,4,6,2,2,0,3,27,3,1,2024-25,Regular Season,201142,Kevin Durant
22024,201142,0022400425,2024-12-27,PHX vs. DAL,L,38,11,19,0.579,3,4,0.75,10,12,0.833,0,3,3,0,0,0,1,1,35,-3,1,2024-25,Regular Season,201142,Kevin Durant
22024,201142,0022400431,2024-12-28,PHX @ GSW,L,37,10,24,0.417,1,5,0.2,10,12,0.833,2,4,6,3,0,4,8,2,31,-17,1,2024-25,Regular Season,201142,Kevin Durant
22024,201142,0022400453,2024-12-31,PHX vs. MEM,L,39,11,19,0.579,2,5,0.4,5,7,0.714,1,9,10,6,1,2,3,2,29,-4,1,2024-25,Regular Season,201142,Kevin Durant
22024,201142,0022400480,2025-01-04,PHX @ IND,L,38,9,14,0.643,1,3,0.333,6,6,1.0,0,7,7,7,0,1,5,1,25,-22,1,2024-25,Regular Season,201142,Kevin Durant
22024,201142,0022400494,2025-01-06,PHX @ PHI,W,34,9,14,0.643,3,4,0.75,2,3,0.667,0,6,6,5,1,1,3,1,23,3,1,2024-25,Regular Season,201142,Kevin Durant
22024,201142,0022400502,2025-01-07,PHX @ CHA,L,36,8,18,0.444,1,6,0.167,9,10,0.9,1,5,6,2,0,1,2,2,26,1,1,2024-25,Regular Season,201142,Kevin Durant
22024,201142,0022400522,2025-01-09,PHX vs. ATL,W,36,9,15,0.6,2,7,0.286,3,4,0.75,0,2,2,7,0,3,3,1,23,7,1,2024-25,Regular Season,201142,Kevin Durant
22024,201142,0022400533,2025-01-11,PHX vs. UTA,W,36,11,19,0.579,1,4,0.25,2,3,0.667,0,5,5,7,1,0,5,1,25,-9,1,2024-25,Regular Season,201142,Kevin Durant
22024,201142,0022400547,2025-01-12,PHX vs. CHA,W,40,11,24,0.458,2,9,0.222,3,3,1.0,0,8,8,5,1,0,1,5,27,8,1,2024-25,Regular Season,201142,Kevin Durant
22024,201142,0022400556,2025-01-14,PHX @ ATL,L,39,13,20,0.65,0,2,0.0,5,7,0.714,1,7,8,6,2,2,3,0,31,5,1,2024-25,Regular Season,201142,Kevin Durant
22024,201142,0022400573,2025-01-16,PHX @ WAS,W,33,8,16,0.5,1,5,0.2,6,8,0.75,1,5,6,3,1,2,2,2,23,18,1,2024-25,Regular Season,201142,Kevin Durant
22024,201142,0022400586,2025-01-18,PHX @ DET,W,38,13,27,0.481,2,8,0.25,8,12,0.667,0,7,7,5,2,3,2,2,36,12,1,2024-25,Regular Season,201142,Kevin Durant
22024,201142,0022400603,2025-01-20,PHX @ CLE,L,31,9,16,0.563,1,1,1.0,4,4,1.0,0,7,7,1,0,2,3,2,23,-16,1,2024-25,Regular Season,201142,Kevin Durant
22024,201142,0022400613,2025-01-22,PHX @ BKN,W,30,8,15,0.533,4,7,0.571,4,4,1.0,1,7,8,3,0,1,1,0,24,17,1,2024-25,Regular Season,201142,Kevin Durant
22024,201142,0022400645,2025-01-25,PHX vs. WAS,W,39,11,19,0.579,5,8,0.625,2,2,1.0,1,4,5,4,1,0,2,1,29,16,1,2024-25,Regular Season,201142,Kevin Durant
22024,201142,0022400659,2025-01-27,PHX vs. LAC,W,40,9,19,0.474,4,8,0.5,2,2,1.0,0,4,4,5,2,0,5,1,24,2,1,2024-25,Regular Season,201142,Kevin Durant
22024,201142,0022400672,2025-01-29,PHX vs. MIN,L,40,13,19,0.684,4,8,0.5,3,4,0.75,0,2,2,7,2,4,0,3,33,-7,1,2024-25,Regular Season,201142,Kevin Durant
22024,201142,0022400685,2025-01-31,PHX @ GSW,W,29,6,13,0.462,5,9,0.556,2,4,0.5,0,6,6,3,1,1,1,2,19,16,1,2024-25,Regular Season,201142,Kevin Durant
22024,201142,0022400694,2025-02-01,PHX @ POR,L,33,9,18,0.5,1,4,0.25,3,3,1.0,0,1,1,3,0,0,3,2,22,-22,1,2024-25,Regular Season,201142,Kevin Durant
22024,201142,0022400709,2025-02-03,PHX @ POR,L,46,10,21,0.476,2,9,0.222,5,6,0.833,0,5,5,5,1,2,4,1,27,-4,1,2024-25,Regular Season,201142,Kevin Durant
22024,201142,0022400767,2025-02-11,PHX vs. MEM,L,43,12,18,0.667,3,4,0.75,7,10,0.7,0,3,3,3,1,5,1,3,34,2,1,2024-25,Regular Season,201142,Kevin Durant
22024,201142,0022400779,2025-02-12,PHX @ HOU,L,42,15,22,0.682,2,5,0.4,5,5,1.0,0,5,5,9,2,0,7,5,37,5,1,2024-25,Regular Season,201142,Kevin Durant
22024,201142,0022400795,2025-02-20,PHX @ SAS,L,39,9,13,0.692,3,6,0.5,1,2,0.5,0,5,5,2,0,0,1,0,22,-12,1,2024-25,Regular Season,201142,Kevin Durant
22024,201142,0022400806,2025-02-22,PHX @ CHI,W,38,9,15,0.6,3,6,0.5,6,6,1.0,0,10,10,5,0,1,2,0,27,6,1,2024-25,Regular Season,201142,Kevin Durant
22024,201142,0022400816,2025-02-23,PHX @ TOR,L,40,5,15,0.333,0,5,0.0,5,7,0.714,0,4,4,4,3,3,2,2,15,-14,1,2024-25,Regular Season,201142,Kevin Durant
22024,201142,0022400832,2025-02-25,PHX @ MEM,L,43,8,19,0.421,3,7,0.429,7,7,1.0,0,8,8,7,1,0,4,1,26,-9,1,2024-25,Regular Season,201142,Kevin Durant
22024,201142,0022400848,2025-02-27,PHX vs. NOP,L,36,12,23,0.522,4,13,0.308,0,0,0.0,0,5,5,2,1,1,2,2,28,-2,1,2024-25,Regular Season,201142,Kevin Durant
22024,201142,0022400857,2025-02-28,PHX vs. NOP,W,35,7,10,0.7,2,2,1.0,1,1,1.0,1,1,2,6,3,0,2,3,17,22,1,2024-25,Regular Season,201142,Kevin Durant
22024,201142,0022400873,2025-03-02,PHX vs. MIN,L,38,10,23,0.435,3,9,0.333,3,7,0.429,1,9,10,4,0,2,4,2,26,-16,1,2024-25,Regular Season,201142,Kevin Durant
22024,201142,0022400889,2025-03-04,PHX vs. LAC,W,41,10,22,0.455,4,11,0.364,10,10,1.0,0,7,7,4,1,2,2,2,34,16,1,2024-25,Regular Season,201142,Kevin Durant
22024,201142,0022400909,2025-03-07,PHX @ DEN,L,46,10,16,0.625,3,7,0.429,6,7,0.857,0,9,9,5,0,0,3,1,29,-5,1,2024-25,Regular Season,201142,Kevin Durant
22024,201142,0022400921,2025-03-09,PHX @ DAL,W,38,8,15,0.533,1,3,0.333,4,4,1.0,1,8,9,8,0,1,6,0,21,11,1,2024-25,Regular Season,201142,Kevin Durant
22024,201142,0022400935,2025-03-10,PHX @ MEM,L,41,11,24,0.458,7,9,0.778,6,6,1.0,1,4,5,5,0,1,3,3,35,-1,1,2024-25,Regular Season,201142,Kevin Durant
22024,201142,0022400949,2025-03-12,PHX @ HOU,L,37,8,12,0.667,2,2,1.0,1,2,0.5,0,7,7,0,1,1,5,1,19,-13,1,2024-25,Regular Season,201142,Kevin Durant
22024,201142,0022400967,2025-03-14,PHX vs. SAC,W,36,7,15,0.467,4,6,0.667,4,4,1.0,2,2,4,6,1,2,4,0,22,14,1,2024-25,Regular Season,201142,Kevin Durant
22024,201142,0022400977,2025-03-16,PHX @ LAL,L,37,6,17,0.353,2,7,0.286,7,10,0.7,0,9,9,2,0,0,5,3,21,-12,1,2024-25,Regular Season,201142,Kevin Durant
22024,201142,0022400991,2025-03-17,PHX vs. TOR,W,26,5,7,0.714,1,1,1.0,3,3,1.0,0,3,3,3,1,0,4,1,14,5,1,2024-25,Regular Season,201142,Kevin Durant
22024,201142,0022401007,2025-03-19,PHX vs. CHI,W,36,8,15,0.533,3,7,0.429,7,8,0.875,0,4,4,8,0,0,1,1,26,12,1,2024-25,Regular Season,201142,Kevin Durant
22024,201142,0022401021,2025-03-21,PHX vs. CLE,W,39,17,29,0.586,4,9,0.444,4,4,1.0,0,6,6,8,0,1,3,1,42,7,1,2024-25,Regular Season,201142,Kevin Durant
22024,201142,0022401043,2025-03-24,PHX vs. MIL,W,37,11,21,0.524,7,9,0.778,9,10,0.9,0,8,8,5,0,3,5,3,38,4,1,2024-25,Regular Season,201142,Kevin Durant
22024,201142,0022401058,2025-03-26,PHX vs. BOS,L,30,11,16,0.688,3,4,0.75,5,5,1.0,0,1,1,2,0,0,1,2,30,-22,1,2024-25,Regular Season,201142,Kevin Durant
22024,201142,0022401071,2025-03-28,PHX @ MIN,L,34,7,19,0.368,3,6,0.5,6,6,1.0,0,6,6,2,2,2,4,1,23,-10,1,2024-25,Regular Season,201142,Kevin Durant
22024,201142,0022401088,2025-03-30,PHX vs. HOU,L,23,5,11,0.455,1,3,0.333,0,0,0.0,1,6,7,1,1,0,1,1,11,-28,1,2024-25,Regular Season,201142,Kevin Durant
22024,203507,0022400066,2024-10-23,MIL @ PHI,W,31,8,11,0.727,0,0,0.0,9,16,0.563,1,13,14,7,0,1,3,4,25,7,1,2024-25,Regular Season,203507,Giannis Antetokounmpo
22024,203507,0022400083,2024-10-25,MIL vs. CHI,L,35,15,23,0.652,0,1,0.0,8,16,0.5,1,10,11,5,0,0,3,1,38,-12,1,2024-25,Regular Season,203507,Giannis Antetokounmpo
22024,203507,0022400098,2024-10-27,MIL @ BKN,L,33,7,11,0.636,0,0,0.0,8,11,0.727,1,11,12,7,1,1,4,3,22,-11,1,2024-25,Regular Season,203507,Giannis Antetokounmpo
22024,203507,0022400104,2024-10-28,MIL @ BOS,L,39,14,26,0.538,0,2,0.0,2,6,0.333,1,9,10,6,0,0,7,4,30,-19,1,2024-25,Regular Season,203507,Giannis Antetokounmpo
22024,203507,0022400128,2024-10-31,MIL @ MEM,L,34,17,22,0.773,0,0,0.0,3,8,0.375,1,10,11,4,1,1,1,4,37,0,1,2024-25,Regular Season,203507,Giannis Antetokounmpo
22024,203507,0022400145,2024-11-02,MIL vs. CLE,L,39,15,27,0.556,0,0,0.0,4,7,0.571,6,10,16,9,1,0,0,5,34,5,1,2024-25,Regular Season,203507,Giannis Antetokounmpo
22024,203507,0022400182,2024-11-07,MIL vs. UTA,W,30,11,21,0.524,0,0,0.0,9,12,0.75,6,10,16,2,1,1,4,5,31,27,1,2024-25,Regular Season,203507,Giannis Antetokounmpo
22024,203507,0022400189,2024-11-08,MIL @ NYK,L,32,11,21,0.524,0,1,0.0,2,6,0.333,3,9,12,2,0,2,1,2,24,-17,1,2024-25,Regular Season,203507,Giannis Antetokounmpo
22024,203507,0022400202,2024-11-10,MIL vs. BOS,L,39,18,29,0.621,1,2,0.5,6,10,0.6,1,12,13,5,0,2,1,4,43,-6,1,2024-25,Regular Season,203507,Giannis Antetokounmpo
22024,203507,0022400005,2024-11-12,MIL vs. TOR,W,33,9,12,0.75,0,1,0.0,5,9,0.556,1,3,4,7,0,4,4,2,23,1,1,2024-25,Regular Season,203507,Giannis Antetokounmpo
22024,203507,0022400223,2024-11-13,MIL vs. DET,W,44,21,34,0.618,1,2,0.5,16,17,0.941,3,11,14,7,2,3,3,1,59,7,1,2024-25,Regular Season,203507,Giannis Antetokounmpo
22024,203507,0022400229,2024-11-16,MIL @ CHA,L,33,11,22,0.5,0,1,0.0,0,1,0.0,2,13,15,12,0,2,2,2,22,-2,1,2024-25,Regular Season,203507,Giannis Antetokounmpo
22024,203507,0022400248,2024-11-18,MIL vs. HOU,W,36,9,17,0.529,0,0,0.0,2,7,0.286,2,11,13,4,0,3,8,3,20,-2,1,2024-25,Regular Season,203507,Giannis Antetokounmpo
22024,203507,0022400253,2024-11-20,MIL vs. CHI,W,35,17,24,0.708,0,1,0.0,7,14,0.5,1,8,9,8,1,0,1,1,41,7,1,2024-25,Regular Season,203507,Giannis Antetokounmpo
22024,203507,0022400029,2024-11-22,MIL vs. IND,W,35,14,21,0.667,0,0,0.0,9,11,0.818,2,8,10,11,2,1,6,4,37,16,1,2024-25,Regular Season,203507,Giannis Antetokounmpo
22024,203507,0022400268,2024-11-23,MIL vs. CHA,W,31,12,23,0.522,1,3,0.333,7,10,0.7,2,9,11,6,0,2,4,1,32,-2,1,2024-25,Regular Season,203507,Giannis Antetokounmpo
22024,203507,0022400302,2024-11-30,MIL vs. WAS,W,38,15,24,0.625,0,0,0.0,12,17,0.706,2,10,12,11,0,1,4,0,42,9,1,2024-25,Regular Season,203507,Giannis Antetokounmpo
22024,203507,0022400052,2024-12-03,MIL @ DET,W,28,10,11,0.909,0,0,0.0,8,12,0.667,1,6,7,8,0,1,6,2,28,18,1,2024-25,Regular Season,203507,Giannis Antetokounmpo
22024,203507,0022400323,2024-12-04,MIL vs. ATL,L,36,8,14,0.571,0,0,0.0,15,26,0.577,4,7,11,5,1,0,4,2,31,-11,1,2024-25,Regular Season,203507,Giannis Antetokounmpo
22024,203507,0022400335,2024-12-06,MIL @ BOS,L,36,13,25,0.52,0,1,0.0,4,6,0.667,1,10,11,1,0,0,1,0,30,-4,1,2024-25,Regular Season,203507,Giannis Antetokounmpo
22024,203507,0022400348,2024-12-08,MIL @ BKN,W,38,14,22,0.636,0,0,0.0,6,10,0.6,2,9,11,4,1,3,3,2,34,10,1,2024-25,Regular Season,203507,Giannis Antetokounmpo
22024,203507,0022401201,2024-12-10,MIL vs. ORL,W,36,15,24,0.625,0,2,0.0,7,12,0.583,1,6,7,1,2,4,6,1,37,5,1,2024-25,Regular Season,203507,Giannis Antetokounmpo
22024,203507,0022401229,2024-12-14,MIL vs. ATL,W,38,10,15,0.667,0,0,0.0,12,18,0.667,1,13,14,9,1,4,1,1,32,3,1,2024-25,Regular Season,203507,Giannis Antetokounmpo
22024,203507,0022400374,2024-12-20,MIL @ CLE,L,30,13,22,0.591,1,1,1.0,6,10,0.6,2,12,14,3,3,0,5,2,33,-19,1,2024-25,Regular Season,203507,Giannis Antetokounmpo
22024,203507,0022400450,2024-12-31,MIL @ IND,W,35,11,20,0.55,0,0,0.0,8,13,0.615,2,10,12,5,2,0,2,4,30,12,1,2024-25,Regular Season,203507,Giannis Antetokounmpo
22024,203507,0022400465,2025-01-02,MIL vs. BKN,L,37,12,24,0.5,0,0,0.0,3,10,0.3,3,10,13,7,1,3,3,4,27,12,1,2024-25,Regular Season,203507,Giannis Antetokounmpo
22024,203507,0022400483,2025-01-04,MIL vs. POR,L,38,14,27,0.519,0,1,0.0,3,4,0.75,2,9,11,2,2,2,4,2,31,-3,1,2024-25,Regular Season,203507,Giannis Antetokounmpo
22024,203507,0022400497,2025-01-06,MIL @ TOR,W,29,5,8,0.625,0,1,0.0,1,2,0.5,1,11,12,13,0,0,7,1,11,27,1,2024-25,Regular Season,203507,Giannis Antetokounmpo
22024,203507,0022400516,2025-01-08,MIL vs. SAS,W,36,11,21,0.524,0,1,0.0,3,7,0.429,3,13,16,8,0,1,4,1,25,13,1,2024-25,Regular Season,203507,Giannis Antetokounmpo
22024,203507,0022400526,2025-01-10,MIL @ ORL,W,37,19,29,0.655,0,1,0.0,3,10,0.3,3,11,14,4,3,2,3,4,41,-3,1,2024-25,Regular Season,203507,Giannis Antetokounmpo
22024,203507,0022400539,2025-01-12,MIL @ NYK,L,31,10,21,0.476,0,1,0.0,4,10,0.4,7,6,13,2,0,1,4,3,24,-20,1,2024-25,Regular Season,203507,Giannis Antetokounmpo
22024,203507,0022400558,2025-01-14,MIL vs. SAC,W,37,14,23,0.609,0,2,0.0,5,7,0.714,1,10,11,13,0,2,3,3,33,30,1,2024-25,Regular Season,203507,Giannis Antetokounmpo
22024,203507,0022400564,2025-01-15,MIL vs. ORL,W,30,11,15,0.733,0,0,0.0,4,8,0.5,0,11,11,4,1,0,6,0,26,25,1,2024-25,Regular Season,203507,Giannis Antetokounmpo
22024,203507,0022400580,2025-01-17,MIL vs. TOR,W,35,12,20,0.6,0,1,0.0,11,18,0.611,4,9,13,3,1,1,6,3,35,14,1,2024-25,Regular Season,203507,Giannis Antetokounmpo
22024,203507,0022400594,2025-01-19,MIL vs. PHI,W,36,13,17,0.765,0,0,0.0,8,14,0.571,3,12,15,6,0,0,0,2,34,25,1,2024-25,Regular Season,203507,Giannis Antetokounmpo
22024,203507,0022400624,2025-01-23,MIL vs. MIA,W,32,10,18,0.556,0,0,0.0,5,10,0.5,2,10,12,4,0,3,1,2,25,19,1,2024-25,Regular Season,203507,Giannis Antetokounmpo
22024,203507,0022400646,2025-01-25,MIL @ LAC,L,35,12,22,0.545,0,1,0.0,12,15,0.8,2,11,13,1,0,1,4,3,36,-10,1,2024-25,Regular Season,203507,Giannis Antetokounmpo
22024,203507,0022400658,2025-01-27,MIL @ UTA,W,37,16,23,0.696,0,1,0.0,3,10,0.3,1,17,18,7,2,0,2,2,35,19,1,2024-25,Regular Season,203507,Giannis Antetokounmpo
22024,203507,0022400662,2025-01-28,MIL @ POR,L,36,17,24,0.708,0,0,0.0,5,10,0.5,4,8,12,5,0,0,4,4,39,-11,1,2024-25,Regular Season,203507,Giannis Antetokounmpo
22024,203507,0022400684,2025-01-31,MIL @ SAS,L,34,13,23,0.565,0,1,0.0,9,14,0.643,4,10,14,6,0,1,2,3,35,-13,1,2024-25,Regular Season,203507,Giannis Antetokounmpo
22024,203507,0022400699,2025-02-02,MIL vs. MEM,L,37,14,21,0.667,2,3,0.667,0,6,0.0,4,7,11,7,2,1,4,3,30,-3,1,2024-25,Regular Season,203507,Giannis Antetokounmpo
22024,203507,0022400793,2025-02-20,MIL vs. LAC,W,24,10,14,0.714,0,2,0.0,3,5,0.6,0,8,8,4,0,1,3,3,23,-1,1,2024-25,Regular Season,203507,Giannis Antetokounmpo
22024,203507,0022400799,2025-02-21,MIL @ WAS,W,19,6,9,0.667,0,0,0.0,6,11,0.545,2,4,6,3,1,1,7,6,18,1,1,2024-25,Regular Season,203507,Giannis Antetokounmpo
22024,203507,0022400817,2025-02-23,MIL vs. MIA,W,32,11,18,0.611,1,2,0.5,0,0,0.0,3,13,16,7,1,1,3,2,23,16,1,2024-25,Regular Season,203507,Giannis Antetokounmpo
22024,203507,0022400831,2025-02-25,MIL @ HOU,L,32,9,17,0.529,0,1,0.0,9,12,0.75,1,9,10,6,1,1,1,2,27,1,1,2024-25,Regular Season,203507,Giannis Antetokounmpo
22024,203507,0022400846,2025-02-27,MIL vs. DEN,W,33,11,23,0.478,1,2,0.5,5,8,0.625,2,17,19,7,0,1,2,3,28,8,1,2024-25,Regular Season,203507,Giannis Antetokounmpo
22024,203507,0022400865,2025-03-01,MIL @ DAL,W,32,9,14,0.643,0,1,0.0,11,13,0.846,2,7,9,9,1,2,0,2,29,22,1,2024-25,Regular Season,203507,Giannis Antetokounmpo
22024,203507,0022400884,2025-03-04,MIL @ ATL,W,34,9,18,0.5,0,2,0.0,8,12,0.667,3,9,12,10,1,0,3,2,26,9,1,2024-25,Regular Season,203507,Giannis Antetokounmpo
22024,203507,0022400897,2025-03-05,MIL vs. DAL,W,25,13,20,0.65,0,0,0.0,6,6,1.0,4,11,15,4,1,0,3,3,32,30,1,2024-25,Regular Season,203507,Giannis Antetokounmpo
22024,203507,0022400917,2025-03-08,MIL vs. ORL,L,35,15,23,0.652,0,0,0.0,7,11,0.636,4,7,11,4,1,0,1,1,37,2,1,2024-25,Regular Season,203507,Giannis Antetokounmpo
22024,203507,0022400922,2025-03-09,MIL vs. CLE,L,34,13,24,0.542,0,0,0.0,4,8,0.5,4,5,9,3,2,0,4,1,30,-13,1,2024-25,Regular Season,203507,Giannis Antetokounmpo
22024,203507,0022400942,2025-03-11,MIL @ IND,L,34,9,14,0.643,0,1,0.0,1,3,0.333,2,15,17,7,0,1,3,3,19,10,1,2024-25,Regular Season,203507,Giannis Antetokounmpo
22024,203507,0022400955,2025-03-13,MIL vs. LAL,W,30,8,17,0.471,0,1,0.0,8,13,0.615,2,10,12,9,1,1,3,1,24,22,1,2024-25,Regular Season,203507,Giannis Antetokounmpo
22024,203507,0022400972,2025-03-15,MIL vs. IND,W,35,14,19,0.737,0,0,0.0,6,6,1.0,1,9,10,7,1,3,6,6,34,2,1,2024-25,Regular Season,203507,Giannis Antetokounmpo
22024,203507,0022400982,2025-03-16,MIL vs. OKC,L,36,7,15,0.467,0,0,0.0,7,12,0.583,3,9,12,10,1,2,1,1,21,-13,1,2024-25,Regular Season,203507,Giannis Antetokounmpo
22024,203507,0022401012,2025-03-18,MIL @ GSW,L,39,5,16,0.313,0,1,0.0,10,15,0.667,2,7,9,7,3,2,1,2,20,-7,1,2024-25,Regular Season,203507,Giannis Antetokounmpo
22024,203507,0022400996,2025-03-20,MIL @ LAL,W,29,9,15,0.6,0,0,0.0,10,12,0.833,1,6,7,4,2,1,3,1,28,19,1,2024-25,Regular Season,203507,Giannis Antetokounmpo
22024,203507,0022401027,2025-03-22,MIL @ SAC,W,35,12,20,0.6,0,0,0.0,8,13,0.615,6,11,17,3,1,1,2,2,32,-6,1,2024-25,Regular Season,203507,Giannis Antetokounmpo
22024,203507,0022401043,2025-03-24,MIL @ PHX,L,37,12,19,0.632,1,2,0.5,6,13,0.462,1,9,10,5,1,0,2,3,31,-4,1,2024-25,Regular Season,203507,Giannis Antetokounmpo
22024,203507,0022401070,2025-03-28,MIL vs. NYK,L,35,11,17,0.647,0,3,0.0,8,11,0.727,1,8,9,7,0,0,2,5,30,-6,1,2024-25,Regular Season,203507,Giannis Antetokounmpo
22024,203507,0022401083,2025-03-30,MIL vs. ATL,L,30,11,18,0.611,0,1,0.0,9,14,0.643,1,8,9,5,1,0,5,3,31,-18,1,2024-25,Regular Season,203507,Giannis Antetokounmpo
22024,203507,0022401101,2025-04-01,MIL vs. PHX,W,36,12,18,0.667,2,4,0.5,11,12,0.917,0,5,5,11,3,1,2,1,37,23,1,2024-25,Regular Season,203507,Giannis Antetokounmpo
22024,203507,0022401115,2025-04-03,MIL @ PHI,W,39,12,19,0.632,1,1,1.0,10,11,0.909,2,15,17,20,2,0,2,0,35,23,1,2024-25,Regular Season,203507,Giannis Antetokounmpo
22024,203507,0022401131,2025-04-05,MIL @ MIA,W,43,13,21,0.619,0,1,0.0,10,14,0.714,0,15,15,10,0,1,3,1,36,17,1,2024-25,Regular Season,203507,Giannis Antetokounmpo
22024,203507,0022401152,2025-04-08,MIL vs. MIN,W,38,9,15,0.6,1,2,0.5,4,11,0.364,3,10,13,10,1,1,0,0,23,26,1,2024-25,Regular Season,203507,Giannis Antetokounmpo
22024,203507,0022401161,2025-04-10,MIL vs. NOP,W,26,11,17,0.647,1,2,0.5,5,10,0.5,2,9,11,5,0,1,0,1,28,6,1,2024-25,Regular Season,203507,Giannis Antetokounmpo
22024,203507,0022401171,2025-04-11,MIL @ DET,W,38,11,22,0.5,0,2,0.0,10,11,0.909,1,10,11,15,1,2,3,0,32,22,1,2024-25,Regular Season,203507,Giannis Antetokounmpo
42024,203507,0042400131,2025-04-19,MIL @ IND,L,38,14,23,0.609,0,2,0.0,8,15,0.533,3,9,12,1,1,2,5,2,36,-18,1,2024-25,Playoffs,203507,Giannis Antetokounmpo
42024,203507,0042400132,2025-04-22,MIL @ IND,L,40,14,20,0.7,0,0,0.0,6,10,0.6,7,11,18,7,0,1,4,2,34,-11,1,2024-25,Playoffs,203507,Giannis Antetokounmpo
42024,203507,0042400133,2025-04-25,MIL vs. IND,W,32,14,19,0.737,0,0,0.0,9,10,0.9,3,9,12,6,1,0,5,2,37,24,1,2024-25,Playoffs,203507,Giannis Antetokounmpo
42024,203507,0042400134,2025-04-27,MIL vs. IND,L,34,9,20,0.45,0,1,0.0,10,11,0.909,4,11,15,6,1,0,2,1,28,-28,1,2024-25,Playoffs,203507,Giannis Antetokounmpo
42024,203507,0042400135,2025-04-29,MIL @ IND,L,44,9,17,0.529,1,2,0.5,11,17,0.647,2,18,20,13,2,2,7,5,30,-2,1,2024-25,Playoffs,203507,Giannis Antetokounmpo
22024,1629029,0022400074,2024-10-24,DAL vs. SAS,W,36,9,25,0.36,4,11,0.364,6,8,0.75,1,9,10,8,1,1,4,3,28,6,1,2024-25,Regular Season,1629029,Luka Dončić
22024,1629029,0022400095,2024-10-26,DAL @ PHX,L,39,12,25,0.48,5,13,0.385,11,12,0.917,1,9,10,4,0,1,2,4,40,-12,1,2024-25,Regular Season,1629029,Luka Dončić
22024,1629029,0022400110,2024-10-28,DAL vs. UTA,W,33,5,22,0.227,1,9,0.111,4,6,0.667,0,9,9,8,2,1,2,5,15,5,1,2024-25,Regular Season,1629029,Luka Dončić
22024,1629029,0022400114,2024-10-29,DAL @ MIN,W,40,10,27,0.37,1,8,0.125,3,4,0.75,1,7,8,8,1,0,3,2,24,3,1,2024-25,Regular Season,1629029,Luka Dončić
22024,1629029,0022400129,2024-10-31,DAL vs. HOU,L,38,12,25,0.48,3,7,0.429,2,4,0.5,0,5,5,2,1,0,1,5,29,-2,1,2024-25,Regular Season,1629029,Luka Dončić
22024,1629029,0022400153,2024-11-03,DAL vs. ORL,W,32,11,22,0.5,5,13,0.385,5,7,0.714,1,8,9,7,0,0,4,3,32,21,1,2024-25,Regular Season,1629029,Luka Dončić
22024,1629029,0022400165,2024-11-04,DAL vs. IND,L,42,9,24,0.375,4,10,0.4,12,15,0.8,0,7,7,15,2,0,2,3,34,-3,1,2024-25,Regular Season,1629029,Luka Dončić
22024,1629029,0022400176,2024-11-06,DAL vs. CHI,W,32,8,19,0.421,3,8,0.375,8,9,0.889,0,7,7,13,4,0,5,3,27,35,1,2024-25,Regular Season,1629029,Luka Dončić
22024,1629029,0022400190,2024-11-08,DAL vs. PHX,L,42,11,25,0.44,5,12,0.417,3,3,1.0,0,7,7,7,1,0,3,3,30,-4,1,2024-25,Regular Season,1629029,Luka Dončić
22024,1629029,0022400208,2024-11-10,DAL @ DEN,L,41,9,19,0.474,2,8,0.25,4,6,0.667,1,8,9,9,1,1,5,2,24,5,1,2024-25,Regular Season,1629029,Luka Dončić
22024,1629029,0022400007,2024-11-12,DAL @ GSW,L,41,13,27,0.481,2,10,0.2,3,3,1.0,0,8,8,6,3,0,5,2,31,2,1,2024-25,Regular Season,1629029,Luka Dončić
22024,1629029,0022400228,2024-11-14,DAL @ UTA,L,38,13,25,0.52,4,13,0.308,7,7,1.0,1,6,7,9,1,0,3,0,37,-8,1,2024-25,Regular Season,1629029,Luka Dončić
22024,1629029,0022400232,2024-11-16,DAL vs. SAS,W,28,6,16,0.375,3,9,0.333,1,3,0.333,2,4,6,6,2,0,4,4,16,15,1,2024-25,Regular Season,1629029,Luka Dončić
22024,1629029,0022400024,2024-11-19,DAL vs. NOP,W,30,10,16,0.625,3,8,0.375,3,5,0.6,0,5,5,5,3,1,3,0,26,28,1,2024-25,Regular Season,1629029,Luka Dončić
22024,1629029,0022400312,2024-12-01,DAL @ POR,W,36,15,24,0.625,4,10,0.4,2,4,0.5,0,7,7,13,3,0,3,2,36,1,1,2024-25,Regular Season,1629029,Luka Dončić
22024,1629029,0022400056,2024-12-03,DAL vs. MEM,W,40,11,22,0.5,5,9,0.556,10,16,0.625,3,9,12,4,4,1,3,4,37,16,1,2024-25,Regular Season,1629029,Luka Dončić
22024,1629029,0022400326,2024-12-05,DAL @ WAS,W,32,7,17,0.412,3,10,0.3,4,5,0.8,0,10,10,10,2,1,4,2,21,36,1,2024-25,Regular Season,1629029,Luka Dončić
22024,1629029,0022400344,2024-12-07,DAL @ TOR,W,38,9,20,0.45,6,13,0.462,6,6,1.0,0,13,13,11,4,0,4,4,30,10,1,2024-25,Regular Season,1629029,Luka Dončić
22024,1629029,0022401203,2024-12-10,DAL @ OKC,L,40,5,15,0.333,2,8,0.25,4,5,0.8,1,10,11,5,4,0,6,3,16,-14,1,2024-25,Regular Season,1629029,Luka Dončić
22024,1629029,0022401228,2024-12-15,DAL @ GSW,W,38,16,23,0.696,6,11,0.545,7,9,0.778,2,9,11,13,3,2,3,1,45,18,1,2024-25,Regular Season,1629029,Luka Dončić
22024,1629029,0022400401,2024-12-23,DAL vs. POR,W,30,10,19,0.526,1,7,0.143,6,8,0.75,1,6,7,7,1,0,3,2,27,16,1,2024-25,Regular Season,1629029,Luka Dončić
22024,1629029,0022400406,2024-12-25,DAL vs. MIN,L,16,5,9,0.556,3,5,0.6,1,1,1.0,1,4,5,2,1,0,3,1,14,-6,1,2024-25,Regular Season,1629029,Luka Dončić
22024,1629029,0022400768,2025-02-10,LAL vs. UTA,W,24,5,14,0.357,1,7,0.143,3,3,1.0,1,4,5,4,0,0,1,3,14,15,1,2024-25,Regular Season,1629029,Luka Dončić
22024,1629029,0022400781,2025-02-12,LAL @ UTA,L,23,6,13,0.462,3,8,0.375,1,5,0.2,1,3,4,4,1,1,5,5,16,-19,1,2024-25,Regular Season,1629029,Luka Dončić
22024,1629029,0022400524,2025-02-19,LAL vs. CHA,L,33,5,18,0.278,1,9,0.111,3,4,0.75,1,10,11,8,1,0,6,5,14,13,1,2024-25,Regular Season,1629029,Luka Dončić
22024,1629029,0022400808,2025-02-22,LAL @ DEN,W,31,10,22,0.455,4,9,0.444,8,8,1.0,1,9,10,7,4,1,1,0,32,20,1,2024-25,Regular Season,1629029,Luka Dončić
22024,1629029,0022400835,2025-02-25,LAL vs. DAL,W,35,6,17,0.353,1,7,0.143,6,8,0.75,2,13,15,12,3,2,2,2,19,8,1,2024-25,Regular Season,1629029,Luka Dončić
22024,1629029,0022400849,2025-02-27,LAL vs. MIN,W,36,6,20,0.3,1,9,0.111,8,12,0.667,2,11,13,5,0,0,3,2,21,0,1,2024-25,Regular Season,1629029,Luka Dončić
22024,1629029,0022400859,2025-02-28,LAL vs. LAC,W,35,9,22,0.409,3,9,0.333,10,11,0.909,1,1,2,5,3,0,6,5,31,-13,1,2024-25,Regular Season,1629029,Luka Dončić
22024,1629029,0022400874,2025-03-02,LAL vs. LAC,W,37,9,17,0.529,5,12,0.417,6,9,0.667,0,6,6,9,2,0,6,2,29,19,1,2024-25,Regular Season,1629029,Luka Dončić
22024,1629029,0022400890,2025-03-04,LAL vs. NOP,W,34,9,19,0.474,6,13,0.462,6,11,0.545,1,7,8,15,1,1,5,0,30,37,1,2024-25,Regular Season,1629029,Luka Dončić
22024,1629029,0022400903,2025-03-06,LAL vs. NYK,W,43,9,23,0.391,4,12,0.333,10,12,0.833,0,7,7,12,4,0,5,5,32,16,1,2024-25,Regular Season,1629029,Luka Dončić
22024,1629029,0022400918,2025-03-08,LAL @ BOS,L,37,11,22,0.5,5,10,0.5,7,8,0.875,1,7,8,3,1,0,5,2,34,-19,1,2024-25,Regular Season,1629029,Luka Dončić
22024,1629029,0022400930,2025-03-10,LAL @ BKN,L,41,8,26,0.308,3,10,0.3,3,4,0.75,1,11,12,12,2,0,5,1,22,3,1,2024-25,Regular Season,1629029,Luka Dončić
22024,1629029,0022400955,2025-03-13,LAL @ MIL,L,36,14,27,0.519,7,13,0.538,10,12,0.833,1,10,11,3,2,1,6,2,45,-16,1,2024-25,Regular Season,1629029,Luka Dončić
22024,1629029,0022400977,2025-03-16,LAL vs. PHX,W,40,8,20,0.4,4,11,0.364,13,14,0.929,1,10,11,8,2,0,4,4,33,16,1,2024-25,Regular Season,1629029,Luka Dončić
22024,1629029,0022400537,2025-03-17,LAL vs. SAS,W,34,5,20,0.25,1,7,0.143,10,13,0.769,2,7,9,14,3,1,3,1,21,19,1,2024-25,Regular Season,1629029,Luka Dončić
22024,1629029,0022401006,2025-03-19,LAL vs. DEN,W,32,10,21,0.476,4,9,0.444,7,10,0.7,0,8,8,7,2,1,6,3,31,20,1,2024-25,Regular Season,1629029,Luka Dončić
22024,1629029,0022401028,2025-03-22,LAL vs. CHI,L,32,10,18,0.556,8,13,0.615,6,8,0.75,4,4,8,6,0,0,7,1,34,-9,1,2024-25,Regular Season,1629029,Luka Dončić
22024,1629029,0022401038,2025-03-24,LAL @ ORL,L,38,9,23,0.391,4,10,0.4,10,11,0.909,0,7,7,7,1,0,3,2,32,-9,1,2024-25,Regular Season,1629029,Luka Dončić
22024,1629029,0022401055,2025-03-26,LAL @ IND,W,38,11,21,0.524,6,10,0.6,6,7,0.857,0,7,7,7,0,1,3,2,34,-16,1,2024-25,Regular Season,1629029,Luka Dončić
22024,1629029,0022401063,2025-03-27,LAL @ CHI,L,38,8,22,0.364,4,12,0.333,5,6,0.833,0,10,10,8,2,1,1,0,25,-1,1,2024-25,Regular Season,1629029,Luka Dončić
22024,1629029,0022401078,2025-03-29,LAL @ MEM,W,38,8,18,0.444,2,9,0.222,11,12,0.917,0,8,8,9,2,0,3,3,29,11,1,2024-25,Regular Season,1629029,Luka Dončić
22024,1629029,0022401096,2025-03-31,LAL vs. HOU,W,38,6,16,0.375,1,7,0.143,7,9,0.778,0,6,6,9,2,0,3,5,20,7,1,2024-25,Regular Season,1629029,Luka Dončić
22024,1629029,0022401117,2025-04-03,LAL vs. GSW,L,38,6,17,0.353,0,6,0.0,7,7,1.0,2,6,8,7,0,1,1,3,19,-3,1,2024-25,Regular Season,1629029,Luka Dončić
22024,1629029,0022401126,2025-04-04,LAL vs. NOP,W,36,10,21,0.476,4,10,0.4,11,11,1.0,0,6,6,6,0,0,2,2,35,12,1,2024-25,Regular Season,1629029,Luka Dončić
22024,1629029,0022401135,2025-04-06,LAL @ OKC,W,37,11,20,0.55,5,11,0.455,3,4,0.75,1,6,7,6,2,0,2,2,30,18,1,2024-25,Regular Season,1629029,Luka Dončić
22024,1629029,0022401153,2025-04-08,LAL @ OKC,L,31,7,15,0.467,3,7,0.429,6,7,0.857,0,3,3,5,0,1,3,1,23,6,1,2024-25,Regular Season,1629029,Luka Dončić
22024,1629029,0022401159,2025-04-09,LAL @ DAL,W,38,16,28,0.571,7,10,0.7,6,9,0.667,1,7,8,6,4,0,3,4,45,26,1,2024-25,Regular Season,1629029,Luka Dončić
22024,1629029,0022401185,2025-04-11,LAL vs. HOU,W,31,13,19,0.684,5,9,0.556,8,14,0.571,0,8,8,7,1,0,4,1,39,15,1,2024-25,Regular Season,1629029,Luka Dončić
42024,1629029,0042400161,2025-04-19,LAL vs. MIN,L,40,12,22,0.545,5,10,0.5,8,9,0.889,1,7,8,1,2,0,5,3,37,-12,1,2024-25,Playoffs,1629029,Luka Dončić
42024,1629029,0042400162,2025-04-22,LAL vs. MIN,W,42,9,20,0.45,2,8,0.25,11,11,1.0,1,11,12,9,0,1,4,3,31,12,1,2024-25,Playoffs,1629029,Luka Dončić
42024,1629029,0042400163,2025-04-25,LAL @ MIN,L,40,6,16,0.375,2,8,0.25,3,4,0.75,0,7,7,8,1,1,5,3,17,-16,1,2024-25,Playoffs,1629029,Luka Dončić
42024,1629029,0042400164,2025-04-27,LAL @ MIN,L,46,13,28,0.464,5,12,0.417,7,7,1.0,0,1,1,2,1,1,4,3,38,-3,1,2024-25,Playoffs,1629029,Luka Dončić
42024,1629029,0042400165,2025-04-30,LAL vs. MIN,L,40,7,18,0.389,2,8,0.25,12,15,0.8,0,7,7,9,1,0,2,4,28,-5,1,2024-25,Playoffs,1629029,Luka Dončić
22024,1628369,0022400061,2024-10-22,BOS vs. NYK,W,30,14,18,0.778,8,11,0.727,1,2,0.5,0,4,4,10,1,1,1,1,37,26,1,2024-25,Regular Season,1628369,Jayson Tatum
22024,1628369,0022400073,2024-10-24,BOS @ WAS,W,29,9,20,0.45,3,11,0.273,4,7,0.571,2,9,11,6,1,0,1,1,25,14,1,2024-25,Regular Season,1628369,Jayson Tatum
22024,1628369,0022400089,2024-10-26,BOS @ DET,W,38,12,26,0.462,6,13,0.462,7,9,0.778,1,3,4,2,2,1,1,5,37,1,1,2024-25,Regular Season,1628369,Jayson Tatum
22024,1628369,0022400104,2024-10-28,BOS vs. MIL,W,36,6,16,0.375,1,8,0.125,2,2,1.0,0,8,8,4,2,1,3,5,15,18,1,2024-25,Regular Season,1628369,Jayson Tatum
22024,1628369,0022400119,2024-10-30,BOS @ IND,L,43,10,25,0.4,5,18,0.278,12,15,0.8,1,7,8,4,4,0,3,3,37,-7,1,2024-25,Regular Season,1628369,Jayson Tatum
22024,1628369,0022400132,2024-11-01,BOS @ CHA,W,36,9,19,0.474,3,9,0.333,11,13,0.846,1,10,11,3,3,1,5,1,32,16,1,2024-25,Regular Season,1628369,Jayson Tatum
22024,1628369,0022400141,2024-11-02,BOS @ CHA,W,34,7,15,0.467,1,9,0.111,14,17,0.824,0,7,7,3,0,0,5,3,29,4,1,2024-25,Regular Season,1628369,Jayson Tatum
22024,1628369,0022400157,2024-11-04,BOS @ ATL,W,30,10,21,0.476,6,14,0.429,2,3,0.667,0,6,6,9,2,0,1,0,28,27,1,2024-25,Regular Season,1628369,Jayson Tatum
22024,1628369,0022400172,2024-11-06,BOS vs. GSW,L,37,10,20,0.5,5,10,0.5,7,9,0.778,0,4,4,2,1,1,4,3,32,-5,1,2024-25,Regular Season,1628369,Jayson Tatum
22024,1628369,0022400187,2024-11-08,BOS vs. BKN,W,42,11,25,0.44,5,13,0.385,6,7,0.857,0,9,9,6,2,1,3,3,33,10,1,2024-25,Regular Season,1628369,Jayson Tatum
22024,1628369,0022400202,2024-11-10,BOS @ MIL,W,40,7,21,0.333,4,12,0.333,13,15,0.867,0,12,12,6,0,0,5,3,31,9,1,2024-25,Regular Season,1628369,Jayson Tatum
22024,1628369,0022400001,2024-11-12,BOS vs. ATL,L,37,5,16,0.313,2,9,0.222,8,8,1.0,0,6,6,8,1,2,5,3,20,4,1,2024-25,Regular Season,1628369,Jayson Tatum
22024,1628369,0022400218,2024-11-13,BOS @ BKN,W,35,12,19,0.632,5,6,0.833,7,9,0.778,1,8,9,10,0,0,1,3,36,24,1,2024-25,Regular Season,1628369,Jayson Tatum
22024,1628369,0022400230,2024-11-16,BOS vs. TOR,W,42,7,19,0.368,5,12,0.417,5,5,1.0,0,11,11,9,0,0,2,3,24,1,1,2024-25,Regular Season,1628369,Jayson Tatum
22024,1628369,0022400021,2024-11-19,BOS vs. CLE,W,38,11,22,0.5,6,10,0.6,5,7,0.714,0,12,12,7,2,0,4,3,33,2,1,2024-25,Regular Season,1628369,Jayson Tatum
22024,1628369,0022400028,2024-11-22,BOS @ WAS,W,37,6,19,0.316,0,10,0.0,4,6,0.667,1,8,9,8,2,0,3,2,16,20,1,2024-25,Regular Season,1628369,Jayson Tatum
22024,1628369,0022400271,2024-11-24,BOS vs. MIN,W,38,8,21,0.381,5,12,0.417,5,6,0.833,0,8,8,4,2,0,1,4,26,7,1,2024-25,Regular Season,1628369,Jayson Tatum
22024,1628369,0022400281,2024-11-25,BOS vs. LAC,W,30,7,15,0.467,2,6,0.333,4,6,0.667,1,8,9,4,0,2,3,1,20,15,1,2024-25,Regular Season,1628369,Jayson Tatum
22024,1628369,0022400047,2024-11-29,BOS @ CHI,W,36,12,18,0.667,4,8,0.5,7,10,0.7,1,13,14,5,1,1,3,0,35,13,1,2024-25,Regular Season,1628369,Jayson Tatum
22024,1628369,0022400307,2024-12-01,BOS @ CLE,L,38,12,27,0.444,4,9,0.444,5,5,1.0,0,8,8,4,1,1,2,2,33,1,1,2024-25,Regular Season,1628369,Jayson Tatum
22024,1628369,0022400316,2024-12-02,BOS vs. MIA,W,36,7,21,0.333,3,12,0.25,1,1,1.0,1,10,11,4,1,0,6,2,18,13,1,2024-25,Regular Season,1628369,Jayson Tatum
22024,1628369,0022400335,2024-12-06,BOS vs. MIL,W,37,12,20,0.6,4,10,0.4,6,8,0.75,1,9,10,5,0,0,1,4,34,14,1,2024-25,Regular Season,1628369,Jayson Tatum
22024,1628369,0022400345,2024-12-07,BOS vs. MEM,L,38,6,21,0.286,1,10,0.1,4,5,0.8,1,12,13,9,0,0,1,2,17,-3,1,2024-25,Regular Season,1628369,Jayson Tatum
22024,1628369,0022401217,2024-12-15,BOS @ WAS,W,35,12,26,0.462,2,9,0.222,2,2,1.0,1,11,12,2,0,0,4,4,28,4,1,2024-25,Regular Season,1628369,Jayson Tatum
22024,1628369,0022400363,2024-12-19,BOS vs. CHI,L,37,10,22,0.455,4,11,0.364,7,9,0.778,0,10,10,4,2,0,1,4,31,0,1,2024-25,Regular Season,1628369,Jayson Tatum
22024,1628369,0022400381,2024-12-21,BOS @ CHI,W,36,16,24,0.667,9,15,0.6,2,2,1.0,1,14,15,10,0,0,4,2,43,13,1,2024-25,Regular Season,1628369,Jayson Tatum
22024,1628369,0022400407,2024-12-25,BOS vs. PHI,L,42,11,20,0.55,4,8,0.5,6,7,0.857,2,13,15,4,1,1,3,2,32,5,1,2024-25,Regular Season,1628369,Jayson Tatum
22024,1628369,0022400420,2024-12-27,BOS vs. IND,W,32,7,15,0.467,3,10,0.3,5,6,0.833,1,12,13,4,3,0,1,2,22,21,1,2024-25,Regular Season,1628369,Jayson Tatum
22024,1628369,0022400437,2024-12-29,BOS vs. IND,L,41,8,17,0.471,2,10,0.2,4,5,0.8,2,7,9,6,3,1,3,3,22,-21,1,2024-25,Regular Season,1628369,Jayson Tatum
22024,1628369,0022400449,2024-12-31,BOS vs. TOR,W,29,6,13,0.462,4,9,0.444,7,11,0.636,0,8,8,3,1,0,3,2,23,38,1,2024-25,Regular Season,1628369,Jayson Tatum
22024,1628369,0022400464,2025-01-02,BOS @ MIN,W,38,13,27,0.481,6,17,0.353,1,2,0.5,0,8,8,9,3,0,2,2,33,3,1,2024-25,Regular Season,1628369,Jayson Tatum
22024,1628369,0022400471,2025-01-03,BOS @ HOU,W,33,7,19,0.368,4,10,0.4,2,2,1.0,1,5,6,5,1,0,3,1,20,11,1,2024-25,Regular Season,1628369,Jayson Tatum
22024,1628369,0022400487,2025-01-05,BOS @ OKC,L,39,7,17,0.412,2,6,0.333,10,12,0.833,1,9,10,1,2,0,2,1,26,-12,1,2024-25,Regular Season,1628369,Jayson Tatum
22024,1628369,0022400507,2025-01-07,BOS @ DEN,W,38,11,23,0.478,1,9,0.111,6,6,1.0,0,4,4,6,1,2,2,2,29,23,1,2024-25,Regular Season,1628369,Jayson Tatum
22024,1628369,0022400528,2025-01-10,BOS vs. SAC,L,35,5,13,0.385,3,7,0.429,2,3,0.667,0,12,12,5,0,0,8,3,15,-11,1,2024-25,Regular Season,1628369,Jayson Tatum
22024,1628369,0022400542,2025-01-12,BOS vs. NOP,W,36,14,30,0.467,2,10,0.2,8,10,0.8,3,8,11,1,1,1,3,1,38,-9,1,2024-25,Regular Season,1628369,Jayson Tatum
22024,1628369,0022400562,2025-01-15,BOS @ TOR,L,36,5,15,0.333,3,9,0.333,3,5,0.6,1,9,10,7,0,1,1,2,16,-1,1,2024-25,Regular Season,1628369,Jayson Tatum
22024,1628369,0022400577,2025-01-17,BOS vs. ORL,W,35,12,21,0.571,4,9,0.444,2,3,0.667,0,6,6,4,2,1,1,2,30,24,1,2024-25,Regular Season,1628369,Jayson Tatum
22024,1628369,0022400587,2025-01-18,BOS vs. ATL,L,43,7,21,0.333,2,9,0.222,7,8,0.875,0,8,8,7,3,0,3,2,23,0,1,2024-25,Regular Season,1628369,Jayson Tatum
22024,1628369,0022400604,2025-01-20,BOS @ GSW,W,28,9,20,0.45,3,10,0.3,1,1,1.0,0,9,9,7,2,0,3,1,22,28,1,2024-25,Regular Season,1628369,Jayson Tatum
22024,1628369,0022400620,2025-01-22,BOS @ LAC,W,43,9,22,0.409,4,13,0.308,2,3,0.667,0,7,7,8,1,2,5,1,24,1,1,2024-25,Regular Season,1628369,Jayson Tatum
22024,1628369,0022400629,2025-01-23,BOS @ LAL,L,30,5,12,0.417,2,6,0.333,4,7,0.571,0,6,6,5,1,1,2,1,16,-13,1,2024-25,Regular Season,1628369,Jayson Tatum
22024,1628369,0022400635,2025-01-25,BOS @ DAL,W,35,8,22,0.364,4,12,0.333,4,4,1.0,0,6,6,3,1,0,3,5,24,-4,1,2024-25,Regular Season,1628369,Jayson Tatum
22024,1628369,0022400650,2025-01-27,BOS vs. HOU,L,42,5,14,0.357,1,7,0.143,8,8,1.0,2,4,6,7,0,0,3,0,19,11,1,2024-25,Regular Season,1628369,Jayson Tatum
22024,1628369,0022400666,2025-01-29,BOS vs. CHI,W,32,5,15,0.333,2,6,0.333,4,4,1.0,0,8,8,5,0,0,3,1,16,14,1,2024-25,Regular Season,1628369,Jayson Tatum
22024,1628369,0022400683,2025-01-31,BOS @ NOP,W,39,10,21,0.476,4,10,0.4,3,5,0.6,1,5,6,10,1,0,5,2,27,4,1,2024-25,Regular Season,1628369,Jayson Tatum
22024,1628369,0022400698,2025-02-02,BOS @ PHI,W,44,13,20,0.65,5,8,0.625,4,5,0.8,0,7,7,11,1,1,3,3,35,2,1,2024-25,Regular Season,1628369,Jayson Tatum
22024,1628369,0022400710,2025-02-04,BOS @ CLE,W,35,7,23,0.304,3,11,0.273,5,6,0.833,0,4,4,7,2,2,1,0,22,1,1,2024-25,Regular Season,1628369,Jayson Tatum
22024,1628369,0022400728,2025-02-06,BOS vs. DAL,L,29,5,12,0.417,3,5,0.6,4,5,0.8,2,2,4,4,0,1,4,2,17,-22,1,2024-25,Regular Season,1628369,Jayson Tatum
22024,1628369,0022400748,2025-02-08,BOS @ NYK,W,37,13,26,0.5,7,14,0.5,7,9,0.778,0,6,6,4,0,0,1,1,40,18,1,2024-25,Regular Season,1628369,Jayson Tatum
22024,1628369,0022400759,2025-02-10,BOS @ MIA,W,38,13,26,0.5,4,12,0.333,3,3,1.0,0,8,8,2,0,1,0,1,33,6,1,2024-25,Regular Season,1628369,Jayson Tatum
22024,1628369,0022400769,2025-02-12,BOS vs. SAS,W,38,12,25,0.48,4,14,0.286,4,8,0.5,1,13,14,7,0,1,2,3,32,12,1,2024-25,Regular Season,1628369,Jayson Tatum
22024,1628369,0022400789,2025-02-20,BOS @ PHI,W,35,5,13,0.385,2,7,0.286,3,3,1.0,0,11,11,10,1,0,3,1,15,19,1,2024-25,Regular Season,1628369,Jayson Tatum
22024,1628369,0022400811,2025-02-23,BOS vs. NYK,W,37,8,20,0.4,3,10,0.3,6,6,1.0,0,10,10,9,1,0,3,3,25,12,1,2024-25,Regular Season,1628369,Jayson Tatum
22024,1628369,0022400829,2025-02-25,BOS @ TOR,W,40,7,18,0.389,3,12,0.25,2,2,1.0,1,5,6,11,1,0,6,2,19,20,1,2024-25,Regular Season,1628369,Jayson Tatum
22024,1628369,0022400836,2025-02-26,BOS @ DET,L,33,10,19,0.526,4,9,0.444,3,4,0.75,1,5,6,3,0,0,4,1,27,-11,1,2024-25,Regular Season,1628369,Jayson Tatum
22024,1628369,0022400852,2025-02-28,BOS vs. CLE,L,41,19,37,0.514,4,12,0.333,4,5,0.8,5,11,16,9,0,3,3,4,46,5,1,2024-25,Regular Season,1628369,Jayson Tatum
22024,1628369,0022400866,2025-03-02,BOS vs. DEN,W,38,4,15,0.267,1,7,0.143,7,8,0.875,0,11,11,7,0,0,6,5,16,-2,1,2024-25,Regular Season,1628369,Jayson Tatum
22024,1628369,0022400900,2025-03-06,BOS vs. PHI,W,31,14,23,0.609,5,11,0.455,2,2,1.0,1,6,7,2,3,0,4,2,35,19,1,2024-25,Regular Season,1628369,Jayson Tatum
22024,1628369,0022400918,2025-03-08,BOS vs. LAL,W,45,12,28,0.429,6,16,0.375,10,12,0.833,1,11,12,8,2,1,3,3,40,12,1,2024-25,Regular Season,1628369,Jayson Tatum
22024,1628369,0022400946,2025-03-12,BOS vs. OKC,L,41,12,23,0.522,4,13,0.308,5,5,1.0,2,6,8,8,0,0,4,2,33,4,1,2024-25,Regular Season,1628369,Jayson Tatum
22024,1628369,0022400958,2025-03-14,BOS @ MIA,W,37,8,21,0.381,5,12,0.417,7,7,1.0,0,4,4,5,1,0,5,2,28,10,1,2024-25,Regular Season,1628369,Jayson Tatum
22024,1628369,0022400968,2025-03-15,BOS @ BKN,W,36,8,19,0.421,1,7,0.143,3,3,1.0,0,8,8,8,0,0,2,3,20,-15,1,2024-25,Regular Season,1628369,Jayson Tatum
22024,1628369,0022401020,2025-03-21,BOS @ UTA,W,33,11,25,0.44,3,10,0.3,1,1,1.0,0,6,6,6,3,0,6,1,26,18,1,2024-25,Regular Season,1628369,Jayson Tatum
22024,1628369,0022401034,2025-03-23,BOS @ POR,W,37,11,24,0.458,1,7,0.143,7,7,1.0,2,7,9,9,1,2,3,2,30,16,1,2024-25,Regular Season,1628369,Jayson Tatum
22024,1628369,0022401044,2025-03-24,BOS @ SAC,W,26,8,15,0.533,5,9,0.556,4,8,0.5,0,7,7,8,0,0,3,1,25,13,1,2024-25,Regular Season,1628369,Jayson Tatum
22024,1628369,0022401080,2025-03-29,BOS @ SAS,W,36,10,22,0.455,2,9,0.222,7,7,1.0,1,9,10,8,0,1,1,1,29,9,1,2024-25,Regular Season,1628369,Jayson Tatum
22024,1628369,0022401093,2025-03-31,BOS @ MEM,W,38,10,24,0.417,2,11,0.182,3,3,1.0,2,12,14,2,0,1,4,0,25,9,1,2024-25,Regular Season,1628369,Jayson Tatum
22024,1628369,0022401106,2025-04-02,BOS vs. MIA,L,32,4,17,0.235,2,9,0.222,6,7,0.857,0,3,3,7,1,0,2,3,16,-11,1,2024-25,Regular Season,1628369,Jayson Tatum
22024,1628369,0022401120,2025-04-04,BOS vs. PHX,W,35,9,18,0.5,1,8,0.125,4,5,0.8,0,8,8,8,1,1,2,2,23,12,1,2024-25,Regular Season,1628369,Jayson Tatum
22024,1628369,0022401151,2025-04-08,BOS @ NYK,W,48,11,22,0.5,4,11,0.364,6,8,0.75,0,7,7,5,1,1,2,2,32,2,1,2024-25,Regular Season,1628369,Jayson Tatum
22024,1628369,0022401174,2025-04-11,BOS vs. CHA,W,32,6,17,0.353,3,10,0.3,1,1,1.0,1,7,8,8,0,0,0,4,16,23,1,2024-25,Regular Season,1628369,Jayson Tatum
42024,1628369,0042400111,2025-04-20,BOS vs. ORL,W,40,8,22,0.364,1,8,0.125,0,4,0.0,2,12,14,4,1,1,0,4,17,23,1,2024-25,Playoffs,1628369,Jayson Tatum
42024,1628369,0042400113,2025-04-25,BOS @ ORL,L,39,10,22,0.455,4,10,0.4,12,12,1.0,2,7,9,4,1,1,7,1,36,2,1,2024-25,Playoffs,1628369,Jayson Tatum
42024,1628369,0042400114,2025-04-27,BOS @ ORL,W,42,10,25,0.4,3,10,0.3,14,14,1.0,3,11,14,3,3,0,2,3,37,6,1,2024-25,Playoffs,1628369,Jayson Tatum
42024,1628369,0042400115,2025-04-29,BOS vs. ORL,W,34,10,16,0.625,4,5,0.8,11,11,1.0,0,8,8,10,1,0,2,2,35,34,1,2024-25,Playoffs,1628369,Jayson Tatum
42024,1628369,0042400211,2025-05-05,BOS vs. NYK,L,44,7,23,0.304,4,15,0.267,5,7,0.714,0,16,16,6,2,1,5,2,23,-5,1,2024-25,Playoffs,1628369,Jayson Tatum
42024,1628369,0042400212,2025-05-07,BOS vs. NYK,L,42,5,19,0.263,1,5,0.2,2,2,1.0,1,13,14,5,3,1,3,2,13,3,1,2024-25,Playoffs,1628369,Jayson Tatum
42024,1628369,0042400213,2025-05-10,BOS @ NYK,W,40,8,20,0.4,5,9,0.556,1,1,1.0,1,8,9,7,2,0,3,4,22,23,1,2024-25,Playoffs,1628369,Jayson Tatum
42024,1628369,0042400214,2025-05-12,BOS @ NYK,L,40,16,28,0.571,7,16,0.438,3,3,1.0,0,8,8,4,4,2,4,3,42,-9,1,2024-25,Playoffs,1628369,Jayson Tatum
22024,203954,0022400004,2024-11-12,PHI vs. NYK,L,26,2,11,0.182,1,5,0.2,8,8,1.0,1,2,3,5,0,1,2,3,13,-7,1,2024-25,Regular Season,203954,Joel Embiid
22024,203954,0022400010,2024-11-15,PHI @ ORL,L,33,5,15,0.333,0,5,0.0,10,10,1.0,1,7,8,2,1,1,6,2,20,-9,1,2024-25,Regular Season,203954,Joel Embiid
22024,203954,0022400245,2024-11-18,PHI @ MIA,L,31,5,11,0.455,1,3,0.333,0,0,0.0,1,7,8,5,0,1,2,1,11,-22,1,2024-25,Regular Season,203954,Joel Embiid
22024,203954,0022400255,2024-11-20,PHI @ MEM,L,35,10,21,0.476,1,5,0.2,14,14,1.0,2,9,11,2,1,1,3,5,35,7,1,2024-25,Regular Season,203954,Joel Embiid
22024,203954,0022400347,2024-12-08,PHI @ CHI,W,33,13,28,0.464,0,5,0.0,5,6,0.833,3,9,12,4,0,2,6,4,31,16,1,2024-25,Regular Season,203954,Joel Embiid
22024,203954,0022401209,2024-12-13,PHI vs. IND,L,17,4,9,0.444,1,2,0.5,3,4,0.75,1,3,4,5,0,0,1,0,12,-11,1,2024-25,Regular Season,203954,Joel Embiid
22024,203954,0022400373,2024-12-20,PHI vs. CHA,W,31,12,24,0.5,2,4,0.5,8,9,0.889,3,2,5,9,2,2,4,1,34,18,1,2024-25,Regular Season,203954,Joel Embiid
22024,203954,0022400394,2024-12-23,PHI vs. SAS,W,14,2,8,0.25,1,4,0.25,4,4,1.0,0,3,3,1,2,0,2,3,9,1,1,2024-25,Regular Season,203954,Joel Embiid
22024,203954,0022400407,2024-12-25,PHI @ BOS,W,31,8,15,0.533,4,5,0.8,7,7,1.0,1,8,9,2,0,0,2,3,27,-18,1,2024-25,Regular Season,203954,Joel Embiid
22024,203954,0022400433,2024-12-28,PHI @ UTA,W,35,10,21,0.476,1,4,0.25,11,13,0.846,2,3,5,4,4,3,4,1,32,8,1,2024-25,Regular Season,203954,Joel Embiid
22024,203954,0022400447,2024-12-30,PHI @ POR,W,36,12,21,0.571,1,1,1.0,12,13,0.923,3,6,9,3,0,0,4,2,37,26,1,2024-25,Regular Season,203954,Joel Embiid
22024,203954,0022400467,2025-01-02,PHI @ GSW,L,31,8,19,0.421,1,3,0.333,11,14,0.786,3,11,14,2,1,2,2,2,28,-25,1,2024-25,Regular Season,203954,Joel Embiid
22024,203954,0022400478,2025-01-04,PHI @ BKN,W,29,8,16,0.5,2,3,0.667,10,10,1.0,1,11,12,6,0,0,3,2,28,22,1,2024-25,Regular Season,203954,Joel Embiid
22024,203954,0022400712,2025-02-04,PHI vs. DAL,W,36,12,23,0.522,1,4,0.25,4,9,0.444,4,7,11,10,1,0,5,2,29,-12,1,2024-25,Regular Season,203954,Joel Embiid
22024,203954,0022400738,2025-02-07,PHI @ DET,L,30,7,18,0.389,1,4,0.25,8,10,0.8,0,7,7,6,0,2,2,3,23,-19,1,2024-25,Regular Season,203954,Joel Embiid
22024,203954,0022400754,2025-02-09,PHI @ MIL,L,30,7,14,0.5,4,7,0.571,9,10,0.9,2,10,12,6,1,1,5,4,27,-6,1,2024-25,Regular Season,203954,Joel Embiid
22024,203954,0022400764,2025-02-11,PHI vs. TOR,L,38,8,19,0.421,1,5,0.2,10,13,0.769,5,7,12,4,1,1,4,1,27,1,1,2024-25,Regular Season,203954,Joel Embiid
22024,203954,0022400789,2025-02-20,PHI vs. BOS,L,27,3,9,0.333,0,2,0.0,9,9,1.0,1,2,3,4,0,0,2,2,15,-20,1,2024-25,Regular Season,203954,Joel Embiid
22024,203954,0022400807,2025-02-22,PHI vs. BKN,L,31,4,13,0.308,0,6,0.0,6,6,1.0,2,5,7,5,0,1,3,1,14,-7,1,2024-25,Regular Season,203954,Joel Embiid
22024,203999,0022400075,2024-10-24,DEN vs. OKC,L,35,6,13,0.462,1,3,0.333,3,4,0.75,4,8,12,13,2,1,3,3,16,-9,1,2024-25,Regular Season,203999,Nikola Jokić
22024,203999,0022400087,2024-10-26,DEN vs. LAC,L,37,14,26,0.538,7,12,0.583,6,8,0.75,3,6,9,4,2,1,5,2,41,7,1,2024-25,Regular Season,203999,Nikola Jokić
22024,203999,0022400107,2024-10-28,DEN @ TOR,W,44,18,27,0.667,3,5,0.6,1,2,0.5,3,7,10,4,1,2,3,2,40,9,1,2024-25,Regular Season,203999,Nikola Jokić
22024,203999,0022400113,2024-10-29,DEN @ BKN,W,41,9,16,0.563,0,0,0.0,11,13,0.846,6,12,18,16,0,1,1,3,29,8,1,2024-25,Regular Season,203999,Nikola Jokić
22024,203999,0022400139,2024-11-01,DEN @ MIN,L,40,8,16,0.5,2,3,0.667,8,10,0.8,2,7,9,13,3,1,3,1,26,6,1,2024-25,Regular Season,203999,Nikola Jokić
22024,203999,0022400148,2024-11-02,DEN vs. UTA,W,30,10,18,0.556,3,4,0.75,4,4,1.0,5,11,16,9,1,0,5,1,27,31,1,2024-25,Regular Season,203999,Nikola Jokić
22024,203999,0022400166,2024-11-04,DEN vs. TOR,W,38,10,22,0.455,1,5,0.2,7,8,0.875,5,9,14,13,1,2,7,2,28,-1,1,2024-25,Regular Season,203999,Nikola Jokić
22024,203999,0022400177,2024-11-06,DEN vs. OKC,W,39,9,20,0.45,1,3,0.333,4,6,0.667,7,13,20,16,2,2,5,2,23,8,1,2024-25,Regular Season,203999,Nikola Jokić
22024,203999,0022400194,2024-11-08,DEN vs. MIA,W,40,11,13,0.846,1,1,1.0,7,7,1.0,2,9,11,14,2,0,5,2,30,26,1,2024-25,Regular Season,203999,Nikola Jokić
22024,203999,0022400208,2024-11-10,DEN vs. DAL,W,38,13,21,0.619,3,3,1.0,8,8,1.0,8,10,18,15,3,0,4,2,37,13,1,2024-25,Regular Season,203999,Nikola Jokić
22024,203999,0022400033,2024-11-22,DEN vs. DAL,L,39,13,22,0.591,2,2,1.0,5,7,0.714,6,11,17,10,0,0,3,0,33,4,1,2024-25,Regular Season,203999,Nikola Jokić
22024,203999,0022400270,2024-11-23,DEN @ LAL,W,37,12,20,0.6,3,7,0.429,7,8,0.875,2,11,13,8,2,1,6,3,34,39,1,2024-25,Regular Season,203999,Nikola Jokić
22024,203999,0022400283,2024-11-25,DEN vs. NYK,L,32,9,20,0.45,2,7,0.286,2,2,1.0,3,4,7,7,1,0,0,1,22,-20,1,2024-25,Regular Season,203999,Nikola Jokić
22024,203999,0022400298,2024-11-27,DEN @ UTA,W,34,13,19,0.684,2,3,0.667,2,3,0.667,3,7,10,7,1,1,1,1,30,20,1,2024-25,Regular Season,203999,Nikola Jokić
22024,203999,0022400314,2024-12-01,DEN @ LAC,L,39,12,24,0.5,2,7,0.286,2,4,0.5,3,11,14,11,1,1,5,3,28,-7,1,2024-25,Regular Season,203999,Nikola Jokić
22024,203999,0022400058,2024-12-03,DEN vs. GSW,W,40,14,24,0.583,3,4,0.75,7,9,0.778,2,8,10,6,5,1,4,1,38,23,1,2024-25,Regular Season,203999,Nikola Jokić
22024,203999,0022400325,2024-12-05,DEN @ CLE,L,39,13,26,0.5,0,3,0.0,1,1,1.0,3,17,20,11,3,0,3,3,27,-8,1,2024-25,Regular Season,203999,Nikola Jokić
22024,203999,0022400341,2024-12-07,DEN @ WAS,L,39,22,39,0.564,3,6,0.5,9,13,0.692,7,9,16,8,1,0,5,5,56,-1,1,2024-25,Regular Season,203999,Nikola Jokić
22024,203999,0022400350,2024-12-08,DEN @ ATL,W,35,17,29,0.586,3,6,0.5,11,13,0.846,3,11,14,8,3,0,3,2,48,25,1,2024-25,Regular Season,203999,Nikola Jokić
22024,203999,0022401213,2024-12-13,DEN vs. LAC,W,30,6,9,0.667,2,2,1.0,2,4,0.5,0,7,7,2,2,0,5,2,16,14,1,2024-25,Regular Season,203999,Nikola Jokić
22024,203999,0022401225,2024-12-16,DEN @ SAC,W,38,8,19,0.421,1,6,0.167,3,4,0.75,2,12,14,13,2,1,5,0,20,4,1,2024-25,Regular Season,203999,Nikola Jokić
22024,203999,0022400371,2024-12-19,DEN @ POR,L,37,13,18,0.722,4,6,0.667,4,4,1.0,0,6,6,8,1,0,3,4,34,-5,1,2024-25,Regular Season,203999,Nikola Jokić
22024,203999,0022400390,2024-12-22,DEN @ NOP,W,43,11,20,0.55,2,3,0.667,3,5,0.6,2,11,13,10,1,1,3,5,27,6,1,2024-25,Regular Season,203999,Nikola Jokić
22024,203999,0022400402,2024-12-23,DEN vs. PHX,W,30,12,17,0.706,4,6,0.667,4,5,0.8,0,2,2,7,0,0,1,1,32,19,1,2024-25,Regular Season,203999,Nikola Jokić
22024,203999,0022400409,2024-12-25,DEN @ PHX,L,38,10,19,0.526,2,7,0.286,3,4,0.75,5,10,15,2,2,0,2,1,25,-3,1,2024-25,Regular Season,203999,Nikola Jokić
22024,203999,0022400424,2024-12-27,DEN vs. CLE,L,36,12,19,0.632,0,3,0.0,3,4,0.75,3,11,14,13,3,0,1,1,27,-15,1,2024-25,Regular Season,203999,Nikola Jokić
22024,203999,0022400432,2024-12-28,DEN vs. DET,W,37,11,17,0.647,4,5,0.8,11,14,0.786,1,8,9,8,0,0,2,4,37,25,1,2024-25,Regular Season,203999,Nikola Jokić
22024,203999,0022400445,2024-12-30,DEN @ UTA,W,38,14,33,0.424,3,9,0.333,5,6,0.833,7,15,22,11,4,0,2,0,36,20,1,2024-25,Regular Season,203999,Nikola Jokić
22024,203999,0022400461,2025-01-01,DEN vs. ATL,W,30,8,16,0.5,1,1,1.0,6,6,1.0,3,14,17,15,0,1,2,2,23,31,1,2024-25,Regular Season,203999,Nikola Jokić
22024,203999,0022400475,2025-01-03,DEN vs. SAS,L,37,15,36,0.417,3,10,0.3,8,9,0.889,4,14,18,9,2,0,2,3,41,7,1,2024-25,Regular Season,203999,Nikola Jokić
22024,203999,0022400484,2025-01-04,DEN @ SAS,W,43,19,35,0.543,3,8,0.375,5,6,0.833,4,5,9,10,2,2,2,3,46,7,1,2024-25,Regular Season,203999,Nikola Jokić
22024,203999,0022400531,2025-01-10,DEN vs. BKN,W,38,14,21,0.667,1,1,1.0,6,8,0.75,5,7,12,15,4,0,1,1,35,33,1,2024-25,Regular Season,203999,Nikola Jokić
22024,203999,0022400540,2025-01-12,DEN @ DAL,W,39,6,13,0.462,0,2,0.0,7,9,0.778,4,14,18,9,3,0,4,4,19,-2,1,2024-25,Regular Season,203999,Nikola Jokić
22024,203999,0022400559,2025-01-14,DEN @ DAL,W,29,4,7,0.571,1,2,0.5,1,2,0.5,2,12,14,10,2,0,1,3,10,23,1,2024-25,Regular Season,203999,Nikola Jokić
22024,203999,0022400579,2025-01-17,DEN @ MIA,W,31,9,12,0.75,1,2,0.5,5,5,1.0,2,10,12,10,1,0,2,1,24,6,1,2024-25,Regular Season,203999,Nikola Jokić
22024,203999,0022400593,2025-01-19,DEN @ ORL,W,30,7,9,0.778,0,0,0.0,6,7,0.857,1,13,14,10,3,3,2,0,20,20,1,2024-25,Regular Season,203999,Nikola Jokić
22024,203999,0022400609,2025-01-21,DEN vs. PHI,W,30,10,15,0.667,2,3,0.667,5,5,1.0,5,8,13,10,4,1,2,1,27,21,1,2024-25,Regular Season,203999,Nikola Jokić
22024,203999,0022400626,2025-01-23,DEN vs. SAC,W,37,12,19,0.632,2,3,0.667,9,10,0.9,3,19,22,17,1,2,1,5,35,11,1,2024-25,Regular Season,203999,Nikola Jokić
22024,203999,0022400634,2025-01-25,DEN @ MIN,L,32,9,13,0.692,2,4,0.5,0,1,0.0,1,2,3,11,0,0,7,0,20,-24,1,2024-25,Regular Season,203999,Nikola Jokić
22024,203999,0022400655,2025-01-27,DEN @ CHI,L,40,15,21,0.714,1,4,0.25,2,2,1.0,2,10,12,14,1,1,4,1,33,1,1,2024-25,Regular Season,203999,Nikola Jokić
22024,203999,0022400668,2025-01-29,DEN @ NYK,L,33,6,15,0.4,3,7,0.429,2,2,1.0,0,6,6,6,2,1,2,3,17,-3,1,2024-25,Regular Season,203999,Nikola Jokić
22024,203999,0022400681,2025-01-31,DEN @ PHI,W,37,11,16,0.688,2,3,0.667,4,5,0.8,2,7,9,13,2,0,6,3,28,0,1,2024-25,Regular Season,203999,Nikola Jokić
22024,203999,0022400688,2025-02-01,DEN @ CHA,W,37,9,17,0.529,2,7,0.286,8,9,0.889,1,12,13,17,4,1,4,2,28,-2,1,2024-25,Regular Season,203999,Nikola Jokić
22024,203999,0022400706,2025-02-03,DEN vs. NOP,W,36,9,13,0.692,1,3,0.333,8,10,0.8,1,13,14,10,1,2,1,2,27,11,1,2024-25,Regular Season,203999,Nikola Jokić
22024,203999,0022400726,2025-02-05,DEN vs. NOP,W,36,15,28,0.536,5,13,0.385,3,3,1.0,2,6,8,10,1,1,1,3,38,24,1,2024-25,Regular Season,203999,Nikola Jokić
22024,203999,0022400730,2025-02-06,DEN vs. ORL,W,31,11,16,0.688,2,4,0.5,4,6,0.667,0,10,10,12,2,0,3,2,28,22,1,2024-25,Regular Season,203999,Nikola Jokić
22024,203999,0022400749,2025-02-08,DEN @ PHX,W,29,11,13,0.846,1,2,0.5,3,3,1.0,4,7,11,9,0,0,2,4,26,19,1,2024-25,Regular Season,203999,Nikola Jokić
22024,203999,0022400763,2025-02-10,DEN vs. POR,W,31,15,22,0.682,2,7,0.286,8,8,1.0,1,6,7,8,3,1,5,2,40,22,1,2024-25,Regular Season,203999,Nikola Jokić
22024,203999,0022400780,2025-02-12,DEN vs. POR,W,36,11,20,0.55,0,3,0.0,4,4,1.0,3,12,15,10,2,0,4,4,26,6,1,2024-25,Regular Season,203999,Nikola Jokić
22024,203999,0022400794,2025-02-20,DEN vs. CHA,W,37,11,22,0.5,6,14,0.429,1,2,0.5,4,13,17,9,1,1,2,1,29,14,1,2024-25,Regular Season,203999,Nikola Jokić
22024,203999,0022400808,2025-02-22,DEN vs. LAL,L,35,2,7,0.286,0,1,0.0,8,10,0.8,4,9,13,10,1,0,6,3,12,-11,1,2024-25,Regular Season,203999,Nikola Jokić
22024,203999,0022400822,2025-02-24,DEN @ IND,W,39,9,14,0.643,0,1,0.0,0,0,0.0,0,9,9,19,3,1,4,1,18,17,1,2024-25,Regular Season,203999,Nikola Jokić
22024,203999,0022400846,2025-02-27,DEN @ MIL,L,38,13,16,0.813,1,2,0.5,5,7,0.714,1,13,14,10,1,0,5,4,32,-5,1,2024-25,Regular Season,203999,Nikola Jokić
22024,203999,0022400850,2025-02-28,DEN @ DET,W,34,6,12,0.5,0,3,0.0,11,12,0.917,0,17,17,15,1,2,7,2,23,33,1,2024-25,Regular Season,203999,Nikola Jokić
22024,203999,0022400866,2025-03-02,DEN @ BOS,L,39,9,15,0.6,2,3,0.667,0,0,0.0,3,11,14,9,2,0,2,2,20,0,1,2024-25,Regular Season,203999,Nikola Jokić
22024,203999,0022400896,2025-03-05,DEN vs. SAC,W,38,9,18,0.5,0,2,0.0,4,6,0.667,5,10,15,6,1,0,7,3,22,-7,1,2024-25,Regular Season,203999,Nikola Jokić
22024,203999,0022400909,2025-03-07,DEN vs. PHX,W,45,13,22,0.591,3,7,0.429,2,3,0.667,4,17,21,22,3,0,4,3,31,8,1,2024-25,Regular Season,203999,Nikola Jokić
22024,203999,0022400920,2025-03-09,DEN @ OKC,L,41,10,23,0.435,2,10,0.2,2,6,0.333,2,11,13,9,1,3,2,3,24,-13,1,2024-25,Regular Season,203999,Nikola Jokić
22024,203999,0022400936,2025-03-10,DEN @ OKC,W,40,15,20,0.75,1,2,0.5,4,5,0.8,2,16,18,8,1,1,1,4,35,8,1,2024-25,Regular Season,203999,Nikola Jokić
22024,203999,0022400952,2025-03-12,DEN vs. MIN,L,38,13,23,0.565,2,6,0.333,6,8,0.75,3,5,8,4,1,0,3,3,34,-24,1,2024-25,Regular Season,203999,Nikola Jokić
22024,203999,0022400965,2025-03-14,DEN vs. LAL,W,38,8,16,0.5,0,4,0.0,12,17,0.706,1,6,7,5,3,1,4,5,28,2,1,2024-25,Regular Season,203999,Nikola Jokić
22024,203999,0022400975,2025-03-15,DEN vs. WAS,L,39,16,30,0.533,1,8,0.125,7,7,1.0,3,10,13,9,1,2,3,3,40,6,1,2024-25,Regular Season,203999,Nikola Jokić
22024,203999,0022401057,2025-03-26,DEN vs. MIL,W,38,16,25,0.64,3,6,0.5,4,7,0.571,2,8,10,10,0,0,3,2,39,14,1,2024-25,Regular Season,203999,Nikola Jokić
22024,203999,0022401073,2025-03-28,DEN vs. UTA,W,32,8,18,0.444,1,5,0.2,10,12,0.833,5,9,14,6,4,0,3,0,27,28,1,2024-25,Regular Season,203999,Nikola Jokić
22024,203999,0022401102,2025-04-01,DEN vs. MIN,L,53,18,29,0.621,6,11,0.545,19,24,0.792,2,8,10,10,2,0,4,5,61,2,1,2024-25,Regular Season,203999,Nikola Jokić
22024,203999,0022401125,2025-04-04,DEN @ GSW,L,37,13,17,0.765,4,7,0.571,3,3,1.0,2,10,12,9,2,0,6,2,33,-4,1,2024-25,Regular Season,203999,Nikola Jokić
22024,203999,0022401142,2025-04-06,DEN vs. IND,L,39,18,33,0.545,3,11,0.273,2,3,0.667,3,12,15,13,2,1,4,0,41,1,1,2024-25,Regular Season,203999,Nikola Jokić
22024,203999,0022401165,2025-04-09,DEN @ SAC,W,38,5,12,0.417,0,1,0.0,10,10,1.0,3,9,12,11,4,0,1,2,20,9,1,2024-25,Regular Season,203999,Nikola Jokić
22024,203999,0022401180,2025-04-11,DEN vs. MEM,W,41,11,19,0.579,1,2,0.5,3,7,0.429,3,13,16,13,2,0,5,3,26,11,1,2024-25,Regular Season,203999,Nikola Jokić
22024,203999,0022401193,2025-04-13,DEN @ HOU,W,31,7,10,0.7,3,5,0.6,1,2,0.5,1,6,7,7,2,1,1,3,18,34,1,2024-25,Regular Season,203999,Nikola Jokić
42024,203999,0042400171,2025-04-19,DEN vs. LAC,W,46,12,24,0.5,1,4,0.25,4,6,0.667,0,9,9,12,3,1,2,4,29,10,1,2024-25,Playoffs,203999,Nikola Jokić
42024,203999,0042400172,2025-04-21,DEN vs. LAC,L,43,8,16,0.5,4,8,0.5,6,10,0.6,3,8,11,10,3,0,7,2,26,0,1,2024-25,Playoffs,203999,Nikola Jokić
42024,203999,0042400173,2025-04-24,DEN @ LAC,L,37,9,14,0.643,2,3,0.667,3,4,0.75,1,12,13,13,1,0,2,1,23,-20,1,2024-25,Playoffs,203999,Nikola Jokić
42024,203999,0042400174,2025-04-26,DEN @ LAC,W,43,14,25,0.56,3,6,0.5,5,6,0.833,5,16,21,8,2,1,2,4,36,4,1,2024-25,Playoffs,203999,Nikola Jokić
42024,203999,0042400175,2025-04-29,DEN vs. LAC,W,37,4,13,0.308,1,4,0.25,4,5,0.8,1,9,10,12,1,2,2,1,13,18,1,2024-25,Playoffs,203999,Nikola Jokić
42024,203999,0042400176,2025-05-01,DEN @ LAC,L,42,11,22,0.5,2,4,0.5,1,2,0.5,1,6,7,8,3,1,4,3,25,1,1,2024-25,Playoffs,203999,Nikola Jokić
42024,203999,0042400177,2025-05-03,DEN vs. LAC,W,32,6,14,0.429,1,2,0.5,3,4,0.75,0,10,10,8,3,1,5,5,16,16,1,2024-25,Playoffs,203999,Nikola Jokić
42024,203999,0042400221,2025-05-05,DEN @ OKC,W,42,15,29,0.517,2,6,0.333,10,13,0.769,5,17,22,6,1,2,7,5,42,10,1,2024-25,Playoffs,203999,Nikola Jokić
42024,203999,0042400222,2025-05-07,DEN @ OKC,L,32,6,16,0.375,2,4,0.5,3,5,0.6,3,5,8,6,1,1,6,6,17,-36,1,2024-25,Playoffs,203999,Nikola Jokić
42024,203999,0042400223,2025-05-09,DEN vs. OKC,W,44,8,25,0.32,0,10,0.0,4,4,1.0,2,14,16,6,2,2,8,2,20,5,1,2024-25,Playoffs,203999,Nikola Jokić
42024,203999,0042400224,2025-05-11,DEN vs. OKC,L,43,7,22,0.318,2,8,0.25,11,14,0.786,0,13,13,3,4,0,2,4,27,1,1,2024-25,Playoffs,203999,Nikola Jokić
42024,203999,0042400225,2025-05-13,DEN @ OKC,L,44,17,25,0.68,5,7,0.714,5,5,1.0,6,9,15,5,2,0,2,4,44,-8,1,2024-25,Playoffs,203999,Nikola Jokić
42024,203999,0042400226,2025-05-15,DEN vs. OKC,W,41,9,14,0.643,1,3,0.333,10,12,0.833,1,13,14,8,2,1,1,4,29,11,1,2024-25,Playoffs,203999,Nikola Jokić
42024,203999,0042400227,2025-05-18,DEN @ OKC,L,37,5,9,0.556,1,2,0.5,9,11,0.818,1,8,9,7,0,0,5,3,20,-23,1,2024-25,Playoffs,203999,Nikola Jokić
22024,203081,0022400066,2024-10-23,MIL @ PHI,W,38,9,19,0.474,6,12,0.5,6,7,0.857,3,6,9,6,0,0,3,1,30,19,1,2024-25,Regular Season,203081,Damian Lillard
22024,203081,0022400083,2024-10-25,MIL vs. CHI,L,36,11,21,0.524,3,12,0.25,3,3,1.0,0,4,4,8,0,0,5,1,28,-7,1,2024-25,Regular Season,203081,Damian Lillard
22024,203081,0022400098,2024-10-27,MIL @ BKN,L,32,5,13,0.385,1,7,0.143,10,11,0.909,1,3,4,4,0,0,4,2,21,-9,1,2024-25,Regular Season,203081,Damian Lillard
22024,203081,0022400104,2024-10-28,MIL @ BOS,L,36,7,15,0.467,2,8,0.25,17,18,0.944,1,6,7,7,2,1,1,2,33,-10,1,2024-25,Regular Season,203081,Damian Lillard
22024,203081,0022400128,2024-10-31,MIL @ MEM,L,33,1,12,0.083,0,6,0.0,2,2,1.0,1,1,2,6,1,0,1,3,4,-29,1,2024-25,Regular Season,203081,Damian Lillard
22024,203081,0022400145,2024-11-02,MIL vs. CLE,L,39,13,24,0.542,10,15,0.667,5,8,0.625,0,4,4,9,0,1,1,4,41,3,1,2024-25,Regular Season,203081,Damian Lillard
22024,203081,0022400154,2024-11-04,MIL @ CLE,L,37,11,22,0.5,5,9,0.556,9,9,1.0,1,1,2,7,0,0,8,1,36,3,1,2024-25,Regular Season,203081,Damian Lillard
22024,203081,0022400182,2024-11-07,MIL vs. UTA,W,37,12,22,0.545,4,11,0.364,6,7,0.857,0,4,4,7,4,0,0,2,34,27,1,2024-25,Regular Season,203081,Damian Lillard
22024,203081,0022400189,2024-11-08,MIL @ NYK,L,34,6,15,0.4,0,4,0.0,7,7,1.0,1,5,6,6,0,0,1,0,19,-28,1,2024-25,Regular Season,203081,Damian Lillard
22024,203081,0022400202,2024-11-10,MIL vs. BOS,L,36,4,15,0.267,1,8,0.125,5,5,1.0,0,4,4,6,3,0,3,3,14,-14,1,2024-25,Regular Season,203081,Damian Lillard
22024,203081,0022400248,2024-11-18,MIL vs. HOU,W,36,6,18,0.333,0,6,0.0,6,7,0.857,0,4,4,10,0,0,2,1,18,-4,1,2024-25,Regular Season,203081,Damian Lillard
22024,203081,0022400253,2024-11-20,MIL vs. CHI,W,36,7,17,0.412,2,10,0.2,4,4,1.0,0,5,5,10,0,0,4,2,20,11,1,2024-25,Regular Season,203081,Damian Lillard
22024,203081,0022400029,2024-11-22,MIL vs. IND,W,37,8,19,0.421,3,8,0.375,5,5,1.0,1,4,5,13,1,0,4,2,24,19,1,2024-25,Regular Season,203081,Damian Lillard
22024,203081,0022400268,2024-11-23,MIL vs. CHA,W,35,9,21,0.429,3,9,0.333,10,11,0.909,0,4,4,4,1,0,1,2,31,4,1,2024-25,Regular Season,203081,Damian Lillard
22024,203081,0022400036,2024-11-26,MIL @ MIA,W,38,10,17,0.588,8,13,0.615,9,9,1.0,0,3,3,12,1,1,4,2,37,0,1,2024-25,Regular Season,203081,Damian Lillard
22024,203081,0022400302,2024-11-30,MIL vs. WAS,W,40,8,18,0.444,5,9,0.556,4,4,1.0,1,4,5,10,3,1,2,2,25,12,1,2024-25,Regular Season,203081,Damian Lillard
22024,203081,0022400052,2024-12-03,MIL @ DET,W,32,9,17,0.529,5,11,0.455,4,4,1.0,0,4,4,5,0,0,3,1,27,7,1,2024-25,Regular Season,203081,Damian Lillard
22024,203081,0022400323,2024-12-04,MIL vs. ATL,L,34,8,14,0.571,5,9,0.556,4,5,0.8,0,4,4,5,1,0,5,1,25,-10,1,2024-25,Regular Season,203081,Damian Lillard
22024,203081,0022400335,2024-12-06,MIL @ BOS,L,40,12,25,0.48,4,12,0.333,3,3,1.0,1,4,5,4,1,0,1,3,31,-7,1,2024-25,Regular Season,203081,Damian Lillard
22024,203081,0022400348,2024-12-08,MIL @ BKN,W,39,2,7,0.286,2,7,0.286,9,11,0.818,0,6,6,11,1,0,7,0,15,-11,1,2024-25,Regular Season,203081,Damian Lillard
22024,203081,0022401201,2024-12-10,MIL vs. ORL,W,39,8,15,0.533,2,5,0.4,10,10,1.0,1,1,2,9,1,0,4,4,28,2,1,2024-25,Regular Season,203081,Damian Lillard
22024,203081,0022401229,2024-12-14,MIL vs. ATL,W,37,8,21,0.381,5,14,0.357,4,5,0.8,0,6,6,7,3,0,2,3,25,5,1,2024-25,Regular Season,203081,Damian Lillard
22024,203081,0022400430,2024-12-28,MIL @ CHI,L,35,8,19,0.421,3,9,0.333,10,10,1.0,1,5,6,12,2,0,0,2,29,-4,1,2024-25,Regular Season,203081,Damian Lillard
22024,203081,0022400450,2024-12-31,MIL @ IND,W,36,3,14,0.214,3,9,0.333,0,0,0.0,2,2,4,5,2,0,4,2,9,4,1,2024-25,Regular Season,203081,Damian Lillard
22024,203081,0022400465,2025-01-02,MIL vs. BKN,L,40,6,20,0.3,4,13,0.308,7,8,0.875,1,2,3,7,1,0,3,2,23,-4,1,2024-25,Regular Season,203081,Damian Lillard
22024,203081,0022400483,2025-01-04,MIL vs. POR,L,37,5,15,0.333,2,7,0.286,4,5,0.8,1,1,2,6,4,0,3,1,16,-2,1,2024-25,Regular Season,203081,Damian Lillard
22024,203081,0022400497,2025-01-06,MIL @ TOR,W,26,7,12,0.583,5,8,0.625,6,7,0.857,0,5,5,3,0,0,1,0,25,20,1,2024-25,Regular Season,203081,Damian Lillard
22024,203081,0022400516,2025-01-08,MIL vs. SAS,W,35,8,13,0.615,4,7,0.571,6,6,1.0,0,5,5,8,0,0,2,1,26,8,1,2024-25,Regular Season,203081,Damian Lillard
22024,203081,0022400526,2025-01-10,MIL @ ORL,W,40,9,21,0.429,3,7,0.429,8,9,0.889,1,3,4,7,3,0,4,4,29,4,1,2024-25,Regular Season,203081,Damian Lillard
22024,203081,0022400539,2025-01-12,MIL @ NYK,L,37,8,17,0.471,2,7,0.286,4,5,0.8,0,3,3,5,1,0,6,2,22,-24,1,2024-25,Regular Season,203081,Damian Lillard
22024,203081,0022400558,2025-01-14,MIL vs. SAC,W,35,8,15,0.533,5,8,0.625,3,3,1.0,0,5,5,7,0,1,2,2,24,14,1,2024-25,Regular Season,203081,Damian Lillard
22024,203081,0022400564,2025-01-15,MIL vs. ORL,W,30,13,19,0.684,3,3,1.0,1,1,1.0,0,5,5,4,4,0,3,1,30,27,1,2024-25,Regular Season,203081,Damian Lillard
22024,203081,0022400580,2025-01-17,MIL vs. TOR,W,36,6,14,0.429,4,7,0.571,10,10,1.0,0,3,3,8,2,1,0,3,26,11,1,2024-25,Regular Season,203081,Damian Lillard
22024,203081,0022400594,2025-01-19,MIL vs. PHI,W,40,7,17,0.412,4,11,0.364,7,7,1.0,0,5,5,4,1,0,4,1,25,5,1,2024-25,Regular Season,203081,Damian Lillard
22024,203081,0022400624,2025-01-23,MIL vs. MIA,W,36,9,21,0.429,5,14,0.357,6,6,1.0,1,9,10,11,2,0,1,1,29,16,1,2024-25,Regular Season,203081,Damian Lillard
22024,203081,0022400646,2025-01-25,MIL @ LAC,L,40,6,16,0.375,1,9,0.111,16,17,0.941,1,9,10,10,1,1,4,2,29,-1,1,2024-25,Regular Season,203081,Damian Lillard
22024,203081,0022400658,2025-01-27,MIL @ UTA,W,41,14,22,0.636,4,10,0.4,3,4,0.75,0,5,5,8,0,1,6,0,35,9,1,2024-25,Regular Season,203081,Damian Lillard
22024,203081,0022400662,2025-01-28,MIL @ POR,L,38,7,17,0.412,2,6,0.333,4,4,1.0,0,3,3,6,1,0,0,1,20,-9,1,2024-25,Regular Season,203081,Damian Lillard
22024,203081,0022400684,2025-01-31,MIL @ SAS,L,37,6,17,0.353,3,7,0.429,7,7,1.0,1,2,3,7,0,1,1,2,22,-16,1,2024-25,Regular Season,203081,Damian Lillard
22024,203081,0022400699,2025-02-02,MIL vs. MEM,L,37,4,15,0.267,2,8,0.25,5,6,0.833,0,3,3,9,0,0,3,2,15,-14,1,2024-25,Regular Season,203081,Damian Lillard
22024,203081,0022400717,2025-02-05,MIL @ CHA,W,31,9,18,0.5,3,9,0.333,8,9,0.889,0,4,4,12,2,0,2,2,29,12,1,2024-25,Regular Season,203081,Damian Lillard
22024,203081,0022400736,2025-02-07,MIL @ ATL,L,35,7,19,0.368,4,13,0.308,5,5,1.0,3,6,9,10,0,0,3,1,23,-1,1,2024-25,Regular Season,203081,Damian Lillard
22024,203081,0022400754,2025-02-09,MIL vs. PHI,W,44,14,27,0.519,8,15,0.533,7,7,1.0,1,6,7,8,2,0,4,1,43,3,1,2024-25,Regular Season,203081,Damian Lillard
22024,203081,0022400760,2025-02-10,MIL vs. GSW,L,39,12,20,0.6,3,9,0.333,11,13,0.846,0,5,5,7,1,0,10,2,38,-10,1,2024-25,Regular Season,203081,Damian Lillard
22024,203081,0022400793,2025-02-20,MIL vs. LAC,W,33,2,12,0.167,2,8,0.25,9,10,0.9,0,7,7,7,2,0,2,3,15,-2,1,2024-25,Regular Season,203081,Damian Lillard
22024,203081,0022400817,2025-02-23,MIL vs. MIA,W,38,9,17,0.529,5,12,0.417,5,6,0.833,1,2,3,8,0,0,1,2,28,-3,1,2024-25,Regular Season,203081,Damian Lillard
22024,203081,0022400831,2025-02-25,MIL @ HOU,L,37,7,22,0.318,4,11,0.364,4,5,0.8,0,1,1,3,1,0,3,0,22,2,1,2024-25,Regular Season,203081,Damian Lillard
22024,203081,0022400846,2025-02-27,MIL vs. DEN,W,35,5,9,0.556,3,6,0.5,6,6,1.0,1,3,4,4,2,0,4,0,19,9,1,2024-25,Regular Season,203081,Damian Lillard
22024,203081,0022400865,2025-03-01,MIL @ DAL,W,36,8,17,0.471,4,12,0.333,8,8,1.0,0,6,6,6,2,0,3,1,28,22,1,2024-25,Regular Season,203081,Damian Lillard
22024,203081,0022400884,2025-03-04,MIL @ ATL,W,36,9,18,0.5,2,10,0.2,3,3,1.0,0,5,5,4,2,0,1,2,23,10,1,2024-25,Regular Season,203081,Damian Lillard
22024,203081,0022400897,2025-03-05,MIL vs. DAL,W,27,11,15,0.733,5,8,0.625,7,7,1.0,0,3,3,5,2,0,2,0,34,28,1,2024-25,Regular Season,203081,Damian Lillard
22024,203081,0022400917,2025-03-08,MIL vs. ORL,L,36,9,18,0.5,4,9,0.444,4,4,1.0,0,7,7,4,1,0,4,4,26,-19,1,2024-25,Regular Season,203081,Damian Lillard
22024,203081,0022400922,2025-03-09,MIL vs. CLE,L,35,8,19,0.421,1,7,0.143,5,6,0.833,1,4,5,4,2,0,2,2,22,-8,1,2024-25,Regular Season,203081,Damian Lillard
22024,203081,0022400942,2025-03-11,MIL @ IND,L,37,4,14,0.286,2,7,0.286,5,6,0.833,0,3,3,11,0,0,3,1,15,10,1,2024-25,Regular Season,203081,Damian Lillard
22024,203081,0022400955,2025-03-13,MIL vs. LAL,W,34,6,14,0.429,2,8,0.25,8,8,1.0,0,6,6,10,2,0,0,0,22,6,1,2024-25,Regular Season,203081,Damian Lillard
22024,203081,0022400972,2025-03-15,MIL vs. IND,W,37,7,15,0.467,6,12,0.5,5,5,1.0,1,9,10,8,0,0,2,3,25,-10,1,2024-25,Regular Season,203081,Damian Lillard
22024,203081,0022400982,2025-03-16,MIL vs. OKC,L,29,3,9,0.333,2,4,0.5,11,11,1.0,0,1,1,2,1,0,1,0,19,-15,1,2024-25,Regular Season,203081,Damian Lillard
22024,203081,0022401012,2025-03-18,MIL @ GSW,L,38,6,18,0.333,2,9,0.222,2,4,0.5,0,3,3,4,1,1,2,2,16,-8,1,2024-25,Regular Season,203081,Damian Lillard
42024,203081,0042400132,2025-04-22,MIL @ IND,L,37,4,13,0.308,2,8,0.25,4,5,0.8,0,3,3,7,0,0,2,4,14,-7,1,2024-25,Playoffs,203081,Damian Lillard
42024,203081,0042400133,2025-04-25,MIL vs. IND,W,32,2,12,0.167,1,8,0.125,2,2,1.0,0,3,3,5,2,2,1,4,7,16,1,2024-25,Playoffs,203081,Damian Lillard
42024,203081,0042400134,2025-04-27,MIL vs. IND,L,6,0,2,0.0,0,0,0.0,0,0,0.0,1,1,2,2,0,0,0,0,0,-3,1,2024-25,Playoffs,203081,Damian Lillard
22024,203076,0022400062,2024-10-22,LAL vs. MIN,W,38,11,23,0.478,1,3,0.333,13,15,0.867,3,13,16,4,1,3,1,1,36,1,1,2024-25,Regular Season,203076,Anthony Davis
22024,203076,0022400085,2024-10-25,LAL vs. PHX,W,37,11,18,0.611,0,0,0.0,13,17,0.765,1,7,8,4,1,2,1,2,35,4,1,2024-25,Regular Season,203076,Anthony Davis
22024,203076,0022400096,2024-10-26,LAL vs. SAC,W,38,10,15,0.667,1,2,0.5,10,13,0.769,3,6,9,2,3,2,2,1,31,-22,1,2024-25,Regular Season,203076,Anthony Davis
22024,203076,0022400111,2024-10-28,LAL @ PHX,L,36,12,24,0.5,0,2,0.0,5,6,0.833,5,10,15,3,1,3,3,1,29,14,1,2024-25,Regular Season,203076,Anthony Davis
22024,203076,0022400118,2024-10-30,LAL @ CLE,L,31,9,17,0.529,0,1,0.0,4,8,0.5,1,12,13,2,2,0,4,1,22,-18,1,2024-25,Regular Season,203076,Anthony Davis
22024,203076,0022400137,2024-11-01,LAL @ TOR,W,36,14,20,0.7,0,0,0.0,10,11,0.909,1,10,11,2,3,2,3,0,38,7,1,2024-25,Regular Season,203076,Anthony Davis
22024,203076,0022400156,2024-11-04,LAL @ DET,L,39,13,23,0.565,0,4,0.0,11,14,0.786,1,8,9,4,0,0,3,2,37,-1,1,2024-25,Regular Season,203076,Anthony Davis
22024,203076,0022400195,2024-11-08,LAL vs. PHI,W,36,11,20,0.55,2,3,0.667,7,8,0.875,3,6,9,1,0,4,3,2,31,20,1,2024-25,Regular Season,203076,Anthony Davis
22024,203076,0022400211,2024-11-10,LAL vs. TOR,W,26,6,8,0.75,2,2,1.0,8,10,0.8,1,3,4,3,1,2,0,1,22,-3,1,2024-25,Regular Season,203076,Anthony Davis
22024,203076,0022400225,2024-11-13,LAL vs. MEM,W,32,6,16,0.375,2,3,0.667,7,8,0.875,2,12,14,3,0,3,3,5,21,-6,1,2024-25,Regular Season,203076,Anthony Davis
22024,203076,0022400015,2024-11-15,LAL @ SAS,W,36,14,26,0.538,2,4,0.5,10,12,0.833,5,7,12,2,1,2,2,1,40,12,1,2024-25,Regular Season,203076,Anthony Davis
22024,203076,0022400231,2024-11-16,LAL @ NOP,W,37,12,20,0.6,2,4,0.5,5,7,0.714,3,11,14,1,2,1,2,3,31,2,1,2024-25,Regular Season,203076,Anthony Davis
22024,203076,0022400026,2024-11-19,LAL vs. UTA,W,34,10,15,0.667,0,1,0.0,6,10,0.6,4,10,14,6,2,0,0,3,26,4,1,2024-25,Regular Season,203076,Anthony Davis
22024,203076,0022400263,2024-11-21,LAL vs. ORL,L,38,14,22,0.636,1,1,1.0,10,13,0.769,4,5,9,2,0,3,3,4,39,0,1,2024-25,Regular Season,203076,Anthony Davis
22024,203076,0022400270,2024-11-23,LAL vs. DEN,L,35,6,19,0.316,0,2,0.0,2,3,0.667,3,7,10,3,3,2,1,2,14,-26,1,2024-25,Regular Season,203076,Anthony Davis
22024,203076,0022400039,2024-11-26,LAL @ PHX,L,35,10,19,0.526,0,2,0.0,5,7,0.714,2,13,15,5,1,4,3,3,25,-24,1,2024-25,Regular Season,203076,Anthony Davis
22024,203076,0022400296,2024-11-27,LAL @ SAS,W,35,8,14,0.571,0,2,0.0,3,3,1.0,4,10,14,7,1,0,1,2,19,16,1,2024-25,Regular Season,203076,Anthony Davis
22024,203076,0022400048,2024-11-29,LAL vs. OKC,L,38,5,9,0.556,0,0,0.0,5,7,0.714,2,10,12,7,1,4,1,2,15,-5,1,2024-25,Regular Season,203076,Anthony Davis
22024,203076,0022400311,2024-12-01,LAL @ UTA,W,39,13,25,0.52,2,4,0.5,5,6,0.833,1,10,11,0,2,1,1,1,33,6,1,2024-25,Regular Season,203076,Anthony Davis
22024,203076,0022400318,2024-12-02,LAL @ MIN,L,33,4,14,0.286,0,2,0.0,4,4,1.0,2,9,11,5,0,1,2,3,12,-9,1,2024-25,Regular Season,203076,Anthony Davis
22024,203076,0022400321,2024-12-04,LAL @ MIA,L,31,3,14,0.214,0,1,0.0,2,4,0.5,1,6,7,5,1,0,0,3,8,-29,1,2024-25,Regular Season,203076,Anthony Davis
22024,203076,0022400334,2024-12-06,LAL @ ATL,L,42,15,27,0.556,0,3,0.0,8,8,1.0,3,7,10,8,1,2,6,3,38,6,1,2024-25,Regular Season,203076,Anthony Davis
22024,203076,0022400358,2024-12-08,LAL vs. POR,W,32,10,21,0.476,1,4,0.25,9,9,1.0,2,9,11,1,2,5,1,1,30,4,1,2024-25,Regular Season,203076,Anthony Davis
22024,203076,0022401210,2024-12-13,LAL @ MIN,L,36,10,21,0.476,1,5,0.2,2,5,0.4,2,9,11,1,0,3,4,1,23,-22,1,2024-25,Regular Season,203076,Anthony Davis
22024,203076,0022401220,2024-12-15,LAL vs. MEM,W,33,15,22,0.682,1,4,0.25,9,12,0.75,4,12,16,2,2,1,4,4,40,14,1,2024-25,Regular Season,203076,Anthony Davis
22024,203076,0022400372,2024-12-19,LAL @ SAC,W,35,7,20,0.35,0,1,0.0,7,9,0.778,7,12,19,4,3,6,3,0,21,19,1,2024-25,Regular Season,203076,Anthony Davis
22024,203076,0022400376,2024-12-21,LAL @ SAC,W,37,4,10,0.4,0,0,0.0,2,4,0.5,2,13,15,5,0,3,5,2,10,-2,1,2024-25,Regular Season,203076,Anthony Davis
22024,203076,0022400404,2024-12-23,LAL vs. DET,L,39,7,14,0.5,1,3,0.333,4,8,0.5,3,7,10,6,2,2,3,1,19,15,1,2024-25,Regular Season,203076,Anthony Davis
22024,203076,0022400408,2024-12-25,LAL @ GSW,W,7,0,3,0.0,0,0,0.0,0,0,0.0,1,1,2,0,1,0,0,0,0,-7,1,2024-25,Regular Season,203076,Anthony Davis
22024,203076,0022400435,2024-12-28,LAL vs. SAC,W,39,12,16,0.75,1,1,1.0,11,13,0.846,2,13,15,8,0,0,2,2,36,21,1,2024-25,Regular Season,203076,Anthony Davis
22024,203076,0022400454,2024-12-31,LAL vs. CLE,L,37,12,23,0.522,2,4,0.5,2,2,1.0,1,12,13,4,3,2,1,2,28,-6,1,2024-25,Regular Season,203076,Anthony Davis
22024,203076,0022400477,2025-01-03,LAL vs. ATL,W,37,6,17,0.353,0,2,0.0,6,7,0.857,4,15,19,4,3,3,4,2,18,17,1,2024-25,Regular Season,203076,Anthony Davis
22024,203076,0022400491,2025-01-05,LAL @ HOU,L,38,10,18,0.556,2,4,0.5,8,8,1.0,4,9,13,2,0,5,4,5,30,7,1,2024-25,Regular Season,203076,Anthony Davis
22024,203076,0022400504,2025-01-07,LAL @ DAL,L,35,7,18,0.389,0,2,0.0,7,9,0.778,2,10,12,3,0,2,2,1,21,-19,1,2024-25,Regular Season,203076,Anthony Davis
22024,203076,0022400552,2025-01-13,LAL vs. SAS,L,32,13,18,0.722,2,5,0.4,2,4,0.5,8,5,13,2,2,2,2,4,30,-21,1,2024-25,Regular Season,203076,Anthony Davis
22024,203076,0022400570,2025-01-15,LAL vs. MIA,W,37,10,21,0.476,1,3,0.333,1,2,0.5,2,9,11,4,2,2,1,0,22,7,1,2024-25,Regular Season,203076,Anthony Davis
22024,203076,0022400596,2025-01-19,LAL @ LAC,L,37,5,14,0.357,0,1,0.0,6,6,1.0,1,9,10,3,1,3,3,1,16,-18,1,2024-25,Regular Season,203076,Anthony Davis
22024,203076,0022400610,2025-01-21,LAL vs. WAS,W,32,14,22,0.636,1,3,0.333,0,1,0.0,4,12,16,5,1,4,1,3,29,20,1,2024-25,Regular Season,203076,Anthony Davis
22024,203076,0022400629,2025-01-23,LAL vs. BOS,W,31,9,18,0.5,0,1,0.0,6,6,1.0,2,6,8,3,1,3,1,1,24,15,1,2024-25,Regular Season,203076,Anthony Davis
22024,203076,0022400644,2025-01-25,LAL @ GSW,W,36,13,23,0.565,0,3,0.0,10,12,0.833,3,10,13,3,3,1,2,2,36,9,1,2024-25,Regular Season,203076,Anthony Davis
22024,203076,0022400648,2025-01-27,LAL @ CHA,W,37,17,28,0.607,0,2,0.0,8,10,0.8,8,15,23,2,0,2,4,4,42,16,1,2024-25,Regular Season,203076,Anthony Davis
22024,203076,0022400660,2025-01-28,LAL @ PHI,L,10,2,3,0.667,0,0,0.0,0,0,0.0,2,0,2,0,1,0,1,0,4,3,1,2024-25,Regular Season,203076,Anthony Davis
22024,203076,0022400741,2025-02-08,DAL vs. HOU,W,31,10,18,0.556,2,2,1.0,4,6,0.667,4,12,16,7,0,3,1,0,26,9,1,2024-25,Regular Season,203076,Anthony Davis
22024,203076,0022401040,2025-03-24,DAL @ BKN,W,27,6,9,0.667,0,2,0.0,0,0,0.0,0,6,6,3,1,1,2,1,12,12,1,2024-25,Regular Season,203076,Anthony Davis
22024,203076,0022401060,2025-03-27,DAL @ ORL,W,29,5,19,0.263,1,5,0.2,4,7,0.571,1,6,7,2,1,0,0,1,15,-9,1,2024-25,Regular Season,203076,Anthony Davis
22024,203076,0022401077,2025-03-29,DAL @ CHI,W,30,7,23,0.304,0,4,0.0,4,7,0.571,1,6,7,5,1,2,0,2,18,-13,1,2024-25,Regular Season,203076,Anthony Davis
22024,203076,0022401095,2025-03-31,DAL vs. BKN,L,28,5,10,0.5,0,1,0.0,2,4,0.5,0,7,7,5,0,1,1,4,12,7,1,2024-25,Regular Season,203076,Anthony Davis
22024,203076,0022401109,2025-04-02,DAL vs. ATL,W,30,14,23,0.609,2,4,0.5,4,4,1.0,2,13,15,2,1,5,4,2,34,3,1,2024-25,Regular Season,203076,Anthony Davis
22024,203076,0022401132,2025-04-05,DAL @ LAC,L,27,8,19,0.421,1,5,0.2,10,13,0.769,2,7,9,0,1,0,6,3,27,-16,1,2024-25,Regular Season,203076,Anthony Davis
22024,203076,0022401159,2025-04-09,DAL vs. LAL,L,33,5,13,0.385,0,2,0.0,3,5,0.6,2,9,11,6,0,1,4,2,13,-10,1,2024-25,Regular Season,203076,Anthony Davis
22024,203076,0022401178,2025-04-11,DAL vs. TOR,W,30,10,18,0.556,1,5,0.2,2,2,1.0,3,10,13,10,0,7,2,1,23,21,1,2024-25,Regular Season,203076,Anthony Davis
22024,202695,0022400486,2025-01-04,LAC vs. ATL,W,19,4,11,0.364,3,5,0.6,1,3,0.333,1,2,3,1,1,0,2,1,12,22,1,2024-25,Regular Season,202695,Kawhi Leonard
22024,202695,0022400500,2025-01-06,LAC @ MIN,L,21,3,11,0.273,2,5,0.4,0,0,0.0,1,1,2,2,1,0,1,1,8,-17,1,2024-25,Regular Season,202695,Kawhi Leonard
22024,202695,0022400553,2025-01-13,LAC vs. MIA,W,21,3,9,0.333,0,3,0.0,0,0,0.0,1,4,5,1,2,0,0,0,6,2,1,2024-25,Regular Season,202695,Kawhi Leonard
22024,202695,0022400571,2025-01-15,LAC vs. BKN,W,24,8,11,0.727,0,1,0.0,7,7,1.0,0,2,2,0,1,0,1,0,23,46,1,2024-25,Regular Season,202695,Kawhi Leonard
22024,202695,0022400596,2025-01-19,LAC vs. LAL,W,24,9,13,0.692,1,3,0.333,0,0,0.0,0,1,1,4,1,0,1,0,19,20,1,2024-25,Regular Season,202695,Kawhi Leonard
22024,202695,0022400983,2025-01-23,LAC vs. WAS,W,24,7,16,0.438,1,5,0.2,0,0,0.0,0,7,7,1,1,0,3,0,15,23,1,2024-25,Regular Season,202695,Kawhi Leonard
22024,202695,0022400646,2025-01-25,LAC vs. MIL,W,24,8,17,0.471,2,7,0.286,0,0,0.0,1,2,3,4,0,0,0,2,18,-13,1,2024-25,Regular Season,202695,Kawhi Leonard
22024,202695,0022400659,2025-01-27,LAC @ PHX,L,28,7,14,0.5,1,5,0.2,2,2,1.0,1,4,5,2,2,1,3,2,17,3,1,2024-25,Regular Season,202695,Kawhi Leonard
22024,202695,0022400671,2025-01-29,LAC @ SAS,W,29,11,19,0.579,2,4,0.5,3,3,1.0,1,5,6,7,0,1,1,1,27,16,1,2024-25,Regular Season,202695,Kawhi Leonard
22024,202695,0022400679,2025-01-31,LAC @ CHA,W,28,8,17,0.471,4,7,0.571,1,2,0.5,1,8,9,2,1,1,3,3,21,13,1,2024-25,Regular Season,202695,Kawhi Leonard
22024,202695,0022400697,2025-02-02,LAC @ TOR,L,27,6,18,0.333,1,5,0.2,1,4,0.25,1,5,6,3,1,0,4,3,14,-6,1,2024-25,Regular Season,202695,Kawhi Leonard
22024,202695,0022400715,2025-02-04,LAC vs. LAL,L,22,4,11,0.364,1,2,0.5,2,2,1.0,0,6,6,2,0,3,1,0,11,-12,1,2024-25,Regular Season,202695,Kawhi Leonard
22024,202695,0022400733,2025-02-06,LAC vs. IND,L,33,7,16,0.438,3,6,0.5,2,2,1.0,0,4,4,4,0,1,5,1,19,-10,1,2024-25,Regular Season,202695,Kawhi Leonard
22024,202695,0022400751,2025-02-08,LAC vs. UTA,W,31,4,9,0.444,0,0,0.0,2,2,1.0,0,5,5,3,1,0,5,4,10,-6,1,2024-25,Regular Season,202695,Kawhi Leonard
22024,202695,0022400783,2025-02-12,LAC vs. MEM,W,34,9,19,0.474,2,6,0.333,5,5,1.0,1,4,5,4,3,0,2,1,25,25,1,2024-25,Regular Season,202695,Kawhi Leonard
22024,202695,0022400793,2025-02-20,LAC @ MIL,L,32,9,22,0.409,4,8,0.5,3,3,1.0,0,4,4,4,2,0,1,3,25,4,1,2024-25,Regular Season,202695,Kawhi Leonard
22024,202695,0022400842,2025-02-26,LAC @ CHI,W,33,6,14,0.429,3,5,0.6,2,2,1.0,2,6,8,4,4,1,3,1,17,-11,1,2024-25,Regular Season,202695,Kawhi Leonard
22024,202695,0022400859,2025-02-28,LAC @ LAL,L,38,8,17,0.471,3,8,0.375,2,6,0.333,2,2,4,3,2,0,2,1,21,7,1,2024-25,Regular Season,202695,Kawhi Leonard
22024,202695,0022400874,2025-03-02,LAC @ LAL,L,40,13,23,0.565,3,7,0.429,4,5,0.8,4,6,10,0,0,0,3,2,33,-10,1,2024-25,Regular Season,202695,Kawhi Leonard
22024,202695,0022400889,2025-03-04,LAC @ PHX,L,37,9,20,0.45,1,6,0.167,2,2,1.0,2,2,4,3,1,1,2,2,21,4,1,2024-25,Regular Season,202695,Kawhi Leonard
22024,202695,0022400911,2025-03-07,LAC vs. NYK,W,37,6,18,0.333,1,6,0.167,7,8,0.875,2,5,7,6,2,0,2,2,20,3,1,2024-25,Regular Season,202695,Kawhi Leonard
22024,202695,0022400927,2025-03-09,LAC vs. SAC,W,40,7,19,0.368,1,7,0.143,2,4,0.5,0,4,4,2,1,1,2,2,17,-3,1,2024-25,Regular Season,202695,Kawhi Leonard
22024,202695,0022400943,2025-03-11,LAC @ NOP,L,36,12,20,0.6,4,8,0.5,1,3,0.333,1,7,8,3,2,1,1,2,29,1,1,2024-25,Regular Season,202695,Kawhi Leonard
22024,202695,0022400960,2025-03-14,LAC @ ATL,W,36,11,21,0.524,1,4,0.25,2,4,0.5,2,4,6,2,5,0,3,3,25,3,1,2024-25,Regular Season,202695,Kawhi Leonard
22024,202695,0022400538,2025-03-16,LAC vs. CHA,W,27,9,16,0.563,3,4,0.75,2,2,1.0,1,5,6,5,2,1,1,1,23,21,1,2024-25,Regular Season,202695,Kawhi Leonard
22024,202695,0022400997,2025-03-18,LAC vs. CLE,W,35,12,19,0.632,5,6,0.833,4,4,1.0,1,6,7,4,4,0,2,2,33,9,1,2024-25,Regular Season,202695,Kawhi Leonard
22024,202695,0022401023,2025-03-21,LAC vs. MEM,W,37,9,12,0.75,1,3,0.333,4,4,1.0,0,10,10,4,0,0,1,1,23,16,1,2024-25,Regular Season,202695,Kawhi Leonard
22024,202695,0022401036,2025-03-23,LAC vs. OKC,L,40,10,20,0.5,2,4,0.5,3,4,0.75,2,8,10,3,1,1,2,0,25,1,1,2024-25,Regular Season,202695,Kawhi Leonard
22024,202695,0022401056,2025-03-26,LAC @ NYK,W,41,10,18,0.556,2,6,0.333,5,5,1.0,2,8,10,7,0,0,0,3,27,0,1,2024-25,Regular Season,202695,Kawhi Leonard
22024,202695,0022401068,2025-03-28,LAC @ BKN,W,27,10,14,0.714,5,6,0.833,6,6,1.0,0,6,6,2,4,2,1,0,31,32,1,2024-25,Regular Season,202695,Kawhi Leonard
22024,202695,0022401091,2025-03-31,LAC @ ORL,W,39,8,22,0.364,0,6,0.0,5,6,0.833,0,8,8,2,1,1,4,2,21,10,1,2024-25,Regular Season,202695,Kawhi Leonard
22024,202695,0022401111,2025-04-02,LAC vs. NOP,W,38,11,18,0.611,3,5,0.6,3,4,0.75,0,3,3,3,2,0,1,2,28,14,1,2024-25,Regular Season,202695,Kawhi Leonard
22024,202695,0022401127,2025-04-04,LAC vs. DAL,W,24,8,17,0.471,2,5,0.4,2,2,1.0,1,5,6,2,1,0,0,2,20,21,1,2024-25,Regular Season,202695,Kawhi Leonard
22024,202695,0022401132,2025-04-05,LAC vs. DAL,W,25,12,19,0.632,3,5,0.6,2,2,1.0,1,5,6,3,3,1,2,0,29,27,1,2024-25,Regular Season,202695,Kawhi Leonard
22024,202695,0022401166,2025-04-09,LAC vs. HOU,W,38,9,22,0.409,2,6,0.333,2,2,1.0,2,8,10,4,3,0,2,2,22,19,1,2024-25,Regular Season,202695,Kawhi Leonard
22024,202695,0022401184,2025-04-11,LAC @ SAC,W,42,10,21,0.476,2,3,0.667,6,6,1.0,1,6,7,3,1,0,0,3,28,5,1,2024-25,Regular Season,202695,Kawhi Leonard
22024,202695,0022401198,2025-04-13,LAC @ GSW,W,47,13,20,0.65,4,8,0.5,3,5,0.6,0,6,6,7,3,0,5,1,33,17,1,2024-25,Regular Season,202695,Kawhi Leonard
42024,202695,0042400171,2025-04-19,LAC @ DEN,L,41,9,15,0.6,1,3,0.333,3,3,1.0,1,5,6,2,3,0,7,3,22,-2,1,2024-25,Playoffs,202695,Kawhi Leonard
42024,202695,0042400172,2025-04-21,LAC @ DEN,W,39,15,19,0.789,4,7,0.571,5,5,1.0,0,3,3,5,2,1,1,1,39,6,1,2024-25,Playoffs,202695,Kawhi Leonard
42024,202695,0042400173,2025-04-24,LAC vs. DEN,W,35,7,17,0.412,3,6,0.5,4,5,0.8,2,9,11,6,0,0,2,0,21,18,1,2024-25,Playoffs,202695,Kawhi Leonard
42024,202695,0042400174,2025-04-26,LAC vs. DEN,L,40,10,22,0.455,2,5,0.4,2,3,0.667,1,8,9,2,2,0,2,3,24,-2,1,2024-25,Playoffs,202695,Kawhi Leonard
42024,202695,0042400175,2025-04-29,LAC @ DEN,L,37,8,15,0.533,1,4,0.25,3,7,0.429,2,7,9,11,1,2,1,2,20,-7,1,2024-25,Playoffs,202695,Kawhi Leonard
42024,202695,0042400176,2025-05-01,LAC vs. DEN,W,39,11,22,0.5,2,8,0.25,3,4,0.75,4,6,10,5,0,0,1,0,27,14,1,2024-25,Playoffs,202695,Kawhi Leonard
42024,202695,0042400177,2025-05-03,LAC @ DEN,L,33,6,13,0.462,2,4,0.5,8,9,0.889,1,4,5,2,0,2,1,3,22,-33,1,2024-25,Playoffs,202695,Kawhi Leonard
22024,202710,0022400065,2024-10-23,MIA vs. ORL,L,26,1,8,0.125,0,2,0.0,1,2,0.5,1,3,4,5,1,1,1,1,3,-30,1,2024-25,Regular Season,202710,Jimmy Butler III
22024,202710,0022400088,2024-10-26,MIA @ CHA,W,37,7,15,0.467,1,3,0.333,11,17,0.647,4,4,8,8,2,1,1,2,26,-4,1,2024-25,Regular Season,202710,Jimmy Butler III
22024,202710,0022400105,2024-10-28,MIA vs. DET,W,34,7,11,0.636,0,1,0.0,9,11,0.818,3,1,4,7,4,0,0,2,23,8,1,2024-25,Regular Season,202710,Jimmy Butler III
22024,202710,0022400122,2024-10-30,MIA vs. NYK,L,37,6,9,0.667,0,2,0.0,3,4,0.75,2,2,4,4,2,0,4,3,15,-10,1,2024-25,Regular Season,202710,Jimmy Butler III
22024,202710,0022400147,2024-11-02,MIA @ WAS,W,31,6,13,0.462,0,0,0.0,6,8,0.75,6,2,8,4,0,0,4,2,18,4,1,2024-25,Regular Season,202710,Jimmy Butler III
22024,202710,0022400159,2024-11-04,MIA vs. SAC,L,36,9,19,0.474,1,2,0.5,8,11,0.727,1,1,2,6,2,0,1,1,27,11,1,2024-25,Regular Season,202710,Jimmy Butler III
22024,202710,0022400178,2024-11-06,MIA @ PHX,L,37,6,13,0.462,0,2,0.0,3,3,1.0,3,4,7,3,1,0,2,1,15,-3,1,2024-25,Regular Season,202710,Jimmy Butler III
22024,202710,0022400194,2024-11-08,MIA @ DEN,L,7,1,2,0.5,0,1,0.0,0,0,0.0,1,0,1,2,0,0,1,0,2,-10,1,2024-25,Regular Season,202710,Jimmy Butler III
22024,202710,0022400245,2024-11-18,MIA vs. PHI,W,34,8,12,0.667,1,1,1.0,13,13,1.0,5,5,10,5,1,0,0,2,30,29,1,2024-25,Regular Season,202710,Jimmy Butler III
22024,202710,0022400273,2024-11-24,MIA vs. DAL,W,38,11,17,0.647,0,0,0.0,11,16,0.688,3,6,9,6,1,2,3,1,33,4,1,2024-25,Regular Season,202710,Jimmy Butler III
22024,202710,0022400036,2024-11-26,MIA vs. MIL,L,37,6,12,0.5,0,1,0.0,11,13,0.846,2,2,4,5,0,0,1,1,23,-1,1,2024-25,Regular Season,202710,Jimmy Butler III
22024,202710,0022400286,2024-11-27,MIA @ CHA,W,25,2,2,1.0,2,2,1.0,0,0,0.0,0,4,4,3,0,0,2,0,6,14,1,2024-25,Regular Season,202710,Jimmy Butler III
22024,202710,0022400046,2024-11-29,MIA vs. TOR,W,34,8,14,0.571,2,4,0.5,8,9,0.889,0,2,2,6,2,0,0,1,26,13,1,2024-25,Regular Season,202710,Jimmy Butler III
22024,202710,0022400309,2024-12-01,MIA @ TOR,L,34,6,9,0.667,0,0,0.0,5,6,0.833,2,3,5,3,1,0,0,1,17,-9,1,2024-25,Regular Season,202710,Jimmy Butler III
22024,202710,0022400321,2024-12-04,MIA vs. LAL,W,29,8,12,0.667,1,1,1.0,0,1,0.0,5,4,9,5,2,1,1,1,17,26,1,2024-25,Regular Season,202710,Jimmy Butler III
22024,202710,0022400346,2024-12-07,MIA vs. PHX,W,34,9,12,0.75,1,1,1.0,5,5,1.0,2,5,7,4,0,1,1,1,24,11,1,2024-25,Regular Season,202710,Jimmy Butler III
22024,202710,0022400351,2024-12-08,MIA vs. CLE,W,35,6,12,0.5,0,2,0.0,6,8,0.75,1,2,3,5,2,0,1,0,18,10,1,2024-25,Regular Season,202710,Jimmy Butler III
22024,202710,0022401206,2024-12-12,MIA vs. TOR,W,29,3,8,0.375,0,0,0.0,5,8,0.625,3,2,5,4,0,1,3,0,11,16,1,2024-25,Regular Season,202710,Jimmy Butler III
22024,202710,0022401221,2024-12-16,MIA @ DET,L,44,12,21,0.571,1,3,0.333,10,12,0.833,7,12,19,10,4,1,0,0,35,11,1,2024-25,Regular Season,202710,Jimmy Butler III
22024,202710,0022400375,2024-12-20,MIA vs. OKC,L,7,0,0,0.0,0,0,0.0,0,0,0.0,0,0,0,2,0,0,0,0,0,-3,1,2024-25,Regular Season,202710,Jimmy Butler III
22024,202710,0022400457,2025-01-01,MIA vs. NOP,W,25,3,5,0.6,1,2,0.5,2,2,1.0,0,4,4,2,0,0,0,1,9,9,1,2024-25,Regular Season,202710,Jimmy Butler III
22024,202710,0022400463,2025-01-02,MIA vs. IND,L,27,3,6,0.5,1,2,0.5,2,2,1.0,0,2,2,4,2,0,1,0,9,-27,1,2024-25,Regular Season,202710,Jimmy Butler III
22024,202710,0022400579,2025-01-17,MIA vs. DEN,L,33,7,15,0.467,0,2,0.0,4,4,1.0,2,1,3,2,0,0,1,0,18,-11,1,2024-25,Regular Season,202710,Jimmy Butler III
22024,202710,0022400592,2025-01-19,MIA vs. SAS,W,28,3,7,0.429,0,1,0.0,2,2,1.0,0,3,3,7,0,2,0,2,8,19,1,2024-25,Regular Season,202710,Jimmy Butler III
22024,202710,0022400607,2025-01-21,MIA vs. POR,L,27,4,9,0.444,1,1,1.0,4,4,1.0,2,2,4,8,0,0,2,0,13,-19,1,2024-25,Regular Season,202710,Jimmy Butler III
22024,202710,0022400745,2025-02-08,GSW @ CHI,W,29,7,12,0.583,0,1,0.0,11,13,0.846,1,1,2,4,1,1,1,1,25,16,1,2024-25,Regular Season,202710,Jimmy Butler III
22024,202710,0022400760,2025-02-10,GSW @ MIL,W,31,4,12,0.333,0,2,0.0,12,15,0.8,6,3,9,6,4,0,1,4,20,0,1,2024-25,Regular Season,202710,Jimmy Butler III
22024,202710,0022400782,2025-02-12,GSW @ DAL,L,35,8,17,0.471,0,0,0.0,5,6,0.833,6,3,9,7,0,1,3,3,21,-17,1,2024-25,Regular Season,202710,Jimmy Butler III
22024,202710,0022400784,2025-02-13,GSW @ HOU,W,35,6,15,0.4,1,4,0.25,6,6,1.0,4,4,8,4,0,0,0,0,19,10,1,2024-25,Regular Season,202710,Jimmy Butler III
22024,202710,0022400805,2025-02-21,GSW @ SAC,W,32,5,10,0.5,0,1,0.0,7,7,1.0,2,1,3,7,3,0,0,0,17,19,1,2024-25,Regular Season,202710,Jimmy Butler III
22024,202710,0022400812,2025-02-23,GSW vs. DAL,W,28,5,9,0.556,0,2,0.0,8,8,1.0,1,2,3,5,1,0,1,1,18,28,1,2024-25,Regular Season,202710,Jimmy Butler III
22024,202710,0022400834,2025-02-25,GSW vs. CHA,W,19,3,8,0.375,0,1,0.0,0,1,0.0,2,6,8,5,1,0,0,0,6,17,1,2024-25,Regular Season,202710,Jimmy Butler III
22024,202710,0022400845,2025-02-27,GSW @ ORL,W,32,1,7,0.143,0,3,0.0,3,4,0.75,2,2,4,7,0,1,2,1,5,-7,1,2024-25,Regular Season,202710,Jimmy Butler III
22024,202710,0022400875,2025-03-03,GSW @ CHA,W,31,3,7,0.429,1,3,0.333,6,6,1.0,1,2,3,4,1,0,3,1,13,11,1,2024-25,Regular Season,202710,Jimmy Butler III
22024,202710,0022400885,2025-03-04,GSW @ NYK,W,35,6,12,0.5,0,3,0.0,7,9,0.778,1,3,4,4,0,0,1,2,19,1,1,2024-25,Regular Season,202710,Jimmy Butler III
22024,202710,0022400901,2025-03-06,GSW @ BKN,W,35,7,13,0.538,1,1,1.0,10,10,1.0,1,1,2,6,3,0,1,0,25,17,1,2024-25,Regular Season,202710,Jimmy Butler III
22024,202710,0022400919,2025-03-08,GSW vs. DET,W,37,9,17,0.529,2,4,0.5,6,7,0.857,1,8,9,5,0,0,4,0,26,0,1,2024-25,Regular Season,202710,Jimmy Butler III
22024,202710,0022400938,2025-03-10,GSW vs. POR,W,35,4,10,0.4,0,0,0.0,7,8,0.875,4,6,10,10,3,0,1,0,15,1,1,2024-25,Regular Season,202710,Jimmy Butler III
22024,202710,0022400957,2025-03-13,GSW vs. SAC,W,28,2,5,0.4,0,0,0.0,2,2,1.0,1,4,5,7,1,0,2,0,6,2,1,2024-25,Regular Season,202710,Jimmy Butler III
22024,202710,0022400974,2025-03-15,GSW vs. NYK,W,33,3,11,0.273,1,2,0.5,4,4,1.0,3,3,6,7,1,0,1,2,11,10,1,2024-25,Regular Season,202710,Jimmy Butler III
22024,202710,0022400990,2025-03-17,GSW vs. DEN,L,33,8,16,0.5,1,4,0.25,6,10,0.6,3,5,8,6,2,1,2,2,23,-9,1,2024-25,Regular Season,202710,Jimmy Butler III
22024,202710,0022401012,2025-03-18,GSW vs. MIL,W,37,6,13,0.462,1,4,0.25,11,11,1.0,2,6,8,10,0,0,5,2,24,14,1,2024-25,Regular Season,202710,Jimmy Butler III
22024,202710,0022401005,2025-03-20,GSW vs. TOR,W,36,4,15,0.267,1,2,0.5,7,10,0.7,3,8,11,12,2,2,2,2,16,5,1,2024-25,Regular Season,202710,Jimmy Butler III
22024,202710,0022401025,2025-03-22,GSW @ ATL,L,38,7,15,0.467,1,7,0.143,10,14,0.714,0,4,4,8,1,0,1,1,25,11,1,2024-25,Regular Season,202710,Jimmy Butler III
22024,202710,0022401047,2025-03-25,GSW @ MIA,L,29,5,12,0.417,0,2,0.0,1,1,1.0,5,1,6,2,1,0,0,0,11,-19,1,2024-25,Regular Season,202710,Jimmy Butler III
22024,202710,0022401072,2025-03-28,GSW @ NOP,W,35,6,13,0.462,1,6,0.167,5,7,0.714,7,3,10,4,1,0,2,0,18,7,1,2024-25,Regular Season,202710,Jimmy Butler III
22024,202710,0022401086,2025-03-30,GSW @ SAS,W,24,4,5,0.8,1,2,0.5,4,4,1.0,1,2,3,8,4,0,4,0,13,26,1,2024-25,Regular Season,202710,Jimmy Butler III
22024,202710,0022401100,2025-04-01,GSW @ MEM,W,38,7,11,0.636,1,2,0.5,12,12,1.0,1,5,6,4,3,0,2,1,27,6,1,2024-25,Regular Season,202710,Jimmy Butler III
22024,202710,0022401117,2025-04-03,GSW @ LAL,W,36,4,7,0.571,1,2,0.5,2,2,1.0,3,1,4,2,3,0,1,0,11,-1,1,2024-25,Regular Season,202710,Jimmy Butler III
22024,202710,0022401125,2025-04-04,GSW vs. DEN,W,34,6,13,0.462,1,3,0.333,6,6,1.0,3,0,3,5,5,0,1,2,19,21,1,2024-25,Regular Season,202710,Jimmy Butler III
22024,202710,0022401143,2025-04-06,GSW vs. HOU,L,33,4,7,0.571,1,1,1.0,4,4,1.0,2,3,5,3,2,1,1,2,13,-18,1,2024-25,Regular Season,202710,Jimmy Butler III
22024,202710,0022401154,2025-04-08,GSW @ PHX,W,20,2,4,0.5,0,0,0.0,6,7,0.857,1,1,2,3,2,0,0,0,10,22,1,2024-25,Regular Season,202710,Jimmy Butler III
22024,202710,0022401163,2025-04-09,GSW vs. SAS,L,38,5,8,0.625,2,2,1.0,16,17,0.941,2,2,4,7,2,0,1,1,28,-9,1,2024-25,Regular Season,202710,Jimmy Butler III
22024,202710,0022401183,2025-04-11,GSW @ POR,W,28,6,10,0.6,1,2,0.5,11,11,1.0,1,4,5,7,2,0,0,0,24,22,1,2024-25,Regular Season,202710,Jimmy Butler III
22024,202710,0022401198,2025-04-13,GSW vs. LAC,L,48,12,20,0.6,0,2,0.0,6,9,0.667,0,1,1,9,1,1,1,1,30,2,1,2024-25,Regular Season,202710,Jimmy Butler III
42024,202710,0042400151,2025-04-20,GSW @ HOU,W,42,10,19,0.526,1,2,0.5,4,6,0.667,3,4,7,6,5,0,1,1,25,14,1,2024-25,Playoffs,202710,Jimmy Butler III
42024,202710,0042400152,2025-04-23,GSW @ HOU,L,8,1,2,0.5,0,0,0.0,1,2,0.5,0,2,2,0,0,0,0,0,3,-7,1,2024-25,Playoffs,202710,Jimmy Butler III
42024,202710,0042400154,2025-04-28,GSW vs. HOU,W,40,7,12,0.583,1,2,0.5,12,12,1.0,1,4,5,6,0,1,0,3,27,2,1,2024-25,Playoffs,202710,Jimmy Butler III
42024,202710,0042400155,2025-04-30,GSW @ HOU,L,25,2,10,0.2,0,3,0.0,4,5,0.8,4,1,5,2,2,0,0,2,8,-23,1,2024-25,Playoffs,202710,Jimmy Butler III
42024,202710,0042400156,2025-05-02,GSW vs. HOU,L,42,7,17,0.412,1,6,0.167,12,14,0.857,2,7,9,8,0,1,1,2,27,-12,1,2024-25,Playoffs,202710,Jimmy Butler III
42024,202710,0042400157,2025-05-04,GSW @ HOU,W,45,7,13,0.538,2,3,0.667,4,5,0.8,0,8,8,7,1,0,1,1,20,10,1,2024-25,Playoffs,202710,Jimmy Butler III
42024,202710,0042400231,2025-05-06,GSW @ MIN,W,41,7,20,0.35,2,8,0.25,4,6,0.667,7,4,11,8,2,0,1,0,20,15,1,2024-25,Playoffs,202710,Jimmy Butler III
42024,202710,0042400232,2025-05-08,GSW @ MIN,L,34,6,13,0.462,2,4,0.5,3,5,0.6,2,5,7,4,1,0,2,2,17,-4,1,2024-25,Playoffs,202710,Jimmy Butler III
42024,202710,0042400233,2025-05-10,GSW vs. MIN,L,43,12,26,0.462,2,4,0.5,7,9,0.778,1,6,7,7,0,0,4,4,33,-1,1,2024-25,Playoffs,202710,Jimmy Butler III
42024,202710,0042400234,2025-05-12,GSW vs. MIN,L,34,5,9,0.556,0,1,0.0,4,5,0.8,3,3,6,3,0,1,2,2,14,-30,1,2024-25,Playoffs,202710,Jimmy Butler III
42024,202710,0042400235,2025-05-14,GSW @ MIN,L,42,4,11,0.364,0,3,0.0,9,11,0.818,3,3,6,6,3,0,1,2,17,-17,1,2024-25,Playoffs,202710,Jimmy Butler III
22024,1629630,0022400070,2024-10-23,MEM @ UTA,W,28,7,12,0.583,0,2,0.0,8,9,0.889,0,5,5,10,1,0,3,4,22,-3,1,2024-25,Regular Season,1629630,Ja Morant
22024,1629630,0022400082,2024-10-25,MEM @ HOU,L,24,8,17,0.471,2,4,0.5,6,9,0.667,0,0,0,2,0,0,6,1,24,-9,1,2024-25,Regular Season,1629630,Ja Morant
22024,1629630,0022400092,2024-10-26,MEM vs. ORL,W,25,4,12,0.333,0,6,0.0,8,8,1.0,0,2,2,10,0,1,3,3,16,18,1,2024-25,Regular Season,1629630,Ja Morant
22024,1629630,0022400124,2024-10-30,MEM vs. BKN,L,29,5,16,0.313,1,6,0.167,3,4,0.75,2,6,8,11,0,0,5,3,14,4,1,2024-25,Regular Season,1629630,Ja Morant
22024,1629630,0022400128,2024-10-31,MEM vs. MIL,W,29,9,16,0.563,2,5,0.4,6,7,0.857,1,9,10,14,1,0,3,0,26,29,1,2024-25,Regular Season,1629630,Ja Morant
22024,1629630,0022400142,2024-11-02,MEM @ PHI,W,31,6,13,0.462,0,2,0.0,6,8,0.75,0,6,6,12,2,0,6,1,18,21,1,2024-25,Regular Season,1629630,Ja Morant
22024,1629630,0022400158,2024-11-04,MEM @ BKN,L,33,10,22,0.455,1,3,0.333,4,4,1.0,1,4,5,9,0,0,3,0,25,2,1,2024-25,Regular Season,1629630,Ja Morant
22024,1629630,0022400174,2024-11-06,MEM vs. LAL,W,24,7,17,0.412,2,3,0.667,4,5,0.8,0,4,4,5,1,1,5,2,20,8,1,2024-25,Regular Season,1629630,Ja Morant
22024,1629630,0022400282,2024-11-25,MEM vs. POR,W,23,6,12,0.5,2,3,0.667,8,10,0.8,1,1,2,11,0,1,2,1,22,22,1,2024-25,Regular Season,1629630,Ja Morant
22024,1629630,0022400042,2024-11-29,MEM vs. NOP,W,29,10,18,0.556,0,4,0.0,7,7,1.0,0,3,3,7,3,0,5,1,27,7,1,2024-25,Regular Season,1629630,Ja Morant
22024,1629630,0022400306,2024-12-01,MEM vs. IND,W,27,6,13,0.462,2,7,0.286,5,6,0.833,0,2,2,8,1,1,0,2,19,13,1,2024-25,Regular Season,1629630,Ja Morant
22024,1629630,0022400056,2024-12-03,MEM @ DAL,L,31,11,22,0.5,3,6,0.5,6,7,0.857,0,2,2,4,3,0,6,1,31,-8,1,2024-25,Regular Season,1629630,Ja Morant
22024,1629630,0022400329,2024-12-05,MEM vs. SAC,W,28,2,13,0.154,0,6,0.0,4,4,1.0,2,1,3,7,0,1,2,2,8,-32,1,2024-25,Regular Season,1629630,Ja Morant
22024,1629630,0022400345,2024-12-07,MEM @ BOS,W,34,11,20,0.55,4,6,0.667,6,7,0.857,1,8,9,9,2,0,3,3,32,2,1,2024-25,Regular Season,1629630,Ja Morant
22024,1629630,0022401211,2024-12-13,MEM vs. BKN,W,32,10,19,0.526,3,6,0.5,5,8,0.625,2,5,7,10,1,0,3,2,28,25,1,2024-25,Regular Season,1629630,Ja Morant
22024,1629630,0022401220,2024-12-15,MEM @ LAL,L,31,6,21,0.286,2,7,0.286,6,8,0.75,2,5,7,6,3,0,7,3,20,-8,1,2024-25,Regular Season,1629630,Ja Morant
22024,1629630,0022400366,2024-12-19,MEM vs. GSW,W,17,4,9,0.444,1,5,0.2,0,0,0.0,1,2,3,3,2,2,1,1,9,24,1,2024-25,Regular Season,1629630,Ja Morant
22024,1629630,0022400399,2024-12-23,MEM vs. LAC,L,29,7,20,0.35,2,8,0.25,7,8,0.875,0,6,6,4,1,1,7,0,23,-12,1,2024-25,Regular Season,1629630,Ja Morant
22024,1629630,0022400414,2024-12-26,MEM vs. TOR,W,24,5,10,0.5,1,3,0.333,4,4,1.0,0,2,2,9,0,0,3,0,15,28,1,2024-25,Regular Season,1629630,Ja Morant
22024,1629630,0022400423,2024-12-27,MEM @ NOP,W,25,8,11,0.727,3,4,0.75,6,7,0.857,0,2,2,7,1,0,3,2,25,21,1,2024-25,Regular Season,1629630,Ja Morant
22024,1629630,0022400520,2025-01-09,MEM vs. HOU,L,29,9,22,0.409,1,5,0.2,8,11,0.727,1,2,3,3,1,0,4,2,27,-7,1,2024-25,Regular Season,1629630,Ja Morant
22024,1629630,0022400535,2025-01-11,MEM @ MIN,W,30,5,19,0.263,0,4,0.0,2,2,1.0,2,3,5,4,1,0,5,4,12,1,1,2024-25,Regular Season,1629630,Ja Morant
22024,1629630,0022400551,2025-01-13,MEM @ HOU,L,37,11,24,0.458,4,11,0.364,3,6,0.5,0,3,3,4,4,0,7,2,29,11,1,2024-25,Regular Season,1629630,Ja Morant
22024,1629630,0022400567,2025-01-15,MEM @ SAS,W,31,9,13,0.692,1,2,0.5,2,2,1.0,0,4,4,12,2,0,2,3,21,22,1,2024-25,Regular Season,1629630,Ja Morant
22024,1629630,0022400601,2025-01-20,MEM vs. MIN,W,30,5,16,0.313,0,4,0.0,9,13,0.692,0,4,4,7,1,0,2,2,19,15,1,2024-25,Regular Season,1629630,Ja Morant
22024,1629630,0022400616,2025-01-22,MEM vs. CHA,W,32,5,9,0.556,2,5,0.4,4,4,1.0,0,4,4,13,3,1,5,2,16,4,1,2024-25,Regular Season,1629630,Ja Morant
22024,1629630,0022400643,2025-01-25,MEM vs. UTA,W,26,4,9,0.444,2,6,0.333,1,2,0.5,1,0,1,7,1,0,4,4,11,24,1,2024-25,Regular Season,1629630,Ja Morant
22024,1629630,0022400653,2025-01-27,MEM @ NYK,L,27,5,13,0.385,0,1,0.0,0,0,0.0,1,4,5,2,0,0,4,0,10,-41,1,2024-25,Regular Season,1629630,Ja Morant
22024,1629630,0022400703,2025-02-03,MEM vs. SAS,W,29,9,18,0.5,4,6,0.667,3,3,1.0,1,2,3,11,3,0,4,1,25,9,1,2024-25,Regular Season,1629630,Ja Morant
22024,1629630,0022400722,2025-02-05,MEM @ TOR,W,25,9,14,0.643,3,7,0.429,5,6,0.833,0,5,5,4,2,0,5,4,26,16,1,2024-25,Regular Season,1629630,Ja Morant
22024,1629630,0022400746,2025-02-08,MEM vs. OKC,L,36,6,19,0.316,2,4,0.5,2,4,0.5,1,4,5,7,0,2,1,2,16,-12,1,2024-25,Regular Season,1629630,Ja Morant
22024,1629630,0022400767,2025-02-11,MEM @ PHX,W,33,8,19,0.421,0,5,0.0,10,12,0.833,1,6,7,6,1,0,2,1,26,14,1,2024-25,Regular Season,1629630,Ja Morant
22024,1629630,0022400788,2025-02-20,MEM @ IND,L,30,4,15,0.267,0,3,0.0,4,5,0.8,0,0,0,6,0,0,5,3,12,-11,1,2024-25,Regular Season,1629630,Ja Morant
22024,1629630,0022400798,2025-02-21,MEM @ ORL,W,33,10,24,0.417,1,7,0.143,2,2,1.0,1,3,4,5,1,0,7,3,23,1,1,2024-25,Regular Season,1629630,Ja Morant
22024,1629630,0022400819,2025-02-23,MEM @ CLE,L,34,6,13,0.462,2,4,0.5,7,7,1.0,0,2,2,10,0,0,1,5,21,-5,1,2024-25,Regular Season,1629630,Ja Morant
22024,1629630,0022400832,2025-02-25,MEM vs. PHX,W,37,7,25,0.28,1,12,0.083,14,14,1.0,0,4,4,8,2,0,5,5,29,6,1,2024-25,Regular Season,1629630,Ja Morant
22024,1629630,0022400856,2025-02-28,MEM vs. NYK,L,31,9,22,0.409,0,6,0.0,7,7,1.0,0,4,4,7,1,0,4,3,25,8,1,2024-25,Regular Season,1629630,Ja Morant
22024,1629630,0022400895,2025-03-05,MEM vs. OKC,L,32,8,22,0.364,2,9,0.222,6,6,1.0,0,3,3,6,1,0,5,5,24,-21,1,2024-25,Regular Season,1629630,Ja Morant
22024,1629630,0022400906,2025-03-07,MEM @ DAL,W,35,13,29,0.448,1,5,0.2,4,5,0.8,1,3,4,8,1,0,3,3,31,16,1,2024-25,Regular Season,1629630,Ja Morant
22024,1629630,0022400923,2025-03-09,MEM @ NOP,W,37,11,23,0.478,3,9,0.333,7,11,0.636,1,3,4,6,3,0,1,3,32,11,1,2024-25,Regular Season,1629630,Ja Morant
22024,1629630,0022400935,2025-03-10,MEM vs. PHX,W,34,9,13,0.692,1,5,0.2,10,10,1.0,1,3,4,12,1,0,5,3,29,15,1,2024-25,Regular Season,1629630,Ja Morant
22024,1629630,0022400950,2025-03-12,MEM vs. UTA,W,31,8,17,0.471,4,7,0.571,8,11,0.727,0,1,1,7,1,0,2,0,28,3,1,2024-25,Regular Season,1629630,Ja Morant
22024,1629630,0022400962,2025-03-14,MEM vs. CLE,L,35,17,22,0.773,1,4,0.25,9,10,0.9,0,8,8,7,1,0,2,3,44,-6,1,2024-25,Regular Season,1629630,Ja Morant
22024,1629630,0022401078,2025-03-29,MEM vs. LAL,L,31,9,23,0.391,1,5,0.2,3,5,0.6,1,7,8,10,1,0,4,3,22,0,1,2024-25,Regular Season,1629630,Ja Morant
22024,1629630,0022401093,2025-03-31,MEM vs. BOS,L,35,10,20,0.5,2,7,0.286,4,6,0.667,1,5,6,5,2,0,2,1,26,-6,1,2024-25,Regular Season,1629630,Ja Morant
22024,1629630,0022401100,2025-04-01,MEM vs. GSW,L,33,14,22,0.636,5,8,0.625,3,3,1.0,0,3,3,6,2,0,6,4,36,-11,1,2024-25,Regular Season,1629630,Ja Morant
22024,1629630,0022401114,2025-04-03,MEM @ MIA,W,32,11,22,0.5,3,7,0.429,5,6,0.833,2,3,5,3,1,0,4,4,30,3,1,2024-25,Regular Season,1629630,Ja Morant
22024,1629630,0022401146,2025-04-08,MEM @ CHA,W,27,10,21,0.476,4,10,0.4,4,4,1.0,3,2,5,8,0,1,0,1,28,31,1,2024-25,Regular Season,1629630,Ja Morant
22024,1629630,0022401170,2025-04-10,MEM vs. MIN,L,36,13,27,0.481,5,13,0.385,5,7,0.714,1,0,1,6,1,0,5,3,36,-3,1,2024-25,Regular Season,1629630,Ja Morant
22024,1629630,0022401180,2025-04-11,MEM @ DEN,L,34,8,21,0.381,2,8,0.25,3,5,0.6,1,1,2,6,1,0,3,2,21,-13,1,2024-25,Regular Season,1629630,Ja Morant
42024,1629630,0042400141,2025-04-20,MEM @ OKC,L,26,6,17,0.353,1,6,0.167,4,5,0.8,1,2,3,4,0,1,1,2,17,-25,1,2024-25,Playoffs,1629630,Ja Morant
42024,1629630,0042400142,2025-04-22,MEM @ OKC,L,40,10,25,0.4,2,6,0.333,1,2,0.5,0,2,2,6,2,1,5,1,23,-7,1,2024-25,Playoffs,1629630,Ja Morant
42024,1629630,0042400143,2025-04-24,MEM vs. OKC,L,16,6,11,0.545,1,4,0.25,2,4,0.5,0,1,1,5,0,0,0,0,15,16,1,2024-25,Playoffs,1629630,Ja Morant
22024,1626164,0022400071,2024-10-23,PHX @ LAC,W,32,5,9,0.556,4,5,0.8,1,2,0.5,0,4,4,6,1,1,4,6,15,-4,1,2024-25,Regular Season,1626164,Devin Booker
22024,1626164,0022400085,2024-10-25,PHX @ LAL,L,35,9,21,0.429,4,10,0.4,1,2,0.5,2,1,3,4,1,1,2,3,23,-10,1,2024-25,Regular Season,1626164,Devin Booker
22024,1626164,0022400095,2024-10-26,PHX vs. DAL,W,37,4,12,0.333,2,8,0.25,11,12,0.917,0,1,1,5,1,0,1,3,21,7,1,2024-25,Regular Season,1626164,Devin Booker
22024,1626164,0022400111,2024-10-28,PHX vs. LAL,W,39,11,23,0.478,3,8,0.375,8,8,1.0,1,2,3,2,1,0,2,1,33,2,1,2024-25,Regular Season,1626164,Devin Booker
22024,1626164,0022400131,2024-10-31,PHX @ LAC,W,38,11,18,0.611,5,9,0.556,13,15,0.867,1,4,5,8,3,0,2,1,40,20,1,2024-25,Regular Season,1626164,Devin Booker
22024,1626164,0022400149,2024-11-02,PHX vs. POR,W,36,9,23,0.391,2,10,0.2,8,9,0.889,3,6,9,9,0,0,1,1,28,7,1,2024-25,Regular Season,1626164,Devin Booker
22024,1626164,0022400167,2024-11-04,PHX vs. PHI,W,38,3,18,0.167,0,6,0.0,7,7,1.0,2,1,3,6,1,1,2,1,13,1,1,2024-25,Regular Season,1626164,Devin Booker
22024,1626164,0022400178,2024-11-06,PHX vs. MIA,W,39,9,17,0.529,2,7,0.286,2,3,0.667,1,3,4,9,0,0,3,1,22,8,1,2024-25,Regular Season,1626164,Devin Booker
22024,1626164,0022400190,2024-11-08,PHX @ DAL,W,35,5,13,0.385,1,8,0.125,2,2,1.0,2,4,6,12,0,0,0,2,13,-17,1,2024-25,Regular Season,1626164,Devin Booker
22024,1626164,0022400209,2024-11-10,PHX vs. SAC,L,43,9,22,0.409,3,10,0.3,2,2,1.0,0,1,1,12,2,0,2,2,23,-9,1,2024-25,Regular Season,1626164,Devin Booker
22024,1626164,0022400006,2024-11-12,PHX @ UTA,W,34,11,20,0.55,5,9,0.556,4,6,0.667,1,1,2,4,2,2,0,0,31,2,1,2024-25,Regular Season,1626164,Devin Booker
22024,1626164,0022400227,2024-11-13,PHX @ SAC,L,31,6,16,0.375,1,4,0.25,5,6,0.833,2,1,3,5,2,0,3,0,18,-16,1,2024-25,Regular Season,1626164,Devin Booker
22024,1626164,0022400018,2024-11-15,PHX @ OKC,L,34,2,10,0.2,0,0,0.0,8,8,1.0,1,3,4,4,1,1,4,2,12,-29,1,2024-25,Regular Season,1626164,Devin Booker
22024,1626164,0022400234,2024-11-17,PHX @ MIN,L,40,15,29,0.517,6,13,0.462,8,9,0.889,3,3,6,7,0,1,4,4,44,4,1,2024-25,Regular Season,1626164,Devin Booker
22024,1626164,0022400249,2024-11-18,PHX vs. ORL,L,38,5,14,0.357,1,7,0.143,6,6,1.0,0,2,2,5,1,0,2,5,17,-5,1,2024-25,Regular Season,1626164,Devin Booker
22024,1626164,0022400257,2024-11-20,PHX vs. NYK,L,38,12,23,0.522,2,7,0.286,7,8,0.875,2,1,3,5,0,0,1,3,33,-19,1,2024-25,Regular Season,1626164,Devin Booker
22024,1626164,0022400039,2024-11-26,PHX vs. LAL,W,34,10,17,0.588,3,7,0.429,3,4,0.75,1,1,2,10,1,1,3,0,26,29,1,2024-25,Regular Season,1626164,Devin Booker
22024,1626164,0022400297,2024-11-27,PHX vs. BKN,L,39,8,18,0.444,3,9,0.333,12,13,0.923,1,2,3,4,0,0,3,5,31,-9,1,2024-25,Regular Season,1626164,Devin Booker
22024,1626164,0022400303,2024-11-30,PHX vs. GSW,W,38,8,20,0.4,3,8,0.375,8,8,1.0,0,3,3,9,2,0,1,1,27,1,1,2024-25,Regular Season,1626164,Devin Booker
22024,1626164,0022400057,2024-12-03,PHX vs. SAS,W,39,10,21,0.476,4,10,0.4,5,5,1.0,0,9,9,5,2,1,5,5,29,12,1,2024-25,Regular Season,1626164,Devin Booker
22024,1626164,0022400330,2024-12-05,PHX @ NOP,L,37,6,20,0.3,3,10,0.3,13,14,0.929,1,3,4,2,1,0,3,1,28,-10,1,2024-25,Regular Season,1626164,Devin Booker
22024,1626164,0022400346,2024-12-07,PHX @ MIA,L,37,6,16,0.375,1,6,0.167,8,8,1.0,1,3,4,7,0,0,5,4,21,-9,1,2024-25,Regular Season,1626164,Devin Booker
22024,1626164,0022400352,2024-12-08,PHX @ ORL,L,38,8,21,0.381,1,5,0.2,8,9,0.889,1,3,4,7,4,0,3,5,25,-1,1,2024-25,Regular Season,1626164,Devin Booker
22024,1626164,0022401214,2024-12-13,PHX @ UTA,W,38,13,27,0.481,6,13,0.462,2,2,1.0,2,0,2,8,1,0,0,1,34,10,1,2024-25,Regular Season,1626164,Devin Booker
22024,1626164,0022401219,2024-12-15,PHX vs. POR,W,37,7,14,0.5,4,8,0.5,10,12,0.833,1,2,3,5,1,0,2,0,28,1,1,2024-25,Regular Season,1626164,Devin Booker
22024,1626164,0022400369,2024-12-19,PHX vs. IND,L,25,5,10,0.5,0,3,0.0,7,8,0.875,1,1,2,6,1,0,1,0,17,-9,1,2024-25,Regular Season,1626164,Devin Booker
22024,1626164,0022400453,2024-12-31,PHX vs. MEM,L,30,4,20,0.2,2,8,0.25,6,6,1.0,1,3,4,9,1,0,3,1,16,-1,1,2024-25,Regular Season,1626164,Devin Booker
22024,1626164,0022400480,2025-01-04,PHX @ IND,L,36,7,15,0.467,2,5,0.4,4,5,0.8,0,8,8,9,0,0,1,3,20,-16,1,2024-25,Regular Season,1626164,Devin Booker
22024,1626164,0022400494,2025-01-06,PHX @ PHI,W,38,3,16,0.188,1,5,0.2,3,6,0.5,0,4,4,10,2,0,3,2,10,9,1,2024-25,Regular Season,1626164,Devin Booker
22024,1626164,0022400502,2025-01-07,PHX @ CHA,L,39,14,25,0.56,2,8,0.25,9,9,1.0,1,5,6,10,0,0,3,2,39,2,1,2024-25,Regular Season,1626164,Devin Booker
22024,1626164,0022400522,2025-01-09,PHX vs. ATL,W,40,9,21,0.429,0,8,0.0,2,3,0.667,0,3,3,12,1,0,2,2,20,10,1,2024-25,Regular Season,1626164,Devin Booker
22024,1626164,0022400533,2025-01-11,PHX vs. UTA,W,36,12,20,0.6,6,12,0.5,4,4,1.0,2,3,5,4,2,0,3,3,34,16,1,2024-25,Regular Season,1626164,Devin Booker
22024,1626164,0022400547,2025-01-12,PHX vs. CHA,W,39,10,20,0.5,4,9,0.444,6,6,1.0,0,5,5,8,3,0,1,1,30,-4,1,2024-25,Regular Season,1626164,Devin Booker
22024,1626164,0022400556,2025-01-14,PHX @ ATL,L,38,12,23,0.522,7,14,0.5,4,4,1.0,3,2,5,5,3,0,5,4,35,6,1,2024-25,Regular Season,1626164,Devin Booker
22024,1626164,0022400573,2025-01-16,PHX @ WAS,W,39,10,24,0.417,4,9,0.444,13,15,0.867,1,2,3,5,2,1,4,2,37,14,1,2024-25,Regular Season,1626164,Devin Booker
22024,1626164,0022400586,2025-01-18,PHX @ DET,W,42,11,22,0.5,1,5,0.2,12,13,0.923,0,5,5,3,1,0,2,2,35,-5,1,2024-25,Regular Season,1626164,Devin Booker
22024,1626164,0022400603,2025-01-20,PHX @ CLE,L,32,6,14,0.429,1,4,0.25,2,4,0.5,0,3,3,4,0,1,6,4,15,-20,1,2024-25,Regular Season,1626164,Devin Booker
22024,1626164,0022400613,2025-01-22,PHX @ BKN,W,36,14,24,0.583,3,8,0.375,1,1,1.0,0,2,2,6,2,0,0,2,32,17,1,2024-25,Regular Season,1626164,Devin Booker
22024,1626164,0022400645,2025-01-25,PHX vs. WAS,W,39,5,18,0.278,0,8,0.0,8,8,1.0,0,6,6,7,1,1,3,1,18,7,1,2024-25,Regular Season,1626164,Devin Booker
22024,1626164,0022400659,2025-01-27,PHX vs. LAC,W,39,9,21,0.429,5,10,0.5,3,3,1.0,2,5,7,8,1,0,2,5,26,-8,1,2024-25,Regular Season,1626164,Devin Booker
22024,1626164,0022400672,2025-01-29,PHX vs. MIN,L,41,11,19,0.579,2,7,0.286,4,5,0.8,1,3,4,8,0,0,9,4,28,3,1,2024-25,Regular Season,1626164,Devin Booker
22024,1626164,0022400685,2025-01-31,PHX @ GSW,W,34,12,23,0.522,5,11,0.455,2,3,0.667,1,4,5,11,1,0,2,2,31,28,1,2024-25,Regular Season,1626164,Devin Booker
22024,1626164,0022400694,2025-02-01,PHX @ POR,L,35,11,18,0.611,2,6,0.333,13,14,0.929,0,4,4,5,0,0,5,3,37,-17,1,2024-25,Regular Season,1626164,Devin Booker
22024,1626164,0022400709,2025-02-03,PHX @ POR,L,47,9,18,0.5,3,8,0.375,13,14,0.929,0,3,3,4,0,0,1,5,34,4,1,2024-25,Regular Season,1626164,Devin Booker
22024,1626164,0022400724,2025-02-05,PHX @ OKC,L,31,3,9,0.333,0,3,0.0,13,15,0.867,0,2,2,3,0,0,6,1,19,-38,1,2024-25,Regular Season,1626164,Devin Booker
22024,1626164,0022400740,2025-02-07,PHX vs. UTA,W,49,18,33,0.545,3,10,0.3,8,9,0.889,1,5,6,11,1,0,4,4,47,7,1,2024-25,Regular Season,1626164,Devin Booker
22024,1626164,0022400749,2025-02-08,PHX vs. DEN,L,34,8,19,0.421,3,8,0.375,5,5,1.0,3,4,7,3,0,0,2,3,24,-18,1,2024-25,Regular Season,1626164,Devin Booker
22024,1626164,0022400767,2025-02-11,PHX vs. MEM,L,40,6,13,0.462,0,3,0.0,5,5,1.0,0,2,2,9,0,0,2,4,17,-8,1,2024-25,Regular Season,1626164,Devin Booker
22024,1626164,0022400795,2025-02-20,PHX @ SAS,L,41,4,14,0.286,2,7,0.286,7,8,0.875,0,2,2,8,1,1,4,4,17,-4,1,2024-25,Regular Season,1626164,Devin Booker
22024,1626164,0022400806,2025-02-22,PHX @ CHI,W,38,10,20,0.5,4,7,0.571,5,6,0.833,2,2,4,8,2,0,3,3,29,-4,1,2024-25,Regular Season,1626164,Devin Booker
22024,1626164,0022400816,2025-02-23,PHX @ TOR,L,37,12,25,0.48,3,8,0.375,4,4,1.0,0,4,4,8,2,1,1,5,31,-11,1,2024-25,Regular Season,1626164,Devin Booker
22024,1626164,0022400832,2025-02-25,PHX @ MEM,L,35,12,20,0.6,2,4,0.5,2,2,1.0,2,1,3,10,0,0,5,6,28,3,1,2024-25,Regular Season,1626164,Devin Booker
22024,1626164,0022400848,2025-02-27,PHX vs. NOP,L,42,13,29,0.448,6,16,0.375,4,4,1.0,3,4,7,9,1,0,4,3,36,-6,1,2024-25,Regular Season,1626164,Devin Booker
22024,1626164,0022400857,2025-02-28,PHX vs. NOP,W,37,6,13,0.462,3,9,0.333,2,2,1.0,0,0,0,9,1,0,1,3,17,13,1,2024-25,Regular Season,1626164,Devin Booker
22024,1626164,0022400873,2025-03-02,PHX vs. MIN,L,35,5,12,0.417,3,7,0.429,4,4,1.0,1,3,4,5,1,0,6,3,17,-26,1,2024-25,Regular Season,1626164,Devin Booker
22024,1626164,0022400889,2025-03-04,PHX vs. LAC,W,41,6,11,0.545,1,4,0.25,4,8,0.5,1,4,5,8,0,0,5,4,17,-9,1,2024-25,Regular Season,1626164,Devin Booker
22024,1626164,0022400909,2025-03-07,PHX @ DEN,L,44,10,19,0.526,5,10,0.5,9,9,1.0,1,5,6,7,2,0,4,3,34,-13,1,2024-25,Regular Season,1626164,Devin Booker
22024,1626164,0022400921,2025-03-09,PHX @ DAL,W,38,10,21,0.476,0,6,0.0,4,4,1.0,0,3,3,6,1,0,1,3,24,8,1,2024-25,Regular Season,1626164,Devin Booker
22024,1626164,0022400935,2025-03-10,PHX @ MEM,L,40,9,21,0.429,3,8,0.375,5,6,0.833,2,7,9,6,1,0,5,4,26,7,1,2024-25,Regular Season,1626164,Devin Booker
22024,1626164,0022400949,2025-03-12,PHX @ HOU,L,37,7,15,0.467,2,5,0.4,3,5,0.6,0,3,3,4,0,0,2,3,19,-5,1,2024-25,Regular Season,1626164,Devin Booker
22024,1626164,0022400967,2025-03-14,PHX vs. SAC,W,37,8,17,0.471,4,10,0.4,2,2,1.0,1,3,4,13,1,0,3,1,22,9,1,2024-25,Regular Season,1626164,Devin Booker
22024,1626164,0022400977,2025-03-16,PHX @ LAL,L,40,6,17,0.353,0,3,0.0,7,7,1.0,3,3,6,11,1,0,3,5,19,-13,1,2024-25,Regular Season,1626164,Devin Booker
22024,1626164,0022400991,2025-03-17,PHX vs. TOR,W,32,8,15,0.533,3,6,0.5,8,8,1.0,0,4,4,6,0,0,1,3,27,23,1,2024-25,Regular Season,1626164,Devin Booker
22024,1626164,0022401007,2025-03-19,PHX vs. CHI,W,36,14,26,0.538,6,12,0.5,7,7,1.0,1,3,4,7,0,0,4,0,41,10,1,2024-25,Regular Season,1626164,Devin Booker
22024,1626164,0022401021,2025-03-21,PHX vs. CLE,W,39,7,17,0.412,1,4,0.25,2,2,1.0,0,2,2,10,0,0,1,4,17,13,1,2024-25,Regular Season,1626164,Devin Booker
22024,1626164,0022401043,2025-03-24,PHX vs. MIL,W,40,7,18,0.389,0,5,0.0,5,5,1.0,2,5,7,12,0,0,5,3,19,13,1,2024-25,Regular Season,1626164,Devin Booker
22024,1626164,0022401058,2025-03-26,PHX vs. BOS,L,34,4,13,0.308,1,6,0.167,5,6,0.833,1,6,7,10,0,0,3,2,14,-33,1,2024-25,Regular Season,1626164,Devin Booker
22024,1626164,0022401071,2025-03-28,PHX @ MIN,L,39,4,14,0.286,0,6,0.0,2,3,0.667,0,0,0,6,1,0,4,2,10,-20,1,2024-25,Regular Season,1626164,Devin Booker
22024,1626164,0022401088,2025-03-30,PHX vs. HOU,L,31,12,17,0.706,1,4,0.25,3,4,0.75,1,2,3,3,0,0,4,4,28,-26,1,2024-25,Regular Season,1626164,Devin Booker
22024,1626164,0022401101,2025-04-01,PHX @ MIL,L,43,14,32,0.438,3,11,0.273,8,8,1.0,1,2,3,11,0,0,5,2,39,-20,1,2024-25,Regular Season,1626164,Devin Booker
22024,1626164,0022401120,2025-04-04,PHX @ BOS,L,38,15,29,0.517,2,6,0.333,5,5,1.0,2,3,5,6,0,0,2,2,37,-8,1,2024-25,Regular Season,1626164,Devin Booker
22024,1626164,0022401140,2025-04-06,PHX @ NYK,L,40,16,29,0.552,2,7,0.286,6,7,0.857,3,1,4,3,1,0,4,4,40,-9,1,2024-25,Regular Season,1626164,Devin Booker
22024,1626164,0022401154,2025-04-08,PHX vs. GSW,L,30,7,17,0.412,0,5,0.0,7,7,1.0,1,2,3,4,0,1,5,0,21,-32,1,2024-25,Regular Season,1626164,Devin Booker
22024,1626164,0022401164,2025-04-09,PHX vs. OKC,L,40,9,20,0.45,0,4,0.0,2,4,0.5,2,4,6,14,1,0,4,4,20,-12,1,2024-25,Regular Season,1626164,Devin Booker
22024,1626164,0022401182,2025-04-11,PHX vs. SAS,W,28,8,12,0.667,1,2,0.5,1,1,1.0,0,3,3,5,0,1,3,1,18,30,1,2024-25,Regular Season,1626164,Devin Booker
22024,1629627,0022400086,2024-10-25,NOP @ POR,W,29,4,15,0.267,0,1,0.0,8,14,0.571,3,8,11,7,1,3,1,3,16,7,1,2024-25,Regular Season,1629627,Zion Williamson
22024,1629627,0022400099,2024-10-27,NOP @ POR,L,28,3,12,0.25,0,0,0.0,8,10,0.8,2,1,3,4,0,1,3,3,14,-5,1,2024-25,Regular Season,1629627,Zion Williamson
22024,1629627,0022400116,2024-10-29,NOP @ GSW,L,30,12,19,0.632,1,2,0.5,6,8,0.75,2,6,8,3,0,1,7,3,31,-14,1,2024-25,Regular Season,1629627,Zion Williamson
22024,1629627,0022400126,2024-10-30,NOP @ GSW,L,33,5,20,0.25,0,1,0.0,2,7,0.286,6,6,12,4,0,1,4,3,12,-16,1,2024-25,Regular Season,1629627,Zion Williamson
22024,1629627,0022400138,2024-11-01,NOP vs. IND,W,37,14,20,0.7,1,2,0.5,5,8,0.625,1,5,6,10,2,0,3,3,34,17,1,2024-25,Regular Season,1629627,Zion Williamson
22024,1629627,0022400175,2024-11-06,NOP vs. CLE,L,29,9,18,0.5,0,0,0.0,11,13,0.846,2,6,8,4,1,1,4,3,29,-3,1,2024-25,Regular Season,1629627,Zion Williamson
22024,1629627,0022400505,2025-01-07,NOP vs. MIN,L,28,9,15,0.6,0,2,0.0,4,9,0.444,4,2,6,4,3,1,4,3,22,8,1,2024-25,Regular Season,1629627,Zion Williamson
22024,1629627,0022400542,2025-01-12,NOP @ BOS,L,28,5,15,0.333,0,2,0.0,6,7,0.857,1,6,7,3,5,0,2,1,16,4,1,2024-25,Regular Season,1629627,Zion Williamson
22024,1629627,0022400557,2025-01-14,NOP @ CHI,W,24,10,14,0.714,0,0,0.0,1,4,0.25,5,2,7,9,0,1,4,3,21,7,1,2024-25,Regular Season,1629627,Zion Williamson
22024,1629627,0022400581,2025-01-17,NOP vs. UTA,W,23,11,21,0.524,0,0,0.0,2,5,0.4,8,6,14,6,0,3,2,4,24,5,1,2024-25,Regular Season,1629627,Zion Williamson
22024,1629627,0022400637,2025-01-25,NOP @ CHA,L,26,11,20,0.55,0,0,0.0,6,8,0.75,3,8,11,2,1,1,4,4,28,-20,1,2024-25,Regular Season,1629627,Zion Williamson
22024,1629627,0022400654,2025-01-27,NOP @ TOR,L,27,13,18,0.722,0,0,0.0,5,8,0.625,0,7,7,2,0,3,3,4,31,-11,1,2024-25,Regular Season,1629627,Zion Williamson
22024,1629627,0022400670,2025-01-29,NOP vs. DAL,L,28,11,18,0.611,0,1,0.0,7,9,0.778,4,2,6,7,2,0,2,1,29,7,1,2024-25,Regular Season,1629627,Zion Williamson
22024,1629627,0022400706,2025-02-03,NOP @ DEN,L,28,5,13,0.385,0,0,0.0,4,6,0.667,1,5,6,5,1,1,1,3,14,1,1,2024-25,Regular Season,1629627,Zion Williamson
22024,1629627,0022400726,2025-02-05,NOP @ DEN,L,27,11,19,0.579,0,0,0.0,6,9,0.667,2,4,6,4,2,0,3,0,28,-5,1,2024-25,Regular Season,1629627,Zion Williamson
22024,1629627,0022400750,2025-02-08,NOP @ SAC,L,28,16,21,0.762,0,0,0.0,8,11,0.727,1,3,4,4,2,0,3,4,40,4,1,2024-25,Regular Season,1629627,Zion Williamson
22024,1629627,0022400761,2025-02-10,NOP @ OKC,L,26,6,11,0.545,0,0,0.0,5,9,0.556,1,1,2,5,1,0,5,5,17,-26,1,2024-25,Regular Season,1629627,Zion Williamson
22024,1629627,0022400777,2025-02-12,NOP vs. SAC,L,28,13,18,0.722,1,1,1.0,6,9,0.667,3,6,9,7,2,0,1,4,33,13,1,2024-25,Regular Season,1629627,Zion Williamson
22024,1629627,0022400803,2025-02-21,NOP @ DAL,L,27,11,15,0.733,0,0,0.0,7,11,0.636,3,4,7,3,2,0,3,3,29,0,1,2024-25,Regular Season,1629627,Zion Williamson
22024,1629627,0022400818,2025-02-23,NOP vs. SAS,W,28,8,17,0.471,0,0,0.0,6,10,0.6,2,7,9,3,2,2,1,1,22,23,1,2024-25,Regular Season,1629627,Zion Williamson
22024,1629627,0022400833,2025-02-25,NOP vs. SAS,W,29,8,15,0.533,0,0,0.0,2,3,0.667,4,2,6,3,1,0,6,2,18,2,1,2024-25,Regular Season,1629627,Zion Williamson
22024,1629627,0022400848,2025-02-27,NOP @ PHX,W,31,13,17,0.765,0,0,0.0,1,4,0.25,4,6,10,11,0,2,2,1,27,17,1,2024-25,Regular Season,1629627,Zion Williamson
22024,1629627,0022400872,2025-03-02,NOP @ UTA,W,29,11,18,0.611,0,1,0.0,2,3,0.667,1,5,6,9,2,0,1,1,24,2,1,2024-25,Regular Season,1629627,Zion Williamson
22024,1629627,0022400890,2025-03-04,NOP @ LAL,L,26,17,23,0.739,0,0,0.0,3,6,0.5,1,3,4,6,1,1,0,3,37,13,1,2024-25,Regular Season,1629627,Zion Williamson
22024,1629627,0022400902,2025-03-06,NOP vs. HOU,L,32,5,15,0.333,0,0,0.0,10,12,0.833,4,6,10,3,1,2,4,3,20,-18,1,2024-25,Regular Season,1629627,Zion Williamson
22024,1629627,0022400913,2025-03-08,NOP @ HOU,L,28,10,19,0.526,0,0,0.0,0,2,0.0,2,0,2,3,2,0,4,2,20,-37,1,2024-25,Regular Season,1629627,Zion Williamson
22024,1629627,0022400943,2025-03-11,NOP vs. LAC,W,33,8,13,0.615,0,0,0.0,6,6,1.0,1,9,10,12,0,1,5,2,22,6,1,2024-25,Regular Season,1629627,Zion Williamson
22024,1629627,0022401141,2025-03-13,NOP vs. ORL,L,28,8,15,0.533,0,0,0.0,4,6,0.667,3,5,8,5,0,0,2,2,20,-14,1,2024-25,Regular Season,1629627,Zion Williamson
22024,1629627,0022400987,2025-03-17,NOP vs. DET,L,28,9,18,0.5,0,0,0.0,12,15,0.8,2,4,6,3,0,2,3,3,30,-18,1,2024-25,Regular Season,1629627,Zion Williamson
22024,1629627,0022401001,2025-03-19,NOP @ MIN,W,30,12,16,0.75,0,0,0.0,5,9,0.556,0,5,5,8,3,0,3,5,29,9,1,2024-25,Regular Season,1629627,Zion Williamson
22024,1630162,0022400062,2024-10-22,MIN @ LAL,L,41,10,25,0.4,5,13,0.385,2,3,0.667,0,6,6,3,0,0,4,3,27,0,1,2024-25,Regular Season,1630162,Anthony Edwards
22024,1630162,0022400076,2024-10-24,MIN @ SAC,W,39,10,24,0.417,5,15,0.333,7,7,1.0,1,6,7,4,1,0,3,4,32,8,1,2024-25,Regular Season,1630162,Anthony Edwards
22024,1630162,0022400093,2024-10-26,MIN vs. TOR,W,39,9,21,0.429,5,12,0.417,1,3,0.333,0,6,6,4,1,1,4,3,24,5,1,2024-25,Regular Season,1630162,Anthony Edwards
22024,1630162,0022400114,2024-10-29,MIN vs. DAL,L,37,12,20,0.6,7,13,0.538,6,12,0.5,0,6,6,3,0,1,5,1,37,-8,1,2024-25,Regular Season,1630162,Anthony Edwards
22024,1630162,0022400139,2024-11-01,MIN vs. DEN,W,38,11,23,0.478,7,14,0.5,0,0,0.0,0,4,4,4,1,1,2,1,29,5,1,2024-25,Regular Season,1630162,Anthony Edwards
22024,1630162,0022400146,2024-11-02,MIN @ SAS,L,36,8,17,0.471,3,7,0.429,2,4,0.5,0,5,5,2,2,0,3,0,21,-20,1,2024-25,Regular Season,1630162,Anthony Edwards
22024,1630162,0022400162,2024-11-04,MIN vs. CHA,W,29,6,11,0.545,4,6,0.667,5,7,0.714,0,5,5,1,1,0,1,1,21,9,1,2024-25,Regular Season,1630162,Anthony Edwards
22024,1630162,0022400181,2024-11-07,MIN @ CHI,W,35,13,23,0.565,5,9,0.556,2,2,1.0,3,5,8,6,0,1,2,2,33,15,1,2024-25,Regular Season,1630162,Anthony Edwards
22024,1630162,0022400193,2024-11-08,MIN vs. POR,W,30,12,21,0.571,9,15,0.6,4,5,0.8,0,6,6,5,1,1,6,2,37,29,1,2024-25,Regular Season,1630162,Anthony Edwards
22024,1630162,0022400206,2024-11-10,MIN vs. MIA,L,37,8,24,0.333,4,14,0.286,2,3,0.667,1,4,5,6,2,0,6,3,22,2,1,2024-25,Regular Season,1630162,Anthony Edwards
22024,1630162,0022400008,2024-11-12,MIN @ POR,L,37,8,19,0.421,4,10,0.4,6,6,1.0,0,0,0,3,2,1,1,2,26,-20,1,2024-25,Regular Season,1630162,Anthony Edwards
22024,1630162,0022400226,2024-11-13,MIN @ POR,L,40,10,25,0.4,0,9,0.0,4,4,1.0,0,4,4,4,4,1,3,2,24,-1,1,2024-25,Regular Season,1630162,Anthony Edwards
22024,1630162,0022400020,2024-11-15,MIN @ SAC,W,42,14,27,0.519,6,14,0.429,2,2,1.0,1,4,5,2,0,0,2,4,36,16,1,2024-25,Regular Season,1630162,Anthony Edwards
22024,1630162,0022400234,2024-11-17,MIN vs. PHX,W,39,9,14,0.643,3,7,0.429,3,3,1.0,0,4,4,6,1,0,2,2,24,-6,1,2024-25,Regular Season,1630162,Anthony Edwards
22024,1630162,0022400261,2024-11-21,MIN @ TOR,L,36,9,20,0.45,5,9,0.556,3,3,1.0,1,2,3,2,2,2,2,4,26,4,1,2024-25,Regular Season,1630162,Anthony Edwards
22024,1630162,0022400271,2024-11-24,MIN @ BOS,L,39,9,21,0.429,6,11,0.545,4,4,1.0,0,9,9,7,0,0,3,3,28,2,1,2024-25,Regular Season,1630162,Anthony Edwards
22024,1630162,0022400037,2024-11-26,MIN vs. HOU,L,43,8,22,0.364,3,12,0.25,10,10,1.0,3,7,10,1,1,3,3,1,29,-14,1,2024-25,Regular Season,1630162,Anthony Edwards
22024,1630162,0022400294,2024-11-27,MIN vs. SAC,L,37,9,24,0.375,4,9,0.444,7,8,0.875,1,4,5,5,3,0,1,0,29,-5,1,2024-25,Regular Season,1630162,Anthony Edwards
22024,1630162,0022400044,2024-11-29,MIN vs. LAC,W,36,7,21,0.333,4,9,0.444,3,5,0.6,2,2,4,3,2,0,4,0,21,-5,1,2024-25,Regular Season,1630162,Anthony Edwards
22024,1630162,0022400318,2024-12-02,MIN vs. LAL,W,27,3,13,0.231,1,5,0.2,1,2,0.5,0,7,7,3,2,0,3,1,8,1,1,2024-25,Regular Season,1630162,Anthony Edwards
22024,1630162,0022400324,2024-12-04,MIN @ LAC,W,26,5,14,0.357,4,9,0.444,2,2,1.0,1,5,6,4,4,0,2,3,16,27,1,2024-25,Regular Season,1630162,Anthony Edwards
22024,1630162,0022400338,2024-12-06,MIN @ GSW,W,35,11,18,0.611,4,10,0.4,4,4,1.0,0,4,4,9,1,2,4,1,30,23,1,2024-25,Regular Season,1630162,Anthony Edwards
22024,1630162,0022400355,2024-12-08,MIN @ GSW,L,37,10,19,0.526,5,9,0.556,2,2,1.0,0,5,5,6,1,0,6,3,27,-3,1,2024-25,Regular Season,1630162,Anthony Edwards
22024,1630162,0022401210,2024-12-13,MIN vs. LAL,W,33,9,20,0.45,2,7,0.286,3,5,0.6,2,4,6,1,1,1,5,1,23,25,1,2024-25,Regular Season,1630162,Anthony Edwards
22024,1630162,0022401218,2024-12-15,MIN @ SAS,W,28,10,21,0.476,3,7,0.429,3,3,1.0,0,5,5,2,0,0,1,3,26,9,1,2024-25,Regular Season,1630162,Anthony Edwards
22024,1630162,0022400367,2024-12-19,MIN vs. NYK,L,34,7,16,0.438,3,7,0.429,0,0,0.0,0,5,5,7,3,1,2,0,17,-15,1,2024-25,Regular Season,1630162,Anthony Edwards
22024,1630162,0022400383,2024-12-21,MIN vs. GSW,L,39,6,20,0.3,4,11,0.364,3,4,0.75,1,6,7,5,0,0,1,4,19,-1,1,2024-25,Regular Season,1630162,Anthony Edwards
22024,1630162,0022400395,2024-12-23,MIN @ ATL,L,32,7,20,0.35,1,7,0.143,1,1,1.0,2,4,6,4,2,0,5,1,16,-23,1,2024-25,Regular Season,1630162,Anthony Edwards
22024,1630162,0022400406,2024-12-25,MIN @ DAL,W,39,11,24,0.458,4,7,0.571,0,0,0.0,1,7,8,5,2,1,4,0,26,8,1,2024-25,Regular Season,1630162,Anthony Edwards
22024,1630162,0022400422,2024-12-27,MIN @ HOU,W,35,9,17,0.529,4,8,0.5,2,3,0.667,0,5,5,3,0,1,3,3,24,-1,1,2024-25,Regular Season,1630162,Anthony Edwards
22024,1630162,0022400441,2024-12-29,MIN vs. SAS,W,38,6,20,0.3,1,9,0.111,1,1,1.0,1,7,8,4,0,1,2,1,14,2,1,2024-25,Regular Season,1630162,Anthony Edwards
22024,1630162,0022400452,2024-12-31,MIN @ OKC,L,39,6,12,0.5,4,7,0.571,4,4,1.0,0,7,7,2,0,1,3,3,20,-3,1,2024-25,Regular Season,1630162,Anthony Edwards
22024,1630162,0022400464,2025-01-02,MIN vs. BOS,L,36,5,16,0.313,2,9,0.222,3,4,0.75,0,4,4,6,0,0,2,0,15,-10,1,2024-25,Regular Season,1630162,Anthony Edwards
22024,1630162,0022400479,2025-01-04,MIN @ DET,L,44,16,31,0.516,10,15,0.667,11,12,0.917,1,5,6,2,0,0,6,4,53,-3,1,2024-25,Regular Season,1630162,Anthony Edwards
22024,1630162,0022400500,2025-01-06,MIN vs. LAC,W,37,14,29,0.483,6,13,0.462,3,4,0.75,1,6,7,8,1,0,2,2,37,4,1,2024-25,Regular Season,1630162,Anthony Edwards
22024,1630162,0022400505,2025-01-07,MIN @ NOP,W,38,10,21,0.476,7,11,0.636,5,6,0.833,1,8,9,3,2,0,4,3,32,3,1,2024-25,Regular Season,1630162,Anthony Edwards
22024,1630162,0022400519,2025-01-09,MIN @ ORL,W,36,5,19,0.263,4,11,0.364,7,9,0.778,1,2,3,7,2,0,2,2,21,20,1,2024-25,Regular Season,1630162,Anthony Edwards
22024,1630162,0022400535,2025-01-11,MIN vs. MEM,L,39,4,13,0.308,0,5,0.0,7,7,1.0,0,5,5,6,1,0,6,3,15,-5,1,2024-25,Regular Season,1630162,Anthony Edwards
22024,1630162,0022400548,2025-01-13,MIN @ WAS,W,36,14,25,0.56,5,11,0.455,8,8,1.0,2,4,6,7,3,1,7,2,41,18,1,2024-25,Regular Season,1630162,Anthony Edwards
22024,1630162,0022400565,2025-01-15,MIN vs. GSW,L,41,7,19,0.368,4,9,0.444,10,11,0.909,1,7,8,2,1,1,5,1,28,-2,1,2024-25,Regular Season,1630162,Anthony Edwards
22024,1630162,0022400578,2025-01-17,MIN @ NYK,W,38,12,21,0.571,8,13,0.615,4,4,1.0,2,11,13,7,0,0,6,0,36,24,1,2024-25,Regular Season,1630162,Anthony Edwards
22024,1630162,0022400590,2025-01-18,MIN vs. CLE,L,41,9,22,0.409,4,9,0.444,6,6,1.0,0,3,3,5,1,1,2,2,28,-2,1,2024-25,Regular Season,1630162,Anthony Edwards
22024,1630162,0022400601,2025-01-20,MIN @ MEM,L,38,8,19,0.421,3,8,0.375,13,18,0.722,1,3,4,3,0,1,5,1,32,-7,1,2024-25,Regular Season,1630162,Anthony Edwards
22024,1630162,0022400614,2025-01-22,MIN @ DAL,W,37,6,19,0.316,2,7,0.286,7,8,0.875,1,4,5,7,0,0,3,0,21,-10,1,2024-25,Regular Season,1630162,Anthony Edwards
22024,1630162,0022400634,2025-01-25,MIN vs. DEN,W,33,14,23,0.609,3,8,0.375,3,4,0.75,1,0,1,9,0,0,3,4,34,27,1,2024-25,Regular Season,1630162,Anthony Edwards
22024,1630162,0022400656,2025-01-27,MIN vs. ATL,W,35,6,20,0.3,2,11,0.182,9,13,0.692,2,3,5,4,2,1,3,2,23,8,1,2024-25,Regular Season,1630162,Anthony Edwards
22024,1630162,0022400672,2025-01-29,MIN @ PHX,W,40,11,20,0.55,3,8,0.375,8,9,0.889,0,7,7,5,2,4,7,2,33,10,1,2024-25,Regular Season,1630162,Anthony Edwards
22024,1630162,0022400677,2025-01-30,MIN @ UTA,W,35,12,18,0.667,6,9,0.667,6,7,0.857,1,5,6,11,0,3,3,3,36,25,1,2024-25,Regular Season,1630162,Anthony Edwards
22024,1630162,0022400704,2025-02-03,MIN vs. SAC,L,38,7,21,0.333,3,10,0.3,4,4,1.0,1,5,6,4,2,1,3,3,21,0,1,2024-25,Regular Season,1630162,Anthony Edwards
22024,1630162,0022400723,2025-02-05,MIN vs. CHI,W,37,13,28,0.464,6,14,0.429,17,18,0.944,3,6,9,3,1,1,5,2,49,17,1,2024-25,Regular Season,1630162,Anthony Edwards
22024,1630162,0022400729,2025-02-06,MIN vs. HOU,W,38,11,25,0.44,5,12,0.417,14,15,0.933,2,5,7,6,0,1,4,3,41,9,1,2024-25,Regular Season,1630162,Anthony Edwards
22024,1630162,0022400755,2025-02-10,MIN @ CLE,L,37,13,28,0.464,8,15,0.533,10,13,0.769,0,6,6,1,1,0,7,0,44,-12,1,2024-25,Regular Season,1630162,Anthony Edwards
22024,1630162,0022400776,2025-02-12,MIN vs. MIL,L,37,10,33,0.303,4,17,0.235,4,5,0.8,0,7,7,4,2,0,2,0,28,0,1,2024-25,Regular Season,1630162,Anthony Edwards
22024,1630162,0022400787,2025-02-13,MIN vs. OKC,W,36,5,18,0.278,3,12,0.25,10,11,0.909,1,6,7,7,3,0,2,0,23,10,1,2024-25,Regular Season,1630162,Anthony Edwards
22024,1630162,0022400801,2025-02-21,MIN @ HOU,L,39,13,32,0.406,4,14,0.286,7,10,0.7,0,4,4,3,0,1,3,2,37,-11,1,2024-25,Regular Season,1630162,Anthony Edwards
22024,1630162,0022400820,2025-02-23,MIN vs. OKC,L,39,8,21,0.381,4,13,0.308,9,10,0.9,2,8,10,7,2,0,5,3,29,-11,1,2024-25,Regular Season,1630162,Anthony Edwards
22024,1630162,0022400826,2025-02-24,MIN @ OKC,W,36,5,15,0.333,1,6,0.167,6,10,0.6,2,11,13,8,0,1,4,4,17,-7,1,2024-25,Regular Season,1630162,Anthony Edwards
22024,1630162,0022400849,2025-02-27,MIN @ LAL,L,26,6,12,0.5,2,6,0.333,4,4,1.0,0,6,6,5,1,0,0,1,18,-13,1,2024-25,Regular Season,1630162,Anthony Edwards
22024,1630162,0022400873,2025-03-02,MIN @ PHX,W,36,12,22,0.545,6,14,0.429,14,14,1.0,0,5,5,7,2,0,1,0,44,22,1,2024-25,Regular Season,1630162,Anthony Edwards
22024,1630162,0022400887,2025-03-04,MIN vs. PHI,W,30,5,11,0.455,2,6,0.333,6,7,0.857,0,5,5,1,0,0,2,2,18,-3,1,2024-25,Regular Season,1630162,Anthony Edwards
22024,1630162,0022400892,2025-03-05,MIN @ CHA,W,38,9,20,0.45,6,13,0.462,5,8,0.625,0,3,3,6,2,1,0,2,29,12,1,2024-25,Regular Season,1630162,Anthony Edwards
22024,1630162,0022400907,2025-03-07,MIN @ MIA,W,39,4,10,0.4,3,8,0.375,2,4,0.5,1,12,13,6,0,0,2,1,13,0,1,2024-25,Regular Season,1630162,Anthony Edwards
22024,1630162,0022400925,2025-03-09,MIN vs. SAS,W,30,10,15,0.667,2,5,0.4,3,3,1.0,1,2,3,3,1,0,3,0,25,11,1,2024-25,Regular Season,1630162,Anthony Edwards
22024,1630162,0022400952,2025-03-12,MIN @ DEN,W,35,10,22,0.455,5,12,0.417,4,5,0.8,0,4,4,6,1,0,3,2,29,10,1,2024-25,Regular Season,1630162,Anthony Edwards
22024,1630162,0022400963,2025-03-14,MIN vs. ORL,W,39,9,19,0.474,3,8,0.375,7,8,0.875,0,4,4,5,0,1,3,2,28,-5,1,2024-25,Regular Season,1630162,Anthony Edwards
22024,1630162,0022400981,2025-03-16,MIN vs. UTA,W,31,16,27,0.593,5,14,0.357,4,6,0.667,0,2,2,2,1,0,1,1,41,31,1,2024-25,Regular Season,1630162,Anthony Edwards
22024,1630162,0022400986,2025-03-17,MIN vs. IND,L,41,9,24,0.375,1,11,0.091,19,20,0.95,0,3,3,5,2,2,3,3,38,-7,1,2024-25,Regular Season,1630162,Anthony Edwards
22024,1630162,0022401001,2025-03-19,MIN vs. NOP,L,38,5,19,0.263,4,10,0.4,15,17,0.882,2,4,6,4,1,1,2,0,29,-6,1,2024-25,Regular Season,1630162,Anthony Edwards
22024,1630162,0022401016,2025-03-21,MIN vs. NOP,W,26,6,13,0.462,3,7,0.429,2,2,1.0,2,1,3,5,2,0,3,0,17,21,1,2024-25,Regular Season,1630162,Anthony Edwards
22024,1630162,0022401037,2025-03-24,MIN @ IND,L,34,7,19,0.368,1,11,0.091,2,3,0.667,0,2,2,4,1,0,3,2,17,-24,1,2024-25,Regular Season,1630162,Anthony Edwards
22024,1630162,0022401071,2025-03-28,MIN vs. PHX,W,28,8,19,0.421,4,10,0.4,0,0,0.0,3,1,4,5,1,0,2,1,20,9,1,2024-25,Regular Season,1630162,Anthony Edwards
22024,1630162,0022401084,2025-03-30,MIN vs. DET,W,36,9,19,0.474,4,10,0.4,3,4,0.75,0,6,6,4,0,2,4,4,25,5,1,2024-25,Regular Season,1630162,Anthony Edwards
22024,1630162,0022401102,2025-04-01,MIN @ DEN,W,50,12,25,0.48,5,15,0.333,5,7,0.714,1,9,10,8,1,0,5,4,34,8,1,2024-25,Regular Season,1630162,Anthony Edwards
22024,1630162,0022401113,2025-04-03,MIN @ BKN,W,32,10,15,0.667,5,10,0.5,3,5,0.6,1,4,5,3,2,1,2,3,28,17,1,2024-25,Regular Season,1630162,Anthony Edwards
22024,1630162,0022401130,2025-04-05,MIN @ PHI,W,38,12,21,0.571,6,13,0.462,7,8,0.875,1,1,2,2,1,1,2,1,37,-4,1,2024-25,Regular Season,1630162,Anthony Edwards
22024,1630162,0022401152,2025-04-08,MIN @ MIL,L,39,10,27,0.37,2,11,0.182,3,3,1.0,1,6,7,4,1,1,2,4,25,-4,1,2024-25,Regular Season,1630162,Anthony Edwards
22024,1630162,0022401170,2025-04-10,MIN @ MEM,W,38,13,19,0.684,7,11,0.636,11,13,0.846,1,4,5,3,1,1,5,3,44,15,1,2024-25,Regular Season,1630162,Anthony Edwards
22024,1630162,0022401179,2025-04-11,MIN vs. BKN,W,31,4,11,0.364,1,7,0.143,0,0,0.0,0,4,4,5,1,2,0,3,9,16,1,2024-25,Regular Season,1630162,Anthony Edwards
22024,1630162,0022401195,2025-04-13,MIN vs. UTA,W,40,15,31,0.484,7,18,0.389,6,7,0.857,0,6,6,5,3,1,2,1,43,20,1,2024-25,Regular Season,1630162,Anthony Edwards
42024,1630162,0042400161,2025-04-19,MIN @ LAL,W,35,8,22,0.364,4,9,0.444,2,2,1.0,2,6,8,9,1,0,1,4,22,21,1,2024-25,Playoffs,1630162,Anthony Edwards
42024,1630162,0042400162,2025-04-22,MIN @ LAL,L,40,10,22,0.455,2,8,0.25,3,4,0.75,1,5,6,0,0,0,2,1,25,-9,1,2024-25,Playoffs,1630162,Anthony Edwards
42024,1630162,0042400163,2025-04-25,MIN vs. LAL,W,42,12,26,0.462,5,10,0.5,0,0,0.0,2,6,8,8,2,1,2,2,29,13,1,2024-25,Playoffs,1630162,Anthony Edwards
42024,1630162,0042400164,2025-04-27,MIN vs. LAL,W,44,12,23,0.522,5,10,0.5,14,17,0.824,4,5,9,6,0,1,1,2,43,3,1,2024-25,Playoffs,1630162,Anthony Edwards
42024,1630162,0042400165,2025-04-30,MIN @ LAL,W,43,5,19,0.263,0,11,0.0,5,8,0.625,2,9,11,8,3,0,0,1,15,12,1,2024-25,Playoffs,1630162,Anthony Edwards
42024,1630162,0042400231,2025-05-06,MIN vs. GSW,L,42,9,22,0.409,1,5,0.2,4,5,0.8,1,13,14,2,3,1,3,1,23,-4,1,2024-25,Playoffs,1630162,Anthony Edwards
42024,1630162,0042400232,2025-05-08,MIN vs. GSW,W,34,6,13,0.462,2,4,0.5,6,8,0.75,0,9,9,5,3,1,1,1,20,21,1,2024-25,Playoffs,1630162,Anthony Edwards
42024,1630162,0042400233,2025-05-10,MIN @ GSW,W,44,13,28,0.464,5,14,0.357,5,8,0.625,1,3,4,4,0,1,3,0,36,-4,1,2024-25,Playoffs,1630162,Anthony Edwards
42024,1630162,0042400234,2025-05-12,MIN @ GSW,W,33,11,21,0.524,6,11,0.545,2,3,0.667,0,4,4,5,2,0,3,5,30,6,1,2024-25,Playoffs,1630162,Anthony Edwards
42024,1630162,0042400235,2025-05-14,MIN vs. GSW,W,41,8,15,0.533,5,9,0.556,1,2,0.5,1,6,7,12,1,3,7,3,22,20,1,2024-25,Playoffs,1630162,Anthony Edwards
42024,1630162,0042400311,2025-05-20,MIN @ OKC,L,37,5,13,0.385,3,8,0.375,5,7,0.714,0,9,9,3,0,1,4,4,18,-23,1,2024-25,Playoffs,1630162,Anthony Edwards
42024,1630162,0042400312,2025-05-22,MIN @ OKC,L,40,12,26,0.462,1,9,0.111,7,10,0.7,2,7,9,6,0,1,0,1,32,-22,1,2024-25,Playoffs,1630162,Anthony Edwards
42024,1630162,0042400313,2025-05-24,MIN vs. OKC,W,30,12,17,0.706,5,8,0.625,1,2,0.5,1,8,9,6,2,0,4,2,30,36,1,2024-25,Playoffs,1630162,Anthony Edwards
42024,1630162,0042400314,2025-05-26,MIN vs. OKC,L,41,5,13,0.385,1,7,0.143,5,7,0.714,1,3,4,6,0,0,5,3,16,-3,1,2024-25,Playoffs,1630162,Anthony Edwards
42024,1630162,0042400315,2025-05-28,MIN @ OKC,L,39,7,18,0.389,1,7,0.143,4,6,0.667,0,6,6,2,0,1,3,2,19,-29,1,2024-25,Playoffs,1630162,Anthony Edwards
22024,1631094,0022400065,2024-10-23,ORL @ MIA,W,31,12,24,0.5,4,8,0.5,5,6,0.833,4,7,11,3,1,1,0,2,33,42,1,2024-25,Regular Season,1631094,Paolo Banchero
22024,1631094,0022400077,2024-10-25,ORL vs. BKN,W,37,4,13,0.308,1,2,0.5,6,11,0.545,1,5,6,9,0,1,0,2,15,3,1,2024-25,Regular Season,1631094,Paolo Banchero
22024,1631094,0022400092,2024-10-26,ORL @ MEM,L,37,4,12,0.333,1,4,0.25,7,13,0.538,3,4,7,3,1,0,3,3,16,-15,1,2024-25,Regular Season,1631094,Paolo Banchero
22024,1631094,0022400102,2024-10-28,ORL vs. IND,W,40,16,26,0.615,3,9,0.333,15,22,0.682,4,9,13,9,1,2,4,4,50,3,1,2024-25,Regular Season,1631094,Paolo Banchero
22024,1631094,0022400123,2024-10-30,ORL @ CHI,L,37,12,22,0.545,2,9,0.222,5,7,0.714,0,7,7,4,0,0,4,2,31,-4,1,2024-25,Regular Season,1631094,Paolo Banchero
22024,1631094,0022400526,2025-01-10,ORL vs. MIL,L,27,11,21,0.524,5,8,0.625,7,10,0.7,0,7,7,3,2,1,3,1,34,6,1,2024-25,Regular Season,1631094,Paolo Banchero
22024,1631094,0022400544,2025-01-12,ORL vs. PHI,W,27,5,8,0.625,1,2,0.5,9,11,0.818,2,6,8,6,0,1,6,2,20,18,1,2024-25,Regular Season,1631094,Paolo Banchero
22024,1631094,0022400564,2025-01-15,ORL @ MIL,L,26,8,20,0.4,2,7,0.286,4,5,0.8,0,5,5,2,0,1,7,2,22,-25,1,2024-25,Regular Season,1631094,Paolo Banchero
22024,1631094,0022400577,2025-01-17,ORL @ BOS,L,29,8,20,0.4,0,2,0.0,5,7,0.714,0,4,4,4,0,0,2,1,21,-19,1,2024-25,Regular Season,1631094,Paolo Banchero
22024,1631094,0022400593,2025-01-19,ORL vs. DEN,L,29,4,16,0.25,0,2,0.0,2,3,0.667,3,4,7,5,2,1,1,1,10,-4,1,2024-25,Regular Season,1631094,Paolo Banchero
22024,1631094,0022400608,2025-01-21,ORL @ TOR,L,32,10,19,0.526,3,7,0.429,3,7,0.429,0,12,12,2,0,1,5,5,26,-7,1,2024-25,Regular Season,1631094,Paolo Banchero
22024,1631094,0022400622,2025-01-23,ORL vs. POR,L,33,1,14,0.071,0,4,0.0,6,8,0.75,1,8,9,6,0,2,5,1,8,-8,1,2024-25,Regular Season,1631094,Paolo Banchero
22024,1631094,0022400638,2025-01-25,ORL vs. DET,W,40,11,22,0.5,3,6,0.5,7,14,0.5,1,8,9,7,0,0,3,2,32,9,1,2024-25,Regular Season,1631094,Paolo Banchero
22024,1631094,0022400652,2025-01-27,ORL @ MIA,L,44,7,21,0.333,2,8,0.25,1,3,0.333,0,5,5,6,1,0,5,3,17,-21,1,2024-25,Regular Season,1631094,Paolo Banchero
22024,1631094,0022400678,2025-01-30,ORL @ POR,L,33,10,23,0.435,0,4,0.0,1,3,0.333,1,5,6,3,1,0,3,1,21,-23,1,2024-25,Regular Season,1631094,Paolo Banchero
22024,1631094,0022400687,2025-02-01,ORL @ UTA,L,34,4,19,0.211,0,6,0.0,1,3,0.333,1,5,6,6,2,1,3,4,9,-17,1,2024-25,Regular Season,1631094,Paolo Banchero
22024,1631094,0022400708,2025-02-03,ORL @ GSW,L,37,9,24,0.375,0,6,0.0,0,1,0.0,1,5,6,3,1,0,2,2,18,-24,1,2024-25,Regular Season,1631094,Paolo Banchero
22024,1631094,0022400727,2025-02-05,ORL @ SAC,W,31,9,15,0.6,1,3,0.333,4,5,0.8,0,0,0,9,1,0,2,1,23,25,1,2024-25,Regular Season,1631094,Paolo Banchero
22024,1631094,0022400730,2025-02-06,ORL @ DEN,L,30,6,14,0.429,1,3,0.333,5,8,0.625,0,8,8,4,1,3,1,3,18,-19,1,2024-25,Regular Season,1631094,Paolo Banchero
22024,1631094,0022400743,2025-02-08,ORL vs. SAS,W,34,7,17,0.412,0,4,0.0,3,4,0.75,0,7,7,6,0,1,5,1,17,-7,1,2024-25,Regular Season,1631094,Paolo Banchero
22024,1631094,0022400756,2025-02-10,ORL vs. ATL,L,33,10,22,0.455,4,9,0.444,7,8,0.875,0,6,6,4,0,1,4,3,31,-19,1,2024-25,Regular Season,1631094,Paolo Banchero
22024,1631094,0022400770,2025-02-12,ORL vs. CHA,W,30,8,20,0.4,4,9,0.444,4,5,0.8,2,6,8,6,0,1,0,2,24,8,1,2024-25,Regular Season,1631094,Paolo Banchero
22024,1631094,0022400790,2025-02-20,ORL @ ATL,W,37,11,25,0.44,3,10,0.3,11,16,0.688,2,8,10,5,0,0,3,1,36,10,1,2024-25,Regular Season,1631094,Paolo Banchero
22024,1631094,0022400798,2025-02-21,ORL vs. MEM,L,29,5,21,0.238,1,6,0.167,10,13,0.769,0,6,6,2,0,1,1,4,21,-10,1,2024-25,Regular Season,1631094,Paolo Banchero
22024,1631094,0022400815,2025-02-23,ORL vs. WAS,W,30,5,12,0.417,1,2,0.5,8,9,0.889,2,3,5,5,0,1,3,1,19,18,1,2024-25,Regular Season,1631094,Paolo Banchero
22024,1631094,0022400830,2025-02-25,ORL vs. CLE,L,32,9,22,0.409,1,7,0.143,7,9,0.778,1,4,5,4,1,1,2,1,26,-22,1,2024-25,Regular Season,1631094,Paolo Banchero
22024,1631094,0022400845,2025-02-27,ORL vs. GSW,L,36,16,27,0.593,4,10,0.4,5,8,0.625,0,6,6,5,2,0,5,4,41,-12,1,2024-25,Regular Season,1631094,Paolo Banchero
22024,1631094,0022400870,2025-03-02,ORL vs. TOR,L,39,5,9,0.556,1,3,0.333,12,15,0.8,1,3,4,5,1,0,4,2,23,12,1,2024-25,Regular Season,1631094,Paolo Banchero
22024,1631094,0022400883,2025-03-04,ORL vs. TOR,L,40,14,20,0.7,4,5,0.8,9,10,0.9,0,8,8,8,4,1,3,2,41,-6,1,2024-25,Regular Season,1631094,Paolo Banchero
22024,1631094,0022400944,2025-03-06,ORL vs. CHI,L,38,5,15,0.333,0,5,0.0,10,11,0.909,2,7,9,3,0,0,3,1,20,-3,1,2024-25,Regular Season,1631094,Paolo Banchero
22024,1631094,0022400917,2025-03-08,ORL @ MIL,W,37,9,16,0.563,4,7,0.571,7,10,0.7,0,6,6,2,1,0,2,4,29,-2,1,2024-25,Regular Season,1631094,Paolo Banchero
22024,1631094,0022400934,2025-03-10,ORL @ HOU,L,36,10,23,0.435,2,6,0.333,3,4,0.75,2,3,5,3,1,1,1,1,25,-11,1,2024-25,Regular Season,1631094,Paolo Banchero
22024,1631094,0022401141,2025-03-13,ORL @ NOP,W,34,14,22,0.636,4,8,0.5,2,2,1.0,1,10,11,4,4,1,1,3,34,32,1,2024-25,Regular Season,1631094,Paolo Banchero
22024,1631094,0022400963,2025-03-14,ORL @ MIN,L,37,16,32,0.5,2,7,0.286,9,11,0.818,1,9,10,3,0,0,1,2,43,-2,1,2024-25,Regular Season,1631094,Paolo Banchero
22024,1631094,0022400979,2025-03-16,ORL @ CLE,W,38,6,22,0.273,3,8,0.375,9,11,0.818,2,9,11,7,1,1,2,1,24,3,1,2024-25,Regular Season,1631094,Paolo Banchero
22024,1631094,0022400999,2025-03-19,ORL vs. HOU,L,39,10,21,0.476,3,8,0.375,8,8,1.0,2,4,6,5,1,0,2,3,31,-7,1,2024-25,Regular Season,1631094,Paolo Banchero
22024,1631094,0022401014,2025-03-21,ORL @ WAS,W,31,11,22,0.5,3,5,0.6,5,6,0.833,1,7,8,5,1,0,2,0,30,31,1,2024-25,Regular Season,1631094,Paolo Banchero
22024,1631094,0022401038,2025-03-24,ORL vs. LAL,W,40,9,17,0.529,2,6,0.333,10,12,0.833,0,7,7,1,0,1,4,2,30,14,1,2024-25,Regular Season,1631094,Paolo Banchero
22024,1631094,0022401045,2025-03-25,ORL @ CHA,W,36,13,24,0.542,2,8,0.25,4,6,0.667,0,7,7,6,1,0,2,4,32,1,1,2024-25,Regular Season,1631094,Paolo Banchero
22024,1631094,0022401060,2025-03-27,ORL vs. DAL,L,38,13,21,0.619,1,5,0.2,8,12,0.667,2,8,10,4,1,0,6,4,35,-8,1,2024-25,Regular Season,1631094,Paolo Banchero
22024,1631094,0022401074,2025-03-29,ORL vs. SAC,W,29,9,19,0.474,1,5,0.2,5,11,0.455,2,4,6,6,1,0,1,0,24,22,1,2024-25,Regular Season,1631094,Paolo Banchero
22024,1631094,0022401091,2025-03-31,ORL vs. LAC,L,36,8,23,0.348,1,8,0.125,9,9,1.0,1,5,6,4,0,0,7,1,26,-5,1,2024-25,Regular Season,1631094,Paolo Banchero
22024,1631094,0022400988,2025-04-01,ORL @ SAS,W,33,9,21,0.429,0,4,0.0,6,6,1.0,0,10,10,4,2,0,5,3,24,0,1,2024-25,Regular Season,1631094,Paolo Banchero
22024,1631094,0022401112,2025-04-03,ORL @ WAS,W,39,11,24,0.458,3,5,0.6,8,10,0.8,3,15,18,8,0,1,4,0,33,7,1,2024-25,Regular Season,1631094,Paolo Banchero
22024,1631094,0022401149,2025-04-08,ORL vs. ATL,W,37,12,24,0.5,2,5,0.4,7,10,0.7,0,10,10,4,0,1,3,4,33,11,1,2024-25,Regular Season,1631094,Paolo Banchero
22024,1631094,0022401156,2025-04-09,ORL vs. BOS,W,29,6,17,0.353,2,7,0.286,1,2,0.5,2,2,4,6,0,0,1,1,15,4,1,2024-25,Regular Season,1631094,Paolo Banchero
42024,1631094,0042400111,2025-04-20,ORL @ BOS,L,42,14,27,0.519,4,7,0.571,4,6,0.667,3,8,11,4,1,1,4,0,36,-4,1,2024-25,Playoffs,1631094,Paolo Banchero
42024,1631094,0042400112,2025-04-23,ORL @ BOS,L,43,12,25,0.48,2,6,0.333,6,11,0.545,2,7,9,7,0,2,0,4,32,-6,1,2024-25,Playoffs,1631094,Paolo Banchero
42024,1631094,0042400113,2025-04-25,ORL vs. BOS,W,42,10,25,0.4,2,4,0.5,7,8,0.875,2,4,6,1,2,0,4,4,29,-3,1,2024-25,Playoffs,1631094,Paolo Banchero
42024,1631094,0042400114,2025-04-27,ORL vs. BOS,L,40,12,32,0.375,2,6,0.333,5,9,0.556,3,4,7,3,0,1,4,5,31,-8,1,2024-25,Playoffs,1631094,Paolo Banchero
42024,1631094,0042400115,2025-04-29,ORL @ BOS,L,30,6,15,0.4,2,4,0.5,5,7,0.714,2,7,9,6,0,0,3,5,19,-15,1,2024-25,Playoffs,1631094,Paolo Banchero
22024,1641705,0022400074,2024-10-24,SAS @ DAL,L,28,5,18,0.278,1,8,0.125,6,6,1.0,2,7,9,1,0,1,4,1,17,-20,1,2024-25,Regular Season,1641705,Victor Wembanyama
22024,1641705,0022400094,2024-10-26,SAS vs. HOU,W,30,10,17,0.588,2,5,0.4,7,8,0.875,1,6,7,1,0,3,3,3,29,0,1,2024-25,Regular Season,1641705,Victor Wembanyama
22024,1641705,0022400109,2024-10-28,SAS vs. HOU,L,35,6,14,0.429,1,5,0.2,1,2,0.5,5,15,20,5,0,4,4,3,14,-7,1,2024-25,Regular Season,1641705,Victor Wembanyama
22024,1641705,0022400125,2024-10-30,SAS @ OKC,L,27,1,5,0.2,0,3,0.0,4,4,1.0,1,7,8,2,0,3,4,0,6,-4,1,2024-25,Regular Season,1641705,Victor Wembanyama
22024,1641705,0022400130,2024-10-31,SAS @ UTA,W,34,9,20,0.45,4,13,0.308,3,3,1.0,2,7,9,7,5,5,3,3,25,43,1,2024-25,Regular Season,1641705,Victor Wembanyama
22024,1641705,0022400146,2024-11-02,SAS vs. MIN,W,31,7,15,0.467,1,7,0.143,2,2,1.0,1,5,6,3,1,2,3,4,17,13,1,2024-25,Regular Season,1641705,Victor Wembanyama
22024,1641705,0022400168,2024-11-04,SAS @ LAC,L,34,9,22,0.409,2,9,0.222,4,4,1.0,2,11,13,3,3,9,2,3,24,-21,1,2024-25,Regular Season,1641705,Victor Wembanyama
22024,1641705,0022400173,2024-11-06,SAS @ HOU,L,25,6,14,0.429,1,6,0.167,2,2,1.0,1,5,6,0,1,3,4,0,15,-18,1,2024-25,Regular Season,1641705,Victor Wembanyama
22024,1641705,0022400183,2024-11-07,SAS vs. POR,W,32,4,13,0.308,2,6,0.333,2,3,0.667,2,6,8,2,4,3,4,0,12,-7,1,2024-25,Regular Season,1641705,Victor Wembanyama
22024,1641705,0022400197,2024-11-09,SAS vs. UTA,L,33,8,15,0.533,6,9,0.667,2,2,1.0,3,13,16,0,0,7,6,3,24,4,1,2024-25,Regular Season,1641705,Victor Wembanyama
22024,1641705,0022400216,2024-11-11,SAS vs. SAC,W,34,13,22,0.591,6,12,0.5,2,2,1.0,4,10,14,6,1,3,3,1,34,24,1,2024-25,Regular Season,1641705,Victor Wembanyama
22024,1641705,0022400224,2024-11-13,SAS vs. WAS,W,32,18,29,0.621,8,16,0.5,6,9,0.667,1,5,6,2,1,3,1,3,50,13,1,2024-25,Regular Season,1641705,Victor Wembanyama
22024,1641705,0022400015,2024-11-15,SAS vs. LAL,L,34,12,25,0.48,4,13,0.308,0,0,0.0,5,9,14,5,1,2,5,2,28,-1,1,2024-25,Regular Season,1641705,Victor Wembanyama
22024,1641705,0022400269,2024-11-23,SAS vs. GSW,W,34,9,21,0.429,4,13,0.308,3,4,0.75,0,7,7,9,1,3,4,3,25,16,1,2024-25,Regular Season,1641705,Victor Wembanyama
22024,1641705,0022400038,2024-11-26,SAS @ UTA,W,37,13,23,0.565,6,14,0.429,2,2,1.0,0,7,7,2,1,3,2,1,34,17,1,2024-25,Regular Season,1641705,Victor Wembanyama
22024,1641705,0022400296,2024-11-27,SAS vs. LAL,L,33,9,20,0.45,2,9,0.222,0,0,0.0,3,7,10,2,2,3,4,1,20,-13,1,2024-25,Regular Season,1641705,Victor Wembanyama
22024,1641705,0022400313,2024-12-01,SAS @ SAC,W,37,11,17,0.647,5,9,0.556,7,9,0.778,2,12,14,11,1,3,5,5,34,19,1,2024-25,Regular Season,1641705,Victor Wembanyama
22024,1641705,0022400057,2024-12-03,SAS @ PHX,L,34,6,18,0.333,1,9,0.111,2,2,1.0,3,10,13,7,1,1,4,3,15,-15,1,2024-25,Regular Season,1641705,Victor Wembanyama
22024,1641705,0022400354,2024-12-08,SAS vs. NOP,W,26,9,16,0.563,3,7,0.429,4,4,1.0,2,8,10,1,0,3,3,1,25,5,1,2024-25,Regular Season,1641705,Victor Wembanyama
22024,1641705,0022401215,2024-12-13,SAS @ POR,W,34,8,19,0.421,2,6,0.333,10,10,1.0,1,6,7,7,1,2,3,3,28,3,1,2024-25,Regular Season,1641705,Victor Wembanyama
22024,1641705,0022401218,2024-12-15,SAS vs. MIN,L,33,8,20,0.4,1,7,0.143,3,3,1.0,1,11,12,5,0,7,4,4,20,-8,1,2024-25,Regular Season,1641705,Victor Wembanyama
22024,1641705,0022400370,2024-12-19,SAS vs. ATL,W,37,13,24,0.542,7,15,0.467,9,12,0.75,0,6,6,5,2,4,5,0,42,17,1,2024-25,Regular Season,1641705,Victor Wembanyama
22024,1641705,0022400386,2024-12-21,SAS vs. POR,W,30,8,16,0.5,4,8,0.5,10,11,0.909,3,4,7,3,0,10,1,0,30,23,1,2024-25,Regular Season,1641705,Victor Wembanyama
22024,1641705,0022400394,2024-12-23,SAS @ PHI,L,37,9,19,0.474,6,13,0.462,2,2,1.0,1,8,9,4,0,8,5,2,26,-5,1,2024-25,Regular Season,1641705,Victor Wembanyama
22024,1641705,0022400405,2024-12-25,SAS @ NYK,L,40,16,31,0.516,6,16,0.375,4,4,1.0,2,16,18,4,1,4,4,1,42,7,1,2024-25,Regular Season,1641705,Victor Wembanyama
22024,1641705,0022400421,2024-12-27,SAS @ BKN,W,35,7,14,0.5,3,6,0.5,2,2,1.0,0,7,7,4,0,6,3,4,19,3,1,2024-25,Regular Season,1641705,Victor Wembanyama
22024,1641705,0022400441,2024-12-29,SAS @ MIN,L,37,13,30,0.433,4,12,0.333,4,5,0.8,2,6,8,2,1,2,1,0,34,5,1,2024-25,Regular Season,1641705,Victor Wembanyama
22024,1641705,0022400451,2024-12-31,SAS vs. LAC,W,26,10,18,0.556,1,6,0.167,6,7,0.857,1,8,9,5,1,3,2,3,27,22,1,2024-25,Regular Season,1641705,Victor Wembanyama
22024,1641705,0022400475,2025-01-03,SAS @ DEN,W,33,14,22,0.636,4,6,0.667,3,4,0.75,3,15,18,4,1,2,7,5,35,17,1,2024-25,Regular Season,1641705,Victor Wembanyama
22024,1641705,0022400484,2025-01-04,SAS vs. DEN,L,39,7,19,0.368,2,12,0.167,4,4,1.0,0,23,23,3,1,4,4,4,20,0,1,2024-25,Regular Season,1641705,Victor Wembanyama
22024,1641705,0022400498,2025-01-06,SAS @ CHI,L,35,9,22,0.409,4,11,0.364,1,2,0.5,2,12,14,4,0,8,5,3,23,-6,1,2024-25,Regular Season,1641705,Victor Wembanyama
22024,1641705,0022400516,2025-01-08,SAS @ MIL,L,33,4,10,0.4,2,6,0.333,0,0,0.0,4,6,10,1,2,3,3,4,10,-7,1,2024-25,Regular Season,1641705,Victor Wembanyama
22024,1641705,0022400552,2025-01-13,SAS @ LAL,W,34,10,17,0.588,2,6,0.333,1,2,0.5,1,7,8,5,3,2,1,1,23,26,1,2024-25,Regular Season,1641705,Victor Wembanyama
22024,1641705,0022400567,2025-01-15,SAS vs. MEM,L,37,5,19,0.263,3,10,0.3,0,0,0.0,0,12,12,2,2,8,1,3,13,-4,1,2024-25,Regular Season,1641705,Victor Wembanyama
22024,1641705,0022400582,2025-01-17,SAS vs. MEM,L,31,8,19,0.421,3,7,0.429,0,0,0.0,2,10,12,3,1,6,4,0,19,-17,1,2024-25,Regular Season,1641705,Victor Wembanyama
22024,1641705,0022400592,2025-01-19,SAS @ MIA,L,30,8,18,0.444,3,8,0.375,2,6,0.333,1,9,10,3,0,1,3,2,21,-10,1,2024-25,Regular Season,1641705,Victor Wembanyama
22024,1641705,0022400621,2025-01-23,SAS @ IND,W,32,13,21,0.619,4,11,0.364,0,0,0.0,1,10,11,6,1,5,4,0,30,18,1,2024-25,Regular Season,1641705,Victor Wembanyama
22024,1641705,0022400633,2025-01-25,SAS vs. IND,L,36,7,16,0.438,2,7,0.286,4,5,0.8,1,11,12,2,2,1,4,1,20,-13,1,2024-25,Regular Season,1641705,Victor Wembanyama
22024,1641705,0022400671,2025-01-29,SAS vs. LAC,L,35,8,16,0.5,3,6,0.5,4,5,0.8,1,11,12,4,2,3,3,5,23,-7,1,2024-25,Regular Season,1641705,Victor Wembanyama
22024,1641705,0022400684,2025-01-31,SAS vs. MIL,W,31,9,20,0.45,5,11,0.455,7,7,1.0,2,12,14,1,0,6,1,3,30,9,1,2024-25,Regular Season,1641705,Victor Wembanyama
22024,1641705,0022400703,2025-02-03,SAS @ MEM,L,31,10,20,0.5,2,6,0.333,5,7,0.714,2,8,10,5,2,2,4,3,27,8,1,2024-25,Regular Season,1641705,Victor Wembanyama
22024,1641705,0022400719,2025-02-05,SAS @ ATL,W,31,8,15,0.533,2,5,0.4,6,8,0.75,4,8,12,2,0,1,1,5,24,-12,1,2024-25,Regular Season,1641705,Victor Wembanyama
22024,1641705,0022400734,2025-02-07,SAS @ CHA,L,34,7,20,0.35,1,9,0.111,1,1,1.0,3,8,11,3,0,5,1,2,16,-1,1,2024-25,Regular Season,1641705,Victor Wembanyama
22024,1641705,0022400743,2025-02-08,SAS @ ORL,L,31,5,11,0.455,1,6,0.167,7,8,0.875,0,9,9,4,4,4,4,1,18,-14,1,2024-25,Regular Season,1641705,Victor Wembanyama
22024,1641705,0022400757,2025-02-10,SAS @ WAS,W,38,12,21,0.571,5,8,0.625,2,4,0.5,3,12,15,4,2,3,1,2,31,6,1,2024-25,Regular Season,1641705,Victor Wembanyama
22024,1641705,0022400769,2025-02-12,SAS @ BOS,L,36,7,16,0.438,1,6,0.167,2,2,1.0,1,12,13,4,0,2,2,4,17,-6,1,2024-25,Regular Season,1641705,Victor Wembanyama
22024,1630567,0022400067,2024-10-23,TOR vs. CLE,L,26,3,14,0.214,0,2,0.0,3,4,0.75,3,3,6,5,0,0,2,5,9,-33,1,2024-25,Regular Season,1630567,Scottie Barnes
22024,1630567,0022400078,2024-10-25,TOR vs. PHI,W,36,8,11,0.727,0,2,0.0,11,13,0.846,2,3,5,4,2,1,4,2,27,-1,1,2024-25,Regular Season,1630567,Scottie Barnes
22024,1630567,0022400093,2024-10-26,TOR @ MIN,L,37,9,19,0.474,1,4,0.25,1,2,0.5,3,5,8,6,1,0,6,4,20,-13,1,2024-25,Regular Season,1630567,Scottie Barnes
22024,1630567,0022400107,2024-10-28,TOR vs. DEN,L,35,9,19,0.474,1,3,0.333,2,4,0.5,2,10,12,9,5,1,4,1,21,-2,1,2024-25,Regular Season,1630567,Scottie Barnes
22024,1630567,0022400261,2024-11-21,TOR vs. MIN,W,27,5,11,0.455,2,5,0.4,5,6,0.833,0,3,3,6,1,0,2,2,17,-2,1,2024-25,Regular Season,1630567,Scottie Barnes
22024,1630567,0022400275,2024-11-24,TOR @ CLE,L,34,5,14,0.357,1,6,0.167,7,12,0.583,1,6,7,7,3,1,1,1,18,-9,1,2024-25,Regular Season,1630567,Scottie Barnes
22024,1630567,0022400278,2024-11-25,TOR @ DET,L,37,12,26,0.462,3,8,0.375,4,5,0.8,7,7,14,7,1,1,1,0,31,-2,1,2024-25,Regular Season,1630567,Scottie Barnes
22024,1630567,0022400295,2024-11-27,TOR @ NOP,W,32,7,23,0.304,2,12,0.167,1,2,0.5,4,8,12,7,0,1,5,2,17,33,1,2024-25,Regular Season,1630567,Scottie Barnes
22024,1630567,0022400046,2024-11-29,TOR @ MIA,L,38,8,15,0.533,3,8,0.375,5,6,0.833,1,9,10,10,1,1,5,1,24,0,1,2024-25,Regular Season,1630567,Scottie Barnes
22024,1630567,0022400309,2024-12-01,TOR vs. MIA,W,35,9,17,0.529,2,5,0.4,3,5,0.6,1,9,10,9,0,0,4,2,23,-12,1,2024-25,Regular Season,1630567,Scottie Barnes
22024,1630567,0022400054,2024-12-03,TOR vs. IND,W,36,13,20,0.65,3,7,0.429,6,8,0.75,0,6,6,9,1,1,7,3,35,18,1,2024-25,Regular Season,1630567,Scottie Barnes
22024,1630567,0022400328,2024-12-05,TOR vs. OKC,L,31,5,13,0.385,2,7,0.286,0,0,0.0,3,9,12,8,0,2,4,1,12,-21,1,2024-25,Regular Season,1630567,Scottie Barnes
22024,1630567,0022400344,2024-12-07,TOR vs. DAL,L,38,8,17,0.471,3,7,0.429,0,0,0.0,2,6,8,14,3,1,3,1,19,10,1,2024-25,Regular Season,1630567,Scottie Barnes
22024,1630567,0022400359,2024-12-09,TOR vs. NYK,L,23,5,11,0.455,3,8,0.375,2,2,1.0,0,5,5,3,0,0,2,2,15,5,1,2024-25,Regular Season,1630567,Scottie Barnes
22024,1630567,0022400364,2024-12-19,TOR vs. BKN,L,36,5,11,0.455,2,6,0.333,4,5,0.8,0,3,3,6,0,2,3,4,16,1,1,2024-25,Regular Season,1630567,Scottie Barnes
22024,1630567,0022400388,2024-12-22,TOR vs. HOU,L,39,2,15,0.133,0,8,0.0,2,4,0.5,3,7,10,4,3,0,2,3,6,-8,1,2024-25,Regular Season,1630567,Scottie Barnes
22024,1630567,0022400397,2024-12-23,TOR @ NYK,L,36,10,20,0.5,0,3,0.0,4,6,0.667,0,3,3,8,1,0,5,5,24,-2,1,2024-25,Regular Season,1630567,Scottie Barnes
22024,1630567,0022400414,2024-12-26,TOR @ MEM,L,36,10,20,0.5,2,5,0.4,4,4,1.0,1,5,6,8,1,0,3,4,26,-22,1,2024-25,Regular Season,1630567,Scottie Barnes
22024,1630567,0022400438,2024-12-29,TOR vs. ATL,L,35,7,12,0.583,0,1,0.0,5,5,1.0,1,7,8,5,3,0,8,1,19,-34,1,2024-25,Regular Season,1630567,Scottie Barnes
22024,1630567,0022400449,2024-12-31,TOR @ BOS,L,31,7,19,0.368,1,8,0.125,1,1,1.0,2,11,13,2,2,1,6,0,16,-39,1,2024-25,Regular Season,1630567,Scottie Barnes
22024,1630567,0022400459,2025-01-01,TOR vs. BKN,W,38,14,18,0.778,3,4,0.75,2,2,1.0,0,13,13,5,2,1,3,3,33,14,1,2024-25,Regular Season,1630567,Scottie Barnes
22024,1630567,0022400470,2025-01-03,TOR vs. ORL,L,37,9,19,0.474,2,4,0.5,0,2,0.0,1,8,9,3,1,0,1,1,20,-3,1,2024-25,Regular Season,1630567,Scottie Barnes
22024,1630567,0022400497,2025-01-06,TOR vs. MIL,L,32,10,18,0.556,0,4,0.0,1,2,0.5,1,1,2,5,2,1,5,2,21,-24,1,2024-25,Regular Season,1630567,Scottie Barnes
22024,1630567,0022400511,2025-01-08,TOR @ NYK,L,36,7,15,0.467,2,3,0.667,2,2,1.0,1,4,5,5,0,4,1,2,18,-13,1,2024-25,Regular Season,1630567,Scottie Barnes
22024,1630567,0022400517,2025-01-09,TOR @ CLE,L,38,11,20,0.55,0,2,0.0,2,4,0.5,2,8,10,8,3,0,3,3,24,-7,1,2024-25,Regular Season,1630567,Scottie Barnes
22024,1630567,0022400534,2025-01-11,TOR @ DET,L,38,5,14,0.357,1,4,0.25,5,6,0.833,3,9,12,3,2,2,1,2,16,-8,1,2024-25,Regular Season,1630567,Scottie Barnes
22024,1630567,0022400550,2025-01-13,TOR vs. GSW,W,40,9,21,0.429,1,4,0.25,4,6,0.667,2,6,8,6,2,2,3,1,23,12,1,2024-25,Regular Season,1630567,Scottie Barnes
22024,1630567,0022400562,2025-01-15,TOR vs. BOS,W,36,8,16,0.5,1,5,0.2,1,2,0.5,1,2,3,9,1,2,2,1,18,11,1,2024-25,Regular Season,1630567,Scottie Barnes
22024,1630567,0022400580,2025-01-17,TOR @ MIL,L,35,4,16,0.25,0,6,0.0,2,2,1.0,1,7,8,10,2,2,3,5,10,-14,1,2024-25,Regular Season,1630567,Scottie Barnes
22024,1630567,0022400608,2025-01-21,TOR vs. ORL,W,34,6,13,0.462,2,4,0.5,3,4,0.75,1,10,11,8,2,1,2,2,17,21,1,2024-25,Regular Season,1630567,Scottie Barnes
22024,1630567,0022400623,2025-01-23,TOR @ ATL,W,39,8,17,0.471,1,2,0.5,8,10,0.8,1,5,6,3,1,0,1,1,25,11,1,2024-25,Regular Season,1630567,Scottie Barnes
22024,1630567,0022400639,2025-01-25,TOR @ ATL,W,32,8,17,0.471,1,5,0.2,7,7,1.0,3,9,12,7,2,2,4,0,24,26,1,2024-25,Regular Season,1630567,Scottie Barnes
22024,1630567,0022400654,2025-01-27,TOR vs. NOP,W,37,6,21,0.286,1,7,0.143,8,9,0.889,3,8,11,8,3,1,1,3,21,-3,1,2024-25,Regular Season,1630567,Scottie Barnes
22024,1630567,0022400665,2025-01-29,TOR @ WAS,W,29,10,19,0.526,1,4,0.25,3,3,1.0,1,3,4,4,1,1,1,4,24,24,1,2024-25,Regular Season,1630567,Scottie Barnes
22024,1630567,0022400682,2025-01-31,TOR vs. CHI,L,33,8,20,0.4,0,2,0.0,4,5,0.8,1,9,10,5,0,1,1,1,20,0,1,2024-25,Regular Season,1630567,Scottie Barnes
22024,1630567,0022400697,2025-02-02,TOR vs. LAC,W,34,6,12,0.5,2,2,1.0,1,2,0.5,1,6,7,5,0,1,1,3,15,5,1,2024-25,Regular Season,1630567,Scottie Barnes
22024,1630567,0022400713,2025-02-04,TOR vs. NYK,L,32,8,23,0.348,1,5,0.2,6,6,1.0,0,3,3,5,1,1,3,1,23,-18,1,2024-25,Regular Season,1630567,Scottie Barnes
22024,1630567,0022400722,2025-02-05,TOR vs. MEM,L,32,4,18,0.222,0,7,0.0,3,3,1.0,0,2,2,9,2,3,1,2,11,-28,1,2024-25,Regular Season,1630567,Scottie Barnes
22024,1630567,0022400739,2025-02-07,TOR @ OKC,L,34,8,20,0.4,4,6,0.667,1,2,0.5,2,3,5,4,3,4,5,1,21,-5,1,2024-25,Regular Season,1630567,Scottie Barnes
22024,1630567,0022400753,2025-02-09,TOR @ HOU,L,38,6,19,0.316,0,8,0.0,3,4,0.75,0,9,9,7,2,1,0,2,15,-4,1,2024-25,Regular Season,1630567,Scottie Barnes
22024,1630567,0022400764,2025-02-11,TOR @ PHI,W,37,10,16,0.625,1,2,0.5,12,15,0.8,1,9,10,3,1,2,3,1,33,10,1,2024-25,Regular Season,1630567,Scottie Barnes
22024,1630567,0022400774,2025-02-12,TOR vs. CLE,L,33,7,15,0.467,0,2,0.0,2,3,0.667,2,9,11,7,1,3,4,1,16,-32,1,2024-25,Regular Season,1630567,Scottie Barnes
22024,1630567,0022400800,2025-02-21,TOR vs. MIA,L,38,4,12,0.333,1,5,0.2,4,4,1.0,0,6,6,3,0,1,1,0,13,-25,1,2024-25,Regular Season,1630567,Scottie Barnes
22024,1630567,0022400816,2025-02-23,TOR vs. PHX,W,35,8,14,0.571,2,3,0.667,2,2,1.0,1,8,9,4,1,0,3,2,20,31,1,2024-25,Regular Season,1630567,Scottie Barnes
22024,1630567,0022400829,2025-02-25,TOR vs. BOS,L,34,7,14,0.5,0,5,0.0,7,9,0.778,2,1,3,6,2,0,2,1,21,-6,1,2024-25,Regular Season,1630567,Scottie Barnes
22024,1630567,0022400855,2025-02-28,TOR @ CHI,L,36,10,19,0.526,2,3,0.667,2,2,1.0,3,5,8,6,1,1,2,2,24,0,1,2024-25,Regular Season,1630567,Scottie Barnes
22024,1630567,0022400870,2025-03-02,TOR @ ORL,W,29,5,12,0.417,0,0,0.0,0,0,0.0,1,2,3,4,1,1,2,5,10,-5,1,2024-25,Regular Season,1630567,Scottie Barnes
22024,1630567,0022400883,2025-03-04,TOR @ ORL,W,30,6,13,0.462,1,5,0.2,4,5,0.8,5,8,13,5,3,1,3,2,17,2,1,2024-25,Regular Season,1630567,Scottie Barnes
22024,1630567,0022400905,2025-03-07,TOR vs. UTA,W,32,8,19,0.421,0,3,0.0,6,8,0.75,7,5,12,6,2,3,3,0,22,18,1,2024-25,Regular Season,1630567,Scottie Barnes
22024,1630567,0022400915,2025-03-08,TOR vs. WAS,L,27,4,16,0.25,1,3,0.333,9,10,0.9,0,2,2,4,4,0,2,0,18,-1,1,2024-25,Regular Season,1630567,Scottie Barnes
22024,1630567,0022400932,2025-03-10,TOR vs. WAS,W,26,6,19,0.316,0,2,0.0,2,4,0.5,4,9,13,2,0,0,1,0,14,-2,1,2024-25,Regular Season,1630567,Scottie Barnes
22024,1630567,0022400966,2025-03-14,TOR @ UTA,W,24,8,16,0.5,1,2,0.5,3,6,0.5,1,9,10,3,1,0,1,1,20,13,1,2024-25,Regular Season,1630567,Scottie Barnes
22024,1630567,0022400980,2025-03-16,TOR @ POR,L,28,4,11,0.364,0,1,0.0,8,9,0.889,2,4,6,6,6,0,5,0,16,4,1,2024-25,Regular Season,1630567,Scottie Barnes
22024,1630567,0022400991,2025-03-17,TOR @ PHX,L,31,5,13,0.385,1,2,0.5,5,8,0.625,2,2,4,3,0,0,5,3,16,-21,1,2024-25,Regular Season,1630567,Scottie Barnes
22024,1630567,0022401005,2025-03-20,TOR @ GSW,L,34,11,16,0.688,1,2,0.5,6,8,0.75,0,10,10,6,0,1,3,1,29,-1,1,2024-25,Regular Season,1630567,Scottie Barnes
22024,1630567,0022401033,2025-03-23,TOR vs. SAS,L,30,8,11,0.727,3,6,0.5,3,4,0.75,2,4,6,6,2,1,6,1,22,-13,1,2024-25,Regular Season,1630567,Scottie Barnes
22024,1630567,0022401039,2025-03-24,TOR @ WAS,W,28,5,16,0.313,0,5,0.0,3,4,0.75,3,7,10,8,3,2,1,3,13,10,1,2024-25,Regular Season,1630567,Scottie Barnes
22024,1630567,0022401054,2025-03-26,TOR @ BKN,W,28,6,17,0.353,0,1,0.0,3,3,1.0,2,5,7,5,0,1,4,0,15,23,1,2024-25,Regular Season,1630567,Scottie Barnes
22024,1630567,0022401069,2025-03-28,TOR vs. CHA,W,27,6,14,0.429,2,6,0.333,4,6,0.667,1,5,6,6,0,1,2,1,18,8,1,2024-25,Regular Season,1630567,Scottie Barnes
22024,1630567,0022401087,2025-03-30,TOR @ PHI,W,28,4,12,0.333,0,2,0.0,1,2,0.5,0,5,5,4,1,0,0,0,9,12,1,2024-25,Regular Season,1630567,Scottie Barnes
22024,1630567,0022401099,2025-04-01,TOR @ CHI,L,24,4,14,0.286,1,5,0.2,0,0,0.0,1,3,4,4,2,0,2,2,9,-6,1,2024-25,Regular Season,1630567,Scottie Barnes
22024,1630567,0022401116,2025-04-03,TOR vs. POR,L,27,2,8,0.25,0,2,0.0,1,1,1.0,0,2,2,5,1,0,2,1,5,-4,1,2024-25,Regular Season,1630567,Scottie Barnes
22024,1630567,0022401158,2025-04-09,TOR vs. CHA,W,20,7,15,0.467,3,5,0.6,0,0,0.0,3,8,11,5,0,1,1,0,17,10,1,2024-25,Regular Season,1630567,Scottie Barnes
22024,1630567,0022401178,2025-04-11,TOR @ DAL,L,31,12,25,0.48,0,3,0.0,2,8,0.25,2,7,9,3,1,1,3,2,26,-10,1,2024-25,Regular Season,1630567,Scottie Barnes
22024,1630567,0022401197,2025-04-13,TOR @ SAS,L,37,15,23,0.652,2,2,1.0,3,4,0.75,3,8,11,8,0,0,4,0,35,-9,1,2024-25,Regular Season,1630567,Scottie Barnes
22024,1630532,0022400065,2024-10-23,ORL @ MIA,W,23,10,16,0.625,3,6,0.5,0,0,0.0,1,3,4,4,2,1,0,3,23,31,1,2024-25,Regular Season,1630532,Franz Wagner
22024,1630532,0022400077,2024-10-25,ORL vs. BKN,W,39,10,19,0.526,3,6,0.5,6,6,1.0,2,4,6,5,1,0,3,2,29,16,1,2024-25,Regular Season,1630532,Franz Wagner
22024,1630532,0022400092,2024-10-26,ORL @ MEM,L,34,7,16,0.438,4,10,0.4,5,6,0.833,1,6,7,3,2,0,6,2,23,-17,1,2024-25,Regular Season,1630532,Franz Wagner
22024,1630532,0022400102,2024-10-28,ORL vs. IND,W,11,3,5,0.6,1,3,0.333,0,0,0.0,0,1,1,1,1,0,0,1,7,8,1,2024-25,Regular Season,1630532,Franz Wagner
22024,1630532,0022400123,2024-10-30,ORL @ CHI,L,23,3,8,0.375,0,3,0.0,1,1,1.0,1,2,3,4,1,1,0,2,7,-6,1,2024-25,Regular Season,1630532,Franz Wagner
22024,1630532,0022400133,2024-11-01,ORL @ CLE,L,30,8,19,0.421,0,2,0.0,1,3,0.333,2,6,8,6,1,0,4,3,17,-11,1,2024-25,Regular Season,1630532,Franz Wagner
22024,1630532,0022400153,2024-11-03,ORL @ DAL,L,25,6,15,0.4,1,2,0.5,0,0,0.0,1,5,6,6,2,0,2,3,13,-13,1,2024-25,Regular Season,1630532,Franz Wagner
22024,1630532,0022400163,2024-11-04,ORL @ OKC,L,34,8,17,0.471,1,4,0.25,5,6,0.833,2,2,4,2,2,0,5,2,22,1,1,2024-25,Regular Season,1630532,Franz Wagner
22024,1630532,0022400170,2024-11-06,ORL @ IND,L,39,10,23,0.435,2,7,0.286,6,8,0.75,1,7,8,6,0,0,3,4,28,-1,1,2024-25,Regular Season,1630532,Franz Wagner
22024,1630532,0022400186,2024-11-08,ORL vs. NOP,W,32,9,18,0.5,2,5,0.4,7,8,0.875,2,3,5,6,2,0,2,2,27,8,1,2024-25,Regular Season,1630532,Franz Wagner
22024,1630532,0022400204,2024-11-10,ORL vs. WAS,W,29,9,20,0.45,1,5,0.2,4,4,1.0,0,4,4,7,1,0,0,0,23,16,1,2024-25,Regular Season,1630532,Franz Wagner
22024,1630532,0022400003,2024-11-12,ORL vs. CHA,W,32,14,25,0.56,2,9,0.222,2,3,0.667,1,7,8,5,3,0,2,2,32,19,1,2024-25,Regular Season,1630532,Franz Wagner
22024,1630532,0022400217,2024-11-13,ORL vs. IND,W,37,9,24,0.375,3,8,0.375,8,9,0.889,0,3,3,6,1,1,1,0,29,0,1,2024-25,Regular Season,1630532,Franz Wagner
22024,1630532,0022400010,2024-11-15,ORL vs. PHI,W,41,10,23,0.435,5,11,0.455,6,6,1.0,1,10,11,6,2,1,0,4,31,18,1,2024-25,Regular Season,1630532,Franz Wagner
22024,1630532,0022400249,2024-11-18,ORL @ PHX,W,39,12,24,0.5,4,8,0.5,4,5,0.8,0,5,5,8,0,0,1,2,32,12,1,2024-25,Regular Season,1630532,Franz Wagner
22024,1630532,0022400259,2024-11-20,ORL @ LAC,L,35,5,11,0.455,0,4,0.0,4,4,1.0,0,6,6,6,4,0,3,3,14,-18,1,2024-25,Regular Season,1630532,Franz Wagner
22024,1630532,0022400263,2024-11-21,ORL @ LAL,W,39,13,26,0.5,4,10,0.4,7,8,0.875,0,6,6,11,4,0,3,5,37,5,1,2024-25,Regular Season,1630532,Franz Wagner
22024,1630532,0022400265,2024-11-23,ORL vs. DET,W,29,11,22,0.5,4,9,0.444,4,4,1.0,3,6,9,8,2,0,4,3,30,16,1,2024-25,Regular Season,1630532,Franz Wagner
22024,1630532,0022400277,2024-11-25,ORL @ CHA,W,40,8,17,0.471,2,6,0.333,3,6,0.5,0,1,1,7,4,2,1,3,21,13,1,2024-25,Regular Season,1630532,Franz Wagner
22024,1630532,0022400289,2024-11-27,ORL vs. CHI,W,31,7,20,0.35,1,6,0.167,6,6,1.0,1,2,3,6,2,1,3,3,21,19,1,2024-25,Regular Season,1630532,Franz Wagner
22024,1630532,0022400043,2024-11-29,ORL @ BKN,W,35,12,20,0.6,3,6,0.5,2,2,1.0,1,7,8,8,2,1,3,0,29,35,1,2024-25,Regular Season,1630532,Franz Wagner
22024,1630532,0022400305,2024-12-01,ORL @ BKN,W,38,4,17,0.235,0,6,0.0,12,14,0.857,1,8,9,8,0,2,4,3,20,13,1,2024-25,Regular Season,1630532,Franz Wagner
22024,1630532,0022400053,2024-12-03,ORL @ NYK,L,39,10,22,0.455,1,5,0.2,9,9,1.0,0,3,3,6,3,0,3,1,30,-16,1,2024-25,Regular Season,1630532,Franz Wagner
22024,1630532,0022400322,2024-12-04,ORL @ PHI,W,36,12,23,0.522,1,6,0.167,10,10,1.0,2,5,7,2,0,1,4,3,35,1,1,2024-25,Regular Season,1630532,Franz Wagner
22024,1630532,0022400333,2024-12-06,ORL @ PHI,L,38,10,23,0.435,3,12,0.25,7,7,1.0,0,5,5,5,1,1,4,2,30,-5,1,2024-25,Regular Season,1630532,Franz Wagner
22024,1630532,0022400622,2025-01-23,ORL vs. POR,L,24,9,19,0.474,0,3,0.0,2,3,0.667,0,4,4,0,0,1,4,4,20,-13,1,2024-25,Regular Season,1630532,Franz Wagner
22024,1630532,0022400638,2025-01-25,ORL vs. DET,W,30,10,22,0.455,4,8,0.5,8,8,1.0,1,3,4,7,0,0,1,1,32,1,1,2024-25,Regular Season,1630532,Franz Wagner
22024,1630532,0022400652,2025-01-27,ORL @ MIA,L,40,10,25,0.4,2,10,0.2,7,10,0.7,0,8,8,3,0,0,3,2,29,-8,1,2024-25,Regular Season,1630532,Franz Wagner
22024,1630532,0022400678,2025-01-30,ORL @ POR,L,31,8,17,0.471,1,5,0.2,7,8,0.875,2,1,3,3,0,0,1,4,24,-7,1,2024-25,Regular Season,1630532,Franz Wagner
22024,1630532,0022400687,2025-02-01,ORL @ UTA,L,34,8,21,0.381,3,11,0.273,18,20,0.9,1,5,6,1,1,1,1,3,37,-6,1,2024-25,Regular Season,1630532,Franz Wagner
22024,1630532,0022400708,2025-02-03,ORL @ GSW,L,37,9,19,0.474,1,5,0.2,2,3,0.667,1,2,3,5,2,0,2,6,21,-8,1,2024-25,Regular Season,1630532,Franz Wagner
22024,1630532,0022400727,2025-02-05,ORL @ SAC,W,27,12,22,0.545,5,6,0.833,2,2,1.0,1,4,5,3,0,0,0,1,31,29,1,2024-25,Regular Season,1630532,Franz Wagner
22024,1630532,0022400730,2025-02-06,ORL @ DEN,L,30,6,17,0.353,0,3,0.0,2,2,1.0,2,2,4,4,2,1,1,2,14,-21,1,2024-25,Regular Season,1630532,Franz Wagner
22024,1630532,0022400743,2025-02-08,ORL vs. SAS,W,38,14,28,0.5,2,7,0.286,3,6,0.5,3,9,12,5,1,0,3,3,33,21,1,2024-25,Regular Season,1630532,Franz Wagner
22024,1630532,0022400756,2025-02-10,ORL vs. ATL,L,38,15,29,0.517,3,8,0.375,4,4,1.0,1,6,7,3,2,0,2,4,37,0,1,2024-25,Regular Season,1630532,Franz Wagner
22024,1630532,0022400770,2025-02-12,ORL vs. CHA,W,32,6,11,0.545,0,2,0.0,4,5,0.8,1,6,7,2,0,0,4,3,16,0,1,2024-25,Regular Season,1630532,Franz Wagner
22024,1630532,0022400790,2025-02-20,ORL @ ATL,W,33,9,18,0.5,0,3,0.0,7,11,0.636,1,6,7,5,0,0,1,4,25,2,1,2024-25,Regular Season,1630532,Franz Wagner
22024,1630532,0022400798,2025-02-21,ORL vs. MEM,L,38,9,19,0.474,2,7,0.286,5,6,0.833,1,5,6,3,1,2,3,1,25,1,1,2024-25,Regular Season,1630532,Franz Wagner
22024,1630532,0022400815,2025-02-23,ORL vs. WAS,W,31,11,22,0.5,1,7,0.143,0,0,0.0,2,5,7,5,2,0,3,3,23,31,1,2024-25,Regular Season,1630532,Franz Wagner
22024,1630532,0022400830,2025-02-25,ORL vs. CLE,L,35,9,21,0.429,1,3,0.333,0,0,0.0,1,4,5,4,1,1,2,4,19,-18,1,2024-25,Regular Season,1630532,Franz Wagner
22024,1630532,0022400845,2025-02-27,ORL vs. GSW,L,39,11,22,0.5,1,4,0.25,4,5,0.8,0,2,2,4,3,0,3,3,27,4,1,2024-25,Regular Season,1630532,Franz Wagner
22024,1630532,0022400870,2025-03-02,ORL vs. TOR,L,37,9,17,0.529,1,4,0.25,6,6,1.0,1,3,4,1,0,0,0,1,25,-1,1,2024-25,Regular Season,1630532,Franz Wagner
22024,1630532,0022400883,2025-03-04,ORL vs. TOR,L,36,11,23,0.478,3,7,0.429,3,4,0.75,0,5,5,1,0,0,4,4,28,8,1,2024-25,Regular Season,1630532,Franz Wagner
22024,1630532,0022400944,2025-03-06,ORL vs. CHI,L,38,6,17,0.353,0,3,0.0,6,7,0.857,1,1,2,6,2,1,2,3,18,2,1,2024-25,Regular Season,1630532,Franz Wagner
22024,1630532,0022400917,2025-03-08,ORL @ MIL,W,38,8,17,0.471,1,4,0.25,1,1,1.0,1,6,7,5,1,0,0,3,18,-4,1,2024-25,Regular Season,1630532,Franz Wagner
22024,1630532,0022400934,2025-03-10,ORL @ HOU,L,34,6,17,0.353,0,2,0.0,3,4,0.75,1,6,7,5,2,0,2,3,15,5,1,2024-25,Regular Season,1630532,Franz Wagner
22024,1630532,0022401141,2025-03-13,ORL @ NOP,W,35,11,17,0.647,1,2,0.5,4,4,1.0,0,6,6,5,1,0,2,3,27,12,1,2024-25,Regular Season,1630532,Franz Wagner
22024,1630532,0022400963,2025-03-14,ORL @ MIN,L,34,4,16,0.25,0,2,0.0,8,8,1.0,1,3,4,4,1,0,5,1,16,-16,1,2024-25,Regular Season,1630532,Franz Wagner
22024,1630532,0022400979,2025-03-16,ORL @ CLE,W,36,8,19,0.421,1,6,0.167,5,6,0.833,3,5,8,2,1,0,7,3,22,-1,1,2024-25,Regular Season,1630532,Franz Wagner
22024,1630532,0022400999,2025-03-19,ORL vs. HOU,L,38,8,19,0.421,2,5,0.4,2,2,1.0,0,8,8,7,0,0,6,2,20,18,1,2024-25,Regular Season,1630532,Franz Wagner
22024,1630532,0022401014,2025-03-21,ORL @ WAS,W,24,9,18,0.5,1,4,0.25,2,2,1.0,0,8,8,5,0,1,1,3,21,12,1,2024-25,Regular Season,1630532,Franz Wagner
22024,1630532,0022401038,2025-03-24,ORL vs. LAL,W,38,13,26,0.5,3,10,0.3,3,3,1.0,0,5,5,9,1,0,2,2,32,12,1,2024-25,Regular Season,1630532,Franz Wagner
22024,1630532,0022401045,2025-03-25,ORL @ CHA,W,35,8,22,0.364,1,6,0.167,9,10,0.9,1,7,8,4,0,0,2,2,26,2,1,2024-25,Regular Season,1630532,Franz Wagner
22024,1630532,0022401060,2025-03-27,ORL vs. DAL,L,36,8,21,0.381,0,5,0.0,4,4,1.0,2,7,9,2,1,0,4,0,20,-14,1,2024-25,Regular Season,1630532,Franz Wagner
22024,1630532,0022401074,2025-03-29,ORL vs. SAC,W,24,8,12,0.667,2,6,0.333,3,4,0.75,1,1,2,3,0,0,0,2,21,16,1,2024-25,Regular Season,1630532,Franz Wagner
22024,1630532,0022401091,2025-03-31,ORL vs. LAC,L,40,8,19,0.421,1,7,0.143,4,4,1.0,0,5,5,6,2,0,2,4,21,-10,1,2024-25,Regular Season,1630532,Franz Wagner
22024,1630532,0022400988,2025-04-01,ORL @ SAS,W,36,9,20,0.45,3,10,0.3,3,3,1.0,1,4,5,7,0,0,0,3,24,21,1,2024-25,Regular Season,1630532,Franz Wagner
22024,1630532,0022401112,2025-04-03,ORL @ WAS,W,34,10,19,0.526,3,7,0.429,4,4,1.0,0,5,5,5,1,0,1,0,27,14,1,2024-25,Regular Season,1630532,Franz Wagner
22024,1630532,0022401149,2025-04-08,ORL vs. ATL,W,40,8,20,0.4,2,7,0.286,4,4,1.0,1,5,6,6,2,1,2,2,22,1,1,2024-25,Regular Season,1630532,Franz Wagner
22024,1630532,0022401156,2025-04-09,ORL vs. BOS,W,26,9,17,0.529,2,4,0.5,3,3,1.0,1,7,8,2,2,0,1,0,23,18,1,2024-25,Regular Season,1630532,Franz Wagner
42024,1630532,0042400111,2025-04-20,ORL @ BOS,L,36,10,24,0.417,1,6,0.167,2,2,1.0,0,3,3,5,1,2,5,3,23,-15,1,2024-25,Playoffs,1630532,Franz Wagner
42024,1630532,0042400112,2025-04-23,ORL @ BOS,L,40,10,20,0.5,1,7,0.143,4,4,1.0,0,4,4,4,2,0,2,2,25,-7,1,2024-25,Playoffs,1630532,Franz Wagner
42024,1630532,0042400113,2025-04-25,ORL vs. BOS,W,38,11,27,0.407,3,13,0.231,7,12,0.583,2,5,7,8,2,0,1,4,32,-4,1,2024-25,Playoffs,1630532,Franz Wagner
42024,1630532,0042400114,2025-04-27,ORL vs. BOS,L,40,10,22,0.455,2,7,0.286,2,3,0.667,0,6,6,7,0,0,2,2,24,3,1,2024-25,Playoffs,1630532,Franz Wagner
42024,1630532,0042400115,2025-04-29,ORL @ BOS,L,40,10,22,0.455,0,4,0.0,5,5,1.0,1,3,4,4,1,0,0,5,25,-23,1,2024-25,Playoffs,1630532,Franz Wagner
22024,1630169,0022400063,2024-10-23,IND @ DET,W,35,6,18,0.333,1,9,0.111,2,2,1.0,1,4,5,4,3,2,3,2,15,15,1,2024-25,Regular Season,1630169,Tyrese Haliburton
22024,1630169,0022400081,2024-10-25,IND @ NYK,L,26,0,8,0.0,0,7,0.0,0,0,0.0,0,1,1,5,1,0,1,2,0,-23,1,2024-25,Regular Season,1630169,Tyrese Haliburton
22024,1630169,0022400097,2024-10-27,IND vs. PHI,L,37,8,18,0.444,4,9,0.444,2,5,0.4,1,3,4,2,0,1,3,2,22,-9,1,2024-25,Regular Season,1630169,Tyrese Haliburton
22024,1630169,0022400102,2024-10-28,IND @ ORL,L,35,6,15,0.4,4,9,0.444,3,4,0.75,3,6,9,10,1,0,1,1,19,3,1,2024-25,Regular Season,1630169,Tyrese Haliburton
22024,1630169,0022400119,2024-10-30,IND vs. BOS,W,40,7,19,0.368,2,10,0.2,1,1,1.0,0,6,6,12,2,0,1,5,17,9,1,2024-25,Regular Season,1630169,Tyrese Haliburton
22024,1630169,0022400138,2024-11-01,IND @ NOP,L,33,2,8,0.25,1,6,0.167,6,6,1.0,1,1,2,11,0,0,2,2,11,-19,1,2024-25,Regular Season,1630169,Tyrese Haliburton
22024,1630169,0022400165,2024-11-04,IND @ DAL,W,36,10,16,0.625,2,8,0.25,3,6,0.5,0,4,4,12,2,1,2,1,25,9,1,2024-25,Regular Season,1630169,Tyrese Haliburton
22024,1630169,0022400170,2024-11-06,IND vs. ORL,W,37,6,11,0.545,3,5,0.6,2,2,1.0,0,3,3,4,1,0,1,4,17,6,1,2024-25,Regular Season,1630169,Tyrese Haliburton
22024,1630169,0022400184,2024-11-08,IND @ CHA,L,34,2,11,0.182,0,4,0.0,2,2,1.0,1,6,7,9,1,1,2,1,6,-21,1,2024-25,Regular Season,1630169,Tyrese Haliburton
22024,1630169,0022400203,2024-11-10,IND vs. NYK,W,35,11,18,0.611,4,10,0.4,9,11,0.818,0,2,2,14,2,0,2,1,35,12,1,2024-25,Regular Season,1630169,Tyrese Haliburton
22024,1630169,0022400217,2024-11-13,IND @ ORL,L,40,3,14,0.214,2,8,0.25,1,1,1.0,0,1,1,11,0,0,4,1,9,5,1,2024-25,Regular Season,1630169,Tyrese Haliburton
22024,1630169,0022400009,2024-11-15,IND vs. MIA,L,29,7,14,0.5,4,9,0.444,0,0,0.0,1,1,2,8,1,0,1,1,18,-25,1,2024-25,Regular Season,1630169,Tyrese Haliburton
22024,1630169,0022400235,2024-11-17,IND vs. MIA,W,38,4,13,0.308,3,8,0.375,5,5,1.0,1,2,3,13,0,2,0,2,16,19,1,2024-25,Regular Season,1630169,Tyrese Haliburton
22024,1630169,0022400247,2024-11-18,IND @ TOR,L,39,5,18,0.278,2,9,0.222,4,4,1.0,2,1,3,4,5,2,1,4,16,-15,1,2024-25,Regular Season,1630169,Tyrese Haliburton
22024,1630169,0022400254,2024-11-20,IND @ HOU,L,30,1,7,0.143,1,5,0.2,1,1,1.0,0,1,1,8,0,1,2,1,4,-28,1,2024-25,Regular Season,1630169,Tyrese Haliburton
22024,1630169,0022400029,2024-11-22,IND @ MIL,L,34,6,14,0.429,4,10,0.4,2,2,1.0,0,1,1,9,0,0,1,0,18,-18,1,2024-25,Regular Season,1630169,Tyrese Haliburton
22024,1630169,0022400272,2024-11-24,IND vs. WAS,W,34,7,18,0.389,5,11,0.455,2,2,1.0,3,1,4,9,2,0,3,3,21,12,1,2024-25,Regular Season,1630169,Tyrese Haliburton
22024,1630169,0022400279,2024-11-25,IND vs. NOP,W,36,12,23,0.522,9,18,0.5,1,1,1.0,0,3,3,13,3,0,2,1,34,16,1,2024-25,Regular Season,1630169,Tyrese Haliburton
22024,1630169,0022400288,2024-11-27,IND vs. POR,W,39,8,15,0.533,5,10,0.5,7,7,1.0,2,5,7,10,2,0,3,2,28,17,1,2024-25,Regular Season,1630169,Tyrese Haliburton
22024,1630169,0022400045,2024-11-29,IND vs. DET,L,30,8,13,0.615,3,8,0.375,0,0,0.0,0,1,1,5,0,0,2,0,19,-23,1,2024-25,Regular Season,1630169,Tyrese Haliburton
22024,1630169,0022400306,2024-12-01,IND @ MEM,L,37,3,10,0.3,2,9,0.222,0,0,0.0,1,1,2,7,1,0,2,0,8,-6,1,2024-25,Regular Season,1630169,Tyrese Haliburton
22024,1630169,0022400054,2024-12-03,IND @ TOR,L,40,10,16,0.625,4,9,0.444,6,7,0.857,1,3,4,6,1,0,3,2,30,-3,1,2024-25,Regular Season,1630169,Tyrese Haliburton
22024,1630169,0022400320,2024-12-04,IND @ BKN,L,37,5,13,0.385,1,7,0.143,6,7,0.857,0,3,3,8,2,2,3,1,17,2,1,2024-25,Regular Season,1630169,Tyrese Haliburton
22024,1630169,0022400336,2024-12-06,IND @ CHI,W,38,9,17,0.529,5,9,0.556,0,0,0.0,0,4,4,8,2,0,2,1,23,5,1,2024-25,Regular Season,1630169,Tyrese Haliburton
22024,1630169,0022400349,2024-12-08,IND vs. CHA,L,37,4,10,0.4,0,4,0.0,1,2,0.5,0,2,2,8,0,3,2,1,9,-3,1,2024-25,Regular Season,1630169,Tyrese Haliburton
22024,1630169,0022401209,2024-12-13,IND @ PHI,W,35,12,23,0.522,7,15,0.467,1,1,1.0,1,2,3,11,1,1,2,1,32,21,1,2024-25,Regular Season,1630169,Tyrese Haliburton
22024,1630169,0022401216,2024-12-15,IND vs. NOP,W,35,6,14,0.429,4,8,0.5,5,6,0.833,0,4,4,10,3,1,4,1,21,9,1,2024-25,Regular Season,1630169,Tyrese Haliburton
22024,1630169,0022400369,2024-12-19,IND @ PHX,W,37,4,9,0.444,4,9,0.444,1,2,0.5,1,3,4,12,0,1,2,1,13,14,1,2024-25,Regular Season,1630169,Tyrese Haliburton
22024,1630169,0022400389,2024-12-22,IND @ SAC,W,31,5,10,0.5,4,9,0.444,0,0,0.0,1,4,5,8,0,0,1,0,14,15,1,2024-25,Regular Season,1630169,Tyrese Haliburton
22024,1630169,0022400403,2024-12-23,IND @ GSW,W,38,6,11,0.545,2,7,0.286,2,2,1.0,0,6,6,12,2,0,1,0,16,28,1,2024-25,Regular Season,1630169,Tyrese Haliburton
22024,1630169,0022400410,2024-12-26,IND vs. OKC,L,35,2,6,0.333,0,2,0.0,0,0,0.0,1,1,2,8,0,0,1,1,4,-13,1,2024-25,Regular Season,1630169,Tyrese Haliburton
22024,1630169,0022400420,2024-12-27,IND @ BOS,L,30,6,13,0.462,3,8,0.375,4,4,1.0,0,4,4,9,0,0,2,0,19,-27,1,2024-25,Regular Season,1630169,Tyrese Haliburton
22024,1630169,0022400437,2024-12-29,IND @ BOS,W,36,11,19,0.579,1,6,0.167,8,9,0.889,0,6,6,7,1,0,0,0,31,13,1,2024-25,Regular Season,1630169,Tyrese Haliburton
22024,1630169,0022400450,2024-12-31,IND vs. MIL,L,39,3,13,0.231,1,6,0.167,5,6,0.833,2,5,7,7,1,2,1,2,12,-6,1,2024-25,Regular Season,1630169,Tyrese Haliburton
22024,1630169,0022400463,2025-01-02,IND @ MIA,W,35,13,21,0.619,6,13,0.462,1,3,0.333,1,4,5,15,2,1,0,1,33,26,1,2024-25,Regular Season,1630169,Tyrese Haliburton
22024,1630169,0022400480,2025-01-04,IND vs. PHX,W,33,8,19,0.421,5,12,0.417,6,7,0.857,1,4,5,8,2,1,0,0,27,13,1,2024-25,Regular Season,1630169,Tyrese Haliburton
22024,1630169,0022400495,2025-01-06,IND @ BKN,W,32,5,12,0.417,4,7,0.571,9,9,1.0,0,2,2,8,1,1,3,2,23,10,1,2024-25,Regular Season,1630169,Tyrese Haliburton
22024,1630169,0022400510,2025-01-08,IND vs. CHI,W,30,7,13,0.538,2,3,0.667,0,0,0.0,0,3,3,13,2,0,1,1,16,25,1,2024-25,Regular Season,1630169,Tyrese Haliburton
22024,1630169,0022400525,2025-01-10,IND vs. GSW,W,35,8,10,0.8,2,4,0.5,7,7,1.0,0,2,2,10,3,0,5,1,25,18,1,2024-25,Regular Season,1630169,Tyrese Haliburton
22024,1630169,0022400543,2025-01-12,IND @ CLE,W,19,1,5,0.2,0,2,0.0,0,0,0.0,0,1,1,5,1,1,1,0,2,-14,1,2024-25,Regular Season,1630169,Tyrese Haliburton
22024,1630169,0022400572,2025-01-16,IND @ DET,W,34,7,15,0.467,2,6,0.333,1,1,1.0,0,4,4,8,1,1,0,2,17,10,1,2024-25,Regular Season,1630169,Tyrese Haliburton
22024,1630169,0022400588,2025-01-18,IND vs. PHI,W,32,4,11,0.364,1,7,0.143,0,0,0.0,1,4,5,9,0,0,5,2,9,-3,1,2024-25,Regular Season,1630169,Tyrese Haliburton
22024,1630169,0022400621,2025-01-23,IND vs. SAS,L,30,5,11,0.455,3,7,0.429,0,0,0.0,0,2,2,7,0,0,0,0,13,-20,1,2024-25,Regular Season,1630169,Tyrese Haliburton
22024,1630169,0022400633,2025-01-25,IND @ SAS,W,28,11,17,0.647,6,9,0.667,0,0,0.0,1,2,3,4,2,2,1,1,28,15,1,2024-25,Regular Season,1630169,Tyrese Haliburton
22024,1630169,0022400664,2025-01-29,IND vs. DET,W,32,10,17,0.588,4,9,0.444,6,9,0.667,1,6,7,8,1,0,1,0,30,15,1,2024-25,Regular Season,1630169,Tyrese Haliburton
22024,1630169,0022400686,2025-02-01,IND vs. ATL,W,35,5,12,0.417,3,6,0.5,4,5,0.8,0,4,4,9,2,1,1,2,17,5,1,2024-25,Regular Season,1630169,Tyrese Haliburton
22024,1630169,0022400707,2025-02-03,IND @ UTA,W,34,6,15,0.4,3,10,0.3,3,4,0.75,1,2,3,6,3,2,3,1,18,-4,1,2024-25,Regular Season,1630169,Tyrese Haliburton
22024,1630169,0022400716,2025-02-04,IND @ POR,L,25,0,3,0.0,0,1,0.0,0,0,0.0,0,2,2,6,1,2,2,3,0,-23,1,2024-25,Regular Season,1630169,Tyrese Haliburton
22024,1630169,0022400733,2025-02-06,IND @ LAC,W,34,5,13,0.385,2,7,0.286,2,2,1.0,0,3,3,8,4,1,1,1,14,7,1,2024-25,Regular Season,1630169,Tyrese Haliburton
22024,1630169,0022400742,2025-02-08,IND @ LAL,L,36,7,15,0.467,4,9,0.444,1,1,1.0,0,2,2,9,2,1,1,3,19,-9,1,2024-25,Regular Season,1630169,Tyrese Haliburton
22024,1630169,0022400765,2025-02-11,IND vs. NYK,L,33,7,15,0.467,2,6,0.333,0,0,0.0,1,4,5,8,0,0,4,2,16,-11,1,2024-25,Regular Season,1630169,Tyrese Haliburton
22024,1630169,0022400771,2025-02-12,IND @ WAS,W,32,8,18,0.444,4,8,0.5,0,0,0.0,0,2,2,7,1,0,2,1,20,-7,1,2024-25,Regular Season,1630169,Tyrese Haliburton
22024,1630169,0022400788,2025-02-20,IND vs. MEM,W,32,9,17,0.529,4,11,0.364,0,0,0.0,1,4,5,9,1,1,1,3,22,8,1,2024-25,Regular Season,1630169,Tyrese Haliburton
22024,1630169,0022400813,2025-02-23,IND vs. LAC,W,30,9,14,0.643,4,8,0.5,7,7,1.0,0,1,1,12,3,0,1,0,29,15,1,2024-25,Regular Season,1630169,Tyrese Haliburton
22024,1630169,0022400822,2025-02-24,IND vs. DEN,L,40,6,11,0.545,5,10,0.5,2,2,1.0,0,1,1,15,3,0,1,2,19,1,1,2024-25,Regular Season,1630169,Tyrese Haliburton
22024,1630169,0022400837,2025-02-26,IND vs. TOR,W,33,12,15,0.8,7,9,0.778,2,2,1.0,0,3,3,11,3,2,1,0,33,24,1,2024-25,Regular Season,1630169,Tyrese Haliburton
22024,1630169,0022400854,2025-02-28,IND @ MIA,L,36,8,15,0.533,3,5,0.6,0,0,0.0,0,2,2,10,4,0,1,1,19,3,1,2024-25,Regular Season,1630169,Tyrese Haliburton
22024,1630169,0022400868,2025-03-02,IND vs. CHI,W,31,7,12,0.583,2,4,0.5,1,1,1.0,1,4,5,12,3,0,1,1,17,16,1,2024-25,Regular Season,1630169,Tyrese Haliburton
22024,1630169,0022400882,2025-03-04,IND vs. HOU,W,36,9,16,0.563,5,8,0.625,5,5,1.0,0,3,3,15,1,0,2,1,28,20,1,2024-25,Regular Season,1630169,Tyrese Haliburton
22024,1630169,0022400942,2025-03-11,IND vs. MIL,W,32,5,12,0.417,2,6,0.333,2,2,1.0,1,2,3,10,2,0,1,0,14,-3,1,2024-25,Regular Season,1630169,Tyrese Haliburton
22024,1630169,0022400959,2025-03-14,IND @ PHI,W,31,5,13,0.385,2,7,0.286,2,3,0.667,2,3,5,10,1,0,1,0,14,15,1,2024-25,Regular Season,1630169,Tyrese Haliburton
22024,1630169,0022400972,2025-03-15,IND @ MIL,L,37,9,16,0.563,2,6,0.333,4,5,0.8,0,6,6,15,5,0,0,1,24,12,1,2024-25,Regular Season,1630169,Tyrese Haliburton
22024,1630169,0022401024,2025-03-22,IND vs. BKN,W,32,5,13,0.385,1,6,0.167,5,5,1.0,1,7,8,12,1,0,2,4,16,8,1,2024-25,Regular Season,1630169,Tyrese Haliburton
22024,1630169,0022401037,2025-03-24,IND vs. MIN,W,29,9,16,0.563,3,7,0.429,3,3,1.0,0,4,4,11,1,1,1,0,24,13,1,2024-25,Regular Season,1630169,Tyrese Haliburton
22024,1630169,0022401055,2025-03-26,IND vs. LAL,L,32,7,16,0.438,1,9,0.111,1,1,1.0,0,0,0,18,2,1,1,2,16,7,1,2024-25,Regular Season,1630169,Tyrese Haliburton
22024,1630169,0022401061,2025-03-27,IND @ WAS,W,25,9,15,0.6,7,10,0.7,4,5,0.8,0,2,2,6,1,1,1,2,29,29,1,2024-25,Regular Season,1630169,Tyrese Haliburton
22024,1630169,0022401079,2025-03-29,IND @ OKC,L,29,6,12,0.5,4,9,0.444,2,2,1.0,1,3,4,3,2,0,0,1,18,-19,1,2024-25,Regular Season,1630169,Tyrese Haliburton
22024,1630169,0022401090,2025-03-31,IND vs. SAC,W,33,7,13,0.538,2,4,0.5,2,2,1.0,1,1,2,11,0,0,5,1,18,-5,1,2024-25,Regular Season,1630169,Tyrese Haliburton
22024,1630169,0022401104,2025-04-02,IND vs. CHA,W,34,9,15,0.6,4,6,0.667,0,0,0.0,0,1,1,10,2,2,0,0,22,14,1,2024-25,Regular Season,1630169,Tyrese Haliburton
22024,1630169,0022401119,2025-04-04,IND vs. UTA,W,28,7,13,0.538,2,6,0.333,1,2,0.5,2,4,6,11,0,3,0,1,17,5,1,2024-25,Regular Season,1630169,Tyrese Haliburton
22024,1630169,0022401142,2025-04-06,IND @ DEN,W,35,3,8,0.375,1,6,0.167,2,4,0.5,0,3,3,14,1,1,3,1,9,0,1,2024-25,Regular Season,1630169,Tyrese Haliburton
22024,1630169,0022401148,2025-04-08,IND vs. WAS,W,31,5,11,0.455,3,7,0.429,9,11,0.818,0,1,1,6,1,0,1,0,22,0,1,2024-25,Regular Season,1630169,Tyrese Haliburton
22024,1630169,0022401168,2025-04-10,IND vs. CLE,W,36,8,16,0.5,4,11,0.364,3,4,0.75,1,7,8,10,0,3,2,1,23,15,1,2024-25,Regular Season,1630169,Tyrese Haliburton
42024,1630169,0042400131,2025-04-19,IND vs. MIL,W,34,3,13,0.231,0,7,0.0,4,6,0.667,0,7,7,12,0,0,1,2,10,27,1,2024-25,Playoffs,1630169,Tyrese Haliburton
42024,1630169,0042400132,2025-04-22,IND vs. MIL,W,35,8,19,0.421,3,10,0.3,2,2,1.0,1,4,5,12,0,0,3,1,21,2,1,2024-25,Playoffs,1630169,Tyrese Haliburton
42024,1630169,0042400133,2025-04-25,IND @ MIL,L,32,5,11,0.455,4,9,0.444,0,0,0.0,1,6,7,10,0,1,1,2,14,-23,1,2024-25,Playoffs,1630169,Tyrese Haliburton
42024,1630169,0042400134,2025-04-27,IND @ MIL,W,34,6,11,0.545,2,5,0.4,3,4,0.75,0,8,8,15,1,0,5,0,17,25,1,2024-25,Playoffs,1630169,Tyrese Haliburton
42024,1630169,0042400135,2025-04-29,IND vs. MIL,W,42,10,22,0.455,2,10,0.2,4,4,1.0,0,5,5,9,3,3,1,3,26,-3,1,2024-25,Playoffs,1630169,Tyrese Haliburton
42024,1630169,0042400201,2025-05-04,IND @ CLE,W,36,9,15,0.6,2,6,0.333,2,2,1.0,0,3,3,13,1,3,1,1,22,11,1,2024-25,Playoffs,1630169,Tyrese Haliburton
42024,1630169,0042400202,2025-05-06,IND @ CLE,W,36,7,11,0.636,2,2,1.0,3,5,0.6,1,8,9,4,0,1,0,1,19,11,1,2024-25,Playoffs,1630169,Tyrese Haliburton
42024,1630169,0042400203,2025-05-09,IND vs. CLE,L,30,2,8,0.25,0,1,0.0,0,0,0.0,0,0,0,5,1,0,3,2,4,-20,1,2024-25,Playoffs,1630169,Tyrese Haliburton
42024,1630169,0042400204,2025-05-11,IND vs. CLE,W,26,3,8,0.375,1,5,0.2,4,5,0.8,0,5,5,5,0,0,2,1,11,27,1,2024-25,Playoffs,1630169,Tyrese Haliburton
42024,1630169,0042400205,2025-05-13,IND @ CLE,W,36,10,15,0.667,6,10,0.6,5,6,0.833,0,6,6,8,1,1,4,3,31,27,1,2024-25,Playoffs,1630169,Tyrese Haliburton
42024,1630169,0042400301,2025-05-21,IND @ NYK,W,42,12,23,0.522,4,12,0.333,3,4,0.75,0,4,4,11,1,0,2,3,31,15,1,2024-25,Playoffs,1630169,Tyrese Haliburton
42024,1630169,0042400302,2025-05-23,IND @ NYK,W,35,5,16,0.313,3,10,0.3,1,2,0.5,2,6,8,11,2,0,1,2,14,-2,1,2024-25,Playoffs,1630169,Tyrese Haliburton
42024,1630169,0042400303,2025-05-25,IND vs. NYK,L,37,7,15,0.467,2,8,0.25,4,4,1.0,0,4,4,7,3,0,3,2,20,-1,1,2024-25,Playoffs,1630169,Tyrese Haliburton
42024,1630169,0042400304,2025-05-27,IND vs. NYK,W,38,11,23,0.478,5,12,0.417,5,6,0.833,0,12,12,15,4,0,0,4,32,16,1,2024-25,Playoffs,1630169,Tyrese Haliburton
42024,1630169,0042400305,2025-05-29,IND @ NYK,L,32,2,7,0.286,0,2,0.0,4,5,0.8,0,2,2,6,2,1,0,1,8,-23,1,2024-25,Playoffs,1630169,Tyrese Haliburton
42024,1630169,0042400306,2025-05-31,IND vs. NYK,W,37,9,17,0.529,2,5,0.4,1,1,1.0,0,6,6,13,3,1,4,2,21,24,1,2024-25,Playoffs,1630169,Tyrese Haliburton
42024,1630169,0042400401,2025-06-05,IND @ OKC,W,39,6,13,0.462,2,7,0.286,0,0,0.0,0,10,10,6,0,1,3,2,14,12,1,2024-25,Playoffs,1630169,Tyrese Haliburton
42024,1630169,0042400402,2025-06-08,IND @ OKC,L,34,7,13,0.538,3,8,0.375,0,0,0.0,0,3,3,6,2,2,5,1,17,-5,1,2024-25,Playoffs,1630169,Tyrese Haliburton
42024,1630169,0042400403,2025-06-11,IND vs. OKC,W,36,9,17,0.529,4,8,0.5,0,0,0.0,1,8,9,11,2,1,4,1,22,1,1,2024-25,Playoffs,1630169,Tyrese Haliburton
42024,1630169,0042400404,2025-06-13,IND vs. OKC,L,36,7,15,0.467,1,7,0.143,3,3,1.0,0,2,2,7,2,0,5,1,18,1,1,2024-25,Playoffs,1630169,Tyrese Haliburton
42024,1630169,0042400405,2025-06-16,IND @ OKC,L,34,0,6,0.0,0,4,0.0,4,4,1.0,1,6,7,6,0,0,3,3,4,-13,1,2024-25,Playoffs,1630169,Tyrese Haliburton
42024,1630169,0042400406,2025-06-19,IND vs. OKC,W,23,5,12,0.417,3,7,0.429,1,1,1.0,0,1,1,5,2,0,1,1,14,25,1,2024-25,Playoffs,1630169,Tyrese Haliburton
42024,1630169,0042400407,2025-06-22,IND @ OKC,L,7,3,5,0.6,3,4,0.75,0,0,0.0,0,0,0,0,0,0,1,0,9,-2,1,2024-25,Playoffs,1630169,Tyrese Haliburton
22024,1628368,0022400076,2024-10-24,SAC vs. MIN,L,37,6,14,0.429,1,4,0.25,2,2,1.0,0,2,2,11,1,0,2,3,15,2,1,2024-25,Regular Season,1628368,De'Aaron Fox
22024,1628368,0022400096,2024-10-26,SAC @ LAL,L,41,9,20,0.45,3,10,0.3,7,8,0.875,0,5,5,10,2,0,6,3,28,-5,1,2024-25,Regular Season,1628368,De'Aaron Fox
22024,1628368,0022400112,2024-10-28,SAC vs. POR,W,35,9,20,0.45,2,8,0.25,4,4,1.0,1,5,6,3,2,0,3,4,24,13,1,2024-25,Regular Season,1628368,De'Aaron Fox
22024,1628368,0022400115,2024-10-29,SAC @ UTA,W,31,8,15,0.533,1,2,0.5,2,2,1.0,2,3,5,6,1,0,3,3,19,18,1,2024-25,Regular Season,1628368,De'Aaron Fox
22024,1628368,0022400135,2024-11-01,SAC @ ATL,W,37,11,16,0.688,4,6,0.667,5,6,0.833,0,7,7,3,4,0,6,3,31,21,1,2024-25,Regular Season,1628368,De'Aaron Fox
22024,1628368,0022400143,2024-11-02,SAC @ TOR,L,43,8,22,0.364,0,11,0.0,8,10,0.8,3,3,6,1,5,0,5,2,24,-5,1,2024-25,Regular Season,1628368,De'Aaron Fox
22024,1628368,0022400159,2024-11-04,SAC @ MIA,W,37,11,21,0.524,3,6,0.5,3,4,0.75,2,4,6,5,0,0,4,4,28,-9,1,2024-25,Regular Season,1628368,De'Aaron Fox
22024,1628368,0022400180,2024-11-06,SAC vs. TOR,W,34,5,17,0.294,2,8,0.25,9,10,0.9,0,1,1,2,1,0,1,2,21,9,1,2024-25,Regular Season,1628368,De'Aaron Fox
22024,1628368,0022400196,2024-11-08,SAC vs. LAC,L,38,12,20,0.6,2,5,0.4,5,6,0.833,1,2,3,0,1,0,7,4,31,-11,1,2024-25,Regular Season,1628368,De'Aaron Fox
22024,1628368,0022400209,2024-11-10,SAC @ PHX,W,41,10,23,0.435,0,6,0.0,1,1,1.0,1,10,11,8,0,0,0,0,21,9,1,2024-25,Regular Season,1628368,De'Aaron Fox
22024,1628368,0022400216,2024-11-11,SAC @ SAS,L,36,9,19,0.474,2,5,0.4,4,4,1.0,1,5,6,3,1,0,1,4,24,-21,1,2024-25,Regular Season,1628368,De'Aaron Fox
22024,1628368,0022400227,2024-11-13,SAC vs. PHX,W,32,11,17,0.647,1,2,0.5,6,8,0.75,1,5,6,10,2,1,3,3,29,19,1,2024-25,Regular Season,1628368,De'Aaron Fox
22024,1628368,0022400020,2024-11-15,SAC vs. MIN,L,44,22,35,0.629,6,10,0.6,10,11,0.909,2,1,3,7,3,1,6,3,60,1,1,2024-25,Regular Season,1628368,De'Aaron Fox
22024,1628368,0022400233,2024-11-16,SAC vs. UTA,W,36,16,30,0.533,3,4,0.75,14,19,0.737,0,3,3,9,2,0,4,3,49,1,1,2024-25,Regular Season,1628368,De'Aaron Fox
22024,1628368,0022400250,2024-11-18,SAC vs. ATL,L,39,11,23,0.478,3,6,0.5,3,4,0.75,0,5,5,7,1,0,4,2,28,2,1,2024-25,Regular Season,1628368,De'Aaron Fox
22024,1628368,0022400034,2024-11-22,SAC @ LAC,L,43,10,20,0.5,1,7,0.143,8,10,0.8,2,5,7,7,1,0,3,0,29,-4,1,2024-25,Regular Season,1628368,De'Aaron Fox
22024,1628368,0022400276,2024-11-24,SAC vs. BKN,L,38,10,16,0.625,3,4,0.75,8,12,0.667,0,1,1,5,2,0,2,1,31,5,1,2024-25,Regular Season,1628368,De'Aaron Fox
22024,1628368,0022400285,2024-11-25,SAC vs. OKC,L,40,5,15,0.333,1,6,0.167,3,4,0.75,0,3,3,5,1,0,4,4,14,-22,1,2024-25,Regular Season,1628368,De'Aaron Fox
22024,1628368,0022400294,2024-11-27,SAC @ MIN,W,38,10,22,0.455,3,8,0.375,3,5,0.6,0,8,8,8,2,0,5,1,26,6,1,2024-25,Regular Season,1628368,De'Aaron Fox
22024,1628368,0022400049,2024-11-29,SAC @ POR,L,36,8,18,0.444,1,6,0.167,5,7,0.714,2,3,5,5,0,0,5,5,22,-9,1,2024-25,Regular Season,1628368,De'Aaron Fox
22024,1628368,0022400313,2024-12-01,SAC vs. SAS,L,37,9,23,0.391,3,8,0.375,2,2,1.0,3,3,6,9,2,1,2,1,23,-3,1,2024-25,Regular Season,1628368,De'Aaron Fox
22024,1628368,0022400059,2024-12-03,SAC vs. HOU,W,37,9,19,0.474,4,6,0.667,0,0,0.0,3,3,6,7,3,1,3,3,22,17,1,2024-25,Regular Season,1628368,De'Aaron Fox
22024,1628368,0022400329,2024-12-05,SAC @ MEM,L,38,8,23,0.348,0,7,0.0,2,3,0.667,2,4,6,3,6,0,4,2,18,-4,1,2024-25,Regular Season,1628368,De'Aaron Fox
22024,1628368,0022400337,2024-12-06,SAC @ SAS,W,33,9,17,0.529,2,7,0.286,2,2,1.0,0,4,4,8,0,1,2,3,22,8,1,2024-25,Regular Season,1628368,De'Aaron Fox
22024,1628368,0022400357,2024-12-08,SAC vs. UTA,W,31,9,16,0.563,1,5,0.2,2,4,0.5,2,2,4,9,0,1,1,1,21,24,1,2024-25,Regular Season,1628368,De'Aaron Fox
22024,1628368,0022401207,2024-12-12,SAC @ NOP,W,37,7,20,0.35,1,6,0.167,3,4,0.75,3,4,7,8,1,1,5,2,18,3,1,2024-25,Regular Season,1628368,De'Aaron Fox
22024,1628368,0022401225,2024-12-16,SAC vs. DEN,L,39,11,24,0.458,2,7,0.286,5,6,0.833,0,5,5,7,0,1,3,4,29,-13,1,2024-25,Regular Season,1628368,De'Aaron Fox
22024,1628368,0022400372,2024-12-19,SAC vs. LAL,L,36,7,17,0.412,2,5,0.4,10,11,0.909,0,3,3,5,3,0,4,5,26,-10,1,2024-25,Regular Season,1628368,De'Aaron Fox
22024,1628368,0022400376,2024-12-21,SAC vs. LAL,L,38,12,17,0.706,3,5,0.6,4,4,1.0,1,4,5,7,1,0,4,3,31,-11,1,2024-25,Regular Season,1628368,De'Aaron Fox
22024,1628368,0022400389,2024-12-22,SAC vs. IND,L,35,7,19,0.368,2,6,0.333,7,8,0.875,1,4,5,7,1,0,2,2,23,-19,1,2024-25,Regular Season,1628368,De'Aaron Fox
22024,1628368,0022400418,2024-12-26,SAC vs. DET,L,38,11,25,0.44,2,7,0.286,2,3,0.667,1,5,6,4,0,2,3,4,26,-13,1,2024-25,Regular Season,1628368,De'Aaron Fox
22024,1628368,0022400435,2024-12-28,SAC @ LAL,L,39,12,25,0.48,1,9,0.111,4,7,0.571,1,4,5,12,4,1,3,2,29,-7,1,2024-25,Regular Season,1628368,De'Aaron Fox
22024,1628368,0022400448,2024-12-30,SAC vs. DAL,W,35,13,23,0.565,3,7,0.429,4,5,0.8,2,4,6,6,1,0,1,5,33,17,1,2024-25,Regular Season,1628368,De'Aaron Fox
22024,1628368,0022400462,2025-01-01,SAC vs. PHI,W,38,13,16,0.813,2,4,0.5,7,8,0.875,0,3,3,4,0,1,3,3,35,12,1,2024-25,Regular Season,1628368,De'Aaron Fox
22024,1628368,0022400476,2025-01-03,SAC vs. MEM,W,40,7,23,0.304,1,8,0.125,8,9,0.889,0,3,3,5,3,0,1,4,23,2,1,2024-25,Regular Season,1628368,De'Aaron Fox
22024,1628368,0022400541,2025-01-12,SAC @ CHI,W,33,9,16,0.563,4,8,0.5,4,5,0.8,4,5,9,3,0,1,2,2,26,8,1,2024-25,Regular Season,1628368,De'Aaron Fox
22024,1628368,0022400558,2025-01-14,SAC @ MIL,L,38,9,23,0.391,2,8,0.25,0,0,0.0,0,11,11,6,0,2,4,1,20,-6,1,2024-25,Regular Season,1628368,De'Aaron Fox
22024,1628368,0022400576,2025-01-16,SAC vs. HOU,W,40,6,17,0.353,2,4,0.5,5,5,1.0,2,1,3,7,4,1,3,2,19,1,1,2024-25,Regular Season,1628368,De'Aaron Fox
22024,1628368,0022400598,2025-01-19,SAC vs. WAS,W,35,4,12,0.333,0,5,0.0,4,4,1.0,0,5,5,13,2,1,2,1,12,24,1,2024-25,Regular Season,1628368,De'Aaron Fox
22024,1628368,0022400619,2025-01-22,SAC vs. GSW,W,36,2,11,0.182,0,3,0.0,10,10,1.0,0,5,5,5,1,0,0,3,14,10,1,2024-25,Regular Season,1628368,De'Aaron Fox
22024,1628368,0022400626,2025-01-23,SAC @ DEN,L,40,7,24,0.292,3,10,0.3,0,0,0.0,1,4,5,6,1,1,2,2,17,-1,1,2024-25,Regular Season,1628368,De'Aaron Fox
22024,1628368,0022400641,2025-01-25,SAC @ NYK,L,34,6,20,0.3,2,6,0.333,0,0,0.0,0,1,1,4,0,2,2,2,14,-8,1,2024-25,Regular Season,1628368,De'Aaron Fox
22024,1628368,0022400651,2025-01-27,SAC @ BKN,W,37,11,19,0.579,4,7,0.571,4,4,1.0,0,1,1,7,0,0,0,4,30,0,1,2024-25,Regular Season,1628368,De'Aaron Fox
22024,1628368,0022400669,2025-01-29,SAC @ PHI,L,35,7,15,0.467,1,5,0.2,4,4,1.0,0,8,8,5,0,0,2,3,19,-9,1,2024-25,Regular Season,1628368,De'Aaron Fox
22024,1628368,0022400691,2025-02-01,SAC @ OKC,L,30,8,16,0.5,3,9,0.333,1,1,1.0,1,3,4,4,1,0,1,0,20,-19,1,2024-25,Regular Season,1628368,De'Aaron Fox
22024,1628368,0022400719,2025-02-05,SAS @ ATL,W,37,11,22,0.5,2,7,0.286,0,0,0.0,1,4,5,13,3,0,1,3,24,-4,1,2024-25,Regular Season,1628368,De'Aaron Fox
22024,1628368,0022400734,2025-02-07,SAS @ CHA,L,33,9,17,0.529,2,5,0.4,2,4,0.5,0,2,2,6,4,0,0,3,22,-7,1,2024-25,Regular Season,1628368,De'Aaron Fox
22024,1628368,0022400743,2025-02-08,SAS @ ORL,L,34,3,11,0.273,0,2,0.0,3,4,0.75,0,3,3,9,1,0,5,4,9,-4,1,2024-25,Regular Season,1628368,De'Aaron Fox
22024,1628368,0022400757,2025-02-10,SAS @ WAS,W,36,7,14,0.5,1,4,0.25,15,18,0.833,0,4,4,6,1,0,1,5,30,25,1,2024-25,Regular Season,1628368,De'Aaron Fox
22024,1628368,0022400769,2025-02-12,SAS @ BOS,L,39,10,16,0.625,1,3,0.333,2,3,0.667,2,1,3,5,0,0,3,4,23,1,1,2024-25,Regular Season,1628368,De'Aaron Fox
22024,1628368,0022400795,2025-02-20,SAS vs. PHX,W,37,8,19,0.421,3,7,0.429,7,9,0.778,0,9,9,7,2,2,2,4,26,12,1,2024-25,Regular Season,1628368,De'Aaron Fox
22024,1628368,0022400802,2025-02-21,SAS vs. DET,L,30,11,18,0.611,3,7,0.429,2,2,1.0,0,5,5,5,4,0,3,1,27,-35,1,2024-25,Regular Season,1628368,De'Aaron Fox
22024,1628368,0022400818,2025-02-23,SAS @ NOP,L,34,3,16,0.188,1,7,0.143,6,7,0.857,1,6,7,5,1,1,4,1,13,-22,1,2024-25,Regular Season,1628368,De'Aaron Fox
22024,1628368,0022400833,2025-02-25,SAS @ NOP,L,38,6,21,0.286,1,9,0.111,2,3,0.667,2,1,3,9,6,0,6,2,15,4,1,2024-25,Regular Season,1628368,De'Aaron Fox
22024,1628368,0022400844,2025-02-26,SAS @ HOU,L,28,3,12,0.25,1,5,0.2,0,0,0.0,0,3,3,3,0,1,2,2,7,-20,1,2024-25,Regular Season,1628368,De'Aaron Fox
22024,1628368,0022400863,2025-03-01,SAS @ MEM,W,35,7,17,0.412,1,5,0.2,5,5,1.0,0,3,3,7,1,1,3,3,20,-2,1,2024-25,Regular Season,1628368,De'Aaron Fox
22024,1628368,0022400871,2025-03-02,SAS vs. OKC,L,34,8,18,0.444,2,8,0.25,2,2,1.0,0,4,4,4,0,0,1,3,20,-22,1,2024-25,Regular Season,1628368,De'Aaron Fox
22024,1628368,0022400888,2025-03-04,SAS vs. BKN,W,27,7,12,0.583,1,3,0.333,0,0,0.0,1,2,3,7,0,0,1,0,15,3,1,2024-25,Regular Season,1628368,De'Aaron Fox
22024,1628368,0022400910,2025-03-07,SAS @ SAC,L,33,6,17,0.353,0,6,0.0,4,5,0.8,0,4,4,8,1,0,2,1,16,-19,1,2024-25,Regular Season,1628368,De'Aaron Fox
22024,1628368,0022400925,2025-03-09,SAS @ MIN,L,27,8,12,0.667,4,6,0.667,2,2,1.0,0,2,2,3,0,0,1,2,22,-23,1,2024-25,Regular Season,1628368,De'Aaron Fox
22024,1628368,0022400937,2025-03-10,SAS vs. DAL,L,34,6,13,0.462,1,4,0.25,1,2,0.5,0,4,4,8,0,0,3,3,14,2,1,2024-25,Regular Season,1628368,De'Aaron Fox
22024,1628368,0022400951,2025-03-12,SAS vs. DAL,W,41,12,25,0.48,2,7,0.286,6,6,1.0,2,7,9,11,1,0,3,5,32,19,1,2024-25,Regular Season,1628368,De'Aaron Fox
22024,1629639,0022400065,2024-10-23,MIA vs. ORL,L,29,5,11,0.455,2,5,0.4,2,2,1.0,0,5,5,3,0,1,1,1,14,-27,1,2024-25,Regular Season,1629639,Tyler Herro
22024,1629639,0022400088,2024-10-26,MIA @ CHA,W,33,7,15,0.467,3,7,0.429,5,6,0.833,1,4,5,5,1,0,3,3,22,0,1,2024-25,Regular Season,1629639,Tyler Herro
22024,1629639,0022400105,2024-10-28,MIA vs. DET,W,33,7,20,0.35,3,12,0.25,2,2,1.0,0,4,4,6,1,0,2,0,19,-7,1,2024-25,Regular Season,1629639,Tyler Herro
22024,1629639,0022400122,2024-10-30,MIA vs. NYK,L,35,12,20,0.6,8,13,0.615,2,2,1.0,0,5,5,7,1,0,1,2,34,-3,1,2024-25,Regular Season,1629639,Tyler Herro
22024,1629639,0022400147,2024-11-02,MIA @ WAS,W,20,5,9,0.556,2,4,0.5,3,6,0.5,0,6,6,1,0,0,2,6,15,17,1,2024-25,Regular Season,1629639,Tyler Herro
22024,1629639,0022400159,2024-11-04,MIA vs. SAC,L,34,9,18,0.5,5,11,0.455,4,5,0.8,0,6,6,3,0,1,4,2,27,-6,1,2024-25,Regular Season,1629639,Tyler Herro
22024,1629639,0022400178,2024-11-06,MIA @ PHX,L,35,9,15,0.6,5,9,0.556,5,5,1.0,0,3,3,6,0,0,3,3,28,5,1,2024-25,Regular Season,1629639,Tyler Herro
22024,1629639,0022400194,2024-11-08,MIA @ DEN,L,40,10,21,0.476,4,10,0.4,0,0,0.0,1,6,7,11,0,0,1,0,24,-3,1,2024-25,Regular Season,1629639,Tyler Herro
22024,1629639,0022400206,2024-11-10,MIA @ MIN,W,34,9,15,0.6,4,8,0.5,4,5,0.8,0,6,6,3,0,0,8,5,26,-6,1,2024-25,Regular Season,1629639,Tyler Herro
22024,1629639,0022400002,2024-11-12,MIA @ DET,L,42,14,27,0.519,10,17,0.588,2,2,1.0,0,5,5,8,4,0,1,3,40,3,1,2024-25,Regular Season,1629639,Tyler Herro
22024,1629639,0022400009,2024-11-15,MIA @ IND,W,34,6,16,0.375,2,9,0.222,6,6,1.0,1,2,3,5,0,0,4,0,20,2,1,2024-25,Regular Season,1629639,Tyler Herro
22024,1629639,0022400235,2024-11-17,MIA @ IND,L,38,8,18,0.444,7,11,0.636,5,5,1.0,0,4,4,4,1,0,1,1,28,-10,1,2024-25,Regular Season,1629639,Tyler Herro
22024,1629639,0022400245,2024-11-18,MIA vs. PHI,W,32,6,15,0.4,2,10,0.2,4,4,1.0,1,4,5,5,0,0,3,0,18,12,1,2024-25,Regular Season,1629639,Tyler Herro
22024,1629639,0022400273,2024-11-24,MIA vs. DAL,W,42,8,25,0.32,1,10,0.1,1,2,0.5,0,10,10,5,1,0,1,1,18,-1,1,2024-25,Regular Season,1629639,Tyler Herro
22024,1629639,0022400036,2024-11-26,MIA vs. MIL,L,40,5,14,0.357,3,9,0.333,5,6,0.833,0,5,5,5,1,0,1,0,18,-3,1,2024-25,Regular Season,1629639,Tyler Herro
22024,1629639,0022400286,2024-11-27,MIA @ CHA,W,38,11,22,0.5,4,12,0.333,1,2,0.5,0,8,8,5,1,0,6,2,27,9,1,2024-25,Regular Season,1629639,Tyler Herro
22024,1629639,0022400046,2024-11-29,MIA vs. TOR,W,37,8,18,0.444,4,10,0.4,3,3,1.0,1,2,3,4,1,0,1,0,23,16,1,2024-25,Regular Season,1629639,Tyler Herro
22024,1629639,0022400309,2024-12-01,MIA @ TOR,L,37,9,16,0.563,6,12,0.5,7,7,1.0,0,4,4,3,2,0,1,1,31,-11,1,2024-25,Regular Season,1629639,Tyler Herro
22024,1629639,0022400316,2024-12-02,MIA @ BOS,L,35,6,19,0.316,2,10,0.2,5,6,0.833,0,5,5,4,0,0,2,2,19,-17,1,2024-25,Regular Season,1629639,Tyler Herro
22024,1629639,0022400321,2024-12-04,MIA vs. LAL,W,27,11,19,0.579,9,16,0.563,0,1,0.0,0,5,5,4,1,0,4,1,31,30,1,2024-25,Regular Season,1629639,Tyler Herro
22024,1629639,0022400346,2024-12-07,MIA vs. PHX,W,34,8,12,0.667,1,4,0.25,0,0,0.0,0,8,8,7,2,0,3,3,17,11,1,2024-25,Regular Season,1629639,Tyler Herro
22024,1629639,0022400351,2024-12-08,MIA vs. CLE,W,36,10,19,0.526,5,9,0.556,9,9,1.0,2,4,6,7,0,0,2,2,34,5,1,2024-25,Regular Season,1629639,Tyler Herro
22024,1629639,0022401206,2024-12-12,MIA vs. TOR,W,32,9,13,0.692,4,7,0.571,1,1,1.0,0,4,4,4,0,0,2,1,23,30,1,2024-25,Regular Season,1629639,Tyler Herro
22024,1629639,0022401221,2024-12-16,MIA @ DET,L,41,9,25,0.36,4,17,0.235,1,1,1.0,0,4,4,1,1,0,3,0,23,6,1,2024-25,Regular Season,1629639,Tyler Herro
22024,1629639,0022400375,2024-12-20,MIA vs. OKC,L,36,11,24,0.458,3,10,0.3,3,5,0.6,3,9,12,5,3,0,0,1,28,-2,1,2024-25,Regular Season,1629639,Tyler Herro
22024,1629639,0022400377,2024-12-21,MIA @ ORL,L,38,7,17,0.412,3,9,0.333,5,7,0.714,0,6,6,5,0,0,4,1,22,-5,1,2024-25,Regular Season,1629639,Tyler Herro
22024,1629639,0022400396,2024-12-23,MIA vs. BKN,W,39,5,13,0.385,2,7,0.286,5,6,0.833,0,12,12,9,0,1,1,0,17,13,1,2024-25,Regular Season,1629639,Tyler Herro
22024,1629639,0022400411,2024-12-26,MIA @ ORL,W,32,8,17,0.471,3,6,0.5,1,1,1.0,0,3,3,2,1,0,6,1,20,-10,1,2024-25,Regular Season,1629639,Tyler Herro
22024,1629639,0022400427,2024-12-28,MIA @ ATL,L,36,8,15,0.533,4,7,0.571,8,8,1.0,0,7,7,10,0,0,2,3,28,-3,1,2024-25,Regular Season,1629639,Tyler Herro
22024,1629639,0022400439,2024-12-29,MIA @ HOU,W,37,10,17,0.588,3,7,0.429,4,7,0.571,0,6,6,9,0,0,3,2,27,13,1,2024-25,Regular Season,1629639,Tyler Herro
22024,1629639,0022400457,2025-01-01,MIA vs. NOP,W,40,11,22,0.5,5,12,0.417,5,5,1.0,0,1,1,4,0,0,0,1,32,13,1,2024-25,Regular Season,1629639,Tyler Herro
22024,1629639,0022400463,2025-01-02,MIA vs. IND,L,36,6,12,0.5,3,7,0.429,2,2,1.0,0,3,3,3,0,0,3,2,17,-4,1,2024-25,Regular Season,1629639,Tyler Herro
22024,1629639,0022400481,2025-01-04,MIA vs. UTA,L,29,4,12,0.333,1,8,0.125,6,6,1.0,0,4,4,6,1,0,3,1,15,-28,1,2024-25,Regular Season,1629639,Tyler Herro
22024,1629639,0022400501,2025-01-06,MIA @ SAC,L,49,11,25,0.44,4,10,0.4,0,0,0.0,1,6,7,4,2,0,3,2,26,-6,1,2024-25,Regular Season,1629639,Tyler Herro
22024,1629639,0022400508,2025-01-07,MIA @ GSW,W,26,4,14,0.286,3,9,0.333,3,3,1.0,0,8,8,3,1,0,0,1,14,-2,1,2024-25,Regular Season,1629639,Tyler Herro
22024,1629639,0022400523,2025-01-09,MIA @ UTA,W,37,7,16,0.438,4,9,0.444,5,5,1.0,0,7,7,5,1,1,1,1,23,1,1,2024-25,Regular Season,1629639,Tyler Herro
22024,1629639,0022400536,2025-01-11,MIA @ POR,W,32,11,22,0.5,7,14,0.5,3,4,0.75,2,3,5,5,0,0,1,1,32,9,1,2024-25,Regular Season,1629639,Tyler Herro
22024,1629639,0022400553,2025-01-13,MIA @ LAC,L,37,9,20,0.45,4,13,0.308,10,12,0.833,0,11,11,7,0,0,1,0,32,-2,1,2024-25,Regular Season,1629639,Tyler Herro
22024,1629639,0022400570,2025-01-15,MIA @ LAL,L,38,12,18,0.667,7,12,0.583,3,3,1.0,0,4,4,3,1,0,7,1,34,-10,1,2024-25,Regular Season,1629639,Tyler Herro
22024,1629639,0022400579,2025-01-17,MIA vs. DEN,L,34,10,17,0.588,2,7,0.286,0,0,0.0,0,5,5,4,0,0,2,1,22,-18,1,2024-25,Regular Season,1629639,Tyler Herro
22024,1629639,0022400592,2025-01-19,MIA vs. SAS,W,33,7,12,0.583,2,4,0.5,2,2,1.0,0,6,6,7,1,0,0,0,18,10,1,2024-25,Regular Season,1629639,Tyler Herro
22024,1629639,0022400624,2025-01-23,MIA @ MIL,L,32,6,19,0.316,4,13,0.308,5,5,1.0,1,2,3,9,0,0,1,1,21,-16,1,2024-25,Regular Season,1629639,Tyler Herro
22024,1629639,0022400636,2025-01-25,MIA @ BKN,W,36,8,14,0.571,3,6,0.5,6,6,1.0,0,1,1,8,2,0,5,1,25,8,1,2024-25,Regular Season,1629639,Tyler Herro
22024,1629639,0022400652,2025-01-27,MIA vs. ORL,W,48,12,28,0.429,4,15,0.267,2,3,0.667,0,8,8,12,0,1,5,1,30,10,1,2024-25,Regular Season,1629639,Tyler Herro
22024,1629639,0022400667,2025-01-29,MIA vs. CLE,L,34,9,20,0.45,4,10,0.4,0,1,0.0,2,3,5,6,1,1,2,1,22,-21,1,2024-25,Regular Season,1629639,Tyler Herro
22024,1629639,0022400693,2025-02-01,MIA @ SAS,W,36,4,15,0.267,0,7,0.0,3,5,0.6,0,4,4,8,1,0,3,0,11,3,1,2024-25,Regular Season,1629639,Tyler Herro
22024,1629639,0022400714,2025-02-04,MIA @ CHI,L,36,5,15,0.333,3,11,0.273,10,11,0.909,0,8,8,9,0,0,6,3,23,-1,1,2024-25,Regular Season,1629639,Tyler Herro
22024,1629639,0022400721,2025-02-05,MIA @ PHI,W,36,11,20,0.55,5,11,0.455,3,4,0.75,1,6,7,7,2,0,7,0,30,14,1,2024-25,Regular Season,1629639,Tyler Herro
22024,1629639,0022400737,2025-02-07,MIA @ BKN,L,38,6,22,0.273,2,11,0.182,1,1,1.0,1,3,4,6,1,0,4,3,15,-11,1,2024-25,Regular Season,1629639,Tyler Herro
22024,1629639,0022400778,2025-02-12,MIA @ OKC,L,32,5,12,0.417,1,6,0.167,3,4,0.75,0,2,2,6,2,0,4,1,14,-23,1,2024-25,Regular Season,1629639,Tyler Herro
22024,1629639,0022400786,2025-02-13,MIA @ DAL,L,37,15,30,0.5,3,14,0.214,7,9,0.778,1,7,8,3,3,0,3,1,40,-8,1,2024-25,Regular Season,1629639,Tyler Herro
22024,1629639,0022400800,2025-02-21,MIA @ TOR,W,40,10,18,0.556,4,9,0.444,4,4,1.0,0,3,3,7,0,1,3,0,28,13,1,2024-25,Regular Season,1629639,Tyler Herro
22024,1629639,0022400817,2025-02-23,MIA @ MIL,L,40,12,27,0.444,3,12,0.25,13,14,0.929,1,6,7,11,0,0,2,1,40,7,1,2024-25,Regular Season,1629639,Tyler Herro
22024,1629639,0022400825,2025-02-24,MIA @ ATL,L,35,4,19,0.211,0,9,0.0,3,3,1.0,0,6,6,3,2,0,4,0,11,-4,1,2024-25,Regular Season,1629639,Tyler Herro
22024,1629639,0022400841,2025-02-26,MIA vs. ATL,W,34,7,16,0.438,4,8,0.5,6,7,0.857,0,2,2,10,3,0,2,1,24,9,1,2024-25,Regular Season,1629639,Tyler Herro
22024,1629639,0022400854,2025-02-28,MIA vs. IND,W,34,11,25,0.44,3,10,0.3,4,5,0.8,2,1,3,7,0,1,1,1,29,8,1,2024-25,Regular Season,1629639,Tyler Herro
22024,1629639,0022400869,2025-03-02,MIA vs. NYK,L,41,8,24,0.333,2,11,0.182,4,4,1.0,0,4,4,7,0,0,0,1,22,-6,1,2024-25,Regular Season,1629639,Tyler Herro
22024,1629639,0022400877,2025-03-03,MIA vs. WAS,W,26,6,10,0.6,3,5,0.6,1,1,1.0,0,3,3,6,1,1,3,1,16,4,1,2024-25,Regular Season,1629639,Tyler Herro
22024,1629639,0022400907,2025-03-07,MIA vs. MIN,L,39,9,21,0.429,4,8,0.5,0,1,0.0,0,6,6,7,2,2,2,1,22,0,1,2024-25,Regular Season,1629639,Tyler Herro
22024,1629639,0022400916,2025-03-08,MIA vs. CHI,L,37,8,19,0.421,2,7,0.286,3,3,1.0,0,8,8,6,0,2,1,0,21,-6,1,2024-25,Regular Season,1629639,Tyler Herro
22024,1629639,0022400931,2025-03-10,MIA vs. CHA,L,33,9,17,0.529,1,5,0.2,2,4,0.5,1,2,3,2,1,0,3,1,21,-16,1,2024-25,Regular Season,1629639,Tyler Herro
22024,1629639,0022400948,2025-03-12,MIA vs. LAC,L,42,13,23,0.565,2,7,0.286,3,3,1.0,1,5,6,7,2,0,1,0,31,-14,1,2024-25,Regular Season,1629639,Tyler Herro
22024,1629639,0022400958,2025-03-14,MIA vs. BOS,L,38,7,15,0.467,3,8,0.375,2,2,1.0,1,4,5,6,2,2,4,1,19,-6,1,2024-25,Regular Season,1629639,Tyler Herro
22024,1629639,0022400971,2025-03-15,MIA @ MEM,L,22,3,12,0.25,1,4,0.25,1,1,1.0,0,2,2,7,2,1,1,0,8,-23,1,2024-25,Regular Season,1629639,Tyler Herro
22024,1629639,0022400984,2025-03-17,MIA @ NYK,L,30,10,18,0.556,0,3,0.0,0,0,0.0,1,2,3,1,0,0,2,0,20,-9,1,2024-25,Regular Season,1629639,Tyler Herro
22024,1629639,0022401000,2025-03-19,MIA vs. DET,L,37,10,20,0.5,3,9,0.333,6,6,1.0,0,4,4,3,0,0,2,1,29,8,1,2024-25,Regular Season,1629639,Tyler Herro
22024,1629639,0022401015,2025-03-21,MIA vs. HOU,L,39,3,11,0.273,0,1,0.0,2,2,1.0,0,3,3,4,0,0,6,0,8,6,1,2024-25,Regular Season,1629639,Tyler Herro
22024,1629639,0022401032,2025-03-23,MIA vs. CHA,W,40,11,19,0.579,2,5,0.4,5,5,1.0,1,5,6,3,3,0,0,0,29,20,1,2024-25,Regular Season,1629639,Tyler Herro
22024,1629639,0022401047,2025-03-25,MIA vs. GSW,W,36,7,10,0.7,4,4,1.0,2,2,1.0,0,3,3,7,0,0,2,0,20,33,1,2024-25,Regular Season,1629639,Tyler Herro
22024,1629639,0022401062,2025-03-27,MIA vs. ATL,W,38,13,17,0.765,4,6,0.667,6,7,0.857,1,2,3,4,2,0,4,1,36,4,1,2024-25,Regular Season,1629639,Tyler Herro
22024,1629639,0022401076,2025-03-29,MIA @ PHI,W,34,11,17,0.647,5,9,0.556,3,3,1.0,2,1,3,7,0,0,2,1,30,2,1,2024-25,Regular Season,1629639,Tyler Herro
22024,1629639,0022401092,2025-03-31,MIA @ WAS,W,33,9,19,0.474,0,6,0.0,9,9,1.0,0,5,5,5,3,0,2,0,27,26,1,2024-25,Regular Season,1629639,Tyler Herro
22024,1629639,0022401106,2025-04-02,MIA @ BOS,W,38,7,18,0.389,2,6,0.333,9,10,0.9,1,5,6,9,2,0,0,1,25,19,1,2024-25,Regular Season,1629639,Tyler Herro
22024,1629639,0022401114,2025-04-03,MIA vs. MEM,L,37,12,23,0.522,4,7,0.571,7,7,1.0,2,7,9,4,0,1,3,2,35,1,1,2024-25,Regular Season,1629639,Tyler Herro
22024,1629639,0022401145,2025-04-07,MIA vs. PHI,W,33,8,14,0.571,2,4,0.5,2,3,0.667,0,5,5,2,1,0,7,1,20,5,1,2024-25,Regular Season,1629639,Tyler Herro
22024,1629639,0022401160,2025-04-09,MIA @ CHI,L,36,13,26,0.5,2,7,0.286,2,2,1.0,1,3,4,4,1,0,3,0,30,-4,1,2024-25,Regular Season,1629639,Tyler Herro
22024,1629639,0022401177,2025-04-11,MIA @ NOP,W,22,7,10,0.7,2,3,0.667,6,6,1.0,1,3,4,4,1,0,1,0,22,46,1,2024-25,Regular Season,1629639,Tyler Herro
42024,1629639,0042400101,2025-04-20,MIA @ CLE,L,37,7,18,0.389,3,6,0.5,4,4,1.0,0,3,3,2,1,0,3,4,21,-18,1,2024-25,Playoffs,1629639,Tyler Herro
42024,1629639,0042400102,2025-04-23,MIA @ CLE,L,40,14,24,0.583,4,11,0.364,1,2,0.5,0,6,6,5,0,0,2,3,33,1,1,2024-25,Playoffs,1629639,Tyler Herro
42024,1629639,0042400103,2025-04-26,MIA vs. CLE,L,37,5,13,0.385,1,3,0.333,2,2,1.0,0,4,4,3,1,0,3,2,13,-26,1,2024-25,Playoffs,1629639,Tyler Herro
42024,1629639,0042400104,2025-04-28,MIA vs. CLE,L,31,1,10,0.1,1,9,0.111,1,2,0.5,0,1,1,1,0,0,1,3,4,-44,1,2024-25,Playoffs,1629639,Tyler Herro
22024,1628374,0022400070,2024-10-23,UTA vs. MEM,L,35,9,15,0.6,4,7,0.571,13,14,0.929,1,8,9,2,0,0,2,2,35,16,1,2024-25,Regular Season,1628374,Lauri Markkanen
22024,1628374,0022400084,2024-10-25,UTA vs. GSW,L,27,4,17,0.235,1,5,0.2,4,7,0.571,2,6,8,2,1,0,2,0,13,-17,1,2024-25,Regular Season,1628374,Lauri Markkanen
22024,1628374,0022400110,2024-10-28,UTA @ DAL,L,35,4,15,0.267,3,5,0.6,6,6,1.0,4,5,9,2,0,0,1,1,17,-4,1,2024-25,Regular Season,1628374,Lauri Markkanen
22024,1628374,0022400115,2024-10-29,UTA vs. SAC,L,17,3,5,0.6,1,3,0.333,0,0,0.0,1,2,3,1,0,0,2,1,7,-7,1,2024-25,Regular Season,1628374,Lauri Markkanen
22024,1628374,0022400182,2024-11-07,UTA @ MIL,L,29,3,10,0.3,2,6,0.333,0,0,0.0,2,5,7,4,2,0,2,1,8,-9,1,2024-25,Regular Season,1628374,Lauri Markkanen
22024,1628374,0022400197,2024-11-09,UTA @ SAS,W,36,5,15,0.333,3,7,0.429,7,8,0.875,2,4,6,4,2,0,1,2,20,-4,1,2024-25,Regular Season,1628374,Lauri Markkanen
22024,1628374,0022400006,2024-11-12,UTA vs. PHX,L,31,7,13,0.538,2,5,0.4,1,2,0.5,1,1,2,5,0,0,1,1,17,-9,1,2024-25,Regular Season,1628374,Lauri Markkanen
22024,1628374,0022400228,2024-11-14,UTA vs. DAL,W,24,4,8,0.5,2,5,0.4,3,3,1.0,1,4,5,2,0,0,1,4,13,11,1,2024-25,Regular Season,1628374,Lauri Markkanen
22024,1628374,0022400233,2024-11-16,UTA @ SAC,L,35,6,8,0.75,4,6,0.667,9,10,0.9,1,4,5,1,0,0,3,0,25,6,1,2024-25,Regular Season,1628374,Lauri Markkanen
22024,1628374,0022400243,2024-11-17,UTA @ LAC,L,39,6,12,0.5,4,8,0.5,2,4,0.5,2,8,10,1,1,0,2,3,18,-11,1,2024-25,Regular Season,1628374,Lauri Markkanen
22024,1628374,0022400026,2024-11-19,UTA @ LAL,L,36,9,16,0.563,3,8,0.375,4,4,1.0,2,6,8,1,2,0,0,2,25,-9,1,2024-25,Regular Season,1628374,Lauri Markkanen
22024,1628374,0022400262,2024-11-21,UTA @ SAS,L,33,8,17,0.471,3,10,0.3,8,8,1.0,3,1,4,2,0,2,0,3,27,-19,1,2024-25,Regular Season,1628374,Lauri Markkanen
22024,1628374,0022400264,2024-11-23,UTA vs. NYK,W,33,11,15,0.733,5,8,0.625,7,8,0.875,0,9,9,2,0,0,0,4,34,30,1,2024-25,Regular Season,1628374,Lauri Markkanen
22024,1628374,0022400038,2024-11-26,UTA vs. SAS,L,33,5,14,0.357,0,6,0.0,4,4,1.0,3,5,8,2,2,0,3,2,14,-18,1,2024-25,Regular Season,1628374,Lauri Markkanen
22024,1628374,0022400304,2024-11-30,UTA vs. DAL,L,34,7,20,0.35,2,11,0.182,3,5,0.6,1,4,5,1,1,0,1,1,19,-17,1,2024-25,Regular Season,1628374,Lauri Markkanen
22024,1628374,0022400311,2024-12-01,UTA vs. LAL,L,38,8,17,0.471,5,11,0.455,1,2,0.5,1,6,7,4,1,0,1,1,22,4,1,2024-25,Regular Season,1628374,Lauri Markkanen
22024,1628374,0022400055,2024-12-03,UTA @ OKC,L,31,4,11,0.364,1,6,0.167,4,4,1.0,1,5,6,2,0,0,0,1,13,-21,1,2024-25,Regular Season,1628374,Lauri Markkanen
22024,1628374,0022400357,2024-12-08,UTA @ SAC,L,25,2,9,0.222,0,4,0.0,4,4,1.0,0,2,2,4,0,0,4,2,8,-25,1,2024-25,Regular Season,1628374,Lauri Markkanen
22024,1628374,0022401214,2024-12-13,UTA vs. PHX,L,34,5,9,0.556,4,7,0.571,5,5,1.0,2,4,6,2,0,0,1,4,19,-13,1,2024-25,Regular Season,1628374,Lauri Markkanen
22024,1628374,0022401226,2024-12-16,UTA @ LAC,L,25,5,9,0.556,3,6,0.5,4,4,1.0,3,2,5,1,2,0,3,0,17,-25,1,2024-25,Regular Season,1628374,Lauri Markkanen
22024,1628374,0022400360,2024-12-19,UTA @ DET,W,36,7,15,0.467,3,9,0.333,10,10,1.0,3,11,14,1,1,1,1,0,27,17,1,2024-25,Regular Season,1628374,Lauri Markkanen
22024,1628374,0022400379,2024-12-21,UTA @ BKN,W,36,8,21,0.381,3,13,0.231,2,2,1.0,2,5,7,0,0,2,1,2,21,4,1,2024-25,Regular Season,1628374,Lauri Markkanen
22024,1628374,0022400392,2024-12-23,UTA @ CLE,L,32,7,21,0.333,6,14,0.429,6,7,0.857,3,4,7,1,0,0,1,2,26,-15,1,2024-25,Regular Season,1628374,Lauri Markkanen
22024,1628374,0022400417,2024-12-26,UTA @ POR,L,30,8,14,0.571,4,8,0.5,5,6,0.833,3,3,6,1,3,0,1,1,25,5,1,2024-25,Regular Season,1628374,Lauri Markkanen
22024,1628374,0022400433,2024-12-28,UTA vs. PHI,L,33,8,21,0.381,5,15,0.333,2,2,1.0,1,3,4,2,1,0,3,1,23,-10,1,2024-25,Regular Season,1628374,Lauri Markkanen
22024,1628374,0022400445,2024-12-30,UTA vs. DEN,L,32,5,13,0.385,2,9,0.222,5,5,1.0,1,0,1,0,0,0,2,1,17,-18,1,2024-25,Regular Season,1628374,Lauri Markkanen
22024,1628374,0022400458,2025-01-01,UTA @ NYK,L,35,6,22,0.273,1,10,0.1,3,3,1.0,3,7,10,2,2,2,1,2,16,0,1,2024-25,Regular Season,1628374,Lauri Markkanen
22024,1628374,0022400481,2025-01-04,UTA @ MIA,W,27,6,13,0.462,2,6,0.333,1,1,1.0,1,3,4,3,2,0,0,1,15,20,1,2024-25,Regular Season,1628374,Lauri Markkanen
22024,1628374,0022400506,2025-01-07,UTA vs. ATL,L,31,11,21,0.524,8,15,0.533,5,6,0.833,0,2,2,1,2,1,2,4,35,6,1,2024-25,Regular Season,1628374,Lauri Markkanen
22024,1628374,0022400523,2025-01-09,UTA vs. MIA,L,30,8,24,0.333,6,15,0.4,1,2,0.5,2,3,5,1,0,1,1,0,23,-2,1,2024-25,Regular Season,1628374,Lauri Markkanen
22024,1628374,0022400533,2025-01-11,UTA @ PHX,L,31,7,18,0.389,3,12,0.25,7,8,0.875,1,3,4,2,1,0,0,4,24,-6,1,2024-25,Regular Season,1628374,Lauri Markkanen
22024,1628374,0022400618,2025-01-22,UTA @ OKC,L,30,7,17,0.412,3,10,0.3,0,0,0.0,3,3,6,0,0,1,2,2,17,3,1,2024-25,Regular Season,1628374,Lauri Markkanen
22024,1628374,0022400643,2025-01-25,UTA @ MEM,L,32,5,14,0.357,1,8,0.125,0,1,0.0,1,5,6,2,0,1,1,1,11,-11,1,2024-25,Regular Season,1628374,Lauri Markkanen
22024,1628374,0022400658,2025-01-27,UTA vs. MIL,L,36,8,18,0.444,2,12,0.167,1,2,0.5,1,8,9,1,0,0,1,3,19,-11,1,2024-25,Regular Season,1628374,Lauri Markkanen
22024,1628374,0022400677,2025-01-30,UTA vs. MIN,L,31,5,13,0.385,3,10,0.3,2,3,0.667,1,1,2,0,0,1,1,1,15,-1,1,2024-25,Regular Season,1628374,Lauri Markkanen
22024,1628374,0022400687,2025-02-01,UTA vs. ORL,W,33,4,12,0.333,4,10,0.4,0,0,0.0,1,10,11,0,1,3,3,3,12,18,1,2024-25,Regular Season,1628374,Lauri Markkanen
22024,1628374,0022400707,2025-02-03,UTA vs. IND,L,33,5,11,0.455,3,5,0.6,3,5,0.6,2,5,7,1,0,0,0,2,16,0,1,2024-25,Regular Season,1628374,Lauri Markkanen
22024,1628374,0022400740,2025-02-07,UTA @ PHX,L,40,7,16,0.438,2,7,0.286,4,4,1.0,1,6,7,1,1,0,2,3,20,-1,1,2024-25,Regular Season,1628374,Lauri Markkanen
22024,1628374,0022400768,2025-02-10,UTA @ LAL,L,29,8,18,0.444,1,8,0.125,0,0,0.0,1,2,3,1,1,1,1,1,17,-20,1,2024-25,Regular Season,1628374,Lauri Markkanen
22024,1628374,0022400781,2025-02-12,UTA vs. LAL,W,32,11,18,0.611,6,10,0.6,4,4,1.0,2,3,5,0,3,0,0,1,32,35,1,2024-25,Regular Season,1628374,Lauri Markkanen
22024,1628374,0022401004,2025-02-13,UTA vs. LAC,L,38,8,16,0.5,2,6,0.333,2,2,1.0,1,5,6,1,0,0,3,2,20,-7,1,2024-25,Regular Season,1628374,Lauri Markkanen
22024,1628374,0022400804,2025-02-21,UTA vs. OKC,L,29,2,14,0.143,1,7,0.143,0,0,0.0,2,2,4,1,1,0,1,2,5,-20,1,2024-25,Regular Season,1628374,Lauri Markkanen
22024,1628374,0022400809,2025-02-22,UTA vs. HOU,W,32,8,19,0.421,3,10,0.3,4,4,1.0,2,8,10,0,0,0,1,2,23,2,1,2024-25,Regular Season,1628374,Lauri Markkanen
22024,1628374,0022400950,2025-03-12,UTA @ MEM,L,28,5,14,0.357,3,9,0.333,1,1,1.0,1,5,6,0,0,0,1,0,14,-4,1,2024-25,Regular Season,1628374,Lauri Markkanen
22024,1628374,0022400966,2025-03-14,UTA vs. TOR,L,19,5,14,0.357,4,8,0.5,2,2,1.0,0,5,5,0,0,0,2,1,16,10,1,2024-25,Regular Season,1628374,Lauri Markkanen
22024,1628374,0022400981,2025-03-16,UTA @ MIN,L,26,5,12,0.417,4,11,0.364,2,2,1.0,0,1,1,2,0,0,3,1,16,-22,1,2024-25,Regular Season,1628374,Lauri Markkanen
22024,1628374,0022400989,2025-03-17,UTA vs. CHI,L,24,7,16,0.438,1,8,0.125,1,1,1.0,0,2,2,1,0,1,1,1,16,-17,1,2024-25,Regular Season,1628374,Lauri Markkanen
22024,1630578,0022400068,2024-10-23,HOU vs. CHA,L,34,10,22,0.455,2,3,0.667,3,4,0.75,6,12,18,5,4,1,3,2,25,10,1,2024-25,Regular Season,1630578,Alperen Sengun
22024,1630578,0022400082,2024-10-25,HOU vs. MEM,W,32,5,13,0.385,0,2,0.0,6,8,0.75,5,10,15,2,1,0,3,5,16,17,1,2024-25,Regular Season,1630578,Alperen Sengun
22024,1630578,0022400094,2024-10-26,HOU @ SAS,L,22,2,8,0.25,1,2,0.5,1,2,0.5,1,4,5,2,2,0,1,3,6,-6,1,2024-25,Regular Season,1630578,Alperen Sengun
22024,1630578,0022400109,2024-10-28,HOU @ SAS,W,26,5,14,0.357,1,1,1.0,1,2,0.5,5,7,12,5,1,1,2,5,12,-1,1,2024-25,Regular Season,1630578,Alperen Sengun
22024,1630578,0022400129,2024-10-31,HOU @ DAL,W,35,5,16,0.313,0,1,0.0,7,9,0.778,6,6,12,4,0,1,1,3,17,10,1,2024-25,Regular Season,1630578,Alperen Sengun
22024,1630578,0022400144,2024-11-02,HOU vs. GSW,L,21,5,10,0.5,0,1,0.0,4,6,0.667,3,7,10,4,0,1,2,3,14,-7,1,2024-25,Regular Season,1630578,Alperen Sengun
22024,1630578,0022400161,2024-11-04,HOU vs. NYK,W,33,11,15,0.733,0,3,0.0,3,3,1.0,2,12,14,5,0,4,4,2,25,14,1,2024-25,Regular Season,1630578,Alperen Sengun
22024,1630578,0022400173,2024-11-06,HOU vs. SAS,W,24,8,15,0.533,0,1,0.0,0,1,0.0,0,5,5,4,1,2,1,1,16,13,1,2024-25,Regular Season,1630578,Alperen Sengun
22024,1630578,0022400192,2024-11-08,HOU @ OKC,L,27,3,12,0.25,0,1,0.0,5,6,0.833,4,5,9,6,1,0,2,5,11,-11,1,2024-25,Regular Season,1630578,Alperen Sengun
22024,1630578,0022400201,2024-11-10,HOU @ DET,W,30,11,17,0.647,0,0,0.0,5,7,0.714,3,7,10,2,0,1,1,2,27,11,1,2024-25,Regular Season,1630578,Alperen Sengun
22024,1630578,0022400213,2024-11-11,HOU vs. WAS,W,31,12,19,0.632,1,1,1.0,2,2,1.0,7,10,17,3,0,3,2,1,27,22,1,2024-25,Regular Season,1630578,Alperen Sengun
22024,1630578,0022400222,2024-11-13,HOU vs. LAC,W,30,6,14,0.429,1,2,0.5,0,0,0.0,4,7,11,6,1,4,4,3,13,-18,1,2024-25,Regular Season,1630578,Alperen Sengun
22024,1630578,0022400016,2024-11-15,HOU vs. LAC,W,33,3,9,0.333,1,3,0.333,9,10,0.9,2,8,10,10,2,2,1,2,16,38,1,2024-25,Regular Season,1630578,Alperen Sengun
22024,1630578,0022400241,2024-11-17,HOU @ CHI,W,26,9,15,0.6,0,2,0.0,2,3,0.667,2,8,10,11,0,1,0,1,20,35,1,2024-25,Regular Season,1630578,Alperen Sengun
22024,1630578,0022400248,2024-11-18,HOU @ MIL,L,39,8,21,0.381,0,2,0.0,2,3,0.667,4,3,7,5,2,0,4,4,18,11,1,2024-25,Regular Season,1630578,Alperen Sengun
22024,1630578,0022400254,2024-11-20,HOU vs. IND,W,28,12,19,0.632,1,1,1.0,6,8,0.75,4,8,12,2,1,0,1,3,31,4,1,2024-25,Regular Season,1630578,Alperen Sengun
22024,1630578,0022400031,2024-11-22,HOU vs. POR,W,25,7,13,0.538,0,1,0.0,0,1,0.0,2,6,8,3,1,0,3,2,14,11,1,2024-25,Regular Season,1630578,Alperen Sengun
22024,1630578,0022400267,2024-11-23,HOU vs. POR,L,36,7,17,0.412,0,0,0.0,8,11,0.727,2,3,5,5,2,0,2,3,22,-3,1,2024-25,Regular Season,1630578,Alperen Sengun
22024,1630578,0022400037,2024-11-26,HOU @ MIN,W,42,9,23,0.391,0,3,0.0,4,4,1.0,3,7,10,11,3,3,2,3,22,28,1,2024-25,Regular Season,1630578,Alperen Sengun
22024,1630578,0022400290,2024-11-27,HOU @ PHI,W,35,6,11,0.545,0,0,0.0,10,12,0.833,4,10,14,7,2,1,4,2,22,1,1,2024-25,Regular Season,1630578,Alperen Sengun
22024,1630578,0022400310,2024-12-01,HOU vs. OKC,W,38,7,17,0.412,0,1,0.0,6,8,0.75,5,9,14,9,0,1,1,2,20,0,1,2024-25,Regular Season,1630578,Alperen Sengun
22024,1630578,0022400059,2024-12-03,HOU @ SAC,L,32,10,20,0.5,1,2,0.5,3,4,0.75,3,5,8,6,1,0,2,3,24,-13,1,2024-25,Regular Season,1630578,Alperen Sengun
22024,1630578,0022400332,2024-12-05,HOU @ GSW,L,29,7,15,0.467,0,1,0.0,2,2,1.0,2,6,8,5,2,0,2,2,16,-10,1,2024-25,Regular Season,1630578,Alperen Sengun
22024,1630578,0022400356,2024-12-08,HOU @ LAC,W,36,4,9,0.444,0,2,0.0,3,4,0.75,3,7,10,6,0,0,4,4,11,13,1,2024-25,Regular Season,1630578,Alperen Sengun
22024,1630578,0022401204,2024-12-11,HOU vs. GSW,W,32,10,18,0.556,0,1,0.0,6,7,0.857,3,8,11,5,3,0,4,0,26,-4,1,2024-25,Regular Season,1630578,Alperen Sengun
22024,1630578,0022401230,2024-12-14,HOU @ OKC,L,33,6,16,0.375,1,2,0.5,0,1,0.0,5,6,11,2,2,0,4,5,13,-5,1,2024-25,Regular Season,1630578,Alperen Sengun
22024,1630578,0022400365,2024-12-19,HOU vs. NOP,W,34,10,14,0.714,0,1,0.0,3,4,0.75,0,9,9,7,0,1,0,3,23,25,1,2024-25,Regular Season,1630578,Alperen Sengun
22024,1630578,0022400388,2024-12-22,HOU @ TOR,W,33,7,14,0.5,0,2,0.0,3,5,0.6,3,7,10,5,3,2,5,2,17,4,1,2024-25,Regular Season,1630578,Alperen Sengun
22024,1630578,0022400391,2024-12-23,HOU @ CHA,W,27,5,11,0.455,1,2,0.5,5,5,1.0,4,4,8,4,0,1,1,2,16,10,1,2024-25,Regular Season,1630578,Alperen Sengun
22024,1630578,0022400416,2024-12-26,HOU @ NOP,W,25,5,11,0.455,0,2,0.0,0,0,0.0,3,10,13,6,0,0,3,2,10,19,1,2024-25,Regular Season,1630578,Alperen Sengun
22024,1630578,0022400422,2024-12-27,HOU vs. MIN,L,41,16,25,0.64,0,1,0.0,6,10,0.6,8,4,12,1,1,0,2,4,38,-6,1,2024-25,Regular Season,1630578,Alperen Sengun
22024,1630578,0022400439,2024-12-29,HOU vs. MIA,L,35,8,14,0.571,0,1,0.0,2,2,1.0,5,13,18,6,1,1,5,4,18,4,1,2024-25,Regular Season,1630578,Alperen Sengun
22024,1630578,0022400460,2025-01-01,HOU vs. DAL,W,37,9,16,0.563,0,1,0.0,5,8,0.625,0,6,6,4,5,0,4,2,23,21,1,2024-25,Regular Season,1630578,Alperen Sengun
22024,1630578,0022400471,2025-01-03,HOU vs. BOS,L,29,6,15,0.4,0,1,0.0,2,2,1.0,2,5,7,3,1,1,4,4,14,-28,1,2024-25,Regular Season,1630578,Alperen Sengun
22024,1630578,0022400491,2025-01-05,HOU vs. LAL,W,31,6,14,0.429,0,2,0.0,2,4,0.5,2,4,6,4,0,0,2,4,14,-14,1,2024-25,Regular Season,1630578,Alperen Sengun
22024,1630578,0022400503,2025-01-07,HOU @ WAS,W,30,12,23,0.522,0,2,0.0,2,2,1.0,4,6,10,6,2,0,4,2,26,29,1,2024-25,Regular Season,1630578,Alperen Sengun
22024,1630578,0022400520,2025-01-09,HOU @ MEM,W,35,12,20,0.6,1,1,1.0,7,15,0.467,5,9,14,5,0,1,3,4,32,2,1,2024-25,Regular Season,1630578,Alperen Sengun
22024,1630578,0022400551,2025-01-13,HOU vs. MEM,W,32,7,17,0.412,0,1,0.0,3,6,0.5,3,5,8,5,3,1,6,5,17,6,1,2024-25,Regular Season,1630578,Alperen Sengun
22024,1630578,0022400568,2025-01-15,HOU @ DEN,W,26,9,21,0.429,0,1,0.0,2,2,1.0,3,6,9,8,2,0,1,1,20,17,1,2024-25,Regular Season,1630578,Alperen Sengun
22024,1630578,0022400576,2025-01-16,HOU @ SAC,L,34,8,15,0.533,1,2,0.5,4,7,0.571,2,8,10,3,4,1,0,2,21,-21,1,2024-25,Regular Season,1630578,Alperen Sengun
22024,1630578,0022400591,2025-01-18,HOU @ POR,W,31,10,19,0.526,1,1,1.0,2,5,0.4,6,9,15,6,2,1,3,2,23,12,1,2024-25,Regular Season,1630578,Alperen Sengun
22024,1630578,0022400600,2025-01-20,HOU vs. DET,L,29,5,14,0.357,0,1,0.0,1,1,1.0,5,3,8,5,0,0,1,0,11,-8,1,2024-25,Regular Season,1630578,Alperen Sengun
22024,1630578,0022400615,2025-01-22,HOU vs. CLE,W,29,7,13,0.538,0,1,0.0,4,6,0.667,2,9,11,4,0,1,3,3,18,4,1,2024-25,Regular Season,1630578,Alperen Sengun
22024,1630578,0022400640,2025-01-25,HOU @ CLE,W,33,9,17,0.529,1,2,0.5,7,13,0.538,3,5,8,3,0,0,0,4,26,-2,1,2024-25,Regular Season,1630578,Alperen Sengun
22024,1630578,0022400650,2025-01-27,HOU @ BOS,W,34,4,10,0.4,0,1,0.0,3,4,0.75,5,4,9,9,2,0,1,3,11,17,1,2024-25,Regular Season,1630578,Alperen Sengun
22024,1630578,0022400532,2025-01-28,HOU @ ATL,W,29,7,12,0.583,0,1,0.0,4,4,1.0,2,8,10,2,1,0,2,3,18,-5,1,2024-25,Regular Season,1630578,Alperen Sengun
22024,1630578,0022400711,2025-02-04,HOU @ BKN,L,35,8,18,0.444,0,0,0.0,8,14,0.571,7,13,20,4,0,0,3,5,24,8,1,2024-25,Regular Season,1630578,Alperen Sengun
22024,1630578,0022400729,2025-02-06,HOU @ MIN,L,33,6,11,0.545,1,2,0.5,3,4,0.75,3,7,10,7,2,0,2,4,16,-21,1,2024-25,Regular Season,1630578,Alperen Sengun
22024,1630578,0022400741,2025-02-08,HOU @ DAL,L,38,11,19,0.579,1,3,0.333,7,10,0.7,1,7,8,3,0,1,2,4,30,-5,1,2024-25,Regular Season,1630578,Alperen Sengun
22024,1630578,0022400753,2025-02-09,HOU vs. TOR,W,3,0,3,0.0,0,0,0.0,0,0,0.0,1,2,3,0,0,0,1,0,0,-5,1,2024-25,Regular Season,1630578,Alperen Sengun
22024,1630578,0022400779,2025-02-12,HOU vs. PHX,W,38,7,12,0.583,0,2,0.0,3,6,0.5,2,11,13,5,2,1,2,3,17,13,1,2024-25,Regular Season,1630578,Alperen Sengun
22024,1630578,0022400784,2025-02-13,HOU vs. GSW,L,27,4,10,0.4,0,1,0.0,2,4,0.5,1,12,13,4,1,0,3,3,10,-19,1,2024-25,Regular Season,1630578,Alperen Sengun
22024,1630578,0022400801,2025-02-21,HOU vs. MIN,W,36,8,21,0.381,0,2,0.0,8,10,0.8,5,8,13,2,0,0,8,4,24,10,1,2024-25,Regular Season,1630578,Alperen Sengun
22024,1630578,0022400809,2025-02-22,HOU @ UTA,L,35,11,24,0.458,1,3,0.333,4,8,0.5,2,10,12,7,0,1,2,3,27,-1,1,2024-25,Regular Season,1630578,Alperen Sengun
22024,1630578,0022400831,2025-02-25,HOU vs. MIL,W,35,8,16,0.5,0,0,0.0,7,9,0.778,3,8,11,3,0,3,1,2,23,14,1,2024-25,Regular Season,1630578,Alperen Sengun
22024,1630578,0022400844,2025-02-26,HOU vs. SAS,W,19,1,5,0.2,0,0,0.0,7,8,0.875,5,6,11,3,1,1,3,3,9,20,1,2024-25,Regular Season,1630578,Alperen Sengun
22024,1630578,0022400862,2025-03-01,HOU vs. SAC,L,37,10,16,0.625,0,0,0.0,10,17,0.588,4,6,10,5,0,1,6,3,30,-4,1,2024-25,Regular Season,1630578,Alperen Sengun
22024,1630578,0022400882,2025-03-04,HOU @ IND,L,35,12,19,0.632,0,0,0.0,1,2,0.5,3,6,9,7,0,0,4,3,25,-2,1,2024-25,Regular Season,1630578,Alperen Sengun
22024,1630578,0022400902,2025-03-06,HOU @ NOP,W,36,11,14,0.786,0,0,0.0,0,3,0.0,1,5,6,8,3,1,4,5,22,15,1,2024-25,Regular Season,1630578,Alperen Sengun
22024,1630578,0022400913,2025-03-08,HOU vs. NOP,W,32,7,11,0.636,0,0,0.0,6,7,0.857,4,1,5,6,2,2,2,3,20,18,1,2024-25,Regular Season,1630578,Alperen Sengun
22024,1630578,0022400934,2025-03-10,HOU vs. ORL,W,38,5,9,0.556,1,1,1.0,3,4,0.75,6,8,14,4,0,1,6,3,14,16,1,2024-25,Regular Season,1630578,Alperen Sengun
22024,1630578,0022400949,2025-03-12,HOU vs. PHX,W,33,7,7,1.0,1,1,1.0,5,6,0.833,2,2,4,7,1,0,5,4,20,15,1,2024-25,Regular Season,1630578,Alperen Sengun
22024,1630578,0022400961,2025-03-14,HOU vs. DAL,W,25,7,16,0.438,0,1,0.0,2,3,0.667,8,7,15,4,1,0,2,2,16,22,1,2024-25,Regular Season,1630578,Alperen Sengun
22024,1630578,0022400970,2025-03-15,HOU vs. CHI,W,37,9,18,0.5,0,1,0.0,6,8,0.75,4,11,15,4,2,2,3,2,24,12,1,2024-25,Regular Season,1630578,Alperen Sengun
22024,1630578,0022400985,2025-03-17,HOU vs. PHI,W,22,5,9,0.556,0,0,0.0,3,5,0.6,7,4,11,5,0,0,4,4,13,2,1,2024-25,Regular Season,1630578,Alperen Sengun
22024,1630578,0022400999,2025-03-19,HOU @ ORL,W,37,9,18,0.5,1,2,0.5,3,3,1.0,5,7,12,4,0,0,3,5,22,-5,1,2024-25,Regular Season,1630578,Alperen Sengun
22024,1630578,0022401015,2025-03-21,HOU @ MIA,W,34,4,15,0.267,0,0,0.0,0,4,0.0,5,5,10,2,2,2,2,1,8,-9,1,2024-25,Regular Season,1630578,Alperen Sengun
22024,1630578,0022401035,2025-03-23,HOU vs. DEN,L,40,6,15,0.4,0,1,0.0,5,8,0.625,3,11,14,10,2,1,0,1,17,-6,1,2024-25,Regular Season,1630578,Alperen Sengun
22024,1630578,0022401049,2025-03-25,HOU vs. ATL,W,38,8,19,0.421,0,2,0.0,2,2,1.0,2,7,9,5,1,1,1,0,18,-5,1,2024-25,Regular Season,1630578,Alperen Sengun
22024,1630578,0022401065,2025-03-27,HOU @ UTA,W,32,11,19,0.579,0,1,0.0,11,13,0.846,4,6,10,2,0,2,3,3,33,17,1,2024-25,Regular Season,1630578,Alperen Sengun
22024,1630578,0022401088,2025-03-30,HOU @ PHX,W,26,6,11,0.545,0,0,0.0,4,7,0.571,1,8,9,3,1,1,1,3,16,30,1,2024-25,Regular Season,1630578,Alperen Sengun
22024,1630578,0022401096,2025-03-31,HOU @ LAL,L,35,5,11,0.455,0,0,0.0,4,4,1.0,2,5,7,6,0,1,2,4,14,-2,1,2024-25,Regular Season,1630578,Alperen Sengun
22024,1630578,0022401107,2025-04-02,HOU vs. UTA,W,29,6,12,0.5,0,0,0.0,3,4,0.75,4,10,14,9,0,1,3,2,15,29,1,2024-25,Regular Season,1630578,Alperen Sengun
22024,1630578,0022401123,2025-04-04,HOU vs. OKC,W,34,11,21,0.524,0,0,0.0,9,12,0.75,1,1,2,4,3,0,3,1,31,4,1,2024-25,Regular Season,1630578,Alperen Sengun
22024,1630578,0022401143,2025-04-06,HOU @ GSW,W,33,7,17,0.412,0,1,0.0,5,10,0.5,7,7,14,4,1,0,3,1,19,11,1,2024-25,Regular Season,1630578,Alperen Sengun
22024,1630578,0022401193,2025-04-13,HOU vs. DEN,L,24,7,14,0.5,0,0,0.0,0,0,0.0,2,3,5,4,0,1,0,1,14,-8,1,2024-25,Regular Season,1630578,Alperen Sengun
42024,1630578,0042400151,2025-04-20,HOU vs. GSW,L,36,11,18,0.611,1,2,0.5,3,4,0.75,2,7,9,1,3,0,5,2,26,-7,1,2024-25,Playoffs,1630578,Alperen Sengun
42024,1630578,0042400152,2025-04-23,HOU vs. GSW,W,37,6,15,0.4,1,2,0.5,4,5,0.8,6,10,16,7,2,0,3,4,17,28,1,2024-25,Playoffs,1630578,Alperen Sengun
42024,1630578,0042400153,2025-04-26,HOU @ GSW,L,33,7,18,0.389,0,0,0.0,1,6,0.167,2,9,11,4,0,0,1,4,15,-10,1,2024-25,Playoffs,1630578,Alperen Sengun
42024,1630578,0042400154,2025-04-28,HOU @ GSW,L,42,12,28,0.429,0,1,0.0,7,10,0.7,4,6,10,5,2,0,0,2,31,4,1,2024-25,Playoffs,1630578,Alperen Sengun
42024,1630578,0042400155,2025-04-30,HOU vs. GSW,W,31,6,9,0.667,0,0,0.0,3,4,0.75,1,8,9,9,2,2,1,6,15,23,1,2024-25,Playoffs,1630578,Alperen Sengun
42024,1630578,0042400156,2025-05-02,HOU @ GSW,W,37,8,20,0.4,0,2,0.0,5,7,0.714,3,11,14,6,3,0,2,3,21,7,1,2024-25,Playoffs,1630578,Alperen Sengun
42024,1630578,0042400157,2025-05-04,HOU vs. GSW,L,40,9,23,0.391,1,1,1.0,2,4,0.5,3,11,14,5,1,1,3,5,21,-12,1,2024-25,Playoffs,1630578,Alperen Sengun
22024,1630595,0022400063,2024-10-23,DET vs. IND,L,37,10,23,0.435,2,6,0.333,6,6,1.0,0,5,5,8,1,0,2,2,28,-10,1,2024-25,Regular Season,1630595,Cade Cunningham
22024,1630595,0022400080,2024-10-25,DET @ CLE,L,35,14,24,0.583,2,6,0.333,3,3,1.0,2,2,4,6,0,0,9,4,33,-14,1,2024-25,Regular Season,1630595,Cade Cunningham
22024,1630595,0022400089,2024-10-26,DET vs. BOS,L,41,9,22,0.409,2,8,0.25,1,3,0.333,0,6,6,10,1,4,7,2,21,3,1,2024-25,Regular Season,1630595,Cade Cunningham
22024,1630595,0022400105,2024-10-28,DET @ MIA,L,35,9,18,0.5,4,7,0.571,2,3,0.667,1,7,8,6,2,1,5,4,24,-7,1,2024-25,Regular Season,1630595,Cade Cunningham
22024,1630595,0022400120,2024-10-30,DET @ PHI,W,37,6,15,0.4,4,8,0.5,6,6,1.0,1,4,5,7,1,1,5,2,22,12,1,2024-25,Regular Season,1630595,Cade Cunningham
22024,1630595,0022400134,2024-11-01,DET vs. NYK,L,32,10,19,0.526,2,4,0.5,0,0,0.0,0,6,6,6,0,1,1,1,22,-19,1,2024-25,Regular Season,1630595,Cade Cunningham
22024,1630595,0022400151,2024-11-03,DET @ BKN,W,35,8,13,0.615,1,4,0.25,2,3,0.667,1,5,6,5,0,0,7,3,19,11,1,2024-25,Regular Season,1630595,Cade Cunningham
22024,1630595,0022400156,2024-11-04,DET vs. LAL,W,36,7,17,0.412,1,5,0.2,2,5,0.4,2,9,11,11,0,0,3,1,17,14,1,2024-25,Regular Season,1630595,Cade Cunningham
22024,1630595,0022400169,2024-11-06,DET @ CHA,L,38,9,23,0.391,0,4,0.0,2,2,1.0,1,9,10,10,0,0,2,5,20,-1,1,2024-25,Regular Season,1630595,Cade Cunningham
22024,1630595,0022400185,2024-11-08,DET vs. ATL,W,36,8,17,0.471,1,4,0.25,5,5,1.0,1,10,11,13,1,1,7,2,22,3,1,2024-25,Regular Season,1630595,Cade Cunningham
22024,1630595,0022400201,2024-11-10,DET vs. HOU,L,36,10,21,0.476,2,4,0.5,4,6,0.667,0,8,8,9,0,1,4,3,26,-6,1,2024-25,Regular Season,1630595,Cade Cunningham
22024,1630595,0022400002,2024-11-12,DET vs. MIA,W,38,6,15,0.4,2,7,0.286,7,7,1.0,0,7,7,9,0,2,7,1,21,-2,1,2024-25,Regular Season,1630595,Cade Cunningham
22024,1630595,0022400223,2024-11-13,DET @ MIL,L,43,13,34,0.382,5,10,0.5,4,4,1.0,2,5,7,11,2,3,6,4,35,-4,1,2024-25,Regular Season,1630595,Cade Cunningham
22024,1630595,0022400011,2024-11-15,DET @ TOR,W,36,6,21,0.286,2,9,0.222,1,2,0.5,2,4,6,10,1,0,4,2,15,-10,1,2024-25,Regular Season,1630595,Cade Cunningham
22024,1630595,0022400237,2024-11-17,DET @ WAS,W,31,7,15,0.467,2,4,0.5,5,5,1.0,2,8,10,10,5,1,2,2,21,18,1,2024-25,Regular Season,1630595,Cade Cunningham
22024,1630595,0022400244,2024-11-18,DET vs. CHI,L,36,8,17,0.471,4,7,0.571,6,9,0.667,0,6,6,10,0,0,3,3,26,-5,1,2024-25,Regular Season,1630595,Cade Cunningham
22024,1630595,0022400260,2024-11-21,DET @ CHA,L,37,9,26,0.346,2,9,0.222,7,9,0.778,4,3,7,10,1,0,5,2,27,-3,1,2024-25,Regular Season,1630595,Cade Cunningham
22024,1630595,0022400045,2024-11-29,DET @ IND,W,33,10,19,0.526,4,6,0.667,0,0,0.0,0,6,6,11,2,0,6,3,24,13,1,2024-25,Regular Season,1630595,Cade Cunningham
22024,1630595,0022400052,2024-12-03,DET vs. MIL,L,33,9,16,0.563,3,6,0.5,2,6,0.333,1,4,5,6,1,0,4,2,23,-20,1,2024-25,Regular Season,1630595,Cade Cunningham
22024,1630595,0022400319,2024-12-04,DET @ BOS,L,34,11,21,0.524,3,9,0.333,2,2,1.0,2,7,9,14,0,1,6,5,27,-7,1,2024-25,Regular Season,1630595,Cade Cunningham
22024,1630595,0022400343,2024-12-07,DET @ NYK,W,35,9,17,0.529,5,8,0.625,6,7,0.857,2,8,10,15,1,0,3,4,29,16,1,2024-25,Regular Season,1630595,Cade Cunningham
22024,1630595,0022401205,2024-12-12,DET @ BOS,L,35,9,22,0.409,0,4,0.0,0,0,0.0,1,7,8,8,0,1,3,1,18,-19,1,2024-25,Regular Season,1630595,Cade Cunningham
22024,1630595,0022401221,2024-12-16,DET vs. MIA,W,42,7,17,0.412,3,6,0.5,3,5,0.6,1,10,11,18,0,1,4,2,20,9,1,2024-25,Regular Season,1630595,Cade Cunningham
22024,1630595,0022400360,2024-12-19,DET vs. UTA,L,39,13,23,0.565,3,8,0.375,4,4,1.0,0,4,4,7,1,4,4,6,33,-5,1,2024-25,Regular Season,1630595,Cade Cunningham
22024,1630595,0022400387,2024-12-21,DET @ PHX,W,36,9,19,0.474,3,8,0.375,7,9,0.778,0,1,1,13,2,2,4,4,28,7,1,2024-25,Regular Season,1630595,Cade Cunningham
22024,1630595,0022400404,2024-12-23,DET @ LAL,W,35,9,25,0.36,0,5,0.0,2,2,1.0,2,3,5,10,1,0,5,2,20,-11,1,2024-25,Regular Season,1630595,Cade Cunningham
22024,1630595,0022400418,2024-12-26,DET @ SAC,W,38,9,24,0.375,4,11,0.364,11,12,0.917,0,4,4,10,0,0,3,4,33,8,1,2024-25,Regular Season,1630595,Cade Cunningham
22024,1630595,0022400432,2024-12-28,DET @ DEN,L,27,7,18,0.389,1,8,0.125,2,2,1.0,1,1,2,8,0,0,3,3,17,-11,1,2024-25,Regular Season,1630595,Cade Cunningham
22024,1630595,0022400455,2025-01-01,DET vs. ORL,W,34,7,14,0.5,4,6,0.667,1,2,0.5,1,7,8,9,0,1,5,2,19,-3,1,2024-25,Regular Season,1630595,Cade Cunningham
22024,1630595,0022400469,2025-01-03,DET vs. CHA,W,29,8,20,0.4,1,3,0.333,1,2,0.5,0,5,5,5,2,1,2,5,18,1,1,2024-25,Regular Season,1630595,Cade Cunningham
22024,1630595,0022400479,2025-01-04,DET vs. MIN,W,38,15,29,0.517,4,8,0.5,6,7,0.857,0,6,6,9,1,0,3,3,40,24,1,2024-25,Regular Season,1630595,Cade Cunningham
22024,1630595,0022400493,2025-01-06,DET vs. POR,W,39,11,23,0.478,4,10,0.4,6,6,1.0,0,6,6,9,2,0,4,2,32,8,1,2024-25,Regular Season,1630595,Cade Cunningham
22024,1630595,0022400513,2025-01-08,DET @ BKN,W,23,6,10,0.6,0,3,0.0,1,2,0.5,1,4,5,5,1,0,4,1,13,6,1,2024-25,Regular Season,1630595,Cade Cunningham
22024,1630595,0022400518,2025-01-09,DET vs. GSW,L,40,12,21,0.571,3,6,0.5,5,8,0.625,1,5,6,8,3,1,4,2,32,9,1,2024-25,Regular Season,1630595,Cade Cunningham
22024,1630595,0022400534,2025-01-11,DET vs. TOR,W,37,8,17,0.471,2,4,0.5,4,5,0.8,1,9,10,17,1,2,8,4,22,23,1,2024-25,Regular Season,1630595,Cade Cunningham
22024,1630595,0022400549,2025-01-13,DET @ NYK,W,32,14,27,0.519,4,8,0.5,4,4,1.0,0,2,2,4,1,0,2,4,36,4,1,2024-25,Regular Season,1630595,Cade Cunningham
22024,1630595,0022400572,2025-01-16,DET vs. IND,L,39,7,21,0.333,1,7,0.143,5,5,1.0,0,4,4,9,0,1,7,1,20,-7,1,2024-25,Regular Season,1630595,Cade Cunningham
22024,1630595,0022400586,2025-01-18,DET vs. PHX,L,35,7,26,0.269,1,7,0.143,5,6,0.833,2,4,6,11,1,1,4,4,20,5,1,2024-25,Regular Season,1630595,Cade Cunningham
22024,1630595,0022400600,2025-01-20,DET @ HOU,W,36,12,22,0.545,3,5,0.6,5,5,1.0,0,9,9,7,1,1,10,1,32,9,1,2024-25,Regular Season,1630595,Cade Cunningham
22024,1630595,0022400612,2025-01-22,DET @ ATL,W,34,12,19,0.632,1,4,0.25,4,4,1.0,1,5,6,11,1,2,10,1,29,-1,1,2024-25,Regular Season,1630595,Cade Cunningham
22024,1630595,0022400638,2025-01-25,DET @ ORL,L,38,13,31,0.419,2,7,0.286,7,7,1.0,2,3,5,11,2,0,5,3,35,4,1,2024-25,Regular Season,1630595,Cade Cunningham
22024,1630595,0022400649,2025-01-27,DET @ CLE,L,33,9,26,0.346,0,4,0.0,4,4,1.0,0,3,3,7,0,0,2,3,22,-16,1,2024-25,Regular Season,1630595,Cade Cunningham
22024,1630595,0022400664,2025-01-29,DET @ IND,L,37,12,22,0.545,1,5,0.2,7,8,0.875,0,5,5,9,1,0,4,4,32,-23,1,2024-25,Regular Season,1630595,Cade Cunningham
22024,1630595,0022400680,2025-01-31,DET vs. DAL,W,36,17,30,0.567,3,8,0.375,3,3,1.0,2,4,6,4,1,0,3,0,40,11,1,2024-25,Regular Season,1630595,Cade Cunningham
22024,1630595,0022400695,2025-02-02,DET vs. CHI,W,34,10,23,0.435,2,6,0.333,0,1,0.0,1,2,3,15,1,1,3,0,22,12,1,2024-25,Regular Season,1630595,Cade Cunningham
22024,1630595,0022400701,2025-02-03,DET vs. ATL,L,38,8,23,0.348,1,6,0.167,13,13,1.0,1,5,6,14,0,0,3,2,30,10,1,2024-25,Regular Season,1630595,Cade Cunningham
22024,1630595,0022400718,2025-02-05,DET vs. CLE,L,38,11,29,0.379,3,10,0.3,13,13,1.0,0,7,7,9,4,0,1,4,38,2,1,2024-25,Regular Season,1630595,Cade Cunningham
22024,1630595,0022400752,2025-02-09,DET vs. CHA,W,37,7,17,0.412,1,5,0.2,4,4,1.0,1,9,10,12,1,1,5,3,19,5,1,2024-25,Regular Season,1630595,Cade Cunningham
22024,1630595,0022400766,2025-02-11,DET @ CHI,W,27,9,14,0.643,1,2,0.5,1,1,1.0,0,6,6,7,0,1,0,0,20,34,1,2024-25,Regular Season,1630595,Cade Cunningham
22024,1630595,0022400775,2025-02-12,DET @ CHI,W,35,9,19,0.474,2,7,0.286,9,10,0.9,0,5,5,7,0,1,5,2,29,27,1,2024-25,Regular Season,1630595,Cade Cunningham
22024,1630595,0022400802,2025-02-21,DET @ SAS,W,30,10,15,0.667,2,5,0.4,3,4,0.75,1,0,1,12,2,0,7,3,25,26,1,2024-25,Regular Season,1630595,Cade Cunningham
22024,1630595,0022400814,2025-02-23,DET @ ATL,W,38,14,24,0.583,7,10,0.7,3,3,1.0,0,7,7,12,1,3,3,2,38,6,1,2024-25,Regular Season,1630595,Cade Cunningham
22024,1630595,0022400821,2025-02-24,DET vs. LAC,W,37,9,22,0.409,4,9,0.444,10,12,0.833,0,9,9,7,3,0,7,4,32,-2,1,2024-25,Regular Season,1630595,Cade Cunningham
22024,1630595,0022400836,2025-02-26,DET vs. BOS,W,34,9,21,0.429,1,4,0.25,2,2,1.0,0,4,4,11,0,0,4,3,21,12,1,2024-25,Regular Season,1630595,Cade Cunningham
22024,1630595,0022400850,2025-02-28,DET vs. DEN,L,28,3,12,0.25,0,2,0.0,5,5,1.0,0,3,3,5,2,0,2,3,11,-20,1,2024-25,Regular Season,1630595,Cade Cunningham
22024,1630595,0022400861,2025-03-01,DET vs. BKN,W,32,4,9,0.444,2,3,0.667,5,6,0.833,2,5,7,9,0,2,5,4,15,27,1,2024-25,Regular Season,1630595,Cade Cunningham
22024,1630595,0022400881,2025-03-03,DET @ UTA,W,30,12,24,0.5,1,8,0.125,4,4,1.0,0,1,1,9,4,0,6,4,29,16,1,2024-25,Regular Season,1630595,Cade Cunningham
22024,1630595,0022400898,2025-03-05,DET @ LAC,L,39,15,25,0.6,2,7,0.286,5,6,0.833,0,7,7,10,1,0,5,5,37,-10,1,2024-25,Regular Season,1630595,Cade Cunningham
22024,1630595,0022400919,2025-03-08,DET @ GSW,L,38,10,17,0.588,2,3,0.667,9,10,0.9,0,4,4,5,2,2,9,2,31,4,1,2024-25,Regular Season,1630595,Cade Cunningham
22024,1630595,0022400926,2025-03-09,DET @ POR,W,36,9,17,0.529,2,4,0.5,8,9,0.889,1,3,4,5,0,0,8,3,28,9,1,2024-25,Regular Season,1630595,Cade Cunningham
22024,1630595,0022400941,2025-03-11,DET vs. WAS,W,32,11,23,0.478,1,5,0.2,4,5,0.8,1,7,8,10,1,0,3,5,27,16,1,2024-25,Regular Season,1630595,Cade Cunningham
22024,1630595,0022400954,2025-03-13,DET vs. WAS,L,38,9,25,0.36,0,7,0.0,20,21,0.952,0,3,3,10,2,2,4,5,38,5,1,2024-25,Regular Season,1630595,Cade Cunningham
22024,1630595,0022400969,2025-03-15,DET vs. OKC,L,29,5,18,0.278,0,4,0.0,1,1,1.0,0,7,7,9,0,0,3,0,11,-28,1,2024-25,Regular Season,1630595,Cade Cunningham
22024,1630595,0022400987,2025-03-17,DET @ NOP,W,30,10,16,0.625,1,2,0.5,3,4,0.75,0,4,4,8,1,0,4,3,24,21,1,2024-25,Regular Season,1630595,Cade Cunningham
22024,1630595,0022401000,2025-03-19,DET @ MIA,W,36,11,25,0.44,3,4,0.75,0,0,0.0,4,8,12,11,1,2,5,3,25,-3,1,2024-25,Regular Season,1630595,Cade Cunningham
22024,1630595,0022401019,2025-03-21,DET @ DAL,L,38,15,30,0.5,2,5,0.4,3,5,0.6,1,6,7,6,1,0,2,4,35,-5,1,2024-25,Regular Season,1630595,Cade Cunningham
22024,1630595,0022401129,2025-04-05,DET vs. MEM,L,28,9,24,0.375,2,6,0.333,5,7,0.714,1,8,9,4,0,1,2,4,25,-3,1,2024-25,Regular Season,1630595,Cade Cunningham
22024,1630595,0022401144,2025-04-07,DET vs. SAC,L,33,13,21,0.619,1,4,0.25,8,11,0.727,1,2,3,5,2,0,4,2,35,-9,1,2024-25,Regular Season,1630595,Cade Cunningham
22024,1630595,0022401167,2025-04-10,DET vs. NYK,W,35,16,24,0.667,2,5,0.4,2,4,0.5,1,1,2,8,1,1,4,5,36,9,1,2024-25,Regular Season,1630595,Cade Cunningham
22024,1630595,0022401171,2025-04-11,DET vs. MIL,L,36,15,21,0.714,3,5,0.6,3,4,0.75,0,6,6,12,0,2,4,1,36,0,1,2024-25,Regular Season,1630595,Cade Cunningham
42024,1630595,0042400121,2025-04-19,DET @ NYK,L,39,8,21,0.381,1,4,0.25,4,5,0.8,1,5,6,12,0,0,6,3,21,-6,1,2024-25,Playoffs,1630595,Cade Cunningham
42024,1630595,0042400122,2025-04-21,DET @ NYK,W,42,11,21,0.524,1,4,0.25,10,12,0.833,1,11,12,3,2,0,5,3,33,5,1,2024-25,Playoffs,1630595,Cade Cunningham
42024,1630595,0042400123,2025-04-24,DET vs. NYK,L,42,10,25,0.4,2,5,0.4,2,3,0.667,2,5,7,11,4,2,6,4,24,-4,1,2024-25,Playoffs,1630595,Cade Cunningham
42024,1630595,0042400124,2025-04-27,DET vs. NYK,L,42,11,23,0.478,0,3,0.0,3,4,0.75,1,9,10,10,0,4,7,2,25,3,1,2024-25,Playoffs,1630595,Cade Cunningham
42024,1630595,0042400125,2025-04-29,DET @ NYK,W,37,6,17,0.353,1,4,0.25,11,12,0.917,1,7,8,8,2,1,5,4,24,13,1,2024-25,Playoffs,1630595,Cade Cunningham
42024,1630595,0042400126,2025-05-01,DET vs. NYK,L,44,9,22,0.409,0,8,0.0,5,6,0.833,0,7,7,8,3,1,3,4,23,-2,1,2024-25,Playoffs,1630595,Cade Cunningham
22024,1630596,0022400067,2024-10-23,CLE @ TOR,W,27,9,14,0.643,1,2,0.5,6,6,1.0,4,5,9,3,2,3,1,2,25,31,1,2024-25,Regular Season,1630596,Evan Mobley
22024,1630596,0022400080,2024-10-25,CLE vs. DET,W,32,6,12,0.5,2,3,0.667,2,2,1.0,1,5,6,3,4,2,4,1,16,8,1,2024-25,Regular Season,1630596,Evan Mobley
22024,1630596,0022400090,2024-10-26,CLE @ WAS,W,32,4,13,0.308,0,2,0.0,5,7,0.714,1,12,13,4,0,2,2,4,13,14,1,2024-25,Regular Season,1630596,Evan Mobley
22024,1630596,0022400106,2024-10-28,CLE @ NYK,W,36,7,12,0.583,1,1,1.0,2,2,1.0,0,8,8,1,0,3,1,4,17,14,1,2024-25,Regular Season,1630596,Evan Mobley
22024,1630596,0022400118,2024-10-30,CLE vs. LAL,W,19,12,16,0.75,0,0,0.0,1,1,1.0,1,4,5,0,0,0,3,5,25,13,1,2024-25,Regular Season,1630596,Evan Mobley
22024,1630596,0022400133,2024-11-01,CLE vs. ORL,W,30,6,11,0.545,1,3,0.333,1,1,1.0,1,11,12,3,1,1,3,1,14,9,1,2024-25,Regular Season,1630596,Evan Mobley
22024,1630596,0022400145,2024-11-02,CLE @ MIL,W,32,7,13,0.538,0,1,0.0,0,0,0.0,1,6,7,5,0,0,1,4,14,-2,1,2024-25,Regular Season,1630596,Evan Mobley
22024,1630596,0022400154,2024-11-04,CLE vs. MIL,W,32,6,15,0.4,1,3,0.333,4,6,0.667,1,4,5,3,0,3,0,1,17,1,1,2024-25,Regular Season,1630596,Evan Mobley
22024,1630596,0022400175,2024-11-06,CLE @ NOP,W,29,7,16,0.438,0,1,0.0,1,3,0.333,5,4,9,3,0,3,1,6,15,-7,1,2024-25,Regular Season,1630596,Evan Mobley
22024,1630596,0022400188,2024-11-08,CLE vs. GSW,W,26,7,12,0.583,0,3,0.0,9,10,0.9,0,4,4,4,1,2,2,0,23,7,1,2024-25,Regular Season,1630596,Evan Mobley
22024,1630596,0022400199,2024-11-09,CLE vs. BKN,W,35,10,11,0.909,1,1,1.0,2,5,0.4,3,13,16,1,4,1,4,1,23,8,1,2024-25,Regular Season,1630596,Evan Mobley
22024,1630596,0022400212,2024-11-11,CLE @ CHI,W,31,6,10,0.6,0,1,0.0,3,3,1.0,5,6,11,2,0,0,3,0,15,11,1,2024-25,Regular Season,1630596,Evan Mobley
22024,1630596,0022400220,2024-11-13,CLE @ PHI,W,34,4,8,0.5,0,0,0.0,6,6,1.0,2,5,7,1,1,0,4,1,14,17,1,2024-25,Regular Season,1630596,Evan Mobley
22024,1630596,0022400236,2024-11-17,CLE vs. CHA,W,34,9,12,0.75,2,3,0.667,3,3,1.0,1,10,11,0,0,1,4,2,23,20,1,2024-25,Regular Season,1630596,Evan Mobley
22024,1630596,0022400021,2024-11-19,CLE @ BOS,L,38,8,13,0.615,1,3,0.333,5,5,1.0,6,5,11,6,1,1,3,1,22,-5,1,2024-25,Regular Season,1630596,Evan Mobley
22024,1630596,0022400252,2024-11-20,CLE vs. NOP,W,18,3,9,0.333,1,2,0.5,2,2,1.0,2,5,7,1,0,3,1,0,9,17,1,2024-25,Regular Season,1630596,Evan Mobley
22024,1630596,0022400275,2024-11-24,CLE vs. TOR,W,33,6,11,0.545,0,2,0.0,2,2,1.0,3,8,11,4,1,1,2,3,14,12,1,2024-25,Regular Season,1630596,Evan Mobley
22024,1630596,0022400287,2024-11-27,CLE vs. ATL,L,37,7,15,0.467,1,3,0.333,7,10,0.7,4,8,12,5,4,3,0,2,22,0,1,2024-25,Regular Season,1630596,Evan Mobley
22024,1630596,0022400041,2024-11-29,CLE @ ATL,L,37,10,17,0.588,0,3,0.0,4,4,1.0,4,8,12,3,1,0,1,2,24,-6,1,2024-25,Regular Season,1630596,Evan Mobley
22024,1630596,0022400307,2024-12-01,CLE vs. BOS,W,35,4,13,0.308,0,2,0.0,1,2,0.5,1,9,10,4,1,3,5,3,9,7,1,2024-25,Regular Season,1630596,Evan Mobley
22024,1630596,0022400051,2024-12-03,CLE vs. WAS,W,31,6,12,0.5,1,2,0.5,6,8,0.75,1,9,10,2,0,2,2,2,19,23,1,2024-25,Regular Season,1630596,Evan Mobley
22024,1630596,0022400325,2024-12-05,CLE vs. DEN,W,32,7,11,0.636,3,5,0.6,3,6,0.5,4,5,9,4,3,0,1,1,20,13,1,2024-25,Regular Season,1630596,Evan Mobley
22024,1630596,0022400340,2024-12-07,CLE @ CHA,W,34,16,23,0.696,6,8,0.75,3,4,0.75,3,7,10,2,1,3,3,4,41,19,1,2024-25,Regular Season,1630596,Evan Mobley
22024,1630596,0022400351,2024-12-08,CLE @ MIA,L,12,2,4,0.5,0,1,0.0,0,0,0.0,0,3,3,0,1,0,1,0,4,-11,1,2024-25,Regular Season,1630596,Evan Mobley
22024,1630596,0022401224,2024-12-16,CLE @ BKN,W,23,7,9,0.778,1,1,1.0,6,6,1.0,1,4,5,2,1,0,2,3,21,14,1,2024-25,Regular Season,1630596,Evan Mobley
22024,1630596,0022400374,2024-12-20,CLE vs. MIL,W,27,6,10,0.6,0,2,0.0,3,3,1.0,2,5,7,4,0,0,2,2,15,21,1,2024-25,Regular Season,1630596,Evan Mobley
22024,1630596,0022400380,2024-12-21,CLE vs. PHI,W,30,10,14,0.714,1,2,0.5,1,5,0.2,3,10,13,7,2,1,1,1,22,10,1,2024-25,Regular Season,1630596,Evan Mobley
22024,1630596,0022400392,2024-12-23,CLE vs. UTA,W,34,9,17,0.529,3,5,0.6,1,2,0.5,2,8,10,4,1,3,2,2,22,17,1,2024-25,Regular Season,1630596,Evan Mobley
22024,1630596,0022400424,2024-12-27,CLE @ DEN,W,31,9,13,0.692,4,6,0.667,4,6,0.667,1,4,5,6,0,1,1,4,26,-1,1,2024-25,Regular Season,1630596,Evan Mobley
22024,1630596,0022400446,2024-12-30,CLE @ GSW,W,25,2,6,0.333,1,4,0.25,2,2,1.0,1,6,7,1,1,2,6,5,7,5,1,2024-25,Regular Season,1630596,Evan Mobley
22024,1630596,0022400454,2024-12-31,CLE @ LAL,W,32,8,14,0.571,2,4,0.5,2,2,1.0,1,5,6,1,1,1,2,1,20,7,1,2024-25,Regular Season,1630596,Evan Mobley
22024,1630596,0022400474,2025-01-03,CLE @ DAL,W,30,14,21,0.667,3,6,0.5,3,4,0.75,2,8,10,4,0,2,0,3,34,32,1,2024-25,Regular Season,1630596,Evan Mobley
22024,1630596,0022400488,2025-01-05,CLE vs. CHA,W,31,6,13,0.462,1,6,0.167,4,5,0.8,1,4,5,1,1,2,1,1,17,10,1,2024-25,Regular Season,1630596,Evan Mobley
22024,1630596,0022400509,2025-01-08,CLE vs. OKC,W,35,8,13,0.615,0,3,0.0,5,7,0.714,2,8,10,7,1,1,3,2,21,8,1,2024-25,Regular Season,1630596,Evan Mobley
22024,1630596,0022400517,2025-01-09,CLE vs. TOR,W,32,7,11,0.636,3,5,0.6,4,6,0.667,4,7,11,6,1,0,2,1,21,-1,1,2024-25,Regular Season,1630596,Evan Mobley
22024,1630596,0022400543,2025-01-12,CLE vs. IND,L,31,6,10,0.6,1,2,0.5,3,3,1.0,0,12,12,1,0,1,0,1,16,-3,1,2024-25,Regular Season,1630596,Evan Mobley
22024,1630596,0022400554,2025-01-14,CLE @ IND,W,33,8,12,0.667,3,4,0.75,3,5,0.6,3,10,13,1,0,1,1,1,22,11,1,2024-25,Regular Season,1630596,Evan Mobley
22024,1630596,0022400574,2025-01-16,CLE @ OKC,L,18,2,7,0.286,0,2,0.0,1,1,1.0,1,2,3,1,0,1,2,0,5,-24,1,2024-25,Regular Season,1630596,Evan Mobley
22024,1630596,0022400640,2025-01-25,CLE vs. HOU,L,29,3,8,0.375,0,2,0.0,1,4,0.25,1,7,8,1,0,2,2,2,7,-9,1,2024-25,Regular Season,1630596,Evan Mobley
22024,1630596,0022400649,2025-01-27,CLE vs. DET,W,28,4,9,0.444,0,2,0.0,3,5,0.6,5,9,14,3,2,2,0,0,11,12,1,2024-25,Regular Season,1630596,Evan Mobley
22024,1630596,0022400667,2025-01-29,CLE @ MIA,W,31,10,15,0.667,0,2,0.0,2,3,0.667,4,11,15,2,0,1,1,4,22,11,1,2024-25,Regular Season,1630596,Evan Mobley
22024,1630596,0022400675,2025-01-30,CLE vs. ATL,W,27,7,12,0.583,0,2,0.0,2,2,1.0,2,8,10,4,1,1,1,0,16,19,1,2024-25,Regular Season,1630596,Evan Mobley
22024,1630596,0022400696,2025-02-02,CLE vs. DAL,W,24,8,12,0.667,2,3,0.667,4,5,0.8,0,11,11,3,0,4,0,2,22,47,1,2024-25,Regular Season,1630596,Evan Mobley
22024,1630596,0022400710,2025-02-04,CLE vs. BOS,L,28,3,14,0.214,0,4,0.0,1,2,0.5,3,2,5,2,0,0,1,2,7,-9,1,2024-25,Regular Season,1630596,Evan Mobley
22024,1630596,0022400718,2025-02-05,CLE @ DET,W,35,10,16,0.625,3,5,0.6,7,8,0.875,2,7,9,7,0,4,2,4,30,5,1,2024-25,Regular Season,1630596,Evan Mobley
22024,1630596,0022400735,2025-02-07,CLE @ WAS,W,34,10,16,0.625,0,3,0.0,7,8,0.875,2,5,7,1,1,1,3,1,27,13,1,2024-25,Regular Season,1630596,Evan Mobley
22024,1630596,0022400755,2025-02-10,CLE vs. MIN,W,32,12,19,0.632,1,4,0.25,3,5,0.6,4,6,10,6,2,4,1,3,28,15,1,2024-25,Regular Season,1630596,Evan Mobley
22024,1630596,0022400774,2025-02-12,CLE @ TOR,W,28,6,11,0.545,0,1,0.0,0,2,0.0,4,11,15,5,0,2,2,5,12,20,1,2024-25,Regular Season,1630596,Evan Mobley
22024,1630596,0022400791,2025-02-20,CLE @ BKN,W,30,6,12,0.5,1,4,0.25,5,5,1.0,4,9,13,1,1,3,3,1,18,9,1,2024-25,Regular Season,1630596,Evan Mobley
22024,1630596,0022400797,2025-02-21,CLE vs. NYK,W,25,9,11,0.818,1,1,1.0,2,2,1.0,2,6,8,4,3,1,2,1,21,23,1,2024-25,Regular Season,1630596,Evan Mobley
22024,1630596,0022400819,2025-02-23,CLE vs. MEM,W,36,10,20,0.5,1,8,0.125,4,6,0.667,4,9,13,8,0,3,3,1,25,9,1,2024-25,Regular Season,1630596,Evan Mobley
22024,1630596,0022400830,2025-02-25,CLE @ ORL,W,28,6,9,0.667,1,2,0.5,4,6,0.667,1,7,8,2,0,2,3,0,17,19,1,2024-25,Regular Season,1630596,Evan Mobley
22024,1630596,0022400852,2025-02-28,CLE @ BOS,W,29,6,12,0.5,2,5,0.4,3,4,0.75,5,7,12,3,0,1,2,4,17,2,1,2024-25,Regular Season,1630596,Evan Mobley
22024,1630596,0022400867,2025-03-02,CLE vs. POR,W,32,6,14,0.429,1,3,0.333,7,10,0.7,2,6,8,3,0,1,4,6,20,-1,1,2024-25,Regular Season,1630596,Evan Mobley
22024,1630596,0022400893,2025-03-05,CLE vs. MIA,W,36,7,10,0.7,0,0,0.0,2,7,0.286,4,9,13,3,0,1,3,3,16,12,1,2024-25,Regular Season,1630596,Evan Mobley
22024,1630596,0022400904,2025-03-07,CLE @ CHA,W,34,6,13,0.462,1,5,0.2,6,7,0.857,2,8,10,4,1,2,1,0,19,6,1,2024-25,Regular Season,1630596,Evan Mobley
22024,1630596,0022400922,2025-03-09,CLE @ MIL,W,28,5,10,0.5,2,4,0.5,1,2,0.5,2,5,7,2,3,1,3,1,13,3,1,2024-25,Regular Season,1630596,Evan Mobley
22024,1630596,0022400940,2025-03-11,CLE vs. BKN,W,34,9,13,0.692,1,3,0.333,2,2,1.0,2,7,9,6,0,1,4,1,21,2,1,2024-25,Regular Season,1630596,Evan Mobley
22024,1630596,0022400962,2025-03-14,CLE @ MEM,W,32,9,16,0.563,3,6,0.5,1,2,0.5,2,9,11,3,1,2,2,0,22,16,1,2024-25,Regular Season,1630596,Evan Mobley
22024,1630596,0022400997,2025-03-18,CLE @ LAC,L,31,7,12,0.583,0,2,0.0,3,6,0.5,0,3,3,1,1,0,1,4,17,-27,1,2024-25,Regular Season,1630596,Evan Mobley
22024,1630596,0022401009,2025-03-19,CLE @ SAC,L,32,13,18,0.722,4,5,0.8,1,1,1.0,3,7,10,2,1,0,2,2,31,3,1,2024-25,Regular Season,1630596,Evan Mobley
22024,1630596,0022401021,2025-03-21,CLE @ PHX,L,31,7,14,0.5,2,4,0.5,0,2,0.0,4,8,12,5,1,2,1,0,16,-9,1,2024-25,Regular Season,1630596,Evan Mobley
22024,1630596,0022401030,2025-03-23,CLE @ UTA,W,21,4,10,0.4,0,4,0.0,3,5,0.6,4,7,11,1,0,3,1,1,11,20,1,2024-25,Regular Season,1630596,Evan Mobley
22024,1630596,0022401051,2025-03-25,CLE @ POR,W,33,8,15,0.533,0,2,0.0,5,7,0.714,1,11,12,4,0,4,3,3,21,5,1,2024-25,Regular Season,1630596,Evan Mobley
22024,1630596,0022401067,2025-03-28,CLE @ DET,L,33,3,10,0.3,2,6,0.333,1,2,0.5,0,6,6,4,0,2,3,1,9,-23,1,2024-25,Regular Season,1630596,Evan Mobley
22024,1630596,0022401081,2025-03-30,CLE vs. LAC,W,37,8,16,0.5,3,6,0.5,3,3,1.0,1,6,7,4,0,3,3,0,22,15,1,2024-25,Regular Season,1630596,Evan Mobley
22024,1630596,0022401103,2025-04-02,CLE vs. NYK,W,30,4,11,0.364,1,4,0.25,4,4,1.0,1,3,4,4,1,1,2,4,13,20,1,2024-25,Regular Season,1630596,Evan Mobley
22024,1630596,0022401124,2025-04-04,CLE @ SAS,W,37,10,13,0.769,4,6,0.667,1,2,0.5,2,10,12,5,1,3,2,4,25,-3,1,2024-25,Regular Season,1630596,Evan Mobley
22024,1630596,0022401138,2025-04-06,CLE vs. SAC,L,33,7,14,0.5,0,4,0.0,2,5,0.4,3,6,9,4,3,2,1,1,16,-4,1,2024-25,Regular Season,1630596,Evan Mobley
22024,1630596,0022401147,2025-04-08,CLE vs. CHI,W,29,8,18,0.444,3,6,0.5,2,2,1.0,6,6,12,7,2,1,4,1,21,11,1,2024-25,Regular Season,1630596,Evan Mobley
22024,1630596,0022401175,2025-04-11,CLE @ NYK,W,35,3,10,0.3,1,5,0.2,9,14,0.643,4,6,10,2,1,0,2,2,16,-5,1,2024-25,Regular Season,1630596,Evan Mobley
42024,1630596,0042400101,2025-04-20,CLE vs. MIA,W,33,4,10,0.4,1,3,0.333,0,0,0.0,3,4,7,1,0,0,1,1,9,10,1,2024-25,Playoffs,1630596,Evan Mobley
42024,1630596,0042400102,2025-04-23,CLE vs. MIA,W,34,7,10,0.7,3,6,0.5,3,3,1.0,1,5,6,1,1,0,2,1,20,5,1,2024-25,Playoffs,1630596,Evan Mobley
42024,1630596,0042400103,2025-04-26,CLE @ MIA,W,32,8,13,0.615,2,4,0.5,1,1,1.0,1,5,6,3,1,1,2,1,19,8,1,2024-25,Playoffs,1630596,Evan Mobley
42024,1630596,0042400104,2025-04-28,CLE @ MIA,W,23,6,9,0.667,2,4,0.5,3,4,0.75,1,6,7,1,1,2,0,0,17,23,1,2024-25,Playoffs,1630596,Evan Mobley
42024,1630596,0042400201,2025-05-04,CLE vs. IND,L,36,9,13,0.692,2,5,0.4,0,0,0.0,4,6,10,2,2,0,4,3,20,-20,1,2024-25,Playoffs,1630596,Evan Mobley
42024,1630596,0042400203,2025-05-09,CLE @ IND,W,35,6,13,0.462,1,3,0.333,5,6,0.833,5,8,13,4,3,3,0,2,18,26,1,2024-25,Playoffs,1630596,Evan Mobley
42024,1630596,0042400204,2025-05-11,CLE @ IND,L,27,3,7,0.429,2,4,0.5,2,2,1.0,1,4,5,0,1,0,2,2,10,-27,1,2024-25,Playoffs,1630596,Evan Mobley
42024,1630596,0042400205,2025-05-13,CLE vs. IND,L,37,8,12,0.667,1,2,0.5,7,9,0.778,5,6,11,1,0,2,0,0,24,-14,1,2024-25,Playoffs,1630596,Evan Mobley
22024,1630224,0022400068,2024-10-23,HOU vs. CHA,L,35,9,23,0.391,5,15,0.333,5,5,1.0,0,2,2,0,0,0,0,0,28,-11,1,2024-25,Regular Season,1630224,Jalen Green
22024,1630224,0022400082,2024-10-25,HOU vs. MEM,W,32,8,21,0.381,4,8,0.5,2,6,0.333,2,4,6,4,3,1,2,3,22,19,1,2024-25,Regular Season,1630224,Jalen Green
22024,1630224,0022400094,2024-10-26,HOU @ SAS,L,33,10,22,0.455,3,10,0.3,6,6,1.0,1,5,6,5,0,0,2,3,29,3,1,2024-25,Regular Season,1630224,Jalen Green
22024,1630224,0022400109,2024-10-28,HOU @ SAS,W,38,11,22,0.5,7,13,0.538,7,7,1.0,0,1,1,2,0,0,4,0,36,8,1,2024-25,Regular Season,1630224,Jalen Green
22024,1630224,0022400129,2024-10-31,HOU @ DAL,W,36,9,21,0.429,3,8,0.375,2,3,0.667,0,12,12,4,1,1,5,4,23,12,1,2024-25,Regular Season,1630224,Jalen Green
22024,1630224,0022400144,2024-11-02,HOU vs. GSW,L,34,2,13,0.154,1,5,0.2,2,2,1.0,0,1,1,3,1,1,1,4,7,-20,1,2024-25,Regular Season,1630224,Jalen Green
22024,1630224,0022400161,2024-11-04,HOU vs. NYK,W,32,5,15,0.333,2,8,0.25,3,3,1.0,0,4,4,3,1,0,3,1,15,14,1,2024-25,Regular Season,1630224,Jalen Green
22024,1630224,0022400173,2024-11-06,HOU vs. SAS,W,31,6,14,0.429,4,9,0.444,5,6,0.833,0,5,5,4,0,1,3,1,21,14,1,2024-25,Regular Season,1630224,Jalen Green
22024,1630224,0022400192,2024-11-08,HOU @ OKC,L,28,5,14,0.357,2,8,0.25,2,2,1.0,0,4,4,2,0,0,1,1,14,-16,1,2024-25,Regular Season,1630224,Jalen Green
22024,1630224,0022400201,2024-11-10,HOU @ DET,W,34,6,17,0.353,1,6,0.167,2,2,1.0,0,5,5,3,2,1,2,5,15,-7,1,2024-25,Regular Season,1630224,Jalen Green
22024,1630224,0022400213,2024-11-11,HOU vs. WAS,W,37,6,15,0.4,1,6,0.167,5,5,1.0,2,2,4,2,2,0,6,1,18,13,1,2024-25,Regular Season,1630224,Jalen Green
22024,1630224,0022400222,2024-11-13,HOU vs. LAC,W,36,7,21,0.333,5,14,0.357,2,3,0.667,1,6,7,5,0,0,3,4,21,-10,1,2024-25,Regular Season,1630224,Jalen Green
22024,1630224,0022400016,2024-11-15,HOU vs. LAC,W,22,4,11,0.364,0,5,0.0,0,0,0.0,0,5,5,1,0,0,3,1,8,0,1,2024-25,Regular Season,1630224,Jalen Green
22024,1630224,0022400241,2024-11-17,HOU @ CHI,W,23,6,9,0.667,0,2,0.0,6,6,1.0,1,3,4,1,2,0,1,1,18,22,1,2024-25,Regular Season,1630224,Jalen Green
22024,1630224,0022400248,2024-11-18,HOU @ MIL,L,39,9,24,0.375,3,8,0.375,0,0,0.0,2,7,9,2,0,0,3,2,21,8,1,2024-25,Regular Season,1630224,Jalen Green
22024,1630224,0022400254,2024-11-20,HOU vs. IND,W,28,5,13,0.385,1,6,0.167,3,5,0.6,0,4,4,5,2,0,3,1,14,9,1,2024-25,Regular Season,1630224,Jalen Green
22024,1630224,0022400031,2024-11-22,HOU vs. POR,W,30,6,17,0.353,3,10,0.3,2,2,1.0,1,4,5,1,1,0,2,2,17,16,1,2024-25,Regular Season,1630224,Jalen Green
22024,1630224,0022400267,2024-11-23,HOU vs. POR,L,30,3,14,0.214,1,9,0.111,3,4,0.75,0,2,2,2,1,0,0,0,10,-8,1,2024-25,Regular Season,1630224,Jalen Green
22024,1630224,0022400037,2024-11-26,HOU @ MIN,W,23,3,9,0.333,1,5,0.2,2,2,1.0,0,3,3,2,2,0,1,1,9,-8,1,2024-25,Regular Season,1630224,Jalen Green
22024,1630224,0022400290,2024-11-27,HOU @ PHI,W,41,12,20,0.6,4,6,0.667,13,14,0.929,1,6,7,2,2,1,5,1,41,3,1,2024-25,Regular Season,1630224,Jalen Green
22024,1630224,0022400310,2024-12-01,HOU vs. OKC,W,34,2,6,0.333,1,3,0.333,4,6,0.667,0,2,2,3,0,1,4,3,9,8,1,2024-25,Regular Season,1630224,Jalen Green
22024,1630224,0022400059,2024-12-03,HOU @ SAC,L,34,9,14,0.643,5,8,0.625,5,5,1.0,1,6,7,3,1,0,4,1,28,-17,1,2024-25,Regular Season,1630224,Jalen Green
22024,1630224,0022400332,2024-12-05,HOU @ GSW,L,36,4,16,0.25,0,4,0.0,6,7,0.857,1,3,4,3,4,0,2,1,14,-6,1,2024-25,Regular Season,1630224,Jalen Green
22024,1630224,0022400356,2024-12-08,HOU @ LAC,W,36,9,20,0.45,5,13,0.385,8,8,1.0,0,4,4,1,1,0,3,0,31,9,1,2024-25,Regular Season,1630224,Jalen Green
22024,1630224,0022401204,2024-12-11,HOU vs. GSW,W,31,5,15,0.333,0,4,0.0,2,2,1.0,0,4,4,3,3,0,5,1,12,3,1,2024-25,Regular Season,1630224,Jalen Green
22024,1630224,0022401230,2024-12-14,HOU @ OKC,L,34,5,14,0.357,1,8,0.125,1,1,1.0,0,3,3,2,0,1,3,2,12,-16,1,2024-25,Regular Season,1630224,Jalen Green
22024,1630224,0022400365,2024-12-19,HOU vs. NOP,W,32,13,22,0.591,4,10,0.4,4,5,0.8,1,5,6,3,1,0,3,4,34,15,1,2024-25,Regular Season,1630224,Jalen Green
22024,1630224,0022400388,2024-12-22,HOU @ TOR,W,34,9,20,0.45,2,8,0.25,2,3,0.667,1,6,7,2,0,0,2,0,22,-3,1,2024-25,Regular Season,1630224,Jalen Green
22024,1630224,0022400391,2024-12-23,HOU @ CHA,W,24,3,8,0.375,0,3,0.0,0,0,0.0,0,2,2,1,0,0,0,1,6,10,1,2024-25,Regular Season,1630224,Jalen Green
22024,1630224,0022400416,2024-12-26,HOU @ NOP,W,30,12,21,0.571,6,11,0.545,0,0,0.0,0,2,2,2,2,0,0,1,30,30,1,2024-25,Regular Season,1630224,Jalen Green
22024,1630224,0022400422,2024-12-27,HOU vs. MIN,L,39,5,15,0.333,3,6,0.5,1,2,0.5,0,2,2,6,0,0,2,0,14,6,1,2024-25,Regular Season,1630224,Jalen Green
22024,1630224,0022400439,2024-12-29,HOU vs. MIA,L,34,6,20,0.3,1,8,0.125,6,7,0.857,2,1,3,2,0,0,1,2,19,-10,1,2024-25,Regular Season,1630224,Jalen Green
22024,1630224,0022400460,2025-01-01,HOU vs. DAL,W,38,9,21,0.429,0,3,0.0,4,5,0.8,0,5,5,0,1,0,2,3,22,18,1,2024-25,Regular Season,1630224,Jalen Green
22024,1630224,0022400471,2025-01-03,HOU vs. BOS,L,35,10,21,0.476,5,13,0.385,2,2,1.0,0,3,3,1,0,2,1,3,27,-24,1,2024-25,Regular Season,1630224,Jalen Green
22024,1630224,0022400491,2025-01-05,HOU vs. LAL,W,33,12,24,0.5,5,12,0.417,4,4,1.0,1,5,6,4,0,1,0,5,33,-5,1,2024-25,Regular Season,1630224,Jalen Green
22024,1630224,0022400503,2025-01-07,HOU @ WAS,W,30,10,22,0.455,7,15,0.467,2,2,1.0,2,6,8,2,2,0,1,0,29,21,1,2024-25,Regular Season,1630224,Jalen Green
22024,1630224,0022400520,2025-01-09,HOU @ MEM,W,38,11,21,0.524,4,8,0.5,1,2,0.5,1,1,2,3,3,1,3,0,27,-1,1,2024-25,Regular Season,1630224,Jalen Green
22024,1630224,0022400551,2025-01-13,HOU vs. MEM,W,40,13,18,0.722,5,6,0.833,11,11,1.0,0,3,3,4,1,0,3,1,42,8,1,2024-25,Regular Season,1630224,Jalen Green
22024,1630224,0022400568,2025-01-15,HOU @ DEN,W,30,10,16,0.625,6,10,0.6,8,8,1.0,1,0,1,5,0,1,1,2,34,13,1,2024-25,Regular Season,1630224,Jalen Green
22024,1630224,0022400576,2025-01-16,HOU @ SAC,L,34,10,20,0.5,4,8,0.5,4,5,0.8,0,5,5,4,0,1,4,3,28,-3,1,2024-25,Regular Season,1630224,Jalen Green
22024,1630224,0022400591,2025-01-18,HOU @ POR,W,29,10,17,0.588,4,6,0.667,2,2,1.0,1,4,5,1,1,0,4,1,26,23,1,2024-25,Regular Season,1630224,Jalen Green
22024,1630224,0022400600,2025-01-20,HOU vs. DET,L,30,8,21,0.381,2,8,0.25,1,2,0.5,1,3,4,4,1,0,5,1,19,-22,1,2024-25,Regular Season,1630224,Jalen Green
22024,1630224,0022400615,2025-01-22,HOU vs. CLE,W,33,4,16,0.25,2,6,0.333,0,0,0.0,0,2,2,5,0,0,3,3,10,-17,1,2024-25,Regular Season,1630224,Jalen Green
22024,1630224,0022400640,2025-01-25,HOU @ CLE,W,36,7,16,0.438,5,11,0.455,7,7,1.0,0,3,3,4,0,0,2,3,26,5,1,2024-25,Regular Season,1630224,Jalen Green
22024,1630224,0022400650,2025-01-27,HOU @ BOS,W,30,3,13,0.231,1,6,0.167,5,7,0.714,0,3,3,6,1,0,1,1,12,0,1,2024-25,Regular Season,1630224,Jalen Green
22024,1630224,0022400532,2025-01-28,HOU @ ATL,W,33,11,24,0.458,1,9,0.111,2,2,1.0,0,7,7,0,2,1,7,3,25,-4,1,2024-25,Regular Season,1630224,Jalen Green
22024,1630224,0022400676,2025-01-30,HOU @ MEM,L,39,8,21,0.381,5,10,0.5,4,5,0.8,1,5,6,5,0,0,2,1,25,10,1,2024-25,Regular Season,1630224,Jalen Green
22024,1630224,0022400689,2025-02-01,HOU vs. BKN,L,38,11,24,0.458,3,11,0.273,4,4,1.0,1,2,3,2,0,0,1,1,29,-9,1,2024-25,Regular Season,1630224,Jalen Green
22024,1630224,0022400702,2025-02-03,HOU @ NYK,L,36,9,22,0.409,1,8,0.125,2,2,1.0,1,4,5,5,0,0,6,1,21,-22,1,2024-25,Regular Season,1630224,Jalen Green
22024,1630224,0022400711,2025-02-04,HOU @ BKN,L,33,5,14,0.357,3,9,0.333,0,1,0.0,1,2,3,5,0,1,3,0,13,-1,1,2024-25,Regular Season,1630224,Jalen Green
22024,1630224,0022400729,2025-02-06,HOU @ MIN,L,38,9,22,0.409,3,8,0.375,7,10,0.7,1,5,6,5,1,0,1,0,28,-14,1,2024-25,Regular Season,1630224,Jalen Green
22024,1630224,0022400741,2025-02-08,HOU @ DAL,L,41,10,21,0.476,3,7,0.429,1,2,0.5,1,2,3,6,1,0,2,2,24,-9,1,2024-25,Regular Season,1630224,Jalen Green
22024,1630224,0022400753,2025-02-09,HOU vs. TOR,W,34,7,19,0.368,2,6,0.333,2,4,0.5,0,9,9,3,0,1,3,3,18,2,1,2024-25,Regular Season,1630224,Jalen Green
22024,1630224,0022400779,2025-02-12,HOU vs. PHX,W,37,8,21,0.381,4,15,0.267,2,3,0.667,2,1,3,5,0,1,2,1,22,-4,1,2024-25,Regular Season,1630224,Jalen Green
22024,1630224,0022400784,2025-02-13,HOU vs. GSW,L,22,3,10,0.3,2,4,0.5,1,3,0.333,0,0,0,1,0,0,4,1,9,-10,1,2024-25,Regular Season,1630224,Jalen Green
22024,1630224,0022400801,2025-02-21,HOU vs. MIN,W,39,12,24,0.5,5,11,0.455,6,9,0.667,0,5,5,4,2,0,4,0,35,18,1,2024-25,Regular Season,1630224,Jalen Green
22024,1630224,0022400809,2025-02-22,HOU @ UTA,L,36,9,21,0.429,6,12,0.5,1,3,0.333,1,2,3,10,0,0,1,2,25,-10,1,2024-25,Regular Season,1630224,Jalen Green
22024,1630224,0022400831,2025-02-25,HOU vs. MIL,W,37,9,20,0.45,5,11,0.455,2,2,1.0,0,8,8,3,0,0,4,2,25,-6,1,2024-25,Regular Season,1630224,Jalen Green
22024,1630224,0022400844,2025-02-26,HOU vs. SAS,W,28,9,17,0.529,3,8,0.375,0,0,0.0,0,7,7,4,0,0,3,1,21,24,1,2024-25,Regular Season,1630224,Jalen Green
22024,1630224,0022400862,2025-03-01,HOU vs. SAC,L,37,9,20,0.45,4,10,0.4,2,2,1.0,1,1,2,2,1,0,2,2,24,-4,1,2024-25,Regular Season,1630224,Jalen Green
22024,1630224,0022400879,2025-03-03,HOU @ OKC,L,25,6,14,0.429,1,5,0.2,5,6,0.833,0,6,6,4,2,0,2,3,18,-3,1,2024-25,Regular Season,1630224,Jalen Green
22024,1630224,0022400882,2025-03-04,HOU @ IND,L,33,4,13,0.308,2,7,0.286,2,4,0.5,0,4,4,2,1,0,5,2,12,-22,1,2024-25,Regular Season,1630224,Jalen Green
22024,1630224,0022400902,2025-03-06,HOU @ NOP,W,34,3,10,0.3,2,7,0.286,1,1,1.0,0,2,2,8,0,1,2,0,9,8,1,2024-25,Regular Season,1630224,Jalen Green
22024,1630224,0022400913,2025-03-08,HOU vs. NOP,W,28,5,15,0.333,2,7,0.286,2,2,1.0,0,7,7,3,0,0,0,0,14,16,1,2024-25,Regular Season,1630224,Jalen Green
22024,1630224,0022400934,2025-03-10,HOU vs. ORL,W,32,6,18,0.333,3,9,0.333,0,0,0.0,1,6,7,8,2,0,4,1,15,16,1,2024-25,Regular Season,1630224,Jalen Green
22024,1630224,0022400949,2025-03-12,HOU vs. PHX,W,37,8,16,0.5,3,6,0.5,10,11,0.909,0,7,7,4,3,0,2,0,29,16,1,2024-25,Regular Season,1630224,Jalen Green
22024,1630224,0022400961,2025-03-14,HOU vs. DAL,W,32,9,19,0.474,4,8,0.5,1,2,0.5,1,8,9,5,1,2,2,2,23,27,1,2024-25,Regular Season,1630224,Jalen Green
22024,1630224,0022400970,2025-03-15,HOU vs. CHI,W,38,11,25,0.44,5,13,0.385,1,2,0.5,2,4,6,3,0,1,1,3,28,4,1,2024-25,Regular Season,1630224,Jalen Green
22024,1630224,0022400985,2025-03-17,HOU vs. PHI,W,45,10,26,0.385,5,17,0.294,5,5,1.0,0,7,7,13,2,1,4,1,30,15,1,2024-25,Regular Season,1630224,Jalen Green
22024,1630224,0022400999,2025-03-19,HOU @ ORL,W,37,8,18,0.444,3,11,0.273,7,10,0.7,1,6,7,2,0,0,3,1,26,19,1,2024-25,Regular Season,1630224,Jalen Green
22024,1630224,0022401015,2025-03-21,HOU @ MIA,W,32,3,13,0.231,0,4,0.0,0,0,0.0,0,4,4,1,1,1,0,1,6,-7,1,2024-25,Regular Season,1630224,Jalen Green
22024,1630224,0022401035,2025-03-23,HOU vs. DEN,L,36,8,22,0.364,3,12,0.25,11,14,0.786,0,2,2,5,0,0,0,4,30,-6,1,2024-25,Regular Season,1630224,Jalen Green
22024,1630224,0022401049,2025-03-25,HOU vs. ATL,W,41,14,24,0.583,1,7,0.143,3,5,0.6,0,11,11,4,2,0,5,1,32,4,1,2024-25,Regular Season,1630224,Jalen Green
22024,1630224,0022401065,2025-03-27,HOU @ UTA,W,35,8,20,0.4,4,10,0.4,1,3,0.333,4,4,8,6,0,0,2,1,21,3,1,2024-25,Regular Season,1630224,Jalen Green
22024,1630224,0022401088,2025-03-30,HOU @ PHX,W,27,9,17,0.529,4,5,0.8,11,13,0.846,0,2,2,2,1,0,2,0,33,21,1,2024-25,Regular Season,1630224,Jalen Green
22024,1630224,0022401096,2025-03-31,HOU @ LAL,L,31,4,13,0.308,1,4,0.25,0,0,0.0,0,9,9,5,1,1,2,1,9,-11,1,2024-25,Regular Season,1630224,Jalen Green
22024,1630224,0022401107,2025-04-02,HOU vs. UTA,W,28,7,15,0.467,4,7,0.571,4,6,0.667,0,4,4,2,1,0,1,4,22,18,1,2024-25,Regular Season,1630224,Jalen Green
22024,1630224,0022401123,2025-04-04,HOU vs. OKC,W,38,11,24,0.458,3,10,0.3,9,10,0.9,1,3,4,5,2,1,3,1,34,15,1,2024-25,Regular Season,1630224,Jalen Green
22024,1630224,0022401143,2025-04-06,HOU @ GSW,W,34,9,19,0.474,3,7,0.429,0,2,0.0,0,3,3,5,2,1,3,2,21,7,1,2024-25,Regular Season,1630224,Jalen Green
22024,1630224,0022401166,2025-04-09,HOU @ LAC,L,15,2,7,0.286,1,2,0.5,0,0,0.0,0,0,0,3,0,0,4,0,5,-15,1,2024-25,Regular Season,1630224,Jalen Green
22024,1630224,0022401185,2025-04-11,HOU @ LAL,L,15,3,10,0.3,1,4,0.25,0,0,0.0,1,3,4,3,1,0,1,0,7,-9,1,2024-25,Regular Season,1630224,Jalen Green
22024,1630224,0022401193,2025-04-13,HOU vs. DEN,L,21,0,7,0.0,0,1,0.0,2,2,1.0,0,2,2,2,0,0,1,1,2,-17,1,2024-25,Regular Season,1630224,Jalen Green
42024,1630224,0042400151,2025-04-20,HOU vs. GSW,L,31,3,15,0.2,0,4,0.0,1,2,0.5,2,6,8,2,0,0,1,1,7,-5,1,2024-25,Playoffs,1630224,Jalen Green
42024,1630224,0042400152,2025-04-23,HOU vs. GSW,W,35,13,25,0.52,8,18,0.444,4,5,0.8,0,4,4,6,3,0,2,1,38,19,1,2024-25,Playoffs,1630224,Jalen Green
42024,1630224,0042400153,2025-04-26,HOU @ GSW,L,39,4,11,0.364,1,5,0.2,0,0,0.0,0,6,6,5,1,0,1,0,9,-14,1,2024-25,Playoffs,1630224,Jalen Green
42024,1630224,0042400154,2025-04-28,HOU @ GSW,L,25,3,8,0.375,1,5,0.2,1,3,0.333,0,3,3,1,0,0,5,3,8,-11,1,2024-25,Playoffs,1630224,Jalen Green
42024,1630224,0042400155,2025-04-30,HOU vs. GSW,W,28,3,8,0.375,2,4,0.5,3,5,0.6,0,8,8,2,0,0,0,0,11,20,1,2024-25,Playoffs,1630224,Jalen Green
42024,1630224,0042400156,2025-05-02,HOU @ GSW,W,32,3,11,0.273,1,6,0.167,5,6,0.833,1,4,5,3,0,1,1,1,12,20,1,2024-25,Playoffs,1630224,Jalen Green
42024,1630224,0042400157,2025-05-04,HOU vs. GSW,L,30,3,8,0.375,0,2,0.0,2,3,0.667,0,4,4,1,0,1,0,0,8,-6,1,2024-25,Playoffs,1630224,Jalen Green
22024,1630217,0022400070,2024-10-23,MEM @ UTA,W,27,8,20,0.4,4,10,0.4,4,4,1.0,0,4,4,4,1,1,1,4,24,-8,1,2024-25,Regular Season,1630217,Desmond Bane
22024,1630217,0022400082,2024-10-25,MEM @ HOU,L,29,8,16,0.5,0,4,0.0,1,2,0.5,1,2,3,4,2,2,2,3,17,-12,1,2024-25,Regular Season,1630217,Desmond Bane
22024,1630217,0022400092,2024-10-26,MEM vs. ORL,W,28,5,10,0.5,2,6,0.333,1,1,1.0,1,6,7,2,2,0,3,4,13,7,1,2024-25,Regular Season,1630217,Desmond Bane
22024,1630217,0022400108,2024-10-28,MEM vs. CHI,L,31,11,19,0.579,6,10,0.6,2,2,1.0,2,5,7,4,0,0,1,3,30,2,1,2024-25,Regular Season,1630217,Desmond Bane
22024,1630217,0022400124,2024-10-30,MEM vs. BKN,L,17,3,7,0.429,1,2,0.5,3,3,1.0,1,5,6,0,0,0,2,1,10,-10,1,2024-25,Regular Season,1630217,Desmond Bane
22024,1630217,0022400019,2024-11-15,MEM @ GSW,L,27,7,13,0.538,1,4,0.25,3,4,0.75,1,5,6,2,2,0,3,1,18,12,1,2024-25,Regular Season,1630217,Desmond Bane
22024,1630217,0022400238,2024-11-17,MEM vs. DEN,W,29,5,12,0.417,1,7,0.143,0,0,0.0,1,10,11,7,0,1,2,1,11,14,1,2024-25,Regular Season,1630217,Desmond Bane
22024,1630217,0022400023,2024-11-19,MEM vs. DEN,L,29,1,10,0.1,0,5,0.0,3,5,0.6,0,5,5,5,1,0,2,5,5,-24,1,2024-25,Regular Season,1630217,Desmond Bane
22024,1630217,0022400255,2024-11-20,MEM vs. PHI,W,35,8,18,0.444,5,11,0.455,0,0,0.0,1,9,10,6,1,1,4,2,21,14,1,2024-25,Regular Season,1630217,Desmond Bane
22024,1630217,0022400266,2024-11-23,MEM @ CHI,W,30,4,14,0.286,1,5,0.2,4,6,0.667,2,5,7,2,0,1,2,1,13,5,1,2024-25,Regular Season,1630217,Desmond Bane
22024,1630217,0022400282,2024-11-25,MEM vs. POR,W,24,2,8,0.25,1,4,0.25,3,4,0.75,0,7,7,2,0,1,2,3,8,9,1,2024-25,Regular Season,1630217,Desmond Bane
22024,1630217,0022400293,2024-11-27,MEM vs. DET,W,22,1,6,0.167,0,3,0.0,0,0,0.0,1,6,7,7,1,0,5,1,2,6,1,2024-25,Regular Season,1630217,Desmond Bane
22024,1630217,0022400042,2024-11-29,MEM vs. NOP,W,26,3,8,0.375,1,3,0.333,0,0,0.0,0,3,3,4,1,0,1,4,7,11,1,2024-25,Regular Season,1630217,Desmond Bane
22024,1630217,0022400306,2024-12-01,MEM vs. IND,W,30,7,15,0.467,2,8,0.25,0,0,0.0,0,6,6,6,1,0,1,4,16,18,1,2024-25,Regular Season,1630217,Desmond Bane
22024,1630217,0022400056,2024-12-03,MEM @ DAL,L,31,8,14,0.571,2,5,0.4,1,1,1.0,1,2,3,3,1,1,2,5,19,-1,1,2024-25,Regular Season,1630217,Desmond Bane
22024,1630217,0022400329,2024-12-05,MEM vs. SAC,W,32,6,10,0.6,2,4,0.5,4,4,1.0,2,6,8,7,1,0,3,2,18,15,1,2024-25,Regular Season,1630217,Desmond Bane
22024,1630217,0022400345,2024-12-07,MEM @ BOS,W,33,5,12,0.417,2,5,0.4,2,2,1.0,0,2,2,4,3,0,4,2,14,17,1,2024-25,Regular Season,1630217,Desmond Bane
22024,1630217,0022401211,2024-12-13,MEM vs. BKN,W,28,8,14,0.571,2,6,0.333,3,3,1.0,1,3,4,8,1,2,0,1,21,20,1,2024-25,Regular Season,1630217,Desmond Bane
22024,1630217,0022401220,2024-12-15,MEM @ LAL,L,28,3,8,0.375,0,2,0.0,1,1,1.0,2,5,7,7,0,0,1,4,7,-12,1,2024-25,Regular Season,1630217,Desmond Bane
22024,1630217,0022400366,2024-12-19,MEM vs. GSW,W,24,6,9,0.667,3,5,0.6,0,0,0.0,0,4,4,7,1,0,3,1,15,36,1,2024-25,Regular Season,1630217,Desmond Bane
22024,1630217,0022400378,2024-12-21,MEM @ ATL,W,27,7,12,0.583,4,8,0.5,5,5,1.0,0,5,5,8,4,0,2,3,23,20,1,2024-25,Regular Season,1630217,Desmond Bane
22024,1630217,0022400399,2024-12-23,MEM vs. LAC,L,32,7,15,0.467,3,7,0.429,4,5,0.8,3,6,9,7,2,0,4,3,21,0,1,2024-25,Regular Season,1630217,Desmond Bane
22024,1630217,0022400414,2024-12-26,MEM vs. TOR,W,23,8,13,0.615,3,6,0.5,0,0,0.0,0,5,5,2,0,1,2,3,19,22,1,2024-25,Regular Season,1630217,Desmond Bane
22024,1630217,0022400423,2024-12-27,MEM @ NOP,W,32,6,13,0.462,2,6,0.333,4,4,1.0,0,4,4,8,4,0,1,2,18,14,1,2024-25,Regular Season,1630217,Desmond Bane
22024,1630217,0022400440,2024-12-29,MEM @ OKC,L,29,7,15,0.467,3,8,0.375,5,6,0.833,1,8,9,4,0,0,2,2,22,-19,1,2024-25,Regular Season,1630217,Desmond Bane
22024,1630217,0022400453,2024-12-31,MEM @ PHX,W,37,13,25,0.52,4,8,0.5,1,3,0.333,1,4,5,7,0,1,4,4,31,2,1,2024-25,Regular Season,1630217,Desmond Bane
22024,1630217,0022400476,2025-01-03,MEM @ SAC,L,35,7,14,0.5,0,4,0.0,8,8,1.0,1,6,7,8,2,1,5,2,22,-1,1,2024-25,Regular Season,1630217,Desmond Bane
22024,1630217,0022400485,2025-01-04,MEM @ GSW,L,35,9,20,0.45,2,8,0.25,2,2,1.0,0,4,4,10,2,1,8,0,22,-10,1,2024-25,Regular Season,1630217,Desmond Bane
22024,1630217,0022400520,2025-01-09,MEM vs. HOU,L,27,6,10,0.6,2,5,0.4,2,3,0.667,0,4,4,4,2,0,4,4,16,-6,1,2024-25,Regular Season,1630217,Desmond Bane
22024,1630217,0022400535,2025-01-11,MEM @ MIN,W,32,8,14,0.571,4,8,0.5,1,1,1.0,0,5,5,5,2,0,3,2,21,4,1,2024-25,Regular Season,1630217,Desmond Bane
22024,1630217,0022400551,2025-01-13,MEM @ HOU,L,34,9,13,0.692,4,5,0.8,3,3,1.0,1,2,3,2,2,0,3,1,25,-11,1,2024-25,Regular Season,1630217,Desmond Bane
22024,1630217,0022400567,2025-01-15,MEM @ SAS,W,33,8,13,0.615,2,4,0.5,3,3,1.0,2,1,3,2,2,1,0,2,21,9,1,2024-25,Regular Season,1630217,Desmond Bane
22024,1630217,0022400582,2025-01-17,MEM @ SAS,W,33,10,17,0.588,2,6,0.333,0,0,0.0,1,5,6,14,3,0,3,3,22,23,1,2024-25,Regular Season,1630217,Desmond Bane
22024,1630217,0022400601,2025-01-20,MEM vs. MIN,W,37,7,14,0.5,4,6,0.667,4,4,1.0,2,4,6,5,2,0,1,0,22,16,1,2024-25,Regular Season,1630217,Desmond Bane
22024,1630217,0022400616,2025-01-22,MEM vs. CHA,W,34,10,15,0.667,4,7,0.571,0,0,0.0,0,2,2,8,0,1,0,3,24,17,1,2024-25,Regular Season,1630217,Desmond Bane
22024,1630217,0022400632,2025-01-24,MEM vs. NOP,W,34,9,18,0.5,2,7,0.286,0,0,0.0,0,0,0,14,0,0,2,1,20,23,1,2024-25,Regular Season,1630217,Desmond Bane
22024,1630217,0022400643,2025-01-25,MEM vs. UTA,W,29,7,11,0.636,2,3,0.667,1,2,0.5,2,7,9,6,1,0,2,3,17,12,1,2024-25,Regular Season,1630217,Desmond Bane
22024,1630217,0022400653,2025-01-27,MEM @ NYK,L,30,6,14,0.429,2,4,0.5,2,2,1.0,1,2,3,4,1,1,6,0,16,-35,1,2024-25,Regular Season,1630217,Desmond Bane
22024,1630217,0022400676,2025-01-30,MEM vs. HOU,W,40,11,24,0.458,0,2,0.0,2,3,0.667,2,10,12,6,0,0,2,2,24,12,1,2024-25,Regular Season,1630217,Desmond Bane
22024,1630217,0022400699,2025-02-02,MEM @ MIL,W,29,9,15,0.6,1,3,0.333,3,3,1.0,4,5,9,3,0,0,1,2,22,-7,1,2024-25,Regular Season,1630217,Desmond Bane
22024,1630217,0022400746,2025-02-08,MEM vs. OKC,L,36,7,15,0.467,3,7,0.429,3,3,1.0,0,9,9,5,2,0,3,2,20,-10,1,2024-25,Regular Season,1630217,Desmond Bane
22024,1630217,0022400767,2025-02-11,MEM @ PHX,W,35,6,13,0.462,2,5,0.4,6,7,0.857,0,8,8,4,1,0,3,4,20,13,1,2024-25,Regular Season,1630217,Desmond Bane
22024,1630217,0022400783,2025-02-12,MEM @ LAC,L,37,8,17,0.471,6,11,0.545,1,2,0.5,1,5,6,4,0,0,5,3,23,-10,1,2024-25,Regular Season,1630217,Desmond Bane
22024,1630217,0022400788,2025-02-20,MEM @ IND,L,33,9,16,0.563,3,5,0.6,2,2,1.0,0,5,5,7,0,2,3,4,23,-7,1,2024-25,Regular Season,1630217,Desmond Bane
22024,1630217,0022400798,2025-02-21,MEM @ ORL,W,36,5,13,0.385,2,6,0.333,4,5,0.8,0,7,7,2,2,0,3,3,16,-6,1,2024-25,Regular Season,1630217,Desmond Bane
22024,1630217,0022400819,2025-02-23,MEM @ CLE,L,35,2,13,0.154,0,7,0.0,3,3,1.0,1,4,5,8,1,1,1,1,7,-2,1,2024-25,Regular Season,1630217,Desmond Bane
22024,1630217,0022400832,2025-02-25,MEM vs. PHX,W,43,8,15,0.533,3,9,0.333,6,6,1.0,1,2,3,9,2,0,1,1,25,12,1,2024-25,Regular Season,1630217,Desmond Bane
22024,1630217,0022400856,2025-02-28,MEM vs. NYK,L,35,9,17,0.529,0,4,0.0,6,6,1.0,4,8,12,4,1,0,6,3,24,6,1,2024-25,Regular Season,1630217,Desmond Bane
22024,1630217,0022400878,2025-03-03,MEM vs. ATL,L,36,9,19,0.474,3,8,0.375,14,14,1.0,3,7,10,10,0,0,5,3,35,-3,1,2024-25,Regular Season,1630217,Desmond Bane
22024,1630217,0022400895,2025-03-05,MEM vs. OKC,L,33,5,14,0.357,1,3,0.333,4,5,0.8,0,6,6,1,1,1,1,1,15,2,1,2024-25,Regular Season,1630217,Desmond Bane
22024,1630217,0022400906,2025-03-07,MEM @ DAL,W,38,11,24,0.458,2,6,0.333,3,3,1.0,0,16,16,6,3,2,1,4,27,13,1,2024-25,Regular Season,1630217,Desmond Bane
22024,1630217,0022400923,2025-03-09,MEM @ NOP,W,38,13,23,0.565,2,8,0.25,2,2,1.0,1,8,9,8,2,0,2,3,30,4,1,2024-25,Regular Season,1630217,Desmond Bane
22024,1630217,0022400935,2025-03-10,MEM vs. PHX,W,34,4,11,0.364,1,3,0.333,1,2,0.5,1,6,7,3,0,1,2,3,10,-15,1,2024-25,Regular Season,1630217,Desmond Bane
22024,1630217,0022400950,2025-03-12,MEM vs. UTA,W,33,6,14,0.429,3,4,0.75,2,2,1.0,0,5,5,9,1,1,0,2,17,10,1,2024-25,Regular Season,1630217,Desmond Bane
22024,1630217,0022400962,2025-03-14,MEM vs. CLE,L,26,5,16,0.313,2,9,0.222,0,1,0.0,3,3,6,3,0,0,5,4,12,-24,1,2024-25,Regular Season,1630217,Desmond Bane
22024,1630217,0022400971,2025-03-15,MEM vs. MIA,W,30,9,16,0.563,4,5,0.8,0,0,0.0,0,10,10,8,2,0,2,1,22,32,1,2024-25,Regular Season,1630217,Desmond Bane
22024,1630217,0022400992,2025-03-17,MEM @ SAC,L,41,15,25,0.6,7,7,1.0,7,7,1.0,0,6,6,4,1,0,4,2,44,0,1,2024-25,Regular Season,1630217,Desmond Bane
22024,1630217,0022401008,2025-03-19,MEM @ POR,L,36,7,16,0.438,2,7,0.286,4,5,0.8,2,5,7,4,2,0,2,4,20,-15,1,2024-25,Regular Season,1630217,Desmond Bane
22024,1630217,0022401023,2025-03-21,MEM @ LAC,L,33,3,7,0.429,2,5,0.4,2,2,1.0,1,4,5,4,1,0,2,3,10,-26,1,2024-25,Regular Season,1630217,Desmond Bane
22024,1630217,0022401050,2025-03-25,MEM @ UTA,W,30,8,16,0.5,2,4,0.5,3,3,1.0,1,3,4,6,1,1,1,0,21,20,1,2024-25,Regular Season,1630217,Desmond Bane
22024,1630217,0022401064,2025-03-27,MEM @ OKC,L,32,1,12,0.083,1,9,0.111,0,0,0.0,1,1,2,6,1,0,3,3,3,-30,1,2024-25,Regular Season,1630217,Desmond Bane
22024,1630217,0022401078,2025-03-29,MEM vs. LAL,L,33,12,18,0.667,5,8,0.625,0,0,0.0,1,3,4,6,2,0,0,2,29,2,1,2024-25,Regular Season,1630217,Desmond Bane
22024,1630217,0022401093,2025-03-31,MEM vs. BOS,L,31,5,11,0.455,1,5,0.2,1,1,1.0,0,2,2,3,1,0,3,4,12,-16,1,2024-25,Regular Season,1630217,Desmond Bane
22024,1630217,0022401100,2025-04-01,MEM vs. GSW,L,35,6,15,0.4,4,10,0.4,3,3,1.0,0,4,4,5,2,1,3,0,19,-13,1,2024-25,Regular Season,1630217,Desmond Bane
22024,1630217,0022401114,2025-04-03,MEM @ MIA,W,36,6,23,0.261,1,9,0.111,4,4,1.0,2,7,9,6,1,0,0,2,17,-1,1,2024-25,Regular Season,1630217,Desmond Bane
22024,1630217,0022401129,2025-04-05,MEM @ DET,W,38,15,23,0.652,4,7,0.571,4,4,1.0,0,7,7,3,0,0,2,1,38,3,1,2024-25,Regular Season,1630217,Desmond Bane
22024,1630217,0022401146,2025-04-08,MEM @ CHA,W,25,6,11,0.545,3,5,0.6,4,4,1.0,0,5,5,3,0,0,1,2,19,25,1,2024-25,Regular Season,1630217,Desmond Bane
22024,1630217,0022401170,2025-04-10,MEM vs. MIN,L,39,11,18,0.611,6,10,0.6,0,0,0.0,0,6,6,9,1,1,3,3,28,-14,1,2024-25,Regular Season,1630217,Desmond Bane
22024,1630217,0022401180,2025-04-11,MEM @ DEN,L,34,9,19,0.474,3,8,0.375,3,3,1.0,1,5,6,1,1,0,3,2,24,-11,1,2024-25,Regular Season,1630217,Desmond Bane
42024,1630217,0042400141,2025-04-20,MEM @ OKC,L,27,3,12,0.25,1,6,0.167,2,2,1.0,0,2,2,0,0,0,4,0,9,-51,1,2024-25,Playoffs,1630217,Desmond Bane
42024,1630217,0042400142,2025-04-22,MEM @ OKC,L,37,7,17,0.412,2,7,0.286,3,3,1.0,2,10,12,4,1,1,1,2,19,-4,1,2024-25,Playoffs,1630217,Desmond Bane
42024,1630217,0042400143,2025-04-24,MEM vs. OKC,L,37,3,14,0.214,2,11,0.182,2,2,1.0,2,6,8,4,2,1,5,2,10,-10,1,2024-25,Playoffs,1630217,Desmond Bane
42024,1630217,0042400144,2025-04-26,MEM vs. OKC,L,38,7,20,0.35,2,8,0.25,7,8,0.875,1,4,5,5,0,0,5,5,23,-1,1,2024-25,Playoffs,1630217,Desmond Bane
22024,1628969,0022400061,2024-10-22,NYK @ BOS,L,35,7,13,0.538,2,7,0.286,0,1,0.0,0,0,0,2,0,0,1,0,16,-33,1,2024-25,Regular Season,1628969,Mikal Bridges
22024,1628969,0022400081,2024-10-25,NYK vs. IND,W,33,8,12,0.667,2,3,0.667,3,4,0.75,1,0,1,5,1,0,1,4,21,13,1,2024-25,Regular Season,1628969,Mikal Bridges
22024,1628969,0022400106,2024-10-28,NYK vs. CLE,L,40,9,15,0.6,1,4,0.25,0,0,0.0,4,2,6,3,2,1,2,4,19,-14,1,2024-25,Regular Season,1628969,Mikal Bridges
22024,1628969,0022400122,2024-10-30,NYK @ MIA,W,40,6,16,0.375,4,11,0.364,1,2,0.5,1,2,3,6,2,2,1,2,17,10,1,2024-25,Regular Season,1628969,Mikal Bridges
22024,1628969,0022400134,2024-11-01,NYK @ DET,W,35,6,13,0.462,3,6,0.5,0,0,0.0,0,7,7,3,3,1,0,0,15,31,1,2024-25,Regular Season,1628969,Mikal Bridges
22024,1628969,0022400161,2024-11-04,NYK @ HOU,L,40,6,14,0.429,3,8,0.375,0,1,0.0,1,2,3,0,1,0,4,0,15,-21,1,2024-25,Regular Season,1628969,Mikal Bridges
22024,1628969,0022400171,2024-11-06,NYK @ ATL,L,39,4,10,0.4,2,7,0.286,0,0,0.0,0,2,2,5,1,0,2,2,10,-15,1,2024-25,Regular Season,1628969,Mikal Bridges
22024,1628969,0022400189,2024-11-08,NYK vs. MIL,W,37,7,18,0.389,3,11,0.273,0,0,0.0,1,2,3,3,1,1,1,1,17,21,1,2024-25,Regular Season,1628969,Mikal Bridges
22024,1628969,0022400203,2024-11-10,NYK @ IND,L,42,4,11,0.364,0,6,0.0,0,0,0.0,3,4,7,4,0,1,2,4,8,-11,1,2024-25,Regular Season,1628969,Mikal Bridges
22024,1628969,0022400004,2024-11-12,NYK @ PHI,W,35,7,13,0.538,0,2,0.0,0,0,0.0,1,3,4,3,2,1,1,1,14,5,1,2024-25,Regular Season,1628969,Mikal Bridges
22024,1628969,0022400219,2024-11-13,NYK vs. CHI,L,43,8,15,0.533,1,4,0.25,3,3,1.0,0,6,6,5,1,0,3,0,20,2,1,2024-25,Regular Season,1628969,Mikal Bridges
22024,1628969,0022400014,2024-11-15,NYK vs. BKN,W,41,9,17,0.529,4,7,0.571,0,0,0.0,2,3,5,4,1,1,1,0,22,7,1,2024-25,Regular Season,1628969,Mikal Bridges
22024,1628969,0022400240,2024-11-17,NYK vs. BKN,W,45,9,18,0.5,3,10,0.3,0,0,0.0,2,4,6,1,1,1,1,2,21,16,1,2024-25,Regular Season,1628969,Mikal Bridges
22024,1628969,0022400246,2024-11-18,NYK vs. WAS,W,35,7,14,0.5,0,4,0.0,0,0,0.0,2,1,3,5,0,0,2,1,14,32,1,2024-25,Regular Season,1628969,Mikal Bridges
22024,1628969,0022400257,2024-11-20,NYK @ PHX,W,40,7,14,0.5,2,5,0.4,0,0,0.0,0,3,3,5,1,0,0,0,16,19,1,2024-25,Regular Season,1628969,Mikal Bridges
22024,1628969,0022400264,2024-11-23,NYK @ UTA,L,33,3,15,0.2,1,7,0.143,0,0,0.0,0,3,3,0,1,1,2,0,7,-1,1,2024-25,Regular Season,1628969,Mikal Bridges
22024,1628969,0022400283,2024-11-25,NYK @ DEN,W,36,6,16,0.375,2,8,0.25,0,0,0.0,0,2,2,6,0,0,0,1,14,18,1,2024-25,Regular Season,1628969,Mikal Bridges
22024,1628969,0022400292,2024-11-27,NYK @ DAL,L,39,8,19,0.421,4,10,0.4,0,0,0.0,2,3,5,0,0,0,2,1,20,-11,1,2024-25,Regular Season,1628969,Mikal Bridges
22024,1628969,0022400040,2024-11-29,NYK @ CHA,W,37,3,10,0.3,1,4,0.25,1,2,0.5,1,1,2,2,2,0,3,2,8,-14,1,2024-25,Regular Season,1628969,Mikal Bridges
22024,1628969,0022400308,2024-12-01,NYK vs. NOP,W,36,12,19,0.632,7,12,0.583,0,0,0.0,0,4,4,1,0,1,1,1,31,40,1,2024-25,Regular Season,1628969,Mikal Bridges
22024,1628969,0022400053,2024-12-03,NYK vs. ORL,W,36,8,13,0.615,2,6,0.333,1,1,1.0,0,2,2,5,2,0,2,3,19,33,1,2024-25,Regular Season,1628969,Mikal Bridges
22024,1628969,0022400327,2024-12-05,NYK vs. CHA,W,47,7,15,0.467,2,7,0.286,3,5,0.6,0,3,3,7,1,0,2,1,19,26,1,2024-25,Regular Season,1628969,Mikal Bridges
22024,1628969,0022400343,2024-12-07,NYK vs. DET,L,38,8,17,0.471,3,9,0.333,1,2,0.5,1,2,3,3,2,1,1,0,20,1,1,2024-25,Regular Season,1628969,Mikal Bridges
22024,1628969,0022400359,2024-12-09,NYK @ TOR,W,41,9,14,0.643,5,8,0.625,0,0,0.0,0,3,3,3,1,0,1,1,23,9,1,2024-25,Regular Season,1628969,Mikal Bridges
22024,1628969,0022401202,2024-12-11,NYK vs. ATL,L,38,9,17,0.529,1,5,0.2,0,0,0.0,2,2,4,2,0,1,2,2,19,-17,1,2024-25,Regular Season,1628969,Mikal Bridges
22024,1628969,0022401227,2024-12-15,NYK @ ORL,W,41,7,11,0.636,1,3,0.333,2,2,1.0,0,1,1,1,1,1,1,2,17,2,1,2024-25,Regular Season,1628969,Mikal Bridges
22024,1628969,0022400367,2024-12-19,NYK @ MIN,W,36,12,18,0.667,4,8,0.5,1,1,1.0,2,4,6,6,1,0,3,2,29,35,1,2024-25,Regular Season,1628969,Mikal Bridges
22024,1628969,0022400384,2024-12-21,NYK @ NOP,W,45,7,16,0.438,3,6,0.5,1,2,0.5,0,0,0,2,2,0,3,0,18,20,1,2024-25,Regular Season,1628969,Mikal Bridges
22024,1628969,0022400397,2024-12-23,NYK vs. TOR,W,41,5,10,0.5,4,8,0.5,0,0,0.0,0,1,1,4,1,0,2,0,14,1,1,2024-25,Regular Season,1628969,Mikal Bridges
22024,1628969,0022400405,2024-12-25,NYK vs. SAS,W,43,17,25,0.68,6,9,0.667,1,1,1.0,1,0,1,4,2,2,0,2,41,8,1,2024-25,Regular Season,1628969,Mikal Bridges
22024,1628969,0022400419,2024-12-27,NYK @ ORL,W,44,6,12,0.5,0,1,0.0,5,6,0.833,0,2,2,3,2,0,2,2,17,21,1,2024-25,Regular Season,1628969,Mikal Bridges
22024,1628969,0022400429,2024-12-28,NYK @ WAS,W,47,8,14,0.571,3,9,0.333,2,2,1.0,1,2,3,3,3,0,3,5,21,4,1,2024-25,Regular Season,1628969,Mikal Bridges
22024,1628969,0022400443,2024-12-30,NYK @ WAS,W,36,6,15,0.4,1,6,0.167,0,0,0.0,2,4,6,6,2,0,1,1,13,7,1,2024-25,Regular Season,1628969,Mikal Bridges
22024,1628969,0022400458,2025-01-01,NYK vs. UTA,W,44,12,17,0.706,2,5,0.4,1,2,0.5,0,1,1,0,0,1,0,2,27,13,1,2024-25,Regular Season,1628969,Mikal Bridges
22024,1628969,0022400473,2025-01-03,NYK @ OKC,L,41,10,19,0.526,4,11,0.364,0,0,0.0,1,2,3,2,1,1,2,1,24,-10,1,2024-25,Regular Season,1628969,Mikal Bridges
22024,1628969,0022400482,2025-01-04,NYK @ CHI,L,33,8,18,0.444,0,5,0.0,2,3,0.667,3,0,3,1,0,1,1,2,18,-21,1,2024-25,Regular Season,1628969,Mikal Bridges
22024,1628969,0022400496,2025-01-06,NYK vs. ORL,L,42,10,20,0.5,1,7,0.143,3,4,0.75,0,5,5,2,0,0,2,2,24,-8,1,2024-25,Regular Season,1628969,Mikal Bridges
22024,1628969,0022400511,2025-01-08,NYK vs. TOR,W,36,4,18,0.222,2,11,0.182,0,0,0.0,1,2,3,3,1,0,1,0,10,26,1,2024-25,Regular Season,1628969,Mikal Bridges
22024,1628969,0022400529,2025-01-10,NYK vs. OKC,L,32,0,9,0.0,0,7,0.0,0,0,0.0,0,1,1,2,0,0,0,1,0,-23,1,2024-25,Regular Season,1628969,Mikal Bridges
22024,1628969,0022400539,2025-01-12,NYK vs. MIL,W,37,2,5,0.4,1,4,0.25,1,2,0.5,1,1,2,6,0,2,1,1,6,17,1,2024-25,Regular Season,1628969,Mikal Bridges
22024,1628969,0022400549,2025-01-13,NYK vs. DET,L,37,9,13,0.692,6,8,0.75,3,3,1.0,1,1,2,1,0,1,1,3,27,-3,1,2024-25,Regular Season,1628969,Mikal Bridges
22024,1628969,0022400561,2025-01-15,NYK @ PHI,W,43,9,19,0.474,5,10,0.5,0,0,0.0,0,2,2,2,0,0,1,0,23,3,1,2024-25,Regular Season,1628969,Mikal Bridges
22024,1628969,0022400578,2025-01-17,NYK vs. MIN,L,39,6,17,0.353,3,7,0.429,0,0,0.0,3,1,4,5,0,0,1,1,15,-21,1,2024-25,Regular Season,1628969,Mikal Bridges
22024,1628969,0022400602,2025-01-20,NYK vs. ATL,W,27,12,17,0.706,1,2,0.5,1,1,1.0,1,0,1,4,0,0,5,3,26,1,1,2024-25,Regular Season,1628969,Mikal Bridges
22024,1628969,0022400606,2025-01-21,NYK @ BKN,W,34,3,13,0.231,2,6,0.333,2,2,1.0,0,1,1,2,2,0,0,1,10,8,1,2024-25,Regular Season,1628969,Mikal Bridges
22024,1628969,0022400641,2025-01-25,NYK vs. SAC,W,35,10,15,0.667,5,7,0.714,2,2,1.0,1,4,5,7,0,0,4,1,27,8,1,2024-25,Regular Season,1628969,Mikal Bridges
22024,1628969,0022400653,2025-01-27,NYK vs. MEM,W,34,12,19,0.632,2,6,0.333,2,2,1.0,1,4,5,6,1,2,2,2,28,43,1,2024-25,Regular Season,1628969,Mikal Bridges
22024,1628969,0022400668,2025-01-29,NYK vs. DEN,W,37,5,16,0.313,3,7,0.429,0,0,0.0,0,3,3,2,1,0,1,3,13,7,1,2024-25,Regular Season,1628969,Mikal Bridges
22024,1628969,0022400692,2025-02-01,NYK vs. LAL,L,33,7,14,0.5,2,4,0.5,0,0,0.0,1,1,2,3,1,1,0,2,16,-9,1,2024-25,Regular Season,1628969,Mikal Bridges
22024,1628969,0022400702,2025-02-03,NYK vs. HOU,W,39,9,18,0.5,2,7,0.286,2,4,0.5,1,2,3,4,1,2,1,0,22,29,1,2024-25,Regular Season,1628969,Mikal Bridges
22024,1628969,0022400713,2025-02-04,NYK @ TOR,W,41,7,13,0.538,1,4,0.25,2,2,1.0,0,2,2,2,2,0,4,2,17,14,1,2024-25,Regular Season,1628969,Mikal Bridges
22024,1628969,0022400748,2025-02-08,NYK vs. BOS,L,34,5,15,0.333,1,3,0.333,0,0,0.0,1,2,3,2,1,0,0,1,11,-11,1,2024-25,Regular Season,1628969,Mikal Bridges
22024,1628969,0022400765,2025-02-11,NYK @ IND,W,29,3,7,0.429,0,1,0.0,0,0,0.0,1,4,5,5,0,0,0,2,6,4,1,2024-25,Regular Season,1628969,Mikal Bridges
22024,1628969,0022400773,2025-02-12,NYK vs. ATL,W,43,5,8,0.625,1,2,0.5,0,0,0.0,0,3,3,4,2,2,1,3,11,4,1,2024-25,Regular Season,1628969,Mikal Bridges
22024,1628969,0022400792,2025-02-20,NYK vs. CHI,W,44,6,16,0.375,1,5,0.2,0,0,0.0,4,6,10,5,0,2,4,0,13,1,1,2024-25,Regular Season,1628969,Mikal Bridges
22024,1628969,0022400797,2025-02-21,NYK @ CLE,L,29,6,13,0.462,2,5,0.4,0,0,0.0,1,0,1,5,1,0,1,1,14,-22,1,2024-25,Regular Season,1628969,Mikal Bridges
22024,1628969,0022400811,2025-02-23,NYK @ BOS,L,28,6,13,0.462,2,6,0.333,0,0,0.0,0,0,0,1,1,0,1,2,14,-23,1,2024-25,Regular Season,1628969,Mikal Bridges
22024,1628969,0022400838,2025-02-26,NYK vs. PHI,W,41,12,18,0.667,3,5,0.6,1,2,0.5,0,2,2,3,2,1,1,1,28,1,1,2024-25,Regular Season,1628969,Mikal Bridges
22024,1628969,0022400856,2025-02-28,NYK @ MEM,W,33,7,14,0.5,0,5,0.0,1,2,0.5,0,2,2,3,0,2,0,1,15,1,1,2024-25,Regular Season,1628969,Mikal Bridges
22024,1628969,0022400869,2025-03-02,NYK @ MIA,W,28,2,11,0.182,1,6,0.167,0,0,0.0,1,3,4,8,0,0,0,0,5,-5,1,2024-25,Regular Season,1628969,Mikal Bridges
22024,1628969,0022400885,2025-03-04,NYK vs. GSW,L,36,7,15,0.467,1,5,0.2,0,0,0.0,1,3,4,4,0,1,1,3,15,-21,1,2024-25,Regular Season,1628969,Mikal Bridges
22024,1628969,0022400903,2025-03-06,NYK @ LAL,L,43,3,6,0.5,0,1,0.0,0,0,0.0,1,2,3,3,3,0,1,1,6,-12,1,2024-25,Regular Season,1628969,Mikal Bridges
22024,1628969,0022400911,2025-03-07,NYK @ LAC,L,43,8,12,0.667,0,1,0.0,6,6,1.0,2,2,4,5,0,1,4,2,22,-8,1,2024-25,Regular Season,1628969,Mikal Bridges
22024,1628969,0022400939,2025-03-10,NYK @ SAC,W,34,6,10,0.6,1,3,0.333,2,2,1.0,1,2,3,8,0,0,0,1,15,29,1,2024-25,Regular Season,1628969,Mikal Bridges
22024,1628969,0022400953,2025-03-12,NYK @ POR,W,41,13,21,0.619,2,4,0.5,5,6,0.833,0,4,4,4,1,1,3,5,33,2,1,2024-25,Regular Season,1628969,Mikal Bridges
22024,1628969,0022400974,2025-03-15,NYK @ GSW,L,38,8,14,0.571,1,3,0.333,2,2,1.0,0,6,6,3,0,0,4,1,19,2,1,2024-25,Regular Season,1628969,Mikal Bridges
22024,1628969,0022400984,2025-03-17,NYK vs. MIA,W,32,10,14,0.714,4,6,0.667,4,4,1.0,0,1,1,3,1,0,3,1,28,12,1,2024-25,Regular Season,1628969,Mikal Bridges
22024,1628969,0022401003,2025-03-19,NYK @ SAS,L,32,5,13,0.385,1,4,0.25,3,3,1.0,3,2,5,7,0,0,3,1,14,-3,1,2024-25,Regular Season,1628969,Mikal Bridges
22024,1628969,0022401010,2025-03-20,NYK @ CHA,L,33,5,11,0.455,0,4,0.0,6,8,0.75,0,4,4,6,3,0,1,0,16,-9,1,2024-25,Regular Season,1628969,Mikal Bridges
22024,1628969,0022401026,2025-03-22,NYK vs. WAS,W,38,10,20,0.5,4,8,0.5,3,3,1.0,3,3,6,4,3,1,5,0,27,25,1,2024-25,Regular Season,1628969,Mikal Bridges
22024,1628969,0022401048,2025-03-25,NYK vs. DAL,W,34,9,14,0.643,2,4,0.5,1,1,1.0,0,1,1,1,0,1,1,2,21,17,1,2024-25,Regular Season,1628969,Mikal Bridges
22024,1628969,0022401056,2025-03-26,NYK vs. LAC,L,40,7,16,0.438,1,5,0.2,2,2,1.0,0,4,4,9,1,0,2,2,17,2,1,2024-25,Regular Season,1628969,Mikal Bridges
22024,1628969,0022401070,2025-03-28,NYK @ MIL,W,38,12,24,0.5,2,6,0.333,0,0,0.0,0,3,3,5,2,0,1,0,26,3,1,2024-25,Regular Season,1628969,Mikal Bridges
22024,1628969,0022401082,2025-03-30,NYK vs. POR,W,40,12,22,0.545,2,6,0.333,2,2,1.0,0,2,2,7,0,1,3,4,28,14,1,2024-25,Regular Season,1628969,Mikal Bridges
22024,1628969,0022401098,2025-04-01,NYK vs. PHI,W,36,6,16,0.375,2,6,0.333,0,0,0.0,1,1,2,4,0,0,2,3,14,23,1,2024-25,Regular Season,1628969,Mikal Bridges
22024,1628969,0022401103,2025-04-02,NYK @ CLE,L,36,3,6,0.5,0,1,0.0,2,2,1.0,1,1,2,3,1,0,2,3,8,-18,1,2024-25,Regular Season,1628969,Mikal Bridges
22024,1628969,0022401128,2025-04-05,NYK @ ATL,W,33,9,13,0.692,2,3,0.667,0,0,0.0,1,2,3,5,0,0,1,2,20,24,1,2024-25,Regular Season,1628969,Mikal Bridges
22024,1628969,0022401140,2025-04-06,NYK vs. PHX,W,39,8,14,0.571,2,3,0.667,4,4,1.0,0,6,6,4,0,1,2,1,22,11,1,2024-25,Regular Season,1628969,Mikal Bridges
22024,1628969,0022401151,2025-04-08,NYK vs. BOS,L,38,6,15,0.4,2,6,0.333,0,0,0.0,1,3,4,4,0,1,2,4,14,-2,1,2024-25,Regular Season,1628969,Mikal Bridges
22024,1628969,0022401167,2025-04-10,NYK @ DET,L,33,7,10,0.7,1,2,0.5,2,2,1.0,1,1,2,7,2,1,3,3,17,-11,1,2024-25,Regular Season,1628969,Mikal Bridges
22024,1628969,0022401175,2025-04-11,NYK vs. CLE,L,36,6,13,0.462,1,5,0.2,4,5,0.8,2,0,2,8,1,0,0,2,17,-14,1,2024-25,Regular Season,1628969,Mikal Bridges
22024,1628969,0022401188,2025-04-13,NYK @ BKN,W,0,0,0,0.0,0,0,0.0,0,0,0.0,0,0,0,0,0,0,0,1,0,0,1,2024-25,Regular Season,1628969,Mikal Bridges
42024,1628969,0042400121,2025-04-19,NYK vs. DET,W,29,4,9,0.444,0,2,0.0,0,0,0.0,0,2,2,2,0,2,0,3,8,-16,1,2024-25,Playoffs,1628969,Mikal Bridges
42024,1628969,0042400122,2025-04-21,NYK vs. DET,L,38,8,18,0.444,3,11,0.273,0,0,0.0,1,4,5,0,3,0,1,2,19,1,1,2024-25,Playoffs,1628969,Mikal Bridges
42024,1628969,0042400123,2025-04-24,NYK @ DET,W,39,7,13,0.538,3,6,0.5,3,3,1.0,1,6,7,3,3,2,3,2,20,-4,1,2024-25,Playoffs,1628969,Mikal Bridges
42024,1628969,0042400124,2025-04-27,NYK @ DET,W,44,3,12,0.25,2,6,0.333,0,0,0.0,2,4,6,1,3,1,1,2,8,2,1,2024-25,Playoffs,1628969,Mikal Bridges
42024,1628969,0042400125,2025-04-29,NYK vs. DET,L,38,7,16,0.438,2,5,0.4,1,2,0.5,1,5,6,2,0,1,2,3,17,-14,1,2024-25,Playoffs,1628969,Mikal Bridges
42024,1628969,0042400126,2025-05-01,NYK @ DET,W,44,11,16,0.688,1,4,0.25,2,2,1.0,2,2,4,3,0,1,4,1,25,7,1,2024-25,Playoffs,1628969,Mikal Bridges
42024,1628969,0042400211,2025-05-05,NYK @ BOS,W,51,3,13,0.231,2,5,0.4,0,0,0.0,0,6,6,7,3,2,1,2,8,3,1,2024-25,Playoffs,1628969,Mikal Bridges
42024,1628969,0042400212,2025-05-07,NYK @ BOS,W,43,6,18,0.333,2,8,0.25,0,0,0.0,0,7,7,5,3,0,2,2,14,-6,1,2024-25,Playoffs,1628969,Mikal Bridges
42024,1628969,0042400213,2025-05-10,NYK vs. BOS,L,38,6,10,0.6,0,2,0.0,0,0,0.0,1,2,3,2,2,0,2,2,12,-19,1,2024-25,Playoffs,1628969,Mikal Bridges
42024,1628969,0042400214,2025-05-12,NYK vs. BOS,W,44,11,21,0.524,1,6,0.167,0,0,0.0,1,6,7,3,4,1,3,1,23,14,1,2024-25,Playoffs,1628969,Mikal Bridges
42024,1628969,0042400215,2025-05-14,NYK @ BOS,L,40,4,14,0.286,1,3,0.333,0,0,0.0,0,2,2,3,1,1,2,0,9,-25,1,2024-25,Playoffs,1628969,Mikal Bridges
42024,1628969,0042400216,2025-05-16,NYK vs. BOS,W,30,9,15,0.6,4,6,0.667,0,0,0.0,3,1,4,3,1,2,2,5,22,25,1,2024-25,Playoffs,1628969,Mikal Bridges
42024,1628969,0042400301,2025-05-21,NYK vs. IND,L,46,8,16,0.5,0,1,0.0,0,2,0.0,4,2,6,5,1,2,3,0,16,-15,1,2024-25,Playoffs,1628969,Mikal Bridges
42024,1628969,0042400302,2025-05-23,NYK vs. IND,L,45,9,18,0.5,1,3,0.333,1,2,0.5,1,6,7,2,2,0,2,3,20,-7,1,2024-25,Playoffs,1628969,Mikal Bridges
42024,1628969,0042400303,2025-05-25,NYK @ IND,W,37,6,18,0.333,1,6,0.167,2,2,1.0,2,0,2,1,2,0,1,2,15,2,1,2024-25,Playoffs,1628969,Mikal Bridges
42024,1628969,0042400304,2025-05-27,NYK @ IND,L,34,6,15,0.4,4,5,0.8,1,1,1.0,0,3,3,2,0,0,3,4,17,-13,1,2024-25,Playoffs,1628969,Mikal Bridges
42024,1628969,0042400305,2025-05-29,NYK vs. IND,W,34,6,12,0.5,0,3,0.0,0,0,0.0,1,2,3,5,1,0,1,1,12,13,1,2024-25,Playoffs,1628969,Mikal Bridges
42024,1628969,0042400306,2025-05-31,NYK @ IND,L,32,6,9,0.667,1,2,0.5,2,2,1.0,0,1,1,4,1,2,5,4,15,-17,1,2024-25,Playoffs,1628969,Mikal Bridges
