SEASON_ID,Player_ID,Game_ID,GAME_DATE,MATCHUP,WL,MIN,FGM,FGA,FG_PCT,FG3M,FG3A,FG3_PCT,FTM,FTA,FT_PCT,OREB,DREB,REB,AST,STL,BLK,TOV,PF,PTS,PLUS_MINUS,VIDEO_AVAILABLE,SEASON,SEASON_TYPE,PLAYER_ID,PLAYER_NAME
22023,2544,0022300061,2023-10-24,LAL @ DEN,L,29,10,16,0.625,1,4,0.25,0,1,0.0,1,7,8,5,1,0,0,1,21,7,1,2023-24,Regular Season,2544,LeBron James
22023,2544,0022300076,2023-10-26,LAL vs. PHX,W,35,7,14,0.5,1,5,0.2,6,8,0.75,1,7,8,9,2,2,5,1,21,22,1,2023-24,Regular Season,2544,LeBron James
22023,2544,0022300100,2023-10-29,LAL @ SAC,L,39,11,19,0.579,3,8,0.375,2,6,0.333,0,15,15,8,0,0,8,2,27,-5,1,2023-24,Regular Season,2544,LeBron James
22023,2544,0022300111,2023-10-30,LAL vs. ORL,W,33,7,17,0.412,2,6,0.333,3,4,0.75,0,3,3,4,3,1,5,0,19,5,1,2023-24,Regular Season,2544,LeBron James
22023,2544,0022300127,2023-11-01,LAL vs. LAC,W,42,13,19,0.684,4,8,0.5,5,10,0.5,0,12,12,7,1,2,4,3,35,6,1,2023-24,Regular Season,2544,LeBron James
22023,2544,0022300134,2023-11-04,LAL @ ORL,L,35,8,15,0.533,2,5,0.4,6,7,0.857,1,8,9,5,3,0,3,1,24,12,1,2023-24,Regular Season,2544,LeBron James
22023,2544,0022300150,2023-11-06,LAL @ MIA,L,37,13,23,0.565,0,4,0.0,4,4,1.0,0,4,4,3,1,3,5,4,30,6,1,2023-24,Regular Season,2544,LeBron James
22023,2544,0022300163,2023-11-08,LAL @ HOU,L,27,7,13,0.538,0,2,0.0,4,5,0.8,1,5,6,2,0,0,3,1,18,-24,1,2023-24,Regular Season,2544,LeBron James
22023,2544,0022300015,2023-11-10,LAL @ PHX,W,36,11,17,0.647,3,4,0.75,7,11,0.636,1,10,11,6,1,1,4,1,32,2,1,2023-24,Regular Season,2544,LeBron James
22023,2544,0022300026,2023-11-14,LAL vs. MEM,W,23,6,11,0.545,3,6,0.5,1,2,0.5,0,9,9,6,1,0,4,1,16,15,1,2023-24,Regular Season,2544,LeBron James
22023,2544,0022300198,2023-11-15,LAL vs. SAC,L,35,9,15,0.6,3,7,0.429,7,8,0.875,2,8,10,12,4,1,6,1,28,0,1,2023-24,Regular Season,2544,LeBron James
22023,2544,0022300036,2023-11-17,LAL @ POR,W,35,13,22,0.591,5,9,0.556,4,6,0.667,0,5,5,9,2,0,3,3,35,19,1,2023-24,Regular Season,2544,LeBron James
22023,2544,0022300216,2023-11-19,LAL vs. HOU,W,40,14,19,0.737,2,5,0.4,7,9,0.778,1,5,6,8,3,0,2,0,37,2,1,2023-24,Regular Season,2544,LeBron James
22023,2544,0022300042,2023-11-21,LAL vs. UTA,W,24,6,10,0.6,3,5,0.6,2,2,1.0,1,6,7,9,0,0,2,0,17,14,1,2023-24,Regular Season,2544,LeBron James
22023,2544,0022300238,2023-11-22,LAL vs. DAL,L,36,9,19,0.474,4,9,0.444,4,7,0.571,2,7,9,7,0,0,3,0,26,7,1,2023-24,Regular Season,2544,LeBron James
22023,2544,0022300242,2023-11-25,LAL @ CLE,W,36,8,23,0.348,1,9,0.111,5,7,0.714,1,5,6,6,2,2,4,1,22,2,1,2023-24,Regular Season,2544,LeBron James
22023,2544,0022300255,2023-11-27,LAL @ PHI,L,30,8,12,0.667,1,1,1.0,1,2,0.5,0,0,0,5,1,1,1,0,18,-30,1,2023-24,Regular Season,2544,LeBron James
22023,2544,0022300258,2023-11-29,LAL @ DET,W,29,9,19,0.474,2,6,0.333,5,5,1.0,2,6,8,3,0,0,1,0,25,26,1,2023-24,Regular Season,2544,LeBron James
22023,2544,0022300271,2023-11-30,LAL @ OKC,L,35,7,12,0.583,4,8,0.5,3,4,0.75,2,10,12,6,1,1,5,1,21,-18,1,2023-24,Regular Season,2544,LeBron James
22023,2544,0022300291,2023-12-02,LAL vs. HOU,W,35,7,17,0.412,0,4,0.0,2,5,0.4,0,4,4,7,1,1,5,0,16,16,1,2023-24,Regular Season,2544,LeBron James
22023,2544,0022301203,2023-12-05,LAL vs. PHX,W,40,12,25,0.48,2,4,0.5,5,6,0.833,3,5,8,11,5,0,2,3,31,12,1,2023-24,Regular Season,2544,LeBron James
22023,2544,0022301230,2023-12-07,LAL vs. NOP,W,23,9,12,0.75,4,4,1.0,8,8,1.0,0,5,5,8,0,0,0,1,30,36,1,2023-24,Regular Season,2544,LeBron James
22023,2544,0022300306,2023-12-12,LAL @ DAL,L,40,14,27,0.519,3,8,0.375,2,3,0.667,2,6,8,9,3,1,4,1,33,-4,1,2023-24,Regular Season,2544,LeBron James
22023,2544,0022300331,2023-12-15,LAL @ SAS,L,36,7,17,0.412,2,6,0.333,7,10,0.7,2,5,7,14,2,0,2,1,23,-28,1,2023-24,Regular Season,2544,LeBron James
22023,2544,0022300359,2023-12-18,LAL vs. NYK,L,39,10,23,0.435,2,8,0.25,3,4,0.75,1,10,11,11,1,0,2,1,25,-13,1,2023-24,Regular Season,2544,LeBron James
22023,2544,0022300370,2023-12-20,LAL @ CHI,L,37,10,18,0.556,1,3,0.333,4,4,1.0,2,8,10,9,1,2,5,0,25,-11,1,2023-24,Regular Season,2544,LeBron James
22023,2544,0022300397,2023-12-23,LAL @ OKC,W,37,13,20,0.65,5,5,1.0,9,9,1.0,2,5,7,7,2,2,3,0,40,10,1,2023-24,Regular Season,2544,LeBron James
22023,2544,0022300403,2023-12-25,LAL vs. BOS,L,37,5,14,0.357,1,2,0.5,5,6,0.833,0,9,9,8,0,0,3,1,16,-11,1,2023-24,Regular Season,2544,LeBron James
22023,2544,0022300428,2023-12-28,LAL vs. CHA,W,25,7,13,0.538,2,5,0.4,1,1,1.0,0,4,4,11,0,0,3,0,17,1,1,2023-24,Regular Season,2544,LeBron James
22023,2544,0022300443,2023-12-30,LAL @ MIN,L,39,10,21,0.476,1,4,0.25,5,7,0.714,0,3,3,6,3,1,1,2,26,-5,1,2023-24,Regular Season,2544,LeBron James
22023,2544,0022300446,2023-12-31,LAL @ NOP,L,37,12,24,0.5,3,7,0.429,7,8,0.875,0,5,5,8,0,1,4,2,34,-11,1,2023-24,Regular Season,2544,LeBron James
22023,2544,0022300475,2024-01-03,LAL vs. MIA,L,38,6,18,0.333,0,6,0.0,0,0,0.0,0,6,6,9,0,0,2,2,12,-20,1,2023-24,Regular Season,2544,LeBron James
22023,2544,0022300491,2024-01-05,LAL vs. MEM,L,39,11,24,0.458,4,9,0.444,6,10,0.6,2,3,5,7,5,0,4,0,32,-8,1,2023-24,Regular Season,2544,LeBron James
22023,2544,0022300505,2024-01-07,LAL vs. LAC,W,38,11,19,0.579,1,3,0.333,2,3,0.667,1,7,8,7,1,0,4,2,25,5,1,2023-24,Regular Season,2544,LeBron James
22023,2544,0022300516,2024-01-09,LAL vs. TOR,W,35,8,17,0.471,2,5,0.4,4,6,0.667,0,5,5,12,1,1,3,0,22,0,1,2023-24,Regular Season,2544,LeBron James
22023,2544,0022300531,2024-01-11,LAL vs. PHX,L,24,3,11,0.273,0,4,0.0,4,7,0.571,0,5,5,9,1,0,4,1,10,-25,1,2023-24,Regular Season,2544,LeBron James
22023,2544,0022300565,2024-01-15,LAL vs. OKC,W,39,12,20,0.6,1,2,0.5,0,1,0.0,0,7,7,6,0,0,5,1,25,2,1,2023-24,Regular Season,2544,LeBron James
22023,2544,0022300577,2024-01-17,LAL vs. DAL,W,33,10,19,0.526,3,7,0.429,2,2,1.0,1,7,8,8,1,0,3,1,25,20,1,2023-24,Regular Season,2544,LeBron James
22023,2544,0022300591,2024-01-19,LAL vs. BKN,L,34,9,22,0.409,2,5,0.4,4,5,0.8,5,6,11,5,0,0,4,1,24,-13,1,2023-24,Regular Season,2544,LeBron James
22023,2544,0022300605,2024-01-21,LAL vs. POR,W,31,8,16,0.5,3,8,0.375,9,10,0.9,0,5,5,5,0,0,3,2,28,28,1,2023-24,Regular Season,2544,LeBron James
22023,2544,0022300633,2024-01-25,LAL vs. CHI,W,36,10,19,0.526,3,4,0.75,2,2,1.0,0,4,4,12,2,0,5,2,25,14,1,2023-24,Regular Season,2544,LeBron James
22023,2544,0022300650,2024-01-27,LAL @ GSW,W,48,14,25,0.56,2,4,0.5,6,6,1.0,1,19,20,12,0,0,3,2,36,-6,1,2023-24,Regular Season,2544,LeBron James
22023,2544,0022300662,2024-01-29,LAL @ HOU,L,37,9,15,0.6,2,5,0.4,3,8,0.375,0,6,6,10,1,1,1,4,23,-11,1,2023-24,Regular Season,2544,LeBron James
22023,2544,0022300669,2024-01-30,LAL @ ATL,L,36,7,17,0.412,2,6,0.333,4,9,0.444,2,7,9,8,1,1,3,1,20,-6,1,2023-24,Regular Season,2544,LeBron James
22023,2544,0022300701,2024-02-03,LAL @ NYK,W,40,10,19,0.526,2,5,0.4,2,2,1.0,1,4,5,5,2,1,1,1,24,11,1,2023-24,Regular Season,2544,LeBron James
22023,2544,0022300713,2024-02-05,LAL @ CHA,W,40,12,22,0.545,0,5,0.0,2,3,0.667,0,4,4,7,1,1,4,2,26,2,1,2023-24,Regular Season,2544,LeBron James
22023,2544,0022300740,2024-02-08,LAL vs. DEN,L,35,9,20,0.45,2,6,0.333,5,5,1.0,1,8,9,7,1,1,2,0,25,-6,1,2023-24,Regular Season,2544,LeBron James
22023,2544,0022300747,2024-02-09,LAL vs. NOP,W,38,6,13,0.462,2,2,1.0,7,8,0.875,1,3,4,14,1,1,2,2,21,15,1,2023-24,Regular Season,2544,LeBron James
22023,2544,0022300776,2024-02-13,LAL vs. DET,W,31,9,15,0.6,3,6,0.5,4,4,1.0,0,1,1,8,0,0,4,0,25,9,1,2023-24,Regular Season,2544,LeBron James
22023,2544,0022300813,2024-02-23,LAL vs. SAS,W,34,13,22,0.591,2,3,0.667,2,2,1.0,1,6,7,9,1,0,2,0,30,21,1,2023-24,Regular Season,2544,LeBron James
22023,2544,0022300818,2024-02-25,LAL @ PHX,L,37,12,19,0.632,3,6,0.5,1,4,0.25,1,6,7,12,2,1,3,3,28,-8,1,2023-24,Regular Season,2544,LeBron James
22023,2544,0022300848,2024-02-28,LAL @ LAC,W,37,13,21,0.619,7,12,0.583,1,1,1.0,1,5,6,8,0,2,3,2,34,11,1,2023-24,Regular Season,2544,LeBron James
22023,2544,0022300856,2024-02-29,LAL vs. WAS,W,39,12,24,0.5,2,5,0.4,5,7,0.714,0,4,4,9,1,1,4,1,31,-5,1,2023-24,Regular Season,2544,LeBron James
22023,2544,0022300869,2024-03-02,LAL vs. DEN,L,37,12,20,0.6,2,5,0.4,0,2,0.0,0,4,4,9,3,0,3,1,26,-1,1,2023-24,Regular Season,2544,LeBron James
22023,2544,0022300884,2024-03-04,LAL vs. OKC,W,31,7,14,0.5,1,3,0.333,4,5,0.8,1,10,11,8,1,0,3,1,19,14,1,2023-24,Regular Season,2544,LeBron James
22023,2544,0022300901,2024-03-06,LAL vs. SAC,L,36,10,16,0.625,1,4,0.25,10,10,1.0,0,5,5,13,1,0,3,0,31,-3,1,2023-24,Regular Season,2544,LeBron James
22023,2544,0022300932,2024-03-10,LAL vs. MIN,W,38,10,16,0.625,2,4,0.5,7,9,0.778,0,8,8,9,0,0,4,1,29,14,1,2023-24,Regular Season,2544,LeBron James
22023,2544,0022300954,2024-03-13,LAL @ SAC,L,40,6,16,0.375,2,8,0.25,4,6,0.667,1,12,13,9,2,0,5,3,18,-10,1,2023-24,Regular Season,2544,LeBron James
22023,2544,0022300973,2024-03-16,LAL vs. GSW,L,38,15,23,0.652,3,5,0.6,7,8,0.875,3,5,8,9,1,1,4,1,40,-6,1,2023-24,Regular Season,2544,LeBron James
22023,2544,0022300990,2024-03-18,LAL vs. ATL,W,29,10,14,0.714,2,5,0.4,3,3,1.0,0,7,7,10,0,0,2,0,25,20,1,2023-24,Regular Season,2544,LeBron James
22023,2544,0022301018,2024-03-22,LAL vs. PHI,W,38,7,15,0.467,1,3,0.333,5,7,0.714,0,8,8,6,0,1,8,1,20,7,1,2023-24,Regular Season,2544,LeBron James
22023,2544,0022301032,2024-03-24,LAL vs. IND,W,38,8,19,0.421,2,4,0.5,8,8,1.0,1,4,5,10,1,1,3,1,26,12,1,2023-24,Regular Season,2544,LeBron James
22023,2544,0022301055,2024-03-27,LAL @ MEM,W,35,8,14,0.571,0,1,0.0,7,11,0.636,0,14,14,12,1,0,4,1,23,33,1,2023-24,Regular Season,2544,LeBron James
22023,2544,0022301063,2024-03-29,LAL @ IND,L,35,6,12,0.5,0,3,0.0,4,4,1.0,1,9,10,8,0,0,5,1,16,-13,1,2023-24,Regular Season,2544,LeBron James
22023,2544,0022301078,2024-03-31,LAL @ BKN,W,37,13,17,0.765,9,10,0.9,5,6,0.833,1,6,7,5,0,0,4,0,40,22,1,2023-24,Regular Season,2544,LeBron James
22023,2544,0022301094,2024-04-02,LAL @ TOR,W,29,10,12,0.833,1,1,1.0,2,5,0.4,0,4,4,9,0,0,1,0,23,13,1,2023-24,Regular Season,2544,LeBron James
22023,2544,0022301103,2024-04-03,LAL @ WAS,W,36,9,18,0.5,0,1,0.0,7,9,0.778,2,5,7,9,3,0,4,2,25,9,1,2023-24,Regular Season,2544,LeBron James
22023,2544,0022301127,2024-04-06,LAL vs. CLE,W,36,10,18,0.556,1,5,0.2,3,5,0.6,0,5,5,12,1,1,5,1,24,10,1,2023-24,Regular Season,2544,LeBron James
22023,2544,0022301155,2024-04-09,LAL vs. GSW,L,36,14,22,0.636,1,3,0.333,4,5,0.8,1,6,7,11,2,0,4,0,33,-6,1,2023-24,Regular Season,2544,LeBron James
22023,2544,0022301177,2024-04-12,LAL @ MEM,W,41,13,20,0.65,3,7,0.429,8,11,0.727,2,7,9,5,2,0,8,1,37,-3,1,2023-24,Regular Season,2544,LeBron James
22023,2544,0022301195,2024-04-14,LAL @ NOP,W,38,11,20,0.55,0,2,0.0,6,6,1.0,2,9,11,17,5,1,4,0,28,19,1,2023-24,Regular Season,2544,LeBron James
42023,2544,0042300151,2024-04-20,LAL @ DEN,L,41,10,16,0.625,3,5,0.6,4,5,0.8,2,4,6,8,1,1,7,1,27,-9,1,2023-24,Playoffs,2544,LeBron James
42023,2544,0042300152,2024-04-22,LAL @ DEN,L,38,9,19,0.474,3,6,0.5,5,7,0.714,0,8,8,12,2,2,2,3,26,2,1,2023-24,Playoffs,2544,LeBron James
42023,2544,0042300153,2024-04-25,LAL vs. DEN,L,42,12,20,0.6,1,6,0.167,1,2,0.5,0,6,6,9,2,1,3,3,26,-8,1,2023-24,Playoffs,2544,LeBron James
42023,2544,0042300154,2024-04-27,LAL vs. DEN,W,39,14,23,0.609,0,2,0.0,2,2,1.0,1,4,5,4,3,1,6,0,30,1,1,2023-24,Playoffs,2544,LeBron James
42023,2544,0042300155,2024-04-29,LAL @ DEN,L,44,11,21,0.524,3,7,0.429,5,7,0.714,1,8,9,11,4,0,1,4,30,3,1,2023-24,Playoffs,2544,LeBron James
22023,201939,0022300062,2023-10-24,GSW vs. PHX,L,31,8,20,0.4,4,14,0.286,7,7,1.0,1,4,5,1,1,0,2,5,27,-9,1,2023-24,Regular Season,201939,Stephen Curry
22023,201939,0022300087,2023-10-27,GSW @ SAC,W,35,14,19,0.737,7,10,0.7,6,6,1.0,1,3,4,4,2,0,4,0,41,10,1,2023-24,Regular Season,201939,Stephen Curry
22023,201939,0022300096,2023-10-29,GSW @ HOU,W,31,6,16,0.375,6,14,0.429,6,6,1.0,1,6,7,6,0,1,1,1,24,-2,1,2023-24,Regular Season,201939,Stephen Curry
22023,201939,0022300108,2023-10-30,GSW @ NOP,W,30,15,22,0.682,7,13,0.538,5,7,0.714,0,5,5,5,2,0,3,1,42,13,1,2023-24,Regular Season,201939,Stephen Curry
22023,201939,0022300126,2023-11-01,GSW vs. SAC,W,32,7,15,0.467,4,10,0.4,3,3,1.0,1,4,5,3,0,0,7,3,21,-6,1,2023-24,Regular Season,201939,Stephen Curry
22023,201939,0022300005,2023-11-03,GSW @ OKC,W,31,9,15,0.6,5,10,0.5,7,7,1.0,3,5,8,7,2,0,3,1,30,5,1,2023-24,Regular Season,201939,Stephen Curry
22023,201939,0022300142,2023-11-05,GSW @ CLE,L,31,8,16,0.5,7,11,0.636,5,6,0.833,0,2,2,4,1,0,6,0,28,-6,1,2023-24,Regular Season,201939,Stephen Curry
22023,201939,0022300145,2023-11-06,GSW @ DET,W,33,12,26,0.462,7,17,0.412,3,4,0.75,0,2,2,4,0,0,3,1,34,17,1,2023-24,Regular Season,201939,Stephen Curry
22023,201939,0022300169,2023-11-08,GSW @ DEN,L,34,6,17,0.353,6,13,0.462,5,5,1.0,1,4,5,4,1,0,3,2,23,-10,1,2023-24,Regular Season,201939,Stephen Curry
22023,201939,0022300176,2023-11-11,GSW vs. CLE,L,33,9,24,0.375,4,14,0.286,8,8,1.0,1,2,3,2,1,1,4,1,30,-8,1,2023-24,Regular Season,201939,Stephen Curry
22023,201939,0022300186,2023-11-12,GSW vs. MIN,L,36,11,25,0.44,5,13,0.385,11,12,0.917,1,4,5,3,1,0,5,2,38,-4,1,2023-24,Regular Season,201939,Stephen Curry
22023,201939,0022300207,2023-11-18,GSW vs. OKC,L,40,8,21,0.381,5,11,0.455,4,4,1.0,0,7,7,3,0,0,2,2,25,0,1,2023-24,Regular Season,201939,Stephen Curry
22023,201939,0022300224,2023-11-20,GSW vs. HOU,W,35,8,14,0.571,5,9,0.556,11,12,0.917,0,5,5,1,0,0,4,2,32,-3,1,2023-24,Regular Season,201939,Stephen Curry
22023,201939,0022300236,2023-11-22,GSW @ PHX,L,28,6,15,0.4,1,8,0.125,3,3,1.0,0,3,3,6,0,0,2,2,16,-17,1,2023-24,Regular Season,201939,Stephen Curry
22023,201939,0022300051,2023-11-24,GSW vs. SAS,W,35,11,20,0.55,7,14,0.5,6,6,1.0,0,3,3,6,1,0,6,2,35,4,1,2023-24,Regular Season,201939,Stephen Curry
22023,201939,0022300060,2023-11-28,GSW @ SAC,L,37,8,20,0.4,4,12,0.333,9,9,1.0,3,7,10,6,0,1,5,5,29,7,1,2023-24,Regular Season,201939,Stephen Curry
22023,201939,0022300273,2023-11-30,GSW vs. LAC,W,33,8,15,0.533,3,9,0.333,7,9,0.778,0,7,7,8,1,1,2,2,26,-4,1,2023-24,Regular Season,201939,Stephen Curry
22023,201939,0022300280,2023-12-02,GSW @ LAC,L,37,7,18,0.389,4,9,0.444,4,4,1.0,1,3,4,11,0,0,2,0,22,2,1,2023-24,Regular Season,201939,Stephen Curry
22023,201939,0022301214,2023-12-06,GSW vs. POR,W,34,8,18,0.444,5,13,0.385,10,11,0.909,0,5,5,1,0,0,4,2,31,4,1,2023-24,Regular Season,201939,Stephen Curry
22023,201939,0022301222,2023-12-08,GSW @ OKC,L,40,10,20,0.5,6,12,0.5,8,8,1.0,0,6,6,3,1,0,3,0,34,-5,1,2023-24,Regular Season,201939,Stephen Curry
22023,201939,0022300308,2023-12-12,GSW @ PHX,L,32,8,24,0.333,4,15,0.267,4,4,1.0,0,5,5,4,3,0,1,2,24,-15,1,2023-24,Regular Season,201939,Stephen Curry
22023,201939,0022300325,2023-12-14,GSW @ LAC,L,34,5,17,0.294,3,13,0.231,4,4,1.0,0,4,4,4,0,0,1,3,17,-3,1,2023-24,Regular Season,201939,Stephen Curry
22023,201939,0022300339,2023-12-16,GSW vs. BKN,W,35,14,22,0.636,6,8,0.75,3,3,1.0,0,3,3,1,0,3,3,1,37,7,1,2023-24,Regular Season,201939,Stephen Curry
22023,201939,0022300348,2023-12-17,GSW @ POR,W,31,2,12,0.167,0,8,0.0,3,4,0.75,0,2,2,8,1,1,4,1,7,14,1,2023-24,Regular Season,201939,Stephen Curry
22023,201939,0022300362,2023-12-19,GSW vs. BOS,W,38,11,21,0.524,6,11,0.545,5,5,1.0,0,3,3,6,0,0,4,5,33,8,1,2023-24,Regular Season,201939,Stephen Curry
22023,201939,0022300386,2023-12-22,GSW vs. WAS,W,27,9,18,0.5,8,13,0.615,4,5,0.8,0,4,4,7,0,1,2,0,30,-1,1,2023-24,Regular Season,201939,Stephen Curry
22023,201939,0022300399,2023-12-23,GSW vs. POR,W,30,11,18,0.611,2,7,0.286,3,3,1.0,0,3,3,2,0,0,1,1,27,4,1,2023-24,Regular Season,201939,Stephen Curry
22023,201939,0022300402,2023-12-25,GSW @ DEN,L,34,7,21,0.333,3,13,0.231,1,1,1.0,1,1,2,4,1,1,3,4,18,-26,1,2023-24,Regular Season,201939,Stephen Curry
22023,201939,0022300426,2023-12-28,GSW vs. MIA,L,32,3,15,0.2,2,8,0.25,5,6,0.833,0,4,4,5,2,1,1,1,13,-14,1,2023-24,Regular Season,201939,Stephen Curry
22023,201939,0022300444,2023-12-30,GSW vs. DAL,L,35,9,25,0.36,6,15,0.4,1,1,1.0,0,2,2,7,1,0,3,3,25,-6,1,2023-24,Regular Season,201939,Stephen Curry
22023,201939,0022300463,2024-01-02,GSW vs. ORL,W,35,12,20,0.6,4,9,0.444,8,11,0.727,1,1,2,6,4,1,2,4,36,12,1,2023-24,Regular Season,201939,Stephen Curry
22023,201939,0022300478,2024-01-04,GSW vs. DEN,L,35,11,23,0.478,5,12,0.417,3,3,1.0,0,4,4,6,1,1,2,1,30,-1,1,2023-24,Regular Season,201939,Stephen Curry
22023,201939,0022300490,2024-01-05,GSW vs. DET,W,31,7,19,0.368,4,12,0.333,8,9,0.889,0,6,6,4,1,1,4,0,26,0,1,2023-24,Regular Season,201939,Stephen Curry
22023,201939,0022300504,2024-01-07,GSW vs. TOR,L,30,2,14,0.143,0,9,0.0,5,5,1.0,0,1,1,6,0,0,2,3,9,-17,1,2023-24,Regular Season,201939,Stephen Curry
22023,201939,0022300525,2024-01-10,GSW vs. NOP,L,25,4,13,0.308,3,8,0.375,4,4,1.0,0,1,1,6,1,0,3,0,15,-4,1,2023-24,Regular Season,201939,Stephen Curry
22023,201939,0022300536,2024-01-12,GSW @ CHI,W,35,8,24,0.333,6,15,0.4,5,5,1.0,0,5,5,9,1,0,1,1,27,5,1,2023-24,Regular Season,201939,Stephen Curry
22023,201939,0022300560,2024-01-15,GSW @ MEM,L,33,11,20,0.55,3,9,0.333,1,1,1.0,1,3,4,8,2,1,5,4,26,-2,1,2023-24,Regular Season,201939,Stephen Curry
22023,201939,0022300626,2024-01-24,GSW vs. ATL,W,31,7,16,0.438,5,8,0.625,6,6,1.0,0,3,3,8,0,0,1,3,25,9,1,2023-24,Regular Season,201939,Stephen Curry
22023,201939,0022300632,2024-01-25,GSW vs. SAC,L,36,13,26,0.5,6,14,0.429,1,1,1.0,1,5,6,2,1,0,2,0,33,-8,1,2023-24,Regular Season,201939,Stephen Curry
22023,201939,0022300650,2024-01-27,GSW vs. LAL,L,43,17,35,0.486,9,21,0.429,3,3,1.0,0,3,3,7,1,0,4,4,46,-2,1,2023-24,Regular Season,201939,Stephen Curry
22023,201939,0022300673,2024-01-30,GSW vs. PHI,W,35,12,17,0.706,8,13,0.615,5,5,1.0,1,7,8,7,0,1,5,2,37,26,1,2023-24,Regular Season,201939,Stephen Curry
22023,201939,0022300693,2024-02-02,GSW @ MEM,W,32,6,16,0.375,4,9,0.444,4,4,1.0,0,6,6,6,1,0,3,1,20,12,1,2023-24,Regular Season,201939,Stephen Curry
22023,201939,0022300699,2024-02-03,GSW @ ATL,L,41,22,38,0.579,10,23,0.435,6,6,1.0,1,5,6,4,0,1,2,1,60,-1,1,2023-24,Regular Season,201939,Stephen Curry
22023,201939,0022300717,2024-02-05,GSW @ BKN,W,34,12,24,0.5,4,11,0.364,1,1,1.0,1,4,5,3,0,0,4,2,29,6,1,2023-24,Regular Season,201939,Stephen Curry
22023,201939,0022300727,2024-02-07,GSW @ PHI,W,25,2,7,0.286,1,4,0.25,4,4,1.0,0,3,3,1,0,1,4,2,9,13,1,2023-24,Regular Season,201939,Stephen Curry
22023,201939,0022300733,2024-02-08,GSW @ IND,W,30,15,22,0.682,11,16,0.688,1,2,0.5,0,2,2,2,0,1,2,2,42,13,1,2023-24,Regular Season,201939,Stephen Curry
22023,201939,0022300757,2024-02-10,GSW vs. PHX,W,34,10,22,0.455,9,16,0.563,1,2,0.5,1,8,9,6,1,0,3,0,30,10,1,2023-24,Regular Season,201939,Stephen Curry
22023,201939,0022300769,2024-02-12,GSW @ UTA,W,32,9,19,0.474,7,16,0.438,0,0,0.0,0,6,6,10,3,1,1,1,25,30,1,2023-24,Regular Season,201939,Stephen Curry
22023,201939,0022300789,2024-02-14,GSW vs. LAC,L,35,15,31,0.484,9,19,0.474,2,2,1.0,1,3,4,5,0,0,4,3,41,-6,1,2023-24,Regular Season,201939,Stephen Curry
22023,201939,0022300576,2024-02-15,GSW @ UTA,W,35,4,14,0.286,2,8,0.25,6,8,0.75,1,1,2,10,1,0,4,2,16,-2,1,2023-24,Regular Season,201939,Stephen Curry
22023,201939,0022300802,2024-02-22,GSW vs. LAL,W,32,12,24,0.5,6,13,0.462,2,2,1.0,0,1,1,8,3,0,1,1,32,25,1,2023-24,Regular Season,201939,Stephen Curry
22023,201939,0022300811,2024-02-23,GSW vs. CHA,W,31,5,14,0.357,3,11,0.273,2,2,1.0,0,2,2,5,1,0,4,1,15,10,1,2023-24,Regular Season,201939,Stephen Curry
22023,201939,0022300824,2024-02-25,GSW vs. DEN,L,32,6,19,0.316,1,10,0.1,7,8,0.875,0,1,1,4,0,0,3,2,20,-22,1,2023-24,Regular Season,201939,Stephen Curry
22023,201939,0022300834,2024-02-27,GSW @ WAS,W,30,6,21,0.286,4,16,0.25,2,2,1.0,0,5,5,6,1,1,3,1,18,1,1,2023-24,Regular Season,201939,Stephen Curry
22023,201939,0022300852,2024-02-29,GSW @ NYK,W,32,11,26,0.423,8,18,0.444,1,1,1.0,2,9,11,1,1,0,3,0,31,20,1,2023-24,Regular Season,201939,Stephen Curry
22023,201939,0022300860,2024-03-01,GSW @ TOR,W,30,9,22,0.409,7,15,0.467,0,0,0.0,2,4,6,6,0,0,4,2,25,12,1,2023-24,Regular Season,201939,Stephen Curry
22023,201939,0022300872,2024-03-03,GSW @ BOS,L,17,2,13,0.154,0,9,0.0,0,0,0.0,0,1,1,3,0,0,2,0,4,-29,1,2023-24,Regular Season,201939,Stephen Curry
22023,201939,0022300899,2024-03-06,GSW vs. MIL,W,31,10,18,0.556,6,10,0.6,3,4,0.75,2,6,8,5,0,0,2,1,29,15,1,2023-24,Regular Season,201939,Stephen Curry
22023,201939,0022300907,2024-03-07,GSW vs. CHI,L,29,5,18,0.278,3,12,0.25,2,2,1.0,0,3,3,1,0,0,2,1,15,9,1,2023-24,Regular Season,201939,Stephen Curry
22023,201939,0022300973,2024-03-16,GSW @ LAL,W,34,12,24,0.5,3,10,0.3,4,5,0.8,1,5,6,5,2,0,1,0,31,4,1,2023-24,Regular Season,201939,Stephen Curry
22023,201939,0022300988,2024-03-18,GSW vs. NYK,L,33,8,20,0.4,4,13,0.308,7,7,1.0,0,5,5,5,0,0,2,1,27,-9,1,2023-24,Regular Season,201939,Stephen Curry
22023,201939,0022301001,2024-03-20,GSW vs. MEM,W,24,5,9,0.556,4,7,0.571,0,0,0.0,1,1,2,3,0,1,2,1,14,17,1,2023-24,Regular Season,201939,Stephen Curry
22023,201939,0022301016,2024-03-22,GSW vs. IND,L,35,9,24,0.375,6,18,0.333,1,1,1.0,3,8,11,5,0,0,1,0,25,-13,1,2023-24,Regular Season,201939,Stephen Curry
22023,201939,0022301031,2024-03-24,GSW @ MIN,L,30,9,21,0.429,5,11,0.455,8,8,1.0,0,4,4,3,0,0,2,1,31,6,1,2023-24,Regular Season,201939,Stephen Curry
22023,201939,0022301044,2024-03-26,GSW @ MIA,W,31,7,15,0.467,3,10,0.3,0,0,0.0,1,1,2,6,0,0,1,1,17,19,1,2023-24,Regular Season,201939,Stephen Curry
22023,201939,0022301049,2024-03-27,GSW @ ORL,W,35,6,18,0.333,3,8,0.375,2,2,1.0,0,4,4,10,0,0,2,2,17,18,1,2023-24,Regular Season,201939,Stephen Curry
22023,201939,0022301062,2024-03-29,GSW @ CHA,W,32,9,18,0.5,4,11,0.364,1,1,1.0,0,1,1,4,1,0,0,1,23,13,1,2023-24,Regular Season,201939,Stephen Curry
22023,201939,0022301085,2024-03-31,GSW @ SAS,W,33,12,23,0.522,7,15,0.467,2,2,1.0,0,1,1,8,0,0,4,1,33,12,1,2023-24,Regular Season,201939,Stephen Curry
22023,201939,0022300589,2024-04-02,GSW vs. DAL,W,32,5,18,0.278,3,5,0.6,0,0,0.0,0,7,7,7,1,2,4,1,13,-4,1,2023-24,Regular Season,201939,Stephen Curry
22023,201939,0022301113,2024-04-04,GSW @ HOU,W,31,9,14,0.643,2,6,0.333,9,9,1.0,0,6,6,6,0,0,3,2,29,29,1,2023-24,Regular Season,201939,Stephen Curry
22023,201939,0022301097,2024-04-05,GSW @ DAL,L,35,9,23,0.391,5,14,0.357,5,6,0.833,1,5,6,5,1,0,2,2,28,-5,1,2023-24,Regular Season,201939,Stephen Curry
22023,201939,0022301155,2024-04-09,GSW @ LAL,W,32,7,9,0.778,6,6,1.0,3,4,0.75,0,7,7,8,1,2,1,2,23,13,1,2023-24,Regular Season,201939,Stephen Curry
22023,201939,0022301169,2024-04-11,GSW @ POR,W,36,8,22,0.364,5,16,0.313,1,1,1.0,0,7,7,8,1,2,2,0,22,7,1,2023-24,Regular Season,201939,Stephen Curry
22023,201939,0022301182,2024-04-12,GSW vs. NOP,L,32,12,23,0.522,7,13,0.538,2,2,1.0,0,4,4,5,1,0,7,2,33,-8,1,2023-24,Regular Season,201939,Stephen Curry
22023,201142,0022300062,2023-10-24,PHX @ GSW,W,37,7,22,0.318,1,2,0.5,3,5,0.6,2,9,11,3,0,1,2,1,18,0,1,2023-24,Regular Season,201142,Kevin Durant
22023,201142,0022300076,2023-10-26,PHX @ LAL,L,39,14,28,0.5,1,5,0.2,10,13,0.769,0,11,11,2,1,1,8,2,39,18,1,2023-24,Regular Season,201142,Kevin Durant
22023,201142,0022300094,2023-10-28,PHX vs. UTA,W,29,8,11,0.727,1,4,0.25,9,9,1.0,0,4,4,7,1,1,2,1,26,30,1,2023-24,Regular Season,201142,Kevin Durant
22023,201142,0022300113,2023-10-31,PHX vs. SAS,L,37,12,19,0.632,1,3,0.333,1,2,0.5,0,2,2,7,2,0,5,0,26,3,1,2023-24,Regular Season,201142,Kevin Durant
22023,201142,0022300131,2023-11-02,PHX vs. SAS,L,37,10,15,0.667,3,5,0.6,5,9,0.556,0,6,6,1,0,2,3,3,28,-17,1,2023-24,Regular Season,201142,Kevin Durant
22023,201142,0022300132,2023-11-04,PHX @ PHI,L,36,9,20,0.45,1,4,0.25,12,14,0.857,1,7,8,3,1,2,5,1,31,-13,1,2023-24,Regular Season,201142,Kevin Durant
22023,201142,0022300140,2023-11-05,PHX @ DET,W,35,14,27,0.519,1,3,0.333,12,12,1.0,0,4,4,5,1,2,3,1,41,7,1,2023-24,Regular Season,201142,Kevin Durant
22023,201142,0022300162,2023-11-08,PHX @ CHI,W,42,7,16,0.438,2,5,0.4,9,9,1.0,1,6,7,9,2,1,6,2,25,5,1,2023-24,Regular Season,201142,Kevin Durant
22023,201142,0022300015,2023-11-10,PHX vs. LAL,L,39,13,27,0.481,4,6,0.667,8,10,0.8,1,8,9,5,0,0,4,4,38,8,1,2023-24,Regular Season,201142,Kevin Durant
22023,201142,0022300185,2023-11-12,PHX vs. OKC,L,36,7,18,0.389,3,5,0.6,11,11,1.0,0,9,9,4,1,2,3,1,28,-13,1,2023-24,Regular Season,201142,Kevin Durant
22023,201142,0022300197,2023-11-15,PHX vs. MIN,W,35,11,15,0.733,2,2,1.0,7,7,1.0,0,6,6,6,0,1,2,3,31,27,1,2023-24,Regular Season,201142,Kevin Durant
22023,201142,0022300035,2023-11-17,PHX @ UTA,W,33,15,22,0.682,6,8,0.75,2,2,1.0,0,9,9,9,0,0,1,1,38,-8,1,2023-24,Regular Season,201142,Kevin Durant
22023,201142,0022300214,2023-11-19,PHX @ UTA,W,46,14,27,0.519,4,9,0.444,7,7,1.0,0,8,8,10,2,2,7,2,39,4,1,2023-24,Regular Season,201142,Kevin Durant
22023,201142,0022300041,2023-11-21,PHX vs. POR,W,37,13,21,0.619,2,2,1.0,3,3,1.0,0,4,4,9,0,1,3,4,31,20,1,2023-24,Regular Season,201142,Kevin Durant
22023,201142,0022300236,2023-11-22,PHX vs. GSW,W,34,7,14,0.5,3,4,0.75,15,15,1.0,0,8,8,2,0,2,6,2,32,5,1,2023-24,Regular Season,201142,Kevin Durant
22023,201142,0022300260,2023-11-29,PHX @ TOR,L,36,11,30,0.367,2,8,0.25,6,6,1.0,0,4,4,6,1,0,1,1,30,-1,1,2023-24,Regular Season,201142,Kevin Durant
22023,201142,0022300279,2023-12-01,PHX vs. DEN,L,36,8,25,0.32,1,3,0.333,13,13,1.0,0,4,4,11,1,3,1,2,30,-6,1,2023-24,Regular Season,201142,Kevin Durant
22023,201142,0022300288,2023-12-02,PHX vs. MEM,W,33,10,14,0.714,2,3,0.667,5,7,0.714,0,2,2,5,1,1,2,1,27,8,1,2023-24,Regular Season,201142,Kevin Durant
22023,201142,0022301203,2023-12-05,PHX @ LAL,L,39,12,17,0.706,4,7,0.571,3,4,0.75,0,7,7,4,0,1,5,5,31,6,1,2023-24,Regular Season,201142,Kevin Durant
22023,201142,0022300317,2023-12-13,PHX vs. BKN,L,38,9,18,0.5,1,5,0.2,8,10,0.8,1,5,6,4,1,2,2,3,27,0,1,2023-24,Regular Season,201142,Kevin Durant
22023,201142,0022300333,2023-12-15,PHX vs. NYK,L,36,10,21,0.476,4,9,0.444,5,7,0.714,0,3,3,6,0,0,0,1,29,-7,1,2023-24,Regular Season,201142,Kevin Durant
22023,201142,0022300347,2023-12-17,PHX vs. WAS,W,35,11,24,0.458,0,2,0.0,6,9,0.667,3,2,5,5,1,1,2,1,28,-2,1,2023-24,Regular Season,201142,Kevin Durant
22023,201142,0022300363,2023-12-19,PHX @ POR,L,38,16,28,0.571,1,3,0.333,7,8,0.875,0,4,4,5,2,0,5,1,40,8,1,2023-24,Regular Season,201142,Kevin Durant
22023,201142,0022300387,2023-12-22,PHX @ SAC,L,34,9,14,0.643,2,3,0.667,8,9,0.889,0,7,7,2,1,0,7,0,28,-14,1,2023-24,Regular Season,201142,Kevin Durant
22023,201142,0022300405,2023-12-25,PHX vs. DAL,L,43,4,11,0.364,1,3,0.333,7,7,1.0,1,7,8,7,0,1,6,2,16,-5,1,2023-24,Regular Season,201142,Kevin Durant
22023,201142,0022300418,2023-12-27,PHX @ HOU,W,41,9,16,0.563,3,7,0.429,6,8,0.75,0,10,10,16,2,1,3,2,27,17,1,2023-24,Regular Season,201142,Kevin Durant
22023,201142,0022300436,2023-12-29,PHX vs. CHA,W,39,8,11,0.727,3,3,1.0,2,2,1.0,1,3,4,11,1,3,1,2,21,10,1,2023-24,Regular Season,201142,Kevin Durant
22023,201142,0022300450,2023-12-31,PHX vs. ORL,W,39,12,21,0.571,2,5,0.4,5,5,1.0,0,5,5,5,3,1,0,1,31,9,1,2023-24,Regular Season,201142,Kevin Durant
22023,201142,0022300503,2024-01-07,PHX vs. MEM,L,36,11,23,0.478,0,1,0.0,1,1,1.0,2,8,10,5,0,1,1,1,23,-7,1,2023-24,Regular Season,201142,Kevin Durant
22023,201142,0022300511,2024-01-08,PHX @ LAC,L,35,10,17,0.588,3,6,0.5,7,8,0.875,0,7,7,2,0,1,3,2,30,-14,1,2023-24,Regular Season,201142,Kevin Durant
22023,201142,0022300531,2024-01-11,PHX @ LAL,W,32,7,12,0.583,2,5,0.4,2,2,1.0,0,5,5,5,3,1,1,0,18,15,1,2023-24,Regular Season,201142,Kevin Durant
22023,201142,0022300554,2024-01-14,PHX @ POR,W,38,8,16,0.5,2,5,0.4,3,3,1.0,1,4,5,6,0,0,3,4,21,0,1,2023-24,Regular Season,201142,Kevin Durant
22023,201142,0022300567,2024-01-16,PHX vs. SAC,W,39,7,16,0.438,4,8,0.5,9,9,1.0,1,4,5,4,0,2,7,3,27,-4,1,2023-24,Regular Season,201142,Kevin Durant
22023,201142,0022300588,2024-01-19,PHX @ NOP,W,35,11,19,0.579,3,8,0.375,1,1,1.0,1,4,5,2,2,2,1,1,26,25,1,2023-24,Regular Season,201142,Kevin Durant
22023,201142,0022300604,2024-01-21,PHX vs. IND,W,40,18,25,0.72,4,7,0.571,0,0,0.0,1,8,9,2,0,3,2,4,40,7,1,2023-24,Regular Season,201142,Kevin Durant
22023,201142,0022300612,2024-01-22,PHX vs. CHI,W,41,16,32,0.5,6,15,0.4,5,6,0.833,1,5,6,8,1,2,1,2,43,3,1,2023-24,Regular Season,201142,Kevin Durant
22023,201142,0022300625,2024-01-24,PHX @ DAL,W,38,4,10,0.4,0,4,0.0,4,7,0.571,0,10,10,7,1,2,1,4,12,19,1,2023-24,Regular Season,201142,Kevin Durant
22023,201142,0022300636,2024-01-26,PHX @ IND,L,39,9,15,0.6,2,4,0.5,0,0,0.0,1,6,7,6,1,1,2,1,20,-9,1,2023-24,Regular Season,201142,Kevin Durant
22023,201142,0022300655,2024-01-28,PHX @ ORL,L,37,7,12,0.583,1,3,0.333,0,0,0.0,0,4,4,5,0,1,7,3,15,-25,1,2023-24,Regular Season,201142,Kevin Durant
22023,201142,0022300661,2024-01-29,PHX @ MIA,W,42,8,15,0.533,2,5,0.4,2,2,1.0,2,6,8,7,1,2,1,0,20,6,1,2023-24,Regular Season,201142,Kevin Durant
22023,201142,0022300677,2024-01-31,PHX @ BKN,W,38,10,16,0.625,2,6,0.333,11,12,0.917,0,5,5,8,0,2,3,1,33,20,1,2023-24,Regular Season,201142,Kevin Durant
22023,201142,0022300690,2024-02-02,PHX @ ATL,L,38,14,24,0.583,5,9,0.556,2,2,1.0,1,7,8,8,2,1,4,3,35,-1,1,2023-24,Regular Season,201142,Kevin Durant
22023,201142,0022300705,2024-02-04,PHX @ WAS,W,26,7,9,0.778,3,3,1.0,1,2,0.5,0,4,4,3,2,1,1,0,18,18,1,2023-24,Regular Season,201142,Kevin Durant
22023,201142,0022300725,2024-02-06,PHX vs. MIL,W,39,11,21,0.524,1,5,0.2,5,7,0.714,0,10,10,1,1,2,5,3,28,8,1,2023-24,Regular Season,201142,Kevin Durant
22023,201142,0022300739,2024-02-08,PHX vs. UTA,W,35,14,23,0.609,2,6,0.333,1,1,1.0,0,8,8,7,3,2,3,1,31,17,1,2023-24,Regular Season,201142,Kevin Durant
22023,201142,0022300757,2024-02-10,PHX @ GSW,L,39,10,25,0.4,2,8,0.25,2,2,1.0,1,9,10,7,1,2,6,0,24,0,1,2023-24,Regular Season,201142,Kevin Durant
22023,201142,0022300774,2024-02-13,PHX vs. SAC,W,38,11,17,0.647,2,5,0.4,4,6,0.667,2,9,11,4,1,0,3,2,28,8,1,2023-24,Regular Season,201142,Kevin Durant
22023,201142,0022300787,2024-02-14,PHX vs. DET,W,30,8,13,0.615,1,3,0.333,8,8,1.0,1,5,6,6,1,2,5,2,25,23,1,2023-24,Regular Season,201142,Kevin Durant
22023,201142,0022300796,2024-02-22,PHX @ DAL,L,40,9,22,0.409,2,8,0.25,3,5,0.6,0,6,6,1,1,1,5,3,23,-4,1,2023-24,Regular Season,201142,Kevin Durant
22023,201142,0022300806,2024-02-23,PHX @ HOU,L,38,10,22,0.455,1,7,0.143,7,10,0.7,0,11,11,8,1,2,2,3,28,5,1,2023-24,Regular Season,201142,Kevin Durant
22023,201142,0022300818,2024-02-25,PHX vs. LAL,W,39,7,20,0.35,2,8,0.25,6,6,1.0,1,4,5,7,0,2,3,2,22,2,1,2023-24,Regular Season,201142,Kevin Durant
22023,201142,0022300854,2024-02-29,PHX vs. HOU,W,40,8,19,0.421,1,3,0.333,7,10,0.7,2,5,7,6,0,0,3,1,24,2,1,2023-24,Regular Season,201142,Kevin Durant
22023,201142,0022300870,2024-03-02,PHX vs. HOU,L,39,12,19,0.632,1,4,0.25,5,8,0.625,2,7,9,2,0,3,6,1,30,-5,1,2023-24,Regular Season,201142,Kevin Durant
22023,201142,0022300878,2024-03-03,PHX vs. OKC,L,36,6,15,0.4,2,4,0.5,6,6,1.0,0,4,4,3,1,1,5,2,20,-9,1,2023-24,Regular Season,201142,Kevin Durant
22023,201142,0022300893,2024-03-05,PHX @ DEN,W,44,14,34,0.412,3,8,0.375,4,5,0.8,0,8,8,5,0,2,2,1,35,14,1,2023-24,Regular Season,201142,Kevin Durant
22023,201142,0022300905,2024-03-07,PHX vs. TOR,W,35,11,19,0.579,2,5,0.4,11,12,0.917,0,3,3,1,1,0,4,1,35,8,1,2023-24,Regular Season,201142,Kevin Durant
22023,201142,0022300920,2024-03-09,PHX vs. BOS,L,37,18,26,0.692,4,7,0.571,5,7,0.714,1,9,10,6,1,0,6,2,45,-1,1,2023-24,Regular Season,201142,Kevin Durant
22023,201142,0022300934,2024-03-11,PHX @ CLE,W,39,14,26,0.538,5,10,0.5,4,5,0.8,0,8,8,6,1,0,3,2,37,13,1,2023-24,Regular Season,201142,Kevin Durant
22023,201142,0022300955,2024-03-14,PHX @ BOS,L,34,9,19,0.474,1,3,0.333,1,2,0.5,0,3,3,1,0,1,3,1,20,-17,1,2023-24,Regular Season,201142,Kevin Durant
22023,201142,0022300961,2024-03-15,PHX @ CHA,W,38,5,15,0.333,1,6,0.167,2,2,1.0,0,8,8,5,1,0,3,1,13,-2,1,2023-24,Regular Season,201142,Kevin Durant
22023,201142,0022300976,2024-03-17,PHX @ MIL,L,41,4,10,0.4,1,3,0.333,2,2,1.0,1,8,9,4,3,2,1,3,11,-11,1,2023-24,Regular Season,201142,Kevin Durant
22023,201142,0022301002,2024-03-20,PHX vs. PHI,W,36,10,18,0.556,2,6,0.333,0,0,0.0,0,8,8,4,0,3,4,1,22,1,1,2023-24,Regular Season,201142,Kevin Durant
22023,201142,0022301010,2024-03-21,PHX vs. ATL,W,37,5,15,0.333,2,8,0.25,7,7,1.0,1,3,4,2,0,3,5,1,19,0,1,2023-24,Regular Season,201142,Kevin Durant
22023,201142,0022301025,2024-03-23,PHX @ SAS,W,31,12,16,0.75,1,2,0.5,0,0,0.0,0,4,4,4,3,0,0,0,25,31,1,2023-24,Regular Season,201142,Kevin Durant
22023,201142,0022301039,2024-03-25,PHX @ SAS,L,36,12,17,0.706,4,6,0.667,1,2,0.5,0,8,8,6,1,0,3,2,29,5,1,2023-24,Regular Season,201142,Kevin Durant
22023,201142,0022301059,2024-03-27,PHX @ DEN,W,38,12,20,0.6,3,4,0.75,3,3,1.0,2,11,13,3,0,5,8,1,30,11,1,2023-24,Regular Season,201142,Kevin Durant
22023,201142,0022301069,2024-03-29,PHX @ OKC,L,31,10,17,0.588,4,7,0.571,2,3,0.667,0,6,6,1,1,1,3,2,26,-15,1,2023-24,Regular Season,201142,Kevin Durant
22023,201142,0022301092,2024-04-01,PHX @ NOP,W,41,7,19,0.368,3,11,0.273,3,3,1.0,1,6,7,3,2,0,3,2,20,13,1,2023-24,Regular Season,201142,Kevin Durant
22023,201142,0022301110,2024-04-03,PHX vs. CLE,W,36,13,23,0.565,3,7,0.429,3,4,0.75,0,6,6,7,1,0,4,2,32,11,1,2023-24,Regular Season,201142,Kevin Durant
22023,201142,0022301125,2024-04-05,PHX vs. MIN,W,35,9,14,0.643,1,4,0.25,3,3,1.0,1,5,6,6,1,0,1,4,22,22,1,2023-24,Regular Season,201142,Kevin Durant
22023,201142,0022301138,2024-04-07,PHX vs. NOP,L,38,8,22,0.364,3,8,0.375,4,4,1.0,0,4,4,6,0,0,0,1,23,-12,1,2023-24,Regular Season,201142,Kevin Durant
22023,201142,0022301156,2024-04-09,PHX vs. LAC,L,40,8,22,0.364,2,5,0.4,3,5,0.6,0,2,2,2,2,0,1,2,21,-14,1,2023-24,Regular Season,201142,Kevin Durant
22023,201142,0022301165,2024-04-10,PHX @ LAC,W,37,10,21,0.476,2,9,0.222,2,2,1.0,0,9,9,3,1,2,4,0,24,8,1,2023-24,Regular Season,201142,Kevin Durant
22023,201142,0022301185,2024-04-12,PHX @ SAC,W,42,11,20,0.55,3,7,0.429,3,3,1.0,1,4,5,3,0,0,3,2,28,-4,1,2023-24,Regular Season,201142,Kevin Durant
22023,201142,0022301194,2024-04-14,PHX @ MIN,W,38,6,14,0.429,1,3,0.333,2,2,1.0,2,2,4,1,2,1,4,3,15,30,1,2023-24,Regular Season,201142,Kevin Durant
42023,201142,0042300161,2024-04-20,PHX @ MIN,L,39,11,17,0.647,2,2,1.0,7,9,0.778,0,7,7,1,1,1,5,1,31,-20,1,2023-24,Playoffs,201142,Kevin Durant
42023,201142,0042300162,2024-04-23,PHX @ MIN,L,41,6,15,0.4,0,2,0.0,6,7,0.857,0,6,6,2,1,1,2,3,18,-24,1,2023-24,Playoffs,201142,Kevin Durant
42023,201142,0042300163,2024-04-26,PHX vs. MIN,L,42,8,18,0.444,1,5,0.2,8,9,0.889,0,4,4,5,0,0,2,2,25,-20,1,2023-24,Playoffs,201142,Kevin Durant
42023,201142,0042300164,2024-04-28,PHX vs. MIN,L,46,12,17,0.706,2,3,0.667,7,9,0.778,1,8,9,5,0,4,1,2,33,-7,1,2023-24,Playoffs,201142,Kevin Durant
22023,203507,0022300075,2023-10-26,MIL vs. PHI,W,35,10,21,0.476,0,3,0.0,3,9,0.333,4,8,12,3,2,2,7,4,23,-13,1,2023-24,Regular Season,203507,Giannis Antetokounmpo
22023,203507,0022300097,2023-10-29,MIL vs. ATL,L,29,9,14,0.643,0,1,0.0,8,10,0.8,5,6,11,3,1,2,3,2,26,-11,1,2023-24,Regular Season,203507,Giannis Antetokounmpo
22023,203507,0022300107,2023-10-30,MIL vs. MIA,W,32,12,21,0.571,1,3,0.333,8,11,0.727,1,6,7,2,0,1,2,3,33,18,1,2023-24,Regular Season,203507,Giannis Antetokounmpo
22023,203507,0022300116,2023-11-01,MIL @ TOR,L,28,5,11,0.455,0,0,0.0,6,9,0.667,3,1,4,2,1,0,3,3,16,-10,1,2023-24,Regular Season,203507,Giannis Antetokounmpo
22023,203507,0022300002,2023-11-03,MIL vs. NYK,W,36,6,10,0.6,3,3,1.0,7,13,0.538,1,7,8,6,0,1,7,3,22,13,1,2023-24,Regular Season,203507,Giannis Antetokounmpo
22023,203507,0022300149,2023-11-06,MIL @ BKN,W,35,15,27,0.556,1,7,0.143,5,6,0.833,2,10,12,3,1,2,3,1,36,15,1,2023-24,Regular Season,203507,Giannis Antetokounmpo
22023,203507,0022300165,2023-11-08,MIL vs. DET,W,22,6,16,0.375,0,2,0.0,3,6,0.5,0,9,9,5,0,3,1,1,15,5,1,2023-24,Regular Season,203507,Giannis Antetokounmpo
22023,203507,0022300171,2023-11-09,MIL @ IND,L,36,19,25,0.76,0,1,0.0,16,18,0.889,2,10,12,3,0,0,8,4,54,6,1,2023-24,Regular Season,203507,Giannis Antetokounmpo
22023,203507,0022300173,2023-11-11,MIL @ ORL,L,37,15,22,0.682,0,1,0.0,5,12,0.417,2,8,10,7,4,2,6,4,35,-11,1,2023-24,Regular Season,203507,Giannis Antetokounmpo
22023,203507,0022300190,2023-11-13,MIL vs. CHI,W,35,13,22,0.591,1,3,0.333,8,14,0.571,3,8,11,2,0,0,3,4,35,13,1,2023-24,Regular Season,203507,Giannis Antetokounmpo
22023,203507,0022300027,2023-11-17,MIL @ CHA,W,28,6,10,0.6,0,0,0.0,4,7,0.571,0,8,8,9,1,0,4,5,16,6,1,2023-24,Regular Season,203507,Giannis Antetokounmpo
22023,203507,0022300205,2023-11-18,MIL vs. DAL,W,38,18,26,0.692,1,3,0.333,3,5,0.6,2,13,15,7,2,1,3,3,40,-7,1,2023-24,Regular Season,203507,Giannis Antetokounmpo
22023,203507,0022300219,2023-11-20,MIL @ WAS,W,34,20,23,0.87,0,0,0.0,2,6,0.333,6,7,13,8,1,1,5,2,42,10,1,2023-24,Regular Season,203507,Giannis Antetokounmpo
22023,203507,0022300228,2023-11-22,MIL @ BOS,L,37,7,20,0.35,0,3,0.0,7,10,0.7,3,10,13,5,2,0,3,4,21,6,1,2023-24,Regular Season,203507,Giannis Antetokounmpo
22023,203507,0022300049,2023-11-24,MIL vs. WAS,W,37,11,19,0.579,0,0,0.0,9,12,0.75,3,6,9,3,3,1,3,2,31,-10,1,2023-24,Regular Season,203507,Giannis Antetokounmpo
22023,203507,0022300245,2023-11-26,MIL vs. POR,W,39,11,21,0.524,0,1,0.0,11,18,0.611,6,10,16,6,1,3,4,5,33,9,1,2023-24,Regular Season,203507,Giannis Antetokounmpo
22023,203507,0022300056,2023-11-28,MIL @ MIA,W,40,11,16,0.688,1,2,0.5,10,13,0.769,2,8,10,5,3,1,4,3,33,18,1,2023-24,Regular Season,203507,Giannis Antetokounmpo
22023,203507,0022300269,2023-11-30,MIL @ CHI,L,39,11,17,0.647,0,1,0.0,4,4,1.0,6,8,14,5,2,5,5,5,26,-8,1,2023-24,Regular Season,203507,Giannis Antetokounmpo
22023,203507,0022300286,2023-12-02,MIL vs. ATL,W,36,14,20,0.7,0,1,0.0,4,5,0.8,2,9,11,10,2,1,5,1,32,8,1,2023-24,Regular Season,203507,Giannis Antetokounmpo
22023,203507,0022301201,2023-12-05,MIL vs. NYK,W,34,15,22,0.682,1,1,1.0,4,9,0.444,3,5,8,10,3,0,4,3,35,19,1,2023-24,Regular Season,203507,Giannis Antetokounmpo
22023,203507,0022301229,2023-12-07,MIL vs. IND,L,41,13,19,0.684,0,1,0.0,11,13,0.846,1,9,10,2,0,2,1,3,37,-5,1,2023-24,Regular Season,203507,Giannis Antetokounmpo
22023,203507,0022300300,2023-12-11,MIL vs. CHI,W,41,9,13,0.692,0,0,0.0,14,18,0.778,1,11,12,6,2,0,2,2,32,13,1,2023-24,Regular Season,203507,Giannis Antetokounmpo
22023,203507,0022300315,2023-12-13,MIL vs. IND,W,37,20,28,0.714,0,3,0.0,24,32,0.75,3,11,14,3,4,1,4,1,64,29,1,2023-24,Regular Season,203507,Giannis Antetokounmpo
22023,203507,0022300334,2023-12-16,MIL vs. DET,W,26,7,9,0.778,0,0,0.0,8,13,0.615,1,7,8,6,1,0,0,1,22,22,1,2023-24,Regular Season,203507,Giannis Antetokounmpo
22023,203507,0022300346,2023-12-17,MIL vs. HOU,W,39,10,22,0.455,1,3,0.333,5,11,0.455,6,11,17,3,0,0,6,3,26,11,1,2023-24,Regular Season,203507,Giannis Antetokounmpo
22023,203507,0022300361,2023-12-19,MIL vs. SAS,W,34,4,12,0.333,0,2,0.0,3,6,0.5,2,12,14,16,2,1,3,1,11,13,1,2023-24,Regular Season,203507,Giannis Antetokounmpo
22023,203507,0022300378,2023-12-21,MIL vs. ORL,W,37,11,25,0.44,0,3,0.0,15,19,0.789,2,8,10,6,0,2,5,4,37,9,1,2023-24,Regular Season,203507,Giannis Antetokounmpo
22023,203507,0022300388,2023-12-23,MIL @ NYK,W,32,11,17,0.647,0,0,0.0,6,8,0.75,2,5,7,7,1,1,5,4,28,3,1,2023-24,Regular Season,203507,Giannis Antetokounmpo
22023,203507,0022300401,2023-12-25,MIL @ NYK,L,39,13,24,0.542,1,2,0.5,5,9,0.556,5,8,13,6,1,2,2,4,32,-5,1,2023-24,Regular Season,203507,Giannis Antetokounmpo
22023,203507,0022300417,2023-12-27,MIL @ BKN,W,30,10,12,0.833,0,0,0.0,12,17,0.706,2,8,10,8,0,2,2,2,32,8,1,2023-24,Regular Season,203507,Giannis Antetokounmpo
22023,203507,0022300433,2023-12-29,MIL @ CLE,W,37,14,22,0.636,0,1,0.0,6,7,0.857,2,14,16,5,1,0,3,2,34,12,1,2023-24,Regular Season,203507,Giannis Antetokounmpo
22023,203507,0022300454,2024-01-01,MIL vs. IND,L,37,11,20,0.55,0,3,0.0,8,11,0.727,3,15,18,11,1,2,4,3,30,3,1,2023-24,Regular Season,203507,Giannis Antetokounmpo
22023,203507,0022300466,2024-01-03,MIL @ IND,L,36,8,13,0.615,1,2,0.5,9,13,0.692,0,11,11,8,3,1,3,2,26,-12,1,2023-24,Regular Season,203507,Giannis Antetokounmpo
22023,203507,0022300477,2024-01-04,MIL @ SAS,W,40,19,28,0.679,2,3,0.667,4,6,0.667,3,11,14,7,2,1,1,3,44,11,1,2023-24,Regular Season,203507,Giannis Antetokounmpo
22023,203507,0022300496,2024-01-06,MIL @ HOU,L,39,16,25,0.64,1,2,0.5,15,21,0.714,3,14,17,2,0,1,2,4,48,-1,1,2023-24,Regular Season,203507,Giannis Antetokounmpo
22023,203507,0022300510,2024-01-08,MIL vs. UTA,L,38,10,20,0.5,0,2,0.0,5,9,0.556,4,6,10,11,0,0,4,5,25,-14,1,2023-24,Regular Season,203507,Giannis Antetokounmpo
22023,203507,0022300528,2024-01-11,MIL vs. BOS,W,26,10,13,0.769,0,0,0.0,4,5,0.8,5,7,12,6,1,1,4,2,24,38,1,2023-24,Regular Season,203507,Giannis Antetokounmpo
22023,203507,0022300545,2024-01-13,MIL vs. GSW,W,37,13,22,0.591,1,3,0.333,6,8,0.75,3,6,9,5,0,0,4,3,33,1,1,2023-24,Regular Season,203507,Giannis Antetokounmpo
22023,203507,0022300552,2024-01-14,MIL vs. SAC,W,40,9,16,0.563,0,2,0.0,9,14,0.643,1,9,10,10,3,0,4,4,27,-13,1,2023-24,Regular Season,203507,Giannis Antetokounmpo
22023,203507,0022300592,2024-01-20,MIL @ DET,W,38,10,16,0.625,0,1,0.0,11,22,0.5,3,7,10,9,2,1,5,1,31,13,1,2023-24,Regular Season,203507,Giannis Antetokounmpo
22023,203507,0022300606,2024-01-22,MIL @ DET,W,36,11,25,0.44,1,5,0.2,8,12,0.667,3,14,17,10,3,2,2,3,31,12,1,2023-24,Regular Season,203507,Giannis Antetokounmpo
22023,203507,0022300624,2024-01-24,MIL vs. CLE,W,35,16,24,0.667,1,1,1.0,2,3,0.667,2,16,18,10,0,2,2,3,35,11,1,2023-24,Regular Season,203507,Giannis Antetokounmpo
22023,203507,0022300639,2024-01-26,MIL vs. CLE,L,36,9,13,0.692,0,0,0.0,4,9,0.444,2,9,11,9,1,1,6,5,22,8,1,2023-24,Regular Season,203507,Giannis Antetokounmpo
22023,203507,0022300648,2024-01-27,MIL vs. NOP,W,29,11,16,0.688,1,1,1.0,7,11,0.636,1,11,12,4,2,0,1,3,30,23,1,2023-24,Regular Season,203507,Giannis Antetokounmpo
22023,203507,0022300667,2024-01-29,MIL @ DEN,L,37,11,19,0.579,1,1,1.0,6,11,0.545,2,10,12,4,1,1,2,4,29,-3,1,2023-24,Regular Season,203507,Giannis Antetokounmpo
22023,203507,0022300683,2024-01-31,MIL @ POR,L,38,10,16,0.625,0,2,0.0,7,11,0.636,3,5,8,4,3,1,6,5,27,6,1,2023-24,Regular Season,203507,Giannis Antetokounmpo
22023,203507,0022300702,2024-02-03,MIL @ DAL,W,40,20,28,0.714,2,5,0.4,6,10,0.6,1,5,6,10,5,1,1,3,48,15,1,2023-24,Regular Season,203507,Giannis Antetokounmpo
22023,203507,0022300711,2024-02-04,MIL @ UTA,L,40,11,15,0.733,0,2,0.0,11,15,0.733,2,5,7,13,0,1,5,3,33,-8,1,2023-24,Regular Season,203507,Giannis Antetokounmpo
22023,203507,0022300725,2024-02-06,MIL @ PHX,L,39,13,24,0.542,1,3,0.333,7,13,0.538,4,6,10,6,0,0,5,5,34,1,1,2023-24,Regular Season,203507,Giannis Antetokounmpo
22023,203507,0022300738,2024-02-08,MIL vs. MIN,L,27,7,14,0.5,0,2,0.0,3,7,0.429,1,2,3,7,1,0,3,1,17,-18,1,2023-24,Regular Season,203507,Giannis Antetokounmpo
22023,203507,0022300745,2024-02-09,MIL vs. CHA,W,24,5,10,0.5,0,1,0.0,5,7,0.714,1,13,14,3,1,1,0,5,15,28,1,2023-24,Regular Season,203507,Giannis Antetokounmpo
22023,203507,0022300767,2024-02-12,MIL vs. DEN,W,30,14,19,0.737,0,0,0.0,8,14,0.571,4,14,18,5,3,2,2,2,36,18,1,2023-24,Regular Season,203507,Giannis Antetokounmpo
22023,203507,0022300773,2024-02-13,MIL vs. MIA,L,34,11,18,0.611,1,2,0.5,0,0,0.0,2,9,11,8,0,2,5,0,23,-23,1,2023-24,Regular Season,203507,Giannis Antetokounmpo
22023,203507,0022300790,2024-02-15,MIL @ MEM,L,37,15,17,0.882,0,0,0.0,5,9,0.556,0,4,4,12,0,0,1,5,35,-14,1,2023-24,Regular Season,203507,Giannis Antetokounmpo
22023,203507,0022300808,2024-02-23,MIL @ MIN,W,41,9,13,0.692,1,1,1.0,14,21,0.667,4,9,13,5,1,0,3,1,33,1,1,2023-24,Regular Season,203507,Giannis Antetokounmpo
22023,203507,0022300817,2024-02-25,MIL @ PHI,W,36,10,17,0.588,1,2,0.5,9,12,0.75,1,11,12,9,0,1,6,1,30,14,1,2023-24,Regular Season,203507,Giannis Antetokounmpo
22023,203507,0022300840,2024-02-27,MIL vs. CHA,W,24,8,13,0.615,1,1,1.0,7,8,0.875,3,5,8,1,0,0,1,1,24,25,1,2023-24,Regular Season,203507,Giannis Antetokounmpo
22023,203507,0022300849,2024-02-29,MIL @ CHA,W,33,10,15,0.667,2,2,1.0,2,3,0.667,2,8,10,5,0,0,1,3,24,16,1,2023-24,Regular Season,203507,Giannis Antetokounmpo
22023,203507,0022300864,2024-03-01,MIL @ CHI,W,37,16,22,0.727,2,3,0.667,12,16,0.75,5,11,16,6,1,1,1,3,46,6,1,2023-24,Regular Season,203507,Giannis Antetokounmpo
22023,203507,0022300899,2024-03-06,MIL @ GSW,L,33,8,15,0.533,1,3,0.333,6,9,0.667,2,5,7,6,0,1,2,1,23,-6,1,2023-24,Regular Season,203507,Giannis Antetokounmpo
22023,203507,0022300915,2024-03-08,MIL @ LAL,L,39,14,23,0.609,1,3,0.333,5,7,0.714,2,12,14,12,1,1,4,2,34,-4,1,2023-24,Regular Season,203507,Giannis Antetokounmpo
22023,203507,0022300924,2024-03-10,MIL @ LAC,W,39,12,24,0.5,0,2,0.0,10,15,0.667,0,7,7,10,1,1,3,3,34,19,1,2023-24,Regular Season,203507,Giannis Antetokounmpo
22023,203507,0022300945,2024-03-12,MIL @ SAC,L,33,10,17,0.588,0,2,0.0,10,14,0.714,1,12,13,4,1,0,4,3,30,-18,1,2023-24,Regular Season,203507,Giannis Antetokounmpo
22023,203507,0022300958,2024-03-14,MIL vs. PHI,W,37,9,12,0.75,0,0,0.0,14,18,0.778,4,7,11,7,1,0,7,4,32,-4,1,2023-24,Regular Season,203507,Giannis Antetokounmpo
22023,203507,0022301007,2024-03-21,MIL vs. BKN,W,35,9,19,0.474,1,2,0.5,2,4,0.5,3,6,9,5,0,2,2,3,21,5,1,2023-24,Regular Season,203507,Giannis Antetokounmpo
22023,203507,0022301030,2024-03-24,MIL vs. OKC,W,34,13,18,0.722,0,0,0.0,4,6,0.667,8,11,19,4,0,1,3,3,30,7,1,2023-24,Regular Season,203507,Giannis Antetokounmpo
22023,203507,0022301045,2024-03-26,MIL vs. LAL,L,46,14,25,0.56,0,1,0.0,1,6,0.167,8,13,21,11,2,3,7,3,29,-13,1,2023-24,Regular Season,203507,Giannis Antetokounmpo
22023,203507,0022301061,2024-03-28,MIL @ NOP,L,39,15,22,0.682,0,2,0.0,5,11,0.455,3,11,14,4,0,0,2,5,35,-2,1,2023-24,Regular Season,203507,Giannis Antetokounmpo
22023,203507,0022301076,2024-03-30,MIL @ ATL,W,38,12,22,0.545,0,1,0.0,12,16,0.75,4,12,16,8,3,1,3,2,36,8,1,2023-24,Regular Season,203507,Giannis Antetokounmpo
22023,203507,0022301095,2024-04-02,MIL @ WAS,L,36,15,21,0.714,0,0,0.0,5,9,0.556,3,12,15,10,0,0,2,2,35,2,1,2023-24,Regular Season,203507,Giannis Antetokounmpo
22023,203507,0022301107,2024-04-03,MIL vs. MEM,L,32,10,23,0.435,0,4,0.0,1,3,0.333,1,6,7,8,1,5,3,4,21,3,1,2023-24,Regular Season,203507,Giannis Antetokounmpo
22023,203507,0022301139,2024-04-07,MIL vs. NYK,L,39,10,20,0.5,0,1,0.0,8,11,0.727,3,12,15,8,1,2,4,2,28,-5,1,2023-24,Regular Season,203507,Giannis Antetokounmpo
22023,203507,0022301148,2024-04-09,MIL vs. BOS,W,29,7,11,0.636,0,0,0.0,1,2,0.5,3,5,8,7,1,2,4,1,15,17,1,2023-24,Regular Season,203507,Giannis Antetokounmpo
22023,1629029,0022300073,2023-10-25,DAL @ SAS,W,34,13,25,0.52,3,11,0.273,4,7,0.571,1,12,13,10,2,0,4,1,33,4,1,2023-24,Regular Season,1629029,Luka Dončić
22023,1629029,0022300084,2023-10-27,DAL vs. BKN,W,36,16,25,0.64,9,14,0.643,8,10,0.8,1,9,10,7,0,0,0,1,49,9,1,2023-24,Regular Season,1629029,Luka Dončić
22023,1629029,0022300106,2023-10-30,DAL @ MEM,W,40,11,22,0.5,6,12,0.5,7,10,0.7,0,12,12,12,1,1,6,4,35,6,1,2023-24,Regular Season,1629029,Luka Dončić
22023,1629029,0022300124,2023-11-01,DAL vs. CHI,W,40,5,16,0.313,1,8,0.125,7,9,0.778,0,7,7,10,2,1,6,2,18,11,1,2023-24,Regular Season,1629029,Luka Dončić
22023,1629029,0022300006,2023-11-03,DAL @ DEN,L,38,11,24,0.458,6,11,0.545,6,7,0.857,3,7,10,8,0,1,9,2,34,-4,1,2023-24,Regular Season,1629029,Luka Dončić
22023,1629029,0022300143,2023-11-05,DAL vs. CHA,W,36,8,19,0.421,1,9,0.111,6,7,0.857,1,11,12,9,0,1,4,3,23,3,1,2023-24,Regular Season,1629029,Luka Dončić
22023,1629029,0022300147,2023-11-06,DAL @ ORL,W,35,9,17,0.529,5,10,0.5,6,6,1.0,0,3,3,6,2,0,6,2,29,7,1,2023-24,Regular Season,1629029,Luka Dončić
22023,1629029,0022300168,2023-11-08,DAL vs. TOR,L,38,11,26,0.423,2,10,0.2,7,10,0.7,0,7,7,8,4,1,4,3,31,-7,1,2023-24,Regular Season,1629029,Luka Dončić
22023,1629029,0022300014,2023-11-10,DAL vs. LAC,W,32,17,21,0.81,6,9,0.667,4,4,1.0,0,6,6,6,1,0,1,1,44,32,1,2023-24,Regular Season,1629029,Luka Dončić
22023,1629029,0022300183,2023-11-12,DAL @ NOP,W,28,11,18,0.611,4,9,0.444,4,5,0.8,0,4,4,9,1,0,2,0,30,14,1,2023-24,Regular Season,1629029,Luka Dončić
22023,1629029,0022300022,2023-11-14,DAL @ NOP,L,26,5,16,0.313,3,5,0.6,3,5,0.6,1,1,2,2,0,0,8,0,16,-26,1,2023-24,Regular Season,1629029,Luka Dončić
22023,1629029,0022300192,2023-11-15,DAL @ WAS,W,32,7,18,0.389,4,11,0.364,8,12,0.667,1,6,7,10,0,0,3,2,26,12,1,2023-24,Regular Season,1629029,Luka Dončić
22023,1629029,0022300205,2023-11-18,DAL @ MIL,L,35,15,26,0.577,4,9,0.444,1,4,0.25,1,8,9,9,0,0,3,1,35,-17,1,2023-24,Regular Season,1629029,Luka Dončić
22023,1629029,0022300212,2023-11-19,DAL vs. SAC,L,32,7,19,0.368,3,7,0.429,8,10,0.8,1,9,10,7,3,0,2,0,25,-14,1,2023-24,Regular Season,1629029,Luka Dončić
22023,1629029,0022300238,2023-11-22,DAL @ LAL,W,39,10,26,0.385,3,12,0.25,7,8,0.875,0,12,12,8,2,0,0,2,30,-11,1,2023-24,Regular Season,1629029,Luka Dončić
22023,1629029,0022300244,2023-11-25,DAL @ LAC,L,38,12,27,0.444,1,8,0.125,5,5,1.0,0,3,3,4,2,2,4,4,30,-14,1,2023-24,Regular Season,1629029,Luka Dončić
22023,1629029,0022300059,2023-11-28,DAL vs. HOU,W,38,15,29,0.517,3,10,0.3,8,9,0.889,0,9,9,9,2,0,0,3,41,12,1,2023-24,Regular Season,1629029,Luka Dončić
22023,1629029,0022300287,2023-12-02,DAL vs. OKC,L,46,11,22,0.5,5,13,0.385,9,14,0.643,2,13,15,18,2,2,7,2,36,-7,1,2023-24,Regular Season,1629029,Luka Dončić
22023,1629029,0022301213,2023-12-06,DAL vs. UTA,W,32,14,25,0.56,6,12,0.5,6,8,0.75,2,8,10,11,1,0,4,2,40,34,1,2023-24,Regular Season,1629029,Luka Dončić
22023,1629029,0022301226,2023-12-08,DAL @ POR,W,41,11,28,0.393,3,14,0.214,7,8,0.875,0,6,6,10,1,1,5,1,32,13,1,2023-24,Regular Season,1629029,Luka Dončić
22023,1629029,0022300299,2023-12-11,DAL @ MEM,W,44,9,21,0.429,5,10,0.5,12,13,0.923,0,8,8,6,2,2,3,3,35,3,1,2023-24,Regular Season,1629029,Luka Dončić
22023,1629029,0022300306,2023-12-12,DAL vs. LAL,W,43,12,28,0.429,3,10,0.3,6,6,1.0,0,6,6,17,1,0,4,0,33,10,1,2023-24,Regular Season,1629029,Luka Dončić
22023,1629029,0022300321,2023-12-14,DAL vs. MIN,L,39,15,27,0.556,2,7,0.286,7,7,1.0,1,5,6,13,2,0,8,2,39,-12,1,2023-24,Regular Season,1629029,Luka Dončić
22023,1629029,0022300341,2023-12-16,DAL @ POR,W,37,15,28,0.536,4,12,0.333,6,6,1.0,2,10,12,10,1,0,4,3,40,-4,1,2023-24,Regular Season,1629029,Luka Dončić
22023,1629029,0022300356,2023-12-18,DAL @ DEN,L,36,13,24,0.542,6,12,0.5,6,10,0.6,3,8,11,8,0,0,3,1,38,-29,1,2023-24,Regular Season,1629029,Luka Dončić
22023,1629029,0022300372,2023-12-20,DAL vs. LAC,L,44,9,25,0.36,2,11,0.182,8,14,0.571,1,8,9,10,1,0,5,1,28,-4,1,2023-24,Regular Season,1629029,Luka Dončić
22023,1629029,0022300398,2023-12-23,DAL vs. SAS,W,32,13,27,0.481,5,10,0.5,8,11,0.727,2,10,12,10,1,1,2,1,39,37,1,2023-24,Regular Season,1629029,Luka Dončić
22023,1629029,0022300405,2023-12-25,DAL @ PHX,W,44,15,25,0.6,8,16,0.5,12,12,1.0,1,5,6,15,4,3,4,2,50,16,1,2023-24,Regular Season,1629029,Luka Dončić
22023,1629029,0022300420,2023-12-27,DAL vs. CLE,L,37,14,29,0.483,3,10,0.3,8,10,0.8,0,7,7,6,2,2,5,0,39,-9,1,2023-24,Regular Season,1629029,Luka Dončić
22023,1629029,0022300444,2023-12-30,DAL @ GSW,W,38,14,29,0.483,5,13,0.385,6,7,0.857,0,8,8,10,1,1,4,3,39,9,1,2023-24,Regular Season,1629029,Luka Dončić
22023,1629029,0022300457,2024-01-01,DAL @ UTA,L,34,6,20,0.3,3,13,0.231,4,6,0.667,0,6,6,14,1,0,4,1,19,-17,1,2023-24,Regular Season,1629029,Luka Dončić
22023,1629029,0022300472,2024-01-03,DAL vs. POR,W,31,13,21,0.619,4,7,0.571,11,14,0.786,0,6,6,5,1,0,4,1,41,23,1,2023-24,Regular Season,1629029,Luka Dončić
22023,1629029,0022300501,2024-01-07,DAL vs. MIN,W,39,12,26,0.462,5,12,0.417,5,8,0.625,0,6,6,8,1,0,3,3,34,5,1,2023-24,Regular Season,1629029,Luka Dončić
22023,1629029,0022300515,2024-01-09,DAL vs. MEM,L,36,9,21,0.429,2,8,0.25,11,15,0.733,0,6,6,6,3,0,3,1,31,-14,1,2023-24,Regular Season,1629029,Luka Dončić
22023,1629029,0022300577,2024-01-17,DAL @ LAL,L,36,12,24,0.5,2,9,0.222,7,9,0.778,0,13,13,10,2,2,4,2,33,-15,1,2023-24,Regular Season,1629029,Luka Dončić
22023,1629029,0022300611,2024-01-22,DAL vs. BOS,L,40,12,30,0.4,2,8,0.25,7,11,0.636,5,13,18,13,2,0,3,5,33,-13,1,2023-24,Regular Season,1629029,Luka Dončić
22023,1629029,0022300625,2024-01-24,DAL vs. PHX,L,39,11,24,0.458,4,11,0.364,8,12,0.667,1,7,8,9,1,2,5,1,34,-22,1,2023-24,Regular Season,1629029,Luka Dončić
22023,1629029,0022300634,2024-01-26,DAL @ ATL,W,45,25,33,0.758,8,13,0.615,15,16,0.938,0,10,10,7,1,0,4,1,73,13,1,2023-24,Regular Season,1629029,Luka Dončić
22023,1629029,0022300651,2024-01-27,DAL vs. SAC,L,46,9,26,0.346,1,9,0.111,9,12,0.75,2,8,10,17,2,1,3,3,28,2,1,2023-24,Regular Season,1629029,Luka Dončić
22023,1629029,0022300666,2024-01-29,DAL vs. ORL,W,43,12,23,0.522,3,8,0.375,18,21,0.857,0,9,9,15,2,0,4,4,45,3,1,2023-24,Regular Season,1629029,Luka Dončić
22023,1629029,0022300702,2024-02-03,DAL vs. MIL,L,42,13,26,0.5,4,12,0.333,10,11,0.909,1,8,9,11,1,0,9,4,40,-12,1,2023-24,Regular Season,1629029,Luka Dončić
22023,1629029,0022300715,2024-02-05,DAL @ PHI,W,36,6,15,0.4,4,10,0.4,3,5,0.6,0,8,8,3,1,0,3,3,19,17,1,2023-24,Regular Season,1629029,Luka Dončić
22023,1629029,0022300720,2024-02-06,DAL @ BKN,W,43,13,27,0.481,4,11,0.364,5,10,0.5,1,17,18,9,2,1,1,3,35,6,1,2023-24,Regular Season,1629029,Luka Dončić
22023,1629029,0022300736,2024-02-08,DAL @ NYK,W,40,13,24,0.542,7,14,0.5,6,7,0.857,0,8,8,11,4,1,3,1,39,18,1,2023-24,Regular Season,1629029,Luka Dončić
22023,1629029,0022300748,2024-02-10,DAL vs. OKC,W,31,9,14,0.643,4,8,0.5,10,13,0.769,0,8,8,9,0,0,3,3,32,18,1,2023-24,Regular Season,1629029,Luka Dončić
22023,1629029,0022300768,2024-02-12,DAL vs. WAS,W,37,8,16,0.5,2,7,0.286,8,11,0.727,1,10,11,15,1,2,5,3,26,19,1,2023-24,Regular Season,1629029,Luka Dončić
22023,1629029,0022300785,2024-02-14,DAL vs. SAS,W,31,11,20,0.55,1,8,0.125,4,4,1.0,0,9,9,8,2,1,5,2,27,25,1,2023-24,Regular Season,1629029,Luka Dončić
22023,1629029,0022300796,2024-02-22,DAL vs. PHX,W,38,14,27,0.519,6,11,0.545,7,7,1.0,0,9,9,11,3,0,3,4,41,9,1,2023-24,Regular Season,1629029,Luka Dončić
22023,1629029,0022300819,2024-02-25,DAL @ IND,L,33,10,21,0.476,4,8,0.5,9,12,0.75,1,5,6,6,1,2,3,4,33,-13,1,2023-24,Regular Season,1629029,Luka Dončić
22023,1629029,0022300832,2024-02-27,DAL @ CLE,L,41,17,29,0.586,6,11,0.545,5,5,1.0,0,9,9,14,3,0,1,1,45,13,1,2023-24,Regular Season,1629029,Luka Dončić
22023,1629029,0022300844,2024-02-28,DAL @ TOR,W,36,11,23,0.478,1,8,0.125,7,9,0.778,1,11,12,16,2,0,5,3,30,11,1,2023-24,Regular Season,1629029,Luka Dončić
22023,1629029,0022300859,2024-03-01,DAL @ BOS,L,37,14,25,0.56,3,9,0.333,6,8,0.75,3,9,12,11,0,0,2,3,37,-20,1,2023-24,Regular Season,1629029,Luka Dončić
22023,1629029,0022300871,2024-03-03,DAL vs. PHI,L,40,14,27,0.519,4,10,0.4,6,6,1.0,2,9,11,10,1,0,7,2,38,9,1,2023-24,Regular Season,1629029,Luka Dončić
22023,1629029,0022300892,2024-03-05,DAL vs. IND,L,43,15,30,0.5,4,13,0.308,5,6,0.833,0,10,10,11,0,0,5,4,39,-18,1,2023-24,Regular Season,1629029,Luka Dončić
22023,1629029,0022300904,2024-03-07,DAL vs. MIA,W,40,12,24,0.5,7,13,0.538,4,4,1.0,0,11,11,11,1,0,4,2,35,11,1,2023-24,Regular Season,1629029,Luka Dončić
22023,1629029,0022300919,2024-03-09,DAL @ DET,W,37,13,24,0.542,4,13,0.308,9,10,0.9,0,10,10,10,3,2,6,1,39,13,1,2023-24,Regular Season,1629029,Luka Dončić
22023,1629029,0022300935,2024-03-11,DAL @ CHI,W,34,9,23,0.391,6,15,0.4,3,4,0.75,2,10,12,14,1,0,2,2,27,34,1,2023-24,Regular Season,1629029,Luka Dončić
22023,1629029,0022300952,2024-03-13,DAL vs. GSW,W,30,7,18,0.389,1,6,0.167,6,8,0.75,1,2,3,9,0,0,6,0,21,14,1,2023-24,Regular Season,1629029,Luka Dončić
22023,1629029,0022300978,2024-03-17,DAL vs. DEN,W,40,12,27,0.444,5,11,0.455,8,10,0.8,4,6,10,3,2,0,3,3,37,-1,1,2023-24,Regular Season,1629029,Luka Dončić
22023,1629029,0022300994,2024-03-19,DAL @ SAS,W,40,6,27,0.222,2,12,0.167,4,5,0.8,0,10,10,16,1,0,4,0,18,5,1,2023-24,Regular Season,1629029,Luka Dončić
22023,1629029,0022301008,2024-03-21,DAL vs. UTA,W,35,11,23,0.478,4,10,0.4,8,12,0.667,1,8,9,8,4,0,4,2,34,-3,1,2023-24,Regular Season,1629029,Luka Dončić
22023,1629029,0022301041,2024-03-25,DAL @ UTA,W,41,10,24,0.417,2,11,0.182,7,8,0.875,2,10,12,13,1,1,4,3,29,10,1,2023-24,Regular Season,1629029,Luka Dončić
22023,1629029,0022301047,2024-03-26,DAL @ SAC,W,32,10,18,0.556,4,8,0.5,4,5,0.8,1,10,11,6,2,0,4,4,28,18,1,2023-24,Regular Season,1629029,Luka Dončić
22023,1629029,0022301073,2024-03-29,DAL @ SAC,W,41,6,14,0.429,4,8,0.5,10,14,0.714,0,9,9,12,2,0,5,2,26,6,1,2023-24,Regular Season,1629029,Luka Dončić
22023,1629029,0022301083,2024-03-31,DAL @ HOU,W,35,18,30,0.6,9,16,0.563,2,5,0.4,0,12,12,7,2,0,4,1,47,12,1,2023-24,Regular Season,1629029,Luka Dončić
22023,1629029,0022300589,2024-04-02,DAL @ GSW,L,39,11,22,0.5,5,11,0.455,3,4,0.75,1,11,12,11,0,0,5,1,30,9,1,2023-24,Regular Season,1629029,Luka Dončić
22023,1629029,0022301124,2024-04-04,DAL vs. ATL,W,37,8,25,0.32,6,15,0.4,3,3,1.0,0,12,12,8,2,1,5,3,25,21,1,2023-24,Regular Season,1629029,Luka Dončić
22023,1629029,0022301131,2024-04-07,DAL vs. HOU,W,45,12,21,0.571,4,10,0.4,9,9,1.0,2,7,9,12,0,2,7,5,37,20,1,2023-24,Regular Season,1629029,Luka Dončić
22023,1629029,0022301144,2024-04-09,DAL @ CHA,W,35,13,25,0.52,8,17,0.471,5,7,0.714,2,10,12,10,0,1,4,2,39,22,1,2023-24,Regular Season,1629029,Luka Dončić
22023,1629029,0022301161,2024-04-10,DAL @ MIA,W,36,9,23,0.391,4,15,0.267,7,8,0.875,1,8,9,9,0,0,3,4,29,7,1,2023-24,Regular Season,1629029,Luka Dončić
42023,1629029,0042300171,2024-04-21,DAL @ LAC,L,42,11,26,0.423,4,12,0.333,7,8,0.875,1,12,13,6,1,0,4,1,33,3,1,2023-24,Playoffs,1629029,Luka Dončić
42023,1629029,0042300172,2024-04-23,DAL @ LAC,W,46,11,26,0.423,5,14,0.357,5,6,0.833,0,6,6,9,1,1,3,3,32,8,1,2023-24,Playoffs,1629029,Luka Dončić
42023,1629029,0042300173,2024-04-26,DAL vs. LAC,W,40,7,25,0.28,3,14,0.214,5,7,0.714,1,9,10,9,2,0,5,2,22,11,1,2023-24,Playoffs,1629029,Luka Dončić
42023,1629029,0042300174,2024-04-28,DAL vs. LAC,L,45,10,24,0.417,1,9,0.111,8,10,0.8,4,6,10,10,0,1,3,5,29,8,1,2023-24,Playoffs,1629029,Luka Dončić
42023,1629029,0042300175,2024-05-01,DAL @ LAC,W,39,14,26,0.538,2,8,0.25,5,5,1.0,1,6,7,10,1,0,2,4,35,28,1,2023-24,Playoffs,1629029,Luka Dončić
42023,1629029,0042300176,2024-05-03,DAL vs. LAC,W,43,9,26,0.346,1,10,0.1,9,11,0.818,1,6,7,13,1,1,5,5,28,9,1,2023-24,Playoffs,1629029,Luka Dončić
42023,1629029,0042300221,2024-05-07,DAL @ OKC,L,41,6,19,0.316,1,8,0.125,6,10,0.6,0,6,6,9,2,0,5,0,19,-21,1,2023-24,Playoffs,1629029,Luka Dončić
42023,1629029,0042300222,2024-05-09,DAL @ OKC,W,41,11,21,0.524,5,8,0.625,2,2,1.0,0,10,10,7,3,1,1,0,29,6,1,2023-24,Playoffs,1629029,Luka Dončić
42023,1629029,0042300223,2024-05-11,DAL vs. OKC,W,40,7,17,0.412,1,4,0.25,7,10,0.7,3,12,15,5,2,0,4,1,22,3,1,2023-24,Playoffs,1629029,Luka Dončić
42023,1629029,0042300224,2024-05-13,DAL vs. OKC,L,42,6,20,0.3,2,9,0.222,4,6,0.667,1,11,12,10,2,1,7,4,18,1,1,2023-24,Playoffs,1629029,Luka Dončić
42023,1629029,0042300225,2024-05-15,DAL @ OKC,W,41,12,22,0.545,5,11,0.455,2,3,0.667,0,10,10,11,0,1,3,3,31,13,1,2023-24,Playoffs,1629029,Luka Dončić
42023,1629029,0042300226,2024-05-18,DAL vs. OKC,W,45,9,15,0.6,4,6,0.667,7,7,1.0,0,10,10,10,2,0,7,4,29,7,1,2023-24,Playoffs,1629029,Luka Dončić
42023,1629029,0042300311,2024-05-22,DAL @ MIN,W,41,12,26,0.462,3,10,0.3,6,7,0.857,0,6,6,8,3,1,4,2,33,-9,1,2023-24,Playoffs,1629029,Luka Dončić
42023,1629029,0042300312,2024-05-24,DAL @ MIN,W,41,10,23,0.435,5,11,0.455,7,7,1.0,1,9,10,13,0,0,4,0,32,6,1,2023-24,Playoffs,1629029,Luka Dončić
42023,1629029,0042300313,2024-05-26,DAL vs. MIN,W,41,10,20,0.5,5,11,0.455,8,10,0.8,1,6,7,5,5,1,3,2,33,6,1,2023-24,Playoffs,1629029,Luka Dončić
42023,1629029,0042300314,2024-05-28,DAL vs. MIN,L,41,7,21,0.333,4,11,0.364,10,12,0.833,2,13,15,10,1,0,3,4,28,-13,1,2023-24,Playoffs,1629029,Luka Dončić
42023,1629029,0042300315,2024-05-30,DAL @ MIN,W,37,14,22,0.636,6,10,0.6,2,3,0.667,0,10,10,5,2,0,4,2,36,22,1,2023-24,Playoffs,1629029,Luka Dončić
42023,1629029,0042300401,2024-06-06,DAL @ BOS,L,38,12,26,0.462,4,12,0.333,2,5,0.4,0,10,10,1,2,0,4,1,30,-10,1,2023-24,Playoffs,1629029,Luka Dončić
42023,1629029,0042300402,2024-06-09,DAL @ BOS,L,42,12,21,0.571,4,9,0.444,4,8,0.5,0,11,11,11,4,0,8,1,32,-3,1,2023-24,Playoffs,1629029,Luka Dončić
42023,1629029,0042300403,2024-06-12,DAL vs. BOS,L,38,11,27,0.407,1,7,0.143,4,4,1.0,0,6,6,6,1,0,3,6,27,9,1,2023-24,Playoffs,1629029,Luka Dončić
42023,1629029,0042300404,2024-06-14,DAL vs. BOS,W,33,12,26,0.462,0,8,0.0,5,7,0.714,0,5,5,5,3,0,1,3,29,30,1,2023-24,Playoffs,1629029,Luka Dončić
42023,1629029,0042300405,2024-06-17,DAL @ BOS,L,43,12,25,0.48,2,9,0.222,2,5,0.4,0,12,12,5,3,0,7,3,28,-19,1,2023-24,Playoffs,1629029,Luka Dončić
22023,1628369,0022300065,2023-10-25,BOS @ NYK,W,39,13,22,0.591,3,8,0.375,5,6,0.833,0,11,11,4,2,1,4,3,34,0,1,2023-24,Regular Season,1628369,Jayson Tatum
22023,1628369,0022300080,2023-10-27,BOS vs. MIA,W,41,9,22,0.409,3,10,0.3,1,3,0.333,0,8,8,5,1,0,2,4,22,13,1,2023-24,Regular Season,1628369,Jayson Tatum
22023,1628369,0022300103,2023-10-30,BOS @ WAS,W,28,14,21,0.667,4,9,0.444,1,1,1.0,0,6,6,3,0,0,2,2,33,27,1,2023-24,Regular Season,1628369,Jayson Tatum
22023,1628369,0022300118,2023-11-01,BOS vs. IND,W,27,9,15,0.6,3,5,0.6,9,10,0.9,2,10,12,4,0,0,2,1,30,36,1,2023-24,Regular Season,1628369,Jayson Tatum
22023,1628369,0022300136,2023-11-04,BOS @ BKN,W,41,10,20,0.5,6,10,0.6,6,6,1.0,1,10,11,1,0,0,3,1,32,18,1,2023-24,Regular Season,1628369,Jayson Tatum
22023,1628369,0022300154,2023-11-06,BOS @ MIN,L,43,12,22,0.545,2,8,0.25,6,8,0.75,0,5,5,2,5,0,6,2,32,3,1,2023-24,Regular Season,1628369,Jayson Tatum
22023,1628369,0022300159,2023-11-08,BOS @ PHI,L,37,6,14,0.429,2,6,0.333,2,3,0.667,1,14,15,6,3,0,2,2,16,-1,1,2023-24,Regular Season,1628369,Jayson Tatum
22023,1628369,0022300010,2023-11-10,BOS vs. BKN,W,33,6,17,0.353,4,11,0.364,7,9,0.778,1,9,10,3,0,0,2,1,23,28,1,2023-24,Regular Season,1628369,Jayson Tatum
22023,1628369,0022300174,2023-11-11,BOS vs. TOR,W,34,10,18,0.556,3,9,0.333,4,6,0.667,0,5,5,4,0,1,1,2,27,42,1,2023-24,Regular Season,1628369,Jayson Tatum
22023,1628369,0022300188,2023-11-13,BOS vs. NYK,W,39,13,23,0.565,5,12,0.417,4,5,0.8,1,5,6,7,1,0,3,5,35,12,1,2023-24,Regular Season,1628369,Jayson Tatum
22023,1628369,0022300194,2023-11-15,BOS @ PHI,W,39,10,23,0.435,4,10,0.4,5,6,0.833,2,6,8,6,2,0,3,1,29,2,1,2023-24,Regular Season,1628369,Jayson Tatum
22023,1628369,0022300031,2023-11-17,BOS @ TOR,W,37,8,22,0.364,1,11,0.091,0,0,0.0,1,6,7,2,1,0,3,3,17,-4,1,2023-24,Regular Season,1628369,Jayson Tatum
22023,1628369,0022300213,2023-11-19,BOS @ MEM,W,35,7,13,0.538,1,1,1.0,5,6,0.833,2,7,9,5,1,1,8,4,20,-1,1,2023-24,Regular Season,1628369,Jayson Tatum
22023,1628369,0022300217,2023-11-20,BOS @ CHA,L,44,15,28,0.536,7,15,0.467,8,10,0.8,0,13,13,6,0,2,3,1,45,-5,1,2023-24,Regular Season,1628369,Jayson Tatum
22023,1628369,0022300228,2023-11-22,BOS vs. MIL,W,36,7,17,0.412,2,9,0.222,7,9,0.778,0,11,11,4,0,1,2,2,23,-2,1,2023-24,Regular Season,1628369,Jayson Tatum
22023,1628369,0022300043,2023-11-24,BOS @ ORL,L,39,7,16,0.438,0,3,0.0,12,13,0.923,0,5,5,3,2,0,2,3,26,-21,1,2023-24,Regular Season,1628369,Jayson Tatum
22023,1628369,0022300246,2023-11-26,BOS vs. ATL,W,39,11,25,0.44,5,13,0.385,7,10,0.7,1,8,9,4,2,0,6,2,34,3,1,2023-24,Regular Season,1628369,Jayson Tatum
22023,1628369,0022300053,2023-11-28,BOS vs. CHI,W,36,8,16,0.5,2,8,0.25,3,3,1.0,1,6,7,4,0,0,4,2,21,18,1,2023-24,Regular Season,1628369,Jayson Tatum
22023,1628369,0022300275,2023-12-01,BOS vs. PHI,W,27,6,9,0.667,2,5,0.4,7,9,0.778,0,7,7,4,1,1,7,1,21,-7,1,2023-24,Regular Season,1628369,Jayson Tatum
22023,1628369,0022301202,2023-12-04,BOS @ IND,L,37,13,26,0.5,2,8,0.25,4,7,0.571,1,11,12,6,1,0,2,2,32,-14,1,2023-24,Regular Season,1628369,Jayson Tatum
22023,1628369,0022301227,2023-12-08,BOS vs. NYK,W,39,8,18,0.444,3,9,0.333,6,8,0.75,0,6,6,5,1,0,0,3,25,17,1,2023-24,Regular Season,1628369,Jayson Tatum
22023,1628369,0022300305,2023-12-12,BOS vs. CLE,W,41,7,19,0.368,2,9,0.222,9,9,1.0,0,10,10,5,0,2,4,3,25,9,1,2023-24,Regular Season,1628369,Jayson Tatum
22023,1628369,0022300319,2023-12-14,BOS vs. CLE,W,36,9,22,0.409,3,10,0.3,6,8,0.75,3,8,11,3,0,3,3,1,27,2,1,2023-24,Regular Season,1628369,Jayson Tatum
22023,1628369,0022300329,2023-12-15,BOS vs. ORL,W,39,11,22,0.5,2,9,0.222,6,9,0.667,0,6,6,4,0,0,2,3,30,14,1,2023-24,Regular Season,1628369,Jayson Tatum
22023,1628369,0022300344,2023-12-17,BOS vs. ORL,W,31,8,21,0.381,4,6,0.667,3,4,0.75,3,5,8,3,0,1,1,3,23,9,1,2023-24,Regular Season,1628369,Jayson Tatum
22023,1628369,0022300362,2023-12-19,BOS @ GSW,L,41,5,17,0.294,2,9,0.222,3,3,1.0,3,5,8,7,2,0,0,0,15,-9,1,2023-24,Regular Season,1628369,Jayson Tatum
22023,1628369,0022300389,2023-12-23,BOS @ LAC,W,30,9,16,0.563,5,10,0.5,7,9,0.778,0,4,4,2,1,0,2,0,30,19,1,2023-24,Regular Season,1628369,Jayson Tatum
22023,1628369,0022300403,2023-12-25,BOS @ LAL,W,41,6,15,0.4,1,6,0.167,12,13,0.923,0,8,8,7,0,1,1,0,25,10,1,2023-24,Regular Season,1628369,Jayson Tatum
22023,1628369,0022300421,2023-12-28,BOS vs. DET,W,43,11,31,0.355,2,11,0.182,7,8,0.875,2,5,7,10,5,0,3,4,31,10,1,2023-24,Regular Season,1628369,Jayson Tatum
22023,1628369,0022300448,2023-12-31,BOS @ SAS,W,31,10,17,0.588,5,10,0.5,0,0,0.0,1,5,6,2,0,2,3,1,25,32,1,2023-24,Regular Season,1628369,Jayson Tatum
22023,1628369,0022300462,2024-01-02,BOS @ OKC,L,38,10,21,0.476,2,5,0.4,8,10,0.8,5,8,13,8,1,0,4,3,30,0,1,2023-24,Regular Season,1628369,Jayson Tatum
22023,1628369,0022300479,2024-01-05,BOS vs. UTA,W,25,6,12,0.5,5,8,0.625,13,14,0.929,0,9,9,5,1,1,1,1,30,34,1,2023-24,Regular Season,1628369,Jayson Tatum
22023,1628369,0022300493,2024-01-06,BOS @ IND,W,38,14,23,0.609,8,13,0.615,2,4,0.5,1,12,13,6,1,0,4,4,38,19,1,2023-24,Regular Season,1628369,Jayson Tatum
22023,1628369,0022300517,2024-01-10,BOS vs. MIN,W,42,13,26,0.5,6,11,0.545,13,14,0.929,0,4,4,2,1,0,1,3,45,3,1,2023-24,Regular Season,1628369,Jayson Tatum
22023,1628369,0022300528,2024-01-11,BOS @ MIL,L,16,2,6,0.333,0,1,0.0,3,4,0.75,0,1,1,3,0,0,1,2,7,-31,1,2023-24,Regular Season,1628369,Jayson Tatum
22023,1628369,0022300542,2024-01-13,BOS vs. HOU,W,30,9,17,0.529,4,7,0.571,5,7,0.714,1,7,8,5,1,1,2,2,27,9,1,2023-24,Regular Season,1628369,Jayson Tatum
22023,1628369,0022300563,2024-01-15,BOS @ TOR,W,37,7,19,0.368,1,6,0.167,4,4,1.0,0,14,14,6,1,1,1,2,19,8,1,2023-24,Regular Season,1628369,Jayson Tatum
22023,1628369,0022300571,2024-01-17,BOS vs. SAS,W,32,9,21,0.429,3,8,0.375,3,5,0.6,0,5,5,2,0,0,2,2,24,11,1,2023-24,Regular Season,1628369,Jayson Tatum
22023,1628369,0022300586,2024-01-19,BOS vs. DEN,L,39,9,24,0.375,1,8,0.125,3,3,1.0,2,6,8,5,1,0,0,1,22,6,1,2023-24,Regular Season,1628369,Jayson Tatum
22023,1628369,0022300603,2024-01-21,BOS @ HOU,W,35,4,17,0.235,1,6,0.167,9,12,0.75,1,6,7,3,1,0,2,0,18,-4,1,2023-24,Regular Season,1628369,Jayson Tatum
22023,1628369,0022300611,2024-01-22,BOS @ DAL,W,41,11,21,0.524,2,8,0.25,15,19,0.789,0,11,11,5,3,2,0,4,39,27,1,2023-24,Regular Season,1628369,Jayson Tatum
22023,1628369,0022300630,2024-01-25,BOS @ MIA,W,32,7,15,0.467,3,7,0.429,9,10,0.9,1,7,8,4,0,0,1,1,26,22,1,2023-24,Regular Season,1628369,Jayson Tatum
22023,1628369,0022300646,2024-01-27,BOS vs. LAC,L,30,8,18,0.444,2,4,0.5,3,3,1.0,3,8,11,1,0,1,3,2,21,-32,1,2023-24,Regular Season,1628369,Jayson Tatum
22023,1628369,0022300659,2024-01-29,BOS vs. NOP,W,38,10,18,0.556,2,8,0.25,6,7,0.857,0,10,10,8,3,1,7,1,28,9,1,2023-24,Regular Season,1628369,Jayson Tatum
22023,1628369,0022300670,2024-01-30,BOS vs. IND,W,39,12,19,0.632,4,9,0.444,2,3,0.667,0,7,7,7,1,2,2,2,30,-4,1,2023-24,Regular Season,1628369,Jayson Tatum
22023,1628369,0022300684,2024-02-01,BOS vs. LAL,L,37,8,21,0.381,5,10,0.5,2,2,1.0,2,5,7,3,1,1,2,3,23,-12,1,2023-24,Regular Season,1628369,Jayson Tatum
22023,1628369,0022300706,2024-02-04,BOS vs. MEM,W,31,12,22,0.545,6,12,0.5,4,4,1.0,1,7,8,7,1,0,2,1,34,27,1,2023-24,Regular Season,1628369,Jayson Tatum
22023,1628369,0022300729,2024-02-07,BOS vs. ATL,W,36,8,21,0.381,2,13,0.154,2,2,1.0,0,9,9,7,1,0,3,3,20,3,1,2023-24,Regular Season,1628369,Jayson Tatum
22023,1628369,0022300743,2024-02-09,BOS vs. WAS,W,38,12,22,0.545,3,10,0.3,8,9,0.889,1,9,10,8,1,2,2,1,35,9,1,2023-24,Regular Season,1628369,Jayson Tatum
22023,1628369,0022300759,2024-02-11,BOS @ MIA,W,39,11,20,0.55,2,6,0.333,2,2,1.0,1,9,10,9,0,2,1,1,26,5,1,2023-24,Regular Season,1628369,Jayson Tatum
22023,1628369,0022300771,2024-02-13,BOS @ BKN,W,39,14,26,0.538,5,11,0.455,8,8,1.0,0,14,14,5,2,1,2,3,41,21,1,2023-24,Regular Season,1628369,Jayson Tatum
22023,1628369,0022300780,2024-02-14,BOS vs. BKN,W,28,7,16,0.438,2,7,0.286,4,5,0.8,1,6,7,9,0,0,1,0,20,27,1,2023-24,Regular Season,1628369,Jayson Tatum
22023,1628369,0022300797,2024-02-22,BOS @ CHI,W,35,8,17,0.471,5,10,0.5,4,6,0.667,0,7,7,5,3,0,3,3,25,13,1,2023-24,Regular Season,1628369,Jayson Tatum
22023,1628369,0022300816,2024-02-24,BOS @ NYK,W,43,7,15,0.467,2,8,0.25,3,4,0.75,1,5,6,6,2,1,4,3,19,15,1,2023-24,Regular Season,1628369,Jayson Tatum
22023,1628369,0022300836,2024-02-27,BOS vs. PHI,W,35,9,20,0.45,1,7,0.143,10,11,0.909,0,11,11,8,0,1,1,1,29,27,1,2023-24,Regular Season,1628369,Jayson Tatum
22023,1628369,0022300859,2024-03-01,BOS vs. DAL,W,37,10,19,0.526,5,9,0.556,7,7,1.0,0,8,8,3,0,0,4,2,32,17,1,2023-24,Regular Season,1628369,Jayson Tatum
22023,1628369,0022300872,2024-03-03,BOS vs. GSW,W,25,9,13,0.692,4,5,0.8,5,5,1.0,0,3,3,5,1,1,0,2,27,40,1,2023-24,Regular Season,1628369,Jayson Tatum
22023,1628369,0022300886,2024-03-05,BOS @ CLE,L,38,8,21,0.381,5,9,0.556,5,6,0.833,2,11,13,2,0,0,2,3,26,-7,1,2023-24,Regular Season,1628369,Jayson Tatum
22023,1628369,0022300906,2024-03-07,BOS @ DEN,L,39,5,13,0.385,2,5,0.4,3,4,0.75,1,3,4,8,2,0,5,4,15,-2,1,2023-24,Regular Season,1628369,Jayson Tatum
22023,1628369,0022300920,2024-03-09,BOS @ PHX,W,42,11,28,0.393,5,9,0.556,2,2,1.0,3,7,10,7,1,0,4,0,29,4,1,2023-24,Regular Season,1628369,Jayson Tatum
22023,1628369,0022300938,2024-03-11,BOS @ POR,W,36,9,23,0.391,2,8,0.25,6,8,0.75,0,5,5,8,0,0,1,0,26,16,1,2023-24,Regular Season,1628369,Jayson Tatum
22023,1628369,0022300943,2024-03-12,BOS @ UTA,W,34,13,25,0.52,4,10,0.4,8,8,1.0,2,4,6,2,0,1,3,3,38,8,1,2023-24,Regular Season,1628369,Jayson Tatum
22023,1628369,0022300955,2024-03-14,BOS vs. PHX,W,33,10,18,0.556,4,8,0.5,2,3,0.667,1,4,5,5,0,0,3,3,26,26,1,2023-24,Regular Season,1628369,Jayson Tatum
22023,1628369,0022300980,2024-03-17,BOS @ WAS,W,27,8,17,0.471,6,12,0.5,8,10,0.8,0,6,6,6,3,1,2,1,30,26,1,2023-24,Regular Season,1628369,Jayson Tatum
22023,1628369,0022300998,2024-03-20,BOS vs. MIL,W,39,9,19,0.474,4,7,0.571,9,10,0.9,0,8,8,4,3,2,2,2,31,2,1,2023-24,Regular Season,1628369,Jayson Tatum
22023,1628369,0022301023,2024-03-23,BOS @ CHI,W,37,8,20,0.4,2,7,0.286,8,9,0.889,1,1,2,6,1,1,5,1,26,5,1,2023-24,Regular Season,1628369,Jayson Tatum
22023,1628369,0022301034,2024-03-25,BOS @ ATL,L,39,13,26,0.5,2,7,0.286,9,11,0.818,2,6,8,5,2,1,2,1,37,3,1,2023-24,Regular Season,1628369,Jayson Tatum
22023,1628369,0022301060,2024-03-28,BOS @ ATL,L,45,9,22,0.409,2,7,0.286,11,13,0.846,3,10,13,6,0,0,2,3,31,-11,1,2023-24,Regular Season,1628369,Jayson Tatum
22023,1628369,0022301074,2024-03-30,BOS @ NOP,W,36,10,17,0.588,3,6,0.5,0,0,0.0,1,8,9,4,0,0,4,1,23,8,1,2023-24,Regular Season,1628369,Jayson Tatum
22023,1628369,0022301087,2024-04-01,BOS @ CHA,W,34,9,19,0.474,4,10,0.4,3,3,1.0,0,10,10,4,2,1,4,2,25,14,1,2023-24,Regular Season,1628369,Jayson Tatum
22023,1628369,0022301105,2024-04-03,BOS vs. OKC,W,29,7,15,0.467,2,5,0.4,8,8,1.0,3,4,7,3,1,0,0,2,24,14,1,2023-24,Regular Season,1628369,Jayson Tatum
22023,1628369,0022301118,2024-04-05,BOS vs. SAC,W,33,5,15,0.333,1,6,0.167,6,8,0.75,0,6,6,5,0,0,3,0,17,14,1,2023-24,Regular Season,1628369,Jayson Tatum
22023,1628369,0022301148,2024-04-09,BOS @ MIL,L,37,9,19,0.474,4,9,0.444,0,0,0.0,0,5,5,6,0,1,2,1,22,-11,1,2023-24,Regular Season,1628369,Jayson Tatum
22023,1628369,0022301167,2024-04-11,BOS vs. NYK,L,32,5,13,0.385,1,7,0.143,7,9,0.778,1,3,4,7,2,1,2,3,18,-30,1,2023-24,Regular Season,1628369,Jayson Tatum
42023,1628369,0042300101,2024-04-21,BOS vs. MIA,W,41,7,18,0.389,1,8,0.125,8,8,1.0,1,9,10,10,2,0,3,4,23,3,1,2023-24,Playoffs,1628369,Jayson Tatum
42023,1628369,0042300102,2024-04-24,BOS vs. MIA,L,41,10,20,0.5,2,6,0.333,6,8,0.75,0,8,8,3,0,1,3,3,28,6,1,2023-24,Playoffs,1628369,Jayson Tatum
42023,1628369,0042300103,2024-04-27,BOS @ MIA,W,39,6,16,0.375,2,7,0.286,8,12,0.667,0,11,11,6,0,1,0,3,22,22,1,2023-24,Playoffs,1628369,Jayson Tatum
42023,1628369,0042300104,2024-04-29,BOS @ MIA,W,37,5,14,0.357,2,6,0.333,8,8,1.0,0,11,11,5,0,0,1,3,20,12,1,2023-24,Playoffs,1628369,Jayson Tatum
42023,1628369,0042300105,2024-05-01,BOS vs. MIA,W,32,4,9,0.444,2,4,0.5,6,9,0.667,0,12,12,3,0,1,2,2,16,35,1,2023-24,Playoffs,1628369,Jayson Tatum
42023,1628369,0042300201,2024-05-07,BOS vs. CLE,W,35,7,19,0.368,0,5,0.0,4,4,1.0,2,9,11,5,0,3,1,3,18,18,1,2023-24,Playoffs,1628369,Jayson Tatum
42023,1628369,0042300202,2024-05-09,BOS vs. CLE,L,38,7,17,0.412,2,5,0.4,9,11,0.818,0,7,7,6,1,0,1,3,25,-22,1,2023-24,Playoffs,1628369,Jayson Tatum
42023,1628369,0042300203,2024-05-11,BOS @ CLE,W,42,11,25,0.44,2,8,0.25,9,9,1.0,1,12,13,6,1,1,5,2,33,8,1,2023-24,Playoffs,1628369,Jayson Tatum
42023,1628369,0042300204,2024-05-13,BOS @ CLE,W,44,11,25,0.44,2,8,0.25,9,9,1.0,2,9,11,5,2,1,4,2,33,6,1,2023-24,Playoffs,1628369,Jayson Tatum
42023,1628369,0042300205,2024-05-15,BOS vs. CLE,W,43,9,16,0.563,3,7,0.429,4,4,1.0,0,10,10,9,4,0,1,3,25,18,1,2023-24,Playoffs,1628369,Jayson Tatum
42023,1628369,0042300301,2024-05-21,BOS vs. IND,W,46,12,26,0.462,2,8,0.25,10,12,0.833,2,10,12,4,3,0,4,4,36,20,1,2023-24,Playoffs,1628369,Jayson Tatum
42023,1628369,0042300302,2024-05-23,BOS vs. IND,W,42,9,20,0.45,1,7,0.143,4,4,1.0,1,5,6,5,0,0,4,3,23,0,1,2023-24,Playoffs,1628369,Jayson Tatum
42023,1628369,0042300303,2024-05-25,BOS @ IND,W,44,12,23,0.522,5,10,0.5,7,11,0.636,1,9,10,8,1,2,0,3,36,9,1,2023-24,Playoffs,1628369,Jayson Tatum
42023,1628369,0042300304,2024-05-27,BOS @ IND,W,44,11,26,0.423,3,11,0.273,1,1,1.0,3,10,13,8,1,0,5,5,26,6,1,2023-24,Playoffs,1628369,Jayson Tatum
42023,1628369,0042300401,2024-06-06,BOS vs. DAL,W,42,6,16,0.375,3,7,0.429,1,2,0.5,2,9,11,5,0,1,6,1,16,19,1,2023-24,Playoffs,1628369,Jayson Tatum
42023,1628369,0042300402,2024-06-09,BOS vs. DAL,W,45,6,22,0.273,1,7,0.143,5,6,0.833,1,8,9,12,1,0,3,2,18,6,1,2023-24,Playoffs,1628369,Jayson Tatum
42023,1628369,0042300403,2024-06-12,BOS @ DAL,W,42,11,26,0.423,4,13,0.308,5,5,1.0,0,6,6,5,1,0,2,2,31,-4,1,2023-24,Playoffs,1628369,Jayson Tatum
42023,1628369,0042300404,2024-06-14,BOS @ DAL,L,27,4,10,0.4,1,4,0.25,6,6,1.0,0,5,5,3,1,2,3,4,15,-33,1,2023-24,Playoffs,1628369,Jayson Tatum
42023,1628369,0042300405,2024-06-17,BOS vs. DAL,W,45,11,24,0.458,1,7,0.143,8,8,1.0,1,7,8,11,2,0,2,2,31,18,1,2023-24,Playoffs,1628369,Jayson Tatum
22023,203954,0022300075,2023-10-26,PHI @ MIL,L,36,9,21,0.429,3,7,0.429,3,8,0.375,0,7,7,6,0,1,7,5,24,-1,1,2023-24,Regular Season,203954,Joel Embiid
22023,203954,0022300092,2023-10-28,PHI @ TOR,W,35,14,21,0.667,1,3,0.333,5,6,0.833,0,9,9,8,1,2,1,0,34,-2,1,2023-24,Regular Season,203954,Joel Embiid
22023,203954,0022300098,2023-10-29,PHI vs. POR,W,29,12,22,0.545,2,4,0.5,9,12,0.75,5,10,15,7,2,6,3,3,35,28,1,2023-24,Regular Season,203954,Joel Embiid
22023,203954,0022300128,2023-11-02,PHI vs. TOR,W,35,8,22,0.364,0,2,0.0,12,13,0.923,5,8,13,7,0,1,4,2,28,22,1,2023-24,Regular Season,203954,Joel Embiid
22023,203954,0022300132,2023-11-04,PHI vs. PHX,W,31,9,18,0.5,3,3,1.0,5,5,1.0,3,8,11,3,0,1,4,2,26,4,1,2023-24,Regular Season,203954,Joel Embiid
22023,203954,0022300148,2023-11-06,PHI vs. WAS,W,31,17,25,0.68,0,2,0.0,14,14,1.0,2,9,11,6,1,1,1,2,48,15,1,2023-24,Regular Season,203954,Joel Embiid
22023,203954,0022300159,2023-11-08,PHI vs. BOS,W,37,10,20,0.5,1,4,0.25,6,6,1.0,1,9,10,4,1,4,6,3,27,4,1,2023-24,Regular Season,203954,Joel Embiid
22023,203954,0022300008,2023-11-10,PHI @ DET,W,36,8,21,0.381,1,4,0.25,16,19,0.842,7,9,16,3,0,2,5,3,33,1,1,2023-24,Regular Season,203954,Joel Embiid
22023,203954,0022300180,2023-11-12,PHI vs. IND,W,33,12,26,0.462,1,4,0.25,12,14,0.857,8,5,13,7,1,1,3,2,37,-1,1,2023-24,Regular Season,203954,Joel Embiid
22023,203954,0022300019,2023-11-14,PHI vs. IND,L,38,11,22,0.5,0,4,0.0,17,17,1.0,3,9,12,6,3,0,5,4,39,-9,1,2023-24,Regular Season,203954,Joel Embiid
22023,203954,0022300194,2023-11-15,PHI vs. BOS,L,34,8,16,0.5,0,2,0.0,4,4,1.0,3,6,9,7,1,0,2,3,20,-25,1,2023-24,Regular Season,203954,Joel Embiid
22023,203954,0022300029,2023-11-17,PHI @ ATL,W,37,10,19,0.526,1,3,0.333,11,11,1.0,2,5,7,8,2,0,4,3,32,16,1,2023-24,Regular Season,203954,Joel Embiid
22023,203954,0022300208,2023-11-19,PHI @ BKN,W,31,11,24,0.458,1,2,0.5,9,10,0.9,2,10,12,9,0,1,1,3,32,25,1,2023-24,Regular Season,203954,Joel Embiid
22023,203954,0022300040,2023-11-21,PHI vs. CLE,L,41,9,21,0.429,1,3,0.333,13,16,0.813,3,10,13,5,2,5,6,6,32,3,1,2023-24,Regular Season,203954,Joel Embiid
22023,203954,0022300239,2023-11-25,PHI @ OKC,W,37,8,18,0.444,0,4,0.0,19,21,0.905,4,7,11,9,1,4,4,5,35,7,1,2023-24,Regular Season,203954,Joel Embiid
22023,203954,0022300255,2023-11-27,PHI vs. LAL,W,31,9,15,0.6,2,3,0.667,10,12,0.833,4,7,11,11,1,1,3,2,30,11,1,2023-24,Regular Season,203954,Joel Embiid
22023,203954,0022301208,2023-12-06,PHI @ WAS,W,38,19,29,0.655,1,2,0.5,11,13,0.846,6,7,13,7,1,1,6,2,50,8,1,2023-24,Regular Season,203954,Joel Embiid
22023,203954,0022301218,2023-12-08,PHI vs. ATL,W,36,12,24,0.5,1,3,0.333,13,15,0.867,4,10,14,3,1,4,2,1,38,16,1,2023-24,Regular Season,203954,Joel Embiid
22023,203954,0022300295,2023-12-11,PHI vs. WAS,W,30,14,20,0.7,2,5,0.4,4,4,1.0,0,11,11,6,2,1,7,4,34,30,1,2023-24,Regular Season,203954,Joel Embiid
22023,203954,0022300310,2023-12-13,PHI @ DET,W,31,14,24,0.583,1,3,0.333,12,12,1.0,4,7,11,5,2,0,2,1,41,27,1,2023-24,Regular Season,203954,Joel Embiid
22023,203954,0022300327,2023-12-15,PHI vs. DET,W,29,9,19,0.474,2,3,0.667,15,16,0.938,0,13,13,2,2,4,4,2,35,28,1,2023-24,Regular Season,203954,Joel Embiid
22023,203954,0022300335,2023-12-16,PHI @ CHA,W,30,18,23,0.783,0,1,0.0,6,6,1.0,0,15,15,3,1,2,4,2,42,36,1,2023-24,Regular Season,203954,Joel Embiid
22023,203954,0022300351,2023-12-18,PHI vs. CHI,L,37,15,28,0.536,2,6,0.333,8,9,0.889,1,13,14,6,0,2,4,5,40,-5,1,2023-24,Regular Season,203954,Joel Embiid
22023,203954,0022300367,2023-12-20,PHI vs. MIN,W,36,17,25,0.68,0,1,0.0,17,18,0.944,2,10,12,3,2,1,2,5,51,3,1,2023-24,Regular Season,203954,Joel Embiid
22023,203954,0022300382,2023-12-22,PHI vs. TOR,W,35,11,21,0.524,2,2,1.0,7,8,0.875,1,9,10,9,2,4,6,1,31,2,1,2023-24,Regular Season,203954,Joel Embiid
22023,203954,0022300459,2024-01-02,PHI vs. CHI,W,31,10,20,0.5,2,5,0.4,9,12,0.75,0,15,15,10,1,2,4,4,31,32,1,2023-24,Regular Season,203954,Joel Embiid
22023,203954,0022300483,2024-01-05,PHI vs. NYK,L,36,10,23,0.435,1,1,1.0,9,12,0.75,3,7,10,3,1,3,6,3,30,-29,1,2023-24,Regular Season,203954,Joel Embiid
22023,203954,0022300555,2024-01-15,PHI vs. HOU,W,31,12,21,0.571,1,5,0.2,16,17,0.941,2,8,10,3,1,1,2,5,41,7,1,2023-24,Regular Season,203954,Joel Embiid
22023,203954,0022300566,2024-01-16,PHI vs. DEN,W,39,13,22,0.591,3,6,0.5,12,15,0.8,1,6,7,10,0,1,3,4,41,0,1,2023-24,Regular Season,203954,Joel Embiid
22023,203954,0022300585,2024-01-19,PHI @ ORL,W,31,12,22,0.545,1,2,0.5,11,11,1.0,1,6,7,2,4,0,1,1,36,12,1,2023-24,Regular Season,203954,Joel Embiid
22023,203954,0022300593,2024-01-20,PHI @ CHA,W,37,11,23,0.478,0,1,0.0,11,12,0.917,1,9,10,5,0,3,3,2,33,-2,1,2023-24,Regular Season,203954,Joel Embiid
22023,203954,0022300608,2024-01-22,PHI vs. SAS,W,37,24,41,0.585,1,2,0.5,21,23,0.913,9,9,18,5,1,1,1,2,70,11,1,2023-24,Regular Season,203954,Joel Embiid
22023,203954,0022300627,2024-01-25,PHI @ IND,L,31,11,20,0.55,2,4,0.5,7,10,0.7,1,6,7,3,0,0,2,1,31,-20,1,2023-24,Regular Season,203954,Joel Embiid
22023,203954,0022300673,2024-01-30,PHI @ GSW,L,30,5,18,0.278,2,6,0.333,2,2,1.0,1,6,7,2,2,0,8,5,14,-21,1,2023-24,Regular Season,203954,Joel Embiid
22023,203954,0022301093,2024-04-02,PHI vs. OKC,W,29,6,14,0.429,0,3,0.0,12,12,1.0,1,5,6,7,3,0,6,4,24,-2,1,2023-24,Regular Season,203954,Joel Embiid
22023,203954,0022301111,2024-04-04,PHI @ MIA,W,33,11,25,0.44,3,6,0.5,4,5,0.8,0,4,4,3,1,1,1,2,29,-19,1,2023-24,Regular Season,203954,Joel Embiid
22023,203954,0022301129,2024-04-06,PHI @ MEM,W,23,9,13,0.692,2,2,1.0,10,13,0.769,3,9,12,1,0,2,8,2,30,15,1,2023-24,Regular Season,203954,Joel Embiid
22023,203954,0022301145,2024-04-09,PHI vs. DET,W,36,12,22,0.545,4,9,0.444,9,10,0.9,2,9,11,8,3,2,5,4,37,17,1,2023-24,Regular Season,203954,Joel Embiid
22023,203954,0022301171,2024-04-12,PHI vs. ORL,W,32,10,23,0.435,4,7,0.571,8,9,0.889,0,13,13,7,0,1,4,2,32,22,1,2023-24,Regular Season,203954,Joel Embiid
42023,203954,0042300111,2024-04-20,PHI @ NYK,L,37,8,22,0.364,2,8,0.25,11,12,0.917,3,5,8,6,2,0,2,3,29,14,1,2023-24,Playoffs,203954,Joel Embiid
42023,203954,0042300112,2024-04-22,PHI @ NYK,L,39,12,29,0.414,2,9,0.222,8,12,0.667,5,5,10,6,0,1,2,2,34,3,1,2023-24,Playoffs,203954,Joel Embiid
42023,203954,0042300113,2024-04-25,PHI vs. NYK,W,41,13,19,0.684,5,7,0.714,19,21,0.905,1,7,8,4,0,1,3,3,50,16,1,2023-24,Playoffs,203954,Joel Embiid
42023,203954,0042300114,2024-04-28,PHI vs. NYK,L,44,7,19,0.368,1,6,0.167,12,14,0.857,0,10,10,6,3,2,4,3,27,1,1,2023-24,Playoffs,203954,Joel Embiid
42023,203954,0042300115,2024-04-30,PHI @ NYK,W,48,7,19,0.368,1,4,0.25,4,6,0.667,5,11,16,10,1,4,9,3,19,14,1,2023-24,Playoffs,203954,Joel Embiid
42023,203954,0042300116,2024-05-02,PHI vs. NYK,L,40,12,25,0.48,2,5,0.4,13,13,1.0,5,8,13,2,1,1,5,6,39,-2,1,2023-24,Playoffs,203954,Joel Embiid
22023,203999,0022300061,2023-10-24,DEN vs. LAL,W,36,12,22,0.545,3,5,0.6,2,4,0.5,3,10,13,11,1,1,2,2,29,15,1,2023-24,Regular Season,203999,Nikola Jokić
22023,203999,0022300078,2023-10-27,DEN @ MEM,W,35,8,14,0.571,1,4,0.25,5,6,0.833,3,9,12,7,1,1,9,1,22,6,1,2023-24,Regular Season,203999,Nikola Jokić
22023,203999,0022300095,2023-10-29,DEN @ OKC,W,30,12,16,0.75,1,2,0.5,3,3,1.0,2,12,14,5,0,0,4,3,28,21,1,2023-24,Regular Season,203999,Nikola Jokić
22023,203999,0022300110,2023-10-30,DEN vs. UTA,W,35,12,16,0.75,1,3,0.333,2,5,0.4,1,9,10,11,0,2,1,3,27,13,1,2023-24,Regular Season,203999,Nikola Jokić
22023,203999,0022300123,2023-11-01,DEN @ MIN,L,30,11,23,0.478,1,6,0.167,2,2,1.0,2,8,10,3,0,0,5,0,25,-19,1,2023-24,Regular Season,203999,Nikola Jokić
22023,203999,0022300006,2023-11-03,DEN vs. DAL,W,36,14,16,0.875,2,2,1.0,3,5,0.6,7,7,14,9,1,1,4,3,33,17,1,2023-24,Regular Season,203999,Nikola Jokić
22023,203999,0022300139,2023-11-04,DEN vs. CHI,W,33,9,16,0.563,1,3,0.333,9,9,1.0,4,12,16,9,3,0,1,3,28,33,1,2023-24,Regular Season,203999,Nikola Jokić
22023,203999,0022300156,2023-11-06,DEN vs. NOP,W,36,15,24,0.625,2,6,0.333,3,5,0.6,3,11,14,12,1,1,2,1,35,16,1,2023-24,Regular Season,203999,Nikola Jokić
22023,203999,0022300169,2023-11-08,DEN vs. GSW,W,37,14,25,0.56,1,8,0.125,6,10,0.6,3,10,13,5,3,1,3,3,35,3,1,2023-24,Regular Season,203999,Nikola Jokić
22023,203999,0022300182,2023-11-12,DEN @ HOU,L,38,13,26,0.5,2,6,0.333,8,8,1.0,6,15,21,11,0,1,3,3,36,12,1,2023-24,Regular Season,203999,Nikola Jokić
22023,203999,0022300024,2023-11-14,DEN vs. LAC,W,36,8,23,0.348,2,7,0.286,14,14,1.0,3,13,16,9,1,0,4,2,32,3,1,2023-24,Regular Season,203999,Nikola Jokić
22023,203999,0022300034,2023-11-17,DEN @ NOP,L,36,10,20,0.5,1,8,0.125,5,5,1.0,2,14,16,18,1,1,4,2,26,5,1,2023-24,Regular Season,203999,Nikola Jokić
22023,203999,0022300210,2023-11-19,DEN @ CLE,L,28,8,13,0.615,0,0,0.0,2,5,0.4,1,9,10,7,1,1,3,5,18,-16,1,2023-24,Regular Season,203999,Nikola Jokić
22023,203999,0022300218,2023-11-20,DEN @ DET,W,15,4,8,0.5,1,4,0.25,0,0,0.0,0,5,5,5,0,1,1,1,9,-4,1,2023-24,Regular Season,203999,Nikola Jokić
22023,203999,0022300226,2023-11-22,DEN @ ORL,L,36,12,18,0.667,1,2,0.5,5,5,1.0,5,8,13,12,3,2,1,4,30,4,1,2023-24,Regular Season,203999,Nikola Jokić
22023,203999,0022300048,2023-11-24,DEN @ HOU,L,42,14,31,0.452,3,8,0.375,7,11,0.636,6,13,19,8,3,0,3,3,38,-12,1,2023-24,Regular Season,203999,Nikola Jokić
22023,203999,0022300252,2023-11-26,DEN vs. SAS,W,34,17,29,0.586,0,0,0.0,5,5,1.0,5,6,11,9,1,0,5,3,39,14,1,2023-24,Regular Season,203999,Nikola Jokić
22023,203999,0022300263,2023-11-29,DEN vs. HOU,W,33,12,19,0.632,1,2,0.5,7,8,0.875,6,4,10,15,1,0,0,2,32,29,1,2023-24,Regular Season,203999,Nikola Jokić
22023,203999,0022300279,2023-12-01,DEN @ PHX,W,35,9,18,0.5,0,3,0.0,3,6,0.5,1,4,5,16,1,2,3,4,21,6,1,2023-24,Regular Season,203999,Nikola Jokić
22023,203999,0022300290,2023-12-02,DEN @ SAC,L,38,13,23,0.565,1,4,0.25,9,12,0.75,2,11,13,14,2,1,0,3,36,11,1,2023-24,Regular Season,203999,Nikola Jokić
22023,203999,0022301215,2023-12-06,DEN @ LAC,L,37,9,32,0.281,2,7,0.286,2,2,1.0,5,10,15,10,1,0,4,2,22,1,1,2023-24,Regular Season,203999,Nikola Jokić
22023,203999,0022301224,2023-12-08,DEN vs. HOU,L,34,9,26,0.346,1,2,0.5,4,7,0.571,7,9,16,5,0,2,3,5,23,3,1,2023-24,Regular Season,203999,Nikola Jokić
22023,203999,0022300296,2023-12-11,DEN @ ATL,W,36,9,13,0.692,1,1,1.0,6,7,0.857,2,6,8,9,3,2,1,3,25,8,1,2023-24,Regular Season,203999,Nikola Jokić
22023,203999,0022300307,2023-12-12,DEN @ CHI,W,16,2,5,0.4,0,0,0.0,0,0,0.0,3,6,9,6,0,0,0,1,4,5,1,2023-24,Regular Season,203999,Nikola Jokić
22023,203999,0022300322,2023-12-14,DEN vs. BKN,W,30,8,12,0.667,0,2,0.0,10,12,0.833,1,13,14,10,1,0,1,2,26,21,1,2023-24,Regular Season,203999,Nikola Jokić
22023,203999,0022300340,2023-12-16,DEN vs. OKC,L,37,8,15,0.533,1,2,0.5,7,8,0.875,4,2,6,12,2,0,3,3,24,-9,1,2023-24,Regular Season,203999,Nikola Jokić
22023,203999,0022300356,2023-12-18,DEN vs. DAL,W,28,3,8,0.375,0,1,0.0,2,2,1.0,1,8,9,7,2,0,2,2,8,16,1,2023-24,Regular Season,203999,Nikola Jokić
22023,203999,0022300369,2023-12-20,DEN @ TOR,W,38,13,23,0.565,3,5,0.6,2,3,0.667,5,10,15,6,0,2,2,2,31,15,1,2023-24,Regular Season,203999,Nikola Jokić
22023,203999,0022300383,2023-12-22,DEN @ BKN,W,34,12,17,0.706,2,2,1.0,5,5,1.0,2,9,11,7,3,2,0,4,31,29,1,2023-24,Regular Season,203999,Nikola Jokić
22023,203999,0022300390,2023-12-23,DEN @ CHA,W,36,8,14,0.571,0,2,0.0,2,2,1.0,2,8,10,9,1,1,3,6,18,12,1,2023-24,Regular Season,203999,Nikola Jokić
22023,203999,0022300402,2023-12-25,DEN vs. GSW,W,39,4,12,0.333,0,2,0.0,18,18,1.0,4,10,14,8,0,0,3,2,26,21,1,2023-24,Regular Season,203999,Nikola Jokić
22023,203999,0022300425,2023-12-28,DEN vs. MEM,W,30,11,11,1.0,1,1,1.0,3,3,1.0,0,14,14,10,0,2,3,1,26,25,1,2023-24,Regular Season,203999,Nikola Jokić
22023,203999,0022300435,2023-12-29,DEN vs. OKC,L,32,9,10,0.9,1,1,1.0,0,0,0.0,2,8,10,7,1,1,7,2,19,-19,1,2023-24,Regular Season,203999,Nikola Jokić
22023,203999,0022300455,2024-01-01,DEN vs. CHA,W,28,6,7,0.857,0,0,0.0,1,1,1.0,0,11,11,6,1,1,3,2,13,27,1,2023-24,Regular Season,203999,Nikola Jokić
22023,203999,0022300478,2024-01-04,DEN @ GSW,W,38,13,16,0.813,2,2,1.0,6,7,0.857,2,7,9,10,2,1,4,2,34,4,1,2023-24,Regular Season,203999,Nikola Jokić
22023,203999,0022300488,2024-01-05,DEN vs. ORL,L,37,13,19,0.684,0,1,0.0,3,4,0.75,0,4,4,8,3,0,2,3,29,-4,1,2023-24,Regular Season,203999,Nikola Jokić
22023,203999,0022300502,2024-01-07,DEN vs. DET,W,25,2,3,0.667,0,0,0.0,0,0,0.0,0,7,7,16,0,5,2,4,4,16,1,2023-24,Regular Season,203999,Nikola Jokić
22023,203999,0022300524,2024-01-10,DEN @ UTA,L,30,8,9,0.889,1,1,1.0,10,12,0.833,1,10,11,6,1,0,6,3,27,-21,1,2023-24,Regular Season,203999,Nikola Jokić
22023,203999,0022300539,2024-01-12,DEN vs. NOP,W,32,11,17,0.647,1,2,0.5,4,4,1.0,3,7,10,14,0,1,2,4,27,12,1,2023-24,Regular Season,203999,Nikola Jokić
22023,203999,0022300550,2024-01-14,DEN vs. IND,W,33,12,13,0.923,0,0,0.0,1,2,0.5,3,9,12,9,2,1,7,3,25,10,1,2023-24,Regular Season,203999,Nikola Jokić
22023,203999,0022300566,2024-01-16,DEN @ PHI,L,38,11,20,0.55,0,2,0.0,3,4,0.75,11,8,19,3,1,1,4,3,25,1,1,2023-24,Regular Season,203999,Nikola Jokić
22023,203999,0022300586,2024-01-19,DEN @ BOS,W,38,14,22,0.636,2,4,0.5,4,4,1.0,2,10,12,9,0,0,4,1,34,1,1,2023-24,Regular Season,203999,Nikola Jokić
22023,203999,0022300602,2024-01-21,DEN @ WAS,W,36,15,20,0.75,0,0,0.0,12,14,0.857,4,8,12,8,2,2,0,2,42,20,1,2023-24,Regular Season,203999,Nikola Jokić
22023,203999,0022300614,2024-01-23,DEN @ IND,W,37,13,19,0.684,3,4,0.75,2,2,1.0,2,11,13,10,0,1,1,3,31,9,1,2023-24,Regular Season,203999,Nikola Jokić
22023,203999,0022300631,2024-01-25,DEN @ NYK,L,27,13,18,0.722,2,3,0.667,3,3,1.0,4,7,11,3,0,0,7,1,31,-23,1,2023-24,Regular Season,203999,Nikola Jokić
22023,203999,0022300644,2024-01-27,DEN vs. PHI,W,37,8,16,0.5,0,1,0.0,10,16,0.625,5,11,16,7,2,0,3,3,26,2,1,2023-24,Regular Season,203999,Nikola Jokić
22023,203999,0022300667,2024-01-29,DEN vs. MIL,W,40,10,25,0.4,1,6,0.167,4,5,0.8,1,15,16,12,3,2,3,1,25,9,1,2023-24,Regular Season,203999,Nikola Jokić
22023,203999,0022300697,2024-02-02,DEN vs. POR,W,38,11,16,0.688,1,1,1.0,4,4,1.0,7,15,22,12,1,2,4,3,27,20,1,2023-24,Regular Season,203999,Nikola Jokić
22023,203999,0022300712,2024-02-04,DEN vs. POR,W,34,12,20,0.6,1,3,0.333,4,5,0.8,1,7,8,7,2,0,2,1,29,-5,1,2023-24,Regular Season,203999,Nikola Jokić
22023,203999,0022300740,2024-02-08,DEN @ LAL,W,36,9,20,0.45,2,6,0.333,4,4,1.0,3,10,13,9,0,3,6,2,24,10,1,2023-24,Regular Season,203999,Nikola Jokić
22023,203999,0022300746,2024-02-09,DEN @ SAC,L,30,9,17,0.529,1,1,1.0,4,5,0.8,2,6,8,7,3,0,1,2,23,-7,1,2023-24,Regular Season,203999,Nikola Jokić
22023,203999,0022300767,2024-02-12,DEN @ MIL,L,32,13,25,0.52,2,5,0.4,1,3,0.333,3,9,12,8,0,0,5,1,29,-16,1,2023-24,Regular Season,203999,Nikola Jokić
22023,203999,0022300786,2024-02-14,DEN vs. SAC,L,39,6,17,0.353,0,6,0.0,3,4,0.75,0,5,5,8,0,1,0,4,15,-6,1,2023-24,Regular Season,203999,Nikola Jokić
22023,203999,0022300800,2024-02-22,DEN vs. WAS,W,31,10,10,1.0,0,0,0.0,1,2,0.5,2,17,19,15,1,0,3,3,21,23,1,2023-24,Regular Season,203999,Nikola Jokić
22023,203999,0022300812,2024-02-23,DEN @ POR,W,35,12,17,0.706,1,3,0.333,4,5,0.8,3,12,15,14,2,1,2,4,29,24,1,2023-24,Regular Season,203999,Nikola Jokić
22023,203999,0022300824,2024-02-25,DEN @ GSW,W,37,13,24,0.542,2,6,0.333,4,4,1.0,2,14,16,16,4,1,2,3,32,20,1,2023-24,Regular Season,203999,Nikola Jokić
22023,203999,0022300847,2024-02-28,DEN vs. SAC,W,32,5,9,0.556,0,0,0.0,4,4,1.0,1,13,14,11,3,1,2,3,14,37,1,2023-24,Regular Season,203999,Nikola Jokić
22023,203999,0022300855,2024-02-29,DEN vs. MIA,W,38,6,15,0.4,0,3,0.0,6,6,1.0,2,9,11,7,1,2,4,4,18,12,1,2023-24,Regular Season,203999,Nikola Jokić
22023,203999,0022300869,2024-03-02,DEN @ LAL,W,39,16,25,0.64,1,5,0.2,2,2,1.0,2,8,10,7,0,1,3,1,35,16,1,2023-24,Regular Season,203999,Nikola Jokić
22023,203999,0022300893,2024-03-05,DEN vs. PHX,L,44,8,18,0.444,4,7,0.571,5,7,0.714,3,13,16,5,0,0,7,2,25,-13,1,2023-24,Regular Season,203999,Nikola Jokić
22023,203999,0022300906,2024-03-07,DEN vs. BOS,W,39,11,19,0.579,0,0,0.0,10,10,1.0,4,8,12,11,2,0,0,1,32,9,1,2023-24,Regular Season,203999,Nikola Jokić
22023,203999,0022300922,2024-03-09,DEN vs. UTA,W,32,12,14,0.857,0,0,0.0,2,2,1.0,2,4,6,8,1,2,3,1,26,6,1,2023-24,Regular Season,203999,Nikola Jokić
22023,203999,0022300937,2024-03-11,DEN vs. TOR,W,38,14,26,0.538,1,3,0.333,6,6,1.0,6,11,17,12,6,2,2,3,35,13,1,2023-24,Regular Season,203999,Nikola Jokić
22023,203999,0022300949,2024-03-13,DEN @ MIA,W,38,5,8,0.625,0,0,0.0,2,3,0.667,3,11,14,6,1,0,4,1,12,10,1,2023-24,Regular Season,203999,Nikola Jokić
22023,203999,0022300965,2024-03-15,DEN @ SAS,W,31,13,19,0.684,1,3,0.333,4,4,1.0,1,6,7,5,0,2,3,1,31,7,1,2023-24,Regular Season,203999,Nikola Jokić
22023,203999,0022300978,2024-03-17,DEN @ DAL,L,39,6,16,0.375,0,2,0.0,4,5,0.8,3,8,11,7,2,0,3,1,16,10,1,2023-24,Regular Season,203999,Nikola Jokić
22023,203999,0022300995,2024-03-19,DEN @ MIN,W,38,14,22,0.636,3,4,0.75,4,6,0.667,1,15,16,2,0,0,3,3,35,8,1,2023-24,Regular Season,203999,Nikola Jokić
22023,203999,0022301009,2024-03-21,DEN vs. NYK,W,39,12,23,0.522,0,1,0.0,6,7,0.857,2,12,14,11,1,0,1,1,30,30,1,2023-24,Regular Season,203999,Nikola Jokić
22023,203999,0022301040,2024-03-25,DEN vs. MEM,W,31,11,18,0.611,1,2,0.5,6,7,0.857,5,6,11,8,3,1,4,4,29,13,1,2023-24,Regular Season,203999,Nikola Jokić
22023,203999,0022301059,2024-03-27,DEN vs. PHX,L,42,9,16,0.563,1,5,0.2,3,3,1.0,0,9,9,10,2,1,1,2,22,2,1,2023-24,Regular Season,203999,Nikola Jokić
22023,203999,0022301071,2024-03-29,DEN vs. MIN,L,37,11,24,0.458,0,3,0.0,10,13,0.769,1,9,10,5,2,1,4,2,32,-9,1,2023-24,Regular Season,203999,Nikola Jokić
22023,203999,0022301077,2024-03-31,DEN vs. CLE,W,35,11,18,0.611,1,2,0.5,3,5,0.6,4,14,18,16,1,0,3,2,26,37,1,2023-24,Regular Season,203999,Nikola Jokić
22023,203999,0022301099,2024-04-02,DEN vs. SAS,W,38,18,32,0.563,1,6,0.167,5,6,0.833,4,12,16,6,1,2,4,2,42,5,1,2023-24,Regular Season,203999,Nikola Jokić
22023,203999,0022301114,2024-04-04,DEN @ LAC,L,40,14,24,0.583,3,8,0.375,5,6,0.833,1,16,17,10,0,0,5,2,36,12,1,2023-24,Regular Season,203999,Nikola Jokić
22023,203999,0022301130,2024-04-06,DEN vs. ATL,W,31,6,13,0.462,2,3,0.667,5,6,0.833,1,13,14,11,2,0,4,1,19,19,1,2023-24,Regular Season,203999,Nikola Jokić
22023,203999,0022301154,2024-04-09,DEN @ UTA,W,34,12,20,0.6,2,2,1.0,2,2,1.0,5,8,13,7,3,1,5,2,28,23,1,2023-24,Regular Season,203999,Nikola Jokić
22023,203999,0022301164,2024-04-10,DEN vs. MIN,W,38,16,20,0.8,2,2,1.0,7,12,0.583,2,9,11,7,3,0,2,5,41,6,1,2023-24,Regular Season,203999,Nikola Jokić
22023,203999,0022301180,2024-04-12,DEN @ SAS,L,39,9,13,0.692,1,2,0.5,3,3,1.0,2,5,7,12,2,1,3,5,22,-1,1,2023-24,Regular Season,203999,Nikola Jokić
22023,203999,0022301193,2024-04-14,DEN @ MEM,W,31,7,11,0.636,0,0,0.0,1,2,0.5,4,11,15,5,4,0,4,1,15,19,1,2023-24,Regular Season,203999,Nikola Jokić
42023,203999,0042300151,2024-04-20,DEN vs. LAL,W,39,15,23,0.652,1,3,0.333,1,2,0.5,3,9,12,7,2,0,0,3,32,14,1,2023-24,Playoffs,203999,Nikola Jokić
42023,203999,0042300152,2024-04-22,DEN vs. LAL,W,41,9,16,0.563,2,4,0.5,7,7,1.0,4,16,20,10,2,0,3,2,27,1,1,2023-24,Playoffs,203999,Nikola Jokić
42023,203999,0042300153,2024-04-25,DEN @ LAL,W,39,9,13,0.692,0,1,0.0,6,7,0.857,5,10,15,9,1,0,3,4,24,4,1,2023-24,Playoffs,203999,Nikola Jokić
42023,203999,0042300154,2024-04-27,DEN @ LAL,L,41,10,20,0.5,2,5,0.4,11,11,1.0,5,9,14,14,1,1,3,4,33,-7,1,2023-24,Playoffs,203999,Nikola Jokić
42023,203999,0042300155,2024-04-29,DEN vs. LAL,W,41,12,21,0.571,1,5,0.2,0,0,0.0,2,18,20,9,0,0,7,1,25,7,1,2023-24,Playoffs,203999,Nikola Jokić
42023,203999,0042300231,2024-05-04,DEN vs. MIN,L,41,11,25,0.44,2,9,0.222,8,8,1.0,1,7,8,9,3,0,7,4,32,-12,1,2023-24,Playoffs,203999,Nikola Jokić
42023,203999,0042300232,2024-05-06,DEN vs. MIN,L,39,5,13,0.385,0,1,0.0,6,6,1.0,6,10,16,8,0,1,4,2,16,-16,1,2023-24,Playoffs,203999,Nikola Jokić
42023,203999,0042300233,2024-05-10,DEN @ MIN,W,38,10,18,0.556,1,3,0.333,3,4,0.75,4,10,14,9,3,3,3,3,24,30,1,2023-24,Playoffs,203999,Nikola Jokić
42023,203999,0042300234,2024-05-12,DEN @ MIN,W,39,15,26,0.577,1,5,0.2,4,6,0.667,2,5,7,7,3,1,4,4,35,3,1,2023-24,Playoffs,203999,Nikola Jokić
42023,203999,0042300235,2024-05-14,DEN vs. MIN,W,41,15,22,0.682,2,3,0.667,8,9,0.889,0,7,7,13,2,1,0,2,40,21,1,2023-24,Playoffs,203999,Nikola Jokić
42023,203999,0042300236,2024-05-16,DEN @ MIN,L,36,9,19,0.474,0,4,0.0,4,4,1.0,5,4,9,2,0,0,3,1,22,-25,1,2023-24,Playoffs,203999,Nikola Jokić
42023,203999,0042300237,2024-05-19,DEN vs. MIN,L,47,13,28,0.464,2,10,0.2,6,7,0.857,6,13,19,7,0,1,3,2,34,-9,1,2023-24,Playoffs,203999,Nikola Jokić
22023,203081,0022300075,2023-10-26,MIL vs. PHI,W,37,9,20,0.45,4,12,0.333,17,17,1.0,0,8,8,4,0,0,0,2,39,12,1,2023-24,Regular Season,203081,Damian Lillard
22023,203081,0022300097,2023-10-29,MIL vs. ATL,L,29,2,12,0.167,2,8,0.25,0,0,0.0,1,3,4,5,2,0,6,2,6,-29,1,2023-24,Regular Season,203081,Damian Lillard
22023,203081,0022300107,2023-10-30,MIL vs. MIA,W,35,7,14,0.5,2,7,0.286,9,11,0.818,1,4,5,4,1,0,4,2,25,2,1,2023-24,Regular Season,203081,Damian Lillard
22023,203081,0022300116,2023-11-01,MIL @ TOR,L,31,4,9,0.444,1,4,0.25,6,7,0.857,0,2,2,6,0,0,2,1,15,-26,1,2023-24,Regular Season,203081,Damian Lillard
22023,203081,0022300002,2023-11-03,MIL vs. NYK,W,36,7,15,0.467,4,7,0.571,12,12,1.0,0,4,4,4,1,1,4,0,30,2,1,2023-24,Regular Season,203081,Damian Lillard
22023,203081,0022300149,2023-11-06,MIL @ BKN,W,34,5,15,0.333,2,8,0.25,9,10,0.9,2,4,6,7,1,0,1,1,21,-14,1,2023-24,Regular Season,203081,Damian Lillard
22023,203081,0022300165,2023-11-08,MIL vs. DET,W,34,10,25,0.4,2,12,0.167,12,13,0.923,0,2,2,3,3,0,1,1,34,5,1,2023-24,Regular Season,203081,Damian Lillard
22023,203081,0022300190,2023-11-13,MIL vs. CHI,W,32,3,17,0.176,1,9,0.111,5,5,1.0,2,1,3,5,0,0,5,0,12,-6,1,2023-24,Regular Season,203081,Damian Lillard
22023,203081,0022300195,2023-11-15,MIL @ TOR,W,31,9,18,0.5,4,10,0.4,15,16,0.938,0,4,4,13,2,0,4,1,37,25,1,2023-24,Regular Season,203081,Damian Lillard
22023,203081,0022300027,2023-11-17,MIL @ CHA,W,31,9,18,0.5,5,10,0.5,4,4,1.0,0,5,5,5,1,0,2,2,27,10,1,2023-24,Regular Season,203081,Damian Lillard
22023,203081,0022300205,2023-11-18,MIL vs. DAL,W,38,7,18,0.389,4,11,0.364,9,10,0.9,0,3,3,12,1,0,1,2,27,-6,1,2023-24,Regular Season,203081,Damian Lillard
22023,203081,0022300219,2023-11-20,MIL @ WAS,W,33,5,14,0.357,3,6,0.5,9,11,0.818,1,4,5,7,0,0,1,1,22,6,1,2023-24,Regular Season,203081,Damian Lillard
22023,203081,0022300228,2023-11-22,MIL @ BOS,L,38,11,24,0.458,3,10,0.3,2,2,1.0,0,5,5,5,2,0,3,2,27,9,1,2023-24,Regular Season,203081,Damian Lillard
22023,203081,0022300049,2023-11-24,MIL vs. WAS,W,37,11,18,0.611,2,5,0.4,7,8,0.875,1,5,6,10,0,0,1,1,31,1,1,2023-24,Regular Season,203081,Damian Lillard
22023,203081,0022300245,2023-11-26,MIL vs. POR,W,37,7,21,0.333,4,12,0.333,13,14,0.929,1,4,5,4,2,0,3,2,31,15,1,2023-24,Regular Season,203081,Damian Lillard
22023,203081,0022300056,2023-11-28,MIL @ MIA,W,37,9,18,0.5,4,9,0.444,10,10,1.0,2,2,4,9,0,0,1,1,32,13,1,2023-24,Regular Season,203081,Damian Lillard
22023,203081,0022300269,2023-11-30,MIL @ CHI,L,43,7,16,0.438,1,6,0.167,3,4,0.75,1,4,5,13,2,1,7,1,18,9,1,2023-24,Regular Season,203081,Damian Lillard
22023,203081,0022300286,2023-12-02,MIL vs. ATL,W,38,10,16,0.625,3,6,0.5,2,2,1.0,1,5,6,9,1,0,4,3,25,14,1,2023-24,Regular Season,203081,Damian Lillard
22023,203081,0022301201,2023-12-05,MIL vs. NYK,W,34,8,13,0.615,5,7,0.714,7,8,0.875,1,2,3,7,1,1,3,4,28,17,1,2023-24,Regular Season,203081,Damian Lillard
22023,203081,0022301229,2023-12-07,MIL vs. IND,L,42,7,20,0.35,4,9,0.444,6,6,1.0,0,7,7,7,1,1,3,2,24,6,1,2023-24,Regular Season,203081,Damian Lillard
22023,203081,0022300300,2023-12-11,MIL vs. CHI,W,41,3,17,0.176,2,9,0.222,6,7,0.857,0,4,4,9,0,1,2,2,14,0,1,2023-24,Regular Season,203081,Damian Lillard
22023,203081,0022300315,2023-12-13,MIL vs. IND,W,36,6,14,0.429,2,8,0.25,7,9,0.778,0,4,4,6,1,0,4,2,21,15,1,2023-24,Regular Season,203081,Damian Lillard
22023,203081,0022300334,2023-12-16,MIL vs. DET,W,30,11,22,0.5,6,14,0.429,5,5,1.0,0,4,4,5,0,1,2,3,33,26,1,2023-24,Regular Season,203081,Damian Lillard
22023,203081,0022300346,2023-12-17,MIL vs. HOU,W,37,11,19,0.579,5,8,0.625,12,13,0.923,0,5,5,11,3,0,3,2,39,10,1,2023-24,Regular Season,203081,Damian Lillard
22023,203081,0022300361,2023-12-19,MIL vs. SAS,W,35,14,22,0.636,7,12,0.583,5,5,1.0,0,3,3,4,3,0,1,0,40,26,1,2023-24,Regular Season,203081,Damian Lillard
22023,203081,0022300378,2023-12-21,MIL vs. ORL,W,35,5,17,0.294,4,8,0.5,10,10,1.0,0,5,5,8,0,0,3,1,24,9,1,2023-24,Regular Season,203081,Damian Lillard
22023,203081,0022300388,2023-12-23,MIL @ NYK,W,34,6,16,0.375,3,7,0.429,4,5,0.8,3,6,9,7,1,0,3,3,19,3,1,2023-24,Regular Season,203081,Damian Lillard
22023,203081,0022300401,2023-12-25,MIL @ NYK,L,38,10,21,0.476,4,13,0.308,8,9,0.889,0,1,1,8,1,0,4,2,32,-6,1,2023-24,Regular Season,203081,Damian Lillard
22023,203081,0022300417,2023-12-27,MIL @ BKN,W,29,4,10,0.4,3,9,0.333,1,1,1.0,0,3,3,4,0,0,4,0,12,2,1,2023-24,Regular Season,203081,Damian Lillard
22023,203081,0022300433,2023-12-29,MIL @ CLE,W,34,9,16,0.563,2,6,0.333,11,11,1.0,0,2,2,4,0,0,2,3,31,14,1,2023-24,Regular Season,203081,Damian Lillard
22023,203081,0022300454,2024-01-01,MIL vs. IND,L,38,3,16,0.188,1,9,0.111,6,6,1.0,1,6,7,5,0,0,1,3,13,4,1,2023-24,Regular Season,203081,Damian Lillard
22023,203081,0022300466,2024-01-03,MIL @ IND,L,36,6,18,0.333,2,8,0.25,9,10,0.9,1,1,2,5,3,0,2,3,23,-22,1,2023-24,Regular Season,203081,Damian Lillard
22023,203081,0022300477,2024-01-04,MIL @ SAS,W,39,10,19,0.526,1,6,0.167,4,4,1.0,1,3,4,10,1,0,0,3,25,11,1,2023-24,Regular Season,203081,Damian Lillard
22023,203081,0022300496,2024-01-06,MIL @ HOU,L,38,5,16,0.313,1,8,0.125,7,10,0.7,0,2,2,8,2,0,1,1,18,-11,1,2023-24,Regular Season,203081,Damian Lillard
22023,203081,0022300528,2024-01-11,MIL vs. BOS,W,27,6,12,0.5,3,8,0.375,6,6,1.0,0,4,4,4,0,0,0,1,21,25,1,2023-24,Regular Season,203081,Damian Lillard
22023,203081,0022300545,2024-01-13,MIL vs. GSW,W,38,9,19,0.474,2,5,0.4,7,7,1.0,0,6,6,7,2,0,1,1,27,21,1,2023-24,Regular Season,203081,Damian Lillard
22023,203081,0022300552,2024-01-14,MIL vs. SAC,W,41,9,23,0.391,5,13,0.385,6,6,1.0,0,4,4,8,0,0,4,0,29,-6,1,2023-24,Regular Season,203081,Damian Lillard
22023,203081,0022300572,2024-01-17,MIL @ CLE,L,25,7,20,0.35,1,5,0.2,2,3,0.667,1,1,2,5,2,0,1,1,17,-26,1,2023-24,Regular Season,203081,Damian Lillard
22023,203081,0022300592,2024-01-20,MIL @ DET,W,37,12,22,0.545,5,11,0.455,16,16,1.0,0,6,6,11,1,0,1,3,45,18,1,2023-24,Regular Season,203081,Damian Lillard
22023,203081,0022300606,2024-01-22,MIL @ DET,W,37,4,15,0.267,2,10,0.2,7,8,0.875,0,5,5,8,1,0,2,0,17,20,1,2023-24,Regular Season,203081,Damian Lillard
22023,203081,0022300624,2024-01-24,MIL vs. CLE,W,35,8,21,0.381,2,9,0.222,10,11,0.909,0,1,1,4,2,0,2,1,28,8,1,2023-24,Regular Season,203081,Damian Lillard
22023,203081,0022300639,2024-01-26,MIL vs. CLE,L,38,7,24,0.292,2,10,0.2,6,6,1.0,1,3,4,3,1,0,4,0,22,-7,1,2023-24,Regular Season,203081,Damian Lillard
22023,203081,0022300648,2024-01-27,MIL vs. NOP,W,29,7,14,0.5,3,7,0.429,9,10,0.9,0,6,6,9,2,0,0,1,26,23,1,2023-24,Regular Season,203081,Damian Lillard
22023,203081,0022300667,2024-01-29,MIL @ DEN,L,35,5,13,0.385,2,4,0.5,6,6,1.0,2,1,3,5,0,1,4,2,18,1,1,2023-24,Regular Season,203081,Damian Lillard
22023,203081,0022300683,2024-01-31,MIL @ POR,L,40,9,23,0.391,3,13,0.231,4,4,1.0,2,4,6,7,1,0,4,2,25,6,1,2023-24,Regular Season,203081,Damian Lillard
22023,203081,0022300702,2024-02-03,MIL @ DAL,W,38,10,11,0.909,5,5,1.0,5,6,0.833,0,3,3,8,0,1,6,3,30,16,1,2023-24,Regular Season,203081,Damian Lillard
22023,203081,0022300711,2024-02-04,MIL @ UTA,L,38,5,18,0.278,1,8,0.125,1,2,0.5,0,0,0,6,1,2,3,5,12,-21,1,2023-24,Regular Season,203081,Damian Lillard
22023,203081,0022300745,2024-02-09,MIL vs. CHA,W,29,9,18,0.5,2,8,0.25,6,6,1.0,0,4,4,8,3,0,0,1,26,33,1,2023-24,Regular Season,203081,Damian Lillard
22023,203081,0022300767,2024-02-12,MIL vs. DEN,W,23,6,15,0.4,2,5,0.4,4,4,1.0,1,2,3,5,0,0,2,3,18,12,1,2023-24,Regular Season,203081,Damian Lillard
22023,203081,0022300773,2024-02-13,MIL vs. MIA,L,32,5,14,0.357,2,7,0.286,4,4,1.0,0,2,2,5,0,0,3,1,16,-25,1,2023-24,Regular Season,203081,Damian Lillard
22023,203081,0022300790,2024-02-15,MIL @ MEM,L,35,7,21,0.333,3,13,0.231,7,7,1.0,2,3,5,7,1,0,4,2,24,10,1,2023-24,Regular Season,203081,Damian Lillard
22023,203081,0022300808,2024-02-23,MIL @ MIN,W,38,8,23,0.348,2,8,0.25,3,4,0.75,0,9,9,10,2,1,3,3,21,8,1,2023-24,Regular Season,203081,Damian Lillard
22023,203081,0022300817,2024-02-25,MIL @ PHI,W,36,8,15,0.533,4,8,0.5,4,4,1.0,0,7,7,9,2,0,5,4,24,37,1,2023-24,Regular Season,203081,Damian Lillard
22023,203081,0022300840,2024-02-27,MIL vs. CHA,W,25,8,14,0.571,4,9,0.444,3,3,1.0,0,9,9,7,0,0,3,3,23,41,1,2023-24,Regular Season,203081,Damian Lillard
22023,203081,0022300849,2024-02-29,MIL @ CHA,W,34,5,14,0.357,3,6,0.5,4,5,0.8,1,5,6,2,2,0,2,2,17,15,1,2023-24,Regular Season,203081,Damian Lillard
22023,203081,0022300864,2024-03-01,MIL @ CHI,W,33,4,18,0.222,3,10,0.3,5,5,1.0,0,3,3,7,0,0,3,2,16,11,1,2023-24,Regular Season,203081,Damian Lillard
22023,203081,0022300880,2024-03-04,MIL vs. LAC,W,42,12,22,0.545,4,9,0.444,13,13,1.0,0,4,4,4,1,0,4,3,41,6,1,2023-24,Regular Season,203081,Damian Lillard
22023,203081,0022300899,2024-03-06,MIL @ GSW,L,33,7,16,0.438,5,10,0.5,1,1,1.0,0,1,1,6,1,1,2,0,20,-18,1,2023-24,Regular Season,203081,Damian Lillard
22023,203081,0022300915,2024-03-08,MIL @ LAL,L,38,10,23,0.435,4,12,0.333,4,4,1.0,0,5,5,12,0,0,1,2,28,13,1,2023-24,Regular Season,203081,Damian Lillard
22023,203081,0022300924,2024-03-10,MIL @ LAC,W,38,11,19,0.579,7,13,0.538,6,7,0.857,1,6,7,11,0,0,2,1,35,-1,1,2023-24,Regular Season,203081,Damian Lillard
22023,203081,0022300945,2024-03-12,MIL @ SAC,L,33,2,12,0.167,1,6,0.167,5,6,0.833,0,5,5,6,1,1,2,2,10,-22,1,2023-24,Regular Season,203081,Damian Lillard
22023,203081,0022300958,2024-03-14,MIL vs. PHI,W,38,7,16,0.438,2,7,0.286,1,1,1.0,1,2,3,9,1,1,0,1,17,23,1,2023-24,Regular Season,203081,Damian Lillard
22023,203081,0022300976,2024-03-17,MIL vs. PHX,W,39,10,19,0.526,4,8,0.5,7,7,1.0,1,4,5,16,1,0,4,1,31,14,1,2023-24,Regular Season,203081,Damian Lillard
22023,203081,0022300998,2024-03-20,MIL @ BOS,L,36,11,21,0.524,6,10,0.6,4,4,1.0,0,4,4,6,1,1,4,1,32,1,1,2023-24,Regular Season,203081,Damian Lillard
22023,203081,0022301007,2024-03-21,MIL vs. BKN,W,37,11,22,0.5,5,11,0.455,3,3,1.0,0,3,3,12,2,0,4,3,30,-7,1,2023-24,Regular Season,203081,Damian Lillard
22023,203081,0022301030,2024-03-24,MIL vs. OKC,W,33,4,12,0.333,2,5,0.4,1,1,1.0,0,6,6,5,0,0,1,2,11,18,1,2023-24,Regular Season,203081,Damian Lillard
22023,203081,0022301045,2024-03-26,MIL vs. LAL,L,49,9,29,0.31,3,14,0.214,6,7,0.857,1,4,5,8,1,0,2,6,27,-5,1,2023-24,Regular Season,203081,Damian Lillard
22023,203081,0022301061,2024-03-28,MIL @ NOP,L,36,8,16,0.5,3,6,0.5,1,3,0.333,0,5,5,7,0,0,2,2,20,3,1,2023-24,Regular Season,203081,Damian Lillard
22023,203081,0022301122,2024-04-05,MIL vs. TOR,L,38,10,24,0.417,4,12,0.333,12,14,0.857,0,5,5,6,1,0,7,6,36,-10,1,2023-24,Regular Season,203081,Damian Lillard
22023,203081,0022301139,2024-04-07,MIL vs. NYK,L,39,4,11,0.364,1,7,0.143,14,15,0.933,0,4,4,6,1,2,4,2,23,-8,1,2023-24,Regular Season,203081,Damian Lillard
22023,203081,0022301148,2024-04-09,MIL vs. BOS,W,36,5,11,0.455,2,5,0.4,0,0,0.0,1,2,3,5,1,1,3,0,12,13,1,2023-24,Regular Season,203081,Damian Lillard
22023,203081,0022301162,2024-04-10,MIL vs. ORL,W,34,10,19,0.526,3,8,0.375,6,7,0.857,0,6,6,9,0,0,4,2,29,11,1,2023-24,Regular Season,203081,Damian Lillard
22023,203081,0022301191,2024-04-14,MIL @ ORL,L,30,2,14,0.143,0,4,0.0,12,13,0.923,1,3,4,2,1,0,2,0,16,-8,1,2023-24,Regular Season,203081,Damian Lillard
42023,203081,0042300121,2024-04-21,MIL vs. IND,W,38,11,24,0.458,6,11,0.545,7,7,1.0,0,6,6,3,0,0,3,2,35,-6,1,2023-24,Playoffs,203081,Damian Lillard
42023,203081,0042300122,2024-04-23,MIL vs. IND,L,39,10,21,0.476,6,13,0.462,8,9,0.889,2,2,4,5,1,0,1,3,34,-24,1,2023-24,Playoffs,203081,Damian Lillard
42023,203081,0042300123,2024-04-26,MIL @ IND,L,45,6,20,0.3,4,12,0.333,12,12,1.0,0,1,1,8,3,0,2,2,28,1,1,2023-24,Playoffs,203081,Damian Lillard
42023,203081,0042300126,2024-05-02,MIL @ IND,L,35,7,16,0.438,4,12,0.333,10,10,1.0,0,2,2,4,0,0,3,1,28,-6,1,2023-24,Playoffs,203081,Damian Lillard
22023,203076,0022300061,2023-10-24,LAL @ DEN,L,34,6,17,0.353,1,2,0.5,4,4,1.0,1,7,8,4,0,2,2,3,17,-17,1,2023-24,Regular Season,203076,Anthony Davis
22023,203076,0022300076,2023-10-26,LAL vs. PHX,W,39,10,17,0.588,1,2,0.5,9,10,0.9,3,9,12,2,3,3,2,2,30,7,1,2023-24,Regular Season,203076,Anthony Davis
22023,203076,0022300100,2023-10-29,LAL @ SAC,L,42,11,22,0.5,1,2,0.5,7,8,0.875,6,10,16,2,2,3,0,5,30,-10,1,2023-24,Regular Season,203076,Anthony Davis
22023,203076,0022300111,2023-10-30,LAL vs. ORL,W,38,12,18,0.667,0,1,0.0,2,3,0.667,2,17,19,5,1,3,1,3,26,-2,1,2023-24,Regular Season,203076,Anthony Davis
22023,203076,0022300127,2023-11-01,LAL vs. LAC,W,48,10,18,0.556,0,0,0.0,7,9,0.778,4,6,10,3,1,4,0,3,27,11,1,2023-24,Regular Season,203076,Anthony Davis
22023,203076,0022300134,2023-11-04,LAL @ ORL,L,32,10,15,0.667,0,0,0.0,8,8,1.0,6,7,13,3,0,7,4,5,28,-24,1,2023-24,Regular Season,203076,Anthony Davis
22023,203076,0022300150,2023-11-06,LAL @ MIA,L,25,4,7,0.571,0,0,0.0,1,1,1.0,0,6,6,4,0,1,1,2,9,-9,1,2023-24,Regular Season,203076,Anthony Davis
22023,203076,0022300015,2023-11-10,LAL @ PHX,W,36,5,14,0.357,0,0,0.0,8,8,1.0,4,7,11,4,0,1,1,3,18,-5,1,2023-24,Regular Season,203076,Anthony Davis
22023,203076,0022300187,2023-11-12,LAL vs. POR,W,41,10,20,0.5,0,1,0.0,10,12,0.833,2,11,13,6,0,3,1,0,30,17,1,2023-24,Regular Season,203076,Anthony Davis
22023,203076,0022300026,2023-11-14,LAL vs. MEM,W,27,7,11,0.636,0,0,0.0,5,6,0.833,4,7,11,5,0,6,2,1,19,21,1,2023-24,Regular Season,203076,Anthony Davis
22023,203076,0022300198,2023-11-15,LAL vs. SAC,L,35,3,9,0.333,0,1,0.0,3,3,1.0,0,9,9,0,0,4,5,4,9,-13,1,2023-24,Regular Season,203076,Anthony Davis
22023,203076,0022300036,2023-11-17,LAL @ POR,W,35,8,19,0.421,0,1,0.0,0,1,0.0,4,10,14,2,3,5,6,5,16,1,1,2023-24,Regular Season,203076,Anthony Davis
22023,203076,0022300216,2023-11-19,LAL vs. HOU,W,33,11,15,0.733,0,0,0.0,5,7,0.714,4,6,10,3,2,1,4,6,27,-8,1,2023-24,Regular Season,203076,Anthony Davis
22023,203076,0022300042,2023-11-21,LAL vs. UTA,W,29,11,14,0.786,0,0,0.0,4,5,0.8,5,11,16,4,2,0,2,1,26,34,1,2023-24,Regular Season,203076,Anthony Davis
22023,203076,0022300238,2023-11-22,LAL vs. DAL,L,36,4,10,0.4,0,0,0.0,2,2,1.0,2,11,13,4,1,1,3,3,10,0,1,2023-24,Regular Season,203076,Anthony Davis
22023,203076,0022300242,2023-11-25,LAL @ CLE,W,38,13,20,0.65,0,0,0.0,6,7,0.857,5,8,13,3,2,3,5,3,32,3,1,2023-24,Regular Season,203076,Anthony Davis
22023,203076,0022300255,2023-11-27,LAL @ PHI,L,32,7,14,0.5,0,0,0.0,3,5,0.6,3,8,11,2,1,1,2,4,17,-13,1,2023-24,Regular Season,203076,Anthony Davis
22023,203076,0022300258,2023-11-29,LAL @ DET,W,29,9,15,0.6,0,0,0.0,10,13,0.769,4,12,16,4,1,3,0,1,28,29,1,2023-24,Regular Season,203076,Anthony Davis
22023,203076,0022300271,2023-11-30,LAL @ OKC,L,36,11,18,0.611,0,1,0.0,9,10,0.9,1,13,14,2,2,0,0,1,31,-12,1,2023-24,Regular Season,203076,Anthony Davis
22023,203076,0022300291,2023-12-02,LAL vs. HOU,W,37,10,22,0.455,0,0,0.0,7,9,0.778,6,8,14,3,0,5,1,2,27,12,1,2023-24,Regular Season,203076,Anthony Davis
22023,203076,0022301203,2023-12-05,LAL vs. PHX,W,39,10,26,0.385,0,0,0.0,7,8,0.875,9,6,15,1,0,2,0,1,27,-1,1,2023-24,Regular Season,203076,Anthony Davis
22023,203076,0022301230,2023-12-07,LAL vs. NOP,W,31,5,10,0.5,0,2,0.0,6,8,0.75,5,10,15,5,2,2,2,1,16,35,1,2023-24,Regular Season,203076,Anthony Davis
22023,203076,0022300306,2023-12-12,LAL @ DAL,L,37,15,21,0.714,1,2,0.5,6,10,0.6,5,6,11,0,0,2,2,2,37,0,1,2023-24,Regular Season,203076,Anthony Davis
22023,203076,0022300316,2023-12-13,LAL @ SAS,W,38,13,23,0.565,2,3,0.667,9,12,0.75,1,9,10,1,4,0,2,3,37,5,1,2023-24,Regular Season,203076,Anthony Davis
22023,203076,0022300359,2023-12-18,LAL vs. NYK,L,35,14,22,0.636,1,1,1.0,3,3,1.0,2,12,14,2,1,2,2,2,32,-6,1,2023-24,Regular Season,203076,Anthony Davis
22023,203076,0022300370,2023-12-20,LAL @ CHI,L,38,7,15,0.467,0,2,0.0,5,8,0.625,2,12,14,3,2,2,1,1,19,-3,1,2023-24,Regular Season,203076,Anthony Davis
22023,203076,0022300380,2023-12-21,LAL @ MIN,L,39,11,20,0.55,1,1,1.0,8,9,0.889,1,7,8,4,0,3,1,2,31,3,1,2023-24,Regular Season,203076,Anthony Davis
22023,203076,0022300397,2023-12-23,LAL @ OKC,W,42,11,21,0.524,1,1,1.0,3,6,0.5,3,8,11,7,1,2,3,2,26,3,1,2023-24,Regular Season,203076,Anthony Davis
22023,203076,0022300403,2023-12-25,LAL vs. BOS,L,39,15,26,0.577,2,4,0.5,8,10,0.8,5,8,13,4,0,1,2,2,40,-6,1,2023-24,Regular Season,203076,Anthony Davis
22023,203076,0022300428,2023-12-28,LAL vs. CHA,W,26,11,19,0.579,0,1,0.0,4,4,1.0,2,6,8,2,2,4,2,4,26,6,1,2023-24,Regular Season,203076,Anthony Davis
22023,203076,0022300443,2023-12-30,LAL @ MIN,L,39,12,17,0.706,1,2,0.5,8,10,0.8,4,13,17,8,4,2,2,3,33,-6,1,2023-24,Regular Season,203076,Anthony Davis
22023,203076,0022300446,2023-12-31,LAL @ NOP,L,35,7,15,0.467,0,2,0.0,6,8,0.75,2,8,10,3,0,5,3,4,20,-17,1,2023-24,Regular Season,203076,Anthony Davis
22023,203076,0022300475,2024-01-03,LAL vs. MIA,L,43,10,17,0.588,0,1,0.0,9,10,0.9,3,14,17,6,3,5,5,2,29,-13,1,2023-24,Regular Season,203076,Anthony Davis
22023,203076,0022300491,2024-01-05,LAL vs. MEM,L,41,13,22,0.591,0,3,0.0,5,7,0.714,3,3,6,4,0,2,4,4,31,-10,1,2023-24,Regular Season,203076,Anthony Davis
22023,203076,0022300505,2024-01-07,LAL vs. LAC,W,39,10,15,0.667,0,1,0.0,2,4,0.5,1,9,10,1,3,1,3,1,22,-4,1,2023-24,Regular Season,203076,Anthony Davis
22023,203076,0022300516,2024-01-09,LAL vs. TOR,W,40,13,17,0.765,2,2,1.0,13,14,0.929,1,10,11,6,0,1,3,4,41,0,1,2023-24,Regular Season,203076,Anthony Davis
22023,203076,0022300531,2024-01-11,LAL vs. PHX,L,32,6,11,0.545,0,2,0.0,1,1,1.0,0,5,5,1,1,2,3,4,13,-24,1,2023-24,Regular Season,203076,Anthony Davis
22023,203076,0022300549,2024-01-13,LAL @ UTA,L,39,5,21,0.238,0,1,0.0,5,6,0.833,2,13,15,11,1,4,6,1,15,-12,1,2023-24,Regular Season,203076,Anthony Davis
22023,203076,0022300565,2024-01-15,LAL vs. OKC,W,38,9,17,0.529,0,1,0.0,9,10,0.9,3,12,15,5,2,1,2,3,27,8,1,2023-24,Regular Season,203076,Anthony Davis
22023,203076,0022300577,2024-01-17,LAL vs. DAL,W,33,12,17,0.706,0,0,0.0,4,5,0.8,5,7,12,9,1,1,1,2,28,21,1,2023-24,Regular Season,203076,Anthony Davis
22023,203076,0022300591,2024-01-19,LAL vs. BKN,L,35,9,13,0.692,0,1,0.0,8,11,0.727,4,8,12,6,3,2,1,1,26,-12,1,2023-24,Regular Season,203076,Anthony Davis
22023,203076,0022300605,2024-01-21,LAL vs. POR,W,26,4,7,0.571,0,1,0.0,6,6,1.0,3,11,14,3,0,0,0,0,14,3,1,2023-24,Regular Season,203076,Anthony Davis
22023,203076,0022300618,2024-01-23,LAL @ LAC,L,36,12,20,0.6,0,1,0.0,2,2,1.0,4,8,12,2,0,0,1,2,26,-9,1,2023-24,Regular Season,203076,Anthony Davis
22023,203076,0022300633,2024-01-25,LAL vs. CHI,W,36,10,18,0.556,0,1,0.0,2,5,0.4,5,6,11,6,0,1,0,1,22,13,1,2023-24,Regular Season,203076,Anthony Davis
22023,203076,0022300650,2024-01-27,LAL @ GSW,W,45,11,24,0.458,0,4,0.0,7,9,0.778,3,10,13,3,0,4,2,4,29,-2,1,2023-24,Regular Season,203076,Anthony Davis
22023,203076,0022300662,2024-01-29,LAL @ HOU,L,29,10,20,0.5,3,3,1.0,0,1,0.0,2,5,7,2,2,1,3,2,23,-10,1,2023-24,Regular Season,203076,Anthony Davis
22023,203076,0022300701,2024-02-03,LAL @ NYK,W,36,4,12,0.333,0,1,0.0,4,4,1.0,2,16,18,5,1,4,0,2,12,6,1,2023-24,Regular Season,203076,Anthony Davis
22023,203076,0022300713,2024-02-05,LAL @ CHA,W,37,12,16,0.75,0,2,0.0,2,2,1.0,3,12,15,11,0,3,2,1,26,16,1,2023-24,Regular Season,203076,Anthony Davis
22023,203076,0022300740,2024-02-08,LAL vs. DEN,L,38,14,27,0.519,0,3,0.0,4,6,0.667,1,8,9,3,3,4,1,0,32,-11,1,2023-24,Regular Season,203076,Anthony Davis
22023,203076,0022300747,2024-02-09,LAL vs. NOP,W,29,7,11,0.636,0,1,0.0,6,7,0.857,0,6,6,6,1,1,3,4,20,0,1,2023-24,Regular Season,203076,Anthony Davis
22023,203076,0022300776,2024-02-13,LAL vs. DET,W,28,6,12,0.5,1,3,0.333,7,7,1.0,3,11,14,4,0,6,1,1,20,12,1,2023-24,Regular Season,203076,Anthony Davis
22023,203076,0022300788,2024-02-14,LAL @ UTA,W,38,13,25,0.52,1,3,0.333,10,13,0.769,3,12,15,1,0,2,2,0,37,24,1,2023-24,Regular Season,203076,Anthony Davis
22023,203076,0022300802,2024-02-22,LAL @ GSW,L,33,11,19,0.579,0,2,0.0,5,6,0.833,3,12,15,1,0,3,3,3,27,-16,1,2023-24,Regular Season,203076,Anthony Davis
22023,203076,0022300813,2024-02-23,LAL vs. SAS,W,29,10,14,0.714,0,1,0.0,8,10,0.8,5,8,13,0,1,0,1,2,28,10,1,2023-24,Regular Season,203076,Anthony Davis
22023,203076,0022300818,2024-02-25,LAL @ PHX,L,42,11,17,0.647,0,0,0.0,0,0,0.0,2,12,14,0,3,2,3,3,22,-2,1,2023-24,Regular Season,203076,Anthony Davis
22023,203076,0022300848,2024-02-28,LAL @ LAC,W,36,8,15,0.533,0,2,0.0,4,5,0.8,3,9,12,2,2,3,2,2,20,-4,1,2023-24,Regular Season,203076,Anthony Davis
22023,203076,0022300856,2024-02-29,LAL vs. WAS,W,41,14,22,0.636,0,0,0.0,12,13,0.923,3,12,15,4,1,3,1,2,40,6,1,2023-24,Regular Season,203076,Anthony Davis
22023,203076,0022300869,2024-03-02,LAL vs. DEN,L,39,7,13,0.538,0,0,0.0,3,4,0.75,2,9,11,2,0,3,0,3,17,-11,1,2023-24,Regular Season,203076,Anthony Davis
22023,203076,0022300884,2024-03-04,LAL vs. OKC,W,30,7,12,0.583,0,0,0.0,10,11,0.909,4,8,12,4,1,3,2,1,24,10,1,2023-24,Regular Season,203076,Anthony Davis
22023,203076,0022300901,2024-03-06,LAL vs. SAC,L,34,5,13,0.385,0,1,0.0,4,5,0.8,1,10,11,3,0,1,2,4,14,-6,1,2023-24,Regular Season,203076,Anthony Davis
22023,203076,0022300915,2024-03-08,LAL vs. MIL,W,41,10,21,0.476,0,1,0.0,2,2,1.0,1,12,13,5,0,3,0,3,22,-3,1,2023-24,Regular Season,203076,Anthony Davis
22023,203076,0022300932,2024-03-10,LAL vs. MIN,W,39,9,17,0.529,0,0,0.0,9,13,0.692,10,15,25,5,7,3,3,2,27,15,1,2023-24,Regular Season,203076,Anthony Davis
22023,203076,0022300954,2024-03-13,LAL @ SAC,L,41,7,18,0.389,1,2,0.5,7,8,0.875,3,7,10,3,1,1,2,1,22,-8,1,2023-24,Regular Season,203076,Anthony Davis
22023,203076,0022300973,2024-03-16,LAL vs. GSW,L,12,3,6,0.5,0,0,0.0,2,2,1.0,1,3,4,2,1,1,0,0,8,6,1,2023-24,Regular Season,203076,Anthony Davis
22023,203076,0022300990,2024-03-18,LAL vs. ATL,W,31,10,14,0.714,1,2,0.5,1,2,0.5,1,14,15,6,2,1,2,2,22,28,1,2023-24,Regular Season,203076,Anthony Davis
22023,203076,0022301018,2024-03-22,LAL vs. PHI,W,40,10,16,0.625,1,2,0.5,2,4,0.5,7,12,19,4,0,4,3,4,23,4,1,2023-24,Regular Season,203076,Anthony Davis
22023,203076,0022301032,2024-03-24,LAL vs. IND,W,40,15,21,0.714,1,2,0.5,5,5,1.0,3,13,16,3,2,1,2,4,36,11,1,2023-24,Regular Season,203076,Anthony Davis
22023,203076,0022301045,2024-03-26,LAL @ MIL,W,52,12,31,0.387,3,8,0.375,7,7,1.0,7,16,23,2,2,4,4,1,34,1,1,2023-24,Regular Season,203076,Anthony Davis
22023,203076,0022301063,2024-03-29,LAL @ IND,L,38,9,17,0.529,0,1,0.0,6,7,0.857,4,11,15,3,0,0,3,0,24,-12,1,2023-24,Regular Season,203076,Anthony Davis
22023,203076,0022301078,2024-03-31,LAL @ BKN,W,35,9,12,0.75,1,3,0.333,5,6,0.833,1,13,14,0,0,3,4,3,24,18,1,2023-24,Regular Season,203076,Anthony Davis
22023,203076,0022301094,2024-04-02,LAL @ TOR,W,28,10,20,0.5,0,4,0.0,1,4,0.25,2,10,12,1,0,0,5,3,21,14,1,2023-24,Regular Season,203076,Anthony Davis
22023,203076,0022301103,2024-04-03,LAL @ WAS,W,38,10,17,0.588,0,1,0.0,15,15,1.0,3,15,18,1,2,3,2,1,35,29,1,2023-24,Regular Season,203076,Anthony Davis
22023,203076,0022301127,2024-04-06,LAL vs. CLE,W,36,7,11,0.636,1,1,1.0,7,9,0.778,4,9,13,4,3,6,0,2,22,8,1,2023-24,Regular Season,203076,Anthony Davis
22023,203076,0022301143,2024-04-07,LAL vs. MIN,L,12,2,6,0.333,0,0,0.0,0,0,0.0,3,1,4,3,2,0,1,2,4,4,1,2023-24,Regular Season,203076,Anthony Davis
22023,203076,0022301177,2024-04-12,LAL @ MEM,W,43,11,22,0.5,1,6,0.167,13,17,0.765,4,10,14,5,1,2,4,2,36,2,1,2023-24,Regular Season,203076,Anthony Davis
22023,203076,0022301195,2024-04-14,LAL @ NOP,W,33,13,17,0.765,0,1,0.0,4,4,1.0,4,7,11,3,2,0,3,4,30,15,1,2023-24,Regular Season,203076,Anthony Davis
42023,203076,0042300151,2024-04-20,LAL @ DEN,L,45,12,23,0.522,0,4,0.0,8,9,0.889,3,11,14,5,0,4,2,3,32,-12,1,2023-24,Playoffs,203076,Anthony Davis
42023,203076,0042300152,2024-04-22,LAL @ DEN,L,39,14,19,0.737,0,1,0.0,4,4,1.0,1,10,11,2,1,1,4,5,32,0,1,2023-24,Playoffs,203076,Anthony Davis
42023,203076,0042300153,2024-04-25,LAL vs. DEN,L,43,14,23,0.609,0,0,0.0,5,7,0.714,5,10,15,3,1,0,2,5,33,-4,1,2023-24,Playoffs,203076,Anthony Davis
42023,203076,0042300154,2024-04-27,LAL vs. DEN,W,42,11,17,0.647,0,0,0.0,3,4,0.75,3,20,23,6,0,1,1,4,25,11,1,2023-24,Playoffs,203076,Anthony Davis
42023,203076,0042300155,2024-04-29,LAL @ DEN,L,40,8,11,0.727,0,0,0.0,1,2,0.5,3,12,15,4,0,2,2,2,17,-4,1,2023-24,Playoffs,203076,Anthony Davis
22023,202695,0022300074,2023-10-25,LAC vs. POR,W,29,9,17,0.529,5,5,1.0,0,0,0.0,1,4,5,6,1,1,4,2,23,25,1,2023-24,Regular Season,202695,Kawhi Leonard
22023,202695,0022300085,2023-10-27,LAC @ UTA,L,37,10,22,0.455,4,10,0.4,1,3,0.333,3,6,9,5,2,0,1,1,25,9,1,2023-24,Regular Season,202695,Kawhi Leonard
22023,202695,0022300099,2023-10-29,LAC vs. SAS,W,28,6,13,0.462,3,7,0.429,6,7,0.857,0,3,3,4,2,0,3,2,21,24,1,2023-24,Regular Season,202695,Kawhi Leonard
22023,202695,0022300114,2023-10-31,LAC vs. ORL,W,33,3,11,0.273,0,3,0.0,2,2,1.0,2,6,8,3,2,0,1,1,8,18,1,2023-24,Regular Season,202695,Kawhi Leonard
22023,202695,0022300127,2023-11-01,LAC @ LAL,L,41,15,28,0.536,5,11,0.455,3,6,0.5,1,5,6,5,2,0,2,2,38,4,1,2023-24,Regular Season,202695,Kawhi Leonard
22023,202695,0022300151,2023-11-06,LAC @ NYK,L,32,8,16,0.5,2,6,0.333,0,0,0.0,2,3,5,3,0,0,0,2,18,-12,1,2023-24,Regular Season,202695,Kawhi Leonard
22023,202695,0022300160,2023-11-08,LAC @ BKN,L,36,7,16,0.438,1,6,0.167,2,2,1.0,0,6,6,2,2,1,1,1,17,3,1,2023-24,Regular Season,202695,Kawhi Leonard
22023,202695,0022300014,2023-11-10,LAC @ DAL,L,29,8,15,0.533,2,4,0.5,8,8,1.0,1,2,3,4,0,0,2,2,26,-8,1,2023-24,Regular Season,202695,Kawhi Leonard
22023,202695,0022300179,2023-11-12,LAC vs. MEM,L,37,6,16,0.375,1,4,0.25,1,2,0.5,1,4,5,3,1,2,0,3,14,-18,1,2023-24,Regular Season,202695,Kawhi Leonard
22023,202695,0022300024,2023-11-14,LAC @ DEN,L,38,5,14,0.357,2,3,0.667,3,4,0.75,0,2,2,2,5,0,3,1,15,0,1,2023-24,Regular Season,202695,Kawhi Leonard
22023,202695,0022300037,2023-11-17,LAC vs. HOU,W,37,8,16,0.5,3,6,0.5,7,8,0.875,1,7,8,2,5,1,3,3,26,18,1,2023-24,Regular Season,202695,Kawhi Leonard
22023,202695,0022300223,2023-11-20,LAC @ SAS,W,28,8,17,0.471,2,6,0.333,3,3,1.0,2,2,4,3,1,1,0,0,21,17,1,2023-24,Regular Season,202695,Kawhi Leonard
22023,202695,0022300235,2023-11-22,LAC @ SAS,W,36,10,17,0.588,2,6,0.333,4,4,1.0,0,4,4,4,2,0,1,3,26,-2,1,2023-24,Regular Season,202695,Kawhi Leonard
22023,202695,0022300052,2023-11-24,LAC vs. NOP,L,34,8,17,0.471,1,7,0.143,3,4,0.75,1,7,8,3,1,1,1,0,20,-15,1,2023-24,Regular Season,202695,Kawhi Leonard
22023,202695,0022300244,2023-11-25,LAC vs. DAL,W,29,2,12,0.167,0,5,0.0,4,4,1.0,0,6,6,3,0,2,2,1,8,24,1,2023-24,Regular Season,202695,Kawhi Leonard
22023,202695,0022300257,2023-11-27,LAC vs. DEN,L,39,10,26,0.385,2,5,0.4,9,9,1.0,1,7,8,3,1,2,2,0,31,-5,1,2023-24,Regular Season,202695,Kawhi Leonard
22023,202695,0022300264,2023-11-29,LAC @ SAC,W,37,14,18,0.778,2,3,0.667,4,6,0.667,0,9,9,3,1,2,0,2,34,20,1,2023-24,Regular Season,202695,Kawhi Leonard
22023,202695,0022300273,2023-11-30,LAC @ GSW,L,35,9,17,0.529,2,2,1.0,3,4,0.75,1,6,7,0,2,0,0,2,23,2,1,2023-24,Regular Season,202695,Kawhi Leonard
22023,202695,0022300280,2023-12-02,LAC vs. GSW,W,39,9,16,0.563,2,5,0.4,0,0,0.0,0,8,8,7,1,0,3,2,20,8,1,2023-24,Regular Season,202695,Kawhi Leonard
22023,202695,0022301215,2023-12-06,LAC vs. DEN,W,38,8,16,0.5,1,3,0.333,0,0,0.0,1,3,4,5,1,1,2,2,17,-8,1,2023-24,Regular Season,202695,Kawhi Leonard
22023,202695,0022301225,2023-12-08,LAC @ UTA,W,38,14,23,0.609,6,8,0.75,7,7,1.0,3,2,5,5,0,1,2,1,41,18,1,2023-24,Regular Season,202695,Kawhi Leonard
22023,202695,0022300304,2023-12-11,LAC vs. POR,W,39,11,19,0.579,3,8,0.375,9,9,1.0,0,6,6,5,3,0,1,2,34,13,1,2023-24,Regular Season,202695,Kawhi Leonard
22023,202695,0022300309,2023-12-12,LAC vs. SAC,W,31,11,14,0.786,2,3,0.667,7,7,1.0,0,4,4,3,1,1,1,0,31,21,1,2023-24,Regular Season,202695,Kawhi Leonard
22023,202695,0022300325,2023-12-14,LAC vs. GSW,W,39,9,16,0.563,2,4,0.5,7,9,0.778,3,5,8,2,1,1,2,2,27,-1,1,2023-24,Regular Season,202695,Kawhi Leonard
22023,202695,0022300343,2023-12-16,LAC vs. NYK,W,30,12,16,0.75,5,6,0.833,7,7,1.0,1,6,7,4,2,0,0,1,36,15,1,2023-24,Regular Season,202695,Kawhi Leonard
22023,202695,0022300350,2023-12-18,LAC @ IND,W,27,12,18,0.667,2,5,0.4,2,2,1.0,1,1,2,1,1,0,3,2,28,27,1,2023-24,Regular Season,202695,Kawhi Leonard
22023,202695,0022300372,2023-12-20,LAC @ DAL,W,37,12,22,0.545,1,6,0.167,5,5,1.0,3,7,10,5,1,1,0,0,30,7,1,2023-24,Regular Season,202695,Kawhi Leonard
22023,202695,0022300458,2024-01-01,LAC vs. MIA,W,34,10,19,0.526,2,5,0.4,2,3,0.667,1,5,6,5,4,1,2,0,24,24,1,2023-24,Regular Season,202695,Kawhi Leonard
22023,202695,0022300473,2024-01-03,LAC @ PHX,W,40,9,16,0.563,4,6,0.667,8,8,1.0,2,6,8,3,2,2,2,1,30,11,1,2023-24,Regular Season,202695,Kawhi Leonard
22023,202695,0022300486,2024-01-05,LAC @ NOP,W,30,7,15,0.467,2,4,0.5,3,4,0.75,2,7,9,2,1,1,2,1,19,6,1,2023-24,Regular Season,202695,Kawhi Leonard
22023,202695,0022300505,2024-01-07,LAC @ LAL,L,35,6,17,0.353,2,7,0.286,1,2,0.5,0,8,8,2,3,2,3,4,15,4,1,2023-24,Regular Season,202695,Kawhi Leonard
22023,202695,0022300511,2024-01-08,LAC vs. PHX,W,32,8,15,0.533,1,3,0.333,0,0,0.0,0,3,3,2,5,1,3,1,17,11,1,2023-24,Regular Season,202695,Kawhi Leonard
22023,202695,0022300526,2024-01-10,LAC vs. TOR,W,38,10,18,0.556,2,4,0.5,7,7,1.0,2,1,3,7,1,2,0,3,29,-5,1,2023-24,Regular Season,202695,Kawhi Leonard
22023,202695,0022300537,2024-01-12,LAC @ MEM,W,29,10,16,0.625,2,5,0.4,0,0,0.0,0,7,7,4,2,2,1,3,22,11,1,2023-24,Regular Season,202695,Kawhi Leonard
22023,202695,0022300553,2024-01-14,LAC @ MIN,L,37,9,19,0.474,2,3,0.667,6,6,1.0,0,9,9,4,2,0,1,4,26,-13,1,2023-24,Regular Season,202695,Kawhi Leonard
22023,202695,0022300568,2024-01-16,LAC vs. OKC,W,37,6,10,0.6,3,4,0.75,1,2,0.5,1,5,6,6,0,1,3,0,16,19,1,2023-24,Regular Season,202695,Kawhi Leonard
22023,202695,0022300600,2024-01-21,LAC vs. BKN,W,37,6,15,0.4,2,3,0.667,7,8,0.875,1,3,4,4,0,1,2,2,21,15,1,2023-24,Regular Season,202695,Kawhi Leonard
22023,202695,0022300618,2024-01-23,LAC vs. LAL,W,38,11,16,0.688,0,1,0.0,3,3,1.0,2,9,11,10,2,1,2,0,25,15,1,2023-24,Regular Season,202695,Kawhi Leonard
22023,202695,0022300637,2024-01-26,LAC @ TOR,W,31,7,13,0.538,2,4,0.5,0,0,0.0,1,6,7,3,1,2,1,0,16,11,1,2023-24,Regular Season,202695,Kawhi Leonard
22023,202695,0022300646,2024-01-27,LAC @ BOS,W,29,10,15,0.667,3,5,0.6,3,3,1.0,1,6,7,2,2,2,2,1,26,27,1,2023-24,Regular Season,202695,Kawhi Leonard
22023,202695,0022300658,2024-01-29,LAC @ CLE,L,37,13,25,0.52,2,7,0.286,2,2,1.0,3,5,8,3,2,0,1,2,30,-9,1,2023-24,Regular Season,202695,Kawhi Leonard
22023,202695,0022300676,2024-01-31,LAC @ WAS,W,30,14,25,0.56,1,4,0.25,2,2,1.0,4,5,9,4,4,1,0,1,31,23,1,2023-24,Regular Season,202695,Kawhi Leonard
22023,202695,0022300688,2024-02-02,LAC @ DET,W,32,12,17,0.706,6,8,0.75,3,3,1.0,0,4,4,3,0,1,0,2,33,18,1,2023-24,Regular Season,202695,Kawhi Leonard
22023,202695,0022300708,2024-02-04,LAC @ MIA,W,35,8,16,0.5,3,6,0.5,6,6,1.0,3,8,11,4,2,2,3,2,25,-6,1,2023-24,Regular Season,202695,Kawhi Leonard
22023,202695,0022300716,2024-02-05,LAC @ ATL,W,37,13,20,0.65,5,8,0.625,5,5,1.0,1,1,2,5,1,1,1,2,36,8,1,2023-24,Regular Season,202695,Kawhi Leonard
22023,202695,0022300731,2024-02-07,LAC vs. NOP,L,33,4,10,0.4,1,3,0.333,6,8,0.75,1,5,6,4,2,1,3,0,15,-11,1,2023-24,Regular Season,202695,Kawhi Leonard
22023,202695,0022300749,2024-02-10,LAC vs. DET,W,35,7,18,0.389,3,7,0.429,7,7,1.0,0,4,4,5,2,0,3,2,24,2,1,2023-24,Regular Season,202695,Kawhi Leonard
22023,202695,0022300770,2024-02-12,LAC vs. MIN,L,30,8,17,0.471,1,3,0.333,1,1,1.0,4,0,4,1,1,0,3,2,18,-15,1,2023-24,Regular Season,202695,Kawhi Leonard
22023,202695,0022300799,2024-02-22,LAC @ OKC,L,31,9,12,0.75,0,2,0.0,2,2,1.0,0,3,3,2,1,0,2,2,20,-17,1,2023-24,Regular Season,202695,Kawhi Leonard
22023,202695,0022300807,2024-02-23,LAC @ MEM,W,36,10,18,0.556,2,6,0.333,2,2,1.0,2,6,8,4,3,1,6,2,24,8,1,2023-24,Regular Season,202695,Kawhi Leonard
22023,202695,0022300827,2024-02-25,LAC vs. SAC,L,36,7,18,0.389,0,3,0.0,6,7,0.857,0,8,8,3,4,1,3,0,20,-12,1,2023-24,Regular Season,202695,Kawhi Leonard
22023,202695,0022300848,2024-02-28,LAC vs. LAL,L,39,11,19,0.579,3,6,0.5,1,2,0.5,2,5,7,6,1,0,1,1,26,-2,1,2023-24,Regular Season,202695,Kawhi Leonard
22023,202695,0022300865,2024-03-01,LAC vs. WAS,W,29,9,20,0.45,2,8,0.25,7,7,1.0,4,5,9,4,1,1,1,2,27,12,1,2023-24,Regular Season,202695,Kawhi Leonard
22023,202695,0022300873,2024-03-03,LAC @ MIN,W,38,12,26,0.462,1,4,0.25,7,8,0.875,1,4,5,1,2,1,2,1,32,-11,1,2023-24,Regular Season,202695,Kawhi Leonard
22023,202695,0022300880,2024-03-04,LAC @ MIL,L,37,6,19,0.316,2,8,0.25,2,3,0.667,0,4,4,5,4,1,1,2,16,0,1,2023-24,Regular Season,202695,Kawhi Leonard
22023,202695,0022300897,2024-03-06,LAC @ HOU,W,39,11,18,0.611,1,4,0.25,5,5,1.0,1,5,6,7,2,0,0,1,28,9,1,2023-24,Regular Season,202695,Kawhi Leonard
22023,202695,0022300917,2024-03-09,LAC vs. CHI,W,38,8,15,0.533,0,1,0.0,3,3,1.0,2,7,9,4,0,1,2,1,19,4,1,2023-24,Regular Season,202695,Kawhi Leonard
22023,202695,0022300944,2024-03-12,LAC vs. MIN,L,12,2,4,0.5,1,2,0.5,1,2,0.5,0,2,2,2,0,0,0,0,6,13,1,2023-24,Regular Season,202695,Kawhi Leonard
22023,202695,0022300956,2024-03-14,LAC @ CHI,W,34,12,17,0.706,2,5,0.4,1,2,0.5,2,3,5,3,1,1,3,0,27,21,1,2023-24,Regular Season,202695,Kawhi Leonard
22023,202695,0022300964,2024-03-15,LAC @ NOP,L,39,8,15,0.533,1,3,0.333,6,6,1.0,1,6,7,2,0,2,1,1,23,0,1,2023-24,Regular Season,202695,Kawhi Leonard
22023,202695,0022300982,2024-03-17,LAC vs. ATL,L,37,8,17,0.471,3,8,0.375,9,10,0.9,0,2,2,2,1,1,3,0,28,-15,1,2023-24,Regular Season,202695,Kawhi Leonard
22023,202695,0022301003,2024-03-20,LAC @ POR,W,28,9,16,0.563,1,3,0.333,5,6,0.833,1,3,4,2,4,0,2,0,24,11,1,2023-24,Regular Season,202695,Kawhi Leonard
22023,202695,0022301017,2024-03-22,LAC @ POR,W,29,9,15,0.6,2,4,0.5,2,3,0.667,1,5,6,3,0,1,3,0,22,17,1,2023-24,Regular Season,202695,Kawhi Leonard
22023,202695,0022301028,2024-03-24,LAC vs. PHI,L,31,7,16,0.438,1,6,0.167,5,5,1.0,1,5,6,3,1,0,2,1,20,-1,1,2023-24,Regular Season,202695,Kawhi Leonard
22023,202695,0022301043,2024-03-25,LAC vs. IND,L,38,11,18,0.611,1,2,0.5,3,3,1.0,2,2,4,3,0,2,3,2,26,-10,1,2023-24,Regular Season,202695,Kawhi Leonard
22023,202695,0022301052,2024-03-27,LAC @ PHI,W,36,7,19,0.368,0,3,0.0,3,4,0.75,4,5,9,3,2,2,1,2,17,5,1,2023-24,Regular Season,202695,Kawhi Leonard
22023,202695,0022301064,2024-03-29,LAC @ ORL,W,38,12,21,0.571,3,6,0.5,2,2,1.0,1,10,11,5,4,2,3,4,29,5,1,2023-24,Regular Season,202695,Kawhi Leonard
22023,202695,0022301079,2024-03-31,LAC @ CHA,W,37,10,19,0.526,2,5,0.4,1,2,0.5,1,4,5,2,0,0,2,2,23,5,1,2023-24,Regular Season,202695,Kawhi Leonard
42023,202695,0042300172,2024-04-23,LAC vs. DAL,L,35,7,17,0.412,0,5,0.0,1,2,0.5,2,5,7,2,4,1,0,1,15,-8,1,2023-24,Playoffs,202695,Kawhi Leonard
42023,202695,0042300173,2024-04-26,LAC @ DAL,L,25,4,7,0.571,0,0,0.0,1,1,1.0,1,8,9,2,0,0,4,2,9,-4,1,2023-24,Playoffs,202695,Kawhi Leonard
22023,202710,0022300068,2023-10-25,MIA vs. DET,W,34,6,18,0.333,0,0,0.0,7,9,0.778,8,5,13,4,2,0,0,0,19,-3,1,2023-24,Regular Season,202710,Jimmy Butler III
22023,202710,0022300080,2023-10-27,MIA @ BOS,L,34,3,11,0.273,0,0,0.0,8,9,0.889,2,3,5,3,1,1,1,1,14,0,1,2023-24,Regular Season,202710,Jimmy Butler III
22023,202710,0022300107,2023-10-30,MIA @ MIL,L,29,4,11,0.364,1,2,0.5,4,4,1.0,2,2,4,4,0,1,1,0,13,-13,1,2023-24,Regular Season,202710,Jimmy Butler III
22023,202710,0022300119,2023-11-01,MIA vs. BKN,L,34,7,16,0.438,0,2,0.0,6,8,0.75,4,3,7,3,1,0,1,1,20,-3,1,2023-24,Regular Season,202710,Jimmy Butler III
22023,202710,0022300003,2023-11-03,MIA vs. WAS,W,31,7,11,0.636,1,2,0.5,5,6,0.833,0,7,7,2,3,0,2,1,20,6,1,2023-24,Regular Season,202710,Jimmy Butler III
22023,202710,0022300150,2023-11-06,MIA vs. LAL,W,37,9,15,0.6,3,4,0.75,7,7,1.0,2,2,4,6,2,0,3,0,28,-1,1,2023-24,Regular Season,202710,Jimmy Butler III
22023,202710,0022300164,2023-11-08,MIA @ MEM,W,35,5,13,0.385,2,4,0.5,3,3,1.0,1,2,3,2,2,0,1,1,15,12,1,2023-24,Regular Season,202710,Jimmy Butler III
22023,202710,0022300184,2023-11-12,MIA @ SAS,W,37,5,14,0.357,1,3,0.333,8,9,0.889,2,4,6,4,0,1,2,1,19,14,1,2023-24,Regular Season,202710,Jimmy Butler III
22023,202710,0022300017,2023-11-14,MIA @ CHA,W,34,10,14,0.714,1,1,1.0,11,14,0.786,3,1,4,5,2,0,3,1,32,2,1,2023-24,Regular Season,202710,Jimmy Butler III
22023,202710,0022300200,2023-11-16,MIA vs. BKN,W,35,12,19,0.632,2,5,0.4,10,11,0.909,2,3,5,3,1,3,4,0,36,9,1,2023-24,Regular Season,202710,Jimmy Butler III
22023,202710,0022300204,2023-11-18,MIA @ CHI,L,33,8,16,0.5,2,6,0.333,7,7,1.0,0,3,3,2,1,0,2,2,25,7,1,2023-24,Regular Season,202710,Jimmy Butler III
22023,202710,0022300220,2023-11-20,MIA @ CHI,W,29,4,11,0.364,0,2,0.0,8,9,0.889,0,3,3,6,1,0,1,2,16,17,1,2023-24,Regular Season,202710,Jimmy Butler III
22023,202710,0022300229,2023-11-22,MIA @ CLE,W,28,3,12,0.25,1,5,0.2,3,4,0.75,1,3,4,9,2,2,1,0,10,23,1,2023-24,Regular Season,202710,Jimmy Butler III
22023,202710,0022300045,2023-11-24,MIA @ NYK,L,37,7,14,0.5,3,5,0.6,6,6,1.0,0,2,2,3,1,0,2,1,23,7,1,2023-24,Regular Season,202710,Jimmy Butler III
22023,202710,0022300267,2023-11-30,MIA vs. IND,W,38,9,19,0.474,0,1,0.0,18,20,0.9,4,7,11,3,0,0,3,1,36,-3,1,2023-24,Regular Season,202710,Jimmy Butler III
22023,202710,0022300284,2023-12-02,MIA vs. IND,L,37,12,23,0.522,0,1,0.0,9,9,1.0,2,3,5,5,0,0,1,1,33,-17,1,2023-24,Regular Season,202710,Jimmy Butler III
22023,202710,0022301207,2023-12-06,MIA @ TOR,W,35,7,16,0.438,1,1,1.0,4,5,0.8,0,2,2,8,1,0,0,2,19,5,1,2023-24,Regular Season,202710,Jimmy Butler III
22023,202710,0022301220,2023-12-08,MIA vs. CLE,L,36,5,15,0.333,0,2,0.0,6,7,0.857,3,2,5,2,1,0,2,1,16,-5,1,2023-24,Regular Season,202710,Jimmy Butler III
22023,202710,0022300292,2023-12-11,MIA @ CHA,W,36,7,12,0.583,1,1,1.0,8,9,0.889,2,2,4,8,1,1,3,4,23,13,1,2023-24,Regular Season,202710,Jimmy Butler III
22023,202710,0022300312,2023-12-13,MIA vs. CHA,W,29,4,8,0.5,0,0,0.0,7,7,1.0,2,5,7,10,1,0,4,1,15,19,1,2023-24,Regular Season,202710,Jimmy Butler III
22023,202710,0022300320,2023-12-14,MIA vs. CHI,L,36,6,15,0.4,0,1,0.0,8,10,0.8,2,4,6,7,0,0,1,0,20,-10,1,2023-24,Regular Season,202710,Jimmy Butler III
22023,202710,0022300337,2023-12-16,MIA vs. CHI,W,35,9,18,0.5,0,2,0.0,10,11,0.909,1,3,4,2,2,0,2,3,28,12,1,2023-24,Regular Season,202710,Jimmy Butler III
22023,202710,0022300353,2023-12-18,MIA vs. MIN,L,34,5,12,0.417,1,3,0.333,4,6,0.667,2,3,5,5,0,0,1,1,15,5,1,2023-24,Regular Season,202710,Jimmy Butler III
22023,202710,0022300439,2023-12-30,MIA @ UTA,L,23,2,3,0.667,0,0,0.0,4,4,1.0,0,2,2,1,0,1,2,2,8,4,1,2023-24,Regular Season,202710,Jimmy Butler III
22023,202710,0022300562,2024-01-15,MIA @ BKN,W,40,8,12,0.667,0,0,0.0,15,16,0.938,2,3,5,4,2,0,1,2,31,6,1,2023-24,Regular Season,202710,Jimmy Butler III
22023,202710,0022300574,2024-01-17,MIA @ TOR,L,31,6,11,0.545,0,0,0.0,4,5,0.8,2,3,5,5,2,0,1,0,16,-8,1,2023-24,Regular Season,202710,Jimmy Butler III
22023,202710,0022300587,2024-01-19,MIA vs. ATL,L,36,8,10,0.8,0,0,0.0,9,10,0.9,4,1,5,6,2,0,4,2,25,0,1,2023-24,Regular Season,202710,Jimmy Butler III
22023,202710,0022300601,2024-01-21,MIA @ ORL,L,29,5,10,0.5,3,5,0.6,2,2,1.0,0,4,4,2,0,0,0,1,15,-10,1,2023-24,Regular Season,202710,Jimmy Butler III
22023,202710,0022300621,2024-01-24,MIA vs. MEM,L,35,4,10,0.4,1,2,0.5,6,8,0.75,3,1,4,3,2,0,4,1,15,-4,1,2023-24,Regular Season,202710,Jimmy Butler III
22023,202710,0022300630,2024-01-25,MIA vs. BOS,L,29,7,11,0.636,2,3,0.667,1,1,1.0,1,2,3,4,2,0,1,1,17,-24,1,2023-24,Regular Season,202710,Jimmy Butler III
22023,202710,0022300643,2024-01-27,MIA @ NYK,L,36,11,20,0.55,1,3,0.333,5,6,0.833,4,4,8,4,3,0,0,2,28,-7,1,2023-24,Regular Season,202710,Jimmy Butler III
22023,202710,0022300661,2024-01-29,MIA vs. PHX,L,37,7,12,0.583,2,2,1.0,10,10,1.0,5,3,8,4,1,0,0,1,26,-17,1,2023-24,Regular Season,202710,Jimmy Butler III
22023,202710,0022300678,2024-01-31,MIA vs. SAC,W,35,10,14,0.714,2,3,0.667,9,12,0.75,1,6,7,6,1,0,1,2,31,-1,1,2023-24,Regular Season,202710,Jimmy Butler III
22023,202710,0022300689,2024-02-02,MIA @ WAS,W,36,7,10,0.7,1,1,1.0,9,13,0.692,4,5,9,3,1,0,2,0,24,8,1,2023-24,Regular Season,202710,Jimmy Butler III
22023,202710,0022300708,2024-02-04,MIA vs. LAC,L,36,8,19,0.421,2,5,0.4,3,3,1.0,3,1,4,3,2,0,1,1,21,1,1,2023-24,Regular Season,202710,Jimmy Butler III
22023,202710,0022300721,2024-02-06,MIA vs. ORL,W,34,6,9,0.667,2,4,0.5,9,12,0.75,0,8,8,8,3,0,5,0,23,11,1,2023-24,Regular Season,202710,Jimmy Butler III
22023,202710,0022300730,2024-02-07,MIA vs. SAS,W,34,5,12,0.417,1,3,0.333,6,6,1.0,1,10,11,11,3,1,0,0,17,17,1,2023-24,Regular Season,202710,Jimmy Butler III
22023,202710,0022300810,2024-02-23,MIA @ NOP,W,27,7,12,0.583,1,1,1.0,8,12,0.667,2,7,9,6,3,1,3,0,23,19,1,2023-24,Regular Season,202710,Jimmy Butler III
22023,202710,0022300842,2024-02-27,MIA @ POR,W,33,7,12,0.583,1,2,0.5,7,9,0.778,1,3,4,9,4,2,1,3,22,5,1,2023-24,Regular Season,202710,Jimmy Butler III
22023,202710,0022300855,2024-02-29,MIA @ DEN,L,40,7,17,0.412,1,4,0.25,6,9,0.667,3,4,7,3,1,0,0,1,21,0,1,2023-24,Regular Season,202710,Jimmy Butler III
22023,202710,0022300867,2024-03-02,MIA vs. UTA,W,36,12,19,0.632,3,3,1.0,10,11,0.909,1,2,3,7,1,1,2,1,37,14,1,2023-24,Regular Season,202710,Jimmy Butler III
22023,202710,0022300888,2024-03-05,MIA vs. DET,W,37,7,13,0.538,1,3,0.333,11,12,0.917,2,4,6,8,2,0,2,1,26,1,1,2023-24,Regular Season,202710,Jimmy Butler III
22023,202710,0022300904,2024-03-07,MIA @ DAL,L,38,6,12,0.5,1,2,0.5,1,2,0.5,0,4,4,5,2,0,6,2,14,1,1,2023-24,Regular Season,202710,Jimmy Butler III
22023,202710,0022300914,2024-03-08,MIA @ OKC,L,37,8,16,0.5,0,3,0.0,4,6,0.667,2,8,10,8,0,0,1,1,20,3,1,2023-24,Regular Season,202710,Jimmy Butler III
22023,202710,0022300926,2024-03-10,MIA vs. WAS,L,36,9,20,0.45,0,4,0.0,5,6,0.833,1,2,3,4,1,1,2,2,23,0,1,2023-24,Regular Season,202710,Jimmy Butler III
22023,202710,0022300949,2024-03-13,MIA vs. DEN,L,36,6,16,0.375,1,2,0.5,2,2,1.0,3,2,5,2,0,1,1,2,15,-12,1,2023-24,Regular Season,202710,Jimmy Butler III
22023,202710,0022300962,2024-03-15,MIA @ DET,W,31,5,11,0.455,0,1,0.0,4,5,0.8,1,3,4,3,2,0,1,2,14,18,1,2023-24,Regular Season,202710,Jimmy Butler III
22023,202710,0022300996,2024-03-20,MIA @ CLE,W,37,11,19,0.579,2,4,0.5,6,7,0.857,1,3,4,5,4,0,2,1,30,10,1,2023-24,Regular Season,202710,Jimmy Butler III
22023,202710,0022301013,2024-03-22,MIA vs. NOP,L,36,5,12,0.417,0,3,0.0,7,7,1.0,1,3,4,5,1,0,0,0,17,-8,1,2023-24,Regular Season,202710,Jimmy Butler III
22023,202710,0022301029,2024-03-24,MIA vs. CLE,W,24,3,6,0.5,1,2,0.5,8,9,0.889,0,3,3,6,1,0,2,3,15,32,1,2023-24,Regular Season,202710,Jimmy Butler III
22023,202710,0022301068,2024-03-29,MIA vs. POR,W,25,2,4,0.5,1,3,0.333,3,3,1.0,0,4,4,8,1,0,0,1,8,42,1,2023-24,Regular Season,202710,Jimmy Butler III
22023,202710,0022301081,2024-03-31,MIA @ WAS,W,35,5,11,0.455,0,0,0.0,7,9,0.778,2,5,7,4,0,0,0,1,17,-2,1,2023-24,Regular Season,202710,Jimmy Butler III
22023,202710,0022301096,2024-04-02,MIA vs. NYK,W,39,5,12,0.417,1,3,0.333,6,6,1.0,1,4,5,6,0,0,4,3,17,10,1,2023-24,Regular Season,202710,Jimmy Butler III
22023,202710,0022301111,2024-04-04,MIA vs. PHI,L,40,7,17,0.412,1,4,0.25,5,5,1.0,2,2,4,5,0,0,1,0,20,10,1,2023-24,Regular Season,202710,Jimmy Butler III
22023,202710,0022301120,2024-04-05,MIA @ HOU,W,29,6,14,0.429,2,6,0.333,8,8,1.0,0,3,3,3,1,0,2,1,22,1,1,2023-24,Regular Season,202710,Jimmy Butler III
22023,202710,0022301133,2024-04-07,MIA @ IND,L,39,7,16,0.438,1,3,0.333,12,12,1.0,2,5,7,8,1,0,0,1,27,-6,1,2023-24,Regular Season,202710,Jimmy Butler III
22023,202710,0022301147,2024-04-09,MIA @ ATL,W,44,7,14,0.5,1,3,0.333,10,13,0.769,0,8,8,9,3,0,3,1,25,2,1,2023-24,Regular Season,202710,Jimmy Butler III
22023,202710,0022301161,2024-04-10,MIA vs. DAL,L,36,5,8,0.625,2,3,0.667,0,0,0.0,1,3,4,3,2,0,5,0,12,-9,1,2023-24,Regular Season,202710,Jimmy Butler III
22023,202710,0022301176,2024-04-12,MIA vs. TOR,W,29,5,7,0.714,2,2,1.0,2,4,0.5,1,2,3,7,0,0,0,0,14,7,1,2023-24,Regular Season,202710,Jimmy Butler III
22023,202710,0022301189,2024-04-14,MIA vs. TOR,W,24,6,9,0.667,0,0,0.0,3,4,0.75,3,2,5,4,0,0,1,1,15,6,1,2023-24,Regular Season,202710,Jimmy Butler III
22023,1629630,0022300360,2023-12-19,MEM @ NOP,W,35,12,24,0.5,0,5,0.0,10,12,0.833,3,3,6,8,2,1,5,2,34,12,1,2023-24,Regular Season,1629630,Ja Morant
22023,1629630,0022300377,2023-12-21,MEM vs. IND,W,34,7,16,0.438,1,3,0.333,5,6,0.833,0,5,5,8,0,0,2,0,20,15,1,2023-24,Regular Season,1629630,Ja Morant
22023,1629630,0022300393,2023-12-23,MEM @ ATL,W,36,14,25,0.56,1,3,0.333,1,1,1.0,0,6,6,11,1,1,3,1,30,2,1,2023-24,Regular Season,1629630,Ja Morant
22023,1629630,0022300410,2023-12-26,MEM @ NOP,W,40,12,24,0.5,1,7,0.143,6,8,0.75,0,4,4,7,1,2,6,2,31,3,1,2023-24,Regular Season,1629630,Ja Morant
22023,1629630,0022300438,2023-12-29,MEM @ LAC,L,37,7,19,0.368,0,7,0.0,5,6,0.833,0,6,6,10,0,0,3,4,19,-19,1,2023-24,Regular Season,1629630,Ja Morant
22023,1629630,0022300449,2023-12-31,MEM vs. SAC,L,31,4,12,0.333,2,4,0.5,7,8,0.875,0,3,3,3,0,0,0,3,17,-9,1,2023-24,Regular Season,1629630,Ja Morant
22023,1629630,0022300460,2024-01-02,MEM vs. SAS,W,35,7,15,0.467,3,9,0.333,9,12,0.75,0,5,5,10,1,0,4,3,26,-1,1,2023-24,Regular Season,1629630,Ja Morant
22023,1629630,0022300470,2024-01-03,MEM vs. TOR,L,35,10,18,0.556,3,6,0.5,5,6,0.833,1,7,8,9,1,0,2,1,28,-7,1,2023-24,Regular Season,1629630,Ja Morant
22023,1629630,0022300491,2024-01-05,MEM @ LAL,W,35,7,17,0.412,3,7,0.429,4,5,0.8,2,5,7,7,1,1,2,3,21,15,1,2023-24,Regular Season,1629630,Ja Morant
22023,1626164,0022300062,2023-10-24,PHX @ GSW,W,37,13,21,0.619,3,8,0.375,3,3,1.0,1,5,6,8,1,0,6,4,32,5,1,2023-24,Regular Season,1626164,Devin Booker
22023,1626164,0022300131,2023-11-02,PHX vs. SAS,L,35,10,19,0.526,5,7,0.714,6,6,1.0,1,8,9,13,0,0,5,4,31,-2,1,2023-24,Regular Season,1626164,Devin Booker
22023,1626164,0022300197,2023-11-15,PHX vs. MIN,W,26,12,22,0.545,2,7,0.286,5,5,1.0,1,3,4,5,0,0,2,2,31,0,1,2023-24,Regular Season,1626164,Devin Booker
22023,1626164,0022300035,2023-11-17,PHX @ UTA,W,32,7,15,0.467,2,3,0.667,8,10,0.8,0,4,4,15,0,0,1,3,24,9,1,2023-24,Regular Season,1626164,Devin Booker
22023,1626164,0022300214,2023-11-19,PHX @ UTA,W,40,8,21,0.381,2,7,0.286,8,8,1.0,1,4,5,8,0,1,3,5,26,2,1,2023-24,Regular Season,1626164,Devin Booker
22023,1626164,0022300041,2023-11-21,PHX vs. POR,W,33,9,20,0.45,0,3,0.0,10,10,1.0,0,3,3,6,1,1,1,1,28,18,1,2023-24,Regular Season,1626164,Devin Booker
22023,1626164,0022300236,2023-11-22,PHX vs. GSW,W,31,5,15,0.333,2,3,0.667,13,14,0.929,3,5,8,10,1,0,3,2,25,23,1,2023-24,Regular Season,1626164,Devin Booker
22023,1626164,0022300044,2023-11-24,PHX @ MEM,W,33,15,21,0.714,3,4,0.75,7,9,0.778,1,4,5,4,4,1,5,3,40,28,1,2023-24,Regular Season,1626164,Devin Booker
22023,1626164,0022300247,2023-11-26,PHX @ NYK,W,38,10,25,0.4,1,4,0.25,7,8,0.875,2,3,5,11,0,2,2,3,28,15,1,2023-24,Regular Season,1626164,Devin Booker
22023,1626164,0022300260,2023-11-29,PHX @ TOR,L,33,2,12,0.167,0,4,0.0,4,4,1.0,0,5,5,5,0,0,2,3,8,-15,1,2023-24,Regular Season,1626164,Devin Booker
22023,1626164,0022300288,2023-12-02,PHX vs. MEM,W,37,9,21,0.429,3,8,0.375,13,13,1.0,1,9,10,7,1,0,2,2,34,9,1,2023-24,Regular Season,1626164,Devin Booker
22023,1626164,0022301203,2023-12-05,PHX @ LAL,L,37,6,16,0.375,1,1,1.0,8,8,1.0,2,9,11,6,1,1,7,5,21,2,1,2023-24,Regular Season,1626164,Devin Booker
22023,1626164,0022301228,2023-12-08,PHX vs. SAC,L,38,10,14,0.714,2,2,1.0,6,9,0.667,0,7,7,7,1,0,3,4,28,-6,1,2023-24,Regular Season,1626164,Devin Booker
22023,1626164,0022300308,2023-12-12,PHX vs. GSW,W,36,12,23,0.522,3,6,0.5,5,5,1.0,1,3,4,7,1,1,2,5,32,15,1,2023-24,Regular Season,1626164,Devin Booker
22023,1626164,0022300317,2023-12-13,PHX vs. BKN,L,40,9,15,0.6,2,6,0.333,14,15,0.933,1,5,6,12,0,0,2,5,34,16,1,2023-24,Regular Season,1626164,Devin Booker
22023,1626164,0022300333,2023-12-15,PHX vs. NYK,L,37,11,26,0.423,1,5,0.2,5,6,0.833,1,1,2,9,0,0,3,4,28,-18,1,2023-24,Regular Season,1626164,Devin Booker
22023,1626164,0022300347,2023-12-17,PHX vs. WAS,W,41,10,24,0.417,3,11,0.273,4,5,0.8,0,4,4,8,1,1,5,4,27,2,1,2023-24,Regular Season,1626164,Devin Booker
22023,1626164,0022300363,2023-12-19,PHX @ POR,L,38,11,25,0.44,1,5,0.2,3,4,0.75,0,3,3,7,0,0,1,3,26,-9,1,2023-24,Regular Season,1626164,Devin Booker
22023,1626164,0022300387,2023-12-22,PHX @ SAC,L,36,9,20,0.45,0,3,0.0,6,9,0.667,2,2,4,7,0,0,0,1,24,-24,1,2023-24,Regular Season,1626164,Devin Booker
22023,1626164,0022300405,2023-12-25,PHX vs. DAL,L,40,6,14,0.429,1,4,0.25,7,10,0.7,0,3,3,10,1,1,3,5,20,-18,1,2023-24,Regular Season,1626164,Devin Booker
22023,1626164,0022300418,2023-12-27,PHX @ HOU,W,36,9,19,0.474,1,6,0.167,1,1,1.0,1,3,4,7,2,0,4,2,20,13,1,2023-24,Regular Season,1626164,Devin Booker
22023,1626164,0022300436,2023-12-29,PHX vs. CHA,W,37,10,18,0.556,5,7,0.714,10,10,1.0,0,4,4,7,0,1,2,4,35,11,1,2023-24,Regular Season,1626164,Devin Booker
22023,1626164,0022300450,2023-12-31,PHX vs. ORL,W,37,7,17,0.412,3,8,0.375,4,5,0.8,0,4,4,5,3,0,1,3,21,13,1,2023-24,Regular Season,1626164,Devin Booker
22023,1626164,0022300456,2024-01-01,PHX vs. POR,W,31,4,16,0.25,1,4,0.25,1,2,0.5,3,5,8,6,1,0,2,2,10,12,1,2023-24,Regular Season,1626164,Devin Booker
22023,1626164,0022300473,2024-01-03,PHX vs. LAC,L,37,11,15,0.733,5,8,0.625,8,9,0.889,0,2,2,6,0,0,6,4,35,-12,1,2023-24,Regular Season,1626164,Devin Booker
22023,1626164,0022300489,2024-01-05,PHX vs. MIA,W,35,9,19,0.474,2,7,0.286,0,0,0.0,0,5,5,10,2,0,3,2,20,25,1,2023-24,Regular Season,1626164,Devin Booker
22023,1626164,0022300503,2024-01-07,PHX vs. MEM,L,37,9,17,0.529,2,6,0.333,4,5,0.8,0,0,0,8,2,1,2,4,24,11,1,2023-24,Regular Season,1626164,Devin Booker
22023,1626164,0022300511,2024-01-08,PHX @ LAC,L,34,8,14,0.571,2,6,0.333,2,2,1.0,0,0,0,5,0,0,6,4,20,-31,1,2023-24,Regular Season,1626164,Devin Booker
22023,1626164,0022300531,2024-01-11,PHX @ LAL,W,34,11,22,0.5,2,6,0.333,7,7,1.0,0,5,5,5,3,0,3,2,31,20,1,2023-24,Regular Season,1626164,Devin Booker
22023,1626164,0022300554,2024-01-14,PHX @ POR,W,39,14,22,0.636,1,6,0.167,5,5,1.0,0,6,6,7,0,0,0,2,34,17,1,2023-24,Regular Season,1626164,Devin Booker
22023,1626164,0022300567,2024-01-16,PHX vs. SAC,W,38,5,14,0.357,1,3,0.333,5,6,0.833,0,4,4,11,0,0,2,4,16,16,1,2023-24,Regular Season,1626164,Devin Booker
22023,1626164,0022300588,2024-01-19,PHX @ NOP,W,37,18,30,0.6,6,11,0.545,10,10,1.0,1,3,4,5,0,0,1,0,52,12,1,2023-24,Regular Season,1626164,Devin Booker
22023,1626164,0022300604,2024-01-21,PHX vs. IND,W,36,9,24,0.375,1,7,0.143,7,9,0.778,1,5,6,8,2,0,2,2,26,14,1,2023-24,Regular Season,1626164,Devin Booker
22023,1626164,0022300612,2024-01-22,PHX vs. CHI,W,41,6,11,0.545,2,6,0.333,2,3,0.667,0,4,4,5,1,0,2,2,16,-3,1,2023-24,Regular Season,1626164,Devin Booker
22023,1626164,0022300625,2024-01-24,PHX @ DAL,W,35,17,23,0.739,6,10,0.6,6,8,0.75,1,6,7,3,2,0,2,0,46,33,1,2023-24,Regular Season,1626164,Devin Booker
22023,1626164,0022300636,2024-01-26,PHX @ IND,L,38,22,37,0.595,6,12,0.5,12,13,0.923,0,5,5,4,1,2,4,2,62,1,1,2023-24,Regular Season,1626164,Devin Booker
22023,1626164,0022300655,2024-01-28,PHX @ ORL,L,36,17,26,0.654,1,2,0.5,9,11,0.818,1,3,4,3,1,2,4,3,44,-4,1,2023-24,Regular Season,1626164,Devin Booker
22023,1626164,0022300661,2024-01-29,PHX @ MIA,W,41,9,23,0.391,2,10,0.2,2,3,0.667,0,8,8,7,1,1,0,2,22,18,1,2023-24,Regular Season,1626164,Devin Booker
22023,1626164,0022300677,2024-01-31,PHX @ BKN,W,36,9,17,0.529,4,6,0.667,0,0,0.0,0,3,3,8,2,1,2,5,22,19,1,2023-24,Regular Season,1626164,Devin Booker
22023,1626164,0022300690,2024-02-02,PHX @ ATL,L,38,8,16,0.5,3,8,0.375,5,6,0.833,2,4,6,4,1,0,2,4,24,4,1,2023-24,Regular Season,1626164,Devin Booker
22023,1626164,0022300705,2024-02-04,PHX @ WAS,W,26,4,11,0.364,1,3,0.333,5,5,1.0,0,1,1,6,0,0,0,4,14,22,1,2023-24,Regular Season,1626164,Devin Booker
22023,1626164,0022300725,2024-02-06,PHX vs. MIL,W,38,12,21,0.571,2,6,0.333,6,10,0.6,0,1,1,4,0,0,1,3,32,5,1,2023-24,Regular Season,1626164,Devin Booker
22023,1626164,0022300757,2024-02-10,PHX @ GSW,L,38,11,21,0.524,2,8,0.25,8,9,0.889,1,3,4,6,1,1,2,3,32,-3,1,2023-24,Regular Season,1626164,Devin Booker
22023,1626164,0022300774,2024-02-13,PHX vs. SAC,W,38,7,17,0.412,0,2,0.0,11,13,0.846,1,2,3,9,3,0,3,3,25,5,1,2023-24,Regular Season,1626164,Devin Booker
22023,1626164,0022300787,2024-02-14,PHX vs. DET,W,5,2,5,0.4,1,2,0.5,2,2,1.0,1,0,1,1,1,0,1,1,7,1,1,2023-24,Regular Season,1626164,Devin Booker
22023,1626164,0022300796,2024-02-22,PHX @ DAL,L,39,13,21,0.619,2,6,0.333,7,8,0.875,1,4,5,8,1,0,4,2,35,-14,1,2023-24,Regular Season,1626164,Devin Booker
22023,1626164,0022300806,2024-02-23,PHX @ HOU,L,36,7,24,0.292,0,4,0.0,11,11,1.0,1,4,5,2,1,1,1,3,25,-15,1,2023-24,Regular Season,1626164,Devin Booker
22023,1626164,0022300818,2024-02-25,PHX vs. LAL,W,38,8,18,0.444,1,4,0.25,4,4,1.0,1,2,3,9,1,0,3,2,21,9,1,2023-24,Regular Season,1626164,Devin Booker
22023,1626164,0022300854,2024-02-29,PHX vs. HOU,W,39,13,27,0.481,6,11,0.545,3,3,1.0,1,6,7,3,1,1,1,4,35,11,1,2023-24,Regular Season,1626164,Devin Booker
22023,1626164,0022300870,2024-03-02,PHX vs. HOU,L,38,7,17,0.412,2,4,0.5,8,8,1.0,0,2,2,5,1,0,5,5,24,-17,1,2023-24,Regular Season,1626164,Devin Booker
22023,1626164,0022300934,2024-03-11,PHX @ CLE,W,38,11,22,0.5,1,7,0.143,4,4,1.0,4,2,6,7,0,1,2,2,27,12,1,2023-24,Regular Season,1626164,Devin Booker
22023,1626164,0022300955,2024-03-14,PHX @ BOS,L,38,9,20,0.45,1,6,0.167,4,4,1.0,0,2,2,7,0,0,0,3,23,-16,1,2023-24,Regular Season,1626164,Devin Booker
22023,1626164,0022300961,2024-03-15,PHX @ CHA,W,36,6,18,0.333,1,8,0.125,8,8,1.0,0,6,6,11,1,1,2,2,21,17,1,2023-24,Regular Season,1626164,Devin Booker
22023,1626164,0022300976,2024-03-17,PHX @ MIL,L,40,11,22,0.5,0,5,0.0,1,2,0.5,1,8,9,6,1,1,2,3,23,-9,1,2023-24,Regular Season,1626164,Devin Booker
22023,1626164,0022301002,2024-03-20,PHX vs. PHI,W,35,7,15,0.467,1,5,0.2,3,4,0.75,5,4,9,11,2,0,2,4,18,9,1,2023-24,Regular Season,1626164,Devin Booker
22023,1626164,0022301010,2024-03-21,PHX vs. ATL,W,32,10,15,0.667,6,8,0.75,4,4,1.0,1,3,4,2,0,0,2,5,30,-10,1,2023-24,Regular Season,1626164,Devin Booker
22023,1626164,0022301025,2024-03-23,PHX @ SAS,W,31,14,24,0.583,3,7,0.429,1,1,1.0,2,5,7,9,0,0,2,3,32,29,1,2023-24,Regular Season,1626164,Devin Booker
22023,1626164,0022301039,2024-03-25,PHX @ SAS,L,40,14,28,0.5,3,10,0.3,5,7,0.714,1,5,6,4,1,3,5,4,36,-1,1,2023-24,Regular Season,1626164,Devin Booker
22023,1626164,0022301059,2024-03-27,PHX @ DEN,W,37,5,17,0.294,2,6,0.333,5,5,1.0,0,5,5,9,0,0,2,2,17,-3,1,2023-24,Regular Season,1626164,Devin Booker
22023,1626164,0022301069,2024-03-29,PHX @ OKC,L,27,4,9,0.444,0,2,0.0,6,7,0.857,0,3,3,5,0,0,3,5,14,-17,1,2023-24,Regular Season,1626164,Devin Booker
22023,1626164,0022301092,2024-04-01,PHX @ NOP,W,39,19,28,0.679,8,16,0.5,6,7,0.857,1,2,3,9,0,1,3,3,52,8,1,2023-24,Regular Season,1626164,Devin Booker
22023,1626164,0022301110,2024-04-03,PHX vs. CLE,W,37,13,25,0.52,5,9,0.556,9,9,1.0,0,1,1,8,1,0,4,2,40,18,1,2023-24,Regular Season,1626164,Devin Booker
22023,1626164,0022301125,2024-04-05,PHX vs. MIN,W,34,3,12,0.25,1,5,0.2,6,6,1.0,1,2,3,13,3,0,7,3,13,19,1,2023-24,Regular Season,1626164,Devin Booker
22023,1626164,0022301138,2024-04-07,PHX vs. NOP,L,39,9,16,0.563,0,6,0.0,7,8,0.875,0,3,3,7,1,0,4,3,25,-6,1,2023-24,Regular Season,1626164,Devin Booker
22023,1626164,0022301156,2024-04-09,PHX vs. LAC,L,40,1,11,0.091,0,4,0.0,10,11,0.909,1,2,3,5,2,0,3,2,12,-7,1,2023-24,Regular Season,1626164,Devin Booker
22023,1626164,0022301165,2024-04-10,PHX @ LAC,W,39,13,24,0.542,5,12,0.417,6,6,1.0,1,0,1,4,1,1,1,1,37,9,1,2023-24,Regular Season,1626164,Devin Booker
22023,1626164,0022301185,2024-04-12,PHX @ SAC,W,41,7,12,0.583,2,4,0.5,5,5,1.0,1,3,4,6,0,0,4,5,21,-1,1,2023-24,Regular Season,1626164,Devin Booker
22023,1626164,0022301194,2024-04-14,PHX @ MIN,W,36,6,16,0.375,3,8,0.375,8,10,0.8,2,2,4,7,1,0,1,3,23,20,1,2023-24,Regular Season,1626164,Devin Booker
42023,1626164,0042300161,2024-04-20,PHX @ MIN,L,38,5,16,0.313,2,6,0.333,6,6,1.0,0,2,2,5,1,0,1,4,18,-15,1,2023-24,Playoffs,1626164,Devin Booker
42023,1626164,0042300162,2024-04-23,PHX @ MIN,L,42,6,13,0.462,1,6,0.167,7,8,0.875,1,2,3,5,2,0,6,6,20,-24,1,2023-24,Playoffs,1626164,Devin Booker
42023,1626164,0042300163,2024-04-26,PHX vs. MIN,L,42,8,15,0.533,1,3,0.333,6,6,1.0,0,3,3,8,2,0,2,3,23,-8,1,2023-24,Playoffs,1626164,Devin Booker
42023,1626164,0042300164,2024-04-28,PHX vs. MIN,L,45,13,21,0.619,3,5,0.6,20,21,0.952,0,5,5,6,2,1,2,5,49,0,1,2023-24,Playoffs,1626164,Devin Booker
22023,1629627,0022300071,2023-10-25,NOP @ MEM,W,32,9,17,0.529,0,0,0.0,5,7,0.714,4,3,7,3,0,0,3,1,23,-8,1,2023-24,Regular Season,1629627,Zion Williamson
22023,1629627,0022300090,2023-10-28,NOP vs. NYK,W,28,12,17,0.706,0,0,0.0,0,2,0.0,1,4,5,2,1,0,0,0,24,11,1,2023-24,Regular Season,1629627,Zion Williamson
22023,1629627,0022300108,2023-10-30,NOP vs. GSW,L,30,7,15,0.467,0,1,0.0,5,9,0.556,3,2,5,3,2,0,5,5,19,-17,1,2023-24,Regular Season,1629627,Zion Williamson
22023,1629627,0022300121,2023-11-01,NOP @ OKC,W,33,7,20,0.35,0,0,0.0,6,9,0.667,7,3,10,8,0,0,4,4,20,-7,1,2023-24,Regular Season,1629627,Zion Williamson
22023,1629627,0022300135,2023-11-04,NOP vs. ATL,L,32,9,16,0.563,0,0,0.0,7,10,0.7,2,3,5,3,0,0,0,2,25,-4,1,2023-24,Regular Season,1629627,Zion Williamson
22023,1629627,0022300156,2023-11-06,NOP @ DEN,L,37,10,22,0.455,0,0,0.0,0,1,0.0,3,7,10,9,2,0,0,2,20,-11,1,2023-24,Regular Season,1629627,Zion Williamson
22023,1629627,0022300011,2023-11-10,NOP @ HOU,L,34,8,16,0.5,0,0,0.0,8,11,0.727,2,6,8,1,0,1,5,5,24,2,1,2023-24,Regular Season,1629627,Zion Williamson
22023,1629627,0022300183,2023-11-12,NOP vs. DAL,L,27,7,11,0.636,0,0,0.0,4,8,0.5,1,1,2,4,1,0,6,3,18,-21,1,2023-24,Regular Season,1629627,Zion Williamson
22023,1629627,0022300022,2023-11-14,NOP vs. DAL,W,27,8,15,0.533,0,0,0.0,3,7,0.429,3,4,7,5,2,0,2,3,19,11,1,2023-24,Regular Season,1629627,Zion Williamson
22023,1629627,0022300034,2023-11-17,NOP vs. DEN,W,33,10,17,0.588,1,1,1.0,5,11,0.455,0,4,4,6,0,2,4,3,26,21,1,2023-24,Regular Season,1629627,Zion Williamson
22023,1629627,0022300222,2023-11-20,NOP vs. SAC,W,30,12,16,0.75,0,0,0.0,2,2,1.0,0,3,3,5,3,1,1,2,26,32,1,2023-24,Regular Season,1629627,Zion Williamson
22023,1629627,0022300233,2023-11-22,NOP vs. SAC,W,35,10,16,0.625,0,0,0.0,5,7,0.714,1,4,5,6,0,0,2,3,25,-1,1,2023-24,Regular Season,1629627,Zion Williamson
22023,1629627,0022300052,2023-11-24,NOP @ LAC,W,34,13,25,0.52,0,1,0.0,6,9,0.667,2,4,6,5,2,0,5,2,32,-1,1,2023-24,Regular Season,1629627,Zion Williamson
22023,1629627,0022300256,2023-11-27,NOP @ UTA,L,34,9,16,0.563,1,1,1.0,7,9,0.778,1,3,4,7,1,0,0,2,26,3,1,2023-24,Regular Season,1629627,Zion Williamson
22023,1629627,0022300262,2023-11-29,NOP vs. PHI,W,33,11,12,0.917,0,0,0.0,11,12,0.917,1,7,8,6,3,0,2,1,33,16,1,2023-24,Regular Season,1629627,Zion Williamson
22023,1629627,0022300278,2023-12-01,NOP vs. SAS,W,26,4,9,0.444,0,0,0.0,4,5,0.8,1,3,4,7,0,1,1,2,12,12,1,2023-24,Regular Season,1629627,Zion Williamson
22023,1629627,0022300285,2023-12-02,NOP @ CHI,L,30,10,15,0.667,0,0,0.0,7,9,0.778,2,3,5,3,1,0,5,3,27,-12,1,2023-24,Regular Season,1629627,Zion Williamson
22023,1629627,0022301204,2023-12-04,NOP @ SAC,W,28,5,8,0.625,0,2,0.0,0,0,0.0,1,5,6,6,3,0,4,3,10,4,1,2023-24,Regular Season,1629627,Zion Williamson
22023,1629627,0022301230,2023-12-07,NOP @ LAL,L,26,6,8,0.75,0,0,0.0,1,6,0.167,1,1,2,3,0,0,3,3,13,-33,1,2023-24,Regular Season,1629627,Zion Williamson
22023,1629627,0022300301,2023-12-11,NOP vs. MIN,W,33,13,17,0.765,0,0,0.0,10,12,0.833,2,3,5,2,1,1,1,1,36,26,1,2023-24,Regular Season,1629627,Zion Williamson
22023,1629627,0022300326,2023-12-15,NOP @ CHA,W,30,9,16,0.563,0,0,0.0,3,4,0.75,3,8,11,4,0,0,1,4,21,-1,1,2023-24,Regular Season,1629627,Zion Williamson
22023,1629627,0022300345,2023-12-17,NOP @ SAS,W,26,7,12,0.583,0,1,0.0,1,4,0.25,5,3,8,3,2,1,1,2,15,5,1,2023-24,Regular Season,1629627,Zion Williamson
22023,1629627,0022300360,2023-12-19,NOP vs. MEM,L,25,5,12,0.417,0,0,0.0,3,4,0.75,0,3,3,4,0,0,2,4,13,-13,1,2023-24,Regular Season,1629627,Zion Williamson
22023,1629627,0022300392,2023-12-23,NOP vs. HOU,L,34,11,16,0.688,1,2,0.5,5,10,0.5,2,6,8,4,2,1,3,1,28,2,1,2023-24,Regular Season,1629627,Zion Williamson
22023,1629627,0022300410,2023-12-26,NOP vs. MEM,L,36,7,17,0.412,0,0,0.0,9,12,0.75,2,9,11,1,1,0,6,5,23,4,1,2023-24,Regular Season,1629627,Zion Williamson
22023,1629627,0022300424,2023-12-28,NOP vs. UTA,W,30,10,14,0.714,0,0,0.0,1,3,0.333,1,9,10,8,0,1,0,2,21,7,1,2023-24,Regular Season,1629627,Zion Williamson
22023,1629627,0022300446,2023-12-31,NOP vs. LAL,W,32,8,12,0.667,0,0,0.0,10,12,0.833,2,2,4,6,0,0,4,5,26,12,1,2023-24,Regular Season,1629627,Zion Williamson
22023,1629627,0022300461,2024-01-02,NOP vs. BKN,W,26,5,9,0.556,0,0,0.0,0,0,0.0,1,2,3,5,0,1,4,3,10,16,1,2023-24,Regular Season,1629627,Zion Williamson
22023,1629627,0022300471,2024-01-03,NOP @ MIN,W,29,11,15,0.733,0,0,0.0,5,6,0.833,1,3,4,6,1,1,2,3,27,20,1,2023-24,Regular Season,1629627,Zion Williamson
22023,1629627,0022300486,2024-01-05,NOP vs. LAC,L,19,3,9,0.333,0,0,0.0,6,8,0.75,2,4,6,1,1,1,1,3,12,-17,1,2023-24,Regular Season,1629627,Zion Williamson
22023,1629627,0022300525,2024-01-10,NOP @ GSW,W,30,8,12,0.667,0,0,0.0,3,5,0.6,1,4,5,7,1,0,4,2,19,23,1,2023-24,Regular Season,1629627,Zion Williamson
22023,1629627,0022300539,2024-01-12,NOP @ DEN,L,35,13,22,0.591,0,0,0.0,4,6,0.667,2,4,6,5,0,1,1,1,30,-7,1,2023-24,Regular Season,1629627,Zion Williamson
22023,1629627,0022300556,2024-01-15,NOP @ DAL,L,32,12,17,0.706,0,0,0.0,6,11,0.545,0,1,1,3,1,0,3,2,30,6,1,2023-24,Regular Season,1629627,Zion Williamson
22023,1629627,0022300575,2024-01-17,NOP vs. CHA,W,27,5,11,0.455,0,0,0.0,3,4,0.75,2,3,5,9,3,0,2,1,13,6,1,2023-24,Regular Season,1629627,Zion Williamson
22023,1629627,0022300588,2024-01-19,NOP vs. PHX,L,33,11,17,0.647,1,1,1.0,1,3,0.333,1,2,3,1,0,1,2,2,24,-23,1,2023-24,Regular Season,1629627,Zion Williamson
22023,1629627,0022300616,2024-01-23,NOP vs. UTA,W,27,8,12,0.667,0,0,0.0,1,2,0.5,1,2,3,11,0,0,2,2,17,6,1,2023-24,Regular Season,1629627,Zion Williamson
22023,1629627,0022300648,2024-01-27,NOP @ MIL,L,29,8,14,0.571,0,0,0.0,7,7,1.0,1,1,2,2,1,0,5,0,23,-20,1,2023-24,Regular Season,1629627,Zion Williamson
22023,1629627,0022300659,2024-01-29,NOP @ BOS,L,31,11,18,0.611,0,1,0.0,4,5,0.8,0,4,4,3,2,0,3,0,26,-7,1,2023-24,Regular Season,1629627,Zion Williamson
22023,1629627,0022300696,2024-02-02,NOP @ SAS,W,36,12,21,0.571,0,0,0.0,9,13,0.692,3,5,8,4,1,1,1,2,33,15,1,2023-24,Regular Season,1629627,Zion Williamson
22023,1629627,0022300718,2024-02-05,NOP vs. TOR,W,22,5,8,0.625,0,0,0.0,6,6,1.0,1,2,3,5,0,1,1,0,16,16,1,2023-24,Regular Season,1629627,Zion Williamson
22023,1629627,0022300731,2024-02-07,NOP @ LAC,W,35,7,16,0.438,0,0,0.0,7,10,0.7,1,2,3,10,1,2,2,3,21,-6,1,2023-24,Regular Season,1629627,Zion Williamson
22023,1629627,0022300747,2024-02-09,NOP @ LAL,L,32,12,19,0.632,0,0,0.0,6,7,0.857,3,6,9,5,1,1,2,2,30,-17,1,2023-24,Regular Season,1629627,Zion Williamson
22023,1629627,0022300766,2024-02-12,NOP @ MEM,W,35,4,13,0.308,0,0,0.0,6,7,0.857,2,3,5,4,1,1,3,1,14,8,1,2023-24,Regular Season,1629627,Zion Williamson
22023,1629627,0022300784,2024-02-14,NOP vs. WAS,W,34,15,21,0.714,0,0,0.0,6,9,0.667,2,4,6,8,0,1,1,2,36,2,1,2023-24,Regular Season,1629627,Zion Williamson
22023,1629627,0022300798,2024-02-22,NOP vs. HOU,W,35,12,21,0.571,0,0,0.0,3,4,0.75,1,2,3,9,2,1,3,1,27,17,1,2023-24,Regular Season,1629627,Zion Williamson
22023,1629627,0022300810,2024-02-23,NOP vs. MIA,L,36,9,22,0.409,0,0,0.0,5,6,0.833,4,5,9,7,1,0,3,3,23,-23,1,2023-24,Regular Season,1629627,Zion Williamson
22023,1629627,0022300823,2024-02-25,NOP vs. CHI,L,33,9,15,0.6,0,0,0.0,1,2,0.5,1,7,8,11,0,2,3,2,19,6,1,2023-24,Regular Season,1629627,Zion Williamson
22023,1629627,0022300837,2024-02-27,NOP @ NYK,W,29,7,15,0.467,0,0,0.0,7,8,0.875,2,3,5,4,0,2,6,6,21,9,1,2023-24,Regular Season,1629627,Zion Williamson
22023,1629627,0022300843,2024-02-28,NOP @ IND,L,32,10,20,0.5,1,2,0.5,2,5,0.4,1,2,3,4,0,0,1,2,23,-13,1,2023-24,Regular Season,1629627,Zion Williamson
22023,1629627,0022300863,2024-03-01,NOP vs. IND,W,21,3,6,0.5,0,0,0.0,2,4,0.5,1,2,3,7,0,0,5,0,8,10,1,2023-24,Regular Season,1629627,Zion Williamson
22023,1629627,0022300890,2024-03-05,NOP @ TOR,W,26,7,11,0.636,0,0,0.0,2,2,1.0,2,6,8,9,1,2,1,0,16,28,1,2023-24,Regular Season,1629627,Zion Williamson
22023,1629627,0022300909,2024-03-08,NOP @ PHI,W,35,7,14,0.5,0,1,0.0,9,9,1.0,2,10,12,4,2,3,1,2,23,13,1,2023-24,Regular Season,1629627,Zion Williamson
22023,1629627,0022300925,2024-03-10,NOP @ ATL,W,36,10,14,0.714,0,0,0.0,7,10,0.7,2,4,6,7,0,2,1,2,27,6,1,2023-24,Regular Season,1629627,Zion Williamson
22023,1629627,0022300951,2024-03-13,NOP vs. CLE,L,35,13,21,0.619,0,0,0.0,7,9,0.778,2,7,9,1,1,0,2,1,33,-22,1,2023-24,Regular Season,1629627,Zion Williamson
22023,1629627,0022300964,2024-03-15,NOP vs. LAC,W,35,14,21,0.667,0,0,0.0,6,10,0.6,4,3,7,4,3,1,3,2,34,11,1,2023-24,Regular Season,1629627,Zion Williamson
22023,1629627,0022300970,2024-03-16,NOP vs. POR,W,34,11,17,0.647,0,0,0.0,4,5,0.8,2,8,10,3,1,1,3,2,26,21,1,2023-24,Regular Season,1629627,Zion Williamson
22023,1629627,0022300993,2024-03-19,NOP @ BKN,W,33,11,16,0.688,0,0,0.0,6,6,1.0,2,5,7,4,1,0,2,3,28,11,1,2023-24,Regular Season,1629627,Zion Williamson
22023,1629627,0022301004,2024-03-21,NOP @ ORL,L,29,8,15,0.533,0,0,0.0,4,6,0.667,0,7,7,2,2,1,8,5,20,0,1,2023-24,Regular Season,1629627,Zion Williamson
22023,1629627,0022301013,2024-03-22,NOP @ MIA,W,25,2,7,0.286,0,0,0.0,0,0,0.0,3,2,5,4,0,1,5,2,4,-3,1,2023-24,Regular Season,1629627,Zion Williamson
22023,1629627,0022301027,2024-03-24,NOP @ DET,W,36,13,14,0.929,0,0,0.0,10,14,0.714,1,6,7,6,2,0,4,2,36,18,1,2023-24,Regular Season,1629627,Zion Williamson
22023,1629627,0022301046,2024-03-26,NOP vs. OKC,L,39,10,17,0.588,0,0,0.0,9,10,0.9,1,4,5,10,3,0,5,4,29,-2,1,2023-24,Regular Season,1629627,Zion Williamson
22023,1629627,0022301061,2024-03-28,NOP vs. MIL,W,33,9,15,0.6,0,0,0.0,10,16,0.625,0,5,5,2,0,1,3,3,28,-2,1,2023-24,Regular Season,1629627,Zion Williamson
22023,1629627,0022301074,2024-03-30,NOP vs. BOS,L,40,9,17,0.529,0,0,0.0,7,14,0.5,4,5,9,4,1,0,4,0,25,-8,1,2023-24,Regular Season,1629627,Zion Williamson
22023,1629627,0022301092,2024-04-01,NOP vs. PHX,L,37,10,20,0.5,0,0,0.0,10,13,0.769,1,1,2,5,1,0,3,4,30,-20,1,2023-24,Regular Season,1629627,Zion Williamson
22023,1629627,0022301109,2024-04-03,NOP vs. ORL,L,29,7,16,0.438,0,0,0.0,1,4,0.25,0,2,2,5,2,1,2,4,15,-1,1,2023-24,Regular Season,1629627,Zion Williamson
22023,1629627,0022301138,2024-04-07,NOP @ PHX,W,40,11,21,0.524,0,0,0.0,7,8,0.875,3,7,10,7,1,5,4,2,29,7,1,2023-24,Regular Season,1629627,Zion Williamson
22023,1629627,0022301157,2024-04-09,NOP @ POR,W,33,7,18,0.389,0,0,0.0,8,9,0.889,2,5,7,3,1,1,2,1,22,11,1,2023-24,Regular Season,1629627,Zion Williamson
22023,1629627,0022301170,2024-04-11,NOP @ SAC,W,31,13,21,0.619,0,1,0.0,5,5,1.0,1,3,4,6,3,1,4,0,31,16,1,2023-24,Regular Season,1629627,Zion Williamson
22023,1629627,0022301182,2024-04-12,NOP @ GSW,W,37,11,26,0.423,1,2,0.5,3,6,0.5,0,3,3,3,6,1,2,2,26,15,1,2023-24,Regular Season,1629627,Zion Williamson
22023,1629627,0022301195,2024-04-14,NOP vs. LAL,L,34,4,13,0.308,0,1,0.0,4,5,0.8,3,5,8,8,2,0,4,2,12,-21,1,2023-24,Regular Season,1629627,Zion Williamson
22023,1630162,0022300069,2023-10-25,MIN @ TOR,L,38,8,27,0.296,4,7,0.571,6,6,1.0,5,9,14,1,0,0,2,1,26,0,1,2023-24,Regular Season,1630162,Anthony Edwards
22023,1630162,0022300093,2023-10-28,MIN vs. MIA,W,33,7,15,0.467,3,5,0.6,2,2,1.0,0,2,2,7,0,0,2,3,19,21,1,2023-24,Regular Season,1630162,Anthony Edwards
22023,1630162,0022300104,2023-10-30,MIN @ ATL,L,38,13,21,0.619,5,8,0.625,0,1,0.0,0,5,5,7,1,0,5,4,31,-9,1,2023-24,Regular Season,1630162,Anthony Edwards
22023,1630162,0022300123,2023-11-01,MIN vs. DEN,W,32,8,16,0.5,1,4,0.25,7,8,0.875,0,2,2,1,2,0,4,1,24,11,1,2023-24,Regular Season,1630162,Anthony Edwards
22023,1630162,0022300138,2023-11-04,MIN vs. UTA,W,36,13,19,0.684,2,4,0.5,3,5,0.6,0,8,8,6,1,0,6,0,31,27,1,2023-24,Regular Season,1630162,Anthony Edwards
22023,1630162,0022300154,2023-11-06,MIN vs. BOS,W,38,15,25,0.6,2,8,0.25,6,7,0.857,0,9,9,7,1,0,3,5,38,18,1,2023-24,Regular Season,1630162,Anthony Edwards
22023,1630162,0022300166,2023-11-08,MIN vs. NOP,W,33,10,22,0.455,2,8,0.25,4,5,0.8,0,3,3,8,3,2,3,1,26,35,1,2023-24,Regular Season,1630162,Anthony Edwards
22023,1630162,0022300013,2023-11-10,MIN @ SAS,W,37,9,21,0.429,2,8,0.25,8,11,0.727,2,5,7,5,2,1,4,1,28,3,1,2023-24,Regular Season,1630162,Anthony Edwards
22023,1630162,0022300186,2023-11-12,MIN @ GSW,W,38,11,27,0.407,1,9,0.111,10,10,1.0,1,5,6,7,2,0,4,0,33,15,1,2023-24,Regular Season,1630162,Anthony Edwards
22023,1630162,0022300025,2023-11-14,MIN @ GSW,W,36,7,16,0.438,3,6,0.5,3,5,0.6,0,4,4,4,3,0,5,1,20,-9,1,2023-24,Regular Season,1630162,Anthony Edwards
22023,1630162,0022300197,2023-11-15,MIN @ PHX,L,31,4,16,0.25,1,3,0.333,4,4,1.0,1,3,4,4,1,1,1,0,13,-29,1,2023-24,Regular Season,1630162,Anthony Edwards
22023,1630162,0022300203,2023-11-18,MIN @ NOP,W,30,9,19,0.474,5,10,0.5,0,0,0.0,0,3,3,4,0,0,3,6,23,13,1,2023-24,Regular Season,1630162,Anthony Edwards
22023,1630162,0022300221,2023-11-20,MIN vs. NYK,W,39,9,21,0.429,1,6,0.167,4,4,1.0,2,8,10,5,2,0,3,1,23,9,1,2023-24,Regular Season,1630162,Anthony Edwards
22023,1630162,0022300232,2023-11-22,MIN vs. PHI,W,36,11,22,0.5,5,9,0.556,4,4,1.0,2,4,6,6,2,0,2,2,31,19,1,2023-24,Regular Season,1630162,Anthony Edwards
22023,1630162,0022300050,2023-11-24,MIN vs. SAC,L,40,8,21,0.381,2,9,0.222,17,18,0.944,0,7,7,5,2,2,4,2,35,5,1,2023-24,Regular Season,1630162,Anthony Edwards
22023,1630162,0022300249,2023-11-26,MIN @ MEM,W,34,8,14,0.571,1,4,0.25,7,7,1.0,0,5,5,7,0,1,2,3,24,23,1,2023-24,Regular Season,1630162,Anthony Edwards
22023,1630162,0022300058,2023-11-28,MIN vs. OKC,W,28,7,16,0.438,3,6,0.5,4,6,0.667,0,5,5,1,0,1,2,2,21,0,1,2023-24,Regular Season,1630162,Anthony Edwards
22023,1630162,0022301210,2023-12-06,MIN vs. SAS,W,37,4,17,0.235,2,5,0.4,7,8,0.875,1,6,7,6,1,1,3,2,17,14,1,2023-24,Regular Season,1630162,Anthony Edwards
22023,1630162,0022301221,2023-12-08,MIN @ MEM,W,4,0,1,0.0,0,0,0.0,0,0,0.0,0,0,0,1,0,0,0,0,0,-3,1,2023-24,Regular Season,1630162,Anthony Edwards
22023,1630162,0022300321,2023-12-14,MIN @ DAL,W,35,3,19,0.158,0,3,0.0,3,6,0.5,1,1,2,11,2,0,5,2,9,20,1,2023-24,Regular Season,1630162,Anthony Edwards
22023,1630162,0022300338,2023-12-16,MIN vs. IND,W,34,14,23,0.609,7,10,0.7,2,2,1.0,0,2,2,4,3,0,4,3,37,17,1,2023-24,Regular Season,1630162,Anthony Edwards
22023,1630162,0022300353,2023-12-18,MIN @ MIA,W,40,13,25,0.52,2,9,0.222,4,4,1.0,0,8,8,5,3,2,1,1,32,6,1,2023-24,Regular Season,1630162,Anthony Edwards
22023,1630162,0022300367,2023-12-20,MIN @ PHI,L,36,9,20,0.45,2,6,0.333,7,8,0.875,1,6,7,5,0,0,1,2,27,-10,1,2023-24,Regular Season,1630162,Anthony Edwards
22023,1630162,0022300380,2023-12-21,MIN vs. LAL,W,38,9,19,0.474,2,6,0.333,7,8,0.875,0,7,7,5,3,1,5,0,27,2,1,2023-24,Regular Season,1630162,Anthony Edwards
22023,1630162,0022300400,2023-12-23,MIN @ SAC,W,39,13,27,0.481,3,12,0.25,5,5,1.0,0,5,5,10,1,1,5,1,34,8,1,2023-24,Regular Season,1630162,Anthony Edwards
22023,1630162,0022300411,2023-12-26,MIN @ OKC,L,34,7,16,0.438,2,5,0.4,9,13,0.692,1,6,7,6,1,0,4,3,25,-16,1,2023-24,Regular Season,1630162,Anthony Edwards
22023,1630162,0022300423,2023-12-28,MIN vs. DAL,W,38,12,23,0.522,6,11,0.545,14,18,0.778,0,3,3,4,3,1,6,2,44,11,1,2023-24,Regular Season,1630162,Anthony Edwards
22023,1630162,0022300443,2023-12-30,MIN vs. LAL,W,38,10,23,0.435,2,8,0.25,9,11,0.818,0,3,3,3,0,3,3,3,31,8,1,2023-24,Regular Season,1630162,Anthony Edwards
22023,1630162,0022300451,2024-01-01,MIN @ NYK,L,38,11,21,0.524,4,9,0.444,9,10,0.9,0,4,4,2,0,2,4,1,35,2,1,2023-24,Regular Season,1630162,Anthony Edwards
22023,1630162,0022300471,2024-01-03,MIN vs. NOP,L,37,11,22,0.5,4,7,0.571,9,10,0.9,2,2,4,5,1,1,6,1,35,-15,1,2023-24,Regular Season,1630162,Anthony Edwards
22023,1630162,0022300485,2024-01-05,MIN @ HOU,W,33,8,17,0.471,2,5,0.4,6,6,1.0,0,3,3,5,2,0,5,2,24,14,1,2023-24,Regular Season,1630162,Anthony Edwards
22023,1630162,0022300501,2024-01-07,MIN @ DAL,L,37,14,27,0.519,3,6,0.5,5,7,0.714,5,5,10,3,3,1,2,3,36,-5,1,2023-24,Regular Season,1630162,Anthony Edwards
22023,1630162,0022300513,2024-01-09,MIN @ ORL,W,26,2,7,0.286,0,2,0.0,2,3,0.667,1,3,4,3,0,0,5,3,6,1,1,2023-24,Regular Season,1630162,Anthony Edwards
22023,1630162,0022300517,2024-01-10,MIN @ BOS,L,46,11,25,0.44,3,6,0.5,4,4,1.0,0,6,6,3,0,0,5,1,29,-1,1,2023-24,Regular Season,1630162,Anthony Edwards
22023,1630162,0022300538,2024-01-12,MIN vs. POR,W,27,4,9,0.444,0,3,0.0,1,2,0.5,0,3,3,6,1,1,0,2,9,41,1,2023-24,Regular Season,1630162,Anthony Edwards
22023,1630162,0022300553,2024-01-14,MIN vs. LAC,W,38,10,16,0.625,2,4,0.5,11,12,0.917,1,8,9,6,2,0,5,1,33,13,1,2023-24,Regular Season,1630162,Anthony Edwards
22023,1630162,0022300569,2024-01-17,MIN @ DET,W,33,10,24,0.417,3,8,0.375,4,4,1.0,0,5,5,8,0,0,3,3,27,5,1,2023-24,Regular Season,1630162,Anthony Edwards
22023,1630162,0022300582,2024-01-18,MIN vs. MEM,W,34,11,19,0.579,1,6,0.167,5,6,0.833,0,5,5,5,1,0,3,2,28,10,1,2023-24,Regular Season,1630162,Anthony Edwards
22023,1630162,0022300599,2024-01-20,MIN vs. OKC,L,38,6,10,0.6,1,3,0.333,6,10,0.6,0,5,5,5,0,0,5,2,19,-13,1,2023-24,Regular Season,1630162,Anthony Edwards
22023,1630162,0022300610,2024-01-22,MIN vs. CHA,L,37,3,11,0.273,1,5,0.2,2,2,1.0,0,5,5,11,0,0,1,1,9,7,1,2023-24,Regular Season,1630162,Anthony Edwards
22023,1630162,0022300620,2024-01-24,MIN @ WAS,W,34,11,28,0.393,3,10,0.3,13,14,0.929,1,2,3,5,1,0,4,4,38,6,1,2023-24,Regular Season,1630162,Anthony Edwards
22023,1630162,0022300629,2024-01-25,MIN @ BKN,W,36,8,23,0.348,3,7,0.429,5,6,0.833,0,1,1,3,1,0,3,3,24,-5,1,2023-24,Regular Season,1630162,Anthony Edwards
22023,1630162,0022300649,2024-01-27,MIN @ SAS,L,38,12,18,0.667,6,8,0.75,2,4,0.5,1,5,6,12,1,0,4,0,32,7,1,2023-24,Regular Season,1630162,Anthony Edwards
22023,1630162,0022300664,2024-01-29,MIN @ OKC,W,40,10,20,0.5,3,5,0.6,4,4,1.0,0,4,4,4,1,0,4,4,27,-1,1,2023-24,Regular Season,1630162,Anthony Edwards
22023,1630162,0022300680,2024-01-31,MIN vs. DAL,W,30,3,5,0.6,1,2,0.5,2,2,1.0,0,5,5,5,0,0,2,1,9,18,1,2023-24,Regular Season,1630162,Anthony Edwards
22023,1630162,0022300694,2024-02-02,MIN vs. ORL,L,35,9,18,0.5,2,8,0.25,2,3,0.667,0,1,1,5,1,0,3,1,22,6,1,2023-24,Regular Season,1630162,Anthony Edwards
22023,1630162,0022300709,2024-02-04,MIN vs. HOU,W,34,11,22,0.5,4,8,0.5,6,8,0.75,1,5,6,1,1,1,4,3,32,27,1,2023-24,Regular Season,1630162,Anthony Edwards
22023,1630162,0022300723,2024-02-06,MIN @ CHI,L,44,12,26,0.462,5,9,0.556,9,11,0.818,0,12,12,5,2,1,5,5,38,-4,1,2023-24,Regular Season,1630162,Anthony Edwards
22023,1630162,0022300738,2024-02-08,MIN @ MIL,W,36,9,20,0.45,4,11,0.364,4,6,0.667,0,3,3,9,1,0,0,3,26,16,1,2023-24,Regular Season,1630162,Anthony Edwards
22023,1630162,0022300770,2024-02-12,MIN @ LAC,W,32,8,18,0.444,1,11,0.091,6,6,1.0,0,7,7,8,1,0,1,2,23,18,1,2023-24,Regular Season,1630162,Anthony Edwards
22023,1630162,0022300775,2024-02-13,MIN @ POR,W,34,16,27,0.593,4,8,0.5,5,5,1.0,0,4,4,2,2,1,2,1,41,16,1,2023-24,Regular Season,1630162,Anthony Edwards
22023,1630162,0022300791,2024-02-15,MIN @ POR,W,33,12,21,0.571,3,7,0.429,7,8,0.875,1,5,6,7,2,1,1,1,34,36,1,2023-24,Regular Season,1630162,Anthony Edwards
22023,1630162,0022300808,2024-02-23,MIN vs. MIL,L,38,10,27,0.37,4,12,0.333,4,6,0.667,0,9,9,5,1,0,3,2,28,-16,1,2023-24,Regular Season,1630162,Anthony Edwards
22023,1630162,0022300815,2024-02-24,MIN vs. BKN,W,38,11,23,0.478,1,3,0.333,6,9,0.667,0,8,8,3,2,1,1,0,29,16,1,2023-24,Regular Season,1630162,Anthony Edwards
22023,1630162,0022300838,2024-02-27,MIN vs. SAS,W,33,13,29,0.448,4,10,0.4,4,4,1.0,1,4,5,5,4,1,4,0,34,5,1,2023-24,Regular Season,1630162,Anthony Edwards
22023,1630162,0022300845,2024-02-28,MIN vs. MEM,W,40,11,21,0.524,1,6,0.167,11,11,1.0,0,2,2,4,0,1,3,3,34,8,1,2023-24,Regular Season,1630162,Anthony Edwards
22023,1630162,0022300862,2024-03-01,MIN vs. SAC,L,19,2,11,0.182,1,3,0.333,6,6,1.0,0,2,2,2,0,1,1,0,11,-3,1,2023-24,Regular Season,1630162,Anthony Edwards
22023,1630162,0022300873,2024-03-03,MIN vs. LAC,L,37,9,20,0.45,3,10,0.3,6,6,1.0,0,5,5,2,3,0,3,1,27,10,1,2023-24,Regular Season,1630162,Anthony Edwards
22023,1630162,0022300881,2024-03-04,MIN vs. POR,W,35,4,10,0.4,1,3,0.333,4,6,0.667,0,4,4,6,1,0,2,2,13,8,1,2023-24,Regular Season,1630162,Anthony Edwards
22023,1630162,0022300903,2024-03-07,MIN @ IND,W,39,18,35,0.514,3,7,0.429,5,8,0.625,2,4,6,3,2,2,0,1,44,2,1,2023-24,Regular Season,1630162,Anthony Edwards
22023,1630162,0022300911,2024-03-08,MIN @ CLE,L,42,7,27,0.259,0,7,0.0,5,5,1.0,1,4,5,3,1,1,5,3,19,-20,1,2023-24,Regular Season,1630162,Anthony Edwards
22023,1630162,0022300932,2024-03-10,MIN @ LAL,L,40,10,23,0.435,2,9,0.222,3,4,0.75,1,6,7,7,2,2,3,2,25,-14,1,2023-24,Regular Season,1630162,Anthony Edwards
22023,1630162,0022300944,2024-03-12,MIN @ LAC,W,37,15,29,0.517,2,8,0.25,5,7,0.714,2,6,8,4,1,0,2,3,37,22,1,2023-24,Regular Season,1630162,Anthony Edwards
22023,1630162,0022300974,2024-03-16,MIN @ UTA,W,35,12,20,0.6,5,7,0.714,2,3,0.667,1,9,10,5,3,3,4,1,31,16,1,2023-24,Regular Season,1630162,Anthony Edwards
22023,1630162,0022300987,2024-03-18,MIN @ UTA,W,38,13,23,0.565,2,8,0.25,4,4,1.0,1,6,7,8,1,2,3,2,32,-1,1,2023-24,Regular Season,1630162,Anthony Edwards
22023,1630162,0022300995,2024-03-19,MIN vs. DEN,L,38,13,26,0.5,3,8,0.375,1,2,0.5,1,7,8,8,2,0,3,1,30,-8,1,2023-24,Regular Season,1630162,Anthony Edwards
22023,1630162,0022301014,2024-03-22,MIN vs. CLE,W,35,6,17,0.353,1,1,1.0,3,4,0.75,2,11,13,5,0,0,3,1,16,12,1,2023-24,Regular Season,1630162,Anthony Edwards
22023,1630162,0022301031,2024-03-24,MIN vs. GSW,W,38,7,18,0.389,4,8,0.5,5,8,0.625,0,6,6,8,0,0,2,1,23,-9,1,2023-24,Regular Season,1630162,Anthony Edwards
22023,1630162,0022301056,2024-03-27,MIN vs. DET,W,29,4,11,0.364,1,4,0.25,0,2,0.0,1,2,3,5,1,0,3,0,9,9,1,2023-24,Regular Season,1630162,Anthony Edwards
22023,1630162,0022301071,2024-03-29,MIN @ DEN,W,39,8,19,0.421,0,8,0.0,9,10,0.9,1,3,4,5,3,0,2,2,25,11,1,2023-24,Regular Season,1630162,Anthony Edwards
22023,1630162,0022301084,2024-03-31,MIN vs. CHI,L,36,9,20,0.45,0,5,0.0,4,6,0.667,2,9,11,5,0,1,6,1,22,-10,1,2023-24,Regular Season,1630162,Anthony Edwards
22023,1630162,0022301098,2024-04-02,MIN vs. HOU,W,36,5,16,0.313,0,6,0.0,11,11,1.0,1,4,5,3,2,0,3,1,21,0,1,2023-24,Regular Season,1630162,Anthony Edwards
22023,1630162,0022301108,2024-04-03,MIN vs. TOR,W,30,10,23,0.435,5,12,0.417,3,5,0.6,0,3,3,6,2,0,0,0,28,26,1,2023-24,Regular Season,1630162,Anthony Edwards
22023,1630162,0022301125,2024-04-05,MIN @ PHX,L,33,6,19,0.316,2,6,0.333,3,3,1.0,3,5,8,3,3,0,4,3,17,-13,1,2023-24,Regular Season,1630162,Anthony Edwards
22023,1630162,0022301143,2024-04-07,MIN @ LAL,W,35,9,20,0.45,3,8,0.375,5,5,1.0,0,1,1,8,1,0,1,1,26,2,1,2023-24,Regular Season,1630162,Anthony Edwards
22023,1630162,0022301152,2024-04-09,MIN vs. WAS,W,38,17,29,0.586,6,13,0.462,11,11,1.0,1,5,6,7,0,0,2,0,51,6,1,2023-24,Regular Season,1630162,Anthony Edwards
22023,1630162,0022301164,2024-04-10,MIN @ DEN,L,35,9,18,0.5,2,6,0.333,5,7,0.714,0,2,2,4,0,0,1,1,25,-16,1,2023-24,Regular Season,1630162,Anthony Edwards
22023,1630162,0022301178,2024-04-12,MIN vs. ATL,W,27,4,12,0.333,0,5,0.0,6,6,1.0,0,4,4,4,2,0,3,4,14,0,1,2023-24,Regular Season,1630162,Anthony Edwards
22023,1630162,0022301194,2024-04-14,MIN vs. PHX,L,35,3,7,0.429,0,2,0.0,7,8,0.875,1,5,6,4,1,1,5,3,13,-21,1,2023-24,Regular Season,1630162,Anthony Edwards
42023,1630162,0042300161,2024-04-20,MIN vs. PHX,W,36,14,24,0.583,4,8,0.5,1,2,0.5,1,8,9,6,2,0,6,4,33,19,1,2023-24,Playoffs,1630162,Anthony Edwards
42023,1630162,0042300162,2024-04-23,MIN vs. PHX,W,38,3,12,0.25,2,6,0.333,7,8,0.875,0,5,5,8,3,1,3,4,15,15,1,2023-24,Playoffs,1630162,Anthony Edwards
42023,1630162,0042300163,2024-04-26,MIN @ PHX,W,43,12,23,0.522,1,5,0.2,11,11,1.0,2,7,9,5,2,0,5,1,36,19,1,2023-24,Playoffs,1630162,Anthony Edwards
42023,1630162,0042300164,2024-04-28,MIN @ PHX,W,41,13,23,0.565,7,13,0.538,7,10,0.7,4,5,9,6,1,2,2,2,40,7,1,2023-24,Playoffs,1630162,Anthony Edwards
42023,1630162,0042300231,2024-05-04,MIN @ DEN,W,42,17,29,0.586,3,7,0.429,6,6,1.0,2,5,7,3,1,2,1,1,43,10,1,2023-24,Playoffs,1630162,Anthony Edwards
42023,1630162,0042300232,2024-05-06,MIN @ DEN,W,37,11,17,0.647,1,4,0.25,4,7,0.571,0,2,2,7,2,0,4,2,27,18,1,2023-24,Playoffs,1630162,Anthony Edwards
42023,1630162,0042300233,2024-05-10,MIN vs. DEN,L,37,8,15,0.533,3,8,0.375,0,0,0.0,0,6,6,5,0,1,5,3,19,-32,1,2023-24,Playoffs,1630162,Anthony Edwards
42023,1630162,0042300234,2024-05-12,MIN vs. DEN,L,45,16,25,0.64,5,8,0.625,7,8,0.875,0,5,5,5,2,1,3,2,44,5,1,2023-24,Playoffs,1630162,Anthony Edwards
42023,1630162,0042300235,2024-05-14,MIN @ DEN,L,44,5,15,0.333,1,5,0.2,7,8,0.875,0,4,4,9,1,0,4,2,18,-12,1,2023-24,Playoffs,1630162,Anthony Edwards
42023,1630162,0042300236,2024-05-16,MIN vs. DEN,W,34,8,17,0.471,4,9,0.444,7,8,0.875,0,4,4,4,3,0,1,2,27,43,1,2023-24,Playoffs,1630162,Anthony Edwards
42023,1630162,0042300237,2024-05-19,MIN @ DEN,W,44,6,24,0.25,2,10,0.2,2,2,1.0,0,8,8,7,2,0,1,2,16,11,1,2023-24,Playoffs,1630162,Anthony Edwards
42023,1630162,0042300311,2024-05-22,MIN vs. DAL,L,41,6,16,0.375,5,12,0.417,2,2,1.0,2,9,11,8,2,0,3,1,19,-1,1,2023-24,Playoffs,1630162,Anthony Edwards
42023,1630162,0042300312,2024-05-24,MIN vs. DAL,L,40,5,17,0.294,2,7,0.286,9,10,0.9,2,3,5,7,0,1,2,2,21,-9,1,2023-24,Playoffs,1630162,Anthony Edwards
42023,1630162,0042300313,2024-05-26,MIN @ DAL,L,43,11,24,0.458,0,2,0.0,4,6,0.667,3,6,9,9,2,0,5,2,26,-9,1,2023-24,Playoffs,1630162,Anthony Edwards
42023,1630162,0042300314,2024-05-28,MIN @ DAL,W,40,11,25,0.44,2,5,0.4,5,8,0.625,1,9,10,9,0,0,6,5,29,7,1,2023-24,Playoffs,1630162,Anthony Edwards
42023,1630162,0042300315,2024-05-30,MIN vs. DAL,L,43,10,18,0.556,4,6,0.667,4,6,0.667,1,8,9,6,1,1,1,2,28,-20,1,2023-24,Playoffs,1630162,Anthony Edwards
22023,1631094,0022300066,2023-10-25,ORL vs. HOU,W,28,3,6,0.5,0,1,0.0,6,7,0.857,0,5,5,5,1,0,1,2,12,11,1,2023-24,Regular Season,1631094,Paolo Banchero
22023,1631094,0022300086,2023-10-27,ORL @ POR,W,35,5,12,0.417,0,0,0.0,4,9,0.444,2,5,7,4,2,0,3,1,14,2,1,2023-24,Regular Season,1631094,Paolo Banchero
22023,1631094,0022300111,2023-10-30,ORL @ LAL,L,30,4,14,0.286,1,5,0.2,0,2,0.0,1,4,5,5,0,0,2,3,9,-12,1,2023-24,Regular Season,1631094,Paolo Banchero
22023,1631094,0022300114,2023-10-31,ORL @ LAC,L,32,5,13,0.385,1,3,0.333,4,8,0.5,0,4,4,4,4,0,3,3,15,-15,1,2023-24,Regular Season,1631094,Paolo Banchero
22023,1631094,0022300130,2023-11-02,ORL @ UTA,W,36,9,13,0.692,1,2,0.5,11,15,0.733,2,7,9,5,3,2,6,4,30,-5,1,2023-24,Regular Season,1631094,Paolo Banchero
22023,1631094,0022300134,2023-11-04,ORL vs. LAL,W,34,9,15,0.6,2,4,0.5,5,7,0.714,1,6,7,10,1,1,4,2,25,23,1,2023-24,Regular Season,1631094,Paolo Banchero
22023,1631094,0022300147,2023-11-06,ORL vs. DAL,L,37,8,18,0.444,0,1,0.0,6,6,1.0,1,4,5,6,0,0,6,5,22,-15,1,2023-24,Regular Season,1631094,Paolo Banchero
22023,1631094,0022300172,2023-11-09,ORL vs. ATL,L,34,7,14,0.5,1,3,0.333,2,4,0.5,4,4,8,4,1,0,5,4,17,-5,1,2023-24,Regular Season,1631094,Paolo Banchero
22023,1631094,0022300173,2023-11-11,ORL vs. MIL,W,38,10,22,0.455,2,5,0.4,4,5,0.8,3,9,12,5,1,0,3,2,26,10,1,2023-24,Regular Season,1631094,Paolo Banchero
22023,1631094,0022300020,2023-11-14,ORL @ BKN,L,35,6,15,0.4,4,7,0.571,3,6,0.5,0,6,6,3,2,1,2,0,19,-16,1,2023-24,Regular Season,1631094,Paolo Banchero
22023,1631094,0022300196,2023-11-15,ORL @ CHI,W,33,4,12,0.333,2,4,0.5,7,10,0.7,1,8,9,3,1,0,1,0,17,-8,1,2023-24,Regular Season,1631094,Paolo Banchero
22023,1631094,0022300033,2023-11-17,ORL @ CHI,W,32,6,14,0.429,0,1,0.0,1,4,0.25,3,5,8,4,0,1,7,3,13,0,1,2023-24,Regular Season,1631094,Paolo Banchero
22023,1631094,0022300209,2023-11-19,ORL @ IND,W,27,9,14,0.643,0,0,0.0,6,7,0.857,1,2,3,0,1,2,1,1,24,28,1,2023-24,Regular Season,1631094,Paolo Banchero
22023,1631094,0022300038,2023-11-21,ORL vs. TOR,W,32,10,20,0.5,2,3,0.667,3,3,1.0,1,4,5,3,0,1,3,2,25,14,1,2023-24,Regular Season,1631094,Paolo Banchero
22023,1631094,0022300226,2023-11-22,ORL vs. DEN,W,35,8,14,0.571,4,5,0.8,3,5,0.6,1,2,3,4,1,3,3,1,23,-4,1,2023-24,Regular Season,1631094,Paolo Banchero
22023,1631094,0022300043,2023-11-24,ORL vs. BOS,W,35,10,16,0.625,2,6,0.333,1,2,0.5,1,6,7,5,0,0,3,4,23,7,1,2023-24,Regular Season,1631094,Paolo Banchero
22023,1631094,0022300248,2023-11-26,ORL vs. CHA,W,37,9,18,0.5,2,5,0.4,3,6,0.5,0,7,7,8,2,0,2,2,23,8,1,2023-24,Regular Season,1631094,Paolo Banchero
22023,1631094,0022300259,2023-11-29,ORL vs. WAS,W,27,2,8,0.25,0,0,0.0,2,3,0.667,1,3,4,4,0,0,4,2,6,8,1,2023-24,Regular Season,1631094,Paolo Banchero
22023,1631094,0022300274,2023-12-01,ORL vs. WAS,W,38,11,20,0.55,3,4,0.75,3,3,1.0,3,10,13,7,0,0,2,2,28,1,1,2023-24,Regular Season,1631094,Paolo Banchero
22023,1631094,0022300282,2023-12-02,ORL @ BKN,L,34,6,15,0.4,0,2,0.0,7,9,0.778,1,9,10,8,1,0,1,3,19,-16,1,2023-24,Regular Season,1631094,Paolo Banchero
22023,1631094,0022301205,2023-12-06,ORL @ CLE,L,38,16,26,0.615,1,5,0.2,9,12,0.75,1,5,6,1,0,2,3,3,42,2,1,2023-24,Regular Season,1631094,Paolo Banchero
22023,1631094,0022301217,2023-12-08,ORL vs. DET,W,30,9,17,0.529,0,3,0.0,6,7,0.857,0,4,4,2,2,0,0,3,24,25,1,2023-24,Regular Season,1631094,Paolo Banchero
22023,1631094,0022300294,2023-12-11,ORL vs. CLE,W,36,9,21,0.429,0,3,0.0,2,3,0.667,4,6,10,4,1,0,8,0,20,6,1,2023-24,Regular Season,1631094,Paolo Banchero
22023,1631094,0022300329,2023-12-15,ORL @ BOS,L,32,5,17,0.294,1,4,0.25,3,6,0.5,1,3,4,5,0,1,5,1,14,-13,1,2023-24,Regular Season,1631094,Paolo Banchero
22023,1631094,0022300344,2023-12-17,ORL @ BOS,L,36,14,30,0.467,4,10,0.4,4,6,0.667,2,8,10,1,2,0,4,0,36,-11,1,2023-24,Regular Season,1631094,Paolo Banchero
22023,1631094,0022300366,2023-12-20,ORL vs. MIA,L,34,2,12,0.167,0,3,0.0,6,8,0.75,0,8,8,8,1,0,3,1,10,-22,1,2023-24,Regular Season,1631094,Paolo Banchero
22023,1631094,0022300378,2023-12-21,ORL @ MIL,L,34,6,17,0.353,3,5,0.6,8,10,0.8,0,7,7,4,0,1,2,4,23,-10,1,2023-24,Regular Season,1631094,Paolo Banchero
22023,1631094,0022300391,2023-12-23,ORL @ IND,W,36,11,20,0.55,0,0,0.0,12,16,0.75,1,6,7,4,1,0,3,1,34,-2,1,2023-24,Regular Season,1631094,Paolo Banchero
22023,1631094,0022300407,2023-12-26,ORL @ WAS,W,38,10,22,0.455,0,1,0.0,4,8,0.5,1,2,3,8,1,1,3,1,24,0,1,2023-24,Regular Season,1631094,Paolo Banchero
22023,1631094,0022300415,2023-12-27,ORL vs. PHI,L,38,6,21,0.286,1,8,0.125,6,7,0.857,0,9,9,4,1,1,1,0,19,-18,1,2023-24,Regular Season,1631094,Paolo Banchero
22023,1631094,0022300429,2023-12-29,ORL vs. NYK,W,36,9,19,0.474,2,6,0.333,9,12,0.75,1,9,10,4,1,1,2,3,29,4,1,2023-24,Regular Season,1631094,Paolo Banchero
22023,1631094,0022300450,2023-12-31,ORL @ PHX,L,37,12,23,0.522,2,6,0.333,2,2,1.0,0,9,9,7,0,1,3,1,28,-6,1,2023-24,Regular Season,1631094,Paolo Banchero
22023,1631094,0022300463,2024-01-02,ORL @ GSW,L,34,8,20,0.4,3,8,0.375,8,11,0.727,4,8,12,6,2,1,5,4,27,-8,1,2023-24,Regular Season,1631094,Paolo Banchero
22023,1631094,0022300476,2024-01-03,ORL @ SAC,L,45,13,25,0.52,6,9,0.667,11,14,0.786,1,3,4,5,0,0,8,4,43,-2,1,2023-24,Regular Season,1631094,Paolo Banchero
22023,1631094,0022300488,2024-01-05,ORL @ DEN,W,41,8,21,0.381,1,4,0.25,15,19,0.789,1,9,10,11,3,0,5,2,32,2,1,2023-24,Regular Season,1631094,Paolo Banchero
22023,1631094,0022300499,2024-01-07,ORL vs. ATL,W,45,13,29,0.448,4,7,0.571,5,7,0.714,1,9,10,4,3,1,2,2,35,18,1,2023-24,Regular Season,1631094,Paolo Banchero
22023,1631094,0022300513,2024-01-09,ORL vs. MIN,L,35,8,22,0.364,1,4,0.25,1,4,0.25,0,2,2,3,3,1,4,4,18,-30,1,2023-24,Regular Season,1631094,Paolo Banchero
22023,1631094,0022300535,2024-01-12,ORL @ MIA,L,36,10,26,0.385,1,7,0.143,4,6,0.667,3,5,8,6,0,0,4,2,25,10,1,2023-24,Regular Season,1631094,Paolo Banchero
22023,1631094,0022300546,2024-01-13,ORL @ OKC,L,36,8,19,0.421,0,4,0.0,4,7,0.571,2,7,9,8,0,2,2,4,20,-7,1,2023-24,Regular Season,1631094,Paolo Banchero
22023,1631094,0022300557,2024-01-15,ORL @ NYK,W,33,9,19,0.474,0,2,0.0,2,5,0.4,1,5,6,3,0,0,2,1,20,-12,1,2023-24,Regular Season,1631094,Paolo Banchero
22023,1631094,0022300570,2024-01-17,ORL @ ATL,L,38,8,25,0.32,1,5,0.2,9,11,0.818,0,4,4,4,2,1,1,1,26,-10,1,2023-24,Regular Season,1631094,Paolo Banchero
22023,1631094,0022300585,2024-01-19,ORL vs. PHI,L,32,5,12,0.417,0,1,0.0,4,4,1.0,1,7,8,6,0,1,3,0,14,-12,1,2023-24,Regular Season,1631094,Paolo Banchero
22023,1631094,0022300601,2024-01-21,ORL vs. MIA,W,31,7,14,0.5,3,5,0.6,3,5,0.6,0,10,10,2,0,0,2,2,20,17,1,2023-24,Regular Season,1631094,Paolo Banchero
22023,1631094,0022300607,2024-01-22,ORL vs. CLE,L,29,6,14,0.429,1,4,0.25,5,9,0.556,0,3,3,6,0,0,2,2,18,-22,1,2023-24,Regular Season,1631094,Paolo Banchero
22023,1631094,0022300638,2024-01-26,ORL @ MEM,L,34,8,20,0.4,2,9,0.222,9,11,0.818,0,5,5,6,2,1,3,3,27,0,1,2023-24,Regular Season,1631094,Paolo Banchero
22023,1631094,0022300655,2024-01-28,ORL vs. PHX,W,36,9,18,0.5,2,5,0.4,6,9,0.667,1,3,4,7,0,0,2,1,26,11,1,2023-24,Regular Season,1631094,Paolo Banchero
22023,1631094,0022300666,2024-01-29,ORL @ DAL,L,39,13,25,0.52,4,8,0.5,6,11,0.545,3,6,9,7,2,0,3,3,36,3,1,2023-24,Regular Season,1631094,Paolo Banchero
22023,1631094,0022300681,2024-01-31,ORL @ SAS,W,36,9,18,0.5,2,4,0.5,5,7,0.714,2,7,9,7,2,0,1,1,25,13,1,2023-24,Regular Season,1631094,Paolo Banchero
22023,1631094,0022300694,2024-02-02,ORL @ MIN,W,35,10,20,0.5,1,1,1.0,2,2,1.0,0,1,1,6,1,0,3,2,23,-1,1,2023-24,Regular Season,1631094,Paolo Banchero
22023,1631094,0022300704,2024-02-04,ORL @ DET,W,35,6,16,0.375,2,5,0.4,6,6,1.0,1,5,6,7,1,0,1,2,20,8,1,2023-24,Regular Season,1631094,Paolo Banchero
22023,1631094,0022300721,2024-02-06,ORL @ MIA,L,34,7,16,0.438,1,4,0.25,8,12,0.667,1,8,9,7,2,0,2,2,23,-23,1,2023-24,Regular Season,1631094,Paolo Banchero
22023,1631094,0022300734,2024-02-08,ORL vs. SAS,W,31,7,12,0.583,1,3,0.333,1,4,0.25,0,5,5,6,2,0,1,0,16,16,1,2023-24,Regular Season,1631094,Paolo Banchero
22023,1631094,0022300752,2024-02-10,ORL vs. CHI,W,43,5,13,0.385,2,6,0.333,7,8,0.875,1,6,7,8,1,1,3,1,19,1,1,2023-24,Regular Season,1631094,Paolo Banchero
22023,1631094,0022300772,2024-02-13,ORL vs. OKC,L,35,9,15,0.6,0,3,0.0,5,6,0.833,0,6,6,10,0,1,4,1,23,-7,1,2023-24,Regular Season,1631094,Paolo Banchero
22023,1631094,0022300778,2024-02-14,ORL vs. NYK,W,35,15,20,0.75,6,10,0.6,0,0,0.0,0,6,6,5,1,0,3,0,36,5,1,2023-24,Regular Season,1631094,Paolo Banchero
22023,1631094,0022300792,2024-02-22,ORL @ CLE,W,34,4,15,0.267,2,4,0.5,2,2,1.0,2,4,6,4,0,0,4,5,12,-7,1,2023-24,Regular Season,1631094,Paolo Banchero
22023,1631094,0022300814,2024-02-24,ORL @ DET,W,29,5,17,0.294,0,2,0.0,5,9,0.556,0,5,5,3,0,2,0,1,15,2,1,2023-24,Regular Season,1631094,Paolo Banchero
22023,1631094,0022300850,2024-02-29,ORL vs. UTA,W,35,10,16,0.625,1,4,0.25,8,11,0.727,1,8,9,6,1,0,6,1,29,7,1,2023-24,Regular Season,1631094,Paolo Banchero
22023,1631094,0022300874,2024-03-03,ORL vs. DET,W,32,10,16,0.625,1,4,0.25,8,9,0.889,2,6,8,5,0,0,4,1,29,30,1,2023-24,Regular Season,1631094,Paolo Banchero
22023,1631094,0022300885,2024-03-05,ORL @ CHA,W,33,9,19,0.474,2,5,0.4,2,2,1.0,0,5,5,3,0,0,5,1,22,1,1,2023-24,Regular Season,1631094,Paolo Banchero
22023,1631094,0022300894,2024-03-06,ORL @ WAS,W,39,10,19,0.526,1,2,0.5,4,5,0.8,1,5,6,10,0,1,4,3,25,18,1,2023-24,Regular Season,1631094,Paolo Banchero
22023,1631094,0022300912,2024-03-08,ORL @ NYK,L,36,9,20,0.45,2,3,0.667,3,5,0.6,2,7,9,2,2,4,4,3,23,-23,1,2023-24,Regular Season,1631094,Paolo Banchero
22023,1631094,0022300928,2024-03-10,ORL vs. IND,L,38,6,20,0.3,1,8,0.125,6,8,0.75,0,5,5,5,2,0,3,3,19,-19,1,2023-24,Regular Season,1631094,Paolo Banchero
22023,1631094,0022300947,2024-03-13,ORL vs. BKN,W,35,6,6,1.0,1,1,1.0,8,9,0.889,0,3,3,9,0,0,2,4,21,18,1,2023-24,Regular Season,1631094,Paolo Banchero
22023,1631094,0022300963,2024-03-15,ORL @ TOR,W,36,5,15,0.333,1,2,0.5,6,6,1.0,2,7,9,8,1,0,6,2,17,8,1,2023-24,Regular Season,1631094,Paolo Banchero
22023,1631094,0022300979,2024-03-17,ORL vs. TOR,W,36,11,16,0.688,4,7,0.571,3,6,0.5,0,6,6,5,1,1,1,0,29,19,1,2023-24,Regular Season,1631094,Paolo Banchero
22023,1631094,0022300991,2024-03-19,ORL vs. CHA,W,26,6,7,0.857,1,2,0.5,0,0,0.0,0,1,1,5,0,0,1,1,13,14,1,2023-24,Regular Season,1631094,Paolo Banchero
22023,1631094,0022301004,2024-03-21,ORL vs. NOP,W,33,9,18,0.5,2,5,0.4,0,2,0.0,1,9,10,11,1,0,4,2,20,11,1,2023-24,Regular Season,1631094,Paolo Banchero
22023,1631094,0022301020,2024-03-23,ORL vs. SAC,L,38,8,18,0.444,1,6,0.167,5,5,1.0,0,7,7,5,0,1,4,2,22,-13,1,2023-24,Regular Season,1631094,Paolo Banchero
22023,1631094,0022301049,2024-03-27,ORL vs. GSW,L,32,5,17,0.294,1,7,0.143,4,7,0.571,2,6,8,5,0,1,4,0,15,-24,1,2023-24,Regular Season,1631094,Paolo Banchero
22023,1631094,0022301064,2024-03-29,ORL vs. LAC,L,38,8,18,0.444,1,6,0.167,6,7,0.857,0,8,8,2,2,0,7,3,23,-3,1,2023-24,Regular Season,1631094,Paolo Banchero
22023,1631094,0022301075,2024-03-30,ORL vs. MEM,W,30,5,12,0.417,1,5,0.2,2,2,1.0,0,9,9,7,0,4,2,0,13,34,1,2023-24,Regular Season,1631094,Paolo Banchero
22023,1631094,0022301090,2024-04-01,ORL vs. POR,W,36,6,17,0.353,2,7,0.286,1,2,0.5,0,4,4,4,0,1,2,1,15,9,1,2023-24,Regular Season,1631094,Paolo Banchero
22023,1631094,0022301109,2024-04-03,ORL @ NOP,W,38,10,24,0.417,2,6,0.333,10,13,0.769,1,5,6,4,1,0,3,2,32,4,1,2023-24,Regular Season,1631094,Paolo Banchero
22023,1631094,0022301115,2024-04-05,ORL @ CHA,L,40,10,26,0.385,1,8,0.125,11,12,0.917,3,5,8,8,1,2,3,1,32,-19,1,2023-24,Regular Season,1631094,Paolo Banchero
22023,1631094,0022301136,2024-04-07,ORL vs. CHI,W,36,8,17,0.471,1,5,0.2,7,8,0.875,0,6,6,5,0,0,2,5,24,24,1,2023-24,Regular Season,1631094,Paolo Banchero
22023,1631094,0022301150,2024-04-09,ORL @ HOU,L,36,7,19,0.368,0,5,0.0,7,7,1.0,0,7,7,6,0,0,4,1,21,-20,1,2023-24,Regular Season,1631094,Paolo Banchero
22023,1631094,0022301162,2024-04-10,ORL @ MIL,L,34,7,15,0.467,1,2,0.5,5,8,0.625,0,6,6,6,1,0,2,0,20,-8,1,2023-24,Regular Season,1631094,Paolo Banchero
22023,1631094,0022301171,2024-04-12,ORL @ PHI,L,41,7,24,0.292,2,6,0.333,6,9,0.667,4,11,15,7,0,1,2,2,22,-21,1,2023-24,Regular Season,1631094,Paolo Banchero
22023,1631094,0022301191,2024-04-14,ORL vs. MIL,W,35,8,19,0.421,2,6,0.333,8,9,0.889,0,11,11,7,0,0,3,1,26,16,1,2023-24,Regular Season,1631094,Paolo Banchero
42023,1631094,0042300131,2024-04-20,ORL @ CLE,L,41,9,17,0.529,2,7,0.286,4,8,0.5,1,6,7,5,0,0,9,3,24,-11,1,2023-24,Playoffs,1631094,Paolo Banchero
42023,1631094,0042300132,2024-04-22,ORL @ CLE,L,41,9,20,0.45,1,4,0.25,2,2,1.0,1,2,3,3,2,1,6,1,21,-4,1,2023-24,Playoffs,1631094,Paolo Banchero
42023,1631094,0042300133,2024-04-25,ORL vs. CLE,W,29,13,26,0.5,4,9,0.444,1,2,0.5,7,7,14,5,1,0,0,3,31,28,1,2023-24,Playoffs,1631094,Paolo Banchero
42023,1631094,0042300134,2024-04-27,ORL vs. CLE,W,29,4,14,0.286,0,2,0.0,1,1,1.0,0,4,4,5,1,2,4,2,9,7,1,2023-24,Playoffs,1631094,Paolo Banchero
42023,1631094,0042300135,2024-04-30,ORL @ CLE,L,38,14,24,0.583,4,7,0.571,7,8,0.875,0,8,8,4,0,0,5,2,39,4,1,2023-24,Playoffs,1631094,Paolo Banchero
42023,1631094,0042300136,2024-05-03,ORL vs. CLE,W,42,9,20,0.45,2,5,0.4,7,10,0.7,1,7,8,4,1,0,3,0,27,3,1,2023-24,Playoffs,1631094,Paolo Banchero
42023,1631094,0042300137,2024-05-05,ORL @ CLE,L,42,10,28,0.357,3,6,0.5,15,18,0.833,4,12,16,2,3,1,5,3,38,-7,1,2023-24,Playoffs,1631094,Paolo Banchero
22023,1641705,0022300073,2023-10-25,SAS vs. DAL,L,23,6,9,0.667,3,5,0.6,0,1,0.0,0,5,5,2,2,1,5,5,15,0,1,2023-24,Regular Season,1641705,Victor Wembanyama
22023,1641705,0022300083,2023-10-27,SAS vs. HOU,W,31,7,19,0.368,0,6,0.0,7,8,0.875,5,7,12,1,3,3,4,2,21,9,1,2023-24,Regular Season,1641705,Victor Wembanyama
22023,1641705,0022300099,2023-10-29,SAS @ LAC,L,26,4,10,0.4,0,2,0.0,3,6,0.5,1,4,5,2,1,1,5,1,11,-14,1,2023-24,Regular Season,1641705,Victor Wembanyama
22023,1641705,0022300113,2023-10-31,SAS @ PHX,W,28,6,12,0.5,2,6,0.333,4,5,0.8,3,5,8,1,0,4,5,3,18,-3,1,2023-24,Regular Season,1641705,Victor Wembanyama
22023,1641705,0022300131,2023-11-02,SAS @ PHX,W,34,15,26,0.577,3,6,0.5,5,6,0.833,2,8,10,2,1,2,2,3,38,21,1,2023-24,Regular Season,1641705,Victor Wembanyama
22023,1641705,0022300141,2023-11-05,SAS vs. TOR,L,38,7,16,0.438,2,7,0.286,4,5,0.8,2,7,9,4,1,5,2,1,20,-16,1,2023-24,Regular Season,1641705,Victor Wembanyama
22023,1641705,0022300146,2023-11-06,SAS @ IND,L,21,3,12,0.25,2,5,0.4,5,6,0.833,1,9,10,0,1,2,2,1,13,-9,1,2023-24,Regular Season,1641705,Victor Wembanyama
22023,1641705,0022300161,2023-11-08,SAS @ NYK,L,30,4,14,0.286,0,4,0.0,6,6,1.0,4,5,9,2,0,1,3,2,14,-25,1,2023-24,Regular Season,1641705,Victor Wembanyama
22023,1641705,0022300013,2023-11-10,SAS vs. MIN,L,35,12,21,0.571,3,7,0.429,2,4,0.5,1,8,9,4,1,4,3,5,29,3,1,2023-24,Regular Season,1641705,Victor Wembanyama
22023,1641705,0022300184,2023-11-12,SAS vs. MIA,L,34,8,22,0.364,2,9,0.222,0,0,0.0,1,10,11,7,1,1,7,3,18,5,1,2023-24,Regular Season,1641705,Victor Wembanyama
22023,1641705,0022300021,2023-11-14,SAS @ OKC,L,28,4,15,0.267,0,3,0.0,0,0,0.0,3,11,14,2,0,2,5,2,8,-31,1,2023-24,Regular Season,1641705,Victor Wembanyama
22023,1641705,0022300032,2023-11-17,SAS vs. SAC,L,30,12,26,0.462,2,8,0.25,1,1,1.0,1,8,9,0,2,0,4,3,27,-31,1,2023-24,Regular Season,1641705,Victor Wembanyama
22023,1641705,0022300206,2023-11-18,SAS vs. MEM,L,31,6,17,0.353,2,6,0.333,5,6,0.833,4,9,13,4,1,8,2,5,19,-6,1,2023-24,Regular Season,1641705,Victor Wembanyama
22023,1641705,0022300223,2023-11-20,SAS vs. LAC,L,27,4,12,0.333,0,4,0.0,1,1,1.0,0,3,3,4,0,2,1,1,9,-17,1,2023-24,Regular Season,1641705,Victor Wembanyama
22023,1641705,0022300235,2023-11-22,SAS vs. LAC,L,33,7,13,0.538,1,2,0.5,7,7,1.0,2,13,15,3,1,3,2,2,22,-3,1,2023-24,Regular Season,1641705,Victor Wembanyama
22023,1641705,0022300051,2023-11-24,SAS @ GSW,L,35,8,18,0.444,1,6,0.167,5,5,1.0,2,7,9,4,1,2,6,2,22,2,1,2023-24,Regular Season,1641705,Victor Wembanyama
22023,1641705,0022300252,2023-11-26,SAS @ DEN,L,25,7,17,0.412,2,5,0.4,6,7,0.857,4,7,11,2,6,4,3,4,22,-10,1,2023-24,Regular Season,1641705,Victor Wembanyama
22023,1641705,0022300272,2023-11-30,SAS vs. ATL,L,29,9,16,0.563,1,5,0.2,2,2,1.0,2,10,12,2,2,4,2,1,21,0,1,2023-24,Regular Season,1641705,Victor Wembanyama
22023,1641705,0022301210,2023-12-06,SAS @ MIN,L,32,4,13,0.308,0,2,0.0,4,6,0.667,3,7,10,1,1,1,2,1,12,4,1,2023-24,Regular Season,1641705,Victor Wembanyama
22023,1641705,0022301223,2023-12-08,SAS vs. CHI,L,32,8,20,0.4,0,4,0.0,5,6,0.833,7,13,20,4,1,4,1,2,21,-22,1,2023-24,Regular Season,1641705,Victor Wembanyama
22023,1641705,0022300298,2023-12-11,SAS @ HOU,L,33,7,15,0.467,1,6,0.167,0,1,0.0,2,16,18,3,0,5,5,3,15,-12,1,2023-24,Regular Season,1641705,Victor Wembanyama
22023,1641705,0022300316,2023-12-13,SAS vs. LAL,L,32,11,21,0.524,4,5,0.8,4,7,0.571,4,9,13,2,3,6,5,6,30,-5,1,2023-24,Regular Season,1641705,Victor Wembanyama
22023,1641705,0022300331,2023-12-15,SAS vs. LAL,W,31,5,13,0.385,1,2,0.5,2,3,0.667,3,12,15,5,2,2,2,3,13,19,1,2023-24,Regular Season,1641705,Victor Wembanyama
22023,1641705,0022300345,2023-12-17,SAS vs. NOP,L,31,6,13,0.462,2,6,0.333,3,4,0.75,1,12,13,4,1,4,3,2,17,-14,1,2023-24,Regular Season,1641705,Victor Wembanyama
22023,1641705,0022300376,2023-12-21,SAS @ CHI,L,22,3,8,0.375,0,1,0.0,1,3,0.333,0,5,5,5,2,3,2,0,7,-7,1,2023-24,Regular Season,1641705,Victor Wembanyama
22023,1641705,0022300412,2023-12-26,SAS vs. UTA,L,24,6,15,0.4,1,4,0.25,2,3,0.667,2,5,7,4,1,5,4,1,15,-9,1,2023-24,Regular Season,1641705,Victor Wembanyama
22023,1641705,0022300427,2023-12-28,SAS @ POR,W,24,9,14,0.643,2,4,0.5,10,10,1.0,0,6,6,6,0,7,1,0,30,18,1,2023-24,Regular Season,1641705,Victor Wembanyama
22023,1641705,0022300448,2023-12-31,SAS vs. BOS,L,24,8,16,0.5,3,8,0.375,2,2,1.0,2,5,7,3,0,1,3,0,21,-23,1,2023-24,Regular Season,1641705,Victor Wembanyama
22023,1641705,0022300460,2024-01-02,SAS @ MEM,L,26,8,16,0.5,2,5,0.4,2,4,0.5,0,7,7,1,0,4,1,0,20,-12,1,2023-24,Regular Season,1641705,Victor Wembanyama
22023,1641705,0022300477,2024-01-04,SAS vs. MIL,L,26,10,18,0.556,2,8,0.25,5,6,0.833,3,6,9,1,1,5,5,5,27,-11,1,2023-24,Regular Season,1641705,Victor Wembanyama
22023,1641705,0022300497,2024-01-07,SAS @ CLE,L,25,6,13,0.462,2,5,0.4,10,11,0.909,0,10,10,3,1,5,3,3,24,17,1,2023-24,Regular Season,1641705,Victor Wembanyama
22023,1641705,0022300519,2024-01-10,SAS @ DET,W,21,6,16,0.375,0,4,0.0,4,5,0.8,3,9,12,10,0,0,0,1,16,15,1,2023-24,Regular Season,1641705,Victor Wembanyama
22023,1641705,0022300541,2024-01-12,SAS vs. CHA,W,20,9,14,0.643,2,3,0.667,6,6,1.0,3,8,11,1,0,2,3,2,26,22,1,2023-24,Regular Season,1641705,Victor Wembanyama
22023,1641705,0022300559,2024-01-15,SAS @ ATL,L,27,12,18,0.667,1,5,0.2,1,1,1.0,2,11,13,2,2,5,3,2,26,-2,1,2023-24,Regular Season,1641705,Victor Wembanyama
22023,1641705,0022300571,2024-01-17,SAS @ BOS,L,27,10,19,0.526,2,6,0.333,5,6,0.833,2,3,5,1,0,1,5,2,27,-14,1,2023-24,Regular Season,1641705,Victor Wembanyama
22023,1641705,0022300594,2024-01-20,SAS @ WAS,W,28,10,21,0.476,2,5,0.4,2,4,0.5,1,7,8,4,0,6,6,3,24,4,1,2023-24,Regular Season,1641705,Victor Wembanyama
22023,1641705,0022300608,2024-01-22,SAS @ PHI,L,28,10,19,0.526,2,5,0.4,11,12,0.917,3,4,7,2,0,2,1,5,33,0,1,2023-24,Regular Season,1641705,Victor Wembanyama
22023,1641705,0022300622,2024-01-24,SAS vs. OKC,L,28,9,18,0.5,0,3,0.0,6,8,0.75,6,6,12,4,1,4,3,2,24,-11,1,2023-24,Regular Season,1641705,Victor Wembanyama
22023,1641705,0022300641,2024-01-26,SAS vs. POR,W,29,7,18,0.389,3,7,0.429,6,6,1.0,3,9,12,4,2,2,7,1,23,23,1,2023-24,Regular Season,1641705,Victor Wembanyama
22023,1641705,0022300649,2024-01-27,SAS vs. MIN,W,30,9,17,0.529,3,6,0.5,2,5,0.4,0,10,10,6,2,2,6,3,23,19,1,2023-24,Regular Season,1641705,Victor Wembanyama
22023,1641705,0022300665,2024-01-29,SAS vs. WAS,L,31,9,19,0.474,0,4,0.0,4,4,1.0,3,8,11,4,1,3,4,1,22,-12,1,2023-24,Regular Season,1641705,Victor Wembanyama
22023,1641705,0022300681,2024-01-31,SAS vs. ORL,L,30,7,15,0.467,2,5,0.4,5,5,1.0,0,8,8,3,2,5,3,3,21,-8,1,2023-24,Regular Season,1641705,Victor Wembanyama
22023,1641705,0022300696,2024-02-02,SAS vs. NOP,L,28,7,14,0.5,0,3,0.0,2,2,1.0,5,9,14,7,2,3,6,2,16,-9,1,2023-24,Regular Season,1641705,Victor Wembanyama
22023,1641705,0022300703,2024-02-03,SAS vs. CLE,L,27,5,16,0.313,2,4,0.5,7,8,0.875,4,10,14,3,2,2,3,0,19,10,1,2023-24,Regular Season,1641705,Victor Wembanyama
22023,1641705,0022300730,2024-02-07,SAS @ MIA,L,28,7,13,0.538,3,5,0.6,1,3,0.333,0,13,13,3,1,1,3,1,18,-12,1,2023-24,Regular Season,1641705,Victor Wembanyama
22023,1641705,0022300734,2024-02-08,SAS @ ORL,L,23,6,12,0.5,2,4,0.5,1,1,1.0,0,1,1,2,1,3,5,1,15,-11,1,2023-24,Regular Season,1641705,Victor Wembanyama
22023,1641705,0022300750,2024-02-10,SAS @ BKN,L,29,7,16,0.438,3,6,0.5,4,4,1.0,0,4,4,3,0,1,4,2,21,-20,1,2023-24,Regular Season,1641705,Victor Wembanyama
22023,1641705,0022300764,2024-02-12,SAS @ TOR,W,29,10,14,0.714,2,4,0.5,5,6,0.833,2,12,14,5,2,10,7,2,27,20,1,2023-24,Regular Season,1641705,Victor Wembanyama
22023,1641705,0022300785,2024-02-14,SAS @ DAL,L,27,10,21,0.476,2,6,0.333,4,5,0.8,3,6,9,5,1,3,2,0,26,-9,1,2023-24,Regular Season,1641705,Victor Wembanyama
22023,1641705,0022300803,2024-02-22,SAS @ SAC,L,31,8,21,0.381,1,6,0.167,2,3,0.667,5,8,13,4,5,5,1,1,19,0,1,2023-24,Regular Season,1641705,Victor Wembanyama
22023,1641705,0022300813,2024-02-23,SAS @ LAL,L,31,7,16,0.438,3,8,0.375,10,11,0.909,1,9,10,8,5,5,2,3,27,0,1,2023-24,Regular Season,1641705,Victor Wembanyama
22023,1641705,0022300825,2024-02-25,SAS @ UTA,L,27,9,17,0.529,1,3,0.333,3,4,0.75,2,8,10,2,1,5,4,1,22,-2,1,2023-24,Regular Season,1641705,Victor Wembanyama
22023,1641705,0022300838,2024-02-27,SAS @ MIN,L,34,5,13,0.385,2,7,0.286,5,5,1.0,1,12,13,5,2,4,5,5,17,2,1,2023-24,Regular Season,1641705,Victor Wembanyama
22023,1641705,0022300853,2024-02-29,SAS vs. OKC,W,32,9,17,0.529,5,7,0.714,5,7,0.714,3,10,13,7,2,5,2,2,28,17,1,2023-24,Regular Season,1641705,Victor Wembanyama
22023,1641705,0022300877,2024-03-03,SAS vs. IND,W,31,11,17,0.647,3,4,0.75,6,7,0.857,2,10,12,6,1,6,3,2,31,19,1,2023-24,Regular Season,1641705,Victor Wembanyama
22023,1641705,0022300891,2024-03-05,SAS @ HOU,L,31,4,10,0.4,2,5,0.4,0,0,0.0,2,9,11,3,0,7,6,4,10,-12,1,2023-24,Regular Season,1641705,Victor Wembanyama
22023,1641705,0022300936,2024-03-11,SAS vs. GSW,L,31,10,25,0.4,3,9,0.333,4,9,0.444,2,12,14,3,1,2,3,1,27,-1,1,2023-24,Regular Season,1641705,Victor Wembanyama
22023,1641705,0022300942,2024-03-12,SAS vs. HOU,L,31,5,12,0.417,2,7,0.286,1,1,1.0,1,9,10,6,1,2,2,2,13,5,1,2023-24,Regular Season,1641705,Victor Wembanyama
22023,1641705,0022300965,2024-03-15,SAS vs. DEN,L,33,4,12,0.333,1,5,0.2,8,9,0.889,4,5,9,2,2,3,4,5,17,-3,1,2023-24,Regular Season,1641705,Victor Wembanyama
22023,1641705,0022300981,2024-03-17,SAS vs. BKN,W,36,14,26,0.538,1,7,0.143,4,6,0.667,4,11,15,7,0,7,4,1,33,5,1,2023-24,Regular Season,1641705,Victor Wembanyama
22023,1641705,0022300994,2024-03-19,SAS vs. DAL,L,32,3,13,0.231,0,4,0.0,6,7,0.857,3,8,11,3,1,6,5,4,12,5,1,2023-24,Regular Season,1641705,Victor Wembanyama
22023,1641705,0022301015,2024-03-22,SAS vs. MEM,L,33,11,24,0.458,3,12,0.25,6,10,0.6,5,11,16,5,2,3,7,2,31,15,1,2023-24,Regular Season,1641705,Victor Wembanyama
22023,1641705,0022301025,2024-03-23,SAS vs. PHX,L,21,5,7,0.714,1,2,0.5,2,2,1.0,1,4,5,4,0,1,5,0,13,-13,1,2023-24,Regular Season,1641705,Victor Wembanyama
22023,1641705,0022301058,2024-03-27,SAS @ UTA,W,30,7,15,0.467,1,4,0.25,4,7,0.571,2,6,8,6,0,5,6,4,19,10,1,2023-24,Regular Season,1641705,Victor Wembanyama
22023,1641705,0022301070,2024-03-29,SAS vs. NYK,W,38,13,22,0.591,4,9,0.444,10,12,0.833,5,15,20,7,2,1,4,2,40,1,1,2023-24,Regular Season,1641705,Victor Wembanyama
22023,1641705,0022301085,2024-03-31,SAS vs. GSW,L,31,10,22,0.455,3,10,0.3,9,10,0.9,1,8,9,5,4,3,5,2,32,-11,1,2023-24,Regular Season,1641705,Victor Wembanyama
22023,1641705,0022301099,2024-04-02,SAS @ DEN,L,34,9,29,0.31,2,11,0.182,3,6,0.5,5,10,15,8,1,9,2,3,23,-9,1,2023-24,Regular Season,1641705,Victor Wembanyama
22023,1641705,0022301123,2024-04-05,SAS @ NOP,W,34,5,12,0.417,3,6,0.5,4,4,1.0,2,10,12,9,1,3,2,1,17,4,1,2023-24,Regular Season,1641705,Victor Wembanyama
22023,1641705,0022301140,2024-04-07,SAS vs. PHI,L,43,11,20,0.55,5,10,0.5,6,7,0.857,3,15,18,6,0,7,9,1,33,-1,1,2023-24,Regular Season,1641705,Victor Wembanyama
22023,1641705,0022301151,2024-04-09,SAS @ MEM,W,31,9,19,0.474,0,5,0.0,0,0,0.0,1,6,7,6,0,7,1,1,18,15,1,2023-24,Regular Season,1641705,Victor Wembanyama
22023,1641705,0022301180,2024-04-12,SAS vs. DEN,W,37,12,27,0.444,5,12,0.417,5,7,0.714,1,11,12,5,1,2,7,1,34,-11,1,2023-24,Regular Season,1641705,Victor Wembanyama
22023,1630567,0022300069,2023-10-25,TOR vs. MIN,W,37,6,16,0.375,1,4,0.25,4,6,0.667,1,7,8,5,2,5,4,1,17,2,1,2023-24,Regular Season,1630567,Scottie Barnes
22023,1630567,0022300082,2023-10-27,TOR @ CHI,L,39,9,14,0.643,1,2,0.5,3,4,0.75,1,9,10,10,0,2,7,5,22,15,1,2023-24,Regular Season,1630567,Scottie Barnes
22023,1630567,0022300092,2023-10-28,TOR vs. PHI,L,37,11,16,0.688,2,5,0.4,0,0,0.0,1,7,8,5,0,2,1,3,24,-6,1,2023-24,Regular Season,1630567,Scottie Barnes
22023,1630567,0022300105,2023-10-30,TOR vs. POR,L,37,8,19,0.421,1,4,0.25,3,3,1.0,4,8,12,2,2,1,4,3,20,1,1,2023-24,Regular Season,1630567,Scottie Barnes
22023,1630567,0022300116,2023-11-01,TOR vs. MIL,W,29,8,16,0.5,4,6,0.667,1,1,1.0,5,7,12,5,1,2,3,1,21,14,1,2023-24,Regular Season,1630567,Scottie Barnes
22023,1630567,0022300128,2023-11-02,TOR @ PHI,L,35,9,16,0.563,2,7,0.286,4,4,1.0,2,6,8,8,0,0,1,4,24,-11,1,2023-24,Regular Season,1630567,Scottie Barnes
22023,1630567,0022300141,2023-11-05,TOR @ SAS,W,42,9,20,0.45,5,10,0.5,7,11,0.636,4,7,11,6,3,3,3,1,30,14,1,2023-24,Regular Season,1630567,Scottie Barnes
22023,1630567,0022300168,2023-11-08,TOR @ DAL,W,39,4,15,0.267,0,4,0.0,6,8,0.75,6,8,14,7,4,2,0,2,14,9,1,2023-24,Regular Season,1630567,Scottie Barnes
22023,1630567,0022300174,2023-11-11,TOR @ BOS,L,29,4,15,0.267,2,9,0.222,0,0,0.0,1,4,5,4,1,1,1,1,10,-28,1,2023-24,Regular Season,1630567,Scottie Barnes
22023,1630567,0022300189,2023-11-13,TOR vs. WAS,W,38,8,17,0.471,0,2,0.0,3,4,0.75,3,6,9,4,5,0,1,3,19,-3,1,2023-24,Regular Season,1630567,Scottie Barnes
22023,1630567,0022300195,2023-11-15,TOR vs. MIL,L,31,11,19,0.579,3,3,1.0,4,5,0.8,5,4,9,7,1,0,3,2,29,-24,1,2023-24,Regular Season,1630567,Scottie Barnes
22023,1630567,0022300031,2023-11-17,TOR vs. BOS,L,32,5,13,0.385,2,6,0.333,2,3,0.667,0,3,3,6,0,1,1,2,14,-3,1,2023-24,Regular Season,1630567,Scottie Barnes
22023,1630567,0022300211,2023-11-19,TOR vs. DET,W,25,7,11,0.636,3,4,0.75,0,0,0.0,2,5,7,9,0,0,3,1,17,37,1,2023-24,Regular Season,1630567,Scottie Barnes
22023,1630567,0022300038,2023-11-21,TOR @ ORL,L,30,5,11,0.455,1,4,0.25,3,4,0.75,0,8,8,4,3,0,5,1,14,-22,1,2023-24,Regular Season,1630567,Scottie Barnes
22023,1630567,0022300230,2023-11-22,TOR @ IND,W,39,7,17,0.412,2,6,0.333,4,5,0.8,3,9,12,4,4,0,3,0,20,-10,1,2023-24,Regular Season,1630567,Scottie Barnes
22023,1630567,0022300046,2023-11-24,TOR vs. CHI,W,33,5,11,0.455,2,5,0.4,1,2,0.5,5,5,10,6,1,2,1,1,13,19,1,2023-24,Regular Season,1630567,Scottie Barnes
22023,1630567,0022300251,2023-11-26,TOR @ CLE,L,33,5,14,0.357,1,4,0.25,4,5,0.8,1,7,8,3,1,1,2,1,15,-20,1,2023-24,Regular Season,1630567,Scottie Barnes
22023,1630567,0022300054,2023-11-28,TOR @ BKN,L,36,5,19,0.263,3,7,0.429,4,5,0.8,4,7,11,6,3,0,1,4,17,-22,1,2023-24,Regular Season,1630567,Scottie Barnes
22023,1630567,0022300260,2023-11-29,TOR vs. PHX,W,38,7,15,0.467,1,3,0.333,8,8,1.0,2,5,7,4,0,3,0,4,23,14,1,2023-24,Regular Season,1630567,Scottie Barnes
22023,1630567,0022300276,2023-12-01,TOR vs. NYK,L,37,13,19,0.684,3,7,0.429,0,1,0.0,3,6,9,4,5,1,2,2,29,-7,1,2023-24,Regular Season,1630567,Scottie Barnes
22023,1630567,0022301207,2023-12-06,TOR vs. MIA,L,34,5,17,0.294,2,7,0.286,0,0,0.0,3,8,11,5,0,1,3,2,12,-25,1,2023-24,Regular Season,1630567,Scottie Barnes
22023,1630567,0022301216,2023-12-08,TOR @ CHA,L,36,12,18,0.667,3,6,0.5,4,8,0.5,4,6,10,10,2,1,5,1,31,1,1,2023-24,Regular Season,1630567,Scottie Barnes
22023,1630567,0022300297,2023-12-11,TOR @ NYK,L,38,7,13,0.538,3,8,0.375,3,3,1.0,4,2,6,5,2,0,1,1,20,-10,1,2023-24,Regular Season,1630567,Scottie Barnes
22023,1630567,0022300313,2023-12-13,TOR vs. ATL,W,34,11,14,0.786,3,4,0.75,2,3,0.667,1,9,10,6,0,1,3,3,27,7,1,2023-24,Regular Season,1630567,Scottie Barnes
22023,1630567,0022300330,2023-12-15,TOR vs. ATL,L,34,9,15,0.6,1,5,0.2,4,8,0.5,1,3,4,8,1,2,3,2,23,-19,1,2023-24,Regular Season,1630567,Scottie Barnes
22023,1630567,0022300354,2023-12-18,TOR vs. CHA,W,39,7,14,0.5,1,2,0.5,7,7,1.0,5,12,17,7,0,3,5,3,22,22,1,2023-24,Regular Season,1630567,Scottie Barnes
22023,1630567,0022300369,2023-12-20,TOR vs. DEN,L,33,13,22,0.591,1,5,0.2,3,4,0.75,1,9,10,5,0,1,2,0,30,-4,1,2023-24,Regular Season,1630567,Scottie Barnes
22023,1630567,0022300382,2023-12-22,TOR @ PHI,L,35,3,11,0.273,2,7,0.286,4,4,1.0,1,6,7,7,1,4,3,0,12,-1,1,2023-24,Regular Season,1630567,Scottie Barnes
22023,1630567,0022300395,2023-12-23,TOR vs. UTA,L,38,12,23,0.522,4,8,0.5,4,4,1.0,3,11,14,7,0,1,4,4,32,-6,1,2023-24,Regular Season,1630567,Scottie Barnes
22023,1630567,0022300416,2023-12-27,TOR @ WAS,W,33,8,16,0.5,4,8,0.5,0,0,0.0,5,7,12,8,3,2,2,0,20,10,1,2023-24,Regular Season,1630567,Scottie Barnes
22023,1630567,0022300432,2023-12-29,TOR @ BOS,L,38,10,24,0.417,7,15,0.467,3,4,0.75,3,7,10,5,1,3,2,2,30,-3,1,2023-24,Regular Season,1630567,Scottie Barnes
22023,1630567,0022300440,2023-12-30,TOR @ DET,L,36,8,20,0.4,1,5,0.2,5,5,1.0,2,7,9,2,2,1,1,4,22,1,1,2023-24,Regular Season,1630567,Scottie Barnes
22023,1630567,0022300452,2024-01-01,TOR vs. CLE,W,36,7,17,0.412,1,5,0.2,5,7,0.714,1,5,6,5,1,1,0,3,20,-5,1,2023-24,Regular Season,1630567,Scottie Barnes
22023,1630567,0022300470,2024-01-03,TOR @ MEM,W,40,7,14,0.5,2,5,0.4,4,4,1.0,0,2,2,8,1,0,1,2,20,2,1,2023-24,Regular Season,1630567,Scottie Barnes
22023,1630567,0022300492,2024-01-05,TOR @ SAC,L,35,8,15,0.533,4,8,0.5,0,0,0.0,0,4,4,6,1,2,5,2,20,-23,1,2023-24,Regular Season,1630567,Scottie Barnes
22023,1630567,0022300504,2024-01-07,TOR @ GSW,W,24,3,11,0.273,0,4,0.0,0,0,0.0,1,1,2,3,1,1,2,1,6,3,1,2023-24,Regular Season,1630567,Scottie Barnes
22023,1630567,0022300516,2024-01-09,TOR @ LAL,L,40,11,20,0.55,3,7,0.429,1,2,0.5,1,2,3,6,0,2,2,6,26,0,1,2023-24,Regular Season,1630567,Scottie Barnes
22023,1630567,0022300526,2024-01-10,TOR @ LAC,L,34,5,10,0.5,1,5,0.2,1,3,0.333,0,7,7,6,0,2,2,1,12,-9,1,2023-24,Regular Season,1630567,Scottie Barnes
22023,1630567,0022300540,2024-01-12,TOR @ UTA,L,28,6,13,0.462,2,4,0.5,5,11,0.455,1,2,3,3,0,3,3,3,19,-21,1,2023-24,Regular Season,1630567,Scottie Barnes
22023,1630567,0022300563,2024-01-15,TOR vs. BOS,L,41,5,12,0.417,0,2,0.0,0,0,0.0,2,11,13,2,2,0,4,2,10,-1,1,2023-24,Regular Season,1630567,Scottie Barnes
22023,1630567,0022300574,2024-01-17,TOR vs. MIA,W,34,9,16,0.563,1,6,0.167,1,1,1.0,2,3,5,8,2,1,5,2,20,5,1,2023-24,Regular Season,1630567,Scottie Barnes
22023,1630567,0022300580,2024-01-18,TOR vs. CHI,L,37,11,18,0.611,2,6,0.333,7,9,0.778,1,6,7,6,3,3,6,1,31,-3,1,2023-24,Regular Season,1630567,Scottie Barnes
22023,1630567,0022300596,2024-01-20,TOR @ NYK,L,33,4,14,0.286,0,3,0.0,1,3,0.333,2,4,6,7,0,2,3,2,9,-15,1,2023-24,Regular Season,1630567,Scottie Barnes
22023,1630567,0022300609,2024-01-22,TOR vs. MEM,L,41,6,14,0.429,1,3,0.333,9,9,1.0,5,7,12,8,0,6,5,2,22,2,1,2023-24,Regular Season,1630567,Scottie Barnes
22023,1630567,0022300637,2024-01-26,TOR vs. LAC,L,35,9,21,0.429,1,5,0.2,4,5,0.8,1,4,5,4,1,0,1,1,23,-13,1,2023-24,Regular Season,1630567,Scottie Barnes
22023,1630567,0022300653,2024-01-28,TOR @ ATL,L,38,8,14,0.571,0,0,0.0,8,8,1.0,1,3,4,8,0,2,5,2,24,-11,1,2023-24,Regular Season,1630567,Scottie Barnes
22023,1630567,0022300672,2024-01-30,TOR @ CHI,W,37,4,14,0.286,0,3,0.0,5,6,0.833,1,3,4,7,1,0,5,1,13,10,1,2023-24,Regular Season,1630567,Scottie Barnes
22023,1630567,0022300692,2024-02-02,TOR @ HOU,L,33,10,17,0.588,1,2,0.5,7,8,0.875,3,4,7,4,1,0,1,1,28,-10,1,2023-24,Regular Season,1630567,Scottie Barnes
22023,1630567,0022300710,2024-02-04,TOR @ OKC,L,48,8,15,0.533,3,5,0.6,0,1,0.0,3,4,7,9,0,1,3,3,19,4,1,2023-24,Regular Season,1630567,Scottie Barnes
22023,1630567,0022300718,2024-02-05,TOR @ NOP,L,25,5,12,0.417,2,5,0.4,5,6,0.833,2,3,5,4,0,2,1,1,17,-22,1,2023-24,Regular Season,1630567,Scottie Barnes
22023,1630567,0022300726,2024-02-07,TOR @ CHA,W,36,6,14,0.429,1,5,0.2,5,6,0.833,0,4,4,5,0,1,2,2,18,4,1,2023-24,Regular Season,1630567,Scottie Barnes
22023,1630567,0022300744,2024-02-09,TOR vs. HOU,W,35,4,16,0.25,0,3,0.0,5,5,1.0,6,4,10,8,2,2,1,2,13,-2,1,2023-24,Regular Season,1630567,Scottie Barnes
22023,1630567,0022300756,2024-02-10,TOR vs. CLE,L,35,9,15,0.6,1,3,0.333,5,6,0.833,2,8,10,10,1,1,1,3,24,1,1,2023-24,Regular Season,1630567,Scottie Barnes
22023,1630567,0022300764,2024-02-12,TOR vs. SAS,L,30,3,15,0.2,1,3,0.333,0,1,0.0,5,4,9,9,1,1,5,3,7,-6,1,2023-24,Regular Season,1630567,Scottie Barnes
22023,1630567,0022300782,2024-02-14,TOR vs. IND,L,36,12,22,0.545,0,4,0.0,5,5,1.0,2,10,12,8,1,1,6,1,29,2,1,2023-24,Regular Season,1630567,Scottie Barnes
22023,1630567,0022300795,2024-02-22,TOR vs. BKN,W,31,7,13,0.538,1,3,0.333,3,4,0.75,4,8,12,3,3,1,4,1,18,17,1,2023-24,Regular Season,1630567,Scottie Barnes
22023,1630567,0022300804,2024-02-23,TOR @ ATL,W,37,8,13,0.615,0,2,0.0,4,4,1.0,1,4,5,10,1,1,3,2,20,6,1,2023-24,Regular Season,1630567,Scottie Barnes
22023,1630567,0022300829,2024-02-26,TOR @ IND,W,38,8,18,0.444,0,3,0.0,5,5,1.0,3,9,12,12,0,5,3,1,21,-4,1,2023-24,Regular Season,1630567,Scottie Barnes
22023,1630567,0022300844,2024-02-28,TOR vs. DAL,L,39,9,22,0.409,0,5,0.0,1,3,0.333,5,6,11,7,3,1,4,2,19,-3,1,2023-24,Regular Season,1630567,Scottie Barnes
22023,1630567,0022300860,2024-03-01,TOR vs. GSW,L,16,4,7,0.571,2,5,0.4,0,0,0.0,0,6,6,3,1,0,2,1,10,6,1,2023-24,Regular Season,1630567,Scottie Barnes
22023,1630532,0022300066,2023-10-25,ORL vs. HOU,W,27,5,12,0.417,3,7,0.429,6,6,1.0,3,1,4,2,1,0,3,1,19,10,1,2023-24,Regular Season,1630532,Franz Wagner
22023,1630532,0022300086,2023-10-27,ORL @ POR,W,35,6,16,0.375,3,9,0.333,8,9,0.889,0,5,5,3,1,1,3,2,23,11,1,2023-24,Regular Season,1630532,Franz Wagner
22023,1630532,0022300111,2023-10-30,ORL @ LAL,L,37,5,17,0.294,2,7,0.286,4,4,1.0,2,6,8,4,2,0,2,4,16,-2,1,2023-24,Regular Season,1630532,Franz Wagner
22023,1630532,0022300114,2023-10-31,ORL @ LAC,L,32,6,13,0.462,2,7,0.286,0,0,0.0,1,7,8,3,0,1,3,4,14,5,1,2023-24,Regular Season,1630532,Franz Wagner
22023,1630532,0022300130,2023-11-02,ORL @ UTA,W,38,9,21,0.429,2,6,0.333,1,2,0.5,1,3,4,5,4,0,2,4,21,8,1,2023-24,Regular Season,1630532,Franz Wagner
22023,1630532,0022300134,2023-11-04,ORL vs. LAL,W,33,12,28,0.429,1,3,0.333,1,2,0.5,2,3,5,2,1,1,1,1,26,-8,1,2023-24,Regular Season,1630532,Franz Wagner
22023,1630532,0022300147,2023-11-06,ORL vs. DAL,L,33,5,13,0.385,1,4,0.25,1,2,0.5,0,5,5,4,1,0,1,3,12,-13,1,2023-24,Regular Season,1630532,Franz Wagner
22023,1630532,0022300172,2023-11-09,ORL vs. ATL,L,29,5,12,0.417,0,1,0.0,2,2,1.0,2,5,7,3,0,0,4,2,12,-16,1,2023-24,Regular Season,1630532,Franz Wagner
22023,1630532,0022300173,2023-11-11,ORL vs. MIL,W,38,8,16,0.5,2,6,0.333,6,7,0.857,0,6,6,3,1,0,3,2,24,3,1,2023-24,Regular Season,1630532,Franz Wagner
22023,1630532,0022300020,2023-11-14,ORL @ BKN,L,36,8,16,0.5,3,8,0.375,2,3,0.667,3,5,8,5,0,0,0,2,21,-8,1,2023-24,Regular Season,1630532,Franz Wagner
22023,1630532,0022300196,2023-11-15,ORL @ CHI,W,31,5,16,0.313,0,4,0.0,3,3,1.0,0,2,2,3,0,0,1,0,13,1,1,2023-24,Regular Season,1630532,Franz Wagner
22023,1630532,0022300033,2023-11-17,ORL @ CHI,W,35,9,18,0.5,2,8,0.25,1,2,0.5,0,4,4,2,2,0,2,2,21,-6,1,2023-24,Regular Season,1630532,Franz Wagner
22023,1630532,0022300209,2023-11-19,ORL @ IND,W,22,6,14,0.429,0,2,0.0,7,7,1.0,1,6,7,1,2,0,0,2,19,26,1,2023-24,Regular Season,1630532,Franz Wagner
22023,1630532,0022300038,2023-11-21,ORL vs. TOR,W,31,8,18,0.444,1,4,0.25,0,1,0.0,2,2,4,2,3,0,0,2,17,17,1,2023-24,Regular Season,1630532,Franz Wagner
22023,1630532,0022300226,2023-11-22,ORL vs. DEN,W,31,11,18,0.611,1,4,0.25,4,4,1.0,1,2,3,4,1,2,1,1,27,-4,1,2023-24,Regular Season,1630532,Franz Wagner
22023,1630532,0022300043,2023-11-24,ORL vs. BOS,W,35,8,17,0.471,1,6,0.167,0,0,0.0,0,8,8,6,0,1,3,2,17,10,1,2023-24,Regular Season,1630532,Franz Wagner
22023,1630532,0022300248,2023-11-26,ORL vs. CHA,W,35,11,15,0.733,2,3,0.667,6,9,0.667,1,6,7,2,2,0,3,3,30,10,1,2023-24,Regular Season,1630532,Franz Wagner
22023,1630532,0022300259,2023-11-29,ORL vs. WAS,W,31,11,14,0.786,4,6,0.667,5,6,0.833,3,3,6,3,0,1,2,1,31,9,1,2023-24,Regular Season,1630532,Franz Wagner
22023,1630532,0022300274,2023-12-01,ORL vs. WAS,W,34,9,17,0.529,1,3,0.333,12,14,0.857,1,6,7,8,0,0,0,0,31,0,1,2023-24,Regular Season,1630532,Franz Wagner
22023,1630532,0022300282,2023-12-02,ORL @ BKN,L,34,6,16,0.375,2,3,0.667,6,6,1.0,1,6,7,5,0,1,1,5,20,-17,1,2023-24,Regular Season,1630532,Franz Wagner
22023,1630532,0022301205,2023-12-06,ORL @ CLE,L,41,3,16,0.188,0,5,0.0,8,10,0.8,2,4,6,9,3,0,2,1,14,-2,1,2023-24,Regular Season,1630532,Franz Wagner
22023,1630532,0022301217,2023-12-08,ORL vs. DET,W,31,12,20,0.6,2,4,0.5,1,1,1.0,0,2,2,3,0,0,0,0,27,19,1,2023-24,Regular Season,1630532,Franz Wagner
22023,1630532,0022300294,2023-12-11,ORL vs. CLE,W,33,7,18,0.389,0,5,0.0,5,7,0.714,1,7,8,4,0,0,1,4,19,11,1,2023-24,Regular Season,1630532,Franz Wagner
22023,1630532,0022300329,2023-12-15,ORL @ BOS,L,34,6,14,0.429,1,4,0.25,4,4,1.0,0,5,5,5,3,0,6,4,17,-9,1,2023-24,Regular Season,1630532,Franz Wagner
22023,1630532,0022300344,2023-12-17,ORL @ BOS,L,37,3,14,0.214,0,4,0.0,2,2,1.0,2,6,8,6,0,0,0,2,8,-12,1,2023-24,Regular Season,1630532,Franz Wagner
22023,1630532,0022300366,2023-12-20,ORL vs. MIA,L,32,5,14,0.357,0,4,0.0,5,6,0.833,0,6,6,5,2,1,0,1,15,-13,1,2023-24,Regular Season,1630532,Franz Wagner
22023,1630532,0022300378,2023-12-21,ORL @ MIL,L,39,13,23,0.565,1,6,0.167,2,4,0.5,1,5,6,6,1,0,2,4,29,-7,1,2023-24,Regular Season,1630532,Franz Wagner
22023,1630532,0022300391,2023-12-23,ORL @ IND,W,36,8,14,0.571,0,2,0.0,8,8,1.0,1,5,6,0,1,0,1,4,24,0,1,2023-24,Regular Season,1630532,Franz Wagner
22023,1630532,0022300407,2023-12-26,ORL @ WAS,W,38,10,17,0.588,2,4,0.5,6,8,0.75,0,8,8,9,1,1,2,3,28,26,1,2023-24,Regular Season,1630532,Franz Wagner
22023,1630532,0022300415,2023-12-27,ORL vs. PHI,L,36,8,16,0.5,1,5,0.2,7,8,0.875,0,5,5,3,1,0,4,4,24,-22,1,2023-24,Regular Season,1630532,Franz Wagner
22023,1630532,0022300429,2023-12-29,ORL vs. NYK,W,39,11,19,0.579,3,5,0.6,7,7,1.0,2,7,9,2,4,1,4,1,32,15,1,2023-24,Regular Season,1630532,Franz Wagner
22023,1630532,0022300450,2023-12-31,ORL @ PHX,L,39,11,25,0.44,2,8,0.25,3,3,1.0,1,6,7,6,0,1,2,4,27,-8,1,2023-24,Regular Season,1630532,Franz Wagner
22023,1630532,0022300463,2024-01-02,ORL @ GSW,L,37,10,19,0.526,1,5,0.2,4,4,1.0,2,4,6,3,2,0,4,4,25,-1,1,2023-24,Regular Season,1630532,Franz Wagner
22023,1630532,0022300476,2024-01-03,ORL @ SAC,L,5,2,4,0.5,1,1,1.0,1,1,1.0,0,2,2,1,0,0,0,0,6,-1,1,2023-24,Regular Season,1630532,Franz Wagner
22023,1630532,0022300601,2024-01-21,ORL vs. MIA,W,28,6,13,0.462,2,5,0.4,5,5,1.0,1,1,2,5,0,0,0,2,19,18,1,2023-24,Regular Season,1630532,Franz Wagner
22023,1630532,0022300607,2024-01-22,ORL vs. CLE,L,24,6,11,0.545,2,5,0.4,3,3,1.0,1,2,3,2,0,0,3,2,17,-23,1,2023-24,Regular Season,1630532,Franz Wagner
22023,1630532,0022300638,2024-01-26,ORL @ MEM,L,38,6,15,0.4,4,8,0.5,2,3,0.667,1,4,5,4,1,1,5,1,18,2,1,2023-24,Regular Season,1630532,Franz Wagner
22023,1630532,0022300655,2024-01-28,ORL vs. PHX,W,31,3,11,0.273,2,7,0.286,3,3,1.0,2,6,8,7,1,0,2,2,11,18,1,2023-24,Regular Season,1630532,Franz Wagner
22023,1630532,0022300666,2024-01-29,ORL @ DAL,L,32,8,16,0.5,3,6,0.5,2,3,0.667,3,2,5,6,1,0,0,5,21,3,1,2023-24,Regular Season,1630532,Franz Wagner
22023,1630532,0022300681,2024-01-31,ORL @ SAS,W,33,9,16,0.563,2,4,0.5,0,0,0.0,1,7,8,5,1,0,6,4,20,5,1,2023-24,Regular Season,1630532,Franz Wagner
22023,1630532,0022300694,2024-02-02,ORL @ MIN,W,35,7,17,0.412,0,5,0.0,5,6,0.833,2,2,4,5,2,1,1,3,19,12,1,2023-24,Regular Season,1630532,Franz Wagner
22023,1630532,0022300704,2024-02-04,ORL @ DET,W,36,17,25,0.68,4,7,0.571,0,0,0.0,1,2,3,2,1,0,0,2,38,16,1,2023-24,Regular Season,1630532,Franz Wagner
22023,1630532,0022300721,2024-02-06,ORL @ MIA,L,35,5,15,0.333,1,7,0.143,2,2,1.0,1,6,7,3,2,0,7,1,13,-20,1,2023-24,Regular Season,1630532,Franz Wagner
22023,1630532,0022300734,2024-02-08,ORL vs. SAS,W,28,13,17,0.765,3,4,0.75,5,5,1.0,1,6,7,7,0,2,1,0,34,19,1,2023-24,Regular Season,1630532,Franz Wagner
22023,1630532,0022300752,2024-02-10,ORL vs. CHI,W,44,12,22,0.545,5,12,0.417,7,10,0.7,1,2,3,5,0,0,1,3,36,3,1,2023-24,Regular Season,1630532,Franz Wagner
22023,1630532,0022300772,2024-02-13,ORL vs. OKC,L,34,5,16,0.313,1,5,0.2,4,4,1.0,1,6,7,2,0,0,2,2,15,-8,1,2023-24,Regular Season,1630532,Franz Wagner
22023,1630532,0022300778,2024-02-14,ORL vs. NYK,W,32,7,13,0.538,1,4,0.25,6,6,1.0,0,3,3,6,3,1,1,3,21,25,1,2023-24,Regular Season,1630532,Franz Wagner
22023,1630532,0022300792,2024-02-22,ORL @ CLE,W,32,6,11,0.545,1,4,0.25,1,1,1.0,0,4,4,4,1,0,3,1,14,-12,1,2023-24,Regular Season,1630532,Franz Wagner
22023,1630532,0022300814,2024-02-24,ORL @ DET,W,32,6,13,0.462,0,2,0.0,2,3,0.667,0,5,5,3,0,0,5,2,14,0,1,2023-24,Regular Season,1630532,Franz Wagner
22023,1630532,0022300821,2024-02-25,ORL @ ATL,L,33,7,16,0.438,2,6,0.333,3,5,0.6,1,7,8,5,1,0,2,5,19,6,1,2023-24,Regular Season,1630532,Franz Wagner
22023,1630532,0022300833,2024-02-27,ORL vs. BKN,W,28,8,11,0.727,0,2,0.0,5,5,1.0,0,5,5,5,0,1,3,1,21,16,1,2023-24,Regular Season,1630532,Franz Wagner
22023,1630532,0022300850,2024-02-29,ORL vs. UTA,W,34,6,11,0.545,0,4,0.0,2,2,1.0,2,1,3,6,2,2,4,2,14,3,1,2023-24,Regular Season,1630532,Franz Wagner
22023,1630532,0022300874,2024-03-03,ORL vs. DET,W,29,5,10,0.5,0,1,0.0,3,5,0.6,0,8,8,1,0,2,3,3,13,29,1,2023-24,Regular Season,1630532,Franz Wagner
22023,1630532,0022300885,2024-03-05,ORL @ CHA,W,30,4,11,0.364,0,5,0.0,0,1,0.0,1,2,3,2,1,0,4,1,8,-3,1,2023-24,Regular Season,1630532,Franz Wagner
22023,1630532,0022300894,2024-03-06,ORL @ WAS,W,39,9,15,0.6,3,7,0.429,7,8,0.875,0,5,5,2,0,2,1,4,28,20,1,2023-24,Regular Season,1630532,Franz Wagner
22023,1630532,0022300912,2024-03-08,ORL @ NYK,L,34,6,20,0.3,0,5,0.0,1,1,1.0,0,4,4,0,1,0,0,0,13,-25,1,2023-24,Regular Season,1630532,Franz Wagner
22023,1630532,0022300928,2024-03-10,ORL vs. IND,L,29,5,14,0.357,0,3,0.0,3,5,0.6,0,4,4,2,2,0,1,3,13,-9,1,2023-24,Regular Season,1630532,Franz Wagner
22023,1630532,0022300947,2024-03-13,ORL vs. BKN,W,28,6,14,0.429,1,4,0.25,1,1,1.0,1,4,5,6,3,0,0,5,14,5,1,2023-24,Regular Season,1630532,Franz Wagner
22023,1630532,0022300963,2024-03-15,ORL @ TOR,W,31,6,9,0.667,0,1,0.0,7,8,0.875,1,6,7,4,2,0,4,2,19,9,1,2023-24,Regular Season,1630532,Franz Wagner
22023,1630532,0022300979,2024-03-17,ORL vs. TOR,W,31,8,13,0.615,0,2,0.0,6,6,1.0,2,6,8,4,0,1,5,5,22,21,1,2023-24,Regular Season,1630532,Franz Wagner
22023,1630532,0022300991,2024-03-19,ORL vs. CHA,W,24,4,9,0.444,0,3,0.0,3,3,1.0,0,0,0,3,1,0,1,1,11,17,1,2023-24,Regular Season,1630532,Franz Wagner
22023,1630532,0022301004,2024-03-21,ORL vs. NOP,W,28,7,13,0.538,2,5,0.4,2,2,1.0,0,3,3,3,1,0,0,2,18,5,1,2023-24,Regular Season,1630532,Franz Wagner
22023,1630532,0022301020,2024-03-23,ORL vs. SAC,L,35,8,14,0.571,1,4,0.25,1,2,0.5,1,2,3,4,0,0,0,4,18,-27,1,2023-24,Regular Season,1630532,Franz Wagner
22023,1630532,0022301049,2024-03-27,ORL vs. GSW,L,31,6,14,0.429,0,2,0.0,2,2,1.0,2,3,5,1,1,0,1,1,14,-13,1,2023-24,Regular Season,1630532,Franz Wagner
22023,1630532,0022301064,2024-03-29,ORL vs. LAC,L,36,5,13,0.385,0,3,0.0,3,4,0.75,1,2,3,3,2,1,1,2,13,2,1,2023-24,Regular Season,1630532,Franz Wagner
22023,1630532,0022301075,2024-03-30,ORL vs. MEM,W,29,4,9,0.444,0,4,0.0,5,6,0.833,0,4,4,4,1,0,0,2,13,27,1,2023-24,Regular Season,1630532,Franz Wagner
22023,1630532,0022301090,2024-04-01,ORL vs. POR,W,33,6,10,0.6,1,2,0.5,7,9,0.778,1,5,6,1,0,0,1,2,20,7,1,2023-24,Regular Season,1630532,Franz Wagner
22023,1630532,0022301109,2024-04-03,ORL @ NOP,W,33,8,14,0.571,3,6,0.5,5,6,0.833,0,2,2,5,0,1,4,1,24,-2,1,2023-24,Regular Season,1630532,Franz Wagner
22023,1630532,0022301115,2024-04-05,ORL @ CHA,L,28,8,16,0.5,0,4,0.0,6,8,0.75,3,4,7,1,1,0,1,4,22,-6,1,2023-24,Regular Season,1630532,Franz Wagner
22023,1630532,0022301136,2024-04-07,ORL vs. CHI,W,20,5,10,0.5,1,4,0.25,5,5,1.0,2,2,4,3,1,0,0,1,16,15,1,2023-24,Regular Season,1630532,Franz Wagner
22023,1630532,0022301171,2024-04-12,ORL @ PHI,L,35,9,18,0.5,1,4,0.25,5,5,1.0,1,5,6,3,1,1,1,4,24,-9,1,2023-24,Regular Season,1630532,Franz Wagner
22023,1630532,0022301191,2024-04-14,ORL vs. MIL,W,33,10,21,0.476,1,5,0.2,4,4,1.0,1,4,5,3,3,0,0,1,25,25,1,2023-24,Regular Season,1630532,Franz Wagner
42023,1630532,0042300131,2024-04-20,ORL @ CLE,L,38,7,15,0.467,2,6,0.333,2,4,0.5,1,6,7,3,1,3,0,3,18,-7,1,2023-24,Playoffs,1630532,Franz Wagner
42023,1630532,0042300132,2024-04-22,ORL @ CLE,L,38,5,17,0.294,2,4,0.5,6,7,0.857,2,5,7,2,1,1,6,4,18,-5,1,2023-24,Playoffs,1630532,Franz Wagner
42023,1630532,0042300133,2024-04-25,ORL vs. CLE,W,30,6,12,0.5,1,5,0.2,3,3,1.0,0,5,5,8,0,0,0,3,16,32,1,2023-24,Playoffs,1630532,Franz Wagner
42023,1630532,0042300134,2024-04-27,ORL vs. CLE,W,40,13,17,0.765,2,3,0.667,6,7,0.857,1,12,13,4,0,1,0,1,34,32,1,2023-24,Playoffs,1630532,Franz Wagner
42023,1630532,0042300135,2024-04-30,ORL @ CLE,L,38,3,11,0.273,1,6,0.167,7,8,0.875,1,4,5,6,1,1,2,4,14,-10,1,2023-24,Playoffs,1630532,Franz Wagner
42023,1630532,0042300136,2024-05-03,ORL vs. CLE,W,42,7,16,0.438,1,5,0.2,11,11,1.0,1,4,5,2,1,2,1,2,26,1,1,2023-24,Playoffs,1630532,Franz Wagner
42023,1630532,0042300137,2024-05-05,ORL @ CLE,L,35,1,15,0.067,0,5,0.0,4,4,1.0,4,2,6,6,1,1,0,3,6,-13,1,2023-24,Playoffs,1630532,Franz Wagner
22023,1630169,0022300064,2023-10-25,IND vs. WAS,W,27,9,16,0.563,2,6,0.333,0,0,0.0,0,3,3,11,1,2,3,1,20,6,1,2023-24,Regular Season,1630169,Tyrese Haliburton
22023,1630169,0022300091,2023-10-28,IND @ CLE,W,32,7,16,0.438,4,7,0.571,3,3,1.0,1,7,8,13,0,0,1,2,21,-1,1,2023-24,Regular Season,1630169,Tyrese Haliburton
22023,1630169,0022300102,2023-10-30,IND vs. CHI,L,36,6,16,0.375,1,8,0.125,6,7,0.857,1,4,5,13,2,0,4,1,19,2,1,2023-24,Regular Season,1630169,Tyrese Haliburton
22023,1630169,0022300001,2023-11-03,IND vs. CLE,W,34,5,14,0.357,0,5,0.0,8,9,0.889,0,2,2,13,2,0,4,2,18,3,1,2023-24,Regular Season,1630169,Tyrese Haliburton
22023,1630169,0022300133,2023-11-04,IND vs. CHA,L,37,14,21,0.667,8,12,0.667,7,7,1.0,0,2,2,12,0,1,3,2,43,8,1,2023-24,Regular Season,1630169,Tyrese Haliburton
22023,1630169,0022300146,2023-11-06,IND vs. SAS,W,27,9,19,0.474,3,7,0.429,2,2,1.0,0,2,2,8,1,1,2,1,23,27,1,2023-24,Regular Season,1630169,Tyrese Haliburton
22023,1630169,0022300158,2023-11-08,IND vs. UTA,W,31,6,12,0.5,1,6,0.167,3,3,1.0,1,5,6,13,1,0,2,0,16,-1,1,2023-24,Regular Season,1630169,Tyrese Haliburton
22023,1630169,0022300171,2023-11-09,IND vs. MIL,W,38,10,17,0.588,5,9,0.556,4,4,1.0,1,5,6,10,0,1,2,1,29,14,1,2023-24,Regular Season,1630169,Tyrese Haliburton
22023,1630169,0022300180,2023-11-12,IND @ PHI,L,37,9,14,0.643,3,6,0.5,4,4,1.0,0,1,1,17,2,1,0,0,25,4,1,2023-24,Regular Season,1630169,Tyrese Haliburton
22023,1630169,0022300019,2023-11-14,IND @ PHI,W,38,11,18,0.611,7,12,0.583,4,5,0.8,1,6,7,15,2,1,0,1,33,19,1,2023-24,Regular Season,1630169,Tyrese Haliburton
22023,1630169,0022300209,2023-11-19,IND vs. ORL,L,25,4,14,0.286,1,3,0.333,3,3,1.0,0,2,2,3,0,1,4,2,12,-30,1,2023-24,Regular Season,1630169,Tyrese Haliburton
22023,1630169,0022300039,2023-11-21,IND @ ATL,W,39,11,18,0.611,9,15,0.6,6,7,0.857,1,4,5,16,3,1,6,0,37,16,1,2023-24,Regular Season,1630169,Tyrese Haliburton
22023,1630169,0022300230,2023-11-22,IND vs. TOR,L,34,12,22,0.545,5,10,0.5,4,5,0.8,1,2,3,16,0,1,3,3,33,3,1,2023-24,Regular Season,1630169,Tyrese Haliburton
22023,1630169,0022300047,2023-11-24,IND vs. DET,W,32,9,23,0.391,5,13,0.385,3,3,1.0,0,2,2,10,0,0,1,0,26,9,1,2023-24,Regular Season,1630169,Tyrese Haliburton
22023,1630169,0022300254,2023-11-27,IND vs. POR,L,36,11,17,0.647,3,6,0.5,8,9,0.889,0,2,2,9,0,0,3,1,33,-3,1,2023-24,Regular Season,1630169,Tyrese Haliburton
22023,1630169,0022300267,2023-11-30,IND @ MIA,L,40,15,28,0.536,6,16,0.375,8,12,0.667,0,2,2,10,3,1,2,0,44,-6,1,2023-24,Regular Season,1630169,Tyrese Haliburton
22023,1630169,0022301202,2023-12-04,IND vs. BOS,W,40,10,18,0.556,5,11,0.455,1,1,1.0,3,7,10,13,1,0,0,2,26,15,1,2023-24,Regular Season,1630169,Tyrese Haliburton
22023,1630169,0022301229,2023-12-07,IND @ MIL,W,37,11,19,0.579,3,9,0.333,2,2,1.0,3,4,7,15,0,1,0,1,27,0,1,2023-24,Regular Season,1630169,Tyrese Haliburton
22023,1630169,0022300293,2023-12-11,IND @ DET,W,33,5,12,0.417,3,6,0.5,1,1,1.0,0,5,5,16,1,2,7,2,14,8,1,2023-24,Regular Season,1630169,Tyrese Haliburton
22023,1630169,0022300315,2023-12-13,IND @ MIL,L,31,8,16,0.5,1,4,0.25,5,7,0.714,1,4,5,7,0,0,3,0,22,-14,1,2023-24,Regular Season,1630169,Tyrese Haliburton
22023,1630169,0022300328,2023-12-15,IND @ WAS,L,28,7,17,0.412,2,6,0.333,3,3,1.0,1,1,2,11,0,0,4,2,19,-18,1,2023-24,Regular Season,1630169,Tyrese Haliburton
22023,1630169,0022300350,2023-12-18,IND vs. LAC,L,31,3,12,0.25,1,5,0.2,1,2,0.5,0,2,2,11,0,0,4,1,8,-37,1,2023-24,Regular Season,1630169,Tyrese Haliburton
22023,1630169,0022300365,2023-12-20,IND vs. CHA,W,28,6,14,0.429,3,9,0.333,4,4,1.0,1,2,3,13,1,1,4,0,19,32,1,2023-24,Regular Season,1630169,Tyrese Haliburton
22023,1630169,0022300377,2023-12-21,IND @ MEM,L,38,7,19,0.368,2,12,0.167,1,2,0.5,0,4,4,14,0,0,4,2,17,1,1,2023-24,Regular Season,1630169,Tyrese Haliburton
22023,1630169,0022300391,2023-12-23,IND vs. ORL,L,40,12,22,0.545,3,5,0.6,2,3,0.667,0,2,2,15,3,0,3,2,29,8,1,2023-24,Regular Season,1630169,Tyrese Haliburton
22023,1630169,0022300409,2023-12-26,IND @ HOU,W,38,13,21,0.619,7,13,0.538,0,1,0.0,1,5,6,10,1,0,3,0,33,15,1,2023-24,Regular Season,1630169,Tyrese Haliburton
22023,1630169,0022300422,2023-12-28,IND @ CHI,W,37,7,17,0.412,6,13,0.462,1,2,0.5,0,3,3,20,2,1,0,2,21,32,1,2023-24,Regular Season,1630169,Tyrese Haliburton
22023,1630169,0022300441,2023-12-30,IND vs. NYK,W,36,8,17,0.471,2,10,0.2,4,4,1.0,1,4,5,23,2,1,2,0,22,19,1,2023-24,Regular Season,1630169,Tyrese Haliburton
22023,1630169,0022300454,2024-01-01,IND @ MIL,W,37,11,22,0.5,1,7,0.143,3,3,1.0,1,8,9,11,1,1,2,0,26,-5,1,2023-24,Regular Season,1630169,Tyrese Haliburton
22023,1630169,0022300466,2024-01-03,IND vs. MIL,W,34,10,20,0.5,5,11,0.455,6,6,1.0,0,2,2,12,1,3,0,1,31,21,1,2023-24,Regular Season,1630169,Tyrese Haliburton
22023,1630169,0022300480,2024-01-05,IND vs. ATL,W,25,4,6,0.667,2,4,0.5,0,0,0.0,1,7,8,18,2,1,2,1,10,24,1,2023-24,Regular Season,1630169,Tyrese Haliburton
22023,1630169,0022300493,2024-01-06,IND vs. BOS,L,35,5,17,0.294,2,9,0.222,5,5,1.0,1,5,6,7,5,0,4,1,17,-14,1,2023-24,Regular Season,1630169,Tyrese Haliburton
22023,1630169,0022300507,2024-01-08,IND vs. BOS,W,13,3,5,0.6,1,3,0.333,0,0,0.0,0,2,2,6,0,0,2,1,7,-4,1,2023-24,Regular Season,1630169,Tyrese Haliburton
22023,1630169,0022300590,2024-01-19,IND @ POR,L,35,6,14,0.429,2,7,0.286,7,9,0.778,0,2,2,17,0,0,0,1,21,16,1,2023-24,Regular Season,1630169,Tyrese Haliburton
22023,1630169,0022300670,2024-01-30,IND @ BOS,L,22,5,16,0.313,1,5,0.2,2,2,1.0,3,0,3,10,1,0,1,1,13,-4,1,2023-24,Regular Season,1630169,Tyrese Haliburton
22023,1630169,0022300685,2024-02-01,IND @ NYK,L,22,6,10,0.6,2,6,0.333,1,1,1.0,0,4,4,5,0,2,1,1,15,5,1,2023-24,Regular Season,1630169,Tyrese Haliburton
22023,1630169,0022300691,2024-02-02,IND vs. SAC,L,22,6,10,0.6,1,3,0.333,1,1,1.0,1,2,3,1,1,0,5,1,14,-15,1,2023-24,Regular Season,1630169,Tyrese Haliburton
22023,1630169,0022300707,2024-02-04,IND @ CHA,W,20,6,8,0.75,3,5,0.6,2,3,0.667,0,1,1,4,1,2,1,0,17,13,1,2023-24,Regular Season,1630169,Tyrese Haliburton
22023,1630169,0022300719,2024-02-06,IND vs. HOU,W,29,8,15,0.533,2,6,0.333,0,1,0.0,0,2,2,7,1,2,2,1,18,-1,1,2023-24,Regular Season,1630169,Tyrese Haliburton
22023,1630169,0022300733,2024-02-08,IND vs. GSW,L,26,2,7,0.286,1,4,0.25,0,0,0.0,0,1,1,11,1,1,3,1,5,-9,1,2023-24,Regular Season,1630169,Tyrese Haliburton
22023,1630169,0022300755,2024-02-10,IND @ NYK,W,30,7,14,0.5,4,9,0.444,4,5,0.8,0,3,3,12,0,1,1,0,22,11,1,2023-24,Regular Season,1630169,Tyrese Haliburton
22023,1630169,0022300761,2024-02-12,IND @ CHA,L,34,5,15,0.333,3,8,0.375,0,0,0.0,1,5,6,12,0,0,3,1,13,10,1,2023-24,Regular Season,1630169,Tyrese Haliburton
22023,1630169,0022300782,2024-02-14,IND @ TOR,W,34,6,13,0.462,5,9,0.556,4,5,0.8,0,4,4,12,2,0,1,3,21,2,1,2023-24,Regular Season,1630169,Tyrese Haliburton
22023,1630169,0022300793,2024-02-22,IND vs. DET,W,34,10,18,0.556,4,10,0.4,1,1,1.0,0,2,2,13,2,0,5,0,25,12,1,2023-24,Regular Season,1630169,Tyrese Haliburton
22023,1630169,0022300819,2024-02-25,IND vs. DAL,W,31,8,15,0.533,1,5,0.2,0,0,0.0,0,3,3,10,4,0,1,0,17,13,1,2023-24,Regular Season,1630169,Tyrese Haliburton
22023,1630169,0022300829,2024-02-26,IND vs. TOR,L,32,2,11,0.182,1,6,0.167,4,6,0.667,0,0,0,7,2,0,1,0,9,-16,1,2023-24,Regular Season,1630169,Tyrese Haliburton
22023,1630169,0022300843,2024-02-28,IND vs. NOP,W,34,7,15,0.467,3,8,0.375,0,0,0.0,0,3,3,13,1,1,1,0,17,11,1,2023-24,Regular Season,1630169,Tyrese Haliburton
22023,1630169,0022300863,2024-03-01,IND @ NOP,L,23,0,7,0.0,0,6,0.0,0,0,0.0,0,3,3,3,0,0,1,0,0,-40,1,2023-24,Regular Season,1630169,Tyrese Haliburton
22023,1630169,0022300877,2024-03-03,IND @ SAS,L,36,4,16,0.25,0,6,0.0,4,4,1.0,3,3,6,8,0,1,1,0,12,-14,1,2023-24,Regular Season,1630169,Tyrese Haliburton
22023,1630169,0022300892,2024-03-05,IND @ DAL,W,32,8,15,0.533,3,10,0.3,0,0,0.0,1,5,6,11,0,1,2,2,19,18,1,2023-24,Regular Season,1630169,Tyrese Haliburton
22023,1630169,0022300903,2024-03-07,IND vs. MIN,L,37,9,15,0.6,2,7,0.286,3,4,0.75,0,3,3,13,1,0,5,1,23,-1,1,2023-24,Regular Season,1630169,Tyrese Haliburton
22023,1630169,0022300928,2024-03-10,IND @ ORL,W,36,6,15,0.4,1,6,0.167,7,7,1.0,0,7,7,8,0,0,4,2,20,15,1,2023-24,Regular Season,1630169,Tyrese Haliburton
22023,1630169,0022300941,2024-03-12,IND @ OKC,W,36,8,15,0.533,2,6,0.333,0,0,0.0,0,4,4,12,2,2,4,0,18,7,1,2023-24,Regular Season,1630169,Tyrese Haliburton
22023,1630169,0022300948,2024-03-13,IND vs. CHI,L,38,6,13,0.462,1,6,0.167,4,4,1.0,0,3,3,14,0,1,2,3,17,-22,1,2023-24,Regular Season,1630169,Tyrese Haliburton
22023,1630169,0022300968,2024-03-16,IND vs. BKN,W,31,6,18,0.333,1,9,0.111,1,1,1.0,0,7,7,4,2,1,2,0,14,19,1,2023-24,Regular Season,1630169,Tyrese Haliburton
22023,1630169,0022300983,2024-03-18,IND vs. CLE,L,32,4,14,0.286,1,9,0.111,5,5,1.0,1,5,6,12,1,1,3,5,14,-7,1,2023-24,Regular Season,1630169,Tyrese Haliburton
22023,1630169,0022300997,2024-03-20,IND @ DET,W,26,9,13,0.692,1,3,0.333,1,2,0.5,0,3,3,9,4,0,2,1,20,18,1,2023-24,Regular Season,1630169,Tyrese Haliburton
22023,1630169,0022301016,2024-03-22,IND @ GSW,W,38,9,18,0.5,4,8,0.5,4,5,0.8,0,2,2,11,4,3,1,0,26,25,1,2023-24,Regular Season,1630169,Tyrese Haliburton
22023,1630169,0022301032,2024-03-24,IND @ LAL,L,33,5,13,0.385,2,6,0.333,0,0,0.0,1,5,6,10,2,0,1,1,12,-12,1,2023-24,Regular Season,1630169,Tyrese Haliburton
22023,1630169,0022301043,2024-03-25,IND @ LAC,W,31,7,12,0.583,6,9,0.667,1,1,1.0,0,1,1,9,2,0,3,2,21,3,1,2023-24,Regular Season,1630169,Tyrese Haliburton
22023,1630169,0022301054,2024-03-27,IND @ CHI,L,31,4,15,0.267,3,11,0.273,2,3,0.667,2,2,4,5,0,0,2,2,13,-7,1,2023-24,Regular Season,1630169,Tyrese Haliburton
22023,1630169,0022301063,2024-03-29,IND vs. LAL,W,33,7,15,0.467,3,8,0.375,4,4,1.0,0,8,8,8,2,0,2,2,21,27,1,2023-24,Regular Season,1630169,Tyrese Haliburton
22023,1630169,0022301089,2024-04-01,IND vs. BKN,W,27,9,15,0.6,4,7,0.571,5,5,1.0,0,4,4,13,1,1,0,1,27,26,1,2023-24,Regular Season,1630169,Tyrese Haliburton
22023,1630169,0022301106,2024-04-03,IND @ BKN,L,37,9,22,0.409,5,14,0.357,1,1,1.0,1,2,3,8,2,2,0,0,24,3,1,2023-24,Regular Season,1630169,Tyrese Haliburton
22023,1630169,0022301116,2024-04-05,IND vs. OKC,W,36,3,8,0.375,2,6,0.333,0,0,0.0,0,2,2,11,1,0,2,1,8,0,1,2023-24,Regular Season,1630169,Tyrese Haliburton
22023,1630169,0022301133,2024-04-07,IND vs. MIA,W,33,3,10,0.3,2,7,0.286,4,4,1.0,0,4,4,8,0,2,3,2,12,3,1,2023-24,Regular Season,1630169,Tyrese Haliburton
22023,1630169,0022301146,2024-04-09,IND @ TOR,W,31,10,16,0.625,3,8,0.375,7,10,0.7,0,5,5,5,2,1,2,1,30,15,1,2023-24,Regular Season,1630169,Tyrese Haliburton
22023,1630169,0022301174,2024-04-12,IND @ CLE,L,35,7,13,0.538,4,10,0.4,1,1,1.0,0,6,6,12,1,0,5,1,19,-11,1,2023-24,Regular Season,1630169,Tyrese Haliburton
22023,1630169,0022301188,2024-04-14,IND vs. ATL,W,25,5,10,0.5,0,4,0.0,2,3,0.667,0,2,2,13,3,1,2,3,12,27,1,2023-24,Regular Season,1630169,Tyrese Haliburton
42023,1630169,0042300121,2024-04-21,IND @ MIL,L,38,4,7,0.571,1,3,0.333,0,0,0.0,1,6,7,8,1,1,3,0,9,-3,1,2023-24,Playoffs,1630169,Tyrese Haliburton
42023,1630169,0042300122,2024-04-23,IND @ MIL,W,37,4,10,0.4,3,7,0.429,1,2,0.5,1,3,4,12,1,1,2,4,12,17,1,2023-24,Playoffs,1630169,Tyrese Haliburton
42023,1630169,0042300123,2024-04-26,IND vs. MIL,W,46,8,22,0.364,1,12,0.083,1,1,1.0,5,5,10,16,0,1,4,1,18,16,1,2023-24,Playoffs,1630169,Tyrese Haliburton
42023,1630169,0042300124,2024-04-28,IND vs. MIL,W,32,8,16,0.5,5,12,0.417,3,3,1.0,0,4,4,4,1,0,3,0,24,13,1,2023-24,Playoffs,1630169,Tyrese Haliburton
42023,1630169,0042300125,2024-04-30,IND @ MIL,L,34,6,14,0.429,4,10,0.4,0,0,0.0,1,3,4,6,0,0,2,1,16,-14,1,2023-24,Playoffs,1630169,Tyrese Haliburton
42023,1630169,0042300126,2024-05-02,IND vs. MIL,W,32,7,16,0.438,2,10,0.2,1,1,1.0,1,5,6,10,0,0,2,1,17,12,1,2023-24,Playoffs,1630169,Tyrese Haliburton
42023,1630169,0042300211,2024-05-06,IND @ NYK,L,36,2,6,0.333,2,5,0.4,0,0,0.0,0,2,2,8,4,0,3,0,6,-12,1,2023-24,Playoffs,1630169,Tyrese Haliburton
42023,1630169,0042300212,2024-05-08,IND @ NYK,L,35,11,19,0.579,7,11,0.636,5,6,0.833,2,4,6,9,3,0,2,0,34,-17,1,2023-24,Playoffs,1630169,Tyrese Haliburton
42023,1630169,0042300213,2024-05-10,IND vs. NYK,W,38,14,26,0.538,6,16,0.375,1,1,1.0,0,4,4,7,2,1,2,1,35,16,1,2023-24,Playoffs,1630169,Tyrese Haliburton
42023,1630169,0042300214,2024-05-12,IND vs. NYK,W,28,8,15,0.533,4,10,0.4,0,0,0.0,0,6,6,5,0,0,0,2,20,31,1,2023-24,Playoffs,1630169,Tyrese Haliburton
42023,1630169,0042300215,2024-05-14,IND @ NYK,L,34,5,9,0.556,1,4,0.25,2,2,1.0,0,2,2,5,2,2,2,0,13,-22,1,2023-24,Playoffs,1630169,Tyrese Haliburton
42023,1630169,0042300216,2024-05-17,IND vs. NYK,W,32,6,12,0.5,3,8,0.375,0,0,0.0,0,6,6,9,0,2,1,0,15,11,1,2023-24,Playoffs,1630169,Tyrese Haliburton
42023,1630169,0042300217,2024-05-19,IND @ NYK,W,33,10,17,0.588,6,12,0.5,0,1,0.0,1,3,4,6,1,1,2,2,26,21,1,2023-24,Playoffs,1630169,Tyrese Haliburton
42023,1630169,0042300301,2024-05-21,IND @ BOS,L,40,8,18,0.444,6,14,0.429,3,3,1.0,0,3,3,10,3,1,3,2,25,-11,1,2023-24,Playoffs,1630169,Tyrese Haliburton
42023,1630169,0042300302,2024-05-23,IND @ BOS,L,28,4,8,0.5,2,6,0.333,0,0,0.0,0,4,4,8,1,0,0,0,10,1,1,2023-24,Playoffs,1630169,Tyrese Haliburton
22023,1628368,0022300072,2023-10-25,SAC @ UTA,W,33,6,18,0.333,1,7,0.143,5,6,0.833,2,3,5,6,1,1,3,4,18,14,1,2023-24,Regular Season,1628368,De'Aaron Fox
22023,1628368,0022300087,2023-10-27,SAC vs. GSW,L,39,14,28,0.5,5,9,0.556,6,7,0.857,0,4,4,4,2,0,2,3,39,1,1,2023-24,Regular Season,1628368,De'Aaron Fox
22023,1628368,0022300100,2023-10-29,SAC vs. LAL,W,34,14,24,0.583,3,8,0.375,6,8,0.75,1,3,4,8,1,1,3,5,37,15,1,2023-24,Regular Season,1628368,De'Aaron Fox
22023,1628368,0022300191,2023-11-13,SAC vs. CLE,W,36,11,20,0.55,2,6,0.333,4,7,0.571,1,1,2,6,1,0,1,2,28,17,1,2023-24,Regular Season,1628368,De'Aaron Fox
22023,1628368,0022300198,2023-11-15,SAC @ LAL,W,38,10,22,0.455,3,9,0.333,5,7,0.714,3,2,5,5,4,0,3,3,28,15,1,2023-24,Regular Season,1628368,De'Aaron Fox
22023,1628368,0022300032,2023-11-17,SAC @ SAS,W,41,14,24,0.583,5,11,0.455,10,13,0.769,0,8,8,7,1,1,1,2,43,3,1,2023-24,Regular Season,1628368,De'Aaron Fox
22023,1628368,0022300212,2023-11-19,SAC @ DAL,W,31,10,20,0.5,6,10,0.6,4,5,0.8,1,3,4,7,3,0,0,1,30,2,1,2023-24,Regular Season,1628368,De'Aaron Fox
22023,1628368,0022300222,2023-11-20,SAC @ NOP,L,29,5,18,0.278,2,12,0.167,2,4,0.5,0,2,2,0,1,0,2,1,14,-32,1,2023-24,Regular Season,1628368,De'Aaron Fox
22023,1628368,0022300233,2023-11-22,SAC @ NOP,L,38,9,17,0.529,2,7,0.286,6,7,0.857,0,2,2,5,1,0,2,5,26,-14,1,2023-24,Regular Season,1628368,De'Aaron Fox
22023,1628368,0022300050,2023-11-24,SAC @ MIN,W,37,14,32,0.438,3,7,0.429,5,6,0.833,2,5,7,12,1,0,2,3,36,19,1,2023-24,Regular Season,1628368,De'Aaron Fox
22023,1628368,0022300060,2023-11-28,SAC vs. GSW,W,40,9,20,0.45,2,8,0.25,9,17,0.529,1,8,9,7,2,0,2,4,29,9,1,2023-24,Regular Season,1628368,De'Aaron Fox
22023,1628368,0022300264,2023-11-29,SAC vs. LAC,L,38,14,23,0.609,3,8,0.375,9,10,0.9,1,4,5,3,0,1,4,3,40,-17,1,2023-24,Regular Season,1628368,De'Aaron Fox
22023,1628368,0022300290,2023-12-02,SAC vs. DEN,W,38,10,22,0.455,3,6,0.5,3,4,0.75,1,3,4,16,3,1,1,1,26,22,1,2023-24,Regular Season,1628368,De'Aaron Fox
22023,1628368,0022301204,2023-12-04,SAC vs. NOP,L,40,10,25,0.4,1,7,0.143,9,13,0.692,1,4,5,4,1,0,6,3,30,-9,1,2023-24,Regular Season,1628368,De'Aaron Fox
22023,1628368,0022301228,2023-12-08,SAC @ PHX,W,35,11,24,0.458,4,7,0.571,8,10,0.8,2,2,4,7,1,0,2,0,34,3,1,2023-24,Regular Season,1628368,De'Aaron Fox
22023,1628368,0022300303,2023-12-11,SAC vs. BKN,W,33,10,22,0.455,5,10,0.5,4,6,0.667,0,3,3,8,0,0,3,4,29,31,1,2023-24,Regular Season,1628368,De'Aaron Fox
22023,1628368,0022300309,2023-12-12,SAC @ LAC,L,25,5,16,0.313,3,7,0.429,1,1,1.0,0,3,3,3,0,0,4,3,14,-14,1,2023-24,Regular Season,1628368,De'Aaron Fox
22023,1628368,0022300324,2023-12-14,SAC vs. OKC,W,34,14,25,0.56,5,11,0.455,8,11,0.727,0,3,3,7,2,0,5,3,41,3,1,2023-24,Regular Season,1628368,De'Aaron Fox
22023,1628368,0022300358,2023-12-18,SAC vs. WAS,W,33,10,19,0.526,2,7,0.286,8,12,0.667,0,5,5,6,3,1,1,2,30,20,1,2023-24,Regular Season,1628368,De'Aaron Fox
22023,1628368,0022300373,2023-12-20,SAC vs. BOS,L,26,9,16,0.563,6,8,0.75,5,6,0.833,2,1,3,3,3,0,3,4,29,-19,1,2023-24,Regular Season,1628368,De'Aaron Fox
22023,1628368,0022300387,2023-12-22,SAC vs. PHX,W,32,9,17,0.529,2,6,0.333,3,4,0.75,0,6,6,7,3,2,2,2,23,21,1,2023-24,Regular Season,1628368,De'Aaron Fox
22023,1628368,0022300400,2023-12-23,SAC vs. MIN,L,39,10,23,0.435,3,11,0.273,4,4,1.0,2,2,4,6,2,0,3,1,27,-4,1,2023-24,Regular Season,1628368,De'Aaron Fox
22023,1628368,0022300413,2023-12-26,SAC @ POR,L,38,16,26,0.615,7,15,0.467,4,6,0.667,2,6,8,4,1,1,5,2,43,-2,1,2023-24,Regular Season,1628368,De'Aaron Fox
22023,1628368,0022300431,2023-12-29,SAC @ ATL,W,41,10,20,0.5,8,16,0.5,3,7,0.429,1,4,5,8,5,0,3,3,31,9,1,2023-24,Regular Season,1628368,De'Aaron Fox
22023,1628368,0022300449,2023-12-31,SAC @ MEM,W,34,9,23,0.391,3,8,0.375,3,5,0.6,1,3,4,4,0,1,1,3,24,20,1,2023-24,Regular Season,1628368,De'Aaron Fox
22023,1628368,0022300464,2024-01-02,SAC vs. CHA,L,38,11,25,0.44,3,10,0.3,5,8,0.625,0,5,5,6,1,1,3,2,30,4,1,2023-24,Regular Season,1628368,De'Aaron Fox
22023,1628368,0022300476,2024-01-03,SAC vs. ORL,W,44,6,22,0.273,0,5,0.0,3,4,0.75,3,1,4,7,1,0,3,1,15,-1,1,2023-24,Regular Season,1628368,De'Aaron Fox
22023,1628368,0022300492,2024-01-05,SAC vs. TOR,W,37,10,20,0.5,1,3,0.333,3,3,1.0,1,1,2,4,2,1,2,4,24,-1,1,2023-24,Regular Season,1628368,De'Aaron Fox
22023,1628368,0022300500,2024-01-07,SAC vs. NOP,L,26,1,10,0.1,1,4,0.25,0,0,0.0,0,2,2,4,0,0,4,3,3,-30,1,2023-24,Regular Season,1628368,De'Aaron Fox
22023,1628368,0022300512,2024-01-09,SAC @ DET,W,33,10,19,0.526,4,7,0.571,2,2,1.0,0,3,3,4,2,0,5,2,26,2,1,2023-24,Regular Season,1628368,De'Aaron Fox
22023,1628368,0022300518,2024-01-10,SAC @ CHA,W,28,8,14,0.571,3,7,0.429,0,2,0.0,0,1,1,3,1,1,1,0,19,25,1,2023-24,Regular Season,1628368,De'Aaron Fox
22023,1628368,0022300532,2024-01-12,SAC @ PHI,L,38,5,15,0.333,2,7,0.286,9,11,0.818,1,4,5,4,1,0,2,2,21,-25,1,2023-24,Regular Season,1628368,De'Aaron Fox
22023,1628368,0022300552,2024-01-14,SAC @ MIL,L,43,12,26,0.462,2,6,0.333,6,7,0.857,1,1,2,5,3,0,4,4,32,-3,1,2023-24,Regular Season,1628368,De'Aaron Fox
22023,1628368,0022300567,2024-01-16,SAC @ PHX,L,37,12,24,0.5,6,10,0.6,3,5,0.6,1,1,2,6,2,0,1,2,33,6,1,2023-24,Regular Season,1628368,De'Aaron Fox
22023,1628368,0022300583,2024-01-18,SAC vs. IND,L,40,8,20,0.4,3,7,0.429,5,9,0.556,1,5,6,6,1,0,1,2,24,3,1,2023-24,Regular Season,1628368,De'Aaron Fox
22023,1628368,0022300613,2024-01-22,SAC vs. ATL,W,35,5,16,0.313,0,5,0.0,2,3,0.667,0,3,3,1,1,0,1,1,12,7,1,2023-24,Regular Season,1628368,De'Aaron Fox
22023,1628368,0022300632,2024-01-25,SAC @ GSW,W,36,9,16,0.563,3,7,0.429,8,8,1.0,0,1,1,5,1,1,1,3,29,-12,1,2023-24,Regular Season,1628368,De'Aaron Fox
22023,1628368,0022300651,2024-01-27,SAC @ DAL,W,37,13,24,0.542,1,5,0.2,7,8,0.875,1,2,3,5,2,2,2,3,34,18,1,2023-24,Regular Season,1628368,De'Aaron Fox
22023,1628368,0022300663,2024-01-29,SAC @ MEM,W,34,8,14,0.571,1,4,0.25,6,10,0.6,1,4,5,4,2,0,3,1,23,8,1,2023-24,Regular Season,1628368,De'Aaron Fox
22023,1628368,0022300678,2024-01-31,SAC @ MIA,L,37,4,16,0.25,1,8,0.125,4,6,0.667,0,5,5,3,2,0,2,3,13,-4,1,2023-24,Regular Season,1628368,De'Aaron Fox
22023,1628368,0022300691,2024-02-02,SAC @ IND,W,35,11,21,0.524,1,5,0.2,2,6,0.333,0,3,3,3,6,1,3,1,25,7,1,2023-24,Regular Season,1628368,De'Aaron Fox
22023,1628368,0022300700,2024-02-03,SAC @ CHI,W,35,13,24,0.542,5,11,0.455,10,12,0.833,0,4,4,4,5,0,3,5,41,5,1,2023-24,Regular Season,1628368,De'Aaron Fox
22023,1628368,0022300714,2024-02-05,SAC @ CLE,L,35,8,20,0.4,3,9,0.333,0,0,0.0,1,3,4,1,2,1,3,4,19,-12,1,2023-24,Regular Season,1628368,De'Aaron Fox
22023,1628368,0022300732,2024-02-07,SAC vs. DET,L,35,5,14,0.357,2,5,0.4,0,4,0.0,1,2,3,7,3,1,2,4,12,-17,1,2023-24,Regular Season,1628368,De'Aaron Fox
22023,1628368,0022300746,2024-02-09,SAC vs. DEN,W,28,7,15,0.467,1,2,0.5,0,0,0.0,0,2,2,10,5,0,3,3,15,26,1,2023-24,Regular Season,1628368,De'Aaron Fox
22023,1628368,0022300760,2024-02-11,SAC @ OKC,L,33,6,17,0.353,2,8,0.25,1,3,0.333,0,1,1,5,0,0,3,3,15,-27,1,2023-24,Regular Season,1628368,De'Aaron Fox
22023,1628368,0022300774,2024-02-13,SAC @ PHX,L,40,14,31,0.452,5,12,0.417,7,10,0.7,4,5,9,6,3,0,6,4,40,-9,1,2023-24,Regular Season,1628368,De'Aaron Fox
22023,1628368,0022300786,2024-02-14,SAC @ DEN,W,43,12,26,0.462,2,7,0.286,4,6,0.667,3,5,8,8,2,0,1,2,30,12,1,2023-24,Regular Season,1628368,De'Aaron Fox
22023,1628368,0022300803,2024-02-22,SAC vs. SAS,W,37,12,18,0.667,2,6,0.333,2,4,0.5,0,5,5,9,2,1,3,1,28,-1,1,2023-24,Regular Season,1628368,De'Aaron Fox
22023,1628368,0022300827,2024-02-25,SAC @ LAC,W,33,12,22,0.545,0,4,0.0,9,10,0.9,2,4,6,7,3,0,3,3,33,23,1,2023-24,Regular Season,1628368,De'Aaron Fox
22023,1628368,0022300831,2024-02-26,SAC vs. MIA,L,39,13,24,0.542,1,5,0.2,0,0,0.0,3,5,8,6,3,1,7,2,27,-9,1,2023-24,Regular Season,1628368,De'Aaron Fox
22023,1628368,0022300883,2024-03-04,SAC vs. CHI,L,39,8,16,0.5,2,7,0.286,2,3,0.667,0,1,1,10,1,0,5,0,20,8,1,2023-24,Regular Season,1628368,De'Aaron Fox
22023,1628368,0022300901,2024-03-06,SAC @ LAL,W,39,19,32,0.594,2,6,0.333,4,5,0.8,0,4,4,4,2,0,3,3,44,5,1,2023-24,Regular Season,1628368,De'Aaron Fox
22023,1628368,0022300908,2024-03-07,SAC vs. SAS,W,35,14,32,0.438,1,7,0.143,4,4,1.0,2,3,5,5,3,0,1,6,33,0,1,2023-24,Regular Season,1628368,De'Aaron Fox
22023,1628368,0022300929,2024-03-10,SAC vs. HOU,L,34,7,21,0.333,2,9,0.222,2,2,1.0,0,9,9,1,1,1,0,2,18,-9,1,2023-24,Regular Season,1628368,De'Aaron Fox
22023,1628368,0022300945,2024-03-12,SAC vs. MIL,W,32,11,17,0.647,4,5,0.8,3,3,1.0,1,5,6,7,2,1,4,2,29,25,1,2023-24,Regular Season,1628368,De'Aaron Fox
22023,1628368,0022300954,2024-03-13,SAC vs. LAL,W,35,9,20,0.45,1,5,0.2,2,2,1.0,1,3,4,7,1,0,2,3,21,13,1,2023-24,Regular Season,1628368,De'Aaron Fox
22023,1628368,0022300975,2024-03-16,SAC vs. NYK,L,36,5,19,0.263,2,7,0.286,8,10,0.8,1,6,7,9,2,0,3,4,20,0,1,2023-24,Regular Season,1628368,De'Aaron Fox
22023,1628368,0022300989,2024-03-18,SAC vs. MEM,W,43,8,16,0.5,4,7,0.571,3,4,0.75,1,6,7,10,3,1,6,4,23,0,1,2023-24,Regular Season,1628368,De'Aaron Fox
22023,1628368,0022300999,2024-03-20,SAC @ TOR,W,28,8,15,0.533,3,7,0.429,1,2,0.5,0,4,4,5,2,0,3,0,20,22,1,2023-24,Regular Season,1628368,De'Aaron Fox
22023,1628368,0022301005,2024-03-21,SAC @ WAS,L,37,10,30,0.333,5,15,0.333,0,0,0.0,3,2,5,5,6,1,3,4,25,-7,1,2023-24,Regular Season,1628368,De'Aaron Fox
22023,1628368,0022301020,2024-03-23,SAC @ ORL,W,36,10,22,0.455,3,12,0.25,8,9,0.889,2,6,8,2,3,0,2,3,31,14,1,2023-24,Regular Season,1628368,De'Aaron Fox
22023,1628368,0022301042,2024-03-25,SAC vs. PHI,W,37,8,18,0.444,2,6,0.333,5,6,0.833,2,6,8,5,2,1,0,2,23,16,1,2023-24,Regular Season,1628368,De'Aaron Fox
22023,1628368,0022301047,2024-03-26,SAC vs. DAL,L,32,6,18,0.333,2,4,0.5,4,4,1.0,2,3,5,3,1,0,3,3,18,-27,1,2023-24,Regular Season,1628368,De'Aaron Fox
22023,1628368,0022301073,2024-03-29,SAC vs. DAL,L,40,9,22,0.409,3,7,0.429,2,2,1.0,1,5,6,5,3,0,1,3,23,-3,1,2023-24,Regular Season,1628368,De'Aaron Fox
22023,1628368,0022301086,2024-03-31,SAC vs. UTA,W,36,7,15,0.467,2,7,0.286,8,10,0.8,0,6,6,12,3,2,5,3,24,28,1,2023-24,Regular Season,1628368,De'Aaron Fox
22023,1628368,0022301101,2024-04-02,SAC vs. LAC,W,34,6,20,0.3,1,7,0.143,7,7,1.0,0,3,3,7,1,1,0,2,20,13,1,2023-24,Regular Season,1628368,De'Aaron Fox
22023,1628368,0022301112,2024-04-04,SAC @ NYK,L,39,11,26,0.423,6,13,0.462,1,1,1.0,1,6,7,7,3,1,4,2,29,-7,1,2023-24,Regular Season,1628368,De'Aaron Fox
22023,1628368,0022301118,2024-04-05,SAC @ BOS,L,44,16,29,0.552,7,13,0.538,1,2,0.5,1,3,4,2,1,0,1,2,40,2,1,2023-24,Regular Season,1628368,De'Aaron Fox
22023,1628368,0022301141,2024-04-07,SAC @ BKN,W,34,8,20,0.4,3,11,0.273,1,2,0.5,1,4,5,3,1,0,1,3,20,16,1,2023-24,Regular Season,1628368,De'Aaron Fox
22023,1628368,0022301153,2024-04-09,SAC @ OKC,L,43,12,29,0.414,7,17,0.412,2,4,0.5,0,8,8,6,2,0,2,2,33,-3,1,2023-24,Regular Season,1628368,De'Aaron Fox
22023,1628368,0022301170,2024-04-11,SAC vs. NOP,L,41,11,18,0.611,3,7,0.429,8,10,0.8,0,5,5,8,2,0,6,3,33,3,1,2023-24,Regular Season,1628368,De'Aaron Fox
22023,1628368,0022301185,2024-04-12,SAC vs. PHX,L,41,9,23,0.391,3,8,0.375,2,2,1.0,0,5,5,6,4,0,2,4,23,3,1,2023-24,Regular Season,1628368,De'Aaron Fox
22023,1628368,0022301200,2024-04-14,SAC vs. POR,W,26,10,14,0.714,2,3,0.667,2,2,1.0,0,2,2,3,3,1,1,1,24,13,1,2023-24,Regular Season,1628368,De'Aaron Fox
22023,1629639,0022300068,2023-10-25,MIA vs. DET,W,35,7,24,0.292,2,7,0.286,0,0,0.0,0,2,2,3,3,0,2,1,16,6,1,2023-24,Regular Season,1629639,Tyler Herro
22023,1629639,0022300080,2023-10-27,MIA @ BOS,L,40,10,20,0.5,5,12,0.417,3,3,1.0,1,5,6,6,1,0,3,2,28,-1,1,2023-24,Regular Season,1629639,Tyler Herro
22023,1629639,0022300093,2023-10-28,MIA @ MIN,L,40,8,23,0.348,4,10,0.4,2,2,1.0,0,5,5,4,0,0,0,1,22,-16,1,2023-24,Regular Season,1629639,Tyler Herro
22023,1629639,0022300107,2023-10-30,MIA @ MIL,L,42,12,21,0.571,2,5,0.4,9,10,0.9,1,7,8,3,1,0,3,1,35,-3,1,2023-24,Regular Season,1629639,Tyler Herro
22023,1629639,0022300119,2023-11-01,MIA vs. BKN,L,36,12,23,0.522,6,10,0.6,0,1,0.0,0,3,3,5,0,0,3,2,30,-1,1,2023-24,Regular Season,1629639,Tyler Herro
22023,1629639,0022300003,2023-11-03,MIA vs. WAS,W,37,9,17,0.529,4,7,0.571,2,2,1.0,0,10,10,9,2,0,3,3,24,7,1,2023-24,Regular Season,1629639,Tyler Herro
22023,1629639,0022300150,2023-11-06,MIA vs. LAL,W,34,8,20,0.4,2,10,0.2,4,4,1.0,1,4,5,5,3,0,6,1,22,-9,1,2023-24,Regular Season,1629639,Tyler Herro
22023,1629639,0022300164,2023-11-08,MIA @ MEM,W,8,2,4,0.5,0,0,0.0,2,3,0.667,0,1,1,2,1,0,0,2,6,6,1,2023-24,Regular Season,1629639,Tyler Herro
22023,1629639,0022300353,2023-12-18,MIA vs. MIN,L,33,10,18,0.556,1,6,0.167,4,4,1.0,1,2,3,2,2,0,2,1,25,-1,1,2023-24,Regular Season,1629639,Tyler Herro
22023,1629639,0022300366,2023-12-20,MIA @ ORL,W,36,10,17,0.588,4,5,0.8,4,4,1.0,1,7,8,7,0,0,4,1,28,10,1,2023-24,Regular Season,1629639,Tyler Herro
22023,1629639,0022300384,2023-12-22,MIA vs. ATL,W,34,11,21,0.524,7,13,0.538,1,2,0.5,0,7,7,2,1,0,4,1,30,7,1,2023-24,Regular Season,1629639,Tyler Herro
22023,1629639,0022300404,2023-12-25,MIA vs. PHI,W,38,8,25,0.32,4,11,0.364,2,3,0.667,2,4,6,5,1,1,4,1,22,-5,1,2023-24,Regular Season,1629639,Tyler Herro
22023,1629639,0022300426,2023-12-28,MIA @ GSW,W,31,10,18,0.556,3,7,0.429,3,4,0.75,0,7,7,2,1,0,2,0,26,11,1,2023-24,Regular Season,1629639,Tyler Herro
22023,1629639,0022300439,2023-12-30,MIA @ UTA,L,39,9,22,0.409,2,7,0.286,5,5,1.0,2,4,6,6,1,1,1,2,25,-1,1,2023-24,Regular Season,1629639,Tyler Herro
22023,1629639,0022300458,2024-01-01,MIA @ LAC,L,35,4,13,0.308,4,8,0.5,0,0,0.0,0,6,6,6,2,0,3,1,12,-29,1,2023-24,Regular Season,1629639,Tyler Herro
22023,1629639,0022300475,2024-01-03,MIA @ LAL,W,28,7,19,0.368,4,8,0.5,3,3,1.0,0,6,6,4,3,0,2,3,21,5,1,2023-24,Regular Season,1629639,Tyler Herro
22023,1629639,0022300489,2024-01-05,MIA @ PHX,L,35,4,17,0.235,1,7,0.143,0,0,0.0,0,4,4,6,0,0,1,2,9,-25,1,2023-24,Regular Season,1629639,Tyler Herro
22023,1629639,0022300509,2024-01-08,MIA vs. HOU,W,34,10,20,0.5,5,10,0.5,3,3,1.0,2,1,3,3,0,0,1,2,28,1,1,2023-24,Regular Season,1629639,Tyler Herro
22023,1629639,0022300522,2024-01-10,MIA vs. OKC,L,36,7,21,0.333,1,5,0.2,2,4,0.5,0,5,5,6,3,0,1,1,17,9,1,2023-24,Regular Season,1629639,Tyler Herro
22023,1629639,0022300551,2024-01-14,MIA vs. CHA,W,28,7,15,0.467,4,9,0.444,3,4,0.75,1,6,7,4,1,0,3,1,21,12,1,2023-24,Regular Season,1629639,Tyler Herro
22023,1629639,0022300562,2024-01-15,MIA @ BKN,W,38,11,22,0.5,4,11,0.364,3,4,0.75,1,10,11,2,0,0,4,3,29,16,1,2023-24,Regular Season,1629639,Tyler Herro
22023,1629639,0022300574,2024-01-17,MIA @ TOR,L,32,7,20,0.35,2,9,0.222,0,0,0.0,1,6,7,3,0,0,3,2,16,-8,1,2023-24,Regular Season,1629639,Tyler Herro
22023,1629639,0022300587,2024-01-19,MIA vs. ATL,L,35,10,19,0.526,4,9,0.444,1,1,1.0,0,6,6,2,1,0,2,4,25,0,1,2023-24,Regular Season,1629639,Tyler Herro
22023,1629639,0022300601,2024-01-21,MIA @ ORL,L,33,4,14,0.286,4,11,0.364,0,0,0.0,1,0,1,2,1,0,2,1,12,-16,1,2023-24,Regular Season,1629639,Tyler Herro
22023,1629639,0022300621,2024-01-24,MIA vs. MEM,L,38,8,15,0.533,2,6,0.333,0,0,0.0,0,6,6,3,0,0,4,1,18,-9,1,2023-24,Regular Season,1629639,Tyler Herro
22023,1629639,0022300630,2024-01-25,MIA vs. BOS,L,29,7,14,0.5,5,10,0.5,0,0,0.0,0,3,3,6,1,0,1,0,19,-24,1,2023-24,Regular Season,1629639,Tyler Herro
22023,1629639,0022300643,2024-01-27,MIA @ NYK,L,35,7,18,0.389,4,11,0.364,0,0,0.0,0,1,1,3,0,0,1,2,18,-17,1,2023-24,Regular Season,1629639,Tyler Herro
22023,1629639,0022300661,2024-01-29,MIA vs. PHX,L,34,5,18,0.278,5,12,0.417,2,2,1.0,0,6,6,4,0,0,0,1,17,6,1,2023-24,Regular Season,1629639,Tyler Herro
22023,1629639,0022300678,2024-01-31,MIA vs. SAC,W,31,4,9,0.444,2,4,0.5,4,6,0.667,1,7,8,8,0,0,2,1,14,-1,1,2023-24,Regular Season,1629639,Tyler Herro
22023,1629639,0022300689,2024-02-02,MIA @ WAS,W,32,6,19,0.316,3,8,0.375,0,0,0.0,0,4,4,5,0,0,2,2,15,-3,1,2023-24,Regular Season,1629639,Tyler Herro
22023,1629639,0022300721,2024-02-06,MIA vs. ORL,W,26,6,13,0.462,2,5,0.4,0,0,0.0,0,3,3,4,0,0,1,0,14,22,1,2023-24,Regular Season,1629639,Tyler Herro
22023,1629639,0022300730,2024-02-07,MIA vs. SAS,W,29,10,15,0.667,4,7,0.571,0,0,0.0,1,5,6,7,0,0,1,1,24,16,1,2023-24,Regular Season,1629639,Tyler Herro
22023,1629639,0022300759,2024-02-11,MIA vs. BOS,L,39,10,21,0.476,4,12,0.333,0,0,0.0,0,5,5,4,0,0,1,1,24,-4,1,2023-24,Regular Season,1629639,Tyler Herro
22023,1629639,0022300773,2024-02-13,MIA @ MIL,W,30,7,16,0.438,3,8,0.375,2,2,1.0,0,3,3,5,0,0,1,0,19,15,1,2023-24,Regular Season,1629639,Tyler Herro
22023,1629639,0022300779,2024-02-14,MIA @ PHI,W,38,10,23,0.435,1,8,0.125,2,3,0.667,1,6,7,7,0,0,3,1,23,-1,1,2023-24,Regular Season,1629639,Tyler Herro
22023,1629639,0022300810,2024-02-23,MIA @ NOP,W,31,6,14,0.429,3,5,0.6,0,0,0.0,0,6,6,3,0,1,1,2,15,2,1,2023-24,Regular Season,1629639,Tyler Herro
22023,1629639,0022301120,2024-04-05,MIA @ HOU,W,25,7,14,0.5,1,4,0.25,2,4,0.5,0,5,5,6,0,0,0,1,17,11,1,2023-24,Regular Season,1629639,Tyler Herro
22023,1629639,0022301133,2024-04-07,MIA @ IND,L,31,6,12,0.5,3,7,0.429,6,6,1.0,0,5,5,1,0,0,1,3,21,0,1,2023-24,Regular Season,1629639,Tyler Herro
22023,1629639,0022301147,2024-04-09,MIA @ ATL,W,48,13,25,0.52,4,13,0.308,3,4,0.75,0,5,5,4,0,0,3,4,33,15,1,2023-24,Regular Season,1629639,Tyler Herro
22023,1629639,0022301161,2024-04-10,MIA vs. DAL,L,36,6,15,0.4,2,5,0.4,7,7,1.0,1,6,7,6,0,0,4,0,21,-5,1,2023-24,Regular Season,1629639,Tyler Herro
22023,1629639,0022301176,2024-04-12,MIA vs. TOR,W,29,4,10,0.4,3,6,0.5,6,6,1.0,0,3,3,5,0,0,2,3,17,11,1,2023-24,Regular Season,1629639,Tyler Herro
22023,1629639,0022301189,2024-04-14,MIA vs. TOR,W,29,5,11,0.455,2,5,0.4,5,5,1.0,0,6,6,8,1,0,6,1,17,22,1,2023-24,Regular Season,1629639,Tyler Herro
42023,1629639,0042300101,2024-04-21,MIA @ BOS,L,34,4,13,0.308,3,9,0.333,0,0,0.0,0,4,4,4,1,0,2,1,11,-12,1,2023-24,Playoffs,1629639,Tyler Herro
42023,1629639,0042300102,2024-04-24,MIA @ BOS,W,39,7,13,0.538,6,11,0.545,4,4,1.0,0,5,5,14,1,0,3,3,24,21,1,2023-24,Playoffs,1629639,Tyler Herro
42023,1629639,0042300103,2024-04-27,MIA vs. BOS,L,33,5,16,0.313,3,9,0.333,2,2,1.0,0,2,2,2,0,0,4,2,15,-16,1,2023-24,Playoffs,1629639,Tyler Herro
42023,1629639,0042300104,2024-04-29,MIA vs. BOS,L,44,8,17,0.471,2,6,0.333,1,2,0.5,0,4,4,4,0,0,5,1,19,-8,1,2023-24,Playoffs,1629639,Tyler Herro
42023,1629639,0042300105,2024-05-01,MIA @ BOS,L,35,6,19,0.316,1,8,0.125,2,2,1.0,0,3,3,3,0,0,0,3,15,-28,1,2023-24,Playoffs,1629639,Tyler Herro
22023,1628374,0022300072,2023-10-25,UTA vs. SAC,L,32,6,15,0.4,2,6,0.333,5,6,0.833,2,8,10,1,2,0,1,1,19,-7,1,2023-24,Regular Season,1628374,Lauri Markkanen
22023,1628374,0022300085,2023-10-27,UTA vs. LAC,W,35,12,23,0.522,5,13,0.385,6,6,1.0,5,7,12,3,0,0,3,2,35,11,1,2023-24,Regular Season,1628374,Lauri Markkanen
22023,1628374,0022300094,2023-10-28,UTA @ PHX,L,28,7,13,0.538,5,7,0.714,0,0,0.0,0,3,3,0,1,2,1,1,19,-21,1,2023-24,Regular Season,1628374,Lauri Markkanen
22023,1628374,0022300110,2023-10-30,UTA @ DEN,L,38,10,24,0.417,5,13,0.385,2,2,1.0,5,9,14,5,0,1,2,2,27,3,1,2023-24,Regular Season,1628374,Lauri Markkanen
22023,1628374,0022300125,2023-11-01,UTA vs. MEM,W,28,6,11,0.545,4,6,0.667,3,3,1.0,1,10,11,1,1,0,0,5,19,10,1,2023-24,Regular Season,1628374,Lauri Markkanen
22023,1628374,0022300130,2023-11-02,UTA vs. ORL,L,33,9,17,0.529,4,10,0.4,0,2,0.0,1,6,7,1,2,0,3,4,22,2,1,2023-24,Regular Season,1628374,Lauri Markkanen
22023,1628374,0022300138,2023-11-04,UTA @ MIN,L,35,7,20,0.35,4,11,0.364,4,5,0.8,4,4,8,1,0,1,2,4,22,-16,1,2023-24,Regular Season,1628374,Lauri Markkanen
22023,1628374,0022300152,2023-11-06,UTA @ CHI,L,34,8,15,0.533,5,12,0.417,8,8,1.0,1,4,5,3,0,1,1,2,29,-12,1,2023-24,Regular Season,1628374,Lauri Markkanen
22023,1628374,0022300158,2023-11-08,UTA @ IND,L,35,8,16,0.5,3,5,0.6,5,6,0.833,5,4,9,0,1,1,1,1,24,-12,1,2023-24,Regular Season,1628374,Lauri Markkanen
22023,1628374,0022300012,2023-11-10,UTA @ MEM,W,37,8,13,0.615,4,9,0.444,6,6,1.0,0,7,7,1,2,2,3,3,26,-1,1,2023-24,Regular Season,1628374,Lauri Markkanen
22023,1628374,0022300023,2023-11-14,UTA vs. POR,W,31,8,18,0.444,2,9,0.222,3,4,0.75,1,8,9,0,1,1,0,1,21,9,1,2023-24,Regular Season,1628374,Lauri Markkanen
22023,1628374,0022300035,2023-11-17,UTA vs. PHX,L,40,5,12,0.417,1,4,0.25,10,12,0.833,0,2,2,0,1,2,0,1,21,1,1,2023-24,Regular Season,1628374,Lauri Markkanen
22023,1628374,0022300214,2023-11-19,UTA vs. PHX,L,50,15,27,0.556,2,10,0.2,6,9,0.667,7,10,17,0,2,2,1,3,38,2,1,2023-24,Regular Season,1628374,Lauri Markkanen
22023,1628374,0022300042,2023-11-21,UTA @ LAL,L,23,4,10,0.4,2,7,0.286,0,0,0.0,1,7,8,0,1,0,0,2,10,-9,1,2023-24,Regular Season,1628374,Lauri Markkanen
22023,1628374,0022300237,2023-11-22,UTA @ POR,L,34,9,18,0.5,1,6,0.167,5,6,0.833,3,5,8,0,3,0,2,2,24,-1,1,2023-24,Regular Season,1628374,Lauri Markkanen
22023,1628374,0022300318,2023-12-13,UTA vs. NYK,W,25,7,13,0.538,4,8,0.5,5,7,0.714,0,7,7,0,0,0,0,2,23,-14,1,2023-24,Regular Season,1628374,Lauri Markkanen
22023,1628374,0022300342,2023-12-16,UTA @ SAC,L,28,7,13,0.538,2,5,0.4,2,2,1.0,1,5,6,3,0,0,2,2,18,-2,1,2023-24,Regular Season,1628374,Lauri Markkanen
22023,1628374,0022300357,2023-12-18,UTA vs. BKN,W,29,6,14,0.429,1,5,0.2,7,7,1.0,1,9,10,4,0,1,2,1,20,15,1,2023-24,Regular Season,1628374,Lauri Markkanen
22023,1628374,0022300364,2023-12-20,UTA @ CLE,L,36,8,18,0.444,3,9,0.333,7,8,0.875,2,8,10,1,0,0,0,3,26,-7,1,2023-24,Regular Season,1628374,Lauri Markkanen
22023,1628374,0022300395,2023-12-23,UTA @ TOR,W,39,12,21,0.571,4,10,0.4,2,2,1.0,2,7,9,5,3,0,1,2,30,9,1,2023-24,Regular Season,1628374,Lauri Markkanen
22023,1628374,0022300412,2023-12-26,UTA @ SAS,W,31,12,17,0.706,5,9,0.556,2,2,1.0,3,9,12,2,1,0,1,3,31,20,1,2023-24,Regular Season,1628374,Lauri Markkanen
22023,1628374,0022300424,2023-12-28,UTA @ NOP,L,35,7,19,0.368,3,12,0.25,7,7,1.0,6,4,10,5,1,0,2,0,24,2,1,2023-24,Regular Season,1628374,Lauri Markkanen
22023,1628374,0022300439,2023-12-30,UTA vs. MIA,W,26,4,13,0.308,1,8,0.125,3,4,0.75,2,3,5,1,2,0,0,4,12,1,1,2023-24,Regular Season,1628374,Lauri Markkanen
22023,1628374,0022300457,2024-01-01,UTA vs. DAL,W,25,6,12,0.5,4,8,0.5,1,1,1.0,2,2,4,1,1,1,1,0,17,8,1,2023-24,Regular Season,1628374,Lauri Markkanen
22023,1628374,0022300474,2024-01-03,UTA vs. DET,W,38,10,18,0.556,4,8,0.5,7,8,0.875,2,5,7,0,0,1,1,1,31,12,1,2023-24,Regular Season,1628374,Lauri Markkanen
22023,1628374,0022300479,2024-01-05,UTA @ BOS,L,23,7,16,0.438,2,7,0.286,1,2,0.5,4,1,5,5,0,0,0,1,17,-14,1,2023-24,Regular Season,1628374,Lauri Markkanen
22023,1628374,0022300495,2024-01-06,UTA @ PHI,W,35,12,19,0.632,5,9,0.556,4,5,0.8,4,9,13,1,0,1,1,2,33,8,1,2023-24,Regular Season,1628374,Lauri Markkanen
22023,1628374,0022300510,2024-01-08,UTA @ MIL,W,32,5,15,0.333,4,10,0.4,7,8,0.875,4,10,14,2,1,2,0,1,21,8,1,2023-24,Regular Season,1628374,Lauri Markkanen
22023,1628374,0022300524,2024-01-10,UTA vs. DEN,W,32,6,13,0.462,2,5,0.4,12,12,1.0,2,10,12,2,0,1,0,2,26,17,1,2023-24,Regular Season,1628374,Lauri Markkanen
22023,1628374,0022300540,2024-01-12,UTA vs. TOR,W,29,7,11,0.636,4,6,0.667,4,5,0.8,3,6,9,2,1,0,3,2,22,19,1,2023-24,Regular Season,1628374,Lauri Markkanen
22023,1628374,0022300549,2024-01-13,UTA vs. LAL,W,33,8,16,0.5,3,6,0.5,10,11,0.909,2,7,9,5,2,1,0,0,29,16,1,2023-24,Regular Season,1628374,Lauri Markkanen
22023,1628374,0022300564,2024-01-15,UTA vs. IND,W,28,10,15,0.667,2,4,0.5,10,10,1.0,2,8,10,3,0,0,1,1,32,25,1,2023-24,Regular Season,1628374,Lauri Markkanen
22023,1628374,0022300581,2024-01-18,UTA vs. OKC,L,36,7,13,0.538,2,4,0.5,10,11,0.909,1,9,10,4,1,0,1,0,26,0,1,2023-24,Regular Season,1628374,Lauri Markkanen
22023,1628374,0022300598,2024-01-20,UTA @ HOU,L,39,8,18,0.444,3,11,0.273,3,4,0.75,3,6,9,1,0,0,3,2,22,8,1,2023-24,Regular Season,1628374,Lauri Markkanen
22023,1628374,0022300616,2024-01-23,UTA @ NOP,L,27,4,15,0.267,1,5,0.2,2,2,1.0,2,2,4,1,0,0,1,0,11,-14,1,2023-24,Regular Season,1628374,Lauri Markkanen
22023,1628374,0022300628,2024-01-25,UTA @ WAS,W,33,11,20,0.55,6,12,0.5,1,2,0.5,1,6,7,5,3,0,3,3,29,11,1,2023-24,Regular Season,1628374,Lauri Markkanen
22023,1628374,0022300647,2024-01-27,UTA @ CHA,W,36,12,18,0.667,7,12,0.583,2,2,1.0,3,9,12,3,1,0,2,5,33,19,1,2023-24,Regular Season,1628374,Lauri Markkanen
22023,1628374,0022300660,2024-01-29,UTA @ BKN,L,27,4,12,0.333,1,4,0.25,4,4,1.0,4,5,9,2,0,0,3,2,13,-19,1,2023-24,Regular Season,1628374,Lauri Markkanen
22023,1628374,0022300671,2024-01-30,UTA @ NYK,L,34,5,14,0.357,2,8,0.25,2,2,1.0,2,3,5,1,1,0,0,1,14,-10,1,2023-24,Regular Season,1628374,Lauri Markkanen
22023,1628374,0022300686,2024-02-01,UTA vs. PHI,L,33,10,15,0.667,4,9,0.444,4,4,1.0,2,8,10,3,1,0,0,2,28,1,1,2023-24,Regular Season,1628374,Lauri Markkanen
22023,1628374,0022300711,2024-02-04,UTA vs. MIL,W,36,8,15,0.533,5,10,0.5,0,0,0.0,1,2,3,2,1,0,2,4,21,20,1,2023-24,Regular Season,1628374,Lauri Markkanen
22023,1628374,0022300724,2024-02-06,UTA vs. OKC,W,36,12,18,0.667,5,7,0.714,4,4,1.0,3,8,11,2,1,0,2,3,33,15,1,2023-24,Regular Season,1628374,Lauri Markkanen
22023,1628374,0022300739,2024-02-08,UTA @ PHX,L,34,8,15,0.533,2,6,0.333,4,4,1.0,0,5,5,1,0,0,4,1,22,-8,1,2023-24,Regular Season,1628374,Lauri Markkanen
22023,1628374,0022300769,2024-02-12,UTA vs. GSW,L,34,8,17,0.471,3,7,0.429,0,0,0.0,0,5,5,0,1,0,1,1,19,-26,1,2023-24,Regular Season,1628374,Lauri Markkanen
22023,1628374,0022300788,2024-02-14,UTA vs. LAL,L,34,6,15,0.4,2,7,0.286,2,2,1.0,2,6,8,1,0,1,2,1,16,-16,1,2023-24,Regular Season,1628374,Lauri Markkanen
22023,1628374,0022300576,2024-02-15,UTA vs. GSW,L,34,6,23,0.261,4,11,0.364,4,4,1.0,5,9,14,3,0,0,1,1,20,8,1,2023-24,Regular Season,1628374,Lauri Markkanen
22023,1628374,0022300801,2024-02-22,UTA vs. CHA,L,37,5,14,0.357,2,9,0.222,9,10,0.9,1,8,9,6,0,0,2,2,21,-11,1,2023-24,Regular Season,1628374,Lauri Markkanen
22023,1628374,0022300825,2024-02-25,UTA vs. SAS,W,32,10,18,0.556,5,8,0.625,1,1,1.0,1,6,7,4,2,1,1,0,26,8,1,2023-24,Regular Season,1628374,Lauri Markkanen
22023,1628374,0022300835,2024-02-27,UTA @ ATL,L,26,4,13,0.308,0,6,0.0,3,4,0.75,2,2,4,0,0,0,2,0,11,-23,1,2023-24,Regular Season,1628374,Lauri Markkanen
22023,1628374,0022300850,2024-02-29,UTA @ ORL,L,34,6,15,0.4,4,7,0.571,2,2,1.0,2,1,3,0,1,0,1,2,18,0,1,2023-24,Regular Season,1628374,Lauri Markkanen
22023,1628374,0022300867,2024-03-02,UTA @ MIA,L,41,5,15,0.333,4,9,0.444,11,12,0.917,2,2,4,6,2,1,1,4,25,6,1,2023-24,Regular Season,1628374,Lauri Markkanen
22023,1628374,0022300987,2024-03-18,UTA vs. MIN,L,31,8,16,0.5,1,5,0.2,5,5,1.0,3,9,12,1,2,1,6,1,22,-7,1,2023-24,Regular Season,1628374,Lauri Markkanen
22023,1628374,0022301008,2024-03-21,UTA @ DAL,L,36,6,20,0.3,1,9,0.111,8,8,1.0,0,3,3,2,2,0,0,1,21,-19,1,2023-24,Regular Season,1628374,Lauri Markkanen
22023,1628374,0022301041,2024-03-25,UTA vs. DAL,L,34,10,19,0.526,6,9,0.667,8,8,1.0,3,4,7,2,1,1,1,2,34,-2,1,2023-24,Regular Season,1628374,Lauri Markkanen
22023,1628374,0022301058,2024-03-27,UTA vs. SAS,L,42,8,17,0.471,3,7,0.429,6,6,1.0,1,5,6,2,1,0,3,1,25,-3,1,2023-24,Regular Season,1628374,Lauri Markkanen
22023,1630578,0022300066,2023-10-25,HOU @ ORL,L,28,6,11,0.545,0,1,0.0,2,4,0.5,2,6,8,6,0,0,1,4,14,-4,1,2023-24,Regular Season,1630578,Alperen Sengun
22023,1630578,0022300083,2023-10-27,HOU @ SAS,L,41,11,18,0.611,1,3,0.333,2,6,0.333,6,8,14,7,2,1,6,6,25,-4,1,2023-24,Regular Season,1630578,Alperen Sengun
22023,1630578,0022300096,2023-10-29,HOU vs. GSW,L,33,7,15,0.467,1,2,0.5,4,4,1.0,4,1,5,7,0,0,0,3,19,-10,1,2023-24,Regular Season,1630578,Alperen Sengun
22023,1630578,0022300122,2023-11-01,HOU vs. CHA,W,27,9,12,0.75,1,1,1.0,0,1,0.0,1,6,7,4,1,0,1,1,19,9,1,2023-24,Regular Season,1630578,Alperen Sengun
22023,1630578,0022300137,2023-11-04,HOU vs. SAC,W,34,7,13,0.538,1,3,0.333,0,0,0.0,0,9,9,6,2,0,2,2,15,27,1,2023-24,Regular Season,1630578,Alperen Sengun
22023,1630578,0022300153,2023-11-06,HOU vs. SAC,W,26,7,13,0.538,0,2,0.0,3,4,0.75,2,6,8,12,1,0,1,3,17,30,1,2023-24,Regular Season,1630578,Alperen Sengun
22023,1630578,0022300163,2023-11-08,HOU vs. LAL,W,25,8,10,0.8,0,0,0.0,3,4,0.75,0,7,7,4,0,0,1,1,19,18,1,2023-24,Regular Season,1630578,Alperen Sengun
22023,1630578,0022300011,2023-11-10,HOU vs. NOP,W,34,11,15,0.733,0,2,0.0,2,5,0.4,4,4,8,3,2,1,4,3,24,-2,1,2023-24,Regular Season,1630578,Alperen Sengun
22023,1630578,0022300182,2023-11-12,HOU vs. DEN,W,35,9,18,0.5,0,2,0.0,5,6,0.833,4,4,8,5,1,2,3,2,23,-8,1,2023-24,Regular Season,1630578,Alperen Sengun
22023,1630578,0022300037,2023-11-17,HOU @ LAC,L,34,8,18,0.444,2,5,0.4,5,7,0.714,2,6,8,4,1,0,6,4,23,-17,1,2023-24,Regular Season,1630578,Alperen Sengun
22023,1630578,0022300216,2023-11-19,HOU @ LAL,L,31,11,16,0.688,1,2,0.5,0,0,0.0,2,8,10,5,0,1,4,4,23,21,1,2023-24,Regular Season,1630578,Alperen Sengun
22023,1630578,0022300224,2023-11-20,HOU @ GSW,L,37,13,23,0.565,2,3,0.667,2,5,0.4,7,6,13,5,1,1,3,4,30,6,1,2023-24,Regular Season,1630578,Alperen Sengun
22023,1630578,0022300231,2023-11-22,HOU vs. MEM,W,32,4,9,0.444,1,1,1.0,2,3,0.667,1,6,7,3,0,3,2,5,11,21,1,2023-24,Regular Season,1630578,Alperen Sengun
22023,1630578,0022300048,2023-11-24,HOU vs. DEN,W,43,8,19,0.421,0,4,0.0,5,6,0.833,1,14,15,8,2,1,5,4,21,12,1,2023-24,Regular Season,1630578,Alperen Sengun
22023,1630578,0022300059,2023-11-28,HOU @ DAL,L,35,10,19,0.526,0,2,0.0,11,14,0.786,4,5,9,6,0,1,3,2,31,-8,1,2023-24,Regular Season,1630578,Alperen Sengun
22023,1630578,0022300263,2023-11-29,HOU @ DEN,L,28,10,18,0.556,2,6,0.333,0,0,0.0,2,5,7,4,1,0,1,3,22,-19,1,2023-24,Regular Season,1630578,Alperen Sengun
22023,1630578,0022300291,2023-12-02,HOU @ LAL,L,34,8,25,0.32,3,8,0.375,2,2,1.0,3,10,13,5,2,2,0,2,21,-6,1,2023-24,Regular Season,1630578,Alperen Sengun
22023,1630578,0022301212,2023-12-06,HOU vs. OKC,W,35,8,13,0.615,0,2,0.0,5,11,0.455,1,5,6,7,1,2,4,4,21,12,1,2023-24,Regular Season,1630578,Alperen Sengun
22023,1630578,0022301224,2023-12-08,HOU @ DEN,W,34,7,14,0.5,0,1,0.0,3,5,0.6,2,8,10,7,0,1,1,3,17,11,1,2023-24,Regular Season,1630578,Alperen Sengun
22023,1630578,0022300298,2023-12-11,HOU vs. SAS,W,30,6,12,0.5,1,1,1.0,2,4,0.5,2,7,9,4,2,1,6,3,15,10,1,2023-24,Regular Season,1630578,Alperen Sengun
22023,1630578,0022300314,2023-12-13,HOU vs. MEM,W,24,2,8,0.25,0,1,0.0,5,6,0.833,1,9,10,2,0,0,2,4,9,-10,1,2023-24,Regular Season,1630578,Alperen Sengun
22023,1630578,0022300332,2023-12-15,HOU @ MEM,W,32,4,12,0.333,0,0,0.0,7,7,1.0,4,3,7,1,2,3,4,3,15,1,1,2023-24,Regular Season,1630578,Alperen Sengun
22023,1630578,0022300346,2023-12-17,HOU @ MIL,L,31,8,15,0.533,0,3,0.0,4,6,0.667,2,6,8,5,1,1,0,4,20,-7,1,2023-24,Regular Season,1630578,Alperen Sengun
22023,1630578,0022300349,2023-12-18,HOU @ CLE,L,31,11,20,0.55,1,3,0.333,1,2,0.5,4,4,8,6,1,0,4,5,24,-3,1,2023-24,Regular Season,1630578,Alperen Sengun
22023,1630578,0022300371,2023-12-20,HOU vs. ATL,L,27,7,12,0.583,0,0,0.0,0,0,0.0,2,7,9,5,0,1,0,2,14,-10,1,2023-24,Regular Season,1630578,Alperen Sengun
22023,1630578,0022300385,2023-12-22,HOU vs. DAL,W,25,8,12,0.667,1,1,1.0,5,5,1.0,2,13,15,3,0,0,0,2,22,30,1,2023-24,Regular Season,1630578,Alperen Sengun
22023,1630578,0022300392,2023-12-23,HOU @ NOP,W,38,11,21,0.524,1,1,1.0,14,17,0.824,4,7,11,6,1,1,2,4,37,-2,1,2023-24,Regular Season,1630578,Alperen Sengun
22023,1630578,0022300409,2023-12-26,HOU vs. IND,L,37,11,20,0.55,0,0,0.0,8,9,0.889,7,9,16,5,4,0,4,2,30,-8,1,2023-24,Regular Season,1630578,Alperen Sengun
22023,1630578,0022300418,2023-12-27,HOU vs. PHX,L,29,9,18,0.5,1,4,0.25,5,6,0.833,1,4,5,1,2,0,0,3,24,-11,1,2023-24,Regular Season,1630578,Alperen Sengun
22023,1630578,0022300434,2023-12-29,HOU vs. PHI,L,34,12,16,0.75,1,2,0.5,3,4,0.75,3,4,7,8,1,1,5,6,28,12,1,2023-24,Regular Season,1630578,Alperen Sengun
22023,1630578,0022300453,2024-01-01,HOU vs. DET,W,27,9,13,0.692,0,2,0.0,8,9,0.889,1,3,4,9,3,0,2,3,26,20,1,2023-24,Regular Season,1630578,Alperen Sengun
22023,1630578,0022300469,2024-01-03,HOU vs. BKN,W,34,11,17,0.647,0,2,0.0,8,10,0.8,4,4,8,4,3,1,2,1,30,17,1,2023-24,Regular Season,1630578,Alperen Sengun
22023,1630578,0022300485,2024-01-05,HOU vs. MIN,L,33,8,17,0.471,0,1,0.0,3,3,1.0,1,4,5,1,0,0,2,3,19,-16,1,2023-24,Regular Season,1630578,Alperen Sengun
22023,1630578,0022300496,2024-01-06,HOU vs. MIL,W,31,7,21,0.333,0,1,0.0,7,10,0.7,1,10,11,4,0,0,3,5,21,0,1,2023-24,Regular Season,1630578,Alperen Sengun
22023,1630578,0022300509,2024-01-08,HOU @ MIA,L,33,9,15,0.6,1,2,0.5,3,4,0.75,3,7,10,2,3,0,3,6,22,-10,1,2023-24,Regular Season,1630578,Alperen Sengun
22023,1630578,0022300523,2024-01-10,HOU @ CHI,L,41,11,19,0.579,0,3,0.0,3,8,0.375,2,7,9,5,2,0,2,5,25,-8,1,2023-24,Regular Season,1630578,Alperen Sengun
22023,1630578,0022300534,2024-01-12,HOU @ DET,W,37,12,19,0.632,0,1,0.0,5,7,0.714,0,6,6,1,1,0,4,3,29,10,1,2023-24,Regular Season,1630578,Alperen Sengun
22023,1630578,0022300542,2024-01-13,HOU @ BOS,L,24,8,17,0.471,0,2,0.0,3,3,1.0,2,8,10,3,4,0,3,3,19,-14,1,2023-24,Regular Season,1630578,Alperen Sengun
22023,1630578,0022300555,2024-01-15,HOU @ PHI,L,30,7,15,0.467,1,1,1.0,4,6,0.667,5,4,9,6,1,2,5,1,19,-4,1,2023-24,Regular Season,1630578,Alperen Sengun
22023,1630578,0022300573,2024-01-17,HOU @ NYK,L,40,7,16,0.438,0,1,0.0,4,7,0.571,3,7,10,5,1,4,3,3,18,-16,1,2023-24,Regular Season,1630578,Alperen Sengun
22023,1630578,0022300598,2024-01-20,HOU vs. UTA,W,42,15,26,0.577,1,1,1.0,6,10,0.6,8,6,14,6,1,1,1,4,37,-8,1,2023-24,Regular Season,1630578,Alperen Sengun
22023,1630578,0022300603,2024-01-21,HOU vs. BOS,L,36,10,18,0.556,0,2,0.0,4,4,1.0,2,10,12,10,1,0,6,2,24,-12,1,2023-24,Regular Season,1630578,Alperen Sengun
22023,1630578,0022300623,2024-01-24,HOU vs. POR,L,40,11,17,0.647,1,2,0.5,7,8,0.875,4,6,10,8,1,0,2,5,30,-9,1,2023-24,Regular Season,1630578,Alperen Sengun
22023,1630578,0022300635,2024-01-26,HOU @ CHA,W,25,5,7,0.714,0,0,0.0,1,2,0.5,2,4,6,7,0,1,2,2,11,18,1,2023-24,Regular Season,1630578,Alperen Sengun
22023,1630578,0022300645,2024-01-27,HOU @ BKN,L,28,6,13,0.462,0,1,0.0,3,4,0.75,5,6,11,2,0,0,3,2,15,-7,1,2023-24,Regular Season,1630578,Alperen Sengun
22023,1630578,0022300662,2024-01-29,HOU vs. LAL,W,39,14,23,0.609,1,4,0.25,2,4,0.5,3,9,12,7,2,1,4,4,31,15,1,2023-24,Regular Season,1630578,Alperen Sengun
22023,1630578,0022300679,2024-01-31,HOU vs. NOP,L,34,4,11,0.364,0,1,0.0,2,2,1.0,2,8,10,5,2,0,2,3,10,-5,1,2023-24,Regular Season,1630578,Alperen Sengun
22023,1630578,0022300692,2024-02-02,HOU vs. TOR,W,29,10,14,0.714,1,2,0.5,3,3,1.0,1,12,13,8,0,0,2,4,24,23,1,2023-24,Regular Season,1630578,Alperen Sengun
22023,1630578,0022300709,2024-02-04,HOU @ MIN,L,30,7,14,0.5,1,1,1.0,0,2,0.0,4,6,10,1,1,1,3,4,15,-14,1,2023-24,Regular Season,1630578,Alperen Sengun
22023,1630578,0022300719,2024-02-06,HOU @ IND,L,36,7,15,0.467,0,1,0.0,6,8,0.75,5,5,10,6,1,0,1,2,20,8,1,2023-24,Regular Season,1630578,Alperen Sengun
22023,1630578,0022300744,2024-02-09,HOU @ TOR,L,21,3,7,0.429,0,0,0.0,1,2,0.5,3,4,7,1,0,0,2,3,7,-21,1,2023-24,Regular Season,1630578,Alperen Sengun
22023,1630578,0022300765,2024-02-12,HOU vs. NYK,W,36,6,10,0.6,0,0,0.0,6,8,0.75,0,3,3,6,1,3,3,3,18,-6,1,2023-24,Regular Season,1630578,Alperen Sengun
22023,1630578,0022300783,2024-02-14,HOU @ MEM,L,34,8,16,0.5,1,2,0.5,2,7,0.286,3,2,5,6,1,1,1,6,19,-6,1,2023-24,Regular Season,1630578,Alperen Sengun
22023,1630578,0022300798,2024-02-22,HOU @ NOP,L,27,6,9,0.667,1,1,1.0,7,10,0.7,2,7,9,2,1,0,3,3,20,-15,1,2023-24,Regular Season,1630578,Alperen Sengun
22023,1630578,0022300806,2024-02-23,HOU vs. PHX,W,35,6,15,0.4,0,1,0.0,5,8,0.625,6,6,12,4,0,1,2,4,17,6,1,2023-24,Regular Season,1630578,Alperen Sengun
22023,1630578,0022300822,2024-02-25,HOU vs. OKC,L,29,6,12,0.5,1,3,0.333,6,7,0.857,5,7,12,2,1,1,6,4,19,-4,1,2023-24,Regular Season,1630578,Alperen Sengun
22023,1630578,0022300841,2024-02-27,HOU @ OKC,L,36,8,13,0.615,0,1,0.0,7,12,0.583,3,8,11,6,2,2,5,2,23,-11,1,2023-24,Regular Season,1630578,Alperen Sengun
22023,1630578,0022300854,2024-02-29,HOU @ PHX,L,23,3,7,0.429,0,1,0.0,2,2,1.0,1,2,3,4,0,0,1,6,8,-17,1,2023-24,Regular Season,1630578,Alperen Sengun
22023,1630578,0022300870,2024-03-02,HOU @ PHX,W,33,9,21,0.429,0,2,0.0,3,4,0.75,5,5,10,2,2,1,3,4,21,16,1,2023-24,Regular Season,1630578,Alperen Sengun
22023,1630578,0022300891,2024-03-05,HOU vs. SAS,W,37,19,32,0.594,2,3,0.667,5,7,0.714,6,10,16,3,5,1,2,3,45,18,1,2023-24,Regular Season,1630578,Alperen Sengun
22023,1630578,0022300897,2024-03-06,HOU vs. LAC,L,42,10,19,0.526,0,0,0.0,3,8,0.375,6,13,19,14,2,0,3,4,23,2,1,2023-24,Regular Season,1630578,Alperen Sengun
22023,1630578,0022300916,2024-03-08,HOU @ POR,W,32,7,15,0.467,0,0,0.0,5,8,0.625,5,4,9,6,1,1,1,2,19,2,1,2023-24,Regular Season,1630578,Alperen Sengun
22023,1630578,0022300929,2024-03-10,HOU @ SAC,W,29,7,14,0.5,0,0,0.0,0,2,0.0,0,6,6,2,2,0,0,4,14,5,1,2023-24,Regular Season,1630578,Alperen Sengun
22023,1630595,0022300068,2023-10-25,DET @ MIA,L,36,13,27,0.481,4,9,0.444,0,0,0.0,0,3,3,9,1,1,3,5,30,-2,1,2023-24,Regular Season,1630595,Cade Cunningham
22023,1630595,0022300077,2023-10-27,DET @ CHA,W,24,4,13,0.308,2,5,0.4,2,2,1.0,1,1,2,6,1,0,5,6,12,7,1,2023-24,Regular Season,1630595,Cade Cunningham
22023,1630595,0022300088,2023-10-28,DET vs. CHI,W,40,9,19,0.474,1,4,0.25,6,7,0.857,0,4,4,10,0,0,6,3,25,10,1,2023-24,Regular Season,1630595,Cade Cunningham
22023,1630595,0022300109,2023-10-30,DET @ OKC,L,35,5,15,0.333,3,7,0.429,4,5,0.8,0,2,2,5,0,0,7,1,17,-14,1,2023-24,Regular Season,1630595,Cade Cunningham
22023,1630595,0022300115,2023-11-01,DET vs. POR,L,37,11,27,0.407,5,9,0.556,3,3,1.0,0,5,5,4,1,0,6,3,30,-7,1,2023-24,Regular Season,1630595,Cade Cunningham
22023,1630595,0022300129,2023-11-02,DET @ NOP,L,34,8,22,0.364,2,7,0.286,4,5,0.8,0,2,2,11,1,0,6,4,22,3,1,2023-24,Regular Season,1630595,Cade Cunningham
22023,1630595,0022300140,2023-11-05,DET vs. PHX,L,39,12,24,0.5,0,6,0.0,2,3,0.667,1,2,3,6,0,1,6,2,26,-21,1,2023-24,Regular Season,1630595,Cade Cunningham
22023,1630595,0022300145,2023-11-06,DET vs. GSW,L,40,7,18,0.389,1,6,0.167,6,7,0.857,0,4,4,5,2,0,5,2,21,-9,1,2023-24,Regular Season,1630595,Cade Cunningham
22023,1630595,0022300165,2023-11-08,DET @ MIL,L,39,11,27,0.407,2,8,0.25,9,10,0.9,2,6,8,8,0,0,5,2,33,-8,1,2023-24,Regular Season,1630595,Cade Cunningham
22023,1630595,0022300008,2023-11-10,DET vs. PHI,L,36,8,18,0.444,1,5,0.2,4,4,1.0,1,3,4,7,0,0,4,5,21,-5,1,2023-24,Regular Season,1630595,Cade Cunningham
22023,1630595,0022300181,2023-11-12,DET @ CHI,L,38,4,15,0.267,0,5,0.0,2,2,1.0,0,3,3,5,0,1,1,4,10,-24,1,2023-24,Regular Season,1630595,Cade Cunningham
22023,1630595,0022300018,2023-11-14,DET vs. ATL,L,38,4,14,0.286,1,3,0.333,0,0,0.0,1,2,3,12,3,0,6,3,9,-11,1,2023-24,Regular Season,1630595,Cade Cunningham
22023,1630595,0022300030,2023-11-17,DET @ CLE,L,34,9,21,0.429,2,7,0.286,0,0,0.0,1,4,5,8,0,0,4,4,20,5,1,2023-24,Regular Season,1630595,Cade Cunningham
22023,1630595,0022300211,2023-11-19,DET @ TOR,L,27,7,17,0.412,3,5,0.6,1,3,0.333,2,3,5,4,0,0,3,2,18,-22,1,2023-24,Regular Season,1630595,Cade Cunningham
22023,1630595,0022300218,2023-11-20,DET vs. DEN,L,38,7,17,0.412,2,4,0.5,11,11,1.0,0,2,2,9,3,1,5,2,27,7,1,2023-24,Regular Season,1630595,Cade Cunningham
22023,1630595,0022300047,2023-11-24,DET @ IND,L,38,10,26,0.385,2,4,0.5,9,9,1.0,0,3,3,5,0,0,4,0,31,-12,1,2023-24,Regular Season,1630595,Cade Cunningham
22023,1630595,0022300253,2023-11-27,DET vs. WAS,L,32,10,22,0.455,2,7,0.286,4,4,1.0,1,4,5,7,1,0,1,2,26,-12,1,2023-24,Regular Season,1630595,Cade Cunningham
22023,1630595,0022300258,2023-11-29,DET vs. LAL,L,23,6,15,0.4,2,4,0.5,1,1,1.0,0,4,4,5,1,0,2,1,15,-33,1,2023-24,Regular Season,1630595,Cade Cunningham
22023,1630595,0022300268,2023-11-30,DET @ NYK,L,37,12,20,0.6,4,9,0.444,3,4,0.75,0,2,2,8,2,0,7,2,31,1,1,2023-24,Regular Season,1630595,Cade Cunningham
22023,1630595,0022300283,2023-12-02,DET vs. CLE,L,37,8,20,0.4,3,6,0.5,4,4,1.0,0,8,8,11,2,0,1,3,23,13,1,2023-24,Regular Season,1630595,Cade Cunningham
22023,1630595,0022301206,2023-12-06,DET vs. MEM,L,34,6,14,0.429,1,5,0.2,3,3,1.0,0,4,4,10,2,1,5,2,16,-1,1,2023-24,Regular Season,1630595,Cade Cunningham
22023,1630595,0022301217,2023-12-08,DET @ ORL,L,32,8,15,0.533,2,6,0.333,3,4,0.75,1,2,3,6,1,0,3,1,21,-20,1,2023-24,Regular Season,1630595,Cade Cunningham
22023,1630595,0022300293,2023-12-11,DET vs. IND,L,38,11,21,0.524,1,6,0.167,0,0,0.0,0,6,6,7,1,0,3,3,23,-8,1,2023-24,Regular Season,1630595,Cade Cunningham
22023,1630595,0022300310,2023-12-13,DET vs. PHI,L,30,5,17,0.294,1,8,0.125,10,12,0.833,1,5,6,7,0,0,1,3,21,-23,1,2023-24,Regular Season,1630595,Cade Cunningham
22023,1630595,0022300327,2023-12-15,DET @ PHI,L,24,2,9,0.222,0,2,0.0,0,0,0.0,0,3,3,2,1,1,3,3,4,-32,1,2023-24,Regular Season,1630595,Cade Cunningham
22023,1630595,0022300334,2023-12-16,DET @ MIL,L,31,10,17,0.588,0,2,0.0,5,6,0.833,0,1,1,6,1,0,2,3,25,-13,1,2023-24,Regular Season,1630595,Cade Cunningham
22023,1630595,0022300352,2023-12-18,DET @ ATL,L,44,16,24,0.667,3,5,0.6,8,9,0.889,1,4,5,7,3,1,3,1,43,-2,1,2023-24,Regular Season,1630595,Cade Cunningham
22023,1630595,0022300374,2023-12-21,DET vs. UTA,L,39,10,22,0.455,2,6,0.333,6,7,0.857,1,5,6,10,2,1,6,2,28,1,1,2023-24,Regular Season,1630595,Cade Cunningham
22023,1630595,0022300394,2023-12-23,DET @ BKN,L,33,9,20,0.45,1,5,0.2,3,4,0.75,0,3,3,6,0,0,2,4,22,-5,1,2023-24,Regular Season,1630595,Cade Cunningham
22023,1630595,0022300406,2023-12-26,DET vs. BKN,L,37,15,21,0.714,3,4,0.75,8,10,0.8,1,8,9,5,1,1,3,4,41,5,1,2023-24,Regular Season,1630595,Cade Cunningham
22023,1630595,0022300421,2023-12-28,DET @ BOS,L,43,12,22,0.545,4,6,0.667,3,4,0.75,1,5,6,9,3,2,6,3,31,4,1,2023-24,Regular Season,1630595,Cade Cunningham
22023,1630595,0022300440,2023-12-30,DET vs. TOR,W,38,9,20,0.45,2,4,0.5,10,10,1.0,0,3,3,12,1,0,0,4,30,1,1,2023-24,Regular Season,1630595,Cade Cunningham
22023,1630595,0022300453,2024-01-01,DET @ HOU,L,30,3,16,0.188,0,5,0.0,0,1,0.0,0,1,1,10,0,0,4,2,6,-21,1,2023-24,Regular Season,1630595,Cade Cunningham
22023,1630595,0022300474,2024-01-03,DET @ UTA,L,40,12,21,0.571,3,7,0.429,4,5,0.8,0,5,5,13,1,0,6,5,31,-13,1,2023-24,Regular Season,1630595,Cade Cunningham
22023,1630595,0022300490,2024-01-05,DET @ GSW,L,35,13,22,0.591,1,7,0.143,3,3,1.0,0,5,5,3,0,1,2,2,30,-7,1,2023-24,Regular Season,1630595,Cade Cunningham
22023,1630595,0022300502,2024-01-07,DET @ DEN,L,11,1,6,0.167,1,2,0.5,0,0,0.0,0,3,3,3,0,0,0,2,3,-2,1,2023-24,Regular Season,1630595,Cade Cunningham
22023,1630595,0022300642,2024-01-27,DET vs. WAS,L,35,7,17,0.412,2,3,0.667,4,6,0.667,0,4,4,12,0,0,7,3,20,-6,1,2023-24,Regular Season,1630595,Cade Cunningham
22023,1630595,0022300675,2024-01-31,DET @ CLE,L,31,8,16,0.5,2,4,0.5,1,2,0.5,0,2,2,7,2,1,0,4,19,-22,1,2023-24,Regular Season,1630595,Cade Cunningham
22023,1630595,0022300688,2024-02-02,DET vs. LAC,L,33,7,17,0.412,1,3,0.333,1,1,1.0,0,3,3,11,1,0,4,4,16,-11,1,2023-24,Regular Season,1630595,Cade Cunningham
22023,1630595,0022300704,2024-02-04,DET vs. ORL,L,32,6,14,0.429,1,3,0.333,5,7,0.714,0,5,5,7,2,0,1,2,18,-8,1,2023-24,Regular Season,1630595,Cade Cunningham
22023,1630595,0022300741,2024-02-08,DET @ POR,W,39,8,17,0.471,1,5,0.2,6,6,1.0,0,2,2,5,0,0,2,0,23,7,1,2023-24,Regular Season,1630595,Cade Cunningham
22023,1630595,0022300749,2024-02-10,DET @ LAC,L,35,9,18,0.5,1,3,0.333,3,3,1.0,0,6,6,10,0,1,2,2,22,2,1,2023-24,Regular Season,1630595,Cade Cunningham
22023,1630595,0022300776,2024-02-13,DET @ LAL,L,25,4,15,0.267,0,2,0.0,4,4,1.0,1,6,7,7,0,0,0,1,12,-17,1,2023-24,Regular Season,1630595,Cade Cunningham
22023,1630595,0022300787,2024-02-14,DET @ PHX,L,26,5,11,0.455,0,1,0.0,3,5,0.6,1,3,4,8,1,2,5,3,13,-17,1,2023-24,Regular Season,1630595,Cade Cunningham
22023,1630595,0022300793,2024-02-22,DET @ IND,L,30,13,21,0.619,4,9,0.444,0,0,0.0,0,5,5,8,1,0,3,4,30,10,1,2023-24,Regular Season,1630595,Cade Cunningham
22023,1630595,0022300814,2024-02-24,DET vs. ORL,L,31,11,20,0.55,4,7,0.571,0,0,0.0,1,6,7,4,1,0,3,4,26,-1,1,2023-24,Regular Season,1630595,Cade Cunningham
22023,1630595,0022300828,2024-02-26,DET @ NYK,L,36,10,19,0.526,5,7,0.714,7,8,0.875,2,3,5,8,0,2,5,1,32,3,1,2023-24,Regular Season,1630595,Cade Cunningham
22023,1630595,0022300839,2024-02-27,DET @ CHI,W,36,9,13,0.692,3,5,0.6,5,7,0.714,1,4,5,5,0,1,3,0,26,23,1,2023-24,Regular Season,1630595,Cade Cunningham
22023,1630595,0022300857,2024-03-01,DET vs. CLE,L,37,6,19,0.316,2,8,0.25,7,7,1.0,0,3,3,10,1,0,1,3,21,3,1,2023-24,Regular Season,1630595,Cade Cunningham
22023,1630595,0022300874,2024-03-03,DET @ ORL,L,23,4,12,0.333,1,4,0.25,0,0,0.0,0,2,2,7,1,0,1,2,9,-21,1,2023-24,Regular Season,1630595,Cade Cunningham
22023,1630595,0022300888,2024-03-05,DET @ MIA,L,34,8,20,0.4,4,8,0.5,3,3,1.0,1,3,4,8,0,0,3,2,23,-6,1,2023-24,Regular Season,1630595,Cade Cunningham
22023,1630595,0022300902,2024-03-07,DET vs. BKN,W,38,10,22,0.455,4,8,0.5,8,9,0.889,1,4,5,11,0,1,5,0,32,19,1,2023-24,Regular Season,1630595,Cade Cunningham
22023,1630595,0022300919,2024-03-09,DET vs. DAL,L,32,11,21,0.524,3,7,0.429,8,8,1.0,3,6,9,10,0,0,5,2,33,-7,1,2023-24,Regular Season,1630595,Cade Cunningham
22023,1630595,0022300933,2024-03-11,DET vs. CHA,W,32,8,20,0.4,2,10,0.2,4,4,1.0,0,6,6,8,1,0,2,1,22,20,1,2023-24,Regular Season,1630595,Cade Cunningham
22023,1630595,0022300946,2024-03-13,DET vs. TOR,W,28,8,20,0.4,2,5,0.4,1,2,0.5,0,3,3,6,1,0,3,2,19,7,1,2023-24,Regular Season,1630595,Cade Cunningham
22023,1630595,0022300962,2024-03-15,DET vs. MIA,L,31,5,15,0.333,0,4,0.0,1,1,1.0,3,3,6,9,0,0,3,2,11,-13,1,2023-24,Regular Season,1630595,Cade Cunningham
22023,1630595,0022300977,2024-03-17,DET vs. MIA,L,32,8,19,0.421,1,6,0.167,0,0,0.0,0,4,4,9,1,1,3,2,17,-15,1,2023-24,Regular Season,1630595,Cade Cunningham
22023,1630595,0022300997,2024-03-20,DET vs. IND,L,29,9,22,0.409,0,2,0.0,5,6,0.833,0,6,6,10,1,0,4,1,23,-19,1,2023-24,Regular Season,1630595,Cade Cunningham
22023,1630595,0022301011,2024-03-22,DET vs. BOS,L,29,6,17,0.353,1,4,0.25,2,2,1.0,1,5,6,6,2,0,3,4,15,-27,1,2023-24,Regular Season,1630595,Cade Cunningham
22023,1630595,0022301056,2024-03-27,DET @ MIN,L,29,11,23,0.478,3,8,0.375,7,8,0.875,0,1,1,2,1,0,1,0,32,-6,1,2023-24,Regular Season,1630595,Cade Cunningham
22023,1630595,0022301065,2024-03-29,DET @ WAS,W,37,13,33,0.394,2,5,0.4,5,5,1.0,1,7,8,7,2,0,3,3,33,16,1,2023-24,Regular Season,1630595,Cade Cunningham
22023,1630595,0022301088,2024-04-01,DET vs. MEM,L,34,13,22,0.591,3,4,0.75,7,8,0.875,1,3,4,8,2,1,4,1,36,6,1,2023-24,Regular Season,1630595,Cade Cunningham
22023,1630596,0022300067,2023-10-25,CLE @ BKN,W,34,5,11,0.455,0,0,0.0,0,0,0.0,1,5,6,1,0,2,0,3,10,3,1,2023-24,Regular Season,1630596,Evan Mobley
22023,1630596,0022300081,2023-10-27,CLE vs. OKC,L,34,5,12,0.417,0,0,0.0,4,6,0.667,2,13,15,3,0,2,2,4,14,-9,1,2023-24,Regular Season,1630596,Evan Mobley
22023,1630596,0022300091,2023-10-28,CLE vs. IND,L,33,12,22,0.545,1,1,1.0,8,10,0.8,5,9,14,3,0,3,2,4,33,-15,1,2023-24,Regular Season,1630596,Evan Mobley
22023,1630596,0022300112,2023-10-31,CLE vs. NYK,L,29,3,9,0.333,0,0,0.0,0,0,0.0,4,8,12,5,0,2,2,0,6,-19,1,2023-24,Regular Season,1630596,Evan Mobley
22023,1630596,0022300120,2023-11-01,CLE @ NYK,W,35,6,12,0.5,0,0,0.0,2,3,0.667,2,6,8,5,2,2,2,2,14,8,1,2023-24,Regular Season,1630596,Evan Mobley
22023,1630596,0022300001,2023-11-03,CLE @ IND,L,36,7,13,0.538,0,2,0.0,0,0,0.0,2,8,10,5,3,4,2,2,14,11,1,2023-24,Regular Season,1630596,Evan Mobley
22023,1630596,0022300142,2023-11-05,CLE vs. GSW,W,29,6,10,0.6,0,1,0.0,1,4,0.25,5,11,16,2,0,1,5,4,13,8,1,2023-24,Regular Season,1630596,Evan Mobley
22023,1630596,0022300167,2023-11-08,CLE @ OKC,L,33,9,16,0.563,0,1,0.0,4,4,1.0,2,3,5,1,1,1,1,2,22,3,1,2023-24,Regular Season,1630596,Evan Mobley
22023,1630596,0022300176,2023-11-11,CLE @ GSW,W,31,6,10,0.6,0,1,0.0,7,7,1.0,1,4,5,2,1,1,2,4,19,-4,1,2023-24,Regular Season,1630596,Evan Mobley
22023,1630596,0022300191,2023-11-13,CLE @ SAC,L,30,8,14,0.571,0,0,0.0,0,0,0.0,7,5,12,2,1,0,3,4,16,-3,1,2023-24,Regular Season,1630596,Evan Mobley
22023,1630596,0022300199,2023-11-15,CLE @ POR,W,35,8,11,0.727,0,1,0.0,5,8,0.625,3,9,12,3,1,3,1,1,21,26,1,2023-24,Regular Season,1630596,Evan Mobley
22023,1630596,0022300030,2023-11-17,CLE vs. DET,W,35,8,12,0.667,0,0,0.0,2,4,0.5,4,6,10,5,1,0,3,4,18,-6,1,2023-24,Regular Season,1630596,Evan Mobley
22023,1630596,0022300210,2023-11-19,CLE vs. DEN,W,32,8,11,0.727,0,0,0.0,0,0,0.0,3,7,10,5,0,2,2,3,16,12,1,2023-24,Regular Season,1630596,Evan Mobley
22023,1630596,0022300040,2023-11-21,CLE @ PHI,W,38,6,10,0.6,0,0,0.0,6,6,1.0,0,12,12,3,0,1,4,4,18,-4,1,2023-24,Regular Season,1630596,Evan Mobley
22023,1630596,0022300229,2023-11-22,CLE vs. MIA,L,25,5,7,0.714,0,0,0.0,3,3,1.0,2,8,10,2,0,0,2,0,13,-12,1,2023-24,Regular Season,1630596,Evan Mobley
22023,1630596,0022300242,2023-11-25,CLE vs. LAL,L,36,8,12,0.667,0,0,0.0,2,3,0.667,1,5,6,6,4,1,2,3,18,-5,1,2023-24,Regular Season,1630596,Evan Mobley
22023,1630596,0022300251,2023-11-26,CLE vs. TOR,W,38,5,14,0.357,0,1,0.0,2,2,1.0,3,11,14,1,0,2,3,3,12,-4,1,2023-24,Regular Season,1630596,Evan Mobley
22023,1630596,0022300055,2023-11-28,CLE vs. ATL,W,34,8,11,0.727,1,1,1.0,0,0,0.0,5,14,19,1,0,7,1,4,17,25,1,2023-24,Regular Season,1630596,Evan Mobley
22023,1630596,0022300265,2023-11-30,CLE vs. POR,L,34,9,14,0.643,0,1,0.0,2,2,1.0,2,6,8,3,2,0,3,1,20,3,1,2023-24,Regular Season,1630596,Evan Mobley
22023,1630596,0022300283,2023-12-02,CLE @ DET,W,36,2,5,0.4,0,0,0.0,2,3,0.667,1,10,11,1,0,0,2,3,6,1,1,2023-24,Regular Season,1630596,Evan Mobley
22023,1630596,0022301205,2023-12-06,CLE vs. ORL,W,37,8,12,0.667,0,0,0.0,0,0,0.0,1,4,5,2,1,1,4,5,16,13,1,2023-24,Regular Season,1630596,Evan Mobley
22023,1630596,0022300658,2024-01-29,CLE vs. LAC,W,21,5,7,0.714,0,0,0.0,0,0,0.0,1,8,9,0,1,0,3,3,10,-5,1,2023-24,Regular Season,1630596,Evan Mobley
22023,1630596,0022300675,2024-01-31,CLE vs. DET,W,22,3,7,0.429,0,1,0.0,2,2,1.0,1,2,3,4,1,0,0,2,8,-4,1,2023-24,Regular Season,1630596,Evan Mobley
22023,1630596,0022300703,2024-02-03,CLE @ SAS,W,24,11,15,0.733,3,3,1.0,3,4,0.75,2,8,10,3,0,0,0,5,28,-7,1,2023-24,Regular Season,1630596,Evan Mobley
22023,1630596,0022300714,2024-02-05,CLE vs. SAC,W,28,5,12,0.417,0,1,0.0,1,2,0.5,1,13,14,7,2,1,0,3,11,4,1,2023-24,Regular Season,1630596,Evan Mobley
22023,1630596,0022300728,2024-02-07,CLE @ WAS,W,25,9,10,0.9,2,2,1.0,2,2,1.0,2,6,8,1,1,1,2,2,22,7,1,2023-24,Regular Season,1630596,Evan Mobley
22023,1630596,0022300735,2024-02-08,CLE @ BKN,W,26,5,8,0.625,0,0,0.0,4,4,1.0,0,12,12,2,0,2,2,3,14,25,1,2023-24,Regular Season,1630596,Evan Mobley
22023,1630596,0022300756,2024-02-10,CLE @ TOR,W,27,7,13,0.538,1,4,0.25,2,4,0.5,4,7,11,3,0,0,2,3,17,17,1,2023-24,Regular Season,1630596,Evan Mobley
22023,1630596,0022300762,2024-02-12,CLE vs. PHI,L,28,6,11,0.545,1,2,0.5,1,2,0.5,2,8,10,3,2,4,1,2,14,-11,1,2023-24,Regular Season,1630596,Evan Mobley
22023,1630596,0022300781,2024-02-14,CLE vs. CHI,W,31,6,8,0.75,1,1,1.0,1,2,0.5,4,5,9,0,1,1,1,2,14,-6,1,2023-24,Regular Season,1630596,Evan Mobley
22023,1630596,0022300792,2024-02-22,CLE vs. ORL,L,34,5,9,0.556,0,1,0.0,4,4,1.0,1,7,8,6,2,2,1,3,14,0,1,2023-24,Regular Season,1630596,Evan Mobley
22023,1630596,0022300805,2024-02-23,CLE @ PHI,L,27,3,8,0.375,0,0,0.0,2,6,0.333,2,8,10,0,0,1,4,4,8,-11,1,2023-24,Regular Season,1630596,Evan Mobley
22023,1630596,0022300820,2024-02-25,CLE @ WAS,W,29,9,11,0.818,0,0,0.0,3,6,0.5,2,4,6,1,1,5,1,4,21,-2,1,2023-24,Regular Season,1630596,Evan Mobley
22023,1630596,0022300832,2024-02-27,CLE vs. DAL,W,28,5,11,0.455,0,3,0.0,2,2,1.0,3,6,9,7,1,0,1,2,12,-2,1,2023-24,Regular Season,1630596,Evan Mobley
22023,1630596,0022300846,2024-02-28,CLE @ CHI,L,42,11,17,0.647,1,4,0.25,2,6,0.333,2,11,13,1,1,4,2,2,25,-3,1,2023-24,Regular Season,1630596,Evan Mobley
22023,1630596,0022300857,2024-03-01,CLE @ DET,W,35,7,13,0.538,0,1,0.0,8,11,0.727,4,13,17,7,2,2,1,3,22,19,1,2023-24,Regular Season,1630596,Evan Mobley
22023,1630596,0022300876,2024-03-03,CLE vs. NYK,L,28,6,11,0.545,0,1,0.0,1,3,0.333,4,9,13,6,0,1,2,3,13,-6,1,2023-24,Regular Season,1630596,Evan Mobley
22023,1630596,0022300886,2024-03-05,CLE vs. BOS,W,23,2,8,0.25,0,1,0.0,0,0,0.0,1,5,6,4,2,0,2,2,4,-7,1,2023-24,Regular Season,1630596,Evan Mobley
22023,1630596,0022301029,2024-03-24,CLE @ MIA,L,21,4,6,0.667,2,2,1.0,5,6,0.833,0,4,4,1,0,0,2,3,15,-22,1,2023-24,Regular Season,1630596,Evan Mobley
22023,1630596,0022301033,2024-03-25,CLE vs. CHA,W,25,8,12,0.667,0,2,0.0,1,3,0.333,1,6,7,8,1,0,1,2,17,14,1,2023-24,Regular Season,1630596,Evan Mobley
22023,1630596,0022301048,2024-03-27,CLE @ CHA,L,31,3,7,0.429,1,2,0.5,3,4,0.75,1,5,6,6,1,0,0,2,10,-8,1,2023-24,Regular Season,1630596,Evan Mobley
22023,1630596,0022301067,2024-03-29,CLE vs. PHI,W,31,7,10,0.7,2,2,1.0,4,6,0.667,1,10,11,3,1,2,2,4,20,5,1,2023-24,Regular Season,1630596,Evan Mobley
22023,1630596,0022301077,2024-03-31,CLE @ DEN,L,29,9,10,0.9,1,2,0.5,4,5,0.8,2,2,4,1,0,2,0,1,23,-11,1,2023-24,Regular Season,1630596,Evan Mobley
22023,1630596,0022301100,2024-04-02,CLE @ UTA,W,31,9,14,0.643,1,2,0.5,2,3,0.667,3,4,7,5,2,2,1,2,21,11,1,2023-24,Regular Season,1630596,Evan Mobley
22023,1630596,0022301110,2024-04-03,CLE @ PHX,L,36,8,13,0.615,1,2,0.5,3,3,1.0,2,7,9,5,1,1,2,2,20,-4,1,2023-24,Regular Season,1630596,Evan Mobley
22023,1630596,0022301127,2024-04-06,CLE @ LAL,L,29,2,6,0.333,1,2,0.5,3,4,0.75,1,2,3,3,2,1,3,3,8,-11,1,2023-24,Regular Season,1630596,Evan Mobley
22023,1630596,0022301132,2024-04-07,CLE @ LAC,L,31,8,17,0.471,0,2,0.0,4,6,0.667,1,5,6,4,0,0,1,1,20,0,1,2023-24,Regular Season,1630596,Evan Mobley
22023,1630596,0022301158,2024-04-10,CLE vs. MEM,W,31,4,10,0.4,2,4,0.5,2,2,1.0,3,9,12,1,3,4,4,1,12,12,1,2023-24,Regular Season,1630596,Evan Mobley
22023,1630596,0022301174,2024-04-12,CLE vs. IND,W,29,6,7,0.857,0,1,0.0,0,0,0.0,1,4,5,2,0,1,1,5,12,-3,1,2023-24,Regular Season,1630596,Evan Mobley
22023,1630596,0022301187,2024-04-14,CLE vs. CHA,L,25,5,13,0.385,0,1,0.0,4,4,1.0,3,3,6,5,0,0,0,0,14,10,1,2023-24,Regular Season,1630596,Evan Mobley
42023,1630596,0042300131,2024-04-20,CLE vs. ORL,W,36,6,12,0.5,2,4,0.5,2,2,1.0,2,9,11,2,0,3,1,3,16,5,1,2023-24,Playoffs,1630596,Evan Mobley
42023,1630596,0042300132,2024-04-22,CLE vs. ORL,W,32,5,13,0.385,1,4,0.25,6,9,0.667,2,5,7,1,1,1,3,3,17,11,1,2023-24,Playoffs,1630596,Evan Mobley
42023,1630596,0042300133,2024-04-25,CLE @ ORL,L,22,4,9,0.444,0,3,0.0,2,2,1.0,0,2,2,1,0,3,0,2,10,-18,1,2023-24,Playoffs,1630596,Evan Mobley
42023,1630596,0042300134,2024-04-27,CLE @ ORL,L,32,6,13,0.462,0,0,0.0,2,2,1.0,1,8,9,3,2,2,1,4,14,-20,1,2023-24,Playoffs,1630596,Evan Mobley
42023,1630596,0042300135,2024-04-30,CLE vs. ORL,W,39,7,11,0.636,0,0,0.0,0,2,0.0,3,10,13,4,2,2,1,2,14,4,1,2023-24,Playoffs,1630596,Evan Mobley
42023,1630596,0042300136,2024-05-03,CLE @ ORL,L,34,1,5,0.2,0,0,0.0,1,2,0.5,3,3,6,0,1,5,0,5,3,-5,1,2023-24,Playoffs,1630596,Evan Mobley
42023,1630596,0042300137,2024-05-05,CLE vs. ORL,W,41,5,8,0.625,0,0,0.0,1,2,0.5,5,11,16,1,0,5,6,5,11,9,1,2023-24,Playoffs,1630596,Evan Mobley
42023,1630596,0042300201,2024-05-07,CLE @ BOS,L,32,8,12,0.667,0,0,0.0,1,2,0.5,5,8,13,3,0,1,1,3,17,-21,1,2023-24,Playoffs,1630596,Evan Mobley
42023,1630596,0042300202,2024-05-09,CLE @ BOS,W,33,9,15,0.6,1,2,0.5,2,2,1.0,1,9,10,5,1,2,0,4,21,35,1,2023-24,Playoffs,1630596,Evan Mobley
42023,1630596,0042300203,2024-05-11,CLE vs. BOS,L,37,7,11,0.636,0,1,0.0,3,3,1.0,3,5,8,1,1,0,3,1,17,-16,1,2023-24,Playoffs,1630596,Evan Mobley
42023,1630596,0042300204,2024-05-13,CLE vs. BOS,L,39,8,13,0.615,1,1,1.0,2,3,0.667,1,8,9,3,1,0,3,1,19,-1,1,2023-24,Playoffs,1630596,Evan Mobley
42023,1630596,0042300205,2024-05-15,CLE @ BOS,L,43,15,24,0.625,0,3,0.0,3,5,0.6,4,3,7,4,1,2,3,1,33,-15,1,2023-24,Playoffs,1630596,Evan Mobley
22023,1630224,0022300066,2023-10-25,HOU @ ORL,L,30,2,10,0.2,0,1,0.0,6,7,0.857,0,1,1,0,1,1,4,2,10,-12,1,2023-24,Regular Season,1630224,Jalen Green
22023,1630224,0022300083,2023-10-27,HOU @ SAS,L,38,10,20,0.5,2,6,0.333,0,0,0.0,1,4,5,4,0,0,2,2,22,-3,1,2023-24,Regular Season,1630224,Jalen Green
22023,1630224,0022300096,2023-10-29,HOU vs. GSW,L,38,8,20,0.4,1,5,0.2,4,5,0.8,1,8,9,1,0,1,4,1,21,4,1,2023-24,Regular Season,1630224,Jalen Green
22023,1630224,0022300122,2023-11-01,HOU vs. CHA,W,31,6,16,0.375,4,8,0.5,7,7,1.0,1,3,4,3,2,0,1,3,23,-4,1,2023-24,Regular Season,1630224,Jalen Green
22023,1630224,0022300137,2023-11-04,HOU vs. SAC,W,36,4,10,0.4,0,2,0.0,2,7,0.286,0,2,2,5,0,0,3,1,10,26,1,2023-24,Regular Season,1630224,Jalen Green
22023,1630224,0022300153,2023-11-06,HOU vs. SAC,W,26,5,9,0.556,3,5,0.6,10,12,0.833,0,2,2,2,1,1,3,0,23,13,1,2023-24,Regular Season,1630224,Jalen Green
22023,1630224,0022300163,2023-11-08,HOU vs. LAL,W,21,11,15,0.733,5,6,0.833,1,4,0.25,1,6,7,3,1,0,1,3,28,24,1,2023-24,Regular Season,1630224,Jalen Green
22023,1630224,0022300011,2023-11-10,HOU vs. NOP,W,35,7,18,0.389,2,8,0.25,9,10,0.9,0,4,4,1,0,0,1,1,25,-1,1,2023-24,Regular Season,1630224,Jalen Green
22023,1630224,0022300182,2023-11-12,HOU vs. DEN,W,35,1,13,0.077,1,4,0.25,6,6,1.0,0,8,8,5,1,0,0,1,9,10,1,2023-24,Regular Season,1630224,Jalen Green
22023,1630224,0022300037,2023-11-17,HOU @ LAC,L,33,5,16,0.313,1,6,0.167,9,10,0.9,0,4,4,5,0,1,4,3,20,-10,1,2023-24,Regular Season,1630224,Jalen Green
22023,1630224,0022300216,2023-11-19,HOU @ LAL,L,31,3,10,0.3,2,5,0.4,1,3,0.333,0,6,6,3,0,1,4,1,9,3,1,2023-24,Regular Season,1630224,Jalen Green
22023,1630224,0022300224,2023-11-20,HOU @ GSW,L,23,6,15,0.4,2,9,0.222,2,2,1.0,0,3,3,2,0,0,1,3,16,-13,1,2023-24,Regular Season,1630224,Jalen Green
22023,1630224,0022300231,2023-11-22,HOU vs. MEM,W,30,13,26,0.5,3,13,0.231,5,5,1.0,1,1,2,4,1,0,1,0,34,11,1,2023-24,Regular Season,1630224,Jalen Green
22023,1630224,0022300048,2023-11-24,HOU vs. DEN,W,36,10,18,0.556,3,8,0.375,2,3,0.667,0,5,5,2,3,0,3,0,25,0,1,2023-24,Regular Season,1630224,Jalen Green
22023,1630224,0022300059,2023-11-28,HOU @ DAL,L,34,5,14,0.357,2,6,0.333,0,0,0.0,1,2,3,5,0,1,2,4,12,5,1,2023-24,Regular Season,1630224,Jalen Green
22023,1630224,0022300263,2023-11-29,HOU @ DEN,L,34,8,12,0.667,5,8,0.625,5,6,0.833,0,6,6,9,0,1,2,0,26,-11,1,2023-24,Regular Season,1630224,Jalen Green
22023,1630224,0022300291,2023-12-02,HOU @ LAL,L,32,4,15,0.267,1,6,0.167,1,2,0.5,1,6,7,2,0,0,6,1,10,-6,1,2023-24,Regular Season,1630224,Jalen Green
22023,1630224,0022301212,2023-12-06,HOU vs. OKC,W,25,6,12,0.5,1,3,0.333,2,2,1.0,0,7,7,1,0,0,3,3,15,0,1,2023-24,Regular Season,1630224,Jalen Green
22023,1630224,0022301224,2023-12-08,HOU @ DEN,W,35,8,17,0.471,2,9,0.222,7,9,0.778,0,3,3,1,0,0,1,0,25,-8,1,2023-24,Regular Season,1630224,Jalen Green
22023,1630224,0022300298,2023-12-11,HOU vs. SAS,W,24,2,10,0.2,1,4,0.25,2,2,1.0,0,3,3,1,0,0,1,1,7,-14,1,2023-24,Regular Season,1630224,Jalen Green
22023,1630224,0022300314,2023-12-13,HOU vs. MEM,W,24,2,12,0.167,0,5,0.0,4,4,1.0,0,4,4,4,0,0,3,3,8,-1,1,2023-24,Regular Season,1630224,Jalen Green
22023,1630224,0022300332,2023-12-15,HOU @ MEM,W,28,4,12,0.333,3,7,0.429,3,4,0.75,1,3,4,4,0,1,1,1,14,-2,1,2023-24,Regular Season,1630224,Jalen Green
22023,1630224,0022300346,2023-12-17,HOU @ MIL,L,29,6,11,0.545,2,4,0.5,2,2,1.0,0,2,2,7,0,0,1,0,16,-8,1,2023-24,Regular Season,1630224,Jalen Green
22023,1630224,0022300349,2023-12-18,HOU @ CLE,L,34,2,12,0.167,1,4,0.25,7,7,1.0,0,6,6,3,1,2,2,2,12,-16,1,2023-24,Regular Season,1630224,Jalen Green
22023,1630224,0022300371,2023-12-20,HOU vs. ATL,L,32,7,19,0.368,2,7,0.286,0,0,0.0,1,3,4,2,1,1,1,1,16,-7,1,2023-24,Regular Season,1630224,Jalen Green
22023,1630224,0022300385,2023-12-22,HOU vs. DAL,W,27,5,14,0.357,3,7,0.429,4,4,1.0,1,5,6,4,2,0,4,2,17,35,1,2023-24,Regular Season,1630224,Jalen Green
22023,1630224,0022300392,2023-12-23,HOU @ NOP,W,22,2,8,0.25,0,4,0.0,5,6,0.833,0,4,4,2,1,0,5,1,9,-2,1,2023-24,Regular Season,1630224,Jalen Green
22023,1630224,0022300409,2023-12-26,HOU vs. IND,L,20,2,7,0.286,0,3,0.0,1,2,0.5,0,1,1,2,1,0,0,0,5,-19,1,2023-24,Regular Season,1630224,Jalen Green
22023,1630224,0022300418,2023-12-27,HOU vs. PHX,L,26,8,20,0.4,6,12,0.5,1,2,0.5,1,4,5,3,1,0,2,0,23,-17,1,2023-24,Regular Season,1630224,Jalen Green
22023,1630224,0022300434,2023-12-29,HOU vs. PHI,L,36,12,19,0.632,5,9,0.556,2,4,0.5,0,6,6,4,0,0,1,0,31,-7,1,2023-24,Regular Season,1630224,Jalen Green
22023,1630224,0022300453,2024-01-01,HOU vs. DET,W,27,6,12,0.5,5,9,0.556,5,6,0.833,0,5,5,1,1,0,0,0,22,20,1,2023-24,Regular Season,1630224,Jalen Green
22023,1630224,0022300469,2024-01-03,HOU vs. BKN,W,31,5,15,0.333,3,9,0.333,1,2,0.5,0,8,8,4,0,0,4,1,14,17,1,2023-24,Regular Season,1630224,Jalen Green
22023,1630224,0022300485,2024-01-05,HOU vs. MIN,L,31,7,16,0.438,4,8,0.5,2,4,0.5,1,4,5,2,0,0,2,1,20,-9,1,2023-24,Regular Season,1630224,Jalen Green
22023,1630224,0022300496,2024-01-06,HOU vs. MIL,W,28,5,12,0.417,1,6,0.167,5,5,1.0,0,4,4,2,1,0,1,1,16,4,1,2023-24,Regular Season,1630224,Jalen Green
22023,1630224,0022300509,2024-01-08,HOU @ MIA,L,31,2,10,0.2,2,8,0.25,5,6,0.833,0,5,5,6,0,0,3,3,11,-11,1,2023-24,Regular Season,1630224,Jalen Green
22023,1630224,0022300523,2024-01-10,HOU @ CHI,L,40,8,19,0.421,2,7,0.286,0,1,0.0,1,5,6,8,1,0,2,2,18,-4,1,2023-24,Regular Season,1630224,Jalen Green
22023,1630224,0022300534,2024-01-12,HOU @ DET,W,39,9,25,0.36,2,9,0.222,8,9,0.889,2,2,4,3,2,1,1,3,28,7,1,2023-24,Regular Season,1630224,Jalen Green
22023,1630224,0022300542,2024-01-13,HOU @ BOS,L,20,3,9,0.333,2,5,0.4,2,2,1.0,0,3,3,1,0,0,1,0,10,-17,1,2023-24,Regular Season,1630224,Jalen Green
22023,1630224,0022300555,2024-01-15,HOU @ PHI,L,27,7,16,0.438,1,7,0.143,5,7,0.714,0,5,5,3,0,0,2,2,20,-7,1,2023-24,Regular Season,1630224,Jalen Green
22023,1630224,0022300573,2024-01-17,HOU @ NYK,L,29,6,15,0.4,0,5,0.0,3,3,1.0,0,7,7,1,1,0,5,2,15,-11,1,2023-24,Regular Season,1630224,Jalen Green
22023,1630224,0022300598,2024-01-20,HOU vs. UTA,W,28,3,12,0.25,0,6,0.0,1,1,1.0,0,3,3,4,1,0,1,0,7,-7,1,2023-24,Regular Season,1630224,Jalen Green
22023,1630224,0022300603,2024-01-21,HOU vs. BOS,L,32,7,18,0.389,1,6,0.167,1,3,0.333,1,3,4,5,1,0,3,0,16,-8,1,2023-24,Regular Season,1630224,Jalen Green
22023,1630224,0022300623,2024-01-24,HOU vs. POR,L,39,12,24,0.5,2,7,0.286,3,4,0.75,0,0,0,3,1,1,1,1,29,-6,1,2023-24,Regular Season,1630224,Jalen Green
22023,1630224,0022300635,2024-01-26,HOU @ CHA,W,28,12,20,0.6,1,7,0.143,11,12,0.917,0,10,10,4,2,0,3,0,36,15,1,2023-24,Regular Season,1630224,Jalen Green
22023,1630224,0022300645,2024-01-27,HOU @ BKN,L,33,5,14,0.357,4,9,0.444,5,5,1.0,1,9,10,1,1,0,1,3,19,6,1,2023-24,Regular Season,1630224,Jalen Green
22023,1630224,0022300662,2024-01-29,HOU vs. LAL,W,41,12,23,0.522,4,10,0.4,6,6,1.0,3,9,12,7,1,0,1,1,34,13,1,2023-24,Regular Season,1630224,Jalen Green
22023,1630224,0022300679,2024-01-31,HOU vs. NOP,L,38,11,20,0.55,5,12,0.417,4,4,1.0,0,4,4,4,3,2,3,3,31,-7,1,2023-24,Regular Season,1630224,Jalen Green
22023,1630224,0022300692,2024-02-02,HOU vs. TOR,W,27,7,14,0.5,0,4,0.0,0,1,0.0,0,4,4,3,0,0,1,1,14,17,1,2023-24,Regular Season,1630224,Jalen Green
22023,1630224,0022300709,2024-02-04,HOU @ MIN,L,30,3,15,0.2,0,5,0.0,2,3,0.667,0,2,2,7,0,1,2,2,8,-19,1,2023-24,Regular Season,1630224,Jalen Green
22023,1630224,0022300719,2024-02-06,HOU @ IND,L,33,12,21,0.571,3,5,0.6,3,4,0.75,0,3,3,1,2,0,4,1,30,12,1,2023-24,Regular Season,1630224,Jalen Green
22023,1630224,0022300744,2024-02-09,HOU @ TOR,L,22,3,11,0.273,1,5,0.2,0,1,0.0,0,2,2,1,0,0,4,0,7,-23,1,2023-24,Regular Season,1630224,Jalen Green
22023,1630224,0022300754,2024-02-10,HOU @ ATL,L,37,10,22,0.455,2,9,0.222,4,7,0.571,2,12,14,10,1,0,5,1,26,-7,1,2023-24,Regular Season,1630224,Jalen Green
22023,1630224,0022300765,2024-02-12,HOU vs. NYK,W,30,4,15,0.267,0,6,0.0,8,9,0.889,0,5,5,4,2,0,1,0,16,-6,1,2023-24,Regular Season,1630224,Jalen Green
22023,1630224,0022300783,2024-02-14,HOU @ MEM,L,23,2,7,0.286,0,4,0.0,0,0,0.0,0,3,3,3,0,1,0,1,4,-3,1,2023-24,Regular Season,1630224,Jalen Green
22023,1630224,0022300798,2024-02-22,HOU @ NOP,L,24,3,14,0.214,2,8,0.25,2,2,1.0,1,3,4,2,1,0,1,1,10,-17,1,2023-24,Regular Season,1630224,Jalen Green
22023,1630224,0022300806,2024-02-23,HOU vs. PHX,W,21,5,13,0.385,3,6,0.5,1,2,0.5,0,3,3,4,0,1,3,0,14,6,1,2023-24,Regular Season,1630224,Jalen Green
22023,1630224,0022300822,2024-02-25,HOU vs. OKC,L,32,5,13,0.385,1,5,0.2,0,0,0.0,1,6,7,4,0,2,2,1,11,-13,1,2023-24,Regular Season,1630224,Jalen Green
22023,1630224,0022300841,2024-02-27,HOU @ OKC,L,28,6,17,0.353,2,6,0.333,2,2,1.0,1,5,6,3,0,0,3,2,16,-8,1,2023-24,Regular Season,1630224,Jalen Green
22023,1630224,0022300854,2024-02-29,HOU @ PHX,L,39,10,28,0.357,7,17,0.412,7,7,1.0,0,5,5,2,3,0,4,2,34,0,1,2023-24,Regular Season,1630224,Jalen Green
22023,1630224,0022300870,2024-03-02,HOU @ PHX,W,38,12,23,0.522,6,12,0.5,4,4,1.0,1,8,9,4,2,0,3,2,34,17,1,2023-24,Regular Season,1630224,Jalen Green
22023,1630224,0022300891,2024-03-05,HOU vs. SAS,W,39,11,23,0.478,1,10,0.1,0,0,0.0,0,2,2,3,1,0,0,1,23,22,1,2023-24,Regular Season,1630224,Jalen Green
22023,1630224,0022300897,2024-03-06,HOU vs. LAC,L,32,6,14,0.429,2,6,0.333,1,1,1.0,1,2,3,2,1,0,3,4,15,2,1,2023-24,Regular Season,1630224,Jalen Green
22023,1630224,0022300916,2024-03-08,HOU @ POR,W,34,11,19,0.579,4,9,0.444,1,2,0.5,0,3,3,5,2,0,2,1,27,2,1,2023-24,Regular Season,1630224,Jalen Green
22023,1630224,0022300929,2024-03-10,HOU @ SAC,W,35,6,15,0.4,1,6,0.167,6,8,0.75,0,2,2,3,0,0,0,2,19,6,1,2023-24,Regular Season,1630224,Jalen Green
22023,1630224,0022300942,2024-03-12,HOU @ SAS,W,37,5,16,0.313,2,6,0.333,4,5,0.8,1,6,7,5,0,0,3,0,16,4,1,2023-24,Regular Season,1630224,Jalen Green
22023,1630224,0022300957,2024-03-14,HOU vs. WAS,W,37,15,23,0.652,5,9,0.556,2,2,1.0,0,8,8,2,0,0,2,2,37,16,1,2023-24,Regular Season,1630224,Jalen Green
22023,1630224,0022300967,2024-03-16,HOU vs. CLE,W,33,9,20,0.45,4,9,0.444,4,6,0.667,2,9,11,4,1,2,1,0,26,16,1,2023-24,Regular Season,1630224,Jalen Green
22023,1630224,0022300992,2024-03-19,HOU @ WAS,W,36,12,21,0.571,7,13,0.538,11,13,0.846,2,8,10,3,1,1,1,2,42,26,1,2023-24,Regular Season,1630224,Jalen Green
22023,1630224,0022301006,2024-03-21,HOU vs. CHI,W,40,10,22,0.455,4,12,0.333,2,4,0.5,0,4,4,3,1,1,2,0,26,13,1,2023-24,Regular Season,1630224,Jalen Green
22023,1630224,0022301024,2024-03-23,HOU vs. UTA,W,33,15,22,0.682,7,11,0.636,4,4,1.0,1,3,4,4,1,0,3,3,41,31,1,2023-24,Regular Season,1630224,Jalen Green
22023,1630224,0022301038,2024-03-25,HOU vs. POR,W,40,9,26,0.346,4,12,0.333,5,6,0.833,0,6,6,3,3,1,3,2,27,25,1,2023-24,Regular Season,1630224,Jalen Green
22023,1630224,0022301057,2024-03-27,HOU @ OKC,W,46,14,24,0.583,7,11,0.636,2,2,1.0,2,8,10,7,2,1,5,3,37,12,1,2023-24,Regular Season,1630224,Jalen Green
22023,1630224,0022301072,2024-03-29,HOU @ UTA,W,39,11,24,0.458,4,11,0.364,8,14,0.571,2,7,9,6,2,0,4,2,34,0,1,2023-24,Regular Season,1630224,Jalen Green
22023,1630224,0022301083,2024-03-31,HOU vs. DAL,L,31,5,15,0.333,0,5,0.0,2,2,1.0,0,6,6,5,1,0,2,2,12,-22,1,2023-24,Regular Season,1630224,Jalen Green
22023,1630224,0022301098,2024-04-02,HOU @ MIN,L,38,10,22,0.455,2,11,0.182,4,4,1.0,1,4,5,6,0,0,5,4,26,-1,1,2023-24,Regular Season,1630224,Jalen Green
22023,1630224,0022301113,2024-04-04,HOU vs. GSW,L,30,4,12,0.333,3,8,0.375,2,2,1.0,1,3,4,7,1,0,4,1,13,-16,1,2023-24,Regular Season,1630224,Jalen Green
22023,1630224,0022301120,2024-04-05,HOU vs. MIA,L,38,6,18,0.333,2,9,0.222,7,8,0.875,1,6,7,4,2,1,3,1,21,-11,1,2023-24,Regular Season,1630224,Jalen Green
22023,1630224,0022301131,2024-04-07,HOU @ DAL,L,40,6,15,0.4,2,7,0.286,7,7,1.0,0,6,6,8,2,1,5,5,21,-12,1,2023-24,Regular Season,1630224,Jalen Green
22023,1630224,0022301150,2024-04-09,HOU vs. ORL,W,34,6,17,0.353,2,9,0.222,0,2,0.0,0,5,5,5,1,0,2,1,14,17,1,2023-24,Regular Season,1630224,Jalen Green
22023,1630224,0022301168,2024-04-11,HOU @ UTA,L,19,1,7,0.143,1,5,0.2,0,0,0.0,0,1,1,1,0,0,3,2,3,-23,1,2023-24,Regular Season,1630224,Jalen Green
22023,1630224,0022301183,2024-04-12,HOU @ POR,W,35,10,20,0.5,5,10,0.5,1,1,1.0,0,9,9,1,0,0,3,0,26,-7,1,2023-24,Regular Season,1630224,Jalen Green
22023,1630224,0022301199,2024-04-14,HOU @ LAC,W,23,5,14,0.357,3,10,0.3,0,0,0.0,1,5,6,3,0,0,1,0,13,8,1,2023-24,Regular Season,1630224,Jalen Green
22023,1630217,0022300071,2023-10-25,MEM vs. NOP,L,36,11,22,0.5,5,10,0.5,4,5,0.8,0,5,5,5,2,1,2,1,31,6,1,2023-24,Regular Season,1630217,Desmond Bane
22023,1630217,0022300078,2023-10-27,MEM vs. DEN,L,32,4,17,0.235,1,10,0.1,6,6,1.0,1,2,3,3,2,0,2,3,15,-8,1,2023-24,Regular Season,1630217,Desmond Bane
22023,1630217,0022300089,2023-10-28,MEM @ WAS,L,34,10,20,0.5,4,10,0.4,2,2,1.0,1,1,2,5,1,1,5,4,26,-11,1,2023-24,Regular Season,1630217,Desmond Bane
22023,1630217,0022300106,2023-10-30,MEM vs. DAL,L,37,12,17,0.706,3,7,0.429,3,4,0.75,2,4,6,3,3,0,2,3,30,0,1,2023-24,Regular Season,1630217,Desmond Bane
22023,1630217,0022300125,2023-11-01,MEM @ UTA,L,27,7,19,0.368,4,12,0.333,3,3,1.0,1,2,3,0,1,0,2,1,21,-25,1,2023-24,Regular Season,1630217,Desmond Bane
22023,1630217,0022300007,2023-11-03,MEM @ POR,L,45,13,26,0.5,3,9,0.333,4,5,0.8,1,7,8,7,4,3,3,5,33,11,1,2023-24,Regular Season,1630217,Desmond Bane
22023,1630217,0022300144,2023-11-05,MEM @ POR,W,34,13,27,0.481,3,9,0.333,1,1,1.0,0,8,8,5,1,0,3,5,30,8,1,2023-24,Regular Season,1630217,Desmond Bane
22023,1630217,0022300164,2023-11-08,MEM vs. MIA,L,36,4,16,0.25,2,8,0.25,5,6,0.833,0,5,5,3,1,2,1,3,15,-18,1,2023-24,Regular Season,1630217,Desmond Bane
22023,1630217,0022300012,2023-11-10,MEM vs. UTA,L,38,14,28,0.5,7,13,0.538,2,3,0.667,0,4,4,8,1,2,3,3,37,1,1,2023-24,Regular Season,1630217,Desmond Bane
22023,1630217,0022300179,2023-11-12,MEM @ LAC,W,35,10,24,0.417,3,11,0.273,4,6,0.667,1,3,4,6,0,1,4,4,27,11,1,2023-24,Regular Season,1630217,Desmond Bane
22023,1630217,0022300026,2023-11-14,MEM @ LAL,L,27,5,10,0.5,2,6,0.333,3,3,1.0,0,1,1,5,0,0,2,1,15,-24,1,2023-24,Regular Season,1630217,Desmond Bane
22023,1630217,0022300206,2023-11-18,MEM @ SAS,W,34,8,15,0.533,3,6,0.5,7,7,1.0,3,2,5,4,1,0,2,5,26,4,1,2023-24,Regular Season,1630217,Desmond Bane
22023,1630217,0022300213,2023-11-19,MEM vs. BOS,L,37,11,27,0.407,7,14,0.5,1,1,1.0,2,0,2,8,1,0,2,2,30,1,1,2023-24,Regular Season,1630217,Desmond Bane
22023,1630217,0022300231,2023-11-22,MEM @ HOU,L,26,6,12,0.5,2,6,0.333,9,10,0.9,1,6,7,4,1,0,2,4,23,-15,1,2023-24,Regular Season,1630217,Desmond Bane
22023,1630217,0022300044,2023-11-24,MEM vs. PHX,L,34,3,12,0.25,0,5,0.0,0,0,0.0,0,5,5,10,1,0,3,3,6,-10,1,2023-24,Regular Season,1630217,Desmond Bane
22023,1630217,0022300249,2023-11-26,MEM vs. MIN,L,34,5,16,0.313,3,9,0.333,0,0,0.0,1,1,2,4,0,0,5,3,13,-17,1,2023-24,Regular Season,1630217,Desmond Bane
22023,1630217,0022300261,2023-11-29,MEM vs. UTA,W,36,7,17,0.412,3,11,0.273,0,0,0.0,1,6,7,9,3,0,3,2,17,6,1,2023-24,Regular Season,1630217,Desmond Bane
22023,1630217,0022300277,2023-12-01,MEM @ DAL,W,34,11,20,0.55,4,6,0.667,4,6,0.667,2,2,4,5,1,2,4,2,30,13,1,2023-24,Regular Season,1630217,Desmond Bane
22023,1630217,0022300288,2023-12-02,MEM @ PHX,L,30,10,17,0.588,3,6,0.5,4,5,0.8,1,2,3,5,2,1,2,5,27,-3,1,2023-24,Regular Season,1630217,Desmond Bane
22023,1630217,0022301206,2023-12-06,MEM @ DET,W,36,19,31,0.613,4,8,0.5,7,7,1.0,1,5,6,8,1,2,3,2,49,-1,1,2023-24,Regular Season,1630217,Desmond Bane
22023,1630217,0022301221,2023-12-08,MEM vs. MIN,L,37,6,13,0.462,4,6,0.667,0,0,0.0,0,2,2,1,0,1,4,5,16,-23,1,2023-24,Regular Season,1630217,Desmond Bane
22023,1630217,0022300299,2023-12-11,MEM vs. DAL,L,39,11,20,0.55,3,9,0.333,3,3,1.0,1,2,3,8,1,0,5,4,28,1,1,2023-24,Regular Season,1630217,Desmond Bane
22023,1630217,0022300332,2023-12-15,MEM vs. HOU,L,40,11,25,0.44,4,12,0.333,2,3,0.667,6,7,13,3,2,0,4,4,28,1,1,2023-24,Regular Season,1630217,Desmond Bane
22023,1630217,0022300355,2023-12-18,MEM @ OKC,L,28,6,14,0.429,4,9,0.444,1,2,0.5,0,1,1,5,0,1,5,1,17,-18,1,2023-24,Regular Season,1630217,Desmond Bane
22023,1630217,0022300360,2023-12-19,MEM @ NOP,W,35,8,19,0.421,3,9,0.333,2,2,1.0,1,0,1,4,0,0,4,1,21,5,1,2023-24,Regular Season,1630217,Desmond Bane
22023,1630217,0022300377,2023-12-21,MEM vs. IND,W,36,11,26,0.423,5,12,0.417,4,5,0.8,0,6,6,7,1,0,2,1,31,-7,1,2023-24,Regular Season,1630217,Desmond Bane
22023,1630217,0022300393,2023-12-23,MEM @ ATL,W,36,13,25,0.52,5,14,0.357,6,6,1.0,0,6,6,6,1,1,2,0,37,-5,1,2023-24,Regular Season,1630217,Desmond Bane
22023,1630217,0022300410,2023-12-26,MEM @ NOP,W,40,9,22,0.409,5,14,0.357,4,5,0.8,1,4,5,7,0,1,1,5,27,3,1,2023-24,Regular Season,1630217,Desmond Bane
22023,1630217,0022300425,2023-12-28,MEM @ DEN,L,25,9,13,0.692,3,5,0.6,2,2,1.0,0,1,1,2,1,0,2,3,23,-27,1,2023-24,Regular Season,1630217,Desmond Bane
22023,1630217,0022300438,2023-12-29,MEM @ LAC,L,37,7,11,0.636,2,5,0.4,2,2,1.0,0,7,7,5,2,0,2,3,18,-6,1,2023-24,Regular Season,1630217,Desmond Bane
22023,1630217,0022300449,2023-12-31,MEM vs. SAC,L,35,6,14,0.429,3,7,0.429,2,3,0.667,0,7,7,6,0,0,2,2,17,-18,1,2023-24,Regular Season,1630217,Desmond Bane
22023,1630217,0022300460,2024-01-02,MEM vs. SAS,W,34,11,17,0.647,2,6,0.333,0,0,0.0,0,3,3,2,0,0,3,1,24,3,1,2023-24,Regular Season,1630217,Desmond Bane
22023,1630217,0022300470,2024-01-03,MEM vs. TOR,L,38,9,18,0.5,2,6,0.333,2,2,1.0,2,2,4,8,0,0,0,4,22,5,1,2023-24,Regular Season,1630217,Desmond Bane
22023,1630217,0022300491,2024-01-05,MEM @ LAL,W,37,8,14,0.571,5,8,0.625,3,4,0.75,0,5,5,13,1,0,3,2,24,11,1,2023-24,Regular Season,1630217,Desmond Bane
22023,1630217,0022300503,2024-01-07,MEM @ PHX,W,37,8,14,0.571,2,7,0.286,5,5,1.0,2,3,5,5,1,1,3,3,23,-13,1,2023-24,Regular Season,1630217,Desmond Bane
22023,1630217,0022300515,2024-01-09,MEM @ DAL,W,39,11,27,0.407,2,9,0.222,8,9,0.889,2,7,9,4,0,0,2,3,32,17,1,2023-24,Regular Season,1630217,Desmond Bane
22023,1630217,0022300537,2024-01-12,MEM vs. LAC,L,23,3,11,0.273,3,6,0.5,6,7,0.857,0,1,1,3,1,0,0,3,15,-6,1,2023-24,Regular Season,1630217,Desmond Bane
22023,1630217,0022300972,2024-03-16,MEM vs. OKC,L,32,7,17,0.412,4,9,0.444,4,6,0.667,1,2,3,7,0,1,3,4,22,11,1,2023-24,Regular Season,1630217,Desmond Bane
22023,1630217,0022300989,2024-03-18,MEM @ SAC,L,37,7,19,0.368,2,7,0.286,8,8,1.0,0,5,5,4,3,0,1,2,24,-17,1,2023-24,Regular Season,1630217,Desmond Bane
22023,1630217,0022301001,2024-03-20,MEM @ GSW,L,24,2,13,0.154,2,9,0.222,0,0,0.0,0,1,1,4,0,1,2,1,6,-18,1,2023-24,Regular Season,1630217,Desmond Bane
22023,1630217,0022301040,2024-03-25,MEM @ DEN,L,32,6,14,0.429,2,6,0.333,1,1,1.0,1,2,3,3,1,0,3,2,15,-23,1,2023-24,Regular Season,1630217,Desmond Bane
22023,1630217,0022301055,2024-03-27,MEM vs. LAL,L,40,8,17,0.471,4,9,0.444,6,6,1.0,0,4,4,16,1,0,4,5,26,-7,1,2023-24,Regular Season,1630217,Desmond Bane
22023,1628969,0022300067,2023-10-25,BKN vs. CLE,L,35,6,12,0.5,0,2,0.0,8,9,0.889,2,4,6,4,3,0,3,4,20,-3,1,2023-24,Regular Season,1628969,Mikal Bridges
22023,1628969,0022300084,2023-10-27,BKN @ DAL,L,35,6,17,0.353,3,7,0.429,3,3,1.0,1,3,4,3,0,0,1,2,18,-12,1,2023-24,Regular Season,1628969,Mikal Bridges
22023,1628969,0022300101,2023-10-30,BKN @ CHA,W,38,10,13,0.769,1,3,0.333,3,3,1.0,1,6,7,4,1,1,5,3,24,10,1,2023-24,Regular Season,1628969,Mikal Bridges
22023,1628969,0022300119,2023-11-01,BKN @ MIA,W,31,7,16,0.438,2,7,0.286,5,5,1.0,2,5,7,5,1,0,2,1,21,-14,1,2023-24,Regular Season,1628969,Mikal Bridges
22023,1628969,0022300004,2023-11-03,BKN @ CHI,W,33,8,17,0.471,3,8,0.375,1,2,0.5,0,2,2,3,0,0,0,0,20,-5,1,2023-24,Regular Season,1628969,Mikal Bridges
22023,1628969,0022300136,2023-11-04,BKN vs. BOS,L,38,7,20,0.35,4,11,0.364,1,1,1.0,2,4,6,4,1,1,0,4,19,-9,1,2023-24,Regular Season,1628969,Mikal Bridges
22023,1628969,0022300149,2023-11-06,BKN vs. MIL,L,39,12,21,0.571,1,5,0.2,6,7,0.857,1,4,5,4,1,1,1,2,31,7,1,2023-24,Regular Season,1628969,Mikal Bridges
22023,1628969,0022300160,2023-11-08,BKN vs. LAC,W,34,4,11,0.364,1,4,0.25,1,2,0.5,1,7,8,7,2,2,3,1,10,1,1,2023-24,Regular Season,1628969,Mikal Bridges
22023,1628969,0022300010,2023-11-10,BKN @ BOS,L,28,4,11,0.364,1,6,0.167,3,3,1.0,0,5,5,1,0,0,2,2,12,-14,1,2023-24,Regular Season,1628969,Mikal Bridges
22023,1628969,0022300178,2023-11-12,BKN vs. WAS,W,34,11,29,0.379,2,14,0.143,3,5,0.6,4,9,13,2,1,0,4,0,27,17,1,2023-24,Regular Season,1628969,Mikal Bridges
22023,1628969,0022300020,2023-11-14,BKN vs. ORL,W,32,9,17,0.529,3,5,0.6,0,1,0.0,1,4,5,4,4,0,6,2,21,12,1,2023-24,Regular Season,1628969,Mikal Bridges
22023,1628969,0022300200,2023-11-16,BKN @ MIA,L,35,6,15,0.4,2,6,0.333,9,10,0.9,1,6,7,5,0,0,3,2,23,5,1,2023-24,Regular Season,1628969,Mikal Bridges
22023,1628969,0022300208,2023-11-19,BKN vs. PHI,L,29,8,12,0.667,2,2,1.0,0,0,0.0,0,1,1,3,0,0,2,0,18,-14,1,2023-24,Regular Season,1628969,Mikal Bridges
22023,1628969,0022300227,2023-11-22,BKN @ ATL,L,44,16,31,0.516,2,6,0.333,11,12,0.917,3,7,10,4,2,0,1,2,45,-12,1,2023-24,Regular Season,1628969,Mikal Bridges
22023,1628969,0022300240,2023-11-25,BKN vs. MIA,W,33,8,19,0.421,3,6,0.5,5,5,1.0,1,5,6,3,2,1,3,2,24,16,1,2023-24,Regular Season,1628969,Mikal Bridges
22023,1628969,0022300250,2023-11-26,BKN vs. CHI,W,36,5,7,0.714,4,6,0.667,1,2,0.5,0,2,2,6,0,0,2,0,15,-7,1,2023-24,Regular Season,1628969,Mikal Bridges
22023,1628969,0022300054,2023-11-28,BKN vs. TOR,W,38,9,17,0.529,1,3,0.333,3,3,1.0,1,9,10,5,0,0,5,3,22,15,1,2023-24,Regular Season,1628969,Mikal Bridges
22023,1628969,0022300266,2023-11-30,BKN vs. CHA,L,38,9,22,0.409,2,5,0.4,2,3,0.667,0,9,9,4,2,0,2,1,22,7,1,2023-24,Regular Season,1628969,Mikal Bridges
22023,1628969,0022300282,2023-12-02,BKN vs. ORL,W,35,12,20,0.6,3,6,0.5,15,18,0.833,1,4,5,3,1,3,3,3,42,26,1,2023-24,Regular Season,1628969,Mikal Bridges
22023,1628969,0022301209,2023-12-06,BKN @ ATL,W,35,12,19,0.632,3,4,0.75,5,5,1.0,0,5,5,6,0,1,1,2,32,1,1,2023-24,Regular Season,1628969,Mikal Bridges
22023,1628969,0022301219,2023-12-08,BKN vs. WAS,W,30,9,15,0.6,2,3,0.667,1,1,1.0,1,3,4,3,0,2,2,0,21,24,1,2023-24,Regular Season,1628969,Mikal Bridges
22023,1628969,0022300303,2023-12-11,BKN @ SAC,L,37,6,13,0.462,3,5,0.6,7,7,1.0,2,3,5,5,0,0,5,1,22,-13,1,2023-24,Regular Season,1628969,Mikal Bridges
22023,1628969,0022300317,2023-12-13,BKN @ PHX,W,39,7,19,0.368,3,9,0.333,4,5,0.8,0,3,3,2,1,0,0,3,21,0,1,2023-24,Regular Season,1628969,Mikal Bridges
22023,1628969,0022300322,2023-12-14,BKN @ DEN,L,25,3,8,0.375,2,6,0.333,1,2,0.5,0,0,0,1,1,0,4,0,9,-13,1,2023-24,Regular Season,1628969,Mikal Bridges
22023,1628969,0022300339,2023-12-16,BKN @ GSW,L,40,6,17,0.353,3,4,0.75,3,3,1.0,1,5,6,2,1,0,2,1,18,-2,1,2023-24,Regular Season,1628969,Mikal Bridges
22023,1628969,0022300357,2023-12-18,BKN @ UTA,L,35,4,16,0.25,3,8,0.375,2,5,0.4,0,1,1,5,0,0,2,3,13,-19,1,2023-24,Regular Season,1628969,Mikal Bridges
22023,1628969,0022300368,2023-12-20,BKN vs. NYK,L,33,4,21,0.19,1,8,0.125,6,6,1.0,2,3,5,2,2,0,2,0,15,-17,1,2023-24,Regular Season,1628969,Mikal Bridges
22023,1628969,0022300383,2023-12-22,BKN vs. DEN,L,29,7,16,0.438,0,3,0.0,0,1,0.0,2,1,3,6,0,0,3,2,14,-13,1,2023-24,Regular Season,1628969,Mikal Bridges
22023,1628969,0022300394,2023-12-23,BKN vs. DET,W,33,9,17,0.529,1,4,0.25,10,10,1.0,2,4,6,7,1,1,1,2,29,8,1,2023-24,Regular Season,1628969,Mikal Bridges
22023,1628969,0022300406,2023-12-26,BKN @ DET,W,40,6,14,0.429,0,1,0.0,9,15,0.6,0,4,4,3,0,0,3,2,21,0,1,2023-24,Regular Season,1628969,Mikal Bridges
22023,1628969,0022300417,2023-12-27,BKN vs. MIL,L,12,3,4,0.75,0,1,0.0,0,0,0.0,0,3,3,1,1,0,1,0,6,-1,1,2023-24,Regular Season,1628969,Mikal Bridges
22023,1628969,0022300430,2023-12-29,BKN @ WAS,L,36,6,14,0.429,2,6,0.333,5,7,0.714,0,5,5,1,1,1,2,2,19,11,1,2023-24,Regular Season,1628969,Mikal Bridges
22023,1628969,0022300447,2023-12-31,BKN @ OKC,L,37,8,20,0.4,3,10,0.3,3,3,1.0,0,7,7,7,1,0,0,1,22,-8,1,2023-24,Regular Season,1628969,Mikal Bridges
22023,1628969,0022300461,2024-01-02,BKN @ NOP,L,29,4,11,0.364,2,5,0.4,3,3,1.0,2,1,3,2,0,0,4,0,13,-24,1,2023-24,Regular Season,1628969,Mikal Bridges
22023,1628969,0022300469,2024-01-03,BKN @ HOU,L,36,5,18,0.278,3,12,0.25,2,3,0.667,0,4,4,3,1,1,1,1,15,-19,1,2023-24,Regular Season,1628969,Mikal Bridges
22023,1628969,0022300481,2024-01-05,BKN vs. OKC,W,39,5,13,0.385,0,5,0.0,7,8,0.875,1,7,8,3,0,1,4,4,17,5,1,2023-24,Regular Season,1628969,Mikal Bridges
22023,1628969,0022300498,2024-01-07,BKN vs. POR,L,44,15,26,0.577,4,8,0.5,8,8,1.0,0,4,4,3,0,0,3,0,42,-2,1,2023-24,Regular Season,1628969,Mikal Bridges
22023,1628969,0022300527,2024-01-11,BKN @ CLE,L,39,6,18,0.333,2,6,0.333,12,13,0.923,0,6,6,1,1,0,4,3,26,-6,1,2023-24,Regular Season,1628969,Mikal Bridges
22023,1628969,0022300562,2024-01-15,BKN vs. MIA,L,44,10,23,0.435,2,10,0.2,4,4,1.0,2,7,9,6,2,2,1,1,26,-1,1,2023-24,Regular Season,1628969,Mikal Bridges
22023,1628969,0022300578,2024-01-17,BKN @ POR,L,34,7,18,0.389,3,9,0.333,4,6,0.667,0,4,4,4,0,1,1,4,21,-3,1,2023-24,Regular Season,1628969,Mikal Bridges
22023,1628969,0022300591,2024-01-19,BKN @ LAL,W,35,6,11,0.545,4,8,0.5,1,2,0.5,0,1,1,5,2,0,2,1,17,14,1,2023-24,Regular Season,1628969,Mikal Bridges
22023,1628969,0022300600,2024-01-21,BKN @ LAC,L,38,9,17,0.529,4,7,0.571,4,4,1.0,1,5,6,5,1,1,3,1,26,-12,1,2023-24,Regular Season,1628969,Mikal Bridges
22023,1628969,0022300615,2024-01-23,BKN vs. NYK,L,37,14,26,0.538,7,13,0.538,1,2,0.5,0,5,5,5,1,0,0,2,36,0,1,2023-24,Regular Season,1628969,Mikal Bridges
22023,1628969,0022300629,2024-01-25,BKN vs. MIN,L,35,8,18,0.444,2,8,0.25,3,5,0.6,0,1,1,3,2,0,3,1,21,2,1,2023-24,Regular Season,1628969,Mikal Bridges
22023,1628969,0022300645,2024-01-27,BKN vs. HOU,W,41,6,14,0.429,3,8,0.375,4,6,0.667,0,5,5,1,3,1,3,3,19,-5,1,2023-24,Regular Season,1628969,Mikal Bridges
22023,1628969,0022300660,2024-01-29,BKN vs. UTA,W,37,12,24,0.5,6,14,0.429,3,3,1.0,1,2,3,4,1,0,1,3,33,33,1,2023-24,Regular Season,1628969,Mikal Bridges
22023,1628969,0022300677,2024-01-31,BKN vs. PHX,L,40,7,16,0.438,6,12,0.5,1,3,0.333,1,2,3,2,1,0,2,2,21,-4,1,2023-24,Regular Season,1628969,Mikal Bridges
22023,1628969,0022300698,2024-02-03,BKN @ PHI,W,32,7,16,0.438,5,12,0.417,4,5,0.8,1,2,3,4,0,0,1,1,23,25,1,2023-24,Regular Season,1628969,Mikal Bridges
22023,1628969,0022300717,2024-02-05,BKN vs. GSW,L,43,5,15,0.333,1,7,0.143,2,2,1.0,2,4,6,4,1,1,3,0,13,-6,1,2023-24,Regular Season,1628969,Mikal Bridges
22023,1628969,0022300720,2024-02-06,BKN vs. DAL,L,39,11,21,0.524,5,11,0.455,1,1,1.0,0,1,1,4,2,0,1,0,28,-18,1,2023-24,Regular Season,1628969,Mikal Bridges
22023,1628969,0022300735,2024-02-08,BKN vs. CLE,L,35,10,23,0.435,5,13,0.385,1,2,0.5,1,2,3,5,0,0,3,1,26,-28,1,2023-24,Regular Season,1628969,Mikal Bridges
22023,1628969,0022300750,2024-02-10,BKN vs. SAS,W,33,4,11,0.364,3,6,0.5,3,3,1.0,0,6,6,3,1,1,1,0,14,17,1,2023-24,Regular Season,1628969,Mikal Bridges
22023,1628969,0022300771,2024-02-13,BKN vs. BOS,L,40,10,20,0.5,3,8,0.375,4,4,1.0,0,2,2,3,1,0,2,3,27,-5,1,2023-24,Regular Season,1628969,Mikal Bridges
22023,1628969,0022300780,2024-02-14,BKN @ BOS,L,26,4,12,0.333,2,6,0.333,0,0,0.0,1,3,4,4,1,0,1,0,10,-30,1,2023-24,Regular Season,1628969,Mikal Bridges
22023,1628969,0022300795,2024-02-22,BKN @ TOR,L,35,7,16,0.438,4,10,0.4,3,4,0.75,0,4,4,1,1,0,1,1,21,-30,1,2023-24,Regular Season,1628969,Mikal Bridges
22023,1628969,0022300815,2024-02-24,BKN @ MIN,L,36,7,21,0.333,1,11,0.091,0,0,0.0,1,5,6,8,0,0,0,1,15,-12,1,2023-24,Regular Season,1628969,Mikal Bridges
22023,1628969,0022300830,2024-02-26,BKN @ MEM,W,31,4,10,0.4,1,7,0.143,2,4,0.5,0,3,3,2,2,0,1,1,11,22,1,2023-24,Regular Season,1628969,Mikal Bridges
22023,1628969,0022300833,2024-02-27,BKN @ ORL,L,29,2,13,0.154,0,7,0.0,0,1,0.0,0,2,2,2,1,0,3,1,4,-28,1,2023-24,Regular Season,1628969,Mikal Bridges
22023,1628969,0022300851,2024-02-29,BKN vs. ATL,W,34,6,14,0.429,3,9,0.333,0,0,0.0,2,5,7,5,1,1,0,1,15,30,1,2023-24,Regular Season,1628969,Mikal Bridges
22023,1628969,0022300866,2024-03-02,BKN vs. ATL,W,39,14,26,0.538,5,10,0.5,5,5,1.0,2,3,5,2,2,1,2,2,38,13,1,2023-24,Regular Season,1628969,Mikal Bridges
22023,1628969,0022300879,2024-03-04,BKN vs. MEM,L,39,4,14,0.286,2,8,0.25,4,9,0.444,1,4,5,5,2,0,3,1,14,-7,1,2023-24,Regular Season,1628969,Mikal Bridges
22023,1628969,0022300887,2024-03-05,BKN vs. PHI,W,38,4,12,0.333,2,3,0.667,5,5,1.0,0,6,6,4,0,0,1,2,15,10,1,2023-24,Regular Season,1628969,Mikal Bridges
22023,1628969,0022300902,2024-03-07,BKN @ DET,L,43,4,11,0.364,3,7,0.429,2,4,0.5,1,0,1,7,1,0,3,1,13,-5,1,2023-24,Regular Season,1628969,Mikal Bridges
22023,1628969,0022300918,2024-03-09,BKN @ CHA,L,41,6,18,0.333,4,11,0.364,3,3,1.0,0,2,2,4,1,0,1,1,19,-10,1,2023-24,Regular Season,1628969,Mikal Bridges
22023,1628969,0022300930,2024-03-10,BKN @ CLE,W,35,9,14,0.643,5,8,0.625,2,2,1.0,0,5,5,5,3,0,1,2,25,9,1,2023-24,Regular Season,1628969,Mikal Bridges
22023,1628969,0022300947,2024-03-13,BKN @ ORL,L,30,5,13,0.385,1,2,0.5,6,7,0.857,1,3,4,1,0,1,2,1,17,-13,1,2023-24,Regular Season,1628969,Mikal Bridges
22023,1628969,0022300968,2024-03-16,BKN @ IND,L,29,1,8,0.125,1,4,0.25,4,4,1.0,3,4,7,4,0,0,1,0,7,-11,1,2023-24,Regular Season,1628969,Mikal Bridges
22023,1628969,0022300981,2024-03-17,BKN @ SAS,L,40,5,16,0.313,3,7,0.429,1,1,1.0,1,6,7,5,1,0,3,3,14,-14,1,2023-24,Regular Season,1628969,Mikal Bridges
22023,1628969,0022300993,2024-03-19,BKN vs. NOP,L,32,4,11,0.364,4,9,0.444,3,6,0.5,1,1,2,1,2,0,2,1,15,-8,1,2023-24,Regular Season,1628969,Mikal Bridges
22023,1628969,0022301007,2024-03-21,BKN @ MIL,L,33,9,19,0.474,6,14,0.429,0,0,0.0,2,4,6,2,1,0,2,2,24,-7,1,2023-24,Regular Season,1628969,Mikal Bridges
22023,1628969,0022301019,2024-03-23,BKN @ NYK,L,37,7,14,0.5,4,9,0.444,0,0,0.0,0,4,4,5,1,0,3,1,18,-12,1,2023-24,Regular Season,1628969,Mikal Bridges
22023,1628969,0022301036,2024-03-25,BKN @ TOR,W,37,5,15,0.333,3,12,0.25,0,0,0.0,1,2,3,4,0,0,7,0,13,7,1,2023-24,Regular Season,1628969,Mikal Bridges
22023,1628969,0022301050,2024-03-27,BKN @ WAS,W,47,7,16,0.438,3,9,0.333,2,2,1.0,1,5,6,4,2,2,0,1,19,3,1,2023-24,Regular Season,1628969,Mikal Bridges
22023,1628969,0022301066,2024-03-29,BKN vs. CHI,W,38,8,15,0.533,7,11,0.636,2,2,1.0,1,2,3,3,4,0,0,2,25,16,1,2023-24,Regular Season,1628969,Mikal Bridges
22023,1628969,0022301078,2024-03-31,BKN vs. LAL,L,38,5,16,0.313,3,11,0.273,0,0,0.0,1,2,3,4,1,0,1,1,13,-23,1,2023-24,Regular Season,1628969,Mikal Bridges
22023,1628969,0022301089,2024-04-01,BKN @ IND,L,29,7,17,0.412,3,8,0.375,2,2,1.0,0,0,0,6,1,0,0,0,19,-30,1,2023-24,Regular Season,1628969,Mikal Bridges
22023,1628969,0022301106,2024-04-03,BKN vs. IND,W,36,6,13,0.462,3,6,0.5,2,3,0.667,2,5,7,4,2,1,2,1,17,17,1,2023-24,Regular Season,1628969,Mikal Bridges
22023,1628969,0022301128,2024-04-06,BKN vs. DET,W,31,5,10,0.5,3,6,0.5,0,0,0.0,0,2,2,3,1,0,3,2,13,-1,1,2023-24,Regular Season,1628969,Mikal Bridges
22023,1628969,0022301141,2024-04-07,BKN vs. SAC,L,24,3,6,0.5,2,3,0.667,0,0,0.0,1,4,5,2,0,0,1,1,8,0,1,2023-24,Regular Season,1628969,Mikal Bridges
22023,1628969,0022301160,2024-04-10,BKN vs. TOR,W,23,3,9,0.333,3,8,0.375,2,2,1.0,1,2,3,2,0,0,1,0,11,1,1,2023-24,Regular Season,1628969,Mikal Bridges
22023,1628969,0022301175,2024-04-12,BKN @ NYK,L,24,2,8,0.25,1,5,0.2,0,0,0.0,0,0,0,4,0,1,0,1,5,-1,1,2023-24,Regular Season,1628969,Mikal Bridges
22023,1628969,0022301192,2024-04-14,BKN @ PHI,L,25,3,8,0.375,2,5,0.4,0,0,0.0,0,2,2,1,0,0,0,1,8,-15,1,2023-24,Regular Season,1628969,Mikal Bridges
