SEASON_ID,Player_ID,Game_ID,GAME_DATE,MATCHUP,WL,MIN,FGM,FGA,FG_PCT,FG3M,FG3A,FG3_PCT,FTM,FTA,FT_PCT,OREB,DREB,REB,AST,STL,BLK,TOV,PF,PTS,PLUS_MINUS,VIDEO_AVAILABLE,SEASON,SEASON_TYPE,PLAYER_ID,PLAYER_NAME
22018,2544,0021800016,2018-10-18,LAL @ POR,L,37,9,16,0.563,0,4,0.0,8,9,0.889,2,10,12,6,1,0,6,3,26,-4,1,2018-19,Regular Season,2544,LeBron James
22018,2544,0021800035,2018-10-20,LAL vs. HOU,L,39,9,22,0.409,1,7,0.143,5,7,0.714,0,5,5,5,2,1,1,0,24,-13,1,2018-19,Regular Season,2544,LeBron James
22018,2544,0021800048,2018-10-22,LAL vs. SAS,L,43,11,25,0.44,2,8,0.25,8,11,0.727,2,6,8,14,1,1,5,2,32,-5,1,2018-19,Regular Season,2544,LeBron James
22018,2544,0021800060,2018-10-24,LAL @ PHX,W,28,7,16,0.438,1,5,0.2,4,4,1.0,0,7,7,10,3,0,0,1,19,19,1,2018-19,Regular Season,2544,LeBron James
22018,2544,0021800066,2018-10-25,LAL vs. DEN,W,35,10,17,0.588,1,5,0.2,7,10,0.7,0,11,11,11,3,0,2,3,28,13,1,2018-19,Regular Season,2544,LeBron James
22018,2544,0021800082,2018-10-27,LAL @ SAS,L,34,13,21,0.619,2,6,0.333,7,8,0.875,1,10,11,4,2,0,4,3,35,-1,1,2018-19,Regular Season,2544,LeBron James
22018,2544,0021800093,2018-10-29,LAL @ MIN,L,36,11,23,0.478,3,6,0.5,4,5,0.8,3,7,10,8,2,2,5,2,29,-6,1,2018-19,Regular Season,2544,LeBron James
22018,2544,0021800109,2018-10-31,LAL vs. DAL,W,39,11,19,0.579,2,3,0.667,5,7,0.714,0,5,5,6,3,0,3,3,29,5,1,2018-19,Regular Season,2544,LeBron James
22018,2544,0021800132,2018-11-03,LAL @ POR,W,31,9,20,0.45,1,5,0.2,9,11,0.818,0,5,5,7,0,2,3,1,28,-22,1,2018-19,Regular Season,2544,LeBron James
22018,2544,0021800139,2018-11-04,LAL vs. TOR,L,28,6,12,0.5,2,3,0.667,4,7,0.571,0,2,2,6,0,1,3,3,18,-16,1,2018-19,Regular Season,2544,LeBron James
22018,2544,0021800162,2018-11-07,LAL vs. MIN,W,39,10,21,0.476,3,9,0.333,1,2,0.5,1,10,11,9,0,2,3,1,24,3,1,2018-19,Regular Season,2544,LeBron James
22018,2544,0021800183,2018-11-10,LAL @ SAC,W,31,10,18,0.556,3,6,0.5,2,3,0.667,1,6,7,2,1,0,3,2,25,2,1,2018-19,Regular Season,2544,LeBron James
22018,2544,0021800189,2018-11-11,LAL vs. ATL,W,34,10,20,0.5,3,9,0.333,3,7,0.429,3,4,7,4,2,0,4,1,26,22,1,2018-19,Regular Season,2544,LeBron James
22018,2544,0021800212,2018-11-14,LAL vs. POR,W,36,13,19,0.684,5,6,0.833,13,15,0.867,2,8,10,9,1,3,4,0,44,4,1,2018-19,Regular Season,2544,LeBron James
22018,2544,0021800227,2018-11-17,LAL @ ORL,L,26,8,19,0.421,3,6,0.5,3,4,0.75,0,4,4,7,0,1,3,0,22,-11,1,2018-19,Regular Season,2544,LeBron James
22018,2544,0021800235,2018-11-18,LAL @ MIA,W,38,19,31,0.613,6,8,0.75,7,10,0.7,1,7,8,3,2,1,2,3,51,20,1,2018-19,Regular Season,2544,LeBron James
22018,2544,0021800256,2018-11-21,LAL @ CLE,W,36,11,20,0.55,2,6,0.333,8,12,0.667,2,12,14,7,0,1,4,3,32,9,1,2018-19,Regular Season,2544,LeBron James
22018,2544,0021800278,2018-11-23,LAL vs. UTA,W,35,8,17,0.471,2,5,0.4,4,6,0.667,1,9,10,7,2,1,5,1,22,13,1,2018-19,Regular Season,2544,LeBron James
22018,2544,0021800286,2018-11-25,LAL vs. ORL,L,40,8,14,0.571,2,7,0.286,6,11,0.545,0,4,4,7,0,1,6,4,24,-14,1,2018-19,Regular Season,2544,LeBron James
22018,2544,0021800304,2018-11-27,LAL @ DEN,L,30,5,15,0.333,0,4,0.0,4,6,0.667,0,7,7,2,2,2,4,0,14,-23,1,2018-19,Regular Season,2544,LeBron James
22018,2544,0021800317,2018-11-29,LAL vs. IND,W,38,15,27,0.556,2,7,0.286,6,10,0.6,1,8,9,7,2,0,4,2,38,19,1,2018-19,Regular Season,2544,LeBron James
22018,2544,0021800328,2018-11-30,LAL vs. DAL,W,31,12,21,0.571,2,4,0.5,2,4,0.5,2,3,5,4,0,1,4,3,28,10,1,2018-19,Regular Season,2544,LeBron James
22018,2544,0021800337,2018-12-02,LAL vs. PHX,W,31,9,17,0.529,1,5,0.2,3,4,0.75,0,6,6,8,0,1,5,0,22,12,1,2018-19,Regular Season,2544,LeBron James
22018,2544,0021800364,2018-12-05,LAL vs. SAS,W,40,15,24,0.625,3,7,0.429,9,13,0.692,0,5,5,6,2,0,2,1,42,19,1,2018-19,Regular Season,2544,LeBron James
22018,2544,0021800375,2018-12-07,LAL @ SAS,L,37,13,28,0.464,3,8,0.375,6,9,0.667,2,6,8,11,2,0,1,4,35,-19,1,2018-19,Regular Season,2544,LeBron James
22018,2544,0021800384,2018-12-08,LAL @ MEM,W,32,9,18,0.5,0,3,0.0,2,3,0.667,1,7,8,9,2,0,5,2,20,21,1,2018-19,Regular Season,2544,LeBron James
22018,2544,0021800401,2018-12-10,LAL vs. MIA,W,38,10,19,0.526,4,7,0.571,4,8,0.5,0,9,9,12,1,0,2,0,28,18,1,2018-19,Regular Season,2544,LeBron James
22018,2544,0021800416,2018-12-13,LAL @ HOU,L,36,12,18,0.667,3,6,0.5,2,6,0.333,0,5,5,4,2,0,3,1,29,-9,1,2018-19,Regular Season,2544,LeBron James
22018,2544,0021800430,2018-12-15,LAL @ CHA,W,30,7,15,0.467,2,6,0.333,8,12,0.667,1,11,12,11,1,0,3,0,24,31,1,2018-19,Regular Season,2544,LeBron James
22018,2544,0021800439,2018-12-16,LAL @ WAS,L,32,5,16,0.313,0,2,0.0,3,6,0.5,0,6,6,3,0,1,4,0,13,-21,1,2018-19,Regular Season,2544,LeBron James
22018,2544,0021800453,2018-12-18,LAL @ BKN,L,41,13,23,0.565,2,7,0.286,8,13,0.615,1,12,13,8,1,1,5,1,36,4,1,2018-19,Regular Season,2544,LeBron James
22018,2544,0021800478,2018-12-21,LAL vs. NOP,W,39,8,20,0.4,0,4,0.0,6,9,0.667,2,10,12,14,2,0,2,3,22,13,1,2018-19,Regular Season,2544,LeBron James
22018,2544,0021800496,2018-12-23,LAL vs. MEM,L,36,8,14,0.571,2,5,0.4,4,4,1.0,1,13,14,7,1,1,4,0,22,-3,1,2018-19,Regular Season,2544,LeBron James
22018,2544,0021800500,2018-12-25,LAL @ GSW,W,21,6,11,0.545,0,2,0.0,5,8,0.625,2,11,13,5,1,0,2,1,17,5,1,2018-19,Regular Season,2544,LeBron James
22018,2544,0021800769,2019-01-31,LAL @ LAC,W,40,9,22,0.409,1,6,0.167,5,7,0.714,1,13,14,9,1,0,4,0,24,2,1,2018-19,Regular Season,2544,LeBron James
22018,2544,0021800798,2019-02-05,LAL @ IND,L,30,7,12,0.583,2,5,0.4,2,3,0.667,0,7,7,9,1,0,6,1,18,-17,1,2018-19,Regular Season,2544,LeBron James
22018,2544,0021800814,2019-02-07,LAL @ BOS,W,38,11,21,0.524,5,10,0.5,1,5,0.2,2,10,12,12,3,0,3,4,28,11,1,2018-19,Regular Season,2544,LeBron James
22018,2544,0021800835,2019-02-10,LAL @ PHI,L,33,8,16,0.5,2,6,0.333,0,0,0.0,0,10,10,9,0,0,4,3,18,0,1,2018-19,Regular Season,2544,LeBron James
22018,2544,0021800848,2019-02-12,LAL @ ATL,L,43,8,20,0.4,3,10,0.3,9,11,0.818,2,9,11,16,3,1,2,3,28,0,1,2018-19,Regular Season,2544,LeBron James
22018,2544,0021800872,2019-02-21,LAL vs. HOU,W,40,11,23,0.478,0,4,0.0,7,10,0.7,4,8,12,6,1,1,4,1,29,6,1,2018-19,Regular Season,2544,LeBron James
22018,2544,0021800887,2019-02-23,LAL @ NOP,L,39,11,17,0.647,3,6,0.5,2,6,0.333,0,7,7,12,4,1,4,0,27,-10,1,2018-19,Regular Season,2544,LeBron James
22018,2544,0021800904,2019-02-25,LAL @ MEM,L,40,8,23,0.348,0,4,0.0,8,10,0.8,3,9,12,11,3,0,5,3,24,2,1,2018-19,Regular Season,2544,LeBron James
22018,2544,0021800921,2019-02-27,LAL vs. NOP,W,37,13,24,0.542,4,9,0.444,3,8,0.375,1,5,6,10,2,1,2,2,33,2,1,2018-19,Regular Season,2544,LeBron James
22018,2544,0021800934,2019-03-01,LAL vs. MIL,L,39,10,19,0.526,3,8,0.375,8,10,0.8,2,5,7,10,1,0,3,2,31,-4,1,2018-19,Regular Season,2544,LeBron James
22018,2544,0021800942,2019-03-02,LAL @ PHX,L,41,10,21,0.476,4,9,0.444,3,7,0.429,0,9,9,16,0,0,3,2,27,-1,1,2018-19,Regular Season,2544,LeBron James
22018,2544,0021800958,2019-03-04,LAL vs. LAC,L,42,9,18,0.5,1,6,0.167,8,12,0.667,0,8,8,6,1,1,2,3,27,-11,1,2018-19,Regular Season,2544,LeBron James
22018,2544,0021800974,2019-03-06,LAL vs. DEN,L,31,13,22,0.591,2,7,0.286,3,8,0.375,0,7,7,7,1,1,4,4,31,-8,1,2018-19,Regular Season,2544,LeBron James
22018,2544,0021800989,2019-03-09,LAL vs. BOS,L,28,13,23,0.565,1,5,0.2,3,7,0.429,2,8,10,12,0,0,3,0,30,11,1,2018-19,Regular Season,2544,LeBron James
22018,2544,0021801009,2019-03-12,LAL @ CHI,W,33,15,23,0.652,2,4,0.5,4,5,0.8,1,9,10,4,2,0,5,2,36,9,1,2018-19,Regular Season,2544,LeBron James
22018,2544,0021801023,2019-03-14,LAL @ TOR,L,32,12,23,0.522,1,5,0.2,4,7,0.571,0,4,4,6,1,0,4,2,29,0,1,2018-19,Regular Season,2544,LeBron James
22018,2544,0021801042,2019-03-17,LAL @ NYK,L,35,11,26,0.423,0,6,0.0,11,13,0.846,2,4,6,8,0,1,2,2,33,9,2,2018-19,Regular Season,2544,LeBron James
22018,2544,0021801086,2019-03-22,LAL vs. BKN,L,37,8,25,0.32,1,7,0.143,8,12,0.667,3,6,9,14,1,1,8,3,25,-2,1,2018-19,Regular Season,2544,LeBron James
22018,2544,0021801102,2019-03-24,LAL vs. SAC,W,35,9,22,0.409,3,6,0.5,8,9,0.889,2,9,11,11,2,1,4,1,29,5,1,2018-19,Regular Season,2544,LeBron James
22018,2544,0021801116,2019-03-26,LAL vs. WAS,W,34,11,20,0.55,1,6,0.167,0,2,0.0,0,7,7,14,1,0,3,1,23,3,1,2018-19,Regular Season,2544,LeBron James
22018,2544,0021801135,2019-03-29,LAL vs. CHA,W,32,11,19,0.579,4,7,0.571,1,2,0.5,0,3,3,9,0,0,6,1,27,14,1,2018-19,Regular Season,2544,LeBron James
22018,201939,0021800002,2018-10-16,GSW vs. OKC,W,37,11,20,0.55,5,9,0.556,5,5,1.0,0,8,8,9,1,0,3,4,32,15,1,2018-19,Regular Season,201939,Stephen Curry
22018,201939,0021800024,2018-10-19,GSW @ UTA,W,37,13,24,0.542,5,9,0.556,0,1,0.0,1,3,4,8,2,0,4,2,31,-3,1,2018-19,Regular Season,201939,Stephen Curry
22018,201939,0021800038,2018-10-21,GSW @ DEN,L,39,10,23,0.435,6,16,0.375,4,4,1.0,0,4,4,6,0,0,2,4,30,3,1,2018-19,Regular Season,201939,Stephen Curry
22018,201939,0021800047,2018-10-22,GSW vs. PHX,W,30,11,18,0.611,6,13,0.462,1,2,0.5,0,4,4,8,2,0,3,0,29,18,1,2018-19,Regular Season,201939,Stephen Curry
22018,201939,0021800062,2018-10-24,GSW vs. WAS,W,32,15,24,0.625,11,16,0.688,10,10,1.0,0,4,4,3,0,1,2,1,51,19,1,2018-19,Regular Season,201939,Stephen Curry
22018,201939,0021800068,2018-10-26,GSW @ NYK,W,33,10,18,0.556,6,11,0.545,3,3,1.0,1,3,4,2,1,0,3,2,29,3,1,2018-19,Regular Season,201939,Stephen Curry
22018,201939,0021800083,2018-10-28,GSW @ BKN,W,36,11,26,0.423,7,15,0.467,6,7,0.857,1,6,7,3,1,0,2,1,35,11,1,2018-19,Regular Season,201939,Stephen Curry
22018,201939,0021800091,2018-10-29,GSW @ CHI,W,25,7,9,0.778,2,4,0.5,7,7,1.0,0,8,8,5,2,0,1,3,23,27,1,2018-19,Regular Season,201939,Stephen Curry
22018,201939,0021800108,2018-10-31,GSW vs. NOP,W,37,12,20,0.6,7,11,0.636,6,7,0.857,0,2,2,9,2,0,5,3,37,19,1,2018-19,Regular Season,201939,Stephen Curry
22018,201939,0021800124,2018-11-02,GSW vs. MIN,W,35,11,24,0.458,4,12,0.333,2,2,1.0,1,8,9,7,0,2,4,3,28,6,1,2018-19,Regular Season,201939,Stephen Curry
22018,201939,0021800147,2018-11-05,GSW vs. MEM,W,32,6,17,0.353,3,6,0.5,4,4,1.0,2,3,5,7,1,1,5,1,19,26,1,2018-19,Regular Season,201939,Stephen Curry
22018,201939,0021800166,2018-11-08,GSW vs. MIL,L,26,5,14,0.357,0,4,0.0,0,0,0.0,0,1,1,6,0,0,2,4,10,-26,1,2018-19,Regular Season,201939,Stephen Curry
22018,201939,0021800331,2018-12-01,GSW @ DET,L,36,10,21,0.476,3,9,0.333,4,4,1.0,0,5,5,3,2,0,7,4,27,-8,1,2018-19,Regular Season,201939,Stephen Curry
22018,201939,0021800344,2018-12-03,GSW @ ATL,W,29,10,17,0.588,6,10,0.6,4,4,1.0,0,3,3,2,1,1,3,4,30,22,1,2018-19,Regular Season,201939,Stephen Curry
22018,201939,0021800355,2018-12-05,GSW @ CLE,W,34,11,20,0.55,9,14,0.643,11,12,0.917,0,9,9,7,1,0,2,1,42,22,1,2018-19,Regular Season,201939,Stephen Curry
22018,201939,0021800377,2018-12-07,GSW @ MIL,W,36,7,17,0.412,4,9,0.444,2,2,1.0,0,4,4,8,1,0,3,3,20,9,1,2018-19,Regular Season,201939,Stephen Curry
22018,201939,0021800400,2018-12-10,GSW vs. MIN,W,36,12,23,0.522,7,14,0.5,7,7,1.0,1,6,7,6,2,1,2,1,38,9,1,2018-19,Regular Season,201939,Stephen Curry
22018,201939,0021800415,2018-12-12,GSW vs. TOR,L,33,3,12,0.25,2,8,0.25,2,2,1.0,1,2,3,3,1,0,4,1,10,-16,1,2018-19,Regular Season,201939,Stephen Curry
22018,201939,0021800428,2018-12-14,GSW @ SAC,W,36,11,23,0.478,5,14,0.357,8,8,1.0,1,6,7,6,3,0,1,2,35,18,1,2018-19,Regular Season,201939,Stephen Curry
22018,201939,0021800449,2018-12-17,GSW vs. MEM,W,35,6,16,0.375,3,9,0.333,5,5,1.0,0,7,7,1,2,0,3,3,20,19,1,2018-19,Regular Season,201939,Stephen Curry
22018,201939,0021800464,2018-12-19,GSW @ UTA,L,37,12,21,0.571,5,9,0.556,3,3,1.0,1,2,3,3,3,1,4,4,32,-6,1,2018-19,Regular Season,201939,Stephen Curry
22018,201939,0021800484,2018-12-22,GSW vs. DAL,W,39,7,22,0.318,6,17,0.353,2,3,0.667,2,3,5,5,2,0,3,5,22,-3,1,2018-19,Regular Season,201939,Stephen Curry
22018,201939,0021800494,2018-12-23,GSW vs. LAC,W,36,12,22,0.545,6,15,0.4,12,13,0.923,3,3,6,2,1,0,0,4,42,8,1,2018-19,Regular Season,201939,Stephen Curry
22018,201939,0021800500,2018-12-25,GSW vs. LAL,L,37,5,17,0.294,2,8,0.25,3,3,1.0,0,2,2,5,1,0,1,5,15,-9,1,2018-19,Regular Season,201939,Stephen Curry
22018,201939,0021800516,2018-12-27,GSW vs. POR,L,42,11,26,0.423,6,15,0.4,1,3,0.333,1,4,5,7,2,2,7,1,29,-3,1,2018-19,Regular Season,201939,Stephen Curry
22018,201939,0021800534,2018-12-29,GSW @ POR,W,36,6,15,0.4,2,8,0.25,11,14,0.786,1,4,5,8,2,1,2,1,25,10,1,2018-19,Regular Season,201939,Stephen Curry
22018,201939,0021800548,2018-12-31,GSW @ PHX,W,32,11,17,0.647,5,9,0.556,7,7,1.0,1,8,9,4,1,0,3,2,34,15,1,2018-19,Regular Season,201939,Stephen Curry
22018,201939,0021800565,2019-01-03,GSW vs. HOU,L,40,14,27,0.519,5,15,0.333,2,3,0.667,0,3,3,6,0,0,5,4,35,3,1,2018-19,Regular Season,201939,Stephen Curry
22018,201939,0021800583,2019-01-05,GSW @ SAC,W,38,14,26,0.538,10,20,0.5,4,4,1.0,0,5,5,2,2,0,6,2,42,12,1,2018-19,Regular Season,201939,Stephen Curry
22018,201939,0021800605,2019-01-08,GSW vs. NYK,W,32,5,19,0.263,3,12,0.25,1,1,1.0,1,6,7,14,1,0,1,3,14,36,1,2018-19,Regular Season,201939,Stephen Curry
22018,201939,0021800629,2019-01-11,GSW vs. CHI,W,27,10,16,0.625,5,11,0.455,3,3,1.0,2,3,5,8,0,0,4,0,28,39,1,2018-19,Regular Season,201939,Stephen Curry
22018,201939,0021800642,2019-01-13,GSW @ DAL,W,37,17,32,0.531,11,19,0.579,3,3,1.0,3,3,6,5,1,2,0,5,48,9,1,2018-19,Regular Season,201939,Stephen Curry
22018,201939,0021800655,2019-01-15,GSW @ DEN,W,30,10,18,0.556,8,13,0.615,3,3,1.0,1,5,6,4,0,0,3,2,31,25,1,2018-19,Regular Season,201939,Stephen Curry
22018,201939,0021800663,2019-01-16,GSW vs. NOP,W,35,11,22,0.5,9,17,0.529,10,10,1.0,1,4,5,3,1,0,2,3,41,20,1,2018-19,Regular Season,201939,Stephen Curry
22018,201939,0021800676,2019-01-18,GSW @ LAC,W,33,10,19,0.526,3,11,0.273,5,5,1.0,0,5,5,4,1,1,1,2,28,9,1,2018-19,Regular Season,201939,Stephen Curry
22018,201939,0021800701,2019-01-21,GSW @ LAL,W,30,3,12,0.25,2,10,0.2,3,3,1.0,1,4,5,12,1,0,0,3,11,27,1,2018-19,Regular Season,201939,Stephen Curry
22018,201939,0021800716,2019-01-24,GSW @ WAS,W,35,14,24,0.583,2,8,0.25,8,8,1.0,0,4,4,3,0,1,3,2,38,13,1,2018-19,Regular Season,201939,Stephen Curry
22018,201939,0021800732,2019-01-26,GSW @ BOS,W,38,7,15,0.467,6,12,0.5,4,4,1.0,0,3,3,3,0,0,1,2,24,4,1,2018-19,Regular Season,201939,Stephen Curry
22018,201939,0021800745,2019-01-28,GSW @ IND,W,27,10,13,0.769,6,8,0.75,0,0,0.0,1,5,6,3,2,0,3,4,26,10,1,2018-19,Regular Season,201939,Stephen Curry
22018,201939,0021800768,2019-01-31,GSW vs. PHI,L,38,14,27,0.519,10,18,0.556,3,4,0.75,1,3,4,6,1,0,6,1,41,-6,1,2018-19,Regular Season,201939,Stephen Curry
22018,201939,0021800782,2019-02-02,GSW vs. LAL,W,33,5,15,0.333,2,9,0.222,2,3,0.667,0,4,4,2,0,0,2,2,14,13,1,2018-19,Regular Season,201939,Stephen Curry
22018,201939,0021800810,2019-02-06,GSW vs. SAS,W,29,7,12,0.583,3,5,0.6,2,3,0.667,1,4,5,7,2,1,3,2,19,26,1,2018-19,Regular Season,201939,Stephen Curry
22018,201939,0021800822,2019-02-08,GSW @ PHX,W,36,6,17,0.353,3,11,0.273,5,6,0.833,0,7,7,7,1,1,2,5,20,13,1,2018-19,Regular Season,201939,Stephen Curry
22018,201939,0021800838,2019-02-10,GSW vs. MIA,W,36,9,18,0.5,5,10,0.5,2,2,1.0,1,3,4,2,2,0,2,2,25,-9,1,2018-19,Regular Season,201939,Stephen Curry
22018,201939,0021800852,2019-02-12,GSW vs. UTA,W,36,8,19,0.421,5,14,0.357,3,3,1.0,0,5,5,4,4,2,2,3,24,5,1,2018-19,Regular Season,201939,Stephen Curry
22018,201939,0021800862,2019-02-13,GSW @ POR,L,33,10,24,0.417,5,14,0.357,7,7,1.0,1,6,7,2,0,0,1,2,32,-10,1,2018-19,Regular Season,201939,Stephen Curry
22018,201939,0021800871,2019-02-21,GSW vs. SAC,W,36,12,23,0.522,10,16,0.625,2,2,1.0,0,6,6,7,2,0,3,1,36,6,1,2018-19,Regular Season,201939,Stephen Curry
22018,201939,0021800892,2019-02-23,GSW vs. HOU,L,36,9,18,0.5,5,11,0.455,2,2,1.0,0,9,9,7,1,1,3,3,25,-1,1,2018-19,Regular Season,201939,Stephen Curry
22018,201939,0021800897,2019-02-25,GSW @ CHA,W,35,5,18,0.278,4,14,0.286,2,3,0.667,0,5,5,6,4,0,4,1,16,-4,1,2018-19,Regular Season,201939,Stephen Curry
22018,201939,0021800915,2019-02-27,GSW @ MIA,L,34,9,20,0.45,4,14,0.286,2,3,0.667,1,5,6,4,0,0,3,1,24,5,1,2018-19,Regular Season,201939,Stephen Curry
22018,201939,0021800923,2019-02-28,GSW @ ORL,L,37,12,33,0.364,5,17,0.294,4,4,1.0,1,7,8,6,0,0,3,1,33,1,1,2018-19,Regular Season,201939,Stephen Curry
22018,201939,0021800938,2019-03-02,GSW @ PHI,W,36,10,23,0.435,5,15,0.333,3,3,1.0,1,3,4,2,4,0,2,4,28,2,1,2018-19,Regular Season,201939,Stephen Curry
22018,201939,0021800964,2019-03-05,GSW vs. BOS,L,31,8,16,0.5,4,10,0.4,3,3,1.0,0,3,3,4,1,0,4,3,23,-21,1,2018-19,Regular Season,201939,Stephen Curry
22018,201939,0021800984,2019-03-08,GSW vs. DEN,W,34,6,16,0.375,4,10,0.4,1,2,0.5,0,7,7,4,0,0,7,4,17,20,1,2018-19,Regular Season,201939,Stephen Curry
22018,201939,0021801000,2019-03-10,GSW vs. PHX,L,35,6,20,0.3,4,15,0.267,2,2,1.0,0,7,7,8,3,1,3,4,18,7,1,2018-19,Regular Season,201939,Stephen Curry
22018,201939,0021801018,2019-03-13,GSW @ HOU,W,35,8,20,0.4,3,9,0.333,5,5,1.0,2,2,4,5,2,0,1,2,24,-3,1,2018-19,Regular Season,201939,Stephen Curry
22018,201939,0021801038,2019-03-16,GSW @ OKC,W,33,10,23,0.435,5,12,0.417,8,10,0.8,1,6,7,3,2,0,4,1,33,19,1,2018-19,Regular Season,201939,Stephen Curry
22018,201939,0021801055,2019-03-18,GSW @ SAS,L,37,9,25,0.36,6,18,0.333,1,1,1.0,1,6,7,8,3,1,2,3,25,3,1,2018-19,Regular Season,201939,Stephen Curry
22018,201939,0021801062,2019-03-19,GSW @ MIN,W,33,12,21,0.571,8,14,0.571,4,5,0.8,1,2,3,5,2,0,2,1,36,15,1,2018-19,Regular Season,201939,Stephen Curry
22018,201939,0021801079,2019-03-21,GSW vs. IND,W,29,5,15,0.333,5,12,0.417,0,0,0.0,1,3,4,7,1,0,3,3,15,24,1,2018-19,Regular Season,201939,Stephen Curry
22018,201939,0021801101,2019-03-24,GSW vs. DET,W,35,9,19,0.474,5,10,0.5,3,3,1.0,2,7,9,3,1,0,4,2,26,14,1,2018-19,Regular Season,201939,Stephen Curry
22018,201939,0021801118,2019-03-27,GSW @ MEM,W,33,7,20,0.35,6,12,0.5,8,9,0.889,0,10,10,7,1,1,1,3,28,17,1,2018-19,Regular Season,201939,Stephen Curry
22018,201939,0021801132,2019-03-29,GSW @ MIN,L,42,13,25,0.52,11,19,0.579,0,0,0.0,0,3,3,5,2,0,2,2,37,5,1,2018-19,Regular Season,201939,Stephen Curry
22018,201939,0021801150,2019-03-31,GSW vs. CHA,W,27,8,14,0.571,5,8,0.625,4,4,1.0,0,5,5,6,2,1,1,0,25,37,1,2018-19,Regular Season,201939,Stephen Curry
22018,201939,0021801164,2019-04-02,GSW vs. DEN,W,30,6,11,0.545,5,10,0.5,0,0,0.0,0,4,4,5,3,0,4,4,17,25,1,2018-19,Regular Season,201939,Stephen Curry
22018,201939,0021801179,2019-04-04,GSW @ LAL,W,29,3,14,0.214,1,9,0.111,0,0,0.0,1,9,10,7,1,0,2,1,7,32,1,2018-19,Regular Season,201939,Stephen Curry
22018,201939,0021801191,2019-04-05,GSW vs. CLE,W,36,12,21,0.571,9,12,0.75,7,7,1.0,1,5,6,7,0,1,4,1,40,5,1,2018-19,Regular Season,201939,Stephen Curry
22018,201939,0021801205,2019-04-07,GSW vs. LAC,W,30,11,20,0.55,3,10,0.3,2,2,1.0,0,5,5,4,1,1,0,3,27,35,1,2018-19,Regular Season,201939,Stephen Curry
22018,201939,0021801215,2019-04-09,GSW @ NOP,W,9,2,4,0.5,1,2,0.5,0,0,0.0,0,1,1,1,0,0,2,0,5,1,1,2018-19,Regular Season,201939,Stephen Curry
42018,201939,0041800141,2019-04-13,GSW vs. LAC,W,37,11,16,0.688,8,12,0.667,8,9,0.889,3,12,15,7,0,1,4,4,38,27,1,2018-19,Playoffs,201939,Stephen Curry
42018,201939,0041800142,2019-04-15,GSW vs. LAC,L,34,8,18,0.444,5,11,0.455,8,8,1.0,0,1,1,6,3,0,4,4,29,5,1,2018-19,Playoffs,201939,Stephen Curry
42018,201939,0041800143,2019-04-18,GSW @ LAC,W,20,7,11,0.636,4,6,0.667,3,3,1.0,0,5,5,1,0,0,2,5,21,19,1,2018-19,Playoffs,201939,Stephen Curry
42018,201939,0041800144,2019-04-21,GSW @ LAC,W,35,3,14,0.214,1,9,0.111,5,5,1.0,0,10,10,7,3,0,3,4,12,-2,1,2018-19,Playoffs,201939,Stephen Curry
42018,201939,0041800145,2019-04-24,GSW vs. LAC,L,38,7,15,0.467,4,5,0.8,6,6,1.0,0,3,3,4,0,1,3,2,24,-3,1,2018-19,Playoffs,201939,Stephen Curry
42018,201939,0041800146,2019-04-26,GSW @ LAC,W,37,8,14,0.571,2,5,0.4,6,6,1.0,0,6,6,6,1,0,1,2,24,20,1,2018-19,Playoffs,201939,Stephen Curry
42018,201939,0041800221,2019-04-28,GSW vs. HOU,W,37,5,12,0.417,3,10,0.3,5,5,1.0,0,7,7,4,1,0,3,5,18,4,1,2018-19,Playoffs,201939,Stephen Curry
42018,201939,0041800222,2019-04-30,GSW vs. HOU,W,33,6,16,0.375,3,13,0.231,5,5,1.0,1,2,3,5,2,1,3,5,20,9,1,2018-19,Playoffs,201939,Stephen Curry
42018,201939,0041800223,2019-05-04,GSW @ HOU,L,45,7,23,0.304,2,9,0.222,1,3,0.333,0,3,3,4,2,0,3,5,17,-1,1,2018-19,Playoffs,201939,Stephen Curry
42018,201939,0041800224,2019-05-06,GSW @ HOU,L,43,12,25,0.48,4,14,0.286,2,2,1.0,0,4,4,8,1,0,3,3,30,4,1,2018-19,Playoffs,201939,Stephen Curry
42018,201939,0041800225,2019-05-08,GSW vs. HOU,W,44,9,23,0.391,3,11,0.273,4,5,0.8,2,4,6,5,0,0,3,2,25,9,1,2018-19,Playoffs,201939,Stephen Curry
42018,201939,0041800226,2019-05-10,GSW @ HOU,W,34,9,20,0.45,4,11,0.364,11,11,1.0,0,5,5,4,0,0,3,4,33,8,1,2018-19,Playoffs,201939,Stephen Curry
42018,201939,0041800311,2019-05-14,GSW vs. POR,W,35,12,23,0.522,9,15,0.6,3,3,1.0,1,5,6,7,1,0,1,3,36,10,1,2018-19,Playoffs,201939,Stephen Curry
42018,201939,0041800312,2019-05-16,GSW vs. POR,W,39,11,22,0.5,4,14,0.286,11,11,1.0,0,8,8,8,0,0,6,2,37,10,1,2018-19,Playoffs,201939,Stephen Curry
42018,201939,0041800313,2019-05-18,GSW @ POR,W,37,11,26,0.423,6,16,0.375,8,9,0.889,0,6,6,3,0,0,5,3,36,19,1,2018-19,Playoffs,201939,Stephen Curry
42018,201939,0041800314,2019-05-20,GSW @ POR,W,47,11,25,0.44,7,16,0.438,8,9,0.889,4,9,13,11,1,0,2,0,37,3,1,2018-19,Playoffs,201939,Stephen Curry
42018,201939,0041800401,2019-05-30,GSW @ TOR,L,40,8,18,0.444,4,9,0.444,14,14,1.0,1,4,5,5,1,0,3,4,34,-9,1,2018-19,Playoffs,201939,Stephen Curry
42018,201939,0041800402,2019-06-02,GSW @ TOR,W,41,6,17,0.353,3,10,0.3,8,9,0.889,0,3,3,4,3,0,1,3,23,12,1,2018-19,Playoffs,201939,Stephen Curry
42018,201939,0041800403,2019-06-05,GSW vs. TOR,L,43,14,31,0.452,6,14,0.429,13,14,0.929,2,6,8,7,2,0,3,1,47,-8,1,2018-19,Playoffs,201939,Stephen Curry
42018,201939,0041800404,2019-06-07,GSW vs. TOR,L,43,9,22,0.409,2,9,0.222,7,8,0.875,0,4,4,6,1,0,3,4,27,-11,1,2018-19,Playoffs,201939,Stephen Curry
42018,201939,0041800405,2019-06-10,GSW @ TOR,W,41,10,23,0.435,5,14,0.357,6,6,1.0,2,6,8,7,0,0,4,0,31,-2,1,2018-19,Playoffs,201939,Stephen Curry
42018,201939,0041800406,2019-06-13,GSW vs. TOR,L,42,6,17,0.353,3,11,0.273,6,6,1.0,1,2,3,7,2,1,3,3,21,-1,1,2018-19,Playoffs,201939,Stephen Curry
22018,201142,0021800002,2018-10-16,GSW vs. OKC,W,38,9,21,0.429,0,5,0.0,9,10,0.9,1,7,8,6,1,1,3,4,27,14,1,2018-19,Regular Season,201142,Kevin Durant
22018,201142,0021800024,2018-10-19,GSW @ UTA,W,40,14,25,0.56,1,1,1.0,9,9,1.0,0,9,9,7,1,1,2,3,38,-1,1,2018-19,Regular Season,201142,Kevin Durant
22018,201142,0021800038,2018-10-21,GSW @ DEN,L,39,7,19,0.368,0,4,0.0,6,7,0.857,0,11,11,7,1,1,4,2,20,0,1,2018-19,Regular Season,201142,Kevin Durant
22018,201142,0021800047,2018-10-22,GSW vs. PHX,W,26,9,17,0.529,2,3,0.667,2,2,1.0,0,4,4,3,1,0,3,3,22,16,1,2018-19,Regular Season,201142,Kevin Durant
22018,201142,0021800062,2018-10-24,GSW vs. WAS,W,32,13,18,0.722,1,3,0.333,3,3,1.0,0,8,8,7,1,1,3,0,30,26,1,2018-19,Regular Season,201142,Kevin Durant
22018,201142,0021800068,2018-10-26,GSW @ NYK,W,36,17,24,0.708,5,9,0.556,2,2,1.0,1,8,9,5,0,0,3,0,41,17,1,2018-19,Regular Season,201142,Kevin Durant
22018,201142,0021800083,2018-10-28,GSW @ BKN,W,39,11,20,0.55,2,6,0.333,10,11,0.909,0,8,8,6,1,1,3,0,34,-2,1,2018-19,Regular Season,201142,Kevin Durant
22018,201142,0021800091,2018-10-29,GSW @ CHI,W,28,5,9,0.556,1,4,0.25,3,3,1.0,0,2,2,7,1,1,0,2,14,45,1,2018-19,Regular Season,201142,Kevin Durant
22018,201142,0021800108,2018-10-31,GSW vs. NOP,W,40,10,17,0.588,2,3,0.667,2,3,0.667,0,5,5,8,2,0,2,0,24,12,1,2018-19,Regular Season,201142,Kevin Durant
22018,201142,0021800124,2018-11-02,GSW vs. MIN,W,36,11,19,0.579,3,5,0.6,8,9,0.889,0,13,13,3,0,1,4,2,33,17,1,2018-19,Regular Season,201142,Kevin Durant
22018,201142,0021800147,2018-11-05,GSW vs. MEM,W,32,7,11,0.636,0,1,0.0,8,8,1.0,0,6,6,6,1,0,0,0,22,25,1,2018-19,Regular Season,201142,Kevin Durant
22018,201142,0021800166,2018-11-08,GSW vs. MIL,L,31,6,15,0.4,1,2,0.5,4,5,0.8,0,5,5,9,0,1,6,1,17,-28,1,2018-19,Regular Season,201142,Kevin Durant
22018,201142,0021800182,2018-11-10,GSW vs. BKN,W,30,9,15,0.6,1,1,1.0,9,9,1.0,1,4,5,11,2,1,2,0,28,14,1,2018-19,Regular Season,201142,Kevin Durant
22018,201142,0021800198,2018-11-12,GSW @ LAC,L,39,10,24,0.417,2,4,0.5,11,13,0.846,1,10,11,10,1,2,4,6,33,4,1,2018-19,Regular Season,201142,Kevin Durant
22018,201142,0021800201,2018-11-13,GSW vs. ATL,W,37,9,23,0.391,0,3,0.0,11,11,1.0,0,6,6,3,2,1,4,3,29,-7,1,2018-19,Regular Season,201142,Kevin Durant
22018,201142,0021800213,2018-11-15,GSW @ HOU,L,30,6,15,0.4,0,2,0.0,8,8,1.0,1,4,5,2,0,1,2,1,20,-11,1,2018-19,Regular Season,201142,Kevin Durant
22018,201142,0021800232,2018-11-17,GSW @ DAL,L,37,11,24,0.458,0,4,0.0,10,11,0.909,0,4,4,3,0,1,4,4,32,-13,1,2018-19,Regular Season,201142,Kevin Durant
22018,201142,0021800238,2018-11-18,GSW @ SAS,L,37,8,25,0.32,1,8,0.125,9,10,0.9,1,9,10,6,2,1,3,1,26,-19,1,2018-19,Regular Season,201142,Kevin Durant
22018,201142,0021800264,2018-11-21,GSW vs. OKC,L,35,11,22,0.5,1,5,0.2,4,4,1.0,1,13,14,3,0,3,6,2,27,-16,1,2018-19,Regular Season,201142,Kevin Durant
22018,201142,0021800277,2018-11-23,GSW vs. POR,W,38,13,21,0.619,2,5,0.4,4,5,0.8,1,8,9,7,2,3,6,3,32,23,1,2018-19,Regular Season,201142,Kevin Durant
22018,201142,0021800285,2018-11-24,GSW vs. SAC,W,40,13,26,0.5,2,8,0.25,16,17,0.941,1,12,13,7,0,2,7,3,44,3,1,2018-19,Regular Season,201142,Kevin Durant
22018,201142,0021800300,2018-11-26,GSW vs. ORL,W,40,16,33,0.485,4,10,0.4,13,13,1.0,0,6,6,9,2,2,4,4,49,13,1,2018-19,Regular Season,201142,Kevin Durant
22018,201142,0021800316,2018-11-29,GSW @ TOR,L,43,18,31,0.581,4,7,0.571,11,12,0.917,3,8,11,6,0,0,1,4,51,-5,1,2018-19,Regular Season,201142,Kevin Durant
22018,201142,0021800331,2018-12-01,GSW @ DET,L,40,9,19,0.474,1,7,0.143,9,9,1.0,0,6,6,7,0,2,2,3,28,-5,1,2018-19,Regular Season,201142,Kevin Durant
22018,201142,0021800344,2018-12-03,GSW @ ATL,W,34,10,13,0.769,1,3,0.333,7,8,0.875,0,5,5,8,2,0,5,2,28,31,1,2018-19,Regular Season,201142,Kevin Durant
22018,201142,0021800355,2018-12-05,GSW @ CLE,W,34,9,16,0.563,4,7,0.571,3,4,0.75,0,10,10,9,1,2,4,1,25,22,1,2018-19,Regular Season,201142,Kevin Durant
22018,201142,0021800377,2018-12-07,GSW @ MIL,W,37,3,14,0.214,1,6,0.167,4,4,1.0,0,8,8,6,1,0,7,3,11,5,1,2018-19,Regular Season,201142,Kevin Durant
22018,201142,0021800400,2018-12-10,GSW vs. MIN,W,35,7,15,0.467,4,7,0.571,4,4,1.0,1,4,5,3,3,0,2,1,22,9,1,2018-19,Regular Season,201142,Kevin Durant
22018,201142,0021800415,2018-12-12,GSW vs. TOR,L,33,13,22,0.591,2,4,0.5,2,2,1.0,0,7,7,5,0,0,5,2,30,-10,1,2018-19,Regular Season,201142,Kevin Durant
22018,201142,0021800428,2018-12-14,GSW @ SAC,W,37,9,20,0.45,4,8,0.5,11,12,0.917,2,6,8,8,0,0,4,1,33,23,1,2018-19,Regular Season,201142,Kevin Durant
22018,201142,0021800449,2018-12-17,GSW vs. MEM,W,33,7,15,0.467,1,3,0.333,8,8,1.0,0,3,3,5,0,2,2,0,23,14,1,2018-19,Regular Season,201142,Kevin Durant
22018,201142,0021800464,2018-12-19,GSW @ UTA,L,36,10,23,0.435,2,7,0.286,8,9,0.889,1,6,7,2,0,1,5,2,30,-6,1,2018-19,Regular Season,201142,Kevin Durant
22018,201142,0021800484,2018-12-22,GSW vs. DAL,W,37,9,18,0.5,3,5,0.6,8,8,1.0,2,10,12,8,0,1,5,2,29,1,1,2018-19,Regular Season,201142,Kevin Durant
22018,201142,0021800494,2018-12-23,GSW vs. LAC,W,38,10,19,0.526,3,7,0.429,12,15,0.8,0,12,12,5,1,3,1,2,35,13,1,2018-19,Regular Season,201142,Kevin Durant
22018,201142,0021800500,2018-12-25,GSW vs. LAL,L,37,5,13,0.385,3,8,0.375,8,8,1.0,0,7,7,7,1,0,1,2,21,-11,1,2018-19,Regular Season,201142,Kevin Durant
22018,201142,0021800516,2018-12-27,GSW vs. POR,L,42,11,23,0.478,2,7,0.286,2,4,0.5,1,9,10,11,1,1,2,3,26,1,1,2018-19,Regular Season,201142,Kevin Durant
22018,201142,0021800534,2018-12-29,GSW @ POR,W,34,10,19,0.526,0,1,0.0,5,6,0.833,0,2,2,5,1,1,6,1,25,3,1,2018-19,Regular Season,201142,Kevin Durant
22018,201142,0021800548,2018-12-31,GSW @ PHX,W,30,8,14,0.571,3,4,0.75,6,9,0.667,0,2,2,4,0,0,4,1,25,21,1,2018-19,Regular Season,201142,Kevin Durant
22018,201142,0021800565,2019-01-03,GSW vs. HOU,L,42,10,23,0.435,1,5,0.2,5,5,1.0,0,7,7,3,0,1,2,0,26,4,1,2018-19,Regular Season,201142,Kevin Durant
22018,201142,0021800583,2019-01-05,GSW @ SAC,W,39,11,20,0.55,3,7,0.429,4,5,0.8,0,5,5,9,0,2,1,2,29,10,1,2018-19,Regular Season,201142,Kevin Durant
22018,201142,0021800605,2019-01-08,GSW vs. NYK,W,30,7,14,0.5,2,7,0.286,8,9,0.889,1,5,6,6,0,2,6,2,24,26,1,2018-19,Regular Season,201142,Kevin Durant
22018,201142,0021800629,2019-01-11,GSW vs. CHI,W,28,7,11,0.636,2,3,0.667,6,6,1.0,0,4,4,5,1,1,1,1,22,42,1,2018-19,Regular Season,201142,Kevin Durant
22018,201142,0021800642,2019-01-13,GSW @ DAL,W,38,10,21,0.476,2,4,0.5,6,7,0.857,0,7,7,5,1,2,2,2,28,6,1,2018-19,Regular Season,201142,Kevin Durant
22018,201142,0021800655,2019-01-15,GSW @ DEN,W,30,11,15,0.733,5,7,0.714,0,0,0.0,0,4,4,6,1,1,1,2,27,25,1,2018-19,Regular Season,201142,Kevin Durant
22018,201142,0021800663,2019-01-16,GSW vs. NOP,W,38,10,24,0.417,5,10,0.5,5,5,1.0,2,13,15,4,2,1,3,3,30,16,1,2018-19,Regular Season,201142,Kevin Durant
22018,201142,0021800676,2019-01-18,GSW @ LAC,W,35,8,13,0.615,2,7,0.286,6,9,0.667,0,7,7,5,2,2,5,4,24,9,1,2018-19,Regular Season,201142,Kevin Durant
22018,201142,0021800701,2019-01-21,GSW @ LAL,W,30,8,13,0.615,1,2,0.5,3,4,0.75,0,6,6,4,0,3,2,1,20,25,1,2018-19,Regular Season,201142,Kevin Durant
22018,201142,0021800716,2019-01-24,GSW @ WAS,W,37,9,18,0.5,1,4,0.25,2,2,1.0,0,2,2,5,2,3,4,1,21,15,1,2018-19,Regular Season,201142,Kevin Durant
22018,201142,0021800732,2019-01-26,GSW @ BOS,W,39,10,23,0.435,1,4,0.25,12,13,0.923,0,9,9,3,0,2,4,3,33,12,1,2018-19,Regular Season,201142,Kevin Durant
22018,201142,0021800745,2019-01-28,GSW @ IND,W,30,7,21,0.333,1,5,0.2,1,1,1.0,2,1,3,7,0,0,3,2,16,22,1,2018-19,Regular Season,201142,Kevin Durant
22018,201142,0021800768,2019-01-31,GSW vs. PHI,L,38,11,24,0.458,1,8,0.125,2,2,1.0,2,2,4,4,2,0,1,3,25,-5,1,2018-19,Regular Season,201142,Kevin Durant
22018,201142,0021800782,2019-02-02,GSW vs. LAL,W,35,8,13,0.615,0,2,0.0,5,5,1.0,1,4,5,11,0,0,2,1,21,18,1,2018-19,Regular Season,201142,Kevin Durant
22018,201142,0021800810,2019-02-06,GSW vs. SAS,W,29,9,13,0.692,3,4,0.75,2,2,1.0,0,8,8,9,2,0,0,1,23,28,1,2018-19,Regular Season,201142,Kevin Durant
22018,201142,0021800822,2019-02-08,GSW @ PHX,W,34,6,11,0.545,1,3,0.333,8,10,0.8,1,7,8,3,0,0,4,2,21,-1,1,2018-19,Regular Season,201142,Kevin Durant
22018,201142,0021800838,2019-02-10,GSW vs. MIA,W,37,16,24,0.667,1,7,0.143,6,10,0.6,0,6,6,4,0,1,3,2,39,-1,1,2018-19,Regular Season,201142,Kevin Durant
22018,201142,0021800852,2019-02-12,GSW vs. UTA,W,37,11,19,0.579,1,6,0.167,5,7,0.714,0,2,2,7,0,0,0,1,28,11,1,2018-19,Regular Season,201142,Kevin Durant
22018,201142,0021800862,2019-02-13,GSW @ POR,L,33,12,17,0.706,3,4,0.75,5,6,0.833,2,2,4,2,0,3,1,4,32,-6,1,2018-19,Regular Season,201142,Kevin Durant
22018,201142,0021800871,2019-02-21,GSW vs. SAC,W,37,10,20,0.5,1,5,0.2,7,7,1.0,1,8,9,4,1,7,3,4,28,7,1,2018-19,Regular Season,201142,Kevin Durant
22018,201142,0021800892,2019-02-23,GSW vs. HOU,L,38,11,19,0.579,3,7,0.429,4,6,0.667,1,3,4,3,0,2,2,1,29,5,1,2018-19,Regular Season,201142,Kevin Durant
22018,201142,0021800897,2019-02-25,GSW @ CHA,W,36,7,15,0.467,4,9,0.444,2,2,1.0,0,7,7,4,1,0,1,2,20,-4,1,2018-19,Regular Season,201142,Kevin Durant
22018,201142,0021800915,2019-02-27,GSW @ MIA,L,39,9,21,0.429,3,12,0.25,8,10,0.8,0,5,5,5,0,2,2,3,29,3,1,2018-19,Regular Season,201142,Kevin Durant
22018,201142,0021800938,2019-03-02,GSW @ PHI,W,37,11,24,0.458,2,7,0.286,10,14,0.714,0,5,5,5,0,0,4,0,34,11,1,2018-19,Regular Season,201142,Kevin Durant
22018,201142,0021800964,2019-03-05,GSW vs. BOS,L,31,5,16,0.313,0,5,0.0,8,10,0.8,0,2,2,2,1,0,5,2,18,-20,1,2018-19,Regular Season,201142,Kevin Durant
22018,201142,0021800984,2019-03-08,GSW vs. DEN,W,36,10,15,0.667,2,2,1.0,4,4,1.0,0,4,4,6,0,2,0,3,26,23,1,2018-19,Regular Season,201142,Kevin Durant
22018,201142,0021801000,2019-03-10,GSW vs. PHX,L,30,9,17,0.529,1,4,0.25,6,8,0.75,0,2,2,3,2,0,3,2,25,10,1,2018-19,Regular Season,201142,Kevin Durant
22018,201142,0021801055,2019-03-18,GSW @ SAS,L,36,9,18,0.5,0,4,0.0,6,6,1.0,0,5,5,3,0,0,3,5,24,-11,1,2018-19,Regular Season,201142,Kevin Durant
22018,201142,0021801062,2019-03-19,GSW @ MIN,W,35,7,13,0.538,3,6,0.5,0,0,0.0,0,2,2,9,1,0,2,0,17,-3,1,2018-19,Regular Season,201142,Kevin Durant
22018,201142,0021801079,2019-03-21,GSW vs. IND,W,28,6,9,0.667,1,4,0.25,2,2,1.0,0,3,3,6,1,3,4,1,15,26,1,2018-19,Regular Season,201142,Kevin Durant
22018,201142,0021801092,2019-03-23,GSW vs. DAL,L,29,9,25,0.36,0,8,0.0,7,7,1.0,0,5,5,4,0,0,1,2,25,-26,1,2018-19,Regular Season,201142,Kevin Durant
22018,201142,0021801101,2019-03-24,GSW vs. DET,W,35,5,6,0.833,1,2,0.5,3,4,0.75,0,5,5,11,1,0,2,4,14,-7,1,2018-19,Regular Season,201142,Kevin Durant
22018,201142,0021801118,2019-03-27,GSW @ MEM,W,35,12,13,0.923,1,1,1.0,3,3,1.0,1,8,9,5,2,0,2,2,28,30,1,2018-19,Regular Season,201142,Kevin Durant
22018,201142,0021801132,2019-03-29,GSW @ MIN,L,42,8,22,0.364,2,9,0.222,5,6,0.833,0,12,12,7,0,2,3,4,23,14,1,2018-19,Regular Season,201142,Kevin Durant
22018,201142,0021801150,2019-03-31,GSW vs. CHA,W,27,5,5,1.0,1,1,1.0,0,0,0.0,0,2,2,9,0,0,3,1,11,34,1,2018-19,Regular Season,201142,Kevin Durant
22018,201142,0021801164,2019-04-02,GSW vs. DEN,W,21,9,13,0.692,2,5,0.4,1,1,1.0,0,3,3,6,0,2,0,1,21,12,1,2018-19,Regular Season,201142,Kevin Durant
22018,201142,0021801179,2019-04-04,GSW @ LAL,W,29,5,7,0.714,3,4,0.75,2,2,1.0,0,6,6,8,0,0,6,3,15,37,1,2018-19,Regular Season,201142,Kevin Durant
22018,201142,0021801191,2019-04-05,GSW vs. CLE,W,37,7,14,0.5,1,3,0.333,0,0,0.0,0,5,5,8,1,1,2,2,15,5,1,2018-19,Regular Season,201142,Kevin Durant
22018,201142,0021801205,2019-04-07,GSW vs. LAC,W,28,6,7,0.857,1,2,0.5,3,4,0.75,0,4,4,7,1,1,1,1,16,19,1,2018-19,Regular Season,201142,Kevin Durant
22018,201142,0021801225,2019-04-10,GSW @ MEM,L,18,7,10,0.7,0,2,0.0,7,7,1.0,0,0,0,6,1,0,0,1,21,-9,1,2018-19,Regular Season,201142,Kevin Durant
42018,201142,0041800141,2019-04-13,GSW vs. LAC,W,32,8,16,0.5,1,2,0.5,6,6,1.0,0,4,4,3,1,3,3,2,23,17,1,2018-19,Playoffs,201142,Kevin Durant
42018,201142,0041800142,2019-04-15,GSW vs. LAC,L,34,5,8,0.625,0,1,0.0,11,12,0.917,0,5,5,5,3,1,9,6,21,2,1,2018-19,Playoffs,201142,Kevin Durant
42018,201142,0041800143,2019-04-18,GSW @ LAC,W,30,14,23,0.609,3,10,0.3,7,8,0.875,1,3,4,7,1,1,5,3,38,32,1,2018-19,Playoffs,201142,Kevin Durant
42018,201142,0041800144,2019-04-21,GSW @ LAC,W,38,12,21,0.571,3,6,0.5,6,6,1.0,0,7,7,6,1,0,3,3,33,9,1,2018-19,Playoffs,201142,Kevin Durant
42018,201142,0041800145,2019-04-24,GSW vs. LAC,L,41,14,26,0.538,5,12,0.417,12,12,1.0,0,6,6,6,2,1,1,4,45,2,1,2018-19,Playoffs,201142,Kevin Durant
42018,201142,0041800146,2019-04-26,GSW @ LAC,W,42,15,26,0.577,6,14,0.429,14,15,0.933,0,6,6,5,1,1,4,4,50,18,1,2018-19,Playoffs,201142,Kevin Durant
42018,201142,0041800221,2019-04-28,GSW vs. HOU,W,43,11,25,0.44,1,3,0.333,12,15,0.8,0,5,5,3,1,1,6,2,35,0,1,2018-19,Playoffs,201142,Kevin Durant
42018,201142,0041800222,2019-04-30,GSW vs. HOU,W,44,9,22,0.409,3,6,0.5,8,10,0.8,0,5,5,4,1,2,3,5,29,6,1,2018-19,Playoffs,201142,Kevin Durant
42018,201142,0041800223,2019-05-04,GSW @ HOU,L,50,14,31,0.452,6,10,0.6,12,12,1.0,0,3,3,6,0,0,0,1,46,-6,1,2018-19,Playoffs,201142,Kevin Durant
42018,201142,0041800224,2019-05-06,GSW @ HOU,L,43,12,22,0.545,2,6,0.333,8,10,0.8,0,7,7,5,1,1,3,4,34,0,1,2018-19,Playoffs,201142,Kevin Durant
42018,201142,0041800225,2019-05-08,GSW vs. HOU,W,32,8,18,0.444,2,7,0.286,4,5,0.8,0,5,5,4,1,0,5,2,22,-1,1,2018-19,Playoffs,201142,Kevin Durant
42018,201142,0041800405,2019-06-10,GSW @ TOR,W,12,3,5,0.6,3,3,1.0,2,2,1.0,0,2,2,0,0,1,1,2,11,6,1,2018-19,Playoffs,201142,Kevin Durant
22018,203507,0021800003,2018-10-17,MIL @ CHA,W,35,9,21,0.429,0,3,0.0,7,12,0.583,3,15,18,8,0,1,8,5,25,11,1,2018-19,Regular Season,203507,Giannis Antetokounmpo
22018,203507,0021800023,2018-10-19,MIL vs. IND,W,32,12,23,0.522,0,6,0.0,2,3,0.667,3,12,15,5,2,1,6,4,26,14,1,2018-19,Regular Season,203507,Giannis Antetokounmpo
22018,203507,0021800042,2018-10-22,MIL vs. NYK,W,37,13,29,0.448,1,3,0.333,4,6,0.667,9,6,15,4,0,2,3,4,31,9,1,2018-19,Regular Season,203507,Giannis Antetokounmpo
22018,203507,0021800059,2018-10-24,MIL vs. PHI,W,37,12,24,0.5,0,3,0.0,8,9,0.889,3,15,18,10,2,3,5,4,32,11,1,2018-19,Regular Season,203507,Giannis Antetokounmpo
22018,203507,0021800071,2018-10-26,MIL @ MIN,W,23,5,9,0.556,0,1,0.0,5,6,0.833,0,12,12,6,0,2,4,4,15,15,1,2018-19,Regular Season,203507,Giannis Antetokounmpo
22018,203507,0021800081,2018-10-27,MIL vs. ORL,W,19,9,12,0.75,0,0,0.0,3,4,0.75,0,7,7,1,0,1,4,2,21,14,1,2018-19,Regular Season,203507,Giannis Antetokounmpo
22018,203507,0021800115,2018-11-01,MIL @ BOS,L,36,13,22,0.591,0,1,0.0,7,11,0.636,2,9,11,2,3,0,4,2,33,-4,1,2018-19,Regular Season,203507,Giannis Antetokounmpo
22018,203507,0021800133,2018-11-04,MIL vs. SAC,W,30,8,11,0.727,1,2,0.5,9,12,0.75,3,12,15,11,1,1,5,3,26,39,1,2018-19,Regular Season,203507,Giannis Antetokounmpo
22018,203507,0021800152,2018-11-06,MIL @ POR,L,37,11,18,0.611,0,2,0.0,1,2,0.5,2,7,9,6,0,0,6,1,23,-7,1,2018-19,Regular Season,203507,Giannis Antetokounmpo
22018,203507,0021800166,2018-11-08,MIL @ GSW,W,26,7,16,0.438,0,2,0.0,10,11,0.909,2,7,9,4,2,2,2,5,24,15,1,2018-19,Regular Season,203507,Giannis Antetokounmpo
22018,203507,0021800175,2018-11-10,MIL @ LAC,L,41,11,19,0.579,0,2,0.0,5,11,0.455,4,14,18,4,5,2,6,5,27,-7,1,2018-19,Regular Season,203507,Giannis Antetokounmpo
22018,203507,0021800187,2018-11-11,MIL @ DEN,W,36,11,16,0.688,0,1,0.0,0,5,0.0,0,9,9,8,2,1,3,2,22,8,1,2018-19,Regular Season,203507,Giannis Antetokounmpo
22018,203507,0021800207,2018-11-14,MIL vs. MEM,L,35,10,14,0.714,0,2,0.0,11,12,0.917,1,8,9,4,1,2,6,4,31,4,1,2018-19,Regular Season,203507,Giannis Antetokounmpo
22018,203507,0021800223,2018-11-16,MIL vs. CHI,W,32,8,15,0.533,2,4,0.5,5,9,0.556,4,9,13,4,0,3,4,2,23,18,1,2018-19,Regular Season,203507,Giannis Antetokounmpo
22018,203507,0021800245,2018-11-19,MIL vs. DEN,W,39,13,25,0.52,0,6,0.0,3,6,0.5,3,9,12,6,2,0,4,3,29,11,1,2018-19,Regular Season,203507,Giannis Antetokounmpo
22018,203507,0021800259,2018-11-21,MIL vs. POR,W,30,13,20,0.65,1,3,0.333,6,9,0.667,5,11,16,9,3,0,3,1,33,27,1,2018-19,Regular Season,203507,Giannis Antetokounmpo
22018,203507,0021800275,2018-11-23,MIL vs. PHX,L,36,14,16,0.875,0,1,0.0,7,12,0.583,1,9,10,3,1,0,4,2,35,7,1,2018-19,Regular Season,203507,Giannis Antetokounmpo
22018,203507,0021800284,2018-11-24,MIL vs. SAS,W,39,9,16,0.563,0,3,0.0,16,20,0.8,2,16,18,8,2,1,3,3,34,21,1,2018-19,Regular Season,203507,Giannis Antetokounmpo
22018,203507,0021800294,2018-11-26,MIL @ CHA,L,40,7,15,0.467,1,3,0.333,5,7,0.714,2,11,13,9,1,3,1,4,20,6,1,2018-19,Regular Season,203507,Giannis Antetokounmpo
22018,203507,0021800310,2018-11-28,MIL vs. CHI,W,34,14,21,0.667,0,3,0.0,8,12,0.667,2,9,11,8,2,1,4,2,36,1,1,2018-19,Regular Season,203507,Giannis Antetokounmpo
22018,203507,0021800330,2018-12-01,MIL @ NYK,L,42,10,17,0.588,0,1,0.0,13,16,0.813,3,16,19,7,3,2,6,2,33,-6,1,2018-19,Regular Season,203507,Giannis Antetokounmpo
22018,203507,0021800361,2018-12-05,MIL vs. DET,W,26,6,12,0.5,0,2,0.0,3,4,0.75,1,6,7,5,1,1,5,4,15,22,1,2018-19,Regular Season,203507,Giannis Antetokounmpo
22018,203507,0021800377,2018-12-07,MIL vs. GSW,L,34,8,13,0.615,0,2,0.0,6,9,0.667,4,11,15,5,2,2,4,5,22,-3,1,2018-19,Regular Season,203507,Giannis Antetokounmpo
22018,203507,0021800388,2018-12-09,MIL @ TOR,W,37,8,15,0.533,1,3,0.333,2,3,0.667,5,14,19,6,0,1,2,3,19,9,1,2018-19,Regular Season,203507,Giannis Antetokounmpo
22018,203507,0021800407,2018-12-12,MIL @ IND,L,31,4,6,0.667,1,2,0.5,3,6,0.5,2,8,10,7,0,0,4,5,12,-31,1,2018-19,Regular Season,203507,Giannis Antetokounmpo
22018,203507,0021800423,2018-12-14,MIL @ CLE,W,38,14,19,0.737,0,0,0.0,16,21,0.762,4,10,14,8,0,2,4,5,44,25,1,2018-19,Regular Season,203507,Giannis Antetokounmpo
22018,203507,0021800443,2018-12-17,MIL @ DET,W,31,15,21,0.714,0,3,0.0,2,2,1.0,3,9,12,5,0,2,6,5,32,-8,1,2018-19,Regular Season,203507,Giannis Antetokounmpo
22018,203507,0021800462,2018-12-19,MIL vs. NOP,W,34,8,13,0.615,0,0,0.0,9,13,0.692,1,7,8,8,2,1,6,4,25,9,1,2018-19,Regular Season,203507,Giannis Antetokounmpo
22018,203507,0021800473,2018-12-21,MIL @ BOS,W,33,8,13,0.615,1,3,0.333,13,17,0.765,3,5,8,5,0,3,4,3,30,14,1,2018-19,Regular Season,203507,Giannis Antetokounmpo
22018,203507,0021800482,2018-12-22,MIL @ MIA,L,34,3,12,0.25,0,2,0.0,3,4,0.75,0,13,13,3,0,2,4,5,9,-9,1,2018-19,Regular Season,203507,Giannis Antetokounmpo
22018,203507,0021800497,2018-12-25,MIL @ NYK,W,35,13,21,0.619,0,2,0.0,4,7,0.571,2,12,14,3,4,2,2,3,30,15,1,2018-19,Regular Season,203507,Giannis Antetokounmpo
22018,203507,0021800513,2018-12-27,MIL vs. NYK,W,35,10,20,0.5,1,4,0.25,10,14,0.714,2,12,14,8,1,4,6,3,31,-2,1,2018-19,Regular Season,203507,Giannis Antetokounmpo
22018,203507,0021800527,2018-12-29,MIL vs. BKN,W,34,13,17,0.765,2,3,0.667,3,5,0.6,2,8,10,10,2,3,4,2,31,7,1,2018-19,Regular Season,203507,Giannis Antetokounmpo
22018,203507,0021800550,2019-01-01,MIL vs. DET,W,26,6,11,0.545,0,1,0.0,3,5,0.6,0,8,8,7,1,3,3,5,15,15,1,2018-19,Regular Season,203507,Giannis Antetokounmpo
22018,203507,0021800572,2019-01-04,MIL vs. ATL,W,19,6,8,0.75,0,1,0.0,4,6,0.667,1,7,8,10,1,2,0,2,16,21,1,2018-19,Regular Season,203507,Giannis Antetokounmpo
22018,203507,0021800580,2019-01-05,MIL vs. TOR,L,40,16,25,0.64,3,5,0.6,8,11,0.727,1,17,18,4,1,0,6,2,43,-8,1,2018-19,Regular Season,203507,Giannis Antetokounmpo
22018,203507,0021800594,2019-01-07,MIL vs. UTA,W,35,13,30,0.433,0,4,0.0,4,6,0.667,3,7,10,2,1,2,1,6,30,7,1,2018-19,Regular Season,203507,Giannis Antetokounmpo
22018,203507,0021800610,2019-01-09,MIL @ HOU,W,37,8,16,0.5,0,1,0.0,11,14,0.786,4,17,21,5,1,0,3,2,27,14,1,2018-19,Regular Season,203507,Giannis Antetokounmpo
22018,203507,0021800640,2019-01-13,MIL @ ATL,W,31,9,17,0.529,1,3,0.333,14,19,0.737,2,4,6,4,3,1,4,3,33,20,1,2018-19,Regular Season,203507,Giannis Antetokounmpo
22018,203507,0021800654,2019-01-15,MIL vs. MIA,W,25,4,9,0.444,0,0,0.0,4,8,0.5,1,9,10,10,3,0,2,2,12,24,1,2018-19,Regular Season,203507,Giannis Antetokounmpo
22018,203507,0021800660,2019-01-16,MIL @ MEM,W,22,10,14,0.714,0,1,0.0,7,8,0.875,1,10,11,3,1,2,1,4,27,9,1,2018-19,Regular Season,203507,Giannis Antetokounmpo
22018,203507,0021800682,2019-01-19,MIL @ ORL,W,32,10,17,0.588,1,3,0.333,4,6,0.667,2,11,13,5,2,0,5,3,25,20,1,2018-19,Regular Season,203507,Giannis Antetokounmpo
22018,203507,0021800694,2019-01-21,MIL vs. DAL,W,36,10,20,0.5,1,2,0.5,10,12,0.833,3,12,15,5,0,0,5,4,31,10,1,2018-19,Regular Season,203507,Giannis Antetokounmpo
22018,203507,0021800727,2019-01-25,MIL vs. CHA,W,38,14,21,0.667,0,2,0.0,6,8,0.75,1,13,14,3,3,3,2,5,34,6,1,2018-19,Regular Season,203507,Giannis Antetokounmpo
22018,203507,0021800738,2019-01-27,MIL @ OKC,L,35,8,22,0.364,3,5,0.6,8,12,0.667,4,14,18,4,1,0,4,4,27,0,1,2018-19,Regular Season,203507,Giannis Antetokounmpo
22018,203507,0021800750,2019-01-29,MIL @ DET,W,35,8,16,0.5,1,4,0.25,4,5,0.8,1,7,8,11,3,2,2,5,21,10,1,2018-19,Regular Season,203507,Giannis Antetokounmpo
22018,203507,0021800766,2019-01-31,MIL @ TOR,W,28,7,13,0.538,1,4,0.25,4,5,0.8,1,8,9,5,4,2,1,5,19,12,1,2018-19,Regular Season,203507,Giannis Antetokounmpo
22018,203507,0021800778,2019-02-02,MIL @ WAS,W,33,10,20,0.5,0,3,0.0,17,17,1.0,1,9,10,2,1,0,4,4,37,21,1,2018-19,Regular Season,203507,Giannis Antetokounmpo
22018,203507,0021800792,2019-02-04,MIL @ BKN,W,32,12,19,0.632,0,2,0.0,6,8,0.75,2,13,15,9,0,3,4,2,30,7,1,2018-19,Regular Season,203507,Giannis Antetokounmpo
22018,203507,0021800806,2019-02-06,MIL vs. WAS,W,31,17,21,0.81,3,3,1.0,6,11,0.545,2,4,6,4,3,0,4,4,43,2,1,2018-19,Regular Season,203507,Giannis Antetokounmpo
22018,203507,0021800821,2019-02-08,MIL @ DAL,W,31,13,19,0.684,1,3,0.333,2,2,1.0,2,14,16,5,0,1,3,3,29,25,1,2018-19,Regular Season,203507,Giannis Antetokounmpo
22018,203507,0021800843,2019-02-11,MIL @ CHI,W,35,9,13,0.692,2,3,0.667,9,14,0.643,2,15,17,8,0,3,6,3,29,21,1,2018-19,Regular Season,203507,Giannis Antetokounmpo
22018,203507,0021800854,2019-02-13,MIL @ IND,W,38,12,22,0.545,0,2,0.0,9,10,0.9,7,12,19,11,2,1,2,1,33,19,1,2018-19,Regular Season,203507,Giannis Antetokounmpo
22018,203507,0021800870,2019-02-21,MIL vs. BOS,W,37,11,19,0.579,1,2,0.5,7,10,0.7,2,11,13,6,1,2,4,2,30,-10,1,2018-19,Regular Season,203507,Giannis Antetokounmpo
22018,203507,0021800891,2019-02-23,MIL vs. MIN,W,33,9,16,0.563,3,4,0.75,6,6,1.0,1,9,10,7,1,2,3,2,27,15,1,2018-19,Regular Season,203507,Giannis Antetokounmpo
22018,203507,0021800920,2019-02-27,MIL @ SAC,W,24,7,12,0.583,0,3,0.0,3,5,0.6,1,6,7,2,0,2,1,0,17,-24,1,2018-19,Regular Season,203507,Giannis Antetokounmpo
22018,203507,0021800934,2019-03-01,MIL @ LAL,W,32,7,14,0.5,0,2,0.0,2,4,0.5,2,13,15,6,0,3,4,4,16,3,1,2018-19,Regular Season,203507,Giannis Antetokounmpo
22018,203507,0021800943,2019-03-02,MIL @ UTA,L,32,15,26,0.577,2,3,0.667,11,19,0.579,3,11,14,8,2,1,4,3,43,19,1,2018-19,Regular Season,203507,Giannis Antetokounmpo
22018,203507,0021800955,2019-03-04,MIL @ PHX,L,34,8,14,0.571,0,1,0.0,5,10,0.5,2,11,13,6,3,0,6,6,21,-5,1,2018-19,Regular Season,203507,Giannis Antetokounmpo
22018,203507,0021800975,2019-03-07,MIL vs. IND,W,33,10,17,0.588,1,4,0.25,8,8,1.0,1,11,12,5,0,1,6,3,29,20,1,2018-19,Regular Season,203507,Giannis Antetokounmpo
22018,203507,0021800990,2019-03-09,MIL vs. CHA,W,30,7,11,0.636,2,4,0.5,10,10,1.0,3,10,13,6,1,1,5,3,26,14,1,2018-19,Regular Season,203507,Giannis Antetokounmpo
22018,203507,0021800999,2019-03-10,MIL @ SAS,L,35,10,18,0.556,1,4,0.25,6,10,0.6,3,10,13,6,0,1,0,2,27,-4,1,2018-19,Regular Season,203507,Giannis Antetokounmpo
22018,203507,0021801010,2019-03-12,MIL @ NOP,W,26,7,13,0.538,0,4,0.0,10,10,1.0,2,7,9,5,0,0,6,4,24,17,1,2018-19,Regular Season,203507,Giannis Antetokounmpo
22018,203507,0021801029,2019-03-15,MIL @ MIA,W,35,12,19,0.632,1,4,0.25,8,11,0.727,2,14,16,9,2,3,6,4,33,19,2,2018-19,Regular Season,203507,Giannis Antetokounmpo
22018,203507,0021801043,2019-03-17,MIL vs. PHI,L,36,15,26,0.577,3,8,0.375,19,21,0.905,1,15,16,7,2,1,1,1,52,12,2,2018-19,Regular Season,203507,Giannis Antetokounmpo
22018,203507,0021801085,2019-03-22,MIL vs. MIA,W,28,12,19,0.632,1,4,0.25,2,4,0.5,2,6,8,7,1,2,3,3,27,7,1,2018-19,Regular Season,203507,Giannis Antetokounmpo
22018,203507,0021801096,2019-03-24,MIL vs. CLE,W,32,11,16,0.688,0,3,0.0,4,6,0.667,0,10,10,7,0,4,4,3,26,23,1,2018-19,Regular Season,203507,Giannis Antetokounmpo
22018,203507,0021801111,2019-03-26,MIL vs. HOU,W,33,7,15,0.467,0,2,0.0,5,7,0.714,2,12,14,4,1,1,5,3,19,7,1,2018-19,Regular Season,203507,Giannis Antetokounmpo
22018,203507,0021801127,2019-03-28,MIL vs. LAC,W,32,10,18,0.556,2,6,0.333,12,14,0.857,0,9,9,5,1,1,1,3,34,1,1,2018-19,Regular Season,203507,Giannis Antetokounmpo
22018,203507,0021801154,2019-04-01,MIL @ BKN,W,30,9,23,0.391,1,3,0.333,9,11,0.818,5,6,11,2,1,1,4,4,28,6,1,2018-19,Regular Season,203507,Giannis Antetokounmpo
22018,203507,0021801177,2019-04-04,MIL @ PHI,W,35,13,22,0.591,3,7,0.429,16,21,0.762,0,13,13,6,0,5,0,2,45,9,1,2018-19,Regular Season,203507,Giannis Antetokounmpo
22018,203507,0021801202,2019-04-07,MIL vs. ATL,W,25,10,15,0.667,2,5,0.4,8,12,0.667,3,6,9,3,1,3,1,0,30,16,1,2018-19,Regular Season,203507,Giannis Antetokounmpo
42018,203507,0041800101,2019-04-14,MIL vs. DET,W,23,9,17,0.529,1,5,0.2,5,12,0.417,3,14,17,4,1,0,1,1,24,30,1,2018-19,Playoffs,203507,Giannis Antetokounmpo
42018,203507,0041800102,2019-04-17,MIL vs. DET,W,30,11,18,0.611,1,3,0.333,3,5,0.6,2,10,12,4,0,2,5,4,26,16,1,2018-19,Playoffs,203507,Giannis Antetokounmpo
42018,203507,0041800103,2019-04-20,MIL @ DET,W,28,5,13,0.385,0,3,0.0,4,6,0.667,4,6,10,3,1,0,4,5,14,-7,1,2018-19,Playoffs,203507,Giannis Antetokounmpo
42018,203507,0041800104,2019-04-22,MIL @ DET,W,32,12,23,0.522,2,6,0.333,15,20,0.75,2,7,9,3,1,4,1,2,41,22,1,2018-19,Playoffs,203507,Giannis Antetokounmpo
42018,203507,0041800201,2019-04-28,MIL vs. BOS,L,34,7,21,0.333,3,5,0.6,5,10,0.5,1,7,8,2,1,1,2,1,22,-24,1,2018-19,Playoffs,203507,Giannis Antetokounmpo
42018,203507,0041800202,2019-04-30,MIL vs. BOS,W,31,7,15,0.467,2,4,0.5,13,18,0.722,2,7,9,4,2,1,1,2,29,20,1,2018-19,Playoffs,203507,Giannis Antetokounmpo
42018,203507,0041800203,2019-05-03,MIL @ BOS,W,39,8,13,0.615,0,1,0.0,16,22,0.727,0,13,13,8,2,3,5,5,32,7,1,2018-19,Playoffs,203507,Giannis Antetokounmpo
42018,203507,0041800204,2019-05-06,MIL @ BOS,W,34,15,22,0.682,2,5,0.4,7,10,0.7,5,11,16,4,1,1,2,4,39,4,1,2018-19,Playoffs,203507,Giannis Antetokounmpo
42018,203507,0041800205,2019-05-08,MIL vs. BOS,W,31,8,14,0.571,0,2,0.0,4,5,0.8,0,8,8,8,2,2,4,3,20,35,2,2018-19,Playoffs,203507,Giannis Antetokounmpo
42018,203507,0041800301,2019-05-15,MIL vs. TOR,W,37,7,16,0.438,1,3,0.333,9,12,0.75,4,10,14,6,2,3,5,1,24,8,1,2018-19,Playoffs,203507,Giannis Antetokounmpo
42018,203507,0041800302,2019-05-17,MIL vs. TOR,W,35,10,20,0.5,1,4,0.25,9,12,0.75,4,13,17,5,1,2,4,2,30,17,1,2018-19,Playoffs,203507,Giannis Antetokounmpo
42018,203507,0041800303,2019-05-19,MIL @ TOR,L,45,5,16,0.313,0,3,0.0,2,7,0.286,3,20,23,7,1,4,8,6,12,3,1,2018-19,Playoffs,203507,Giannis Antetokounmpo
42018,203507,0041800304,2019-05-21,MIL @ TOR,L,34,9,17,0.529,1,3,0.333,6,10,0.6,2,8,10,5,1,3,4,3,25,-19,1,2018-19,Playoffs,203507,Giannis Antetokounmpo
42018,203507,0041800305,2019-05-23,MIL vs. TOR,L,39,9,18,0.5,2,3,0.667,4,9,0.444,1,5,6,6,0,1,2,5,24,-2,1,2018-19,Playoffs,203507,Giannis Antetokounmpo
42018,203507,0041800306,2019-05-25,MIL @ TOR,L,41,7,18,0.389,2,5,0.4,5,10,0.5,3,8,11,4,2,3,2,4,21,3,1,2018-19,Playoffs,203507,Giannis Antetokounmpo
22018,1629029,0021800013,2018-10-17,DAL @ PHX,L,32,5,16,0.313,0,5,0.0,0,2,0.0,2,6,8,4,0,0,4,3,10,-18,1,2018-19,Regular Season,1629029,Luka Dončić
22018,1629029,0021800032,2018-10-20,DAL vs. MIN,W,36,8,16,0.5,4,9,0.444,6,9,0.667,1,5,6,3,2,1,6,3,26,4,1,2018-19,Regular Season,1629029,Luka Dončić
22018,1629029,0021800044,2018-10-22,DAL vs. CHI,W,36,7,14,0.5,3,8,0.375,2,2,1.0,0,3,3,6,1,0,3,3,19,5,1,2018-19,Regular Season,1629029,Luka Dončić
22018,1629029,0021800052,2018-10-24,DAL @ ATL,L,34,7,18,0.389,2,9,0.222,5,8,0.625,0,9,9,2,1,1,3,2,21,-12,1,2018-19,Regular Season,1629029,Luka Dončić
22018,1629029,0021800069,2018-10-26,DAL @ TOR,L,35,7,14,0.5,4,6,0.667,4,4,1.0,1,4,5,4,0,0,3,1,22,0,1,2018-19,Regular Season,1629029,Luka Dončić
22018,1629029,0021800084,2018-10-28,DAL vs. UTA,L,37,5,13,0.385,2,6,0.333,2,2,1.0,1,5,6,5,1,0,5,1,14,4,1,2018-19,Regular Season,1629029,Luka Dončić
22018,1629029,0021800094,2018-10-29,DAL @ SAS,L,40,11,18,0.611,4,6,0.667,5,6,0.833,2,6,8,4,1,1,6,0,31,7,1,2018-19,Regular Season,1629029,Luka Dončić
22018,1629029,0021800109,2018-10-31,DAL @ LAL,L,28,5,11,0.455,3,6,0.5,1,2,0.5,1,4,5,7,1,0,2,2,14,-13,1,2018-19,Regular Season,1629029,Luka Dončić
22018,1629029,0021800121,2018-11-02,DAL vs. NYK,L,35,8,15,0.533,2,6,0.333,0,1,0.0,2,7,9,6,1,0,4,3,18,-10,1,2018-19,Regular Season,1629029,Luka Dončić
22018,1629029,0021800150,2018-11-06,DAL vs. WAS,W,33,9,16,0.563,2,7,0.286,3,3,1.0,1,6,7,3,1,0,5,2,23,11,1,2018-19,Regular Season,1629029,Luka Dončić
22018,1629029,0021800160,2018-11-07,DAL @ UTA,L,35,7,14,0.5,3,4,0.75,7,7,1.0,1,5,6,2,0,0,5,3,24,-15,1,2018-19,Regular Season,1629029,Luka Dončić
22018,1629029,0021800181,2018-11-10,DAL vs. OKC,W,31,9,15,0.6,1,4,0.25,3,4,0.75,0,6,6,8,1,0,4,4,22,16,1,2018-19,Regular Season,1629029,Luka Dončić
22018,1629029,0021800193,2018-11-12,DAL @ CHI,W,32,3,12,0.25,2,7,0.286,3,4,0.75,2,4,6,3,1,0,3,1,11,-13,1,2018-19,Regular Season,1629029,Luka Dončić
22018,1629029,0021800210,2018-11-14,DAL vs. UTA,W,25,5,13,0.385,2,4,0.5,1,2,0.5,1,5,6,2,2,1,3,1,13,17,1,2018-19,Regular Season,1629029,Luka Dončić
22018,1629029,0021800232,2018-11-17,DAL vs. GSW,W,36,9,20,0.45,2,8,0.25,4,4,1.0,1,8,9,4,0,0,3,3,24,18,1,2018-19,Regular Season,1629029,Luka Dončić
22018,1629029,0021800244,2018-11-19,DAL @ MEM,L,37,6,20,0.3,3,9,0.333,0,0,0.0,1,9,10,3,0,1,3,2,15,3,1,2018-19,Regular Season,1629029,Luka Dončić
22018,1629029,0021800261,2018-11-21,DAL vs. BKN,W,34,5,11,0.455,2,3,0.667,9,11,0.818,2,7,9,4,2,0,3,4,21,1,1,2018-19,Regular Season,1629029,Luka Dončić
22018,1629029,0021800283,2018-11-24,DAL vs. BOS,W,31,5,11,0.455,3,4,0.75,2,2,1.0,0,0,0,8,3,1,3,0,15,8,1,2018-19,Regular Season,1629029,Luka Dončić
22018,1629029,0021800309,2018-11-28,DAL @ HOU,W,24,6,11,0.545,3,7,0.429,5,5,1.0,2,4,6,2,1,0,4,2,20,-6,1,2018-19,Regular Season,1629029,Luka Dončić
22018,1629029,0021800328,2018-11-30,DAL @ LAL,L,32,2,13,0.154,0,5,0.0,2,3,0.667,0,6,6,5,3,2,3,3,6,-8,1,2018-19,Regular Season,1629029,Luka Dončić
22018,1629029,0021800352,2018-12-04,DAL vs. POR,W,32,6,14,0.429,2,4,0.5,7,9,0.778,2,7,9,3,0,0,2,3,21,4,1,2018-19,Regular Season,1629029,Luka Dončić
22018,1629029,0021800363,2018-12-05,DAL @ NOP,L,22,2,8,0.25,1,4,0.25,3,4,0.75,0,4,4,6,0,0,2,1,8,-8,1,2018-19,Regular Season,1629029,Luka Dončić
22018,1629029,0021800378,2018-12-08,DAL vs. HOU,W,32,7,17,0.412,3,7,0.429,4,5,0.8,3,4,7,1,3,0,3,3,21,8,1,2018-19,Regular Season,1629029,Luka Dončić
22018,1629029,0021800397,2018-12-10,DAL vs. ORL,W,26,2,11,0.182,0,5,0.0,3,3,1.0,1,10,11,9,1,0,2,1,7,16,1,2018-19,Regular Season,1629029,Luka Dončić
22018,1629029,0021800412,2018-12-12,DAL vs. ATL,W,35,5,14,0.357,2,6,0.333,12,15,0.8,1,9,10,6,1,1,4,2,24,4,1,2018-19,Regular Season,1629029,Luka Dončić
22018,1629029,0021800419,2018-12-13,DAL @ PHX,L,31,6,12,0.5,1,5,0.2,0,2,0.0,0,5,5,6,1,0,4,0,13,-8,1,2018-19,Regular Season,1629029,Luka Dončić
22018,1629029,0021800440,2018-12-16,DAL vs. SAC,L,35,9,15,0.6,1,5,0.2,9,14,0.643,0,6,6,9,1,0,5,3,28,-3,1,2018-19,Regular Season,1629029,Luka Dončić
22018,1629029,0021800454,2018-12-18,DAL @ DEN,L,35,5,15,0.333,3,9,0.333,10,12,0.833,0,6,6,12,1,0,1,1,23,7,1,2018-19,Regular Season,1629029,Luka Dončić
22018,1629029,0021800468,2018-12-20,DAL @ LAC,L,31,10,20,0.5,3,6,0.5,9,13,0.692,4,0,4,5,4,0,4,3,32,-1,1,2018-19,Regular Season,1629029,Luka Dončić
22018,1629029,0021800484,2018-12-22,DAL @ GSW,L,30,7,15,0.467,3,6,0.5,2,4,0.5,1,2,3,5,1,1,2,2,19,-2,1,2018-19,Regular Season,1629029,Luka Dončić
22018,1629029,0021800495,2018-12-23,DAL @ POR,L,35,7,21,0.333,2,7,0.286,7,9,0.778,2,9,11,6,0,0,1,0,23,-3,1,2018-19,Regular Season,1629029,Luka Dončić
22018,1629029,0021800509,2018-12-26,DAL vs. NOP,W,31,5,13,0.385,0,5,0.0,11,12,0.917,1,8,9,10,1,0,1,2,21,3,1,2018-19,Regular Season,1629029,Luka Dončić
22018,1629029,0021800523,2018-12-28,DAL @ NOP,L,34,10,16,0.625,7,10,0.7,7,13,0.538,1,1,2,3,0,0,4,0,34,5,1,2018-19,Regular Season,1629029,Luka Dončić
22018,1629029,0021800539,2018-12-30,DAL vs. OKC,W,34,9,19,0.474,4,11,0.364,3,4,0.75,0,3,3,7,1,0,6,3,25,11,1,2018-19,Regular Season,1629029,Luka Dončić
22018,1629029,0021800547,2018-12-31,DAL @ OKC,L,23,4,10,0.4,3,6,0.5,6,6,1.0,1,5,6,3,1,0,5,0,17,-16,1,2018-19,Regular Season,1629029,Luka Dončić
22018,1629029,0021800554,2019-01-02,DAL @ CHA,W,26,7,16,0.438,3,7,0.429,1,2,0.5,1,9,10,4,0,0,2,0,18,14,1,2018-19,Regular Season,1629029,Luka Dončić
22018,1629029,0021800566,2019-01-04,DAL @ BOS,L,29,7,16,0.438,4,8,0.5,1,2,0.5,1,8,9,4,0,0,3,1,19,3,1,2018-19,Regular Season,1629029,Luka Dončić
22018,1629029,0021800578,2019-01-05,DAL @ PHI,L,26,4,16,0.25,1,8,0.125,5,10,0.5,0,9,9,4,2,0,0,1,14,-18,1,2018-19,Regular Season,1629029,Luka Dončić
22018,1629029,0021800596,2019-01-07,DAL vs. LAL,L,35,10,23,0.435,2,6,0.333,5,7,0.714,2,6,8,2,1,1,1,3,27,-7,1,2018-19,Regular Season,1629029,Luka Dončić
22018,1629029,0021800613,2019-01-09,DAL vs. PHX,W,36,8,14,0.571,4,9,0.444,10,16,0.625,0,5,5,5,3,0,4,1,30,10,1,2018-19,Regular Season,1629029,Luka Dončić
22018,1629029,0021800626,2019-01-11,DAL @ MIN,W,35,10,23,0.435,2,9,0.222,7,10,0.7,2,6,8,12,2,0,1,2,29,5,1,2018-19,Regular Season,1629029,Luka Dončić
22018,1629029,0021800642,2019-01-13,DAL vs. GSW,L,32,8,18,0.444,5,10,0.5,5,8,0.625,0,6,6,5,1,0,5,1,26,-14,1,2018-19,Regular Season,1629029,Luka Dončić
22018,1629029,0021800661,2019-01-16,DAL vs. SAS,L,36,10,21,0.476,3,9,0.333,2,2,1.0,1,7,8,8,1,0,2,4,25,8,1,2018-19,Regular Season,1629029,Luka Dončić
22018,1629029,0021800681,2019-01-19,DAL @ IND,L,24,3,14,0.214,0,5,0.0,2,4,0.5,2,3,5,6,3,0,2,1,8,-6,1,2018-19,Regular Season,1629029,Luka Dončić
22018,1629029,0021800694,2019-01-21,DAL @ MIL,L,33,6,17,0.353,2,5,0.4,4,5,0.8,2,9,11,10,1,1,3,1,18,-10,1,2018-19,Regular Season,1629029,Luka Dončić
22018,1629029,0021800704,2019-01-22,DAL vs. LAC,W,32,5,15,0.333,0,8,0.0,7,10,0.7,0,7,7,6,1,1,3,1,17,2,1,2018-19,Regular Season,1629029,Luka Dončić
22018,1629029,0021800726,2019-01-25,DAL vs. DET,W,35,9,19,0.474,3,9,0.333,11,13,0.846,1,7,8,8,2,1,4,3,32,2,1,2018-19,Regular Season,1629029,Luka Dončić
22018,1629029,0021800739,2019-01-27,DAL vs. TOR,L,36,14,24,0.583,3,9,0.333,4,6,0.667,2,10,12,10,0,0,3,3,35,-2,1,2018-19,Regular Season,1629029,Luka Dončić
22018,1629029,0021800758,2019-01-30,DAL @ NYK,W,29,7,18,0.389,2,9,0.222,0,1,0.0,1,7,8,5,0,0,3,1,16,15,1,2018-19,Regular Season,1629029,Luka Dončić
22018,1629029,0021800780,2019-02-02,DAL @ CLE,W,33,13,25,0.52,4,11,0.364,5,7,0.714,1,10,11,6,1,0,2,4,35,8,1,2018-19,Regular Season,1629029,Luka Dončić
22018,1629029,0021800807,2019-02-06,DAL vs. CHA,W,35,5,20,0.25,2,10,0.2,7,9,0.778,1,9,10,11,1,0,3,1,19,9,1,2018-19,Regular Season,1629029,Luka Dončić
22018,1629029,0021800821,2019-02-08,DAL vs. MIL,L,27,7,14,0.5,3,7,0.429,3,7,0.429,1,2,3,2,0,0,2,1,20,-28,1,2018-19,Regular Season,1629029,Luka Dončić
22018,1629029,0021800834,2019-02-10,DAL vs. POR,W,38,9,19,0.474,4,9,0.444,6,8,0.75,0,9,9,6,0,1,3,3,28,-4,1,2018-19,Regular Season,1629029,Luka Dončić
22018,1629029,0021800844,2019-02-11,DAL @ HOU,L,36,7,17,0.412,2,9,0.222,5,9,0.556,0,10,10,8,0,0,5,2,21,-5,1,2018-19,Regular Season,1629029,Luka Dončić
22018,1629029,0021800859,2019-02-13,DAL vs. MIA,L,33,5,17,0.294,3,9,0.333,5,7,0.714,5,7,12,9,0,0,6,1,18,-12,1,2018-19,Regular Season,1629029,Luka Dončić
22018,1629029,0021800907,2019-02-25,DAL @ LAC,L,33,7,12,0.583,4,6,0.667,10,12,0.833,1,9,10,10,0,1,9,2,28,1,1,2018-19,Regular Season,1629029,Luka Dončić
22018,1629029,0021800918,2019-02-27,DAL vs. IND,W,32,9,16,0.563,3,8,0.375,5,7,0.714,1,9,10,7,0,0,7,3,26,0,1,2018-19,Regular Season,1629029,Luka Dončić
22018,1629029,0021800939,2019-03-02,DAL vs. MEM,L,26,7,14,0.5,1,8,0.125,7,12,0.583,0,4,4,2,2,2,2,1,22,-14,1,2018-19,Regular Season,1629029,Luka Dončić
22018,1629029,0021800952,2019-03-04,DAL @ BKN,L,29,6,16,0.375,3,7,0.429,1,4,0.25,1,5,6,1,1,2,2,1,16,-31,1,2018-19,Regular Season,1629029,Luka Dončić
22018,1629029,0021800967,2019-03-06,DAL @ WAS,L,36,11,26,0.423,2,8,0.25,7,9,0.778,3,8,11,7,4,0,2,3,31,-10,1,2018-19,Regular Season,1629029,Luka Dončić
22018,1629029,0021800978,2019-03-08,DAL @ ORL,L,33,9,20,0.45,3,8,0.375,3,5,0.6,0,8,8,5,1,0,3,1,24,-5,1,2018-19,Regular Season,1629029,Luka Dončić
22018,1629029,0021800997,2019-03-10,DAL vs. HOU,L,37,5,16,0.313,1,6,0.167,8,9,0.889,1,14,15,9,2,2,3,2,19,-5,1,2018-19,Regular Season,1629029,Luka Dončić
22018,1629029,0021801011,2019-03-12,DAL vs. SAS,L,34,5,18,0.278,1,7,0.143,1,9,0.111,2,4,6,7,0,2,9,1,12,-11,1,2018-19,Regular Season,1629029,Luka Dončić
22018,1629029,0021801025,2019-03-14,DAL @ DEN,L,35,10,23,0.435,1,8,0.125,3,7,0.429,1,10,11,9,2,0,3,1,24,-2,1,2018-19,Regular Season,1629029,Luka Dončić
22018,1629029,0021801056,2019-03-18,DAL vs. NOP,L,39,10,26,0.385,1,7,0.143,8,11,0.727,5,8,13,10,2,0,5,4,29,-8,1,2018-19,Regular Season,1629029,Luka Dončić
22018,1629029,0021801073,2019-03-20,DAL @ POR,L,29,8,16,0.5,1,4,0.25,7,7,1.0,0,5,5,6,0,0,2,4,24,-7,1,2018-19,Regular Season,1629029,Luka Dončić
22018,1629029,0021801078,2019-03-21,DAL @ SAC,L,26,4,19,0.211,2,10,0.2,3,5,0.6,1,9,10,3,0,0,1,1,13,-23,1,2018-19,Regular Season,1629029,Luka Dončić
22018,1629029,0021801092,2019-03-23,DAL @ GSW,W,27,6,14,0.429,4,11,0.364,7,11,0.636,1,10,11,10,3,0,3,3,23,29,1,2018-19,Regular Season,1629029,Luka Dončić
22018,1629029,0021801114,2019-03-26,DAL vs. SAC,L,36,9,20,0.45,0,9,0.0,10,11,0.909,1,11,12,12,0,0,4,2,28,-7,1,2018-19,Regular Season,1629029,Luka Dončić
22018,1629029,0021801124,2019-03-28,DAL @ MIA,L,31,6,18,0.333,3,9,0.333,4,6,0.667,0,8,8,7,0,0,6,4,19,-8,1,2018-19,Regular Season,1629029,Luka Dončić
22018,1629029,0021801172,2019-04-03,DAL vs. MIN,L,32,11,21,0.524,2,8,0.25,3,3,1.0,4,8,12,6,0,1,4,1,27,-15,1,2018-19,Regular Season,1629029,Luka Dončić
22018,1629029,0021801216,2019-04-09,DAL vs. PHX,W,32,6,14,0.429,2,5,0.4,7,8,0.875,3,13,16,11,3,0,4,1,21,15,1,2018-19,Regular Season,1629029,Luka Dončić
22018,1628369,0021800001,2018-10-16,BOS vs. PHI,W,29,9,17,0.529,1,5,0.2,4,5,0.8,2,7,9,3,1,0,1,2,23,6,1,2018-19,Regular Season,1628369,Jayson Tatum
22018,1628369,0021800019,2018-10-19,BOS @ TOR,L,37,6,16,0.375,2,6,0.333,2,2,1.0,0,9,9,2,1,1,5,5,16,-14,1,2018-19,Regular Season,1628369,Jayson Tatum
22018,1628369,0021800028,2018-10-20,BOS @ NYK,W,35,8,15,0.533,2,3,0.667,6,6,1.0,1,13,14,0,2,0,4,2,24,19,1,2018-19,Regular Season,1628369,Jayson Tatum
22018,1628369,0021800040,2018-10-22,BOS vs. ORL,L,34,3,12,0.25,0,5,0.0,1,2,0.5,2,8,10,4,0,0,0,2,7,2,1,2018-19,Regular Season,1628369,Jayson Tatum
22018,1628369,0021800065,2018-10-25,BOS @ OKC,W,34,8,18,0.444,1,3,0.333,7,7,1.0,1,5,6,1,1,0,2,4,24,14,1,2018-19,Regular Season,1628369,Jayson Tatum
22018,1628369,0021800074,2018-10-27,BOS @ DET,W,28,2,9,0.222,1,2,0.5,1,2,0.5,0,3,3,3,0,1,0,1,6,5,1,2018-19,Regular Season,1628369,Jayson Tatum
22018,1628369,0021800099,2018-10-30,BOS vs. DET,W,30,4,12,0.333,1,4,0.25,7,8,0.875,1,5,6,3,0,0,1,3,16,10,1,2018-19,Regular Season,1628369,Jayson Tatum
22018,1628369,0021800115,2018-11-01,BOS vs. MIL,W,32,4,9,0.444,2,3,0.667,2,2,1.0,1,5,6,4,0,0,2,4,12,14,1,2018-19,Regular Season,1628369,Jayson Tatum
22018,1628369,0021800127,2018-11-03,BOS @ IND,L,33,5,11,0.455,4,8,0.5,0,0,0.0,1,6,7,3,0,1,3,1,14,8,1,2018-19,Regular Season,1628369,Jayson Tatum
22018,1628369,0021800145,2018-11-05,BOS @ DEN,L,35,5,14,0.357,1,4,0.25,4,4,1.0,1,1,2,4,1,2,2,2,15,-4,1,2018-19,Regular Season,1628369,Jayson Tatum
22018,1628369,0021800164,2018-11-08,BOS @ PHX,W,30,1,7,0.143,0,1,0.0,2,2,1.0,4,4,8,2,1,0,1,2,4,15,1,2018-19,Regular Season,1628369,Jayson Tatum
22018,1628369,0021800172,2018-11-09,BOS @ UTA,L,36,7,14,0.5,2,4,0.5,5,6,0.833,1,2,3,4,5,0,1,4,21,0,1,2018-19,Regular Season,1628369,Jayson Tatum
22018,1628369,0021800188,2018-11-11,BOS @ POR,L,35,9,18,0.5,5,9,0.556,4,4,1.0,3,5,8,0,0,2,1,2,27,-7,1,2018-19,Regular Season,1628369,Jayson Tatum
22018,1628369,0021800204,2018-11-14,BOS vs. CHI,W,27,5,14,0.357,4,8,0.5,0,0,0.0,2,4,6,0,1,0,2,2,14,6,1,2018-19,Regular Season,1628369,Jayson Tatum
22018,1628369,0021800216,2018-11-16,BOS vs. TOR,W,38,8,13,0.615,2,4,0.5,3,4,0.75,1,6,7,1,2,1,3,4,21,8,1,2018-19,Regular Season,1628369,Jayson Tatum
22018,1628369,0021800229,2018-11-17,BOS vs. UTA,L,24,5,11,0.455,0,2,0.0,0,0,0.0,1,6,7,0,0,0,2,0,10,-13,1,2018-19,Regular Season,1628369,Jayson Tatum
22018,1628369,0021800239,2018-11-19,BOS @ CHA,L,30,8,15,0.533,1,4,0.25,3,6,0.5,1,5,6,2,1,1,0,1,20,-9,1,2018-19,Regular Season,1628369,Jayson Tatum
22018,1628369,0021800255,2018-11-21,BOS vs. NYK,L,29,4,12,0.333,1,1,1.0,6,9,0.667,3,5,8,0,0,0,0,2,15,-12,1,2018-19,Regular Season,1628369,Jayson Tatum
22018,1628369,0021800268,2018-11-23,BOS @ ATL,W,23,6,11,0.545,2,5,0.4,0,0,0.0,1,1,2,2,1,1,0,1,14,10,1,2018-19,Regular Season,1628369,Jayson Tatum
22018,1628369,0021800283,2018-11-24,BOS @ DAL,L,36,9,14,0.643,3,6,0.5,0,0,0.0,0,4,4,3,2,1,2,3,21,3,1,2018-19,Regular Season,1628369,Jayson Tatum
22018,1628369,0021800298,2018-11-26,BOS @ NOP,W,35,7,14,0.5,2,4,0.5,4,4,1.0,2,5,7,1,3,1,1,3,20,29,1,2018-19,Regular Season,1628369,Jayson Tatum
22018,1628369,0021800319,2018-11-30,BOS vs. CLE,W,20,5,12,0.417,1,3,0.333,2,2,1.0,1,3,4,0,1,0,0,3,13,12,1,2018-19,Regular Season,1628369,Jayson Tatum
22018,1628369,0021800335,2018-12-01,BOS @ MIN,W,35,7,15,0.467,3,9,0.333,2,2,1.0,0,9,9,2,1,0,2,3,19,-3,1,2018-19,Regular Season,1628369,Jayson Tatum
22018,1628369,0021800365,2018-12-06,BOS vs. NYK,W,26,7,11,0.636,3,5,0.6,0,0,0.0,1,4,5,2,2,0,1,2,17,10,1,2018-19,Regular Season,1628369,Jayson Tatum
22018,1628369,0021800383,2018-12-08,BOS @ CHI,W,21,7,9,0.778,4,4,1.0,0,0,0.0,1,2,3,2,0,0,2,0,18,25,1,2018-19,Regular Season,1628369,Jayson Tatum
22018,1628369,0021800393,2018-12-10,BOS vs. NOP,W,33,10,16,0.625,1,5,0.2,0,0,0.0,1,5,6,1,0,1,2,1,21,13,1,2018-19,Regular Season,1628369,Jayson Tatum
22018,1628369,0021800409,2018-12-12,BOS @ WAS,W,40,6,16,0.375,0,4,0.0,0,0,0.0,0,12,12,0,1,0,0,0,12,1,1,2018-19,Regular Season,1628369,Jayson Tatum
22018,1628369,0021800420,2018-12-14,BOS vs. ATL,W,29,8,14,0.571,2,5,0.4,4,5,0.8,2,1,3,0,2,1,4,3,22,21,1,2018-19,Regular Season,1628369,Jayson Tatum
22018,1628369,0021800431,2018-12-15,BOS @ DET,L,30,6,15,0.4,0,3,0.0,5,6,0.833,2,6,8,2,1,1,1,2,17,-6,1,2018-19,Regular Season,1628369,Jayson Tatum
22018,1628369,0021800458,2018-12-19,BOS vs. PHX,L,36,7,17,0.412,2,5,0.4,2,2,1.0,0,8,8,0,1,4,2,2,18,5,1,2018-19,Regular Season,1628369,Jayson Tatum
22018,1628369,0021800473,2018-12-21,BOS vs. MIL,L,32,5,15,0.333,3,7,0.429,7,8,0.875,0,5,5,2,2,1,2,4,20,-7,1,2018-19,Regular Season,1628369,Jayson Tatum
22018,1628369,0021800488,2018-12-23,BOS vs. CHA,W,23,6,13,0.462,3,8,0.375,2,3,0.667,0,4,4,1,0,0,2,0,17,17,1,2018-19,Regular Season,1628369,Jayson Tatum
22018,1628369,0021800499,2018-12-25,BOS vs. PHI,W,38,7,18,0.389,1,7,0.143,8,9,0.889,0,10,10,1,2,2,1,3,23,22,1,2018-19,Regular Season,1628369,Jayson Tatum
22018,1628369,0021800512,2018-12-27,BOS @ HOU,L,29,2,7,0.286,0,1,0.0,0,0,0.0,0,3,3,2,1,0,1,3,4,-12,1,2018-19,Regular Season,1628369,Jayson Tatum
22018,1628369,0021800531,2018-12-29,BOS @ MEM,W,29,3,6,0.5,1,1,1.0,0,0,0.0,1,7,8,5,4,1,2,2,7,9,1,2018-19,Regular Season,1628369,Jayson Tatum
22018,1628369,0021800545,2018-12-31,BOS @ SAS,L,35,6,14,0.429,0,5,0.0,0,0,0.0,2,9,11,1,0,2,2,3,12,-4,1,2018-19,Regular Season,1628369,Jayson Tatum
22018,1628369,0021800558,2019-01-02,BOS vs. MIN,W,31,3,11,0.273,0,3,0.0,2,2,1.0,0,3,3,4,0,1,1,0,8,22,1,2018-19,Regular Season,1628369,Jayson Tatum
22018,1628369,0021800566,2019-01-04,BOS vs. DAL,W,31,7,21,0.333,4,11,0.364,0,0,0.0,1,5,6,0,1,0,2,2,18,3,1,2018-19,Regular Season,1628369,Jayson Tatum
22018,1628369,0021800592,2019-01-07,BOS vs. BKN,W,27,5,12,0.417,2,6,0.333,4,4,1.0,0,4,4,4,2,0,0,1,16,17,1,2018-19,Regular Season,1628369,Jayson Tatum
22018,1628369,0021800607,2019-01-09,BOS vs. IND,W,25,9,15,0.6,2,5,0.4,0,0,0.0,0,4,4,0,1,0,1,1,20,17,1,2018-19,Regular Season,1628369,Jayson Tatum
22018,1628369,0021800617,2019-01-10,BOS @ MIA,L,32,4,11,0.364,2,4,0.5,7,7,1.0,0,4,4,1,0,1,1,2,17,-11,1,2018-19,Regular Season,1628369,Jayson Tatum
22018,1628369,0021800632,2019-01-12,BOS @ ORL,L,28,6,16,0.375,1,4,0.25,3,4,0.75,2,4,6,1,1,1,2,4,16,8,1,2018-19,Regular Season,1628369,Jayson Tatum
22018,1628369,0021800645,2019-01-14,BOS @ BKN,L,36,12,19,0.632,3,5,0.6,7,11,0.636,0,5,5,3,1,3,0,3,34,-13,1,2018-19,Regular Season,1628369,Jayson Tatum
22018,1628369,0021800658,2019-01-16,BOS vs. TOR,W,31,6,16,0.375,1,3,0.333,3,3,1.0,3,7,10,2,0,1,1,2,16,4,1,2018-19,Regular Season,1628369,Jayson Tatum
22018,1628369,0021800671,2019-01-18,BOS vs. MEM,W,29,0,6,0.0,0,2,0.0,2,2,1.0,1,5,6,4,0,1,2,1,2,-6,1,2018-19,Regular Season,1628369,Jayson Tatum
22018,1628369,0021800683,2019-01-19,BOS @ ATL,W,35,7,13,0.538,0,0,0.0,5,5,1.0,1,4,5,2,1,3,1,1,19,2,1,2018-19,Regular Season,1628369,Jayson Tatum
22018,1628369,0021800698,2019-01-21,BOS vs. MIA,W,31,8,13,0.615,3,3,1.0,0,0,0.0,0,6,6,1,0,0,4,2,19,18,1,2018-19,Regular Season,1628369,Jayson Tatum
22018,1628369,0021800707,2019-01-23,BOS vs. CLE,W,31,7,16,0.438,0,0,0.0,1,1,1.0,0,2,2,3,3,0,3,2,15,6,1,2018-19,Regular Season,1628369,Jayson Tatum
22018,1628369,0021800732,2019-01-26,BOS vs. GSW,L,31,7,15,0.467,3,5,0.6,3,3,1.0,0,5,5,3,0,1,0,1,20,4,1,2018-19,Regular Season,1628369,Jayson Tatum
22018,1628369,0021800746,2019-01-28,BOS vs. BKN,W,30,3,9,0.333,0,1,0.0,0,0,0.0,2,4,6,1,1,2,2,1,6,7,1,2018-19,Regular Season,1628369,Jayson Tatum
22018,1628369,0021800756,2019-01-30,BOS vs. CHA,W,27,9,15,0.6,2,5,0.4,0,0,0.0,1,4,5,1,0,1,0,1,20,26,1,2018-19,Regular Season,1628369,Jayson Tatum
22018,1628369,0021800771,2019-02-01,BOS @ NYK,W,26,6,15,0.4,1,6,0.167,0,0,0.0,1,4,5,3,0,1,0,4,13,12,1,2018-19,Regular Season,1628369,Jayson Tatum
22018,1628369,0021800788,2019-02-03,BOS vs. OKC,W,31,4,8,0.5,0,2,0.0,3,4,0.75,0,7,7,2,2,2,0,3,11,12,1,2018-19,Regular Season,1628369,Jayson Tatum
22018,1628369,0021800797,2019-02-05,BOS @ CLE,W,34,6,13,0.462,1,3,0.333,12,12,1.0,1,6,7,2,1,3,1,0,25,5,1,2018-19,Regular Season,1628369,Jayson Tatum
22018,1628369,0021800814,2019-02-07,BOS vs. LAL,L,36,9,14,0.643,1,1,1.0,3,3,1.0,1,9,10,5,1,0,0,2,22,-2,1,2018-19,Regular Season,1628369,Jayson Tatum
22018,1628369,0021800829,2019-02-09,BOS vs. LAC,L,29,4,12,0.333,1,2,0.5,7,10,0.7,2,6,8,0,1,0,4,6,16,-12,1,2018-19,Regular Season,1628369,Jayson Tatum
22018,1628369,0021800849,2019-02-12,BOS @ PHI,W,35,7,15,0.467,1,1,1.0,5,5,1.0,0,10,10,1,2,2,1,5,20,0,1,2018-19,Regular Season,1628369,Jayson Tatum
22018,1628369,0021800855,2019-02-13,BOS vs. DET,W,34,8,18,0.444,3,8,0.375,0,0,0.0,1,3,4,4,2,0,3,2,19,13,1,2018-19,Regular Season,1628369,Jayson Tatum
22018,1628369,0021800870,2019-02-21,BOS @ MIL,L,34,7,13,0.538,1,2,0.5,2,2,1.0,1,9,10,1,2,1,1,1,17,7,1,2018-19,Regular Season,1628369,Jayson Tatum
22018,1628369,0021800889,2019-02-23,BOS @ CHI,L,31,5,9,0.556,1,1,1.0,1,1,1.0,0,1,1,1,1,1,1,2,12,-6,1,2018-19,Regular Season,1628369,Jayson Tatum
22018,1628369,0021800909,2019-02-26,BOS @ TOR,L,24,5,10,0.5,1,3,0.333,0,0,0.0,2,5,7,1,0,0,2,3,11,-8,1,2018-19,Regular Season,1628369,Jayson Tatum
22018,1628369,0021800913,2019-02-27,BOS vs. POR,L,35,6,11,0.545,0,2,0.0,2,2,1.0,0,4,4,0,1,0,4,2,14,-14,1,2018-19,Regular Season,1628369,Jayson Tatum
22018,1628369,0021800931,2019-03-01,BOS vs. WAS,W,31,4,13,0.308,0,5,0.0,2,2,1.0,2,6,8,3,5,0,4,2,10,20,1,2018-19,Regular Season,1628369,Jayson Tatum
22018,1628369,0021800945,2019-03-03,BOS vs. HOU,L,35,5,15,0.333,1,4,0.25,1,2,0.5,0,5,5,2,1,0,0,4,12,-3,1,2018-19,Regular Season,1628369,Jayson Tatum
22018,1628369,0021800964,2019-03-05,BOS @ GSW,W,27,6,13,0.462,1,3,0.333,4,4,1.0,0,5,5,1,3,2,1,2,17,4,1,2018-19,Regular Season,1628369,Jayson Tatum
22018,1628369,0021800973,2019-03-06,BOS @ SAC,W,33,8,17,0.471,2,4,0.5,6,6,1.0,0,3,3,2,1,0,2,0,24,11,1,2018-19,Regular Season,1628369,Jayson Tatum
22018,1628369,0021800989,2019-03-09,BOS @ LAL,W,27,2,7,0.286,0,2,0.0,2,2,1.0,0,5,5,5,1,0,3,3,6,1,1,2018-19,Regular Season,1628369,Jayson Tatum
22018,1628369,0021801022,2019-03-14,BOS vs. SAC,W,29,7,10,0.7,0,2,0.0,1,1,1.0,0,4,4,3,0,0,2,4,15,-5,1,2018-19,Regular Season,1628369,Jayson Tatum
22018,1628369,0021801034,2019-03-16,BOS vs. ATL,W,33,7,15,0.467,0,2,0.0,4,4,1.0,1,7,8,4,1,0,2,1,18,0,2,2018-19,Regular Season,1628369,Jayson Tatum
22018,1628369,0021801052,2019-03-18,BOS vs. DEN,L,36,3,12,0.25,1,5,0.2,1,2,0.5,0,7,7,6,1,1,1,1,8,-9,1,2018-19,Regular Season,1628369,Jayson Tatum
22018,1628369,0021801067,2019-03-20,BOS @ PHI,L,33,6,12,0.5,1,2,0.5,0,0,0.0,1,5,6,4,0,1,1,3,13,-17,1,2018-19,Regular Season,1628369,Jayson Tatum
22018,1628369,0021801087,2019-03-23,BOS @ CHA,L,37,5,17,0.294,2,7,0.286,0,0,0.0,1,5,6,4,0,1,1,1,12,-19,1,2018-19,Regular Season,1628369,Jayson Tatum
22018,1628369,0021801108,2019-03-26,BOS @ CLE,W,34,9,17,0.529,3,5,0.6,0,0,0.0,2,3,5,4,1,0,1,4,21,17,1,2018-19,Regular Season,1628369,Jayson Tatum
22018,1628369,0021801130,2019-03-29,BOS vs. IND,W,24,3,6,0.5,3,3,1.0,2,4,0.5,0,5,5,4,0,0,4,2,11,16,1,2018-19,Regular Season,1628369,Jayson Tatum
22018,1628369,0021801137,2019-03-30,BOS @ BKN,L,30,4,9,0.444,1,1,1.0,0,0,0.0,1,1,2,3,1,0,2,4,9,-12,1,2018-19,Regular Season,1628369,Jayson Tatum
22018,1628369,0021801153,2019-04-01,BOS vs. MIA,W,34,7,15,0.467,4,7,0.571,1,2,0.5,1,5,6,5,1,0,0,0,19,15,1,2018-19,Regular Season,1628369,Jayson Tatum
22018,1628369,0021801170,2019-04-03,BOS @ MIA,W,39,6,17,0.353,1,3,0.333,3,4,0.75,0,7,7,3,1,1,3,0,16,16,1,2018-19,Regular Season,1628369,Jayson Tatum
22018,1628369,0021801183,2019-04-05,BOS @ IND,W,34,9,19,0.474,1,5,0.2,3,4,0.75,1,6,7,2,3,1,1,2,22,15,1,2018-19,Regular Season,1628369,Jayson Tatum
22018,1628369,0021801203,2019-04-07,BOS vs. ORL,L,6,0,2,0.0,0,0,0.0,0,0,0.0,0,1,1,0,0,0,0,0,0,1,1,2018-19,Regular Season,1628369,Jayson Tatum
42018,1628369,0041800131,2019-04-14,BOS vs. IND,W,34,6,11,0.545,3,3,1.0,0,0,0.0,1,2,3,0,2,1,3,1,15,11,1,2018-19,Playoffs,1628369,Jayson Tatum
42018,1628369,0041800132,2019-04-17,BOS vs. IND,W,39,11,20,0.55,3,6,0.5,1,1,1.0,1,3,4,2,1,0,2,3,26,8,1,2018-19,Playoffs,1628369,Jayson Tatum
42018,1628369,0041800133,2019-04-19,BOS @ IND,W,33,8,16,0.5,1,3,0.333,1,4,0.25,0,7,7,2,1,0,2,2,18,5,1,2018-19,Playoffs,1628369,Jayson Tatum
42018,1628369,0041800134,2019-04-21,BOS @ IND,W,36,4,10,0.4,1,3,0.333,9,12,0.75,0,8,8,2,1,0,4,2,18,4,1,2018-19,Playoffs,1628369,Jayson Tatum
42018,1628369,0041800201,2019-04-28,BOS @ MIL,W,30,2,7,0.286,0,1,0.0,0,0,0.0,1,5,6,1,1,3,0,2,4,16,1,2018-19,Playoffs,1628369,Jayson Tatum
42018,1628369,0041800202,2019-04-30,BOS @ MIL,L,25,2,10,0.2,0,2,0.0,1,2,0.5,0,5,5,1,1,0,1,4,5,-18,1,2018-19,Playoffs,1628369,Jayson Tatum
42018,1628369,0041800203,2019-05-03,BOS vs. MIL,L,37,7,14,0.5,0,5,0.0,6,6,1.0,2,9,11,3,3,0,1,3,20,-15,1,2018-19,Playoffs,1628369,Jayson Tatum
42018,1628369,0041800204,2019-05-06,BOS vs. MIL,L,35,6,14,0.429,1,5,0.2,4,5,0.8,1,9,10,4,0,2,2,1,17,2,1,2018-19,Playoffs,1628369,Jayson Tatum
42018,1628369,0041800205,2019-05-08,BOS @ MIL,L,27,3,10,0.3,1,3,0.333,7,9,0.778,1,5,6,2,0,1,3,3,14,-20,2,2018-19,Playoffs,1628369,Jayson Tatum
22018,203954,0021800001,2018-10-16,PHI @ BOS,L,37,9,21,0.429,1,4,0.25,4,5,0.8,2,8,10,2,1,2,5,3,23,-8,1,2018-19,Regular Season,203954,Joel Embiid
22018,203954,0021800014,2018-10-18,PHI vs. CHI,W,33,9,14,0.643,0,3,0.0,12,14,0.857,1,11,12,3,1,4,2,4,30,26,1,2018-19,Regular Season,203954,Joel Embiid
22018,203954,0021800029,2018-10-20,PHI vs. ORL,W,34,13,26,0.5,3,5,0.6,3,4,0.75,4,6,10,3,0,0,0,2,32,-8,1,2018-19,Regular Season,203954,Joel Embiid
22018,203954,0021800049,2018-10-23,PHI @ DET,L,39,11,20,0.55,0,4,0.0,11,14,0.786,1,10,11,7,0,3,1,5,33,3,1,2018-19,Regular Season,203954,Joel Embiid
22018,203954,0021800059,2018-10-24,PHI @ MIL,L,36,9,24,0.375,2,7,0.286,10,13,0.769,3,16,19,6,0,3,2,2,30,3,1,2018-19,Regular Season,203954,Joel Embiid
22018,203954,0021800078,2018-10-27,PHI vs. CHA,W,37,10,22,0.455,1,5,0.2,6,6,1.0,2,13,15,2,0,2,3,3,27,-2,1,2018-19,Regular Season,203954,Joel Embiid
22018,203954,0021800088,2018-10-29,PHI vs. ATL,W,30,3,9,0.333,0,2,0.0,4,4,1.0,2,4,6,6,0,2,4,3,10,12,1,2018-19,Regular Season,203954,Joel Embiid
22018,203954,0021800100,2018-10-30,PHI @ TOR,L,33,11,21,0.524,3,4,0.75,6,7,0.857,5,6,11,4,0,1,2,4,31,-7,1,2018-19,Regular Season,203954,Joel Embiid
22018,203954,0021800113,2018-11-01,PHI vs. LAC,W,33,16,32,0.5,3,8,0.375,6,9,0.667,4,9,13,1,0,4,2,5,41,16,1,2018-19,Regular Season,203954,Joel Embiid
22018,203954,0021800125,2018-11-03,PHI vs. DET,W,34,10,18,0.556,1,3,0.333,18,23,0.783,0,17,17,1,0,2,4,5,39,1,1,2018-19,Regular Season,203954,Joel Embiid
22018,203954,0021800134,2018-11-04,PHI @ BKN,L,32,4,8,0.5,0,1,0.0,8,10,0.8,1,14,15,4,0,1,5,5,16,-5,1,2018-19,Regular Season,203954,Joel Embiid
22018,203954,0021800157,2018-11-07,PHI @ IND,W,36,7,16,0.438,1,5,0.2,5,6,0.833,1,9,10,2,1,3,5,2,20,7,1,2018-19,Regular Season,203954,Joel Embiid
22018,203954,0021800168,2018-11-09,PHI vs. CHA,W,39,11,18,0.611,1,2,0.5,19,22,0.864,2,16,18,4,0,4,3,4,42,9,1,2018-19,Regular Season,203954,Joel Embiid
22018,203954,0021800179,2018-11-10,PHI @ MEM,L,39,4,15,0.267,0,6,0.0,6,10,0.6,2,14,16,5,1,1,6,5,14,4,1,2018-19,Regular Season,203954,Joel Embiid
22018,203954,0021800191,2018-11-12,PHI @ MIA,W,36,8,15,0.533,3,4,0.75,16,20,0.8,6,12,18,3,0,0,2,1,35,12,1,2018-19,Regular Season,203954,Joel Embiid
22018,203954,0021800202,2018-11-14,PHI @ ORL,L,36,6,20,0.3,4,7,0.571,3,4,0.75,0,13,13,10,0,2,2,2,19,2,1,2018-19,Regular Season,203954,Joel Embiid
22018,203954,0021800218,2018-11-16,PHI vs. UTA,W,26,7,20,0.35,1,4,0.25,8,9,0.889,1,6,7,2,2,3,1,4,23,12,1,2018-19,Regular Season,203954,Joel Embiid
22018,203954,0021800225,2018-11-17,PHI @ CHA,W,40,9,23,0.391,2,5,0.4,13,14,0.929,2,9,11,3,1,2,4,5,33,-4,1,2018-19,Regular Season,203954,Joel Embiid
22018,203954,0021800242,2018-11-19,PHI vs. PHX,W,36,12,23,0.522,0,5,0.0,9,12,0.75,3,14,17,1,3,1,6,4,33,18,1,2018-19,Regular Season,203954,Joel Embiid
22018,203954,0021800253,2018-11-21,PHI vs. NOP,W,32,11,23,0.478,2,4,0.5,7,9,0.778,5,14,19,2,0,2,7,5,31,-11,1,2018-19,Regular Season,203954,Joel Embiid
22018,203954,0021800270,2018-11-23,PHI vs. CLE,L,33,8,13,0.615,2,4,0.5,6,8,0.75,0,12,12,3,0,0,2,3,24,-19,1,2018-19,Regular Season,203954,Joel Embiid
22018,203954,0021800289,2018-11-25,PHI @ BKN,W,36,11,19,0.579,0,3,0.0,10,12,0.833,2,10,12,4,0,2,4,4,32,11,1,2018-19,Regular Season,203954,Joel Embiid
22018,203954,0021800307,2018-11-28,PHI vs. NYK,W,30,10,21,0.476,0,3,0.0,6,8,0.75,2,12,14,7,1,1,1,1,26,25,1,2018-19,Regular Season,203954,Joel Embiid
22018,203954,0021800322,2018-11-30,PHI vs. WAS,W,22,5,12,0.417,1,3,0.333,5,10,0.5,5,10,15,0,0,3,0,0,16,30,1,2018-19,Regular Season,203954,Joel Embiid
22018,203954,0021800340,2018-12-02,PHI vs. MEM,W,38,4,13,0.308,0,2,0.0,7,8,0.875,0,14,14,3,1,1,4,3,15,13,1,2018-19,Regular Season,203954,Joel Embiid
22018,203954,0021800359,2018-12-05,PHI @ TOR,L,36,5,17,0.294,0,4,0.0,0,2,0.0,2,10,12,5,0,2,4,5,10,-23,1,2018-19,Regular Season,203954,Joel Embiid
22018,203954,0021800392,2018-12-10,PHI vs. DET,W,33,6,16,0.375,1,4,0.25,11,14,0.786,2,6,8,3,2,2,3,3,24,30,1,2018-19,Regular Season,203954,Joel Embiid
22018,203954,0021800408,2018-12-12,PHI vs. BKN,L,38,12,18,0.667,2,3,0.667,7,8,0.875,3,14,17,6,1,1,6,5,33,7,1,2018-19,Regular Season,203954,Joel Embiid
22018,203954,0021800424,2018-12-14,PHI vs. IND,L,34,13,22,0.591,1,6,0.167,13,16,0.813,8,13,21,3,1,1,6,4,40,-4,1,2018-19,Regular Season,203954,Joel Embiid
22018,203954,0021800437,2018-12-16,PHI @ CLE,W,29,10,16,0.625,0,1,0.0,4,6,0.667,1,8,9,2,0,1,3,1,24,13,1,2018-19,Regular Season,203954,Joel Embiid
22018,203954,0021800448,2018-12-17,PHI @ SAS,L,29,6,17,0.353,0,6,0.0,1,1,1.0,3,8,11,5,0,0,4,0,13,-18,1,2018-19,Regular Season,203954,Joel Embiid
22018,203954,0021800457,2018-12-19,PHI vs. NYK,W,26,10,17,0.588,0,0,0.0,4,4,1.0,3,7,10,3,0,1,4,4,24,10,1,2018-19,Regular Season,203954,Joel Embiid
22018,203954,0021800481,2018-12-22,PHI vs. TOR,W,31,10,15,0.667,0,0,0.0,7,9,0.778,1,10,11,1,1,1,3,3,27,15,1,2018-19,Regular Season,203954,Joel Embiid
22018,203954,0021800499,2018-12-25,PHI @ BOS,L,40,10,17,0.588,2,4,0.5,12,12,1.0,0,16,16,2,0,2,5,2,34,2,1,2018-19,Regular Season,203954,Joel Embiid
22018,203954,0021800515,2018-12-27,PHI @ UTA,W,33,9,17,0.529,2,6,0.333,3,4,0.75,2,13,15,6,0,5,4,6,23,17,1,2018-19,Regular Season,203954,Joel Embiid
22018,203954,0021800553,2019-01-01,PHI @ LAC,W,35,9,19,0.474,2,4,0.5,8,12,0.667,4,15,19,3,1,3,5,5,28,-4,1,2018-19,Regular Season,203954,Joel Embiid
22018,203954,0021800561,2019-01-02,PHI @ PHX,W,36,12,23,0.522,1,1,1.0,17,19,0.895,4,14,18,2,3,2,4,3,42,6,1,2018-19,Regular Season,203954,Joel Embiid
22018,203954,0021800578,2019-01-05,PHI vs. DAL,W,35,7,17,0.412,1,3,0.333,10,11,0.909,0,12,12,5,1,1,2,4,25,7,1,2018-19,Regular Season,203954,Joel Embiid
22018,203954,0021800600,2019-01-08,PHI vs. WAS,W,24,8,13,0.615,2,4,0.5,2,3,0.667,0,10,10,4,0,1,3,1,20,12,1,2018-19,Regular Season,203954,Joel Embiid
22018,203954,0021800608,2019-01-09,PHI @ WAS,L,34,11,17,0.647,1,4,0.25,12,14,0.857,4,10,14,2,1,3,7,3,35,-25,1,2018-19,Regular Season,203954,Joel Embiid
22018,203954,0021800638,2019-01-13,PHI @ NYK,W,32,9,24,0.375,0,2,0.0,8,12,0.667,2,6,8,1,0,6,2,4,26,-3,1,2018-19,Regular Season,203954,Joel Embiid
22018,203954,0021800652,2019-01-15,PHI vs. MIN,W,27,10,17,0.588,4,6,0.667,7,8,0.875,1,12,13,3,0,1,4,4,31,20,1,2018-19,Regular Season,203954,Joel Embiid
22018,203954,0021800667,2019-01-17,PHI @ IND,W,35,9,19,0.474,2,7,0.286,2,2,1.0,3,10,13,8,1,3,5,3,22,18,1,2018-19,Regular Season,203954,Joel Embiid
22018,203954,0021800678,2019-01-19,PHI vs. OKC,L,34,11,19,0.579,1,5,0.2,8,12,0.667,2,6,8,6,0,1,3,3,31,17,1,2018-19,Regular Season,203954,Joel Embiid
22018,203954,0021800699,2019-01-21,PHI vs. HOU,W,27,9,16,0.563,0,1,0.0,14,17,0.824,3,11,14,2,2,3,2,3,32,21,1,2018-19,Regular Season,203954,Joel Embiid
22018,203954,0021800711,2019-01-23,PHI vs. SAS,W,37,13,28,0.464,2,4,0.5,5,6,0.833,7,12,19,3,0,1,3,3,33,12,1,2018-19,Regular Season,203954,Joel Embiid
22018,203954,0021800755,2019-01-29,PHI @ LAL,W,30,7,16,0.438,2,6,0.333,12,15,0.8,1,10,11,6,0,1,6,3,28,22,1,2018-19,Regular Season,203954,Joel Embiid
22018,203954,0021800768,2019-01-31,PHI @ GSW,W,34,8,24,0.333,0,5,0.0,10,12,0.833,6,14,20,5,2,0,8,4,26,-1,1,2018-19,Regular Season,203954,Joel Embiid
22018,203954,0021800785,2019-02-02,PHI @ SAC,L,39,9,24,0.375,0,5,0.0,11,13,0.846,7,10,17,2,1,4,4,3,29,-3,1,2018-19,Regular Season,203954,Joel Embiid
22018,203954,0021800800,2019-02-05,PHI vs. TOR,L,42,10,20,0.5,3,7,0.429,14,15,0.933,2,11,13,2,1,3,4,4,37,-9,1,2018-19,Regular Season,203954,Joel Embiid
22018,203954,0021800818,2019-02-08,PHI vs. DEN,W,33,4,17,0.235,0,5,0.0,7,8,0.875,2,10,12,1,1,4,4,3,15,13,1,2018-19,Regular Season,203954,Joel Embiid
22018,203954,0021800835,2019-02-10,PHI vs. LAL,W,32,12,16,0.75,2,3,0.667,11,12,0.917,0,14,14,3,1,0,3,2,37,23,1,2018-19,Regular Season,203954,Joel Embiid
22018,203954,0021800849,2019-02-12,PHI vs. BOS,L,37,9,22,0.409,2,8,0.25,3,4,0.75,3,11,14,3,0,2,2,5,23,3,1,2018-19,Regular Season,203954,Joel Embiid
22018,203954,0021800856,2019-02-13,PHI @ NYK,W,34,7,13,0.538,0,0,0.0,12,14,0.857,2,12,14,3,0,1,4,5,26,9,1,2018-19,Regular Season,203954,Joel Embiid
22018,203954,0021800994,2019-03-10,PHI vs. IND,W,28,11,21,0.524,0,2,0.0,11,15,0.733,3,9,12,0,2,0,2,5,33,16,1,2018-19,Regular Season,203954,Joel Embiid
22018,203954,0021801008,2019-03-12,PHI vs. CLE,W,34,6,16,0.375,1,3,0.333,4,4,1.0,3,16,19,5,1,4,6,2,17,9,1,2018-19,Regular Season,203954,Joel Embiid
22018,203954,0021801027,2019-03-15,PHI vs. SAC,W,36,9,19,0.474,0,3,0.0,3,4,0.75,2,15,17,3,1,4,4,2,21,-2,1,2018-19,Regular Season,203954,Joel Embiid
22018,203954,0021801043,2019-03-17,PHI @ MIL,W,36,15,31,0.484,4,13,0.308,6,7,0.857,2,13,15,6,3,1,1,4,40,-6,2,2018-19,Regular Season,203954,Joel Embiid
22018,203954,0021801067,2019-03-20,PHI vs. BOS,W,41,8,17,0.471,1,3,0.333,20,21,0.952,6,16,22,4,1,1,3,4,37,12,1,2018-19,Regular Season,203954,Joel Embiid
22018,203954,0021801088,2019-03-23,PHI @ ATL,L,35,7,11,0.636,2,3,0.667,11,14,0.786,1,11,12,2,0,0,4,0,27,3,1,2018-19,Regular Season,203954,Joel Embiid
22018,203954,0021801103,2019-03-25,PHI @ ORL,L,31,8,15,0.533,1,3,0.333,3,6,0.5,2,8,10,2,1,0,5,4,20,-12,1,2018-19,Regular Season,203954,Joel Embiid
22018,203954,0021801123,2019-03-28,PHI vs. BKN,W,28,12,20,0.6,3,4,0.75,12,16,0.75,3,10,13,6,3,1,2,3,39,13,1,2018-19,Regular Season,203954,Joel Embiid
22018,203954,0021801177,2019-04-04,PHI vs. MIL,L,37,12,31,0.387,3,9,0.333,7,10,0.7,3,10,13,13,2,3,3,3,34,0,1,2018-19,Regular Season,203954,Joel Embiid
22018,203954,0021801194,2019-04-06,PHI @ CHI,W,28,9,16,0.563,0,3,0.0,2,6,0.333,1,9,10,5,0,3,2,2,20,12,1,2018-19,Regular Season,203954,Joel Embiid
42018,203954,0041800121,2019-04-13,PHI vs. BKN,L,24,5,15,0.333,0,5,0.0,12,18,0.667,4,11,15,4,0,5,3,1,22,-17,1,2018-19,Playoffs,203954,Joel Embiid
42018,203954,0041800122,2019-04-15,PHI vs. BKN,W,21,8,12,0.667,0,0,0.0,7,8,0.875,3,7,10,1,1,0,2,5,23,26,1,2018-19,Playoffs,203954,Joel Embiid
42018,203954,0041800124,2019-04-20,PHI @ BKN,W,32,12,22,0.545,1,3,0.333,6,6,1.0,4,12,16,7,2,6,5,3,31,18,1,2018-19,Playoffs,203954,Joel Embiid
42018,203954,0041800125,2019-04-23,PHI vs. BKN,W,20,9,18,0.5,2,5,0.4,3,3,1.0,2,11,13,2,1,0,2,2,23,26,1,2018-19,Playoffs,203954,Joel Embiid
42018,203954,0041800211,2019-04-27,PHI @ TOR,L,30,5,18,0.278,1,3,0.333,5,6,0.833,2,6,8,2,0,0,0,2,16,4,1,2018-19,Playoffs,203954,Joel Embiid
42018,203954,0041800212,2019-04-29,PHI @ TOR,W,32,2,7,0.286,0,3,0.0,8,8,1.0,0,6,6,5,0,1,6,3,12,3,1,2018-19,Playoffs,203954,Joel Embiid
42018,203954,0041800213,2019-05-02,PHI vs. TOR,W,28,9,18,0.5,3,4,0.75,12,13,0.923,3,7,10,3,0,5,3,3,33,31,1,2018-19,Playoffs,203954,Joel Embiid
42018,203954,0041800214,2019-05-05,PHI vs. TOR,L,35,2,7,0.286,0,1,0.0,7,10,0.7,0,8,8,7,2,2,2,5,11,17,1,2018-19,Playoffs,203954,Joel Embiid
42018,203954,0041800215,2019-05-07,PHI @ TOR,L,31,5,10,0.5,2,6,0.333,1,2,0.5,0,6,6,1,1,1,8,3,13,-16,1,2018-19,Playoffs,203954,Joel Embiid
42018,203954,0041800216,2019-05-09,PHI vs. TOR,W,36,5,14,0.357,2,3,0.667,5,7,0.714,2,10,12,1,1,2,5,4,17,40,1,2018-19,Playoffs,203954,Joel Embiid
42018,203954,0041800217,2019-05-12,PHI @ TOR,L,45,6,18,0.333,1,6,0.167,8,9,0.889,1,10,11,4,0,3,4,3,21,10,1,2018-19,Playoffs,203954,Joel Embiid
22018,203999,0021800012,2018-10-17,DEN @ LAC,W,34,6,13,0.462,1,4,0.25,8,10,0.8,2,6,8,5,1,2,2,4,21,8,1,2018-19,Regular Season,203999,Nikola Jokić
22018,203999,0021800033,2018-10-20,DEN vs. PHX,W,31,11,11,1.0,3,3,1.0,10,11,0.909,0,11,11,11,4,1,0,3,35,29,1,2018-19,Regular Season,203999,Nikola Jokić
22018,203999,0021800038,2018-10-21,DEN vs. GSW,W,32,7,14,0.5,0,1,0.0,9,12,0.75,3,8,11,6,0,0,2,2,23,-4,1,2018-19,Regular Season,203999,Nikola Jokić
22018,203999,0021800051,2018-10-23,DEN vs. SAC,W,23,6,11,0.545,1,2,0.5,1,1,1.0,2,10,12,6,1,0,3,4,14,18,1,2018-19,Regular Season,203999,Nikola Jokić
22018,203999,0021800066,2018-10-25,DEN @ LAL,L,33,9,17,0.529,1,5,0.2,5,5,1.0,3,8,11,3,1,1,6,5,24,-5,1,2018-19,Regular Season,203999,Nikola Jokić
22018,203999,0021800095,2018-10-29,DEN vs. NOP,W,29,3,8,0.375,2,4,0.5,4,4,1.0,1,8,9,10,0,2,0,4,12,5,1,2018-19,Regular Season,203999,Nikola Jokić
22018,203999,0021800106,2018-10-31,DEN @ CHI,W,33,9,20,0.45,3,6,0.5,1,1,1.0,5,7,12,9,2,3,6,2,22,4,1,2018-19,Regular Season,203999,Nikola Jokić
22018,203999,0021800112,2018-11-01,DEN @ CLE,W,22,2,5,0.4,0,1,0.0,0,0,0.0,1,5,6,3,1,1,2,2,4,9,1,2018-19,Regular Season,203999,Nikola Jokić
22018,203999,0021800131,2018-11-03,DEN vs. UTA,W,29,3,9,0.333,0,3,0.0,1,2,0.5,3,7,10,16,1,0,4,2,7,8,1,2018-19,Regular Season,203999,Nikola Jokić
22018,203999,0021800145,2018-11-05,DEN vs. BOS,W,27,2,3,0.667,0,0,0.0,4,6,0.667,2,8,10,8,0,0,3,4,8,-4,1,2018-19,Regular Season,203999,Nikola Jokić
22018,203999,0021800158,2018-11-07,DEN @ MEM,L,26,0,1,0.0,0,1,0.0,4,4,1.0,1,6,7,4,3,0,6,5,4,0,1,2018-19,Regular Season,203999,Nikola Jokić
22018,203999,0021800171,2018-11-09,DEN vs. BKN,L,33,14,22,0.636,1,1,1.0,8,10,0.8,7,14,21,3,1,2,6,5,37,5,1,2018-19,Regular Season,203999,Nikola Jokić
22018,203999,0021800187,2018-11-11,DEN vs. MIL,L,29,7,14,0.5,4,8,0.5,2,2,1.0,1,5,6,6,1,1,3,1,20,-17,1,2018-19,Regular Season,203999,Nikola Jokić
22018,203999,0021800200,2018-11-13,DEN vs. HOU,L,33,6,14,0.429,0,1,0.0,2,3,0.667,4,8,12,7,2,0,3,3,14,-14,1,2018-19,Regular Season,203999,Nikola Jokić
22018,203999,0021800214,2018-11-15,DEN vs. ATL,W,25,5,11,0.455,1,2,0.5,1,2,0.5,1,8,9,7,4,1,2,3,12,37,1,2018-19,Regular Season,203999,Nikola Jokić
22018,203999,0021800228,2018-11-17,DEN @ NOP,L,34,10,20,0.5,2,8,0.25,3,4,0.75,3,7,10,8,1,0,1,2,25,-11,1,2018-19,Regular Season,203999,Nikola Jokić
22018,203999,0021800245,2018-11-19,DEN @ MIL,L,33,8,18,0.444,3,8,0.375,1,1,1.0,3,2,5,5,1,0,3,1,20,-16,1,2018-19,Regular Season,203999,Nikola Jokić
22018,203999,0021800260,2018-11-21,DEN @ MIN,W,37,3,13,0.231,1,5,0.2,0,0,0.0,2,10,12,10,1,0,3,4,7,4,1,2018-19,Regular Season,203999,Nikola Jokić
22018,203999,0021800276,2018-11-23,DEN vs. ORL,W,23,2,7,0.286,0,3,0.0,2,2,1.0,3,7,10,11,2,0,0,4,6,7,1,2018-19,Regular Season,203999,Nikola Jokić
22018,203999,0021800282,2018-11-24,DEN @ OKC,W,27,6,20,0.3,0,7,0.0,4,5,0.8,2,4,6,5,0,1,4,4,16,15,1,2018-19,Regular Season,203999,Nikola Jokić
22018,203999,0021800304,2018-11-27,DEN vs. LAL,W,23,5,14,0.357,2,4,0.5,2,2,1.0,0,7,7,7,1,1,3,1,14,14,1,2018-19,Regular Season,203999,Nikola Jokić
22018,203999,0021800329,2018-11-30,DEN @ POR,W,32,7,12,0.583,0,2,0.0,1,1,1.0,3,3,6,7,1,1,1,3,15,2,1,2018-19,Regular Season,203999,Nikola Jokić
22018,203999,0021800347,2018-12-03,DEN @ TOR,W,36,8,13,0.615,0,1,0.0,7,8,0.875,4,7,11,15,2,0,2,1,23,14,1,2018-19,Regular Season,203999,Nikola Jokić
22018,203999,0021800356,2018-12-05,DEN @ ORL,W,35,5,13,0.385,1,3,0.333,1,2,0.5,0,8,8,13,1,0,1,3,12,10,1,2018-19,Regular Season,203999,Nikola Jokić
22018,203999,0021800368,2018-12-07,DEN @ CHA,L,33,6,18,0.333,0,6,0.0,4,5,0.8,4,7,11,6,1,2,4,5,16,8,1,2018-19,Regular Season,203999,Nikola Jokić
22018,203999,0021800380,2018-12-08,DEN @ ATL,L,33,9,17,0.529,0,2,0.0,6,7,0.857,4,7,11,7,2,0,1,1,24,-6,1,2018-19,Regular Season,203999,Nikola Jokić
22018,203999,0021800398,2018-12-10,DEN vs. MEM,W,38,9,14,0.643,1,2,0.5,8,9,0.889,3,9,12,6,2,0,3,3,27,6,1,2018-19,Regular Season,203999,Nikola Jokić
22018,203999,0021800426,2018-12-14,DEN vs. OKC,W,36,8,16,0.5,2,4,0.5,6,6,1.0,3,12,15,9,3,0,6,3,24,10,1,2018-19,Regular Season,203999,Nikola Jokić
22018,203999,0021800442,2018-12-16,DEN vs. TOR,W,35,11,19,0.579,0,1,0.0,4,5,0.8,4,6,10,4,2,0,3,0,26,1,1,2018-19,Regular Season,203999,Nikola Jokić
22018,203999,0021800454,2018-12-18,DEN vs. DAL,W,35,13,25,0.52,2,6,0.333,4,4,1.0,6,10,16,4,3,1,5,4,32,15,1,2018-19,Regular Season,203999,Nikola Jokić
22018,203999,0021800479,2018-12-22,DEN @ LAC,L,21,7,15,0.467,2,2,1.0,3,3,1.0,2,4,6,3,0,1,4,2,19,-16,1,2018-19,Regular Season,203999,Nikola Jokić
22018,203999,0021800510,2018-12-26,DEN @ SAS,L,31,1,5,0.2,1,1,1.0,1,2,0.5,2,2,4,10,2,0,5,1,4,-9,1,2018-19,Regular Season,203999,Nikola Jokić
22018,203999,0021800524,2018-12-28,DEN vs. SAS,W,37,10,14,0.714,1,4,0.25,0,0,0.0,0,9,9,9,0,0,6,6,21,3,1,2018-19,Regular Season,203999,Nikola Jokić
22018,203999,0021800533,2018-12-29,DEN @ PHX,W,38,8,11,0.727,0,2,0.0,7,8,0.875,1,7,8,9,3,1,4,3,23,12,1,2018-19,Regular Season,203999,Nikola Jokić
22018,203999,0021800551,2019-01-01,DEN vs. NYK,W,34,8,16,0.5,1,2,0.5,2,3,0.667,6,8,14,15,1,3,5,3,19,6,1,2018-19,Regular Season,203999,Nikola Jokić
22018,203999,0021800564,2019-01-03,DEN @ SAC,W,32,10,18,0.556,3,8,0.375,3,4,0.75,3,10,13,6,1,1,5,1,26,12,1,2018-19,Regular Season,203999,Nikola Jokić
22018,203999,0021800576,2019-01-05,DEN vs. CHA,W,34,16,29,0.552,3,9,0.333,4,5,0.8,8,4,12,6,3,1,2,1,39,8,1,2018-19,Regular Season,203999,Nikola Jokić
22018,203999,0021800593,2019-01-07,DEN @ HOU,L,28,11,20,0.55,1,1,1.0,1,1,1.0,5,8,13,4,2,1,8,2,24,-22,1,2018-19,Regular Season,203999,Nikola Jokić
22018,203999,0021800601,2019-01-08,DEN @ MIA,W,40,11,21,0.524,1,2,0.5,6,6,1.0,3,8,11,10,1,0,3,3,29,9,1,2018-19,Regular Season,203999,Nikola Jokić
22018,203999,0021800618,2019-01-10,DEN vs. LAC,W,28,8,19,0.421,0,5,0.0,2,3,0.667,5,9,14,10,0,2,1,3,18,6,1,2018-19,Regular Season,203999,Nikola Jokić
22018,203999,0021800635,2019-01-12,DEN @ PHX,L,34,8,15,0.533,1,4,0.25,6,7,0.857,1,9,10,4,0,1,2,0,23,8,1,2018-19,Regular Season,203999,Nikola Jokić
22018,203999,0021800643,2019-01-13,DEN vs. POR,W,37,15,23,0.652,4,7,0.571,6,8,0.75,1,9,10,8,0,0,3,4,40,17,1,2018-19,Regular Season,203999,Nikola Jokić
22018,203999,0021800655,2019-01-15,DEN vs. GSW,L,23,6,12,0.5,0,1,0.0,5,5,1.0,1,3,4,8,0,0,3,3,17,-21,1,2018-19,Regular Season,203999,Nikola Jokić
22018,203999,0021800669,2019-01-17,DEN vs. CHI,W,25,6,18,0.333,0,3,0.0,6,6,1.0,4,4,8,11,1,1,2,3,18,26,1,2018-19,Regular Season,203999,Nikola Jokić
22018,203999,0021800687,2019-01-19,DEN vs. CLE,W,28,8,12,0.667,3,6,0.5,0,1,0.0,3,8,11,12,1,0,1,3,19,21,1,2018-19,Regular Season,203999,Nikola Jokić
22018,203999,0021800715,2019-01-23,DEN @ UTA,L,37,10,21,0.476,1,7,0.143,7,7,1.0,3,18,21,6,2,1,3,5,28,-11,1,2018-19,Regular Season,203999,Nikola Jokić
22018,203999,0021800733,2019-01-26,DEN vs. PHI,W,34,12,22,0.545,2,3,0.667,6,7,0.857,6,12,18,10,1,0,1,1,32,16,1,2018-19,Regular Season,203999,Nikola Jokić
22018,203999,0021800747,2019-01-28,DEN @ MEM,W,35,10,20,0.5,1,8,0.125,3,3,1.0,1,4,5,3,4,0,4,3,24,5,1,2018-19,Regular Season,203999,Nikola Jokić
22018,203999,0021800761,2019-01-30,DEN @ NOP,W,37,9,16,0.563,0,2,0.0,2,2,1.0,1,12,13,10,3,2,2,2,20,17,1,2018-19,Regular Season,203999,Nikola Jokić
22018,203999,0021800774,2019-02-01,DEN vs. HOU,W,31,12,15,0.8,1,2,0.5,6,6,1.0,4,9,13,9,1,0,2,4,31,14,1,2018-19,Regular Season,203999,Nikola Jokić
22018,203999,0021800783,2019-02-02,DEN @ MIN,W,29,4,13,0.308,0,2,0.0,5,8,0.625,8,8,16,10,0,0,5,4,13,-1,1,2018-19,Regular Season,203999,Nikola Jokić
22018,203999,0021800790,2019-02-04,DEN @ DET,L,26,7,17,0.412,0,3,0.0,2,3,0.667,1,2,3,4,3,0,3,4,16,-16,1,2018-19,Regular Season,203999,Nikola Jokić
22018,203999,0021800804,2019-02-06,DEN @ BKN,L,34,8,13,0.615,1,3,0.333,8,10,0.8,2,12,14,10,1,1,2,3,25,5,1,2018-19,Regular Season,203999,Nikola Jokić
22018,203999,0021800818,2019-02-08,DEN @ PHI,L,35,11,22,0.5,1,5,0.2,4,4,1.0,2,8,10,10,3,0,4,2,27,2,1,2018-19,Regular Season,203999,Nikola Jokić
22018,203999,0021800847,2019-02-11,DEN vs. MIA,W,36,7,16,0.438,3,3,1.0,6,7,0.857,0,12,12,4,0,0,7,3,23,16,1,2018-19,Regular Season,203999,Nikola Jokić
22018,203999,0021800860,2019-02-13,DEN vs. SAC,W,36,7,17,0.412,0,2,0.0,6,6,1.0,4,14,18,11,1,0,4,1,20,2,1,2018-19,Regular Season,203999,Nikola Jokić
22018,203999,0021800880,2019-02-22,DEN @ DAL,W,30,7,16,0.438,1,2,0.5,4,4,1.0,5,8,13,8,1,0,4,4,19,3,1,2018-19,Regular Season,203999,Nikola Jokić
22018,203999,0021800895,2019-02-24,DEN vs. LAC,W,28,9,16,0.563,0,2,0.0,4,6,0.667,3,13,16,3,3,1,6,5,22,14,1,2018-19,Regular Season,203999,Nikola Jokić
22018,203999,0021800910,2019-02-26,DEN vs. OKC,W,35,11,25,0.44,4,7,0.571,10,13,0.769,1,8,9,10,0,1,2,2,36,22,1,2018-19,Regular Season,203999,Nikola Jokić
22018,203999,0021800926,2019-02-28,DEN vs. UTA,L,32,5,15,0.333,0,1,0.0,6,7,0.857,6,7,13,7,0,0,5,5,16,2,1,2018-19,Regular Season,203999,Nikola Jokić
22018,203999,0021800941,2019-03-02,DEN vs. NOP,L,22,7,11,0.636,1,2,0.5,5,6,0.833,4,5,9,7,2,2,2,4,20,6,1,2018-19,Regular Season,203999,Nikola Jokić
22018,203999,0021800954,2019-03-04,DEN @ SAS,L,38,10,14,0.714,2,2,1.0,0,0,0.0,4,6,10,6,0,0,3,2,22,10,1,2018-19,Regular Season,203999,Nikola Jokić
22018,203999,0021800974,2019-03-06,DEN @ LAL,W,35,3,5,0.6,0,1,0.0,6,8,0.75,4,13,17,8,3,0,2,1,12,16,1,2018-19,Regular Season,203999,Nikola Jokić
22018,203999,0021800984,2019-03-08,DEN @ GSW,L,29,5,10,0.5,1,1,1.0,5,8,0.625,3,3,6,4,4,1,2,2,16,-29,1,2018-19,Regular Season,203999,Nikola Jokić
22018,203999,0021801012,2019-03-12,DEN vs. MIN,W,26,9,14,0.643,0,0,0.0,0,0,0.0,4,4,8,7,0,1,4,4,18,2,1,2018-19,Regular Season,203999,Nikola Jokić
22018,203999,0021801025,2019-03-14,DEN vs. DAL,W,30,4,9,0.444,0,2,0.0,3,4,0.75,2,12,14,8,0,1,2,1,11,-12,1,2018-19,Regular Season,203999,Nikola Jokić
22018,203999,0021801040,2019-03-16,DEN vs. IND,W,34,11,21,0.524,2,7,0.286,2,2,1.0,3,4,7,5,0,0,4,3,26,5,1,2018-19,Regular Season,203999,Nikola Jokić
22018,203999,0021801052,2019-03-18,DEN @ BOS,W,36,9,14,0.643,3,7,0.429,0,0,0.0,2,11,13,7,2,3,3,2,21,15,1,2018-19,Regular Season,203999,Nikola Jokić
22018,203999,0021801075,2019-03-21,DEN @ WAS,W,35,6,12,0.5,2,4,0.5,1,1,1.0,3,3,6,11,0,0,1,1,15,-10,1,2018-19,Regular Season,203999,Nikola Jokić
22018,203999,0021801082,2019-03-22,DEN @ NYK,W,28,8,20,0.4,1,3,0.333,4,6,0.667,4,13,17,5,0,0,1,3,21,17,1,2018-19,Regular Season,203999,Nikola Jokić
22018,203999,0021801097,2019-03-24,DEN @ IND,L,30,8,16,0.5,1,3,0.333,2,2,1.0,3,8,11,8,1,4,1,2,19,-19,1,2018-19,Regular Season,203999,Nikola Jokić
22018,203999,0021801115,2019-03-26,DEN vs. DET,W,33,10,24,0.417,0,5,0.0,3,5,0.6,3,12,15,2,0,0,3,3,23,-9,1,2018-19,Regular Season,203999,Nikola Jokić
22018,203999,0021801126,2019-03-28,DEN @ HOU,L,25,7,14,0.5,0,0,0.0,2,2,1.0,3,5,8,6,0,2,2,3,16,-1,1,2018-19,Regular Season,203999,Nikola Jokić
22018,203999,0021801133,2019-03-29,DEN @ OKC,W,34,10,16,0.625,1,3,0.333,2,2,1.0,2,14,16,3,1,0,2,3,23,7,1,2018-19,Regular Season,203999,Nikola Jokić
22018,203999,0021801148,2019-03-31,DEN vs. WAS,L,30,11,15,0.733,0,2,0.0,1,3,0.333,2,12,14,4,2,1,2,3,23,1,1,2018-19,Regular Season,203999,Nikola Jokić
22018,203999,0021801164,2019-04-02,DEN @ GSW,L,28,4,10,0.4,0,3,0.0,2,3,0.667,2,3,5,6,4,0,6,1,10,-10,1,2018-19,Regular Season,203999,Nikola Jokić
22018,203999,0021801173,2019-04-03,DEN vs. SAS,W,29,9,10,0.9,0,1,0.0,2,3,0.667,0,11,11,9,0,0,5,3,20,18,1,2018-19,Regular Season,203999,Nikola Jokić
22018,203999,0021801190,2019-04-05,DEN vs. POR,W,37,9,15,0.6,1,4,0.25,3,4,0.75,3,10,13,9,2,1,2,3,22,6,1,2018-19,Regular Season,203999,Nikola Jokić
22018,203999,0021801217,2019-04-09,DEN @ UTA,L,16,1,6,0.167,0,0,0.0,0,2,0.0,2,3,5,2,1,1,1,6,2,-15,1,2018-19,Regular Season,203999,Nikola Jokić
22018,203999,0021801228,2019-04-10,DEN vs. MIN,W,37,13,26,0.5,1,7,0.143,2,2,1.0,3,11,14,2,3,0,4,4,29,16,1,2018-19,Regular Season,203999,Nikola Jokić
42018,203999,0041800151,2019-04-13,DEN vs. SAS,L,36,4,9,0.444,0,3,0.0,2,2,1.0,3,11,14,14,2,0,3,3,10,0,1,2018-19,Playoffs,203999,Nikola Jokić
42018,203999,0041800152,2019-04-16,DEN vs. SAS,W,39,7,15,0.467,2,3,0.667,5,6,0.833,3,10,13,8,2,0,3,4,21,17,1,2018-19,Playoffs,203999,Nikola Jokić
42018,203999,0041800153,2019-04-18,DEN @ SAS,L,32,8,14,0.571,3,6,0.5,3,4,0.75,2,6,8,7,0,0,1,3,22,-25,1,2018-19,Playoffs,203999,Nikola Jokić
42018,203999,0041800154,2019-04-20,DEN @ SAS,W,39,10,22,0.455,1,4,0.25,8,8,1.0,5,7,12,8,0,0,0,3,29,17,1,2018-19,Playoffs,203999,Nikola Jokić
42018,203999,0041800155,2019-04-23,DEN vs. SAS,W,33,5,11,0.455,2,4,0.5,4,4,1.0,2,9,11,8,2,1,3,3,16,27,1,2018-19,Playoffs,203999,Nikola Jokić
42018,203999,0041800156,2019-04-25,DEN @ SAS,L,38,19,30,0.633,2,6,0.333,3,4,0.75,6,6,12,9,2,1,2,2,43,-11,1,2018-19,Playoffs,203999,Nikola Jokić
42018,203999,0041800157,2019-04-27,DEN vs. SAS,W,43,9,26,0.346,0,4,0.0,3,4,0.75,5,10,15,10,1,3,0,5,21,-1,1,2018-19,Playoffs,203999,Nikola Jokić
42018,203999,0041800231,2019-04-29,DEN vs. POR,W,41,11,18,0.611,3,5,0.6,12,12,1.0,2,7,9,6,3,2,2,3,37,16,1,2018-19,Playoffs,203999,Nikola Jokić
42018,203999,0041800232,2019-05-01,DEN vs. POR,L,37,7,17,0.412,0,1,0.0,2,4,0.5,4,10,14,7,1,0,2,5,16,2,1,2018-19,Playoffs,203999,Nikola Jokić
42018,203999,0041800233,2019-05-03,DEN @ POR,L,65,13,25,0.52,4,7,0.571,3,5,0.6,4,14,18,14,1,2,8,4,33,5,1,2018-19,Playoffs,203999,Nikola Jokić
42018,203999,0041800234,2019-05-05,DEN @ POR,W,39,8,15,0.533,1,1,1.0,4,4,1.0,6,6,12,11,2,0,3,4,21,17,1,2018-19,Playoffs,203999,Nikola Jokić
42018,203999,0041800235,2019-05-07,DEN vs. POR,W,34,10,18,0.556,0,3,0.0,5,6,0.833,6,13,19,6,0,0,3,6,25,26,1,2018-19,Playoffs,203999,Nikola Jokić
42018,203999,0041800236,2019-05-09,DEN @ POR,L,37,10,15,0.667,2,3,0.667,7,8,0.875,2,10,12,8,0,0,4,6,29,-5,1,2018-19,Playoffs,203999,Nikola Jokić
42018,203999,0041800237,2019-05-12,DEN vs. POR,L,42,11,26,0.423,2,6,0.333,5,7,0.714,4,9,13,2,0,4,2,3,29,-2,1,2018-19,Playoffs,203999,Nikola Jokić
22018,203081,0021800016,2018-10-18,POR vs. LAL,W,35,9,21,0.429,2,7,0.286,8,8,1.0,1,5,6,4,1,1,3,0,28,-8,1,2018-19,Regular Season,203081,Damian Lillard
22018,203081,0021800034,2018-10-20,POR vs. SAS,W,30,9,15,0.6,3,6,0.5,8,8,1.0,0,2,2,9,0,0,0,0,29,18,1,2018-19,Regular Season,203081,Damian Lillard
22018,203081,0021800046,2018-10-22,POR vs. WAS,L,41,7,21,0.333,2,10,0.2,13,15,0.867,0,8,8,8,1,0,5,1,29,1,1,2018-19,Regular Season,203081,Damian Lillard
22018,203081,0021800064,2018-10-25,POR @ ORL,W,36,13,23,0.565,5,10,0.5,10,12,0.833,2,5,7,6,1,0,1,0,41,15,1,2018-19,Regular Season,203081,Damian Lillard
22018,203081,0021800079,2018-10-27,POR @ MIA,L,37,15,28,0.536,5,11,0.455,7,7,1.0,2,5,7,6,0,0,1,3,42,-1,1,2018-19,Regular Season,203081,Damian Lillard
22018,203081,0021800087,2018-10-29,POR @ IND,W,33,5,13,0.385,2,7,0.286,4,4,1.0,0,1,1,2,0,1,3,4,16,-13,1,2018-19,Regular Season,203081,Damian Lillard
22018,203081,0021800101,2018-10-30,POR @ HOU,W,28,8,10,0.8,1,2,0.5,5,5,1.0,0,3,3,7,1,0,3,2,22,20,1,2018-19,Regular Season,203081,Damian Lillard
22018,203081,0021800116,2018-11-01,POR vs. NOP,W,31,7,16,0.438,4,7,0.571,8,8,1.0,2,5,7,6,1,0,4,3,26,12,1,2018-19,Regular Season,203081,Damian Lillard
22018,203081,0021800132,2018-11-03,POR vs. LAL,L,36,10,23,0.435,2,9,0.222,8,8,1.0,1,3,4,4,3,0,0,1,30,16,1,2018-19,Regular Season,203081,Damian Lillard
22018,203081,0021800138,2018-11-04,POR vs. MIN,W,28,6,16,0.375,1,4,0.25,5,6,0.833,0,5,5,5,1,0,0,0,18,19,1,2018-19,Regular Season,203081,Damian Lillard
22018,203081,0021800152,2018-11-06,POR vs. MIL,W,36,5,15,0.333,3,7,0.429,0,0,0.0,1,5,6,3,0,1,2,2,13,12,1,2018-19,Regular Season,203081,Damian Lillard
22018,203081,0021800165,2018-11-08,POR vs. LAC,W,35,11,25,0.44,3,7,0.429,0,0,0.0,1,3,4,4,1,1,2,1,25,5,1,2018-19,Regular Season,203081,Damian Lillard
22018,203081,0021800188,2018-11-11,POR vs. BOS,W,35,7,15,0.467,2,7,0.286,3,3,1.0,0,5,5,12,0,0,4,1,19,15,1,2018-19,Regular Season,203081,Damian Lillard
22018,203081,0021800212,2018-11-14,POR @ LAL,L,38,8,23,0.348,3,9,0.333,12,13,0.923,1,7,8,11,0,1,2,2,31,-7,1,2018-19,Regular Season,203081,Damian Lillard
22018,203081,0021800221,2018-11-16,POR @ MIN,L,37,5,18,0.278,1,7,0.143,5,6,0.833,2,4,6,5,0,0,5,2,16,-21,1,2018-19,Regular Season,203081,Damian Lillard
22018,203081,0021800237,2018-11-18,POR @ WAS,W,38,12,29,0.414,3,10,0.3,13,15,0.867,2,4,6,5,1,0,1,2,40,17,1,2018-19,Regular Season,203081,Damian Lillard
22018,203081,0021800251,2018-11-20,POR @ NYK,W,36,9,22,0.409,3,9,0.333,8,10,0.8,1,5,6,8,2,0,4,2,29,8,1,2018-19,Regular Season,203081,Damian Lillard
22018,203081,0021800259,2018-11-21,POR @ MIL,L,31,5,12,0.417,1,6,0.167,11,13,0.846,0,4,4,5,0,2,4,2,22,-25,1,2018-19,Regular Season,203081,Damian Lillard
22018,203081,0021800277,2018-11-23,POR @ GSW,L,35,9,24,0.375,3,7,0.429,2,3,0.667,0,2,2,8,2,1,2,1,23,-19,1,2018-19,Regular Season,203081,Damian Lillard
22018,203081,0021800293,2018-11-25,POR vs. LAC,L,41,12,27,0.444,3,13,0.231,3,4,0.75,1,5,6,4,0,0,3,3,30,-13,1,2018-19,Regular Season,203081,Damian Lillard
22018,203081,0021800314,2018-11-28,POR vs. ORL,W,37,13,22,0.591,10,15,0.667,5,7,0.714,0,8,8,4,2,1,3,2,41,15,1,2018-19,Regular Season,203081,Damian Lillard
22018,203081,0021800329,2018-11-30,POR vs. DEN,L,40,6,16,0.375,3,8,0.375,0,0,0.0,0,1,1,8,0,0,1,1,15,-4,1,2018-19,Regular Season,203081,Damian Lillard
22018,203081,0021800342,2018-12-02,POR @ SAS,L,41,12,28,0.429,3,11,0.273,10,10,1.0,0,2,2,10,2,0,1,2,37,-7,1,2018-19,Regular Season,203081,Damian Lillard
22018,203081,0021800352,2018-12-04,POR @ DAL,L,38,10,23,0.435,2,8,0.25,11,12,0.917,2,6,8,8,1,2,6,5,33,-12,1,2018-19,Regular Season,203081,Damian Lillard
22018,203081,0021800366,2018-12-06,POR vs. PHX,W,28,8,14,0.571,3,5,0.6,6,7,0.857,1,4,5,8,1,1,4,1,25,31,1,2018-19,Regular Season,203081,Damian Lillard
22018,203081,0021800385,2018-12-08,POR vs. MIN,W,36,8,16,0.5,4,9,0.444,8,9,0.889,1,7,8,6,1,0,3,1,28,15,1,2018-19,Regular Season,203081,Damian Lillard
22018,203081,0021800402,2018-12-11,POR @ HOU,L,39,12,25,0.48,4,7,0.571,6,7,0.857,1,1,2,2,0,0,3,3,34,7,1,2018-19,Regular Season,203081,Damian Lillard
22018,203081,0021800410,2018-12-12,POR @ MEM,L,38,4,18,0.222,1,5,0.2,5,7,0.714,1,6,7,3,2,0,4,2,14,-4,1,2018-19,Regular Season,203081,Damian Lillard
22018,203081,0021800427,2018-12-14,POR vs. TOR,W,29,8,10,0.8,3,3,1.0,5,5,1.0,0,2,2,4,1,1,1,2,24,-4,1,2018-19,Regular Season,203081,Damian Lillard
22018,203081,0021800450,2018-12-17,POR @ LAC,W,36,11,20,0.55,6,7,0.857,11,13,0.846,0,3,3,6,2,0,2,4,39,15,1,2018-19,Regular Season,203081,Damian Lillard
22018,203081,0021800465,2018-12-19,POR vs. MEM,W,33,9,18,0.5,5,8,0.625,1,1,1.0,0,5,5,4,2,2,4,1,24,-11,1,2018-19,Regular Season,203081,Damian Lillard
22018,203081,0021800476,2018-12-21,POR vs. UTA,L,34,7,16,0.438,4,8,0.5,1,2,0.5,3,1,4,2,3,2,4,0,19,-10,1,2018-19,Regular Season,203081,Damian Lillard
22018,203081,0021800495,2018-12-23,POR vs. DAL,W,39,11,24,0.458,2,7,0.286,9,9,1.0,0,2,2,7,0,1,2,3,33,0,1,2018-19,Regular Season,203081,Damian Lillard
22018,203081,0021800501,2018-12-25,POR @ UTA,L,34,9,21,0.429,2,5,0.4,0,0,0.0,2,3,5,4,0,1,1,3,20,-13,1,2018-19,Regular Season,203081,Damian Lillard
22018,203081,0021800516,2018-12-27,POR @ GSW,W,41,7,20,0.35,3,8,0.375,4,4,1.0,0,1,1,5,1,0,1,2,21,-1,1,2018-19,Regular Season,203081,Damian Lillard
22018,203081,0021800534,2018-12-29,POR vs. GSW,L,39,14,23,0.609,6,13,0.462,6,7,0.857,1,1,2,5,1,0,3,5,40,3,1,2018-19,Regular Season,203081,Damian Lillard
22018,203081,0021800540,2018-12-30,POR vs. PHI,W,27,6,10,0.6,3,6,0.5,0,0,0.0,0,7,7,5,0,0,7,0,15,28,1,2018-19,Regular Season,203081,Damian Lillard
22018,203081,0021800552,2019-01-01,POR @ SAC,W,42,8,21,0.381,1,9,0.111,8,8,1.0,1,5,6,6,1,0,5,0,25,10,1,2018-19,Regular Season,203081,Damian Lillard
22018,203081,0021800575,2019-01-04,POR vs. OKC,L,36,7,19,0.368,1,8,0.125,8,9,0.889,0,0,0,8,2,0,4,4,23,-7,1,2018-19,Regular Season,203081,Damian Lillard
22018,203081,0021800582,2019-01-05,POR vs. HOU,W,36,5,15,0.333,2,5,0.4,5,6,0.833,1,4,5,12,2,0,4,1,17,13,1,2018-19,Regular Season,203081,Damian Lillard
22018,203081,0021800597,2019-01-07,POR vs. NYK,W,32,5,14,0.357,2,6,0.333,5,5,1.0,1,3,4,9,1,0,4,1,17,10,1,2018-19,Regular Season,203081,Damian Lillard
22018,203081,0021800615,2019-01-09,POR vs. CHI,W,33,4,12,0.333,2,5,0.4,6,6,1.0,0,1,1,10,1,0,2,0,16,7,1,2018-19,Regular Season,203081,Damian Lillard
22018,203081,0021800628,2019-01-11,POR vs. CHA,W,29,8,16,0.5,2,7,0.286,2,2,1.0,2,2,4,5,3,4,2,2,20,26,1,2018-19,Regular Season,203081,Damian Lillard
22018,203081,0021800643,2019-01-13,POR @ DEN,L,38,8,21,0.381,2,10,0.2,8,8,1.0,1,3,4,7,0,0,2,1,26,-7,1,2018-19,Regular Season,203081,Damian Lillard
22018,203081,0021800649,2019-01-14,POR @ SAC,L,37,11,27,0.407,4,12,0.333,9,9,1.0,1,2,3,5,1,0,6,1,35,6,2,2018-19,Regular Season,203081,Damian Lillard
22018,203081,0021800662,2019-01-16,POR vs. CLE,W,32,11,19,0.579,4,6,0.667,7,7,1.0,0,2,2,6,0,0,0,2,33,23,1,2018-19,Regular Season,203081,Damian Lillard
22018,203081,0021800677,2019-01-18,POR vs. NOP,W,37,8,20,0.4,2,9,0.222,6,8,0.75,3,2,5,8,1,0,2,0,24,16,1,2018-19,Regular Season,203081,Damian Lillard
22018,203081,0021800700,2019-01-21,POR @ UTA,W,36,10,20,0.5,1,5,0.2,5,6,0.833,1,7,8,8,0,0,2,2,26,9,1,2018-19,Regular Season,203081,Damian Lillard
22018,203081,0021800703,2019-01-22,POR @ OKC,L,40,12,24,0.5,2,10,0.2,8,8,1.0,1,4,5,8,5,0,5,4,34,3,1,2018-19,Regular Season,203081,Damian Lillard
22018,203081,0021800718,2019-01-24,POR @ PHX,W,30,7,16,0.438,1,3,0.333,9,9,1.0,0,3,3,3,2,2,2,2,24,17,1,2018-19,Regular Season,203081,Damian Lillard
22018,203081,0021800763,2019-01-30,POR vs. UTA,W,37,12,21,0.571,3,7,0.429,9,9,1.0,0,8,8,11,2,0,3,2,36,29,1,2018-19,Regular Season,203081,Damian Lillard
22018,203081,0021800803,2019-02-05,POR vs. MIA,L,35,5,15,0.333,2,10,0.2,1,2,0.5,0,3,3,10,1,0,4,3,13,-16,1,2018-19,Regular Season,203081,Damian Lillard
22018,203081,0021800816,2019-02-07,POR vs. SAS,W,36,10,20,0.5,0,7,0.0,4,4,1.0,0,2,2,9,5,0,2,2,24,9,1,2018-19,Regular Season,203081,Damian Lillard
22018,203081,0021800834,2019-02-10,POR @ DAL,L,36,10,23,0.435,6,11,0.545,4,4,1.0,0,3,3,5,2,0,5,1,30,2,1,2018-19,Regular Season,203081,Damian Lillard
22018,203081,0021800846,2019-02-11,POR @ OKC,L,37,9,22,0.409,3,8,0.375,10,11,0.909,1,6,7,6,2,1,4,4,31,8,1,2018-19,Regular Season,203081,Damian Lillard
22018,203081,0021800862,2019-02-13,POR vs. GSW,W,32,9,15,0.6,6,8,0.75,5,6,0.833,1,2,3,8,0,0,0,1,29,8,1,2018-19,Regular Season,203081,Damian Lillard
22018,203081,0021800869,2019-02-21,POR @ BKN,W,36,5,21,0.238,2,9,0.222,1,1,1.0,4,4,8,8,2,0,1,2,13,30,1,2018-19,Regular Season,203081,Damian Lillard
22018,203081,0021800882,2019-02-23,POR @ PHI,W,30,5,10,0.5,1,5,0.2,6,6,1.0,1,5,6,8,1,0,1,1,17,24,1,2018-19,Regular Season,203081,Damian Lillard
22018,203081,0021800898,2019-02-25,POR @ CLE,W,37,6,13,0.462,3,9,0.333,6,6,1.0,0,4,4,8,0,2,4,3,21,11,1,2018-19,Regular Season,203081,Damian Lillard
22018,203081,0021800913,2019-02-27,POR @ BOS,W,37,13,28,0.464,3,10,0.3,4,4,1.0,3,4,7,4,1,0,1,2,33,9,1,2018-19,Regular Season,203081,Damian Lillard
22018,203081,0021800930,2019-03-01,POR @ TOR,L,37,8,17,0.471,3,6,0.5,5,6,0.833,1,7,8,6,0,0,1,2,24,-9,1,2018-19,Regular Season,203081,Damian Lillard
22018,203081,0021800944,2019-03-03,POR @ CHA,W,36,9,20,0.45,4,10,0.4,1,1,1.0,1,2,3,2,2,0,2,4,23,5,1,2018-19,Regular Season,203081,Damian Lillard
22018,203081,0021800962,2019-03-05,POR @ MEM,L,37,8,18,0.444,3,10,0.3,5,5,1.0,1,1,2,8,0,0,5,4,24,-10,1,2018-19,Regular Season,203081,Damian Lillard
22018,203081,0021800976,2019-03-07,POR vs. OKC,L,47,15,28,0.536,3,10,0.3,18,20,0.9,1,4,5,9,1,2,3,3,51,-5,1,2018-19,Regular Season,203081,Damian Lillard
22018,203081,0021800991,2019-03-09,POR vs. PHX,W,29,4,11,0.364,2,4,0.5,8,9,0.889,0,2,2,9,0,0,0,2,18,19,1,2018-19,Regular Season,203081,Damian Lillard
22018,203081,0021801013,2019-03-12,POR @ LAC,W,34,8,14,0.571,3,6,0.5,1,1,1.0,0,3,3,12,2,0,3,2,20,12,1,2018-19,Regular Season,203081,Damian Lillard
22018,203081,0021801031,2019-03-15,POR @ NOP,W,35,8,18,0.444,4,9,0.444,4,4,1.0,2,2,4,7,2,0,2,0,24,10,2,2018-19,Regular Season,203081,Damian Lillard
22018,203081,0021801039,2019-03-16,POR @ SAS,L,38,13,29,0.448,3,10,0.3,5,5,1.0,0,6,6,5,1,0,1,3,34,3,1,2018-19,Regular Season,203081,Damian Lillard
22018,203081,0021801058,2019-03-18,POR vs. IND,W,40,9,16,0.563,4,9,0.444,8,9,0.889,0,2,2,15,3,1,6,3,30,17,1,2018-19,Regular Season,203081,Damian Lillard
22018,203081,0021801073,2019-03-20,POR vs. DAL,W,30,9,18,0.5,6,12,0.5,9,10,0.9,2,3,5,12,2,0,1,1,33,24,1,2018-19,Regular Season,203081,Damian Lillard
22018,203081,0021801093,2019-03-23,POR vs. DET,W,37,9,16,0.563,6,10,0.6,4,5,0.8,2,4,6,9,0,0,4,1,28,3,1,2018-19,Regular Season,203081,Damian Lillard
22018,203081,0021801106,2019-03-25,POR vs. BKN,W,48,10,30,0.333,4,16,0.25,7,8,0.875,3,3,6,12,1,0,0,3,31,13,1,2018-19,Regular Season,203081,Damian Lillard
22018,203081,0021801117,2019-03-27,POR @ CHI,W,28,3,12,0.25,1,6,0.167,4,4,1.0,1,5,6,7,0,0,1,1,11,20,1,2018-19,Regular Season,203081,Damian Lillard
22018,203081,0021801131,2019-03-29,POR @ ATL,W,32,13,25,0.52,4,10,0.4,6,6,1.0,0,3,3,7,0,1,2,1,36,18,1,2018-19,Regular Season,203081,Damian Lillard
22018,203081,0021801139,2019-03-30,POR @ DET,L,36,8,25,0.32,3,8,0.375,4,4,1.0,1,7,8,3,1,1,3,2,23,-12,1,2018-19,Regular Season,203081,Damian Lillard
22018,203081,0021801157,2019-04-01,POR @ MIN,W,34,6,17,0.353,3,6,0.5,0,1,0.0,0,5,5,12,0,0,5,2,15,3,1,2018-19,Regular Season,203081,Damian Lillard
22018,203081,0021801175,2019-04-03,POR vs. MEM,W,29,8,18,0.444,2,7,0.286,2,2,1.0,0,7,7,10,1,0,3,0,20,25,1,2018-19,Regular Season,203081,Damian Lillard
22018,203081,0021801190,2019-04-05,POR @ DEN,L,39,3,14,0.214,0,6,0.0,8,9,0.889,0,4,4,8,0,0,2,3,14,5,1,2018-19,Regular Season,203081,Damian Lillard
22018,203081,0021801206,2019-04-07,POR vs. DEN,W,38,9,19,0.474,5,11,0.455,7,7,1.0,1,5,6,5,0,0,1,1,30,11,1,2018-19,Regular Season,203081,Damian Lillard
22018,203081,0021801219,2019-04-09,POR @ LAL,W,36,6,16,0.375,3,10,0.3,5,5,1.0,1,3,4,8,3,1,3,0,20,3,1,2018-19,Regular Season,203081,Damian Lillard
42018,203081,0041800161,2019-04-14,POR vs. OKC,W,39,9,21,0.429,5,11,0.455,7,8,0.875,0,4,4,4,3,0,6,2,30,11,1,2018-19,Playoffs,203081,Damian Lillard
42018,203081,0041800162,2019-04-16,POR vs. OKC,W,37,10,21,0.476,4,8,0.5,5,7,0.714,0,4,4,6,3,2,2,1,29,27,1,2018-19,Playoffs,203081,Damian Lillard
42018,203081,0041800163,2019-04-19,POR @ OKC,L,37,10,21,0.476,3,9,0.333,9,10,0.9,1,3,4,6,2,0,4,3,32,-8,1,2018-19,Playoffs,203081,Damian Lillard
42018,203081,0041800164,2019-04-21,POR @ OKC,W,41,7,19,0.368,4,8,0.5,6,6,1.0,0,3,3,8,1,0,4,5,24,16,1,2018-19,Playoffs,203081,Damian Lillard
42018,203081,0041800165,2019-04-23,POR vs. OKC,W,45,17,33,0.515,10,18,0.556,6,8,0.75,2,5,7,6,3,1,6,2,50,9,1,2018-19,Playoffs,203081,Damian Lillard
42018,203081,0041800231,2019-04-29,POR @ DEN,L,43,12,21,0.571,4,12,0.333,11,13,0.846,0,3,3,6,1,0,6,2,39,-6,1,2018-19,Playoffs,203081,Damian Lillard
42018,203081,0041800232,2019-05-01,POR @ DEN,W,39,5,17,0.294,1,7,0.143,3,4,0.75,0,4,4,4,2,1,3,2,14,4,1,2018-19,Playoffs,203081,Damian Lillard
42018,203081,0041800233,2019-05-03,POR vs. DEN,W,58,10,24,0.417,2,9,0.222,6,6,1.0,2,4,6,8,2,0,2,2,28,4,1,2018-19,Playoffs,203081,Damian Lillard
42018,203081,0041800234,2019-05-05,POR vs. DEN,L,36,9,22,0.409,2,7,0.286,8,11,0.727,0,3,3,7,2,0,2,3,28,-8,1,2018-19,Playoffs,203081,Damian Lillard
42018,203081,0041800235,2019-05-07,POR @ DEN,L,32,9,21,0.429,2,9,0.222,2,5,0.4,0,6,6,4,1,1,1,2,22,-22,1,2018-19,Playoffs,203081,Damian Lillard
42018,203081,0041800236,2019-05-09,POR vs. DEN,W,36,11,23,0.478,6,13,0.462,4,4,1.0,1,2,3,5,1,0,5,4,32,-2,1,2018-19,Playoffs,203081,Damian Lillard
42018,203081,0041800237,2019-05-12,POR @ DEN,W,45,3,17,0.176,2,9,0.222,5,6,0.833,0,10,10,8,3,0,1,3,13,8,1,2018-19,Playoffs,203081,Damian Lillard
42018,203081,0041800311,2019-05-14,POR @ GSW,L,37,4,12,0.333,2,5,0.4,9,9,1.0,0,4,4,6,0,0,7,3,19,-12,1,2018-19,Playoffs,203081,Damian Lillard
42018,203081,0041800312,2019-05-16,POR @ GSW,L,43,6,16,0.375,5,12,0.417,6,7,0.857,1,4,5,10,1,0,2,1,23,-7,1,2018-19,Playoffs,203081,Damian Lillard
42018,203081,0041800313,2019-05-18,POR vs. GSW,L,40,5,18,0.278,3,9,0.333,6,8,0.75,0,6,6,6,2,0,5,3,19,-23,1,2018-19,Playoffs,203081,Damian Lillard
42018,203081,0041800314,2019-05-20,POR vs. GSW,L,44,11,24,0.458,4,12,0.333,2,2,1.0,1,3,4,12,0,0,4,2,28,-4,1,2018-19,Playoffs,203081,Damian Lillard
22018,203076,0021800009,2018-10-17,NOP @ HOU,W,39,13,21,0.619,0,0,0.0,6,7,0.857,2,14,16,8,3,3,1,5,32,23,1,2018-19,Regular Season,203076,Anthony Davis
22018,203076,0021800022,2018-10-19,NOP vs. SAC,W,27,8,12,0.667,1,1,1.0,8,12,0.667,4,6,10,6,2,2,4,1,25,21,1,2018-19,Regular Season,203076,Anthony Davis
22018,203076,0021800050,2018-10-23,NOP vs. LAC,W,40,11,21,0.524,2,3,0.667,10,15,0.667,5,8,13,2,1,5,0,3,34,15,1,2018-19,Regular Season,203076,Anthony Davis
22018,203076,0021800072,2018-10-26,NOP vs. BKN,W,38,6,19,0.316,1,3,0.333,5,7,0.714,4,10,14,3,4,5,1,4,18,5,1,2018-19,Regular Season,203076,Anthony Davis
22018,203076,0021800108,2018-10-31,NOP @ GSW,L,41,6,16,0.375,1,4,0.25,4,5,0.8,3,9,12,7,0,1,2,3,17,-5,1,2018-19,Regular Season,203076,Anthony Davis
22018,203076,0021800130,2018-11-03,NOP @ SAS,L,40,5,13,0.385,0,2,0.0,7,10,0.7,0,8,8,3,2,5,3,3,17,-5,1,2018-19,Regular Season,203076,Anthony Davis
22018,203076,0021800144,2018-11-05,NOP @ OKC,L,38,7,20,0.35,0,1,0.0,6,7,0.857,4,4,8,1,0,1,5,2,20,-18,1,2018-19,Regular Season,203076,Anthony Davis
22018,203076,0021800159,2018-11-07,NOP vs. CHI,W,37,13,24,0.542,2,4,0.5,4,7,0.571,2,13,15,7,1,4,4,2,32,8,1,2018-19,Regular Season,203076,Anthony Davis
22018,203076,0021800176,2018-11-10,NOP vs. PHX,W,36,7,18,0.389,0,2,0.0,12,12,1.0,4,9,13,6,1,2,1,2,26,26,1,2018-19,Regular Season,203076,Anthony Davis
22018,203076,0021800192,2018-11-12,NOP @ TOR,W,40,11,20,0.55,1,2,0.5,2,2,1.0,8,12,20,6,0,2,4,4,25,17,1,2018-19,Regular Season,203076,Anthony Davis
22018,203076,0021800208,2018-11-14,NOP @ MIN,L,41,9,25,0.36,2,3,0.667,9,10,0.9,2,9,11,2,2,4,0,2,29,6,1,2018-19,Regular Season,203076,Anthony Davis
22018,203076,0021800222,2018-11-16,NOP vs. NYK,W,40,16,25,0.64,1,4,0.25,10,15,0.667,4,13,17,5,1,1,2,2,43,10,1,2018-19,Regular Season,203076,Anthony Davis
22018,203076,0021800228,2018-11-17,NOP vs. DEN,W,38,10,20,0.5,0,1,0.0,20,21,0.952,4,4,8,8,0,1,0,4,40,11,1,2018-19,Regular Season,203076,Anthony Davis
22018,203076,0021800246,2018-11-19,NOP vs. SAS,W,32,13,22,0.591,0,1,0.0,3,3,1.0,3,6,9,4,2,2,2,1,29,7,1,2018-19,Regular Season,203076,Anthony Davis
22018,203076,0021800253,2018-11-21,NOP @ PHI,L,41,4,13,0.308,0,2,0.0,4,7,0.571,6,10,16,6,5,5,6,3,12,-7,1,2018-19,Regular Season,203076,Anthony Davis
22018,203076,0021800269,2018-11-23,NOP @ NYK,L,32,12,19,0.632,1,1,1.0,8,10,0.8,3,8,11,4,0,0,0,3,33,-6,1,2018-19,Regular Season,203076,Anthony Davis
22018,203076,0021800298,2018-11-26,NOP vs. BOS,L,37,8,19,0.421,0,2,0.0,11,12,0.917,4,12,16,5,3,3,5,2,27,-12,1,2018-19,Regular Season,203076,Anthony Davis
22018,203076,0021800312,2018-11-28,NOP vs. WAS,W,34,9,21,0.429,2,6,0.333,8,9,0.889,4,11,15,3,1,2,3,1,28,23,1,2018-19,Regular Season,203076,Anthony Davis
22018,203076,0021800324,2018-11-30,NOP @ MIA,L,41,15,23,0.652,2,5,0.4,9,10,0.9,1,8,9,2,1,4,2,2,41,9,1,2018-19,Regular Season,203076,Anthony Davis
22018,203076,0021800338,2018-12-02,NOP @ CHA,W,37,14,19,0.737,2,3,0.667,6,6,1.0,4,15,19,8,2,2,4,4,36,14,1,2018-19,Regular Season,203076,Anthony Davis
22018,203076,0021800349,2018-12-03,NOP vs. LAC,L,39,10,18,0.556,0,4,0.0,3,4,0.75,3,10,13,5,3,3,2,3,23,5,1,2018-19,Regular Season,203076,Anthony Davis
22018,203076,0021800363,2018-12-05,NOP vs. DAL,W,34,10,20,0.5,2,2,1.0,5,6,0.833,0,4,4,9,2,5,2,2,27,12,1,2018-19,Regular Season,203076,Anthony Davis
22018,203076,0021800374,2018-12-07,NOP vs. MEM,L,36,10,21,0.476,0,5,0.0,5,5,1.0,2,9,11,3,2,4,3,4,25,-9,1,2018-19,Regular Season,203076,Anthony Davis
22018,203076,0021800387,2018-12-09,NOP @ DET,W,26,2,7,0.286,0,2,0.0,2,4,0.5,2,7,9,4,0,5,1,1,6,10,1,2018-19,Regular Season,203076,Anthony Davis
22018,203076,0021800393,2018-12-10,NOP @ BOS,L,38,17,34,0.5,0,2,0.0,7,9,0.778,3,4,7,2,4,0,0,1,41,-18,1,2018-19,Regular Season,203076,Anthony Davis
22018,203076,0021800411,2018-12-12,NOP vs. OKC,W,40,16,32,0.5,1,3,0.333,11,11,1.0,6,12,18,2,2,1,3,5,44,7,1,2018-19,Regular Season,203076,Anthony Davis
22018,203076,0021800441,2018-12-16,NOP vs. MIA,L,39,10,19,0.526,2,3,0.667,5,6,0.833,3,9,12,7,3,3,1,1,27,-2,1,2018-19,Regular Season,203076,Anthony Davis
22018,203076,0021800462,2018-12-19,NOP @ MIL,L,29,10,18,0.556,4,9,0.444,3,6,0.5,0,11,11,3,2,3,3,2,27,-13,1,2018-19,Regular Season,203076,Anthony Davis
22018,203076,0021800478,2018-12-21,NOP @ LAL,L,39,12,23,0.522,1,4,0.25,5,8,0.625,5,15,20,5,0,1,1,2,30,-9,1,2018-19,Regular Season,203076,Anthony Davis
22018,203076,0021800492,2018-12-23,NOP @ SAC,L,40,7,20,0.35,1,5,0.2,11,12,0.917,2,15,17,4,2,4,1,2,26,-3,1,2018-19,Regular Season,203076,Anthony Davis
22018,203076,0021800509,2018-12-26,NOP @ DAL,L,34,14,26,0.538,1,5,0.2,3,5,0.6,3,15,18,2,1,1,2,4,32,-12,1,2018-19,Regular Season,203076,Anthony Davis
22018,203076,0021800523,2018-12-28,NOP vs. DAL,W,43,20,32,0.625,0,2,0.0,8,11,0.727,7,10,17,4,2,2,1,3,48,2,1,2018-19,Regular Season,203076,Anthony Davis
22018,203076,0021800528,2018-12-29,NOP vs. HOU,L,39,6,13,0.462,2,3,0.667,8,10,0.8,2,9,11,1,3,1,1,0,22,0,1,2018-19,Regular Season,203076,Anthony Davis
22018,203076,0021800557,2019-01-02,NOP @ BKN,L,42,12,25,0.48,2,6,0.333,8,10,0.8,5,21,26,4,1,3,1,3,34,4,1,2018-19,Regular Season,203076,Anthony Davis
22018,203076,0021800579,2019-01-05,NOP @ CLE,W,29,6,12,0.5,0,2,0.0,8,10,0.8,3,7,10,3,4,2,1,3,20,19,1,2018-19,Regular Season,203076,Anthony Davis
22018,203076,0021800595,2019-01-07,NOP vs. MEM,W,35,14,20,0.7,0,1,0.0,8,12,0.667,1,12,13,3,2,3,2,2,36,24,1,2018-19,Regular Season,203076,Anthony Davis
22018,203076,0021800612,2019-01-09,NOP vs. CLE,W,37,11,17,0.647,1,1,1.0,15,16,0.938,6,7,13,7,2,4,1,1,38,12,1,2018-19,Regular Season,203076,Anthony Davis
22018,203076,0021800633,2019-01-12,NOP @ MIN,L,36,10,22,0.455,2,5,0.4,8,9,0.889,4,10,14,2,0,1,3,5,30,1,1,2018-19,Regular Season,203076,Anthony Davis
22018,203076,0021800650,2019-01-14,NOP @ LAC,W,39,16,34,0.471,2,5,0.4,12,12,1.0,5,11,16,4,3,1,1,4,46,1,2,2018-19,Regular Season,203076,Anthony Davis
22018,203076,0021800663,2019-01-16,NOP @ GSW,L,41,11,26,0.423,1,4,0.25,7,8,0.875,3,15,18,7,1,3,2,2,30,-12,1,2018-19,Regular Season,203076,Anthony Davis
22018,203076,0021800677,2019-01-18,NOP @ POR,L,36,9,17,0.529,0,0,0.0,9,12,0.75,2,5,7,2,0,1,1,4,27,-25,1,2018-19,Regular Season,203076,Anthony Davis
22018,203076,0021800823,2019-02-08,NOP vs. MIN,W,25,11,15,0.733,0,1,0.0,10,11,0.909,2,7,9,2,0,3,2,3,32,23,1,2018-19,Regular Season,203076,Anthony Davis
22018,203076,0021800831,2019-02-09,NOP @ MEM,L,34,4,8,0.5,0,1,0.0,6,9,0.667,2,14,16,6,2,2,2,4,14,2,1,2018-19,Regular Season,203076,Anthony Davis
22018,203076,0021800851,2019-02-12,NOP vs. ORL,L,24,1,9,0.111,0,0,0.0,1,2,0.5,0,6,6,0,0,3,0,1,3,-16,1,2018-19,Regular Season,203076,Anthony Davis
22018,203076,0021800866,2019-02-14,NOP vs. OKC,W,16,5,10,0.5,1,2,0.5,3,4,0.75,0,4,4,2,1,1,2,1,14,10,1,2018-19,Regular Season,203076,Anthony Davis
22018,203076,0021800874,2019-02-22,NOP @ IND,L,20,6,11,0.545,0,2,0.0,3,6,0.5,4,3,7,4,1,1,2,0,15,-1,1,2018-19,Regular Season,203076,Anthony Davis
22018,203076,0021800906,2019-02-25,NOP vs. PHI,L,21,8,14,0.571,0,0,0.0,2,4,0.5,2,4,6,2,2,3,1,2,18,1,1,2018-19,Regular Season,203076,Anthony Davis
22018,203076,0021800921,2019-02-27,NOP @ LAL,L,21,10,14,0.714,0,0,0.0,2,4,0.5,5,3,8,2,0,0,3,2,22,4,1,2018-19,Regular Season,203076,Anthony Davis
22018,203076,0021800932,2019-03-01,NOP @ PHX,W,21,7,11,0.636,1,2,0.5,2,4,0.5,1,7,8,3,2,3,4,2,17,4,1,2018-19,Regular Season,203076,Anthony Davis
22018,203076,0021800956,2019-03-04,NOP @ UTA,W,22,7,14,0.5,1,1,1.0,0,0,0.0,3,8,11,3,3,3,1,2,15,-1,1,2018-19,Regular Season,203076,Anthony Davis
22018,203076,0021800971,2019-03-06,NOP vs. UTA,L,21,6,12,0.5,0,1,0.0,4,5,0.8,2,3,5,3,1,2,1,3,16,-18,1,2018-19,Regular Season,203076,Anthony Davis
22018,203076,0021800995,2019-03-10,NOP @ ATL,L,21,6,10,0.6,3,4,0.75,0,0,0.0,1,7,8,4,1,4,4,1,15,2,1,2018-19,Regular Season,203076,Anthony Davis
22018,203076,0021801010,2019-03-12,NOP vs. MIL,L,21,9,16,0.563,1,4,0.25,2,4,0.5,6,6,12,2,0,2,2,2,21,-10,1,2018-19,Regular Season,203076,Anthony Davis
22018,203076,0021801036,2019-03-16,NOP vs. PHX,L,22,6,11,0.545,0,1,0.0,3,4,0.75,1,10,11,0,3,1,2,1,15,0,1,2018-19,Regular Season,203076,Anthony Davis
22018,203076,0021801056,2019-03-18,NOP @ DAL,W,21,8,11,0.727,1,2,0.5,3,3,1.0,2,4,6,5,1,1,3,1,20,2,1,2018-19,Regular Season,203076,Anthony Davis
22018,203076,0021801099,2019-03-24,NOP vs. HOU,L,21,6,14,0.429,0,1,0.0,0,0,0.0,5,5,10,1,1,1,1,0,12,-6,1,2018-19,Regular Season,203076,Anthony Davis
22018,202695,0021800008,2018-10-17,TOR vs. CLE,W,37,9,22,0.409,1,3,0.333,5,6,0.833,1,11,12,2,0,0,2,3,24,13,1,2018-19,Regular Season,202695,Kawhi Leonard
22018,202695,0021800019,2018-10-19,TOR vs. BOS,W,36,10,25,0.4,2,5,0.4,9,9,1.0,2,8,10,3,1,0,3,1,31,17,1,2018-19,Regular Season,202695,Kawhi Leonard
22018,202695,0021800041,2018-10-22,TOR vs. CHA,W,31,9,14,0.643,4,7,0.571,0,0,0.0,0,4,4,3,2,0,1,2,22,27,1,2018-19,Regular Season,202695,Kawhi Leonard
22018,202695,0021800055,2018-10-24,TOR vs. MIN,W,35,15,23,0.652,2,4,0.5,3,4,0.75,1,4,5,2,2,2,3,2,35,2,1,2018-19,Regular Season,202695,Kawhi Leonard
22018,202695,0021800069,2018-10-26,TOR vs. DAL,W,35,7,16,0.438,1,3,0.333,6,6,1.0,1,8,9,5,3,1,0,0,21,5,1,2018-19,Regular Season,202695,Kawhi Leonard
22018,202695,0021800100,2018-10-30,TOR vs. PHI,W,34,10,19,0.526,2,5,0.4,9,10,0.9,1,6,7,4,4,0,0,4,31,11,1,2018-19,Regular Season,202695,Kawhi Leonard
22018,202695,0021800123,2018-11-02,TOR @ PHX,W,30,7,14,0.5,1,2,0.5,4,6,0.667,2,4,6,5,2,1,2,0,19,4,1,2018-19,Regular Season,202695,Kawhi Leonard
22018,202695,0021800161,2018-11-07,TOR @ SAC,W,31,7,17,0.412,2,5,0.4,9,9,1.0,2,9,11,2,0,0,5,0,25,0,1,2018-19,Regular Season,202695,Kawhi Leonard
22018,202695,0021800174,2018-11-10,TOR vs. NYK,W,23,2,7,0.286,0,2,0.0,8,10,0.8,2,5,7,3,1,0,3,0,12,8,1,2018-19,Regular Season,202695,Kawhi Leonard
22018,202695,0021800192,2018-11-12,TOR vs. NOP,L,34,7,20,0.35,1,6,0.167,5,5,1.0,2,4,6,2,1,1,1,2,20,-15,1,2018-19,Regular Season,202695,Kawhi Leonard
22018,202695,0021800206,2018-11-14,TOR vs. DET,L,35,10,18,0.556,0,2,0.0,6,8,0.75,0,9,9,4,3,0,6,2,26,1,1,2018-19,Regular Season,202695,Kawhi Leonard
22018,202695,0021800216,2018-11-16,TOR @ BOS,L,43,11,25,0.44,0,3,0.0,9,11,0.818,2,13,15,4,3,0,2,0,31,4,1,2018-19,Regular Season,202695,Kawhi Leonard
22018,202695,0021800248,2018-11-20,TOR @ ORL,W,30,8,16,0.5,1,3,0.333,1,3,0.333,1,5,6,2,1,0,2,3,18,-3,1,2018-19,Regular Season,202695,Kawhi Leonard
22018,202695,0021800271,2018-11-23,TOR vs. WAS,W,30,12,22,0.545,1,4,0.25,2,3,0.667,2,8,10,2,2,0,1,0,27,14,1,2018-19,Regular Season,202695,Kawhi Leonard
22018,202695,0021800290,2018-11-25,TOR vs. MIA,W,36,8,20,0.4,3,8,0.375,10,12,0.833,0,10,10,2,1,2,1,2,29,23,1,2018-19,Regular Season,202695,Kawhi Leonard
22018,202695,0021800303,2018-11-27,TOR @ MEM,W,37,5,11,0.455,1,4,0.25,6,9,0.667,0,10,10,5,2,1,1,2,17,12,1,2018-19,Regular Season,202695,Kawhi Leonard
22018,202695,0021800316,2018-11-29,TOR vs. GSW,W,44,14,24,0.583,3,6,0.5,6,6,1.0,2,6,8,3,1,1,1,4,37,3,1,2018-19,Regular Season,202695,Kawhi Leonard
22018,202695,0021800332,2018-12-01,TOR @ CLE,W,37,11,21,0.524,3,9,0.333,9,9,1.0,1,8,9,2,1,2,1,2,34,28,1,2018-19,Regular Season,202695,Kawhi Leonard
22018,202695,0021800347,2018-12-03,TOR vs. DEN,L,35,10,19,0.526,1,7,0.143,6,6,1.0,2,6,8,2,0,0,3,2,27,-13,1,2018-19,Regular Season,202695,Kawhi Leonard
22018,202695,0021800359,2018-12-05,TOR vs. PHI,W,35,13,24,0.542,5,6,0.833,5,6,0.833,1,8,9,1,5,1,2,0,36,4,1,2018-19,Regular Season,202695,Kawhi Leonard
22018,202695,0021800371,2018-12-07,TOR @ BKN,L,38,10,21,0.476,5,6,0.833,7,8,0.875,0,3,3,4,4,1,3,3,32,0,1,2018-19,Regular Season,202695,Kawhi Leonard
22018,202695,0021800388,2018-12-09,TOR vs. MIL,L,37,8,18,0.444,1,5,0.2,3,3,1.0,3,5,8,4,2,2,1,0,20,10,1,2018-19,Regular Season,202695,Kawhi Leonard
22018,202695,0021800427,2018-12-14,TOR @ POR,L,38,8,17,0.471,4,7,0.571,8,10,0.8,1,5,6,4,1,0,3,5,28,-1,1,2018-19,Regular Season,202695,Kawhi Leonard
22018,202695,0021800442,2018-12-16,TOR @ DEN,L,38,12,21,0.571,1,6,0.167,4,4,1.0,2,12,14,4,0,0,4,1,29,3,1,2018-19,Regular Season,202695,Kawhi Leonard
22018,202695,0021800459,2018-12-19,TOR vs. IND,W,39,11,23,0.478,0,3,0.0,6,9,0.667,0,10,10,6,4,0,2,3,28,7,1,2018-19,Regular Season,202695,Kawhi Leonard
22018,202695,0021800470,2018-12-21,TOR vs. CLE,W,32,12,16,0.75,2,4,0.5,11,12,0.917,2,4,6,1,1,0,1,1,37,11,1,2018-19,Regular Season,202695,Kawhi Leonard
22018,202695,0021800506,2018-12-26,TOR @ MIA,W,35,9,20,0.45,2,5,0.4,10,11,0.909,3,5,8,2,2,0,2,0,30,-1,1,2018-19,Regular Season,202695,Kawhi Leonard
22018,202695,0021800519,2018-12-28,TOR @ ORL,L,29,7,19,0.368,2,5,0.4,5,5,1.0,2,4,6,1,0,1,1,0,21,-27,1,2018-19,Regular Season,202695,Kawhi Leonard
22018,202695,0021800538,2018-12-30,TOR vs. CHI,W,34,8,22,0.364,1,6,0.167,10,11,0.909,1,8,9,0,0,0,2,0,27,1,1,2018-19,Regular Season,202695,Kawhi Leonard
22018,202695,0021800549,2019-01-01,TOR vs. UTA,W,35,16,22,0.727,0,3,0.0,13,17,0.765,0,6,6,1,0,0,2,2,45,8,1,2018-19,Regular Season,202695,Kawhi Leonard
22018,202695,0021800563,2019-01-03,TOR @ SAS,L,33,8,13,0.615,0,2,0.0,5,7,0.714,0,1,1,5,2,0,3,2,21,-21,1,2018-19,Regular Season,202695,Kawhi Leonard
22018,202695,0021800580,2019-01-05,TOR @ MIL,W,38,8,16,0.5,2,3,0.667,12,15,0.8,0,7,7,6,5,0,2,1,30,21,1,2018-19,Regular Season,202695,Kawhi Leonard
22018,202695,0021800602,2019-01-08,TOR vs. ATL,W,35,11,18,0.611,3,6,0.5,6,7,0.857,1,3,4,6,6,1,1,2,31,10,1,2018-19,Regular Season,202695,Kawhi Leonard
22018,202695,0021800624,2019-01-11,TOR vs. BKN,W,27,9,18,0.5,2,5,0.4,0,1,0.0,4,7,11,4,1,0,2,1,20,24,1,2018-19,Regular Season,202695,Kawhi Leonard
22018,202695,0021800639,2019-01-13,TOR @ WAS,W,45,15,29,0.517,3,6,0.5,8,9,0.889,6,5,11,5,3,2,3,3,41,-1,1,2018-19,Regular Season,202695,Kawhi Leonard
22018,202695,0021800658,2019-01-16,TOR @ BOS,L,36,10,19,0.526,2,8,0.25,11,11,1.0,0,4,4,2,4,0,1,0,33,-3,1,2018-19,Regular Season,202695,Kawhi Leonard
22018,202695,0021800724,2019-01-25,TOR @ HOU,L,39,11,19,0.579,3,6,0.5,7,7,1.0,1,6,7,5,2,0,6,2,32,5,1,2018-19,Regular Season,202695,Kawhi Leonard
22018,202695,0021800739,2019-01-27,TOR @ DAL,W,35,10,23,0.435,3,8,0.375,10,11,0.909,1,9,10,3,0,0,0,1,33,0,1,2018-19,Regular Season,202695,Kawhi Leonard
22018,202695,0021800766,2019-01-31,TOR vs. MIL,L,35,7,20,0.35,0,2,0.0,2,3,0.667,2,6,8,2,3,0,1,2,16,-8,1,2018-19,Regular Season,202695,Kawhi Leonard
22018,202695,0021800789,2019-02-03,TOR vs. LAC,W,26,6,12,0.5,3,5,0.6,3,3,1.0,1,4,5,2,0,0,2,1,18,8,1,2018-19,Regular Season,202695,Kawhi Leonard
22018,202695,0021800800,2019-02-05,TOR @ PHI,W,35,3,11,0.273,2,7,0.286,16,17,0.941,2,5,7,3,3,0,3,1,24,2,1,2018-19,Regular Season,202695,Kawhi Leonard
22018,202695,0021800828,2019-02-09,TOR @ NYK,W,32,4,15,0.267,1,5,0.2,2,3,0.667,0,5,5,6,1,0,2,1,11,2,1,2018-19,Regular Season,202695,Kawhi Leonard
22018,202695,0021800842,2019-02-11,TOR vs. BKN,W,34,10,20,0.5,1,5,0.2,9,9,1.0,1,1,2,8,1,0,3,2,30,-7,1,2018-19,Regular Season,202695,Kawhi Leonard
22018,202695,0021800876,2019-02-22,TOR vs. SAS,W,35,8,23,0.348,0,4,0.0,9,10,0.9,3,3,6,2,2,1,1,2,25,8,1,2018-19,Regular Season,202695,Kawhi Leonard
22018,202695,0021800909,2019-02-26,TOR vs. BOS,W,26,9,15,0.6,1,3,0.333,2,3,0.667,0,6,6,4,1,0,1,0,21,12,1,2018-19,Regular Season,202695,Kawhi Leonard
22018,202695,0021800930,2019-03-01,TOR vs. POR,W,34,14,22,0.636,2,4,0.5,8,8,1.0,0,3,3,5,3,0,2,1,38,14,1,2018-19,Regular Season,202695,Kawhi Leonard
22018,202695,0021800961,2019-03-05,TOR vs. HOU,L,36,10,22,0.455,1,4,0.25,5,5,1.0,2,4,6,1,1,0,1,0,26,10,1,2018-19,Regular Season,202695,Kawhi Leonard
22018,202695,0021800983,2019-03-08,TOR @ NOP,W,27,14,20,0.7,1,5,0.2,2,3,0.667,0,1,1,2,2,0,2,1,31,15,1,2018-19,Regular Season,202695,Kawhi Leonard
22018,202695,0021801001,2019-03-11,TOR @ CLE,L,31,11,19,0.579,3,8,0.375,0,3,0.0,0,9,9,2,1,0,2,1,25,-8,1,2018-19,Regular Season,202695,Kawhi Leonard
22018,202695,0021801023,2019-03-14,TOR vs. LAL,W,32,8,20,0.4,5,8,0.625,4,6,0.667,0,8,8,4,2,0,4,1,25,17,1,2018-19,Regular Season,202695,Kawhi Leonard
22018,202695,0021801044,2019-03-17,TOR @ DET,L,36,11,21,0.524,5,8,0.625,6,8,0.75,4,6,10,2,1,1,1,2,33,11,2,2018-19,Regular Season,202695,Kawhi Leonard
22018,202695,0021801072,2019-03-20,TOR @ OKC,W,42,8,19,0.421,2,6,0.333,4,5,0.8,3,7,10,6,2,0,3,3,22,9,1,2018-19,Regular Season,202695,Kawhi Leonard
22018,202695,0021801083,2019-03-22,TOR vs. OKC,L,36,12,23,0.522,4,5,0.8,9,10,0.9,2,4,6,4,2,0,8,5,37,12,1,2018-19,Regular Season,202695,Kawhi Leonard
22018,202695,0021801098,2019-03-24,TOR vs. CHA,L,34,10,18,0.556,2,6,0.333,6,6,1.0,1,8,9,3,0,2,2,1,28,10,1,2018-19,Regular Season,202695,Kawhi Leonard
22018,202695,0021801110,2019-03-26,TOR vs. CHI,W,22,4,10,0.4,0,2,0.0,6,6,1.0,1,3,4,5,6,0,0,0,14,14,1,2018-19,Regular Season,202695,Kawhi Leonard
22018,202695,0021801156,2019-04-01,TOR vs. ORL,W,27,5,12,0.417,1,3,0.333,4,4,1.0,2,5,7,5,1,0,0,1,15,19,1,2018-19,Regular Season,202695,Kawhi Leonard
22018,202695,0021801169,2019-04-03,TOR @ BKN,W,34,11,25,0.44,0,4,0.0,4,4,1.0,2,7,9,3,0,0,1,1,26,9,1,2018-19,Regular Season,202695,Kawhi Leonard
22018,202695,0021801180,2019-04-05,TOR @ CHA,L,32,12,18,0.667,1,5,0.2,4,7,0.571,0,6,6,4,0,0,1,1,29,0,1,2018-19,Regular Season,202695,Kawhi Leonard
22018,202695,0021801195,2019-04-07,TOR vs. MIA,W,38,7,19,0.368,3,8,0.375,5,7,0.714,0,4,4,4,1,0,1,2,22,7,1,2018-19,Regular Season,202695,Kawhi Leonard
22018,202695,0021801214,2019-04-09,TOR @ MIN,W,24,8,14,0.571,4,7,0.571,0,0,0.0,0,6,6,1,1,1,1,0,20,10,1,2018-19,Regular Season,202695,Kawhi Leonard
42018,202695,0041800111,2019-04-13,TOR vs. ORL,L,33,10,18,0.556,3,5,0.6,2,3,0.667,1,5,6,3,0,0,4,3,25,-2,1,2018-19,Playoffs,202695,Kawhi Leonard
42018,202695,0041800112,2019-04-16,TOR vs. ORL,W,33,15,22,0.682,4,8,0.5,3,3,1.0,0,4,4,4,2,0,1,3,37,37,1,2018-19,Playoffs,202695,Kawhi Leonard
42018,202695,0041800113,2019-04-19,TOR @ ORL,W,37,5,19,0.263,0,3,0.0,6,7,0.857,2,8,10,4,1,0,6,3,16,1,1,2018-19,Playoffs,202695,Kawhi Leonard
42018,202695,0041800114,2019-04-21,TOR @ ORL,W,35,12,20,0.6,2,5,0.4,8,9,0.889,3,3,6,2,2,2,1,3,34,20,1,2018-19,Playoffs,202695,Kawhi Leonard
42018,202695,0041800115,2019-04-23,TOR vs. ORL,W,32,8,11,0.727,5,5,1.0,6,6,1.0,3,4,7,2,1,0,2,1,27,38,1,2018-19,Playoffs,202695,Kawhi Leonard
42018,202695,0041800211,2019-04-27,TOR vs. PHI,W,38,16,23,0.696,3,7,0.429,10,11,0.909,0,11,11,2,2,1,2,1,45,26,1,2018-19,Playoffs,202695,Kawhi Leonard
42018,202695,0041800212,2019-04-29,TOR vs. PHI,L,42,13,24,0.542,3,10,0.3,6,7,0.857,3,4,7,6,1,0,1,2,35,4,1,2018-19,Playoffs,202695,Kawhi Leonard
42018,202695,0041800213,2019-05-02,TOR @ PHI,L,37,13,22,0.591,2,4,0.5,5,5,1.0,3,1,4,3,0,1,5,2,33,-11,1,2018-19,Playoffs,202695,Kawhi Leonard
42018,202695,0041800214,2019-05-05,TOR @ PHI,W,43,13,20,0.65,5,7,0.714,8,12,0.667,3,11,14,5,0,0,7,2,39,7,1,2018-19,Playoffs,202695,Kawhi Leonard
42018,202695,0041800215,2019-05-07,TOR vs. PHI,W,36,7,16,0.438,0,4,0.0,7,8,0.875,2,11,13,4,2,0,0,1,21,20,1,2018-19,Playoffs,202695,Kawhi Leonard
42018,202695,0041800216,2019-05-09,TOR @ PHI,L,40,9,20,0.45,0,4,0.0,11,12,0.917,1,11,12,5,1,0,4,2,29,-10,1,2018-19,Playoffs,202695,Kawhi Leonard
42018,202695,0041800217,2019-05-12,TOR vs. PHI,W,43,16,39,0.41,2,9,0.222,7,8,0.875,4,4,8,3,3,0,4,1,41,-2,1,2018-19,Playoffs,202695,Kawhi Leonard
42018,202695,0041800301,2019-05-15,TOR @ MIL,L,42,10,26,0.385,1,5,0.2,10,10,1.0,1,8,9,2,3,0,3,2,31,-4,1,2018-19,Playoffs,202695,Kawhi Leonard
42018,202695,0041800302,2019-05-17,TOR @ MIL,L,38,10,18,0.556,1,4,0.25,10,10,1.0,1,7,8,2,0,1,2,4,31,-19,1,2018-19,Playoffs,202695,Kawhi Leonard
42018,202695,0041800303,2019-05-19,TOR vs. MIL,W,52,11,25,0.44,2,4,0.5,12,13,0.923,2,7,9,5,2,1,5,2,36,10,1,2018-19,Playoffs,202695,Kawhi Leonard
42018,202695,0041800304,2019-05-21,TOR vs. MIL,W,34,6,13,0.462,1,3,0.333,6,8,0.75,2,5,7,1,4,2,2,2,19,16,1,2018-19,Playoffs,202695,Kawhi Leonard
42018,202695,0041800305,2019-05-23,TOR @ MIL,W,40,11,25,0.44,5,8,0.625,8,9,0.889,3,4,7,9,2,0,1,4,35,3,1,2018-19,Playoffs,202695,Kawhi Leonard
42018,202695,0041800306,2019-05-25,TOR vs. MIL,W,41,9,22,0.409,1,8,0.125,8,11,0.727,4,13,17,7,2,2,6,3,27,7,1,2018-19,Playoffs,202695,Kawhi Leonard
42018,202695,0041800401,2019-05-30,TOR vs. GSW,W,43,5,14,0.357,3,6,0.5,10,12,0.833,1,7,8,5,1,0,2,3,23,11,1,2018-19,Playoffs,202695,Kawhi Leonard
42018,202695,0041800402,2019-06-02,TOR vs. GSW,L,39,8,20,0.4,2,9,0.222,16,16,1.0,5,9,14,3,1,1,5,1,34,-14,1,2018-19,Playoffs,202695,Kawhi Leonard
42018,202695,0041800403,2019-06-05,TOR @ GSW,W,38,9,17,0.529,2,6,0.333,10,11,0.909,2,5,7,6,2,2,4,3,30,6,1,2018-19,Playoffs,202695,Kawhi Leonard
42018,202695,0041800404,2019-06-07,TOR @ GSW,W,41,11,22,0.5,5,9,0.556,9,9,1.0,1,11,12,2,4,1,0,4,36,13,1,2018-19,Playoffs,202695,Kawhi Leonard
42018,202695,0041800405,2019-06-10,TOR vs. GSW,L,41,9,24,0.375,2,7,0.286,6,8,0.75,6,6,12,6,2,2,5,0,26,1,1,2018-19,Playoffs,202695,Kawhi Leonard
42018,202695,0041800406,2019-06-13,TOR @ GSW,W,41,7,16,0.438,1,5,0.2,7,8,0.875,1,5,6,3,2,1,2,4,22,-2,1,2018-19,Playoffs,202695,Kawhi Leonard
22018,202710,0021800010,2018-10-17,MIN @ SAS,L,32,9,23,0.391,1,4,0.25,4,5,0.8,3,4,7,3,4,1,1,2,23,-3,1,2018-19,Regular Season,202710,Jimmy Butler III
22018,202710,0021800021,2018-10-19,MIN vs. CLE,W,36,10,12,0.833,1,1,1.0,12,12,1.0,2,5,7,3,4,2,2,0,33,-3,1,2018-19,Regular Season,202710,Jimmy Butler III
22018,202710,0021800043,2018-10-22,MIN vs. IND,W,37,6,12,0.5,0,2,0.0,8,8,1.0,2,1,3,3,1,2,4,2,20,7,1,2018-19,Regular Season,202710,Jimmy Butler III
22018,202710,0021800055,2018-10-24,MIN @ TOR,L,37,7,13,0.538,4,7,0.571,5,10,0.5,2,2,4,5,6,0,2,2,23,-6,1,2018-19,Regular Season,202710,Jimmy Butler III
22018,202710,0021800071,2018-10-26,MIN vs. MIL,L,24,2,11,0.182,0,4,0.0,0,0,0.0,0,5,5,2,2,1,0,1,4,-23,1,2018-19,Regular Season,202710,Jimmy Butler III
22018,202710,0021800093,2018-10-29,MIN vs. LAL,W,37,12,20,0.6,6,7,0.857,2,2,1.0,1,5,6,4,1,2,0,1,32,5,1,2018-19,Regular Season,202710,Jimmy Butler III
22018,202710,0021800124,2018-11-02,MIN @ GSW,L,35,10,23,0.435,0,8,0.0,1,2,0.5,2,1,3,5,0,0,0,3,21,-19,1,2018-19,Regular Season,202710,Jimmy Butler III
22018,202710,0021800148,2018-11-05,MIN @ LAC,L,39,6,13,0.462,0,2,0.0,8,11,0.727,0,4,4,5,1,1,2,4,20,-11,1,2018-19,Regular Season,202710,Jimmy Butler III
22018,202710,0021800162,2018-11-07,MIN @ LAL,L,43,9,18,0.5,5,8,0.625,1,1,1.0,2,3,5,5,3,1,0,2,24,-2,1,2018-19,Regular Season,202710,Jimmy Butler III
22018,202710,0021800173,2018-11-09,MIN @ SAC,L,41,3,12,0.25,0,2,0.0,7,10,0.7,2,6,8,8,2,0,3,1,13,-6,1,2018-19,Regular Season,202710,Jimmy Butler III
22018,202710,0021800202,2018-11-14,PHI @ ORL,L,33,6,12,0.5,0,1,0.0,2,2,1.0,1,3,4,2,0,0,2,3,14,-10,1,2018-19,Regular Season,202710,Jimmy Butler III
22018,202710,0021800218,2018-11-16,PHI vs. UTA,W,38,12,15,0.8,2,3,0.667,2,5,0.4,0,3,3,7,2,0,3,2,28,12,1,2018-19,Regular Season,202710,Jimmy Butler III
22018,202710,0021800225,2018-11-17,PHI @ CHA,W,37,4,11,0.364,1,3,0.333,6,7,0.857,1,2,3,4,2,2,4,4,15,3,1,2018-19,Regular Season,202710,Jimmy Butler III
22018,202710,0021800242,2018-11-19,PHI vs. PHX,W,32,4,9,0.444,0,0,0.0,8,8,1.0,1,2,3,1,2,0,2,3,16,-2,1,2018-19,Regular Season,202710,Jimmy Butler III
22018,202710,0021800253,2018-11-21,PHI vs. NOP,W,35,5,16,0.313,0,3,0.0,3,3,1.0,3,3,6,3,3,1,0,0,13,4,1,2018-19,Regular Season,202710,Jimmy Butler III
22018,202710,0021800270,2018-11-23,PHI vs. CLE,L,34,8,14,0.571,3,4,0.75,3,4,0.75,1,1,2,2,2,1,1,1,22,-20,1,2018-19,Regular Season,202710,Jimmy Butler III
22018,202710,0021800289,2018-11-25,PHI @ BKN,W,37,11,20,0.55,5,6,0.833,7,7,1.0,6,6,12,2,4,0,1,2,34,6,1,2018-19,Regular Season,202710,Jimmy Butler III
22018,202710,0021800307,2018-11-28,PHI vs. NYK,W,25,3,7,0.429,1,2,0.5,0,0,0.0,1,3,4,2,1,1,3,1,7,19,1,2018-19,Regular Season,202710,Jimmy Butler III
22018,202710,0021800322,2018-11-30,PHI vs. WAS,W,25,5,13,0.385,1,3,0.333,0,0,0.0,4,3,7,4,4,0,0,2,11,19,1,2018-19,Regular Season,202710,Jimmy Butler III
22018,202710,0021800340,2018-12-02,PHI vs. MEM,W,33,7,17,0.412,0,4,0.0,7,8,0.875,0,3,3,2,0,1,3,3,21,7,1,2018-19,Regular Season,202710,Jimmy Butler III
22018,202710,0021800359,2018-12-05,PHI @ TOR,L,38,15,27,0.556,4,7,0.571,4,4,1.0,3,7,10,1,1,1,2,2,38,3,1,2018-19,Regular Season,202710,Jimmy Butler III
22018,202710,0021800369,2018-12-07,PHI @ DET,W,39,13,27,0.481,1,6,0.167,11,12,0.917,5,1,6,6,3,1,0,1,38,12,1,2018-19,Regular Season,202710,Jimmy Butler III
22018,202710,0021800392,2018-12-10,PHI vs. DET,W,10,0,3,0.0,0,1,0.0,0,0,0.0,1,3,4,2,0,0,0,1,0,11,1,2018-19,Regular Season,202710,Jimmy Butler III
22018,202710,0021800437,2018-12-16,PHI @ CLE,W,25,6,10,0.6,3,4,0.75,4,5,0.8,0,2,2,2,1,1,0,1,19,18,1,2018-19,Regular Season,202710,Jimmy Butler III
22018,202710,0021800448,2018-12-17,PHI @ SAS,L,30,3,13,0.231,0,3,0.0,0,0,0.0,1,2,3,2,1,0,0,0,6,-24,1,2018-19,Regular Season,202710,Jimmy Butler III
22018,202710,0021800457,2018-12-19,PHI vs. NYK,W,31,6,9,0.667,0,1,0.0,8,10,0.8,1,3,4,4,3,0,0,3,20,16,1,2018-19,Regular Season,202710,Jimmy Butler III
22018,202710,0021800481,2018-12-22,PHI vs. TOR,W,29,4,10,0.4,0,2,0.0,4,4,1.0,1,6,7,7,3,1,2,3,12,7,1,2018-19,Regular Season,202710,Jimmy Butler III
22018,202710,0021800499,2018-12-25,PHI @ BOS,L,43,9,21,0.429,3,7,0.429,3,3,1.0,2,3,5,4,3,0,4,1,24,-13,1,2018-19,Regular Season,202710,Jimmy Butler III
22018,202710,0021800515,2018-12-27,PHI @ UTA,W,36,7,13,0.538,1,2,0.5,4,4,1.0,0,1,1,1,3,0,0,3,19,6,1,2018-19,Regular Season,202710,Jimmy Butler III
22018,202710,0021800540,2018-12-30,PHI @ POR,L,26,2,12,0.167,0,2,0.0,1,1,1.0,1,2,3,6,1,0,2,0,5,-22,1,2018-19,Regular Season,202710,Jimmy Butler III
22018,202710,0021800553,2019-01-01,PHI @ LAC,W,29,5,13,0.385,1,3,0.333,5,6,0.833,2,4,6,4,0,1,2,2,16,14,1,2018-19,Regular Season,202710,Jimmy Butler III
22018,202710,0021800600,2019-01-08,PHI vs. WAS,W,28,8,9,0.889,1,1,1.0,3,6,0.5,1,4,5,3,2,0,3,2,20,20,1,2018-19,Regular Season,202710,Jimmy Butler III
22018,202710,0021800608,2019-01-09,PHI @ WAS,L,36,7,18,0.389,0,2,0.0,9,10,0.9,6,3,9,2,2,0,1,0,23,-22,1,2018-19,Regular Season,202710,Jimmy Butler III
22018,202710,0021800621,2019-01-11,PHI vs. ATL,L,40,9,19,0.474,0,1,0.0,12,14,0.857,2,2,4,5,3,0,4,3,30,1,1,2018-19,Regular Season,202710,Jimmy Butler III
22018,202710,0021800638,2019-01-13,PHI @ NYK,W,28,7,15,0.467,0,0,0.0,2,2,1.0,3,5,8,2,0,0,1,2,16,12,1,2018-19,Regular Season,202710,Jimmy Butler III
22018,202710,0021800652,2019-01-15,PHI vs. MIN,W,28,8,10,0.8,3,4,0.75,0,0,0.0,0,3,3,4,2,1,2,2,19,21,1,2018-19,Regular Season,202710,Jimmy Butler III
22018,202710,0021800667,2019-01-17,PHI @ IND,W,35,10,17,0.588,1,2,0.5,6,6,1.0,1,4,5,8,3,0,0,1,27,11,1,2018-19,Regular Season,202710,Jimmy Butler III
22018,202710,0021800678,2019-01-19,PHI vs. OKC,L,38,5,18,0.278,1,6,0.167,7,8,0.875,1,2,3,4,2,2,1,2,18,-8,1,2018-19,Regular Season,202710,Jimmy Butler III
22018,202710,0021800755,2019-01-29,PHI @ LAL,W,29,7,9,0.778,1,2,0.5,5,6,0.833,3,2,5,6,5,1,1,0,20,26,1,2018-19,Regular Season,202710,Jimmy Butler III
22018,202710,0021800768,2019-01-31,PHI @ GSW,W,37,3,12,0.25,0,6,0.0,1,1,1.0,1,8,9,6,2,0,2,2,7,9,1,2018-19,Regular Season,202710,Jimmy Butler III
22018,202710,0021800785,2019-02-02,PHI @ SAC,L,39,11,18,0.611,4,8,0.5,3,3,1.0,1,3,4,7,2,0,1,5,29,5,1,2018-19,Regular Season,202710,Jimmy Butler III
22018,202710,0021800800,2019-02-05,PHI vs. TOR,L,39,5,12,0.417,0,2,0.0,8,8,1.0,0,1,1,5,2,0,1,2,18,-5,1,2018-19,Regular Season,202710,Jimmy Butler III
22018,202710,0021800818,2019-02-08,PHI vs. DEN,W,36,4,9,0.444,0,1,0.0,14,14,1.0,1,6,7,5,3,0,0,1,22,9,1,2018-19,Regular Season,202710,Jimmy Butler III
22018,202710,0021800835,2019-02-10,PHI vs. LAL,W,31,6,10,0.6,1,2,0.5,2,2,1.0,2,2,4,3,0,0,0,0,15,19,1,2018-19,Regular Season,202710,Jimmy Butler III
22018,202710,0021800849,2019-02-12,PHI vs. BOS,L,36,7,12,0.583,1,2,0.5,7,10,0.7,3,6,9,1,0,0,1,1,22,-4,1,2018-19,Regular Season,202710,Jimmy Butler III
22018,202710,0021800856,2019-02-13,PHI @ NYK,W,34,4,6,0.667,0,0,0.0,5,5,1.0,0,7,7,8,3,2,0,0,13,31,1,2018-19,Regular Season,202710,Jimmy Butler III
22018,202710,0021800868,2019-02-21,PHI vs. MIA,W,35,5,14,0.357,0,2,0.0,8,8,1.0,3,3,6,6,1,0,3,1,18,12,1,2018-19,Regular Season,202710,Jimmy Butler III
22018,202710,0021800882,2019-02-23,PHI vs. POR,L,30,5,9,0.556,0,2,0.0,5,5,1.0,0,2,2,2,0,2,0,1,15,-13,1,2018-19,Regular Season,202710,Jimmy Butler III
22018,202710,0021800906,2019-02-25,PHI @ NOP,W,35,5,16,0.313,0,2,0.0,1,2,0.5,4,3,7,7,2,1,3,1,11,-6,1,2018-19,Regular Season,202710,Jimmy Butler III
22018,202710,0021800927,2019-02-28,PHI @ OKC,W,37,9,20,0.45,0,2,0.0,2,5,0.4,1,7,8,8,2,0,3,3,20,7,1,2018-19,Regular Season,202710,Jimmy Butler III
22018,202710,0021800938,2019-03-02,PHI vs. GSW,L,37,5,16,0.313,2,4,0.5,9,11,0.818,5,4,9,2,1,1,2,3,21,1,1,2018-19,Regular Season,202710,Jimmy Butler III
22018,202710,0021800960,2019-03-05,PHI vs. ORL,W,34,5,10,0.5,0,1,0.0,4,4,1.0,2,0,2,4,3,0,1,0,14,10,1,2018-19,Regular Season,202710,Jimmy Butler III
22018,202710,0021800970,2019-03-06,PHI @ CHI,L,36,8,18,0.444,0,1,0.0,6,7,0.857,1,2,3,4,3,0,2,1,22,7,1,2018-19,Regular Season,202710,Jimmy Butler III
22018,202710,0021800981,2019-03-08,PHI @ HOU,L,34,8,18,0.444,0,2,0.0,3,4,0.75,7,2,9,3,0,2,3,0,19,-3,1,2018-19,Regular Season,202710,Jimmy Butler III
22018,202710,0021800994,2019-03-10,PHI vs. IND,W,31,3,8,0.375,0,0,0.0,6,6,1.0,1,3,4,4,1,1,0,1,12,8,1,2018-19,Regular Season,202710,Jimmy Butler III
22018,202710,0021801027,2019-03-15,PHI vs. SAC,W,35,8,14,0.571,0,1,0.0,6,7,0.857,1,5,6,7,2,1,3,2,22,20,1,2018-19,Regular Season,202710,Jimmy Butler III
22018,202710,0021801043,2019-03-17,PHI @ MIL,W,34,8,16,0.5,2,2,1.0,9,13,0.692,3,3,6,3,3,0,2,5,27,5,2,2018-19,Regular Season,202710,Jimmy Butler III
22018,202710,0021801059,2019-03-19,PHI @ CHA,W,38,8,19,0.421,1,4,0.25,6,6,1.0,2,2,4,9,2,1,2,3,23,8,1,2018-19,Regular Season,202710,Jimmy Butler III
22018,202710,0021801067,2019-03-20,PHI vs. BOS,W,37,7,17,0.412,3,9,0.333,5,5,1.0,2,2,4,2,0,0,0,2,22,11,1,2018-19,Regular Season,202710,Jimmy Butler III
22018,202710,0021801088,2019-03-23,PHI @ ATL,L,36,6,13,0.462,0,0,0.0,13,13,1.0,2,4,6,4,2,1,1,0,25,-5,1,2018-19,Regular Season,202710,Jimmy Butler III
22018,202710,0021801103,2019-03-25,PHI @ ORL,L,33,4,10,0.4,0,2,0.0,5,5,1.0,0,6,6,7,1,1,2,1,13,-18,1,2018-19,Regular Season,202710,Jimmy Butler III
22018,202710,0021801123,2019-03-28,PHI vs. BKN,W,37,3,10,0.3,1,1,1.0,2,2,1.0,2,5,7,3,3,1,1,4,9,4,1,2018-19,Regular Season,202710,Jimmy Butler III
22018,202710,0021801143,2019-03-30,PHI @ MIN,W,36,4,17,0.235,1,2,0.5,3,3,1.0,7,6,13,5,2,0,2,2,12,4,1,2018-19,Regular Season,202710,Jimmy Butler III
22018,202710,0021801168,2019-04-03,PHI @ ATL,L,34,5,11,0.455,1,4,0.25,5,10,0.5,2,4,6,2,1,0,0,1,16,-7,1,2018-19,Regular Season,202710,Jimmy Butler III
22018,202710,0021801212,2019-04-09,PHI @ MIA,L,16,2,5,0.4,0,1,0.0,0,0,0.0,0,1,1,1,0,0,2,1,4,-15,1,2018-19,Regular Season,202710,Jimmy Butler III
42018,202710,0041800121,2019-04-13,PHI vs. BKN,L,39,11,22,0.5,1,3,0.333,13,15,0.867,6,3,9,0,2,2,2,3,36,11,1,2018-19,Playoffs,202710,Jimmy Butler III
42018,202710,0041800122,2019-04-15,PHI vs. BKN,W,30,3,10,0.3,0,1,0.0,1,2,0.5,1,3,4,7,1,0,0,1,7,27,1,2018-19,Playoffs,202710,Jimmy Butler III
42018,202710,0041800123,2019-04-18,PHI @ BKN,W,38,6,13,0.462,0,3,0.0,4,4,1.0,0,2,2,7,2,0,1,3,16,18,1,2018-19,Playoffs,202710,Jimmy Butler III
42018,202710,0041800124,2019-04-20,PHI @ BKN,W,24,4,6,0.667,1,2,0.5,2,2,1.0,0,4,4,4,2,0,1,0,11,-4,1,2018-19,Playoffs,202710,Jimmy Butler III
42018,202710,0041800125,2019-04-23,PHI vs. BKN,W,27,4,9,0.444,1,2,0.5,0,0,0.0,2,3,5,5,3,1,4,1,9,31,1,2018-19,Playoffs,202710,Jimmy Butler III
42018,202710,0041800211,2019-04-27,PHI @ TOR,L,38,4,12,0.333,0,3,0.0,2,4,0.5,1,2,3,5,0,0,2,2,10,-23,1,2018-19,Playoffs,202710,Jimmy Butler III
42018,202710,0041800212,2019-04-29,PHI @ TOR,W,43,9,22,0.409,4,10,0.4,8,8,1.0,2,8,10,5,1,1,2,3,30,7,1,2018-19,Playoffs,202710,Jimmy Butler III
42018,202710,0041800213,2019-05-02,PHI vs. TOR,W,36,9,15,0.6,1,5,0.2,3,3,1.0,0,9,9,9,3,1,2,1,22,28,1,2018-19,Playoffs,202710,Jimmy Butler III
42018,202710,0041800214,2019-05-05,PHI vs. TOR,L,40,9,18,0.5,3,7,0.429,8,10,0.8,5,6,11,4,0,1,4,2,29,1,1,2018-19,Playoffs,202710,Jimmy Butler III
42018,202710,0041800215,2019-05-07,PHI @ TOR,L,30,6,16,0.375,0,2,0.0,10,11,0.909,1,4,5,7,1,1,1,1,22,-17,1,2018-19,Playoffs,202710,Jimmy Butler III
42018,202710,0041800216,2019-05-09,PHI vs. TOR,W,35,9,18,0.5,0,1,0.0,7,7,1.0,3,3,6,8,2,0,2,0,25,15,1,2018-19,Playoffs,202710,Jimmy Butler III
42018,202710,0041800217,2019-05-12,PHI @ TOR,L,43,5,14,0.357,1,6,0.167,5,6,0.833,1,3,4,1,1,0,1,3,16,4,1,2018-19,Playoffs,202710,Jimmy Butler III
22018,1626164,0021800013,2018-10-17,PHX vs. DAL,W,33,12,19,0.632,6,10,0.6,5,6,0.833,0,4,4,7,0,0,3,4,35,22,1,2018-19,Regular Season,1626164,Devin Booker
22018,1626164,0021800033,2018-10-20,PHX @ DEN,L,36,5,15,0.333,1,6,0.167,14,17,0.824,0,2,2,7,1,0,6,3,25,-24,1,2018-19,Regular Season,1626164,Devin Booker
22018,1626164,0021800047,2018-10-22,PHX @ GSW,L,38,11,21,0.524,3,9,0.333,3,3,1.0,1,4,5,6,2,0,9,5,28,-5,1,2018-19,Regular Season,1626164,Devin Booker
22018,1626164,0021800060,2018-10-24,PHX vs. LAL,L,29,8,16,0.5,2,6,0.333,5,7,0.714,0,7,7,7,0,0,4,3,23,-14,1,2018-19,Regular Season,1626164,Devin Booker
22018,1626164,0021800123,2018-11-02,PHX vs. TOR,L,36,8,20,0.4,2,7,0.286,0,1,0.0,1,3,4,6,1,1,3,1,18,-6,1,2018-19,Regular Season,1626164,Devin Booker
22018,1626164,0021800136,2018-11-04,PHX vs. MEM,W,35,7,17,0.412,2,8,0.25,9,10,0.9,0,0,0,7,0,0,4,5,25,3,1,2018-19,Regular Season,1626164,Devin Booker
22018,1626164,0021800151,2018-11-06,PHX vs. BKN,L,36,6,21,0.286,2,8,0.25,6,6,1.0,3,5,8,2,1,0,4,4,20,-6,1,2018-19,Regular Season,1626164,Devin Booker
22018,1626164,0021800164,2018-11-08,PHX vs. BOS,L,43,15,30,0.5,4,13,0.308,4,5,0.8,0,3,3,9,3,0,6,3,38,-2,1,2018-19,Regular Season,1626164,Devin Booker
22018,1626164,0021800176,2018-11-10,PHX @ NOP,L,35,4,12,0.333,2,5,0.4,2,2,1.0,0,1,1,7,2,0,4,4,12,-10,1,2018-19,Regular Season,1626164,Devin Booker
22018,1626164,0021800196,2018-11-12,PHX @ OKC,L,37,7,18,0.389,1,4,0.25,4,4,1.0,2,2,4,6,0,0,3,3,19,-32,1,2018-19,Regular Season,1626164,Devin Booker
22018,1626164,0021800211,2018-11-14,PHX vs. SAS,W,37,5,14,0.357,2,6,0.333,1,1,1.0,1,3,4,12,2,0,7,1,13,20,1,2018-19,Regular Season,1626164,Devin Booker
22018,1626164,0021800233,2018-11-17,PHX vs. OKC,L,39,5,16,0.313,3,8,0.375,3,4,0.75,0,4,4,12,0,0,1,5,16,-10,1,2018-19,Regular Season,1626164,Devin Booker
22018,1626164,0021800242,2018-11-19,PHX @ PHI,L,36,13,28,0.464,6,15,0.4,5,7,0.714,0,3,3,8,0,0,2,6,37,0,1,2018-19,Regular Season,1626164,Devin Booker
22018,1626164,0021800257,2018-11-21,PHX @ CHI,L,34,9,20,0.45,1,8,0.125,4,4,1.0,0,2,2,6,3,0,6,5,23,-8,1,2018-19,Regular Season,1626164,Devin Booker
22018,1626164,0021800275,2018-11-23,PHX @ MIL,W,39,13,26,0.5,1,5,0.2,2,2,1.0,0,4,4,7,3,0,3,4,29,14,1,2018-19,Regular Season,1626164,Devin Booker
22018,1626164,0021800287,2018-11-25,PHX @ DET,L,37,14,24,0.583,3,9,0.333,6,6,1.0,0,4,4,5,0,0,4,2,37,-4,1,2018-19,Regular Season,1626164,Devin Booker
22018,1626164,0021800305,2018-11-27,PHX vs. IND,L,36,7,21,0.333,3,9,0.333,3,6,0.5,1,3,4,8,3,0,5,3,20,-4,1,2018-19,Regular Season,1626164,Devin Booker
22018,1626164,0021800315,2018-11-28,PHX @ LAC,L,35,9,21,0.429,1,6,0.167,4,4,1.0,0,4,4,4,1,0,3,3,23,-20,1,2018-19,Regular Season,1626164,Devin Booker
22018,1626164,0021800337,2018-12-02,PHX @ LAL,L,17,3,8,0.375,0,2,0.0,0,0,0.0,0,1,1,2,0,1,1,2,6,6,1,2018-19,Regular Season,1626164,Devin Booker
22018,1626164,0021800435,2018-12-15,PHX vs. MIN,W,36,10,16,0.625,3,6,0.5,5,6,0.833,0,7,7,7,0,0,2,2,28,2,1,2018-19,Regular Season,1626164,Devin Booker
22018,1626164,0021800444,2018-12-17,PHX @ NYK,W,37,11,23,0.478,2,7,0.286,14,15,0.933,0,7,7,2,2,0,1,5,38,10,1,2018-19,Regular Season,1626164,Devin Booker
22018,1626164,0021800458,2018-12-19,PHX @ BOS,W,37,9,23,0.391,3,8,0.375,4,6,0.667,2,3,5,8,1,2,6,2,25,-4,1,2018-19,Regular Season,1626164,Devin Booker
22018,1626164,0021800480,2018-12-22,PHX @ WAS,L,55,12,28,0.429,2,12,0.167,7,8,0.875,3,1,4,14,1,1,4,5,33,-1,1,2018-19,Regular Season,1626164,Devin Booker
22018,1626164,0021800489,2018-12-23,PHX @ BKN,L,30,10,23,0.435,1,4,0.25,4,4,1.0,2,0,2,9,0,0,4,2,25,-4,1,2018-19,Regular Season,1626164,Devin Booker
22018,1626164,0021800503,2018-12-26,PHX @ ORL,W,40,13,24,0.542,5,8,0.625,4,5,0.8,0,7,7,8,2,1,5,3,35,-3,1,2018-19,Regular Season,1626164,Devin Booker
22018,1626164,0021800525,2018-12-28,PHX vs. OKC,L,33,8,22,0.364,2,5,0.4,7,8,0.875,0,7,7,10,3,0,2,5,25,-6,1,2018-19,Regular Season,1626164,Devin Booker
22018,1626164,0021800533,2018-12-29,PHX vs. DEN,L,36,11,18,0.611,1,5,0.2,4,4,1.0,0,1,1,8,1,0,3,2,27,-4,1,2018-19,Regular Season,1626164,Devin Booker
22018,1626164,0021800548,2018-12-31,PHX vs. GSW,L,33,6,15,0.4,2,5,0.4,6,6,1.0,0,2,2,6,1,0,5,4,20,-21,1,2018-19,Regular Season,1626164,Devin Booker
22018,1626164,0021800561,2019-01-02,PHX vs. PHI,L,35,10,22,0.455,2,7,0.286,15,17,0.882,1,1,2,8,0,0,3,4,37,-14,1,2018-19,Regular Season,1626164,Devin Booker
22018,1626164,0021800573,2019-01-04,PHX vs. LAC,L,37,8,14,0.571,1,2,0.5,6,11,0.545,2,1,3,4,0,0,4,4,23,-16,1,2018-19,Regular Season,1626164,Devin Booker
22018,1626164,0021800590,2019-01-06,PHX vs. CHA,L,12,3,7,0.429,1,2,0.5,0,0,0.0,0,0,0,3,0,0,2,1,7,3,1,2018-19,Regular Season,1626164,Devin Booker
22018,1626164,0021800651,2019-01-15,PHX @ IND,L,27,4,12,0.333,0,4,0.0,0,0,0.0,0,5,5,5,0,0,4,5,8,-31,1,2018-19,Regular Season,1626164,Devin Booker
22018,1626164,0021800668,2019-01-17,PHX @ TOR,L,35,10,21,0.476,4,9,0.444,6,9,0.667,0,2,2,8,0,0,6,3,30,2,1,2018-19,Regular Season,1626164,Devin Booker
22018,1626164,0021800679,2019-01-19,PHX @ CHA,L,38,10,23,0.435,2,7,0.286,10,12,0.833,1,1,2,11,0,0,0,0,32,0,1,2018-19,Regular Season,1626164,Devin Booker
22018,1626164,0021800689,2019-01-20,PHX @ MIN,L,33,7,15,0.467,1,6,0.167,3,4,0.75,0,6,6,6,0,0,5,5,18,-11,1,2018-19,Regular Season,1626164,Devin Booker
22018,1626164,0021800705,2019-01-22,PHX vs. MIN,L,24,6,11,0.545,0,1,0.0,2,2,1.0,0,3,3,4,1,1,4,3,14,-20,1,2018-19,Regular Season,1626164,Devin Booker
22018,1626164,0021800718,2019-01-24,PHX vs. POR,L,30,9,20,0.45,2,7,0.286,7,8,0.875,0,1,1,3,1,0,8,2,27,-31,1,2018-19,Regular Season,1626164,Devin Booker
22018,1626164,0021800728,2019-01-25,PHX @ DEN,L,30,9,19,0.474,2,4,0.5,15,16,0.938,0,4,4,2,0,0,4,2,35,-20,1,2018-19,Regular Season,1626164,Devin Booker
22018,1626164,0021800743,2019-01-27,PHX @ LAL,L,36,9,18,0.5,0,1,0.0,3,3,1.0,1,1,2,6,0,0,3,3,21,-11,1,2018-19,Regular Season,1626164,Devin Booker
22018,1626164,0021800754,2019-01-29,PHX @ SAS,L,40,14,19,0.737,3,6,0.5,7,7,1.0,0,5,5,7,2,0,6,1,38,0,1,2018-19,Regular Season,1626164,Devin Booker
22018,1626164,0021800784,2019-02-02,PHX vs. ATL,L,43,13,27,0.481,4,10,0.4,2,3,0.667,1,7,8,10,1,0,4,2,32,5,1,2018-19,Regular Season,1626164,Devin Booker
22018,1626164,0021800794,2019-02-04,PHX vs. HOU,L,33,7,12,0.583,0,2,0.0,5,7,0.714,2,5,7,5,0,0,0,4,19,-21,1,2018-19,Regular Season,1626164,Devin Booker
22018,1626164,0021800836,2019-02-10,PHX @ SAC,L,35,9,19,0.474,3,5,0.6,6,7,0.857,1,7,8,6,0,0,5,5,27,-15,1,2018-19,Regular Season,1626164,Devin Booker
22018,1626164,0021800863,2019-02-13,PHX @ LAC,L,33,2,10,0.2,0,3,0.0,6,6,1.0,1,5,6,5,1,1,3,3,10,-15,1,2018-19,Regular Season,1626164,Devin Booker
22018,1626164,0021800867,2019-02-21,PHX @ CLE,L,38,10,20,0.5,3,9,0.333,7,9,0.778,0,1,1,7,1,0,9,4,30,-12,1,2018-19,Regular Season,1626164,Devin Booker
22018,1626164,0021800883,2019-02-23,PHX @ ATL,L,36,8,23,0.348,2,6,0.333,8,8,1.0,0,7,7,8,0,1,2,3,26,-14,1,2018-19,Regular Season,1626164,Devin Booker
22018,1626164,0021800901,2019-02-25,PHX @ MIA,W,33,6,16,0.375,3,9,0.333,5,5,1.0,1,3,4,9,0,0,4,5,20,3,1,2018-19,Regular Season,1626164,Devin Booker
22018,1626164,0021800932,2019-03-01,PHX vs. NOP,L,34,6,17,0.353,1,5,0.2,13,14,0.929,2,4,6,7,1,0,6,2,26,-12,1,2018-19,Regular Season,1626164,Devin Booker
22018,1626164,0021800942,2019-03-02,PHX vs. LAL,W,40,8,18,0.444,0,5,0.0,9,9,1.0,0,4,4,4,1,0,4,2,25,13,1,2018-19,Regular Season,1626164,Devin Booker
22018,1626164,0021800955,2019-03-04,PHX vs. MIL,W,39,8,18,0.444,2,4,0.5,4,4,1.0,1,4,5,7,1,0,4,3,22,15,1,2018-19,Regular Season,1626164,Devin Booker
22018,1626164,0021800972,2019-03-06,PHX vs. NYK,W,34,14,23,0.609,6,10,0.6,7,7,1.0,1,4,5,4,2,1,5,4,41,17,1,2018-19,Regular Season,1626164,Devin Booker
22018,1626164,0021800991,2019-03-09,PHX @ POR,L,31,7,19,0.368,1,4,0.25,8,8,1.0,0,2,2,5,2,0,4,3,23,-6,1,2018-19,Regular Season,1626164,Devin Booker
22018,1626164,0021801000,2019-03-10,PHX @ GSW,W,41,13,23,0.565,2,6,0.333,9,9,1.0,1,7,8,11,2,0,5,3,37,12,1,2018-19,Regular Season,1626164,Devin Booker
22018,1626164,0021801019,2019-03-13,PHX vs. UTA,L,36,9,20,0.45,2,4,0.5,7,9,0.778,0,4,4,6,0,1,4,2,27,-8,1,2018-19,Regular Season,1626164,Devin Booker
22018,1626164,0021801030,2019-03-15,PHX @ HOU,L,37,9,22,0.409,1,7,0.143,10,11,0.909,1,4,5,7,0,0,5,1,29,-1,2,2018-19,Regular Season,1626164,Devin Booker
22018,1626164,0021801036,2019-03-16,PHX @ NOP,W,41,12,26,0.462,3,8,0.375,13,18,0.722,1,4,5,13,0,1,7,3,40,3,1,2018-19,Regular Season,1626164,Devin Booker
22018,1626164,0021801057,2019-03-18,PHX vs. CHI,L,40,9,24,0.375,1,8,0.125,6,10,0.6,1,7,8,7,0,0,3,4,25,-15,1,2018-19,Regular Season,1626164,Devin Booker
22018,1626164,0021801077,2019-03-21,PHX vs. DET,L,32,8,17,0.471,2,5,0.4,8,10,0.8,0,5,5,2,3,0,5,3,26,-15,1,2018-19,Regular Season,1626164,Devin Booker
22018,1626164,0021801094,2019-03-23,PHX @ SAC,L,39,10,27,0.37,2,11,0.182,10,10,1.0,0,2,2,10,2,0,3,0,32,-5,1,2018-19,Regular Season,1626164,Devin Booker
22018,1626164,0021801105,2019-03-25,PHX @ UTA,L,41,19,34,0.559,5,8,0.625,16,17,0.941,1,3,4,4,1,0,6,5,59,-13,1,2018-19,Regular Season,1626164,Devin Booker
22018,1626164,0021801120,2019-03-27,PHX vs. WAS,L,37,19,29,0.655,3,9,0.333,9,10,0.9,2,8,10,4,1,1,5,3,50,8,1,2018-19,Regular Season,1626164,Devin Booker
22018,1626164,0021801144,2019-03-30,PHX vs. MEM,L,43,19,29,0.655,3,6,0.5,7,8,0.875,1,2,3,11,0,0,6,3,48,1,1,2018-19,Regular Season,1626164,Devin Booker
22018,1626164,0021801160,2019-04-01,PHX vs. CLE,W,35,8,18,0.444,2,9,0.222,7,7,1.0,0,3,3,13,0,0,6,3,25,-6,1,2018-19,Regular Season,1626164,Devin Booker
22018,1626164,0021801174,2019-04-03,PHX vs. UTA,L,8,3,4,0.75,0,1,0.0,2,2,1.0,0,0,0,1,0,0,0,1,8,9,1,2018-19,Regular Season,1626164,Devin Booker
22018,1628368,0021800011,2018-10-17,SAC vs. UTA,L,38,8,16,0.5,0,2,0.0,5,7,0.714,0,4,4,7,3,0,3,5,21,19,1,2018-19,Regular Season,1628368,De'Aaron Fox
22018,1628368,0021800022,2018-10-19,SAC @ NOP,L,27,6,12,0.5,0,1,0.0,6,7,0.857,1,6,7,6,0,0,4,0,18,-8,1,2018-19,Regular Season,1628368,De'Aaron Fox
22018,1628368,0021800037,2018-10-21,SAC @ OKC,W,42,7,12,0.583,1,4,0.25,7,9,0.778,1,3,4,10,1,1,4,4,22,16,1,2018-19,Regular Season,1628368,De'Aaron Fox
22018,1628368,0021800051,2018-10-23,SAC @ DEN,L,21,2,8,0.25,0,1,0.0,2,5,0.4,0,1,1,4,2,0,1,4,6,-22,1,2018-19,Regular Season,1628368,De'Aaron Fox
22018,1628368,0021800061,2018-10-24,SAC vs. MEM,W,37,7,16,0.438,0,2,0.0,7,12,0.583,2,6,8,6,1,2,2,1,21,18,1,2018-19,Regular Season,1628368,De'Aaron Fox
22018,1628368,0021800073,2018-10-26,SAC vs. WAS,W,30,7,14,0.5,2,5,0.4,2,4,0.5,0,1,1,9,1,0,2,4,18,18,1,2018-19,Regular Season,1628368,De'Aaron Fox
22018,1628368,0021800089,2018-10-29,SAC @ MIA,W,34,8,15,0.533,1,2,0.5,3,5,0.6,1,3,4,8,2,1,6,1,20,15,1,2018-19,Regular Season,1628368,De'Aaron Fox
22018,1628368,0021800098,2018-10-30,SAC @ ORL,W,31,6,13,0.462,0,2,0.0,2,5,0.4,0,2,2,5,2,0,5,4,14,-13,1,2018-19,Regular Season,1628368,De'Aaron Fox
22018,1628368,0021800114,2018-11-01,SAC @ ATL,W,34,9,13,0.692,3,4,0.75,10,11,0.909,3,7,10,15,1,0,3,3,31,34,1,2018-19,Regular Season,1628368,De'Aaron Fox
22018,1628368,0021800133,2018-11-04,SAC @ MIL,L,26,6,14,0.429,3,5,0.6,0,0,0.0,0,6,6,6,0,0,2,1,15,-18,1,2018-19,Regular Season,1628368,De'Aaron Fox
22018,1628368,0021800161,2018-11-07,SAC vs. TOR,L,36,8,15,0.533,2,4,0.5,2,4,0.5,0,1,1,4,0,0,5,4,20,-5,1,2018-19,Regular Season,1628368,De'Aaron Fox
22018,1628368,0021800173,2018-11-09,SAC vs. MIN,W,33,3,7,0.429,1,1,1.0,9,12,0.75,1,3,4,10,1,2,0,1,16,13,1,2018-19,Regular Season,1628368,De'Aaron Fox
22018,1628368,0021800183,2018-11-10,SAC vs. LAL,L,39,8,17,0.471,3,6,0.5,2,2,1.0,0,7,7,2,2,1,4,1,21,-13,1,2018-19,Regular Season,1628368,De'Aaron Fox
22018,1628368,0021800197,2018-11-12,SAC vs. SAS,W,31,7,9,0.778,3,4,0.75,2,4,0.5,0,3,3,7,2,1,4,2,19,4,1,2018-19,Regular Season,1628368,De'Aaron Fox
22018,1628368,0021800220,2018-11-16,SAC @ MEM,L,36,8,17,0.471,1,5,0.2,6,8,0.75,1,3,4,10,2,0,6,3,23,-1,1,2018-19,Regular Season,1628368,De'Aaron Fox
22018,1628368,0021800231,2018-11-17,SAC @ HOU,L,25,8,14,0.571,2,4,0.5,1,1,1.0,0,1,1,3,1,0,3,4,19,-6,1,2018-19,Regular Season,1628368,De'Aaron Fox
22018,1628368,0021800247,2018-11-19,SAC vs. OKC,W,35,1,10,0.1,0,3,0.0,4,6,0.667,0,3,3,13,0,0,4,3,6,0,1,2018-19,Regular Season,1628368,De'Aaron Fox
22018,1628368,0021800263,2018-11-21,SAC @ UTA,W,37,6,14,0.429,1,3,0.333,4,5,0.8,1,5,6,13,0,0,2,2,17,12,1,2018-19,Regular Season,1628368,De'Aaron Fox
22018,1628368,0021800285,2018-11-24,SAC @ GSW,L,34,3,14,0.214,0,3,0.0,3,4,0.75,0,2,2,9,0,1,3,1,9,-2,1,2018-19,Regular Season,1628368,De'Aaron Fox
22018,1628368,0021800292,2018-11-25,SAC vs. UTA,L,26,5,11,0.455,1,2,0.5,2,5,0.4,0,2,2,3,3,1,3,0,13,-8,1,2018-19,Regular Season,1628368,De'Aaron Fox
22018,1628368,0021800318,2018-11-29,SAC vs. LAC,L,31,6,13,0.462,1,2,0.5,4,4,1.0,0,3,3,9,2,1,2,3,17,-23,1,2018-19,Regular Season,1628368,De'Aaron Fox
22018,1628368,0021800336,2018-12-01,SAC vs. IND,W,37,4,16,0.25,0,2,0.0,7,7,1.0,0,4,4,6,4,1,6,0,15,-3,1,2018-19,Regular Season,1628368,De'Aaron Fox
22018,1628368,0021800353,2018-12-04,SAC @ PHX,W,27,5,11,0.455,1,1,1.0,5,8,0.625,0,0,0,7,1,0,1,1,16,14,1,2018-19,Regular Season,1628368,De'Aaron Fox
22018,1628368,0021800372,2018-12-07,SAC @ CLE,W,29,12,16,0.75,4,5,0.8,2,3,0.667,0,2,2,12,3,0,1,4,30,31,1,2018-19,Regular Season,1628368,De'Aaron Fox
22018,1628368,0021800379,2018-12-08,SAC @ IND,L,32,7,14,0.5,0,3,0.0,4,4,1.0,0,1,1,6,1,2,3,3,18,-14,1,2018-19,Regular Season,1628368,De'Aaron Fox
22018,1628368,0021800394,2018-12-10,SAC @ CHI,W,34,8,16,0.5,4,6,0.667,5,6,0.833,1,3,4,6,4,1,4,2,25,17,1,2018-19,Regular Season,1628368,De'Aaron Fox
22018,1628368,0021800414,2018-12-12,SAC vs. MIN,W,32,5,9,0.556,1,2,0.5,2,4,0.5,1,1,2,8,1,0,4,3,13,-3,1,2018-19,Regular Season,1628368,De'Aaron Fox
22018,1628368,0021800428,2018-12-14,SAC vs. GSW,L,35,9,19,0.474,1,4,0.25,6,6,1.0,1,5,6,9,2,0,4,5,25,-7,1,2018-19,Regular Season,1628368,De'Aaron Fox
22018,1628368,0021800440,2018-12-16,SAC @ DAL,W,33,11,19,0.579,0,3,0.0,6,6,1.0,1,2,3,5,3,1,2,4,28,3,1,2018-19,Regular Season,1628368,De'Aaron Fox
22018,1628368,0021800446,2018-12-17,SAC @ MIN,L,6,0,4,0.0,0,2,0.0,0,0,0.0,1,0,1,0,0,0,1,0,0,-11,1,2018-19,Regular Season,1628368,De'Aaron Fox
22018,1628368,0021800466,2018-12-19,SAC vs. OKC,L,37,10,18,0.556,3,5,0.6,5,9,0.556,2,1,3,12,2,2,4,0,28,-9,1,2018-19,Regular Season,1628368,De'Aaron Fox
22018,1628368,0021800477,2018-12-21,SAC vs. MEM,W,33,4,11,0.364,2,3,0.667,4,6,0.667,0,2,2,8,5,1,3,4,14,7,1,2018-19,Regular Season,1628368,De'Aaron Fox
22018,1628368,0021800492,2018-12-23,SAC vs. NOP,W,34,5,15,0.333,1,1,1.0,8,11,0.727,0,1,1,11,2,1,1,4,19,10,1,2018-19,Regular Season,1628368,De'Aaron Fox
22018,1628368,0021800511,2018-12-26,SAC @ LAC,L,30,8,15,0.533,0,2,0.0,3,4,0.75,0,6,6,9,2,0,2,1,19,-16,1,2018-19,Regular Season,1628368,De'Aaron Fox
22018,1628368,0021800514,2018-12-27,SAC vs. LAL,W,35,6,20,0.3,0,3,0.0,3,4,0.75,3,6,9,12,2,0,4,3,15,12,1,2018-19,Regular Season,1628368,De'Aaron Fox
22018,1628368,0021800541,2018-12-30,SAC @ LAL,L,34,12,19,0.632,1,3,0.333,1,2,0.5,0,4,4,7,3,1,3,4,26,0,1,2018-19,Regular Season,1628368,De'Aaron Fox
22018,1628368,0021800552,2019-01-01,SAC vs. POR,L,38,6,19,0.316,0,1,0.0,1,1,1.0,1,2,3,2,2,0,2,4,13,-9,1,2018-19,Regular Season,1628368,De'Aaron Fox
22018,1628368,0021800564,2019-01-03,SAC vs. DEN,L,29,7,10,0.7,1,2,0.5,1,2,0.5,0,2,2,8,1,0,3,3,16,-1,1,2018-19,Regular Season,1628368,De'Aaron Fox
22018,1628368,0021800583,2019-01-05,SAC vs. GSW,L,31,3,12,0.25,0,3,0.0,2,2,1.0,0,0,0,7,2,0,2,1,8,-15,1,2018-19,Regular Season,1628368,De'Aaron Fox
22018,1628368,0021800598,2019-01-07,SAC vs. ORL,W,23,9,14,0.643,0,4,0.0,2,3,0.667,1,2,3,2,5,0,1,3,20,7,1,2018-19,Regular Season,1628368,De'Aaron Fox
22018,1628368,0021800604,2019-01-08,SAC @ PHX,L,31,7,12,0.583,3,4,0.75,7,9,0.778,1,2,3,5,3,1,8,3,24,-5,1,2018-19,Regular Season,1628368,De'Aaron Fox
22018,1628368,0021800620,2019-01-10,SAC vs. DET,W,24,5,8,0.625,1,2,0.5,1,4,0.25,0,5,5,6,1,1,2,3,12,17,1,2018-19,Regular Season,1628368,De'Aaron Fox
22018,1628368,0021800636,2019-01-12,SAC vs. CHA,W,30,6,15,0.4,1,4,0.25,8,9,0.889,2,5,7,4,3,1,2,2,21,1,1,2018-19,Regular Season,1628368,De'Aaron Fox
22018,1628368,0021800649,2019-01-14,SAC vs. POR,W,32,3,11,0.273,1,3,0.333,9,10,0.9,0,2,2,9,2,0,0,5,16,3,2,2018-19,Regular Season,1628368,De'Aaron Fox
22018,1628368,0021800666,2019-01-17,SAC @ CHA,L,31,4,10,0.4,0,2,0.0,2,3,0.667,0,5,5,8,1,1,4,4,10,-5,1,2018-19,Regular Season,1628368,De'Aaron Fox
22018,1628368,0021800680,2019-01-19,SAC @ DET,W,35,4,13,0.308,1,4,0.25,5,7,0.714,1,5,6,10,1,0,0,0,14,8,1,2018-19,Regular Season,1628368,De'Aaron Fox
22018,1628368,0021800696,2019-01-21,SAC @ BKN,L,29,4,14,0.286,1,2,0.5,0,2,0.0,2,1,3,6,1,0,3,3,9,-16,1,2018-19,Regular Season,1628368,De'Aaron Fox
22018,1628368,0021800725,2019-01-25,SAC @ MEM,W,36,8,17,0.471,1,3,0.333,5,5,1.0,0,6,6,5,1,0,7,3,22,-5,1,2018-19,Regular Season,1628368,De'Aaron Fox
22018,1628368,0021800736,2019-01-27,SAC @ LAC,L,32,8,16,0.5,1,4,0.25,4,5,0.8,1,3,4,3,1,0,4,5,21,-12,1,2018-19,Regular Season,1628368,De'Aaron Fox
22018,1628368,0021800762,2019-01-30,SAC vs. ATL,W,22,4,10,0.4,0,1,0.0,1,2,0.5,1,3,4,7,0,1,3,2,9,9,1,2018-19,Regular Season,1628368,De'Aaron Fox
22018,1628368,0021800785,2019-02-02,SAC vs. PHI,W,35,5,14,0.357,1,2,0.5,8,9,0.889,0,3,3,8,3,0,4,3,19,10,1,2018-19,Regular Season,1628368,De'Aaron Fox
22018,1628368,0021800795,2019-02-04,SAC vs. SAS,W,31,9,12,0.75,1,1,1.0,1,3,0.333,1,5,6,6,1,1,1,1,20,15,1,2018-19,Regular Season,1628368,De'Aaron Fox
22018,1628368,0021800809,2019-02-06,SAC vs. HOU,L,29,3,8,0.375,0,3,0.0,0,0,0.0,1,1,2,6,0,1,5,1,6,-26,1,2018-19,Regular Season,1628368,De'Aaron Fox
22018,1628368,0021800824,2019-02-08,SAC vs. MIA,W,30,5,17,0.294,1,3,0.333,1,2,0.5,0,2,2,3,4,0,1,2,12,-2,1,2018-19,Regular Season,1628368,De'Aaron Fox
22018,1628368,0021800836,2019-02-10,SAC vs. PHX,W,32,5,11,0.455,2,4,0.5,5,6,0.833,0,6,6,9,2,0,2,2,17,10,1,2018-19,Regular Season,1628368,De'Aaron Fox
22018,1628368,0021800860,2019-02-13,SAC @ DEN,L,32,6,11,0.545,1,2,0.5,2,4,0.5,0,4,4,10,0,0,4,3,15,5,1,2018-19,Regular Season,1628368,De'Aaron Fox
22018,1628368,0021800871,2019-02-21,SAC @ GSW,L,32,6,14,0.429,2,4,0.5,4,6,0.667,0,3,3,8,3,1,2,3,18,3,1,2018-19,Regular Season,1628368,De'Aaron Fox
22018,1628368,0021800890,2019-02-23,SAC @ OKC,W,34,7,16,0.438,1,1,1.0,4,6,0.667,0,1,1,9,1,3,2,2,19,-3,1,2018-19,Regular Season,1628368,De'Aaron Fox
22018,1628368,0021800905,2019-02-25,SAC @ MIN,L,33,8,24,0.333,2,5,0.4,5,7,0.714,1,2,3,5,1,0,3,4,23,1,1,2018-19,Regular Season,1628368,De'Aaron Fox
22018,1628368,0021800920,2019-02-27,SAC vs. MIL,L,38,6,13,0.462,0,2,0.0,5,5,1.0,0,6,6,9,0,1,1,1,17,0,1,2018-19,Regular Season,1628368,De'Aaron Fox
22018,1628368,0021800933,2019-03-01,SAC vs. LAC,L,29,5,9,0.556,0,1,0.0,2,3,0.667,0,5,5,12,1,0,1,3,12,-2,1,2018-19,Regular Season,1628368,De'Aaron Fox
22018,1628368,0021800957,2019-03-04,SAC vs. NYK,W,33,5,12,0.417,1,2,0.5,5,8,0.625,0,4,4,3,4,0,2,4,16,11,1,2018-19,Regular Season,1628368,De'Aaron Fox
22018,1628368,0021800973,2019-03-06,SAC vs. BOS,L,35,7,13,0.538,0,1,0.0,2,4,0.5,0,2,2,7,0,0,3,3,16,1,1,2018-19,Regular Season,1628368,De'Aaron Fox
22018,1628368,0021800986,2019-03-09,SAC @ NYK,W,37,11,17,0.647,2,4,0.5,6,8,0.75,0,5,5,8,1,0,3,3,30,19,1,2018-19,Regular Season,1628368,De'Aaron Fox
22018,1628368,0021801002,2019-03-11,SAC @ WAS,L,38,8,16,0.5,2,3,0.667,5,8,0.625,0,4,4,8,2,0,6,3,23,-4,1,2018-19,Regular Season,1628368,De'Aaron Fox
22018,1628368,0021801022,2019-03-14,SAC @ BOS,L,37,7,15,0.467,1,4,0.25,4,8,0.5,0,7,7,9,3,0,1,3,19,3,1,2018-19,Regular Season,1628368,De'Aaron Fox
22018,1628368,0021801027,2019-03-15,SAC @ PHI,L,29,4,9,0.444,1,1,1.0,7,8,0.875,0,2,2,6,0,1,3,2,16,-22,1,2018-19,Regular Season,1628368,De'Aaron Fox
22018,1628368,0021801047,2019-03-17,SAC vs. CHI,W,25,6,12,0.5,2,4,0.5,3,4,0.75,0,4,4,3,2,1,2,3,17,11,1,2018-19,Regular Season,1628368,De'Aaron Fox
22018,1628368,0021801063,2019-03-19,SAC vs. BKN,L,35,10,20,0.5,2,5,0.4,5,7,0.714,0,4,4,9,1,0,5,3,27,9,1,2018-19,Regular Season,1628368,De'Aaron Fox
22018,1628368,0021801078,2019-03-21,SAC vs. DAL,W,33,6,13,0.462,1,4,0.25,2,4,0.5,0,3,3,9,1,4,1,1,15,25,1,2018-19,Regular Season,1628368,De'Aaron Fox
22018,1628368,0021801094,2019-03-23,SAC vs. PHX,W,34,3,12,0.25,0,2,0.0,7,8,0.875,0,4,4,9,1,0,4,1,13,9,1,2018-19,Regular Season,1628368,De'Aaron Fox
22018,1628368,0021801102,2019-03-24,SAC @ LAL,L,27,3,16,0.188,1,4,0.25,2,2,1.0,2,4,6,4,6,1,2,3,9,-14,1,2018-19,Regular Season,1628368,De'Aaron Fox
22018,1628368,0021801114,2019-03-26,SAC @ DAL,W,32,6,16,0.375,0,1,0.0,11,12,0.917,2,3,5,8,0,0,1,4,23,12,1,2018-19,Regular Season,1628368,De'Aaron Fox
22018,1628368,0021801128,2019-03-28,SAC @ NOP,L,37,11,22,0.5,1,3,0.333,2,3,0.667,1,4,5,12,3,1,2,5,25,2,1,2018-19,Regular Season,1628368,De'Aaron Fox
22018,1628368,0021801138,2019-03-30,SAC @ HOU,L,38,6,16,0.375,4,7,0.571,2,4,0.5,1,6,7,10,1,2,3,2,18,-14,1,2018-19,Regular Season,1628368,De'Aaron Fox
22018,1628368,0021801149,2019-03-31,SAC @ SAS,W,33,5,12,0.417,0,2,0.0,2,3,0.667,0,4,4,5,1,0,2,1,12,-15,1,2018-19,Regular Season,1628368,De'Aaron Fox
22018,1628368,0021801163,2019-04-02,SAC vs. HOU,L,24,3,8,0.375,0,1,0.0,3,4,0.75,1,1,2,5,0,1,4,2,9,-21,1,2018-19,Regular Season,1628368,De'Aaron Fox
22018,1628368,0021801178,2019-04-04,SAC vs. CLE,W,34,6,14,0.429,1,3,0.333,3,4,0.75,0,3,3,10,2,0,1,1,16,11,1,2018-19,Regular Season,1628368,De'Aaron Fox
22018,1628368,0021801188,2019-04-05,SAC @ UTA,L,8,2,5,0.4,0,0,0.0,0,0,0.0,0,1,1,1,1,0,1,3,4,-16,1,2018-19,Regular Season,1628368,De'Aaron Fox
22018,1628368,0021801207,2019-04-07,SAC vs. NOP,L,35,10,18,0.556,1,3,0.333,3,3,1.0,2,4,6,11,3,1,2,1,24,-7,1,2018-19,Regular Season,1628368,De'Aaron Fox
22018,1628368,0021801230,2019-04-10,SAC @ POR,L,17,8,10,0.8,1,1,1.0,0,0,0.0,0,1,1,9,0,0,1,1,17,19,1,2018-19,Regular Season,1628368,De'Aaron Fox
22018,1628374,0021800334,2018-12-01,CHI @ HOU,L,26,4,14,0.286,2,6,0.333,0,0,0.0,0,4,4,0,1,1,0,2,10,-9,1,2018-19,Regular Season,1628374,Lauri Markkanen
22018,1628374,0021800350,2018-12-04,CHI @ IND,L,32,8,24,0.333,5,13,0.385,0,0,0.0,4,6,10,1,2,1,3,4,21,-12,1,2018-19,Regular Season,1628374,Lauri Markkanen
22018,1628374,0021800373,2018-12-07,CHI vs. OKC,W,28,8,12,0.667,4,8,0.5,4,5,0.8,1,6,7,2,3,1,2,5,24,8,1,2018-19,Regular Season,1628374,Lauri Markkanen
22018,1628374,0021800383,2018-12-08,CHI vs. BOS,L,18,3,10,0.3,2,6,0.333,0,0,0.0,0,4,4,1,0,0,1,1,8,-10,1,2018-19,Regular Season,1628374,Lauri Markkanen
22018,1628374,0021800394,2018-12-10,CHI vs. SAC,L,29,5,16,0.313,1,8,0.125,2,2,1.0,0,6,6,1,1,0,2,1,13,-12,1,2018-19,Regular Season,1628374,Lauri Markkanen
22018,1628374,0021800418,2018-12-13,CHI @ ORL,L,28,2,10,0.2,2,6,0.333,1,2,0.5,0,5,5,0,1,1,1,1,7,-9,1,2018-19,Regular Season,1628374,Lauri Markkanen
22018,1628374,0021800433,2018-12-15,CHI @ SAS,W,37,9,18,0.5,3,8,0.375,2,2,1.0,1,6,7,1,2,2,2,1,23,12,1,2018-19,Regular Season,1628374,Lauri Markkanen
22018,1628374,0021800447,2018-12-17,CHI @ OKC,L,28,6,17,0.353,1,3,0.333,3,4,0.75,7,8,15,0,2,2,3,2,16,-26,1,2018-19,Regular Season,1628374,Lauri Markkanen
22018,1628374,0021800460,2018-12-19,CHI vs. BKN,L,33,3,6,0.5,2,3,0.667,0,1,0.0,0,6,6,2,0,0,0,3,8,-1,1,2018-19,Regular Season,1628374,Lauri Markkanen
22018,1628374,0021800474,2018-12-21,CHI vs. ORL,W,37,12,20,0.6,4,6,0.667,4,4,1.0,0,6,6,3,0,1,2,5,32,2,1,2018-19,Regular Season,1628374,Lauri Markkanen
22018,1628374,0021800490,2018-12-23,CHI @ CLE,W,32,11,18,0.611,5,10,0.5,4,4,1.0,0,4,4,3,0,0,0,2,31,11,1,2018-19,Regular Season,1628374,Lauri Markkanen
22018,1628374,0021800507,2018-12-26,CHI vs. MIN,L,32,6,14,0.429,1,5,0.2,3,3,1.0,1,6,7,0,0,0,2,2,16,-18,1,2018-19,Regular Season,1628374,Lauri Markkanen
22018,1628374,0021800520,2018-12-28,CHI @ WAS,W,29,5,15,0.333,1,5,0.2,3,5,0.6,2,12,14,0,0,1,3,5,14,9,1,2018-19,Regular Season,1628374,Lauri Markkanen
22018,1628374,0021800538,2018-12-30,CHI @ TOR,L,39,6,14,0.429,4,7,0.571,2,2,1.0,0,10,10,1,2,0,3,2,18,-10,1,2018-19,Regular Season,1628374,Lauri Markkanen
22018,1628374,0021800559,2019-01-02,CHI vs. ORL,L,28,6,12,0.5,2,3,0.667,0,0,0.0,2,4,6,1,2,0,1,1,14,-15,1,2018-19,Regular Season,1628374,Lauri Markkanen
22018,1628374,0021800569,2019-01-04,CHI vs. IND,L,42,11,20,0.55,4,9,0.444,1,2,0.5,1,8,9,2,1,0,6,4,27,-2,1,2018-19,Regular Season,1628374,Lauri Markkanen
22018,1628374,0021800584,2019-01-06,CHI vs. BKN,L,33,5,11,0.455,1,3,0.333,3,4,0.75,0,6,6,0,1,1,2,2,14,-7,1,2018-19,Regular Season,1628374,Lauri Markkanen
22018,1628374,0021800615,2019-01-09,CHI @ POR,L,32,4,12,0.333,0,3,0.0,2,2,1.0,1,4,5,2,1,3,1,2,10,-8,1,2018-19,Regular Season,1628374,Lauri Markkanen
22018,1628374,0021800629,2019-01-11,CHI @ GSW,L,26,3,8,0.375,0,4,0.0,2,2,1.0,0,5,5,0,0,0,0,0,8,-39,1,2018-19,Regular Season,1628374,Lauri Markkanen
22018,1628374,0021800637,2019-01-12,CHI @ UTA,L,34,7,17,0.412,1,6,0.167,1,1,1.0,1,4,5,1,0,2,0,1,16,-11,1,2018-19,Regular Season,1628374,Lauri Markkanen
22018,1628374,0021800656,2019-01-15,CHI @ LAL,L,31,6,14,0.429,3,8,0.375,2,2,1.0,0,3,3,0,1,1,1,0,17,-12,1,2018-19,Regular Season,1628374,Lauri Markkanen
22018,1628374,0021800669,2019-01-17,CHI @ DEN,L,25,10,18,0.556,5,10,0.5,2,3,0.667,1,9,10,1,0,0,2,3,27,-21,1,2018-19,Regular Season,1628374,Lauri Markkanen
22018,1628374,0021800685,2019-01-19,CHI vs. MIA,L,34,7,19,0.368,4,10,0.4,2,3,0.667,3,6,9,0,2,1,2,1,20,-13,1,2018-19,Regular Season,1628374,Lauri Markkanen
22018,1628374,0021800692,2019-01-21,CHI @ CLE,W,32,5,11,0.455,3,5,0.6,0,0,0.0,1,7,8,0,0,0,2,2,13,17,1,2018-19,Regular Season,1628374,Lauri Markkanen
22018,1628374,0021800712,2019-01-23,CHI vs. ATL,L,34,8,16,0.5,3,8,0.375,3,3,1.0,0,6,6,1,0,1,2,1,22,-9,1,2018-19,Regular Season,1628374,Lauri Markkanen
22018,1628374,0021800723,2019-01-25,CHI vs. LAC,L,31,4,13,0.308,3,7,0.429,2,2,1.0,3,5,8,0,1,3,0,1,13,-13,1,2018-19,Regular Season,1628374,Lauri Markkanen
22018,1628374,0021800735,2019-01-27,CHI vs. CLE,L,39,6,15,0.4,4,7,0.571,5,5,1.0,1,14,15,1,1,0,0,4,21,10,1,2018-19,Regular Season,1628374,Lauri Markkanen
22018,1628374,0021800752,2019-01-29,CHI @ BKN,L,31,6,15,0.4,3,7,0.429,3,4,0.75,0,19,19,1,0,1,0,1,18,0,1,2018-19,Regular Season,1628374,Lauri Markkanen
22018,1628374,0021800757,2019-01-30,CHI @ MIA,W,34,4,15,0.267,0,5,0.0,6,7,0.857,1,12,13,4,0,0,2,3,14,21,1,2018-19,Regular Season,1628374,Lauri Markkanen
22018,1628374,0021800776,2019-02-02,CHI @ CHA,L,33,8,13,0.615,1,5,0.2,13,13,1.0,2,7,9,1,0,0,2,5,30,-9,1,2018-19,Regular Season,1628374,Lauri Markkanen
22018,1628374,0021800805,2019-02-06,CHI vs. NOP,L,41,10,19,0.526,5,10,0.5,5,5,1.0,2,8,10,2,0,0,2,3,30,6,1,2018-19,Regular Season,1628374,Lauri Markkanen
22018,1628374,0021800820,2019-02-08,CHI @ BKN,W,38,11,18,0.611,4,7,0.571,5,6,0.833,2,16,18,0,0,2,3,3,31,17,1,2018-19,Regular Season,1628374,Lauri Markkanen
22018,1628374,0021800830,2019-02-09,CHI vs. WAS,L,32,9,17,0.529,1,6,0.167,1,2,0.5,3,8,11,4,0,0,1,2,20,-9,1,2018-19,Regular Season,1628374,Lauri Markkanen
22018,1628374,0021800843,2019-02-11,CHI vs. MIL,L,38,6,21,0.286,1,7,0.143,7,7,1.0,4,13,17,3,2,0,1,4,20,-5,1,2018-19,Regular Season,1628374,Lauri Markkanen
22018,1628374,0021800858,2019-02-13,CHI vs. MEM,W,35,6,14,0.429,3,6,0.5,6,6,1.0,0,9,9,6,1,0,2,2,21,19,1,2018-19,Regular Season,1628374,Lauri Markkanen
22018,1628374,0021800875,2019-02-22,CHI @ ORL,W,38,8,21,0.381,4,10,0.4,5,6,0.833,0,11,11,2,1,0,1,4,25,2,1,2018-19,Regular Season,1628374,Lauri Markkanen
22018,1628374,0021800889,2019-02-23,CHI vs. BOS,W,37,12,20,0.6,3,7,0.429,8,9,0.889,3,12,15,2,1,0,1,1,35,5,1,2018-19,Regular Season,1628374,Lauri Markkanen
22018,1628374,0021800902,2019-02-25,CHI vs. MIL,L,36,11,22,0.5,2,6,0.333,2,2,1.0,3,9,12,3,1,0,0,3,26,-9,1,2018-19,Regular Season,1628374,Lauri Markkanen
22018,1628374,0021800916,2019-02-27,CHI @ MEM,W,35,7,16,0.438,0,5,0.0,8,9,0.889,1,9,10,1,0,0,4,1,22,1,1,2018-19,Regular Season,1628374,Lauri Markkanen
22018,1628374,0021800928,2019-03-01,CHI @ ATL,W,54,9,18,0.5,3,6,0.5,10,12,0.833,2,15,17,2,1,1,1,2,31,14,1,2018-19,Regular Season,1628374,Lauri Markkanen
22018,1628374,0021800946,2019-03-03,CHI vs. ATL,L,29,6,21,0.286,3,9,0.333,4,5,0.8,1,8,9,3,2,0,1,1,19,1,1,2018-19,Regular Season,1628374,Lauri Markkanen
22018,1628374,0021800959,2019-03-05,CHI @ IND,L,34,4,14,0.286,1,7,0.143,5,6,0.833,3,10,13,2,0,0,0,3,14,-7,1,2018-19,Regular Season,1628374,Lauri Markkanen
22018,1628374,0021800970,2019-03-06,CHI vs. PHI,W,30,4,9,0.444,0,3,0.0,3,3,1.0,1,7,8,1,0,0,4,4,11,-6,1,2018-19,Regular Season,1628374,Lauri Markkanen
22018,1628374,0021800980,2019-03-08,CHI vs. DET,L,36,7,16,0.438,2,6,0.333,2,2,1.0,0,6,6,2,1,0,1,2,18,-4,1,2018-19,Regular Season,1628374,Lauri Markkanen
22018,1628374,0021800992,2019-03-10,CHI @ DET,L,26,6,13,0.462,3,7,0.429,2,2,1.0,1,5,6,2,1,1,2,4,17,-7,1,2018-19,Regular Season,1628374,Lauri Markkanen
22018,1628374,0021801009,2019-03-12,CHI vs. LAL,L,35,4,17,0.235,0,8,0.0,3,3,1.0,3,2,5,0,0,0,2,4,11,1,1,2018-19,Regular Season,1628374,Lauri Markkanen
22018,1628374,0021801033,2019-03-15,CHI @ LAC,L,28,3,8,0.375,2,3,0.667,2,5,0.4,1,7,8,1,0,0,2,4,10,-14,2,2018-19,Regular Season,1628374,Lauri Markkanen
22018,1628374,0021801047,2019-03-17,CHI @ SAC,L,23,4,8,0.5,1,4,0.25,2,2,1.0,0,3,3,2,0,1,3,1,11,-17,1,2018-19,Regular Season,1628374,Lauri Markkanen
22018,1628374,0021801057,2019-03-18,CHI @ PHX,W,31,7,15,0.467,1,4,0.25,2,2,1.0,1,8,9,2,0,2,2,3,17,8,1,2018-19,Regular Season,1628374,Lauri Markkanen
22018,1628374,0021801069,2019-03-20,CHI vs. WAS,W,38,12,21,0.571,5,8,0.625,3,3,1.0,4,9,13,5,0,1,1,2,32,12,1,2018-19,Regular Season,1628374,Lauri Markkanen
22018,1628374,0021801090,2019-03-23,CHI vs. UTA,L,26,6,20,0.3,1,6,0.167,5,5,1.0,4,6,10,0,1,0,1,2,18,-20,1,2018-19,Regular Season,1628374,Lauri Markkanen
22018,1628374,0021801110,2019-03-26,CHI @ TOR,L,16,2,10,0.2,1,3,0.333,5,6,0.833,2,7,9,0,1,2,3,0,10,-10,1,2018-19,Regular Season,1628374,Lauri Markkanen
22018,1628969,0021800013,2018-10-17,PHX vs. DAL,W,0,0,0,0.0,0,0,0.0,0,0,0.0,0,0,0,0,0,0,0,0,0,0,1,2018-19,Regular Season,1628969,Mikal Bridges
22018,1628969,0021800033,2018-10-20,PHX @ DEN,L,15,4,6,0.667,2,4,0.5,0,1,0.0,1,3,4,2,2,0,0,0,10,21,1,2018-19,Regular Season,1628969,Mikal Bridges
22018,1628969,0021800047,2018-10-22,PHX @ GSW,L,16,1,5,0.2,1,4,0.25,2,2,1.0,0,1,1,0,0,0,0,2,5,-7,1,2018-19,Regular Season,1628969,Mikal Bridges
22018,1628969,0021800060,2018-10-24,PHX vs. LAL,L,14,1,2,0.5,0,1,0.0,0,0,0.0,0,0,0,1,2,0,0,0,2,0,1,2018-19,Regular Season,1628969,Mikal Bridges
22018,1628969,0021800080,2018-10-27,PHX @ MEM,L,24,2,8,0.25,1,3,0.333,2,2,1.0,1,5,6,2,0,0,1,3,7,-6,1,2018-19,Regular Season,1628969,Mikal Bridges
22018,1628969,0021800085,2018-10-28,PHX @ OKC,L,22,3,7,0.429,1,4,0.25,2,2,1.0,0,1,1,0,2,0,4,5,9,16,1,2018-19,Regular Season,1628969,Mikal Bridges
22018,1628969,0021800110,2018-10-31,PHX vs. SAS,L,27,6,9,0.667,1,2,0.5,3,4,0.75,0,1,1,3,2,0,1,2,16,-13,1,2018-19,Regular Season,1628969,Mikal Bridges
22018,1628969,0021800123,2018-11-02,PHX vs. TOR,L,11,1,3,0.333,0,1,0.0,0,0,0.0,0,1,1,0,1,0,0,1,2,1,1,2018-19,Regular Season,1628969,Mikal Bridges
22018,1628969,0021800136,2018-11-04,PHX vs. MEM,W,26,5,6,0.833,4,5,0.8,0,0,0.0,0,1,1,0,2,1,1,3,14,5,1,2018-19,Regular Season,1628969,Mikal Bridges
22018,1628969,0021800151,2018-11-06,PHX vs. BKN,L,28,2,7,0.286,2,5,0.4,0,0,0.0,0,1,1,1,0,0,0,1,6,-16,1,2018-19,Regular Season,1628969,Mikal Bridges
22018,1628969,0021800164,2018-11-08,PHX vs. BOS,L,13,1,5,0.2,0,1,0.0,0,0,0.0,0,0,0,0,2,0,0,0,2,-3,1,2018-19,Regular Season,1628969,Mikal Bridges
22018,1628969,0021800176,2018-11-10,PHX @ NOP,L,19,3,8,0.375,1,5,0.2,0,0,0.0,0,0,0,0,1,0,2,3,7,-3,1,2018-19,Regular Season,1628969,Mikal Bridges
22018,1628969,0021800196,2018-11-12,PHX @ OKC,L,26,3,8,0.375,1,4,0.25,6,6,1.0,1,3,4,3,1,2,3,4,13,13,1,2018-19,Regular Season,1628969,Mikal Bridges
22018,1628969,0021800211,2018-11-14,PHX vs. SAS,W,25,4,6,0.667,0,2,0.0,0,0,0.0,0,2,2,0,0,1,0,3,8,23,1,2018-19,Regular Season,1628969,Mikal Bridges
22018,1628969,0021800233,2018-11-17,PHX vs. OKC,L,31,4,7,0.571,3,5,0.6,3,3,1.0,0,2,2,2,4,2,2,6,14,-13,1,2018-19,Regular Season,1628969,Mikal Bridges
22018,1628969,0021800242,2018-11-19,PHX @ PHI,L,23,5,7,0.714,3,5,0.6,0,0,0.0,0,1,1,1,3,0,0,5,13,7,1,2018-19,Regular Season,1628969,Mikal Bridges
22018,1628969,0021800257,2018-11-21,PHX @ CHI,L,29,2,5,0.4,0,2,0.0,1,1,1.0,0,4,4,1,3,0,0,4,5,-2,1,2018-19,Regular Season,1628969,Mikal Bridges
22018,1628969,0021800275,2018-11-23,PHX @ MIL,W,24,1,2,0.5,1,2,0.5,1,2,0.5,0,3,3,0,0,0,0,2,4,7,1,2018-19,Regular Season,1628969,Mikal Bridges
22018,1628969,0021800287,2018-11-25,PHX @ DET,L,34,1,8,0.125,0,3,0.0,0,0,0.0,4,3,7,3,0,0,2,0,2,-6,1,2018-19,Regular Season,1628969,Mikal Bridges
22018,1628969,0021800305,2018-11-27,PHX vs. IND,L,23,1,6,0.167,0,2,0.0,0,0,0.0,0,2,2,1,2,0,0,2,2,-5,1,2018-19,Regular Season,1628969,Mikal Bridges
22018,1628969,0021800315,2018-11-28,PHX @ LAC,L,15,1,3,0.333,0,0,0.0,0,0,0.0,0,0,0,0,1,0,1,2,2,-13,1,2018-19,Regular Season,1628969,Mikal Bridges
22018,1628969,0021800327,2018-11-30,PHX vs. ORL,L,20,1,5,0.2,0,3,0.0,0,0,0.0,0,1,1,2,0,0,1,1,2,-10,1,2018-19,Regular Season,1628969,Mikal Bridges
22018,1628969,0021800337,2018-12-02,PHX @ LAL,L,31,4,8,0.5,2,5,0.4,1,2,0.5,1,3,4,2,2,0,0,3,11,-11,1,2018-19,Regular Season,1628969,Mikal Bridges
22018,1628969,0021800353,2018-12-04,PHX vs. SAC,L,34,3,12,0.25,0,7,0.0,1,1,1.0,1,4,5,2,3,2,2,1,7,-13,1,2018-19,Regular Season,1628969,Mikal Bridges
22018,1628969,0021800366,2018-12-06,PHX @ POR,L,23,3,6,0.5,1,2,0.5,0,0,0.0,1,2,3,1,1,0,0,5,7,-24,1,2018-19,Regular Season,1628969,Mikal Bridges
22018,1628969,0021800376,2018-12-07,PHX vs. MIA,L,35,4,11,0.364,3,7,0.429,1,2,0.5,1,1,2,3,2,0,0,2,12,-16,1,2018-19,Regular Season,1628969,Mikal Bridges
22018,1628969,0021800399,2018-12-10,PHX vs. LAC,L,39,6,12,0.5,4,8,0.5,3,3,1.0,0,3,3,3,0,0,1,2,19,-6,1,2018-19,Regular Season,1628969,Mikal Bridges
22018,1628969,0021800403,2018-12-11,PHX @ SAS,L,32,3,8,0.375,2,6,0.333,0,0,0.0,1,3,4,0,0,0,1,4,8,-23,1,2018-19,Regular Season,1628969,Mikal Bridges
22018,1628969,0021800419,2018-12-13,PHX vs. DAL,W,22,3,8,0.375,1,3,0.333,0,0,0.0,1,3,4,0,1,0,0,0,7,-3,1,2018-19,Regular Season,1628969,Mikal Bridges
22018,1628969,0021800435,2018-12-15,PHX vs. MIN,W,40,4,12,0.333,2,7,0.286,2,2,1.0,2,3,5,2,2,3,1,0,12,-1,1,2018-19,Regular Season,1628969,Mikal Bridges
22018,1628969,0021800444,2018-12-17,PHX @ NYK,W,33,3,6,0.5,0,3,0.0,1,2,0.5,0,5,5,2,1,0,0,3,7,2,1,2018-19,Regular Season,1628969,Mikal Bridges
22018,1628969,0021800458,2018-12-19,PHX @ BOS,W,33,3,7,0.429,3,6,0.5,0,0,0.0,2,5,7,0,1,0,0,1,9,4,1,2018-19,Regular Season,1628969,Mikal Bridges
22018,1628969,0021800480,2018-12-22,PHX @ WAS,L,33,2,4,0.5,1,2,0.5,0,0,0.0,1,3,4,3,2,1,0,1,5,-3,1,2018-19,Regular Season,1628969,Mikal Bridges
22018,1628969,0021800489,2018-12-23,PHX @ BKN,L,36,3,4,0.75,0,1,0.0,3,3,1.0,0,3,3,4,5,1,2,5,9,-4,1,2018-19,Regular Season,1628969,Mikal Bridges
22018,1628969,0021800503,2018-12-26,PHX @ ORL,W,35,2,8,0.25,1,3,0.333,0,0,0.0,3,2,5,4,1,1,1,1,5,-3,1,2018-19,Regular Season,1628969,Mikal Bridges
22018,1628969,0021800525,2018-12-28,PHX vs. OKC,L,30,5,10,0.5,3,8,0.375,0,0,0.0,0,5,5,2,2,2,0,2,13,-9,1,2018-19,Regular Season,1628969,Mikal Bridges
22018,1628969,0021800533,2018-12-29,PHX vs. DEN,L,39,5,8,0.625,5,8,0.625,2,2,1.0,0,2,2,3,1,1,2,4,17,-9,1,2018-19,Regular Season,1628969,Mikal Bridges
22018,1628969,0021800548,2018-12-31,PHX vs. GSW,L,33,2,6,0.333,1,4,0.25,1,2,0.5,0,3,3,3,0,0,0,3,6,-12,1,2018-19,Regular Season,1628969,Mikal Bridges
22018,1628969,0021800561,2019-01-02,PHX vs. PHI,L,26,1,8,0.125,0,6,0.0,0,0,0.0,2,4,6,1,0,0,1,2,2,-5,1,2018-19,Regular Season,1628969,Mikal Bridges
22018,1628969,0021800573,2019-01-04,PHX vs. LAC,L,32,4,8,0.5,2,4,0.5,0,0,0.0,0,1,1,3,3,1,0,6,10,14,1,2018-19,Regular Season,1628969,Mikal Bridges
22018,1628969,0021800590,2019-01-06,PHX vs. CHA,L,31,1,6,0.167,1,4,0.25,2,2,1.0,1,2,3,1,1,2,0,2,5,-5,1,2018-19,Regular Season,1628969,Mikal Bridges
22018,1628969,0021800604,2019-01-08,PHX vs. SAC,W,22,1,1,1.0,0,0,0.0,0,0,0.0,0,0,0,4,4,0,1,2,2,5,1,2018-19,Regular Season,1628969,Mikal Bridges
22018,1628969,0021800613,2019-01-09,PHX @ DAL,L,23,2,4,0.5,2,4,0.5,0,0,0.0,1,3,4,2,0,2,1,3,6,-6,1,2018-19,Regular Season,1628969,Mikal Bridges
22018,1628969,0021800635,2019-01-12,PHX vs. DEN,W,24,2,4,0.5,1,1,1.0,0,0,0.0,0,3,3,2,1,1,0,2,5,7,1,2018-19,Regular Season,1628969,Mikal Bridges
22018,1628969,0021800651,2019-01-15,PHX @ IND,L,30,3,3,1.0,1,1,1.0,0,0,0.0,1,6,7,1,2,0,4,2,7,-23,1,2018-19,Regular Season,1628969,Mikal Bridges
22018,1628969,0021800668,2019-01-17,PHX @ TOR,L,30,5,8,0.625,1,4,0.25,4,4,1.0,1,4,5,4,0,1,0,4,15,5,1,2018-19,Regular Season,1628969,Mikal Bridges
22018,1628969,0021800679,2019-01-19,PHX @ CHA,L,26,3,8,0.375,2,5,0.4,1,1,1.0,0,1,1,1,3,1,0,4,9,-18,1,2018-19,Regular Season,1628969,Mikal Bridges
22018,1628969,0021800689,2019-01-20,PHX @ MIN,L,29,1,3,0.333,1,3,0.333,0,0,0.0,0,0,0,0,3,1,0,2,3,1,1,2018-19,Regular Season,1628969,Mikal Bridges
22018,1628969,0021800705,2019-01-22,PHX vs. MIN,L,29,3,11,0.273,1,6,0.167,0,0,0.0,0,0,0,4,1,1,0,2,7,-12,1,2018-19,Regular Season,1628969,Mikal Bridges
22018,1628969,0021800718,2019-01-24,PHX vs. POR,L,29,3,5,0.6,2,3,0.667,0,0,0.0,0,5,5,2,1,0,0,0,8,3,1,2018-19,Regular Season,1628969,Mikal Bridges
22018,1628969,0021800728,2019-01-25,PHX @ DEN,L,35,2,6,0.333,0,3,0.0,0,0,0.0,2,4,6,1,1,2,0,2,4,-40,1,2018-19,Regular Season,1628969,Mikal Bridges
22018,1628969,0021800743,2019-01-27,PHX @ LAL,L,37,5,9,0.556,3,6,0.5,3,4,0.75,1,5,6,1,1,0,1,2,16,3,1,2018-19,Regular Season,1628969,Mikal Bridges
22018,1628969,0021800754,2019-01-29,PHX @ SAS,L,35,7,9,0.778,3,5,0.6,0,1,0.0,1,5,6,3,4,0,1,1,17,1,1,2018-19,Regular Season,1628969,Mikal Bridges
22018,1628969,0021800784,2019-02-02,PHX vs. ATL,L,36,7,10,0.7,5,7,0.714,1,3,0.333,0,4,4,2,3,0,3,4,20,-9,1,2018-19,Regular Season,1628969,Mikal Bridges
22018,1628969,0021800794,2019-02-04,PHX vs. HOU,L,38,3,9,0.333,1,6,0.167,0,0,0.0,2,2,4,5,3,0,3,3,7,-4,1,2018-19,Regular Season,1628969,Mikal Bridges
22018,1628969,0021800808,2019-02-06,PHX @ UTA,L,40,4,7,0.571,1,2,0.5,0,0,0.0,1,2,3,2,2,1,3,4,9,-19,1,2018-19,Regular Season,1628969,Mikal Bridges
22018,1628969,0021800822,2019-02-08,PHX vs. GSW,L,37,5,13,0.385,4,9,0.444,5,6,0.833,2,3,5,3,2,0,1,3,19,-2,1,2018-19,Regular Season,1628969,Mikal Bridges
22018,1628969,0021800836,2019-02-10,PHX @ SAC,L,35,2,8,0.25,0,5,0.0,5,8,0.625,2,4,6,4,3,0,0,5,9,-5,1,2018-19,Regular Season,1628969,Mikal Bridges
22018,1628969,0021800863,2019-02-13,PHX @ LAC,L,27,2,6,0.333,0,3,0.0,1,2,0.5,2,1,3,2,1,0,1,4,5,-28,1,2018-19,Regular Season,1628969,Mikal Bridges
22018,1628969,0021800867,2019-02-21,PHX @ CLE,L,24,1,3,0.333,1,3,0.333,0,0,0.0,0,2,2,5,1,0,1,1,3,-1,1,2018-19,Regular Season,1628969,Mikal Bridges
22018,1628969,0021800883,2019-02-23,PHX @ ATL,L,34,2,10,0.2,2,8,0.25,0,0,0.0,1,1,2,4,3,0,2,2,6,-13,1,2018-19,Regular Season,1628969,Mikal Bridges
22018,1628969,0021800901,2019-02-25,PHX @ MIA,W,34,2,4,0.5,0,2,0.0,3,4,0.75,0,2,2,8,2,0,2,3,7,3,1,2018-19,Regular Season,1628969,Mikal Bridges
22018,1628969,0021800932,2019-03-01,PHX vs. NOP,L,28,2,2,1.0,1,1,1.0,2,2,1.0,0,2,2,4,3,0,1,4,7,-1,1,2018-19,Regular Season,1628969,Mikal Bridges
22018,1628969,0021800942,2019-03-02,PHX vs. LAL,W,30,4,8,0.5,1,5,0.2,3,4,0.75,1,4,5,2,1,1,0,1,12,-5,1,2018-19,Regular Season,1628969,Mikal Bridges
22018,1628969,0021800955,2019-03-04,PHX vs. MIL,W,31,2,6,0.333,1,4,0.25,4,4,1.0,2,5,7,1,2,0,0,3,9,3,1,2018-19,Regular Season,1628969,Mikal Bridges
22018,1628969,0021800972,2019-03-06,PHX vs. NYK,W,21,2,3,0.667,1,2,0.5,0,0,0.0,0,0,0,1,3,1,1,5,5,-2,1,2018-19,Regular Season,1628969,Mikal Bridges
22018,1628969,0021800991,2019-03-09,PHX @ POR,L,26,4,6,0.667,1,2,0.5,3,4,0.75,2,4,6,3,0,1,1,1,12,1,1,2018-19,Regular Season,1628969,Mikal Bridges
22018,1628969,0021801000,2019-03-10,PHX @ GSW,W,27,3,4,0.75,2,3,0.667,2,2,1.0,0,3,3,2,4,0,0,1,10,7,1,2018-19,Regular Season,1628969,Mikal Bridges
22018,1628969,0021801019,2019-03-13,PHX vs. UTA,L,33,1,5,0.2,0,2,0.0,0,0,0.0,0,3,3,4,3,0,0,2,2,-17,1,2018-19,Regular Season,1628969,Mikal Bridges
22018,1628969,0021801030,2019-03-15,PHX @ HOU,L,37,1,5,0.2,0,3,0.0,0,0,0.0,0,5,5,4,1,0,1,5,2,-6,2,2018-19,Regular Season,1628969,Mikal Bridges
22018,1628969,0021801036,2019-03-16,PHX @ NOP,W,40,4,9,0.444,1,4,0.25,3,3,1.0,0,5,5,3,2,0,1,1,12,6,1,2018-19,Regular Season,1628969,Mikal Bridges
22018,1628969,0021801057,2019-03-18,PHX vs. CHI,L,42,4,8,0.5,1,4,0.25,3,5,0.6,2,1,3,0,0,0,2,5,12,-15,1,2018-19,Regular Season,1628969,Mikal Bridges
22018,1628969,0021801077,2019-03-21,PHX vs. DET,L,39,5,12,0.417,2,8,0.25,1,1,1.0,0,3,3,7,1,0,2,1,13,-13,1,2018-19,Regular Season,1628969,Mikal Bridges
22018,1628969,0021801094,2019-03-23,PHX @ SAC,L,34,5,9,0.556,1,3,0.333,0,0,0.0,1,3,4,4,3,0,1,2,11,-6,1,2018-19,Regular Season,1628969,Mikal Bridges
22018,1628969,0021801105,2019-03-25,PHX @ UTA,L,31,0,5,0.0,0,1,0.0,1,2,0.5,1,3,4,1,1,0,2,0,1,-17,1,2018-19,Regular Season,1628969,Mikal Bridges
22018,1628969,0021801120,2019-03-27,PHX vs. WAS,L,34,1,6,0.167,0,3,0.0,2,2,1.0,1,3,4,5,2,0,1,2,4,-12,1,2018-19,Regular Season,1628969,Mikal Bridges
22018,1628969,0021801144,2019-03-30,PHX vs. MEM,L,32,4,10,0.4,2,7,0.286,0,0,0.0,1,3,4,2,0,1,1,5,10,-10,1,2018-19,Regular Season,1628969,Mikal Bridges
22018,1628969,0021801160,2019-04-01,PHX vs. CLE,W,41,5,9,0.556,3,6,0.5,2,2,1.0,0,2,2,2,0,3,1,2,15,20,1,2018-19,Regular Season,1628969,Mikal Bridges
22018,1628969,0021801174,2019-04-03,PHX vs. UTA,L,34,4,10,0.4,1,2,0.5,0,0,0.0,2,1,3,1,2,0,2,5,9,-17,1,2018-19,Regular Season,1628969,Mikal Bridges
22018,1628969,0021801189,2019-04-05,PHX vs. NOP,W,44,2,11,0.182,0,3,0.0,5,5,1.0,0,4,4,4,1,1,0,2,9,16,1,2018-19,Regular Season,1628969,Mikal Bridges
22018,1628969,0021801200,2019-04-07,PHX @ HOU,L,42,7,13,0.538,3,6,0.5,2,2,1.0,1,5,6,2,0,0,0,2,19,-30,1,2018-19,Regular Season,1628969,Mikal Bridges
22018,1628969,0021801216,2019-04-09,PHX @ DAL,L,37,4,6,0.667,0,1,0.0,2,3,0.667,1,0,1,0,3,0,0,1,10,-8,1,2018-19,Regular Season,1628969,Mikal Bridges
