SEASON_ID,Player_ID,Game_ID,GAME_DATE,MATCHUP,WL,MIN,FGM,FGA,FG_PCT,FG3M,FG3A,FG3_PCT,FTM,FTA,FT_PCT,OREB,DREB,REB,AST,STL,BLK,TOV,PF,PTS,PLUS_MINUS,VIDEO_AVAILABLE,SEASON,SEASON_TYPE,PLAYER_ID,PLAYER_NAME
22017,2544,0021700001,2017-10-17,CLE vs. BOS,W,41,12,19,0.632,1,5,0.2,4,4,1.0,1,15,16,9,0,2,4,3,29,3,1,2017-18,Regular Season,2544,LeBron James
22017,2544,0021700021,2017-10-20,CLE @ MIL,W,37,10,16,0.625,2,4,0.5,2,2,1.0,1,4,5,8,1,1,5,2,24,13,1,2017-18,Regular Season,2544,LeBron James
22017,2544,0021700028,2017-10-21,CLE vs. ORL,L,31,8,15,0.533,1,3,0.333,5,6,0.833,0,4,4,2,1,1,1,0,22,-31,1,2017-18,Regular Season,2544,LeBron James
22017,2544,0021700049,2017-10-24,CLE vs. CHI,W,37,13,20,0.65,4,6,0.667,4,5,0.8,0,2,2,13,3,0,2,1,34,7,2,2017-18,Regular Season,2544,LeBron James
22017,2544,0021700058,2017-10-25,CLE @ BKN,L,41,12,20,0.6,1,2,0.5,4,8,0.5,1,9,10,13,0,4,8,1,29,-2,1,2017-18,Regular Season,2544,LeBron James
22017,2544,0021700077,2017-10-28,CLE @ NOP,L,31,6,11,0.545,1,3,0.333,5,6,0.833,0,3,3,8,0,0,4,3,18,-10,1,2017-18,Regular Season,2544,LeBron James
22017,2544,0021700090,2017-10-29,CLE vs. NYK,L,39,7,15,0.467,1,4,0.25,1,1,1.0,1,9,10,7,2,0,4,2,16,-17,1,2017-18,Regular Season,2544,LeBron James
22017,2544,0021700106,2017-11-01,CLE vs. IND,L,37,14,22,0.636,1,5,0.2,4,5,0.8,1,5,6,11,2,1,8,1,33,-12,2,2017-18,Regular Season,2544,LeBron James
22017,2544,0021700122,2017-11-03,CLE @ WAS,W,43,23,34,0.676,2,4,0.5,9,9,1.0,5,6,11,7,3,2,3,2,57,6,1,2017-18,Regular Season,2544,LeBron James
22017,2544,0021700136,2017-11-05,CLE vs. ATL,L,41,10,17,0.588,0,3,0.0,6,6,1.0,2,3,5,13,1,2,6,4,26,-4,1,2017-18,Regular Season,2544,LeBron James
22017,2544,0021700149,2017-11-07,CLE vs. MIL,W,37,10,20,0.5,2,4,0.5,8,10,0.8,1,7,8,9,3,0,1,1,30,6,1,2017-18,Regular Season,2544,LeBron James
22017,2544,0021700166,2017-11-09,CLE @ HOU,L,40,15,24,0.625,1,4,0.25,2,3,0.667,0,4,4,7,1,1,8,4,33,5,1,2017-18,Regular Season,2544,LeBron James
22017,2544,0021700181,2017-11-11,CLE @ DAL,W,42,6,14,0.429,1,3,0.333,6,8,0.75,1,10,11,4,0,1,6,3,19,5,1,2017-18,Regular Season,2544,LeBron James
22017,2544,0021700193,2017-11-13,CLE @ NYK,W,36,7,14,0.5,2,4,0.5,7,10,0.7,3,6,9,12,0,3,5,1,23,3,2,2017-18,Regular Season,2544,LeBron James
22017,2544,0021700207,2017-11-15,CLE @ CHA,W,37,12,24,0.5,4,7,0.571,3,3,1.0,2,4,6,8,2,1,3,4,31,1,1,2017-18,Regular Season,2544,LeBron James
22017,2544,0021700220,2017-11-17,CLE vs. LAC,W,46,17,26,0.654,4,9,0.444,1,5,0.2,1,13,14,6,0,0,6,0,39,1,1,2017-18,Regular Season,2544,LeBron James
22017,2544,0021700242,2017-11-20,CLE @ DET,W,27,7,14,0.5,3,5,0.6,1,1,1.0,0,2,2,8,1,1,0,2,18,21,1,2017-18,Regular Season,2544,LeBron James
22017,2544,0021700254,2017-11-22,CLE vs. BKN,W,33,11,17,0.647,4,7,0.571,7,9,0.778,1,5,6,5,2,0,3,2,33,20,1,2017-18,Regular Season,2544,LeBron James
22017,2544,0021700270,2017-11-24,CLE vs. CHA,W,40,10,20,0.5,3,8,0.375,4,7,0.571,1,15,16,13,0,3,3,2,27,-2,1,2017-18,Regular Season,2544,LeBron James
22017,2544,0021700291,2017-11-27,CLE @ PHI,W,31,12,23,0.522,3,7,0.429,3,4,0.75,3,11,14,6,0,0,3,0,30,1,1,2017-18,Regular Season,2544,LeBron James
22017,2544,0021700298,2017-11-28,CLE vs. MIA,W,28,10,16,0.625,1,3,0.333,0,1,0.0,2,10,12,6,5,1,2,1,21,26,1,2017-18,Regular Season,2544,LeBron James
22017,2544,0021700313,2017-11-30,CLE @ ATL,W,38,8,11,0.727,3,6,0.5,5,7,0.714,1,5,6,12,2,2,3,3,24,10,1,2017-18,Regular Season,2544,LeBron James
22017,2544,0021700329,2017-12-02,CLE vs. MEM,W,39,13,22,0.591,0,3,0.0,8,8,1.0,0,2,2,12,0,1,5,1,34,-5,1,2017-18,Regular Season,2544,LeBron James
22017,2544,0021700344,2017-12-04,CLE @ CHI,W,34,9,15,0.6,2,4,0.5,3,4,0.75,0,7,7,6,2,0,2,1,23,27,1,2017-18,Regular Season,2544,LeBron James
22017,2544,0021700353,2017-12-06,CLE vs. SAC,W,41,12,18,0.667,5,8,0.625,3,6,0.5,2,9,11,9,3,2,7,0,32,2,1,2017-18,Regular Season,2544,LeBron James
22017,2544,0021700369,2017-12-08,CLE @ IND,L,39,12,22,0.545,1,5,0.2,4,5,0.8,2,8,10,8,1,2,3,1,29,3,1,2017-18,Regular Season,2544,LeBron James
22017,2544,0021700379,2017-12-09,CLE vs. PHI,W,39,9,23,0.391,2,6,0.333,10,12,0.833,3,10,13,13,3,0,6,1,30,-3,1,2017-18,Regular Season,2544,LeBron James
22017,2544,0021700397,2017-12-12,CLE vs. ATL,W,35,11,13,0.846,2,3,0.667,1,2,0.5,0,7,7,17,2,0,2,4,25,19,1,2017-18,Regular Season,2544,LeBron James
22017,2544,0021700415,2017-12-14,CLE vs. LAL,W,39,8,18,0.444,1,6,0.167,8,12,0.667,1,11,12,12,2,2,5,0,25,14,1,2017-18,Regular Season,2544,LeBron James
22017,2544,0021700430,2017-12-16,CLE vs. UTA,W,37,9,15,0.6,1,4,0.25,10,10,1.0,0,11,11,10,1,0,5,2,29,0,1,2017-18,Regular Season,2544,LeBron James
22017,2544,0021700440,2017-12-17,CLE @ WAS,W,41,8,23,0.348,2,7,0.286,2,3,0.667,2,9,11,15,0,1,6,4,20,4,1,2017-18,Regular Season,2544,LeBron James
22017,2544,0021700453,2017-12-19,CLE @ MIL,L,34,14,22,0.636,6,11,0.545,5,5,1.0,0,1,1,7,3,2,7,1,39,-7,1,2017-18,Regular Season,2544,LeBron James
22017,2544,0021700466,2017-12-21,CLE vs. CHI,W,39,12,23,0.522,2,5,0.4,8,8,1.0,1,5,6,9,3,0,4,1,34,5,1,2017-18,Regular Season,2544,LeBron James
22017,2544,0021700494,2017-12-25,CLE @ GSW,L,40,7,18,0.389,2,7,0.286,4,7,0.571,1,5,6,6,0,0,7,2,20,-1,1,2017-18,Regular Season,2544,LeBron James
22017,2544,0021700513,2017-12-27,CLE @ SAC,L,38,6,17,0.353,0,2,0.0,4,5,0.8,2,8,10,14,5,0,4,2,16,-11,1,2017-18,Regular Season,2544,LeBron James
22017,2544,0021700534,2017-12-30,CLE @ UTA,L,37,12,22,0.545,1,7,0.143,4,5,0.8,1,7,8,6,2,1,6,1,29,-5,1,2017-18,Regular Season,2544,LeBron James
22017,2544,0021700549,2018-01-02,CLE vs. POR,W,34,10,17,0.588,0,2,0.0,4,4,1.0,1,5,6,8,4,1,3,2,24,0,1,2017-18,Regular Season,2544,LeBron James
22017,2544,0021700559,2018-01-03,CLE @ BOS,L,33,8,15,0.533,0,2,0.0,3,3,1.0,0,7,7,6,1,1,4,1,19,-6,1,2017-18,Regular Season,2544,LeBron James
22017,2544,0021700582,2018-01-06,CLE @ ORL,W,37,12,23,0.522,4,7,0.571,5,7,0.714,3,7,10,9,6,1,3,1,33,15,1,2017-18,Regular Season,2544,LeBron James
22017,2544,0021700594,2018-01-08,CLE @ MIN,L,27,4,8,0.5,1,3,0.333,1,3,0.333,1,7,8,5,0,2,3,2,10,-39,1,2017-18,Regular Season,2544,LeBron James
22017,2544,0021700615,2018-01-11,CLE @ TOR,L,32,9,16,0.563,0,1,0.0,8,10,0.8,0,3,3,1,1,2,2,1,26,-22,1,2017-18,Regular Season,2544,LeBron James
22017,2544,0021700619,2018-01-12,CLE @ IND,L,40,11,25,0.44,2,9,0.222,3,4,0.75,2,6,8,11,3,1,5,2,27,-6,1,2017-18,Regular Season,2544,LeBron James
22017,2544,0021700646,2018-01-15,CLE vs. GSW,L,36,12,18,0.667,0,2,0.0,8,13,0.615,2,6,8,6,3,4,8,3,32,-14,1,2017-18,Regular Season,2544,LeBron James
22017,2544,0021700664,2018-01-18,CLE vs. ORL,W,35,7,16,0.438,0,4,0.0,2,8,0.25,1,4,5,6,1,0,6,1,16,-4,1,2017-18,Regular Season,2544,LeBron James
22017,2544,0021700674,2018-01-20,CLE vs. OKC,L,38,8,17,0.471,0,4,0.0,2,4,0.5,0,3,3,7,0,1,2,2,18,-33,1,2017-18,Regular Season,2544,LeBron James
22017,2544,0021700698,2018-01-23,CLE @ SAS,L,38,10,23,0.435,2,6,0.333,6,10,0.6,2,7,9,7,0,1,5,0,28,-10,1,2017-18,Regular Season,2544,LeBron James
22017,2544,0021700715,2018-01-26,CLE vs. IND,W,40,11,17,0.647,0,2,0.0,4,5,0.8,0,10,10,11,4,1,11,0,26,12,1,2017-18,Regular Season,2544,LeBron James
22017,2544,0021700734,2018-01-28,CLE vs. DET,W,38,8,15,0.533,1,4,0.25,8,9,0.889,1,7,8,14,1,0,3,0,25,18,1,2017-18,Regular Season,2544,LeBron James
22017,2544,0021700747,2018-01-30,CLE @ DET,L,38,9,20,0.45,2,7,0.286,1,2,0.5,0,6,6,7,0,1,4,2,21,-13,1,2017-18,Regular Season,2544,LeBron James
22017,2544,0021700757,2018-01-31,CLE vs. MIA,W,38,8,21,0.381,1,6,0.167,7,11,0.636,2,9,11,5,1,0,7,1,24,3,1,2017-18,Regular Season,2544,LeBron James
22017,2544,0021700779,2018-02-03,CLE vs. HOU,L,31,3,10,0.3,1,2,0.5,4,4,1.0,1,8,9,9,2,1,2,0,11,-17,1,2017-18,Regular Season,2544,LeBron James
22017,2544,0021700797,2018-02-06,CLE @ ORL,L,33,10,17,0.588,2,4,0.5,3,4,0.75,1,9,10,5,1,0,6,4,25,-14,1,2017-18,Regular Season,2544,LeBron James
22017,2544,0021700807,2018-02-07,CLE vs. MIN,W,48,16,22,0.727,5,7,0.714,0,2,0.0,1,9,10,15,1,1,5,3,37,-1,1,2017-18,Regular Season,2544,LeBron James
22017,2544,0021700819,2018-02-09,CLE @ ATL,W,41,8,20,0.4,0,3,0.0,6,7,0.857,2,10,12,19,0,0,3,2,22,12,1,2017-18,Regular Season,2544,LeBron James
22017,2544,0021700835,2018-02-11,CLE @ BOS,W,28,9,20,0.45,2,5,0.4,4,7,0.571,0,8,8,10,1,1,2,1,24,23,1,2017-18,Regular Season,2544,LeBron James
22017,2544,0021700850,2018-02-13,CLE @ OKC,W,40,14,23,0.609,3,7,0.429,6,10,0.6,0,8,8,8,0,1,5,1,37,-1,1,2017-18,Regular Season,2544,LeBron James
22017,2544,0021700869,2018-02-22,CLE vs. WAS,L,37,13,18,0.722,1,4,0.25,5,9,0.556,1,8,9,8,2,0,4,2,32,-10,1,2017-18,Regular Season,2544,LeBron James
22017,2544,0021700878,2018-02-23,CLE @ MEM,W,37,7,16,0.438,0,2,0.0,4,4,1.0,0,14,14,11,1,0,3,0,18,18,1,2017-18,Regular Season,2544,LeBron James
22017,2544,0021700894,2018-02-25,CLE vs. SAS,L,40,14,25,0.56,2,5,0.4,3,4,0.75,2,11,13,9,1,0,6,3,33,-8,1,2017-18,Regular Season,2544,LeBron James
22017,2544,0021700908,2018-02-27,CLE vs. BKN,W,39,13,25,0.52,2,4,0.5,3,3,1.0,4,8,12,11,1,0,1,1,31,2,1,2017-18,Regular Season,2544,LeBron James
22017,2544,0021700923,2018-03-01,CLE vs. PHI,L,39,12,24,0.5,2,6,0.333,4,6,0.667,1,8,9,8,1,0,3,2,30,-8,1,2017-18,Regular Season,2544,LeBron James
22017,2544,0021700937,2018-03-03,CLE vs. DEN,L,42,8,19,0.421,1,4,0.25,8,11,0.727,1,9,10,15,2,0,3,2,25,-6,1,2017-18,Regular Season,2544,LeBron James
22017,2544,0021700950,2018-03-05,CLE vs. DET,W,29,11,17,0.647,5,7,0.714,4,6,0.667,2,5,7,7,1,0,3,2,31,14,1,2017-18,Regular Season,2544,LeBron James
22017,2544,0021700970,2018-03-07,CLE @ DEN,W,39,15,25,0.6,5,8,0.625,4,8,0.5,1,7,8,10,1,0,3,2,39,8,1,2017-18,Regular Season,2544,LeBron James
22017,2544,0021700986,2018-03-09,CLE @ LAC,L,39,11,20,0.55,3,7,0.429,0,2,0.0,0,10,10,6,2,3,5,2,25,-16,1,2017-18,Regular Season,2544,LeBron James
22017,2544,0021701000,2018-03-11,CLE @ LAL,L,31,9,20,0.45,2,8,0.25,4,5,0.8,2,8,10,7,1,1,2,0,24,-13,1,2017-18,Regular Season,2544,LeBron James
22017,2544,0021701014,2018-03-13,CLE @ PHX,W,33,7,14,0.5,1,2,0.5,13,15,0.867,0,12,12,11,3,2,5,2,28,23,1,2017-18,Regular Season,2544,LeBron James
22017,2544,0021701028,2018-03-15,CLE @ POR,L,41,15,25,0.6,1,4,0.25,4,9,0.444,0,14,14,6,2,3,6,4,35,-3,1,2017-18,Regular Season,2544,LeBron James
22017,2544,0021701039,2018-03-17,CLE @ CHI,W,40,15,26,0.577,2,8,0.25,1,4,0.25,1,12,13,12,1,2,6,3,33,-4,1,2017-18,Regular Season,2544,LeBron James
22017,2544,0021701050,2018-03-19,CLE vs. MIL,W,40,16,29,0.552,3,7,0.429,5,8,0.625,5,7,12,10,2,1,6,2,40,4,1,2017-18,Regular Season,2544,LeBron James
22017,2544,0021701065,2018-03-21,CLE vs. TOR,W,39,11,19,0.579,1,3,0.333,12,14,0.857,1,6,7,17,1,0,0,2,35,12,1,2017-18,Regular Season,2544,LeBron James
22017,2544,0021701080,2018-03-23,CLE vs. PHX,W,29,11,16,0.688,1,4,0.25,4,6,0.667,0,6,6,9,1,1,4,3,27,11,1,2017-18,Regular Season,2544,LeBron James
22017,2544,0021701094,2018-03-25,CLE @ BKN,W,38,14,19,0.737,1,4,0.25,8,10,0.8,2,8,10,8,1,0,2,3,37,11,1,2017-18,Regular Season,2544,LeBron James
22017,2544,0021701110,2018-03-27,CLE @ MIA,L,38,7,18,0.389,0,4,0.0,4,5,0.8,1,5,6,7,0,0,6,1,18,-19,1,2017-18,Regular Season,2544,LeBron James
22017,2544,0021701116,2018-03-28,CLE @ CHA,W,37,14,26,0.538,4,8,0.5,9,11,0.818,2,8,10,8,1,0,4,1,41,21,1,2017-18,Regular Season,2544,LeBron James
22017,2544,0021701131,2018-03-30,CLE vs. NOP,W,42,12,24,0.5,0,4,0.0,3,3,1.0,1,8,9,11,1,0,1,0,27,16,1,2017-18,Regular Season,2544,LeBron James
22017,2544,0021701149,2018-04-01,CLE vs. DAL,W,39,5,21,0.238,2,3,0.667,4,4,1.0,3,10,13,12,0,0,2,1,16,7,1,2017-18,Regular Season,2544,LeBron James
22017,2544,0021701156,2018-04-03,CLE vs. TOR,W,37,8,14,0.571,3,6,0.5,8,11,0.727,0,10,10,6,0,0,5,2,27,12,1,2017-18,Regular Season,2544,LeBron James
22017,2544,0021701176,2018-04-05,CLE vs. WAS,W,39,12,20,0.6,2,7,0.286,7,10,0.7,2,7,9,14,0,0,6,2,33,13,1,2017-18,Regular Season,2544,LeBron James
22017,2544,0021701183,2018-04-06,CLE @ PHI,L,40,17,29,0.586,4,8,0.5,6,11,0.545,1,10,11,11,2,1,8,0,44,7,1,2017-18,Regular Season,2544,LeBron James
22017,2544,0021701207,2018-04-09,CLE @ NYK,W,39,7,16,0.438,3,6,0.5,9,10,0.9,0,6,6,11,1,0,4,2,26,16,1,2017-18,Regular Season,2544,LeBron James
22017,2544,0021701220,2018-04-11,CLE vs. NYK,L,11,4,9,0.444,0,2,0.0,2,3,0.667,1,4,5,2,1,0,3,0,10,5,1,2017-18,Regular Season,2544,LeBron James
42017,2544,0041700131,2018-04-15,CLE vs. IND,L,44,7,17,0.412,0,4,0.0,10,14,0.714,3,7,10,12,1,1,3,2,24,-13,1,2017-18,Playoffs,2544,LeBron James
42017,2544,0041700132,2018-04-18,CLE vs. IND,W,40,17,24,0.708,2,5,0.4,10,13,0.769,1,11,12,5,2,0,3,1,46,7,1,2017-18,Playoffs,2544,LeBron James
42017,2544,0041700133,2018-04-20,CLE @ IND,L,42,10,22,0.455,4,7,0.571,4,6,0.667,3,9,12,8,1,1,6,1,28,-1,1,2017-18,Playoffs,2544,LeBron James
42017,2544,0041700134,2018-04-22,CLE @ IND,W,46,12,22,0.545,0,5,0.0,8,9,0.889,2,11,13,7,0,2,1,3,32,3,1,2017-18,Playoffs,2544,LeBron James
42017,2544,0041700135,2018-04-25,CLE vs. IND,W,42,14,24,0.583,1,4,0.25,15,15,1.0,3,7,10,8,1,1,5,3,44,2,1,2017-18,Playoffs,2544,LeBron James
42017,2544,0041700136,2018-04-27,CLE @ IND,L,31,7,16,0.438,3,6,0.5,5,5,1.0,0,5,5,7,1,2,4,3,22,-24,1,2017-18,Playoffs,2544,LeBron James
42017,2544,0041700137,2018-04-29,CLE vs. IND,W,43,16,25,0.64,2,3,0.667,11,15,0.733,2,6,8,7,4,0,4,4,45,-2,1,2017-18,Playoffs,2544,LeBron James
42017,2544,0041700201,2018-05-01,CLE @ TOR,W,47,12,30,0.4,1,8,0.125,1,6,0.167,0,11,11,13,1,2,1,2,26,5,1,2017-18,Playoffs,2544,LeBron James
42017,2544,0041700202,2018-05-03,CLE @ TOR,W,41,19,28,0.679,1,3,0.333,4,8,0.5,1,7,8,14,1,0,1,1,43,20,2,2017-18,Playoffs,2544,LeBron James
42017,2544,0041700203,2018-05-05,CLE vs. TOR,W,41,14,26,0.538,1,4,0.25,9,11,0.818,1,5,6,7,3,1,4,1,38,2,1,2017-18,Playoffs,2544,LeBron James
42017,2544,0041700204,2018-05-07,CLE vs. TOR,W,38,12,19,0.632,0,3,0.0,5,8,0.625,0,8,8,11,2,1,2,2,29,28,1,2017-18,Playoffs,2544,LeBron James
42017,2544,0041700301,2018-05-13,CLE @ BOS,L,36,5,16,0.313,0,5,0.0,5,6,0.833,0,7,7,9,0,2,7,1,15,-32,1,2017-18,Playoffs,2544,LeBron James
42017,2544,0041700302,2018-05-15,CLE @ BOS,L,39,16,29,0.552,5,11,0.455,5,10,0.5,1,9,10,12,0,1,6,3,42,-9,1,2017-18,Playoffs,2544,LeBron James
42017,2544,0041700303,2018-05-19,CLE vs. BOS,W,38,8,12,0.667,3,3,1.0,8,10,0.8,1,4,5,12,2,2,3,3,27,31,1,2017-18,Playoffs,2544,LeBron James
42017,2544,0041700304,2018-05-21,CLE vs. BOS,W,42,17,28,0.607,1,4,0.25,9,13,0.692,1,4,5,3,2,0,7,3,44,9,1,2017-18,Playoffs,2544,LeBron James
42017,2544,0041700305,2018-05-23,CLE @ BOS,L,39,11,22,0.5,1,6,0.167,3,4,0.75,0,10,10,5,1,0,6,2,26,-11,1,2017-18,Playoffs,2544,LeBron James
42017,2544,0041700306,2018-05-25,CLE vs. BOS,W,46,17,33,0.515,5,7,0.714,7,11,0.636,3,8,11,9,3,1,3,2,46,15,1,2017-18,Playoffs,2544,LeBron James
42017,2544,0041700307,2018-05-27,CLE @ BOS,W,48,12,24,0.5,3,8,0.375,8,11,0.727,0,15,15,9,0,2,8,4,35,8,1,2017-18,Playoffs,2544,LeBron James
42017,2544,0041700401,2018-05-31,CLE @ GSW,L,48,19,32,0.594,3,7,0.429,10,11,0.909,4,4,8,8,1,1,5,2,51,-13,1,2017-18,Playoffs,2544,LeBron James
42017,2544,0041700402,2018-06-03,CLE @ GSW,L,44,10,20,0.5,2,4,0.5,7,9,0.778,1,8,9,13,2,0,5,2,29,-18,1,2017-18,Playoffs,2544,LeBron James
42017,2544,0041700403,2018-06-06,CLE vs. GSW,L,47,13,28,0.464,1,6,0.167,6,7,0.857,3,7,10,11,2,2,4,2,33,-8,1,2017-18,Playoffs,2544,LeBron James
42017,2544,0041700404,2018-06-08,CLE vs. GSW,L,41,7,13,0.538,0,1,0.0,9,11,0.818,1,6,7,8,0,1,6,5,23,-21,1,2017-18,Playoffs,2544,LeBron James
22017,201939,0021700002,2017-10-17,GSW vs. HOU,L,30,8,18,0.444,3,9,0.333,3,3,1.0,0,5,5,4,1,0,2,4,22,9,1,2017-18,Regular Season,201939,Stephen Curry
22017,201939,0021700025,2017-10-20,GSW @ NOP,W,35,7,16,0.438,4,11,0.364,10,10,1.0,0,3,3,8,0,0,1,1,28,7,0,2017-18,Regular Season,201939,Stephen Curry
22017,201939,0021700033,2017-10-21,GSW @ MEM,L,30,9,17,0.529,6,11,0.545,13,13,1.0,0,6,6,3,0,0,2,5,37,-6,1,2017-18,Regular Season,201939,Stephen Curry
22017,201939,0021700045,2017-10-23,GSW @ DAL,W,31,7,15,0.467,2,10,0.2,13,13,1.0,2,0,2,8,4,0,6,1,29,22,1,2017-18,Regular Season,201939,Stephen Curry
22017,201939,0021700063,2017-10-25,GSW vs. TOR,W,38,9,20,0.45,4,11,0.364,8,8,1.0,0,4,4,5,3,1,2,2,30,14,1,2017-18,Regular Season,201939,Stephen Curry
22017,201939,0021700075,2017-10-27,GSW vs. WAS,W,36,7,19,0.368,3,13,0.231,3,3,1.0,0,5,5,8,2,0,2,2,20,-8,1,2017-18,Regular Season,201939,Stephen Curry
22017,201939,0021700091,2017-10-29,GSW vs. DET,L,35,11,17,0.647,3,7,0.429,2,3,0.667,1,5,6,8,1,0,5,3,27,12,1,2017-18,Regular Season,201939,Stephen Curry
22017,201939,0021700100,2017-10-30,GSW @ LAC,W,30,9,14,0.643,7,11,0.636,6,8,0.75,2,3,5,6,2,1,1,3,31,23,2,2017-18,Regular Season,201939,Stephen Curry
22017,201939,0021700117,2017-11-02,GSW @ SAS,W,32,7,13,0.538,3,4,0.75,4,4,1.0,1,7,8,5,3,0,2,2,21,16,2,2017-18,Regular Season,201939,Stephen Curry
22017,201939,0021700135,2017-11-04,GSW @ DEN,W,30,7,14,0.5,5,10,0.5,3,4,0.75,0,0,0,11,2,0,3,0,22,44,1,2017-18,Regular Season,201939,Stephen Curry
22017,201939,0021700148,2017-11-06,GSW vs. MIA,W,34,5,19,0.263,2,9,0.222,4,5,0.8,0,5,5,4,2,0,1,3,16,25,1,2017-18,Regular Season,201939,Stephen Curry
22017,201939,0021700163,2017-11-08,GSW vs. MIN,W,30,7,16,0.438,2,7,0.286,6,6,1.0,0,8,8,8,2,1,5,2,22,16,1,2017-18,Regular Season,201939,Stephen Curry
22017,201939,0021700184,2017-11-11,GSW vs. PHI,W,30,5,12,0.417,3,8,0.375,9,9,1.0,0,4,4,9,1,0,2,0,22,29,1,2017-18,Regular Season,201939,Stephen Curry
22017,201939,0021700215,2017-11-16,GSW @ BOS,L,31,3,14,0.214,2,9,0.222,1,2,0.5,2,4,6,5,4,0,4,5,9,-14,1,2017-18,Regular Season,201939,Stephen Curry
22017,201939,0021700231,2017-11-18,GSW @ PHI,W,35,11,22,0.5,4,9,0.444,9,9,1.0,0,5,5,5,0,1,2,1,35,3,1,2017-18,Regular Season,201939,Stephen Curry
22017,201939,0021700236,2017-11-19,GSW @ BKN,W,33,14,24,0.583,4,10,0.4,7,8,0.875,3,8,11,7,3,0,7,6,39,4,1,2017-18,Regular Season,201939,Stephen Curry
22017,201939,0021700263,2017-11-22,GSW @ OKC,L,31,9,18,0.5,3,8,0.375,3,3,1.0,1,4,5,6,1,0,6,1,24,-17,2,2017-18,Regular Season,201939,Stephen Curry
22017,201939,0021700276,2017-11-24,GSW vs. CHI,W,27,10,18,0.556,4,11,0.364,9,9,1.0,0,7,7,4,2,0,2,2,33,39,1,2017-18,Regular Season,201939,Stephen Curry
22017,201939,0021700284,2017-11-25,GSW vs. NOP,W,36,9,25,0.36,3,13,0.231,6,6,1.0,0,4,4,6,1,0,1,2,27,5,1,2017-18,Regular Season,201939,Stephen Curry
22017,201939,0021700312,2017-11-29,GSW @ LAL,W,39,9,20,0.45,3,9,0.333,7,8,0.875,0,5,5,7,0,0,5,4,28,4,1,2017-18,Regular Season,201939,Stephen Curry
22017,201939,0021700318,2017-12-01,GSW @ ORL,W,33,9,20,0.45,3,8,0.375,2,2,1.0,1,5,6,10,3,0,4,2,23,19,1,2017-18,Regular Season,201939,Stephen Curry
22017,201939,0021700335,2017-12-03,GSW @ MIA,W,30,11,16,0.688,5,9,0.556,3,4,0.75,0,2,2,3,2,0,0,1,30,20,1,2017-18,Regular Season,201939,Stephen Curry
22017,201939,0021700346,2017-12-04,GSW @ NOP,W,34,9,19,0.474,5,11,0.455,8,9,0.889,2,3,5,11,1,0,2,5,31,-1,1,2017-18,Regular Season,201939,Stephen Curry
22017,201939,0021700535,2017-12-30,GSW vs. MEM,W,26,13,17,0.765,10,13,0.769,2,2,1.0,0,4,4,3,0,0,0,2,38,24,1,2017-18,Regular Season,201939,Stephen Curry
22017,201939,0021700562,2018-01-03,GSW @ DAL,W,34,11,19,0.579,6,13,0.462,4,5,0.8,0,5,5,8,1,0,3,1,32,7,1,2017-18,Regular Season,201939,Stephen Curry
22017,201939,0021700566,2018-01-04,GSW @ HOU,W,37,10,20,0.5,4,10,0.4,5,6,0.833,0,9,9,5,1,0,3,3,29,3,1,2017-18,Regular Season,201939,Stephen Curry
22017,201939,0021700578,2018-01-06,GSW @ LAC,W,30,11,21,0.524,8,16,0.5,15,16,0.938,2,4,6,3,3,0,2,2,45,28,1,2017-18,Regular Season,201939,Stephen Curry
22017,201939,0021700597,2018-01-08,GSW vs. DEN,W,35,9,17,0.529,5,10,0.5,9,10,0.9,1,3,4,9,2,0,6,3,32,3,1,2017-18,Regular Season,201939,Stephen Curry
22017,201939,0021700631,2018-01-13,GSW @ TOR,W,34,6,12,0.5,2,7,0.286,10,12,0.833,0,6,6,9,1,0,1,3,24,-5,1,2017-18,Regular Season,201939,Stephen Curry
22017,201939,0021700646,2018-01-15,GSW @ CLE,W,33,8,15,0.533,4,8,0.5,3,4,0.75,1,3,4,8,2,0,3,3,23,13,1,2017-18,Regular Season,201939,Stephen Curry
22017,201939,0021700657,2018-01-17,GSW @ CHI,W,35,10,18,0.556,6,11,0.545,4,4,1.0,0,9,9,4,1,0,6,2,30,21,1,2017-18,Regular Season,201939,Stephen Curry
22017,201939,0021700679,2018-01-20,GSW @ HOU,L,36,6,20,0.3,5,15,0.333,2,4,0.5,0,1,1,8,2,0,6,2,19,-11,2,2017-18,Regular Season,201939,Stephen Curry
22017,201939,0021700699,2018-01-23,GSW vs. NYK,W,33,9,19,0.474,8,15,0.533,6,6,1.0,0,6,6,7,0,0,1,2,32,4,1,2017-18,Regular Season,201939,Stephen Curry
22017,201939,0021700713,2018-01-25,GSW vs. MIN,W,37,9,14,0.643,5,9,0.556,2,3,0.667,2,3,5,9,3,0,2,2,25,20,1,2017-18,Regular Season,201939,Stephen Curry
22017,201939,0021700728,2018-01-27,GSW vs. BOS,W,37,16,24,0.667,8,13,0.615,9,10,0.9,0,4,4,5,2,0,1,2,49,6,1,2017-18,Regular Season,201939,Stephen Curry
22017,201939,0021700751,2018-01-30,GSW @ UTA,L,30,4,13,0.308,1,7,0.143,5,5,1.0,1,1,2,5,0,0,3,1,14,-17,1,2017-18,Regular Season,201939,Stephen Curry
22017,201939,0021700774,2018-02-02,GSW @ SAC,W,36,7,17,0.412,3,10,0.3,6,6,1.0,1,4,5,6,2,0,6,3,23,14,1,2017-18,Regular Season,201939,Stephen Curry
22017,201939,0021700782,2018-02-03,GSW @ DEN,L,36,8,16,0.5,5,12,0.417,3,4,0.75,1,5,6,4,2,0,5,2,24,4,1,2017-18,Regular Season,201939,Stephen Curry
22017,201939,0021700803,2018-02-06,GSW vs. OKC,L,32,6,14,0.429,2,9,0.222,7,7,1.0,1,4,5,5,1,1,3,3,21,-14,1,2017-18,Regular Season,201939,Stephen Curry
22017,201939,0021700815,2018-02-08,GSW vs. DAL,W,30,7,12,0.583,4,9,0.444,2,2,1.0,2,5,7,8,0,0,4,1,20,3,1,2017-18,Regular Season,201939,Stephen Curry
22017,201939,0021700831,2018-02-10,GSW vs. SAS,W,29,7,13,0.538,3,7,0.429,0,0,0.0,1,3,4,8,2,0,2,0,17,6,1,2017-18,Regular Season,201939,Stephen Curry
22017,201939,0021700846,2018-02-12,GSW vs. PHX,W,30,8,17,0.471,3,9,0.333,3,3,1.0,2,7,9,7,0,1,3,3,22,21,1,2017-18,Regular Season,201939,Stephen Curry
22017,201939,0021700864,2018-02-14,GSW @ POR,L,34,6,17,0.353,3,10,0.3,2,2,1.0,2,2,4,6,3,0,7,4,17,-7,1,2017-18,Regular Season,201939,Stephen Curry
22017,201939,0021700872,2018-02-22,GSW vs. LAC,W,37,14,19,0.737,8,11,0.727,8,8,1.0,1,5,6,10,2,0,4,4,44,8,1,2017-18,Regular Season,201939,Stephen Curry
22017,201939,0021700887,2018-02-24,GSW vs. OKC,W,30,8,19,0.421,5,12,0.417,0,0,0.0,1,8,9,6,3,0,2,2,21,24,1,2017-18,Regular Season,201939,Stephen Curry
22017,201939,0021700900,2018-02-26,GSW @ NYK,W,30,8,16,0.5,4,9,0.444,1,1,1.0,0,5,5,5,0,0,3,1,21,25,1,2017-18,Regular Season,201939,Stephen Curry
22017,201939,0021700917,2018-02-28,GSW @ WAS,W,35,5,15,0.333,4,9,0.444,11,12,0.917,0,5,5,3,2,0,6,3,25,20,2,2017-18,Regular Season,201939,Stephen Curry
22017,201939,0021700928,2018-03-02,GSW @ ATL,W,23,8,15,0.533,4,9,0.444,8,8,1.0,0,1,1,3,2,0,0,0,28,2,1,2017-18,Regular Season,201939,Stephen Curry
22017,201939,0021700963,2018-03-06,GSW vs. BKN,W,34,12,20,0.6,6,12,0.5,4,5,0.8,1,5,6,4,3,1,3,2,34,11,1,2017-18,Regular Season,201939,Stephen Curry
22017,201939,0021700976,2018-03-08,GSW vs. SAS,W,2,0,1,0.0,0,0,0.0,2,2,1.0,0,0,0,0,0,0,0,0,2,-1,1,2017-18,Regular Season,201939,Stephen Curry
22017,201939,0021701087,2018-03-23,GSW vs. ATL,W,25,10,18,0.556,3,8,0.375,6,6,1.0,1,6,7,1,0,1,1,1,29,9,1,2017-18,Regular Season,201939,Stephen Curry
42017,201939,0041700232,2018-05-01,GSW vs. NOP,W,27,8,15,0.533,5,10,0.5,7,7,1.0,0,7,7,2,3,0,6,2,28,26,1,2017-18,Playoffs,201939,Stephen Curry
42017,201939,0041700233,2018-05-04,GSW @ NOP,L,29,6,19,0.316,3,9,0.333,4,4,1.0,2,4,6,2,4,2,3,1,19,-12,1,2017-18,Playoffs,201939,Stephen Curry
42017,201939,0041700234,2018-05-06,GSW @ NOP,W,32,8,17,0.471,4,9,0.444,3,3,1.0,0,1,1,2,0,0,2,1,23,21,1,2017-18,Playoffs,201939,Stephen Curry
42017,201939,0041700235,2018-05-08,GSW vs. NOP,W,37,10,16,0.625,3,6,0.5,5,5,1.0,0,7,7,8,1,0,4,2,28,9,1,2017-18,Playoffs,201939,Stephen Curry
42017,201939,0041700311,2018-05-14,GSW @ HOU,W,35,8,15,0.533,1,5,0.2,1,2,0.5,1,5,6,8,2,1,1,5,18,5,1,2017-18,Playoffs,201939,Stephen Curry
42017,201939,0041700312,2018-05-16,GSW @ HOU,L,34,7,19,0.368,1,8,0.125,1,1,1.0,0,7,7,7,0,0,2,3,16,-20,1,2017-18,Playoffs,201939,Stephen Curry
42017,201939,0041700313,2018-05-20,GSW vs. HOU,W,34,13,23,0.565,5,12,0.417,4,4,1.0,2,4,6,1,0,1,1,2,35,24,1,2017-18,Playoffs,201939,Stephen Curry
42017,201939,0041700314,2018-05-22,GSW vs. HOU,L,39,10,26,0.385,6,13,0.462,2,2,1.0,0,6,6,2,2,0,3,3,28,10,1,2017-18,Playoffs,201939,Stephen Curry
42017,201939,0041700315,2018-05-24,GSW @ HOU,L,41,8,17,0.471,2,8,0.25,4,5,0.8,1,6,7,6,4,0,3,2,22,-9,1,2017-18,Playoffs,201939,Stephen Curry
42017,201939,0041700316,2018-05-26,GSW vs. HOU,W,40,12,23,0.522,5,14,0.357,0,0,0.0,0,5,5,6,0,3,2,2,29,33,1,2017-18,Playoffs,201939,Stephen Curry
42017,201939,0041700317,2018-05-28,GSW @ HOU,W,44,10,22,0.455,7,15,0.467,0,0,0.0,0,9,9,10,4,1,5,4,27,13,1,2017-18,Playoffs,201939,Stephen Curry
42017,201939,0041700401,2018-05-31,GSW vs. CLE,W,46,11,23,0.478,5,11,0.455,2,2,1.0,0,6,6,9,1,0,2,1,29,10,1,2017-18,Playoffs,201939,Stephen Curry
42017,201939,0041700402,2018-06-03,GSW vs. CLE,W,38,11,26,0.423,9,17,0.529,2,2,1.0,1,6,7,8,1,0,5,3,33,19,1,2017-18,Playoffs,201939,Stephen Curry
42017,201939,0041700403,2018-06-06,GSW @ CLE,W,39,3,16,0.188,1,10,0.1,4,4,1.0,0,5,5,6,1,0,2,3,11,0,1,2017-18,Playoffs,201939,Stephen Curry
42017,201939,0041700404,2018-06-08,GSW @ CLE,W,39,12,27,0.444,7,15,0.467,6,6,1.0,2,4,6,4,3,3,2,4,37,18,1,2017-18,Playoffs,201939,Stephen Curry
22017,201142,0021700002,2017-10-17,GSW vs. HOU,L,38,7,15,0.467,2,5,0.4,4,5,0.8,1,4,5,7,0,4,8,4,20,11,1,2017-18,Regular Season,201142,Kevin Durant
22017,201142,0021700025,2017-10-20,GSW @ NOP,W,38,9,18,0.5,3,6,0.5,1,1,1.0,0,8,8,2,1,7,5,3,22,5,0,2017-18,Regular Season,201142,Kevin Durant
22017,201142,0021700033,2017-10-21,GSW @ MEM,L,40,11,24,0.458,4,9,0.444,3,6,0.5,2,11,13,3,1,3,6,2,29,-2,1,2017-18,Regular Season,201142,Kevin Durant
22017,201142,0021700045,2017-10-23,GSW @ DAL,W,33,9,15,0.6,4,6,0.667,3,4,0.75,0,8,8,6,0,1,2,1,25,14,1,2017-18,Regular Season,201142,Kevin Durant
22017,201142,0021700063,2017-10-25,GSW vs. TOR,W,38,11,20,0.55,3,6,0.5,4,6,0.667,0,4,4,5,1,0,1,2,29,7,1,2017-18,Regular Season,201142,Kevin Durant
22017,201142,0021700075,2017-10-27,GSW vs. WAS,W,39,9,20,0.45,4,9,0.444,9,9,1.0,3,8,11,6,1,2,4,2,31,4,1,2017-18,Regular Season,201142,Kevin Durant
22017,201142,0021700091,2017-10-29,GSW vs. DET,L,36,10,14,0.714,3,7,0.429,5,6,0.833,1,5,6,4,0,2,3,0,28,11,1,2017-18,Regular Season,201142,Kevin Durant
22017,201142,0021700100,2017-10-30,GSW @ LAC,W,29,7,11,0.636,2,3,0.667,3,3,1.0,0,7,7,4,0,0,1,3,19,18,2,2017-18,Regular Season,201142,Kevin Durant
22017,201142,0021700117,2017-11-02,GSW @ SAS,W,35,9,18,0.5,2,4,0.5,4,4,1.0,0,8,8,5,0,3,2,5,24,14,2,2017-18,Regular Season,201142,Kevin Durant
22017,201142,0021700135,2017-11-04,GSW @ DEN,W,29,9,13,0.692,4,8,0.5,3,3,1.0,1,6,7,7,0,2,4,1,25,28,1,2017-18,Regular Season,201142,Kevin Durant
22017,201142,0021700148,2017-11-06,GSW vs. MIA,W,33,5,13,0.385,1,6,0.167,10,10,1.0,0,8,8,6,1,3,1,3,21,23,1,2017-18,Regular Season,201142,Kevin Durant
22017,201142,0021700184,2017-11-11,GSW vs. PHI,W,28,11,18,0.611,3,6,0.5,4,4,1.0,1,4,5,4,2,2,4,2,29,24,1,2017-18,Regular Season,201142,Kevin Durant
22017,201142,0021700199,2017-11-13,GSW vs. ORL,W,30,9,18,0.5,0,4,0.0,3,3,1.0,0,7,7,8,0,0,2,2,21,11,1,2017-18,Regular Season,201142,Kevin Durant
22017,201142,0021700215,2017-11-16,GSW @ BOS,L,35,9,18,0.5,2,5,0.4,4,4,1.0,1,2,3,3,1,2,3,2,24,-6,1,2017-18,Regular Season,201142,Kevin Durant
22017,201142,0021700231,2017-11-18,GSW @ PHI,W,33,11,20,0.55,1,6,0.167,4,6,0.667,0,4,4,3,2,2,4,0,27,-10,1,2017-18,Regular Season,201142,Kevin Durant
22017,201142,0021700263,2017-11-22,GSW @ OKC,L,33,8,17,0.471,3,5,0.6,2,2,1.0,0,5,5,2,2,0,4,3,21,-17,2,2017-18,Regular Season,201142,Kevin Durant
22017,201142,0021700312,2017-11-29,GSW @ LAL,W,42,12,25,0.48,3,7,0.429,2,4,0.5,0,7,7,5,1,1,6,4,29,8,1,2017-18,Regular Season,201142,Kevin Durant
22017,201142,0021700318,2017-12-01,GSW @ ORL,W,30,10,14,0.714,0,3,0.0,5,5,1.0,0,2,2,7,0,4,1,3,25,6,1,2017-18,Regular Season,201142,Kevin Durant
22017,201142,0021700335,2017-12-03,GSW @ MIA,W,28,9,18,0.5,2,7,0.286,4,4,1.0,1,2,3,7,1,0,4,1,24,18,1,2017-18,Regular Season,201142,Kevin Durant
22017,201142,0021700346,2017-12-04,GSW @ NOP,W,35,8,21,0.381,1,5,0.2,2,3,0.667,0,7,7,5,2,1,7,3,19,-8,1,2017-18,Regular Season,201142,Kevin Durant
22017,201142,0021700358,2017-12-06,GSW @ CHA,W,36,13,28,0.464,3,10,0.3,6,6,1.0,0,11,11,10,0,2,3,2,35,7,1,2017-18,Regular Season,201142,Kevin Durant
22017,201142,0021700368,2017-12-08,GSW @ DET,W,39,12,23,0.522,3,6,0.5,9,10,0.9,1,9,10,7,1,5,2,3,36,12,1,2017-18,Regular Season,201142,Kevin Durant
22017,201142,0021700395,2017-12-11,GSW vs. POR,W,36,11,21,0.524,2,4,0.5,4,4,1.0,2,7,9,5,0,3,4,1,28,8,1,2017-18,Regular Season,201142,Kevin Durant
22017,201142,0021700417,2017-12-14,GSW vs. DAL,W,34,15,23,0.652,4,8,0.5,2,2,1.0,0,11,11,7,0,2,5,2,36,14,1,2017-18,Regular Season,201142,Kevin Durant
22017,201142,0021700450,2017-12-18,GSW @ LAL,W,41,10,29,0.345,4,11,0.364,12,13,0.923,0,11,11,8,1,3,2,3,36,1,1,2017-18,Regular Season,201142,Kevin Durant
22017,201142,0021700464,2017-12-20,GSW vs. MEM,W,33,8,20,0.4,2,8,0.25,4,5,0.8,1,7,8,2,0,2,4,3,22,2,1,2017-18,Regular Season,201142,Kevin Durant
22017,201142,0021700479,2017-12-22,GSW vs. LAL,W,38,9,20,0.45,3,10,0.3,12,13,0.923,0,7,7,7,2,4,1,3,33,15,1,2017-18,Regular Season,201142,Kevin Durant
22017,201142,0021700489,2017-12-23,GSW vs. DEN,L,35,6,18,0.333,0,5,0.0,6,7,0.857,1,5,6,1,2,2,2,0,18,-13,1,2017-18,Regular Season,201142,Kevin Durant
22017,201142,0021700494,2017-12-25,GSW vs. CLE,W,37,8,19,0.421,3,9,0.333,6,7,0.857,2,5,7,3,2,5,4,3,25,4,1,2017-18,Regular Season,201142,Kevin Durant
22017,201142,0021700514,2017-12-27,GSW vs. UTA,W,29,7,10,0.7,2,3,0.667,5,5,1.0,0,6,6,4,0,3,2,3,21,22,1,2017-18,Regular Season,201142,Kevin Durant
22017,201142,0021700528,2017-12-29,GSW vs. CHA,L,34,8,19,0.421,4,5,0.8,7,7,1.0,0,4,4,6,0,0,3,3,27,-6,1,2017-18,Regular Season,201142,Kevin Durant
22017,201142,0021700535,2017-12-30,GSW vs. MEM,W,35,7,12,0.583,2,4,0.5,4,4,1.0,1,4,5,9,1,1,1,1,20,18,1,2017-18,Regular Season,201142,Kevin Durant
22017,201142,0021700562,2018-01-03,GSW @ DAL,W,38,10,21,0.476,1,5,0.2,4,4,1.0,1,11,12,6,0,4,2,1,25,5,1,2017-18,Regular Season,201142,Kevin Durant
22017,201142,0021700613,2018-01-10,GSW vs. LAC,L,31,14,18,0.778,6,7,0.857,6,8,0.75,0,4,4,4,1,1,5,3,40,-4,1,2017-18,Regular Season,201142,Kevin Durant
22017,201142,0021700622,2018-01-12,GSW @ MIL,W,36,12,20,0.6,2,6,0.333,0,2,0.0,1,5,6,6,2,0,3,2,26,12,1,2017-18,Regular Season,201142,Kevin Durant
22017,201142,0021700631,2018-01-13,GSW @ TOR,W,37,10,18,0.556,3,6,0.5,2,2,1.0,0,6,6,5,0,1,1,2,25,0,1,2017-18,Regular Season,201142,Kevin Durant
22017,201142,0021700646,2018-01-15,GSW @ CLE,W,35,9,16,0.563,4,6,0.667,10,10,1.0,0,5,5,8,3,1,3,3,32,9,1,2017-18,Regular Season,201142,Kevin Durant
22017,201142,0021700657,2018-01-17,GSW @ CHI,W,35,6,15,0.4,0,5,0.0,7,7,1.0,0,8,8,7,1,0,0,1,19,21,1,2017-18,Regular Season,201142,Kevin Durant
22017,201142,0021700679,2018-01-20,GSW @ HOU,L,35,9,17,0.529,4,6,0.667,4,5,0.8,0,7,7,5,0,2,4,2,26,-10,2,2017-18,Regular Season,201142,Kevin Durant
22017,201142,0021700699,2018-01-23,GSW vs. NYK,W,32,4,10,0.4,2,5,0.4,4,4,1.0,1,3,4,14,2,2,5,3,14,10,1,2017-18,Regular Season,201142,Kevin Durant
22017,201142,0021700713,2018-01-25,GSW vs. MIN,W,37,10,19,0.526,6,9,0.667,2,2,1.0,0,10,10,11,2,3,4,2,28,19,1,2017-18,Regular Season,201142,Kevin Durant
22017,201142,0021700728,2018-01-27,GSW vs. BOS,W,36,7,18,0.389,1,5,0.2,5,7,0.714,1,8,9,2,1,1,2,3,20,9,1,2017-18,Regular Season,201142,Kevin Durant
22017,201142,0021700751,2018-01-30,GSW @ UTA,L,30,5,13,0.385,0,5,0.0,7,8,0.875,0,2,2,3,1,0,0,0,17,-17,1,2017-18,Regular Season,201142,Kevin Durant
22017,201142,0021700774,2018-02-02,GSW @ SAC,W,37,12,17,0.706,6,7,0.857,3,3,1.0,0,4,4,6,0,0,5,2,33,4,1,2017-18,Regular Season,201142,Kevin Durant
22017,201142,0021700782,2018-02-03,GSW @ DEN,L,42,12,16,0.75,0,2,0.0,7,9,0.778,0,6,6,7,0,2,1,1,31,14,1,2017-18,Regular Season,201142,Kevin Durant
22017,201142,0021700803,2018-02-06,GSW vs. OKC,L,30,8,14,0.571,3,8,0.375,14,15,0.933,1,5,6,1,1,1,5,1,33,-17,1,2017-18,Regular Season,201142,Kevin Durant
22017,201142,0021700815,2018-02-08,GSW vs. DAL,W,30,8,13,0.615,4,6,0.667,4,4,1.0,0,9,9,4,1,2,1,1,24,3,1,2017-18,Regular Season,201142,Kevin Durant
22017,201142,0021700831,2018-02-10,GSW vs. SAS,W,29,3,9,0.333,0,1,0.0,4,4,1.0,1,5,6,6,0,2,1,1,10,6,1,2017-18,Regular Season,201142,Kevin Durant
22017,201142,0021700846,2018-02-12,GSW vs. PHX,W,30,8,9,0.889,1,1,1.0,0,2,0.0,0,7,7,6,0,2,4,2,17,21,1,2017-18,Regular Season,201142,Kevin Durant
22017,201142,0021700864,2018-02-14,GSW @ POR,L,37,17,27,0.63,6,14,0.429,10,10,1.0,0,7,7,6,0,2,4,1,50,-6,1,2017-18,Regular Season,201142,Kevin Durant
22017,201142,0021700872,2018-02-22,GSW vs. LAC,W,38,7,15,0.467,2,4,0.5,8,10,0.8,0,3,3,8,0,2,2,2,24,7,1,2017-18,Regular Season,201142,Kevin Durant
22017,201142,0021700887,2018-02-24,GSW vs. OKC,W,32,10,20,0.5,4,6,0.667,4,4,1.0,0,5,5,2,1,1,2,0,28,20,1,2017-18,Regular Season,201142,Kevin Durant
22017,201142,0021700900,2018-02-26,GSW @ NYK,W,28,6,10,0.6,2,3,0.667,8,8,1.0,0,9,9,4,1,1,2,1,22,27,1,2017-18,Regular Season,201142,Kevin Durant
22017,201142,0021700917,2018-02-28,GSW @ WAS,W,37,12,20,0.6,3,6,0.5,5,6,0.833,0,6,6,4,0,0,3,3,32,17,2,2017-18,Regular Season,201142,Kevin Durant
22017,201142,0021700928,2018-03-02,GSW @ ATL,W,35,12,19,0.632,0,2,0.0,4,6,0.667,0,3,3,5,1,2,4,2,28,-5,1,2017-18,Regular Season,201142,Kevin Durant
22017,201142,0021700963,2018-03-06,GSW vs. BKN,W,35,7,16,0.438,2,2,1.0,3,4,0.75,0,6,6,3,0,1,3,3,19,-3,1,2017-18,Regular Season,201142,Kevin Durant
22017,201142,0021700976,2018-03-08,GSW vs. SAS,W,39,14,26,0.538,4,7,0.571,5,7,0.714,1,10,11,4,0,4,3,1,37,0,1,2017-18,Regular Season,201142,Kevin Durant
22017,201142,0021700984,2018-03-09,GSW @ POR,L,37,12,21,0.571,6,12,0.5,10,10,1.0,1,5,6,6,0,2,5,1,40,-11,1,2017-18,Regular Season,201142,Kevin Durant
22017,201142,0021700994,2018-03-11,GSW @ MIN,L,39,11,32,0.344,5,12,0.417,12,12,1.0,3,9,12,4,0,3,2,3,39,-19,1,2017-18,Regular Season,201142,Kevin Durant
22017,201142,0021701019,2018-03-14,GSW vs. LAL,W,35,10,19,0.526,1,7,0.143,5,5,1.0,0,5,5,6,2,1,5,1,26,2,1,2017-18,Regular Season,201142,Kevin Durant
22017,201142,0021701128,2018-03-29,GSW vs. MIL,L,17,4,10,0.4,1,3,0.333,1,1,1.0,0,3,3,6,0,0,4,0,10,-15,1,2017-18,Regular Season,201142,Kevin Durant
22017,201142,0021701142,2018-03-31,GSW @ SAC,W,31,8,16,0.5,2,5,0.4,9,11,0.818,1,9,10,5,0,1,1,1,27,20,1,2017-18,Regular Season,201142,Kevin Durant
22017,201142,0021701153,2018-04-01,GSW vs. PHX,W,35,12,19,0.632,3,6,0.5,2,2,1.0,0,11,11,8,0,2,1,1,29,29,1,2017-18,Regular Season,201142,Kevin Durant
22017,201142,0021701163,2018-04-03,GSW @ OKC,W,36,9,25,0.36,2,9,0.222,14,14,1.0,0,10,10,4,1,1,3,2,34,-4,1,2017-18,Regular Season,201142,Kevin Durant
22017,201142,0021701175,2018-04-05,GSW @ IND,L,33,8,23,0.348,2,10,0.2,9,9,1.0,0,5,5,7,3,1,4,3,27,-17,1,2017-18,Regular Season,201142,Kevin Durant
22017,201142,0021701195,2018-04-07,GSW vs. NOP,L,36,16,26,0.615,4,8,0.5,5,7,0.714,0,10,10,5,0,0,4,2,41,1,1,2017-18,Regular Season,201142,Kevin Durant
22017,201142,0021701203,2018-04-08,GSW @ PHX,W,31,6,11,0.545,2,4,0.5,3,4,0.75,0,4,4,9,1,0,2,1,17,15,1,2017-18,Regular Season,201142,Kevin Durant
22017,201142,0021701217,2018-04-10,GSW @ UTA,L,29,5,12,0.417,0,3,0.0,3,3,1.0,0,4,4,1,0,0,2,2,13,-35,1,2017-18,Regular Season,201142,Kevin Durant
42017,201142,0041700151,2018-04-14,GSW vs. SAS,W,32,9,17,0.529,1,4,0.25,5,5,1.0,1,8,9,7,2,0,4,2,24,21,1,2017-18,Playoffs,201142,Kevin Durant
42017,201142,0041700152,2018-04-16,GSW vs. SAS,W,39,10,19,0.526,3,9,0.333,9,10,0.9,0,6,6,6,0,1,2,4,32,12,1,2017-18,Playoffs,201142,Kevin Durant
42017,201142,0041700153,2018-04-19,GSW @ SAS,W,34,9,17,0.529,1,6,0.167,7,7,1.0,0,9,9,6,0,0,4,3,26,18,1,2017-18,Playoffs,201142,Kevin Durant
42017,201142,0041700154,2018-04-22,GSW @ SAS,L,41,12,28,0.429,4,13,0.308,6,7,0.857,1,12,13,2,0,1,3,0,34,-6,1,2017-18,Playoffs,201142,Kevin Durant
42017,201142,0041700155,2018-04-24,GSW vs. SAS,W,41,8,19,0.421,1,8,0.125,8,8,1.0,0,6,6,5,1,2,5,1,25,8,1,2017-18,Playoffs,201142,Kevin Durant
42017,201142,0041700231,2018-04-28,GSW vs. NOP,W,32,10,21,0.476,3,6,0.5,3,4,0.75,2,11,13,2,0,2,4,2,26,24,1,2017-18,Playoffs,201142,Kevin Durant
42017,201142,0041700232,2018-05-01,GSW vs. NOP,W,41,11,23,0.478,2,7,0.286,5,6,0.833,0,6,6,7,2,3,2,1,29,-5,1,2017-18,Playoffs,201142,Kevin Durant
42017,201142,0041700233,2018-05-04,GSW @ NOP,L,35,8,18,0.444,1,6,0.167,5,6,0.833,0,3,3,3,2,0,1,1,22,-24,1,2017-18,Playoffs,201142,Kevin Durant
42017,201142,0041700234,2018-05-06,GSW @ NOP,W,36,15,27,0.556,2,5,0.4,6,6,1.0,1,8,9,5,1,1,2,1,38,23,1,2017-18,Playoffs,201142,Kevin Durant
42017,201142,0041700235,2018-05-08,GSW vs. NOP,W,37,10,18,0.556,1,4,0.25,3,5,0.6,0,6,6,7,2,0,1,2,24,13,1,2017-18,Playoffs,201142,Kevin Durant
42017,201142,0041700311,2018-05-14,GSW @ HOU,W,40,14,27,0.519,3,6,0.5,6,6,1.0,0,3,3,1,0,1,1,2,37,11,1,2017-18,Playoffs,201142,Kevin Durant
42017,201142,0041700312,2018-05-16,GSW @ HOU,L,35,13,22,0.591,3,7,0.429,9,9,1.0,1,2,3,0,0,0,5,5,38,-28,1,2017-18,Playoffs,201142,Kevin Durant
42017,201142,0041700313,2018-05-20,GSW vs. HOU,W,35,9,19,0.474,3,8,0.375,4,4,1.0,2,4,6,6,1,0,0,0,25,27,1,2017-18,Playoffs,201142,Kevin Durant
42017,201142,0041700314,2018-05-22,GSW vs. HOU,L,43,9,24,0.375,1,5,0.2,8,8,1.0,1,11,12,3,0,0,2,1,27,2,1,2017-18,Playoffs,201142,Kevin Durant
42017,201142,0041700315,2018-05-24,GSW @ HOU,L,40,8,22,0.364,3,6,0.5,10,10,1.0,0,4,4,0,0,1,2,3,29,2,1,2017-18,Playoffs,201142,Kevin Durant
42017,201142,0041700316,2018-05-26,GSW vs. HOU,W,35,6,17,0.353,1,5,0.2,10,14,0.714,2,5,7,4,0,1,1,0,23,13,1,2017-18,Playoffs,201142,Kevin Durant
42017,201142,0041700317,2018-05-28,GSW @ HOU,W,44,11,21,0.524,5,11,0.455,7,10,0.7,0,5,5,5,1,3,2,3,34,10,1,2017-18,Playoffs,201142,Kevin Durant
42017,201142,0041700401,2018-05-31,GSW vs. CLE,W,46,8,22,0.364,1,7,0.143,9,10,0.9,0,9,9,6,1,3,1,3,26,17,1,2017-18,Playoffs,201142,Kevin Durant
42017,201142,0041700402,2018-06-03,GSW vs. CLE,W,38,10,14,0.714,2,3,0.667,4,4,1.0,0,9,9,7,0,2,3,3,26,24,1,2017-18,Playoffs,201142,Kevin Durant
42017,201142,0041700403,2018-06-06,GSW @ CLE,W,43,15,23,0.652,6,9,0.667,7,7,1.0,1,12,13,7,1,1,3,3,43,15,1,2017-18,Playoffs,201142,Kevin Durant
42017,201142,0041700404,2018-06-08,GSW @ CLE,W,38,7,17,0.412,0,3,0.0,6,6,1.0,1,11,12,10,1,3,2,3,20,30,1,2017-18,Playoffs,201142,Kevin Durant
22017,203507,0021700007,2017-10-18,MIL @ BOS,W,37,13,22,0.591,0,1,0.0,11,13,0.846,1,12,13,3,3,0,5,4,37,7,1,2017-18,Regular Season,203507,Giannis Antetokounmpo
22017,203507,0021700021,2017-10-20,MIL vs. CLE,L,39,15,22,0.682,0,1,0.0,4,6,0.667,2,6,8,8,3,1,2,2,34,-17,1,2017-18,Regular Season,203507,Giannis Antetokounmpo
22017,203507,0021700034,2017-10-21,MIL vs. POR,W,39,17,23,0.739,1,4,0.25,9,13,0.692,2,6,8,4,2,2,2,3,44,0,1,2017-18,Regular Season,203507,Giannis Antetokounmpo
22017,203507,0021700044,2017-10-23,MIL vs. CHA,W,39,13,21,0.619,0,0,0.0,6,8,0.75,2,12,14,6,1,2,6,5,32,7,1,2017-18,Regular Season,203507,Giannis Antetokounmpo
22017,203507,0021700067,2017-10-26,MIL vs. BOS,L,42,10,21,0.476,2,3,0.667,6,7,0.857,0,10,10,7,3,1,3,3,28,-10,1,2017-18,Regular Season,203507,Giannis Antetokounmpo
22017,203507,0021700085,2017-10-29,MIL @ ATL,W,38,14,21,0.667,1,3,0.333,4,6,0.667,1,10,11,6,0,0,1,4,33,8,1,2017-18,Regular Season,203507,Giannis Antetokounmpo
22017,203507,0021700103,2017-10-31,MIL vs. OKC,L,28,9,14,0.643,2,3,0.667,8,9,0.889,2,6,8,3,0,1,4,4,28,-15,2,2017-18,Regular Season,203507,Giannis Antetokounmpo
22017,203507,0021700105,2017-11-01,MIL @ CHA,L,32,5,16,0.313,0,2,0.0,4,4,1.0,1,12,13,5,2,2,3,5,14,14,2,2017-18,Regular Season,203507,Giannis Antetokounmpo
22017,203507,0021700119,2017-11-03,MIL @ DET,L,38,13,27,0.481,1,4,0.25,2,2,1.0,1,3,4,3,1,4,3,2,29,9,1,2017-18,Regular Season,203507,Giannis Antetokounmpo
22017,203507,0021700149,2017-11-07,MIL @ CLE,L,40,16,21,0.762,0,0,0.0,8,11,0.727,4,5,9,3,0,3,7,6,40,-7,1,2017-18,Regular Season,203507,Giannis Antetokounmpo
22017,203507,0021700173,2017-11-10,MIL @ SAS,W,36,12,24,0.5,0,1,0.0,4,8,0.5,2,10,12,5,1,4,1,2,28,13,1,2017-18,Regular Season,203507,Giannis Antetokounmpo
22017,203507,0021700182,2017-11-11,MIL vs. LAL,W,40,12,19,0.632,0,1,0.0,9,11,0.818,3,12,15,3,1,1,3,3,33,13,1,2017-18,Regular Season,203507,Giannis Antetokounmpo
22017,203507,0021700194,2017-11-13,MIL vs. MEM,W,44,10,22,0.455,0,1,0.0,7,9,0.778,3,6,9,7,2,2,2,2,27,6,2,2017-18,Regular Season,203507,Giannis Antetokounmpo
22017,203507,0021700209,2017-11-15,MIL vs. DET,W,35,8,16,0.5,0,1,0.0,5,6,0.833,2,4,6,1,3,4,3,5,21,16,1,2017-18,Regular Season,203507,Giannis Antetokounmpo
22017,203507,0021700233,2017-11-18,MIL @ DAL,L,40,7,20,0.35,1,2,0.5,9,13,0.692,5,12,17,2,3,0,3,5,24,-18,1,2017-18,Regular Season,203507,Giannis Antetokounmpo
22017,203507,0021700247,2017-11-20,MIL vs. WAS,L,39,8,21,0.381,0,3,0.0,7,9,0.778,1,7,8,4,0,3,0,3,23,-12,1,2017-18,Regular Season,203507,Giannis Antetokounmpo
22017,203507,0021700285,2017-11-25,MIL @ UTA,L,39,10,18,0.556,0,1,0.0,7,9,0.778,3,10,13,5,0,0,3,3,27,-13,1,2017-18,Regular Season,203507,Giannis Antetokounmpo
22017,203507,0021700302,2017-11-28,MIL @ SAC,W,26,11,16,0.688,1,1,1.0,9,13,0.692,0,5,5,5,5,1,2,4,32,26,1,2017-18,Regular Season,203507,Giannis Antetokounmpo
22017,203507,0021700316,2017-11-30,MIL @ POR,W,37,7,20,0.35,0,1,0.0,6,8,0.75,1,8,9,5,3,3,0,3,20,21,1,2017-18,Regular Season,203507,Giannis Antetokounmpo
22017,203507,0021700331,2017-12-02,MIL vs. SAC,W,34,8,15,0.533,0,2,0.0,17,22,0.773,3,10,13,5,3,1,2,2,33,7,1,2017-18,Regular Season,203507,Giannis Antetokounmpo
22017,203507,0021700343,2017-12-04,MIL @ BOS,L,39,14,24,0.583,0,1,0.0,12,14,0.857,1,8,9,4,0,0,4,5,40,-11,1,2017-18,Regular Season,203507,Giannis Antetokounmpo
22017,203507,0021700359,2017-12-06,MIL vs. DET,W,38,8,16,0.5,1,3,0.333,8,12,0.667,4,7,11,4,1,2,6,4,25,4,1,2017-18,Regular Season,203507,Giannis Antetokounmpo
22017,203507,0021700372,2017-12-08,MIL vs. DAL,W,43,8,19,0.421,0,0,0.0,11,12,0.917,2,9,11,3,2,2,4,5,27,18,1,2017-18,Regular Season,203507,Giannis Antetokounmpo
22017,203507,0021700381,2017-12-09,MIL vs. UTA,W,39,14,22,0.636,1,1,1.0,8,9,0.889,3,10,13,7,2,0,2,4,37,17,1,2017-18,Regular Season,203507,Giannis Antetokounmpo
22017,203507,0021700410,2017-12-13,MIL @ NOP,L,42,13,24,0.542,1,2,0.5,5,8,0.625,5,4,9,4,5,1,2,1,32,-7,1,2017-18,Regular Season,203507,Giannis Antetokounmpo
22017,203507,0021700426,2017-12-15,MIL vs. CHI,L,40,11,18,0.611,1,3,0.333,6,9,0.667,5,11,16,4,0,1,1,1,29,1,2,2017-18,Regular Season,203507,Giannis Antetokounmpo
22017,203507,0021700433,2017-12-16,MIL @ HOU,L,42,10,22,0.455,0,3,0.0,8,10,0.8,2,7,9,5,4,0,3,2,28,-5,1,2017-18,Regular Season,203507,Giannis Antetokounmpo
22017,203507,0021700453,2017-12-19,MIL vs. CLE,W,40,8,14,0.571,0,0,0.0,11,12,0.917,1,12,13,8,2,0,3,1,27,3,1,2017-18,Regular Season,203507,Giannis Antetokounmpo
22017,203507,0021700476,2017-12-22,MIL vs. CHA,W,37,9,20,0.45,1,3,0.333,7,8,0.875,1,6,7,5,1,0,0,3,26,20,1,2017-18,Regular Season,203507,Giannis Antetokounmpo
22017,203507,0021700501,2017-12-26,MIL vs. CHI,L,37,11,17,0.647,1,4,0.25,5,6,0.833,1,6,7,4,1,1,4,3,28,2,1,2017-18,Regular Season,203507,Giannis Antetokounmpo
22017,203507,0021700518,2017-12-28,MIL vs. MIN,W,40,11,20,0.55,0,1,0.0,0,0,0.0,3,7,10,3,0,0,4,2,22,9,1,2017-18,Regular Season,203507,Giannis Antetokounmpo
22017,203507,0021700526,2017-12-29,MIL @ OKC,W,40,10,16,0.625,0,0,0.0,3,4,0.75,6,6,12,6,1,1,5,0,23,1,1,2017-18,Regular Season,203507,Giannis Antetokounmpo
22017,203507,0021700546,2018-01-01,MIL @ TOR,L,42,9,18,0.5,1,3,0.333,7,9,0.778,2,7,9,7,0,0,0,4,26,-6,1,2017-18,Regular Season,203507,Giannis Antetokounmpo
22017,203507,0021700561,2018-01-03,MIL vs. IND,W,29,12,18,0.667,0,1,0.0,7,8,0.875,3,6,9,5,1,2,2,1,31,15,1,2017-18,Regular Season,203507,Giannis Antetokounmpo
22017,203507,0021700571,2018-01-05,MIL vs. TOR,L,34,9,14,0.643,0,0,0.0,6,9,0.667,1,4,5,5,2,0,2,1,24,-16,1,2017-18,Regular Season,203507,Giannis Antetokounmpo
22017,203507,0021700583,2018-01-06,MIL @ WAS,W,41,12,17,0.706,1,1,1.0,9,10,0.9,2,10,12,7,2,1,3,5,34,14,1,2017-18,Regular Season,203507,Giannis Antetokounmpo
22017,203507,0021700591,2018-01-08,MIL @ IND,L,32,3,8,0.375,0,1,0.0,11,14,0.786,1,6,7,3,2,1,4,1,17,-19,1,2017-18,Regular Season,203507,Giannis Antetokounmpo
22017,203507,0021700610,2018-01-10,MIL vs. ORL,W,34,10,15,0.667,0,0,0.0,6,10,0.6,3,4,7,1,0,1,2,2,26,22,1,2017-18,Regular Season,203507,Giannis Antetokounmpo
22017,203507,0021700622,2018-01-12,MIL vs. GSW,L,36,10,19,0.526,0,3,0.0,3,3,1.0,2,5,7,4,0,1,3,5,23,-15,1,2017-18,Regular Season,203507,Giannis Antetokounmpo
22017,203507,0021700634,2018-01-14,MIL @ MIA,L,31,6,12,0.5,0,0,0.0,10,10,1.0,1,5,6,1,1,0,2,4,22,-20,1,2017-18,Regular Season,203507,Giannis Antetokounmpo
22017,203507,0021700640,2018-01-15,MIL @ WAS,W,39,9,23,0.391,0,0,0.0,9,15,0.6,7,13,20,6,0,2,3,4,27,16,1,2017-18,Regular Season,203507,Giannis Antetokounmpo
22017,203507,0021700659,2018-01-17,MIL vs. MIA,L,38,6,15,0.4,2,3,0.667,8,15,0.533,2,8,10,6,2,2,1,3,22,-9,1,2017-18,Regular Season,203507,Giannis Antetokounmpo
22017,203507,0021700719,2018-01-26,MIL vs. BKN,W,33,14,20,0.7,3,3,1.0,10,11,0.909,2,11,13,7,2,2,1,2,41,19,1,2017-18,Regular Season,203507,Giannis Antetokounmpo
22017,203507,0021700731,2018-01-28,MIL @ CHI,W,35,11,19,0.579,0,0,0.0,5,10,0.5,3,6,9,8,1,1,4,2,27,8,1,2017-18,Regular Season,203507,Giannis Antetokounmpo
22017,203507,0021700741,2018-01-29,MIL vs. PHI,W,36,10,22,0.455,1,5,0.2,10,10,1.0,3,15,18,6,0,1,4,4,31,15,1,2017-18,Regular Season,203507,Giannis Antetokounmpo
22017,203507,0021700763,2018-02-01,MIL @ MIN,L,36,6,14,0.429,0,1,0.0,5,9,0.556,1,13,14,6,0,0,5,2,17,-5,1,2017-18,Regular Season,203507,Giannis Antetokounmpo
22017,203507,0021700771,2018-02-02,MIL vs. NYK,W,37,10,21,0.476,1,3,0.333,8,12,0.667,0,11,11,2,3,2,2,2,29,3,1,2017-18,Regular Season,203507,Giannis Antetokounmpo
22017,203507,0021700785,2018-02-04,MIL @ BKN,W,28,7,13,0.538,1,2,0.5,1,1,1.0,1,7,8,4,0,1,2,0,16,16,1,2017-18,Regular Season,203507,Giannis Antetokounmpo
22017,203507,0021700801,2018-02-06,MIL @ NYK,W,35,10,23,0.435,0,0,0.0,3,6,0.5,1,10,11,6,1,2,3,3,23,11,1,2017-18,Regular Season,203507,Giannis Antetokounmpo
22017,203507,0021700821,2018-02-09,MIL @ MIA,L,40,8,21,0.381,1,4,0.25,6,7,0.857,0,11,11,3,1,2,5,4,23,4,1,2017-18,Regular Season,203507,Giannis Antetokounmpo
22017,203507,0021700827,2018-02-10,MIL @ ORL,W,38,14,24,0.583,0,1,0.0,4,7,0.571,1,4,5,5,1,2,3,2,32,11,1,2017-18,Regular Season,203507,Giannis Antetokounmpo
22017,203507,0021700848,2018-02-13,MIL vs. ATL,W,34,7,16,0.438,0,4,0.0,1,2,0.5,3,12,15,3,1,2,1,5,15,4,1,2017-18,Regular Season,203507,Giannis Antetokounmpo
22017,203507,0021700865,2018-02-15,MIL vs. DEN,L,39,14,21,0.667,1,2,0.5,7,12,0.583,3,8,11,13,0,3,6,2,36,-3,1,2017-18,Regular Season,203507,Giannis Antetokounmpo
22017,203507,0021700876,2018-02-23,MIL @ TOR,W,45,11,22,0.5,0,1,0.0,4,4,1.0,3,9,12,6,2,1,3,2,26,10,1,2017-18,Regular Season,203507,Giannis Antetokounmpo
22017,203507,0021700893,2018-02-25,MIL vs. NOP,L,40,6,18,0.333,0,2,0.0,8,10,0.8,1,3,4,6,2,0,0,5,20,-3,1,2017-18,Regular Season,203507,Giannis Antetokounmpo
22017,203507,0021700910,2018-02-27,MIL vs. WAS,L,39,8,16,0.5,1,1,1.0,6,8,0.75,2,11,13,8,3,6,5,5,23,-1,1,2017-18,Regular Season,203507,Giannis Antetokounmpo
22017,203507,0021700913,2018-02-28,MIL @ DET,L,30,5,13,0.385,1,3,0.333,0,0,0.0,0,3,3,2,0,0,4,3,11,-13,2,2017-18,Regular Season,203507,Giannis Antetokounmpo
22017,203507,0021700932,2018-03-02,MIL vs. IND,L,43,6,18,0.333,2,4,0.5,10,12,0.833,2,8,10,3,2,3,4,4,24,-10,1,2017-18,Regular Season,203507,Giannis Antetokounmpo
22017,203507,0021700947,2018-03-04,MIL vs. PHI,W,42,14,23,0.609,1,1,1.0,6,10,0.6,3,6,9,7,2,1,4,3,35,0,1,2017-18,Regular Season,203507,Giannis Antetokounmpo
22017,203507,0021700951,2018-03-05,MIL @ IND,L,37,7,16,0.438,0,2,0.0,4,5,0.8,2,10,12,2,2,5,2,1,18,2,1,2017-18,Regular Season,203507,Giannis Antetokounmpo
22017,203507,0021700968,2018-03-07,MIL vs. HOU,L,38,12,20,0.6,0,0,0.0,6,9,0.667,2,5,7,1,1,2,6,4,30,-11,1,2017-18,Regular Season,203507,Giannis Antetokounmpo
22017,203507,0021700981,2018-03-09,MIL vs. NYK,W,35,7,15,0.467,0,0,0.0,14,18,0.778,2,8,10,5,2,2,1,2,28,19,1,2017-18,Regular Season,203507,Giannis Antetokounmpo
22017,203507,0021701002,2018-03-12,MIL @ MEM,W,28,7,14,0.5,1,3,0.333,5,7,0.714,1,5,6,4,0,1,6,5,20,3,1,2017-18,Regular Season,203507,Giannis Antetokounmpo
22017,203507,0021701016,2018-03-14,MIL @ ORL,L,40,16,29,0.552,1,3,0.333,5,5,1.0,1,9,10,7,3,0,2,4,38,10,1,2017-18,Regular Season,203507,Giannis Antetokounmpo
22017,203507,0021701041,2018-03-17,MIL vs. ATL,W,39,12,25,0.48,2,6,0.333,7,8,0.875,4,8,12,7,4,2,2,5,33,2,1,2017-18,Regular Season,203507,Giannis Antetokounmpo
22017,203507,0021701050,2018-03-19,MIL @ CLE,L,39,13,20,0.65,0,2,0.0,11,11,1.0,3,8,11,5,1,0,2,4,37,-1,1,2017-18,Regular Season,203507,Giannis Antetokounmpo
22017,203507,0021701070,2018-03-21,MIL vs. LAC,L,17,5,9,0.556,0,1,0.0,2,3,0.667,0,2,2,2,1,3,4,1,12,-5,1,2017-18,Regular Season,203507,Giannis Antetokounmpo
22017,203507,0021701095,2018-03-25,MIL vs. SAS,W,38,9,16,0.563,3,4,0.75,4,5,0.8,2,8,10,3,1,0,3,3,25,6,1,2017-18,Regular Season,203507,Giannis Antetokounmpo
22017,203507,0021701115,2018-03-27,MIL @ LAC,L,40,10,16,0.625,1,2,0.5,5,9,0.556,2,7,9,7,0,5,4,0,26,-4,1,2017-18,Regular Season,203507,Giannis Antetokounmpo
22017,203507,0021701128,2018-03-29,MIL @ GSW,W,35,14,18,0.778,2,3,0.667,2,2,1.0,1,3,4,5,2,0,1,3,32,23,1,2017-18,Regular Season,203507,Giannis Antetokounmpo
22017,203507,0021701136,2018-03-30,MIL @ LAL,W,43,8,20,0.4,0,0,0.0,11,15,0.733,6,10,16,4,0,1,4,5,27,-16,1,2017-18,Regular Season,203507,Giannis Antetokounmpo
22017,203507,0021701152,2018-04-01,MIL @ DEN,L,33,7,13,0.538,1,2,0.5,3,6,0.5,2,10,12,6,1,0,4,6,18,8,1,2017-18,Regular Season,203507,Giannis Antetokounmpo
22017,203507,0021701162,2018-04-03,MIL vs. BOS,W,36,11,22,0.5,0,3,0.0,7,8,0.875,1,10,11,6,1,2,5,3,29,-11,1,2017-18,Regular Season,203507,Giannis Antetokounmpo
22017,203507,0021701178,2018-04-05,MIL vs. BKN,L,36,7,21,0.333,0,3,0.0,5,5,1.0,0,10,10,7,4,1,1,2,19,-11,1,2017-18,Regular Season,203507,Giannis Antetokounmpo
22017,203507,0021701223,2018-04-11,MIL @ PHI,L,22,5,14,0.357,0,1,0.0,0,0,0.0,1,9,10,3,0,0,5,2,10,-26,1,2017-18,Regular Season,203507,Giannis Antetokounmpo
42017,203507,0041700111,2018-04-15,MIL @ BOS,L,45,11,21,0.524,0,1,0.0,13,16,0.813,2,11,13,7,3,0,4,6,35,-5,1,2017-18,Playoffs,203507,Giannis Antetokounmpo
42017,203507,0041700112,2018-04-17,MIL @ BOS,L,43,13,17,0.765,0,1,0.0,4,9,0.444,1,8,9,8,1,1,3,3,30,-13,1,2017-18,Playoffs,203507,Giannis Antetokounmpo
42017,203507,0041700113,2018-04-20,MIL vs. BOS,W,27,8,13,0.615,3,4,0.75,0,0,0.0,0,5,5,6,2,2,2,5,19,16,1,2017-18,Playoffs,203507,Giannis Antetokounmpo
42017,203507,0041700114,2018-04-22,MIL vs. BOS,W,40,12,20,0.6,0,2,0.0,3,6,0.5,2,5,7,5,0,0,2,4,27,-8,1,2017-18,Playoffs,203507,Giannis Antetokounmpo
42017,203507,0041700115,2018-04-24,MIL @ BOS,L,41,5,10,0.5,0,0,0.0,6,9,0.667,0,10,10,9,2,2,2,4,16,-2,1,2017-18,Playoffs,203507,Giannis Antetokounmpo
42017,203507,0041700116,2018-04-26,MIL vs. BOS,W,41,13,23,0.565,0,2,0.0,5,8,0.625,1,13,14,4,1,0,0,1,31,17,1,2017-18,Playoffs,203507,Giannis Antetokounmpo
42017,203507,0041700117,2018-04-28,MIL @ BOS,L,42,7,17,0.412,1,4,0.25,7,7,1.0,2,7,9,5,1,1,4,5,22,-16,1,2017-18,Playoffs,203507,Giannis Antetokounmpo
22017,1628369,0021700001,2017-10-17,BOS @ CLE,L,37,5,12,0.417,1,2,0.5,3,3,1.0,4,6,10,3,0,0,1,4,14,5,1,2017-18,Regular Season,1628369,Jayson Tatum
22017,1628369,0021700007,2017-10-18,BOS vs. MIL,L,37,3,7,0.429,0,1,0.0,2,5,0.4,2,7,9,2,1,0,2,3,8,-15,1,2017-18,Regular Season,1628369,Jayson Tatum
22017,1628369,0021700019,2017-10-20,BOS @ PHI,W,33,3,8,0.375,0,2,0.0,9,9,1.0,2,6,8,0,0,3,3,3,15,-4,1,2017-18,Regular Season,1628369,Jayson Tatum
22017,1628369,0021700051,2017-10-24,BOS vs. NYK,W,31,9,15,0.6,4,6,0.667,0,0,0.0,1,3,4,2,4,2,3,4,22,10,2,2017-18,Regular Season,1628369,Jayson Tatum
22017,1628369,0021700067,2017-10-26,BOS @ MIL,W,28,3,6,0.5,1,3,0.333,5,5,1.0,0,2,2,3,1,0,2,1,12,8,1,2017-18,Regular Season,1628369,Jayson Tatum
22017,1628369,0021700078,2017-10-28,BOS @ MIA,W,31,6,9,0.667,2,2,1.0,6,7,0.857,2,3,5,0,0,0,0,1,20,2,1,2017-18,Regular Season,1628369,Jayson Tatum
22017,1628369,0021700092,2017-10-30,BOS vs. SAS,W,35,2,7,0.286,2,4,0.5,1,2,0.5,0,11,11,2,0,3,2,3,7,10,1,2017-18,Regular Season,1628369,Jayson Tatum
22017,1628369,0021700109,2017-11-01,BOS vs. SAC,W,26,4,7,0.571,1,2,0.5,3,4,0.75,1,3,4,2,0,0,2,1,12,23,2,2017-18,Regular Season,1628369,Jayson Tatum
22017,1628369,0021700129,2017-11-03,BOS @ OKC,W,30,4,10,0.4,2,3,0.667,3,4,0.75,2,4,6,3,0,0,4,1,13,4,1,2017-18,Regular Season,1628369,Jayson Tatum
22017,1628369,0021700138,2017-11-05,BOS @ ORL,W,27,5,8,0.625,2,4,0.5,1,2,0.5,0,4,4,3,1,0,0,4,13,6,1,2017-18,Regular Season,1628369,Jayson Tatum
22017,1628369,0021700146,2017-11-06,BOS @ ATL,W,32,7,13,0.538,3,5,0.6,4,4,1.0,0,8,8,1,1,2,0,1,21,15,1,2017-18,Regular Season,1628369,Jayson Tatum
22017,1628369,0021700161,2017-11-08,BOS vs. LAL,W,9,1,2,0.5,0,0,0.0,3,3,1.0,0,1,1,1,1,1,1,1,5,-1,1,2017-18,Regular Season,1628369,Jayson Tatum
22017,1628369,0021700170,2017-11-10,BOS vs. CHA,W,31,6,12,0.5,1,4,0.25,3,4,0.75,0,2,2,1,0,0,2,4,16,5,1,2017-18,Regular Season,1628369,Jayson Tatum
22017,1628369,0021700188,2017-11-12,BOS vs. TOR,W,33,6,15,0.4,1,4,0.25,0,0,0.0,1,6,7,0,0,0,2,3,13,2,1,2017-18,Regular Season,1628369,Jayson Tatum
22017,1628369,0021700201,2017-11-14,BOS @ BKN,W,30,6,9,0.667,2,3,0.667,5,6,0.833,1,3,4,0,3,1,1,1,19,5,1,2017-18,Regular Season,1628369,Jayson Tatum
22017,1628369,0021700215,2017-11-16,BOS vs. GSW,W,27,2,5,0.4,0,0,0.0,8,9,0.889,1,3,4,0,1,0,1,3,12,-18,1,2017-18,Regular Season,1628369,Jayson Tatum
22017,1628369,0021700230,2017-11-18,BOS @ ATL,W,29,5,11,0.455,1,3,0.333,3,3,1.0,0,7,7,0,4,2,1,3,14,-4,1,2017-18,Regular Season,1628369,Jayson Tatum
22017,1628369,0021700249,2017-11-20,BOS @ DAL,W,38,6,11,0.545,0,2,0.0,3,4,0.75,0,9,9,1,1,1,1,3,15,15,1,2017-18,Regular Season,1628369,Jayson Tatum
22017,1628369,0021700257,2017-11-22,BOS @ MIA,L,34,5,11,0.455,3,4,0.75,5,5,1.0,1,6,7,4,1,1,1,1,18,4,2,2017-18,Regular Season,1628369,Jayson Tatum
22017,1628369,0021700269,2017-11-24,BOS vs. ORL,W,22,4,7,0.571,3,4,0.75,0,0,0.0,1,1,2,0,1,2,0,1,11,13,1,2017-18,Regular Season,1628369,Jayson Tatum
22017,1628369,0021700281,2017-11-25,BOS @ IND,W,38,4,10,0.4,1,5,0.2,2,3,0.667,0,2,2,0,0,0,1,3,11,14,1,2017-18,Regular Season,1628369,Jayson Tatum
22017,1628369,0021700292,2017-11-27,BOS vs. DET,L,35,3,7,0.429,2,4,0.5,2,2,1.0,1,2,3,4,0,1,1,5,10,-13,1,2017-18,Regular Season,1628369,Jayson Tatum
22017,1628369,0021700314,2017-11-30,BOS vs. PHI,W,28,6,11,0.545,2,3,0.667,1,3,0.333,0,2,2,2,2,0,0,1,15,7,1,2017-18,Regular Season,1628369,Jayson Tatum
22017,1628369,0021700326,2017-12-02,BOS vs. PHX,W,27,6,8,0.75,1,1,1.0,2,2,1.0,1,5,6,2,2,2,1,2,15,8,1,2017-18,Regular Season,1628369,Jayson Tatum
22017,1628369,0021700343,2017-12-04,BOS vs. MIL,W,33,5,6,0.833,4,5,0.8,3,4,0.75,0,6,6,0,0,0,1,1,17,8,1,2017-18,Regular Season,1628369,Jayson Tatum
22017,1628369,0021700356,2017-12-06,BOS vs. DAL,W,33,5,11,0.455,2,3,0.667,5,6,0.833,1,9,10,0,1,0,0,2,17,16,1,2017-18,Regular Season,1628369,Jayson Tatum
22017,1628369,0021700374,2017-12-08,BOS @ SAS,L,36,6,11,0.545,2,4,0.5,6,6,1.0,0,8,8,0,2,0,0,0,20,-7,1,2017-18,Regular Season,1628369,Jayson Tatum
22017,1628369,0021700386,2017-12-10,BOS @ DET,W,30,4,7,0.571,3,5,0.6,0,0,0.0,0,4,4,0,0,1,1,1,11,12,1,2017-18,Regular Season,1628369,Jayson Tatum
22017,1628369,0021700391,2017-12-11,BOS @ CHI,L,29,1,7,0.143,0,4,0.0,2,4,0.5,1,9,10,1,1,1,0,3,4,-3,1,2017-18,Regular Season,1628369,Jayson Tatum
22017,1628369,0021700407,2017-12-13,BOS vs. DEN,W,28,6,9,0.667,1,1,1.0,2,3,0.667,0,4,4,2,0,1,1,1,15,4,1,2017-18,Regular Season,1628369,Jayson Tatum
22017,1628369,0021700423,2017-12-15,BOS vs. UTA,L,26,1,6,0.167,1,3,0.333,4,4,1.0,0,4,4,2,0,0,1,4,7,-7,1,2017-18,Regular Season,1628369,Jayson Tatum
22017,1628369,0021700436,2017-12-16,BOS @ MEM,W,34,7,13,0.538,2,2,1.0,3,3,1.0,6,4,10,1,2,2,0,1,19,21,1,2017-18,Regular Season,1628369,Jayson Tatum
22017,1628369,0021700442,2017-12-18,BOS @ IND,W,31,6,8,0.75,1,1,1.0,3,3,1.0,0,5,5,4,1,1,2,3,16,6,1,2017-18,Regular Season,1628369,Jayson Tatum
22017,1628369,0021700456,2017-12-20,BOS vs. MIA,L,28,4,9,0.444,0,2,0.0,3,4,0.75,0,7,7,2,0,1,1,2,11,3,1,2017-18,Regular Season,1628369,Jayson Tatum
22017,1628369,0021700468,2017-12-21,BOS @ NYK,L,34,6,10,0.6,2,6,0.333,3,4,0.75,1,2,3,0,2,0,3,1,17,-6,1,2017-18,Regular Season,1628369,Jayson Tatum
22017,1628369,0021700485,2017-12-23,BOS vs. CHI,W,33,6,13,0.462,1,3,0.333,0,0,0.0,0,7,7,5,1,0,0,2,13,23,1,2017-18,Regular Season,1628369,Jayson Tatum
22017,1628369,0021700495,2017-12-25,BOS vs. WAS,L,36,7,9,0.778,2,2,1.0,4,6,0.667,0,3,3,0,0,0,4,3,20,-8,1,2017-18,Regular Season,1628369,Jayson Tatum
22017,1628369,0021700506,2017-12-27,BOS @ CHA,W,35,6,12,0.5,0,3,0.0,6,6,1.0,0,5,5,0,2,2,2,3,18,10,1,2017-18,Regular Season,1628369,Jayson Tatum
22017,1628369,0021700517,2017-12-28,BOS vs. HOU,W,40,5,11,0.455,0,3,0.0,9,11,0.818,0,5,5,1,2,1,0,0,19,6,1,2017-18,Regular Season,1628369,Jayson Tatum
22017,1628369,0021700539,2017-12-31,BOS vs. BKN,W,33,2,7,0.286,1,3,0.333,4,6,0.667,0,4,4,0,0,0,4,3,9,-3,1,2017-18,Regular Season,1628369,Jayson Tatum
22017,1628369,0021700559,2018-01-03,BOS vs. CLE,W,30,6,14,0.429,1,3,0.333,2,2,1.0,0,5,5,2,0,0,0,1,15,21,1,2017-18,Regular Season,1628369,Jayson Tatum
22017,1628369,0021700570,2018-01-05,BOS vs. MIN,W,31,2,7,0.286,0,4,0.0,0,0,0.0,1,2,3,1,1,0,0,1,4,-11,1,2017-18,Regular Season,1628369,Jayson Tatum
22017,1628369,0021700579,2018-01-06,BOS @ BKN,W,32,6,15,0.4,2,2,1.0,0,0,0.0,2,4,6,0,3,6,1,2,14,10,1,2017-18,Regular Season,1628369,Jayson Tatum
22017,1628369,0021700614,2018-01-11,BOS @ PHI,W,24,7,13,0.538,1,3,0.333,1,2,0.5,1,3,4,2,0,0,1,3,16,-8,1,2017-18,Regular Season,1628369,Jayson Tatum
22017,1628369,0021700650,2018-01-16,BOS vs. NOP,L,27,3,6,0.5,2,4,0.5,2,2,1.0,0,5,5,2,0,1,3,1,10,-2,1,2017-18,Regular Season,1628369,Jayson Tatum
22017,1628369,0021700663,2018-01-18,BOS vs. PHI,L,37,4,11,0.364,1,3,0.333,2,4,0.5,0,4,4,0,2,2,2,3,11,-2,1,2017-18,Regular Season,1628369,Jayson Tatum
22017,1628369,0021700683,2018-01-21,BOS vs. ORL,L,31,4,11,0.364,1,4,0.25,0,0,0.0,3,7,10,1,1,1,2,2,9,3,2,2017-18,Regular Season,1628369,Jayson Tatum
22017,1628369,0021700700,2018-01-23,BOS @ LAL,L,31,1,6,0.167,1,3,0.333,1,2,0.5,0,5,5,0,0,0,3,4,4,-2,1,2017-18,Regular Season,1628369,Jayson Tatum
22017,1628369,0021700709,2018-01-24,BOS @ LAC,W,34,7,16,0.438,2,4,0.5,2,2,1.0,1,5,6,3,1,0,1,2,18,6,1,2017-18,Regular Season,1628369,Jayson Tatum
22017,1628369,0021700728,2018-01-27,BOS @ GSW,L,28,2,9,0.222,0,3,0.0,0,0,0.0,0,5,5,0,1,0,1,1,4,7,1,2017-18,Regular Season,1628369,Jayson Tatum
22017,1628369,0021700743,2018-01-29,BOS @ DEN,W,33,8,13,0.615,2,4,0.5,2,2,1.0,1,5,6,4,1,1,0,3,20,7,1,2017-18,Regular Season,1628369,Jayson Tatum
22017,1628369,0021700758,2018-01-31,BOS vs. NYK,W,31,7,15,0.467,1,4,0.25,0,0,0.0,0,3,3,1,0,0,0,0,15,29,1,2017-18,Regular Season,1628369,Jayson Tatum
22017,1628369,0021700767,2018-02-02,BOS vs. ATL,W,32,11,19,0.579,0,1,0.0,5,5,1.0,0,4,4,3,4,0,0,4,27,27,1,2017-18,Regular Season,1628369,Jayson Tatum
22017,1628369,0021700784,2018-02-04,BOS vs. POR,W,36,6,14,0.429,3,5,0.6,2,2,1.0,0,2,2,5,0,0,3,2,17,2,1,2017-18,Regular Season,1628369,Jayson Tatum
22017,1628369,0021700798,2018-02-06,BOS @ TOR,L,21,2,9,0.222,0,1,0.0,0,0,0.0,0,1,1,0,0,0,1,0,4,-16,1,2017-18,Regular Season,1628369,Jayson Tatum
22017,1628369,0021700813,2018-02-08,BOS @ WAS,W,36,3,9,0.333,0,3,0.0,5,7,0.714,0,2,2,1,2,0,3,2,11,13,1,2017-18,Regular Season,1628369,Jayson Tatum
22017,1628369,0021700820,2018-02-09,BOS vs. IND,L,36,6,11,0.545,0,0,0.0,3,3,1.0,0,3,3,1,0,4,2,2,15,-6,1,2017-18,Regular Season,1628369,Jayson Tatum
22017,1628369,0021700835,2018-02-11,BOS vs. CLE,L,27,4,11,0.364,1,2,0.5,0,0,0.0,1,1,2,1,1,0,2,3,9,-18,1,2017-18,Regular Season,1628369,Jayson Tatum
22017,1628369,0021700858,2018-02-14,BOS vs. LAC,L,32,4,13,0.308,1,4,0.25,1,1,1.0,0,4,4,2,0,0,0,2,10,-1,1,2017-18,Regular Season,1628369,Jayson Tatum
22017,1628369,0021700873,2018-02-23,BOS @ DET,W,21,6,9,0.667,2,3,0.667,1,1,1.0,0,1,1,0,0,1,1,2,15,-2,1,2017-18,Regular Season,1628369,Jayson Tatum
22017,1628369,0021700886,2018-02-24,BOS @ NYK,W,26,3,9,0.333,0,1,0.0,5,5,1.0,1,4,5,4,4,1,2,1,11,21,1,2017-18,Regular Season,1628369,Jayson Tatum
22017,1628369,0021700898,2018-02-26,BOS vs. MEM,W,26,2,8,0.25,1,2,0.5,0,0,0.0,0,3,3,1,0,1,0,2,5,-3,1,2017-18,Regular Season,1628369,Jayson Tatum
22017,1628369,0021700916,2018-02-28,BOS vs. CHA,W,21,3,6,0.5,1,1,1.0,0,0,0.0,0,3,3,0,0,1,1,1,7,18,2,2017-18,Regular Season,1628369,Jayson Tatum
22017,1628369,0021700939,2018-03-03,BOS @ HOU,L,28,4,7,0.571,2,2,1.0,2,2,1.0,0,4,4,3,0,0,0,1,12,0,1,2017-18,Regular Season,1628369,Jayson Tatum
22017,1628369,0021700953,2018-03-05,BOS @ CHI,W,20,5,12,0.417,2,6,0.333,2,2,1.0,0,5,5,2,0,1,0,2,14,25,1,2017-18,Regular Season,1628369,Jayson Tatum
22017,1628369,0021700974,2018-03-08,BOS @ MIN,W,22,4,8,0.5,1,4,0.25,3,4,0.75,1,4,5,0,0,0,1,3,12,-11,1,2017-18,Regular Season,1628369,Jayson Tatum
22017,1628369,0021700998,2018-03-11,BOS vs. IND,L,34,5,11,0.455,2,4,0.5,7,8,0.875,0,5,5,3,1,2,2,3,19,-4,1,2017-18,Regular Season,1628369,Jayson Tatum
22017,1628369,0021701017,2018-03-14,BOS vs. WAS,L,46,9,23,0.391,0,2,0.0,1,3,0.333,0,5,5,6,0,0,2,2,19,14,1,2017-18,Regular Season,1628369,Jayson Tatum
22017,1628369,0021701029,2018-03-16,BOS @ ORL,W,30,3,8,0.375,1,5,0.2,1,2,0.5,2,6,8,0,0,1,5,4,8,16,1,2017-18,Regular Season,1628369,Jayson Tatum
22017,1628369,0021701047,2018-03-18,BOS @ NOP,L,27,9,14,0.643,2,3,0.667,3,5,0.6,0,5,5,1,2,0,2,3,23,-10,1,2017-18,Regular Season,1628369,Jayson Tatum
22017,1628369,0021701059,2018-03-20,BOS vs. OKC,W,35,8,12,0.667,3,6,0.5,4,4,1.0,2,9,11,4,1,1,1,3,23,23,1,2017-18,Regular Season,1628369,Jayson Tatum
22017,1628369,0021701086,2018-03-23,BOS @ POR,W,32,4,11,0.364,0,0,0.0,5,6,0.833,2,4,6,4,2,0,3,3,13,8,1,2017-18,Regular Season,1628369,Jayson Tatum
22017,1628369,0021701099,2018-03-25,BOS @ SAC,W,28,6,10,0.6,0,2,0.0,0,0,0.0,0,7,7,1,2,0,3,1,12,3,1,2017-18,Regular Season,1628369,Jayson Tatum
22017,1628369,0021701107,2018-03-26,BOS @ PHX,W,32,10,18,0.556,2,4,0.5,1,1,1.0,0,6,6,0,2,0,4,4,23,7,1,2017-18,Regular Season,1628369,Jayson Tatum
22017,1628369,0021701121,2018-03-28,BOS @ UTA,W,32,6,15,0.4,2,3,0.667,2,2,1.0,0,2,2,3,2,2,3,1,16,0,1,2017-18,Regular Season,1628369,Jayson Tatum
22017,1628369,0021701140,2018-03-31,BOS vs. TOR,W,33,9,16,0.563,2,2,1.0,4,4,1.0,0,6,6,4,0,0,0,2,24,7,1,2017-18,Regular Season,1628369,Jayson Tatum
22017,1628369,0021701162,2018-04-03,BOS @ MIL,L,33,5,13,0.385,3,8,0.375,7,8,0.875,0,2,2,2,3,1,3,0,20,11,1,2017-18,Regular Season,1628369,Jayson Tatum
22017,1628369,0021701171,2018-04-04,BOS @ TOR,L,28,4,10,0.4,0,2,0.0,0,0,0.0,0,4,4,3,1,0,2,1,8,-11,1,2017-18,Regular Season,1628369,Jayson Tatum
22017,1628369,0021701202,2018-04-08,BOS vs. ATL,L,29,8,12,0.667,1,1,1.0,2,3,0.667,2,2,4,2,4,0,0,5,19,6,1,2017-18,Regular Season,1628369,Jayson Tatum
22017,1628369,0021701215,2018-04-10,BOS @ WAS,L,26,3,11,0.273,2,3,0.667,4,5,0.8,0,3,3,2,4,0,2,1,12,-11,1,2017-18,Regular Season,1628369,Jayson Tatum
42017,1628369,0041700111,2018-04-15,BOS vs. MIL,W,44,8,18,0.444,1,3,0.333,2,2,1.0,2,8,10,4,3,1,5,0,19,9,1,2017-18,Playoffs,1628369,Jayson Tatum
42017,1628369,0041700112,2018-04-17,BOS vs. MIL,W,30,2,9,0.222,0,2,0.0,0,0,0.0,0,7,7,3,4,1,1,3,4,11,1,2017-18,Playoffs,1628369,Jayson Tatum
42017,1628369,0041700113,2018-04-20,BOS @ MIL,L,27,5,11,0.455,1,3,0.333,3,5,0.6,1,4,5,0,0,1,0,0,14,-17,1,2017-18,Playoffs,1628369,Jayson Tatum
42017,1628369,0041700114,2018-04-22,BOS @ MIL,L,36,7,16,0.438,2,5,0.4,5,6,0.833,2,1,3,3,2,0,1,4,21,0,1,2017-18,Playoffs,1628369,Jayson Tatum
42017,1628369,0041700115,2018-04-24,BOS vs. MIL,W,25,2,7,0.286,1,3,0.333,3,3,1.0,0,3,3,4,0,0,0,3,8,0,1,2017-18,Playoffs,1628369,Jayson Tatum
42017,1628369,0041700116,2018-04-26,BOS @ MIL,L,32,6,14,0.429,2,6,0.333,8,9,0.889,0,3,3,3,2,0,3,3,22,-7,1,2017-18,Playoffs,1628369,Jayson Tatum
42017,1628369,0041700117,2018-04-28,BOS vs. MIL,W,39,7,17,0.412,1,4,0.25,5,5,1.0,0,6,6,5,0,1,1,1,20,24,1,2017-18,Playoffs,1628369,Jayson Tatum
42017,1628369,0041700211,2018-04-30,BOS vs. PHI,W,40,8,16,0.5,1,5,0.2,11,12,0.917,0,3,3,2,0,1,4,1,28,18,1,2017-18,Playoffs,1628369,Jayson Tatum
42017,1628369,0041700212,2018-05-03,BOS vs. PHI,W,33,7,14,0.5,2,4,0.5,5,6,0.833,0,2,2,2,1,1,2,2,21,-7,2,2017-18,Playoffs,1628369,Jayson Tatum
42017,1628369,0041700213,2018-05-05,BOS @ PHI,W,41,11,17,0.647,1,4,0.25,1,4,0.25,1,4,5,4,1,0,4,3,24,24,1,2017-18,Playoffs,1628369,Jayson Tatum
42017,1628369,0041700214,2018-05-07,BOS @ PHI,L,36,7,16,0.438,2,6,0.333,4,4,1.0,1,3,4,4,0,1,3,3,20,-1,1,2017-18,Playoffs,1628369,Jayson Tatum
42017,1628369,0041700215,2018-05-09,BOS vs. PHI,W,39,8,15,0.533,0,0,0.0,9,11,0.818,1,2,3,4,1,0,2,4,25,4,1,2017-18,Playoffs,1628369,Jayson Tatum
42017,1628369,0041700301,2018-05-13,BOS vs. CLE,W,37,6,11,0.545,2,5,0.4,2,2,1.0,1,5,6,3,2,0,2,3,16,27,1,2017-18,Playoffs,1628369,Jayson Tatum
42017,1628369,0041700302,2018-05-15,BOS vs. CLE,W,32,5,12,0.417,1,3,0.333,0,0,0.0,0,3,3,2,1,0,2,3,11,1,1,2017-18,Playoffs,1628369,Jayson Tatum
42017,1628369,0041700303,2018-05-19,BOS @ CLE,L,31,6,10,0.6,0,1,0.0,6,8,0.75,0,1,1,1,0,1,1,2,18,-11,1,2017-18,Playoffs,1628369,Jayson Tatum
42017,1628369,0041700304,2018-05-21,BOS @ CLE,L,38,5,13,0.385,0,1,0.0,7,8,0.875,1,1,2,1,0,0,2,3,17,-14,1,2017-18,Playoffs,1628369,Jayson Tatum
42017,1628369,0041700305,2018-05-23,BOS vs. CLE,W,41,7,15,0.467,3,7,0.429,7,8,0.875,0,7,7,4,4,2,2,3,24,19,1,2017-18,Playoffs,1628369,Jayson Tatum
42017,1628369,0041700306,2018-05-25,BOS @ CLE,L,39,7,13,0.538,1,3,0.333,0,0,0.0,0,3,3,2,1,0,2,3,15,-8,1,2017-18,Playoffs,1628369,Jayson Tatum
42017,1628369,0041700307,2018-05-27,BOS vs. CLE,L,42,9,17,0.529,2,6,0.333,4,4,1.0,0,7,7,1,1,0,4,6,24,-17,1,2017-18,Playoffs,1628369,Jayson Tatum
22017,203954,0021700006,2017-10-18,PHI @ WAS,L,27,7,15,0.467,0,4,0.0,4,4,1.0,1,12,13,3,0,1,4,2,18,1,1,2017-18,Regular Season,203954,Joel Embiid
22017,203954,0021700019,2017-10-20,PHI vs. BOS,L,28,4,16,0.25,0,6,0.0,3,3,1.0,2,12,14,3,1,2,3,1,11,-4,1,2017-18,Regular Season,203954,Joel Embiid
22017,203954,0021700041,2017-10-23,PHI @ DET,W,28,11,15,0.733,1,1,1.0,7,8,0.875,0,9,9,0,2,0,7,5,30,21,1,2017-18,Regular Season,203954,Joel Embiid
22017,203954,0021700057,2017-10-25,PHI vs. HOU,L,25,8,13,0.615,1,2,0.5,4,5,0.8,0,6,6,3,1,2,3,3,21,-1,1,2017-18,Regular Season,203954,Joel Embiid
22017,203954,0021700081,2017-10-28,PHI @ DAL,W,29,8,19,0.421,3,7,0.429,4,6,0.667,3,6,9,4,0,0,7,4,23,-4,1,2017-18,Regular Season,203954,Joel Embiid
22017,203954,0021700095,2017-10-30,PHI @ HOU,W,25,9,12,0.75,0,1,0.0,4,6,0.667,2,7,9,5,2,1,3,5,22,17,1,2017-18,Regular Season,203954,Joel Embiid
22017,203954,0021700107,2017-11-01,PHI vs. ATL,W,30,9,16,0.563,1,3,0.333,2,5,0.4,2,10,12,6,3,3,2,4,21,2,2,2017-18,Regular Season,203954,Joel Embiid
22017,203954,0021700121,2017-11-03,PHI vs. IND,W,28,7,15,0.467,0,1,0.0,4,5,0.8,2,7,9,5,2,2,6,4,18,12,1,2017-18,Regular Season,203954,Joel Embiid
22017,203954,0021700167,2017-11-09,PHI @ SAC,L,32,7,20,0.35,1,4,0.25,7,8,0.875,3,12,15,2,0,3,5,3,22,9,1,2017-18,Regular Season,203954,Joel Embiid
22017,203954,0021700184,2017-11-11,PHI @ GSW,L,25,4,11,0.364,0,1,0.0,4,4,1.0,3,4,7,2,1,1,7,2,12,-9,1,2017-18,Regular Season,203954,Joel Embiid
22017,203954,0021700200,2017-11-13,PHI @ LAC,W,36,11,20,0.55,1,5,0.2,9,16,0.563,2,14,16,2,0,1,4,4,32,23,1,2017-18,Regular Season,203954,Joel Embiid
22017,203954,0021700214,2017-11-15,PHI @ LAL,W,34,14,20,0.7,2,3,0.667,16,19,0.842,2,13,15,7,0,7,2,4,46,19,1,2017-18,Regular Season,203954,Joel Embiid
22017,203954,0021700231,2017-11-18,PHI vs. GSW,L,33,7,16,0.438,1,4,0.25,6,8,0.75,2,6,8,3,0,1,5,4,21,-10,1,2017-18,Regular Season,203954,Joel Embiid
22017,203954,0021700244,2017-11-20,PHI vs. UTA,W,27,7,17,0.412,0,3,0.0,1,4,0.25,2,9,11,3,0,2,2,2,15,16,1,2017-18,Regular Season,203954,Joel Embiid
22017,203954,0021700255,2017-11-22,PHI vs. POR,W,30,11,19,0.579,1,3,0.333,5,5,1.0,3,9,12,1,0,2,4,5,28,9,1,2017-18,Regular Season,203954,Joel Embiid
22017,203954,0021700278,2017-11-25,PHI vs. ORL,W,29,7,17,0.412,1,1,1.0,3,4,0.75,4,10,14,6,0,0,5,3,18,14,1,2017-18,Regular Season,203954,Joel Embiid
22017,203954,0021700291,2017-11-27,PHI vs. CLE,L,33,11,24,0.458,0,2,0.0,8,9,0.889,5,6,11,0,0,0,1,4,30,-23,1,2017-18,Regular Season,203954,Joel Embiid
22017,203954,0021700305,2017-11-29,PHI vs. WAS,W,32,6,15,0.4,0,0,0.0,13,18,0.722,7,7,14,4,1,4,3,6,25,3,1,2017-18,Regular Season,203954,Joel Embiid
22017,203954,0021700330,2017-12-02,PHI vs. DET,W,32,7,21,0.333,0,3,0.0,11,12,0.917,5,5,10,0,1,0,6,4,25,1,1,2017-18,Regular Season,203954,Joel Embiid
22017,203954,0021700341,2017-12-04,PHI vs. PHX,L,34,7,18,0.389,0,0,0.0,8,8,1.0,2,10,12,2,0,4,0,1,22,-11,1,2017-18,Regular Season,203954,Joel Embiid
22017,203954,0021700363,2017-12-07,PHI vs. LAL,L,36,11,17,0.647,2,3,0.667,9,10,0.9,1,6,7,6,1,5,4,5,33,14,1,2017-18,Regular Season,203954,Joel Embiid
22017,203954,0021700401,2017-12-12,PHI @ MIN,W,39,8,16,0.5,1,1,1.0,11,12,0.917,1,11,12,8,0,1,2,5,28,19,1,2017-18,Regular Season,203954,Joel Embiid
22017,203954,0021700421,2017-12-15,PHI vs. OKC,L,49,11,20,0.55,0,3,0.0,12,13,0.923,0,8,8,6,0,2,7,3,34,6,1,2017-18,Regular Season,203954,Joel Embiid
22017,203954,0021700480,2017-12-23,PHI @ TOR,L,23,5,13,0.385,1,4,0.25,3,4,0.75,0,8,8,2,0,3,5,2,14,-19,1,2017-18,Regular Season,203954,Joel Embiid
22017,203954,0021700493,2017-12-25,PHI @ NYK,W,34,8,17,0.471,2,3,0.667,7,8,0.875,3,13,16,3,0,3,6,3,25,25,1,2017-18,Regular Season,203954,Joel Embiid
22017,203954,0021700520,2017-12-28,PHI @ POR,L,35,9,21,0.429,6,12,0.5,5,8,0.625,1,8,9,3,0,1,4,4,29,0,1,2017-18,Regular Season,203954,Joel Embiid
22017,203954,0021700544,2017-12-31,PHI @ PHX,W,31,8,14,0.571,0,3,0.0,6,8,0.75,1,8,9,5,1,2,7,5,22,32,1,2017-18,Regular Season,203954,Joel Embiid
22017,203954,0021700555,2018-01-03,PHI vs. SAS,W,35,6,12,0.5,0,2,0.0,9,11,0.818,2,9,11,4,1,4,3,3,21,16,1,2017-18,Regular Season,203954,Joel Embiid
22017,203954,0021700569,2018-01-05,PHI vs. DET,W,25,9,16,0.563,1,2,0.5,4,5,0.8,2,7,9,0,0,1,1,3,23,26,1,2017-18,Regular Season,203954,Joel Embiid
22017,203954,0021700614,2018-01-11,PHI vs. BOS,L,31,6,17,0.353,1,5,0.2,2,3,0.667,0,10,10,5,2,1,4,2,15,-7,1,2017-18,Regular Season,203954,Joel Embiid
22017,203954,0021700639,2018-01-15,PHI vs. TOR,W,35,11,21,0.524,1,5,0.2,11,14,0.786,5,6,11,3,0,1,7,4,34,-2,1,2017-18,Regular Season,203954,Joel Embiid
22017,203954,0021700663,2018-01-18,PHI @ BOS,W,35,10,19,0.526,0,1,0.0,6,7,0.857,3,13,16,6,1,2,4,4,26,10,1,2017-18,Regular Season,203954,Joel Embiid
22017,203954,0021700678,2018-01-20,PHI vs. MIL,W,32,11,19,0.579,2,5,0.4,5,6,0.833,0,9,9,1,1,2,5,2,29,16,1,2017-18,Regular Season,203954,Joel Embiid
22017,203954,0021700690,2018-01-22,PHI @ MEM,L,32,5,13,0.385,0,2,0.0,5,9,0.556,5,9,14,1,0,0,4,4,15,-5,1,2017-18,Regular Season,203954,Joel Embiid
22017,203954,0021700704,2018-01-24,PHI vs. CHI,W,32,10,17,0.588,1,2,0.5,1,1,1.0,0,5,5,3,0,2,3,3,22,9,1,2017-18,Regular Season,203954,Joel Embiid
22017,203954,0021700722,2018-01-26,PHI @ SAS,W,29,6,15,0.4,1,2,0.5,5,8,0.625,3,10,13,3,1,0,0,3,18,21,1,2017-18,Regular Season,203954,Joel Embiid
22017,203954,0021700736,2018-01-28,PHI @ OKC,L,36,10,16,0.625,3,4,0.75,4,5,0.8,3,7,10,2,0,2,5,4,27,10,1,2017-18,Regular Season,203954,Joel Embiid
22017,203954,0021700756,2018-01-31,PHI @ BKN,L,36,8,19,0.421,1,5,0.2,12,14,0.857,1,13,14,2,0,1,3,4,29,9,1,2017-18,Regular Season,203954,Joel Embiid
22017,203954,0021700770,2018-02-02,PHI vs. MIA,W,31,7,17,0.412,0,4,0.0,3,4,0.75,2,9,11,4,0,3,6,5,17,11,1,2017-18,Regular Season,203954,Joel Embiid
22017,203954,0021700777,2018-02-03,PHI @ IND,L,34,9,19,0.474,0,4,0.0,6,9,0.667,4,6,10,3,2,1,7,1,24,-20,1,2017-18,Regular Season,203954,Joel Embiid
22017,203954,0021700802,2018-02-06,PHI vs. WAS,W,32,10,21,0.476,3,7,0.429,4,5,0.8,1,12,13,3,0,3,1,2,27,16,1,2017-18,Regular Season,203954,Joel Embiid
22017,203954,0021700818,2018-02-09,PHI vs. NOP,W,24,11,18,0.611,2,4,0.5,0,0,0.0,3,13,16,0,2,1,3,1,24,33,1,2017-18,Regular Season,203954,Joel Embiid
22017,203954,0021700828,2018-02-10,PHI vs. LAC,W,34,9,23,0.391,1,6,0.167,10,13,0.769,4,12,16,2,1,3,2,3,29,0,1,2017-18,Regular Season,203954,Joel Embiid
22017,203954,0021700842,2018-02-12,PHI vs. NYK,W,24,6,13,0.462,1,2,0.5,4,6,0.667,1,5,6,2,1,0,3,3,17,13,1,2017-18,Regular Season,203954,Joel Embiid
22017,203954,0021700870,2018-02-22,PHI @ CHI,W,35,11,17,0.647,3,3,1.0,5,8,0.625,2,11,13,5,3,4,1,2,30,6,1,2017-18,Regular Season,203954,Joel Embiid
22017,203954,0021700884,2018-02-24,PHI vs. ORL,W,27,10,17,0.588,1,4,0.25,7,10,0.7,3,11,14,1,0,1,0,2,28,9,1,2017-18,Regular Season,203954,Joel Embiid
22017,203954,0021700895,2018-02-25,PHI @ WAS,L,32,9,20,0.45,2,6,0.333,5,6,0.833,2,8,10,4,2,1,5,5,25,-9,1,2017-18,Regular Season,203954,Joel Embiid
22017,203954,0021700909,2018-02-27,PHI @ MIA,L,30,9,16,0.563,3,6,0.5,2,3,0.667,2,6,8,4,1,0,5,5,23,12,1,2017-18,Regular Season,203954,Joel Embiid
22017,203954,0021700923,2018-03-01,PHI @ CLE,W,34,7,18,0.389,0,1,0.0,3,8,0.375,6,8,14,6,0,1,2,1,17,16,1,2017-18,Regular Season,203954,Joel Embiid
22017,203954,0021700927,2018-03-02,PHI vs. CHA,W,32,8,19,0.421,1,4,0.25,6,11,0.545,1,14,15,4,0,3,4,4,23,19,1,2017-18,Regular Season,203954,Joel Embiid
22017,203954,0021700947,2018-03-04,PHI @ MIL,L,31,6,12,0.5,0,3,0.0,7,10,0.7,0,8,8,2,1,2,7,5,19,-10,1,2017-18,Regular Season,203954,Joel Embiid
22017,203954,0021700957,2018-03-06,PHI @ CHA,W,29,8,16,0.5,0,3,0.0,2,2,1.0,2,3,5,4,0,1,3,4,18,-5,1,2017-18,Regular Season,203954,Joel Embiid
22017,203954,0021700973,2018-03-08,PHI @ MIA,L,28,5,18,0.278,3,6,0.5,4,7,0.571,1,6,7,3,0,0,1,5,17,0,1,2017-18,Regular Season,203954,Joel Embiid
22017,203954,0021700999,2018-03-11,PHI @ BKN,W,26,9,17,0.529,1,2,0.5,2,4,0.5,3,5,8,3,1,1,2,1,21,19,1,2017-18,Regular Season,203954,Joel Embiid
22017,203954,0021701005,2018-03-13,PHI vs. IND,L,33,11,22,0.5,0,5,0.0,7,8,0.875,2,10,12,4,0,3,8,4,29,1,1,2017-18,Regular Season,203954,Joel Embiid
22017,203954,0021701022,2018-03-15,PHI @ NYK,W,32,11,21,0.524,2,5,0.4,5,7,0.714,4,6,10,4,0,2,3,3,29,10,1,2017-18,Regular Season,203954,Joel Embiid
22017,203954,0021701030,2018-03-16,PHI vs. BKN,W,33,6,23,0.261,1,4,0.25,11,11,1.0,7,12,19,4,1,2,1,4,24,20,1,2017-18,Regular Season,203954,Joel Embiid
22017,203954,0021701052,2018-03-19,PHI vs. CHA,W,31,10,17,0.588,4,6,0.667,1,2,0.5,4,16,20,2,0,3,9,4,25,-9,1,2017-18,Regular Season,203954,Joel Embiid
22017,203954,0021701066,2018-03-21,PHI vs. MEM,W,20,4,10,0.4,0,2,0.0,6,6,1.0,1,6,7,4,1,1,1,2,14,19,1,2017-18,Regular Season,203954,Joel Embiid
22017,203954,0021701073,2018-03-22,PHI @ ORL,W,20,6,11,0.545,1,4,0.25,4,4,1.0,2,7,9,3,1,1,1,2,17,24,1,2017-18,Regular Season,203954,Joel Embiid
22017,203954,0021701088,2018-03-24,PHI vs. MIN,W,24,6,12,0.5,1,3,0.333,6,8,0.75,0,6,6,2,0,3,1,2,19,21,1,2017-18,Regular Season,203954,Joel Embiid
22017,203954,0021701105,2018-03-26,PHI vs. DEN,W,27,6,12,0.5,0,1,0.0,8,10,0.8,1,12,13,2,1,2,4,5,20,20,1,2017-18,Regular Season,203954,Joel Embiid
22017,203954,0021701118,2018-03-28,PHI vs. NYK,W,9,2,6,0.333,0,1,0.0,1,2,0.5,2,1,3,0,0,0,1,1,5,7,1,2017-18,Regular Season,203954,Joel Embiid
42017,203954,0041700123,2018-04-19,PHI @ MIA,W,30,5,11,0.455,3,4,0.75,10,15,0.667,1,6,7,4,1,3,3,4,23,9,1,2017-18,Playoffs,203954,Joel Embiid
42017,203954,0041700124,2018-04-21,PHI @ MIA,W,31,2,11,0.182,0,4,0.0,10,13,0.769,2,10,12,1,1,5,8,4,14,-5,1,2017-18,Playoffs,203954,Joel Embiid
42017,203954,0041700125,2018-04-24,PHI vs. MIA,W,29,8,14,0.571,0,0,0.0,3,5,0.6,2,10,12,1,2,1,4,5,19,22,1,2017-18,Playoffs,203954,Joel Embiid
42017,203954,0041700211,2018-04-30,PHI @ BOS,L,35,12,21,0.571,2,5,0.4,5,6,0.833,1,12,13,5,1,0,3,2,31,-6,1,2017-18,Playoffs,203954,Joel Embiid
42017,203954,0041700212,2018-05-03,PHI @ BOS,L,37,8,22,0.364,1,6,0.167,3,6,0.5,4,10,14,5,1,1,2,5,20,-8,2,2017-18,Playoffs,203954,Joel Embiid
42017,203954,0041700213,2018-05-05,PHI vs. BOS,L,41,10,26,0.385,0,1,0.0,2,3,0.667,6,13,19,2,1,1,3,6,22,6,1,2017-18,Playoffs,203954,Joel Embiid
42017,203954,0041700214,2018-05-07,PHI vs. BOS,W,35,6,15,0.4,2,5,0.4,1,2,0.5,3,9,12,2,0,0,2,2,15,22,1,2017-18,Playoffs,203954,Joel Embiid
42017,203954,0041700215,2018-05-09,PHI @ BOS,L,39,9,18,0.5,0,4,0.0,9,11,0.818,4,8,12,4,0,3,4,3,27,3,1,2017-18,Playoffs,203954,Joel Embiid
22017,203999,0021700010,2017-10-18,DEN @ UTA,L,36,3,10,0.3,1,4,0.25,0,0,0.0,0,12,12,7,0,0,4,1,7,-9,1,2017-18,Regular Season,203999,Nikola Jokić
22017,203999,0021700035,2017-10-21,DEN vs. SAC,W,30,0,3,0.0,0,1,0.0,0,0,0.0,0,9,9,7,1,0,3,4,0,21,1,2017-18,Regular Season,203999,Nikola Jokić
22017,203999,0021700047,2017-10-23,DEN vs. WAS,L,35,9,14,0.643,3,3,1.0,8,8,1.0,2,7,9,5,1,0,7,4,29,-1,1,2017-18,Regular Season,203999,Nikola Jokić
22017,203999,0021700055,2017-10-25,DEN @ CHA,L,30,8,12,0.667,1,1,1.0,1,1,1.0,6,6,12,0,0,0,2,3,18,-19,1,2017-18,Regular Season,203999,Nikola Jokić
22017,203999,0021700072,2017-10-27,DEN @ ATL,W,34,8,16,0.5,0,1,0.0,2,2,1.0,4,11,15,5,1,0,2,0,18,8,1,2017-18,Regular Season,203999,Nikola Jokić
22017,203999,0021700087,2017-10-29,DEN @ BKN,W,29,9,16,0.563,1,3,0.333,2,2,1.0,1,13,14,4,1,1,1,3,21,7,1,2017-18,Regular Season,203999,Nikola Jokić
22017,203999,0021700094,2017-10-30,DEN @ NYK,L,30,9,15,0.6,6,10,0.6,4,6,0.667,3,5,8,2,1,1,2,1,28,5,1,2017-18,Regular Season,203999,Nikola Jokić
22017,203999,0021700114,2017-11-01,DEN vs. TOR,W,31,4,10,0.4,0,3,0.0,0,0,0.0,3,13,16,10,1,2,0,2,8,20,2,2017-18,Regular Season,203999,Nikola Jokić
22017,203999,0021700127,2017-11-03,DEN vs. MIA,W,34,8,15,0.533,2,6,0.333,1,1,1.0,5,9,14,2,4,1,1,4,19,-5,1,2017-18,Regular Season,203999,Nikola Jokić
22017,203999,0021700135,2017-11-04,DEN vs. GSW,L,20,2,6,0.333,0,0,0.0,4,4,1.0,1,6,7,3,2,0,1,1,8,-16,1,2017-18,Regular Season,203999,Nikola Jokić
22017,203999,0021700155,2017-11-07,DEN vs. BKN,W,31,16,25,0.64,4,9,0.444,5,6,0.833,2,10,12,5,2,2,1,6,41,25,1,2017-18,Regular Season,203999,Nikola Jokić
22017,203999,0021700168,2017-11-09,DEN vs. OKC,W,28,7,16,0.438,1,5,0.2,0,0,0.0,3,8,11,3,1,0,3,4,15,5,1,2017-18,Regular Season,203999,Nikola Jokić
22017,203999,0021700185,2017-11-11,DEN vs. ORL,W,38,3,8,0.375,1,1,1.0,5,6,0.833,5,12,17,9,4,1,1,2,12,25,1,2017-18,Regular Season,203999,Nikola Jokić
22017,203999,0021700198,2017-11-13,DEN @ POR,L,35,2,9,0.222,1,4,0.25,1,2,0.5,0,7,7,3,3,1,3,2,6,0,1,2017-18,Regular Season,203999,Nikola Jokić
22017,203999,0021700226,2017-11-17,DEN vs. NOP,W,27,3,5,0.6,1,2,0.5,6,6,1.0,3,8,11,6,0,1,2,3,13,23,1,2017-18,Regular Season,203999,Nikola Jokić
22017,203999,0021700240,2017-11-19,DEN @ LAL,L,12,1,5,0.2,0,0,0.0,4,4,1.0,4,2,6,1,1,0,2,2,6,-16,1,2017-18,Regular Season,203999,Nikola Jokić
22017,203999,0021700251,2017-11-20,DEN @ SAC,W,35,7,12,0.583,2,6,0.333,0,0,0.0,4,10,14,3,1,1,2,0,16,24,1,2017-18,Regular Season,203999,Nikola Jokić
22017,203999,0021700259,2017-11-22,DEN @ HOU,L,26,7,14,0.5,1,2,0.5,2,3,0.667,2,4,6,3,2,1,2,2,17,-12,2,2017-18,Regular Season,203999,Nikola Jokić
22017,203999,0021700274,2017-11-24,DEN vs. MEM,W,36,11,17,0.647,2,5,0.4,4,6,0.667,5,8,13,8,2,0,5,4,28,17,2,2017-18,Regular Season,203999,Nikola Jokić
22017,203999,0021700301,2017-11-28,DEN @ UTA,L,26,3,7,0.429,1,3,0.333,0,0,0.0,0,6,6,6,1,1,2,1,7,-20,1,2017-18,Regular Season,203999,Nikola Jokić
22017,203999,0021700315,2017-11-30,DEN vs. CHI,W,16,3,6,0.5,0,0,0.0,2,2,1.0,2,2,4,4,0,0,0,1,8,-6,1,2017-18,Regular Season,203999,Nikola Jokić
22017,203999,0021700427,2017-12-15,DEN vs. NOP,W,22,6,13,0.462,1,2,0.5,0,0,0.0,3,8,11,4,0,0,1,2,13,-4,2,2017-18,Regular Season,203999,Nikola Jokić
22017,203999,0021700447,2017-12-18,DEN @ OKC,L,25,5,9,0.556,0,2,0.0,3,4,0.75,2,7,9,2,2,0,1,2,13,3,1,2017-18,Regular Season,203999,Nikola Jokić
22017,203999,0021700462,2017-12-20,DEN vs. MIN,L,36,6,12,0.5,2,6,0.333,8,9,0.889,0,6,6,4,0,2,10,3,22,-1,2,2017-18,Regular Season,203999,Nikola Jokić
22017,203999,0021700478,2017-12-22,DEN @ POR,W,37,12,21,0.571,2,6,0.333,1,1,1.0,3,6,9,6,0,2,4,4,27,29,1,2017-18,Regular Season,203999,Nikola Jokić
22017,203999,0021700489,2017-12-23,DEN @ GSW,W,37,9,16,0.563,0,3,0.0,0,0,0.0,3,6,9,4,1,1,2,0,18,17,1,2017-18,Regular Season,203999,Nikola Jokić
22017,203999,0021700503,2017-12-26,DEN vs. UTA,W,26,4,10,0.4,1,3,0.333,4,4,1.0,2,5,7,5,1,0,1,5,13,11,1,2017-18,Regular Season,203999,Nikola Jokić
22017,203999,0021700510,2017-12-27,DEN @ MIN,L,41,5,11,0.455,1,3,0.333,11,12,0.917,1,8,9,4,2,1,2,3,22,1,1,2017-18,Regular Season,203999,Nikola Jokić
22017,203999,0021700536,2017-12-30,DEN vs. PHI,L,37,5,14,0.357,1,5,0.2,8,9,0.889,5,8,13,6,1,3,2,0,19,14,1,2017-18,Regular Season,203999,Nikola Jokić
22017,203999,0021700563,2018-01-03,DEN vs. PHX,W,36,4,6,0.667,1,1,1.0,5,5,1.0,1,8,9,8,2,0,6,3,14,24,1,2017-18,Regular Season,203999,Nikola Jokić
22017,203999,0021700574,2018-01-05,DEN vs. UTA,W,32,3,13,0.231,1,4,0.25,1,2,0.5,2,8,10,4,1,0,2,3,8,6,1,2017-18,Regular Season,203999,Nikola Jokić
22017,203999,0021700585,2018-01-06,DEN @ SAC,L,34,3,10,0.3,0,4,0.0,2,2,1.0,1,6,7,10,0,0,5,3,8,-13,1,2017-18,Regular Season,203999,Nikola Jokić
22017,203999,0021700597,2018-01-08,DEN @ GSW,L,36,9,16,0.563,1,1,1.0,3,3,1.0,4,8,12,11,3,1,6,3,22,2,1,2017-18,Regular Season,203999,Nikola Jokić
22017,203999,0021700612,2018-01-10,DEN vs. ATL,L,32,4,21,0.19,0,8,0.0,1,2,0.5,6,6,12,7,2,3,2,3,9,-14,1,2017-18,Regular Season,203999,Nikola Jokić
22017,203999,0021700625,2018-01-12,DEN vs. MEM,W,28,3,8,0.375,1,3,0.333,7,8,0.875,2,5,7,3,0,0,1,3,14,8,1,2017-18,Regular Season,203999,Nikola Jokić
22017,203999,0021700633,2018-01-13,DEN @ SAS,L,30,8,13,0.615,3,6,0.5,4,4,1.0,3,6,9,7,2,0,2,2,23,-18,1,2017-18,Regular Season,203999,Nikola Jokić
22017,203999,0021700651,2018-01-16,DEN vs. DAL,W,33,11,23,0.478,0,2,0.0,7,10,0.7,9,9,18,7,2,1,5,5,29,-2,2,2017-18,Regular Season,203999,Nikola Jokić
22017,203999,0021700662,2018-01-17,DEN @ LAC,L,34,7,18,0.389,1,8,0.125,3,4,0.75,1,7,8,2,1,2,1,4,18,-10,1,2017-18,Regular Season,203999,Nikola Jokić
22017,203999,0021700671,2018-01-19,DEN vs. PHX,L,35,5,12,0.417,2,3,0.667,2,2,1.0,3,14,17,5,0,0,6,4,14,-1,1,2017-18,Regular Season,203999,Nikola Jokić
22017,203999,0021700694,2018-01-22,DEN vs. POR,W,33,5,17,0.294,2,5,0.4,4,7,0.571,4,8,12,5,1,1,3,4,16,9,1,2017-18,Regular Season,203999,Nikola Jokić
22017,203999,0021700712,2018-01-25,DEN vs. NYK,W,35,5,9,0.556,1,2,0.5,7,9,0.778,1,6,7,10,0,0,1,4,18,12,1,2017-18,Regular Season,203999,Nikola Jokić
22017,203999,0021700730,2018-01-27,DEN vs. DAL,W,40,5,13,0.385,1,6,0.167,0,1,0.0,1,15,16,11,0,2,3,3,11,9,1,2017-18,Regular Season,203999,Nikola Jokić
22017,203999,0021700743,2018-01-29,DEN vs. BOS,L,35,8,17,0.471,2,5,0.4,6,7,0.857,4,7,11,5,0,0,2,2,24,10,1,2017-18,Regular Season,203999,Nikola Jokić
22017,203999,0021700750,2018-01-30,DEN @ SAS,L,34,6,11,0.545,1,2,0.5,0,0,0.0,2,5,7,8,0,0,5,3,13,-8,1,2017-18,Regular Season,203999,Nikola Jokić
22017,203999,0021700765,2018-02-01,DEN vs. OKC,W,37,11,18,0.611,2,5,0.4,5,6,0.833,3,10,13,14,1,2,2,3,29,5,1,2017-18,Regular Season,203999,Nikola Jokić
22017,203999,0021700782,2018-02-03,DEN vs. GSW,W,33,7,16,0.438,2,3,0.667,3,3,1.0,3,6,9,5,2,0,4,2,19,0,1,2017-18,Regular Season,203999,Nikola Jokić
22017,203999,0021700794,2018-02-05,DEN vs. CHA,W,32,5,11,0.455,2,4,0.5,3,3,1.0,3,13,16,7,2,0,3,3,15,15,1,2017-18,Regular Season,203999,Nikola Jokić
22017,203999,0021700823,2018-02-09,DEN @ HOU,L,22,6,8,0.75,1,1,1.0,1,2,0.5,1,6,7,5,2,1,1,4,14,-24,1,2017-18,Regular Season,203999,Nikola Jokić
22017,203999,0021700832,2018-02-10,DEN @ PHX,W,27,5,12,0.417,1,2,0.5,10,11,0.909,1,8,9,8,1,1,2,3,21,5,1,2017-18,Regular Season,203999,Nikola Jokić
22017,203999,0021700852,2018-02-13,DEN vs. SAS,W,33,8,15,0.533,2,5,0.4,5,6,0.833,5,8,13,11,0,1,1,0,23,11,1,2017-18,Regular Season,203999,Nikola Jokić
22017,203999,0021700865,2018-02-15,DEN @ MIL,W,34,11,14,0.786,3,3,1.0,5,5,1.0,4,11,15,17,1,2,8,5,30,11,1,2017-18,Regular Season,203999,Nikola Jokić
22017,203999,0021700880,2018-02-23,DEN vs. SAS,W,34,10,16,0.625,3,5,0.6,5,7,0.714,4,7,11,11,0,0,3,6,28,9,1,2017-18,Regular Season,203999,Nikola Jokić
22017,203999,0021700896,2018-02-25,DEN vs. HOU,L,31,7,18,0.389,0,1,0.0,7,9,0.778,7,7,14,8,1,1,3,4,21,-9,1,2017-18,Regular Season,203999,Nikola Jokić
22017,203999,0021700912,2018-02-27,DEN vs. LAC,L,28,4,5,0.8,2,3,0.667,8,8,1.0,0,6,6,4,1,1,5,4,18,6,1,2017-18,Regular Season,203999,Nikola Jokić
22017,203999,0021700931,2018-03-02,DEN @ MEM,W,33,2,5,0.4,0,1,0.0,5,7,0.714,1,8,9,5,1,0,5,5,9,6,1,2017-18,Regular Season,203999,Nikola Jokić
22017,203999,0021700937,2018-03-03,DEN @ CLE,W,32,3,8,0.375,1,2,0.5,2,3,0.667,1,6,7,8,0,1,2,2,9,12,1,2017-18,Regular Season,203999,Nikola Jokić
22017,203999,0021700961,2018-03-06,DEN @ DAL,L,26,2,9,0.222,0,4,0.0,0,1,0.0,1,8,9,5,2,1,1,0,4,-8,1,2017-18,Regular Season,203999,Nikola Jokić
22017,203999,0021700970,2018-03-07,DEN vs. CLE,L,33,12,14,0.857,2,3,0.667,10,11,0.909,4,9,13,6,0,0,5,2,36,1,1,2017-18,Regular Season,203999,Nikola Jokić
22017,203999,0021700983,2018-03-09,DEN vs. LAL,W,33,8,14,0.571,1,3,0.333,4,4,1.0,3,3,6,6,2,0,3,2,21,13,1,2017-18,Regular Season,203999,Nikola Jokić
22017,203999,0021700996,2018-03-11,DEN vs. SAC,W,30,8,10,0.8,4,4,1.0,0,0,0.0,0,11,11,10,2,1,2,1,20,33,1,2017-18,Regular Season,203999,Nikola Jokić
22017,203999,0021701015,2018-03-13,DEN @ LAL,L,27,5,8,0.625,2,5,0.4,3,3,1.0,1,8,9,5,1,0,4,3,15,5,1,2017-18,Regular Season,203999,Nikola Jokić
22017,203999,0021701026,2018-03-15,DEN vs. DET,W,38,8,15,0.533,2,5,0.4,5,6,0.833,2,10,12,10,3,3,2,5,23,15,1,2017-18,Regular Season,203999,Nikola Jokić
22017,203999,0021701040,2018-03-17,DEN @ MEM,L,35,5,15,0.333,1,4,0.25,6,8,0.75,5,8,13,2,3,2,1,3,17,-1,1,2017-18,Regular Season,203999,Nikola Jokić
22017,203999,0021701054,2018-03-19,DEN @ MIA,L,48,12,22,0.545,4,5,0.8,6,6,1.0,5,10,15,3,1,0,5,5,34,1,1,2017-18,Regular Season,203999,Nikola Jokić
22017,203999,0021701069,2018-03-21,DEN @ CHI,W,24,9,11,0.818,2,2,1.0,1,1,1.0,2,5,7,5,0,0,1,1,21,18,1,2017-18,Regular Season,203999,Nikola Jokić
22017,203999,0021701079,2018-03-23,DEN @ WAS,W,37,10,21,0.476,3,6,0.5,2,2,1.0,0,8,8,5,0,1,2,2,25,12,1,2017-18,Regular Season,203999,Nikola Jokić
22017,203999,0021701105,2018-03-26,DEN @ PHI,L,31,4,14,0.286,1,2,0.5,5,6,0.833,3,4,7,4,1,1,2,4,14,-6,1,2017-18,Regular Season,203999,Nikola Jokić
22017,203999,0021701109,2018-03-27,DEN @ TOR,L,40,11,21,0.524,3,7,0.429,4,4,1.0,6,10,16,8,2,1,3,2,29,4,1,2017-18,Regular Season,203999,Nikola Jokić
22017,203999,0021701133,2018-03-30,DEN @ OKC,W,41,11,22,0.5,1,6,0.167,0,0,0.0,1,15,16,6,1,2,4,3,23,11,1,2017-18,Regular Season,203999,Nikola Jokić
22017,203999,0021701152,2018-04-01,DEN vs. MIL,W,44,14,24,0.583,2,5,0.4,5,5,1.0,1,12,13,5,0,3,4,4,35,5,1,2017-18,Regular Season,203999,Nikola Jokić
22017,203999,0021701165,2018-04-03,DEN vs. IND,W,38,11,17,0.647,4,6,0.667,4,6,0.667,1,5,6,7,4,1,4,3,30,9,1,2017-18,Regular Season,203999,Nikola Jokić
22017,203999,0021701180,2018-04-05,DEN vs. MIN,W,36,6,20,0.3,1,6,0.167,3,3,1.0,3,11,14,9,1,1,2,5,16,1,1,2017-18,Regular Season,203999,Nikola Jokić
22017,203999,0021701191,2018-04-07,DEN @ LAC,W,34,9,14,0.643,1,2,0.5,4,5,0.8,2,9,11,11,2,1,2,2,23,11,1,2017-18,Regular Season,203999,Nikola Jokić
22017,203999,0021701211,2018-04-09,DEN vs. POR,W,38,5,14,0.357,1,4,0.25,4,4,1.0,2,18,20,11,2,1,2,2,15,18,2,2017-18,Regular Season,203999,Nikola Jokić
22017,203999,0021701225,2018-04-11,DEN @ MIN,L,46,14,25,0.56,4,7,0.571,3,4,0.75,2,8,10,3,1,0,3,4,35,7,1,2017-18,Regular Season,203999,Nikola Jokić
22017,203081,0021700012,2017-10-18,POR @ PHX,W,30,10,20,0.5,4,6,0.667,3,3,1.0,3,2,5,5,1,3,0,1,27,34,1,2017-18,Regular Season,203081,Damian Lillard
22017,203081,0021700018,2017-10-20,POR @ IND,W,33,7,17,0.412,0,3,0.0,4,4,1.0,0,7,7,7,1,1,0,2,18,25,1,2017-18,Regular Season,203081,Damian Lillard
22017,203081,0021700034,2017-10-21,POR @ MIL,L,34,6,15,0.4,3,6,0.5,11,12,0.917,2,3,5,4,4,0,6,5,26,0,1,2017-18,Regular Season,203081,Damian Lillard
22017,203081,0021700053,2017-10-24,POR vs. NOP,W,35,3,16,0.188,1,8,0.125,6,9,0.667,1,4,5,7,1,0,6,0,13,3,1,2017-18,Regular Season,203081,Damian Lillard
22017,203081,0021700068,2017-10-26,POR vs. LAC,L,38,7,19,0.368,4,9,0.444,7,7,1.0,0,2,2,6,0,0,1,3,25,1,1,2017-18,Regular Season,203081,Damian Lillard
22017,203081,0021700083,2017-10-28,POR vs. PHX,W,36,7,21,0.333,3,8,0.375,8,9,0.889,3,4,7,9,1,0,2,2,25,2,1,2017-18,Regular Season,203081,Damian Lillard
22017,203081,0021700099,2017-10-30,POR vs. TOR,L,41,12,23,0.522,3,8,0.375,9,10,0.9,1,1,2,2,2,1,6,0,36,-7,2,2017-18,Regular Season,203081,Damian Lillard
22017,203081,0021700115,2017-11-01,POR @ UTA,L,43,12,27,0.444,4,15,0.267,5,5,1.0,2,8,10,8,2,1,5,3,33,1,2,2017-18,Regular Season,203081,Damian Lillard
22017,203081,0021700118,2017-11-02,POR vs. LAL,W,39,8,18,0.444,2,6,0.333,14,14,1.0,2,4,6,5,0,0,2,2,32,6,2,2017-18,Regular Season,203081,Damian Lillard
22017,203081,0021700144,2017-11-05,POR vs. OKC,W,37,10,18,0.556,1,5,0.2,15,15,1.0,1,4,5,13,0,1,2,2,36,14,1,2017-18,Regular Season,203081,Damian Lillard
22017,203081,0021700157,2017-11-07,POR vs. MEM,L,34,4,16,0.25,0,5,0.0,4,4,1.0,1,4,5,6,1,0,5,2,12,-10,1,2017-18,Regular Season,203081,Damian Lillard
22017,203081,0021700176,2017-11-10,POR vs. BKN,L,36,7,16,0.438,1,5,0.2,4,5,0.8,2,7,9,6,0,0,2,1,19,-12,1,2017-18,Regular Season,203081,Damian Lillard
22017,203081,0021700198,2017-11-13,POR vs. DEN,W,34,4,14,0.286,2,8,0.25,5,5,1.0,1,4,5,7,4,0,4,1,15,3,1,2017-18,Regular Season,203081,Damian Lillard
22017,203081,0021700213,2017-11-15,POR vs. ORL,W,37,9,21,0.429,5,10,0.5,3,4,0.75,1,10,11,7,0,0,2,1,26,8,2,2017-18,Regular Season,203081,Damian Lillard
22017,203081,0021700225,2017-11-17,POR @ SAC,L,37,9,24,0.375,5,14,0.357,6,6,1.0,0,1,1,4,1,1,1,0,29,8,1,2017-18,Regular Season,203081,Damian Lillard
22017,203081,0021700234,2017-11-18,POR vs. SAC,W,34,8,18,0.444,1,7,0.143,5,6,0.833,1,1,2,6,1,1,2,1,22,18,1,2017-18,Regular Season,203081,Damian Lillard
22017,203081,0021700246,2017-11-20,POR @ MEM,W,34,5,15,0.333,1,4,0.25,10,10,1.0,0,3,3,4,0,0,2,1,21,-1,1,2017-18,Regular Season,203081,Damian Lillard
22017,203081,0021700255,2017-11-22,POR @ PHI,L,37,11,27,0.407,6,13,0.462,2,3,0.667,0,3,3,2,1,1,3,0,30,-15,1,2017-18,Regular Season,203081,Damian Lillard
22017,203081,0021700267,2017-11-24,POR @ BKN,W,37,10,19,0.526,4,6,0.667,10,11,0.909,1,3,4,9,1,1,3,3,34,3,1,2017-18,Regular Season,203081,Damian Lillard
22017,203081,0021700279,2017-11-25,POR @ WAS,W,41,9,17,0.529,2,8,0.25,9,10,0.9,0,6,6,6,0,1,5,2,29,15,1,2017-18,Regular Season,203081,Damian Lillard
22017,203081,0021700293,2017-11-27,POR @ NYK,W,38,10,20,0.5,1,6,0.167,11,11,1.0,0,1,1,5,1,0,3,0,32,14,1,2017-18,Regular Season,203081,Damian Lillard
22017,203081,0021700316,2017-11-30,POR vs. MIL,L,40,7,16,0.438,2,7,0.286,2,3,0.667,2,5,7,7,0,0,5,1,18,-12,1,2017-18,Regular Season,203081,Damian Lillard
22017,203081,0021700333,2017-12-02,POR vs. NOP,L,40,11,25,0.44,4,11,0.364,3,3,1.0,1,4,5,8,1,0,1,1,29,-7,1,2017-18,Regular Season,203081,Damian Lillard
22017,203081,0021700352,2017-12-05,POR vs. WAS,L,43,10,23,0.435,3,9,0.333,7,7,1.0,1,7,8,9,0,0,4,2,30,-5,1,2017-18,Regular Season,203081,Damian Lillard
22017,203081,0021700384,2017-12-09,POR vs. HOU,L,38,11,23,0.478,9,16,0.563,4,4,1.0,0,4,4,6,1,0,5,3,35,-2,1,2017-18,Regular Season,203081,Damian Lillard
22017,203081,0021700395,2017-12-11,POR @ GSW,L,42,12,28,0.429,5,13,0.385,10,11,0.909,0,4,4,2,2,0,0,5,39,-2,1,2017-18,Regular Season,203081,Damian Lillard
22017,203081,0021700408,2017-12-13,POR @ MIA,W,37,5,14,0.357,1,6,0.167,7,7,1.0,0,3,3,6,0,0,1,1,18,2,1,2017-18,Regular Season,203081,Damian Lillard
22017,203081,0021700420,2017-12-15,POR @ ORL,W,36,7,16,0.438,3,6,0.5,4,4,1.0,1,1,2,4,2,1,4,3,21,-9,1,2017-18,Regular Season,203081,Damian Lillard
22017,203081,0021700429,2017-12-16,POR @ CHA,W,38,7,19,0.368,3,9,0.333,1,2,0.5,1,6,7,11,1,0,6,0,18,2,1,2017-18,Regular Season,203081,Damian Lillard
22017,203081,0021700446,2017-12-18,POR @ MIN,L,37,7,18,0.389,2,7,0.286,1,1,1.0,0,8,8,13,0,1,6,2,17,-3,1,2017-18,Regular Season,203081,Damian Lillard
22017,203081,0021700463,2017-12-20,POR vs. SAS,L,34,6,17,0.353,2,6,0.333,3,3,1.0,0,4,4,3,2,0,2,3,17,3,1,2017-18,Regular Season,203081,Damian Lillard
22017,203081,0021700549,2018-01-02,POR @ CLE,L,33,8,15,0.533,6,9,0.667,3,4,0.75,0,0,0,6,1,0,7,2,25,-9,1,2017-18,Regular Season,203081,Damian Lillard
22017,203081,0021700576,2018-01-05,POR vs. ATL,W,29,6,15,0.4,2,6,0.333,0,0,0.0,0,4,4,6,2,1,4,2,14,16,1,2017-18,Regular Season,203081,Damian Lillard
22017,203081,0021700608,2018-01-10,POR @ HOU,L,32,9,16,0.563,1,6,0.167,10,12,0.833,0,5,5,8,2,0,2,2,29,-4,1,2017-18,Regular Season,203081,Damian Lillard
22017,203081,0021700624,2018-01-12,POR @ NOP,L,38,9,22,0.409,2,11,0.182,3,4,0.75,1,1,2,8,3,0,2,3,23,5,1,2017-18,Regular Season,203081,Damian Lillard
22017,203081,0021700637,2018-01-14,POR @ MIN,L,35,7,14,0.5,2,6,0.333,5,6,0.833,0,6,6,8,1,0,6,3,21,-23,1,2017-18,Regular Season,203081,Damian Lillard
22017,203081,0021700652,2018-01-16,POR vs. PHX,W,36,11,19,0.579,4,8,0.5,5,5,1.0,0,5,5,7,1,0,1,1,31,11,2,2017-18,Regular Season,203081,Damian Lillard
22017,203081,0021700666,2018-01-18,POR vs. IND,W,40,8,21,0.381,2,8,0.25,8,8,1.0,1,4,5,8,0,1,3,0,26,10,1,2017-18,Regular Season,203081,Damian Lillard
22017,203081,0021700682,2018-01-20,POR vs. DAL,W,38,10,15,0.667,7,9,0.778,4,4,1.0,0,5,5,9,0,0,4,2,31,13,2,2017-18,Regular Season,203081,Damian Lillard
22017,203081,0021700694,2018-01-22,POR @ DEN,L,38,10,18,0.556,4,8,0.5,1,2,0.5,0,2,2,8,0,0,3,2,25,-8,1,2017-18,Regular Season,203081,Damian Lillard
22017,203081,0021700708,2018-01-24,POR vs. MIN,W,32,9,17,0.529,6,11,0.545,7,7,1.0,1,3,4,6,0,0,0,2,31,11,1,2017-18,Regular Season,203081,Damian Lillard
22017,203081,0021700721,2018-01-26,POR @ DAL,W,36,9,18,0.5,3,8,0.375,8,11,0.727,0,3,3,3,0,0,4,2,29,14,1,2017-18,Regular Season,203081,Damian Lillard
22017,203081,0021700752,2018-01-30,POR @ LAC,W,36,6,14,0.429,5,10,0.5,11,11,1.0,0,4,4,7,3,1,2,1,28,11,1,2017-18,Regular Season,203081,Damian Lillard
22017,203081,0021700759,2018-01-31,POR vs. CHI,W,30,5,9,0.556,1,5,0.2,2,2,1.0,1,3,4,7,0,1,2,2,13,23,1,2017-18,Regular Season,203081,Damian Lillard
22017,203081,0021700769,2018-02-02,POR @ TOR,L,37,11,18,0.611,3,7,0.429,7,8,0.875,0,3,3,10,0,1,2,1,32,-17,1,2017-18,Regular Season,203081,Damian Lillard
22017,203081,0021700784,2018-02-04,POR @ BOS,L,37,6,19,0.316,2,9,0.222,7,8,0.875,1,5,6,9,0,1,2,0,21,0,1,2017-18,Regular Season,203081,Damian Lillard
22017,203081,0021700790,2018-02-05,POR @ DET,L,38,8,17,0.471,1,5,0.2,3,3,1.0,1,4,5,5,2,1,5,2,20,-12,1,2017-18,Regular Season,203081,Damian Lillard
22017,203081,0021700814,2018-02-08,POR vs. CHA,W,42,6,22,0.273,3,11,0.273,3,3,1.0,0,4,4,8,1,0,4,2,18,4,1,2017-18,Regular Season,203081,Damian Lillard
22017,203081,0021700825,2018-02-09,POR @ SAC,W,29,16,26,0.615,8,13,0.615,10,10,1.0,0,1,1,6,3,0,2,2,50,18,1,2017-18,Regular Season,203081,Damian Lillard
22017,203081,0021700840,2018-02-11,POR vs. UTA,L,39,12,25,0.48,2,8,0.25,13,13,1.0,1,2,3,1,0,1,2,2,39,-10,1,2017-18,Regular Season,203081,Damian Lillard
22017,203081,0021700864,2018-02-14,POR vs. GSW,W,40,14,25,0.56,4,11,0.364,12,12,1.0,0,3,3,8,2,0,4,3,44,17,1,2017-18,Regular Season,203081,Damian Lillard
22017,203081,0021700882,2018-02-23,POR @ UTA,W,37,7,18,0.389,2,7,0.286,8,8,1.0,0,4,4,3,1,0,4,0,24,15,1,2017-18,Regular Season,203081,Damian Lillard
22017,203081,0021700889,2018-02-24,POR @ PHX,W,39,13,27,0.481,3,11,0.273,11,15,0.733,2,8,10,5,1,0,4,2,40,6,1,2017-18,Regular Season,203081,Damian Lillard
22017,203081,0021700911,2018-02-27,POR vs. SAC,W,34,11,19,0.579,4,8,0.5,0,0,0.0,0,1,1,12,2,0,4,1,26,14,1,2017-18,Regular Season,203081,Damian Lillard
22017,203081,0021700925,2018-03-01,POR vs. MIN,W,38,9,22,0.409,4,12,0.333,13,16,0.813,3,4,7,4,1,0,1,1,35,9,1,2017-18,Regular Season,203081,Damian Lillard
22017,203081,0021700941,2018-03-03,POR vs. OKC,W,37,5,18,0.278,2,8,0.25,8,9,0.889,0,1,1,7,1,1,3,2,20,-1,1,2017-18,Regular Season,203081,Damian Lillard
22017,203081,0021700956,2018-03-05,POR @ LAL,W,39,12,25,0.48,6,11,0.545,9,12,0.75,1,4,5,6,0,0,4,2,39,6,1,2017-18,Regular Season,203081,Damian Lillard
22017,203081,0021700962,2018-03-06,POR vs. NYK,W,32,10,18,0.556,8,11,0.727,9,11,0.818,1,1,2,1,2,0,2,1,37,14,1,2017-18,Regular Season,203081,Damian Lillard
22017,203081,0021700984,2018-03-09,POR vs. GSW,W,37,8,21,0.381,4,10,0.4,8,8,1.0,1,3,4,8,0,0,3,2,28,11,1,2017-18,Regular Season,203081,Damian Lillard
22017,203081,0021701004,2018-03-12,POR vs. MIA,W,37,8,19,0.421,7,14,0.5,9,10,0.9,1,4,5,10,0,0,3,0,32,25,1,2017-18,Regular Season,203081,Damian Lillard
22017,203081,0021701028,2018-03-15,POR vs. CLE,W,36,7,20,0.35,1,8,0.125,9,9,1.0,0,3,3,9,1,0,2,0,24,-1,1,2017-18,Regular Season,203081,Damian Lillard
22017,203081,0021701045,2018-03-17,POR vs. DET,W,37,6,19,0.316,3,10,0.3,9,9,1.0,3,4,7,8,1,3,1,1,24,23,1,2017-18,Regular Season,203081,Damian Lillard
22017,203081,0021701049,2018-03-18,POR @ LAC,W,31,6,13,0.462,2,6,0.333,9,9,1.0,0,0,0,2,1,0,1,0,23,23,1,2017-18,Regular Season,203081,Damian Lillard
22017,203081,0021701064,2018-03-20,POR vs. HOU,L,36,5,17,0.294,0,7,0.0,10,10,1.0,0,4,4,6,1,0,1,3,20,6,1,2017-18,Regular Season,203081,Damian Lillard
22017,203081,0021701086,2018-03-23,POR vs. BOS,L,39,9,22,0.409,4,11,0.364,4,4,1.0,2,1,3,8,0,0,2,2,26,1,1,2017-18,Regular Season,203081,Damian Lillard
22017,203081,0021701100,2018-03-25,POR @ OKC,W,38,6,19,0.316,1,7,0.143,11,11,1.0,5,2,7,5,3,0,2,1,24,16,1,2017-18,Regular Season,203081,Damian Lillard
22017,203081,0021701112,2018-03-27,POR @ NOP,W,42,18,33,0.545,3,9,0.333,2,2,1.0,2,7,9,6,4,0,0,3,41,8,1,2017-18,Regular Season,203081,Damian Lillard
22017,203081,0021701137,2018-03-30,POR vs. LAC,W,38,5,16,0.313,2,10,0.2,5,6,0.833,1,6,7,11,0,0,2,2,17,9,1,2017-18,Regular Season,203081,Damian Lillard
22017,203081,0021701154,2018-04-01,POR vs. MEM,W,33,7,15,0.467,2,8,0.25,11,11,1.0,1,2,3,9,2,0,0,0,27,37,1,2017-18,Regular Season,203081,Damian Lillard
22017,203081,0021701164,2018-04-03,POR @ DAL,L,35,6,20,0.3,2,10,0.2,15,15,1.0,1,4,5,8,2,1,0,2,29,-4,1,2017-18,Regular Season,203081,Damian Lillard
22017,203081,0021701196,2018-04-07,POR @ SAS,L,35,11,22,0.5,6,12,0.5,5,5,1.0,2,1,3,5,0,0,7,0,33,-18,1,2017-18,Regular Season,203081,Damian Lillard
22017,203081,0021701211,2018-04-09,POR @ DEN,L,40,8,22,0.364,2,10,0.2,7,11,0.636,1,3,4,3,1,0,3,3,25,-9,2,2017-18,Regular Season,203081,Damian Lillard
22017,203081,0021701229,2018-04-11,POR vs. UTA,W,37,13,25,0.52,4,10,0.4,6,6,1.0,0,1,1,10,1,0,0,0,36,10,1,2017-18,Regular Season,203081,Damian Lillard
42017,203081,0041700161,2018-04-14,POR vs. NOP,L,42,6,23,0.261,4,9,0.444,2,2,1.0,1,6,7,7,2,0,0,2,18,-7,1,2017-18,Playoffs,203081,Damian Lillard
42017,203081,0041700162,2018-04-17,POR vs. NOP,L,40,7,18,0.389,1,7,0.143,2,2,1.0,2,1,3,4,1,0,7,2,17,-4,1,2017-18,Playoffs,203081,Damian Lillard
42017,203081,0041700163,2018-04-19,POR @ NOP,L,35,5,14,0.357,3,9,0.333,7,8,0.875,0,3,3,2,0,0,8,1,20,-24,1,2017-18,Playoffs,203081,Damian Lillard
42017,203081,0041700164,2018-04-21,POR @ NOP,L,45,7,16,0.438,1,5,0.2,4,5,0.8,0,5,5,6,2,0,1,3,19,-7,1,2017-18,Playoffs,203081,Damian Lillard
22017,203076,0021700008,2017-10-18,NOP @ MEM,L,40,9,23,0.391,1,2,0.5,14,17,0.824,7,11,18,0,0,1,5,5,33,-15,1,2017-18,Regular Season,203076,Anthony Davis
22017,203076,0021700025,2017-10-20,NOP vs. GSW,L,40,15,21,0.714,3,4,0.75,2,5,0.4,5,9,14,5,3,1,4,1,35,-5,0,2017-18,Regular Season,203076,Anthony Davis
22017,203076,0021700040,2017-10-22,NOP @ LAL,W,39,9,18,0.5,1,5,0.2,8,10,0.8,3,14,17,3,3,3,3,1,27,8,1,2017-18,Regular Season,203076,Anthony Davis
22017,203076,0021700053,2017-10-24,NOP @ POR,L,5,1,2,0.5,0,0,0.0,0,0,0.0,0,1,1,0,0,1,0,0,2,-1,1,2017-18,Regular Season,203076,Anthony Davis
22017,203076,0021700077,2017-10-28,NOP vs. CLE,W,36,11,22,0.5,2,4,0.5,6,6,1.0,4,10,14,2,1,3,0,5,30,24,1,2017-18,Regular Season,203076,Anthony Davis
22017,203076,0021700097,2017-10-30,NOP vs. ORL,L,41,13,20,0.65,0,2,0.0,13,15,0.867,3,7,10,2,0,3,2,1,39,0,2,2017-18,Regular Season,203076,Anthony Davis
22017,203076,0021700113,2017-11-01,NOP vs. MIN,L,43,8,18,0.444,0,3,0.0,8,11,0.727,3,7,10,6,3,1,2,2,24,0,2,2017-18,Regular Season,203076,Anthony Davis
22017,203076,0021700125,2017-11-03,NOP @ DAL,W,40,10,19,0.526,0,2,0.0,10,12,0.833,1,12,13,4,1,3,4,4,30,21,1,2017-18,Regular Season,203076,Anthony Davis
22017,203076,0021700133,2017-11-04,NOP @ CHI,W,41,11,17,0.647,1,2,0.5,4,4,1.0,2,14,16,0,0,3,2,1,27,-2,1,2017-18,Regular Season,203076,Anthony Davis
22017,203076,0021700150,2017-11-07,NOP @ IND,W,41,14,18,0.778,4,5,0.8,5,8,0.625,3,11,14,4,1,2,2,1,37,5,1,2017-18,Regular Season,203076,Anthony Davis
22017,203076,0021700165,2017-11-09,NOP @ TOR,L,38,6,14,0.429,1,4,0.25,5,6,0.833,1,6,7,2,2,2,0,2,18,-10,1,2017-18,Regular Season,203076,Anthony Davis
22017,203076,0021700178,2017-11-11,NOP vs. LAC,W,40,9,15,0.6,0,0,0.0,7,9,0.778,2,8,10,5,2,2,1,0,25,11,1,2017-18,Regular Season,203076,Anthony Davis
22017,203076,0021700195,2017-11-13,NOP vs. ATL,W,38,5,7,0.714,0,1,0.0,3,5,0.6,2,8,10,7,2,4,5,2,13,7,2,2017-18,Regular Season,203076,Anthony Davis
22017,203076,0021700211,2017-11-15,NOP vs. TOR,L,34,8,15,0.533,1,1,1.0,2,2,1.0,2,3,5,1,3,1,2,5,19,-2,1,2017-18,Regular Season,203076,Anthony Davis
22017,203076,0021700226,2017-11-17,NOP @ DEN,L,21,7,11,0.636,0,1,0.0,3,5,0.6,1,4,5,2,1,0,0,0,17,-11,1,2017-18,Regular Season,203076,Anthony Davis
22017,203076,0021700248,2017-11-20,NOP vs. OKC,W,45,9,19,0.474,0,1,0.0,18,22,0.818,1,14,15,3,0,2,7,3,36,4,1,2017-18,Regular Season,203076,Anthony Davis
22017,203076,0021700262,2017-11-22,NOP vs. SAS,W,35,11,17,0.647,0,0,0.0,7,7,1.0,0,11,11,4,1,0,1,3,29,33,2,2017-18,Regular Season,203076,Anthony Davis
22017,203076,0021700275,2017-11-24,NOP @ PHX,W,26,9,12,0.75,0,0,0.0,5,7,0.714,4,5,9,2,0,1,1,0,23,20,2,2017-18,Regular Season,203076,Anthony Davis
22017,203076,0021700284,2017-11-25,NOP @ GSW,L,39,12,22,0.545,0,2,0.0,6,8,0.75,4,11,15,2,0,2,1,1,30,-5,1,2017-18,Regular Season,203076,Anthony Davis
22017,203076,0021700309,2017-11-29,NOP vs. MIN,L,18,7,13,0.538,0,0,0.0,3,3,1.0,1,4,5,0,0,0,2,2,17,-1,1,2017-18,Regular Season,203076,Anthony Davis
22017,203076,0021700325,2017-12-01,NOP @ UTA,L,32,9,14,0.643,0,0,0.0,1,4,0.25,1,9,10,1,2,1,2,0,19,5,2,2017-18,Regular Season,203076,Anthony Davis
22017,203076,0021700373,2017-12-08,NOP vs. SAC,L,31,5,12,0.417,0,1,0.0,8,8,1.0,3,3,6,2,0,0,2,0,18,-12,1,2017-18,Regular Season,203076,Anthony Davis
22017,203076,0021700389,2017-12-10,NOP vs. PHI,W,40,11,19,0.579,1,1,1.0,6,9,0.667,1,7,8,4,1,5,3,5,29,9,1,2017-18,Regular Season,203076,Anthony Davis
22017,203076,0021700410,2017-12-13,NOP vs. MIL,W,36,10,16,0.625,0,1,0.0,5,5,1.0,3,7,10,2,0,4,2,3,25,11,1,2017-18,Regular Season,203076,Anthony Davis
22017,203076,0021700427,2017-12-15,NOP @ DEN,L,44,12,22,0.545,0,1,0.0,4,4,1.0,2,10,12,1,1,5,3,0,28,1,2,2017-18,Regular Season,203076,Anthony Davis
22017,203076,0021700452,2017-12-19,NOP @ WAS,L,37,11,21,0.524,1,3,0.333,14,15,0.933,5,4,9,1,1,0,2,1,37,-13,1,2017-18,Regular Season,203076,Anthony Davis
22017,203076,0021700472,2017-12-22,NOP @ ORL,W,31,10,14,0.714,0,1,0.0,0,1,0.0,2,9,11,0,1,1,0,3,20,17,1,2017-18,Regular Season,203076,Anthony Davis
22017,203076,0021700486,2017-12-23,NOP @ MIA,W,32,5,11,0.455,1,1,1.0,6,8,0.75,1,5,6,3,1,4,1,1,17,6,1,2017-18,Regular Season,203076,Anthony Davis
22017,203076,0021700511,2017-12-27,NOP vs. BKN,W,32,11,19,0.579,4,4,1.0,7,8,0.875,4,7,11,2,1,6,1,0,33,37,1,2017-18,Regular Season,203076,Anthony Davis
22017,203076,0021700525,2017-12-29,NOP vs. DAL,L,42,12,22,0.545,1,4,0.25,8,8,1.0,0,5,5,2,2,0,1,3,33,-3,1,2017-18,Regular Season,203076,Anthony Davis
22017,203076,0021700532,2017-12-30,NOP vs. NYK,L,36,11,24,0.458,0,4,0.0,9,12,0.75,2,7,9,1,0,5,3,3,31,-3,1,2017-18,Regular Season,203076,Anthony Davis
22017,203076,0021700564,2018-01-03,NOP @ UTA,W,41,11,26,0.423,1,3,0.333,6,6,1.0,4,11,15,4,3,1,2,2,29,16,1,2017-18,Regular Season,203076,Anthony Davis
22017,203076,0021700584,2018-01-06,NOP @ MIN,L,36,5,12,0.417,0,1,0.0,6,6,1.0,1,8,9,2,1,2,1,1,16,-26,1,2017-18,Regular Season,203076,Anthony Davis
22017,203076,0021700595,2018-01-08,NOP vs. DET,W,27,12,14,0.857,1,1,1.0,5,6,0.833,2,8,10,1,0,1,0,1,30,19,1,2017-18,Regular Season,203076,Anthony Davis
22017,203076,0021700624,2018-01-12,NOP vs. POR,W,41,16,23,0.696,0,1,0.0,4,4,1.0,5,4,9,2,0,2,2,3,36,-5,1,2017-18,Regular Season,203076,Anthony Davis
22017,203076,0021700635,2018-01-14,NOP @ NYK,W,50,17,30,0.567,2,6,0.333,12,15,0.8,6,11,17,0,4,3,4,2,48,0,1,2017-18,Regular Season,203076,Anthony Davis
22017,203076,0021700650,2018-01-16,NOP @ BOS,W,45,16,34,0.471,0,3,0.0,13,15,0.867,8,8,16,2,1,2,1,2,45,11,1,2017-18,Regular Season,203076,Anthony Davis
22017,203076,0021700654,2018-01-17,NOP @ ATL,L,38,2,8,0.25,0,0,0.0,4,6,0.667,1,6,7,3,1,2,0,2,8,-1,1,2017-18,Regular Season,203076,Anthony Davis
22017,203076,0021700677,2018-01-20,NOP vs. MEM,W,38,7,13,0.538,0,0,0.0,7,8,0.875,2,10,12,2,0,2,2,3,21,5,1,2017-18,Regular Season,203076,Anthony Davis
22017,203076,0021700692,2018-01-22,NOP vs. CHI,W,43,14,23,0.609,0,0,0.0,6,8,0.75,3,6,9,5,2,1,2,6,34,2,1,2017-18,Regular Season,203076,Anthony Davis
22017,203076,0021700701,2018-01-24,NOP @ CHA,W,37,7,16,0.438,0,0,0.0,5,5,1.0,1,5,6,4,3,2,1,3,19,4,1,2017-18,Regular Season,203076,Anthony Davis
22017,203076,0021700720,2018-01-26,NOP vs. HOU,W,37,10,22,0.455,0,1,0.0,7,8,0.875,1,10,11,5,0,5,1,2,27,-4,1,2017-18,Regular Season,203076,Anthony Davis
22017,203076,0021700733,2018-01-28,NOP vs. LAC,L,41,8,17,0.471,0,2,0.0,9,12,0.75,2,15,17,6,2,1,4,3,25,-21,1,2017-18,Regular Season,203076,Anthony Davis
22017,203076,0021700749,2018-01-30,NOP vs. SAC,L,36,6,16,0.375,2,3,0.667,9,10,0.9,0,13,13,5,1,6,4,1,23,-13,1,2017-18,Regular Season,203076,Anthony Davis
22017,203076,0021700772,2018-02-02,NOP @ OKC,W,38,17,34,0.5,3,6,0.5,6,8,0.75,0,10,10,0,3,1,5,4,43,12,1,2017-18,Regular Season,203076,Anthony Davis
22017,203076,0021700780,2018-02-03,NOP @ MIN,L,36,16,30,0.533,1,4,0.25,5,5,1.0,5,4,9,1,2,1,2,1,38,-4,1,2017-18,Regular Season,203076,Anthony Davis
22017,203076,0021700793,2018-02-05,NOP vs. UTA,L,35,6,16,0.375,0,2,0.0,3,4,0.75,2,9,11,3,1,3,5,2,15,-11,1,2017-18,Regular Season,203076,Anthony Davis
22017,203076,0021700818,2018-02-09,NOP @ PHI,L,28,6,19,0.316,0,3,0.0,2,3,0.667,0,8,8,0,1,0,0,2,14,-29,1,2017-18,Regular Season,203076,Anthony Davis
22017,203076,0021700826,2018-02-10,NOP @ BKN,W,50,16,35,0.457,3,5,0.6,9,14,0.643,4,13,17,2,6,3,3,2,44,9,1,2017-18,Regular Season,203076,Anthony Davis
22017,203076,0021700841,2018-02-12,NOP @ DET,W,37,14,24,0.583,3,6,0.5,7,7,1.0,1,9,10,1,1,2,2,1,38,18,1,2017-18,Regular Season,203076,Anthony Davis
22017,203076,0021700862,2018-02-14,NOP vs. LAL,W,33,15,18,0.833,2,2,1.0,10,11,0.909,3,12,15,3,3,2,1,2,42,22,1,2017-18,Regular Season,203076,Anthony Davis
22017,203076,0021700879,2018-02-23,NOP vs. MIA,W,41,17,34,0.5,1,6,0.167,10,11,0.909,4,13,17,2,5,5,2,2,45,-3,1,2017-18,Regular Season,203076,Anthony Davis
22017,203076,0021700893,2018-02-25,NOP @ MIL,W,43,12,26,0.462,0,3,0.0,3,4,0.75,5,8,13,1,2,2,3,4,27,6,1,2017-18,Regular Season,203076,Anthony Davis
22017,203076,0021700902,2018-02-26,NOP vs. PHX,W,39,16,29,0.552,0,1,0.0,21,26,0.808,8,10,18,3,1,5,1,3,53,9,1,2017-18,Regular Season,203076,Anthony Davis
22017,203076,0021700920,2018-02-28,NOP @ SAS,W,37,9,19,0.474,0,0,0.0,8,8,1.0,5,10,15,1,2,0,4,2,26,5,2,2017-18,Regular Season,203076,Anthony Davis
22017,203076,0021700946,2018-03-04,NOP @ DAL,W,37,9,19,0.474,0,1,0.0,5,5,1.0,1,12,13,1,3,3,1,3,23,21,1,2017-18,Regular Season,203076,Anthony Davis
22017,203076,0021700964,2018-03-06,NOP @ LAC,W,37,17,31,0.548,4,7,0.571,3,3,1.0,3,10,13,2,3,4,4,3,41,3,1,2017-18,Regular Season,203076,Anthony Davis
22017,203076,0021700969,2018-03-07,NOP @ SAC,W,23,7,11,0.636,2,3,0.667,1,1,1.0,1,4,5,1,2,5,3,2,17,8,1,2017-18,Regular Season,203076,Anthony Davis
22017,203076,0021700995,2018-03-11,NOP vs. UTA,L,40,9,22,0.409,1,4,0.25,6,6,1.0,2,9,11,3,3,10,2,1,25,-10,1,2017-18,Regular Season,203076,Anthony Davis
22017,203076,0021701011,2018-03-13,NOP vs. CHA,W,39,13,26,0.5,0,3,0.0,5,6,0.833,3,11,14,3,2,5,3,2,31,9,1,2017-18,Regular Season,203076,Anthony Davis
22017,203076,0021701025,2018-03-15,NOP @ SAS,L,36,8,19,0.421,0,2,0.0,5,5,1.0,5,9,14,2,0,2,6,6,21,1,2,2017-18,Regular Season,203076,Anthony Davis
22017,203076,0021701036,2018-03-17,NOP vs. HOU,L,36,11,18,0.611,0,2,0.0,4,4,1.0,1,12,13,1,0,1,2,2,26,-12,1,2017-18,Regular Season,203076,Anthony Davis
22017,203076,0021701047,2018-03-18,NOP vs. BOS,W,33,14,24,0.583,0,3,0.0,6,8,0.75,1,10,11,3,1,1,1,0,34,15,1,2017-18,Regular Season,203076,Anthony Davis
22017,203076,0021701061,2018-03-20,NOP vs. DAL,W,35,15,21,0.714,2,3,0.667,5,7,0.714,0,8,8,2,0,2,1,2,37,14,1,2017-18,Regular Season,203076,Anthony Davis
22017,203076,0021700809,2018-03-21,NOP vs. IND,W,35,9,14,0.643,1,1,1.0,9,9,1.0,2,11,13,1,1,5,3,2,28,9,1,2017-18,Regular Season,203076,Anthony Davis
22017,203076,0021701075,2018-03-22,NOP vs. LAL,W,37,12,20,0.6,0,2,0.0,9,10,0.9,0,9,9,1,3,2,0,3,33,14,1,2017-18,Regular Season,203076,Anthony Davis
22017,203076,0021701091,2018-03-24,NOP @ HOU,L,30,10,22,0.455,1,2,0.5,4,6,0.667,2,6,8,1,2,4,1,1,25,-11,1,2017-18,Regular Season,203076,Anthony Davis
22017,203076,0021701112,2018-03-27,NOP vs. POR,L,39,15,24,0.625,0,0,0.0,6,6,1.0,3,11,14,4,2,6,4,2,36,5,1,2017-18,Regular Season,203076,Anthony Davis
22017,203076,0021701131,2018-03-30,NOP @ CLE,L,37,6,19,0.316,0,2,0.0,4,4,1.0,1,7,8,3,1,2,1,2,16,-20,1,2017-18,Regular Season,203076,Anthony Davis
22017,203076,0021701150,2018-04-01,NOP vs. OKC,L,40,8,17,0.471,0,0,0.0,9,11,0.818,3,8,11,3,3,2,4,5,25,-10,1,2017-18,Regular Season,203076,Anthony Davis
22017,203076,0021701173,2018-04-04,NOP vs. MEM,W,31,8,13,0.615,1,1,1.0,11,13,0.846,4,8,12,2,2,3,2,2,28,38,1,2017-18,Regular Season,203076,Anthony Davis
22017,203076,0021701189,2018-04-06,NOP @ PHX,W,34,11,23,0.478,2,4,0.5,9,11,0.818,1,10,11,3,2,3,0,2,33,28,1,2017-18,Regular Season,203076,Anthony Davis
22017,203076,0021701195,2018-04-07,NOP @ GSW,W,40,13,24,0.542,0,1,0.0,8,10,0.8,3,9,12,4,2,4,2,2,34,2,1,2017-18,Regular Season,203076,Anthony Davis
22017,203076,0021701212,2018-04-09,NOP @ LAC,W,35,11,22,0.5,0,1,0.0,6,7,0.857,1,5,6,2,2,5,1,1,28,28,1,2017-18,Regular Season,203076,Anthony Davis
22017,203076,0021701226,2018-04-11,NOP vs. SAS,W,35,8,18,0.444,0,1,0.0,6,12,0.5,4,11,15,1,3,4,5,2,22,14,1,2017-18,Regular Season,203076,Anthony Davis
42017,203076,0041700161,2018-04-14,NOP @ POR,W,41,14,26,0.538,0,2,0.0,7,9,0.778,2,12,14,1,2,4,3,4,35,1,1,2017-18,Playoffs,203076,Anthony Davis
42017,203076,0041700162,2018-04-17,NOP @ POR,W,40,9,18,0.5,1,2,0.5,3,5,0.6,3,9,12,1,2,2,5,3,22,10,1,2017-18,Playoffs,203076,Anthony Davis
42017,203076,0041700163,2018-04-19,NOP vs. POR,W,36,11,18,0.611,0,2,0.0,6,7,0.857,2,9,11,2,3,2,0,3,28,17,1,2017-18,Playoffs,203076,Anthony Davis
42017,203076,0041700164,2018-04-21,NOP vs. POR,W,39,15,23,0.652,2,4,0.5,15,17,0.882,4,6,10,1,0,3,2,4,47,15,1,2017-18,Playoffs,203076,Anthony Davis
42017,203076,0041700231,2018-04-28,NOP @ GSW,L,34,9,20,0.45,0,1,0.0,3,4,0.75,2,8,10,0,3,2,1,2,21,-27,1,2017-18,Playoffs,203076,Anthony Davis
42017,203076,0041700232,2018-05-01,NOP @ GSW,L,43,12,24,0.5,1,3,0.333,0,0,0.0,4,11,15,5,2,3,2,4,25,2,1,2017-18,Playoffs,203076,Anthony Davis
42017,203076,0041700233,2018-05-04,NOP vs. GSW,W,41,15,27,0.556,1,3,0.333,2,3,0.667,3,15,18,3,4,0,1,4,33,24,1,2017-18,Playoffs,203076,Anthony Davis
42017,203076,0041700234,2018-05-06,NOP vs. GSW,L,40,8,22,0.364,0,3,0.0,10,10,1.0,2,10,12,1,1,2,6,4,26,-25,1,2017-18,Playoffs,203076,Anthony Davis
42017,203076,0041700235,2018-05-08,NOP @ GSW,L,46,13,26,0.5,1,2,0.5,7,9,0.778,2,17,19,1,1,3,3,2,34,-8,1,2017-18,Playoffs,203076,Anthony Davis
22017,202695,0021700402,2017-12-12,SAS @ DAL,L,16,6,12,0.5,1,4,0.25,0,0,0.0,1,5,6,1,1,1,0,0,13,8,1,2017-18,Regular Season,202695,Kawhi Leonard
22017,202695,0021700428,2017-12-15,SAS @ HOU,L,17,5,9,0.556,1,2,0.5,1,1,1.0,1,3,4,1,2,2,2,0,12,-9,1,2017-18,Regular Season,202695,Kawhi Leonard
22017,202695,0021700449,2017-12-18,SAS vs. LAC,W,16,3,7,0.429,1,3,0.333,0,0,0.0,1,3,4,1,0,0,2,1,7,-3,1,2017-18,Regular Season,202695,Kawhi Leonard
22017,202695,0021700470,2017-12-21,SAS @ UTA,L,20,4,8,0.5,1,3,0.333,1,2,0.5,0,5,5,2,2,1,1,1,10,2,2,2017-18,Regular Season,202695,Kawhi Leonard
22017,202695,0021700502,2017-12-26,SAS vs. BKN,W,26,8,17,0.471,2,5,0.4,3,4,0.75,0,2,2,2,0,0,0,0,21,18,1,2017-18,Regular Season,202695,Kawhi Leonard
22017,202695,0021700530,2017-12-30,SAS @ DET,L,28,4,11,0.364,1,3,0.333,9,9,1.0,0,2,2,3,1,1,4,3,18,-21,1,2017-18,Regular Season,202695,Kawhi Leonard
22017,202695,0021700550,2018-01-02,SAS @ NYK,W,31,8,20,0.4,3,8,0.375,6,7,0.857,2,6,8,4,4,0,3,3,25,4,1,2017-18,Regular Season,202695,Kawhi Leonard
22017,202695,0021700573,2018-01-05,SAS vs. PHX,W,29,9,19,0.474,1,6,0.167,2,4,0.5,1,2,3,3,4,3,1,0,21,5,1,2017-18,Regular Season,202695,Kawhi Leonard
22017,202695,0021700633,2018-01-13,SAS vs. DEN,W,28,5,8,0.625,0,1,0.0,9,11,0.818,0,8,8,4,4,1,3,1,19,13,1,2017-18,Regular Season,202695,Kawhi Leonard
22017,202710,0021700011,2017-10-18,MIN @ SAS,L,35,5,12,0.417,2,3,0.667,0,0,0.0,0,4,4,3,1,0,3,3,12,-19,1,2017-18,Regular Season,202710,Jimmy Butler III
22017,202710,0021700023,2017-10-20,MIN vs. UTA,W,39,5,14,0.357,0,2,0.0,3,3,1.0,0,7,7,3,5,0,4,1,13,-8,1,2017-18,Regular Season,202710,Jimmy Butler III
22017,202710,0021700039,2017-10-22,MIN @ OKC,W,39,7,17,0.412,1,4,0.25,0,0,0.0,0,6,6,6,0,0,1,2,15,10,1,2017-18,Regular Season,202710,Jimmy Butler III
22017,202710,0021700074,2017-10-27,MIN vs. OKC,W,38,7,10,0.7,0,0,0.0,11,13,0.846,2,3,5,7,0,0,1,1,25,11,1,2017-18,Regular Season,202710,Jimmy Butler III
22017,202710,0021700093,2017-10-30,MIN @ MIA,W,40,5,13,0.385,1,3,0.333,5,5,1.0,1,4,5,3,3,0,4,5,16,5,1,2017-18,Regular Season,202710,Jimmy Butler III
22017,202710,0021700113,2017-11-01,MIN @ NOP,W,33,8,18,0.444,0,3,0.0,7,10,0.7,0,4,4,2,3,0,2,0,23,-8,2,2017-18,Regular Season,202710,Jimmy Butler III
22017,202710,0021700134,2017-11-04,MIN vs. DAL,W,34,1,7,0.143,0,2,0.0,2,2,1.0,0,5,5,7,0,0,2,3,4,13,1,2017-18,Regular Season,202710,Jimmy Butler III
22017,202710,0021700143,2017-11-05,MIN vs. CHA,W,30,4,6,0.667,2,2,1.0,3,3,1.0,2,4,6,1,1,0,3,1,13,12,1,2017-18,Regular Season,202710,Jimmy Butler III
22017,202710,0021700163,2017-11-08,MIN @ GSW,L,31,5,12,0.417,1,2,0.5,0,0,0.0,0,3,3,5,2,0,1,1,11,-16,1,2017-18,Regular Season,202710,Jimmy Butler III
22017,202710,0021700186,2017-11-11,MIN @ PHX,L,40,5,17,0.294,1,3,0.333,14,16,0.875,4,2,6,5,1,1,3,2,25,-9,1,2017-18,Regular Season,202710,Jimmy Butler III
22017,202710,0021700197,2017-11-13,MIN @ UTA,W,39,6,12,0.5,0,2,0.0,9,10,0.9,2,2,4,10,2,1,2,0,21,11,2,2017-18,Regular Season,202710,Jimmy Butler III
22017,202710,0021700210,2017-11-15,MIN vs. SAS,W,33,2,13,0.154,0,1,0.0,2,2,1.0,1,4,5,5,3,1,1,0,6,6,1,2017-18,Regular Season,202710,Jimmy Butler III
22017,202710,0021700224,2017-11-17,MIN @ DAL,W,37,8,19,0.421,3,5,0.6,2,2,1.0,0,8,8,4,2,0,1,2,21,21,2,2017-18,Regular Season,202710,Jimmy Butler III
22017,202710,0021700238,2017-11-19,MIN vs. DET,L,42,10,15,0.667,2,5,0.4,4,6,0.667,1,9,10,4,5,0,5,1,26,8,1,2017-18,Regular Season,202710,Jimmy Butler III
22017,202710,0021700241,2017-11-20,MIN @ CHA,L,33,6,15,0.4,1,4,0.25,1,1,1.0,3,4,7,0,1,0,1,2,14,-11,1,2017-18,Regular Season,202710,Jimmy Butler III
22017,202710,0021700261,2017-11-22,MIN vs. ORL,W,36,10,19,0.526,3,4,0.75,3,5,0.6,1,2,3,3,2,0,1,1,26,15,2,2017-18,Regular Season,202710,Jimmy Butler III
22017,202710,0021700272,2017-11-24,MIN vs. MIA,L,35,7,17,0.412,1,1,1.0,3,6,0.5,2,4,6,4,0,0,2,0,18,-11,2,2017-18,Regular Season,202710,Jimmy Butler III
22017,202710,0021700288,2017-11-26,MIN vs. PHX,W,36,11,19,0.579,0,1,0.0,3,5,0.6,0,4,4,5,3,1,1,2,25,19,1,2017-18,Regular Season,202710,Jimmy Butler III
22017,202710,0021700300,2017-11-28,MIN vs. WAS,L,38,5,17,0.294,3,9,0.333,4,4,1.0,5,2,7,10,1,0,1,1,17,12,1,2017-18,Regular Season,202710,Jimmy Butler III
22017,202710,0021700309,2017-11-29,MIN @ NOP,W,33,8,12,0.667,1,2,0.5,2,2,1.0,0,4,4,3,1,0,2,0,19,16,1,2017-18,Regular Season,202710,Jimmy Butler III
22017,202710,0021700324,2017-12-01,MIN @ OKC,L,41,7,16,0.438,1,3,0.333,7,7,1.0,1,2,3,7,3,2,3,2,22,0,2,2017-18,Regular Season,202710,Jimmy Butler III
22017,202710,0021700336,2017-12-03,MIN vs. LAC,W,40,10,20,0.5,2,4,0.5,11,13,0.846,3,5,8,4,1,1,1,2,33,12,1,2017-18,Regular Season,202710,Jimmy Butler III
22017,202710,0021700345,2017-12-04,MIN @ MEM,L,40,11,21,0.524,2,7,0.286,6,7,0.857,1,1,2,5,4,0,2,2,30,3,1,2017-18,Regular Season,202710,Jimmy Butler III
22017,202710,0021700362,2017-12-06,MIN @ LAC,W,43,7,12,0.583,0,2,0.0,5,5,1.0,1,7,8,8,0,0,1,2,19,9,1,2017-18,Regular Season,202710,Jimmy Butler III
22017,202710,0021700388,2017-12-10,MIN vs. DAL,W,41,9,17,0.529,2,6,0.333,2,3,0.667,0,8,8,5,2,0,1,1,22,5,1,2017-18,Regular Season,202710,Jimmy Butler III
22017,202710,0021700401,2017-12-12,MIN vs. PHI,L,46,15,33,0.455,3,9,0.333,5,5,1.0,3,3,6,3,1,0,1,1,38,-6,1,2017-18,Regular Season,202710,Jimmy Butler III
22017,202710,0021700416,2017-12-14,MIN vs. SAC,W,36,7,10,0.7,0,0,0.0,7,7,1.0,1,6,7,9,2,2,0,0,21,13,1,2017-18,Regular Season,202710,Jimmy Butler III
22017,202710,0021700434,2017-12-16,MIN vs. PHX,L,37,5,18,0.278,0,3,0.0,0,0,0.0,1,5,6,2,3,0,1,1,10,7,1,2017-18,Regular Season,202710,Jimmy Butler III
22017,202710,0021700446,2017-12-18,MIN vs. POR,W,35,12,21,0.571,2,3,0.667,11,12,0.917,1,5,6,4,2,0,0,0,37,15,1,2017-18,Regular Season,202710,Jimmy Butler III
22017,202710,0021700462,2017-12-20,MIN @ DEN,W,35,8,15,0.533,1,4,0.25,8,8,1.0,1,1,2,4,2,0,3,1,25,-5,2,2017-18,Regular Season,202710,Jimmy Butler III
22017,202710,0021700490,2017-12-23,MIN @ PHX,W,38,10,19,0.526,0,3,0.0,12,13,0.923,2,4,6,3,0,1,1,2,32,2,1,2017-18,Regular Season,202710,Jimmy Butler III
22017,202710,0021700497,2017-12-25,MIN @ LAL,W,41,11,20,0.55,1,7,0.143,0,0,0.0,1,4,5,8,2,0,2,0,23,17,1,2017-18,Regular Season,202710,Jimmy Butler III
22017,202710,0021700510,2017-12-27,MIN vs. DEN,W,42,10,20,0.5,3,6,0.5,16,18,0.889,0,4,4,5,1,0,1,0,39,5,1,2017-18,Regular Season,202710,Jimmy Butler III
22017,202710,0021700518,2017-12-28,MIN @ MIL,L,43,6,16,0.375,1,6,0.167,7,7,1.0,2,3,5,7,2,0,4,2,20,-2,1,2017-18,Regular Season,202710,Jimmy Butler III
22017,202710,0021700538,2017-12-31,MIN @ IND,W,27,8,11,0.727,0,0,0.0,10,11,0.909,2,4,6,5,3,0,1,0,26,31,1,2017-18,Regular Season,202710,Jimmy Butler III
22017,202710,0021700548,2018-01-01,MIN vs. LAL,W,37,8,14,0.571,1,1,1.0,11,11,1.0,1,2,3,9,3,1,7,2,28,16,1,2017-18,Regular Season,202710,Jimmy Butler III
22017,202710,0021700557,2018-01-03,MIN @ BKN,L,39,7,17,0.412,0,2,0.0,16,18,0.889,2,1,3,4,2,1,2,1,30,2,1,2017-18,Regular Season,202710,Jimmy Butler III
22017,202710,0021700570,2018-01-05,MIN @ BOS,L,35,3,12,0.25,0,3,0.0,8,10,0.8,2,0,2,6,3,0,4,1,14,-2,1,2017-18,Regular Season,202710,Jimmy Butler III
22017,202710,0021700584,2018-01-06,MIN vs. NOP,W,32,7,15,0.467,2,2,1.0,5,6,0.833,5,2,7,8,1,0,2,0,21,25,1,2017-18,Regular Season,202710,Jimmy Butler III
22017,202710,0021700594,2018-01-08,MIN vs. CLE,W,27,7,13,0.538,4,6,0.667,3,4,0.75,2,6,8,9,3,0,2,1,21,39,1,2017-18,Regular Season,202710,Jimmy Butler III
22017,202710,0021700611,2018-01-10,MIN vs. OKC,W,36,7,13,0.538,1,2,0.5,11,12,0.917,1,6,7,8,4,2,4,0,26,13,1,2017-18,Regular Season,202710,Jimmy Butler III
22017,202710,0021700623,2018-01-12,MIN vs. NYK,W,34,6,12,0.5,1,3,0.333,0,1,0.0,1,3,4,2,3,1,2,1,13,0,1,2017-18,Regular Season,202710,Jimmy Butler III
22017,202710,0021700637,2018-01-14,MIN vs. POR,W,34,7,11,0.636,1,1,1.0,9,11,0.818,1,4,5,4,2,0,0,2,24,23,1,2017-18,Regular Season,202710,Jimmy Butler III
22017,202710,0021700649,2018-01-16,MIN @ ORL,L,39,11,22,0.5,2,5,0.4,4,4,1.0,4,3,7,4,5,2,0,3,28,-5,1,2017-18,Regular Season,202710,Jimmy Butler III
22017,202710,0021700665,2018-01-18,MIN @ HOU,L,42,8,15,0.533,0,1,0.0,7,8,0.875,1,3,4,2,2,1,1,1,23,-10,1,2017-18,Regular Season,202710,Jimmy Butler III
22017,202710,0021700729,2018-01-27,MIN vs. BKN,W,35,4,14,0.286,1,3,0.333,12,14,0.857,1,5,6,5,2,1,0,3,21,10,1,2017-18,Regular Season,202710,Jimmy Butler III
22017,202710,0021700739,2018-01-29,MIN @ ATL,L,36,7,15,0.467,1,3,0.333,9,9,1.0,2,5,7,3,1,1,4,2,24,1,1,2017-18,Regular Season,202710,Jimmy Butler III
22017,202710,0021700746,2018-01-30,MIN @ TOR,L,38,9,17,0.529,2,3,0.667,5,10,0.5,1,4,5,6,0,0,0,2,25,-2,1,2017-18,Regular Season,202710,Jimmy Butler III
22017,202710,0021700763,2018-02-01,MIN vs. MIL,W,40,8,15,0.533,2,5,0.4,10,11,0.909,0,4,4,6,1,0,3,1,28,18,1,2017-18,Regular Season,202710,Jimmy Butler III
22017,202710,0021700780,2018-02-03,MIN vs. NOP,W,37,11,21,0.524,2,4,0.5,6,9,0.667,1,7,8,7,2,0,2,1,30,12,1,2017-18,Regular Season,202710,Jimmy Butler III
22017,202710,0021700807,2018-02-07,MIN @ CLE,L,46,14,21,0.667,4,5,0.8,3,3,1.0,0,5,5,6,2,0,2,2,35,1,1,2017-18,Regular Season,202710,Jimmy Butler III
22017,202710,0021700822,2018-02-09,MIN @ CHI,L,41,11,26,0.423,3,9,0.333,13,15,0.867,1,6,7,5,4,0,1,1,38,6,1,2017-18,Regular Season,202710,Jimmy Butler III
22017,202710,0021700838,2018-02-11,MIN vs. SAC,W,39,5,9,0.556,1,1,1.0,7,9,0.778,1,4,5,3,2,0,3,1,18,11,1,2017-18,Regular Season,202710,Jimmy Butler III
22017,202710,0021700849,2018-02-13,MIN vs. HOU,L,36,5,13,0.385,0,3,0.0,5,5,1.0,0,7,7,6,0,0,0,1,15,-9,1,2017-18,Regular Season,202710,Jimmy Butler III
22017,202710,0021700866,2018-02-15,MIN vs. LAL,W,41,7,20,0.35,0,7,0.0,10,11,0.909,1,4,5,4,1,3,1,3,24,12,1,2017-18,Regular Season,202710,Jimmy Butler III
22017,202710,0021700877,2018-02-23,MIN @ HOU,L,25,4,14,0.286,1,4,0.25,1,1,1.0,3,2,5,3,1,0,0,1,10,-9,1,2017-18,Regular Season,202710,Jimmy Butler III
22017,202710,0021701190,2018-04-06,MIN @ LAL,W,23,7,10,0.7,0,1,0.0,4,8,0.5,0,2,2,1,4,0,1,1,18,10,1,2017-18,Regular Season,202710,Jimmy Butler III
22017,202710,0021701209,2018-04-09,MIN vs. MEM,W,23,3,8,0.375,0,1,0.0,9,11,0.818,2,0,2,3,3,0,1,0,15,21,1,2017-18,Regular Season,202710,Jimmy Butler III
22017,202710,0021701225,2018-04-11,MIN vs. DEN,W,42,10,21,0.476,1,4,0.25,10,13,0.769,2,3,5,5,1,1,3,3,31,-1,1,2017-18,Regular Season,202710,Jimmy Butler III
42017,202710,0041700141,2018-04-15,MIN @ HOU,L,36,4,11,0.364,2,5,0.4,3,3,1.0,1,4,5,3,2,0,0,4,13,5,1,2017-18,Playoffs,202710,Jimmy Butler III
42017,202710,0041700142,2018-04-18,MIN @ HOU,L,25,3,6,0.5,1,1,1.0,4,4,1.0,0,4,4,2,0,0,3,1,11,-17,1,2017-18,Playoffs,202710,Jimmy Butler III
42017,202710,0041700143,2018-04-21,MIN vs. HOU,W,41,10,19,0.526,4,6,0.667,4,6,0.667,0,7,7,5,1,0,1,2,28,19,1,2017-18,Playoffs,202710,Jimmy Butler III
42017,202710,0041700144,2018-04-23,MIN vs. HOU,L,38,7,17,0.412,1,4,0.25,4,5,0.8,2,7,9,5,0,0,1,2,19,-13,1,2017-18,Playoffs,202710,Jimmy Butler III
42017,202710,0041700145,2018-04-25,MIN @ HOU,L,30,4,10,0.4,0,1,0.0,0,0,0.0,0,5,5,5,1,1,0,0,8,-6,1,2017-18,Playoffs,202710,Jimmy Butler III
22017,1626164,0021700012,2017-10-18,PHX vs. POR,L,27,6,17,0.353,0,3,0.0,0,0,0.0,2,3,5,2,2,1,0,2,12,-29,1,2017-18,Regular Season,1626164,Devin Booker
22017,1626164,0021700026,2017-10-20,PHX vs. LAL,L,40,9,19,0.474,4,8,0.5,3,5,0.6,0,11,11,8,2,0,6,2,25,-10,2,2017-18,Regular Season,1626164,Devin Booker
22017,1626164,0021700037,2017-10-21,PHX @ LAC,L,32,5,14,0.357,0,4,0.0,3,4,0.75,1,3,4,2,0,0,2,1,13,-21,1,2017-18,Regular Season,1626164,Devin Booker
22017,1626164,0021700048,2017-10-23,PHX vs. SAC,W,29,8,16,0.5,2,7,0.286,4,4,1.0,0,4,4,5,1,0,2,3,22,8,1,2017-18,Regular Season,1626164,Devin Booker
22017,1626164,0021700062,2017-10-25,PHX vs. UTA,W,33,7,19,0.368,2,4,0.5,1,1,1.0,3,4,7,3,1,1,4,3,17,5,1,2017-18,Regular Season,1626164,Devin Booker
22017,1626164,0021700083,2017-10-28,PHX @ POR,L,34,11,19,0.579,4,7,0.571,8,9,0.889,0,6,6,6,0,0,4,3,34,5,1,2017-18,Regular Season,1626164,Devin Booker
22017,1626164,0021700102,2017-10-31,PHX @ BKN,W,35,11,22,0.5,5,8,0.625,5,5,1.0,0,7,7,4,0,0,4,3,32,3,2,2017-18,Regular Season,1626164,Devin Booker
22017,1626164,0021700108,2017-11-01,PHX @ WAS,W,34,7,15,0.467,3,7,0.429,5,5,1.0,0,1,1,5,1,0,0,2,22,-3,2,2017-18,Regular Season,1626164,Devin Booker
22017,1626164,0021700124,2017-11-03,PHX @ NYK,L,33,10,19,0.526,2,7,0.286,12,12,1.0,0,2,2,1,2,0,3,5,34,-2,1,2017-18,Regular Season,1626164,Devin Booker
22017,1626164,0021700141,2017-11-05,PHX @ SAS,L,26,3,11,0.273,1,5,0.2,2,2,1.0,0,3,3,2,0,0,4,1,9,-27,1,2017-18,Regular Season,1626164,Devin Booker
22017,1626164,0021700147,2017-11-06,PHX vs. BKN,L,35,6,15,0.4,1,4,0.25,5,5,1.0,1,1,2,1,2,0,4,6,18,3,1,2017-18,Regular Season,1626164,Devin Booker
22017,1626164,0021700162,2017-11-08,PHX vs. MIA,L,37,9,23,0.391,1,6,0.167,11,13,0.846,0,3,3,6,1,0,0,3,30,-10,1,2017-18,Regular Season,1626164,Devin Booker
22017,1626164,0021700174,2017-11-10,PHX vs. ORL,L,34,3,10,0.3,0,3,0.0,3,3,1.0,0,4,4,5,1,0,2,3,9,-7,1,2017-18,Regular Season,1626164,Devin Booker
22017,1626164,0021700186,2017-11-11,PHX vs. MIN,W,39,13,22,0.591,5,9,0.556,4,5,0.8,0,9,9,6,1,0,4,5,35,16,1,2017-18,Regular Season,1626164,Devin Booker
22017,1626164,0021700196,2017-11-13,PHX vs. LAL,L,38,14,27,0.519,4,9,0.444,4,6,0.667,1,2,3,3,0,0,3,4,36,10,2,2017-18,Regular Season,1626164,Devin Booker
22017,1626164,0021700216,2017-11-16,PHX vs. HOU,L,30,7,16,0.438,2,5,0.4,2,4,0.5,0,2,2,10,0,0,5,4,18,-23,1,2017-18,Regular Season,1626164,Devin Booker
22017,1626164,0021700227,2017-11-17,PHX @ LAL,W,33,13,27,0.481,6,14,0.429,1,3,0.333,0,3,3,4,0,0,4,4,33,6,1,2017-18,Regular Season,1626164,Devin Booker
22017,1626164,0021700239,2017-11-19,PHX vs. CHI,W,32,5,15,0.333,2,8,0.25,3,3,1.0,0,1,1,6,2,0,2,1,15,-3,1,2017-18,Regular Season,1626164,Devin Booker
22017,1626164,0021700264,2017-11-22,PHX vs. MIL,L,40,8,24,0.333,2,6,0.333,5,5,1.0,2,2,4,4,0,3,3,5,23,-9,2,2017-18,Regular Season,1626164,Devin Booker
22017,1626164,0021700275,2017-11-24,PHX vs. NOP,L,33,4,13,0.308,0,5,0.0,5,5,1.0,0,3,3,1,1,0,6,1,13,-17,2,2017-18,Regular Season,1626164,Devin Booker
22017,1626164,0021700299,2017-11-28,PHX @ CHI,W,33,10,23,0.435,5,9,0.556,8,10,0.8,0,8,8,4,1,1,3,0,33,-5,1,2017-18,Regular Season,1626164,Devin Booker
22017,1626164,0021700303,2017-11-29,PHX @ DET,L,27,7,8,0.875,2,3,0.667,6,6,1.0,0,4,4,0,1,0,7,3,22,-19,1,2017-18,Regular Season,1626164,Devin Booker
22017,1626164,0021700326,2017-12-02,PHX @ BOS,L,39,16,29,0.552,3,8,0.375,3,3,1.0,1,3,4,5,0,0,3,6,38,-2,1,2017-18,Regular Season,1626164,Devin Booker
22017,1626164,0021700341,2017-12-04,PHX @ PHI,W,39,17,32,0.531,5,8,0.625,7,8,0.875,3,5,8,1,2,1,3,1,46,10,1,2017-18,Regular Season,1626164,Devin Booker
22017,1626164,0021700350,2017-12-05,PHX @ TOR,L,39,4,15,0.267,1,5,0.2,10,12,0.833,0,5,5,8,2,1,1,4,19,2,1,2017-18,Regular Season,1626164,Devin Booker
22017,1626164,0021700504,2017-12-26,PHX vs. MEM,W,34,9,21,0.429,3,9,0.333,11,12,0.917,0,5,5,6,1,0,5,6,32,10,1,2017-18,Regular Season,1626164,Devin Booker
22017,1626164,0021700527,2017-12-29,PHX @ SAC,W,32,9,25,0.36,3,9,0.333,5,7,0.714,0,3,3,3,1,0,1,4,26,5,1,2017-18,Regular Season,1626164,Devin Booker
22017,1626164,0021700544,2017-12-31,PHX vs. PHI,L,39,8,22,0.364,5,10,0.5,11,12,0.917,0,5,5,6,0,0,6,4,32,-1,1,2017-18,Regular Season,1626164,Devin Booker
22017,1626164,0021700551,2018-01-02,PHX vs. ATL,W,42,9,17,0.529,2,3,0.667,14,15,0.933,0,5,5,7,3,0,8,1,34,10,1,2017-18,Regular Season,1626164,Devin Booker
22017,1626164,0021700563,2018-01-03,PHX @ DEN,L,30,4,13,0.308,2,7,0.286,7,8,0.875,0,2,2,5,0,0,2,3,17,-20,1,2017-18,Regular Season,1626164,Devin Booker
22017,1626164,0021700573,2018-01-05,PHX @ SAS,L,35,8,17,0.471,3,6,0.5,2,2,1.0,0,5,5,4,1,0,6,4,21,-16,1,2017-18,Regular Season,1626164,Devin Booker
22017,1626164,0021700588,2018-01-07,PHX vs. OKC,W,31,6,17,0.353,5,10,0.5,9,12,0.75,0,2,2,4,0,0,4,4,26,-1,1,2017-18,Regular Season,1626164,Devin Booker
22017,1626164,0021700626,2018-01-12,PHX vs. HOU,L,37,9,18,0.5,3,8,0.375,6,6,1.0,0,6,6,9,2,0,9,2,27,-18,1,2017-18,Regular Season,1626164,Devin Booker
22017,1626164,0021700636,2018-01-14,PHX vs. IND,L,33,5,16,0.313,1,6,0.167,4,4,1.0,0,5,5,7,0,0,2,4,15,-18,1,2017-18,Regular Season,1626164,Devin Booker
22017,1626164,0021700652,2018-01-16,PHX @ POR,L,41,14,29,0.483,5,12,0.417,10,10,1.0,0,6,6,8,2,1,4,1,43,-6,2,2017-18,Regular Season,1626164,Devin Booker
22017,1626164,0021700671,2018-01-19,PHX @ DEN,W,35,11,23,0.478,4,11,0.364,4,4,1.0,0,5,5,5,1,1,3,2,30,7,1,2017-18,Regular Season,1626164,Devin Booker
22017,1626164,0021700691,2018-01-22,PHX @ MIL,L,36,2,14,0.143,1,6,0.167,9,9,1.0,0,4,4,8,3,0,5,4,14,-7,1,2017-18,Regular Season,1626164,Devin Booker
22017,1626164,0021700703,2018-01-24,PHX @ IND,L,26,5,16,0.313,0,4,0.0,9,9,1.0,2,4,6,4,0,0,3,1,19,-33,1,2017-18,Regular Season,1626164,Devin Booker
22017,1626164,0021700723,2018-01-26,PHX vs. NYK,L,25,4,12,0.333,2,3,0.667,2,2,1.0,1,3,4,3,1,0,3,2,12,-24,1,2017-18,Regular Season,1626164,Devin Booker
22017,1626164,0021700732,2018-01-28,PHX @ HOU,L,41,12,23,0.522,5,9,0.556,2,2,1.0,0,3,3,10,0,0,3,3,31,-11,1,2017-18,Regular Season,1626164,Devin Booker
22017,1626164,0021700760,2018-01-31,PHX vs. DAL,W,32,5,14,0.357,2,7,0.286,3,3,1.0,0,2,2,4,2,0,5,4,15,7,1,2017-18,Regular Season,1626164,Devin Booker
22017,1626164,0021700773,2018-02-02,PHX vs. UTA,L,32,7,24,0.292,0,7,0.0,4,4,1.0,2,2,4,6,0,1,3,4,18,-30,1,2017-18,Regular Season,1626164,Devin Booker
22017,1626164,0021700789,2018-02-04,PHX vs. CHA,L,31,7,14,0.5,4,5,0.8,0,0,0.0,0,5,5,9,0,0,3,3,18,1,1,2017-18,Regular Season,1626164,Devin Booker
22017,1626164,0021700863,2018-02-14,PHX @ UTA,L,36,8,20,0.4,6,14,0.429,6,9,0.667,0,5,5,3,0,0,2,2,28,-10,1,2017-18,Regular Season,1626164,Devin Booker
22017,1626164,0021700881,2018-02-23,PHX vs. LAC,L,37,7,20,0.35,2,9,0.222,11,13,0.846,1,0,1,4,0,0,4,3,27,-3,1,2017-18,Regular Season,1626164,Devin Booker
22017,1626164,0021700889,2018-02-24,PHX vs. POR,L,39,11,28,0.393,5,10,0.5,3,3,1.0,2,7,9,3,0,2,4,5,30,-11,1,2017-18,Regular Season,1626164,Devin Booker
22017,1626164,0021700902,2018-02-26,PHX @ NOP,L,41,14,28,0.5,3,10,0.3,9,11,0.818,0,10,10,7,1,0,3,4,40,-3,1,2017-18,Regular Season,1626164,Devin Booker
22017,1626164,0021700918,2018-02-28,PHX @ MEM,W,39,12,29,0.414,1,6,0.167,9,10,0.9,2,4,6,1,3,0,2,4,34,10,2,2017-18,Regular Season,1626164,Devin Booker
22017,1626164,0021700933,2018-03-02,PHX vs. OKC,L,39,16,28,0.571,6,10,0.6,1,1,1.0,1,5,6,8,0,1,5,2,39,1,1,2017-18,Regular Season,1626164,Devin Booker
22017,1626164,0021700943,2018-03-04,PHX @ ATL,L,34,8,18,0.444,3,6,0.5,1,3,0.333,0,1,1,3,1,0,5,3,20,0,1,2017-18,Regular Season,1626164,Devin Booker
22017,1626164,0021700952,2018-03-05,PHX @ MIA,L,33,12,22,0.545,4,9,0.444,3,6,0.5,0,2,2,5,0,0,3,4,31,-17,1,2017-18,Regular Season,1626164,Devin Booker
22017,1626164,0021700975,2018-03-08,PHX @ OKC,L,35,10,22,0.455,4,9,0.444,6,6,1.0,0,6,6,1,1,0,3,4,30,-19,1,2017-18,Regular Season,1626164,Devin Booker
22017,1626164,0021701014,2018-03-13,PHX vs. CLE,L,34,7,16,0.438,0,3,0.0,3,3,1.0,1,2,3,6,1,0,5,3,17,-27,1,2017-18,Regular Season,1626164,Devin Booker
22017,1626164,0021701027,2018-03-15,PHX @ UTA,L,34,3,18,0.167,1,4,0.25,5,5,1.0,0,5,5,2,0,0,4,3,12,-15,1,2017-18,Regular Season,1626164,Devin Booker
22017,1628368,0021700013,2017-10-18,SAC vs. HOU,L,24,7,15,0.467,0,2,0.0,0,0,0.0,2,2,4,5,0,0,3,2,14,-7,1,2017-18,Regular Season,1628368,De'Aaron Fox
22017,1628368,0021700024,2017-10-20,SAC @ DAL,W,26,4,13,0.308,1,1,1.0,0,0,0.0,1,5,6,10,1,0,2,3,9,-7,2,2017-18,Regular Season,1628368,De'Aaron Fox
22017,1628368,0021700035,2017-10-21,SAC @ DEN,L,29,8,13,0.615,1,1,1.0,1,1,1.0,2,3,5,1,0,0,2,4,18,-6,1,2017-18,Regular Season,1628368,De'Aaron Fox
22017,1628368,0021700048,2017-10-23,SAC @ PHX,L,30,7,16,0.438,0,1,0.0,5,6,0.833,0,5,5,4,3,0,1,3,19,16,1,2017-18,Regular Season,1628368,De'Aaron Fox
22017,1628368,0021700069,2017-10-26,SAC vs. NOP,L,25,4,13,0.308,1,1,1.0,5,5,1.0,0,2,2,5,0,0,0,3,14,-9,1,2017-18,Regular Season,1628368,De'Aaron Fox
22017,1628368,0021700089,2017-10-29,SAC vs. WAS,L,26,1,8,0.125,0,1,0.0,0,0,0.0,0,4,4,5,0,0,4,0,2,-21,1,2017-18,Regular Season,1628368,De'Aaron Fox
22017,1628368,0021700101,2017-10-31,SAC @ IND,L,28,9,18,0.5,0,2,0.0,0,1,0.0,2,2,4,5,1,0,1,1,18,0,2,2017-18,Regular Season,1628368,De'Aaron Fox
22017,1628368,0021700109,2017-11-01,SAC @ BOS,L,28,2,8,0.25,0,0,0.0,2,3,0.667,0,3,3,6,1,0,2,2,6,-13,2,2017-18,Regular Season,1628368,De'Aaron Fox
22017,1628368,0021700132,2017-11-04,SAC @ DET,L,27,5,10,0.5,0,2,0.0,4,6,0.667,0,0,0,4,0,0,3,4,14,-11,1,2017-18,Regular Season,1628368,De'Aaron Fox
22017,1628368,0021700158,2017-11-07,SAC vs. OKC,W,24,5,10,0.5,0,2,0.0,0,0,0.0,0,2,2,8,0,1,5,2,10,4,1,2017-18,Regular Season,1628368,De'Aaron Fox
22017,1628368,0021700167,2017-11-09,SAC vs. PHI,W,30,4,13,0.308,0,3,0.0,3,7,0.429,1,3,4,7,0,0,1,1,11,3,1,2017-18,Regular Season,1628368,De'Aaron Fox
22017,1628368,0021700179,2017-11-11,SAC @ NYK,L,25,2,7,0.286,0,1,0.0,4,5,0.8,0,1,1,2,1,0,0,2,8,-10,1,2017-18,Regular Season,1628368,De'Aaron Fox
22017,1628368,0021700192,2017-11-13,SAC @ WAS,L,26,3,10,0.3,1,4,0.25,3,4,0.75,0,3,3,5,0,0,2,2,10,-9,2,2017-18,Regular Season,1628368,De'Aaron Fox
22017,1628368,0021700204,2017-11-15,SAC @ ATL,L,19,1,4,0.25,0,0,0.0,0,0,0.0,0,1,1,2,2,0,2,1,2,-29,1,2017-18,Regular Season,1628368,De'Aaron Fox
22017,1628368,0021700225,2017-11-17,SAC vs. POR,W,27,4,8,0.5,0,0,0.0,1,2,0.5,1,1,2,4,2,1,4,2,9,-8,1,2017-18,Regular Season,1628368,De'Aaron Fox
22017,1628368,0021700234,2017-11-18,SAC @ POR,L,28,5,9,0.556,1,1,1.0,0,0,0.0,0,2,2,2,2,0,1,3,11,-9,1,2017-18,Regular Season,1628368,De'Aaron Fox
22017,1628368,0021700251,2017-11-20,SAC vs. DEN,L,32,4,9,0.444,1,1,1.0,3,3,1.0,0,3,3,5,1,0,3,5,12,-9,1,2017-18,Regular Season,1628368,De'Aaron Fox
22017,1628368,0021700266,2017-11-22,SAC vs. LAL,W,23,5,11,0.455,2,2,1.0,1,2,0.5,1,3,4,3,1,0,5,2,13,-8,2,2017-18,Regular Season,1628368,De'Aaron Fox
22017,1628368,0021700286,2017-11-25,SAC vs. LAC,L,29,2,9,0.222,0,1,0.0,0,0,0.0,0,4,4,3,2,0,1,1,4,4,1,2017-18,Regular Season,1628368,De'Aaron Fox
22017,1628368,0021700296,2017-11-27,SAC @ GSW,W,23,3,7,0.429,0,0,0.0,0,0,0.0,0,4,4,4,2,0,2,3,6,-3,1,2017-18,Regular Season,1628368,De'Aaron Fox
22017,1628368,0021700302,2017-11-28,SAC vs. MIL,L,24,2,10,0.2,0,3,0.0,0,0,0.0,0,1,1,2,0,0,2,3,4,-24,1,2017-18,Regular Season,1628368,De'Aaron Fox
22017,1628368,0021700322,2017-12-01,SAC @ CHI,W,28,4,7,0.571,0,1,0.0,0,0,0.0,1,4,5,2,0,4,2,3,8,8,1,2017-18,Regular Season,1628368,De'Aaron Fox
22017,1628368,0021700331,2017-12-02,SAC @ MIL,L,21,5,10,0.5,1,2,0.5,3,4,0.75,2,4,6,3,1,0,2,3,14,-16,1,2017-18,Regular Season,1628368,De'Aaron Fox
22017,1628368,0021700353,2017-12-06,SAC @ CLE,L,29,3,6,0.5,0,1,0.0,0,1,0.0,0,1,1,2,0,1,4,1,6,-3,1,2017-18,Regular Season,1628368,De'Aaron Fox
22017,1628368,0021700373,2017-12-08,SAC @ NOP,W,36,5,14,0.357,1,3,0.333,3,4,0.75,0,1,1,4,2,0,1,1,14,5,1,2017-18,Regular Season,1628368,De'Aaron Fox
22017,1628368,0021700385,2017-12-10,SAC vs. TOR,L,23,3,8,0.375,0,0,0.0,0,2,0.0,0,1,1,2,2,0,7,4,6,-11,1,2017-18,Regular Season,1628368,De'Aaron Fox
22017,1628368,0021700403,2017-12-12,SAC vs. PHX,W,21,3,5,0.6,1,1,1.0,0,0,0.0,0,2,2,0,1,0,0,1,7,-2,1,2017-18,Regular Season,1628368,De'Aaron Fox
22017,1628368,0021700416,2017-12-14,SAC @ MIN,L,7,0,1,0.0,0,1,0.0,2,2,1.0,0,0,0,2,0,0,2,0,2,-4,1,2017-18,Regular Season,1628368,De'Aaron Fox
22017,1628368,0021700451,2017-12-19,SAC @ PHI,W,11,1,4,0.25,0,0,0.0,0,2,0.0,0,1,1,1,0,0,1,2,2,-4,1,2017-18,Regular Season,1628368,De'Aaron Fox
22017,1628368,0021700552,2018-01-02,SAC vs. CHA,L,33,5,12,0.417,1,4,0.25,6,8,0.75,1,2,3,4,1,0,3,2,17,-19,1,2017-18,Regular Season,1628368,De'Aaron Fox
22017,1628368,0021700585,2018-01-06,SAC vs. DEN,W,35,6,11,0.545,0,0,0.0,6,8,0.75,1,2,3,7,1,0,4,5,18,19,1,2017-18,Regular Season,1628368,De'Aaron Fox
22017,1628368,0021700596,2018-01-08,SAC vs. SAS,L,30,5,9,0.556,1,3,0.333,0,0,0.0,1,3,4,10,0,0,4,0,11,-13,1,2017-18,Regular Season,1628368,De'Aaron Fox
22017,1628368,0021700602,2018-01-09,SAC @ LAL,L,32,6,16,0.375,3,5,0.6,0,1,0.0,0,1,1,3,4,1,3,1,15,-26,1,2017-18,Regular Season,1628368,De'Aaron Fox
22017,1628368,0021700616,2018-01-11,SAC vs. LAC,L,29,3,10,0.3,0,3,0.0,2,2,1.0,0,0,0,6,3,0,2,3,8,-17,1,2017-18,Regular Season,1628368,De'Aaron Fox
22017,1628368,0021700628,2018-01-13,SAC @ LAC,L,35,6,17,0.353,1,4,0.25,4,5,0.8,0,1,1,10,2,0,4,3,17,-15,1,2017-18,Regular Season,1628368,De'Aaron Fox
22017,1628368,0021700643,2018-01-15,SAC @ OKC,L,27,4,9,0.444,1,3,0.333,3,4,0.75,0,3,3,5,0,0,2,4,12,4,1,2017-18,Regular Season,1628368,De'Aaron Fox
22017,1628368,0021700661,2018-01-17,SAC vs. UTA,L,36,1,6,0.167,0,1,0.0,4,4,1.0,0,1,1,4,1,1,3,6,6,-8,1,2017-18,Regular Season,1628368,De'Aaron Fox
22017,1628368,0021700670,2018-01-19,SAC @ MEM,L,32,5,12,0.417,1,3,0.333,5,5,1.0,0,2,2,6,0,1,4,4,16,-15,1,2017-18,Regular Season,1628368,De'Aaron Fox
22017,1628368,0021700687,2018-01-22,SAC @ CHA,L,31,6,13,0.462,1,3,0.333,3,5,0.6,0,3,3,7,1,0,1,3,16,1,1,2017-18,Regular Season,1628368,De'Aaron Fox
22017,1628368,0021700696,2018-01-23,SAC @ ORL,W,11,3,6,0.5,1,1,1.0,0,0,0.0,1,0,1,0,0,0,0,1,7,-1,1,2017-18,Regular Season,1628368,De'Aaron Fox
22017,1628368,0021700710,2018-01-25,SAC @ MIA,W,30,6,15,0.4,0,1,0.0,2,3,0.667,1,2,3,4,1,0,2,4,14,16,1,2017-18,Regular Season,1628368,De'Aaron Fox
22017,1628368,0021700737,2018-01-28,SAC @ SAS,L,33,8,15,0.533,6,6,1.0,4,4,1.0,0,0,0,3,0,1,0,2,26,-8,1,2017-18,Regular Season,1628368,De'Aaron Fox
22017,1628368,0021700749,2018-01-30,SAC @ NOP,W,27,6,14,0.429,1,3,0.333,2,2,1.0,3,3,6,4,1,0,3,2,15,9,1,2017-18,Regular Season,1628368,De'Aaron Fox
22017,1628368,0021700774,2018-02-02,SAC vs. GSW,L,31,6,17,0.353,0,2,0.0,4,5,0.8,0,2,2,6,1,1,2,2,16,-6,1,2017-18,Regular Season,1628368,De'Aaron Fox
22017,1628368,0021700783,2018-02-03,SAC vs. DAL,L,35,7,13,0.538,0,3,0.0,1,2,0.5,0,1,1,4,3,0,2,3,15,6,1,2017-18,Regular Season,1628368,De'Aaron Fox
22017,1628368,0021700795,2018-02-05,SAC vs. CHI,W,17,2,7,0.286,0,1,0.0,1,2,0.5,1,1,2,2,0,0,2,1,5,-6,1,2017-18,Regular Season,1628368,De'Aaron Fox
22017,1628368,0021700825,2018-02-09,SAC vs. POR,L,34,3,9,0.333,0,2,0.0,7,9,0.778,2,5,7,9,0,0,4,2,13,-21,1,2017-18,Regular Season,1628368,De'Aaron Fox
22017,1628368,0021700838,2018-02-11,SAC @ MIN,L,35,8,16,0.5,1,3,0.333,6,8,0.75,0,2,2,2,3,0,5,1,23,-3,1,2017-18,Regular Season,1628368,De'Aaron Fox
22017,1628368,0021700851,2018-02-13,SAC @ DAL,W,31,5,12,0.417,1,3,0.333,0,0,0.0,0,4,4,7,1,0,3,0,11,-5,1,2017-18,Regular Season,1628368,De'Aaron Fox
22017,1628368,0021700860,2018-02-14,SAC @ HOU,L,26,3,10,0.3,1,3,0.333,2,2,1.0,0,2,2,3,1,0,3,3,9,-17,1,2017-18,Regular Season,1628368,De'Aaron Fox
22017,1628368,0021700891,2018-02-24,SAC vs. LAL,L,30,5,13,0.385,1,3,0.333,2,3,0.667,0,1,1,6,1,0,0,1,13,-13,1,2017-18,Regular Season,1628368,De'Aaron Fox
22017,1628368,0021700906,2018-02-26,SAC vs. MIN,L,27,5,9,0.556,3,4,0.75,0,0,0.0,0,2,2,5,0,0,2,2,13,-13,1,2017-18,Regular Season,1628368,De'Aaron Fox
22017,1628368,0021700911,2018-02-27,SAC @ POR,L,33,5,15,0.333,1,4,0.25,2,2,1.0,0,3,3,8,3,0,3,0,13,-9,1,2017-18,Regular Season,1628368,De'Aaron Fox
22017,1628368,0021700924,2018-03-01,SAC vs. BKN,W,36,10,17,0.588,1,2,0.5,0,0,0.0,0,2,2,1,2,3,5,2,21,5,1,2017-18,Regular Season,1628368,De'Aaron Fox
22017,1628368,0021700942,2018-03-03,SAC vs. UTA,L,28,7,14,0.5,0,2,0.0,3,3,1.0,0,4,4,3,2,0,3,4,17,-3,1,2017-18,Regular Season,1628368,De'Aaron Fox
22017,1628368,0021700949,2018-03-04,SAC vs. NYK,W,29,4,12,0.333,2,4,0.5,0,0,0.0,1,2,3,2,1,0,3,2,10,7,1,2017-18,Regular Season,1628368,De'Aaron Fox
22017,1628368,0021700969,2018-03-07,SAC vs. NOP,L,5,1,3,0.333,0,0,0.0,0,0,0.0,0,0,0,1,0,0,0,0,2,1,1,2017-18,Regular Season,1628368,De'Aaron Fox
22017,1628368,0021700996,2018-03-11,SAC @ DEN,L,30,4,9,0.444,0,2,0.0,4,6,0.667,0,3,3,9,0,0,0,2,12,-22,1,2017-18,Regular Season,1628368,De'Aaron Fox
22017,1628368,0021701003,2018-03-12,SAC @ OKC,L,34,4,12,0.333,1,3,0.333,2,3,0.667,0,1,1,10,1,1,2,3,11,-3,1,2017-18,Regular Season,1628368,De'Aaron Fox
22017,1628368,0021701018,2018-03-14,SAC vs. MIA,W,35,9,14,0.643,0,1,0.0,2,5,0.4,1,1,2,3,0,0,1,2,20,0,1,2017-18,Regular Season,1628368,De'Aaron Fox
22017,1628368,0021701033,2018-03-16,SAC @ GSW,W,25,3,8,0.375,0,1,0.0,0,0,0.0,0,1,1,2,0,0,3,1,6,-7,1,2017-18,Regular Season,1628368,De'Aaron Fox
22017,1628368,0021701043,2018-03-17,SAC @ UTA,L,27,4,13,0.308,0,1,0.0,3,4,0.75,1,3,4,2,4,0,4,2,11,-18,1,2017-18,Regular Season,1628368,De'Aaron Fox
22017,1628368,0021701057,2018-03-19,SAC vs. DET,L,31,8,11,0.727,0,0,0.0,0,3,0.0,0,3,3,4,0,0,3,3,16,-14,1,2017-18,Regular Season,1628368,De'Aaron Fox
22017,1628368,0021701077,2018-03-22,SAC vs. ATL,W,20,1,11,0.091,0,2,0.0,2,2,1.0,0,5,5,4,1,0,2,3,4,-5,1,2017-18,Regular Season,1628368,De'Aaron Fox
22017,1628368,0021701099,2018-03-25,SAC vs. BOS,L,26,5,10,0.5,1,3,0.333,0,0,0.0,0,0,0,1,0,0,3,2,11,-9,1,2017-18,Regular Season,1628368,De'Aaron Fox
22017,1628368,0021701113,2018-03-27,SAC vs. DAL,L,25,2,10,0.2,0,3,0.0,1,1,1.0,0,3,3,6,0,1,1,4,5,-4,1,2017-18,Regular Season,1628368,De'Aaron Fox
22017,1628368,0021701127,2018-03-29,SAC vs. IND,L,28,4,8,0.5,0,3,0.0,0,0,0.0,0,2,2,5,1,0,2,2,8,-3,1,2017-18,Regular Season,1628368,De'Aaron Fox
22017,1628368,0021701142,2018-03-31,SAC vs. GSW,L,27,6,11,0.545,0,2,0.0,3,3,1.0,0,3,3,8,1,2,1,3,15,-9,1,2017-18,Regular Season,1628368,De'Aaron Fox
22017,1628368,0021701155,2018-04-01,SAC @ LAL,W,31,6,18,0.333,0,3,0.0,2,3,0.667,0,3,3,6,1,0,1,1,14,13,1,2017-18,Regular Season,1628368,De'Aaron Fox
22017,1628368,0021701167,2018-04-03,SAC @ PHX,L,39,3,14,0.214,2,4,0.5,6,6,1.0,2,7,9,5,1,1,1,2,14,6,1,2017-18,Regular Season,1628368,De'Aaron Fox
22017,1628368,0021701188,2018-04-06,SAC @ MEM,W,33,5,13,0.385,0,2,0.0,3,5,0.6,0,6,6,4,2,0,3,3,13,-2,2,2017-18,Regular Season,1628368,De'Aaron Fox
22017,1628368,0021701210,2018-04-09,SAC @ SAS,L,38,7,17,0.412,3,5,0.6,4,5,0.8,3,1,4,7,0,0,5,1,21,-9,2,2017-18,Regular Season,1628368,De'Aaron Fox
22017,1628368,0021701230,2018-04-11,SAC vs. HOU,W,27,5,10,0.5,1,4,0.25,0,2,0.0,1,7,8,4,0,0,4,2,11,6,1,2017-18,Regular Season,1628368,De'Aaron Fox
22017,1628374,0021700014,2017-10-19,CHI @ TOR,L,33,5,12,0.417,2,6,0.333,5,6,0.833,2,6,8,0,0,1,3,2,17,-2,1,2017-18,Regular Season,1628374,Lauri Markkanen
22017,1628374,0021700031,2017-10-21,CHI vs. SAS,L,37,5,14,0.357,3,8,0.375,0,1,0.0,0,12,12,0,1,0,3,3,13,-5,1,2017-18,Regular Season,1628374,Lauri Markkanen
22017,1628374,0021700049,2017-10-24,CHI @ CLE,L,32,7,12,0.583,5,8,0.625,0,0,0.0,2,6,8,0,0,1,2,1,19,0,2,2017-18,Regular Season,1628374,Lauri Markkanen
22017,1628374,0021700065,2017-10-26,CHI vs. ATL,W,31,5,13,0.385,2,8,0.25,2,3,0.667,1,11,12,1,0,0,2,2,14,4,1,2017-18,Regular Season,1628374,Lauri Markkanen
22017,1628374,0021700079,2017-10-28,CHI vs. OKC,L,28,3,7,0.429,3,6,0.5,6,6,1.0,3,5,8,1,0,1,0,1,15,-17,1,2017-18,Regular Season,1628374,Lauri Markkanen
22017,1628374,0021700110,2017-11-01,CHI @ MIA,L,34,9,18,0.5,2,7,0.286,5,7,0.714,1,7,8,1,2,0,0,0,25,7,2,2017-18,Regular Season,1628374,Lauri Markkanen
22017,1628374,0021700120,2017-11-03,CHI @ ORL,W,29,5,10,0.5,3,4,0.75,0,0,0.0,2,7,9,3,0,0,2,1,13,12,1,2017-18,Regular Season,1628374,Lauri Markkanen
22017,1628374,0021700133,2017-11-04,CHI vs. NOP,L,40,5,16,0.313,2,11,0.182,2,2,1.0,1,6,7,4,0,1,1,2,14,-3,1,2017-18,Regular Season,1628374,Lauri Markkanen
22017,1628374,0021700153,2017-11-07,CHI @ TOR,L,29,3,6,0.5,2,5,0.4,4,4,1.0,0,2,2,1,0,1,1,2,12,-7,1,2017-18,Regular Season,1628374,Lauri Markkanen
22017,1628374,0021700171,2017-11-10,CHI vs. IND,L,28,5,14,0.357,2,9,0.222,0,0,0.0,0,10,10,3,2,1,0,0,12,-15,1,2017-18,Regular Season,1628374,Lauri Markkanen
22017,1628374,0021700183,2017-11-11,CHI @ SAS,L,15,3,5,0.6,0,2,0.0,0,0,0.0,0,2,2,2,0,1,2,1,6,-8,1,2017-18,Regular Season,1628374,Lauri Markkanen
22017,1628374,0021700212,2017-11-15,CHI @ OKC,L,32,6,13,0.462,3,6,0.5,1,1,1.0,0,6,6,2,2,1,0,4,16,-8,1,2017-18,Regular Season,1628374,Lauri Markkanen
22017,1628374,0021700222,2017-11-17,CHI vs. CHA,W,31,5,11,0.455,3,8,0.375,3,4,0.75,0,7,7,3,2,0,1,1,16,8,2,2017-18,Regular Season,1628374,Lauri Markkanen
22017,1628374,0021700239,2017-11-19,CHI @ PHX,L,34,10,19,0.526,4,10,0.4,2,3,0.667,2,11,13,2,0,0,3,3,26,-2,1,2017-18,Regular Season,1628374,Lauri Markkanen
22017,1628374,0021700252,2017-11-21,CHI @ LAL,L,31,4,17,0.235,2,9,0.222,3,4,0.75,4,10,14,1,0,1,4,1,13,-10,1,2017-18,Regular Season,1628374,Lauri Markkanen
22017,1628374,0021700265,2017-11-22,CHI @ UTA,L,24,1,9,0.111,0,4,0.0,1,2,0.5,2,5,7,0,0,0,1,2,3,-14,2,2017-18,Regular Season,1628374,Lauri Markkanen
22017,1628374,0021700276,2017-11-24,CHI @ GSW,L,27,4,16,0.25,3,8,0.375,3,3,1.0,1,5,6,0,1,1,1,1,14,-37,1,2017-18,Regular Season,1628374,Lauri Markkanen
22017,1628374,0021700287,2017-11-26,CHI vs. MIA,L,32,4,10,0.4,3,7,0.429,0,0,0.0,0,10,10,1,0,1,0,1,11,2,1,2017-18,Regular Season,1628374,Lauri Markkanen
22017,1628374,0021700299,2017-11-28,CHI vs. PHX,L,34,4,15,0.267,3,11,0.273,1,2,0.5,0,6,6,4,0,0,0,2,12,1,1,2017-18,Regular Season,1628374,Lauri Markkanen
22017,1628374,0021700315,2017-11-30,CHI @ DEN,L,32,7,17,0.412,1,3,0.333,5,5,1.0,1,8,9,0,0,1,1,3,20,0,1,2017-18,Regular Season,1628374,Lauri Markkanen
22017,1628374,0021700322,2017-12-01,CHI vs. SAC,L,28,5,13,0.385,2,6,0.333,2,2,1.0,0,5,5,0,1,0,1,4,14,-11,1,2017-18,Regular Season,1628374,Lauri Markkanen
22017,1628374,0021700344,2017-12-04,CHI vs. CLE,L,32,5,13,0.385,1,5,0.2,2,2,1.0,1,6,7,1,2,1,2,2,13,-17,1,2017-18,Regular Season,1628374,Lauri Markkanen
22017,1628374,0021700354,2017-12-06,CHI @ IND,L,31,5,15,0.333,1,6,0.167,0,0,0.0,2,4,6,2,0,0,3,2,11,-15,1,2017-18,Regular Season,1628374,Lauri Markkanen
22017,1628374,0021700367,2017-12-08,CHI @ CHA,W,34,8,15,0.533,3,5,0.6,5,5,1.0,2,10,12,0,0,0,1,1,24,3,1,2017-18,Regular Season,1628374,Lauri Markkanen
22017,1628374,0021700380,2017-12-09,CHI vs. NYK,W,30,7,14,0.5,1,5,0.2,0,0,0.0,0,8,8,0,0,2,1,1,15,3,1,2017-18,Regular Season,1628374,Lauri Markkanen
22017,1628374,0021700444,2017-12-18,CHI vs. PHI,W,26,4,11,0.364,2,6,0.333,0,0,0.0,0,6,6,4,1,0,1,0,10,4,1,2017-18,Regular Season,1628374,Lauri Markkanen
22017,1628374,0021700458,2017-12-20,CHI vs. ORL,W,20,3,10,0.3,0,4,0.0,3,3,1.0,1,4,5,0,0,1,0,2,9,17,1,2017-18,Regular Season,1628374,Lauri Markkanen
22017,1628374,0021700466,2017-12-21,CHI @ CLE,L,30,11,17,0.647,1,4,0.25,2,2,1.0,1,1,2,2,1,0,1,2,25,-4,1,2017-18,Regular Season,1628374,Lauri Markkanen
22017,1628374,0021700485,2017-12-23,CHI @ BOS,L,26,4,10,0.4,2,3,0.667,2,2,1.0,2,3,5,1,0,0,1,1,12,-31,1,2017-18,Regular Season,1628374,Lauri Markkanen
22017,1628374,0021700501,2017-12-26,CHI @ MIL,W,20,1,7,0.143,1,3,0.333,0,2,0.0,2,5,7,1,0,0,0,0,3,-2,1,2017-18,Regular Season,1628374,Lauri Markkanen
22017,1628374,0021700509,2017-12-27,CHI vs. NYK,W,28,5,15,0.333,2,8,0.25,0,1,0.0,0,2,2,1,1,1,1,1,12,15,1,2017-18,Regular Season,1628374,Lauri Markkanen
22017,1628374,0021700524,2017-12-29,CHI vs. IND,W,28,11,17,0.647,5,9,0.556,5,5,1.0,1,6,7,1,0,0,1,1,32,-1,1,2017-18,Regular Season,1628374,Lauri Markkanen
22017,1628374,0021700537,2017-12-31,CHI @ WAS,L,29,4,12,0.333,2,7,0.286,1,1,1.0,2,7,9,0,0,0,2,2,11,-5,1,2017-18,Regular Season,1628374,Lauri Markkanen
22017,1628374,0021700547,2018-01-01,CHI vs. POR,L,34,7,12,0.583,4,6,0.667,1,2,0.5,0,8,8,1,0,1,0,2,19,-14,1,2017-18,Regular Season,1628374,Lauri Markkanen
22017,1628374,0021700560,2018-01-03,CHI vs. TOR,L,32,9,17,0.529,2,8,0.25,2,2,1.0,2,10,12,1,1,0,2,3,22,-2,1,2017-18,Regular Season,1628374,Lauri Markkanen
22017,1628374,0021700572,2018-01-05,CHI @ DAL,W,32,6,9,0.667,3,5,0.6,1,1,1.0,1,8,9,1,1,1,1,0,16,3,1,2017-18,Regular Season,1628374,Lauri Markkanen
22017,1628374,0021700581,2018-01-06,CHI @ IND,L,25,4,9,0.444,3,6,0.5,2,2,1.0,3,2,5,2,0,0,2,2,13,-24,1,2017-18,Regular Season,1628374,Lauri Markkanen
22017,1628374,0021700593,2018-01-08,CHI vs. HOU,L,34,6,10,0.6,3,5,0.6,1,1,1.0,0,8,8,2,0,1,2,3,16,-8,1,2017-18,Regular Season,1628374,Lauri Markkanen
22017,1628374,0021700607,2018-01-10,CHI @ NYK,W,46,10,22,0.455,8,15,0.533,5,5,1.0,1,9,10,1,2,1,1,1,33,0,1,2017-18,Regular Season,1628374,Lauri Markkanen
22017,1628374,0021700632,2018-01-13,CHI vs. DET,W,27,7,15,0.467,4,7,0.571,1,1,1.0,1,3,4,1,3,1,1,0,19,8,1,2017-18,Regular Season,1628374,Lauri Markkanen
22017,1628374,0021700644,2018-01-15,CHI vs. MIA,W,30,6,13,0.462,3,6,0.5,2,2,1.0,1,8,9,3,1,0,0,2,17,21,1,2017-18,Regular Season,1628374,Lauri Markkanen
22017,1628374,0021700657,2018-01-17,CHI vs. GSW,L,29,4,12,0.333,2,7,0.286,1,1,1.0,1,7,8,2,0,1,0,3,11,-33,1,2017-18,Regular Season,1628374,Lauri Markkanen
22017,1628374,0021700675,2018-01-20,CHI @ ATL,W,30,8,16,0.5,0,4,0.0,3,4,0.75,0,4,4,1,0,0,0,0,19,5,1,2017-18,Regular Season,1628374,Lauri Markkanen
22017,1628374,0021700692,2018-01-22,CHI @ NOP,L,40,5,12,0.417,0,4,0.0,4,5,0.8,0,17,17,2,1,2,2,4,14,-4,1,2017-18,Regular Season,1628374,Lauri Markkanen
22017,1628374,0021700704,2018-01-24,CHI @ PHI,L,23,5,13,0.385,1,5,0.2,1,1,1.0,1,2,3,2,0,0,0,1,12,-34,1,2017-18,Regular Season,1628374,Lauri Markkanen
22017,1628374,0021700717,2018-01-26,CHI vs. LAL,L,31,3,10,0.3,3,6,0.5,2,2,1.0,2,9,11,0,0,3,2,2,11,-15,1,2017-18,Regular Season,1628374,Lauri Markkanen
22017,1628374,0021700731,2018-01-28,CHI vs. MIL,L,33,6,10,0.6,2,4,0.5,3,3,1.0,1,9,10,2,0,0,3,2,17,-6,1,2017-18,Regular Season,1628374,Lauri Markkanen
22017,1628374,0021700822,2018-02-09,CHI vs. MIN,W,36,5,7,0.714,2,3,0.667,0,0,0.0,1,4,5,1,0,0,1,1,12,14,1,2017-18,Regular Season,1628374,Lauri Markkanen
22017,1628374,0021700829,2018-02-10,CHI vs. WAS,L,33,5,19,0.263,1,8,0.125,1,1,1.0,2,8,10,0,2,0,2,2,12,-13,1,2017-18,Regular Season,1628374,Lauri Markkanen
22017,1628374,0021700844,2018-02-12,CHI vs. ORL,W,31,9,19,0.474,0,6,0.0,3,3,1.0,3,5,8,0,0,1,2,1,21,-1,1,2017-18,Regular Season,1628374,Lauri Markkanen
22017,1628374,0021700859,2018-02-14,CHI vs. TOR,L,25,5,10,0.5,1,3,0.333,3,3,1.0,1,5,6,1,0,2,0,1,14,-17,1,2017-18,Regular Season,1628374,Lauri Markkanen
22017,1628374,0021700870,2018-02-22,CHI vs. PHI,L,33,1,8,0.125,0,5,0.0,1,2,0.5,4,4,8,0,0,1,1,1,3,-11,1,2017-18,Regular Season,1628374,Lauri Markkanen
22017,1628374,0021700888,2018-02-24,CHI @ MIN,L,32,1,8,0.125,0,2,0.0,1,2,0.5,0,7,7,0,1,2,2,1,3,-11,1,2017-18,Regular Season,1628374,Lauri Markkanen
22017,1628374,0021700899,2018-02-26,CHI @ BKN,L,30,8,18,0.444,1,3,0.333,2,2,1.0,1,5,6,0,0,0,1,1,19,-23,1,2017-18,Regular Season,1628374,Lauri Markkanen
22017,1628374,0021700907,2018-02-27,CHI @ CHA,L,32,5,11,0.455,1,4,0.25,0,0,0.0,1,6,7,1,2,0,2,1,11,-19,1,2017-18,Regular Season,1628374,Lauri Markkanen
22017,1628374,0021700930,2018-03-02,CHI vs. DAL,W,34,7,15,0.467,3,5,0.6,0,0,0.0,4,8,12,1,0,0,0,2,17,12,1,2017-18,Regular Season,1628374,Lauri Markkanen
22017,1628374,0021700953,2018-03-05,CHI vs. BOS,L,30,5,10,0.5,2,5,0.4,0,0,0.0,0,4,4,1,1,1,0,1,12,-28,1,2017-18,Regular Season,1628374,Lauri Markkanen
22017,1628374,0021700967,2018-03-07,CHI vs. MEM,W,35,8,14,0.571,2,6,0.333,4,4,1.0,1,5,6,0,1,0,1,1,22,18,1,2017-18,Regular Season,1628374,Lauri Markkanen
22017,1628374,0021700977,2018-03-09,CHI @ DET,L,27,3,12,0.25,0,3,0.0,0,0,0.0,2,6,8,2,0,0,0,0,6,-17,1,2017-18,Regular Season,1628374,Lauri Markkanen
22017,1628374,0021700993,2018-03-11,CHI @ ATL,W,29,6,13,0.462,1,5,0.2,6,6,1.0,2,6,8,0,1,1,1,2,19,-15,1,2017-18,Regular Season,1628374,Lauri Markkanen
22017,1628374,0021701083,2018-03-23,CHI vs. MIL,L,22,3,7,0.429,1,2,0.5,2,2,1.0,1,5,6,0,0,0,0,3,9,-3,1,2017-18,Regular Season,1628374,Lauri Markkanen
22017,1628374,0021701111,2018-03-27,CHI @ HOU,L,28,8,15,0.533,2,6,0.333,4,5,0.8,0,4,4,2,0,1,5,2,22,-41,1,2017-18,Regular Season,1628374,Lauri Markkanen
22017,1628374,0021701129,2018-03-30,CHI @ ORL,W,24,4,10,0.4,1,5,0.2,4,5,0.8,0,8,8,1,2,1,2,1,13,6,1,2017-18,Regular Season,1628374,Lauri Markkanen
22017,1628374,0021701144,2018-04-01,CHI vs. WAS,W,25,7,11,0.636,5,8,0.625,4,7,0.571,0,6,6,0,0,0,1,0,23,2,1,2017-18,Regular Season,1628374,Lauri Markkanen
22017,1628374,0021701160,2018-04-03,CHI vs. CHA,W,24,8,14,0.571,5,6,0.833,3,3,1.0,1,6,7,1,0,1,0,2,24,4,1,2017-18,Regular Season,1628374,Lauri Markkanen
22017,1628374,0021701185,2018-04-06,CHI @ BOS,L,23,7,11,0.636,3,5,0.6,3,4,0.75,1,4,5,2,0,0,3,2,20,-1,1,2017-18,Regular Season,1628374,Lauri Markkanen
22017,1628374,0021701205,2018-04-09,CHI @ BKN,L,26,3,14,0.214,2,5,0.4,2,4,0.5,2,4,6,2,2,1,1,0,10,-5,1,2017-18,Regular Season,1628374,Lauri Markkanen
22017,1628374,0021701224,2018-04-11,CHI vs. DET,L,22,7,13,0.538,3,7,0.429,3,3,1.0,2,6,8,1,2,0,0,1,20,0,1,2017-18,Regular Season,1628374,Lauri Markkanen
